# log10(theta) log10(p/GeV) cross-section[pb/bin] 
-7.475 -1.975 0.0000e+00
-7.475 -1.925 0.0000e+00
-7.475 -1.875 0.0000e+00
-7.475 -1.825 0.0000e+00
-7.475 -1.775 0.0000e+00
-7.475 -1.725 0.0000e+00
-7.475 -1.675 0.0000e+00
-7.475 -1.625 0.0000e+00
-7.475 -1.575 0.0000e+00
-7.475 -1.525 0.0000e+00
-7.475 -1.475 0.0000e+00
-7.475 -1.425 0.0000e+00
-7.475 -1.375 0.0000e+00
-7.475 -1.325 0.0000e+00
-7.475 -1.275 0.0000e+00
-7.475 -1.225 0.0000e+00
-7.475 -1.175 0.0000e+00
-7.475 -1.125 0.0000e+00
-7.475 -1.075 0.0000e+00
-7.475 -1.025 0.0000e+00
-7.475 -0.975 0.0000e+00
-7.475 -0.925 0.0000e+00
-7.475 -0.875 0.0000e+00
-7.475 -0.825 0.0000e+00
-7.475 -0.775 0.0000e+00
-7.475 -0.725 0.0000e+00
-7.475 -0.675 0.0000e+00
-7.475 -0.625 0.0000e+00
-7.475 -0.575 0.0000e+00
-7.475 -0.525 0.0000e+00
-7.475 -0.475 0.0000e+00
-7.475 -0.425 0.0000e+00
-7.475 -0.375 0.0000e+00
-7.475 -0.325 0.0000e+00
-7.475 -0.275 0.0000e+00
-7.475 -0.225 0.0000e+00
-7.475 -0.175 0.0000e+00
-7.475 -0.125 0.0000e+00
-7.475 -0.075 0.0000e+00
-7.475 -0.025 0.0000e+00
-7.475 0.025 0.0000e+00
-7.475 0.075 0.0000e+00
-7.475 0.125 0.0000e+00
-7.475 0.175 0.0000e+00
-7.475 0.225 0.0000e+00
-7.475 0.275 0.0000e+00
-7.475 0.325 0.0000e+00
-7.475 0.375 0.0000e+00
-7.475 0.425 0.0000e+00
-7.475 0.475 0.0000e+00
-7.475 0.525 0.0000e+00
-7.475 0.575 0.0000e+00
-7.475 0.625 0.0000e+00
-7.475 0.675 0.0000e+00
-7.475 0.725 0.0000e+00
-7.475 0.775 0.0000e+00
-7.475 0.825 0.0000e+00
-7.475 0.875 0.0000e+00
-7.475 0.925 0.0000e+00
-7.475 0.975 0.0000e+00
-7.475 1.025 0.0000e+00
-7.475 1.075 0.0000e+00
-7.475 1.125 0.0000e+00
-7.475 1.175 0.0000e+00
-7.475 1.225 0.0000e+00
-7.475 1.275 0.0000e+00
-7.475 1.325 0.0000e+00
-7.475 1.375 0.0000e+00
-7.475 1.425 0.0000e+00
-7.475 1.475 0.0000e+00
-7.475 1.525 1.7503e-28
-7.475 1.575 3.5007e-28
-7.475 1.625 7.0036e-28
-7.475 1.675 1.4016e-27
-7.475 1.725 2.8060e-27
-7.475 1.775 5.6200e-27
-7.475 1.825 1.1261e-26
-7.475 1.875 2.2577e-26
-7.475 1.925 4.5289e-26
-7.475 1.975 9.0910e-26
-7.475 2.025 1.8262e-25
-7.475 2.075 3.6717e-25
-7.475 2.125 7.3891e-25
-7.475 2.175 1.4886e-24
-7.475 2.225 3.0025e-24
-7.475 2.275 6.0643e-24
-7.475 2.325 1.2267e-23
-7.475 2.375 2.4858e-23
-7.475 2.425 5.0469e-23
-7.475 2.475 1.0270e-22
-7.475 2.525 2.0950e-22
-7.475 2.575 4.2858e-22
-7.475 2.625 8.7962e-22
-7.475 2.675 1.8120e-21
-7.475 2.725 3.7485e-21
-7.475 2.775 7.7916e-21
-7.475 2.825 1.6285e-20
-7.475 2.875 3.4253e-20
-7.475 2.925 7.2572e-20
-7.475 2.975 1.5506e-19
-7.475 3.025 3.3456e-19
-7.475 3.075 7.3016e-19
-7.475 3.125 1.6151e-18
-7.475 3.175 3.6296e-18
-7.475 3.225 8.3130e-18
-7.475 3.275 1.9480e-17
-7.475 3.325 4.6938e-17
-7.475 3.375 1.1709e-16
-7.475 3.425 3.0518e-16
-7.475 3.475 8.4209e-16
-7.475 3.525 2.5093e-15
-7.475 3.575 8.3374e-15
-7.475 3.625 3.2680e-14
-7.475 3.675 1.6901e-13
-7.475 3.725 1.4887e-12
-7.475 3.775 4.3858e-11
-7.475 3.825 3.8379e-08
-7.475 3.875 0.0000e+00
-7.475 3.925 0.0000e+00
-7.475 3.975 0.0000e+00
-7.425 -1.975 0.0000e+00
-7.425 -1.925 0.0000e+00
-7.425 -1.875 0.0000e+00
-7.425 -1.825 0.0000e+00
-7.425 -1.775 0.0000e+00
-7.425 -1.725 0.0000e+00
-7.425 -1.675 0.0000e+00
-7.425 -1.625 0.0000e+00
-7.425 -1.575 0.0000e+00
-7.425 -1.525 0.0000e+00
-7.425 -1.475 0.0000e+00
-7.425 -1.425 0.0000e+00
-7.425 -1.375 0.0000e+00
-7.425 -1.325 0.0000e+00
-7.425 -1.275 0.0000e+00
-7.425 -1.225 0.0000e+00
-7.425 -1.175 0.0000e+00
-7.425 -1.125 0.0000e+00
-7.425 -1.075 0.0000e+00
-7.425 -1.025 0.0000e+00
-7.425 -0.975 0.0000e+00
-7.425 -0.925 0.0000e+00
-7.425 -0.875 0.0000e+00
-7.425 -0.825 0.0000e+00
-7.425 -0.775 0.0000e+00
-7.425 -0.725 0.0000e+00
-7.425 -0.675 0.0000e+00
-7.425 -0.625 0.0000e+00
-7.425 -0.575 0.0000e+00
-7.425 -0.525 0.0000e+00
-7.425 -0.475 0.0000e+00
-7.425 -0.425 0.0000e+00
-7.425 -0.375 0.0000e+00
-7.425 -0.325 0.0000e+00
-7.425 -0.275 0.0000e+00
-7.425 -0.225 0.0000e+00
-7.425 -0.175 0.0000e+00
-7.425 -0.125 0.0000e+00
-7.425 -0.075 0.0000e+00
-7.425 -0.025 0.0000e+00
-7.425 0.025 0.0000e+00
-7.425 0.075 0.0000e+00
-7.425 0.125 0.0000e+00
-7.425 0.175 0.0000e+00
-7.425 0.225 0.0000e+00
-7.425 0.275 0.0000e+00
-7.425 0.325 0.0000e+00
-7.425 0.375 0.0000e+00
-7.425 0.425 0.0000e+00
-7.425 0.475 0.0000e+00
-7.425 0.525 0.0000e+00
-7.425 0.575 0.0000e+00
-7.425 0.625 0.0000e+00
-7.425 0.675 0.0000e+00
-7.425 0.725 0.0000e+00
-7.425 0.775 0.0000e+00
-7.425 0.825 0.0000e+00
-7.425 0.875 0.0000e+00
-7.425 0.925 0.0000e+00
-7.425 0.975 0.0000e+00
-7.425 1.025 0.0000e+00
-7.425 1.075 0.0000e+00
-7.425 1.125 0.0000e+00
-7.425 1.175 0.0000e+00
-7.425 1.225 0.0000e+00
-7.425 1.275 0.0000e+00
-7.425 1.325 0.0000e+00
-7.425 1.375 0.0000e+00
-7.425 1.425 0.0000e+00
-7.425 1.475 0.0000e+00
-7.425 1.525 2.2035e-28
-7.425 1.575 4.4071e-28
-7.425 1.625 8.8170e-28
-7.425 1.675 1.7645e-27
-7.425 1.725 3.5326e-27
-7.425 1.775 7.0751e-27
-7.425 1.825 1.4177e-26
-7.425 1.875 2.8422e-26
-7.425 1.925 5.7015e-26
-7.425 1.975 1.1445e-25
-7.425 2.025 2.2991e-25
-7.425 2.075 4.6224e-25
-7.425 2.125 9.3023e-25
-7.425 2.175 1.8740e-24
-7.425 2.225 3.7799e-24
-7.425 2.275 7.6345e-24
-7.425 2.325 1.5443e-23
-7.425 2.375 3.1294e-23
-7.425 2.425 6.3537e-23
-7.425 2.475 1.2929e-22
-7.425 2.525 2.6374e-22
-7.425 2.575 5.3955e-22
-7.425 2.625 1.1074e-21
-7.425 2.675 2.2812e-21
-7.425 2.725 4.7190e-21
-7.425 2.775 9.8091e-21
-7.425 2.825 2.0502e-20
-7.425 2.875 4.3122e-20
-7.425 2.925 9.1363e-20
-7.425 2.975 1.9521e-19
-7.425 3.025 4.2119e-19
-7.425 3.075 9.1922e-19
-7.425 3.125 2.0332e-18
-7.425 3.175 4.5694e-18
-7.425 3.225 1.0465e-17
-7.425 3.275 2.4523e-17
-7.425 3.325 5.9092e-17
-7.425 3.375 1.4741e-16
-7.425 3.425 3.8419e-16
-7.425 3.475 1.0601e-15
-7.425 3.525 3.1591e-15
-7.425 3.575 1.0496e-14
-7.425 3.625 4.1142e-14
-7.425 3.675 2.1278e-13
-7.425 3.725 1.8742e-12
-7.425 3.775 5.5214e-11
-7.425 3.825 4.8317e-08
-7.425 3.875 0.0000e+00
-7.425 3.925 0.0000e+00
-7.425 3.975 0.0000e+00
-7.375 -1.975 0.0000e+00
-7.375 -1.925 0.0000e+00
-7.375 -1.875 0.0000e+00
-7.375 -1.825 0.0000e+00
-7.375 -1.775 0.0000e+00
-7.375 -1.725 0.0000e+00
-7.375 -1.675 0.0000e+00
-7.375 -1.625 0.0000e+00
-7.375 -1.575 0.0000e+00
-7.375 -1.525 0.0000e+00
-7.375 -1.475 0.0000e+00
-7.375 -1.425 0.0000e+00
-7.375 -1.375 0.0000e+00
-7.375 -1.325 0.0000e+00
-7.375 -1.275 0.0000e+00
-7.375 -1.225 0.0000e+00
-7.375 -1.175 0.0000e+00
-7.375 -1.125 0.0000e+00
-7.375 -1.075 0.0000e+00
-7.375 -1.025 0.0000e+00
-7.375 -0.975 0.0000e+00
-7.375 -0.925 0.0000e+00
-7.375 -0.875 0.0000e+00
-7.375 -0.825 0.0000e+00
-7.375 -0.775 0.0000e+00
-7.375 -0.725 0.0000e+00
-7.375 -0.675 0.0000e+00
-7.375 -0.625 0.0000e+00
-7.375 -0.575 0.0000e+00
-7.375 -0.525 0.0000e+00
-7.375 -0.475 0.0000e+00
-7.375 -0.425 0.0000e+00
-7.375 -0.375 0.0000e+00
-7.375 -0.325 0.0000e+00
-7.375 -0.275 0.0000e+00
-7.375 -0.225 0.0000e+00
-7.375 -0.175 0.0000e+00
-7.375 -0.125 0.0000e+00
-7.375 -0.075 0.0000e+00
-7.375 -0.025 0.0000e+00
-7.375 0.025 0.0000e+00
-7.375 0.075 0.0000e+00
-7.375 0.125 0.0000e+00
-7.375 0.175 0.0000e+00
-7.375 0.225 0.0000e+00
-7.375 0.275 0.0000e+00
-7.375 0.325 0.0000e+00
-7.375 0.375 0.0000e+00
-7.375 0.425 0.0000e+00
-7.375 0.475 0.0000e+00
-7.375 0.525 0.0000e+00
-7.375 0.575 0.0000e+00
-7.375 0.625 0.0000e+00
-7.375 0.675 0.0000e+00
-7.375 0.725 0.0000e+00
-7.375 0.775 0.0000e+00
-7.375 0.825 0.0000e+00
-7.375 0.875 0.0000e+00
-7.375 0.925 0.0000e+00
-7.375 0.975 0.0000e+00
-7.375 1.025 0.0000e+00
-7.375 1.075 0.0000e+00
-7.375 1.125 0.0000e+00
-7.375 1.175 0.0000e+00
-7.375 1.225 0.0000e+00
-7.375 1.275 0.0000e+00
-7.375 1.325 0.0000e+00
-7.375 1.375 0.0000e+00
-7.375 1.425 0.0000e+00
-7.375 1.475 0.0000e+00
-7.375 1.525 2.7741e-28
-7.375 1.575 5.5483e-28
-7.375 1.625 1.1100e-27
-7.375 1.675 2.2214e-27
-7.375 1.725 4.4472e-27
-7.375 1.775 8.9071e-27
-7.375 1.825 1.7848e-26
-7.375 1.875 3.5782e-26
-7.375 1.925 7.1778e-26
-7.375 1.975 1.4408e-25
-7.375 2.025 2.8944e-25
-7.375 2.075 5.8192e-25
-7.375 2.125 1.1711e-24
-7.375 2.175 2.3593e-24
-7.375 2.225 4.7586e-24
-7.375 2.275 9.6113e-24
-7.375 2.325 1.9442e-23
-7.375 2.375 3.9397e-23
-7.375 2.425 7.9988e-23
-7.375 2.475 1.6276e-22
-7.375 2.525 3.3203e-22
-7.375 2.575 6.7925e-22
-7.375 2.625 1.3941e-21
-7.375 2.675 2.8719e-21
-7.375 2.725 5.9409e-21
-7.375 2.775 1.2349e-20
-7.375 2.825 2.5810e-20
-7.375 2.875 5.4288e-20
-7.375 2.925 1.1502e-19
-7.375 2.975 2.4575e-19
-7.375 3.025 5.3025e-19
-7.375 3.075 1.1572e-18
-7.375 3.125 2.5597e-18
-7.375 3.175 5.7525e-18
-7.375 3.225 1.3175e-17
-7.375 3.275 3.0873e-17
-7.375 3.325 7.4392e-17
-7.375 3.375 1.8557e-16
-7.375 3.425 4.8367e-16
-7.375 3.475 1.3346e-15
-7.375 3.525 3.9770e-15
-7.375 3.575 1.3214e-14
-7.375 3.625 5.1795e-14
-7.375 3.675 2.6787e-13
-7.375 3.725 2.3595e-12
-7.375 3.775 6.9510e-11
-7.375 3.825 6.0827e-08
-7.375 3.875 0.0000e+00
-7.375 3.925 0.0000e+00
-7.375 3.975 0.0000e+00
-7.325 -1.975 0.0000e+00
-7.325 -1.925 0.0000e+00
-7.325 -1.875 0.0000e+00
-7.325 -1.825 0.0000e+00
-7.325 -1.775 0.0000e+00
-7.325 -1.725 0.0000e+00
-7.325 -1.675 0.0000e+00
-7.325 -1.625 0.0000e+00
-7.325 -1.575 0.0000e+00
-7.325 -1.525 0.0000e+00
-7.325 -1.475 0.0000e+00
-7.325 -1.425 0.0000e+00
-7.325 -1.375 0.0000e+00
-7.325 -1.325 0.0000e+00
-7.325 -1.275 0.0000e+00
-7.325 -1.225 0.0000e+00
-7.325 -1.175 0.0000e+00
-7.325 -1.125 0.0000e+00
-7.325 -1.075 0.0000e+00
-7.325 -1.025 0.0000e+00
-7.325 -0.975 0.0000e+00
-7.325 -0.925 0.0000e+00
-7.325 -0.875 0.0000e+00
-7.325 -0.825 0.0000e+00
-7.325 -0.775 0.0000e+00
-7.325 -0.725 0.0000e+00
-7.325 -0.675 0.0000e+00
-7.325 -0.625 0.0000e+00
-7.325 -0.575 0.0000e+00
-7.325 -0.525 0.0000e+00
-7.325 -0.475 0.0000e+00
-7.325 -0.425 0.0000e+00
-7.325 -0.375 0.0000e+00
-7.325 -0.325 0.0000e+00
-7.325 -0.275 0.0000e+00
-7.325 -0.225 0.0000e+00
-7.325 -0.175 0.0000e+00
-7.325 -0.125 0.0000e+00
-7.325 -0.075 0.0000e+00
-7.325 -0.025 0.0000e+00
-7.325 0.025 0.0000e+00
-7.325 0.075 0.0000e+00
-7.325 0.125 0.0000e+00
-7.325 0.175 0.0000e+00
-7.325 0.225 0.0000e+00
-7.325 0.275 0.0000e+00
-7.325 0.325 0.0000e+00
-7.325 0.375 0.0000e+00
-7.325 0.425 0.0000e+00
-7.325 0.475 0.0000e+00
-7.325 0.525 0.0000e+00
-7.325 0.575 0.0000e+00
-7.325 0.625 0.0000e+00
-7.325 0.675 0.0000e+00
-7.325 0.725 0.0000e+00
-7.325 0.775 0.0000e+00
-7.325 0.825 0.0000e+00
-7.325 0.875 0.0000e+00
-7.325 0.925 0.0000e+00
-7.325 0.975 0.0000e+00
-7.325 1.025 0.0000e+00
-7.325 1.075 0.0000e+00
-7.325 1.125 0.0000e+00
-7.325 1.175 0.0000e+00
-7.325 1.225 0.0000e+00
-7.325 1.275 0.0000e+00
-7.325 1.325 0.0000e+00
-7.325 1.375 0.0000e+00
-7.325 1.425 0.0000e+00
-7.325 1.475 0.0000e+00
-7.325 1.525 3.4924e-28
-7.325 1.575 6.9849e-28
-7.325 1.625 1.3974e-27
-7.325 1.675 2.7966e-27
-7.325 1.725 5.5987e-27
-7.325 1.775 1.1213e-26
-7.325 1.825 2.2469e-26
-7.325 1.875 4.5046e-26
-7.325 1.925 9.0363e-26
-7.325 1.975 1.8139e-25
-7.325 2.025 3.6438e-25
-7.325 2.075 7.3260e-25
-7.325 2.125 1.4743e-24
-7.325 2.175 2.9701e-24
-7.325 2.225 5.9908e-24
-7.325 2.275 1.2100e-23
-7.325 2.325 2.4476e-23
-7.325 2.375 4.9597e-23
-7.325 2.425 1.0070e-22
-7.325 2.475 2.0491e-22
-7.325 2.525 4.1800e-22
-7.325 2.575 8.5513e-22
-7.325 2.625 1.7551e-21
-7.325 2.675 3.6154e-21
-7.325 2.725 7.4791e-21
-7.325 2.775 1.5546e-20
-7.325 2.825 3.2493e-20
-7.325 2.875 6.8344e-20
-7.325 2.925 1.4480e-19
-7.325 2.975 3.0939e-19
-7.325 3.025 6.6754e-19
-7.325 3.075 1.4569e-18
-7.325 3.125 3.2225e-18
-7.325 3.175 7.2420e-18
-7.325 3.225 1.6587e-17
-7.325 3.275 3.8867e-17
-7.325 3.325 9.3654e-17
-7.325 3.375 2.3362e-16
-7.325 3.425 6.0890e-16
-7.325 3.475 1.6802e-15
-7.325 3.525 5.0068e-15
-7.325 3.575 1.6635e-14
-7.325 3.625 6.5206e-14
-7.325 3.675 3.3723e-13
-7.325 3.725 2.9704e-12
-7.325 3.775 8.7508e-11
-7.325 3.825 7.6577e-08
-7.325 3.875 0.0000e+00
-7.325 3.925 0.0000e+00
-7.325 3.975 0.0000e+00
-7.275 -1.975 0.0000e+00
-7.275 -1.925 0.0000e+00
-7.275 -1.875 0.0000e+00
-7.275 -1.825 0.0000e+00
-7.275 -1.775 0.0000e+00
-7.275 -1.725 0.0000e+00
-7.275 -1.675 0.0000e+00
-7.275 -1.625 0.0000e+00
-7.275 -1.575 0.0000e+00
-7.275 -1.525 0.0000e+00
-7.275 -1.475 0.0000e+00
-7.275 -1.425 0.0000e+00
-7.275 -1.375 0.0000e+00
-7.275 -1.325 0.0000e+00
-7.275 -1.275 0.0000e+00
-7.275 -1.225 0.0000e+00
-7.275 -1.175 0.0000e+00
-7.275 -1.125 0.0000e+00
-7.275 -1.075 0.0000e+00
-7.275 -1.025 0.0000e+00
-7.275 -0.975 0.0000e+00
-7.275 -0.925 0.0000e+00
-7.275 -0.875 0.0000e+00
-7.275 -0.825 0.0000e+00
-7.275 -0.775 0.0000e+00
-7.275 -0.725 0.0000e+00
-7.275 -0.675 0.0000e+00
-7.275 -0.625 0.0000e+00
-7.275 -0.575 0.0000e+00
-7.275 -0.525 0.0000e+00
-7.275 -0.475 0.0000e+00
-7.275 -0.425 0.0000e+00
-7.275 -0.375 0.0000e+00
-7.275 -0.325 0.0000e+00
-7.275 -0.275 0.0000e+00
-7.275 -0.225 0.0000e+00
-7.275 -0.175 0.0000e+00
-7.275 -0.125 0.0000e+00
-7.275 -0.075 0.0000e+00
-7.275 -0.025 0.0000e+00
-7.275 0.025 0.0000e+00
-7.275 0.075 0.0000e+00
-7.275 0.125 0.0000e+00
-7.275 0.175 0.0000e+00
-7.275 0.225 0.0000e+00
-7.275 0.275 0.0000e+00
-7.275 0.325 0.0000e+00
-7.275 0.375 0.0000e+00
-7.275 0.425 0.0000e+00
-7.275 0.475 0.0000e+00
-7.275 0.525 0.0000e+00
-7.275 0.575 0.0000e+00
-7.275 0.625 0.0000e+00
-7.275 0.675 0.0000e+00
-7.275 0.725 0.0000e+00
-7.275 0.775 0.0000e+00
-7.275 0.825 0.0000e+00
-7.275 0.875 0.0000e+00
-7.275 0.925 0.0000e+00
-7.275 0.975 0.0000e+00
-7.275 1.025 0.0000e+00
-7.275 1.075 0.0000e+00
-7.275 1.125 0.0000e+00
-7.275 1.175 0.0000e+00
-7.275 1.225 0.0000e+00
-7.275 1.275 0.0000e+00
-7.275 1.325 0.0000e+00
-7.275 1.375 0.0000e+00
-7.275 1.425 0.0000e+00
-7.275 1.475 0.0000e+00
-7.275 1.525 4.3967e-28
-7.275 1.575 8.7934e-28
-7.275 1.625 1.7592e-27
-7.275 1.675 3.5207e-27
-7.275 1.725 7.0484e-27
-7.275 1.775 1.4117e-26
-7.275 1.825 2.8287e-26
-7.275 1.875 5.6710e-26
-7.275 1.925 1.1376e-25
-7.275 1.975 2.2836e-25
-7.275 2.025 4.5873e-25
-7.275 2.075 9.2229e-25
-7.275 2.125 1.8560e-24
-7.275 2.175 3.7392e-24
-7.275 2.225 7.5419e-24
-7.275 2.275 1.5233e-23
-7.275 2.325 3.0814e-23
-7.275 2.375 6.2439e-23
-7.275 2.425 1.2677e-22
-7.275 2.475 2.5796e-22
-7.275 2.525 5.2623e-22
-7.275 2.575 1.0765e-21
-7.275 2.625 2.2095e-21
-7.275 2.675 4.5516e-21
-7.275 2.725 9.4157e-21
-7.275 2.775 1.9572e-20
-7.275 2.825 4.0906e-20
-7.275 2.875 8.6040e-20
-7.275 2.925 1.8229e-19
-7.275 2.975 3.8949e-19
-7.275 3.025 8.4038e-19
-7.275 3.075 1.8341e-18
-7.275 3.125 4.0568e-18
-7.275 3.175 9.1171e-18
-7.275 3.225 2.0881e-17
-7.275 3.275 4.8931e-17
-7.275 3.325 1.1790e-16
-7.275 3.375 2.9411e-16
-7.275 3.425 7.6657e-16
-7.275 3.475 2.1152e-15
-7.275 3.525 6.3031e-15
-7.275 3.575 2.0943e-14
-7.275 3.625 8.2089e-14
-7.275 3.675 4.2455e-13
-7.275 3.725 3.7396e-12
-7.275 3.775 1.1017e-10
-7.275 3.825 9.6405e-08
-7.275 3.875 0.0000e+00
-7.275 3.925 0.0000e+00
-7.275 3.975 0.0000e+00
-7.225 -1.975 0.0000e+00
-7.225 -1.925 0.0000e+00
-7.225 -1.875 0.0000e+00
-7.225 -1.825 0.0000e+00
-7.225 -1.775 0.0000e+00
-7.225 -1.725 0.0000e+00
-7.225 -1.675 0.0000e+00
-7.225 -1.625 0.0000e+00
-7.225 -1.575 0.0000e+00
-7.225 -1.525 0.0000e+00
-7.225 -1.475 0.0000e+00
-7.225 -1.425 0.0000e+00
-7.225 -1.375 0.0000e+00
-7.225 -1.325 0.0000e+00
-7.225 -1.275 0.0000e+00
-7.225 -1.225 0.0000e+00
-7.225 -1.175 0.0000e+00
-7.225 -1.125 0.0000e+00
-7.225 -1.075 0.0000e+00
-7.225 -1.025 0.0000e+00
-7.225 -0.975 0.0000e+00
-7.225 -0.925 0.0000e+00
-7.225 -0.875 0.0000e+00
-7.225 -0.825 0.0000e+00
-7.225 -0.775 0.0000e+00
-7.225 -0.725 0.0000e+00
-7.225 -0.675 0.0000e+00
-7.225 -0.625 0.0000e+00
-7.225 -0.575 0.0000e+00
-7.225 -0.525 0.0000e+00
-7.225 -0.475 0.0000e+00
-7.225 -0.425 0.0000e+00
-7.225 -0.375 0.0000e+00
-7.225 -0.325 0.0000e+00
-7.225 -0.275 0.0000e+00
-7.225 -0.225 0.0000e+00
-7.225 -0.175 0.0000e+00
-7.225 -0.125 0.0000e+00
-7.225 -0.075 0.0000e+00
-7.225 -0.025 0.0000e+00
-7.225 0.025 0.0000e+00
-7.225 0.075 0.0000e+00
-7.225 0.125 0.0000e+00
-7.225 0.175 0.0000e+00
-7.225 0.225 0.0000e+00
-7.225 0.275 0.0000e+00
-7.225 0.325 0.0000e+00
-7.225 0.375 0.0000e+00
-7.225 0.425 0.0000e+00
-7.225 0.475 0.0000e+00
-7.225 0.525 0.0000e+00
-7.225 0.575 0.0000e+00
-7.225 0.625 0.0000e+00
-7.225 0.675 0.0000e+00
-7.225 0.725 0.0000e+00
-7.225 0.775 0.0000e+00
-7.225 0.825 0.0000e+00
-7.225 0.875 0.0000e+00
-7.225 0.925 0.0000e+00
-7.225 0.975 0.0000e+00
-7.225 1.025 0.0000e+00
-7.225 1.075 0.0000e+00
-7.225 1.125 0.0000e+00
-7.225 1.175 0.0000e+00
-7.225 1.225 0.0000e+00
-7.225 1.275 0.0000e+00
-7.225 1.325 0.0000e+00
-7.225 1.375 0.0000e+00
-7.225 1.425 0.0000e+00
-7.225 1.475 0.0000e+00
-7.225 1.525 5.5351e-28
-7.225 1.575 1.1070e-27
-7.225 1.625 2.2147e-27
-7.225 1.675 4.4323e-27
-7.225 1.725 8.8734e-27
-7.225 1.775 1.7772e-26
-7.225 1.825 3.5611e-26
-7.225 1.875 7.1394e-26
-7.225 1.925 1.4322e-25
-7.225 1.975 2.8748e-25
-7.225 2.025 5.7751e-25
-7.225 2.075 1.1611e-24
-7.225 2.125 2.3366e-24
-7.225 2.175 4.7073e-24
-7.225 2.225 9.4947e-24
-7.225 2.275 1.9177e-23
-7.225 2.325 3.8792e-23
-7.225 2.375 7.8607e-23
-7.225 2.425 1.5960e-22
-7.225 2.475 3.2475e-22
-7.225 2.525 6.6248e-22
-7.225 2.575 1.3553e-21
-7.225 2.625 2.7816e-21
-7.225 2.675 5.7301e-21
-7.225 2.725 1.1854e-20
-7.225 2.775 2.4639e-20
-7.225 2.825 5.1498e-20
-7.225 2.875 1.0832e-19
-7.225 2.925 2.2949e-19
-7.225 2.975 4.9034e-19
-7.225 3.025 1.0580e-18
-7.225 3.075 2.3090e-18
-7.225 3.125 5.1073e-18
-7.225 3.175 1.1478e-17
-7.225 3.225 2.6288e-17
-7.225 3.275 6.1600e-17
-7.225 3.325 1.4843e-16
-7.225 3.375 3.7027e-16
-7.225 3.425 9.6505e-16
-7.225 3.475 2.6629e-15
-7.225 3.525 7.9352e-15
-7.225 3.575 2.6365e-14
-7.225 3.625 1.0334e-13
-7.225 3.675 5.3447e-13
-7.225 3.725 4.7078e-12
-7.225 3.775 1.3869e-10
-7.225 3.825 1.2137e-07
-7.225 3.875 0.0000e+00
-7.225 3.925 0.0000e+00
-7.225 3.975 0.0000e+00
-7.175 -1.975 0.0000e+00
-7.175 -1.925 0.0000e+00
-7.175 -1.875 0.0000e+00
-7.175 -1.825 0.0000e+00
-7.175 -1.775 0.0000e+00
-7.175 -1.725 0.0000e+00
-7.175 -1.675 0.0000e+00
-7.175 -1.625 0.0000e+00
-7.175 -1.575 0.0000e+00
-7.175 -1.525 0.0000e+00
-7.175 -1.475 0.0000e+00
-7.175 -1.425 0.0000e+00
-7.175 -1.375 0.0000e+00
-7.175 -1.325 0.0000e+00
-7.175 -1.275 0.0000e+00
-7.175 -1.225 0.0000e+00
-7.175 -1.175 0.0000e+00
-7.175 -1.125 0.0000e+00
-7.175 -1.075 0.0000e+00
-7.175 -1.025 0.0000e+00
-7.175 -0.975 0.0000e+00
-7.175 -0.925 0.0000e+00
-7.175 -0.875 0.0000e+00
-7.175 -0.825 0.0000e+00
-7.175 -0.775 0.0000e+00
-7.175 -0.725 0.0000e+00
-7.175 -0.675 0.0000e+00
-7.175 -0.625 0.0000e+00
-7.175 -0.575 0.0000e+00
-7.175 -0.525 0.0000e+00
-7.175 -0.475 0.0000e+00
-7.175 -0.425 0.0000e+00
-7.175 -0.375 0.0000e+00
-7.175 -0.325 0.0000e+00
-7.175 -0.275 0.0000e+00
-7.175 -0.225 0.0000e+00
-7.175 -0.175 0.0000e+00
-7.175 -0.125 0.0000e+00
-7.175 -0.075 0.0000e+00
-7.175 -0.025 0.0000e+00
-7.175 0.025 0.0000e+00
-7.175 0.075 0.0000e+00
-7.175 0.125 0.0000e+00
-7.175 0.175 0.0000e+00
-7.175 0.225 0.0000e+00
-7.175 0.275 0.0000e+00
-7.175 0.325 0.0000e+00
-7.175 0.375 0.0000e+00
-7.175 0.425 0.0000e+00
-7.175 0.475 0.0000e+00
-7.175 0.525 0.0000e+00
-7.175 0.575 0.0000e+00
-7.175 0.625 0.0000e+00
-7.175 0.675 0.0000e+00
-7.175 0.725 0.0000e+00
-7.175 0.775 0.0000e+00
-7.175 0.825 0.0000e+00
-7.175 0.875 0.0000e+00
-7.175 0.925 0.0000e+00
-7.175 0.975 0.0000e+00
-7.175 1.025 0.0000e+00
-7.175 1.075 0.0000e+00
-7.175 1.125 0.0000e+00
-7.175 1.175 0.0000e+00
-7.175 1.225 0.0000e+00
-7.175 1.275 0.0000e+00
-7.175 1.325 0.0000e+00
-7.175 1.375 0.0000e+00
-7.175 1.425 0.0000e+00
-7.175 1.475 0.0000e+00
-7.175 1.525 6.9682e-28
-7.175 1.575 1.3937e-27
-7.175 1.625 2.7882e-27
-7.175 1.675 5.5799e-27
-7.175 1.725 1.1171e-26
-7.175 1.775 2.2374e-26
-7.175 1.825 4.4831e-26
-7.175 1.875 8.9879e-26
-7.175 1.925 1.8030e-25
-7.175 1.975 3.6192e-25
-7.175 2.025 7.2704e-25
-7.175 2.075 1.4617e-24
-7.175 2.125 2.9416e-24
-7.175 2.175 5.9262e-24
-7.175 2.225 1.1953e-23
-7.175 2.275 2.4142e-23
-7.175 2.325 4.8836e-23
-7.175 2.375 9.8960e-23
-7.175 2.425 2.0092e-22
-7.175 2.475 4.0884e-22
-7.175 2.525 8.3402e-22
-7.175 2.575 1.7062e-21
-7.175 2.625 3.5018e-21
-7.175 2.675 7.2138e-21
-7.175 2.725 1.4923e-20
-7.175 2.775 3.1019e-20
-7.175 2.825 6.4832e-20
-7.175 2.875 1.3636e-19
-7.175 2.925 2.8892e-19
-7.175 2.975 6.1730e-19
-7.175 3.025 1.3319e-18
-7.175 3.075 2.9068e-18
-7.175 3.125 6.4297e-18
-7.175 3.175 1.4450e-17
-7.175 3.225 3.3095e-17
-7.175 3.275 7.7550e-17
-7.175 3.325 1.8686e-16
-7.175 3.375 4.6614e-16
-7.175 3.425 1.2149e-15
-7.175 3.475 3.3524e-15
-7.175 3.525 9.9898e-15
-7.175 3.575 3.3192e-14
-7.175 3.625 1.3010e-13
-7.175 3.675 6.7286e-13
-7.175 3.725 5.9268e-12
-7.175 3.775 1.7460e-10
-7.175 3.825 1.5279e-07
-7.175 3.875 0.0000e+00
-7.175 3.925 0.0000e+00
-7.175 3.975 0.0000e+00
-7.125 -1.975 0.0000e+00
-7.125 -1.925 0.0000e+00
-7.125 -1.875 0.0000e+00
-7.125 -1.825 0.0000e+00
-7.125 -1.775 0.0000e+00
-7.125 -1.725 0.0000e+00
-7.125 -1.675 0.0000e+00
-7.125 -1.625 0.0000e+00
-7.125 -1.575 0.0000e+00
-7.125 -1.525 0.0000e+00
-7.125 -1.475 0.0000e+00
-7.125 -1.425 0.0000e+00
-7.125 -1.375 0.0000e+00
-7.125 -1.325 0.0000e+00
-7.125 -1.275 0.0000e+00
-7.125 -1.225 0.0000e+00
-7.125 -1.175 0.0000e+00
-7.125 -1.125 0.0000e+00
-7.125 -1.075 0.0000e+00
-7.125 -1.025 0.0000e+00
-7.125 -0.975 0.0000e+00
-7.125 -0.925 0.0000e+00
-7.125 -0.875 0.0000e+00
-7.125 -0.825 0.0000e+00
-7.125 -0.775 0.0000e+00
-7.125 -0.725 0.0000e+00
-7.125 -0.675 0.0000e+00
-7.125 -0.625 0.0000e+00
-7.125 -0.575 0.0000e+00
-7.125 -0.525 0.0000e+00
-7.125 -0.475 0.0000e+00
-7.125 -0.425 0.0000e+00
-7.125 -0.375 0.0000e+00
-7.125 -0.325 0.0000e+00
-7.125 -0.275 0.0000e+00
-7.125 -0.225 0.0000e+00
-7.125 -0.175 0.0000e+00
-7.125 -0.125 0.0000e+00
-7.125 -0.075 0.0000e+00
-7.125 -0.025 0.0000e+00
-7.125 0.025 0.0000e+00
-7.125 0.075 0.0000e+00
-7.125 0.125 0.0000e+00
-7.125 0.175 0.0000e+00
-7.125 0.225 0.0000e+00
-7.125 0.275 0.0000e+00
-7.125 0.325 0.0000e+00
-7.125 0.375 0.0000e+00
-7.125 0.425 0.0000e+00
-7.125 0.475 0.0000e+00
-7.125 0.525 0.0000e+00
-7.125 0.575 0.0000e+00
-7.125 0.625 0.0000e+00
-7.125 0.675 0.0000e+00
-7.125 0.725 0.0000e+00
-7.125 0.775 0.0000e+00
-7.125 0.825 0.0000e+00
-7.125 0.875 0.0000e+00
-7.125 0.925 0.0000e+00
-7.125 0.975 0.0000e+00
-7.125 1.025 0.0000e+00
-7.125 1.075 0.0000e+00
-7.125 1.125 0.0000e+00
-7.125 1.175 0.0000e+00
-7.125 1.225 0.0000e+00
-7.125 1.275 0.0000e+00
-7.125 1.325 0.0000e+00
-7.125 1.375 0.0000e+00
-7.125 1.425 0.0000e+00
-7.125 1.475 0.0000e+00
-7.125 1.525 8.7725e-28
-7.125 1.575 1.7545e-27
-7.125 1.625 3.5101e-27
-7.125 1.675 7.0246e-27
-7.125 1.725 1.4063e-26
-7.125 1.775 2.8167e-26
-7.125 1.825 5.6440e-26
-7.125 1.875 1.1315e-25
-7.125 1.925 2.2698e-25
-7.125 1.975 4.5563e-25
-7.125 2.025 9.1529e-25
-7.125 2.075 1.8402e-24
-7.125 2.125 3.7033e-24
-7.125 2.175 7.4606e-24
-7.125 2.225 1.5048e-23
-7.125 2.275 3.0393e-23
-7.125 2.325 6.1481e-23
-7.125 2.375 1.2458e-22
-7.125 2.425 2.5294e-22
-7.125 2.475 5.1470e-22
-7.125 2.525 1.0500e-21
-7.125 2.575 2.1480e-21
-7.125 2.625 4.4086e-21
-7.125 2.675 9.0816e-21
-7.125 2.725 1.8787e-20
-7.125 2.775 3.9051e-20
-7.125 2.825 8.1619e-20
-7.125 2.875 1.7167e-19
-7.125 2.925 3.6372e-19
-7.125 2.975 7.7714e-19
-7.125 3.025 1.6768e-18
-7.125 3.075 3.6595e-18
-7.125 3.125 8.0945e-18
-7.125 3.175 1.8191e-17
-7.125 3.225 4.1664e-17
-7.125 3.275 9.7629e-17
-7.125 3.325 2.3525e-16
-7.125 3.375 5.8683e-16
-7.125 3.425 1.5295e-15
-7.125 3.475 4.2204e-15
-7.125 3.525 1.2576e-14
-7.125 3.575 4.1786e-14
-7.125 3.625 1.6379e-13
-7.125 3.675 8.4708e-13
-7.125 3.725 7.4614e-12
-7.125 3.775 2.1981e-10
-7.125 3.825 1.9235e-07
-7.125 3.875 0.0000e+00
-7.125 3.925 0.0000e+00
-7.125 3.975 0.0000e+00
-7.075 -1.975 0.0000e+00
-7.075 -1.925 0.0000e+00
-7.075 -1.875 0.0000e+00
-7.075 -1.825 0.0000e+00
-7.075 -1.775 0.0000e+00
-7.075 -1.725 0.0000e+00
-7.075 -1.675 0.0000e+00
-7.075 -1.625 0.0000e+00
-7.075 -1.575 0.0000e+00
-7.075 -1.525 0.0000e+00
-7.075 -1.475 0.0000e+00
-7.075 -1.425 0.0000e+00
-7.075 -1.375 0.0000e+00
-7.075 -1.325 0.0000e+00
-7.075 -1.275 0.0000e+00
-7.075 -1.225 0.0000e+00
-7.075 -1.175 0.0000e+00
-7.075 -1.125 0.0000e+00
-7.075 -1.075 0.0000e+00
-7.075 -1.025 0.0000e+00
-7.075 -0.975 0.0000e+00
-7.075 -0.925 0.0000e+00
-7.075 -0.875 0.0000e+00
-7.075 -0.825 0.0000e+00
-7.075 -0.775 0.0000e+00
-7.075 -0.725 0.0000e+00
-7.075 -0.675 0.0000e+00
-7.075 -0.625 0.0000e+00
-7.075 -0.575 0.0000e+00
-7.075 -0.525 0.0000e+00
-7.075 -0.475 0.0000e+00
-7.075 -0.425 0.0000e+00
-7.075 -0.375 0.0000e+00
-7.075 -0.325 0.0000e+00
-7.075 -0.275 0.0000e+00
-7.075 -0.225 0.0000e+00
-7.075 -0.175 0.0000e+00
-7.075 -0.125 0.0000e+00
-7.075 -0.075 0.0000e+00
-7.075 -0.025 0.0000e+00
-7.075 0.025 0.0000e+00
-7.075 0.075 0.0000e+00
-7.075 0.125 0.0000e+00
-7.075 0.175 0.0000e+00
-7.075 0.225 0.0000e+00
-7.075 0.275 0.0000e+00
-7.075 0.325 0.0000e+00
-7.075 0.375 0.0000e+00
-7.075 0.425 0.0000e+00
-7.075 0.475 0.0000e+00
-7.075 0.525 0.0000e+00
-7.075 0.575 0.0000e+00
-7.075 0.625 0.0000e+00
-7.075 0.675 0.0000e+00
-7.075 0.725 0.0000e+00
-7.075 0.775 0.0000e+00
-7.075 0.825 0.0000e+00
-7.075 0.875 0.0000e+00
-7.075 0.925 0.0000e+00
-7.075 0.975 0.0000e+00
-7.075 1.025 0.0000e+00
-7.075 1.075 0.0000e+00
-7.075 1.125 0.0000e+00
-7.075 1.175 0.0000e+00
-7.075 1.225 0.0000e+00
-7.075 1.275 0.0000e+00
-7.075 1.325 0.0000e+00
-7.075 1.375 0.0000e+00
-7.075 1.425 0.0000e+00
-7.075 1.475 0.0000e+00
-7.075 1.525 1.1044e-27
-7.075 1.575 2.2088e-27
-7.075 1.625 4.4190e-27
-7.075 1.675 8.8435e-27
-7.075 1.725 1.7705e-26
-7.075 1.775 3.5460e-26
-7.075 1.825 7.1053e-26
-7.075 1.875 1.4245e-25
-7.075 1.925 2.8575e-25
-7.075 1.975 5.7360e-25
-7.075 2.025 1.1523e-24
-7.075 2.075 2.3167e-24
-7.075 2.125 4.6622e-24
-7.075 2.175 9.3923e-24
-7.075 2.225 1.8944e-23
-7.075 2.275 3.8263e-23
-7.075 2.325 7.7400e-23
-7.075 2.375 1.5684e-22
-7.075 2.425 3.1844e-22
-7.075 2.475 6.4797e-22
-7.075 2.525 1.3218e-21
-7.075 2.575 2.7042e-21
-7.075 2.625 5.5500e-21
-7.075 2.675 1.1433e-20
-7.075 2.725 2.3651e-20
-7.075 2.775 4.9162e-20
-7.075 2.825 1.0275e-19
-7.075 2.875 2.1612e-19
-7.075 2.925 4.5790e-19
-7.075 2.975 9.7836e-19
-7.075 3.025 2.1109e-18
-7.075 3.075 4.6070e-18
-7.075 3.125 1.0190e-17
-7.075 3.175 2.2901e-17
-7.075 3.225 5.2451e-17
-7.075 3.275 1.2291e-16
-7.075 3.325 2.9616e-16
-7.075 3.375 7.3878e-16
-7.075 3.425 1.9255e-15
-7.075 3.475 5.3132e-15
-7.075 3.525 1.5833e-14
-7.075 3.575 5.2606e-14
-7.075 3.625 2.0620e-13
-7.075 3.675 1.0664e-12
-7.075 3.725 9.3933e-12
-7.075 3.775 2.7672e-10
-7.075 3.825 2.4216e-07
-7.075 3.875 0.0000e+00
-7.075 3.925 0.0000e+00
-7.075 3.975 0.0000e+00
-7.025 -1.975 0.0000e+00
-7.025 -1.925 0.0000e+00
-7.025 -1.875 0.0000e+00
-7.025 -1.825 0.0000e+00
-7.025 -1.775 0.0000e+00
-7.025 -1.725 0.0000e+00
-7.025 -1.675 0.0000e+00
-7.025 -1.625 0.0000e+00
-7.025 -1.575 0.0000e+00
-7.025 -1.525 0.0000e+00
-7.025 -1.475 0.0000e+00
-7.025 -1.425 0.0000e+00
-7.025 -1.375 0.0000e+00
-7.025 -1.325 0.0000e+00
-7.025 -1.275 0.0000e+00
-7.025 -1.225 0.0000e+00
-7.025 -1.175 0.0000e+00
-7.025 -1.125 0.0000e+00
-7.025 -1.075 0.0000e+00
-7.025 -1.025 0.0000e+00
-7.025 -0.975 0.0000e+00
-7.025 -0.925 0.0000e+00
-7.025 -0.875 0.0000e+00
-7.025 -0.825 0.0000e+00
-7.025 -0.775 0.0000e+00
-7.025 -0.725 0.0000e+00
-7.025 -0.675 0.0000e+00
-7.025 -0.625 0.0000e+00
-7.025 -0.575 0.0000e+00
-7.025 -0.525 0.0000e+00
-7.025 -0.475 0.0000e+00
-7.025 -0.425 0.0000e+00
-7.025 -0.375 0.0000e+00
-7.025 -0.325 0.0000e+00
-7.025 -0.275 0.0000e+00
-7.025 -0.225 0.0000e+00
-7.025 -0.175 0.0000e+00
-7.025 -0.125 0.0000e+00
-7.025 -0.075 0.0000e+00
-7.025 -0.025 0.0000e+00
-7.025 0.025 0.0000e+00
-7.025 0.075 0.0000e+00
-7.025 0.125 0.0000e+00
-7.025 0.175 0.0000e+00
-7.025 0.225 0.0000e+00
-7.025 0.275 0.0000e+00
-7.025 0.325 0.0000e+00
-7.025 0.375 0.0000e+00
-7.025 0.425 0.0000e+00
-7.025 0.475 0.0000e+00
-7.025 0.525 0.0000e+00
-7.025 0.575 0.0000e+00
-7.025 0.625 0.0000e+00
-7.025 0.675 0.0000e+00
-7.025 0.725 0.0000e+00
-7.025 0.775 0.0000e+00
-7.025 0.825 0.0000e+00
-7.025 0.875 0.0000e+00
-7.025 0.925 0.0000e+00
-7.025 0.975 0.0000e+00
-7.025 1.025 0.0000e+00
-7.025 1.075 0.0000e+00
-7.025 1.125 0.0000e+00
-7.025 1.175 0.0000e+00
-7.025 1.225 0.0000e+00
-7.025 1.275 0.0000e+00
-7.025 1.325 0.0000e+00
-7.025 1.375 0.0000e+00
-7.025 1.425 0.0000e+00
-7.025 1.475 0.0000e+00
-7.025 1.525 1.3903e-27
-7.025 1.575 2.7807e-27
-7.025 1.625 5.5631e-27
-7.025 1.675 1.1133e-26
-7.025 1.725 2.2289e-26
-7.025 1.775 4.4641e-26
-7.025 1.825 8.9451e-26
-7.025 1.875 1.7933e-25
-7.025 1.925 3.5974e-25
-7.025 1.975 7.2212e-25
-7.025 2.025 1.4506e-24
-7.025 2.075 2.9165e-24
-7.025 2.125 5.8693e-24
-7.025 2.175 1.1824e-23
-7.025 2.225 2.3850e-23
-7.025 2.275 4.8170e-23
-7.025 2.325 9.7441e-23
-7.025 2.375 1.9745e-22
-7.025 2.425 4.0089e-22
-7.025 2.475 8.1575e-22
-7.025 2.525 1.6641e-21
-7.025 2.575 3.4043e-21
-7.025 2.625 6.9871e-21
-7.025 2.675 1.4393e-20
-7.025 2.725 2.9775e-20
-7.025 2.775 6.1891e-20
-7.025 2.825 1.2936e-19
-7.025 2.875 2.7208e-19
-7.025 2.925 5.7646e-19
-7.025 2.975 1.2317e-18
-7.025 3.025 2.6575e-18
-7.025 3.075 5.7999e-18
-7.025 3.125 1.2829e-17
-7.025 3.175 2.8831e-17
-7.025 3.225 6.6032e-17
-7.025 3.275 1.5473e-16
-7.025 3.325 3.7284e-16
-7.025 3.375 9.3007e-16
-7.025 3.425 2.4241e-15
-7.025 3.475 6.6890e-15
-7.025 3.525 1.9932e-14
-7.025 3.575 6.6227e-14
-7.025 3.625 2.5959e-13
-7.025 3.675 1.3425e-12
-7.025 3.725 1.1826e-11
-7.025 3.775 3.4838e-10
-7.025 3.825 3.0486e-07
-7.025 3.875 0.0000e+00
-7.025 3.925 0.0000e+00
-7.025 3.975 0.0000e+00
-6.975 -1.975 0.0000e+00
-6.975 -1.925 0.0000e+00
-6.975 -1.875 0.0000e+00
-6.975 -1.825 0.0000e+00
-6.975 -1.775 0.0000e+00
-6.975 -1.725 0.0000e+00
-6.975 -1.675 0.0000e+00
-6.975 -1.625 0.0000e+00
-6.975 -1.575 0.0000e+00
-6.975 -1.525 0.0000e+00
-6.975 -1.475 0.0000e+00
-6.975 -1.425 0.0000e+00
-6.975 -1.375 0.0000e+00
-6.975 -1.325 0.0000e+00
-6.975 -1.275 0.0000e+00
-6.975 -1.225 0.0000e+00
-6.975 -1.175 0.0000e+00
-6.975 -1.125 0.0000e+00
-6.975 -1.075 0.0000e+00
-6.975 -1.025 0.0000e+00
-6.975 -0.975 0.0000e+00
-6.975 -0.925 0.0000e+00
-6.975 -0.875 0.0000e+00
-6.975 -0.825 0.0000e+00
-6.975 -0.775 0.0000e+00
-6.975 -0.725 0.0000e+00
-6.975 -0.675 0.0000e+00
-6.975 -0.625 0.0000e+00
-6.975 -0.575 0.0000e+00
-6.975 -0.525 0.0000e+00
-6.975 -0.475 0.0000e+00
-6.975 -0.425 0.0000e+00
-6.975 -0.375 0.0000e+00
-6.975 -0.325 0.0000e+00
-6.975 -0.275 0.0000e+00
-6.975 -0.225 0.0000e+00
-6.975 -0.175 0.0000e+00
-6.975 -0.125 0.0000e+00
-6.975 -0.075 0.0000e+00
-6.975 -0.025 0.0000e+00
-6.975 0.025 0.0000e+00
-6.975 0.075 0.0000e+00
-6.975 0.125 0.0000e+00
-6.975 0.175 0.0000e+00
-6.975 0.225 0.0000e+00
-6.975 0.275 0.0000e+00
-6.975 0.325 0.0000e+00
-6.975 0.375 0.0000e+00
-6.975 0.425 0.0000e+00
-6.975 0.475 0.0000e+00
-6.975 0.525 0.0000e+00
-6.975 0.575 0.0000e+00
-6.975 0.625 0.0000e+00
-6.975 0.675 0.0000e+00
-6.975 0.725 0.0000e+00
-6.975 0.775 0.0000e+00
-6.975 0.825 0.0000e+00
-6.975 0.875 0.0000e+00
-6.975 0.925 0.0000e+00
-6.975 0.975 0.0000e+00
-6.975 1.025 0.0000e+00
-6.975 1.075 0.0000e+00
-6.975 1.125 0.0000e+00
-6.975 1.175 0.0000e+00
-6.975 1.225 0.0000e+00
-6.975 1.275 0.0000e+00
-6.975 1.325 0.0000e+00
-6.975 1.375 0.0000e+00
-6.975 1.425 0.0000e+00
-6.975 1.475 0.0000e+00
-6.975 1.525 1.7503e-27
-6.975 1.575 3.5007e-27
-6.975 1.625 7.0036e-27
-6.975 1.675 1.4016e-26
-6.975 1.725 2.8060e-26
-6.975 1.775 5.6200e-26
-6.975 1.825 1.1261e-25
-6.975 1.875 2.2577e-25
-6.975 1.925 4.5289e-25
-6.975 1.975 9.0910e-25
-6.975 2.025 1.8262e-24
-6.975 2.075 3.6717e-24
-6.975 2.125 7.3891e-24
-6.975 2.175 1.4886e-23
-6.975 2.225 3.0025e-23
-6.975 2.275 6.0643e-23
-6.975 2.325 1.2267e-22
-6.975 2.375 2.4858e-22
-6.975 2.425 5.0469e-22
-6.975 2.475 1.0270e-21
-6.975 2.525 2.0950e-21
-6.975 2.575 4.2858e-21
-6.975 2.625 8.7962e-21
-6.975 2.675 1.8120e-20
-6.975 2.725 3.7485e-20
-6.975 2.775 7.7916e-20
-6.975 2.825 1.6285e-19
-6.975 2.875 3.4253e-19
-6.975 2.925 7.2572e-19
-6.975 2.975 1.5506e-18
-6.975 3.025 3.3456e-18
-6.975 3.075 7.3016e-18
-6.975 3.125 1.6151e-17
-6.975 3.175 3.6296e-17
-6.975 3.225 8.3130e-17
-6.975 3.275 1.9480e-16
-6.975 3.325 4.6938e-16
-6.975 3.375 1.1709e-15
-6.975 3.425 3.0518e-15
-6.975 3.475 8.4209e-15
-6.975 3.525 2.5093e-14
-6.975 3.575 8.3374e-14
-6.975 3.625 3.2680e-13
-6.975 3.675 1.6901e-12
-6.975 3.725 1.4887e-11
-6.975 3.775 4.3858e-10
-6.975 3.825 3.8379e-07
-6.975 3.875 0.0000e+00
-6.975 3.925 0.0000e+00
-6.975 3.975 0.0000e+00
-6.925 -1.975 0.0000e+00
-6.925 -1.925 0.0000e+00
-6.925 -1.875 0.0000e+00
-6.925 -1.825 0.0000e+00
-6.925 -1.775 0.0000e+00
-6.925 -1.725 0.0000e+00
-6.925 -1.675 0.0000e+00
-6.925 -1.625 0.0000e+00
-6.925 -1.575 0.0000e+00
-6.925 -1.525 0.0000e+00
-6.925 -1.475 0.0000e+00
-6.925 -1.425 0.0000e+00
-6.925 -1.375 0.0000e+00
-6.925 -1.325 0.0000e+00
-6.925 -1.275 0.0000e+00
-6.925 -1.225 0.0000e+00
-6.925 -1.175 0.0000e+00
-6.925 -1.125 0.0000e+00
-6.925 -1.075 0.0000e+00
-6.925 -1.025 0.0000e+00
-6.925 -0.975 0.0000e+00
-6.925 -0.925 0.0000e+00
-6.925 -0.875 0.0000e+00
-6.925 -0.825 0.0000e+00
-6.925 -0.775 0.0000e+00
-6.925 -0.725 0.0000e+00
-6.925 -0.675 0.0000e+00
-6.925 -0.625 0.0000e+00
-6.925 -0.575 0.0000e+00
-6.925 -0.525 0.0000e+00
-6.925 -0.475 0.0000e+00
-6.925 -0.425 0.0000e+00
-6.925 -0.375 0.0000e+00
-6.925 -0.325 0.0000e+00
-6.925 -0.275 0.0000e+00
-6.925 -0.225 0.0000e+00
-6.925 -0.175 0.0000e+00
-6.925 -0.125 0.0000e+00
-6.925 -0.075 0.0000e+00
-6.925 -0.025 0.0000e+00
-6.925 0.025 0.0000e+00
-6.925 0.075 0.0000e+00
-6.925 0.125 0.0000e+00
-6.925 0.175 0.0000e+00
-6.925 0.225 0.0000e+00
-6.925 0.275 0.0000e+00
-6.925 0.325 0.0000e+00
-6.925 0.375 0.0000e+00
-6.925 0.425 0.0000e+00
-6.925 0.475 0.0000e+00
-6.925 0.525 0.0000e+00
-6.925 0.575 0.0000e+00
-6.925 0.625 0.0000e+00
-6.925 0.675 0.0000e+00
-6.925 0.725 0.0000e+00
-6.925 0.775 0.0000e+00
-6.925 0.825 0.0000e+00
-6.925 0.875 0.0000e+00
-6.925 0.925 0.0000e+00
-6.925 0.975 0.0000e+00
-6.925 1.025 0.0000e+00
-6.925 1.075 0.0000e+00
-6.925 1.125 0.0000e+00
-6.925 1.175 0.0000e+00
-6.925 1.225 0.0000e+00
-6.925 1.275 0.0000e+00
-6.925 1.325 0.0000e+00
-6.925 1.375 0.0000e+00
-6.925 1.425 0.0000e+00
-6.925 1.475 0.0000e+00
-6.925 1.525 2.2035e-27
-6.925 1.575 4.4071e-27
-6.925 1.625 8.8170e-27
-6.925 1.675 1.7645e-26
-6.925 1.725 3.5326e-26
-6.925 1.775 7.0751e-26
-6.925 1.825 1.4177e-25
-6.925 1.875 2.8422e-25
-6.925 1.925 5.7015e-25
-6.925 1.975 1.1445e-24
-6.925 2.025 2.2991e-24
-6.925 2.075 4.6224e-24
-6.925 2.125 9.3023e-24
-6.925 2.175 1.8740e-23
-6.925 2.225 3.7799e-23
-6.925 2.275 7.6345e-23
-6.925 2.325 1.5443e-22
-6.925 2.375 3.1294e-22
-6.925 2.425 6.3537e-22
-6.925 2.475 1.2929e-21
-6.925 2.525 2.6374e-21
-6.925 2.575 5.3955e-21
-6.925 2.625 1.1074e-20
-6.925 2.675 2.2812e-20
-6.925 2.725 4.7190e-20
-6.925 2.775 9.8091e-20
-6.925 2.825 2.0502e-19
-6.925 2.875 4.3122e-19
-6.925 2.925 9.1363e-19
-6.925 2.975 1.9521e-18
-6.925 3.025 4.2119e-18
-6.925 3.075 9.1922e-18
-6.925 3.125 2.0332e-17
-6.925 3.175 4.5694e-17
-6.925 3.225 1.0465e-16
-6.925 3.275 2.4523e-16
-6.925 3.325 5.9092e-16
-6.925 3.375 1.4741e-15
-6.925 3.425 3.8419e-15
-6.925 3.475 1.0601e-14
-6.925 3.525 3.1591e-14
-6.925 3.575 1.0496e-13
-6.925 3.625 4.1142e-13
-6.925 3.675 2.1278e-12
-6.925 3.725 1.8742e-11
-6.925 3.775 5.5214e-10
-6.925 3.825 4.8317e-07
-6.925 3.875 0.0000e+00
-6.925 3.925 0.0000e+00
-6.925 3.975 0.0000e+00
-6.875 -1.975 0.0000e+00
-6.875 -1.925 0.0000e+00
-6.875 -1.875 0.0000e+00
-6.875 -1.825 0.0000e+00
-6.875 -1.775 0.0000e+00
-6.875 -1.725 0.0000e+00
-6.875 -1.675 0.0000e+00
-6.875 -1.625 0.0000e+00
-6.875 -1.575 0.0000e+00
-6.875 -1.525 0.0000e+00
-6.875 -1.475 0.0000e+00
-6.875 -1.425 0.0000e+00
-6.875 -1.375 0.0000e+00
-6.875 -1.325 0.0000e+00
-6.875 -1.275 0.0000e+00
-6.875 -1.225 0.0000e+00
-6.875 -1.175 0.0000e+00
-6.875 -1.125 0.0000e+00
-6.875 -1.075 0.0000e+00
-6.875 -1.025 0.0000e+00
-6.875 -0.975 0.0000e+00
-6.875 -0.925 0.0000e+00
-6.875 -0.875 0.0000e+00
-6.875 -0.825 0.0000e+00
-6.875 -0.775 0.0000e+00
-6.875 -0.725 0.0000e+00
-6.875 -0.675 0.0000e+00
-6.875 -0.625 0.0000e+00
-6.875 -0.575 0.0000e+00
-6.875 -0.525 0.0000e+00
-6.875 -0.475 0.0000e+00
-6.875 -0.425 0.0000e+00
-6.875 -0.375 0.0000e+00
-6.875 -0.325 0.0000e+00
-6.875 -0.275 0.0000e+00
-6.875 -0.225 0.0000e+00
-6.875 -0.175 0.0000e+00
-6.875 -0.125 0.0000e+00
-6.875 -0.075 0.0000e+00
-6.875 -0.025 0.0000e+00
-6.875 0.025 0.0000e+00
-6.875 0.075 0.0000e+00
-6.875 0.125 0.0000e+00
-6.875 0.175 0.0000e+00
-6.875 0.225 0.0000e+00
-6.875 0.275 0.0000e+00
-6.875 0.325 0.0000e+00
-6.875 0.375 0.0000e+00
-6.875 0.425 0.0000e+00
-6.875 0.475 0.0000e+00
-6.875 0.525 0.0000e+00
-6.875 0.575 0.0000e+00
-6.875 0.625 0.0000e+00
-6.875 0.675 0.0000e+00
-6.875 0.725 0.0000e+00
-6.875 0.775 0.0000e+00
-6.875 0.825 0.0000e+00
-6.875 0.875 0.0000e+00
-6.875 0.925 0.0000e+00
-6.875 0.975 0.0000e+00
-6.875 1.025 0.0000e+00
-6.875 1.075 0.0000e+00
-6.875 1.125 0.0000e+00
-6.875 1.175 0.0000e+00
-6.875 1.225 0.0000e+00
-6.875 1.275 0.0000e+00
-6.875 1.325 0.0000e+00
-6.875 1.375 0.0000e+00
-6.875 1.425 0.0000e+00
-6.875 1.475 0.0000e+00
-6.875 1.525 2.7741e-27
-6.875 1.575 5.5483e-27
-6.875 1.625 1.1100e-26
-6.875 1.675 2.2214e-26
-6.875 1.725 4.4472e-26
-6.875 1.775 8.9071e-26
-6.875 1.825 1.7848e-25
-6.875 1.875 3.5782e-25
-6.875 1.925 7.1778e-25
-6.875 1.975 1.4408e-24
-6.875 2.025 2.8944e-24
-6.875 2.075 5.8192e-24
-6.875 2.125 1.1711e-23
-6.875 2.175 2.3593e-23
-6.875 2.225 4.7586e-23
-6.875 2.275 9.6113e-23
-6.875 2.325 1.9442e-22
-6.875 2.375 3.9397e-22
-6.875 2.425 7.9988e-22
-6.875 2.475 1.6276e-21
-6.875 2.525 3.3203e-21
-6.875 2.575 6.7925e-21
-6.875 2.625 1.3941e-20
-6.875 2.675 2.8719e-20
-6.875 2.725 5.9409e-20
-6.875 2.775 1.2349e-19
-6.875 2.825 2.5810e-19
-6.875 2.875 5.4288e-19
-6.875 2.925 1.1502e-18
-6.875 2.975 2.4575e-18
-6.875 3.025 5.3025e-18
-6.875 3.075 1.1572e-17
-6.875 3.125 2.5597e-17
-6.875 3.175 5.7525e-17
-6.875 3.225 1.3175e-16
-6.875 3.275 3.0873e-16
-6.875 3.325 7.4392e-16
-6.875 3.375 1.8557e-15
-6.875 3.425 4.8367e-15
-6.875 3.475 1.3346e-14
-6.875 3.525 3.9770e-14
-6.875 3.575 1.3214e-13
-6.875 3.625 5.1795e-13
-6.875 3.675 2.6787e-12
-6.875 3.725 2.3595e-11
-6.875 3.775 6.9510e-10
-6.875 3.825 6.0827e-07
-6.875 3.875 0.0000e+00
-6.875 3.925 0.0000e+00
-6.875 3.975 0.0000e+00
-6.825 -1.975 0.0000e+00
-6.825 -1.925 0.0000e+00
-6.825 -1.875 0.0000e+00
-6.825 -1.825 0.0000e+00
-6.825 -1.775 0.0000e+00
-6.825 -1.725 0.0000e+00
-6.825 -1.675 0.0000e+00
-6.825 -1.625 0.0000e+00
-6.825 -1.575 0.0000e+00
-6.825 -1.525 0.0000e+00
-6.825 -1.475 0.0000e+00
-6.825 -1.425 0.0000e+00
-6.825 -1.375 0.0000e+00
-6.825 -1.325 0.0000e+00
-6.825 -1.275 0.0000e+00
-6.825 -1.225 0.0000e+00
-6.825 -1.175 0.0000e+00
-6.825 -1.125 0.0000e+00
-6.825 -1.075 0.0000e+00
-6.825 -1.025 0.0000e+00
-6.825 -0.975 0.0000e+00
-6.825 -0.925 0.0000e+00
-6.825 -0.875 0.0000e+00
-6.825 -0.825 0.0000e+00
-6.825 -0.775 0.0000e+00
-6.825 -0.725 0.0000e+00
-6.825 -0.675 0.0000e+00
-6.825 -0.625 0.0000e+00
-6.825 -0.575 0.0000e+00
-6.825 -0.525 0.0000e+00
-6.825 -0.475 0.0000e+00
-6.825 -0.425 0.0000e+00
-6.825 -0.375 0.0000e+00
-6.825 -0.325 0.0000e+00
-6.825 -0.275 0.0000e+00
-6.825 -0.225 0.0000e+00
-6.825 -0.175 0.0000e+00
-6.825 -0.125 0.0000e+00
-6.825 -0.075 0.0000e+00
-6.825 -0.025 0.0000e+00
-6.825 0.025 0.0000e+00
-6.825 0.075 0.0000e+00
-6.825 0.125 0.0000e+00
-6.825 0.175 0.0000e+00
-6.825 0.225 0.0000e+00
-6.825 0.275 0.0000e+00
-6.825 0.325 0.0000e+00
-6.825 0.375 0.0000e+00
-6.825 0.425 0.0000e+00
-6.825 0.475 0.0000e+00
-6.825 0.525 0.0000e+00
-6.825 0.575 0.0000e+00
-6.825 0.625 0.0000e+00
-6.825 0.675 0.0000e+00
-6.825 0.725 0.0000e+00
-6.825 0.775 0.0000e+00
-6.825 0.825 0.0000e+00
-6.825 0.875 0.0000e+00
-6.825 0.925 0.0000e+00
-6.825 0.975 0.0000e+00
-6.825 1.025 0.0000e+00
-6.825 1.075 0.0000e+00
-6.825 1.125 0.0000e+00
-6.825 1.175 0.0000e+00
-6.825 1.225 0.0000e+00
-6.825 1.275 0.0000e+00
-6.825 1.325 0.0000e+00
-6.825 1.375 0.0000e+00
-6.825 1.425 0.0000e+00
-6.825 1.475 0.0000e+00
-6.825 1.525 3.4924e-27
-6.825 1.575 6.9849e-27
-6.825 1.625 1.3974e-26
-6.825 1.675 2.7966e-26
-6.825 1.725 5.5987e-26
-6.825 1.775 1.1213e-25
-6.825 1.825 2.2469e-25
-6.825 1.875 4.5046e-25
-6.825 1.925 9.0363e-25
-6.825 1.975 1.8139e-24
-6.825 2.025 3.6438e-24
-6.825 2.075 7.3260e-24
-6.825 2.125 1.4743e-23
-6.825 2.175 2.9701e-23
-6.825 2.225 5.9908e-23
-6.825 2.275 1.2100e-22
-6.825 2.325 2.4476e-22
-6.825 2.375 4.9597e-22
-6.825 2.425 1.0070e-21
-6.825 2.475 2.0491e-21
-6.825 2.525 4.1800e-21
-6.825 2.575 8.5513e-21
-6.825 2.625 1.7551e-20
-6.825 2.675 3.6154e-20
-6.825 2.725 7.4791e-20
-6.825 2.775 1.5546e-19
-6.825 2.825 3.2493e-19
-6.825 2.875 6.8344e-19
-6.825 2.925 1.4480e-18
-6.825 2.975 3.0939e-18
-6.825 3.025 6.6754e-18
-6.825 3.075 1.4569e-17
-6.825 3.125 3.2225e-17
-6.825 3.175 7.2420e-17
-6.825 3.225 1.6587e-16
-6.825 3.275 3.8867e-16
-6.825 3.325 9.3654e-16
-6.825 3.375 2.3362e-15
-6.825 3.425 6.0890e-15
-6.825 3.475 1.6802e-14
-6.825 3.525 5.0068e-14
-6.825 3.575 1.6635e-13
-6.825 3.625 6.5206e-13
-6.825 3.675 3.3723e-12
-6.825 3.725 2.9704e-11
-6.825 3.775 8.7508e-10
-6.825 3.825 7.6577e-07
-6.825 3.875 0.0000e+00
-6.825 3.925 0.0000e+00
-6.825 3.975 0.0000e+00
-6.775 -1.975 0.0000e+00
-6.775 -1.925 0.0000e+00
-6.775 -1.875 0.0000e+00
-6.775 -1.825 0.0000e+00
-6.775 -1.775 0.0000e+00
-6.775 -1.725 0.0000e+00
-6.775 -1.675 0.0000e+00
-6.775 -1.625 0.0000e+00
-6.775 -1.575 0.0000e+00
-6.775 -1.525 0.0000e+00
-6.775 -1.475 0.0000e+00
-6.775 -1.425 0.0000e+00
-6.775 -1.375 0.0000e+00
-6.775 -1.325 0.0000e+00
-6.775 -1.275 0.0000e+00
-6.775 -1.225 0.0000e+00
-6.775 -1.175 0.0000e+00
-6.775 -1.125 0.0000e+00
-6.775 -1.075 0.0000e+00
-6.775 -1.025 0.0000e+00
-6.775 -0.975 0.0000e+00
-6.775 -0.925 0.0000e+00
-6.775 -0.875 0.0000e+00
-6.775 -0.825 0.0000e+00
-6.775 -0.775 0.0000e+00
-6.775 -0.725 0.0000e+00
-6.775 -0.675 0.0000e+00
-6.775 -0.625 0.0000e+00
-6.775 -0.575 0.0000e+00
-6.775 -0.525 0.0000e+00
-6.775 -0.475 0.0000e+00
-6.775 -0.425 0.0000e+00
-6.775 -0.375 0.0000e+00
-6.775 -0.325 0.0000e+00
-6.775 -0.275 0.0000e+00
-6.775 -0.225 0.0000e+00
-6.775 -0.175 0.0000e+00
-6.775 -0.125 0.0000e+00
-6.775 -0.075 0.0000e+00
-6.775 -0.025 0.0000e+00
-6.775 0.025 0.0000e+00
-6.775 0.075 0.0000e+00
-6.775 0.125 0.0000e+00
-6.775 0.175 0.0000e+00
-6.775 0.225 0.0000e+00
-6.775 0.275 0.0000e+00
-6.775 0.325 0.0000e+00
-6.775 0.375 0.0000e+00
-6.775 0.425 0.0000e+00
-6.775 0.475 0.0000e+00
-6.775 0.525 0.0000e+00
-6.775 0.575 0.0000e+00
-6.775 0.625 0.0000e+00
-6.775 0.675 0.0000e+00
-6.775 0.725 0.0000e+00
-6.775 0.775 0.0000e+00
-6.775 0.825 0.0000e+00
-6.775 0.875 0.0000e+00
-6.775 0.925 0.0000e+00
-6.775 0.975 0.0000e+00
-6.775 1.025 0.0000e+00
-6.775 1.075 0.0000e+00
-6.775 1.125 0.0000e+00
-6.775 1.175 0.0000e+00
-6.775 1.225 0.0000e+00
-6.775 1.275 0.0000e+00
-6.775 1.325 0.0000e+00
-6.775 1.375 0.0000e+00
-6.775 1.425 0.0000e+00
-6.775 1.475 0.0000e+00
-6.775 1.525 4.3967e-27
-6.775 1.575 8.7934e-27
-6.775 1.625 1.7592e-26
-6.775 1.675 3.5207e-26
-6.775 1.725 7.0484e-26
-6.775 1.775 1.4117e-25
-6.775 1.825 2.8287e-25
-6.775 1.875 5.6710e-25
-6.775 1.925 1.1376e-24
-6.775 1.975 2.2836e-24
-6.775 2.025 4.5873e-24
-6.775 2.075 9.2229e-24
-6.775 2.125 1.8560e-23
-6.775 2.175 3.7392e-23
-6.775 2.225 7.5419e-23
-6.775 2.275 1.5233e-22
-6.775 2.325 3.0814e-22
-6.775 2.375 6.2439e-22
-6.775 2.425 1.2677e-21
-6.775 2.475 2.5796e-21
-6.775 2.525 5.2623e-21
-6.775 2.575 1.0765e-20
-6.775 2.625 2.2095e-20
-6.775 2.675 4.5516e-20
-6.775 2.725 9.4157e-20
-6.775 2.775 1.9572e-19
-6.775 2.825 4.0906e-19
-6.775 2.875 8.6040e-19
-6.775 2.925 1.8229e-18
-6.775 2.975 3.8949e-18
-6.775 3.025 8.4038e-18
-6.775 3.075 1.8341e-17
-6.775 3.125 4.0568e-17
-6.775 3.175 9.1171e-17
-6.775 3.225 2.0881e-16
-6.775 3.275 4.8931e-16
-6.775 3.325 1.1790e-15
-6.775 3.375 2.9411e-15
-6.775 3.425 7.6657e-15
-6.775 3.475 2.1152e-14
-6.775 3.525 6.3031e-14
-6.775 3.575 2.0943e-13
-6.775 3.625 8.2089e-13
-6.775 3.675 4.2455e-12
-6.775 3.725 3.7396e-11
-6.775 3.775 1.1017e-09
-6.775 3.825 9.6405e-07
-6.775 3.875 0.0000e+00
-6.775 3.925 0.0000e+00
-6.775 3.975 0.0000e+00
-6.725 -1.975 0.0000e+00
-6.725 -1.925 0.0000e+00
-6.725 -1.875 0.0000e+00
-6.725 -1.825 0.0000e+00
-6.725 -1.775 0.0000e+00
-6.725 -1.725 0.0000e+00
-6.725 -1.675 0.0000e+00
-6.725 -1.625 0.0000e+00
-6.725 -1.575 0.0000e+00
-6.725 -1.525 0.0000e+00
-6.725 -1.475 0.0000e+00
-6.725 -1.425 0.0000e+00
-6.725 -1.375 0.0000e+00
-6.725 -1.325 0.0000e+00
-6.725 -1.275 0.0000e+00
-6.725 -1.225 0.0000e+00
-6.725 -1.175 0.0000e+00
-6.725 -1.125 0.0000e+00
-6.725 -1.075 0.0000e+00
-6.725 -1.025 0.0000e+00
-6.725 -0.975 0.0000e+00
-6.725 -0.925 0.0000e+00
-6.725 -0.875 0.0000e+00
-6.725 -0.825 0.0000e+00
-6.725 -0.775 0.0000e+00
-6.725 -0.725 0.0000e+00
-6.725 -0.675 0.0000e+00
-6.725 -0.625 0.0000e+00
-6.725 -0.575 0.0000e+00
-6.725 -0.525 0.0000e+00
-6.725 -0.475 0.0000e+00
-6.725 -0.425 0.0000e+00
-6.725 -0.375 0.0000e+00
-6.725 -0.325 0.0000e+00
-6.725 -0.275 0.0000e+00
-6.725 -0.225 0.0000e+00
-6.725 -0.175 0.0000e+00
-6.725 -0.125 0.0000e+00
-6.725 -0.075 0.0000e+00
-6.725 -0.025 0.0000e+00
-6.725 0.025 0.0000e+00
-6.725 0.075 0.0000e+00
-6.725 0.125 0.0000e+00
-6.725 0.175 0.0000e+00
-6.725 0.225 0.0000e+00
-6.725 0.275 0.0000e+00
-6.725 0.325 0.0000e+00
-6.725 0.375 0.0000e+00
-6.725 0.425 0.0000e+00
-6.725 0.475 0.0000e+00
-6.725 0.525 0.0000e+00
-6.725 0.575 0.0000e+00
-6.725 0.625 0.0000e+00
-6.725 0.675 0.0000e+00
-6.725 0.725 0.0000e+00
-6.725 0.775 0.0000e+00
-6.725 0.825 0.0000e+00
-6.725 0.875 0.0000e+00
-6.725 0.925 0.0000e+00
-6.725 0.975 0.0000e+00
-6.725 1.025 0.0000e+00
-6.725 1.075 0.0000e+00
-6.725 1.125 0.0000e+00
-6.725 1.175 0.0000e+00
-6.725 1.225 0.0000e+00
-6.725 1.275 0.0000e+00
-6.725 1.325 0.0000e+00
-6.725 1.375 0.0000e+00
-6.725 1.425 0.0000e+00
-6.725 1.475 0.0000e+00
-6.725 1.525 5.5351e-27
-6.725 1.575 1.1070e-26
-6.725 1.625 2.2147e-26
-6.725 1.675 4.4323e-26
-6.725 1.725 8.8734e-26
-6.725 1.775 1.7772e-25
-6.725 1.825 3.5611e-25
-6.725 1.875 7.1394e-25
-6.725 1.925 1.4322e-24
-6.725 1.975 2.8748e-24
-6.725 2.025 5.7751e-24
-6.725 2.075 1.1611e-23
-6.725 2.125 2.3366e-23
-6.725 2.175 4.7073e-23
-6.725 2.225 9.4947e-23
-6.725 2.275 1.9177e-22
-6.725 2.325 3.8792e-22
-6.725 2.375 7.8607e-22
-6.725 2.425 1.5960e-21
-6.725 2.475 3.2475e-21
-6.725 2.525 6.6248e-21
-6.725 2.575 1.3553e-20
-6.725 2.625 2.7816e-20
-6.725 2.675 5.7301e-20
-6.725 2.725 1.1854e-19
-6.725 2.775 2.4639e-19
-6.725 2.825 5.1498e-19
-6.725 2.875 1.0832e-18
-6.725 2.925 2.2949e-18
-6.725 2.975 4.9034e-18
-6.725 3.025 1.0580e-17
-6.725 3.075 2.3090e-17
-6.725 3.125 5.1073e-17
-6.725 3.175 1.1478e-16
-6.725 3.225 2.6288e-16
-6.725 3.275 6.1600e-16
-6.725 3.325 1.4843e-15
-6.725 3.375 3.7027e-15
-6.725 3.425 9.6505e-15
-6.725 3.475 2.6629e-14
-6.725 3.525 7.9352e-14
-6.725 3.575 2.6365e-13
-6.725 3.625 1.0334e-12
-6.725 3.675 5.3447e-12
-6.725 3.725 4.7078e-11
-6.725 3.775 1.3869e-09
-6.725 3.825 1.2137e-06
-6.725 3.875 0.0000e+00
-6.725 3.925 0.0000e+00
-6.725 3.975 0.0000e+00
-6.675 -1.975 0.0000e+00
-6.675 -1.925 0.0000e+00
-6.675 -1.875 0.0000e+00
-6.675 -1.825 0.0000e+00
-6.675 -1.775 0.0000e+00
-6.675 -1.725 0.0000e+00
-6.675 -1.675 0.0000e+00
-6.675 -1.625 0.0000e+00
-6.675 -1.575 0.0000e+00
-6.675 -1.525 0.0000e+00
-6.675 -1.475 0.0000e+00
-6.675 -1.425 0.0000e+00
-6.675 -1.375 0.0000e+00
-6.675 -1.325 0.0000e+00
-6.675 -1.275 0.0000e+00
-6.675 -1.225 0.0000e+00
-6.675 -1.175 0.0000e+00
-6.675 -1.125 0.0000e+00
-6.675 -1.075 0.0000e+00
-6.675 -1.025 0.0000e+00
-6.675 -0.975 0.0000e+00
-6.675 -0.925 0.0000e+00
-6.675 -0.875 0.0000e+00
-6.675 -0.825 0.0000e+00
-6.675 -0.775 0.0000e+00
-6.675 -0.725 0.0000e+00
-6.675 -0.675 0.0000e+00
-6.675 -0.625 0.0000e+00
-6.675 -0.575 0.0000e+00
-6.675 -0.525 0.0000e+00
-6.675 -0.475 0.0000e+00
-6.675 -0.425 0.0000e+00
-6.675 -0.375 0.0000e+00
-6.675 -0.325 0.0000e+00
-6.675 -0.275 0.0000e+00
-6.675 -0.225 0.0000e+00
-6.675 -0.175 0.0000e+00
-6.675 -0.125 0.0000e+00
-6.675 -0.075 0.0000e+00
-6.675 -0.025 0.0000e+00
-6.675 0.025 0.0000e+00
-6.675 0.075 0.0000e+00
-6.675 0.125 0.0000e+00
-6.675 0.175 0.0000e+00
-6.675 0.225 0.0000e+00
-6.675 0.275 0.0000e+00
-6.675 0.325 0.0000e+00
-6.675 0.375 0.0000e+00
-6.675 0.425 0.0000e+00
-6.675 0.475 0.0000e+00
-6.675 0.525 0.0000e+00
-6.675 0.575 0.0000e+00
-6.675 0.625 0.0000e+00
-6.675 0.675 0.0000e+00
-6.675 0.725 0.0000e+00
-6.675 0.775 0.0000e+00
-6.675 0.825 0.0000e+00
-6.675 0.875 0.0000e+00
-6.675 0.925 0.0000e+00
-6.675 0.975 0.0000e+00
-6.675 1.025 0.0000e+00
-6.675 1.075 0.0000e+00
-6.675 1.125 0.0000e+00
-6.675 1.175 0.0000e+00
-6.675 1.225 0.0000e+00
-6.675 1.275 0.0000e+00
-6.675 1.325 0.0000e+00
-6.675 1.375 0.0000e+00
-6.675 1.425 0.0000e+00
-6.675 1.475 0.0000e+00
-6.675 1.525 6.9682e-27
-6.675 1.575 1.3937e-26
-6.675 1.625 2.7882e-26
-6.675 1.675 5.5799e-26
-6.675 1.725 1.1171e-25
-6.675 1.775 2.2374e-25
-6.675 1.825 4.4831e-25
-6.675 1.875 8.9879e-25
-6.675 1.925 1.8030e-24
-6.675 1.975 3.6192e-24
-6.675 2.025 7.2704e-24
-6.675 2.075 1.4617e-23
-6.675 2.125 2.9416e-23
-6.675 2.175 5.9262e-23
-6.675 2.225 1.1953e-22
-6.675 2.275 2.4142e-22
-6.675 2.325 4.8836e-22
-6.675 2.375 9.8960e-22
-6.675 2.425 2.0092e-21
-6.675 2.475 4.0884e-21
-6.675 2.525 8.3402e-21
-6.675 2.575 1.7062e-20
-6.675 2.625 3.5018e-20
-6.675 2.675 7.2138e-20
-6.675 2.725 1.4923e-19
-6.675 2.775 3.1019e-19
-6.675 2.825 6.4832e-19
-6.675 2.875 1.3636e-18
-6.675 2.925 2.8892e-18
-6.675 2.975 6.1730e-18
-6.675 3.025 1.3319e-17
-6.675 3.075 2.9068e-17
-6.675 3.125 6.4297e-17
-6.675 3.175 1.4450e-16
-6.675 3.225 3.3095e-16
-6.675 3.275 7.7550e-16
-6.675 3.325 1.8686e-15
-6.675 3.375 4.6614e-15
-6.675 3.425 1.2149e-14
-6.675 3.475 3.3524e-14
-6.675 3.525 9.9898e-14
-6.675 3.575 3.3192e-13
-6.675 3.625 1.3010e-12
-6.675 3.675 6.7286e-12
-6.675 3.725 5.9268e-11
-6.675 3.775 1.7460e-09
-6.675 3.825 1.5279e-06
-6.675 3.875 0.0000e+00
-6.675 3.925 0.0000e+00
-6.675 3.975 0.0000e+00
-6.625 -1.975 0.0000e+00
-6.625 -1.925 0.0000e+00
-6.625 -1.875 0.0000e+00
-6.625 -1.825 0.0000e+00
-6.625 -1.775 0.0000e+00
-6.625 -1.725 0.0000e+00
-6.625 -1.675 0.0000e+00
-6.625 -1.625 0.0000e+00
-6.625 -1.575 0.0000e+00
-6.625 -1.525 0.0000e+00
-6.625 -1.475 0.0000e+00
-6.625 -1.425 0.0000e+00
-6.625 -1.375 0.0000e+00
-6.625 -1.325 0.0000e+00
-6.625 -1.275 0.0000e+00
-6.625 -1.225 0.0000e+00
-6.625 -1.175 0.0000e+00
-6.625 -1.125 0.0000e+00
-6.625 -1.075 0.0000e+00
-6.625 -1.025 0.0000e+00
-6.625 -0.975 0.0000e+00
-6.625 -0.925 0.0000e+00
-6.625 -0.875 0.0000e+00
-6.625 -0.825 0.0000e+00
-6.625 -0.775 0.0000e+00
-6.625 -0.725 0.0000e+00
-6.625 -0.675 0.0000e+00
-6.625 -0.625 0.0000e+00
-6.625 -0.575 0.0000e+00
-6.625 -0.525 0.0000e+00
-6.625 -0.475 0.0000e+00
-6.625 -0.425 0.0000e+00
-6.625 -0.375 0.0000e+00
-6.625 -0.325 0.0000e+00
-6.625 -0.275 0.0000e+00
-6.625 -0.225 0.0000e+00
-6.625 -0.175 0.0000e+00
-6.625 -0.125 0.0000e+00
-6.625 -0.075 0.0000e+00
-6.625 -0.025 0.0000e+00
-6.625 0.025 0.0000e+00
-6.625 0.075 0.0000e+00
-6.625 0.125 0.0000e+00
-6.625 0.175 0.0000e+00
-6.625 0.225 0.0000e+00
-6.625 0.275 0.0000e+00
-6.625 0.325 0.0000e+00
-6.625 0.375 0.0000e+00
-6.625 0.425 0.0000e+00
-6.625 0.475 0.0000e+00
-6.625 0.525 0.0000e+00
-6.625 0.575 0.0000e+00
-6.625 0.625 0.0000e+00
-6.625 0.675 0.0000e+00
-6.625 0.725 0.0000e+00
-6.625 0.775 0.0000e+00
-6.625 0.825 0.0000e+00
-6.625 0.875 0.0000e+00
-6.625 0.925 0.0000e+00
-6.625 0.975 0.0000e+00
-6.625 1.025 0.0000e+00
-6.625 1.075 0.0000e+00
-6.625 1.125 0.0000e+00
-6.625 1.175 0.0000e+00
-6.625 1.225 0.0000e+00
-6.625 1.275 0.0000e+00
-6.625 1.325 0.0000e+00
-6.625 1.375 0.0000e+00
-6.625 1.425 0.0000e+00
-6.625 1.475 0.0000e+00
-6.625 1.525 8.7725e-27
-6.625 1.575 1.7545e-26
-6.625 1.625 3.5101e-26
-6.625 1.675 7.0246e-26
-6.625 1.725 1.4063e-25
-6.625 1.775 2.8167e-25
-6.625 1.825 5.6440e-25
-6.625 1.875 1.1315e-24
-6.625 1.925 2.2698e-24
-6.625 1.975 4.5563e-24
-6.625 2.025 9.1529e-24
-6.625 2.075 1.8402e-23
-6.625 2.125 3.7033e-23
-6.625 2.175 7.4606e-23
-6.625 2.225 1.5048e-22
-6.625 2.275 3.0393e-22
-6.625 2.325 6.1481e-22
-6.625 2.375 1.2458e-21
-6.625 2.425 2.5294e-21
-6.625 2.475 5.1470e-21
-6.625 2.525 1.0500e-20
-6.625 2.575 2.1480e-20
-6.625 2.625 4.4086e-20
-6.625 2.675 9.0816e-20
-6.625 2.725 1.8787e-19
-6.625 2.775 3.9051e-19
-6.625 2.825 8.1619e-19
-6.625 2.875 1.7167e-18
-6.625 2.925 3.6372e-18
-6.625 2.975 7.7714e-18
-6.625 3.025 1.6768e-17
-6.625 3.075 3.6595e-17
-6.625 3.125 8.0945e-17
-6.625 3.175 1.8191e-16
-6.625 3.225 4.1664e-16
-6.625 3.275 9.7629e-16
-6.625 3.325 2.3525e-15
-6.625 3.375 5.8683e-15
-6.625 3.425 1.5295e-14
-6.625 3.475 4.2204e-14
-6.625 3.525 1.2576e-13
-6.625 3.575 4.1786e-13
-6.625 3.625 1.6379e-12
-6.625 3.675 8.4708e-12
-6.625 3.725 7.4614e-11
-6.625 3.775 2.1981e-09
-6.625 3.825 1.9235e-06
-6.625 3.875 0.0000e+00
-6.625 3.925 0.0000e+00
-6.625 3.975 0.0000e+00
-6.575 -1.975 0.0000e+00
-6.575 -1.925 0.0000e+00
-6.575 -1.875 0.0000e+00
-6.575 -1.825 0.0000e+00
-6.575 -1.775 0.0000e+00
-6.575 -1.725 0.0000e+00
-6.575 -1.675 0.0000e+00
-6.575 -1.625 0.0000e+00
-6.575 -1.575 0.0000e+00
-6.575 -1.525 0.0000e+00
-6.575 -1.475 0.0000e+00
-6.575 -1.425 0.0000e+00
-6.575 -1.375 0.0000e+00
-6.575 -1.325 0.0000e+00
-6.575 -1.275 0.0000e+00
-6.575 -1.225 0.0000e+00
-6.575 -1.175 0.0000e+00
-6.575 -1.125 0.0000e+00
-6.575 -1.075 0.0000e+00
-6.575 -1.025 0.0000e+00
-6.575 -0.975 0.0000e+00
-6.575 -0.925 0.0000e+00
-6.575 -0.875 0.0000e+00
-6.575 -0.825 0.0000e+00
-6.575 -0.775 0.0000e+00
-6.575 -0.725 0.0000e+00
-6.575 -0.675 0.0000e+00
-6.575 -0.625 0.0000e+00
-6.575 -0.575 0.0000e+00
-6.575 -0.525 0.0000e+00
-6.575 -0.475 0.0000e+00
-6.575 -0.425 0.0000e+00
-6.575 -0.375 0.0000e+00
-6.575 -0.325 0.0000e+00
-6.575 -0.275 0.0000e+00
-6.575 -0.225 0.0000e+00
-6.575 -0.175 0.0000e+00
-6.575 -0.125 0.0000e+00
-6.575 -0.075 0.0000e+00
-6.575 -0.025 0.0000e+00
-6.575 0.025 0.0000e+00
-6.575 0.075 0.0000e+00
-6.575 0.125 0.0000e+00
-6.575 0.175 0.0000e+00
-6.575 0.225 0.0000e+00
-6.575 0.275 0.0000e+00
-6.575 0.325 0.0000e+00
-6.575 0.375 0.0000e+00
-6.575 0.425 0.0000e+00
-6.575 0.475 0.0000e+00
-6.575 0.525 0.0000e+00
-6.575 0.575 0.0000e+00
-6.575 0.625 0.0000e+00
-6.575 0.675 0.0000e+00
-6.575 0.725 0.0000e+00
-6.575 0.775 0.0000e+00
-6.575 0.825 0.0000e+00
-6.575 0.875 0.0000e+00
-6.575 0.925 0.0000e+00
-6.575 0.975 0.0000e+00
-6.575 1.025 0.0000e+00
-6.575 1.075 0.0000e+00
-6.575 1.125 0.0000e+00
-6.575 1.175 0.0000e+00
-6.575 1.225 0.0000e+00
-6.575 1.275 0.0000e+00
-6.575 1.325 0.0000e+00
-6.575 1.375 0.0000e+00
-6.575 1.425 0.0000e+00
-6.575 1.475 0.0000e+00
-6.575 1.525 1.1044e-26
-6.575 1.575 2.2088e-26
-6.575 1.625 4.4190e-26
-6.575 1.675 8.8435e-26
-6.575 1.725 1.7705e-25
-6.575 1.775 3.5460e-25
-6.575 1.825 7.1053e-25
-6.575 1.875 1.4245e-24
-6.575 1.925 2.8575e-24
-6.575 1.975 5.7360e-24
-6.575 2.025 1.1523e-23
-6.575 2.075 2.3167e-23
-6.575 2.125 4.6622e-23
-6.575 2.175 9.3923e-23
-6.575 2.225 1.8944e-22
-6.575 2.275 3.8263e-22
-6.575 2.325 7.7400e-22
-6.575 2.375 1.5684e-21
-6.575 2.425 3.1844e-21
-6.575 2.475 6.4797e-21
-6.575 2.525 1.3218e-20
-6.575 2.575 2.7042e-20
-6.575 2.625 5.5501e-20
-6.575 2.675 1.1433e-19
-6.575 2.725 2.3651e-19
-6.575 2.775 4.9162e-19
-6.575 2.825 1.0275e-18
-6.575 2.875 2.1612e-18
-6.575 2.925 4.5790e-18
-6.575 2.975 9.7836e-18
-6.575 3.025 2.1109e-17
-6.575 3.075 4.6070e-17
-6.575 3.125 1.0190e-16
-6.575 3.175 2.2901e-16
-6.575 3.225 5.2451e-16
-6.575 3.275 1.2291e-15
-6.575 3.325 2.9616e-15
-6.575 3.375 7.3878e-15
-6.575 3.425 1.9255e-14
-6.575 3.475 5.3132e-14
-6.575 3.525 1.5833e-13
-6.575 3.575 5.2606e-13
-6.575 3.625 2.0620e-12
-6.575 3.675 1.0664e-11
-6.575 3.725 9.3934e-11
-6.575 3.775 2.7672e-09
-6.575 3.825 2.4216e-06
-6.575 3.875 0.0000e+00
-6.575 3.925 0.0000e+00
-6.575 3.975 0.0000e+00
-6.525 -1.975 0.0000e+00
-6.525 -1.925 0.0000e+00
-6.525 -1.875 0.0000e+00
-6.525 -1.825 0.0000e+00
-6.525 -1.775 0.0000e+00
-6.525 -1.725 0.0000e+00
-6.525 -1.675 0.0000e+00
-6.525 -1.625 0.0000e+00
-6.525 -1.575 0.0000e+00
-6.525 -1.525 0.0000e+00
-6.525 -1.475 0.0000e+00
-6.525 -1.425 0.0000e+00
-6.525 -1.375 0.0000e+00
-6.525 -1.325 0.0000e+00
-6.525 -1.275 0.0000e+00
-6.525 -1.225 0.0000e+00
-6.525 -1.175 0.0000e+00
-6.525 -1.125 0.0000e+00
-6.525 -1.075 0.0000e+00
-6.525 -1.025 0.0000e+00
-6.525 -0.975 0.0000e+00
-6.525 -0.925 0.0000e+00
-6.525 -0.875 0.0000e+00
-6.525 -0.825 0.0000e+00
-6.525 -0.775 0.0000e+00
-6.525 -0.725 0.0000e+00
-6.525 -0.675 0.0000e+00
-6.525 -0.625 0.0000e+00
-6.525 -0.575 0.0000e+00
-6.525 -0.525 0.0000e+00
-6.525 -0.475 0.0000e+00
-6.525 -0.425 0.0000e+00
-6.525 -0.375 0.0000e+00
-6.525 -0.325 0.0000e+00
-6.525 -0.275 0.0000e+00
-6.525 -0.225 0.0000e+00
-6.525 -0.175 0.0000e+00
-6.525 -0.125 0.0000e+00
-6.525 -0.075 0.0000e+00
-6.525 -0.025 0.0000e+00
-6.525 0.025 0.0000e+00
-6.525 0.075 0.0000e+00
-6.525 0.125 0.0000e+00
-6.525 0.175 0.0000e+00
-6.525 0.225 0.0000e+00
-6.525 0.275 0.0000e+00
-6.525 0.325 0.0000e+00
-6.525 0.375 0.0000e+00
-6.525 0.425 0.0000e+00
-6.525 0.475 0.0000e+00
-6.525 0.525 0.0000e+00
-6.525 0.575 0.0000e+00
-6.525 0.625 0.0000e+00
-6.525 0.675 0.0000e+00
-6.525 0.725 0.0000e+00
-6.525 0.775 0.0000e+00
-6.525 0.825 0.0000e+00
-6.525 0.875 0.0000e+00
-6.525 0.925 0.0000e+00
-6.525 0.975 0.0000e+00
-6.525 1.025 0.0000e+00
-6.525 1.075 0.0000e+00
-6.525 1.125 0.0000e+00
-6.525 1.175 0.0000e+00
-6.525 1.225 0.0000e+00
-6.525 1.275 0.0000e+00
-6.525 1.325 0.0000e+00
-6.525 1.375 0.0000e+00
-6.525 1.425 0.0000e+00
-6.525 1.475 0.0000e+00
-6.525 1.525 1.3903e-26
-6.525 1.575 2.7807e-26
-6.525 1.625 5.5631e-26
-6.525 1.675 1.1133e-25
-6.525 1.725 2.2289e-25
-6.525 1.775 4.4641e-25
-6.525 1.825 8.9451e-25
-6.525 1.875 1.7933e-24
-6.525 1.925 3.5974e-24
-6.525 1.975 7.2212e-24
-6.525 2.025 1.4506e-23
-6.525 2.075 2.9165e-23
-6.525 2.125 5.8693e-23
-6.525 2.175 1.1824e-22
-6.525 2.225 2.3850e-22
-6.525 2.275 4.8170e-22
-6.525 2.325 9.7441e-22
-6.525 2.375 1.9745e-21
-6.525 2.425 4.0089e-21
-6.525 2.475 8.1575e-21
-6.525 2.525 1.6641e-20
-6.525 2.575 3.4043e-20
-6.525 2.625 6.9871e-20
-6.525 2.675 1.4393e-19
-6.525 2.725 2.9775e-19
-6.525 2.775 6.1891e-19
-6.525 2.825 1.2936e-18
-6.525 2.875 2.7208e-18
-6.525 2.925 5.7646e-18
-6.525 2.975 1.2317e-17
-6.525 3.025 2.6575e-17
-6.525 3.075 5.7999e-17
-6.525 3.125 1.2829e-16
-6.525 3.175 2.8831e-16
-6.525 3.225 6.6032e-16
-6.525 3.275 1.5473e-15
-6.525 3.325 3.7284e-15
-6.525 3.375 9.3007e-15
-6.525 3.425 2.4241e-14
-6.525 3.475 6.6890e-14
-6.525 3.525 1.9932e-13
-6.525 3.575 6.6227e-13
-6.525 3.625 2.5959e-12
-6.525 3.675 1.3425e-11
-6.525 3.725 1.1826e-10
-6.525 3.775 3.4838e-09
-6.525 3.825 3.0486e-06
-6.525 3.875 0.0000e+00
-6.525 3.925 0.0000e+00
-6.525 3.975 0.0000e+00
-6.475 -1.975 0.0000e+00
-6.475 -1.925 0.0000e+00
-6.475 -1.875 0.0000e+00
-6.475 -1.825 0.0000e+00
-6.475 -1.775 0.0000e+00
-6.475 -1.725 0.0000e+00
-6.475 -1.675 0.0000e+00
-6.475 -1.625 0.0000e+00
-6.475 -1.575 0.0000e+00
-6.475 -1.525 0.0000e+00
-6.475 -1.475 0.0000e+00
-6.475 -1.425 0.0000e+00
-6.475 -1.375 0.0000e+00
-6.475 -1.325 0.0000e+00
-6.475 -1.275 0.0000e+00
-6.475 -1.225 0.0000e+00
-6.475 -1.175 0.0000e+00
-6.475 -1.125 0.0000e+00
-6.475 -1.075 0.0000e+00
-6.475 -1.025 0.0000e+00
-6.475 -0.975 0.0000e+00
-6.475 -0.925 0.0000e+00
-6.475 -0.875 0.0000e+00
-6.475 -0.825 0.0000e+00
-6.475 -0.775 0.0000e+00
-6.475 -0.725 0.0000e+00
-6.475 -0.675 0.0000e+00
-6.475 -0.625 0.0000e+00
-6.475 -0.575 0.0000e+00
-6.475 -0.525 0.0000e+00
-6.475 -0.475 0.0000e+00
-6.475 -0.425 0.0000e+00
-6.475 -0.375 0.0000e+00
-6.475 -0.325 0.0000e+00
-6.475 -0.275 0.0000e+00
-6.475 -0.225 0.0000e+00
-6.475 -0.175 0.0000e+00
-6.475 -0.125 0.0000e+00
-6.475 -0.075 0.0000e+00
-6.475 -0.025 0.0000e+00
-6.475 0.025 0.0000e+00
-6.475 0.075 0.0000e+00
-6.475 0.125 0.0000e+00
-6.475 0.175 0.0000e+00
-6.475 0.225 0.0000e+00
-6.475 0.275 0.0000e+00
-6.475 0.325 0.0000e+00
-6.475 0.375 0.0000e+00
-6.475 0.425 0.0000e+00
-6.475 0.475 0.0000e+00
-6.475 0.525 0.0000e+00
-6.475 0.575 0.0000e+00
-6.475 0.625 0.0000e+00
-6.475 0.675 0.0000e+00
-6.475 0.725 0.0000e+00
-6.475 0.775 0.0000e+00
-6.475 0.825 0.0000e+00
-6.475 0.875 0.0000e+00
-6.475 0.925 0.0000e+00
-6.475 0.975 0.0000e+00
-6.475 1.025 0.0000e+00
-6.475 1.075 0.0000e+00
-6.475 1.125 0.0000e+00
-6.475 1.175 0.0000e+00
-6.475 1.225 0.0000e+00
-6.475 1.275 0.0000e+00
-6.475 1.325 0.0000e+00
-6.475 1.375 0.0000e+00
-6.475 1.425 0.0000e+00
-6.475 1.475 0.0000e+00
-6.475 1.525 1.7503e-26
-6.475 1.575 3.5007e-26
-6.475 1.625 7.0036e-26
-6.475 1.675 1.4016e-25
-6.475 1.725 2.8060e-25
-6.475 1.775 5.6200e-25
-6.475 1.825 1.1261e-24
-6.475 1.875 2.2577e-24
-6.475 1.925 4.5289e-24
-6.475 1.975 9.0910e-24
-6.475 2.025 1.8262e-23
-6.475 2.075 3.6717e-23
-6.475 2.125 7.3891e-23
-6.475 2.175 1.4886e-22
-6.475 2.225 3.0025e-22
-6.475 2.275 6.0643e-22
-6.475 2.325 1.2267e-21
-6.475 2.375 2.4858e-21
-6.475 2.425 5.0469e-21
-6.475 2.475 1.0270e-20
-6.475 2.525 2.0950e-20
-6.475 2.575 4.2858e-20
-6.475 2.625 8.7962e-20
-6.475 2.675 1.8120e-19
-6.475 2.725 3.7485e-19
-6.475 2.775 7.7916e-19
-6.475 2.825 1.6285e-18
-6.475 2.875 3.4253e-18
-6.475 2.925 7.2572e-18
-6.475 2.975 1.5506e-17
-6.475 3.025 3.3456e-17
-6.475 3.075 7.3016e-17
-6.475 3.125 1.6151e-16
-6.475 3.175 3.6296e-16
-6.475 3.225 8.3130e-16
-6.475 3.275 1.9480e-15
-6.475 3.325 4.6938e-15
-6.475 3.375 1.1709e-14
-6.475 3.425 3.0518e-14
-6.475 3.475 8.4209e-14
-6.475 3.525 2.5093e-13
-6.475 3.575 8.3374e-13
-6.475 3.625 3.2680e-12
-6.475 3.675 1.6902e-11
-6.475 3.725 1.4887e-10
-6.475 3.775 4.3858e-09
-6.475 3.825 3.8379e-06
-6.475 3.875 0.0000e+00
-6.475 3.925 0.0000e+00
-6.475 3.975 0.0000e+00
-6.425 -1.975 0.0000e+00
-6.425 -1.925 0.0000e+00
-6.425 -1.875 0.0000e+00
-6.425 -1.825 0.0000e+00
-6.425 -1.775 0.0000e+00
-6.425 -1.725 0.0000e+00
-6.425 -1.675 0.0000e+00
-6.425 -1.625 0.0000e+00
-6.425 -1.575 0.0000e+00
-6.425 -1.525 0.0000e+00
-6.425 -1.475 0.0000e+00
-6.425 -1.425 0.0000e+00
-6.425 -1.375 0.0000e+00
-6.425 -1.325 0.0000e+00
-6.425 -1.275 0.0000e+00
-6.425 -1.225 0.0000e+00
-6.425 -1.175 0.0000e+00
-6.425 -1.125 0.0000e+00
-6.425 -1.075 0.0000e+00
-6.425 -1.025 0.0000e+00
-6.425 -0.975 0.0000e+00
-6.425 -0.925 0.0000e+00
-6.425 -0.875 0.0000e+00
-6.425 -0.825 0.0000e+00
-6.425 -0.775 0.0000e+00
-6.425 -0.725 0.0000e+00
-6.425 -0.675 0.0000e+00
-6.425 -0.625 0.0000e+00
-6.425 -0.575 0.0000e+00
-6.425 -0.525 0.0000e+00
-6.425 -0.475 0.0000e+00
-6.425 -0.425 0.0000e+00
-6.425 -0.375 0.0000e+00
-6.425 -0.325 0.0000e+00
-6.425 -0.275 0.0000e+00
-6.425 -0.225 0.0000e+00
-6.425 -0.175 0.0000e+00
-6.425 -0.125 0.0000e+00
-6.425 -0.075 0.0000e+00
-6.425 -0.025 0.0000e+00
-6.425 0.025 0.0000e+00
-6.425 0.075 0.0000e+00
-6.425 0.125 0.0000e+00
-6.425 0.175 0.0000e+00
-6.425 0.225 0.0000e+00
-6.425 0.275 0.0000e+00
-6.425 0.325 0.0000e+00
-6.425 0.375 0.0000e+00
-6.425 0.425 0.0000e+00
-6.425 0.475 0.0000e+00
-6.425 0.525 0.0000e+00
-6.425 0.575 0.0000e+00
-6.425 0.625 0.0000e+00
-6.425 0.675 0.0000e+00
-6.425 0.725 0.0000e+00
-6.425 0.775 0.0000e+00
-6.425 0.825 0.0000e+00
-6.425 0.875 0.0000e+00
-6.425 0.925 0.0000e+00
-6.425 0.975 0.0000e+00
-6.425 1.025 0.0000e+00
-6.425 1.075 0.0000e+00
-6.425 1.125 0.0000e+00
-6.425 1.175 0.0000e+00
-6.425 1.225 0.0000e+00
-6.425 1.275 0.0000e+00
-6.425 1.325 0.0000e+00
-6.425 1.375 0.0000e+00
-6.425 1.425 0.0000e+00
-6.425 1.475 0.0000e+00
-6.425 1.525 2.2035e-26
-6.425 1.575 4.4071e-26
-6.425 1.625 8.8170e-26
-6.425 1.675 1.7645e-25
-6.425 1.725 3.5326e-25
-6.425 1.775 7.0751e-25
-6.425 1.825 1.4177e-24
-6.425 1.875 2.8422e-24
-6.425 1.925 5.7015e-24
-6.425 1.975 1.1445e-23
-6.425 2.025 2.2991e-23
-6.425 2.075 4.6224e-23
-6.425 2.125 9.3023e-23
-6.425 2.175 1.8740e-22
-6.425 2.225 3.7799e-22
-6.425 2.275 7.6345e-22
-6.425 2.325 1.5443e-21
-6.425 2.375 3.1294e-21
-6.425 2.425 6.3537e-21
-6.425 2.475 1.2929e-20
-6.425 2.525 2.6374e-20
-6.425 2.575 5.3955e-20
-6.425 2.625 1.1074e-19
-6.425 2.675 2.2812e-19
-6.425 2.725 4.7190e-19
-6.425 2.775 9.8091e-19
-6.425 2.825 2.0502e-18
-6.425 2.875 4.3122e-18
-6.425 2.925 9.1363e-18
-6.425 2.975 1.9521e-17
-6.425 3.025 4.2119e-17
-6.425 3.075 9.1922e-17
-6.425 3.125 2.0332e-16
-6.425 3.175 4.5694e-16
-6.425 3.225 1.0465e-15
-6.425 3.275 2.4523e-15
-6.425 3.325 5.9092e-15
-6.425 3.375 1.4741e-14
-6.425 3.425 3.8419e-14
-6.425 3.475 1.0601e-13
-6.425 3.525 3.1591e-13
-6.425 3.575 1.0496e-12
-6.425 3.625 4.1142e-12
-6.425 3.675 2.1278e-11
-6.425 3.725 1.8742e-10
-6.425 3.775 5.5214e-09
-6.425 3.825 4.8317e-06
-6.425 3.875 0.0000e+00
-6.425 3.925 0.0000e+00
-6.425 3.975 0.0000e+00
-6.375 -1.975 0.0000e+00
-6.375 -1.925 0.0000e+00
-6.375 -1.875 0.0000e+00
-6.375 -1.825 0.0000e+00
-6.375 -1.775 0.0000e+00
-6.375 -1.725 0.0000e+00
-6.375 -1.675 0.0000e+00
-6.375 -1.625 0.0000e+00
-6.375 -1.575 0.0000e+00
-6.375 -1.525 0.0000e+00
-6.375 -1.475 0.0000e+00
-6.375 -1.425 0.0000e+00
-6.375 -1.375 0.0000e+00
-6.375 -1.325 0.0000e+00
-6.375 -1.275 0.0000e+00
-6.375 -1.225 0.0000e+00
-6.375 -1.175 0.0000e+00
-6.375 -1.125 0.0000e+00
-6.375 -1.075 0.0000e+00
-6.375 -1.025 0.0000e+00
-6.375 -0.975 0.0000e+00
-6.375 -0.925 0.0000e+00
-6.375 -0.875 0.0000e+00
-6.375 -0.825 0.0000e+00
-6.375 -0.775 0.0000e+00
-6.375 -0.725 0.0000e+00
-6.375 -0.675 0.0000e+00
-6.375 -0.625 0.0000e+00
-6.375 -0.575 0.0000e+00
-6.375 -0.525 0.0000e+00
-6.375 -0.475 0.0000e+00
-6.375 -0.425 0.0000e+00
-6.375 -0.375 0.0000e+00
-6.375 -0.325 0.0000e+00
-6.375 -0.275 0.0000e+00
-6.375 -0.225 0.0000e+00
-6.375 -0.175 0.0000e+00
-6.375 -0.125 0.0000e+00
-6.375 -0.075 0.0000e+00
-6.375 -0.025 0.0000e+00
-6.375 0.025 0.0000e+00
-6.375 0.075 0.0000e+00
-6.375 0.125 0.0000e+00
-6.375 0.175 0.0000e+00
-6.375 0.225 0.0000e+00
-6.375 0.275 0.0000e+00
-6.375 0.325 0.0000e+00
-6.375 0.375 0.0000e+00
-6.375 0.425 0.0000e+00
-6.375 0.475 0.0000e+00
-6.375 0.525 0.0000e+00
-6.375 0.575 0.0000e+00
-6.375 0.625 0.0000e+00
-6.375 0.675 0.0000e+00
-6.375 0.725 0.0000e+00
-6.375 0.775 0.0000e+00
-6.375 0.825 0.0000e+00
-6.375 0.875 0.0000e+00
-6.375 0.925 0.0000e+00
-6.375 0.975 0.0000e+00
-6.375 1.025 0.0000e+00
-6.375 1.075 0.0000e+00
-6.375 1.125 0.0000e+00
-6.375 1.175 0.0000e+00
-6.375 1.225 0.0000e+00
-6.375 1.275 0.0000e+00
-6.375 1.325 0.0000e+00
-6.375 1.375 0.0000e+00
-6.375 1.425 0.0000e+00
-6.375 1.475 0.0000e+00
-6.375 1.525 2.7741e-26
-6.375 1.575 5.5483e-26
-6.375 1.625 1.1100e-25
-6.375 1.675 2.2214e-25
-6.375 1.725 4.4472e-25
-6.375 1.775 8.9071e-25
-6.375 1.825 1.7848e-24
-6.375 1.875 3.5782e-24
-6.375 1.925 7.1778e-24
-6.375 1.975 1.4408e-23
-6.375 2.025 2.8944e-23
-6.375 2.075 5.8192e-23
-6.375 2.125 1.1711e-22
-6.375 2.175 2.3593e-22
-6.375 2.225 4.7586e-22
-6.375 2.275 9.6113e-22
-6.375 2.325 1.9442e-21
-6.375 2.375 3.9397e-21
-6.375 2.425 7.9988e-21
-6.375 2.475 1.6276e-20
-6.375 2.525 3.3203e-20
-6.375 2.575 6.7925e-20
-6.375 2.625 1.3941e-19
-6.375 2.675 2.8719e-19
-6.375 2.725 5.9409e-19
-6.375 2.775 1.2349e-18
-6.375 2.825 2.5810e-18
-6.375 2.875 5.4288e-18
-6.375 2.925 1.1502e-17
-6.375 2.975 2.4575e-17
-6.375 3.025 5.3025e-17
-6.375 3.075 1.1572e-16
-6.375 3.125 2.5597e-16
-6.375 3.175 5.7525e-16
-6.375 3.225 1.3175e-15
-6.375 3.275 3.0873e-15
-6.375 3.325 7.4392e-15
-6.375 3.375 1.8557e-14
-6.375 3.425 4.8367e-14
-6.375 3.475 1.3346e-13
-6.375 3.525 3.9770e-13
-6.375 3.575 1.3214e-12
-6.375 3.625 5.1795e-12
-6.375 3.675 2.6787e-11
-6.375 3.725 2.3595e-10
-6.375 3.775 6.9510e-09
-6.375 3.825 6.0827e-06
-6.375 3.875 0.0000e+00
-6.375 3.925 0.0000e+00
-6.375 3.975 0.0000e+00
-6.325 -1.975 0.0000e+00
-6.325 -1.925 0.0000e+00
-6.325 -1.875 0.0000e+00
-6.325 -1.825 0.0000e+00
-6.325 -1.775 0.0000e+00
-6.325 -1.725 0.0000e+00
-6.325 -1.675 0.0000e+00
-6.325 -1.625 0.0000e+00
-6.325 -1.575 0.0000e+00
-6.325 -1.525 0.0000e+00
-6.325 -1.475 0.0000e+00
-6.325 -1.425 0.0000e+00
-6.325 -1.375 0.0000e+00
-6.325 -1.325 0.0000e+00
-6.325 -1.275 0.0000e+00
-6.325 -1.225 0.0000e+00
-6.325 -1.175 0.0000e+00
-6.325 -1.125 0.0000e+00
-6.325 -1.075 0.0000e+00
-6.325 -1.025 0.0000e+00
-6.325 -0.975 0.0000e+00
-6.325 -0.925 0.0000e+00
-6.325 -0.875 0.0000e+00
-6.325 -0.825 0.0000e+00
-6.325 -0.775 0.0000e+00
-6.325 -0.725 0.0000e+00
-6.325 -0.675 0.0000e+00
-6.325 -0.625 0.0000e+00
-6.325 -0.575 0.0000e+00
-6.325 -0.525 0.0000e+00
-6.325 -0.475 0.0000e+00
-6.325 -0.425 0.0000e+00
-6.325 -0.375 0.0000e+00
-6.325 -0.325 0.0000e+00
-6.325 -0.275 0.0000e+00
-6.325 -0.225 0.0000e+00
-6.325 -0.175 0.0000e+00
-6.325 -0.125 0.0000e+00
-6.325 -0.075 0.0000e+00
-6.325 -0.025 0.0000e+00
-6.325 0.025 0.0000e+00
-6.325 0.075 0.0000e+00
-6.325 0.125 0.0000e+00
-6.325 0.175 0.0000e+00
-6.325 0.225 0.0000e+00
-6.325 0.275 0.0000e+00
-6.325 0.325 0.0000e+00
-6.325 0.375 0.0000e+00
-6.325 0.425 0.0000e+00
-6.325 0.475 0.0000e+00
-6.325 0.525 0.0000e+00
-6.325 0.575 0.0000e+00
-6.325 0.625 0.0000e+00
-6.325 0.675 0.0000e+00
-6.325 0.725 0.0000e+00
-6.325 0.775 0.0000e+00
-6.325 0.825 0.0000e+00
-6.325 0.875 0.0000e+00
-6.325 0.925 0.0000e+00
-6.325 0.975 0.0000e+00
-6.325 1.025 0.0000e+00
-6.325 1.075 0.0000e+00
-6.325 1.125 0.0000e+00
-6.325 1.175 0.0000e+00
-6.325 1.225 0.0000e+00
-6.325 1.275 0.0000e+00
-6.325 1.325 0.0000e+00
-6.325 1.375 0.0000e+00
-6.325 1.425 0.0000e+00
-6.325 1.475 0.0000e+00
-6.325 1.525 3.4924e-26
-6.325 1.575 6.9849e-26
-6.325 1.625 1.3974e-25
-6.325 1.675 2.7966e-25
-6.325 1.725 5.5987e-25
-6.325 1.775 1.1213e-24
-6.325 1.825 2.2469e-24
-6.325 1.875 4.5046e-24
-6.325 1.925 9.0363e-24
-6.325 1.975 1.8139e-23
-6.325 2.025 3.6438e-23
-6.325 2.075 7.3260e-23
-6.325 2.125 1.4743e-22
-6.325 2.175 2.9701e-22
-6.325 2.225 5.9908e-22
-6.325 2.275 1.2100e-21
-6.325 2.325 2.4476e-21
-6.325 2.375 4.9597e-21
-6.325 2.425 1.0070e-20
-6.325 2.475 2.0491e-20
-6.325 2.525 4.1800e-20
-6.325 2.575 8.5513e-20
-6.325 2.625 1.7551e-19
-6.325 2.675 3.6154e-19
-6.325 2.725 7.4791e-19
-6.325 2.775 1.5546e-18
-6.325 2.825 3.2493e-18
-6.325 2.875 6.8344e-18
-6.325 2.925 1.4480e-17
-6.325 2.975 3.0939e-17
-6.325 3.025 6.6754e-17
-6.325 3.075 1.4569e-16
-6.325 3.125 3.2225e-16
-6.325 3.175 7.2420e-16
-6.325 3.225 1.6587e-15
-6.325 3.275 3.8867e-15
-6.325 3.325 9.3654e-15
-6.325 3.375 2.3362e-14
-6.325 3.425 6.0890e-14
-6.325 3.475 1.6802e-13
-6.325 3.525 5.0068e-13
-6.325 3.575 1.6635e-12
-6.325 3.625 6.5206e-12
-6.325 3.675 3.3723e-11
-6.325 3.725 2.9705e-10
-6.325 3.775 8.7508e-09
-6.325 3.825 7.6576e-06
-6.325 3.875 0.0000e+00
-6.325 3.925 0.0000e+00
-6.325 3.975 0.0000e+00
-6.275 -1.975 0.0000e+00
-6.275 -1.925 0.0000e+00
-6.275 -1.875 0.0000e+00
-6.275 -1.825 0.0000e+00
-6.275 -1.775 0.0000e+00
-6.275 -1.725 0.0000e+00
-6.275 -1.675 0.0000e+00
-6.275 -1.625 0.0000e+00
-6.275 -1.575 0.0000e+00
-6.275 -1.525 0.0000e+00
-6.275 -1.475 0.0000e+00
-6.275 -1.425 0.0000e+00
-6.275 -1.375 0.0000e+00
-6.275 -1.325 0.0000e+00
-6.275 -1.275 0.0000e+00
-6.275 -1.225 0.0000e+00
-6.275 -1.175 0.0000e+00
-6.275 -1.125 0.0000e+00
-6.275 -1.075 0.0000e+00
-6.275 -1.025 0.0000e+00
-6.275 -0.975 0.0000e+00
-6.275 -0.925 0.0000e+00
-6.275 -0.875 0.0000e+00
-6.275 -0.825 0.0000e+00
-6.275 -0.775 0.0000e+00
-6.275 -0.725 0.0000e+00
-6.275 -0.675 0.0000e+00
-6.275 -0.625 0.0000e+00
-6.275 -0.575 0.0000e+00
-6.275 -0.525 0.0000e+00
-6.275 -0.475 0.0000e+00
-6.275 -0.425 0.0000e+00
-6.275 -0.375 0.0000e+00
-6.275 -0.325 0.0000e+00
-6.275 -0.275 0.0000e+00
-6.275 -0.225 0.0000e+00
-6.275 -0.175 0.0000e+00
-6.275 -0.125 0.0000e+00
-6.275 -0.075 0.0000e+00
-6.275 -0.025 0.0000e+00
-6.275 0.025 0.0000e+00
-6.275 0.075 0.0000e+00
-6.275 0.125 0.0000e+00
-6.275 0.175 0.0000e+00
-6.275 0.225 0.0000e+00
-6.275 0.275 0.0000e+00
-6.275 0.325 0.0000e+00
-6.275 0.375 0.0000e+00
-6.275 0.425 0.0000e+00
-6.275 0.475 0.0000e+00
-6.275 0.525 0.0000e+00
-6.275 0.575 0.0000e+00
-6.275 0.625 0.0000e+00
-6.275 0.675 0.0000e+00
-6.275 0.725 0.0000e+00
-6.275 0.775 0.0000e+00
-6.275 0.825 0.0000e+00
-6.275 0.875 0.0000e+00
-6.275 0.925 0.0000e+00
-6.275 0.975 0.0000e+00
-6.275 1.025 0.0000e+00
-6.275 1.075 0.0000e+00
-6.275 1.125 0.0000e+00
-6.275 1.175 0.0000e+00
-6.275 1.225 0.0000e+00
-6.275 1.275 0.0000e+00
-6.275 1.325 0.0000e+00
-6.275 1.375 0.0000e+00
-6.275 1.425 0.0000e+00
-6.275 1.475 0.0000e+00
-6.275 1.525 4.3967e-26
-6.275 1.575 8.7934e-26
-6.275 1.625 1.7592e-25
-6.275 1.675 3.5207e-25
-6.275 1.725 7.0484e-25
-6.275 1.775 1.4117e-24
-6.275 1.825 2.8287e-24
-6.275 1.875 5.6710e-24
-6.275 1.925 1.1376e-23
-6.275 1.975 2.2836e-23
-6.275 2.025 4.5873e-23
-6.275 2.075 9.2229e-23
-6.275 2.125 1.8560e-22
-6.275 2.175 3.7392e-22
-6.275 2.225 7.5419e-22
-6.275 2.275 1.5233e-21
-6.275 2.325 3.0814e-21
-6.275 2.375 6.2439e-21
-6.275 2.425 1.2677e-20
-6.275 2.475 2.5796e-20
-6.275 2.525 5.2623e-20
-6.275 2.575 1.0765e-19
-6.275 2.625 2.2095e-19
-6.275 2.675 4.5516e-19
-6.275 2.725 9.4157e-19
-6.275 2.775 1.9572e-18
-6.275 2.825 4.0906e-18
-6.275 2.875 8.6040e-18
-6.275 2.925 1.8229e-17
-6.275 2.975 3.8949e-17
-6.275 3.025 8.4038e-17
-6.275 3.075 1.8341e-16
-6.275 3.125 4.0568e-16
-6.275 3.175 9.1171e-16
-6.275 3.225 2.0881e-15
-6.275 3.275 4.8931e-15
-6.275 3.325 1.1790e-14
-6.275 3.375 2.9411e-14
-6.275 3.425 7.6657e-14
-6.275 3.475 2.1152e-13
-6.275 3.525 6.3032e-13
-6.275 3.575 2.0943e-12
-6.275 3.625 8.2089e-12
-6.275 3.675 4.2455e-11
-6.275 3.725 3.7396e-10
-6.275 3.775 1.1017e-08
-6.275 3.825 9.6404e-06
-6.275 3.875 0.0000e+00
-6.275 3.925 0.0000e+00
-6.275 3.975 0.0000e+00
-6.225 -1.975 0.0000e+00
-6.225 -1.925 0.0000e+00
-6.225 -1.875 0.0000e+00
-6.225 -1.825 0.0000e+00
-6.225 -1.775 0.0000e+00
-6.225 -1.725 0.0000e+00
-6.225 -1.675 0.0000e+00
-6.225 -1.625 0.0000e+00
-6.225 -1.575 0.0000e+00
-6.225 -1.525 0.0000e+00
-6.225 -1.475 0.0000e+00
-6.225 -1.425 0.0000e+00
-6.225 -1.375 0.0000e+00
-6.225 -1.325 0.0000e+00
-6.225 -1.275 0.0000e+00
-6.225 -1.225 0.0000e+00
-6.225 -1.175 0.0000e+00
-6.225 -1.125 0.0000e+00
-6.225 -1.075 0.0000e+00
-6.225 -1.025 0.0000e+00
-6.225 -0.975 0.0000e+00
-6.225 -0.925 0.0000e+00
-6.225 -0.875 0.0000e+00
-6.225 -0.825 0.0000e+00
-6.225 -0.775 0.0000e+00
-6.225 -0.725 0.0000e+00
-6.225 -0.675 0.0000e+00
-6.225 -0.625 0.0000e+00
-6.225 -0.575 0.0000e+00
-6.225 -0.525 0.0000e+00
-6.225 -0.475 0.0000e+00
-6.225 -0.425 0.0000e+00
-6.225 -0.375 0.0000e+00
-6.225 -0.325 0.0000e+00
-6.225 -0.275 0.0000e+00
-6.225 -0.225 0.0000e+00
-6.225 -0.175 0.0000e+00
-6.225 -0.125 0.0000e+00
-6.225 -0.075 0.0000e+00
-6.225 -0.025 0.0000e+00
-6.225 0.025 0.0000e+00
-6.225 0.075 0.0000e+00
-6.225 0.125 0.0000e+00
-6.225 0.175 0.0000e+00
-6.225 0.225 0.0000e+00
-6.225 0.275 0.0000e+00
-6.225 0.325 0.0000e+00
-6.225 0.375 0.0000e+00
-6.225 0.425 0.0000e+00
-6.225 0.475 0.0000e+00
-6.225 0.525 0.0000e+00
-6.225 0.575 0.0000e+00
-6.225 0.625 0.0000e+00
-6.225 0.675 0.0000e+00
-6.225 0.725 0.0000e+00
-6.225 0.775 0.0000e+00
-6.225 0.825 0.0000e+00
-6.225 0.875 0.0000e+00
-6.225 0.925 0.0000e+00
-6.225 0.975 0.0000e+00
-6.225 1.025 0.0000e+00
-6.225 1.075 0.0000e+00
-6.225 1.125 0.0000e+00
-6.225 1.175 0.0000e+00
-6.225 1.225 0.0000e+00
-6.225 1.275 0.0000e+00
-6.225 1.325 0.0000e+00
-6.225 1.375 0.0000e+00
-6.225 1.425 0.0000e+00
-6.225 1.475 0.0000e+00
-6.225 1.525 5.5351e-26
-6.225 1.575 1.1070e-25
-6.225 1.625 2.2147e-25
-6.225 1.675 4.4323e-25
-6.225 1.725 8.8734e-25
-6.225 1.775 1.7772e-24
-6.225 1.825 3.5611e-24
-6.225 1.875 7.1394e-24
-6.225 1.925 1.4322e-23
-6.225 1.975 2.8748e-23
-6.225 2.025 5.7751e-23
-6.225 2.075 1.1611e-22
-6.225 2.125 2.3366e-22
-6.225 2.175 4.7073e-22
-6.225 2.225 9.4947e-22
-6.225 2.275 1.9177e-21
-6.225 2.325 3.8792e-21
-6.225 2.375 7.8607e-21
-6.225 2.425 1.5960e-20
-6.225 2.475 3.2475e-20
-6.225 2.525 6.6248e-20
-6.225 2.575 1.3553e-19
-6.225 2.625 2.7816e-19
-6.225 2.675 5.7301e-19
-6.225 2.725 1.1854e-18
-6.225 2.775 2.4639e-18
-6.225 2.825 5.1498e-18
-6.225 2.875 1.0832e-17
-6.225 2.925 2.2949e-17
-6.225 2.975 4.9034e-17
-6.225 3.025 1.0580e-16
-6.225 3.075 2.3090e-16
-6.225 3.125 5.1073e-16
-6.225 3.175 1.1478e-15
-6.225 3.225 2.6288e-15
-6.225 3.275 6.1600e-15
-6.225 3.325 1.4843e-14
-6.225 3.375 3.7027e-14
-6.225 3.425 9.6505e-14
-6.225 3.475 2.6629e-13
-6.225 3.525 7.9352e-13
-6.225 3.575 2.6365e-12
-6.225 3.625 1.0334e-11
-6.225 3.675 5.3448e-11
-6.225 3.725 4.7079e-10
-6.225 3.775 1.3869e-08
-6.225 3.825 1.2136e-05
-6.225 3.875 0.0000e+00
-6.225 3.925 0.0000e+00
-6.225 3.975 0.0000e+00
-6.175 -1.975 0.0000e+00
-6.175 -1.925 0.0000e+00
-6.175 -1.875 0.0000e+00
-6.175 -1.825 0.0000e+00
-6.175 -1.775 0.0000e+00
-6.175 -1.725 0.0000e+00
-6.175 -1.675 0.0000e+00
-6.175 -1.625 0.0000e+00
-6.175 -1.575 0.0000e+00
-6.175 -1.525 0.0000e+00
-6.175 -1.475 0.0000e+00
-6.175 -1.425 0.0000e+00
-6.175 -1.375 0.0000e+00
-6.175 -1.325 0.0000e+00
-6.175 -1.275 0.0000e+00
-6.175 -1.225 0.0000e+00
-6.175 -1.175 0.0000e+00
-6.175 -1.125 0.0000e+00
-6.175 -1.075 0.0000e+00
-6.175 -1.025 0.0000e+00
-6.175 -0.975 0.0000e+00
-6.175 -0.925 0.0000e+00
-6.175 -0.875 0.0000e+00
-6.175 -0.825 0.0000e+00
-6.175 -0.775 0.0000e+00
-6.175 -0.725 0.0000e+00
-6.175 -0.675 0.0000e+00
-6.175 -0.625 0.0000e+00
-6.175 -0.575 0.0000e+00
-6.175 -0.525 0.0000e+00
-6.175 -0.475 0.0000e+00
-6.175 -0.425 0.0000e+00
-6.175 -0.375 0.0000e+00
-6.175 -0.325 0.0000e+00
-6.175 -0.275 0.0000e+00
-6.175 -0.225 0.0000e+00
-6.175 -0.175 0.0000e+00
-6.175 -0.125 0.0000e+00
-6.175 -0.075 0.0000e+00
-6.175 -0.025 0.0000e+00
-6.175 0.025 0.0000e+00
-6.175 0.075 0.0000e+00
-6.175 0.125 0.0000e+00
-6.175 0.175 0.0000e+00
-6.175 0.225 0.0000e+00
-6.175 0.275 0.0000e+00
-6.175 0.325 0.0000e+00
-6.175 0.375 0.0000e+00
-6.175 0.425 0.0000e+00
-6.175 0.475 0.0000e+00
-6.175 0.525 0.0000e+00
-6.175 0.575 0.0000e+00
-6.175 0.625 0.0000e+00
-6.175 0.675 0.0000e+00
-6.175 0.725 0.0000e+00
-6.175 0.775 0.0000e+00
-6.175 0.825 0.0000e+00
-6.175 0.875 0.0000e+00
-6.175 0.925 0.0000e+00
-6.175 0.975 0.0000e+00
-6.175 1.025 0.0000e+00
-6.175 1.075 0.0000e+00
-6.175 1.125 0.0000e+00
-6.175 1.175 0.0000e+00
-6.175 1.225 0.0000e+00
-6.175 1.275 0.0000e+00
-6.175 1.325 0.0000e+00
-6.175 1.375 0.0000e+00
-6.175 1.425 0.0000e+00
-6.175 1.475 0.0000e+00
-6.175 1.525 6.9682e-26
-6.175 1.575 1.3937e-25
-6.175 1.625 2.7882e-25
-6.175 1.675 5.5799e-25
-6.175 1.725 1.1171e-24
-6.175 1.775 2.2374e-24
-6.175 1.825 4.4831e-24
-6.175 1.875 8.9879e-24
-6.175 1.925 1.8030e-23
-6.175 1.975 3.6192e-23
-6.175 2.025 7.2704e-23
-6.175 2.075 1.4617e-22
-6.175 2.125 2.9416e-22
-6.175 2.175 5.9262e-22
-6.175 2.225 1.1953e-21
-6.175 2.275 2.4142e-21
-6.175 2.325 4.8836e-21
-6.175 2.375 9.8960e-21
-6.175 2.425 2.0092e-20
-6.175 2.475 4.0884e-20
-6.175 2.525 8.3402e-20
-6.175 2.575 1.7062e-19
-6.175 2.625 3.5018e-19
-6.175 2.675 7.2138e-19
-6.175 2.725 1.4923e-18
-6.175 2.775 3.1019e-18
-6.175 2.825 6.4832e-18
-6.175 2.875 1.3636e-17
-6.175 2.925 2.8892e-17
-6.175 2.975 6.1730e-17
-6.175 3.025 1.3319e-16
-6.175 3.075 2.9068e-16
-6.175 3.125 6.4297e-16
-6.175 3.175 1.4450e-15
-6.175 3.225 3.3095e-15
-6.175 3.275 7.7550e-15
-6.175 3.325 1.8686e-14
-6.175 3.375 4.6614e-14
-6.175 3.425 1.2149e-13
-6.175 3.475 3.3524e-13
-6.175 3.525 9.9898e-13
-6.175 3.575 3.3192e-12
-6.175 3.625 1.3010e-11
-6.175 3.675 6.7287e-11
-6.175 3.725 5.9269e-10
-6.175 3.775 1.7460e-08
-6.175 3.825 1.5279e-05
-6.175 3.875 0.0000e+00
-6.175 3.925 0.0000e+00
-6.175 3.975 0.0000e+00
-6.125 -1.975 0.0000e+00
-6.125 -1.925 0.0000e+00
-6.125 -1.875 0.0000e+00
-6.125 -1.825 0.0000e+00
-6.125 -1.775 0.0000e+00
-6.125 -1.725 0.0000e+00
-6.125 -1.675 0.0000e+00
-6.125 -1.625 0.0000e+00
-6.125 -1.575 0.0000e+00
-6.125 -1.525 0.0000e+00
-6.125 -1.475 0.0000e+00
-6.125 -1.425 0.0000e+00
-6.125 -1.375 0.0000e+00
-6.125 -1.325 0.0000e+00
-6.125 -1.275 0.0000e+00
-6.125 -1.225 0.0000e+00
-6.125 -1.175 0.0000e+00
-6.125 -1.125 0.0000e+00
-6.125 -1.075 0.0000e+00
-6.125 -1.025 0.0000e+00
-6.125 -0.975 0.0000e+00
-6.125 -0.925 0.0000e+00
-6.125 -0.875 0.0000e+00
-6.125 -0.825 0.0000e+00
-6.125 -0.775 0.0000e+00
-6.125 -0.725 0.0000e+00
-6.125 -0.675 0.0000e+00
-6.125 -0.625 0.0000e+00
-6.125 -0.575 0.0000e+00
-6.125 -0.525 0.0000e+00
-6.125 -0.475 0.0000e+00
-6.125 -0.425 0.0000e+00
-6.125 -0.375 0.0000e+00
-6.125 -0.325 0.0000e+00
-6.125 -0.275 0.0000e+00
-6.125 -0.225 0.0000e+00
-6.125 -0.175 0.0000e+00
-6.125 -0.125 0.0000e+00
-6.125 -0.075 0.0000e+00
-6.125 -0.025 0.0000e+00
-6.125 0.025 0.0000e+00
-6.125 0.075 0.0000e+00
-6.125 0.125 0.0000e+00
-6.125 0.175 0.0000e+00
-6.125 0.225 0.0000e+00
-6.125 0.275 0.0000e+00
-6.125 0.325 0.0000e+00
-6.125 0.375 0.0000e+00
-6.125 0.425 0.0000e+00
-6.125 0.475 0.0000e+00
-6.125 0.525 0.0000e+00
-6.125 0.575 0.0000e+00
-6.125 0.625 0.0000e+00
-6.125 0.675 0.0000e+00
-6.125 0.725 0.0000e+00
-6.125 0.775 0.0000e+00
-6.125 0.825 0.0000e+00
-6.125 0.875 0.0000e+00
-6.125 0.925 0.0000e+00
-6.125 0.975 0.0000e+00
-6.125 1.025 0.0000e+00
-6.125 1.075 0.0000e+00
-6.125 1.125 0.0000e+00
-6.125 1.175 0.0000e+00
-6.125 1.225 0.0000e+00
-6.125 1.275 0.0000e+00
-6.125 1.325 0.0000e+00
-6.125 1.375 0.0000e+00
-6.125 1.425 0.0000e+00
-6.125 1.475 0.0000e+00
-6.125 1.525 8.7725e-26
-6.125 1.575 1.7545e-25
-6.125 1.625 3.5101e-25
-6.125 1.675 7.0246e-25
-6.125 1.725 1.4063e-24
-6.125 1.775 2.8167e-24
-6.125 1.825 5.6440e-24
-6.125 1.875 1.1315e-23
-6.125 1.925 2.2698e-23
-6.125 1.975 4.5563e-23
-6.125 2.025 9.1529e-23
-6.125 2.075 1.8402e-22
-6.125 2.125 3.7033e-22
-6.125 2.175 7.4606e-22
-6.125 2.225 1.5048e-21
-6.125 2.275 3.0393e-21
-6.125 2.325 6.1481e-21
-6.125 2.375 1.2458e-20
-6.125 2.425 2.5294e-20
-6.125 2.475 5.1470e-20
-6.125 2.525 1.0500e-19
-6.125 2.575 2.1480e-19
-6.125 2.625 4.4086e-19
-6.125 2.675 9.0816e-19
-6.125 2.725 1.8787e-18
-6.125 2.775 3.9051e-18
-6.125 2.825 8.1619e-18
-6.125 2.875 1.7167e-17
-6.125 2.925 3.6372e-17
-6.125 2.975 7.7714e-17
-6.125 3.025 1.6768e-16
-6.125 3.075 3.6595e-16
-6.125 3.125 8.0945e-16
-6.125 3.175 1.8191e-15
-6.125 3.225 4.1664e-15
-6.125 3.275 9.7630e-15
-6.125 3.325 2.3525e-14
-6.125 3.375 5.8683e-14
-6.125 3.425 1.5295e-13
-6.125 3.475 4.2205e-13
-6.125 3.525 1.2576e-12
-6.125 3.575 4.1786e-12
-6.125 3.625 1.6379e-11
-6.125 3.675 8.4709e-11
-6.125 3.725 7.4615e-10
-6.125 3.775 2.1981e-08
-6.125 3.825 1.9235e-05
-6.125 3.875 0.0000e+00
-6.125 3.925 0.0000e+00
-6.125 3.975 0.0000e+00
-6.075 -1.975 0.0000e+00
-6.075 -1.925 0.0000e+00
-6.075 -1.875 0.0000e+00
-6.075 -1.825 0.0000e+00
-6.075 -1.775 0.0000e+00
-6.075 -1.725 0.0000e+00
-6.075 -1.675 0.0000e+00
-6.075 -1.625 0.0000e+00
-6.075 -1.575 0.0000e+00
-6.075 -1.525 0.0000e+00
-6.075 -1.475 0.0000e+00
-6.075 -1.425 0.0000e+00
-6.075 -1.375 0.0000e+00
-6.075 -1.325 0.0000e+00
-6.075 -1.275 0.0000e+00
-6.075 -1.225 0.0000e+00
-6.075 -1.175 0.0000e+00
-6.075 -1.125 0.0000e+00
-6.075 -1.075 0.0000e+00
-6.075 -1.025 0.0000e+00
-6.075 -0.975 0.0000e+00
-6.075 -0.925 0.0000e+00
-6.075 -0.875 0.0000e+00
-6.075 -0.825 0.0000e+00
-6.075 -0.775 0.0000e+00
-6.075 -0.725 0.0000e+00
-6.075 -0.675 0.0000e+00
-6.075 -0.625 0.0000e+00
-6.075 -0.575 0.0000e+00
-6.075 -0.525 0.0000e+00
-6.075 -0.475 0.0000e+00
-6.075 -0.425 0.0000e+00
-6.075 -0.375 0.0000e+00
-6.075 -0.325 0.0000e+00
-6.075 -0.275 0.0000e+00
-6.075 -0.225 0.0000e+00
-6.075 -0.175 0.0000e+00
-6.075 -0.125 0.0000e+00
-6.075 -0.075 0.0000e+00
-6.075 -0.025 0.0000e+00
-6.075 0.025 0.0000e+00
-6.075 0.075 0.0000e+00
-6.075 0.125 0.0000e+00
-6.075 0.175 0.0000e+00
-6.075 0.225 0.0000e+00
-6.075 0.275 0.0000e+00
-6.075 0.325 0.0000e+00
-6.075 0.375 0.0000e+00
-6.075 0.425 0.0000e+00
-6.075 0.475 0.0000e+00
-6.075 0.525 0.0000e+00
-6.075 0.575 0.0000e+00
-6.075 0.625 0.0000e+00
-6.075 0.675 0.0000e+00
-6.075 0.725 0.0000e+00
-6.075 0.775 0.0000e+00
-6.075 0.825 0.0000e+00
-6.075 0.875 0.0000e+00
-6.075 0.925 0.0000e+00
-6.075 0.975 0.0000e+00
-6.075 1.025 0.0000e+00
-6.075 1.075 0.0000e+00
-6.075 1.125 0.0000e+00
-6.075 1.175 0.0000e+00
-6.075 1.225 0.0000e+00
-6.075 1.275 0.0000e+00
-6.075 1.325 0.0000e+00
-6.075 1.375 0.0000e+00
-6.075 1.425 0.0000e+00
-6.075 1.475 0.0000e+00
-6.075 1.525 1.1044e-25
-6.075 1.575 2.2088e-25
-6.075 1.625 4.4190e-25
-6.075 1.675 8.8435e-25
-6.075 1.725 1.7705e-24
-6.075 1.775 3.5460e-24
-6.075 1.825 7.1053e-24
-6.075 1.875 1.4245e-23
-6.075 1.925 2.8575e-23
-6.075 1.975 5.7360e-23
-6.075 2.025 1.1523e-22
-6.075 2.075 2.3167e-22
-6.075 2.125 4.6622e-22
-6.075 2.175 9.3923e-22
-6.075 2.225 1.8944e-21
-6.075 2.275 3.8263e-21
-6.075 2.325 7.7400e-21
-6.075 2.375 1.5684e-20
-6.075 2.425 3.1844e-20
-6.075 2.475 6.4797e-20
-6.075 2.525 1.3218e-19
-6.075 2.575 2.7042e-19
-6.075 2.625 5.5501e-19
-6.075 2.675 1.1433e-18
-6.075 2.725 2.3651e-18
-6.075 2.775 4.9162e-18
-6.075 2.825 1.0275e-17
-6.075 2.875 2.1612e-17
-6.075 2.925 4.5790e-17
-6.075 2.975 9.7836e-17
-6.075 3.025 2.1109e-16
-6.075 3.075 4.6070e-16
-6.075 3.125 1.0190e-15
-6.075 3.175 2.2901e-15
-6.075 3.225 5.2451e-15
-6.075 3.275 1.2291e-14
-6.075 3.325 2.9616e-14
-6.075 3.375 7.3878e-14
-6.075 3.425 1.9255e-13
-6.075 3.475 5.3132e-13
-6.075 3.525 1.5833e-12
-6.075 3.575 5.2606e-12
-6.075 3.625 2.0620e-11
-6.075 3.675 1.0664e-10
-6.075 3.725 9.3935e-10
-6.075 3.775 2.7673e-08
-6.075 3.825 2.4215e-05
-6.075 3.875 0.0000e+00
-6.075 3.925 0.0000e+00
-6.075 3.975 0.0000e+00
-6.025 -1.975 0.0000e+00
-6.025 -1.925 0.0000e+00
-6.025 -1.875 0.0000e+00
-6.025 -1.825 0.0000e+00
-6.025 -1.775 0.0000e+00
-6.025 -1.725 0.0000e+00
-6.025 -1.675 0.0000e+00
-6.025 -1.625 0.0000e+00
-6.025 -1.575 0.0000e+00
-6.025 -1.525 0.0000e+00
-6.025 -1.475 0.0000e+00
-6.025 -1.425 0.0000e+00
-6.025 -1.375 0.0000e+00
-6.025 -1.325 0.0000e+00
-6.025 -1.275 0.0000e+00
-6.025 -1.225 0.0000e+00
-6.025 -1.175 0.0000e+00
-6.025 -1.125 0.0000e+00
-6.025 -1.075 0.0000e+00
-6.025 -1.025 0.0000e+00
-6.025 -0.975 0.0000e+00
-6.025 -0.925 0.0000e+00
-6.025 -0.875 0.0000e+00
-6.025 -0.825 0.0000e+00
-6.025 -0.775 0.0000e+00
-6.025 -0.725 0.0000e+00
-6.025 -0.675 0.0000e+00
-6.025 -0.625 0.0000e+00
-6.025 -0.575 0.0000e+00
-6.025 -0.525 0.0000e+00
-6.025 -0.475 0.0000e+00
-6.025 -0.425 0.0000e+00
-6.025 -0.375 0.0000e+00
-6.025 -0.325 0.0000e+00
-6.025 -0.275 0.0000e+00
-6.025 -0.225 0.0000e+00
-6.025 -0.175 0.0000e+00
-6.025 -0.125 0.0000e+00
-6.025 -0.075 0.0000e+00
-6.025 -0.025 0.0000e+00
-6.025 0.025 0.0000e+00
-6.025 0.075 0.0000e+00
-6.025 0.125 0.0000e+00
-6.025 0.175 0.0000e+00
-6.025 0.225 0.0000e+00
-6.025 0.275 0.0000e+00
-6.025 0.325 0.0000e+00
-6.025 0.375 0.0000e+00
-6.025 0.425 0.0000e+00
-6.025 0.475 0.0000e+00
-6.025 0.525 0.0000e+00
-6.025 0.575 0.0000e+00
-6.025 0.625 0.0000e+00
-6.025 0.675 0.0000e+00
-6.025 0.725 0.0000e+00
-6.025 0.775 0.0000e+00
-6.025 0.825 0.0000e+00
-6.025 0.875 0.0000e+00
-6.025 0.925 0.0000e+00
-6.025 0.975 0.0000e+00
-6.025 1.025 0.0000e+00
-6.025 1.075 0.0000e+00
-6.025 1.125 0.0000e+00
-6.025 1.175 0.0000e+00
-6.025 1.225 0.0000e+00
-6.025 1.275 0.0000e+00
-6.025 1.325 0.0000e+00
-6.025 1.375 0.0000e+00
-6.025 1.425 0.0000e+00
-6.025 1.475 0.0000e+00
-6.025 1.525 1.3903e-25
-6.025 1.575 2.7807e-25
-6.025 1.625 5.5631e-25
-6.025 1.675 1.1133e-24
-6.025 1.725 2.2289e-24
-6.025 1.775 4.4641e-24
-6.025 1.825 8.9451e-24
-6.025 1.875 1.7933e-23
-6.025 1.925 3.5974e-23
-6.025 1.975 7.2212e-23
-6.025 2.025 1.4506e-22
-6.025 2.075 2.9165e-22
-6.025 2.125 5.8693e-22
-6.025 2.175 1.1824e-21
-6.025 2.225 2.3850e-21
-6.025 2.275 4.8170e-21
-6.025 2.325 9.7441e-21
-6.025 2.375 1.9745e-20
-6.025 2.425 4.0089e-20
-6.025 2.475 8.1575e-20
-6.025 2.525 1.6641e-19
-6.025 2.575 3.4043e-19
-6.025 2.625 6.9871e-19
-6.025 2.675 1.4393e-18
-6.025 2.725 2.9775e-18
-6.025 2.775 6.1891e-18
-6.025 2.825 1.2936e-17
-6.025 2.875 2.7208e-17
-6.025 2.925 5.7646e-17
-6.025 2.975 1.2317e-16
-6.025 3.025 2.6575e-16
-6.025 3.075 5.7999e-16
-6.025 3.125 1.2829e-15
-6.025 3.175 2.8831e-15
-6.025 3.225 6.6032e-15
-6.025 3.275 1.5473e-14
-6.025 3.325 3.7284e-14
-6.025 3.375 9.3007e-14
-6.025 3.425 2.4241e-13
-6.025 3.475 6.6890e-13
-6.025 3.525 1.9932e-12
-6.025 3.575 6.6227e-12
-6.025 3.625 2.5959e-11
-6.025 3.675 1.3426e-10
-6.025 3.725 1.1826e-09
-6.025 3.775 3.4838e-08
-6.025 3.825 3.0485e-05
-6.025 3.875 0.0000e+00
-6.025 3.925 0.0000e+00
-6.025 3.975 0.0000e+00
-5.975 -1.975 0.0000e+00
-5.975 -1.925 0.0000e+00
-5.975 -1.875 0.0000e+00
-5.975 -1.825 0.0000e+00
-5.975 -1.775 0.0000e+00
-5.975 -1.725 0.0000e+00
-5.975 -1.675 0.0000e+00
-5.975 -1.625 0.0000e+00
-5.975 -1.575 0.0000e+00
-5.975 -1.525 0.0000e+00
-5.975 -1.475 0.0000e+00
-5.975 -1.425 0.0000e+00
-5.975 -1.375 0.0000e+00
-5.975 -1.325 0.0000e+00
-5.975 -1.275 0.0000e+00
-5.975 -1.225 0.0000e+00
-5.975 -1.175 0.0000e+00
-5.975 -1.125 0.0000e+00
-5.975 -1.075 0.0000e+00
-5.975 -1.025 0.0000e+00
-5.975 -0.975 0.0000e+00
-5.975 -0.925 0.0000e+00
-5.975 -0.875 0.0000e+00
-5.975 -0.825 0.0000e+00
-5.975 -0.775 0.0000e+00
-5.975 -0.725 0.0000e+00
-5.975 -0.675 0.0000e+00
-5.975 -0.625 0.0000e+00
-5.975 -0.575 0.0000e+00
-5.975 -0.525 0.0000e+00
-5.975 -0.475 0.0000e+00
-5.975 -0.425 0.0000e+00
-5.975 -0.375 0.0000e+00
-5.975 -0.325 0.0000e+00
-5.975 -0.275 0.0000e+00
-5.975 -0.225 0.0000e+00
-5.975 -0.175 0.0000e+00
-5.975 -0.125 0.0000e+00
-5.975 -0.075 0.0000e+00
-5.975 -0.025 0.0000e+00
-5.975 0.025 0.0000e+00
-5.975 0.075 0.0000e+00
-5.975 0.125 0.0000e+00
-5.975 0.175 0.0000e+00
-5.975 0.225 0.0000e+00
-5.975 0.275 0.0000e+00
-5.975 0.325 0.0000e+00
-5.975 0.375 0.0000e+00
-5.975 0.425 0.0000e+00
-5.975 0.475 0.0000e+00
-5.975 0.525 0.0000e+00
-5.975 0.575 0.0000e+00
-5.975 0.625 0.0000e+00
-5.975 0.675 0.0000e+00
-5.975 0.725 0.0000e+00
-5.975 0.775 0.0000e+00
-5.975 0.825 0.0000e+00
-5.975 0.875 0.0000e+00
-5.975 0.925 0.0000e+00
-5.975 0.975 0.0000e+00
-5.975 1.025 0.0000e+00
-5.975 1.075 0.0000e+00
-5.975 1.125 0.0000e+00
-5.975 1.175 0.0000e+00
-5.975 1.225 0.0000e+00
-5.975 1.275 0.0000e+00
-5.975 1.325 0.0000e+00
-5.975 1.375 0.0000e+00
-5.975 1.425 0.0000e+00
-5.975 1.475 0.0000e+00
-5.975 1.525 1.7503e-25
-5.975 1.575 3.5007e-25
-5.975 1.625 7.0036e-25
-5.975 1.675 1.4016e-24
-5.975 1.725 2.8060e-24
-5.975 1.775 5.6200e-24
-5.975 1.825 1.1261e-23
-5.975 1.875 2.2577e-23
-5.975 1.925 4.5289e-23
-5.975 1.975 9.0910e-23
-5.975 2.025 1.8262e-22
-5.975 2.075 3.6717e-22
-5.975 2.125 7.3891e-22
-5.975 2.175 1.4886e-21
-5.975 2.225 3.0025e-21
-5.975 2.275 6.0643e-21
-5.975 2.325 1.2267e-20
-5.975 2.375 2.4858e-20
-5.975 2.425 5.0469e-20
-5.975 2.475 1.0270e-19
-5.975 2.525 2.0950e-19
-5.975 2.575 4.2858e-19
-5.975 2.625 8.7962e-19
-5.975 2.675 1.8120e-18
-5.975 2.725 3.7485e-18
-5.975 2.775 7.7916e-18
-5.975 2.825 1.6285e-17
-5.975 2.875 3.4253e-17
-5.975 2.925 7.2572e-17
-5.975 2.975 1.5506e-16
-5.975 3.025 3.3456e-16
-5.975 3.075 7.3016e-16
-5.975 3.125 1.6151e-15
-5.975 3.175 3.6296e-15
-5.975 3.225 8.3130e-15
-5.975 3.275 1.9480e-14
-5.975 3.325 4.6938e-14
-5.975 3.375 1.1709e-13
-5.975 3.425 3.0518e-13
-5.975 3.475 8.4209e-13
-5.975 3.525 2.5093e-12
-5.975 3.575 8.3375e-12
-5.975 3.625 3.2681e-11
-5.975 3.675 1.6902e-10
-5.975 3.725 1.4888e-09
-5.975 3.775 4.3859e-08
-5.975 3.825 3.8378e-05
-5.975 3.875 0.0000e+00
-5.975 3.925 0.0000e+00
-5.975 3.975 0.0000e+00
-5.925 -1.975 0.0000e+00
-5.925 -1.925 0.0000e+00
-5.925 -1.875 0.0000e+00
-5.925 -1.825 0.0000e+00
-5.925 -1.775 0.0000e+00
-5.925 -1.725 0.0000e+00
-5.925 -1.675 0.0000e+00
-5.925 -1.625 0.0000e+00
-5.925 -1.575 0.0000e+00
-5.925 -1.525 0.0000e+00
-5.925 -1.475 0.0000e+00
-5.925 -1.425 0.0000e+00
-5.925 -1.375 0.0000e+00
-5.925 -1.325 0.0000e+00
-5.925 -1.275 0.0000e+00
-5.925 -1.225 0.0000e+00
-5.925 -1.175 0.0000e+00
-5.925 -1.125 0.0000e+00
-5.925 -1.075 0.0000e+00
-5.925 -1.025 0.0000e+00
-5.925 -0.975 0.0000e+00
-5.925 -0.925 0.0000e+00
-5.925 -0.875 0.0000e+00
-5.925 -0.825 0.0000e+00
-5.925 -0.775 0.0000e+00
-5.925 -0.725 0.0000e+00
-5.925 -0.675 0.0000e+00
-5.925 -0.625 0.0000e+00
-5.925 -0.575 0.0000e+00
-5.925 -0.525 0.0000e+00
-5.925 -0.475 0.0000e+00
-5.925 -0.425 0.0000e+00
-5.925 -0.375 0.0000e+00
-5.925 -0.325 0.0000e+00
-5.925 -0.275 0.0000e+00
-5.925 -0.225 0.0000e+00
-5.925 -0.175 0.0000e+00
-5.925 -0.125 0.0000e+00
-5.925 -0.075 0.0000e+00
-5.925 -0.025 0.0000e+00
-5.925 0.025 0.0000e+00
-5.925 0.075 0.0000e+00
-5.925 0.125 0.0000e+00
-5.925 0.175 0.0000e+00
-5.925 0.225 0.0000e+00
-5.925 0.275 0.0000e+00
-5.925 0.325 0.0000e+00
-5.925 0.375 0.0000e+00
-5.925 0.425 0.0000e+00
-5.925 0.475 0.0000e+00
-5.925 0.525 0.0000e+00
-5.925 0.575 0.0000e+00
-5.925 0.625 0.0000e+00
-5.925 0.675 0.0000e+00
-5.925 0.725 0.0000e+00
-5.925 0.775 0.0000e+00
-5.925 0.825 0.0000e+00
-5.925 0.875 0.0000e+00
-5.925 0.925 0.0000e+00
-5.925 0.975 0.0000e+00
-5.925 1.025 0.0000e+00
-5.925 1.075 0.0000e+00
-5.925 1.125 0.0000e+00
-5.925 1.175 0.0000e+00
-5.925 1.225 0.0000e+00
-5.925 1.275 0.0000e+00
-5.925 1.325 0.0000e+00
-5.925 1.375 0.0000e+00
-5.925 1.425 0.0000e+00
-5.925 1.475 0.0000e+00
-5.925 1.525 2.2035e-25
-5.925 1.575 4.4071e-25
-5.925 1.625 8.8170e-25
-5.925 1.675 1.7645e-24
-5.925 1.725 3.5326e-24
-5.925 1.775 7.0751e-24
-5.925 1.825 1.4177e-23
-5.925 1.875 2.8422e-23
-5.925 1.925 5.7015e-23
-5.925 1.975 1.1445e-22
-5.925 2.025 2.2991e-22
-5.925 2.075 4.6224e-22
-5.925 2.125 9.3023e-22
-5.925 2.175 1.8740e-21
-5.925 2.225 3.7799e-21
-5.925 2.275 7.6345e-21
-5.925 2.325 1.5443e-20
-5.925 2.375 3.1294e-20
-5.925 2.425 6.3537e-20
-5.925 2.475 1.2929e-19
-5.925 2.525 2.6374e-19
-5.925 2.575 5.3955e-19
-5.925 2.625 1.1074e-18
-5.925 2.675 2.2812e-18
-5.925 2.725 4.7190e-18
-5.925 2.775 9.8091e-18
-5.925 2.825 2.0502e-17
-5.925 2.875 4.3122e-17
-5.925 2.925 9.1363e-17
-5.925 2.975 1.9521e-16
-5.925 3.025 4.2119e-16
-5.925 3.075 9.1922e-16
-5.925 3.125 2.0332e-15
-5.925 3.175 4.5694e-15
-5.925 3.225 1.0465e-14
-5.925 3.275 2.4523e-14
-5.925 3.325 5.9092e-14
-5.925 3.375 1.4741e-13
-5.925 3.425 3.8419e-13
-5.925 3.475 1.0601e-12
-5.925 3.525 3.1591e-12
-5.925 3.575 1.0496e-11
-5.925 3.625 4.1143e-11
-5.925 3.675 2.1278e-10
-5.925 3.725 1.8743e-09
-5.925 3.775 5.5216e-08
-5.925 3.825 4.8314e-05
-5.925 3.875 0.0000e+00
-5.925 3.925 0.0000e+00
-5.925 3.975 0.0000e+00
-5.875 -1.975 0.0000e+00
-5.875 -1.925 0.0000e+00
-5.875 -1.875 0.0000e+00
-5.875 -1.825 0.0000e+00
-5.875 -1.775 0.0000e+00
-5.875 -1.725 0.0000e+00
-5.875 -1.675 0.0000e+00
-5.875 -1.625 0.0000e+00
-5.875 -1.575 0.0000e+00
-5.875 -1.525 0.0000e+00
-5.875 -1.475 0.0000e+00
-5.875 -1.425 0.0000e+00
-5.875 -1.375 0.0000e+00
-5.875 -1.325 0.0000e+00
-5.875 -1.275 0.0000e+00
-5.875 -1.225 0.0000e+00
-5.875 -1.175 0.0000e+00
-5.875 -1.125 0.0000e+00
-5.875 -1.075 0.0000e+00
-5.875 -1.025 0.0000e+00
-5.875 -0.975 0.0000e+00
-5.875 -0.925 0.0000e+00
-5.875 -0.875 0.0000e+00
-5.875 -0.825 0.0000e+00
-5.875 -0.775 0.0000e+00
-5.875 -0.725 0.0000e+00
-5.875 -0.675 0.0000e+00
-5.875 -0.625 0.0000e+00
-5.875 -0.575 0.0000e+00
-5.875 -0.525 0.0000e+00
-5.875 -0.475 0.0000e+00
-5.875 -0.425 0.0000e+00
-5.875 -0.375 0.0000e+00
-5.875 -0.325 0.0000e+00
-5.875 -0.275 0.0000e+00
-5.875 -0.225 0.0000e+00
-5.875 -0.175 0.0000e+00
-5.875 -0.125 0.0000e+00
-5.875 -0.075 0.0000e+00
-5.875 -0.025 0.0000e+00
-5.875 0.025 0.0000e+00
-5.875 0.075 0.0000e+00
-5.875 0.125 0.0000e+00
-5.875 0.175 0.0000e+00
-5.875 0.225 0.0000e+00
-5.875 0.275 0.0000e+00
-5.875 0.325 0.0000e+00
-5.875 0.375 0.0000e+00
-5.875 0.425 0.0000e+00
-5.875 0.475 0.0000e+00
-5.875 0.525 0.0000e+00
-5.875 0.575 0.0000e+00
-5.875 0.625 0.0000e+00
-5.875 0.675 0.0000e+00
-5.875 0.725 0.0000e+00
-5.875 0.775 0.0000e+00
-5.875 0.825 0.0000e+00
-5.875 0.875 0.0000e+00
-5.875 0.925 0.0000e+00
-5.875 0.975 0.0000e+00
-5.875 1.025 0.0000e+00
-5.875 1.075 0.0000e+00
-5.875 1.125 0.0000e+00
-5.875 1.175 0.0000e+00
-5.875 1.225 0.0000e+00
-5.875 1.275 0.0000e+00
-5.875 1.325 0.0000e+00
-5.875 1.375 0.0000e+00
-5.875 1.425 0.0000e+00
-5.875 1.475 0.0000e+00
-5.875 1.525 2.7741e-25
-5.875 1.575 5.5483e-25
-5.875 1.625 1.1100e-24
-5.875 1.675 2.2214e-24
-5.875 1.725 4.4472e-24
-5.875 1.775 8.9071e-24
-5.875 1.825 1.7848e-23
-5.875 1.875 3.5782e-23
-5.875 1.925 7.1778e-23
-5.875 1.975 1.4408e-22
-5.875 2.025 2.8944e-22
-5.875 2.075 5.8192e-22
-5.875 2.125 1.1711e-21
-5.875 2.175 2.3593e-21
-5.875 2.225 4.7586e-21
-5.875 2.275 9.6113e-21
-5.875 2.325 1.9442e-20
-5.875 2.375 3.9397e-20
-5.875 2.425 7.9988e-20
-5.875 2.475 1.6276e-19
-5.875 2.525 3.3203e-19
-5.875 2.575 6.7925e-19
-5.875 2.625 1.3941e-18
-5.875 2.675 2.8719e-18
-5.875 2.725 5.9409e-18
-5.875 2.775 1.2349e-17
-5.875 2.825 2.5810e-17
-5.875 2.875 5.4288e-17
-5.875 2.925 1.1502e-16
-5.875 2.975 2.4575e-16
-5.875 3.025 5.3025e-16
-5.875 3.075 1.1572e-15
-5.875 3.125 2.5597e-15
-5.875 3.175 5.7525e-15
-5.875 3.225 1.3175e-14
-5.875 3.275 3.0873e-14
-5.875 3.325 7.4392e-14
-5.875 3.375 1.8557e-13
-5.875 3.425 4.8367e-13
-5.875 3.475 1.3346e-12
-5.875 3.525 3.9771e-12
-5.875 3.575 1.3214e-11
-5.875 3.625 5.1796e-11
-5.875 3.675 2.6788e-10
-5.875 3.725 2.3596e-09
-5.875 3.775 6.9513e-08
-5.875 3.825 6.0823e-05
-5.875 3.875 0.0000e+00
-5.875 3.925 0.0000e+00
-5.875 3.975 0.0000e+00
-5.825 -1.975 0.0000e+00
-5.825 -1.925 0.0000e+00
-5.825 -1.875 0.0000e+00
-5.825 -1.825 0.0000e+00
-5.825 -1.775 0.0000e+00
-5.825 -1.725 0.0000e+00
-5.825 -1.675 0.0000e+00
-5.825 -1.625 0.0000e+00
-5.825 -1.575 0.0000e+00
-5.825 -1.525 0.0000e+00
-5.825 -1.475 0.0000e+00
-5.825 -1.425 0.0000e+00
-5.825 -1.375 0.0000e+00
-5.825 -1.325 0.0000e+00
-5.825 -1.275 0.0000e+00
-5.825 -1.225 0.0000e+00
-5.825 -1.175 0.0000e+00
-5.825 -1.125 0.0000e+00
-5.825 -1.075 0.0000e+00
-5.825 -1.025 0.0000e+00
-5.825 -0.975 0.0000e+00
-5.825 -0.925 0.0000e+00
-5.825 -0.875 0.0000e+00
-5.825 -0.825 0.0000e+00
-5.825 -0.775 0.0000e+00
-5.825 -0.725 0.0000e+00
-5.825 -0.675 0.0000e+00
-5.825 -0.625 0.0000e+00
-5.825 -0.575 0.0000e+00
-5.825 -0.525 0.0000e+00
-5.825 -0.475 0.0000e+00
-5.825 -0.425 0.0000e+00
-5.825 -0.375 0.0000e+00
-5.825 -0.325 0.0000e+00
-5.825 -0.275 0.0000e+00
-5.825 -0.225 0.0000e+00
-5.825 -0.175 0.0000e+00
-5.825 -0.125 0.0000e+00
-5.825 -0.075 0.0000e+00
-5.825 -0.025 0.0000e+00
-5.825 0.025 0.0000e+00
-5.825 0.075 0.0000e+00
-5.825 0.125 0.0000e+00
-5.825 0.175 0.0000e+00
-5.825 0.225 0.0000e+00
-5.825 0.275 0.0000e+00
-5.825 0.325 0.0000e+00
-5.825 0.375 0.0000e+00
-5.825 0.425 0.0000e+00
-5.825 0.475 0.0000e+00
-5.825 0.525 0.0000e+00
-5.825 0.575 0.0000e+00
-5.825 0.625 0.0000e+00
-5.825 0.675 0.0000e+00
-5.825 0.725 0.0000e+00
-5.825 0.775 0.0000e+00
-5.825 0.825 0.0000e+00
-5.825 0.875 0.0000e+00
-5.825 0.925 0.0000e+00
-5.825 0.975 0.0000e+00
-5.825 1.025 0.0000e+00
-5.825 1.075 0.0000e+00
-5.825 1.125 0.0000e+00
-5.825 1.175 0.0000e+00
-5.825 1.225 0.0000e+00
-5.825 1.275 0.0000e+00
-5.825 1.325 0.0000e+00
-5.825 1.375 0.0000e+00
-5.825 1.425 0.0000e+00
-5.825 1.475 0.0000e+00
-5.825 1.525 3.4924e-25
-5.825 1.575 6.9849e-25
-5.825 1.625 1.3974e-24
-5.825 1.675 2.7966e-24
-5.825 1.725 5.5987e-24
-5.825 1.775 1.1213e-23
-5.825 1.825 2.2469e-23
-5.825 1.875 4.5046e-23
-5.825 1.925 9.0363e-23
-5.825 1.975 1.8139e-22
-5.825 2.025 3.6438e-22
-5.825 2.075 7.3260e-22
-5.825 2.125 1.4743e-21
-5.825 2.175 2.9701e-21
-5.825 2.225 5.9908e-21
-5.825 2.275 1.2100e-20
-5.825 2.325 2.4476e-20
-5.825 2.375 4.9597e-20
-5.825 2.425 1.0070e-19
-5.825 2.475 2.0491e-19
-5.825 2.525 4.1800e-19
-5.825 2.575 8.5513e-19
-5.825 2.625 1.7551e-18
-5.825 2.675 3.6154e-18
-5.825 2.725 7.4791e-18
-5.825 2.775 1.5546e-17
-5.825 2.825 3.2493e-17
-5.825 2.875 6.8344e-17
-5.825 2.925 1.4480e-16
-5.825 2.975 3.0939e-16
-5.825 3.025 6.6754e-16
-5.825 3.075 1.4569e-15
-5.825 3.125 3.2225e-15
-5.825 3.175 7.2420e-15
-5.825 3.225 1.6587e-14
-5.825 3.275 3.8867e-14
-5.825 3.325 9.3654e-14
-5.825 3.375 2.3362e-13
-5.825 3.425 6.0891e-13
-5.825 3.475 1.6802e-12
-5.825 3.525 5.0068e-12
-5.825 3.575 1.6636e-11
-5.825 3.625 6.5208e-11
-5.825 3.675 3.3724e-10
-5.825 3.725 2.9706e-09
-5.825 3.775 8.7513e-08
-5.825 3.825 7.6571e-05
-5.825 3.875 0.0000e+00
-5.825 3.925 0.0000e+00
-5.825 3.975 0.0000e+00
-5.775 -1.975 0.0000e+00
-5.775 -1.925 0.0000e+00
-5.775 -1.875 0.0000e+00
-5.775 -1.825 0.0000e+00
-5.775 -1.775 0.0000e+00
-5.775 -1.725 0.0000e+00
-5.775 -1.675 0.0000e+00
-5.775 -1.625 0.0000e+00
-5.775 -1.575 0.0000e+00
-5.775 -1.525 0.0000e+00
-5.775 -1.475 0.0000e+00
-5.775 -1.425 0.0000e+00
-5.775 -1.375 0.0000e+00
-5.775 -1.325 0.0000e+00
-5.775 -1.275 0.0000e+00
-5.775 -1.225 0.0000e+00
-5.775 -1.175 0.0000e+00
-5.775 -1.125 0.0000e+00
-5.775 -1.075 0.0000e+00
-5.775 -1.025 0.0000e+00
-5.775 -0.975 0.0000e+00
-5.775 -0.925 0.0000e+00
-5.775 -0.875 0.0000e+00
-5.775 -0.825 0.0000e+00
-5.775 -0.775 0.0000e+00
-5.775 -0.725 0.0000e+00
-5.775 -0.675 0.0000e+00
-5.775 -0.625 0.0000e+00
-5.775 -0.575 0.0000e+00
-5.775 -0.525 0.0000e+00
-5.775 -0.475 0.0000e+00
-5.775 -0.425 0.0000e+00
-5.775 -0.375 0.0000e+00
-5.775 -0.325 0.0000e+00
-5.775 -0.275 0.0000e+00
-5.775 -0.225 0.0000e+00
-5.775 -0.175 0.0000e+00
-5.775 -0.125 0.0000e+00
-5.775 -0.075 0.0000e+00
-5.775 -0.025 0.0000e+00
-5.775 0.025 0.0000e+00
-5.775 0.075 0.0000e+00
-5.775 0.125 0.0000e+00
-5.775 0.175 0.0000e+00
-5.775 0.225 0.0000e+00
-5.775 0.275 0.0000e+00
-5.775 0.325 0.0000e+00
-5.775 0.375 0.0000e+00
-5.775 0.425 0.0000e+00
-5.775 0.475 0.0000e+00
-5.775 0.525 0.0000e+00
-5.775 0.575 0.0000e+00
-5.775 0.625 0.0000e+00
-5.775 0.675 0.0000e+00
-5.775 0.725 0.0000e+00
-5.775 0.775 0.0000e+00
-5.775 0.825 0.0000e+00
-5.775 0.875 0.0000e+00
-5.775 0.925 0.0000e+00
-5.775 0.975 0.0000e+00
-5.775 1.025 0.0000e+00
-5.775 1.075 0.0000e+00
-5.775 1.125 0.0000e+00
-5.775 1.175 0.0000e+00
-5.775 1.225 0.0000e+00
-5.775 1.275 0.0000e+00
-5.775 1.325 0.0000e+00
-5.775 1.375 0.0000e+00
-5.775 1.425 0.0000e+00
-5.775 1.475 0.0000e+00
-5.775 1.525 4.3967e-25
-5.775 1.575 8.7934e-25
-5.775 1.625 1.7592e-24
-5.775 1.675 3.5207e-24
-5.775 1.725 7.0484e-24
-5.775 1.775 1.4117e-23
-5.775 1.825 2.8287e-23
-5.775 1.875 5.6710e-23
-5.775 1.925 1.1376e-22
-5.775 1.975 2.2836e-22
-5.775 2.025 4.5873e-22
-5.775 2.075 9.2229e-22
-5.775 2.125 1.8560e-21
-5.775 2.175 3.7392e-21
-5.775 2.225 7.5419e-21
-5.775 2.275 1.5233e-20
-5.775 2.325 3.0814e-20
-5.775 2.375 6.2439e-20
-5.775 2.425 1.2677e-19
-5.775 2.475 2.5796e-19
-5.775 2.525 5.2623e-19
-5.775 2.575 1.0765e-18
-5.775 2.625 2.2095e-18
-5.775 2.675 4.5516e-18
-5.775 2.725 9.4157e-18
-5.775 2.775 1.9572e-17
-5.775 2.825 4.0906e-17
-5.775 2.875 8.6040e-17
-5.775 2.925 1.8229e-16
-5.775 2.975 3.8949e-16
-5.775 3.025 8.4038e-16
-5.775 3.075 1.8341e-15
-5.775 3.125 4.0569e-15
-5.775 3.175 9.1171e-15
-5.775 3.225 2.0881e-14
-5.775 3.275 4.8931e-14
-5.775 3.325 1.1790e-13
-5.775 3.375 2.9411e-13
-5.775 3.425 7.6657e-13
-5.775 3.475 2.1153e-12
-5.775 3.525 6.3032e-12
-5.775 3.575 2.0943e-11
-5.775 3.625 8.2092e-11
-5.775 3.675 4.2457e-10
-5.775 3.725 3.7399e-09
-5.775 3.775 1.1017e-07
-5.775 3.825 9.6395e-05
-5.775 3.875 0.0000e+00
-5.775 3.925 0.0000e+00
-5.775 3.975 0.0000e+00
-5.725 -1.975 0.0000e+00
-5.725 -1.925 0.0000e+00
-5.725 -1.875 0.0000e+00
-5.725 -1.825 0.0000e+00
-5.725 -1.775 0.0000e+00
-5.725 -1.725 0.0000e+00
-5.725 -1.675 0.0000e+00
-5.725 -1.625 0.0000e+00
-5.725 -1.575 0.0000e+00
-5.725 -1.525 0.0000e+00
-5.725 -1.475 0.0000e+00
-5.725 -1.425 0.0000e+00
-5.725 -1.375 0.0000e+00
-5.725 -1.325 0.0000e+00
-5.725 -1.275 0.0000e+00
-5.725 -1.225 0.0000e+00
-5.725 -1.175 0.0000e+00
-5.725 -1.125 0.0000e+00
-5.725 -1.075 0.0000e+00
-5.725 -1.025 0.0000e+00
-5.725 -0.975 0.0000e+00
-5.725 -0.925 0.0000e+00
-5.725 -0.875 0.0000e+00
-5.725 -0.825 0.0000e+00
-5.725 -0.775 0.0000e+00
-5.725 -0.725 0.0000e+00
-5.725 -0.675 0.0000e+00
-5.725 -0.625 0.0000e+00
-5.725 -0.575 0.0000e+00
-5.725 -0.525 0.0000e+00
-5.725 -0.475 0.0000e+00
-5.725 -0.425 0.0000e+00
-5.725 -0.375 0.0000e+00
-5.725 -0.325 0.0000e+00
-5.725 -0.275 0.0000e+00
-5.725 -0.225 0.0000e+00
-5.725 -0.175 0.0000e+00
-5.725 -0.125 0.0000e+00
-5.725 -0.075 0.0000e+00
-5.725 -0.025 0.0000e+00
-5.725 0.025 0.0000e+00
-5.725 0.075 0.0000e+00
-5.725 0.125 0.0000e+00
-5.725 0.175 0.0000e+00
-5.725 0.225 0.0000e+00
-5.725 0.275 0.0000e+00
-5.725 0.325 0.0000e+00
-5.725 0.375 0.0000e+00
-5.725 0.425 0.0000e+00
-5.725 0.475 0.0000e+00
-5.725 0.525 0.0000e+00
-5.725 0.575 0.0000e+00
-5.725 0.625 0.0000e+00
-5.725 0.675 0.0000e+00
-5.725 0.725 0.0000e+00
-5.725 0.775 0.0000e+00
-5.725 0.825 0.0000e+00
-5.725 0.875 0.0000e+00
-5.725 0.925 0.0000e+00
-5.725 0.975 0.0000e+00
-5.725 1.025 0.0000e+00
-5.725 1.075 0.0000e+00
-5.725 1.125 0.0000e+00
-5.725 1.175 0.0000e+00
-5.725 1.225 0.0000e+00
-5.725 1.275 0.0000e+00
-5.725 1.325 0.0000e+00
-5.725 1.375 0.0000e+00
-5.725 1.425 0.0000e+00
-5.725 1.475 0.0000e+00
-5.725 1.525 5.5351e-25
-5.725 1.575 1.1070e-24
-5.725 1.625 2.2147e-24
-5.725 1.675 4.4323e-24
-5.725 1.725 8.8734e-24
-5.725 1.775 1.7772e-23
-5.725 1.825 3.5611e-23
-5.725 1.875 7.1394e-23
-5.725 1.925 1.4322e-22
-5.725 1.975 2.8748e-22
-5.725 2.025 5.7751e-22
-5.725 2.075 1.1611e-21
-5.725 2.125 2.3366e-21
-5.725 2.175 4.7073e-21
-5.725 2.225 9.4947e-21
-5.725 2.275 1.9177e-20
-5.725 2.325 3.8792e-20
-5.725 2.375 7.8607e-20
-5.725 2.425 1.5960e-19
-5.725 2.475 3.2475e-19
-5.725 2.525 6.6248e-19
-5.725 2.575 1.3553e-18
-5.725 2.625 2.7816e-18
-5.725 2.675 5.7301e-18
-5.725 2.725 1.1854e-17
-5.725 2.775 2.4639e-17
-5.725 2.825 5.1498e-17
-5.725 2.875 1.0832e-16
-5.725 2.925 2.2949e-16
-5.725 2.975 4.9034e-16
-5.725 3.025 1.0580e-15
-5.725 3.075 2.3090e-15
-5.725 3.125 5.1073e-15
-5.725 3.175 1.1478e-14
-5.725 3.225 2.6288e-14
-5.725 3.275 6.1600e-14
-5.725 3.325 1.4843e-13
-5.725 3.375 3.7027e-13
-5.725 3.425 9.6506e-13
-5.725 3.475 2.6630e-12
-5.725 3.525 7.9354e-12
-5.725 3.575 2.6366e-11
-5.725 3.625 1.0335e-10
-5.725 3.675 5.3451e-10
-5.725 3.725 4.7083e-09
-5.725 3.775 1.3870e-07
-5.725 3.825 1.2135e-04
-5.725 3.875 0.0000e+00
-5.725 3.925 0.0000e+00
-5.725 3.975 0.0000e+00
-5.675 -1.975 0.0000e+00
-5.675 -1.925 0.0000e+00
-5.675 -1.875 0.0000e+00
-5.675 -1.825 0.0000e+00
-5.675 -1.775 0.0000e+00
-5.675 -1.725 0.0000e+00
-5.675 -1.675 0.0000e+00
-5.675 -1.625 0.0000e+00
-5.675 -1.575 0.0000e+00
-5.675 -1.525 0.0000e+00
-5.675 -1.475 0.0000e+00
-5.675 -1.425 0.0000e+00
-5.675 -1.375 0.0000e+00
-5.675 -1.325 0.0000e+00
-5.675 -1.275 0.0000e+00
-5.675 -1.225 0.0000e+00
-5.675 -1.175 0.0000e+00
-5.675 -1.125 0.0000e+00
-5.675 -1.075 0.0000e+00
-5.675 -1.025 0.0000e+00
-5.675 -0.975 0.0000e+00
-5.675 -0.925 0.0000e+00
-5.675 -0.875 0.0000e+00
-5.675 -0.825 0.0000e+00
-5.675 -0.775 0.0000e+00
-5.675 -0.725 0.0000e+00
-5.675 -0.675 0.0000e+00
-5.675 -0.625 0.0000e+00
-5.675 -0.575 0.0000e+00
-5.675 -0.525 0.0000e+00
-5.675 -0.475 0.0000e+00
-5.675 -0.425 0.0000e+00
-5.675 -0.375 0.0000e+00
-5.675 -0.325 0.0000e+00
-5.675 -0.275 0.0000e+00
-5.675 -0.225 0.0000e+00
-5.675 -0.175 0.0000e+00
-5.675 -0.125 0.0000e+00
-5.675 -0.075 0.0000e+00
-5.675 -0.025 0.0000e+00
-5.675 0.025 0.0000e+00
-5.675 0.075 0.0000e+00
-5.675 0.125 0.0000e+00
-5.675 0.175 0.0000e+00
-5.675 0.225 0.0000e+00
-5.675 0.275 0.0000e+00
-5.675 0.325 0.0000e+00
-5.675 0.375 0.0000e+00
-5.675 0.425 0.0000e+00
-5.675 0.475 0.0000e+00
-5.675 0.525 0.0000e+00
-5.675 0.575 0.0000e+00
-5.675 0.625 0.0000e+00
-5.675 0.675 0.0000e+00
-5.675 0.725 0.0000e+00
-5.675 0.775 0.0000e+00
-5.675 0.825 0.0000e+00
-5.675 0.875 0.0000e+00
-5.675 0.925 0.0000e+00
-5.675 0.975 0.0000e+00
-5.675 1.025 0.0000e+00
-5.675 1.075 0.0000e+00
-5.675 1.125 0.0000e+00
-5.675 1.175 0.0000e+00
-5.675 1.225 0.0000e+00
-5.675 1.275 0.0000e+00
-5.675 1.325 0.0000e+00
-5.675 1.375 0.0000e+00
-5.675 1.425 0.0000e+00
-5.675 1.475 0.0000e+00
-5.675 1.525 6.9682e-25
-5.675 1.575 1.3937e-24
-5.675 1.625 2.7882e-24
-5.675 1.675 5.5799e-24
-5.675 1.725 1.1171e-23
-5.675 1.775 2.2374e-23
-5.675 1.825 4.4831e-23
-5.675 1.875 8.9879e-23
-5.675 1.925 1.8030e-22
-5.675 1.975 3.6192e-22
-5.675 2.025 7.2704e-22
-5.675 2.075 1.4617e-21
-5.675 2.125 2.9416e-21
-5.675 2.175 5.9262e-21
-5.675 2.225 1.1953e-20
-5.675 2.275 2.4142e-20
-5.675 2.325 4.8836e-20
-5.675 2.375 9.8960e-20
-5.675 2.425 2.0092e-19
-5.675 2.475 4.0884e-19
-5.675 2.525 8.3402e-19
-5.675 2.575 1.7062e-18
-5.675 2.625 3.5018e-18
-5.675 2.675 7.2138e-18
-5.675 2.725 1.4923e-17
-5.675 2.775 3.1019e-17
-5.675 2.825 6.4832e-17
-5.675 2.875 1.3636e-16
-5.675 2.925 2.8892e-16
-5.675 2.975 6.1731e-16
-5.675 3.025 1.3319e-15
-5.675 3.075 2.9068e-15
-5.675 3.125 6.4297e-15
-5.675 3.175 1.4450e-14
-5.675 3.225 3.3095e-14
-5.675 3.275 7.7550e-14
-5.675 3.325 1.8687e-13
-5.675 3.375 4.6614e-13
-5.675 3.425 1.2149e-12
-5.675 3.475 3.3525e-12
-5.675 3.525 9.9901e-12
-5.675 3.575 3.3193e-11
-5.675 3.625 1.3011e-10
-5.675 3.675 6.7292e-10
-5.675 3.725 5.9275e-09
-5.675 3.775 1.7462e-07
-5.675 3.825 1.5277e-04
-5.675 3.875 0.0000e+00
-5.675 3.925 0.0000e+00
-5.675 3.975 0.0000e+00
-5.625 -1.975 0.0000e+00
-5.625 -1.925 0.0000e+00
-5.625 -1.875 0.0000e+00
-5.625 -1.825 0.0000e+00
-5.625 -1.775 0.0000e+00
-5.625 -1.725 0.0000e+00
-5.625 -1.675 0.0000e+00
-5.625 -1.625 0.0000e+00
-5.625 -1.575 0.0000e+00
-5.625 -1.525 0.0000e+00
-5.625 -1.475 0.0000e+00
-5.625 -1.425 0.0000e+00
-5.625 -1.375 0.0000e+00
-5.625 -1.325 0.0000e+00
-5.625 -1.275 0.0000e+00
-5.625 -1.225 0.0000e+00
-5.625 -1.175 0.0000e+00
-5.625 -1.125 0.0000e+00
-5.625 -1.075 0.0000e+00
-5.625 -1.025 0.0000e+00
-5.625 -0.975 0.0000e+00
-5.625 -0.925 0.0000e+00
-5.625 -0.875 0.0000e+00
-5.625 -0.825 0.0000e+00
-5.625 -0.775 0.0000e+00
-5.625 -0.725 0.0000e+00
-5.625 -0.675 0.0000e+00
-5.625 -0.625 0.0000e+00
-5.625 -0.575 0.0000e+00
-5.625 -0.525 0.0000e+00
-5.625 -0.475 0.0000e+00
-5.625 -0.425 0.0000e+00
-5.625 -0.375 0.0000e+00
-5.625 -0.325 0.0000e+00
-5.625 -0.275 0.0000e+00
-5.625 -0.225 0.0000e+00
-5.625 -0.175 0.0000e+00
-5.625 -0.125 0.0000e+00
-5.625 -0.075 0.0000e+00
-5.625 -0.025 0.0000e+00
-5.625 0.025 0.0000e+00
-5.625 0.075 0.0000e+00
-5.625 0.125 0.0000e+00
-5.625 0.175 0.0000e+00
-5.625 0.225 0.0000e+00
-5.625 0.275 0.0000e+00
-5.625 0.325 0.0000e+00
-5.625 0.375 0.0000e+00
-5.625 0.425 0.0000e+00
-5.625 0.475 0.0000e+00
-5.625 0.525 0.0000e+00
-5.625 0.575 0.0000e+00
-5.625 0.625 0.0000e+00
-5.625 0.675 0.0000e+00
-5.625 0.725 0.0000e+00
-5.625 0.775 0.0000e+00
-5.625 0.825 0.0000e+00
-5.625 0.875 0.0000e+00
-5.625 0.925 0.0000e+00
-5.625 0.975 0.0000e+00
-5.625 1.025 0.0000e+00
-5.625 1.075 0.0000e+00
-5.625 1.125 0.0000e+00
-5.625 1.175 0.0000e+00
-5.625 1.225 0.0000e+00
-5.625 1.275 0.0000e+00
-5.625 1.325 0.0000e+00
-5.625 1.375 0.0000e+00
-5.625 1.425 0.0000e+00
-5.625 1.475 0.0000e+00
-5.625 1.525 8.7725e-25
-5.625 1.575 1.7545e-24
-5.625 1.625 3.5101e-24
-5.625 1.675 7.0246e-24
-5.625 1.725 1.4063e-23
-5.625 1.775 2.8167e-23
-5.625 1.825 5.6440e-23
-5.625 1.875 1.1315e-22
-5.625 1.925 2.2698e-22
-5.625 1.975 4.5563e-22
-5.625 2.025 9.1529e-22
-5.625 2.075 1.8402e-21
-5.625 2.125 3.7033e-21
-5.625 2.175 7.4606e-21
-5.625 2.225 1.5048e-20
-5.625 2.275 3.0393e-20
-5.625 2.325 6.1481e-20
-5.625 2.375 1.2458e-19
-5.625 2.425 2.5294e-19
-5.625 2.475 5.1470e-19
-5.625 2.525 1.0500e-18
-5.625 2.575 2.1480e-18
-5.625 2.625 4.4086e-18
-5.625 2.675 9.0816e-18
-5.625 2.725 1.8787e-17
-5.625 2.775 3.9051e-17
-5.625 2.825 8.1619e-17
-5.625 2.875 1.7167e-16
-5.625 2.925 3.6372e-16
-5.625 2.975 7.7714e-16
-5.625 3.025 1.6768e-15
-5.625 3.075 3.6595e-15
-5.625 3.125 8.0945e-15
-5.625 3.175 1.8191e-14
-5.625 3.225 4.1664e-14
-5.625 3.275 9.7630e-14
-5.625 3.325 2.3525e-13
-5.625 3.375 5.8684e-13
-5.625 3.425 1.5295e-12
-5.625 3.475 4.2205e-12
-5.625 3.525 1.2577e-11
-5.625 3.575 4.1788e-11
-5.625 3.625 1.6380e-10
-5.625 3.675 8.4717e-10
-5.625 3.725 7.4626e-09
-5.625 3.775 2.1984e-07
-5.625 3.825 1.9231e-04
-5.625 3.875 0.0000e+00
-5.625 3.925 0.0000e+00
-5.625 3.975 0.0000e+00
-5.575 -1.975 0.0000e+00
-5.575 -1.925 0.0000e+00
-5.575 -1.875 0.0000e+00
-5.575 -1.825 0.0000e+00
-5.575 -1.775 0.0000e+00
-5.575 -1.725 0.0000e+00
-5.575 -1.675 0.0000e+00
-5.575 -1.625 0.0000e+00
-5.575 -1.575 0.0000e+00
-5.575 -1.525 0.0000e+00
-5.575 -1.475 0.0000e+00
-5.575 -1.425 0.0000e+00
-5.575 -1.375 0.0000e+00
-5.575 -1.325 0.0000e+00
-5.575 -1.275 0.0000e+00
-5.575 -1.225 0.0000e+00
-5.575 -1.175 0.0000e+00
-5.575 -1.125 0.0000e+00
-5.575 -1.075 0.0000e+00
-5.575 -1.025 0.0000e+00
-5.575 -0.975 0.0000e+00
-5.575 -0.925 0.0000e+00
-5.575 -0.875 0.0000e+00
-5.575 -0.825 0.0000e+00
-5.575 -0.775 0.0000e+00
-5.575 -0.725 0.0000e+00
-5.575 -0.675 0.0000e+00
-5.575 -0.625 0.0000e+00
-5.575 -0.575 0.0000e+00
-5.575 -0.525 0.0000e+00
-5.575 -0.475 0.0000e+00
-5.575 -0.425 0.0000e+00
-5.575 -0.375 0.0000e+00
-5.575 -0.325 0.0000e+00
-5.575 -0.275 0.0000e+00
-5.575 -0.225 0.0000e+00
-5.575 -0.175 0.0000e+00
-5.575 -0.125 0.0000e+00
-5.575 -0.075 0.0000e+00
-5.575 -0.025 0.0000e+00
-5.575 0.025 0.0000e+00
-5.575 0.075 0.0000e+00
-5.575 0.125 0.0000e+00
-5.575 0.175 0.0000e+00
-5.575 0.225 0.0000e+00
-5.575 0.275 0.0000e+00
-5.575 0.325 0.0000e+00
-5.575 0.375 0.0000e+00
-5.575 0.425 0.0000e+00
-5.575 0.475 0.0000e+00
-5.575 0.525 0.0000e+00
-5.575 0.575 0.0000e+00
-5.575 0.625 0.0000e+00
-5.575 0.675 0.0000e+00
-5.575 0.725 0.0000e+00
-5.575 0.775 0.0000e+00
-5.575 0.825 0.0000e+00
-5.575 0.875 0.0000e+00
-5.575 0.925 0.0000e+00
-5.575 0.975 0.0000e+00
-5.575 1.025 0.0000e+00
-5.575 1.075 0.0000e+00
-5.575 1.125 0.0000e+00
-5.575 1.175 0.0000e+00
-5.575 1.225 0.0000e+00
-5.575 1.275 0.0000e+00
-5.575 1.325 0.0000e+00
-5.575 1.375 0.0000e+00
-5.575 1.425 0.0000e+00
-5.575 1.475 0.0000e+00
-5.575 1.525 1.1044e-24
-5.575 1.575 2.2088e-24
-5.575 1.625 4.4190e-24
-5.575 1.675 8.8435e-24
-5.575 1.725 1.7705e-23
-5.575 1.775 3.5460e-23
-5.575 1.825 7.1053e-23
-5.575 1.875 1.4245e-22
-5.575 1.925 2.8575e-22
-5.575 1.975 5.7360e-22
-5.575 2.025 1.1523e-21
-5.575 2.075 2.3167e-21
-5.575 2.125 4.6622e-21
-5.575 2.175 9.3923e-21
-5.575 2.225 1.8944e-20
-5.575 2.275 3.8263e-20
-5.575 2.325 7.7400e-20
-5.575 2.375 1.5684e-19
-5.575 2.425 3.1844e-19
-5.575 2.475 6.4797e-19
-5.575 2.525 1.3218e-18
-5.575 2.575 2.7042e-18
-5.575 2.625 5.5501e-18
-5.575 2.675 1.1433e-17
-5.575 2.725 2.3651e-17
-5.575 2.775 4.9162e-17
-5.575 2.825 1.0275e-16
-5.575 2.875 2.1612e-16
-5.575 2.925 4.5790e-16
-5.575 2.975 9.7836e-16
-5.575 3.025 2.1110e-15
-5.575 3.075 4.6070e-15
-5.575 3.125 1.0190e-14
-5.575 3.175 2.2901e-14
-5.575 3.225 5.2452e-14
-5.575 3.275 1.2291e-13
-5.575 3.325 2.9616e-13
-5.575 3.375 7.3879e-13
-5.575 3.425 1.9256e-12
-5.575 3.475 5.3134e-12
-5.575 3.525 1.5833e-11
-5.575 3.575 5.2609e-11
-5.575 3.625 2.0622e-10
-5.575 3.675 1.0666e-09
-5.575 3.725 9.3952e-09
-5.575 3.775 2.7678e-07
-5.575 3.825 2.4210e-04
-5.575 3.875 0.0000e+00
-5.575 3.925 0.0000e+00
-5.575 3.975 0.0000e+00
-5.525 -1.975 0.0000e+00
-5.525 -1.925 0.0000e+00
-5.525 -1.875 0.0000e+00
-5.525 -1.825 0.0000e+00
-5.525 -1.775 0.0000e+00
-5.525 -1.725 0.0000e+00
-5.525 -1.675 0.0000e+00
-5.525 -1.625 0.0000e+00
-5.525 -1.575 0.0000e+00
-5.525 -1.525 0.0000e+00
-5.525 -1.475 0.0000e+00
-5.525 -1.425 0.0000e+00
-5.525 -1.375 0.0000e+00
-5.525 -1.325 0.0000e+00
-5.525 -1.275 0.0000e+00
-5.525 -1.225 0.0000e+00
-5.525 -1.175 0.0000e+00
-5.525 -1.125 0.0000e+00
-5.525 -1.075 0.0000e+00
-5.525 -1.025 0.0000e+00
-5.525 -0.975 0.0000e+00
-5.525 -0.925 0.0000e+00
-5.525 -0.875 0.0000e+00
-5.525 -0.825 0.0000e+00
-5.525 -0.775 0.0000e+00
-5.525 -0.725 0.0000e+00
-5.525 -0.675 0.0000e+00
-5.525 -0.625 0.0000e+00
-5.525 -0.575 0.0000e+00
-5.525 -0.525 0.0000e+00
-5.525 -0.475 0.0000e+00
-5.525 -0.425 0.0000e+00
-5.525 -0.375 0.0000e+00
-5.525 -0.325 0.0000e+00
-5.525 -0.275 0.0000e+00
-5.525 -0.225 0.0000e+00
-5.525 -0.175 0.0000e+00
-5.525 -0.125 0.0000e+00
-5.525 -0.075 0.0000e+00
-5.525 -0.025 0.0000e+00
-5.525 0.025 0.0000e+00
-5.525 0.075 0.0000e+00
-5.525 0.125 0.0000e+00
-5.525 0.175 0.0000e+00
-5.525 0.225 0.0000e+00
-5.525 0.275 0.0000e+00
-5.525 0.325 0.0000e+00
-5.525 0.375 0.0000e+00
-5.525 0.425 0.0000e+00
-5.525 0.475 0.0000e+00
-5.525 0.525 0.0000e+00
-5.525 0.575 0.0000e+00
-5.525 0.625 0.0000e+00
-5.525 0.675 0.0000e+00
-5.525 0.725 0.0000e+00
-5.525 0.775 0.0000e+00
-5.525 0.825 0.0000e+00
-5.525 0.875 0.0000e+00
-5.525 0.925 0.0000e+00
-5.525 0.975 0.0000e+00
-5.525 1.025 0.0000e+00
-5.525 1.075 0.0000e+00
-5.525 1.125 0.0000e+00
-5.525 1.175 0.0000e+00
-5.525 1.225 0.0000e+00
-5.525 1.275 0.0000e+00
-5.525 1.325 0.0000e+00
-5.525 1.375 0.0000e+00
-5.525 1.425 0.0000e+00
-5.525 1.475 0.0000e+00
-5.525 1.525 1.3903e-24
-5.525 1.575 2.7807e-24
-5.525 1.625 5.5631e-24
-5.525 1.675 1.1133e-23
-5.525 1.725 2.2289e-23
-5.525 1.775 4.4641e-23
-5.525 1.825 8.9451e-23
-5.525 1.875 1.7933e-22
-5.525 1.925 3.5974e-22
-5.525 1.975 7.2212e-22
-5.525 2.025 1.4506e-21
-5.525 2.075 2.9165e-21
-5.525 2.125 5.8693e-21
-5.525 2.175 1.1824e-20
-5.525 2.225 2.3850e-20
-5.525 2.275 4.8170e-20
-5.525 2.325 9.7441e-20
-5.525 2.375 1.9745e-19
-5.525 2.425 4.0089e-19
-5.525 2.475 8.1575e-19
-5.525 2.525 1.6641e-18
-5.525 2.575 3.4043e-18
-5.525 2.625 6.9871e-18
-5.525 2.675 1.4393e-17
-5.525 2.725 2.9775e-17
-5.525 2.775 6.1891e-17
-5.525 2.825 1.2936e-16
-5.525 2.875 2.7208e-16
-5.525 2.925 5.7646e-16
-5.525 2.975 1.2317e-15
-5.525 3.025 2.6575e-15
-5.525 3.075 5.7999e-15
-5.525 3.125 1.2829e-14
-5.525 3.175 2.8831e-14
-5.525 3.225 6.6033e-14
-5.525 3.275 1.5473e-13
-5.525 3.325 3.7285e-13
-5.525 3.375 9.3008e-13
-5.525 3.425 2.4242e-12
-5.525 3.475 6.6892e-12
-5.525 3.525 1.9933e-11
-5.525 3.575 6.6232e-11
-5.525 3.625 2.5962e-10
-5.525 3.675 1.3428e-09
-5.525 3.725 1.1828e-08
-5.525 3.775 3.4846e-07
-5.525 3.825 3.0476e-04
-5.525 3.875 0.0000e+00
-5.525 3.925 0.0000e+00
-5.525 3.975 0.0000e+00
-5.475 -1.975 0.0000e+00
-5.475 -1.925 0.0000e+00
-5.475 -1.875 0.0000e+00
-5.475 -1.825 0.0000e+00
-5.475 -1.775 0.0000e+00
-5.475 -1.725 0.0000e+00
-5.475 -1.675 0.0000e+00
-5.475 -1.625 0.0000e+00
-5.475 -1.575 0.0000e+00
-5.475 -1.525 0.0000e+00
-5.475 -1.475 0.0000e+00
-5.475 -1.425 0.0000e+00
-5.475 -1.375 0.0000e+00
-5.475 -1.325 0.0000e+00
-5.475 -1.275 0.0000e+00
-5.475 -1.225 0.0000e+00
-5.475 -1.175 0.0000e+00
-5.475 -1.125 0.0000e+00
-5.475 -1.075 0.0000e+00
-5.475 -1.025 0.0000e+00
-5.475 -0.975 0.0000e+00
-5.475 -0.925 0.0000e+00
-5.475 -0.875 0.0000e+00
-5.475 -0.825 0.0000e+00
-5.475 -0.775 0.0000e+00
-5.475 -0.725 0.0000e+00
-5.475 -0.675 0.0000e+00
-5.475 -0.625 0.0000e+00
-5.475 -0.575 0.0000e+00
-5.475 -0.525 0.0000e+00
-5.475 -0.475 0.0000e+00
-5.475 -0.425 0.0000e+00
-5.475 -0.375 0.0000e+00
-5.475 -0.325 0.0000e+00
-5.475 -0.275 0.0000e+00
-5.475 -0.225 0.0000e+00
-5.475 -0.175 0.0000e+00
-5.475 -0.125 0.0000e+00
-5.475 -0.075 0.0000e+00
-5.475 -0.025 0.0000e+00
-5.475 0.025 0.0000e+00
-5.475 0.075 0.0000e+00
-5.475 0.125 0.0000e+00
-5.475 0.175 0.0000e+00
-5.475 0.225 0.0000e+00
-5.475 0.275 0.0000e+00
-5.475 0.325 0.0000e+00
-5.475 0.375 0.0000e+00
-5.475 0.425 0.0000e+00
-5.475 0.475 0.0000e+00
-5.475 0.525 0.0000e+00
-5.475 0.575 0.0000e+00
-5.475 0.625 0.0000e+00
-5.475 0.675 0.0000e+00
-5.475 0.725 0.0000e+00
-5.475 0.775 0.0000e+00
-5.475 0.825 0.0000e+00
-5.475 0.875 0.0000e+00
-5.475 0.925 0.0000e+00
-5.475 0.975 0.0000e+00
-5.475 1.025 0.0000e+00
-5.475 1.075 0.0000e+00
-5.475 1.125 0.0000e+00
-5.475 1.175 0.0000e+00
-5.475 1.225 0.0000e+00
-5.475 1.275 0.0000e+00
-5.475 1.325 0.0000e+00
-5.475 1.375 0.0000e+00
-5.475 1.425 0.0000e+00
-5.475 1.475 0.0000e+00
-5.475 1.525 1.7503e-24
-5.475 1.575 3.5007e-24
-5.475 1.625 7.0036e-24
-5.475 1.675 1.4016e-23
-5.475 1.725 2.8060e-23
-5.475 1.775 5.6200e-23
-5.475 1.825 1.1261e-22
-5.475 1.875 2.2577e-22
-5.475 1.925 4.5289e-22
-5.475 1.975 9.0910e-22
-5.475 2.025 1.8262e-21
-5.475 2.075 3.6717e-21
-5.475 2.125 7.3891e-21
-5.475 2.175 1.4886e-20
-5.475 2.225 3.0025e-20
-5.475 2.275 6.0643e-20
-5.475 2.325 1.2267e-19
-5.475 2.375 2.4858e-19
-5.475 2.425 5.0469e-19
-5.475 2.475 1.0270e-18
-5.475 2.525 2.0950e-18
-5.475 2.575 4.2858e-18
-5.475 2.625 8.7962e-18
-5.475 2.675 1.8120e-17
-5.475 2.725 3.7485e-17
-5.475 2.775 7.7916e-17
-5.475 2.825 1.6285e-16
-5.475 2.875 3.4253e-16
-5.475 2.925 7.2572e-16
-5.475 2.975 1.5506e-15
-5.475 3.025 3.3456e-15
-5.475 3.075 7.3016e-15
-5.475 3.125 1.6151e-14
-5.475 3.175 3.6296e-14
-5.475 3.225 8.3131e-14
-5.475 3.275 1.9480e-13
-5.475 3.325 4.6939e-13
-5.475 3.375 1.1709e-12
-5.475 3.425 3.0519e-12
-5.475 3.475 8.4213e-12
-5.475 3.525 2.5095e-11
-5.475 3.575 8.3382e-11
-5.475 3.625 3.2685e-10
-5.475 3.675 1.6905e-09
-5.475 3.725 1.4892e-08
-5.475 3.775 4.3871e-07
-5.475 3.825 3.8364e-04
-5.475 3.875 0.0000e+00
-5.475 3.925 0.0000e+00
-5.475 3.975 0.0000e+00
-5.425 -1.975 0.0000e+00
-5.425 -1.925 0.0000e+00
-5.425 -1.875 0.0000e+00
-5.425 -1.825 0.0000e+00
-5.425 -1.775 0.0000e+00
-5.425 -1.725 0.0000e+00
-5.425 -1.675 0.0000e+00
-5.425 -1.625 0.0000e+00
-5.425 -1.575 0.0000e+00
-5.425 -1.525 0.0000e+00
-5.425 -1.475 0.0000e+00
-5.425 -1.425 0.0000e+00
-5.425 -1.375 0.0000e+00
-5.425 -1.325 0.0000e+00
-5.425 -1.275 0.0000e+00
-5.425 -1.225 0.0000e+00
-5.425 -1.175 0.0000e+00
-5.425 -1.125 0.0000e+00
-5.425 -1.075 0.0000e+00
-5.425 -1.025 0.0000e+00
-5.425 -0.975 0.0000e+00
-5.425 -0.925 0.0000e+00
-5.425 -0.875 0.0000e+00
-5.425 -0.825 0.0000e+00
-5.425 -0.775 0.0000e+00
-5.425 -0.725 0.0000e+00
-5.425 -0.675 0.0000e+00
-5.425 -0.625 0.0000e+00
-5.425 -0.575 0.0000e+00
-5.425 -0.525 0.0000e+00
-5.425 -0.475 0.0000e+00
-5.425 -0.425 0.0000e+00
-5.425 -0.375 0.0000e+00
-5.425 -0.325 0.0000e+00
-5.425 -0.275 0.0000e+00
-5.425 -0.225 0.0000e+00
-5.425 -0.175 0.0000e+00
-5.425 -0.125 0.0000e+00
-5.425 -0.075 0.0000e+00
-5.425 -0.025 0.0000e+00
-5.425 0.025 0.0000e+00
-5.425 0.075 0.0000e+00
-5.425 0.125 0.0000e+00
-5.425 0.175 0.0000e+00
-5.425 0.225 0.0000e+00
-5.425 0.275 0.0000e+00
-5.425 0.325 0.0000e+00
-5.425 0.375 0.0000e+00
-5.425 0.425 0.0000e+00
-5.425 0.475 0.0000e+00
-5.425 0.525 0.0000e+00
-5.425 0.575 0.0000e+00
-5.425 0.625 0.0000e+00
-5.425 0.675 0.0000e+00
-5.425 0.725 0.0000e+00
-5.425 0.775 0.0000e+00
-5.425 0.825 0.0000e+00
-5.425 0.875 0.0000e+00
-5.425 0.925 0.0000e+00
-5.425 0.975 0.0000e+00
-5.425 1.025 0.0000e+00
-5.425 1.075 0.0000e+00
-5.425 1.125 0.0000e+00
-5.425 1.175 0.0000e+00
-5.425 1.225 0.0000e+00
-5.425 1.275 0.0000e+00
-5.425 1.325 0.0000e+00
-5.425 1.375 0.0000e+00
-5.425 1.425 0.0000e+00
-5.425 1.475 0.0000e+00
-5.425 1.525 2.2035e-24
-5.425 1.575 4.4071e-24
-5.425 1.625 8.8170e-24
-5.425 1.675 1.7645e-23
-5.425 1.725 3.5326e-23
-5.425 1.775 7.0751e-23
-5.425 1.825 1.4177e-22
-5.425 1.875 2.8422e-22
-5.425 1.925 5.7015e-22
-5.425 1.975 1.1445e-21
-5.425 2.025 2.2991e-21
-5.425 2.075 4.6224e-21
-5.425 2.125 9.3023e-21
-5.425 2.175 1.8740e-20
-5.425 2.225 3.7799e-20
-5.425 2.275 7.6345e-20
-5.425 2.325 1.5443e-19
-5.425 2.375 3.1294e-19
-5.425 2.425 6.3537e-19
-5.425 2.475 1.2929e-18
-5.425 2.525 2.6374e-18
-5.425 2.575 5.3955e-18
-5.425 2.625 1.1074e-17
-5.425 2.675 2.2812e-17
-5.425 2.725 4.7190e-17
-5.425 2.775 9.8091e-17
-5.425 2.825 2.0502e-16
-5.425 2.875 4.3122e-16
-5.425 2.925 9.1363e-16
-5.425 2.975 1.9521e-15
-5.425 3.025 4.2119e-15
-5.425 3.075 9.1922e-15
-5.425 3.125 2.0333e-14
-5.425 3.175 4.5694e-14
-5.425 3.225 1.0466e-13
-5.425 3.275 2.4524e-13
-5.425 3.325 5.9093e-13
-5.425 3.375 1.4741e-12
-5.425 3.425 3.8421e-12
-5.425 3.475 1.0602e-11
-5.425 3.525 3.1593e-11
-5.425 3.575 1.0497e-10
-5.425 3.625 4.1150e-10
-5.425 3.675 2.1284e-09
-5.425 3.725 1.8750e-08
-5.425 3.775 5.5234e-07
-5.425 3.825 4.8292e-04
-5.425 3.875 0.0000e+00
-5.425 3.925 0.0000e+00
-5.425 3.975 0.0000e+00
-5.375 -1.975 0.0000e+00
-5.375 -1.925 0.0000e+00
-5.375 -1.875 0.0000e+00
-5.375 -1.825 0.0000e+00
-5.375 -1.775 0.0000e+00
-5.375 -1.725 0.0000e+00
-5.375 -1.675 0.0000e+00
-5.375 -1.625 0.0000e+00
-5.375 -1.575 0.0000e+00
-5.375 -1.525 0.0000e+00
-5.375 -1.475 0.0000e+00
-5.375 -1.425 0.0000e+00
-5.375 -1.375 0.0000e+00
-5.375 -1.325 0.0000e+00
-5.375 -1.275 0.0000e+00
-5.375 -1.225 0.0000e+00
-5.375 -1.175 0.0000e+00
-5.375 -1.125 0.0000e+00
-5.375 -1.075 0.0000e+00
-5.375 -1.025 0.0000e+00
-5.375 -0.975 0.0000e+00
-5.375 -0.925 0.0000e+00
-5.375 -0.875 0.0000e+00
-5.375 -0.825 0.0000e+00
-5.375 -0.775 0.0000e+00
-5.375 -0.725 0.0000e+00
-5.375 -0.675 0.0000e+00
-5.375 -0.625 0.0000e+00
-5.375 -0.575 0.0000e+00
-5.375 -0.525 0.0000e+00
-5.375 -0.475 0.0000e+00
-5.375 -0.425 0.0000e+00
-5.375 -0.375 0.0000e+00
-5.375 -0.325 0.0000e+00
-5.375 -0.275 0.0000e+00
-5.375 -0.225 0.0000e+00
-5.375 -0.175 0.0000e+00
-5.375 -0.125 0.0000e+00
-5.375 -0.075 0.0000e+00
-5.375 -0.025 0.0000e+00
-5.375 0.025 0.0000e+00
-5.375 0.075 0.0000e+00
-5.375 0.125 0.0000e+00
-5.375 0.175 0.0000e+00
-5.375 0.225 0.0000e+00
-5.375 0.275 0.0000e+00
-5.375 0.325 0.0000e+00
-5.375 0.375 0.0000e+00
-5.375 0.425 0.0000e+00
-5.375 0.475 0.0000e+00
-5.375 0.525 0.0000e+00
-5.375 0.575 0.0000e+00
-5.375 0.625 0.0000e+00
-5.375 0.675 0.0000e+00
-5.375 0.725 0.0000e+00
-5.375 0.775 0.0000e+00
-5.375 0.825 0.0000e+00
-5.375 0.875 0.0000e+00
-5.375 0.925 0.0000e+00
-5.375 0.975 0.0000e+00
-5.375 1.025 0.0000e+00
-5.375 1.075 0.0000e+00
-5.375 1.125 0.0000e+00
-5.375 1.175 0.0000e+00
-5.375 1.225 0.0000e+00
-5.375 1.275 0.0000e+00
-5.375 1.325 0.0000e+00
-5.375 1.375 0.0000e+00
-5.375 1.425 0.0000e+00
-5.375 1.475 0.0000e+00
-5.375 1.525 2.7741e-24
-5.375 1.575 5.5483e-24
-5.375 1.625 1.1100e-23
-5.375 1.675 2.2214e-23
-5.375 1.725 4.4472e-23
-5.375 1.775 8.9071e-23
-5.375 1.825 1.7848e-22
-5.375 1.875 3.5782e-22
-5.375 1.925 7.1778e-22
-5.375 1.975 1.4408e-21
-5.375 2.025 2.8944e-21
-5.375 2.075 5.8192e-21
-5.375 2.125 1.1711e-20
-5.375 2.175 2.3593e-20
-5.375 2.225 4.7586e-20
-5.375 2.275 9.6113e-20
-5.375 2.325 1.9442e-19
-5.375 2.375 3.9397e-19
-5.375 2.425 7.9988e-19
-5.375 2.475 1.6276e-18
-5.375 2.525 3.3203e-18
-5.375 2.575 6.7926e-18
-5.375 2.625 1.3941e-17
-5.375 2.675 2.8719e-17
-5.375 2.725 5.9409e-17
-5.375 2.775 1.2349e-16
-5.375 2.825 2.5810e-16
-5.375 2.875 5.4288e-16
-5.375 2.925 1.1502e-15
-5.375 2.975 2.4575e-15
-5.375 3.025 5.3025e-15
-5.375 3.075 1.1572e-14
-5.375 3.125 2.5597e-14
-5.375 3.175 5.7526e-14
-5.375 3.225 1.3175e-13
-5.375 3.275 3.0874e-13
-5.375 3.325 7.4394e-13
-5.375 3.375 1.8558e-12
-5.375 3.425 4.8370e-12
-5.375 3.475 1.3347e-11
-5.375 3.525 3.9774e-11
-5.375 3.575 1.3216e-10
-5.375 3.625 5.1807e-10
-5.375 3.675 2.6796e-09
-5.375 3.725 2.3607e-08
-5.375 3.775 6.9542e-07
-5.375 3.825 6.0788e-04
-5.375 3.875 0.0000e+00
-5.375 3.925 0.0000e+00
-5.375 3.975 0.0000e+00
-5.325 -1.975 0.0000e+00
-5.325 -1.925 0.0000e+00
-5.325 -1.875 0.0000e+00
-5.325 -1.825 0.0000e+00
-5.325 -1.775 0.0000e+00
-5.325 -1.725 0.0000e+00
-5.325 -1.675 0.0000e+00
-5.325 -1.625 0.0000e+00
-5.325 -1.575 0.0000e+00
-5.325 -1.525 0.0000e+00
-5.325 -1.475 0.0000e+00
-5.325 -1.425 0.0000e+00
-5.325 -1.375 0.0000e+00
-5.325 -1.325 0.0000e+00
-5.325 -1.275 0.0000e+00
-5.325 -1.225 0.0000e+00
-5.325 -1.175 0.0000e+00
-5.325 -1.125 0.0000e+00
-5.325 -1.075 0.0000e+00
-5.325 -1.025 0.0000e+00
-5.325 -0.975 0.0000e+00
-5.325 -0.925 0.0000e+00
-5.325 -0.875 0.0000e+00
-5.325 -0.825 0.0000e+00
-5.325 -0.775 0.0000e+00
-5.325 -0.725 0.0000e+00
-5.325 -0.675 0.0000e+00
-5.325 -0.625 0.0000e+00
-5.325 -0.575 0.0000e+00
-5.325 -0.525 0.0000e+00
-5.325 -0.475 0.0000e+00
-5.325 -0.425 0.0000e+00
-5.325 -0.375 0.0000e+00
-5.325 -0.325 0.0000e+00
-5.325 -0.275 0.0000e+00
-5.325 -0.225 0.0000e+00
-5.325 -0.175 0.0000e+00
-5.325 -0.125 0.0000e+00
-5.325 -0.075 0.0000e+00
-5.325 -0.025 0.0000e+00
-5.325 0.025 0.0000e+00
-5.325 0.075 0.0000e+00
-5.325 0.125 0.0000e+00
-5.325 0.175 0.0000e+00
-5.325 0.225 0.0000e+00
-5.325 0.275 0.0000e+00
-5.325 0.325 0.0000e+00
-5.325 0.375 0.0000e+00
-5.325 0.425 0.0000e+00
-5.325 0.475 0.0000e+00
-5.325 0.525 0.0000e+00
-5.325 0.575 0.0000e+00
-5.325 0.625 0.0000e+00
-5.325 0.675 0.0000e+00
-5.325 0.725 0.0000e+00
-5.325 0.775 0.0000e+00
-5.325 0.825 0.0000e+00
-5.325 0.875 0.0000e+00
-5.325 0.925 0.0000e+00
-5.325 0.975 0.0000e+00
-5.325 1.025 0.0000e+00
-5.325 1.075 0.0000e+00
-5.325 1.125 0.0000e+00
-5.325 1.175 0.0000e+00
-5.325 1.225 0.0000e+00
-5.325 1.275 0.0000e+00
-5.325 1.325 0.0000e+00
-5.325 1.375 0.0000e+00
-5.325 1.425 0.0000e+00
-5.325 1.475 0.0000e+00
-5.325 1.525 3.4924e-24
-5.325 1.575 6.9849e-24
-5.325 1.625 1.3974e-23
-5.325 1.675 2.7966e-23
-5.325 1.725 5.5987e-23
-5.325 1.775 1.1213e-22
-5.325 1.825 2.2469e-22
-5.325 1.875 4.5046e-22
-5.325 1.925 9.0363e-22
-5.325 1.975 1.8139e-21
-5.325 2.025 3.6438e-21
-5.325 2.075 7.3260e-21
-5.325 2.125 1.4743e-20
-5.325 2.175 2.9701e-20
-5.325 2.225 5.9908e-20
-5.325 2.275 1.2100e-19
-5.325 2.325 2.4476e-19
-5.325 2.375 4.9597e-19
-5.325 2.425 1.0070e-18
-5.325 2.475 2.0491e-18
-5.325 2.525 4.1800e-18
-5.325 2.575 8.5513e-18
-5.325 2.625 1.7551e-17
-5.325 2.675 3.6155e-17
-5.325 2.725 7.4792e-17
-5.325 2.775 1.5546e-16
-5.325 2.825 3.2493e-16
-5.325 2.875 6.8344e-16
-5.325 2.925 1.4480e-15
-5.325 2.975 3.0939e-15
-5.325 3.025 6.6755e-15
-5.325 3.075 1.4569e-14
-5.325 3.125 3.2225e-14
-5.325 3.175 7.2421e-14
-5.325 3.225 1.6587e-13
-5.325 3.275 3.8868e-13
-5.325 3.325 9.3657e-13
-5.325 3.375 2.3363e-12
-5.325 3.425 6.0894e-12
-5.325 3.475 1.6803e-11
-5.325 3.525 5.0074e-11
-5.325 3.575 1.6639e-10
-5.325 3.625 6.5225e-10
-5.325 3.675 3.3738e-09
-5.325 3.725 2.9723e-08
-5.325 3.775 8.7559e-07
-5.325 3.825 7.6515e-04
-5.325 3.875 0.0000e+00
-5.325 3.925 0.0000e+00
-5.325 3.975 0.0000e+00
-5.275 -1.975 0.0000e+00
-5.275 -1.925 0.0000e+00
-5.275 -1.875 0.0000e+00
-5.275 -1.825 0.0000e+00
-5.275 -1.775 0.0000e+00
-5.275 -1.725 0.0000e+00
-5.275 -1.675 0.0000e+00
-5.275 -1.625 0.0000e+00
-5.275 -1.575 0.0000e+00
-5.275 -1.525 0.0000e+00
-5.275 -1.475 0.0000e+00
-5.275 -1.425 0.0000e+00
-5.275 -1.375 0.0000e+00
-5.275 -1.325 0.0000e+00
-5.275 -1.275 0.0000e+00
-5.275 -1.225 0.0000e+00
-5.275 -1.175 0.0000e+00
-5.275 -1.125 0.0000e+00
-5.275 -1.075 0.0000e+00
-5.275 -1.025 0.0000e+00
-5.275 -0.975 0.0000e+00
-5.275 -0.925 0.0000e+00
-5.275 -0.875 0.0000e+00
-5.275 -0.825 0.0000e+00
-5.275 -0.775 0.0000e+00
-5.275 -0.725 0.0000e+00
-5.275 -0.675 0.0000e+00
-5.275 -0.625 0.0000e+00
-5.275 -0.575 0.0000e+00
-5.275 -0.525 0.0000e+00
-5.275 -0.475 0.0000e+00
-5.275 -0.425 0.0000e+00
-5.275 -0.375 0.0000e+00
-5.275 -0.325 0.0000e+00
-5.275 -0.275 0.0000e+00
-5.275 -0.225 0.0000e+00
-5.275 -0.175 0.0000e+00
-5.275 -0.125 0.0000e+00
-5.275 -0.075 0.0000e+00
-5.275 -0.025 0.0000e+00
-5.275 0.025 0.0000e+00
-5.275 0.075 0.0000e+00
-5.275 0.125 0.0000e+00
-5.275 0.175 0.0000e+00
-5.275 0.225 0.0000e+00
-5.275 0.275 0.0000e+00
-5.275 0.325 0.0000e+00
-5.275 0.375 0.0000e+00
-5.275 0.425 0.0000e+00
-5.275 0.475 0.0000e+00
-5.275 0.525 0.0000e+00
-5.275 0.575 0.0000e+00
-5.275 0.625 0.0000e+00
-5.275 0.675 0.0000e+00
-5.275 0.725 0.0000e+00
-5.275 0.775 0.0000e+00
-5.275 0.825 0.0000e+00
-5.275 0.875 0.0000e+00
-5.275 0.925 0.0000e+00
-5.275 0.975 0.0000e+00
-5.275 1.025 0.0000e+00
-5.275 1.075 0.0000e+00
-5.275 1.125 0.0000e+00
-5.275 1.175 0.0000e+00
-5.275 1.225 0.0000e+00
-5.275 1.275 0.0000e+00
-5.275 1.325 0.0000e+00
-5.275 1.375 0.0000e+00
-5.275 1.425 0.0000e+00
-5.275 1.475 0.0000e+00
-5.275 1.525 4.3967e-24
-5.275 1.575 8.7934e-24
-5.275 1.625 1.7592e-23
-5.275 1.675 3.5207e-23
-5.275 1.725 7.0484e-23
-5.275 1.775 1.4117e-22
-5.275 1.825 2.8287e-22
-5.275 1.875 5.6710e-22
-5.275 1.925 1.1376e-21
-5.275 1.975 2.2836e-21
-5.275 2.025 4.5873e-21
-5.275 2.075 9.2229e-21
-5.275 2.125 1.8560e-20
-5.275 2.175 3.7392e-20
-5.275 2.225 7.5419e-20
-5.275 2.275 1.5233e-19
-5.275 2.325 3.0814e-19
-5.275 2.375 6.2440e-19
-5.275 2.425 1.2677e-18
-5.275 2.475 2.5796e-18
-5.275 2.525 5.2623e-18
-5.275 2.575 1.0765e-17
-5.275 2.625 2.2095e-17
-5.275 2.675 4.5516e-17
-5.275 2.725 9.4157e-17
-5.275 2.775 1.9572e-16
-5.275 2.825 4.0907e-16
-5.275 2.875 8.6040e-16
-5.275 2.925 1.8229e-15
-5.275 2.975 3.8950e-15
-5.275 3.025 8.4039e-15
-5.275 3.075 1.8341e-14
-5.275 3.125 4.0569e-14
-5.275 3.175 9.1173e-14
-5.275 3.225 2.0882e-13
-5.275 3.275 4.8932e-13
-5.275 3.325 1.1791e-12
-5.275 3.375 2.9413e-12
-5.275 3.425 7.6663e-12
-5.275 3.475 2.1155e-11
-5.275 3.525 6.3042e-11
-5.275 3.575 2.0948e-10
-5.275 3.625 8.2119e-10
-5.275 3.675 4.2478e-09
-5.275 3.725 3.7425e-08
-5.275 3.775 1.1025e-06
-5.275 3.825 9.6306e-04
-5.275 3.875 0.0000e+00
-5.275 3.925 0.0000e+00
-5.275 3.975 0.0000e+00
-5.225 -1.975 0.0000e+00
-5.225 -1.925 0.0000e+00
-5.225 -1.875 0.0000e+00
-5.225 -1.825 0.0000e+00
-5.225 -1.775 0.0000e+00
-5.225 -1.725 0.0000e+00
-5.225 -1.675 0.0000e+00
-5.225 -1.625 0.0000e+00
-5.225 -1.575 0.0000e+00
-5.225 -1.525 0.0000e+00
-5.225 -1.475 0.0000e+00
-5.225 -1.425 0.0000e+00
-5.225 -1.375 0.0000e+00
-5.225 -1.325 0.0000e+00
-5.225 -1.275 0.0000e+00
-5.225 -1.225 0.0000e+00
-5.225 -1.175 0.0000e+00
-5.225 -1.125 0.0000e+00
-5.225 -1.075 0.0000e+00
-5.225 -1.025 0.0000e+00
-5.225 -0.975 0.0000e+00
-5.225 -0.925 0.0000e+00
-5.225 -0.875 0.0000e+00
-5.225 -0.825 0.0000e+00
-5.225 -0.775 0.0000e+00
-5.225 -0.725 0.0000e+00
-5.225 -0.675 0.0000e+00
-5.225 -0.625 0.0000e+00
-5.225 -0.575 0.0000e+00
-5.225 -0.525 0.0000e+00
-5.225 -0.475 0.0000e+00
-5.225 -0.425 0.0000e+00
-5.225 -0.375 0.0000e+00
-5.225 -0.325 0.0000e+00
-5.225 -0.275 0.0000e+00
-5.225 -0.225 0.0000e+00
-5.225 -0.175 0.0000e+00
-5.225 -0.125 0.0000e+00
-5.225 -0.075 0.0000e+00
-5.225 -0.025 0.0000e+00
-5.225 0.025 0.0000e+00
-5.225 0.075 0.0000e+00
-5.225 0.125 0.0000e+00
-5.225 0.175 0.0000e+00
-5.225 0.225 0.0000e+00
-5.225 0.275 0.0000e+00
-5.225 0.325 0.0000e+00
-5.225 0.375 0.0000e+00
-5.225 0.425 0.0000e+00
-5.225 0.475 0.0000e+00
-5.225 0.525 0.0000e+00
-5.225 0.575 0.0000e+00
-5.225 0.625 0.0000e+00
-5.225 0.675 0.0000e+00
-5.225 0.725 0.0000e+00
-5.225 0.775 0.0000e+00
-5.225 0.825 0.0000e+00
-5.225 0.875 0.0000e+00
-5.225 0.925 0.0000e+00
-5.225 0.975 0.0000e+00
-5.225 1.025 0.0000e+00
-5.225 1.075 0.0000e+00
-5.225 1.125 0.0000e+00
-5.225 1.175 0.0000e+00
-5.225 1.225 0.0000e+00
-5.225 1.275 0.0000e+00
-5.225 1.325 0.0000e+00
-5.225 1.375 0.0000e+00
-5.225 1.425 0.0000e+00
-5.225 1.475 0.0000e+00
-5.225 1.525 5.5351e-24
-5.225 1.575 1.1070e-23
-5.225 1.625 2.2147e-23
-5.225 1.675 4.4323e-23
-5.225 1.725 8.8734e-23
-5.225 1.775 1.7772e-22
-5.225 1.825 3.5611e-22
-5.225 1.875 7.1394e-22
-5.225 1.925 1.4322e-21
-5.225 1.975 2.8748e-21
-5.225 2.025 5.7751e-21
-5.225 2.075 1.1611e-20
-5.225 2.125 2.3366e-20
-5.225 2.175 4.7073e-20
-5.225 2.225 9.4947e-20
-5.225 2.275 1.9177e-19
-5.225 2.325 3.8792e-19
-5.225 2.375 7.8607e-19
-5.225 2.425 1.5960e-18
-5.225 2.475 3.2475e-18
-5.225 2.525 6.6248e-18
-5.225 2.575 1.3553e-17
-5.225 2.625 2.7816e-17
-5.225 2.675 5.7301e-17
-5.225 2.725 1.1854e-16
-5.225 2.775 2.4639e-16
-5.225 2.825 5.1498e-16
-5.225 2.875 1.0832e-15
-5.225 2.925 2.2950e-15
-5.225 2.975 4.9035e-15
-5.225 3.025 1.0580e-14
-5.225 3.075 2.3090e-14
-5.225 3.125 5.1074e-14
-5.225 3.175 1.1478e-13
-5.225 3.225 2.6289e-13
-5.225 3.275 6.1603e-13
-5.225 3.325 1.4844e-12
-5.225 3.375 3.7029e-12
-5.225 3.425 9.6515e-12
-5.225 3.475 2.6633e-11
-5.225 3.525 7.9368e-11
-5.225 3.575 2.6373e-10
-5.225 3.625 1.0339e-09
-5.225 3.675 5.3484e-09
-5.225 3.725 4.7125e-08
-5.225 3.775 1.3882e-06
-5.225 3.825 1.2121e-03
-5.225 3.875 0.0000e+00
-5.225 3.925 0.0000e+00
-5.225 3.975 0.0000e+00
-5.175 -1.975 0.0000e+00
-5.175 -1.925 0.0000e+00
-5.175 -1.875 0.0000e+00
-5.175 -1.825 0.0000e+00
-5.175 -1.775 0.0000e+00
-5.175 -1.725 0.0000e+00
-5.175 -1.675 0.0000e+00
-5.175 -1.625 0.0000e+00
-5.175 -1.575 0.0000e+00
-5.175 -1.525 0.0000e+00
-5.175 -1.475 0.0000e+00
-5.175 -1.425 0.0000e+00
-5.175 -1.375 0.0000e+00
-5.175 -1.325 0.0000e+00
-5.175 -1.275 0.0000e+00
-5.175 -1.225 0.0000e+00
-5.175 -1.175 0.0000e+00
-5.175 -1.125 0.0000e+00
-5.175 -1.075 0.0000e+00
-5.175 -1.025 0.0000e+00
-5.175 -0.975 0.0000e+00
-5.175 -0.925 0.0000e+00
-5.175 -0.875 0.0000e+00
-5.175 -0.825 0.0000e+00
-5.175 -0.775 0.0000e+00
-5.175 -0.725 0.0000e+00
-5.175 -0.675 0.0000e+00
-5.175 -0.625 0.0000e+00
-5.175 -0.575 0.0000e+00
-5.175 -0.525 0.0000e+00
-5.175 -0.475 0.0000e+00
-5.175 -0.425 0.0000e+00
-5.175 -0.375 0.0000e+00
-5.175 -0.325 0.0000e+00
-5.175 -0.275 0.0000e+00
-5.175 -0.225 0.0000e+00
-5.175 -0.175 0.0000e+00
-5.175 -0.125 0.0000e+00
-5.175 -0.075 0.0000e+00
-5.175 -0.025 0.0000e+00
-5.175 0.025 0.0000e+00
-5.175 0.075 0.0000e+00
-5.175 0.125 0.0000e+00
-5.175 0.175 0.0000e+00
-5.175 0.225 0.0000e+00
-5.175 0.275 0.0000e+00
-5.175 0.325 0.0000e+00
-5.175 0.375 0.0000e+00
-5.175 0.425 0.0000e+00
-5.175 0.475 0.0000e+00
-5.175 0.525 0.0000e+00
-5.175 0.575 0.0000e+00
-5.175 0.625 0.0000e+00
-5.175 0.675 0.0000e+00
-5.175 0.725 0.0000e+00
-5.175 0.775 0.0000e+00
-5.175 0.825 0.0000e+00
-5.175 0.875 0.0000e+00
-5.175 0.925 0.0000e+00
-5.175 0.975 0.0000e+00
-5.175 1.025 0.0000e+00
-5.175 1.075 0.0000e+00
-5.175 1.125 0.0000e+00
-5.175 1.175 0.0000e+00
-5.175 1.225 0.0000e+00
-5.175 1.275 0.0000e+00
-5.175 1.325 0.0000e+00
-5.175 1.375 0.0000e+00
-5.175 1.425 0.0000e+00
-5.175 1.475 0.0000e+00
-5.175 1.525 6.9682e-24
-5.175 1.575 1.3937e-23
-5.175 1.625 2.7882e-23
-5.175 1.675 5.5799e-23
-5.175 1.725 1.1171e-22
-5.175 1.775 2.2374e-22
-5.175 1.825 4.4831e-22
-5.175 1.875 8.9879e-22
-5.175 1.925 1.8030e-21
-5.175 1.975 3.6192e-21
-5.175 2.025 7.2704e-21
-5.175 2.075 1.4617e-20
-5.175 2.125 2.9416e-20
-5.175 2.175 5.9262e-20
-5.175 2.225 1.1953e-19
-5.175 2.275 2.4142e-19
-5.175 2.325 4.8836e-19
-5.175 2.375 9.8960e-19
-5.175 2.425 2.0092e-18
-5.175 2.475 4.0884e-18
-5.175 2.525 8.3402e-18
-5.175 2.575 1.7062e-17
-5.175 2.625 3.5019e-17
-5.175 2.675 7.2138e-17
-5.175 2.725 1.4923e-16
-5.175 2.775 3.1019e-16
-5.175 2.825 6.4833e-16
-5.175 2.875 1.3637e-15
-5.175 2.925 2.8892e-15
-5.175 2.975 6.1731e-15
-5.175 3.025 1.3319e-14
-5.175 3.075 2.9069e-14
-5.175 3.125 6.4298e-14
-5.175 3.175 1.4450e-13
-5.175 3.225 3.3096e-13
-5.175 3.275 7.7554e-13
-5.175 3.325 1.8688e-12
-5.175 3.375 4.6618e-12
-5.175 3.425 1.2151e-11
-5.175 3.475 3.3530e-11
-5.175 3.525 9.9924e-11
-5.175 3.575 3.3205e-10
-5.175 3.625 1.3018e-09
-5.175 3.675 6.7345e-09
-5.175 3.725 5.9342e-08
-5.175 3.775 1.7480e-06
-5.175 3.825 1.5254e-03
-5.175 3.875 0.0000e+00
-5.175 3.925 0.0000e+00
-5.175 3.975 0.0000e+00
-5.125 -1.975 0.0000e+00
-5.125 -1.925 0.0000e+00
-5.125 -1.875 0.0000e+00
-5.125 -1.825 0.0000e+00
-5.125 -1.775 0.0000e+00
-5.125 -1.725 0.0000e+00
-5.125 -1.675 0.0000e+00
-5.125 -1.625 0.0000e+00
-5.125 -1.575 0.0000e+00
-5.125 -1.525 0.0000e+00
-5.125 -1.475 0.0000e+00
-5.125 -1.425 0.0000e+00
-5.125 -1.375 0.0000e+00
-5.125 -1.325 0.0000e+00
-5.125 -1.275 0.0000e+00
-5.125 -1.225 0.0000e+00
-5.125 -1.175 0.0000e+00
-5.125 -1.125 0.0000e+00
-5.125 -1.075 0.0000e+00
-5.125 -1.025 0.0000e+00
-5.125 -0.975 0.0000e+00
-5.125 -0.925 0.0000e+00
-5.125 -0.875 0.0000e+00
-5.125 -0.825 0.0000e+00
-5.125 -0.775 0.0000e+00
-5.125 -0.725 0.0000e+00
-5.125 -0.675 0.0000e+00
-5.125 -0.625 0.0000e+00
-5.125 -0.575 0.0000e+00
-5.125 -0.525 0.0000e+00
-5.125 -0.475 0.0000e+00
-5.125 -0.425 0.0000e+00
-5.125 -0.375 0.0000e+00
-5.125 -0.325 0.0000e+00
-5.125 -0.275 0.0000e+00
-5.125 -0.225 0.0000e+00
-5.125 -0.175 0.0000e+00
-5.125 -0.125 0.0000e+00
-5.125 -0.075 0.0000e+00
-5.125 -0.025 0.0000e+00
-5.125 0.025 0.0000e+00
-5.125 0.075 0.0000e+00
-5.125 0.125 0.0000e+00
-5.125 0.175 0.0000e+00
-5.125 0.225 0.0000e+00
-5.125 0.275 0.0000e+00
-5.125 0.325 0.0000e+00
-5.125 0.375 0.0000e+00
-5.125 0.425 0.0000e+00
-5.125 0.475 0.0000e+00
-5.125 0.525 0.0000e+00
-5.125 0.575 0.0000e+00
-5.125 0.625 0.0000e+00
-5.125 0.675 0.0000e+00
-5.125 0.725 0.0000e+00
-5.125 0.775 0.0000e+00
-5.125 0.825 0.0000e+00
-5.125 0.875 0.0000e+00
-5.125 0.925 0.0000e+00
-5.125 0.975 0.0000e+00
-5.125 1.025 0.0000e+00
-5.125 1.075 0.0000e+00
-5.125 1.125 0.0000e+00
-5.125 1.175 0.0000e+00
-5.125 1.225 0.0000e+00
-5.125 1.275 0.0000e+00
-5.125 1.325 0.0000e+00
-5.125 1.375 0.0000e+00
-5.125 1.425 0.0000e+00
-5.125 1.475 0.0000e+00
-5.125 1.525 8.7725e-24
-5.125 1.575 1.7545e-23
-5.125 1.625 3.5101e-23
-5.125 1.675 7.0246e-23
-5.125 1.725 1.4063e-22
-5.125 1.775 2.8167e-22
-5.125 1.825 5.6440e-22
-5.125 1.875 1.1315e-21
-5.125 1.925 2.2698e-21
-5.125 1.975 4.5563e-21
-5.125 2.025 9.1529e-21
-5.125 2.075 1.8402e-20
-5.125 2.125 3.7033e-20
-5.125 2.175 7.4606e-20
-5.125 2.225 1.5048e-19
-5.125 2.275 3.0393e-19
-5.125 2.325 6.1481e-19
-5.125 2.375 1.2458e-18
-5.125 2.425 2.5295e-18
-5.125 2.475 5.1470e-18
-5.125 2.525 1.0500e-17
-5.125 2.575 2.1480e-17
-5.125 2.625 4.4086e-17
-5.125 2.675 9.0816e-17
-5.125 2.725 1.8787e-16
-5.125 2.775 3.9051e-16
-5.125 2.825 8.1620e-16
-5.125 2.875 1.7167e-15
-5.125 2.925 3.6373e-15
-5.125 2.975 7.7715e-15
-5.125 3.025 1.6768e-14
-5.125 3.075 3.6596e-14
-5.125 3.125 8.0947e-14
-5.125 3.175 1.8192e-13
-5.125 3.225 4.1666e-13
-5.125 3.275 9.7636e-13
-5.125 3.325 2.3527e-12
-5.125 3.375 5.8690e-12
-5.125 3.425 1.5298e-11
-5.125 3.475 4.2214e-11
-5.125 3.525 1.2581e-10
-5.125 3.575 4.1806e-10
-5.125 3.625 1.6391e-09
-5.125 3.675 8.4801e-09
-5.125 3.725 7.4731e-08
-5.125 3.775 2.2013e-06
-5.125 3.825 1.9196e-03
-5.125 3.875 0.0000e+00
-5.125 3.925 0.0000e+00
-5.125 3.975 0.0000e+00
-5.075 -1.975 0.0000e+00
-5.075 -1.925 0.0000e+00
-5.075 -1.875 0.0000e+00
-5.075 -1.825 0.0000e+00
-5.075 -1.775 0.0000e+00
-5.075 -1.725 0.0000e+00
-5.075 -1.675 0.0000e+00
-5.075 -1.625 0.0000e+00
-5.075 -1.575 0.0000e+00
-5.075 -1.525 0.0000e+00
-5.075 -1.475 0.0000e+00
-5.075 -1.425 0.0000e+00
-5.075 -1.375 0.0000e+00
-5.075 -1.325 0.0000e+00
-5.075 -1.275 0.0000e+00
-5.075 -1.225 0.0000e+00
-5.075 -1.175 0.0000e+00
-5.075 -1.125 0.0000e+00
-5.075 -1.075 0.0000e+00
-5.075 -1.025 0.0000e+00
-5.075 -0.975 0.0000e+00
-5.075 -0.925 0.0000e+00
-5.075 -0.875 0.0000e+00
-5.075 -0.825 0.0000e+00
-5.075 -0.775 0.0000e+00
-5.075 -0.725 0.0000e+00
-5.075 -0.675 0.0000e+00
-5.075 -0.625 0.0000e+00
-5.075 -0.575 0.0000e+00
-5.075 -0.525 0.0000e+00
-5.075 -0.475 0.0000e+00
-5.075 -0.425 0.0000e+00
-5.075 -0.375 0.0000e+00
-5.075 -0.325 0.0000e+00
-5.075 -0.275 0.0000e+00
-5.075 -0.225 0.0000e+00
-5.075 -0.175 0.0000e+00
-5.075 -0.125 0.0000e+00
-5.075 -0.075 0.0000e+00
-5.075 -0.025 0.0000e+00
-5.075 0.025 0.0000e+00
-5.075 0.075 0.0000e+00
-5.075 0.125 0.0000e+00
-5.075 0.175 0.0000e+00
-5.075 0.225 0.0000e+00
-5.075 0.275 0.0000e+00
-5.075 0.325 0.0000e+00
-5.075 0.375 0.0000e+00
-5.075 0.425 0.0000e+00
-5.075 0.475 0.0000e+00
-5.075 0.525 0.0000e+00
-5.075 0.575 0.0000e+00
-5.075 0.625 0.0000e+00
-5.075 0.675 0.0000e+00
-5.075 0.725 0.0000e+00
-5.075 0.775 0.0000e+00
-5.075 0.825 0.0000e+00
-5.075 0.875 0.0000e+00
-5.075 0.925 0.0000e+00
-5.075 0.975 0.0000e+00
-5.075 1.025 0.0000e+00
-5.075 1.075 0.0000e+00
-5.075 1.125 0.0000e+00
-5.075 1.175 0.0000e+00
-5.075 1.225 0.0000e+00
-5.075 1.275 0.0000e+00
-5.075 1.325 0.0000e+00
-5.075 1.375 0.0000e+00
-5.075 1.425 0.0000e+00
-5.075 1.475 0.0000e+00
-5.075 1.525 1.1044e-23
-5.075 1.575 2.2088e-23
-5.075 1.625 4.4190e-23
-5.075 1.675 8.8435e-23
-5.075 1.725 1.7705e-22
-5.075 1.775 3.5460e-22
-5.075 1.825 7.1053e-22
-5.075 1.875 1.4245e-21
-5.075 1.925 2.8575e-21
-5.075 1.975 5.7360e-21
-5.075 2.025 1.1523e-20
-5.075 2.075 2.3167e-20
-5.075 2.125 4.6622e-20
-5.075 2.175 9.3923e-20
-5.075 2.225 1.8944e-19
-5.075 2.275 3.8263e-19
-5.075 2.325 7.7401e-19
-5.075 2.375 1.5684e-18
-5.075 2.425 3.1844e-18
-5.075 2.475 6.4797e-18
-5.075 2.525 1.3218e-17
-5.075 2.575 2.7042e-17
-5.075 2.625 5.5501e-17
-5.075 2.675 1.1433e-16
-5.075 2.725 2.3651e-16
-5.075 2.775 4.9162e-16
-5.075 2.825 1.0275e-15
-5.075 2.875 2.1612e-15
-5.075 2.925 4.5791e-15
-5.075 2.975 9.7838e-15
-5.075 3.025 2.1110e-14
-5.075 3.075 4.6071e-14
-5.075 3.125 1.0191e-13
-5.075 3.175 2.2902e-13
-5.075 3.225 5.2455e-13
-5.075 3.275 1.2292e-12
-5.075 3.325 2.9619e-12
-5.075 3.375 7.3889e-12
-5.075 3.425 1.9259e-11
-5.075 3.475 5.3148e-11
-5.075 3.525 1.5839e-10
-5.075 3.575 5.2638e-10
-5.075 3.625 2.0639e-09
-5.075 3.675 1.0679e-08
-5.075 3.725 9.4118e-08
-5.075 3.775 2.7724e-06
-5.075 3.825 2.4153e-03
-5.075 3.875 0.0000e+00
-5.075 3.925 0.0000e+00
-5.075 3.975 0.0000e+00
-5.025 -1.975 0.0000e+00
-5.025 -1.925 0.0000e+00
-5.025 -1.875 0.0000e+00
-5.025 -1.825 0.0000e+00
-5.025 -1.775 0.0000e+00
-5.025 -1.725 0.0000e+00
-5.025 -1.675 0.0000e+00
-5.025 -1.625 0.0000e+00
-5.025 -1.575 0.0000e+00
-5.025 -1.525 0.0000e+00
-5.025 -1.475 0.0000e+00
-5.025 -1.425 0.0000e+00
-5.025 -1.375 0.0000e+00
-5.025 -1.325 0.0000e+00
-5.025 -1.275 0.0000e+00
-5.025 -1.225 0.0000e+00
-5.025 -1.175 0.0000e+00
-5.025 -1.125 0.0000e+00
-5.025 -1.075 0.0000e+00
-5.025 -1.025 0.0000e+00
-5.025 -0.975 0.0000e+00
-5.025 -0.925 0.0000e+00
-5.025 -0.875 0.0000e+00
-5.025 -0.825 0.0000e+00
-5.025 -0.775 0.0000e+00
-5.025 -0.725 0.0000e+00
-5.025 -0.675 0.0000e+00
-5.025 -0.625 0.0000e+00
-5.025 -0.575 0.0000e+00
-5.025 -0.525 0.0000e+00
-5.025 -0.475 0.0000e+00
-5.025 -0.425 0.0000e+00
-5.025 -0.375 0.0000e+00
-5.025 -0.325 0.0000e+00
-5.025 -0.275 0.0000e+00
-5.025 -0.225 0.0000e+00
-5.025 -0.175 0.0000e+00
-5.025 -0.125 0.0000e+00
-5.025 -0.075 0.0000e+00
-5.025 -0.025 0.0000e+00
-5.025 0.025 0.0000e+00
-5.025 0.075 0.0000e+00
-5.025 0.125 0.0000e+00
-5.025 0.175 0.0000e+00
-5.025 0.225 0.0000e+00
-5.025 0.275 0.0000e+00
-5.025 0.325 0.0000e+00
-5.025 0.375 0.0000e+00
-5.025 0.425 0.0000e+00
-5.025 0.475 0.0000e+00
-5.025 0.525 0.0000e+00
-5.025 0.575 0.0000e+00
-5.025 0.625 0.0000e+00
-5.025 0.675 0.0000e+00
-5.025 0.725 0.0000e+00
-5.025 0.775 0.0000e+00
-5.025 0.825 0.0000e+00
-5.025 0.875 0.0000e+00
-5.025 0.925 0.0000e+00
-5.025 0.975 0.0000e+00
-5.025 1.025 0.0000e+00
-5.025 1.075 0.0000e+00
-5.025 1.125 0.0000e+00
-5.025 1.175 0.0000e+00
-5.025 1.225 0.0000e+00
-5.025 1.275 0.0000e+00
-5.025 1.325 0.0000e+00
-5.025 1.375 0.0000e+00
-5.025 1.425 0.0000e+00
-5.025 1.475 0.0000e+00
-5.025 1.525 1.3903e-23
-5.025 1.575 2.7807e-23
-5.025 1.625 5.5631e-23
-5.025 1.675 1.1133e-22
-5.025 1.725 2.2289e-22
-5.025 1.775 4.4641e-22
-5.025 1.825 8.9451e-22
-5.025 1.875 1.7933e-21
-5.025 1.925 3.5974e-21
-5.025 1.975 7.2212e-21
-5.025 2.025 1.4506e-20
-5.025 2.075 2.9165e-20
-5.025 2.125 5.8693e-20
-5.025 2.175 1.1824e-19
-5.025 2.225 2.3850e-19
-5.025 2.275 4.8170e-19
-5.025 2.325 9.7442e-19
-5.025 2.375 1.9745e-18
-5.025 2.425 4.0089e-18
-5.025 2.475 8.1575e-18
-5.025 2.525 1.6641e-17
-5.025 2.575 3.4043e-17
-5.025 2.625 6.9871e-17
-5.025 2.675 1.4393e-16
-5.025 2.725 2.9775e-16
-5.025 2.775 6.1891e-16
-5.025 2.825 1.2936e-15
-5.025 2.875 2.7209e-15
-5.025 2.925 5.7647e-15
-5.025 2.975 1.2317e-14
-5.025 3.025 2.6576e-14
-5.025 3.075 5.8001e-14
-5.025 3.125 1.2829e-13
-5.025 3.175 2.8833e-13
-5.025 3.225 6.6038e-13
-5.025 3.275 1.5475e-12
-5.025 3.325 3.7290e-12
-5.025 3.375 9.3025e-12
-5.025 3.425 2.4247e-11
-5.025 3.475 6.6914e-11
-5.025 3.525 1.9943e-10
-5.025 3.575 6.6277e-10
-5.025 3.625 2.5989e-09
-5.025 3.675 1.3449e-08
-5.025 3.725 1.1855e-07
-5.025 3.775 3.4918e-06
-5.025 3.825 3.0387e-03
-5.025 3.875 0.0000e+00
-5.025 3.925 0.0000e+00
-5.025 3.975 0.0000e+00
-4.975 -1.975 0.0000e+00
-4.975 -1.925 0.0000e+00
-4.975 -1.875 0.0000e+00
-4.975 -1.825 0.0000e+00
-4.975 -1.775 0.0000e+00
-4.975 -1.725 0.0000e+00
-4.975 -1.675 0.0000e+00
-4.975 -1.625 0.0000e+00
-4.975 -1.575 0.0000e+00
-4.975 -1.525 0.0000e+00
-4.975 -1.475 0.0000e+00
-4.975 -1.425 0.0000e+00
-4.975 -1.375 0.0000e+00
-4.975 -1.325 0.0000e+00
-4.975 -1.275 0.0000e+00
-4.975 -1.225 0.0000e+00
-4.975 -1.175 0.0000e+00
-4.975 -1.125 0.0000e+00
-4.975 -1.075 0.0000e+00
-4.975 -1.025 0.0000e+00
-4.975 -0.975 0.0000e+00
-4.975 -0.925 0.0000e+00
-4.975 -0.875 0.0000e+00
-4.975 -0.825 0.0000e+00
-4.975 -0.775 0.0000e+00
-4.975 -0.725 0.0000e+00
-4.975 -0.675 0.0000e+00
-4.975 -0.625 0.0000e+00
-4.975 -0.575 0.0000e+00
-4.975 -0.525 0.0000e+00
-4.975 -0.475 0.0000e+00
-4.975 -0.425 0.0000e+00
-4.975 -0.375 0.0000e+00
-4.975 -0.325 0.0000e+00
-4.975 -0.275 0.0000e+00
-4.975 -0.225 0.0000e+00
-4.975 -0.175 0.0000e+00
-4.975 -0.125 0.0000e+00
-4.975 -0.075 0.0000e+00
-4.975 -0.025 0.0000e+00
-4.975 0.025 0.0000e+00
-4.975 0.075 0.0000e+00
-4.975 0.125 0.0000e+00
-4.975 0.175 0.0000e+00
-4.975 0.225 0.0000e+00
-4.975 0.275 0.0000e+00
-4.975 0.325 0.0000e+00
-4.975 0.375 0.0000e+00
-4.975 0.425 0.0000e+00
-4.975 0.475 0.0000e+00
-4.975 0.525 0.0000e+00
-4.975 0.575 0.0000e+00
-4.975 0.625 0.0000e+00
-4.975 0.675 0.0000e+00
-4.975 0.725 0.0000e+00
-4.975 0.775 0.0000e+00
-4.975 0.825 0.0000e+00
-4.975 0.875 0.0000e+00
-4.975 0.925 0.0000e+00
-4.975 0.975 0.0000e+00
-4.975 1.025 0.0000e+00
-4.975 1.075 0.0000e+00
-4.975 1.125 0.0000e+00
-4.975 1.175 0.0000e+00
-4.975 1.225 0.0000e+00
-4.975 1.275 0.0000e+00
-4.975 1.325 0.0000e+00
-4.975 1.375 0.0000e+00
-4.975 1.425 0.0000e+00
-4.975 1.475 0.0000e+00
-4.975 1.525 1.7503e-23
-4.975 1.575 3.5007e-23
-4.975 1.625 7.0036e-23
-4.975 1.675 1.4016e-22
-4.975 1.725 2.8060e-22
-4.975 1.775 5.6200e-22
-4.975 1.825 1.1261e-21
-4.975 1.875 2.2577e-21
-4.975 1.925 4.5289e-21
-4.975 1.975 9.0910e-21
-4.975 2.025 1.8262e-20
-4.975 2.075 3.6717e-20
-4.975 2.125 7.3891e-20
-4.975 2.175 1.4886e-19
-4.975 2.225 3.0025e-19
-4.975 2.275 6.0643e-19
-4.975 2.325 1.2267e-18
-4.975 2.375 2.4858e-18
-4.975 2.425 5.0469e-18
-4.975 2.475 1.0270e-17
-4.975 2.525 2.0950e-17
-4.975 2.575 4.2858e-17
-4.975 2.625 8.7963e-17
-4.975 2.675 1.8120e-16
-4.975 2.725 3.7485e-16
-4.975 2.775 7.7917e-16
-4.975 2.825 1.6285e-15
-4.975 2.875 3.4254e-15
-4.975 2.925 7.2574e-15
-4.975 2.975 1.5506e-14
-4.975 3.025 3.3457e-14
-4.975 3.075 7.3019e-14
-4.975 3.125 1.6152e-13
-4.975 3.175 3.6299e-13
-4.975 3.225 8.3138e-13
-4.975 3.275 1.9482e-12
-4.975 3.325 4.6947e-12
-4.975 3.375 1.1712e-11
-4.975 3.425 3.0528e-11
-4.975 3.475 8.4248e-11
-4.975 3.525 2.5110e-10
-4.975 3.575 8.3455e-10
-4.975 3.625 3.2728e-09
-4.975 3.675 1.6939e-08
-4.975 3.725 1.4934e-07
-4.975 3.775 4.3986e-06
-4.975 3.825 3.8223e-03
-4.975 3.875 0.0000e+00
-4.975 3.925 0.0000e+00
-4.975 3.975 0.0000e+00
-4.925 -1.975 0.0000e+00
-4.925 -1.925 0.0000e+00
-4.925 -1.875 0.0000e+00
-4.925 -1.825 0.0000e+00
-4.925 -1.775 0.0000e+00
-4.925 -1.725 0.0000e+00
-4.925 -1.675 0.0000e+00
-4.925 -1.625 0.0000e+00
-4.925 -1.575 0.0000e+00
-4.925 -1.525 0.0000e+00
-4.925 -1.475 0.0000e+00
-4.925 -1.425 0.0000e+00
-4.925 -1.375 0.0000e+00
-4.925 -1.325 0.0000e+00
-4.925 -1.275 0.0000e+00
-4.925 -1.225 0.0000e+00
-4.925 -1.175 0.0000e+00
-4.925 -1.125 0.0000e+00
-4.925 -1.075 0.0000e+00
-4.925 -1.025 0.0000e+00
-4.925 -0.975 0.0000e+00
-4.925 -0.925 0.0000e+00
-4.925 -0.875 0.0000e+00
-4.925 -0.825 0.0000e+00
-4.925 -0.775 0.0000e+00
-4.925 -0.725 0.0000e+00
-4.925 -0.675 0.0000e+00
-4.925 -0.625 0.0000e+00
-4.925 -0.575 0.0000e+00
-4.925 -0.525 0.0000e+00
-4.925 -0.475 0.0000e+00
-4.925 -0.425 0.0000e+00
-4.925 -0.375 0.0000e+00
-4.925 -0.325 0.0000e+00
-4.925 -0.275 0.0000e+00
-4.925 -0.225 0.0000e+00
-4.925 -0.175 0.0000e+00
-4.925 -0.125 0.0000e+00
-4.925 -0.075 0.0000e+00
-4.925 -0.025 0.0000e+00
-4.925 0.025 0.0000e+00
-4.925 0.075 0.0000e+00
-4.925 0.125 0.0000e+00
-4.925 0.175 0.0000e+00
-4.925 0.225 0.0000e+00
-4.925 0.275 0.0000e+00
-4.925 0.325 0.0000e+00
-4.925 0.375 0.0000e+00
-4.925 0.425 0.0000e+00
-4.925 0.475 0.0000e+00
-4.925 0.525 0.0000e+00
-4.925 0.575 0.0000e+00
-4.925 0.625 0.0000e+00
-4.925 0.675 0.0000e+00
-4.925 0.725 0.0000e+00
-4.925 0.775 0.0000e+00
-4.925 0.825 0.0000e+00
-4.925 0.875 0.0000e+00
-4.925 0.925 0.0000e+00
-4.925 0.975 0.0000e+00
-4.925 1.025 0.0000e+00
-4.925 1.075 0.0000e+00
-4.925 1.125 0.0000e+00
-4.925 1.175 0.0000e+00
-4.925 1.225 0.0000e+00
-4.925 1.275 0.0000e+00
-4.925 1.325 0.0000e+00
-4.925 1.375 0.0000e+00
-4.925 1.425 0.0000e+00
-4.925 1.475 0.0000e+00
-4.925 1.525 2.2035e-23
-4.925 1.575 4.4071e-23
-4.925 1.625 8.8170e-23
-4.925 1.675 1.7645e-22
-4.925 1.725 3.5326e-22
-4.925 1.775 7.0751e-22
-4.925 1.825 1.4177e-21
-4.925 1.875 2.8422e-21
-4.925 1.925 5.7015e-21
-4.925 1.975 1.1445e-20
-4.925 2.025 2.2991e-20
-4.925 2.075 4.6224e-20
-4.925 2.125 9.3023e-20
-4.925 2.175 1.8740e-19
-4.925 2.225 3.7799e-19
-4.925 2.275 7.6345e-19
-4.925 2.325 1.5443e-18
-4.925 2.375 3.1294e-18
-4.925 2.425 6.3537e-18
-4.925 2.475 1.2929e-17
-4.925 2.525 2.6374e-17
-4.925 2.575 5.3955e-17
-4.925 2.625 1.1074e-16
-4.925 2.675 2.2812e-16
-4.925 2.725 4.7191e-16
-4.925 2.775 9.8092e-16
-4.925 2.825 2.0502e-15
-4.925 2.875 4.3123e-15
-4.925 2.925 9.1366e-15
-4.925 2.975 1.9522e-14
-4.925 3.025 4.2121e-14
-4.925 3.075 9.1927e-14
-4.925 3.125 2.0334e-13
-4.925 3.175 4.5698e-13
-4.925 3.225 1.0467e-12
-4.925 3.275 2.4528e-12
-4.925 3.325 5.9105e-12
-4.925 3.375 1.4745e-11
-4.925 3.425 3.8435e-11
-4.925 3.475 1.0607e-10
-4.925 3.525 3.1617e-10
-4.925 3.575 1.0509e-09
-4.925 3.625 4.1217e-09
-4.925 3.675 2.1337e-08
-4.925 3.725 1.8816e-07
-4.925 3.775 5.5416e-06
-4.925 3.825 4.8068e-03
-4.925 3.875 0.0000e+00
-4.925 3.925 0.0000e+00
-4.925 3.975 0.0000e+00
-4.875 -1.975 0.0000e+00
-4.875 -1.925 0.0000e+00
-4.875 -1.875 0.0000e+00
-4.875 -1.825 0.0000e+00
-4.875 -1.775 0.0000e+00
-4.875 -1.725 0.0000e+00
-4.875 -1.675 0.0000e+00
-4.875 -1.625 0.0000e+00
-4.875 -1.575 0.0000e+00
-4.875 -1.525 0.0000e+00
-4.875 -1.475 0.0000e+00
-4.875 -1.425 0.0000e+00
-4.875 -1.375 0.0000e+00
-4.875 -1.325 0.0000e+00
-4.875 -1.275 0.0000e+00
-4.875 -1.225 0.0000e+00
-4.875 -1.175 0.0000e+00
-4.875 -1.125 0.0000e+00
-4.875 -1.075 0.0000e+00
-4.875 -1.025 0.0000e+00
-4.875 -0.975 0.0000e+00
-4.875 -0.925 0.0000e+00
-4.875 -0.875 0.0000e+00
-4.875 -0.825 0.0000e+00
-4.875 -0.775 0.0000e+00
-4.875 -0.725 0.0000e+00
-4.875 -0.675 0.0000e+00
-4.875 -0.625 0.0000e+00
-4.875 -0.575 0.0000e+00
-4.875 -0.525 0.0000e+00
-4.875 -0.475 0.0000e+00
-4.875 -0.425 0.0000e+00
-4.875 -0.375 0.0000e+00
-4.875 -0.325 0.0000e+00
-4.875 -0.275 0.0000e+00
-4.875 -0.225 0.0000e+00
-4.875 -0.175 0.0000e+00
-4.875 -0.125 0.0000e+00
-4.875 -0.075 0.0000e+00
-4.875 -0.025 0.0000e+00
-4.875 0.025 0.0000e+00
-4.875 0.075 0.0000e+00
-4.875 0.125 0.0000e+00
-4.875 0.175 0.0000e+00
-4.875 0.225 0.0000e+00
-4.875 0.275 0.0000e+00
-4.875 0.325 0.0000e+00
-4.875 0.375 0.0000e+00
-4.875 0.425 0.0000e+00
-4.875 0.475 0.0000e+00
-4.875 0.525 0.0000e+00
-4.875 0.575 0.0000e+00
-4.875 0.625 0.0000e+00
-4.875 0.675 0.0000e+00
-4.875 0.725 0.0000e+00
-4.875 0.775 0.0000e+00
-4.875 0.825 0.0000e+00
-4.875 0.875 0.0000e+00
-4.875 0.925 0.0000e+00
-4.875 0.975 0.0000e+00
-4.875 1.025 0.0000e+00
-4.875 1.075 0.0000e+00
-4.875 1.125 0.0000e+00
-4.875 1.175 0.0000e+00
-4.875 1.225 0.0000e+00
-4.875 1.275 0.0000e+00
-4.875 1.325 0.0000e+00
-4.875 1.375 0.0000e+00
-4.875 1.425 0.0000e+00
-4.875 1.475 0.0000e+00
-4.875 1.525 2.7741e-23
-4.875 1.575 5.5483e-23
-4.875 1.625 1.1100e-22
-4.875 1.675 2.2214e-22
-4.875 1.725 4.4472e-22
-4.875 1.775 8.9071e-22
-4.875 1.825 1.7848e-21
-4.875 1.875 3.5782e-21
-4.875 1.925 7.1778e-21
-4.875 1.975 1.4408e-20
-4.875 2.025 2.8944e-20
-4.875 2.075 5.8193e-20
-4.875 2.125 1.1711e-19
-4.875 2.175 2.3593e-19
-4.875 2.225 4.7586e-19
-4.875 2.275 9.6113e-19
-4.875 2.325 1.9442e-18
-4.875 2.375 3.9397e-18
-4.875 2.425 7.9988e-18
-4.875 2.475 1.6276e-17
-4.875 2.525 3.3203e-17
-4.875 2.575 6.7926e-17
-4.875 2.625 1.3941e-16
-4.875 2.675 2.8719e-16
-4.875 2.725 5.9410e-16
-4.875 2.775 1.2349e-15
-4.875 2.825 2.5811e-15
-4.875 2.875 5.4289e-15
-4.875 2.925 1.1502e-14
-4.875 2.975 2.4576e-14
-4.875 3.025 5.3028e-14
-4.875 3.075 1.1573e-13
-4.875 3.125 2.5599e-13
-4.875 3.175 5.7532e-13
-4.875 3.225 1.3177e-12
-4.875 3.275 3.0880e-12
-4.875 3.325 7.4413e-12
-4.875 3.375 1.8564e-11
-4.875 3.425 4.8393e-11
-4.875 3.475 1.3356e-10
-4.875 3.525 3.9812e-10
-4.875 3.575 1.3234e-09
-4.875 3.625 5.1914e-09
-4.875 3.675 2.6880e-08
-4.875 3.725 2.3712e-07
-4.875 3.775 6.9831e-06
-4.875 3.825 6.0433e-03
-4.875 3.875 0.0000e+00
-4.875 3.925 0.0000e+00
-4.875 3.975 0.0000e+00
-4.825 -1.975 0.0000e+00
-4.825 -1.925 0.0000e+00
-4.825 -1.875 0.0000e+00
-4.825 -1.825 0.0000e+00
-4.825 -1.775 0.0000e+00
-4.825 -1.725 0.0000e+00
-4.825 -1.675 0.0000e+00
-4.825 -1.625 0.0000e+00
-4.825 -1.575 0.0000e+00
-4.825 -1.525 0.0000e+00
-4.825 -1.475 0.0000e+00
-4.825 -1.425 0.0000e+00
-4.825 -1.375 0.0000e+00
-4.825 -1.325 0.0000e+00
-4.825 -1.275 0.0000e+00
-4.825 -1.225 0.0000e+00
-4.825 -1.175 0.0000e+00
-4.825 -1.125 0.0000e+00
-4.825 -1.075 0.0000e+00
-4.825 -1.025 0.0000e+00
-4.825 -0.975 0.0000e+00
-4.825 -0.925 0.0000e+00
-4.825 -0.875 0.0000e+00
-4.825 -0.825 0.0000e+00
-4.825 -0.775 0.0000e+00
-4.825 -0.725 0.0000e+00
-4.825 -0.675 0.0000e+00
-4.825 -0.625 0.0000e+00
-4.825 -0.575 0.0000e+00
-4.825 -0.525 0.0000e+00
-4.825 -0.475 0.0000e+00
-4.825 -0.425 0.0000e+00
-4.825 -0.375 0.0000e+00
-4.825 -0.325 0.0000e+00
-4.825 -0.275 0.0000e+00
-4.825 -0.225 0.0000e+00
-4.825 -0.175 0.0000e+00
-4.825 -0.125 0.0000e+00
-4.825 -0.075 0.0000e+00
-4.825 -0.025 0.0000e+00
-4.825 0.025 0.0000e+00
-4.825 0.075 0.0000e+00
-4.825 0.125 0.0000e+00
-4.825 0.175 0.0000e+00
-4.825 0.225 0.0000e+00
-4.825 0.275 0.0000e+00
-4.825 0.325 0.0000e+00
-4.825 0.375 0.0000e+00
-4.825 0.425 0.0000e+00
-4.825 0.475 0.0000e+00
-4.825 0.525 0.0000e+00
-4.825 0.575 0.0000e+00
-4.825 0.625 0.0000e+00
-4.825 0.675 0.0000e+00
-4.825 0.725 0.0000e+00
-4.825 0.775 0.0000e+00
-4.825 0.825 0.0000e+00
-4.825 0.875 0.0000e+00
-4.825 0.925 0.0000e+00
-4.825 0.975 0.0000e+00
-4.825 1.025 0.0000e+00
-4.825 1.075 0.0000e+00
-4.825 1.125 0.0000e+00
-4.825 1.175 0.0000e+00
-4.825 1.225 0.0000e+00
-4.825 1.275 0.0000e+00
-4.825 1.325 0.0000e+00
-4.825 1.375 0.0000e+00
-4.825 1.425 0.0000e+00
-4.825 1.475 0.0000e+00
-4.825 1.525 3.4924e-23
-4.825 1.575 6.9849e-23
-4.825 1.625 1.3974e-22
-4.825 1.675 2.7966e-22
-4.825 1.725 5.5987e-22
-4.825 1.775 1.1213e-21
-4.825 1.825 2.2469e-21
-4.825 1.875 4.5046e-21
-4.825 1.925 9.0363e-21
-4.825 1.975 1.8139e-20
-4.825 2.025 3.6438e-20
-4.825 2.075 7.3260e-20
-4.825 2.125 1.4743e-19
-4.825 2.175 2.9701e-19
-4.825 2.225 5.9908e-19
-4.825 2.275 1.2100e-18
-4.825 2.325 2.4476e-18
-4.825 2.375 4.9598e-18
-4.825 2.425 1.0070e-17
-4.825 2.475 2.0491e-17
-4.825 2.525 4.1800e-17
-4.825 2.575 8.5514e-17
-4.825 2.625 1.7551e-16
-4.825 2.675 3.6155e-16
-4.825 2.725 7.4793e-16
-4.825 2.775 1.5547e-15
-4.825 2.825 3.2494e-15
-4.825 2.875 6.8346e-15
-4.825 2.925 1.4481e-14
-4.825 2.975 3.0940e-14
-4.825 3.025 6.6759e-14
-4.825 3.075 1.4570e-13
-4.825 3.125 3.2229e-13
-4.825 3.175 7.2431e-13
-4.825 3.225 1.6590e-12
-4.825 3.275 3.8877e-12
-4.825 3.325 9.3688e-12
-4.825 3.375 2.3374e-11
-4.825 3.425 6.0931e-11
-4.825 3.475 1.6817e-10
-4.825 3.525 5.0134e-10
-4.825 3.575 1.6667e-09
-4.825 3.625 6.5394e-09
-4.825 3.675 3.3870e-08
-4.825 3.725 2.9889e-07
-4.825 3.775 8.8015e-06
-4.825 3.825 7.5952e-03
-4.825 3.875 0.0000e+00
-4.825 3.925 0.0000e+00
-4.825 3.975 0.0000e+00
-4.775 -1.975 0.0000e+00
-4.775 -1.925 0.0000e+00
-4.775 -1.875 0.0000e+00
-4.775 -1.825 0.0000e+00
-4.775 -1.775 0.0000e+00
-4.775 -1.725 0.0000e+00
-4.775 -1.675 0.0000e+00
-4.775 -1.625 0.0000e+00
-4.775 -1.575 0.0000e+00
-4.775 -1.525 0.0000e+00
-4.775 -1.475 0.0000e+00
-4.775 -1.425 0.0000e+00
-4.775 -1.375 0.0000e+00
-4.775 -1.325 0.0000e+00
-4.775 -1.275 0.0000e+00
-4.775 -1.225 0.0000e+00
-4.775 -1.175 0.0000e+00
-4.775 -1.125 0.0000e+00
-4.775 -1.075 0.0000e+00
-4.775 -1.025 0.0000e+00
-4.775 -0.975 0.0000e+00
-4.775 -0.925 0.0000e+00
-4.775 -0.875 0.0000e+00
-4.775 -0.825 0.0000e+00
-4.775 -0.775 0.0000e+00
-4.775 -0.725 0.0000e+00
-4.775 -0.675 0.0000e+00
-4.775 -0.625 0.0000e+00
-4.775 -0.575 0.0000e+00
-4.775 -0.525 0.0000e+00
-4.775 -0.475 0.0000e+00
-4.775 -0.425 0.0000e+00
-4.775 -0.375 0.0000e+00
-4.775 -0.325 0.0000e+00
-4.775 -0.275 0.0000e+00
-4.775 -0.225 0.0000e+00
-4.775 -0.175 0.0000e+00
-4.775 -0.125 0.0000e+00
-4.775 -0.075 0.0000e+00
-4.775 -0.025 0.0000e+00
-4.775 0.025 0.0000e+00
-4.775 0.075 0.0000e+00
-4.775 0.125 0.0000e+00
-4.775 0.175 0.0000e+00
-4.775 0.225 0.0000e+00
-4.775 0.275 0.0000e+00
-4.775 0.325 0.0000e+00
-4.775 0.375 0.0000e+00
-4.775 0.425 0.0000e+00
-4.775 0.475 0.0000e+00
-4.775 0.525 0.0000e+00
-4.775 0.575 0.0000e+00
-4.775 0.625 0.0000e+00
-4.775 0.675 0.0000e+00
-4.775 0.725 0.0000e+00
-4.775 0.775 0.0000e+00
-4.775 0.825 0.0000e+00
-4.775 0.875 0.0000e+00
-4.775 0.925 0.0000e+00
-4.775 0.975 0.0000e+00
-4.775 1.025 0.0000e+00
-4.775 1.075 0.0000e+00
-4.775 1.125 0.0000e+00
-4.775 1.175 0.0000e+00
-4.775 1.225 0.0000e+00
-4.775 1.275 0.0000e+00
-4.775 1.325 0.0000e+00
-4.775 1.375 0.0000e+00
-4.775 1.425 0.0000e+00
-4.775 1.475 0.0000e+00
-4.775 1.525 4.3967e-23
-4.775 1.575 8.7934e-23
-4.775 1.625 1.7592e-22
-4.775 1.675 3.5207e-22
-4.775 1.725 7.0484e-22
-4.775 1.775 1.4117e-21
-4.775 1.825 2.8287e-21
-4.775 1.875 5.6710e-21
-4.775 1.925 1.1376e-20
-4.775 1.975 2.2836e-20
-4.775 2.025 4.5873e-20
-4.775 2.075 9.2229e-20
-4.775 2.125 1.8560e-19
-4.775 2.175 3.7392e-19
-4.775 2.225 7.5419e-19
-4.775 2.275 1.5233e-18
-4.775 2.325 3.0814e-18
-4.775 2.375 6.2440e-18
-4.775 2.425 1.2677e-17
-4.775 2.475 2.5796e-17
-4.775 2.525 5.2623e-17
-4.775 2.575 1.0766e-16
-4.775 2.625 2.2095e-16
-4.775 2.675 4.5516e-16
-4.775 2.725 9.4159e-16
-4.775 2.775 1.9572e-15
-4.775 2.825 4.0908e-15
-4.775 2.875 8.6044e-15
-4.775 2.925 1.8230e-14
-4.775 2.975 3.8952e-14
-4.775 3.025 8.4046e-14
-4.775 3.075 1.8343e-13
-4.775 3.125 4.0575e-13
-4.775 3.175 9.1189e-13
-4.775 3.225 2.0887e-12
-4.775 3.275 4.8947e-12
-4.775 3.325 1.1796e-11
-4.775 3.375 2.9429e-11
-4.775 3.425 7.6721e-11
-4.775 3.475 2.1177e-10
-4.775 3.525 6.3136e-10
-4.775 3.575 2.0993e-09
-4.775 3.625 8.2387e-09
-4.775 3.675 4.2688e-08
-4.775 3.725 3.7688e-07
-4.775 3.775 1.1097e-05
-4.775 3.825 9.5414e-03
-4.775 3.875 0.0000e+00
-4.775 3.925 0.0000e+00
-4.775 3.975 0.0000e+00
-4.725 -1.975 0.0000e+00
-4.725 -1.925 0.0000e+00
-4.725 -1.875 0.0000e+00
-4.725 -1.825 0.0000e+00
-4.725 -1.775 0.0000e+00
-4.725 -1.725 0.0000e+00
-4.725 -1.675 0.0000e+00
-4.725 -1.625 0.0000e+00
-4.725 -1.575 0.0000e+00
-4.725 -1.525 0.0000e+00
-4.725 -1.475 0.0000e+00
-4.725 -1.425 0.0000e+00
-4.725 -1.375 0.0000e+00
-4.725 -1.325 0.0000e+00
-4.725 -1.275 0.0000e+00
-4.725 -1.225 0.0000e+00
-4.725 -1.175 0.0000e+00
-4.725 -1.125 0.0000e+00
-4.725 -1.075 0.0000e+00
-4.725 -1.025 0.0000e+00
-4.725 -0.975 0.0000e+00
-4.725 -0.925 0.0000e+00
-4.725 -0.875 0.0000e+00
-4.725 -0.825 0.0000e+00
-4.725 -0.775 0.0000e+00
-4.725 -0.725 0.0000e+00
-4.725 -0.675 0.0000e+00
-4.725 -0.625 0.0000e+00
-4.725 -0.575 0.0000e+00
-4.725 -0.525 0.0000e+00
-4.725 -0.475 0.0000e+00
-4.725 -0.425 0.0000e+00
-4.725 -0.375 0.0000e+00
-4.725 -0.325 0.0000e+00
-4.725 -0.275 0.0000e+00
-4.725 -0.225 0.0000e+00
-4.725 -0.175 0.0000e+00
-4.725 -0.125 0.0000e+00
-4.725 -0.075 0.0000e+00
-4.725 -0.025 0.0000e+00
-4.725 0.025 0.0000e+00
-4.725 0.075 0.0000e+00
-4.725 0.125 0.0000e+00
-4.725 0.175 0.0000e+00
-4.725 0.225 0.0000e+00
-4.725 0.275 0.0000e+00
-4.725 0.325 0.0000e+00
-4.725 0.375 0.0000e+00
-4.725 0.425 0.0000e+00
-4.725 0.475 0.0000e+00
-4.725 0.525 0.0000e+00
-4.725 0.575 0.0000e+00
-4.725 0.625 0.0000e+00
-4.725 0.675 0.0000e+00
-4.725 0.725 0.0000e+00
-4.725 0.775 0.0000e+00
-4.725 0.825 0.0000e+00
-4.725 0.875 0.0000e+00
-4.725 0.925 0.0000e+00
-4.725 0.975 0.0000e+00
-4.725 1.025 0.0000e+00
-4.725 1.075 0.0000e+00
-4.725 1.125 0.0000e+00
-4.725 1.175 0.0000e+00
-4.725 1.225 0.0000e+00
-4.725 1.275 0.0000e+00
-4.725 1.325 0.0000e+00
-4.725 1.375 0.0000e+00
-4.725 1.425 0.0000e+00
-4.725 1.475 0.0000e+00
-4.725 1.525 5.5351e-23
-4.725 1.575 1.1070e-22
-4.725 1.625 2.2147e-22
-4.725 1.675 4.4323e-22
-4.725 1.725 8.8734e-22
-4.725 1.775 1.7772e-21
-4.725 1.825 3.5611e-21
-4.725 1.875 7.1394e-21
-4.725 1.925 1.4322e-20
-4.725 1.975 2.8748e-20
-4.725 2.025 5.7751e-20
-4.725 2.075 1.1611e-19
-4.725 2.125 2.3366e-19
-4.725 2.175 4.7073e-19
-4.725 2.225 9.4947e-19
-4.725 2.275 1.9177e-18
-4.725 2.325 3.8792e-18
-4.725 2.375 7.8607e-18
-4.725 2.425 1.5960e-17
-4.725 2.475 3.2476e-17
-4.725 2.525 6.6249e-17
-4.725 2.575 1.3553e-16
-4.725 2.625 2.7817e-16
-4.725 2.675 5.7302e-16
-4.725 2.725 1.1854e-15
-4.725 2.775 2.4640e-15
-4.725 2.825 5.1500e-15
-4.725 2.875 1.0832e-14
-4.725 2.925 2.2951e-14
-4.725 2.975 4.9039e-14
-4.725 3.025 1.0581e-13
-4.725 3.075 2.3093e-13
-4.725 3.125 5.1082e-13
-4.725 3.175 1.1481e-12
-4.725 3.225 2.6296e-12
-4.725 3.275 6.1626e-12
-4.725 3.325 1.4852e-11
-4.725 3.375 3.7055e-11
-4.725 3.425 9.6606e-11
-4.725 3.475 2.6668e-10
-4.725 3.525 7.9517e-10
-4.725 3.575 2.6446e-09
-4.725 3.625 1.0382e-08
-4.725 3.675 5.3817e-08
-4.725 3.725 4.7541e-07
-4.725 3.775 1.3996e-05
-4.725 3.825 1.1980e-02
-4.725 3.875 0.0000e+00
-4.725 3.925 0.0000e+00
-4.725 3.975 0.0000e+00
-4.675 -1.975 0.0000e+00
-4.675 -1.925 0.0000e+00
-4.675 -1.875 0.0000e+00
-4.675 -1.825 0.0000e+00
-4.675 -1.775 0.0000e+00
-4.675 -1.725 0.0000e+00
-4.675 -1.675 0.0000e+00
-4.675 -1.625 0.0000e+00
-4.675 -1.575 0.0000e+00
-4.675 -1.525 0.0000e+00
-4.675 -1.475 0.0000e+00
-4.675 -1.425 0.0000e+00
-4.675 -1.375 0.0000e+00
-4.675 -1.325 0.0000e+00
-4.675 -1.275 0.0000e+00
-4.675 -1.225 0.0000e+00
-4.675 -1.175 0.0000e+00
-4.675 -1.125 0.0000e+00
-4.675 -1.075 0.0000e+00
-4.675 -1.025 0.0000e+00
-4.675 -0.975 0.0000e+00
-4.675 -0.925 0.0000e+00
-4.675 -0.875 0.0000e+00
-4.675 -0.825 0.0000e+00
-4.675 -0.775 0.0000e+00
-4.675 -0.725 0.0000e+00
-4.675 -0.675 0.0000e+00
-4.675 -0.625 0.0000e+00
-4.675 -0.575 0.0000e+00
-4.675 -0.525 0.0000e+00
-4.675 -0.475 0.0000e+00
-4.675 -0.425 0.0000e+00
-4.675 -0.375 0.0000e+00
-4.675 -0.325 0.0000e+00
-4.675 -0.275 0.0000e+00
-4.675 -0.225 0.0000e+00
-4.675 -0.175 0.0000e+00
-4.675 -0.125 0.0000e+00
-4.675 -0.075 0.0000e+00
-4.675 -0.025 0.0000e+00
-4.675 0.025 0.0000e+00
-4.675 0.075 0.0000e+00
-4.675 0.125 0.0000e+00
-4.675 0.175 0.0000e+00
-4.675 0.225 0.0000e+00
-4.675 0.275 0.0000e+00
-4.675 0.325 0.0000e+00
-4.675 0.375 0.0000e+00
-4.675 0.425 0.0000e+00
-4.675 0.475 0.0000e+00
-4.675 0.525 0.0000e+00
-4.675 0.575 0.0000e+00
-4.675 0.625 0.0000e+00
-4.675 0.675 0.0000e+00
-4.675 0.725 0.0000e+00
-4.675 0.775 0.0000e+00
-4.675 0.825 0.0000e+00
-4.675 0.875 0.0000e+00
-4.675 0.925 0.0000e+00
-4.675 0.975 0.0000e+00
-4.675 1.025 0.0000e+00
-4.675 1.075 0.0000e+00
-4.675 1.125 0.0000e+00
-4.675 1.175 0.0000e+00
-4.675 1.225 0.0000e+00
-4.675 1.275 0.0000e+00
-4.675 1.325 0.0000e+00
-4.675 1.375 0.0000e+00
-4.675 1.425 0.0000e+00
-4.675 1.475 0.0000e+00
-4.675 1.525 6.9682e-23
-4.675 1.575 1.3937e-22
-4.675 1.625 2.7882e-22
-4.675 1.675 5.5799e-22
-4.675 1.725 1.1171e-21
-4.675 1.775 2.2374e-21
-4.675 1.825 4.4832e-21
-4.675 1.875 8.9879e-21
-4.675 1.925 1.8030e-20
-4.675 1.975 3.6192e-20
-4.675 2.025 7.2704e-20
-4.675 2.075 1.4617e-19
-4.675 2.125 2.9416e-19
-4.675 2.175 5.9262e-19
-4.675 2.225 1.1953e-18
-4.675 2.275 2.4142e-18
-4.675 2.325 4.8837e-18
-4.675 2.375 9.8961e-18
-4.675 2.425 2.0092e-17
-4.675 2.475 4.0885e-17
-4.675 2.525 8.3403e-17
-4.675 2.575 1.7062e-16
-4.675 2.625 3.5019e-16
-4.675 2.675 7.2139e-16
-4.675 2.725 1.4923e-15
-4.675 2.775 3.1020e-15
-4.675 2.825 6.4836e-15
-4.675 2.875 1.3637e-14
-4.675 2.925 2.8894e-14
-4.675 2.975 6.1737e-14
-4.675 3.025 1.3321e-13
-4.675 3.075 2.9074e-13
-4.675 3.125 6.4312e-13
-4.675 3.175 1.4454e-12
-4.675 3.225 3.3108e-12
-4.675 3.275 7.7592e-12
-4.675 3.325 1.8700e-11
-4.675 3.375 4.6659e-11
-4.675 3.425 1.2165e-10
-4.675 3.475 3.3586e-10
-4.675 3.525 1.0016e-09
-4.675 3.575 3.3319e-09
-4.675 3.625 1.3085e-08
-4.675 3.675 6.7872e-08
-4.675 3.725 6.0000e-07
-4.675 3.775 1.7660e-05
-4.675 3.825 1.5030e-02
-4.675 3.875 0.0000e+00
-4.675 3.925 0.0000e+00
-4.675 3.975 0.0000e+00
-4.625 -1.975 0.0000e+00
-4.625 -1.925 0.0000e+00
-4.625 -1.875 0.0000e+00
-4.625 -1.825 0.0000e+00
-4.625 -1.775 0.0000e+00
-4.625 -1.725 0.0000e+00
-4.625 -1.675 0.0000e+00
-4.625 -1.625 0.0000e+00
-4.625 -1.575 0.0000e+00
-4.625 -1.525 0.0000e+00
-4.625 -1.475 0.0000e+00
-4.625 -1.425 0.0000e+00
-4.625 -1.375 0.0000e+00
-4.625 -1.325 0.0000e+00
-4.625 -1.275 0.0000e+00
-4.625 -1.225 0.0000e+00
-4.625 -1.175 0.0000e+00
-4.625 -1.125 0.0000e+00
-4.625 -1.075 0.0000e+00
-4.625 -1.025 0.0000e+00
-4.625 -0.975 0.0000e+00
-4.625 -0.925 0.0000e+00
-4.625 -0.875 0.0000e+00
-4.625 -0.825 0.0000e+00
-4.625 -0.775 0.0000e+00
-4.625 -0.725 0.0000e+00
-4.625 -0.675 0.0000e+00
-4.625 -0.625 0.0000e+00
-4.625 -0.575 0.0000e+00
-4.625 -0.525 0.0000e+00
-4.625 -0.475 0.0000e+00
-4.625 -0.425 0.0000e+00
-4.625 -0.375 0.0000e+00
-4.625 -0.325 0.0000e+00
-4.625 -0.275 0.0000e+00
-4.625 -0.225 0.0000e+00
-4.625 -0.175 0.0000e+00
-4.625 -0.125 0.0000e+00
-4.625 -0.075 0.0000e+00
-4.625 -0.025 0.0000e+00
-4.625 0.025 0.0000e+00
-4.625 0.075 0.0000e+00
-4.625 0.125 0.0000e+00
-4.625 0.175 0.0000e+00
-4.625 0.225 0.0000e+00
-4.625 0.275 0.0000e+00
-4.625 0.325 0.0000e+00
-4.625 0.375 0.0000e+00
-4.625 0.425 0.0000e+00
-4.625 0.475 0.0000e+00
-4.625 0.525 0.0000e+00
-4.625 0.575 0.0000e+00
-4.625 0.625 0.0000e+00
-4.625 0.675 0.0000e+00
-4.625 0.725 0.0000e+00
-4.625 0.775 0.0000e+00
-4.625 0.825 0.0000e+00
-4.625 0.875 0.0000e+00
-4.625 0.925 0.0000e+00
-4.625 0.975 0.0000e+00
-4.625 1.025 0.0000e+00
-4.625 1.075 0.0000e+00
-4.625 1.125 0.0000e+00
-4.625 1.175 0.0000e+00
-4.625 1.225 0.0000e+00
-4.625 1.275 0.0000e+00
-4.625 1.325 0.0000e+00
-4.625 1.375 0.0000e+00
-4.625 1.425 0.0000e+00
-4.625 1.475 0.0000e+00
-4.625 1.525 8.7725e-23
-4.625 1.575 1.7545e-22
-4.625 1.625 3.5101e-22
-4.625 1.675 7.0247e-22
-4.625 1.725 1.4063e-21
-4.625 1.775 2.8167e-21
-4.625 1.825 5.6440e-21
-4.625 1.875 1.1315e-20
-4.625 1.925 2.2698e-20
-4.625 1.975 4.5563e-20
-4.625 2.025 9.1529e-20
-4.625 2.075 1.8402e-19
-4.625 2.125 3.7033e-19
-4.625 2.175 7.4606e-19
-4.625 2.225 1.5048e-18
-4.625 2.275 3.0394e-18
-4.625 2.325 6.1482e-18
-4.625 2.375 1.2458e-17
-4.625 2.425 2.5295e-17
-4.625 2.475 5.1471e-17
-4.625 2.525 1.0500e-16
-4.625 2.575 2.1480e-16
-4.625 2.625 4.4087e-16
-4.625 2.675 9.0819e-16
-4.625 2.725 1.8788e-15
-4.625 2.775 3.9053e-15
-4.625 2.825 8.1625e-15
-4.625 2.875 1.7169e-14
-4.625 2.925 3.6376e-14
-4.625 2.975 7.7725e-14
-4.625 3.025 1.6771e-13
-4.625 3.075 3.6603e-13
-4.625 3.125 8.0969e-13
-4.625 3.175 1.8198e-12
-4.625 3.225 4.1685e-12
-4.625 3.275 9.7696e-12
-4.625 3.325 2.3546e-11
-4.625 3.375 5.8755e-11
-4.625 3.425 1.5321e-10
-4.625 3.475 4.2302e-10
-4.625 3.525 1.2618e-09
-4.625 3.575 4.1988e-09
-4.625 3.625 1.6497e-08
-4.625 3.675 8.5636e-08
-4.625 3.725 7.5771e-07
-4.625 3.775 2.2296e-05
-4.625 3.825 1.8840e-02
-4.625 3.875 0.0000e+00
-4.625 3.925 0.0000e+00
-4.625 3.975 0.0000e+00
-4.575 -1.975 0.0000e+00
-4.575 -1.925 0.0000e+00
-4.575 -1.875 0.0000e+00
-4.575 -1.825 0.0000e+00
-4.575 -1.775 0.0000e+00
-4.575 -1.725 0.0000e+00
-4.575 -1.675 0.0000e+00
-4.575 -1.625 0.0000e+00
-4.575 -1.575 0.0000e+00
-4.575 -1.525 0.0000e+00
-4.575 -1.475 0.0000e+00
-4.575 -1.425 0.0000e+00
-4.575 -1.375 0.0000e+00
-4.575 -1.325 0.0000e+00
-4.575 -1.275 0.0000e+00
-4.575 -1.225 0.0000e+00
-4.575 -1.175 0.0000e+00
-4.575 -1.125 0.0000e+00
-4.575 -1.075 0.0000e+00
-4.575 -1.025 0.0000e+00
-4.575 -0.975 0.0000e+00
-4.575 -0.925 0.0000e+00
-4.575 -0.875 0.0000e+00
-4.575 -0.825 0.0000e+00
-4.575 -0.775 0.0000e+00
-4.575 -0.725 0.0000e+00
-4.575 -0.675 0.0000e+00
-4.575 -0.625 0.0000e+00
-4.575 -0.575 0.0000e+00
-4.575 -0.525 0.0000e+00
-4.575 -0.475 0.0000e+00
-4.575 -0.425 0.0000e+00
-4.575 -0.375 0.0000e+00
-4.575 -0.325 0.0000e+00
-4.575 -0.275 0.0000e+00
-4.575 -0.225 0.0000e+00
-4.575 -0.175 0.0000e+00
-4.575 -0.125 0.0000e+00
-4.575 -0.075 0.0000e+00
-4.575 -0.025 0.0000e+00
-4.575 0.025 0.0000e+00
-4.575 0.075 0.0000e+00
-4.575 0.125 0.0000e+00
-4.575 0.175 0.0000e+00
-4.575 0.225 0.0000e+00
-4.575 0.275 0.0000e+00
-4.575 0.325 0.0000e+00
-4.575 0.375 0.0000e+00
-4.575 0.425 0.0000e+00
-4.575 0.475 0.0000e+00
-4.575 0.525 0.0000e+00
-4.575 0.575 0.0000e+00
-4.575 0.625 0.0000e+00
-4.575 0.675 0.0000e+00
-4.575 0.725 0.0000e+00
-4.575 0.775 0.0000e+00
-4.575 0.825 0.0000e+00
-4.575 0.875 0.0000e+00
-4.575 0.925 0.0000e+00
-4.575 0.975 0.0000e+00
-4.575 1.025 0.0000e+00
-4.575 1.075 0.0000e+00
-4.575 1.125 0.0000e+00
-4.575 1.175 0.0000e+00
-4.575 1.225 0.0000e+00
-4.575 1.275 0.0000e+00
-4.575 1.325 0.0000e+00
-4.575 1.375 0.0000e+00
-4.575 1.425 0.0000e+00
-4.575 1.475 0.0000e+00
-4.575 1.525 1.1044e-22
-4.575 1.575 2.2088e-22
-4.575 1.625 4.4190e-22
-4.575 1.675 8.8435e-22
-4.575 1.725 1.7705e-21
-4.575 1.775 3.5460e-21
-4.575 1.825 7.1053e-21
-4.575 1.875 1.4245e-20
-4.575 1.925 2.8575e-20
-4.575 1.975 5.7360e-20
-4.575 2.025 1.1523e-19
-4.575 2.075 2.3167e-19
-4.575 2.125 4.6622e-19
-4.575 2.175 9.3924e-19
-4.575 2.225 1.8945e-18
-4.575 2.275 3.8263e-18
-4.575 2.325 7.7401e-18
-4.575 2.375 1.5684e-17
-4.575 2.425 3.1844e-17
-4.575 2.475 6.4798e-17
-4.575 2.525 1.3219e-16
-4.575 2.575 2.7042e-16
-4.575 2.625 5.5502e-16
-4.575 2.675 1.1434e-15
-4.575 2.725 2.3652e-15
-4.575 2.775 4.9165e-15
-4.575 2.825 1.0276e-14
-4.575 2.875 2.1615e-14
-4.575 2.925 4.5796e-14
-4.575 2.975 9.7853e-14
-4.575 3.025 2.1114e-13
-4.575 3.075 4.6083e-13
-4.575 3.125 1.0194e-12
-4.575 3.175 2.2912e-12
-4.575 3.225 5.2485e-12
-4.575 3.275 1.2301e-11
-4.575 3.325 2.9650e-11
-4.575 3.375 7.3991e-11
-4.575 3.425 1.9296e-10
-4.575 3.475 5.3288e-10
-4.575 3.525 1.5899e-09
-4.575 3.575 5.2925e-09
-4.575 3.625 2.0808e-08
-4.575 3.675 1.0811e-07
-4.575 3.725 9.5762e-07
-4.575 3.775 2.8169e-05
-4.575 3.825 2.3589e-02
-4.575 3.875 0.0000e+00
-4.575 3.925 0.0000e+00
-4.575 3.975 0.0000e+00
-4.525 -1.975 0.0000e+00
-4.525 -1.925 0.0000e+00
-4.525 -1.875 0.0000e+00
-4.525 -1.825 0.0000e+00
-4.525 -1.775 0.0000e+00
-4.525 -1.725 0.0000e+00
-4.525 -1.675 0.0000e+00
-4.525 -1.625 0.0000e+00
-4.525 -1.575 0.0000e+00
-4.525 -1.525 0.0000e+00
-4.525 -1.475 0.0000e+00
-4.525 -1.425 0.0000e+00
-4.525 -1.375 0.0000e+00
-4.525 -1.325 0.0000e+00
-4.525 -1.275 0.0000e+00
-4.525 -1.225 0.0000e+00
-4.525 -1.175 0.0000e+00
-4.525 -1.125 0.0000e+00
-4.525 -1.075 0.0000e+00
-4.525 -1.025 0.0000e+00
-4.525 -0.975 0.0000e+00
-4.525 -0.925 0.0000e+00
-4.525 -0.875 0.0000e+00
-4.525 -0.825 0.0000e+00
-4.525 -0.775 0.0000e+00
-4.525 -0.725 0.0000e+00
-4.525 -0.675 0.0000e+00
-4.525 -0.625 0.0000e+00
-4.525 -0.575 0.0000e+00
-4.525 -0.525 0.0000e+00
-4.525 -0.475 0.0000e+00
-4.525 -0.425 0.0000e+00
-4.525 -0.375 0.0000e+00
-4.525 -0.325 0.0000e+00
-4.525 -0.275 0.0000e+00
-4.525 -0.225 0.0000e+00
-4.525 -0.175 0.0000e+00
-4.525 -0.125 0.0000e+00
-4.525 -0.075 0.0000e+00
-4.525 -0.025 0.0000e+00
-4.525 0.025 0.0000e+00
-4.525 0.075 0.0000e+00
-4.525 0.125 0.0000e+00
-4.525 0.175 0.0000e+00
-4.525 0.225 0.0000e+00
-4.525 0.275 0.0000e+00
-4.525 0.325 0.0000e+00
-4.525 0.375 0.0000e+00
-4.525 0.425 0.0000e+00
-4.525 0.475 0.0000e+00
-4.525 0.525 0.0000e+00
-4.525 0.575 0.0000e+00
-4.525 0.625 0.0000e+00
-4.525 0.675 0.0000e+00
-4.525 0.725 0.0000e+00
-4.525 0.775 0.0000e+00
-4.525 0.825 0.0000e+00
-4.525 0.875 0.0000e+00
-4.525 0.925 0.0000e+00
-4.525 0.975 0.0000e+00
-4.525 1.025 0.0000e+00
-4.525 1.075 0.0000e+00
-4.525 1.125 0.0000e+00
-4.525 1.175 0.0000e+00
-4.525 1.225 0.0000e+00
-4.525 1.275 0.0000e+00
-4.525 1.325 0.0000e+00
-4.525 1.375 0.0000e+00
-4.525 1.425 0.0000e+00
-4.525 1.475 0.0000e+00
-4.525 1.525 1.3903e-22
-4.525 1.575 2.7807e-22
-4.525 1.625 5.5631e-22
-4.525 1.675 1.1133e-21
-4.525 1.725 2.2289e-21
-4.525 1.775 4.4641e-21
-4.525 1.825 8.9451e-21
-4.525 1.875 1.7933e-20
-4.525 1.925 3.5974e-20
-4.525 1.975 7.2213e-20
-4.525 2.025 1.4506e-19
-4.525 2.075 2.9165e-19
-4.525 2.125 5.8694e-19
-4.525 2.175 1.1824e-18
-4.525 2.225 2.3850e-18
-4.525 2.275 4.8171e-18
-4.525 2.325 9.7442e-18
-4.525 2.375 1.9745e-17
-4.525 2.425 4.0090e-17
-4.525 2.475 8.1576e-17
-4.525 2.525 1.6641e-16
-4.525 2.575 3.4044e-16
-4.525 2.625 6.9874e-16
-4.525 2.675 1.4394e-15
-4.525 2.725 2.9777e-15
-4.525 2.775 6.1896e-15
-4.525 2.825 1.2937e-14
-4.525 2.875 2.7212e-14
-4.525 2.925 5.7656e-14
-4.525 2.975 1.2320e-13
-4.525 3.025 2.6583e-13
-4.525 3.075 5.8020e-13
-4.525 3.125 1.2835e-12
-4.525 3.175 2.8849e-12
-4.525 3.225 6.6086e-12
-4.525 3.275 1.5490e-11
-4.525 3.325 3.7338e-11
-4.525 3.375 9.3186e-11
-4.525 3.425 2.4305e-10
-4.525 3.475 6.7136e-10
-4.525 3.525 2.0037e-09
-4.525 3.575 6.6733e-09
-4.525 3.625 2.6256e-08
-4.525 3.675 1.3658e-07
-4.525 3.725 1.2114e-06
-4.525 3.775 3.5617e-05
-4.525 3.825 2.9493e-02
-4.525 3.875 0.0000e+00
-4.525 3.925 0.0000e+00
-4.525 3.975 0.0000e+00
-4.475 -1.975 0.0000e+00
-4.475 -1.925 0.0000e+00
-4.475 -1.875 0.0000e+00
-4.475 -1.825 0.0000e+00
-4.475 -1.775 0.0000e+00
-4.475 -1.725 0.0000e+00
-4.475 -1.675 0.0000e+00
-4.475 -1.625 0.0000e+00
-4.475 -1.575 0.0000e+00
-4.475 -1.525 0.0000e+00
-4.475 -1.475 0.0000e+00
-4.475 -1.425 0.0000e+00
-4.475 -1.375 0.0000e+00
-4.475 -1.325 0.0000e+00
-4.475 -1.275 0.0000e+00
-4.475 -1.225 0.0000e+00
-4.475 -1.175 0.0000e+00
-4.475 -1.125 0.0000e+00
-4.475 -1.075 0.0000e+00
-4.475 -1.025 0.0000e+00
-4.475 -0.975 0.0000e+00
-4.475 -0.925 0.0000e+00
-4.475 -0.875 0.0000e+00
-4.475 -0.825 0.0000e+00
-4.475 -0.775 0.0000e+00
-4.475 -0.725 0.0000e+00
-4.475 -0.675 0.0000e+00
-4.475 -0.625 0.0000e+00
-4.475 -0.575 0.0000e+00
-4.475 -0.525 0.0000e+00
-4.475 -0.475 0.0000e+00
-4.475 -0.425 0.0000e+00
-4.475 -0.375 0.0000e+00
-4.475 -0.325 0.0000e+00
-4.475 -0.275 0.0000e+00
-4.475 -0.225 0.0000e+00
-4.475 -0.175 0.0000e+00
-4.475 -0.125 0.0000e+00
-4.475 -0.075 0.0000e+00
-4.475 -0.025 0.0000e+00
-4.475 0.025 0.0000e+00
-4.475 0.075 0.0000e+00
-4.475 0.125 0.0000e+00
-4.475 0.175 0.0000e+00
-4.475 0.225 0.0000e+00
-4.475 0.275 0.0000e+00
-4.475 0.325 0.0000e+00
-4.475 0.375 0.0000e+00
-4.475 0.425 0.0000e+00
-4.475 0.475 0.0000e+00
-4.475 0.525 0.0000e+00
-4.475 0.575 0.0000e+00
-4.475 0.625 0.0000e+00
-4.475 0.675 0.0000e+00
-4.475 0.725 0.0000e+00
-4.475 0.775 0.0000e+00
-4.475 0.825 0.0000e+00
-4.475 0.875 0.0000e+00
-4.475 0.925 0.0000e+00
-4.475 0.975 0.0000e+00
-4.475 1.025 0.0000e+00
-4.475 1.075 0.0000e+00
-4.475 1.125 0.0000e+00
-4.475 1.175 0.0000e+00
-4.475 1.225 0.0000e+00
-4.475 1.275 0.0000e+00
-4.475 1.325 0.0000e+00
-4.475 1.375 0.0000e+00
-4.475 1.425 0.0000e+00
-4.475 1.475 0.0000e+00
-4.475 1.525 1.7503e-22
-4.475 1.575 3.5007e-22
-4.475 1.625 7.0036e-22
-4.475 1.675 1.4016e-21
-4.475 1.725 2.8060e-21
-4.475 1.775 5.6200e-21
-4.475 1.825 1.1261e-20
-4.475 1.875 2.2577e-20
-4.475 1.925 4.5289e-20
-4.475 1.975 9.0910e-20
-4.475 2.025 1.8262e-19
-4.475 2.075 3.6717e-19
-4.475 2.125 7.3891e-19
-4.475 2.175 1.4886e-18
-4.475 2.225 3.0025e-18
-4.475 2.275 6.0643e-18
-4.475 2.325 1.2267e-17
-4.475 2.375 2.4858e-17
-4.475 2.425 5.0470e-17
-4.475 2.475 1.0270e-16
-4.475 2.525 2.0950e-16
-4.475 2.575 4.2860e-16
-4.475 2.625 8.7967e-16
-4.475 2.675 1.8121e-15
-4.475 2.725 3.7488e-15
-4.475 2.775 7.7924e-15
-4.475 2.825 1.6287e-14
-4.475 2.875 3.4259e-14
-4.475 2.925 7.2588e-14
-4.475 2.975 1.5510e-13
-4.475 3.025 3.3468e-13
-4.475 3.075 7.3050e-13
-4.475 3.125 1.6160e-12
-4.475 3.175 3.6324e-12
-4.475 3.225 8.3215e-12
-4.475 3.275 1.9506e-11
-4.475 3.325 4.7023e-11
-4.475 3.375 1.1737e-10
-4.475 3.425 3.0619e-10
-4.475 3.475 8.4599e-10
-4.475 3.525 2.5259e-09
-4.475 3.575 8.4176e-09
-4.475 3.625 3.3150e-08
-4.475 3.675 1.7269e-07
-4.475 3.725 1.5343e-06
-4.475 3.775 4.5081e-05
-4.475 3.825 3.6804e-02
-4.475 3.875 0.0000e+00
-4.475 3.925 0.0000e+00
-4.475 3.975 0.0000e+00
-4.425 -1.975 0.0000e+00
-4.425 -1.925 0.0000e+00
-4.425 -1.875 0.0000e+00
-4.425 -1.825 0.0000e+00
-4.425 -1.775 0.0000e+00
-4.425 -1.725 0.0000e+00
-4.425 -1.675 0.0000e+00
-4.425 -1.625 0.0000e+00
-4.425 -1.575 0.0000e+00
-4.425 -1.525 0.0000e+00
-4.425 -1.475 0.0000e+00
-4.425 -1.425 0.0000e+00
-4.425 -1.375 0.0000e+00
-4.425 -1.325 0.0000e+00
-4.425 -1.275 0.0000e+00
-4.425 -1.225 0.0000e+00
-4.425 -1.175 0.0000e+00
-4.425 -1.125 0.0000e+00
-4.425 -1.075 0.0000e+00
-4.425 -1.025 0.0000e+00
-4.425 -0.975 0.0000e+00
-4.425 -0.925 0.0000e+00
-4.425 -0.875 0.0000e+00
-4.425 -0.825 0.0000e+00
-4.425 -0.775 0.0000e+00
-4.425 -0.725 0.0000e+00
-4.425 -0.675 0.0000e+00
-4.425 -0.625 0.0000e+00
-4.425 -0.575 0.0000e+00
-4.425 -0.525 0.0000e+00
-4.425 -0.475 0.0000e+00
-4.425 -0.425 0.0000e+00
-4.425 -0.375 0.0000e+00
-4.425 -0.325 0.0000e+00
-4.425 -0.275 0.0000e+00
-4.425 -0.225 0.0000e+00
-4.425 -0.175 0.0000e+00
-4.425 -0.125 0.0000e+00
-4.425 -0.075 0.0000e+00
-4.425 -0.025 0.0000e+00
-4.425 0.025 0.0000e+00
-4.425 0.075 0.0000e+00
-4.425 0.125 0.0000e+00
-4.425 0.175 0.0000e+00
-4.425 0.225 0.0000e+00
-4.425 0.275 0.0000e+00
-4.425 0.325 0.0000e+00
-4.425 0.375 0.0000e+00
-4.425 0.425 0.0000e+00
-4.425 0.475 0.0000e+00
-4.425 0.525 0.0000e+00
-4.425 0.575 0.0000e+00
-4.425 0.625 0.0000e+00
-4.425 0.675 0.0000e+00
-4.425 0.725 0.0000e+00
-4.425 0.775 0.0000e+00
-4.425 0.825 0.0000e+00
-4.425 0.875 0.0000e+00
-4.425 0.925 0.0000e+00
-4.425 0.975 0.0000e+00
-4.425 1.025 0.0000e+00
-4.425 1.075 0.0000e+00
-4.425 1.125 0.0000e+00
-4.425 1.175 0.0000e+00
-4.425 1.225 0.0000e+00
-4.425 1.275 0.0000e+00
-4.425 1.325 0.0000e+00
-4.425 1.375 0.0000e+00
-4.425 1.425 0.0000e+00
-4.425 1.475 0.0000e+00
-4.425 1.525 2.2035e-22
-4.425 1.575 4.4072e-22
-4.425 1.625 8.8170e-22
-4.425 1.675 1.7645e-21
-4.425 1.725 3.5326e-21
-4.425 1.775 7.0752e-21
-4.425 1.825 1.4177e-20
-4.425 1.875 2.8422e-20
-4.425 1.925 5.7015e-20
-4.425 1.975 1.1445e-19
-4.425 2.025 2.2991e-19
-4.425 2.075 4.6224e-19
-4.425 2.125 9.3023e-19
-4.425 2.175 1.8740e-18
-4.425 2.225 3.7800e-18
-4.425 2.275 7.6346e-18
-4.425 2.325 1.5444e-17
-4.425 2.375 3.1294e-17
-4.425 2.425 6.3538e-17
-4.425 2.475 1.2929e-16
-4.425 2.525 2.6375e-16
-4.425 2.575 5.3958e-16
-4.425 2.625 1.1075e-15
-4.425 2.675 2.2814e-15
-4.425 2.725 4.7195e-15
-4.425 2.775 9.8103e-15
-4.425 2.825 2.0505e-14
-4.425 2.875 4.3131e-14
-4.425 2.925 9.1388e-14
-4.425 2.975 1.9528e-13
-4.425 3.025 4.2138e-13
-4.425 3.075 9.1975e-13
-4.425 3.125 2.0348e-12
-4.425 3.175 4.5739e-12
-4.425 3.225 1.0479e-11
-4.425 3.275 2.4565e-11
-4.425 3.325 5.9226e-11
-4.425 3.375 1.4786e-10
-4.425 3.425 3.8580e-10
-4.425 3.475 1.0663e-09
-4.425 3.525 3.1852e-09
-4.425 3.575 1.0623e-08
-4.425 3.625 4.1886e-08
-4.425 3.675 2.1858e-07
-4.425 3.725 1.9461e-06
-4.425 3.775 5.7126e-05
-4.425 3.825 4.5819e-02
-4.425 3.875 0.0000e+00
-4.425 3.925 0.0000e+00
-4.425 3.975 0.0000e+00
-4.375 -1.975 0.0000e+00
-4.375 -1.925 0.0000e+00
-4.375 -1.875 0.0000e+00
-4.375 -1.825 0.0000e+00
-4.375 -1.775 0.0000e+00
-4.375 -1.725 0.0000e+00
-4.375 -1.675 0.0000e+00
-4.375 -1.625 0.0000e+00
-4.375 -1.575 0.0000e+00
-4.375 -1.525 0.0000e+00
-4.375 -1.475 0.0000e+00
-4.375 -1.425 0.0000e+00
-4.375 -1.375 0.0000e+00
-4.375 -1.325 0.0000e+00
-4.375 -1.275 0.0000e+00
-4.375 -1.225 0.0000e+00
-4.375 -1.175 0.0000e+00
-4.375 -1.125 0.0000e+00
-4.375 -1.075 0.0000e+00
-4.375 -1.025 0.0000e+00
-4.375 -0.975 0.0000e+00
-4.375 -0.925 0.0000e+00
-4.375 -0.875 0.0000e+00
-4.375 -0.825 0.0000e+00
-4.375 -0.775 0.0000e+00
-4.375 -0.725 0.0000e+00
-4.375 -0.675 0.0000e+00
-4.375 -0.625 0.0000e+00
-4.375 -0.575 0.0000e+00
-4.375 -0.525 0.0000e+00
-4.375 -0.475 0.0000e+00
-4.375 -0.425 0.0000e+00
-4.375 -0.375 0.0000e+00
-4.375 -0.325 0.0000e+00
-4.375 -0.275 0.0000e+00
-4.375 -0.225 0.0000e+00
-4.375 -0.175 0.0000e+00
-4.375 -0.125 0.0000e+00
-4.375 -0.075 0.0000e+00
-4.375 -0.025 0.0000e+00
-4.375 0.025 0.0000e+00
-4.375 0.075 0.0000e+00
-4.375 0.125 0.0000e+00
-4.375 0.175 0.0000e+00
-4.375 0.225 0.0000e+00
-4.375 0.275 0.0000e+00
-4.375 0.325 0.0000e+00
-4.375 0.375 0.0000e+00
-4.375 0.425 0.0000e+00
-4.375 0.475 0.0000e+00
-4.375 0.525 0.0000e+00
-4.375 0.575 0.0000e+00
-4.375 0.625 0.0000e+00
-4.375 0.675 0.0000e+00
-4.375 0.725 0.0000e+00
-4.375 0.775 0.0000e+00
-4.375 0.825 0.0000e+00
-4.375 0.875 0.0000e+00
-4.375 0.925 0.0000e+00
-4.375 0.975 0.0000e+00
-4.375 1.025 0.0000e+00
-4.375 1.075 0.0000e+00
-4.375 1.125 0.0000e+00
-4.375 1.175 0.0000e+00
-4.375 1.225 0.0000e+00
-4.375 1.275 0.0000e+00
-4.375 1.325 0.0000e+00
-4.375 1.375 0.0000e+00
-4.375 1.425 0.0000e+00
-4.375 1.475 0.0000e+00
-4.375 1.525 2.7741e-22
-4.375 1.575 5.5483e-22
-4.375 1.625 1.1100e-21
-4.375 1.675 2.2214e-21
-4.375 1.725 4.4472e-21
-4.375 1.775 8.9071e-21
-4.375 1.825 1.7848e-20
-4.375 1.875 3.5782e-20
-4.375 1.925 7.1778e-20
-4.375 1.975 1.4408e-19
-4.375 2.025 2.8944e-19
-4.375 2.075 5.8193e-19
-4.375 2.125 1.1711e-18
-4.375 2.175 2.3593e-18
-4.375 2.225 4.7587e-18
-4.375 2.275 9.6114e-18
-4.375 2.325 1.9442e-17
-4.375 2.375 3.9398e-17
-4.375 2.425 7.9991e-17
-4.375 2.475 1.6277e-16
-4.375 2.525 3.3204e-16
-4.375 2.575 6.7930e-16
-4.375 2.625 1.3942e-15
-4.375 2.675 2.8721e-15
-4.375 2.725 5.9417e-15
-4.375 2.775 1.2351e-14
-4.375 2.825 2.5816e-14
-4.375 2.875 5.4302e-14
-4.375 2.925 1.1506e-13
-4.375 2.975 2.4586e-13
-4.375 3.025 5.3055e-13
-4.375 3.075 1.1581e-12
-4.375 3.125 2.5621e-12
-4.375 3.175 5.7596e-12
-4.375 3.225 1.3197e-11
-4.375 3.275 3.0939e-11
-4.375 3.325 7.4605e-11
-4.375 3.375 1.8629e-10
-4.375 3.425 4.8622e-10
-4.375 3.475 1.3444e-09
-4.375 3.525 4.0184e-09
-4.375 3.575 1.3415e-08
-4.375 3.625 5.2971e-08
-4.375 3.675 2.7704e-07
-4.375 3.725 2.4727e-06
-4.375 3.775 7.2491e-05
-4.375 3.825 5.6868e-02
-4.375 3.875 0.0000e+00
-4.375 3.925 0.0000e+00
-4.375 3.975 0.0000e+00
-4.325 -1.975 0.0000e+00
-4.325 -1.925 0.0000e+00
-4.325 -1.875 0.0000e+00
-4.325 -1.825 0.0000e+00
-4.325 -1.775 0.0000e+00
-4.325 -1.725 0.0000e+00
-4.325 -1.675 0.0000e+00
-4.325 -1.625 0.0000e+00
-4.325 -1.575 0.0000e+00
-4.325 -1.525 0.0000e+00
-4.325 -1.475 0.0000e+00
-4.325 -1.425 0.0000e+00
-4.325 -1.375 0.0000e+00
-4.325 -1.325 0.0000e+00
-4.325 -1.275 0.0000e+00
-4.325 -1.225 0.0000e+00
-4.325 -1.175 0.0000e+00
-4.325 -1.125 0.0000e+00
-4.325 -1.075 0.0000e+00
-4.325 -1.025 0.0000e+00
-4.325 -0.975 0.0000e+00
-4.325 -0.925 0.0000e+00
-4.325 -0.875 0.0000e+00
-4.325 -0.825 0.0000e+00
-4.325 -0.775 0.0000e+00
-4.325 -0.725 0.0000e+00
-4.325 -0.675 0.0000e+00
-4.325 -0.625 0.0000e+00
-4.325 -0.575 0.0000e+00
-4.325 -0.525 0.0000e+00
-4.325 -0.475 0.0000e+00
-4.325 -0.425 0.0000e+00
-4.325 -0.375 0.0000e+00
-4.325 -0.325 0.0000e+00
-4.325 -0.275 0.0000e+00
-4.325 -0.225 0.0000e+00
-4.325 -0.175 0.0000e+00
-4.325 -0.125 0.0000e+00
-4.325 -0.075 0.0000e+00
-4.325 -0.025 0.0000e+00
-4.325 0.025 0.0000e+00
-4.325 0.075 0.0000e+00
-4.325 0.125 0.0000e+00
-4.325 0.175 0.0000e+00
-4.325 0.225 0.0000e+00
-4.325 0.275 0.0000e+00
-4.325 0.325 0.0000e+00
-4.325 0.375 0.0000e+00
-4.325 0.425 0.0000e+00
-4.325 0.475 0.0000e+00
-4.325 0.525 0.0000e+00
-4.325 0.575 0.0000e+00
-4.325 0.625 0.0000e+00
-4.325 0.675 0.0000e+00
-4.325 0.725 0.0000e+00
-4.325 0.775 0.0000e+00
-4.325 0.825 0.0000e+00
-4.325 0.875 0.0000e+00
-4.325 0.925 0.0000e+00
-4.325 0.975 0.0000e+00
-4.325 1.025 0.0000e+00
-4.325 1.075 0.0000e+00
-4.325 1.125 0.0000e+00
-4.325 1.175 0.0000e+00
-4.325 1.225 0.0000e+00
-4.325 1.275 0.0000e+00
-4.325 1.325 0.0000e+00
-4.325 1.375 0.0000e+00
-4.325 1.425 0.0000e+00
-4.325 1.475 0.0000e+00
-4.325 1.525 3.4924e-22
-4.325 1.575 6.9849e-22
-4.325 1.625 1.3974e-21
-4.325 1.675 2.7966e-21
-4.325 1.725 5.5987e-21
-4.325 1.775 1.1213e-20
-4.325 1.825 2.2469e-20
-4.325 1.875 4.5046e-20
-4.325 1.925 9.0363e-20
-4.325 1.975 1.8139e-19
-4.325 2.025 3.6438e-19
-4.325 2.075 7.3261e-19
-4.325 2.125 1.4743e-18
-4.325 2.175 2.9702e-18
-4.325 2.225 5.9909e-18
-4.325 2.275 1.2100e-17
-4.325 2.325 2.4477e-17
-4.325 2.375 4.9599e-17
-4.325 2.425 1.0070e-16
-4.325 2.475 2.0492e-16
-4.325 2.525 4.1802e-16
-4.325 2.575 8.5520e-16
-4.325 2.625 1.7553e-15
-4.325 2.675 3.6159e-15
-4.325 2.725 7.4804e-15
-4.325 2.775 1.5550e-14
-4.325 2.825 3.2502e-14
-4.325 2.875 6.8367e-14
-4.325 2.925 1.4486e-13
-4.325 2.975 3.0956e-13
-4.325 3.025 6.6802e-13
-4.325 3.075 1.4582e-12
-4.325 3.125 3.2263e-12
-4.325 3.175 7.2533e-12
-4.325 3.225 1.6620e-11
-4.325 3.275 3.8972e-11
-4.325 3.325 9.3991e-11
-4.325 3.375 2.3475e-10
-4.325 3.425 6.1294e-10
-4.325 3.475 1.6957e-09
-4.325 3.525 5.0723e-09
-4.325 3.575 1.6953e-08
-4.325 3.625 6.7064e-08
-4.325 3.675 3.5169e-07
-4.325 3.725 3.1483e-06
-4.325 3.775 9.2133e-05
-4.325 3.825 7.0303e-02
-4.325 3.875 0.0000e+00
-4.325 3.925 0.0000e+00
-4.325 3.975 0.0000e+00
-4.275 -1.975 0.0000e+00
-4.275 -1.925 0.0000e+00
-4.275 -1.875 0.0000e+00
-4.275 -1.825 0.0000e+00
-4.275 -1.775 0.0000e+00
-4.275 -1.725 0.0000e+00
-4.275 -1.675 0.0000e+00
-4.275 -1.625 0.0000e+00
-4.275 -1.575 0.0000e+00
-4.275 -1.525 0.0000e+00
-4.275 -1.475 0.0000e+00
-4.275 -1.425 0.0000e+00
-4.275 -1.375 0.0000e+00
-4.275 -1.325 0.0000e+00
-4.275 -1.275 0.0000e+00
-4.275 -1.225 0.0000e+00
-4.275 -1.175 0.0000e+00
-4.275 -1.125 0.0000e+00
-4.275 -1.075 0.0000e+00
-4.275 -1.025 0.0000e+00
-4.275 -0.975 0.0000e+00
-4.275 -0.925 0.0000e+00
-4.275 -0.875 0.0000e+00
-4.275 -0.825 0.0000e+00
-4.275 -0.775 0.0000e+00
-4.275 -0.725 0.0000e+00
-4.275 -0.675 0.0000e+00
-4.275 -0.625 0.0000e+00
-4.275 -0.575 0.0000e+00
-4.275 -0.525 0.0000e+00
-4.275 -0.475 0.0000e+00
-4.275 -0.425 0.0000e+00
-4.275 -0.375 0.0000e+00
-4.275 -0.325 0.0000e+00
-4.275 -0.275 0.0000e+00
-4.275 -0.225 0.0000e+00
-4.275 -0.175 0.0000e+00
-4.275 -0.125 0.0000e+00
-4.275 -0.075 0.0000e+00
-4.275 -0.025 0.0000e+00
-4.275 0.025 0.0000e+00
-4.275 0.075 0.0000e+00
-4.275 0.125 0.0000e+00
-4.275 0.175 0.0000e+00
-4.275 0.225 0.0000e+00
-4.275 0.275 0.0000e+00
-4.275 0.325 0.0000e+00
-4.275 0.375 0.0000e+00
-4.275 0.425 0.0000e+00
-4.275 0.475 0.0000e+00
-4.275 0.525 0.0000e+00
-4.275 0.575 0.0000e+00
-4.275 0.625 0.0000e+00
-4.275 0.675 0.0000e+00
-4.275 0.725 0.0000e+00
-4.275 0.775 0.0000e+00
-4.275 0.825 0.0000e+00
-4.275 0.875 0.0000e+00
-4.275 0.925 0.0000e+00
-4.275 0.975 0.0000e+00
-4.275 1.025 0.0000e+00
-4.275 1.075 0.0000e+00
-4.275 1.125 0.0000e+00
-4.275 1.175 0.0000e+00
-4.275 1.225 0.0000e+00
-4.275 1.275 0.0000e+00
-4.275 1.325 0.0000e+00
-4.275 1.375 0.0000e+00
-4.275 1.425 0.0000e+00
-4.275 1.475 0.0000e+00
-4.275 1.525 4.3967e-22
-4.275 1.575 8.7934e-22
-4.275 1.625 1.7592e-21
-4.275 1.675 3.5207e-21
-4.275 1.725 7.0484e-21
-4.275 1.775 1.4117e-20
-4.275 1.825 2.8287e-20
-4.275 1.875 5.6710e-20
-4.275 1.925 1.1376e-19
-4.275 1.975 2.2836e-19
-4.275 2.025 4.5873e-19
-4.275 2.075 9.2230e-19
-4.275 2.125 1.8561e-18
-4.275 2.175 3.7392e-18
-4.275 2.225 7.5421e-18
-4.275 2.275 1.5233e-17
-4.275 2.325 3.0815e-17
-4.275 2.375 6.2442e-17
-4.275 2.425 1.2678e-16
-4.275 2.475 2.5798e-16
-4.275 2.525 5.2627e-16
-4.275 2.575 1.0767e-15
-4.275 2.625 2.2098e-15
-4.275 2.675 4.5523e-15
-4.275 2.725 9.4176e-15
-4.275 2.775 1.9577e-14
-4.275 2.825 4.0920e-14
-4.275 2.875 8.6077e-14
-4.275 2.925 1.8239e-13
-4.275 2.975 3.8976e-13
-4.275 3.025 8.4114e-13
-4.275 3.075 1.8362e-12
-4.275 3.125 4.0630e-12
-4.275 3.175 9.1350e-12
-4.275 3.225 2.0935e-11
-4.275 3.275 4.9097e-11
-4.275 3.325 1.1844e-10
-4.275 3.375 2.9591e-10
-4.275 3.425 7.7295e-10
-4.275 3.475 2.1397e-09
-4.275 3.525 6.4069e-09
-4.275 3.575 2.1445e-08
-4.275 3.625 8.5023e-08
-4.275 3.675 4.4733e-07
-4.275 3.725 4.0186e-06
-4.275 3.775 1.1730e-04
-4.275 3.825 8.6471e-02
-4.275 3.875 0.0000e+00
-4.275 3.925 0.0000e+00
-4.275 3.975 0.0000e+00
-4.225 -1.975 0.0000e+00
-4.225 -1.925 0.0000e+00
-4.225 -1.875 0.0000e+00
-4.225 -1.825 0.0000e+00
-4.225 -1.775 0.0000e+00
-4.225 -1.725 0.0000e+00
-4.225 -1.675 0.0000e+00
-4.225 -1.625 0.0000e+00
-4.225 -1.575 0.0000e+00
-4.225 -1.525 0.0000e+00
-4.225 -1.475 0.0000e+00
-4.225 -1.425 0.0000e+00
-4.225 -1.375 0.0000e+00
-4.225 -1.325 0.0000e+00
-4.225 -1.275 0.0000e+00
-4.225 -1.225 0.0000e+00
-4.225 -1.175 0.0000e+00
-4.225 -1.125 0.0000e+00
-4.225 -1.075 0.0000e+00
-4.225 -1.025 0.0000e+00
-4.225 -0.975 0.0000e+00
-4.225 -0.925 0.0000e+00
-4.225 -0.875 0.0000e+00
-4.225 -0.825 0.0000e+00
-4.225 -0.775 0.0000e+00
-4.225 -0.725 0.0000e+00
-4.225 -0.675 0.0000e+00
-4.225 -0.625 0.0000e+00
-4.225 -0.575 0.0000e+00
-4.225 -0.525 0.0000e+00
-4.225 -0.475 0.0000e+00
-4.225 -0.425 0.0000e+00
-4.225 -0.375 0.0000e+00
-4.225 -0.325 0.0000e+00
-4.225 -0.275 0.0000e+00
-4.225 -0.225 0.0000e+00
-4.225 -0.175 0.0000e+00
-4.225 -0.125 0.0000e+00
-4.225 -0.075 0.0000e+00
-4.225 -0.025 0.0000e+00
-4.225 0.025 0.0000e+00
-4.225 0.075 0.0000e+00
-4.225 0.125 0.0000e+00
-4.225 0.175 0.0000e+00
-4.225 0.225 0.0000e+00
-4.225 0.275 0.0000e+00
-4.225 0.325 0.0000e+00
-4.225 0.375 0.0000e+00
-4.225 0.425 0.0000e+00
-4.225 0.475 0.0000e+00
-4.225 0.525 0.0000e+00
-4.225 0.575 0.0000e+00
-4.225 0.625 0.0000e+00
-4.225 0.675 0.0000e+00
-4.225 0.725 0.0000e+00
-4.225 0.775 0.0000e+00
-4.225 0.825 0.0000e+00
-4.225 0.875 0.0000e+00
-4.225 0.925 0.0000e+00
-4.225 0.975 0.0000e+00
-4.225 1.025 0.0000e+00
-4.225 1.075 0.0000e+00
-4.225 1.125 0.0000e+00
-4.225 1.175 0.0000e+00
-4.225 1.225 0.0000e+00
-4.225 1.275 0.0000e+00
-4.225 1.325 0.0000e+00
-4.225 1.375 0.0000e+00
-4.225 1.425 0.0000e+00
-4.225 1.475 0.0000e+00
-4.225 1.525 5.5351e-22
-4.225 1.575 1.1070e-21
-4.225 1.625 2.2147e-21
-4.225 1.675 4.4323e-21
-4.225 1.725 8.8734e-21
-4.225 1.775 1.7772e-20
-4.225 1.825 3.5611e-20
-4.225 1.875 7.1394e-20
-4.225 1.925 1.4322e-19
-4.225 1.975 2.8748e-19
-4.225 2.025 5.7751e-19
-4.225 2.075 1.1611e-18
-4.225 2.125 2.3367e-18
-4.225 2.175 4.7074e-18
-4.225 2.225 9.4950e-18
-4.225 2.275 1.9178e-17
-4.225 2.325 3.8794e-17
-4.225 2.375 7.8611e-17
-4.225 2.425 1.5961e-16
-4.225 2.475 3.2478e-16
-4.225 2.525 6.6255e-16
-4.225 2.575 1.3555e-15
-4.225 2.625 2.7821e-15
-4.225 2.675 5.7313e-15
-4.225 2.725 1.1857e-14
-4.225 2.775 2.4647e-14
-4.225 2.825 5.1520e-14
-4.225 2.875 1.0838e-13
-4.225 2.925 2.2965e-13
-4.225 2.975 4.9077e-13
-4.225 3.025 1.0592e-12
-4.225 3.075 2.3123e-12
-4.225 3.125 5.1169e-12
-4.225 3.175 1.1506e-11
-4.225 3.225 2.6373e-11
-4.225 3.275 6.1863e-11
-4.225 3.325 1.4928e-10
-4.225 3.375 3.7310e-10
-4.225 3.425 9.7516e-10
-4.225 3.475 2.7017e-09
-4.225 3.525 8.0992e-09
-4.225 3.575 2.7158e-08
-4.225 3.625 1.0797e-07
-4.225 3.675 5.7031e-07
-4.225 3.725 5.1442e-06
-4.225 3.775 1.4963e-04
-4.225 3.825 1.0566e-01
-4.225 3.875 0.0000e+00
-4.225 3.925 0.0000e+00
-4.225 3.975 0.0000e+00
-4.175 -1.975 0.0000e+00
-4.175 -1.925 0.0000e+00
-4.175 -1.875 0.0000e+00
-4.175 -1.825 0.0000e+00
-4.175 -1.775 0.0000e+00
-4.175 -1.725 0.0000e+00
-4.175 -1.675 0.0000e+00
-4.175 -1.625 0.0000e+00
-4.175 -1.575 0.0000e+00
-4.175 -1.525 0.0000e+00
-4.175 -1.475 0.0000e+00
-4.175 -1.425 0.0000e+00
-4.175 -1.375 0.0000e+00
-4.175 -1.325 0.0000e+00
-4.175 -1.275 0.0000e+00
-4.175 -1.225 0.0000e+00
-4.175 -1.175 0.0000e+00
-4.175 -1.125 0.0000e+00
-4.175 -1.075 0.0000e+00
-4.175 -1.025 0.0000e+00
-4.175 -0.975 0.0000e+00
-4.175 -0.925 0.0000e+00
-4.175 -0.875 0.0000e+00
-4.175 -0.825 0.0000e+00
-4.175 -0.775 0.0000e+00
-4.175 -0.725 0.0000e+00
-4.175 -0.675 0.0000e+00
-4.175 -0.625 0.0000e+00
-4.175 -0.575 0.0000e+00
-4.175 -0.525 0.0000e+00
-4.175 -0.475 0.0000e+00
-4.175 -0.425 0.0000e+00
-4.175 -0.375 0.0000e+00
-4.175 -0.325 0.0000e+00
-4.175 -0.275 0.0000e+00
-4.175 -0.225 0.0000e+00
-4.175 -0.175 0.0000e+00
-4.175 -0.125 0.0000e+00
-4.175 -0.075 0.0000e+00
-4.175 -0.025 0.0000e+00
-4.175 0.025 0.0000e+00
-4.175 0.075 0.0000e+00
-4.175 0.125 0.0000e+00
-4.175 0.175 0.0000e+00
-4.175 0.225 0.0000e+00
-4.175 0.275 0.0000e+00
-4.175 0.325 0.0000e+00
-4.175 0.375 0.0000e+00
-4.175 0.425 0.0000e+00
-4.175 0.475 0.0000e+00
-4.175 0.525 0.0000e+00
-4.175 0.575 0.0000e+00
-4.175 0.625 0.0000e+00
-4.175 0.675 0.0000e+00
-4.175 0.725 0.0000e+00
-4.175 0.775 0.0000e+00
-4.175 0.825 0.0000e+00
-4.175 0.875 0.0000e+00
-4.175 0.925 0.0000e+00
-4.175 0.975 0.0000e+00
-4.175 1.025 0.0000e+00
-4.175 1.075 0.0000e+00
-4.175 1.125 0.0000e+00
-4.175 1.175 0.0000e+00
-4.175 1.225 0.0000e+00
-4.175 1.275 0.0000e+00
-4.175 1.325 0.0000e+00
-4.175 1.375 0.0000e+00
-4.175 1.425 0.0000e+00
-4.175 1.475 0.0000e+00
-4.175 1.525 6.9682e-22
-4.175 1.575 1.3937e-21
-4.175 1.625 2.7882e-21
-4.175 1.675 5.5799e-21
-4.175 1.725 1.1171e-20
-4.175 1.775 2.2374e-20
-4.175 1.825 4.4832e-20
-4.175 1.875 8.9880e-20
-4.175 1.925 1.8030e-19
-4.175 1.975 3.6192e-19
-4.175 2.025 7.2705e-19
-4.175 2.075 1.4618e-18
-4.175 2.125 2.9417e-18
-4.175 2.175 5.9263e-18
-4.175 2.225 1.1954e-17
-4.175 2.275 2.4143e-17
-4.175 2.325 4.8839e-17
-4.175 2.375 9.8966e-17
-4.175 2.425 2.0094e-16
-4.175 2.475 4.0888e-16
-4.175 2.525 8.3412e-16
-4.175 2.575 1.7065e-15
-4.175 2.625 3.5026e-15
-4.175 2.675 7.2156e-15
-4.175 2.725 1.4928e-14
-4.175 2.775 3.1032e-14
-4.175 2.825 6.4867e-14
-4.175 2.875 1.3646e-13
-4.175 2.925 2.8916e-13
-4.175 2.975 6.1799e-13
-4.175 3.025 1.3338e-12
-4.175 3.075 2.9122e-12
-4.175 3.125 6.4450e-12
-4.175 3.175 1.4495e-11
-4.175 3.225 3.3229e-11
-4.175 3.275 7.7967e-11
-4.175 3.325 1.8820e-10
-4.175 3.375 4.7063e-10
-4.175 3.425 1.2309e-09
-4.175 3.475 3.4138e-09
-4.175 3.525 1.0249e-08
-4.175 3.575 3.4444e-08
-4.175 3.625 1.3740e-07
-4.175 3.675 7.2914e-07
-4.175 3.725 6.6070e-06
-4.175 3.775 1.9121e-04
-4.175 3.825 1.2802e-01
-4.175 3.875 0.0000e+00
-4.175 3.925 0.0000e+00
-4.175 3.975 0.0000e+00
-4.125 -1.975 0.0000e+00
-4.125 -1.925 0.0000e+00
-4.125 -1.875 0.0000e+00
-4.125 -1.825 0.0000e+00
-4.125 -1.775 0.0000e+00
-4.125 -1.725 0.0000e+00
-4.125 -1.675 0.0000e+00
-4.125 -1.625 0.0000e+00
-4.125 -1.575 0.0000e+00
-4.125 -1.525 0.0000e+00
-4.125 -1.475 0.0000e+00
-4.125 -1.425 0.0000e+00
-4.125 -1.375 0.0000e+00
-4.125 -1.325 0.0000e+00
-4.125 -1.275 0.0000e+00
-4.125 -1.225 0.0000e+00
-4.125 -1.175 0.0000e+00
-4.125 -1.125 0.0000e+00
-4.125 -1.075 0.0000e+00
-4.125 -1.025 0.0000e+00
-4.125 -0.975 0.0000e+00
-4.125 -0.925 0.0000e+00
-4.125 -0.875 0.0000e+00
-4.125 -0.825 0.0000e+00
-4.125 -0.775 0.0000e+00
-4.125 -0.725 0.0000e+00
-4.125 -0.675 0.0000e+00
-4.125 -0.625 0.0000e+00
-4.125 -0.575 0.0000e+00
-4.125 -0.525 0.0000e+00
-4.125 -0.475 0.0000e+00
-4.125 -0.425 0.0000e+00
-4.125 -0.375 0.0000e+00
-4.125 -0.325 0.0000e+00
-4.125 -0.275 0.0000e+00
-4.125 -0.225 0.0000e+00
-4.125 -0.175 0.0000e+00
-4.125 -0.125 0.0000e+00
-4.125 -0.075 0.0000e+00
-4.125 -0.025 0.0000e+00
-4.125 0.025 0.0000e+00
-4.125 0.075 0.0000e+00
-4.125 0.125 0.0000e+00
-4.125 0.175 0.0000e+00
-4.125 0.225 0.0000e+00
-4.125 0.275 0.0000e+00
-4.125 0.325 0.0000e+00
-4.125 0.375 0.0000e+00
-4.125 0.425 0.0000e+00
-4.125 0.475 0.0000e+00
-4.125 0.525 0.0000e+00
-4.125 0.575 0.0000e+00
-4.125 0.625 0.0000e+00
-4.125 0.675 0.0000e+00
-4.125 0.725 0.0000e+00
-4.125 0.775 0.0000e+00
-4.125 0.825 0.0000e+00
-4.125 0.875 0.0000e+00
-4.125 0.925 0.0000e+00
-4.125 0.975 0.0000e+00
-4.125 1.025 0.0000e+00
-4.125 1.075 0.0000e+00
-4.125 1.125 0.0000e+00
-4.125 1.175 0.0000e+00
-4.125 1.225 0.0000e+00
-4.125 1.275 0.0000e+00
-4.125 1.325 0.0000e+00
-4.125 1.375 0.0000e+00
-4.125 1.425 0.0000e+00
-4.125 1.475 0.0000e+00
-4.125 1.525 8.7725e-22
-4.125 1.575 1.7545e-21
-4.125 1.625 3.5101e-21
-4.125 1.675 7.0247e-21
-4.125 1.725 1.4063e-20
-4.125 1.775 2.8167e-20
-4.125 1.825 5.6440e-20
-4.125 1.875 1.1315e-19
-4.125 1.925 2.2698e-19
-4.125 1.975 4.5563e-19
-4.125 2.025 9.1530e-19
-4.125 2.075 1.8402e-18
-4.125 2.125 3.7034e-18
-4.125 2.175 7.4608e-18
-4.125 2.225 1.5049e-17
-4.125 2.275 3.0395e-17
-4.125 2.325 6.1485e-17
-4.125 2.375 1.2459e-16
-4.125 2.425 2.5297e-16
-4.125 2.475 5.1476e-16
-4.125 2.525 1.0501e-15
-4.125 2.575 2.1484e-15
-4.125 2.625 4.4097e-15
-4.125 2.675 9.0845e-15
-4.125 2.725 1.8794e-14
-4.125 2.775 3.9071e-14
-4.125 2.825 8.1673e-14
-4.125 2.875 1.7182e-13
-4.125 2.925 3.6412e-13
-4.125 2.975 7.7822e-13
-4.125 3.025 1.6798e-12
-4.125 3.075 3.6679e-12
-4.125 3.125 8.1188e-12
-4.125 3.175 1.8262e-11
-4.125 3.225 4.1877e-11
-4.125 3.275 9.8289e-11
-4.125 3.325 2.3737e-10
-4.125 3.375 5.9395e-10
-4.125 3.425 1.5548e-09
-4.125 3.475 4.3174e-09
-4.125 3.525 1.2986e-08
-4.125 3.575 4.3760e-08
-4.125 3.625 1.7526e-07
-4.125 3.675 9.3523e-07
-4.125 3.725 8.5172e-06
-4.125 3.775 2.4474e-04
-4.125 3.825 1.5341e-01
-4.125 3.875 0.0000e+00
-4.125 3.925 0.0000e+00
-4.125 3.975 0.0000e+00
-4.075 -1.975 0.0000e+00
-4.075 -1.925 0.0000e+00
-4.075 -1.875 0.0000e+00
-4.075 -1.825 0.0000e+00
-4.075 -1.775 0.0000e+00
-4.075 -1.725 0.0000e+00
-4.075 -1.675 0.0000e+00
-4.075 -1.625 0.0000e+00
-4.075 -1.575 0.0000e+00
-4.075 -1.525 0.0000e+00
-4.075 -1.475 0.0000e+00
-4.075 -1.425 0.0000e+00
-4.075 -1.375 0.0000e+00
-4.075 -1.325 0.0000e+00
-4.075 -1.275 0.0000e+00
-4.075 -1.225 0.0000e+00
-4.075 -1.175 0.0000e+00
-4.075 -1.125 0.0000e+00
-4.075 -1.075 0.0000e+00
-4.075 -1.025 0.0000e+00
-4.075 -0.975 0.0000e+00
-4.075 -0.925 0.0000e+00
-4.075 -0.875 0.0000e+00
-4.075 -0.825 0.0000e+00
-4.075 -0.775 0.0000e+00
-4.075 -0.725 0.0000e+00
-4.075 -0.675 0.0000e+00
-4.075 -0.625 0.0000e+00
-4.075 -0.575 0.0000e+00
-4.075 -0.525 0.0000e+00
-4.075 -0.475 0.0000e+00
-4.075 -0.425 0.0000e+00
-4.075 -0.375 0.0000e+00
-4.075 -0.325 0.0000e+00
-4.075 -0.275 0.0000e+00
-4.075 -0.225 0.0000e+00
-4.075 -0.175 0.0000e+00
-4.075 -0.125 0.0000e+00
-4.075 -0.075 0.0000e+00
-4.075 -0.025 0.0000e+00
-4.075 0.025 0.0000e+00
-4.075 0.075 0.0000e+00
-4.075 0.125 0.0000e+00
-4.075 0.175 0.0000e+00
-4.075 0.225 0.0000e+00
-4.075 0.275 0.0000e+00
-4.075 0.325 0.0000e+00
-4.075 0.375 0.0000e+00
-4.075 0.425 0.0000e+00
-4.075 0.475 0.0000e+00
-4.075 0.525 0.0000e+00
-4.075 0.575 0.0000e+00
-4.075 0.625 0.0000e+00
-4.075 0.675 0.0000e+00
-4.075 0.725 0.0000e+00
-4.075 0.775 0.0000e+00
-4.075 0.825 0.0000e+00
-4.075 0.875 0.0000e+00
-4.075 0.925 0.0000e+00
-4.075 0.975 0.0000e+00
-4.075 1.025 0.0000e+00
-4.075 1.075 0.0000e+00
-4.075 1.125 0.0000e+00
-4.075 1.175 0.0000e+00
-4.075 1.225 0.0000e+00
-4.075 1.275 0.0000e+00
-4.075 1.325 0.0000e+00
-4.075 1.375 0.0000e+00
-4.075 1.425 0.0000e+00
-4.075 1.475 0.0000e+00
-4.075 1.525 1.1044e-21
-4.075 1.575 2.2088e-21
-4.075 1.625 4.4190e-21
-4.075 1.675 8.8435e-21
-4.075 1.725 1.7705e-20
-4.075 1.775 3.5460e-20
-4.075 1.825 7.1054e-20
-4.075 1.875 1.4245e-19
-4.075 1.925 2.8576e-19
-4.075 1.975 5.7361e-19
-4.075 2.025 1.1523e-18
-4.075 2.075 2.3167e-18
-4.075 2.125 4.6623e-18
-4.075 2.175 9.3927e-18
-4.075 2.225 1.8945e-17
-4.075 2.275 3.8265e-17
-4.075 2.325 7.7406e-17
-4.075 2.375 1.5686e-16
-4.075 2.425 3.1848e-16
-4.075 2.475 6.4807e-16
-4.075 2.525 1.3221e-15
-4.075 2.575 2.7048e-15
-4.075 2.625 5.5518e-15
-4.075 2.675 1.1438e-14
-4.075 2.725 2.3663e-14
-4.075 2.775 4.9194e-14
-4.075 2.825 1.0284e-13
-4.075 2.875 2.1635e-13
-4.075 2.925 4.5853e-13
-4.075 2.975 9.8008e-13
-4.075 3.025 2.1157e-12
-4.075 3.075 4.6204e-12
-4.075 3.125 1.0229e-11
-4.075 3.175 2.3014e-11
-4.075 3.225 5.2789e-11
-4.075 3.275 1.2395e-10
-4.075 3.325 2.9951e-10
-4.075 3.375 7.5003e-10
-4.075 3.425 1.9655e-09
-4.075 3.475 5.4664e-09
-4.075 3.525 1.6479e-08
-4.075 3.575 5.5714e-08
-4.075 3.625 2.2421e-07
-4.075 3.675 1.2041e-06
-4.075 3.725 1.1023e-05
-4.075 3.775 3.1360e-04
-4.075 3.825 1.8124e-01
-4.075 3.875 0.0000e+00
-4.075 3.925 0.0000e+00
-4.075 3.975 0.0000e+00
-4.025 -1.975 0.0000e+00
-4.025 -1.925 0.0000e+00
-4.025 -1.875 0.0000e+00
-4.025 -1.825 0.0000e+00
-4.025 -1.775 0.0000e+00
-4.025 -1.725 0.0000e+00
-4.025 -1.675 0.0000e+00
-4.025 -1.625 0.0000e+00
-4.025 -1.575 0.0000e+00
-4.025 -1.525 0.0000e+00
-4.025 -1.475 0.0000e+00
-4.025 -1.425 0.0000e+00
-4.025 -1.375 0.0000e+00
-4.025 -1.325 0.0000e+00
-4.025 -1.275 0.0000e+00
-4.025 -1.225 0.0000e+00
-4.025 -1.175 0.0000e+00
-4.025 -1.125 0.0000e+00
-4.025 -1.075 0.0000e+00
-4.025 -1.025 0.0000e+00
-4.025 -0.975 0.0000e+00
-4.025 -0.925 0.0000e+00
-4.025 -0.875 0.0000e+00
-4.025 -0.825 0.0000e+00
-4.025 -0.775 0.0000e+00
-4.025 -0.725 0.0000e+00
-4.025 -0.675 0.0000e+00
-4.025 -0.625 0.0000e+00
-4.025 -0.575 0.0000e+00
-4.025 -0.525 0.0000e+00
-4.025 -0.475 0.0000e+00
-4.025 -0.425 0.0000e+00
-4.025 -0.375 0.0000e+00
-4.025 -0.325 0.0000e+00
-4.025 -0.275 0.0000e+00
-4.025 -0.225 0.0000e+00
-4.025 -0.175 0.0000e+00
-4.025 -0.125 0.0000e+00
-4.025 -0.075 0.0000e+00
-4.025 -0.025 0.0000e+00
-4.025 0.025 0.0000e+00
-4.025 0.075 0.0000e+00
-4.025 0.125 0.0000e+00
-4.025 0.175 0.0000e+00
-4.025 0.225 0.0000e+00
-4.025 0.275 0.0000e+00
-4.025 0.325 0.0000e+00
-4.025 0.375 0.0000e+00
-4.025 0.425 0.0000e+00
-4.025 0.475 0.0000e+00
-4.025 0.525 0.0000e+00
-4.025 0.575 0.0000e+00
-4.025 0.625 0.0000e+00
-4.025 0.675 0.0000e+00
-4.025 0.725 0.0000e+00
-4.025 0.775 0.0000e+00
-4.025 0.825 0.0000e+00
-4.025 0.875 0.0000e+00
-4.025 0.925 0.0000e+00
-4.025 0.975 0.0000e+00
-4.025 1.025 0.0000e+00
-4.025 1.075 0.0000e+00
-4.025 1.125 0.0000e+00
-4.025 1.175 0.0000e+00
-4.025 1.225 0.0000e+00
-4.025 1.275 0.0000e+00
-4.025 1.325 0.0000e+00
-4.025 1.375 0.0000e+00
-4.025 1.425 0.0000e+00
-4.025 1.475 0.0000e+00
-4.025 1.525 1.3903e-21
-4.025 1.575 2.7807e-21
-4.025 1.625 5.5632e-21
-4.025 1.675 1.1133e-20
-4.025 1.725 2.2289e-20
-4.025 1.775 4.4641e-20
-4.025 1.825 8.9451e-20
-4.025 1.875 1.7933e-19
-4.025 1.925 3.5975e-19
-4.025 1.975 7.2214e-19
-4.025 2.025 1.4507e-18
-4.025 2.075 2.9166e-18
-4.025 2.125 5.8696e-18
-4.025 2.175 1.1825e-17
-4.025 2.225 2.3851e-17
-4.025 2.275 4.8174e-17
-4.025 2.325 9.7451e-17
-4.025 2.375 1.9748e-16
-4.025 2.425 4.0095e-16
-4.025 2.475 8.1591e-16
-4.025 2.525 1.6645e-15
-4.025 2.575 3.4054e-15
-4.025 2.625 6.9899e-15
-4.025 2.675 1.4401e-14
-4.025 2.725 2.9794e-14
-4.025 2.775 6.1942e-14
-4.025 2.825 1.2949e-13
-4.025 2.875 2.7245e-13
-4.025 2.925 5.7745e-13
-4.025 2.975 1.2344e-12
-4.025 3.025 2.6651e-12
-4.025 3.075 5.8211e-12
-4.025 3.125 1.2890e-11
-4.025 3.175 2.9009e-11
-4.025 3.225 6.6567e-11
-4.025 3.275 1.5639e-10
-4.025 3.325 3.7815e-10
-4.025 3.375 9.4787e-10
-4.025 3.425 2.4873e-09
-4.025 3.475 6.9308e-09
-4.025 3.525 2.0951e-08
-4.025 3.575 7.1115e-08
-4.025 3.625 2.8781e-07
-4.025 3.675 1.5567e-06
-4.025 3.725 1.4325e-05
-4.025 3.775 4.0188e-04
-4.025 3.825 2.1025e-01
-4.025 3.875 0.0000e+00
-4.025 3.925 0.0000e+00
-4.025 3.975 0.0000e+00
-3.975 -1.975 0.0000e+00
-3.975 -1.925 0.0000e+00
-3.975 -1.875 0.0000e+00
-3.975 -1.825 0.0000e+00
-3.975 -1.775 0.0000e+00
-3.975 -1.725 0.0000e+00
-3.975 -1.675 0.0000e+00
-3.975 -1.625 0.0000e+00
-3.975 -1.575 0.0000e+00
-3.975 -1.525 0.0000e+00
-3.975 -1.475 0.0000e+00
-3.975 -1.425 0.0000e+00
-3.975 -1.375 0.0000e+00
-3.975 -1.325 0.0000e+00
-3.975 -1.275 0.0000e+00
-3.975 -1.225 0.0000e+00
-3.975 -1.175 0.0000e+00
-3.975 -1.125 0.0000e+00
-3.975 -1.075 0.0000e+00
-3.975 -1.025 0.0000e+00
-3.975 -0.975 0.0000e+00
-3.975 -0.925 0.0000e+00
-3.975 -0.875 0.0000e+00
-3.975 -0.825 0.0000e+00
-3.975 -0.775 0.0000e+00
-3.975 -0.725 0.0000e+00
-3.975 -0.675 0.0000e+00
-3.975 -0.625 0.0000e+00
-3.975 -0.575 0.0000e+00
-3.975 -0.525 0.0000e+00
-3.975 -0.475 0.0000e+00
-3.975 -0.425 0.0000e+00
-3.975 -0.375 0.0000e+00
-3.975 -0.325 0.0000e+00
-3.975 -0.275 0.0000e+00
-3.975 -0.225 0.0000e+00
-3.975 -0.175 0.0000e+00
-3.975 -0.125 0.0000e+00
-3.975 -0.075 0.0000e+00
-3.975 -0.025 0.0000e+00
-3.975 0.025 0.0000e+00
-3.975 0.075 0.0000e+00
-3.975 0.125 0.0000e+00
-3.975 0.175 0.0000e+00
-3.975 0.225 0.0000e+00
-3.975 0.275 0.0000e+00
-3.975 0.325 0.0000e+00
-3.975 0.375 0.0000e+00
-3.975 0.425 0.0000e+00
-3.975 0.475 0.0000e+00
-3.975 0.525 0.0000e+00
-3.975 0.575 0.0000e+00
-3.975 0.625 0.0000e+00
-3.975 0.675 0.0000e+00
-3.975 0.725 0.0000e+00
-3.975 0.775 0.0000e+00
-3.975 0.825 0.0000e+00
-3.975 0.875 0.0000e+00
-3.975 0.925 0.0000e+00
-3.975 0.975 0.0000e+00
-3.975 1.025 0.0000e+00
-3.975 1.075 0.0000e+00
-3.975 1.125 0.0000e+00
-3.975 1.175 0.0000e+00
-3.975 1.225 0.0000e+00
-3.975 1.275 0.0000e+00
-3.975 1.325 0.0000e+00
-3.975 1.375 0.0000e+00
-3.975 1.425 0.0000e+00
-3.975 1.475 0.0000e+00
-3.975 1.525 1.7503e-21
-3.975 1.575 3.5007e-21
-3.975 1.625 7.0036e-21
-3.975 1.675 1.4016e-20
-3.975 1.725 2.8060e-20
-3.975 1.775 5.6200e-20
-3.975 1.825 1.1261e-19
-3.975 1.875 2.2577e-19
-3.975 1.925 4.5290e-19
-3.975 1.975 9.0912e-19
-3.975 2.025 1.8263e-18
-3.975 2.075 3.6718e-18
-3.975 2.125 7.3894e-18
-3.975 2.175 1.4887e-17
-3.975 2.225 3.0027e-17
-3.975 2.275 6.0649e-17
-3.975 2.325 1.2269e-16
-3.975 2.375 2.4861e-16
-3.975 2.425 5.0479e-16
-3.975 2.475 1.0272e-15
-3.975 2.525 2.0956e-15
-3.975 2.575 4.2875e-15
-3.975 2.625 8.8007e-15
-3.975 2.675 1.8132e-14
-3.975 2.725 3.7515e-14
-3.975 2.775 7.7997e-14
-3.975 2.825 1.6307e-13
-3.975 2.875 3.4311e-13
-3.975 2.925 7.2729e-13
-3.975 2.975 1.5549e-12
-3.975 3.025 3.3576e-12
-3.975 3.075 7.3353e-12
-3.975 3.125 1.6247e-11
-3.975 3.175 3.6578e-11
-3.975 3.225 8.3977e-11
-3.975 3.275 1.9741e-10
-3.975 3.325 4.7777e-10
-3.975 3.375 1.1990e-09
-3.975 3.425 3.1516e-09
-3.975 3.475 8.8023e-09
-3.975 3.525 2.6696e-08
-3.975 3.575 9.1045e-08
-3.975 3.625 3.7087e-07
-3.975 3.675 2.0218e-06
-3.975 3.725 1.8687e-05
-3.975 3.775 5.1430e-04
-3.975 3.825 2.3828e-01
-3.975 3.875 0.0000e+00
-3.975 3.925 0.0000e+00
-3.975 3.975 0.0000e+00
-3.925 -1.975 0.0000e+00
-3.925 -1.925 0.0000e+00
-3.925 -1.875 0.0000e+00
-3.925 -1.825 0.0000e+00
-3.925 -1.775 0.0000e+00
-3.925 -1.725 0.0000e+00
-3.925 -1.675 0.0000e+00
-3.925 -1.625 0.0000e+00
-3.925 -1.575 0.0000e+00
-3.925 -1.525 0.0000e+00
-3.925 -1.475 0.0000e+00
-3.925 -1.425 0.0000e+00
-3.925 -1.375 0.0000e+00
-3.925 -1.325 0.0000e+00
-3.925 -1.275 0.0000e+00
-3.925 -1.225 0.0000e+00
-3.925 -1.175 0.0000e+00
-3.925 -1.125 0.0000e+00
-3.925 -1.075 0.0000e+00
-3.925 -1.025 0.0000e+00
-3.925 -0.975 0.0000e+00
-3.925 -0.925 0.0000e+00
-3.925 -0.875 0.0000e+00
-3.925 -0.825 0.0000e+00
-3.925 -0.775 0.0000e+00
-3.925 -0.725 0.0000e+00
-3.925 -0.675 0.0000e+00
-3.925 -0.625 0.0000e+00
-3.925 -0.575 0.0000e+00
-3.925 -0.525 0.0000e+00
-3.925 -0.475 0.0000e+00
-3.925 -0.425 0.0000e+00
-3.925 -0.375 0.0000e+00
-3.925 -0.325 0.0000e+00
-3.925 -0.275 0.0000e+00
-3.925 -0.225 0.0000e+00
-3.925 -0.175 0.0000e+00
-3.925 -0.125 0.0000e+00
-3.925 -0.075 0.0000e+00
-3.925 -0.025 0.0000e+00
-3.925 0.025 0.0000e+00
-3.925 0.075 0.0000e+00
-3.925 0.125 0.0000e+00
-3.925 0.175 0.0000e+00
-3.925 0.225 0.0000e+00
-3.925 0.275 0.0000e+00
-3.925 0.325 0.0000e+00
-3.925 0.375 0.0000e+00
-3.925 0.425 0.0000e+00
-3.925 0.475 0.0000e+00
-3.925 0.525 0.0000e+00
-3.925 0.575 0.0000e+00
-3.925 0.625 0.0000e+00
-3.925 0.675 0.0000e+00
-3.925 0.725 0.0000e+00
-3.925 0.775 0.0000e+00
-3.925 0.825 0.0000e+00
-3.925 0.875 0.0000e+00
-3.925 0.925 0.0000e+00
-3.925 0.975 0.0000e+00
-3.925 1.025 0.0000e+00
-3.925 1.075 0.0000e+00
-3.925 1.125 0.0000e+00
-3.925 1.175 0.0000e+00
-3.925 1.225 0.0000e+00
-3.925 1.275 0.0000e+00
-3.925 1.325 0.0000e+00
-3.925 1.375 0.0000e+00
-3.925 1.425 0.0000e+00
-3.925 1.475 0.0000e+00
-3.925 1.525 2.2036e-21
-3.925 1.575 4.4072e-21
-3.925 1.625 8.8170e-21
-3.925 1.675 1.7645e-20
-3.925 1.725 3.5326e-20
-3.925 1.775 7.0752e-20
-3.925 1.825 1.4177e-19
-3.925 1.875 2.8423e-19
-3.925 1.925 5.7017e-19
-3.925 1.975 1.1445e-18
-3.925 2.025 2.2992e-18
-3.925 2.075 4.6226e-18
-3.925 2.125 9.3028e-18
-3.925 2.175 1.8742e-17
-3.925 2.225 3.7803e-17
-3.925 2.275 7.6354e-17
-3.925 2.325 1.5446e-16
-3.925 2.375 3.1300e-16
-3.925 2.425 6.3553e-16
-3.925 2.475 1.2933e-15
-3.925 2.525 2.6384e-15
-3.925 2.575 5.3982e-15
-3.925 2.625 1.1081e-14
-3.925 2.675 2.2830e-14
-3.925 2.725 4.7239e-14
-3.925 2.775 9.8219e-14
-3.925 2.825 2.0536e-13
-3.925 2.875 4.3214e-13
-3.925 2.925 9.1612e-13
-3.925 2.975 1.9589e-12
-3.925 3.025 4.2308e-12
-3.925 3.075 9.2455e-12
-3.925 3.125 2.0485e-11
-3.925 3.175 4.6141e-11
-3.925 3.225 1.0599e-10
-3.925 3.275 2.4937e-10
-3.925 3.325 6.0418e-10
-3.925 3.375 1.5185e-09
-3.925 3.425 3.9995e-09
-3.925 3.475 1.1202e-08
-3.925 3.525 3.4109e-08
-3.925 3.575 1.1697e-07
-3.925 3.625 4.7998e-07
-3.925 3.675 2.6382e-06
-3.925 3.725 2.4457e-05
-3.925 3.775 6.5576e-04
-3.925 3.825 2.6224e-01
-3.925 3.875 0.0000e+00
-3.925 3.925 0.0000e+00
-3.925 3.975 0.0000e+00
-3.875 -1.975 0.0000e+00
-3.875 -1.925 0.0000e+00
-3.875 -1.875 0.0000e+00
-3.875 -1.825 0.0000e+00
-3.875 -1.775 0.0000e+00
-3.875 -1.725 0.0000e+00
-3.875 -1.675 0.0000e+00
-3.875 -1.625 0.0000e+00
-3.875 -1.575 0.0000e+00
-3.875 -1.525 0.0000e+00
-3.875 -1.475 0.0000e+00
-3.875 -1.425 0.0000e+00
-3.875 -1.375 0.0000e+00
-3.875 -1.325 0.0000e+00
-3.875 -1.275 0.0000e+00
-3.875 -1.225 0.0000e+00
-3.875 -1.175 0.0000e+00
-3.875 -1.125 0.0000e+00
-3.875 -1.075 0.0000e+00
-3.875 -1.025 0.0000e+00
-3.875 -0.975 0.0000e+00
-3.875 -0.925 0.0000e+00
-3.875 -0.875 0.0000e+00
-3.875 -0.825 0.0000e+00
-3.875 -0.775 0.0000e+00
-3.875 -0.725 0.0000e+00
-3.875 -0.675 0.0000e+00
-3.875 -0.625 0.0000e+00
-3.875 -0.575 0.0000e+00
-3.875 -0.525 0.0000e+00
-3.875 -0.475 0.0000e+00
-3.875 -0.425 0.0000e+00
-3.875 -0.375 0.0000e+00
-3.875 -0.325 0.0000e+00
-3.875 -0.275 0.0000e+00
-3.875 -0.225 0.0000e+00
-3.875 -0.175 0.0000e+00
-3.875 -0.125 0.0000e+00
-3.875 -0.075 0.0000e+00
-3.875 -0.025 0.0000e+00
-3.875 0.025 0.0000e+00
-3.875 0.075 0.0000e+00
-3.875 0.125 0.0000e+00
-3.875 0.175 0.0000e+00
-3.875 0.225 0.0000e+00
-3.875 0.275 0.0000e+00
-3.875 0.325 0.0000e+00
-3.875 0.375 0.0000e+00
-3.875 0.425 0.0000e+00
-3.875 0.475 0.0000e+00
-3.875 0.525 0.0000e+00
-3.875 0.575 0.0000e+00
-3.875 0.625 0.0000e+00
-3.875 0.675 0.0000e+00
-3.875 0.725 0.0000e+00
-3.875 0.775 0.0000e+00
-3.875 0.825 0.0000e+00
-3.875 0.875 0.0000e+00
-3.875 0.925 0.0000e+00
-3.875 0.975 0.0000e+00
-3.875 1.025 0.0000e+00
-3.875 1.075 0.0000e+00
-3.875 1.125 0.0000e+00
-3.875 1.175 0.0000e+00
-3.875 1.225 0.0000e+00
-3.875 1.275 0.0000e+00
-3.875 1.325 0.0000e+00
-3.875 1.375 0.0000e+00
-3.875 1.425 0.0000e+00
-3.875 1.475 0.0000e+00
-3.875 1.525 2.7741e-21
-3.875 1.575 5.5483e-21
-3.875 1.625 1.1100e-20
-3.875 1.675 2.2214e-20
-3.875 1.725 4.4473e-20
-3.875 1.775 8.9072e-20
-3.875 1.825 1.7848e-19
-3.875 1.875 3.5782e-19
-3.875 1.925 7.1780e-19
-3.875 1.975 1.4409e-18
-3.875 2.025 2.8945e-18
-3.875 2.075 5.8196e-18
-3.875 2.125 1.1712e-17
-3.875 2.175 2.3595e-17
-3.875 2.225 4.7592e-17
-3.875 2.275 9.6127e-17
-3.875 2.325 1.9446e-16
-3.875 2.375 3.9406e-16
-3.875 2.425 8.0013e-16
-3.875 2.475 1.6283e-15
-3.875 2.525 3.3219e-15
-3.875 2.575 6.7968e-15
-3.875 2.625 1.3952e-14
-3.875 2.675 2.8748e-14
-3.875 2.725 5.9486e-14
-3.875 2.775 1.2369e-13
-3.875 2.825 2.5864e-13
-3.875 2.875 5.4433e-13
-3.875 2.925 1.1541e-12
-3.875 2.975 2.4683e-12
-3.875 3.025 5.3325e-12
-3.875 3.075 1.1657e-11
-3.875 3.125 2.5839e-11
-3.875 3.175 5.8232e-11
-3.875 3.225 1.3387e-10
-3.875 3.275 3.1528e-10
-3.875 3.325 7.6487e-10
-3.875 3.375 1.9259e-09
-3.875 3.425 5.0850e-09
-3.875 3.475 1.4291e-08
-3.875 3.525 4.3717e-08
-3.875 3.575 1.5087e-07
-3.875 3.625 6.2410e-07
-3.875 3.675 3.4584e-06
-3.875 3.725 3.2074e-05
-3.875 3.775 8.3047e-04
-3.875 3.825 2.7825e-01
-3.875 3.875 0.0000e+00
-3.875 3.925 0.0000e+00
-3.875 3.975 0.0000e+00
-3.825 -1.975 0.0000e+00
-3.825 -1.925 0.0000e+00
-3.825 -1.875 0.0000e+00
-3.825 -1.825 0.0000e+00
-3.825 -1.775 0.0000e+00
-3.825 -1.725 0.0000e+00
-3.825 -1.675 0.0000e+00
-3.825 -1.625 0.0000e+00
-3.825 -1.575 0.0000e+00
-3.825 -1.525 0.0000e+00
-3.825 -1.475 0.0000e+00
-3.825 -1.425 0.0000e+00
-3.825 -1.375 0.0000e+00
-3.825 -1.325 0.0000e+00
-3.825 -1.275 0.0000e+00
-3.825 -1.225 0.0000e+00
-3.825 -1.175 0.0000e+00
-3.825 -1.125 0.0000e+00
-3.825 -1.075 0.0000e+00
-3.825 -1.025 0.0000e+00
-3.825 -0.975 0.0000e+00
-3.825 -0.925 0.0000e+00
-3.825 -0.875 0.0000e+00
-3.825 -0.825 0.0000e+00
-3.825 -0.775 0.0000e+00
-3.825 -0.725 0.0000e+00
-3.825 -0.675 0.0000e+00
-3.825 -0.625 0.0000e+00
-3.825 -0.575 0.0000e+00
-3.825 -0.525 0.0000e+00
-3.825 -0.475 0.0000e+00
-3.825 -0.425 0.0000e+00
-3.825 -0.375 0.0000e+00
-3.825 -0.325 0.0000e+00
-3.825 -0.275 0.0000e+00
-3.825 -0.225 0.0000e+00
-3.825 -0.175 0.0000e+00
-3.825 -0.125 0.0000e+00
-3.825 -0.075 0.0000e+00
-3.825 -0.025 0.0000e+00
-3.825 0.025 0.0000e+00
-3.825 0.075 0.0000e+00
-3.825 0.125 0.0000e+00
-3.825 0.175 0.0000e+00
-3.825 0.225 0.0000e+00
-3.825 0.275 0.0000e+00
-3.825 0.325 0.0000e+00
-3.825 0.375 0.0000e+00
-3.825 0.425 0.0000e+00
-3.825 0.475 0.0000e+00
-3.825 0.525 0.0000e+00
-3.825 0.575 0.0000e+00
-3.825 0.625 0.0000e+00
-3.825 0.675 0.0000e+00
-3.825 0.725 0.0000e+00
-3.825 0.775 0.0000e+00
-3.825 0.825 0.0000e+00
-3.825 0.875 0.0000e+00
-3.825 0.925 0.0000e+00
-3.825 0.975 0.0000e+00
-3.825 1.025 0.0000e+00
-3.825 1.075 0.0000e+00
-3.825 1.125 0.0000e+00
-3.825 1.175 0.0000e+00
-3.825 1.225 0.0000e+00
-3.825 1.275 0.0000e+00
-3.825 1.325 0.0000e+00
-3.825 1.375 0.0000e+00
-3.825 1.425 0.0000e+00
-3.825 1.475 0.0000e+00
-3.825 1.525 3.4924e-21
-3.825 1.575 6.9849e-21
-3.825 1.625 1.3974e-20
-3.825 1.675 2.7966e-20
-3.825 1.725 5.5988e-20
-3.825 1.775 1.1214e-19
-3.825 1.825 2.2470e-19
-3.825 1.875 4.5048e-19
-3.825 1.925 9.0367e-19
-3.825 1.975 1.8140e-18
-3.825 2.025 3.6440e-18
-3.825 2.075 7.3266e-18
-3.825 2.125 1.4745e-17
-3.825 2.175 2.9705e-17
-3.825 2.225 5.9917e-17
-3.825 2.275 1.2102e-16
-3.825 2.325 2.4482e-16
-3.825 2.375 4.9613e-16
-3.825 2.425 1.0074e-15
-3.825 2.475 2.0501e-15
-3.825 2.525 4.1826e-15
-3.825 2.575 8.5581e-15
-3.825 2.625 1.7569e-14
-3.825 2.675 3.6201e-14
-3.825 2.725 7.4913e-14
-3.825 2.775 1.5579e-13
-3.825 2.825 3.2579e-13
-3.825 2.875 6.8575e-13
-3.825 2.925 1.4543e-12
-3.825 2.975 3.1110e-12
-3.825 3.025 6.7229e-12
-3.825 3.075 1.4702e-11
-3.825 3.125 3.2608e-11
-3.825 3.175 7.3539e-11
-3.825 3.225 1.6922e-10
-3.825 3.275 3.9901e-10
-3.825 3.325 9.6961e-10
-3.825 3.375 2.4468e-09
-3.825 3.425 6.4797e-09
-3.825 3.475 1.8284e-08
-3.825 3.525 5.6238e-08
-3.825 3.575 1.9546e-07
-3.825 3.625 8.1543e-07
-3.825 3.675 4.5521e-06
-3.825 3.725 4.2074e-05
-3.825 3.775 1.0404e-03
-3.825 3.825 2.8236e-01
-3.825 3.875 0.0000e+00
-3.825 3.925 0.0000e+00
-3.825 3.975 0.0000e+00
-3.775 -1.975 0.0000e+00
-3.775 -1.925 0.0000e+00
-3.775 -1.875 0.0000e+00
-3.775 -1.825 0.0000e+00
-3.775 -1.775 0.0000e+00
-3.775 -1.725 0.0000e+00
-3.775 -1.675 0.0000e+00
-3.775 -1.625 0.0000e+00
-3.775 -1.575 0.0000e+00
-3.775 -1.525 0.0000e+00
-3.775 -1.475 0.0000e+00
-3.775 -1.425 0.0000e+00
-3.775 -1.375 0.0000e+00
-3.775 -1.325 0.0000e+00
-3.775 -1.275 0.0000e+00
-3.775 -1.225 0.0000e+00
-3.775 -1.175 0.0000e+00
-3.775 -1.125 0.0000e+00
-3.775 -1.075 0.0000e+00
-3.775 -1.025 0.0000e+00
-3.775 -0.975 0.0000e+00
-3.775 -0.925 0.0000e+00
-3.775 -0.875 0.0000e+00
-3.775 -0.825 0.0000e+00
-3.775 -0.775 0.0000e+00
-3.775 -0.725 0.0000e+00
-3.775 -0.675 0.0000e+00
-3.775 -0.625 0.0000e+00
-3.775 -0.575 0.0000e+00
-3.775 -0.525 0.0000e+00
-3.775 -0.475 0.0000e+00
-3.775 -0.425 0.0000e+00
-3.775 -0.375 0.0000e+00
-3.775 -0.325 0.0000e+00
-3.775 -0.275 0.0000e+00
-3.775 -0.225 0.0000e+00
-3.775 -0.175 0.0000e+00
-3.775 -0.125 0.0000e+00
-3.775 -0.075 0.0000e+00
-3.775 -0.025 0.0000e+00
-3.775 0.025 0.0000e+00
-3.775 0.075 0.0000e+00
-3.775 0.125 0.0000e+00
-3.775 0.175 0.0000e+00
-3.775 0.225 0.0000e+00
-3.775 0.275 0.0000e+00
-3.775 0.325 0.0000e+00
-3.775 0.375 0.0000e+00
-3.775 0.425 0.0000e+00
-3.775 0.475 0.0000e+00
-3.775 0.525 0.0000e+00
-3.775 0.575 0.0000e+00
-3.775 0.625 0.0000e+00
-3.775 0.675 0.0000e+00
-3.775 0.725 0.0000e+00
-3.775 0.775 0.0000e+00
-3.775 0.825 0.0000e+00
-3.775 0.875 0.0000e+00
-3.775 0.925 0.0000e+00
-3.775 0.975 0.0000e+00
-3.775 1.025 0.0000e+00
-3.775 1.075 0.0000e+00
-3.775 1.125 0.0000e+00
-3.775 1.175 0.0000e+00
-3.775 1.225 0.0000e+00
-3.775 1.275 0.0000e+00
-3.775 1.325 0.0000e+00
-3.775 1.375 0.0000e+00
-3.775 1.425 0.0000e+00
-3.775 1.475 0.0000e+00
-3.775 1.525 4.3967e-21
-3.775 1.575 8.7935e-21
-3.775 1.625 1.7592e-20
-3.775 1.675 3.5207e-20
-3.775 1.725 7.0485e-20
-3.775 1.775 1.4117e-19
-3.775 1.825 2.8288e-19
-3.775 1.875 5.6712e-19
-3.775 1.925 1.1377e-18
-3.775 1.975 2.2837e-18
-3.775 2.025 4.5876e-18
-3.775 2.075 9.2238e-18
-3.775 2.125 1.8563e-17
-3.775 2.175 3.7397e-17
-3.775 2.225 7.5434e-17
-3.775 2.275 1.5237e-16
-3.775 2.325 3.0823e-16
-3.775 2.375 6.2464e-16
-3.775 2.425 1.2684e-15
-3.775 2.475 2.5812e-15
-3.775 2.525 5.2665e-15
-3.775 2.575 1.0776e-14
-3.775 2.625 2.2123e-14
-3.775 2.675 4.5589e-14
-3.775 2.725 9.4350e-14
-3.775 2.775 1.9623e-13
-3.775 2.825 4.1042e-13
-3.775 2.875 8.6405e-13
-3.775 2.925 1.8328e-12
-3.775 2.975 3.9220e-12
-3.775 3.025 8.4790e-12
-3.775 3.075 1.8552e-11
-3.775 3.125 4.1174e-11
-3.775 3.175 9.2941e-11
-3.775 3.225 2.1411e-10
-3.775 3.275 5.0563e-10
-3.775 3.325 1.2312e-09
-3.775 3.375 3.1151e-09
-3.775 3.425 8.2791e-09
-3.775 3.475 2.3472e-08
-3.775 3.525 7.2641e-08
-3.775 3.575 2.5442e-07
-3.775 3.625 1.0705e-06
-3.775 3.675 6.0098e-06
-3.775 3.725 5.5054e-05
-3.775 3.775 1.2828e-03
-3.775 3.825 2.7172e-01
-3.775 3.875 0.0000e+00
-3.775 3.925 0.0000e+00
-3.775 3.975 0.0000e+00
-3.725 -1.975 0.0000e+00
-3.725 -1.925 0.0000e+00
-3.725 -1.875 0.0000e+00
-3.725 -1.825 0.0000e+00
-3.725 -1.775 0.0000e+00
-3.725 -1.725 0.0000e+00
-3.725 -1.675 0.0000e+00
-3.725 -1.625 0.0000e+00
-3.725 -1.575 0.0000e+00
-3.725 -1.525 0.0000e+00
-3.725 -1.475 0.0000e+00
-3.725 -1.425 0.0000e+00
-3.725 -1.375 0.0000e+00
-3.725 -1.325 0.0000e+00
-3.725 -1.275 0.0000e+00
-3.725 -1.225 0.0000e+00
-3.725 -1.175 0.0000e+00
-3.725 -1.125 0.0000e+00
-3.725 -1.075 0.0000e+00
-3.725 -1.025 0.0000e+00
-3.725 -0.975 0.0000e+00
-3.725 -0.925 0.0000e+00
-3.725 -0.875 0.0000e+00
-3.725 -0.825 0.0000e+00
-3.725 -0.775 0.0000e+00
-3.725 -0.725 0.0000e+00
-3.725 -0.675 0.0000e+00
-3.725 -0.625 0.0000e+00
-3.725 -0.575 0.0000e+00
-3.725 -0.525 0.0000e+00
-3.725 -0.475 0.0000e+00
-3.725 -0.425 0.0000e+00
-3.725 -0.375 0.0000e+00
-3.725 -0.325 0.0000e+00
-3.725 -0.275 0.0000e+00
-3.725 -0.225 0.0000e+00
-3.725 -0.175 0.0000e+00
-3.725 -0.125 0.0000e+00
-3.725 -0.075 0.0000e+00
-3.725 -0.025 0.0000e+00
-3.725 0.025 0.0000e+00
-3.725 0.075 0.0000e+00
-3.725 0.125 0.0000e+00
-3.725 0.175 0.0000e+00
-3.725 0.225 0.0000e+00
-3.725 0.275 0.0000e+00
-3.725 0.325 0.0000e+00
-3.725 0.375 0.0000e+00
-3.725 0.425 0.0000e+00
-3.725 0.475 0.0000e+00
-3.725 0.525 0.0000e+00
-3.725 0.575 0.0000e+00
-3.725 0.625 0.0000e+00
-3.725 0.675 0.0000e+00
-3.725 0.725 0.0000e+00
-3.725 0.775 0.0000e+00
-3.725 0.825 0.0000e+00
-3.725 0.875 0.0000e+00
-3.725 0.925 0.0000e+00
-3.725 0.975 0.0000e+00
-3.725 1.025 0.0000e+00
-3.725 1.075 0.0000e+00
-3.725 1.125 0.0000e+00
-3.725 1.175 0.0000e+00
-3.725 1.225 0.0000e+00
-3.725 1.275 0.0000e+00
-3.725 1.325 0.0000e+00
-3.725 1.375 0.0000e+00
-3.725 1.425 0.0000e+00
-3.725 1.475 0.0000e+00
-3.725 1.525 5.5351e-21
-3.725 1.575 1.1070e-20
-3.725 1.625 2.2148e-20
-3.725 1.675 4.4323e-20
-3.725 1.725 8.8736e-20
-3.725 1.775 1.7772e-19
-3.725 1.825 3.5612e-19
-3.725 1.875 7.1397e-19
-3.725 1.925 1.4322e-18
-3.725 1.975 2.8750e-18
-3.725 2.025 5.7756e-18
-3.725 2.075 1.1612e-17
-3.725 2.125 2.3370e-17
-3.725 2.175 4.7082e-17
-3.725 2.225 9.4970e-17
-3.725 2.275 1.9183e-16
-3.725 2.325 3.8807e-16
-3.725 2.375 7.8645e-16
-3.725 2.425 1.5970e-15
-3.725 2.475 3.2501e-15
-3.725 2.525 6.6314e-15
-3.725 2.575 1.3570e-14
-3.725 2.625 2.7861e-14
-3.725 2.675 5.7417e-14
-3.725 2.725 1.1884e-13
-3.725 2.775 2.4720e-13
-3.725 2.825 5.1714e-13
-3.725 2.875 1.0890e-12
-3.725 2.925 2.3106e-12
-3.725 2.975 4.9463e-12
-3.725 3.025 1.0699e-11
-3.725 3.075 2.3424e-11
-3.725 3.125 5.2031e-11
-3.725 3.175 1.1757e-10
-3.725 3.225 2.7124e-10
-3.725 3.275 6.4175e-10
-3.725 3.325 1.5664e-09
-3.725 3.375 3.9761e-09
-3.725 3.425 1.0612e-08
-3.725 3.475 3.0248e-08
-3.725 3.525 9.4251e-08
-3.725 3.575 3.3277e-07
-3.725 3.625 1.4111e-06
-3.725 3.675 7.9442e-06
-3.725 3.725 7.1605e-05
-3.725 3.775 1.5473e-03
-3.725 3.825 2.4593e-01
-3.725 3.875 0.0000e+00
-3.725 3.925 0.0000e+00
-3.725 3.975 0.0000e+00
-3.675 -1.975 0.0000e+00
-3.675 -1.925 0.0000e+00
-3.675 -1.875 0.0000e+00
-3.675 -1.825 0.0000e+00
-3.675 -1.775 0.0000e+00
-3.675 -1.725 0.0000e+00
-3.675 -1.675 0.0000e+00
-3.675 -1.625 0.0000e+00
-3.675 -1.575 0.0000e+00
-3.675 -1.525 0.0000e+00
-3.675 -1.475 0.0000e+00
-3.675 -1.425 0.0000e+00
-3.675 -1.375 0.0000e+00
-3.675 -1.325 0.0000e+00
-3.675 -1.275 0.0000e+00
-3.675 -1.225 0.0000e+00
-3.675 -1.175 0.0000e+00
-3.675 -1.125 0.0000e+00
-3.675 -1.075 0.0000e+00
-3.675 -1.025 0.0000e+00
-3.675 -0.975 0.0000e+00
-3.675 -0.925 0.0000e+00
-3.675 -0.875 0.0000e+00
-3.675 -0.825 0.0000e+00
-3.675 -0.775 0.0000e+00
-3.675 -0.725 0.0000e+00
-3.675 -0.675 0.0000e+00
-3.675 -0.625 0.0000e+00
-3.675 -0.575 0.0000e+00
-3.675 -0.525 0.0000e+00
-3.675 -0.475 0.0000e+00
-3.675 -0.425 0.0000e+00
-3.675 -0.375 0.0000e+00
-3.675 -0.325 0.0000e+00
-3.675 -0.275 0.0000e+00
-3.675 -0.225 0.0000e+00
-3.675 -0.175 0.0000e+00
-3.675 -0.125 0.0000e+00
-3.675 -0.075 0.0000e+00
-3.675 -0.025 0.0000e+00
-3.675 0.025 0.0000e+00
-3.675 0.075 0.0000e+00
-3.675 0.125 0.0000e+00
-3.675 0.175 0.0000e+00
-3.675 0.225 0.0000e+00
-3.675 0.275 0.0000e+00
-3.675 0.325 0.0000e+00
-3.675 0.375 0.0000e+00
-3.675 0.425 0.0000e+00
-3.675 0.475 0.0000e+00
-3.675 0.525 0.0000e+00
-3.675 0.575 0.0000e+00
-3.675 0.625 0.0000e+00
-3.675 0.675 0.0000e+00
-3.675 0.725 0.0000e+00
-3.675 0.775 0.0000e+00
-3.675 0.825 0.0000e+00
-3.675 0.875 0.0000e+00
-3.675 0.925 0.0000e+00
-3.675 0.975 0.0000e+00
-3.675 1.025 0.0000e+00
-3.675 1.075 0.0000e+00
-3.675 1.125 0.0000e+00
-3.675 1.175 0.0000e+00
-3.675 1.225 0.0000e+00
-3.675 1.275 0.0000e+00
-3.675 1.325 0.0000e+00
-3.675 1.375 0.0000e+00
-3.675 1.425 0.0000e+00
-3.675 1.475 0.0000e+00
-3.675 1.525 6.9683e-21
-3.675 1.575 1.3937e-20
-3.675 1.625 2.7882e-20
-3.675 1.675 5.5800e-20
-3.675 1.725 1.1171e-19
-3.675 1.775 2.2374e-19
-3.675 1.825 4.4834e-19
-3.675 1.875 8.9885e-19
-3.675 1.925 1.8031e-18
-3.675 1.975 3.6195e-18
-3.675 2.025 7.2713e-18
-3.675 2.075 1.4620e-17
-3.675 2.125 2.9422e-17
-3.675 2.175 5.9276e-17
-3.675 2.225 1.1957e-16
-3.675 2.275 2.4152e-16
-3.675 2.325 4.8860e-16
-3.675 2.375 9.9021e-16
-3.675 2.425 2.0108e-15
-3.675 2.475 4.0925e-15
-3.675 2.525 8.3506e-15
-3.675 2.575 1.7089e-14
-3.675 2.625 3.5089e-14
-3.675 2.675 7.2322e-14
-3.675 2.725 1.4971e-13
-3.675 2.775 3.1147e-13
-3.675 2.825 6.5174e-13
-3.675 2.875 1.3728e-12
-3.675 2.925 2.9140e-12
-3.675 2.975 6.2410e-12
-3.675 3.025 1.3507e-11
-3.675 3.075 2.9598e-11
-3.675 3.125 6.5811e-11
-3.675 3.175 1.4891e-10
-3.675 3.225 3.4414e-10
-3.675 3.275 8.1606e-10
-3.675 3.325 1.9977e-09
-3.675 3.375 5.0900e-09
-3.675 3.425 1.3650e-08
-3.675 3.475 3.9146e-08
-3.675 3.525 1.2287e-07
-3.675 3.575 4.3724e-07
-3.675 3.625 1.8657e-06
-3.675 3.675 1.0488e-05
-3.675 3.725 9.2157e-05
-3.675 3.775 1.8136e-03
-3.675 3.825 2.0787e-01
-3.675 3.875 0.0000e+00
-3.675 3.925 0.0000e+00
-3.675 3.975 0.0000e+00
-3.625 -1.975 0.0000e+00
-3.625 -1.925 0.0000e+00
-3.625 -1.875 0.0000e+00
-3.625 -1.825 0.0000e+00
-3.625 -1.775 0.0000e+00
-3.625 -1.725 0.0000e+00
-3.625 -1.675 0.0000e+00
-3.625 -1.625 0.0000e+00
-3.625 -1.575 0.0000e+00
-3.625 -1.525 0.0000e+00
-3.625 -1.475 0.0000e+00
-3.625 -1.425 0.0000e+00
-3.625 -1.375 0.0000e+00
-3.625 -1.325 0.0000e+00
-3.625 -1.275 0.0000e+00
-3.625 -1.225 0.0000e+00
-3.625 -1.175 0.0000e+00
-3.625 -1.125 0.0000e+00
-3.625 -1.075 0.0000e+00
-3.625 -1.025 0.0000e+00
-3.625 -0.975 0.0000e+00
-3.625 -0.925 0.0000e+00
-3.625 -0.875 0.0000e+00
-3.625 -0.825 0.0000e+00
-3.625 -0.775 0.0000e+00
-3.625 -0.725 0.0000e+00
-3.625 -0.675 0.0000e+00
-3.625 -0.625 0.0000e+00
-3.625 -0.575 0.0000e+00
-3.625 -0.525 0.0000e+00
-3.625 -0.475 0.0000e+00
-3.625 -0.425 0.0000e+00
-3.625 -0.375 0.0000e+00
-3.625 -0.325 0.0000e+00
-3.625 -0.275 0.0000e+00
-3.625 -0.225 0.0000e+00
-3.625 -0.175 0.0000e+00
-3.625 -0.125 0.0000e+00
-3.625 -0.075 0.0000e+00
-3.625 -0.025 0.0000e+00
-3.625 0.025 0.0000e+00
-3.625 0.075 0.0000e+00
-3.625 0.125 0.0000e+00
-3.625 0.175 0.0000e+00
-3.625 0.225 0.0000e+00
-3.625 0.275 0.0000e+00
-3.625 0.325 0.0000e+00
-3.625 0.375 0.0000e+00
-3.625 0.425 0.0000e+00
-3.625 0.475 0.0000e+00
-3.625 0.525 0.0000e+00
-3.625 0.575 0.0000e+00
-3.625 0.625 0.0000e+00
-3.625 0.675 0.0000e+00
-3.625 0.725 0.0000e+00
-3.625 0.775 0.0000e+00
-3.625 0.825 0.0000e+00
-3.625 0.875 0.0000e+00
-3.625 0.925 0.0000e+00
-3.625 0.975 0.0000e+00
-3.625 1.025 0.0000e+00
-3.625 1.075 0.0000e+00
-3.625 1.125 0.0000e+00
-3.625 1.175 0.0000e+00
-3.625 1.225 0.0000e+00
-3.625 1.275 0.0000e+00
-3.625 1.325 0.0000e+00
-3.625 1.375 0.0000e+00
-3.625 1.425 0.0000e+00
-3.625 1.475 0.0000e+00
-3.625 1.525 8.7726e-21
-3.625 1.575 1.7546e-20
-3.625 1.625 3.5102e-20
-3.625 1.675 7.0249e-20
-3.625 1.725 1.4064e-19
-3.625 1.775 2.8168e-19
-3.625 1.825 5.6443e-19
-3.625 1.875 1.1316e-18
-3.625 1.925 2.2700e-18
-3.625 1.975 4.5568e-18
-3.625 2.025 9.1543e-18
-3.625 2.075 1.8406e-17
-3.625 2.125 3.7042e-17
-3.625 2.175 7.4629e-17
-3.625 2.225 1.5054e-16
-3.625 2.275 3.0408e-16
-3.625 2.325 6.1519e-16
-3.625 2.375 1.2468e-15
-3.625 2.425 2.5319e-15
-3.625 2.475 5.1534e-15
-3.625 2.525 1.0516e-14
-3.625 2.575 2.1523e-14
-3.625 2.625 4.4197e-14
-3.625 2.675 9.1108e-14
-3.625 2.725 1.8864e-13
-3.625 2.775 3.9254e-13
-3.625 2.825 8.2160e-13
-3.625 2.875 1.7312e-12
-3.625 2.925 3.6765e-12
-3.625 2.975 7.8789e-12
-3.625 3.025 1.7066e-11
-3.625 3.075 3.7432e-11
-3.625 3.125 8.3336e-11
-3.625 3.175 1.8888e-10
-3.625 3.225 4.3743e-10
-3.625 3.275 1.0401e-09
-3.625 3.325 2.5550e-09
-3.625 3.375 6.5385e-09
-3.625 3.425 1.7631e-08
-3.625 3.475 5.0895e-08
-3.625 3.525 1.6093e-07
-3.625 3.575 5.7675e-07
-3.625 3.625 2.4699e-06
-3.625 3.675 1.3781e-05
-3.625 3.725 1.1674e-04
-3.625 3.775 2.0506e-03
-3.625 3.825 1.6330e-01
-3.625 3.875 0.0000e+00
-3.625 3.925 0.0000e+00
-3.625 3.975 0.0000e+00
-3.575 -1.975 0.0000e+00
-3.575 -1.925 0.0000e+00
-3.575 -1.875 0.0000e+00
-3.575 -1.825 0.0000e+00
-3.575 -1.775 0.0000e+00
-3.575 -1.725 0.0000e+00
-3.575 -1.675 0.0000e+00
-3.575 -1.625 0.0000e+00
-3.575 -1.575 0.0000e+00
-3.575 -1.525 0.0000e+00
-3.575 -1.475 0.0000e+00
-3.575 -1.425 0.0000e+00
-3.575 -1.375 0.0000e+00
-3.575 -1.325 0.0000e+00
-3.575 -1.275 0.0000e+00
-3.575 -1.225 0.0000e+00
-3.575 -1.175 0.0000e+00
-3.575 -1.125 0.0000e+00
-3.575 -1.075 0.0000e+00
-3.575 -1.025 0.0000e+00
-3.575 -0.975 0.0000e+00
-3.575 -0.925 0.0000e+00
-3.575 -0.875 0.0000e+00
-3.575 -0.825 0.0000e+00
-3.575 -0.775 0.0000e+00
-3.575 -0.725 0.0000e+00
-3.575 -0.675 0.0000e+00
-3.575 -0.625 0.0000e+00
-3.575 -0.575 0.0000e+00
-3.575 -0.525 0.0000e+00
-3.575 -0.475 0.0000e+00
-3.575 -0.425 0.0000e+00
-3.575 -0.375 0.0000e+00
-3.575 -0.325 0.0000e+00
-3.575 -0.275 0.0000e+00
-3.575 -0.225 0.0000e+00
-3.575 -0.175 0.0000e+00
-3.575 -0.125 0.0000e+00
-3.575 -0.075 0.0000e+00
-3.575 -0.025 0.0000e+00
-3.575 0.025 0.0000e+00
-3.575 0.075 0.0000e+00
-3.575 0.125 0.0000e+00
-3.575 0.175 0.0000e+00
-3.575 0.225 0.0000e+00
-3.575 0.275 0.0000e+00
-3.575 0.325 0.0000e+00
-3.575 0.375 0.0000e+00
-3.575 0.425 0.0000e+00
-3.575 0.475 0.0000e+00
-3.575 0.525 0.0000e+00
-3.575 0.575 0.0000e+00
-3.575 0.625 0.0000e+00
-3.575 0.675 0.0000e+00
-3.575 0.725 0.0000e+00
-3.575 0.775 0.0000e+00
-3.575 0.825 0.0000e+00
-3.575 0.875 0.0000e+00
-3.575 0.925 0.0000e+00
-3.575 0.975 0.0000e+00
-3.575 1.025 0.0000e+00
-3.575 1.075 0.0000e+00
-3.575 1.125 0.0000e+00
-3.575 1.175 0.0000e+00
-3.575 1.225 0.0000e+00
-3.575 1.275 0.0000e+00
-3.575 1.325 0.0000e+00
-3.575 1.375 0.0000e+00
-3.575 1.425 0.0000e+00
-3.575 1.475 0.0000e+00
-3.575 1.525 1.1044e-20
-3.575 1.575 2.2089e-20
-3.575 1.625 4.4191e-20
-3.575 1.675 8.8438e-20
-3.575 1.725 1.7706e-19
-3.575 1.775 3.5462e-19
-3.575 1.825 7.1059e-19
-3.575 1.875 1.4246e-18
-3.575 1.925 2.8579e-18
-3.575 1.975 5.7369e-18
-3.575 2.025 1.1525e-17
-3.575 2.075 2.3172e-17
-3.575 2.125 4.6636e-17
-3.575 2.175 9.3960e-17
-3.575 2.225 1.8954e-16
-3.575 2.275 3.8287e-16
-3.575 2.325 7.7461e-16
-3.575 2.375 1.5699e-15
-3.575 2.425 3.1883e-15
-3.575 2.475 6.4899e-15
-3.575 2.525 1.3245e-14
-3.575 2.575 2.7110e-14
-3.575 2.625 5.5678e-14
-3.575 2.675 1.1479e-13
-3.575 2.725 2.3773e-13
-3.575 2.775 4.9483e-13
-3.575 2.825 1.0361e-12
-3.575 2.875 2.1842e-12
-3.575 2.925 4.6412e-12
-3.575 2.975 9.9536e-12
-3.575 3.025 2.1580e-11
-3.575 3.075 4.7392e-11
-3.575 3.125 1.0568e-10
-3.575 3.175 2.3999e-10
-3.575 3.225 5.5722e-10
-3.575 3.275 1.3292e-09
-3.575 3.325 3.2784e-09
-3.575 3.375 8.4320e-09
-3.575 3.425 2.2873e-08
-3.575 3.475 6.6481e-08
-3.575 3.525 2.1169e-07
-3.575 3.575 7.6275e-07
-3.575 3.625 3.2654e-06
-3.575 3.675 1.7946e-05
-3.575 3.725 1.4464e-04
-3.575 3.775 2.2197e-03
-3.575 3.825 1.1903e-01
-3.575 3.875 0.0000e+00
-3.575 3.925 0.0000e+00
-3.575 3.975 0.0000e+00
-3.525 -1.975 0.0000e+00
-3.525 -1.925 0.0000e+00
-3.525 -1.875 0.0000e+00
-3.525 -1.825 0.0000e+00
-3.525 -1.775 0.0000e+00
-3.525 -1.725 0.0000e+00
-3.525 -1.675 0.0000e+00
-3.525 -1.625 0.0000e+00
-3.525 -1.575 0.0000e+00
-3.525 -1.525 0.0000e+00
-3.525 -1.475 0.0000e+00
-3.525 -1.425 0.0000e+00
-3.525 -1.375 0.0000e+00
-3.525 -1.325 0.0000e+00
-3.525 -1.275 0.0000e+00
-3.525 -1.225 0.0000e+00
-3.525 -1.175 0.0000e+00
-3.525 -1.125 0.0000e+00
-3.525 -1.075 0.0000e+00
-3.525 -1.025 0.0000e+00
-3.525 -0.975 0.0000e+00
-3.525 -0.925 0.0000e+00
-3.525 -0.875 0.0000e+00
-3.525 -0.825 0.0000e+00
-3.525 -0.775 0.0000e+00
-3.525 -0.725 0.0000e+00
-3.525 -0.675 0.0000e+00
-3.525 -0.625 0.0000e+00
-3.525 -0.575 0.0000e+00
-3.525 -0.525 0.0000e+00
-3.525 -0.475 0.0000e+00
-3.525 -0.425 0.0000e+00
-3.525 -0.375 0.0000e+00
-3.525 -0.325 0.0000e+00
-3.525 -0.275 0.0000e+00
-3.525 -0.225 0.0000e+00
-3.525 -0.175 0.0000e+00
-3.525 -0.125 0.0000e+00
-3.525 -0.075 0.0000e+00
-3.525 -0.025 0.0000e+00
-3.525 0.025 0.0000e+00
-3.525 0.075 0.0000e+00
-3.525 0.125 0.0000e+00
-3.525 0.175 0.0000e+00
-3.525 0.225 0.0000e+00
-3.525 0.275 0.0000e+00
-3.525 0.325 0.0000e+00
-3.525 0.375 0.0000e+00
-3.525 0.425 0.0000e+00
-3.525 0.475 0.0000e+00
-3.525 0.525 0.0000e+00
-3.525 0.575 0.0000e+00
-3.525 0.625 0.0000e+00
-3.525 0.675 0.0000e+00
-3.525 0.725 0.0000e+00
-3.525 0.775 0.0000e+00
-3.525 0.825 0.0000e+00
-3.525 0.875 0.0000e+00
-3.525 0.925 0.0000e+00
-3.525 0.975 0.0000e+00
-3.525 1.025 0.0000e+00
-3.525 1.075 0.0000e+00
-3.525 1.125 0.0000e+00
-3.525 1.175 0.0000e+00
-3.525 1.225 0.0000e+00
-3.525 1.275 0.0000e+00
-3.525 1.325 0.0000e+00
-3.525 1.375 0.0000e+00
-3.525 1.425 0.0000e+00
-3.525 1.475 0.0000e+00
-3.525 1.525 1.3904e-20
-3.525 1.575 2.7808e-20
-3.525 1.625 5.5633e-20
-3.525 1.675 1.1134e-19
-3.525 1.725 2.2290e-19
-3.525 1.775 4.4645e-19
-3.525 1.825 8.9459e-19
-3.525 1.875 1.7935e-18
-3.525 1.925 3.5980e-18
-3.525 1.975 7.2226e-18
-3.525 2.025 1.4510e-17
-3.525 2.075 2.9174e-17
-3.525 2.125 5.8716e-17
-3.525 2.175 1.1830e-16
-3.525 2.225 2.3864e-16
-3.525 2.275 4.8208e-16
-3.525 2.325 9.7537e-16
-3.525 2.375 1.9769e-15
-3.525 2.425 4.0152e-15
-3.525 2.475 8.1736e-15
-3.525 2.525 1.6682e-14
-3.525 2.575 3.4151e-14
-3.525 2.625 7.0151e-14
-3.525 2.675 1.4467e-13
-3.525 2.725 2.9968e-13
-3.525 2.775 6.2400e-13
-3.525 2.825 1.3071e-12
-3.525 2.875 2.7572e-12
-3.525 2.925 5.8629e-12
-3.525 2.975 1.2586e-11
-3.525 3.025 2.7319e-11
-3.525 3.075 6.0085e-11
-3.525 3.125 1.3424e-10
-3.525 3.175 3.0559e-10
-3.525 3.225 7.1167e-10
-3.525 3.275 1.7041e-09
-3.525 3.325 4.2225e-09
-3.525 3.375 1.0920e-08
-3.525 3.425 2.9811e-08
-3.525 3.475 8.7228e-08
-3.525 3.525 2.7940e-07
-3.525 3.575 1.0093e-06
-3.525 3.625 4.2961e-06
-3.525 3.675 2.3041e-05
-3.525 3.725 1.7410e-04
-3.525 3.775 2.2842e-03
-3.525 3.825 8.0662e-02
-3.525 3.875 0.0000e+00
-3.525 3.925 0.0000e+00
-3.525 3.975 0.0000e+00
-3.475 -1.975 0.0000e+00
-3.475 -1.925 0.0000e+00
-3.475 -1.875 0.0000e+00
-3.475 -1.825 0.0000e+00
-3.475 -1.775 0.0000e+00
-3.475 -1.725 0.0000e+00
-3.475 -1.675 0.0000e+00
-3.475 -1.625 0.0000e+00
-3.475 -1.575 0.0000e+00
-3.475 -1.525 0.0000e+00
-3.475 -1.475 0.0000e+00
-3.475 -1.425 0.0000e+00
-3.475 -1.375 0.0000e+00
-3.475 -1.325 0.0000e+00
-3.475 -1.275 0.0000e+00
-3.475 -1.225 0.0000e+00
-3.475 -1.175 0.0000e+00
-3.475 -1.125 0.0000e+00
-3.475 -1.075 0.0000e+00
-3.475 -1.025 0.0000e+00
-3.475 -0.975 0.0000e+00
-3.475 -0.925 0.0000e+00
-3.475 -0.875 0.0000e+00
-3.475 -0.825 0.0000e+00
-3.475 -0.775 0.0000e+00
-3.475 -0.725 0.0000e+00
-3.475 -0.675 0.0000e+00
-3.475 -0.625 0.0000e+00
-3.475 -0.575 0.0000e+00
-3.475 -0.525 0.0000e+00
-3.475 -0.475 0.0000e+00
-3.475 -0.425 0.0000e+00
-3.475 -0.375 0.0000e+00
-3.475 -0.325 0.0000e+00
-3.475 -0.275 0.0000e+00
-3.475 -0.225 0.0000e+00
-3.475 -0.175 0.0000e+00
-3.475 -0.125 0.0000e+00
-3.475 -0.075 0.0000e+00
-3.475 -0.025 0.0000e+00
-3.475 0.025 0.0000e+00
-3.475 0.075 0.0000e+00
-3.475 0.125 0.0000e+00
-3.475 0.175 0.0000e+00
-3.475 0.225 0.0000e+00
-3.475 0.275 0.0000e+00
-3.475 0.325 0.0000e+00
-3.475 0.375 0.0000e+00
-3.475 0.425 0.0000e+00
-3.475 0.475 0.0000e+00
-3.475 0.525 0.0000e+00
-3.475 0.575 0.0000e+00
-3.475 0.625 0.0000e+00
-3.475 0.675 0.0000e+00
-3.475 0.725 0.0000e+00
-3.475 0.775 0.0000e+00
-3.475 0.825 0.0000e+00
-3.475 0.875 0.0000e+00
-3.475 0.925 0.0000e+00
-3.475 0.975 0.0000e+00
-3.475 1.025 0.0000e+00
-3.475 1.075 0.0000e+00
-3.475 1.125 0.0000e+00
-3.475 1.175 0.0000e+00
-3.475 1.225 0.0000e+00
-3.475 1.275 0.0000e+00
-3.475 1.325 0.0000e+00
-3.475 1.375 0.0000e+00
-3.475 1.425 0.0000e+00
-3.475 1.475 0.0000e+00
-3.475 1.525 1.7504e-20
-3.475 1.575 3.5009e-20
-3.475 1.625 7.0039e-20
-3.475 1.675 1.4017e-19
-3.475 1.725 2.8062e-19
-3.475 1.775 5.6205e-19
-3.475 1.825 1.1263e-18
-3.475 1.875 2.2580e-18
-3.475 1.925 4.5298e-18
-3.475 1.975 9.0932e-18
-3.475 2.025 1.8268e-17
-3.475 2.075 3.6731e-17
-3.475 2.125 7.3926e-17
-3.475 2.175 1.4895e-16
-3.475 2.225 3.0048e-16
-3.475 2.275 6.0702e-16
-3.475 2.325 1.2282e-15
-3.475 2.375 2.4896e-15
-3.475 2.425 5.0568e-15
-3.475 2.475 1.0295e-14
-3.475 2.525 2.1015e-14
-3.475 2.575 4.3029e-14
-3.475 2.625 8.8407e-14
-3.475 2.675 1.8236e-13
-3.475 2.725 3.7789e-13
-3.475 2.775 7.8722e-13
-3.475 2.825 1.6500e-12
-3.475 2.875 3.4828e-12
-3.475 2.925 7.4126e-12
-3.475 2.975 1.5931e-11
-3.475 3.025 3.4630e-11
-3.475 3.075 7.6304e-11
-3.475 3.125 1.7087e-10
-3.475 3.175 3.9010e-10
-3.475 3.225 9.1173e-10
-3.475 3.275 2.1926e-09
-3.475 3.325 5.4611e-09
-3.475 3.375 1.4207e-08
-3.475 3.425 3.9031e-08
-3.475 3.475 1.1489e-07
-3.475 3.525 3.6942e-07
-3.475 3.575 1.3327e-06
-3.475 3.625 5.6007e-06
-3.475 3.675 2.8994e-05
-3.475 3.725 2.0213e-04
-3.475 3.775 2.2205e-03
-3.475 3.825 5.1090e-02
-3.475 3.875 0.0000e+00
-3.475 3.925 0.0000e+00
-3.475 3.975 0.0000e+00
-3.425 -1.975 0.0000e+00
-3.425 -1.925 0.0000e+00
-3.425 -1.875 0.0000e+00
-3.425 -1.825 0.0000e+00
-3.425 -1.775 0.0000e+00
-3.425 -1.725 0.0000e+00
-3.425 -1.675 0.0000e+00
-3.425 -1.625 0.0000e+00
-3.425 -1.575 0.0000e+00
-3.425 -1.525 0.0000e+00
-3.425 -1.475 0.0000e+00
-3.425 -1.425 0.0000e+00
-3.425 -1.375 0.0000e+00
-3.425 -1.325 0.0000e+00
-3.425 -1.275 0.0000e+00
-3.425 -1.225 0.0000e+00
-3.425 -1.175 0.0000e+00
-3.425 -1.125 0.0000e+00
-3.425 -1.075 0.0000e+00
-3.425 -1.025 0.0000e+00
-3.425 -0.975 0.0000e+00
-3.425 -0.925 0.0000e+00
-3.425 -0.875 0.0000e+00
-3.425 -0.825 0.0000e+00
-3.425 -0.775 0.0000e+00
-3.425 -0.725 0.0000e+00
-3.425 -0.675 0.0000e+00
-3.425 -0.625 0.0000e+00
-3.425 -0.575 0.0000e+00
-3.425 -0.525 0.0000e+00
-3.425 -0.475 0.0000e+00
-3.425 -0.425 0.0000e+00
-3.425 -0.375 0.0000e+00
-3.425 -0.325 0.0000e+00
-3.425 -0.275 0.0000e+00
-3.425 -0.225 0.0000e+00
-3.425 -0.175 0.0000e+00
-3.425 -0.125 0.0000e+00
-3.425 -0.075 0.0000e+00
-3.425 -0.025 0.0000e+00
-3.425 0.025 0.0000e+00
-3.425 0.075 0.0000e+00
-3.425 0.125 0.0000e+00
-3.425 0.175 0.0000e+00
-3.425 0.225 0.0000e+00
-3.425 0.275 0.0000e+00
-3.425 0.325 0.0000e+00
-3.425 0.375 0.0000e+00
-3.425 0.425 0.0000e+00
-3.425 0.475 0.0000e+00
-3.425 0.525 0.0000e+00
-3.425 0.575 0.0000e+00
-3.425 0.625 0.0000e+00
-3.425 0.675 0.0000e+00
-3.425 0.725 0.0000e+00
-3.425 0.775 0.0000e+00
-3.425 0.825 0.0000e+00
-3.425 0.875 0.0000e+00
-3.425 0.925 0.0000e+00
-3.425 0.975 0.0000e+00
-3.425 1.025 0.0000e+00
-3.425 1.075 0.0000e+00
-3.425 1.125 0.0000e+00
-3.425 1.175 0.0000e+00
-3.425 1.225 0.0000e+00
-3.425 1.275 0.0000e+00
-3.425 1.325 0.0000e+00
-3.425 1.375 0.0000e+00
-3.425 1.425 0.0000e+00
-3.425 1.475 0.0000e+00
-3.425 1.525 2.2036e-20
-3.425 1.575 4.4074e-20
-3.425 1.625 8.8175e-20
-3.425 1.675 1.7646e-19
-3.425 1.725 3.5329e-19
-3.425 1.775 7.0760e-19
-3.425 1.825 1.4179e-18
-3.425 1.875 2.8428e-18
-3.425 1.925 5.7029e-18
-3.425 1.975 1.1448e-17
-3.425 2.025 2.3000e-17
-3.425 2.075 4.6246e-17
-3.425 2.125 9.3079e-17
-3.425 2.175 1.8755e-16
-3.425 2.225 3.7836e-16
-3.425 2.275 7.6438e-16
-3.425 2.325 1.5467e-15
-3.425 2.375 3.1355e-15
-3.425 2.425 6.3694e-15
-3.425 2.475 1.2969e-14
-3.425 2.525 2.6478e-14
-3.425 2.575 5.4226e-14
-3.425 2.625 1.1144e-13
-3.425 2.675 2.2996e-13
-3.425 2.725 4.7673e-13
-3.425 2.775 9.9366e-13
-3.425 2.825 2.0841e-12
-3.425 2.875 4.4031e-12
-3.425 2.925 9.3818e-12
-3.425 2.975 2.0191e-11
-3.425 3.025 4.3969e-11
-3.425 3.075 9.7098e-11
-3.425 3.125 2.1803e-10
-3.425 3.175 4.9946e-10
-3.425 3.225 1.1721e-09
-3.425 3.275 2.8326e-09
-3.425 3.325 7.0946e-09
-3.425 3.375 1.8568e-08
-3.425 3.425 5.1309e-08
-3.425 3.475 1.5170e-07
-3.425 3.525 4.8820e-07
-3.425 3.575 1.7493e-06
-3.425 3.625 7.1971e-06
-3.425 3.675 3.5524e-05
-3.425 3.725 2.2475e-04
-3.425 3.775 2.0293e-03
-3.425 3.825 3.0487e-02
-3.425 3.875 0.0000e+00
-3.425 3.925 0.0000e+00
-3.425 3.975 0.0000e+00
-3.375 -1.975 0.0000e+00
-3.375 -1.925 0.0000e+00
-3.375 -1.875 0.0000e+00
-3.375 -1.825 0.0000e+00
-3.375 -1.775 0.0000e+00
-3.375 -1.725 0.0000e+00
-3.375 -1.675 0.0000e+00
-3.375 -1.625 0.0000e+00
-3.375 -1.575 0.0000e+00
-3.375 -1.525 0.0000e+00
-3.375 -1.475 0.0000e+00
-3.375 -1.425 0.0000e+00
-3.375 -1.375 0.0000e+00
-3.375 -1.325 0.0000e+00
-3.375 -1.275 0.0000e+00
-3.375 -1.225 0.0000e+00
-3.375 -1.175 0.0000e+00
-3.375 -1.125 0.0000e+00
-3.375 -1.075 0.0000e+00
-3.375 -1.025 0.0000e+00
-3.375 -0.975 0.0000e+00
-3.375 -0.925 0.0000e+00
-3.375 -0.875 0.0000e+00
-3.375 -0.825 0.0000e+00
-3.375 -0.775 0.0000e+00
-3.375 -0.725 0.0000e+00
-3.375 -0.675 0.0000e+00
-3.375 -0.625 0.0000e+00
-3.375 -0.575 0.0000e+00
-3.375 -0.525 0.0000e+00
-3.375 -0.475 0.0000e+00
-3.375 -0.425 0.0000e+00
-3.375 -0.375 0.0000e+00
-3.375 -0.325 0.0000e+00
-3.375 -0.275 0.0000e+00
-3.375 -0.225 0.0000e+00
-3.375 -0.175 0.0000e+00
-3.375 -0.125 0.0000e+00
-3.375 -0.075 0.0000e+00
-3.375 -0.025 0.0000e+00
-3.375 0.025 0.0000e+00
-3.375 0.075 0.0000e+00
-3.375 0.125 0.0000e+00
-3.375 0.175 0.0000e+00
-3.375 0.225 0.0000e+00
-3.375 0.275 0.0000e+00
-3.375 0.325 0.0000e+00
-3.375 0.375 0.0000e+00
-3.375 0.425 0.0000e+00
-3.375 0.475 0.0000e+00
-3.375 0.525 0.0000e+00
-3.375 0.575 0.0000e+00
-3.375 0.625 0.0000e+00
-3.375 0.675 0.0000e+00
-3.375 0.725 0.0000e+00
-3.375 0.775 0.0000e+00
-3.375 0.825 0.0000e+00
-3.375 0.875 0.0000e+00
-3.375 0.925 0.0000e+00
-3.375 0.975 0.0000e+00
-3.375 1.025 0.0000e+00
-3.375 1.075 0.0000e+00
-3.375 1.125 0.0000e+00
-3.375 1.175 0.0000e+00
-3.375 1.225 0.0000e+00
-3.375 1.275 0.0000e+00
-3.375 1.325 0.0000e+00
-3.375 1.375 0.0000e+00
-3.375 1.425 0.0000e+00
-3.375 1.475 0.0000e+00
-3.375 1.525 2.7742e-20
-3.375 1.575 5.5486e-20
-3.375 1.625 1.1101e-19
-3.375 1.675 2.2216e-19
-3.375 1.725 4.4478e-19
-3.375 1.775 8.9084e-19
-3.375 1.825 1.7851e-18
-3.375 1.875 3.5790e-18
-3.375 1.925 7.1800e-18
-3.375 1.975 1.4414e-17
-3.375 2.025 2.8958e-17
-3.375 2.075 5.8228e-17
-3.375 2.125 1.1720e-16
-3.375 2.175 2.3615e-16
-3.375 2.225 4.7644e-16
-3.375 2.275 9.6261e-16
-3.375 2.325 1.9480e-15
-3.375 2.375 3.9494e-15
-3.375 2.425 8.0237e-15
-3.375 2.475 1.6340e-14
-3.375 2.525 3.3368e-14
-3.375 2.575 6.8354e-14
-3.375 2.625 1.4052e-13
-3.375 2.675 2.9009e-13
-3.375 2.725 6.0173e-13
-3.375 2.775 1.2551e-12
-3.375 2.825 2.6346e-12
-3.375 2.875 5.5723e-12
-3.375 2.925 1.1889e-11
-3.375 2.975 2.5632e-11
-3.375 3.025 5.5937e-11
-3.375 3.075 1.2386e-10
-3.375 3.125 2.7902e-10
-3.375 3.175 6.4169e-10
-3.375 3.225 1.5129e-09
-3.375 3.275 3.6754e-09
-3.375 3.325 9.2584e-09
-3.375 3.375 2.4369e-08
-3.375 3.425 6.7657e-08
-3.375 3.475 2.0044e-07
-3.375 3.525 6.4279e-07
-3.375 3.575 2.2722e-06
-3.375 3.625 9.0624e-06
-3.375 3.675 4.2082e-05
-3.375 3.725 2.3769e-04
-3.375 3.775 1.7383e-03
-3.375 3.825 1.7303e-02
-3.375 3.875 0.0000e+00
-3.375 3.925 0.0000e+00
-3.375 3.975 0.0000e+00
-3.325 -1.975 0.0000e+00
-3.325 -1.925 0.0000e+00
-3.325 -1.875 0.0000e+00
-3.325 -1.825 0.0000e+00
-3.325 -1.775 0.0000e+00
-3.325 -1.725 0.0000e+00
-3.325 -1.675 0.0000e+00
-3.325 -1.625 0.0000e+00
-3.325 -1.575 0.0000e+00
-3.325 -1.525 0.0000e+00
-3.325 -1.475 0.0000e+00
-3.325 -1.425 0.0000e+00
-3.325 -1.375 0.0000e+00
-3.325 -1.325 0.0000e+00
-3.325 -1.275 0.0000e+00
-3.325 -1.225 0.0000e+00
-3.325 -1.175 0.0000e+00
-3.325 -1.125 0.0000e+00
-3.325 -1.075 0.0000e+00
-3.325 -1.025 0.0000e+00
-3.325 -0.975 0.0000e+00
-3.325 -0.925 0.0000e+00
-3.325 -0.875 0.0000e+00
-3.325 -0.825 0.0000e+00
-3.325 -0.775 0.0000e+00
-3.325 -0.725 0.0000e+00
-3.325 -0.675 0.0000e+00
-3.325 -0.625 0.0000e+00
-3.325 -0.575 0.0000e+00
-3.325 -0.525 0.0000e+00
-3.325 -0.475 0.0000e+00
-3.325 -0.425 0.0000e+00
-3.325 -0.375 0.0000e+00
-3.325 -0.325 0.0000e+00
-3.325 -0.275 0.0000e+00
-3.325 -0.225 0.0000e+00
-3.325 -0.175 0.0000e+00
-3.325 -0.125 0.0000e+00
-3.325 -0.075 0.0000e+00
-3.325 -0.025 0.0000e+00
-3.325 0.025 0.0000e+00
-3.325 0.075 0.0000e+00
-3.325 0.125 0.0000e+00
-3.325 0.175 0.0000e+00
-3.325 0.225 0.0000e+00
-3.325 0.275 0.0000e+00
-3.325 0.325 0.0000e+00
-3.325 0.375 0.0000e+00
-3.325 0.425 0.0000e+00
-3.325 0.475 0.0000e+00
-3.325 0.525 0.0000e+00
-3.325 0.575 0.0000e+00
-3.325 0.625 0.0000e+00
-3.325 0.675 0.0000e+00
-3.325 0.725 0.0000e+00
-3.325 0.775 0.0000e+00
-3.325 0.825 0.0000e+00
-3.325 0.875 0.0000e+00
-3.325 0.925 0.0000e+00
-3.325 0.975 0.0000e+00
-3.325 1.025 0.0000e+00
-3.325 1.075 0.0000e+00
-3.325 1.125 0.0000e+00
-3.325 1.175 0.0000e+00
-3.325 1.225 0.0000e+00
-3.325 1.275 0.0000e+00
-3.325 1.325 0.0000e+00
-3.325 1.375 0.0000e+00
-3.325 1.425 0.0000e+00
-3.325 1.475 0.0000e+00
-3.325 1.525 3.4926e-20
-3.325 1.575 6.9854e-20
-3.325 1.625 1.3975e-19
-3.325 1.675 2.7969e-19
-3.325 1.725 5.5996e-19
-3.325 1.775 1.1215e-18
-3.325 1.825 2.2474e-18
-3.325 1.875 4.5060e-18
-3.325 1.925 9.0398e-18
-3.325 1.975 1.8148e-17
-3.325 2.025 3.6460e-17
-3.325 2.075 7.3316e-17
-3.325 2.125 1.4757e-16
-3.325 2.175 2.9737e-16
-3.325 2.225 6.0000e-16
-3.325 2.275 1.2123e-15
-3.325 2.325 2.4536e-15
-3.325 2.375 4.9751e-15
-3.325 2.425 1.0109e-14
-3.325 2.475 2.0592e-14
-3.325 2.525 4.2062e-14
-3.325 2.575 8.6191e-14
-3.325 2.625 1.7727e-13
-3.325 2.675 3.6615e-13
-3.325 2.725 7.6000e-13
-3.325 2.775 1.5865e-12
-3.325 2.825 3.3340e-12
-3.325 2.875 7.0610e-12
-3.325 2.925 1.5091e-11
-3.325 2.975 3.2602e-11
-3.325 3.025 7.1332e-11
-3.325 3.075 1.5844e-10
-3.325 3.125 3.5827e-10
-3.325 3.175 8.2762e-10
-3.325 3.225 1.9611e-09
-3.325 3.275 4.7906e-09
-3.325 3.325 1.2134e-08
-3.325 3.375 3.2092e-08
-3.325 3.425 8.9337e-08
-3.325 3.475 2.6426e-07
-3.325 3.525 8.3980e-07
-3.325 3.575 2.9048e-06
-3.325 3.625 1.1108e-05
-3.325 3.675 4.7858e-05
-3.325 3.725 2.3768e-04
-3.325 3.775 1.3944e-03
-3.325 3.825 9.4316e-03
-3.325 3.875 0.0000e+00
-3.325 3.925 0.0000e+00
-3.325 3.975 0.0000e+00
-3.275 -1.975 0.0000e+00
-3.275 -1.925 0.0000e+00
-3.275 -1.875 0.0000e+00
-3.275 -1.825 0.0000e+00
-3.275 -1.775 0.0000e+00
-3.275 -1.725 0.0000e+00
-3.275 -1.675 0.0000e+00
-3.275 -1.625 0.0000e+00
-3.275 -1.575 0.0000e+00
-3.275 -1.525 0.0000e+00
-3.275 -1.475 0.0000e+00
-3.275 -1.425 0.0000e+00
-3.275 -1.375 0.0000e+00
-3.275 -1.325 0.0000e+00
-3.275 -1.275 0.0000e+00
-3.275 -1.225 0.0000e+00
-3.275 -1.175 0.0000e+00
-3.275 -1.125 0.0000e+00
-3.275 -1.075 0.0000e+00
-3.275 -1.025 0.0000e+00
-3.275 -0.975 0.0000e+00
-3.275 -0.925 0.0000e+00
-3.275 -0.875 0.0000e+00
-3.275 -0.825 0.0000e+00
-3.275 -0.775 0.0000e+00
-3.275 -0.725 0.0000e+00
-3.275 -0.675 0.0000e+00
-3.275 -0.625 0.0000e+00
-3.275 -0.575 0.0000e+00
-3.275 -0.525 0.0000e+00
-3.275 -0.475 0.0000e+00
-3.275 -0.425 0.0000e+00
-3.275 -0.375 0.0000e+00
-3.275 -0.325 0.0000e+00
-3.275 -0.275 0.0000e+00
-3.275 -0.225 0.0000e+00
-3.275 -0.175 0.0000e+00
-3.275 -0.125 0.0000e+00
-3.275 -0.075 0.0000e+00
-3.275 -0.025 0.0000e+00
-3.275 0.025 0.0000e+00
-3.275 0.075 0.0000e+00
-3.275 0.125 0.0000e+00
-3.275 0.175 0.0000e+00
-3.275 0.225 0.0000e+00
-3.275 0.275 0.0000e+00
-3.275 0.325 0.0000e+00
-3.275 0.375 0.0000e+00
-3.275 0.425 0.0000e+00
-3.275 0.475 0.0000e+00
-3.275 0.525 0.0000e+00
-3.275 0.575 0.0000e+00
-3.275 0.625 0.0000e+00
-3.275 0.675 0.0000e+00
-3.275 0.725 0.0000e+00
-3.275 0.775 0.0000e+00
-3.275 0.825 0.0000e+00
-3.275 0.875 0.0000e+00
-3.275 0.925 0.0000e+00
-3.275 0.975 0.0000e+00
-3.275 1.025 0.0000e+00
-3.275 1.075 0.0000e+00
-3.275 1.125 0.0000e+00
-3.275 1.175 0.0000e+00
-3.275 1.225 0.0000e+00
-3.275 1.275 0.0000e+00
-3.275 1.325 0.0000e+00
-3.275 1.375 0.0000e+00
-3.275 1.425 0.0000e+00
-3.275 1.475 0.0000e+00
-3.275 1.525 4.3970e-20
-3.275 1.575 8.7943e-20
-3.275 1.625 1.7594e-19
-3.275 1.675 3.5212e-19
-3.275 1.725 7.0497e-19
-3.275 1.775 1.4120e-18
-3.275 1.825 2.8295e-18
-3.275 1.875 5.6732e-18
-3.275 1.925 1.1382e-17
-3.275 1.975 2.2849e-17
-3.275 2.025 4.5908e-17
-3.275 2.075 9.2318e-17
-3.275 2.125 1.8583e-16
-3.275 2.175 3.7449e-16
-3.275 2.225 7.5565e-16
-3.275 2.275 1.5270e-15
-3.275 2.325 3.0909e-15
-3.275 2.375 6.2683e-15
-3.275 2.425 1.2740e-14
-3.275 2.475 2.5957e-14
-3.275 2.525 5.3038e-14
-3.275 2.575 1.0873e-13
-3.275 2.625 2.2374e-13
-3.275 2.675 4.6244e-13
-3.275 2.725 9.6067e-13
-3.275 2.775 2.0076e-12
-3.275 2.825 4.2244e-12
-3.275 2.875 8.9613e-12
-3.275 2.925 1.9192e-11
-3.275 2.975 4.1565e-11
-3.275 3.025 9.1218e-11
-3.275 3.075 2.0335e-10
-3.275 3.125 4.6179e-10
-3.275 3.175 1.0720e-09
-3.275 3.225 2.5536e-09
-3.275 3.275 6.2714e-09
-3.275 3.325 1.5962e-08
-3.275 3.375 4.2345e-08
-3.275 3.425 1.1784e-07
-3.275 3.475 3.4639e-07
-3.275 3.525 1.0834e-06
-3.275 3.575 3.6327e-06
-3.275 3.625 1.3162e-05
-3.275 3.675 5.1896e-05
-3.275 3.725 2.2368e-04
-3.275 3.775 1.0490e-03
-3.275 3.825 4.9839e-03
-3.275 3.875 0.0000e+00
-3.275 3.925 0.0000e+00
-3.275 3.975 0.0000e+00
-3.225 -1.975 0.0000e+00
-3.225 -1.925 0.0000e+00
-3.225 -1.875 0.0000e+00
-3.225 -1.825 0.0000e+00
-3.225 -1.775 0.0000e+00
-3.225 -1.725 0.0000e+00
-3.225 -1.675 0.0000e+00
-3.225 -1.625 0.0000e+00
-3.225 -1.575 0.0000e+00
-3.225 -1.525 0.0000e+00
-3.225 -1.475 0.0000e+00
-3.225 -1.425 0.0000e+00
-3.225 -1.375 0.0000e+00
-3.225 -1.325 0.0000e+00
-3.225 -1.275 0.0000e+00
-3.225 -1.225 0.0000e+00
-3.225 -1.175 0.0000e+00
-3.225 -1.125 0.0000e+00
-3.225 -1.075 0.0000e+00
-3.225 -1.025 0.0000e+00
-3.225 -0.975 0.0000e+00
-3.225 -0.925 0.0000e+00
-3.225 -0.875 0.0000e+00
-3.225 -0.825 0.0000e+00
-3.225 -0.775 0.0000e+00
-3.225 -0.725 0.0000e+00
-3.225 -0.675 0.0000e+00
-3.225 -0.625 0.0000e+00
-3.225 -0.575 0.0000e+00
-3.225 -0.525 0.0000e+00
-3.225 -0.475 0.0000e+00
-3.225 -0.425 0.0000e+00
-3.225 -0.375 0.0000e+00
-3.225 -0.325 0.0000e+00
-3.225 -0.275 0.0000e+00
-3.225 -0.225 0.0000e+00
-3.225 -0.175 0.0000e+00
-3.225 -0.125 0.0000e+00
-3.225 -0.075 0.0000e+00
-3.225 -0.025 0.0000e+00
-3.225 0.025 0.0000e+00
-3.225 0.075 0.0000e+00
-3.225 0.125 0.0000e+00
-3.225 0.175 0.0000e+00
-3.225 0.225 0.0000e+00
-3.225 0.275 0.0000e+00
-3.225 0.325 0.0000e+00
-3.225 0.375 0.0000e+00
-3.225 0.425 0.0000e+00
-3.225 0.475 0.0000e+00
-3.225 0.525 0.0000e+00
-3.225 0.575 0.0000e+00
-3.225 0.625 0.0000e+00
-3.225 0.675 0.0000e+00
-3.225 0.725 0.0000e+00
-3.225 0.775 0.0000e+00
-3.225 0.825 0.0000e+00
-3.225 0.875 0.0000e+00
-3.225 0.925 0.0000e+00
-3.225 0.975 0.0000e+00
-3.225 1.025 0.0000e+00
-3.225 1.075 0.0000e+00
-3.225 1.125 0.0000e+00
-3.225 1.175 0.0000e+00
-3.225 1.225 0.0000e+00
-3.225 1.275 0.0000e+00
-3.225 1.325 0.0000e+00
-3.225 1.375 0.0000e+00
-3.225 1.425 0.0000e+00
-3.225 1.475 0.0000e+00
-3.225 1.525 5.5356e-20
-3.225 1.575 1.1072e-19
-3.225 1.625 2.2151e-19
-3.225 1.675 4.4331e-19
-3.225 1.725 8.8755e-19
-3.225 1.775 1.7777e-18
-3.225 1.825 3.5624e-18
-3.225 1.875 7.1428e-18
-3.225 1.925 1.4330e-17
-3.225 1.975 2.8770e-17
-3.225 2.025 5.7806e-17
-3.225 2.075 1.1625e-16
-3.225 2.125 2.3402e-16
-3.225 2.175 4.7164e-16
-3.225 2.225 9.5178e-16
-3.225 2.275 1.9236e-15
-3.225 2.325 3.8943e-15
-3.225 2.375 7.8992e-15
-3.225 2.425 1.6059e-14
-3.225 2.475 3.2730e-14
-3.225 2.525 6.6905e-14
-3.225 2.575 1.3723e-13
-3.225 2.625 2.8258e-13
-3.225 2.675 5.8453e-13
-3.225 2.725 1.2156e-12
-3.225 2.775 2.5435e-12
-3.225 2.825 5.3607e-12
-3.225 2.875 1.1395e-11
-3.225 2.925 2.4462e-11
-3.225 2.975 5.3137e-11
-3.225 3.025 1.1703e-10
-3.225 3.075 2.6197e-10
-3.225 3.125 5.9772e-10
-3.225 3.175 1.3946e-09
-3.225 3.225 3.3397e-09
-3.225 3.275 8.2412e-09
-3.225 3.325 2.1045e-08
-3.225 3.375 5.5860e-08
-3.225 3.425 1.5477e-07
-3.225 3.475 4.4940e-07
-3.225 3.525 1.3721e-06
-3.225 3.575 4.4145e-06
-3.225 3.625 1.4971e-05
-3.225 3.675 5.3330e-05
-3.225 3.725 1.9755e-04
-3.225 3.775 7.4254e-04
-3.225 3.825 2.5741e-03
-3.225 3.875 0.0000e+00
-3.225 3.925 0.0000e+00
-3.225 3.975 0.0000e+00
-3.175 -1.975 0.0000e+00
-3.175 -1.925 0.0000e+00
-3.175 -1.875 0.0000e+00
-3.175 -1.825 0.0000e+00
-3.175 -1.775 0.0000e+00
-3.175 -1.725 0.0000e+00
-3.175 -1.675 0.0000e+00
-3.175 -1.625 0.0000e+00
-3.175 -1.575 0.0000e+00
-3.175 -1.525 0.0000e+00
-3.175 -1.475 0.0000e+00
-3.175 -1.425 0.0000e+00
-3.175 -1.375 0.0000e+00
-3.175 -1.325 0.0000e+00
-3.175 -1.275 0.0000e+00
-3.175 -1.225 0.0000e+00
-3.175 -1.175 0.0000e+00
-3.175 -1.125 0.0000e+00
-3.175 -1.075 0.0000e+00
-3.175 -1.025 0.0000e+00
-3.175 -0.975 0.0000e+00
-3.175 -0.925 0.0000e+00
-3.175 -0.875 0.0000e+00
-3.175 -0.825 0.0000e+00
-3.175 -0.775 0.0000e+00
-3.175 -0.725 0.0000e+00
-3.175 -0.675 0.0000e+00
-3.175 -0.625 0.0000e+00
-3.175 -0.575 0.0000e+00
-3.175 -0.525 0.0000e+00
-3.175 -0.475 0.0000e+00
-3.175 -0.425 0.0000e+00
-3.175 -0.375 0.0000e+00
-3.175 -0.325 0.0000e+00
-3.175 -0.275 0.0000e+00
-3.175 -0.225 0.0000e+00
-3.175 -0.175 0.0000e+00
-3.175 -0.125 0.0000e+00
-3.175 -0.075 0.0000e+00
-3.175 -0.025 0.0000e+00
-3.175 0.025 0.0000e+00
-3.175 0.075 0.0000e+00
-3.175 0.125 0.0000e+00
-3.175 0.175 0.0000e+00
-3.175 0.225 0.0000e+00
-3.175 0.275 0.0000e+00
-3.175 0.325 0.0000e+00
-3.175 0.375 0.0000e+00
-3.175 0.425 0.0000e+00
-3.175 0.475 0.0000e+00
-3.175 0.525 0.0000e+00
-3.175 0.575 0.0000e+00
-3.175 0.625 0.0000e+00
-3.175 0.675 0.0000e+00
-3.175 0.725 0.0000e+00
-3.175 0.775 0.0000e+00
-3.175 0.825 0.0000e+00
-3.175 0.875 0.0000e+00
-3.175 0.925 0.0000e+00
-3.175 0.975 0.0000e+00
-3.175 1.025 0.0000e+00
-3.175 1.075 0.0000e+00
-3.175 1.125 0.0000e+00
-3.175 1.175 0.0000e+00
-3.175 1.225 0.0000e+00
-3.175 1.275 0.0000e+00
-3.175 1.325 0.0000e+00
-3.175 1.375 0.0000e+00
-3.175 1.425 0.0000e+00
-3.175 1.475 0.0000e+00
-3.175 1.525 6.9691e-20
-3.175 1.575 1.3939e-19
-3.175 1.625 2.7887e-19
-3.175 1.675 5.5812e-19
-3.175 1.725 1.1174e-18
-3.175 1.775 2.2382e-18
-3.175 1.825 4.4853e-18
-3.175 1.875 8.9933e-18
-3.175 1.925 1.8044e-17
-3.175 1.975 3.6227e-17
-3.175 2.025 7.2792e-17
-3.175 2.075 1.4640e-16
-3.175 2.125 2.9473e-16
-3.175 2.175 5.9406e-16
-3.175 2.225 1.1990e-15
-3.175 2.275 2.4236e-15
-3.175 2.325 4.9075e-15
-3.175 2.375 9.9570e-15
-3.175 2.425 2.0249e-14
-3.175 2.475 4.1287e-14
-3.175 2.525 8.4440e-14
-3.175 2.575 1.7331e-13
-3.175 2.625 3.5716e-13
-3.175 2.675 7.3957e-13
-3.175 2.725 1.5399e-12
-3.175 2.775 3.2274e-12
-3.175 2.825 6.8154e-12
-3.175 2.875 1.4521e-11
-3.175 2.925 3.1265e-11
-3.175 2.975 6.8148e-11
-3.175 3.025 1.5070e-10
-3.175 3.075 3.3888e-10
-3.175 3.125 7.7708e-10
-3.175 3.175 1.8224e-09
-3.175 3.225 4.3849e-09
-3.175 3.275 1.0859e-08
-3.175 3.325 2.7760e-08
-3.175 3.375 7.3451e-08
-3.175 3.425 2.0154e-07
-3.175 3.475 5.7397e-07
-3.175 3.525 1.6952e-06
-3.175 3.575 5.1765e-06
-3.175 3.625 1.6235e-05
-3.175 3.675 5.1677e-05
-3.175 3.725 1.6356e-04
-3.175 3.775 4.9703e-04
-3.175 3.825 1.3083e-03
-3.175 3.875 0.0000e+00
-3.175 3.925 0.0000e+00
-3.175 3.975 0.0000e+00
-3.125 -1.975 0.0000e+00
-3.125 -1.925 0.0000e+00
-3.125 -1.875 0.0000e+00
-3.125 -1.825 0.0000e+00
-3.125 -1.775 0.0000e+00
-3.125 -1.725 0.0000e+00
-3.125 -1.675 0.0000e+00
-3.125 -1.625 0.0000e+00
-3.125 -1.575 0.0000e+00
-3.125 -1.525 0.0000e+00
-3.125 -1.475 0.0000e+00
-3.125 -1.425 0.0000e+00
-3.125 -1.375 0.0000e+00
-3.125 -1.325 0.0000e+00
-3.125 -1.275 0.0000e+00
-3.125 -1.225 0.0000e+00
-3.125 -1.175 0.0000e+00
-3.125 -1.125 0.0000e+00
-3.125 -1.075 0.0000e+00
-3.125 -1.025 0.0000e+00
-3.125 -0.975 0.0000e+00
-3.125 -0.925 0.0000e+00
-3.125 -0.875 0.0000e+00
-3.125 -0.825 0.0000e+00
-3.125 -0.775 0.0000e+00
-3.125 -0.725 0.0000e+00
-3.125 -0.675 0.0000e+00
-3.125 -0.625 0.0000e+00
-3.125 -0.575 0.0000e+00
-3.125 -0.525 0.0000e+00
-3.125 -0.475 0.0000e+00
-3.125 -0.425 0.0000e+00
-3.125 -0.375 0.0000e+00
-3.125 -0.325 0.0000e+00
-3.125 -0.275 0.0000e+00
-3.125 -0.225 0.0000e+00
-3.125 -0.175 0.0000e+00
-3.125 -0.125 0.0000e+00
-3.125 -0.075 0.0000e+00
-3.125 -0.025 0.0000e+00
-3.125 0.025 0.0000e+00
-3.125 0.075 0.0000e+00
-3.125 0.125 0.0000e+00
-3.125 0.175 0.0000e+00
-3.125 0.225 0.0000e+00
-3.125 0.275 0.0000e+00
-3.125 0.325 0.0000e+00
-3.125 0.375 0.0000e+00
-3.125 0.425 0.0000e+00
-3.125 0.475 0.0000e+00
-3.125 0.525 0.0000e+00
-3.125 0.575 0.0000e+00
-3.125 0.625 0.0000e+00
-3.125 0.675 0.0000e+00
-3.125 0.725 0.0000e+00
-3.125 0.775 0.0000e+00
-3.125 0.825 0.0000e+00
-3.125 0.875 0.0000e+00
-3.125 0.925 0.0000e+00
-3.125 0.975 0.0000e+00
-3.125 1.025 0.0000e+00
-3.125 1.075 0.0000e+00
-3.125 1.125 0.0000e+00
-3.125 1.175 0.0000e+00
-3.125 1.225 0.0000e+00
-3.125 1.275 0.0000e+00
-3.125 1.325 0.0000e+00
-3.125 1.375 0.0000e+00
-3.125 1.425 0.0000e+00
-3.125 1.475 0.0000e+00
-3.125 1.525 8.7738e-20
-3.125 1.575 1.7549e-19
-3.125 1.625 3.5109e-19
-3.125 1.675 7.0268e-19
-3.125 1.725 1.4069e-18
-3.125 1.775 2.8180e-18
-3.125 1.825 5.6474e-18
-3.125 1.875 1.1324e-17
-3.125 1.925 2.2720e-17
-3.125 1.975 4.5618e-17
-3.125 2.025 9.1668e-17
-3.125 2.075 1.8437e-16
-3.125 2.125 3.7123e-16
-3.125 2.175 7.4834e-16
-3.125 2.225 1.5106e-15
-3.125 2.275 3.0541e-15
-3.125 2.325 6.1859e-15
-3.125 2.375 1.2555e-14
-3.125 2.425 2.5542e-14
-3.125 2.475 5.2107e-14
-3.125 2.525 1.0664e-13
-3.125 2.575 2.1905e-13
-3.125 2.625 4.5189e-13
-3.125 2.675 9.3689e-13
-3.125 2.725 1.9539e-12
-3.125 2.775 4.1027e-12
-3.125 2.825 8.6842e-12
-3.125 2.875 1.8556e-11
-3.125 2.925 4.0087e-11
-3.125 2.975 8.7721e-11
-3.125 3.025 1.9485e-10
-3.125 3.075 4.4030e-10
-3.125 3.125 1.0147e-09
-3.125 3.175 2.3910e-09
-3.125 3.225 5.7740e-09
-3.125 3.275 1.4320e-08
-3.125 3.325 3.6528e-08
-3.125 3.375 9.5895e-08
-3.125 3.425 2.5892e-07
-3.125 3.475 7.1729e-07
-3.125 3.525 2.0293e-06
-3.125 3.575 5.8165e-06
-3.125 3.625 1.6687e-05
-3.125 3.675 4.7055e-05
-3.125 3.725 1.2708e-04
-3.125 3.775 3.1650e-04
-3.125 3.825 6.5784e-04
-3.125 3.875 0.0000e+00
-3.125 3.925 0.0000e+00
-3.125 3.975 0.0000e+00
-3.075 -1.975 0.0000e+00
-3.075 -1.925 0.0000e+00
-3.075 -1.875 0.0000e+00
-3.075 -1.825 0.0000e+00
-3.075 -1.775 0.0000e+00
-3.075 -1.725 0.0000e+00
-3.075 -1.675 0.0000e+00
-3.075 -1.625 0.0000e+00
-3.075 -1.575 0.0000e+00
-3.075 -1.525 0.0000e+00
-3.075 -1.475 0.0000e+00
-3.075 -1.425 0.0000e+00
-3.075 -1.375 0.0000e+00
-3.075 -1.325 0.0000e+00
-3.075 -1.275 0.0000e+00
-3.075 -1.225 0.0000e+00
-3.075 -1.175 0.0000e+00
-3.075 -1.125 0.0000e+00
-3.075 -1.075 0.0000e+00
-3.075 -1.025 0.0000e+00
-3.075 -0.975 0.0000e+00
-3.075 -0.925 0.0000e+00
-3.075 -0.875 0.0000e+00
-3.075 -0.825 0.0000e+00
-3.075 -0.775 0.0000e+00
-3.075 -0.725 0.0000e+00
-3.075 -0.675 0.0000e+00
-3.075 -0.625 0.0000e+00
-3.075 -0.575 0.0000e+00
-3.075 -0.525 0.0000e+00
-3.075 -0.475 0.0000e+00
-3.075 -0.425 0.0000e+00
-3.075 -0.375 0.0000e+00
-3.075 -0.325 0.0000e+00
-3.075 -0.275 0.0000e+00
-3.075 -0.225 0.0000e+00
-3.075 -0.175 0.0000e+00
-3.075 -0.125 0.0000e+00
-3.075 -0.075 0.0000e+00
-3.075 -0.025 0.0000e+00
-3.075 0.025 0.0000e+00
-3.075 0.075 0.0000e+00
-3.075 0.125 0.0000e+00
-3.075 0.175 0.0000e+00
-3.075 0.225 0.0000e+00
-3.075 0.275 0.0000e+00
-3.075 0.325 0.0000e+00
-3.075 0.375 0.0000e+00
-3.075 0.425 0.0000e+00
-3.075 0.475 0.0000e+00
-3.075 0.525 0.0000e+00
-3.075 0.575 0.0000e+00
-3.075 0.625 0.0000e+00
-3.075 0.675 0.0000e+00
-3.075 0.725 0.0000e+00
-3.075 0.775 0.0000e+00
-3.075 0.825 0.0000e+00
-3.075 0.875 0.0000e+00
-3.075 0.925 0.0000e+00
-3.075 0.975 0.0000e+00
-3.075 1.025 0.0000e+00
-3.075 1.075 0.0000e+00
-3.075 1.125 0.0000e+00
-3.075 1.175 0.0000e+00
-3.075 1.225 0.0000e+00
-3.075 1.275 0.0000e+00
-3.075 1.325 0.0000e+00
-3.075 1.375 0.0000e+00
-3.075 1.425 0.0000e+00
-3.075 1.475 0.0000e+00
-3.075 1.525 1.1046e-19
-3.075 1.575 2.2093e-19
-3.075 1.625 4.4203e-19
-3.075 1.675 8.8469e-19
-3.075 1.725 1.7713e-18
-3.075 1.775 3.5481e-18
-3.075 1.825 7.1107e-18
-3.075 1.875 1.4259e-17
-3.075 1.925 2.8610e-17
-3.075 1.975 5.7448e-17
-3.075 2.025 1.1545e-16
-3.075 2.075 2.3223e-16
-3.075 2.125 4.6764e-16
-3.075 2.175 9.4285e-16
-3.075 2.225 1.9036e-15
-3.075 2.275 3.8497e-15
-3.075 2.325 7.7999e-15
-3.075 2.375 1.5837e-14
-3.075 2.425 3.2236e-14
-3.075 2.475 6.5805e-14
-3.075 2.525 1.3478e-13
-3.075 2.575 2.7713e-13
-3.075 2.625 5.7242e-13
-3.075 2.675 1.1886e-12
-3.075 2.725 2.4835e-12
-3.075 2.775 5.2270e-12
-3.075 2.825 1.1095e-11
-3.075 2.875 2.3785e-11
-3.075 2.925 5.1583e-11
-3.075 2.975 1.1337e-10
-3.075 3.025 2.5303e-10
-3.075 3.075 5.7463e-10
-3.075 3.125 1.3305e-09
-3.075 3.175 3.1468e-09
-3.075 3.225 7.6127e-09
-3.075 3.275 1.8852e-08
-3.075 3.325 4.7776e-08
-3.075 3.375 1.2371e-07
-3.075 3.425 3.2624e-07
-3.075 3.475 8.7128e-07
-3.075 3.525 2.3371e-06
-3.075 3.575 6.2218e-06
-3.075 3.625 1.6175e-05
-3.075 3.675 4.0193e-05
-3.075 3.725 9.2918e-05
-3.075 3.775 1.9296e-04
-3.075 3.825 3.2858e-04
-3.075 3.875 0.0000e+00
-3.075 3.925 0.0000e+00
-3.075 3.975 0.0000e+00
-3.025 -1.975 0.0000e+00
-3.025 -1.925 0.0000e+00
-3.025 -1.875 0.0000e+00
-3.025 -1.825 0.0000e+00
-3.025 -1.775 0.0000e+00
-3.025 -1.725 0.0000e+00
-3.025 -1.675 0.0000e+00
-3.025 -1.625 0.0000e+00
-3.025 -1.575 0.0000e+00
-3.025 -1.525 0.0000e+00
-3.025 -1.475 0.0000e+00
-3.025 -1.425 0.0000e+00
-3.025 -1.375 0.0000e+00
-3.025 -1.325 0.0000e+00
-3.025 -1.275 0.0000e+00
-3.025 -1.225 0.0000e+00
-3.025 -1.175 0.0000e+00
-3.025 -1.125 0.0000e+00
-3.025 -1.075 0.0000e+00
-3.025 -1.025 0.0000e+00
-3.025 -0.975 0.0000e+00
-3.025 -0.925 0.0000e+00
-3.025 -0.875 0.0000e+00
-3.025 -0.825 0.0000e+00
-3.025 -0.775 0.0000e+00
-3.025 -0.725 0.0000e+00
-3.025 -0.675 0.0000e+00
-3.025 -0.625 0.0000e+00
-3.025 -0.575 0.0000e+00
-3.025 -0.525 0.0000e+00
-3.025 -0.475 0.0000e+00
-3.025 -0.425 0.0000e+00
-3.025 -0.375 0.0000e+00
-3.025 -0.325 0.0000e+00
-3.025 -0.275 0.0000e+00
-3.025 -0.225 0.0000e+00
-3.025 -0.175 0.0000e+00
-3.025 -0.125 0.0000e+00
-3.025 -0.075 0.0000e+00
-3.025 -0.025 0.0000e+00
-3.025 0.025 0.0000e+00
-3.025 0.075 0.0000e+00
-3.025 0.125 0.0000e+00
-3.025 0.175 0.0000e+00
-3.025 0.225 0.0000e+00
-3.025 0.275 0.0000e+00
-3.025 0.325 0.0000e+00
-3.025 0.375 0.0000e+00
-3.025 0.425 0.0000e+00
-3.025 0.475 0.0000e+00
-3.025 0.525 0.0000e+00
-3.025 0.575 0.0000e+00
-3.025 0.625 0.0000e+00
-3.025 0.675 0.0000e+00
-3.025 0.725 0.0000e+00
-3.025 0.775 0.0000e+00
-3.025 0.825 0.0000e+00
-3.025 0.875 0.0000e+00
-3.025 0.925 0.0000e+00
-3.025 0.975 0.0000e+00
-3.025 1.025 0.0000e+00
-3.025 1.075 0.0000e+00
-3.025 1.125 0.0000e+00
-3.025 1.175 0.0000e+00
-3.025 1.225 0.0000e+00
-3.025 1.275 0.0000e+00
-3.025 1.325 0.0000e+00
-3.025 1.375 0.0000e+00
-3.025 1.425 0.0000e+00
-3.025 1.475 0.0000e+00
-3.025 1.525 1.3907e-19
-3.025 1.575 2.7816e-19
-3.025 1.625 5.5652e-19
-3.025 1.675 1.1139e-18
-3.025 1.725 2.2302e-18
-3.025 1.775 4.4675e-18
-3.025 1.825 8.9536e-18
-3.025 1.875 1.7955e-17
-3.025 1.925 3.6029e-17
-3.025 1.975 7.2351e-17
-3.025 2.025 1.4541e-16
-3.025 2.075 2.9254e-16
-3.025 2.125 5.8918e-16
-3.025 2.175 1.1881e-15
-3.025 2.225 2.3995e-15
-3.025 2.275 4.8541e-15
-3.025 2.325 9.8388e-15
-3.025 2.375 1.9987e-14
-3.025 2.425 4.0710e-14
-3.025 2.475 8.3169e-14
-3.025 2.525 1.7051e-13
-3.025 2.575 3.5104e-13
-3.025 2.625 7.2618e-13
-3.025 2.675 1.5107e-12
-3.025 2.725 3.1638e-12
-3.025 2.775 6.6769e-12
-3.025 2.825 1.4219e-11
-3.025 2.875 3.0598e-11
-3.025 2.925 6.6645e-11
-3.025 2.975 1.4717e-10
-3.025 3.025 3.3006e-10
-3.025 3.075 7.5303e-10
-3.025 3.125 1.7502e-09
-3.025 3.175 4.1478e-09
-3.025 3.225 1.0025e-08
-3.025 3.275 2.4690e-08
-3.025 3.325 6.1829e-08
-3.025 3.375 1.5683e-07
-3.025 3.425 4.0056e-07
-3.025 3.475 1.0215e-06
-3.025 3.525 2.5720e-06
-3.025 3.575 6.2993e-06
-3.025 3.625 1.4736e-05
-3.025 3.675 3.2214e-05
-3.025 3.725 6.4208e-05
-3.025 3.775 1.1337e-04
-3.025 3.825 1.6351e-04
-3.025 3.875 0.0000e+00
-3.025 3.925 0.0000e+00
-3.025 3.975 0.0000e+00
-2.975 -1.975 0.0000e+00
-2.975 -1.925 0.0000e+00
-2.975 -1.875 0.0000e+00
-2.975 -1.825 0.0000e+00
-2.975 -1.775 0.0000e+00
-2.975 -1.725 0.0000e+00
-2.975 -1.675 0.0000e+00
-2.975 -1.625 0.0000e+00
-2.975 -1.575 0.0000e+00
-2.975 -1.525 0.0000e+00
-2.975 -1.475 0.0000e+00
-2.975 -1.425 0.0000e+00
-2.975 -1.375 0.0000e+00
-2.975 -1.325 0.0000e+00
-2.975 -1.275 0.0000e+00
-2.975 -1.225 0.0000e+00
-2.975 -1.175 0.0000e+00
-2.975 -1.125 0.0000e+00
-2.975 -1.075 0.0000e+00
-2.975 -1.025 0.0000e+00
-2.975 -0.975 0.0000e+00
-2.975 -0.925 0.0000e+00
-2.975 -0.875 0.0000e+00
-2.975 -0.825 0.0000e+00
-2.975 -0.775 0.0000e+00
-2.975 -0.725 0.0000e+00
-2.975 -0.675 0.0000e+00
-2.975 -0.625 0.0000e+00
-2.975 -0.575 0.0000e+00
-2.975 -0.525 0.0000e+00
-2.975 -0.475 0.0000e+00
-2.975 -0.425 0.0000e+00
-2.975 -0.375 0.0000e+00
-2.975 -0.325 0.0000e+00
-2.975 -0.275 0.0000e+00
-2.975 -0.225 0.0000e+00
-2.975 -0.175 0.0000e+00
-2.975 -0.125 0.0000e+00
-2.975 -0.075 0.0000e+00
-2.975 -0.025 0.0000e+00
-2.975 0.025 0.0000e+00
-2.975 0.075 0.0000e+00
-2.975 0.125 0.0000e+00
-2.975 0.175 0.0000e+00
-2.975 0.225 0.0000e+00
-2.975 0.275 0.0000e+00
-2.975 0.325 0.0000e+00
-2.975 0.375 0.0000e+00
-2.975 0.425 0.0000e+00
-2.975 0.475 0.0000e+00
-2.975 0.525 0.0000e+00
-2.975 0.575 0.0000e+00
-2.975 0.625 0.0000e+00
-2.975 0.675 0.0000e+00
-2.975 0.725 0.0000e+00
-2.975 0.775 0.0000e+00
-2.975 0.825 0.0000e+00
-2.975 0.875 0.0000e+00
-2.975 0.925 0.0000e+00
-2.975 0.975 0.0000e+00
-2.975 1.025 0.0000e+00
-2.975 1.075 0.0000e+00
-2.975 1.125 0.0000e+00
-2.975 1.175 0.0000e+00
-2.975 1.225 0.0000e+00
-2.975 1.275 0.0000e+00
-2.975 1.325 0.0000e+00
-2.975 1.375 0.0000e+00
-2.975 1.425 0.0000e+00
-2.975 1.475 0.0000e+00
-2.975 1.525 1.7509e-19
-2.975 1.575 3.5020e-19
-2.975 1.625 7.0069e-19
-2.975 1.675 1.4024e-18
-2.975 1.725 2.8081e-18
-2.975 1.775 5.6253e-18
-2.975 1.825 1.1275e-17
-2.975 1.875 2.2611e-17
-2.975 1.925 4.5375e-17
-2.975 1.975 9.1129e-17
-2.975 2.025 1.8318e-16
-2.975 2.075 3.6858e-16
-2.975 2.125 7.4247e-16
-2.975 2.175 1.4976e-15
-2.975 2.225 3.0255e-15
-2.975 2.275 6.1230e-15
-2.975 2.325 1.2417e-14
-2.975 2.375 2.5241e-14
-2.975 2.425 5.1451e-14
-2.975 2.475 1.0522e-13
-2.975 2.525 2.1598e-13
-2.975 2.575 4.4531e-13
-2.975 2.625 9.2290e-13
-2.975 2.675 1.9243e-12
-2.975 2.725 4.0408e-12
-2.975 2.775 8.5554e-12
-2.975 2.825 1.8287e-11
-2.975 2.875 3.9520e-11
-2.975 2.925 8.6476e-11
-2.975 2.975 1.9188e-10
-2.975 3.025 4.3232e-10
-2.975 3.075 9.9014e-10
-2.975 3.125 2.3064e-09
-2.975 3.175 5.4630e-09
-2.975 3.225 1.3142e-08
-2.975 3.275 3.2028e-08
-2.975 3.325 7.8745e-08
-2.975 3.375 1.9414e-07
-2.975 3.425 4.7598e-07
-2.975 3.475 1.1481e-06
-2.975 3.525 2.6878e-06
-2.975 3.575 6.0094e-06
-2.975 3.625 1.2597e-05
-2.975 3.675 2.4276e-05
-2.975 3.725 4.2156e-05
-2.975 3.775 6.4581e-05
-2.975 3.825 8.1224e-05
-2.975 3.875 0.0000e+00
-2.975 3.925 0.0000e+00
-2.975 3.975 0.0000e+00
-2.925 -1.975 0.0000e+00
-2.925 -1.925 0.0000e+00
-2.925 -1.875 0.0000e+00
-2.925 -1.825 0.0000e+00
-2.925 -1.775 0.0000e+00
-2.925 -1.725 0.0000e+00
-2.925 -1.675 0.0000e+00
-2.925 -1.625 0.0000e+00
-2.925 -1.575 0.0000e+00
-2.925 -1.525 0.0000e+00
-2.925 -1.475 0.0000e+00
-2.925 -1.425 0.0000e+00
-2.925 -1.375 0.0000e+00
-2.925 -1.325 0.0000e+00
-2.925 -1.275 0.0000e+00
-2.925 -1.225 0.0000e+00
-2.925 -1.175 0.0000e+00
-2.925 -1.125 0.0000e+00
-2.925 -1.075 0.0000e+00
-2.925 -1.025 0.0000e+00
-2.925 -0.975 0.0000e+00
-2.925 -0.925 0.0000e+00
-2.925 -0.875 0.0000e+00
-2.925 -0.825 0.0000e+00
-2.925 -0.775 0.0000e+00
-2.925 -0.725 0.0000e+00
-2.925 -0.675 0.0000e+00
-2.925 -0.625 0.0000e+00
-2.925 -0.575 0.0000e+00
-2.925 -0.525 0.0000e+00
-2.925 -0.475 0.0000e+00
-2.925 -0.425 0.0000e+00
-2.925 -0.375 0.0000e+00
-2.925 -0.325 0.0000e+00
-2.925 -0.275 0.0000e+00
-2.925 -0.225 0.0000e+00
-2.925 -0.175 0.0000e+00
-2.925 -0.125 0.0000e+00
-2.925 -0.075 0.0000e+00
-2.925 -0.025 0.0000e+00
-2.925 0.025 0.0000e+00
-2.925 0.075 0.0000e+00
-2.925 0.125 0.0000e+00
-2.925 0.175 0.0000e+00
-2.925 0.225 0.0000e+00
-2.925 0.275 0.0000e+00
-2.925 0.325 0.0000e+00
-2.925 0.375 0.0000e+00
-2.925 0.425 0.0000e+00
-2.925 0.475 0.0000e+00
-2.925 0.525 0.0000e+00
-2.925 0.575 0.0000e+00
-2.925 0.625 0.0000e+00
-2.925 0.675 0.0000e+00
-2.925 0.725 0.0000e+00
-2.925 0.775 0.0000e+00
-2.925 0.825 0.0000e+00
-2.925 0.875 0.0000e+00
-2.925 0.925 0.0000e+00
-2.925 0.975 0.0000e+00
-2.925 1.025 0.0000e+00
-2.925 1.075 0.0000e+00
-2.925 1.125 0.0000e+00
-2.925 1.175 0.0000e+00
-2.925 1.225 0.0000e+00
-2.925 1.275 0.0000e+00
-2.925 1.325 0.0000e+00
-2.925 1.375 0.0000e+00
-2.925 1.425 0.0000e+00
-2.925 1.475 0.0000e+00
-2.925 1.525 2.2044e-19
-2.925 1.575 4.4092e-19
-2.925 1.625 8.8223e-19
-2.925 1.675 1.7658e-18
-2.925 1.725 3.5359e-18
-2.925 1.775 7.0836e-18
-2.925 1.825 1.4198e-17
-2.925 1.875 2.8477e-17
-2.925 1.925 5.7152e-17
-2.925 1.975 1.1480e-16
-2.925 2.025 2.3079e-16
-2.925 2.075 4.6447e-16
-2.925 2.125 9.3587e-16
-2.925 2.175 1.8884e-15
-2.925 2.225 3.8164e-15
-2.925 2.275 7.7274e-15
-2.925 2.325 1.5681e-14
-2.925 2.375 3.1900e-14
-2.925 2.425 6.5088e-14
-2.925 2.475 1.3327e-13
-2.925 2.525 2.7397e-13
-2.925 2.575 5.6590e-13
-2.925 2.625 1.1755e-12
-2.925 2.675 2.4575e-12
-2.925 2.725 5.1768e-12
-2.925 2.775 1.1001e-11
-2.925 2.825 2.3613e-11
-2.925 2.875 5.1264e-11
-2.925 2.925 1.1271e-10
-2.925 2.975 2.5123e-10
-2.925 3.025 5.6824e-10
-2.925 3.075 1.3045e-09
-2.925 3.125 3.0381e-09
-2.925 3.175 7.1672e-09
-2.925 3.225 1.7080e-08
-2.925 3.275 4.0939e-08
-2.925 3.325 9.8095e-08
-2.925 3.375 2.3308e-07
-2.925 3.425 5.4356e-07
-2.925 3.475 1.2287e-06
-2.925 3.525 2.6533e-06
-2.925 3.575 5.3860e-06
-2.925 3.625 1.0108e-05
-2.925 3.675 1.7262e-05
-2.925 3.725 2.6452e-05
-2.925 3.775 3.5863e-05
-2.925 3.825 4.0331e-05
-2.925 3.875 0.0000e+00
-2.925 3.925 0.0000e+00
-2.925 3.975 0.0000e+00
-2.875 -1.975 0.0000e+00
-2.875 -1.925 0.0000e+00
-2.875 -1.875 0.0000e+00
-2.875 -1.825 0.0000e+00
-2.875 -1.775 0.0000e+00
-2.875 -1.725 0.0000e+00
-2.875 -1.675 0.0000e+00
-2.875 -1.625 0.0000e+00
-2.875 -1.575 0.0000e+00
-2.875 -1.525 0.0000e+00
-2.875 -1.475 0.0000e+00
-2.875 -1.425 0.0000e+00
-2.875 -1.375 0.0000e+00
-2.875 -1.325 0.0000e+00
-2.875 -1.275 0.0000e+00
-2.875 -1.225 0.0000e+00
-2.875 -1.175 0.0000e+00
-2.875 -1.125 0.0000e+00
-2.875 -1.075 0.0000e+00
-2.875 -1.025 0.0000e+00
-2.875 -0.975 0.0000e+00
-2.875 -0.925 0.0000e+00
-2.875 -0.875 0.0000e+00
-2.875 -0.825 0.0000e+00
-2.875 -0.775 0.0000e+00
-2.875 -0.725 0.0000e+00
-2.875 -0.675 0.0000e+00
-2.875 -0.625 0.0000e+00
-2.875 -0.575 0.0000e+00
-2.875 -0.525 0.0000e+00
-2.875 -0.475 0.0000e+00
-2.875 -0.425 0.0000e+00
-2.875 -0.375 0.0000e+00
-2.875 -0.325 0.0000e+00
-2.875 -0.275 0.0000e+00
-2.875 -0.225 0.0000e+00
-2.875 -0.175 0.0000e+00
-2.875 -0.125 0.0000e+00
-2.875 -0.075 0.0000e+00
-2.875 -0.025 0.0000e+00
-2.875 0.025 0.0000e+00
-2.875 0.075 0.0000e+00
-2.875 0.125 0.0000e+00
-2.875 0.175 0.0000e+00
-2.875 0.225 0.0000e+00
-2.875 0.275 0.0000e+00
-2.875 0.325 0.0000e+00
-2.875 0.375 0.0000e+00
-2.875 0.425 0.0000e+00
-2.875 0.475 0.0000e+00
-2.875 0.525 0.0000e+00
-2.875 0.575 0.0000e+00
-2.875 0.625 0.0000e+00
-2.875 0.675 0.0000e+00
-2.875 0.725 0.0000e+00
-2.875 0.775 0.0000e+00
-2.875 0.825 0.0000e+00
-2.875 0.875 0.0000e+00
-2.875 0.925 0.0000e+00
-2.875 0.975 0.0000e+00
-2.875 1.025 0.0000e+00
-2.875 1.075 0.0000e+00
-2.875 1.125 0.0000e+00
-2.875 1.175 0.0000e+00
-2.875 1.225 0.0000e+00
-2.875 1.275 0.0000e+00
-2.875 1.325 0.0000e+00
-2.875 1.375 0.0000e+00
-2.875 1.425 0.0000e+00
-2.875 1.475 0.0000e+00
-2.875 1.525 2.7754e-19
-2.875 1.575 5.5516e-19
-2.875 1.625 1.1108e-18
-2.875 1.675 2.2235e-18
-2.875 1.725 4.4526e-18
-2.875 1.775 8.9205e-18
-2.875 1.825 1.7882e-17
-2.875 1.875 3.5867e-17
-2.875 1.925 7.1995e-17
-2.875 1.975 1.4463e-16
-2.875 2.025 2.9083e-16
-2.875 2.075 5.8545e-16
-2.875 2.125 1.1800e-15
-2.875 2.175 2.3820e-15
-2.875 2.225 4.8164e-15
-2.875 2.275 9.7583e-15
-2.875 2.325 1.9817e-14
-2.875 2.375 4.0354e-14
-2.875 2.425 8.2437e-14
-2.875 2.475 1.6904e-13
-2.875 2.525 3.4814e-13
-2.875 2.575 7.2071e-13
-2.875 2.625 1.5010e-12
-2.875 2.675 3.1479e-12
-2.875 2.725 6.6555e-12
-2.875 2.775 1.4202e-11
-2.875 2.825 3.0621e-11
-2.875 2.875 6.6792e-11
-2.875 2.925 1.4752e-10
-2.875 2.975 3.3011e-10
-2.875 3.025 7.4850e-10
-2.875 3.075 1.7185e-09
-2.875 3.125 3.9882e-09
-2.875 3.175 9.3285e-09
-2.875 3.225 2.1895e-08
-2.875 3.275 5.1255e-08
-2.875 3.325 1.1873e-07
-2.875 3.375 2.6951e-07
-2.875 3.425 5.9254e-07
-2.875 3.475 1.2451e-06
-2.875 3.525 2.4647e-06
-2.875 3.575 4.5301e-06
-2.875 3.625 7.6279e-06
-2.875 3.675 1.1638e-05
-2.875 3.725 1.5957e-05
-2.875 3.775 1.9507e-05
-2.875 3.825 2.0032e-05
-2.875 3.875 0.0000e+00
-2.875 3.925 0.0000e+00
-2.875 3.975 0.0000e+00
-2.825 -1.975 0.0000e+00
-2.825 -1.925 0.0000e+00
-2.825 -1.875 0.0000e+00
-2.825 -1.825 0.0000e+00
-2.825 -1.775 0.0000e+00
-2.825 -1.725 0.0000e+00
-2.825 -1.675 0.0000e+00
-2.825 -1.625 0.0000e+00
-2.825 -1.575 0.0000e+00
-2.825 -1.525 0.0000e+00
-2.825 -1.475 0.0000e+00
-2.825 -1.425 0.0000e+00
-2.825 -1.375 0.0000e+00
-2.825 -1.325 0.0000e+00
-2.825 -1.275 0.0000e+00
-2.825 -1.225 0.0000e+00
-2.825 -1.175 0.0000e+00
-2.825 -1.125 0.0000e+00
-2.825 -1.075 0.0000e+00
-2.825 -1.025 0.0000e+00
-2.825 -0.975 0.0000e+00
-2.825 -0.925 0.0000e+00
-2.825 -0.875 0.0000e+00
-2.825 -0.825 0.0000e+00
-2.825 -0.775 0.0000e+00
-2.825 -0.725 0.0000e+00
-2.825 -0.675 0.0000e+00
-2.825 -0.625 0.0000e+00
-2.825 -0.575 0.0000e+00
-2.825 -0.525 0.0000e+00
-2.825 -0.475 0.0000e+00
-2.825 -0.425 0.0000e+00
-2.825 -0.375 0.0000e+00
-2.825 -0.325 0.0000e+00
-2.825 -0.275 0.0000e+00
-2.825 -0.225 0.0000e+00
-2.825 -0.175 0.0000e+00
-2.825 -0.125 0.0000e+00
-2.825 -0.075 0.0000e+00
-2.825 -0.025 0.0000e+00
-2.825 0.025 0.0000e+00
-2.825 0.075 0.0000e+00
-2.825 0.125 0.0000e+00
-2.825 0.175 0.0000e+00
-2.825 0.225 0.0000e+00
-2.825 0.275 0.0000e+00
-2.825 0.325 0.0000e+00
-2.825 0.375 0.0000e+00
-2.825 0.425 0.0000e+00
-2.825 0.475 0.0000e+00
-2.825 0.525 0.0000e+00
-2.825 0.575 0.0000e+00
-2.825 0.625 0.0000e+00
-2.825 0.675 0.0000e+00
-2.825 0.725 0.0000e+00
-2.825 0.775 0.0000e+00
-2.825 0.825 0.0000e+00
-2.825 0.875 0.0000e+00
-2.825 0.925 0.0000e+00
-2.825 0.975 0.0000e+00
-2.825 1.025 0.0000e+00
-2.825 1.075 0.0000e+00
-2.825 1.125 0.0000e+00
-2.825 1.175 0.0000e+00
-2.825 1.225 0.0000e+00
-2.825 1.275 0.0000e+00
-2.825 1.325 0.0000e+00
-2.825 1.375 0.0000e+00
-2.825 1.425 0.0000e+00
-2.825 1.475 0.0000e+00
-2.825 1.525 3.4945e-19
-2.825 1.575 6.9901e-19
-2.825 1.625 1.3987e-18
-2.825 1.675 2.7999e-18
-2.825 1.725 5.6072e-18
-2.825 1.775 1.1235e-17
-2.825 1.825 2.2523e-17
-2.825 1.875 4.5182e-17
-2.825 1.925 9.0707e-17
-2.825 1.975 1.8226e-16
-2.825 2.025 3.6658e-16
-2.825 2.075 7.3818e-16
-2.825 2.125 1.4885e-15
-2.825 2.175 3.0061e-15
-2.825 2.225 6.0821e-15
-2.825 2.275 1.2332e-14
-2.825 2.325 2.5069e-14
-2.825 2.375 5.1109e-14
-2.825 2.425 1.0456e-13
-2.825 2.475 2.1479e-13
-2.825 2.525 4.4335e-13
-2.825 2.575 9.2022e-13
-2.825 2.625 1.9225e-12
-2.825 2.675 4.0464e-12
-2.825 2.725 8.5901e-12
-2.825 2.775 1.8412e-11
-2.825 2.825 3.9886e-11
-2.825 2.875 8.7395e-11
-2.825 2.925 1.9378e-10
-2.825 2.975 4.3475e-10
-2.825 3.025 9.8606e-10
-2.825 3.075 2.2569e-09
-2.825 3.125 5.1969e-09
-2.825 3.175 1.1986e-08
-2.825 3.225 2.7523e-08
-2.825 3.275 6.2442e-08
-2.825 3.325 1.3866e-07
-2.825 3.375 2.9810e-07
-2.825 3.425 6.1283e-07
-2.825 3.475 1.1891e-06
-2.825 3.525 2.1496e-06
-2.825 3.575 3.5780e-06
-2.825 3.625 5.4328e-06
-2.825 3.675 7.4794e-06
-2.825 3.725 9.3084e-06
-2.825 3.775 1.0435e-05
-2.825 3.825 9.9579e-06
-2.825 3.875 0.0000e+00
-2.825 3.925 0.0000e+00
-2.825 3.975 0.0000e+00
-2.775 -1.975 0.0000e+00
-2.775 -1.925 0.0000e+00
-2.775 -1.875 0.0000e+00
-2.775 -1.825 0.0000e+00
-2.775 -1.775 0.0000e+00
-2.775 -1.725 0.0000e+00
-2.775 -1.675 0.0000e+00
-2.775 -1.625 0.0000e+00
-2.775 -1.575 0.0000e+00
-2.775 -1.525 0.0000e+00
-2.775 -1.475 0.0000e+00
-2.775 -1.425 0.0000e+00
-2.775 -1.375 0.0000e+00
-2.775 -1.325 0.0000e+00
-2.775 -1.275 0.0000e+00
-2.775 -1.225 0.0000e+00
-2.775 -1.175 0.0000e+00
-2.775 -1.125 0.0000e+00
-2.775 -1.075 0.0000e+00
-2.775 -1.025 0.0000e+00
-2.775 -0.975 0.0000e+00
-2.775 -0.925 0.0000e+00
-2.775 -0.875 0.0000e+00
-2.775 -0.825 0.0000e+00
-2.775 -0.775 0.0000e+00
-2.775 -0.725 0.0000e+00
-2.775 -0.675 0.0000e+00
-2.775 -0.625 0.0000e+00
-2.775 -0.575 0.0000e+00
-2.775 -0.525 0.0000e+00
-2.775 -0.475 0.0000e+00
-2.775 -0.425 0.0000e+00
-2.775 -0.375 0.0000e+00
-2.775 -0.325 0.0000e+00
-2.775 -0.275 0.0000e+00
-2.775 -0.225 0.0000e+00
-2.775 -0.175 0.0000e+00
-2.775 -0.125 0.0000e+00
-2.775 -0.075 0.0000e+00
-2.775 -0.025 0.0000e+00
-2.775 0.025 0.0000e+00
-2.775 0.075 0.0000e+00
-2.775 0.125 0.0000e+00
-2.775 0.175 0.0000e+00
-2.775 0.225 0.0000e+00
-2.775 0.275 0.0000e+00
-2.775 0.325 0.0000e+00
-2.775 0.375 0.0000e+00
-2.775 0.425 0.0000e+00
-2.775 0.475 0.0000e+00
-2.775 0.525 0.0000e+00
-2.775 0.575 0.0000e+00
-2.775 0.625 0.0000e+00
-2.775 0.675 0.0000e+00
-2.775 0.725 0.0000e+00
-2.775 0.775 0.0000e+00
-2.775 0.825 0.0000e+00
-2.775 0.875 0.0000e+00
-2.775 0.925 0.0000e+00
-2.775 0.975 0.0000e+00
-2.775 1.025 0.0000e+00
-2.775 1.075 0.0000e+00
-2.775 1.125 0.0000e+00
-2.775 1.175 0.0000e+00
-2.775 1.225 0.0000e+00
-2.775 1.275 0.0000e+00
-2.775 1.325 0.0000e+00
-2.775 1.375 0.0000e+00
-2.775 1.425 0.0000e+00
-2.775 1.475 0.0000e+00
-2.775 1.525 4.4000e-19
-2.775 1.575 8.8018e-19
-2.775 1.625 1.7613e-18
-2.775 1.675 3.5260e-18
-2.775 1.725 7.0618e-18
-2.775 1.775 1.4151e-17
-2.775 1.825 2.8372e-17
-2.775 1.875 5.6926e-17
-2.775 1.925 1.1431e-16
-2.775 1.975 2.2973e-16
-2.775 2.025 4.6222e-16
-2.775 2.075 9.3113e-16
-2.775 2.125 1.8785e-15
-2.775 2.175 3.7960e-15
-2.775 2.225 7.6864e-15
-2.775 2.275 1.5600e-14
-2.775 2.325 3.1749e-14
-2.775 2.375 6.4824e-14
-2.775 2.425 1.3286e-13
-2.775 2.475 2.7352e-13
-2.775 2.525 5.6603e-13
-2.775 2.575 1.1785e-12
-2.775 2.625 2.4708e-12
-2.775 2.675 5.2218e-12
-2.775 2.725 1.1135e-11
-2.775 2.775 2.3977e-11
-2.775 2.825 5.2175e-11
-2.775 2.875 1.1477e-10
-2.775 2.925 2.5516e-10
-2.775 2.975 5.7274e-10
-2.775 3.025 1.2955e-09
-2.775 3.075 2.9438e-09
-2.775 3.125 6.6902e-09
-2.775 3.175 1.5117e-08
-2.775 3.225 3.3708e-08
-2.775 3.275 7.3511e-08
-2.775 3.325 1.5517e-07
-2.775 3.375 3.1338e-07
-2.775 3.425 5.9833e-07
-2.775 3.475 1.0672e-06
-2.775 3.525 1.7597e-06
-2.775 3.575 2.6604e-06
-2.775 3.625 3.6691e-06
-2.775 3.675 4.6092e-06
-2.775 3.725 5.2787e-06
-2.775 3.775 5.5075e-06
-2.775 3.825 4.9548e-06
-2.775 3.875 0.0000e+00
-2.775 3.925 0.0000e+00
-2.775 3.975 0.0000e+00
-2.725 -1.975 0.0000e+00
-2.725 -1.925 0.0000e+00
-2.725 -1.875 0.0000e+00
-2.725 -1.825 0.0000e+00
-2.725 -1.775 0.0000e+00
-2.725 -1.725 0.0000e+00
-2.725 -1.675 0.0000e+00
-2.725 -1.625 0.0000e+00
-2.725 -1.575 0.0000e+00
-2.725 -1.525 0.0000e+00
-2.725 -1.475 0.0000e+00
-2.725 -1.425 0.0000e+00
-2.725 -1.375 0.0000e+00
-2.725 -1.325 0.0000e+00
-2.725 -1.275 0.0000e+00
-2.725 -1.225 0.0000e+00
-2.725 -1.175 0.0000e+00
-2.725 -1.125 0.0000e+00
-2.725 -1.075 0.0000e+00
-2.725 -1.025 0.0000e+00
-2.725 -0.975 0.0000e+00
-2.725 -0.925 0.0000e+00
-2.725 -0.875 0.0000e+00
-2.725 -0.825 0.0000e+00
-2.725 -0.775 0.0000e+00
-2.725 -0.725 0.0000e+00
-2.725 -0.675 0.0000e+00
-2.725 -0.625 0.0000e+00
-2.725 -0.575 0.0000e+00
-2.725 -0.525 0.0000e+00
-2.725 -0.475 0.0000e+00
-2.725 -0.425 0.0000e+00
-2.725 -0.375 0.0000e+00
-2.725 -0.325 0.0000e+00
-2.725 -0.275 0.0000e+00
-2.725 -0.225 0.0000e+00
-2.725 -0.175 0.0000e+00
-2.725 -0.125 0.0000e+00
-2.725 -0.075 0.0000e+00
-2.725 -0.025 0.0000e+00
-2.725 0.025 0.0000e+00
-2.725 0.075 0.0000e+00
-2.725 0.125 0.0000e+00
-2.725 0.175 0.0000e+00
-2.725 0.225 0.0000e+00
-2.725 0.275 0.0000e+00
-2.725 0.325 0.0000e+00
-2.725 0.375 0.0000e+00
-2.725 0.425 0.0000e+00
-2.725 0.475 0.0000e+00
-2.725 0.525 0.0000e+00
-2.725 0.575 0.0000e+00
-2.725 0.625 0.0000e+00
-2.725 0.675 0.0000e+00
-2.725 0.725 0.0000e+00
-2.725 0.775 0.0000e+00
-2.725 0.825 0.0000e+00
-2.725 0.875 0.0000e+00
-2.725 0.925 0.0000e+00
-2.725 0.975 0.0000e+00
-2.725 1.025 0.0000e+00
-2.725 1.075 0.0000e+00
-2.725 1.125 0.0000e+00
-2.725 1.175 0.0000e+00
-2.725 1.225 0.0000e+00
-2.725 1.275 0.0000e+00
-2.725 1.325 0.0000e+00
-2.725 1.375 0.0000e+00
-2.725 1.425 0.0000e+00
-2.725 1.475 0.0000e+00
-2.725 1.525 5.5403e-19
-2.725 1.575 1.1084e-18
-2.725 1.625 2.2181e-18
-2.725 1.675 4.4407e-18
-2.725 1.725 8.8946e-18
-2.725 1.775 1.7826e-17
-2.725 1.825 3.5746e-17
-2.725 1.875 7.1735e-17
-2.725 1.925 1.4408e-16
-2.725 1.975 2.8967e-16
-2.725 2.025 5.8303e-16
-2.725 2.075 1.1751e-15
-2.725 2.125 2.3721e-15
-2.725 2.175 4.7972e-15
-2.725 2.225 9.7230e-15
-2.725 2.275 1.9757e-14
-2.725 2.325 4.0268e-14
-2.725 2.375 8.2365e-14
-2.725 2.425 1.6917e-13
-2.725 2.475 3.4918e-13
-2.725 2.525 7.2483e-13
-2.725 2.575 1.5145e-12
-2.725 2.625 3.1880e-12
-2.725 2.675 6.7672e-12
-2.725 2.725 1.4496e-11
-2.725 2.775 3.1357e-11
-2.725 2.825 6.8504e-11
-2.725 2.875 1.5110e-10
-2.725 2.925 3.3615e-10
-2.725 2.975 7.5271e-10
-2.725 3.025 1.6912e-09
-2.725 3.075 3.7956e-09
-2.725 3.125 8.4606e-09
-2.725 3.175 1.8594e-08
-2.725 3.225 3.9945e-08
-2.725 3.275 8.3048e-08
-2.725 3.325 1.6530e-07
-2.725 3.375 3.1145e-07
-2.725 3.425 5.4948e-07
-2.725 3.475 8.9904e-07
-2.725 3.525 1.3541e-06
-2.725 3.575 1.8692e-06
-2.725 3.625 2.3624e-06
-2.725 3.675 2.7391e-06
-2.725 3.725 2.9240e-06
-2.725 3.775 2.8760e-06
-2.725 3.825 2.4678e-06
-2.725 3.875 0.0000e+00
-2.725 3.925 0.0000e+00
-2.725 3.975 0.0000e+00
-2.675 -1.975 0.0000e+00
-2.675 -1.925 0.0000e+00
-2.675 -1.875 0.0000e+00
-2.675 -1.825 0.0000e+00
-2.675 -1.775 0.0000e+00
-2.675 -1.725 0.0000e+00
-2.675 -1.675 0.0000e+00
-2.675 -1.625 0.0000e+00
-2.675 -1.575 0.0000e+00
-2.675 -1.525 0.0000e+00
-2.675 -1.475 0.0000e+00
-2.675 -1.425 0.0000e+00
-2.675 -1.375 0.0000e+00
-2.675 -1.325 0.0000e+00
-2.675 -1.275 0.0000e+00
-2.675 -1.225 0.0000e+00
-2.675 -1.175 0.0000e+00
-2.675 -1.125 0.0000e+00
-2.675 -1.075 0.0000e+00
-2.675 -1.025 0.0000e+00
-2.675 -0.975 0.0000e+00
-2.675 -0.925 0.0000e+00
-2.675 -0.875 0.0000e+00
-2.675 -0.825 0.0000e+00
-2.675 -0.775 0.0000e+00
-2.675 -0.725 0.0000e+00
-2.675 -0.675 0.0000e+00
-2.675 -0.625 0.0000e+00
-2.675 -0.575 0.0000e+00
-2.675 -0.525 0.0000e+00
-2.675 -0.475 0.0000e+00
-2.675 -0.425 0.0000e+00
-2.675 -0.375 0.0000e+00
-2.675 -0.325 0.0000e+00
-2.675 -0.275 0.0000e+00
-2.675 -0.225 0.0000e+00
-2.675 -0.175 0.0000e+00
-2.675 -0.125 0.0000e+00
-2.675 -0.075 0.0000e+00
-2.675 -0.025 0.0000e+00
-2.675 0.025 0.0000e+00
-2.675 0.075 0.0000e+00
-2.675 0.125 0.0000e+00
-2.675 0.175 0.0000e+00
-2.675 0.225 0.0000e+00
-2.675 0.275 0.0000e+00
-2.675 0.325 0.0000e+00
-2.675 0.375 0.0000e+00
-2.675 0.425 0.0000e+00
-2.675 0.475 0.0000e+00
-2.675 0.525 0.0000e+00
-2.675 0.575 0.0000e+00
-2.675 0.625 0.0000e+00
-2.675 0.675 0.0000e+00
-2.675 0.725 0.0000e+00
-2.675 0.775 0.0000e+00
-2.675 0.825 0.0000e+00
-2.675 0.875 0.0000e+00
-2.675 0.925 0.0000e+00
-2.675 0.975 0.0000e+00
-2.675 1.025 0.0000e+00
-2.675 1.075 0.0000e+00
-2.675 1.125 0.0000e+00
-2.675 1.175 0.0000e+00
-2.675 1.225 0.0000e+00
-2.675 1.275 0.0000e+00
-2.675 1.325 0.0000e+00
-2.675 1.375 0.0000e+00
-2.675 1.425 0.0000e+00
-2.675 1.475 0.0000e+00
-2.675 1.525 6.9766e-19
-2.675 1.575 1.3958e-18
-2.675 1.625 2.7935e-18
-2.675 1.675 5.5932e-18
-2.675 1.725 1.1205e-17
-2.675 1.775 2.2458e-17
-2.675 1.825 4.5046e-17
-2.675 1.875 9.0420e-17
-2.675 1.925 1.8166e-16
-2.675 1.975 3.6537e-16
-2.675 2.025 7.3578e-16
-2.675 2.075 1.4839e-15
-2.675 2.125 2.9977e-15
-2.675 2.175 6.0683e-15
-2.675 2.225 1.2314e-14
-2.675 2.275 2.5058e-14
-2.675 2.325 5.1162e-14
-2.675 2.375 1.0487e-13
-2.675 2.425 2.1596e-13
-2.675 2.475 4.4711e-13
-2.675 2.525 9.3138e-13
-2.675 2.575 1.9538e-12
-2.675 2.625 4.1309e-12
-2.675 2.675 8.8088e-12
-2.675 2.725 1.8955e-11
-2.675 2.775 4.1163e-11
-2.675 2.825 9.0177e-11
-2.675 2.875 1.9907e-10
-2.675 2.925 4.4188e-10
-2.675 2.975 9.8323e-10
-2.675 3.025 2.1834e-09
-2.675 3.075 4.8110e-09
-2.675 3.125 1.0445e-08
-2.675 3.175 2.2156e-08
-2.675 3.225 4.5483e-08
-2.675 3.275 8.9438e-08
-2.675 3.325 1.6668e-07
-2.675 3.375 2.9143e-07
-2.675 3.425 4.7378e-07
-2.675 3.475 7.1132e-07
-2.675 3.525 9.8240e-07
-2.675 3.575 1.2471e-06
-2.675 3.625 1.4584e-06
-2.675 3.675 1.5783e-06
-2.675 3.725 1.5887e-06
-2.675 3.775 1.4892e-06
-2.675 3.825 1.2304e-06
-2.675 3.875 0.0000e+00
-2.675 3.925 0.0000e+00
-2.675 3.975 0.0000e+00
-2.625 -1.975 0.0000e+00
-2.625 -1.925 0.0000e+00
-2.625 -1.875 0.0000e+00
-2.625 -1.825 0.0000e+00
-2.625 -1.775 0.0000e+00
-2.625 -1.725 0.0000e+00
-2.625 -1.675 0.0000e+00
-2.625 -1.625 0.0000e+00
-2.625 -1.575 0.0000e+00
-2.625 -1.525 0.0000e+00
-2.625 -1.475 0.0000e+00
-2.625 -1.425 0.0000e+00
-2.625 -1.375 0.0000e+00
-2.625 -1.325 0.0000e+00
-2.625 -1.275 0.0000e+00
-2.625 -1.225 0.0000e+00
-2.625 -1.175 0.0000e+00
-2.625 -1.125 0.0000e+00
-2.625 -1.075 0.0000e+00
-2.625 -1.025 0.0000e+00
-2.625 -0.975 0.0000e+00
-2.625 -0.925 0.0000e+00
-2.625 -0.875 0.0000e+00
-2.625 -0.825 0.0000e+00
-2.625 -0.775 0.0000e+00
-2.625 -0.725 0.0000e+00
-2.625 -0.675 0.0000e+00
-2.625 -0.625 0.0000e+00
-2.625 -0.575 0.0000e+00
-2.625 -0.525 0.0000e+00
-2.625 -0.475 0.0000e+00
-2.625 -0.425 0.0000e+00
-2.625 -0.375 0.0000e+00
-2.625 -0.325 0.0000e+00
-2.625 -0.275 0.0000e+00
-2.625 -0.225 0.0000e+00
-2.625 -0.175 0.0000e+00
-2.625 -0.125 0.0000e+00
-2.625 -0.075 0.0000e+00
-2.625 -0.025 0.0000e+00
-2.625 0.025 0.0000e+00
-2.625 0.075 0.0000e+00
-2.625 0.125 0.0000e+00
-2.625 0.175 0.0000e+00
-2.625 0.225 0.0000e+00
-2.625 0.275 0.0000e+00
-2.625 0.325 0.0000e+00
-2.625 0.375 0.0000e+00
-2.625 0.425 0.0000e+00
-2.625 0.475 0.0000e+00
-2.625 0.525 0.0000e+00
-2.625 0.575 0.0000e+00
-2.625 0.625 0.0000e+00
-2.625 0.675 0.0000e+00
-2.625 0.725 0.0000e+00
-2.625 0.775 0.0000e+00
-2.625 0.825 0.0000e+00
-2.625 0.875 0.0000e+00
-2.625 0.925 0.0000e+00
-2.625 0.975 0.0000e+00
-2.625 1.025 0.0000e+00
-2.625 1.075 0.0000e+00
-2.625 1.125 0.0000e+00
-2.625 1.175 0.0000e+00
-2.625 1.225 0.0000e+00
-2.625 1.275 0.0000e+00
-2.625 1.325 0.0000e+00
-2.625 1.375 0.0000e+00
-2.625 1.425 0.0000e+00
-2.625 1.475 0.0000e+00
-2.625 1.525 8.7857e-19
-2.625 1.575 1.7578e-18
-2.625 1.625 3.5185e-18
-2.625 1.675 7.0458e-18
-2.625 1.725 1.4117e-17
-2.625 1.775 2.8301e-17
-2.625 1.825 5.6779e-17
-2.625 1.875 1.1401e-16
-2.625 1.925 2.2915e-16
-2.625 1.975 4.6110e-16
-2.625 2.025 9.2911e-16
-2.625 2.075 1.8752e-15
-2.625 2.125 3.7919e-15
-2.625 2.175 7.6850e-15
-2.625 2.225 1.5617e-14
-2.625 2.275 3.1836e-14
-2.625 2.325 6.5140e-14
-2.625 2.375 1.3387e-13
-2.625 2.425 2.7650e-13
-2.625 2.475 5.7446e-13
-2.625 2.525 1.2014e-12
-2.625 2.575 2.5313e-12
-2.625 2.625 5.3762e-12
-2.625 2.675 1.1516e-11
-2.625 2.725 2.4878e-11
-2.625 2.775 5.4179e-11
-2.625 2.825 1.1880e-10
-2.625 2.875 2.6173e-10
-2.625 2.925 5.7754e-10
-2.625 2.975 1.2708e-09
-2.625 3.025 2.7727e-09
-2.625 3.075 5.9574e-09
-2.625 3.125 1.2502e-08
-2.625 3.175 2.5393e-08
-2.625 3.225 4.9428e-08
-2.625 3.275 9.1280e-08
-2.625 3.325 1.5840e-07
-2.625 3.375 2.5614e-07
-2.625 3.425 3.8353e-07
-2.625 3.475 5.2983e-07
-2.625 3.525 6.7488e-07
-2.625 3.575 7.9442e-07
-2.625 3.625 8.6818e-07
-2.625 3.675 8.8615e-07
-2.625 3.725 8.4960e-07
-2.625 3.775 7.6589e-07
-2.625 3.825 6.1394e-07
-2.625 3.875 0.0000e+00
-2.625 3.925 0.0000e+00
-2.625 3.975 0.0000e+00
-2.575 -1.975 0.0000e+00
-2.575 -1.925 0.0000e+00
-2.575 -1.875 0.0000e+00
-2.575 -1.825 0.0000e+00
-2.575 -1.775 0.0000e+00
-2.575 -1.725 0.0000e+00
-2.575 -1.675 0.0000e+00
-2.575 -1.625 0.0000e+00
-2.575 -1.575 0.0000e+00
-2.575 -1.525 0.0000e+00
-2.575 -1.475 0.0000e+00
-2.575 -1.425 0.0000e+00
-2.575 -1.375 0.0000e+00
-2.575 -1.325 0.0000e+00
-2.575 -1.275 0.0000e+00
-2.575 -1.225 0.0000e+00
-2.575 -1.175 0.0000e+00
-2.575 -1.125 0.0000e+00
-2.575 -1.075 0.0000e+00
-2.575 -1.025 0.0000e+00
-2.575 -0.975 0.0000e+00
-2.575 -0.925 0.0000e+00
-2.575 -0.875 0.0000e+00
-2.575 -0.825 0.0000e+00
-2.575 -0.775 0.0000e+00
-2.575 -0.725 0.0000e+00
-2.575 -0.675 0.0000e+00
-2.575 -0.625 0.0000e+00
-2.575 -0.575 0.0000e+00
-2.575 -0.525 0.0000e+00
-2.575 -0.475 0.0000e+00
-2.575 -0.425 0.0000e+00
-2.575 -0.375 0.0000e+00
-2.575 -0.325 0.0000e+00
-2.575 -0.275 0.0000e+00
-2.575 -0.225 0.0000e+00
-2.575 -0.175 0.0000e+00
-2.575 -0.125 0.0000e+00
-2.575 -0.075 0.0000e+00
-2.575 -0.025 0.0000e+00
-2.575 0.025 0.0000e+00
-2.575 0.075 0.0000e+00
-2.575 0.125 0.0000e+00
-2.575 0.175 0.0000e+00
-2.575 0.225 0.0000e+00
-2.575 0.275 0.0000e+00
-2.575 0.325 0.0000e+00
-2.575 0.375 0.0000e+00
-2.575 0.425 0.0000e+00
-2.575 0.475 0.0000e+00
-2.575 0.525 0.0000e+00
-2.575 0.575 0.0000e+00
-2.575 0.625 0.0000e+00
-2.575 0.675 0.0000e+00
-2.575 0.725 0.0000e+00
-2.575 0.775 0.0000e+00
-2.575 0.825 0.0000e+00
-2.575 0.875 0.0000e+00
-2.575 0.925 0.0000e+00
-2.575 0.975 0.0000e+00
-2.575 1.025 0.0000e+00
-2.575 1.075 0.0000e+00
-2.575 1.125 0.0000e+00
-2.575 1.175 0.0000e+00
-2.575 1.225 0.0000e+00
-2.575 1.275 0.0000e+00
-2.575 1.325 0.0000e+00
-2.575 1.375 0.0000e+00
-2.575 1.425 0.0000e+00
-2.575 1.475 0.0000e+00
-2.575 1.525 1.1065e-18
-2.575 1.575 2.2141e-18
-2.575 1.625 4.4322e-18
-2.575 1.675 8.8770e-18
-2.575 1.725 1.7789e-17
-2.575 1.775 3.5673e-17
-2.575 1.825 7.1590e-17
-2.575 1.875 1.4380e-16
-2.575 1.925 2.8918e-16
-2.575 1.975 5.8225e-16
-2.575 2.025 1.1741e-15
-2.575 2.075 2.3720e-15
-2.575 2.125 4.8021e-15
-2.575 2.175 9.7464e-15
-2.575 2.225 1.9841e-14
-2.575 2.275 4.0533e-14
-2.575 2.325 8.3147e-14
-2.575 2.375 1.7139e-13
-2.575 2.425 3.5524e-13
-2.575 2.475 7.4095e-13
-2.575 2.525 1.5563e-12
-2.575 2.575 3.2939e-12
-2.575 2.625 7.0273e-12
-2.575 2.675 1.5112e-11
-2.575 2.725 3.2741e-11
-2.575 2.775 7.1375e-11
-2.575 2.825 1.5623e-10
-2.575 2.875 3.4225e-10
-2.575 2.925 7.4716e-10
-2.575 2.975 1.6165e-09
-2.575 3.025 3.4423e-09
-2.575 3.075 7.1583e-09
-2.575 3.125 1.4408e-08
-2.575 3.175 2.7806e-08
-2.575 3.225 5.0956e-08
-2.575 3.275 8.7867e-08
-2.575 3.325 1.4145e-07
-2.575 3.375 2.1132e-07
-2.575 3.425 2.9198e-07
-2.575 3.475 3.7293e-07
-2.575 3.525 4.4127e-07
-2.575 3.575 4.8592e-07
-2.575 3.625 5.0103e-07
-2.575 3.675 4.8693e-07
-2.575 3.725 4.4856e-07
-2.575 3.775 3.9180e-07
-2.575 3.825 3.0659e-07
-2.575 3.875 0.0000e+00
-2.575 3.925 0.0000e+00
-2.575 3.975 0.0000e+00
-2.525 -1.975 0.0000e+00
-2.525 -1.925 0.0000e+00
-2.525 -1.875 0.0000e+00
-2.525 -1.825 0.0000e+00
-2.525 -1.775 0.0000e+00
-2.525 -1.725 0.0000e+00
-2.525 -1.675 0.0000e+00
-2.525 -1.625 0.0000e+00
-2.525 -1.575 0.0000e+00
-2.525 -1.525 0.0000e+00
-2.525 -1.475 0.0000e+00
-2.525 -1.425 0.0000e+00
-2.525 -1.375 0.0000e+00
-2.525 -1.325 0.0000e+00
-2.525 -1.275 0.0000e+00
-2.525 -1.225 0.0000e+00
-2.525 -1.175 0.0000e+00
-2.525 -1.125 0.0000e+00
-2.525 -1.075 0.0000e+00
-2.525 -1.025 0.0000e+00
-2.525 -0.975 0.0000e+00
-2.525 -0.925 0.0000e+00
-2.525 -0.875 0.0000e+00
-2.525 -0.825 0.0000e+00
-2.525 -0.775 0.0000e+00
-2.525 -0.725 0.0000e+00
-2.525 -0.675 0.0000e+00
-2.525 -0.625 0.0000e+00
-2.525 -0.575 0.0000e+00
-2.525 -0.525 0.0000e+00
-2.525 -0.475 0.0000e+00
-2.525 -0.425 0.0000e+00
-2.525 -0.375 0.0000e+00
-2.525 -0.325 0.0000e+00
-2.525 -0.275 0.0000e+00
-2.525 -0.225 0.0000e+00
-2.525 -0.175 0.0000e+00
-2.525 -0.125 0.0000e+00
-2.525 -0.075 0.0000e+00
-2.525 -0.025 0.0000e+00
-2.525 0.025 0.0000e+00
-2.525 0.075 0.0000e+00
-2.525 0.125 0.0000e+00
-2.525 0.175 0.0000e+00
-2.525 0.225 0.0000e+00
-2.525 0.275 0.0000e+00
-2.525 0.325 0.0000e+00
-2.525 0.375 0.0000e+00
-2.525 0.425 0.0000e+00
-2.525 0.475 0.0000e+00
-2.525 0.525 0.0000e+00
-2.525 0.575 0.0000e+00
-2.525 0.625 0.0000e+00
-2.525 0.675 0.0000e+00
-2.525 0.725 0.0000e+00
-2.525 0.775 0.0000e+00
-2.525 0.825 0.0000e+00
-2.525 0.875 0.0000e+00
-2.525 0.925 0.0000e+00
-2.525 0.975 0.0000e+00
-2.525 1.025 0.0000e+00
-2.525 1.075 0.0000e+00
-2.525 1.125 0.0000e+00
-2.525 1.175 0.0000e+00
-2.525 1.225 0.0000e+00
-2.525 1.275 0.0000e+00
-2.525 1.325 0.0000e+00
-2.525 1.375 0.0000e+00
-2.525 1.425 0.0000e+00
-2.525 1.475 0.0000e+00
-2.525 1.525 1.3937e-18
-2.525 1.575 2.7891e-18
-2.525 1.625 5.5842e-18
-2.525 1.675 1.1186e-17
-2.525 1.725 2.2423e-17
-2.525 1.775 4.4978e-17
-2.525 1.825 9.0301e-17
-2.525 1.875 1.8148e-16
-2.525 1.925 3.6516e-16
-2.525 1.975 7.3580e-16
-2.525 2.025 1.4852e-15
-2.525 2.075 3.0039e-15
-2.525 2.125 6.0900e-15
-2.525 2.175 1.2382e-14
-2.525 2.225 2.5260e-14
-2.525 2.275 5.1734e-14
-2.525 2.325 1.0644e-13
-2.525 2.375 2.2017e-13
-2.525 2.425 4.5815e-13
-2.525 2.475 9.5971e-13
-2.525 2.525 2.0250e-12
-2.525 2.575 4.3049e-12
-2.525 2.625 9.2207e-12
-2.525 2.675 1.9887e-11
-2.525 2.725 4.3132e-11
-2.525 2.775 9.3874e-11
-2.525 2.825 2.0437e-10
-2.525 2.875 4.4312e-10
-2.525 2.925 9.5170e-10
-2.525 2.975 2.0112e-09
-2.525 3.025 4.1497e-09
-2.525 3.075 8.2883e-09
-2.525 3.125 1.5878e-08
-2.525 3.175 2.8909e-08
-2.525 3.225 4.9585e-08
-2.525 3.275 7.9520e-08
-2.525 3.325 1.1857e-07
-2.525 3.375 1.6385e-07
-2.525 3.425 2.0974e-07
-2.525 3.475 2.4924e-07
-2.525 3.525 2.7615e-07
-2.525 3.575 2.8700e-07
-2.525 3.625 2.8170e-07
-2.525 3.675 2.6286e-07
-2.525 3.725 2.3437e-07
-2.525 3.775 1.9958e-07
-2.525 3.825 1.5320e-07
-2.525 3.875 0.0000e+00
-2.525 3.925 0.0000e+00
-2.525 3.975 0.0000e+00
-2.475 -1.975 0.0000e+00
-2.475 -1.925 0.0000e+00
-2.475 -1.875 0.0000e+00
-2.475 -1.825 0.0000e+00
-2.475 -1.775 0.0000e+00
-2.475 -1.725 0.0000e+00
-2.475 -1.675 0.0000e+00
-2.475 -1.625 0.0000e+00
-2.475 -1.575 0.0000e+00
-2.475 -1.525 0.0000e+00
-2.475 -1.475 0.0000e+00
-2.475 -1.425 0.0000e+00
-2.475 -1.375 0.0000e+00
-2.475 -1.325 0.0000e+00
-2.475 -1.275 0.0000e+00
-2.475 -1.225 0.0000e+00
-2.475 -1.175 0.0000e+00
-2.475 -1.125 0.0000e+00
-2.475 -1.075 0.0000e+00
-2.475 -1.025 0.0000e+00
-2.475 -0.975 0.0000e+00
-2.475 -0.925 0.0000e+00
-2.475 -0.875 0.0000e+00
-2.475 -0.825 0.0000e+00
-2.475 -0.775 0.0000e+00
-2.475 -0.725 0.0000e+00
-2.475 -0.675 0.0000e+00
-2.475 -0.625 0.0000e+00
-2.475 -0.575 0.0000e+00
-2.475 -0.525 0.0000e+00
-2.475 -0.475 0.0000e+00
-2.475 -0.425 0.0000e+00
-2.475 -0.375 0.0000e+00
-2.475 -0.325 0.0000e+00
-2.475 -0.275 0.0000e+00
-2.475 -0.225 0.0000e+00
-2.475 -0.175 0.0000e+00
-2.475 -0.125 0.0000e+00
-2.475 -0.075 0.0000e+00
-2.475 -0.025 0.0000e+00
-2.475 0.025 0.0000e+00
-2.475 0.075 0.0000e+00
-2.475 0.125 0.0000e+00
-2.475 0.175 0.0000e+00
-2.475 0.225 0.0000e+00
-2.475 0.275 0.0000e+00
-2.475 0.325 0.0000e+00
-2.475 0.375 0.0000e+00
-2.475 0.425 0.0000e+00
-2.475 0.475 0.0000e+00
-2.475 0.525 0.0000e+00
-2.475 0.575 0.0000e+00
-2.475 0.625 0.0000e+00
-2.475 0.675 0.0000e+00
-2.475 0.725 0.0000e+00
-2.475 0.775 0.0000e+00
-2.475 0.825 0.0000e+00
-2.475 0.875 0.0000e+00
-2.475 0.925 0.0000e+00
-2.475 0.975 0.0000e+00
-2.475 1.025 0.0000e+00
-2.475 1.075 0.0000e+00
-2.475 1.125 0.0000e+00
-2.475 1.175 0.0000e+00
-2.475 1.225 0.0000e+00
-2.475 1.275 0.0000e+00
-2.475 1.325 0.0000e+00
-2.475 1.375 0.0000e+00
-2.475 1.425 0.0000e+00
-2.475 1.475 0.0000e+00
-2.475 1.525 1.7556e-18
-2.475 1.575 3.5140e-18
-2.475 1.625 7.0369e-18
-2.475 1.675 1.4100e-17
-2.475 1.725 2.8272e-17
-2.475 1.775 5.6734e-17
-2.475 1.825 1.1396e-16
-2.475 1.875 2.2916e-16
-2.475 1.925 4.6145e-16
-2.475 1.975 9.3072e-16
-2.475 2.025 1.8808e-15
-2.475 2.075 3.8095e-15
-2.475 2.125 7.7368e-15
-2.475 2.175 1.5764e-14
-2.475 2.225 3.2240e-14
-2.475 2.275 6.6227e-14
-2.475 2.325 1.3673e-13
-2.475 2.375 2.8393e-13
-2.475 2.425 5.9336e-13
-2.475 2.475 1.2486e-12
-2.475 2.525 2.6461e-12
-2.475 2.575 5.6479e-12
-2.475 2.625 1.2133e-11
-2.475 2.675 2.6198e-11
-2.475 2.725 5.6736e-11
-2.475 2.775 1.2284e-10
-2.475 2.825 2.6478e-10
-2.475 2.875 5.6509e-10
-2.475 2.925 1.1863e-09
-2.475 2.975 2.4313e-09
-2.475 3.025 4.8240e-09
-2.475 3.075 9.1840e-09
-2.475 3.125 1.6628e-08
-2.475 3.175 2.8391e-08
-2.475 3.225 4.5385e-08
-2.475 3.275 6.7562e-08
-2.475 3.325 9.3373e-08
-2.475 3.375 1.1975e-07
-2.475 3.425 1.4280e-07
-2.475 3.475 1.5902e-07
-2.475 3.525 1.6634e-07
-2.475 3.575 1.6454e-07
-2.475 3.625 1.5498e-07
-2.475 3.675 1.3985e-07
-2.475 3.725 1.2144e-07
-2.475 3.775 1.0133e-07
-2.475 3.825 7.6599e-08
-2.475 3.875 0.0000e+00
-2.475 3.925 0.0000e+00
-2.475 3.975 0.0000e+00
-2.425 -1.975 0.0000e+00
-2.425 -1.925 0.0000e+00
-2.425 -1.875 0.0000e+00
-2.425 -1.825 0.0000e+00
-2.425 -1.775 0.0000e+00
-2.425 -1.725 0.0000e+00
-2.425 -1.675 0.0000e+00
-2.425 -1.625 0.0000e+00
-2.425 -1.575 0.0000e+00
-2.425 -1.525 0.0000e+00
-2.425 -1.475 0.0000e+00
-2.425 -1.425 0.0000e+00
-2.425 -1.375 0.0000e+00
-2.425 -1.325 0.0000e+00
-2.425 -1.275 0.0000e+00
-2.425 -1.225 0.0000e+00
-2.425 -1.175 0.0000e+00
-2.425 -1.125 0.0000e+00
-2.425 -1.075 0.0000e+00
-2.425 -1.025 0.0000e+00
-2.425 -0.975 0.0000e+00
-2.425 -0.925 0.0000e+00
-2.425 -0.875 0.0000e+00
-2.425 -0.825 0.0000e+00
-2.425 -0.775 0.0000e+00
-2.425 -0.725 0.0000e+00
-2.425 -0.675 0.0000e+00
-2.425 -0.625 0.0000e+00
-2.425 -0.575 0.0000e+00
-2.425 -0.525 0.0000e+00
-2.425 -0.475 0.0000e+00
-2.425 -0.425 0.0000e+00
-2.425 -0.375 0.0000e+00
-2.425 -0.325 0.0000e+00
-2.425 -0.275 0.0000e+00
-2.425 -0.225 0.0000e+00
-2.425 -0.175 0.0000e+00
-2.425 -0.125 0.0000e+00
-2.425 -0.075 0.0000e+00
-2.425 -0.025 0.0000e+00
-2.425 0.025 0.0000e+00
-2.425 0.075 0.0000e+00
-2.425 0.125 0.0000e+00
-2.425 0.175 0.0000e+00
-2.425 0.225 0.0000e+00
-2.425 0.275 0.0000e+00
-2.425 0.325 0.0000e+00
-2.425 0.375 0.0000e+00
-2.425 0.425 0.0000e+00
-2.425 0.475 0.0000e+00
-2.425 0.525 0.0000e+00
-2.425 0.575 0.0000e+00
-2.425 0.625 0.0000e+00
-2.425 0.675 0.0000e+00
-2.425 0.725 0.0000e+00
-2.425 0.775 0.0000e+00
-2.425 0.825 0.0000e+00
-2.425 0.875 0.0000e+00
-2.425 0.925 0.0000e+00
-2.425 0.975 0.0000e+00
-2.425 1.025 0.0000e+00
-2.425 1.075 0.0000e+00
-2.425 1.125 0.0000e+00
-2.425 1.175 0.0000e+00
-2.425 1.225 0.0000e+00
-2.425 1.275 0.0000e+00
-2.425 1.325 0.0000e+00
-2.425 1.375 0.0000e+00
-2.425 1.425 0.0000e+00
-2.425 1.475 0.0000e+00
-2.425 1.525 2.2119e-18
-2.425 1.575 4.4281e-18
-2.425 1.625 8.8698e-18
-2.425 1.675 1.7778e-17
-2.425 1.725 3.5661e-17
-2.425 1.775 7.1596e-17
-2.425 1.825 1.4390e-16
-2.425 1.875 2.8959e-16
-2.425 1.925 5.8369e-16
-2.425 1.975 1.1786e-15
-2.425 2.025 2.3852e-15
-2.425 2.075 4.8395e-15
-2.425 2.125 9.8495e-15
-2.425 2.175 2.0119e-14
-2.425 2.225 4.1269e-14
-2.425 2.275 8.5068e-14
-2.425 2.325 1.7632e-13
-2.425 2.375 3.6770e-13
-2.425 2.425 7.7186e-13
-2.425 2.475 1.6314e-12
-2.425 2.525 3.4713e-12
-2.425 2.575 7.4311e-12
-2.425 2.625 1.5983e-11
-2.425 2.675 3.4464e-11
-2.425 2.725 7.4266e-11
-2.425 2.775 1.5925e-10
-2.425 2.825 3.3801e-10
-2.425 2.875 7.0554e-10
-2.425 2.925 1.4376e-09
-2.425 2.975 2.8360e-09
-2.425 3.025 5.3703e-09
-2.425 3.075 9.6768e-09
-2.425 3.125 1.6458e-08
-2.425 3.175 2.6238e-08
-2.425 3.225 3.9004e-08
-2.425 3.275 5.3909e-08
-2.425 3.325 6.9244e-08
-2.425 3.375 8.2822e-08
-2.425 3.425 9.2625e-08
-2.425 3.475 9.7410e-08
-2.425 3.525 9.6970e-08
-2.425 3.575 9.2007e-08
-2.425 3.625 8.3748e-08
-2.425 3.675 7.3537e-08
-2.425 3.725 6.2504e-08
-2.425 3.775 5.1306e-08
-2.425 3.825 0.0000e+00
-2.425 3.875 0.0000e+00
-2.425 3.925 0.0000e+00
-2.425 3.975 0.0000e+00
-2.375 -1.975 0.0000e+00
-2.375 -1.925 0.0000e+00
-2.375 -1.875 0.0000e+00
-2.375 -1.825 0.0000e+00
-2.375 -1.775 0.0000e+00
-2.375 -1.725 0.0000e+00
-2.375 -1.675 0.0000e+00
-2.375 -1.625 0.0000e+00
-2.375 -1.575 0.0000e+00
-2.375 -1.525 0.0000e+00
-2.375 -1.475 0.0000e+00
-2.375 -1.425 0.0000e+00
-2.375 -1.375 0.0000e+00
-2.375 -1.325 0.0000e+00
-2.375 -1.275 0.0000e+00
-2.375 -1.225 0.0000e+00
-2.375 -1.175 0.0000e+00
-2.375 -1.125 0.0000e+00
-2.375 -1.075 0.0000e+00
-2.375 -1.025 0.0000e+00
-2.375 -0.975 0.0000e+00
-2.375 -0.925 0.0000e+00
-2.375 -0.875 0.0000e+00
-2.375 -0.825 0.0000e+00
-2.375 -0.775 0.0000e+00
-2.375 -0.725 0.0000e+00
-2.375 -0.675 0.0000e+00
-2.375 -0.625 0.0000e+00
-2.375 -0.575 0.0000e+00
-2.375 -0.525 0.0000e+00
-2.375 -0.475 0.0000e+00
-2.375 -0.425 0.0000e+00
-2.375 -0.375 0.0000e+00
-2.375 -0.325 0.0000e+00
-2.375 -0.275 0.0000e+00
-2.375 -0.225 0.0000e+00
-2.375 -0.175 0.0000e+00
-2.375 -0.125 0.0000e+00
-2.375 -0.075 0.0000e+00
-2.375 -0.025 0.0000e+00
-2.375 0.025 0.0000e+00
-2.375 0.075 0.0000e+00
-2.375 0.125 0.0000e+00
-2.375 0.175 0.0000e+00
-2.375 0.225 0.0000e+00
-2.375 0.275 0.0000e+00
-2.375 0.325 0.0000e+00
-2.375 0.375 0.0000e+00
-2.375 0.425 0.0000e+00
-2.375 0.475 0.0000e+00
-2.375 0.525 0.0000e+00
-2.375 0.575 0.0000e+00
-2.375 0.625 0.0000e+00
-2.375 0.675 0.0000e+00
-2.375 0.725 0.0000e+00
-2.375 0.775 0.0000e+00
-2.375 0.825 0.0000e+00
-2.375 0.875 0.0000e+00
-2.375 0.925 0.0000e+00
-2.375 0.975 0.0000e+00
-2.375 1.025 0.0000e+00
-2.375 1.075 0.0000e+00
-2.375 1.125 0.0000e+00
-2.375 1.175 0.0000e+00
-2.375 1.225 0.0000e+00
-2.375 1.275 0.0000e+00
-2.375 1.325 0.0000e+00
-2.375 1.375 0.0000e+00
-2.375 1.425 0.0000e+00
-2.375 1.475 0.0000e+00
-2.375 1.525 2.7873e-18
-2.375 1.575 5.5815e-18
-2.375 1.625 1.1184e-17
-2.375 1.675 2.2424e-17
-2.375 1.725 4.5003e-17
-2.375 1.775 9.0407e-17
-2.375 1.825 1.8184e-16
-2.375 1.875 3.6630e-16
-2.375 1.925 7.3916e-16
-2.375 1.975 1.4947e-15
-2.375 2.025 3.0301e-15
-2.375 2.075 6.1609e-15
-2.375 2.125 1.2570e-14
-2.375 2.175 2.5753e-14
-2.375 2.225 5.3007e-14
-2.375 2.275 1.0969e-13
-2.375 2.325 2.2832e-13
-2.375 2.375 4.7827e-13
-2.375 2.425 1.0084e-12
-2.375 2.475 2.1399e-12
-2.375 2.525 4.5670e-12
-2.375 2.575 9.7892e-12
-2.375 2.625 2.1028e-11
-2.375 2.675 4.5124e-11
-2.375 2.725 9.6327e-11
-2.375 2.775 2.0347e-10
-2.375 2.825 4.2260e-10
-2.375 2.875 8.5675e-10
-2.375 2.925 1.6818e-09
-2.375 2.975 3.1699e-09
-2.375 3.025 5.6885e-09
-2.375 3.075 9.6425e-09
-2.375 3.125 1.5336e-08
-2.375 3.175 2.2771e-08
-2.375 3.225 3.1475e-08
-2.375 3.275 4.0482e-08
-2.375 3.325 4.8544e-08
-2.375 3.375 5.4487e-08
-2.375 3.425 5.7562e-08
-2.375 3.475 5.7608e-08
-2.375 3.525 5.4988e-08
-2.375 3.575 5.0391e-08
-2.375 3.625 4.4598e-08
-2.375 3.675 3.8299e-08
-2.375 3.725 3.1997e-08
-2.375 3.775 2.5924e-08
-2.375 3.825 0.0000e+00
-2.375 3.875 0.0000e+00
-2.375 3.925 0.0000e+00
-2.375 3.975 0.0000e+00
-2.325 -1.975 0.0000e+00
-2.325 -1.925 0.0000e+00
-2.325 -1.875 0.0000e+00
-2.325 -1.825 0.0000e+00
-2.325 -1.775 0.0000e+00
-2.325 -1.725 0.0000e+00
-2.325 -1.675 0.0000e+00
-2.325 -1.625 0.0000e+00
-2.325 -1.575 0.0000e+00
-2.325 -1.525 0.0000e+00
-2.325 -1.475 0.0000e+00
-2.325 -1.425 0.0000e+00
-2.325 -1.375 0.0000e+00
-2.325 -1.325 0.0000e+00
-2.325 -1.275 0.0000e+00
-2.325 -1.225 0.0000e+00
-2.325 -1.175 0.0000e+00
-2.325 -1.125 0.0000e+00
-2.325 -1.075 0.0000e+00
-2.325 -1.025 0.0000e+00
-2.325 -0.975 0.0000e+00
-2.325 -0.925 0.0000e+00
-2.325 -0.875 0.0000e+00
-2.325 -0.825 0.0000e+00
-2.325 -0.775 0.0000e+00
-2.325 -0.725 0.0000e+00
-2.325 -0.675 0.0000e+00
-2.325 -0.625 0.0000e+00
-2.325 -0.575 0.0000e+00
-2.325 -0.525 0.0000e+00
-2.325 -0.475 0.0000e+00
-2.325 -0.425 0.0000e+00
-2.325 -0.375 0.0000e+00
-2.325 -0.325 0.0000e+00
-2.325 -0.275 0.0000e+00
-2.325 -0.225 0.0000e+00
-2.325 -0.175 0.0000e+00
-2.325 -0.125 0.0000e+00
-2.325 -0.075 0.0000e+00
-2.325 -0.025 0.0000e+00
-2.325 0.025 0.0000e+00
-2.325 0.075 0.0000e+00
-2.325 0.125 0.0000e+00
-2.325 0.175 0.0000e+00
-2.325 0.225 0.0000e+00
-2.325 0.275 0.0000e+00
-2.325 0.325 0.0000e+00
-2.325 0.375 0.0000e+00
-2.325 0.425 0.0000e+00
-2.325 0.475 0.0000e+00
-2.325 0.525 0.0000e+00
-2.325 0.575 0.0000e+00
-2.325 0.625 0.0000e+00
-2.325 0.675 0.0000e+00
-2.325 0.725 0.0000e+00
-2.325 0.775 0.0000e+00
-2.325 0.825 0.0000e+00
-2.325 0.875 0.0000e+00
-2.325 0.925 0.0000e+00
-2.325 0.975 0.0000e+00
-2.325 1.025 0.0000e+00
-2.325 1.075 0.0000e+00
-2.325 1.125 0.0000e+00
-2.325 1.175 0.0000e+00
-2.325 1.225 0.0000e+00
-2.325 1.275 0.0000e+00
-2.325 1.325 0.0000e+00
-2.325 1.375 0.0000e+00
-2.325 1.425 0.0000e+00
-2.325 1.475 0.0000e+00
-2.325 1.525 3.5133e-18
-2.325 1.575 7.0374e-18
-2.325 1.625 1.4106e-17
-2.325 1.675 2.8299e-17
-2.325 1.725 5.6826e-17
-2.325 1.775 1.1425e-16
-2.325 1.825 2.3001e-16
-2.325 1.875 4.6386e-16
-2.325 1.925 9.3736e-16
-2.325 1.975 1.8988e-15
-2.325 2.025 3.8573e-15
-2.325 2.075 7.8625e-15
-2.325 2.125 1.6090e-14
-2.325 2.175 3.3076e-14
-2.325 2.225 6.8345e-14
-2.325 2.275 1.4203e-13
-2.325 2.325 2.9696e-13
-2.325 2.375 6.2481e-13
-2.325 2.425 1.3227e-12
-2.325 2.475 2.8152e-12
-2.325 2.525 6.0161e-12
-2.325 2.575 1.2880e-11
-2.325 2.625 2.7538e-11
-2.325 2.675 5.8555e-11
-2.325 2.725 1.2317e-10
-2.325 2.775 2.5471e-10
-2.325 2.825 5.1410e-10
-2.325 2.875 1.0049e-09
-2.325 2.925 1.8864e-09
-2.325 2.975 3.3731e-09
-2.325 3.025 5.7012e-09
-2.325 3.075 9.0491e-09
-2.325 3.125 1.3422e-08
-2.325 3.175 1.8554e-08
-2.325 3.225 2.3892e-08
-2.325 3.275 2.8712e-08
-2.325 3.325 3.2327e-08
-2.325 3.375 3.4285e-08
-2.325 3.425 3.4466e-08
-2.325 3.475 3.3065e-08
-2.325 3.525 3.0468e-08
-2.325 3.575 2.7131e-08
-2.325 3.625 2.3467e-08
-2.325 3.675 1.9794e-08
-2.325 3.725 1.6310e-08
-2.325 3.775 1.3077e-08
-2.325 3.825 0.0000e+00
-2.325 3.875 0.0000e+00
-2.325 3.925 0.0000e+00
-2.325 3.975 0.0000e+00
-2.275 -1.975 0.0000e+00
-2.275 -1.925 0.0000e+00
-2.275 -1.875 0.0000e+00
-2.275 -1.825 0.0000e+00
-2.275 -1.775 0.0000e+00
-2.275 -1.725 0.0000e+00
-2.275 -1.675 0.0000e+00
-2.275 -1.625 0.0000e+00
-2.275 -1.575 0.0000e+00
-2.275 -1.525 0.0000e+00
-2.275 -1.475 0.0000e+00
-2.275 -1.425 0.0000e+00
-2.275 -1.375 0.0000e+00
-2.275 -1.325 0.0000e+00
-2.275 -1.275 0.0000e+00
-2.275 -1.225 0.0000e+00
-2.275 -1.175 0.0000e+00
-2.275 -1.125 0.0000e+00
-2.275 -1.075 0.0000e+00
-2.275 -1.025 0.0000e+00
-2.275 -0.975 0.0000e+00
-2.275 -0.925 0.0000e+00
-2.275 -0.875 0.0000e+00
-2.275 -0.825 0.0000e+00
-2.275 -0.775 0.0000e+00
-2.275 -0.725 0.0000e+00
-2.275 -0.675 0.0000e+00
-2.275 -0.625 0.0000e+00
-2.275 -0.575 0.0000e+00
-2.275 -0.525 0.0000e+00
-2.275 -0.475 0.0000e+00
-2.275 -0.425 0.0000e+00
-2.275 -0.375 0.0000e+00
-2.275 -0.325 0.0000e+00
-2.275 -0.275 0.0000e+00
-2.275 -0.225 0.0000e+00
-2.275 -0.175 0.0000e+00
-2.275 -0.125 0.0000e+00
-2.275 -0.075 0.0000e+00
-2.275 -0.025 0.0000e+00
-2.275 0.025 0.0000e+00
-2.275 0.075 0.0000e+00
-2.275 0.125 0.0000e+00
-2.275 0.175 0.0000e+00
-2.275 0.225 0.0000e+00
-2.275 0.275 0.0000e+00
-2.275 0.325 0.0000e+00
-2.275 0.375 0.0000e+00
-2.275 0.425 0.0000e+00
-2.275 0.475 0.0000e+00
-2.275 0.525 0.0000e+00
-2.275 0.575 0.0000e+00
-2.275 0.625 0.0000e+00
-2.275 0.675 0.0000e+00
-2.275 0.725 0.0000e+00
-2.275 0.775 0.0000e+00
-2.275 0.825 0.0000e+00
-2.275 0.875 0.0000e+00
-2.275 0.925 0.0000e+00
-2.275 0.975 0.0000e+00
-2.275 1.025 0.0000e+00
-2.275 1.075 0.0000e+00
-2.275 1.125 0.0000e+00
-2.275 1.175 0.0000e+00
-2.275 1.225 0.0000e+00
-2.275 1.275 0.0000e+00
-2.275 1.325 0.0000e+00
-2.275 1.375 0.0000e+00
-2.275 1.425 0.0000e+00
-2.275 1.475 0.0000e+00
-2.275 1.525 4.4297e-18
-2.275 1.575 8.8766e-18
-2.275 1.625 1.7802e-17
-2.275 1.675 3.5734e-17
-2.275 1.725 7.1811e-17
-2.275 1.775 1.4451e-16
-2.275 1.825 2.9127e-16
-2.275 1.875 5.8824e-16
-2.275 1.925 1.1908e-15
-2.275 1.975 2.4171e-15
-2.275 2.025 4.9226e-15
-2.275 2.075 1.0064e-14
-2.275 2.125 2.0665e-14
-2.275 2.175 4.2644e-14
-2.275 2.225 8.8490e-14
-2.275 2.275 1.8471e-13
-2.275 2.325 3.8791e-13
-2.275 2.375 8.1944e-13
-2.275 2.425 1.7400e-12
-2.275 2.475 3.7084e-12
-2.275 2.525 7.9161e-12
-2.275 2.575 1.6871e-11
-2.275 2.625 3.5748e-11
-2.275 2.675 7.4922e-11
-2.275 2.725 1.5434e-10
-2.275 2.775 3.1034e-10
-2.275 2.825 6.0432e-10
-2.275 2.875 1.1305e-09
-2.275 2.925 2.0152e-09
-2.275 2.975 3.3976e-09
-2.275 3.025 5.3833e-09
-2.275 3.075 7.9779e-09
-2.275 3.125 1.1029e-08
-2.275 3.175 1.4215e-08
-2.275 3.225 1.7116e-08
-2.275 3.275 1.9323e-08
-2.275 3.325 2.0561e-08
-2.275 3.375 2.0750e-08
-2.275 3.425 1.9991e-08
-2.275 3.475 1.8507e-08
-2.275 3.525 1.6562e-08
-2.275 3.575 1.4405e-08
-2.275 3.625 1.2230e-08
-2.275 3.675 1.0167e-08
-2.275 3.725 8.2848e-09
-2.275 3.775 6.5875e-09
-2.275 3.825 0.0000e+00
-2.275 3.875 0.0000e+00
-2.275 3.925 0.0000e+00
-2.275 3.975 0.0000e+00
-2.225 -1.975 0.0000e+00
-2.225 -1.925 0.0000e+00
-2.225 -1.875 0.0000e+00
-2.225 -1.825 0.0000e+00
-2.225 -1.775 0.0000e+00
-2.225 -1.725 0.0000e+00
-2.225 -1.675 0.0000e+00
-2.225 -1.625 0.0000e+00
-2.225 -1.575 0.0000e+00
-2.225 -1.525 0.0000e+00
-2.225 -1.475 0.0000e+00
-2.225 -1.425 0.0000e+00
-2.225 -1.375 0.0000e+00
-2.225 -1.325 0.0000e+00
-2.225 -1.275 0.0000e+00
-2.225 -1.225 0.0000e+00
-2.225 -1.175 0.0000e+00
-2.225 -1.125 0.0000e+00
-2.225 -1.075 0.0000e+00
-2.225 -1.025 0.0000e+00
-2.225 -0.975 0.0000e+00
-2.225 -0.925 0.0000e+00
-2.225 -0.875 0.0000e+00
-2.225 -0.825 0.0000e+00
-2.225 -0.775 0.0000e+00
-2.225 -0.725 0.0000e+00
-2.225 -0.675 0.0000e+00
-2.225 -0.625 0.0000e+00
-2.225 -0.575 0.0000e+00
-2.225 -0.525 0.0000e+00
-2.225 -0.475 0.0000e+00
-2.225 -0.425 0.0000e+00
-2.225 -0.375 0.0000e+00
-2.225 -0.325 0.0000e+00
-2.225 -0.275 0.0000e+00
-2.225 -0.225 0.0000e+00
-2.225 -0.175 0.0000e+00
-2.225 -0.125 0.0000e+00
-2.225 -0.075 0.0000e+00
-2.225 -0.025 0.0000e+00
-2.225 0.025 0.0000e+00
-2.225 0.075 0.0000e+00
-2.225 0.125 0.0000e+00
-2.225 0.175 0.0000e+00
-2.225 0.225 0.0000e+00
-2.225 0.275 0.0000e+00
-2.225 0.325 0.0000e+00
-2.225 0.375 0.0000e+00
-2.225 0.425 0.0000e+00
-2.225 0.475 0.0000e+00
-2.225 0.525 0.0000e+00
-2.225 0.575 0.0000e+00
-2.225 0.625 0.0000e+00
-2.225 0.675 0.0000e+00
-2.225 0.725 0.0000e+00
-2.225 0.775 0.0000e+00
-2.225 0.825 0.0000e+00
-2.225 0.875 0.0000e+00
-2.225 0.925 0.0000e+00
-2.225 0.975 0.0000e+00
-2.225 1.025 0.0000e+00
-2.225 1.075 0.0000e+00
-2.225 1.125 0.0000e+00
-2.225 1.175 0.0000e+00
-2.225 1.225 0.0000e+00
-2.225 1.275 0.0000e+00
-2.225 1.325 0.0000e+00
-2.225 1.375 0.0000e+00
-2.225 1.425 0.0000e+00
-2.225 1.475 0.0000e+00
-2.225 1.525 5.5874e-18
-2.225 1.575 1.1202e-17
-2.225 1.625 2.2479e-17
-2.225 1.675 4.5156e-17
-2.225 1.725 9.0831e-17
-2.225 1.775 1.8299e-16
-2.225 1.825 3.6937e-16
-2.225 1.875 7.4725e-16
-2.225 1.925 1.5158e-15
-2.225 1.975 3.0846e-15
-2.225 2.025 6.3005e-15
-2.225 2.075 1.2924e-14
-2.225 2.125 2.6641e-14
-2.225 2.175 5.5211e-14
-2.225 2.225 1.1508e-13
-2.225 2.275 2.4127e-13
-2.225 2.325 5.0872e-13
-2.225 2.375 1.0779e-12
-2.225 2.425 2.2920e-12
-2.225 2.475 4.8799e-12
-2.225 2.525 1.0371e-11
-2.225 2.575 2.1908e-11
-2.225 2.625 4.5768e-11
-2.225 2.675 9.3971e-11
-2.225 2.725 1.8831e-10
-2.225 2.775 3.6550e-10
-2.225 2.825 6.8164e-10
-2.225 2.875 1.2118e-09
-2.225 2.925 2.0387e-09
-2.225 2.975 3.2253e-09
-2.225 3.025 4.7761e-09
-2.225 3.075 6.6028e-09
-2.225 3.125 8.5182e-09
-2.225 3.175 1.0273e-08
-2.225 3.225 1.1625e-08
-2.225 3.275 1.2406e-08
-2.225 3.325 1.2561e-08
-2.225 3.375 1.2146e-08
-2.225 3.425 1.1288e-08
-2.225 3.475 1.0144e-08
-2.225 3.525 8.8624e-09
-2.225 3.575 7.5615e-09
-2.225 3.625 6.3236e-09
-2.225 3.675 5.1961e-09
-2.225 3.725 4.1969e-09
-2.225 3.775 3.3150e-09
-2.225 3.825 0.0000e+00
-2.225 3.875 0.0000e+00
-2.225 3.925 0.0000e+00
-2.225 3.975 0.0000e+00
-2.175 -1.975 0.0000e+00
-2.175 -1.925 0.0000e+00
-2.175 -1.875 0.0000e+00
-2.175 -1.825 0.0000e+00
-2.175 -1.775 0.0000e+00
-2.175 -1.725 0.0000e+00
-2.175 -1.675 0.0000e+00
-2.175 -1.625 0.0000e+00
-2.175 -1.575 0.0000e+00
-2.175 -1.525 0.0000e+00
-2.175 -1.475 0.0000e+00
-2.175 -1.425 0.0000e+00
-2.175 -1.375 0.0000e+00
-2.175 -1.325 0.0000e+00
-2.175 -1.275 0.0000e+00
-2.175 -1.225 0.0000e+00
-2.175 -1.175 0.0000e+00
-2.175 -1.125 0.0000e+00
-2.175 -1.075 0.0000e+00
-2.175 -1.025 0.0000e+00
-2.175 -0.975 0.0000e+00
-2.175 -0.925 0.0000e+00
-2.175 -0.875 0.0000e+00
-2.175 -0.825 0.0000e+00
-2.175 -0.775 0.0000e+00
-2.175 -0.725 0.0000e+00
-2.175 -0.675 0.0000e+00
-2.175 -0.625 0.0000e+00
-2.175 -0.575 0.0000e+00
-2.175 -0.525 0.0000e+00
-2.175 -0.475 0.0000e+00
-2.175 -0.425 0.0000e+00
-2.175 -0.375 0.0000e+00
-2.175 -0.325 0.0000e+00
-2.175 -0.275 0.0000e+00
-2.175 -0.225 0.0000e+00
-2.175 -0.175 0.0000e+00
-2.175 -0.125 0.0000e+00
-2.175 -0.075 0.0000e+00
-2.175 -0.025 0.0000e+00
-2.175 0.025 0.0000e+00
-2.175 0.075 0.0000e+00
-2.175 0.125 0.0000e+00
-2.175 0.175 0.0000e+00
-2.175 0.225 0.0000e+00
-2.175 0.275 0.0000e+00
-2.175 0.325 0.0000e+00
-2.175 0.375 0.0000e+00
-2.175 0.425 0.0000e+00
-2.175 0.475 0.0000e+00
-2.175 0.525 0.0000e+00
-2.175 0.575 0.0000e+00
-2.175 0.625 0.0000e+00
-2.175 0.675 0.0000e+00
-2.175 0.725 0.0000e+00
-2.175 0.775 0.0000e+00
-2.175 0.825 0.0000e+00
-2.175 0.875 0.0000e+00
-2.175 0.925 0.0000e+00
-2.175 0.975 0.0000e+00
-2.175 1.025 0.0000e+00
-2.175 1.075 0.0000e+00
-2.175 1.125 0.0000e+00
-2.175 1.175 0.0000e+00
-2.175 1.225 0.0000e+00
-2.175 1.275 0.0000e+00
-2.175 1.325 0.0000e+00
-2.175 1.375 0.0000e+00
-2.175 1.425 0.0000e+00
-2.175 1.475 0.0000e+00
-2.175 1.525 7.0511e-18
-2.175 1.575 1.4145e-17
-2.175 1.625 2.8406e-17
-2.175 1.675 5.7116e-17
-2.175 1.725 1.1502e-16
-2.175 1.775 2.3206e-16
-2.175 1.825 4.6921e-16
-2.175 1.875 9.5121e-16
-2.175 1.925 1.9344e-15
-2.175 1.975 3.9479e-15
-2.175 2.025 8.0914e-15
-2.175 2.075 1.6662e-14
-2.175 2.125 3.4490e-14
-2.175 2.175 7.1796e-14
-2.175 2.225 1.5031e-13
-2.175 2.275 3.1639e-13
-2.175 2.325 6.6915e-13
-2.175 2.375 1.4199e-12
-2.175 2.425 3.0162e-12
-2.175 2.475 6.3940e-12
-2.175 2.525 1.3471e-11
-2.175 2.575 2.8063e-11
-2.175 2.625 5.7450e-11
-2.175 2.675 1.1479e-10
-2.175 2.725 2.2216e-10
-2.175 2.775 4.1321e-10
-2.175 2.825 7.3288e-10
-2.175 2.875 1.2306e-09
-2.175 2.925 1.9443e-09
-2.175 2.975 2.8772e-09
-2.175 3.025 3.9779e-09
-2.175 3.075 5.1358e-09
-2.175 3.125 6.2027e-09
-2.175 3.175 7.0330e-09
-2.175 3.225 7.5243e-09
-2.175 3.275 7.6407e-09
-2.175 3.325 7.4117e-09
-2.175 3.375 6.9115e-09
-2.175 3.425 6.2330e-09
-2.175 3.475 5.4655e-09
-2.175 3.525 4.6818e-09
-2.175 3.575 3.9329e-09
-2.175 3.625 3.2494e-09
-2.175 3.675 2.6452e-09
-2.175 3.725 2.1214e-09
-2.175 3.775 1.6668e-09
-2.175 3.825 0.0000e+00
-2.175 3.875 0.0000e+00
-2.175 3.925 0.0000e+00
-2.175 3.975 0.0000e+00
-2.125 -1.975 0.0000e+00
-2.125 -1.925 0.0000e+00
-2.125 -1.875 0.0000e+00
-2.125 -1.825 0.0000e+00
-2.125 -1.775 0.0000e+00
-2.125 -1.725 0.0000e+00
-2.125 -1.675 0.0000e+00
-2.125 -1.625 0.0000e+00
-2.125 -1.575 0.0000e+00
-2.125 -1.525 0.0000e+00
-2.125 -1.475 0.0000e+00
-2.125 -1.425 0.0000e+00
-2.125 -1.375 0.0000e+00
-2.125 -1.325 0.0000e+00
-2.125 -1.275 0.0000e+00
-2.125 -1.225 0.0000e+00
-2.125 -1.175 0.0000e+00
-2.125 -1.125 0.0000e+00
-2.125 -1.075 0.0000e+00
-2.125 -1.025 0.0000e+00
-2.125 -0.975 0.0000e+00
-2.125 -0.925 0.0000e+00
-2.125 -0.875 0.0000e+00
-2.125 -0.825 0.0000e+00
-2.125 -0.775 0.0000e+00
-2.125 -0.725 0.0000e+00
-2.125 -0.675 0.0000e+00
-2.125 -0.625 0.0000e+00
-2.125 -0.575 0.0000e+00
-2.125 -0.525 0.0000e+00
-2.125 -0.475 0.0000e+00
-2.125 -0.425 0.0000e+00
-2.125 -0.375 0.0000e+00
-2.125 -0.325 0.0000e+00
-2.125 -0.275 0.0000e+00
-2.125 -0.225 0.0000e+00
-2.125 -0.175 0.0000e+00
-2.125 -0.125 0.0000e+00
-2.125 -0.075 0.0000e+00
-2.125 -0.025 0.0000e+00
-2.125 0.025 0.0000e+00
-2.125 0.075 0.0000e+00
-2.125 0.125 0.0000e+00
-2.125 0.175 0.0000e+00
-2.125 0.225 0.0000e+00
-2.125 0.275 0.0000e+00
-2.125 0.325 0.0000e+00
-2.125 0.375 0.0000e+00
-2.125 0.425 0.0000e+00
-2.125 0.475 0.0000e+00
-2.125 0.525 0.0000e+00
-2.125 0.575 0.0000e+00
-2.125 0.625 0.0000e+00
-2.125 0.675 0.0000e+00
-2.125 0.725 0.0000e+00
-2.125 0.775 0.0000e+00
-2.125 0.825 0.0000e+00
-2.125 0.875 0.0000e+00
-2.125 0.925 0.0000e+00
-2.125 0.975 0.0000e+00
-2.125 1.025 0.0000e+00
-2.125 1.075 0.0000e+00
-2.125 1.125 0.0000e+00
-2.125 1.175 0.0000e+00
-2.125 1.225 0.0000e+00
-2.125 1.275 0.0000e+00
-2.125 1.325 0.0000e+00
-2.125 1.375 0.0000e+00
-2.125 1.425 0.0000e+00
-2.125 1.475 0.0000e+00
-2.125 1.525 8.9035e-18
-2.125 1.575 1.7875e-17
-2.125 1.625 3.5929e-17
-2.125 1.675 7.2327e-17
-2.125 1.725 1.4586e-16
-2.125 1.775 2.9478e-16
-2.125 1.825 5.9727e-16
-2.125 1.875 1.2139e-15
-2.125 1.925 2.4757e-15
-2.125 1.975 5.0700e-15
-2.125 2.025 1.0431e-14
-2.125 2.075 2.1570e-14
-2.125 2.125 4.4849e-14
-2.125 2.175 9.3769e-14
-2.125 2.225 1.9709e-13
-2.125 2.275 4.1616e-13
-2.125 2.325 8.8144e-13
-2.125 2.375 1.8686e-12
-2.125 2.425 3.9525e-12
-2.125 2.475 8.3077e-12
-2.125 2.525 1.7263e-11
-2.125 2.575 3.5251e-11
-2.125 2.625 7.0251e-11
-2.125 2.675 1.3562e-10
-2.125 2.725 2.5166e-10
-2.125 2.775 4.4543e-10
-2.125 2.825 7.4670e-10
-2.125 2.875 1.1784e-09
-2.125 2.925 1.7428e-09
-2.125 2.975 2.4096e-09
-2.125 3.025 3.1131e-09
-2.125 3.075 3.7645e-09
-2.125 3.125 4.2760e-09
-2.125 3.175 4.5847e-09
-2.125 3.225 4.6674e-09
-2.125 3.275 4.5400e-09
-2.125 3.325 4.2459e-09
-2.125 3.375 3.8407e-09
-2.125 3.425 3.3784e-09
-2.125 3.475 2.9035e-09
-2.125 3.525 2.4477e-09
-2.125 3.575 2.0304e-09
-2.125 3.625 1.6613e-09
-2.125 3.675 1.3423e-09
-2.125 3.725 1.0705e-09
-2.125 3.775 8.3755e-10
-2.125 3.825 0.0000e+00
-2.125 3.875 0.0000e+00
-2.125 3.925 0.0000e+00
-2.125 3.975 0.0000e+00
-2.075 -1.975 0.0000e+00
-2.075 -1.925 0.0000e+00
-2.075 -1.875 0.0000e+00
-2.075 -1.825 0.0000e+00
-2.075 -1.775 0.0000e+00
-2.075 -1.725 0.0000e+00
-2.075 -1.675 0.0000e+00
-2.075 -1.625 0.0000e+00
-2.075 -1.575 0.0000e+00
-2.075 -1.525 0.0000e+00
-2.075 -1.475 0.0000e+00
-2.075 -1.425 0.0000e+00
-2.075 -1.375 0.0000e+00
-2.075 -1.325 0.0000e+00
-2.075 -1.275 0.0000e+00
-2.075 -1.225 0.0000e+00
-2.075 -1.175 0.0000e+00
-2.075 -1.125 0.0000e+00
-2.075 -1.075 0.0000e+00
-2.075 -1.025 0.0000e+00
-2.075 -0.975 0.0000e+00
-2.075 -0.925 0.0000e+00
-2.075 -0.875 0.0000e+00
-2.075 -0.825 0.0000e+00
-2.075 -0.775 0.0000e+00
-2.075 -0.725 0.0000e+00
-2.075 -0.675 0.0000e+00
-2.075 -0.625 0.0000e+00
-2.075 -0.575 0.0000e+00
-2.075 -0.525 0.0000e+00
-2.075 -0.475 0.0000e+00
-2.075 -0.425 0.0000e+00
-2.075 -0.375 0.0000e+00
-2.075 -0.325 0.0000e+00
-2.075 -0.275 0.0000e+00
-2.075 -0.225 0.0000e+00
-2.075 -0.175 0.0000e+00
-2.075 -0.125 0.0000e+00
-2.075 -0.075 0.0000e+00
-2.075 -0.025 0.0000e+00
-2.075 0.025 0.0000e+00
-2.075 0.075 0.0000e+00
-2.075 0.125 0.0000e+00
-2.075 0.175 0.0000e+00
-2.075 0.225 0.0000e+00
-2.075 0.275 0.0000e+00
-2.075 0.325 0.0000e+00
-2.075 0.375 0.0000e+00
-2.075 0.425 0.0000e+00
-2.075 0.475 0.0000e+00
-2.075 0.525 0.0000e+00
-2.075 0.575 0.0000e+00
-2.075 0.625 0.0000e+00
-2.075 0.675 0.0000e+00
-2.075 0.725 0.0000e+00
-2.075 0.775 0.0000e+00
-2.075 0.825 0.0000e+00
-2.075 0.875 0.0000e+00
-2.075 0.925 0.0000e+00
-2.075 0.975 0.0000e+00
-2.075 1.025 0.0000e+00
-2.075 1.075 0.0000e+00
-2.075 1.125 0.0000e+00
-2.075 1.175 0.0000e+00
-2.075 1.225 0.0000e+00
-2.075 1.275 0.0000e+00
-2.075 1.325 0.0000e+00
-2.075 1.375 0.0000e+00
-2.075 1.425 0.0000e+00
-2.075 1.475 0.0000e+00
-2.075 1.525 1.1251e-17
-2.075 1.575 2.2609e-17
-2.075 1.625 4.5497e-17
-2.075 1.675 9.1718e-17
-2.075 1.725 1.8528e-16
-2.075 1.775 3.7523e-16
-2.075 1.825 7.6217e-16
-2.075 1.875 1.5535e-15
-2.075 1.925 3.1792e-15
-2.075 1.975 6.5356e-15
-2.075 2.025 1.3503e-14
-2.075 2.075 2.8047e-14
-2.075 2.125 5.8572e-14
-2.075 2.175 1.2295e-13
-2.075 2.225 2.5923e-13
-2.075 2.275 5.4818e-13
-2.075 2.325 1.1600e-12
-2.075 2.375 2.4490e-12
-2.075 2.425 5.1367e-12
-2.075 2.475 1.0650e-11
-2.075 2.525 2.1699e-11
-2.075 2.575 4.3144e-11
-2.075 2.625 8.3106e-11
-2.075 2.675 1.5390e-10
-2.075 2.725 2.7191e-10
-2.075 2.775 4.5515e-10
-2.075 2.825 7.1755e-10
-2.075 2.875 1.0607e-09
-2.075 2.925 1.4666e-09
-2.075 2.975 1.8959e-09
-2.075 3.025 2.2952e-09
-2.075 3.075 2.6110e-09
-2.075 3.125 2.8049e-09
-2.075 3.175 2.8618e-09
-2.075 3.225 2.7903e-09
-2.075 3.275 2.6162e-09
-2.075 3.325 2.3727e-09
-2.075 3.375 2.0928e-09
-2.075 3.425 1.8036e-09
-2.075 3.475 1.5248e-09
-2.075 3.525 1.2689e-09
-2.075 3.575 1.0420e-09
-2.075 3.625 8.4593e-10
-2.075 3.675 6.7944e-10
-2.075 3.725 5.3941e-10
-2.075 3.775 4.2063e-10
-2.075 3.825 0.0000e+00
-2.075 3.875 0.0000e+00
-2.075 3.925 0.0000e+00
-2.075 3.975 0.0000e+00
-2.025 -1.975 0.0000e+00
-2.025 -1.925 0.0000e+00
-2.025 -1.875 0.0000e+00
-2.025 -1.825 0.0000e+00
-2.025 -1.775 0.0000e+00
-2.025 -1.725 0.0000e+00
-2.025 -1.675 0.0000e+00
-2.025 -1.625 0.0000e+00
-2.025 -1.575 0.0000e+00
-2.025 -1.525 0.0000e+00
-2.025 -1.475 0.0000e+00
-2.025 -1.425 0.0000e+00
-2.025 -1.375 0.0000e+00
-2.025 -1.325 0.0000e+00
-2.025 -1.275 0.0000e+00
-2.025 -1.225 0.0000e+00
-2.025 -1.175 0.0000e+00
-2.025 -1.125 0.0000e+00
-2.025 -1.075 0.0000e+00
-2.025 -1.025 0.0000e+00
-2.025 -0.975 0.0000e+00
-2.025 -0.925 0.0000e+00
-2.025 -0.875 0.0000e+00
-2.025 -0.825 0.0000e+00
-2.025 -0.775 0.0000e+00
-2.025 -0.725 0.0000e+00
-2.025 -0.675 0.0000e+00
-2.025 -0.625 0.0000e+00
-2.025 -0.575 0.0000e+00
-2.025 -0.525 0.0000e+00
-2.025 -0.475 0.0000e+00
-2.025 -0.425 0.0000e+00
-2.025 -0.375 0.0000e+00
-2.025 -0.325 0.0000e+00
-2.025 -0.275 0.0000e+00
-2.025 -0.225 0.0000e+00
-2.025 -0.175 0.0000e+00
-2.025 -0.125 0.0000e+00
-2.025 -0.075 0.0000e+00
-2.025 -0.025 0.0000e+00
-2.025 0.025 0.0000e+00
-2.025 0.075 0.0000e+00
-2.025 0.125 0.0000e+00
-2.025 0.175 0.0000e+00
-2.025 0.225 0.0000e+00
-2.025 0.275 0.0000e+00
-2.025 0.325 0.0000e+00
-2.025 0.375 0.0000e+00
-2.025 0.425 0.0000e+00
-2.025 0.475 0.0000e+00
-2.025 0.525 0.0000e+00
-2.025 0.575 0.0000e+00
-2.025 0.625 0.0000e+00
-2.025 0.675 0.0000e+00
-2.025 0.725 0.0000e+00
-2.025 0.775 0.0000e+00
-2.025 0.825 0.0000e+00
-2.025 0.875 0.0000e+00
-2.025 0.925 0.0000e+00
-2.025 0.975 0.0000e+00
-2.025 1.025 0.0000e+00
-2.025 1.075 0.0000e+00
-2.025 1.125 0.0000e+00
-2.025 1.175 0.0000e+00
-2.025 1.225 0.0000e+00
-2.025 1.275 0.0000e+00
-2.025 1.325 0.0000e+00
-2.025 1.375 0.0000e+00
-2.025 1.425 0.0000e+00
-2.025 1.475 0.0000e+00
-2.025 1.525 1.4231e-17
-2.025 1.575 2.8629e-17
-2.025 1.625 5.7695e-17
-2.025 1.675 1.1651e-16
-2.025 1.725 2.3585e-16
-2.025 1.775 4.7882e-16
-2.025 1.825 9.7543e-16
-2.025 1.875 1.9949e-15
-2.025 1.925 4.0982e-15
-2.025 1.975 8.4603e-15
-2.025 2.025 1.7557e-14
-2.025 2.075 3.6627e-14
-2.025 2.125 7.6799e-14
-2.025 2.175 1.6171e-13
-2.025 2.225 3.4147e-13
-2.025 2.275 7.2146e-13
-2.025 2.325 1.5205e-12
-2.025 2.375 3.1833e-12
-2.025 2.425 6.5875e-12
-2.025 2.475 1.3394e-11
-2.025 2.525 2.6579e-11
-2.025 2.575 5.1098e-11
-2.025 2.625 9.4452e-11
-2.025 2.675 1.6661e-10
-2.025 2.725 2.7854e-10
-2.025 2.775 4.3874e-10
-2.025 2.825 6.4828e-10
-2.025 2.875 8.9638e-10
-2.025 2.925 1.1594e-09
-2.025 2.975 1.4049e-09
-2.025 3.025 1.6004e-09
-2.025 3.075 1.7221e-09
-2.025 3.125 1.7604e-09
-2.025 3.175 1.7201e-09
-2.025 3.225 1.6163e-09
-2.025 3.275 1.4693e-09
-2.025 3.325 1.2989e-09
-2.025 3.375 1.1221e-09
-2.025 3.425 9.5098e-10
-2.025 3.475 7.9341e-10
-2.025 3.525 6.5339e-10
-2.025 3.575 5.3222e-10
-2.025 3.625 4.2937e-10
-2.025 3.675 3.4322e-10
-2.025 3.725 2.7151e-10
-2.025 3.775 2.1116e-10
-2.025 3.825 0.0000e+00
-2.025 3.875 0.0000e+00
-2.025 3.925 0.0000e+00
-2.025 3.975 0.0000e+00
-1.975 -1.975 0.0000e+00
-1.975 -1.925 0.0000e+00
-1.975 -1.875 0.0000e+00
-1.975 -1.825 0.0000e+00
-1.975 -1.775 0.0000e+00
-1.975 -1.725 0.0000e+00
-1.975 -1.675 0.0000e+00
-1.975 -1.625 0.0000e+00
-1.975 -1.575 0.0000e+00
-1.975 -1.525 0.0000e+00
-1.975 -1.475 0.0000e+00
-1.975 -1.425 0.0000e+00
-1.975 -1.375 0.0000e+00
-1.975 -1.325 0.0000e+00
-1.975 -1.275 0.0000e+00
-1.975 -1.225 0.0000e+00
-1.975 -1.175 0.0000e+00
-1.975 -1.125 0.0000e+00
-1.975 -1.075 0.0000e+00
-1.975 -1.025 0.0000e+00
-1.975 -0.975 0.0000e+00
-1.975 -0.925 0.0000e+00
-1.975 -0.875 0.0000e+00
-1.975 -0.825 0.0000e+00
-1.975 -0.775 0.0000e+00
-1.975 -0.725 0.0000e+00
-1.975 -0.675 0.0000e+00
-1.975 -0.625 0.0000e+00
-1.975 -0.575 0.0000e+00
-1.975 -0.525 0.0000e+00
-1.975 -0.475 0.0000e+00
-1.975 -0.425 0.0000e+00
-1.975 -0.375 0.0000e+00
-1.975 -0.325 0.0000e+00
-1.975 -0.275 0.0000e+00
-1.975 -0.225 0.0000e+00
-1.975 -0.175 0.0000e+00
-1.975 -0.125 0.0000e+00
-1.975 -0.075 0.0000e+00
-1.975 -0.025 0.0000e+00
-1.975 0.025 0.0000e+00
-1.975 0.075 0.0000e+00
-1.975 0.125 0.0000e+00
-1.975 0.175 0.0000e+00
-1.975 0.225 0.0000e+00
-1.975 0.275 0.0000e+00
-1.975 0.325 0.0000e+00
-1.975 0.375 0.0000e+00
-1.975 0.425 0.0000e+00
-1.975 0.475 0.0000e+00
-1.975 0.525 0.0000e+00
-1.975 0.575 0.0000e+00
-1.975 0.625 0.0000e+00
-1.975 0.675 0.0000e+00
-1.975 0.725 0.0000e+00
-1.975 0.775 0.0000e+00
-1.975 0.825 0.0000e+00
-1.975 0.875 0.0000e+00
-1.975 0.925 0.0000e+00
-1.975 0.975 0.0000e+00
-1.975 1.025 0.0000e+00
-1.975 1.075 0.0000e+00
-1.975 1.125 0.0000e+00
-1.975 1.175 0.0000e+00
-1.975 1.225 0.0000e+00
-1.975 1.275 0.0000e+00
-1.975 1.325 0.0000e+00
-1.975 1.375 0.0000e+00
-1.975 1.425 0.0000e+00
-1.975 1.475 0.0000e+00
-1.975 1.525 1.8021e-17
-1.975 1.575 3.6304e-17
-1.975 1.625 7.3287e-17
-1.975 1.675 1.4830e-16
-1.975 1.725 3.0095e-16
-1.975 1.775 6.1279e-16
-1.975 1.825 1.2526e-15
-1.975 1.875 2.5715e-15
-1.975 1.925 5.3049e-15
-1.975 1.975 1.1000e-14
-1.975 2.025 2.2927e-14
-1.975 2.075 4.8023e-14
-1.975 2.125 1.0101e-13
-1.975 2.175 2.1301e-13
-1.975 2.225 4.4942e-13
-1.975 2.275 9.4571e-13
-1.975 2.325 1.9767e-12
-1.975 2.375 4.0836e-12
-1.975 2.425 8.2885e-12
-1.975 2.475 1.6418e-11
-1.975 2.525 3.1510e-11
-1.975 2.575 5.8152e-11
-1.975 2.625 1.0244e-10
-1.975 2.675 1.7106e-10
-1.975 2.725 2.6923e-10
-1.975 2.775 3.9767e-10
-1.975 2.825 5.4988e-10
-1.975 2.875 7.1153e-10
-1.975 2.925 8.6294e-10
-1.975 2.975 9.8421e-10
-1.975 3.025 1.0606e-09
-1.975 3.075 1.0861e-09
-1.975 3.125 1.0631e-09
-1.975 3.175 1.0010e-09
-1.975 3.225 9.1169e-10
-1.975 3.275 8.0762e-10
-1.975 3.325 6.9908e-10
-1.975 3.375 5.9372e-10
-1.975 3.425 4.9641e-10
-1.975 3.475 4.0975e-10
-1.975 3.525 3.3462e-10
-1.975 3.575 2.7079e-10
-1.975 3.625 2.1737e-10
-1.975 3.675 1.7310e-10
-1.975 3.725 1.3654e-10
-1.975 3.775 1.0597e-10
-1.975 3.825 0.0000e+00
-1.975 3.875 0.0000e+00
-1.975 3.925 0.0000e+00
-1.975 3.975 0.0000e+00
-1.925 -1.975 0.0000e+00
-1.925 -1.925 0.0000e+00
-1.925 -1.875 0.0000e+00
-1.925 -1.825 0.0000e+00
-1.925 -1.775 0.0000e+00
-1.925 -1.725 0.0000e+00
-1.925 -1.675 0.0000e+00
-1.925 -1.625 0.0000e+00
-1.925 -1.575 0.0000e+00
-1.925 -1.525 0.0000e+00
-1.925 -1.475 0.0000e+00
-1.925 -1.425 0.0000e+00
-1.925 -1.375 0.0000e+00
-1.925 -1.325 0.0000e+00
-1.925 -1.275 0.0000e+00
-1.925 -1.225 0.0000e+00
-1.925 -1.175 0.0000e+00
-1.925 -1.125 0.0000e+00
-1.925 -1.075 0.0000e+00
-1.925 -1.025 0.0000e+00
-1.925 -0.975 0.0000e+00
-1.925 -0.925 0.0000e+00
-1.925 -0.875 0.0000e+00
-1.925 -0.825 0.0000e+00
-1.925 -0.775 0.0000e+00
-1.925 -0.725 0.0000e+00
-1.925 -0.675 0.0000e+00
-1.925 -0.625 0.0000e+00
-1.925 -0.575 0.0000e+00
-1.925 -0.525 0.0000e+00
-1.925 -0.475 0.0000e+00
-1.925 -0.425 0.0000e+00
-1.925 -0.375 0.0000e+00
-1.925 -0.325 0.0000e+00
-1.925 -0.275 0.0000e+00
-1.925 -0.225 0.0000e+00
-1.925 -0.175 0.0000e+00
-1.925 -0.125 0.0000e+00
-1.925 -0.075 0.0000e+00
-1.925 -0.025 0.0000e+00
-1.925 0.025 0.0000e+00
-1.925 0.075 0.0000e+00
-1.925 0.125 0.0000e+00
-1.925 0.175 0.0000e+00
-1.925 0.225 0.0000e+00
-1.925 0.275 0.0000e+00
-1.925 0.325 0.0000e+00
-1.925 0.375 0.0000e+00
-1.925 0.425 0.0000e+00
-1.925 0.475 0.0000e+00
-1.925 0.525 0.0000e+00
-1.925 0.575 0.0000e+00
-1.925 0.625 0.0000e+00
-1.925 0.675 0.0000e+00
-1.925 0.725 0.0000e+00
-1.925 0.775 0.0000e+00
-1.925 0.825 0.0000e+00
-1.925 0.875 0.0000e+00
-1.925 0.925 0.0000e+00
-1.925 0.975 0.0000e+00
-1.925 1.025 0.0000e+00
-1.925 1.075 0.0000e+00
-1.925 1.125 0.0000e+00
-1.925 1.175 0.0000e+00
-1.925 1.225 0.0000e+00
-1.925 1.275 0.0000e+00
-1.925 1.325 0.0000e+00
-1.925 1.375 0.0000e+00
-1.925 1.425 0.0000e+00
-1.925 1.475 0.0000e+00
-1.925 1.525 2.2851e-17
-1.925 1.575 4.6116e-17
-1.925 1.625 9.3286e-17
-1.925 1.675 1.8924e-16
-1.925 1.725 3.8515e-16
-1.925 1.775 7.8688e-16
-1.925 1.825 1.6146e-15
-1.925 1.875 3.3286e-15
-1.925 1.925 6.8970e-15
-1.925 1.975 1.4364e-14
-1.925 2.025 3.0060e-14
-1.925 2.075 6.3158e-14
-1.925 2.125 1.3304e-13
-1.925 2.175 2.8036e-13
-1.925 2.225 5.8916e-13
-1.925 2.275 1.2297e-12
-1.925 2.325 2.5365e-12
-1.925 2.375 5.1402e-12
-1.925 2.425 1.0166e-11
-1.925 2.475 1.9481e-11
-1.925 2.525 3.5903e-11
-1.925 2.575 6.3167e-11
-1.925 2.625 1.0538e-10
-1.925 2.675 1.6574e-10
-1.925 2.725 2.4473e-10
-1.925 2.775 3.3841e-10
-1.925 2.825 4.3807e-10
-1.925 2.875 5.3169e-10
-1.925 2.925 6.0705e-10
-1.925 2.975 6.5504e-10
-1.925 3.025 6.7175e-10
-1.925 3.075 6.5864e-10
-1.925 3.125 6.2117e-10
-1.925 3.175 5.6676e-10
-1.925 3.225 5.0295e-10
-1.925 3.275 4.3613e-10
-1.925 3.325 3.7106e-10
-1.925 3.375 3.1081e-10
-1.925 3.425 2.5704e-10
-1.925 3.475 2.1034e-10
-1.925 3.525 1.7062e-10
-1.925 3.575 1.3736e-10
-1.925 3.625 1.0982e-10
-1.925 3.675 8.7193e-11
-1.925 3.725 6.8621e-11
-1.925 3.775 5.3166e-11
-1.925 3.825 0.0000e+00
-1.925 3.875 0.0000e+00
-1.925 3.925 0.0000e+00
-1.925 3.975 0.0000e+00
-1.875 -1.975 0.0000e+00
-1.875 -1.925 0.0000e+00
-1.875 -1.875 0.0000e+00
-1.875 -1.825 0.0000e+00
-1.875 -1.775 0.0000e+00
-1.875 -1.725 0.0000e+00
-1.875 -1.675 0.0000e+00
-1.875 -1.625 0.0000e+00
-1.875 -1.575 0.0000e+00
-1.875 -1.525 0.0000e+00
-1.875 -1.475 0.0000e+00
-1.875 -1.425 0.0000e+00
-1.875 -1.375 0.0000e+00
-1.875 -1.325 0.0000e+00
-1.875 -1.275 0.0000e+00
-1.875 -1.225 0.0000e+00
-1.875 -1.175 0.0000e+00
-1.875 -1.125 0.0000e+00
-1.875 -1.075 0.0000e+00
-1.875 -1.025 0.0000e+00
-1.875 -0.975 0.0000e+00
-1.875 -0.925 0.0000e+00
-1.875 -0.875 0.0000e+00
-1.875 -0.825 0.0000e+00
-1.875 -0.775 0.0000e+00
-1.875 -0.725 0.0000e+00
-1.875 -0.675 0.0000e+00
-1.875 -0.625 0.0000e+00
-1.875 -0.575 0.0000e+00
-1.875 -0.525 0.0000e+00
-1.875 -0.475 0.0000e+00
-1.875 -0.425 0.0000e+00
-1.875 -0.375 0.0000e+00
-1.875 -0.325 0.0000e+00
-1.875 -0.275 0.0000e+00
-1.875 -0.225 0.0000e+00
-1.875 -0.175 0.0000e+00
-1.875 -0.125 0.0000e+00
-1.875 -0.075 0.0000e+00
-1.875 -0.025 0.0000e+00
-1.875 0.025 0.0000e+00
-1.875 0.075 0.0000e+00
-1.875 0.125 0.0000e+00
-1.875 0.175 0.0000e+00
-1.875 0.225 0.0000e+00
-1.875 0.275 0.0000e+00
-1.875 0.325 0.0000e+00
-1.875 0.375 0.0000e+00
-1.875 0.425 0.0000e+00
-1.875 0.475 0.0000e+00
-1.875 0.525 0.0000e+00
-1.875 0.575 0.0000e+00
-1.875 0.625 0.0000e+00
-1.875 0.675 0.0000e+00
-1.875 0.725 0.0000e+00
-1.875 0.775 0.0000e+00
-1.875 0.825 0.0000e+00
-1.875 0.875 0.0000e+00
-1.875 0.925 0.0000e+00
-1.875 0.975 0.0000e+00
-1.875 1.025 0.0000e+00
-1.875 1.075 0.0000e+00
-1.875 1.125 0.0000e+00
-1.875 1.175 0.0000e+00
-1.875 1.225 0.0000e+00
-1.875 1.275 0.0000e+00
-1.875 1.325 0.0000e+00
-1.875 1.375 0.0000e+00
-1.875 1.425 0.0000e+00
-1.875 1.475 0.0000e+00
-1.875 1.525 2.9027e-17
-1.875 1.575 5.8700e-17
-1.875 1.625 1.1904e-16
-1.875 1.675 2.4218e-16
-1.875 1.725 4.9456e-16
-1.875 1.775 1.0143e-15
-1.875 1.825 2.0898e-15
-1.875 1.875 4.3275e-15
-1.875 1.925 9.0062e-15
-1.875 1.975 1.8832e-14
-1.875 2.025 3.9532e-14
-1.875 2.075 8.3192e-14
-1.875 2.125 1.7511e-13
-1.875 2.175 3.6755e-13
-1.875 2.225 7.6618e-13
-1.875 2.275 1.5783e-12
-1.875 2.325 3.1940e-12
-1.875 2.375 6.3082e-12
-1.875 2.425 1.2072e-11
-1.875 2.475 2.2221e-11
-1.875 2.525 3.9053e-11
-1.875 2.575 6.5094e-11
-1.875 2.625 1.0232e-10
-1.875 2.675 1.5103e-10
-1.875 2.725 2.0886e-10
-1.875 2.775 2.7046e-10
-1.875 2.825 3.2848e-10
-1.875 2.875 3.7539e-10
-1.875 2.925 4.0554e-10
-1.875 2.975 4.1643e-10
-1.875 3.025 4.0888e-10
-1.875 3.075 3.8620e-10
-1.875 3.125 3.5291e-10
-1.875 3.175 3.1366e-10
-1.875 3.225 2.7241e-10
-1.875 3.275 2.3213e-10
-1.875 3.325 1.9474e-10
-1.875 3.375 1.6130e-10
-1.875 3.425 1.3222e-10
-1.875 3.475 1.0746e-10
-1.875 3.525 8.6696e-11
-1.875 3.575 6.9506e-11
-1.875 3.625 5.5396e-11
-1.875 3.675 4.3875e-11
-1.875 3.725 3.4468e-11
-1.875 3.775 2.6669e-11
-1.875 3.825 0.0000e+00
-1.875 3.875 0.0000e+00
-1.875 3.925 0.0000e+00
-1.875 3.975 0.0000e+00
-1.825 -1.975 0.0000e+00
-1.825 -1.925 0.0000e+00
-1.825 -1.875 0.0000e+00
-1.825 -1.825 0.0000e+00
-1.825 -1.775 0.0000e+00
-1.825 -1.725 0.0000e+00
-1.825 -1.675 0.0000e+00
-1.825 -1.625 0.0000e+00
-1.825 -1.575 0.0000e+00
-1.825 -1.525 0.0000e+00
-1.825 -1.475 0.0000e+00
-1.825 -1.425 0.0000e+00
-1.825 -1.375 0.0000e+00
-1.825 -1.325 0.0000e+00
-1.825 -1.275 0.0000e+00
-1.825 -1.225 0.0000e+00
-1.825 -1.175 0.0000e+00
-1.825 -1.125 0.0000e+00
-1.825 -1.075 0.0000e+00
-1.825 -1.025 0.0000e+00
-1.825 -0.975 0.0000e+00
-1.825 -0.925 0.0000e+00
-1.825 -0.875 0.0000e+00
-1.825 -0.825 0.0000e+00
-1.825 -0.775 0.0000e+00
-1.825 -0.725 0.0000e+00
-1.825 -0.675 0.0000e+00
-1.825 -0.625 0.0000e+00
-1.825 -0.575 0.0000e+00
-1.825 -0.525 0.0000e+00
-1.825 -0.475 0.0000e+00
-1.825 -0.425 0.0000e+00
-1.825 -0.375 0.0000e+00
-1.825 -0.325 0.0000e+00
-1.825 -0.275 0.0000e+00
-1.825 -0.225 0.0000e+00
-1.825 -0.175 0.0000e+00
-1.825 -0.125 0.0000e+00
-1.825 -0.075 0.0000e+00
-1.825 -0.025 0.0000e+00
-1.825 0.025 0.0000e+00
-1.825 0.075 0.0000e+00
-1.825 0.125 0.0000e+00
-1.825 0.175 0.0000e+00
-1.825 0.225 0.0000e+00
-1.825 0.275 0.0000e+00
-1.825 0.325 0.0000e+00
-1.825 0.375 0.0000e+00
-1.825 0.425 0.0000e+00
-1.825 0.475 0.0000e+00
-1.825 0.525 0.0000e+00
-1.825 0.575 0.0000e+00
-1.825 0.625 0.0000e+00
-1.825 0.675 0.0000e+00
-1.825 0.725 0.0000e+00
-1.825 0.775 0.0000e+00
-1.825 0.825 0.0000e+00
-1.825 0.875 0.0000e+00
-1.825 0.925 0.0000e+00
-1.825 0.975 0.0000e+00
-1.825 1.025 0.0000e+00
-1.825 1.075 0.0000e+00
-1.825 1.125 0.0000e+00
-1.825 1.175 0.0000e+00
-1.825 1.225 0.0000e+00
-1.825 1.275 0.0000e+00
-1.825 1.325 0.0000e+00
-1.825 1.375 0.0000e+00
-1.825 1.425 0.0000e+00
-1.825 1.475 0.0000e+00
-1.825 1.525 3.6947e-17
-1.825 1.575 7.4902e-17
-1.825 1.625 1.5233e-16
-1.825 1.675 3.1097e-16
-1.825 1.725 6.3746e-16
-1.825 1.775 1.3128e-15
-1.825 1.825 2.7169e-15
-1.825 1.875 5.6507e-15
-1.825 1.925 1.1807e-14
-1.825 1.975 2.4766e-14
-1.825 2.025 5.2071e-14
-1.825 2.075 1.0950e-13
-1.825 2.125 2.2959e-13
-1.825 2.175 4.7805e-13
-1.825 2.225 9.8357e-13
-1.825 2.275 1.9880e-12
-1.825 2.325 3.9217e-12
-1.825 2.375 7.4962e-12
-1.825 2.425 1.3783e-11
-1.825 2.475 2.4200e-11
-1.825 2.525 4.0306e-11
-1.825 2.575 6.3322e-11
-1.825 2.625 9.3446e-11
-1.825 2.675 1.2923e-10
-1.825 2.725 1.6740e-10
-1.825 2.775 2.0342e-10
-1.825 2.825 2.3267e-10
-1.825 2.875 2.5161e-10
-1.825 2.925 2.5866e-10
-1.825 2.975 2.5430e-10
-1.825 3.025 2.4051e-10
-1.825 3.075 2.2008e-10
-1.825 3.125 1.9587e-10
-1.825 3.175 1.7034e-10
-1.825 3.225 1.4534e-10
-1.825 3.275 1.2210e-10
-1.825 3.325 1.0127e-10
-1.825 3.375 8.3132e-11
-1.825 3.425 6.7662e-11
-1.825 3.475 5.4684e-11
-1.825 3.525 4.3930e-11
-1.825 3.575 3.5103e-11
-1.825 3.625 2.7906e-11
-1.825 3.675 2.2060e-11
-1.825 3.725 1.7305e-11
-1.825 3.775 1.3375e-11
-1.825 3.825 0.0000e+00
-1.825 3.875 0.0000e+00
-1.825 3.925 0.0000e+00
-1.825 3.975 0.0000e+00
-1.775 -1.975 0.0000e+00
-1.775 -1.925 0.0000e+00
-1.775 -1.875 0.0000e+00
-1.775 -1.825 0.0000e+00
-1.775 -1.775 0.0000e+00
-1.775 -1.725 0.0000e+00
-1.775 -1.675 0.0000e+00
-1.775 -1.625 0.0000e+00
-1.775 -1.575 0.0000e+00
-1.775 -1.525 0.0000e+00
-1.775 -1.475 0.0000e+00
-1.775 -1.425 0.0000e+00
-1.775 -1.375 0.0000e+00
-1.775 -1.325 0.0000e+00
-1.775 -1.275 0.0000e+00
-1.775 -1.225 0.0000e+00
-1.775 -1.175 0.0000e+00
-1.775 -1.125 0.0000e+00
-1.775 -1.075 0.0000e+00
-1.775 -1.025 0.0000e+00
-1.775 -0.975 0.0000e+00
-1.775 -0.925 0.0000e+00
-1.775 -0.875 0.0000e+00
-1.775 -0.825 0.0000e+00
-1.775 -0.775 0.0000e+00
-1.775 -0.725 0.0000e+00
-1.775 -0.675 0.0000e+00
-1.775 -0.625 0.0000e+00
-1.775 -0.575 0.0000e+00
-1.775 -0.525 0.0000e+00
-1.775 -0.475 0.0000e+00
-1.775 -0.425 0.0000e+00
-1.775 -0.375 0.0000e+00
-1.775 -0.325 0.0000e+00
-1.775 -0.275 0.0000e+00
-1.775 -0.225 0.0000e+00
-1.775 -0.175 0.0000e+00
-1.775 -0.125 0.0000e+00
-1.775 -0.075 0.0000e+00
-1.775 -0.025 0.0000e+00
-1.775 0.025 0.0000e+00
-1.775 0.075 0.0000e+00
-1.775 0.125 0.0000e+00
-1.775 0.175 0.0000e+00
-1.775 0.225 0.0000e+00
-1.775 0.275 0.0000e+00
-1.775 0.325 0.0000e+00
-1.775 0.375 0.0000e+00
-1.775 0.425 0.0000e+00
-1.775 0.475 0.0000e+00
-1.775 0.525 0.0000e+00
-1.775 0.575 0.0000e+00
-1.775 0.625 0.0000e+00
-1.775 0.675 0.0000e+00
-1.775 0.725 0.0000e+00
-1.775 0.775 0.0000e+00
-1.775 0.825 0.0000e+00
-1.775 0.875 0.0000e+00
-1.775 0.925 0.0000e+00
-1.775 0.975 0.0000e+00
-1.775 1.025 0.0000e+00
-1.775 1.075 0.0000e+00
-1.775 1.125 0.0000e+00
-1.775 1.175 0.0000e+00
-1.775 1.225 0.0000e+00
-1.775 1.275 0.0000e+00
-1.775 1.325 0.0000e+00
-1.775 1.375 0.0000e+00
-1.775 1.425 0.0000e+00
-1.775 1.475 0.0000e+00
-1.775 1.525 4.7145e-17
-1.775 1.575 9.5854e-17
-1.775 1.625 1.9560e-16
-1.775 1.675 4.0081e-16
-1.775 1.725 8.2508e-16
-1.775 1.775 1.7067e-15
-1.775 1.825 3.5476e-15
-1.775 1.875 7.4080e-15
-1.775 1.925 1.5527e-14
-1.775 1.975 3.2621e-14
-1.775 2.025 6.8539e-14
-1.775 2.075 1.4357e-13
-1.775 2.125 2.9864e-13
-1.775 2.175 6.1380e-13
-1.775 2.225 1.2393e-12
-1.775 2.275 2.4420e-12
-1.775 2.325 4.6630e-12
-1.775 2.375 8.5653e-12
-1.775 2.425 1.5026e-11
-1.775 2.475 2.5010e-11
-1.775 2.525 3.9274e-11
-1.775 2.575 5.7944e-11
-1.775 2.625 8.0132e-11
-1.775 2.675 1.0383e-10
-1.775 2.725 1.2624e-10
-1.775 2.775 1.4450e-10
-1.775 2.825 1.5640e-10
-1.775 2.875 1.6095e-10
-1.775 2.925 1.5841e-10
-1.775 2.975 1.5000e-10
-1.775 3.025 1.3742e-10
-1.775 3.075 1.2245e-10
-1.775 3.125 1.0662e-10
-1.775 3.175 9.1080e-11
-1.775 3.225 7.6602e-11
-1.775 3.275 6.3612e-11
-1.775 3.325 5.2280e-11
-1.775 3.375 4.2605e-11
-1.775 3.425 3.4480e-11
-1.775 3.475 2.7743e-11
-1.775 3.525 2.2211e-11
-1.775 3.575 1.7701e-11
-1.775 3.625 1.4044e-11
-1.775 3.675 1.1085e-11
-1.775 3.725 8.6854e-12
-1.775 3.775 6.7075e-12
-1.775 3.825 0.0000e+00
-1.775 3.875 0.0000e+00
-1.775 3.925 0.0000e+00
-1.775 3.975 0.0000e+00
-1.725 -1.975 0.0000e+00
-1.725 -1.925 0.0000e+00
-1.725 -1.875 0.0000e+00
-1.725 -1.825 0.0000e+00
-1.725 -1.775 0.0000e+00
-1.725 -1.725 0.0000e+00
-1.725 -1.675 0.0000e+00
-1.725 -1.625 0.0000e+00
-1.725 -1.575 0.0000e+00
-1.725 -1.525 0.0000e+00
-1.725 -1.475 0.0000e+00
-1.725 -1.425 0.0000e+00
-1.725 -1.375 0.0000e+00
-1.725 -1.325 0.0000e+00
-1.725 -1.275 0.0000e+00
-1.725 -1.225 0.0000e+00
-1.725 -1.175 0.0000e+00
-1.725 -1.125 0.0000e+00
-1.725 -1.075 0.0000e+00
-1.725 -1.025 0.0000e+00
-1.725 -0.975 0.0000e+00
-1.725 -0.925 0.0000e+00
-1.725 -0.875 0.0000e+00
-1.725 -0.825 0.0000e+00
-1.725 -0.775 0.0000e+00
-1.725 -0.725 0.0000e+00
-1.725 -0.675 0.0000e+00
-1.725 -0.625 0.0000e+00
-1.725 -0.575 0.0000e+00
-1.725 -0.525 0.0000e+00
-1.725 -0.475 0.0000e+00
-1.725 -0.425 0.0000e+00
-1.725 -0.375 0.0000e+00
-1.725 -0.325 0.0000e+00
-1.725 -0.275 0.0000e+00
-1.725 -0.225 0.0000e+00
-1.725 -0.175 0.0000e+00
-1.725 -0.125 0.0000e+00
-1.725 -0.075 0.0000e+00
-1.725 -0.025 0.0000e+00
-1.725 0.025 0.0000e+00
-1.725 0.075 0.0000e+00
-1.725 0.125 0.0000e+00
-1.725 0.175 0.0000e+00
-1.725 0.225 0.0000e+00
-1.725 0.275 0.0000e+00
-1.725 0.325 0.0000e+00
-1.725 0.375 0.0000e+00
-1.725 0.425 0.0000e+00
-1.725 0.475 0.0000e+00
-1.725 0.525 0.0000e+00
-1.725 0.575 0.0000e+00
-1.725 0.625 0.0000e+00
-1.725 0.675 0.0000e+00
-1.725 0.725 0.0000e+00
-1.725 0.775 0.0000e+00
-1.725 0.825 0.0000e+00
-1.725 0.875 0.0000e+00
-1.725 0.925 0.0000e+00
-1.725 0.975 0.0000e+00
-1.725 1.025 0.0000e+00
-1.725 1.075 0.0000e+00
-1.725 1.125 0.0000e+00
-1.725 1.175 0.0000e+00
-1.725 1.225 0.0000e+00
-1.725 1.275 0.0000e+00
-1.725 1.325 0.0000e+00
-1.725 1.375 0.0000e+00
-1.725 1.425 0.0000e+00
-1.725 1.475 0.0000e+00
-1.725 1.525 6.0332e-17
-1.725 1.575 1.2308e-16
-1.725 1.625 2.5211e-16
-1.725 1.675 5.1877e-16
-1.725 1.725 1.0726e-15
-1.725 1.775 2.2284e-15
-1.725 1.825 4.6507e-15
-1.725 1.875 9.7419e-15
-1.725 1.925 2.0452e-14
-1.725 1.975 4.2938e-14
-1.725 2.025 8.9869e-14
-1.725 2.075 1.8677e-13
-1.725 2.125 3.8351e-13
-1.725 2.175 7.7359e-13
-1.725 2.225 1.5229e-12
-1.725 2.275 2.9052e-12
-1.725 2.325 5.3319e-12
-1.725 2.375 9.3470e-12
-1.725 2.425 1.5548e-11
-1.725 2.475 2.4405e-11
-1.725 2.525 3.6000e-11
-1.725 2.575 4.9787e-11
-1.725 2.625 6.4528e-11
-1.725 2.675 7.8494e-11
-1.725 2.725 8.9901e-11
-1.725 2.775 9.7384e-11
-1.725 2.825 1.0031e-10
-1.725 2.875 9.8825e-11
-1.725 2.925 9.3673e-11
-1.725 2.975 8.5908e-11
-1.725 3.025 7.6630e-11
-1.725 3.075 6.6792e-11
-1.725 3.125 5.7117e-11
-1.725 3.175 4.8087e-11
-1.725 3.225 3.9973e-11
-1.725 3.275 3.2886e-11
-1.725 3.325 2.6829e-11
-1.725 3.375 2.1737e-11
-1.725 3.425 1.7512e-11
-1.725 3.475 1.4040e-11
-1.725 3.525 1.1210e-11
-1.725 3.575 8.9150e-12
-1.725 3.625 7.0616e-12
-1.725 3.675 5.5669e-12
-1.725 3.725 4.3581e-12
-1.725 3.775 3.3633e-12
-1.725 3.825 0.0000e+00
-1.725 3.875 0.0000e+00
-1.725 3.925 0.0000e+00
-1.725 3.975 0.0000e+00
-1.675 -1.975 0.0000e+00
-1.675 -1.925 0.0000e+00
-1.675 -1.875 0.0000e+00
-1.675 -1.825 0.0000e+00
-1.675 -1.775 0.0000e+00
-1.675 -1.725 0.0000e+00
-1.675 -1.675 0.0000e+00
-1.675 -1.625 0.0000e+00
-1.675 -1.575 0.0000e+00
-1.675 -1.525 0.0000e+00
-1.675 -1.475 0.0000e+00
-1.675 -1.425 0.0000e+00
-1.675 -1.375 0.0000e+00
-1.675 -1.325 0.0000e+00
-1.675 -1.275 0.0000e+00
-1.675 -1.225 0.0000e+00
-1.675 -1.175 0.0000e+00
-1.675 -1.125 0.0000e+00
-1.675 -1.075 0.0000e+00
-1.675 -1.025 0.0000e+00
-1.675 -0.975 0.0000e+00
-1.675 -0.925 0.0000e+00
-1.675 -0.875 0.0000e+00
-1.675 -0.825 0.0000e+00
-1.675 -0.775 0.0000e+00
-1.675 -0.725 0.0000e+00
-1.675 -0.675 0.0000e+00
-1.675 -0.625 0.0000e+00
-1.675 -0.575 0.0000e+00
-1.675 -0.525 0.0000e+00
-1.675 -0.475 0.0000e+00
-1.675 -0.425 0.0000e+00
-1.675 -0.375 0.0000e+00
-1.675 -0.325 0.0000e+00
-1.675 -0.275 0.0000e+00
-1.675 -0.225 0.0000e+00
-1.675 -0.175 0.0000e+00
-1.675 -0.125 0.0000e+00
-1.675 -0.075 0.0000e+00
-1.675 -0.025 0.0000e+00
-1.675 0.025 0.0000e+00
-1.675 0.075 0.0000e+00
-1.675 0.125 0.0000e+00
-1.675 0.175 0.0000e+00
-1.675 0.225 0.0000e+00
-1.675 0.275 0.0000e+00
-1.675 0.325 0.0000e+00
-1.675 0.375 0.0000e+00
-1.675 0.425 0.0000e+00
-1.675 0.475 0.0000e+00
-1.675 0.525 0.0000e+00
-1.675 0.575 0.0000e+00
-1.675 0.625 0.0000e+00
-1.675 0.675 0.0000e+00
-1.675 0.725 0.0000e+00
-1.675 0.775 0.0000e+00
-1.675 0.825 0.0000e+00
-1.675 0.875 0.0000e+00
-1.675 0.925 0.0000e+00
-1.675 0.975 0.0000e+00
-1.675 1.025 0.0000e+00
-1.675 1.075 0.0000e+00
-1.675 1.125 0.0000e+00
-1.675 1.175 0.0000e+00
-1.675 1.225 0.0000e+00
-1.675 1.275 0.0000e+00
-1.675 1.325 0.0000e+00
-1.675 1.375 0.0000e+00
-1.675 1.425 0.0000e+00
-1.675 1.475 0.0000e+00
-1.675 1.525 7.7466e-17
-1.675 1.575 1.5863e-16
-1.675 1.625 3.2630e-16
-1.675 1.675 6.7438e-16
-1.675 1.725 1.4005e-15
-1.675 1.775 2.9213e-15
-1.675 1.825 6.1158e-15
-1.675 1.875 1.2832e-14
-1.675 1.925 2.6921e-14
-1.675 1.975 5.6303e-14
-1.675 2.025 1.1692e-13
-1.675 2.075 2.3988e-13
-1.675 2.125 4.8346e-13
-1.675 2.175 9.5093e-13
-1.675 2.225 1.8126e-12
-1.675 2.275 3.3241e-12
-1.675 2.325 5.8235e-12
-1.675 2.375 9.6819e-12
-1.675 2.425 1.5192e-11
-1.675 2.475 2.2406e-11
-1.675 2.525 3.0987e-11
-1.675 2.575 4.0171e-11
-1.675 2.625 4.8885e-11
-1.675 2.675 5.6022e-11
-1.675 2.725 6.0728e-11
-1.675 2.775 6.2604e-11
-1.675 2.825 6.1731e-11
-1.675 2.875 5.8566e-11
-1.675 2.925 5.3762e-11
-1.675 2.975 4.8000e-11
-1.675 3.025 4.1876e-11
-1.675 3.075 3.5843e-11
-1.675 3.125 3.0204e-11
-1.675 3.175 2.5129e-11
-1.675 3.225 2.0692e-11
-1.675 3.275 1.6896e-11
-1.675 3.325 1.3703e-11
-1.675 3.375 1.1051e-11
-1.675 3.425 8.8702e-12
-1.675 3.475 7.0918e-12
-1.675 3.525 5.6498e-12
-1.675 3.575 4.4857e-12
-1.675 3.625 3.5486e-12
-1.675 3.675 2.7948e-12
-1.675 3.725 2.1863e-12
-1.675 3.775 1.6864e-12
-1.675 3.825 0.0000e+00
-1.675 3.875 0.0000e+00
-1.675 3.925 0.0000e+00
-1.675 3.975 0.0000e+00
-1.625 -1.975 0.0000e+00
-1.625 -1.925 0.0000e+00
-1.625 -1.875 0.0000e+00
-1.625 -1.825 0.0000e+00
-1.625 -1.775 0.0000e+00
-1.625 -1.725 0.0000e+00
-1.625 -1.675 0.0000e+00
-1.625 -1.625 0.0000e+00
-1.625 -1.575 0.0000e+00
-1.625 -1.525 0.0000e+00
-1.625 -1.475 0.0000e+00
-1.625 -1.425 0.0000e+00
-1.625 -1.375 0.0000e+00
-1.625 -1.325 0.0000e+00
-1.625 -1.275 0.0000e+00
-1.625 -1.225 0.0000e+00
-1.625 -1.175 0.0000e+00
-1.625 -1.125 0.0000e+00
-1.625 -1.075 0.0000e+00
-1.625 -1.025 0.0000e+00
-1.625 -0.975 0.0000e+00
-1.625 -0.925 0.0000e+00
-1.625 -0.875 0.0000e+00
-1.625 -0.825 0.0000e+00
-1.625 -0.775 0.0000e+00
-1.625 -0.725 0.0000e+00
-1.625 -0.675 0.0000e+00
-1.625 -0.625 0.0000e+00
-1.625 -0.575 0.0000e+00
-1.625 -0.525 0.0000e+00
-1.625 -0.475 0.0000e+00
-1.625 -0.425 0.0000e+00
-1.625 -0.375 0.0000e+00
-1.625 -0.325 0.0000e+00
-1.625 -0.275 0.0000e+00
-1.625 -0.225 0.0000e+00
-1.625 -0.175 0.0000e+00
-1.625 -0.125 0.0000e+00
-1.625 -0.075 0.0000e+00
-1.625 -0.025 0.0000e+00
-1.625 0.025 0.0000e+00
-1.625 0.075 0.0000e+00
-1.625 0.125 0.0000e+00
-1.625 0.175 0.0000e+00
-1.625 0.225 0.0000e+00
-1.625 0.275 0.0000e+00
-1.625 0.325 0.0000e+00
-1.625 0.375 0.0000e+00
-1.625 0.425 0.0000e+00
-1.625 0.475 0.0000e+00
-1.625 0.525 0.0000e+00
-1.625 0.575 0.0000e+00
-1.625 0.625 0.0000e+00
-1.625 0.675 0.0000e+00
-1.625 0.725 0.0000e+00
-1.625 0.775 0.0000e+00
-1.625 0.825 0.0000e+00
-1.625 0.875 0.0000e+00
-1.625 0.925 0.0000e+00
-1.625 0.975 0.0000e+00
-1.625 1.025 0.0000e+00
-1.625 1.075 0.0000e+00
-1.625 1.125 0.0000e+00
-1.625 1.175 0.0000e+00
-1.625 1.225 0.0000e+00
-1.625 1.275 0.0000e+00
-1.625 1.325 0.0000e+00
-1.625 1.375 0.0000e+00
-1.625 1.425 0.0000e+00
-1.625 1.475 0.0000e+00
-1.625 1.525 9.9843e-17
-1.625 1.575 2.0531e-16
-1.625 1.625 4.2417e-16
-1.625 1.675 8.8051e-16
-1.625 1.725 1.8359e-15
-1.625 1.775 3.8415e-15
-1.625 1.825 8.0554e-15
-1.625 1.875 1.6890e-14
-1.625 1.925 3.5301e-14
-1.625 1.975 7.3254e-14
-1.625 2.025 1.5019e-13
-1.625 2.075 3.0246e-13
-1.625 2.125 5.9446e-13
-1.625 2.175 1.1323e-12
-1.625 2.225 2.0752e-12
-1.625 2.275 3.6333e-12
-1.625 2.325 6.0378e-12
-1.625 2.375 9.4710e-12
-1.625 2.425 1.3966e-11
-1.625 2.475 1.9316e-11
-1.625 2.525 2.5045e-11
-1.625 2.575 3.0490e-11
-1.625 2.625 3.4959e-11
-1.625 2.675 3.7920e-11
-1.625 2.725 3.9119e-11
-1.625 2.775 3.8604e-11
-1.625 2.825 3.6655e-11
-1.625 2.875 3.3676e-11
-1.625 2.925 3.0092e-11
-1.625 2.975 2.6274e-11
-1.625 3.025 2.2507e-11
-1.625 3.075 1.8980e-11
-1.625 3.125 1.5804e-11
-1.625 3.175 1.3024e-11
-1.625 3.225 1.0643e-11
-1.625 3.275 8.6381e-12
-1.625 3.325 6.9722e-12
-1.625 3.375 5.6019e-12
-1.625 3.425 4.4836e-12
-1.625 3.475 3.5766e-12
-1.625 3.525 2.8444e-12
-1.625 3.575 2.2553e-12
-1.625 3.625 1.7823e-12
-1.625 3.675 1.4027e-12
-1.625 3.725 1.0967e-12
-1.625 3.775 8.4552e-13
-1.625 3.825 0.0000e+00
-1.625 3.875 0.0000e+00
-1.625 3.925 0.0000e+00
-1.625 3.975 0.0000e+00
-1.575 -1.975 0.0000e+00
-1.575 -1.925 0.0000e+00
-1.575 -1.875 0.0000e+00
-1.575 -1.825 0.0000e+00
-1.575 -1.775 0.0000e+00
-1.575 -1.725 0.0000e+00
-1.575 -1.675 0.0000e+00
-1.575 -1.625 0.0000e+00
-1.575 -1.575 0.0000e+00
-1.575 -1.525 0.0000e+00
-1.575 -1.475 0.0000e+00
-1.575 -1.425 0.0000e+00
-1.575 -1.375 0.0000e+00
-1.575 -1.325 0.0000e+00
-1.575 -1.275 0.0000e+00
-1.575 -1.225 0.0000e+00
-1.575 -1.175 0.0000e+00
-1.575 -1.125 0.0000e+00
-1.575 -1.075 0.0000e+00
-1.575 -1.025 0.0000e+00
-1.575 -0.975 0.0000e+00
-1.575 -0.925 0.0000e+00
-1.575 -0.875 0.0000e+00
-1.575 -0.825 0.0000e+00
-1.575 -0.775 0.0000e+00
-1.575 -0.725 0.0000e+00
-1.575 -0.675 0.0000e+00
-1.575 -0.625 0.0000e+00
-1.575 -0.575 0.0000e+00
-1.575 -0.525 0.0000e+00
-1.575 -0.475 0.0000e+00
-1.575 -0.425 0.0000e+00
-1.575 -0.375 0.0000e+00
-1.575 -0.325 0.0000e+00
-1.575 -0.275 0.0000e+00
-1.575 -0.225 0.0000e+00
-1.575 -0.175 0.0000e+00
-1.575 -0.125 0.0000e+00
-1.575 -0.075 0.0000e+00
-1.575 -0.025 0.0000e+00
-1.575 0.025 0.0000e+00
-1.575 0.075 0.0000e+00
-1.575 0.125 0.0000e+00
-1.575 0.175 0.0000e+00
-1.575 0.225 0.0000e+00
-1.575 0.275 0.0000e+00
-1.575 0.325 0.0000e+00
-1.575 0.375 0.0000e+00
-1.575 0.425 0.0000e+00
-1.575 0.475 0.0000e+00
-1.575 0.525 0.0000e+00
-1.575 0.575 0.0000e+00
-1.575 0.625 0.0000e+00
-1.575 0.675 0.0000e+00
-1.575 0.725 0.0000e+00
-1.575 0.775 0.0000e+00
-1.575 0.825 0.0000e+00
-1.575 0.875 0.0000e+00
-1.575 0.925 0.0000e+00
-1.575 0.975 0.0000e+00
-1.575 1.025 0.0000e+00
-1.575 1.075 0.0000e+00
-1.575 1.125 0.0000e+00
-1.575 1.175 0.0000e+00
-1.575 1.225 0.0000e+00
-1.575 1.275 0.0000e+00
-1.575 1.325 0.0000e+00
-1.575 1.375 0.0000e+00
-1.575 1.425 0.0000e+00
-1.575 1.475 0.0000e+00
-1.575 1.525 1.2922e-16
-1.575 1.575 2.6688e-16
-1.575 1.625 5.5381e-16
-1.575 1.675 1.1542e-15
-1.575 1.725 2.4141e-15
-1.575 1.775 5.0598e-15
-1.575 1.825 1.0603e-14
-1.575 1.875 2.2149e-14
-1.575 1.925 4.5932e-14
-1.575 1.975 9.4109e-14
-1.575 2.025 1.8940e-13
-1.575 2.075 3.7200e-13
-1.575 2.125 7.0813e-13
-1.575 2.175 1.2970e-12
-1.575 2.225 2.2697e-12
-1.575 2.275 3.7702e-12
-1.575 2.325 5.9124e-12
-1.575 2.375 8.7174e-12
-1.575 2.425 1.2057e-11
-1.575 2.475 1.5636e-11
-1.575 2.525 1.9042e-11
-1.575 2.575 2.1843e-11
-1.575 2.625 2.3706e-11
-1.575 2.675 2.4472e-11
-1.575 2.725 2.4166e-11
-1.575 2.775 2.2963e-11
-1.575 2.825 2.1112e-11
-1.575 2.875 1.8879e-11
-1.575 2.925 1.6496e-11
-1.575 2.975 1.4140e-11
-1.575 3.025 1.1933e-11
-1.575 3.075 9.9429e-12
-1.575 3.125 8.1992e-12
-1.575 3.175 6.7048e-12
-1.575 3.225 5.4457e-12
-1.575 3.275 4.3986e-12
-1.575 3.325 3.5369e-12
-1.575 3.375 2.8333e-12
-1.575 3.425 2.2625e-12
-1.575 3.475 1.8016e-12
-1.575 3.525 1.4308e-12
-1.575 3.575 1.1333e-12
-1.575 3.625 8.9487e-13
-1.575 3.675 7.0381e-13
-1.575 3.725 5.5002e-13
-1.575 3.775 4.2392e-13
-1.575 3.825 0.0000e+00
-1.575 3.875 0.0000e+00
-1.575 3.925 0.0000e+00
-1.575 3.975 0.0000e+00
-1.525 -1.975 0.0000e+00
-1.525 -1.925 0.0000e+00
-1.525 -1.875 0.0000e+00
-1.525 -1.825 0.0000e+00
-1.525 -1.775 0.0000e+00
-1.525 -1.725 0.0000e+00
-1.525 -1.675 0.0000e+00
-1.525 -1.625 0.0000e+00
-1.525 -1.575 0.0000e+00
-1.525 -1.525 0.0000e+00
-1.525 -1.475 0.0000e+00
-1.525 -1.425 0.0000e+00
-1.525 -1.375 0.0000e+00
-1.525 -1.325 0.0000e+00
-1.525 -1.275 0.0000e+00
-1.525 -1.225 0.0000e+00
-1.525 -1.175 0.0000e+00
-1.525 -1.125 0.0000e+00
-1.525 -1.075 0.0000e+00
-1.525 -1.025 0.0000e+00
-1.525 -0.975 0.0000e+00
-1.525 -0.925 0.0000e+00
-1.525 -0.875 0.0000e+00
-1.525 -0.825 0.0000e+00
-1.525 -0.775 0.0000e+00
-1.525 -0.725 0.0000e+00
-1.525 -0.675 0.0000e+00
-1.525 -0.625 0.0000e+00
-1.525 -0.575 0.0000e+00
-1.525 -0.525 0.0000e+00
-1.525 -0.475 0.0000e+00
-1.525 -0.425 0.0000e+00
-1.525 -0.375 0.0000e+00
-1.525 -0.325 0.0000e+00
-1.525 -0.275 0.0000e+00
-1.525 -0.225 0.0000e+00
-1.525 -0.175 0.0000e+00
-1.525 -0.125 0.0000e+00
-1.525 -0.075 0.0000e+00
-1.525 -0.025 0.0000e+00
-1.525 0.025 0.0000e+00
-1.525 0.075 0.0000e+00
-1.525 0.125 0.0000e+00
-1.525 0.175 0.0000e+00
-1.525 0.225 0.0000e+00
-1.525 0.275 0.0000e+00
-1.525 0.325 0.0000e+00
-1.525 0.375 0.0000e+00
-1.525 0.425 0.0000e+00
-1.525 0.475 0.0000e+00
-1.525 0.525 0.0000e+00
-1.525 0.575 0.0000e+00
-1.525 0.625 0.0000e+00
-1.525 0.675 0.0000e+00
-1.525 0.725 0.0000e+00
-1.525 0.775 0.0000e+00
-1.525 0.825 0.0000e+00
-1.525 0.875 0.0000e+00
-1.525 0.925 0.0000e+00
-1.525 0.975 0.0000e+00
-1.525 1.025 0.0000e+00
-1.525 1.075 0.0000e+00
-1.525 1.125 0.0000e+00
-1.525 1.175 0.0000e+00
-1.525 1.225 0.0000e+00
-1.525 1.275 0.0000e+00
-1.525 1.325 0.0000e+00
-1.525 1.375 0.0000e+00
-1.525 1.425 0.0000e+00
-1.525 1.475 0.0000e+00
-1.525 1.525 1.6797e-16
-1.525 1.575 3.4844e-16
-1.525 1.625 7.2595e-16
-1.525 1.675 1.5178e-15
-1.525 1.725 3.1797e-15
-1.525 1.775 6.6601e-15
-1.525 1.825 1.3905e-14
-1.525 1.875 2.8820e-14
-1.525 1.925 5.9014e-14
-1.525 1.975 1.1870e-13
-1.525 2.025 2.3300e-13
-1.525 2.075 4.4328e-13
-1.525 2.125 8.1149e-13
-1.525 2.175 1.4194e-12
-1.525 2.225 2.3570e-12
-1.525 2.275 3.6953e-12
-1.525 2.325 5.4479e-12
-1.525 2.375 7.5352e-12
-1.525 2.425 9.7738e-12
-1.525 2.475 1.1906e-11
-1.525 2.525 1.3663e-11
-1.525 2.575 1.4836e-11
-1.525 2.625 1.5324e-11
-1.525 2.675 1.5142e-11
-1.525 2.725 1.4397e-11
-1.525 2.775 1.3245e-11
-1.525 2.825 1.1852e-11
-1.525 2.875 1.0363e-11
-1.525 2.925 8.8887e-12
-1.525 2.975 7.5058e-12
-1.525 3.025 6.2577e-12
-1.525 3.075 5.1633e-12
-1.525 3.125 4.2247e-12
-1.525 3.175 3.4334e-12
-1.525 3.225 2.7750e-12
-1.525 3.275 2.2328e-12
-1.525 3.325 1.7900e-12
-1.525 3.375 1.4305e-12
-1.525 3.425 1.1402e-12
-1.525 3.475 9.0661e-13
-1.525 3.525 7.1922e-13
-1.525 3.575 5.6918e-13
-1.525 3.625 4.4917e-13
-1.525 3.675 3.5310e-13
-1.525 3.725 2.7584e-13
-1.525 3.775 0.0000e+00
-1.525 3.825 0.0000e+00
-1.525 3.875 0.0000e+00
-1.525 3.925 0.0000e+00
-1.525 3.975 0.0000e+00
-1.475 -1.975 0.0000e+00
-1.475 -1.925 0.0000e+00
-1.475 -1.875 0.0000e+00
-1.475 -1.825 0.0000e+00
-1.475 -1.775 0.0000e+00
-1.475 -1.725 0.0000e+00
-1.475 -1.675 0.0000e+00
-1.475 -1.625 0.0000e+00
-1.475 -1.575 0.0000e+00
-1.475 -1.525 0.0000e+00
-1.475 -1.475 0.0000e+00
-1.475 -1.425 0.0000e+00
-1.475 -1.375 0.0000e+00
-1.475 -1.325 0.0000e+00
-1.475 -1.275 0.0000e+00
-1.475 -1.225 0.0000e+00
-1.475 -1.175 0.0000e+00
-1.475 -1.125 0.0000e+00
-1.475 -1.075 0.0000e+00
-1.475 -1.025 0.0000e+00
-1.475 -0.975 0.0000e+00
-1.475 -0.925 0.0000e+00
-1.475 -0.875 0.0000e+00
-1.475 -0.825 0.0000e+00
-1.475 -0.775 0.0000e+00
-1.475 -0.725 0.0000e+00
-1.475 -0.675 0.0000e+00
-1.475 -0.625 0.0000e+00
-1.475 -0.575 0.0000e+00
-1.475 -0.525 0.0000e+00
-1.475 -0.475 0.0000e+00
-1.475 -0.425 0.0000e+00
-1.475 -0.375 0.0000e+00
-1.475 -0.325 0.0000e+00
-1.475 -0.275 0.0000e+00
-1.475 -0.225 0.0000e+00
-1.475 -0.175 0.0000e+00
-1.475 -0.125 0.0000e+00
-1.475 -0.075 0.0000e+00
-1.475 -0.025 0.0000e+00
-1.475 0.025 0.0000e+00
-1.475 0.075 0.0000e+00
-1.475 0.125 0.0000e+00
-1.475 0.175 0.0000e+00
-1.475 0.225 0.0000e+00
-1.475 0.275 0.0000e+00
-1.475 0.325 0.0000e+00
-1.475 0.375 0.0000e+00
-1.475 0.425 0.0000e+00
-1.475 0.475 0.0000e+00
-1.475 0.525 0.0000e+00
-1.475 0.575 0.0000e+00
-1.475 0.625 0.0000e+00
-1.475 0.675 0.0000e+00
-1.475 0.725 0.0000e+00
-1.475 0.775 0.0000e+00
-1.475 0.825 0.0000e+00
-1.475 0.875 0.0000e+00
-1.475 0.925 0.0000e+00
-1.475 0.975 0.0000e+00
-1.475 1.025 0.0000e+00
-1.475 1.075 0.0000e+00
-1.475 1.125 0.0000e+00
-1.475 1.175 0.0000e+00
-1.475 1.225 0.0000e+00
-1.475 1.275 0.0000e+00
-1.475 1.325 0.0000e+00
-1.475 1.375 0.0000e+00
-1.475 1.425 0.0000e+00
-1.475 1.475 0.0000e+00
-1.475 1.525 2.1930e-16
-1.475 1.575 4.5674e-16
-1.475 1.625 9.5458e-16
-1.475 1.675 1.9990e-15
-1.475 1.725 4.1854e-15
-1.475 1.775 8.7340e-15
-1.475 1.825 1.8094e-14
-1.475 1.875 3.7032e-14
-1.475 1.925 7.4445e-14
-1.475 1.975 1.4606e-13
-1.475 2.025 2.7773e-13
-1.475 2.075 5.0820e-13
-1.475 2.125 8.8857e-13
-1.475 2.175 1.4750e-12
-1.475 2.225 2.3121e-12
-1.475 2.275 3.4083e-12
-1.475 2.325 4.7143e-12
-1.475 2.375 6.1159e-12
-1.475 2.425 7.4521e-12
-1.475 2.475 8.5551e-12
-1.475 2.525 9.2938e-12
-1.475 2.575 9.6043e-12
-1.475 2.625 9.4954e-12
-1.475 2.675 9.0335e-12
-1.475 2.725 8.3158e-12
-1.475 2.775 7.4453e-12
-1.475 2.825 6.5134e-12
-1.475 2.875 5.5901e-12
-1.475 2.925 4.7229e-12
-1.475 2.975 3.9396e-12
-1.475 3.025 3.2523e-12
-1.475 3.075 2.6625e-12
-1.475 3.125 2.1649e-12
-1.475 3.175 1.7507e-12
-1.475 3.225 1.4094e-12
-1.475 3.275 1.1306e-12
-1.475 3.325 9.0415e-13
-1.475 3.375 7.2122e-13
-1.475 3.425 5.7401e-13
-1.475 3.475 4.5590e-13
-1.475 3.525 3.6135e-13
-1.475 3.575 2.8578e-13
-1.475 3.625 2.2541e-13
-1.475 3.675 1.7713e-13
-1.475 3.725 1.3833e-13
-1.475 3.775 0.0000e+00
-1.475 3.825 0.0000e+00
-1.475 3.875 0.0000e+00
-1.475 3.925 0.0000e+00
-1.475 3.975 0.0000e+00
-1.425 -1.975 0.0000e+00
-1.425 -1.925 0.0000e+00
-1.425 -1.875 0.0000e+00
-1.425 -1.825 0.0000e+00
-1.425 -1.775 0.0000e+00
-1.425 -1.725 0.0000e+00
-1.425 -1.675 0.0000e+00
-1.425 -1.625 0.0000e+00
-1.425 -1.575 0.0000e+00
-1.425 -1.525 0.0000e+00
-1.425 -1.475 0.0000e+00
-1.425 -1.425 0.0000e+00
-1.425 -1.375 0.0000e+00
-1.425 -1.325 0.0000e+00
-1.425 -1.275 0.0000e+00
-1.425 -1.225 0.0000e+00
-1.425 -1.175 0.0000e+00
-1.425 -1.125 0.0000e+00
-1.425 -1.075 0.0000e+00
-1.425 -1.025 0.0000e+00
-1.425 -0.975 0.0000e+00
-1.425 -0.925 0.0000e+00
-1.425 -0.875 0.0000e+00
-1.425 -0.825 0.0000e+00
-1.425 -0.775 0.0000e+00
-1.425 -0.725 0.0000e+00
-1.425 -0.675 0.0000e+00
-1.425 -0.625 0.0000e+00
-1.425 -0.575 0.0000e+00
-1.425 -0.525 0.0000e+00
-1.425 -0.475 0.0000e+00
-1.425 -0.425 0.0000e+00
-1.425 -0.375 0.0000e+00
-1.425 -0.325 0.0000e+00
-1.425 -0.275 0.0000e+00
-1.425 -0.225 0.0000e+00
-1.425 -0.175 0.0000e+00
-1.425 -0.125 0.0000e+00
-1.425 -0.075 0.0000e+00
-1.425 -0.025 0.0000e+00
-1.425 0.025 0.0000e+00
-1.425 0.075 0.0000e+00
-1.425 0.125 0.0000e+00
-1.425 0.175 0.0000e+00
-1.425 0.225 0.0000e+00
-1.425 0.275 0.0000e+00
-1.425 0.325 0.0000e+00
-1.425 0.375 0.0000e+00
-1.425 0.425 0.0000e+00
-1.425 0.475 0.0000e+00
-1.425 0.525 0.0000e+00
-1.425 0.575 0.0000e+00
-1.425 0.625 0.0000e+00
-1.425 0.675 0.0000e+00
-1.425 0.725 0.0000e+00
-1.425 0.775 0.0000e+00
-1.425 0.825 0.0000e+00
-1.425 0.875 0.0000e+00
-1.425 0.925 0.0000e+00
-1.425 0.975 0.0000e+00
-1.425 1.025 0.0000e+00
-1.425 1.075 0.0000e+00
-1.425 1.125 0.0000e+00
-1.425 1.175 0.0000e+00
-1.425 1.225 0.0000e+00
-1.425 1.275 0.0000e+00
-1.425 1.325 0.0000e+00
-1.425 1.375 0.0000e+00
-1.425 1.425 0.0000e+00
-1.425 1.475 0.0000e+00
-1.425 1.525 2.8745e-16
-1.425 1.575 6.0057e-16
-1.425 1.625 1.2572e-15
-1.425 1.675 2.6313e-15
-1.425 1.725 5.4887e-15
-1.425 1.775 1.1366e-14
-1.425 1.825 2.3251e-14
-1.425 1.875 4.6720e-14
-1.425 1.925 9.1621e-14
-1.425 1.975 1.7414e-13
-1.425 2.025 3.1852e-13
-1.425 2.075 5.5673e-13
-1.425 2.125 9.2393e-13
-1.425 2.175 1.4480e-12
-1.425 2.225 2.1344e-12
-1.425 2.275 2.9523e-12
-1.425 2.325 3.8306e-12
-1.425 2.375 4.6687e-12
-1.425 2.425 5.3615e-12
-1.425 2.475 5.8269e-12
-1.425 2.525 6.0243e-12
-1.425 2.575 5.9590e-12
-1.425 2.625 5.6720e-12
-1.425 2.675 5.2241e-12
-1.425 2.725 4.6797e-12
-1.425 2.775 4.0960e-12
-1.425 2.825 3.5171e-12
-1.425 2.875 2.9730e-12
-1.425 2.925 2.4811e-12
-1.425 2.975 2.0492e-12
-1.425 3.025 1.6783e-12
-1.425 3.075 1.3653e-12
-1.425 3.125 1.1046e-12
-1.425 3.175 8.8968e-13
-1.425 3.225 7.1402e-13
-1.425 3.275 5.7134e-13
-1.425 3.325 4.5603e-13
-1.425 3.375 3.6322e-13
-1.425 3.425 2.8875e-13
-1.425 3.475 2.2913e-13
-1.425 3.525 1.8148e-13
-1.425 3.575 1.4345e-13
-1.425 3.625 1.1310e-13
-1.425 3.675 8.8848e-14
-1.425 3.725 6.9372e-14
-1.425 3.775 0.0000e+00
-1.425 3.825 0.0000e+00
-1.425 3.875 0.0000e+00
-1.425 3.925 0.0000e+00
-1.425 3.975 0.0000e+00
-1.375 -1.975 0.0000e+00
-1.375 -1.925 0.0000e+00
-1.375 -1.875 0.0000e+00
-1.375 -1.825 0.0000e+00
-1.375 -1.775 0.0000e+00
-1.375 -1.725 0.0000e+00
-1.375 -1.675 0.0000e+00
-1.375 -1.625 0.0000e+00
-1.375 -1.575 0.0000e+00
-1.375 -1.525 0.0000e+00
-1.375 -1.475 0.0000e+00
-1.375 -1.425 0.0000e+00
-1.375 -1.375 0.0000e+00
-1.375 -1.325 0.0000e+00
-1.375 -1.275 0.0000e+00
-1.375 -1.225 0.0000e+00
-1.375 -1.175 0.0000e+00
-1.375 -1.125 0.0000e+00
-1.375 -1.075 0.0000e+00
-1.375 -1.025 0.0000e+00
-1.375 -0.975 0.0000e+00
-1.375 -0.925 0.0000e+00
-1.375 -0.875 0.0000e+00
-1.375 -0.825 0.0000e+00
-1.375 -0.775 0.0000e+00
-1.375 -0.725 0.0000e+00
-1.375 -0.675 0.0000e+00
-1.375 -0.625 0.0000e+00
-1.375 -0.575 0.0000e+00
-1.375 -0.525 0.0000e+00
-1.375 -0.475 0.0000e+00
-1.375 -0.425 0.0000e+00
-1.375 -0.375 0.0000e+00
-1.375 -0.325 0.0000e+00
-1.375 -0.275 0.0000e+00
-1.375 -0.225 0.0000e+00
-1.375 -0.175 0.0000e+00
-1.375 -0.125 0.0000e+00
-1.375 -0.075 0.0000e+00
-1.375 -0.025 0.0000e+00
-1.375 0.025 0.0000e+00
-1.375 0.075 0.0000e+00
-1.375 0.125 0.0000e+00
-1.375 0.175 0.0000e+00
-1.375 0.225 0.0000e+00
-1.375 0.275 0.0000e+00
-1.375 0.325 0.0000e+00
-1.375 0.375 0.0000e+00
-1.375 0.425 0.0000e+00
-1.375 0.475 0.0000e+00
-1.375 0.525 0.0000e+00
-1.375 0.575 0.0000e+00
-1.375 0.625 0.0000e+00
-1.375 0.675 0.0000e+00
-1.375 0.725 0.0000e+00
-1.375 0.775 0.0000e+00
-1.375 0.825 0.0000e+00
-1.375 0.875 0.0000e+00
-1.375 0.925 0.0000e+00
-1.375 0.975 0.0000e+00
-1.375 1.025 0.0000e+00
-1.375 1.075 0.0000e+00
-1.375 1.125 0.0000e+00
-1.375 1.175 0.0000e+00
-1.375 1.225 0.0000e+00
-1.375 1.275 0.0000e+00
-1.375 1.325 0.0000e+00
-1.375 1.375 0.0000e+00
-1.375 1.425 0.0000e+00
-1.375 1.475 0.0000e+00
-1.375 1.525 3.7795e-16
-1.375 1.575 7.9098e-16
-1.375 1.625 1.6549e-15
-1.375 1.675 3.4507e-15
-1.375 1.725 7.1429e-15
-1.375 1.775 1.4606e-14
-1.375 1.825 2.9337e-14
-1.375 1.875 5.7509e-14
-1.375 1.925 1.0927e-13
-1.375 1.975 1.9978e-13
-1.375 2.025 3.4909e-13
-1.375 2.075 5.7921e-13
-1.375 2.125 9.0759e-13
-1.375 2.175 1.3378e-12
-1.375 2.225 1.8505e-12
-1.375 2.275 2.4013e-12
-1.375 2.325 2.9274e-12
-1.375 2.375 3.3629e-12
-1.375 2.425 3.6561e-12
-1.375 2.475 3.7816e-12
-1.375 2.525 3.7422e-12
-1.375 2.575 3.5637e-12
-1.375 2.625 3.2838e-12
-1.375 2.675 2.9430e-12
-1.375 2.725 2.5771e-12
-1.375 2.775 2.2138e-12
-1.375 2.825 1.8721e-12
-1.375 2.875 1.5630e-12
-1.375 2.925 1.2914e-12
-1.375 2.975 1.0581e-12
-1.375 3.025 8.6112e-13
-1.375 3.075 6.9696e-13
-1.375 3.125 5.6161e-13
-1.375 3.175 4.5092e-13
-1.375 3.225 3.6098e-13
-1.375 3.275 2.8828e-13
-1.375 3.325 2.2975e-13
-1.375 3.375 1.8277e-13
-1.375 3.425 1.4516e-13
-1.375 3.475 1.1511e-13
-1.375 3.525 9.1122e-14
-1.375 3.575 7.1996e-14
-1.375 3.625 5.6745e-14
-1.375 3.675 4.4566e-14
-1.375 3.725 3.4791e-14
-1.375 3.775 0.0000e+00
-1.375 3.825 0.0000e+00
-1.375 3.875 0.0000e+00
-1.375 3.925 0.0000e+00
-1.375 3.975 0.0000e+00
-1.325 -1.975 0.0000e+00
-1.325 -1.925 0.0000e+00
-1.325 -1.875 0.0000e+00
-1.325 -1.825 0.0000e+00
-1.325 -1.775 0.0000e+00
-1.325 -1.725 0.0000e+00
-1.325 -1.675 0.0000e+00
-1.325 -1.625 0.0000e+00
-1.325 -1.575 0.0000e+00
-1.325 -1.525 0.0000e+00
-1.325 -1.475 0.0000e+00
-1.325 -1.425 0.0000e+00
-1.325 -1.375 0.0000e+00
-1.325 -1.325 0.0000e+00
-1.325 -1.275 0.0000e+00
-1.325 -1.225 0.0000e+00
-1.325 -1.175 0.0000e+00
-1.325 -1.125 0.0000e+00
-1.325 -1.075 0.0000e+00
-1.325 -1.025 0.0000e+00
-1.325 -0.975 0.0000e+00
-1.325 -0.925 0.0000e+00
-1.325 -0.875 0.0000e+00
-1.325 -0.825 0.0000e+00
-1.325 -0.775 0.0000e+00
-1.325 -0.725 0.0000e+00
-1.325 -0.675 0.0000e+00
-1.325 -0.625 0.0000e+00
-1.325 -0.575 0.0000e+00
-1.325 -0.525 0.0000e+00
-1.325 -0.475 0.0000e+00
-1.325 -0.425 0.0000e+00
-1.325 -0.375 0.0000e+00
-1.325 -0.325 0.0000e+00
-1.325 -0.275 0.0000e+00
-1.325 -0.225 0.0000e+00
-1.325 -0.175 0.0000e+00
-1.325 -0.125 0.0000e+00
-1.325 -0.075 0.0000e+00
-1.325 -0.025 0.0000e+00
-1.325 0.025 0.0000e+00
-1.325 0.075 0.0000e+00
-1.325 0.125 0.0000e+00
-1.325 0.175 0.0000e+00
-1.325 0.225 0.0000e+00
-1.325 0.275 0.0000e+00
-1.325 0.325 0.0000e+00
-1.325 0.375 0.0000e+00
-1.325 0.425 0.0000e+00
-1.325 0.475 0.0000e+00
-1.325 0.525 0.0000e+00
-1.325 0.575 0.0000e+00
-1.325 0.625 0.0000e+00
-1.325 0.675 0.0000e+00
-1.325 0.725 0.0000e+00
-1.325 0.775 0.0000e+00
-1.325 0.825 0.0000e+00
-1.325 0.875 0.0000e+00
-1.325 0.925 0.0000e+00
-1.325 0.975 0.0000e+00
-1.325 1.025 0.0000e+00
-1.325 1.075 0.0000e+00
-1.325 1.125 0.0000e+00
-1.325 1.175 0.0000e+00
-1.325 1.225 0.0000e+00
-1.325 1.275 0.0000e+00
-1.325 1.325 0.0000e+00
-1.325 1.375 0.0000e+00
-1.325 1.425 0.0000e+00
-1.325 1.475 0.0000e+00
-1.325 1.525 4.9777e-16
-1.325 1.575 1.0411e-15
-1.325 1.625 2.1702e-15
-1.325 1.675 4.4908e-15
-1.325 1.725 9.1798e-15
-1.325 1.775 1.8432e-14
-1.325 1.825 3.6118e-14
-1.325 1.875 6.8599e-14
-1.325 1.925 1.2539e-13
-1.325 1.975 2.1905e-13
-1.325 2.025 3.6337e-13
-1.325 2.075 5.6931e-13
-1.325 2.125 8.3911e-13
-1.325 2.175 1.1608e-12
-1.325 2.225 1.5065e-12
-1.325 2.275 1.8370e-12
-1.325 2.325 2.1108e-12
-1.325 2.375 2.2957e-12
-1.325 2.425 2.3753e-12
-1.325 2.475 2.3516e-12
-1.325 2.525 2.2403e-12
-1.325 2.575 2.0652e-12
-1.325 2.625 1.8517e-12
-1.325 2.675 1.6221e-12
-1.325 2.725 1.3940e-12
-1.325 2.775 1.1793e-12
-1.325 2.825 9.8495e-13
-1.325 2.875 8.1412e-13
-1.325 2.925 6.6728e-13
-1.325 2.975 5.4322e-13
-1.325 3.025 4.3982e-13
-1.325 3.075 3.5453e-13
-1.325 3.125 2.8477e-13
-1.325 3.175 2.2806e-13
-1.325 3.225 1.8221e-13
-1.325 3.275 1.4529e-13
-1.325 3.325 1.1565e-13
-1.325 3.375 9.1915e-14
-1.325 3.425 7.2947e-14
-1.325 3.475 5.7810e-14
-1.325 3.525 4.5744e-14
-1.325 3.575 3.6130e-14
-1.325 3.625 2.8470e-14
-1.325 3.675 2.2355e-14
-1.325 3.725 1.7449e-14
-1.325 3.775 0.0000e+00
-1.325 3.825 0.0000e+00
-1.325 3.875 0.0000e+00
-1.325 3.925 0.0000e+00
-1.325 3.975 0.0000e+00
-1.275 -1.975 0.0000e+00
-1.275 -1.925 0.0000e+00
-1.275 -1.875 0.0000e+00
-1.275 -1.825 0.0000e+00
-1.275 -1.775 0.0000e+00
-1.275 -1.725 0.0000e+00
-1.275 -1.675 0.0000e+00
-1.275 -1.625 0.0000e+00
-1.275 -1.575 0.0000e+00
-1.275 -1.525 0.0000e+00
-1.275 -1.475 0.0000e+00
-1.275 -1.425 0.0000e+00
-1.275 -1.375 0.0000e+00
-1.275 -1.325 0.0000e+00
-1.275 -1.275 0.0000e+00
-1.275 -1.225 0.0000e+00
-1.275 -1.175 0.0000e+00
-1.275 -1.125 0.0000e+00
-1.275 -1.075 0.0000e+00
-1.275 -1.025 0.0000e+00
-1.275 -0.975 0.0000e+00
-1.275 -0.925 0.0000e+00
-1.275 -0.875 0.0000e+00
-1.275 -0.825 0.0000e+00
-1.275 -0.775 0.0000e+00
-1.275 -0.725 0.0000e+00
-1.275 -0.675 0.0000e+00
-1.275 -0.625 0.0000e+00
-1.275 -0.575 0.0000e+00
-1.275 -0.525 0.0000e+00
-1.275 -0.475 0.0000e+00
-1.275 -0.425 0.0000e+00
-1.275 -0.375 0.0000e+00
-1.275 -0.325 0.0000e+00
-1.275 -0.275 0.0000e+00
-1.275 -0.225 0.0000e+00
-1.275 -0.175 0.0000e+00
-1.275 -0.125 0.0000e+00
-1.275 -0.075 0.0000e+00
-1.275 -0.025 0.0000e+00
-1.275 0.025 0.0000e+00
-1.275 0.075 0.0000e+00
-1.275 0.125 0.0000e+00
-1.275 0.175 0.0000e+00
-1.275 0.225 0.0000e+00
-1.275 0.275 0.0000e+00
-1.275 0.325 0.0000e+00
-1.275 0.375 0.0000e+00
-1.275 0.425 0.0000e+00
-1.275 0.475 0.0000e+00
-1.275 0.525 0.0000e+00
-1.275 0.575 0.0000e+00
-1.275 0.625 0.0000e+00
-1.275 0.675 0.0000e+00
-1.275 0.725 0.0000e+00
-1.275 0.775 0.0000e+00
-1.275 0.825 0.0000e+00
-1.275 0.875 0.0000e+00
-1.275 0.925 0.0000e+00
-1.275 0.975 0.0000e+00
-1.275 1.025 0.0000e+00
-1.275 1.075 0.0000e+00
-1.275 1.125 0.0000e+00
-1.275 1.175 0.0000e+00
-1.275 1.225 0.0000e+00
-1.275 1.275 0.0000e+00
-1.275 1.325 0.0000e+00
-1.275 1.375 0.0000e+00
-1.275 1.425 0.0000e+00
-1.275 1.475 0.0000e+00
-1.275 1.525 6.5518e-16
-1.275 1.575 1.3653e-15
-1.275 1.625 2.8244e-15
-1.275 1.675 5.7717e-15
-1.275 1.725 1.1585e-14
-1.275 1.775 2.2694e-14
-1.275 1.825 4.3091e-14
-1.275 1.875 7.8745e-14
-1.275 1.925 1.3753e-13
-1.275 1.975 2.2811e-13
-1.275 2.025 3.5736e-13
-1.275 2.075 5.2670e-13
-1.275 2.125 7.2867e-13
-1.275 2.175 9.4583e-13
-1.275 2.225 1.1535e-12
-1.275 2.275 1.3259e-12
-1.275 2.325 1.4424e-12
-1.275 2.375 1.4930e-12
-1.275 2.425 1.4786e-12
-1.275 2.475 1.4092e-12
-1.275 2.525 1.2996e-12
-1.275 2.575 1.1656e-12
-1.275 2.625 1.0215e-12
-1.275 2.675 8.7815e-13
-1.275 2.725 7.4315e-13
-1.275 2.775 6.2088e-13
-1.275 2.825 5.1336e-13
-1.275 2.875 4.2090e-13
-1.275 2.925 3.4275e-13
-1.275 2.975 2.7760e-13
-1.275 3.025 2.2384e-13
-1.275 3.075 1.7985e-13
-1.275 3.125 1.4409e-13
-1.275 3.175 1.1516e-13
-1.275 3.225 9.1864e-14
-1.275 3.275 7.3158e-14
-1.275 3.325 5.8177e-14
-1.275 3.375 4.6202e-14
-1.275 3.425 3.6646e-14
-1.275 3.475 2.9029e-14
-1.275 3.525 2.2962e-14
-1.275 3.575 1.8131e-14
-1.275 3.625 1.4284e-14
-1.275 3.675 1.1214e-14
-1.275 3.725 8.7523e-15
-1.275 3.775 0.0000e+00
-1.275 3.825 0.0000e+00
-1.275 3.875 0.0000e+00
-1.275 3.925 0.0000e+00
-1.275 3.975 0.0000e+00
-1.225 -1.975 0.0000e+00
-1.225 -1.925 0.0000e+00
-1.225 -1.875 0.0000e+00
-1.225 -1.825 0.0000e+00
-1.225 -1.775 0.0000e+00
-1.225 -1.725 0.0000e+00
-1.225 -1.675 0.0000e+00
-1.225 -1.625 0.0000e+00
-1.225 -1.575 0.0000e+00
-1.225 -1.525 0.0000e+00
-1.225 -1.475 0.0000e+00
-1.225 -1.425 0.0000e+00
-1.225 -1.375 0.0000e+00
-1.225 -1.325 0.0000e+00
-1.225 -1.275 0.0000e+00
-1.225 -1.225 0.0000e+00
-1.225 -1.175 0.0000e+00
-1.225 -1.125 0.0000e+00
-1.225 -1.075 0.0000e+00
-1.225 -1.025 0.0000e+00
-1.225 -0.975 0.0000e+00
-1.225 -0.925 0.0000e+00
-1.225 -0.875 0.0000e+00
-1.225 -0.825 0.0000e+00
-1.225 -0.775 0.0000e+00
-1.225 -0.725 0.0000e+00
-1.225 -0.675 0.0000e+00
-1.225 -0.625 0.0000e+00
-1.225 -0.575 0.0000e+00
-1.225 -0.525 0.0000e+00
-1.225 -0.475 0.0000e+00
-1.225 -0.425 0.0000e+00
-1.225 -0.375 0.0000e+00
-1.225 -0.325 0.0000e+00
-1.225 -0.275 0.0000e+00
-1.225 -0.225 0.0000e+00
-1.225 -0.175 0.0000e+00
-1.225 -0.125 0.0000e+00
-1.225 -0.075 0.0000e+00
-1.225 -0.025 0.0000e+00
-1.225 0.025 0.0000e+00
-1.225 0.075 0.0000e+00
-1.225 0.125 0.0000e+00
-1.225 0.175 0.0000e+00
-1.225 0.225 0.0000e+00
-1.225 0.275 0.0000e+00
-1.225 0.325 0.0000e+00
-1.225 0.375 0.0000e+00
-1.225 0.425 0.0000e+00
-1.225 0.475 0.0000e+00
-1.225 0.525 0.0000e+00
-1.225 0.575 0.0000e+00
-1.225 0.625 0.0000e+00
-1.225 0.675 0.0000e+00
-1.225 0.725 0.0000e+00
-1.225 0.775 0.0000e+00
-1.225 0.825 0.0000e+00
-1.225 0.875 0.0000e+00
-1.225 0.925 0.0000e+00
-1.225 0.975 0.0000e+00
-1.225 1.025 0.0000e+00
-1.225 1.075 0.0000e+00
-1.225 1.125 0.0000e+00
-1.225 1.175 0.0000e+00
-1.225 1.225 0.0000e+00
-1.225 1.275 0.0000e+00
-1.225 1.325 0.0000e+00
-1.225 1.375 0.0000e+00
-1.225 1.425 0.0000e+00
-1.225 1.475 0.0000e+00
-1.225 1.525 8.5919e-16
-1.225 1.575 1.7769e-15
-1.225 1.625 3.6301e-15
-1.225 1.675 7.2843e-15
-1.225 1.725 1.4266e-14
-1.225 1.775 2.7081e-14
-1.225 1.825 4.9477e-14
-1.225 1.875 8.6398e-14
-1.225 1.925 1.4328e-13
-1.225 1.975 2.2445e-13
-1.225 2.025 3.3082e-13
-1.225 2.075 4.5771e-13
-1.225 2.125 5.9420e-13
-1.225 2.175 7.2483e-13
-1.225 2.225 8.3333e-13
-1.225 2.275 9.0685e-13
-1.225 2.325 9.3896e-13
-1.225 2.375 9.3024e-13
-1.225 2.425 8.8687e-13
-1.225 2.475 8.1816e-13
-1.225 2.525 7.3408e-13
-1.225 2.575 6.4352e-13
-1.225 2.625 5.5341e-13
-1.225 2.675 4.6848e-13
-1.225 2.725 3.9151e-13
-1.225 2.775 3.2380e-13
-1.225 2.825 2.6556e-13
-1.225 2.875 2.1631e-13
-1.225 2.925 1.7524e-13
-1.225 2.975 1.4134e-13
-1.225 3.025 1.1360e-13
-1.225 3.075 9.1036e-14
-1.225 3.125 7.2785e-14
-1.225 3.175 5.8081e-14
-1.225 3.225 4.6273e-14
-1.225 3.275 3.6814e-14
-1.225 3.325 2.9252e-14
-1.225 3.375 2.3217e-14
-1.225 3.425 1.8407e-14
-1.225 3.475 1.4575e-14
-1.225 3.525 1.1526e-14
-1.225 3.575 9.0993e-15
-1.225 3.625 7.1673e-15
-1.225 3.675 5.6264e-15
-1.225 3.725 0.0000e+00
-1.225 3.775 0.0000e+00
-1.225 3.825 0.0000e+00
-1.225 3.875 0.0000e+00
-1.225 3.925 0.0000e+00
-1.225 3.975 0.0000e+00
-1.175 -1.975 0.0000e+00
-1.175 -1.925 0.0000e+00
-1.175 -1.875 0.0000e+00
-1.175 -1.825 0.0000e+00
-1.175 -1.775 0.0000e+00
-1.175 -1.725 0.0000e+00
-1.175 -1.675 0.0000e+00
-1.175 -1.625 0.0000e+00
-1.175 -1.575 0.0000e+00
-1.175 -1.525 0.0000e+00
-1.175 -1.475 0.0000e+00
-1.175 -1.425 0.0000e+00
-1.175 -1.375 0.0000e+00
-1.175 -1.325 0.0000e+00
-1.175 -1.275 0.0000e+00
-1.175 -1.225 0.0000e+00
-1.175 -1.175 0.0000e+00
-1.175 -1.125 0.0000e+00
-1.175 -1.075 0.0000e+00
-1.175 -1.025 0.0000e+00
-1.175 -0.975 0.0000e+00
-1.175 -0.925 0.0000e+00
-1.175 -0.875 0.0000e+00
-1.175 -0.825 0.0000e+00
-1.175 -0.775 0.0000e+00
-1.175 -0.725 0.0000e+00
-1.175 -0.675 0.0000e+00
-1.175 -0.625 0.0000e+00
-1.175 -0.575 0.0000e+00
-1.175 -0.525 0.0000e+00
-1.175 -0.475 0.0000e+00
-1.175 -0.425 0.0000e+00
-1.175 -0.375 0.0000e+00
-1.175 -0.325 0.0000e+00
-1.175 -0.275 0.0000e+00
-1.175 -0.225 0.0000e+00
-1.175 -0.175 0.0000e+00
-1.175 -0.125 0.0000e+00
-1.175 -0.075 0.0000e+00
-1.175 -0.025 0.0000e+00
-1.175 0.025 0.0000e+00
-1.175 0.075 0.0000e+00
-1.175 0.125 0.0000e+00
-1.175 0.175 0.0000e+00
-1.175 0.225 0.0000e+00
-1.175 0.275 0.0000e+00
-1.175 0.325 0.0000e+00
-1.175 0.375 0.0000e+00
-1.175 0.425 0.0000e+00
-1.175 0.475 0.0000e+00
-1.175 0.525 0.0000e+00
-1.175 0.575 0.0000e+00
-1.175 0.625 0.0000e+00
-1.175 0.675 0.0000e+00
-1.175 0.725 0.0000e+00
-1.175 0.775 0.0000e+00
-1.175 0.825 0.0000e+00
-1.175 0.875 0.0000e+00
-1.175 0.925 0.0000e+00
-1.175 0.975 0.0000e+00
-1.175 1.025 0.0000e+00
-1.175 1.075 0.0000e+00
-1.175 1.125 0.0000e+00
-1.175 1.175 0.0000e+00
-1.175 1.225 0.0000e+00
-1.175 1.275 0.0000e+00
-1.175 1.325 0.0000e+00
-1.175 1.375 0.0000e+00
-1.175 1.425 0.0000e+00
-1.175 1.475 0.0000e+00
-1.175 1.525 1.1182e-15
-1.175 1.575 2.2838e-15
-1.175 1.625 4.5818e-15
-1.175 1.675 8.9712e-15
-1.175 1.725 1.7026e-14
-1.175 1.775 3.1102e-14
-1.175 1.825 5.4303e-14
-1.175 1.875 9.0047e-14
-1.175 1.925 1.4106e-13
-1.175 1.975 2.0791e-13
-1.175 2.025 2.8768e-13
-1.175 2.075 3.7352e-13
-1.175 2.125 4.5573e-13
-1.175 2.175 5.2408e-13
-1.175 2.225 5.7048e-13
-1.175 2.275 5.9086e-13
-1.175 2.325 5.8556e-13
-1.175 2.375 5.5845e-13
-1.175 2.425 5.1534e-13
-1.175 2.475 4.6253e-13
-1.175 2.525 4.0559e-13
-1.175 2.575 3.4890e-13
-1.175 2.625 2.9544e-13
-1.175 2.675 2.4697e-13
-1.175 2.725 2.0431e-13
-1.175 2.775 1.6760e-13
-1.175 2.825 1.3655e-13
-1.175 2.875 1.1065e-13
-1.175 2.925 8.9269e-14
-1.175 2.975 7.1764e-14
-1.175 3.025 5.7526e-14
-1.175 3.075 4.6006e-14
-1.175 3.125 3.6723e-14
-1.175 3.175 2.9267e-14
-1.175 3.225 2.3293e-14
-1.175 3.275 1.8517e-14
-1.175 3.325 1.4705e-14
-1.175 3.375 1.1665e-14
-1.175 3.425 9.2449e-15
-1.175 3.475 7.3185e-15
-1.175 3.525 5.7861e-15
-1.175 3.575 4.5671e-15
-1.175 3.625 3.5970e-15
-1.175 3.675 2.8234e-15
-1.175 3.725 0.0000e+00
-1.175 3.775 0.0000e+00
-1.175 3.825 0.0000e+00
-1.175 3.875 0.0000e+00
-1.175 3.925 0.0000e+00
-1.175 3.975 0.0000e+00
-1.125 -1.975 0.0000e+00
-1.125 -1.925 0.0000e+00
-1.125 -1.875 0.0000e+00
-1.125 -1.825 0.0000e+00
-1.125 -1.775 0.0000e+00
-1.125 -1.725 0.0000e+00
-1.125 -1.675 0.0000e+00
-1.125 -1.625 0.0000e+00
-1.125 -1.575 0.0000e+00
-1.125 -1.525 0.0000e+00
-1.125 -1.475 0.0000e+00
-1.125 -1.425 0.0000e+00
-1.125 -1.375 0.0000e+00
-1.125 -1.325 0.0000e+00
-1.125 -1.275 0.0000e+00
-1.125 -1.225 0.0000e+00
-1.125 -1.175 0.0000e+00
-1.125 -1.125 0.0000e+00
-1.125 -1.075 0.0000e+00
-1.125 -1.025 0.0000e+00
-1.125 -0.975 0.0000e+00
-1.125 -0.925 0.0000e+00
-1.125 -0.875 0.0000e+00
-1.125 -0.825 0.0000e+00
-1.125 -0.775 0.0000e+00
-1.125 -0.725 0.0000e+00
-1.125 -0.675 0.0000e+00
-1.125 -0.625 0.0000e+00
-1.125 -0.575 0.0000e+00
-1.125 -0.525 0.0000e+00
-1.125 -0.475 0.0000e+00
-1.125 -0.425 0.0000e+00
-1.125 -0.375 0.0000e+00
-1.125 -0.325 0.0000e+00
-1.125 -0.275 0.0000e+00
-1.125 -0.225 0.0000e+00
-1.125 -0.175 0.0000e+00
-1.125 -0.125 0.0000e+00
-1.125 -0.075 0.0000e+00
-1.125 -0.025 0.0000e+00
-1.125 0.025 0.0000e+00
-1.125 0.075 0.0000e+00
-1.125 0.125 0.0000e+00
-1.125 0.175 0.0000e+00
-1.125 0.225 0.0000e+00
-1.125 0.275 0.0000e+00
-1.125 0.325 0.0000e+00
-1.125 0.375 0.0000e+00
-1.125 0.425 0.0000e+00
-1.125 0.475 0.0000e+00
-1.125 0.525 0.0000e+00
-1.125 0.575 0.0000e+00
-1.125 0.625 0.0000e+00
-1.125 0.675 0.0000e+00
-1.125 0.725 0.0000e+00
-1.125 0.775 0.0000e+00
-1.125 0.825 0.0000e+00
-1.125 0.875 0.0000e+00
-1.125 0.925 0.0000e+00
-1.125 0.975 0.0000e+00
-1.125 1.025 0.0000e+00
-1.125 1.075 0.0000e+00
-1.125 1.125 0.0000e+00
-1.125 1.175 0.0000e+00
-1.125 1.225 0.0000e+00
-1.125 1.275 0.0000e+00
-1.125 1.325 0.0000e+00
-1.125 1.375 0.0000e+00
-1.125 1.425 0.0000e+00
-1.125 1.475 0.0000e+00
-1.125 1.525 1.4372e-15
-1.125 1.575 2.8827e-15
-1.125 1.625 5.6434e-15
-1.125 1.675 1.0709e-14
-1.125 1.725 1.9559e-14
-1.125 1.775 3.4146e-14
-1.125 1.825 5.6619e-14
-1.125 1.875 8.8692e-14
-1.125 1.925 1.3073e-13
-1.125 1.975 1.8091e-13
-1.125 2.025 2.3494e-13
-1.125 2.075 2.8671e-13
-1.125 2.125 3.2979e-13
-1.125 2.175 3.5909e-13
-1.125 2.225 3.7203e-13
-1.125 2.275 3.6880e-13
-1.125 2.325 3.5183e-13
-1.125 2.375 3.2477e-13
-1.125 2.425 2.9157e-13
-1.125 2.475 2.5576e-13
-1.125 2.525 2.2006e-13
-1.125 2.575 1.8639e-13
-1.125 2.625 1.5585e-13
-1.125 2.675 1.2896e-13
-1.125 2.725 1.0581e-13
-1.125 2.775 8.6230e-14
-1.125 2.825 6.9889e-14
-1.125 2.875 5.6396e-14
-1.125 2.925 4.5347e-14
-1.125 2.975 3.6358e-14
-1.125 3.025 2.9084e-14
-1.125 3.075 2.3222e-14
-1.125 3.125 1.8512e-14
-1.125 3.175 1.4738e-14
-1.125 3.225 1.1721e-14
-1.125 3.275 9.3117e-15
-1.125 3.325 7.3909e-15
-1.125 3.375 5.8611e-15
-1.125 3.425 4.6436e-15
-1.125 3.475 3.6751e-15
-1.125 3.525 2.9051e-15
-1.125 3.575 2.2928e-15
-1.125 3.625 1.8055e-15
-1.125 3.675 1.4171e-15
-1.125 3.725 0.0000e+00
-1.125 3.775 0.0000e+00
-1.125 3.825 0.0000e+00
-1.125 3.875 0.0000e+00
-1.125 3.925 0.0000e+00
-1.125 3.975 0.0000e+00
-1.075 -1.975 0.0000e+00
-1.075 -1.925 0.0000e+00
-1.075 -1.875 0.0000e+00
-1.075 -1.825 0.0000e+00
-1.075 -1.775 0.0000e+00
-1.075 -1.725 0.0000e+00
-1.075 -1.675 0.0000e+00
-1.075 -1.625 0.0000e+00
-1.075 -1.575 0.0000e+00
-1.075 -1.525 0.0000e+00
-1.075 -1.475 0.0000e+00
-1.075 -1.425 0.0000e+00
-1.075 -1.375 0.0000e+00
-1.075 -1.325 0.0000e+00
-1.075 -1.275 0.0000e+00
-1.075 -1.225 0.0000e+00
-1.075 -1.175 0.0000e+00
-1.075 -1.125 0.0000e+00
-1.075 -1.075 0.0000e+00
-1.075 -1.025 0.0000e+00
-1.075 -0.975 0.0000e+00
-1.075 -0.925 0.0000e+00
-1.075 -0.875 0.0000e+00
-1.075 -0.825 0.0000e+00
-1.075 -0.775 0.0000e+00
-1.075 -0.725 0.0000e+00
-1.075 -0.675 0.0000e+00
-1.075 -0.625 0.0000e+00
-1.075 -0.575 0.0000e+00
-1.075 -0.525 0.0000e+00
-1.075 -0.475 0.0000e+00
-1.075 -0.425 0.0000e+00
-1.075 -0.375 0.0000e+00
-1.075 -0.325 0.0000e+00
-1.075 -0.275 0.0000e+00
-1.075 -0.225 0.0000e+00
-1.075 -0.175 0.0000e+00
-1.075 -0.125 0.0000e+00
-1.075 -0.075 0.0000e+00
-1.075 -0.025 0.0000e+00
-1.075 0.025 0.0000e+00
-1.075 0.075 0.0000e+00
-1.075 0.125 0.0000e+00
-1.075 0.175 0.0000e+00
-1.075 0.225 0.0000e+00
-1.075 0.275 0.0000e+00
-1.075 0.325 0.0000e+00
-1.075 0.375 0.0000e+00
-1.075 0.425 0.0000e+00
-1.075 0.475 0.0000e+00
-1.075 0.525 0.0000e+00
-1.075 0.575 0.0000e+00
-1.075 0.625 0.0000e+00
-1.075 0.675 0.0000e+00
-1.075 0.725 0.0000e+00
-1.075 0.775 0.0000e+00
-1.075 0.825 0.0000e+00
-1.075 0.875 0.0000e+00
-1.075 0.925 0.0000e+00
-1.075 0.975 0.0000e+00
-1.075 1.025 0.0000e+00
-1.075 1.075 0.0000e+00
-1.075 1.125 0.0000e+00
-1.075 1.175 0.0000e+00
-1.075 1.225 0.0000e+00
-1.075 1.275 0.0000e+00
-1.075 1.325 0.0000e+00
-1.075 1.375 0.0000e+00
-1.075 1.425 0.0000e+00
-1.075 1.475 0.0000e+00
-1.075 1.525 1.8142e-15
-1.075 1.575 3.5510e-15
-1.075 1.625 6.7375e-15
-1.075 1.675 1.2304e-14
-1.075 1.725 2.1480e-14
-1.075 1.775 3.5616e-14
-1.075 1.825 5.5794e-14
-1.075 1.875 8.2247e-14
-1.075 1.925 1.1383e-13
-1.075 1.975 1.4785e-13
-1.075 2.025 1.8047e-13
-1.075 2.075 2.0765e-13
-1.075 2.125 2.2616e-13
-1.075 2.175 2.3437e-13
-1.075 2.225 2.3241e-13
-1.075 2.275 2.2178e-13
-1.075 2.325 2.0479e-13
-1.075 2.375 1.8390e-13
-1.075 2.425 1.6135e-13
-1.075 2.475 1.3887e-13
-1.075 2.525 1.1765e-13
-1.075 2.575 9.8393e-14
-1.075 2.625 8.1434e-14
-1.075 2.675 6.6830e-14
-1.075 2.725 5.4474e-14
-1.075 2.775 4.4159e-14
-1.075 2.825 3.5640e-14
-1.075 2.875 2.8663e-14
-1.075 2.925 2.2986e-14
-1.075 2.975 1.8392e-14
-1.075 3.025 1.4688e-14
-1.075 3.075 1.1712e-14
-1.075 3.125 9.3268e-15
-1.075 3.175 7.4194e-15
-1.075 3.225 5.8966e-15
-1.075 3.275 4.6823e-15
-1.075 3.325 3.7150e-15
-1.075 3.375 2.9452e-15
-1.075 3.425 2.3328e-15
-1.075 3.475 1.8460e-15
-1.075 3.525 1.4590e-15
-1.075 3.575 1.1513e-15
-1.075 3.625 9.0660e-16
-1.075 3.675 7.1153e-16
-1.075 3.725 0.0000e+00
-1.075 3.775 0.0000e+00
-1.075 3.825 0.0000e+00
-1.075 3.875 0.0000e+00
-1.075 3.925 0.0000e+00
-1.075 3.975 0.0000e+00
-1.025 -1.975 0.0000e+00
-1.025 -1.925 0.0000e+00
-1.025 -1.875 0.0000e+00
-1.025 -1.825 0.0000e+00
-1.025 -1.775 0.0000e+00
-1.025 -1.725 0.0000e+00
-1.025 -1.675 0.0000e+00
-1.025 -1.625 0.0000e+00
-1.025 -1.575 0.0000e+00
-1.025 -1.525 0.0000e+00
-1.025 -1.475 0.0000e+00
-1.025 -1.425 0.0000e+00
-1.025 -1.375 0.0000e+00
-1.025 -1.325 0.0000e+00
-1.025 -1.275 0.0000e+00
-1.025 -1.225 0.0000e+00
-1.025 -1.175 0.0000e+00
-1.025 -1.125 0.0000e+00
-1.025 -1.075 0.0000e+00
-1.025 -1.025 0.0000e+00
-1.025 -0.975 0.0000e+00
-1.025 -0.925 0.0000e+00
-1.025 -0.875 0.0000e+00
-1.025 -0.825 0.0000e+00
-1.025 -0.775 0.0000e+00
-1.025 -0.725 0.0000e+00
-1.025 -0.675 0.0000e+00
-1.025 -0.625 0.0000e+00
-1.025 -0.575 0.0000e+00
-1.025 -0.525 0.0000e+00
-1.025 -0.475 0.0000e+00
-1.025 -0.425 0.0000e+00
-1.025 -0.375 0.0000e+00
-1.025 -0.325 0.0000e+00
-1.025 -0.275 0.0000e+00
-1.025 -0.225 0.0000e+00
-1.025 -0.175 0.0000e+00
-1.025 -0.125 0.0000e+00
-1.025 -0.075 0.0000e+00
-1.025 -0.025 0.0000e+00
-1.025 0.025 0.0000e+00
-1.025 0.075 0.0000e+00
-1.025 0.125 0.0000e+00
-1.025 0.175 0.0000e+00
-1.025 0.225 0.0000e+00
-1.025 0.275 0.0000e+00
-1.025 0.325 0.0000e+00
-1.025 0.375 0.0000e+00
-1.025 0.425 0.0000e+00
-1.025 0.475 0.0000e+00
-1.025 0.525 0.0000e+00
-1.025 0.575 0.0000e+00
-1.025 0.625 0.0000e+00
-1.025 0.675 0.0000e+00
-1.025 0.725 0.0000e+00
-1.025 0.775 0.0000e+00
-1.025 0.825 0.0000e+00
-1.025 0.875 0.0000e+00
-1.025 0.925 0.0000e+00
-1.025 0.975 0.0000e+00
-1.025 1.025 0.0000e+00
-1.025 1.075 0.0000e+00
-1.025 1.125 0.0000e+00
-1.025 1.175 0.0000e+00
-1.025 1.225 0.0000e+00
-1.025 1.275 0.0000e+00
-1.025 1.325 0.0000e+00
-1.025 1.375 0.0000e+00
-1.025 1.425 0.0000e+00
-1.025 1.475 0.0000e+00
-1.025 1.525 2.2349e-15
-1.025 1.575 4.2401e-15
-1.025 1.625 7.7430e-15
-1.025 1.675 1.3517e-14
-1.025 1.725 2.2413e-14
-1.025 1.775 3.5114e-14
-1.025 1.825 5.1769e-14
-1.025 1.875 7.1662e-14
-1.025 1.925 9.3100e-14
-1.025 1.975 1.1367e-13
-1.025 2.025 1.3082e-13
-1.025 2.075 1.4252e-13
-1.025 2.125 1.4774e-13
-1.025 2.175 1.4655e-13
-1.025 2.225 1.3989e-13
-1.025 2.275 1.2920e-13
-1.025 2.325 1.1606e-13
-1.025 2.375 1.0185e-13
-1.025 2.425 8.7683e-14
-1.025 2.475 7.4299e-14
-1.025 2.525 6.2152e-14
-1.025 2.575 5.1449e-14
-1.025 2.625 4.2231e-14
-1.025 2.675 3.4428e-14
-1.025 2.725 2.7914e-14
-1.025 2.775 2.2533e-14
-1.025 2.825 1.8125e-14
-1.025 2.875 1.4538e-14
-1.025 2.925 1.1634e-14
-1.025 2.975 9.2929e-15
-1.025 3.025 7.4116e-15
-1.025 3.075 5.9037e-15
-1.025 3.125 4.6976e-15
-1.025 3.175 3.7346e-15
-1.025 3.225 2.9665e-15
-1.025 3.275 2.3547e-15
-1.025 3.325 1.8677e-15
-1.025 3.375 1.4803e-15
-1.025 3.425 1.1723e-15
-1.025 3.475 9.2752e-16
-1.025 3.525 7.3299e-16
-1.025 3.575 5.7838e-16
-1.025 3.625 4.5541e-16
-1.025 3.675 0.0000e+00
-1.025 3.725 0.0000e+00
-1.025 3.775 0.0000e+00
-1.025 3.825 0.0000e+00
-1.025 3.875 0.0000e+00
-1.025 3.925 0.0000e+00
-1.025 3.975 0.0000e+00
-0.975 -1.975 0.0000e+00
-0.975 -1.925 0.0000e+00
-0.975 -1.875 0.0000e+00
-0.975 -1.825 0.0000e+00
-0.975 -1.775 0.0000e+00
-0.975 -1.725 0.0000e+00
-0.975 -1.675 0.0000e+00
-0.975 -1.625 0.0000e+00
-0.975 -1.575 0.0000e+00
-0.975 -1.525 0.0000e+00
-0.975 -1.475 0.0000e+00
-0.975 -1.425 0.0000e+00
-0.975 -1.375 0.0000e+00
-0.975 -1.325 0.0000e+00
-0.975 -1.275 0.0000e+00
-0.975 -1.225 0.0000e+00
-0.975 -1.175 0.0000e+00
-0.975 -1.125 0.0000e+00
-0.975 -1.075 0.0000e+00
-0.975 -1.025 0.0000e+00
-0.975 -0.975 0.0000e+00
-0.975 -0.925 0.0000e+00
-0.975 -0.875 0.0000e+00
-0.975 -0.825 0.0000e+00
-0.975 -0.775 0.0000e+00
-0.975 -0.725 0.0000e+00
-0.975 -0.675 0.0000e+00
-0.975 -0.625 0.0000e+00
-0.975 -0.575 0.0000e+00
-0.975 -0.525 0.0000e+00
-0.975 -0.475 0.0000e+00
-0.975 -0.425 0.0000e+00
-0.975 -0.375 0.0000e+00
-0.975 -0.325 0.0000e+00
-0.975 -0.275 0.0000e+00
-0.975 -0.225 0.0000e+00
-0.975 -0.175 0.0000e+00
-0.975 -0.125 0.0000e+00
-0.975 -0.075 0.0000e+00
-0.975 -0.025 0.0000e+00
-0.975 0.025 0.0000e+00
-0.975 0.075 0.0000e+00
-0.975 0.125 0.0000e+00
-0.975 0.175 0.0000e+00
-0.975 0.225 0.0000e+00
-0.975 0.275 0.0000e+00
-0.975 0.325 0.0000e+00
-0.975 0.375 0.0000e+00
-0.975 0.425 0.0000e+00
-0.975 0.475 0.0000e+00
-0.975 0.525 0.0000e+00
-0.975 0.575 0.0000e+00
-0.975 0.625 0.0000e+00
-0.975 0.675 0.0000e+00
-0.975 0.725 0.0000e+00
-0.975 0.775 0.0000e+00
-0.975 0.825 0.0000e+00
-0.975 0.875 0.0000e+00
-0.975 0.925 0.0000e+00
-0.975 0.975 0.0000e+00
-0.975 1.025 0.0000e+00
-0.975 1.075 0.0000e+00
-0.975 1.125 0.0000e+00
-0.975 1.175 0.0000e+00
-0.975 1.225 0.0000e+00
-0.975 1.275 0.0000e+00
-0.975 1.325 0.0000e+00
-0.975 1.375 0.0000e+00
-0.975 1.425 0.0000e+00
-0.975 1.475 0.0000e+00
-0.975 1.525 2.6690e-15
-0.975 1.575 4.8740e-15
-0.975 1.625 8.5087e-15
-0.975 1.675 1.4110e-14
-0.975 1.725 2.2109e-14
-0.975 1.775 3.2601e-14
-0.975 1.825 4.5138e-14
-0.975 1.875 5.8656e-14
-0.975 1.925 7.1635e-14
-0.975 1.975 8.2467e-14
-0.975 2.025 8.9872e-14
-0.975 2.075 9.3195e-14
-0.975 2.125 9.2470e-14
-0.975 2.175 8.8292e-14
-0.975 2.225 8.1571e-14
-0.975 2.275 7.3291e-14
-0.975 2.325 6.4337e-14
-0.975 2.375 5.5398e-14
-0.975 2.425 4.6952e-14
-0.975 2.475 3.9283e-14
-0.975 2.525 3.2525e-14
-0.975 2.575 2.6702e-14
-0.975 2.625 2.1772e-14
-0.975 2.675 1.7655e-14
-0.975 2.725 1.4254e-14
-0.975 2.775 1.1467e-14
-0.975 2.825 9.1994e-15
-0.975 2.875 7.3630e-15
-0.975 2.925 5.8824e-15
-0.975 2.975 4.6924e-15
-0.975 3.025 3.7385e-15
-0.975 3.075 2.9754e-15
-0.975 3.125 2.3660e-15
-0.975 3.175 1.8800e-15
-0.975 3.225 1.4928e-15
-0.975 3.275 1.1845e-15
-0.975 3.325 9.3930e-16
-0.975 3.375 7.4433e-16
-0.975 3.425 5.8938e-16
-0.975 3.475 4.6626e-16
-0.975 3.525 3.6844e-16
-0.975 3.575 2.9070e-16
-0.975 3.625 2.2888e-16
-0.975 3.675 0.0000e+00
-0.975 3.725 0.0000e+00
-0.975 3.775 0.0000e+00
-0.975 3.825 0.0000e+00
-0.975 3.875 0.0000e+00
-0.975 3.925 0.0000e+00
-0.975 3.975 0.0000e+00
-0.925 -1.975 0.0000e+00
-0.925 -1.925 0.0000e+00
-0.925 -1.875 0.0000e+00
-0.925 -1.825 0.0000e+00
-0.925 -1.775 0.0000e+00
-0.925 -1.725 0.0000e+00
-0.925 -1.675 0.0000e+00
-0.925 -1.625 0.0000e+00
-0.925 -1.575 0.0000e+00
-0.925 -1.525 0.0000e+00
-0.925 -1.475 0.0000e+00
-0.925 -1.425 0.0000e+00
-0.925 -1.375 0.0000e+00
-0.925 -1.325 0.0000e+00
-0.925 -1.275 0.0000e+00
-0.925 -1.225 0.0000e+00
-0.925 -1.175 0.0000e+00
-0.925 -1.125 0.0000e+00
-0.925 -1.075 0.0000e+00
-0.925 -1.025 0.0000e+00
-0.925 -0.975 0.0000e+00
-0.925 -0.925 0.0000e+00
-0.925 -0.875 0.0000e+00
-0.925 -0.825 0.0000e+00
-0.925 -0.775 0.0000e+00
-0.925 -0.725 0.0000e+00
-0.925 -0.675 0.0000e+00
-0.925 -0.625 0.0000e+00
-0.925 -0.575 0.0000e+00
-0.925 -0.525 0.0000e+00
-0.925 -0.475 0.0000e+00
-0.925 -0.425 0.0000e+00
-0.925 -0.375 0.0000e+00
-0.925 -0.325 0.0000e+00
-0.925 -0.275 0.0000e+00
-0.925 -0.225 0.0000e+00
-0.925 -0.175 0.0000e+00
-0.925 -0.125 0.0000e+00
-0.925 -0.075 0.0000e+00
-0.925 -0.025 0.0000e+00
-0.925 0.025 0.0000e+00
-0.925 0.075 0.0000e+00
-0.925 0.125 0.0000e+00
-0.925 0.175 0.0000e+00
-0.925 0.225 0.0000e+00
-0.925 0.275 0.0000e+00
-0.925 0.325 0.0000e+00
-0.925 0.375 0.0000e+00
-0.925 0.425 0.0000e+00
-0.925 0.475 0.0000e+00
-0.925 0.525 0.0000e+00
-0.925 0.575 0.0000e+00
-0.925 0.625 0.0000e+00
-0.925 0.675 0.0000e+00
-0.925 0.725 0.0000e+00
-0.925 0.775 0.0000e+00
-0.925 0.825 0.0000e+00
-0.925 0.875 0.0000e+00
-0.925 0.925 0.0000e+00
-0.925 0.975 0.0000e+00
-0.925 1.025 0.0000e+00
-0.925 1.075 0.0000e+00
-0.925 1.125 0.0000e+00
-0.925 1.175 0.0000e+00
-0.925 1.225 0.0000e+00
-0.925 1.275 0.0000e+00
-0.925 1.325 0.0000e+00
-0.925 1.375 0.0000e+00
-0.925 1.425 0.0000e+00
-0.925 1.475 0.0000e+00
-0.925 1.525 3.0688e-15
-0.925 1.575 5.3578e-15
-0.925 1.625 8.8862e-15
-0.925 1.675 1.3926e-14
-0.925 1.725 2.0540e-14
-0.925 1.775 2.8446e-14
-0.925 1.825 3.6976e-14
-0.925 1.875 4.5173e-14
-0.925 1.925 5.2021e-14
-0.925 1.975 5.6712e-14
-0.925 2.025 5.8828e-14
-0.925 2.075 5.8390e-14
-0.925 2.125 5.5769e-14
-0.925 2.175 5.1538e-14
-0.925 2.225 4.6319e-14
-0.925 2.275 4.0670e-14
-0.925 2.325 3.5027e-14
-0.925 2.375 2.9693e-14
-0.925 2.425 2.4848e-14
-0.925 2.475 2.0576e-14
-0.925 2.525 1.6895e-14
-0.925 2.575 1.3778e-14
-0.925 2.625 1.1175e-14
-0.925 2.675 9.0231e-15
-0.925 2.725 7.2601e-15
-0.925 2.775 5.8250e-15
-0.925 2.825 4.6629e-15
-0.925 2.875 3.7258e-15
-0.925 2.925 2.9726e-15
-0.925 2.975 2.3687e-15
-0.925 3.025 1.8856e-15
-0.925 3.075 1.4997e-15
-0.925 3.125 1.1920e-15
-0.925 3.175 9.4673e-16
-0.925 3.225 7.5149e-16
-0.925 3.275 5.9616e-16
-0.925 3.325 4.7265e-16
-0.925 3.375 3.7449e-16
-0.925 3.425 2.9649e-16
-0.925 3.475 2.3453e-16
-0.925 3.525 1.8532e-16
-0.925 3.575 1.4621e-16
-0.925 3.625 1.1511e-16
-0.925 3.675 0.0000e+00
-0.925 3.725 0.0000e+00
-0.925 3.775 0.0000e+00
-0.925 3.825 0.0000e+00
-0.925 3.875 0.0000e+00
-0.925 3.925 0.0000e+00
-0.925 3.975 0.0000e+00
-0.875 -1.975 0.0000e+00
-0.875 -1.925 0.0000e+00
-0.875 -1.875 0.0000e+00
-0.875 -1.825 0.0000e+00
-0.875 -1.775 0.0000e+00
-0.875 -1.725 0.0000e+00
-0.875 -1.675 0.0000e+00
-0.875 -1.625 0.0000e+00
-0.875 -1.575 0.0000e+00
-0.875 -1.525 0.0000e+00
-0.875 -1.475 0.0000e+00
-0.875 -1.425 0.0000e+00
-0.875 -1.375 0.0000e+00
-0.875 -1.325 0.0000e+00
-0.875 -1.275 0.0000e+00
-0.875 -1.225 0.0000e+00
-0.875 -1.175 0.0000e+00
-0.875 -1.125 0.0000e+00
-0.875 -1.075 0.0000e+00
-0.875 -1.025 0.0000e+00
-0.875 -0.975 0.0000e+00
-0.875 -0.925 0.0000e+00
-0.875 -0.875 0.0000e+00
-0.875 -0.825 0.0000e+00
-0.875 -0.775 0.0000e+00
-0.875 -0.725 0.0000e+00
-0.875 -0.675 0.0000e+00
-0.875 -0.625 0.0000e+00
-0.875 -0.575 0.0000e+00
-0.875 -0.525 0.0000e+00
-0.875 -0.475 0.0000e+00
-0.875 -0.425 0.0000e+00
-0.875 -0.375 0.0000e+00
-0.875 -0.325 0.0000e+00
-0.875 -0.275 0.0000e+00
-0.875 -0.225 0.0000e+00
-0.875 -0.175 0.0000e+00
-0.875 -0.125 0.0000e+00
-0.875 -0.075 0.0000e+00
-0.875 -0.025 0.0000e+00
-0.875 0.025 0.0000e+00
-0.875 0.075 0.0000e+00
-0.875 0.125 0.0000e+00
-0.875 0.175 0.0000e+00
-0.875 0.225 0.0000e+00
-0.875 0.275 0.0000e+00
-0.875 0.325 0.0000e+00
-0.875 0.375 0.0000e+00
-0.875 0.425 0.0000e+00
-0.875 0.475 0.0000e+00
-0.875 0.525 0.0000e+00
-0.875 0.575 0.0000e+00
-0.875 0.625 0.0000e+00
-0.875 0.675 0.0000e+00
-0.875 0.725 0.0000e+00
-0.875 0.775 0.0000e+00
-0.875 0.825 0.0000e+00
-0.875 0.875 0.0000e+00
-0.875 0.925 0.0000e+00
-0.875 0.975 0.0000e+00
-0.875 1.025 0.0000e+00
-0.875 1.075 0.0000e+00
-0.875 1.125 0.0000e+00
-0.875 1.175 0.0000e+00
-0.875 1.225 0.0000e+00
-0.875 1.275 0.0000e+00
-0.875 1.325 0.0000e+00
-0.875 1.375 0.0000e+00
-0.875 1.425 0.0000e+00
-0.875 1.475 0.0000e+00
-0.875 1.525 3.3747e-15
-0.875 1.575 5.5983e-15
-0.875 1.625 8.7756e-15
-0.875 1.675 1.2947e-14
-0.875 1.725 1.7937e-14
-0.875 1.775 2.3325e-14
-0.875 1.825 2.8506e-14
-0.875 1.875 3.2840e-14
-0.875 1.925 3.5815e-14
-0.875 1.975 3.7165e-14
-0.875 2.025 3.6901e-14
-0.875 2.075 3.5256e-14
-0.875 2.125 3.2592e-14
-0.875 2.175 2.9299e-14
-0.875 2.225 2.5732e-14
-0.875 2.275 2.2167e-14
-0.875 2.325 1.8795e-14
-0.875 2.375 1.5731e-14
-0.875 2.425 1.3029e-14
-0.875 2.475 1.0700e-14
-0.875 2.525 8.7270e-15
-0.875 2.575 7.0789e-15
-0.875 2.625 5.7168e-15
-0.875 2.675 4.6004e-15
-0.875 2.725 3.6915e-15
-0.875 2.775 2.9554e-15
-0.875 2.825 2.3618e-15
-0.875 2.875 1.8846e-15
-0.875 2.925 1.5020e-15
-0.875 2.975 1.1958e-15
-0.875 3.025 9.5131e-16
-0.875 3.075 7.5625e-16
-0.875 3.125 6.0080e-16
-0.875 3.175 4.7704e-16
-0.875 3.225 3.7856e-16
-0.875 3.275 3.0026e-16
-0.875 3.325 2.3802e-16
-0.875 3.375 1.8856e-16
-0.875 3.425 1.4927e-16
-0.875 3.475 1.1807e-16
-0.875 3.525 9.3289e-17
-0.875 3.575 7.3599e-17
-0.875 3.625 0.0000e+00
-0.875 3.675 0.0000e+00
-0.875 3.725 0.0000e+00
-0.875 3.775 0.0000e+00
-0.875 3.825 0.0000e+00
-0.875 3.875 0.0000e+00
-0.875 3.925 0.0000e+00
-0.875 3.975 0.0000e+00
-0.825 -1.975 0.0000e+00
-0.825 -1.925 0.0000e+00
-0.825 -1.875 0.0000e+00
-0.825 -1.825 0.0000e+00
-0.825 -1.775 0.0000e+00
-0.825 -1.725 0.0000e+00
-0.825 -1.675 0.0000e+00
-0.825 -1.625 0.0000e+00
-0.825 -1.575 0.0000e+00
-0.825 -1.525 0.0000e+00
-0.825 -1.475 0.0000e+00
-0.825 -1.425 0.0000e+00
-0.825 -1.375 0.0000e+00
-0.825 -1.325 0.0000e+00
-0.825 -1.275 0.0000e+00
-0.825 -1.225 0.0000e+00
-0.825 -1.175 0.0000e+00
-0.825 -1.125 0.0000e+00
-0.825 -1.075 0.0000e+00
-0.825 -1.025 0.0000e+00
-0.825 -0.975 0.0000e+00
-0.825 -0.925 0.0000e+00
-0.825 -0.875 0.0000e+00
-0.825 -0.825 0.0000e+00
-0.825 -0.775 0.0000e+00
-0.825 -0.725 0.0000e+00
-0.825 -0.675 0.0000e+00
-0.825 -0.625 0.0000e+00
-0.825 -0.575 0.0000e+00
-0.825 -0.525 0.0000e+00
-0.825 -0.475 0.0000e+00
-0.825 -0.425 0.0000e+00
-0.825 -0.375 0.0000e+00
-0.825 -0.325 0.0000e+00
-0.825 -0.275 0.0000e+00
-0.825 -0.225 0.0000e+00
-0.825 -0.175 0.0000e+00
-0.825 -0.125 0.0000e+00
-0.825 -0.075 0.0000e+00
-0.825 -0.025 0.0000e+00
-0.825 0.025 0.0000e+00
-0.825 0.075 0.0000e+00
-0.825 0.125 0.0000e+00
-0.825 0.175 0.0000e+00
-0.825 0.225 0.0000e+00
-0.825 0.275 0.0000e+00
-0.825 0.325 0.0000e+00
-0.825 0.375 0.0000e+00
-0.825 0.425 0.0000e+00
-0.825 0.475 0.0000e+00
-0.825 0.525 0.0000e+00
-0.825 0.575 0.0000e+00
-0.825 0.625 0.0000e+00
-0.825 0.675 0.0000e+00
-0.825 0.725 0.0000e+00
-0.825 0.775 0.0000e+00
-0.825 0.825 0.0000e+00
-0.825 0.875 0.0000e+00
-0.825 0.925 0.0000e+00
-0.825 0.975 0.0000e+00
-0.825 1.025 0.0000e+00
-0.825 1.075 0.0000e+00
-0.825 1.125 0.0000e+00
-0.825 1.175 0.0000e+00
-0.825 1.225 0.0000e+00
-0.825 1.275 0.0000e+00
-0.825 1.325 0.0000e+00
-0.825 1.375 0.0000e+00
-0.825 1.425 0.0000e+00
-0.825 1.475 0.0000e+00
-0.825 1.525 3.5282e-15
-0.825 1.575 5.5325e-15
-0.825 1.625 8.1656e-15
-0.825 1.675 1.1318e-14
-0.825 1.725 1.4723e-14
-0.825 1.775 1.8002e-14
-0.825 1.825 2.0749e-14
-0.825 1.875 2.2639e-14
-0.825 1.925 2.3502e-14
-0.825 1.975 2.3344e-14
-0.825 2.025 2.2312e-14
-0.825 2.075 2.0632e-14
-0.825 2.125 1.8553e-14
-0.825 2.175 1.6299e-14
-0.825 2.225 1.4044e-14
-0.825 2.275 1.1910e-14
-0.825 2.325 9.9704e-15
-0.825 2.375 8.2592e-15
-0.825 2.425 6.7837e-15
-0.825 2.475 5.5338e-15
-0.825 2.525 4.4893e-15
-0.825 2.575 3.6259e-15
-0.825 2.625 2.9182e-15
-0.825 2.675 2.3419e-15
-0.825 2.725 1.8752e-15
-0.825 2.775 1.4987e-15
-0.825 2.825 1.1960e-15
-0.825 2.875 9.5335e-16
-0.825 2.925 7.5915e-16
-0.825 2.975 6.0402e-16
-0.825 3.025 4.8025e-16
-0.825 3.075 3.8162e-16
-0.825 3.125 3.0308e-16
-0.825 3.175 2.4058e-16
-0.825 3.225 1.9088e-16
-0.825 3.275 1.5137e-16
-0.825 3.325 1.1998e-16
-0.825 3.375 9.5041e-17
-0.825 3.425 7.5234e-17
-0.825 3.475 5.9504e-17
-0.825 3.525 4.7012e-17
-0.825 3.575 3.7089e-17
-0.825 3.625 0.0000e+00
-0.825 3.675 0.0000e+00
-0.825 3.725 0.0000e+00
-0.825 3.775 0.0000e+00
-0.825 3.825 0.0000e+00
-0.825 3.875 0.0000e+00
-0.825 3.925 0.0000e+00
-0.825 3.975 0.0000e+00
-0.775 -1.975 0.0000e+00
-0.775 -1.925 0.0000e+00
-0.775 -1.875 0.0000e+00
-0.775 -1.825 0.0000e+00
-0.775 -1.775 0.0000e+00
-0.775 -1.725 0.0000e+00
-0.775 -1.675 0.0000e+00
-0.775 -1.625 0.0000e+00
-0.775 -1.575 0.0000e+00
-0.775 -1.525 0.0000e+00
-0.775 -1.475 0.0000e+00
-0.775 -1.425 0.0000e+00
-0.775 -1.375 0.0000e+00
-0.775 -1.325 0.0000e+00
-0.775 -1.275 0.0000e+00
-0.775 -1.225 0.0000e+00
-0.775 -1.175 0.0000e+00
-0.775 -1.125 0.0000e+00
-0.775 -1.075 0.0000e+00
-0.775 -1.025 0.0000e+00
-0.775 -0.975 0.0000e+00
-0.775 -0.925 0.0000e+00
-0.775 -0.875 0.0000e+00
-0.775 -0.825 0.0000e+00
-0.775 -0.775 0.0000e+00
-0.775 -0.725 0.0000e+00
-0.775 -0.675 0.0000e+00
-0.775 -0.625 0.0000e+00
-0.775 -0.575 0.0000e+00
-0.775 -0.525 0.0000e+00
-0.775 -0.475 0.0000e+00
-0.775 -0.425 0.0000e+00
-0.775 -0.375 0.0000e+00
-0.775 -0.325 0.0000e+00
-0.775 -0.275 0.0000e+00
-0.775 -0.225 0.0000e+00
-0.775 -0.175 0.0000e+00
-0.775 -0.125 0.0000e+00
-0.775 -0.075 0.0000e+00
-0.775 -0.025 0.0000e+00
-0.775 0.025 0.0000e+00
-0.775 0.075 0.0000e+00
-0.775 0.125 0.0000e+00
-0.775 0.175 0.0000e+00
-0.775 0.225 0.0000e+00
-0.775 0.275 0.0000e+00
-0.775 0.325 0.0000e+00
-0.775 0.375 0.0000e+00
-0.775 0.425 0.0000e+00
-0.775 0.475 0.0000e+00
-0.775 0.525 0.0000e+00
-0.775 0.575 0.0000e+00
-0.775 0.625 0.0000e+00
-0.775 0.675 0.0000e+00
-0.775 0.725 0.0000e+00
-0.775 0.775 0.0000e+00
-0.775 0.825 0.0000e+00
-0.775 0.875 0.0000e+00
-0.775 0.925 0.0000e+00
-0.775 0.975 0.0000e+00
-0.775 1.025 0.0000e+00
-0.775 1.075 0.0000e+00
-0.775 1.125 0.0000e+00
-0.775 1.175 0.0000e+00
-0.775 1.225 0.0000e+00
-0.775 1.275 0.0000e+00
-0.775 1.325 0.0000e+00
-0.775 1.375 0.0000e+00
-0.775 1.425 0.0000e+00
-0.775 1.475 0.0000e+00
-0.775 1.525 3.4895e-15
-0.775 1.575 5.1529e-15
-0.775 1.625 7.1458e-15
-0.775 1.675 9.3013e-15
-0.775 1.725 1.1379e-14
-0.775 1.775 1.3122e-14
-0.775 1.825 1.4325e-14
-0.775 1.875 1.4879e-14
-0.775 1.925 1.4785e-14
-0.775 1.975 1.4137e-14
-0.775 2.025 1.3078e-14
-0.775 2.075 1.1764e-14
-0.775 2.125 1.0337e-14
-0.775 2.175 8.9095e-15
-0.775 2.225 7.5575e-15
-0.775 2.275 6.3280e-15
-0.775 2.325 5.2428e-15
-0.775 2.375 4.3069e-15
-0.775 2.425 3.5138e-15
-0.775 2.475 2.8510e-15
-0.775 2.525 2.3029e-15
-0.775 2.575 1.8536e-15
-0.775 2.625 1.4878e-15
-0.775 2.675 1.1914e-15
-0.775 2.725 9.5231e-16
-0.775 2.775 7.6007e-16
-0.775 2.825 6.0592e-16
-0.775 2.875 4.8256e-16
-0.775 2.925 3.8400e-16
-0.775 2.975 3.0536e-16
-0.775 3.025 2.4269e-16
-0.775 3.075 1.9278e-16
-0.775 3.125 1.5307e-16
-0.775 3.175 1.2148e-16
-0.775 3.225 9.6368e-17
-0.775 3.275 7.6413e-17
-0.775 3.325 6.0559e-17
-0.775 3.375 4.7968e-17
-0.775 3.425 3.7969e-17
-0.775 3.475 3.0029e-17
-0.775 3.525 2.3724e-17
-0.775 3.575 0.0000e+00
-0.775 3.625 0.0000e+00
-0.775 3.675 0.0000e+00
-0.775 3.725 0.0000e+00
-0.775 3.775 0.0000e+00
-0.775 3.825 0.0000e+00
-0.775 3.875 0.0000e+00
-0.775 3.925 0.0000e+00
-0.775 3.975 0.0000e+00
-0.725 -1.975 0.0000e+00
-0.725 -1.925 0.0000e+00
-0.725 -1.875 0.0000e+00
-0.725 -1.825 0.0000e+00
-0.725 -1.775 0.0000e+00
-0.725 -1.725 0.0000e+00
-0.725 -1.675 0.0000e+00
-0.725 -1.625 0.0000e+00
-0.725 -1.575 0.0000e+00
-0.725 -1.525 0.0000e+00
-0.725 -1.475 0.0000e+00
-0.725 -1.425 0.0000e+00
-0.725 -1.375 0.0000e+00
-0.725 -1.325 0.0000e+00
-0.725 -1.275 0.0000e+00
-0.725 -1.225 0.0000e+00
-0.725 -1.175 0.0000e+00
-0.725 -1.125 0.0000e+00
-0.725 -1.075 0.0000e+00
-0.725 -1.025 0.0000e+00
-0.725 -0.975 0.0000e+00
-0.725 -0.925 0.0000e+00
-0.725 -0.875 0.0000e+00
-0.725 -0.825 0.0000e+00
-0.725 -0.775 0.0000e+00
-0.725 -0.725 0.0000e+00
-0.725 -0.675 0.0000e+00
-0.725 -0.625 0.0000e+00
-0.725 -0.575 0.0000e+00
-0.725 -0.525 0.0000e+00
-0.725 -0.475 0.0000e+00
-0.725 -0.425 0.0000e+00
-0.725 -0.375 0.0000e+00
-0.725 -0.325 0.0000e+00
-0.725 -0.275 0.0000e+00
-0.725 -0.225 0.0000e+00
-0.725 -0.175 0.0000e+00
-0.725 -0.125 0.0000e+00
-0.725 -0.075 0.0000e+00
-0.725 -0.025 0.0000e+00
-0.725 0.025 0.0000e+00
-0.725 0.075 0.0000e+00
-0.725 0.125 0.0000e+00
-0.725 0.175 0.0000e+00
-0.725 0.225 0.0000e+00
-0.725 0.275 0.0000e+00
-0.725 0.325 0.0000e+00
-0.725 0.375 0.0000e+00
-0.725 0.425 0.0000e+00
-0.725 0.475 0.0000e+00
-0.725 0.525 0.0000e+00
-0.725 0.575 0.0000e+00
-0.725 0.625 0.0000e+00
-0.725 0.675 0.0000e+00
-0.725 0.725 0.0000e+00
-0.725 0.775 0.0000e+00
-0.725 0.825 0.0000e+00
-0.725 0.875 0.0000e+00
-0.725 0.925 0.0000e+00
-0.725 0.975 0.0000e+00
-0.725 1.025 0.0000e+00
-0.725 1.075 0.0000e+00
-0.725 1.125 0.0000e+00
-0.725 1.175 0.0000e+00
-0.725 1.225 0.0000e+00
-0.725 1.275 0.0000e+00
-0.725 1.325 0.0000e+00
-0.725 1.375 0.0000e+00
-0.725 1.425 0.0000e+00
-0.725 1.475 0.0000e+00
-0.725 1.525 3.2539e-15
-0.725 1.575 4.5153e-15
-0.725 1.625 5.8814e-15
-0.725 1.675 7.2002e-15
-0.725 1.725 8.3089e-15
-0.725 1.775 9.0760e-15
-0.725 1.825 9.4323e-15
-0.725 1.875 9.3782e-15
-0.725 1.925 8.9713e-15
-0.725 1.975 8.3025e-15
-0.725 2.025 7.4711e-15
-0.725 2.075 6.5673e-15
-0.725 2.125 5.6617e-15
-0.725 2.175 4.8037e-15
-0.725 2.225 4.0230e-15
-0.725 2.275 3.3338e-15
-0.725 2.325 2.7391e-15
-0.725 2.375 2.2350e-15
-0.725 2.425 1.8136e-15
-0.725 2.475 1.4652e-15
-0.725 2.525 1.1795e-15
-0.725 2.575 9.4677e-16
-0.725 2.625 7.5824e-16
-0.725 2.675 6.0614e-16
-0.725 2.725 4.8384e-16
-0.725 2.775 3.8575e-16
-0.725 2.825 3.0725e-16
-0.725 2.875 2.4453e-16
-0.725 2.925 1.9448e-16
-0.725 2.975 1.5459e-16
-0.725 3.025 1.2282e-16
-0.725 3.075 9.7538e-17
-0.725 3.125 7.7428e-17
-0.725 3.175 6.1439e-17
-0.725 3.225 4.8733e-17
-0.725 3.275 3.8637e-17
-0.725 3.325 3.0619e-17
-0.725 3.375 2.4251e-17
-0.725 3.425 1.9195e-17
-0.725 3.475 1.5181e-17
-0.725 3.525 1.1993e-17
-0.725 3.575 0.0000e+00
-0.725 3.625 0.0000e+00
-0.725 3.675 0.0000e+00
-0.725 3.725 0.0000e+00
-0.725 3.775 0.0000e+00
-0.725 3.825 0.0000e+00
-0.725 3.875 0.0000e+00
-0.725 3.925 0.0000e+00
-0.725 3.975 0.0000e+00
-0.675 -1.975 0.0000e+00
-0.675 -1.925 0.0000e+00
-0.675 -1.875 0.0000e+00
-0.675 -1.825 0.0000e+00
-0.675 -1.775 0.0000e+00
-0.675 -1.725 0.0000e+00
-0.675 -1.675 0.0000e+00
-0.675 -1.625 0.0000e+00
-0.675 -1.575 0.0000e+00
-0.675 -1.525 0.0000e+00
-0.675 -1.475 0.0000e+00
-0.675 -1.425 0.0000e+00
-0.675 -1.375 0.0000e+00
-0.675 -1.325 0.0000e+00
-0.675 -1.275 0.0000e+00
-0.675 -1.225 0.0000e+00
-0.675 -1.175 0.0000e+00
-0.675 -1.125 0.0000e+00
-0.675 -1.075 0.0000e+00
-0.675 -1.025 0.0000e+00
-0.675 -0.975 0.0000e+00
-0.675 -0.925 0.0000e+00
-0.675 -0.875 0.0000e+00
-0.675 -0.825 0.0000e+00
-0.675 -0.775 0.0000e+00
-0.675 -0.725 0.0000e+00
-0.675 -0.675 0.0000e+00
-0.675 -0.625 0.0000e+00
-0.675 -0.575 0.0000e+00
-0.675 -0.525 0.0000e+00
-0.675 -0.475 0.0000e+00
-0.675 -0.425 0.0000e+00
-0.675 -0.375 0.0000e+00
-0.675 -0.325 0.0000e+00
-0.675 -0.275 0.0000e+00
-0.675 -0.225 0.0000e+00
-0.675 -0.175 0.0000e+00
-0.675 -0.125 0.0000e+00
-0.675 -0.075 0.0000e+00
-0.675 -0.025 0.0000e+00
-0.675 0.025 0.0000e+00
-0.675 0.075 0.0000e+00
-0.675 0.125 0.0000e+00
-0.675 0.175 0.0000e+00
-0.675 0.225 0.0000e+00
-0.675 0.275 0.0000e+00
-0.675 0.325 0.0000e+00
-0.675 0.375 0.0000e+00
-0.675 0.425 0.0000e+00
-0.675 0.475 0.0000e+00
-0.675 0.525 0.0000e+00
-0.675 0.575 0.0000e+00
-0.675 0.625 0.0000e+00
-0.675 0.675 0.0000e+00
-0.675 0.725 0.0000e+00
-0.675 0.775 0.0000e+00
-0.675 0.825 0.0000e+00
-0.675 0.875 0.0000e+00
-0.675 0.925 0.0000e+00
-0.675 0.975 0.0000e+00
-0.675 1.025 0.0000e+00
-0.675 1.075 0.0000e+00
-0.675 1.125 0.0000e+00
-0.675 1.175 0.0000e+00
-0.675 1.225 0.0000e+00
-0.675 1.275 0.0000e+00
-0.675 1.325 0.0000e+00
-0.675 1.375 0.0000e+00
-0.675 1.425 0.0000e+00
-0.675 1.475 0.0000e+00
-0.675 1.525 0.0000e+00
-0.675 1.575 0.0000e+00
-0.675 1.625 0.0000e+00
-0.675 1.675 0.0000e+00
-0.675 1.725 0.0000e+00
-0.675 1.775 0.0000e+00
-0.675 1.825 0.0000e+00
-0.675 1.875 0.0000e+00
-0.675 1.925 0.0000e+00
-0.675 1.975 0.0000e+00
-0.675 2.025 0.0000e+00
-0.675 2.075 0.0000e+00
-0.675 2.125 0.0000e+00
-0.675 2.175 0.0000e+00
-0.675 2.225 0.0000e+00
-0.675 2.275 0.0000e+00
-0.675 2.325 0.0000e+00
-0.675 2.375 0.0000e+00
-0.675 2.425 0.0000e+00
-0.675 2.475 0.0000e+00
-0.675 2.525 0.0000e+00
-0.675 2.575 0.0000e+00
-0.675 2.625 0.0000e+00
-0.675 2.675 0.0000e+00
-0.675 2.725 0.0000e+00
-0.675 2.775 0.0000e+00
-0.675 2.825 0.0000e+00
-0.675 2.875 0.0000e+00
-0.675 2.925 0.0000e+00
-0.675 2.975 0.0000e+00
-0.675 3.025 0.0000e+00
-0.675 3.075 0.0000e+00
-0.675 3.125 0.0000e+00
-0.675 3.175 0.0000e+00
-0.675 3.225 0.0000e+00
-0.675 3.275 0.0000e+00
-0.675 3.325 0.0000e+00
-0.675 3.375 0.0000e+00
-0.675 3.425 0.0000e+00
-0.675 3.475 0.0000e+00
-0.675 3.525 0.0000e+00
-0.675 3.575 0.0000e+00
-0.675 3.625 0.0000e+00
-0.675 3.675 0.0000e+00
-0.675 3.725 0.0000e+00
-0.675 3.775 0.0000e+00
-0.675 3.825 0.0000e+00
-0.675 3.875 0.0000e+00
-0.675 3.925 0.0000e+00
-0.675 3.975 0.0000e+00
-0.625 -1.975 0.0000e+00
-0.625 -1.925 0.0000e+00
-0.625 -1.875 0.0000e+00
-0.625 -1.825 0.0000e+00
-0.625 -1.775 0.0000e+00
-0.625 -1.725 0.0000e+00
-0.625 -1.675 0.0000e+00
-0.625 -1.625 0.0000e+00
-0.625 -1.575 0.0000e+00
-0.625 -1.525 0.0000e+00
-0.625 -1.475 0.0000e+00
-0.625 -1.425 0.0000e+00
-0.625 -1.375 0.0000e+00
-0.625 -1.325 0.0000e+00
-0.625 -1.275 0.0000e+00
-0.625 -1.225 0.0000e+00
-0.625 -1.175 0.0000e+00
-0.625 -1.125 0.0000e+00
-0.625 -1.075 0.0000e+00
-0.625 -1.025 0.0000e+00
-0.625 -0.975 0.0000e+00
-0.625 -0.925 0.0000e+00
-0.625 -0.875 0.0000e+00
-0.625 -0.825 0.0000e+00
-0.625 -0.775 0.0000e+00
-0.625 -0.725 0.0000e+00
-0.625 -0.675 0.0000e+00
-0.625 -0.625 0.0000e+00
-0.625 -0.575 0.0000e+00
-0.625 -0.525 0.0000e+00
-0.625 -0.475 0.0000e+00
-0.625 -0.425 0.0000e+00
-0.625 -0.375 0.0000e+00
-0.625 -0.325 0.0000e+00
-0.625 -0.275 0.0000e+00
-0.625 -0.225 0.0000e+00
-0.625 -0.175 0.0000e+00
-0.625 -0.125 0.0000e+00
-0.625 -0.075 0.0000e+00
-0.625 -0.025 0.0000e+00
-0.625 0.025 0.0000e+00
-0.625 0.075 0.0000e+00
-0.625 0.125 0.0000e+00
-0.625 0.175 0.0000e+00
-0.625 0.225 0.0000e+00
-0.625 0.275 0.0000e+00
-0.625 0.325 0.0000e+00
-0.625 0.375 0.0000e+00
-0.625 0.425 0.0000e+00
-0.625 0.475 0.0000e+00
-0.625 0.525 0.0000e+00
-0.625 0.575 0.0000e+00
-0.625 0.625 0.0000e+00
-0.625 0.675 0.0000e+00
-0.625 0.725 0.0000e+00
-0.625 0.775 0.0000e+00
-0.625 0.825 0.0000e+00
-0.625 0.875 0.0000e+00
-0.625 0.925 0.0000e+00
-0.625 0.975 0.0000e+00
-0.625 1.025 0.0000e+00
-0.625 1.075 0.0000e+00
-0.625 1.125 0.0000e+00
-0.625 1.175 0.0000e+00
-0.625 1.225 0.0000e+00
-0.625 1.275 0.0000e+00
-0.625 1.325 0.0000e+00
-0.625 1.375 0.0000e+00
-0.625 1.425 0.0000e+00
-0.625 1.475 0.0000e+00
-0.625 1.525 0.0000e+00
-0.625 1.575 0.0000e+00
-0.625 1.625 0.0000e+00
-0.625 1.675 0.0000e+00
-0.625 1.725 0.0000e+00
-0.625 1.775 0.0000e+00
-0.625 1.825 0.0000e+00
-0.625 1.875 0.0000e+00
-0.625 1.925 0.0000e+00
-0.625 1.975 0.0000e+00
-0.625 2.025 0.0000e+00
-0.625 2.075 0.0000e+00
-0.625 2.125 0.0000e+00
-0.625 2.175 0.0000e+00
-0.625 2.225 0.0000e+00
-0.625 2.275 0.0000e+00
-0.625 2.325 0.0000e+00
-0.625 2.375 0.0000e+00
-0.625 2.425 0.0000e+00
-0.625 2.475 0.0000e+00
-0.625 2.525 0.0000e+00
-0.625 2.575 0.0000e+00
-0.625 2.625 0.0000e+00
-0.625 2.675 0.0000e+00
-0.625 2.725 0.0000e+00
-0.625 2.775 0.0000e+00
-0.625 2.825 0.0000e+00
-0.625 2.875 0.0000e+00
-0.625 2.925 0.0000e+00
-0.625 2.975 0.0000e+00
-0.625 3.025 0.0000e+00
-0.625 3.075 0.0000e+00
-0.625 3.125 0.0000e+00
-0.625 3.175 0.0000e+00
-0.625 3.225 0.0000e+00
-0.625 3.275 0.0000e+00
-0.625 3.325 0.0000e+00
-0.625 3.375 0.0000e+00
-0.625 3.425 0.0000e+00
-0.625 3.475 0.0000e+00
-0.625 3.525 0.0000e+00
-0.625 3.575 0.0000e+00
-0.625 3.625 0.0000e+00
-0.625 3.675 0.0000e+00
-0.625 3.725 0.0000e+00
-0.625 3.775 0.0000e+00
-0.625 3.825 0.0000e+00
-0.625 3.875 0.0000e+00
-0.625 3.925 0.0000e+00
-0.625 3.975 0.0000e+00
-0.575 -1.975 0.0000e+00
-0.575 -1.925 0.0000e+00
-0.575 -1.875 0.0000e+00
-0.575 -1.825 0.0000e+00
-0.575 -1.775 0.0000e+00
-0.575 -1.725 0.0000e+00
-0.575 -1.675 0.0000e+00
-0.575 -1.625 0.0000e+00
-0.575 -1.575 0.0000e+00
-0.575 -1.525 0.0000e+00
-0.575 -1.475 0.0000e+00
-0.575 -1.425 0.0000e+00
-0.575 -1.375 0.0000e+00
-0.575 -1.325 0.0000e+00
-0.575 -1.275 0.0000e+00
-0.575 -1.225 0.0000e+00
-0.575 -1.175 0.0000e+00
-0.575 -1.125 0.0000e+00
-0.575 -1.075 0.0000e+00
-0.575 -1.025 0.0000e+00
-0.575 -0.975 0.0000e+00
-0.575 -0.925 0.0000e+00
-0.575 -0.875 0.0000e+00
-0.575 -0.825 0.0000e+00
-0.575 -0.775 0.0000e+00
-0.575 -0.725 0.0000e+00
-0.575 -0.675 0.0000e+00
-0.575 -0.625 0.0000e+00
-0.575 -0.575 0.0000e+00
-0.575 -0.525 0.0000e+00
-0.575 -0.475 0.0000e+00
-0.575 -0.425 0.0000e+00
-0.575 -0.375 0.0000e+00
-0.575 -0.325 0.0000e+00
-0.575 -0.275 0.0000e+00
-0.575 -0.225 0.0000e+00
-0.575 -0.175 0.0000e+00
-0.575 -0.125 0.0000e+00
-0.575 -0.075 0.0000e+00
-0.575 -0.025 0.0000e+00
-0.575 0.025 0.0000e+00
-0.575 0.075 0.0000e+00
-0.575 0.125 0.0000e+00
-0.575 0.175 0.0000e+00
-0.575 0.225 0.0000e+00
-0.575 0.275 0.0000e+00
-0.575 0.325 0.0000e+00
-0.575 0.375 0.0000e+00
-0.575 0.425 0.0000e+00
-0.575 0.475 0.0000e+00
-0.575 0.525 0.0000e+00
-0.575 0.575 0.0000e+00
-0.575 0.625 0.0000e+00
-0.575 0.675 0.0000e+00
-0.575 0.725 0.0000e+00
-0.575 0.775 0.0000e+00
-0.575 0.825 0.0000e+00
-0.575 0.875 0.0000e+00
-0.575 0.925 0.0000e+00
-0.575 0.975 0.0000e+00
-0.575 1.025 0.0000e+00
-0.575 1.075 0.0000e+00
-0.575 1.125 0.0000e+00
-0.575 1.175 0.0000e+00
-0.575 1.225 0.0000e+00
-0.575 1.275 0.0000e+00
-0.575 1.325 0.0000e+00
-0.575 1.375 0.0000e+00
-0.575 1.425 0.0000e+00
-0.575 1.475 0.0000e+00
-0.575 1.525 0.0000e+00
-0.575 1.575 0.0000e+00
-0.575 1.625 0.0000e+00
-0.575 1.675 0.0000e+00
-0.575 1.725 0.0000e+00
-0.575 1.775 0.0000e+00
-0.575 1.825 0.0000e+00
-0.575 1.875 0.0000e+00
-0.575 1.925 0.0000e+00
-0.575 1.975 0.0000e+00
-0.575 2.025 0.0000e+00
-0.575 2.075 0.0000e+00
-0.575 2.125 0.0000e+00
-0.575 2.175 0.0000e+00
-0.575 2.225 0.0000e+00
-0.575 2.275 0.0000e+00
-0.575 2.325 0.0000e+00
-0.575 2.375 0.0000e+00
-0.575 2.425 0.0000e+00
-0.575 2.475 0.0000e+00
-0.575 2.525 0.0000e+00
-0.575 2.575 0.0000e+00
-0.575 2.625 0.0000e+00
-0.575 2.675 0.0000e+00
-0.575 2.725 0.0000e+00
-0.575 2.775 0.0000e+00
-0.575 2.825 0.0000e+00
-0.575 2.875 0.0000e+00
-0.575 2.925 0.0000e+00
-0.575 2.975 0.0000e+00
-0.575 3.025 0.0000e+00
-0.575 3.075 0.0000e+00
-0.575 3.125 0.0000e+00
-0.575 3.175 0.0000e+00
-0.575 3.225 0.0000e+00
-0.575 3.275 0.0000e+00
-0.575 3.325 0.0000e+00
-0.575 3.375 0.0000e+00
-0.575 3.425 0.0000e+00
-0.575 3.475 0.0000e+00
-0.575 3.525 0.0000e+00
-0.575 3.575 0.0000e+00
-0.575 3.625 0.0000e+00
-0.575 3.675 0.0000e+00
-0.575 3.725 0.0000e+00
-0.575 3.775 0.0000e+00
-0.575 3.825 0.0000e+00
-0.575 3.875 0.0000e+00
-0.575 3.925 0.0000e+00
-0.575 3.975 0.0000e+00
-0.525 -1.975 0.0000e+00
-0.525 -1.925 0.0000e+00
-0.525 -1.875 0.0000e+00
-0.525 -1.825 0.0000e+00
-0.525 -1.775 0.0000e+00
-0.525 -1.725 0.0000e+00
-0.525 -1.675 0.0000e+00
-0.525 -1.625 0.0000e+00
-0.525 -1.575 0.0000e+00
-0.525 -1.525 0.0000e+00
-0.525 -1.475 0.0000e+00
-0.525 -1.425 0.0000e+00
-0.525 -1.375 0.0000e+00
-0.525 -1.325 0.0000e+00
-0.525 -1.275 0.0000e+00
-0.525 -1.225 0.0000e+00
-0.525 -1.175 0.0000e+00
-0.525 -1.125 0.0000e+00
-0.525 -1.075 0.0000e+00
-0.525 -1.025 0.0000e+00
-0.525 -0.975 0.0000e+00
-0.525 -0.925 0.0000e+00
-0.525 -0.875 0.0000e+00
-0.525 -0.825 0.0000e+00
-0.525 -0.775 0.0000e+00
-0.525 -0.725 0.0000e+00
-0.525 -0.675 0.0000e+00
-0.525 -0.625 0.0000e+00
-0.525 -0.575 0.0000e+00
-0.525 -0.525 0.0000e+00
-0.525 -0.475 0.0000e+00
-0.525 -0.425 0.0000e+00
-0.525 -0.375 0.0000e+00
-0.525 -0.325 0.0000e+00
-0.525 -0.275 0.0000e+00
-0.525 -0.225 0.0000e+00
-0.525 -0.175 0.0000e+00
-0.525 -0.125 0.0000e+00
-0.525 -0.075 0.0000e+00
-0.525 -0.025 0.0000e+00
-0.525 0.025 0.0000e+00
-0.525 0.075 0.0000e+00
-0.525 0.125 0.0000e+00
-0.525 0.175 0.0000e+00
-0.525 0.225 0.0000e+00
-0.525 0.275 0.0000e+00
-0.525 0.325 0.0000e+00
-0.525 0.375 0.0000e+00
-0.525 0.425 0.0000e+00
-0.525 0.475 0.0000e+00
-0.525 0.525 0.0000e+00
-0.525 0.575 0.0000e+00
-0.525 0.625 0.0000e+00
-0.525 0.675 0.0000e+00
-0.525 0.725 0.0000e+00
-0.525 0.775 0.0000e+00
-0.525 0.825 0.0000e+00
-0.525 0.875 0.0000e+00
-0.525 0.925 0.0000e+00
-0.525 0.975 0.0000e+00
-0.525 1.025 0.0000e+00
-0.525 1.075 0.0000e+00
-0.525 1.125 0.0000e+00
-0.525 1.175 0.0000e+00
-0.525 1.225 0.0000e+00
-0.525 1.275 0.0000e+00
-0.525 1.325 0.0000e+00
-0.525 1.375 0.0000e+00
-0.525 1.425 0.0000e+00
-0.525 1.475 0.0000e+00
-0.525 1.525 0.0000e+00
-0.525 1.575 0.0000e+00
-0.525 1.625 0.0000e+00
-0.525 1.675 0.0000e+00
-0.525 1.725 0.0000e+00
-0.525 1.775 0.0000e+00
-0.525 1.825 0.0000e+00
-0.525 1.875 0.0000e+00
-0.525 1.925 0.0000e+00
-0.525 1.975 0.0000e+00
-0.525 2.025 0.0000e+00
-0.525 2.075 0.0000e+00
-0.525 2.125 0.0000e+00
-0.525 2.175 0.0000e+00
-0.525 2.225 0.0000e+00
-0.525 2.275 0.0000e+00
-0.525 2.325 0.0000e+00
-0.525 2.375 0.0000e+00
-0.525 2.425 0.0000e+00
-0.525 2.475 0.0000e+00
-0.525 2.525 0.0000e+00
-0.525 2.575 0.0000e+00
-0.525 2.625 0.0000e+00
-0.525 2.675 0.0000e+00
-0.525 2.725 0.0000e+00
-0.525 2.775 0.0000e+00
-0.525 2.825 0.0000e+00
-0.525 2.875 0.0000e+00
-0.525 2.925 0.0000e+00
-0.525 2.975 0.0000e+00
-0.525 3.025 0.0000e+00
-0.525 3.075 0.0000e+00
-0.525 3.125 0.0000e+00
-0.525 3.175 0.0000e+00
-0.525 3.225 0.0000e+00
-0.525 3.275 0.0000e+00
-0.525 3.325 0.0000e+00
-0.525 3.375 0.0000e+00
-0.525 3.425 0.0000e+00
-0.525 3.475 0.0000e+00
-0.525 3.525 0.0000e+00
-0.525 3.575 0.0000e+00
-0.525 3.625 0.0000e+00
-0.525 3.675 0.0000e+00
-0.525 3.725 0.0000e+00
-0.525 3.775 0.0000e+00
-0.525 3.825 0.0000e+00
-0.525 3.875 0.0000e+00
-0.525 3.925 0.0000e+00
-0.525 3.975 0.0000e+00
-0.475 -1.975 0.0000e+00
-0.475 -1.925 0.0000e+00
-0.475 -1.875 0.0000e+00
-0.475 -1.825 0.0000e+00
-0.475 -1.775 0.0000e+00
-0.475 -1.725 0.0000e+00
-0.475 -1.675 0.0000e+00
-0.475 -1.625 0.0000e+00
-0.475 -1.575 0.0000e+00
-0.475 -1.525 0.0000e+00
-0.475 -1.475 0.0000e+00
-0.475 -1.425 0.0000e+00
-0.475 -1.375 0.0000e+00
-0.475 -1.325 0.0000e+00
-0.475 -1.275 0.0000e+00
-0.475 -1.225 0.0000e+00
-0.475 -1.175 0.0000e+00
-0.475 -1.125 0.0000e+00
-0.475 -1.075 0.0000e+00
-0.475 -1.025 0.0000e+00
-0.475 -0.975 0.0000e+00
-0.475 -0.925 0.0000e+00
-0.475 -0.875 0.0000e+00
-0.475 -0.825 0.0000e+00
-0.475 -0.775 0.0000e+00
-0.475 -0.725 0.0000e+00
-0.475 -0.675 0.0000e+00
-0.475 -0.625 0.0000e+00
-0.475 -0.575 0.0000e+00
-0.475 -0.525 0.0000e+00
-0.475 -0.475 0.0000e+00
-0.475 -0.425 0.0000e+00
-0.475 -0.375 0.0000e+00
-0.475 -0.325 0.0000e+00
-0.475 -0.275 0.0000e+00
-0.475 -0.225 0.0000e+00
-0.475 -0.175 0.0000e+00
-0.475 -0.125 0.0000e+00
-0.475 -0.075 0.0000e+00
-0.475 -0.025 0.0000e+00
-0.475 0.025 0.0000e+00
-0.475 0.075 0.0000e+00
-0.475 0.125 0.0000e+00
-0.475 0.175 0.0000e+00
-0.475 0.225 0.0000e+00
-0.475 0.275 0.0000e+00
-0.475 0.325 0.0000e+00
-0.475 0.375 0.0000e+00
-0.475 0.425 0.0000e+00
-0.475 0.475 0.0000e+00
-0.475 0.525 0.0000e+00
-0.475 0.575 0.0000e+00
-0.475 0.625 0.0000e+00
-0.475 0.675 0.0000e+00
-0.475 0.725 0.0000e+00
-0.475 0.775 0.0000e+00
-0.475 0.825 0.0000e+00
-0.475 0.875 0.0000e+00
-0.475 0.925 0.0000e+00
-0.475 0.975 0.0000e+00
-0.475 1.025 0.0000e+00
-0.475 1.075 0.0000e+00
-0.475 1.125 0.0000e+00
-0.475 1.175 0.0000e+00
-0.475 1.225 0.0000e+00
-0.475 1.275 0.0000e+00
-0.475 1.325 0.0000e+00
-0.475 1.375 0.0000e+00
-0.475 1.425 0.0000e+00
-0.475 1.475 0.0000e+00
-0.475 1.525 0.0000e+00
-0.475 1.575 0.0000e+00
-0.475 1.625 0.0000e+00
-0.475 1.675 0.0000e+00
-0.475 1.725 0.0000e+00
-0.475 1.775 0.0000e+00
-0.475 1.825 0.0000e+00
-0.475 1.875 0.0000e+00
-0.475 1.925 0.0000e+00
-0.475 1.975 0.0000e+00
-0.475 2.025 0.0000e+00
-0.475 2.075 0.0000e+00
-0.475 2.125 0.0000e+00
-0.475 2.175 0.0000e+00
-0.475 2.225 0.0000e+00
-0.475 2.275 0.0000e+00
-0.475 2.325 0.0000e+00
-0.475 2.375 0.0000e+00
-0.475 2.425 0.0000e+00
-0.475 2.475 0.0000e+00
-0.475 2.525 0.0000e+00
-0.475 2.575 0.0000e+00
-0.475 2.625 0.0000e+00
-0.475 2.675 0.0000e+00
-0.475 2.725 0.0000e+00
-0.475 2.775 0.0000e+00
-0.475 2.825 0.0000e+00
-0.475 2.875 0.0000e+00
-0.475 2.925 0.0000e+00
-0.475 2.975 0.0000e+00
-0.475 3.025 0.0000e+00
-0.475 3.075 0.0000e+00
-0.475 3.125 0.0000e+00
-0.475 3.175 0.0000e+00
-0.475 3.225 0.0000e+00
-0.475 3.275 0.0000e+00
-0.475 3.325 0.0000e+00
-0.475 3.375 0.0000e+00
-0.475 3.425 0.0000e+00
-0.475 3.475 0.0000e+00
-0.475 3.525 0.0000e+00
-0.475 3.575 0.0000e+00
-0.475 3.625 0.0000e+00
-0.475 3.675 0.0000e+00
-0.475 3.725 0.0000e+00
-0.475 3.775 0.0000e+00
-0.475 3.825 0.0000e+00
-0.475 3.875 0.0000e+00
-0.475 3.925 0.0000e+00
-0.475 3.975 0.0000e+00
-0.425 -1.975 0.0000e+00
-0.425 -1.925 0.0000e+00
-0.425 -1.875 0.0000e+00
-0.425 -1.825 0.0000e+00
-0.425 -1.775 0.0000e+00
-0.425 -1.725 0.0000e+00
-0.425 -1.675 0.0000e+00
-0.425 -1.625 0.0000e+00
-0.425 -1.575 0.0000e+00
-0.425 -1.525 0.0000e+00
-0.425 -1.475 0.0000e+00
-0.425 -1.425 0.0000e+00
-0.425 -1.375 0.0000e+00
-0.425 -1.325 0.0000e+00
-0.425 -1.275 0.0000e+00
-0.425 -1.225 0.0000e+00
-0.425 -1.175 0.0000e+00
-0.425 -1.125 0.0000e+00
-0.425 -1.075 0.0000e+00
-0.425 -1.025 0.0000e+00
-0.425 -0.975 0.0000e+00
-0.425 -0.925 0.0000e+00
-0.425 -0.875 0.0000e+00
-0.425 -0.825 0.0000e+00
-0.425 -0.775 0.0000e+00
-0.425 -0.725 0.0000e+00
-0.425 -0.675 0.0000e+00
-0.425 -0.625 0.0000e+00
-0.425 -0.575 0.0000e+00
-0.425 -0.525 0.0000e+00
-0.425 -0.475 0.0000e+00
-0.425 -0.425 0.0000e+00
-0.425 -0.375 0.0000e+00
-0.425 -0.325 0.0000e+00
-0.425 -0.275 0.0000e+00
-0.425 -0.225 0.0000e+00
-0.425 -0.175 0.0000e+00
-0.425 -0.125 0.0000e+00
-0.425 -0.075 0.0000e+00
-0.425 -0.025 0.0000e+00
-0.425 0.025 0.0000e+00
-0.425 0.075 0.0000e+00
-0.425 0.125 0.0000e+00
-0.425 0.175 0.0000e+00
-0.425 0.225 0.0000e+00
-0.425 0.275 0.0000e+00
-0.425 0.325 0.0000e+00
-0.425 0.375 0.0000e+00
-0.425 0.425 0.0000e+00
-0.425 0.475 0.0000e+00
-0.425 0.525 0.0000e+00
-0.425 0.575 0.0000e+00
-0.425 0.625 0.0000e+00
-0.425 0.675 0.0000e+00
-0.425 0.725 0.0000e+00
-0.425 0.775 0.0000e+00
-0.425 0.825 0.0000e+00
-0.425 0.875 0.0000e+00
-0.425 0.925 0.0000e+00
-0.425 0.975 0.0000e+00
-0.425 1.025 0.0000e+00
-0.425 1.075 0.0000e+00
-0.425 1.125 0.0000e+00
-0.425 1.175 0.0000e+00
-0.425 1.225 0.0000e+00
-0.425 1.275 0.0000e+00
-0.425 1.325 0.0000e+00
-0.425 1.375 0.0000e+00
-0.425 1.425 0.0000e+00
-0.425 1.475 0.0000e+00
-0.425 1.525 0.0000e+00
-0.425 1.575 0.0000e+00
-0.425 1.625 0.0000e+00
-0.425 1.675 0.0000e+00
-0.425 1.725 0.0000e+00
-0.425 1.775 0.0000e+00
-0.425 1.825 0.0000e+00
-0.425 1.875 0.0000e+00
-0.425 1.925 0.0000e+00
-0.425 1.975 0.0000e+00
-0.425 2.025 0.0000e+00
-0.425 2.075 0.0000e+00
-0.425 2.125 0.0000e+00
-0.425 2.175 0.0000e+00
-0.425 2.225 0.0000e+00
-0.425 2.275 0.0000e+00
-0.425 2.325 0.0000e+00
-0.425 2.375 0.0000e+00
-0.425 2.425 0.0000e+00
-0.425 2.475 0.0000e+00
-0.425 2.525 0.0000e+00
-0.425 2.575 0.0000e+00
-0.425 2.625 0.0000e+00
-0.425 2.675 0.0000e+00
-0.425 2.725 0.0000e+00
-0.425 2.775 0.0000e+00
-0.425 2.825 0.0000e+00
-0.425 2.875 0.0000e+00
-0.425 2.925 0.0000e+00
-0.425 2.975 0.0000e+00
-0.425 3.025 0.0000e+00
-0.425 3.075 0.0000e+00
-0.425 3.125 0.0000e+00
-0.425 3.175 0.0000e+00
-0.425 3.225 0.0000e+00
-0.425 3.275 0.0000e+00
-0.425 3.325 0.0000e+00
-0.425 3.375 0.0000e+00
-0.425 3.425 0.0000e+00
-0.425 3.475 0.0000e+00
-0.425 3.525 0.0000e+00
-0.425 3.575 0.0000e+00
-0.425 3.625 0.0000e+00
-0.425 3.675 0.0000e+00
-0.425 3.725 0.0000e+00
-0.425 3.775 0.0000e+00
-0.425 3.825 0.0000e+00
-0.425 3.875 0.0000e+00
-0.425 3.925 0.0000e+00
-0.425 3.975 0.0000e+00
-0.375 -1.975 0.0000e+00
-0.375 -1.925 0.0000e+00
-0.375 -1.875 0.0000e+00
-0.375 -1.825 0.0000e+00
-0.375 -1.775 0.0000e+00
-0.375 -1.725 0.0000e+00
-0.375 -1.675 0.0000e+00
-0.375 -1.625 0.0000e+00
-0.375 -1.575 0.0000e+00
-0.375 -1.525 0.0000e+00
-0.375 -1.475 0.0000e+00
-0.375 -1.425 0.0000e+00
-0.375 -1.375 0.0000e+00
-0.375 -1.325 0.0000e+00
-0.375 -1.275 0.0000e+00
-0.375 -1.225 0.0000e+00
-0.375 -1.175 0.0000e+00
-0.375 -1.125 0.0000e+00
-0.375 -1.075 0.0000e+00
-0.375 -1.025 0.0000e+00
-0.375 -0.975 0.0000e+00
-0.375 -0.925 0.0000e+00
-0.375 -0.875 0.0000e+00
-0.375 -0.825 0.0000e+00
-0.375 -0.775 0.0000e+00
-0.375 -0.725 0.0000e+00
-0.375 -0.675 0.0000e+00
-0.375 -0.625 0.0000e+00
-0.375 -0.575 0.0000e+00
-0.375 -0.525 0.0000e+00
-0.375 -0.475 0.0000e+00
-0.375 -0.425 0.0000e+00
-0.375 -0.375 0.0000e+00
-0.375 -0.325 0.0000e+00
-0.375 -0.275 0.0000e+00
-0.375 -0.225 0.0000e+00
-0.375 -0.175 0.0000e+00
-0.375 -0.125 0.0000e+00
-0.375 -0.075 0.0000e+00
-0.375 -0.025 0.0000e+00
-0.375 0.025 0.0000e+00
-0.375 0.075 0.0000e+00
-0.375 0.125 0.0000e+00
-0.375 0.175 0.0000e+00
-0.375 0.225 0.0000e+00
-0.375 0.275 0.0000e+00
-0.375 0.325 0.0000e+00
-0.375 0.375 0.0000e+00
-0.375 0.425 0.0000e+00
-0.375 0.475 0.0000e+00
-0.375 0.525 0.0000e+00
-0.375 0.575 0.0000e+00
-0.375 0.625 0.0000e+00
-0.375 0.675 0.0000e+00
-0.375 0.725 0.0000e+00
-0.375 0.775 0.0000e+00
-0.375 0.825 0.0000e+00
-0.375 0.875 0.0000e+00
-0.375 0.925 0.0000e+00
-0.375 0.975 0.0000e+00
-0.375 1.025 0.0000e+00
-0.375 1.075 0.0000e+00
-0.375 1.125 0.0000e+00
-0.375 1.175 0.0000e+00
-0.375 1.225 0.0000e+00
-0.375 1.275 0.0000e+00
-0.375 1.325 0.0000e+00
-0.375 1.375 0.0000e+00
-0.375 1.425 0.0000e+00
-0.375 1.475 0.0000e+00
-0.375 1.525 0.0000e+00
-0.375 1.575 0.0000e+00
-0.375 1.625 0.0000e+00
-0.375 1.675 0.0000e+00
-0.375 1.725 0.0000e+00
-0.375 1.775 0.0000e+00
-0.375 1.825 0.0000e+00
-0.375 1.875 0.0000e+00
-0.375 1.925 0.0000e+00
-0.375 1.975 0.0000e+00
-0.375 2.025 0.0000e+00
-0.375 2.075 0.0000e+00
-0.375 2.125 0.0000e+00
-0.375 2.175 0.0000e+00
-0.375 2.225 0.0000e+00
-0.375 2.275 0.0000e+00
-0.375 2.325 0.0000e+00
-0.375 2.375 0.0000e+00
-0.375 2.425 0.0000e+00
-0.375 2.475 0.0000e+00
-0.375 2.525 0.0000e+00
-0.375 2.575 0.0000e+00
-0.375 2.625 0.0000e+00
-0.375 2.675 0.0000e+00
-0.375 2.725 0.0000e+00
-0.375 2.775 0.0000e+00
-0.375 2.825 0.0000e+00
-0.375 2.875 0.0000e+00
-0.375 2.925 0.0000e+00
-0.375 2.975 0.0000e+00
-0.375 3.025 0.0000e+00
-0.375 3.075 0.0000e+00
-0.375 3.125 0.0000e+00
-0.375 3.175 0.0000e+00
-0.375 3.225 0.0000e+00
-0.375 3.275 0.0000e+00
-0.375 3.325 0.0000e+00
-0.375 3.375 0.0000e+00
-0.375 3.425 0.0000e+00
-0.375 3.475 0.0000e+00
-0.375 3.525 0.0000e+00
-0.375 3.575 0.0000e+00
-0.375 3.625 0.0000e+00
-0.375 3.675 0.0000e+00
-0.375 3.725 0.0000e+00
-0.375 3.775 0.0000e+00
-0.375 3.825 0.0000e+00
-0.375 3.875 0.0000e+00
-0.375 3.925 0.0000e+00
-0.375 3.975 0.0000e+00
-0.325 -1.975 0.0000e+00
-0.325 -1.925 0.0000e+00
-0.325 -1.875 0.0000e+00
-0.325 -1.825 0.0000e+00
-0.325 -1.775 0.0000e+00
-0.325 -1.725 0.0000e+00
-0.325 -1.675 0.0000e+00
-0.325 -1.625 0.0000e+00
-0.325 -1.575 0.0000e+00
-0.325 -1.525 0.0000e+00
-0.325 -1.475 0.0000e+00
-0.325 -1.425 0.0000e+00
-0.325 -1.375 0.0000e+00
-0.325 -1.325 0.0000e+00
-0.325 -1.275 0.0000e+00
-0.325 -1.225 0.0000e+00
-0.325 -1.175 0.0000e+00
-0.325 -1.125 0.0000e+00
-0.325 -1.075 0.0000e+00
-0.325 -1.025 0.0000e+00
-0.325 -0.975 0.0000e+00
-0.325 -0.925 0.0000e+00
-0.325 -0.875 0.0000e+00
-0.325 -0.825 0.0000e+00
-0.325 -0.775 0.0000e+00
-0.325 -0.725 0.0000e+00
-0.325 -0.675 0.0000e+00
-0.325 -0.625 0.0000e+00
-0.325 -0.575 0.0000e+00
-0.325 -0.525 0.0000e+00
-0.325 -0.475 0.0000e+00
-0.325 -0.425 0.0000e+00
-0.325 -0.375 0.0000e+00
-0.325 -0.325 0.0000e+00
-0.325 -0.275 0.0000e+00
-0.325 -0.225 0.0000e+00
-0.325 -0.175 0.0000e+00
-0.325 -0.125 0.0000e+00
-0.325 -0.075 0.0000e+00
-0.325 -0.025 0.0000e+00
-0.325 0.025 0.0000e+00
-0.325 0.075 0.0000e+00
-0.325 0.125 0.0000e+00
-0.325 0.175 0.0000e+00
-0.325 0.225 0.0000e+00
-0.325 0.275 0.0000e+00
-0.325 0.325 0.0000e+00
-0.325 0.375 0.0000e+00
-0.325 0.425 0.0000e+00
-0.325 0.475 0.0000e+00
-0.325 0.525 0.0000e+00
-0.325 0.575 0.0000e+00
-0.325 0.625 0.0000e+00
-0.325 0.675 0.0000e+00
-0.325 0.725 0.0000e+00
-0.325 0.775 0.0000e+00
-0.325 0.825 0.0000e+00
-0.325 0.875 0.0000e+00
-0.325 0.925 0.0000e+00
-0.325 0.975 0.0000e+00
-0.325 1.025 0.0000e+00
-0.325 1.075 0.0000e+00
-0.325 1.125 0.0000e+00
-0.325 1.175 0.0000e+00
-0.325 1.225 0.0000e+00
-0.325 1.275 0.0000e+00
-0.325 1.325 0.0000e+00
-0.325 1.375 0.0000e+00
-0.325 1.425 0.0000e+00
-0.325 1.475 0.0000e+00
-0.325 1.525 0.0000e+00
-0.325 1.575 0.0000e+00
-0.325 1.625 0.0000e+00
-0.325 1.675 0.0000e+00
-0.325 1.725 0.0000e+00
-0.325 1.775 0.0000e+00
-0.325 1.825 0.0000e+00
-0.325 1.875 0.0000e+00
-0.325 1.925 0.0000e+00
-0.325 1.975 0.0000e+00
-0.325 2.025 0.0000e+00
-0.325 2.075 0.0000e+00
-0.325 2.125 0.0000e+00
-0.325 2.175 0.0000e+00
-0.325 2.225 0.0000e+00
-0.325 2.275 0.0000e+00
-0.325 2.325 0.0000e+00
-0.325 2.375 0.0000e+00
-0.325 2.425 0.0000e+00
-0.325 2.475 0.0000e+00
-0.325 2.525 0.0000e+00
-0.325 2.575 0.0000e+00
-0.325 2.625 0.0000e+00
-0.325 2.675 0.0000e+00
-0.325 2.725 0.0000e+00
-0.325 2.775 0.0000e+00
-0.325 2.825 0.0000e+00
-0.325 2.875 0.0000e+00
-0.325 2.925 0.0000e+00
-0.325 2.975 0.0000e+00
-0.325 3.025 0.0000e+00
-0.325 3.075 0.0000e+00
-0.325 3.125 0.0000e+00
-0.325 3.175 0.0000e+00
-0.325 3.225 0.0000e+00
-0.325 3.275 0.0000e+00
-0.325 3.325 0.0000e+00
-0.325 3.375 0.0000e+00
-0.325 3.425 0.0000e+00
-0.325 3.475 0.0000e+00
-0.325 3.525 0.0000e+00
-0.325 3.575 0.0000e+00
-0.325 3.625 0.0000e+00
-0.325 3.675 0.0000e+00
-0.325 3.725 0.0000e+00
-0.325 3.775 0.0000e+00
-0.325 3.825 0.0000e+00
-0.325 3.875 0.0000e+00
-0.325 3.925 0.0000e+00
-0.325 3.975 0.0000e+00
-0.275 -1.975 0.0000e+00
-0.275 -1.925 0.0000e+00
-0.275 -1.875 0.0000e+00
-0.275 -1.825 0.0000e+00
-0.275 -1.775 0.0000e+00
-0.275 -1.725 0.0000e+00
-0.275 -1.675 0.0000e+00
-0.275 -1.625 0.0000e+00
-0.275 -1.575 0.0000e+00
-0.275 -1.525 0.0000e+00
-0.275 -1.475 0.0000e+00
-0.275 -1.425 0.0000e+00
-0.275 -1.375 0.0000e+00
-0.275 -1.325 0.0000e+00
-0.275 -1.275 0.0000e+00
-0.275 -1.225 0.0000e+00
-0.275 -1.175 0.0000e+00
-0.275 -1.125 0.0000e+00
-0.275 -1.075 0.0000e+00
-0.275 -1.025 0.0000e+00
-0.275 -0.975 0.0000e+00
-0.275 -0.925 0.0000e+00
-0.275 -0.875 0.0000e+00
-0.275 -0.825 0.0000e+00
-0.275 -0.775 0.0000e+00
-0.275 -0.725 0.0000e+00
-0.275 -0.675 0.0000e+00
-0.275 -0.625 0.0000e+00
-0.275 -0.575 0.0000e+00
-0.275 -0.525 0.0000e+00
-0.275 -0.475 0.0000e+00
-0.275 -0.425 0.0000e+00
-0.275 -0.375 0.0000e+00
-0.275 -0.325 0.0000e+00
-0.275 -0.275 0.0000e+00
-0.275 -0.225 0.0000e+00
-0.275 -0.175 0.0000e+00
-0.275 -0.125 0.0000e+00
-0.275 -0.075 0.0000e+00
-0.275 -0.025 0.0000e+00
-0.275 0.025 0.0000e+00
-0.275 0.075 0.0000e+00
-0.275 0.125 0.0000e+00
-0.275 0.175 0.0000e+00
-0.275 0.225 0.0000e+00
-0.275 0.275 0.0000e+00
-0.275 0.325 0.0000e+00
-0.275 0.375 0.0000e+00
-0.275 0.425 0.0000e+00
-0.275 0.475 0.0000e+00
-0.275 0.525 0.0000e+00
-0.275 0.575 0.0000e+00
-0.275 0.625 0.0000e+00
-0.275 0.675 0.0000e+00
-0.275 0.725 0.0000e+00
-0.275 0.775 0.0000e+00
-0.275 0.825 0.0000e+00
-0.275 0.875 0.0000e+00
-0.275 0.925 0.0000e+00
-0.275 0.975 0.0000e+00
-0.275 1.025 0.0000e+00
-0.275 1.075 0.0000e+00
-0.275 1.125 0.0000e+00
-0.275 1.175 0.0000e+00
-0.275 1.225 0.0000e+00
-0.275 1.275 0.0000e+00
-0.275 1.325 0.0000e+00
-0.275 1.375 0.0000e+00
-0.275 1.425 0.0000e+00
-0.275 1.475 0.0000e+00
-0.275 1.525 0.0000e+00
-0.275 1.575 0.0000e+00
-0.275 1.625 0.0000e+00
-0.275 1.675 0.0000e+00
-0.275 1.725 0.0000e+00
-0.275 1.775 0.0000e+00
-0.275 1.825 0.0000e+00
-0.275 1.875 0.0000e+00
-0.275 1.925 0.0000e+00
-0.275 1.975 0.0000e+00
-0.275 2.025 0.0000e+00
-0.275 2.075 0.0000e+00
-0.275 2.125 0.0000e+00
-0.275 2.175 0.0000e+00
-0.275 2.225 0.0000e+00
-0.275 2.275 0.0000e+00
-0.275 2.325 0.0000e+00
-0.275 2.375 0.0000e+00
-0.275 2.425 0.0000e+00
-0.275 2.475 0.0000e+00
-0.275 2.525 0.0000e+00
-0.275 2.575 0.0000e+00
-0.275 2.625 0.0000e+00
-0.275 2.675 0.0000e+00
-0.275 2.725 0.0000e+00
-0.275 2.775 0.0000e+00
-0.275 2.825 0.0000e+00
-0.275 2.875 0.0000e+00
-0.275 2.925 0.0000e+00
-0.275 2.975 0.0000e+00
-0.275 3.025 0.0000e+00
-0.275 3.075 0.0000e+00
-0.275 3.125 0.0000e+00
-0.275 3.175 0.0000e+00
-0.275 3.225 0.0000e+00
-0.275 3.275 0.0000e+00
-0.275 3.325 0.0000e+00
-0.275 3.375 0.0000e+00
-0.275 3.425 0.0000e+00
-0.275 3.475 0.0000e+00
-0.275 3.525 0.0000e+00
-0.275 3.575 0.0000e+00
-0.275 3.625 0.0000e+00
-0.275 3.675 0.0000e+00
-0.275 3.725 0.0000e+00
-0.275 3.775 0.0000e+00
-0.275 3.825 0.0000e+00
-0.275 3.875 0.0000e+00
-0.275 3.925 0.0000e+00
-0.275 3.975 0.0000e+00
-0.225 -1.975 0.0000e+00
-0.225 -1.925 0.0000e+00
-0.225 -1.875 0.0000e+00
-0.225 -1.825 0.0000e+00
-0.225 -1.775 0.0000e+00
-0.225 -1.725 0.0000e+00
-0.225 -1.675 0.0000e+00
-0.225 -1.625 0.0000e+00
-0.225 -1.575 0.0000e+00
-0.225 -1.525 0.0000e+00
-0.225 -1.475 0.0000e+00
-0.225 -1.425 0.0000e+00
-0.225 -1.375 0.0000e+00
-0.225 -1.325 0.0000e+00
-0.225 -1.275 0.0000e+00
-0.225 -1.225 0.0000e+00
-0.225 -1.175 0.0000e+00
-0.225 -1.125 0.0000e+00
-0.225 -1.075 0.0000e+00
-0.225 -1.025 0.0000e+00
-0.225 -0.975 0.0000e+00
-0.225 -0.925 0.0000e+00
-0.225 -0.875 0.0000e+00
-0.225 -0.825 0.0000e+00
-0.225 -0.775 0.0000e+00
-0.225 -0.725 0.0000e+00
-0.225 -0.675 0.0000e+00
-0.225 -0.625 0.0000e+00
-0.225 -0.575 0.0000e+00
-0.225 -0.525 0.0000e+00
-0.225 -0.475 0.0000e+00
-0.225 -0.425 0.0000e+00
-0.225 -0.375 0.0000e+00
-0.225 -0.325 0.0000e+00
-0.225 -0.275 0.0000e+00
-0.225 -0.225 0.0000e+00
-0.225 -0.175 0.0000e+00
-0.225 -0.125 0.0000e+00
-0.225 -0.075 0.0000e+00
-0.225 -0.025 0.0000e+00
-0.225 0.025 0.0000e+00
-0.225 0.075 0.0000e+00
-0.225 0.125 0.0000e+00
-0.225 0.175 0.0000e+00
-0.225 0.225 0.0000e+00
-0.225 0.275 0.0000e+00
-0.225 0.325 0.0000e+00
-0.225 0.375 0.0000e+00
-0.225 0.425 0.0000e+00
-0.225 0.475 0.0000e+00
-0.225 0.525 0.0000e+00
-0.225 0.575 0.0000e+00
-0.225 0.625 0.0000e+00
-0.225 0.675 0.0000e+00
-0.225 0.725 0.0000e+00
-0.225 0.775 0.0000e+00
-0.225 0.825 0.0000e+00
-0.225 0.875 0.0000e+00
-0.225 0.925 0.0000e+00
-0.225 0.975 0.0000e+00
-0.225 1.025 0.0000e+00
-0.225 1.075 0.0000e+00
-0.225 1.125 0.0000e+00
-0.225 1.175 0.0000e+00
-0.225 1.225 0.0000e+00
-0.225 1.275 0.0000e+00
-0.225 1.325 0.0000e+00
-0.225 1.375 0.0000e+00
-0.225 1.425 0.0000e+00
-0.225 1.475 0.0000e+00
-0.225 1.525 0.0000e+00
-0.225 1.575 0.0000e+00
-0.225 1.625 0.0000e+00
-0.225 1.675 0.0000e+00
-0.225 1.725 0.0000e+00
-0.225 1.775 0.0000e+00
-0.225 1.825 0.0000e+00
-0.225 1.875 0.0000e+00
-0.225 1.925 0.0000e+00
-0.225 1.975 0.0000e+00
-0.225 2.025 0.0000e+00
-0.225 2.075 0.0000e+00
-0.225 2.125 0.0000e+00
-0.225 2.175 0.0000e+00
-0.225 2.225 0.0000e+00
-0.225 2.275 0.0000e+00
-0.225 2.325 0.0000e+00
-0.225 2.375 0.0000e+00
-0.225 2.425 0.0000e+00
-0.225 2.475 0.0000e+00
-0.225 2.525 0.0000e+00
-0.225 2.575 0.0000e+00
-0.225 2.625 0.0000e+00
-0.225 2.675 0.0000e+00
-0.225 2.725 0.0000e+00
-0.225 2.775 0.0000e+00
-0.225 2.825 0.0000e+00
-0.225 2.875 0.0000e+00
-0.225 2.925 0.0000e+00
-0.225 2.975 0.0000e+00
-0.225 3.025 0.0000e+00
-0.225 3.075 0.0000e+00
-0.225 3.125 0.0000e+00
-0.225 3.175 0.0000e+00
-0.225 3.225 0.0000e+00
-0.225 3.275 0.0000e+00
-0.225 3.325 0.0000e+00
-0.225 3.375 0.0000e+00
-0.225 3.425 0.0000e+00
-0.225 3.475 0.0000e+00
-0.225 3.525 0.0000e+00
-0.225 3.575 0.0000e+00
-0.225 3.625 0.0000e+00
-0.225 3.675 0.0000e+00
-0.225 3.725 0.0000e+00
-0.225 3.775 0.0000e+00
-0.225 3.825 0.0000e+00
-0.225 3.875 0.0000e+00
-0.225 3.925 0.0000e+00
-0.225 3.975 0.0000e+00
-0.175 -1.975 0.0000e+00
-0.175 -1.925 0.0000e+00
-0.175 -1.875 0.0000e+00
-0.175 -1.825 0.0000e+00
-0.175 -1.775 0.0000e+00
-0.175 -1.725 0.0000e+00
-0.175 -1.675 0.0000e+00
-0.175 -1.625 0.0000e+00
-0.175 -1.575 0.0000e+00
-0.175 -1.525 0.0000e+00
-0.175 -1.475 0.0000e+00
-0.175 -1.425 0.0000e+00
-0.175 -1.375 0.0000e+00
-0.175 -1.325 0.0000e+00
-0.175 -1.275 0.0000e+00
-0.175 -1.225 0.0000e+00
-0.175 -1.175 0.0000e+00
-0.175 -1.125 0.0000e+00
-0.175 -1.075 0.0000e+00
-0.175 -1.025 0.0000e+00
-0.175 -0.975 0.0000e+00
-0.175 -0.925 0.0000e+00
-0.175 -0.875 0.0000e+00
-0.175 -0.825 0.0000e+00
-0.175 -0.775 0.0000e+00
-0.175 -0.725 0.0000e+00
-0.175 -0.675 0.0000e+00
-0.175 -0.625 0.0000e+00
-0.175 -0.575 0.0000e+00
-0.175 -0.525 0.0000e+00
-0.175 -0.475 0.0000e+00
-0.175 -0.425 0.0000e+00
-0.175 -0.375 0.0000e+00
-0.175 -0.325 0.0000e+00
-0.175 -0.275 0.0000e+00
-0.175 -0.225 0.0000e+00
-0.175 -0.175 0.0000e+00
-0.175 -0.125 0.0000e+00
-0.175 -0.075 0.0000e+00
-0.175 -0.025 0.0000e+00
-0.175 0.025 0.0000e+00
-0.175 0.075 0.0000e+00
-0.175 0.125 0.0000e+00
-0.175 0.175 0.0000e+00
-0.175 0.225 0.0000e+00
-0.175 0.275 0.0000e+00
-0.175 0.325 0.0000e+00
-0.175 0.375 0.0000e+00
-0.175 0.425 0.0000e+00
-0.175 0.475 0.0000e+00
-0.175 0.525 0.0000e+00
-0.175 0.575 0.0000e+00
-0.175 0.625 0.0000e+00
-0.175 0.675 0.0000e+00
-0.175 0.725 0.0000e+00
-0.175 0.775 0.0000e+00
-0.175 0.825 0.0000e+00
-0.175 0.875 0.0000e+00
-0.175 0.925 0.0000e+00
-0.175 0.975 0.0000e+00
-0.175 1.025 0.0000e+00
-0.175 1.075 0.0000e+00
-0.175 1.125 0.0000e+00
-0.175 1.175 0.0000e+00
-0.175 1.225 0.0000e+00
-0.175 1.275 0.0000e+00
-0.175 1.325 0.0000e+00
-0.175 1.375 0.0000e+00
-0.175 1.425 0.0000e+00
-0.175 1.475 0.0000e+00
-0.175 1.525 0.0000e+00
-0.175 1.575 0.0000e+00
-0.175 1.625 0.0000e+00
-0.175 1.675 0.0000e+00
-0.175 1.725 0.0000e+00
-0.175 1.775 0.0000e+00
-0.175 1.825 0.0000e+00
-0.175 1.875 0.0000e+00
-0.175 1.925 0.0000e+00
-0.175 1.975 0.0000e+00
-0.175 2.025 0.0000e+00
-0.175 2.075 0.0000e+00
-0.175 2.125 0.0000e+00
-0.175 2.175 0.0000e+00
-0.175 2.225 0.0000e+00
-0.175 2.275 0.0000e+00
-0.175 2.325 0.0000e+00
-0.175 2.375 0.0000e+00
-0.175 2.425 0.0000e+00
-0.175 2.475 0.0000e+00
-0.175 2.525 0.0000e+00
-0.175 2.575 0.0000e+00
-0.175 2.625 0.0000e+00
-0.175 2.675 0.0000e+00
-0.175 2.725 0.0000e+00
-0.175 2.775 0.0000e+00
-0.175 2.825 0.0000e+00
-0.175 2.875 0.0000e+00
-0.175 2.925 0.0000e+00
-0.175 2.975 0.0000e+00
-0.175 3.025 0.0000e+00
-0.175 3.075 0.0000e+00
-0.175 3.125 0.0000e+00
-0.175 3.175 0.0000e+00
-0.175 3.225 0.0000e+00
-0.175 3.275 0.0000e+00
-0.175 3.325 0.0000e+00
-0.175 3.375 0.0000e+00
-0.175 3.425 0.0000e+00
-0.175 3.475 0.0000e+00
-0.175 3.525 0.0000e+00
-0.175 3.575 0.0000e+00
-0.175 3.625 0.0000e+00
-0.175 3.675 0.0000e+00
-0.175 3.725 0.0000e+00
-0.175 3.775 0.0000e+00
-0.175 3.825 0.0000e+00
-0.175 3.875 0.0000e+00
-0.175 3.925 0.0000e+00
-0.175 3.975 0.0000e+00
-0.125 -1.975 0.0000e+00
-0.125 -1.925 0.0000e+00
-0.125 -1.875 0.0000e+00
-0.125 -1.825 0.0000e+00
-0.125 -1.775 0.0000e+00
-0.125 -1.725 0.0000e+00
-0.125 -1.675 0.0000e+00
-0.125 -1.625 0.0000e+00
-0.125 -1.575 0.0000e+00
-0.125 -1.525 0.0000e+00
-0.125 -1.475 0.0000e+00
-0.125 -1.425 0.0000e+00
-0.125 -1.375 0.0000e+00
-0.125 -1.325 0.0000e+00
-0.125 -1.275 0.0000e+00
-0.125 -1.225 0.0000e+00
-0.125 -1.175 0.0000e+00
-0.125 -1.125 0.0000e+00
-0.125 -1.075 0.0000e+00
-0.125 -1.025 0.0000e+00
-0.125 -0.975 0.0000e+00
-0.125 -0.925 0.0000e+00
-0.125 -0.875 0.0000e+00
-0.125 -0.825 0.0000e+00
-0.125 -0.775 0.0000e+00
-0.125 -0.725 0.0000e+00
-0.125 -0.675 0.0000e+00
-0.125 -0.625 0.0000e+00
-0.125 -0.575 0.0000e+00
-0.125 -0.525 0.0000e+00
-0.125 -0.475 0.0000e+00
-0.125 -0.425 0.0000e+00
-0.125 -0.375 0.0000e+00
-0.125 -0.325 0.0000e+00
-0.125 -0.275 0.0000e+00
-0.125 -0.225 0.0000e+00
-0.125 -0.175 0.0000e+00
-0.125 -0.125 0.0000e+00
-0.125 -0.075 0.0000e+00
-0.125 -0.025 0.0000e+00
-0.125 0.025 0.0000e+00
-0.125 0.075 0.0000e+00
-0.125 0.125 0.0000e+00
-0.125 0.175 0.0000e+00
-0.125 0.225 0.0000e+00
-0.125 0.275 0.0000e+00
-0.125 0.325 0.0000e+00
-0.125 0.375 0.0000e+00
-0.125 0.425 0.0000e+00
-0.125 0.475 0.0000e+00
-0.125 0.525 0.0000e+00
-0.125 0.575 0.0000e+00
-0.125 0.625 0.0000e+00
-0.125 0.675 0.0000e+00
-0.125 0.725 0.0000e+00
-0.125 0.775 0.0000e+00
-0.125 0.825 0.0000e+00
-0.125 0.875 0.0000e+00
-0.125 0.925 0.0000e+00
-0.125 0.975 0.0000e+00
-0.125 1.025 0.0000e+00
-0.125 1.075 0.0000e+00
-0.125 1.125 0.0000e+00
-0.125 1.175 0.0000e+00
-0.125 1.225 0.0000e+00
-0.125 1.275 0.0000e+00
-0.125 1.325 0.0000e+00
-0.125 1.375 0.0000e+00
-0.125 1.425 0.0000e+00
-0.125 1.475 0.0000e+00
-0.125 1.525 0.0000e+00
-0.125 1.575 0.0000e+00
-0.125 1.625 0.0000e+00
-0.125 1.675 0.0000e+00
-0.125 1.725 0.0000e+00
-0.125 1.775 0.0000e+00
-0.125 1.825 0.0000e+00
-0.125 1.875 0.0000e+00
-0.125 1.925 0.0000e+00
-0.125 1.975 0.0000e+00
-0.125 2.025 0.0000e+00
-0.125 2.075 0.0000e+00
-0.125 2.125 0.0000e+00
-0.125 2.175 0.0000e+00
-0.125 2.225 0.0000e+00
-0.125 2.275 0.0000e+00
-0.125 2.325 0.0000e+00
-0.125 2.375 0.0000e+00
-0.125 2.425 0.0000e+00
-0.125 2.475 0.0000e+00
-0.125 2.525 0.0000e+00
-0.125 2.575 0.0000e+00
-0.125 2.625 0.0000e+00
-0.125 2.675 0.0000e+00
-0.125 2.725 0.0000e+00
-0.125 2.775 0.0000e+00
-0.125 2.825 0.0000e+00
-0.125 2.875 0.0000e+00
-0.125 2.925 0.0000e+00
-0.125 2.975 0.0000e+00
-0.125 3.025 0.0000e+00
-0.125 3.075 0.0000e+00
-0.125 3.125 0.0000e+00
-0.125 3.175 0.0000e+00
-0.125 3.225 0.0000e+00
-0.125 3.275 0.0000e+00
-0.125 3.325 0.0000e+00
-0.125 3.375 0.0000e+00
-0.125 3.425 0.0000e+00
-0.125 3.475 0.0000e+00
-0.125 3.525 0.0000e+00
-0.125 3.575 0.0000e+00
-0.125 3.625 0.0000e+00
-0.125 3.675 0.0000e+00
-0.125 3.725 0.0000e+00
-0.125 3.775 0.0000e+00
-0.125 3.825 0.0000e+00
-0.125 3.875 0.0000e+00
-0.125 3.925 0.0000e+00
-0.125 3.975 0.0000e+00
-0.075 -1.975 0.0000e+00
-0.075 -1.925 0.0000e+00
-0.075 -1.875 0.0000e+00
-0.075 -1.825 0.0000e+00
-0.075 -1.775 0.0000e+00
-0.075 -1.725 0.0000e+00
-0.075 -1.675 0.0000e+00
-0.075 -1.625 0.0000e+00
-0.075 -1.575 0.0000e+00
-0.075 -1.525 0.0000e+00
-0.075 -1.475 0.0000e+00
-0.075 -1.425 0.0000e+00
-0.075 -1.375 0.0000e+00
-0.075 -1.325 0.0000e+00
-0.075 -1.275 0.0000e+00
-0.075 -1.225 0.0000e+00
-0.075 -1.175 0.0000e+00
-0.075 -1.125 0.0000e+00
-0.075 -1.075 0.0000e+00
-0.075 -1.025 0.0000e+00
-0.075 -0.975 0.0000e+00
-0.075 -0.925 0.0000e+00
-0.075 -0.875 0.0000e+00
-0.075 -0.825 0.0000e+00
-0.075 -0.775 0.0000e+00
-0.075 -0.725 0.0000e+00
-0.075 -0.675 0.0000e+00
-0.075 -0.625 0.0000e+00
-0.075 -0.575 0.0000e+00
-0.075 -0.525 0.0000e+00
-0.075 -0.475 0.0000e+00
-0.075 -0.425 0.0000e+00
-0.075 -0.375 0.0000e+00
-0.075 -0.325 0.0000e+00
-0.075 -0.275 0.0000e+00
-0.075 -0.225 0.0000e+00
-0.075 -0.175 0.0000e+00
-0.075 -0.125 0.0000e+00
-0.075 -0.075 0.0000e+00
-0.075 -0.025 0.0000e+00
-0.075 0.025 0.0000e+00
-0.075 0.075 0.0000e+00
-0.075 0.125 0.0000e+00
-0.075 0.175 0.0000e+00
-0.075 0.225 0.0000e+00
-0.075 0.275 0.0000e+00
-0.075 0.325 0.0000e+00
-0.075 0.375 0.0000e+00
-0.075 0.425 0.0000e+00
-0.075 0.475 0.0000e+00
-0.075 0.525 0.0000e+00
-0.075 0.575 0.0000e+00
-0.075 0.625 0.0000e+00
-0.075 0.675 0.0000e+00
-0.075 0.725 0.0000e+00
-0.075 0.775 0.0000e+00
-0.075 0.825 0.0000e+00
-0.075 0.875 0.0000e+00
-0.075 0.925 0.0000e+00
-0.075 0.975 0.0000e+00
-0.075 1.025 0.0000e+00
-0.075 1.075 0.0000e+00
-0.075 1.125 0.0000e+00
-0.075 1.175 0.0000e+00
-0.075 1.225 0.0000e+00
-0.075 1.275 0.0000e+00
-0.075 1.325 0.0000e+00
-0.075 1.375 0.0000e+00
-0.075 1.425 0.0000e+00
-0.075 1.475 0.0000e+00
-0.075 1.525 0.0000e+00
-0.075 1.575 0.0000e+00
-0.075 1.625 0.0000e+00
-0.075 1.675 0.0000e+00
-0.075 1.725 0.0000e+00
-0.075 1.775 0.0000e+00
-0.075 1.825 0.0000e+00
-0.075 1.875 0.0000e+00
-0.075 1.925 0.0000e+00
-0.075 1.975 0.0000e+00
-0.075 2.025 0.0000e+00
-0.075 2.075 0.0000e+00
-0.075 2.125 0.0000e+00
-0.075 2.175 0.0000e+00
-0.075 2.225 0.0000e+00
-0.075 2.275 0.0000e+00
-0.075 2.325 0.0000e+00
-0.075 2.375 0.0000e+00
-0.075 2.425 0.0000e+00
-0.075 2.475 0.0000e+00
-0.075 2.525 0.0000e+00
-0.075 2.575 0.0000e+00
-0.075 2.625 0.0000e+00
-0.075 2.675 0.0000e+00
-0.075 2.725 0.0000e+00
-0.075 2.775 0.0000e+00
-0.075 2.825 0.0000e+00
-0.075 2.875 0.0000e+00
-0.075 2.925 0.0000e+00
-0.075 2.975 0.0000e+00
-0.075 3.025 0.0000e+00
-0.075 3.075 0.0000e+00
-0.075 3.125 0.0000e+00
-0.075 3.175 0.0000e+00
-0.075 3.225 0.0000e+00
-0.075 3.275 0.0000e+00
-0.075 3.325 0.0000e+00
-0.075 3.375 0.0000e+00
-0.075 3.425 0.0000e+00
-0.075 3.475 0.0000e+00
-0.075 3.525 0.0000e+00
-0.075 3.575 0.0000e+00
-0.075 3.625 0.0000e+00
-0.075 3.675 0.0000e+00
-0.075 3.725 0.0000e+00
-0.075 3.775 0.0000e+00
-0.075 3.825 0.0000e+00
-0.075 3.875 0.0000e+00
-0.075 3.925 0.0000e+00
-0.075 3.975 0.0000e+00
-0.025 -1.975 0.0000e+00
-0.025 -1.925 0.0000e+00
-0.025 -1.875 0.0000e+00
-0.025 -1.825 0.0000e+00
-0.025 -1.775 0.0000e+00
-0.025 -1.725 0.0000e+00
-0.025 -1.675 0.0000e+00
-0.025 -1.625 0.0000e+00
-0.025 -1.575 0.0000e+00
-0.025 -1.525 0.0000e+00
-0.025 -1.475 0.0000e+00
-0.025 -1.425 0.0000e+00
-0.025 -1.375 0.0000e+00
-0.025 -1.325 0.0000e+00
-0.025 -1.275 0.0000e+00
-0.025 -1.225 0.0000e+00
-0.025 -1.175 0.0000e+00
-0.025 -1.125 0.0000e+00
-0.025 -1.075 0.0000e+00
-0.025 -1.025 0.0000e+00
-0.025 -0.975 0.0000e+00
-0.025 -0.925 0.0000e+00
-0.025 -0.875 0.0000e+00
-0.025 -0.825 0.0000e+00
-0.025 -0.775 0.0000e+00
-0.025 -0.725 0.0000e+00
-0.025 -0.675 0.0000e+00
-0.025 -0.625 0.0000e+00
-0.025 -0.575 0.0000e+00
-0.025 -0.525 0.0000e+00
-0.025 -0.475 0.0000e+00
-0.025 -0.425 0.0000e+00
-0.025 -0.375 0.0000e+00
-0.025 -0.325 0.0000e+00
-0.025 -0.275 0.0000e+00
-0.025 -0.225 0.0000e+00
-0.025 -0.175 0.0000e+00
-0.025 -0.125 0.0000e+00
-0.025 -0.075 0.0000e+00
-0.025 -0.025 0.0000e+00
-0.025 0.025 0.0000e+00
-0.025 0.075 0.0000e+00
-0.025 0.125 0.0000e+00
-0.025 0.175 0.0000e+00
-0.025 0.225 0.0000e+00
-0.025 0.275 0.0000e+00
-0.025 0.325 0.0000e+00
-0.025 0.375 0.0000e+00
-0.025 0.425 0.0000e+00
-0.025 0.475 0.0000e+00
-0.025 0.525 0.0000e+00
-0.025 0.575 0.0000e+00
-0.025 0.625 0.0000e+00
-0.025 0.675 0.0000e+00
-0.025 0.725 0.0000e+00
-0.025 0.775 0.0000e+00
-0.025 0.825 0.0000e+00
-0.025 0.875 0.0000e+00
-0.025 0.925 0.0000e+00
-0.025 0.975 0.0000e+00
-0.025 1.025 0.0000e+00
-0.025 1.075 0.0000e+00
-0.025 1.125 0.0000e+00
-0.025 1.175 0.0000e+00
-0.025 1.225 0.0000e+00
-0.025 1.275 0.0000e+00
-0.025 1.325 0.0000e+00
-0.025 1.375 0.0000e+00
-0.025 1.425 0.0000e+00
-0.025 1.475 0.0000e+00
-0.025 1.525 0.0000e+00
-0.025 1.575 0.0000e+00
-0.025 1.625 0.0000e+00
-0.025 1.675 0.0000e+00
-0.025 1.725 0.0000e+00
-0.025 1.775 0.0000e+00
-0.025 1.825 0.0000e+00
-0.025 1.875 0.0000e+00
-0.025 1.925 0.0000e+00
-0.025 1.975 0.0000e+00
-0.025 2.025 0.0000e+00
-0.025 2.075 0.0000e+00
-0.025 2.125 0.0000e+00
-0.025 2.175 0.0000e+00
-0.025 2.225 0.0000e+00
-0.025 2.275 0.0000e+00
-0.025 2.325 0.0000e+00
-0.025 2.375 0.0000e+00
-0.025 2.425 0.0000e+00
-0.025 2.475 0.0000e+00
-0.025 2.525 0.0000e+00
-0.025 2.575 0.0000e+00
-0.025 2.625 0.0000e+00
-0.025 2.675 0.0000e+00
-0.025 2.725 0.0000e+00
-0.025 2.775 0.0000e+00
-0.025 2.825 0.0000e+00
-0.025 2.875 0.0000e+00
-0.025 2.925 0.0000e+00
-0.025 2.975 0.0000e+00
-0.025 3.025 0.0000e+00
-0.025 3.075 0.0000e+00
-0.025 3.125 0.0000e+00
-0.025 3.175 0.0000e+00
-0.025 3.225 0.0000e+00
-0.025 3.275 0.0000e+00
-0.025 3.325 0.0000e+00
-0.025 3.375 0.0000e+00
-0.025 3.425 0.0000e+00
-0.025 3.475 0.0000e+00
-0.025 3.525 0.0000e+00
-0.025 3.575 0.0000e+00
-0.025 3.625 0.0000e+00
-0.025 3.675 0.0000e+00
-0.025 3.725 0.0000e+00
-0.025 3.775 0.0000e+00
-0.025 3.825 0.0000e+00
-0.025 3.875 0.0000e+00
-0.025 3.925 0.0000e+00
-0.025 3.975 0.0000e+00
0.025 -1.975 0.0000e+00
0.025 -1.925 0.0000e+00
0.025 -1.875 0.0000e+00
0.025 -1.825 0.0000e+00
0.025 -1.775 0.0000e+00
0.025 -1.725 0.0000e+00
0.025 -1.675 0.0000e+00
0.025 -1.625 0.0000e+00
0.025 -1.575 0.0000e+00
0.025 -1.525 0.0000e+00
0.025 -1.475 0.0000e+00
0.025 -1.425 0.0000e+00
0.025 -1.375 0.0000e+00
0.025 -1.325 0.0000e+00
0.025 -1.275 0.0000e+00
0.025 -1.225 0.0000e+00
0.025 -1.175 0.0000e+00
0.025 -1.125 0.0000e+00
0.025 -1.075 0.0000e+00
0.025 -1.025 0.0000e+00
0.025 -0.975 0.0000e+00
0.025 -0.925 0.0000e+00
0.025 -0.875 0.0000e+00
0.025 -0.825 0.0000e+00
0.025 -0.775 0.0000e+00
0.025 -0.725 0.0000e+00
0.025 -0.675 0.0000e+00
0.025 -0.625 0.0000e+00
0.025 -0.575 0.0000e+00
0.025 -0.525 0.0000e+00
0.025 -0.475 0.0000e+00
0.025 -0.425 0.0000e+00
0.025 -0.375 0.0000e+00
0.025 -0.325 0.0000e+00
0.025 -0.275 0.0000e+00
0.025 -0.225 0.0000e+00
0.025 -0.175 0.0000e+00
0.025 -0.125 0.0000e+00
0.025 -0.075 0.0000e+00
0.025 -0.025 0.0000e+00
0.025 0.025 0.0000e+00
0.025 0.075 0.0000e+00
0.025 0.125 0.0000e+00
0.025 0.175 0.0000e+00
0.025 0.225 0.0000e+00
0.025 0.275 0.0000e+00
0.025 0.325 0.0000e+00
0.025 0.375 0.0000e+00
0.025 0.425 0.0000e+00
0.025 0.475 0.0000e+00
0.025 0.525 0.0000e+00
0.025 0.575 0.0000e+00
0.025 0.625 0.0000e+00
0.025 0.675 0.0000e+00
0.025 0.725 0.0000e+00
0.025 0.775 0.0000e+00
0.025 0.825 0.0000e+00
0.025 0.875 0.0000e+00
0.025 0.925 0.0000e+00
0.025 0.975 0.0000e+00
0.025 1.025 0.0000e+00
0.025 1.075 0.0000e+00
0.025 1.125 0.0000e+00
0.025 1.175 0.0000e+00
0.025 1.225 0.0000e+00
0.025 1.275 0.0000e+00
0.025 1.325 0.0000e+00
0.025 1.375 0.0000e+00
0.025 1.425 0.0000e+00
0.025 1.475 0.0000e+00
0.025 1.525 0.0000e+00
0.025 1.575 0.0000e+00
0.025 1.625 0.0000e+00
0.025 1.675 0.0000e+00
0.025 1.725 0.0000e+00
0.025 1.775 0.0000e+00
0.025 1.825 0.0000e+00
0.025 1.875 0.0000e+00
0.025 1.925 0.0000e+00
0.025 1.975 0.0000e+00
0.025 2.025 0.0000e+00
0.025 2.075 0.0000e+00
0.025 2.125 0.0000e+00
0.025 2.175 0.0000e+00
0.025 2.225 0.0000e+00
0.025 2.275 0.0000e+00
0.025 2.325 0.0000e+00
0.025 2.375 0.0000e+00
0.025 2.425 0.0000e+00
0.025 2.475 0.0000e+00
0.025 2.525 0.0000e+00
0.025 2.575 0.0000e+00
0.025 2.625 0.0000e+00
0.025 2.675 0.0000e+00
0.025 2.725 0.0000e+00
0.025 2.775 0.0000e+00
0.025 2.825 0.0000e+00
0.025 2.875 0.0000e+00
0.025 2.925 0.0000e+00
0.025 2.975 0.0000e+00
0.025 3.025 0.0000e+00
0.025 3.075 0.0000e+00
0.025 3.125 0.0000e+00
0.025 3.175 0.0000e+00
0.025 3.225 0.0000e+00
0.025 3.275 0.0000e+00
0.025 3.325 0.0000e+00
0.025 3.375 0.0000e+00
0.025 3.425 0.0000e+00
0.025 3.475 0.0000e+00
0.025 3.525 0.0000e+00
0.025 3.575 0.0000e+00
0.025 3.625 0.0000e+00
0.025 3.675 0.0000e+00
0.025 3.725 0.0000e+00
0.025 3.775 0.0000e+00
0.025 3.825 0.0000e+00
0.025 3.875 0.0000e+00
0.025 3.925 0.0000e+00
0.025 3.975 0.0000e+00
0.075 -1.975 0.0000e+00
0.075 -1.925 0.0000e+00
0.075 -1.875 0.0000e+00
0.075 -1.825 0.0000e+00
0.075 -1.775 0.0000e+00
0.075 -1.725 0.0000e+00
0.075 -1.675 0.0000e+00
0.075 -1.625 0.0000e+00
0.075 -1.575 0.0000e+00
0.075 -1.525 0.0000e+00
0.075 -1.475 0.0000e+00
0.075 -1.425 0.0000e+00
0.075 -1.375 0.0000e+00
0.075 -1.325 0.0000e+00
0.075 -1.275 0.0000e+00
0.075 -1.225 0.0000e+00
0.075 -1.175 0.0000e+00
0.075 -1.125 0.0000e+00
0.075 -1.075 0.0000e+00
0.075 -1.025 0.0000e+00
0.075 -0.975 0.0000e+00
0.075 -0.925 0.0000e+00
0.075 -0.875 0.0000e+00
0.075 -0.825 0.0000e+00
0.075 -0.775 0.0000e+00
0.075 -0.725 0.0000e+00
0.075 -0.675 0.0000e+00
0.075 -0.625 0.0000e+00
0.075 -0.575 0.0000e+00
0.075 -0.525 0.0000e+00
0.075 -0.475 0.0000e+00
0.075 -0.425 0.0000e+00
0.075 -0.375 0.0000e+00
0.075 -0.325 0.0000e+00
0.075 -0.275 0.0000e+00
0.075 -0.225 0.0000e+00
0.075 -0.175 0.0000e+00
0.075 -0.125 0.0000e+00
0.075 -0.075 0.0000e+00
0.075 -0.025 0.0000e+00
0.075 0.025 0.0000e+00
0.075 0.075 0.0000e+00
0.075 0.125 0.0000e+00
0.075 0.175 0.0000e+00
0.075 0.225 0.0000e+00
0.075 0.275 0.0000e+00
0.075 0.325 0.0000e+00
0.075 0.375 0.0000e+00
0.075 0.425 0.0000e+00
0.075 0.475 0.0000e+00
0.075 0.525 0.0000e+00
0.075 0.575 0.0000e+00
0.075 0.625 0.0000e+00
0.075 0.675 0.0000e+00
0.075 0.725 0.0000e+00
0.075 0.775 0.0000e+00
0.075 0.825 0.0000e+00
0.075 0.875 0.0000e+00
0.075 0.925 0.0000e+00
0.075 0.975 0.0000e+00
0.075 1.025 0.0000e+00
0.075 1.075 0.0000e+00
0.075 1.125 0.0000e+00
0.075 1.175 0.0000e+00
0.075 1.225 0.0000e+00
0.075 1.275 0.0000e+00
0.075 1.325 0.0000e+00
0.075 1.375 0.0000e+00
0.075 1.425 0.0000e+00
0.075 1.475 0.0000e+00
0.075 1.525 0.0000e+00
0.075 1.575 0.0000e+00
0.075 1.625 0.0000e+00
0.075 1.675 0.0000e+00
0.075 1.725 0.0000e+00
0.075 1.775 0.0000e+00
0.075 1.825 0.0000e+00
0.075 1.875 0.0000e+00
0.075 1.925 0.0000e+00
0.075 1.975 0.0000e+00
0.075 2.025 0.0000e+00
0.075 2.075 0.0000e+00
0.075 2.125 0.0000e+00
0.075 2.175 0.0000e+00
0.075 2.225 0.0000e+00
0.075 2.275 0.0000e+00
0.075 2.325 0.0000e+00
0.075 2.375 0.0000e+00
0.075 2.425 0.0000e+00
0.075 2.475 0.0000e+00
0.075 2.525 0.0000e+00
0.075 2.575 0.0000e+00
0.075 2.625 0.0000e+00
0.075 2.675 0.0000e+00
0.075 2.725 0.0000e+00
0.075 2.775 0.0000e+00
0.075 2.825 0.0000e+00
0.075 2.875 0.0000e+00
0.075 2.925 0.0000e+00
0.075 2.975 0.0000e+00
0.075 3.025 0.0000e+00
0.075 3.075 0.0000e+00
0.075 3.125 0.0000e+00
0.075 3.175 0.0000e+00
0.075 3.225 0.0000e+00
0.075 3.275 0.0000e+00
0.075 3.325 0.0000e+00
0.075 3.375 0.0000e+00
0.075 3.425 0.0000e+00
0.075 3.475 0.0000e+00
0.075 3.525 0.0000e+00
0.075 3.575 0.0000e+00
0.075 3.625 0.0000e+00
0.075 3.675 0.0000e+00
0.075 3.725 0.0000e+00
0.075 3.775 0.0000e+00
0.075 3.825 0.0000e+00
0.075 3.875 0.0000e+00
0.075 3.925 0.0000e+00
0.075 3.975 0.0000e+00
0.125 -1.975 0.0000e+00
0.125 -1.925 0.0000e+00
0.125 -1.875 0.0000e+00
0.125 -1.825 0.0000e+00
0.125 -1.775 0.0000e+00
0.125 -1.725 0.0000e+00
0.125 -1.675 0.0000e+00
0.125 -1.625 0.0000e+00
0.125 -1.575 0.0000e+00
0.125 -1.525 0.0000e+00
0.125 -1.475 0.0000e+00
0.125 -1.425 0.0000e+00
0.125 -1.375 0.0000e+00
0.125 -1.325 0.0000e+00
0.125 -1.275 0.0000e+00
0.125 -1.225 0.0000e+00
0.125 -1.175 0.0000e+00
0.125 -1.125 0.0000e+00
0.125 -1.075 0.0000e+00
0.125 -1.025 0.0000e+00
0.125 -0.975 0.0000e+00
0.125 -0.925 0.0000e+00
0.125 -0.875 0.0000e+00
0.125 -0.825 0.0000e+00
0.125 -0.775 0.0000e+00
0.125 -0.725 0.0000e+00
0.125 -0.675 0.0000e+00
0.125 -0.625 0.0000e+00
0.125 -0.575 0.0000e+00
0.125 -0.525 0.0000e+00
0.125 -0.475 0.0000e+00
0.125 -0.425 0.0000e+00
0.125 -0.375 0.0000e+00
0.125 -0.325 0.0000e+00
0.125 -0.275 0.0000e+00
0.125 -0.225 0.0000e+00
0.125 -0.175 0.0000e+00
0.125 -0.125 0.0000e+00
0.125 -0.075 0.0000e+00
0.125 -0.025 0.0000e+00
0.125 0.025 0.0000e+00
0.125 0.075 0.0000e+00
0.125 0.125 0.0000e+00
0.125 0.175 0.0000e+00
0.125 0.225 0.0000e+00
0.125 0.275 0.0000e+00
0.125 0.325 0.0000e+00
0.125 0.375 0.0000e+00
0.125 0.425 0.0000e+00
0.125 0.475 0.0000e+00
0.125 0.525 0.0000e+00
0.125 0.575 0.0000e+00
0.125 0.625 0.0000e+00
0.125 0.675 0.0000e+00
0.125 0.725 0.0000e+00
0.125 0.775 0.0000e+00
0.125 0.825 0.0000e+00
0.125 0.875 0.0000e+00
0.125 0.925 0.0000e+00
0.125 0.975 0.0000e+00
0.125 1.025 0.0000e+00
0.125 1.075 0.0000e+00
0.125 1.125 0.0000e+00
0.125 1.175 0.0000e+00
0.125 1.225 0.0000e+00
0.125 1.275 0.0000e+00
0.125 1.325 0.0000e+00
0.125 1.375 0.0000e+00
0.125 1.425 0.0000e+00
0.125 1.475 0.0000e+00
0.125 1.525 0.0000e+00
0.125 1.575 0.0000e+00
0.125 1.625 0.0000e+00
0.125 1.675 0.0000e+00
0.125 1.725 0.0000e+00
0.125 1.775 0.0000e+00
0.125 1.825 0.0000e+00
0.125 1.875 0.0000e+00
0.125 1.925 0.0000e+00
0.125 1.975 0.0000e+00
0.125 2.025 0.0000e+00
0.125 2.075 0.0000e+00
0.125 2.125 0.0000e+00
0.125 2.175 0.0000e+00
0.125 2.225 0.0000e+00
0.125 2.275 0.0000e+00
0.125 2.325 0.0000e+00
0.125 2.375 0.0000e+00
0.125 2.425 0.0000e+00
0.125 2.475 0.0000e+00
0.125 2.525 0.0000e+00
0.125 2.575 0.0000e+00
0.125 2.625 0.0000e+00
0.125 2.675 0.0000e+00
0.125 2.725 0.0000e+00
0.125 2.775 0.0000e+00
0.125 2.825 0.0000e+00
0.125 2.875 0.0000e+00
0.125 2.925 0.0000e+00
0.125 2.975 0.0000e+00
0.125 3.025 0.0000e+00
0.125 3.075 0.0000e+00
0.125 3.125 0.0000e+00
0.125 3.175 0.0000e+00
0.125 3.225 0.0000e+00
0.125 3.275 0.0000e+00
0.125 3.325 0.0000e+00
0.125 3.375 0.0000e+00
0.125 3.425 0.0000e+00
0.125 3.475 0.0000e+00
0.125 3.525 0.0000e+00
0.125 3.575 0.0000e+00
0.125 3.625 0.0000e+00
0.125 3.675 0.0000e+00
0.125 3.725 0.0000e+00
0.125 3.775 0.0000e+00
0.125 3.825 0.0000e+00
0.125 3.875 0.0000e+00
0.125 3.925 0.0000e+00
0.125 3.975 0.0000e+00
0.175 -1.975 0.0000e+00
0.175 -1.925 0.0000e+00
0.175 -1.875 0.0000e+00
0.175 -1.825 0.0000e+00
0.175 -1.775 0.0000e+00
0.175 -1.725 0.0000e+00
0.175 -1.675 0.0000e+00
0.175 -1.625 0.0000e+00
0.175 -1.575 0.0000e+00
0.175 -1.525 0.0000e+00
0.175 -1.475 0.0000e+00
0.175 -1.425 0.0000e+00
0.175 -1.375 0.0000e+00
0.175 -1.325 0.0000e+00
0.175 -1.275 0.0000e+00
0.175 -1.225 0.0000e+00
0.175 -1.175 0.0000e+00
0.175 -1.125 0.0000e+00
0.175 -1.075 0.0000e+00
0.175 -1.025 0.0000e+00
0.175 -0.975 0.0000e+00
0.175 -0.925 0.0000e+00
0.175 -0.875 0.0000e+00
0.175 -0.825 0.0000e+00
0.175 -0.775 0.0000e+00
0.175 -0.725 0.0000e+00
0.175 -0.675 0.0000e+00
0.175 -0.625 0.0000e+00
0.175 -0.575 0.0000e+00
0.175 -0.525 0.0000e+00
0.175 -0.475 0.0000e+00
0.175 -0.425 0.0000e+00
0.175 -0.375 0.0000e+00
0.175 -0.325 0.0000e+00
0.175 -0.275 0.0000e+00
0.175 -0.225 0.0000e+00
0.175 -0.175 0.0000e+00
0.175 -0.125 0.0000e+00
0.175 -0.075 0.0000e+00
0.175 -0.025 0.0000e+00
0.175 0.025 0.0000e+00
0.175 0.075 0.0000e+00
0.175 0.125 0.0000e+00
0.175 0.175 0.0000e+00
0.175 0.225 0.0000e+00
0.175 0.275 0.0000e+00
0.175 0.325 0.0000e+00
0.175 0.375 0.0000e+00
0.175 0.425 0.0000e+00
0.175 0.475 0.0000e+00
0.175 0.525 0.0000e+00
0.175 0.575 0.0000e+00
0.175 0.625 0.0000e+00
0.175 0.675 0.0000e+00
0.175 0.725 0.0000e+00
0.175 0.775 0.0000e+00
0.175 0.825 0.0000e+00
0.175 0.875 0.0000e+00
0.175 0.925 0.0000e+00
0.175 0.975 0.0000e+00
0.175 1.025 0.0000e+00
0.175 1.075 0.0000e+00
0.175 1.125 0.0000e+00
0.175 1.175 0.0000e+00
0.175 1.225 0.0000e+00
0.175 1.275 0.0000e+00
0.175 1.325 0.0000e+00
0.175 1.375 0.0000e+00
0.175 1.425 0.0000e+00
0.175 1.475 0.0000e+00
0.175 1.525 0.0000e+00
0.175 1.575 0.0000e+00
0.175 1.625 0.0000e+00
0.175 1.675 0.0000e+00
0.175 1.725 0.0000e+00
0.175 1.775 0.0000e+00
0.175 1.825 0.0000e+00
0.175 1.875 0.0000e+00
0.175 1.925 0.0000e+00
0.175 1.975 0.0000e+00
0.175 2.025 0.0000e+00
0.175 2.075 0.0000e+00
0.175 2.125 0.0000e+00
0.175 2.175 0.0000e+00
0.175 2.225 0.0000e+00
0.175 2.275 0.0000e+00
0.175 2.325 0.0000e+00
0.175 2.375 0.0000e+00
0.175 2.425 0.0000e+00
0.175 2.475 0.0000e+00
0.175 2.525 0.0000e+00
0.175 2.575 0.0000e+00
0.175 2.625 0.0000e+00
0.175 2.675 0.0000e+00
0.175 2.725 0.0000e+00
0.175 2.775 0.0000e+00
0.175 2.825 0.0000e+00
0.175 2.875 0.0000e+00
0.175 2.925 0.0000e+00
0.175 2.975 0.0000e+00
0.175 3.025 0.0000e+00
0.175 3.075 0.0000e+00
0.175 3.125 0.0000e+00
0.175 3.175 0.0000e+00
0.175 3.225 0.0000e+00
0.175 3.275 0.0000e+00
0.175 3.325 0.0000e+00
0.175 3.375 0.0000e+00
0.175 3.425 0.0000e+00
0.175 3.475 0.0000e+00
0.175 3.525 0.0000e+00
0.175 3.575 0.0000e+00
0.175 3.625 0.0000e+00
0.175 3.675 0.0000e+00
0.175 3.725 0.0000e+00
0.175 3.775 0.0000e+00
0.175 3.825 0.0000e+00
0.175 3.875 0.0000e+00
0.175 3.925 0.0000e+00
0.175 3.975 0.0000e+00
