-4.975 0.025 0.0000e+00
-4.975 0.075 0.0000e+00
-4.975 0.125 0.0000e+00
-4.975 0.175 0.0000e+00
-4.975 0.225 0.0000e+00
-4.975 0.275 0.0000e+00
-4.975 0.325 0.0000e+00
-4.975 0.375 0.0000e+00
-4.975 0.425 0.0000e+00
-4.975 0.475 0.0000e+00
-4.975 0.525 0.0000e+00
-4.975 0.575 0.0000e+00
-4.975 0.625 0.0000e+00
-4.975 0.675 0.0000e+00
-4.975 0.725 0.0000e+00
-4.975 0.775 0.0000e+00
-4.975 0.825 0.0000e+00
-4.975 0.875 0.0000e+00
-4.975 0.925 0.0000e+00
-4.975 0.975 0.0000e+00
-4.975 1.025 0.0000e+00
-4.975 1.075 0.0000e+00
-4.975 1.125 0.0000e+00
-4.975 1.175 0.0000e+00
-4.975 1.225 0.0000e+00
-4.975 1.275 0.0000e+00
-4.975 1.325 0.0000e+00
-4.975 1.375 0.0000e+00
-4.975 1.425 0.0000e+00
-4.975 1.475 0.0000e+00
-4.975 1.525 0.0000e+00
-4.975 1.575 0.0000e+00
-4.975 1.625 0.0000e+00
-4.975 1.675 0.0000e+00
-4.975 1.725 0.0000e+00
-4.975 1.775 0.0000e+00
-4.975 1.825 0.0000e+00
-4.975 1.875 0.0000e+00
-4.975 1.925 0.0000e+00
-4.975 1.975 0.0000e+00
-4.975 2.025 1.4954e-04
-4.975 2.075 3.0452e-03
-4.975 2.125 4.4443e+00
-4.975 2.175 9.6464e-01
-4.975 2.225 7.6986e-03
-4.975 2.275 7.0303e-03
-4.975 2.325 9.4529e-03
-4.975 2.375 2.2600e+00
-4.975 2.425 3.6505e-01
-4.975 2.475 5.1325e-02
-4.975 2.525 2.7197e-01
-4.975 2.575 1.8741e-01
-4.975 2.625 4.4959e+00
-4.975 2.675 5.6952e-01
-4.975 2.725 1.2335e+03
-4.975 2.775 2.3674e-01
-4.975 2.825 5.5808e+00
-4.975 2.875 8.8746e+01
-4.975 2.925 7.1355e+00
-4.975 2.975 3.8271e+00
-4.975 3.025 1.2886e+01
-4.975 3.075 2.7094e+02
-4.975 3.125 2.3916e+01
-4.975 3.175 4.5410e+02
-4.975 3.225 7.8657e+01
-4.975 3.275 2.9305e+01
-4.975 3.325 1.0272e+02
-4.975 3.375 1.7265e+03
-4.975 3.425 1.4488e+03
-4.975 3.475 4.6222e+02
-4.975 3.525 4.5618e+02
-4.975 3.575 9.4366e+03
-4.975 3.625 1.1040e+03
-4.975 3.675 1.3550e+04
-4.975 3.725 3.2260e+03
-4.975 3.775 4.8614e+02
-4.975 3.825 0.0000e+00
-4.975 3.875 0.0000e+00
-4.975 3.925 0.0000e+00
-4.975 3.975 0.0000e+00
-4.925 0.025 0.0000e+00
-4.925 0.075 0.0000e+00
-4.925 0.125 0.0000e+00
-4.925 0.175 0.0000e+00
-4.925 0.225 0.0000e+00
-4.925 0.275 0.0000e+00
-4.925 0.325 0.0000e+00
-4.925 0.375 0.0000e+00
-4.925 0.425 0.0000e+00
-4.925 0.475 0.0000e+00
-4.925 0.525 0.0000e+00
-4.925 0.575 0.0000e+00
-4.925 0.625 0.0000e+00
-4.925 0.675 0.0000e+00
-4.925 0.725 0.0000e+00
-4.925 0.775 0.0000e+00
-4.925 0.825 0.0000e+00
-4.925 0.875 0.0000e+00
-4.925 0.925 0.0000e+00
-4.925 0.975 0.0000e+00
-4.925 1.025 0.0000e+00
-4.925 1.075 0.0000e+00
-4.925 1.125 0.0000e+00
-4.925 1.175 0.0000e+00
-4.925 1.225 0.0000e+00
-4.925 1.275 0.0000e+00
-4.925 1.325 0.0000e+00
-4.925 1.375 0.0000e+00
-4.925 1.425 0.0000e+00
-4.925 1.475 0.0000e+00
-4.925 1.525 0.0000e+00
-4.925 1.575 0.0000e+00
-4.925 1.625 0.0000e+00
-4.925 1.675 0.0000e+00
-4.925 1.725 0.0000e+00
-4.925 1.775 0.0000e+00
-4.925 1.825 0.0000e+00
-4.925 1.875 0.0000e+00
-4.925 1.925 0.0000e+00
-4.925 1.975 0.0000e+00
-4.925 2.025 7.5603e-03
-4.925 2.075 5.7990e-04
-4.925 2.125 8.9594e-03
-4.925 2.175 5.9732e-03
-4.925 2.225 2.0846e-03
-4.925 2.275 7.2109e-03
-4.925 2.325 2.0249e-01
-4.925 2.375 1.7347e-02
-4.925 2.425 4.8712e-02
-4.925 2.475 4.0892e-02
-4.925 2.525 2.1333e+00
-4.925 2.575 1.7888e-01
-4.925 2.625 8.4776e-02
-4.925 2.675 6.1094e-01
-4.925 2.725 4.7139e-01
-4.925 2.775 9.0270e-01
-4.925 2.825 1.3578e+00
-4.925 2.875 6.5693e-01
-4.925 2.925 1.6098e+00
-4.925 2.975 1.9430e+02
-4.925 3.025 5.4914e+00
-4.925 3.075 1.4429e+02
-4.925 3.125 2.3785e+01
-4.925 3.175 1.2934e+01
-4.925 3.225 1.3318e+02
-4.925 3.275 3.0076e+02
-4.925 3.325 3.5470e+03
-4.925 3.375 3.0782e+03
-4.925 3.425 2.0335e+03
-4.925 3.475 3.5218e+02
-4.925 3.525 1.7538e+03
-4.925 3.575 3.3290e+03
-4.925 3.625 9.4499e+03
-4.925 3.675 1.4238e+04
-4.925 3.725 2.7049e+04
-4.925 3.775 1.6592e+04
-4.925 3.825 0.0000e+00
-4.925 3.875 0.0000e+00
-4.925 3.925 0.0000e+00
-4.925 3.975 0.0000e+00
-4.875 0.025 0.0000e+00
-4.875 0.075 0.0000e+00
-4.875 0.125 0.0000e+00
-4.875 0.175 0.0000e+00
-4.875 0.225 0.0000e+00
-4.875 0.275 0.0000e+00
-4.875 0.325 0.0000e+00
-4.875 0.375 0.0000e+00
-4.875 0.425 0.0000e+00
-4.875 0.475 0.0000e+00
-4.875 0.525 0.0000e+00
-4.875 0.575 0.0000e+00
-4.875 0.625 0.0000e+00
-4.875 0.675 0.0000e+00
-4.875 0.725 0.0000e+00
-4.875 0.775 0.0000e+00
-4.875 0.825 0.0000e+00
-4.875 0.875 0.0000e+00
-4.875 0.925 0.0000e+00
-4.875 0.975 0.0000e+00
-4.875 1.025 0.0000e+00
-4.875 1.075 0.0000e+00
-4.875 1.125 0.0000e+00
-4.875 1.175 0.0000e+00
-4.875 1.225 0.0000e+00
-4.875 1.275 0.0000e+00
-4.875 1.325 0.0000e+00
-4.875 1.375 0.0000e+00
-4.875 1.425 0.0000e+00
-4.875 1.475 0.0000e+00
-4.875 1.525 0.0000e+00
-4.875 1.575 0.0000e+00
-4.875 1.625 0.0000e+00
-4.875 1.675 0.0000e+00
-4.875 1.725 0.0000e+00
-4.875 1.775 0.0000e+00
-4.875 1.825 0.0000e+00
-4.875 1.875 0.0000e+00
-4.875 1.925 0.0000e+00
-4.875 1.975 0.0000e+00
-4.875 2.025 9.3281e-04
-4.875 2.075 3.7289e-03
-4.875 2.125 3.0243e-03
-4.875 2.175 1.8254e-02
-4.875 2.225 6.7284e-03
-4.875 2.275 2.0188e-01
-4.875 2.325 1.0532e-02
-4.875 2.375 8.7395e-02
-4.875 2.425 3.1254e-03
-4.875 2.475 2.6393e-02
-4.875 2.525 1.5260e-01
-4.875 2.575 1.9432e+01
-4.875 2.625 5.1161e+00
-4.875 2.675 3.6170e-01
-4.875 2.725 1.0603e+01
-4.875 2.775 3.6712e+00
-4.875 2.825 1.7947e+00
-4.875 2.875 1.9625e+02
-4.875 2.925 2.5698e+00
-4.875 2.975 8.5189e+00
-4.875 3.025 2.3631e+01
-4.875 3.075 1.5210e+01
-4.875 3.125 1.7322e+02
-4.875 3.175 2.0339e+03
-4.875 3.225 1.0355e+03
-4.875 3.275 6.3051e+02
-4.875 3.325 7.8105e+02
-4.875 3.375 2.4473e+03
-4.875 3.425 1.3531e+04
-4.875 3.475 2.2366e+03
-4.875 3.525 4.4042e+03
-4.875 3.575 3.7996e+03
-4.875 3.625 8.5874e+03
-4.875 3.675 4.3642e+04
-4.875 3.725 1.1228e+04
-4.875 3.775 7.4237e+03
-4.875 3.825 0.0000e+00
-4.875 3.875 0.0000e+00
-4.875 3.925 0.0000e+00
-4.875 3.975 0.0000e+00
-4.825 0.025 0.0000e+00
-4.825 0.075 0.0000e+00
-4.825 0.125 0.0000e+00
-4.825 0.175 0.0000e+00
-4.825 0.225 0.0000e+00
-4.825 0.275 0.0000e+00
-4.825 0.325 0.0000e+00
-4.825 0.375 0.0000e+00
-4.825 0.425 0.0000e+00
-4.825 0.475 0.0000e+00
-4.825 0.525 0.0000e+00
-4.825 0.575 0.0000e+00
-4.825 0.625 0.0000e+00
-4.825 0.675 0.0000e+00
-4.825 0.725 0.0000e+00
-4.825 0.775 0.0000e+00
-4.825 0.825 0.0000e+00
-4.825 0.875 0.0000e+00
-4.825 0.925 0.0000e+00
-4.825 0.975 0.0000e+00
-4.825 1.025 0.0000e+00
-4.825 1.075 0.0000e+00
-4.825 1.125 0.0000e+00
-4.825 1.175 0.0000e+00
-4.825 1.225 0.0000e+00
-4.825 1.275 0.0000e+00
-4.825 1.325 0.0000e+00
-4.825 1.375 0.0000e+00
-4.825 1.425 0.0000e+00
-4.825 1.475 0.0000e+00
-4.825 1.525 0.0000e+00
-4.825 1.575 0.0000e+00
-4.825 1.625 0.0000e+00
-4.825 1.675 0.0000e+00
-4.825 1.725 0.0000e+00
-4.825 1.775 0.0000e+00
-4.825 1.825 0.0000e+00
-4.825 1.875 0.0000e+00
-4.825 1.925 0.0000e+00
-4.825 1.975 0.0000e+00
-4.825 2.025 3.5733e-04
-4.825 2.075 2.1391e-03
-4.825 2.125 1.1575e-02
-4.825 2.175 4.1437e-02
-4.825 2.225 7.3453e+00
-4.825 2.275 1.7281e-01
-4.825 2.325 2.4139e-02
-4.825 2.375 1.4761e-02
-4.825 2.425 1.7748e+01
-4.825 2.475 1.9568e-02
-4.825 2.525 9.6547e-01
-4.825 2.575 3.3034e+00
-4.825 2.625 5.6028e-01
-4.825 2.675 1.8301e+00
-4.825 2.725 1.1353e+00
-4.825 2.775 2.2039e+00
-4.825 2.825 2.1035e+00
-4.825 2.875 3.9123e+00
-4.825 2.925 3.4870e+01
-4.825 2.975 2.9164e+01
-4.825 3.025 1.3403e+01
-4.825 3.075 1.5772e+02
-4.825 3.125 1.0091e+02
-4.825 3.175 1.3514e+02
-4.825 3.225 1.1054e+04
-4.825 3.275 1.5195e+03
-4.825 3.325 3.4377e+02
-4.825 3.375 2.1234e+03
-4.825 3.425 5.6981e+02
-4.825 3.475 2.0315e+03
-4.825 3.525 2.7007e+03
-4.825 3.575 1.4651e+04
-4.825 3.625 9.1105e+03
-4.825 3.675 9.7202e+03
-4.825 3.725 3.5222e+04
-4.825 3.775 4.4836e+04
-4.825 3.825 0.0000e+00
-4.825 3.875 0.0000e+00
-4.825 3.925 0.0000e+00
-4.825 3.975 0.0000e+00
-4.775 0.025 0.0000e+00
-4.775 0.075 0.0000e+00
-4.775 0.125 0.0000e+00
-4.775 0.175 0.0000e+00
-4.775 0.225 0.0000e+00
-4.775 0.275 0.0000e+00
-4.775 0.325 0.0000e+00
-4.775 0.375 0.0000e+00
-4.775 0.425 0.0000e+00
-4.775 0.475 0.0000e+00
-4.775 0.525 0.0000e+00
-4.775 0.575 0.0000e+00
-4.775 0.625 0.0000e+00
-4.775 0.675 0.0000e+00
-4.775 0.725 0.0000e+00
-4.775 0.775 0.0000e+00
-4.775 0.825 0.0000e+00
-4.775 0.875 0.0000e+00
-4.775 0.925 0.0000e+00
-4.775 0.975 0.0000e+00
-4.775 1.025 0.0000e+00
-4.775 1.075 0.0000e+00
-4.775 1.125 0.0000e+00
-4.775 1.175 0.0000e+00
-4.775 1.225 0.0000e+00
-4.775 1.275 0.0000e+00
-4.775 1.325 0.0000e+00
-4.775 1.375 0.0000e+00
-4.775 1.425 0.0000e+00
-4.775 1.475 0.0000e+00
-4.775 1.525 0.0000e+00
-4.775 1.575 0.0000e+00
-4.775 1.625 0.0000e+00
-4.775 1.675 0.0000e+00
-4.775 1.725 0.0000e+00
-4.775 1.775 0.0000e+00
-4.775 1.825 0.0000e+00
-4.775 1.875 0.0000e+00
-4.775 1.925 0.0000e+00
-4.775 1.975 0.0000e+00
-4.775 2.025 2.6275e-04
-4.775 2.075 2.6986e-02
-4.775 2.125 2.6750e-01
-4.775 2.175 4.5806e-02
-4.775 2.225 3.6258e-02
-4.775 2.275 4.0004e-02
-4.775 2.325 1.4591e-01
-4.775 2.375 6.6157e-02
-4.775 2.425 3.4672e-01
-4.775 2.475 1.0672e-01
-4.775 2.525 2.7131e-01
-4.775 2.575 4.6878e+02
-4.775 2.625 1.1983e+00
-4.775 2.675 2.2087e-01
-4.775 2.725 7.3978e+02
-4.775 2.775 6.1242e+02
-4.775 2.825 1.6753e+01
-4.775 2.875 8.9051e+00
-4.775 2.925 3.0601e+01
-4.775 2.975 2.4078e+02
-4.775 3.025 1.1734e+04
-4.775 3.075 6.2311e+01
-4.775 3.125 1.6100e+02
-4.775 3.175 6.4195e+02
-4.775 3.225 9.3748e+02
-4.775 3.275 6.6382e+02
-4.775 3.325 5.2887e+03
-4.775 3.375 2.9896e+02
-4.775 3.425 2.8309e+03
-4.775 3.475 3.3618e+03
-4.775 3.525 1.9536e+03
-4.775 3.575 1.4992e+04
-4.775 3.625 4.5866e+04
-4.775 3.675 2.3398e+04
-4.775 3.725 3.6047e+03
-4.775 3.775 4.8083e+04
-4.775 3.825 0.0000e+00
-4.775 3.875 0.0000e+00
-4.775 3.925 0.0000e+00
-4.775 3.975 0.0000e+00
-4.725 0.025 0.0000e+00
-4.725 0.075 0.0000e+00
-4.725 0.125 0.0000e+00
-4.725 0.175 0.0000e+00
-4.725 0.225 0.0000e+00
-4.725 0.275 0.0000e+00
-4.725 0.325 0.0000e+00
-4.725 0.375 0.0000e+00
-4.725 0.425 0.0000e+00
-4.725 0.475 0.0000e+00
-4.725 0.525 0.0000e+00
-4.725 0.575 0.0000e+00
-4.725 0.625 0.0000e+00
-4.725 0.675 0.0000e+00
-4.725 0.725 0.0000e+00
-4.725 0.775 0.0000e+00
-4.725 0.825 0.0000e+00
-4.725 0.875 0.0000e+00
-4.725 0.925 0.0000e+00
-4.725 0.975 0.0000e+00
-4.725 1.025 0.0000e+00
-4.725 1.075 0.0000e+00
-4.725 1.125 0.0000e+00
-4.725 1.175 0.0000e+00
-4.725 1.225 0.0000e+00
-4.725 1.275 0.0000e+00
-4.725 1.325 0.0000e+00
-4.725 1.375 0.0000e+00
-4.725 1.425 0.0000e+00
-4.725 1.475 0.0000e+00
-4.725 1.525 0.0000e+00
-4.725 1.575 0.0000e+00
-4.725 1.625 0.0000e+00
-4.725 1.675 0.0000e+00
-4.725 1.725 0.0000e+00
-4.725 1.775 0.0000e+00
-4.725 1.825 0.0000e+00
-4.725 1.875 0.0000e+00
-4.725 1.925 0.0000e+00
-4.725 1.975 0.0000e+00
-4.725 2.025 2.3968e-03
-4.725 2.075 1.1853e-01
-4.725 2.125 1.8614e-02
-4.725 2.175 4.6904e-02
-4.725 2.225 1.9043e-01
-4.725 2.275 4.6160e-01
-4.725 2.325 1.0053e+00
-4.725 2.375 2.2851e+01
-4.725 2.425 1.2311e-01
-4.725 2.475 2.3207e+00
-4.725 2.525 3.5605e-01
-4.725 2.575 1.3720e+00
-4.725 2.625 5.9915e+00
-4.725 2.675 1.6190e+00
-4.725 2.725 1.7077e+02
-4.725 2.775 4.0423e+00
-4.725 2.825 2.7383e+01
-4.725 2.875 3.5502e+01
-4.725 2.925 1.0851e+02
-4.725 2.975 3.1385e+02
-4.725 3.025 3.5818e+01
-4.725 3.075 3.2298e+01
-4.725 3.125 8.3185e+02
-4.725 3.175 3.9611e+02
-4.725 3.225 1.8376e+03
-4.725 3.275 2.2664e+02
-4.725 3.325 2.1877e+03
-4.725 3.375 3.9821e+03
-4.725 3.425 1.1831e+03
-4.725 3.475 1.0404e+04
-4.725 3.525 2.5575e+04
-4.725 3.575 2.4339e+04
-4.725 3.625 6.4958e+03
-4.725 3.675 1.4580e+04
-4.725 3.725 6.9867e+04
-4.725 3.775 3.8218e+04
-4.725 3.825 0.0000e+00
-4.725 3.875 0.0000e+00
-4.725 3.925 0.0000e+00
-4.725 3.975 0.0000e+00
-4.675 0.025 0.0000e+00
-4.675 0.075 0.0000e+00
-4.675 0.125 0.0000e+00
-4.675 0.175 0.0000e+00
-4.675 0.225 0.0000e+00
-4.675 0.275 0.0000e+00
-4.675 0.325 0.0000e+00
-4.675 0.375 0.0000e+00
-4.675 0.425 0.0000e+00
-4.675 0.475 0.0000e+00
-4.675 0.525 0.0000e+00
-4.675 0.575 0.0000e+00
-4.675 0.625 0.0000e+00
-4.675 0.675 0.0000e+00
-4.675 0.725 0.0000e+00
-4.675 0.775 0.0000e+00
-4.675 0.825 0.0000e+00
-4.675 0.875 0.0000e+00
-4.675 0.925 0.0000e+00
-4.675 0.975 0.0000e+00
-4.675 1.025 0.0000e+00
-4.675 1.075 0.0000e+00
-4.675 1.125 0.0000e+00
-4.675 1.175 0.0000e+00
-4.675 1.225 0.0000e+00
-4.675 1.275 0.0000e+00
-4.675 1.325 0.0000e+00
-4.675 1.375 0.0000e+00
-4.675 1.425 0.0000e+00
-4.675 1.475 0.0000e+00
-4.675 1.525 0.0000e+00
-4.675 1.575 0.0000e+00
-4.675 1.625 0.0000e+00
-4.675 1.675 0.0000e+00
-4.675 1.725 0.0000e+00
-4.675 1.775 0.0000e+00
-4.675 1.825 0.0000e+00
-4.675 1.875 0.0000e+00
-4.675 1.925 0.0000e+00
-4.675 1.975 0.0000e+00
-4.675 2.025 7.2446e-03
-4.675 2.075 3.4764e-02
-4.675 2.125 1.1777e-01
-4.675 2.175 1.4126e-01
-4.675 2.225 1.4940e-02
-4.675 2.275 8.5964e-02
-4.675 2.325 9.5733e-02
-4.675 2.375 2.3465e-01
-4.675 2.425 1.5589e-01
-4.675 2.475 1.8562e-01
-4.675 2.525 8.2829e+00
-4.675 2.575 1.1420e+01
-4.675 2.625 6.6076e-01
-4.675 2.675 2.4857e+00
-4.675 2.725 1.7662e+01
-4.675 2.775 2.3048e+01
-4.675 2.825 4.4690e+00
-4.675 2.875 3.3136e+01
-4.675 2.925 5.3682e+01
-4.675 2.975 1.8783e+02
-4.675 3.025 9.9343e+01
-4.675 3.075 6.4763e+02
-4.675 3.125 4.4110e+02
-4.675 3.175 5.5923e+02
-4.675 3.225 2.9169e+02
-4.675 3.275 2.3237e+03
-4.675 3.325 4.7634e+03
-4.675 3.375 8.4596e+02
-4.675 3.425 5.4889e+03
-4.675 3.475 4.8440e+03
-4.675 3.525 3.0387e+04
-4.675 3.575 7.8228e+03
-4.675 3.625 4.6492e+04
-4.675 3.675 2.7326e+04
-4.675 3.725 4.6338e+04
-4.675 3.775 1.8107e+04
-4.675 3.825 0.0000e+00
-4.675 3.875 0.0000e+00
-4.675 3.925 0.0000e+00
-4.675 3.975 0.0000e+00
-4.625 0.025 0.0000e+00
-4.625 0.075 0.0000e+00
-4.625 0.125 0.0000e+00
-4.625 0.175 0.0000e+00
-4.625 0.225 0.0000e+00
-4.625 0.275 0.0000e+00
-4.625 0.325 0.0000e+00
-4.625 0.375 0.0000e+00
-4.625 0.425 0.0000e+00
-4.625 0.475 0.0000e+00
-4.625 0.525 0.0000e+00
-4.625 0.575 0.0000e+00
-4.625 0.625 0.0000e+00
-4.625 0.675 0.0000e+00
-4.625 0.725 0.0000e+00
-4.625 0.775 0.0000e+00
-4.625 0.825 0.0000e+00
-4.625 0.875 0.0000e+00
-4.625 0.925 0.0000e+00
-4.625 0.975 0.0000e+00
-4.625 1.025 0.0000e+00
-4.625 1.075 0.0000e+00
-4.625 1.125 0.0000e+00
-4.625 1.175 0.0000e+00
-4.625 1.225 0.0000e+00
-4.625 1.275 0.0000e+00
-4.625 1.325 0.0000e+00
-4.625 1.375 0.0000e+00
-4.625 1.425 0.0000e+00
-4.625 1.475 0.0000e+00
-4.625 1.525 0.0000e+00
-4.625 1.575 0.0000e+00
-4.625 1.625 0.0000e+00
-4.625 1.675 0.0000e+00
-4.625 1.725 0.0000e+00
-4.625 1.775 0.0000e+00
-4.625 1.825 0.0000e+00
-4.625 1.875 0.0000e+00
-4.625 1.925 0.0000e+00
-4.625 1.975 0.0000e+00
-4.625 2.025 9.9909e-02
-4.625 2.075 6.3340e-03
-4.625 2.125 1.3213e-02
-4.625 2.175 1.6199e-02
-4.625 2.225 3.6620e-02
-4.625 2.275 9.2084e-01
-4.625 2.325 3.1256e+00
-4.625 2.375 2.9973e+00
-4.625 2.425 5.4778e+01
-4.625 2.475 2.0319e+00
-4.625 2.525 8.8736e-01
-4.625 2.575 7.6092e+01
-4.625 2.625 2.4246e+00
-4.625 2.675 7.5121e+00
-4.625 2.725 2.0869e+00
-4.625 2.775 7.8243e+00
-4.625 2.825 4.6809e+01
-4.625 2.875 2.9019e+01
-4.625 2.925 1.3240e+02
-4.625 2.975 9.0909e+01
-4.625 3.025 7.7090e+02
-4.625 3.075 1.0083e+03
-4.625 3.125 6.5073e+02
-4.625 3.175 3.0146e+03
-4.625 3.225 7.7619e+02
-4.625 3.275 2.1948e+03
-4.625 3.325 4.0928e+03
-4.625 3.375 2.6134e+03
-4.625 3.425 9.5971e+03
-4.625 3.475 1.7985e+04
-4.625 3.525 2.1405e+04
-4.625 3.575 3.3923e+04
-4.625 3.625 2.9029e+04
-4.625 3.675 8.1750e+03
-4.625 3.725 1.6989e+04
-4.625 3.775 4.4382e+04
-4.625 3.825 0.0000e+00
-4.625 3.875 0.0000e+00
-4.625 3.925 0.0000e+00
-4.625 3.975 0.0000e+00
-4.575 0.025 0.0000e+00
-4.575 0.075 0.0000e+00
-4.575 0.125 0.0000e+00
-4.575 0.175 0.0000e+00
-4.575 0.225 0.0000e+00
-4.575 0.275 0.0000e+00
-4.575 0.325 0.0000e+00
-4.575 0.375 0.0000e+00
-4.575 0.425 0.0000e+00
-4.575 0.475 0.0000e+00
-4.575 0.525 0.0000e+00
-4.575 0.575 0.0000e+00
-4.575 0.625 0.0000e+00
-4.575 0.675 0.0000e+00
-4.575 0.725 0.0000e+00
-4.575 0.775 0.0000e+00
-4.575 0.825 0.0000e+00
-4.575 0.875 0.0000e+00
-4.575 0.925 0.0000e+00
-4.575 0.975 0.0000e+00
-4.575 1.025 0.0000e+00
-4.575 1.075 0.0000e+00
-4.575 1.125 0.0000e+00
-4.575 1.175 0.0000e+00
-4.575 1.225 0.0000e+00
-4.575 1.275 0.0000e+00
-4.575 1.325 0.0000e+00
-4.575 1.375 0.0000e+00
-4.575 1.425 0.0000e+00
-4.575 1.475 0.0000e+00
-4.575 1.525 0.0000e+00
-4.575 1.575 0.0000e+00
-4.575 1.625 0.0000e+00
-4.575 1.675 0.0000e+00
-4.575 1.725 0.0000e+00
-4.575 1.775 0.0000e+00
-4.575 1.825 0.0000e+00
-4.575 1.875 0.0000e+00
-4.575 1.925 0.0000e+00
-4.575 1.975 0.0000e+00
-4.575 2.025 4.2591e-01
-4.575 2.075 1.4998e+00
-4.575 2.125 8.7580e-01
-4.575 2.175 1.8468e-02
-4.575 2.225 6.9414e+01
-4.575 2.275 1.6266e+00
-4.575 2.325 3.2288e+00
-4.575 2.375 2.3479e+00
-4.575 2.425 8.8651e-01
-4.575 2.475 4.7894e+00
-4.575 2.525 1.7018e+00
-4.575 2.575 1.2580e+01
-4.575 2.625 3.0104e+02
-4.575 2.675 4.6712e+01
-4.575 2.725 1.4019e+01
-4.575 2.775 2.0671e+01
-4.575 2.825 1.4571e+02
-4.575 2.875 8.3176e+01
-4.575 2.925 1.0058e+02
-4.575 2.975 6.7607e+01
-4.575 3.025 9.0603e+02
-4.575 3.075 1.0075e+03
-4.575 3.125 1.7742e+03
-4.575 3.175 7.8609e+02
-4.575 3.225 9.2146e+02
-4.575 3.275 5.0010e+03
-4.575 3.325 3.4492e+03
-4.575 3.375 1.4761e+04
-4.575 3.425 6.3336e+03
-4.575 3.475 1.3951e+04
-4.575 3.525 3.9841e+04
-4.575 3.575 3.6768e+04
-4.575 3.625 4.0005e+04
-4.575 3.675 4.1038e+04
-4.575 3.725 7.0502e+04
-4.575 3.775 1.4835e+05
-4.575 3.825 0.0000e+00
-4.575 3.875 0.0000e+00
-4.575 3.925 0.0000e+00
-4.575 3.975 0.0000e+00
-4.525 0.025 0.0000e+00
-4.525 0.075 0.0000e+00
-4.525 0.125 0.0000e+00
-4.525 0.175 0.0000e+00
-4.525 0.225 0.0000e+00
-4.525 0.275 0.0000e+00
-4.525 0.325 0.0000e+00
-4.525 0.375 0.0000e+00
-4.525 0.425 0.0000e+00
-4.525 0.475 0.0000e+00
-4.525 0.525 0.0000e+00
-4.525 0.575 0.0000e+00
-4.525 0.625 0.0000e+00
-4.525 0.675 0.0000e+00
-4.525 0.725 0.0000e+00
-4.525 0.775 0.0000e+00
-4.525 0.825 0.0000e+00
-4.525 0.875 0.0000e+00
-4.525 0.925 0.0000e+00
-4.525 0.975 0.0000e+00
-4.525 1.025 0.0000e+00
-4.525 1.075 0.0000e+00
-4.525 1.125 0.0000e+00
-4.525 1.175 0.0000e+00
-4.525 1.225 0.0000e+00
-4.525 1.275 0.0000e+00
-4.525 1.325 0.0000e+00
-4.525 1.375 0.0000e+00
-4.525 1.425 0.0000e+00
-4.525 1.475 0.0000e+00
-4.525 1.525 0.0000e+00
-4.525 1.575 0.0000e+00
-4.525 1.625 0.0000e+00
-4.525 1.675 0.0000e+00
-4.525 1.725 0.0000e+00
-4.525 1.775 0.0000e+00
-4.525 1.825 0.0000e+00
-4.525 1.875 0.0000e+00
-4.525 1.925 0.0000e+00
-4.525 1.975 0.0000e+00
-4.525 2.025 7.6219e-02
-4.525 2.075 3.6032e-02
-4.525 2.125 5.9403e-01
-4.525 2.175 3.7156e+00
-4.525 2.225 8.0366e-02
-4.525 2.275 1.7575e-01
-4.525 2.325 7.5956e-01
-4.525 2.375 7.3906e-01
-4.525 2.425 2.3432e+00
-4.525 2.475 9.3243e+00
-4.525 2.525 5.4215e+00
-4.525 2.575 1.3467e+01
-4.525 2.625 3.4664e+00
-4.525 2.675 1.2633e+01
-4.525 2.725 3.9743e+01
-4.525 2.775 1.8409e+02
-4.525 2.825 4.7520e+02
-4.525 2.875 1.0768e+02
-4.525 2.925 5.3008e+01
-4.525 2.975 5.4094e+03
-4.525 3.025 2.9173e+02
-4.525 3.075 8.0365e+03
-4.525 3.125 3.9027e+03
-4.525 3.175 3.1603e+03
-4.525 3.225 4.3996e+03
-4.525 3.275 5.6383e+03
-4.525 3.325 1.7670e+04
-4.525 3.375 3.2218e+03
-4.525 3.425 9.4614e+03
-4.525 3.475 3.9284e+04
-4.525 3.525 1.5352e+04
-4.525 3.575 2.1570e+04
-4.525 3.625 5.2026e+04
-4.525 3.675 6.9273e+04
-4.525 3.725 1.4008e+05
-4.525 3.775 1.2215e+05
-4.525 3.825 0.0000e+00
-4.525 3.875 0.0000e+00
-4.525 3.925 0.0000e+00
-4.525 3.975 0.0000e+00
-4.475 0.025 0.0000e+00
-4.475 0.075 0.0000e+00
-4.475 0.125 0.0000e+00
-4.475 0.175 0.0000e+00
-4.475 0.225 0.0000e+00
-4.475 0.275 0.0000e+00
-4.475 0.325 0.0000e+00
-4.475 0.375 0.0000e+00
-4.475 0.425 0.0000e+00
-4.475 0.475 0.0000e+00
-4.475 0.525 0.0000e+00
-4.475 0.575 0.0000e+00
-4.475 0.625 0.0000e+00
-4.475 0.675 0.0000e+00
-4.475 0.725 0.0000e+00
-4.475 0.775 0.0000e+00
-4.475 0.825 0.0000e+00
-4.475 0.875 0.0000e+00
-4.475 0.925 0.0000e+00
-4.475 0.975 0.0000e+00
-4.475 1.025 0.0000e+00
-4.475 1.075 0.0000e+00
-4.475 1.125 0.0000e+00
-4.475 1.175 0.0000e+00
-4.475 1.225 0.0000e+00
-4.475 1.275 0.0000e+00
-4.475 1.325 0.0000e+00
-4.475 1.375 0.0000e+00
-4.475 1.425 0.0000e+00
-4.475 1.475 0.0000e+00
-4.475 1.525 0.0000e+00
-4.475 1.575 0.0000e+00
-4.475 1.625 0.0000e+00
-4.475 1.675 0.0000e+00
-4.475 1.725 0.0000e+00
-4.475 1.775 0.0000e+00
-4.475 1.825 0.0000e+00
-4.475 1.875 0.0000e+00
-4.475 1.925 0.0000e+00
-4.475 1.975 0.0000e+00
-4.475 2.025 1.2864e+00
-4.475 2.075 3.7438e-02
-4.475 2.125 1.4915e-01
-4.475 2.175 2.4240e-01
-4.475 2.225 1.0392e-01
-4.475 2.275 2.5129e-01
-4.475 2.325 1.3144e-01
-4.475 2.375 7.2008e-01
-4.475 2.425 7.2970e+00
-4.475 2.475 4.7872e+00
-4.475 2.525 2.9027e+00
-4.475 2.575 9.2131e+00
-4.475 2.625 2.8223e+01
-4.475 2.675 3.2090e+01
-4.475 2.725 1.7693e+02
-4.475 2.775 6.7017e+01
-4.475 2.825 2.1107e+01
-4.475 2.875 5.3433e+02
-4.475 2.925 1.0560e+02
-4.475 2.975 3.6938e+02
-4.475 3.025 5.3799e+02
-4.475 3.075 4.4780e+02
-4.475 3.125 1.1344e+03
-4.475 3.175 2.8145e+03
-4.475 3.225 6.5880e+02
-4.475 3.275 3.1828e+03
-4.475 3.325 4.2651e+03
-4.475 3.375 1.6691e+04
-4.475 3.425 3.3235e+04
-4.475 3.475 6.0496e+03
-4.475 3.525 4.6264e+04
-4.475 3.575 6.1126e+04
-4.475 3.625 4.3169e+04
-4.475 3.675 1.0020e+05
-4.475 3.725 1.1478e+05
-4.475 3.775 9.0137e+04
-4.475 3.825 0.0000e+00
-4.475 3.875 0.0000e+00
-4.475 3.925 0.0000e+00
-4.475 3.975 0.0000e+00
-4.425 0.025 0.0000e+00
-4.425 0.075 0.0000e+00
-4.425 0.125 0.0000e+00
-4.425 0.175 0.0000e+00
-4.425 0.225 0.0000e+00
-4.425 0.275 0.0000e+00
-4.425 0.325 0.0000e+00
-4.425 0.375 0.0000e+00
-4.425 0.425 0.0000e+00
-4.425 0.475 0.0000e+00
-4.425 0.525 0.0000e+00
-4.425 0.575 0.0000e+00
-4.425 0.625 0.0000e+00
-4.425 0.675 0.0000e+00
-4.425 0.725 0.0000e+00
-4.425 0.775 0.0000e+00
-4.425 0.825 0.0000e+00
-4.425 0.875 0.0000e+00
-4.425 0.925 0.0000e+00
-4.425 0.975 0.0000e+00
-4.425 1.025 0.0000e+00
-4.425 1.075 0.0000e+00
-4.425 1.125 0.0000e+00
-4.425 1.175 0.0000e+00
-4.425 1.225 0.0000e+00
-4.425 1.275 0.0000e+00
-4.425 1.325 0.0000e+00
-4.425 1.375 0.0000e+00
-4.425 1.425 0.0000e+00
-4.425 1.475 0.0000e+00
-4.425 1.525 0.0000e+00
-4.425 1.575 0.0000e+00
-4.425 1.625 0.0000e+00
-4.425 1.675 0.0000e+00
-4.425 1.725 0.0000e+00
-4.425 1.775 0.0000e+00
-4.425 1.825 0.0000e+00
-4.425 1.875 0.0000e+00
-4.425 1.925 0.0000e+00
-4.425 1.975 0.0000e+00
-4.425 2.025 3.4800e-01
-4.425 2.075 3.7418e-02
-4.425 2.125 7.0637e-02
-4.425 2.175 2.3716e-01
-4.425 2.225 6.1419e+00
-4.425 2.275 3.5667e+01
-4.425 2.325 6.2026e-01
-4.425 2.375 3.0269e+00
-4.425 2.425 1.3633e+00
-4.425 2.475 3.3702e+00
-4.425 2.525 1.3903e+01
-4.425 2.575 1.2183e+01
-4.425 2.625 1.4077e+01
-4.425 2.675 1.6751e+03
-4.425 2.725 1.7866e+02
-4.425 2.775 1.7519e+01
-4.425 2.825 1.0839e+02
-4.425 2.875 6.4738e+01
-4.425 2.925 1.6543e+02
-4.425 2.975 3.4077e+02
-4.425 3.025 1.4972e+03
-4.425 3.075 6.8142e+02
-4.425 3.125 1.1267e+04
-4.425 3.175 2.0539e+04
-4.425 3.225 3.2668e+03
-4.425 3.275 1.0568e+04
-4.425 3.325 2.4649e+04
-4.425 3.375 2.9413e+04
-4.425 3.425 3.3767e+04
-4.425 3.475 4.3720e+04
-4.425 3.525 1.9101e+04
-4.425 3.575 3.2568e+04
-4.425 3.625 9.1684e+04
-4.425 3.675 1.5403e+05
-4.425 3.725 1.0405e+05
-4.425 3.775 4.7608e+04
-4.425 3.825 0.0000e+00
-4.425 3.875 0.0000e+00
-4.425 3.925 0.0000e+00
-4.425 3.975 0.0000e+00
-4.375 0.025 0.0000e+00
-4.375 0.075 0.0000e+00
-4.375 0.125 0.0000e+00
-4.375 0.175 0.0000e+00
-4.375 0.225 0.0000e+00
-4.375 0.275 0.0000e+00
-4.375 0.325 0.0000e+00
-4.375 0.375 0.0000e+00
-4.375 0.425 0.0000e+00
-4.375 0.475 0.0000e+00
-4.375 0.525 0.0000e+00
-4.375 0.575 0.0000e+00
-4.375 0.625 0.0000e+00
-4.375 0.675 0.0000e+00
-4.375 0.725 0.0000e+00
-4.375 0.775 0.0000e+00
-4.375 0.825 0.0000e+00
-4.375 0.875 0.0000e+00
-4.375 0.925 0.0000e+00
-4.375 0.975 0.0000e+00
-4.375 1.025 0.0000e+00
-4.375 1.075 0.0000e+00
-4.375 1.125 0.0000e+00
-4.375 1.175 0.0000e+00
-4.375 1.225 0.0000e+00
-4.375 1.275 0.0000e+00
-4.375 1.325 0.0000e+00
-4.375 1.375 0.0000e+00
-4.375 1.425 0.0000e+00
-4.375 1.475 0.0000e+00
-4.375 1.525 0.0000e+00
-4.375 1.575 0.0000e+00
-4.375 1.625 0.0000e+00
-4.375 1.675 0.0000e+00
-4.375 1.725 0.0000e+00
-4.375 1.775 0.0000e+00
-4.375 1.825 0.0000e+00
-4.375 1.875 0.0000e+00
-4.375 1.925 0.0000e+00
-4.375 1.975 0.0000e+00
-4.375 2.025 1.5835e-01
-4.375 2.075 1.3182e-01
-4.375 2.125 4.1891e-01
-4.375 2.175 1.0382e-01
-4.375 2.225 4.1620e-01
-4.375 2.275 3.9744e+00
-4.375 2.325 7.9650e+00
-4.375 2.375 1.7530e+00
-4.375 2.425 2.6068e+01
-4.375 2.475 8.7071e+00
-4.375 2.525 1.1939e+02
-4.375 2.575 4.1985e+00
-4.375 2.625 3.9308e+01
-4.375 2.675 1.1815e+03
-4.375 2.725 7.8082e+01
-4.375 2.775 4.4303e+02
-4.375 2.825 2.1645e+02
-4.375 2.875 1.4630e+02
-4.375 2.925 3.2975e+02
-4.375 2.975 8.7664e+02
-4.375 3.025 1.7396e+03
-4.375 3.075 1.1357e+04
-4.375 3.125 1.0238e+03
-4.375 3.175 9.5076e+03
-4.375 3.225 5.0652e+03
-4.375 3.275 6.1650e+03
-4.375 3.325 1.8469e+04
-4.375 3.375 3.7395e+04
-4.375 3.425 5.1330e+04
-4.375 3.475 4.9549e+04
-4.375 3.525 4.0481e+04
-4.375 3.575 9.3310e+04
-4.375 3.625 7.8110e+04
-4.375 3.675 9.0556e+04
-4.375 3.725 1.6888e+05
-4.375 3.775 3.2771e+05
-4.375 3.825 0.0000e+00
-4.375 3.875 0.0000e+00
-4.375 3.925 0.0000e+00
-4.375 3.975 0.0000e+00
-4.325 0.025 0.0000e+00
-4.325 0.075 0.0000e+00
-4.325 0.125 0.0000e+00
-4.325 0.175 0.0000e+00
-4.325 0.225 0.0000e+00
-4.325 0.275 0.0000e+00
-4.325 0.325 0.0000e+00
-4.325 0.375 0.0000e+00
-4.325 0.425 0.0000e+00
-4.325 0.475 0.0000e+00
-4.325 0.525 0.0000e+00
-4.325 0.575 0.0000e+00
-4.325 0.625 0.0000e+00
-4.325 0.675 0.0000e+00
-4.325 0.725 0.0000e+00
-4.325 0.775 0.0000e+00
-4.325 0.825 0.0000e+00
-4.325 0.875 0.0000e+00
-4.325 0.925 0.0000e+00
-4.325 0.975 0.0000e+00
-4.325 1.025 0.0000e+00
-4.325 1.075 0.0000e+00
-4.325 1.125 0.0000e+00
-4.325 1.175 0.0000e+00
-4.325 1.225 0.0000e+00
-4.325 1.275 0.0000e+00
-4.325 1.325 0.0000e+00
-4.325 1.375 0.0000e+00
-4.325 1.425 0.0000e+00
-4.325 1.475 0.0000e+00
-4.325 1.525 0.0000e+00
-4.325 1.575 0.0000e+00
-4.325 1.625 0.0000e+00
-4.325 1.675 0.0000e+00
-4.325 1.725 0.0000e+00
-4.325 1.775 0.0000e+00
-4.325 1.825 0.0000e+00
-4.325 1.875 0.0000e+00
-4.325 1.925 0.0000e+00
-4.325 1.975 0.0000e+00
-4.325 2.025 8.4386e-02
-4.325 2.075 1.0115e+01
-4.325 2.125 3.6966e-01
-4.325 2.175 7.1775e-01
-4.325 2.225 3.1156e-01
-4.325 2.275 7.8877e+00
-4.325 2.325 5.7161e+01
-4.325 2.375 4.6603e+00
-4.325 2.425 3.9864e+01
-4.325 2.475 2.3267e+00
-4.325 2.525 1.7813e+01
-4.325 2.575 4.4684e+01
-4.325 2.625 1.6553e+03
-4.325 2.675 1.7687e+02
-4.325 2.725 8.9801e+01
-4.325 2.775 1.7138e+02
-4.325 2.825 2.0521e+03
-4.325 2.875 4.4433e+02
-4.325 2.925 1.2228e+03
-4.325 2.975 2.5290e+03
-4.325 3.025 1.4083e+03
-4.325 3.075 2.3854e+03
-4.325 3.125 1.0369e+04
-4.325 3.175 9.5025e+03
-4.325 3.225 1.3713e+04
-4.325 3.275 8.4580e+03
-4.325 3.325 2.2628e+04
-4.325 3.375 1.5838e+04
-4.325 3.425 6.2428e+04
-4.325 3.475 7.5519e+04
-4.325 3.525 8.7368e+04
-4.325 3.575 8.7184e+04
-4.325 3.625 1.1985e+05
-4.325 3.675 1.4739e+05
-4.325 3.725 2.1717e+05
-4.325 3.775 2.3222e+05
-4.325 3.825 0.0000e+00
-4.325 3.875 0.0000e+00
-4.325 3.925 0.0000e+00
-4.325 3.975 0.0000e+00
-4.275 0.025 0.0000e+00
-4.275 0.075 0.0000e+00
-4.275 0.125 0.0000e+00
-4.275 0.175 0.0000e+00
-4.275 0.225 0.0000e+00
-4.275 0.275 0.0000e+00
-4.275 0.325 0.0000e+00
-4.275 0.375 0.0000e+00
-4.275 0.425 0.0000e+00
-4.275 0.475 0.0000e+00
-4.275 0.525 0.0000e+00
-4.275 0.575 0.0000e+00
-4.275 0.625 0.0000e+00
-4.275 0.675 0.0000e+00
-4.275 0.725 0.0000e+00
-4.275 0.775 0.0000e+00
-4.275 0.825 0.0000e+00
-4.275 0.875 0.0000e+00
-4.275 0.925 0.0000e+00
-4.275 0.975 0.0000e+00
-4.275 1.025 0.0000e+00
-4.275 1.075 0.0000e+00
-4.275 1.125 0.0000e+00
-4.275 1.175 0.0000e+00
-4.275 1.225 0.0000e+00
-4.275 1.275 0.0000e+00
-4.275 1.325 0.0000e+00
-4.275 1.375 0.0000e+00
-4.275 1.425 0.0000e+00
-4.275 1.475 0.0000e+00
-4.275 1.525 0.0000e+00
-4.275 1.575 0.0000e+00
-4.275 1.625 0.0000e+00
-4.275 1.675 0.0000e+00
-4.275 1.725 0.0000e+00
-4.275 1.775 0.0000e+00
-4.275 1.825 0.0000e+00
-4.275 1.875 0.0000e+00
-4.275 1.925 0.0000e+00
-4.275 1.975 0.0000e+00
-4.275 2.025 1.0671e-01
-4.275 2.075 5.7869e-01
-4.275 2.125 3.6125e+00
-4.275 2.175 7.7234e+00
-4.275 2.225 1.1182e+01
-4.275 2.275 1.0754e+01
-4.275 2.325 4.0609e+00
-4.275 2.375 3.3851e+00
-4.275 2.425 1.7605e+01
-4.275 2.475 6.8125e+00
-4.275 2.525 8.6291e+00
-4.275 2.575 6.5304e+02
-4.275 2.625 3.2515e+01
-4.275 2.675 1.1101e+02
-4.275 2.725 7.2285e+01
-4.275 2.775 9.0670e+01
-4.275 2.825 4.5321e+02
-4.275 2.875 1.2909e+03
-4.275 2.925 8.3206e+03
-4.275 2.975 2.5098e+04
-4.275 3.025 1.9684e+03
-4.275 3.075 7.0303e+03
-4.275 3.125 3.7358e+03
-4.275 3.175 2.7260e+04
-4.275 3.225 2.6366e+04
-4.275 3.275 2.9108e+04
-4.275 3.325 5.1774e+04
-4.275 3.375 3.0029e+04
-4.275 3.425 6.2869e+04
-4.275 3.475 7.6862e+04
-4.275 3.525 8.3799e+04
-4.275 3.575 8.8128e+04
-4.275 3.625 1.8171e+05
-4.275 3.675 1.5950e+05
-4.275 3.725 1.9359e+05
-4.275 3.775 2.1093e+05
-4.275 3.825 0.0000e+00
-4.275 3.875 0.0000e+00
-4.275 3.925 0.0000e+00
-4.275 3.975 0.0000e+00
-4.225 0.025 0.0000e+00
-4.225 0.075 0.0000e+00
-4.225 0.125 0.0000e+00
-4.225 0.175 0.0000e+00
-4.225 0.225 0.0000e+00
-4.225 0.275 0.0000e+00
-4.225 0.325 0.0000e+00
-4.225 0.375 0.0000e+00
-4.225 0.425 0.0000e+00
-4.225 0.475 0.0000e+00
-4.225 0.525 0.0000e+00
-4.225 0.575 0.0000e+00
-4.225 0.625 0.0000e+00
-4.225 0.675 0.0000e+00
-4.225 0.725 0.0000e+00
-4.225 0.775 0.0000e+00
-4.225 0.825 0.0000e+00
-4.225 0.875 0.0000e+00
-4.225 0.925 0.0000e+00
-4.225 0.975 0.0000e+00
-4.225 1.025 0.0000e+00
-4.225 1.075 0.0000e+00
-4.225 1.125 0.0000e+00
-4.225 1.175 0.0000e+00
-4.225 1.225 0.0000e+00
-4.225 1.275 0.0000e+00
-4.225 1.325 0.0000e+00
-4.225 1.375 0.0000e+00
-4.225 1.425 0.0000e+00
-4.225 1.475 0.0000e+00
-4.225 1.525 0.0000e+00
-4.225 1.575 0.0000e+00
-4.225 1.625 0.0000e+00
-4.225 1.675 0.0000e+00
-4.225 1.725 0.0000e+00
-4.225 1.775 0.0000e+00
-4.225 1.825 0.0000e+00
-4.225 1.875 0.0000e+00
-4.225 1.925 0.0000e+00
-4.225 1.975 0.0000e+00
-4.225 2.025 1.6946e-01
-4.225 2.075 6.7243e-01
-4.225 2.125 5.4145e-01
-4.225 2.175 7.0419e-01
-4.225 2.225 1.1451e+01
-4.225 2.275 2.8386e+01
-4.225 2.325 3.7168e+01
-4.225 2.375 6.1797e+00
-4.225 2.425 3.7735e+01
-4.225 2.475 1.3641e+02
-4.225 2.525 8.3140e+00
-4.225 2.575 5.6364e+01
-4.225 2.625 8.8851e+01
-4.225 2.675 2.0512e+02
-4.225 2.725 1.7342e+03
-4.225 2.775 9.1757e+02
-4.225 2.825 1.3032e+03
-4.225 2.875 7.0826e+02
-4.225 2.925 3.1535e+03
-4.225 2.975 2.6863e+03
-4.225 3.025 2.2780e+03
-4.225 3.075 1.3812e+04
-4.225 3.125 1.0676e+04
-4.225 3.175 1.4170e+04
-4.225 3.225 2.8309e+04
-4.225 3.275 2.8919e+04
-4.225 3.325 3.1874e+04
-4.225 3.375 5.1126e+04
-4.225 3.425 4.8524e+04
-4.225 3.475 1.0113e+05
-4.225 3.525 1.3974e+05
-4.225 3.575 1.2829e+05
-4.225 3.625 2.1488e+05
-4.225 3.675 2.0580e+05
-4.225 3.725 3.0644e+05
-4.225 3.775 5.2723e+05
-4.225 3.825 0.0000e+00
-4.225 3.875 0.0000e+00
-4.225 3.925 0.0000e+00
-4.225 3.975 0.0000e+00
-4.175 0.025 0.0000e+00
-4.175 0.075 0.0000e+00
-4.175 0.125 0.0000e+00
-4.175 0.175 0.0000e+00
-4.175 0.225 0.0000e+00
-4.175 0.275 0.0000e+00
-4.175 0.325 0.0000e+00
-4.175 0.375 0.0000e+00
-4.175 0.425 0.0000e+00
-4.175 0.475 0.0000e+00
-4.175 0.525 0.0000e+00
-4.175 0.575 0.0000e+00
-4.175 0.625 0.0000e+00
-4.175 0.675 0.0000e+00
-4.175 0.725 0.0000e+00
-4.175 0.775 0.0000e+00
-4.175 0.825 0.0000e+00
-4.175 0.875 0.0000e+00
-4.175 0.925 0.0000e+00
-4.175 0.975 0.0000e+00
-4.175 1.025 0.0000e+00
-4.175 1.075 0.0000e+00
-4.175 1.125 0.0000e+00
-4.175 1.175 0.0000e+00
-4.175 1.225 0.0000e+00
-4.175 1.275 0.0000e+00
-4.175 1.325 0.0000e+00
-4.175 1.375 0.0000e+00
-4.175 1.425 0.0000e+00
-4.175 1.475 0.0000e+00
-4.175 1.525 0.0000e+00
-4.175 1.575 0.0000e+00
-4.175 1.625 0.0000e+00
-4.175 1.675 0.0000e+00
-4.175 1.725 0.0000e+00
-4.175 1.775 0.0000e+00
-4.175 1.825 0.0000e+00
-4.175 1.875 0.0000e+00
-4.175 1.925 0.0000e+00
-4.175 1.975 0.0000e+00
-4.175 2.025 3.4533e-01
-4.175 2.075 6.6794e-01
-4.175 2.125 3.4312e+00
-4.175 2.175 1.5450e+00
-4.175 2.225 3.3044e+00
-4.175 2.275 3.2751e+00
-4.175 2.325 4.9541e+00
-4.175 2.375 5.2688e+01
-4.175 2.425 1.0786e+01
-4.175 2.475 1.4368e+02
-4.175 2.525 4.6646e+01
-4.175 2.575 4.6315e+01
-4.175 2.625 1.4068e+02
-4.175 2.675 5.6028e+02
-4.175 2.725 6.6722e+01
-4.175 2.775 4.7055e+02
-4.175 2.825 1.3029e+03
-4.175 2.875 3.8881e+03
-4.175 2.925 1.4164e+03
-4.175 2.975 5.9182e+03
-4.175 3.025 1.8135e+03
-4.175 3.075 1.6544e+04
-4.175 3.125 1.9703e+04
-4.175 3.175 2.5027e+04
-4.175 3.225 1.7845e+04
-4.175 3.275 1.9813e+04
-4.175 3.325 4.6972e+04
-4.175 3.375 5.6991e+04
-4.175 3.425 6.4554e+04
-4.175 3.475 1.2077e+05
-4.175 3.525 1.5847e+05
-4.175 3.575 1.8601e+05
-4.175 3.625 2.5074e+05
-4.175 3.675 2.3313e+05
-4.175 3.725 4.6210e+05
-4.175 3.775 4.9839e+05
-4.175 3.825 0.0000e+00
-4.175 3.875 0.0000e+00
-4.175 3.925 0.0000e+00
-4.175 3.975 0.0000e+00
-4.125 0.025 0.0000e+00
-4.125 0.075 0.0000e+00
-4.125 0.125 0.0000e+00
-4.125 0.175 0.0000e+00
-4.125 0.225 0.0000e+00
-4.125 0.275 0.0000e+00
-4.125 0.325 0.0000e+00
-4.125 0.375 0.0000e+00
-4.125 0.425 0.0000e+00
-4.125 0.475 0.0000e+00
-4.125 0.525 0.0000e+00
-4.125 0.575 0.0000e+00
-4.125 0.625 0.0000e+00
-4.125 0.675 0.0000e+00
-4.125 0.725 0.0000e+00
-4.125 0.775 0.0000e+00
-4.125 0.825 0.0000e+00
-4.125 0.875 0.0000e+00
-4.125 0.925 0.0000e+00
-4.125 0.975 0.0000e+00
-4.125 1.025 0.0000e+00
-4.125 1.075 0.0000e+00
-4.125 1.125 0.0000e+00
-4.125 1.175 0.0000e+00
-4.125 1.225 0.0000e+00
-4.125 1.275 0.0000e+00
-4.125 1.325 0.0000e+00
-4.125 1.375 0.0000e+00
-4.125 1.425 0.0000e+00
-4.125 1.475 0.0000e+00
-4.125 1.525 0.0000e+00
-4.125 1.575 0.0000e+00
-4.125 1.625 0.0000e+00
-4.125 1.675 0.0000e+00
-4.125 1.725 0.0000e+00
-4.125 1.775 0.0000e+00
-4.125 1.825 0.0000e+00
-4.125 1.875 0.0000e+00
-4.125 1.925 0.0000e+00
-4.125 1.975 0.0000e+00
-4.125 2.025 5.6325e-01
-4.125 2.075 2.5045e-01
-4.125 2.125 3.1359e+00
-4.125 2.175 2.0566e+01
-4.125 2.225 1.5917e+01
-4.125 2.275 3.7596e+00
-4.125 2.325 8.6550e+01
-4.125 2.375 6.7080e+00
-4.125 2.425 4.7271e+01
-4.125 2.475 7.7218e+02
-4.125 2.525 2.1225e+02
-4.125 2.575 3.6705e+02
-4.125 2.625 4.6364e+02
-4.125 2.675 7.3202e+02
-4.125 2.725 2.2100e+03
-4.125 2.775 3.4582e+02
-4.125 2.825 1.1135e+03
-4.125 2.875 1.4701e+03
-4.125 2.925 1.9951e+04
-4.125 2.975 2.2465e+04
-4.125 3.025 1.4953e+04
-4.125 3.075 5.0844e+03
-4.125 3.125 2.5489e+04
-4.125 3.175 1.7328e+04
-4.125 3.225 4.9252e+04
-4.125 3.275 8.6045e+04
-4.125 3.325 6.2142e+04
-4.125 3.375 4.3303e+04
-4.125 3.425 1.0944e+05
-4.125 3.475 1.6247e+05
-4.125 3.525 1.4296e+05
-4.125 3.575 2.1250e+05
-4.125 3.625 3.1669e+05
-4.125 3.675 3.8907e+05
-4.125 3.725 4.8724e+05
-4.125 3.775 5.9637e+05
-4.125 3.825 0.0000e+00
-4.125 3.875 0.0000e+00
-4.125 3.925 0.0000e+00
-4.125 3.975 0.0000e+00
-4.075 0.025 0.0000e+00
-4.075 0.075 0.0000e+00
-4.075 0.125 0.0000e+00
-4.075 0.175 0.0000e+00
-4.075 0.225 0.0000e+00
-4.075 0.275 0.0000e+00
-4.075 0.325 0.0000e+00
-4.075 0.375 0.0000e+00
-4.075 0.425 0.0000e+00
-4.075 0.475 0.0000e+00
-4.075 0.525 0.0000e+00
-4.075 0.575 0.0000e+00
-4.075 0.625 0.0000e+00
-4.075 0.675 0.0000e+00
-4.075 0.725 0.0000e+00
-4.075 0.775 0.0000e+00
-4.075 0.825 0.0000e+00
-4.075 0.875 0.0000e+00
-4.075 0.925 0.0000e+00
-4.075 0.975 0.0000e+00
-4.075 1.025 0.0000e+00
-4.075 1.075 0.0000e+00
-4.075 1.125 0.0000e+00
-4.075 1.175 0.0000e+00
-4.075 1.225 0.0000e+00
-4.075 1.275 0.0000e+00
-4.075 1.325 0.0000e+00
-4.075 1.375 0.0000e+00
-4.075 1.425 0.0000e+00
-4.075 1.475 0.0000e+00
-4.075 1.525 0.0000e+00
-4.075 1.575 0.0000e+00
-4.075 1.625 0.0000e+00
-4.075 1.675 0.0000e+00
-4.075 1.725 0.0000e+00
-4.075 1.775 0.0000e+00
-4.075 1.825 0.0000e+00
-4.075 1.875 0.0000e+00
-4.075 1.925 0.0000e+00
-4.075 1.975 0.0000e+00
-4.075 2.025 4.9582e+00
-4.075 2.075 4.7110e+00
-4.075 2.125 1.4548e+00
-4.075 2.175 1.5310e+00
-4.075 2.225 8.5302e+00
-4.075 2.275 2.2450e+01
-4.075 2.325 3.7418e+01
-4.075 2.375 3.3100e+01
-4.075 2.425 9.1034e+01
-4.075 2.475 1.4514e+02
-4.075 2.525 1.7978e+03
-4.075 2.575 6.8850e+02
-4.075 2.625 8.0797e+02
-4.075 2.675 1.6110e+03
-4.075 2.725 2.8136e+03
-4.075 2.775 3.5739e+03
-4.075 2.825 1.2212e+03
-4.075 2.875 1.4730e+04
-4.075 2.925 9.0676e+03
-4.075 2.975 9.0171e+03
-4.075 3.025 8.0760e+03
-4.075 3.075 2.8643e+04
-4.075 3.125 2.1379e+04
-4.075 3.175 4.9311e+04
-4.075 3.225 4.3235e+04
-4.075 3.275 5.3899e+04
-4.075 3.325 9.7546e+04
-4.075 3.375 1.2644e+05
-4.075 3.425 1.5613e+05
-4.075 3.475 1.6620e+05
-4.075 3.525 2.1162e+05
-4.075 3.575 3.0561e+05
-4.075 3.625 4.0047e+05
-4.075 3.675 4.6038e+05
-4.075 3.725 3.6911e+05
-4.075 3.775 7.3971e+05
-4.075 3.825 0.0000e+00
-4.075 3.875 0.0000e+00
-4.075 3.925 0.0000e+00
-4.075 3.975 0.0000e+00
-4.025 0.025 0.0000e+00
-4.025 0.075 0.0000e+00
-4.025 0.125 0.0000e+00
-4.025 0.175 0.0000e+00
-4.025 0.225 0.0000e+00
-4.025 0.275 0.0000e+00
-4.025 0.325 0.0000e+00
-4.025 0.375 0.0000e+00
-4.025 0.425 0.0000e+00
-4.025 0.475 0.0000e+00
-4.025 0.525 0.0000e+00
-4.025 0.575 0.0000e+00
-4.025 0.625 0.0000e+00
-4.025 0.675 0.0000e+00
-4.025 0.725 0.0000e+00
-4.025 0.775 0.0000e+00
-4.025 0.825 0.0000e+00
-4.025 0.875 0.0000e+00
-4.025 0.925 0.0000e+00
-4.025 0.975 0.0000e+00
-4.025 1.025 0.0000e+00
-4.025 1.075 0.0000e+00
-4.025 1.125 0.0000e+00
-4.025 1.175 0.0000e+00
-4.025 1.225 0.0000e+00
-4.025 1.275 0.0000e+00
-4.025 1.325 0.0000e+00
-4.025 1.375 0.0000e+00
-4.025 1.425 0.0000e+00
-4.025 1.475 0.0000e+00
-4.025 1.525 0.0000e+00
-4.025 1.575 0.0000e+00
-4.025 1.625 0.0000e+00
-4.025 1.675 0.0000e+00
-4.025 1.725 0.0000e+00
-4.025 1.775 0.0000e+00
-4.025 1.825 0.0000e+00
-4.025 1.875 0.0000e+00
-4.025 1.925 0.0000e+00
-4.025 1.975 0.0000e+00
-4.025 2.025 1.0290e+00
-4.025 2.075 2.3848e+00
-4.025 2.125 3.5315e+00
-4.025 2.175 1.9036e+01
-4.025 2.225 2.0853e+01
-4.025 2.275 1.1865e+02
-4.025 2.325 2.4814e+02
-4.025 2.375 6.6768e+01
-4.025 2.425 5.8679e+01
-4.025 2.475 4.8425e+01
-4.025 2.525 6.6297e+02
-4.025 2.575 2.9268e+02
-4.025 2.625 2.6538e+02
-4.025 2.675 1.3552e+03
-4.025 2.725 1.4157e+03
-4.025 2.775 6.9663e+02
-4.025 2.825 1.7873e+03
-4.025 2.875 1.3969e+04
-4.025 2.925 5.7782e+03
-4.025 2.975 4.5465e+03
-4.025 3.025 9.0470e+03
-4.025 3.075 1.4987e+04
-4.025 3.125 5.7644e+04
-4.025 3.175 5.4346e+04
-4.025 3.225 4.6377e+04
-4.025 3.275 6.6583e+04
-4.025 3.325 9.0667e+04
-4.025 3.375 1.5170e+05
-4.025 3.425 2.0944e+05
-4.025 3.475 2.4704e+05
-4.025 3.525 4.0704e+05
-4.025 3.575 3.7724e+05
-4.025 3.625 4.4168e+05
-4.025 3.675 6.5062e+05
-4.025 3.725 7.6931e+05
-4.025 3.775 8.8184e+05
-4.025 3.825 0.0000e+00
-4.025 3.875 0.0000e+00
-4.025 3.925 0.0000e+00
-4.025 3.975 0.0000e+00
-3.975 0.025 0.0000e+00
-3.975 0.075 0.0000e+00
-3.975 0.125 0.0000e+00
-3.975 0.175 0.0000e+00
-3.975 0.225 0.0000e+00
-3.975 0.275 0.0000e+00
-3.975 0.325 0.0000e+00
-3.975 0.375 0.0000e+00
-3.975 0.425 0.0000e+00
-3.975 0.475 0.0000e+00
-3.975 0.525 0.0000e+00
-3.975 0.575 0.0000e+00
-3.975 0.625 0.0000e+00
-3.975 0.675 0.0000e+00
-3.975 0.725 0.0000e+00
-3.975 0.775 0.0000e+00
-3.975 0.825 0.0000e+00
-3.975 0.875 0.0000e+00
-3.975 0.925 0.0000e+00
-3.975 0.975 0.0000e+00
-3.975 1.025 0.0000e+00
-3.975 1.075 0.0000e+00
-3.975 1.125 0.0000e+00
-3.975 1.175 0.0000e+00
-3.975 1.225 0.0000e+00
-3.975 1.275 0.0000e+00
-3.975 1.325 0.0000e+00
-3.975 1.375 0.0000e+00
-3.975 1.425 0.0000e+00
-3.975 1.475 0.0000e+00
-3.975 1.525 0.0000e+00
-3.975 1.575 0.0000e+00
-3.975 1.625 0.0000e+00
-3.975 1.675 0.0000e+00
-3.975 1.725 0.0000e+00
-3.975 1.775 0.0000e+00
-3.975 1.825 0.0000e+00
-3.975 1.875 0.0000e+00
-3.975 1.925 0.0000e+00
-3.975 1.975 0.0000e+00
-3.975 2.025 5.0248e+00
-3.975 2.075 4.7770e+00
-3.975 2.125 2.0621e+01
-3.975 2.175 9.4172e+00
-3.975 2.225 2.9927e+00
-3.975 2.275 9.4959e+00
-3.975 2.325 1.5426e+01
-3.975 2.375 2.2658e+02
-3.975 2.425 7.4663e+02
-3.975 2.475 6.5333e+01
-3.975 2.525 5.9145e+02
-3.975 2.575 8.6018e+02
-3.975 2.625 3.5182e+02
-3.975 2.675 6.0901e+03
-3.975 2.725 1.1341e+03
-3.975 2.775 5.9341e+02
-3.975 2.825 3.1110e+03
-3.975 2.875 3.8700e+03
-3.975 2.925 1.9566e+04
-3.975 2.975 1.6470e+04
-3.975 3.025 5.2949e+04
-3.975 3.075 3.2683e+04
-3.975 3.125 4.1277e+04
-3.975 3.175 3.5095e+04
-3.975 3.225 7.5447e+04
-3.975 3.275 1.0545e+05
-3.975 3.325 9.4623e+04
-3.975 3.375 1.7911e+05
-3.975 3.425 1.7620e+05
-3.975 3.475 2.6416e+05
-3.975 3.525 4.0468e+05
-3.975 3.575 4.5184e+05
-3.975 3.625 5.8909e+05
-3.975 3.675 6.0460e+05
-3.975 3.725 7.3434e+05
-3.975 3.775 1.1977e+06
-3.975 3.825 0.0000e+00
-3.975 3.875 0.0000e+00
-3.975 3.925 0.0000e+00
-3.975 3.975 0.0000e+00
-3.925 0.025 0.0000e+00
-3.925 0.075 0.0000e+00
-3.925 0.125 0.0000e+00
-3.925 0.175 0.0000e+00
-3.925 0.225 0.0000e+00
-3.925 0.275 0.0000e+00
-3.925 0.325 0.0000e+00
-3.925 0.375 0.0000e+00
-3.925 0.425 0.0000e+00
-3.925 0.475 0.0000e+00
-3.925 0.525 0.0000e+00
-3.925 0.575 0.0000e+00
-3.925 0.625 0.0000e+00
-3.925 0.675 0.0000e+00
-3.925 0.725 0.0000e+00
-3.925 0.775 0.0000e+00
-3.925 0.825 0.0000e+00
-3.925 0.875 0.0000e+00
-3.925 0.925 0.0000e+00
-3.925 0.975 0.0000e+00
-3.925 1.025 0.0000e+00
-3.925 1.075 0.0000e+00
-3.925 1.125 0.0000e+00
-3.925 1.175 0.0000e+00
-3.925 1.225 0.0000e+00
-3.925 1.275 0.0000e+00
-3.925 1.325 0.0000e+00
-3.925 1.375 0.0000e+00
-3.925 1.425 0.0000e+00
-3.925 1.475 0.0000e+00
-3.925 1.525 0.0000e+00
-3.925 1.575 0.0000e+00
-3.925 1.625 0.0000e+00
-3.925 1.675 0.0000e+00
-3.925 1.725 0.0000e+00
-3.925 1.775 0.0000e+00
-3.925 1.825 0.0000e+00
-3.925 1.875 0.0000e+00
-3.925 1.925 0.0000e+00
-3.925 1.975 0.0000e+00
-3.925 2.025 3.8493e+00
-3.925 2.075 2.5953e+01
-3.925 2.125 5.8069e+00
-3.925 2.175 6.3057e+00
-3.925 2.225 7.3936e+00
-3.925 2.275 3.4802e+01
-3.925 2.325 8.1441e+01
-3.925 2.375 5.9259e+01
-3.925 2.425 1.0408e+02
-3.925 2.475 1.0786e+02
-3.925 2.525 1.6938e+02
-3.925 2.575 1.5424e+02
-3.925 2.625 2.0579e+03
-3.925 2.675 4.7481e+03
-3.925 2.725 1.6564e+03
-3.925 2.775 2.3077e+03
-3.925 2.825 4.8984e+03
-3.925 2.875 5.1966e+03
-3.925 2.925 2.0931e+04
-3.925 2.975 1.8596e+04
-3.925 3.025 2.5377e+04
-3.925 3.075 2.9095e+04
-3.925 3.125 4.1206e+04
-3.925 3.175 5.6663e+04
-3.925 3.225 6.0174e+04
-3.925 3.275 1.2375e+05
-3.925 3.325 1.2431e+05
-3.925 3.375 2.0387e+05
-3.925 3.425 2.9586e+05
-3.925 3.475 3.4384e+05
-3.925 3.525 4.3772e+05
-3.925 3.575 5.3457e+05
-3.925 3.625 6.8391e+05
-3.925 3.675 8.8205e+05
-3.925 3.725 1.2369e+06
-3.925 3.775 1.4365e+06
-3.925 3.825 0.0000e+00
-3.925 3.875 0.0000e+00
-3.925 3.925 0.0000e+00
-3.925 3.975 0.0000e+00
-3.875 0.025 0.0000e+00
-3.875 0.075 0.0000e+00
-3.875 0.125 0.0000e+00
-3.875 0.175 0.0000e+00
-3.875 0.225 0.0000e+00
-3.875 0.275 0.0000e+00
-3.875 0.325 0.0000e+00
-3.875 0.375 0.0000e+00
-3.875 0.425 0.0000e+00
-3.875 0.475 0.0000e+00
-3.875 0.525 0.0000e+00
-3.875 0.575 0.0000e+00
-3.875 0.625 0.0000e+00
-3.875 0.675 0.0000e+00
-3.875 0.725 0.0000e+00
-3.875 0.775 0.0000e+00
-3.875 0.825 0.0000e+00
-3.875 0.875 0.0000e+00
-3.875 0.925 0.0000e+00
-3.875 0.975 0.0000e+00
-3.875 1.025 0.0000e+00
-3.875 1.075 0.0000e+00
-3.875 1.125 0.0000e+00
-3.875 1.175 0.0000e+00
-3.875 1.225 0.0000e+00
-3.875 1.275 0.0000e+00
-3.875 1.325 0.0000e+00
-3.875 1.375 0.0000e+00
-3.875 1.425 0.0000e+00
-3.875 1.475 0.0000e+00
-3.875 1.525 0.0000e+00
-3.875 1.575 0.0000e+00
-3.875 1.625 0.0000e+00
-3.875 1.675 0.0000e+00
-3.875 1.725 0.0000e+00
-3.875 1.775 0.0000e+00
-3.875 1.825 0.0000e+00
-3.875 1.875 0.0000e+00
-3.875 1.925 0.0000e+00
-3.875 1.975 0.0000e+00
-3.875 2.025 5.1478e+00
-3.875 2.075 2.7068e+00
-3.875 2.125 1.3956e+01
-3.875 2.175 4.8670e+01
-3.875 2.225 3.3367e+01
-3.875 2.275 1.1693e+01
-3.875 2.325 3.9507e+01
-3.875 2.375 1.1648e+02
-3.875 2.425 2.2634e+02
-3.875 2.475 1.5383e+03
-3.875 2.525 3.4640e+02
-3.875 2.575 4.3289e+02
-3.875 2.625 2.3331e+03
-3.875 2.675 8.1406e+02
-3.875 2.725 3.4321e+03
-3.875 2.775 7.9210e+03
-3.875 2.825 1.0301e+04
-3.875 2.875 1.9222e+04
-3.875 2.925 3.0531e+04
-3.875 2.975 2.6197e+04
-3.875 3.025 4.3771e+04
-3.875 3.075 2.2712e+04
-3.875 3.125 5.1021e+04
-3.875 3.175 7.2668e+04
-3.875 3.225 9.1719e+04
-3.875 3.275 1.3908e+05
-3.875 3.325 2.1454e+05
-3.875 3.375 2.8148e+05
-3.875 3.425 2.9041e+05
-3.875 3.475 4.2160e+05
-3.875 3.525 5.1824e+05
-3.875 3.575 6.6884e+05
-3.875 3.625 5.4300e+05
-3.875 3.675 1.0103e+06
-3.875 3.725 1.2078e+06
-3.875 3.775 1.1293e+06
-3.875 3.825 0.0000e+00
-3.875 3.875 0.0000e+00
-3.875 3.925 0.0000e+00
-3.875 3.975 0.0000e+00
-3.825 0.025 0.0000e+00
-3.825 0.075 0.0000e+00
-3.825 0.125 0.0000e+00
-3.825 0.175 0.0000e+00
-3.825 0.225 0.0000e+00
-3.825 0.275 0.0000e+00
-3.825 0.325 0.0000e+00
-3.825 0.375 0.0000e+00
-3.825 0.425 0.0000e+00
-3.825 0.475 0.0000e+00
-3.825 0.525 0.0000e+00
-3.825 0.575 0.0000e+00
-3.825 0.625 0.0000e+00
-3.825 0.675 0.0000e+00
-3.825 0.725 0.0000e+00
-3.825 0.775 0.0000e+00
-3.825 0.825 0.0000e+00
-3.825 0.875 0.0000e+00
-3.825 0.925 0.0000e+00
-3.825 0.975 0.0000e+00
-3.825 1.025 0.0000e+00
-3.825 1.075 0.0000e+00
-3.825 1.125 0.0000e+00
-3.825 1.175 0.0000e+00
-3.825 1.225 0.0000e+00
-3.825 1.275 0.0000e+00
-3.825 1.325 0.0000e+00
-3.825 1.375 0.0000e+00
-3.825 1.425 0.0000e+00
-3.825 1.475 0.0000e+00
-3.825 1.525 0.0000e+00
-3.825 1.575 0.0000e+00
-3.825 1.625 0.0000e+00
-3.825 1.675 0.0000e+00
-3.825 1.725 0.0000e+00
-3.825 1.775 0.0000e+00
-3.825 1.825 0.0000e+00
-3.825 1.875 0.0000e+00
-3.825 1.925 0.0000e+00
-3.825 1.975 0.0000e+00
-3.825 2.025 4.8933e+00
-3.825 2.075 1.4054e+01
-3.825 2.125 1.8976e+01
-3.825 2.175 2.4884e+01
-3.825 2.225 3.8621e+01
-3.825 2.275 7.7283e+01
-3.825 2.325 9.9572e+01
-3.825 2.375 2.7949e+02
-3.825 2.425 1.1819e+03
-3.825 2.475 4.0962e+02
-3.825 2.525 5.5174e+02
-3.825 2.575 7.3437e+02
-3.825 2.625 1.4232e+03
-3.825 2.675 2.8001e+03
-3.825 2.725 6.3955e+03
-3.825 2.775 2.0086e+03
-3.825 2.825 1.2183e+04
-3.825 2.875 1.4224e+04
-3.825 2.925 2.2735e+04
-3.825 2.975 3.3819e+04
-3.825 3.025 6.6150e+04
-3.825 3.075 4.9049e+04
-3.825 3.125 8.5664e+04
-3.825 3.175 1.2509e+05
-3.825 3.225 9.7250e+04
-3.825 3.275 1.7054e+05
-3.825 3.325 2.0322e+05
-3.825 3.375 2.9714e+05
-3.825 3.425 4.3581e+05
-3.825 3.475 4.6316e+05
-3.825 3.525 6.5142e+05
-3.825 3.575 6.9472e+05
-3.825 3.625 9.3581e+05
-3.825 3.675 1.0114e+06
-3.825 3.725 1.1455e+06
-3.825 3.775 1.0745e+06
-3.825 3.825 0.0000e+00
-3.825 3.875 0.0000e+00
-3.825 3.925 0.0000e+00
-3.825 3.975 0.0000e+00
-3.775 0.025 0.0000e+00
-3.775 0.075 0.0000e+00
-3.775 0.125 0.0000e+00
-3.775 0.175 0.0000e+00
-3.775 0.225 0.0000e+00
-3.775 0.275 0.0000e+00
-3.775 0.325 0.0000e+00
-3.775 0.375 0.0000e+00
-3.775 0.425 0.0000e+00
-3.775 0.475 0.0000e+00
-3.775 0.525 0.0000e+00
-3.775 0.575 0.0000e+00
-3.775 0.625 0.0000e+00
-3.775 0.675 0.0000e+00
-3.775 0.725 0.0000e+00
-3.775 0.775 0.0000e+00
-3.775 0.825 0.0000e+00
-3.775 0.875 0.0000e+00
-3.775 0.925 0.0000e+00
-3.775 0.975 0.0000e+00
-3.775 1.025 0.0000e+00
-3.775 1.075 0.0000e+00
-3.775 1.125 0.0000e+00
-3.775 1.175 0.0000e+00
-3.775 1.225 0.0000e+00
-3.775 1.275 0.0000e+00
-3.775 1.325 0.0000e+00
-3.775 1.375 0.0000e+00
-3.775 1.425 0.0000e+00
-3.775 1.475 0.0000e+00
-3.775 1.525 0.0000e+00
-3.775 1.575 0.0000e+00
-3.775 1.625 0.0000e+00
-3.775 1.675 0.0000e+00
-3.775 1.725 0.0000e+00
-3.775 1.775 0.0000e+00
-3.775 1.825 0.0000e+00
-3.775 1.875 0.0000e+00
-3.775 1.925 0.0000e+00
-3.775 1.975 0.0000e+00
-3.775 2.025 7.2605e+00
-3.775 2.075 1.8003e+01
-3.775 2.125 1.3850e+01
-3.775 2.175 1.4105e+01
-3.775 2.225 1.3700e+02
-3.775 2.275 8.4895e+01
-3.775 2.325 1.0877e+02
-3.775 2.375 6.5503e+02
-3.775 2.425 2.0734e+02
-3.775 2.475 8.0193e+02
-3.775 2.525 1.0577e+03
-3.775 2.575 1.7105e+03
-3.775 2.625 2.3199e+03
-3.775 2.675 4.1924e+03
-3.775 2.725 1.0872e+04
-3.775 2.775 4.8644e+03
-3.775 2.825 8.9114e+03
-3.775 2.875 8.0278e+03
-3.775 2.925 4.9207e+04
-3.775 2.975 2.8131e+04
-3.775 3.025 8.2624e+04
-3.775 3.075 6.6752e+04
-3.775 3.125 7.6656e+04
-3.775 3.175 1.0960e+05
-3.775 3.225 1.4546e+05
-3.775 3.275 2.2588e+05
-3.775 3.325 2.9607e+05
-3.775 3.375 3.0346e+05
-3.775 3.425 4.7600e+05
-3.775 3.475 6.7812e+05
-3.775 3.525 7.5693e+05
-3.775 3.575 9.9767e+05
-3.775 3.625 9.0696e+05
-3.775 3.675 1.3736e+06
-3.775 3.725 1.3171e+06
-3.775 3.775 1.2422e+06
-3.775 3.825 0.0000e+00
-3.775 3.875 0.0000e+00
-3.775 3.925 0.0000e+00
-3.775 3.975 0.0000e+00
-3.725 0.025 0.0000e+00
-3.725 0.075 0.0000e+00
-3.725 0.125 0.0000e+00
-3.725 0.175 0.0000e+00
-3.725 0.225 0.0000e+00
-3.725 0.275 0.0000e+00
-3.725 0.325 0.0000e+00
-3.725 0.375 0.0000e+00
-3.725 0.425 0.0000e+00
-3.725 0.475 0.0000e+00
-3.725 0.525 0.0000e+00
-3.725 0.575 0.0000e+00
-3.725 0.625 0.0000e+00
-3.725 0.675 0.0000e+00
-3.725 0.725 0.0000e+00
-3.725 0.775 0.0000e+00
-3.725 0.825 0.0000e+00
-3.725 0.875 0.0000e+00
-3.725 0.925 0.0000e+00
-3.725 0.975 0.0000e+00
-3.725 1.025 0.0000e+00
-3.725 1.075 0.0000e+00
-3.725 1.125 0.0000e+00
-3.725 1.175 0.0000e+00
-3.725 1.225 0.0000e+00
-3.725 1.275 0.0000e+00
-3.725 1.325 0.0000e+00
-3.725 1.375 0.0000e+00
-3.725 1.425 0.0000e+00
-3.725 1.475 0.0000e+00
-3.725 1.525 0.0000e+00
-3.725 1.575 0.0000e+00
-3.725 1.625 0.0000e+00
-3.725 1.675 0.0000e+00
-3.725 1.725 0.0000e+00
-3.725 1.775 0.0000e+00
-3.725 1.825 0.0000e+00
-3.725 1.875 0.0000e+00
-3.725 1.925 0.0000e+00
-3.725 1.975 0.0000e+00
-3.725 2.025 7.2755e+00
-3.725 2.075 5.9654e+00
-3.725 2.125 1.9532e+01
-3.725 2.175 6.8625e+01
-3.725 2.225 9.9057e+01
-3.725 2.275 1.2859e+02
-3.725 2.325 2.7618e+02
-3.725 2.375 3.7158e+02
-3.725 2.425 6.0058e+02
-3.725 2.475 4.3432e+02
-3.725 2.525 1.1050e+03
-3.725 2.575 2.2249e+03
-3.725 2.625 2.7502e+03
-3.725 2.675 5.5919e+03
-3.725 2.725 1.2029e+04
-3.725 2.775 8.9250e+03
-3.725 2.825 2.2134e+04
-3.725 2.875 6.1383e+04
-3.725 2.925 3.0824e+04
-3.725 2.975 7.0913e+04
-3.725 3.025 7.5808e+04
-3.725 3.075 9.2710e+04
-3.725 3.125 8.6655e+04
-3.725 3.175 1.3499e+05
-3.725 3.225 2.0249e+05
-3.725 3.275 2.4315e+05
-3.725 3.325 3.5136e+05
-3.725 3.375 3.3767e+05
-3.725 3.425 5.3512e+05
-3.725 3.475 7.0315e+05
-3.725 3.525 9.8669e+05
-3.725 3.575 1.1058e+06
-3.725 3.625 1.1125e+06
-3.725 3.675 1.6172e+06
-3.725 3.725 1.0819e+06
-3.725 3.775 1.7737e+06
-3.725 3.825 0.0000e+00
-3.725 3.875 0.0000e+00
-3.725 3.925 0.0000e+00
-3.725 3.975 0.0000e+00
-3.675 0.025 0.0000e+00
-3.675 0.075 0.0000e+00
-3.675 0.125 0.0000e+00
-3.675 0.175 0.0000e+00
-3.675 0.225 0.0000e+00
-3.675 0.275 0.0000e+00
-3.675 0.325 0.0000e+00
-3.675 0.375 0.0000e+00
-3.675 0.425 0.0000e+00
-3.675 0.475 0.0000e+00
-3.675 0.525 0.0000e+00
-3.675 0.575 0.0000e+00
-3.675 0.625 0.0000e+00
-3.675 0.675 0.0000e+00
-3.675 0.725 0.0000e+00
-3.675 0.775 0.0000e+00
-3.675 0.825 0.0000e+00
-3.675 0.875 0.0000e+00
-3.675 0.925 0.0000e+00
-3.675 0.975 0.0000e+00
-3.675 1.025 0.0000e+00
-3.675 1.075 0.0000e+00
-3.675 1.125 0.0000e+00
-3.675 1.175 0.0000e+00
-3.675 1.225 0.0000e+00
-3.675 1.275 0.0000e+00
-3.675 1.325 0.0000e+00
-3.675 1.375 0.0000e+00
-3.675 1.425 0.0000e+00
-3.675 1.475 0.0000e+00
-3.675 1.525 0.0000e+00
-3.675 1.575 0.0000e+00
-3.675 1.625 0.0000e+00
-3.675 1.675 0.0000e+00
-3.675 1.725 0.0000e+00
-3.675 1.775 0.0000e+00
-3.675 1.825 0.0000e+00
-3.675 1.875 0.0000e+00
-3.675 1.925 0.0000e+00
-3.675 1.975 0.0000e+00
-3.675 2.025 1.8082e+01
-3.675 2.075 2.1819e+01
-3.675 2.125 2.3524e+01
-3.675 2.175 4.9961e+01
-3.675 2.225 1.0722e+02
-3.675 2.275 1.4247e+02
-3.675 2.325 4.2157e+02
-3.675 2.375 4.3031e+02
-3.675 2.425 4.2832e+02
-3.675 2.475 7.5848e+02
-3.675 2.525 8.2571e+02
-3.675 2.575 3.8774e+03
-3.675 2.625 2.0165e+03
-3.675 2.675 5.2389e+03
-3.675 2.725 5.7061e+03
-3.675 2.775 5.0301e+03
-3.675 2.825 1.0892e+04
-3.675 2.875 3.9558e+04
-3.675 2.925 4.1779e+04
-3.675 2.975 1.0553e+05
-3.675 3.025 1.1641e+05
-3.675 3.075 1.3239e+05
-3.675 3.125 1.5715e+05
-3.675 3.175 1.9998e+05
-3.675 3.225 2.8032e+05
-3.675 3.275 3.2537e+05
-3.675 3.325 4.2226e+05
-3.675 3.375 5.8496e+05
-3.675 3.425 6.5627e+05
-3.675 3.475 9.6232e+05
-3.675 3.525 9.4152e+05
-3.675 3.575 1.0667e+06
-3.675 3.625 1.4668e+06
-3.675 3.675 1.7226e+06
-3.675 3.725 1.9246e+06
-3.675 3.775 1.4385e+06
-3.675 3.825 0.0000e+00
-3.675 3.875 0.0000e+00
-3.675 3.925 0.0000e+00
-3.675 3.975 0.0000e+00
-3.625 0.025 0.0000e+00
-3.625 0.075 0.0000e+00
-3.625 0.125 0.0000e+00
-3.625 0.175 0.0000e+00
-3.625 0.225 0.0000e+00
-3.625 0.275 0.0000e+00
-3.625 0.325 0.0000e+00
-3.625 0.375 0.0000e+00
-3.625 0.425 0.0000e+00
-3.625 0.475 0.0000e+00
-3.625 0.525 0.0000e+00
-3.625 0.575 0.0000e+00
-3.625 0.625 0.0000e+00
-3.625 0.675 0.0000e+00
-3.625 0.725 0.0000e+00
-3.625 0.775 0.0000e+00
-3.625 0.825 0.0000e+00
-3.625 0.875 0.0000e+00
-3.625 0.925 0.0000e+00
-3.625 0.975 0.0000e+00
-3.625 1.025 0.0000e+00
-3.625 1.075 0.0000e+00
-3.625 1.125 0.0000e+00
-3.625 1.175 0.0000e+00
-3.625 1.225 0.0000e+00
-3.625 1.275 0.0000e+00
-3.625 1.325 0.0000e+00
-3.625 1.375 0.0000e+00
-3.625 1.425 0.0000e+00
-3.625 1.475 0.0000e+00
-3.625 1.525 0.0000e+00
-3.625 1.575 0.0000e+00
-3.625 1.625 0.0000e+00
-3.625 1.675 0.0000e+00
-3.625 1.725 0.0000e+00
-3.625 1.775 0.0000e+00
-3.625 1.825 0.0000e+00
-3.625 1.875 0.0000e+00
-3.625 1.925 0.0000e+00
-3.625 1.975 0.0000e+00
-3.625 2.025 1.2870e+01
-3.625 2.075 1.1962e+01
-3.625 2.125 4.9580e+01
-3.625 2.175 1.1651e+02
-3.625 2.225 5.7726e+01
-3.625 2.275 3.4180e+02
-3.625 2.325 4.4795e+02
-3.625 2.375 1.3992e+03
-3.625 2.425 4.7069e+02
-3.625 2.475 1.1602e+03
-3.625 2.525 2.5593e+03
-3.625 2.575 4.2771e+03
-3.625 2.625 6.3325e+03
-3.625 2.675 1.0423e+04
-3.625 2.725 2.3818e+04
-3.625 2.775 1.7434e+04
-3.625 2.825 3.4774e+04
-3.625 2.875 2.2759e+04
-3.625 2.925 5.5247e+04
-3.625 2.975 5.8996e+04
-3.625 3.025 1.1200e+05
-3.625 3.075 1.3270e+05
-3.625 3.125 2.3048e+05
-3.625 3.175 2.5182e+05
-3.625 3.225 3.0624e+05
-3.625 3.275 4.8318e+05
-3.625 3.325 4.8172e+05
-3.625 3.375 6.7115e+05
-3.625 3.425 8.3672e+05
-3.625 3.475 1.0401e+06
-3.625 3.525 1.1162e+06
-3.625 3.575 1.3054e+06
-3.625 3.625 1.6761e+06
-3.625 3.675 1.3901e+06
-3.625 3.725 1.6664e+06
-3.625 3.775 1.3827e+06
-3.625 3.825 0.0000e+00
-3.625 3.875 0.0000e+00
-3.625 3.925 0.0000e+00
-3.625 3.975 0.0000e+00
-3.575 0.025 0.0000e+00
-3.575 0.075 0.0000e+00
-3.575 0.125 0.0000e+00
-3.575 0.175 0.0000e+00
-3.575 0.225 0.0000e+00
-3.575 0.275 0.0000e+00
-3.575 0.325 0.0000e+00
-3.575 0.375 0.0000e+00
-3.575 0.425 0.0000e+00
-3.575 0.475 0.0000e+00
-3.575 0.525 0.0000e+00
-3.575 0.575 0.0000e+00
-3.575 0.625 0.0000e+00
-3.575 0.675 0.0000e+00
-3.575 0.725 0.0000e+00
-3.575 0.775 0.0000e+00
-3.575 0.825 0.0000e+00
-3.575 0.875 0.0000e+00
-3.575 0.925 0.0000e+00
-3.575 0.975 0.0000e+00
-3.575 1.025 0.0000e+00
-3.575 1.075 0.0000e+00
-3.575 1.125 0.0000e+00
-3.575 1.175 0.0000e+00
-3.575 1.225 0.0000e+00
-3.575 1.275 0.0000e+00
-3.575 1.325 0.0000e+00
-3.575 1.375 0.0000e+00
-3.575 1.425 0.0000e+00
-3.575 1.475 0.0000e+00
-3.575 1.525 0.0000e+00
-3.575 1.575 0.0000e+00
-3.575 1.625 0.0000e+00
-3.575 1.675 0.0000e+00
-3.575 1.725 0.0000e+00
-3.575 1.775 0.0000e+00
-3.575 1.825 0.0000e+00
-3.575 1.875 0.0000e+00
-3.575 1.925 0.0000e+00
-3.575 1.975 0.0000e+00
-3.575 2.025 4.6815e+01
-3.575 2.075 2.7820e+01
-3.575 2.125 6.7447e+01
-3.575 2.175 1.3106e+02
-3.575 2.225 2.3794e+02
-3.575 2.275 4.2941e+02
-3.575 2.325 5.6900e+02
-3.575 2.375 6.6369e+02
-3.575 2.425 1.3768e+03
-3.575 2.475 1.1477e+03
-3.575 2.525 3.9693e+03
-3.575 2.575 4.5135e+03
-3.575 2.625 1.3992e+04
-3.575 2.675 1.1719e+04
-3.575 2.725 1.9270e+04
-3.575 2.775 2.6545e+04
-3.575 2.825 5.0340e+04
-3.575 2.875 5.0726e+04
-3.575 2.925 4.3524e+04
-3.575 2.975 1.0589e+05
-3.575 3.025 9.5991e+04
-3.575 3.075 1.5462e+05
-3.575 3.125 2.4299e+05
-3.575 3.175 3.6198e+05
-3.575 3.225 3.4142e+05
-3.575 3.275 5.0802e+05
-3.575 3.325 5.7929e+05
-3.575 3.375 6.6733e+05
-3.575 3.425 8.6474e+05
-3.575 3.475 1.0341e+06
-3.575 3.525 1.3834e+06
-3.575 3.575 1.7110e+06
-3.575 3.625 1.5964e+06
-3.575 3.675 1.3154e+06
-3.575 3.725 1.4363e+06
-3.575 3.775 7.6402e+05
-3.575 3.825 0.0000e+00
-3.575 3.875 0.0000e+00
-3.575 3.925 0.0000e+00
-3.575 3.975 0.0000e+00
-3.525 0.025 0.0000e+00
-3.525 0.075 0.0000e+00
-3.525 0.125 0.0000e+00
-3.525 0.175 0.0000e+00
-3.525 0.225 0.0000e+00
-3.525 0.275 0.0000e+00
-3.525 0.325 0.0000e+00
-3.525 0.375 0.0000e+00
-3.525 0.425 0.0000e+00
-3.525 0.475 0.0000e+00
-3.525 0.525 0.0000e+00
-3.525 0.575 0.0000e+00
-3.525 0.625 0.0000e+00
-3.525 0.675 0.0000e+00
-3.525 0.725 0.0000e+00
-3.525 0.775 0.0000e+00
-3.525 0.825 0.0000e+00
-3.525 0.875 0.0000e+00
-3.525 0.925 0.0000e+00
-3.525 0.975 0.0000e+00
-3.525 1.025 0.0000e+00
-3.525 1.075 0.0000e+00
-3.525 1.125 0.0000e+00
-3.525 1.175 0.0000e+00
-3.525 1.225 0.0000e+00
-3.525 1.275 0.0000e+00
-3.525 1.325 0.0000e+00
-3.525 1.375 0.0000e+00
-3.525 1.425 0.0000e+00
-3.525 1.475 0.0000e+00
-3.525 1.525 0.0000e+00
-3.525 1.575 0.0000e+00
-3.525 1.625 0.0000e+00
-3.525 1.675 0.0000e+00
-3.525 1.725 0.0000e+00
-3.525 1.775 0.0000e+00
-3.525 1.825 0.0000e+00
-3.525 1.875 0.0000e+00
-3.525 1.925 0.0000e+00
-3.525 1.975 0.0000e+00
-3.525 2.025 4.2433e+01
-3.525 2.075 2.8768e+01
-3.525 2.125 7.5123e+01
-3.525 2.175 1.6948e+02
-3.525 2.225 1.8606e+02
-3.525 2.275 2.4950e+02
-3.525 2.325 3.0757e+02
-3.525 2.375 9.1994e+02
-3.525 2.425 1.7083e+03
-3.525 2.475 1.9118e+03
-3.525 2.525 4.1193e+03
-3.525 2.575 4.5166e+03
-3.525 2.625 8.5124e+03
-3.525 2.675 1.8093e+04
-3.525 2.725 1.5476e+04
-3.525 2.775 2.6368e+04
-3.525 2.825 3.3984e+04
-3.525 2.875 5.1226e+04
-3.525 2.925 8.8441e+04
-3.525 2.975 1.1324e+05
-3.525 3.025 1.3599e+05
-3.525 3.075 1.4925e+05
-3.525 3.125 2.1604e+05
-3.525 3.175 3.6376e+05
-3.525 3.225 4.8343e+05
-3.525 3.275 5.4793e+05
-3.525 3.325 7.1580e+05
-3.525 3.375 9.7197e+05
-3.525 3.425 1.0789e+06
-3.525 3.475 1.3125e+06
-3.525 3.525 1.1293e+06
-3.525 3.575 1.4477e+06
-3.525 3.625 1.3743e+06
-3.525 3.675 9.5277e+05
-3.525 3.725 9.1354e+05
-3.525 3.775 7.9218e+05
-3.525 3.825 0.0000e+00
-3.525 3.875 0.0000e+00
-3.525 3.925 0.0000e+00
-3.525 3.975 0.0000e+00
-3.475 0.025 0.0000e+00
-3.475 0.075 0.0000e+00
-3.475 0.125 0.0000e+00
-3.475 0.175 0.0000e+00
-3.475 0.225 0.0000e+00
-3.475 0.275 0.0000e+00
-3.475 0.325 0.0000e+00
-3.475 0.375 0.0000e+00
-3.475 0.425 0.0000e+00
-3.475 0.475 0.0000e+00
-3.475 0.525 0.0000e+00
-3.475 0.575 0.0000e+00
-3.475 0.625 0.0000e+00
-3.475 0.675 0.0000e+00
-3.475 0.725 0.0000e+00
-3.475 0.775 0.0000e+00
-3.475 0.825 0.0000e+00
-3.475 0.875 0.0000e+00
-3.475 0.925 0.0000e+00
-3.475 0.975 0.0000e+00
-3.475 1.025 0.0000e+00
-3.475 1.075 0.0000e+00
-3.475 1.125 0.0000e+00
-3.475 1.175 0.0000e+00
-3.475 1.225 0.0000e+00
-3.475 1.275 0.0000e+00
-3.475 1.325 0.0000e+00
-3.475 1.375 0.0000e+00
-3.475 1.425 0.0000e+00
-3.475 1.475 0.0000e+00
-3.475 1.525 0.0000e+00
-3.475 1.575 0.0000e+00
-3.475 1.625 0.0000e+00
-3.475 1.675 0.0000e+00
-3.475 1.725 0.0000e+00
-3.475 1.775 0.0000e+00
-3.475 1.825 0.0000e+00
-3.475 1.875 0.0000e+00
-3.475 1.925 0.0000e+00
-3.475 1.975 0.0000e+00
-3.475 2.025 2.3719e+01
-3.475 2.075 5.1711e+01
-3.475 2.125 9.2546e+01
-3.475 2.175 1.4034e+02
-3.475 2.225 2.9608e+02
-3.475 2.275 3.3108e+02
-3.475 2.325 4.8278e+02
-3.475 2.375 9.6290e+02
-3.475 2.425 1.9096e+03
-3.475 2.475 3.2784e+03
-3.475 2.525 3.7109e+03
-3.475 2.575 6.0006e+03
-3.475 2.625 1.0988e+04
-3.475 2.675 1.0647e+04
-3.475 2.725 2.8008e+04
-3.475 2.775 2.7222e+04
-3.475 2.825 5.1033e+04
-3.475 2.875 6.7672e+04
-3.475 2.925 1.0460e+05
-3.475 2.975 2.1123e+05
-3.475 3.025 2.3645e+05
-3.475 3.075 2.2705e+05
-3.475 3.125 3.6579e+05
-3.475 3.175 4.1296e+05
-3.475 3.225 4.4849e+05
-3.475 3.275 6.8363e+05
-3.475 3.325 8.6714e+05
-3.475 3.375 1.0837e+06
-3.475 3.425 1.2852e+06
-3.475 3.475 1.3233e+06
-3.475 3.525 1.4310e+06
-3.475 3.575 1.3891e+06
-3.475 3.625 1.3058e+06
-3.475 3.675 1.2525e+06
-3.475 3.725 6.2370e+05
-3.475 3.775 3.9054e+05
-3.475 3.825 0.0000e+00
-3.475 3.875 0.0000e+00
-3.475 3.925 0.0000e+00
-3.475 3.975 0.0000e+00
-3.425 0.025 0.0000e+00
-3.425 0.075 0.0000e+00
-3.425 0.125 0.0000e+00
-3.425 0.175 0.0000e+00
-3.425 0.225 0.0000e+00
-3.425 0.275 0.0000e+00
-3.425 0.325 0.0000e+00
-3.425 0.375 0.0000e+00
-3.425 0.425 0.0000e+00
-3.425 0.475 0.0000e+00
-3.425 0.525 0.0000e+00
-3.425 0.575 0.0000e+00
-3.425 0.625 0.0000e+00
-3.425 0.675 0.0000e+00
-3.425 0.725 0.0000e+00
-3.425 0.775 0.0000e+00
-3.425 0.825 0.0000e+00
-3.425 0.875 0.0000e+00
-3.425 0.925 0.0000e+00
-3.425 0.975 0.0000e+00
-3.425 1.025 0.0000e+00
-3.425 1.075 0.0000e+00
-3.425 1.125 0.0000e+00
-3.425 1.175 0.0000e+00
-3.425 1.225 0.0000e+00
-3.425 1.275 0.0000e+00
-3.425 1.325 0.0000e+00
-3.425 1.375 0.0000e+00
-3.425 1.425 0.0000e+00
-3.425 1.475 0.0000e+00
-3.425 1.525 0.0000e+00
-3.425 1.575 0.0000e+00
-3.425 1.625 0.0000e+00
-3.425 1.675 0.0000e+00
-3.425 1.725 0.0000e+00
-3.425 1.775 0.0000e+00
-3.425 1.825 0.0000e+00
-3.425 1.875 0.0000e+00
-3.425 1.925 0.0000e+00
-3.425 1.975 0.0000e+00
-3.425 2.025 7.3426e+01
-3.425 2.075 6.3952e+01
-3.425 2.125 1.6103e+02
-3.425 2.175 2.5109e+02
-3.425 2.225 7.0785e+02
-3.425 2.275 4.3625e+02
-3.425 2.325 1.0620e+03
-3.425 2.375 1.4370e+03
-3.425 2.425 2.2171e+03
-3.425 2.475 4.5924e+03
-3.425 2.525 6.2819e+03
-3.425 2.575 5.9312e+03
-3.425 2.625 1.3126e+04
-3.425 2.675 2.1566e+04
-3.425 2.725 2.9937e+04
-3.425 2.775 4.8439e+04
-3.425 2.825 6.6027e+04
-3.425 2.875 7.8960e+04
-3.425 2.925 1.2055e+05
-3.425 2.975 1.7160e+05
-3.425 3.025 2.6287e+05
-3.425 3.075 3.5599e+05
-3.425 3.125 3.1076e+05
-3.425 3.175 5.2049e+05
-3.425 3.225 7.0484e+05
-3.425 3.275 7.4430e+05
-3.425 3.325 9.4913e+05
-3.425 3.375 1.0537e+06
-3.425 3.425 1.1933e+06
-3.425 3.475 1.4159e+06
-3.425 3.525 1.4767e+06
-3.425 3.575 1.2898e+06
-3.425 3.625 1.0956e+06
-3.425 3.675 6.9260e+05
-3.425 3.725 4.4423e+05
-3.425 3.775 3.5021e+05
-3.425 3.825 0.0000e+00
-3.425 3.875 0.0000e+00
-3.425 3.925 0.0000e+00
-3.425 3.975 0.0000e+00
-3.375 0.025 0.0000e+00
-3.375 0.075 0.0000e+00
-3.375 0.125 0.0000e+00
-3.375 0.175 0.0000e+00
-3.375 0.225 0.0000e+00
-3.375 0.275 0.0000e+00
-3.375 0.325 0.0000e+00
-3.375 0.375 0.0000e+00
-3.375 0.425 0.0000e+00
-3.375 0.475 0.0000e+00
-3.375 0.525 0.0000e+00
-3.375 0.575 0.0000e+00
-3.375 0.625 0.0000e+00
-3.375 0.675 0.0000e+00
-3.375 0.725 0.0000e+00
-3.375 0.775 0.0000e+00
-3.375 0.825 0.0000e+00
-3.375 0.875 0.0000e+00
-3.375 0.925 0.0000e+00
-3.375 0.975 0.0000e+00
-3.375 1.025 0.0000e+00
-3.375 1.075 0.0000e+00
-3.375 1.125 0.0000e+00
-3.375 1.175 0.0000e+00
-3.375 1.225 0.0000e+00
-3.375 1.275 0.0000e+00
-3.375 1.325 0.0000e+00
-3.375 1.375 0.0000e+00
-3.375 1.425 0.0000e+00
-3.375 1.475 0.0000e+00
-3.375 1.525 0.0000e+00
-3.375 1.575 0.0000e+00
-3.375 1.625 0.0000e+00
-3.375 1.675 0.0000e+00
-3.375 1.725 0.0000e+00
-3.375 1.775 0.0000e+00
-3.375 1.825 0.0000e+00
-3.375 1.875 0.0000e+00
-3.375 1.925 0.0000e+00
-3.375 1.975 0.0000e+00
-3.375 2.025 8.0947e+01
-3.375 2.075 1.0789e+02
-3.375 2.125 1.5981e+02
-3.375 2.175 1.7856e+02
-3.375 2.225 4.8952e+02
-3.375 2.275 5.7412e+02
-3.375 2.325 9.2365e+02
-3.375 2.375 1.3238e+03
-3.375 2.425 2.2252e+03
-3.375 2.475 4.9741e+03
-3.375 2.525 8.4344e+03
-3.375 2.575 1.3509e+04
-3.375 2.625 2.2084e+04
-3.375 2.675 2.6850e+04
-3.375 2.725 3.4231e+04
-3.375 2.775 6.6542e+04
-3.375 2.825 7.0204e+04
-3.375 2.875 1.7636e+05
-3.375 2.925 1.6526e+05
-3.375 2.975 2.0681e+05
-3.375 3.025 2.1794e+05
-3.375 3.075 4.1648e+05
-3.375 3.125 4.0901e+05
-3.375 3.175 6.2566e+05
-3.375 3.225 7.8708e+05
-3.375 3.275 1.0340e+06
-3.375 3.325 1.0069e+06
-3.375 3.375 1.3005e+06
-3.375 3.425 1.4705e+06
-3.375 3.475 1.1908e+06
-3.375 3.525 1.2336e+06
-3.375 3.575 1.0380e+06
-3.375 3.625 7.3731e+05
-3.375 3.675 4.9692e+05
-3.375 3.725 3.7319e+05
-3.375 3.775 2.6228e+05
-3.375 3.825 0.0000e+00
-3.375 3.875 0.0000e+00
-3.375 3.925 0.0000e+00
-3.375 3.975 0.0000e+00
-3.325 0.025 0.0000e+00
-3.325 0.075 0.0000e+00
-3.325 0.125 0.0000e+00
-3.325 0.175 0.0000e+00
-3.325 0.225 0.0000e+00
-3.325 0.275 0.0000e+00
-3.325 0.325 0.0000e+00
-3.325 0.375 0.0000e+00
-3.325 0.425 0.0000e+00
-3.325 0.475 0.0000e+00
-3.325 0.525 0.0000e+00
-3.325 0.575 0.0000e+00
-3.325 0.625 0.0000e+00
-3.325 0.675 0.0000e+00
-3.325 0.725 0.0000e+00
-3.325 0.775 0.0000e+00
-3.325 0.825 0.0000e+00
-3.325 0.875 0.0000e+00
-3.325 0.925 0.0000e+00
-3.325 0.975 0.0000e+00
-3.325 1.025 0.0000e+00
-3.325 1.075 0.0000e+00
-3.325 1.125 0.0000e+00
-3.325 1.175 0.0000e+00
-3.325 1.225 0.0000e+00
-3.325 1.275 0.0000e+00
-3.325 1.325 0.0000e+00
-3.325 1.375 0.0000e+00
-3.325 1.425 0.0000e+00
-3.325 1.475 0.0000e+00
-3.325 1.525 0.0000e+00
-3.325 1.575 0.0000e+00
-3.325 1.625 0.0000e+00
-3.325 1.675 0.0000e+00
-3.325 1.725 0.0000e+00
-3.325 1.775 0.0000e+00
-3.325 1.825 0.0000e+00
-3.325 1.875 0.0000e+00
-3.325 1.925 0.0000e+00
-3.325 1.975 0.0000e+00
-3.325 2.025 7.0181e+01
-3.325 2.075 1.4450e+02
-3.325 2.125 2.3476e+02
-3.325 2.175 4.2630e+02
-3.325 2.225 4.7358e+02
-3.325 2.275 6.3092e+02
-3.325 2.325 1.8313e+03
-3.325 2.375 2.1060e+03
-3.325 2.425 3.6143e+03
-3.325 2.475 3.1205e+03
-3.325 2.525 7.9045e+03
-3.325 2.575 1.3245e+04
-3.325 2.625 1.7530e+04
-3.325 2.675 2.9040e+04
-3.325 2.725 4.4106e+04
-3.325 2.775 5.7398e+04
-3.325 2.825 9.2431e+04
-3.325 2.875 1.3740e+05
-3.325 2.925 1.9719e+05
-3.325 2.975 2.6130e+05
-3.325 3.025 3.3087e+05
-3.325 3.075 4.9865e+05
-3.325 3.125 6.6422e+05
-3.325 3.175 7.3984e+05
-3.325 3.225 8.8892e+05
-3.325 3.275 1.0018e+06
-3.325 3.325 1.1649e+06
-3.325 3.375 1.2946e+06
-3.325 3.425 1.1226e+06
-3.325 3.475 1.1465e+06
-3.325 3.525 1.1163e+06
-3.325 3.575 7.4911e+05
-3.325 3.625 5.6160e+05
-3.325 3.675 3.0078e+05
-3.325 3.725 2.4246e+05
-3.325 3.775 1.0705e+05
-3.325 3.825 0.0000e+00
-3.325 3.875 0.0000e+00
-3.325 3.925 0.0000e+00
-3.325 3.975 0.0000e+00
-3.275 0.025 0.0000e+00
-3.275 0.075 0.0000e+00
-3.275 0.125 0.0000e+00
-3.275 0.175 0.0000e+00
-3.275 0.225 0.0000e+00
-3.275 0.275 0.0000e+00
-3.275 0.325 0.0000e+00
-3.275 0.375 0.0000e+00
-3.275 0.425 0.0000e+00
-3.275 0.475 0.0000e+00
-3.275 0.525 0.0000e+00
-3.275 0.575 0.0000e+00
-3.275 0.625 0.0000e+00
-3.275 0.675 0.0000e+00
-3.275 0.725 0.0000e+00
-3.275 0.775 0.0000e+00
-3.275 0.825 0.0000e+00
-3.275 0.875 0.0000e+00
-3.275 0.925 0.0000e+00
-3.275 0.975 0.0000e+00
-3.275 1.025 0.0000e+00
-3.275 1.075 0.0000e+00
-3.275 1.125 0.0000e+00
-3.275 1.175 0.0000e+00
-3.275 1.225 0.0000e+00
-3.275 1.275 0.0000e+00
-3.275 1.325 0.0000e+00
-3.275 1.375 0.0000e+00
-3.275 1.425 0.0000e+00
-3.275 1.475 0.0000e+00
-3.275 1.525 0.0000e+00
-3.275 1.575 0.0000e+00
-3.275 1.625 0.0000e+00
-3.275 1.675 0.0000e+00
-3.275 1.725 0.0000e+00
-3.275 1.775 0.0000e+00
-3.275 1.825 0.0000e+00
-3.275 1.875 0.0000e+00
-3.275 1.925 0.0000e+00
-3.275 1.975 0.0000e+00
-3.275 2.025 9.5000e+01
-3.275 2.075 1.1795e+02
-3.275 2.125 2.0770e+02
-3.275 2.175 4.2758e+02
-3.275 2.225 3.7121e+02
-3.275 2.275 1.3068e+03
-3.275 2.325 1.5424e+03
-3.275 2.375 4.2009e+03
-3.275 2.425 4.3722e+03
-3.275 2.475 4.2549e+03
-3.275 2.525 1.0997e+04
-3.275 2.575 1.2438e+04
-3.275 2.625 2.4625e+04
-3.275 2.675 4.5700e+04
-3.275 2.725 4.5479e+04
-3.275 2.775 8.8756e+04
-3.275 2.825 1.3640e+05
-3.275 2.875 1.4976e+05
-3.275 2.925 1.9777e+05
-3.275 2.975 2.9422e+05
-3.275 3.025 3.7980e+05
-3.275 3.075 5.6231e+05
-3.275 3.125 7.7481e+05
-3.275 3.175 8.9759e+05
-3.275 3.225 1.0348e+06
-3.275 3.275 9.5212e+05
-3.275 3.325 1.0577e+06
-3.275 3.375 1.1488e+06
-3.275 3.425 1.3058e+06
-3.275 3.475 1.0239e+06
-3.275 3.525 8.2171e+05
-3.275 3.575 5.8971e+05
-3.275 3.625 3.6185e+05
-3.275 3.675 2.3575e+05
-3.275 3.725 1.3111e+05
-3.275 3.775 5.7993e+04
-3.275 3.825 0.0000e+00
-3.275 3.875 0.0000e+00
-3.275 3.925 0.0000e+00
-3.275 3.975 0.0000e+00
-3.225 0.025 0.0000e+00
-3.225 0.075 0.0000e+00
-3.225 0.125 0.0000e+00
-3.225 0.175 0.0000e+00
-3.225 0.225 0.0000e+00
-3.225 0.275 0.0000e+00
-3.225 0.325 0.0000e+00
-3.225 0.375 0.0000e+00
-3.225 0.425 0.0000e+00
-3.225 0.475 0.0000e+00
-3.225 0.525 0.0000e+00
-3.225 0.575 0.0000e+00
-3.225 0.625 0.0000e+00
-3.225 0.675 0.0000e+00
-3.225 0.725 0.0000e+00
-3.225 0.775 0.0000e+00
-3.225 0.825 0.0000e+00
-3.225 0.875 0.0000e+00
-3.225 0.925 0.0000e+00
-3.225 0.975 0.0000e+00
-3.225 1.025 0.0000e+00
-3.225 1.075 0.0000e+00
-3.225 1.125 0.0000e+00
-3.225 1.175 0.0000e+00
-3.225 1.225 0.0000e+00
-3.225 1.275 0.0000e+00
-3.225 1.325 0.0000e+00
-3.225 1.375 0.0000e+00
-3.225 1.425 0.0000e+00
-3.225 1.475 0.0000e+00
-3.225 1.525 0.0000e+00
-3.225 1.575 0.0000e+00
-3.225 1.625 0.0000e+00
-3.225 1.675 0.0000e+00
-3.225 1.725 0.0000e+00
-3.225 1.775 0.0000e+00
-3.225 1.825 0.0000e+00
-3.225 1.875 0.0000e+00
-3.225 1.925 0.0000e+00
-3.225 1.975 0.0000e+00
-3.225 2.025 1.0333e+02
-3.225 2.075 1.8318e+02
-3.225 2.125 3.2440e+02
-3.225 2.175 4.6299e+02
-3.225 2.225 8.6147e+02
-3.225 2.275 1.2736e+03
-3.225 2.325 1.7761e+03
-3.225 2.375 2.5130e+03
-3.225 2.425 5.6156e+03
-3.225 2.475 8.1450e+03
-3.225 2.525 1.1947e+04
-3.225 2.575 1.7078e+04
-3.225 2.625 2.1889e+04
-3.225 2.675 3.6856e+04
-3.225 2.725 7.4058e+04
-3.225 2.775 9.0545e+04
-3.225 2.825 1.5448e+05
-3.225 2.875 1.6693e+05
-3.225 2.925 3.2255e+05
-3.225 2.975 4.2195e+05
-3.225 3.025 5.1134e+05
-3.225 3.075 5.6571e+05
-3.225 3.125 8.7636e+05
-3.225 3.175 8.1223e+05
-3.225 3.225 1.0794e+06
-3.225 3.275 1.1419e+06
-3.225 3.325 1.2325e+06
-3.225 3.375 1.1429e+06
-3.225 3.425 1.0154e+06
-3.225 3.475 8.5031e+05
-3.225 3.525 6.9904e+05
-3.225 3.575 4.3858e+05
-3.225 3.625 2.2579e+05
-3.225 3.675 1.2465e+05
-3.225 3.725 5.8578e+04
-3.225 3.775 2.7356e+04
-3.225 3.825 0.0000e+00
-3.225 3.875 0.0000e+00
-3.225 3.925 0.0000e+00
-3.225 3.975 0.0000e+00
-3.175 0.025 0.0000e+00
-3.175 0.075 0.0000e+00
-3.175 0.125 0.0000e+00
-3.175 0.175 0.0000e+00
-3.175 0.225 0.0000e+00
-3.175 0.275 0.0000e+00
-3.175 0.325 0.0000e+00
-3.175 0.375 0.0000e+00
-3.175 0.425 0.0000e+00
-3.175 0.475 0.0000e+00
-3.175 0.525 0.0000e+00
-3.175 0.575 0.0000e+00
-3.175 0.625 0.0000e+00
-3.175 0.675 0.0000e+00
-3.175 0.725 0.0000e+00
-3.175 0.775 0.0000e+00
-3.175 0.825 0.0000e+00
-3.175 0.875 0.0000e+00
-3.175 0.925 0.0000e+00
-3.175 0.975 0.0000e+00
-3.175 1.025 0.0000e+00
-3.175 1.075 0.0000e+00
-3.175 1.125 0.0000e+00
-3.175 1.175 0.0000e+00
-3.175 1.225 0.0000e+00
-3.175 1.275 0.0000e+00
-3.175 1.325 0.0000e+00
-3.175 1.375 0.0000e+00
-3.175 1.425 0.0000e+00
-3.175 1.475 0.0000e+00
-3.175 1.525 0.0000e+00
-3.175 1.575 0.0000e+00
-3.175 1.625 0.0000e+00
-3.175 1.675 0.0000e+00
-3.175 1.725 0.0000e+00
-3.175 1.775 0.0000e+00
-3.175 1.825 0.0000e+00
-3.175 1.875 0.0000e+00
-3.175 1.925 0.0000e+00
-3.175 1.975 0.0000e+00
-3.175 2.025 1.4554e+02
-3.175 2.075 2.3718e+02
-3.175 2.125 2.7988e+02
-3.175 2.175 5.4844e+02
-3.175 2.225 1.1723e+03
-3.175 2.275 1.6843e+03
-3.175 2.325 1.7403e+03
-3.175 2.375 3.2071e+03
-3.175 2.425 5.5002e+03
-3.175 2.475 8.0047e+03
-3.175 2.525 1.3093e+04
-3.175 2.575 2.1339e+04
-3.175 2.625 3.3647e+04
-3.175 2.675 5.3968e+04
-3.175 2.725 7.6418e+04
-3.175 2.775 1.0902e+05
-3.175 2.825 1.5400e+05
-3.175 2.875 2.6569e+05
-3.175 2.925 2.8624e+05
-3.175 2.975 4.1542e+05
-3.175 3.025 5.0689e+05
-3.175 3.075 7.4889e+05
-3.175 3.125 7.7681e+05
-3.175 3.175 9.6951e+05
-3.175 3.225 1.0989e+06
-3.175 3.275 1.0408e+06
-3.175 3.325 1.1997e+06
-3.175 3.375 1.0892e+06
-3.175 3.425 5.9518e+05
-3.175 3.475 6.1070e+05
-3.175 3.525 3.4940e+05
-3.175 3.575 2.6988e+05
-3.175 3.625 1.2328e+05
-3.175 3.675 5.4692e+04
-3.175 3.725 4.6886e+04
-3.175 3.775 1.6606e+04
-3.175 3.825 0.0000e+00
-3.175 3.875 0.0000e+00
-3.175 3.925 0.0000e+00
-3.175 3.975 0.0000e+00
-3.125 0.025 0.0000e+00
-3.125 0.075 0.0000e+00
-3.125 0.125 0.0000e+00
-3.125 0.175 0.0000e+00
-3.125 0.225 0.0000e+00
-3.125 0.275 0.0000e+00
-3.125 0.325 0.0000e+00
-3.125 0.375 0.0000e+00
-3.125 0.425 0.0000e+00
-3.125 0.475 0.0000e+00
-3.125 0.525 0.0000e+00
-3.125 0.575 0.0000e+00
-3.125 0.625 0.0000e+00
-3.125 0.675 0.0000e+00
-3.125 0.725 0.0000e+00
-3.125 0.775 0.0000e+00
-3.125 0.825 0.0000e+00
-3.125 0.875 0.0000e+00
-3.125 0.925 0.0000e+00
-3.125 0.975 0.0000e+00
-3.125 1.025 0.0000e+00
-3.125 1.075 0.0000e+00
-3.125 1.125 0.0000e+00
-3.125 1.175 0.0000e+00
-3.125 1.225 0.0000e+00
-3.125 1.275 0.0000e+00
-3.125 1.325 0.0000e+00
-3.125 1.375 0.0000e+00
-3.125 1.425 0.0000e+00
-3.125 1.475 0.0000e+00
-3.125 1.525 0.0000e+00
-3.125 1.575 0.0000e+00
-3.125 1.625 0.0000e+00
-3.125 1.675 0.0000e+00
-3.125 1.725 0.0000e+00
-3.125 1.775 0.0000e+00
-3.125 1.825 0.0000e+00
-3.125 1.875 0.0000e+00
-3.125 1.925 0.0000e+00
-3.125 1.975 0.0000e+00
-3.125 2.025 1.5255e+02
-3.125 2.075 2.2032e+02
-3.125 2.125 5.4425e+02
-3.125 2.175 6.2764e+02
-3.125 2.225 1.0682e+03
-3.125 2.275 1.8417e+03
-3.125 2.325 2.0731e+03
-3.125 2.375 4.1088e+03
-3.125 2.425 6.1584e+03
-3.125 2.475 1.2648e+04
-3.125 2.525 1.5879e+04
-3.125 2.575 3.1561e+04
-3.125 2.625 4.1472e+04
-3.125 2.675 5.4945e+04
-3.125 2.725 9.3780e+04
-3.125 2.775 1.3271e+05
-3.125 2.825 1.9577e+05
-3.125 2.875 2.8284e+05
-3.125 2.925 4.0927e+05
-3.125 2.975 4.9078e+05
-3.125 3.025 5.2318e+05
-3.125 3.075 7.3391e+05
-3.125 3.125 9.0011e+05
-3.125 3.175 1.0920e+06
-3.125 3.225 1.0439e+06
-3.125 3.275 1.0993e+06
-3.125 3.325 9.1118e+05
-3.125 3.375 7.3949e+05
-3.125 3.425 5.9632e+05
-3.125 3.475 3.8453e+05
-3.125 3.525 2.1623e+05
-3.125 3.575 1.1313e+05
-3.125 3.625 6.5166e+04
-3.125 3.675 3.1821e+04
-3.125 3.725 1.4426e+04
-3.125 3.775 9.7165e+03
-3.125 3.825 0.0000e+00
-3.125 3.875 0.0000e+00
-3.125 3.925 0.0000e+00
-3.125 3.975 0.0000e+00
-3.075 0.025 0.0000e+00
-3.075 0.075 0.0000e+00
-3.075 0.125 0.0000e+00
-3.075 0.175 0.0000e+00
-3.075 0.225 0.0000e+00
-3.075 0.275 0.0000e+00
-3.075 0.325 0.0000e+00
-3.075 0.375 0.0000e+00
-3.075 0.425 0.0000e+00
-3.075 0.475 0.0000e+00
-3.075 0.525 0.0000e+00
-3.075 0.575 0.0000e+00
-3.075 0.625 0.0000e+00
-3.075 0.675 0.0000e+00
-3.075 0.725 0.0000e+00
-3.075 0.775 0.0000e+00
-3.075 0.825 0.0000e+00
-3.075 0.875 0.0000e+00
-3.075 0.925 0.0000e+00
-3.075 0.975 0.0000e+00
-3.075 1.025 0.0000e+00
-3.075 1.075 0.0000e+00
-3.075 1.125 0.0000e+00
-3.075 1.175 0.0000e+00
-3.075 1.225 0.0000e+00
-3.075 1.275 0.0000e+00
-3.075 1.325 0.0000e+00
-3.075 1.375 0.0000e+00
-3.075 1.425 0.0000e+00
-3.075 1.475 0.0000e+00
-3.075 1.525 0.0000e+00
-3.075 1.575 0.0000e+00
-3.075 1.625 0.0000e+00
-3.075 1.675 0.0000e+00
-3.075 1.725 0.0000e+00
-3.075 1.775 0.0000e+00
-3.075 1.825 0.0000e+00
-3.075 1.875 0.0000e+00
-3.075 1.925 0.0000e+00
-3.075 1.975 0.0000e+00
-3.075 2.025 1.6632e+02
-3.075 2.075 4.0865e+02
-3.075 2.125 4.7524e+02
-3.075 2.175 8.4015e+02
-3.075 2.225 1.3243e+03
-3.075 2.275 1.9662e+03
-3.075 2.325 3.5340e+03
-3.075 2.375 3.8025e+03
-3.075 2.425 9.0708e+03
-3.075 2.475 1.3134e+04
-3.075 2.525 1.7106e+04
-3.075 2.575 3.5064e+04
-3.075 2.625 5.0498e+04
-3.075 2.675 7.1827e+04
-3.075 2.725 9.1917e+04
-3.075 2.775 1.8410e+05
-3.075 2.825 2.5240e+05
-3.075 2.875 2.5737e+05
-3.075 2.925 4.4111e+05
-3.075 2.975 5.4957e+05
-3.075 3.025 7.1946e+05
-3.075 3.075 7.3460e+05
-3.075 3.125 8.9079e+05
-3.075 3.175 7.9330e+05
-3.075 3.225 9.6806e+05
-3.075 3.275 8.3311e+05
-3.075 3.325 7.0891e+05
-3.075 3.375 5.2767e+05
-3.075 3.425 4.5829e+05
-3.075 3.475 2.3212e+05
-3.075 3.525 1.2038e+05
-3.075 3.575 6.7371e+04
-3.075 3.625 3.5403e+04
-3.075 3.675 1.6163e+04
-3.075 3.725 8.8617e+03
-3.075 3.775 3.3489e+03
-3.075 3.825 0.0000e+00
-3.075 3.875 0.0000e+00
-3.075 3.925 0.0000e+00
-3.075 3.975 0.0000e+00
-3.025 0.025 0.0000e+00
-3.025 0.075 0.0000e+00
-3.025 0.125 0.0000e+00
-3.025 0.175 0.0000e+00
-3.025 0.225 0.0000e+00
-3.025 0.275 0.0000e+00
-3.025 0.325 0.0000e+00
-3.025 0.375 0.0000e+00
-3.025 0.425 0.0000e+00
-3.025 0.475 0.0000e+00
-3.025 0.525 0.0000e+00
-3.025 0.575 0.0000e+00
-3.025 0.625 0.0000e+00
-3.025 0.675 0.0000e+00
-3.025 0.725 0.0000e+00
-3.025 0.775 0.0000e+00
-3.025 0.825 0.0000e+00
-3.025 0.875 0.0000e+00
-3.025 0.925 0.0000e+00
-3.025 0.975 0.0000e+00
-3.025 1.025 0.0000e+00
-3.025 1.075 0.0000e+00
-3.025 1.125 0.0000e+00
-3.025 1.175 0.0000e+00
-3.025 1.225 0.0000e+00
-3.025 1.275 0.0000e+00
-3.025 1.325 0.0000e+00
-3.025 1.375 0.0000e+00
-3.025 1.425 0.0000e+00
-3.025 1.475 0.0000e+00
-3.025 1.525 0.0000e+00
-3.025 1.575 0.0000e+00
-3.025 1.625 0.0000e+00
-3.025 1.675 0.0000e+00
-3.025 1.725 0.0000e+00
-3.025 1.775 0.0000e+00
-3.025 1.825 0.0000e+00
-3.025 1.875 0.0000e+00
-3.025 1.925 0.0000e+00
-3.025 1.975 0.0000e+00
-3.025 2.025 2.1386e+02
-3.025 2.075 2.9508e+02
-3.025 2.125 5.0589e+02
-3.025 2.175 7.7109e+02
-3.025 2.225 1.0637e+03
-3.025 2.275 2.2881e+03
-3.025 2.325 3.7676e+03
-3.025 2.375 5.6860e+03
-3.025 2.425 9.5940e+03
-3.025 2.475 1.5832e+04
-3.025 2.525 2.5239e+04
-3.025 2.575 3.5217e+04
-3.025 2.625 5.8140e+04
-3.025 2.675 7.0539e+04
-3.025 2.725 1.3768e+05
-3.025 2.775 1.9439e+05
-3.025 2.825 2.3527e+05
-3.025 2.875 3.4982e+05
-3.025 2.925 3.1311e+05
-3.025 2.975 4.8757e+05
-3.025 3.025 6.2539e+05
-3.025 3.075 7.5460e+05
-3.025 3.125 8.1050e+05
-3.025 3.175 7.6895e+05
-3.025 3.225 5.9975e+05
-3.025 3.275 7.2158e+05
-3.025 3.325 5.7537e+05
-3.025 3.375 3.0844e+05
-3.025 3.425 2.1486e+05
-3.025 3.475 1.4232e+05
-3.025 3.525 8.4657e+04
-3.025 3.575 3.0184e+04
-3.025 3.625 1.6787e+04
-3.025 3.675 8.0554e+03
-3.025 3.725 3.9421e+03
-3.025 3.775 2.4855e+03
-3.025 3.825 0.0000e+00
-3.025 3.875 0.0000e+00
-3.025 3.925 0.0000e+00
-3.025 3.975 0.0000e+00
-2.975 0.025 0.0000e+00
-2.975 0.075 0.0000e+00
-2.975 0.125 0.0000e+00
-2.975 0.175 0.0000e+00
-2.975 0.225 0.0000e+00
-2.975 0.275 0.0000e+00
-2.975 0.325 0.0000e+00
-2.975 0.375 0.0000e+00
-2.975 0.425 0.0000e+00
-2.975 0.475 0.0000e+00
-2.975 0.525 0.0000e+00
-2.975 0.575 0.0000e+00
-2.975 0.625 0.0000e+00
-2.975 0.675 0.0000e+00
-2.975 0.725 0.0000e+00
-2.975 0.775 0.0000e+00
-2.975 0.825 0.0000e+00
-2.975 0.875 0.0000e+00
-2.975 0.925 0.0000e+00
-2.975 0.975 0.0000e+00
-2.975 1.025 0.0000e+00
-2.975 1.075 0.0000e+00
-2.975 1.125 0.0000e+00
-2.975 1.175 0.0000e+00
-2.975 1.225 0.0000e+00
-2.975 1.275 0.0000e+00
-2.975 1.325 0.0000e+00
-2.975 1.375 0.0000e+00
-2.975 1.425 0.0000e+00
-2.975 1.475 0.0000e+00
-2.975 1.525 0.0000e+00
-2.975 1.575 0.0000e+00
-2.975 1.625 0.0000e+00
-2.975 1.675 0.0000e+00
-2.975 1.725 0.0000e+00
-2.975 1.775 0.0000e+00
-2.975 1.825 0.0000e+00
-2.975 1.875 0.0000e+00
-2.975 1.925 0.0000e+00
-2.975 1.975 0.0000e+00
-2.975 2.025 2.0449e+02
-2.975 2.075 3.7396e+02
-2.975 2.125 6.4144e+02
-2.975 2.175 8.7656e+02
-2.975 2.225 1.3608e+03
-2.975 2.275 2.5021e+03
-2.975 2.325 4.0218e+03
-2.975 2.375 6.7083e+03
-2.975 2.425 1.1558e+04
-2.975 2.475 1.6054e+04
-2.975 2.525 2.3608e+04
-2.975 2.575 3.7579e+04
-2.975 2.625 5.7924e+04
-2.975 2.675 7.7704e+04
-2.975 2.725 1.2114e+05
-2.975 2.775 1.7060e+05
-2.975 2.825 2.2661e+05
-2.975 2.875 3.1274e+05
-2.975 2.925 4.1140e+05
-2.975 2.975 4.2917e+05
-2.975 3.025 6.4570e+05
-2.975 3.075 7.4293e+05
-2.975 3.125 7.3348e+05
-2.975 3.175 6.5425e+05
-2.975 3.225 5.9927e+05
-2.975 3.275 3.9240e+05
-2.975 3.325 2.9805e+05
-2.975 3.375 1.7670e+05
-2.975 3.425 1.0530e+05
-2.975 3.475 5.3967e+04
-2.975 3.525 2.7473e+04
-2.975 3.575 1.4287e+04
-2.975 3.625 2.9137e+03
-2.975 3.675 1.3669e+03
-2.975 3.725 3.6885e+02
-2.975 3.775 1.1600e+02
-2.975 3.825 0.0000e+00
-2.975 3.875 0.0000e+00
-2.975 3.925 0.0000e+00
-2.975 3.975 0.0000e+00
-2.925 0.025 0.0000e+00
-2.925 0.075 0.0000e+00
-2.925 0.125 0.0000e+00
-2.925 0.175 0.0000e+00
-2.925 0.225 0.0000e+00
-2.925 0.275 0.0000e+00
-2.925 0.325 0.0000e+00
-2.925 0.375 0.0000e+00
-2.925 0.425 0.0000e+00
-2.925 0.475 0.0000e+00
-2.925 0.525 0.0000e+00
-2.925 0.575 0.0000e+00
-2.925 0.625 0.0000e+00
-2.925 0.675 0.0000e+00
-2.925 0.725 0.0000e+00
-2.925 0.775 0.0000e+00
-2.925 0.825 0.0000e+00
-2.925 0.875 0.0000e+00
-2.925 0.925 0.0000e+00
-2.925 0.975 0.0000e+00
-2.925 1.025 0.0000e+00
-2.925 1.075 0.0000e+00
-2.925 1.125 0.0000e+00
-2.925 1.175 0.0000e+00
-2.925 1.225 0.0000e+00
-2.925 1.275 0.0000e+00
-2.925 1.325 0.0000e+00
-2.925 1.375 0.0000e+00
-2.925 1.425 0.0000e+00
-2.925 1.475 0.0000e+00
-2.925 1.525 0.0000e+00
-2.925 1.575 0.0000e+00
-2.925 1.625 0.0000e+00
-2.925 1.675 0.0000e+00
-2.925 1.725 0.0000e+00
-2.925 1.775 0.0000e+00
-2.925 1.825 0.0000e+00
-2.925 1.875 0.0000e+00
-2.925 1.925 0.0000e+00
-2.925 1.975 0.0000e+00
-2.925 2.025 2.9129e+02
-2.925 2.075 4.1467e+02
-2.925 2.125 7.2731e+02
-2.925 2.175 1.0979e+03
-2.925 2.225 1.4412e+03
-2.925 2.275 2.8217e+03
-2.925 2.325 4.5958e+03
-2.925 2.375 6.3057e+03
-2.925 2.425 1.1390e+04
-2.925 2.475 1.6694e+04
-2.925 2.525 2.6349e+04
-2.925 2.575 4.1324e+04
-2.925 2.625 5.5031e+04
-2.925 2.675 1.0280e+05
-2.925 2.725 1.0685e+05
-2.925 2.775 1.4895e+05
-2.925 2.825 2.4259e+05
-2.925 2.875 3.5624e+05
-2.925 2.925 4.6281e+05
-2.925 2.975 3.3739e+05
-2.925 3.025 5.8037e+05
-2.925 3.075 5.6919e+05
-2.925 3.125 4.5275e+05
-2.925 3.175 3.9142e+05
-2.925 3.225 3.2069e+05
-2.925 3.275 1.9052e+05
-2.925 3.325 1.6386e+05
-2.925 3.375 9.1703e+04
-2.925 3.425 3.5967e+04
-2.925 3.475 1.2820e+04
-2.925 3.525 7.7733e+03
-2.925 3.575 2.4411e+03
-2.925 3.625 4.9981e+02
-2.925 3.675 1.0155e+02
-2.925 3.725 4.2022e+01
-2.925 3.775 4.1190e+00
-2.925 3.825 0.0000e+00
-2.925 3.875 0.0000e+00
-2.925 3.925 0.0000e+00
-2.925 3.975 0.0000e+00
-2.875 0.025 0.0000e+00
-2.875 0.075 0.0000e+00
-2.875 0.125 0.0000e+00
-2.875 0.175 0.0000e+00
-2.875 0.225 0.0000e+00
-2.875 0.275 0.0000e+00
-2.875 0.325 0.0000e+00
-2.875 0.375 0.0000e+00
-2.875 0.425 0.0000e+00
-2.875 0.475 0.0000e+00
-2.875 0.525 0.0000e+00
-2.875 0.575 0.0000e+00
-2.875 0.625 0.0000e+00
-2.875 0.675 0.0000e+00
-2.875 0.725 0.0000e+00
-2.875 0.775 0.0000e+00
-2.875 0.825 0.0000e+00
-2.875 0.875 0.0000e+00
-2.875 0.925 0.0000e+00
-2.875 0.975 0.0000e+00
-2.875 1.025 0.0000e+00
-2.875 1.075 0.0000e+00
-2.875 1.125 0.0000e+00
-2.875 1.175 0.0000e+00
-2.875 1.225 0.0000e+00
-2.875 1.275 0.0000e+00
-2.875 1.325 0.0000e+00
-2.875 1.375 0.0000e+00
-2.875 1.425 0.0000e+00
-2.875 1.475 0.0000e+00
-2.875 1.525 0.0000e+00
-2.875 1.575 0.0000e+00
-2.875 1.625 0.0000e+00
-2.875 1.675 0.0000e+00
-2.875 1.725 0.0000e+00
-2.875 1.775 0.0000e+00
-2.875 1.825 0.0000e+00
-2.875 1.875 0.0000e+00
-2.875 1.925 0.0000e+00
-2.875 1.975 0.0000e+00
-2.875 2.025 2.3488e+02
-2.875 2.075 4.6603e+02
-2.875 2.125 7.7322e+02
-2.875 2.175 9.7455e+02
-2.875 2.225 1.7474e+03
-2.875 2.275 2.8654e+03
-2.875 2.325 4.9271e+03
-2.875 2.375 8.6369e+03
-2.875 2.425 1.0168e+04
-2.875 2.475 1.4752e+04
-2.875 2.525 2.2997e+04
-2.875 2.575 3.4162e+04
-2.875 2.625 5.2030e+04
-2.875 2.675 7.5200e+04
-2.875 2.725 1.0351e+05
-2.875 2.775 1.6783e+05
-2.875 2.825 2.3616e+05
-2.875 2.875 2.3082e+05
-2.875 2.925 2.4673e+05
-2.875 2.975 3.9242e+05
-2.875 3.025 3.4513e+05
-2.875 3.075 3.4065e+05
-2.875 3.125 2.6441e+05
-2.875 3.175 2.7423e+05
-2.875 3.225 1.6895e+05
-2.875 3.275 1.3480e+05
-2.875 3.325 6.1122e+04
-2.875 3.375 2.6247e+04
-2.875 3.425 1.3382e+04
-2.875 3.475 5.5525e+03
-2.875 3.525 1.9249e+03
-2.875 3.575 2.4918e+02
-2.875 3.625 9.9572e+01
-2.875 3.675 2.3246e+01
-2.875 3.725 1.7597e+00
-2.875 3.775 4.2700e-03
-2.875 3.825 0.0000e+00
-2.875 3.875 0.0000e+00
-2.875 3.925 0.0000e+00
-2.875 3.975 0.0000e+00
-2.825 0.025 0.0000e+00
-2.825 0.075 0.0000e+00
-2.825 0.125 0.0000e+00
-2.825 0.175 0.0000e+00
-2.825 0.225 0.0000e+00
-2.825 0.275 0.0000e+00
-2.825 0.325 0.0000e+00
-2.825 0.375 0.0000e+00
-2.825 0.425 0.0000e+00
-2.825 0.475 0.0000e+00
-2.825 0.525 0.0000e+00
-2.825 0.575 0.0000e+00
-2.825 0.625 0.0000e+00
-2.825 0.675 0.0000e+00
-2.825 0.725 0.0000e+00
-2.825 0.775 0.0000e+00
-2.825 0.825 0.0000e+00
-2.825 0.875 0.0000e+00
-2.825 0.925 0.0000e+00
-2.825 0.975 0.0000e+00
-2.825 1.025 0.0000e+00
-2.825 1.075 0.0000e+00
-2.825 1.125 0.0000e+00
-2.825 1.175 0.0000e+00
-2.825 1.225 0.0000e+00
-2.825 1.275 0.0000e+00
-2.825 1.325 0.0000e+00
-2.825 1.375 0.0000e+00
-2.825 1.425 0.0000e+00
-2.825 1.475 0.0000e+00
-2.825 1.525 0.0000e+00
-2.825 1.575 0.0000e+00
-2.825 1.625 0.0000e+00
-2.825 1.675 0.0000e+00
-2.825 1.725 0.0000e+00
-2.825 1.775 0.0000e+00
-2.825 1.825 0.0000e+00
-2.825 1.875 0.0000e+00
-2.825 1.925 0.0000e+00
-2.825 1.975 0.0000e+00
-2.825 2.025 3.5017e+02
-2.825 2.075 4.2906e+02
-2.825 2.125 5.3392e+02
-2.825 2.175 1.1808e+03
-2.825 2.225 1.7457e+03
-2.825 2.275 2.4290e+03
-2.825 2.325 5.0788e+03
-2.825 2.375 5.5103e+03
-2.825 2.425 1.0116e+04
-2.825 2.475 1.7182e+04
-2.825 2.525 2.4912e+04
-2.825 2.575 3.7222e+04
-2.825 2.625 6.1601e+04
-2.825 2.675 7.1134e+04
-2.825 2.725 1.1118e+05
-2.825 2.775 1.2735e+05
-2.825 2.825 1.1863e+05
-2.825 2.875 1.6999e+05
-2.825 2.925 2.0504e+05
-2.825 2.975 2.5753e+05
-2.825 3.025 1.9678e+05
-2.825 3.075 1.6682e+05
-2.825 3.125 1.1591e+05
-2.825 3.175 1.1691e+05
-2.825 3.225 7.1352e+04
-2.825 3.275 4.1742e+04
-2.825 3.325 1.5888e+04
-2.825 3.375 1.0137e+04
-2.825 3.425 3.2274e+03
-2.825 3.475 1.0349e+03
-2.825 3.525 3.0408e+02
-2.825 3.575 7.7955e+01
-2.825 3.625 1.2013e+01
-2.825 3.675 4.8530e-01
-2.825 3.725 7.6900e-02
-2.825 3.775 0.0000e+00
-2.825 3.825 0.0000e+00
-2.825 3.875 0.0000e+00
-2.825 3.925 0.0000e+00
-2.825 3.975 0.0000e+00
-2.775 0.025 0.0000e+00
-2.775 0.075 0.0000e+00
-2.775 0.125 0.0000e+00
-2.775 0.175 0.0000e+00
-2.775 0.225 0.0000e+00
-2.775 0.275 0.0000e+00
-2.775 0.325 0.0000e+00
-2.775 0.375 0.0000e+00
-2.775 0.425 0.0000e+00
-2.775 0.475 0.0000e+00
-2.775 0.525 0.0000e+00
-2.775 0.575 0.0000e+00
-2.775 0.625 0.0000e+00
-2.775 0.675 0.0000e+00
-2.775 0.725 0.0000e+00
-2.775 0.775 0.0000e+00
-2.775 0.825 0.0000e+00
-2.775 0.875 0.0000e+00
-2.775 0.925 0.0000e+00
-2.775 0.975 0.0000e+00
-2.775 1.025 0.0000e+00
-2.775 1.075 0.0000e+00
-2.775 1.125 0.0000e+00
-2.775 1.175 0.0000e+00
-2.775 1.225 0.0000e+00
-2.775 1.275 0.0000e+00
-2.775 1.325 0.0000e+00
-2.775 1.375 0.0000e+00
-2.775 1.425 0.0000e+00
-2.775 1.475 0.0000e+00
-2.775 1.525 0.0000e+00
-2.775 1.575 0.0000e+00
-2.775 1.625 0.0000e+00
-2.775 1.675 0.0000e+00
-2.775 1.725 0.0000e+00
-2.775 1.775 0.0000e+00
-2.775 1.825 0.0000e+00
-2.775 1.875 0.0000e+00
-2.775 1.925 0.0000e+00
-2.775 1.975 0.0000e+00
-2.775 2.025 2.2401e+02
-2.775 2.075 4.0100e+02
-2.775 2.125 5.8727e+02
-2.775 2.175 9.8425e+02
-2.775 2.225 1.4055e+03
-2.775 2.275 2.0239e+03
-2.775 2.325 2.9909e+03
-2.775 2.375 6.1974e+03
-2.775 2.425 8.7064e+03
-2.775 2.475 1.7205e+04
-2.775 2.525 2.1472e+04
-2.775 2.575 2.7437e+04
-2.775 2.625 3.3720e+04
-2.775 2.675 6.6309e+04
-2.775 2.725 7.8020e+04
-2.775 2.775 1.0871e+05
-2.775 2.825 1.0440e+05
-2.775 2.875 1.1174e+05
-2.775 2.925 1.7312e+05
-2.775 2.975 1.6937e+05
-2.775 3.025 1.6343e+05
-2.775 3.075 1.0292e+05
-2.775 3.125 7.7683e+04
-2.775 3.175 5.1217e+04
-2.775 3.225 2.5974e+04
-2.775 3.275 1.0379e+04
-2.775 3.325 4.2712e+03
-2.775 3.375 2.7307e+03
-2.775 3.425 9.8626e+02
-2.775 3.475 1.0798e+02
-2.775 3.525 7.8837e+01
-2.775 3.575 7.8987e+00
-2.775 3.625 1.4106e+00
-2.775 3.675 5.1536e-02
-2.775 3.725 8.2232e-03
-2.775 3.775 0.0000e+00
-2.775 3.825 0.0000e+00
-2.775 3.875 0.0000e+00
-2.775 3.925 0.0000e+00
-2.775 3.975 0.0000e+00
-2.725 0.025 0.0000e+00
-2.725 0.075 0.0000e+00
-2.725 0.125 0.0000e+00
-2.725 0.175 0.0000e+00
-2.725 0.225 0.0000e+00
-2.725 0.275 0.0000e+00
-2.725 0.325 0.0000e+00
-2.725 0.375 0.0000e+00
-2.725 0.425 0.0000e+00
-2.725 0.475 0.0000e+00
-2.725 0.525 0.0000e+00
-2.725 0.575 0.0000e+00
-2.725 0.625 0.0000e+00
-2.725 0.675 0.0000e+00
-2.725 0.725 0.0000e+00
-2.725 0.775 0.0000e+00
-2.725 0.825 0.0000e+00
-2.725 0.875 0.0000e+00
-2.725 0.925 0.0000e+00
-2.725 0.975 0.0000e+00
-2.725 1.025 0.0000e+00
-2.725 1.075 0.0000e+00
-2.725 1.125 0.0000e+00
-2.725 1.175 0.0000e+00
-2.725 1.225 0.0000e+00
-2.725 1.275 0.0000e+00
-2.725 1.325 0.0000e+00
-2.725 1.375 0.0000e+00
-2.725 1.425 0.0000e+00
-2.725 1.475 0.0000e+00
-2.725 1.525 0.0000e+00
-2.725 1.575 0.0000e+00
-2.725 1.625 0.0000e+00
-2.725 1.675 0.0000e+00
-2.725 1.725 0.0000e+00
-2.725 1.775 0.0000e+00
-2.725 1.825 0.0000e+00
-2.725 1.875 0.0000e+00
-2.725 1.925 0.0000e+00
-2.725 1.975 0.0000e+00
-2.725 2.025 2.0130e+02
-2.725 2.075 3.5209e+02
-2.725 2.125 4.9206e+02
-2.725 2.175 7.6448e+02
-2.725 2.225 1.3607e+03
-2.725 2.275 1.8688e+03
-2.725 2.325 2.7182e+03
-2.725 2.375 4.3949e+03
-2.725 2.425 4.1090e+03
-2.725 2.475 8.2311e+03
-2.725 2.525 1.6300e+04
-2.725 2.575 1.9188e+04
-2.725 2.625 1.9844e+04
-2.725 2.675 2.4155e+04
-2.725 2.725 4.6017e+04
-2.725 2.775 5.2702e+04
-2.725 2.825 6.2062e+04
-2.725 2.875 7.2351e+04
-2.725 2.925 7.1989e+04
-2.725 2.975 6.6459e+04
-2.725 3.025 3.8784e+04
-2.725 3.075 2.0390e+04
-2.725 3.125 2.3220e+04
-2.725 3.175 1.2325e+04
-2.725 3.225 6.7672e+03
-2.725 3.275 3.2558e+03
-2.725 3.325 8.9529e+02
-2.725 3.375 5.4438e+02
-2.725 3.425 1.1870e+02
-2.725 3.475 3.6625e+01
-2.725 3.525 3.8332e+00
-2.725 3.575 3.6886e-01
-2.725 3.625 7.2889e-02
-2.725 3.675 5.3620e-03
-2.725 3.725 0.0000e+00
-2.725 3.775 0.0000e+00
-2.725 3.825 0.0000e+00
-2.725 3.875 0.0000e+00
-2.725 3.925 0.0000e+00
-2.725 3.975 0.0000e+00
-2.675 0.025 0.0000e+00
-2.675 0.075 0.0000e+00
-2.675 0.125 0.0000e+00
-2.675 0.175 0.0000e+00
-2.675 0.225 0.0000e+00
-2.675 0.275 0.0000e+00
-2.675 0.325 0.0000e+00
-2.675 0.375 0.0000e+00
-2.675 0.425 0.0000e+00
-2.675 0.475 0.0000e+00
-2.675 0.525 0.0000e+00
-2.675 0.575 0.0000e+00
-2.675 0.625 0.0000e+00
-2.675 0.675 0.0000e+00
-2.675 0.725 0.0000e+00
-2.675 0.775 0.0000e+00
-2.675 0.825 0.0000e+00
-2.675 0.875 0.0000e+00
-2.675 0.925 0.0000e+00
-2.675 0.975 0.0000e+00
-2.675 1.025 0.0000e+00
-2.675 1.075 0.0000e+00
-2.675 1.125 0.0000e+00
-2.675 1.175 0.0000e+00
-2.675 1.225 0.0000e+00
-2.675 1.275 0.0000e+00
-2.675 1.325 0.0000e+00
-2.675 1.375 0.0000e+00
-2.675 1.425 0.0000e+00
-2.675 1.475 0.0000e+00
-2.675 1.525 0.0000e+00
-2.675 1.575 0.0000e+00
-2.675 1.625 0.0000e+00
-2.675 1.675 0.0000e+00
-2.675 1.725 0.0000e+00
-2.675 1.775 0.0000e+00
-2.675 1.825 0.0000e+00
-2.675 1.875 0.0000e+00
-2.675 1.925 0.0000e+00
-2.675 1.975 0.0000e+00
-2.675 2.025 1.0098e+02
-2.675 2.075 2.1661e+02
-2.675 2.125 3.4138e+02
-2.675 2.175 5.4119e+02
-2.675 2.225 8.3907e+02
-2.675 2.275 1.6099e+03
-2.675 2.325 1.4151e+03
-2.675 2.375 3.0032e+03
-2.675 2.425 3.6567e+03
-2.675 2.475 5.5497e+03
-2.675 2.525 7.8177e+03
-2.675 2.575 1.4293e+04
-2.675 2.625 1.7482e+04
-2.675 2.675 1.9940e+04
-2.675 2.725 1.5362e+04
-2.675 2.775 1.8933e+04
-2.675 2.825 3.4119e+04
-2.675 2.875 3.2674e+04
-2.675 2.925 2.3867e+04
-2.675 2.975 2.0764e+04
-2.675 3.025 1.1852e+04
-2.675 3.075 1.1884e+04
-2.675 3.125 5.6952e+03
-2.675 3.175 5.4206e+03
-2.675 3.225 1.8905e+03
-2.675 3.275 4.2917e+02
-2.675 3.325 1.0055e+02
-2.675 3.375 1.8716e+01
-2.675 3.425 1.2076e+01
-2.675 3.475 5.3771e-01
-2.675 3.525 3.0205e-01
-2.675 3.575 3.1248e-02
-2.675 3.625 0.0000e+00
-2.675 3.675 0.0000e+00
-2.675 3.725 0.0000e+00
-2.675 3.775 0.0000e+00
-2.675 3.825 0.0000e+00
-2.675 3.875 0.0000e+00
-2.675 3.925 0.0000e+00
-2.675 3.975 0.0000e+00
-2.625 0.025 0.0000e+00
-2.625 0.075 0.0000e+00
-2.625 0.125 0.0000e+00
-2.625 0.175 0.0000e+00
-2.625 0.225 0.0000e+00
-2.625 0.275 0.0000e+00
-2.625 0.325 0.0000e+00
-2.625 0.375 0.0000e+00
-2.625 0.425 0.0000e+00
-2.625 0.475 0.0000e+00
-2.625 0.525 0.0000e+00
-2.625 0.575 0.0000e+00
-2.625 0.625 0.0000e+00
-2.625 0.675 0.0000e+00
-2.625 0.725 0.0000e+00
-2.625 0.775 0.0000e+00
-2.625 0.825 0.0000e+00
-2.625 0.875 0.0000e+00
-2.625 0.925 0.0000e+00
-2.625 0.975 0.0000e+00
-2.625 1.025 0.0000e+00
-2.625 1.075 0.0000e+00
-2.625 1.125 0.0000e+00
-2.625 1.175 0.0000e+00
-2.625 1.225 0.0000e+00
-2.625 1.275 0.0000e+00
-2.625 1.325 0.0000e+00
-2.625 1.375 0.0000e+00
-2.625 1.425 0.0000e+00
-2.625 1.475 0.0000e+00
-2.625 1.525 0.0000e+00
-2.625 1.575 0.0000e+00
-2.625 1.625 0.0000e+00
-2.625 1.675 0.0000e+00
-2.625 1.725 0.0000e+00
-2.625 1.775 0.0000e+00
-2.625 1.825 0.0000e+00
-2.625 1.875 0.0000e+00
-2.625 1.925 0.0000e+00
-2.625 1.975 0.0000e+00
-2.625 2.025 9.2856e+01
-2.625 2.075 1.3426e+02
-2.625 2.125 2.4898e+02
-2.625 2.175 4.0066e+02
-2.625 2.225 7.1541e+02
-2.625 2.275 7.0885e+02
-2.625 2.325 1.5967e+03
-2.625 2.375 1.7761e+03
-2.625 2.425 2.6328e+03
-2.625 2.475 3.0780e+03
-2.625 2.525 3.6945e+03
-2.625 2.575 4.8205e+03
-2.625 2.625 7.8988e+03
-2.625 2.675 9.6412e+03
-2.625 2.725 1.4417e+04
-2.625 2.775 8.3674e+03
-2.625 2.825 1.1620e+04
-2.625 2.875 1.0107e+04
-2.625 2.925 9.0925e+03
-2.625 2.975 7.0539e+03
-2.625 3.025 4.8558e+03
-2.625 3.075 2.1006e+03
-2.625 3.125 1.5894e+03
-2.625 3.175 4.0821e+02
-2.625 3.225 9.3964e+01
-2.625 3.275 5.8562e+01
-2.625 3.325 2.9183e+01
-2.625 3.375 1.4413e+00
-2.625 3.425 3.5418e-01
-2.625 3.475 1.4655e-01
-2.625 3.525 1.6485e-02
-2.625 3.575 0.0000e+00
-2.625 3.625 0.0000e+00
-2.625 3.675 0.0000e+00
-2.625 3.725 0.0000e+00
-2.625 3.775 0.0000e+00
-2.625 3.825 0.0000e+00
-2.625 3.875 0.0000e+00
-2.625 3.925 0.0000e+00
-2.625 3.975 0.0000e+00
-2.575 0.025 0.0000e+00
-2.575 0.075 0.0000e+00
-2.575 0.125 0.0000e+00
-2.575 0.175 0.0000e+00
-2.575 0.225 0.0000e+00
-2.575 0.275 0.0000e+00
-2.575 0.325 0.0000e+00
-2.575 0.375 0.0000e+00
-2.575 0.425 0.0000e+00
-2.575 0.475 0.0000e+00
-2.575 0.525 0.0000e+00
-2.575 0.575 0.0000e+00
-2.575 0.625 0.0000e+00
-2.575 0.675 0.0000e+00
-2.575 0.725 0.0000e+00
-2.575 0.775 0.0000e+00
-2.575 0.825 0.0000e+00
-2.575 0.875 0.0000e+00
-2.575 0.925 0.0000e+00
-2.575 0.975 0.0000e+00
-2.575 1.025 0.0000e+00
-2.575 1.075 0.0000e+00
-2.575 1.125 0.0000e+00
-2.575 1.175 0.0000e+00
-2.575 1.225 0.0000e+00
-2.575 1.275 0.0000e+00
-2.575 1.325 0.0000e+00
-2.575 1.375 0.0000e+00
-2.575 1.425 0.0000e+00
-2.575 1.475 0.0000e+00
-2.575 1.525 0.0000e+00
-2.575 1.575 0.0000e+00
-2.575 1.625 0.0000e+00
-2.575 1.675 0.0000e+00
-2.575 1.725 0.0000e+00
-2.575 1.775 0.0000e+00
-2.575 1.825 0.0000e+00
-2.575 1.875 0.0000e+00
-2.575 1.925 0.0000e+00
-2.575 1.975 0.0000e+00
-2.575 2.025 9.8368e+01
-2.575 2.075 9.9215e+01
-2.575 2.125 1.1567e+02
-2.575 2.175 2.6248e+02
-2.575 2.225 3.3679e+02
-2.575 2.275 5.4834e+02
-2.575 2.325 7.2670e+02
-2.575 2.375 9.4815e+02
-2.575 2.425 1.8867e+03
-2.575 2.475 2.0617e+03
-2.575 2.525 2.3582e+03
-2.575 2.575 1.9320e+03
-2.575 2.625 2.8666e+03
-2.575 2.675 4.3606e+03
-2.575 2.725 3.5046e+03
-2.575 2.775 4.4017e+03
-2.575 2.825 3.1540e+03
-2.575 2.875 3.3777e+03
-2.575 2.925 2.9729e+03
-2.575 2.975 1.3111e+03
-2.575 3.025 1.1065e+03
-2.575 3.075 5.2728e+02
-2.575 3.125 4.0311e+02
-2.575 3.175 1.1854e+02
-2.575 3.225 2.1229e+01
-2.575 3.275 4.8537e+00
-2.575 3.325 2.6151e+00
-2.575 3.375 1.3614e-01
-2.575 3.425 1.9441e-02
-2.575 3.475 0.0000e+00
-2.575 3.525 0.0000e+00
-2.575 3.575 0.0000e+00
-2.575 3.625 0.0000e+00
-2.575 3.675 0.0000e+00
-2.575 3.725 0.0000e+00
-2.575 3.775 0.0000e+00
-2.575 3.825 0.0000e+00
-2.575 3.875 0.0000e+00
-2.575 3.925 0.0000e+00
-2.575 3.975 0.0000e+00
-2.525 0.025 0.0000e+00
-2.525 0.075 0.0000e+00
-2.525 0.125 0.0000e+00
-2.525 0.175 0.0000e+00
-2.525 0.225 0.0000e+00
-2.525 0.275 0.0000e+00
-2.525 0.325 0.0000e+00
-2.525 0.375 0.0000e+00
-2.525 0.425 0.0000e+00
-2.525 0.475 0.0000e+00
-2.525 0.525 0.0000e+00
-2.525 0.575 0.0000e+00
-2.525 0.625 0.0000e+00
-2.525 0.675 0.0000e+00
-2.525 0.725 0.0000e+00
-2.525 0.775 0.0000e+00
-2.525 0.825 0.0000e+00
-2.525 0.875 0.0000e+00
-2.525 0.925 0.0000e+00
-2.525 0.975 0.0000e+00
-2.525 1.025 0.0000e+00
-2.525 1.075 0.0000e+00
-2.525 1.125 0.0000e+00
-2.525 1.175 0.0000e+00
-2.525 1.225 0.0000e+00
-2.525 1.275 0.0000e+00
-2.525 1.325 0.0000e+00
-2.525 1.375 0.0000e+00
-2.525 1.425 0.0000e+00
-2.525 1.475 0.0000e+00
-2.525 1.525 0.0000e+00
-2.525 1.575 0.0000e+00
-2.525 1.625 0.0000e+00
-2.525 1.675 0.0000e+00
-2.525 1.725 0.0000e+00
-2.525 1.775 0.0000e+00
-2.525 1.825 0.0000e+00
-2.525 1.875 0.0000e+00
-2.525 1.925 0.0000e+00
-2.525 1.975 0.0000e+00
-2.525 2.025 4.9742e+01
-2.525 2.075 7.7539e+01
-2.525 2.125 1.1734e+02
-2.525 2.175 1.9927e+02
-2.525 2.225 1.6300e+02
-2.525 2.275 3.0464e+02
-2.525 2.325 4.5267e+02
-2.525 2.375 5.7940e+02
-2.525 2.425 9.9048e+02
-2.525 2.475 1.3596e+03
-2.525 2.525 1.4348e+03
-2.525 2.575 1.3413e+03
-2.525 2.625 1.8450e+03
-2.525 2.675 1.7724e+03
-2.525 2.725 1.1429e+03
-2.525 2.775 1.4285e+03
-2.525 2.825 1.3251e+03
-2.525 2.875 9.5611e+02
-2.525 2.925 3.3853e+02
-2.525 2.975 6.5419e+02
-2.525 3.025 2.2251e+02
-2.525 3.075 1.2502e+02
-2.525 3.125 1.7473e+01
-2.525 3.175 1.3946e+01
-2.525 3.225 1.3331e+00
-2.525 3.275 7.1249e-01
-2.525 3.325 1.5029e-01
-2.525 3.375 0.0000e+00
-2.525 3.425 0.0000e+00
-2.525 3.475 0.0000e+00
-2.525 3.525 0.0000e+00
-2.525 3.575 0.0000e+00
-2.525 3.625 0.0000e+00
-2.525 3.675 0.0000e+00
-2.525 3.725 0.0000e+00
-2.525 3.775 0.0000e+00
-2.525 3.825 0.0000e+00
-2.525 3.875 0.0000e+00
-2.525 3.925 0.0000e+00
-2.525 3.975 0.0000e+00
-2.475 0.025 0.0000e+00
-2.475 0.075 0.0000e+00
-2.475 0.125 0.0000e+00
-2.475 0.175 0.0000e+00
-2.475 0.225 0.0000e+00
-2.475 0.275 0.0000e+00
-2.475 0.325 0.0000e+00
-2.475 0.375 0.0000e+00
-2.475 0.425 0.0000e+00
-2.475 0.475 0.0000e+00
-2.475 0.525 0.0000e+00
-2.475 0.575 0.0000e+00
-2.475 0.625 0.0000e+00
-2.475 0.675 0.0000e+00
-2.475 0.725 0.0000e+00
-2.475 0.775 0.0000e+00
-2.475 0.825 0.0000e+00
-2.475 0.875 0.0000e+00
-2.475 0.925 0.0000e+00
-2.475 0.975 0.0000e+00
-2.475 1.025 0.0000e+00
-2.475 1.075 0.0000e+00
-2.475 1.125 0.0000e+00
-2.475 1.175 0.0000e+00
-2.475 1.225 0.0000e+00
-2.475 1.275 0.0000e+00
-2.475 1.325 0.0000e+00
-2.475 1.375 0.0000e+00
-2.475 1.425 0.0000e+00
-2.475 1.475 0.0000e+00
-2.475 1.525 0.0000e+00
-2.475 1.575 0.0000e+00
-2.475 1.625 0.0000e+00
-2.475 1.675 0.0000e+00
-2.475 1.725 0.0000e+00
-2.475 1.775 0.0000e+00
-2.475 1.825 0.0000e+00
-2.475 1.875 0.0000e+00
-2.475 1.925 0.0000e+00
-2.475 1.975 0.0000e+00
-2.475 2.025 3.0551e+01
-2.475 2.075 5.4113e+01
-2.475 2.125 8.4587e+01
-2.475 2.175 1.0540e+02
-2.475 2.225 1.8014e+02
-2.475 2.275 2.7299e+02
-2.475 2.325 4.7676e+02
-2.475 2.375 4.1296e+02
-2.475 2.425 4.2278e+02
-2.475 2.475 6.4772e+02
-2.475 2.525 7.3273e+02
-2.475 2.575 9.4489e+02
-2.475 2.625 7.3702e+02
-2.475 2.675 6.3569e+02
-2.475 2.725 1.0520e+03
-2.475 2.775 4.1723e+02
-2.475 2.825 2.7534e+02
-2.475 2.875 3.3352e+02
-2.475 2.925 1.3173e+02
-2.475 2.975 6.0059e+01
-2.475 3.025 3.3477e+01
-2.475 3.075 7.8753e+00
-2.475 3.125 7.5494e+00
-2.475 3.175 8.3425e-01
-2.475 3.225 4.0417e-01
-2.475 3.275 1.9336e-02
-2.475 3.325 1.2334e-02
-2.475 3.375 0.0000e+00
-2.475 3.425 0.0000e+00
-2.475 3.475 0.0000e+00
-2.475 3.525 0.0000e+00
-2.475 3.575 0.0000e+00
-2.475 3.625 0.0000e+00
-2.475 3.675 0.0000e+00
-2.475 3.725 0.0000e+00
-2.475 3.775 0.0000e+00
-2.475 3.825 0.0000e+00
-2.475 3.875 0.0000e+00
-2.475 3.925 0.0000e+00
-2.475 3.975 0.0000e+00
-2.425 0.025 0.0000e+00
-2.425 0.075 0.0000e+00
-2.425 0.125 0.0000e+00
-2.425 0.175 0.0000e+00
-2.425 0.225 0.0000e+00
-2.425 0.275 0.0000e+00
-2.425 0.325 0.0000e+00
-2.425 0.375 0.0000e+00
-2.425 0.425 0.0000e+00
-2.425 0.475 0.0000e+00
-2.425 0.525 0.0000e+00
-2.425 0.575 0.0000e+00
-2.425 0.625 0.0000e+00
-2.425 0.675 0.0000e+00
-2.425 0.725 0.0000e+00
-2.425 0.775 0.0000e+00
-2.425 0.825 0.0000e+00
-2.425 0.875 0.0000e+00
-2.425 0.925 0.0000e+00
-2.425 0.975 0.0000e+00
-2.425 1.025 0.0000e+00
-2.425 1.075 0.0000e+00
-2.425 1.125 0.0000e+00
-2.425 1.175 0.0000e+00
-2.425 1.225 0.0000e+00
-2.425 1.275 0.0000e+00
-2.425 1.325 0.0000e+00
-2.425 1.375 0.0000e+00
-2.425 1.425 0.0000e+00
-2.425 1.475 0.0000e+00
-2.425 1.525 0.0000e+00
-2.425 1.575 0.0000e+00
-2.425 1.625 0.0000e+00
-2.425 1.675 0.0000e+00
-2.425 1.725 0.0000e+00
-2.425 1.775 0.0000e+00
-2.425 1.825 0.0000e+00
-2.425 1.875 0.0000e+00
-2.425 1.925 0.0000e+00
-2.425 1.975 0.0000e+00
-2.425 2.025 2.7411e+01
-2.425 2.075 4.3877e+01
-2.425 2.125 7.1936e+01
-2.425 2.175 6.4678e+01
-2.425 2.225 1.0860e+02
-2.425 2.275 1.2372e+02
-2.425 2.325 1.7156e+02
-2.425 2.375 2.1799e+02
-2.425 2.425 2.5422e+02
-2.425 2.475 1.8855e+02
-2.425 2.525 3.0169e+02
-2.425 2.575 2.6350e+02
-2.425 2.625 4.4719e+02
-2.425 2.675 2.2921e+02
-2.425 2.725 2.0310e+02
-2.425 2.775 1.7541e+02
-2.425 2.825 1.5721e+02
-2.425 2.875 4.5260e+01
-2.425 2.925 7.7223e+01
-2.425 2.975 1.5626e+01
-2.425 3.025 2.4556e+00
-2.425 3.075 1.1048e+00
-2.425 3.125 3.7429e-01
-2.425 3.175 1.7536e-01
-2.425 3.225 0.0000e+00
-2.425 3.275 0.0000e+00
-2.425 3.325 0.0000e+00
-2.425 3.375 0.0000e+00
-2.425 3.425 0.0000e+00
-2.425 3.475 0.0000e+00
-2.425 3.525 0.0000e+00
-2.425 3.575 0.0000e+00
-2.425 3.625 0.0000e+00
-2.425 3.675 0.0000e+00
-2.425 3.725 0.0000e+00
-2.425 3.775 0.0000e+00
-2.425 3.825 0.0000e+00
-2.425 3.875 0.0000e+00
-2.425 3.925 0.0000e+00
-2.425 3.975 0.0000e+00
-2.375 0.025 0.0000e+00
-2.375 0.075 0.0000e+00
-2.375 0.125 0.0000e+00
-2.375 0.175 0.0000e+00
-2.375 0.225 0.0000e+00
-2.375 0.275 0.0000e+00
-2.375 0.325 0.0000e+00
-2.375 0.375 0.0000e+00
-2.375 0.425 0.0000e+00
-2.375 0.475 0.0000e+00
-2.375 0.525 0.0000e+00
-2.375 0.575 0.0000e+00
-2.375 0.625 0.0000e+00
-2.375 0.675 0.0000e+00
-2.375 0.725 0.0000e+00
-2.375 0.775 0.0000e+00
-2.375 0.825 0.0000e+00
-2.375 0.875 0.0000e+00
-2.375 0.925 0.0000e+00
-2.375 0.975 0.0000e+00
-2.375 1.025 0.0000e+00
-2.375 1.075 0.0000e+00
-2.375 1.125 0.0000e+00
-2.375 1.175 0.0000e+00
-2.375 1.225 0.0000e+00
-2.375 1.275 0.0000e+00
-2.375 1.325 0.0000e+00
-2.375 1.375 0.0000e+00
-2.375 1.425 0.0000e+00
-2.375 1.475 0.0000e+00
-2.375 1.525 0.0000e+00
-2.375 1.575 0.0000e+00
-2.375 1.625 0.0000e+00
-2.375 1.675 0.0000e+00
-2.375 1.725 0.0000e+00
-2.375 1.775 0.0000e+00
-2.375 1.825 0.0000e+00
-2.375 1.875 0.0000e+00
-2.375 1.925 0.0000e+00
-2.375 1.975 0.0000e+00
-2.375 2.025 1.6491e+01
-2.375 2.075 2.0979e+01
-2.375 2.125 3.6420e+01
-2.375 2.175 4.4388e+01
-2.375 2.225 7.2160e+01
-2.375 2.275 8.7501e+01
-2.375 2.325 9.5611e+01
-2.375 2.375 1.2607e+02
-2.375 2.425 1.1801e+02
-2.375 2.475 1.2556e+02
-2.375 2.525 1.0349e+02
-2.375 2.575 1.3629e+02
-2.375 2.625 1.1647e+02
-2.375 2.675 5.9691e+01
-2.375 2.725 5.3495e+01
-2.375 2.775 5.3961e+01
-2.375 2.825 3.2100e+01
-2.375 2.875 2.1852e+01
-2.375 2.925 5.7378e+00
-2.375 2.975 7.5917e-01
-2.375 3.025 3.8783e-01
-2.375 3.075 7.7160e-02
-2.375 3.125 5.0457e-02
-2.375 3.175 1.5573e-02
-2.375 3.225 0.0000e+00
-2.375 3.275 0.0000e+00
-2.375 3.325 0.0000e+00
-2.375 3.375 0.0000e+00
-2.375 3.425 0.0000e+00
-2.375 3.475 0.0000e+00
-2.375 3.525 0.0000e+00
-2.375 3.575 0.0000e+00
-2.375 3.625 0.0000e+00
-2.375 3.675 0.0000e+00
-2.375 3.725 0.0000e+00
-2.375 3.775 0.0000e+00
-2.375 3.825 0.0000e+00
-2.375 3.875 0.0000e+00
-2.375 3.925 0.0000e+00
-2.375 3.975 0.0000e+00
-2.325 0.025 0.0000e+00
-2.325 0.075 0.0000e+00
-2.325 0.125 0.0000e+00
-2.325 0.175 0.0000e+00
-2.325 0.225 0.0000e+00
-2.325 0.275 0.0000e+00
-2.325 0.325 0.0000e+00
-2.325 0.375 0.0000e+00
-2.325 0.425 0.0000e+00
-2.325 0.475 0.0000e+00
-2.325 0.525 0.0000e+00
-2.325 0.575 0.0000e+00
-2.325 0.625 0.0000e+00
-2.325 0.675 0.0000e+00
-2.325 0.725 0.0000e+00
-2.325 0.775 0.0000e+00
-2.325 0.825 0.0000e+00
-2.325 0.875 0.0000e+00
-2.325 0.925 0.0000e+00
-2.325 0.975 0.0000e+00
-2.325 1.025 0.0000e+00
-2.325 1.075 0.0000e+00
-2.325 1.125 0.0000e+00
-2.325 1.175 0.0000e+00
-2.325 1.225 0.0000e+00
-2.325 1.275 0.0000e+00
-2.325 1.325 0.0000e+00
-2.325 1.375 0.0000e+00
-2.325 1.425 0.0000e+00
-2.325 1.475 0.0000e+00
-2.325 1.525 0.0000e+00
-2.325 1.575 0.0000e+00
-2.325 1.625 0.0000e+00
-2.325 1.675 0.0000e+00
-2.325 1.725 0.0000e+00
-2.325 1.775 0.0000e+00
-2.325 1.825 0.0000e+00
-2.325 1.875 0.0000e+00
-2.325 1.925 0.0000e+00
-2.325 1.975 0.0000e+00
-2.325 2.025 1.2273e+01
-2.325 2.075 1.9175e+01
-2.325 2.125 1.7945e+01
-2.325 2.175 2.4266e+01
-2.325 2.225 2.7228e+01
-2.325 2.275 3.2890e+01
-2.325 2.325 3.7368e+01
-2.325 2.375 5.2370e+01
-2.325 2.425 4.7297e+01
-2.325 2.475 6.1172e+01
-2.325 2.525 4.7708e+01
-2.325 2.575 4.6903e+01
-2.325 2.625 2.8177e+01
-2.325 2.675 1.8741e+01
-2.325 2.725 1.0308e+01
-2.325 2.775 1.0223e+01
-2.325 2.825 4.4761e+00
-2.325 2.875 1.3024e+00
-2.325 2.925 5.5079e-01
-2.325 2.975 2.8888e-01
-2.325 3.025 9.5562e-02
-2.325 3.075 2.4999e-02
-2.325 3.125 0.0000e+00
-2.325 3.175 0.0000e+00
-2.325 3.225 0.0000e+00
-2.325 3.275 0.0000e+00
-2.325 3.325 0.0000e+00
-2.325 3.375 0.0000e+00
-2.325 3.425 0.0000e+00
-2.325 3.475 0.0000e+00
-2.325 3.525 0.0000e+00
-2.325 3.575 0.0000e+00
-2.325 3.625 0.0000e+00
-2.325 3.675 0.0000e+00
-2.325 3.725 0.0000e+00
-2.325 3.775 0.0000e+00
-2.325 3.825 0.0000e+00
-2.325 3.875 0.0000e+00
-2.325 3.925 0.0000e+00
-2.325 3.975 0.0000e+00
-2.275 0.025 0.0000e+00
-2.275 0.075 0.0000e+00
-2.275 0.125 0.0000e+00
-2.275 0.175 0.0000e+00
-2.275 0.225 0.0000e+00
-2.275 0.275 0.0000e+00
-2.275 0.325 0.0000e+00
-2.275 0.375 0.0000e+00
-2.275 0.425 0.0000e+00
-2.275 0.475 0.0000e+00
-2.275 0.525 0.0000e+00
-2.275 0.575 0.0000e+00
-2.275 0.625 0.0000e+00
-2.275 0.675 0.0000e+00
-2.275 0.725 0.0000e+00
-2.275 0.775 0.0000e+00
-2.275 0.825 0.0000e+00
-2.275 0.875 0.0000e+00
-2.275 0.925 0.0000e+00
-2.275 0.975 0.0000e+00
-2.275 1.025 0.0000e+00
-2.275 1.075 0.0000e+00
-2.275 1.125 0.0000e+00
-2.275 1.175 0.0000e+00
-2.275 1.225 0.0000e+00
-2.275 1.275 0.0000e+00
-2.275 1.325 0.0000e+00
-2.275 1.375 0.0000e+00
-2.275 1.425 0.0000e+00
-2.275 1.475 0.0000e+00
-2.275 1.525 0.0000e+00
-2.275 1.575 0.0000e+00
-2.275 1.625 0.0000e+00
-2.275 1.675 0.0000e+00
-2.275 1.725 0.0000e+00
-2.275 1.775 0.0000e+00
-2.275 1.825 0.0000e+00
-2.275 1.875 0.0000e+00
-2.275 1.925 0.0000e+00
-2.275 1.975 0.0000e+00
-2.275 2.025 8.2277e+00
-2.275 2.075 1.0844e+01
-2.275 2.125 1.4254e+01
-2.275 2.175 1.7601e+01
-2.275 2.225 2.4587e+01
-2.275 2.275 2.0337e+01
-2.275 2.325 3.1408e+01
-2.275 2.375 2.2166e+01
-2.275 2.425 3.5414e+01
-2.275 2.475 2.0270e+01
-2.275 2.525 3.2783e+01
-2.275 2.575 2.3408e+01
-2.275 2.625 1.0873e+01
-2.275 2.675 8.3679e+00
-2.275 2.725 7.2773e+00
-2.275 2.775 2.3375e+00
-2.275 2.825 1.1037e+00
-2.275 2.875 3.0579e-01
-2.275 2.925 1.5992e-01
-2.275 2.975 1.1771e-02
-2.275 3.025 1.4808e-02
-2.275 3.075 0.0000e+00
-2.275 3.125 0.0000e+00
-2.275 3.175 0.0000e+00
-2.275 3.225 0.0000e+00
-2.275 3.275 0.0000e+00
-2.275 3.325 0.0000e+00
-2.275 3.375 0.0000e+00
-2.275 3.425 0.0000e+00
-2.275 3.475 0.0000e+00
-2.275 3.525 0.0000e+00
-2.275 3.575 0.0000e+00
-2.275 3.625 0.0000e+00
-2.275 3.675 0.0000e+00
-2.275 3.725 0.0000e+00
-2.275 3.775 0.0000e+00
-2.275 3.825 0.0000e+00
-2.275 3.875 0.0000e+00
-2.275 3.925 0.0000e+00
-2.275 3.975 0.0000e+00
-2.225 0.025 0.0000e+00
-2.225 0.075 0.0000e+00
-2.225 0.125 0.0000e+00
-2.225 0.175 0.0000e+00
-2.225 0.225 0.0000e+00
-2.225 0.275 0.0000e+00
-2.225 0.325 0.0000e+00
-2.225 0.375 0.0000e+00
-2.225 0.425 0.0000e+00
-2.225 0.475 0.0000e+00
-2.225 0.525 0.0000e+00
-2.225 0.575 0.0000e+00
-2.225 0.625 0.0000e+00
-2.225 0.675 0.0000e+00
-2.225 0.725 0.0000e+00
-2.225 0.775 0.0000e+00
-2.225 0.825 0.0000e+00
-2.225 0.875 0.0000e+00
-2.225 0.925 0.0000e+00
-2.225 0.975 0.0000e+00
-2.225 1.025 0.0000e+00
-2.225 1.075 0.0000e+00
-2.225 1.125 0.0000e+00
-2.225 1.175 0.0000e+00
-2.225 1.225 0.0000e+00
-2.225 1.275 0.0000e+00
-2.225 1.325 0.0000e+00
-2.225 1.375 0.0000e+00
-2.225 1.425 0.0000e+00
-2.225 1.475 0.0000e+00
-2.225 1.525 0.0000e+00
-2.225 1.575 0.0000e+00
-2.225 1.625 0.0000e+00
-2.225 1.675 0.0000e+00
-2.225 1.725 0.0000e+00
-2.225 1.775 0.0000e+00
-2.225 1.825 0.0000e+00
-2.225 1.875 0.0000e+00
-2.225 1.925 0.0000e+00
-2.225 1.975 0.0000e+00
-2.225 2.025 4.9314e+00
-2.225 2.075 5.7293e+00
-2.225 2.125 9.0329e+00
-2.225 2.175 8.1926e+00
-2.225 2.225 1.0017e+01
-2.225 2.275 1.0931e+01
-2.225 2.325 9.8866e+00
-2.225 2.375 1.4369e+01
-2.225 2.425 6.6355e+00
-2.225 2.475 8.6493e+00
-2.225 2.525 7.3634e+00
-2.225 2.575 2.7871e+00
-2.225 2.625 3.0877e+00
-2.225 2.675 2.0678e+00
-2.225 2.725 8.2773e-01
-2.225 2.775 6.4579e-01
-2.225 2.825 1.5271e-01
-2.225 2.875 5.3725e-02
-2.225 2.925 3.4568e-02
-2.225 2.975 6.7868e-03
-2.225 3.025 0.0000e+00
-2.225 3.075 0.0000e+00
-2.225 3.125 0.0000e+00
-2.225 3.175 0.0000e+00
-2.225 3.225 0.0000e+00
-2.225 3.275 0.0000e+00
-2.225 3.325 0.0000e+00
-2.225 3.375 0.0000e+00
-2.225 3.425 0.0000e+00
-2.225 3.475 0.0000e+00
-2.225 3.525 0.0000e+00
-2.225 3.575 0.0000e+00
-2.225 3.625 0.0000e+00
-2.225 3.675 0.0000e+00
-2.225 3.725 0.0000e+00
-2.225 3.775 0.0000e+00
-2.225 3.825 0.0000e+00
-2.225 3.875 0.0000e+00
-2.225 3.925 0.0000e+00
-2.225 3.975 0.0000e+00
-2.175 0.025 0.0000e+00
-2.175 0.075 0.0000e+00
-2.175 0.125 0.0000e+00
-2.175 0.175 0.0000e+00
-2.175 0.225 0.0000e+00
-2.175 0.275 0.0000e+00
-2.175 0.325 0.0000e+00
-2.175 0.375 0.0000e+00
-2.175 0.425 0.0000e+00
-2.175 0.475 0.0000e+00
-2.175 0.525 0.0000e+00
-2.175 0.575 0.0000e+00
-2.175 0.625 0.0000e+00
-2.175 0.675 0.0000e+00
-2.175 0.725 0.0000e+00
-2.175 0.775 0.0000e+00
-2.175 0.825 0.0000e+00
-2.175 0.875 0.0000e+00
-2.175 0.925 0.0000e+00
-2.175 0.975 0.0000e+00
-2.175 1.025 0.0000e+00
-2.175 1.075 0.0000e+00
-2.175 1.125 0.0000e+00
-2.175 1.175 0.0000e+00
-2.175 1.225 0.0000e+00
-2.175 1.275 0.0000e+00
-2.175 1.325 0.0000e+00
-2.175 1.375 0.0000e+00
-2.175 1.425 0.0000e+00
-2.175 1.475 0.0000e+00
-2.175 1.525 0.0000e+00
-2.175 1.575 0.0000e+00
-2.175 1.625 0.0000e+00
-2.175 1.675 0.0000e+00
-2.175 1.725 0.0000e+00
-2.175 1.775 0.0000e+00
-2.175 1.825 0.0000e+00
-2.175 1.875 0.0000e+00
-2.175 1.925 0.0000e+00
-2.175 1.975 0.0000e+00
-2.175 2.025 2.8267e+00
-2.175 2.075 4.0855e+00
-2.175 2.125 4.0185e+00
-2.175 2.175 2.8575e+00
-2.175 2.225 4.8722e+00
-2.175 2.275 4.5748e+00
-2.175 2.325 4.4840e+00
-2.175 2.375 3.3911e+00
-2.175 2.425 3.0213e+00
-2.175 2.475 1.8965e+00
-2.175 2.525 1.2112e+00
-2.175 2.575 1.2184e+00
-2.175 2.625 6.7262e-01
-2.175 2.675 2.7010e-01
-2.175 2.725 1.4842e-01
-2.175 2.775 9.6011e-02
-2.175 2.825 1.5717e-02
-2.175 2.875 9.5520e-03
-2.175 2.925 3.8256e-03
-2.175 2.975 0.0000e+00
-2.175 3.025 0.0000e+00
-2.175 3.075 0.0000e+00
-2.175 3.125 0.0000e+00
-2.175 3.175 0.0000e+00
-2.175 3.225 0.0000e+00
-2.175 3.275 0.0000e+00
-2.175 3.325 0.0000e+00
-2.175 3.375 0.0000e+00
-2.175 3.425 0.0000e+00
-2.175 3.475 0.0000e+00
-2.175 3.525 0.0000e+00
-2.175 3.575 0.0000e+00
-2.175 3.625 0.0000e+00
-2.175 3.675 0.0000e+00
-2.175 3.725 0.0000e+00
-2.175 3.775 0.0000e+00
-2.175 3.825 0.0000e+00
-2.175 3.875 0.0000e+00
-2.175 3.925 0.0000e+00
-2.175 3.975 0.0000e+00
-2.125 0.025 0.0000e+00
-2.125 0.075 0.0000e+00
-2.125 0.125 0.0000e+00
-2.125 0.175 0.0000e+00
-2.125 0.225 0.0000e+00
-2.125 0.275 0.0000e+00
-2.125 0.325 0.0000e+00
-2.125 0.375 0.0000e+00
-2.125 0.425 0.0000e+00
-2.125 0.475 0.0000e+00
-2.125 0.525 0.0000e+00
-2.125 0.575 0.0000e+00
-2.125 0.625 0.0000e+00
-2.125 0.675 0.0000e+00
-2.125 0.725 0.0000e+00
-2.125 0.775 0.0000e+00
-2.125 0.825 0.0000e+00
-2.125 0.875 0.0000e+00
-2.125 0.925 0.0000e+00
-2.125 0.975 0.0000e+00
-2.125 1.025 0.0000e+00
-2.125 1.075 0.0000e+00
-2.125 1.125 0.0000e+00
-2.125 1.175 0.0000e+00
-2.125 1.225 0.0000e+00
-2.125 1.275 0.0000e+00
-2.125 1.325 0.0000e+00
-2.125 1.375 0.0000e+00
-2.125 1.425 0.0000e+00
-2.125 1.475 0.0000e+00
-2.125 1.525 0.0000e+00
-2.125 1.575 0.0000e+00
-2.125 1.625 0.0000e+00
-2.125 1.675 0.0000e+00
-2.125 1.725 0.0000e+00
-2.125 1.775 0.0000e+00
-2.125 1.825 0.0000e+00
-2.125 1.875 0.0000e+00
-2.125 1.925 0.0000e+00
-2.125 1.975 0.0000e+00
-2.125 2.025 1.9316e+00
-2.125 2.075 1.9447e+00
-2.125 2.125 1.6949e+00
-2.125 2.175 2.8506e+00
-2.125 2.225 2.0976e+00
-2.125 2.275 2.6756e+00
-2.125 2.325 2.0962e+00
-2.125 2.375 2.1448e+00
-2.125 2.425 1.2993e+00
-2.125 2.475 1.4944e+00
-2.125 2.525 6.6417e-01
-2.125 2.575 4.1633e-01
-2.125 2.625 2.2554e-01
-2.125 2.675 7.6806e-02
-2.125 2.725 3.1197e-02
-2.125 2.775 1.2427e-02
-2.125 2.825 3.8919e-03
-2.125 2.875 1.3841e-03
-2.125 2.925 0.0000e+00
-2.125 2.975 0.0000e+00
-2.125 3.025 0.0000e+00
-2.125 3.075 0.0000e+00
-2.125 3.125 0.0000e+00
-2.125 3.175 0.0000e+00
-2.125 3.225 0.0000e+00
-2.125 3.275 0.0000e+00
-2.125 3.325 0.0000e+00
-2.125 3.375 0.0000e+00
-2.125 3.425 0.0000e+00
-2.125 3.475 0.0000e+00
-2.125 3.525 0.0000e+00
-2.125 3.575 0.0000e+00
-2.125 3.625 0.0000e+00
-2.125 3.675 0.0000e+00
-2.125 3.725 0.0000e+00
-2.125 3.775 0.0000e+00
-2.125 3.825 0.0000e+00
-2.125 3.875 0.0000e+00
-2.125 3.925 0.0000e+00
-2.125 3.975 0.0000e+00
-2.075 0.025 0.0000e+00
-2.075 0.075 0.0000e+00
-2.075 0.125 0.0000e+00
-2.075 0.175 0.0000e+00
-2.075 0.225 0.0000e+00
-2.075 0.275 0.0000e+00
-2.075 0.325 0.0000e+00
-2.075 0.375 0.0000e+00
-2.075 0.425 0.0000e+00
-2.075 0.475 0.0000e+00
-2.075 0.525 0.0000e+00
-2.075 0.575 0.0000e+00
-2.075 0.625 0.0000e+00
-2.075 0.675 0.0000e+00
-2.075 0.725 0.0000e+00
-2.075 0.775 0.0000e+00
-2.075 0.825 0.0000e+00
-2.075 0.875 0.0000e+00
-2.075 0.925 0.0000e+00
-2.075 0.975 0.0000e+00
-2.075 1.025 0.0000e+00
-2.075 1.075 0.0000e+00
-2.075 1.125 0.0000e+00
-2.075 1.175 0.0000e+00
-2.075 1.225 0.0000e+00
-2.075 1.275 0.0000e+00
-2.075 1.325 0.0000e+00
-2.075 1.375 0.0000e+00
-2.075 1.425 0.0000e+00
-2.075 1.475 0.0000e+00
-2.075 1.525 0.0000e+00
-2.075 1.575 0.0000e+00
-2.075 1.625 0.0000e+00
-2.075 1.675 0.0000e+00
-2.075 1.725 0.0000e+00
-2.075 1.775 0.0000e+00
-2.075 1.825 0.0000e+00
-2.075 1.875 0.0000e+00
-2.075 1.925 0.0000e+00
-2.075 1.975 0.0000e+00
-2.075 2.025 1.2109e+00
-2.075 2.075 1.1523e+00
-2.075 2.125 1.2410e+00
-2.075 2.175 1.1843e+00
-2.075 2.225 8.7666e-01
-2.075 2.275 7.6146e-01
-2.075 2.325 8.0248e-01
-2.075 2.375 5.5366e-01
-2.075 2.425 5.3179e-01
-2.075 2.475 2.5606e-01
-2.075 2.525 2.1584e-01
-2.075 2.575 5.8098e-02
-2.075 2.625 2.3278e-02
-2.075 2.675 1.3726e-02
-2.075 2.725 5.6757e-03
-2.075 2.775 1.9638e-03
-2.075 2.825 3.4921e-04
-2.075 2.875 0.0000e+00
-2.075 2.925 0.0000e+00
-2.075 2.975 0.0000e+00
-2.075 3.025 0.0000e+00
-2.075 3.075 0.0000e+00
-2.075 3.125 0.0000e+00
-2.075 3.175 0.0000e+00
-2.075 3.225 0.0000e+00
-2.075 3.275 0.0000e+00
-2.075 3.325 0.0000e+00
-2.075 3.375 0.0000e+00
-2.075 3.425 0.0000e+00
-2.075 3.475 0.0000e+00
-2.075 3.525 0.0000e+00
-2.075 3.575 0.0000e+00
-2.075 3.625 0.0000e+00
-2.075 3.675 0.0000e+00
-2.075 3.725 0.0000e+00
-2.075 3.775 0.0000e+00
-2.075 3.825 0.0000e+00
-2.075 3.875 0.0000e+00
-2.075 3.925 0.0000e+00
-2.075 3.975 0.0000e+00
-2.025 0.025 0.0000e+00
-2.025 0.075 0.0000e+00
-2.025 0.125 0.0000e+00
-2.025 0.175 0.0000e+00
-2.025 0.225 0.0000e+00
-2.025 0.275 0.0000e+00
-2.025 0.325 0.0000e+00
-2.025 0.375 0.0000e+00
-2.025 0.425 0.0000e+00
-2.025 0.475 0.0000e+00
-2.025 0.525 0.0000e+00
-2.025 0.575 0.0000e+00
-2.025 0.625 0.0000e+00
-2.025 0.675 0.0000e+00
-2.025 0.725 0.0000e+00
-2.025 0.775 0.0000e+00
-2.025 0.825 0.0000e+00
-2.025 0.875 0.0000e+00
-2.025 0.925 0.0000e+00
-2.025 0.975 0.0000e+00
-2.025 1.025 0.0000e+00
-2.025 1.075 0.0000e+00
-2.025 1.125 0.0000e+00
-2.025 1.175 0.0000e+00
-2.025 1.225 0.0000e+00
-2.025 1.275 0.0000e+00
-2.025 1.325 0.0000e+00
-2.025 1.375 0.0000e+00
-2.025 1.425 0.0000e+00
-2.025 1.475 0.0000e+00
-2.025 1.525 0.0000e+00
-2.025 1.575 0.0000e+00
-2.025 1.625 0.0000e+00
-2.025 1.675 0.0000e+00
-2.025 1.725 0.0000e+00
-2.025 1.775 0.0000e+00
-2.025 1.825 0.0000e+00
-2.025 1.875 0.0000e+00
-2.025 1.925 0.0000e+00
-2.025 1.975 0.0000e+00
-2.025 2.025 5.7724e-01
-2.025 2.075 4.5229e-01
-2.025 2.125 6.3511e-01
-2.025 2.175 5.6606e-01
-2.025 2.225 4.2237e-01
-2.025 2.275 3.8112e-01
-2.025 2.325 1.6524e-01
-2.025 2.375 2.1856e-01
-2.025 2.425 1.5928e-01
-2.025 2.475 9.2691e-02
-2.025 2.525 2.2040e-02
-2.025 2.575 2.0615e-02
-2.025 2.625 7.5404e-03
-2.025 2.675 2.3520e-03
-2.025 2.725 8.5411e-04
-2.025 2.775 1.7174e-04
-2.025 2.825 0.0000e+00
-2.025 2.875 0.0000e+00
-2.025 2.925 0.0000e+00
-2.025 2.975 0.0000e+00
-2.025 3.025 0.0000e+00
-2.025 3.075 0.0000e+00
-2.025 3.125 0.0000e+00
-2.025 3.175 0.0000e+00
-2.025 3.225 0.0000e+00
-2.025 3.275 0.0000e+00
-2.025 3.325 0.0000e+00
-2.025 3.375 0.0000e+00
-2.025 3.425 0.0000e+00
-2.025 3.475 0.0000e+00
-2.025 3.525 0.0000e+00
-2.025 3.575 0.0000e+00
-2.025 3.625 0.0000e+00
-2.025 3.675 0.0000e+00
-2.025 3.725 0.0000e+00
-2.025 3.775 0.0000e+00
-2.025 3.825 0.0000e+00
-2.025 3.875 0.0000e+00
-2.025 3.925 0.0000e+00
-2.025 3.975 0.0000e+00
-1.975 0.025 0.0000e+00
-1.975 0.075 0.0000e+00
-1.975 0.125 0.0000e+00
-1.975 0.175 0.0000e+00
-1.975 0.225 0.0000e+00
-1.975 0.275 0.0000e+00
-1.975 0.325 0.0000e+00
-1.975 0.375 0.0000e+00
-1.975 0.425 0.0000e+00
-1.975 0.475 0.0000e+00
-1.975 0.525 0.0000e+00
-1.975 0.575 0.0000e+00
-1.975 0.625 0.0000e+00
-1.975 0.675 0.0000e+00
-1.975 0.725 0.0000e+00
-1.975 0.775 0.0000e+00
-1.975 0.825 0.0000e+00
-1.975 0.875 0.0000e+00
-1.975 0.925 0.0000e+00
-1.975 0.975 0.0000e+00
-1.975 1.025 0.0000e+00
-1.975 1.075 0.0000e+00
-1.975 1.125 0.0000e+00
-1.975 1.175 0.0000e+00
-1.975 1.225 0.0000e+00
-1.975 1.275 0.0000e+00
-1.975 1.325 0.0000e+00
-1.975 1.375 0.0000e+00
-1.975 1.425 0.0000e+00
-1.975 1.475 0.0000e+00
-1.975 1.525 0.0000e+00
-1.975 1.575 0.0000e+00
-1.975 1.625 0.0000e+00
-1.975 1.675 0.0000e+00
-1.975 1.725 0.0000e+00
-1.975 1.775 0.0000e+00
-1.975 1.825 0.0000e+00
-1.975 1.875 0.0000e+00
-1.975 1.925 0.0000e+00
-1.975 1.975 0.0000e+00
-1.975 2.025 2.3681e-01
-1.975 2.075 2.4540e-01
-1.975 2.125 2.2998e-01
-1.975 2.175 2.1349e-01
-1.975 2.225 1.3059e-01
-1.975 2.275 1.5654e-01
-1.975 2.325 8.5763e-02
-1.975 2.375 7.9338e-02
-1.975 2.425 3.5210e-02
-1.975 2.475 1.5915e-02
-1.975 2.525 6.6731e-03
-1.975 2.575 2.9879e-03
-1.975 2.625 1.4970e-03
-1.975 2.675 5.1808e-04
-1.975 2.725 0.0000e+00
-1.975 2.775 0.0000e+00
-1.975 2.825 0.0000e+00
-1.975 2.875 0.0000e+00
-1.975 2.925 0.0000e+00
-1.975 2.975 0.0000e+00
-1.975 3.025 0.0000e+00
-1.975 3.075 0.0000e+00
-1.975 3.125 0.0000e+00
-1.975 3.175 0.0000e+00
-1.975 3.225 0.0000e+00
-1.975 3.275 0.0000e+00
-1.975 3.325 0.0000e+00
-1.975 3.375 0.0000e+00
-1.975 3.425 0.0000e+00
-1.975 3.475 0.0000e+00
-1.975 3.525 0.0000e+00
-1.975 3.575 0.0000e+00
-1.975 3.625 0.0000e+00
-1.975 3.675 0.0000e+00
-1.975 3.725 0.0000e+00
-1.975 3.775 0.0000e+00
-1.975 3.825 0.0000e+00
-1.975 3.875 0.0000e+00
-1.975 3.925 0.0000e+00
-1.975 3.975 0.0000e+00
-1.925 0.025 0.0000e+00
-1.925 0.075 0.0000e+00
-1.925 0.125 0.0000e+00
-1.925 0.175 0.0000e+00
-1.925 0.225 0.0000e+00
-1.925 0.275 0.0000e+00
-1.925 0.325 0.0000e+00
-1.925 0.375 0.0000e+00
-1.925 0.425 0.0000e+00
-1.925 0.475 0.0000e+00
-1.925 0.525 0.0000e+00
-1.925 0.575 0.0000e+00
-1.925 0.625 0.0000e+00
-1.925 0.675 0.0000e+00
-1.925 0.725 0.0000e+00
-1.925 0.775 0.0000e+00
-1.925 0.825 0.0000e+00
-1.925 0.875 0.0000e+00
-1.925 0.925 0.0000e+00
-1.925 0.975 0.0000e+00
-1.925 1.025 0.0000e+00
-1.925 1.075 0.0000e+00
-1.925 1.125 0.0000e+00
-1.925 1.175 0.0000e+00
-1.925 1.225 0.0000e+00
-1.925 1.275 0.0000e+00
-1.925 1.325 0.0000e+00
-1.925 1.375 0.0000e+00
-1.925 1.425 0.0000e+00
-1.925 1.475 0.0000e+00
-1.925 1.525 0.0000e+00
-1.925 1.575 0.0000e+00
-1.925 1.625 0.0000e+00
-1.925 1.675 0.0000e+00
-1.925 1.725 0.0000e+00
-1.925 1.775 0.0000e+00
-1.925 1.825 0.0000e+00
-1.925 1.875 0.0000e+00
-1.925 1.925 0.0000e+00
-1.925 1.975 0.0000e+00
-1.925 2.025 1.2122e-01
-1.925 2.075 1.1500e-01
-1.925 2.125 1.0607e-01
-1.925 2.175 8.2593e-02
-1.925 2.225 8.6905e-02
-1.925 2.275 5.0232e-02
-1.925 2.325 2.6532e-02
-1.925 2.375 1.8522e-02
-1.925 2.425 5.7990e-03
-1.925 2.475 2.8357e-03
-1.925 2.525 8.8157e-04
-1.925 2.575 4.7629e-04
-1.925 2.625 2.0667e-04
-1.925 2.675 8.0446e-05
-1.925 2.725 0.0000e+00
-1.925 2.775 0.0000e+00
-1.925 2.825 0.0000e+00
-1.925 2.875 0.0000e+00
-1.925 2.925 0.0000e+00
-1.925 2.975 0.0000e+00
-1.925 3.025 0.0000e+00
-1.925 3.075 0.0000e+00
-1.925 3.125 0.0000e+00
-1.925 3.175 0.0000e+00
-1.925 3.225 0.0000e+00
-1.925 3.275 0.0000e+00
-1.925 3.325 0.0000e+00
-1.925 3.375 0.0000e+00
-1.925 3.425 0.0000e+00
-1.925 3.475 0.0000e+00
-1.925 3.525 0.0000e+00
-1.925 3.575 0.0000e+00
-1.925 3.625 0.0000e+00
-1.925 3.675 0.0000e+00
-1.925 3.725 0.0000e+00
-1.925 3.775 0.0000e+00
-1.925 3.825 0.0000e+00
-1.925 3.875 0.0000e+00
-1.925 3.925 0.0000e+00
-1.925 3.975 0.0000e+00
-1.875 0.025 0.0000e+00
-1.875 0.075 0.0000e+00
-1.875 0.125 0.0000e+00
-1.875 0.175 0.0000e+00
-1.875 0.225 0.0000e+00
-1.875 0.275 0.0000e+00
-1.875 0.325 0.0000e+00
-1.875 0.375 0.0000e+00
-1.875 0.425 0.0000e+00
-1.875 0.475 0.0000e+00
-1.875 0.525 0.0000e+00
-1.875 0.575 0.0000e+00
-1.875 0.625 0.0000e+00
-1.875 0.675 0.0000e+00
-1.875 0.725 0.0000e+00
-1.875 0.775 0.0000e+00
-1.875 0.825 0.0000e+00
-1.875 0.875 0.0000e+00
-1.875 0.925 0.0000e+00
-1.875 0.975 0.0000e+00
-1.875 1.025 0.0000e+00
-1.875 1.075 0.0000e+00
-1.875 1.125 0.0000e+00
-1.875 1.175 0.0000e+00
-1.875 1.225 0.0000e+00
-1.875 1.275 0.0000e+00
-1.875 1.325 0.0000e+00
-1.875 1.375 0.0000e+00
-1.875 1.425 0.0000e+00
-1.875 1.475 0.0000e+00
-1.875 1.525 0.0000e+00
-1.875 1.575 0.0000e+00
-1.875 1.625 0.0000e+00
-1.875 1.675 0.0000e+00
-1.875 1.725 0.0000e+00
-1.875 1.775 0.0000e+00
-1.875 1.825 0.0000e+00
-1.875 1.875 0.0000e+00
-1.875 1.925 0.0000e+00
-1.875 1.975 0.0000e+00
-1.875 2.025 5.0593e-02
-1.875 2.075 4.7266e-02
-1.875 2.125 4.4057e-02
-1.875 2.175 2.6488e-02
-1.875 2.225 2.1602e-02
-1.875 2.275 1.1692e-02
-1.875 2.325 8.3091e-03
-1.875 2.375 2.7759e-03
-1.875 2.425 1.8353e-03
-1.875 2.475 7.6304e-04
-1.875 2.525 1.5906e-04
-1.875 2.575 8.7529e-05
-1.875 2.625 0.0000e+00
-1.875 2.675 0.0000e+00
-1.875 2.725 0.0000e+00
-1.875 2.775 0.0000e+00
-1.875 2.825 0.0000e+00
-1.875 2.875 0.0000e+00
-1.875 2.925 0.0000e+00
-1.875 2.975 0.0000e+00
-1.875 3.025 0.0000e+00
-1.875 3.075 0.0000e+00
-1.875 3.125 0.0000e+00
-1.875 3.175 0.0000e+00
-1.875 3.225 0.0000e+00
-1.875 3.275 0.0000e+00
-1.875 3.325 0.0000e+00
-1.875 3.375 0.0000e+00
-1.875 3.425 0.0000e+00
-1.875 3.475 0.0000e+00
-1.875 3.525 0.0000e+00
-1.875 3.575 0.0000e+00
-1.875 3.625 0.0000e+00
-1.875 3.675 0.0000e+00
-1.875 3.725 0.0000e+00
-1.875 3.775 0.0000e+00
-1.875 3.825 0.0000e+00
-1.875 3.875 0.0000e+00
-1.875 3.925 0.0000e+00
-1.875 3.975 0.0000e+00
-1.825 0.025 0.0000e+00
-1.825 0.075 0.0000e+00
-1.825 0.125 0.0000e+00
-1.825 0.175 0.0000e+00
-1.825 0.225 0.0000e+00
-1.825 0.275 0.0000e+00
-1.825 0.325 0.0000e+00
-1.825 0.375 0.0000e+00
-1.825 0.425 0.0000e+00
-1.825 0.475 0.0000e+00
-1.825 0.525 0.0000e+00
-1.825 0.575 0.0000e+00
-1.825 0.625 0.0000e+00
-1.825 0.675 0.0000e+00
-1.825 0.725 0.0000e+00
-1.825 0.775 0.0000e+00
-1.825 0.825 0.0000e+00
-1.825 0.875 0.0000e+00
-1.825 0.925 0.0000e+00
-1.825 0.975 0.0000e+00
-1.825 1.025 0.0000e+00
-1.825 1.075 0.0000e+00
-1.825 1.125 0.0000e+00
-1.825 1.175 0.0000e+00
-1.825 1.225 0.0000e+00
-1.825 1.275 0.0000e+00
-1.825 1.325 0.0000e+00
-1.825 1.375 0.0000e+00
-1.825 1.425 0.0000e+00
-1.825 1.475 0.0000e+00
-1.825 1.525 0.0000e+00
-1.825 1.575 0.0000e+00
-1.825 1.625 0.0000e+00
-1.825 1.675 0.0000e+00
-1.825 1.725 0.0000e+00
-1.825 1.775 0.0000e+00
-1.825 1.825 0.0000e+00
-1.825 1.875 0.0000e+00
-1.825 1.925 0.0000e+00
-1.825 1.975 0.0000e+00
-1.825 2.025 2.4086e-02
-1.825 2.075 2.2267e-02
-1.825 2.125 1.4088e-02
-1.825 2.175 8.9973e-03
-1.825 2.225 6.5315e-03
-1.825 2.275 4.5620e-03
-1.825 2.325 1.8565e-03
-1.825 2.375 5.2943e-04
-1.825 2.425 2.6600e-04
-1.825 2.475 4.6231e-05
-1.825 2.525 4.2092e-05
-1.825 2.575 0.0000e+00
-1.825 2.625 0.0000e+00
-1.825 2.675 0.0000e+00
-1.825 2.725 0.0000e+00
-1.825 2.775 0.0000e+00
-1.825 2.825 0.0000e+00
-1.825 2.875 0.0000e+00
-1.825 2.925 0.0000e+00
-1.825 2.975 0.0000e+00
-1.825 3.025 0.0000e+00
-1.825 3.075 0.0000e+00
-1.825 3.125 0.0000e+00
-1.825 3.175 0.0000e+00
-1.825 3.225 0.0000e+00
-1.825 3.275 0.0000e+00
-1.825 3.325 0.0000e+00
-1.825 3.375 0.0000e+00
-1.825 3.425 0.0000e+00
-1.825 3.475 0.0000e+00
-1.825 3.525 0.0000e+00
-1.825 3.575 0.0000e+00
-1.825 3.625 0.0000e+00
-1.825 3.675 0.0000e+00
-1.825 3.725 0.0000e+00
-1.825 3.775 0.0000e+00
-1.825 3.825 0.0000e+00
-1.825 3.875 0.0000e+00
-1.825 3.925 0.0000e+00
-1.825 3.975 0.0000e+00
-1.775 0.025 0.0000e+00
-1.775 0.075 0.0000e+00
-1.775 0.125 0.0000e+00
-1.775 0.175 0.0000e+00
-1.775 0.225 0.0000e+00
-1.775 0.275 0.0000e+00
-1.775 0.325 0.0000e+00
-1.775 0.375 0.0000e+00
-1.775 0.425 0.0000e+00
-1.775 0.475 0.0000e+00
-1.775 0.525 0.0000e+00
-1.775 0.575 0.0000e+00
-1.775 0.625 0.0000e+00
-1.775 0.675 0.0000e+00
-1.775 0.725 0.0000e+00
-1.775 0.775 0.0000e+00
-1.775 0.825 0.0000e+00
-1.775 0.875 0.0000e+00
-1.775 0.925 0.0000e+00
-1.775 0.975 0.0000e+00
-1.775 1.025 0.0000e+00
-1.775 1.075 0.0000e+00
-1.775 1.125 0.0000e+00
-1.775 1.175 0.0000e+00
-1.775 1.225 0.0000e+00
-1.775 1.275 0.0000e+00
-1.775 1.325 0.0000e+00
-1.775 1.375 0.0000e+00
-1.775 1.425 0.0000e+00
-1.775 1.475 0.0000e+00
-1.775 1.525 0.0000e+00
-1.775 1.575 0.0000e+00
-1.775 1.625 0.0000e+00
-1.775 1.675 0.0000e+00
-1.775 1.725 0.0000e+00
-1.775 1.775 0.0000e+00
-1.775 1.825 0.0000e+00
-1.775 1.875 0.0000e+00
-1.775 1.925 0.0000e+00
-1.775 1.975 0.0000e+00
-1.775 2.025 8.6826e-03
-1.775 2.075 6.8016e-03
-1.775 2.125 4.4252e-03
-1.775 2.175 3.5891e-03
-1.775 2.225 1.5613e-03
-1.775 2.275 8.0177e-04
-1.775 2.325 3.8144e-04
-1.775 2.375 1.4641e-04
-1.775 2.425 1.5772e-05
-1.775 2.475 2.0256e-05
-1.775 2.525 0.0000e+00
-1.775 2.575 0.0000e+00
-1.775 2.625 0.0000e+00
-1.775 2.675 0.0000e+00
-1.775 2.725 0.0000e+00
-1.775 2.775 0.0000e+00
-1.775 2.825 0.0000e+00
-1.775 2.875 0.0000e+00
-1.775 2.925 0.0000e+00
-1.775 2.975 0.0000e+00
-1.775 3.025 0.0000e+00
-1.775 3.075 0.0000e+00
-1.775 3.125 0.0000e+00
-1.775 3.175 0.0000e+00
-1.775 3.225 0.0000e+00
-1.775 3.275 0.0000e+00
-1.775 3.325 0.0000e+00
-1.775 3.375 0.0000e+00
-1.775 3.425 0.0000e+00
-1.775 3.475 0.0000e+00
-1.775 3.525 0.0000e+00
-1.775 3.575 0.0000e+00
-1.775 3.625 0.0000e+00
-1.775 3.675 0.0000e+00
-1.775 3.725 0.0000e+00
-1.775 3.775 0.0000e+00
-1.775 3.825 0.0000e+00
-1.775 3.875 0.0000e+00
-1.775 3.925 0.0000e+00
-1.775 3.975 0.0000e+00
-1.725 0.025 0.0000e+00
-1.725 0.075 0.0000e+00
-1.725 0.125 0.0000e+00
-1.725 0.175 0.0000e+00
-1.725 0.225 0.0000e+00
-1.725 0.275 0.0000e+00
-1.725 0.325 0.0000e+00
-1.725 0.375 0.0000e+00
-1.725 0.425 0.0000e+00
-1.725 0.475 0.0000e+00
-1.725 0.525 0.0000e+00
-1.725 0.575 0.0000e+00
-1.725 0.625 0.0000e+00
-1.725 0.675 0.0000e+00
-1.725 0.725 0.0000e+00
-1.725 0.775 0.0000e+00
-1.725 0.825 0.0000e+00
-1.725 0.875 0.0000e+00
-1.725 0.925 0.0000e+00
-1.725 0.975 0.0000e+00
-1.725 1.025 0.0000e+00
-1.725 1.075 0.0000e+00
-1.725 1.125 0.0000e+00
-1.725 1.175 0.0000e+00
-1.725 1.225 0.0000e+00
-1.725 1.275 0.0000e+00
-1.725 1.325 0.0000e+00
-1.725 1.375 0.0000e+00
-1.725 1.425 0.0000e+00
-1.725 1.475 0.0000e+00
-1.725 1.525 0.0000e+00
-1.725 1.575 0.0000e+00
-1.725 1.625 0.0000e+00
-1.725 1.675 0.0000e+00
-1.725 1.725 0.0000e+00
-1.725 1.775 0.0000e+00
-1.725 1.825 0.0000e+00
-1.725 1.875 0.0000e+00
-1.725 1.925 0.0000e+00
-1.725 1.975 0.0000e+00
-1.725 2.025 3.0771e-03
-1.725 2.075 2.0608e-03
-1.725 2.125 1.3554e-03
-1.725 2.175 6.8457e-04
-1.725 2.225 3.1273e-04
-1.725 2.275 1.0969e-04
-1.725 2.325 5.2821e-05
-1.725 2.375 7.6164e-06
-1.725 2.425 9.7684e-06
-1.725 2.475 0.0000e+00
-1.725 2.525 0.0000e+00
-1.725 2.575 0.0000e+00
-1.725 2.625 0.0000e+00
-1.725 2.675 0.0000e+00
-1.725 2.725 0.0000e+00
-1.725 2.775 0.0000e+00
-1.725 2.825 0.0000e+00
-1.725 2.875 0.0000e+00
-1.725 2.925 0.0000e+00
-1.725 2.975 0.0000e+00
-1.725 3.025 0.0000e+00
-1.725 3.075 0.0000e+00
-1.725 3.125 0.0000e+00
-1.725 3.175 0.0000e+00
-1.725 3.225 0.0000e+00
-1.725 3.275 0.0000e+00
-1.725 3.325 0.0000e+00
-1.725 3.375 0.0000e+00
-1.725 3.425 0.0000e+00
-1.725 3.475 0.0000e+00
-1.725 3.525 0.0000e+00
-1.725 3.575 0.0000e+00
-1.725 3.625 0.0000e+00
-1.725 3.675 0.0000e+00
-1.725 3.725 0.0000e+00
-1.725 3.775 0.0000e+00
-1.725 3.825 0.0000e+00
-1.725 3.875 0.0000e+00
-1.725 3.925 0.0000e+00
-1.725 3.975 0.0000e+00
-1.675 0.025 0.0000e+00
-1.675 0.075 0.0000e+00
-1.675 0.125 0.0000e+00
-1.675 0.175 0.0000e+00
-1.675 0.225 0.0000e+00
-1.675 0.275 0.0000e+00
-1.675 0.325 0.0000e+00
-1.675 0.375 0.0000e+00
-1.675 0.425 0.0000e+00
-1.675 0.475 0.0000e+00
-1.675 0.525 0.0000e+00
-1.675 0.575 0.0000e+00
-1.675 0.625 0.0000e+00
-1.675 0.675 0.0000e+00
-1.675 0.725 0.0000e+00
-1.675 0.775 0.0000e+00
-1.675 0.825 0.0000e+00
-1.675 0.875 0.0000e+00
-1.675 0.925 0.0000e+00
-1.675 0.975 0.0000e+00
-1.675 1.025 0.0000e+00
-1.675 1.075 0.0000e+00
-1.675 1.125 0.0000e+00
-1.675 1.175 0.0000e+00
-1.675 1.225 0.0000e+00
-1.675 1.275 0.0000e+00
-1.675 1.325 0.0000e+00
-1.675 1.375 0.0000e+00
-1.675 1.425 0.0000e+00
-1.675 1.475 0.0000e+00
-1.675 1.525 0.0000e+00
-1.675 1.575 0.0000e+00
-1.675 1.625 0.0000e+00
-1.675 1.675 0.0000e+00
-1.675 1.725 0.0000e+00
-1.675 1.775 0.0000e+00
-1.675 1.825 0.0000e+00
-1.675 1.875 0.0000e+00
-1.675 1.925 0.0000e+00
-1.675 1.975 0.0000e+00
-1.675 2.025 1.0116e-03
-1.675 2.075 6.6422e-04
-1.675 2.125 3.3490e-04
-1.675 2.175 1.5270e-04
-1.675 2.225 5.3429e-05
-1.675 2.275 2.5679e-05
-1.675 2.325 3.6911e-06
-1.675 2.375 4.7250e-06
-1.675 2.425 0.0000e+00
-1.675 2.475 0.0000e+00
-1.675 2.525 0.0000e+00
-1.675 2.575 0.0000e+00
-1.675 2.625 0.0000e+00
-1.675 2.675 0.0000e+00
-1.675 2.725 0.0000e+00
-1.675 2.775 0.0000e+00
-1.675 2.825 0.0000e+00
-1.675 2.875 0.0000e+00
-1.675 2.925 0.0000e+00
-1.675 2.975 0.0000e+00
-1.675 3.025 0.0000e+00
-1.675 3.075 0.0000e+00
-1.675 3.125 0.0000e+00
-1.675 3.175 0.0000e+00
-1.675 3.225 0.0000e+00
-1.675 3.275 0.0000e+00
-1.675 3.325 0.0000e+00
-1.675 3.375 0.0000e+00
-1.675 3.425 0.0000e+00
-1.675 3.475 0.0000e+00
-1.675 3.525 0.0000e+00
-1.675 3.575 0.0000e+00
-1.675 3.625 0.0000e+00
-1.675 3.675 0.0000e+00
-1.675 3.725 0.0000e+00
-1.675 3.775 0.0000e+00
-1.675 3.825 0.0000e+00
-1.675 3.875 0.0000e+00
-1.675 3.925 0.0000e+00
-1.675 3.975 0.0000e+00
-1.625 0.025 0.0000e+00
-1.625 0.075 0.0000e+00
-1.625 0.125 0.0000e+00
-1.625 0.175 0.0000e+00
-1.625 0.225 0.0000e+00
-1.625 0.275 0.0000e+00
-1.625 0.325 0.0000e+00
-1.625 0.375 0.0000e+00
-1.625 0.425 0.0000e+00
-1.625 0.475 0.0000e+00
-1.625 0.525 0.0000e+00
-1.625 0.575 0.0000e+00
-1.625 0.625 0.0000e+00
-1.625 0.675 0.0000e+00
-1.625 0.725 0.0000e+00
-1.625 0.775 0.0000e+00
-1.625 0.825 0.0000e+00
-1.625 0.875 0.0000e+00
-1.625 0.925 0.0000e+00
-1.625 0.975 0.0000e+00
-1.625 1.025 0.0000e+00
-1.625 1.075 0.0000e+00
-1.625 1.125 0.0000e+00
-1.625 1.175 0.0000e+00
-1.625 1.225 0.0000e+00
-1.625 1.275 0.0000e+00
-1.625 1.325 0.0000e+00
-1.625 1.375 0.0000e+00
-1.625 1.425 0.0000e+00
-1.625 1.475 0.0000e+00
-1.625 1.525 0.0000e+00
-1.625 1.575 0.0000e+00
-1.625 1.625 0.0000e+00
-1.625 1.675 0.0000e+00
-1.625 1.725 0.0000e+00
-1.625 1.775 0.0000e+00
-1.625 1.825 0.0000e+00
-1.625 1.875 0.0000e+00
-1.625 1.925 0.0000e+00
-1.625 1.975 0.0000e+00
-1.625 2.025 3.2641e-04
-1.625 2.075 1.6433e-04
-1.625 2.125 7.4800e-05
-1.625 2.175 2.6115e-05
-1.625 2.225 1.2529e-05
-1.625 2.275 1.7953e-06
-1.625 2.325 2.2934e-06
-1.625 2.375 0.0000e+00
-1.625 2.425 0.0000e+00
-1.625 2.475 0.0000e+00
-1.625 2.525 0.0000e+00
-1.625 2.575 0.0000e+00
-1.625 2.625 0.0000e+00
-1.625 2.675 0.0000e+00
-1.625 2.725 0.0000e+00
-1.625 2.775 0.0000e+00
-1.625 2.825 0.0000e+00
-1.625 2.875 0.0000e+00
-1.625 2.925 0.0000e+00
-1.625 2.975 0.0000e+00
-1.625 3.025 0.0000e+00
-1.625 3.075 0.0000e+00
-1.625 3.125 0.0000e+00
-1.625 3.175 0.0000e+00
-1.625 3.225 0.0000e+00
-1.625 3.275 0.0000e+00
-1.625 3.325 0.0000e+00
-1.625 3.375 0.0000e+00
-1.625 3.425 0.0000e+00
-1.625 3.475 0.0000e+00
-1.625 3.525 0.0000e+00
-1.625 3.575 0.0000e+00
-1.625 3.625 0.0000e+00
-1.625 3.675 0.0000e+00
-1.625 3.725 0.0000e+00
-1.625 3.775 0.0000e+00
-1.625 3.825 0.0000e+00
-1.625 3.875 0.0000e+00
-1.625 3.925 0.0000e+00
-1.625 3.975 0.0000e+00
-1.575 0.025 0.0000e+00
-1.575 0.075 0.0000e+00
-1.575 0.125 0.0000e+00
-1.575 0.175 0.0000e+00
-1.575 0.225 0.0000e+00
-1.575 0.275 0.0000e+00
-1.575 0.325 0.0000e+00
-1.575 0.375 0.0000e+00
-1.575 0.425 0.0000e+00
-1.575 0.475 0.0000e+00
-1.575 0.525 0.0000e+00
-1.575 0.575 0.0000e+00
-1.575 0.625 0.0000e+00
-1.575 0.675 0.0000e+00
-1.575 0.725 0.0000e+00
-1.575 0.775 0.0000e+00
-1.575 0.825 0.0000e+00
-1.575 0.875 0.0000e+00
-1.575 0.925 0.0000e+00
-1.575 0.975 0.0000e+00
-1.575 1.025 0.0000e+00
-1.575 1.075 0.0000e+00
-1.575 1.125 0.0000e+00
-1.575 1.175 0.0000e+00
-1.575 1.225 0.0000e+00
-1.575 1.275 0.0000e+00
-1.575 1.325 0.0000e+00
-1.575 1.375 0.0000e+00
-1.575 1.425 0.0000e+00
-1.575 1.475 0.0000e+00
-1.575 1.525 0.0000e+00
-1.575 1.575 0.0000e+00
-1.575 1.625 0.0000e+00
-1.575 1.675 0.0000e+00
-1.575 1.725 0.0000e+00
-1.575 1.775 0.0000e+00
-1.575 1.825 0.0000e+00
-1.575 1.875 0.0000e+00
-1.575 1.925 0.0000e+00
-1.575 1.975 0.0000e+00
-1.575 2.025 8.0853e-05
-1.575 2.075 3.6748e-05
-1.575 2.125 1.2805e-05
-1.575 2.175 6.1333e-06
-1.575 2.225 8.7634e-07
-1.575 2.275 1.1171e-06
-1.575 2.325 0.0000e+00
-1.575 2.375 0.0000e+00
-1.575 2.425 0.0000e+00
-1.575 2.475 0.0000e+00
-1.575 2.525 0.0000e+00
-1.575 2.575 0.0000e+00
-1.575 2.625 0.0000e+00
-1.575 2.675 0.0000e+00
-1.575 2.725 0.0000e+00
-1.575 2.775 0.0000e+00
-1.575 2.825 0.0000e+00
-1.575 2.875 0.0000e+00
-1.575 2.925 0.0000e+00
-1.575 2.975 0.0000e+00
-1.575 3.025 0.0000e+00
-1.575 3.075 0.0000e+00
-1.575 3.125 0.0000e+00
-1.575 3.175 0.0000e+00
-1.575 3.225 0.0000e+00
-1.575 3.275 0.0000e+00
-1.575 3.325 0.0000e+00
-1.575 3.375 0.0000e+00
-1.575 3.425 0.0000e+00
-1.575 3.475 0.0000e+00
-1.575 3.525 0.0000e+00
-1.575 3.575 0.0000e+00
-1.575 3.625 0.0000e+00
-1.575 3.675 0.0000e+00
-1.575 3.725 0.0000e+00
-1.575 3.775 0.0000e+00
-1.575 3.825 0.0000e+00
-1.575 3.875 0.0000e+00
-1.575 3.925 0.0000e+00
-1.575 3.975 0.0000e+00
-1.525 0.025 0.0000e+00
-1.525 0.075 0.0000e+00
-1.525 0.125 0.0000e+00
-1.525 0.175 0.0000e+00
-1.525 0.225 0.0000e+00
-1.525 0.275 0.0000e+00
-1.525 0.325 0.0000e+00
-1.525 0.375 0.0000e+00
-1.525 0.425 0.0000e+00
-1.525 0.475 0.0000e+00
-1.525 0.525 0.0000e+00
-1.525 0.575 0.0000e+00
-1.525 0.625 0.0000e+00
-1.525 0.675 0.0000e+00
-1.525 0.725 0.0000e+00
-1.525 0.775 0.0000e+00
-1.525 0.825 0.0000e+00
-1.525 0.875 0.0000e+00
-1.525 0.925 0.0000e+00
-1.525 0.975 0.0000e+00
-1.525 1.025 0.0000e+00
-1.525 1.075 0.0000e+00
-1.525 1.125 0.0000e+00
-1.525 1.175 0.0000e+00
-1.525 1.225 0.0000e+00
-1.525 1.275 0.0000e+00
-1.525 1.325 0.0000e+00
-1.525 1.375 0.0000e+00
-1.525 1.425 0.0000e+00
-1.525 1.475 0.0000e+00
-1.525 1.525 0.0000e+00
-1.525 1.575 0.0000e+00
-1.525 1.625 0.0000e+00
-1.525 1.675 0.0000e+00
-1.525 1.725 0.0000e+00
-1.525 1.775 0.0000e+00
-1.525 1.825 0.0000e+00
-1.525 1.875 0.0000e+00
-1.525 1.925 0.0000e+00
-1.525 1.975 0.0000e+00
-1.525 2.025 1.8101e-05
-1.525 2.075 6.2967e-06
-1.525 2.125 3.0117e-06
-1.525 2.175 4.2919e-07
-1.525 2.225 5.4600e-07
-1.525 2.275 0.0000e+00
-1.525 2.325 0.0000e+00
-1.525 2.375 0.0000e+00
-1.525 2.425 0.0000e+00
-1.525 2.475 0.0000e+00
-1.525 2.525 0.0000e+00
-1.525 2.575 0.0000e+00
-1.525 2.625 0.0000e+00
-1.525 2.675 0.0000e+00
-1.525 2.725 0.0000e+00
-1.525 2.775 0.0000e+00
-1.525 2.825 0.0000e+00
-1.525 2.875 0.0000e+00
-1.525 2.925 0.0000e+00
-1.525 2.975 0.0000e+00
-1.525 3.025 0.0000e+00
-1.525 3.075 0.0000e+00
-1.525 3.125 0.0000e+00
-1.525 3.175 0.0000e+00
-1.525 3.225 0.0000e+00
-1.525 3.275 0.0000e+00
-1.525 3.325 0.0000e+00
-1.525 3.375 0.0000e+00
-1.525 3.425 0.0000e+00
-1.525 3.475 0.0000e+00
-1.525 3.525 0.0000e+00
-1.525 3.575 0.0000e+00
-1.525 3.625 0.0000e+00
-1.525 3.675 0.0000e+00
-1.525 3.725 0.0000e+00
-1.525 3.775 0.0000e+00
-1.525 3.825 0.0000e+00
-1.525 3.875 0.0000e+00
-1.525 3.925 0.0000e+00
-1.525 3.975 0.0000e+00
-1.475 0.025 0.0000e+00
-1.475 0.075 0.0000e+00
-1.475 0.125 0.0000e+00
-1.475 0.175 0.0000e+00
-1.475 0.225 0.0000e+00
-1.475 0.275 0.0000e+00
-1.475 0.325 0.0000e+00
-1.475 0.375 0.0000e+00
-1.475 0.425 0.0000e+00
-1.475 0.475 0.0000e+00
-1.475 0.525 0.0000e+00
-1.475 0.575 0.0000e+00
-1.475 0.625 0.0000e+00
-1.475 0.675 0.0000e+00
-1.475 0.725 0.0000e+00
-1.475 0.775 0.0000e+00
-1.475 0.825 0.0000e+00
-1.475 0.875 0.0000e+00
-1.475 0.925 0.0000e+00
-1.475 0.975 0.0000e+00
-1.475 1.025 0.0000e+00
-1.475 1.075 0.0000e+00
-1.475 1.125 0.0000e+00
-1.475 1.175 0.0000e+00
-1.475 1.225 0.0000e+00
-1.475 1.275 0.0000e+00
-1.475 1.325 0.0000e+00
-1.475 1.375 0.0000e+00
-1.475 1.425 0.0000e+00
-1.475 1.475 0.0000e+00
-1.475 1.525 0.0000e+00
-1.475 1.575 0.0000e+00
-1.475 1.625 0.0000e+00
-1.475 1.675 0.0000e+00
-1.475 1.725 0.0000e+00
-1.475 1.775 0.0000e+00
-1.475 1.825 0.0000e+00
-1.475 1.875 0.0000e+00
-1.475 1.925 0.0000e+00
-1.475 1.975 0.0000e+00
-1.475 2.025 3.1041e-06
-1.475 2.075 1.4829e-06
-1.475 2.125 2.1083e-07
-1.475 2.175 2.6773e-07
-1.475 2.225 0.0000e+00
-1.475 2.275 0.0000e+00
-1.475 2.325 0.0000e+00
-1.475 2.375 0.0000e+00
-1.475 2.425 0.0000e+00
-1.475 2.475 0.0000e+00
-1.475 2.525 0.0000e+00
-1.475 2.575 0.0000e+00
-1.475 2.625 0.0000e+00
-1.475 2.675 0.0000e+00
-1.475 2.725 0.0000e+00
-1.475 2.775 0.0000e+00
-1.475 2.825 0.0000e+00
-1.475 2.875 0.0000e+00
-1.475 2.925 0.0000e+00
-1.475 2.975 0.0000e+00
-1.475 3.025 0.0000e+00
-1.475 3.075 0.0000e+00
-1.475 3.125 0.0000e+00
-1.475 3.175 0.0000e+00
-1.475 3.225 0.0000e+00
-1.475 3.275 0.0000e+00
-1.475 3.325 0.0000e+00
-1.475 3.375 0.0000e+00
-1.475 3.425 0.0000e+00
-1.475 3.475 0.0000e+00
-1.475 3.525 0.0000e+00
-1.475 3.575 0.0000e+00
-1.475 3.625 0.0000e+00
-1.475 3.675 0.0000e+00
-1.475 3.725 0.0000e+00
-1.475 3.775 0.0000e+00
-1.475 3.825 0.0000e+00
-1.475 3.875 0.0000e+00
-1.475 3.925 0.0000e+00
-1.475 3.975 0.0000e+00
-1.425 0.025 0.0000e+00
-1.425 0.075 0.0000e+00
-1.425 0.125 0.0000e+00
-1.425 0.175 0.0000e+00
-1.425 0.225 0.0000e+00
-1.425 0.275 0.0000e+00
-1.425 0.325 0.0000e+00
-1.425 0.375 0.0000e+00
-1.425 0.425 0.0000e+00
-1.425 0.475 0.0000e+00
-1.425 0.525 0.0000e+00
-1.425 0.575 0.0000e+00
-1.425 0.625 0.0000e+00
-1.425 0.675 0.0000e+00
-1.425 0.725 0.0000e+00
-1.425 0.775 0.0000e+00
-1.425 0.825 0.0000e+00
-1.425 0.875 0.0000e+00
-1.425 0.925 0.0000e+00
-1.425 0.975 0.0000e+00
-1.425 1.025 0.0000e+00
-1.425 1.075 0.0000e+00
-1.425 1.125 0.0000e+00
-1.425 1.175 0.0000e+00
-1.425 1.225 0.0000e+00
-1.425 1.275 0.0000e+00
-1.425 1.325 0.0000e+00
-1.425 1.375 0.0000e+00
-1.425 1.425 0.0000e+00
-1.425 1.475 0.0000e+00
-1.425 1.525 0.0000e+00
-1.425 1.575 0.0000e+00
-1.425 1.625 0.0000e+00
-1.425 1.675 0.0000e+00
-1.425 1.725 0.0000e+00
-1.425 1.775 0.0000e+00
-1.425 1.825 0.0000e+00
-1.425 1.875 0.0000e+00
-1.425 1.925 0.0000e+00
-1.425 1.975 0.0000e+00
-1.425 2.025 7.3187e-07
-1.425 2.075 1.0384e-07
-1.425 2.125 1.3166e-07
-1.425 2.175 0.0000e+00
-1.425 2.225 0.0000e+00
-1.425 2.275 0.0000e+00
-1.425 2.325 0.0000e+00
-1.425 2.375 0.0000e+00
-1.425 2.425 0.0000e+00
-1.425 2.475 0.0000e+00
-1.425 2.525 0.0000e+00
-1.425 2.575 0.0000e+00
-1.425 2.625 0.0000e+00
-1.425 2.675 0.0000e+00
-1.425 2.725 0.0000e+00
-1.425 2.775 0.0000e+00
-1.425 2.825 0.0000e+00
-1.425 2.875 0.0000e+00
-1.425 2.925 0.0000e+00
-1.425 2.975 0.0000e+00
-1.425 3.025 0.0000e+00
-1.425 3.075 0.0000e+00
-1.425 3.125 0.0000e+00
-1.425 3.175 0.0000e+00
-1.425 3.225 0.0000e+00
-1.425 3.275 0.0000e+00
-1.425 3.325 0.0000e+00
-1.425 3.375 0.0000e+00
-1.425 3.425 0.0000e+00
-1.425 3.475 0.0000e+00
-1.425 3.525 0.0000e+00
-1.425 3.575 0.0000e+00
-1.425 3.625 0.0000e+00
-1.425 3.675 0.0000e+00
-1.425 3.725 0.0000e+00
-1.425 3.775 0.0000e+00
-1.425 3.825 0.0000e+00
-1.425 3.875 0.0000e+00
-1.425 3.925 0.0000e+00
-1.425 3.975 0.0000e+00
-1.375 0.025 0.0000e+00
-1.375 0.075 0.0000e+00
-1.375 0.125 0.0000e+00
-1.375 0.175 0.0000e+00
-1.375 0.225 0.0000e+00
-1.375 0.275 0.0000e+00
-1.375 0.325 0.0000e+00
-1.375 0.375 0.0000e+00
-1.375 0.425 0.0000e+00
-1.375 0.475 0.0000e+00
-1.375 0.525 0.0000e+00
-1.375 0.575 0.0000e+00
-1.375 0.625 0.0000e+00
-1.375 0.675 0.0000e+00
-1.375 0.725 0.0000e+00
-1.375 0.775 0.0000e+00
-1.375 0.825 0.0000e+00
-1.375 0.875 0.0000e+00
-1.375 0.925 0.0000e+00
-1.375 0.975 0.0000e+00
-1.375 1.025 0.0000e+00
-1.375 1.075 0.0000e+00
-1.375 1.125 0.0000e+00
-1.375 1.175 0.0000e+00
-1.375 1.225 0.0000e+00
-1.375 1.275 0.0000e+00
-1.375 1.325 0.0000e+00
-1.375 1.375 0.0000e+00
-1.375 1.425 0.0000e+00
-1.375 1.475 0.0000e+00
-1.375 1.525 0.0000e+00
-1.375 1.575 0.0000e+00
-1.375 1.625 0.0000e+00
-1.375 1.675 0.0000e+00
-1.375 1.725 0.0000e+00
-1.375 1.775 0.0000e+00
-1.375 1.825 0.0000e+00
-1.375 1.875 0.0000e+00
-1.375 1.925 0.0000e+00
-1.375 1.975 0.0000e+00
-1.375 2.025 5.1270e-08
-1.375 2.075 6.4915e-08
-1.375 2.125 0.0000e+00
-1.375 2.175 0.0000e+00
-1.375 2.225 0.0000e+00
-1.375 2.275 0.0000e+00
-1.375 2.325 0.0000e+00
-1.375 2.375 0.0000e+00
-1.375 2.425 0.0000e+00
-1.375 2.475 0.0000e+00
-1.375 2.525 0.0000e+00
-1.375 2.575 0.0000e+00
-1.375 2.625 0.0000e+00
-1.375 2.675 0.0000e+00
-1.375 2.725 0.0000e+00
-1.375 2.775 0.0000e+00
-1.375 2.825 0.0000e+00
-1.375 2.875 0.0000e+00
-1.375 2.925 0.0000e+00
-1.375 2.975 0.0000e+00
-1.375 3.025 0.0000e+00
-1.375 3.075 0.0000e+00
-1.375 3.125 0.0000e+00
-1.375 3.175 0.0000e+00
-1.375 3.225 0.0000e+00
-1.375 3.275 0.0000e+00
-1.375 3.325 0.0000e+00
-1.375 3.375 0.0000e+00
-1.375 3.425 0.0000e+00
-1.375 3.475 0.0000e+00
-1.375 3.525 0.0000e+00
-1.375 3.575 0.0000e+00
-1.375 3.625 0.0000e+00
-1.375 3.675 0.0000e+00
-1.375 3.725 0.0000e+00
-1.375 3.775 0.0000e+00
-1.375 3.825 0.0000e+00
-1.375 3.875 0.0000e+00
-1.375 3.925 0.0000e+00
-1.375 3.975 0.0000e+00
-1.325 0.025 0.0000e+00
-1.325 0.075 0.0000e+00
-1.325 0.125 0.0000e+00
-1.325 0.175 0.0000e+00
-1.325 0.225 0.0000e+00
-1.325 0.275 0.0000e+00
-1.325 0.325 0.0000e+00
-1.325 0.375 0.0000e+00
-1.325 0.425 0.0000e+00
-1.325 0.475 0.0000e+00
-1.325 0.525 0.0000e+00
-1.325 0.575 0.0000e+00
-1.325 0.625 0.0000e+00
-1.325 0.675 0.0000e+00
-1.325 0.725 0.0000e+00
-1.325 0.775 0.0000e+00
-1.325 0.825 0.0000e+00
-1.325 0.875 0.0000e+00
-1.325 0.925 0.0000e+00
-1.325 0.975 0.0000e+00
-1.325 1.025 0.0000e+00
-1.325 1.075 0.0000e+00
-1.325 1.125 0.0000e+00
-1.325 1.175 0.0000e+00
-1.325 1.225 0.0000e+00
-1.325 1.275 0.0000e+00
-1.325 1.325 0.0000e+00
-1.325 1.375 0.0000e+00
-1.325 1.425 0.0000e+00
-1.325 1.475 0.0000e+00
-1.325 1.525 0.0000e+00
-1.325 1.575 0.0000e+00
-1.325 1.625 0.0000e+00
-1.325 1.675 0.0000e+00
-1.325 1.725 0.0000e+00
-1.325 1.775 0.0000e+00
-1.325 1.825 0.0000e+00
-1.325 1.875 0.0000e+00
-1.325 1.925 0.0000e+00
-1.325 1.975 0.0000e+00
-1.325 2.025 3.2078e-08
-1.325 2.075 0.0000e+00
-1.325 2.125 0.0000e+00
-1.325 2.175 0.0000e+00
-1.325 2.225 0.0000e+00
-1.325 2.275 0.0000e+00
-1.325 2.325 0.0000e+00
-1.325 2.375 0.0000e+00
-1.325 2.425 0.0000e+00
-1.325 2.475 0.0000e+00
-1.325 2.525 0.0000e+00
-1.325 2.575 0.0000e+00
-1.325 2.625 0.0000e+00
-1.325 2.675 0.0000e+00
-1.325 2.725 0.0000e+00
-1.325 2.775 0.0000e+00
-1.325 2.825 0.0000e+00
-1.325 2.875 0.0000e+00
-1.325 2.925 0.0000e+00
-1.325 2.975 0.0000e+00
-1.325 3.025 0.0000e+00
-1.325 3.075 0.0000e+00
-1.325 3.125 0.0000e+00
-1.325 3.175 0.0000e+00
-1.325 3.225 0.0000e+00
-1.325 3.275 0.0000e+00
-1.325 3.325 0.0000e+00
-1.325 3.375 0.0000e+00
-1.325 3.425 0.0000e+00
-1.325 3.475 0.0000e+00
-1.325 3.525 0.0000e+00
-1.325 3.575 0.0000e+00
-1.325 3.625 0.0000e+00
-1.325 3.675 0.0000e+00
-1.325 3.725 0.0000e+00
-1.325 3.775 0.0000e+00
-1.325 3.825 0.0000e+00
-1.325 3.875 0.0000e+00
-1.325 3.925 0.0000e+00
-1.325 3.975 0.0000e+00
-1.275 0.025 0.0000e+00
-1.275 0.075 0.0000e+00
-1.275 0.125 0.0000e+00
-1.275 0.175 0.0000e+00
-1.275 0.225 0.0000e+00
-1.275 0.275 0.0000e+00
-1.275 0.325 0.0000e+00
-1.275 0.375 0.0000e+00
-1.275 0.425 0.0000e+00
-1.275 0.475 0.0000e+00
-1.275 0.525 0.0000e+00
-1.275 0.575 0.0000e+00
-1.275 0.625 0.0000e+00
-1.275 0.675 0.0000e+00
-1.275 0.725 0.0000e+00
-1.275 0.775 0.0000e+00
-1.275 0.825 0.0000e+00
-1.275 0.875 0.0000e+00
-1.275 0.925 0.0000e+00
-1.275 0.975 0.0000e+00
-1.275 1.025 0.0000e+00
-1.275 1.075 0.0000e+00
-1.275 1.125 0.0000e+00
-1.275 1.175 0.0000e+00
-1.275 1.225 0.0000e+00
-1.275 1.275 0.0000e+00
-1.275 1.325 0.0000e+00
-1.275 1.375 0.0000e+00
-1.275 1.425 0.0000e+00
-1.275 1.475 0.0000e+00
-1.275 1.525 0.0000e+00
-1.275 1.575 0.0000e+00
-1.275 1.625 0.0000e+00
-1.275 1.675 0.0000e+00
-1.275 1.725 0.0000e+00
-1.275 1.775 0.0000e+00
-1.275 1.825 0.0000e+00
-1.275 1.875 0.0000e+00
-1.275 1.925 0.0000e+00
-1.275 1.975 0.0000e+00
-1.275 2.025 0.0000e+00
-1.275 2.075 0.0000e+00
-1.275 2.125 0.0000e+00
-1.275 2.175 0.0000e+00
-1.275 2.225 0.0000e+00
-1.275 2.275 0.0000e+00
-1.275 2.325 0.0000e+00
-1.275 2.375 0.0000e+00
-1.275 2.425 0.0000e+00
-1.275 2.475 0.0000e+00
-1.275 2.525 0.0000e+00
-1.275 2.575 0.0000e+00
-1.275 2.625 0.0000e+00
-1.275 2.675 0.0000e+00
-1.275 2.725 0.0000e+00
-1.275 2.775 0.0000e+00
-1.275 2.825 0.0000e+00
-1.275 2.875 0.0000e+00
-1.275 2.925 0.0000e+00
-1.275 2.975 0.0000e+00
-1.275 3.025 0.0000e+00
-1.275 3.075 0.0000e+00
-1.275 3.125 0.0000e+00
-1.275 3.175 0.0000e+00
-1.275 3.225 0.0000e+00
-1.275 3.275 0.0000e+00
-1.275 3.325 0.0000e+00
-1.275 3.375 0.0000e+00
-1.275 3.425 0.0000e+00
-1.275 3.475 0.0000e+00
-1.275 3.525 0.0000e+00
-1.275 3.575 0.0000e+00
-1.275 3.625 0.0000e+00
-1.275 3.675 0.0000e+00
-1.275 3.725 0.0000e+00
-1.275 3.775 0.0000e+00
-1.275 3.825 0.0000e+00
-1.275 3.875 0.0000e+00
-1.275 3.925 0.0000e+00
-1.275 3.975 0.0000e+00
-1.225 0.025 0.0000e+00
-1.225 0.075 0.0000e+00
-1.225 0.125 0.0000e+00
-1.225 0.175 0.0000e+00
-1.225 0.225 0.0000e+00
-1.225 0.275 0.0000e+00
-1.225 0.325 0.0000e+00
-1.225 0.375 0.0000e+00
-1.225 0.425 0.0000e+00
-1.225 0.475 0.0000e+00
-1.225 0.525 0.0000e+00
-1.225 0.575 0.0000e+00
-1.225 0.625 0.0000e+00
-1.225 0.675 0.0000e+00
-1.225 0.725 0.0000e+00
-1.225 0.775 0.0000e+00
-1.225 0.825 0.0000e+00
-1.225 0.875 0.0000e+00
-1.225 0.925 0.0000e+00
-1.225 0.975 0.0000e+00
-1.225 1.025 0.0000e+00
-1.225 1.075 0.0000e+00
-1.225 1.125 0.0000e+00
-1.225 1.175 0.0000e+00
-1.225 1.225 0.0000e+00
-1.225 1.275 0.0000e+00
-1.225 1.325 0.0000e+00
-1.225 1.375 0.0000e+00
-1.225 1.425 0.0000e+00
-1.225 1.475 0.0000e+00
-1.225 1.525 0.0000e+00
-1.225 1.575 0.0000e+00
-1.225 1.625 0.0000e+00
-1.225 1.675 0.0000e+00
-1.225 1.725 0.0000e+00
-1.225 1.775 0.0000e+00
-1.225 1.825 0.0000e+00
-1.225 1.875 0.0000e+00
-1.225 1.925 0.0000e+00
-1.225 1.975 0.0000e+00
-1.225 2.025 0.0000e+00
-1.225 2.075 0.0000e+00
-1.225 2.125 0.0000e+00
-1.225 2.175 0.0000e+00
-1.225 2.225 0.0000e+00
-1.225 2.275 0.0000e+00
-1.225 2.325 0.0000e+00
-1.225 2.375 0.0000e+00
-1.225 2.425 0.0000e+00
-1.225 2.475 0.0000e+00
-1.225 2.525 0.0000e+00
-1.225 2.575 0.0000e+00
-1.225 2.625 0.0000e+00
-1.225 2.675 0.0000e+00
-1.225 2.725 0.0000e+00
-1.225 2.775 0.0000e+00
-1.225 2.825 0.0000e+00
-1.225 2.875 0.0000e+00
-1.225 2.925 0.0000e+00
-1.225 2.975 0.0000e+00
-1.225 3.025 0.0000e+00
-1.225 3.075 0.0000e+00
-1.225 3.125 0.0000e+00
-1.225 3.175 0.0000e+00
-1.225 3.225 0.0000e+00
-1.225 3.275 0.0000e+00
-1.225 3.325 0.0000e+00
-1.225 3.375 0.0000e+00
-1.225 3.425 0.0000e+00
-1.225 3.475 0.0000e+00
-1.225 3.525 0.0000e+00
-1.225 3.575 0.0000e+00
-1.225 3.625 0.0000e+00
-1.225 3.675 0.0000e+00
-1.225 3.725 0.0000e+00
-1.225 3.775 0.0000e+00
-1.225 3.825 0.0000e+00
-1.225 3.875 0.0000e+00
-1.225 3.925 0.0000e+00
-1.225 3.975 0.0000e+00
-1.175 0.025 0.0000e+00
-1.175 0.075 0.0000e+00
-1.175 0.125 0.0000e+00
-1.175 0.175 0.0000e+00
-1.175 0.225 0.0000e+00
-1.175 0.275 0.0000e+00
-1.175 0.325 0.0000e+00
-1.175 0.375 0.0000e+00
-1.175 0.425 0.0000e+00
-1.175 0.475 0.0000e+00
-1.175 0.525 0.0000e+00
-1.175 0.575 0.0000e+00
-1.175 0.625 0.0000e+00
-1.175 0.675 0.0000e+00
-1.175 0.725 0.0000e+00
-1.175 0.775 0.0000e+00
-1.175 0.825 0.0000e+00
-1.175 0.875 0.0000e+00
-1.175 0.925 0.0000e+00
-1.175 0.975 0.0000e+00
-1.175 1.025 0.0000e+00
-1.175 1.075 0.0000e+00
-1.175 1.125 0.0000e+00
-1.175 1.175 0.0000e+00
-1.175 1.225 0.0000e+00
-1.175 1.275 0.0000e+00
-1.175 1.325 0.0000e+00
-1.175 1.375 0.0000e+00
-1.175 1.425 0.0000e+00
-1.175 1.475 0.0000e+00
-1.175 1.525 0.0000e+00
-1.175 1.575 0.0000e+00
-1.175 1.625 0.0000e+00
-1.175 1.675 0.0000e+00
-1.175 1.725 0.0000e+00
-1.175 1.775 0.0000e+00
-1.175 1.825 0.0000e+00
-1.175 1.875 0.0000e+00
-1.175 1.925 0.0000e+00
-1.175 1.975 0.0000e+00
-1.175 2.025 0.0000e+00
-1.175 2.075 0.0000e+00
-1.175 2.125 0.0000e+00
-1.175 2.175 0.0000e+00
-1.175 2.225 0.0000e+00
-1.175 2.275 0.0000e+00
-1.175 2.325 0.0000e+00
-1.175 2.375 0.0000e+00
-1.175 2.425 0.0000e+00
-1.175 2.475 0.0000e+00
-1.175 2.525 0.0000e+00
-1.175 2.575 0.0000e+00
-1.175 2.625 0.0000e+00
-1.175 2.675 0.0000e+00
-1.175 2.725 0.0000e+00
-1.175 2.775 0.0000e+00
-1.175 2.825 0.0000e+00
-1.175 2.875 0.0000e+00
-1.175 2.925 0.0000e+00
-1.175 2.975 0.0000e+00
-1.175 3.025 0.0000e+00
-1.175 3.075 0.0000e+00
-1.175 3.125 0.0000e+00
-1.175 3.175 0.0000e+00
-1.175 3.225 0.0000e+00
-1.175 3.275 0.0000e+00
-1.175 3.325 0.0000e+00
-1.175 3.375 0.0000e+00
-1.175 3.425 0.0000e+00
-1.175 3.475 0.0000e+00
-1.175 3.525 0.0000e+00
-1.175 3.575 0.0000e+00
-1.175 3.625 0.0000e+00
-1.175 3.675 0.0000e+00
-1.175 3.725 0.0000e+00
-1.175 3.775 0.0000e+00
-1.175 3.825 0.0000e+00
-1.175 3.875 0.0000e+00
-1.175 3.925 0.0000e+00
-1.175 3.975 0.0000e+00
-1.125 0.025 0.0000e+00
-1.125 0.075 0.0000e+00
-1.125 0.125 0.0000e+00
-1.125 0.175 0.0000e+00
-1.125 0.225 0.0000e+00
-1.125 0.275 0.0000e+00
-1.125 0.325 0.0000e+00
-1.125 0.375 0.0000e+00
-1.125 0.425 0.0000e+00
-1.125 0.475 0.0000e+00
-1.125 0.525 0.0000e+00
-1.125 0.575 0.0000e+00
-1.125 0.625 0.0000e+00
-1.125 0.675 0.0000e+00
-1.125 0.725 0.0000e+00
-1.125 0.775 0.0000e+00
-1.125 0.825 0.0000e+00
-1.125 0.875 0.0000e+00
-1.125 0.925 0.0000e+00
-1.125 0.975 0.0000e+00
-1.125 1.025 0.0000e+00
-1.125 1.075 0.0000e+00
-1.125 1.125 0.0000e+00
-1.125 1.175 0.0000e+00
-1.125 1.225 0.0000e+00
-1.125 1.275 0.0000e+00
-1.125 1.325 0.0000e+00
-1.125 1.375 0.0000e+00
-1.125 1.425 0.0000e+00
-1.125 1.475 0.0000e+00
-1.125 1.525 0.0000e+00
-1.125 1.575 0.0000e+00
-1.125 1.625 0.0000e+00
-1.125 1.675 0.0000e+00
-1.125 1.725 0.0000e+00
-1.125 1.775 0.0000e+00
-1.125 1.825 0.0000e+00
-1.125 1.875 0.0000e+00
-1.125 1.925 0.0000e+00
-1.125 1.975 0.0000e+00
-1.125 2.025 0.0000e+00
-1.125 2.075 0.0000e+00
-1.125 2.125 0.0000e+00
-1.125 2.175 0.0000e+00
-1.125 2.225 0.0000e+00
-1.125 2.275 0.0000e+00
-1.125 2.325 0.0000e+00
-1.125 2.375 0.0000e+00
-1.125 2.425 0.0000e+00
-1.125 2.475 0.0000e+00
-1.125 2.525 0.0000e+00
-1.125 2.575 0.0000e+00
-1.125 2.625 0.0000e+00
-1.125 2.675 0.0000e+00
-1.125 2.725 0.0000e+00
-1.125 2.775 0.0000e+00
-1.125 2.825 0.0000e+00
-1.125 2.875 0.0000e+00
-1.125 2.925 0.0000e+00
-1.125 2.975 0.0000e+00
-1.125 3.025 0.0000e+00
-1.125 3.075 0.0000e+00
-1.125 3.125 0.0000e+00
-1.125 3.175 0.0000e+00
-1.125 3.225 0.0000e+00
-1.125 3.275 0.0000e+00
-1.125 3.325 0.0000e+00
-1.125 3.375 0.0000e+00
-1.125 3.425 0.0000e+00
-1.125 3.475 0.0000e+00
-1.125 3.525 0.0000e+00
-1.125 3.575 0.0000e+00
-1.125 3.625 0.0000e+00
-1.125 3.675 0.0000e+00
-1.125 3.725 0.0000e+00
-1.125 3.775 0.0000e+00
-1.125 3.825 0.0000e+00
-1.125 3.875 0.0000e+00
-1.125 3.925 0.0000e+00
-1.125 3.975 0.0000e+00
-1.075 0.025 0.0000e+00
-1.075 0.075 0.0000e+00
-1.075 0.125 0.0000e+00
-1.075 0.175 0.0000e+00
-1.075 0.225 0.0000e+00
-1.075 0.275 0.0000e+00
-1.075 0.325 0.0000e+00
-1.075 0.375 0.0000e+00
-1.075 0.425 0.0000e+00
-1.075 0.475 0.0000e+00
-1.075 0.525 0.0000e+00
-1.075 0.575 0.0000e+00
-1.075 0.625 0.0000e+00
-1.075 0.675 0.0000e+00
-1.075 0.725 0.0000e+00
-1.075 0.775 0.0000e+00
-1.075 0.825 0.0000e+00
-1.075 0.875 0.0000e+00
-1.075 0.925 0.0000e+00
-1.075 0.975 0.0000e+00
-1.075 1.025 0.0000e+00
-1.075 1.075 0.0000e+00
-1.075 1.125 0.0000e+00
-1.075 1.175 0.0000e+00
-1.075 1.225 0.0000e+00
-1.075 1.275 0.0000e+00
-1.075 1.325 0.0000e+00
-1.075 1.375 0.0000e+00
-1.075 1.425 0.0000e+00
-1.075 1.475 0.0000e+00
-1.075 1.525 0.0000e+00
-1.075 1.575 0.0000e+00
-1.075 1.625 0.0000e+00
-1.075 1.675 0.0000e+00
-1.075 1.725 0.0000e+00
-1.075 1.775 0.0000e+00
-1.075 1.825 0.0000e+00
-1.075 1.875 0.0000e+00
-1.075 1.925 0.0000e+00
-1.075 1.975 0.0000e+00
-1.075 2.025 0.0000e+00
-1.075 2.075 0.0000e+00
-1.075 2.125 0.0000e+00
-1.075 2.175 0.0000e+00
-1.075 2.225 0.0000e+00
-1.075 2.275 0.0000e+00
-1.075 2.325 0.0000e+00
-1.075 2.375 0.0000e+00
-1.075 2.425 0.0000e+00
-1.075 2.475 0.0000e+00
-1.075 2.525 0.0000e+00
-1.075 2.575 0.0000e+00
-1.075 2.625 0.0000e+00
-1.075 2.675 0.0000e+00
-1.075 2.725 0.0000e+00
-1.075 2.775 0.0000e+00
-1.075 2.825 0.0000e+00
-1.075 2.875 0.0000e+00
-1.075 2.925 0.0000e+00
-1.075 2.975 0.0000e+00
-1.075 3.025 0.0000e+00
-1.075 3.075 0.0000e+00
-1.075 3.125 0.0000e+00
-1.075 3.175 0.0000e+00
-1.075 3.225 0.0000e+00
-1.075 3.275 0.0000e+00
-1.075 3.325 0.0000e+00
-1.075 3.375 0.0000e+00
-1.075 3.425 0.0000e+00
-1.075 3.475 0.0000e+00
-1.075 3.525 0.0000e+00
-1.075 3.575 0.0000e+00
-1.075 3.625 0.0000e+00
-1.075 3.675 0.0000e+00
-1.075 3.725 0.0000e+00
-1.075 3.775 0.0000e+00
-1.075 3.825 0.0000e+00
-1.075 3.875 0.0000e+00
-1.075 3.925 0.0000e+00
-1.075 3.975 0.0000e+00
-1.025 0.025 0.0000e+00
-1.025 0.075 0.0000e+00
-1.025 0.125 0.0000e+00
-1.025 0.175 0.0000e+00
-1.025 0.225 0.0000e+00
-1.025 0.275 0.0000e+00
-1.025 0.325 0.0000e+00
-1.025 0.375 0.0000e+00
-1.025 0.425 0.0000e+00
-1.025 0.475 0.0000e+00
-1.025 0.525 0.0000e+00
-1.025 0.575 0.0000e+00
-1.025 0.625 0.0000e+00
-1.025 0.675 0.0000e+00
-1.025 0.725 0.0000e+00
-1.025 0.775 0.0000e+00
-1.025 0.825 0.0000e+00
-1.025 0.875 0.0000e+00
-1.025 0.925 0.0000e+00
-1.025 0.975 0.0000e+00
-1.025 1.025 0.0000e+00
-1.025 1.075 0.0000e+00
-1.025 1.125 0.0000e+00
-1.025 1.175 0.0000e+00
-1.025 1.225 0.0000e+00
-1.025 1.275 0.0000e+00
-1.025 1.325 0.0000e+00
-1.025 1.375 0.0000e+00
-1.025 1.425 0.0000e+00
-1.025 1.475 0.0000e+00
-1.025 1.525 0.0000e+00
-1.025 1.575 0.0000e+00
-1.025 1.625 0.0000e+00
-1.025 1.675 0.0000e+00
-1.025 1.725 0.0000e+00
-1.025 1.775 0.0000e+00
-1.025 1.825 0.0000e+00
-1.025 1.875 0.0000e+00
-1.025 1.925 0.0000e+00
-1.025 1.975 0.0000e+00
-1.025 2.025 0.0000e+00
-1.025 2.075 0.0000e+00
-1.025 2.125 0.0000e+00
-1.025 2.175 0.0000e+00
-1.025 2.225 0.0000e+00
-1.025 2.275 0.0000e+00
-1.025 2.325 0.0000e+00
-1.025 2.375 0.0000e+00
-1.025 2.425 0.0000e+00
-1.025 2.475 0.0000e+00
-1.025 2.525 0.0000e+00
-1.025 2.575 0.0000e+00
-1.025 2.625 0.0000e+00
-1.025 2.675 0.0000e+00
-1.025 2.725 0.0000e+00
-1.025 2.775 0.0000e+00
-1.025 2.825 0.0000e+00
-1.025 2.875 0.0000e+00
-1.025 2.925 0.0000e+00
-1.025 2.975 0.0000e+00
-1.025 3.025 0.0000e+00
-1.025 3.075 0.0000e+00
-1.025 3.125 0.0000e+00
-1.025 3.175 0.0000e+00
-1.025 3.225 0.0000e+00
-1.025 3.275 0.0000e+00
-1.025 3.325 0.0000e+00
-1.025 3.375 0.0000e+00
-1.025 3.425 0.0000e+00
-1.025 3.475 0.0000e+00
-1.025 3.525 0.0000e+00
-1.025 3.575 0.0000e+00
-1.025 3.625 0.0000e+00
-1.025 3.675 0.0000e+00
-1.025 3.725 0.0000e+00
-1.025 3.775 0.0000e+00
-1.025 3.825 0.0000e+00
-1.025 3.875 0.0000e+00
-1.025 3.925 0.0000e+00
-1.025 3.975 0.0000e+00
-0.975 0.025 0.0000e+00
-0.975 0.075 0.0000e+00
-0.975 0.125 0.0000e+00
-0.975 0.175 0.0000e+00
-0.975 0.225 0.0000e+00
-0.975 0.275 0.0000e+00
-0.975 0.325 0.0000e+00
-0.975 0.375 0.0000e+00
-0.975 0.425 0.0000e+00
-0.975 0.475 0.0000e+00
-0.975 0.525 0.0000e+00
-0.975 0.575 0.0000e+00
-0.975 0.625 0.0000e+00
-0.975 0.675 0.0000e+00
-0.975 0.725 0.0000e+00
-0.975 0.775 0.0000e+00
-0.975 0.825 0.0000e+00
-0.975 0.875 0.0000e+00
-0.975 0.925 0.0000e+00
-0.975 0.975 0.0000e+00
-0.975 1.025 0.0000e+00
-0.975 1.075 0.0000e+00
-0.975 1.125 0.0000e+00
-0.975 1.175 0.0000e+00
-0.975 1.225 0.0000e+00
-0.975 1.275 0.0000e+00
-0.975 1.325 0.0000e+00
-0.975 1.375 0.0000e+00
-0.975 1.425 0.0000e+00
-0.975 1.475 0.0000e+00
-0.975 1.525 0.0000e+00
-0.975 1.575 0.0000e+00
-0.975 1.625 0.0000e+00
-0.975 1.675 0.0000e+00
-0.975 1.725 0.0000e+00
-0.975 1.775 0.0000e+00
-0.975 1.825 0.0000e+00
-0.975 1.875 0.0000e+00
-0.975 1.925 0.0000e+00
-0.975 1.975 0.0000e+00
-0.975 2.025 0.0000e+00
-0.975 2.075 0.0000e+00
-0.975 2.125 0.0000e+00
-0.975 2.175 0.0000e+00
-0.975 2.225 0.0000e+00
-0.975 2.275 0.0000e+00
-0.975 2.325 0.0000e+00
-0.975 2.375 0.0000e+00
-0.975 2.425 0.0000e+00
-0.975 2.475 0.0000e+00
-0.975 2.525 0.0000e+00
-0.975 2.575 0.0000e+00
-0.975 2.625 0.0000e+00
-0.975 2.675 0.0000e+00
-0.975 2.725 0.0000e+00
-0.975 2.775 0.0000e+00
-0.975 2.825 0.0000e+00
-0.975 2.875 0.0000e+00
-0.975 2.925 0.0000e+00
-0.975 2.975 0.0000e+00
-0.975 3.025 0.0000e+00
-0.975 3.075 0.0000e+00
-0.975 3.125 0.0000e+00
-0.975 3.175 0.0000e+00
-0.975 3.225 0.0000e+00
-0.975 3.275 0.0000e+00
-0.975 3.325 0.0000e+00
-0.975 3.375 0.0000e+00
-0.975 3.425 0.0000e+00
-0.975 3.475 0.0000e+00
-0.975 3.525 0.0000e+00
-0.975 3.575 0.0000e+00
-0.975 3.625 0.0000e+00
-0.975 3.675 0.0000e+00
-0.975 3.725 0.0000e+00
-0.975 3.775 0.0000e+00
-0.975 3.825 0.0000e+00
-0.975 3.875 0.0000e+00
-0.975 3.925 0.0000e+00
-0.975 3.975 0.0000e+00
-0.925 0.025 0.0000e+00
-0.925 0.075 0.0000e+00
-0.925 0.125 0.0000e+00
-0.925 0.175 0.0000e+00
-0.925 0.225 0.0000e+00
-0.925 0.275 0.0000e+00
-0.925 0.325 0.0000e+00
-0.925 0.375 0.0000e+00
-0.925 0.425 0.0000e+00
-0.925 0.475 0.0000e+00
-0.925 0.525 0.0000e+00
-0.925 0.575 0.0000e+00
-0.925 0.625 0.0000e+00
-0.925 0.675 0.0000e+00
-0.925 0.725 0.0000e+00
-0.925 0.775 0.0000e+00
-0.925 0.825 0.0000e+00
-0.925 0.875 0.0000e+00
-0.925 0.925 0.0000e+00
-0.925 0.975 0.0000e+00
-0.925 1.025 0.0000e+00
-0.925 1.075 0.0000e+00
-0.925 1.125 0.0000e+00
-0.925 1.175 0.0000e+00
-0.925 1.225 0.0000e+00
-0.925 1.275 0.0000e+00
-0.925 1.325 0.0000e+00
-0.925 1.375 0.0000e+00
-0.925 1.425 0.0000e+00
-0.925 1.475 0.0000e+00
-0.925 1.525 0.0000e+00
-0.925 1.575 0.0000e+00
-0.925 1.625 0.0000e+00
-0.925 1.675 0.0000e+00
-0.925 1.725 0.0000e+00
-0.925 1.775 0.0000e+00
-0.925 1.825 0.0000e+00
-0.925 1.875 0.0000e+00
-0.925 1.925 0.0000e+00
-0.925 1.975 0.0000e+00
-0.925 2.025 0.0000e+00
-0.925 2.075 0.0000e+00
-0.925 2.125 0.0000e+00
-0.925 2.175 0.0000e+00
-0.925 2.225 0.0000e+00
-0.925 2.275 0.0000e+00
-0.925 2.325 0.0000e+00
-0.925 2.375 0.0000e+00
-0.925 2.425 0.0000e+00
-0.925 2.475 0.0000e+00
-0.925 2.525 0.0000e+00
-0.925 2.575 0.0000e+00
-0.925 2.625 0.0000e+00
-0.925 2.675 0.0000e+00
-0.925 2.725 0.0000e+00
-0.925 2.775 0.0000e+00
-0.925 2.825 0.0000e+00
-0.925 2.875 0.0000e+00
-0.925 2.925 0.0000e+00
-0.925 2.975 0.0000e+00
-0.925 3.025 0.0000e+00
-0.925 3.075 0.0000e+00
-0.925 3.125 0.0000e+00
-0.925 3.175 0.0000e+00
-0.925 3.225 0.0000e+00
-0.925 3.275 0.0000e+00
-0.925 3.325 0.0000e+00
-0.925 3.375 0.0000e+00
-0.925 3.425 0.0000e+00
-0.925 3.475 0.0000e+00
-0.925 3.525 0.0000e+00
-0.925 3.575 0.0000e+00
-0.925 3.625 0.0000e+00
-0.925 3.675 0.0000e+00
-0.925 3.725 0.0000e+00
-0.925 3.775 0.0000e+00
-0.925 3.825 0.0000e+00
-0.925 3.875 0.0000e+00
-0.925 3.925 0.0000e+00
-0.925 3.975 0.0000e+00
-0.875 0.025 0.0000e+00
-0.875 0.075 0.0000e+00
-0.875 0.125 0.0000e+00
-0.875 0.175 0.0000e+00
-0.875 0.225 0.0000e+00
-0.875 0.275 0.0000e+00
-0.875 0.325 0.0000e+00
-0.875 0.375 0.0000e+00
-0.875 0.425 0.0000e+00
-0.875 0.475 0.0000e+00
-0.875 0.525 0.0000e+00
-0.875 0.575 0.0000e+00
-0.875 0.625 0.0000e+00
-0.875 0.675 0.0000e+00
-0.875 0.725 0.0000e+00
-0.875 0.775 0.0000e+00
-0.875 0.825 0.0000e+00
-0.875 0.875 0.0000e+00
-0.875 0.925 0.0000e+00
-0.875 0.975 0.0000e+00
-0.875 1.025 0.0000e+00
-0.875 1.075 0.0000e+00
-0.875 1.125 0.0000e+00
-0.875 1.175 0.0000e+00
-0.875 1.225 0.0000e+00
-0.875 1.275 0.0000e+00
-0.875 1.325 0.0000e+00
-0.875 1.375 0.0000e+00
-0.875 1.425 0.0000e+00
-0.875 1.475 0.0000e+00
-0.875 1.525 0.0000e+00
-0.875 1.575 0.0000e+00
-0.875 1.625 0.0000e+00
-0.875 1.675 0.0000e+00
-0.875 1.725 0.0000e+00
-0.875 1.775 0.0000e+00
-0.875 1.825 0.0000e+00
-0.875 1.875 0.0000e+00
-0.875 1.925 0.0000e+00
-0.875 1.975 0.0000e+00
-0.875 2.025 0.0000e+00
-0.875 2.075 0.0000e+00
-0.875 2.125 0.0000e+00
-0.875 2.175 0.0000e+00
-0.875 2.225 0.0000e+00
-0.875 2.275 0.0000e+00
-0.875 2.325 0.0000e+00
-0.875 2.375 0.0000e+00
-0.875 2.425 0.0000e+00
-0.875 2.475 0.0000e+00
-0.875 2.525 0.0000e+00
-0.875 2.575 0.0000e+00
-0.875 2.625 0.0000e+00
-0.875 2.675 0.0000e+00
-0.875 2.725 0.0000e+00
-0.875 2.775 0.0000e+00
-0.875 2.825 0.0000e+00
-0.875 2.875 0.0000e+00
-0.875 2.925 0.0000e+00
-0.875 2.975 0.0000e+00
-0.875 3.025 0.0000e+00
-0.875 3.075 0.0000e+00
-0.875 3.125 0.0000e+00
-0.875 3.175 0.0000e+00
-0.875 3.225 0.0000e+00
-0.875 3.275 0.0000e+00
-0.875 3.325 0.0000e+00
-0.875 3.375 0.0000e+00
-0.875 3.425 0.0000e+00
-0.875 3.475 0.0000e+00
-0.875 3.525 0.0000e+00
-0.875 3.575 0.0000e+00
-0.875 3.625 0.0000e+00
-0.875 3.675 0.0000e+00
-0.875 3.725 0.0000e+00
-0.875 3.775 0.0000e+00
-0.875 3.825 0.0000e+00
-0.875 3.875 0.0000e+00
-0.875 3.925 0.0000e+00
-0.875 3.975 0.0000e+00
-0.825 0.025 0.0000e+00
-0.825 0.075 0.0000e+00
-0.825 0.125 0.0000e+00
-0.825 0.175 0.0000e+00
-0.825 0.225 0.0000e+00
-0.825 0.275 0.0000e+00
-0.825 0.325 0.0000e+00
-0.825 0.375 0.0000e+00
-0.825 0.425 0.0000e+00
-0.825 0.475 0.0000e+00
-0.825 0.525 0.0000e+00
-0.825 0.575 0.0000e+00
-0.825 0.625 0.0000e+00
-0.825 0.675 0.0000e+00
-0.825 0.725 0.0000e+00
-0.825 0.775 0.0000e+00
-0.825 0.825 0.0000e+00
-0.825 0.875 0.0000e+00
-0.825 0.925 0.0000e+00
-0.825 0.975 0.0000e+00
-0.825 1.025 0.0000e+00
-0.825 1.075 0.0000e+00
-0.825 1.125 0.0000e+00
-0.825 1.175 0.0000e+00
-0.825 1.225 0.0000e+00
-0.825 1.275 0.0000e+00
-0.825 1.325 0.0000e+00
-0.825 1.375 0.0000e+00
-0.825 1.425 0.0000e+00
-0.825 1.475 0.0000e+00
-0.825 1.525 0.0000e+00
-0.825 1.575 0.0000e+00
-0.825 1.625 0.0000e+00
-0.825 1.675 0.0000e+00
-0.825 1.725 0.0000e+00
-0.825 1.775 0.0000e+00
-0.825 1.825 0.0000e+00
-0.825 1.875 0.0000e+00
-0.825 1.925 0.0000e+00
-0.825 1.975 0.0000e+00
-0.825 2.025 0.0000e+00
-0.825 2.075 0.0000e+00
-0.825 2.125 0.0000e+00
-0.825 2.175 0.0000e+00
-0.825 2.225 0.0000e+00
-0.825 2.275 0.0000e+00
-0.825 2.325 0.0000e+00
-0.825 2.375 0.0000e+00
-0.825 2.425 0.0000e+00
-0.825 2.475 0.0000e+00
-0.825 2.525 0.0000e+00
-0.825 2.575 0.0000e+00
-0.825 2.625 0.0000e+00
-0.825 2.675 0.0000e+00
-0.825 2.725 0.0000e+00
-0.825 2.775 0.0000e+00
-0.825 2.825 0.0000e+00
-0.825 2.875 0.0000e+00
-0.825 2.925 0.0000e+00
-0.825 2.975 0.0000e+00
-0.825 3.025 0.0000e+00
-0.825 3.075 0.0000e+00
-0.825 3.125 0.0000e+00
-0.825 3.175 0.0000e+00
-0.825 3.225 0.0000e+00
-0.825 3.275 0.0000e+00
-0.825 3.325 0.0000e+00
-0.825 3.375 0.0000e+00
-0.825 3.425 0.0000e+00
-0.825 3.475 0.0000e+00
-0.825 3.525 0.0000e+00
-0.825 3.575 0.0000e+00
-0.825 3.625 0.0000e+00
-0.825 3.675 0.0000e+00
-0.825 3.725 0.0000e+00
-0.825 3.775 0.0000e+00
-0.825 3.825 0.0000e+00
-0.825 3.875 0.0000e+00
-0.825 3.925 0.0000e+00
-0.825 3.975 0.0000e+00
-0.775 0.025 0.0000e+00
-0.775 0.075 0.0000e+00
-0.775 0.125 0.0000e+00
-0.775 0.175 0.0000e+00
-0.775 0.225 0.0000e+00
-0.775 0.275 0.0000e+00
-0.775 0.325 0.0000e+00
-0.775 0.375 0.0000e+00
-0.775 0.425 0.0000e+00
-0.775 0.475 0.0000e+00
-0.775 0.525 0.0000e+00
-0.775 0.575 0.0000e+00
-0.775 0.625 0.0000e+00
-0.775 0.675 0.0000e+00
-0.775 0.725 0.0000e+00
-0.775 0.775 0.0000e+00
-0.775 0.825 0.0000e+00
-0.775 0.875 0.0000e+00
-0.775 0.925 0.0000e+00
-0.775 0.975 0.0000e+00
-0.775 1.025 0.0000e+00
-0.775 1.075 0.0000e+00
-0.775 1.125 0.0000e+00
-0.775 1.175 0.0000e+00
-0.775 1.225 0.0000e+00
-0.775 1.275 0.0000e+00
-0.775 1.325 0.0000e+00
-0.775 1.375 0.0000e+00
-0.775 1.425 0.0000e+00
-0.775 1.475 0.0000e+00
-0.775 1.525 0.0000e+00
-0.775 1.575 0.0000e+00
-0.775 1.625 0.0000e+00
-0.775 1.675 0.0000e+00
-0.775 1.725 0.0000e+00
-0.775 1.775 0.0000e+00
-0.775 1.825 0.0000e+00
-0.775 1.875 0.0000e+00
-0.775 1.925 0.0000e+00
-0.775 1.975 0.0000e+00
-0.775 2.025 0.0000e+00
-0.775 2.075 0.0000e+00
-0.775 2.125 0.0000e+00
-0.775 2.175 0.0000e+00
-0.775 2.225 0.0000e+00
-0.775 2.275 0.0000e+00
-0.775 2.325 0.0000e+00
-0.775 2.375 0.0000e+00
-0.775 2.425 0.0000e+00
-0.775 2.475 0.0000e+00
-0.775 2.525 0.0000e+00
-0.775 2.575 0.0000e+00
-0.775 2.625 0.0000e+00
-0.775 2.675 0.0000e+00
-0.775 2.725 0.0000e+00
-0.775 2.775 0.0000e+00
-0.775 2.825 0.0000e+00
-0.775 2.875 0.0000e+00
-0.775 2.925 0.0000e+00
-0.775 2.975 0.0000e+00
-0.775 3.025 0.0000e+00
-0.775 3.075 0.0000e+00
-0.775 3.125 0.0000e+00
-0.775 3.175 0.0000e+00
-0.775 3.225 0.0000e+00
-0.775 3.275 0.0000e+00
-0.775 3.325 0.0000e+00
-0.775 3.375 0.0000e+00
-0.775 3.425 0.0000e+00
-0.775 3.475 0.0000e+00
-0.775 3.525 0.0000e+00
-0.775 3.575 0.0000e+00
-0.775 3.625 0.0000e+00
-0.775 3.675 0.0000e+00
-0.775 3.725 0.0000e+00
-0.775 3.775 0.0000e+00
-0.775 3.825 0.0000e+00
-0.775 3.875 0.0000e+00
-0.775 3.925 0.0000e+00
-0.775 3.975 0.0000e+00
-0.725 0.025 0.0000e+00
-0.725 0.075 0.0000e+00
-0.725 0.125 0.0000e+00
-0.725 0.175 0.0000e+00
-0.725 0.225 0.0000e+00
-0.725 0.275 0.0000e+00
-0.725 0.325 0.0000e+00
-0.725 0.375 0.0000e+00
-0.725 0.425 0.0000e+00
-0.725 0.475 0.0000e+00
-0.725 0.525 0.0000e+00
-0.725 0.575 0.0000e+00
-0.725 0.625 0.0000e+00
-0.725 0.675 0.0000e+00
-0.725 0.725 0.0000e+00
-0.725 0.775 0.0000e+00
-0.725 0.825 0.0000e+00
-0.725 0.875 0.0000e+00
-0.725 0.925 0.0000e+00
-0.725 0.975 0.0000e+00
-0.725 1.025 0.0000e+00
-0.725 1.075 0.0000e+00
-0.725 1.125 0.0000e+00
-0.725 1.175 0.0000e+00
-0.725 1.225 0.0000e+00
-0.725 1.275 0.0000e+00
-0.725 1.325 0.0000e+00
-0.725 1.375 0.0000e+00
-0.725 1.425 0.0000e+00
-0.725 1.475 0.0000e+00
-0.725 1.525 0.0000e+00
-0.725 1.575 0.0000e+00
-0.725 1.625 0.0000e+00
-0.725 1.675 0.0000e+00
-0.725 1.725 0.0000e+00
-0.725 1.775 0.0000e+00
-0.725 1.825 0.0000e+00
-0.725 1.875 0.0000e+00
-0.725 1.925 0.0000e+00
-0.725 1.975 0.0000e+00
-0.725 2.025 0.0000e+00
-0.725 2.075 0.0000e+00
-0.725 2.125 0.0000e+00
-0.725 2.175 0.0000e+00
-0.725 2.225 0.0000e+00
-0.725 2.275 0.0000e+00
-0.725 2.325 0.0000e+00
-0.725 2.375 0.0000e+00
-0.725 2.425 0.0000e+00
-0.725 2.475 0.0000e+00
-0.725 2.525 0.0000e+00
-0.725 2.575 0.0000e+00
-0.725 2.625 0.0000e+00
-0.725 2.675 0.0000e+00
-0.725 2.725 0.0000e+00
-0.725 2.775 0.0000e+00
-0.725 2.825 0.0000e+00
-0.725 2.875 0.0000e+00
-0.725 2.925 0.0000e+00
-0.725 2.975 0.0000e+00
-0.725 3.025 0.0000e+00
-0.725 3.075 0.0000e+00
-0.725 3.125 0.0000e+00
-0.725 3.175 0.0000e+00
-0.725 3.225 0.0000e+00
-0.725 3.275 0.0000e+00
-0.725 3.325 0.0000e+00
-0.725 3.375 0.0000e+00
-0.725 3.425 0.0000e+00
-0.725 3.475 0.0000e+00
-0.725 3.525 0.0000e+00
-0.725 3.575 0.0000e+00
-0.725 3.625 0.0000e+00
-0.725 3.675 0.0000e+00
-0.725 3.725 0.0000e+00
-0.725 3.775 0.0000e+00
-0.725 3.825 0.0000e+00
-0.725 3.875 0.0000e+00
-0.725 3.925 0.0000e+00
-0.725 3.975 0.0000e+00
-0.675 0.025 0.0000e+00
-0.675 0.075 0.0000e+00
-0.675 0.125 0.0000e+00
-0.675 0.175 0.0000e+00
-0.675 0.225 0.0000e+00
-0.675 0.275 0.0000e+00
-0.675 0.325 0.0000e+00
-0.675 0.375 0.0000e+00
-0.675 0.425 0.0000e+00
-0.675 0.475 0.0000e+00
-0.675 0.525 0.0000e+00
-0.675 0.575 0.0000e+00
-0.675 0.625 0.0000e+00
-0.675 0.675 0.0000e+00
-0.675 0.725 0.0000e+00
-0.675 0.775 0.0000e+00
-0.675 0.825 0.0000e+00
-0.675 0.875 0.0000e+00
-0.675 0.925 0.0000e+00
-0.675 0.975 0.0000e+00
-0.675 1.025 0.0000e+00
-0.675 1.075 0.0000e+00
-0.675 1.125 0.0000e+00
-0.675 1.175 0.0000e+00
-0.675 1.225 0.0000e+00
-0.675 1.275 0.0000e+00
-0.675 1.325 0.0000e+00
-0.675 1.375 0.0000e+00
-0.675 1.425 0.0000e+00
-0.675 1.475 0.0000e+00
-0.675 1.525 0.0000e+00
-0.675 1.575 0.0000e+00
-0.675 1.625 0.0000e+00
-0.675 1.675 0.0000e+00
-0.675 1.725 0.0000e+00
-0.675 1.775 0.0000e+00
-0.675 1.825 0.0000e+00
-0.675 1.875 0.0000e+00
-0.675 1.925 0.0000e+00
-0.675 1.975 0.0000e+00
-0.675 2.025 0.0000e+00
-0.675 2.075 0.0000e+00
-0.675 2.125 0.0000e+00
-0.675 2.175 0.0000e+00
-0.675 2.225 0.0000e+00
-0.675 2.275 0.0000e+00
-0.675 2.325 0.0000e+00
-0.675 2.375 0.0000e+00
-0.675 2.425 0.0000e+00
-0.675 2.475 0.0000e+00
-0.675 2.525 0.0000e+00
-0.675 2.575 0.0000e+00
-0.675 2.625 0.0000e+00
-0.675 2.675 0.0000e+00
-0.675 2.725 0.0000e+00
-0.675 2.775 0.0000e+00
-0.675 2.825 0.0000e+00
-0.675 2.875 0.0000e+00
-0.675 2.925 0.0000e+00
-0.675 2.975 0.0000e+00
-0.675 3.025 0.0000e+00
-0.675 3.075 0.0000e+00
-0.675 3.125 0.0000e+00
-0.675 3.175 0.0000e+00
-0.675 3.225 0.0000e+00
-0.675 3.275 0.0000e+00
-0.675 3.325 0.0000e+00
-0.675 3.375 0.0000e+00
-0.675 3.425 0.0000e+00
-0.675 3.475 0.0000e+00
-0.675 3.525 0.0000e+00
-0.675 3.575 0.0000e+00
-0.675 3.625 0.0000e+00
-0.675 3.675 0.0000e+00
-0.675 3.725 0.0000e+00
-0.675 3.775 0.0000e+00
-0.675 3.825 0.0000e+00
-0.675 3.875 0.0000e+00
-0.675 3.925 0.0000e+00
-0.675 3.975 0.0000e+00
-0.625 0.025 0.0000e+00
-0.625 0.075 0.0000e+00
-0.625 0.125 0.0000e+00
-0.625 0.175 0.0000e+00
-0.625 0.225 0.0000e+00
-0.625 0.275 0.0000e+00
-0.625 0.325 0.0000e+00
-0.625 0.375 0.0000e+00
-0.625 0.425 0.0000e+00
-0.625 0.475 0.0000e+00
-0.625 0.525 0.0000e+00
-0.625 0.575 0.0000e+00
-0.625 0.625 0.0000e+00
-0.625 0.675 0.0000e+00
-0.625 0.725 0.0000e+00
-0.625 0.775 0.0000e+00
-0.625 0.825 0.0000e+00
-0.625 0.875 0.0000e+00
-0.625 0.925 0.0000e+00
-0.625 0.975 0.0000e+00
-0.625 1.025 0.0000e+00
-0.625 1.075 0.0000e+00
-0.625 1.125 0.0000e+00
-0.625 1.175 0.0000e+00
-0.625 1.225 0.0000e+00
-0.625 1.275 0.0000e+00
-0.625 1.325 0.0000e+00
-0.625 1.375 0.0000e+00
-0.625 1.425 0.0000e+00
-0.625 1.475 0.0000e+00
-0.625 1.525 0.0000e+00
-0.625 1.575 0.0000e+00
-0.625 1.625 0.0000e+00
-0.625 1.675 0.0000e+00
-0.625 1.725 0.0000e+00
-0.625 1.775 0.0000e+00
-0.625 1.825 0.0000e+00
-0.625 1.875 0.0000e+00
-0.625 1.925 0.0000e+00
-0.625 1.975 0.0000e+00
-0.625 2.025 0.0000e+00
-0.625 2.075 0.0000e+00
-0.625 2.125 0.0000e+00
-0.625 2.175 0.0000e+00
-0.625 2.225 0.0000e+00
-0.625 2.275 0.0000e+00
-0.625 2.325 0.0000e+00
-0.625 2.375 0.0000e+00
-0.625 2.425 0.0000e+00
-0.625 2.475 0.0000e+00
-0.625 2.525 0.0000e+00
-0.625 2.575 0.0000e+00
-0.625 2.625 0.0000e+00
-0.625 2.675 0.0000e+00
-0.625 2.725 0.0000e+00
-0.625 2.775 0.0000e+00
-0.625 2.825 0.0000e+00
-0.625 2.875 0.0000e+00
-0.625 2.925 0.0000e+00
-0.625 2.975 0.0000e+00
-0.625 3.025 0.0000e+00
-0.625 3.075 0.0000e+00
-0.625 3.125 0.0000e+00
-0.625 3.175 0.0000e+00
-0.625 3.225 0.0000e+00
-0.625 3.275 0.0000e+00
-0.625 3.325 0.0000e+00
-0.625 3.375 0.0000e+00
-0.625 3.425 0.0000e+00
-0.625 3.475 0.0000e+00
-0.625 3.525 0.0000e+00
-0.625 3.575 0.0000e+00
-0.625 3.625 0.0000e+00
-0.625 3.675 0.0000e+00
-0.625 3.725 0.0000e+00
-0.625 3.775 0.0000e+00
-0.625 3.825 0.0000e+00
-0.625 3.875 0.0000e+00
-0.625 3.925 0.0000e+00
-0.625 3.975 0.0000e+00
-0.575 0.025 0.0000e+00
-0.575 0.075 0.0000e+00
-0.575 0.125 0.0000e+00
-0.575 0.175 0.0000e+00
-0.575 0.225 0.0000e+00
-0.575 0.275 0.0000e+00
-0.575 0.325 0.0000e+00
-0.575 0.375 0.0000e+00
-0.575 0.425 0.0000e+00
-0.575 0.475 0.0000e+00
-0.575 0.525 0.0000e+00
-0.575 0.575 0.0000e+00
-0.575 0.625 0.0000e+00
-0.575 0.675 0.0000e+00
-0.575 0.725 0.0000e+00
-0.575 0.775 0.0000e+00
-0.575 0.825 0.0000e+00
-0.575 0.875 0.0000e+00
-0.575 0.925 0.0000e+00
-0.575 0.975 0.0000e+00
-0.575 1.025 0.0000e+00
-0.575 1.075 0.0000e+00
-0.575 1.125 0.0000e+00
-0.575 1.175 0.0000e+00
-0.575 1.225 0.0000e+00
-0.575 1.275 0.0000e+00
-0.575 1.325 0.0000e+00
-0.575 1.375 0.0000e+00
-0.575 1.425 0.0000e+00
-0.575 1.475 0.0000e+00
-0.575 1.525 0.0000e+00
-0.575 1.575 0.0000e+00
-0.575 1.625 0.0000e+00
-0.575 1.675 0.0000e+00
-0.575 1.725 0.0000e+00
-0.575 1.775 0.0000e+00
-0.575 1.825 0.0000e+00
-0.575 1.875 0.0000e+00
-0.575 1.925 0.0000e+00
-0.575 1.975 0.0000e+00
-0.575 2.025 0.0000e+00
-0.575 2.075 0.0000e+00
-0.575 2.125 0.0000e+00
-0.575 2.175 0.0000e+00
-0.575 2.225 0.0000e+00
-0.575 2.275 0.0000e+00
-0.575 2.325 0.0000e+00
-0.575 2.375 0.0000e+00
-0.575 2.425 0.0000e+00
-0.575 2.475 0.0000e+00
-0.575 2.525 0.0000e+00
-0.575 2.575 0.0000e+00
-0.575 2.625 0.0000e+00
-0.575 2.675 0.0000e+00
-0.575 2.725 0.0000e+00
-0.575 2.775 0.0000e+00
-0.575 2.825 0.0000e+00
-0.575 2.875 0.0000e+00
-0.575 2.925 0.0000e+00
-0.575 2.975 0.0000e+00
-0.575 3.025 0.0000e+00
-0.575 3.075 0.0000e+00
-0.575 3.125 0.0000e+00
-0.575 3.175 0.0000e+00
-0.575 3.225 0.0000e+00
-0.575 3.275 0.0000e+00
-0.575 3.325 0.0000e+00
-0.575 3.375 0.0000e+00
-0.575 3.425 0.0000e+00
-0.575 3.475 0.0000e+00
-0.575 3.525 0.0000e+00
-0.575 3.575 0.0000e+00
-0.575 3.625 0.0000e+00
-0.575 3.675 0.0000e+00
-0.575 3.725 0.0000e+00
-0.575 3.775 0.0000e+00
-0.575 3.825 0.0000e+00
-0.575 3.875 0.0000e+00
-0.575 3.925 0.0000e+00
-0.575 3.975 0.0000e+00
-0.525 0.025 0.0000e+00
-0.525 0.075 0.0000e+00
-0.525 0.125 0.0000e+00
-0.525 0.175 0.0000e+00
-0.525 0.225 0.0000e+00
-0.525 0.275 0.0000e+00
-0.525 0.325 0.0000e+00
-0.525 0.375 0.0000e+00
-0.525 0.425 0.0000e+00
-0.525 0.475 0.0000e+00
-0.525 0.525 0.0000e+00
-0.525 0.575 0.0000e+00
-0.525 0.625 0.0000e+00
-0.525 0.675 0.0000e+00
-0.525 0.725 0.0000e+00
-0.525 0.775 0.0000e+00
-0.525 0.825 0.0000e+00
-0.525 0.875 0.0000e+00
-0.525 0.925 0.0000e+00
-0.525 0.975 0.0000e+00
-0.525 1.025 0.0000e+00
-0.525 1.075 0.0000e+00
-0.525 1.125 0.0000e+00
-0.525 1.175 0.0000e+00
-0.525 1.225 0.0000e+00
-0.525 1.275 0.0000e+00
-0.525 1.325 0.0000e+00
-0.525 1.375 0.0000e+00
-0.525 1.425 0.0000e+00
-0.525 1.475 0.0000e+00
-0.525 1.525 0.0000e+00
-0.525 1.575 0.0000e+00
-0.525 1.625 0.0000e+00
-0.525 1.675 0.0000e+00
-0.525 1.725 0.0000e+00
-0.525 1.775 0.0000e+00
-0.525 1.825 0.0000e+00
-0.525 1.875 0.0000e+00
-0.525 1.925 0.0000e+00
-0.525 1.975 0.0000e+00
-0.525 2.025 0.0000e+00
-0.525 2.075 0.0000e+00
-0.525 2.125 0.0000e+00
-0.525 2.175 0.0000e+00
-0.525 2.225 0.0000e+00
-0.525 2.275 0.0000e+00
-0.525 2.325 0.0000e+00
-0.525 2.375 0.0000e+00
-0.525 2.425 0.0000e+00
-0.525 2.475 0.0000e+00
-0.525 2.525 0.0000e+00
-0.525 2.575 0.0000e+00
-0.525 2.625 0.0000e+00
-0.525 2.675 0.0000e+00
-0.525 2.725 0.0000e+00
-0.525 2.775 0.0000e+00
-0.525 2.825 0.0000e+00
-0.525 2.875 0.0000e+00
-0.525 2.925 0.0000e+00
-0.525 2.975 0.0000e+00
-0.525 3.025 0.0000e+00
-0.525 3.075 0.0000e+00
-0.525 3.125 0.0000e+00
-0.525 3.175 0.0000e+00
-0.525 3.225 0.0000e+00
-0.525 3.275 0.0000e+00
-0.525 3.325 0.0000e+00
-0.525 3.375 0.0000e+00
-0.525 3.425 0.0000e+00
-0.525 3.475 0.0000e+00
-0.525 3.525 0.0000e+00
-0.525 3.575 0.0000e+00
-0.525 3.625 0.0000e+00
-0.525 3.675 0.0000e+00
-0.525 3.725 0.0000e+00
-0.525 3.775 0.0000e+00
-0.525 3.825 0.0000e+00
-0.525 3.875 0.0000e+00
-0.525 3.925 0.0000e+00
-0.525 3.975 0.0000e+00
-0.475 0.025 0.0000e+00
-0.475 0.075 0.0000e+00
-0.475 0.125 0.0000e+00
-0.475 0.175 0.0000e+00
-0.475 0.225 0.0000e+00
-0.475 0.275 0.0000e+00
-0.475 0.325 0.0000e+00
-0.475 0.375 0.0000e+00
-0.475 0.425 0.0000e+00
-0.475 0.475 0.0000e+00
-0.475 0.525 0.0000e+00
-0.475 0.575 0.0000e+00
-0.475 0.625 0.0000e+00
-0.475 0.675 0.0000e+00
-0.475 0.725 0.0000e+00
-0.475 0.775 0.0000e+00
-0.475 0.825 0.0000e+00
-0.475 0.875 0.0000e+00
-0.475 0.925 0.0000e+00
-0.475 0.975 0.0000e+00
-0.475 1.025 0.0000e+00
-0.475 1.075 0.0000e+00
-0.475 1.125 0.0000e+00
-0.475 1.175 0.0000e+00
-0.475 1.225 0.0000e+00
-0.475 1.275 0.0000e+00
-0.475 1.325 0.0000e+00
-0.475 1.375 0.0000e+00
-0.475 1.425 0.0000e+00
-0.475 1.475 0.0000e+00
-0.475 1.525 0.0000e+00
-0.475 1.575 0.0000e+00
-0.475 1.625 0.0000e+00
-0.475 1.675 0.0000e+00
-0.475 1.725 0.0000e+00
-0.475 1.775 0.0000e+00
-0.475 1.825 0.0000e+00
-0.475 1.875 0.0000e+00
-0.475 1.925 0.0000e+00
-0.475 1.975 0.0000e+00
-0.475 2.025 0.0000e+00
-0.475 2.075 0.0000e+00
-0.475 2.125 0.0000e+00
-0.475 2.175 0.0000e+00
-0.475 2.225 0.0000e+00
-0.475 2.275 0.0000e+00
-0.475 2.325 0.0000e+00
-0.475 2.375 0.0000e+00
-0.475 2.425 0.0000e+00
-0.475 2.475 0.0000e+00
-0.475 2.525 0.0000e+00
-0.475 2.575 0.0000e+00
-0.475 2.625 0.0000e+00
-0.475 2.675 0.0000e+00
-0.475 2.725 0.0000e+00
-0.475 2.775 0.0000e+00
-0.475 2.825 0.0000e+00
-0.475 2.875 0.0000e+00
-0.475 2.925 0.0000e+00
-0.475 2.975 0.0000e+00
-0.475 3.025 0.0000e+00
-0.475 3.075 0.0000e+00
-0.475 3.125 0.0000e+00
-0.475 3.175 0.0000e+00
-0.475 3.225 0.0000e+00
-0.475 3.275 0.0000e+00
-0.475 3.325 0.0000e+00
-0.475 3.375 0.0000e+00
-0.475 3.425 0.0000e+00
-0.475 3.475 0.0000e+00
-0.475 3.525 0.0000e+00
-0.475 3.575 0.0000e+00
-0.475 3.625 0.0000e+00
-0.475 3.675 0.0000e+00
-0.475 3.725 0.0000e+00
-0.475 3.775 0.0000e+00
-0.475 3.825 0.0000e+00
-0.475 3.875 0.0000e+00
-0.475 3.925 0.0000e+00
-0.475 3.975 0.0000e+00
-0.425 0.025 0.0000e+00
-0.425 0.075 0.0000e+00
-0.425 0.125 0.0000e+00
-0.425 0.175 0.0000e+00
-0.425 0.225 0.0000e+00
-0.425 0.275 0.0000e+00
-0.425 0.325 0.0000e+00
-0.425 0.375 0.0000e+00
-0.425 0.425 0.0000e+00
-0.425 0.475 0.0000e+00
-0.425 0.525 0.0000e+00
-0.425 0.575 0.0000e+00
-0.425 0.625 0.0000e+00
-0.425 0.675 0.0000e+00
-0.425 0.725 0.0000e+00
-0.425 0.775 0.0000e+00
-0.425 0.825 0.0000e+00
-0.425 0.875 0.0000e+00
-0.425 0.925 0.0000e+00
-0.425 0.975 0.0000e+00
-0.425 1.025 0.0000e+00
-0.425 1.075 0.0000e+00
-0.425 1.125 0.0000e+00
-0.425 1.175 0.0000e+00
-0.425 1.225 0.0000e+00
-0.425 1.275 0.0000e+00
-0.425 1.325 0.0000e+00
-0.425 1.375 0.0000e+00
-0.425 1.425 0.0000e+00
-0.425 1.475 0.0000e+00
-0.425 1.525 0.0000e+00
-0.425 1.575 0.0000e+00
-0.425 1.625 0.0000e+00
-0.425 1.675 0.0000e+00
-0.425 1.725 0.0000e+00
-0.425 1.775 0.0000e+00
-0.425 1.825 0.0000e+00
-0.425 1.875 0.0000e+00
-0.425 1.925 0.0000e+00
-0.425 1.975 0.0000e+00
-0.425 2.025 0.0000e+00
-0.425 2.075 0.0000e+00
-0.425 2.125 0.0000e+00
-0.425 2.175 0.0000e+00
-0.425 2.225 0.0000e+00
-0.425 2.275 0.0000e+00
-0.425 2.325 0.0000e+00
-0.425 2.375 0.0000e+00
-0.425 2.425 0.0000e+00
-0.425 2.475 0.0000e+00
-0.425 2.525 0.0000e+00
-0.425 2.575 0.0000e+00
-0.425 2.625 0.0000e+00
-0.425 2.675 0.0000e+00
-0.425 2.725 0.0000e+00
-0.425 2.775 0.0000e+00
-0.425 2.825 0.0000e+00
-0.425 2.875 0.0000e+00
-0.425 2.925 0.0000e+00
-0.425 2.975 0.0000e+00
-0.425 3.025 0.0000e+00
-0.425 3.075 0.0000e+00
-0.425 3.125 0.0000e+00
-0.425 3.175 0.0000e+00
-0.425 3.225 0.0000e+00
-0.425 3.275 0.0000e+00
-0.425 3.325 0.0000e+00
-0.425 3.375 0.0000e+00
-0.425 3.425 0.0000e+00
-0.425 3.475 0.0000e+00
-0.425 3.525 0.0000e+00
-0.425 3.575 0.0000e+00
-0.425 3.625 0.0000e+00
-0.425 3.675 0.0000e+00
-0.425 3.725 0.0000e+00
-0.425 3.775 0.0000e+00
-0.425 3.825 0.0000e+00
-0.425 3.875 0.0000e+00
-0.425 3.925 0.0000e+00
-0.425 3.975 0.0000e+00
-0.375 0.025 0.0000e+00
-0.375 0.075 0.0000e+00
-0.375 0.125 0.0000e+00
-0.375 0.175 0.0000e+00
-0.375 0.225 0.0000e+00
-0.375 0.275 0.0000e+00
-0.375 0.325 0.0000e+00
-0.375 0.375 0.0000e+00
-0.375 0.425 0.0000e+00
-0.375 0.475 0.0000e+00
-0.375 0.525 0.0000e+00
-0.375 0.575 0.0000e+00
-0.375 0.625 0.0000e+00
-0.375 0.675 0.0000e+00
-0.375 0.725 0.0000e+00
-0.375 0.775 0.0000e+00
-0.375 0.825 0.0000e+00
-0.375 0.875 0.0000e+00
-0.375 0.925 0.0000e+00
-0.375 0.975 0.0000e+00
-0.375 1.025 0.0000e+00
-0.375 1.075 0.0000e+00
-0.375 1.125 0.0000e+00
-0.375 1.175 0.0000e+00
-0.375 1.225 0.0000e+00
-0.375 1.275 0.0000e+00
-0.375 1.325 0.0000e+00
-0.375 1.375 0.0000e+00
-0.375 1.425 0.0000e+00
-0.375 1.475 0.0000e+00
-0.375 1.525 0.0000e+00
-0.375 1.575 0.0000e+00
-0.375 1.625 0.0000e+00
-0.375 1.675 0.0000e+00
-0.375 1.725 0.0000e+00
-0.375 1.775 0.0000e+00
-0.375 1.825 0.0000e+00
-0.375 1.875 0.0000e+00
-0.375 1.925 0.0000e+00
-0.375 1.975 0.0000e+00
-0.375 2.025 0.0000e+00
-0.375 2.075 0.0000e+00
-0.375 2.125 0.0000e+00
-0.375 2.175 0.0000e+00
-0.375 2.225 0.0000e+00
-0.375 2.275 0.0000e+00
-0.375 2.325 0.0000e+00
-0.375 2.375 0.0000e+00
-0.375 2.425 0.0000e+00
-0.375 2.475 0.0000e+00
-0.375 2.525 0.0000e+00
-0.375 2.575 0.0000e+00
-0.375 2.625 0.0000e+00
-0.375 2.675 0.0000e+00
-0.375 2.725 0.0000e+00
-0.375 2.775 0.0000e+00
-0.375 2.825 0.0000e+00
-0.375 2.875 0.0000e+00
-0.375 2.925 0.0000e+00
-0.375 2.975 0.0000e+00
-0.375 3.025 0.0000e+00
-0.375 3.075 0.0000e+00
-0.375 3.125 0.0000e+00
-0.375 3.175 0.0000e+00
-0.375 3.225 0.0000e+00
-0.375 3.275 0.0000e+00
-0.375 3.325 0.0000e+00
-0.375 3.375 0.0000e+00
-0.375 3.425 0.0000e+00
-0.375 3.475 0.0000e+00
-0.375 3.525 0.0000e+00
-0.375 3.575 0.0000e+00
-0.375 3.625 0.0000e+00
-0.375 3.675 0.0000e+00
-0.375 3.725 0.0000e+00
-0.375 3.775 0.0000e+00
-0.375 3.825 0.0000e+00
-0.375 3.875 0.0000e+00
-0.375 3.925 0.0000e+00
-0.375 3.975 0.0000e+00
-0.325 0.025 0.0000e+00
-0.325 0.075 0.0000e+00
-0.325 0.125 0.0000e+00
-0.325 0.175 0.0000e+00
-0.325 0.225 0.0000e+00
-0.325 0.275 0.0000e+00
-0.325 0.325 0.0000e+00
-0.325 0.375 0.0000e+00
-0.325 0.425 0.0000e+00
-0.325 0.475 0.0000e+00
-0.325 0.525 0.0000e+00
-0.325 0.575 0.0000e+00
-0.325 0.625 0.0000e+00
-0.325 0.675 0.0000e+00
-0.325 0.725 0.0000e+00
-0.325 0.775 0.0000e+00
-0.325 0.825 0.0000e+00
-0.325 0.875 0.0000e+00
-0.325 0.925 0.0000e+00
-0.325 0.975 0.0000e+00
-0.325 1.025 0.0000e+00
-0.325 1.075 0.0000e+00
-0.325 1.125 0.0000e+00
-0.325 1.175 0.0000e+00
-0.325 1.225 0.0000e+00
-0.325 1.275 0.0000e+00
-0.325 1.325 0.0000e+00
-0.325 1.375 0.0000e+00
-0.325 1.425 0.0000e+00
-0.325 1.475 0.0000e+00
-0.325 1.525 0.0000e+00
-0.325 1.575 0.0000e+00
-0.325 1.625 0.0000e+00
-0.325 1.675 0.0000e+00
-0.325 1.725 0.0000e+00
-0.325 1.775 0.0000e+00
-0.325 1.825 0.0000e+00
-0.325 1.875 0.0000e+00
-0.325 1.925 0.0000e+00
-0.325 1.975 0.0000e+00
-0.325 2.025 0.0000e+00
-0.325 2.075 0.0000e+00
-0.325 2.125 0.0000e+00
-0.325 2.175 0.0000e+00
-0.325 2.225 0.0000e+00
-0.325 2.275 0.0000e+00
-0.325 2.325 0.0000e+00
-0.325 2.375 0.0000e+00
-0.325 2.425 0.0000e+00
-0.325 2.475 0.0000e+00
-0.325 2.525 0.0000e+00
-0.325 2.575 0.0000e+00
-0.325 2.625 0.0000e+00
-0.325 2.675 0.0000e+00
-0.325 2.725 0.0000e+00
-0.325 2.775 0.0000e+00
-0.325 2.825 0.0000e+00
-0.325 2.875 0.0000e+00
-0.325 2.925 0.0000e+00
-0.325 2.975 0.0000e+00
-0.325 3.025 0.0000e+00
-0.325 3.075 0.0000e+00
-0.325 3.125 0.0000e+00
-0.325 3.175 0.0000e+00
-0.325 3.225 0.0000e+00
-0.325 3.275 0.0000e+00
-0.325 3.325 0.0000e+00
-0.325 3.375 0.0000e+00
-0.325 3.425 0.0000e+00
-0.325 3.475 0.0000e+00
-0.325 3.525 0.0000e+00
-0.325 3.575 0.0000e+00
-0.325 3.625 0.0000e+00
-0.325 3.675 0.0000e+00
-0.325 3.725 0.0000e+00
-0.325 3.775 0.0000e+00
-0.325 3.825 0.0000e+00
-0.325 3.875 0.0000e+00
-0.325 3.925 0.0000e+00
-0.325 3.975 0.0000e+00
-0.275 0.025 0.0000e+00
-0.275 0.075 0.0000e+00
-0.275 0.125 0.0000e+00
-0.275 0.175 0.0000e+00
-0.275 0.225 0.0000e+00
-0.275 0.275 0.0000e+00
-0.275 0.325 0.0000e+00
-0.275 0.375 0.0000e+00
-0.275 0.425 0.0000e+00
-0.275 0.475 0.0000e+00
-0.275 0.525 0.0000e+00
-0.275 0.575 0.0000e+00
-0.275 0.625 0.0000e+00
-0.275 0.675 0.0000e+00
-0.275 0.725 0.0000e+00
-0.275 0.775 0.0000e+00
-0.275 0.825 0.0000e+00
-0.275 0.875 0.0000e+00
-0.275 0.925 0.0000e+00
-0.275 0.975 0.0000e+00
-0.275 1.025 0.0000e+00
-0.275 1.075 0.0000e+00
-0.275 1.125 0.0000e+00
-0.275 1.175 0.0000e+00
-0.275 1.225 0.0000e+00
-0.275 1.275 0.0000e+00
-0.275 1.325 0.0000e+00
-0.275 1.375 0.0000e+00
-0.275 1.425 0.0000e+00
-0.275 1.475 0.0000e+00
-0.275 1.525 0.0000e+00
-0.275 1.575 0.0000e+00
-0.275 1.625 0.0000e+00
-0.275 1.675 0.0000e+00
-0.275 1.725 0.0000e+00
-0.275 1.775 0.0000e+00
-0.275 1.825 0.0000e+00
-0.275 1.875 0.0000e+00
-0.275 1.925 0.0000e+00
-0.275 1.975 0.0000e+00
-0.275 2.025 0.0000e+00
-0.275 2.075 0.0000e+00
-0.275 2.125 0.0000e+00
-0.275 2.175 0.0000e+00
-0.275 2.225 0.0000e+00
-0.275 2.275 0.0000e+00
-0.275 2.325 0.0000e+00
-0.275 2.375 0.0000e+00
-0.275 2.425 0.0000e+00
-0.275 2.475 0.0000e+00
-0.275 2.525 0.0000e+00
-0.275 2.575 0.0000e+00
-0.275 2.625 0.0000e+00
-0.275 2.675 0.0000e+00
-0.275 2.725 0.0000e+00
-0.275 2.775 0.0000e+00
-0.275 2.825 0.0000e+00
-0.275 2.875 0.0000e+00
-0.275 2.925 0.0000e+00
-0.275 2.975 0.0000e+00
-0.275 3.025 0.0000e+00
-0.275 3.075 0.0000e+00
-0.275 3.125 0.0000e+00
-0.275 3.175 0.0000e+00
-0.275 3.225 0.0000e+00
-0.275 3.275 0.0000e+00
-0.275 3.325 0.0000e+00
-0.275 3.375 0.0000e+00
-0.275 3.425 0.0000e+00
-0.275 3.475 0.0000e+00
-0.275 3.525 0.0000e+00
-0.275 3.575 0.0000e+00
-0.275 3.625 0.0000e+00
-0.275 3.675 0.0000e+00
-0.275 3.725 0.0000e+00
-0.275 3.775 0.0000e+00
-0.275 3.825 0.0000e+00
-0.275 3.875 0.0000e+00
-0.275 3.925 0.0000e+00
-0.275 3.975 0.0000e+00
-0.225 0.025 0.0000e+00
-0.225 0.075 0.0000e+00
-0.225 0.125 0.0000e+00
-0.225 0.175 0.0000e+00
-0.225 0.225 0.0000e+00
-0.225 0.275 0.0000e+00
-0.225 0.325 0.0000e+00
-0.225 0.375 0.0000e+00
-0.225 0.425 0.0000e+00
-0.225 0.475 0.0000e+00
-0.225 0.525 0.0000e+00
-0.225 0.575 0.0000e+00
-0.225 0.625 0.0000e+00
-0.225 0.675 0.0000e+00
-0.225 0.725 0.0000e+00
-0.225 0.775 0.0000e+00
-0.225 0.825 0.0000e+00
-0.225 0.875 0.0000e+00
-0.225 0.925 0.0000e+00
-0.225 0.975 0.0000e+00
-0.225 1.025 0.0000e+00
-0.225 1.075 0.0000e+00
-0.225 1.125 0.0000e+00
-0.225 1.175 0.0000e+00
-0.225 1.225 0.0000e+00
-0.225 1.275 0.0000e+00
-0.225 1.325 0.0000e+00
-0.225 1.375 0.0000e+00
-0.225 1.425 0.0000e+00
-0.225 1.475 0.0000e+00
-0.225 1.525 0.0000e+00
-0.225 1.575 0.0000e+00
-0.225 1.625 0.0000e+00
-0.225 1.675 0.0000e+00
-0.225 1.725 0.0000e+00
-0.225 1.775 0.0000e+00
-0.225 1.825 0.0000e+00
-0.225 1.875 0.0000e+00
-0.225 1.925 0.0000e+00
-0.225 1.975 0.0000e+00
-0.225 2.025 0.0000e+00
-0.225 2.075 0.0000e+00
-0.225 2.125 0.0000e+00
-0.225 2.175 0.0000e+00
-0.225 2.225 0.0000e+00
-0.225 2.275 0.0000e+00
-0.225 2.325 0.0000e+00
-0.225 2.375 0.0000e+00
-0.225 2.425 0.0000e+00
-0.225 2.475 0.0000e+00
-0.225 2.525 0.0000e+00
-0.225 2.575 0.0000e+00
-0.225 2.625 0.0000e+00
-0.225 2.675 0.0000e+00
-0.225 2.725 0.0000e+00
-0.225 2.775 0.0000e+00
-0.225 2.825 0.0000e+00
-0.225 2.875 0.0000e+00
-0.225 2.925 0.0000e+00
-0.225 2.975 0.0000e+00
-0.225 3.025 0.0000e+00
-0.225 3.075 0.0000e+00
-0.225 3.125 0.0000e+00
-0.225 3.175 0.0000e+00
-0.225 3.225 0.0000e+00
-0.225 3.275 0.0000e+00
-0.225 3.325 0.0000e+00
-0.225 3.375 0.0000e+00
-0.225 3.425 0.0000e+00
-0.225 3.475 0.0000e+00
-0.225 3.525 0.0000e+00
-0.225 3.575 0.0000e+00
-0.225 3.625 0.0000e+00
-0.225 3.675 0.0000e+00
-0.225 3.725 0.0000e+00
-0.225 3.775 0.0000e+00
-0.225 3.825 0.0000e+00
-0.225 3.875 0.0000e+00
-0.225 3.925 0.0000e+00
-0.225 3.975 0.0000e+00
-0.175 0.025 0.0000e+00
-0.175 0.075 0.0000e+00
-0.175 0.125 0.0000e+00
-0.175 0.175 0.0000e+00
-0.175 0.225 0.0000e+00
-0.175 0.275 0.0000e+00
-0.175 0.325 0.0000e+00
-0.175 0.375 0.0000e+00
-0.175 0.425 0.0000e+00
-0.175 0.475 0.0000e+00
-0.175 0.525 0.0000e+00
-0.175 0.575 0.0000e+00
-0.175 0.625 0.0000e+00
-0.175 0.675 0.0000e+00
-0.175 0.725 0.0000e+00
-0.175 0.775 0.0000e+00
-0.175 0.825 0.0000e+00
-0.175 0.875 0.0000e+00
-0.175 0.925 0.0000e+00
-0.175 0.975 0.0000e+00
-0.175 1.025 0.0000e+00
-0.175 1.075 0.0000e+00
-0.175 1.125 0.0000e+00
-0.175 1.175 0.0000e+00
-0.175 1.225 0.0000e+00
-0.175 1.275 0.0000e+00
-0.175 1.325 0.0000e+00
-0.175 1.375 0.0000e+00
-0.175 1.425 0.0000e+00
-0.175 1.475 0.0000e+00
-0.175 1.525 0.0000e+00
-0.175 1.575 0.0000e+00
-0.175 1.625 0.0000e+00
-0.175 1.675 0.0000e+00
-0.175 1.725 0.0000e+00
-0.175 1.775 0.0000e+00
-0.175 1.825 0.0000e+00
-0.175 1.875 0.0000e+00
-0.175 1.925 0.0000e+00
-0.175 1.975 0.0000e+00
-0.175 2.025 0.0000e+00
-0.175 2.075 0.0000e+00
-0.175 2.125 0.0000e+00
-0.175 2.175 0.0000e+00
-0.175 2.225 0.0000e+00
-0.175 2.275 0.0000e+00
-0.175 2.325 0.0000e+00
-0.175 2.375 0.0000e+00
-0.175 2.425 0.0000e+00
-0.175 2.475 0.0000e+00
-0.175 2.525 0.0000e+00
-0.175 2.575 0.0000e+00
-0.175 2.625 0.0000e+00
-0.175 2.675 0.0000e+00
-0.175 2.725 0.0000e+00
-0.175 2.775 0.0000e+00
-0.175 2.825 0.0000e+00
-0.175 2.875 0.0000e+00
-0.175 2.925 0.0000e+00
-0.175 2.975 0.0000e+00
-0.175 3.025 0.0000e+00
-0.175 3.075 0.0000e+00
-0.175 3.125 0.0000e+00
-0.175 3.175 0.0000e+00
-0.175 3.225 0.0000e+00
-0.175 3.275 0.0000e+00
-0.175 3.325 0.0000e+00
-0.175 3.375 0.0000e+00
-0.175 3.425 0.0000e+00
-0.175 3.475 0.0000e+00
-0.175 3.525 0.0000e+00
-0.175 3.575 0.0000e+00
-0.175 3.625 0.0000e+00
-0.175 3.675 0.0000e+00
-0.175 3.725 0.0000e+00
-0.175 3.775 0.0000e+00
-0.175 3.825 0.0000e+00
-0.175 3.875 0.0000e+00
-0.175 3.925 0.0000e+00
-0.175 3.975 0.0000e+00
-0.125 0.025 0.0000e+00
-0.125 0.075 0.0000e+00
-0.125 0.125 0.0000e+00
-0.125 0.175 0.0000e+00
-0.125 0.225 0.0000e+00
-0.125 0.275 0.0000e+00
-0.125 0.325 0.0000e+00
-0.125 0.375 0.0000e+00
-0.125 0.425 0.0000e+00
-0.125 0.475 0.0000e+00
-0.125 0.525 0.0000e+00
-0.125 0.575 0.0000e+00
-0.125 0.625 0.0000e+00
-0.125 0.675 0.0000e+00
-0.125 0.725 0.0000e+00
-0.125 0.775 0.0000e+00
-0.125 0.825 0.0000e+00
-0.125 0.875 0.0000e+00
-0.125 0.925 0.0000e+00
-0.125 0.975 0.0000e+00
-0.125 1.025 0.0000e+00
-0.125 1.075 0.0000e+00
-0.125 1.125 0.0000e+00
-0.125 1.175 0.0000e+00
-0.125 1.225 0.0000e+00
-0.125 1.275 0.0000e+00
-0.125 1.325 0.0000e+00
-0.125 1.375 0.0000e+00
-0.125 1.425 0.0000e+00
-0.125 1.475 0.0000e+00
-0.125 1.525 0.0000e+00
-0.125 1.575 0.0000e+00
-0.125 1.625 0.0000e+00
-0.125 1.675 0.0000e+00
-0.125 1.725 0.0000e+00
-0.125 1.775 0.0000e+00
-0.125 1.825 0.0000e+00
-0.125 1.875 0.0000e+00
-0.125 1.925 0.0000e+00
-0.125 1.975 0.0000e+00
-0.125 2.025 0.0000e+00
-0.125 2.075 0.0000e+00
-0.125 2.125 0.0000e+00
-0.125 2.175 0.0000e+00
-0.125 2.225 0.0000e+00
-0.125 2.275 0.0000e+00
-0.125 2.325 0.0000e+00
-0.125 2.375 0.0000e+00
-0.125 2.425 0.0000e+00
-0.125 2.475 0.0000e+00
-0.125 2.525 0.0000e+00
-0.125 2.575 0.0000e+00
-0.125 2.625 0.0000e+00
-0.125 2.675 0.0000e+00
-0.125 2.725 0.0000e+00
-0.125 2.775 0.0000e+00
-0.125 2.825 0.0000e+00
-0.125 2.875 0.0000e+00
-0.125 2.925 0.0000e+00
-0.125 2.975 0.0000e+00
-0.125 3.025 0.0000e+00
-0.125 3.075 0.0000e+00
-0.125 3.125 0.0000e+00
-0.125 3.175 0.0000e+00
-0.125 3.225 0.0000e+00
-0.125 3.275 0.0000e+00
-0.125 3.325 0.0000e+00
-0.125 3.375 0.0000e+00
-0.125 3.425 0.0000e+00
-0.125 3.475 0.0000e+00
-0.125 3.525 0.0000e+00
-0.125 3.575 0.0000e+00
-0.125 3.625 0.0000e+00
-0.125 3.675 0.0000e+00
-0.125 3.725 0.0000e+00
-0.125 3.775 0.0000e+00
-0.125 3.825 0.0000e+00
-0.125 3.875 0.0000e+00
-0.125 3.925 0.0000e+00
-0.125 3.975 0.0000e+00
-0.075 0.025 0.0000e+00
-0.075 0.075 0.0000e+00
-0.075 0.125 0.0000e+00
-0.075 0.175 0.0000e+00
-0.075 0.225 0.0000e+00
-0.075 0.275 0.0000e+00
-0.075 0.325 0.0000e+00
-0.075 0.375 0.0000e+00
-0.075 0.425 0.0000e+00
-0.075 0.475 0.0000e+00
-0.075 0.525 0.0000e+00
-0.075 0.575 0.0000e+00
-0.075 0.625 0.0000e+00
-0.075 0.675 0.0000e+00
-0.075 0.725 0.0000e+00
-0.075 0.775 0.0000e+00
-0.075 0.825 0.0000e+00
-0.075 0.875 0.0000e+00
-0.075 0.925 0.0000e+00
-0.075 0.975 0.0000e+00
-0.075 1.025 0.0000e+00
-0.075 1.075 0.0000e+00
-0.075 1.125 0.0000e+00
-0.075 1.175 0.0000e+00
-0.075 1.225 0.0000e+00
-0.075 1.275 0.0000e+00
-0.075 1.325 0.0000e+00
-0.075 1.375 0.0000e+00
-0.075 1.425 0.0000e+00
-0.075 1.475 0.0000e+00
-0.075 1.525 0.0000e+00
-0.075 1.575 0.0000e+00
-0.075 1.625 0.0000e+00
-0.075 1.675 0.0000e+00
-0.075 1.725 0.0000e+00
-0.075 1.775 0.0000e+00
-0.075 1.825 0.0000e+00
-0.075 1.875 0.0000e+00
-0.075 1.925 0.0000e+00
-0.075 1.975 0.0000e+00
-0.075 2.025 0.0000e+00
-0.075 2.075 0.0000e+00
-0.075 2.125 0.0000e+00
-0.075 2.175 0.0000e+00
-0.075 2.225 0.0000e+00
-0.075 2.275 0.0000e+00
-0.075 2.325 0.0000e+00
-0.075 2.375 0.0000e+00
-0.075 2.425 0.0000e+00
-0.075 2.475 0.0000e+00
-0.075 2.525 0.0000e+00
-0.075 2.575 0.0000e+00
-0.075 2.625 0.0000e+00
-0.075 2.675 0.0000e+00
-0.075 2.725 0.0000e+00
-0.075 2.775 0.0000e+00
-0.075 2.825 0.0000e+00
-0.075 2.875 0.0000e+00
-0.075 2.925 0.0000e+00
-0.075 2.975 0.0000e+00
-0.075 3.025 0.0000e+00
-0.075 3.075 0.0000e+00
-0.075 3.125 0.0000e+00
-0.075 3.175 0.0000e+00
-0.075 3.225 0.0000e+00
-0.075 3.275 0.0000e+00
-0.075 3.325 0.0000e+00
-0.075 3.375 0.0000e+00
-0.075 3.425 0.0000e+00
-0.075 3.475 0.0000e+00
-0.075 3.525 0.0000e+00
-0.075 3.575 0.0000e+00
-0.075 3.625 0.0000e+00
-0.075 3.675 0.0000e+00
-0.075 3.725 0.0000e+00
-0.075 3.775 0.0000e+00
-0.075 3.825 0.0000e+00
-0.075 3.875 0.0000e+00
-0.075 3.925 0.0000e+00
-0.075 3.975 0.0000e+00
-0.025 0.025 0.0000e+00
-0.025 0.075 0.0000e+00
-0.025 0.125 0.0000e+00
-0.025 0.175 0.0000e+00
-0.025 0.225 0.0000e+00
-0.025 0.275 0.0000e+00
-0.025 0.325 0.0000e+00
-0.025 0.375 0.0000e+00
-0.025 0.425 0.0000e+00
-0.025 0.475 0.0000e+00
-0.025 0.525 0.0000e+00
-0.025 0.575 0.0000e+00
-0.025 0.625 0.0000e+00
-0.025 0.675 0.0000e+00
-0.025 0.725 0.0000e+00
-0.025 0.775 0.0000e+00
-0.025 0.825 0.0000e+00
-0.025 0.875 0.0000e+00
-0.025 0.925 0.0000e+00
-0.025 0.975 0.0000e+00
-0.025 1.025 0.0000e+00
-0.025 1.075 0.0000e+00
-0.025 1.125 0.0000e+00
-0.025 1.175 0.0000e+00
-0.025 1.225 0.0000e+00
-0.025 1.275 0.0000e+00
-0.025 1.325 0.0000e+00
-0.025 1.375 0.0000e+00
-0.025 1.425 0.0000e+00
-0.025 1.475 0.0000e+00
-0.025 1.525 0.0000e+00
-0.025 1.575 0.0000e+00
-0.025 1.625 0.0000e+00
-0.025 1.675 0.0000e+00
-0.025 1.725 0.0000e+00
-0.025 1.775 0.0000e+00
-0.025 1.825 0.0000e+00
-0.025 1.875 0.0000e+00
-0.025 1.925 0.0000e+00
-0.025 1.975 0.0000e+00
-0.025 2.025 0.0000e+00
-0.025 2.075 0.0000e+00
-0.025 2.125 0.0000e+00
-0.025 2.175 0.0000e+00
-0.025 2.225 0.0000e+00
-0.025 2.275 0.0000e+00
-0.025 2.325 0.0000e+00
-0.025 2.375 0.0000e+00
-0.025 2.425 0.0000e+00
-0.025 2.475 0.0000e+00
-0.025 2.525 0.0000e+00
-0.025 2.575 0.0000e+00
-0.025 2.625 0.0000e+00
-0.025 2.675 0.0000e+00
-0.025 2.725 0.0000e+00
-0.025 2.775 0.0000e+00
-0.025 2.825 0.0000e+00
-0.025 2.875 0.0000e+00
-0.025 2.925 0.0000e+00
-0.025 2.975 0.0000e+00
-0.025 3.025 0.0000e+00
-0.025 3.075 0.0000e+00
-0.025 3.125 0.0000e+00
-0.025 3.175 0.0000e+00
-0.025 3.225 0.0000e+00
-0.025 3.275 0.0000e+00
-0.025 3.325 0.0000e+00
-0.025 3.375 0.0000e+00
-0.025 3.425 0.0000e+00
-0.025 3.475 0.0000e+00
-0.025 3.525 0.0000e+00
-0.025 3.575 0.0000e+00
-0.025 3.625 0.0000e+00
-0.025 3.675 0.0000e+00
-0.025 3.725 0.0000e+00
-0.025 3.775 0.0000e+00
-0.025 3.825 0.0000e+00
-0.025 3.875 0.0000e+00
-0.025 3.925 0.0000e+00
-0.025 3.975 0.0000e+00
