# log10(theta) log10(p/GeV) cross-section[pb/bin] 
-7.475 -1.975 0.0000e+00
-7.475 -1.925 0.0000e+00
-7.475 -1.875 0.0000e+00
-7.475 -1.825 0.0000e+00
-7.475 -1.775 0.0000e+00
-7.475 -1.725 0.0000e+00
-7.475 -1.675 0.0000e+00
-7.475 -1.625 0.0000e+00
-7.475 -1.575 0.0000e+00
-7.475 -1.525 0.0000e+00
-7.475 -1.475 0.0000e+00
-7.475 -1.425 0.0000e+00
-7.475 -1.375 0.0000e+00
-7.475 -1.325 0.0000e+00
-7.475 -1.275 0.0000e+00
-7.475 -1.225 0.0000e+00
-7.475 -1.175 0.0000e+00
-7.475 -1.125 0.0000e+00
-7.475 -1.075 0.0000e+00
-7.475 -1.025 0.0000e+00
-7.475 -0.975 0.0000e+00
-7.475 -0.925 0.0000e+00
-7.475 -0.875 0.0000e+00
-7.475 -0.825 0.0000e+00
-7.475 -0.775 0.0000e+00
-7.475 -0.725 0.0000e+00
-7.475 -0.675 0.0000e+00
-7.475 -0.625 0.0000e+00
-7.475 -0.575 0.0000e+00
-7.475 -0.525 0.0000e+00
-7.475 -0.475 0.0000e+00
-7.475 -0.425 0.0000e+00
-7.475 -0.375 0.0000e+00
-7.475 -0.325 0.0000e+00
-7.475 -0.275 0.0000e+00
-7.475 -0.225 0.0000e+00
-7.475 -0.175 0.0000e+00
-7.475 -0.125 0.0000e+00
-7.475 -0.075 0.0000e+00
-7.475 -0.025 0.0000e+00
-7.475 0.025 0.0000e+00
-7.475 0.075 0.0000e+00
-7.475 0.125 0.0000e+00
-7.475 0.175 0.0000e+00
-7.475 0.225 0.0000e+00
-7.475 0.275 0.0000e+00
-7.475 0.325 0.0000e+00
-7.475 0.375 0.0000e+00
-7.475 0.425 0.0000e+00
-7.475 0.475 0.0000e+00
-7.475 0.525 0.0000e+00
-7.475 0.575 0.0000e+00
-7.475 0.625 0.0000e+00
-7.475 0.675 5.0805e-18
-7.475 0.725 1.0140e-17
-7.475 0.775 2.0240e-17
-7.475 0.825 4.0400e-17
-7.475 0.875 8.0646e-17
-7.475 0.925 1.6099e-16
-7.475 0.975 3.2141e-16
-7.475 1.025 6.4170e-16
-7.475 1.075 1.2813e-15
-7.475 1.125 2.5585e-15
-7.475 1.175 5.1095e-15
-7.475 1.225 1.0205e-14
-7.475 1.275 2.0384e-14
-7.475 1.325 4.0721e-14
-7.475 1.375 8.1361e-14
-7.475 1.425 1.6258e-13
-7.475 1.475 3.2493e-13
-7.475 1.525 6.4953e-13
-7.475 1.575 1.2986e-12
-7.475 1.625 2.5969e-12
-7.475 1.675 5.1941e-12
-7.475 1.725 1.0391e-11
-7.475 1.775 2.0794e-11
-7.475 1.825 4.1620e-11
-7.475 1.875 8.3323e-11
-7.475 1.925 1.6685e-10
-7.475 1.975 3.3417e-10
-7.475 2.025 6.6940e-10
-7.475 2.075 1.3410e-09
-7.475 2.125 2.6866e-09
-7.475 2.175 5.3817e-09
-7.475 2.225 1.0777e-08
-7.475 2.275 2.1570e-08
-7.475 2.325 4.3134e-08
-7.475 2.375 8.6148e-08
-7.475 2.425 1.7174e-07
-7.475 2.475 3.4149e-07
-7.475 2.525 6.7670e-07
-7.475 2.575 1.3348e-06
-7.475 2.625 2.6169e-06
-7.475 2.675 5.0911e-06
-7.475 2.725 9.8083e-06
-7.475 2.775 1.8669e-05
-7.475 2.825 3.5023e-05
-7.475 2.875 6.4597e-05
-7.475 2.925 1.1690e-04
-7.475 2.975 2.0736e-04
-7.475 3.025 3.6076e-04
-7.475 3.075 6.1749e-04
-7.475 3.125 1.0462e-03
-7.475 3.175 1.7691e-03
-7.475 3.225 3.0113e-03
-7.475 3.275 5.1844e-03
-7.475 3.325 9.0113e-03
-7.475 3.375 1.5674e-02
-7.475 3.425 2.6929e-02
-7.475 3.475 4.5082e-02
-7.475 3.525 7.2699e-02
-7.475 3.575 1.1196e-01
-7.475 3.625 1.6372e-01
-7.475 3.675 2.2645e-01
-7.475 3.725 2.9523e-01
-7.475 3.775 3.6021e-01
-7.475 3.825 3.8616e-01
-7.475 3.875 0.0000e+00
-7.475 3.925 0.0000e+00
-7.475 3.975 0.0000e+00
-7.425 -1.975 0.0000e+00
-7.425 -1.925 0.0000e+00
-7.425 -1.875 0.0000e+00
-7.425 -1.825 0.0000e+00
-7.425 -1.775 0.0000e+00
-7.425 -1.725 0.0000e+00
-7.425 -1.675 0.0000e+00
-7.425 -1.625 0.0000e+00
-7.425 -1.575 0.0000e+00
-7.425 -1.525 0.0000e+00
-7.425 -1.475 0.0000e+00
-7.425 -1.425 0.0000e+00
-7.425 -1.375 0.0000e+00
-7.425 -1.325 0.0000e+00
-7.425 -1.275 0.0000e+00
-7.425 -1.225 0.0000e+00
-7.425 -1.175 0.0000e+00
-7.425 -1.125 0.0000e+00
-7.425 -1.075 0.0000e+00
-7.425 -1.025 0.0000e+00
-7.425 -0.975 0.0000e+00
-7.425 -0.925 0.0000e+00
-7.425 -0.875 0.0000e+00
-7.425 -0.825 0.0000e+00
-7.425 -0.775 0.0000e+00
-7.425 -0.725 0.0000e+00
-7.425 -0.675 0.0000e+00
-7.425 -0.625 0.0000e+00
-7.425 -0.575 0.0000e+00
-7.425 -0.525 0.0000e+00
-7.425 -0.475 0.0000e+00
-7.425 -0.425 0.0000e+00
-7.425 -0.375 0.0000e+00
-7.425 -0.325 0.0000e+00
-7.425 -0.275 0.0000e+00
-7.425 -0.225 0.0000e+00
-7.425 -0.175 0.0000e+00
-7.425 -0.125 0.0000e+00
-7.425 -0.075 0.0000e+00
-7.425 -0.025 0.0000e+00
-7.425 0.025 0.0000e+00
-7.425 0.075 0.0000e+00
-7.425 0.125 0.0000e+00
-7.425 0.175 0.0000e+00
-7.425 0.225 0.0000e+00
-7.425 0.275 0.0000e+00
-7.425 0.325 0.0000e+00
-7.425 0.375 0.0000e+00
-7.425 0.425 0.0000e+00
-7.425 0.475 0.0000e+00
-7.425 0.525 0.0000e+00
-7.425 0.575 0.0000e+00
-7.425 0.625 0.0000e+00
-7.425 0.675 6.3959e-18
-7.425 0.725 1.2766e-17
-7.425 0.775 2.5480e-17
-7.425 0.825 5.0861e-17
-7.425 0.875 1.0153e-16
-7.425 0.925 2.0268e-16
-7.425 0.975 4.0463e-16
-7.425 1.025 8.0786e-16
-7.425 1.075 1.6130e-15
-7.425 1.125 3.2210e-15
-7.425 1.175 6.4325e-15
-7.425 1.225 1.2847e-14
-7.425 1.275 2.5662e-14
-7.425 1.325 5.1265e-14
-7.425 1.375 1.0243e-13
-7.425 1.425 2.0468e-13
-7.425 1.475 4.0907e-13
-7.425 1.525 8.1771e-13
-7.425 1.575 1.6349e-12
-7.425 1.625 3.2693e-12
-7.425 1.675 6.5390e-12
-7.425 1.725 1.3082e-11
-7.425 1.775 2.6178e-11
-7.425 1.825 5.2396e-11
-7.425 1.875 1.0490e-10
-7.425 1.925 2.1005e-10
-7.425 1.975 4.2070e-10
-7.425 2.025 8.4273e-10
-7.425 2.075 1.6883e-09
-7.425 2.125 3.3823e-09
-7.425 2.175 6.7751e-09
-7.425 2.225 1.3567e-08
-7.425 2.275 2.7155e-08
-7.425 2.325 5.4303e-08
-7.425 2.375 1.0845e-07
-7.425 2.425 2.1621e-07
-7.425 2.475 4.2991e-07
-7.425 2.525 8.5191e-07
-7.425 2.575 1.6804e-06
-7.425 2.625 3.2945e-06
-7.425 2.675 6.4093e-06
-7.425 2.725 1.2348e-05
-7.425 2.775 2.3503e-05
-7.425 2.825 4.4092e-05
-7.425 2.875 8.1323e-05
-7.425 2.925 1.4717e-04
-7.425 2.975 2.6105e-04
-7.425 3.025 4.5417e-04
-7.425 3.075 7.7737e-04
-7.425 3.125 1.3170e-03
-7.425 3.175 2.2272e-03
-7.425 3.225 3.7910e-03
-7.425 3.275 6.5268e-03
-7.425 3.325 1.1345e-02
-7.425 3.375 1.9732e-02
-7.425 3.425 3.3901e-02
-7.425 3.475 5.6755e-02
-7.425 3.525 9.1522e-02
-7.425 3.575 1.4095e-01
-7.425 3.625 2.0611e-01
-7.425 3.675 2.8508e-01
-7.425 3.725 3.7168e-01
-7.425 3.775 4.5348e-01
-7.425 3.825 4.8615e-01
-7.425 3.875 0.0000e+00
-7.425 3.925 0.0000e+00
-7.425 3.975 0.0000e+00
-7.375 -1.975 0.0000e+00
-7.375 -1.925 0.0000e+00
-7.375 -1.875 0.0000e+00
-7.375 -1.825 0.0000e+00
-7.375 -1.775 0.0000e+00
-7.375 -1.725 0.0000e+00
-7.375 -1.675 0.0000e+00
-7.375 -1.625 0.0000e+00
-7.375 -1.575 0.0000e+00
-7.375 -1.525 0.0000e+00
-7.375 -1.475 0.0000e+00
-7.375 -1.425 0.0000e+00
-7.375 -1.375 0.0000e+00
-7.375 -1.325 0.0000e+00
-7.375 -1.275 0.0000e+00
-7.375 -1.225 0.0000e+00
-7.375 -1.175 0.0000e+00
-7.375 -1.125 0.0000e+00
-7.375 -1.075 0.0000e+00
-7.375 -1.025 0.0000e+00
-7.375 -0.975 0.0000e+00
-7.375 -0.925 0.0000e+00
-7.375 -0.875 0.0000e+00
-7.375 -0.825 0.0000e+00
-7.375 -0.775 0.0000e+00
-7.375 -0.725 0.0000e+00
-7.375 -0.675 0.0000e+00
-7.375 -0.625 0.0000e+00
-7.375 -0.575 0.0000e+00
-7.375 -0.525 0.0000e+00
-7.375 -0.475 0.0000e+00
-7.375 -0.425 0.0000e+00
-7.375 -0.375 0.0000e+00
-7.375 -0.325 0.0000e+00
-7.375 -0.275 0.0000e+00
-7.375 -0.225 0.0000e+00
-7.375 -0.175 0.0000e+00
-7.375 -0.125 0.0000e+00
-7.375 -0.075 0.0000e+00
-7.375 -0.025 0.0000e+00
-7.375 0.025 0.0000e+00
-7.375 0.075 0.0000e+00
-7.375 0.125 0.0000e+00
-7.375 0.175 0.0000e+00
-7.375 0.225 0.0000e+00
-7.375 0.275 0.0000e+00
-7.375 0.325 0.0000e+00
-7.375 0.375 0.0000e+00
-7.375 0.425 0.0000e+00
-7.375 0.475 0.0000e+00
-7.375 0.525 0.0000e+00
-7.375 0.575 0.0000e+00
-7.375 0.625 0.0000e+00
-7.375 0.675 8.0520e-18
-7.375 0.725 1.6071e-17
-7.375 0.775 3.2078e-17
-7.375 0.825 6.4030e-17
-7.375 0.875 1.2782e-16
-7.375 0.925 2.5516e-16
-7.375 0.975 5.0940e-16
-7.375 1.025 1.0170e-15
-7.375 1.075 2.0307e-15
-7.375 1.125 4.0550e-15
-7.375 1.175 8.0980e-15
-7.375 1.225 1.6174e-14
-7.375 1.275 3.2306e-14
-7.375 1.325 6.4539e-14
-7.375 1.375 1.2895e-13
-7.375 1.425 2.5767e-13
-7.375 1.475 5.1499e-13
-7.375 1.525 1.0294e-12
-7.375 1.575 2.0582e-12
-7.375 1.625 4.1158e-12
-7.375 1.675 8.2322e-12
-7.375 1.725 1.6469e-11
-7.375 1.775 3.2956e-11
-7.375 1.825 6.5963e-11
-7.375 1.875 1.3206e-10
-7.375 1.925 2.6444e-10
-7.375 1.975 5.2963e-10
-7.375 2.025 1.0609e-09
-7.375 2.075 2.1254e-09
-7.375 2.125 4.2580e-09
-7.375 2.175 8.5294e-09
-7.375 2.225 1.7080e-08
-7.375 2.275 3.4186e-08
-7.375 2.325 6.8363e-08
-7.375 2.375 1.3653e-07
-7.375 2.425 2.7219e-07
-7.375 2.475 5.4123e-07
-7.375 2.525 1.0725e-06
-7.375 2.575 2.1154e-06
-7.375 2.625 4.1475e-06
-7.375 2.675 8.0689e-06
-7.375 2.725 1.5545e-05
-7.375 2.775 2.9589e-05
-7.375 2.825 5.5508e-05
-7.375 2.875 1.0238e-04
-7.375 2.925 1.8528e-04
-7.375 2.975 3.2865e-04
-7.375 3.025 5.7176e-04
-7.375 3.075 9.7866e-04
-7.375 3.125 1.6580e-03
-7.375 3.175 2.8038e-03
-7.375 3.225 4.7726e-03
-7.375 3.275 8.2168e-03
-7.375 3.325 1.4282e-02
-7.375 3.375 2.4842e-02
-7.375 3.425 4.2679e-02
-7.375 3.475 7.1450e-02
-7.375 3.525 1.1522e-01
-7.375 3.575 1.7745e-01
-7.375 3.625 2.5948e-01
-7.375 3.675 3.5889e-01
-7.375 3.725 4.6791e-01
-7.375 3.775 5.7089e-01
-7.375 3.825 6.1202e-01
-7.375 3.875 0.0000e+00
-7.375 3.925 0.0000e+00
-7.375 3.975 0.0000e+00
-7.325 -1.975 0.0000e+00
-7.325 -1.925 0.0000e+00
-7.325 -1.875 0.0000e+00
-7.325 -1.825 0.0000e+00
-7.325 -1.775 0.0000e+00
-7.325 -1.725 0.0000e+00
-7.325 -1.675 0.0000e+00
-7.325 -1.625 0.0000e+00
-7.325 -1.575 0.0000e+00
-7.325 -1.525 0.0000e+00
-7.325 -1.475 0.0000e+00
-7.325 -1.425 0.0000e+00
-7.325 -1.375 0.0000e+00
-7.325 -1.325 0.0000e+00
-7.325 -1.275 0.0000e+00
-7.325 -1.225 0.0000e+00
-7.325 -1.175 0.0000e+00
-7.325 -1.125 0.0000e+00
-7.325 -1.075 0.0000e+00
-7.325 -1.025 0.0000e+00
-7.325 -0.975 0.0000e+00
-7.325 -0.925 0.0000e+00
-7.325 -0.875 0.0000e+00
-7.325 -0.825 0.0000e+00
-7.325 -0.775 0.0000e+00
-7.325 -0.725 0.0000e+00
-7.325 -0.675 0.0000e+00
-7.325 -0.625 0.0000e+00
-7.325 -0.575 0.0000e+00
-7.325 -0.525 0.0000e+00
-7.325 -0.475 0.0000e+00
-7.325 -0.425 0.0000e+00
-7.325 -0.375 0.0000e+00
-7.325 -0.325 0.0000e+00
-7.325 -0.275 0.0000e+00
-7.325 -0.225 0.0000e+00
-7.325 -0.175 0.0000e+00
-7.325 -0.125 0.0000e+00
-7.325 -0.075 0.0000e+00
-7.325 -0.025 0.0000e+00
-7.325 0.025 0.0000e+00
-7.325 0.075 0.0000e+00
-7.325 0.125 0.0000e+00
-7.325 0.175 0.0000e+00
-7.325 0.225 0.0000e+00
-7.325 0.275 0.0000e+00
-7.325 0.325 0.0000e+00
-7.325 0.375 0.0000e+00
-7.325 0.425 0.0000e+00
-7.325 0.475 0.0000e+00
-7.325 0.525 0.0000e+00
-7.325 0.575 0.0000e+00
-7.325 0.625 0.0000e+00
-7.325 0.675 1.0137e-17
-7.325 0.725 2.0232e-17
-7.325 0.775 4.0384e-17
-7.325 0.825 8.0609e-17
-7.325 0.875 1.6091e-16
-7.325 0.925 3.2122e-16
-7.325 0.975 6.4129e-16
-7.325 1.025 1.2804e-15
-7.325 1.075 2.5565e-15
-7.325 1.125 5.1050e-15
-7.325 1.175 1.0195e-14
-7.325 1.225 2.0362e-14
-7.325 1.275 4.0671e-14
-7.325 1.325 8.1250e-14
-7.325 1.375 1.6234e-13
-7.325 1.425 3.2439e-13
-7.325 1.475 6.4833e-13
-7.325 1.525 1.2960e-12
-7.325 1.575 2.5911e-12
-7.325 1.625 5.1814e-12
-7.325 1.675 1.0364e-11
-7.325 1.725 2.0734e-11
-7.325 1.775 4.1489e-11
-7.325 1.825 8.3042e-11
-7.325 1.875 1.6625e-10
-7.325 1.925 3.3291e-10
-7.325 1.975 6.6676e-10
-7.325 2.025 1.3356e-09
-7.325 2.075 2.6757e-09
-7.325 2.125 5.3605e-09
-7.325 2.175 1.0738e-08
-7.325 2.225 2.1503e-08
-7.325 2.275 4.3037e-08
-7.325 2.325 8.6064e-08
-7.325 2.375 1.7189e-07
-7.325 2.425 3.4266e-07
-7.325 2.475 6.8137e-07
-7.325 2.525 1.3502e-06
-7.325 2.575 2.6632e-06
-7.325 2.625 5.2214e-06
-7.325 2.675 1.0158e-05
-7.325 2.725 1.9570e-05
-7.325 2.775 3.7250e-05
-7.325 2.825 6.9880e-05
-7.325 2.875 1.2889e-04
-7.325 2.925 2.3325e-04
-7.325 2.975 4.1374e-04
-7.325 3.025 7.1981e-04
-7.325 3.075 1.2321e-03
-7.325 3.125 2.0874e-03
-7.325 3.175 3.5298e-03
-7.325 3.225 6.0083e-03
-7.325 3.275 1.0344e-02
-7.325 3.325 1.7980e-02
-7.325 3.375 3.1274e-02
-7.325 3.425 5.3730e-02
-7.325 3.475 8.9950e-02
-7.325 3.525 1.4505e-01
-7.325 3.575 2.2339e-01
-7.325 3.625 3.2666e-01
-7.325 3.675 4.5182e-01
-7.325 3.725 5.8907e-01
-7.325 3.775 7.1871e-01
-7.325 3.825 7.7049e-01
-7.325 3.875 0.0000e+00
-7.325 3.925 0.0000e+00
-7.325 3.975 0.0000e+00
-7.275 -1.975 0.0000e+00
-7.275 -1.925 0.0000e+00
-7.275 -1.875 0.0000e+00
-7.275 -1.825 0.0000e+00
-7.275 -1.775 0.0000e+00
-7.275 -1.725 0.0000e+00
-7.275 -1.675 0.0000e+00
-7.275 -1.625 0.0000e+00
-7.275 -1.575 0.0000e+00
-7.275 -1.525 0.0000e+00
-7.275 -1.475 0.0000e+00
-7.275 -1.425 0.0000e+00
-7.275 -1.375 0.0000e+00
-7.275 -1.325 0.0000e+00
-7.275 -1.275 0.0000e+00
-7.275 -1.225 0.0000e+00
-7.275 -1.175 0.0000e+00
-7.275 -1.125 0.0000e+00
-7.275 -1.075 0.0000e+00
-7.275 -1.025 0.0000e+00
-7.275 -0.975 0.0000e+00
-7.275 -0.925 0.0000e+00
-7.275 -0.875 0.0000e+00
-7.275 -0.825 0.0000e+00
-7.275 -0.775 0.0000e+00
-7.275 -0.725 0.0000e+00
-7.275 -0.675 0.0000e+00
-7.275 -0.625 0.0000e+00
-7.275 -0.575 0.0000e+00
-7.275 -0.525 0.0000e+00
-7.275 -0.475 0.0000e+00
-7.275 -0.425 0.0000e+00
-7.275 -0.375 0.0000e+00
-7.275 -0.325 0.0000e+00
-7.275 -0.275 0.0000e+00
-7.275 -0.225 0.0000e+00
-7.275 -0.175 0.0000e+00
-7.275 -0.125 0.0000e+00
-7.275 -0.075 0.0000e+00
-7.275 -0.025 0.0000e+00
-7.275 0.025 0.0000e+00
-7.275 0.075 0.0000e+00
-7.275 0.125 0.0000e+00
-7.275 0.175 0.0000e+00
-7.275 0.225 0.0000e+00
-7.275 0.275 0.0000e+00
-7.275 0.325 0.0000e+00
-7.275 0.375 0.0000e+00
-7.275 0.425 0.0000e+00
-7.275 0.475 0.0000e+00
-7.275 0.525 0.0000e+00
-7.275 0.575 0.0000e+00
-7.275 0.625 0.0000e+00
-7.275 0.675 1.2762e-17
-7.275 0.725 2.5471e-17
-7.275 0.775 5.0840e-17
-7.275 0.825 1.0148e-16
-7.275 0.875 2.0257e-16
-7.275 0.925 4.0440e-16
-7.275 0.975 8.0734e-16
-7.275 1.025 1.6119e-15
-7.275 1.075 3.2184e-15
-7.275 1.125 6.4268e-15
-7.275 1.175 1.2835e-14
-7.275 1.225 2.5634e-14
-7.275 1.275 5.1202e-14
-7.275 1.325 1.0229e-13
-7.275 1.375 2.0437e-13
-7.275 1.425 4.0838e-13
-7.275 1.475 8.1620e-13
-7.275 1.525 1.6315e-12
-7.275 1.575 3.2620e-12
-7.275 1.625 6.5230e-12
-7.275 1.675 1.3047e-11
-7.275 1.725 2.6102e-11
-7.275 1.775 5.2232e-11
-7.275 1.825 1.0454e-10
-7.275 1.875 2.0930e-10
-7.275 1.925 4.1911e-10
-7.275 1.975 8.3940e-10
-7.275 2.025 1.6815e-09
-7.275 2.075 3.3686e-09
-7.275 2.125 6.7485e-09
-7.275 2.175 1.3518e-08
-7.275 2.225 2.7071e-08
-7.275 2.275 5.4181e-08
-7.275 2.325 1.0835e-07
-7.275 2.375 2.1639e-07
-7.275 2.425 4.3139e-07
-7.275 2.475 8.5779e-07
-7.275 2.525 1.6998e-06
-7.275 2.575 3.3527e-06
-7.275 2.625 6.5734e-06
-7.275 2.675 1.2788e-05
-7.275 2.725 2.4637e-05
-7.275 2.775 4.6896e-05
-7.275 2.825 8.7974e-05
-7.275 2.875 1.6226e-04
-7.275 2.925 2.9365e-04
-7.275 2.975 5.2087e-04
-7.275 3.025 9.0618e-04
-7.275 3.075 1.5511e-03
-7.275 3.125 2.6278e-03
-7.275 3.175 4.4438e-03
-7.275 3.225 7.5640e-03
-7.275 3.275 1.3023e-02
-7.275 3.325 2.2635e-02
-7.275 3.375 3.9371e-02
-7.275 3.425 6.7642e-02
-7.275 3.475 1.1324e-01
-7.275 3.525 1.8261e-01
-7.275 3.575 2.8123e-01
-7.275 3.625 4.1125e-01
-7.275 3.675 5.6881e-01
-7.275 3.725 7.4159e-01
-7.275 3.775 9.0480e-01
-7.275 3.825 9.6999e-01
-7.275 3.875 0.0000e+00
-7.275 3.925 0.0000e+00
-7.275 3.975 0.0000e+00
-7.225 -1.975 0.0000e+00
-7.225 -1.925 0.0000e+00
-7.225 -1.875 0.0000e+00
-7.225 -1.825 0.0000e+00
-7.225 -1.775 0.0000e+00
-7.225 -1.725 0.0000e+00
-7.225 -1.675 0.0000e+00
-7.225 -1.625 0.0000e+00
-7.225 -1.575 0.0000e+00
-7.225 -1.525 0.0000e+00
-7.225 -1.475 0.0000e+00
-7.225 -1.425 0.0000e+00
-7.225 -1.375 0.0000e+00
-7.225 -1.325 0.0000e+00
-7.225 -1.275 0.0000e+00
-7.225 -1.225 0.0000e+00
-7.225 -1.175 0.0000e+00
-7.225 -1.125 0.0000e+00
-7.225 -1.075 0.0000e+00
-7.225 -1.025 0.0000e+00
-7.225 -0.975 0.0000e+00
-7.225 -0.925 0.0000e+00
-7.225 -0.875 0.0000e+00
-7.225 -0.825 0.0000e+00
-7.225 -0.775 0.0000e+00
-7.225 -0.725 0.0000e+00
-7.225 -0.675 0.0000e+00
-7.225 -0.625 0.0000e+00
-7.225 -0.575 0.0000e+00
-7.225 -0.525 0.0000e+00
-7.225 -0.475 0.0000e+00
-7.225 -0.425 0.0000e+00
-7.225 -0.375 0.0000e+00
-7.225 -0.325 0.0000e+00
-7.225 -0.275 0.0000e+00
-7.225 -0.225 0.0000e+00
-7.225 -0.175 0.0000e+00
-7.225 -0.125 0.0000e+00
-7.225 -0.075 0.0000e+00
-7.225 -0.025 0.0000e+00
-7.225 0.025 0.0000e+00
-7.225 0.075 0.0000e+00
-7.225 0.125 0.0000e+00
-7.225 0.175 0.0000e+00
-7.225 0.225 0.0000e+00
-7.225 0.275 0.0000e+00
-7.225 0.325 0.0000e+00
-7.225 0.375 0.0000e+00
-7.225 0.425 0.0000e+00
-7.225 0.475 0.0000e+00
-7.225 0.525 0.0000e+00
-7.225 0.575 0.0000e+00
-7.225 0.625 0.0000e+00
-7.225 0.675 1.6066e-17
-7.225 0.725 3.2066e-17
-7.225 0.775 6.4004e-17
-7.225 0.825 1.2776e-16
-7.225 0.875 2.5503e-16
-7.225 0.925 5.0910e-16
-7.225 0.975 1.0164e-15
-7.225 1.025 2.0292e-15
-7.225 1.075 4.0518e-15
-7.225 1.125 8.0908e-15
-7.225 1.175 1.6158e-14
-7.225 1.225 3.2271e-14
-7.225 1.275 6.4460e-14
-7.225 1.325 1.2877e-13
-7.225 1.375 2.5728e-13
-7.225 1.425 5.1413e-13
-7.225 1.475 1.0275e-12
-7.225 1.525 2.0540e-12
-7.225 1.575 4.1066e-12
-7.225 1.625 8.2120e-12
-7.225 1.675 1.6425e-11
-7.225 1.725 3.2861e-11
-7.225 1.775 6.5756e-11
-7.225 1.825 1.3161e-10
-7.225 1.875 2.6349e-10
-7.225 1.925 5.2762e-10
-7.225 1.975 1.0567e-09
-7.225 2.025 2.1168e-09
-7.225 2.075 4.2408e-09
-7.225 2.125 8.4958e-09
-7.225 2.175 1.7018e-08
-7.225 2.225 3.4080e-08
-7.225 2.275 6.8210e-08
-7.225 2.325 1.3640e-07
-7.225 2.375 2.7242e-07
-7.225 2.425 5.4308e-07
-7.225 2.475 1.0799e-06
-7.225 2.525 2.1399e-06
-7.225 2.575 4.2209e-06
-7.225 2.625 8.2754e-06
-7.225 2.675 1.6100e-05
-7.225 2.725 3.1017e-05
-7.225 2.775 5.9038e-05
-7.225 2.825 1.1075e-04
-7.225 2.875 2.0427e-04
-7.225 2.925 3.6968e-04
-7.225 2.975 6.5574e-04
-7.225 3.025 1.1408e-03
-7.225 3.075 1.9527e-03
-7.225 3.125 3.3082e-03
-7.225 3.175 5.5944e-03
-7.225 3.225 9.5225e-03
-7.225 3.275 1.6395e-02
-7.225 3.325 2.8496e-02
-7.225 3.375 4.9566e-02
-7.225 3.425 8.5156e-02
-7.225 3.475 1.4256e-01
-7.225 3.525 2.2989e-01
-7.225 3.575 3.5405e-01
-7.225 3.625 5.1773e-01
-7.225 3.675 7.1608e-01
-7.225 3.725 9.3361e-01
-7.225 3.775 1.1391e+00
-7.225 3.825 1.2211e+00
-7.225 3.875 0.0000e+00
-7.225 3.925 0.0000e+00
-7.225 3.975 0.0000e+00
-7.175 -1.975 0.0000e+00
-7.175 -1.925 0.0000e+00
-7.175 -1.875 0.0000e+00
-7.175 -1.825 0.0000e+00
-7.175 -1.775 0.0000e+00
-7.175 -1.725 0.0000e+00
-7.175 -1.675 0.0000e+00
-7.175 -1.625 0.0000e+00
-7.175 -1.575 0.0000e+00
-7.175 -1.525 0.0000e+00
-7.175 -1.475 0.0000e+00
-7.175 -1.425 0.0000e+00
-7.175 -1.375 0.0000e+00
-7.175 -1.325 0.0000e+00
-7.175 -1.275 0.0000e+00
-7.175 -1.225 0.0000e+00
-7.175 -1.175 0.0000e+00
-7.175 -1.125 0.0000e+00
-7.175 -1.075 0.0000e+00
-7.175 -1.025 0.0000e+00
-7.175 -0.975 0.0000e+00
-7.175 -0.925 0.0000e+00
-7.175 -0.875 0.0000e+00
-7.175 -0.825 0.0000e+00
-7.175 -0.775 0.0000e+00
-7.175 -0.725 0.0000e+00
-7.175 -0.675 0.0000e+00
-7.175 -0.625 0.0000e+00
-7.175 -0.575 0.0000e+00
-7.175 -0.525 0.0000e+00
-7.175 -0.475 0.0000e+00
-7.175 -0.425 0.0000e+00
-7.175 -0.375 0.0000e+00
-7.175 -0.325 0.0000e+00
-7.175 -0.275 0.0000e+00
-7.175 -0.225 0.0000e+00
-7.175 -0.175 0.0000e+00
-7.175 -0.125 0.0000e+00
-7.175 -0.075 0.0000e+00
-7.175 -0.025 0.0000e+00
-7.175 0.025 0.0000e+00
-7.175 0.075 0.0000e+00
-7.175 0.125 0.0000e+00
-7.175 0.175 0.0000e+00
-7.175 0.225 0.0000e+00
-7.175 0.275 0.0000e+00
-7.175 0.325 0.0000e+00
-7.175 0.375 0.0000e+00
-7.175 0.425 0.0000e+00
-7.175 0.475 0.0000e+00
-7.175 0.525 0.0000e+00
-7.175 0.575 0.0000e+00
-7.175 0.625 0.0000e+00
-7.175 0.675 2.0226e-17
-7.175 0.725 4.0369e-17
-7.175 0.775 8.0576e-17
-7.175 0.825 1.6084e-16
-7.175 0.875 3.2106e-16
-7.175 0.925 6.4092e-16
-7.175 0.975 1.2795e-15
-7.175 1.025 2.5547e-15
-7.175 1.075 5.1009e-15
-7.175 1.125 1.0186e-14
-7.175 1.175 2.0341e-14
-7.175 1.225 4.0627e-14
-7.175 1.275 8.1150e-14
-7.175 1.325 1.6211e-13
-7.175 1.375 3.2390e-13
-7.175 1.425 6.4725e-13
-7.175 1.475 1.2936e-12
-7.175 1.525 2.5858e-12
-7.175 1.575 5.1699e-12
-7.175 1.625 1.0338e-11
-7.175 1.675 2.0678e-11
-7.175 1.725 4.1369e-11
-7.175 1.775 8.2782e-11
-7.175 1.825 1.6569e-10
-7.175 1.875 3.3171e-10
-7.175 1.925 6.6424e-10
-7.175 1.975 1.3304e-09
-7.175 2.025 2.6649e-09
-7.175 2.075 5.3388e-09
-7.175 2.125 1.0696e-08
-7.175 2.175 2.1425e-08
-7.175 2.225 4.2904e-08
-7.175 2.275 8.5871e-08
-7.175 2.325 1.7172e-07
-7.175 2.375 3.4296e-07
-7.175 2.425 6.8370e-07
-7.175 2.475 1.3595e-06
-7.175 2.525 2.6940e-06
-7.175 2.575 5.3137e-06
-7.175 2.625 1.0418e-05
-7.175 2.675 2.0268e-05
-7.175 2.725 3.9048e-05
-7.175 2.775 7.4324e-05
-7.175 2.825 1.3943e-04
-7.175 2.875 2.5716e-04
-7.175 2.925 4.6540e-04
-7.175 2.975 8.2553e-04
-7.175 3.025 1.4362e-03
-7.175 3.075 2.4583e-03
-7.175 3.125 4.1648e-03
-7.175 3.175 7.0429e-03
-7.175 3.225 1.1988e-02
-7.175 3.275 2.0640e-02
-7.175 3.325 3.5875e-02
-7.175 3.375 6.2399e-02
-7.175 3.425 1.0721e-01
-7.175 3.475 1.7947e-01
-7.175 3.525 2.8942e-01
-7.175 3.575 4.4572e-01
-7.175 3.625 6.5178e-01
-7.175 3.675 9.0150e-01
-7.175 3.725 1.1753e+00
-7.175 3.775 1.4340e+00
-7.175 3.825 1.5373e+00
-7.175 3.875 0.0000e+00
-7.175 3.925 0.0000e+00
-7.175 3.975 0.0000e+00
-7.125 -1.975 0.0000e+00
-7.125 -1.925 0.0000e+00
-7.125 -1.875 0.0000e+00
-7.125 -1.825 0.0000e+00
-7.125 -1.775 0.0000e+00
-7.125 -1.725 0.0000e+00
-7.125 -1.675 0.0000e+00
-7.125 -1.625 0.0000e+00
-7.125 -1.575 0.0000e+00
-7.125 -1.525 0.0000e+00
-7.125 -1.475 0.0000e+00
-7.125 -1.425 0.0000e+00
-7.125 -1.375 0.0000e+00
-7.125 -1.325 0.0000e+00
-7.125 -1.275 0.0000e+00
-7.125 -1.225 0.0000e+00
-7.125 -1.175 0.0000e+00
-7.125 -1.125 0.0000e+00
-7.125 -1.075 0.0000e+00
-7.125 -1.025 0.0000e+00
-7.125 -0.975 0.0000e+00
-7.125 -0.925 0.0000e+00
-7.125 -0.875 0.0000e+00
-7.125 -0.825 0.0000e+00
-7.125 -0.775 0.0000e+00
-7.125 -0.725 0.0000e+00
-7.125 -0.675 0.0000e+00
-7.125 -0.625 0.0000e+00
-7.125 -0.575 0.0000e+00
-7.125 -0.525 0.0000e+00
-7.125 -0.475 0.0000e+00
-7.125 -0.425 0.0000e+00
-7.125 -0.375 0.0000e+00
-7.125 -0.325 0.0000e+00
-7.125 -0.275 0.0000e+00
-7.125 -0.225 0.0000e+00
-7.125 -0.175 0.0000e+00
-7.125 -0.125 0.0000e+00
-7.125 -0.075 0.0000e+00
-7.125 -0.025 0.0000e+00
-7.125 0.025 0.0000e+00
-7.125 0.075 0.0000e+00
-7.125 0.125 0.0000e+00
-7.125 0.175 0.0000e+00
-7.125 0.225 0.0000e+00
-7.125 0.275 0.0000e+00
-7.125 0.325 0.0000e+00
-7.125 0.375 0.0000e+00
-7.125 0.425 0.0000e+00
-7.125 0.475 0.0000e+00
-7.125 0.525 0.0000e+00
-7.125 0.575 0.0000e+00
-7.125 0.625 0.0000e+00
-7.125 0.675 2.5463e-17
-7.125 0.725 5.0821e-17
-7.125 0.775 1.0144e-16
-7.125 0.825 2.0248e-16
-7.125 0.875 4.0419e-16
-7.125 0.925 8.0687e-16
-7.125 0.975 1.6109e-15
-7.125 1.025 3.2161e-15
-7.125 1.075 6.4216e-15
-7.125 1.125 1.2823e-14
-7.125 1.175 2.5608e-14
-7.125 1.225 5.1146e-14
-7.125 1.275 1.0216e-13
-7.125 1.325 2.0409e-13
-7.125 1.375 4.0777e-13
-7.125 1.425 8.1484e-13
-7.125 1.475 1.6285e-12
-7.125 1.525 3.2553e-12
-7.125 1.575 6.5085e-12
-7.125 1.625 1.3015e-11
-7.125 1.675 2.6032e-11
-7.125 1.725 5.2080e-11
-7.125 1.775 1.0422e-10
-7.125 1.825 2.0859e-10
-7.125 1.875 4.1760e-10
-7.125 1.925 8.3623e-10
-7.125 1.975 1.6748e-09
-7.125 2.025 3.3550e-09
-7.125 2.075 6.7212e-09
-7.125 2.125 1.3465e-08
-7.125 2.175 2.6972e-08
-7.125 2.225 5.4013e-08
-7.125 2.275 1.0811e-07
-7.125 2.325 2.1618e-07
-7.125 2.375 4.3176e-07
-7.125 2.425 8.6073e-07
-7.125 2.475 1.7115e-06
-7.125 2.525 3.3915e-06
-7.125 2.575 6.6896e-06
-7.125 2.625 1.3116e-05
-7.125 2.675 2.5516e-05
-7.125 2.725 4.9158e-05
-7.125 2.775 9.3569e-05
-7.125 2.825 1.7553e-04
-7.125 2.875 3.2375e-04
-7.125 2.925 5.8590e-04
-7.125 2.975 1.0393e-03
-7.125 3.025 1.8081e-03
-7.125 3.075 3.0948e-03
-7.125 3.125 5.2432e-03
-7.125 3.175 8.8665e-03
-7.125 3.225 1.5092e-02
-7.125 3.275 2.5984e-02
-7.125 3.325 4.5164e-02
-7.125 3.375 7.8556e-02
-7.125 3.425 1.3496e-01
-7.125 3.475 2.2594e-01
-7.125 3.525 3.6436e-01
-7.125 3.575 5.6113e-01
-7.125 3.625 8.2054e-01
-7.125 3.675 1.1349e+00
-7.125 3.725 1.4797e+00
-7.125 3.775 1.8053e+00
-7.125 3.825 1.9354e+00
-7.125 3.875 0.0000e+00
-7.125 3.925 0.0000e+00
-7.125 3.975 0.0000e+00
-7.075 -1.975 0.0000e+00
-7.075 -1.925 0.0000e+00
-7.075 -1.875 0.0000e+00
-7.075 -1.825 0.0000e+00
-7.075 -1.775 0.0000e+00
-7.075 -1.725 0.0000e+00
-7.075 -1.675 0.0000e+00
-7.075 -1.625 0.0000e+00
-7.075 -1.575 0.0000e+00
-7.075 -1.525 0.0000e+00
-7.075 -1.475 0.0000e+00
-7.075 -1.425 0.0000e+00
-7.075 -1.375 0.0000e+00
-7.075 -1.325 0.0000e+00
-7.075 -1.275 0.0000e+00
-7.075 -1.225 0.0000e+00
-7.075 -1.175 0.0000e+00
-7.075 -1.125 0.0000e+00
-7.075 -1.075 0.0000e+00
-7.075 -1.025 0.0000e+00
-7.075 -0.975 0.0000e+00
-7.075 -0.925 0.0000e+00
-7.075 -0.875 0.0000e+00
-7.075 -0.825 0.0000e+00
-7.075 -0.775 0.0000e+00
-7.075 -0.725 0.0000e+00
-7.075 -0.675 0.0000e+00
-7.075 -0.625 0.0000e+00
-7.075 -0.575 0.0000e+00
-7.075 -0.525 0.0000e+00
-7.075 -0.475 0.0000e+00
-7.075 -0.425 0.0000e+00
-7.075 -0.375 0.0000e+00
-7.075 -0.325 0.0000e+00
-7.075 -0.275 0.0000e+00
-7.075 -0.225 0.0000e+00
-7.075 -0.175 0.0000e+00
-7.075 -0.125 0.0000e+00
-7.075 -0.075 0.0000e+00
-7.075 -0.025 0.0000e+00
-7.075 0.025 0.0000e+00
-7.075 0.075 0.0000e+00
-7.075 0.125 0.0000e+00
-7.075 0.175 0.0000e+00
-7.075 0.225 0.0000e+00
-7.075 0.275 0.0000e+00
-7.075 0.325 0.0000e+00
-7.075 0.375 0.0000e+00
-7.075 0.425 0.0000e+00
-7.075 0.475 0.0000e+00
-7.075 0.525 0.0000e+00
-7.075 0.575 0.0000e+00
-7.075 0.625 0.0000e+00
-7.075 0.675 3.2055e-17
-7.075 0.725 6.3980e-17
-7.075 0.775 1.2770e-16
-7.075 0.825 2.5491e-16
-7.075 0.875 5.0884e-16
-7.075 0.925 1.0158e-15
-7.075 0.975 2.0279e-15
-7.075 1.025 4.0489e-15
-7.075 1.075 8.0844e-15
-7.075 1.125 1.6143e-14
-7.075 1.175 3.2239e-14
-7.075 1.225 6.4389e-14
-7.075 1.275 1.2861e-13
-7.075 1.325 2.5693e-13
-7.075 1.375 5.1335e-13
-7.075 1.425 1.0258e-12
-7.075 1.475 2.0502e-12
-7.075 1.525 4.0982e-12
-7.075 1.575 8.1937e-12
-7.075 1.625 1.6385e-11
-7.075 1.675 3.2773e-11
-7.075 1.725 6.5565e-11
-7.075 1.775 1.3120e-10
-7.075 1.825 2.6260e-10
-7.075 1.875 5.2573e-10
-7.075 1.925 1.0527e-09
-7.075 1.975 2.1085e-09
-7.075 2.025 4.2236e-09
-7.075 2.075 8.4614e-09
-7.075 2.125 1.6951e-08
-7.075 2.175 3.3956e-08
-7.075 2.225 6.7998e-08
-7.075 2.275 1.3610e-07
-7.075 2.325 2.7216e-07
-7.075 2.375 5.4356e-07
-7.075 2.425 1.0836e-06
-7.075 2.475 2.1547e-06
-7.075 2.525 4.2697e-06
-7.075 2.575 8.4217e-06
-7.075 2.625 1.6512e-05
-7.075 2.675 3.2123e-05
-7.075 2.725 6.1886e-05
-7.075 2.775 1.1780e-04
-7.075 2.825 2.2098e-04
-7.075 2.875 4.0758e-04
-7.075 2.925 7.3760e-04
-7.075 2.975 1.3084e-03
-7.075 3.025 2.2762e-03
-7.075 3.075 3.8961e-03
-7.075 3.125 6.6008e-03
-7.075 3.175 1.1162e-02
-7.075 3.225 1.9000e-02
-7.075 3.275 3.2712e-02
-7.075 3.325 5.6858e-02
-7.075 3.375 9.8896e-02
-7.075 3.425 1.6991e-01
-7.075 3.475 2.8445e-01
-7.075 3.525 4.5870e-01
-7.075 3.575 7.0642e-01
-7.075 3.625 1.0330e+00
-7.075 3.675 1.4288e+00
-7.075 3.725 1.8628e+00
-7.075 3.775 2.2728e+00
-7.075 3.825 2.4365e+00
-7.075 3.875 0.0000e+00
-7.075 3.925 0.0000e+00
-7.075 3.975 0.0000e+00
-7.025 -1.975 0.0000e+00
-7.025 -1.925 0.0000e+00
-7.025 -1.875 0.0000e+00
-7.025 -1.825 0.0000e+00
-7.025 -1.775 0.0000e+00
-7.025 -1.725 0.0000e+00
-7.025 -1.675 0.0000e+00
-7.025 -1.625 0.0000e+00
-7.025 -1.575 0.0000e+00
-7.025 -1.525 0.0000e+00
-7.025 -1.475 0.0000e+00
-7.025 -1.425 0.0000e+00
-7.025 -1.375 0.0000e+00
-7.025 -1.325 0.0000e+00
-7.025 -1.275 0.0000e+00
-7.025 -1.225 0.0000e+00
-7.025 -1.175 0.0000e+00
-7.025 -1.125 0.0000e+00
-7.025 -1.075 0.0000e+00
-7.025 -1.025 0.0000e+00
-7.025 -0.975 0.0000e+00
-7.025 -0.925 0.0000e+00
-7.025 -0.875 0.0000e+00
-7.025 -0.825 0.0000e+00
-7.025 -0.775 0.0000e+00
-7.025 -0.725 0.0000e+00
-7.025 -0.675 0.0000e+00
-7.025 -0.625 0.0000e+00
-7.025 -0.575 0.0000e+00
-7.025 -0.525 0.0000e+00
-7.025 -0.475 0.0000e+00
-7.025 -0.425 0.0000e+00
-7.025 -0.375 0.0000e+00
-7.025 -0.325 0.0000e+00
-7.025 -0.275 0.0000e+00
-7.025 -0.225 0.0000e+00
-7.025 -0.175 0.0000e+00
-7.025 -0.125 0.0000e+00
-7.025 -0.075 0.0000e+00
-7.025 -0.025 0.0000e+00
-7.025 0.025 0.0000e+00
-7.025 0.075 0.0000e+00
-7.025 0.125 0.0000e+00
-7.025 0.175 0.0000e+00
-7.025 0.225 0.0000e+00
-7.025 0.275 0.0000e+00
-7.025 0.325 0.0000e+00
-7.025 0.375 0.0000e+00
-7.025 0.425 0.0000e+00
-7.025 0.475 0.0000e+00
-7.025 0.525 0.0000e+00
-7.025 0.575 0.0000e+00
-7.025 0.625 0.0000e+00
-7.025 0.675 4.0355e-17
-7.025 0.725 8.0546e-17
-7.025 0.775 1.6077e-16
-7.025 0.825 3.2091e-16
-7.025 0.875 6.4059e-16
-7.025 0.925 1.2788e-15
-7.025 0.975 2.5530e-15
-7.025 1.025 5.0972e-15
-7.025 1.075 1.0178e-14
-7.025 1.125 2.0323e-14
-7.025 1.175 4.0586e-14
-7.025 1.225 8.1061e-14
-7.025 1.275 1.6192e-13
-7.025 1.325 3.2346e-13
-7.025 1.375 6.4627e-13
-7.025 1.425 1.2914e-12
-7.025 1.475 2.5810e-12
-7.025 1.525 5.1594e-12
-7.025 1.575 1.0315e-11
-7.025 1.625 2.0628e-11
-7.025 1.675 4.1259e-11
-7.025 1.725 8.2542e-11
-7.025 1.775 1.6517e-10
-7.025 1.825 3.3060e-10
-7.025 1.875 6.6186e-10
-7.025 1.925 1.3253e-09
-7.025 1.975 2.6544e-09
-7.025 2.025 5.3172e-09
-7.025 2.075 1.0652e-08
-7.025 2.125 2.1341e-08
-7.025 2.175 4.2748e-08
-7.025 2.225 8.5605e-08
-7.025 2.275 1.7134e-07
-7.025 2.325 3.4263e-07
-7.025 2.375 6.8430e-07
-7.025 2.425 1.3642e-06
-7.025 2.475 2.7126e-06
-7.025 2.525 5.3752e-06
-7.025 2.575 1.0602e-05
-7.025 2.625 2.0787e-05
-7.025 2.675 4.0440e-05
-7.025 2.725 7.7910e-05
-7.025 2.775 1.4830e-04
-7.025 2.825 2.7820e-04
-7.025 2.875 5.1311e-04
-7.025 2.925 9.2859e-04
-7.025 2.975 1.6471e-03
-7.025 3.025 2.8656e-03
-7.025 3.075 4.9049e-03
-7.025 3.125 8.3099e-03
-7.025 3.175 1.4052e-02
-7.025 3.225 2.3920e-02
-7.025 3.275 4.1182e-02
-7.025 3.325 7.1580e-02
-7.025 3.375 1.2450e-01
-7.025 3.425 2.1390e-01
-7.025 3.475 3.5810e-01
-7.025 3.525 5.7747e-01
-7.025 3.575 8.8933e-01
-7.025 3.625 1.3005e+00
-7.025 3.675 1.7987e+00
-7.025 3.725 2.3451e+00
-7.025 3.775 2.8612e+00
-7.025 3.825 3.0674e+00
-7.025 3.875 0.0000e+00
-7.025 3.925 0.0000e+00
-7.025 3.975 0.0000e+00
-6.975 -1.975 0.0000e+00
-6.975 -1.925 0.0000e+00
-6.975 -1.875 0.0000e+00
-6.975 -1.825 0.0000e+00
-6.975 -1.775 0.0000e+00
-6.975 -1.725 0.0000e+00
-6.975 -1.675 0.0000e+00
-6.975 -1.625 0.0000e+00
-6.975 -1.575 0.0000e+00
-6.975 -1.525 0.0000e+00
-6.975 -1.475 0.0000e+00
-6.975 -1.425 0.0000e+00
-6.975 -1.375 0.0000e+00
-6.975 -1.325 0.0000e+00
-6.975 -1.275 0.0000e+00
-6.975 -1.225 0.0000e+00
-6.975 -1.175 0.0000e+00
-6.975 -1.125 0.0000e+00
-6.975 -1.075 0.0000e+00
-6.975 -1.025 0.0000e+00
-6.975 -0.975 0.0000e+00
-6.975 -0.925 0.0000e+00
-6.975 -0.875 0.0000e+00
-6.975 -0.825 0.0000e+00
-6.975 -0.775 0.0000e+00
-6.975 -0.725 0.0000e+00
-6.975 -0.675 0.0000e+00
-6.975 -0.625 0.0000e+00
-6.975 -0.575 0.0000e+00
-6.975 -0.525 0.0000e+00
-6.975 -0.475 0.0000e+00
-6.975 -0.425 0.0000e+00
-6.975 -0.375 0.0000e+00
-6.975 -0.325 0.0000e+00
-6.975 -0.275 0.0000e+00
-6.975 -0.225 0.0000e+00
-6.975 -0.175 0.0000e+00
-6.975 -0.125 0.0000e+00
-6.975 -0.075 0.0000e+00
-6.975 -0.025 0.0000e+00
-6.975 0.025 0.0000e+00
-6.975 0.075 0.0000e+00
-6.975 0.125 0.0000e+00
-6.975 0.175 0.0000e+00
-6.975 0.225 0.0000e+00
-6.975 0.275 0.0000e+00
-6.975 0.325 0.0000e+00
-6.975 0.375 0.0000e+00
-6.975 0.425 0.0000e+00
-6.975 0.475 0.0000e+00
-6.975 0.525 0.0000e+00
-6.975 0.575 0.0000e+00
-6.975 0.625 0.0000e+00
-6.975 0.675 5.0805e-17
-6.975 0.725 1.0140e-16
-6.975 0.775 2.0240e-16
-6.975 0.825 4.0400e-16
-6.975 0.875 8.0646e-16
-6.975 0.925 1.6099e-15
-6.975 0.975 3.2141e-15
-6.975 1.025 6.4170e-15
-6.975 1.075 1.2813e-14
-6.975 1.125 2.5585e-14
-6.975 1.175 5.1095e-14
-6.975 1.225 1.0205e-13
-6.975 1.275 2.0384e-13
-6.975 1.325 4.0721e-13
-6.975 1.375 8.1361e-13
-6.975 1.425 1.6258e-12
-6.975 1.475 3.2493e-12
-6.975 1.525 6.4953e-12
-6.975 1.575 1.2986e-11
-6.975 1.625 2.5969e-11
-6.975 1.675 5.1941e-11
-6.975 1.725 1.0391e-10
-6.975 1.775 2.0794e-10
-6.975 1.825 4.1620e-10
-6.975 1.875 8.3323e-10
-6.975 1.925 1.6685e-09
-6.975 1.975 3.3417e-09
-6.975 2.025 6.6940e-09
-6.975 2.075 1.3410e-08
-6.975 2.125 2.6866e-08
-6.975 2.175 5.3817e-08
-6.975 2.225 1.0777e-07
-6.975 2.275 2.1570e-07
-6.975 2.325 4.3134e-07
-6.975 2.375 8.6148e-07
-6.975 2.425 1.7174e-06
-6.975 2.475 3.4149e-06
-6.975 2.525 6.7670e-06
-6.975 2.575 1.3348e-05
-6.975 2.625 2.6169e-05
-6.975 2.675 5.0911e-05
-6.975 2.725 9.8083e-05
-6.975 2.775 1.8669e-04
-6.975 2.825 3.5023e-04
-6.975 2.875 6.4597e-04
-6.975 2.925 1.1690e-03
-6.975 2.975 2.0736e-03
-6.975 3.025 3.6076e-03
-6.975 3.075 6.1749e-03
-6.975 3.125 1.0462e-02
-6.975 3.175 1.7691e-02
-6.975 3.225 3.0113e-02
-6.975 3.275 5.1844e-02
-6.975 3.325 9.0113e-02
-6.975 3.375 1.5674e-01
-6.975 3.425 2.6929e-01
-6.975 3.475 4.5082e-01
-6.975 3.525 7.2699e-01
-6.975 3.575 1.1196e+00
-6.975 3.625 1.6372e+00
-6.975 3.675 2.2645e+00
-6.975 3.725 2.9523e+00
-6.975 3.775 3.6021e+00
-6.975 3.825 3.8616e+00
-6.975 3.875 0.0000e+00
-6.975 3.925 0.0000e+00
-6.975 3.975 0.0000e+00
-6.925 -1.975 0.0000e+00
-6.925 -1.925 0.0000e+00
-6.925 -1.875 0.0000e+00
-6.925 -1.825 0.0000e+00
-6.925 -1.775 0.0000e+00
-6.925 -1.725 0.0000e+00
-6.925 -1.675 0.0000e+00
-6.925 -1.625 0.0000e+00
-6.925 -1.575 0.0000e+00
-6.925 -1.525 0.0000e+00
-6.925 -1.475 0.0000e+00
-6.925 -1.425 0.0000e+00
-6.925 -1.375 0.0000e+00
-6.925 -1.325 0.0000e+00
-6.925 -1.275 0.0000e+00
-6.925 -1.225 0.0000e+00
-6.925 -1.175 0.0000e+00
-6.925 -1.125 0.0000e+00
-6.925 -1.075 0.0000e+00
-6.925 -1.025 0.0000e+00
-6.925 -0.975 0.0000e+00
-6.925 -0.925 0.0000e+00
-6.925 -0.875 0.0000e+00
-6.925 -0.825 0.0000e+00
-6.925 -0.775 0.0000e+00
-6.925 -0.725 0.0000e+00
-6.925 -0.675 0.0000e+00
-6.925 -0.625 0.0000e+00
-6.925 -0.575 0.0000e+00
-6.925 -0.525 0.0000e+00
-6.925 -0.475 0.0000e+00
-6.925 -0.425 0.0000e+00
-6.925 -0.375 0.0000e+00
-6.925 -0.325 0.0000e+00
-6.925 -0.275 0.0000e+00
-6.925 -0.225 0.0000e+00
-6.925 -0.175 0.0000e+00
-6.925 -0.125 0.0000e+00
-6.925 -0.075 0.0000e+00
-6.925 -0.025 0.0000e+00
-6.925 0.025 0.0000e+00
-6.925 0.075 0.0000e+00
-6.925 0.125 0.0000e+00
-6.925 0.175 0.0000e+00
-6.925 0.225 0.0000e+00
-6.925 0.275 0.0000e+00
-6.925 0.325 0.0000e+00
-6.925 0.375 0.0000e+00
-6.925 0.425 0.0000e+00
-6.925 0.475 0.0000e+00
-6.925 0.525 0.0000e+00
-6.925 0.575 0.0000e+00
-6.925 0.625 0.0000e+00
-6.925 0.675 6.3959e-17
-6.925 0.725 1.2766e-16
-6.925 0.775 2.5480e-16
-6.925 0.825 5.0861e-16
-6.925 0.875 1.0153e-15
-6.925 0.925 2.0268e-15
-6.925 0.975 4.0463e-15
-6.925 1.025 8.0786e-15
-6.925 1.075 1.6130e-14
-6.925 1.125 3.2210e-14
-6.925 1.175 6.4325e-14
-6.925 1.225 1.2847e-13
-6.925 1.275 2.5662e-13
-6.925 1.325 5.1265e-13
-6.925 1.375 1.0243e-12
-6.925 1.425 2.0468e-12
-6.925 1.475 4.0907e-12
-6.925 1.525 8.1771e-12
-6.925 1.575 1.6349e-11
-6.925 1.625 3.2693e-11
-6.925 1.675 6.5390e-11
-6.925 1.725 1.3082e-10
-6.925 1.775 2.6178e-10
-6.925 1.825 5.2396e-10
-6.925 1.875 1.0490e-09
-6.925 1.925 2.1005e-09
-6.925 1.975 4.2070e-09
-6.925 2.025 8.4273e-09
-6.925 2.075 1.6883e-08
-6.925 2.125 3.3823e-08
-6.925 2.175 6.7751e-08
-6.925 2.225 1.3567e-07
-6.925 2.275 2.7155e-07
-6.925 2.325 5.4303e-07
-6.925 2.375 1.0845e-06
-6.925 2.425 2.1621e-06
-6.925 2.475 4.2991e-06
-6.925 2.525 8.5191e-06
-6.925 2.575 1.6804e-05
-6.925 2.625 3.2945e-05
-6.925 2.675 6.4093e-05
-6.925 2.725 1.2348e-04
-6.925 2.775 2.3503e-04
-6.925 2.825 4.4092e-04
-6.925 2.875 8.1323e-04
-6.925 2.925 1.4717e-03
-6.925 2.975 2.6105e-03
-6.925 3.025 4.5417e-03
-6.925 3.075 7.7737e-03
-6.925 3.125 1.3170e-02
-6.925 3.175 2.2272e-02
-6.925 3.225 3.7910e-02
-6.925 3.275 6.5268e-02
-6.925 3.325 1.1345e-01
-6.925 3.375 1.9732e-01
-6.925 3.425 3.3901e-01
-6.925 3.475 5.6755e-01
-6.925 3.525 9.1522e-01
-6.925 3.575 1.4095e+00
-6.925 3.625 2.0611e+00
-6.925 3.675 2.8508e+00
-6.925 3.725 3.7167e+00
-6.925 3.775 4.5348e+00
-6.925 3.825 4.8615e+00
-6.925 3.875 0.0000e+00
-6.925 3.925 0.0000e+00
-6.925 3.975 0.0000e+00
-6.875 -1.975 0.0000e+00
-6.875 -1.925 0.0000e+00
-6.875 -1.875 0.0000e+00
-6.875 -1.825 0.0000e+00
-6.875 -1.775 0.0000e+00
-6.875 -1.725 0.0000e+00
-6.875 -1.675 0.0000e+00
-6.875 -1.625 0.0000e+00
-6.875 -1.575 0.0000e+00
-6.875 -1.525 0.0000e+00
-6.875 -1.475 0.0000e+00
-6.875 -1.425 0.0000e+00
-6.875 -1.375 0.0000e+00
-6.875 -1.325 0.0000e+00
-6.875 -1.275 0.0000e+00
-6.875 -1.225 0.0000e+00
-6.875 -1.175 0.0000e+00
-6.875 -1.125 0.0000e+00
-6.875 -1.075 0.0000e+00
-6.875 -1.025 0.0000e+00
-6.875 -0.975 0.0000e+00
-6.875 -0.925 0.0000e+00
-6.875 -0.875 0.0000e+00
-6.875 -0.825 0.0000e+00
-6.875 -0.775 0.0000e+00
-6.875 -0.725 0.0000e+00
-6.875 -0.675 0.0000e+00
-6.875 -0.625 0.0000e+00
-6.875 -0.575 0.0000e+00
-6.875 -0.525 0.0000e+00
-6.875 -0.475 0.0000e+00
-6.875 -0.425 0.0000e+00
-6.875 -0.375 0.0000e+00
-6.875 -0.325 0.0000e+00
-6.875 -0.275 0.0000e+00
-6.875 -0.225 0.0000e+00
-6.875 -0.175 0.0000e+00
-6.875 -0.125 0.0000e+00
-6.875 -0.075 0.0000e+00
-6.875 -0.025 0.0000e+00
-6.875 0.025 0.0000e+00
-6.875 0.075 0.0000e+00
-6.875 0.125 0.0000e+00
-6.875 0.175 0.0000e+00
-6.875 0.225 0.0000e+00
-6.875 0.275 0.0000e+00
-6.875 0.325 0.0000e+00
-6.875 0.375 0.0000e+00
-6.875 0.425 0.0000e+00
-6.875 0.475 0.0000e+00
-6.875 0.525 0.0000e+00
-6.875 0.575 0.0000e+00
-6.875 0.625 0.0000e+00
-6.875 0.675 8.0520e-17
-6.875 0.725 1.6071e-16
-6.875 0.775 3.2078e-16
-6.875 0.825 6.4030e-16
-6.875 0.875 1.2782e-15
-6.875 0.925 2.5516e-15
-6.875 0.975 5.0940e-15
-6.875 1.025 1.0170e-14
-6.875 1.075 2.0307e-14
-6.875 1.125 4.0550e-14
-6.875 1.175 8.0980e-14
-6.875 1.225 1.6174e-13
-6.875 1.275 3.2306e-13
-6.875 1.325 6.4539e-13
-6.875 1.375 1.2895e-12
-6.875 1.425 2.5767e-12
-6.875 1.475 5.1499e-12
-6.875 1.525 1.0294e-11
-6.875 1.575 2.0582e-11
-6.875 1.625 4.1158e-11
-6.875 1.675 8.2322e-11
-6.875 1.725 1.6469e-10
-6.875 1.775 3.2956e-10
-6.875 1.825 6.5963e-10
-6.875 1.875 1.3206e-09
-6.875 1.925 2.6444e-09
-6.875 1.975 5.2963e-09
-6.875 2.025 1.0609e-08
-6.875 2.075 2.1254e-08
-6.875 2.125 4.2580e-08
-6.875 2.175 8.5294e-08
-6.875 2.225 1.7080e-07
-6.875 2.275 3.4186e-07
-6.875 2.325 6.8363e-07
-6.875 2.375 1.3653e-06
-6.875 2.425 2.7219e-06
-6.875 2.475 5.4123e-06
-6.875 2.525 1.0725e-05
-6.875 2.575 2.1154e-05
-6.875 2.625 4.1475e-05
-6.875 2.675 8.0689e-05
-6.875 2.725 1.5545e-04
-6.875 2.775 2.9589e-04
-6.875 2.825 5.5508e-04
-6.875 2.875 1.0238e-03
-6.875 2.925 1.8528e-03
-6.875 2.975 3.2865e-03
-6.875 3.025 5.7176e-03
-6.875 3.075 9.7866e-03
-6.875 3.125 1.6580e-02
-6.875 3.175 2.8038e-02
-6.875 3.225 4.7726e-02
-6.875 3.275 8.2168e-02
-6.875 3.325 1.4282e-01
-6.875 3.375 2.4842e-01
-6.875 3.425 4.2679e-01
-6.875 3.475 7.1450e-01
-6.875 3.525 1.1522e+00
-6.875 3.575 1.7745e+00
-6.875 3.625 2.5948e+00
-6.875 3.675 3.5889e+00
-6.875 3.725 4.6791e+00
-6.875 3.775 5.7089e+00
-6.875 3.825 6.1202e+00
-6.875 3.875 0.0000e+00
-6.875 3.925 0.0000e+00
-6.875 3.975 0.0000e+00
-6.825 -1.975 0.0000e+00
-6.825 -1.925 0.0000e+00
-6.825 -1.875 0.0000e+00
-6.825 -1.825 0.0000e+00
-6.825 -1.775 0.0000e+00
-6.825 -1.725 0.0000e+00
-6.825 -1.675 0.0000e+00
-6.825 -1.625 0.0000e+00
-6.825 -1.575 0.0000e+00
-6.825 -1.525 0.0000e+00
-6.825 -1.475 0.0000e+00
-6.825 -1.425 0.0000e+00
-6.825 -1.375 0.0000e+00
-6.825 -1.325 0.0000e+00
-6.825 -1.275 0.0000e+00
-6.825 -1.225 0.0000e+00
-6.825 -1.175 0.0000e+00
-6.825 -1.125 0.0000e+00
-6.825 -1.075 0.0000e+00
-6.825 -1.025 0.0000e+00
-6.825 -0.975 0.0000e+00
-6.825 -0.925 0.0000e+00
-6.825 -0.875 0.0000e+00
-6.825 -0.825 0.0000e+00
-6.825 -0.775 0.0000e+00
-6.825 -0.725 0.0000e+00
-6.825 -0.675 0.0000e+00
-6.825 -0.625 0.0000e+00
-6.825 -0.575 0.0000e+00
-6.825 -0.525 0.0000e+00
-6.825 -0.475 0.0000e+00
-6.825 -0.425 0.0000e+00
-6.825 -0.375 0.0000e+00
-6.825 -0.325 0.0000e+00
-6.825 -0.275 0.0000e+00
-6.825 -0.225 0.0000e+00
-6.825 -0.175 0.0000e+00
-6.825 -0.125 0.0000e+00
-6.825 -0.075 0.0000e+00
-6.825 -0.025 0.0000e+00
-6.825 0.025 0.0000e+00
-6.825 0.075 0.0000e+00
-6.825 0.125 0.0000e+00
-6.825 0.175 0.0000e+00
-6.825 0.225 0.0000e+00
-6.825 0.275 0.0000e+00
-6.825 0.325 0.0000e+00
-6.825 0.375 0.0000e+00
-6.825 0.425 0.0000e+00
-6.825 0.475 0.0000e+00
-6.825 0.525 0.0000e+00
-6.825 0.575 0.0000e+00
-6.825 0.625 0.0000e+00
-6.825 0.675 1.0137e-16
-6.825 0.725 2.0232e-16
-6.825 0.775 4.0384e-16
-6.825 0.825 8.0609e-16
-6.825 0.875 1.6091e-15
-6.825 0.925 3.2122e-15
-6.825 0.975 6.4129e-15
-6.825 1.025 1.2804e-14
-6.825 1.075 2.5565e-14
-6.825 1.125 5.1050e-14
-6.825 1.175 1.0195e-13
-6.825 1.225 2.0362e-13
-6.825 1.275 4.0671e-13
-6.825 1.325 8.1250e-13
-6.825 1.375 1.6234e-12
-6.825 1.425 3.2439e-12
-6.825 1.475 6.4833e-12
-6.825 1.525 1.2960e-11
-6.825 1.575 2.5911e-11
-6.825 1.625 5.1814e-11
-6.825 1.675 1.0364e-10
-6.825 1.725 2.0734e-10
-6.825 1.775 4.1489e-10
-6.825 1.825 8.3042e-10
-6.825 1.875 1.6625e-09
-6.825 1.925 3.3291e-09
-6.825 1.975 6.6676e-09
-6.825 2.025 1.3356e-08
-6.825 2.075 2.6757e-08
-6.825 2.125 5.3605e-08
-6.825 2.175 1.0738e-07
-6.825 2.225 2.1503e-07
-6.825 2.275 4.3037e-07
-6.825 2.325 8.6064e-07
-6.825 2.375 1.7189e-06
-6.825 2.425 3.4266e-06
-6.825 2.475 6.8137e-06
-6.825 2.525 1.3502e-05
-6.825 2.575 2.6632e-05
-6.825 2.625 5.2214e-05
-6.825 2.675 1.0158e-04
-6.825 2.725 1.9570e-04
-6.825 2.775 3.7250e-04
-6.825 2.825 6.9880e-04
-6.825 2.875 1.2889e-03
-6.825 2.925 2.3325e-03
-6.825 2.975 4.1374e-03
-6.825 3.025 7.1981e-03
-6.825 3.075 1.2321e-02
-6.825 3.125 2.0874e-02
-6.825 3.175 3.5298e-02
-6.825 3.225 6.0083e-02
-6.825 3.275 1.0344e-01
-6.825 3.325 1.7980e-01
-6.825 3.375 3.1274e-01
-6.825 3.425 5.3730e-01
-6.825 3.475 8.9950e-01
-6.825 3.525 1.4505e+00
-6.825 3.575 2.2339e+00
-6.825 3.625 3.2666e+00
-6.825 3.675 4.5182e+00
-6.825 3.725 5.8906e+00
-6.825 3.775 7.1871e+00
-6.825 3.825 7.7049e+00
-6.825 3.875 0.0000e+00
-6.825 3.925 0.0000e+00
-6.825 3.975 0.0000e+00
-6.775 -1.975 0.0000e+00
-6.775 -1.925 0.0000e+00
-6.775 -1.875 0.0000e+00
-6.775 -1.825 0.0000e+00
-6.775 -1.775 0.0000e+00
-6.775 -1.725 0.0000e+00
-6.775 -1.675 0.0000e+00
-6.775 -1.625 0.0000e+00
-6.775 -1.575 0.0000e+00
-6.775 -1.525 0.0000e+00
-6.775 -1.475 0.0000e+00
-6.775 -1.425 0.0000e+00
-6.775 -1.375 0.0000e+00
-6.775 -1.325 0.0000e+00
-6.775 -1.275 0.0000e+00
-6.775 -1.225 0.0000e+00
-6.775 -1.175 0.0000e+00
-6.775 -1.125 0.0000e+00
-6.775 -1.075 0.0000e+00
-6.775 -1.025 0.0000e+00
-6.775 -0.975 0.0000e+00
-6.775 -0.925 0.0000e+00
-6.775 -0.875 0.0000e+00
-6.775 -0.825 0.0000e+00
-6.775 -0.775 0.0000e+00
-6.775 -0.725 0.0000e+00
-6.775 -0.675 0.0000e+00
-6.775 -0.625 0.0000e+00
-6.775 -0.575 0.0000e+00
-6.775 -0.525 0.0000e+00
-6.775 -0.475 0.0000e+00
-6.775 -0.425 0.0000e+00
-6.775 -0.375 0.0000e+00
-6.775 -0.325 0.0000e+00
-6.775 -0.275 0.0000e+00
-6.775 -0.225 0.0000e+00
-6.775 -0.175 0.0000e+00
-6.775 -0.125 0.0000e+00
-6.775 -0.075 0.0000e+00
-6.775 -0.025 0.0000e+00
-6.775 0.025 0.0000e+00
-6.775 0.075 0.0000e+00
-6.775 0.125 0.0000e+00
-6.775 0.175 0.0000e+00
-6.775 0.225 0.0000e+00
-6.775 0.275 0.0000e+00
-6.775 0.325 0.0000e+00
-6.775 0.375 0.0000e+00
-6.775 0.425 0.0000e+00
-6.775 0.475 0.0000e+00
-6.775 0.525 0.0000e+00
-6.775 0.575 0.0000e+00
-6.775 0.625 0.0000e+00
-6.775 0.675 1.2762e-16
-6.775 0.725 2.5471e-16
-6.775 0.775 5.0840e-16
-6.775 0.825 1.0148e-15
-6.775 0.875 2.0257e-15
-6.775 0.925 4.0440e-15
-6.775 0.975 8.0734e-15
-6.775 1.025 1.6119e-14
-6.775 1.075 3.2184e-14
-6.775 1.125 6.4268e-14
-6.775 1.175 1.2835e-13
-6.775 1.225 2.5634e-13
-6.775 1.275 5.1202e-13
-6.775 1.325 1.0229e-12
-6.775 1.375 2.0437e-12
-6.775 1.425 4.0838e-12
-6.775 1.475 8.1620e-12
-6.775 1.525 1.6315e-11
-6.775 1.575 3.2620e-11
-6.775 1.625 6.5230e-11
-6.775 1.675 1.3047e-10
-6.775 1.725 2.6102e-10
-6.775 1.775 5.2232e-10
-6.775 1.825 1.0454e-09
-6.775 1.875 2.0930e-09
-6.775 1.925 4.1911e-09
-6.775 1.975 8.3940e-09
-6.775 2.025 1.6815e-08
-6.775 2.075 3.3686e-08
-6.775 2.125 6.7485e-08
-6.775 2.175 1.3518e-07
-6.775 2.225 2.7071e-07
-6.775 2.275 5.4181e-07
-6.775 2.325 1.0835e-06
-6.775 2.375 2.1639e-06
-6.775 2.425 4.3139e-06
-6.775 2.475 8.5779e-06
-6.775 2.525 1.6998e-05
-6.775 2.575 3.3527e-05
-6.775 2.625 6.5734e-05
-6.775 2.675 1.2788e-04
-6.775 2.725 2.4637e-04
-6.775 2.775 4.6896e-04
-6.775 2.825 8.7974e-04
-6.775 2.875 1.6226e-03
-6.775 2.925 2.9365e-03
-6.775 2.975 5.2087e-03
-6.775 3.025 9.0618e-03
-6.775 3.075 1.5511e-02
-6.775 3.125 2.6278e-02
-6.775 3.175 4.4438e-02
-6.775 3.225 7.5640e-02
-6.775 3.275 1.3023e-01
-6.775 3.325 2.2635e-01
-6.775 3.375 3.9371e-01
-6.775 3.425 6.7642e-01
-6.775 3.475 1.1324e+00
-6.775 3.525 1.8261e+00
-6.775 3.575 2.8123e+00
-6.775 3.625 4.1125e+00
-6.775 3.675 5.6880e+00
-6.775 3.725 7.4159e+00
-6.775 3.775 9.0480e+00
-6.775 3.825 9.6999e+00
-6.775 3.875 0.0000e+00
-6.775 3.925 0.0000e+00
-6.775 3.975 0.0000e+00
-6.725 -1.975 0.0000e+00
-6.725 -1.925 0.0000e+00
-6.725 -1.875 0.0000e+00
-6.725 -1.825 0.0000e+00
-6.725 -1.775 0.0000e+00
-6.725 -1.725 0.0000e+00
-6.725 -1.675 0.0000e+00
-6.725 -1.625 0.0000e+00
-6.725 -1.575 0.0000e+00
-6.725 -1.525 0.0000e+00
-6.725 -1.475 0.0000e+00
-6.725 -1.425 0.0000e+00
-6.725 -1.375 0.0000e+00
-6.725 -1.325 0.0000e+00
-6.725 -1.275 0.0000e+00
-6.725 -1.225 0.0000e+00
-6.725 -1.175 0.0000e+00
-6.725 -1.125 0.0000e+00
-6.725 -1.075 0.0000e+00
-6.725 -1.025 0.0000e+00
-6.725 -0.975 0.0000e+00
-6.725 -0.925 0.0000e+00
-6.725 -0.875 0.0000e+00
-6.725 -0.825 0.0000e+00
-6.725 -0.775 0.0000e+00
-6.725 -0.725 0.0000e+00
-6.725 -0.675 0.0000e+00
-6.725 -0.625 0.0000e+00
-6.725 -0.575 0.0000e+00
-6.725 -0.525 0.0000e+00
-6.725 -0.475 0.0000e+00
-6.725 -0.425 0.0000e+00
-6.725 -0.375 0.0000e+00
-6.725 -0.325 0.0000e+00
-6.725 -0.275 0.0000e+00
-6.725 -0.225 0.0000e+00
-6.725 -0.175 0.0000e+00
-6.725 -0.125 0.0000e+00
-6.725 -0.075 0.0000e+00
-6.725 -0.025 0.0000e+00
-6.725 0.025 0.0000e+00
-6.725 0.075 0.0000e+00
-6.725 0.125 0.0000e+00
-6.725 0.175 0.0000e+00
-6.725 0.225 0.0000e+00
-6.725 0.275 0.0000e+00
-6.725 0.325 0.0000e+00
-6.725 0.375 0.0000e+00
-6.725 0.425 0.0000e+00
-6.725 0.475 0.0000e+00
-6.725 0.525 0.0000e+00
-6.725 0.575 0.0000e+00
-6.725 0.625 0.0000e+00
-6.725 0.675 1.6066e-16
-6.725 0.725 3.2066e-16
-6.725 0.775 6.4004e-16
-6.725 0.825 1.2776e-15
-6.725 0.875 2.5503e-15
-6.725 0.925 5.0910e-15
-6.725 0.975 1.0164e-14
-6.725 1.025 2.0292e-14
-6.725 1.075 4.0518e-14
-6.725 1.125 8.0908e-14
-6.725 1.175 1.6158e-13
-6.725 1.225 3.2271e-13
-6.725 1.275 6.4460e-13
-6.725 1.325 1.2877e-12
-6.725 1.375 2.5728e-12
-6.725 1.425 5.1413e-12
-6.725 1.475 1.0275e-11
-6.725 1.525 2.0540e-11
-6.725 1.575 4.1066e-11
-6.725 1.625 8.2120e-11
-6.725 1.675 1.6425e-10
-6.725 1.725 3.2861e-10
-6.725 1.775 6.5756e-10
-6.725 1.825 1.3161e-09
-6.725 1.875 2.6349e-09
-6.725 1.925 5.2762e-09
-6.725 1.975 1.0567e-08
-6.725 2.025 2.1168e-08
-6.725 2.075 4.2408e-08
-6.725 2.125 8.4958e-08
-6.725 2.175 1.7018e-07
-6.725 2.225 3.4080e-07
-6.725 2.275 6.8210e-07
-6.725 2.325 1.3640e-06
-6.725 2.375 2.7242e-06
-6.725 2.425 5.4308e-06
-6.725 2.475 1.0799e-05
-6.725 2.525 2.1399e-05
-6.725 2.575 4.2209e-05
-6.725 2.625 8.2754e-05
-6.725 2.675 1.6100e-04
-6.725 2.725 3.1017e-04
-6.725 2.775 5.9038e-04
-6.725 2.825 1.1075e-03
-6.725 2.875 2.0427e-03
-6.725 2.925 3.6968e-03
-6.725 2.975 6.5574e-03
-6.725 3.025 1.1408e-02
-6.725 3.075 1.9527e-02
-6.725 3.125 3.3082e-02
-6.725 3.175 5.5944e-02
-6.725 3.225 9.5226e-02
-6.725 3.275 1.6395e-01
-6.725 3.325 2.8496e-01
-6.725 3.375 4.9566e-01
-6.725 3.425 8.5156e-01
-6.725 3.475 1.4256e+00
-6.725 3.525 2.2989e+00
-6.725 3.575 3.5405e+00
-6.725 3.625 5.1773e+00
-6.725 3.675 7.1608e+00
-6.725 3.725 9.3360e+00
-6.725 3.775 1.1391e+01
-6.725 3.825 1.2211e+01
-6.725 3.875 0.0000e+00
-6.725 3.925 0.0000e+00
-6.725 3.975 0.0000e+00
-6.675 -1.975 0.0000e+00
-6.675 -1.925 0.0000e+00
-6.675 -1.875 0.0000e+00
-6.675 -1.825 0.0000e+00
-6.675 -1.775 0.0000e+00
-6.675 -1.725 0.0000e+00
-6.675 -1.675 0.0000e+00
-6.675 -1.625 0.0000e+00
-6.675 -1.575 0.0000e+00
-6.675 -1.525 0.0000e+00
-6.675 -1.475 0.0000e+00
-6.675 -1.425 0.0000e+00
-6.675 -1.375 0.0000e+00
-6.675 -1.325 0.0000e+00
-6.675 -1.275 0.0000e+00
-6.675 -1.225 0.0000e+00
-6.675 -1.175 0.0000e+00
-6.675 -1.125 0.0000e+00
-6.675 -1.075 0.0000e+00
-6.675 -1.025 0.0000e+00
-6.675 -0.975 0.0000e+00
-6.675 -0.925 0.0000e+00
-6.675 -0.875 0.0000e+00
-6.675 -0.825 0.0000e+00
-6.675 -0.775 0.0000e+00
-6.675 -0.725 0.0000e+00
-6.675 -0.675 0.0000e+00
-6.675 -0.625 0.0000e+00
-6.675 -0.575 0.0000e+00
-6.675 -0.525 0.0000e+00
-6.675 -0.475 0.0000e+00
-6.675 -0.425 0.0000e+00
-6.675 -0.375 0.0000e+00
-6.675 -0.325 0.0000e+00
-6.675 -0.275 0.0000e+00
-6.675 -0.225 0.0000e+00
-6.675 -0.175 0.0000e+00
-6.675 -0.125 0.0000e+00
-6.675 -0.075 0.0000e+00
-6.675 -0.025 0.0000e+00
-6.675 0.025 0.0000e+00
-6.675 0.075 0.0000e+00
-6.675 0.125 0.0000e+00
-6.675 0.175 0.0000e+00
-6.675 0.225 0.0000e+00
-6.675 0.275 0.0000e+00
-6.675 0.325 0.0000e+00
-6.675 0.375 0.0000e+00
-6.675 0.425 0.0000e+00
-6.675 0.475 0.0000e+00
-6.675 0.525 0.0000e+00
-6.675 0.575 0.0000e+00
-6.675 0.625 0.0000e+00
-6.675 0.675 2.0226e-16
-6.675 0.725 4.0369e-16
-6.675 0.775 8.0576e-16
-6.675 0.825 1.6084e-15
-6.675 0.875 3.2106e-15
-6.675 0.925 6.4092e-15
-6.675 0.975 1.2795e-14
-6.675 1.025 2.5547e-14
-6.675 1.075 5.1009e-14
-6.675 1.125 1.0186e-13
-6.675 1.175 2.0341e-13
-6.675 1.225 4.0627e-13
-6.675 1.275 8.1150e-13
-6.675 1.325 1.6211e-12
-6.675 1.375 3.2390e-12
-6.675 1.425 6.4725e-12
-6.675 1.475 1.2936e-11
-6.675 1.525 2.5858e-11
-6.675 1.575 5.1699e-11
-6.675 1.625 1.0338e-10
-6.675 1.675 2.0678e-10
-6.675 1.725 4.1369e-10
-6.675 1.775 8.2782e-10
-6.675 1.825 1.6569e-09
-6.675 1.875 3.3171e-09
-6.675 1.925 6.6424e-09
-6.675 1.975 1.3304e-08
-6.675 2.025 2.6649e-08
-6.675 2.075 5.3388e-08
-6.675 2.125 1.0696e-07
-6.675 2.175 2.1425e-07
-6.675 2.225 4.2904e-07
-6.675 2.275 8.5871e-07
-6.675 2.325 1.7172e-06
-6.675 2.375 3.4296e-06
-6.675 2.425 6.8370e-06
-6.675 2.475 1.3595e-05
-6.675 2.525 2.6940e-05
-6.675 2.575 5.3137e-05
-6.675 2.625 1.0418e-04
-6.675 2.675 2.0268e-04
-6.675 2.725 3.9048e-04
-6.675 2.775 7.4324e-04
-6.675 2.825 1.3943e-03
-6.675 2.875 2.5716e-03
-6.675 2.925 4.6540e-03
-6.675 2.975 8.2553e-03
-6.675 3.025 1.4362e-02
-6.675 3.075 2.4583e-02
-6.675 3.125 4.1648e-02
-6.675 3.175 7.0429e-02
-6.675 3.225 1.1988e-01
-6.675 3.275 2.0640e-01
-6.675 3.325 3.5875e-01
-6.675 3.375 6.2399e-01
-6.675 3.425 1.0721e+00
-6.675 3.475 1.7947e+00
-6.675 3.525 2.8942e+00
-6.675 3.575 4.4572e+00
-6.675 3.625 6.5178e+00
-6.675 3.675 9.0149e+00
-6.675 3.725 1.1753e+01
-6.675 3.775 1.4340e+01
-6.675 3.825 1.5373e+01
-6.675 3.875 0.0000e+00
-6.675 3.925 0.0000e+00
-6.675 3.975 0.0000e+00
-6.625 -1.975 0.0000e+00
-6.625 -1.925 0.0000e+00
-6.625 -1.875 0.0000e+00
-6.625 -1.825 0.0000e+00
-6.625 -1.775 0.0000e+00
-6.625 -1.725 0.0000e+00
-6.625 -1.675 0.0000e+00
-6.625 -1.625 0.0000e+00
-6.625 -1.575 0.0000e+00
-6.625 -1.525 0.0000e+00
-6.625 -1.475 0.0000e+00
-6.625 -1.425 0.0000e+00
-6.625 -1.375 0.0000e+00
-6.625 -1.325 0.0000e+00
-6.625 -1.275 0.0000e+00
-6.625 -1.225 0.0000e+00
-6.625 -1.175 0.0000e+00
-6.625 -1.125 0.0000e+00
-6.625 -1.075 0.0000e+00
-6.625 -1.025 0.0000e+00
-6.625 -0.975 0.0000e+00
-6.625 -0.925 0.0000e+00
-6.625 -0.875 0.0000e+00
-6.625 -0.825 0.0000e+00
-6.625 -0.775 0.0000e+00
-6.625 -0.725 0.0000e+00
-6.625 -0.675 0.0000e+00
-6.625 -0.625 0.0000e+00
-6.625 -0.575 0.0000e+00
-6.625 -0.525 0.0000e+00
-6.625 -0.475 0.0000e+00
-6.625 -0.425 0.0000e+00
-6.625 -0.375 0.0000e+00
-6.625 -0.325 0.0000e+00
-6.625 -0.275 0.0000e+00
-6.625 -0.225 0.0000e+00
-6.625 -0.175 0.0000e+00
-6.625 -0.125 0.0000e+00
-6.625 -0.075 0.0000e+00
-6.625 -0.025 0.0000e+00
-6.625 0.025 0.0000e+00
-6.625 0.075 0.0000e+00
-6.625 0.125 0.0000e+00
-6.625 0.175 0.0000e+00
-6.625 0.225 0.0000e+00
-6.625 0.275 0.0000e+00
-6.625 0.325 0.0000e+00
-6.625 0.375 0.0000e+00
-6.625 0.425 0.0000e+00
-6.625 0.475 0.0000e+00
-6.625 0.525 0.0000e+00
-6.625 0.575 0.0000e+00
-6.625 0.625 0.0000e+00
-6.625 0.675 2.5463e-16
-6.625 0.725 5.0821e-16
-6.625 0.775 1.0144e-15
-6.625 0.825 2.0248e-15
-6.625 0.875 4.0419e-15
-6.625 0.925 8.0687e-15
-6.625 0.975 1.6109e-14
-6.625 1.025 3.2161e-14
-6.625 1.075 6.4216e-14
-6.625 1.125 1.2823e-13
-6.625 1.175 2.5608e-13
-6.625 1.225 5.1146e-13
-6.625 1.275 1.0216e-12
-6.625 1.325 2.0409e-12
-6.625 1.375 4.0777e-12
-6.625 1.425 8.1484e-12
-6.625 1.475 1.6285e-11
-6.625 1.525 3.2553e-11
-6.625 1.575 6.5085e-11
-6.625 1.625 1.3015e-10
-6.625 1.675 2.6032e-10
-6.625 1.725 5.2080e-10
-6.625 1.775 1.0422e-09
-6.625 1.825 2.0859e-09
-6.625 1.875 4.1760e-09
-6.625 1.925 8.3623e-09
-6.625 1.975 1.6748e-08
-6.625 2.025 3.3550e-08
-6.625 2.075 6.7212e-08
-6.625 2.125 1.3465e-07
-6.625 2.175 2.6972e-07
-6.625 2.225 5.4013e-07
-6.625 2.275 1.0811e-06
-6.625 2.325 2.1618e-06
-6.625 2.375 4.3176e-06
-6.625 2.425 8.6073e-06
-6.625 2.475 1.7115e-05
-6.625 2.525 3.3915e-05
-6.625 2.575 6.6896e-05
-6.625 2.625 1.3116e-04
-6.625 2.675 2.5516e-04
-6.625 2.725 4.9158e-04
-6.625 2.775 9.3569e-04
-6.625 2.825 1.7553e-03
-6.625 2.875 3.2375e-03
-6.625 2.925 5.8590e-03
-6.625 2.975 1.0393e-02
-6.625 3.025 1.8081e-02
-6.625 3.075 3.0948e-02
-6.625 3.125 5.2432e-02
-6.625 3.175 8.8665e-02
-6.625 3.225 1.5092e-01
-6.625 3.275 2.5984e-01
-6.625 3.325 4.5164e-01
-6.625 3.375 7.8556e-01
-6.625 3.425 1.3496e+00
-6.625 3.475 2.2594e+00
-6.625 3.525 3.6436e+00
-6.625 3.575 5.6113e+00
-6.625 3.625 8.2054e+00
-6.625 3.675 1.1349e+01
-6.625 3.725 1.4797e+01
-6.625 3.775 1.8053e+01
-6.625 3.825 1.9354e+01
-6.625 3.875 0.0000e+00
-6.625 3.925 0.0000e+00
-6.625 3.975 0.0000e+00
-6.575 -1.975 0.0000e+00
-6.575 -1.925 0.0000e+00
-6.575 -1.875 0.0000e+00
-6.575 -1.825 0.0000e+00
-6.575 -1.775 0.0000e+00
-6.575 -1.725 0.0000e+00
-6.575 -1.675 0.0000e+00
-6.575 -1.625 0.0000e+00
-6.575 -1.575 0.0000e+00
-6.575 -1.525 0.0000e+00
-6.575 -1.475 0.0000e+00
-6.575 -1.425 0.0000e+00
-6.575 -1.375 0.0000e+00
-6.575 -1.325 0.0000e+00
-6.575 -1.275 0.0000e+00
-6.575 -1.225 0.0000e+00
-6.575 -1.175 0.0000e+00
-6.575 -1.125 0.0000e+00
-6.575 -1.075 0.0000e+00
-6.575 -1.025 0.0000e+00
-6.575 -0.975 0.0000e+00
-6.575 -0.925 0.0000e+00
-6.575 -0.875 0.0000e+00
-6.575 -0.825 0.0000e+00
-6.575 -0.775 0.0000e+00
-6.575 -0.725 0.0000e+00
-6.575 -0.675 0.0000e+00
-6.575 -0.625 0.0000e+00
-6.575 -0.575 0.0000e+00
-6.575 -0.525 0.0000e+00
-6.575 -0.475 0.0000e+00
-6.575 -0.425 0.0000e+00
-6.575 -0.375 0.0000e+00
-6.575 -0.325 0.0000e+00
-6.575 -0.275 0.0000e+00
-6.575 -0.225 0.0000e+00
-6.575 -0.175 0.0000e+00
-6.575 -0.125 0.0000e+00
-6.575 -0.075 0.0000e+00
-6.575 -0.025 0.0000e+00
-6.575 0.025 0.0000e+00
-6.575 0.075 0.0000e+00
-6.575 0.125 0.0000e+00
-6.575 0.175 0.0000e+00
-6.575 0.225 0.0000e+00
-6.575 0.275 0.0000e+00
-6.575 0.325 0.0000e+00
-6.575 0.375 0.0000e+00
-6.575 0.425 0.0000e+00
-6.575 0.475 0.0000e+00
-6.575 0.525 0.0000e+00
-6.575 0.575 0.0000e+00
-6.575 0.625 0.0000e+00
-6.575 0.675 3.2055e-16
-6.575 0.725 6.3980e-16
-6.575 0.775 1.2770e-15
-6.575 0.825 2.5491e-15
-6.575 0.875 5.0884e-15
-6.575 0.925 1.0158e-14
-6.575 0.975 2.0279e-14
-6.575 1.025 4.0489e-14
-6.575 1.075 8.0844e-14
-6.575 1.125 1.6143e-13
-6.575 1.175 3.2239e-13
-6.575 1.225 6.4389e-13
-6.575 1.275 1.2861e-12
-6.575 1.325 2.5693e-12
-6.575 1.375 5.1335e-12
-6.575 1.425 1.0258e-11
-6.575 1.475 2.0502e-11
-6.575 1.525 4.0982e-11
-6.575 1.575 8.1937e-11
-6.575 1.625 1.6385e-10
-6.575 1.675 3.2773e-10
-6.575 1.725 6.5565e-10
-6.575 1.775 1.3120e-09
-6.575 1.825 2.6260e-09
-6.575 1.875 5.2573e-09
-6.575 1.925 1.0527e-08
-6.575 1.975 2.1085e-08
-6.575 2.025 4.2236e-08
-6.575 2.075 8.4614e-08
-6.575 2.125 1.6951e-07
-6.575 2.175 3.3956e-07
-6.575 2.225 6.7998e-07
-6.575 2.275 1.3610e-06
-6.575 2.325 2.7216e-06
-6.575 2.375 5.4356e-06
-6.575 2.425 1.0836e-05
-6.575 2.475 2.1547e-05
-6.575 2.525 4.2697e-05
-6.575 2.575 8.4217e-05
-6.575 2.625 1.6512e-04
-6.575 2.675 3.2123e-04
-6.575 2.725 6.1886e-04
-6.575 2.775 1.1780e-03
-6.575 2.825 2.2098e-03
-6.575 2.875 4.0758e-03
-6.575 2.925 7.3760e-03
-6.575 2.975 1.3084e-02
-6.575 3.025 2.2762e-02
-6.575 3.075 3.8961e-02
-6.575 3.125 6.6008e-02
-6.575 3.175 1.1162e-01
-6.575 3.225 1.9000e-01
-6.575 3.275 3.2712e-01
-6.575 3.325 5.6858e-01
-6.575 3.375 9.8896e-01
-6.575 3.425 1.6991e+00
-6.575 3.475 2.8445e+00
-6.575 3.525 4.5870e+00
-6.575 3.575 7.0642e+00
-6.575 3.625 1.0330e+01
-6.575 3.675 1.4288e+01
-6.575 3.725 1.8628e+01
-6.575 3.775 2.2727e+01
-6.575 3.825 2.4365e+01
-6.575 3.875 0.0000e+00
-6.575 3.925 0.0000e+00
-6.575 3.975 0.0000e+00
-6.525 -1.975 0.0000e+00
-6.525 -1.925 0.0000e+00
-6.525 -1.875 0.0000e+00
-6.525 -1.825 0.0000e+00
-6.525 -1.775 0.0000e+00
-6.525 -1.725 0.0000e+00
-6.525 -1.675 0.0000e+00
-6.525 -1.625 0.0000e+00
-6.525 -1.575 0.0000e+00
-6.525 -1.525 0.0000e+00
-6.525 -1.475 0.0000e+00
-6.525 -1.425 0.0000e+00
-6.525 -1.375 0.0000e+00
-6.525 -1.325 0.0000e+00
-6.525 -1.275 0.0000e+00
-6.525 -1.225 0.0000e+00
-6.525 -1.175 0.0000e+00
-6.525 -1.125 0.0000e+00
-6.525 -1.075 0.0000e+00
-6.525 -1.025 0.0000e+00
-6.525 -0.975 0.0000e+00
-6.525 -0.925 0.0000e+00
-6.525 -0.875 0.0000e+00
-6.525 -0.825 0.0000e+00
-6.525 -0.775 0.0000e+00
-6.525 -0.725 0.0000e+00
-6.525 -0.675 0.0000e+00
-6.525 -0.625 0.0000e+00
-6.525 -0.575 0.0000e+00
-6.525 -0.525 0.0000e+00
-6.525 -0.475 0.0000e+00
-6.525 -0.425 0.0000e+00
-6.525 -0.375 0.0000e+00
-6.525 -0.325 0.0000e+00
-6.525 -0.275 0.0000e+00
-6.525 -0.225 0.0000e+00
-6.525 -0.175 0.0000e+00
-6.525 -0.125 0.0000e+00
-6.525 -0.075 0.0000e+00
-6.525 -0.025 0.0000e+00
-6.525 0.025 0.0000e+00
-6.525 0.075 0.0000e+00
-6.525 0.125 0.0000e+00
-6.525 0.175 0.0000e+00
-6.525 0.225 0.0000e+00
-6.525 0.275 0.0000e+00
-6.525 0.325 0.0000e+00
-6.525 0.375 0.0000e+00
-6.525 0.425 0.0000e+00
-6.525 0.475 0.0000e+00
-6.525 0.525 0.0000e+00
-6.525 0.575 0.0000e+00
-6.525 0.625 0.0000e+00
-6.525 0.675 4.0355e-16
-6.525 0.725 8.0546e-16
-6.525 0.775 1.6077e-15
-6.525 0.825 3.2091e-15
-6.525 0.875 6.4059e-15
-6.525 0.925 1.2788e-14
-6.525 0.975 2.5530e-14
-6.525 1.025 5.0972e-14
-6.525 1.075 1.0178e-13
-6.525 1.125 2.0323e-13
-6.525 1.175 4.0586e-13
-6.525 1.225 8.1061e-13
-6.525 1.275 1.6192e-12
-6.525 1.325 3.2346e-12
-6.525 1.375 6.4627e-12
-6.525 1.425 1.2914e-11
-6.525 1.475 2.5810e-11
-6.525 1.525 5.1594e-11
-6.525 1.575 1.0315e-10
-6.525 1.625 2.0628e-10
-6.525 1.675 4.1259e-10
-6.525 1.725 8.2542e-10
-6.525 1.775 1.6517e-09
-6.525 1.825 3.3060e-09
-6.525 1.875 6.6186e-09
-6.525 1.925 1.3253e-08
-6.525 1.975 2.6544e-08
-6.525 2.025 5.3172e-08
-6.525 2.075 1.0652e-07
-6.525 2.125 2.1341e-07
-6.525 2.175 4.2748e-07
-6.525 2.225 8.5605e-07
-6.525 2.275 1.7134e-06
-6.525 2.325 3.4263e-06
-6.525 2.375 6.8430e-06
-6.525 2.425 1.3642e-05
-6.525 2.475 2.7126e-05
-6.525 2.525 5.3752e-05
-6.525 2.575 1.0602e-04
-6.525 2.625 2.0787e-04
-6.525 2.675 4.0440e-04
-6.525 2.725 7.7910e-04
-6.525 2.775 1.4830e-03
-6.525 2.825 2.7820e-03
-6.525 2.875 5.1311e-03
-6.525 2.925 9.2859e-03
-6.525 2.975 1.6471e-02
-6.525 3.025 2.8656e-02
-6.525 3.075 4.9049e-02
-6.525 3.125 8.3100e-02
-6.525 3.175 1.4052e-01
-6.525 3.225 2.3920e-01
-6.525 3.275 4.1182e-01
-6.525 3.325 7.1580e-01
-6.525 3.375 1.2450e+00
-6.525 3.425 2.1390e+00
-6.525 3.475 3.5810e+00
-6.525 3.525 5.7747e+00
-6.525 3.575 8.8933e+00
-6.525 3.625 1.3005e+01
-6.525 3.675 1.7987e+01
-6.525 3.725 2.3451e+01
-6.525 3.775 2.8612e+01
-6.525 3.825 3.0673e+01
-6.525 3.875 0.0000e+00
-6.525 3.925 0.0000e+00
-6.525 3.975 0.0000e+00
-6.475 -1.975 0.0000e+00
-6.475 -1.925 0.0000e+00
-6.475 -1.875 0.0000e+00
-6.475 -1.825 0.0000e+00
-6.475 -1.775 0.0000e+00
-6.475 -1.725 0.0000e+00
-6.475 -1.675 0.0000e+00
-6.475 -1.625 0.0000e+00
-6.475 -1.575 0.0000e+00
-6.475 -1.525 0.0000e+00
-6.475 -1.475 0.0000e+00
-6.475 -1.425 0.0000e+00
-6.475 -1.375 0.0000e+00
-6.475 -1.325 0.0000e+00
-6.475 -1.275 0.0000e+00
-6.475 -1.225 0.0000e+00
-6.475 -1.175 0.0000e+00
-6.475 -1.125 0.0000e+00
-6.475 -1.075 0.0000e+00
-6.475 -1.025 0.0000e+00
-6.475 -0.975 0.0000e+00
-6.475 -0.925 0.0000e+00
-6.475 -0.875 0.0000e+00
-6.475 -0.825 0.0000e+00
-6.475 -0.775 0.0000e+00
-6.475 -0.725 0.0000e+00
-6.475 -0.675 0.0000e+00
-6.475 -0.625 0.0000e+00
-6.475 -0.575 0.0000e+00
-6.475 -0.525 0.0000e+00
-6.475 -0.475 0.0000e+00
-6.475 -0.425 0.0000e+00
-6.475 -0.375 0.0000e+00
-6.475 -0.325 0.0000e+00
-6.475 -0.275 0.0000e+00
-6.475 -0.225 0.0000e+00
-6.475 -0.175 0.0000e+00
-6.475 -0.125 0.0000e+00
-6.475 -0.075 0.0000e+00
-6.475 -0.025 0.0000e+00
-6.475 0.025 0.0000e+00
-6.475 0.075 0.0000e+00
-6.475 0.125 0.0000e+00
-6.475 0.175 0.0000e+00
-6.475 0.225 0.0000e+00
-6.475 0.275 0.0000e+00
-6.475 0.325 0.0000e+00
-6.475 0.375 0.0000e+00
-6.475 0.425 0.0000e+00
-6.475 0.475 0.0000e+00
-6.475 0.525 0.0000e+00
-6.475 0.575 0.0000e+00
-6.475 0.625 0.0000e+00
-6.475 0.675 5.0805e-16
-6.475 0.725 1.0140e-15
-6.475 0.775 2.0240e-15
-6.475 0.825 4.0400e-15
-6.475 0.875 8.0646e-15
-6.475 0.925 1.6099e-14
-6.475 0.975 3.2141e-14
-6.475 1.025 6.4170e-14
-6.475 1.075 1.2813e-13
-6.475 1.125 2.5585e-13
-6.475 1.175 5.1095e-13
-6.475 1.225 1.0205e-12
-6.475 1.275 2.0384e-12
-6.475 1.325 4.0721e-12
-6.475 1.375 8.1361e-12
-6.475 1.425 1.6258e-11
-6.475 1.475 3.2493e-11
-6.475 1.525 6.4953e-11
-6.475 1.575 1.2986e-10
-6.475 1.625 2.5969e-10
-6.475 1.675 5.1941e-10
-6.475 1.725 1.0391e-09
-6.475 1.775 2.0794e-09
-6.475 1.825 4.1620e-09
-6.475 1.875 8.3323e-09
-6.475 1.925 1.6685e-08
-6.475 1.975 3.3417e-08
-6.475 2.025 6.6940e-08
-6.475 2.075 1.3410e-07
-6.475 2.125 2.6866e-07
-6.475 2.175 5.3817e-07
-6.475 2.225 1.0777e-06
-6.475 2.275 2.1570e-06
-6.475 2.325 4.3134e-06
-6.475 2.375 8.6148e-06
-6.475 2.425 1.7174e-05
-6.475 2.475 3.4149e-05
-6.475 2.525 6.7670e-05
-6.475 2.575 1.3348e-04
-6.475 2.625 2.6169e-04
-6.475 2.675 5.0911e-04
-6.475 2.725 9.8083e-04
-6.475 2.775 1.8669e-03
-6.475 2.825 3.5023e-03
-6.475 2.875 6.4597e-03
-6.475 2.925 1.1690e-02
-6.475 2.975 2.0736e-02
-6.475 3.025 3.6076e-02
-6.475 3.075 6.1749e-02
-6.475 3.125 1.0462e-01
-6.475 3.175 1.7691e-01
-6.475 3.225 3.0113e-01
-6.475 3.275 5.1845e-01
-6.475 3.325 9.0114e-01
-6.475 3.375 1.5674e+00
-6.475 3.425 2.6929e+00
-6.475 3.475 4.5082e+00
-6.475 3.525 7.2699e+00
-6.475 3.575 1.1196e+01
-6.475 3.625 1.6372e+01
-6.475 3.675 2.2644e+01
-6.475 3.725 2.9523e+01
-6.475 3.775 3.6020e+01
-6.475 3.825 3.8615e+01
-6.475 3.875 0.0000e+00
-6.475 3.925 0.0000e+00
-6.475 3.975 0.0000e+00
-6.425 -1.975 0.0000e+00
-6.425 -1.925 0.0000e+00
-6.425 -1.875 0.0000e+00
-6.425 -1.825 0.0000e+00
-6.425 -1.775 0.0000e+00
-6.425 -1.725 0.0000e+00
-6.425 -1.675 0.0000e+00
-6.425 -1.625 0.0000e+00
-6.425 -1.575 0.0000e+00
-6.425 -1.525 0.0000e+00
-6.425 -1.475 0.0000e+00
-6.425 -1.425 0.0000e+00
-6.425 -1.375 0.0000e+00
-6.425 -1.325 0.0000e+00
-6.425 -1.275 0.0000e+00
-6.425 -1.225 0.0000e+00
-6.425 -1.175 0.0000e+00
-6.425 -1.125 0.0000e+00
-6.425 -1.075 0.0000e+00
-6.425 -1.025 0.0000e+00
-6.425 -0.975 0.0000e+00
-6.425 -0.925 0.0000e+00
-6.425 -0.875 0.0000e+00
-6.425 -0.825 0.0000e+00
-6.425 -0.775 0.0000e+00
-6.425 -0.725 0.0000e+00
-6.425 -0.675 0.0000e+00
-6.425 -0.625 0.0000e+00
-6.425 -0.575 0.0000e+00
-6.425 -0.525 0.0000e+00
-6.425 -0.475 0.0000e+00
-6.425 -0.425 0.0000e+00
-6.425 -0.375 0.0000e+00
-6.425 -0.325 0.0000e+00
-6.425 -0.275 0.0000e+00
-6.425 -0.225 0.0000e+00
-6.425 -0.175 0.0000e+00
-6.425 -0.125 0.0000e+00
-6.425 -0.075 0.0000e+00
-6.425 -0.025 0.0000e+00
-6.425 0.025 0.0000e+00
-6.425 0.075 0.0000e+00
-6.425 0.125 0.0000e+00
-6.425 0.175 0.0000e+00
-6.425 0.225 0.0000e+00
-6.425 0.275 0.0000e+00
-6.425 0.325 0.0000e+00
-6.425 0.375 0.0000e+00
-6.425 0.425 0.0000e+00
-6.425 0.475 0.0000e+00
-6.425 0.525 0.0000e+00
-6.425 0.575 0.0000e+00
-6.425 0.625 0.0000e+00
-6.425 0.675 6.3959e-16
-6.425 0.725 1.2766e-15
-6.425 0.775 2.5480e-15
-6.425 0.825 5.0861e-15
-6.425 0.875 1.0153e-14
-6.425 0.925 2.0268e-14
-6.425 0.975 4.0463e-14
-6.425 1.025 8.0786e-14
-6.425 1.075 1.6130e-13
-6.425 1.125 3.2210e-13
-6.425 1.175 6.4325e-13
-6.425 1.225 1.2847e-12
-6.425 1.275 2.5662e-12
-6.425 1.325 5.1265e-12
-6.425 1.375 1.0243e-11
-6.425 1.425 2.0468e-11
-6.425 1.475 4.0907e-11
-6.425 1.525 8.1771e-11
-6.425 1.575 1.6349e-10
-6.425 1.625 3.2693e-10
-6.425 1.675 6.5390e-10
-6.425 1.725 1.3082e-09
-6.425 1.775 2.6178e-09
-6.425 1.825 5.2396e-09
-6.425 1.875 1.0490e-08
-6.425 1.925 2.1005e-08
-6.425 1.975 4.2070e-08
-6.425 2.025 8.4273e-08
-6.425 2.075 1.6883e-07
-6.425 2.125 3.3823e-07
-6.425 2.175 6.7751e-07
-6.425 2.225 1.3567e-06
-6.425 2.275 2.7155e-06
-6.425 2.325 5.4303e-06
-6.425 2.375 1.0845e-05
-6.425 2.425 2.1621e-05
-6.425 2.475 4.2991e-05
-6.425 2.525 8.5191e-05
-6.425 2.575 1.6804e-04
-6.425 2.625 3.2945e-04
-6.425 2.675 6.4093e-04
-6.425 2.725 1.2348e-03
-6.425 2.775 2.3503e-03
-6.425 2.825 4.4092e-03
-6.425 2.875 8.1323e-03
-6.425 2.925 1.4717e-02
-6.425 2.975 2.6106e-02
-6.425 3.025 4.5417e-02
-6.425 3.075 7.7738e-02
-6.425 3.125 1.3170e-01
-6.425 3.175 2.2272e-01
-6.425 3.225 3.7910e-01
-6.425 3.275 6.5269e-01
-6.425 3.325 1.1345e+00
-6.425 3.375 1.9732e+00
-6.425 3.425 3.3901e+00
-6.425 3.475 5.6755e+00
-6.425 3.525 9.1522e+00
-6.425 3.575 1.4095e+01
-6.425 3.625 2.0611e+01
-6.425 3.675 2.8508e+01
-6.425 3.725 3.7167e+01
-6.425 3.775 4.5347e+01
-6.425 3.825 4.8614e+01
-6.425 3.875 0.0000e+00
-6.425 3.925 0.0000e+00
-6.425 3.975 0.0000e+00
-6.375 -1.975 0.0000e+00
-6.375 -1.925 0.0000e+00
-6.375 -1.875 0.0000e+00
-6.375 -1.825 0.0000e+00
-6.375 -1.775 0.0000e+00
-6.375 -1.725 0.0000e+00
-6.375 -1.675 0.0000e+00
-6.375 -1.625 0.0000e+00
-6.375 -1.575 0.0000e+00
-6.375 -1.525 0.0000e+00
-6.375 -1.475 0.0000e+00
-6.375 -1.425 0.0000e+00
-6.375 -1.375 0.0000e+00
-6.375 -1.325 0.0000e+00
-6.375 -1.275 0.0000e+00
-6.375 -1.225 0.0000e+00
-6.375 -1.175 0.0000e+00
-6.375 -1.125 0.0000e+00
-6.375 -1.075 0.0000e+00
-6.375 -1.025 0.0000e+00
-6.375 -0.975 0.0000e+00
-6.375 -0.925 0.0000e+00
-6.375 -0.875 0.0000e+00
-6.375 -0.825 0.0000e+00
-6.375 -0.775 0.0000e+00
-6.375 -0.725 0.0000e+00
-6.375 -0.675 0.0000e+00
-6.375 -0.625 0.0000e+00
-6.375 -0.575 0.0000e+00
-6.375 -0.525 0.0000e+00
-6.375 -0.475 0.0000e+00
-6.375 -0.425 0.0000e+00
-6.375 -0.375 0.0000e+00
-6.375 -0.325 0.0000e+00
-6.375 -0.275 0.0000e+00
-6.375 -0.225 0.0000e+00
-6.375 -0.175 0.0000e+00
-6.375 -0.125 0.0000e+00
-6.375 -0.075 0.0000e+00
-6.375 -0.025 0.0000e+00
-6.375 0.025 0.0000e+00
-6.375 0.075 0.0000e+00
-6.375 0.125 0.0000e+00
-6.375 0.175 0.0000e+00
-6.375 0.225 0.0000e+00
-6.375 0.275 0.0000e+00
-6.375 0.325 0.0000e+00
-6.375 0.375 0.0000e+00
-6.375 0.425 0.0000e+00
-6.375 0.475 0.0000e+00
-6.375 0.525 0.0000e+00
-6.375 0.575 0.0000e+00
-6.375 0.625 0.0000e+00
-6.375 0.675 8.0520e-16
-6.375 0.725 1.6071e-15
-6.375 0.775 3.2078e-15
-6.375 0.825 6.4030e-15
-6.375 0.875 1.2782e-14
-6.375 0.925 2.5516e-14
-6.375 0.975 5.0940e-14
-6.375 1.025 1.0170e-13
-6.375 1.075 2.0307e-13
-6.375 1.125 4.0550e-13
-6.375 1.175 8.0980e-13
-6.375 1.225 1.6174e-12
-6.375 1.275 3.2306e-12
-6.375 1.325 6.4539e-12
-6.375 1.375 1.2895e-11
-6.375 1.425 2.5767e-11
-6.375 1.475 5.1499e-11
-6.375 1.525 1.0294e-10
-6.375 1.575 2.0582e-10
-6.375 1.625 4.1158e-10
-6.375 1.675 8.2322e-10
-6.375 1.725 1.6469e-09
-6.375 1.775 3.2956e-09
-6.375 1.825 6.5963e-09
-6.375 1.875 1.3206e-08
-6.375 1.925 2.6444e-08
-6.375 1.975 5.2963e-08
-6.375 2.025 1.0609e-07
-6.375 2.075 2.1254e-07
-6.375 2.125 4.2580e-07
-6.375 2.175 8.5294e-07
-6.375 2.225 1.7080e-06
-6.375 2.275 3.4186e-06
-6.375 2.325 6.8363e-06
-6.375 2.375 1.3654e-05
-6.375 2.425 2.7219e-05
-6.375 2.475 5.4123e-05
-6.375 2.525 1.0725e-04
-6.375 2.575 2.1154e-04
-6.375 2.625 4.1475e-04
-6.375 2.675 8.0689e-04
-6.375 2.725 1.5545e-03
-6.375 2.775 2.9589e-03
-6.375 2.825 5.5508e-03
-6.375 2.875 1.0238e-02
-6.375 2.925 1.8528e-02
-6.375 2.975 3.2865e-02
-6.375 3.025 5.7176e-02
-6.375 3.075 9.7866e-02
-6.375 3.125 1.6581e-01
-6.375 3.175 2.8038e-01
-6.375 3.225 4.7726e-01
-6.375 3.275 8.2168e-01
-6.375 3.325 1.4282e+00
-6.375 3.375 2.4842e+00
-6.375 3.425 4.2679e+00
-6.375 3.475 7.1450e+00
-6.375 3.525 1.1522e+01
-6.375 3.575 1.7744e+01
-6.375 3.625 2.5948e+01
-6.375 3.675 3.5889e+01
-6.375 3.725 4.6790e+01
-6.375 3.775 5.7088e+01
-6.375 3.825 6.1201e+01
-6.375 3.875 0.0000e+00
-6.375 3.925 0.0000e+00
-6.375 3.975 0.0000e+00
-6.325 -1.975 0.0000e+00
-6.325 -1.925 0.0000e+00
-6.325 -1.875 0.0000e+00
-6.325 -1.825 0.0000e+00
-6.325 -1.775 0.0000e+00
-6.325 -1.725 0.0000e+00
-6.325 -1.675 0.0000e+00
-6.325 -1.625 0.0000e+00
-6.325 -1.575 0.0000e+00
-6.325 -1.525 0.0000e+00
-6.325 -1.475 0.0000e+00
-6.325 -1.425 0.0000e+00
-6.325 -1.375 0.0000e+00
-6.325 -1.325 0.0000e+00
-6.325 -1.275 0.0000e+00
-6.325 -1.225 0.0000e+00
-6.325 -1.175 0.0000e+00
-6.325 -1.125 0.0000e+00
-6.325 -1.075 0.0000e+00
-6.325 -1.025 0.0000e+00
-6.325 -0.975 0.0000e+00
-6.325 -0.925 0.0000e+00
-6.325 -0.875 0.0000e+00
-6.325 -0.825 0.0000e+00
-6.325 -0.775 0.0000e+00
-6.325 -0.725 0.0000e+00
-6.325 -0.675 0.0000e+00
-6.325 -0.625 0.0000e+00
-6.325 -0.575 0.0000e+00
-6.325 -0.525 0.0000e+00
-6.325 -0.475 0.0000e+00
-6.325 -0.425 0.0000e+00
-6.325 -0.375 0.0000e+00
-6.325 -0.325 0.0000e+00
-6.325 -0.275 0.0000e+00
-6.325 -0.225 0.0000e+00
-6.325 -0.175 0.0000e+00
-6.325 -0.125 0.0000e+00
-6.325 -0.075 0.0000e+00
-6.325 -0.025 0.0000e+00
-6.325 0.025 0.0000e+00
-6.325 0.075 0.0000e+00
-6.325 0.125 0.0000e+00
-6.325 0.175 0.0000e+00
-6.325 0.225 0.0000e+00
-6.325 0.275 0.0000e+00
-6.325 0.325 0.0000e+00
-6.325 0.375 0.0000e+00
-6.325 0.425 0.0000e+00
-6.325 0.475 0.0000e+00
-6.325 0.525 0.0000e+00
-6.325 0.575 0.0000e+00
-6.325 0.625 0.0000e+00
-6.325 0.675 1.0137e-15
-6.325 0.725 2.0232e-15
-6.325 0.775 4.0384e-15
-6.325 0.825 8.0609e-15
-6.325 0.875 1.6091e-14
-6.325 0.925 3.2122e-14
-6.325 0.975 6.4129e-14
-6.325 1.025 1.2804e-13
-6.325 1.075 2.5565e-13
-6.325 1.125 5.1050e-13
-6.325 1.175 1.0195e-12
-6.325 1.225 2.0362e-12
-6.325 1.275 4.0671e-12
-6.325 1.325 8.1250e-12
-6.325 1.375 1.6234e-11
-6.325 1.425 3.2439e-11
-6.325 1.475 6.4833e-11
-6.325 1.525 1.2960e-10
-6.325 1.575 2.5911e-10
-6.325 1.625 5.1814e-10
-6.325 1.675 1.0364e-09
-6.325 1.725 2.0734e-09
-6.325 1.775 4.1489e-09
-6.325 1.825 8.3042e-09
-6.325 1.875 1.6625e-08
-6.325 1.925 3.3291e-08
-6.325 1.975 6.6676e-08
-6.325 2.025 1.3356e-07
-6.325 2.075 2.6757e-07
-6.325 2.125 5.3605e-07
-6.325 2.175 1.0738e-06
-6.325 2.225 2.1503e-06
-6.325 2.275 4.3037e-06
-6.325 2.325 8.6064e-06
-6.325 2.375 1.7189e-05
-6.325 2.425 3.4266e-05
-6.325 2.475 6.8137e-05
-6.325 2.525 1.3502e-04
-6.325 2.575 2.6632e-04
-6.325 2.625 5.2214e-04
-6.325 2.675 1.0158e-03
-6.325 2.725 1.9570e-03
-6.325 2.775 3.7250e-03
-6.325 2.825 6.9880e-03
-6.325 2.875 1.2889e-02
-6.325 2.925 2.3325e-02
-6.325 2.975 4.1374e-02
-6.325 3.025 7.1981e-02
-6.325 3.075 1.2321e-01
-6.325 3.125 2.0874e-01
-6.325 3.175 3.5298e-01
-6.325 3.225 6.0084e-01
-6.325 3.275 1.0344e+00
-6.325 3.325 1.7980e+00
-6.325 3.375 3.1274e+00
-6.325 3.425 5.3730e+00
-6.325 3.475 8.9950e+00
-6.325 3.525 1.4505e+01
-6.325 3.575 2.2339e+01
-6.325 3.625 3.2666e+01
-6.325 3.675 4.5181e+01
-6.325 3.725 5.8905e+01
-6.325 3.775 7.1869e+01
-6.325 3.825 7.7047e+01
-6.325 3.875 0.0000e+00
-6.325 3.925 0.0000e+00
-6.325 3.975 0.0000e+00
-6.275 -1.975 0.0000e+00
-6.275 -1.925 0.0000e+00
-6.275 -1.875 0.0000e+00
-6.275 -1.825 0.0000e+00
-6.275 -1.775 0.0000e+00
-6.275 -1.725 0.0000e+00
-6.275 -1.675 0.0000e+00
-6.275 -1.625 0.0000e+00
-6.275 -1.575 0.0000e+00
-6.275 -1.525 0.0000e+00
-6.275 -1.475 0.0000e+00
-6.275 -1.425 0.0000e+00
-6.275 -1.375 0.0000e+00
-6.275 -1.325 0.0000e+00
-6.275 -1.275 0.0000e+00
-6.275 -1.225 0.0000e+00
-6.275 -1.175 0.0000e+00
-6.275 -1.125 0.0000e+00
-6.275 -1.075 0.0000e+00
-6.275 -1.025 0.0000e+00
-6.275 -0.975 0.0000e+00
-6.275 -0.925 0.0000e+00
-6.275 -0.875 0.0000e+00
-6.275 -0.825 0.0000e+00
-6.275 -0.775 0.0000e+00
-6.275 -0.725 0.0000e+00
-6.275 -0.675 0.0000e+00
-6.275 -0.625 0.0000e+00
-6.275 -0.575 0.0000e+00
-6.275 -0.525 0.0000e+00
-6.275 -0.475 0.0000e+00
-6.275 -0.425 0.0000e+00
-6.275 -0.375 0.0000e+00
-6.275 -0.325 0.0000e+00
-6.275 -0.275 0.0000e+00
-6.275 -0.225 0.0000e+00
-6.275 -0.175 0.0000e+00
-6.275 -0.125 0.0000e+00
-6.275 -0.075 0.0000e+00
-6.275 -0.025 0.0000e+00
-6.275 0.025 0.0000e+00
-6.275 0.075 0.0000e+00
-6.275 0.125 0.0000e+00
-6.275 0.175 0.0000e+00
-6.275 0.225 0.0000e+00
-6.275 0.275 0.0000e+00
-6.275 0.325 0.0000e+00
-6.275 0.375 0.0000e+00
-6.275 0.425 0.0000e+00
-6.275 0.475 0.0000e+00
-6.275 0.525 0.0000e+00
-6.275 0.575 0.0000e+00
-6.275 0.625 0.0000e+00
-6.275 0.675 1.2762e-15
-6.275 0.725 2.5471e-15
-6.275 0.775 5.0840e-15
-6.275 0.825 1.0148e-14
-6.275 0.875 2.0257e-14
-6.275 0.925 4.0440e-14
-6.275 0.975 8.0734e-14
-6.275 1.025 1.6119e-13
-6.275 1.075 3.2184e-13
-6.275 1.125 6.4268e-13
-6.275 1.175 1.2835e-12
-6.275 1.225 2.5634e-12
-6.275 1.275 5.1202e-12
-6.275 1.325 1.0229e-11
-6.275 1.375 2.0437e-11
-6.275 1.425 4.0838e-11
-6.275 1.475 8.1620e-11
-6.275 1.525 1.6315e-10
-6.275 1.575 3.2620e-10
-6.275 1.625 6.5230e-10
-6.275 1.675 1.3047e-09
-6.275 1.725 2.6102e-09
-6.275 1.775 5.2232e-09
-6.275 1.825 1.0454e-08
-6.275 1.875 2.0930e-08
-6.275 1.925 4.1911e-08
-6.275 1.975 8.3940e-08
-6.275 2.025 1.6815e-07
-6.275 2.075 3.3686e-07
-6.275 2.125 6.7485e-07
-6.275 2.175 1.3518e-06
-6.275 2.225 2.7071e-06
-6.275 2.275 5.4181e-06
-6.275 2.325 1.0835e-05
-6.275 2.375 2.1639e-05
-6.275 2.425 4.3139e-05
-6.275 2.475 8.5779e-05
-6.275 2.525 1.6998e-04
-6.275 2.575 3.3527e-04
-6.275 2.625 6.5734e-04
-6.275 2.675 1.2788e-03
-6.275 2.725 2.4637e-03
-6.275 2.775 4.6896e-03
-6.275 2.825 8.7974e-03
-6.275 2.875 1.6226e-02
-6.275 2.925 2.9365e-02
-6.275 2.975 5.2087e-02
-6.275 3.025 9.0619e-02
-6.275 3.075 1.5511e-01
-6.275 3.125 2.6279e-01
-6.275 3.175 4.4438e-01
-6.275 3.225 7.5641e-01
-6.275 3.275 1.3023e+00
-6.275 3.325 2.2636e+00
-6.275 3.375 3.9372e+00
-6.275 3.425 6.7642e+00
-6.275 3.475 1.1324e+01
-6.275 3.525 1.8261e+01
-6.275 3.575 2.8123e+01
-6.275 3.625 4.1124e+01
-6.275 3.675 5.6880e+01
-6.275 3.725 7.4157e+01
-6.275 3.775 9.0478e+01
-6.275 3.825 9.6996e+01
-6.275 3.875 0.0000e+00
-6.275 3.925 0.0000e+00
-6.275 3.975 0.0000e+00
-6.225 -1.975 0.0000e+00
-6.225 -1.925 0.0000e+00
-6.225 -1.875 0.0000e+00
-6.225 -1.825 0.0000e+00
-6.225 -1.775 0.0000e+00
-6.225 -1.725 0.0000e+00
-6.225 -1.675 0.0000e+00
-6.225 -1.625 0.0000e+00
-6.225 -1.575 0.0000e+00
-6.225 -1.525 0.0000e+00
-6.225 -1.475 0.0000e+00
-6.225 -1.425 0.0000e+00
-6.225 -1.375 0.0000e+00
-6.225 -1.325 0.0000e+00
-6.225 -1.275 0.0000e+00
-6.225 -1.225 0.0000e+00
-6.225 -1.175 0.0000e+00
-6.225 -1.125 0.0000e+00
-6.225 -1.075 0.0000e+00
-6.225 -1.025 0.0000e+00
-6.225 -0.975 0.0000e+00
-6.225 -0.925 0.0000e+00
-6.225 -0.875 0.0000e+00
-6.225 -0.825 0.0000e+00
-6.225 -0.775 0.0000e+00
-6.225 -0.725 0.0000e+00
-6.225 -0.675 0.0000e+00
-6.225 -0.625 0.0000e+00
-6.225 -0.575 0.0000e+00
-6.225 -0.525 0.0000e+00
-6.225 -0.475 0.0000e+00
-6.225 -0.425 0.0000e+00
-6.225 -0.375 0.0000e+00
-6.225 -0.325 0.0000e+00
-6.225 -0.275 0.0000e+00
-6.225 -0.225 0.0000e+00
-6.225 -0.175 0.0000e+00
-6.225 -0.125 0.0000e+00
-6.225 -0.075 0.0000e+00
-6.225 -0.025 0.0000e+00
-6.225 0.025 0.0000e+00
-6.225 0.075 0.0000e+00
-6.225 0.125 0.0000e+00
-6.225 0.175 0.0000e+00
-6.225 0.225 0.0000e+00
-6.225 0.275 0.0000e+00
-6.225 0.325 0.0000e+00
-6.225 0.375 0.0000e+00
-6.225 0.425 0.0000e+00
-6.225 0.475 0.0000e+00
-6.225 0.525 0.0000e+00
-6.225 0.575 0.0000e+00
-6.225 0.625 0.0000e+00
-6.225 0.675 1.6066e-15
-6.225 0.725 3.2066e-15
-6.225 0.775 6.4004e-15
-6.225 0.825 1.2776e-14
-6.225 0.875 2.5503e-14
-6.225 0.925 5.0910e-14
-6.225 0.975 1.0164e-13
-6.225 1.025 2.0292e-13
-6.225 1.075 4.0518e-13
-6.225 1.125 8.0908e-13
-6.225 1.175 1.6158e-12
-6.225 1.225 3.2271e-12
-6.225 1.275 6.4460e-12
-6.225 1.325 1.2877e-11
-6.225 1.375 2.5728e-11
-6.225 1.425 5.1413e-11
-6.225 1.475 1.0275e-10
-6.225 1.525 2.0540e-10
-6.225 1.575 4.1066e-10
-6.225 1.625 8.2120e-10
-6.225 1.675 1.6425e-09
-6.225 1.725 3.2861e-09
-6.225 1.775 6.5756e-09
-6.225 1.825 1.3161e-08
-6.225 1.875 2.6349e-08
-6.225 1.925 5.2762e-08
-6.225 1.975 1.0567e-07
-6.225 2.025 2.1168e-07
-6.225 2.075 4.2408e-07
-6.225 2.125 8.4958e-07
-6.225 2.175 1.7018e-06
-6.225 2.225 3.4080e-06
-6.225 2.275 6.8210e-06
-6.225 2.325 1.3640e-05
-6.225 2.375 2.7242e-05
-6.225 2.425 5.4308e-05
-6.225 2.475 1.0799e-04
-6.225 2.525 2.1399e-04
-6.225 2.575 4.2209e-04
-6.225 2.625 8.2754e-04
-6.225 2.675 1.6100e-03
-6.225 2.725 3.1017e-03
-6.225 2.775 5.9038e-03
-6.225 2.825 1.1075e-02
-6.225 2.875 2.0427e-02
-6.225 2.925 3.6968e-02
-6.225 2.975 6.5574e-02
-6.225 3.025 1.1408e-01
-6.225 3.075 1.9527e-01
-6.225 3.125 3.3083e-01
-6.225 3.175 5.5944e-01
-6.225 3.225 9.5227e-01
-6.225 3.275 1.6395e+00
-6.225 3.325 2.8497e+00
-6.225 3.375 4.9566e+00
-6.225 3.425 8.5156e+00
-6.225 3.475 1.4256e+01
-6.225 3.525 2.2989e+01
-6.225 3.575 3.5405e+01
-6.225 3.625 5.1772e+01
-6.225 3.675 7.1607e+01
-6.225 3.725 9.3358e+01
-6.225 3.775 1.1390e+02
-6.225 3.825 1.2211e+02
-6.225 3.875 0.0000e+00
-6.225 3.925 0.0000e+00
-6.225 3.975 0.0000e+00
-6.175 -1.975 0.0000e+00
-6.175 -1.925 0.0000e+00
-6.175 -1.875 0.0000e+00
-6.175 -1.825 0.0000e+00
-6.175 -1.775 0.0000e+00
-6.175 -1.725 0.0000e+00
-6.175 -1.675 0.0000e+00
-6.175 -1.625 0.0000e+00
-6.175 -1.575 0.0000e+00
-6.175 -1.525 0.0000e+00
-6.175 -1.475 0.0000e+00
-6.175 -1.425 0.0000e+00
-6.175 -1.375 0.0000e+00
-6.175 -1.325 0.0000e+00
-6.175 -1.275 0.0000e+00
-6.175 -1.225 0.0000e+00
-6.175 -1.175 0.0000e+00
-6.175 -1.125 0.0000e+00
-6.175 -1.075 0.0000e+00
-6.175 -1.025 0.0000e+00
-6.175 -0.975 0.0000e+00
-6.175 -0.925 0.0000e+00
-6.175 -0.875 0.0000e+00
-6.175 -0.825 0.0000e+00
-6.175 -0.775 0.0000e+00
-6.175 -0.725 0.0000e+00
-6.175 -0.675 0.0000e+00
-6.175 -0.625 0.0000e+00
-6.175 -0.575 0.0000e+00
-6.175 -0.525 0.0000e+00
-6.175 -0.475 0.0000e+00
-6.175 -0.425 0.0000e+00
-6.175 -0.375 0.0000e+00
-6.175 -0.325 0.0000e+00
-6.175 -0.275 0.0000e+00
-6.175 -0.225 0.0000e+00
-6.175 -0.175 0.0000e+00
-6.175 -0.125 0.0000e+00
-6.175 -0.075 0.0000e+00
-6.175 -0.025 0.0000e+00
-6.175 0.025 0.0000e+00
-6.175 0.075 0.0000e+00
-6.175 0.125 0.0000e+00
-6.175 0.175 0.0000e+00
-6.175 0.225 0.0000e+00
-6.175 0.275 0.0000e+00
-6.175 0.325 0.0000e+00
-6.175 0.375 0.0000e+00
-6.175 0.425 0.0000e+00
-6.175 0.475 0.0000e+00
-6.175 0.525 0.0000e+00
-6.175 0.575 0.0000e+00
-6.175 0.625 0.0000e+00
-6.175 0.675 2.0226e-15
-6.175 0.725 4.0369e-15
-6.175 0.775 8.0576e-15
-6.175 0.825 1.6084e-14
-6.175 0.875 3.2106e-14
-6.175 0.925 6.4092e-14
-6.175 0.975 1.2795e-13
-6.175 1.025 2.5547e-13
-6.175 1.075 5.1009e-13
-6.175 1.125 1.0186e-12
-6.175 1.175 2.0341e-12
-6.175 1.225 4.0627e-12
-6.175 1.275 8.1150e-12
-6.175 1.325 1.6211e-11
-6.175 1.375 3.2390e-11
-6.175 1.425 6.4725e-11
-6.175 1.475 1.2936e-10
-6.175 1.525 2.5858e-10
-6.175 1.575 5.1699e-10
-6.175 1.625 1.0338e-09
-6.175 1.675 2.0678e-09
-6.175 1.725 4.1369e-09
-6.175 1.775 8.2782e-09
-6.175 1.825 1.6569e-08
-6.175 1.875 3.3171e-08
-6.175 1.925 6.6424e-08
-6.175 1.975 1.3304e-07
-6.175 2.025 2.6649e-07
-6.175 2.075 5.3388e-07
-6.175 2.125 1.0696e-06
-6.175 2.175 2.1425e-06
-6.175 2.225 4.2904e-06
-6.175 2.275 8.5871e-06
-6.175 2.325 1.7172e-05
-6.175 2.375 3.4296e-05
-6.175 2.425 6.8370e-05
-6.175 2.475 1.3595e-04
-6.175 2.525 2.6940e-04
-6.175 2.575 5.3137e-04
-6.175 2.625 1.0418e-03
-6.175 2.675 2.0268e-03
-6.175 2.725 3.9048e-03
-6.175 2.775 7.4324e-03
-6.175 2.825 1.3943e-02
-6.175 2.875 2.5717e-02
-6.175 2.925 4.6540e-02
-6.175 2.975 8.2553e-02
-6.175 3.025 1.4362e-01
-6.175 3.075 2.4583e-01
-6.175 3.125 4.1649e-01
-6.175 3.175 7.0430e-01
-6.175 3.225 1.1988e+00
-6.175 3.275 2.0640e+00
-6.175 3.325 3.5875e+00
-6.175 3.375 6.2400e+00
-6.175 3.425 1.0721e+01
-6.175 3.475 1.7947e+01
-6.175 3.525 2.8942e+01
-6.175 3.575 4.4572e+01
-6.175 3.625 6.5177e+01
-6.175 3.675 9.0147e+01
-6.175 3.725 1.1753e+02
-6.175 3.775 1.4340e+02
-6.175 3.825 1.5373e+02
-6.175 3.875 0.0000e+00
-6.175 3.925 0.0000e+00
-6.175 3.975 0.0000e+00
-6.125 -1.975 0.0000e+00
-6.125 -1.925 0.0000e+00
-6.125 -1.875 0.0000e+00
-6.125 -1.825 0.0000e+00
-6.125 -1.775 0.0000e+00
-6.125 -1.725 0.0000e+00
-6.125 -1.675 0.0000e+00
-6.125 -1.625 0.0000e+00
-6.125 -1.575 0.0000e+00
-6.125 -1.525 0.0000e+00
-6.125 -1.475 0.0000e+00
-6.125 -1.425 0.0000e+00
-6.125 -1.375 0.0000e+00
-6.125 -1.325 0.0000e+00
-6.125 -1.275 0.0000e+00
-6.125 -1.225 0.0000e+00
-6.125 -1.175 0.0000e+00
-6.125 -1.125 0.0000e+00
-6.125 -1.075 0.0000e+00
-6.125 -1.025 0.0000e+00
-6.125 -0.975 0.0000e+00
-6.125 -0.925 0.0000e+00
-6.125 -0.875 0.0000e+00
-6.125 -0.825 0.0000e+00
-6.125 -0.775 0.0000e+00
-6.125 -0.725 0.0000e+00
-6.125 -0.675 0.0000e+00
-6.125 -0.625 0.0000e+00
-6.125 -0.575 0.0000e+00
-6.125 -0.525 0.0000e+00
-6.125 -0.475 0.0000e+00
-6.125 -0.425 0.0000e+00
-6.125 -0.375 0.0000e+00
-6.125 -0.325 0.0000e+00
-6.125 -0.275 0.0000e+00
-6.125 -0.225 0.0000e+00
-6.125 -0.175 0.0000e+00
-6.125 -0.125 0.0000e+00
-6.125 -0.075 0.0000e+00
-6.125 -0.025 0.0000e+00
-6.125 0.025 0.0000e+00
-6.125 0.075 0.0000e+00
-6.125 0.125 0.0000e+00
-6.125 0.175 0.0000e+00
-6.125 0.225 0.0000e+00
-6.125 0.275 0.0000e+00
-6.125 0.325 0.0000e+00
-6.125 0.375 0.0000e+00
-6.125 0.425 0.0000e+00
-6.125 0.475 0.0000e+00
-6.125 0.525 0.0000e+00
-6.125 0.575 0.0000e+00
-6.125 0.625 0.0000e+00
-6.125 0.675 2.5463e-15
-6.125 0.725 5.0821e-15
-6.125 0.775 1.0144e-14
-6.125 0.825 2.0248e-14
-6.125 0.875 4.0419e-14
-6.125 0.925 8.0687e-14
-6.125 0.975 1.6109e-13
-6.125 1.025 3.2161e-13
-6.125 1.075 6.4216e-13
-6.125 1.125 1.2823e-12
-6.125 1.175 2.5608e-12
-6.125 1.225 5.1146e-12
-6.125 1.275 1.0216e-11
-6.125 1.325 2.0409e-11
-6.125 1.375 4.0777e-11
-6.125 1.425 8.1484e-11
-6.125 1.475 1.6285e-10
-6.125 1.525 3.2553e-10
-6.125 1.575 6.5085e-10
-6.125 1.625 1.3015e-09
-6.125 1.675 2.6032e-09
-6.125 1.725 5.2080e-09
-6.125 1.775 1.0422e-08
-6.125 1.825 2.0859e-08
-6.125 1.875 4.1760e-08
-6.125 1.925 8.3623e-08
-6.125 1.975 1.6748e-07
-6.125 2.025 3.3550e-07
-6.125 2.075 6.7212e-07
-6.125 2.125 1.3465e-06
-6.125 2.175 2.6972e-06
-6.125 2.225 5.4013e-06
-6.125 2.275 1.0811e-05
-6.125 2.325 2.1618e-05
-6.125 2.375 4.3176e-05
-6.125 2.425 8.6073e-05
-6.125 2.475 1.7115e-04
-6.125 2.525 3.3915e-04
-6.125 2.575 6.6896e-04
-6.125 2.625 1.3116e-03
-6.125 2.675 2.5516e-03
-6.125 2.725 4.9158e-03
-6.125 2.775 9.3569e-03
-6.125 2.825 1.7553e-02
-6.125 2.875 3.2375e-02
-6.125 2.925 5.8590e-02
-6.125 2.975 1.0393e-01
-6.125 3.025 1.8081e-01
-6.125 3.075 3.0948e-01
-6.125 3.125 5.2433e-01
-6.125 3.175 8.8667e-01
-6.125 3.225 1.5093e+00
-6.125 3.275 2.5984e+00
-6.125 3.325 4.5165e+00
-6.125 3.375 7.8557e+00
-6.125 3.425 1.3496e+01
-6.125 3.475 2.2594e+01
-6.125 3.525 3.6435e+01
-6.125 3.575 5.6112e+01
-6.125 3.625 8.2052e+01
-6.125 3.675 1.1349e+02
-6.125 3.725 1.4796e+02
-6.125 3.775 1.8052e+02
-6.125 3.825 1.9353e+02
-6.125 3.875 0.0000e+00
-6.125 3.925 0.0000e+00
-6.125 3.975 0.0000e+00
-6.075 -1.975 0.0000e+00
-6.075 -1.925 0.0000e+00
-6.075 -1.875 0.0000e+00
-6.075 -1.825 0.0000e+00
-6.075 -1.775 0.0000e+00
-6.075 -1.725 0.0000e+00
-6.075 -1.675 0.0000e+00
-6.075 -1.625 0.0000e+00
-6.075 -1.575 0.0000e+00
-6.075 -1.525 0.0000e+00
-6.075 -1.475 0.0000e+00
-6.075 -1.425 0.0000e+00
-6.075 -1.375 0.0000e+00
-6.075 -1.325 0.0000e+00
-6.075 -1.275 0.0000e+00
-6.075 -1.225 0.0000e+00
-6.075 -1.175 0.0000e+00
-6.075 -1.125 0.0000e+00
-6.075 -1.075 0.0000e+00
-6.075 -1.025 0.0000e+00
-6.075 -0.975 0.0000e+00
-6.075 -0.925 0.0000e+00
-6.075 -0.875 0.0000e+00
-6.075 -0.825 0.0000e+00
-6.075 -0.775 0.0000e+00
-6.075 -0.725 0.0000e+00
-6.075 -0.675 0.0000e+00
-6.075 -0.625 0.0000e+00
-6.075 -0.575 0.0000e+00
-6.075 -0.525 0.0000e+00
-6.075 -0.475 0.0000e+00
-6.075 -0.425 0.0000e+00
-6.075 -0.375 0.0000e+00
-6.075 -0.325 0.0000e+00
-6.075 -0.275 0.0000e+00
-6.075 -0.225 0.0000e+00
-6.075 -0.175 0.0000e+00
-6.075 -0.125 0.0000e+00
-6.075 -0.075 0.0000e+00
-6.075 -0.025 0.0000e+00
-6.075 0.025 0.0000e+00
-6.075 0.075 0.0000e+00
-6.075 0.125 0.0000e+00
-6.075 0.175 0.0000e+00
-6.075 0.225 0.0000e+00
-6.075 0.275 0.0000e+00
-6.075 0.325 0.0000e+00
-6.075 0.375 0.0000e+00
-6.075 0.425 0.0000e+00
-6.075 0.475 0.0000e+00
-6.075 0.525 0.0000e+00
-6.075 0.575 0.0000e+00
-6.075 0.625 0.0000e+00
-6.075 0.675 3.2055e-15
-6.075 0.725 6.3980e-15
-6.075 0.775 1.2770e-14
-6.075 0.825 2.5491e-14
-6.075 0.875 5.0884e-14
-6.075 0.925 1.0158e-13
-6.075 0.975 2.0279e-13
-6.075 1.025 4.0489e-13
-6.075 1.075 8.0844e-13
-6.075 1.125 1.6143e-12
-6.075 1.175 3.2239e-12
-6.075 1.225 6.4389e-12
-6.075 1.275 1.2861e-11
-6.075 1.325 2.5693e-11
-6.075 1.375 5.1335e-11
-6.075 1.425 1.0258e-10
-6.075 1.475 2.0502e-10
-6.075 1.525 4.0982e-10
-6.075 1.575 8.1937e-10
-6.075 1.625 1.6385e-09
-6.075 1.675 3.2773e-09
-6.075 1.725 6.5565e-09
-6.075 1.775 1.3120e-08
-6.075 1.825 2.6260e-08
-6.075 1.875 5.2573e-08
-6.075 1.925 1.0527e-07
-6.075 1.975 2.1085e-07
-6.075 2.025 4.2236e-07
-6.075 2.075 8.4614e-07
-6.075 2.125 1.6951e-06
-6.075 2.175 3.3956e-06
-6.075 2.225 6.7998e-06
-6.075 2.275 1.3610e-05
-6.075 2.325 2.7216e-05
-6.075 2.375 5.4356e-05
-6.075 2.425 1.0836e-04
-6.075 2.475 2.1547e-04
-6.075 2.525 4.2697e-04
-6.075 2.575 8.4217e-04
-6.075 2.625 1.6512e-03
-6.075 2.675 3.2123e-03
-6.075 2.725 6.1886e-03
-6.075 2.775 1.1780e-02
-6.075 2.825 2.2098e-02
-6.075 2.875 4.0758e-02
-6.075 2.925 7.3761e-02
-6.075 2.975 1.3084e-01
-6.075 3.025 2.2763e-01
-6.075 3.075 3.8962e-01
-6.075 3.125 6.6009e-01
-6.075 3.175 1.1163e+00
-6.075 3.225 1.9000e+00
-6.075 3.275 3.2713e+00
-6.075 3.325 5.6859e+00
-6.075 3.375 9.8898e+00
-6.075 3.425 1.6991e+01
-6.075 3.475 2.8445e+01
-6.075 3.525 4.5869e+01
-6.075 3.575 7.0641e+01
-6.075 3.625 1.0330e+02
-6.075 3.675 1.4287e+02
-6.075 3.725 1.8627e+02
-6.075 3.775 2.2726e+02
-6.075 3.825 2.4363e+02
-6.075 3.875 0.0000e+00
-6.075 3.925 0.0000e+00
-6.075 3.975 0.0000e+00
-6.025 -1.975 0.0000e+00
-6.025 -1.925 0.0000e+00
-6.025 -1.875 0.0000e+00
-6.025 -1.825 0.0000e+00
-6.025 -1.775 0.0000e+00
-6.025 -1.725 0.0000e+00
-6.025 -1.675 0.0000e+00
-6.025 -1.625 0.0000e+00
-6.025 -1.575 0.0000e+00
-6.025 -1.525 0.0000e+00
-6.025 -1.475 0.0000e+00
-6.025 -1.425 0.0000e+00
-6.025 -1.375 0.0000e+00
-6.025 -1.325 0.0000e+00
-6.025 -1.275 0.0000e+00
-6.025 -1.225 0.0000e+00
-6.025 -1.175 0.0000e+00
-6.025 -1.125 0.0000e+00
-6.025 -1.075 0.0000e+00
-6.025 -1.025 0.0000e+00
-6.025 -0.975 0.0000e+00
-6.025 -0.925 0.0000e+00
-6.025 -0.875 0.0000e+00
-6.025 -0.825 0.0000e+00
-6.025 -0.775 0.0000e+00
-6.025 -0.725 0.0000e+00
-6.025 -0.675 0.0000e+00
-6.025 -0.625 0.0000e+00
-6.025 -0.575 0.0000e+00
-6.025 -0.525 0.0000e+00
-6.025 -0.475 0.0000e+00
-6.025 -0.425 0.0000e+00
-6.025 -0.375 0.0000e+00
-6.025 -0.325 0.0000e+00
-6.025 -0.275 0.0000e+00
-6.025 -0.225 0.0000e+00
-6.025 -0.175 0.0000e+00
-6.025 -0.125 0.0000e+00
-6.025 -0.075 0.0000e+00
-6.025 -0.025 0.0000e+00
-6.025 0.025 0.0000e+00
-6.025 0.075 0.0000e+00
-6.025 0.125 0.0000e+00
-6.025 0.175 0.0000e+00
-6.025 0.225 0.0000e+00
-6.025 0.275 0.0000e+00
-6.025 0.325 0.0000e+00
-6.025 0.375 0.0000e+00
-6.025 0.425 0.0000e+00
-6.025 0.475 0.0000e+00
-6.025 0.525 0.0000e+00
-6.025 0.575 0.0000e+00
-6.025 0.625 0.0000e+00
-6.025 0.675 4.0355e-15
-6.025 0.725 8.0546e-15
-6.025 0.775 1.6077e-14
-6.025 0.825 3.2091e-14
-6.025 0.875 6.4059e-14
-6.025 0.925 1.2788e-13
-6.025 0.975 2.5530e-13
-6.025 1.025 5.0972e-13
-6.025 1.075 1.0178e-12
-6.025 1.125 2.0323e-12
-6.025 1.175 4.0586e-12
-6.025 1.225 8.1061e-12
-6.025 1.275 1.6192e-11
-6.025 1.325 3.2346e-11
-6.025 1.375 6.4627e-11
-6.025 1.425 1.2914e-10
-6.025 1.475 2.5810e-10
-6.025 1.525 5.1594e-10
-6.025 1.575 1.0315e-09
-6.025 1.625 2.0628e-09
-6.025 1.675 4.1259e-09
-6.025 1.725 8.2542e-09
-6.025 1.775 1.6517e-08
-6.025 1.825 3.3060e-08
-6.025 1.875 6.6186e-08
-6.025 1.925 1.3253e-07
-6.025 1.975 2.6544e-07
-6.025 2.025 5.3172e-07
-6.025 2.075 1.0652e-06
-6.025 2.125 2.1341e-06
-6.025 2.175 4.2748e-06
-6.025 2.225 8.5605e-06
-6.025 2.275 1.7134e-05
-6.025 2.325 3.4263e-05
-6.025 2.375 6.8430e-05
-6.025 2.425 1.3642e-04
-6.025 2.475 2.7126e-04
-6.025 2.525 5.3752e-04
-6.025 2.575 1.0602e-03
-6.025 2.625 2.0787e-03
-6.025 2.675 4.0440e-03
-6.025 2.725 7.7910e-03
-6.025 2.775 1.4830e-02
-6.025 2.825 2.7820e-02
-6.025 2.875 5.1311e-02
-6.025 2.925 9.2859e-02
-6.025 2.975 1.6472e-01
-6.025 3.025 2.8656e-01
-6.025 3.075 4.9050e-01
-6.025 3.125 8.3101e-01
-6.025 3.175 1.4053e+00
-6.025 3.225 2.3920e+00
-6.025 3.275 4.1183e+00
-6.025 3.325 7.1582e+00
-6.025 3.375 1.2451e+01
-6.025 3.425 2.1390e+01
-6.025 3.475 3.5810e+01
-6.025 3.525 5.7746e+01
-6.025 3.575 8.8931e+01
-6.025 3.625 1.3004e+02
-6.025 3.675 1.7986e+02
-6.025 3.725 2.3449e+02
-6.025 3.775 2.8610e+02
-6.025 3.825 3.0671e+02
-6.025 3.875 0.0000e+00
-6.025 3.925 0.0000e+00
-6.025 3.975 0.0000e+00
-5.975 -1.975 0.0000e+00
-5.975 -1.925 0.0000e+00
-5.975 -1.875 0.0000e+00
-5.975 -1.825 0.0000e+00
-5.975 -1.775 0.0000e+00
-5.975 -1.725 0.0000e+00
-5.975 -1.675 0.0000e+00
-5.975 -1.625 0.0000e+00
-5.975 -1.575 0.0000e+00
-5.975 -1.525 0.0000e+00
-5.975 -1.475 0.0000e+00
-5.975 -1.425 0.0000e+00
-5.975 -1.375 0.0000e+00
-5.975 -1.325 0.0000e+00
-5.975 -1.275 0.0000e+00
-5.975 -1.225 0.0000e+00
-5.975 -1.175 0.0000e+00
-5.975 -1.125 0.0000e+00
-5.975 -1.075 0.0000e+00
-5.975 -1.025 0.0000e+00
-5.975 -0.975 0.0000e+00
-5.975 -0.925 0.0000e+00
-5.975 -0.875 0.0000e+00
-5.975 -0.825 0.0000e+00
-5.975 -0.775 0.0000e+00
-5.975 -0.725 0.0000e+00
-5.975 -0.675 0.0000e+00
-5.975 -0.625 0.0000e+00
-5.975 -0.575 0.0000e+00
-5.975 -0.525 0.0000e+00
-5.975 -0.475 0.0000e+00
-5.975 -0.425 0.0000e+00
-5.975 -0.375 0.0000e+00
-5.975 -0.325 0.0000e+00
-5.975 -0.275 0.0000e+00
-5.975 -0.225 0.0000e+00
-5.975 -0.175 0.0000e+00
-5.975 -0.125 0.0000e+00
-5.975 -0.075 0.0000e+00
-5.975 -0.025 0.0000e+00
-5.975 0.025 0.0000e+00
-5.975 0.075 0.0000e+00
-5.975 0.125 0.0000e+00
-5.975 0.175 0.0000e+00
-5.975 0.225 0.0000e+00
-5.975 0.275 0.0000e+00
-5.975 0.325 0.0000e+00
-5.975 0.375 0.0000e+00
-5.975 0.425 0.0000e+00
-5.975 0.475 0.0000e+00
-5.975 0.525 0.0000e+00
-5.975 0.575 0.0000e+00
-5.975 0.625 0.0000e+00
-5.975 0.675 5.0805e-15
-5.975 0.725 1.0140e-14
-5.975 0.775 2.0240e-14
-5.975 0.825 4.0400e-14
-5.975 0.875 8.0646e-14
-5.975 0.925 1.6099e-13
-5.975 0.975 3.2141e-13
-5.975 1.025 6.4170e-13
-5.975 1.075 1.2813e-12
-5.975 1.125 2.5585e-12
-5.975 1.175 5.1095e-12
-5.975 1.225 1.0205e-11
-5.975 1.275 2.0384e-11
-5.975 1.325 4.0721e-11
-5.975 1.375 8.1361e-11
-5.975 1.425 1.6258e-10
-5.975 1.475 3.2493e-10
-5.975 1.525 6.4953e-10
-5.975 1.575 1.2986e-09
-5.975 1.625 2.5969e-09
-5.975 1.675 5.1941e-09
-5.975 1.725 1.0391e-08
-5.975 1.775 2.0794e-08
-5.975 1.825 4.1620e-08
-5.975 1.875 8.3323e-08
-5.975 1.925 1.6685e-07
-5.975 1.975 3.3417e-07
-5.975 2.025 6.6940e-07
-5.975 2.075 1.3410e-06
-5.975 2.125 2.6866e-06
-5.975 2.175 5.3817e-06
-5.975 2.225 1.0777e-05
-5.975 2.275 2.1570e-05
-5.975 2.325 4.3134e-05
-5.975 2.375 8.6148e-05
-5.975 2.425 1.7174e-04
-5.975 2.475 3.4149e-04
-5.975 2.525 6.7670e-04
-5.975 2.575 1.3348e-03
-5.975 2.625 2.6169e-03
-5.975 2.675 5.0911e-03
-5.975 2.725 9.8083e-03
-5.975 2.775 1.8669e-02
-5.975 2.825 3.5023e-02
-5.975 2.875 6.4597e-02
-5.975 2.925 1.1690e-01
-5.975 2.975 2.0737e-01
-5.975 3.025 3.6076e-01
-5.975 3.075 6.1750e-01
-5.975 3.125 1.0462e+00
-5.975 3.175 1.7692e+00
-5.975 3.225 3.0114e+00
-5.975 3.275 5.1847e+00
-5.975 3.325 9.0117e+00
-5.975 3.375 1.5674e+01
-5.975 3.425 2.6929e+01
-5.975 3.475 4.5082e+01
-5.975 3.525 7.2697e+01
-5.975 3.575 1.1196e+02
-5.975 3.625 1.6371e+02
-5.975 3.675 2.2643e+02
-5.975 3.725 2.9520e+02
-5.975 3.775 3.6017e+02
-5.975 3.825 3.8611e+02
-5.975 3.875 0.0000e+00
-5.975 3.925 0.0000e+00
-5.975 3.975 0.0000e+00
-5.925 -1.975 0.0000e+00
-5.925 -1.925 0.0000e+00
-5.925 -1.875 0.0000e+00
-5.925 -1.825 0.0000e+00
-5.925 -1.775 0.0000e+00
-5.925 -1.725 0.0000e+00
-5.925 -1.675 0.0000e+00
-5.925 -1.625 0.0000e+00
-5.925 -1.575 0.0000e+00
-5.925 -1.525 0.0000e+00
-5.925 -1.475 0.0000e+00
-5.925 -1.425 0.0000e+00
-5.925 -1.375 0.0000e+00
-5.925 -1.325 0.0000e+00
-5.925 -1.275 0.0000e+00
-5.925 -1.225 0.0000e+00
-5.925 -1.175 0.0000e+00
-5.925 -1.125 0.0000e+00
-5.925 -1.075 0.0000e+00
-5.925 -1.025 0.0000e+00
-5.925 -0.975 0.0000e+00
-5.925 -0.925 0.0000e+00
-5.925 -0.875 0.0000e+00
-5.925 -0.825 0.0000e+00
-5.925 -0.775 0.0000e+00
-5.925 -0.725 0.0000e+00
-5.925 -0.675 0.0000e+00
-5.925 -0.625 0.0000e+00
-5.925 -0.575 0.0000e+00
-5.925 -0.525 0.0000e+00
-5.925 -0.475 0.0000e+00
-5.925 -0.425 0.0000e+00
-5.925 -0.375 0.0000e+00
-5.925 -0.325 0.0000e+00
-5.925 -0.275 0.0000e+00
-5.925 -0.225 0.0000e+00
-5.925 -0.175 0.0000e+00
-5.925 -0.125 0.0000e+00
-5.925 -0.075 0.0000e+00
-5.925 -0.025 0.0000e+00
-5.925 0.025 0.0000e+00
-5.925 0.075 0.0000e+00
-5.925 0.125 0.0000e+00
-5.925 0.175 0.0000e+00
-5.925 0.225 0.0000e+00
-5.925 0.275 0.0000e+00
-5.925 0.325 0.0000e+00
-5.925 0.375 0.0000e+00
-5.925 0.425 0.0000e+00
-5.925 0.475 0.0000e+00
-5.925 0.525 0.0000e+00
-5.925 0.575 0.0000e+00
-5.925 0.625 0.0000e+00
-5.925 0.675 6.3959e-15
-5.925 0.725 1.2766e-14
-5.925 0.775 2.5480e-14
-5.925 0.825 5.0861e-14
-5.925 0.875 1.0153e-13
-5.925 0.925 2.0268e-13
-5.925 0.975 4.0463e-13
-5.925 1.025 8.0786e-13
-5.925 1.075 1.6130e-12
-5.925 1.125 3.2210e-12
-5.925 1.175 6.4325e-12
-5.925 1.225 1.2847e-11
-5.925 1.275 2.5662e-11
-5.925 1.325 5.1265e-11
-5.925 1.375 1.0243e-10
-5.925 1.425 2.0468e-10
-5.925 1.475 4.0907e-10
-5.925 1.525 8.1771e-10
-5.925 1.575 1.6349e-09
-5.925 1.625 3.2693e-09
-5.925 1.675 6.5390e-09
-5.925 1.725 1.3082e-08
-5.925 1.775 2.6178e-08
-5.925 1.825 5.2396e-08
-5.925 1.875 1.0490e-07
-5.925 1.925 2.1005e-07
-5.925 1.975 4.2070e-07
-5.925 2.025 8.4273e-07
-5.925 2.075 1.6883e-06
-5.925 2.125 3.3823e-06
-5.925 2.175 6.7751e-06
-5.925 2.225 1.3567e-05
-5.925 2.275 2.7155e-05
-5.925 2.325 5.4303e-05
-5.925 2.375 1.0845e-04
-5.925 2.425 2.1621e-04
-5.925 2.475 4.2991e-04
-5.925 2.525 8.5191e-04
-5.925 2.575 1.6804e-03
-5.925 2.625 3.2945e-03
-5.925 2.675 6.4094e-03
-5.925 2.725 1.2348e-02
-5.925 2.775 2.3504e-02
-5.925 2.825 4.4092e-02
-5.925 2.875 8.1323e-02
-5.925 2.925 1.4717e-01
-5.925 2.975 2.6106e-01
-5.925 3.025 4.5418e-01
-5.925 3.075 7.7740e-01
-5.925 3.125 1.3171e+00
-5.925 3.175 2.2273e+00
-5.925 3.225 3.7912e+00
-5.925 3.275 6.5272e+00
-5.925 3.325 1.1345e+01
-5.925 3.375 1.9733e+01
-5.925 3.425 3.3902e+01
-5.925 3.475 5.6755e+01
-5.925 3.525 9.1520e+01
-5.925 3.575 1.4094e+02
-5.925 3.625 2.0610e+02
-5.925 3.675 2.8505e+02
-5.925 3.725 3.7163e+02
-5.925 3.775 4.5341e+02
-5.925 3.825 4.8607e+02
-5.925 3.875 0.0000e+00
-5.925 3.925 0.0000e+00
-5.925 3.975 0.0000e+00
-5.875 -1.975 0.0000e+00
-5.875 -1.925 0.0000e+00
-5.875 -1.875 0.0000e+00
-5.875 -1.825 0.0000e+00
-5.875 -1.775 0.0000e+00
-5.875 -1.725 0.0000e+00
-5.875 -1.675 0.0000e+00
-5.875 -1.625 0.0000e+00
-5.875 -1.575 0.0000e+00
-5.875 -1.525 0.0000e+00
-5.875 -1.475 0.0000e+00
-5.875 -1.425 0.0000e+00
-5.875 -1.375 0.0000e+00
-5.875 -1.325 0.0000e+00
-5.875 -1.275 0.0000e+00
-5.875 -1.225 0.0000e+00
-5.875 -1.175 0.0000e+00
-5.875 -1.125 0.0000e+00
-5.875 -1.075 0.0000e+00
-5.875 -1.025 0.0000e+00
-5.875 -0.975 0.0000e+00
-5.875 -0.925 0.0000e+00
-5.875 -0.875 0.0000e+00
-5.875 -0.825 0.0000e+00
-5.875 -0.775 0.0000e+00
-5.875 -0.725 0.0000e+00
-5.875 -0.675 0.0000e+00
-5.875 -0.625 0.0000e+00
-5.875 -0.575 0.0000e+00
-5.875 -0.525 0.0000e+00
-5.875 -0.475 0.0000e+00
-5.875 -0.425 0.0000e+00
-5.875 -0.375 0.0000e+00
-5.875 -0.325 0.0000e+00
-5.875 -0.275 0.0000e+00
-5.875 -0.225 0.0000e+00
-5.875 -0.175 0.0000e+00
-5.875 -0.125 0.0000e+00
-5.875 -0.075 0.0000e+00
-5.875 -0.025 0.0000e+00
-5.875 0.025 0.0000e+00
-5.875 0.075 0.0000e+00
-5.875 0.125 0.0000e+00
-5.875 0.175 0.0000e+00
-5.875 0.225 0.0000e+00
-5.875 0.275 0.0000e+00
-5.875 0.325 0.0000e+00
-5.875 0.375 0.0000e+00
-5.875 0.425 0.0000e+00
-5.875 0.475 0.0000e+00
-5.875 0.525 0.0000e+00
-5.875 0.575 0.0000e+00
-5.875 0.625 0.0000e+00
-5.875 0.675 8.0520e-15
-5.875 0.725 1.6071e-14
-5.875 0.775 3.2078e-14
-5.875 0.825 6.4030e-14
-5.875 0.875 1.2782e-13
-5.875 0.925 2.5516e-13
-5.875 0.975 5.0940e-13
-5.875 1.025 1.0170e-12
-5.875 1.075 2.0307e-12
-5.875 1.125 4.0550e-12
-5.875 1.175 8.0980e-12
-5.875 1.225 1.6174e-11
-5.875 1.275 3.2306e-11
-5.875 1.325 6.4539e-11
-5.875 1.375 1.2895e-10
-5.875 1.425 2.5767e-10
-5.875 1.475 5.1499e-10
-5.875 1.525 1.0294e-09
-5.875 1.575 2.0582e-09
-5.875 1.625 4.1158e-09
-5.875 1.675 8.2322e-09
-5.875 1.725 1.6469e-08
-5.875 1.775 3.2956e-08
-5.875 1.825 6.5963e-08
-5.875 1.875 1.3206e-07
-5.875 1.925 2.6444e-07
-5.875 1.975 5.2963e-07
-5.875 2.025 1.0609e-06
-5.875 2.075 2.1254e-06
-5.875 2.125 4.2580e-06
-5.875 2.175 8.5294e-06
-5.875 2.225 1.7080e-05
-5.875 2.275 3.4186e-05
-5.875 2.325 6.8363e-05
-5.875 2.375 1.3654e-04
-5.875 2.425 2.7219e-04
-5.875 2.475 5.4123e-04
-5.875 2.525 1.0725e-03
-5.875 2.575 2.1154e-03
-5.875 2.625 4.1475e-03
-5.875 2.675 8.0689e-03
-5.875 2.725 1.5545e-02
-5.875 2.775 2.9589e-02
-5.875 2.825 5.5508e-02
-5.875 2.875 1.0238e-01
-5.875 2.925 1.8528e-01
-5.875 2.975 3.2865e-01
-5.875 3.025 5.7178e-01
-5.875 3.075 9.7869e-01
-5.875 3.125 1.6581e+00
-5.875 3.175 2.8040e+00
-5.875 3.225 4.7729e+00
-5.875 3.275 8.2174e+00
-5.875 3.325 1.4283e+01
-5.875 3.375 2.4843e+01
-5.875 3.425 4.2680e+01
-5.875 3.475 7.1450e+01
-5.875 3.525 1.1522e+02
-5.875 3.575 1.7744e+02
-5.875 3.625 2.5946e+02
-5.875 3.675 3.5885e+02
-5.875 3.725 4.6784e+02
-5.875 3.775 5.7079e+02
-5.875 3.825 6.1190e+02
-5.875 3.875 0.0000e+00
-5.875 3.925 0.0000e+00
-5.875 3.975 0.0000e+00
-5.825 -1.975 0.0000e+00
-5.825 -1.925 0.0000e+00
-5.825 -1.875 0.0000e+00
-5.825 -1.825 0.0000e+00
-5.825 -1.775 0.0000e+00
-5.825 -1.725 0.0000e+00
-5.825 -1.675 0.0000e+00
-5.825 -1.625 0.0000e+00
-5.825 -1.575 0.0000e+00
-5.825 -1.525 0.0000e+00
-5.825 -1.475 0.0000e+00
-5.825 -1.425 0.0000e+00
-5.825 -1.375 0.0000e+00
-5.825 -1.325 0.0000e+00
-5.825 -1.275 0.0000e+00
-5.825 -1.225 0.0000e+00
-5.825 -1.175 0.0000e+00
-5.825 -1.125 0.0000e+00
-5.825 -1.075 0.0000e+00
-5.825 -1.025 0.0000e+00
-5.825 -0.975 0.0000e+00
-5.825 -0.925 0.0000e+00
-5.825 -0.875 0.0000e+00
-5.825 -0.825 0.0000e+00
-5.825 -0.775 0.0000e+00
-5.825 -0.725 0.0000e+00
-5.825 -0.675 0.0000e+00
-5.825 -0.625 0.0000e+00
-5.825 -0.575 0.0000e+00
-5.825 -0.525 0.0000e+00
-5.825 -0.475 0.0000e+00
-5.825 -0.425 0.0000e+00
-5.825 -0.375 0.0000e+00
-5.825 -0.325 0.0000e+00
-5.825 -0.275 0.0000e+00
-5.825 -0.225 0.0000e+00
-5.825 -0.175 0.0000e+00
-5.825 -0.125 0.0000e+00
-5.825 -0.075 0.0000e+00
-5.825 -0.025 0.0000e+00
-5.825 0.025 0.0000e+00
-5.825 0.075 0.0000e+00
-5.825 0.125 0.0000e+00
-5.825 0.175 0.0000e+00
-5.825 0.225 0.0000e+00
-5.825 0.275 0.0000e+00
-5.825 0.325 0.0000e+00
-5.825 0.375 0.0000e+00
-5.825 0.425 0.0000e+00
-5.825 0.475 0.0000e+00
-5.825 0.525 0.0000e+00
-5.825 0.575 0.0000e+00
-5.825 0.625 0.0000e+00
-5.825 0.675 1.0137e-14
-5.825 0.725 2.0232e-14
-5.825 0.775 4.0384e-14
-5.825 0.825 8.0609e-14
-5.825 0.875 1.6091e-13
-5.825 0.925 3.2122e-13
-5.825 0.975 6.4129e-13
-5.825 1.025 1.2804e-12
-5.825 1.075 2.5565e-12
-5.825 1.125 5.1050e-12
-5.825 1.175 1.0195e-11
-5.825 1.225 2.0362e-11
-5.825 1.275 4.0671e-11
-5.825 1.325 8.1250e-11
-5.825 1.375 1.6234e-10
-5.825 1.425 3.2439e-10
-5.825 1.475 6.4833e-10
-5.825 1.525 1.2960e-09
-5.825 1.575 2.5911e-09
-5.825 1.625 5.1814e-09
-5.825 1.675 1.0364e-08
-5.825 1.725 2.0734e-08
-5.825 1.775 4.1489e-08
-5.825 1.825 8.3042e-08
-5.825 1.875 1.6625e-07
-5.825 1.925 3.3291e-07
-5.825 1.975 6.6676e-07
-5.825 2.025 1.3356e-06
-5.825 2.075 2.6757e-06
-5.825 2.125 5.3605e-06
-5.825 2.175 1.0738e-05
-5.825 2.225 2.1503e-05
-5.825 2.275 4.3037e-05
-5.825 2.325 8.6064e-05
-5.825 2.375 1.7189e-04
-5.825 2.425 3.4266e-04
-5.825 2.475 6.8137e-04
-5.825 2.525 1.3502e-03
-5.825 2.575 2.6632e-03
-5.825 2.625 5.2214e-03
-5.825 2.675 1.0158e-02
-5.825 2.725 1.9570e-02
-5.825 2.775 3.7251e-02
-5.825 2.825 6.9881e-02
-5.825 2.875 1.2889e-01
-5.825 2.925 2.3325e-01
-5.825 2.975 4.1375e-01
-5.825 3.025 7.1983e-01
-5.825 3.075 1.2321e+00
-5.825 3.125 2.0875e+00
-5.825 3.175 3.5301e+00
-5.825 3.225 6.0088e+00
-5.825 3.275 1.0345e+01
-5.825 3.325 1.7981e+01
-5.825 3.375 3.1276e+01
-5.825 3.425 5.3732e+01
-5.825 3.475 8.9950e+01
-5.825 3.525 1.4505e+02
-5.825 3.575 2.2337e+02
-5.825 3.625 3.2663e+02
-5.825 3.675 4.5175e+02
-5.825 3.725 5.8896e+02
-5.825 3.775 7.1855e+02
-5.825 3.825 7.7029e+02
-5.825 3.875 0.0000e+00
-5.825 3.925 0.0000e+00
-5.825 3.975 0.0000e+00
-5.775 -1.975 0.0000e+00
-5.775 -1.925 0.0000e+00
-5.775 -1.875 0.0000e+00
-5.775 -1.825 0.0000e+00
-5.775 -1.775 0.0000e+00
-5.775 -1.725 0.0000e+00
-5.775 -1.675 0.0000e+00
-5.775 -1.625 0.0000e+00
-5.775 -1.575 0.0000e+00
-5.775 -1.525 0.0000e+00
-5.775 -1.475 0.0000e+00
-5.775 -1.425 0.0000e+00
-5.775 -1.375 0.0000e+00
-5.775 -1.325 0.0000e+00
-5.775 -1.275 0.0000e+00
-5.775 -1.225 0.0000e+00
-5.775 -1.175 0.0000e+00
-5.775 -1.125 0.0000e+00
-5.775 -1.075 0.0000e+00
-5.775 -1.025 0.0000e+00
-5.775 -0.975 0.0000e+00
-5.775 -0.925 0.0000e+00
-5.775 -0.875 0.0000e+00
-5.775 -0.825 0.0000e+00
-5.775 -0.775 0.0000e+00
-5.775 -0.725 0.0000e+00
-5.775 -0.675 0.0000e+00
-5.775 -0.625 0.0000e+00
-5.775 -0.575 0.0000e+00
-5.775 -0.525 0.0000e+00
-5.775 -0.475 0.0000e+00
-5.775 -0.425 0.0000e+00
-5.775 -0.375 0.0000e+00
-5.775 -0.325 0.0000e+00
-5.775 -0.275 0.0000e+00
-5.775 -0.225 0.0000e+00
-5.775 -0.175 0.0000e+00
-5.775 -0.125 0.0000e+00
-5.775 -0.075 0.0000e+00
-5.775 -0.025 0.0000e+00
-5.775 0.025 0.0000e+00
-5.775 0.075 0.0000e+00
-5.775 0.125 0.0000e+00
-5.775 0.175 0.0000e+00
-5.775 0.225 0.0000e+00
-5.775 0.275 0.0000e+00
-5.775 0.325 0.0000e+00
-5.775 0.375 0.0000e+00
-5.775 0.425 0.0000e+00
-5.775 0.475 0.0000e+00
-5.775 0.525 0.0000e+00
-5.775 0.575 0.0000e+00
-5.775 0.625 0.0000e+00
-5.775 0.675 1.2762e-14
-5.775 0.725 2.5471e-14
-5.775 0.775 5.0840e-14
-5.775 0.825 1.0148e-13
-5.775 0.875 2.0257e-13
-5.775 0.925 4.0440e-13
-5.775 0.975 8.0734e-13
-5.775 1.025 1.6119e-12
-5.775 1.075 3.2184e-12
-5.775 1.125 6.4268e-12
-5.775 1.175 1.2835e-11
-5.775 1.225 2.5634e-11
-5.775 1.275 5.1202e-11
-5.775 1.325 1.0229e-10
-5.775 1.375 2.0437e-10
-5.775 1.425 4.0838e-10
-5.775 1.475 8.1620e-10
-5.775 1.525 1.6315e-09
-5.775 1.575 3.2620e-09
-5.775 1.625 6.5230e-09
-5.775 1.675 1.3047e-08
-5.775 1.725 2.6102e-08
-5.775 1.775 5.2232e-08
-5.775 1.825 1.0454e-07
-5.775 1.875 2.0930e-07
-5.775 1.925 4.1911e-07
-5.775 1.975 8.3940e-07
-5.775 2.025 1.6815e-06
-5.775 2.075 3.3686e-06
-5.775 2.125 6.7485e-06
-5.775 2.175 1.3518e-05
-5.775 2.225 2.7071e-05
-5.775 2.275 5.4181e-05
-5.775 2.325 1.0835e-04
-5.775 2.375 2.1639e-04
-5.775 2.425 4.3139e-04
-5.775 2.475 8.5779e-04
-5.775 2.525 1.6998e-03
-5.775 2.575 3.3528e-03
-5.775 2.625 6.5734e-03
-5.775 2.675 1.2788e-02
-5.775 2.725 2.4637e-02
-5.775 2.775 4.6896e-02
-5.775 2.825 8.7975e-02
-5.775 2.875 1.6226e-01
-5.775 2.925 2.9365e-01
-5.775 2.975 5.2089e-01
-5.775 3.025 9.0622e-01
-5.775 3.075 1.5512e+00
-5.775 3.125 2.6280e+00
-5.775 3.175 4.4442e+00
-5.775 3.225 7.5648e+00
-5.775 3.275 1.3024e+01
-5.775 3.325 2.2638e+01
-5.775 3.375 3.9374e+01
-5.775 3.425 6.7645e+01
-5.775 3.475 1.1324e+02
-5.775 3.525 1.8260e+02
-5.775 3.575 2.8121e+02
-5.775 3.625 4.1119e+02
-5.775 3.675 5.6870e+02
-5.775 3.725 7.4142e+02
-5.775 3.775 9.0455e+02
-5.775 3.825 9.6968e+02
-5.775 3.875 0.0000e+00
-5.775 3.925 0.0000e+00
-5.775 3.975 0.0000e+00
-5.725 -1.975 0.0000e+00
-5.725 -1.925 0.0000e+00
-5.725 -1.875 0.0000e+00
-5.725 -1.825 0.0000e+00
-5.725 -1.775 0.0000e+00
-5.725 -1.725 0.0000e+00
-5.725 -1.675 0.0000e+00
-5.725 -1.625 0.0000e+00
-5.725 -1.575 0.0000e+00
-5.725 -1.525 0.0000e+00
-5.725 -1.475 0.0000e+00
-5.725 -1.425 0.0000e+00
-5.725 -1.375 0.0000e+00
-5.725 -1.325 0.0000e+00
-5.725 -1.275 0.0000e+00
-5.725 -1.225 0.0000e+00
-5.725 -1.175 0.0000e+00
-5.725 -1.125 0.0000e+00
-5.725 -1.075 0.0000e+00
-5.725 -1.025 0.0000e+00
-5.725 -0.975 0.0000e+00
-5.725 -0.925 0.0000e+00
-5.725 -0.875 0.0000e+00
-5.725 -0.825 0.0000e+00
-5.725 -0.775 0.0000e+00
-5.725 -0.725 0.0000e+00
-5.725 -0.675 0.0000e+00
-5.725 -0.625 0.0000e+00
-5.725 -0.575 0.0000e+00
-5.725 -0.525 0.0000e+00
-5.725 -0.475 0.0000e+00
-5.725 -0.425 0.0000e+00
-5.725 -0.375 0.0000e+00
-5.725 -0.325 0.0000e+00
-5.725 -0.275 0.0000e+00
-5.725 -0.225 0.0000e+00
-5.725 -0.175 0.0000e+00
-5.725 -0.125 0.0000e+00
-5.725 -0.075 0.0000e+00
-5.725 -0.025 0.0000e+00
-5.725 0.025 0.0000e+00
-5.725 0.075 0.0000e+00
-5.725 0.125 0.0000e+00
-5.725 0.175 0.0000e+00
-5.725 0.225 0.0000e+00
-5.725 0.275 0.0000e+00
-5.725 0.325 0.0000e+00
-5.725 0.375 0.0000e+00
-5.725 0.425 0.0000e+00
-5.725 0.475 0.0000e+00
-5.725 0.525 0.0000e+00
-5.725 0.575 0.0000e+00
-5.725 0.625 0.0000e+00
-5.725 0.675 1.6066e-14
-5.725 0.725 3.2066e-14
-5.725 0.775 6.4004e-14
-5.725 0.825 1.2776e-13
-5.725 0.875 2.5503e-13
-5.725 0.925 5.0910e-13
-5.725 0.975 1.0164e-12
-5.725 1.025 2.0292e-12
-5.725 1.075 4.0518e-12
-5.725 1.125 8.0908e-12
-5.725 1.175 1.6158e-11
-5.725 1.225 3.2271e-11
-5.725 1.275 6.4460e-11
-5.725 1.325 1.2877e-10
-5.725 1.375 2.5728e-10
-5.725 1.425 5.1413e-10
-5.725 1.475 1.0275e-09
-5.725 1.525 2.0540e-09
-5.725 1.575 4.1066e-09
-5.725 1.625 8.2120e-09
-5.725 1.675 1.6425e-08
-5.725 1.725 3.2861e-08
-5.725 1.775 6.5756e-08
-5.725 1.825 1.3161e-07
-5.725 1.875 2.6349e-07
-5.725 1.925 5.2762e-07
-5.725 1.975 1.0567e-06
-5.725 2.025 2.1168e-06
-5.725 2.075 4.2408e-06
-5.725 2.125 8.4958e-06
-5.725 2.175 1.7018e-05
-5.725 2.225 3.4080e-05
-5.725 2.275 6.8210e-05
-5.725 2.325 1.3640e-04
-5.725 2.375 2.7242e-04
-5.725 2.425 5.4308e-04
-5.725 2.475 1.0799e-03
-5.725 2.525 2.1399e-03
-5.725 2.575 4.2209e-03
-5.725 2.625 8.2754e-03
-5.725 2.675 1.6100e-02
-5.725 2.725 3.1017e-02
-5.725 2.775 5.9038e-02
-5.725 2.825 1.1075e-01
-5.725 2.875 2.0428e-01
-5.725 2.925 3.6969e-01
-5.725 2.975 6.5576e-01
-5.725 3.025 1.1409e+00
-5.725 3.075 1.9528e+00
-5.725 3.125 3.3086e+00
-5.725 3.175 5.5950e+00
-5.725 3.225 9.5238e+00
-5.725 3.275 1.6397e+01
-5.725 3.325 2.8500e+01
-5.725 3.375 4.9570e+01
-5.725 3.425 8.5160e+01
-5.725 3.475 1.4256e+02
-5.725 3.525 2.2988e+02
-5.725 3.575 3.5401e+02
-5.725 3.625 5.1764e+02
-5.725 3.675 7.1592e+02
-5.725 3.725 9.3333e+02
-5.725 3.775 1.1387e+03
-5.725 3.825 1.2206e+03
-5.725 3.875 0.0000e+00
-5.725 3.925 0.0000e+00
-5.725 3.975 0.0000e+00
-5.675 -1.975 0.0000e+00
-5.675 -1.925 0.0000e+00
-5.675 -1.875 0.0000e+00
-5.675 -1.825 0.0000e+00
-5.675 -1.775 0.0000e+00
-5.675 -1.725 0.0000e+00
-5.675 -1.675 0.0000e+00
-5.675 -1.625 0.0000e+00
-5.675 -1.575 0.0000e+00
-5.675 -1.525 0.0000e+00
-5.675 -1.475 0.0000e+00
-5.675 -1.425 0.0000e+00
-5.675 -1.375 0.0000e+00
-5.675 -1.325 0.0000e+00
-5.675 -1.275 0.0000e+00
-5.675 -1.225 0.0000e+00
-5.675 -1.175 0.0000e+00
-5.675 -1.125 0.0000e+00
-5.675 -1.075 0.0000e+00
-5.675 -1.025 0.0000e+00
-5.675 -0.975 0.0000e+00
-5.675 -0.925 0.0000e+00
-5.675 -0.875 0.0000e+00
-5.675 -0.825 0.0000e+00
-5.675 -0.775 0.0000e+00
-5.675 -0.725 0.0000e+00
-5.675 -0.675 0.0000e+00
-5.675 -0.625 0.0000e+00
-5.675 -0.575 0.0000e+00
-5.675 -0.525 0.0000e+00
-5.675 -0.475 0.0000e+00
-5.675 -0.425 0.0000e+00
-5.675 -0.375 0.0000e+00
-5.675 -0.325 0.0000e+00
-5.675 -0.275 0.0000e+00
-5.675 -0.225 0.0000e+00
-5.675 -0.175 0.0000e+00
-5.675 -0.125 0.0000e+00
-5.675 -0.075 0.0000e+00
-5.675 -0.025 0.0000e+00
-5.675 0.025 0.0000e+00
-5.675 0.075 0.0000e+00
-5.675 0.125 0.0000e+00
-5.675 0.175 0.0000e+00
-5.675 0.225 0.0000e+00
-5.675 0.275 0.0000e+00
-5.675 0.325 0.0000e+00
-5.675 0.375 0.0000e+00
-5.675 0.425 0.0000e+00
-5.675 0.475 0.0000e+00
-5.675 0.525 0.0000e+00
-5.675 0.575 0.0000e+00
-5.675 0.625 0.0000e+00
-5.675 0.675 2.0226e-14
-5.675 0.725 4.0369e-14
-5.675 0.775 8.0576e-14
-5.675 0.825 1.6084e-13
-5.675 0.875 3.2106e-13
-5.675 0.925 6.4092e-13
-5.675 0.975 1.2795e-12
-5.675 1.025 2.5547e-12
-5.675 1.075 5.1009e-12
-5.675 1.125 1.0186e-11
-5.675 1.175 2.0341e-11
-5.675 1.225 4.0627e-11
-5.675 1.275 8.1150e-11
-5.675 1.325 1.6211e-10
-5.675 1.375 3.2390e-10
-5.675 1.425 6.4725e-10
-5.675 1.475 1.2936e-09
-5.675 1.525 2.5858e-09
-5.675 1.575 5.1699e-09
-5.675 1.625 1.0338e-08
-5.675 1.675 2.0678e-08
-5.675 1.725 4.1369e-08
-5.675 1.775 8.2782e-08
-5.675 1.825 1.6569e-07
-5.675 1.875 3.3171e-07
-5.675 1.925 6.6424e-07
-5.675 1.975 1.3304e-06
-5.675 2.025 2.6649e-06
-5.675 2.075 5.3388e-06
-5.675 2.125 1.0696e-05
-5.675 2.175 2.1425e-05
-5.675 2.225 4.2904e-05
-5.675 2.275 8.5871e-05
-5.675 2.325 1.7172e-04
-5.675 2.375 3.4296e-04
-5.675 2.425 6.8370e-04
-5.675 2.475 1.3595e-03
-5.675 2.525 2.6940e-03
-5.675 2.575 5.3138e-03
-5.675 2.625 1.0418e-02
-5.675 2.675 2.0268e-02
-5.675 2.725 3.9048e-02
-5.675 2.775 7.4325e-02
-5.675 2.825 1.3943e-01
-5.675 2.875 2.5717e-01
-5.675 2.925 4.6541e-01
-5.675 2.975 8.2557e-01
-5.675 3.025 1.4363e+00
-5.675 3.075 2.4585e+00
-5.675 3.125 4.1653e+00
-5.675 3.175 7.0440e+00
-5.675 3.225 1.1990e+01
-5.675 3.275 2.0643e+01
-5.675 3.325 3.5880e+01
-5.675 3.375 6.2407e+01
-5.675 3.425 1.0721e+02
-5.675 3.475 1.7947e+02
-5.675 3.525 2.8940e+02
-5.675 3.575 4.4566e+02
-5.675 3.625 6.5164e+02
-5.675 3.675 9.0123e+02
-5.675 3.725 1.1749e+03
-5.675 3.775 1.4334e+03
-5.675 3.825 1.5365e+03
-5.675 3.875 0.0000e+00
-5.675 3.925 0.0000e+00
-5.675 3.975 0.0000e+00
-5.625 -1.975 0.0000e+00
-5.625 -1.925 0.0000e+00
-5.625 -1.875 0.0000e+00
-5.625 -1.825 0.0000e+00
-5.625 -1.775 0.0000e+00
-5.625 -1.725 0.0000e+00
-5.625 -1.675 0.0000e+00
-5.625 -1.625 0.0000e+00
-5.625 -1.575 0.0000e+00
-5.625 -1.525 0.0000e+00
-5.625 -1.475 0.0000e+00
-5.625 -1.425 0.0000e+00
-5.625 -1.375 0.0000e+00
-5.625 -1.325 0.0000e+00
-5.625 -1.275 0.0000e+00
-5.625 -1.225 0.0000e+00
-5.625 -1.175 0.0000e+00
-5.625 -1.125 0.0000e+00
-5.625 -1.075 0.0000e+00
-5.625 -1.025 0.0000e+00
-5.625 -0.975 0.0000e+00
-5.625 -0.925 0.0000e+00
-5.625 -0.875 0.0000e+00
-5.625 -0.825 0.0000e+00
-5.625 -0.775 0.0000e+00
-5.625 -0.725 0.0000e+00
-5.625 -0.675 0.0000e+00
-5.625 -0.625 0.0000e+00
-5.625 -0.575 0.0000e+00
-5.625 -0.525 0.0000e+00
-5.625 -0.475 0.0000e+00
-5.625 -0.425 0.0000e+00
-5.625 -0.375 0.0000e+00
-5.625 -0.325 0.0000e+00
-5.625 -0.275 0.0000e+00
-5.625 -0.225 0.0000e+00
-5.625 -0.175 0.0000e+00
-5.625 -0.125 0.0000e+00
-5.625 -0.075 0.0000e+00
-5.625 -0.025 0.0000e+00
-5.625 0.025 0.0000e+00
-5.625 0.075 0.0000e+00
-5.625 0.125 0.0000e+00
-5.625 0.175 0.0000e+00
-5.625 0.225 0.0000e+00
-5.625 0.275 0.0000e+00
-5.625 0.325 0.0000e+00
-5.625 0.375 0.0000e+00
-5.625 0.425 0.0000e+00
-5.625 0.475 0.0000e+00
-5.625 0.525 0.0000e+00
-5.625 0.575 0.0000e+00
-5.625 0.625 0.0000e+00
-5.625 0.675 2.5463e-14
-5.625 0.725 5.0821e-14
-5.625 0.775 1.0144e-13
-5.625 0.825 2.0248e-13
-5.625 0.875 4.0419e-13
-5.625 0.925 8.0687e-13
-5.625 0.975 1.6109e-12
-5.625 1.025 3.2161e-12
-5.625 1.075 6.4216e-12
-5.625 1.125 1.2823e-11
-5.625 1.175 2.5608e-11
-5.625 1.225 5.1146e-11
-5.625 1.275 1.0216e-10
-5.625 1.325 2.0409e-10
-5.625 1.375 4.0777e-10
-5.625 1.425 8.1484e-10
-5.625 1.475 1.6285e-09
-5.625 1.525 3.2553e-09
-5.625 1.575 6.5085e-09
-5.625 1.625 1.3015e-08
-5.625 1.675 2.6032e-08
-5.625 1.725 5.2080e-08
-5.625 1.775 1.0422e-07
-5.625 1.825 2.0859e-07
-5.625 1.875 4.1760e-07
-5.625 1.925 8.3623e-07
-5.625 1.975 1.6748e-06
-5.625 2.025 3.3550e-06
-5.625 2.075 6.7212e-06
-5.625 2.125 1.3465e-05
-5.625 2.175 2.6972e-05
-5.625 2.225 5.4013e-05
-5.625 2.275 1.0811e-04
-5.625 2.325 2.1618e-04
-5.625 2.375 4.3176e-04
-5.625 2.425 8.6073e-04
-5.625 2.475 1.7115e-03
-5.625 2.525 3.3915e-03
-5.625 2.575 6.6896e-03
-5.625 2.625 1.3116e-02
-5.625 2.675 2.5516e-02
-5.625 2.725 4.9158e-02
-5.625 2.775 9.3570e-02
-5.625 2.825 1.7553e-01
-5.625 2.875 3.2376e-01
-5.625 2.925 5.8592e-01
-5.625 2.975 1.0393e+00
-5.625 3.025 1.8082e+00
-5.625 3.075 3.0951e+00
-5.625 3.125 5.2440e+00
-5.625 3.175 8.8682e+00
-5.625 3.225 1.5095e+01
-5.625 3.275 2.5989e+01
-5.625 3.325 4.5173e+01
-5.625 3.375 7.8568e+01
-5.625 3.425 1.3497e+02
-5.625 3.475 2.2594e+02
-5.625 3.525 3.6432e+02
-5.625 3.575 5.6103e+02
-5.625 3.625 8.2032e+02
-5.625 3.675 1.1345e+03
-5.625 3.725 1.4790e+03
-5.625 3.775 1.8043e+03
-5.625 3.825 1.9341e+03
-5.625 3.875 0.0000e+00
-5.625 3.925 0.0000e+00
-5.625 3.975 0.0000e+00
-5.575 -1.975 0.0000e+00
-5.575 -1.925 0.0000e+00
-5.575 -1.875 0.0000e+00
-5.575 -1.825 0.0000e+00
-5.575 -1.775 0.0000e+00
-5.575 -1.725 0.0000e+00
-5.575 -1.675 0.0000e+00
-5.575 -1.625 0.0000e+00
-5.575 -1.575 0.0000e+00
-5.575 -1.525 0.0000e+00
-5.575 -1.475 0.0000e+00
-5.575 -1.425 0.0000e+00
-5.575 -1.375 0.0000e+00
-5.575 -1.325 0.0000e+00
-5.575 -1.275 0.0000e+00
-5.575 -1.225 0.0000e+00
-5.575 -1.175 0.0000e+00
-5.575 -1.125 0.0000e+00
-5.575 -1.075 0.0000e+00
-5.575 -1.025 0.0000e+00
-5.575 -0.975 0.0000e+00
-5.575 -0.925 0.0000e+00
-5.575 -0.875 0.0000e+00
-5.575 -0.825 0.0000e+00
-5.575 -0.775 0.0000e+00
-5.575 -0.725 0.0000e+00
-5.575 -0.675 0.0000e+00
-5.575 -0.625 0.0000e+00
-5.575 -0.575 0.0000e+00
-5.575 -0.525 0.0000e+00
-5.575 -0.475 0.0000e+00
-5.575 -0.425 0.0000e+00
-5.575 -0.375 0.0000e+00
-5.575 -0.325 0.0000e+00
-5.575 -0.275 0.0000e+00
-5.575 -0.225 0.0000e+00
-5.575 -0.175 0.0000e+00
-5.575 -0.125 0.0000e+00
-5.575 -0.075 0.0000e+00
-5.575 -0.025 0.0000e+00
-5.575 0.025 0.0000e+00
-5.575 0.075 0.0000e+00
-5.575 0.125 0.0000e+00
-5.575 0.175 0.0000e+00
-5.575 0.225 0.0000e+00
-5.575 0.275 0.0000e+00
-5.575 0.325 0.0000e+00
-5.575 0.375 0.0000e+00
-5.575 0.425 0.0000e+00
-5.575 0.475 0.0000e+00
-5.575 0.525 0.0000e+00
-5.575 0.575 0.0000e+00
-5.575 0.625 0.0000e+00
-5.575 0.675 3.2055e-14
-5.575 0.725 6.3980e-14
-5.575 0.775 1.2770e-13
-5.575 0.825 2.5491e-13
-5.575 0.875 5.0884e-13
-5.575 0.925 1.0158e-12
-5.575 0.975 2.0279e-12
-5.575 1.025 4.0489e-12
-5.575 1.075 8.0844e-12
-5.575 1.125 1.6143e-11
-5.575 1.175 3.2239e-11
-5.575 1.225 6.4389e-11
-5.575 1.275 1.2861e-10
-5.575 1.325 2.5693e-10
-5.575 1.375 5.1335e-10
-5.575 1.425 1.0258e-09
-5.575 1.475 2.0502e-09
-5.575 1.525 4.0982e-09
-5.575 1.575 8.1937e-09
-5.575 1.625 1.6385e-08
-5.575 1.675 3.2773e-08
-5.575 1.725 6.5565e-08
-5.575 1.775 1.3120e-07
-5.575 1.825 2.6260e-07
-5.575 1.875 5.2573e-07
-5.575 1.925 1.0527e-06
-5.575 1.975 2.1085e-06
-5.575 2.025 4.2236e-06
-5.575 2.075 8.4614e-06
-5.575 2.125 1.6951e-05
-5.575 2.175 3.3956e-05
-5.575 2.225 6.7998e-05
-5.575 2.275 1.3610e-04
-5.575 2.325 2.7216e-04
-5.575 2.375 5.4356e-04
-5.575 2.425 1.0836e-03
-5.575 2.475 2.1547e-03
-5.575 2.525 4.2697e-03
-5.575 2.575 8.4218e-03
-5.575 2.625 1.6512e-02
-5.575 2.675 3.2123e-02
-5.575 2.725 6.1887e-02
-5.575 2.775 1.1780e-01
-5.575 2.825 2.2099e-01
-5.575 2.875 4.0759e-01
-5.575 2.925 7.3764e-01
-5.575 2.975 1.3085e+00
-5.575 3.025 2.2765e+00
-5.575 3.075 3.8967e+00
-5.575 3.125 6.6021e+00
-5.575 3.175 1.1165e+01
-5.575 3.225 1.9005e+01
-5.575 3.275 3.2721e+01
-5.575 3.325 5.6872e+01
-5.575 3.375 9.8915e+01
-5.575 3.425 1.6993e+02
-5.575 3.475 2.8445e+02
-5.575 3.525 4.5865e+02
-5.575 3.575 7.0626e+02
-5.575 3.625 1.0326e+03
-5.575 3.675 1.4281e+03
-5.575 3.725 1.8617e+03
-5.575 3.775 2.2712e+03
-5.575 3.825 2.4345e+03
-5.575 3.875 0.0000e+00
-5.575 3.925 0.0000e+00
-5.575 3.975 0.0000e+00
-5.525 -1.975 0.0000e+00
-5.525 -1.925 0.0000e+00
-5.525 -1.875 0.0000e+00
-5.525 -1.825 0.0000e+00
-5.525 -1.775 0.0000e+00
-5.525 -1.725 0.0000e+00
-5.525 -1.675 0.0000e+00
-5.525 -1.625 0.0000e+00
-5.525 -1.575 0.0000e+00
-5.525 -1.525 0.0000e+00
-5.525 -1.475 0.0000e+00
-5.525 -1.425 0.0000e+00
-5.525 -1.375 0.0000e+00
-5.525 -1.325 0.0000e+00
-5.525 -1.275 0.0000e+00
-5.525 -1.225 0.0000e+00
-5.525 -1.175 0.0000e+00
-5.525 -1.125 0.0000e+00
-5.525 -1.075 0.0000e+00
-5.525 -1.025 0.0000e+00
-5.525 -0.975 0.0000e+00
-5.525 -0.925 0.0000e+00
-5.525 -0.875 0.0000e+00
-5.525 -0.825 0.0000e+00
-5.525 -0.775 0.0000e+00
-5.525 -0.725 0.0000e+00
-5.525 -0.675 0.0000e+00
-5.525 -0.625 0.0000e+00
-5.525 -0.575 0.0000e+00
-5.525 -0.525 0.0000e+00
-5.525 -0.475 0.0000e+00
-5.525 -0.425 0.0000e+00
-5.525 -0.375 0.0000e+00
-5.525 -0.325 0.0000e+00
-5.525 -0.275 0.0000e+00
-5.525 -0.225 0.0000e+00
-5.525 -0.175 0.0000e+00
-5.525 -0.125 0.0000e+00
-5.525 -0.075 0.0000e+00
-5.525 -0.025 0.0000e+00
-5.525 0.025 0.0000e+00
-5.525 0.075 0.0000e+00
-5.525 0.125 0.0000e+00
-5.525 0.175 0.0000e+00
-5.525 0.225 0.0000e+00
-5.525 0.275 0.0000e+00
-5.525 0.325 0.0000e+00
-5.525 0.375 0.0000e+00
-5.525 0.425 0.0000e+00
-5.525 0.475 0.0000e+00
-5.525 0.525 0.0000e+00
-5.525 0.575 0.0000e+00
-5.525 0.625 0.0000e+00
-5.525 0.675 4.0355e-14
-5.525 0.725 8.0546e-14
-5.525 0.775 1.6077e-13
-5.525 0.825 3.2091e-13
-5.525 0.875 6.4059e-13
-5.525 0.925 1.2788e-12
-5.525 0.975 2.5530e-12
-5.525 1.025 5.0972e-12
-5.525 1.075 1.0178e-11
-5.525 1.125 2.0323e-11
-5.525 1.175 4.0586e-11
-5.525 1.225 8.1061e-11
-5.525 1.275 1.6192e-10
-5.525 1.325 3.2346e-10
-5.525 1.375 6.4627e-10
-5.525 1.425 1.2914e-09
-5.525 1.475 2.5810e-09
-5.525 1.525 5.1594e-09
-5.525 1.575 1.0315e-08
-5.525 1.625 2.0628e-08
-5.525 1.675 4.1259e-08
-5.525 1.725 8.2542e-08
-5.525 1.775 1.6517e-07
-5.525 1.825 3.3060e-07
-5.525 1.875 6.6186e-07
-5.525 1.925 1.3253e-06
-5.525 1.975 2.6544e-06
-5.525 2.025 5.3172e-06
-5.525 2.075 1.0652e-05
-5.525 2.125 2.1341e-05
-5.525 2.175 4.2748e-05
-5.525 2.225 8.5605e-05
-5.525 2.275 1.7134e-04
-5.525 2.325 3.4263e-04
-5.525 2.375 6.8430e-04
-5.525 2.425 1.3642e-03
-5.525 2.475 2.7126e-03
-5.525 2.525 5.3752e-03
-5.525 2.575 1.0602e-02
-5.525 2.625 2.0787e-02
-5.525 2.675 4.0441e-02
-5.525 2.725 7.7911e-02
-5.525 2.775 1.4830e-01
-5.525 2.825 2.7821e-01
-5.525 2.875 5.1313e-01
-5.525 2.925 9.2865e-01
-5.525 2.975 1.6473e+00
-5.525 3.025 2.8660e+00
-5.525 3.075 4.9058e+00
-5.525 3.125 8.3119e+00
-5.525 3.175 1.4057e+01
-5.525 3.225 2.3928e+01
-5.525 3.275 4.1196e+01
-5.525 3.325 7.1602e+01
-5.525 3.375 1.2453e+02
-5.525 3.425 2.1393e+02
-5.525 3.475 3.5810e+02
-5.525 3.525 5.7738e+02
-5.525 3.575 8.8907e+02
-5.525 3.625 1.2999e+03
-5.525 3.675 1.7977e+03
-5.525 3.725 2.3434e+03
-5.525 3.775 2.8587e+03
-5.525 3.825 3.0642e+03
-5.525 3.875 0.0000e+00
-5.525 3.925 0.0000e+00
-5.525 3.975 0.0000e+00
-5.475 -1.975 0.0000e+00
-5.475 -1.925 0.0000e+00
-5.475 -1.875 0.0000e+00
-5.475 -1.825 0.0000e+00
-5.475 -1.775 0.0000e+00
-5.475 -1.725 0.0000e+00
-5.475 -1.675 0.0000e+00
-5.475 -1.625 0.0000e+00
-5.475 -1.575 0.0000e+00
-5.475 -1.525 0.0000e+00
-5.475 -1.475 0.0000e+00
-5.475 -1.425 0.0000e+00
-5.475 -1.375 0.0000e+00
-5.475 -1.325 0.0000e+00
-5.475 -1.275 0.0000e+00
-5.475 -1.225 0.0000e+00
-5.475 -1.175 0.0000e+00
-5.475 -1.125 0.0000e+00
-5.475 -1.075 0.0000e+00
-5.475 -1.025 0.0000e+00
-5.475 -0.975 0.0000e+00
-5.475 -0.925 0.0000e+00
-5.475 -0.875 0.0000e+00
-5.475 -0.825 0.0000e+00
-5.475 -0.775 0.0000e+00
-5.475 -0.725 0.0000e+00
-5.475 -0.675 0.0000e+00
-5.475 -0.625 0.0000e+00
-5.475 -0.575 0.0000e+00
-5.475 -0.525 0.0000e+00
-5.475 -0.475 0.0000e+00
-5.475 -0.425 0.0000e+00
-5.475 -0.375 0.0000e+00
-5.475 -0.325 0.0000e+00
-5.475 -0.275 0.0000e+00
-5.475 -0.225 0.0000e+00
-5.475 -0.175 0.0000e+00
-5.475 -0.125 0.0000e+00
-5.475 -0.075 0.0000e+00
-5.475 -0.025 0.0000e+00
-5.475 0.025 0.0000e+00
-5.475 0.075 0.0000e+00
-5.475 0.125 0.0000e+00
-5.475 0.175 0.0000e+00
-5.475 0.225 0.0000e+00
-5.475 0.275 0.0000e+00
-5.475 0.325 0.0000e+00
-5.475 0.375 0.0000e+00
-5.475 0.425 0.0000e+00
-5.475 0.475 0.0000e+00
-5.475 0.525 0.0000e+00
-5.475 0.575 0.0000e+00
-5.475 0.625 0.0000e+00
-5.475 0.675 5.0805e-14
-5.475 0.725 1.0140e-13
-5.475 0.775 2.0240e-13
-5.475 0.825 4.0400e-13
-5.475 0.875 8.0646e-13
-5.475 0.925 1.6099e-12
-5.475 0.975 3.2141e-12
-5.475 1.025 6.4170e-12
-5.475 1.075 1.2813e-11
-5.475 1.125 2.5585e-11
-5.475 1.175 5.1095e-11
-5.475 1.225 1.0205e-10
-5.475 1.275 2.0384e-10
-5.475 1.325 4.0721e-10
-5.475 1.375 8.1361e-10
-5.475 1.425 1.6258e-09
-5.475 1.475 3.2493e-09
-5.475 1.525 6.4953e-09
-5.475 1.575 1.2986e-08
-5.475 1.625 2.5969e-08
-5.475 1.675 5.1941e-08
-5.475 1.725 1.0391e-07
-5.475 1.775 2.0794e-07
-5.475 1.825 4.1620e-07
-5.475 1.875 8.3323e-07
-5.475 1.925 1.6685e-06
-5.475 1.975 3.3417e-06
-5.475 2.025 6.6940e-06
-5.475 2.075 1.3410e-05
-5.475 2.125 2.6866e-05
-5.475 2.175 5.3817e-05
-5.475 2.225 1.0777e-04
-5.475 2.275 2.1570e-04
-5.475 2.325 4.3134e-04
-5.475 2.375 8.6148e-04
-5.475 2.425 1.7174e-03
-5.475 2.475 3.4149e-03
-5.475 2.525 6.7670e-03
-5.475 2.575 1.3348e-02
-5.475 2.625 2.6169e-02
-5.475 2.675 5.0912e-02
-5.475 2.725 9.8085e-02
-5.475 2.775 1.8670e-01
-5.475 2.825 3.5025e-01
-5.475 2.875 6.4601e-01
-5.475 2.925 1.1691e+00
-5.475 2.975 2.0739e+00
-5.475 3.025 3.6082e+00
-5.475 3.075 6.1763e+00
-5.475 3.125 1.0465e+01
-5.475 3.175 1.7698e+01
-5.475 3.225 3.0126e+01
-5.475 3.275 5.1867e+01
-5.475 3.325 9.0149e+01
-5.475 3.375 1.5679e+02
-5.475 3.425 2.6933e+02
-5.475 3.475 4.5082e+02
-5.475 3.525 7.2685e+02
-5.475 3.575 1.1192e+03
-5.475 3.625 1.6363e+03
-5.475 3.675 2.2628e+03
-5.475 3.725 2.9496e+03
-5.475 3.775 3.5981e+03
-5.475 3.825 3.8566e+03
-5.475 3.875 0.0000e+00
-5.475 3.925 0.0000e+00
-5.475 3.975 0.0000e+00
-5.425 -1.975 0.0000e+00
-5.425 -1.925 0.0000e+00
-5.425 -1.875 0.0000e+00
-5.425 -1.825 0.0000e+00
-5.425 -1.775 0.0000e+00
-5.425 -1.725 0.0000e+00
-5.425 -1.675 0.0000e+00
-5.425 -1.625 0.0000e+00
-5.425 -1.575 0.0000e+00
-5.425 -1.525 0.0000e+00
-5.425 -1.475 0.0000e+00
-5.425 -1.425 0.0000e+00
-5.425 -1.375 0.0000e+00
-5.425 -1.325 0.0000e+00
-5.425 -1.275 0.0000e+00
-5.425 -1.225 0.0000e+00
-5.425 -1.175 0.0000e+00
-5.425 -1.125 0.0000e+00
-5.425 -1.075 0.0000e+00
-5.425 -1.025 0.0000e+00
-5.425 -0.975 0.0000e+00
-5.425 -0.925 0.0000e+00
-5.425 -0.875 0.0000e+00
-5.425 -0.825 0.0000e+00
-5.425 -0.775 0.0000e+00
-5.425 -0.725 0.0000e+00
-5.425 -0.675 0.0000e+00
-5.425 -0.625 0.0000e+00
-5.425 -0.575 0.0000e+00
-5.425 -0.525 0.0000e+00
-5.425 -0.475 0.0000e+00
-5.425 -0.425 0.0000e+00
-5.425 -0.375 0.0000e+00
-5.425 -0.325 0.0000e+00
-5.425 -0.275 0.0000e+00
-5.425 -0.225 0.0000e+00
-5.425 -0.175 0.0000e+00
-5.425 -0.125 0.0000e+00
-5.425 -0.075 0.0000e+00
-5.425 -0.025 0.0000e+00
-5.425 0.025 0.0000e+00
-5.425 0.075 0.0000e+00
-5.425 0.125 0.0000e+00
-5.425 0.175 0.0000e+00
-5.425 0.225 0.0000e+00
-5.425 0.275 0.0000e+00
-5.425 0.325 0.0000e+00
-5.425 0.375 0.0000e+00
-5.425 0.425 0.0000e+00
-5.425 0.475 0.0000e+00
-5.425 0.525 0.0000e+00
-5.425 0.575 0.0000e+00
-5.425 0.625 0.0000e+00
-5.425 0.675 6.3959e-14
-5.425 0.725 1.2766e-13
-5.425 0.775 2.5480e-13
-5.425 0.825 5.0861e-13
-5.425 0.875 1.0153e-12
-5.425 0.925 2.0268e-12
-5.425 0.975 4.0463e-12
-5.425 1.025 8.0786e-12
-5.425 1.075 1.6130e-11
-5.425 1.125 3.2210e-11
-5.425 1.175 6.4325e-11
-5.425 1.225 1.2847e-10
-5.425 1.275 2.5662e-10
-5.425 1.325 5.1265e-10
-5.425 1.375 1.0243e-09
-5.425 1.425 2.0468e-09
-5.425 1.475 4.0907e-09
-5.425 1.525 8.1771e-09
-5.425 1.575 1.6349e-08
-5.425 1.625 3.2693e-08
-5.425 1.675 6.5390e-08
-5.425 1.725 1.3082e-07
-5.425 1.775 2.6178e-07
-5.425 1.825 5.2396e-07
-5.425 1.875 1.0490e-06
-5.425 1.925 2.1005e-06
-5.425 1.975 4.2070e-06
-5.425 2.025 8.4273e-06
-5.425 2.075 1.6883e-05
-5.425 2.125 3.3823e-05
-5.425 2.175 6.7751e-05
-5.425 2.225 1.3567e-04
-5.425 2.275 2.7155e-04
-5.425 2.325 5.4303e-04
-5.425 2.375 1.0845e-03
-5.425 2.425 2.1621e-03
-5.425 2.475 4.2992e-03
-5.425 2.525 8.5191e-03
-5.425 2.575 1.6804e-02
-5.425 2.625 3.2945e-02
-5.425 2.675 6.4094e-02
-5.425 2.725 1.2348e-01
-5.425 2.775 2.3504e-01
-5.425 2.825 4.4094e-01
-5.425 2.875 8.1328e-01
-5.425 2.925 1.4719e+00
-5.425 2.975 2.6109e+00
-5.425 3.025 4.5426e+00
-5.425 3.075 7.7760e+00
-5.425 3.125 1.3175e+01
-5.425 3.175 2.2282e+01
-5.425 3.225 3.7930e+01
-5.425 3.275 6.5304e+01
-5.425 3.325 1.1350e+02
-5.425 3.375 1.9740e+02
-5.425 3.425 3.3908e+02
-5.425 3.475 5.6754e+02
-5.425 3.525 9.1501e+02
-5.425 3.575 1.4088e+03
-5.425 3.625 2.0597e+03
-5.425 3.675 2.8481e+03
-5.425 3.725 3.7124e+03
-5.425 3.775 4.5284e+03
-5.425 3.825 4.8536e+03
-5.425 3.875 0.0000e+00
-5.425 3.925 0.0000e+00
-5.425 3.975 0.0000e+00
-5.375 -1.975 0.0000e+00
-5.375 -1.925 0.0000e+00
-5.375 -1.875 0.0000e+00
-5.375 -1.825 0.0000e+00
-5.375 -1.775 0.0000e+00
-5.375 -1.725 0.0000e+00
-5.375 -1.675 0.0000e+00
-5.375 -1.625 0.0000e+00
-5.375 -1.575 0.0000e+00
-5.375 -1.525 0.0000e+00
-5.375 -1.475 0.0000e+00
-5.375 -1.425 0.0000e+00
-5.375 -1.375 0.0000e+00
-5.375 -1.325 0.0000e+00
-5.375 -1.275 0.0000e+00
-5.375 -1.225 0.0000e+00
-5.375 -1.175 0.0000e+00
-5.375 -1.125 0.0000e+00
-5.375 -1.075 0.0000e+00
-5.375 -1.025 0.0000e+00
-5.375 -0.975 0.0000e+00
-5.375 -0.925 0.0000e+00
-5.375 -0.875 0.0000e+00
-5.375 -0.825 0.0000e+00
-5.375 -0.775 0.0000e+00
-5.375 -0.725 0.0000e+00
-5.375 -0.675 0.0000e+00
-5.375 -0.625 0.0000e+00
-5.375 -0.575 0.0000e+00
-5.375 -0.525 0.0000e+00
-5.375 -0.475 0.0000e+00
-5.375 -0.425 0.0000e+00
-5.375 -0.375 0.0000e+00
-5.375 -0.325 0.0000e+00
-5.375 -0.275 0.0000e+00
-5.375 -0.225 0.0000e+00
-5.375 -0.175 0.0000e+00
-5.375 -0.125 0.0000e+00
-5.375 -0.075 0.0000e+00
-5.375 -0.025 0.0000e+00
-5.375 0.025 0.0000e+00
-5.375 0.075 0.0000e+00
-5.375 0.125 0.0000e+00
-5.375 0.175 0.0000e+00
-5.375 0.225 0.0000e+00
-5.375 0.275 0.0000e+00
-5.375 0.325 0.0000e+00
-5.375 0.375 0.0000e+00
-5.375 0.425 0.0000e+00
-5.375 0.475 0.0000e+00
-5.375 0.525 0.0000e+00
-5.375 0.575 0.0000e+00
-5.375 0.625 0.0000e+00
-5.375 0.675 8.0520e-14
-5.375 0.725 1.6071e-13
-5.375 0.775 3.2078e-13
-5.375 0.825 6.4030e-13
-5.375 0.875 1.2782e-12
-5.375 0.925 2.5516e-12
-5.375 0.975 5.0940e-12
-5.375 1.025 1.0170e-11
-5.375 1.075 2.0307e-11
-5.375 1.125 4.0550e-11
-5.375 1.175 8.0980e-11
-5.375 1.225 1.6174e-10
-5.375 1.275 3.2306e-10
-5.375 1.325 6.4539e-10
-5.375 1.375 1.2895e-09
-5.375 1.425 2.5767e-09
-5.375 1.475 5.1499e-09
-5.375 1.525 1.0294e-08
-5.375 1.575 2.0582e-08
-5.375 1.625 4.1158e-08
-5.375 1.675 8.2322e-08
-5.375 1.725 1.6469e-07
-5.375 1.775 3.2956e-07
-5.375 1.825 6.5963e-07
-5.375 1.875 1.3206e-06
-5.375 1.925 2.6444e-06
-5.375 1.975 5.2963e-06
-5.375 2.025 1.0609e-05
-5.375 2.075 2.1254e-05
-5.375 2.125 4.2580e-05
-5.375 2.175 8.5294e-05
-5.375 2.225 1.7080e-04
-5.375 2.275 3.4186e-04
-5.375 2.325 6.8364e-04
-5.375 2.375 1.3654e-03
-5.375 2.425 2.7219e-03
-5.375 2.475 5.4123e-03
-5.375 2.525 1.0725e-02
-5.375 2.575 2.1155e-02
-5.375 2.625 4.1476e-02
-5.375 2.675 8.0691e-02
-5.375 2.725 1.5546e-01
-5.375 2.775 2.9590e-01
-5.375 2.825 5.5511e-01
-5.375 2.875 1.0239e+00
-5.375 2.925 1.8530e+00
-5.375 2.975 3.2871e+00
-5.375 3.025 5.7192e+00
-5.375 3.075 9.7902e+00
-5.375 3.125 1.6588e+01
-5.375 3.175 2.8055e+01
-5.375 3.225 4.7758e+01
-5.375 3.275 8.2224e+01
-5.375 3.325 1.4291e+02
-5.375 3.375 2.4853e+02
-5.375 3.425 4.2690e+02
-5.375 3.475 7.1450e+02
-5.375 3.525 1.1519e+03
-5.375 3.575 1.7734e+03
-5.375 3.625 2.5925e+03
-5.375 3.675 3.5847e+03
-5.375 3.725 4.6722e+03
-5.375 3.775 5.6989e+03
-5.375 3.825 6.1078e+03
-5.375 3.875 0.0000e+00
-5.375 3.925 0.0000e+00
-5.375 3.975 0.0000e+00
-5.325 -1.975 0.0000e+00
-5.325 -1.925 0.0000e+00
-5.325 -1.875 0.0000e+00
-5.325 -1.825 0.0000e+00
-5.325 -1.775 0.0000e+00
-5.325 -1.725 0.0000e+00
-5.325 -1.675 0.0000e+00
-5.325 -1.625 0.0000e+00
-5.325 -1.575 0.0000e+00
-5.325 -1.525 0.0000e+00
-5.325 -1.475 0.0000e+00
-5.325 -1.425 0.0000e+00
-5.325 -1.375 0.0000e+00
-5.325 -1.325 0.0000e+00
-5.325 -1.275 0.0000e+00
-5.325 -1.225 0.0000e+00
-5.325 -1.175 0.0000e+00
-5.325 -1.125 0.0000e+00
-5.325 -1.075 0.0000e+00
-5.325 -1.025 0.0000e+00
-5.325 -0.975 0.0000e+00
-5.325 -0.925 0.0000e+00
-5.325 -0.875 0.0000e+00
-5.325 -0.825 0.0000e+00
-5.325 -0.775 0.0000e+00
-5.325 -0.725 0.0000e+00
-5.325 -0.675 0.0000e+00
-5.325 -0.625 0.0000e+00
-5.325 -0.575 0.0000e+00
-5.325 -0.525 0.0000e+00
-5.325 -0.475 0.0000e+00
-5.325 -0.425 0.0000e+00
-5.325 -0.375 0.0000e+00
-5.325 -0.325 0.0000e+00
-5.325 -0.275 0.0000e+00
-5.325 -0.225 0.0000e+00
-5.325 -0.175 0.0000e+00
-5.325 -0.125 0.0000e+00
-5.325 -0.075 0.0000e+00
-5.325 -0.025 0.0000e+00
-5.325 0.025 0.0000e+00
-5.325 0.075 0.0000e+00
-5.325 0.125 0.0000e+00
-5.325 0.175 0.0000e+00
-5.325 0.225 0.0000e+00
-5.325 0.275 0.0000e+00
-5.325 0.325 0.0000e+00
-5.325 0.375 0.0000e+00
-5.325 0.425 0.0000e+00
-5.325 0.475 0.0000e+00
-5.325 0.525 0.0000e+00
-5.325 0.575 0.0000e+00
-5.325 0.625 0.0000e+00
-5.325 0.675 1.0137e-13
-5.325 0.725 2.0232e-13
-5.325 0.775 4.0384e-13
-5.325 0.825 8.0609e-13
-5.325 0.875 1.6091e-12
-5.325 0.925 3.2122e-12
-5.325 0.975 6.4129e-12
-5.325 1.025 1.2804e-11
-5.325 1.075 2.5565e-11
-5.325 1.125 5.1050e-11
-5.325 1.175 1.0195e-10
-5.325 1.225 2.0362e-10
-5.325 1.275 4.0671e-10
-5.325 1.325 8.1250e-10
-5.325 1.375 1.6234e-09
-5.325 1.425 3.2439e-09
-5.325 1.475 6.4833e-09
-5.325 1.525 1.2960e-08
-5.325 1.575 2.5911e-08
-5.325 1.625 5.1814e-08
-5.325 1.675 1.0364e-07
-5.325 1.725 2.0734e-07
-5.325 1.775 4.1489e-07
-5.325 1.825 8.3042e-07
-5.325 1.875 1.6625e-06
-5.325 1.925 3.3291e-06
-5.325 1.975 6.6676e-06
-5.325 2.025 1.3356e-05
-5.325 2.075 2.6757e-05
-5.325 2.125 5.3605e-05
-5.325 2.175 1.0738e-04
-5.325 2.225 2.1503e-04
-5.325 2.275 4.3038e-04
-5.325 2.325 8.6065e-04
-5.325 2.375 1.7189e-03
-5.325 2.425 3.4266e-03
-5.325 2.475 6.8137e-03
-5.325 2.525 1.3502e-02
-5.325 2.575 2.6632e-02
-5.325 2.625 5.2215e-02
-5.325 2.675 1.0158e-01
-5.325 2.725 1.9571e-01
-5.325 2.775 3.7252e-01
-5.325 2.825 6.9886e-01
-5.325 2.875 1.2890e+00
-5.325 2.925 2.3329e+00
-5.325 2.975 4.1384e+00
-5.325 3.025 7.2005e+00
-5.325 3.075 1.2326e+01
-5.325 3.125 2.0886e+01
-5.325 3.175 3.5324e+01
-5.325 3.225 6.0134e+01
-5.325 3.275 1.0353e+02
-5.325 3.325 1.7994e+02
-5.325 3.375 3.1292e+02
-5.325 3.425 5.3747e+02
-5.325 3.475 8.9950e+02
-5.325 3.525 1.4500e+03
-5.325 3.575 2.2323e+03
-5.325 3.625 3.2630e+03
-5.325 3.675 4.5115e+03
-5.325 3.725 5.8798e+03
-5.325 3.775 7.1712e+03
-5.325 3.825 7.6852e+03
-5.325 3.875 0.0000e+00
-5.325 3.925 0.0000e+00
-5.325 3.975 0.0000e+00
-5.275 -1.975 0.0000e+00
-5.275 -1.925 0.0000e+00
-5.275 -1.875 0.0000e+00
-5.275 -1.825 0.0000e+00
-5.275 -1.775 0.0000e+00
-5.275 -1.725 0.0000e+00
-5.275 -1.675 0.0000e+00
-5.275 -1.625 0.0000e+00
-5.275 -1.575 0.0000e+00
-5.275 -1.525 0.0000e+00
-5.275 -1.475 0.0000e+00
-5.275 -1.425 0.0000e+00
-5.275 -1.375 0.0000e+00
-5.275 -1.325 0.0000e+00
-5.275 -1.275 0.0000e+00
-5.275 -1.225 0.0000e+00
-5.275 -1.175 0.0000e+00
-5.275 -1.125 0.0000e+00
-5.275 -1.075 0.0000e+00
-5.275 -1.025 0.0000e+00
-5.275 -0.975 0.0000e+00
-5.275 -0.925 0.0000e+00
-5.275 -0.875 0.0000e+00
-5.275 -0.825 0.0000e+00
-5.275 -0.775 0.0000e+00
-5.275 -0.725 0.0000e+00
-5.275 -0.675 0.0000e+00
-5.275 -0.625 0.0000e+00
-5.275 -0.575 0.0000e+00
-5.275 -0.525 0.0000e+00
-5.275 -0.475 0.0000e+00
-5.275 -0.425 0.0000e+00
-5.275 -0.375 0.0000e+00
-5.275 -0.325 0.0000e+00
-5.275 -0.275 0.0000e+00
-5.275 -0.225 0.0000e+00
-5.275 -0.175 0.0000e+00
-5.275 -0.125 0.0000e+00
-5.275 -0.075 0.0000e+00
-5.275 -0.025 0.0000e+00
-5.275 0.025 0.0000e+00
-5.275 0.075 0.0000e+00
-5.275 0.125 0.0000e+00
-5.275 0.175 0.0000e+00
-5.275 0.225 0.0000e+00
-5.275 0.275 0.0000e+00
-5.275 0.325 0.0000e+00
-5.275 0.375 0.0000e+00
-5.275 0.425 0.0000e+00
-5.275 0.475 0.0000e+00
-5.275 0.525 0.0000e+00
-5.275 0.575 0.0000e+00
-5.275 0.625 0.0000e+00
-5.275 0.675 1.2762e-13
-5.275 0.725 2.5471e-13
-5.275 0.775 5.0840e-13
-5.275 0.825 1.0148e-12
-5.275 0.875 2.0257e-12
-5.275 0.925 4.0440e-12
-5.275 0.975 8.0734e-12
-5.275 1.025 1.6119e-11
-5.275 1.075 3.2184e-11
-5.275 1.125 6.4268e-11
-5.275 1.175 1.2835e-10
-5.275 1.225 2.5634e-10
-5.275 1.275 5.1202e-10
-5.275 1.325 1.0229e-09
-5.275 1.375 2.0437e-09
-5.275 1.425 4.0839e-09
-5.275 1.475 8.1620e-09
-5.275 1.525 1.6315e-08
-5.275 1.575 3.2620e-08
-5.275 1.625 6.5230e-08
-5.275 1.675 1.3047e-07
-5.275 1.725 2.6102e-07
-5.275 1.775 5.2232e-07
-5.275 1.825 1.0454e-06
-5.275 1.875 2.0930e-06
-5.275 1.925 4.1911e-06
-5.275 1.975 8.3940e-06
-5.275 2.025 1.6815e-05
-5.275 2.075 3.3686e-05
-5.275 2.125 6.7485e-05
-5.275 2.175 1.3518e-04
-5.275 2.225 2.7071e-04
-5.275 2.275 5.4181e-04
-5.275 2.325 1.0835e-03
-5.275 2.375 2.1639e-03
-5.275 2.425 4.3139e-03
-5.275 2.475 8.5780e-03
-5.275 2.525 1.6998e-02
-5.275 2.575 3.3528e-02
-5.275 2.625 6.5735e-02
-5.275 2.675 1.2789e-01
-5.275 2.725 2.4638e-01
-5.275 2.775 4.6899e-01
-5.275 2.825 8.7983e-01
-5.275 2.875 1.6228e+00
-5.275 2.925 2.9371e+00
-5.275 2.975 5.2103e+00
-5.275 3.025 9.0657e+00
-5.275 3.075 1.5520e+01
-5.275 3.125 2.6298e+01
-5.275 3.175 4.4479e+01
-5.275 3.225 7.5721e+01
-5.275 3.275 1.3037e+02
-5.275 3.325 2.2658e+02
-5.275 3.375 3.9401e+02
-5.275 3.425 6.7669e+02
-5.275 3.475 1.1324e+03
-5.275 3.525 1.8253e+03
-5.275 3.575 2.8097e+03
-5.275 3.625 4.1067e+03
-5.275 3.675 5.6775e+03
-5.275 3.725 7.3987e+03
-5.275 3.775 9.0229e+03
-5.275 3.825 9.6686e+03
-5.275 3.875 0.0000e+00
-5.275 3.925 0.0000e+00
-5.275 3.975 0.0000e+00
-5.225 -1.975 0.0000e+00
-5.225 -1.925 0.0000e+00
-5.225 -1.875 0.0000e+00
-5.225 -1.825 0.0000e+00
-5.225 -1.775 0.0000e+00
-5.225 -1.725 0.0000e+00
-5.225 -1.675 0.0000e+00
-5.225 -1.625 0.0000e+00
-5.225 -1.575 0.0000e+00
-5.225 -1.525 0.0000e+00
-5.225 -1.475 0.0000e+00
-5.225 -1.425 0.0000e+00
-5.225 -1.375 0.0000e+00
-5.225 -1.325 0.0000e+00
-5.225 -1.275 0.0000e+00
-5.225 -1.225 0.0000e+00
-5.225 -1.175 0.0000e+00
-5.225 -1.125 0.0000e+00
-5.225 -1.075 0.0000e+00
-5.225 -1.025 0.0000e+00
-5.225 -0.975 0.0000e+00
-5.225 -0.925 0.0000e+00
-5.225 -0.875 0.0000e+00
-5.225 -0.825 0.0000e+00
-5.225 -0.775 0.0000e+00
-5.225 -0.725 0.0000e+00
-5.225 -0.675 0.0000e+00
-5.225 -0.625 0.0000e+00
-5.225 -0.575 0.0000e+00
-5.225 -0.525 0.0000e+00
-5.225 -0.475 0.0000e+00
-5.225 -0.425 0.0000e+00
-5.225 -0.375 0.0000e+00
-5.225 -0.325 0.0000e+00
-5.225 -0.275 0.0000e+00
-5.225 -0.225 0.0000e+00
-5.225 -0.175 0.0000e+00
-5.225 -0.125 0.0000e+00
-5.225 -0.075 0.0000e+00
-5.225 -0.025 0.0000e+00
-5.225 0.025 0.0000e+00
-5.225 0.075 0.0000e+00
-5.225 0.125 0.0000e+00
-5.225 0.175 0.0000e+00
-5.225 0.225 0.0000e+00
-5.225 0.275 0.0000e+00
-5.225 0.325 0.0000e+00
-5.225 0.375 0.0000e+00
-5.225 0.425 0.0000e+00
-5.225 0.475 0.0000e+00
-5.225 0.525 0.0000e+00
-5.225 0.575 0.0000e+00
-5.225 0.625 0.0000e+00
-5.225 0.675 1.6066e-13
-5.225 0.725 3.2066e-13
-5.225 0.775 6.4004e-13
-5.225 0.825 1.2776e-12
-5.225 0.875 2.5503e-12
-5.225 0.925 5.0910e-12
-5.225 0.975 1.0164e-11
-5.225 1.025 2.0292e-11
-5.225 1.075 4.0518e-11
-5.225 1.125 8.0908e-11
-5.225 1.175 1.6158e-10
-5.225 1.225 3.2271e-10
-5.225 1.275 6.4460e-10
-5.225 1.325 1.2877e-09
-5.225 1.375 2.5728e-09
-5.225 1.425 5.1413e-09
-5.225 1.475 1.0275e-08
-5.225 1.525 2.0540e-08
-5.225 1.575 4.1066e-08
-5.225 1.625 8.2120e-08
-5.225 1.675 1.6425e-07
-5.225 1.725 3.2861e-07
-5.225 1.775 6.5756e-07
-5.225 1.825 1.3161e-06
-5.225 1.875 2.6349e-06
-5.225 1.925 5.2762e-06
-5.225 1.975 1.0567e-05
-5.225 2.025 2.1168e-05
-5.225 2.075 4.2408e-05
-5.225 2.125 8.4959e-05
-5.225 2.175 1.7018e-04
-5.225 2.225 3.4080e-04
-5.225 2.275 6.8210e-04
-5.225 2.325 1.3640e-03
-5.225 2.375 2.7242e-03
-5.225 2.425 5.4309e-03
-5.225 2.475 1.0799e-02
-5.225 2.525 2.1399e-02
-5.225 2.575 4.2209e-02
-5.225 2.625 8.2756e-02
-5.225 2.675 1.6100e-01
-5.225 2.725 3.1018e-01
-5.225 2.775 5.9043e-01
-5.225 2.825 1.1077e+00
-5.225 2.875 2.0431e+00
-5.225 2.925 3.6978e+00
-5.225 2.975 6.5599e+00
-5.225 3.025 1.1414e+01
-5.225 3.075 1.9541e+01
-5.225 3.125 3.3114e+01
-5.225 3.175 5.6010e+01
-5.225 3.225 9.5353e+01
-5.225 3.275 1.6417e+02
-5.225 3.325 2.8532e+02
-5.225 3.375 4.9612e+02
-5.225 3.425 8.5199e+02
-5.225 3.475 1.4256e+03
-5.225 3.525 2.2976e+03
-5.225 3.575 3.5364e+03
-5.225 3.625 5.1682e+03
-5.225 3.675 7.1440e+03
-5.225 3.725 9.3087e+03
-5.225 3.775 1.1351e+04
-5.225 3.825 1.2162e+04
-5.225 3.875 0.0000e+00
-5.225 3.925 0.0000e+00
-5.225 3.975 0.0000e+00
-5.175 -1.975 0.0000e+00
-5.175 -1.925 0.0000e+00
-5.175 -1.875 0.0000e+00
-5.175 -1.825 0.0000e+00
-5.175 -1.775 0.0000e+00
-5.175 -1.725 0.0000e+00
-5.175 -1.675 0.0000e+00
-5.175 -1.625 0.0000e+00
-5.175 -1.575 0.0000e+00
-5.175 -1.525 0.0000e+00
-5.175 -1.475 0.0000e+00
-5.175 -1.425 0.0000e+00
-5.175 -1.375 0.0000e+00
-5.175 -1.325 0.0000e+00
-5.175 -1.275 0.0000e+00
-5.175 -1.225 0.0000e+00
-5.175 -1.175 0.0000e+00
-5.175 -1.125 0.0000e+00
-5.175 -1.075 0.0000e+00
-5.175 -1.025 0.0000e+00
-5.175 -0.975 0.0000e+00
-5.175 -0.925 0.0000e+00
-5.175 -0.875 0.0000e+00
-5.175 -0.825 0.0000e+00
-5.175 -0.775 0.0000e+00
-5.175 -0.725 0.0000e+00
-5.175 -0.675 0.0000e+00
-5.175 -0.625 0.0000e+00
-5.175 -0.575 0.0000e+00
-5.175 -0.525 0.0000e+00
-5.175 -0.475 0.0000e+00
-5.175 -0.425 0.0000e+00
-5.175 -0.375 0.0000e+00
-5.175 -0.325 0.0000e+00
-5.175 -0.275 0.0000e+00
-5.175 -0.225 0.0000e+00
-5.175 -0.175 0.0000e+00
-5.175 -0.125 0.0000e+00
-5.175 -0.075 0.0000e+00
-5.175 -0.025 0.0000e+00
-5.175 0.025 0.0000e+00
-5.175 0.075 0.0000e+00
-5.175 0.125 0.0000e+00
-5.175 0.175 0.0000e+00
-5.175 0.225 0.0000e+00
-5.175 0.275 0.0000e+00
-5.175 0.325 0.0000e+00
-5.175 0.375 0.0000e+00
-5.175 0.425 0.0000e+00
-5.175 0.475 0.0000e+00
-5.175 0.525 0.0000e+00
-5.175 0.575 0.0000e+00
-5.175 0.625 0.0000e+00
-5.175 0.675 2.0226e-13
-5.175 0.725 4.0369e-13
-5.175 0.775 8.0576e-13
-5.175 0.825 1.6084e-12
-5.175 0.875 3.2106e-12
-5.175 0.925 6.4092e-12
-5.175 0.975 1.2795e-11
-5.175 1.025 2.5547e-11
-5.175 1.075 5.1009e-11
-5.175 1.125 1.0186e-10
-5.175 1.175 2.0341e-10
-5.175 1.225 4.0627e-10
-5.175 1.275 8.1150e-10
-5.175 1.325 1.6211e-09
-5.175 1.375 3.2390e-09
-5.175 1.425 6.4725e-09
-5.175 1.475 1.2936e-08
-5.175 1.525 2.5858e-08
-5.175 1.575 5.1699e-08
-5.175 1.625 1.0338e-07
-5.175 1.675 2.0678e-07
-5.175 1.725 4.1369e-07
-5.175 1.775 8.2782e-07
-5.175 1.825 1.6569e-06
-5.175 1.875 3.3171e-06
-5.175 1.925 6.6424e-06
-5.175 1.975 1.3304e-05
-5.175 2.025 2.6649e-05
-5.175 2.075 5.3388e-05
-5.175 2.125 1.0696e-04
-5.175 2.175 2.1425e-04
-5.175 2.225 4.2904e-04
-5.175 2.275 8.5871e-04
-5.175 2.325 1.7172e-03
-5.175 2.375 3.4296e-03
-5.175 2.425 6.8371e-03
-5.175 2.475 1.3595e-02
-5.175 2.525 2.6940e-02
-5.175 2.575 5.3139e-02
-5.175 2.625 1.0418e-01
-5.175 2.675 2.0269e-01
-5.175 2.725 3.9050e-01
-5.175 2.775 7.4332e-01
-5.175 2.825 1.3945e+00
-5.175 2.875 2.5722e+00
-5.175 2.925 4.6555e+00
-5.175 2.975 8.2592e+00
-5.175 3.025 1.4372e+01
-5.175 3.075 2.4605e+01
-5.175 3.125 4.1699e+01
-5.175 3.175 7.0534e+01
-5.175 3.225 1.2008e+02
-5.175 3.275 2.0675e+02
-5.175 3.325 3.5931e+02
-5.175 3.375 6.2473e+02
-5.175 3.425 1.0727e+03
-5.175 3.475 1.7947e+03
-5.175 3.525 2.8921e+03
-5.175 3.575 4.4507e+03
-5.175 3.625 6.5034e+03
-5.175 3.675 8.9883e+03
-5.175 3.725 1.1710e+04
-5.175 3.775 1.4277e+04
-5.175 3.825 1.5295e+04
-5.175 3.875 0.0000e+00
-5.175 3.925 0.0000e+00
-5.175 3.975 0.0000e+00
-5.125 -1.975 0.0000e+00
-5.125 -1.925 0.0000e+00
-5.125 -1.875 0.0000e+00
-5.125 -1.825 0.0000e+00
-5.125 -1.775 0.0000e+00
-5.125 -1.725 0.0000e+00
-5.125 -1.675 0.0000e+00
-5.125 -1.625 0.0000e+00
-5.125 -1.575 0.0000e+00
-5.125 -1.525 0.0000e+00
-5.125 -1.475 0.0000e+00
-5.125 -1.425 0.0000e+00
-5.125 -1.375 0.0000e+00
-5.125 -1.325 0.0000e+00
-5.125 -1.275 0.0000e+00
-5.125 -1.225 0.0000e+00
-5.125 -1.175 0.0000e+00
-5.125 -1.125 0.0000e+00
-5.125 -1.075 0.0000e+00
-5.125 -1.025 0.0000e+00
-5.125 -0.975 0.0000e+00
-5.125 -0.925 0.0000e+00
-5.125 -0.875 0.0000e+00
-5.125 -0.825 0.0000e+00
-5.125 -0.775 0.0000e+00
-5.125 -0.725 0.0000e+00
-5.125 -0.675 0.0000e+00
-5.125 -0.625 0.0000e+00
-5.125 -0.575 0.0000e+00
-5.125 -0.525 0.0000e+00
-5.125 -0.475 0.0000e+00
-5.125 -0.425 0.0000e+00
-5.125 -0.375 0.0000e+00
-5.125 -0.325 0.0000e+00
-5.125 -0.275 0.0000e+00
-5.125 -0.225 0.0000e+00
-5.125 -0.175 0.0000e+00
-5.125 -0.125 0.0000e+00
-5.125 -0.075 0.0000e+00
-5.125 -0.025 0.0000e+00
-5.125 0.025 0.0000e+00
-5.125 0.075 0.0000e+00
-5.125 0.125 0.0000e+00
-5.125 0.175 0.0000e+00
-5.125 0.225 0.0000e+00
-5.125 0.275 0.0000e+00
-5.125 0.325 0.0000e+00
-5.125 0.375 0.0000e+00
-5.125 0.425 0.0000e+00
-5.125 0.475 0.0000e+00
-5.125 0.525 0.0000e+00
-5.125 0.575 0.0000e+00
-5.125 0.625 0.0000e+00
-5.125 0.675 2.5463e-13
-5.125 0.725 5.0821e-13
-5.125 0.775 1.0144e-12
-5.125 0.825 2.0248e-12
-5.125 0.875 4.0419e-12
-5.125 0.925 8.0687e-12
-5.125 0.975 1.6109e-11
-5.125 1.025 3.2161e-11
-5.125 1.075 6.4216e-11
-5.125 1.125 1.2823e-10
-5.125 1.175 2.5608e-10
-5.125 1.225 5.1146e-10
-5.125 1.275 1.0216e-09
-5.125 1.325 2.0409e-09
-5.125 1.375 4.0777e-09
-5.125 1.425 8.1484e-09
-5.125 1.475 1.6285e-08
-5.125 1.525 3.2553e-08
-5.125 1.575 6.5085e-08
-5.125 1.625 1.3015e-07
-5.125 1.675 2.6032e-07
-5.125 1.725 5.2080e-07
-5.125 1.775 1.0422e-06
-5.125 1.825 2.0859e-06
-5.125 1.875 4.1760e-06
-5.125 1.925 8.3623e-06
-5.125 1.975 1.6748e-05
-5.125 2.025 3.3550e-05
-5.125 2.075 6.7212e-05
-5.125 2.125 1.3465e-04
-5.125 2.175 2.6972e-04
-5.125 2.225 5.4013e-04
-5.125 2.275 1.0811e-03
-5.125 2.325 2.1619e-03
-5.125 2.375 4.3177e-03
-5.125 2.425 8.6074e-03
-5.125 2.475 1.7115e-02
-5.125 2.525 3.3916e-02
-5.125 2.575 6.6898e-02
-5.125 2.625 1.3116e-01
-5.125 2.675 2.5518e-01
-5.125 2.725 4.9162e-01
-5.125 2.775 9.3581e-01
-5.125 2.825 1.7557e+00
-5.125 2.875 3.2384e+00
-5.125 2.925 5.8614e+00
-5.125 2.975 1.0399e+01
-5.125 3.025 1.8096e+01
-5.125 3.075 3.0984e+01
-5.125 3.125 5.2512e+01
-5.125 3.175 8.8831e+01
-5.125 3.225 1.5124e+02
-5.125 3.275 2.6040e+02
-5.125 3.325 4.5252e+02
-5.125 3.375 7.8672e+02
-5.125 3.425 1.3507e+03
-5.125 3.475 2.2594e+03
-5.125 3.525 3.6402e+03
-5.125 3.575 5.6009e+03
-5.125 3.625 8.1826e+03
-5.125 3.675 1.1307e+04
-5.125 3.725 1.4728e+04
-5.125 3.775 1.7953e+04
-5.125 3.825 1.9230e+04
-5.125 3.875 0.0000e+00
-5.125 3.925 0.0000e+00
-5.125 3.975 0.0000e+00
-5.075 -1.975 0.0000e+00
-5.075 -1.925 0.0000e+00
-5.075 -1.875 0.0000e+00
-5.075 -1.825 0.0000e+00
-5.075 -1.775 0.0000e+00
-5.075 -1.725 0.0000e+00
-5.075 -1.675 0.0000e+00
-5.075 -1.625 0.0000e+00
-5.075 -1.575 0.0000e+00
-5.075 -1.525 0.0000e+00
-5.075 -1.475 0.0000e+00
-5.075 -1.425 0.0000e+00
-5.075 -1.375 0.0000e+00
-5.075 -1.325 0.0000e+00
-5.075 -1.275 0.0000e+00
-5.075 -1.225 0.0000e+00
-5.075 -1.175 0.0000e+00
-5.075 -1.125 0.0000e+00
-5.075 -1.075 0.0000e+00
-5.075 -1.025 0.0000e+00
-5.075 -0.975 0.0000e+00
-5.075 -0.925 0.0000e+00
-5.075 -0.875 0.0000e+00
-5.075 -0.825 0.0000e+00
-5.075 -0.775 0.0000e+00
-5.075 -0.725 0.0000e+00
-5.075 -0.675 0.0000e+00
-5.075 -0.625 0.0000e+00
-5.075 -0.575 0.0000e+00
-5.075 -0.525 0.0000e+00
-5.075 -0.475 0.0000e+00
-5.075 -0.425 0.0000e+00
-5.075 -0.375 0.0000e+00
-5.075 -0.325 0.0000e+00
-5.075 -0.275 0.0000e+00
-5.075 -0.225 0.0000e+00
-5.075 -0.175 0.0000e+00
-5.075 -0.125 0.0000e+00
-5.075 -0.075 0.0000e+00
-5.075 -0.025 0.0000e+00
-5.075 0.025 0.0000e+00
-5.075 0.075 0.0000e+00
-5.075 0.125 0.0000e+00
-5.075 0.175 0.0000e+00
-5.075 0.225 0.0000e+00
-5.075 0.275 0.0000e+00
-5.075 0.325 0.0000e+00
-5.075 0.375 0.0000e+00
-5.075 0.425 0.0000e+00
-5.075 0.475 0.0000e+00
-5.075 0.525 0.0000e+00
-5.075 0.575 0.0000e+00
-5.075 0.625 0.0000e+00
-5.075 0.675 3.2055e-13
-5.075 0.725 6.3980e-13
-5.075 0.775 1.2770e-12
-5.075 0.825 2.5491e-12
-5.075 0.875 5.0884e-12
-5.075 0.925 1.0158e-11
-5.075 0.975 2.0279e-11
-5.075 1.025 4.0489e-11
-5.075 1.075 8.0844e-11
-5.075 1.125 1.6143e-10
-5.075 1.175 3.2239e-10
-5.075 1.225 6.4389e-10
-5.075 1.275 1.2861e-09
-5.075 1.325 2.5693e-09
-5.075 1.375 5.1335e-09
-5.075 1.425 1.0258e-08
-5.075 1.475 2.0502e-08
-5.075 1.525 4.0982e-08
-5.075 1.575 8.1937e-08
-5.075 1.625 1.6385e-07
-5.075 1.675 3.2773e-07
-5.075 1.725 6.5565e-07
-5.075 1.775 1.3120e-06
-5.075 1.825 2.6260e-06
-5.075 1.875 5.2573e-06
-5.075 1.925 1.0527e-05
-5.075 1.975 2.1085e-05
-5.075 2.025 4.2236e-05
-5.075 2.075 8.4615e-05
-5.075 2.125 1.6951e-04
-5.075 2.175 3.3956e-04
-5.075 2.225 6.7999e-04
-5.075 2.275 1.3610e-03
-5.075 2.325 2.7216e-03
-5.075 2.375 5.4356e-03
-5.075 2.425 1.0836e-02
-5.075 2.475 2.1547e-02
-5.075 2.525 4.2698e-02
-5.075 2.575 8.4220e-02
-5.075 2.625 1.6513e-01
-5.075 2.675 3.2125e-01
-5.075 2.725 6.1893e-01
-5.075 2.775 1.1782e+00
-5.075 2.825 2.2104e+00
-5.075 2.875 4.0773e+00
-5.075 2.925 7.3799e+00
-5.075 2.975 1.3094e+01
-5.075 3.025 2.2787e+01
-5.075 3.075 3.9018e+01
-5.075 3.125 6.6134e+01
-5.075 3.175 1.1189e+02
-5.075 3.225 1.9051e+02
-5.075 3.275 3.2801e+02
-5.075 3.325 5.6997e+02
-5.075 3.375 9.9080e+02
-5.075 3.425 1.7008e+03
-5.075 3.475 2.8444e+03
-5.075 3.525 4.5816e+03
-5.075 3.575 7.0478e+03
-5.075 3.625 1.0294e+04
-5.075 3.675 1.4221e+04
-5.075 3.725 1.8519e+04
-5.075 3.775 2.2569e+04
-5.075 3.825 2.4168e+04
-5.075 3.875 0.0000e+00
-5.075 3.925 0.0000e+00
-5.075 3.975 0.0000e+00
-5.025 -1.975 0.0000e+00
-5.025 -1.925 0.0000e+00
-5.025 -1.875 0.0000e+00
-5.025 -1.825 0.0000e+00
-5.025 -1.775 0.0000e+00
-5.025 -1.725 0.0000e+00
-5.025 -1.675 0.0000e+00
-5.025 -1.625 0.0000e+00
-5.025 -1.575 0.0000e+00
-5.025 -1.525 0.0000e+00
-5.025 -1.475 0.0000e+00
-5.025 -1.425 0.0000e+00
-5.025 -1.375 0.0000e+00
-5.025 -1.325 0.0000e+00
-5.025 -1.275 0.0000e+00
-5.025 -1.225 0.0000e+00
-5.025 -1.175 0.0000e+00
-5.025 -1.125 0.0000e+00
-5.025 -1.075 0.0000e+00
-5.025 -1.025 0.0000e+00
-5.025 -0.975 0.0000e+00
-5.025 -0.925 0.0000e+00
-5.025 -0.875 0.0000e+00
-5.025 -0.825 0.0000e+00
-5.025 -0.775 0.0000e+00
-5.025 -0.725 0.0000e+00
-5.025 -0.675 0.0000e+00
-5.025 -0.625 0.0000e+00
-5.025 -0.575 0.0000e+00
-5.025 -0.525 0.0000e+00
-5.025 -0.475 0.0000e+00
-5.025 -0.425 0.0000e+00
-5.025 -0.375 0.0000e+00
-5.025 -0.325 0.0000e+00
-5.025 -0.275 0.0000e+00
-5.025 -0.225 0.0000e+00
-5.025 -0.175 0.0000e+00
-5.025 -0.125 0.0000e+00
-5.025 -0.075 0.0000e+00
-5.025 -0.025 0.0000e+00
-5.025 0.025 0.0000e+00
-5.025 0.075 0.0000e+00
-5.025 0.125 0.0000e+00
-5.025 0.175 0.0000e+00
-5.025 0.225 0.0000e+00
-5.025 0.275 0.0000e+00
-5.025 0.325 0.0000e+00
-5.025 0.375 0.0000e+00
-5.025 0.425 0.0000e+00
-5.025 0.475 0.0000e+00
-5.025 0.525 0.0000e+00
-5.025 0.575 0.0000e+00
-5.025 0.625 0.0000e+00
-5.025 0.675 4.0355e-13
-5.025 0.725 8.0546e-13
-5.025 0.775 1.6077e-12
-5.025 0.825 3.2091e-12
-5.025 0.875 6.4059e-12
-5.025 0.925 1.2788e-11
-5.025 0.975 2.5530e-11
-5.025 1.025 5.0972e-11
-5.025 1.075 1.0178e-10
-5.025 1.125 2.0323e-10
-5.025 1.175 4.0586e-10
-5.025 1.225 8.1061e-10
-5.025 1.275 1.6192e-09
-5.025 1.325 3.2346e-09
-5.025 1.375 6.4627e-09
-5.025 1.425 1.2914e-08
-5.025 1.475 2.5810e-08
-5.025 1.525 5.1594e-08
-5.025 1.575 1.0315e-07
-5.025 1.625 2.0628e-07
-5.025 1.675 4.1259e-07
-5.025 1.725 8.2542e-07
-5.025 1.775 1.6517e-06
-5.025 1.825 3.3060e-06
-5.025 1.875 6.6186e-06
-5.025 1.925 1.3253e-05
-5.025 1.975 2.6544e-05
-5.025 2.025 5.3173e-05
-5.025 2.075 1.0652e-04
-5.025 2.125 2.1341e-04
-5.025 2.175 4.2748e-04
-5.025 2.225 8.5605e-04
-5.025 2.275 1.7134e-03
-5.025 2.325 3.4263e-03
-5.025 2.375 6.8431e-03
-5.025 2.425 1.3642e-02
-5.025 2.475 2.7126e-02
-5.025 2.525 5.3754e-02
-5.025 2.575 1.0603e-01
-5.025 2.625 2.0788e-01
-5.025 2.675 4.0444e-01
-5.025 2.725 7.7921e-01
-5.025 2.775 1.4833e+00
-5.025 2.825 2.7828e+00
-5.025 2.875 5.1334e+00
-5.025 2.925 9.2920e+00
-5.025 2.975 1.6487e+01
-5.025 3.025 2.8694e+01
-5.025 3.075 4.9139e+01
-5.025 3.125 8.3299e+01
-5.025 3.175 1.4094e+02
-5.025 3.225 2.4000e+02
-5.025 3.275 4.1323e+02
-5.025 3.325 7.1801e+02
-5.025 3.375 1.2479e+03
-5.025 3.425 2.1417e+03
-5.025 3.475 3.5808e+03
-5.025 3.525 5.7662e+03
-5.025 3.575 8.8672e+03
-5.025 3.625 1.2947e+04
-5.025 3.675 1.7881e+04
-5.025 3.725 2.3279e+04
-5.025 3.775 2.8362e+04
-5.025 3.825 3.0362e+04
-5.025 3.875 0.0000e+00
-5.025 3.925 0.0000e+00
-5.025 3.975 0.0000e+00
-4.975 -1.975 0.0000e+00
-4.975 -1.925 0.0000e+00
-4.975 -1.875 0.0000e+00
-4.975 -1.825 0.0000e+00
-4.975 -1.775 0.0000e+00
-4.975 -1.725 0.0000e+00
-4.975 -1.675 0.0000e+00
-4.975 -1.625 0.0000e+00
-4.975 -1.575 0.0000e+00
-4.975 -1.525 0.0000e+00
-4.975 -1.475 0.0000e+00
-4.975 -1.425 0.0000e+00
-4.975 -1.375 0.0000e+00
-4.975 -1.325 0.0000e+00
-4.975 -1.275 0.0000e+00
-4.975 -1.225 0.0000e+00
-4.975 -1.175 0.0000e+00
-4.975 -1.125 0.0000e+00
-4.975 -1.075 0.0000e+00
-4.975 -1.025 0.0000e+00
-4.975 -0.975 0.0000e+00
-4.975 -0.925 0.0000e+00
-4.975 -0.875 0.0000e+00
-4.975 -0.825 0.0000e+00
-4.975 -0.775 0.0000e+00
-4.975 -0.725 0.0000e+00
-4.975 -0.675 0.0000e+00
-4.975 -0.625 0.0000e+00
-4.975 -0.575 0.0000e+00
-4.975 -0.525 0.0000e+00
-4.975 -0.475 0.0000e+00
-4.975 -0.425 0.0000e+00
-4.975 -0.375 0.0000e+00
-4.975 -0.325 0.0000e+00
-4.975 -0.275 0.0000e+00
-4.975 -0.225 0.0000e+00
-4.975 -0.175 0.0000e+00
-4.975 -0.125 0.0000e+00
-4.975 -0.075 0.0000e+00
-4.975 -0.025 0.0000e+00
-4.975 0.025 0.0000e+00
-4.975 0.075 0.0000e+00
-4.975 0.125 0.0000e+00
-4.975 0.175 0.0000e+00
-4.975 0.225 0.0000e+00
-4.975 0.275 0.0000e+00
-4.975 0.325 0.0000e+00
-4.975 0.375 0.0000e+00
-4.975 0.425 0.0000e+00
-4.975 0.475 0.0000e+00
-4.975 0.525 0.0000e+00
-4.975 0.575 0.0000e+00
-4.975 0.625 0.0000e+00
-4.975 0.675 5.0805e-13
-4.975 0.725 1.0140e-12
-4.975 0.775 2.0240e-12
-4.975 0.825 4.0400e-12
-4.975 0.875 8.0646e-12
-4.975 0.925 1.6099e-11
-4.975 0.975 3.2141e-11
-4.975 1.025 6.4170e-11
-4.975 1.075 1.2813e-10
-4.975 1.125 2.5585e-10
-4.975 1.175 5.1095e-10
-4.975 1.225 1.0205e-09
-4.975 1.275 2.0384e-09
-4.975 1.325 4.0721e-09
-4.975 1.375 8.1361e-09
-4.975 1.425 1.6258e-08
-4.975 1.475 3.2493e-08
-4.975 1.525 6.4953e-08
-4.975 1.575 1.2986e-07
-4.975 1.625 2.5969e-07
-4.975 1.675 5.1941e-07
-4.975 1.725 1.0391e-06
-4.975 1.775 2.0794e-06
-4.975 1.825 4.1620e-06
-4.975 1.875 8.3323e-06
-4.975 1.925 1.6685e-05
-4.975 1.975 3.3417e-05
-4.975 2.025 6.6940e-05
-4.975 2.075 1.3411e-04
-4.975 2.125 2.6866e-04
-4.975 2.175 5.3817e-04
-4.975 2.225 1.0777e-03
-4.975 2.275 2.1570e-03
-4.975 2.325 4.3135e-03
-4.975 2.375 8.6149e-03
-4.975 2.425 1.7174e-02
-4.975 2.475 3.4150e-02
-4.975 2.525 6.7672e-02
-4.975 2.575 1.3348e-01
-4.975 2.625 2.6171e-01
-4.975 2.675 5.0918e-01
-4.975 2.725 9.8101e-01
-4.975 2.775 1.8674e+00
-4.975 2.825 3.5037e+00
-4.975 2.875 6.4634e+00
-4.975 2.925 1.1700e+01
-4.975 2.975 2.0761e+01
-4.975 3.025 3.6137e+01
-4.975 3.075 6.1892e+01
-4.975 3.125 1.0493e+02
-4.975 3.175 1.7757e+02
-4.975 3.225 3.0240e+02
-4.975 3.275 5.2068e+02
-4.975 3.325 9.0463e+02
-4.975 3.375 1.5720e+03
-4.975 3.425 2.6971e+03
-4.975 3.475 4.5079e+03
-4.975 3.525 7.2564e+03
-4.975 3.575 1.1155e+04
-4.975 3.625 1.6281e+04
-4.975 3.675 2.2477e+04
-4.975 3.725 2.9251e+04
-4.975 3.775 3.5624e+04
-4.975 3.825 3.8123e+04
-4.975 3.875 0.0000e+00
-4.975 3.925 0.0000e+00
-4.975 3.975 0.0000e+00
-4.925 -1.975 0.0000e+00
-4.925 -1.925 0.0000e+00
-4.925 -1.875 0.0000e+00
-4.925 -1.825 0.0000e+00
-4.925 -1.775 0.0000e+00
-4.925 -1.725 0.0000e+00
-4.925 -1.675 0.0000e+00
-4.925 -1.625 0.0000e+00
-4.925 -1.575 0.0000e+00
-4.925 -1.525 0.0000e+00
-4.925 -1.475 0.0000e+00
-4.925 -1.425 0.0000e+00
-4.925 -1.375 0.0000e+00
-4.925 -1.325 0.0000e+00
-4.925 -1.275 0.0000e+00
-4.925 -1.225 0.0000e+00
-4.925 -1.175 0.0000e+00
-4.925 -1.125 0.0000e+00
-4.925 -1.075 0.0000e+00
-4.925 -1.025 0.0000e+00
-4.925 -0.975 0.0000e+00
-4.925 -0.925 0.0000e+00
-4.925 -0.875 0.0000e+00
-4.925 -0.825 0.0000e+00
-4.925 -0.775 0.0000e+00
-4.925 -0.725 0.0000e+00
-4.925 -0.675 0.0000e+00
-4.925 -0.625 0.0000e+00
-4.925 -0.575 0.0000e+00
-4.925 -0.525 0.0000e+00
-4.925 -0.475 0.0000e+00
-4.925 -0.425 0.0000e+00
-4.925 -0.375 0.0000e+00
-4.925 -0.325 0.0000e+00
-4.925 -0.275 0.0000e+00
-4.925 -0.225 0.0000e+00
-4.925 -0.175 0.0000e+00
-4.925 -0.125 0.0000e+00
-4.925 -0.075 0.0000e+00
-4.925 -0.025 0.0000e+00
-4.925 0.025 0.0000e+00
-4.925 0.075 0.0000e+00
-4.925 0.125 0.0000e+00
-4.925 0.175 0.0000e+00
-4.925 0.225 0.0000e+00
-4.925 0.275 0.0000e+00
-4.925 0.325 0.0000e+00
-4.925 0.375 0.0000e+00
-4.925 0.425 0.0000e+00
-4.925 0.475 0.0000e+00
-4.925 0.525 0.0000e+00
-4.925 0.575 0.0000e+00
-4.925 0.625 0.0000e+00
-4.925 0.675 6.3959e-13
-4.925 0.725 1.2766e-12
-4.925 0.775 2.5480e-12
-4.925 0.825 5.0861e-12
-4.925 0.875 1.0153e-11
-4.925 0.925 2.0268e-11
-4.925 0.975 4.0463e-11
-4.925 1.025 8.0786e-11
-4.925 1.075 1.6130e-10
-4.925 1.125 3.2210e-10
-4.925 1.175 6.4325e-10
-4.925 1.225 1.2847e-09
-4.925 1.275 2.5662e-09
-4.925 1.325 5.1265e-09
-4.925 1.375 1.0243e-08
-4.925 1.425 2.0468e-08
-4.925 1.475 4.0907e-08
-4.925 1.525 8.1771e-08
-4.925 1.575 1.6349e-07
-4.925 1.625 3.2693e-07
-4.925 1.675 6.5390e-07
-4.925 1.725 1.3082e-06
-4.925 1.775 2.6178e-06
-4.925 1.825 5.2396e-06
-4.925 1.875 1.0490e-05
-4.925 1.925 2.1005e-05
-4.925 1.975 4.2070e-05
-4.925 2.025 8.4273e-05
-4.925 2.075 1.6883e-04
-4.925 2.125 3.3823e-04
-4.925 2.175 6.7752e-04
-4.925 2.225 1.3568e-03
-4.925 2.275 2.7155e-03
-4.925 2.325 5.4304e-03
-4.925 2.375 1.0846e-02
-4.925 2.425 2.1621e-02
-4.925 2.475 4.2993e-02
-4.925 2.525 8.5196e-02
-4.925 2.575 1.6805e-01
-4.925 2.625 3.2949e-01
-4.925 2.675 6.4104e-01
-4.925 2.725 1.2351e+00
-4.925 2.775 2.3511e+00
-4.925 2.825 4.4113e+00
-4.925 2.875 8.1381e+00
-4.925 2.925 1.4733e+01
-4.925 2.975 2.6145e+01
-4.925 3.025 4.5513e+01
-4.925 3.075 7.7964e+01
-4.925 3.125 1.3220e+02
-4.925 3.175 2.2376e+02
-4.925 3.225 3.8111e+02
-4.925 3.275 6.5622e+02
-4.925 3.325 1.1400e+03
-4.925 3.375 1.9805e+03
-4.925 3.425 3.3968e+03
-4.925 3.475 5.6750e+03
-4.925 3.525 9.1308e+03
-4.925 3.575 1.4029e+04
-4.925 3.625 2.0467e+04
-4.925 3.675 2.8242e+04
-4.925 3.725 3.6736e+04
-4.925 3.775 4.4720e+04
-4.925 3.825 4.7834e+04
-4.925 3.875 0.0000e+00
-4.925 3.925 0.0000e+00
-4.925 3.975 0.0000e+00
-4.875 -1.975 0.0000e+00
-4.875 -1.925 0.0000e+00
-4.875 -1.875 0.0000e+00
-4.875 -1.825 0.0000e+00
-4.875 -1.775 0.0000e+00
-4.875 -1.725 0.0000e+00
-4.875 -1.675 0.0000e+00
-4.875 -1.625 0.0000e+00
-4.875 -1.575 0.0000e+00
-4.875 -1.525 0.0000e+00
-4.875 -1.475 0.0000e+00
-4.875 -1.425 0.0000e+00
-4.875 -1.375 0.0000e+00
-4.875 -1.325 0.0000e+00
-4.875 -1.275 0.0000e+00
-4.875 -1.225 0.0000e+00
-4.875 -1.175 0.0000e+00
-4.875 -1.125 0.0000e+00
-4.875 -1.075 0.0000e+00
-4.875 -1.025 0.0000e+00
-4.875 -0.975 0.0000e+00
-4.875 -0.925 0.0000e+00
-4.875 -0.875 0.0000e+00
-4.875 -0.825 0.0000e+00
-4.875 -0.775 0.0000e+00
-4.875 -0.725 0.0000e+00
-4.875 -0.675 0.0000e+00
-4.875 -0.625 0.0000e+00
-4.875 -0.575 0.0000e+00
-4.875 -0.525 0.0000e+00
-4.875 -0.475 0.0000e+00
-4.875 -0.425 0.0000e+00
-4.875 -0.375 0.0000e+00
-4.875 -0.325 0.0000e+00
-4.875 -0.275 0.0000e+00
-4.875 -0.225 0.0000e+00
-4.875 -0.175 0.0000e+00
-4.875 -0.125 0.0000e+00
-4.875 -0.075 0.0000e+00
-4.875 -0.025 0.0000e+00
-4.875 0.025 0.0000e+00
-4.875 0.075 0.0000e+00
-4.875 0.125 0.0000e+00
-4.875 0.175 0.0000e+00
-4.875 0.225 0.0000e+00
-4.875 0.275 0.0000e+00
-4.875 0.325 0.0000e+00
-4.875 0.375 0.0000e+00
-4.875 0.425 0.0000e+00
-4.875 0.475 0.0000e+00
-4.875 0.525 0.0000e+00
-4.875 0.575 0.0000e+00
-4.875 0.625 0.0000e+00
-4.875 0.675 8.0520e-13
-4.875 0.725 1.6071e-12
-4.875 0.775 3.2078e-12
-4.875 0.825 6.4030e-12
-4.875 0.875 1.2782e-11
-4.875 0.925 2.5516e-11
-4.875 0.975 5.0940e-11
-4.875 1.025 1.0170e-10
-4.875 1.075 2.0307e-10
-4.875 1.125 4.0550e-10
-4.875 1.175 8.0980e-10
-4.875 1.225 1.6174e-09
-4.875 1.275 3.2306e-09
-4.875 1.325 6.4539e-09
-4.875 1.375 1.2895e-08
-4.875 1.425 2.5767e-08
-4.875 1.475 5.1499e-08
-4.875 1.525 1.0294e-07
-4.875 1.575 2.0582e-07
-4.875 1.625 4.1158e-07
-4.875 1.675 8.2322e-07
-4.875 1.725 1.6469e-06
-4.875 1.775 3.2956e-06
-4.875 1.825 6.5963e-06
-4.875 1.875 1.3206e-05
-4.875 1.925 2.6444e-05
-4.875 1.975 5.2963e-05
-4.875 2.025 1.0609e-04
-4.875 2.075 2.1254e-04
-4.875 2.125 4.2580e-04
-4.875 2.175 8.5294e-04
-4.875 2.225 1.7081e-03
-4.875 2.275 3.4186e-03
-4.875 2.325 6.8365e-03
-4.875 2.375 1.3654e-02
-4.875 2.425 2.7220e-02
-4.875 2.475 5.4126e-02
-4.875 2.525 1.0726e-01
-4.875 2.575 2.1156e-01
-4.875 2.625 4.1481e-01
-4.875 2.675 8.0705e-01
-4.875 2.725 1.5550e+00
-4.875 2.775 2.9601e+00
-4.875 2.825 5.5542e+00
-4.875 2.875 1.0247e+01
-4.875 2.925 1.8552e+01
-4.875 2.975 3.2927e+01
-4.875 3.025 5.7329e+01
-4.875 3.075 9.8224e+01
-4.875 3.125 1.6660e+02
-4.875 3.175 2.8203e+02
-4.875 3.225 4.8043e+02
-4.875 3.275 8.2727e+02
-4.875 3.325 1.4369e+03
-4.875 3.375 2.4956e+03
-4.875 3.425 4.2784e+03
-4.875 3.475 7.1441e+03
-4.875 3.525 1.1488e+04
-4.875 3.575 1.7640e+04
-4.875 3.625 2.5719e+04
-4.875 3.675 3.5469e+04
-4.875 3.725 4.6109e+04
-4.875 3.775 5.6096e+04
-4.875 3.825 5.9968e+04
-4.875 3.875 0.0000e+00
-4.875 3.925 0.0000e+00
-4.875 3.975 0.0000e+00
-4.825 -1.975 0.0000e+00
-4.825 -1.925 0.0000e+00
-4.825 -1.875 0.0000e+00
-4.825 -1.825 0.0000e+00
-4.825 -1.775 0.0000e+00
-4.825 -1.725 0.0000e+00
-4.825 -1.675 0.0000e+00
-4.825 -1.625 0.0000e+00
-4.825 -1.575 0.0000e+00
-4.825 -1.525 0.0000e+00
-4.825 -1.475 0.0000e+00
-4.825 -1.425 0.0000e+00
-4.825 -1.375 0.0000e+00
-4.825 -1.325 0.0000e+00
-4.825 -1.275 0.0000e+00
-4.825 -1.225 0.0000e+00
-4.825 -1.175 0.0000e+00
-4.825 -1.125 0.0000e+00
-4.825 -1.075 0.0000e+00
-4.825 -1.025 0.0000e+00
-4.825 -0.975 0.0000e+00
-4.825 -0.925 0.0000e+00
-4.825 -0.875 0.0000e+00
-4.825 -0.825 0.0000e+00
-4.825 -0.775 0.0000e+00
-4.825 -0.725 0.0000e+00
-4.825 -0.675 0.0000e+00
-4.825 -0.625 0.0000e+00
-4.825 -0.575 0.0000e+00
-4.825 -0.525 0.0000e+00
-4.825 -0.475 0.0000e+00
-4.825 -0.425 0.0000e+00
-4.825 -0.375 0.0000e+00
-4.825 -0.325 0.0000e+00
-4.825 -0.275 0.0000e+00
-4.825 -0.225 0.0000e+00
-4.825 -0.175 0.0000e+00
-4.825 -0.125 0.0000e+00
-4.825 -0.075 0.0000e+00
-4.825 -0.025 0.0000e+00
-4.825 0.025 0.0000e+00
-4.825 0.075 0.0000e+00
-4.825 0.125 0.0000e+00
-4.825 0.175 0.0000e+00
-4.825 0.225 0.0000e+00
-4.825 0.275 0.0000e+00
-4.825 0.325 0.0000e+00
-4.825 0.375 0.0000e+00
-4.825 0.425 0.0000e+00
-4.825 0.475 0.0000e+00
-4.825 0.525 0.0000e+00
-4.825 0.575 0.0000e+00
-4.825 0.625 0.0000e+00
-4.825 0.675 1.0137e-12
-4.825 0.725 2.0232e-12
-4.825 0.775 4.0384e-12
-4.825 0.825 8.0609e-12
-4.825 0.875 1.6091e-11
-4.825 0.925 3.2122e-11
-4.825 0.975 6.4129e-11
-4.825 1.025 1.2804e-10
-4.825 1.075 2.5565e-10
-4.825 1.125 5.1050e-10
-4.825 1.175 1.0195e-09
-4.825 1.225 2.0362e-09
-4.825 1.275 4.0671e-09
-4.825 1.325 8.1250e-09
-4.825 1.375 1.6234e-08
-4.825 1.425 3.2439e-08
-4.825 1.475 6.4833e-08
-4.825 1.525 1.2960e-07
-4.825 1.575 2.5911e-07
-4.825 1.625 5.1814e-07
-4.825 1.675 1.0364e-06
-4.825 1.725 2.0734e-06
-4.825 1.775 4.1489e-06
-4.825 1.825 8.3042e-06
-4.825 1.875 1.6625e-05
-4.825 1.925 3.3291e-05
-4.825 1.975 6.6676e-05
-4.825 2.025 1.3356e-04
-4.825 2.075 2.6758e-04
-4.825 2.125 5.3606e-04
-4.825 2.175 1.0738e-03
-4.825 2.225 2.1503e-03
-4.825 2.275 4.3038e-03
-4.825 2.325 8.6067e-03
-4.825 2.375 1.7189e-02
-4.825 2.425 3.4268e-02
-4.825 2.475 6.8141e-02
-4.825 2.525 1.3503e-01
-4.825 2.575 2.6635e-01
-4.825 2.625 5.2223e-01
-4.825 2.675 1.0161e+00
-4.825 2.725 1.9577e+00
-4.825 2.775 3.7270e+00
-4.825 2.825 6.9934e+00
-4.825 2.875 1.2903e+01
-4.825 2.925 2.3364e+01
-4.825 2.975 4.1473e+01
-4.825 3.025 7.2222e+01
-4.825 3.075 1.2377e+02
-4.825 3.125 2.0999e+02
-4.825 3.175 3.5559e+02
-4.825 3.225 6.0585e+02
-4.825 3.275 1.0433e+03
-4.825 3.325 1.8118e+03
-4.825 3.375 3.1454e+03
-4.825 3.425 5.3894e+03
-4.825 3.475 8.9933e+03
-4.825 3.525 1.4451e+04
-4.825 3.575 2.2174e+04
-4.825 3.625 3.2304e+04
-4.825 3.675 4.4516e+04
-4.825 3.725 5.7827e+04
-4.825 3.775 7.0301e+04
-4.825 3.825 7.5099e+04
-4.825 3.875 0.0000e+00
-4.825 3.925 0.0000e+00
-4.825 3.975 0.0000e+00
-4.775 -1.975 0.0000e+00
-4.775 -1.925 0.0000e+00
-4.775 -1.875 0.0000e+00
-4.775 -1.825 0.0000e+00
-4.775 -1.775 0.0000e+00
-4.775 -1.725 0.0000e+00
-4.775 -1.675 0.0000e+00
-4.775 -1.625 0.0000e+00
-4.775 -1.575 0.0000e+00
-4.775 -1.525 0.0000e+00
-4.775 -1.475 0.0000e+00
-4.775 -1.425 0.0000e+00
-4.775 -1.375 0.0000e+00
-4.775 -1.325 0.0000e+00
-4.775 -1.275 0.0000e+00
-4.775 -1.225 0.0000e+00
-4.775 -1.175 0.0000e+00
-4.775 -1.125 0.0000e+00
-4.775 -1.075 0.0000e+00
-4.775 -1.025 0.0000e+00
-4.775 -0.975 0.0000e+00
-4.775 -0.925 0.0000e+00
-4.775 -0.875 0.0000e+00
-4.775 -0.825 0.0000e+00
-4.775 -0.775 0.0000e+00
-4.775 -0.725 0.0000e+00
-4.775 -0.675 0.0000e+00
-4.775 -0.625 0.0000e+00
-4.775 -0.575 0.0000e+00
-4.775 -0.525 0.0000e+00
-4.775 -0.475 0.0000e+00
-4.775 -0.425 0.0000e+00
-4.775 -0.375 0.0000e+00
-4.775 -0.325 0.0000e+00
-4.775 -0.275 0.0000e+00
-4.775 -0.225 0.0000e+00
-4.775 -0.175 0.0000e+00
-4.775 -0.125 0.0000e+00
-4.775 -0.075 0.0000e+00
-4.775 -0.025 0.0000e+00
-4.775 0.025 0.0000e+00
-4.775 0.075 0.0000e+00
-4.775 0.125 0.0000e+00
-4.775 0.175 0.0000e+00
-4.775 0.225 0.0000e+00
-4.775 0.275 0.0000e+00
-4.775 0.325 0.0000e+00
-4.775 0.375 0.0000e+00
-4.775 0.425 0.0000e+00
-4.775 0.475 0.0000e+00
-4.775 0.525 0.0000e+00
-4.775 0.575 0.0000e+00
-4.775 0.625 0.0000e+00
-4.775 0.675 1.2762e-12
-4.775 0.725 2.5471e-12
-4.775 0.775 5.0840e-12
-4.775 0.825 1.0148e-11
-4.775 0.875 2.0257e-11
-4.775 0.925 4.0440e-11
-4.775 0.975 8.0734e-11
-4.775 1.025 1.6119e-10
-4.775 1.075 3.2184e-10
-4.775 1.125 6.4268e-10
-4.775 1.175 1.2835e-09
-4.775 1.225 2.5634e-09
-4.775 1.275 5.1202e-09
-4.775 1.325 1.0229e-08
-4.775 1.375 2.0437e-08
-4.775 1.425 4.0839e-08
-4.775 1.475 8.1620e-08
-4.775 1.525 1.6315e-07
-4.775 1.575 3.2620e-07
-4.775 1.625 6.5231e-07
-4.775 1.675 1.3047e-06
-4.775 1.725 2.6102e-06
-4.775 1.775 5.2232e-06
-4.775 1.825 1.0454e-05
-4.775 1.875 2.0930e-05
-4.775 1.925 4.1911e-05
-4.775 1.975 8.3941e-05
-4.775 2.025 1.6815e-04
-4.775 2.075 3.3686e-04
-4.775 2.125 6.7486e-04
-4.775 2.175 1.3518e-03
-4.775 2.225 2.7071e-03
-4.775 2.275 5.4182e-03
-4.775 2.325 1.0835e-02
-4.775 2.375 2.1640e-02
-4.775 2.425 4.3141e-02
-4.775 2.475 8.5786e-02
-4.775 2.525 1.7000e-01
-4.775 2.575 3.3533e-01
-4.775 2.625 6.5748e-01
-4.775 2.675 1.2792e+00
-4.775 2.725 2.4649e+00
-4.775 2.775 4.6927e+00
-4.775 2.825 8.8060e+00
-4.775 2.875 1.6249e+01
-4.775 2.925 2.9426e+01
-4.775 2.975 5.2243e+01
-4.775 3.025 9.1001e+01
-4.775 3.075 1.5600e+02
-4.775 3.125 2.6477e+02
-4.775 3.175 4.4850e+02
-4.775 3.225 7.6433e+02
-4.775 3.275 1.3162e+03
-4.775 3.325 2.2853e+03
-4.775 3.375 3.9656e+03
-4.775 3.425 6.7899e+03
-4.775 3.475 1.1321e+04
-4.775 3.525 1.8175e+04
-4.775 3.575 2.7860e+04
-4.775 3.625 4.0550e+04
-4.775 3.675 5.5827e+04
-4.775 3.725 7.2452e+04
-4.775 3.775 8.7999e+04
-4.775 3.825 9.3920e+04
-4.775 3.875 0.0000e+00
-4.775 3.925 0.0000e+00
-4.775 3.975 0.0000e+00
-4.725 -1.975 0.0000e+00
-4.725 -1.925 0.0000e+00
-4.725 -1.875 0.0000e+00
-4.725 -1.825 0.0000e+00
-4.725 -1.775 0.0000e+00
-4.725 -1.725 0.0000e+00
-4.725 -1.675 0.0000e+00
-4.725 -1.625 0.0000e+00
-4.725 -1.575 0.0000e+00
-4.725 -1.525 0.0000e+00
-4.725 -1.475 0.0000e+00
-4.725 -1.425 0.0000e+00
-4.725 -1.375 0.0000e+00
-4.725 -1.325 0.0000e+00
-4.725 -1.275 0.0000e+00
-4.725 -1.225 0.0000e+00
-4.725 -1.175 0.0000e+00
-4.725 -1.125 0.0000e+00
-4.725 -1.075 0.0000e+00
-4.725 -1.025 0.0000e+00
-4.725 -0.975 0.0000e+00
-4.725 -0.925 0.0000e+00
-4.725 -0.875 0.0000e+00
-4.725 -0.825 0.0000e+00
-4.725 -0.775 0.0000e+00
-4.725 -0.725 0.0000e+00
-4.725 -0.675 0.0000e+00
-4.725 -0.625 0.0000e+00
-4.725 -0.575 0.0000e+00
-4.725 -0.525 0.0000e+00
-4.725 -0.475 0.0000e+00
-4.725 -0.425 0.0000e+00
-4.725 -0.375 0.0000e+00
-4.725 -0.325 0.0000e+00
-4.725 -0.275 0.0000e+00
-4.725 -0.225 0.0000e+00
-4.725 -0.175 0.0000e+00
-4.725 -0.125 0.0000e+00
-4.725 -0.075 0.0000e+00
-4.725 -0.025 0.0000e+00
-4.725 0.025 0.0000e+00
-4.725 0.075 0.0000e+00
-4.725 0.125 0.0000e+00
-4.725 0.175 0.0000e+00
-4.725 0.225 0.0000e+00
-4.725 0.275 0.0000e+00
-4.725 0.325 0.0000e+00
-4.725 0.375 0.0000e+00
-4.725 0.425 0.0000e+00
-4.725 0.475 0.0000e+00
-4.725 0.525 0.0000e+00
-4.725 0.575 0.0000e+00
-4.725 0.625 0.0000e+00
-4.725 0.675 1.6066e-12
-4.725 0.725 3.2066e-12
-4.725 0.775 6.4004e-12
-4.725 0.825 1.2776e-11
-4.725 0.875 2.5503e-11
-4.725 0.925 5.0910e-11
-4.725 0.975 1.0164e-10
-4.725 1.025 2.0292e-10
-4.725 1.075 4.0518e-10
-4.725 1.125 8.0908e-10
-4.725 1.175 1.6158e-09
-4.725 1.225 3.2271e-09
-4.725 1.275 6.4460e-09
-4.725 1.325 1.2877e-08
-4.725 1.375 2.5728e-08
-4.725 1.425 5.1413e-08
-4.725 1.475 1.0275e-07
-4.725 1.525 2.0540e-07
-4.725 1.575 4.1066e-07
-4.725 1.625 8.2120e-07
-4.725 1.675 1.6425e-06
-4.725 1.725 3.2861e-06
-4.725 1.775 6.5756e-06
-4.725 1.825 1.3161e-05
-4.725 1.875 2.6349e-05
-4.725 1.925 5.2763e-05
-4.725 1.975 1.0568e-04
-4.725 2.025 2.1169e-04
-4.725 2.075 4.2408e-04
-4.725 2.125 8.4960e-04
-4.725 2.175 1.7019e-03
-4.725 2.225 3.4081e-03
-4.725 2.275 6.8212e-03
-4.725 2.325 1.3641e-02
-4.725 2.375 2.7244e-02
-4.725 2.425 5.4312e-02
-4.725 2.475 1.0800e-01
-4.725 2.525 2.1402e-01
-4.725 2.575 4.2217e-01
-4.725 2.625 8.2777e-01
-4.725 2.675 1.6106e+00
-4.725 2.725 3.1034e+00
-4.725 2.775 5.9087e+00
-4.725 2.825 1.1089e+01
-4.725 2.875 2.0464e+01
-4.725 2.925 3.7064e+01
-4.725 2.975 6.5821e+01
-4.725 3.025 1.1469e+02
-4.725 3.075 1.9668e+02
-4.725 3.125 3.3396e+02
-4.725 3.175 5.6595e+02
-4.725 3.225 9.6477e+02
-4.725 3.275 1.6614e+03
-4.725 3.325 2.8839e+03
-4.725 3.375 5.0012e+03
-4.725 3.425 8.5557e+03
-4.725 3.475 1.4250e+04
-4.725 3.525 2.2851e+04
-4.725 3.575 3.4988e+04
-4.725 3.625 5.0863e+04
-4.725 3.675 6.9941e+04
-4.725 3.725 9.0663e+04
-4.725 3.775 1.0999e+05
-4.725 3.825 1.1726e+05
-4.725 3.875 0.0000e+00
-4.725 3.925 0.0000e+00
-4.725 3.975 0.0000e+00
-4.675 -1.975 0.0000e+00
-4.675 -1.925 0.0000e+00
-4.675 -1.875 0.0000e+00
-4.675 -1.825 0.0000e+00
-4.675 -1.775 0.0000e+00
-4.675 -1.725 0.0000e+00
-4.675 -1.675 0.0000e+00
-4.675 -1.625 0.0000e+00
-4.675 -1.575 0.0000e+00
-4.675 -1.525 0.0000e+00
-4.675 -1.475 0.0000e+00
-4.675 -1.425 0.0000e+00
-4.675 -1.375 0.0000e+00
-4.675 -1.325 0.0000e+00
-4.675 -1.275 0.0000e+00
-4.675 -1.225 0.0000e+00
-4.675 -1.175 0.0000e+00
-4.675 -1.125 0.0000e+00
-4.675 -1.075 0.0000e+00
-4.675 -1.025 0.0000e+00
-4.675 -0.975 0.0000e+00
-4.675 -0.925 0.0000e+00
-4.675 -0.875 0.0000e+00
-4.675 -0.825 0.0000e+00
-4.675 -0.775 0.0000e+00
-4.675 -0.725 0.0000e+00
-4.675 -0.675 0.0000e+00
-4.675 -0.625 0.0000e+00
-4.675 -0.575 0.0000e+00
-4.675 -0.525 0.0000e+00
-4.675 -0.475 0.0000e+00
-4.675 -0.425 0.0000e+00
-4.675 -0.375 0.0000e+00
-4.675 -0.325 0.0000e+00
-4.675 -0.275 0.0000e+00
-4.675 -0.225 0.0000e+00
-4.675 -0.175 0.0000e+00
-4.675 -0.125 0.0000e+00
-4.675 -0.075 0.0000e+00
-4.675 -0.025 0.0000e+00
-4.675 0.025 0.0000e+00
-4.675 0.075 0.0000e+00
-4.675 0.125 0.0000e+00
-4.675 0.175 0.0000e+00
-4.675 0.225 0.0000e+00
-4.675 0.275 0.0000e+00
-4.675 0.325 0.0000e+00
-4.675 0.375 0.0000e+00
-4.675 0.425 0.0000e+00
-4.675 0.475 0.0000e+00
-4.675 0.525 0.0000e+00
-4.675 0.575 0.0000e+00
-4.675 0.625 0.0000e+00
-4.675 0.675 2.0226e-12
-4.675 0.725 4.0369e-12
-4.675 0.775 8.0576e-12
-4.675 0.825 1.6084e-11
-4.675 0.875 3.2106e-11
-4.675 0.925 6.4092e-11
-4.675 0.975 1.2795e-10
-4.675 1.025 2.5547e-10
-4.675 1.075 5.1009e-10
-4.675 1.125 1.0186e-09
-4.675 1.175 2.0341e-09
-4.675 1.225 4.0627e-09
-4.675 1.275 8.1150e-09
-4.675 1.325 1.6211e-08
-4.675 1.375 3.2390e-08
-4.675 1.425 6.4725e-08
-4.675 1.475 1.2936e-07
-4.675 1.525 2.5858e-07
-4.675 1.575 5.1699e-07
-4.675 1.625 1.0338e-06
-4.675 1.675 2.0678e-06
-4.675 1.725 4.1369e-06
-4.675 1.775 8.2782e-06
-4.675 1.825 1.6569e-05
-4.675 1.875 3.3172e-05
-4.675 1.925 6.6424e-05
-4.675 1.975 1.3304e-04
-4.675 2.025 2.6650e-04
-4.675 2.075 5.3389e-04
-4.675 2.125 1.0696e-03
-4.675 2.175 2.1425e-03
-4.675 2.225 4.2905e-03
-4.675 2.275 8.5874e-03
-4.675 2.325 1.7173e-02
-4.675 2.375 3.4298e-02
-4.675 2.425 6.8376e-02
-4.675 2.475 1.3597e-01
-4.675 2.525 2.6944e-01
-4.675 2.575 5.3150e-01
-4.675 2.625 1.0422e+00
-4.675 2.675 2.0278e+00
-4.675 2.725 3.9076e+00
-4.675 2.775 7.4402e+00
-4.675 2.825 1.3964e+01
-4.675 2.875 2.5774e+01
-4.675 2.925 4.6692e+01
-4.675 2.975 8.2943e+01
-4.675 3.025 1.4458e+02
-4.675 3.075 2.4807e+02
-4.675 3.125 4.2144e+02
-4.675 3.175 7.1456e+02
-4.675 3.225 1.2186e+03
-4.675 3.275 2.0986e+03
-4.675 3.325 3.6413e+03
-4.675 3.375 6.3099e+03
-4.675 3.425 1.0783e+04
-4.675 3.475 1.7936e+04
-4.675 3.525 2.8720e+04
-4.675 3.575 4.3909e+04
-4.675 3.625 6.3737e+04
-4.675 3.675 8.7513e+04
-4.675 3.725 1.1327e+05
-4.675 3.775 1.3722e+05
-4.675 3.825 1.4608e+05
-4.675 3.875 0.0000e+00
-4.675 3.925 0.0000e+00
-4.675 3.975 0.0000e+00
-4.625 -1.975 0.0000e+00
-4.625 -1.925 0.0000e+00
-4.625 -1.875 0.0000e+00
-4.625 -1.825 0.0000e+00
-4.625 -1.775 0.0000e+00
-4.625 -1.725 0.0000e+00
-4.625 -1.675 0.0000e+00
-4.625 -1.625 0.0000e+00
-4.625 -1.575 0.0000e+00
-4.625 -1.525 0.0000e+00
-4.625 -1.475 0.0000e+00
-4.625 -1.425 0.0000e+00
-4.625 -1.375 0.0000e+00
-4.625 -1.325 0.0000e+00
-4.625 -1.275 0.0000e+00
-4.625 -1.225 0.0000e+00
-4.625 -1.175 0.0000e+00
-4.625 -1.125 0.0000e+00
-4.625 -1.075 0.0000e+00
-4.625 -1.025 0.0000e+00
-4.625 -0.975 0.0000e+00
-4.625 -0.925 0.0000e+00
-4.625 -0.875 0.0000e+00
-4.625 -0.825 0.0000e+00
-4.625 -0.775 0.0000e+00
-4.625 -0.725 0.0000e+00
-4.625 -0.675 0.0000e+00
-4.625 -0.625 0.0000e+00
-4.625 -0.575 0.0000e+00
-4.625 -0.525 0.0000e+00
-4.625 -0.475 0.0000e+00
-4.625 -0.425 0.0000e+00
-4.625 -0.375 0.0000e+00
-4.625 -0.325 0.0000e+00
-4.625 -0.275 0.0000e+00
-4.625 -0.225 0.0000e+00
-4.625 -0.175 0.0000e+00
-4.625 -0.125 0.0000e+00
-4.625 -0.075 0.0000e+00
-4.625 -0.025 0.0000e+00
-4.625 0.025 0.0000e+00
-4.625 0.075 0.0000e+00
-4.625 0.125 0.0000e+00
-4.625 0.175 0.0000e+00
-4.625 0.225 0.0000e+00
-4.625 0.275 0.0000e+00
-4.625 0.325 0.0000e+00
-4.625 0.375 0.0000e+00
-4.625 0.425 0.0000e+00
-4.625 0.475 0.0000e+00
-4.625 0.525 0.0000e+00
-4.625 0.575 0.0000e+00
-4.625 0.625 0.0000e+00
-4.625 0.675 2.5463e-12
-4.625 0.725 5.0821e-12
-4.625 0.775 1.0144e-11
-4.625 0.825 2.0248e-11
-4.625 0.875 4.0419e-11
-4.625 0.925 8.0687e-11
-4.625 0.975 1.6109e-10
-4.625 1.025 3.2161e-10
-4.625 1.075 6.4216e-10
-4.625 1.125 1.2823e-09
-4.625 1.175 2.5608e-09
-4.625 1.225 5.1146e-09
-4.625 1.275 1.0216e-08
-4.625 1.325 2.0409e-08
-4.625 1.375 4.0777e-08
-4.625 1.425 8.1484e-08
-4.625 1.475 1.6285e-07
-4.625 1.525 3.2553e-07
-4.625 1.575 6.5085e-07
-4.625 1.625 1.3015e-06
-4.625 1.675 2.6032e-06
-4.625 1.725 5.2081e-06
-4.625 1.775 1.0422e-05
-4.625 1.825 2.0859e-05
-4.625 1.875 4.1761e-05
-4.625 1.925 8.3623e-05
-4.625 1.975 1.6748e-04
-4.625 2.025 3.3550e-04
-4.625 2.075 6.7213e-04
-4.625 2.125 1.3465e-03
-4.625 2.175 2.6973e-03
-4.625 2.225 5.4015e-03
-4.625 2.275 1.0811e-02
-4.625 2.325 2.1620e-02
-4.625 2.375 4.3180e-02
-4.625 2.425 8.6083e-02
-4.625 2.475 1.7118e-01
-4.625 2.525 3.3922e-01
-4.625 2.575 6.6916e-01
-4.625 2.625 1.3121e+00
-4.625 2.675 2.5532e+00
-4.625 2.725 4.9202e+00
-4.625 2.775 9.3692e+00
-4.625 2.825 1.7587e+01
-4.625 2.875 3.2467e+01
-4.625 2.925 5.8831e+01
-4.625 2.975 1.0454e+02
-4.625 3.025 1.8232e+02
-4.625 3.075 3.1301e+02
-4.625 3.125 5.3213e+02
-4.625 3.175 9.0284e+02
-4.625 3.225 1.5403e+03
-4.625 3.275 2.6528e+03
-4.625 3.325 4.6009e+03
-4.625 3.375 7.9650e+03
-4.625 3.425 1.3592e+04
-4.625 3.475 2.2573e+04
-4.625 3.525 3.6080e+04
-4.625 3.575 5.5059e+04
-4.625 3.625 7.9772e+04
-4.625 3.675 1.0933e+05
-4.625 3.725 1.4125e+05
-4.625 3.775 1.7080e+05
-4.625 3.825 1.8149e+05
-4.625 3.875 0.0000e+00
-4.625 3.925 0.0000e+00
-4.625 3.975 0.0000e+00
-4.575 -1.975 0.0000e+00
-4.575 -1.925 0.0000e+00
-4.575 -1.875 0.0000e+00
-4.575 -1.825 0.0000e+00
-4.575 -1.775 0.0000e+00
-4.575 -1.725 0.0000e+00
-4.575 -1.675 0.0000e+00
-4.575 -1.625 0.0000e+00
-4.575 -1.575 0.0000e+00
-4.575 -1.525 0.0000e+00
-4.575 -1.475 0.0000e+00
-4.575 -1.425 0.0000e+00
-4.575 -1.375 0.0000e+00
-4.575 -1.325 0.0000e+00
-4.575 -1.275 0.0000e+00
-4.575 -1.225 0.0000e+00
-4.575 -1.175 0.0000e+00
-4.575 -1.125 0.0000e+00
-4.575 -1.075 0.0000e+00
-4.575 -1.025 0.0000e+00
-4.575 -0.975 0.0000e+00
-4.575 -0.925 0.0000e+00
-4.575 -0.875 0.0000e+00
-4.575 -0.825 0.0000e+00
-4.575 -0.775 0.0000e+00
-4.575 -0.725 0.0000e+00
-4.575 -0.675 0.0000e+00
-4.575 -0.625 0.0000e+00
-4.575 -0.575 0.0000e+00
-4.575 -0.525 0.0000e+00
-4.575 -0.475 0.0000e+00
-4.575 -0.425 0.0000e+00
-4.575 -0.375 0.0000e+00
-4.575 -0.325 0.0000e+00
-4.575 -0.275 0.0000e+00
-4.575 -0.225 0.0000e+00
-4.575 -0.175 0.0000e+00
-4.575 -0.125 0.0000e+00
-4.575 -0.075 0.0000e+00
-4.575 -0.025 0.0000e+00
-4.575 0.025 0.0000e+00
-4.575 0.075 0.0000e+00
-4.575 0.125 0.0000e+00
-4.575 0.175 0.0000e+00
-4.575 0.225 0.0000e+00
-4.575 0.275 0.0000e+00
-4.575 0.325 0.0000e+00
-4.575 0.375 0.0000e+00
-4.575 0.425 0.0000e+00
-4.575 0.475 0.0000e+00
-4.575 0.525 0.0000e+00
-4.575 0.575 0.0000e+00
-4.575 0.625 0.0000e+00
-4.575 0.675 3.2055e-12
-4.575 0.725 6.3980e-12
-4.575 0.775 1.2770e-11
-4.575 0.825 2.5491e-11
-4.575 0.875 5.0884e-11
-4.575 0.925 1.0158e-10
-4.575 0.975 2.0279e-10
-4.575 1.025 4.0489e-10
-4.575 1.075 8.0844e-10
-4.575 1.125 1.6143e-09
-4.575 1.175 3.2239e-09
-4.575 1.225 6.4389e-09
-4.575 1.275 1.2861e-08
-4.575 1.325 2.5693e-08
-4.575 1.375 5.1335e-08
-4.575 1.425 1.0258e-07
-4.575 1.475 2.0502e-07
-4.575 1.525 4.0982e-07
-4.575 1.575 8.1937e-07
-4.575 1.625 1.6385e-06
-4.575 1.675 3.2773e-06
-4.575 1.725 6.5566e-06
-4.575 1.775 1.3120e-05
-4.575 1.825 2.6260e-05
-4.575 1.875 5.2574e-05
-4.575 1.925 1.0528e-04
-4.575 1.975 2.1085e-04
-4.575 2.025 4.2237e-04
-4.575 2.075 8.4616e-04
-4.575 2.125 1.6952e-03
-4.575 2.175 3.3957e-03
-4.575 2.225 6.8001e-03
-4.575 2.275 1.3610e-02
-4.575 2.325 2.7218e-02
-4.575 2.375 5.4361e-02
-4.575 2.425 1.0838e-01
-4.575 2.475 2.1551e-01
-4.575 2.525 4.2708e-01
-4.575 2.575 8.4249e-01
-4.575 2.625 1.6521e+00
-4.575 2.675 3.2148e+00
-4.575 2.725 6.1956e+00
-4.575 2.775 1.1799e+01
-4.575 2.825 2.2152e+01
-4.575 2.875 4.0903e+01
-4.575 2.925 7.4142e+01
-4.575 2.975 1.3181e+02
-4.575 3.025 2.3001e+02
-4.575 3.075 3.9518e+02
-4.575 3.125 6.7239e+02
-4.575 3.175 1.1417e+03
-4.575 3.225 1.9489e+03
-4.575 3.275 3.3566e+03
-4.575 3.325 5.8180e+03
-4.575 3.375 1.0060e+04
-4.575 3.425 1.7138e+04
-4.575 3.475 2.8403e+04
-4.575 3.525 4.5298e+04
-4.575 3.575 6.8965e+04
-4.575 3.625 9.9686e+04
-4.575 3.675 1.3630e+05
-4.575 3.725 1.7569e+05
-4.575 3.775 2.1196e+05
-4.575 3.825 2.2473e+05
-4.575 3.875 0.0000e+00
-4.575 3.925 0.0000e+00
-4.575 3.975 0.0000e+00
-4.525 -1.975 0.0000e+00
-4.525 -1.925 0.0000e+00
-4.525 -1.875 0.0000e+00
-4.525 -1.825 0.0000e+00
-4.525 -1.775 0.0000e+00
-4.525 -1.725 0.0000e+00
-4.525 -1.675 0.0000e+00
-4.525 -1.625 0.0000e+00
-4.525 -1.575 0.0000e+00
-4.525 -1.525 0.0000e+00
-4.525 -1.475 0.0000e+00
-4.525 -1.425 0.0000e+00
-4.525 -1.375 0.0000e+00
-4.525 -1.325 0.0000e+00
-4.525 -1.275 0.0000e+00
-4.525 -1.225 0.0000e+00
-4.525 -1.175 0.0000e+00
-4.525 -1.125 0.0000e+00
-4.525 -1.075 0.0000e+00
-4.525 -1.025 0.0000e+00
-4.525 -0.975 0.0000e+00
-4.525 -0.925 0.0000e+00
-4.525 -0.875 0.0000e+00
-4.525 -0.825 0.0000e+00
-4.525 -0.775 0.0000e+00
-4.525 -0.725 0.0000e+00
-4.525 -0.675 0.0000e+00
-4.525 -0.625 0.0000e+00
-4.525 -0.575 0.0000e+00
-4.525 -0.525 0.0000e+00
-4.525 -0.475 0.0000e+00
-4.525 -0.425 0.0000e+00
-4.525 -0.375 0.0000e+00
-4.525 -0.325 0.0000e+00
-4.525 -0.275 0.0000e+00
-4.525 -0.225 0.0000e+00
-4.525 -0.175 0.0000e+00
-4.525 -0.125 0.0000e+00
-4.525 -0.075 0.0000e+00
-4.525 -0.025 0.0000e+00
-4.525 0.025 0.0000e+00
-4.525 0.075 0.0000e+00
-4.525 0.125 0.0000e+00
-4.525 0.175 0.0000e+00
-4.525 0.225 0.0000e+00
-4.525 0.275 0.0000e+00
-4.525 0.325 0.0000e+00
-4.525 0.375 0.0000e+00
-4.525 0.425 0.0000e+00
-4.525 0.475 0.0000e+00
-4.525 0.525 0.0000e+00
-4.525 0.575 0.0000e+00
-4.525 0.625 0.0000e+00
-4.525 0.675 4.0355e-12
-4.525 0.725 8.0546e-12
-4.525 0.775 1.6077e-11
-4.525 0.825 3.2091e-11
-4.525 0.875 6.4059e-11
-4.525 0.925 1.2788e-10
-4.525 0.975 2.5530e-10
-4.525 1.025 5.0972e-10
-4.525 1.075 1.0178e-09
-4.525 1.125 2.0323e-09
-4.525 1.175 4.0586e-09
-4.525 1.225 8.1061e-09
-4.525 1.275 1.6192e-08
-4.525 1.325 3.2346e-08
-4.525 1.375 6.4627e-08
-4.525 1.425 1.2914e-07
-4.525 1.475 2.5810e-07
-4.525 1.525 5.1594e-07
-4.525 1.575 1.0315e-06
-4.525 1.625 2.0628e-06
-4.525 1.675 4.1259e-06
-4.525 1.725 8.2542e-06
-4.525 1.775 1.6517e-05
-4.525 1.825 3.3060e-05
-4.525 1.875 6.6186e-05
-4.525 1.925 1.3253e-04
-4.525 1.975 2.6545e-04
-4.525 2.025 5.3174e-04
-4.525 2.075 1.0653e-03
-4.525 2.125 2.1341e-03
-4.525 2.175 4.2750e-03
-4.525 2.225 8.5610e-03
-4.525 2.275 1.7135e-02
-4.525 2.325 3.4266e-02
-4.525 2.375 6.8439e-02
-4.525 2.425 1.3644e-01
-4.525 2.475 2.7132e-01
-4.525 2.525 5.3770e-01
-4.525 2.575 1.0607e+00
-4.525 2.625 2.0801e+00
-4.525 2.675 4.0480e+00
-4.525 2.725 7.8021e+00
-4.525 2.775 1.4860e+01
-4.525 2.825 2.7905e+01
-4.525 2.875 5.1540e+01
-4.525 2.925 9.3460e+01
-4.525 2.975 1.6625e+02
-4.525 3.025 2.9032e+02
-4.525 3.075 4.9926e+02
-4.525 3.125 8.5036e+02
-4.525 3.175 1.4453e+03
-4.525 3.225 2.4686e+03
-4.525 3.275 4.2519e+03
-4.525 3.325 7.3642e+03
-4.525 3.375 1.2714e+04
-4.525 3.425 2.1614e+04
-4.525 3.475 3.5729e+04
-4.525 3.525 5.6824e+04
-4.525 3.575 8.6264e+04
-4.525 3.625 1.2433e+05
-4.525 3.675 1.6949e+05
-4.525 3.725 2.1785e+05
-4.525 3.775 2.6208e+05
-4.525 3.825 2.7709e+05
-4.525 3.875 0.0000e+00
-4.525 3.925 0.0000e+00
-4.525 3.975 0.0000e+00
-4.475 -1.975 0.0000e+00
-4.475 -1.925 0.0000e+00
-4.475 -1.875 0.0000e+00
-4.475 -1.825 0.0000e+00
-4.475 -1.775 0.0000e+00
-4.475 -1.725 0.0000e+00
-4.475 -1.675 0.0000e+00
-4.475 -1.625 0.0000e+00
-4.475 -1.575 0.0000e+00
-4.475 -1.525 0.0000e+00
-4.475 -1.475 0.0000e+00
-4.475 -1.425 0.0000e+00
-4.475 -1.375 0.0000e+00
-4.475 -1.325 0.0000e+00
-4.475 -1.275 0.0000e+00
-4.475 -1.225 0.0000e+00
-4.475 -1.175 0.0000e+00
-4.475 -1.125 0.0000e+00
-4.475 -1.075 0.0000e+00
-4.475 -1.025 0.0000e+00
-4.475 -0.975 0.0000e+00
-4.475 -0.925 0.0000e+00
-4.475 -0.875 0.0000e+00
-4.475 -0.825 0.0000e+00
-4.475 -0.775 0.0000e+00
-4.475 -0.725 0.0000e+00
-4.475 -0.675 0.0000e+00
-4.475 -0.625 0.0000e+00
-4.475 -0.575 0.0000e+00
-4.475 -0.525 0.0000e+00
-4.475 -0.475 0.0000e+00
-4.475 -0.425 0.0000e+00
-4.475 -0.375 0.0000e+00
-4.475 -0.325 0.0000e+00
-4.475 -0.275 0.0000e+00
-4.475 -0.225 0.0000e+00
-4.475 -0.175 0.0000e+00
-4.475 -0.125 0.0000e+00
-4.475 -0.075 0.0000e+00
-4.475 -0.025 0.0000e+00
-4.475 0.025 0.0000e+00
-4.475 0.075 0.0000e+00
-4.475 0.125 0.0000e+00
-4.475 0.175 0.0000e+00
-4.475 0.225 0.0000e+00
-4.475 0.275 0.0000e+00
-4.475 0.325 0.0000e+00
-4.475 0.375 0.0000e+00
-4.475 0.425 0.0000e+00
-4.475 0.475 0.0000e+00
-4.475 0.525 0.0000e+00
-4.475 0.575 0.0000e+00
-4.475 0.625 0.0000e+00
-4.475 0.675 5.0805e-12
-4.475 0.725 1.0140e-11
-4.475 0.775 2.0240e-11
-4.475 0.825 4.0400e-11
-4.475 0.875 8.0646e-11
-4.475 0.925 1.6099e-10
-4.475 0.975 3.2141e-10
-4.475 1.025 6.4170e-10
-4.475 1.075 1.2813e-09
-4.475 1.125 2.5585e-09
-4.475 1.175 5.1095e-09
-4.475 1.225 1.0205e-08
-4.475 1.275 2.0384e-08
-4.475 1.325 4.0721e-08
-4.475 1.375 8.1361e-08
-4.475 1.425 1.6258e-07
-4.475 1.475 3.2493e-07
-4.475 1.525 6.4953e-07
-4.475 1.575 1.2986e-06
-4.475 1.625 2.5969e-06
-4.475 1.675 5.1942e-06
-4.475 1.725 1.0391e-05
-4.475 1.775 2.0794e-05
-4.475 1.825 4.1620e-05
-4.475 1.875 8.3324e-05
-4.475 1.925 1.6685e-04
-4.475 1.975 3.3418e-04
-4.475 2.025 6.6942e-04
-4.475 2.075 1.3411e-03
-4.475 2.125 2.6867e-03
-4.475 2.175 5.3820e-03
-4.475 2.225 1.0778e-02
-4.475 2.275 2.1572e-02
-4.475 2.325 4.3140e-02
-4.475 2.375 8.6162e-02
-4.475 2.425 1.7178e-01
-4.475 2.475 3.4160e-01
-4.475 2.525 6.7699e-01
-4.475 2.575 1.3356e+00
-4.475 2.625 2.6192e+00
-4.475 2.675 5.0974e+00
-4.475 2.725 9.8258e+00
-4.475 2.775 1.8718e+01
-4.475 2.825 3.5157e+01
-4.475 2.875 6.4957e+01
-4.475 2.925 1.1785e+02
-4.475 2.975 2.0978e+02
-4.475 3.025 3.6667e+02
-4.475 3.075 6.3129e+02
-4.475 3.125 1.0766e+03
-4.475 3.175 1.8319e+03
-4.475 3.225 3.1313e+03
-4.475 3.275 5.3931e+03
-4.475 3.325 9.3317e+03
-4.475 3.375 1.6080e+04
-4.475 3.425 2.7264e+04
-4.475 3.475 4.4926e+04
-4.475 3.525 7.1205e+04
-4.475 3.575 1.0771e+05
-4.475 3.625 1.5467e+05
-4.475 3.675 2.1010e+05
-4.475 3.725 2.6906e+05
-4.475 3.775 3.2254e+05
-4.475 3.825 3.3983e+05
-4.475 3.875 0.0000e+00
-4.475 3.925 0.0000e+00
-4.475 3.975 0.0000e+00
-4.425 -1.975 0.0000e+00
-4.425 -1.925 0.0000e+00
-4.425 -1.875 0.0000e+00
-4.425 -1.825 0.0000e+00
-4.425 -1.775 0.0000e+00
-4.425 -1.725 0.0000e+00
-4.425 -1.675 0.0000e+00
-4.425 -1.625 0.0000e+00
-4.425 -1.575 0.0000e+00
-4.425 -1.525 0.0000e+00
-4.425 -1.475 0.0000e+00
-4.425 -1.425 0.0000e+00
-4.425 -1.375 0.0000e+00
-4.425 -1.325 0.0000e+00
-4.425 -1.275 0.0000e+00
-4.425 -1.225 0.0000e+00
-4.425 -1.175 0.0000e+00
-4.425 -1.125 0.0000e+00
-4.425 -1.075 0.0000e+00
-4.425 -1.025 0.0000e+00
-4.425 -0.975 0.0000e+00
-4.425 -0.925 0.0000e+00
-4.425 -0.875 0.0000e+00
-4.425 -0.825 0.0000e+00
-4.425 -0.775 0.0000e+00
-4.425 -0.725 0.0000e+00
-4.425 -0.675 0.0000e+00
-4.425 -0.625 0.0000e+00
-4.425 -0.575 0.0000e+00
-4.425 -0.525 0.0000e+00
-4.425 -0.475 0.0000e+00
-4.425 -0.425 0.0000e+00
-4.425 -0.375 0.0000e+00
-4.425 -0.325 0.0000e+00
-4.425 -0.275 0.0000e+00
-4.425 -0.225 0.0000e+00
-4.425 -0.175 0.0000e+00
-4.425 -0.125 0.0000e+00
-4.425 -0.075 0.0000e+00
-4.425 -0.025 0.0000e+00
-4.425 0.025 0.0000e+00
-4.425 0.075 0.0000e+00
-4.425 0.125 0.0000e+00
-4.425 0.175 0.0000e+00
-4.425 0.225 0.0000e+00
-4.425 0.275 0.0000e+00
-4.425 0.325 0.0000e+00
-4.425 0.375 0.0000e+00
-4.425 0.425 0.0000e+00
-4.425 0.475 0.0000e+00
-4.425 0.525 0.0000e+00
-4.425 0.575 0.0000e+00
-4.425 0.625 0.0000e+00
-4.425 0.675 6.3959e-12
-4.425 0.725 1.2766e-11
-4.425 0.775 2.5480e-11
-4.425 0.825 5.0861e-11
-4.425 0.875 1.0153e-10
-4.425 0.925 2.0268e-10
-4.425 0.975 4.0463e-10
-4.425 1.025 8.0786e-10
-4.425 1.075 1.6130e-09
-4.425 1.125 3.2210e-09
-4.425 1.175 6.4325e-09
-4.425 1.225 1.2847e-08
-4.425 1.275 2.5662e-08
-4.425 1.325 5.1265e-08
-4.425 1.375 1.0243e-07
-4.425 1.425 2.0468e-07
-4.425 1.475 4.0907e-07
-4.425 1.525 8.1771e-07
-4.425 1.575 1.6349e-06
-4.425 1.625 3.2693e-06
-4.425 1.675 6.5391e-06
-4.425 1.725 1.3082e-05
-4.425 1.775 2.6178e-05
-4.425 1.825 5.2397e-05
-4.425 1.875 1.0490e-04
-4.425 1.925 2.1005e-04
-4.425 1.975 4.2071e-04
-4.425 2.025 8.4275e-04
-4.425 2.075 1.6884e-03
-4.425 2.125 3.3824e-03
-4.425 2.175 6.7756e-03
-4.425 2.225 1.3569e-02
-4.425 2.275 2.7158e-02
-4.425 2.325 5.4311e-02
-4.425 2.375 1.0848e-01
-4.425 2.425 2.1627e-01
-4.425 2.475 4.3008e-01
-4.425 2.525 8.5237e-01
-4.425 2.575 1.6816e+00
-4.425 2.625 3.2981e+00
-4.425 2.675 6.4193e+00
-4.425 2.725 1.2376e+01
-4.425 2.775 2.3580e+01
-4.425 2.825 4.4302e+01
-4.425 2.875 8.1890e+01
-4.425 2.925 1.4866e+02
-4.425 2.975 2.6485e+02
-4.425 3.025 4.6346e+02
-4.425 3.075 7.9902e+02
-4.425 3.125 1.3647e+03
-4.425 3.175 2.3253e+03
-4.425 3.225 3.9781e+03
-4.425 3.275 6.8509e+03
-4.425 3.325 1.1840e+04
-4.425 3.375 2.0353e+04
-4.425 3.425 3.4394e+04
-4.425 3.475 5.6455e+04
-4.425 3.525 8.9095e+04
-4.425 3.575 1.3417e+05
-4.425 3.625 1.9180e+05
-4.425 3.675 2.5936e+05
-4.425 3.725 3.3068e+05
-4.425 3.775 3.9466e+05
-4.425 3.825 4.1400e+05
-4.425 3.875 0.0000e+00
-4.425 3.925 0.0000e+00
-4.425 3.975 0.0000e+00
-4.375 -1.975 0.0000e+00
-4.375 -1.925 0.0000e+00
-4.375 -1.875 0.0000e+00
-4.375 -1.825 0.0000e+00
-4.375 -1.775 0.0000e+00
-4.375 -1.725 0.0000e+00
-4.375 -1.675 0.0000e+00
-4.375 -1.625 0.0000e+00
-4.375 -1.575 0.0000e+00
-4.375 -1.525 0.0000e+00
-4.375 -1.475 0.0000e+00
-4.375 -1.425 0.0000e+00
-4.375 -1.375 0.0000e+00
-4.375 -1.325 0.0000e+00
-4.375 -1.275 0.0000e+00
-4.375 -1.225 0.0000e+00
-4.375 -1.175 0.0000e+00
-4.375 -1.125 0.0000e+00
-4.375 -1.075 0.0000e+00
-4.375 -1.025 0.0000e+00
-4.375 -0.975 0.0000e+00
-4.375 -0.925 0.0000e+00
-4.375 -0.875 0.0000e+00
-4.375 -0.825 0.0000e+00
-4.375 -0.775 0.0000e+00
-4.375 -0.725 0.0000e+00
-4.375 -0.675 0.0000e+00
-4.375 -0.625 0.0000e+00
-4.375 -0.575 0.0000e+00
-4.375 -0.525 0.0000e+00
-4.375 -0.475 0.0000e+00
-4.375 -0.425 0.0000e+00
-4.375 -0.375 0.0000e+00
-4.375 -0.325 0.0000e+00
-4.375 -0.275 0.0000e+00
-4.375 -0.225 0.0000e+00
-4.375 -0.175 0.0000e+00
-4.375 -0.125 0.0000e+00
-4.375 -0.075 0.0000e+00
-4.375 -0.025 0.0000e+00
-4.375 0.025 0.0000e+00
-4.375 0.075 0.0000e+00
-4.375 0.125 0.0000e+00
-4.375 0.175 0.0000e+00
-4.375 0.225 0.0000e+00
-4.375 0.275 0.0000e+00
-4.375 0.325 0.0000e+00
-4.375 0.375 0.0000e+00
-4.375 0.425 0.0000e+00
-4.375 0.475 0.0000e+00
-4.375 0.525 0.0000e+00
-4.375 0.575 0.0000e+00
-4.375 0.625 0.0000e+00
-4.375 0.675 8.0520e-12
-4.375 0.725 1.6071e-11
-4.375 0.775 3.2078e-11
-4.375 0.825 6.4030e-11
-4.375 0.875 1.2782e-10
-4.375 0.925 2.5516e-10
-4.375 0.975 5.0940e-10
-4.375 1.025 1.0170e-09
-4.375 1.075 2.0307e-09
-4.375 1.125 4.0550e-09
-4.375 1.175 8.0980e-09
-4.375 1.225 1.6174e-08
-4.375 1.275 3.2307e-08
-4.375 1.325 6.4539e-08
-4.375 1.375 1.2895e-07
-4.375 1.425 2.5767e-07
-4.375 1.475 5.1499e-07
-4.375 1.525 1.0294e-06
-4.375 1.575 2.0582e-06
-4.375 1.625 4.1158e-06
-4.375 1.675 8.2322e-06
-4.375 1.725 1.6469e-05
-4.375 1.775 3.2956e-05
-4.375 1.825 6.5964e-05
-4.375 1.875 1.3206e-04
-4.375 1.925 2.6444e-04
-4.375 1.975 5.2964e-04
-4.375 2.025 1.0610e-03
-4.375 2.075 2.1255e-03
-4.375 2.125 4.2583e-03
-4.375 2.175 8.5301e-03
-4.375 2.225 1.7082e-02
-4.375 2.275 3.4191e-02
-4.375 2.325 6.8377e-02
-4.375 2.375 1.3657e-01
-4.375 2.425 2.7228e-01
-4.375 2.475 5.4150e-01
-4.375 2.525 1.0732e+00
-4.375 2.575 2.1175e+00
-4.375 2.625 4.1531e+00
-4.375 2.675 8.0845e+00
-4.375 2.725 1.5589e+01
-4.375 2.775 2.9710e+01
-4.375 2.825 5.5840e+01
-4.375 2.875 1.0327e+02
-4.375 2.925 1.8762e+02
-4.375 2.975 3.3461e+02
-4.375 3.025 5.8633e+02
-4.375 3.075 1.0125e+03
-4.375 3.125 1.7325e+03
-4.375 3.175 2.9568e+03
-4.375 3.225 5.0631e+03
-4.375 3.275 8.7178e+03
-4.375 3.325 1.5041e+04
-4.375 3.375 2.5780e+04
-4.375 3.425 4.3388e+04
-4.375 3.475 7.0873e+04
-4.375 3.525 1.1126e+05
-4.375 3.575 1.6662e+05
-4.375 3.625 2.3687e+05
-4.375 3.675 3.1853e+05
-4.375 3.725 4.0387e+05
-4.375 3.775 4.7938e+05
-4.375 3.825 5.0018e+05
-4.375 3.875 0.0000e+00
-4.375 3.925 0.0000e+00
-4.375 3.975 0.0000e+00
-4.325 -1.975 0.0000e+00
-4.325 -1.925 0.0000e+00
-4.325 -1.875 0.0000e+00
-4.325 -1.825 0.0000e+00
-4.325 -1.775 0.0000e+00
-4.325 -1.725 0.0000e+00
-4.325 -1.675 0.0000e+00
-4.325 -1.625 0.0000e+00
-4.325 -1.575 0.0000e+00
-4.325 -1.525 0.0000e+00
-4.325 -1.475 0.0000e+00
-4.325 -1.425 0.0000e+00
-4.325 -1.375 0.0000e+00
-4.325 -1.325 0.0000e+00
-4.325 -1.275 0.0000e+00
-4.325 -1.225 0.0000e+00
-4.325 -1.175 0.0000e+00
-4.325 -1.125 0.0000e+00
-4.325 -1.075 0.0000e+00
-4.325 -1.025 0.0000e+00
-4.325 -0.975 0.0000e+00
-4.325 -0.925 0.0000e+00
-4.325 -0.875 0.0000e+00
-4.325 -0.825 0.0000e+00
-4.325 -0.775 0.0000e+00
-4.325 -0.725 0.0000e+00
-4.325 -0.675 0.0000e+00
-4.325 -0.625 0.0000e+00
-4.325 -0.575 0.0000e+00
-4.325 -0.525 0.0000e+00
-4.325 -0.475 0.0000e+00
-4.325 -0.425 0.0000e+00
-4.325 -0.375 0.0000e+00
-4.325 -0.325 0.0000e+00
-4.325 -0.275 0.0000e+00
-4.325 -0.225 0.0000e+00
-4.325 -0.175 0.0000e+00
-4.325 -0.125 0.0000e+00
-4.325 -0.075 0.0000e+00
-4.325 -0.025 0.0000e+00
-4.325 0.025 0.0000e+00
-4.325 0.075 0.0000e+00
-4.325 0.125 0.0000e+00
-4.325 0.175 0.0000e+00
-4.325 0.225 0.0000e+00
-4.325 0.275 0.0000e+00
-4.325 0.325 0.0000e+00
-4.325 0.375 0.0000e+00
-4.325 0.425 0.0000e+00
-4.325 0.475 0.0000e+00
-4.325 0.525 0.0000e+00
-4.325 0.575 0.0000e+00
-4.325 0.625 0.0000e+00
-4.325 0.675 1.0137e-11
-4.325 0.725 2.0232e-11
-4.325 0.775 4.0384e-11
-4.325 0.825 8.0609e-11
-4.325 0.875 1.6091e-10
-4.325 0.925 3.2122e-10
-4.325 0.975 6.4129e-10
-4.325 1.025 1.2804e-09
-4.325 1.075 2.5565e-09
-4.325 1.125 5.1050e-09
-4.325 1.175 1.0195e-08
-4.325 1.225 2.0362e-08
-4.325 1.275 4.0671e-08
-4.325 1.325 8.1250e-08
-4.325 1.375 1.6234e-07
-4.325 1.425 3.2439e-07
-4.325 1.475 6.4833e-07
-4.325 1.525 1.2960e-06
-4.325 1.575 2.5911e-06
-4.325 1.625 5.1815e-06
-4.325 1.675 1.0364e-05
-4.325 1.725 2.0734e-05
-4.325 1.775 4.1490e-05
-4.325 1.825 8.3044e-05
-4.325 1.875 1.6625e-04
-4.325 1.925 3.3292e-04
-4.325 1.975 6.6679e-04
-4.325 2.025 1.3357e-03
-4.325 2.075 2.6759e-03
-4.325 2.125 5.3610e-03
-4.325 2.175 1.0739e-02
-4.325 2.225 2.1506e-02
-4.325 2.275 4.3045e-02
-4.325 2.325 8.6086e-02
-4.325 2.375 1.7194e-01
-4.325 2.425 3.4282e-01
-4.325 2.475 6.8179e-01
-4.325 2.525 1.3513e+00
-4.325 2.575 2.6664e+00
-4.325 2.625 5.2303e+00
-4.325 2.675 1.0183e+01
-4.325 2.725 1.9639e+01
-4.325 2.775 3.7441e+01
-4.325 2.825 7.0401e+01
-4.325 2.875 1.3029e+02
-4.325 2.925 2.3693e+02
-4.325 2.975 4.2308e+02
-4.325 3.025 7.4257e+02
-4.325 3.075 1.2849e+03
-4.325 3.125 2.2032e+03
-4.325 3.175 3.7671e+03
-4.325 3.225 6.4570e+03
-4.325 3.275 1.1113e+04
-4.325 3.325 1.9135e+04
-4.325 3.375 3.2674e+04
-4.325 3.425 5.4713e+04
-4.325 3.475 8.8842e+04
-4.325 3.525 1.3856e+05
-4.325 3.575 2.0612e+05
-4.325 3.625 2.9100e+05
-4.325 3.675 3.8864e+05
-4.325 3.725 4.8941e+05
-4.325 3.775 5.7700e+05
-4.325 3.825 5.9804e+05
-4.325 3.875 0.0000e+00
-4.325 3.925 0.0000e+00
-4.325 3.975 0.0000e+00
-4.275 -1.975 0.0000e+00
-4.275 -1.925 0.0000e+00
-4.275 -1.875 0.0000e+00
-4.275 -1.825 0.0000e+00
-4.275 -1.775 0.0000e+00
-4.275 -1.725 0.0000e+00
-4.275 -1.675 0.0000e+00
-4.275 -1.625 0.0000e+00
-4.275 -1.575 0.0000e+00
-4.275 -1.525 0.0000e+00
-4.275 -1.475 0.0000e+00
-4.275 -1.425 0.0000e+00
-4.275 -1.375 0.0000e+00
-4.275 -1.325 0.0000e+00
-4.275 -1.275 0.0000e+00
-4.275 -1.225 0.0000e+00
-4.275 -1.175 0.0000e+00
-4.275 -1.125 0.0000e+00
-4.275 -1.075 0.0000e+00
-4.275 -1.025 0.0000e+00
-4.275 -0.975 0.0000e+00
-4.275 -0.925 0.0000e+00
-4.275 -0.875 0.0000e+00
-4.275 -0.825 0.0000e+00
-4.275 -0.775 0.0000e+00
-4.275 -0.725 0.0000e+00
-4.275 -0.675 0.0000e+00
-4.275 -0.625 0.0000e+00
-4.275 -0.575 0.0000e+00
-4.275 -0.525 0.0000e+00
-4.275 -0.475 0.0000e+00
-4.275 -0.425 0.0000e+00
-4.275 -0.375 0.0000e+00
-4.275 -0.325 0.0000e+00
-4.275 -0.275 0.0000e+00
-4.275 -0.225 0.0000e+00
-4.275 -0.175 0.0000e+00
-4.275 -0.125 0.0000e+00
-4.275 -0.075 0.0000e+00
-4.275 -0.025 0.0000e+00
-4.275 0.025 0.0000e+00
-4.275 0.075 0.0000e+00
-4.275 0.125 0.0000e+00
-4.275 0.175 0.0000e+00
-4.275 0.225 0.0000e+00
-4.275 0.275 0.0000e+00
-4.275 0.325 0.0000e+00
-4.275 0.375 0.0000e+00
-4.275 0.425 0.0000e+00
-4.275 0.475 0.0000e+00
-4.275 0.525 0.0000e+00
-4.275 0.575 0.0000e+00
-4.275 0.625 0.0000e+00
-4.275 0.675 1.2762e-11
-4.275 0.725 2.5471e-11
-4.275 0.775 5.0840e-11
-4.275 0.825 1.0148e-10
-4.275 0.875 2.0257e-10
-4.275 0.925 4.0440e-10
-4.275 0.975 8.0734e-10
-4.275 1.025 1.6119e-09
-4.275 1.075 3.2184e-09
-4.275 1.125 6.4268e-09
-4.275 1.175 1.2835e-08
-4.275 1.225 2.5634e-08
-4.275 1.275 5.1202e-08
-4.275 1.325 1.0229e-07
-4.275 1.375 2.0437e-07
-4.275 1.425 4.0839e-07
-4.275 1.475 8.1620e-07
-4.275 1.525 1.6315e-06
-4.275 1.575 3.2620e-06
-4.275 1.625 6.5231e-06
-4.275 1.675 1.3047e-05
-4.275 1.725 2.6102e-05
-4.275 1.775 5.2233e-05
-4.275 1.825 1.0455e-04
-4.275 1.875 2.0930e-04
-4.275 1.925 4.1912e-04
-4.275 1.975 8.3945e-04
-4.275 2.025 1.6816e-03
-4.275 2.075 3.3688e-03
-4.275 2.125 6.7492e-03
-4.275 2.175 1.3520e-02
-4.275 2.225 2.7075e-02
-4.275 2.275 5.4194e-02
-4.275 2.325 1.0838e-01
-4.275 2.375 2.1648e-01
-4.275 2.425 4.3163e-01
-4.275 2.475 8.5845e-01
-4.275 2.525 1.7016e+00
-4.275 2.575 3.3578e+00
-4.275 2.625 6.5873e+00
-4.275 2.675 1.2827e+01
-4.275 2.725 2.4745e+01
-4.275 2.775 4.7194e+01
-4.275 2.825 8.8791e+01
-4.275 2.875 1.6446e+02
-4.275 2.925 2.9940e+02
-4.275 2.975 5.3545e+02
-4.275 3.025 9.4163e+02
-4.275 3.075 1.6332e+03
-4.275 3.125 2.8071e+03
-4.275 3.175 4.8096e+03
-4.275 3.225 8.2523e+03
-4.275 3.275 1.4194e+04
-4.275 3.325 2.4372e+04
-4.275 3.375 4.1424e+04
-4.275 3.425 6.8936e+04
-4.275 3.475 1.1112e+05
-4.275 3.525 1.7194e+05
-4.275 3.575 2.5365e+05
-4.275 3.625 3.5510e+05
-4.275 3.675 4.7025e+05
-4.275 3.725 5.8723e+05
-4.275 3.775 6.8660e+05
-4.275 3.825 7.0586e+05
-4.275 3.875 0.0000e+00
-4.275 3.925 0.0000e+00
-4.275 3.975 0.0000e+00
-4.225 -1.975 0.0000e+00
-4.225 -1.925 0.0000e+00
-4.225 -1.875 0.0000e+00
-4.225 -1.825 0.0000e+00
-4.225 -1.775 0.0000e+00
-4.225 -1.725 0.0000e+00
-4.225 -1.675 0.0000e+00
-4.225 -1.625 0.0000e+00
-4.225 -1.575 0.0000e+00
-4.225 -1.525 0.0000e+00
-4.225 -1.475 0.0000e+00
-4.225 -1.425 0.0000e+00
-4.225 -1.375 0.0000e+00
-4.225 -1.325 0.0000e+00
-4.225 -1.275 0.0000e+00
-4.225 -1.225 0.0000e+00
-4.225 -1.175 0.0000e+00
-4.225 -1.125 0.0000e+00
-4.225 -1.075 0.0000e+00
-4.225 -1.025 0.0000e+00
-4.225 -0.975 0.0000e+00
-4.225 -0.925 0.0000e+00
-4.225 -0.875 0.0000e+00
-4.225 -0.825 0.0000e+00
-4.225 -0.775 0.0000e+00
-4.225 -0.725 0.0000e+00
-4.225 -0.675 0.0000e+00
-4.225 -0.625 0.0000e+00
-4.225 -0.575 0.0000e+00
-4.225 -0.525 0.0000e+00
-4.225 -0.475 0.0000e+00
-4.225 -0.425 0.0000e+00
-4.225 -0.375 0.0000e+00
-4.225 -0.325 0.0000e+00
-4.225 -0.275 0.0000e+00
-4.225 -0.225 0.0000e+00
-4.225 -0.175 0.0000e+00
-4.225 -0.125 0.0000e+00
-4.225 -0.075 0.0000e+00
-4.225 -0.025 0.0000e+00
-4.225 0.025 0.0000e+00
-4.225 0.075 0.0000e+00
-4.225 0.125 0.0000e+00
-4.225 0.175 0.0000e+00
-4.225 0.225 0.0000e+00
-4.225 0.275 0.0000e+00
-4.225 0.325 0.0000e+00
-4.225 0.375 0.0000e+00
-4.225 0.425 0.0000e+00
-4.225 0.475 0.0000e+00
-4.225 0.525 0.0000e+00
-4.225 0.575 0.0000e+00
-4.225 0.625 0.0000e+00
-4.225 0.675 1.6066e-11
-4.225 0.725 3.2066e-11
-4.225 0.775 6.4004e-11
-4.225 0.825 1.2776e-10
-4.225 0.875 2.5503e-10
-4.225 0.925 5.0910e-10
-4.225 0.975 1.0164e-09
-4.225 1.025 2.0292e-09
-4.225 1.075 4.0518e-09
-4.225 1.125 8.0908e-09
-4.225 1.175 1.6158e-08
-4.225 1.225 3.2271e-08
-4.225 1.275 6.4460e-08
-4.225 1.325 1.2877e-07
-4.225 1.375 2.5729e-07
-4.225 1.425 5.1413e-07
-4.225 1.475 1.0275e-06
-4.225 1.525 2.0540e-06
-4.225 1.575 4.1066e-06
-4.225 1.625 8.2121e-06
-4.225 1.675 1.6426e-05
-4.225 1.725 3.2861e-05
-4.225 1.775 6.5758e-05
-4.225 1.825 1.3162e-04
-4.225 1.875 2.6350e-04
-4.225 1.925 5.2765e-04
-4.225 1.975 1.0568e-03
-4.225 2.025 2.1170e-03
-4.225 2.075 4.2412e-03
-4.225 2.125 8.4970e-03
-4.225 2.175 1.7021e-02
-4.225 2.225 3.4087e-02
-4.225 2.275 6.8230e-02
-4.225 2.325 1.3646e-01
-4.225 2.375 2.7257e-01
-4.225 2.425 5.4347e-01
-4.225 2.475 1.0809e+00
-4.225 2.525 2.1428e+00
-4.225 2.575 4.2287e+00
-4.225 2.625 8.2973e+00
-4.225 2.675 1.6160e+01
-4.225 2.725 3.1186e+01
-4.225 2.775 5.9506e+01
-4.225 2.825 1.1203e+02
-4.225 2.875 2.0770e+02
-4.225 2.925 3.7864e+02
-4.225 2.975 6.7839e+02
-4.225 3.025 1.1958e+03
-4.225 3.075 2.0795e+03
-4.225 3.125 3.5842e+03
-4.225 3.175 6.1545e+03
-4.225 3.225 1.0569e+04
-4.225 3.275 1.8158e+04
-4.225 3.325 3.1070e+04
-4.225 3.375 5.2503e+04
-4.225 3.425 8.6710e+04
-4.225 3.475 1.3854e+05
-4.225 3.525 2.1229e+05
-4.225 3.575 3.1002e+05
-4.225 3.625 4.2958e+05
-4.225 3.675 5.6304e+05
-4.225 3.725 6.9593e+05
-4.225 3.775 8.0548e+05
-4.225 3.825 8.1987e+05
-4.225 3.875 0.0000e+00
-4.225 3.925 0.0000e+00
-4.225 3.975 0.0000e+00
-4.175 -1.975 0.0000e+00
-4.175 -1.925 0.0000e+00
-4.175 -1.875 0.0000e+00
-4.175 -1.825 0.0000e+00
-4.175 -1.775 0.0000e+00
-4.175 -1.725 0.0000e+00
-4.175 -1.675 0.0000e+00
-4.175 -1.625 0.0000e+00
-4.175 -1.575 0.0000e+00
-4.175 -1.525 0.0000e+00
-4.175 -1.475 0.0000e+00
-4.175 -1.425 0.0000e+00
-4.175 -1.375 0.0000e+00
-4.175 -1.325 0.0000e+00
-4.175 -1.275 0.0000e+00
-4.175 -1.225 0.0000e+00
-4.175 -1.175 0.0000e+00
-4.175 -1.125 0.0000e+00
-4.175 -1.075 0.0000e+00
-4.175 -1.025 0.0000e+00
-4.175 -0.975 0.0000e+00
-4.175 -0.925 0.0000e+00
-4.175 -0.875 0.0000e+00
-4.175 -0.825 0.0000e+00
-4.175 -0.775 0.0000e+00
-4.175 -0.725 0.0000e+00
-4.175 -0.675 0.0000e+00
-4.175 -0.625 0.0000e+00
-4.175 -0.575 0.0000e+00
-4.175 -0.525 0.0000e+00
-4.175 -0.475 0.0000e+00
-4.175 -0.425 0.0000e+00
-4.175 -0.375 0.0000e+00
-4.175 -0.325 0.0000e+00
-4.175 -0.275 0.0000e+00
-4.175 -0.225 0.0000e+00
-4.175 -0.175 0.0000e+00
-4.175 -0.125 0.0000e+00
-4.175 -0.075 0.0000e+00
-4.175 -0.025 0.0000e+00
-4.175 0.025 0.0000e+00
-4.175 0.075 0.0000e+00
-4.175 0.125 0.0000e+00
-4.175 0.175 0.0000e+00
-4.175 0.225 0.0000e+00
-4.175 0.275 0.0000e+00
-4.175 0.325 0.0000e+00
-4.175 0.375 0.0000e+00
-4.175 0.425 0.0000e+00
-4.175 0.475 0.0000e+00
-4.175 0.525 0.0000e+00
-4.175 0.575 0.0000e+00
-4.175 0.625 0.0000e+00
-4.175 0.675 2.0226e-11
-4.175 0.725 4.0369e-11
-4.175 0.775 8.0576e-11
-4.175 0.825 1.6084e-10
-4.175 0.875 3.2106e-10
-4.175 0.925 6.4092e-10
-4.175 0.975 1.2795e-09
-4.175 1.025 2.5547e-09
-4.175 1.075 5.1009e-09
-4.175 1.125 1.0186e-08
-4.175 1.175 2.0341e-08
-4.175 1.225 4.0627e-08
-4.175 1.275 8.1150e-08
-4.175 1.325 1.6212e-07
-4.175 1.375 3.2390e-07
-4.175 1.425 6.4725e-07
-4.175 1.475 1.2936e-06
-4.175 1.525 2.5858e-06
-4.175 1.575 5.1699e-06
-4.175 1.625 1.0338e-05
-4.175 1.675 2.0679e-05
-4.175 1.725 4.1370e-05
-4.175 1.775 8.2784e-05
-4.175 1.825 1.6570e-04
-4.175 1.875 3.3173e-04
-4.175 1.925 6.6428e-04
-4.175 1.975 1.3305e-03
-4.175 2.025 2.6652e-03
-4.175 2.075 5.3395e-03
-4.175 2.125 1.0697e-02
-4.175 2.175 2.1429e-02
-4.175 2.225 4.2916e-02
-4.175 2.275 8.5903e-02
-4.175 2.325 1.7181e-01
-4.175 2.375 3.4318e-01
-4.175 2.425 6.8431e-01
-4.175 2.475 1.3612e+00
-4.175 2.525 2.6985e+00
-4.175 2.575 5.3261e+00
-4.175 2.625 1.0452e+01
-4.175 2.675 2.0364e+01
-4.175 2.725 3.9312e+01
-4.175 2.775 7.5055e+01
-4.175 2.825 1.4142e+02
-4.175 2.875 2.6249e+02
-4.175 2.925 4.7929e+02
-4.175 2.975 8.6055e+02
-4.175 3.025 1.5209e+03
-4.175 3.075 2.6529e+03
-4.175 3.125 4.5862e+03
-4.175 3.175 7.8927e+03
-4.175 3.225 1.3562e+04
-4.175 3.275 2.3258e+04
-4.175 3.325 3.9615e+04
-4.175 3.375 6.6464e+04
-4.175 3.425 1.0875e+05
-4.175 3.475 1.7189e+05
-4.175 3.525 2.6033e+05
-4.175 3.575 3.7556e+05
-4.175 3.625 5.1395e+05
-4.175 3.675 6.6523e+05
-4.175 3.725 8.1204e+05
-4.175 3.775 9.2836e+05
-4.175 3.825 9.3365e+05
-4.175 3.875 0.0000e+00
-4.175 3.925 0.0000e+00
-4.175 3.975 0.0000e+00
-4.125 -1.975 0.0000e+00
-4.125 -1.925 0.0000e+00
-4.125 -1.875 0.0000e+00
-4.125 -1.825 0.0000e+00
-4.125 -1.775 0.0000e+00
-4.125 -1.725 0.0000e+00
-4.125 -1.675 0.0000e+00
-4.125 -1.625 0.0000e+00
-4.125 -1.575 0.0000e+00
-4.125 -1.525 0.0000e+00
-4.125 -1.475 0.0000e+00
-4.125 -1.425 0.0000e+00
-4.125 -1.375 0.0000e+00
-4.125 -1.325 0.0000e+00
-4.125 -1.275 0.0000e+00
-4.125 -1.225 0.0000e+00
-4.125 -1.175 0.0000e+00
-4.125 -1.125 0.0000e+00
-4.125 -1.075 0.0000e+00
-4.125 -1.025 0.0000e+00
-4.125 -0.975 0.0000e+00
-4.125 -0.925 0.0000e+00
-4.125 -0.875 0.0000e+00
-4.125 -0.825 0.0000e+00
-4.125 -0.775 0.0000e+00
-4.125 -0.725 0.0000e+00
-4.125 -0.675 0.0000e+00
-4.125 -0.625 0.0000e+00
-4.125 -0.575 0.0000e+00
-4.125 -0.525 0.0000e+00
-4.125 -0.475 0.0000e+00
-4.125 -0.425 0.0000e+00
-4.125 -0.375 0.0000e+00
-4.125 -0.325 0.0000e+00
-4.125 -0.275 0.0000e+00
-4.125 -0.225 0.0000e+00
-4.125 -0.175 0.0000e+00
-4.125 -0.125 0.0000e+00
-4.125 -0.075 0.0000e+00
-4.125 -0.025 0.0000e+00
-4.125 0.025 0.0000e+00
-4.125 0.075 0.0000e+00
-4.125 0.125 0.0000e+00
-4.125 0.175 0.0000e+00
-4.125 0.225 0.0000e+00
-4.125 0.275 0.0000e+00
-4.125 0.325 0.0000e+00
-4.125 0.375 0.0000e+00
-4.125 0.425 0.0000e+00
-4.125 0.475 0.0000e+00
-4.125 0.525 0.0000e+00
-4.125 0.575 0.0000e+00
-4.125 0.625 0.0000e+00
-4.125 0.675 2.5463e-11
-4.125 0.725 5.0821e-11
-4.125 0.775 1.0144e-10
-4.125 0.825 2.0248e-10
-4.125 0.875 4.0419e-10
-4.125 0.925 8.0688e-10
-4.125 0.975 1.6109e-09
-4.125 1.025 3.2161e-09
-4.125 1.075 6.4216e-09
-4.125 1.125 1.2823e-08
-4.125 1.175 2.5608e-08
-4.125 1.225 5.1146e-08
-4.125 1.275 1.0216e-07
-4.125 1.325 2.0409e-07
-4.125 1.375 4.0777e-07
-4.125 1.425 8.1484e-07
-4.125 1.475 1.6285e-06
-4.125 1.525 3.2554e-06
-4.125 1.575 6.5086e-06
-4.125 1.625 1.3015e-05
-4.125 1.675 2.6033e-05
-4.125 1.725 5.2082e-05
-4.125 1.775 1.0422e-04
-4.125 1.825 2.0860e-04
-4.125 1.875 4.1763e-04
-4.125 1.925 8.3629e-04
-4.125 1.975 1.6750e-03
-4.125 2.025 3.3554e-03
-4.125 2.075 6.7223e-03
-4.125 2.125 1.3468e-02
-4.125 2.175 2.6980e-02
-4.125 2.225 5.4032e-02
-4.125 2.275 1.0816e-01
-4.125 2.325 2.1632e-01
-4.125 2.375 4.3212e-01
-4.125 2.425 8.6168e-01
-4.125 2.475 1.7141e+00
-4.125 2.525 3.3986e+00
-4.125 2.575 6.7090e+00
-4.125 2.625 1.3169e+01
-4.125 2.675 2.5665e+01
-4.125 2.725 4.9571e+01
-4.125 2.775 9.4705e+01
-4.125 2.825 1.7862e+02
-4.125 2.875 3.3199e+02
-4.125 2.925 6.0732e+02
-4.125 2.975 1.0931e+03
-4.125 3.025 1.9376e+03
-4.125 3.075 3.3909e+03
-4.125 3.125 5.8802e+03
-4.125 3.175 1.0141e+04
-4.125 3.225 1.7426e+04
-4.125 3.275 2.9802e+04
-4.125 3.325 5.0462e+04
-4.125 3.375 8.3915e+04
-4.125 3.425 1.3577e+05
-4.125 3.475 2.1182e+05
-4.125 3.525 3.1632e+05
-4.125 3.575 4.4967e+05
-4.125 3.625 6.0618e+05
-4.125 3.675 7.7286e+05
-4.125 3.725 9.2936e+05
-4.125 3.775 1.0469e+06
-4.125 3.825 1.0378e+06
-4.125 3.875 0.0000e+00
-4.125 3.925 0.0000e+00
-4.125 3.975 0.0000e+00
-4.075 -1.975 0.0000e+00
-4.075 -1.925 0.0000e+00
-4.075 -1.875 0.0000e+00
-4.075 -1.825 0.0000e+00
-4.075 -1.775 0.0000e+00
-4.075 -1.725 0.0000e+00
-4.075 -1.675 0.0000e+00
-4.075 -1.625 0.0000e+00
-4.075 -1.575 0.0000e+00
-4.075 -1.525 0.0000e+00
-4.075 -1.475 0.0000e+00
-4.075 -1.425 0.0000e+00
-4.075 -1.375 0.0000e+00
-4.075 -1.325 0.0000e+00
-4.075 -1.275 0.0000e+00
-4.075 -1.225 0.0000e+00
-4.075 -1.175 0.0000e+00
-4.075 -1.125 0.0000e+00
-4.075 -1.075 0.0000e+00
-4.075 -1.025 0.0000e+00
-4.075 -0.975 0.0000e+00
-4.075 -0.925 0.0000e+00
-4.075 -0.875 0.0000e+00
-4.075 -0.825 0.0000e+00
-4.075 -0.775 0.0000e+00
-4.075 -0.725 0.0000e+00
-4.075 -0.675 0.0000e+00
-4.075 -0.625 0.0000e+00
-4.075 -0.575 0.0000e+00
-4.075 -0.525 0.0000e+00
-4.075 -0.475 0.0000e+00
-4.075 -0.425 0.0000e+00
-4.075 -0.375 0.0000e+00
-4.075 -0.325 0.0000e+00
-4.075 -0.275 0.0000e+00
-4.075 -0.225 0.0000e+00
-4.075 -0.175 0.0000e+00
-4.075 -0.125 0.0000e+00
-4.075 -0.075 0.0000e+00
-4.075 -0.025 0.0000e+00
-4.075 0.025 0.0000e+00
-4.075 0.075 0.0000e+00
-4.075 0.125 0.0000e+00
-4.075 0.175 0.0000e+00
-4.075 0.225 0.0000e+00
-4.075 0.275 0.0000e+00
-4.075 0.325 0.0000e+00
-4.075 0.375 0.0000e+00
-4.075 0.425 0.0000e+00
-4.075 0.475 0.0000e+00
-4.075 0.525 0.0000e+00
-4.075 0.575 0.0000e+00
-4.075 0.625 0.0000e+00
-4.075 0.675 3.2056e-11
-4.075 0.725 6.3980e-11
-4.075 0.775 1.2770e-10
-4.075 0.825 2.5491e-10
-4.075 0.875 5.0884e-10
-4.075 0.925 1.0158e-09
-4.075 0.975 2.0279e-09
-4.075 1.025 4.0489e-09
-4.075 1.075 8.0844e-09
-4.075 1.125 1.6143e-08
-4.075 1.175 3.2239e-08
-4.075 1.225 6.4389e-08
-4.075 1.275 1.2861e-07
-4.075 1.325 2.5694e-07
-4.075 1.375 5.1335e-07
-4.075 1.425 1.0258e-06
-4.075 1.475 2.0502e-06
-4.075 1.525 4.0983e-06
-4.075 1.575 8.1939e-06
-4.075 1.625 1.6386e-05
-4.075 1.675 3.2774e-05
-4.075 1.725 6.5568e-05
-4.075 1.775 1.3121e-04
-4.075 1.825 2.6262e-04
-4.075 1.875 5.2577e-04
-4.075 1.925 1.0529e-03
-4.075 1.975 2.1088e-03
-4.075 2.025 4.2243e-03
-4.075 2.075 8.4632e-03
-4.075 2.125 1.6956e-02
-4.075 2.175 3.3968e-02
-4.075 2.225 6.8028e-02
-4.075 2.275 1.3618e-01
-4.075 2.325 2.7237e-01
-4.075 2.375 5.4411e-01
-4.075 2.425 1.0851e+00
-4.075 2.475 2.1587e+00
-4.075 2.525 4.2807e+00
-4.075 2.575 8.4521e+00
-4.075 2.625 1.6595e+01
-4.075 2.675 3.2355e+01
-4.075 2.725 6.2527e+01
-4.075 2.775 1.1955e+02
-4.075 2.825 2.2574e+02
-4.075 2.875 4.2024e+02
-4.075 2.925 7.7039e+02
-4.075 2.975 1.3903e+03
-4.075 3.025 2.4725e+03
-4.075 3.075 4.3418e+03
-4.075 3.125 7.5516e+03
-4.075 3.175 1.3044e+04
-4.075 3.225 2.2397e+04
-4.075 3.275 3.8147e+04
-4.075 3.325 6.4102e+04
-4.075 3.375 1.0544e+05
-4.075 3.425 1.6829e+05
-4.075 3.475 2.5850e+05
-4.075 3.525 3.7960e+05
-4.075 3.575 5.3023e+05
-4.075 3.625 7.0209e+05
-4.075 3.675 8.7915e+05
-4.075 3.725 1.0384e+06
-4.075 3.775 1.1493e+06
-4.075 3.825 1.1200e+06
-4.075 3.875 0.0000e+00
-4.075 3.925 0.0000e+00
-4.075 3.975 0.0000e+00
-4.025 -1.975 0.0000e+00
-4.025 -1.925 0.0000e+00
-4.025 -1.875 0.0000e+00
-4.025 -1.825 0.0000e+00
-4.025 -1.775 0.0000e+00
-4.025 -1.725 0.0000e+00
-4.025 -1.675 0.0000e+00
-4.025 -1.625 0.0000e+00
-4.025 -1.575 0.0000e+00
-4.025 -1.525 0.0000e+00
-4.025 -1.475 0.0000e+00
-4.025 -1.425 0.0000e+00
-4.025 -1.375 0.0000e+00
-4.025 -1.325 0.0000e+00
-4.025 -1.275 0.0000e+00
-4.025 -1.225 0.0000e+00
-4.025 -1.175 0.0000e+00
-4.025 -1.125 0.0000e+00
-4.025 -1.075 0.0000e+00
-4.025 -1.025 0.0000e+00
-4.025 -0.975 0.0000e+00
-4.025 -0.925 0.0000e+00
-4.025 -0.875 0.0000e+00
-4.025 -0.825 0.0000e+00
-4.025 -0.775 0.0000e+00
-4.025 -0.725 0.0000e+00
-4.025 -0.675 0.0000e+00
-4.025 -0.625 0.0000e+00
-4.025 -0.575 0.0000e+00
-4.025 -0.525 0.0000e+00
-4.025 -0.475 0.0000e+00
-4.025 -0.425 0.0000e+00
-4.025 -0.375 0.0000e+00
-4.025 -0.325 0.0000e+00
-4.025 -0.275 0.0000e+00
-4.025 -0.225 0.0000e+00
-4.025 -0.175 0.0000e+00
-4.025 -0.125 0.0000e+00
-4.025 -0.075 0.0000e+00
-4.025 -0.025 0.0000e+00
-4.025 0.025 0.0000e+00
-4.025 0.075 0.0000e+00
-4.025 0.125 0.0000e+00
-4.025 0.175 0.0000e+00
-4.025 0.225 0.0000e+00
-4.025 0.275 0.0000e+00
-4.025 0.325 0.0000e+00
-4.025 0.375 0.0000e+00
-4.025 0.425 0.0000e+00
-4.025 0.475 0.0000e+00
-4.025 0.525 0.0000e+00
-4.025 0.575 0.0000e+00
-4.025 0.625 0.0000e+00
-4.025 0.675 4.0355e-11
-4.025 0.725 8.0546e-11
-4.025 0.775 1.6077e-10
-4.025 0.825 3.2091e-10
-4.025 0.875 6.4059e-10
-4.025 0.925 1.2788e-09
-4.025 0.975 2.5530e-09
-4.025 1.025 5.0972e-09
-4.025 1.075 1.0178e-08
-4.025 1.125 2.0323e-08
-4.025 1.175 4.0586e-08
-4.025 1.225 8.1061e-08
-4.025 1.275 1.6192e-07
-4.025 1.325 3.2346e-07
-4.025 1.375 6.4628e-07
-4.025 1.425 1.2914e-06
-4.025 1.475 2.5811e-06
-4.025 1.525 5.1595e-06
-4.025 1.575 1.0315e-05
-4.025 1.625 2.0628e-05
-4.025 1.675 4.1260e-05
-4.025 1.725 8.2546e-05
-4.025 1.775 1.6518e-04
-4.025 1.825 3.3062e-04
-4.025 1.875 6.6192e-04
-4.025 1.925 1.3255e-03
-4.025 1.975 2.6548e-03
-4.025 2.025 5.3183e-03
-4.025 2.075 1.0655e-02
-4.025 2.125 2.1348e-02
-4.025 2.175 4.2766e-02
-4.025 2.225 8.5652e-02
-4.025 2.275 1.7146e-01
-4.025 2.325 3.4296e-01
-4.025 2.375 6.8517e-01
-4.025 2.425 1.3665e+00
-4.025 2.475 2.7189e+00
-4.025 2.525 5.3924e+00
-4.025 2.575 1.0650e+01
-4.025 2.625 2.0917e+01
-4.025 2.675 4.0799e+01
-4.025 2.725 7.8898e+01
-4.025 2.775 1.5100e+02
-4.025 2.825 2.8549e+02
-4.025 2.875 5.3241e+02
-4.025 2.925 9.7829e+02
-4.025 2.975 1.7707e+03
-4.025 3.025 3.1593e+03
-4.025 3.075 5.5663e+03
-4.025 3.125 9.7061e+03
-4.025 3.175 1.6778e+04
-4.025 3.225 2.8746e+04
-4.025 3.275 4.8675e+04
-4.025 3.325 8.0996e+04
-4.025 3.375 1.3146e+05
-4.025 3.425 2.0641e+05
-4.025 3.475 3.1126e+05
-4.025 3.525 4.4806e+05
-4.025 3.575 6.1298e+05
-4.025 3.625 7.9464e+05
-4.025 3.675 9.7408e+05
-4.025 3.725 1.1265e+06
-4.025 3.775 1.2213e+06
-4.025 3.825 1.1669e+06
-4.025 3.875 0.0000e+00
-4.025 3.925 0.0000e+00
-4.025 3.975 0.0000e+00
-3.975 -1.975 0.0000e+00
-3.975 -1.925 0.0000e+00
-3.975 -1.875 0.0000e+00
-3.975 -1.825 0.0000e+00
-3.975 -1.775 0.0000e+00
-3.975 -1.725 0.0000e+00
-3.975 -1.675 0.0000e+00
-3.975 -1.625 0.0000e+00
-3.975 -1.575 0.0000e+00
-3.975 -1.525 0.0000e+00
-3.975 -1.475 0.0000e+00
-3.975 -1.425 0.0000e+00
-3.975 -1.375 0.0000e+00
-3.975 -1.325 0.0000e+00
-3.975 -1.275 0.0000e+00
-3.975 -1.225 0.0000e+00
-3.975 -1.175 0.0000e+00
-3.975 -1.125 0.0000e+00
-3.975 -1.075 0.0000e+00
-3.975 -1.025 0.0000e+00
-3.975 -0.975 0.0000e+00
-3.975 -0.925 0.0000e+00
-3.975 -0.875 0.0000e+00
-3.975 -0.825 0.0000e+00
-3.975 -0.775 0.0000e+00
-3.975 -0.725 0.0000e+00
-3.975 -0.675 0.0000e+00
-3.975 -0.625 0.0000e+00
-3.975 -0.575 0.0000e+00
-3.975 -0.525 0.0000e+00
-3.975 -0.475 0.0000e+00
-3.975 -0.425 0.0000e+00
-3.975 -0.375 0.0000e+00
-3.975 -0.325 0.0000e+00
-3.975 -0.275 0.0000e+00
-3.975 -0.225 0.0000e+00
-3.975 -0.175 0.0000e+00
-3.975 -0.125 0.0000e+00
-3.975 -0.075 0.0000e+00
-3.975 -0.025 0.0000e+00
-3.975 0.025 0.0000e+00
-3.975 0.075 0.0000e+00
-3.975 0.125 0.0000e+00
-3.975 0.175 0.0000e+00
-3.975 0.225 0.0000e+00
-3.975 0.275 0.0000e+00
-3.975 0.325 0.0000e+00
-3.975 0.375 0.0000e+00
-3.975 0.425 0.0000e+00
-3.975 0.475 0.0000e+00
-3.975 0.525 0.0000e+00
-3.975 0.575 0.0000e+00
-3.975 0.625 0.0000e+00
-3.975 0.675 5.0805e-11
-3.975 0.725 1.0140e-10
-3.975 0.775 2.0240e-10
-3.975 0.825 4.0400e-10
-3.975 0.875 8.0646e-10
-3.975 0.925 1.6099e-09
-3.975 0.975 3.2141e-09
-3.975 1.025 6.4170e-09
-3.975 1.075 1.2813e-08
-3.975 1.125 2.5585e-08
-3.975 1.175 5.1095e-08
-3.975 1.225 1.0205e-07
-3.975 1.275 2.0384e-07
-3.975 1.325 4.0722e-07
-3.975 1.375 8.1362e-07
-3.975 1.425 1.6258e-06
-3.975 1.475 3.2494e-06
-3.975 1.525 6.4954e-06
-3.975 1.575 1.2987e-05
-3.975 1.625 2.5970e-05
-3.975 1.675 5.1944e-05
-3.975 1.725 1.0392e-04
-3.975 1.775 2.0795e-04
-3.975 1.825 4.1624e-04
-3.975 1.875 8.3333e-04
-3.975 1.925 1.6688e-03
-3.975 1.975 3.3424e-03
-3.975 2.025 6.6957e-03
-3.975 2.075 1.3415e-02
-3.975 2.125 2.6877e-02
-3.975 2.175 5.3845e-02
-3.975 2.225 1.0784e-01
-3.975 2.275 2.1589e-01
-3.975 2.325 4.3186e-01
-3.975 2.375 8.6285e-01
-3.975 2.425 1.7210e+00
-3.975 2.475 3.4248e+00
-3.975 2.525 6.7937e+00
-3.975 2.575 1.3421e+01
-3.975 2.625 2.6370e+01
-3.975 2.675 5.1463e+01
-3.975 2.725 9.9595e+01
-3.975 2.775 1.9081e+02
-3.975 2.825 3.6128e+02
-3.975 2.875 6.7505e+02
-3.975 2.925 1.2434e+03
-3.975 2.975 2.2572e+03
-3.975 3.025 4.0401e+03
-3.975 3.075 7.1386e+03
-3.975 3.125 1.2468e+04
-3.975 3.175 2.1538e+04
-3.975 3.225 3.6753e+04
-3.975 3.275 6.1726e+04
-3.975 3.325 1.0144e+05
-3.975 3.375 1.6197e+05
-3.975 3.425 2.4942e+05
-3.975 3.475 3.6800e+05
-3.975 3.525 5.1748e+05
-3.975 3.575 6.9094e+05
-3.975 3.625 8.7376e+05
-3.975 3.675 1.0448e+06
-3.975 3.725 1.1791e+06
-3.975 3.775 1.2483e+06
-3.975 3.825 1.1660e+06
-3.975 3.875 0.0000e+00
-3.975 3.925 0.0000e+00
-3.975 3.975 0.0000e+00
-3.925 -1.975 0.0000e+00
-3.925 -1.925 0.0000e+00
-3.925 -1.875 0.0000e+00
-3.925 -1.825 0.0000e+00
-3.925 -1.775 0.0000e+00
-3.925 -1.725 0.0000e+00
-3.925 -1.675 0.0000e+00
-3.925 -1.625 0.0000e+00
-3.925 -1.575 0.0000e+00
-3.925 -1.525 0.0000e+00
-3.925 -1.475 0.0000e+00
-3.925 -1.425 0.0000e+00
-3.925 -1.375 0.0000e+00
-3.925 -1.325 0.0000e+00
-3.925 -1.275 0.0000e+00
-3.925 -1.225 0.0000e+00
-3.925 -1.175 0.0000e+00
-3.925 -1.125 0.0000e+00
-3.925 -1.075 0.0000e+00
-3.925 -1.025 0.0000e+00
-3.925 -0.975 0.0000e+00
-3.925 -0.925 0.0000e+00
-3.925 -0.875 0.0000e+00
-3.925 -0.825 0.0000e+00
-3.925 -0.775 0.0000e+00
-3.925 -0.725 0.0000e+00
-3.925 -0.675 0.0000e+00
-3.925 -0.625 0.0000e+00
-3.925 -0.575 0.0000e+00
-3.925 -0.525 0.0000e+00
-3.925 -0.475 0.0000e+00
-3.925 -0.425 0.0000e+00
-3.925 -0.375 0.0000e+00
-3.925 -0.325 0.0000e+00
-3.925 -0.275 0.0000e+00
-3.925 -0.225 0.0000e+00
-3.925 -0.175 0.0000e+00
-3.925 -0.125 0.0000e+00
-3.925 -0.075 0.0000e+00
-3.925 -0.025 0.0000e+00
-3.925 0.025 0.0000e+00
-3.925 0.075 0.0000e+00
-3.925 0.125 0.0000e+00
-3.925 0.175 0.0000e+00
-3.925 0.225 0.0000e+00
-3.925 0.275 0.0000e+00
-3.925 0.325 0.0000e+00
-3.925 0.375 0.0000e+00
-3.925 0.425 0.0000e+00
-3.925 0.475 0.0000e+00
-3.925 0.525 0.0000e+00
-3.925 0.575 0.0000e+00
-3.925 0.625 0.0000e+00
-3.925 0.675 6.3959e-11
-3.925 0.725 1.2766e-10
-3.925 0.775 2.5480e-10
-3.925 0.825 5.0861e-10
-3.925 0.875 1.0153e-09
-3.925 0.925 2.0268e-09
-3.925 0.975 4.0463e-09
-3.925 1.025 8.0786e-09
-3.925 1.075 1.6130e-08
-3.925 1.125 3.2210e-08
-3.925 1.175 6.4325e-08
-3.925 1.225 1.2847e-07
-3.925 1.275 2.5662e-07
-3.925 1.325 5.1266e-07
-3.925 1.375 1.0243e-06
-3.925 1.425 2.0468e-06
-3.925 1.475 4.0908e-06
-3.925 1.525 8.1773e-06
-3.925 1.575 1.6349e-05
-3.925 1.625 3.2694e-05
-3.925 1.675 6.5394e-05
-3.925 1.725 1.3083e-04
-3.925 1.775 2.6180e-04
-3.925 1.825 5.2402e-04
-3.925 1.875 1.0491e-03
-3.925 1.925 2.1009e-03
-3.925 1.975 4.2080e-03
-3.925 2.025 8.4299e-03
-3.925 2.075 1.6890e-02
-3.925 2.125 3.3840e-02
-3.925 2.175 6.7796e-02
-3.925 2.225 1.3579e-01
-3.925 2.275 2.7185e-01
-3.925 2.325 5.4384e-01
-3.925 2.375 1.0867e+00
-3.925 2.425 2.1678e+00
-3.925 2.475 4.3144e+00
-3.925 2.525 8.5605e+00
-3.925 2.575 1.6916e+01
-3.925 2.625 3.3252e+01
-3.925 2.675 6.4934e+01
-3.925 2.725 1.2577e+02
-3.925 2.775 2.4123e+02
-3.925 2.825 4.5746e+02
-3.925 2.875 8.5644e+02
-3.925 2.925 1.5814e+03
-3.925 2.975 2.8784e+03
-3.925 3.025 5.1657e+03
-3.925 3.075 9.1447e+03
-3.925 3.125 1.5975e+04
-3.925 3.175 2.7520e+04
-3.925 3.225 4.6650e+04
-3.925 3.275 7.7481e+04
-3.925 3.325 1.2535e+05
-3.925 3.375 1.9623e+05
-3.925 3.425 2.9528e+05
-3.925 3.475 4.2467e+05
-3.925 3.525 5.8113e+05
-3.925 3.575 7.5433e+05
-3.925 3.625 9.2703e+05
-3.925 3.675 1.0774e+06
-3.925 3.725 1.1824e+06
-3.925 3.775 1.2188e+06
-3.925 3.825 1.1102e+06
-3.925 3.875 0.0000e+00
-3.925 3.925 0.0000e+00
-3.925 3.975 0.0000e+00
-3.875 -1.975 0.0000e+00
-3.875 -1.925 0.0000e+00
-3.875 -1.875 0.0000e+00
-3.875 -1.825 0.0000e+00
-3.875 -1.775 0.0000e+00
-3.875 -1.725 0.0000e+00
-3.875 -1.675 0.0000e+00
-3.875 -1.625 0.0000e+00
-3.875 -1.575 0.0000e+00
-3.875 -1.525 0.0000e+00
-3.875 -1.475 0.0000e+00
-3.875 -1.425 0.0000e+00
-3.875 -1.375 0.0000e+00
-3.875 -1.325 0.0000e+00
-3.875 -1.275 0.0000e+00
-3.875 -1.225 0.0000e+00
-3.875 -1.175 0.0000e+00
-3.875 -1.125 0.0000e+00
-3.875 -1.075 0.0000e+00
-3.875 -1.025 0.0000e+00
-3.875 -0.975 0.0000e+00
-3.875 -0.925 0.0000e+00
-3.875 -0.875 0.0000e+00
-3.875 -0.825 0.0000e+00
-3.875 -0.775 0.0000e+00
-3.875 -0.725 0.0000e+00
-3.875 -0.675 0.0000e+00
-3.875 -0.625 0.0000e+00
-3.875 -0.575 0.0000e+00
-3.875 -0.525 0.0000e+00
-3.875 -0.475 0.0000e+00
-3.875 -0.425 0.0000e+00
-3.875 -0.375 0.0000e+00
-3.875 -0.325 0.0000e+00
-3.875 -0.275 0.0000e+00
-3.875 -0.225 0.0000e+00
-3.875 -0.175 0.0000e+00
-3.875 -0.125 0.0000e+00
-3.875 -0.075 0.0000e+00
-3.875 -0.025 0.0000e+00
-3.875 0.025 0.0000e+00
-3.875 0.075 0.0000e+00
-3.875 0.125 0.0000e+00
-3.875 0.175 0.0000e+00
-3.875 0.225 0.0000e+00
-3.875 0.275 0.0000e+00
-3.875 0.325 0.0000e+00
-3.875 0.375 0.0000e+00
-3.875 0.425 0.0000e+00
-3.875 0.475 0.0000e+00
-3.875 0.525 0.0000e+00
-3.875 0.575 0.0000e+00
-3.875 0.625 0.0000e+00
-3.875 0.675 8.0520e-11
-3.875 0.725 1.6071e-10
-3.875 0.775 3.2078e-10
-3.875 0.825 6.4030e-10
-3.875 0.875 1.2782e-09
-3.875 0.925 2.5516e-09
-3.875 0.975 5.0940e-09
-3.875 1.025 1.0170e-08
-3.875 1.075 2.0307e-08
-3.875 1.125 4.0550e-08
-3.875 1.175 8.0981e-08
-3.875 1.225 1.6174e-07
-3.875 1.275 3.2307e-07
-3.875 1.325 6.4540e-07
-3.875 1.375 1.2895e-06
-3.875 1.425 2.5768e-06
-3.875 1.475 5.1500e-06
-3.875 1.525 1.0295e-05
-3.875 1.575 2.0583e-05
-3.875 1.625 4.1160e-05
-3.875 1.675 8.2328e-05
-3.875 1.725 1.6471e-04
-3.875 1.775 3.2960e-04
-3.875 1.825 6.5973e-04
-3.875 1.875 1.3208e-03
-3.875 1.925 2.6450e-03
-3.875 1.975 5.2979e-03
-3.875 2.025 1.0613e-02
-3.875 2.075 2.1265e-02
-3.875 2.125 4.2608e-02
-3.875 2.175 8.5365e-02
-3.875 2.225 1.7099e-01
-3.875 2.275 3.4234e-01
-3.875 2.325 6.8489e-01
-3.875 2.375 1.3687e+00
-3.875 2.425 2.7307e+00
-3.875 2.475 5.4359e+00
-3.875 2.525 1.0788e+01
-3.875 2.575 2.1326e+01
-3.875 2.625 4.1942e+01
-3.875 2.675 8.1956e+01
-3.875 2.725 1.5888e+02
-3.875 2.775 3.0510e+02
-3.875 2.825 5.7943e+02
-3.875 2.875 1.0868e+03
-3.875 2.925 2.0110e+03
-3.875 2.975 3.6681e+03
-3.875 3.025 6.5934e+03
-3.875 3.075 1.1675e+04
-3.875 3.125 2.0353e+04
-3.875 3.175 3.4869e+04
-3.875 3.225 5.8523e+04
-3.875 3.275 9.5776e+04
-3.875 3.325 1.5196e+05
-3.875 3.375 2.3229e+05
-3.875 3.425 3.4019e+05
-3.875 3.475 4.7495e+05
-3.875 3.525 6.2989e+05
-3.875 3.575 7.9169e+05
-3.875 3.625 9.4187e+05
-3.875 3.675 1.0601e+06
-3.875 3.725 1.1280e+06
-3.875 3.775 1.1291e+06
-3.875 3.825 1.0010e+06
-3.875 3.875 0.0000e+00
-3.875 3.925 0.0000e+00
-3.875 3.975 0.0000e+00
-3.825 -1.975 0.0000e+00
-3.825 -1.925 0.0000e+00
-3.825 -1.875 0.0000e+00
-3.825 -1.825 0.0000e+00
-3.825 -1.775 0.0000e+00
-3.825 -1.725 0.0000e+00
-3.825 -1.675 0.0000e+00
-3.825 -1.625 0.0000e+00
-3.825 -1.575 0.0000e+00
-3.825 -1.525 0.0000e+00
-3.825 -1.475 0.0000e+00
-3.825 -1.425 0.0000e+00
-3.825 -1.375 0.0000e+00
-3.825 -1.325 0.0000e+00
-3.825 -1.275 0.0000e+00
-3.825 -1.225 0.0000e+00
-3.825 -1.175 0.0000e+00
-3.825 -1.125 0.0000e+00
-3.825 -1.075 0.0000e+00
-3.825 -1.025 0.0000e+00
-3.825 -0.975 0.0000e+00
-3.825 -0.925 0.0000e+00
-3.825 -0.875 0.0000e+00
-3.825 -0.825 0.0000e+00
-3.825 -0.775 0.0000e+00
-3.825 -0.725 0.0000e+00
-3.825 -0.675 0.0000e+00
-3.825 -0.625 0.0000e+00
-3.825 -0.575 0.0000e+00
-3.825 -0.525 0.0000e+00
-3.825 -0.475 0.0000e+00
-3.825 -0.425 0.0000e+00
-3.825 -0.375 0.0000e+00
-3.825 -0.325 0.0000e+00
-3.825 -0.275 0.0000e+00
-3.825 -0.225 0.0000e+00
-3.825 -0.175 0.0000e+00
-3.825 -0.125 0.0000e+00
-3.825 -0.075 0.0000e+00
-3.825 -0.025 0.0000e+00
-3.825 0.025 0.0000e+00
-3.825 0.075 0.0000e+00
-3.825 0.125 0.0000e+00
-3.825 0.175 0.0000e+00
-3.825 0.225 0.0000e+00
-3.825 0.275 0.0000e+00
-3.825 0.325 0.0000e+00
-3.825 0.375 0.0000e+00
-3.825 0.425 0.0000e+00
-3.825 0.475 0.0000e+00
-3.825 0.525 0.0000e+00
-3.825 0.575 0.0000e+00
-3.825 0.625 0.0000e+00
-3.825 0.675 1.0137e-10
-3.825 0.725 2.0232e-10
-3.825 0.775 4.0384e-10
-3.825 0.825 8.0609e-10
-3.825 0.875 1.6091e-09
-3.825 0.925 3.2122e-09
-3.825 0.975 6.4129e-09
-3.825 1.025 1.2804e-08
-3.825 1.075 2.5565e-08
-3.825 1.125 5.1050e-08
-3.825 1.175 1.0195e-07
-3.825 1.225 2.0362e-07
-3.825 1.275 4.0672e-07
-3.825 1.325 8.1251e-07
-3.825 1.375 1.6234e-06
-3.825 1.425 3.2440e-06
-3.825 1.475 6.4835e-06
-3.825 1.525 1.2960e-05
-3.825 1.575 2.5912e-05
-3.825 1.625 5.1818e-05
-3.825 1.675 1.0365e-04
-3.825 1.725 2.0736e-04
-3.825 1.775 4.1495e-04
-3.825 1.825 8.3058e-04
-3.825 1.875 1.6629e-03
-3.825 1.925 3.3301e-03
-3.825 1.975 6.6702e-03
-3.825 2.025 1.3363e-02
-3.825 2.075 2.6774e-02
-3.825 2.125 5.3648e-02
-3.825 2.175 1.0749e-01
-3.825 2.225 2.1532e-01
-3.825 2.275 4.3112e-01
-3.825 2.325 8.6260e-01
-3.825 2.375 1.7240e+00
-3.825 2.425 3.4402e+00
-3.825 2.475 6.8498e+00
-3.825 2.525 1.3598e+01
-3.825 2.575 2.6891e+01
-3.825 2.625 5.2913e+01
-3.825 2.675 1.0346e+02
-3.825 2.725 2.0075e+02
-3.825 2.775 3.8591e+02
-3.825 2.825 7.3386e+02
-3.825 2.875 1.3785e+03
-3.825 2.925 2.5542e+03
-3.825 2.975 4.6635e+03
-3.825 3.025 8.3816e+03
-3.825 3.075 1.4811e+04
-3.825 3.125 2.5686e+04
-3.825 3.175 4.3602e+04
-3.825 3.225 7.2160e+04
-3.825 3.275 1.1586e+05
-3.825 3.325 1.7946e+05
-3.825 3.375 2.6671e+05
-3.825 3.425 3.7844e+05
-3.825 3.475 5.1069e+05
-3.825 3.525 6.5364e+05
-3.825 3.575 7.9234e+05
-3.825 3.625 9.0927e+05
-3.825 3.675 9.8811e+05
-3.825 3.725 1.0168e+06
-3.825 3.775 9.8669e+05
-3.825 3.825 8.5038e+05
-3.825 3.875 0.0000e+00
-3.825 3.925 0.0000e+00
-3.825 3.975 0.0000e+00
-3.775 -1.975 0.0000e+00
-3.775 -1.925 0.0000e+00
-3.775 -1.875 0.0000e+00
-3.775 -1.825 0.0000e+00
-3.775 -1.775 0.0000e+00
-3.775 -1.725 0.0000e+00
-3.775 -1.675 0.0000e+00
-3.775 -1.625 0.0000e+00
-3.775 -1.575 0.0000e+00
-3.775 -1.525 0.0000e+00
-3.775 -1.475 0.0000e+00
-3.775 -1.425 0.0000e+00
-3.775 -1.375 0.0000e+00
-3.775 -1.325 0.0000e+00
-3.775 -1.275 0.0000e+00
-3.775 -1.225 0.0000e+00
-3.775 -1.175 0.0000e+00
-3.775 -1.125 0.0000e+00
-3.775 -1.075 0.0000e+00
-3.775 -1.025 0.0000e+00
-3.775 -0.975 0.0000e+00
-3.775 -0.925 0.0000e+00
-3.775 -0.875 0.0000e+00
-3.775 -0.825 0.0000e+00
-3.775 -0.775 0.0000e+00
-3.775 -0.725 0.0000e+00
-3.775 -0.675 0.0000e+00
-3.775 -0.625 0.0000e+00
-3.775 -0.575 0.0000e+00
-3.775 -0.525 0.0000e+00
-3.775 -0.475 0.0000e+00
-3.775 -0.425 0.0000e+00
-3.775 -0.375 0.0000e+00
-3.775 -0.325 0.0000e+00
-3.775 -0.275 0.0000e+00
-3.775 -0.225 0.0000e+00
-3.775 -0.175 0.0000e+00
-3.775 -0.125 0.0000e+00
-3.775 -0.075 0.0000e+00
-3.775 -0.025 0.0000e+00
-3.775 0.025 0.0000e+00
-3.775 0.075 0.0000e+00
-3.775 0.125 0.0000e+00
-3.775 0.175 0.0000e+00
-3.775 0.225 0.0000e+00
-3.775 0.275 0.0000e+00
-3.775 0.325 0.0000e+00
-3.775 0.375 0.0000e+00
-3.775 0.425 0.0000e+00
-3.775 0.475 0.0000e+00
-3.775 0.525 0.0000e+00
-3.775 0.575 0.0000e+00
-3.775 0.625 0.0000e+00
-3.775 0.675 1.2762e-10
-3.775 0.725 2.5471e-10
-3.775 0.775 5.0840e-10
-3.775 0.825 1.0148e-09
-3.775 0.875 2.0257e-09
-3.775 0.925 4.0440e-09
-3.775 0.975 8.0734e-09
-3.775 1.025 1.6119e-08
-3.775 1.075 3.2185e-08
-3.775 1.125 6.4268e-08
-3.775 1.175 1.2835e-07
-3.775 1.225 2.5634e-07
-3.775 1.275 5.1203e-07
-3.775 1.325 1.0229e-06
-3.775 1.375 2.0437e-06
-3.775 1.425 4.0840e-06
-3.775 1.475 8.1624e-06
-3.775 1.525 1.6316e-05
-3.775 1.575 3.2622e-05
-3.775 1.625 6.5237e-05
-3.775 1.675 1.3049e-04
-3.775 1.725 2.6106e-04
-3.775 1.775 5.2242e-04
-3.775 1.825 1.0457e-03
-3.775 1.875 2.0936e-03
-3.775 1.925 4.1927e-03
-3.775 1.975 8.3981e-03
-3.775 2.025 1.6825e-02
-3.775 2.075 3.3712e-02
-3.775 2.125 6.7553e-02
-3.775 2.175 1.3536e-01
-3.775 2.225 2.7115e-01
-3.775 2.275 5.4297e-01
-3.775 2.325 1.0865e+00
-3.775 2.375 2.1718e+00
-3.775 2.425 4.3346e+00
-3.775 2.475 8.6326e+00
-3.775 2.525 1.7143e+01
-3.775 2.575 3.3913e+01
-3.775 2.625 6.6762e+01
-3.775 2.675 1.3062e+02
-3.775 2.725 2.5362e+02
-3.775 2.775 4.8794e+02
-3.775 2.825 9.2866e+02
-3.775 2.875 1.7455e+03
-3.775 2.925 3.2349e+03
-3.775 2.975 5.9013e+03
-3.775 3.025 1.0578e+04
-3.775 3.075 1.8592e+04
-3.775 3.125 3.1950e+04
-3.775 3.175 5.3492e+04
-3.775 3.225 8.6868e+04
-3.775 3.275 1.3614e+05
-3.775 3.325 2.0486e+05
-3.775 3.375 2.9456e+05
-3.775 3.425 4.0308e+05
-3.775 3.475 5.2343e+05
-3.775 3.525 6.4396e+05
-3.775 3.575 7.5018e+05
-3.775 3.625 8.2798e+05
-3.775 3.675 8.6681e+05
-3.775 3.725 8.6140e+05
-3.775 3.775 8.0976e+05
-3.775 3.825 6.7847e+05
-3.775 3.875 0.0000e+00
-3.775 3.925 0.0000e+00
-3.775 3.975 0.0000e+00
-3.725 -1.975 0.0000e+00
-3.725 -1.925 0.0000e+00
-3.725 -1.875 0.0000e+00
-3.725 -1.825 0.0000e+00
-3.725 -1.775 0.0000e+00
-3.725 -1.725 0.0000e+00
-3.725 -1.675 0.0000e+00
-3.725 -1.625 0.0000e+00
-3.725 -1.575 0.0000e+00
-3.725 -1.525 0.0000e+00
-3.725 -1.475 0.0000e+00
-3.725 -1.425 0.0000e+00
-3.725 -1.375 0.0000e+00
-3.725 -1.325 0.0000e+00
-3.725 -1.275 0.0000e+00
-3.725 -1.225 0.0000e+00
-3.725 -1.175 0.0000e+00
-3.725 -1.125 0.0000e+00
-3.725 -1.075 0.0000e+00
-3.725 -1.025 0.0000e+00
-3.725 -0.975 0.0000e+00
-3.725 -0.925 0.0000e+00
-3.725 -0.875 0.0000e+00
-3.725 -0.825 0.0000e+00
-3.725 -0.775 0.0000e+00
-3.725 -0.725 0.0000e+00
-3.725 -0.675 0.0000e+00
-3.725 -0.625 0.0000e+00
-3.725 -0.575 0.0000e+00
-3.725 -0.525 0.0000e+00
-3.725 -0.475 0.0000e+00
-3.725 -0.425 0.0000e+00
-3.725 -0.375 0.0000e+00
-3.725 -0.325 0.0000e+00
-3.725 -0.275 0.0000e+00
-3.725 -0.225 0.0000e+00
-3.725 -0.175 0.0000e+00
-3.725 -0.125 0.0000e+00
-3.725 -0.075 0.0000e+00
-3.725 -0.025 0.0000e+00
-3.725 0.025 0.0000e+00
-3.725 0.075 0.0000e+00
-3.725 0.125 0.0000e+00
-3.725 0.175 0.0000e+00
-3.725 0.225 0.0000e+00
-3.725 0.275 0.0000e+00
-3.725 0.325 0.0000e+00
-3.725 0.375 0.0000e+00
-3.725 0.425 0.0000e+00
-3.725 0.475 0.0000e+00
-3.725 0.525 0.0000e+00
-3.725 0.575 0.0000e+00
-3.725 0.625 0.0000e+00
-3.725 0.675 1.6066e-10
-3.725 0.725 3.2066e-10
-3.725 0.775 6.4004e-10
-3.725 0.825 1.2776e-09
-3.725 0.875 2.5503e-09
-3.725 0.925 5.0911e-09
-3.725 0.975 1.0164e-08
-3.725 1.025 2.0293e-08
-3.725 1.075 4.0518e-08
-3.725 1.125 8.0909e-08
-3.725 1.175 1.6158e-07
-3.725 1.225 3.2271e-07
-3.725 1.275 6.4461e-07
-3.725 1.325 1.2878e-06
-3.725 1.375 2.5729e-06
-3.725 1.425 5.1415e-06
-3.725 1.475 1.0276e-05
-3.725 1.525 2.0541e-05
-3.725 1.575 4.1070e-05
-3.725 1.625 8.2130e-05
-3.725 1.675 1.6428e-04
-3.725 1.725 3.2867e-04
-3.725 1.775 6.5772e-04
-3.725 1.825 1.3165e-03
-3.725 1.875 2.6359e-03
-3.725 1.925 5.2788e-03
-3.725 1.975 1.0574e-02
-3.725 2.025 2.1185e-02
-3.725 2.075 4.2449e-02
-3.725 2.125 8.5064e-02
-3.725 2.175 1.7045e-01
-3.725 2.225 3.4149e-01
-3.725 2.275 6.8389e-01
-3.725 2.325 1.3687e+00
-3.725 2.375 2.7362e+00
-3.725 2.425 5.4621e+00
-3.725 2.475 1.0881e+01
-3.725 2.525 2.1613e+01
-3.725 2.575 4.2771e+01
-3.725 2.625 8.4231e+01
-3.725 2.675 1.6486e+02
-3.725 2.725 3.2023e+02
-3.725 2.775 6.1626e+02
-3.725 2.825 1.1728e+03
-3.725 2.875 2.2030e+03
-3.725 2.925 4.0755e+03
-3.725 2.975 7.4087e+03
-3.725 3.025 1.3199e+04
-3.725 3.075 2.2975e+04
-3.725 3.125 3.8931e+04
-3.725 3.175 6.3943e+04
-3.725 3.225 1.0133e+05
-3.725 3.275 1.5415e+05
-3.725 3.325 2.2413e+05
-3.725 3.375 3.1020e+05
-3.725 3.425 4.0749e+05
-3.725 3.475 5.0713e+05
-3.725 3.525 5.9762e+05
-3.725 3.575 6.6727e+05
-3.725 3.625 7.0702e+05
-3.725 3.675 7.1239e+05
-3.725 3.725 6.8362e+05
-3.725 3.775 6.2292e+05
-3.725 3.825 5.0798e+05
-3.725 3.875 0.0000e+00
-3.725 3.925 0.0000e+00
-3.725 3.975 0.0000e+00
-3.675 -1.975 0.0000e+00
-3.675 -1.925 0.0000e+00
-3.675 -1.875 0.0000e+00
-3.675 -1.825 0.0000e+00
-3.675 -1.775 0.0000e+00
-3.675 -1.725 0.0000e+00
-3.675 -1.675 0.0000e+00
-3.675 -1.625 0.0000e+00
-3.675 -1.575 0.0000e+00
-3.675 -1.525 0.0000e+00
-3.675 -1.475 0.0000e+00
-3.675 -1.425 0.0000e+00
-3.675 -1.375 0.0000e+00
-3.675 -1.325 0.0000e+00
-3.675 -1.275 0.0000e+00
-3.675 -1.225 0.0000e+00
-3.675 -1.175 0.0000e+00
-3.675 -1.125 0.0000e+00
-3.675 -1.075 0.0000e+00
-3.675 -1.025 0.0000e+00
-3.675 -0.975 0.0000e+00
-3.675 -0.925 0.0000e+00
-3.675 -0.875 0.0000e+00
-3.675 -0.825 0.0000e+00
-3.675 -0.775 0.0000e+00
-3.675 -0.725 0.0000e+00
-3.675 -0.675 0.0000e+00
-3.675 -0.625 0.0000e+00
-3.675 -0.575 0.0000e+00
-3.675 -0.525 0.0000e+00
-3.675 -0.475 0.0000e+00
-3.675 -0.425 0.0000e+00
-3.675 -0.375 0.0000e+00
-3.675 -0.325 0.0000e+00
-3.675 -0.275 0.0000e+00
-3.675 -0.225 0.0000e+00
-3.675 -0.175 0.0000e+00
-3.675 -0.125 0.0000e+00
-3.675 -0.075 0.0000e+00
-3.675 -0.025 0.0000e+00
-3.675 0.025 0.0000e+00
-3.675 0.075 0.0000e+00
-3.675 0.125 0.0000e+00
-3.675 0.175 0.0000e+00
-3.675 0.225 0.0000e+00
-3.675 0.275 0.0000e+00
-3.675 0.325 0.0000e+00
-3.675 0.375 0.0000e+00
-3.675 0.425 0.0000e+00
-3.675 0.475 0.0000e+00
-3.675 0.525 0.0000e+00
-3.675 0.575 0.0000e+00
-3.675 0.625 0.0000e+00
-3.675 0.675 2.0226e-10
-3.675 0.725 4.0369e-10
-3.675 0.775 8.0576e-10
-3.675 0.825 1.6084e-09
-3.675 0.875 3.2106e-09
-3.675 0.925 6.4093e-09
-3.675 0.975 1.2796e-08
-3.675 1.025 2.5547e-08
-3.675 1.075 5.1009e-08
-3.675 1.125 1.0186e-07
-3.675 1.175 2.0342e-07
-3.675 1.225 4.0628e-07
-3.675 1.275 8.1153e-07
-3.675 1.325 1.6212e-06
-3.675 1.375 3.2392e-06
-3.675 1.425 6.4728e-06
-3.675 1.475 1.2937e-05
-3.675 1.525 2.5861e-05
-3.675 1.575 5.1705e-05
-3.675 1.625 1.0340e-04
-3.675 1.675 2.0682e-04
-3.675 1.725 4.1379e-04
-3.675 1.775 8.2807e-04
-3.675 1.825 1.6575e-03
-3.675 1.875 3.3187e-03
-3.675 1.925 6.6464e-03
-3.675 1.975 1.3314e-02
-3.675 2.025 2.6675e-02
-3.675 2.075 5.3453e-02
-3.675 2.125 1.0712e-01
-3.675 2.175 2.1467e-01
-3.675 2.225 4.3011e-01
-3.675 2.275 8.6145e-01
-3.675 2.325 1.7242e+00
-3.675 2.375 3.4476e+00
-3.675 2.425 6.8834e+00
-3.675 2.475 1.3715e+01
-3.675 2.525 2.7248e+01
-3.675 2.575 5.3934e+01
-3.675 2.625 1.0623e+02
-3.675 2.675 2.0793e+02
-3.675 2.725 4.0379e+02
-3.675 2.775 7.7652e+02
-3.675 2.825 1.4756e+03
-3.675 2.875 2.7643e+03
-3.675 2.925 5.0909e+03
-3.675 2.975 9.1889e+03
-3.675 3.025 1.6198e+04
-3.675 3.075 2.7780e+04
-3.675 3.125 4.6145e+04
-3.675 3.175 7.3903e+04
-3.675 3.225 1.1357e+05
-3.675 3.275 1.6675e+05
-3.675 3.325 2.3298e+05
-3.675 3.375 3.0887e+05
-3.675 3.425 3.8786e+05
-3.675 3.475 4.6106e+05
-3.675 3.525 5.1921e+05
-3.675 3.575 5.5487e+05
-3.675 3.625 5.6421e+05
-3.675 3.675 5.4747e+05
-3.675 3.725 5.0798e+05
-3.675 3.775 4.4953e+05
-3.675 3.825 3.5758e+05
-3.675 3.875 0.0000e+00
-3.675 3.925 0.0000e+00
-3.675 3.975 0.0000e+00
-3.625 -1.975 0.0000e+00
-3.625 -1.925 0.0000e+00
-3.625 -1.875 0.0000e+00
-3.625 -1.825 0.0000e+00
-3.625 -1.775 0.0000e+00
-3.625 -1.725 0.0000e+00
-3.625 -1.675 0.0000e+00
-3.625 -1.625 0.0000e+00
-3.625 -1.575 0.0000e+00
-3.625 -1.525 0.0000e+00
-3.625 -1.475 0.0000e+00
-3.625 -1.425 0.0000e+00
-3.625 -1.375 0.0000e+00
-3.625 -1.325 0.0000e+00
-3.625 -1.275 0.0000e+00
-3.625 -1.225 0.0000e+00
-3.625 -1.175 0.0000e+00
-3.625 -1.125 0.0000e+00
-3.625 -1.075 0.0000e+00
-3.625 -1.025 0.0000e+00
-3.625 -0.975 0.0000e+00
-3.625 -0.925 0.0000e+00
-3.625 -0.875 0.0000e+00
-3.625 -0.825 0.0000e+00
-3.625 -0.775 0.0000e+00
-3.625 -0.725 0.0000e+00
-3.625 -0.675 0.0000e+00
-3.625 -0.625 0.0000e+00
-3.625 -0.575 0.0000e+00
-3.625 -0.525 0.0000e+00
-3.625 -0.475 0.0000e+00
-3.625 -0.425 0.0000e+00
-3.625 -0.375 0.0000e+00
-3.625 -0.325 0.0000e+00
-3.625 -0.275 0.0000e+00
-3.625 -0.225 0.0000e+00
-3.625 -0.175 0.0000e+00
-3.625 -0.125 0.0000e+00
-3.625 -0.075 0.0000e+00
-3.625 -0.025 0.0000e+00
-3.625 0.025 0.0000e+00
-3.625 0.075 0.0000e+00
-3.625 0.125 0.0000e+00
-3.625 0.175 0.0000e+00
-3.625 0.225 0.0000e+00
-3.625 0.275 0.0000e+00
-3.625 0.325 0.0000e+00
-3.625 0.375 0.0000e+00
-3.625 0.425 0.0000e+00
-3.625 0.475 0.0000e+00
-3.625 0.525 0.0000e+00
-3.625 0.575 0.0000e+00
-3.625 0.625 0.0000e+00
-3.625 0.675 2.5463e-10
-3.625 0.725 5.0821e-10
-3.625 0.775 1.0144e-09
-3.625 0.825 2.0248e-09
-3.625 0.875 4.0419e-09
-3.625 0.925 8.0688e-09
-3.625 0.975 1.6109e-08
-3.625 1.025 3.2162e-08
-3.625 1.075 6.4217e-08
-3.625 1.125 1.2823e-07
-3.625 1.175 2.5609e-07
-3.625 1.225 5.1147e-07
-3.625 1.275 1.0217e-06
-3.625 1.325 2.0410e-06
-3.625 1.375 4.0779e-06
-3.625 1.425 8.1490e-06
-3.625 1.475 1.6287e-05
-3.625 1.525 3.2557e-05
-3.625 1.575 6.5094e-05
-3.625 1.625 1.3018e-04
-3.625 1.675 2.6038e-04
-3.625 1.725 5.2096e-04
-3.625 1.775 1.0426e-03
-3.625 1.825 2.0869e-03
-3.625 1.875 4.1785e-03
-3.625 1.925 8.3685e-03
-3.625 1.975 1.6764e-02
-3.625 2.025 3.3589e-02
-3.625 2.075 6.7313e-02
-3.625 2.125 1.3491e-01
-3.625 2.175 2.7037e-01
-3.625 2.225 5.4177e-01
-3.625 2.275 1.0852e+00
-3.625 2.325 2.1724e+00
-3.625 2.375 4.3443e+00
-3.625 2.425 8.6749e+00
-3.625 2.475 1.7286e+01
-3.625 2.525 3.4346e+01
-3.625 2.575 6.7978e+01
-3.625 2.625 1.3386e+02
-3.625 2.675 2.6183e+02
-3.625 2.725 5.0783e+02
-3.625 2.775 9.7446e+02
-3.625 2.825 1.8452e+03
-3.625 2.875 3.4375e+03
-3.625 2.925 6.2787e+03
-3.625 2.975 1.1200e+04
-3.625 3.025 1.9431e+04
-3.625 3.075 3.2631e+04
-3.625 3.125 5.2794e+04
-3.625 3.175 8.1905e+04
-3.625 3.225 1.2130e+05
-3.625 3.275 1.7086e+05
-3.625 3.325 2.2824e+05
-3.625 3.375 2.8862e+05
-3.625 3.425 3.4535e+05
-3.625 3.475 3.9133e+05
-3.625 3.525 4.2075e+05
-3.625 3.575 4.3049e+05
-3.625 3.625 4.2063e+05
-3.625 3.675 3.9388e+05
-3.625 3.725 3.5432e+05
-3.625 3.775 3.0539e+05
-3.625 3.825 2.3766e+05
-3.625 3.875 0.0000e+00
-3.625 3.925 0.0000e+00
-3.625 3.975 0.0000e+00
-3.575 -1.975 0.0000e+00
-3.575 -1.925 0.0000e+00
-3.575 -1.875 0.0000e+00
-3.575 -1.825 0.0000e+00
-3.575 -1.775 0.0000e+00
-3.575 -1.725 0.0000e+00
-3.575 -1.675 0.0000e+00
-3.575 -1.625 0.0000e+00
-3.575 -1.575 0.0000e+00
-3.575 -1.525 0.0000e+00
-3.575 -1.475 0.0000e+00
-3.575 -1.425 0.0000e+00
-3.575 -1.375 0.0000e+00
-3.575 -1.325 0.0000e+00
-3.575 -1.275 0.0000e+00
-3.575 -1.225 0.0000e+00
-3.575 -1.175 0.0000e+00
-3.575 -1.125 0.0000e+00
-3.575 -1.075 0.0000e+00
-3.575 -1.025 0.0000e+00
-3.575 -0.975 0.0000e+00
-3.575 -0.925 0.0000e+00
-3.575 -0.875 0.0000e+00
-3.575 -0.825 0.0000e+00
-3.575 -0.775 0.0000e+00
-3.575 -0.725 0.0000e+00
-3.575 -0.675 0.0000e+00
-3.575 -0.625 0.0000e+00
-3.575 -0.575 0.0000e+00
-3.575 -0.525 0.0000e+00
-3.575 -0.475 0.0000e+00
-3.575 -0.425 0.0000e+00
-3.575 -0.375 0.0000e+00
-3.575 -0.325 0.0000e+00
-3.575 -0.275 0.0000e+00
-3.575 -0.225 0.0000e+00
-3.575 -0.175 0.0000e+00
-3.575 -0.125 0.0000e+00
-3.575 -0.075 0.0000e+00
-3.575 -0.025 0.0000e+00
-3.575 0.025 0.0000e+00
-3.575 0.075 0.0000e+00
-3.575 0.125 0.0000e+00
-3.575 0.175 0.0000e+00
-3.575 0.225 0.0000e+00
-3.575 0.275 0.0000e+00
-3.575 0.325 0.0000e+00
-3.575 0.375 0.0000e+00
-3.575 0.425 0.0000e+00
-3.575 0.475 0.0000e+00
-3.575 0.525 0.0000e+00
-3.575 0.575 0.0000e+00
-3.575 0.625 0.0000e+00
-3.575 0.675 3.2056e-10
-3.575 0.725 6.3980e-10
-3.575 0.775 1.2770e-09
-3.575 0.825 2.5491e-09
-3.575 0.875 5.0885e-09
-3.575 0.925 1.0158e-08
-3.575 0.975 2.0280e-08
-3.575 1.025 4.0489e-08
-3.575 1.075 8.0845e-08
-3.575 1.125 1.6144e-07
-3.575 1.175 3.2240e-07
-3.575 1.225 6.4391e-07
-3.575 1.275 1.2862e-06
-3.575 1.325 2.5695e-06
-3.575 1.375 5.1339e-06
-3.575 1.425 1.0259e-05
-3.575 1.475 2.0504e-05
-3.575 1.525 4.0988e-05
-3.575 1.575 8.1952e-05
-3.575 1.625 1.6389e-04
-3.575 1.675 3.2782e-04
-3.575 1.725 6.5590e-04
-3.575 1.775 1.3126e-03
-3.575 1.825 2.6276e-03
-3.575 1.875 5.2612e-03
-3.575 1.925 1.0537e-02
-3.575 1.975 2.1110e-02
-3.575 2.025 4.2298e-02
-3.575 2.075 8.4771e-02
-3.575 2.125 1.6991e-01
-3.575 2.175 3.4055e-01
-3.575 2.225 6.8246e-01
-3.575 2.275 1.3672e+00
-3.575 2.325 2.7371e+00
-3.575 2.375 5.4741e+00
-3.575 2.425 1.0931e+01
-3.575 2.475 2.1781e+01
-3.575 2.525 4.3268e+01
-3.575 2.575 8.5591e+01
-3.575 2.625 1.6837e+02
-3.575 2.675 3.2878e+02
-3.575 2.725 6.3590e+02
-3.575 2.775 1.2149e+03
-3.575 2.825 2.2856e+03
-3.575 2.875 4.2182e+03
-3.575 2.925 7.6054e+03
-3.575 2.975 1.3334e+04
-3.575 3.025 2.2622e+04
-3.575 3.075 3.6951e+04
-3.575 3.125 5.7831e+04
-3.575 3.175 8.6331e+04
-3.575 3.225 1.2247e+05
-3.575 3.275 1.6462e+05
-3.575 3.325 2.0934e+05
-3.575 3.375 2.5174e+05
-3.575 3.425 2.8655e+05
-3.575 3.475 3.0940e+05
-3.575 3.525 3.1790e+05
-3.575 3.575 3.1204e+05
-3.575 3.625 2.9380e+05
-3.575 3.675 2.6639e+05
-3.575 3.725 2.3315e+05
-3.575 3.775 1.9642e+05
-3.575 3.825 1.5004e+05
-3.575 3.875 0.0000e+00
-3.575 3.925 0.0000e+00
-3.575 3.975 0.0000e+00
-3.525 -1.975 0.0000e+00
-3.525 -1.925 0.0000e+00
-3.525 -1.875 0.0000e+00
-3.525 -1.825 0.0000e+00
-3.525 -1.775 0.0000e+00
-3.525 -1.725 0.0000e+00
-3.525 -1.675 0.0000e+00
-3.525 -1.625 0.0000e+00
-3.525 -1.575 0.0000e+00
-3.525 -1.525 0.0000e+00
-3.525 -1.475 0.0000e+00
-3.525 -1.425 0.0000e+00
-3.525 -1.375 0.0000e+00
-3.525 -1.325 0.0000e+00
-3.525 -1.275 0.0000e+00
-3.525 -1.225 0.0000e+00
-3.525 -1.175 0.0000e+00
-3.525 -1.125 0.0000e+00
-3.525 -1.075 0.0000e+00
-3.525 -1.025 0.0000e+00
-3.525 -0.975 0.0000e+00
-3.525 -0.925 0.0000e+00
-3.525 -0.875 0.0000e+00
-3.525 -0.825 0.0000e+00
-3.525 -0.775 0.0000e+00
-3.525 -0.725 0.0000e+00
-3.525 -0.675 0.0000e+00
-3.525 -0.625 0.0000e+00
-3.525 -0.575 0.0000e+00
-3.525 -0.525 0.0000e+00
-3.525 -0.475 0.0000e+00
-3.525 -0.425 0.0000e+00
-3.525 -0.375 0.0000e+00
-3.525 -0.325 0.0000e+00
-3.525 -0.275 0.0000e+00
-3.525 -0.225 0.0000e+00
-3.525 -0.175 0.0000e+00
-3.525 -0.125 0.0000e+00
-3.525 -0.075 0.0000e+00
-3.525 -0.025 0.0000e+00
-3.525 0.025 0.0000e+00
-3.525 0.075 0.0000e+00
-3.525 0.125 0.0000e+00
-3.525 0.175 0.0000e+00
-3.525 0.225 0.0000e+00
-3.525 0.275 0.0000e+00
-3.525 0.325 0.0000e+00
-3.525 0.375 0.0000e+00
-3.525 0.425 0.0000e+00
-3.525 0.475 0.0000e+00
-3.525 0.525 0.0000e+00
-3.525 0.575 0.0000e+00
-3.525 0.625 0.0000e+00
-3.525 0.675 4.0356e-10
-3.525 0.725 8.0547e-10
-3.525 0.775 1.6077e-09
-3.525 0.825 3.2091e-09
-3.525 0.875 6.4060e-09
-3.525 0.925 1.2788e-08
-3.525 0.975 2.5531e-08
-3.525 1.025 5.0973e-08
-3.525 1.075 1.0178e-07
-3.525 1.125 2.0324e-07
-3.525 1.175 4.0588e-07
-3.525 1.225 8.1064e-07
-3.525 1.275 1.6193e-06
-3.525 1.325 3.2349e-06
-3.525 1.375 6.4633e-06
-3.525 1.425 1.2916e-05
-3.525 1.475 2.5814e-05
-3.525 1.525 5.1603e-05
-3.525 1.575 1.0318e-04
-3.525 1.625 2.0634e-04
-3.525 1.675 4.1274e-04
-3.525 1.725 8.2580e-04
-3.525 1.775 1.6527e-03
-3.525 1.825 3.3084e-03
-3.525 1.875 6.6246e-03
-3.525 1.925 1.3269e-02
-3.525 1.975 2.6583e-02
-3.525 2.025 5.3268e-02
-3.525 2.075 1.0676e-01
-3.525 2.125 2.1401e-01
-3.525 2.175 4.2897e-01
-3.525 2.225 8.5974e-01
-3.525 2.275 1.7225e+00
-3.525 2.325 3.4485e+00
-3.525 2.375 6.8968e+00
-3.525 2.425 1.3770e+01
-3.525 2.475 2.7428e+01
-3.525 2.525 5.4446e+01
-3.525 2.575 1.0757e+02
-3.525 2.625 2.1116e+02
-3.525 2.675 4.1097e+02
-3.525 2.725 7.9087e+02
-3.525 2.775 1.4999e+03
-3.525 2.825 2.7926e+03
-3.525 2.875 5.0816e+03
-3.525 2.925 8.9927e+03
-3.525 2.975 1.5396e+04
-3.525 3.025 2.5368e+04
-3.525 3.075 4.0020e+04
-3.525 3.125 6.0172e+04
-3.525 3.175 8.5893e+04
-3.525 3.225 1.1608e+05
-3.525 3.275 1.4828e+05
-3.525 3.325 1.7900e+05
-3.525 3.375 2.0443e+05
-3.525 3.425 2.2139e+05
-3.525 3.475 2.2814e+05
-3.525 3.525 2.2460e+05
-3.525 3.575 2.1223e+05
-3.525 3.625 1.9332e+05
-3.525 3.675 1.7042e+05
-3.525 3.725 1.4571e+05
-3.525 3.775 1.2043e+05
-3.525 3.825 9.0597e+04
-3.525 3.875 0.0000e+00
-3.525 3.925 0.0000e+00
-3.525 3.975 0.0000e+00
-3.475 -1.975 0.0000e+00
-3.475 -1.925 0.0000e+00
-3.475 -1.875 0.0000e+00
-3.475 -1.825 0.0000e+00
-3.475 -1.775 0.0000e+00
-3.475 -1.725 0.0000e+00
-3.475 -1.675 0.0000e+00
-3.475 -1.625 0.0000e+00
-3.475 -1.575 0.0000e+00
-3.475 -1.525 0.0000e+00
-3.475 -1.475 0.0000e+00
-3.475 -1.425 0.0000e+00
-3.475 -1.375 0.0000e+00
-3.475 -1.325 0.0000e+00
-3.475 -1.275 0.0000e+00
-3.475 -1.225 0.0000e+00
-3.475 -1.175 0.0000e+00
-3.475 -1.125 0.0000e+00
-3.475 -1.075 0.0000e+00
-3.475 -1.025 0.0000e+00
-3.475 -0.975 0.0000e+00
-3.475 -0.925 0.0000e+00
-3.475 -0.875 0.0000e+00
-3.475 -0.825 0.0000e+00
-3.475 -0.775 0.0000e+00
-3.475 -0.725 0.0000e+00
-3.475 -0.675 0.0000e+00
-3.475 -0.625 0.0000e+00
-3.475 -0.575 0.0000e+00
-3.475 -0.525 0.0000e+00
-3.475 -0.475 0.0000e+00
-3.475 -0.425 0.0000e+00
-3.475 -0.375 0.0000e+00
-3.475 -0.325 0.0000e+00
-3.475 -0.275 0.0000e+00
-3.475 -0.225 0.0000e+00
-3.475 -0.175 0.0000e+00
-3.475 -0.125 0.0000e+00
-3.475 -0.075 0.0000e+00
-3.475 -0.025 0.0000e+00
-3.475 0.025 0.0000e+00
-3.475 0.075 0.0000e+00
-3.475 0.125 0.0000e+00
-3.475 0.175 0.0000e+00
-3.475 0.225 0.0000e+00
-3.475 0.275 0.0000e+00
-3.475 0.325 0.0000e+00
-3.475 0.375 0.0000e+00
-3.475 0.425 0.0000e+00
-3.475 0.475 0.0000e+00
-3.475 0.525 0.0000e+00
-3.475 0.575 0.0000e+00
-3.475 0.625 0.0000e+00
-3.475 0.675 5.0805e-10
-3.475 0.725 1.0140e-09
-3.475 0.775 2.0240e-09
-3.475 0.825 4.0401e-09
-3.475 0.875 8.0647e-09
-3.475 0.925 1.6100e-08
-3.475 0.975 3.2141e-08
-3.475 1.025 6.4172e-08
-3.475 1.075 1.2813e-07
-3.475 1.125 2.5586e-07
-3.475 1.175 5.1097e-07
-3.475 1.225 1.0206e-06
-3.475 1.275 2.0386e-06
-3.475 1.325 4.0725e-06
-3.475 1.375 8.1370e-06
-3.475 1.425 1.6260e-05
-3.475 1.475 3.2499e-05
-3.475 1.525 6.4968e-05
-3.475 1.575 1.2990e-04
-3.475 1.625 2.5978e-04
-3.475 1.675 5.1965e-04
-3.475 1.725 1.0397e-03
-3.475 1.775 2.0809e-03
-3.475 1.825 4.1658e-03
-3.475 1.875 8.3418e-03
-3.475 1.925 1.6709e-02
-3.475 1.975 3.3477e-02
-3.475 2.025 6.7088e-02
-3.475 2.075 1.3447e-01
-3.475 2.125 2.6957e-01
-3.475 2.175 5.4038e-01
-3.475 2.225 1.0831e+00
-3.475 2.275 2.1700e+00
-3.475 2.325 4.3442e+00
-3.475 2.375 8.6862e+00
-3.475 2.425 1.7335e+01
-3.475 2.475 3.4499e+01
-3.475 2.525 6.8380e+01
-3.475 2.575 1.3477e+02
-3.475 2.625 2.6357e+02
-3.475 2.675 5.1012e+02
-3.475 2.725 9.7376e+02
-3.475 2.775 1.8261e+03
-3.475 2.825 3.3484e+03
-3.475 2.875 5.9729e+03
-3.475 2.925 1.0308e+04
-3.475 2.975 1.7114e+04
-3.475 3.025 2.7190e+04
-3.475 3.075 4.1141e+04
-3.475 3.125 5.9049e+04
-3.475 3.175 8.0169e+04
-3.475 3.225 1.0280e+05
-3.475 3.275 1.2447e+05
-3.475 3.325 1.4251e+05
-3.475 3.375 1.5467e+05
-3.475 3.425 1.5970e+05
-3.475 3.475 1.5755e+05
-3.475 3.525 1.4923e+05
-3.475 3.575 1.3635e+05
-3.475 3.625 1.2071e+05
-3.475 3.675 1.0392e+05
-3.475 3.725 8.7143e+04
-3.475 3.775 7.0915e+04
-3.475 3.825 5.2697e+04
-3.475 3.875 0.0000e+00
-3.475 3.925 0.0000e+00
-3.475 3.975 0.0000e+00
-3.425 -1.975 0.0000e+00
-3.425 -1.925 0.0000e+00
-3.425 -1.875 0.0000e+00
-3.425 -1.825 0.0000e+00
-3.425 -1.775 0.0000e+00
-3.425 -1.725 0.0000e+00
-3.425 -1.675 0.0000e+00
-3.425 -1.625 0.0000e+00
-3.425 -1.575 0.0000e+00
-3.425 -1.525 0.0000e+00
-3.425 -1.475 0.0000e+00
-3.425 -1.425 0.0000e+00
-3.425 -1.375 0.0000e+00
-3.425 -1.325 0.0000e+00
-3.425 -1.275 0.0000e+00
-3.425 -1.225 0.0000e+00
-3.425 -1.175 0.0000e+00
-3.425 -1.125 0.0000e+00
-3.425 -1.075 0.0000e+00
-3.425 -1.025 0.0000e+00
-3.425 -0.975 0.0000e+00
-3.425 -0.925 0.0000e+00
-3.425 -0.875 0.0000e+00
-3.425 -0.825 0.0000e+00
-3.425 -0.775 0.0000e+00
-3.425 -0.725 0.0000e+00
-3.425 -0.675 0.0000e+00
-3.425 -0.625 0.0000e+00
-3.425 -0.575 0.0000e+00
-3.425 -0.525 0.0000e+00
-3.425 -0.475 0.0000e+00
-3.425 -0.425 0.0000e+00
-3.425 -0.375 0.0000e+00
-3.425 -0.325 0.0000e+00
-3.425 -0.275 0.0000e+00
-3.425 -0.225 0.0000e+00
-3.425 -0.175 0.0000e+00
-3.425 -0.125 0.0000e+00
-3.425 -0.075 0.0000e+00
-3.425 -0.025 0.0000e+00
-3.425 0.025 0.0000e+00
-3.425 0.075 0.0000e+00
-3.425 0.125 0.0000e+00
-3.425 0.175 0.0000e+00
-3.425 0.225 0.0000e+00
-3.425 0.275 0.0000e+00
-3.425 0.325 0.0000e+00
-3.425 0.375 0.0000e+00
-3.425 0.425 0.0000e+00
-3.425 0.475 0.0000e+00
-3.425 0.525 0.0000e+00
-3.425 0.575 0.0000e+00
-3.425 0.625 0.0000e+00
-3.425 0.675 6.3959e-10
-3.425 0.725 1.2766e-09
-3.425 0.775 2.5481e-09
-3.425 0.825 5.0861e-09
-3.425 0.875 1.0153e-08
-3.425 0.925 2.0268e-08
-3.425 0.975 4.0464e-08
-3.425 1.025 8.0788e-08
-3.425 1.075 1.6131e-07
-3.425 1.125 3.2212e-07
-3.425 1.175 6.4329e-07
-3.425 1.225 1.2848e-06
-3.425 1.275 2.5664e-06
-3.425 1.325 5.1271e-06
-3.425 1.375 1.0244e-05
-3.425 1.425 2.0472e-05
-3.425 1.475 4.0916e-05
-3.425 1.525 8.1794e-05
-3.425 1.575 1.6355e-04
-3.425 1.625 3.2708e-04
-3.425 1.675 6.5428e-04
-3.425 1.725 1.3091e-03
-3.425 1.775 2.6202e-03
-3.425 1.825 5.2455e-03
-3.425 1.875 1.0504e-02
-3.425 1.925 2.1042e-02
-3.425 1.975 4.2161e-02
-3.425 2.025 8.4497e-02
-3.425 2.075 1.6938e-01
-3.425 2.125 3.3957e-01
-3.425 2.175 6.8074e-01
-3.425 2.225 1.3644e+00
-3.425 2.275 2.7333e+00
-3.425 2.325 5.4704e+00
-3.425 2.375 1.0932e+01
-3.425 2.425 2.1796e+01
-3.425 2.475 4.3304e+01
-3.425 2.525 8.5604e+01
-3.425 2.575 1.6803e+02
-3.425 2.625 3.2664e+02
-3.425 2.675 6.2671e+02
-3.425 2.725 1.1820e+03
-3.425 2.775 2.1810e+03
-3.425 2.825 3.9162e+03
-3.425 2.875 6.8036e+03
-3.425 2.925 1.1370e+04
-3.425 2.975 1.8175e+04
-3.425 3.025 2.7652e+04
-3.425 3.075 3.9877e+04
-3.425 3.125 5.4354e+04
-3.425 3.175 6.9916e+04
-3.425 3.225 8.4869e+04
-3.425 3.275 9.7359e+04
-3.425 3.325 1.0584e+05
-3.425 3.375 1.0944e+05
-3.425 3.425 1.0813e+05
-3.425 3.475 1.0259e+05
-3.425 3.525 9.3939e+04
-3.425 3.575 8.3402e+04
-3.425 3.625 7.2095e+04
-3.425 3.675 6.0866e+04
-3.425 3.725 5.0248e+04
-3.425 3.775 4.0388e+04
-3.425 3.825 2.9724e+04
-3.425 3.875 0.0000e+00
-3.425 3.925 0.0000e+00
-3.425 3.975 0.0000e+00
-3.375 -1.975 0.0000e+00
-3.375 -1.925 0.0000e+00
-3.375 -1.875 0.0000e+00
-3.375 -1.825 0.0000e+00
-3.375 -1.775 0.0000e+00
-3.375 -1.725 0.0000e+00
-3.375 -1.675 0.0000e+00
-3.375 -1.625 0.0000e+00
-3.375 -1.575 0.0000e+00
-3.375 -1.525 0.0000e+00
-3.375 -1.475 0.0000e+00
-3.375 -1.425 0.0000e+00
-3.375 -1.375 0.0000e+00
-3.375 -1.325 0.0000e+00
-3.375 -1.275 0.0000e+00
-3.375 -1.225 0.0000e+00
-3.375 -1.175 0.0000e+00
-3.375 -1.125 0.0000e+00
-3.375 -1.075 0.0000e+00
-3.375 -1.025 0.0000e+00
-3.375 -0.975 0.0000e+00
-3.375 -0.925 0.0000e+00
-3.375 -0.875 0.0000e+00
-3.375 -0.825 0.0000e+00
-3.375 -0.775 0.0000e+00
-3.375 -0.725 0.0000e+00
-3.375 -0.675 0.0000e+00
-3.375 -0.625 0.0000e+00
-3.375 -0.575 0.0000e+00
-3.375 -0.525 0.0000e+00
-3.375 -0.475 0.0000e+00
-3.375 -0.425 0.0000e+00
-3.375 -0.375 0.0000e+00
-3.375 -0.325 0.0000e+00
-3.375 -0.275 0.0000e+00
-3.375 -0.225 0.0000e+00
-3.375 -0.175 0.0000e+00
-3.375 -0.125 0.0000e+00
-3.375 -0.075 0.0000e+00
-3.375 -0.025 0.0000e+00
-3.375 0.025 0.0000e+00
-3.375 0.075 0.0000e+00
-3.375 0.125 0.0000e+00
-3.375 0.175 0.0000e+00
-3.375 0.225 0.0000e+00
-3.375 0.275 0.0000e+00
-3.375 0.325 0.0000e+00
-3.375 0.375 0.0000e+00
-3.375 0.425 0.0000e+00
-3.375 0.475 0.0000e+00
-3.375 0.525 0.0000e+00
-3.375 0.575 0.0000e+00
-3.375 0.625 0.0000e+00
-3.375 0.675 8.0520e-10
-3.375 0.725 1.6071e-09
-3.375 0.775 3.2078e-09
-3.375 0.825 6.4031e-09
-3.375 0.875 1.2782e-08
-3.375 0.925 2.5516e-08
-3.375 0.975 5.0941e-08
-3.375 1.025 1.0171e-07
-3.375 1.075 2.0308e-07
-3.375 1.125 4.0553e-07
-3.375 1.175 8.0986e-07
-3.375 1.225 1.6175e-06
-3.375 1.275 3.2310e-06
-3.375 1.325 6.4548e-06
-3.375 1.375 1.2897e-05
-3.375 1.425 2.5773e-05
-3.375 1.475 5.1514e-05
-3.375 1.525 1.0298e-04
-3.375 1.575 2.0591e-04
-3.375 1.625 4.1181e-04
-3.375 1.675 8.2381e-04
-3.375 1.725 1.6484e-03
-3.375 1.775 3.2993e-03
-3.375 1.825 6.6055e-03
-3.375 1.875 1.3229e-02
-3.375 1.925 2.6500e-02
-3.375 1.975 5.3101e-02
-3.375 2.025 1.0643e-01
-3.375 2.075 2.1336e-01
-3.375 2.125 4.2775e-01
-3.375 2.175 8.5749e-01
-3.375 2.225 1.7184e+00
-3.375 2.275 3.4414e+00
-3.375 2.325 6.8835e+00
-3.375 2.375 1.3741e+01
-3.375 2.425 2.7347e+01
-3.375 2.475 5.4178e+01
-3.375 2.525 1.0664e+02
-3.375 2.575 2.0798e+02
-3.375 2.625 4.0060e+02
-3.375 2.675 7.5893e+02
-3.375 2.725 1.4073e+03
-3.375 2.775 2.5404e+03
-3.375 2.825 4.4376e+03
-3.375 2.875 7.4561e+03
-3.375 2.925 1.1980e+04
-3.375 2.975 1.8312e+04
-3.375 3.025 2.6516e+04
-3.375 3.075 3.6264e+04
-3.375 3.125 4.6771e+04
-3.375 3.175 5.6892e+04
-3.375 3.225 6.5369e+04
-3.375 3.275 7.1152e+04
-3.375 3.325 7.3657e+04
-3.375 3.375 7.2862e+04
-3.375 3.425 6.9223e+04
-3.375 3.475 6.3487e+04
-3.375 3.525 5.6485e+04
-3.375 3.575 4.8965e+04
-3.375 3.625 4.1508e+04
-3.375 3.675 3.4497e+04
-3.375 3.725 2.8127e+04
-3.375 3.775 2.2389e+04
-3.375 3.825 1.6355e+04
-3.375 3.875 0.0000e+00
-3.375 3.925 0.0000e+00
-3.375 3.975 0.0000e+00
-3.325 -1.975 0.0000e+00
-3.325 -1.925 0.0000e+00
-3.325 -1.875 0.0000e+00
-3.325 -1.825 0.0000e+00
-3.325 -1.775 0.0000e+00
-3.325 -1.725 0.0000e+00
-3.325 -1.675 0.0000e+00
-3.325 -1.625 0.0000e+00
-3.325 -1.575 0.0000e+00
-3.325 -1.525 0.0000e+00
-3.325 -1.475 0.0000e+00
-3.325 -1.425 0.0000e+00
-3.325 -1.375 0.0000e+00
-3.325 -1.325 0.0000e+00
-3.325 -1.275 0.0000e+00
-3.325 -1.225 0.0000e+00
-3.325 -1.175 0.0000e+00
-3.325 -1.125 0.0000e+00
-3.325 -1.075 0.0000e+00
-3.325 -1.025 0.0000e+00
-3.325 -0.975 0.0000e+00
-3.325 -0.925 0.0000e+00
-3.325 -0.875 0.0000e+00
-3.325 -0.825 0.0000e+00
-3.325 -0.775 0.0000e+00
-3.325 -0.725 0.0000e+00
-3.325 -0.675 0.0000e+00
-3.325 -0.625 0.0000e+00
-3.325 -0.575 0.0000e+00
-3.325 -0.525 0.0000e+00
-3.325 -0.475 0.0000e+00
-3.325 -0.425 0.0000e+00
-3.325 -0.375 0.0000e+00
-3.325 -0.325 0.0000e+00
-3.325 -0.275 0.0000e+00
-3.325 -0.225 0.0000e+00
-3.325 -0.175 0.0000e+00
-3.325 -0.125 0.0000e+00
-3.325 -0.075 0.0000e+00
-3.325 -0.025 0.0000e+00
-3.325 0.025 0.0000e+00
-3.325 0.075 0.0000e+00
-3.325 0.125 0.0000e+00
-3.325 0.175 0.0000e+00
-3.325 0.225 0.0000e+00
-3.325 0.275 0.0000e+00
-3.325 0.325 0.0000e+00
-3.325 0.375 0.0000e+00
-3.325 0.425 0.0000e+00
-3.325 0.475 0.0000e+00
-3.325 0.525 0.0000e+00
-3.325 0.575 0.0000e+00
-3.325 0.625 0.0000e+00
-3.325 0.675 1.0137e-09
-3.325 0.725 2.0233e-09
-3.325 0.775 4.0384e-09
-3.325 0.825 8.0610e-09
-3.325 0.875 1.6091e-08
-3.325 0.925 3.2123e-08
-3.325 0.975 6.4132e-08
-3.325 1.025 1.2804e-07
-3.325 1.075 2.5566e-07
-3.325 1.125 5.1053e-07
-3.325 1.175 1.0196e-06
-3.325 1.225 2.0364e-06
-3.325 1.275 4.0677e-06
-3.325 1.325 8.1265e-06
-3.325 1.375 1.6237e-05
-3.325 1.425 3.2449e-05
-3.325 1.475 6.4857e-05
-3.325 1.525 1.2966e-04
-3.325 1.575 2.5926e-04
-3.325 1.625 5.1851e-04
-3.325 1.675 1.0373e-03
-3.325 1.725 2.0757e-03
-3.325 1.775 4.1547e-03
-3.325 1.825 8.3184e-03
-3.325 1.875 1.6660e-02
-3.325 1.925 3.3377e-02
-3.325 1.975 6.6885e-02
-3.325 2.025 1.3406e-01
-3.325 2.075 2.6876e-01
-3.325 2.125 5.3879e-01
-3.325 2.175 1.0799e+00
-3.325 2.225 2.1634e+00
-3.325 2.275 4.3297e+00
-3.325 2.325 8.6502e+00
-3.325 2.375 1.7235e+01
-3.325 2.425 3.4197e+01
-3.325 2.475 6.7441e+01
-3.325 2.525 1.3185e+02
-3.325 2.575 2.5472e+02
-3.325 2.625 4.8421e+02
-3.325 2.675 9.0134e+02
-3.325 2.725 1.6338e+03
-3.325 2.775 2.8665e+03
-3.325 2.825 4.8375e+03
-3.325 2.875 7.8056e+03
-3.325 2.925 1.1978e+04
-3.325 2.975 1.7402e+04
-3.325 3.025 2.3867e+04
-3.325 3.075 3.0853e+04
-3.325 3.125 3.7595e+04
-3.325 3.175 4.3255e+04
-3.325 3.225 4.7132e+04
-3.325 3.275 4.8839e+04
-3.325 3.325 4.8359e+04
-3.325 3.375 4.5994e+04
-3.325 3.425 4.2240e+04
-3.325 3.475 3.7644e+04
-3.325 3.525 3.2703e+04
-3.325 3.575 2.7802e+04
-3.325 3.625 2.3201e+04
-3.325 3.675 1.9044e+04
-3.325 3.725 1.5376e+04
-3.325 3.775 1.2148e+04
-3.325 3.825 8.8227e+03
-3.325 3.875 0.0000e+00
-3.325 3.925 0.0000e+00
-3.325 3.975 0.0000e+00
-3.275 -1.975 0.0000e+00
-3.275 -1.925 0.0000e+00
-3.275 -1.875 0.0000e+00
-3.275 -1.825 0.0000e+00
-3.275 -1.775 0.0000e+00
-3.275 -1.725 0.0000e+00
-3.275 -1.675 0.0000e+00
-3.275 -1.625 0.0000e+00
-3.275 -1.575 0.0000e+00
-3.275 -1.525 0.0000e+00
-3.275 -1.475 0.0000e+00
-3.275 -1.425 0.0000e+00
-3.275 -1.375 0.0000e+00
-3.275 -1.325 0.0000e+00
-3.275 -1.275 0.0000e+00
-3.275 -1.225 0.0000e+00
-3.275 -1.175 0.0000e+00
-3.275 -1.125 0.0000e+00
-3.275 -1.075 0.0000e+00
-3.275 -1.025 0.0000e+00
-3.275 -0.975 0.0000e+00
-3.275 -0.925 0.0000e+00
-3.275 -0.875 0.0000e+00
-3.275 -0.825 0.0000e+00
-3.275 -0.775 0.0000e+00
-3.275 -0.725 0.0000e+00
-3.275 -0.675 0.0000e+00
-3.275 -0.625 0.0000e+00
-3.275 -0.575 0.0000e+00
-3.275 -0.525 0.0000e+00
-3.275 -0.475 0.0000e+00
-3.275 -0.425 0.0000e+00
-3.275 -0.375 0.0000e+00
-3.275 -0.325 0.0000e+00
-3.275 -0.275 0.0000e+00
-3.275 -0.225 0.0000e+00
-3.275 -0.175 0.0000e+00
-3.275 -0.125 0.0000e+00
-3.275 -0.075 0.0000e+00
-3.275 -0.025 0.0000e+00
-3.275 0.025 0.0000e+00
-3.275 0.075 0.0000e+00
-3.275 0.125 0.0000e+00
-3.275 0.175 0.0000e+00
-3.275 0.225 0.0000e+00
-3.275 0.275 0.0000e+00
-3.275 0.325 0.0000e+00
-3.275 0.375 0.0000e+00
-3.275 0.425 0.0000e+00
-3.275 0.475 0.0000e+00
-3.275 0.525 0.0000e+00
-3.275 0.575 0.0000e+00
-3.275 0.625 0.0000e+00
-3.275 0.675 1.2762e-09
-3.275 0.725 2.5471e-09
-3.275 0.775 5.0841e-09
-3.275 0.825 1.0148e-08
-3.275 0.875 2.0258e-08
-3.275 0.925 4.0441e-08
-3.275 0.975 8.0738e-08
-3.275 1.025 1.6120e-07
-3.275 1.075 3.2187e-07
-3.275 1.125 6.4274e-07
-3.275 1.175 1.2836e-06
-3.275 1.225 2.5637e-06
-3.275 1.275 5.1212e-06
-3.275 1.325 1.0231e-05
-3.275 1.375 2.0443e-05
-3.275 1.425 4.0853e-05
-3.275 1.475 8.1657e-05
-3.275 1.525 1.6325e-04
-3.275 1.575 3.2643e-04
-3.275 1.625 6.5289e-04
-3.275 1.675 1.3062e-03
-3.275 1.725 2.6138e-03
-3.275 1.775 5.2321e-03
-3.275 1.825 1.0476e-02
-3.275 1.875 2.0983e-02
-3.275 1.925 4.2039e-02
-3.275 1.975 8.4248e-02
-3.275 2.025 1.6887e-01
-3.275 2.075 3.3851e-01
-3.275 2.125 6.7851e-01
-3.275 2.175 1.3595e+00
-3.275 2.225 2.7215e+00
-3.275 2.275 5.4400e+00
-3.275 2.325 1.0847e+01
-3.275 2.375 2.1544e+01
-3.275 2.425 4.2546e+01
-3.275 2.475 8.3327e+01
-3.275 2.525 1.6131e+02
-3.275 2.575 3.0743e+02
-3.275 2.625 5.7393e+02
-3.275 2.675 1.0437e+03
-3.275 2.725 1.8374e+03
-3.275 2.775 3.1115e+03
-3.275 2.825 5.0377e+03
-3.275 2.875 7.7548e+03
-3.275 2.925 1.1299e+04
-3.275 2.975 1.5533e+04
-3.275 3.025 2.0117e+04
-3.275 3.075 2.4550e+04
-3.275 3.125 2.8279e+04
-3.275 3.175 3.0844e+04
-3.275 3.225 3.1988e+04
-3.275 3.275 3.1702e+04
-3.275 3.325 3.0182e+04
-3.275 3.375 2.7751e+04
-3.275 3.425 2.4767e+04
-3.275 3.475 2.1553e+04
-3.275 3.525 1.8363e+04
-3.275 3.575 1.5369e+04
-3.275 3.625 1.2666e+04
-3.275 3.675 1.0295e+04
-3.275 3.725 8.2499e+03
-3.275 3.775 6.4797e+03
-3.275 3.825 4.6854e+03
-3.275 3.875 0.0000e+00
-3.275 3.925 0.0000e+00
-3.275 3.975 0.0000e+00
-3.225 -1.975 0.0000e+00
-3.225 -1.925 0.0000e+00
-3.225 -1.875 0.0000e+00
-3.225 -1.825 0.0000e+00
-3.225 -1.775 0.0000e+00
-3.225 -1.725 0.0000e+00
-3.225 -1.675 0.0000e+00
-3.225 -1.625 0.0000e+00
-3.225 -1.575 0.0000e+00
-3.225 -1.525 0.0000e+00
-3.225 -1.475 0.0000e+00
-3.225 -1.425 0.0000e+00
-3.225 -1.375 0.0000e+00
-3.225 -1.325 0.0000e+00
-3.225 -1.275 0.0000e+00
-3.225 -1.225 0.0000e+00
-3.225 -1.175 0.0000e+00
-3.225 -1.125 0.0000e+00
-3.225 -1.075 0.0000e+00
-3.225 -1.025 0.0000e+00
-3.225 -0.975 0.0000e+00
-3.225 -0.925 0.0000e+00
-3.225 -0.875 0.0000e+00
-3.225 -0.825 0.0000e+00
-3.225 -0.775 0.0000e+00
-3.225 -0.725 0.0000e+00
-3.225 -0.675 0.0000e+00
-3.225 -0.625 0.0000e+00
-3.225 -0.575 0.0000e+00
-3.225 -0.525 0.0000e+00
-3.225 -0.475 0.0000e+00
-3.225 -0.425 0.0000e+00
-3.225 -0.375 0.0000e+00
-3.225 -0.325 0.0000e+00
-3.225 -0.275 0.0000e+00
-3.225 -0.225 0.0000e+00
-3.225 -0.175 0.0000e+00
-3.225 -0.125 0.0000e+00
-3.225 -0.075 0.0000e+00
-3.225 -0.025 0.0000e+00
-3.225 0.025 0.0000e+00
-3.225 0.075 0.0000e+00
-3.225 0.125 0.0000e+00
-3.225 0.175 0.0000e+00
-3.225 0.225 0.0000e+00
-3.225 0.275 0.0000e+00
-3.225 0.325 0.0000e+00
-3.225 0.375 0.0000e+00
-3.225 0.425 0.0000e+00
-3.225 0.475 0.0000e+00
-3.225 0.525 0.0000e+00
-3.225 0.575 0.0000e+00
-3.225 0.625 0.0000e+00
-3.225 0.675 1.6066e-09
-3.225 0.725 3.2067e-09
-3.225 0.775 6.4005e-09
-3.225 0.825 1.2776e-08
-3.225 0.875 2.5503e-08
-3.225 0.925 5.0913e-08
-3.225 0.975 1.0164e-07
-3.225 1.025 2.0294e-07
-3.225 1.075 4.0521e-07
-3.225 1.125 8.0918e-07
-3.225 1.175 1.6160e-06
-3.225 1.225 3.2277e-06
-3.225 1.275 6.4475e-06
-3.225 1.325 1.2881e-05
-3.225 1.375 2.5738e-05
-3.225 1.425 5.1436e-05
-3.225 1.475 1.0281e-04
-3.225 1.525 2.0554e-04
-3.225 1.575 4.1102e-04
-3.225 1.625 8.2211e-04
-3.225 1.675 1.6448e-03
-3.225 1.725 3.2916e-03
-3.225 1.775 6.5892e-03
-3.225 1.825 1.3194e-02
-3.225 1.875 2.6429e-02
-3.225 1.925 5.2953e-02
-3.225 1.975 1.0612e-01
-3.225 2.025 2.1269e-01
-3.225 2.075 4.2628e-01
-3.225 2.125 8.5410e-01
-3.225 2.175 1.7100e+00
-3.225 2.225 3.4190e+00
-3.225 2.275 6.8201e+00
-3.225 2.325 1.3555e+01
-3.225 2.375 2.6793e+01
-3.225 2.425 5.2537e+01
-3.225 2.475 1.0186e+02
-3.225 2.525 1.9448e+02
-3.225 2.575 3.6384e+02
-3.225 2.625 6.6323e+02
-3.225 2.675 1.1706e+03
-3.225 2.725 1.9878e+03
-3.225 2.775 3.2269e+03
-3.225 2.825 4.9799e+03
-3.225 2.875 7.2721e+03
-3.225 2.925 1.0017e+04
-3.225 2.975 1.2994e+04
-3.225 3.025 1.5878e+04
-3.225 3.075 1.8309e+04
-3.225 3.125 1.9987e+04
-3.225 3.175 2.0745e+04
-3.225 3.225 2.0577e+04
-3.225 3.275 1.9609e+04
-3.225 3.325 1.8048e+04
-3.225 3.375 1.6128e+04
-3.225 3.425 1.4056e+04
-3.225 3.475 1.1998e+04
-3.225 3.525 1.0063e+04
-3.225 3.575 8.3176e+03
-3.225 3.625 6.7881e+03
-3.225 3.675 5.4753e+03
-3.225 3.725 4.3617e+03
-3.225 3.775 3.4104e+03
-3.225 3.825 2.4578e+03
-3.225 3.875 0.0000e+00
-3.225 3.925 0.0000e+00
-3.225 3.975 0.0000e+00
-3.175 -1.975 0.0000e+00
-3.175 -1.925 0.0000e+00
-3.175 -1.875 0.0000e+00
-3.175 -1.825 0.0000e+00
-3.175 -1.775 0.0000e+00
-3.175 -1.725 0.0000e+00
-3.175 -1.675 0.0000e+00
-3.175 -1.625 0.0000e+00
-3.175 -1.575 0.0000e+00
-3.175 -1.525 0.0000e+00
-3.175 -1.475 0.0000e+00
-3.175 -1.425 0.0000e+00
-3.175 -1.375 0.0000e+00
-3.175 -1.325 0.0000e+00
-3.175 -1.275 0.0000e+00
-3.175 -1.225 0.0000e+00
-3.175 -1.175 0.0000e+00
-3.175 -1.125 0.0000e+00
-3.175 -1.075 0.0000e+00
-3.175 -1.025 0.0000e+00
-3.175 -0.975 0.0000e+00
-3.175 -0.925 0.0000e+00
-3.175 -0.875 0.0000e+00
-3.175 -0.825 0.0000e+00
-3.175 -0.775 0.0000e+00
-3.175 -0.725 0.0000e+00
-3.175 -0.675 0.0000e+00
-3.175 -0.625 0.0000e+00
-3.175 -0.575 0.0000e+00
-3.175 -0.525 0.0000e+00
-3.175 -0.475 0.0000e+00
-3.175 -0.425 0.0000e+00
-3.175 -0.375 0.0000e+00
-3.175 -0.325 0.0000e+00
-3.175 -0.275 0.0000e+00
-3.175 -0.225 0.0000e+00
-3.175 -0.175 0.0000e+00
-3.175 -0.125 0.0000e+00
-3.175 -0.075 0.0000e+00
-3.175 -0.025 0.0000e+00
-3.175 0.025 0.0000e+00
-3.175 0.075 0.0000e+00
-3.175 0.125 0.0000e+00
-3.175 0.175 0.0000e+00
-3.175 0.225 0.0000e+00
-3.175 0.275 0.0000e+00
-3.175 0.325 0.0000e+00
-3.175 0.375 0.0000e+00
-3.175 0.425 0.0000e+00
-3.175 0.475 0.0000e+00
-3.175 0.525 0.0000e+00
-3.175 0.575 0.0000e+00
-3.175 0.625 0.0000e+00
-3.175 0.675 2.0226e-09
-3.175 0.725 4.0370e-09
-3.175 0.775 8.0578e-09
-3.175 0.825 1.6084e-08
-3.175 0.875 3.2107e-08
-3.175 0.925 6.4096e-08
-3.175 0.975 1.2796e-07
-3.175 1.025 2.5549e-07
-3.175 1.075 5.1015e-07
-3.175 1.125 1.0187e-06
-3.175 1.175 2.0345e-06
-3.175 1.225 4.0636e-06
-3.175 1.275 8.1174e-06
-3.175 1.325 1.6217e-05
-3.175 1.375 3.2405e-05
-3.175 1.425 6.4761e-05
-3.175 1.475 1.2945e-04
-3.175 1.525 2.5881e-04
-3.175 1.575 5.1756e-04
-3.175 1.625 1.0352e-03
-3.175 1.675 2.0713e-03
-3.175 1.725 4.1454e-03
-3.175 1.775 8.2989e-03
-3.175 1.825 1.6619e-02
-3.175 1.875 3.3289e-02
-3.175 1.925 6.6698e-02
-3.175 1.975 1.3366e-01
-3.175 2.025 2.6783e-01
-3.175 2.075 5.3657e-01
-3.175 2.125 1.0743e+00
-3.175 2.175 2.1480e+00
-3.175 2.225 4.2857e+00
-3.175 2.275 8.5210e+00
-3.175 2.325 1.6852e+01
-3.175 2.375 3.3069e+01
-3.175 2.425 6.4182e+01
-3.175 2.475 1.2270e+02
-3.175 2.525 2.2990e+02
-3.175 2.575 4.1980e+02
-3.175 2.625 7.4240e+02
-3.175 2.675 1.2632e+03
-3.175 2.725 2.0549e+03
-3.175 2.775 3.1774e+03
-3.175 2.825 4.6484e+03
-3.175 2.875 6.4130e+03
-3.175 2.925 8.3304e+03
-3.175 2.975 1.0191e+04
-3.175 3.025 1.1762e+04
-3.175 3.075 1.2850e+04
-3.175 3.125 1.3349e+04
-3.175 3.175 1.3251e+04
-3.175 3.225 1.2639e+04
-3.175 3.275 1.1645e+04
-3.175 3.325 1.0418e+04
-3.175 3.375 9.0915e+03
-3.175 3.425 7.7718e+03
-3.175 3.475 6.5305e+03
-3.175 3.525 5.4096e+03
-3.175 3.575 4.4273e+03
-3.175 3.625 3.5854e+03
-3.175 3.675 2.8748e+03
-3.175 3.725 2.2796e+03
-3.175 3.775 1.7763e+03
-3.175 3.825 1.2768e+03
-3.175 3.875 0.0000e+00
-3.175 3.925 0.0000e+00
-3.175 3.975 0.0000e+00
-3.125 -1.975 0.0000e+00
-3.125 -1.925 0.0000e+00
-3.125 -1.875 0.0000e+00
-3.125 -1.825 0.0000e+00
-3.125 -1.775 0.0000e+00
-3.125 -1.725 0.0000e+00
-3.125 -1.675 0.0000e+00
-3.125 -1.625 0.0000e+00
-3.125 -1.575 0.0000e+00
-3.125 -1.525 0.0000e+00
-3.125 -1.475 0.0000e+00
-3.125 -1.425 0.0000e+00
-3.125 -1.375 0.0000e+00
-3.125 -1.325 0.0000e+00
-3.125 -1.275 0.0000e+00
-3.125 -1.225 0.0000e+00
-3.125 -1.175 0.0000e+00
-3.125 -1.125 0.0000e+00
-3.125 -1.075 0.0000e+00
-3.125 -1.025 0.0000e+00
-3.125 -0.975 0.0000e+00
-3.125 -0.925 0.0000e+00
-3.125 -0.875 0.0000e+00
-3.125 -0.825 0.0000e+00
-3.125 -0.775 0.0000e+00
-3.125 -0.725 0.0000e+00
-3.125 -0.675 0.0000e+00
-3.125 -0.625 0.0000e+00
-3.125 -0.575 0.0000e+00
-3.125 -0.525 0.0000e+00
-3.125 -0.475 0.0000e+00
-3.125 -0.425 0.0000e+00
-3.125 -0.375 0.0000e+00
-3.125 -0.325 0.0000e+00
-3.125 -0.275 0.0000e+00
-3.125 -0.225 0.0000e+00
-3.125 -0.175 0.0000e+00
-3.125 -0.125 0.0000e+00
-3.125 -0.075 0.0000e+00
-3.125 -0.025 0.0000e+00
-3.125 0.025 0.0000e+00
-3.125 0.075 0.0000e+00
-3.125 0.125 0.0000e+00
-3.125 0.175 0.0000e+00
-3.125 0.225 0.0000e+00
-3.125 0.275 0.0000e+00
-3.125 0.325 0.0000e+00
-3.125 0.375 0.0000e+00
-3.125 0.425 0.0000e+00
-3.125 0.475 0.0000e+00
-3.125 0.525 0.0000e+00
-3.125 0.575 0.0000e+00
-3.125 0.625 0.0000e+00
-3.125 0.675 2.5463e-09
-3.125 0.725 5.0823e-09
-3.125 0.775 1.0144e-08
-3.125 0.825 2.0249e-08
-3.125 0.875 4.0421e-08
-3.125 0.925 8.0693e-08
-3.125 0.975 1.6110e-07
-3.125 1.025 3.2165e-07
-3.125 1.075 6.4226e-07
-3.125 1.125 1.2825e-06
-3.125 1.175 2.5614e-06
-3.125 1.225 5.1161e-06
-3.125 1.275 1.0220e-05
-3.125 1.325 2.0418e-05
-3.125 1.375 4.0800e-05
-3.125 1.425 8.1541e-05
-3.125 1.475 1.6300e-04
-3.125 1.525 3.2589e-04
-3.125 1.575 6.5173e-04
-3.125 1.625 1.3037e-03
-3.125 1.675 2.6086e-03
-3.125 1.725 5.2210e-03
-3.125 1.775 1.0453e-02
-3.125 1.825 2.0933e-02
-3.125 1.875 4.1930e-02
-3.125 1.925 8.4004e-02
-3.125 1.975 1.6830e-01
-3.125 2.025 3.3711e-01
-3.125 2.075 6.7484e-01
-3.125 2.125 1.3493e+00
-3.125 2.175 2.6922e+00
-3.125 2.225 5.3536e+00
-3.125 2.275 1.0591e+01
-3.125 2.325 2.0792e+01
-3.125 2.375 4.0380e+01
-3.125 2.425 7.7259e+01
-3.125 2.475 1.4491e+02
-3.125 2.525 2.6495e+02
-3.125 2.575 4.6920e+02
-3.125 2.625 7.9956e+02
-3.125 2.675 1.3027e+03
-3.125 2.725 2.0174e+03
-3.125 2.775 2.9556e+03
-3.125 2.825 4.0828e+03
-3.125 2.875 5.3094e+03
-3.125 2.925 6.5013e+03
-3.125 2.975 7.5100e+03
-3.125 3.025 8.2114e+03
-3.125 3.075 8.5364e+03
-3.125 3.125 8.4806e+03
-3.125 3.175 8.0957e+03
-3.125 3.225 7.4662e+03
-3.125 3.275 6.6865e+03
-3.125 3.325 5.8423e+03
-3.125 3.375 5.0010e+03
-3.125 3.425 4.2087e+03
-3.125 3.475 3.4925e+03
-3.125 3.525 2.8644e+03
-3.125 3.575 2.3261e+03
-3.125 3.625 1.8724e+03
-3.125 3.675 1.4943e+03
-3.125 3.725 1.1808e+03
-3.125 3.775 9.1760e+02
-3.125 3.825 6.5826e+02
-3.125 3.875 0.0000e+00
-3.125 3.925 0.0000e+00
-3.125 3.975 0.0000e+00
-3.075 -1.975 0.0000e+00
-3.075 -1.925 0.0000e+00
-3.075 -1.875 0.0000e+00
-3.075 -1.825 0.0000e+00
-3.075 -1.775 0.0000e+00
-3.075 -1.725 0.0000e+00
-3.075 -1.675 0.0000e+00
-3.075 -1.625 0.0000e+00
-3.075 -1.575 0.0000e+00
-3.075 -1.525 0.0000e+00
-3.075 -1.475 0.0000e+00
-3.075 -1.425 0.0000e+00
-3.075 -1.375 0.0000e+00
-3.075 -1.325 0.0000e+00
-3.075 -1.275 0.0000e+00
-3.075 -1.225 0.0000e+00
-3.075 -1.175 0.0000e+00
-3.075 -1.125 0.0000e+00
-3.075 -1.075 0.0000e+00
-3.075 -1.025 0.0000e+00
-3.075 -0.975 0.0000e+00
-3.075 -0.925 0.0000e+00
-3.075 -0.875 0.0000e+00
-3.075 -0.825 0.0000e+00
-3.075 -0.775 0.0000e+00
-3.075 -0.725 0.0000e+00
-3.075 -0.675 0.0000e+00
-3.075 -0.625 0.0000e+00
-3.075 -0.575 0.0000e+00
-3.075 -0.525 0.0000e+00
-3.075 -0.475 0.0000e+00
-3.075 -0.425 0.0000e+00
-3.075 -0.375 0.0000e+00
-3.075 -0.325 0.0000e+00
-3.075 -0.275 0.0000e+00
-3.075 -0.225 0.0000e+00
-3.075 -0.175 0.0000e+00
-3.075 -0.125 0.0000e+00
-3.075 -0.075 0.0000e+00
-3.075 -0.025 0.0000e+00
-3.075 0.025 0.0000e+00
-3.075 0.075 0.0000e+00
-3.075 0.125 0.0000e+00
-3.075 0.175 0.0000e+00
-3.075 0.225 0.0000e+00
-3.075 0.275 0.0000e+00
-3.075 0.325 0.0000e+00
-3.075 0.375 0.0000e+00
-3.075 0.425 0.0000e+00
-3.075 0.475 0.0000e+00
-3.075 0.525 0.0000e+00
-3.075 0.575 0.0000e+00
-3.075 0.625 0.0000e+00
-3.075 0.675 3.2056e-09
-3.075 0.725 6.3982e-09
-3.075 0.775 1.2771e-08
-3.075 0.825 2.5492e-08
-3.075 0.875 5.0888e-08
-3.075 0.925 1.0159e-07
-3.075 0.975 2.0282e-07
-3.075 1.025 4.0495e-07
-3.075 1.075 8.0858e-07
-3.075 1.125 1.6147e-06
-3.075 1.175 3.2248e-06
-3.075 1.225 6.4412e-06
-3.075 1.275 1.2867e-05
-3.075 1.325 2.5708e-05
-3.075 1.375 5.1371e-05
-3.075 1.425 1.0267e-04
-3.075 1.475 2.0524e-04
-3.075 1.525 4.1038e-04
-3.075 1.575 8.2073e-04
-3.075 1.625 1.6419e-03
-3.075 1.675 3.2854e-03
-3.075 1.725 6.5759e-03
-3.075 1.775 1.3166e-02
-3.075 1.825 2.6366e-02
-3.075 1.875 5.2809e-02
-3.075 1.925 1.0578e-01
-3.075 1.975 2.1183e-01
-3.075 2.025 4.2397e-01
-3.075 2.075 8.4757e-01
-3.075 2.125 1.6910e+00
-3.075 2.175 3.3626e+00
-3.075 2.225 6.6528e+00
-3.075 2.275 1.3064e+01
-3.075 2.325 2.5380e+01
-3.075 2.375 4.8585e+01
-3.075 2.425 9.1191e+01
-3.075 2.475 1.6686e+02
-3.075 2.525 2.9579e+02
-3.075 2.575 5.0460e+02
-3.075 2.625 8.2307e+02
-3.075 2.675 1.2761e+03
-3.075 2.725 1.8716e+03
-3.075 2.775 2.5881e+03
-3.075 2.825 3.3688e+03
-3.075 2.875 4.1285e+03
-3.075 2.925 4.7727e+03
-3.075 2.975 5.2223e+03
-3.075 3.025 5.4330e+03
-3.075 3.075 5.4017e+03
-3.075 3.125 5.1607e+03
-3.075 3.175 4.7638e+03
-3.075 3.225 4.2706e+03
-3.075 3.275 3.7355e+03
-3.075 3.325 3.2014e+03
-3.075 3.375 2.6978e+03
-3.075 3.425 2.2420e+03
-3.075 3.475 1.8420e+03
-3.075 3.525 1.4989e+03
-3.075 3.575 1.2098e+03
-3.075 3.625 9.6923e+02
-3.075 3.675 7.7072e+02
-3.075 3.725 6.0731e+02
-3.075 3.775 4.7098e+02
-3.075 3.825 3.3735e+02
-3.075 3.875 0.0000e+00
-3.075 3.925 0.0000e+00
-3.075 3.975 0.0000e+00
-3.025 -1.975 0.0000e+00
-3.025 -1.925 0.0000e+00
-3.025 -1.875 0.0000e+00
-3.025 -1.825 0.0000e+00
-3.025 -1.775 0.0000e+00
-3.025 -1.725 0.0000e+00
-3.025 -1.675 0.0000e+00
-3.025 -1.625 0.0000e+00
-3.025 -1.575 0.0000e+00
-3.025 -1.525 0.0000e+00
-3.025 -1.475 0.0000e+00
-3.025 -1.425 0.0000e+00
-3.025 -1.375 0.0000e+00
-3.025 -1.325 0.0000e+00
-3.025 -1.275 0.0000e+00
-3.025 -1.225 0.0000e+00
-3.025 -1.175 0.0000e+00
-3.025 -1.125 0.0000e+00
-3.025 -1.075 0.0000e+00
-3.025 -1.025 0.0000e+00
-3.025 -0.975 0.0000e+00
-3.025 -0.925 0.0000e+00
-3.025 -0.875 0.0000e+00
-3.025 -0.825 0.0000e+00
-3.025 -0.775 0.0000e+00
-3.025 -0.725 0.0000e+00
-3.025 -0.675 0.0000e+00
-3.025 -0.625 0.0000e+00
-3.025 -0.575 0.0000e+00
-3.025 -0.525 0.0000e+00
-3.025 -0.475 0.0000e+00
-3.025 -0.425 0.0000e+00
-3.025 -0.375 0.0000e+00
-3.025 -0.325 0.0000e+00
-3.025 -0.275 0.0000e+00
-3.025 -0.225 0.0000e+00
-3.025 -0.175 0.0000e+00
-3.025 -0.125 0.0000e+00
-3.025 -0.075 0.0000e+00
-3.025 -0.025 0.0000e+00
-3.025 0.025 0.0000e+00
-3.025 0.075 0.0000e+00
-3.025 0.125 0.0000e+00
-3.025 0.175 0.0000e+00
-3.025 0.225 0.0000e+00
-3.025 0.275 0.0000e+00
-3.025 0.325 0.0000e+00
-3.025 0.375 0.0000e+00
-3.025 0.425 0.0000e+00
-3.025 0.475 0.0000e+00
-3.025 0.525 0.0000e+00
-3.025 0.575 0.0000e+00
-3.025 0.625 0.0000e+00
-3.025 0.675 4.0357e-09
-3.025 0.725 8.0550e-09
-3.025 0.775 1.6078e-08
-3.025 0.825 3.2093e-08
-3.025 0.875 6.4065e-08
-3.025 0.925 1.2790e-07
-3.025 0.975 2.5534e-07
-3.025 1.025 5.0982e-07
-3.025 1.075 1.0180e-06
-3.025 1.125 2.0329e-06
-3.025 1.175 4.0601e-06
-3.025 1.225 8.1097e-06
-3.025 1.275 1.6201e-05
-3.025 1.325 3.2369e-05
-3.025 1.375 6.4684e-05
-3.025 1.425 1.2928e-04
-3.025 1.475 2.5845e-04
-3.025 1.525 5.1679e-04
-3.025 1.575 1.0336e-03
-3.025 1.625 2.0678e-03
-3.025 1.675 4.1380e-03
-3.025 1.725 8.2828e-03
-3.025 1.775 1.6583e-02
-3.025 1.825 3.3206e-02
-3.025 1.875 6.6495e-02
-3.025 1.925 1.3313e-01
-3.025 1.975 2.6639e-01
-3.025 2.025 5.3245e-01
-3.025 2.075 1.0621e+00
-3.025 2.125 2.1119e+00
-3.025 2.175 4.1781e+00
-3.025 2.225 8.2048e+00
-3.025 2.275 1.5942e+01
-3.025 2.325 3.0526e+01
-3.025 2.375 5.7319e+01
-3.025 2.425 1.0494e+02
-3.025 2.475 1.8614e+02
-3.025 2.525 3.1778e+02
-3.025 2.575 5.1877e+02
-3.025 2.625 8.0500e+02
-3.025 2.675 1.1817e+03
-3.025 2.725 1.6354e+03
-3.025 2.775 2.1303e+03
-3.025 2.825 2.6126e+03
-3.025 2.875 3.0223e+03
-3.025 2.925 3.3093e+03
-3.025 2.975 3.4453e+03
-3.025 3.025 3.4280e+03
-3.025 3.075 3.2777e+03
-3.025 3.125 3.0282e+03
-3.025 3.175 2.7172e+03
-3.025 3.225 2.3791e+03
-3.025 3.275 2.0412e+03
-3.025 3.325 1.7221e+03
-3.025 3.375 1.4330e+03
-3.025 3.425 1.1790e+03
-3.025 3.475 9.6099e+02
-3.025 3.525 7.7718e+02
-3.025 3.575 6.2425e+02
-3.025 3.625 4.9826e+02
-3.025 3.675 3.9508e+02
-3.025 3.725 3.1065e+02
-3.025 3.775 2.4053e+02
-3.025 3.825 1.7208e+02
-3.025 3.875 0.0000e+00
-3.025 3.925 0.0000e+00
-3.025 3.975 0.0000e+00
-2.975 -1.975 0.0000e+00
-2.975 -1.925 0.0000e+00
-2.975 -1.875 0.0000e+00
-2.975 -1.825 0.0000e+00
-2.975 -1.775 0.0000e+00
-2.975 -1.725 0.0000e+00
-2.975 -1.675 0.0000e+00
-2.975 -1.625 0.0000e+00
-2.975 -1.575 0.0000e+00
-2.975 -1.525 0.0000e+00
-2.975 -1.475 0.0000e+00
-2.975 -1.425 0.0000e+00
-2.975 -1.375 0.0000e+00
-2.975 -1.325 0.0000e+00
-2.975 -1.275 0.0000e+00
-2.975 -1.225 0.0000e+00
-2.975 -1.175 0.0000e+00
-2.975 -1.125 0.0000e+00
-2.975 -1.075 0.0000e+00
-2.975 -1.025 0.0000e+00
-2.975 -0.975 0.0000e+00
-2.975 -0.925 0.0000e+00
-2.975 -0.875 0.0000e+00
-2.975 -0.825 0.0000e+00
-2.975 -0.775 0.0000e+00
-2.975 -0.725 0.0000e+00
-2.975 -0.675 0.0000e+00
-2.975 -0.625 0.0000e+00
-2.975 -0.575 0.0000e+00
-2.975 -0.525 0.0000e+00
-2.975 -0.475 0.0000e+00
-2.975 -0.425 0.0000e+00
-2.975 -0.375 0.0000e+00
-2.975 -0.325 0.0000e+00
-2.975 -0.275 0.0000e+00
-2.975 -0.225 0.0000e+00
-2.975 -0.175 0.0000e+00
-2.975 -0.125 0.0000e+00
-2.975 -0.075 0.0000e+00
-2.975 -0.025 0.0000e+00
-2.975 0.025 0.0000e+00
-2.975 0.075 0.0000e+00
-2.975 0.125 0.0000e+00
-2.975 0.175 0.0000e+00
-2.975 0.225 0.0000e+00
-2.975 0.275 0.0000e+00
-2.975 0.325 0.0000e+00
-2.975 0.375 0.0000e+00
-2.975 0.425 0.0000e+00
-2.975 0.475 0.0000e+00
-2.975 0.525 0.0000e+00
-2.975 0.575 0.0000e+00
-2.975 0.625 0.0000e+00
-2.975 0.675 5.0807e-09
-2.975 0.725 1.0141e-08
-2.975 0.775 2.0241e-08
-2.975 0.825 4.0404e-08
-2.975 0.875 8.0655e-08
-2.975 0.925 1.6102e-07
-2.975 0.975 3.2147e-07
-2.975 1.025 6.4185e-07
-2.975 1.075 1.2817e-06
-2.975 1.125 2.5595e-06
-2.975 1.175 5.1118e-06
-2.975 1.225 1.0211e-05
-2.975 1.275 2.0398e-05
-2.975 1.325 4.0757e-05
-2.975 1.375 8.1449e-05
-2.975 1.425 1.6280e-04
-2.975 1.475 3.2547e-04
-2.975 1.525 6.5084e-04
-2.975 1.575 1.3018e-03
-2.975 1.625 2.6045e-03
-2.975 1.675 5.2120e-03
-2.975 1.725 1.0432e-02
-2.975 1.775 2.0885e-02
-2.975 1.825 4.1812e-02
-2.975 1.875 8.3690e-02
-2.975 1.925 1.6742e-01
-2.975 1.975 3.3455e-01
-2.975 2.025 6.6721e-01
-2.975 2.075 1.3264e+00
-2.975 2.125 2.6237e+00
-2.975 2.175 5.1520e+00
-2.975 2.225 1.0011e+01
-2.975 2.275 1.9170e+01
-2.975 2.325 3.6002e+01
-2.975 2.375 6.5931e+01
-2.975 2.425 1.1700e+02
-2.975 2.475 1.9983e+02
-2.975 2.525 3.2641e+02
-2.975 2.575 5.0681e+02
-2.975 2.625 7.4444e+02
-2.975 2.675 1.0309e+03
-2.975 2.725 1.3438e+03
-2.975 2.775 1.6490e+03
-2.975 2.825 1.9089e+03
-2.975 2.875 2.0915e+03
-2.975 2.925 2.1788e+03
-2.975 2.975 2.1695e+03
-2.975 3.025 2.0760e+03
-2.975 3.075 1.9195e+03
-2.975 3.125 1.7239e+03
-2.975 3.175 1.5108e+03
-2.975 3.225 1.2974e+03
-2.975 3.275 1.0957e+03
-2.975 3.325 9.1280e+02
-2.975 3.375 7.5192e+02
-2.975 3.425 6.1372e+02
-2.975 3.475 4.9711e+02
-2.975 3.525 4.0005e+02
-2.975 3.575 3.2012e+02
-2.975 3.625 2.5476e+02
-2.975 3.675 2.0156e+02
-2.975 3.725 1.5822e+02
-2.975 3.775 1.2235e+02
-2.975 3.825 8.7452e+01
-2.975 3.875 0.0000e+00
-2.975 3.925 0.0000e+00
-2.975 3.975 0.0000e+00
-2.925 -1.975 0.0000e+00
-2.925 -1.925 0.0000e+00
-2.925 -1.875 0.0000e+00
-2.925 -1.825 0.0000e+00
-2.925 -1.775 0.0000e+00
-2.925 -1.725 0.0000e+00
-2.925 -1.675 0.0000e+00
-2.925 -1.625 0.0000e+00
-2.925 -1.575 0.0000e+00
-2.925 -1.525 0.0000e+00
-2.925 -1.475 0.0000e+00
-2.925 -1.425 0.0000e+00
-2.925 -1.375 0.0000e+00
-2.925 -1.325 0.0000e+00
-2.925 -1.275 0.0000e+00
-2.925 -1.225 0.0000e+00
-2.925 -1.175 0.0000e+00
-2.925 -1.125 0.0000e+00
-2.925 -1.075 0.0000e+00
-2.925 -1.025 0.0000e+00
-2.925 -0.975 0.0000e+00
-2.925 -0.925 0.0000e+00
-2.925 -0.875 0.0000e+00
-2.925 -0.825 0.0000e+00
-2.925 -0.775 0.0000e+00
-2.925 -0.725 0.0000e+00
-2.925 -0.675 0.0000e+00
-2.925 -0.625 0.0000e+00
-2.925 -0.575 0.0000e+00
-2.925 -0.525 0.0000e+00
-2.925 -0.475 0.0000e+00
-2.925 -0.425 0.0000e+00
-2.925 -0.375 0.0000e+00
-2.925 -0.325 0.0000e+00
-2.925 -0.275 0.0000e+00
-2.925 -0.225 0.0000e+00
-2.925 -0.175 0.0000e+00
-2.925 -0.125 0.0000e+00
-2.925 -0.075 0.0000e+00
-2.925 -0.025 0.0000e+00
-2.925 0.025 0.0000e+00
-2.925 0.075 0.0000e+00
-2.925 0.125 0.0000e+00
-2.925 0.175 0.0000e+00
-2.925 0.225 0.0000e+00
-2.925 0.275 0.0000e+00
-2.925 0.325 0.0000e+00
-2.925 0.375 0.0000e+00
-2.925 0.425 0.0000e+00
-2.925 0.475 0.0000e+00
-2.925 0.525 0.0000e+00
-2.925 0.575 0.0000e+00
-2.925 0.625 0.0000e+00
-2.925 0.675 6.3963e-09
-2.925 0.725 1.2767e-08
-2.925 0.775 2.5483e-08
-2.925 0.825 5.0867e-08
-2.925 0.875 1.0154e-07
-2.925 0.925 2.0271e-07
-2.925 0.975 4.0472e-07
-2.925 1.025 8.0809e-07
-2.925 1.075 1.6136e-06
-2.925 1.125 3.2225e-06
-2.925 1.175 6.4361e-06
-2.925 1.225 1.2856e-05
-2.925 1.275 2.5684e-05
-2.925 1.325 5.1321e-05
-2.925 1.375 1.0256e-04
-2.925 1.425 2.0502e-04
-2.925 1.475 4.0989e-04
-2.925 1.525 8.1970e-04
-2.925 1.575 1.6396e-03
-2.925 1.625 3.2805e-03
-2.925 1.675 6.5647e-03
-2.925 1.725 1.3139e-02
-2.925 1.775 2.6297e-02
-2.925 1.825 5.2623e-02
-2.925 1.875 1.0524e-01
-2.925 1.925 2.1025e-01
-2.925 1.975 4.1920e-01
-2.925 2.025 8.3316e-01
-2.925 2.075 1.6478e+00
-2.925 2.125 3.2350e+00
-2.925 2.175 6.2851e+00
-2.925 2.225 1.2035e+01
-2.925 2.275 2.2603e+01
-2.925 2.325 4.1399e+01
-2.925 2.375 7.3478e+01
-2.925 2.425 1.2554e+02
-2.925 2.475 2.0513e+02
-2.925 2.525 3.1865e+02
-2.925 2.575 4.6827e+02
-2.925 2.625 6.4881e+02
-2.925 2.675 8.4615e+02
-2.925 2.725 1.0389e+03
-2.925 2.775 1.2033e+03
-2.925 2.825 1.3192e+03
-2.925 2.875 1.3752e+03
-2.925 2.925 1.3702e+03
-2.925 2.975 1.3121e+03
-2.925 3.025 1.2141e+03
-2.925 3.075 1.0913e+03
-2.925 3.125 9.5720e+02
-2.925 3.175 8.2276e+02
-2.925 3.225 6.9550e+02
-2.925 3.275 5.7994e+02
-2.925 3.325 4.7823e+02
-2.925 3.375 3.9077e+02
-2.925 3.425 3.1692e+02
-2.925 3.475 2.5543e+02
-2.925 3.525 2.0477e+02
-2.925 3.575 1.6336e+02
-2.925 3.625 1.2971e+02
-2.925 3.675 1.0244e+02
-2.925 3.725 8.0310e+01
-2.925 3.775 6.2043e+01
-2.925 3.825 4.4315e+01
-2.925 3.875 0.0000e+00
-2.925 3.925 0.0000e+00
-2.925 3.975 0.0000e+00
-2.875 -1.975 0.0000e+00
-2.875 -1.925 0.0000e+00
-2.875 -1.875 0.0000e+00
-2.875 -1.825 0.0000e+00
-2.875 -1.775 0.0000e+00
-2.875 -1.725 0.0000e+00
-2.875 -1.675 0.0000e+00
-2.875 -1.625 0.0000e+00
-2.875 -1.575 0.0000e+00
-2.875 -1.525 0.0000e+00
-2.875 -1.475 0.0000e+00
-2.875 -1.425 0.0000e+00
-2.875 -1.375 0.0000e+00
-2.875 -1.325 0.0000e+00
-2.875 -1.275 0.0000e+00
-2.875 -1.225 0.0000e+00
-2.875 -1.175 0.0000e+00
-2.875 -1.125 0.0000e+00
-2.875 -1.075 0.0000e+00
-2.875 -1.025 0.0000e+00
-2.875 -0.975 0.0000e+00
-2.875 -0.925 0.0000e+00
-2.875 -0.875 0.0000e+00
-2.875 -0.825 0.0000e+00
-2.875 -0.775 0.0000e+00
-2.875 -0.725 0.0000e+00
-2.875 -0.675 0.0000e+00
-2.875 -0.625 0.0000e+00
-2.875 -0.575 0.0000e+00
-2.875 -0.525 0.0000e+00
-2.875 -0.475 0.0000e+00
-2.875 -0.425 0.0000e+00
-2.875 -0.375 0.0000e+00
-2.875 -0.325 0.0000e+00
-2.875 -0.275 0.0000e+00
-2.875 -0.225 0.0000e+00
-2.875 -0.175 0.0000e+00
-2.875 -0.125 0.0000e+00
-2.875 -0.075 0.0000e+00
-2.875 -0.025 0.0000e+00
-2.875 0.025 0.0000e+00
-2.875 0.075 0.0000e+00
-2.875 0.125 0.0000e+00
-2.875 0.175 0.0000e+00
-2.875 0.225 0.0000e+00
-2.875 0.275 0.0000e+00
-2.875 0.325 0.0000e+00
-2.875 0.375 0.0000e+00
-2.875 0.425 0.0000e+00
-2.875 0.475 0.0000e+00
-2.875 0.525 0.0000e+00
-2.875 0.575 0.0000e+00
-2.875 0.625 0.0000e+00
-2.875 0.675 8.0526e-09
-2.875 0.725 1.6073e-08
-2.875 0.775 3.2082e-08
-2.875 0.825 6.4039e-08
-2.875 0.875 1.2784e-07
-2.875 0.925 2.5521e-07
-2.875 0.975 5.0954e-07
-2.875 1.025 1.0174e-06
-2.875 1.075 2.0316e-06
-2.875 1.125 4.0573e-06
-2.875 1.175 8.1037e-06
-2.875 1.225 1.6188e-05
-2.875 1.275 3.2342e-05
-2.875 1.325 6.4626e-05
-2.875 1.375 1.2916e-04
-2.875 1.425 2.5819e-04
-2.875 1.475 5.1624e-04
-2.875 1.525 1.0324e-03
-2.875 1.575 2.0652e-03
-2.875 1.625 4.1319e-03
-2.875 1.675 8.2677e-03
-2.875 1.725 1.6544e-02
-2.875 1.775 3.3096e-02
-2.875 1.825 6.6174e-02
-2.875 1.875 1.3216e-01
-2.875 1.925 2.6344e-01
-2.875 1.975 5.2345e-01
-2.875 2.025 1.0350e+00
-2.875 2.075 2.0315e+00
-2.875 2.125 3.9462e+00
-2.875 2.175 7.5554e+00
-2.875 2.225 1.4189e+01
-2.875 2.275 2.5987e+01
-2.875 2.325 4.6127e+01
-2.875 2.375 7.8822e+01
-2.875 2.425 1.2882e+02
-2.875 2.475 2.0017e+02
-2.875 2.525 2.9426e+02
-2.875 2.575 4.0787e+02
-2.875 2.625 5.3216e+02
-2.875 2.675 6.5371e+02
-2.875 2.725 7.5753e+02
-2.875 2.775 8.3095e+02
-2.875 2.825 8.6672e+02
-2.875 2.875 8.6412e+02
-2.875 2.925 8.2804e+02
-2.875 2.975 7.6677e+02
-2.875 3.025 6.8970e+02
-2.875 3.075 6.0543e+02
-2.875 3.125 5.2082e+02
-2.875 3.175 4.4062e+02
-2.875 3.225 3.6773e+02
-2.875 3.275 3.0351e+02
-2.875 3.325 2.4825e+02
-2.875 3.375 2.0155e+02
-2.875 3.425 1.6263e+02
-2.875 3.475 1.3056e+02
-2.875 3.525 1.0435e+02
-2.875 3.575 8.3049e+01
-2.875 3.625 6.5823e+01
-2.875 3.675 5.1915e+01
-2.875 3.725 4.0656e+01
-2.875 3.775 3.1385e+01
-2.875 3.825 2.2404e+01
-2.875 3.875 0.0000e+00
-2.875 3.925 0.0000e+00
-2.875 3.975 0.0000e+00
-2.825 -1.975 0.0000e+00
-2.825 -1.925 0.0000e+00
-2.825 -1.875 0.0000e+00
-2.825 -1.825 0.0000e+00
-2.825 -1.775 0.0000e+00
-2.825 -1.725 0.0000e+00
-2.825 -1.675 0.0000e+00
-2.825 -1.625 0.0000e+00
-2.825 -1.575 0.0000e+00
-2.825 -1.525 0.0000e+00
-2.825 -1.475 0.0000e+00
-2.825 -1.425 0.0000e+00
-2.825 -1.375 0.0000e+00
-2.825 -1.325 0.0000e+00
-2.825 -1.275 0.0000e+00
-2.825 -1.225 0.0000e+00
-2.825 -1.175 0.0000e+00
-2.825 -1.125 0.0000e+00
-2.825 -1.075 0.0000e+00
-2.825 -1.025 0.0000e+00
-2.825 -0.975 0.0000e+00
-2.825 -0.925 0.0000e+00
-2.825 -0.875 0.0000e+00
-2.825 -0.825 0.0000e+00
-2.825 -0.775 0.0000e+00
-2.825 -0.725 0.0000e+00
-2.825 -0.675 0.0000e+00
-2.825 -0.625 0.0000e+00
-2.825 -0.575 0.0000e+00
-2.825 -0.525 0.0000e+00
-2.825 -0.475 0.0000e+00
-2.825 -0.425 0.0000e+00
-2.825 -0.375 0.0000e+00
-2.825 -0.325 0.0000e+00
-2.825 -0.275 0.0000e+00
-2.825 -0.225 0.0000e+00
-2.825 -0.175 0.0000e+00
-2.825 -0.125 0.0000e+00
-2.825 -0.075 0.0000e+00
-2.825 -0.025 0.0000e+00
-2.825 0.025 0.0000e+00
-2.825 0.075 0.0000e+00
-2.825 0.125 0.0000e+00
-2.825 0.175 0.0000e+00
-2.825 0.225 0.0000e+00
-2.825 0.275 0.0000e+00
-2.825 0.325 0.0000e+00
-2.825 0.375 0.0000e+00
-2.825 0.425 0.0000e+00
-2.825 0.475 0.0000e+00
-2.825 0.525 0.0000e+00
-2.825 0.575 0.0000e+00
-2.825 0.625 0.0000e+00
-2.825 0.675 1.0138e-08
-2.825 0.725 2.0235e-08
-2.825 0.775 4.0389e-08
-2.825 0.825 8.0624e-08
-2.825 0.875 1.6095e-07
-2.825 0.925 3.2131e-07
-2.825 0.975 6.4152e-07
-2.825 1.025 1.2809e-06
-2.825 1.075 2.5579e-06
-2.825 1.125 5.1086e-06
-2.825 1.175 1.0204e-05
-2.825 1.225 2.0384e-05
-2.825 1.275 4.0726e-05
-2.825 1.325 8.1384e-05
-2.825 1.375 1.6266e-04
-2.825 1.425 3.2518e-04
-2.825 1.475 6.5021e-04
-2.825 1.525 1.3004e-03
-2.825 1.575 2.6012e-03
-2.825 1.625 5.2037e-03
-2.825 1.675 1.0410e-02
-2.825 1.725 2.0821e-02
-2.825 1.775 4.1619e-02
-2.825 1.825 8.3099e-02
-2.825 1.875 1.6560e-01
-2.825 1.925 3.2894e-01
-2.825 1.975 6.5022e-01
-2.825 2.025 1.2760e+00
-2.825 2.075 2.4780e+00
-2.825 2.125 4.7434e+00
-2.825 2.175 8.9064e+00
-2.825 2.225 1.6311e+01
-2.825 2.275 2.8951e+01
-2.825 2.325 4.9473e+01
-2.825 2.375 8.0866e+01
-2.825 2.425 1.2567e+02
-2.825 2.475 1.8479e+02
-2.825 2.525 2.5622e+02
-2.825 2.575 3.3441e+02
-2.825 2.625 4.1097e+02
-2.825 2.675 4.7645e+02
-2.825 2.725 5.2290e+02
-2.825 2.775 5.4571e+02
-2.825 2.825 5.4440e+02
-2.825 2.875 5.2199e+02
-2.825 2.925 4.8370e+02
-2.825 2.975 4.3538e+02
-2.825 3.025 3.8246e+02
-2.825 3.075 3.2924e+02
-2.825 3.125 2.7876e+02
-2.825 3.175 2.3282e+02
-2.825 3.225 1.9231e+02
-2.825 3.275 1.5743e+02
-2.825 3.325 1.2793e+02
-2.825 3.375 1.0333e+02
-2.825 3.425 8.3046e+01
-2.825 3.475 6.6460e+01
-2.825 3.525 5.2987e+01
-2.825 3.575 4.2094e+01
-2.825 3.625 3.3316e+01
-2.825 3.675 2.6248e+01
-2.825 3.725 2.0539e+01
-2.825 3.775 1.5846e+01
-2.825 3.825 1.1306e+01
-2.825 3.875 0.0000e+00
-2.825 3.925 0.0000e+00
-2.825 3.975 0.0000e+00
-2.775 -1.975 0.0000e+00
-2.775 -1.925 0.0000e+00
-2.775 -1.875 0.0000e+00
-2.775 -1.825 0.0000e+00
-2.775 -1.775 0.0000e+00
-2.775 -1.725 0.0000e+00
-2.775 -1.675 0.0000e+00
-2.775 -1.625 0.0000e+00
-2.775 -1.575 0.0000e+00
-2.775 -1.525 0.0000e+00
-2.775 -1.475 0.0000e+00
-2.775 -1.425 0.0000e+00
-2.775 -1.375 0.0000e+00
-2.775 -1.325 0.0000e+00
-2.775 -1.275 0.0000e+00
-2.775 -1.225 0.0000e+00
-2.775 -1.175 0.0000e+00
-2.775 -1.125 0.0000e+00
-2.775 -1.075 0.0000e+00
-2.775 -1.025 0.0000e+00
-2.775 -0.975 0.0000e+00
-2.775 -0.925 0.0000e+00
-2.775 -0.875 0.0000e+00
-2.775 -0.825 0.0000e+00
-2.775 -0.775 0.0000e+00
-2.775 -0.725 0.0000e+00
-2.775 -0.675 0.0000e+00
-2.775 -0.625 0.0000e+00
-2.775 -0.575 0.0000e+00
-2.775 -0.525 0.0000e+00
-2.775 -0.475 0.0000e+00
-2.775 -0.425 0.0000e+00
-2.775 -0.375 0.0000e+00
-2.775 -0.325 0.0000e+00
-2.775 -0.275 0.0000e+00
-2.775 -0.225 0.0000e+00
-2.775 -0.175 0.0000e+00
-2.775 -0.125 0.0000e+00
-2.775 -0.075 0.0000e+00
-2.775 -0.025 0.0000e+00
-2.775 0.025 0.0000e+00
-2.775 0.075 0.0000e+00
-2.775 0.125 0.0000e+00
-2.775 0.175 0.0000e+00
-2.775 0.225 0.0000e+00
-2.775 0.275 0.0000e+00
-2.775 0.325 0.0000e+00
-2.775 0.375 0.0000e+00
-2.775 0.425 0.0000e+00
-2.775 0.475 0.0000e+00
-2.775 0.525 0.0000e+00
-2.775 0.575 0.0000e+00
-2.775 0.625 0.0000e+00
-2.775 0.675 1.2763e-08
-2.775 0.725 2.5475e-08
-2.775 0.775 5.0849e-08
-2.775 0.825 1.0150e-07
-2.775 0.875 2.0263e-07
-2.775 0.925 4.0454e-07
-2.775 0.975 8.0770e-07
-2.775 1.025 1.6128e-06
-2.775 1.075 3.2207e-06
-2.775 1.125 6.4324e-06
-2.775 1.175 1.2848e-05
-2.775 1.225 2.5668e-05
-2.775 1.275 5.1287e-05
-2.775 1.325 1.0249e-04
-2.775 1.375 2.0486e-04
-2.775 1.425 4.0957e-04
-2.775 1.475 8.1897e-04
-2.775 1.525 1.6379e-03
-2.775 1.575 3.2759e-03
-2.775 1.625 6.5521e-03
-2.775 1.675 1.3101e-02
-2.775 1.725 2.6182e-02
-2.775 1.775 5.2263e-02
-2.775 1.825 1.0412e-01
-2.775 1.875 2.0677e-01
-2.775 1.925 4.0860e-01
-2.775 1.975 8.0160e-01
-2.775 2.025 1.5563e+00
-2.775 2.075 2.9784e+00
-2.775 2.125 5.5913e+00
-2.775 2.175 1.0238e+01
-2.775 2.225 1.8170e+01
-2.775 2.275 3.1049e+01
-2.775 2.325 5.0752e+01
-2.775 2.375 7.8883e+01
-2.775 2.425 1.1601e+02
-2.775 2.475 1.6089e+02
-2.775 2.525 2.1005e+02
-2.775 2.575 2.5823e+02
-2.775 2.625 2.9950e+02
-2.775 2.675 3.2884e+02
-2.775 2.725 3.4336e+02
-2.775 2.775 3.4273e+02
-2.775 2.825 3.2882e+02
-2.775 2.875 3.0488e+02
-2.775 2.925 2.7460e+02
-2.775 2.975 2.4138e+02
-2.775 3.025 2.0793e+02
-2.775 3.075 1.7617e+02
-2.775 3.125 1.4724e+02
-2.775 3.175 1.2170e+02
-2.775 3.225 9.9699e+01
-2.775 3.275 8.1078e+01
-2.775 3.325 6.5543e+01
-2.775 3.375 5.2726e+01
-2.775 3.425 4.2241e+01
-2.775 3.475 3.3721e+01
-2.775 3.525 2.6833e+01
-2.775 3.575 2.1286e+01
-2.775 3.625 1.6828e+01
-2.775 3.675 1.3247e+01
-2.775 3.725 1.0359e+01
-2.775 3.775 7.9879e+00
-2.775 3.825 5.6977e+00
-2.775 3.875 0.0000e+00
-2.775 3.925 0.0000e+00
-2.775 3.975 0.0000e+00
-2.725 -1.975 0.0000e+00
-2.725 -1.925 0.0000e+00
-2.725 -1.875 0.0000e+00
-2.725 -1.825 0.0000e+00
-2.725 -1.775 0.0000e+00
-2.725 -1.725 0.0000e+00
-2.725 -1.675 0.0000e+00
-2.725 -1.625 0.0000e+00
-2.725 -1.575 0.0000e+00
-2.725 -1.525 0.0000e+00
-2.725 -1.475 0.0000e+00
-2.725 -1.425 0.0000e+00
-2.725 -1.375 0.0000e+00
-2.725 -1.325 0.0000e+00
-2.725 -1.275 0.0000e+00
-2.725 -1.225 0.0000e+00
-2.725 -1.175 0.0000e+00
-2.725 -1.125 0.0000e+00
-2.725 -1.075 0.0000e+00
-2.725 -1.025 0.0000e+00
-2.725 -0.975 0.0000e+00
-2.725 -0.925 0.0000e+00
-2.725 -0.875 0.0000e+00
-2.725 -0.825 0.0000e+00
-2.725 -0.775 0.0000e+00
-2.725 -0.725 0.0000e+00
-2.725 -0.675 0.0000e+00
-2.725 -0.625 0.0000e+00
-2.725 -0.575 0.0000e+00
-2.725 -0.525 0.0000e+00
-2.725 -0.475 0.0000e+00
-2.725 -0.425 0.0000e+00
-2.725 -0.375 0.0000e+00
-2.725 -0.325 0.0000e+00
-2.725 -0.275 0.0000e+00
-2.725 -0.225 0.0000e+00
-2.725 -0.175 0.0000e+00
-2.725 -0.125 0.0000e+00
-2.725 -0.075 0.0000e+00
-2.725 -0.025 0.0000e+00
-2.725 0.025 0.0000e+00
-2.725 0.075 0.0000e+00
-2.725 0.125 0.0000e+00
-2.725 0.175 0.0000e+00
-2.725 0.225 0.0000e+00
-2.725 0.275 0.0000e+00
-2.725 0.325 0.0000e+00
-2.725 0.375 0.0000e+00
-2.725 0.425 0.0000e+00
-2.725 0.475 0.0000e+00
-2.725 0.525 0.0000e+00
-2.725 0.575 0.0000e+00
-2.725 0.625 0.0000e+00
-2.725 0.675 1.6068e-08
-2.725 0.725 3.2072e-08
-2.725 0.775 6.4018e-08
-2.725 0.825 1.2779e-07
-2.725 0.875 2.5512e-07
-2.725 0.925 5.0933e-07
-2.725 0.975 1.0170e-06
-2.725 1.025 2.0307e-06
-2.725 1.075 4.0553e-06
-2.725 1.125 8.0996e-06
-2.725 1.175 1.6179e-05
-2.725 1.225 3.2324e-05
-2.725 1.275 6.4589e-05
-2.725 1.325 1.2908e-04
-2.725 1.375 2.5803e-04
-2.725 1.425 5.1587e-04
-2.725 1.475 1.0315e-03
-2.725 1.525 2.0627e-03
-2.725 1.575 4.1247e-03
-2.725 1.625 8.2459e-03
-2.725 1.675 1.6475e-02
-2.725 1.725 3.2878e-02
-2.725 1.775 6.5482e-02
-2.725 1.825 1.3000e-01
-2.725 1.875 2.5683e-01
-2.725 1.925 5.0372e-01
-2.725 1.975 9.7770e-01
-2.725 2.025 1.8706e+00
-2.725 2.075 3.5108e+00
-2.725 2.125 6.4273e+00
-2.725 2.175 1.1405e+01
-2.725 2.225 1.9487e+01
-2.725 2.275 3.1853e+01
-2.725 2.325 4.9509e+01
-2.725 2.375 7.2820e+01
-2.725 2.425 1.0101e+02
-2.725 2.475 1.3190e+02
-2.725 2.525 1.6221e+02
-2.725 2.575 1.8820e+02
-2.725 2.625 2.0673e+02
-2.725 2.675 2.1596e+02
-2.725 2.725 2.1567e+02
-2.725 2.775 2.0703e+02
-2.725 2.825 1.9207e+02
-2.725 2.875 1.7309e+02
-2.725 2.925 1.5224e+02
-2.725 2.975 1.3122e+02
-2.725 3.025 1.1124e+02
-2.725 3.075 9.3034e+01
-2.725 3.125 7.6948e+01
-2.725 3.175 6.3075e+01
-2.725 3.225 5.1328e+01
-2.725 3.275 4.1523e+01
-2.725 3.325 3.3428e+01
-2.725 3.375 2.6804e+01
-2.725 3.425 2.1419e+01
-2.725 3.475 1.7066e+01
-2.725 3.525 1.3559e+01
-2.725 3.575 1.0744e+01
-2.725 3.625 8.4859e+00
-2.725 3.675 6.6755e+00
-2.725 3.725 5.2176e+00
-2.725 3.775 4.0219e+00
-2.725 3.825 2.8680e+00
-2.725 3.875 0.0000e+00
-2.725 3.925 0.0000e+00
-2.725 3.975 0.0000e+00
-2.675 -1.975 0.0000e+00
-2.675 -1.925 0.0000e+00
-2.675 -1.875 0.0000e+00
-2.675 -1.825 0.0000e+00
-2.675 -1.775 0.0000e+00
-2.675 -1.725 0.0000e+00
-2.675 -1.675 0.0000e+00
-2.675 -1.625 0.0000e+00
-2.675 -1.575 0.0000e+00
-2.675 -1.525 0.0000e+00
-2.675 -1.475 0.0000e+00
-2.675 -1.425 0.0000e+00
-2.675 -1.375 0.0000e+00
-2.675 -1.325 0.0000e+00
-2.675 -1.275 0.0000e+00
-2.675 -1.225 0.0000e+00
-2.675 -1.175 0.0000e+00
-2.675 -1.125 0.0000e+00
-2.675 -1.075 0.0000e+00
-2.675 -1.025 0.0000e+00
-2.675 -0.975 0.0000e+00
-2.675 -0.925 0.0000e+00
-2.675 -0.875 0.0000e+00
-2.675 -0.825 0.0000e+00
-2.675 -0.775 0.0000e+00
-2.675 -0.725 0.0000e+00
-2.675 -0.675 0.0000e+00
-2.675 -0.625 0.0000e+00
-2.675 -0.575 0.0000e+00
-2.675 -0.525 0.0000e+00
-2.675 -0.475 0.0000e+00
-2.675 -0.425 0.0000e+00
-2.675 -0.375 0.0000e+00
-2.675 -0.325 0.0000e+00
-2.675 -0.275 0.0000e+00
-2.675 -0.225 0.0000e+00
-2.675 -0.175 0.0000e+00
-2.675 -0.125 0.0000e+00
-2.675 -0.075 0.0000e+00
-2.675 -0.025 0.0000e+00
-2.675 0.025 0.0000e+00
-2.675 0.075 0.0000e+00
-2.675 0.125 0.0000e+00
-2.675 0.175 0.0000e+00
-2.675 0.225 0.0000e+00
-2.675 0.275 0.0000e+00
-2.675 0.325 0.0000e+00
-2.675 0.375 0.0000e+00
-2.675 0.425 0.0000e+00
-2.675 0.475 0.0000e+00
-2.675 0.525 0.0000e+00
-2.675 0.575 0.0000e+00
-2.675 0.625 0.0000e+00
-2.675 0.675 2.0229e-08
-2.675 0.725 4.0378e-08
-2.675 0.775 8.0599e-08
-2.675 0.825 1.6089e-07
-2.675 0.875 3.2120e-07
-2.675 0.925 6.4128e-07
-2.675 0.975 1.2804e-06
-2.675 1.025 2.5569e-06
-2.675 1.075 5.1064e-06
-2.675 1.125 1.0199e-05
-2.675 1.175 2.0375e-05
-2.675 1.225 4.0708e-05
-2.675 1.275 8.1347e-05
-2.675 1.325 1.6258e-04
-2.675 1.375 3.2500e-04
-2.675 1.425 6.4975e-04
-2.675 1.475 1.2991e-03
-2.675 1.525 2.5972e-03
-2.675 1.575 5.1911e-03
-2.675 1.625 1.0369e-02
-2.675 1.675 2.0688e-02
-2.675 1.725 4.1193e-02
-2.675 1.775 8.1761e-02
-2.675 1.825 1.6148e-01
-2.675 1.875 3.1662e-01
-2.675 1.925 6.1437e-01
-2.675 1.975 1.1751e+00
-2.675 2.025 2.2050e+00
-2.675 2.075 4.0358e+00
-2.675 2.125 7.1602e+00
-2.675 2.175 1.2233e+01
-2.675 2.225 1.9993e+01
-2.675 2.275 3.1076e+01
-2.675 2.325 4.5710e+01
-2.675 2.375 6.3412e+01
-2.675 2.425 8.2827e+01
-2.675 2.475 1.0188e+02
-2.675 2.525 1.1825e+02
-2.675 2.575 1.2994e+02
-2.675 2.625 1.3580e+02
-2.675 2.675 1.3568e+02
-2.675 2.725 1.3031e+02
-2.675 2.775 1.2095e+02
-2.675 2.825 1.0906e+02
-2.675 2.875 9.5977e+01
-2.675 2.925 8.2773e+01
-2.675 2.975 7.0208e+01
-2.675 3.025 5.8746e+01
-2.675 3.075 4.8616e+01
-2.675 3.125 3.9873e+01
-2.675 3.175 3.2466e+01
-2.675 3.225 2.6280e+01
-2.675 3.275 2.1170e+01
-2.675 3.325 1.6987e+01
-2.675 3.375 1.3586e+01
-2.675 3.425 1.0835e+01
-2.675 3.475 8.6193e+00
-2.675 3.525 6.8401e+00
-2.675 3.575 5.4147e+00
-2.675 3.625 4.2738e+00
-2.675 3.675 3.3602e+00
-2.675 3.725 2.6253e+00
-2.675 3.775 2.0231e+00
-2.675 3.825 1.4424e+00
-2.675 3.875 0.0000e+00
-2.675 3.925 0.0000e+00
-2.675 3.975 0.0000e+00
-2.625 -1.975 0.0000e+00
-2.625 -1.925 0.0000e+00
-2.625 -1.875 0.0000e+00
-2.625 -1.825 0.0000e+00
-2.625 -1.775 0.0000e+00
-2.625 -1.725 0.0000e+00
-2.625 -1.675 0.0000e+00
-2.625 -1.625 0.0000e+00
-2.625 -1.575 0.0000e+00
-2.625 -1.525 0.0000e+00
-2.625 -1.475 0.0000e+00
-2.625 -1.425 0.0000e+00
-2.625 -1.375 0.0000e+00
-2.625 -1.325 0.0000e+00
-2.625 -1.275 0.0000e+00
-2.625 -1.225 0.0000e+00
-2.625 -1.175 0.0000e+00
-2.625 -1.125 0.0000e+00
-2.625 -1.075 0.0000e+00
-2.625 -1.025 0.0000e+00
-2.625 -0.975 0.0000e+00
-2.625 -0.925 0.0000e+00
-2.625 -0.875 0.0000e+00
-2.625 -0.825 0.0000e+00
-2.625 -0.775 0.0000e+00
-2.625 -0.725 0.0000e+00
-2.625 -0.675 0.0000e+00
-2.625 -0.625 0.0000e+00
-2.625 -0.575 0.0000e+00
-2.625 -0.525 0.0000e+00
-2.625 -0.475 0.0000e+00
-2.625 -0.425 0.0000e+00
-2.625 -0.375 0.0000e+00
-2.625 -0.325 0.0000e+00
-2.625 -0.275 0.0000e+00
-2.625 -0.225 0.0000e+00
-2.625 -0.175 0.0000e+00
-2.625 -0.125 0.0000e+00
-2.625 -0.075 0.0000e+00
-2.625 -0.025 0.0000e+00
-2.625 0.025 0.0000e+00
-2.625 0.075 0.0000e+00
-2.625 0.125 0.0000e+00
-2.625 0.175 0.0000e+00
-2.625 0.225 0.0000e+00
-2.625 0.275 0.0000e+00
-2.625 0.325 0.0000e+00
-2.625 0.375 0.0000e+00
-2.625 0.425 0.0000e+00
-2.625 0.475 0.0000e+00
-2.625 0.525 0.0000e+00
-2.625 0.575 0.0000e+00
-2.625 0.625 0.0000e+00
-2.625 0.675 2.5468e-08
-2.625 0.725 5.0836e-08
-2.625 0.775 1.0148e-07
-2.625 0.825 2.0257e-07
-2.625 0.875 4.0442e-07
-2.625 0.925 8.0744e-07
-2.625 0.975 1.6123e-06
-2.625 1.025 3.2196e-06
-2.625 1.075 6.4302e-06
-2.625 1.125 1.2844e-05
-2.625 1.175 2.5660e-05
-2.625 1.225 5.1270e-05
-2.625 1.275 1.0246e-04
-2.625 1.325 2.0478e-04
-2.625 1.375 4.0934e-04
-2.625 1.425 8.1829e-04
-2.625 1.475 1.6357e-03
-2.625 1.525 3.2686e-03
-2.625 1.575 6.5277e-03
-2.625 1.625 1.3021e-02
-2.625 1.675 2.5920e-02
-2.625 1.725 5.1434e-02
-2.625 1.775 1.0156e-01
-2.625 1.825 1.9907e-01
-2.625 1.875 3.8617e-01
-2.625 1.925 7.3845e-01
-2.625 1.975 1.3853e+00
-2.625 2.025 2.5348e+00
-2.625 2.075 4.4963e+00
-2.625 2.125 7.6805e+00
-2.625 2.175 1.2552e+01
-2.625 2.225 1.9509e+01
-2.625 2.275 2.8697e+01
-2.625 2.325 3.9814e+01
-2.625 2.375 5.2013e+01
-2.625 2.425 6.3994e+01
-2.625 2.475 7.4295e+01
-2.625 2.525 8.1669e+01
-2.625 2.575 8.5386e+01
-2.625 2.625 8.5348e+01
-2.625 2.675 8.2007e+01
-2.625 2.725 7.6155e+01
-2.625 2.775 6.8702e+01
-2.625 2.825 6.0488e+01
-2.625 2.875 5.2192e+01
-2.625 2.925 4.4291e+01
-2.625 2.975 3.7078e+01
-2.625 3.025 3.0699e+01
-2.625 3.075 2.5191e+01
-2.625 3.125 2.0522e+01
-2.625 3.175 1.6620e+01
-2.625 3.225 1.3396e+01
-2.625 3.275 1.0756e+01
-2.625 3.325 8.6079e+00
-2.625 3.375 6.8703e+00
-2.625 3.425 5.4704e+00
-2.625 3.475 4.3463e+00
-2.625 3.525 3.4459e+00
-2.625 3.575 2.7258e+00
-2.625 3.625 2.1503e+00
-2.625 3.675 1.6899e+00
-2.625 3.725 1.3199e+00
-2.625 3.775 1.0169e+00
-2.625 3.825 7.2487e-01
-2.625 3.875 0.0000e+00
-2.625 3.925 0.0000e+00
-2.625 3.975 0.0000e+00
-2.575 -1.975 0.0000e+00
-2.575 -1.925 0.0000e+00
-2.575 -1.875 0.0000e+00
-2.575 -1.825 0.0000e+00
-2.575 -1.775 0.0000e+00
-2.575 -1.725 0.0000e+00
-2.575 -1.675 0.0000e+00
-2.575 -1.625 0.0000e+00
-2.575 -1.575 0.0000e+00
-2.575 -1.525 0.0000e+00
-2.575 -1.475 0.0000e+00
-2.575 -1.425 0.0000e+00
-2.575 -1.375 0.0000e+00
-2.575 -1.325 0.0000e+00
-2.575 -1.275 0.0000e+00
-2.575 -1.225 0.0000e+00
-2.575 -1.175 0.0000e+00
-2.575 -1.125 0.0000e+00
-2.575 -1.075 0.0000e+00
-2.575 -1.025 0.0000e+00
-2.575 -0.975 0.0000e+00
-2.575 -0.925 0.0000e+00
-2.575 -0.875 0.0000e+00
-2.575 -0.825 0.0000e+00
-2.575 -0.775 0.0000e+00
-2.575 -0.725 0.0000e+00
-2.575 -0.675 0.0000e+00
-2.575 -0.625 0.0000e+00
-2.575 -0.575 0.0000e+00
-2.575 -0.525 0.0000e+00
-2.575 -0.475 0.0000e+00
-2.575 -0.425 0.0000e+00
-2.575 -0.375 0.0000e+00
-2.575 -0.325 0.0000e+00
-2.575 -0.275 0.0000e+00
-2.575 -0.225 0.0000e+00
-2.575 -0.175 0.0000e+00
-2.575 -0.125 0.0000e+00
-2.575 -0.075 0.0000e+00
-2.575 -0.025 0.0000e+00
-2.575 0.025 0.0000e+00
-2.575 0.075 0.0000e+00
-2.575 0.125 0.0000e+00
-2.575 0.175 0.0000e+00
-2.575 0.225 0.0000e+00
-2.575 0.275 0.0000e+00
-2.575 0.325 0.0000e+00
-2.575 0.375 0.0000e+00
-2.575 0.425 0.0000e+00
-2.575 0.475 0.0000e+00
-2.575 0.525 0.0000e+00
-2.575 0.575 0.0000e+00
-2.575 0.625 0.0000e+00
-2.575 0.675 3.2065e-08
-2.575 0.725 6.4003e-08
-2.575 0.775 1.2776e-07
-2.575 0.825 2.5505e-07
-2.575 0.875 5.0920e-07
-2.575 0.925 1.0167e-06
-2.575 0.975 2.0301e-06
-2.575 1.025 4.0543e-06
-2.575 1.075 8.0976e-06
-2.575 1.125 1.6176e-05
-2.575 1.175 3.2317e-05
-2.575 1.225 6.4574e-05
-2.575 1.275 1.2905e-04
-2.575 1.325 2.5792e-04
-2.575 1.375 5.1552e-04
-2.575 1.425 1.0303e-03
-2.575 1.475 2.0585e-03
-2.575 1.525 4.1102e-03
-2.575 1.575 8.1970e-03
-2.575 1.625 1.6314e-02
-2.575 1.675 3.2364e-02
-2.575 1.725 6.3887e-02
-2.575 1.775 1.2520e-01
-2.575 1.825 2.4280e-01
-2.575 1.875 4.6417e-01
-2.575 1.925 8.7052e-01
-2.575 1.975 1.5926e+00
-2.575 2.025 2.8243e+00
-2.575 2.075 4.8236e+00
-2.575 2.125 7.8821e+00
-2.575 2.175 1.2250e+01
-2.575 2.225 1.8020e+01
-2.575 2.275 2.5002e+01
-2.575 2.325 3.2668e+01
-2.575 2.375 4.0201e+01
-2.575 2.425 4.6684e+01
-2.575 2.475 5.1334e+01
-2.575 2.525 5.3689e+01
-2.575 2.575 5.3686e+01
-2.575 2.625 5.1606e+01
-2.575 2.675 4.7944e+01
-2.575 2.725 4.3271e+01
-2.575 2.775 3.8115e+01
-2.575 2.825 3.2901e+01
-2.575 2.875 2.7933e+01
-2.575 2.925 2.3394e+01
-2.575 2.975 1.9378e+01
-2.575 3.025 1.5908e+01
-2.575 3.075 1.2965e+01
-2.575 3.125 1.0505e+01
-2.575 3.175 8.4711e+00
-2.575 3.225 6.8049e+00
-2.575 3.275 5.4491e+00
-2.575 3.325 4.3519e+00
-2.575 3.375 3.4678e+00
-2.575 3.425 2.7577e+00
-2.575 3.475 2.1889e+00
-2.575 3.525 1.7341e+00
-2.575 3.575 1.3709e+00
-2.575 3.625 1.0810e+00
-2.575 3.675 8.4929e-01
-2.575 3.725 6.6317e-01
-2.575 3.775 5.1083e-01
-2.575 3.825 3.6408e-01
-2.575 3.875 0.0000e+00
-2.575 3.925 0.0000e+00
-2.575 3.975 0.0000e+00
-2.525 -1.975 0.0000e+00
-2.525 -1.925 0.0000e+00
-2.525 -1.875 0.0000e+00
-2.525 -1.825 0.0000e+00
-2.525 -1.775 0.0000e+00
-2.525 -1.725 0.0000e+00
-2.525 -1.675 0.0000e+00
-2.525 -1.625 0.0000e+00
-2.525 -1.575 0.0000e+00
-2.525 -1.525 0.0000e+00
-2.525 -1.475 0.0000e+00
-2.525 -1.425 0.0000e+00
-2.525 -1.375 0.0000e+00
-2.525 -1.325 0.0000e+00
-2.525 -1.275 0.0000e+00
-2.525 -1.225 0.0000e+00
-2.525 -1.175 0.0000e+00
-2.525 -1.125 0.0000e+00
-2.525 -1.075 0.0000e+00
-2.525 -1.025 0.0000e+00
-2.525 -0.975 0.0000e+00
-2.525 -0.925 0.0000e+00
-2.525 -0.875 0.0000e+00
-2.525 -0.825 0.0000e+00
-2.525 -0.775 0.0000e+00
-2.525 -0.725 0.0000e+00
-2.525 -0.675 0.0000e+00
-2.525 -0.625 0.0000e+00
-2.525 -0.575 0.0000e+00
-2.525 -0.525 0.0000e+00
-2.525 -0.475 0.0000e+00
-2.525 -0.425 0.0000e+00
-2.525 -0.375 0.0000e+00
-2.525 -0.325 0.0000e+00
-2.525 -0.275 0.0000e+00
-2.525 -0.225 0.0000e+00
-2.525 -0.175 0.0000e+00
-2.525 -0.125 0.0000e+00
-2.525 -0.075 0.0000e+00
-2.525 -0.025 0.0000e+00
-2.525 0.025 0.0000e+00
-2.525 0.075 0.0000e+00
-2.525 0.125 0.0000e+00
-2.525 0.175 0.0000e+00
-2.525 0.225 0.0000e+00
-2.525 0.275 0.0000e+00
-2.525 0.325 0.0000e+00
-2.525 0.375 0.0000e+00
-2.525 0.425 0.0000e+00
-2.525 0.475 0.0000e+00
-2.525 0.525 0.0000e+00
-2.525 0.575 0.0000e+00
-2.525 0.625 0.0000e+00
-2.525 0.675 4.0370e-08
-2.525 0.725 8.0582e-08
-2.525 0.775 1.6086e-07
-2.525 0.825 3.2114e-07
-2.525 0.875 6.4115e-07
-2.525 0.925 1.2802e-06
-2.525 0.975 2.5564e-06
-2.525 1.025 5.1056e-06
-2.525 1.075 1.0198e-05
-2.525 1.125 2.0372e-05
-2.525 1.175 4.0703e-05
-2.525 1.225 8.1334e-05
-2.525 1.275 1.6254e-04
-2.525 1.325 3.2483e-04
-2.525 1.375 6.4910e-04
-2.525 1.425 1.2967e-03
-2.525 1.475 2.5886e-03
-2.525 1.525 5.1613e-03
-2.525 1.575 1.0270e-02
-2.525 1.625 2.0369e-02
-2.525 1.675 4.0200e-02
-2.525 1.725 7.8759e-02
-2.525 1.775 1.5270e-01
-2.525 1.825 2.9185e-01
-2.525 1.875 5.4721e-01
-2.525 1.925 1.0009e+00
-2.525 1.975 1.7746e+00
-2.525 2.025 3.0303e+00
-2.525 2.075 4.9511e+00
-2.525 2.125 7.6943e+00
-2.525 2.175 1.1318e+01
-2.525 2.225 1.5705e+01
-2.525 2.275 2.0522e+01
-2.525 2.325 2.5259e+01
-2.525 2.375 2.9339e+01
-2.525 2.425 3.2270e+01
-2.525 2.475 3.3762e+01
-2.525 2.525 3.3772e+01
-2.525 2.575 3.2476e+01
-2.525 2.625 3.0183e+01
-2.525 2.675 2.7252e+01
-2.525 2.725 2.4014e+01
-2.525 2.775 2.0738e+01
-2.525 2.825 1.7613e+01
-2.525 2.875 1.4757e+01
-2.525 2.925 1.2228e+01
-2.525 2.975 1.0042e+01
-2.525 3.025 8.1877e+00
-2.525 3.075 6.6366e+00
-2.525 3.125 5.3541e+00
-2.525 3.175 4.3028e+00
-2.525 3.225 3.4472e+00
-2.525 3.275 2.7545e+00
-2.525 3.325 2.1963e+00
-2.525 3.375 1.7478e+00
-2.525 3.425 1.3885e+00
-2.525 3.475 1.1013e+00
-2.525 3.525 8.7193e-01
-2.525 3.575 6.8901e-01
-2.525 3.625 5.4311e-01
-2.525 3.675 4.2658e-01
-2.525 3.725 3.3303e-01
-2.525 3.775 2.5649e-01
-2.525 3.825 1.8279e-01
-2.525 3.875 0.0000e+00
-2.525 3.925 0.0000e+00
-2.525 3.975 0.0000e+00
-2.475 -1.975 0.0000e+00
-2.475 -1.925 0.0000e+00
-2.475 -1.875 0.0000e+00
-2.475 -1.825 0.0000e+00
-2.475 -1.775 0.0000e+00
-2.475 -1.725 0.0000e+00
-2.475 -1.675 0.0000e+00
-2.475 -1.625 0.0000e+00
-2.475 -1.575 0.0000e+00
-2.475 -1.525 0.0000e+00
-2.475 -1.475 0.0000e+00
-2.475 -1.425 0.0000e+00
-2.475 -1.375 0.0000e+00
-2.475 -1.325 0.0000e+00
-2.475 -1.275 0.0000e+00
-2.475 -1.225 0.0000e+00
-2.475 -1.175 0.0000e+00
-2.475 -1.125 0.0000e+00
-2.475 -1.075 0.0000e+00
-2.475 -1.025 0.0000e+00
-2.475 -0.975 0.0000e+00
-2.475 -0.925 0.0000e+00
-2.475 -0.875 0.0000e+00
-2.475 -0.825 0.0000e+00
-2.475 -0.775 0.0000e+00
-2.475 -0.725 0.0000e+00
-2.475 -0.675 0.0000e+00
-2.475 -0.625 0.0000e+00
-2.475 -0.575 0.0000e+00
-2.475 -0.525 0.0000e+00
-2.475 -0.475 0.0000e+00
-2.475 -0.425 0.0000e+00
-2.475 -0.375 0.0000e+00
-2.475 -0.325 0.0000e+00
-2.475 -0.275 0.0000e+00
-2.475 -0.225 0.0000e+00
-2.475 -0.175 0.0000e+00
-2.475 -0.125 0.0000e+00
-2.475 -0.075 0.0000e+00
-2.475 -0.025 0.0000e+00
-2.475 0.025 0.0000e+00
-2.475 0.075 0.0000e+00
-2.475 0.125 0.0000e+00
-2.475 0.175 0.0000e+00
-2.475 0.225 0.0000e+00
-2.475 0.275 0.0000e+00
-2.475 0.325 0.0000e+00
-2.475 0.375 0.0000e+00
-2.475 0.425 0.0000e+00
-2.475 0.475 0.0000e+00
-2.475 0.525 0.0000e+00
-2.475 0.575 0.0000e+00
-2.475 0.625 0.0000e+00
-2.475 0.675 5.0827e-08
-2.475 0.725 1.0146e-07
-2.475 0.775 2.0254e-07
-2.475 0.825 4.0435e-07
-2.475 0.875 8.0733e-07
-2.475 0.925 1.6121e-06
-2.475 0.975 3.2193e-06
-2.475 1.025 6.4299e-06
-2.475 1.075 1.2844e-05
-2.475 1.125 2.5659e-05
-2.475 1.175 5.1267e-05
-2.475 1.225 1.0244e-04
-2.475 1.275 2.0470e-04
-2.475 1.325 4.0899e-04
-2.475 1.375 8.1690e-04
-2.475 1.425 1.6305e-03
-2.475 1.475 3.2505e-03
-2.475 1.525 6.4667e-03
-2.475 1.575 1.2823e-02
-2.475 1.625 2.5302e-02
-2.475 1.675 4.9559e-02
-2.475 1.725 9.6065e-02
-2.475 1.775 1.8356e-01
-2.475 1.825 3.4408e-01
-2.475 1.875 6.2919e-01
-2.475 1.925 1.1154e+00
-2.475 1.975 1.9043e+00
-2.475 2.025 3.1109e+00
-2.475 2.075 4.8342e+00
-2.475 2.125 7.1108e+00
-2.475 2.175 9.8672e+00
-2.475 2.225 1.2895e+01
-2.475 2.275 1.5874e+01
-2.475 2.325 1.8442e+01
-2.475 2.375 2.0290e+01
-2.475 2.425 2.1234e+01
-2.475 2.475 2.1247e+01
-2.475 2.525 2.0439e+01
-2.475 2.575 1.9003e+01
-2.475 2.625 1.7163e+01
-2.475 2.675 1.5129e+01
-2.475 2.725 1.3070e+01
-2.475 2.775 1.1105e+01
-2.475 2.825 9.3072e+00
-2.475 2.875 7.7149e+00
-2.475 2.925 6.3379e+00
-2.475 2.975 5.1692e+00
-2.475 3.025 4.1914e+00
-2.475 3.075 3.3826e+00
-2.475 3.125 2.7195e+00
-2.475 3.175 2.1796e+00
-2.475 3.225 1.7424e+00
-2.475 3.275 1.3900e+00
-2.475 3.325 1.1068e+00
-2.475 3.375 8.7989e-01
-2.475 3.425 6.9846e-01
-2.475 3.475 5.5362e-01
-2.475 3.525 4.3813e-01
-2.475 3.575 3.4609e-01
-2.475 3.625 2.7272e-01
-2.475 3.675 2.1416e-01
-2.475 3.725 1.6717e-01
-2.475 3.775 1.2874e-01
-2.475 3.825 9.1736e-02
-2.475 3.875 0.0000e+00
-2.475 3.925 0.0000e+00
-2.475 3.975 0.0000e+00
-2.425 -1.975 0.0000e+00
-2.425 -1.925 0.0000e+00
-2.425 -1.875 0.0000e+00
-2.425 -1.825 0.0000e+00
-2.425 -1.775 0.0000e+00
-2.425 -1.725 0.0000e+00
-2.425 -1.675 0.0000e+00
-2.425 -1.625 0.0000e+00
-2.425 -1.575 0.0000e+00
-2.425 -1.525 0.0000e+00
-2.425 -1.475 0.0000e+00
-2.425 -1.425 0.0000e+00
-2.425 -1.375 0.0000e+00
-2.425 -1.325 0.0000e+00
-2.425 -1.275 0.0000e+00
-2.425 -1.225 0.0000e+00
-2.425 -1.175 0.0000e+00
-2.425 -1.125 0.0000e+00
-2.425 -1.075 0.0000e+00
-2.425 -1.025 0.0000e+00
-2.425 -0.975 0.0000e+00
-2.425 -0.925 0.0000e+00
-2.425 -0.875 0.0000e+00
-2.425 -0.825 0.0000e+00
-2.425 -0.775 0.0000e+00
-2.425 -0.725 0.0000e+00
-2.425 -0.675 0.0000e+00
-2.425 -0.625 0.0000e+00
-2.425 -0.575 0.0000e+00
-2.425 -0.525 0.0000e+00
-2.425 -0.475 0.0000e+00
-2.425 -0.425 0.0000e+00
-2.425 -0.375 0.0000e+00
-2.425 -0.325 0.0000e+00
-2.425 -0.275 0.0000e+00
-2.425 -0.225 0.0000e+00
-2.425 -0.175 0.0000e+00
-2.425 -0.125 0.0000e+00
-2.425 -0.075 0.0000e+00
-2.425 -0.025 0.0000e+00
-2.425 0.025 0.0000e+00
-2.425 0.075 0.0000e+00
-2.425 0.125 0.0000e+00
-2.425 0.175 0.0000e+00
-2.425 0.225 0.0000e+00
-2.425 0.275 0.0000e+00
-2.425 0.325 0.0000e+00
-2.425 0.375 0.0000e+00
-2.425 0.425 0.0000e+00
-2.425 0.475 0.0000e+00
-2.425 0.525 0.0000e+00
-2.425 0.575 0.0000e+00
-2.425 0.625 0.0000e+00
-2.425 0.675 6.3995e-08
-2.425 0.725 1.2775e-07
-2.425 0.775 2.5503e-07
-2.425 0.825 5.0916e-07
-2.425 0.875 1.0166e-06
-2.425 0.925 2.0301e-06
-2.425 0.975 4.0544e-06
-2.425 1.025 8.0981e-06
-2.425 1.075 1.6177e-05
-2.425 1.125 3.2318e-05
-2.425 1.175 6.4572e-05
-2.425 1.225 1.2901e-04
-2.425 1.275 2.5774e-04
-2.425 1.325 5.1472e-04
-2.425 1.375 1.0272e-03
-2.425 1.425 2.0475e-03
-2.425 1.475 4.0726e-03
-2.425 1.525 8.0743e-03
-2.425 1.575 1.5928e-02
-2.425 1.625 3.1192e-02
-2.425 1.675 6.0449e-02
-2.425 1.725 1.1548e-01
-2.425 1.775 2.1642e-01
-2.425 1.825 3.9565e-01
-2.425 1.875 7.0125e-01
-2.425 1.925 1.1970e+00
-2.425 1.975 1.9553e+00
-2.425 2.025 3.0382e+00
-2.425 2.075 4.4688e+00
-2.425 2.125 6.2012e+00
-2.425 2.175 8.1048e+00
-2.425 2.225 9.9785e+00
-2.425 2.275 1.1595e+01
-2.425 2.325 1.2760e+01
-2.425 2.375 1.3357e+01
-2.425 2.425 1.3369e+01
-2.425 2.475 1.2864e+01
-2.425 2.525 1.1964e+01
-2.425 2.575 1.0810e+01
-2.425 2.625 9.5320e+00
-2.425 2.675 8.2371e+00
-2.425 2.725 7.0007e+00
-2.425 2.775 5.8694e+00
-2.425 2.825 4.8667e+00
-2.425 2.875 3.9993e+00
-2.425 2.925 3.2628e+00
-2.425 2.975 2.6464e+00
-2.425 3.025 2.1364e+00
-2.425 3.075 1.7182e+00
-2.425 3.125 1.3775e+00
-2.425 3.175 1.1017e+00
-2.425 3.225 8.7919e-01
-2.425 3.275 7.0041e-01
-2.425 3.325 5.5713e-01
-2.425 3.375 4.4256e-01
-2.425 3.425 3.5108e-01
-2.425 3.475 2.7814e-01
-2.425 3.525 2.2003e-01
-2.425 3.575 1.7376e-01
-2.425 3.625 1.3690e-01
-2.425 3.675 1.0748e-01
-2.425 3.725 8.3888e-02
-2.425 3.775 6.4595e-02
-2.425 3.825 0.0000e+00
-2.425 3.875 0.0000e+00
-2.425 3.925 0.0000e+00
-2.425 3.975 0.0000e+00
-2.375 -1.975 0.0000e+00
-2.375 -1.925 0.0000e+00
-2.375 -1.875 0.0000e+00
-2.375 -1.825 0.0000e+00
-2.375 -1.775 0.0000e+00
-2.375 -1.725 0.0000e+00
-2.375 -1.675 0.0000e+00
-2.375 -1.625 0.0000e+00
-2.375 -1.575 0.0000e+00
-2.375 -1.525 0.0000e+00
-2.375 -1.475 0.0000e+00
-2.375 -1.425 0.0000e+00
-2.375 -1.375 0.0000e+00
-2.375 -1.325 0.0000e+00
-2.375 -1.275 0.0000e+00
-2.375 -1.225 0.0000e+00
-2.375 -1.175 0.0000e+00
-2.375 -1.125 0.0000e+00
-2.375 -1.075 0.0000e+00
-2.375 -1.025 0.0000e+00
-2.375 -0.975 0.0000e+00
-2.375 -0.925 0.0000e+00
-2.375 -0.875 0.0000e+00
-2.375 -0.825 0.0000e+00
-2.375 -0.775 0.0000e+00
-2.375 -0.725 0.0000e+00
-2.375 -0.675 0.0000e+00
-2.375 -0.625 0.0000e+00
-2.375 -0.575 0.0000e+00
-2.375 -0.525 0.0000e+00
-2.375 -0.475 0.0000e+00
-2.375 -0.425 0.0000e+00
-2.375 -0.375 0.0000e+00
-2.375 -0.325 0.0000e+00
-2.375 -0.275 0.0000e+00
-2.375 -0.225 0.0000e+00
-2.375 -0.175 0.0000e+00
-2.375 -0.125 0.0000e+00
-2.375 -0.075 0.0000e+00
-2.375 -0.025 0.0000e+00
-2.375 0.025 0.0000e+00
-2.375 0.075 0.0000e+00
-2.375 0.125 0.0000e+00
-2.375 0.175 0.0000e+00
-2.375 0.225 0.0000e+00
-2.375 0.275 0.0000e+00
-2.375 0.325 0.0000e+00
-2.375 0.375 0.0000e+00
-2.375 0.425 0.0000e+00
-2.375 0.475 0.0000e+00
-2.375 0.525 0.0000e+00
-2.375 0.575 0.0000e+00
-2.375 0.625 0.0000e+00
-2.375 0.675 8.0576e-08
-2.375 0.725 1.6085e-07
-2.375 0.775 3.2112e-07
-2.375 0.825 6.4115e-07
-2.375 0.875 1.2802e-06
-2.375 0.925 2.5567e-06
-2.375 0.975 5.1062e-06
-2.375 1.025 1.0200e-05
-2.375 1.075 2.0375e-05
-2.375 1.125 4.0706e-05
-2.375 1.175 8.1321e-05
-2.375 1.225 1.6244e-04
-2.375 1.275 3.2437e-04
-2.375 1.325 6.4725e-04
-2.375 1.375 1.2899e-03
-2.375 1.425 2.5653e-03
-2.375 1.475 5.0850e-03
-2.375 1.525 1.0029e-02
-2.375 1.575 1.9637e-02
-2.375 1.625 3.8047e-02
-2.375 1.675 7.2668e-02
-2.375 1.725 1.3616e-01
-2.375 1.775 2.4887e-01
-2.375 1.825 4.4101e-01
-2.375 1.875 7.5270e-01
-2.375 1.925 1.2293e+00
-2.375 1.975 1.9100e+00
-2.375 2.025 2.8093e+00
-2.375 2.075 3.8985e+00
-2.375 2.125 5.0955e+00
-2.375 2.175 6.2742e+00
-2.375 2.225 7.2920e+00
-2.375 2.275 8.0260e+00
-2.375 2.325 8.4037e+00
-2.375 2.375 8.4136e+00
-2.375 2.425 8.0982e+00
-2.375 2.475 7.5338e+00
-2.375 2.525 6.8087e+00
-2.375 2.575 6.0057e+00
-2.375 2.625 5.1913e+00
-2.375 2.675 4.4133e+00
-2.375 2.725 3.7011e+00
-2.375 2.775 3.0697e+00
-2.375 2.825 2.5233e+00
-2.375 2.875 2.0591e+00
-2.375 2.925 1.6706e+00
-2.375 2.975 1.3490e+00
-2.375 3.025 1.0852e+00
-2.375 3.075 8.7034e-01
-2.375 3.125 6.9626e-01
-2.375 3.175 5.5586e-01
-2.375 3.225 4.4300e-01
-2.375 3.275 3.5255e-01
-2.375 3.325 2.8020e-01
-2.375 3.375 2.2243e-01
-2.375 3.425 1.7636e-01
-2.375 3.475 1.3967e-01
-2.375 3.525 1.1046e-01
-2.375 3.575 8.7207e-02
-2.375 3.625 6.8694e-02
-2.375 3.675 5.3928e-02
-2.375 3.725 4.2085e-02
-2.375 3.775 3.2404e-02
-2.375 3.825 0.0000e+00
-2.375 3.875 0.0000e+00
-2.375 3.925 0.0000e+00
-2.375 3.975 0.0000e+00
-2.325 -1.975 0.0000e+00
-2.325 -1.925 0.0000e+00
-2.325 -1.875 0.0000e+00
-2.325 -1.825 0.0000e+00
-2.325 -1.775 0.0000e+00
-2.325 -1.725 0.0000e+00
-2.325 -1.675 0.0000e+00
-2.325 -1.625 0.0000e+00
-2.325 -1.575 0.0000e+00
-2.325 -1.525 0.0000e+00
-2.325 -1.475 0.0000e+00
-2.325 -1.425 0.0000e+00
-2.325 -1.375 0.0000e+00
-2.325 -1.325 0.0000e+00
-2.325 -1.275 0.0000e+00
-2.325 -1.225 0.0000e+00
-2.325 -1.175 0.0000e+00
-2.325 -1.125 0.0000e+00
-2.325 -1.075 0.0000e+00
-2.325 -1.025 0.0000e+00
-2.325 -0.975 0.0000e+00
-2.325 -0.925 0.0000e+00
-2.325 -0.875 0.0000e+00
-2.325 -0.825 0.0000e+00
-2.325 -0.775 0.0000e+00
-2.325 -0.725 0.0000e+00
-2.325 -0.675 0.0000e+00
-2.325 -0.625 0.0000e+00
-2.325 -0.575 0.0000e+00
-2.325 -0.525 0.0000e+00
-2.325 -0.475 0.0000e+00
-2.325 -0.425 0.0000e+00
-2.325 -0.375 0.0000e+00
-2.325 -0.325 0.0000e+00
-2.325 -0.275 0.0000e+00
-2.325 -0.225 0.0000e+00
-2.325 -0.175 0.0000e+00
-2.325 -0.125 0.0000e+00
-2.325 -0.075 0.0000e+00
-2.325 -0.025 0.0000e+00
-2.325 0.025 0.0000e+00
-2.325 0.075 0.0000e+00
-2.325 0.125 0.0000e+00
-2.325 0.175 0.0000e+00
-2.325 0.225 0.0000e+00
-2.325 0.275 0.0000e+00
-2.325 0.325 0.0000e+00
-2.325 0.375 0.0000e+00
-2.325 0.425 0.0000e+00
-2.325 0.475 0.0000e+00
-2.325 0.525 0.0000e+00
-2.325 0.575 0.0000e+00
-2.325 0.625 0.0000e+00
-2.325 0.675 1.0146e-07
-2.325 0.725 2.0254e-07
-2.325 0.775 4.0437e-07
-2.325 0.825 8.0741e-07
-2.325 0.875 1.6123e-06
-2.325 0.925 3.2200e-06
-2.325 0.975 6.4313e-06
-2.325 1.025 1.2847e-05
-2.325 1.075 2.5663e-05
-2.325 1.125 5.1264e-05
-2.325 1.175 1.0239e-04
-2.325 1.225 2.0443e-04
-2.325 1.275 4.0788e-04
-2.325 1.325 8.1276e-04
-2.325 1.375 1.6162e-03
-2.325 1.425 3.2031e-03
-2.325 1.475 6.3164e-03
-2.325 1.525 1.2365e-02
-2.325 1.575 2.3953e-02
-2.325 1.625 4.5739e-02
-2.325 1.675 8.5684e-02
-2.325 1.725 1.5659e-01
-2.325 1.775 2.7743e-01
-2.325 1.825 4.7343e-01
-2.325 1.875 7.7313e-01
-2.325 1.925 1.2011e+00
-2.325 1.975 1.7666e+00
-2.325 2.025 2.4515e+00
-2.325 2.075 3.2044e+00
-2.325 2.125 3.9461e+00
-2.325 2.175 4.5869e+00
-2.325 2.225 5.0496e+00
-2.325 2.275 5.2883e+00
-2.325 2.325 5.2958e+00
-2.325 2.375 5.0985e+00
-2.325 2.425 4.7445e+00
-2.325 2.475 4.2890e+00
-2.325 2.525 3.7841e+00
-2.325 2.575 3.2718e+00
-2.325 2.625 2.7822e+00
-2.325 2.675 2.3338e+00
-2.325 2.725 1.9361e+00
-2.325 2.775 1.5919e+00
-2.325 2.825 1.2994e+00
-2.325 2.875 1.0544e+00
-2.325 2.925 8.5168e-01
-2.325 2.975 6.8530e-01
-2.325 3.025 5.4975e-01
-2.325 3.075 4.3991e-01
-2.325 3.125 3.5131e-01
-2.325 3.175 2.8008e-01
-2.325 3.225 2.2298e-01
-2.325 3.275 1.7730e-01
-2.325 3.325 1.4082e-01
-2.325 3.375 1.1173e-01
-2.325 3.425 8.8554e-02
-2.325 3.475 7.0107e-02
-2.325 3.525 5.5431e-02
-2.325 3.575 4.3755e-02
-2.325 3.625 3.4462e-02
-2.325 3.675 2.7051e-02
-2.325 3.725 2.1109e-02
-2.325 3.775 1.6252e-02
-2.325 3.825 0.0000e+00
-2.325 3.875 0.0000e+00
-2.325 3.925 0.0000e+00
-2.325 3.975 0.0000e+00
-2.275 -1.975 0.0000e+00
-2.275 -1.925 0.0000e+00
-2.275 -1.875 0.0000e+00
-2.275 -1.825 0.0000e+00
-2.275 -1.775 0.0000e+00
-2.275 -1.725 0.0000e+00
-2.275 -1.675 0.0000e+00
-2.275 -1.625 0.0000e+00
-2.275 -1.575 0.0000e+00
-2.275 -1.525 0.0000e+00
-2.275 -1.475 0.0000e+00
-2.275 -1.425 0.0000e+00
-2.275 -1.375 0.0000e+00
-2.275 -1.325 0.0000e+00
-2.275 -1.275 0.0000e+00
-2.275 -1.225 0.0000e+00
-2.275 -1.175 0.0000e+00
-2.275 -1.125 0.0000e+00
-2.275 -1.075 0.0000e+00
-2.275 -1.025 0.0000e+00
-2.275 -0.975 0.0000e+00
-2.275 -0.925 0.0000e+00
-2.275 -0.875 0.0000e+00
-2.275 -0.825 0.0000e+00
-2.275 -0.775 0.0000e+00
-2.275 -0.725 0.0000e+00
-2.275 -0.675 0.0000e+00
-2.275 -0.625 0.0000e+00
-2.275 -0.575 0.0000e+00
-2.275 -0.525 0.0000e+00
-2.275 -0.475 0.0000e+00
-2.275 -0.425 0.0000e+00
-2.275 -0.375 0.0000e+00
-2.275 -0.325 0.0000e+00
-2.275 -0.275 0.0000e+00
-2.275 -0.225 0.0000e+00
-2.275 -0.175 0.0000e+00
-2.275 -0.125 0.0000e+00
-2.275 -0.075 0.0000e+00
-2.275 -0.025 0.0000e+00
-2.275 0.025 0.0000e+00
-2.275 0.075 0.0000e+00
-2.275 0.125 0.0000e+00
-2.275 0.175 0.0000e+00
-2.275 0.225 0.0000e+00
-2.275 0.275 0.0000e+00
-2.275 0.325 0.0000e+00
-2.275 0.375 0.0000e+00
-2.275 0.425 0.0000e+00
-2.275 0.475 0.0000e+00
-2.275 0.525 0.0000e+00
-2.275 0.575 0.0000e+00
-2.275 0.625 0.0000e+00
-2.275 0.675 1.2775e-07
-2.275 0.725 2.5505e-07
-2.275 0.775 5.0923e-07
-2.275 0.825 1.0168e-06
-2.275 0.875 2.0306e-06
-2.275 0.925 4.0556e-06
-2.275 0.975 8.1005e-06
-2.275 1.025 1.6181e-05
-2.275 1.075 3.2320e-05
-2.275 1.125 6.4547e-05
-2.275 1.175 1.2886e-04
-2.275 1.225 2.5707e-04
-2.275 1.275 5.1219e-04
-2.275 1.325 1.0183e-03
-2.275 1.375 2.0179e-03
-2.275 1.425 3.9787e-03
-2.275 1.475 7.7872e-03
-2.275 1.525 1.5083e-02
-2.275 1.575 2.8796e-02
-2.275 1.625 5.3934e-02
-2.275 1.675 9.8547e-02
-2.275 1.725 1.7457e-01
-2.275 1.775 2.9786e-01
-2.275 1.825 4.8637e-01
-2.275 1.875 7.5554e-01
-2.275 1.925 1.1112e+00
-2.275 1.975 1.5420e+00
-2.275 2.025 2.0157e+00
-2.275 2.075 2.4825e+00
-2.275 2.125 2.8860e+00
-2.275 2.175 3.1777e+00
-2.275 2.225 3.3285e+00
-2.275 2.275 3.3340e+00
-2.275 2.325 3.2105e+00
-2.275 2.375 2.9882e+00
-2.275 2.425 2.7020e+00
-2.275 2.475 2.3845e+00
-2.275 2.525 2.0622e+00
-2.275 2.575 1.7540e+00
-2.275 2.625 1.4716e+00
-2.275 2.675 1.2211e+00
-2.275 2.725 1.0042e+00
-2.275 2.775 8.1986e-01
-2.275 2.825 6.6546e-01
-2.275 2.875 5.3761e-01
-2.275 2.925 4.3268e-01
-2.275 2.975 3.4717e-01
-2.275 3.025 2.7788e-01
-2.275 3.075 2.2197e-01
-2.275 3.125 1.7701e-01
-2.275 3.175 1.4097e-01
-2.275 3.225 1.1213e-01
-2.275 3.275 8.9100e-02
-2.275 3.325 7.0731e-02
-2.275 3.375 5.6096e-02
-2.275 3.425 4.4447e-02
-2.275 3.475 3.5180e-02
-2.275 3.525 2.7810e-02
-2.275 3.575 2.1949e-02
-2.275 3.625 1.7285e-02
-2.275 3.675 1.3567e-02
-2.275 3.725 1.0586e-02
-2.275 3.775 8.1502e-03
-2.275 3.825 0.0000e+00
-2.275 3.875 0.0000e+00
-2.275 3.925 0.0000e+00
-2.275 3.975 0.0000e+00
-2.225 -1.975 0.0000e+00
-2.225 -1.925 0.0000e+00
-2.225 -1.875 0.0000e+00
-2.225 -1.825 0.0000e+00
-2.225 -1.775 0.0000e+00
-2.225 -1.725 0.0000e+00
-2.225 -1.675 0.0000e+00
-2.225 -1.625 0.0000e+00
-2.225 -1.575 0.0000e+00
-2.225 -1.525 0.0000e+00
-2.225 -1.475 0.0000e+00
-2.225 -1.425 0.0000e+00
-2.225 -1.375 0.0000e+00
-2.225 -1.325 0.0000e+00
-2.225 -1.275 0.0000e+00
-2.225 -1.225 0.0000e+00
-2.225 -1.175 0.0000e+00
-2.225 -1.125 0.0000e+00
-2.225 -1.075 0.0000e+00
-2.225 -1.025 0.0000e+00
-2.225 -0.975 0.0000e+00
-2.225 -0.925 0.0000e+00
-2.225 -0.875 0.0000e+00
-2.225 -0.825 0.0000e+00
-2.225 -0.775 0.0000e+00
-2.225 -0.725 0.0000e+00
-2.225 -0.675 0.0000e+00
-2.225 -0.625 0.0000e+00
-2.225 -0.575 0.0000e+00
-2.225 -0.525 0.0000e+00
-2.225 -0.475 0.0000e+00
-2.225 -0.425 0.0000e+00
-2.225 -0.375 0.0000e+00
-2.225 -0.325 0.0000e+00
-2.225 -0.275 0.0000e+00
-2.225 -0.225 0.0000e+00
-2.225 -0.175 0.0000e+00
-2.225 -0.125 0.0000e+00
-2.225 -0.075 0.0000e+00
-2.225 -0.025 0.0000e+00
-2.225 0.025 0.0000e+00
-2.225 0.075 0.0000e+00
-2.225 0.125 0.0000e+00
-2.225 0.175 0.0000e+00
-2.225 0.225 0.0000e+00
-2.225 0.275 0.0000e+00
-2.225 0.325 0.0000e+00
-2.225 0.375 0.0000e+00
-2.225 0.425 0.0000e+00
-2.225 0.475 0.0000e+00
-2.225 0.525 0.0000e+00
-2.225 0.575 0.0000e+00
-2.225 0.625 0.0000e+00
-2.225 0.675 1.6087e-07
-2.225 0.725 3.2118e-07
-2.225 0.775 6.4131e-07
-2.225 0.825 1.2806e-06
-2.225 0.875 2.5576e-06
-2.225 0.925 5.1081e-06
-2.225 0.975 1.0203e-05
-2.225 1.025 2.0378e-05
-2.225 1.075 4.0694e-05
-2.225 1.125 8.1233e-05
-2.225 1.175 1.6204e-04
-2.225 1.225 3.2281e-04
-2.225 1.275 6.4173e-04
-2.225 1.325 1.2715e-03
-2.225 1.375 2.5066e-03
-2.225 1.425 4.9052e-03
-2.225 1.475 9.4992e-03
-2.225 1.525 1.8133e-02
-2.225 1.575 3.3957e-02
-2.225 1.625 6.2035e-02
-2.225 1.675 1.0988e-01
-2.225 1.725 1.8745e-01
-2.225 1.775 3.0605e-01
-2.225 1.825 4.7539e-01
-2.225 1.875 6.9914e-01
-2.225 1.925 9.7021e-01
-2.225 1.975 1.2683e+00
-2.225 2.025 1.5622e+00
-2.225 2.075 1.8163e+00
-2.225 2.125 2.0001e+00
-2.225 2.175 2.0954e+00
-2.225 2.225 2.0993e+00
-2.225 2.275 2.0219e+00
-2.225 2.325 1.8823e+00
-2.225 2.375 1.7024e+00
-2.225 2.425 1.5027e+00
-2.225 2.475 1.2998e+00
-2.225 2.525 1.1058e+00
-2.225 2.575 9.2796e-01
-2.225 2.625 7.7015e-01
-2.225 2.675 6.3346e-01
-2.225 2.725 5.1727e-01
-2.225 2.775 4.1993e-01
-2.225 2.825 3.3932e-01
-2.225 2.875 2.7314e-01
-2.225 2.925 2.1921e-01
-2.225 2.975 1.7549e-01
-2.225 3.025 1.4021e-01
-2.225 3.075 1.1184e-01
-2.225 3.125 8.9094e-02
-2.225 3.175 7.0891e-02
-2.225 3.225 5.6350e-02
-2.225 3.275 4.4752e-02
-2.225 3.325 3.5511e-02
-2.225 3.375 2.8154e-02
-2.225 3.425 2.2302e-02
-2.225 3.475 1.7649e-02
-2.225 3.525 1.3949e-02
-2.225 3.575 1.1008e-02
-2.225 3.625 8.6685e-03
-2.225 3.675 6.8034e-03
-2.225 3.725 5.3084e-03
-2.225 3.775 4.0867e-03
-2.225 3.825 0.0000e+00
-2.225 3.875 0.0000e+00
-2.225 3.925 0.0000e+00
-2.225 3.975 0.0000e+00
-2.175 -1.975 0.0000e+00
-2.175 -1.925 0.0000e+00
-2.175 -1.875 0.0000e+00
-2.175 -1.825 0.0000e+00
-2.175 -1.775 0.0000e+00
-2.175 -1.725 0.0000e+00
-2.175 -1.675 0.0000e+00
-2.175 -1.625 0.0000e+00
-2.175 -1.575 0.0000e+00
-2.175 -1.525 0.0000e+00
-2.175 -1.475 0.0000e+00
-2.175 -1.425 0.0000e+00
-2.175 -1.375 0.0000e+00
-2.175 -1.325 0.0000e+00
-2.175 -1.275 0.0000e+00
-2.175 -1.225 0.0000e+00
-2.175 -1.175 0.0000e+00
-2.175 -1.125 0.0000e+00
-2.175 -1.075 0.0000e+00
-2.175 -1.025 0.0000e+00
-2.175 -0.975 0.0000e+00
-2.175 -0.925 0.0000e+00
-2.175 -0.875 0.0000e+00
-2.175 -0.825 0.0000e+00
-2.175 -0.775 0.0000e+00
-2.175 -0.725 0.0000e+00
-2.175 -0.675 0.0000e+00
-2.175 -0.625 0.0000e+00
-2.175 -0.575 0.0000e+00
-2.175 -0.525 0.0000e+00
-2.175 -0.475 0.0000e+00
-2.175 -0.425 0.0000e+00
-2.175 -0.375 0.0000e+00
-2.175 -0.325 0.0000e+00
-2.175 -0.275 0.0000e+00
-2.175 -0.225 0.0000e+00
-2.175 -0.175 0.0000e+00
-2.175 -0.125 0.0000e+00
-2.175 -0.075 0.0000e+00
-2.175 -0.025 0.0000e+00
-2.175 0.025 0.0000e+00
-2.175 0.075 0.0000e+00
-2.175 0.125 0.0000e+00
-2.175 0.175 0.0000e+00
-2.175 0.225 0.0000e+00
-2.175 0.275 0.0000e+00
-2.175 0.325 0.0000e+00
-2.175 0.375 0.0000e+00
-2.175 0.425 0.0000e+00
-2.175 0.475 0.0000e+00
-2.175 0.525 0.0000e+00
-2.175 0.575 0.0000e+00
-2.175 0.625 0.0000e+00
-2.175 0.675 2.0259e-07
-2.175 0.725 4.0449e-07
-2.175 0.775 8.0770e-07
-2.175 0.825 1.6130e-06
-2.175 0.875 3.2213e-06
-2.175 0.925 6.4338e-06
-2.175 0.975 1.2849e-05
-2.175 1.025 2.5658e-05
-2.175 1.075 5.1214e-05
-2.175 1.125 1.0215e-04
-2.175 1.175 2.0348e-04
-2.175 1.225 4.0446e-04
-2.175 1.275 8.0127e-04
-2.175 1.325 1.5794e-03
-2.175 1.375 3.0903e-03
-2.175 1.425 5.9837e-03
-2.175 1.475 1.1421e-02
-2.175 1.525 2.1384e-02
-2.175 1.575 3.9060e-02
-2.175 1.625 6.9172e-02
-2.175 1.675 1.1799e-01
-2.175 1.725 1.9263e-01
-2.175 1.775 2.9919e-01
-2.175 1.825 4.4000e-01
-2.175 1.875 6.1059e-01
-2.175 1.925 7.9823e-01
-2.175 1.975 9.8323e-01
-2.175 2.025 1.1433e+00
-2.175 2.075 1.2592e+00
-2.175 2.125 1.3194e+00
-2.175 2.175 1.3220e+00
-2.175 2.225 1.2736e+00
-2.175 2.275 1.1859e+00
-2.175 2.325 1.0727e+00
-2.175 2.375 9.4705e-01
-2.175 2.425 8.1936e-01
-2.175 2.475 6.9716e-01
-2.175 2.525 5.8516e-01
-2.175 2.575 4.8573e-01
-2.175 2.625 3.9959e-01
-2.175 2.675 3.2635e-01
-2.175 2.725 2.6498e-01
-2.175 2.775 2.1415e-01
-2.175 2.825 1.7241e-01
-2.175 2.875 1.3839e-01
-2.175 2.925 1.1081e-01
-2.175 2.975 8.8554e-02
-2.175 3.025 7.0652e-02
-2.175 3.075 5.6294e-02
-2.175 3.125 4.4804e-02
-2.175 3.175 3.5625e-02
-2.175 3.225 2.8303e-02
-2.175 3.275 2.2468e-02
-2.175 3.325 1.7822e-02
-2.175 3.375 1.4127e-02
-2.175 3.425 1.1188e-02
-2.175 3.475 8.8521e-03
-2.175 3.525 6.9958e-03
-2.175 3.575 5.5203e-03
-2.175 3.625 4.3467e-03
-2.175 3.675 3.4113e-03
-2.175 3.725 2.6616e-03
-2.175 3.775 2.0489e-03
-2.175 3.825 0.0000e+00
-2.175 3.875 0.0000e+00
-2.175 3.925 0.0000e+00
-2.175 3.975 0.0000e+00
-2.125 -1.975 0.0000e+00
-2.125 -1.925 0.0000e+00
-2.125 -1.875 0.0000e+00
-2.125 -1.825 0.0000e+00
-2.125 -1.775 0.0000e+00
-2.125 -1.725 0.0000e+00
-2.125 -1.675 0.0000e+00
-2.125 -1.625 0.0000e+00
-2.125 -1.575 0.0000e+00
-2.125 -1.525 0.0000e+00
-2.125 -1.475 0.0000e+00
-2.125 -1.425 0.0000e+00
-2.125 -1.375 0.0000e+00
-2.125 -1.325 0.0000e+00
-2.125 -1.275 0.0000e+00
-2.125 -1.225 0.0000e+00
-2.125 -1.175 0.0000e+00
-2.125 -1.125 0.0000e+00
-2.125 -1.075 0.0000e+00
-2.125 -1.025 0.0000e+00
-2.125 -0.975 0.0000e+00
-2.125 -0.925 0.0000e+00
-2.125 -0.875 0.0000e+00
-2.125 -0.825 0.0000e+00
-2.125 -0.775 0.0000e+00
-2.125 -0.725 0.0000e+00
-2.125 -0.675 0.0000e+00
-2.125 -0.625 0.0000e+00
-2.125 -0.575 0.0000e+00
-2.125 -0.525 0.0000e+00
-2.125 -0.475 0.0000e+00
-2.125 -0.425 0.0000e+00
-2.125 -0.375 0.0000e+00
-2.125 -0.325 0.0000e+00
-2.125 -0.275 0.0000e+00
-2.125 -0.225 0.0000e+00
-2.125 -0.175 0.0000e+00
-2.125 -0.125 0.0000e+00
-2.125 -0.075 0.0000e+00
-2.125 -0.025 0.0000e+00
-2.125 0.025 0.0000e+00
-2.125 0.075 0.0000e+00
-2.125 0.125 0.0000e+00
-2.125 0.175 0.0000e+00
-2.125 0.225 0.0000e+00
-2.125 0.275 0.0000e+00
-2.125 0.325 0.0000e+00
-2.125 0.375 0.0000e+00
-2.125 0.425 0.0000e+00
-2.125 0.475 0.0000e+00
-2.125 0.525 0.0000e+00
-2.125 0.575 0.0000e+00
-2.125 0.625 0.0000e+00
-2.125 0.675 2.5513e-07
-2.125 0.725 5.0943e-07
-2.125 0.775 1.0173e-06
-2.125 0.825 2.0316e-06
-2.125 0.875 4.0573e-06
-2.125 0.925 8.1026e-06
-2.125 0.975 1.6178e-05
-2.125 1.025 3.2290e-05
-2.125 1.075 6.4399e-05
-2.125 1.125 1.2827e-04
-2.125 1.175 2.5494e-04
-2.125 1.225 5.0501e-04
-2.125 1.275 9.9533e-04
-2.125 1.325 1.9472e-03
-2.125 1.375 3.7699e-03
-2.125 1.425 7.1942e-03
-2.125 1.475 1.3468e-02
-2.125 1.525 2.4598e-02
-2.125 1.575 4.3557e-02
-2.125 1.625 7.4291e-02
-2.125 1.675 1.2127e-01
-2.125 1.725 1.8835e-01
-2.125 1.775 2.7698e-01
-2.125 1.825 3.8436e-01
-2.125 1.875 5.0249e-01
-2.125 1.925 6.1899e-01
-2.125 1.975 7.1983e-01
-2.125 2.025 7.9290e-01
-2.125 2.075 8.3093e-01
-2.125 2.125 8.3272e-01
-2.125 2.175 8.0232e-01
-2.125 2.225 7.4720e-01
-2.125 2.275 6.7602e-01
-2.125 2.325 5.9692e-01
-2.125 2.375 5.1652e-01
-2.125 2.425 4.3956e-01
-2.125 2.475 3.6900e-01
-2.125 2.525 3.0635e-01
-2.125 2.575 2.5206e-01
-2.125 2.625 2.0589e-01
-2.125 2.675 1.6720e-01
-2.125 2.725 1.3514e-01
-2.125 2.775 1.0882e-01
-2.125 2.825 8.7362e-02
-2.125 2.875 6.9963e-02
-2.125 2.925 5.5919e-02
-2.125 2.975 4.4623e-02
-2.125 3.025 3.5562e-02
-2.125 3.075 2.8310e-02
-2.125 3.125 2.2516e-02
-2.125 3.175 1.7893e-02
-2.125 3.225 1.4209e-02
-2.125 3.275 1.1276e-02
-2.125 3.325 8.9422e-03
-2.125 3.375 7.0864e-03
-2.125 3.425 5.6114e-03
-2.125 3.475 4.4393e-03
-2.125 3.525 3.5080e-03
-2.125 3.575 2.7680e-03
-2.125 3.625 2.1794e-03
-2.125 3.675 1.7103e-03
-2.125 3.725 1.3344e-03
-2.125 3.775 1.0272e-03
-2.125 3.825 0.0000e+00
-2.125 3.875 0.0000e+00
-2.125 3.925 0.0000e+00
-2.125 3.975 0.0000e+00
-2.075 -1.975 0.0000e+00
-2.075 -1.925 0.0000e+00
-2.075 -1.875 0.0000e+00
-2.075 -1.825 0.0000e+00
-2.075 -1.775 0.0000e+00
-2.075 -1.725 0.0000e+00
-2.075 -1.675 0.0000e+00
-2.075 -1.625 0.0000e+00
-2.075 -1.575 0.0000e+00
-2.075 -1.525 0.0000e+00
-2.075 -1.475 0.0000e+00
-2.075 -1.425 0.0000e+00
-2.075 -1.375 0.0000e+00
-2.075 -1.325 0.0000e+00
-2.075 -1.275 0.0000e+00
-2.075 -1.225 0.0000e+00
-2.075 -1.175 0.0000e+00
-2.075 -1.125 0.0000e+00
-2.075 -1.075 0.0000e+00
-2.075 -1.025 0.0000e+00
-2.075 -0.975 0.0000e+00
-2.075 -0.925 0.0000e+00
-2.075 -0.875 0.0000e+00
-2.075 -0.825 0.0000e+00
-2.075 -0.775 0.0000e+00
-2.075 -0.725 0.0000e+00
-2.075 -0.675 0.0000e+00
-2.075 -0.625 0.0000e+00
-2.075 -0.575 0.0000e+00
-2.075 -0.525 0.0000e+00
-2.075 -0.475 0.0000e+00
-2.075 -0.425 0.0000e+00
-2.075 -0.375 0.0000e+00
-2.075 -0.325 0.0000e+00
-2.075 -0.275 0.0000e+00
-2.075 -0.225 0.0000e+00
-2.075 -0.175 0.0000e+00
-2.075 -0.125 0.0000e+00
-2.075 -0.075 0.0000e+00
-2.075 -0.025 0.0000e+00
-2.075 0.025 0.0000e+00
-2.075 0.075 0.0000e+00
-2.075 0.125 0.0000e+00
-2.075 0.175 0.0000e+00
-2.075 0.225 0.0000e+00
-2.075 0.275 0.0000e+00
-2.075 0.325 0.0000e+00
-2.075 0.375 0.0000e+00
-2.075 0.425 0.0000e+00
-2.075 0.475 0.0000e+00
-2.075 0.525 0.0000e+00
-2.075 0.575 0.0000e+00
-2.075 0.625 0.0000e+00
-2.075 0.675 3.2132e-07
-2.075 0.725 6.4163e-07
-2.075 0.775 1.2813e-06
-2.075 0.825 2.5588e-06
-2.075 0.875 5.1098e-06
-2.075 0.925 1.0202e-05
-2.075 0.975 2.0361e-05
-2.075 1.025 4.0604e-05
-2.075 1.075 8.0868e-05
-2.075 1.125 1.6071e-04
-2.075 1.175 3.1832e-04
-2.075 1.225 6.2732e-04
-2.075 1.275 1.2271e-03
-2.075 1.325 2.3755e-03
-2.075 1.375 4.5326e-03
-2.075 1.425 8.4845e-03
-2.075 1.475 1.5494e-02
-2.075 1.525 2.7432e-02
-2.075 1.575 4.6784e-02
-2.075 1.625 7.6362e-02
-2.075 1.675 1.1859e-01
-2.075 1.725 1.7439e-01
-2.075 1.775 2.4200e-01
-2.075 1.825 3.1639e-01
-2.075 1.875 3.8977e-01
-2.075 1.925 4.5330e-01
-2.075 1.975 4.9937e-01
-2.075 2.025 5.2339e-01
-2.075 2.075 5.2459e-01
-2.075 2.125 5.0551e-01
-2.075 2.175 4.7086e-01
-2.075 2.225 4.2606e-01
-2.075 2.275 3.7627e-01
-2.075 2.325 3.2564e-01
-2.075 2.375 2.7716e-01
-2.075 2.425 2.3270e-01
-2.075 2.475 1.9322e-01
-2.075 2.525 1.5900e-01
-2.075 2.575 1.2989e-01
-2.075 2.625 1.0550e-01
-2.075 2.675 8.5280e-02
-2.075 2.725 6.8680e-02
-2.075 2.775 5.5143e-02
-2.075 2.825 4.4168e-02
-2.075 2.875 3.5307e-02
-2.075 2.925 2.8179e-02
-2.075 2.975 2.2461e-02
-2.075 3.025 1.7884e-02
-2.075 3.075 1.4227e-02
-2.075 3.125 1.1309e-02
-2.075 3.175 8.9830e-03
-2.075 3.225 7.1311e-03
-2.075 3.275 5.6575e-03
-2.075 3.325 4.4857e-03
-2.075 3.375 3.5542e-03
-2.075 3.425 2.8140e-03
-2.075 3.475 2.2260e-03
-2.075 3.525 1.7589e-03
-2.075 3.575 1.3878e-03
-2.075 3.625 1.0926e-03
-2.075 3.675 8.5743e-04
-2.075 3.725 6.6895e-04
-2.075 3.775 5.1495e-04
-2.075 3.825 0.0000e+00
-2.075 3.875 0.0000e+00
-2.075 3.925 0.0000e+00
-2.075 3.975 0.0000e+00
-2.025 -1.975 0.0000e+00
-2.025 -1.925 0.0000e+00
-2.025 -1.875 0.0000e+00
-2.025 -1.825 0.0000e+00
-2.025 -1.775 0.0000e+00
-2.025 -1.725 0.0000e+00
-2.025 -1.675 0.0000e+00
-2.025 -1.625 0.0000e+00
-2.025 -1.575 0.0000e+00
-2.025 -1.525 0.0000e+00
-2.025 -1.475 0.0000e+00
-2.025 -1.425 0.0000e+00
-2.025 -1.375 0.0000e+00
-2.025 -1.325 0.0000e+00
-2.025 -1.275 0.0000e+00
-2.025 -1.225 0.0000e+00
-2.025 -1.175 0.0000e+00
-2.025 -1.125 0.0000e+00
-2.025 -1.075 0.0000e+00
-2.025 -1.025 0.0000e+00
-2.025 -0.975 0.0000e+00
-2.025 -0.925 0.0000e+00
-2.025 -0.875 0.0000e+00
-2.025 -0.825 0.0000e+00
-2.025 -0.775 0.0000e+00
-2.025 -0.725 0.0000e+00
-2.025 -0.675 0.0000e+00
-2.025 -0.625 0.0000e+00
-2.025 -0.575 0.0000e+00
-2.025 -0.525 0.0000e+00
-2.025 -0.475 0.0000e+00
-2.025 -0.425 0.0000e+00
-2.025 -0.375 0.0000e+00
-2.025 -0.325 0.0000e+00
-2.025 -0.275 0.0000e+00
-2.025 -0.225 0.0000e+00
-2.025 -0.175 0.0000e+00
-2.025 -0.125 0.0000e+00
-2.025 -0.075 0.0000e+00
-2.025 -0.025 0.0000e+00
-2.025 0.025 0.0000e+00
-2.025 0.075 0.0000e+00
-2.025 0.125 0.0000e+00
-2.025 0.175 0.0000e+00
-2.025 0.225 0.0000e+00
-2.025 0.275 0.0000e+00
-2.025 0.325 0.0000e+00
-2.025 0.375 0.0000e+00
-2.025 0.425 0.0000e+00
-2.025 0.475 0.0000e+00
-2.025 0.525 0.0000e+00
-2.025 0.575 0.0000e+00
-2.025 0.625 0.0000e+00
-2.025 0.675 4.0471e-07
-2.025 0.725 8.0816e-07
-2.025 0.775 1.6138e-06
-2.025 0.825 3.2225e-06
-2.025 0.875 6.4337e-06
-2.025 0.925 1.2839e-05
-2.025 0.975 2.5603e-05
-2.025 1.025 5.0988e-05
-2.025 1.075 1.0132e-04
-2.025 1.125 2.0067e-04
-2.025 1.175 3.9542e-04
-2.025 1.225 7.7343e-04
-2.025 1.275 1.4970e-03
-2.025 1.325 2.8561e-03
-2.025 1.375 5.3458e-03
-2.025 1.425 9.7610e-03
-2.025 1.475 1.7280e-02
-2.025 1.525 2.9467e-02
-2.025 1.575 4.8094e-02
-2.025 1.625 7.4687e-02
-2.025 1.675 1.0983e-01
-2.025 1.725 1.5240e-01
-2.025 1.775 1.9926e-01
-2.025 1.825 2.4548e-01
-2.025 1.875 2.8551e-01
-2.025 1.925 3.1456e-01
-2.025 1.975 3.2973e-01
-2.025 2.025 3.3052e-01
-2.025 2.075 3.1855e-01
-2.025 2.125 2.9675e-01
-2.025 2.175 2.6856e-01
-2.025 2.225 2.3720e-01
-2.025 2.275 2.0531e-01
-2.025 2.325 1.7477e-01
-2.025 2.375 1.4675e-01
-2.025 2.425 1.2187e-01
-2.025 2.475 1.0030e-01
-2.025 2.525 8.1945e-02
-2.025 2.575 6.6562e-02
-2.025 2.625 5.3814e-02
-2.025 2.675 4.3343e-02
-2.025 2.725 3.4805e-02
-2.025 2.775 2.7881e-02
-2.025 2.825 2.2290e-02
-2.025 2.875 1.7793e-02
-2.025 2.925 1.4184e-02
-2.025 2.975 1.1296e-02
-2.025 3.025 8.9876e-03
-2.025 3.075 7.1457e-03
-2.025 3.125 5.6775e-03
-2.025 3.175 4.5083e-03
-2.025 3.225 3.5779e-03
-2.025 3.275 2.8380e-03
-2.025 3.325 2.2498e-03
-2.025 3.375 1.7824e-03
-2.025 3.425 1.4110e-03
-2.025 3.475 1.1161e-03
-2.025 3.525 8.8186e-04
-2.025 3.575 6.9574e-04
-2.025 3.625 5.4775e-04
-2.025 3.675 4.2983e-04
-2.025 3.725 3.3534e-04
-2.025 3.775 2.5814e-04
-2.025 3.825 0.0000e+00
-2.025 3.875 0.0000e+00
-2.025 3.925 0.0000e+00
-2.025 3.975 0.0000e+00
-1.975 -1.975 0.0000e+00
-1.975 -1.925 0.0000e+00
-1.975 -1.875 0.0000e+00
-1.975 -1.825 0.0000e+00
-1.975 -1.775 0.0000e+00
-1.975 -1.725 0.0000e+00
-1.975 -1.675 0.0000e+00
-1.975 -1.625 0.0000e+00
-1.975 -1.575 0.0000e+00
-1.975 -1.525 0.0000e+00
-1.975 -1.475 0.0000e+00
-1.975 -1.425 0.0000e+00
-1.975 -1.375 0.0000e+00
-1.975 -1.325 0.0000e+00
-1.975 -1.275 0.0000e+00
-1.975 -1.225 0.0000e+00
-1.975 -1.175 0.0000e+00
-1.975 -1.125 0.0000e+00
-1.975 -1.075 0.0000e+00
-1.975 -1.025 0.0000e+00
-1.975 -0.975 0.0000e+00
-1.975 -0.925 0.0000e+00
-1.975 -0.875 0.0000e+00
-1.975 -0.825 0.0000e+00
-1.975 -0.775 0.0000e+00
-1.975 -0.725 0.0000e+00
-1.975 -0.675 0.0000e+00
-1.975 -0.625 0.0000e+00
-1.975 -0.575 0.0000e+00
-1.975 -0.525 0.0000e+00
-1.975 -0.475 0.0000e+00
-1.975 -0.425 0.0000e+00
-1.975 -0.375 0.0000e+00
-1.975 -0.325 0.0000e+00
-1.975 -0.275 0.0000e+00
-1.975 -0.225 0.0000e+00
-1.975 -0.175 0.0000e+00
-1.975 -0.125 0.0000e+00
-1.975 -0.075 0.0000e+00
-1.975 -0.025 0.0000e+00
-1.975 0.025 0.0000e+00
-1.975 0.075 0.0000e+00
-1.975 0.125 0.0000e+00
-1.975 0.175 0.0000e+00
-1.975 0.225 0.0000e+00
-1.975 0.275 0.0000e+00
-1.975 0.325 0.0000e+00
-1.975 0.375 0.0000e+00
-1.975 0.425 0.0000e+00
-1.975 0.475 0.0000e+00
-1.975 0.525 0.0000e+00
-1.975 0.575 0.0000e+00
-1.975 0.625 0.0000e+00
-1.975 0.675 5.0974e-07
-1.975 0.725 1.0179e-06
-1.975 0.775 2.0324e-06
-1.975 0.825 4.0575e-06
-1.975 0.875 8.0968e-06
-1.975 0.925 1.6145e-05
-1.975 0.975 3.2150e-05
-1.975 1.025 6.3884e-05
-1.975 1.075 1.2651e-04
-1.975 1.125 2.4927e-04
-1.975 1.175 4.8752e-04
-1.975 1.225 9.4354e-04
-1.975 1.275 1.8000e-03
-1.975 1.325 3.3686e-03
-1.975 1.375 6.1502e-03
-1.975 1.425 1.0887e-02
-1.975 1.475 1.8564e-02
-1.975 1.525 3.0296e-02
-1.975 1.575 4.7045e-02
-1.975 1.625 6.9176e-02
-1.975 1.675 9.5996e-02
-1.975 1.725 1.2551e-01
-1.975 1.775 1.5463e-01
-1.975 1.825 1.7986e-01
-1.975 1.875 1.9818e-01
-1.975 1.925 2.0776e-01
-1.975 1.975 2.0828e-01
-1.975 2.025 2.0076e-01
-1.975 2.075 1.8704e-01
-1.975 2.125 1.6929e-01
-1.975 2.175 1.4955e-01
-1.975 2.225 1.2946e-01
-1.975 2.275 1.1021e-01
-1.975 2.325 9.2555e-02
-1.975 2.375 7.6868e-02
-1.975 2.425 6.3268e-02
-1.975 2.475 5.1698e-02
-1.975 2.525 4.1997e-02
-1.975 2.575 3.3957e-02
-1.975 2.625 2.7353e-02
-1.975 2.675 2.1967e-02
-1.975 2.725 1.7598e-02
-1.975 2.775 1.4071e-02
-1.975 2.825 1.1233e-02
-1.975 2.875 8.9565e-03
-1.975 2.925 7.1336e-03
-1.975 2.975 5.6768e-03
-1.975 3.025 4.5142e-03
-1.975 3.075 3.5875e-03
-1.975 3.125 2.8494e-03
-1.975 3.175 2.2620e-03
-1.975 3.225 1.7948e-03
-1.975 3.275 1.4234e-03
-1.975 3.325 1.1282e-03
-1.975 3.375 8.9371e-04
-1.975 3.425 7.0747e-04
-1.975 3.475 5.5957e-04
-1.975 3.525 4.4210e-04
-1.975 3.575 3.4878e-04
-1.975 3.625 2.7459e-04
-1.975 3.675 2.1547e-04
-1.975 3.725 1.6810e-04
-1.975 3.775 1.2940e-04
-1.975 3.825 0.0000e+00
-1.975 3.875 0.0000e+00
-1.975 3.925 0.0000e+00
-1.975 3.975 0.0000e+00
-1.925 -1.975 0.0000e+00
-1.925 -1.925 0.0000e+00
-1.925 -1.875 0.0000e+00
-1.925 -1.825 0.0000e+00
-1.925 -1.775 0.0000e+00
-1.925 -1.725 0.0000e+00
-1.925 -1.675 0.0000e+00
-1.925 -1.625 0.0000e+00
-1.925 -1.575 0.0000e+00
-1.925 -1.525 0.0000e+00
-1.925 -1.475 0.0000e+00
-1.925 -1.425 0.0000e+00
-1.925 -1.375 0.0000e+00
-1.925 -1.325 0.0000e+00
-1.925 -1.275 0.0000e+00
-1.925 -1.225 0.0000e+00
-1.925 -1.175 0.0000e+00
-1.925 -1.125 0.0000e+00
-1.925 -1.075 0.0000e+00
-1.925 -1.025 0.0000e+00
-1.925 -0.975 0.0000e+00
-1.925 -0.925 0.0000e+00
-1.925 -0.875 0.0000e+00
-1.925 -0.825 0.0000e+00
-1.925 -0.775 0.0000e+00
-1.925 -0.725 0.0000e+00
-1.925 -0.675 0.0000e+00
-1.925 -0.625 0.0000e+00
-1.925 -0.575 0.0000e+00
-1.925 -0.525 0.0000e+00
-1.925 -0.475 0.0000e+00
-1.925 -0.425 0.0000e+00
-1.925 -0.375 0.0000e+00
-1.925 -0.325 0.0000e+00
-1.925 -0.275 0.0000e+00
-1.925 -0.225 0.0000e+00
-1.925 -0.175 0.0000e+00
-1.925 -0.125 0.0000e+00
-1.925 -0.075 0.0000e+00
-1.925 -0.025 0.0000e+00
-1.925 0.025 0.0000e+00
-1.925 0.075 0.0000e+00
-1.925 0.125 0.0000e+00
-1.925 0.175 0.0000e+00
-1.925 0.225 0.0000e+00
-1.925 0.275 0.0000e+00
-1.925 0.325 0.0000e+00
-1.925 0.375 0.0000e+00
-1.925 0.425 0.0000e+00
-1.925 0.475 0.0000e+00
-1.925 0.525 0.0000e+00
-1.925 0.575 0.0000e+00
-1.925 0.625 0.0000e+00
-1.925 0.675 6.4203e-07
-1.925 0.725 1.2819e-06
-1.925 0.775 2.5590e-06
-1.925 0.825 5.1064e-06
-1.925 0.875 1.0182e-05
-1.925 0.925 2.0274e-05
-1.925 0.975 4.0282e-05
-1.925 1.025 7.9767e-05
-1.925 1.075 1.5716e-04
-1.925 1.125 3.0734e-04
-1.925 1.175 5.9476e-04
-1.925 1.225 1.1345e-03
-1.925 1.275 2.1230e-03
-1.925 1.325 3.8757e-03
-1.925 1.375 6.8600e-03
-1.925 1.425 1.1696e-02
-1.925 1.475 1.9087e-02
-1.925 1.525 2.9638e-02
-1.925 1.575 4.3580e-02
-1.925 1.625 6.0476e-02
-1.925 1.675 7.9070e-02
-1.925 1.725 9.7422e-02
-1.925 1.775 1.1332e-01
-1.925 1.825 1.2487e-01
-1.925 1.875 1.3092e-01
-1.925 1.925 1.3126e-01
-1.925 1.975 1.2654e-01
-1.925 2.025 1.1791e-01
-1.925 2.075 1.0673e-01
-1.925 2.125 9.4290e-02
-1.925 2.175 8.1632e-02
-1.925 2.225 6.9504e-02
-1.925 2.275 5.8375e-02
-1.925 2.325 4.8486e-02
-1.925 2.375 3.9911e-02
-1.925 2.425 3.2615e-02
-1.925 2.475 2.6498e-02
-1.925 2.525 2.1427e-02
-1.925 2.575 1.7261e-02
-1.925 2.625 1.3863e-02
-1.925 2.675 1.1108e-02
-1.925 2.725 8.8823e-03
-1.925 2.775 7.0917e-03
-1.925 2.825 5.6549e-03
-1.925 2.875 4.5046e-03
-1.925 2.925 3.5852e-03
-1.925 2.975 2.8514e-03
-1.925 3.025 2.2664e-03
-1.925 3.075 1.8005e-03
-1.925 3.125 1.4296e-03
-1.925 3.175 1.1347e-03
-1.925 3.225 9.0016e-04
-1.925 3.275 7.1378e-04
-1.925 3.325 5.6570e-04
-1.925 3.375 4.4809e-04
-1.925 3.425 3.5469e-04
-1.925 3.475 2.8052e-04
-1.925 3.525 2.2163e-04
-1.925 3.575 1.7484e-04
-1.925 3.625 1.3765e-04
-1.925 3.675 1.0801e-04
-1.925 3.725 8.4262e-05
-1.925 3.775 6.4863e-05
-1.925 3.825 0.0000e+00
-1.925 3.875 0.0000e+00
-1.925 3.925 0.0000e+00
-1.925 3.975 0.0000e+00
-1.875 -1.975 0.0000e+00
-1.875 -1.925 0.0000e+00
-1.875 -1.875 0.0000e+00
-1.875 -1.825 0.0000e+00
-1.875 -1.775 0.0000e+00
-1.875 -1.725 0.0000e+00
-1.875 -1.675 0.0000e+00
-1.875 -1.625 0.0000e+00
-1.875 -1.575 0.0000e+00
-1.875 -1.525 0.0000e+00
-1.875 -1.475 0.0000e+00
-1.875 -1.425 0.0000e+00
-1.875 -1.375 0.0000e+00
-1.875 -1.325 0.0000e+00
-1.875 -1.275 0.0000e+00
-1.875 -1.225 0.0000e+00
-1.875 -1.175 0.0000e+00
-1.875 -1.125 0.0000e+00
-1.875 -1.075 0.0000e+00
-1.875 -1.025 0.0000e+00
-1.875 -0.975 0.0000e+00
-1.875 -0.925 0.0000e+00
-1.875 -0.875 0.0000e+00
-1.875 -0.825 0.0000e+00
-1.875 -0.775 0.0000e+00
-1.875 -0.725 0.0000e+00
-1.875 -0.675 0.0000e+00
-1.875 -0.625 0.0000e+00
-1.875 -0.575 0.0000e+00
-1.875 -0.525 0.0000e+00
-1.875 -0.475 0.0000e+00
-1.875 -0.425 0.0000e+00
-1.875 -0.375 0.0000e+00
-1.875 -0.325 0.0000e+00
-1.875 -0.275 0.0000e+00
-1.875 -0.225 0.0000e+00
-1.875 -0.175 0.0000e+00
-1.875 -0.125 0.0000e+00
-1.875 -0.075 0.0000e+00
-1.875 -0.025 0.0000e+00
-1.875 0.025 0.0000e+00
-1.875 0.075 0.0000e+00
-1.875 0.125 0.0000e+00
-1.875 0.175 0.0000e+00
-1.875 0.225 0.0000e+00
-1.875 0.275 0.0000e+00
-1.875 0.325 0.0000e+00
-1.875 0.375 0.0000e+00
-1.875 0.425 0.0000e+00
-1.875 0.475 0.0000e+00
-1.875 0.525 0.0000e+00
-1.875 0.575 0.0000e+00
-1.875 0.625 0.0000e+00
-1.875 0.675 8.0856e-07
-1.875 0.725 1.6140e-06
-1.875 0.775 3.2206e-06
-1.875 0.825 6.4211e-06
-1.875 0.875 1.2785e-05
-1.875 0.925 2.5402e-05
-1.875 0.975 5.0297e-05
-1.875 1.025 9.9088e-05
-1.875 1.075 1.9376e-04
-1.875 1.125 3.7494e-04
-1.875 1.175 7.1515e-04
-1.875 1.225 1.3381e-03
-1.875 1.275 2.4427e-03
-1.875 1.325 4.3232e-03
-1.875 1.375 7.3706e-03
-1.875 1.425 1.2027e-02
-1.875 1.475 1.8675e-02
-1.875 1.525 2.7459e-02
-1.875 1.575 3.8105e-02
-1.875 1.625 4.9822e-02
-1.875 1.675 6.1387e-02
-1.875 1.725 7.1412e-02
-1.875 1.775 7.8695e-02
-1.875 1.825 8.2513e-02
-1.875 1.875 8.2737e-02
-1.875 1.925 7.9765e-02
-1.875 1.975 7.4331e-02
-1.875 2.025 6.7292e-02
-1.875 2.075 5.9455e-02
-1.875 2.125 5.1478e-02
-1.875 2.175 4.3834e-02
-1.875 2.225 3.6819e-02
-1.875 2.275 3.0584e-02
-1.875 2.325 2.5177e-02
-1.875 2.375 2.0577e-02
-1.875 2.425 1.6718e-02
-1.875 2.475 1.3520e-02
-1.875 2.525 1.0892e-02
-1.875 2.575 8.7491e-03
-1.875 2.625 7.0105e-03
-1.875 2.675 5.6066e-03
-1.875 2.725 4.4768e-03
-1.875 2.775 3.5701e-03
-1.875 2.825 2.8442e-03
-1.875 2.875 2.2639e-03
-1.875 2.925 1.8008e-03
-1.875 2.975 1.4316e-03
-1.875 3.025 1.1375e-03
-1.875 3.075 9.0338e-04
-1.875 3.125 7.1716e-04
-1.875 3.175 5.6909e-04
-1.875 3.225 4.5141e-04
-1.875 3.275 3.5790e-04
-1.875 3.325 2.8363e-04
-1.875 3.375 2.2465e-04
-1.875 3.425 1.7781e-04
-1.875 3.475 1.4063e-04
-1.875 3.525 1.1110e-04
-1.875 3.575 8.7644e-05
-1.875 3.625 6.8997e-05
-1.875 3.675 5.4141e-05
-1.875 3.725 4.2237e-05
-1.875 3.775 3.2513e-05
-1.875 3.825 0.0000e+00
-1.875 3.875 0.0000e+00
-1.875 3.925 0.0000e+00
-1.875 3.975 0.0000e+00
-1.825 -1.975 0.0000e+00
-1.825 -1.925 0.0000e+00
-1.825 -1.875 0.0000e+00
-1.825 -1.825 0.0000e+00
-1.825 -1.775 0.0000e+00
-1.825 -1.725 0.0000e+00
-1.825 -1.675 0.0000e+00
-1.825 -1.625 0.0000e+00
-1.825 -1.575 0.0000e+00
-1.825 -1.525 0.0000e+00
-1.825 -1.475 0.0000e+00
-1.825 -1.425 0.0000e+00
-1.825 -1.375 0.0000e+00
-1.825 -1.325 0.0000e+00
-1.825 -1.275 0.0000e+00
-1.825 -1.225 0.0000e+00
-1.825 -1.175 0.0000e+00
-1.825 -1.125 0.0000e+00
-1.825 -1.075 0.0000e+00
-1.825 -1.025 0.0000e+00
-1.825 -0.975 0.0000e+00
-1.825 -0.925 0.0000e+00
-1.825 -0.875 0.0000e+00
-1.825 -0.825 0.0000e+00
-1.825 -0.775 0.0000e+00
-1.825 -0.725 0.0000e+00
-1.825 -0.675 0.0000e+00
-1.825 -0.625 0.0000e+00
-1.825 -0.575 0.0000e+00
-1.825 -0.525 0.0000e+00
-1.825 -0.475 0.0000e+00
-1.825 -0.425 0.0000e+00
-1.825 -0.375 0.0000e+00
-1.825 -0.325 0.0000e+00
-1.825 -0.275 0.0000e+00
-1.825 -0.225 0.0000e+00
-1.825 -0.175 0.0000e+00
-1.825 -0.125 0.0000e+00
-1.825 -0.075 0.0000e+00
-1.825 -0.025 0.0000e+00
-1.825 0.025 0.0000e+00
-1.825 0.075 0.0000e+00
-1.825 0.125 0.0000e+00
-1.825 0.175 0.0000e+00
-1.825 0.225 0.0000e+00
-1.825 0.275 0.0000e+00
-1.825 0.325 0.0000e+00
-1.825 0.375 0.0000e+00
-1.825 0.425 0.0000e+00
-1.825 0.475 0.0000e+00
-1.825 0.525 0.0000e+00
-1.825 0.575 0.0000e+00
-1.825 0.625 0.0000e+00
-1.825 0.675 1.0180e-06
-1.825 0.725 2.0313e-06
-1.825 0.775 4.0498e-06
-1.825 0.825 8.0631e-06
-1.825 0.875 1.6019e-05
-1.825 0.925 3.1717e-05
-1.825 0.975 6.2480e-05
-1.825 1.025 1.2217e-04
-1.825 1.075 2.3639e-04
-1.825 1.125 4.5084e-04
-1.825 1.175 8.4353e-04
-1.825 1.225 1.5397e-03
-1.825 1.275 2.7249e-03
-1.825 1.325 4.6453e-03
-1.825 1.375 7.5798e-03
-1.825 1.425 1.1769e-02
-1.825 1.475 1.7304e-02
-1.825 1.525 2.4013e-02
-1.825 1.575 3.1397e-02
-1.825 1.625 3.8687e-02
-1.825 1.675 4.5007e-02
-1.825 1.725 4.9600e-02
-1.825 1.775 5.2010e-02
-1.825 1.825 5.2156e-02
-1.825 1.875 5.0287e-02
-1.825 1.925 4.6865e-02
-1.825 1.975 4.2431e-02
-1.825 2.025 3.7492e-02
-1.825 2.075 3.2465e-02
-1.825 2.125 2.7647e-02
-1.825 2.175 2.3224e-02
-1.825 2.225 1.9293e-02
-1.825 2.275 1.5883e-02
-1.825 2.325 1.2982e-02
-1.825 2.375 1.0548e-02
-1.825 2.425 8.5310e-03
-1.825 2.475 6.8736e-03
-1.825 2.525 5.5214e-03
-1.825 2.575 4.4246e-03
-1.825 2.625 3.5387e-03
-1.825 2.675 2.8259e-03
-1.825 2.725 2.2538e-03
-1.825 2.775 1.7957e-03
-1.825 2.825 1.4295e-03
-1.825 2.875 1.1372e-03
-1.825 2.925 9.0415e-04
-1.825 2.975 7.1851e-04
-1.825 3.025 5.7073e-04
-1.825 3.075 4.5317e-04
-1.825 3.125 3.5969e-04
-1.825 3.175 2.8539e-04
-1.825 3.225 2.2635e-04
-1.825 3.275 1.7945e-04
-1.825 3.325 1.4220e-04
-1.825 3.375 1.1262e-04
-1.825 3.425 8.9140e-05
-1.825 3.475 7.0495e-05
-1.825 3.525 5.5692e-05
-1.825 3.575 4.3933e-05
-1.825 3.625 3.4586e-05
-1.825 3.675 2.7138e-05
-1.825 3.725 2.1171e-05
-1.825 3.775 1.6297e-05
-1.825 3.825 0.0000e+00
-1.825 3.875 0.0000e+00
-1.825 3.925 0.0000e+00
-1.825 3.975 0.0000e+00
-1.775 -1.975 0.0000e+00
-1.775 -1.925 0.0000e+00
-1.775 -1.875 0.0000e+00
-1.775 -1.825 0.0000e+00
-1.775 -1.775 0.0000e+00
-1.775 -1.725 0.0000e+00
-1.775 -1.675 0.0000e+00
-1.775 -1.625 0.0000e+00
-1.775 -1.575 0.0000e+00
-1.775 -1.525 0.0000e+00
-1.775 -1.475 0.0000e+00
-1.775 -1.425 0.0000e+00
-1.775 -1.375 0.0000e+00
-1.775 -1.325 0.0000e+00
-1.775 -1.275 0.0000e+00
-1.775 -1.225 0.0000e+00
-1.775 -1.175 0.0000e+00
-1.775 -1.125 0.0000e+00
-1.775 -1.075 0.0000e+00
-1.775 -1.025 0.0000e+00
-1.775 -0.975 0.0000e+00
-1.775 -0.925 0.0000e+00
-1.775 -0.875 0.0000e+00
-1.775 -0.825 0.0000e+00
-1.775 -0.775 0.0000e+00
-1.775 -0.725 0.0000e+00
-1.775 -0.675 0.0000e+00
-1.775 -0.625 0.0000e+00
-1.775 -0.575 0.0000e+00
-1.775 -0.525 0.0000e+00
-1.775 -0.475 0.0000e+00
-1.775 -0.425 0.0000e+00
-1.775 -0.375 0.0000e+00
-1.775 -0.325 0.0000e+00
-1.775 -0.275 0.0000e+00
-1.775 -0.225 0.0000e+00
-1.775 -0.175 0.0000e+00
-1.775 -0.125 0.0000e+00
-1.775 -0.075 0.0000e+00
-1.775 -0.025 0.0000e+00
-1.775 0.025 0.0000e+00
-1.775 0.075 0.0000e+00
-1.775 0.125 0.0000e+00
-1.775 0.175 0.0000e+00
-1.775 0.225 0.0000e+00
-1.775 0.275 0.0000e+00
-1.775 0.325 0.0000e+00
-1.775 0.375 0.0000e+00
-1.775 0.425 0.0000e+00
-1.775 0.475 0.0000e+00
-1.775 0.525 0.0000e+00
-1.775 0.575 0.0000e+00
-1.775 0.625 0.0000e+00
-1.775 0.675 1.2812e-06
-1.775 0.725 2.5543e-06
-1.775 0.775 5.0854e-06
-1.775 0.825 1.0103e-05
-1.775 0.875 2.0002e-05
-1.775 0.925 3.9400e-05
-1.775 0.975 7.7035e-05
-1.775 1.025 1.4905e-04
-1.775 1.075 2.8424e-04
-1.775 1.125 5.3179e-04
-1.775 1.175 9.7060e-04
-1.775 1.225 1.7176e-03
-1.775 1.275 2.9280e-03
-1.775 1.325 4.7775e-03
-1.775 1.375 7.4176e-03
-1.775 1.425 1.0906e-02
-1.775 1.475 1.5134e-02
-1.775 1.525 1.9789e-02
-1.775 1.575 2.4384e-02
-1.775 1.625 2.8369e-02
-1.775 1.675 3.1266e-02
-1.775 1.725 3.2787e-02
-1.775 1.775 3.2881e-02
-1.775 1.825 3.1705e-02
-1.775 1.875 2.9551e-02
-1.775 1.925 2.6757e-02
-1.775 1.975 2.3644e-02
-1.775 2.025 2.0476e-02
-1.775 2.075 1.7438e-02
-1.775 2.125 1.4649e-02
-1.775 2.175 1.2170e-02
-1.775 2.225 1.0020e-02
-1.775 2.275 8.1904e-03
-1.775 2.325 6.6556e-03
-1.775 2.375 5.3830e-03
-1.775 2.425 4.3375e-03
-1.775 2.475 3.4844e-03
-1.775 2.525 2.7924e-03
-1.775 2.575 2.2335e-03
-1.775 2.625 1.7837e-03
-1.775 2.675 1.4227e-03
-1.775 2.725 1.1336e-03
-1.775 2.775 9.0253e-04
-1.775 2.825 7.1806e-04
-1.775 2.875 5.7097e-04
-1.775 2.925 4.5380e-04
-1.775 2.975 3.6052e-04
-1.775 3.025 2.8631e-04
-1.775 3.075 2.2729e-04
-1.775 3.125 1.8038e-04
-1.775 3.175 1.4310e-04
-1.775 3.225 1.1349e-04
-1.775 3.275 8.9967e-05
-1.775 3.325 7.1289e-05
-1.775 3.375 5.6459e-05
-1.775 3.425 4.4685e-05
-1.775 3.475 3.5338e-05
-1.775 3.525 2.7917e-05
-1.775 3.575 2.2022e-05
-1.775 3.625 1.7336e-05
-1.775 3.675 1.3603e-05
-1.775 3.725 1.0612e-05
-1.775 3.775 8.1689e-06
-1.775 3.825 0.0000e+00
-1.775 3.875 0.0000e+00
-1.775 3.925 0.0000e+00
-1.775 3.975 0.0000e+00
-1.725 -1.975 0.0000e+00
-1.725 -1.925 0.0000e+00
-1.725 -1.875 0.0000e+00
-1.725 -1.825 0.0000e+00
-1.725 -1.775 0.0000e+00
-1.725 -1.725 0.0000e+00
-1.725 -1.675 0.0000e+00
-1.725 -1.625 0.0000e+00
-1.725 -1.575 0.0000e+00
-1.725 -1.525 0.0000e+00
-1.725 -1.475 0.0000e+00
-1.725 -1.425 0.0000e+00
-1.725 -1.375 0.0000e+00
-1.725 -1.325 0.0000e+00
-1.725 -1.275 0.0000e+00
-1.725 -1.225 0.0000e+00
-1.725 -1.175 0.0000e+00
-1.725 -1.125 0.0000e+00
-1.725 -1.075 0.0000e+00
-1.725 -1.025 0.0000e+00
-1.725 -0.975 0.0000e+00
-1.725 -0.925 0.0000e+00
-1.725 -0.875 0.0000e+00
-1.725 -0.825 0.0000e+00
-1.725 -0.775 0.0000e+00
-1.725 -0.725 0.0000e+00
-1.725 -0.675 0.0000e+00
-1.725 -0.625 0.0000e+00
-1.725 -0.575 0.0000e+00
-1.725 -0.525 0.0000e+00
-1.725 -0.475 0.0000e+00
-1.725 -0.425 0.0000e+00
-1.725 -0.375 0.0000e+00
-1.725 -0.325 0.0000e+00
-1.725 -0.275 0.0000e+00
-1.725 -0.225 0.0000e+00
-1.725 -0.175 0.0000e+00
-1.725 -0.125 0.0000e+00
-1.725 -0.075 0.0000e+00
-1.725 -0.025 0.0000e+00
-1.725 0.025 0.0000e+00
-1.725 0.075 0.0000e+00
-1.725 0.125 0.0000e+00
-1.725 0.175 0.0000e+00
-1.725 0.225 0.0000e+00
-1.725 0.275 0.0000e+00
-1.725 0.325 0.0000e+00
-1.725 0.375 0.0000e+00
-1.725 0.425 0.0000e+00
-1.725 0.475 0.0000e+00
-1.725 0.525 0.0000e+00
-1.725 0.575 0.0000e+00
-1.725 0.625 0.0000e+00
-1.725 0.675 1.6111e-06
-1.725 0.725 3.2074e-06
-1.725 0.775 6.3716e-06
-1.725 0.825 1.2614e-05
-1.725 0.875 2.4847e-05
-1.725 0.925 4.8578e-05
-1.725 0.975 9.3982e-05
-1.725 1.025 1.7922e-04
-1.725 1.075 3.3528e-04
-1.725 1.125 6.1192e-04
-1.725 1.175 1.0828e-03
-1.725 1.225 1.8458e-03
-1.725 1.275 3.0115e-03
-1.725 1.325 4.6756e-03
-1.725 1.375 6.8745e-03
-1.725 1.425 9.5397e-03
-1.725 1.475 1.2474e-02
-1.725 1.525 1.5371e-02
-1.725 1.575 1.7883e-02
-1.725 1.625 1.9711e-02
-1.725 1.675 2.0671e-02
-1.725 1.725 2.0732e-02
-1.725 1.775 1.9992e-02
-1.725 1.825 1.8635e-02
-1.725 1.875 1.6874e-02
-1.725 1.925 1.4912e-02
-1.725 1.975 1.2915e-02
-1.725 2.025 1.0999e-02
-1.725 2.075 9.2410e-03
-1.725 2.125 7.6778e-03
-1.725 2.175 6.3218e-03
-1.725 2.225 5.1676e-03
-1.725 2.275 4.1995e-03
-1.725 2.325 3.3967e-03
-1.725 2.375 2.7371e-03
-1.725 2.425 2.1989e-03
-1.725 2.475 1.7623e-03
-1.725 2.525 1.4097e-03
-1.725 2.575 1.1259e-03
-1.725 2.625 8.9806e-04
-1.725 2.675 7.1563e-04
-1.725 2.725 5.6979e-04
-1.725 2.775 4.5337e-04
-1.725 2.825 3.6054e-04
-1.725 2.875 2.8658e-04
-1.725 2.925 2.2770e-04
-1.725 2.975 1.8086e-04
-1.725 3.025 1.4360e-04
-1.725 3.075 1.1399e-04
-1.725 3.125 9.0451e-05
-1.725 3.175 7.1752e-05
-1.725 3.225 5.6899e-05
-1.725 3.275 4.5104e-05
-1.725 3.325 3.5738e-05
-1.725 3.375 2.8303e-05
-1.725 3.425 2.2400e-05
-1.725 3.475 1.7714e-05
-1.725 3.525 1.3994e-05
-1.725 3.575 1.1039e-05
-1.725 3.625 8.6901e-06
-1.725 3.675 6.8188e-06
-1.725 3.725 5.3194e-06
-1.725 3.775 4.0947e-06
-1.725 3.825 0.0000e+00
-1.725 3.875 0.0000e+00
-1.725 3.925 0.0000e+00
-1.725 3.975 0.0000e+00
-1.675 -1.975 0.0000e+00
-1.675 -1.925 0.0000e+00
-1.675 -1.875 0.0000e+00
-1.675 -1.825 0.0000e+00
-1.675 -1.775 0.0000e+00
-1.675 -1.725 0.0000e+00
-1.675 -1.675 0.0000e+00
-1.675 -1.625 0.0000e+00
-1.675 -1.575 0.0000e+00
-1.675 -1.525 0.0000e+00
-1.675 -1.475 0.0000e+00
-1.675 -1.425 0.0000e+00
-1.675 -1.375 0.0000e+00
-1.675 -1.325 0.0000e+00
-1.675 -1.275 0.0000e+00
-1.675 -1.225 0.0000e+00
-1.675 -1.175 0.0000e+00
-1.675 -1.125 0.0000e+00
-1.675 -1.075 0.0000e+00
-1.675 -1.025 0.0000e+00
-1.675 -0.975 0.0000e+00
-1.675 -0.925 0.0000e+00
-1.675 -0.875 0.0000e+00
-1.675 -0.825 0.0000e+00
-1.675 -0.775 0.0000e+00
-1.675 -0.725 0.0000e+00
-1.675 -0.675 0.0000e+00
-1.675 -0.625 0.0000e+00
-1.675 -0.575 0.0000e+00
-1.675 -0.525 0.0000e+00
-1.675 -0.475 0.0000e+00
-1.675 -0.425 0.0000e+00
-1.675 -0.375 0.0000e+00
-1.675 -0.325 0.0000e+00
-1.675 -0.275 0.0000e+00
-1.675 -0.225 0.0000e+00
-1.675 -0.175 0.0000e+00
-1.675 -0.125 0.0000e+00
-1.675 -0.075 0.0000e+00
-1.675 -0.025 0.0000e+00
-1.675 0.025 0.0000e+00
-1.675 0.075 0.0000e+00
-1.675 0.125 0.0000e+00
-1.675 0.175 0.0000e+00
-1.675 0.225 0.0000e+00
-1.675 0.275 0.0000e+00
-1.675 0.325 0.0000e+00
-1.675 0.375 0.0000e+00
-1.675 0.425 0.0000e+00
-1.675 0.475 0.0000e+00
-1.675 0.525 0.0000e+00
-1.675 0.575 0.0000e+00
-1.675 0.625 0.0000e+00
-1.675 0.675 2.0231e-06
-1.675 0.725 4.0187e-06
-1.675 0.775 7.9558e-06
-1.675 0.825 1.5670e-05
-1.675 0.875 3.0635e-05
-1.675 0.925 5.9265e-05
-1.675 0.975 1.1301e-04
-1.675 1.025 2.1141e-04
-1.675 1.075 3.8581e-04
-1.675 1.125 6.8268e-04
-1.675 1.175 1.1637e-03
-1.675 1.225 1.8985e-03
-1.675 1.275 2.9476e-03
-1.675 1.325 4.3337e-03
-1.675 1.375 6.0139e-03
-1.675 1.425 7.8636e-03
-1.675 1.475 9.6903e-03
-1.675 1.525 1.1275e-02
-1.675 1.575 1.2427e-02
-1.675 1.625 1.3034e-02
-1.675 1.675 1.3073e-02
-1.675 1.725 1.2607e-02
-1.675 1.775 1.1752e-02
-1.675 1.825 1.0642e-02
-1.675 1.875 9.4057e-03
-1.675 1.925 8.1462e-03
-1.675 1.975 6.9385e-03
-1.675 2.025 5.8296e-03
-1.675 2.075 4.8438e-03
-1.675 2.125 3.9885e-03
-1.675 2.175 3.2605e-03
-1.675 2.225 2.6498e-03
-1.675 2.275 2.1434e-03
-1.675 2.325 1.7272e-03
-1.675 2.375 1.3877e-03
-1.675 2.425 1.1122e-03
-1.675 2.475 8.8972e-04
-1.675 2.525 7.1062e-04
-1.675 2.575 5.6687e-04
-1.675 2.625 4.5175e-04
-1.675 2.675 3.5971e-04
-1.675 2.725 2.8624e-04
-1.675 2.775 2.2765e-04
-1.675 2.825 1.8097e-04
-1.675 2.875 1.4380e-04
-1.675 2.925 1.1423e-04
-1.675 2.975 9.0715e-05
-1.675 3.025 7.2018e-05
-1.675 3.075 5.7159e-05
-1.675 3.125 4.5353e-05
-1.675 3.175 3.5975e-05
-1.675 3.225 2.8526e-05
-1.675 3.275 2.2612e-05
-1.675 3.325 1.7916e-05
-1.675 3.375 1.4188e-05
-1.675 3.425 1.1229e-05
-1.675 3.475 8.8798e-06
-1.675 3.525 7.0147e-06
-1.675 3.575 5.5335e-06
-1.675 3.625 4.3560e-06
-1.675 3.675 3.4180e-06
-1.675 3.725 2.6664e-06
-1.675 3.775 2.0525e-06
-1.675 3.825 0.0000e+00
-1.675 3.875 0.0000e+00
-1.675 3.925 0.0000e+00
-1.675 3.975 0.0000e+00
-1.625 -1.975 0.0000e+00
-1.625 -1.925 0.0000e+00
-1.625 -1.875 0.0000e+00
-1.625 -1.825 0.0000e+00
-1.625 -1.775 0.0000e+00
-1.625 -1.725 0.0000e+00
-1.625 -1.675 0.0000e+00
-1.625 -1.625 0.0000e+00
-1.625 -1.575 0.0000e+00
-1.625 -1.525 0.0000e+00
-1.625 -1.475 0.0000e+00
-1.625 -1.425 0.0000e+00
-1.625 -1.375 0.0000e+00
-1.625 -1.325 0.0000e+00
-1.625 -1.275 0.0000e+00
-1.625 -1.225 0.0000e+00
-1.625 -1.175 0.0000e+00
-1.625 -1.125 0.0000e+00
-1.625 -1.075 0.0000e+00
-1.625 -1.025 0.0000e+00
-1.625 -0.975 0.0000e+00
-1.625 -0.925 0.0000e+00
-1.625 -0.875 0.0000e+00
-1.625 -0.825 0.0000e+00
-1.625 -0.775 0.0000e+00
-1.625 -0.725 0.0000e+00
-1.625 -0.675 0.0000e+00
-1.625 -0.625 0.0000e+00
-1.625 -0.575 0.0000e+00
-1.625 -0.525 0.0000e+00
-1.625 -0.475 0.0000e+00
-1.625 -0.425 0.0000e+00
-1.625 -0.375 0.0000e+00
-1.625 -0.325 0.0000e+00
-1.625 -0.275 0.0000e+00
-1.625 -0.225 0.0000e+00
-1.625 -0.175 0.0000e+00
-1.625 -0.125 0.0000e+00
-1.625 -0.075 0.0000e+00
-1.625 -0.025 0.0000e+00
-1.625 0.025 0.0000e+00
-1.625 0.075 0.0000e+00
-1.625 0.125 0.0000e+00
-1.625 0.175 0.0000e+00
-1.625 0.225 0.0000e+00
-1.625 0.275 0.0000e+00
-1.625 0.325 0.0000e+00
-1.625 0.375 0.0000e+00
-1.625 0.425 0.0000e+00
-1.625 0.475 0.0000e+00
-1.625 0.525 0.0000e+00
-1.625 0.575 0.0000e+00
-1.625 0.625 0.0000e+00
-1.625 0.675 2.5347e-06
-1.625 0.725 5.0178e-06
-1.625 0.775 9.8828e-06
-1.625 0.825 1.9320e-05
-1.625 0.875 3.7375e-05
-1.625 0.925 7.1266e-05
-1.625 0.975 1.3331e-04
-1.625 1.025 2.4328e-04
-1.625 1.075 4.3045e-04
-1.625 1.125 7.3369e-04
-1.625 1.175 1.1970e-03
-1.625 1.225 1.8584e-03
-1.625 1.275 2.7323e-03
-1.625 1.325 3.7916e-03
-1.625 1.375 4.9579e-03
-1.625 1.425 6.1098e-03
-1.625 1.475 7.1091e-03
-1.625 1.525 7.8362e-03
-1.625 1.575 8.2190e-03
-1.625 1.625 8.2441e-03
-1.625 1.675 7.9509e-03
-1.625 1.725 7.4119e-03
-1.625 1.775 6.7125e-03
-1.625 1.825 5.9329e-03
-1.625 1.875 5.1387e-03
-1.625 1.925 4.3772e-03
-1.625 1.975 3.6778e-03
-1.625 2.025 3.0560e-03
-1.625 2.075 2.5165e-03
-1.625 2.125 2.0573e-03
-1.625 2.175 1.6720e-03
-1.625 2.225 1.3525e-03
-1.625 2.275 1.0900e-03
-1.625 2.325 8.7576e-04
-1.625 2.375 7.0194e-04
-1.625 2.425 5.6154e-04
-1.625 2.475 4.4853e-04
-1.625 2.525 3.5782e-04
-1.625 2.575 2.8517e-04
-1.625 2.625 2.2708e-04
-1.625 2.675 1.8071e-04
-1.625 2.725 1.4373e-04
-1.625 2.775 1.1427e-04
-1.625 2.825 9.0811e-05
-1.625 2.875 7.2145e-05
-1.625 2.925 5.7299e-05
-1.625 2.975 4.5496e-05
-1.625 3.025 3.6115e-05
-1.625 3.075 2.8661e-05
-1.625 3.125 2.2739e-05
-1.625 3.175 1.8036e-05
-1.625 3.225 1.4301e-05
-1.625 3.275 1.1336e-05
-1.625 3.325 8.9815e-06
-1.625 3.375 7.1125e-06
-1.625 3.425 5.6289e-06
-1.625 3.475 4.4513e-06
-1.625 3.525 3.5164e-06
-1.625 3.575 2.7738e-06
-1.625 3.625 2.1836e-06
-1.625 3.675 1.7133e-06
-1.625 3.725 1.3366e-06
-1.625 3.775 1.0289e-06
-1.625 3.825 0.0000e+00
-1.625 3.875 0.0000e+00
-1.625 3.925 0.0000e+00
-1.625 3.975 0.0000e+00
-1.575 -1.975 0.0000e+00
-1.575 -1.925 0.0000e+00
-1.575 -1.875 0.0000e+00
-1.575 -1.825 0.0000e+00
-1.575 -1.775 0.0000e+00
-1.575 -1.725 0.0000e+00
-1.575 -1.675 0.0000e+00
-1.575 -1.625 0.0000e+00
-1.575 -1.575 0.0000e+00
-1.575 -1.525 0.0000e+00
-1.575 -1.475 0.0000e+00
-1.575 -1.425 0.0000e+00
-1.575 -1.375 0.0000e+00
-1.575 -1.325 0.0000e+00
-1.575 -1.275 0.0000e+00
-1.575 -1.225 0.0000e+00
-1.575 -1.175 0.0000e+00
-1.575 -1.125 0.0000e+00
-1.575 -1.075 0.0000e+00
-1.575 -1.025 0.0000e+00
-1.575 -0.975 0.0000e+00
-1.575 -0.925 0.0000e+00
-1.575 -0.875 0.0000e+00
-1.575 -0.825 0.0000e+00
-1.575 -0.775 0.0000e+00
-1.575 -0.725 0.0000e+00
-1.575 -0.675 0.0000e+00
-1.575 -0.625 0.0000e+00
-1.575 -0.575 0.0000e+00
-1.575 -0.525 0.0000e+00
-1.575 -0.475 0.0000e+00
-1.575 -0.425 0.0000e+00
-1.575 -0.375 0.0000e+00
-1.575 -0.325 0.0000e+00
-1.575 -0.275 0.0000e+00
-1.575 -0.225 0.0000e+00
-1.575 -0.175 0.0000e+00
-1.575 -0.125 0.0000e+00
-1.575 -0.075 0.0000e+00
-1.575 -0.025 0.0000e+00
-1.575 0.025 0.0000e+00
-1.575 0.075 0.0000e+00
-1.575 0.125 0.0000e+00
-1.575 0.175 0.0000e+00
-1.575 0.225 0.0000e+00
-1.575 0.275 0.0000e+00
-1.575 0.325 0.0000e+00
-1.575 0.375 0.0000e+00
-1.575 0.425 0.0000e+00
-1.575 0.475 0.0000e+00
-1.575 0.525 0.0000e+00
-1.575 0.575 0.0000e+00
-1.575 0.625 0.0000e+00
-1.575 0.675 3.1649e-06
-1.575 0.725 6.2333e-06
-1.575 0.775 1.2185e-05
-1.575 0.825 2.3571e-05
-1.575 0.875 4.4943e-05
-1.575 0.925 8.4067e-05
-1.575 0.975 1.5341e-04
-1.575 1.025 2.7143e-04
-1.575 1.075 4.6263e-04
-1.575 1.125 7.5476e-04
-1.575 1.175 1.1718e-03
-1.575 1.225 1.7228e-03
-1.575 1.275 2.3907e-03
-1.575 1.325 3.1262e-03
-1.575 1.375 3.8526e-03
-1.575 1.425 4.4829e-03
-1.575 1.475 4.9417e-03
-1.575 1.525 5.1833e-03
-1.575 1.575 5.1994e-03
-1.575 1.625 5.0148e-03
-1.575 1.675 4.6751e-03
-1.575 1.725 4.2342e-03
-1.575 1.775 3.7426e-03
-1.575 1.825 3.2418e-03
-1.575 1.875 2.7615e-03
-1.575 1.925 2.3204e-03
-1.575 1.975 1.9282e-03
-1.575 2.025 1.5879e-03
-1.575 2.075 1.2981e-03
-1.575 2.125 1.0551e-03
-1.575 2.175 8.5352e-04
-1.575 2.225 6.8786e-04
-1.575 2.275 5.5269e-04
-1.575 2.325 4.4302e-04
-1.575 2.375 3.5442e-04
-1.575 2.425 2.8310e-04
-1.575 2.475 2.2586e-04
-1.575 2.525 1.8001e-04
-1.575 2.575 1.4335e-04
-1.575 2.625 1.1409e-04
-1.575 2.675 9.0747e-05
-1.575 2.725 7.2150e-05
-1.575 2.775 5.7344e-05
-1.575 2.825 4.5561e-05
-1.575 2.875 3.6189e-05
-1.575 2.925 2.8738e-05
-1.575 2.975 2.2816e-05
-1.575 3.025 1.8110e-05
-1.575 3.075 1.4371e-05
-1.575 3.125 1.1401e-05
-1.575 3.175 9.0426e-06
-1.575 3.225 7.1698e-06
-1.575 3.275 5.6830e-06
-1.575 3.325 4.5026e-06
-1.575 3.375 3.5656e-06
-1.575 3.425 2.8218e-06
-1.575 3.475 2.2314e-06
-1.575 3.525 1.7627e-06
-1.575 3.575 1.3905e-06
-1.575 3.625 1.0946e-06
-1.575 3.675 8.5887e-07
-1.575 3.725 6.7002e-07
-1.575 3.775 5.1575e-07
-1.575 3.825 0.0000e+00
-1.575 3.875 0.0000e+00
-1.575 3.925 0.0000e+00
-1.575 3.975 0.0000e+00
-1.525 -1.975 0.0000e+00
-1.525 -1.925 0.0000e+00
-1.525 -1.875 0.0000e+00
-1.525 -1.825 0.0000e+00
-1.525 -1.775 0.0000e+00
-1.525 -1.725 0.0000e+00
-1.525 -1.675 0.0000e+00
-1.525 -1.625 0.0000e+00
-1.525 -1.575 0.0000e+00
-1.525 -1.525 0.0000e+00
-1.525 -1.475 0.0000e+00
-1.525 -1.425 0.0000e+00
-1.525 -1.375 0.0000e+00
-1.525 -1.325 0.0000e+00
-1.525 -1.275 0.0000e+00
-1.525 -1.225 0.0000e+00
-1.525 -1.175 0.0000e+00
-1.525 -1.125 0.0000e+00
-1.525 -1.075 0.0000e+00
-1.525 -1.025 0.0000e+00
-1.525 -0.975 0.0000e+00
-1.525 -0.925 0.0000e+00
-1.525 -0.875 0.0000e+00
-1.525 -0.825 0.0000e+00
-1.525 -0.775 0.0000e+00
-1.525 -0.725 0.0000e+00
-1.525 -0.675 0.0000e+00
-1.525 -0.625 0.0000e+00
-1.525 -0.575 0.0000e+00
-1.525 -0.525 0.0000e+00
-1.525 -0.475 0.0000e+00
-1.525 -0.425 0.0000e+00
-1.525 -0.375 0.0000e+00
-1.525 -0.325 0.0000e+00
-1.525 -0.275 0.0000e+00
-1.525 -0.225 0.0000e+00
-1.525 -0.175 0.0000e+00
-1.525 -0.125 0.0000e+00
-1.525 -0.075 0.0000e+00
-1.525 -0.025 0.0000e+00
-1.525 0.025 0.0000e+00
-1.525 0.075 0.0000e+00
-1.525 0.125 0.0000e+00
-1.525 0.175 0.0000e+00
-1.525 0.225 0.0000e+00
-1.525 0.275 0.0000e+00
-1.525 0.325 0.0000e+00
-1.525 0.375 0.0000e+00
-1.525 0.425 0.0000e+00
-1.525 0.475 0.0000e+00
-1.525 0.525 0.0000e+00
-1.525 0.575 0.0000e+00
-1.525 0.625 0.0000e+00
-1.525 0.675 3.9315e-06
-1.525 0.725 7.6854e-06
-1.525 0.775 1.4866e-05
-1.525 0.825 2.8345e-05
-1.525 0.875 5.3017e-05
-1.525 0.925 9.6744e-05
-1.525 0.975 1.7117e-04
-1.525 1.025 2.9173e-04
-1.525 1.075 4.7594e-04
-1.525 1.125 7.3889e-04
-1.525 1.175 1.0864e-03
-1.525 1.225 1.5076e-03
-1.525 1.275 1.9714e-03
-1.525 1.325 2.4295e-03
-1.525 1.375 2.8271e-03
-1.525 1.425 3.1166e-03
-1.525 1.475 3.2691e-03
-1.525 1.525 3.2795e-03
-1.525 1.575 3.1632e-03
-1.525 1.625 2.9491e-03
-1.525 1.675 2.6711e-03
-1.525 1.725 2.3611e-03
-1.525 1.775 2.0452e-03
-1.525 1.825 1.7423e-03
-1.525 1.875 1.4641e-03
-1.525 1.925 1.2166e-03
-1.525 1.975 1.0020e-03
-1.525 2.025 8.1917e-04
-1.525 2.075 6.6582e-04
-1.525 2.125 5.3864e-04
-1.525 2.175 4.3411e-04
-1.525 2.225 3.4882e-04
-1.525 2.275 2.7961e-04
-1.525 2.325 2.2370e-04
-1.525 2.375 1.7869e-04
-1.525 2.425 1.4257e-04
-1.525 2.475 1.1363e-04
-1.525 2.525 9.0496e-05
-1.525 2.575 7.2024e-05
-1.525 2.625 5.7293e-05
-1.525 2.675 4.5555e-05
-1.525 2.725 3.6209e-05
-1.525 2.775 2.8771e-05
-1.525 2.825 2.2855e-05
-1.525 2.875 1.8151e-05
-1.525 2.925 1.4413e-05
-1.525 2.975 1.1441e-05
-1.525 3.025 9.0807e-06
-1.525 3.075 7.2055e-06
-1.525 3.125 5.7163e-06
-1.525 3.175 4.5336e-06
-1.525 3.225 3.5946e-06
-1.525 3.275 2.8491e-06
-1.525 3.325 2.2573e-06
-1.525 3.375 1.7875e-06
-1.525 3.425 1.4146e-06
-1.525 3.475 1.1186e-06
-1.525 3.525 8.8367e-07
-1.525 3.575 6.9706e-07
-1.525 3.625 5.4873e-07
-1.525 3.675 4.3056e-07
-1.525 3.725 3.3588e-07
-1.525 3.775 0.0000e+00
-1.525 3.825 0.0000e+00
-1.525 3.875 0.0000e+00
-1.525 3.925 0.0000e+00
-1.525 3.975 0.0000e+00
-1.475 -1.975 0.0000e+00
-1.475 -1.925 0.0000e+00
-1.475 -1.875 0.0000e+00
-1.475 -1.825 0.0000e+00
-1.475 -1.775 0.0000e+00
-1.475 -1.725 0.0000e+00
-1.475 -1.675 0.0000e+00
-1.475 -1.625 0.0000e+00
-1.475 -1.575 0.0000e+00
-1.475 -1.525 0.0000e+00
-1.475 -1.475 0.0000e+00
-1.475 -1.425 0.0000e+00
-1.475 -1.375 0.0000e+00
-1.475 -1.325 0.0000e+00
-1.475 -1.275 0.0000e+00
-1.475 -1.225 0.0000e+00
-1.475 -1.175 0.0000e+00
-1.475 -1.125 0.0000e+00
-1.475 -1.075 0.0000e+00
-1.475 -1.025 0.0000e+00
-1.475 -0.975 0.0000e+00
-1.475 -0.925 0.0000e+00
-1.475 -0.875 0.0000e+00
-1.475 -0.825 0.0000e+00
-1.475 -0.775 0.0000e+00
-1.475 -0.725 0.0000e+00
-1.475 -0.675 0.0000e+00
-1.475 -0.625 0.0000e+00
-1.475 -0.575 0.0000e+00
-1.475 -0.525 0.0000e+00
-1.475 -0.475 0.0000e+00
-1.475 -0.425 0.0000e+00
-1.475 -0.375 0.0000e+00
-1.475 -0.325 0.0000e+00
-1.475 -0.275 0.0000e+00
-1.475 -0.225 0.0000e+00
-1.475 -0.175 0.0000e+00
-1.475 -0.125 0.0000e+00
-1.475 -0.075 0.0000e+00
-1.475 -0.025 0.0000e+00
-1.475 0.025 0.0000e+00
-1.475 0.075 0.0000e+00
-1.475 0.125 0.0000e+00
-1.475 0.175 0.0000e+00
-1.475 0.225 0.0000e+00
-1.475 0.275 0.0000e+00
-1.475 0.325 0.0000e+00
-1.475 0.375 0.0000e+00
-1.475 0.425 0.0000e+00
-1.475 0.475 0.0000e+00
-1.475 0.525 0.0000e+00
-1.475 0.575 0.0000e+00
-1.475 0.625 0.0000e+00
-1.475 0.675 4.8474e-06
-1.475 0.725 9.3763e-06
-1.475 0.775 1.7877e-05
-1.475 0.825 3.3437e-05
-1.475 0.875 6.1013e-05
-1.475 0.925 1.0795e-04
-1.475 0.975 1.8398e-04
-1.475 1.025 3.0015e-04
-1.475 1.075 4.6597e-04
-1.475 1.125 6.8510e-04
-1.475 1.175 9.5075e-04
-1.475 1.225 1.2433e-03
-1.475 1.275 1.5323e-03
-1.475 1.325 1.7831e-03
-1.475 1.375 1.9658e-03
-1.475 1.425 2.0621e-03
-1.475 1.475 2.0687e-03
-1.475 1.525 1.9954e-03
-1.475 1.575 1.8605e-03
-1.475 1.625 1.6852e-03
-1.475 1.675 1.4897e-03
-1.475 1.725 1.2905e-03
-1.475 1.775 1.0994e-03
-1.475 1.825 9.2383e-04
-1.475 1.875 7.6773e-04
-1.475 1.925 6.3228e-04
-1.475 1.975 5.1695e-04
-1.475 2.025 4.2019e-04
-1.475 2.075 3.3994e-04
-1.475 2.125 2.7398e-04
-1.475 2.175 2.2016e-04
-1.475 2.225 1.7648e-04
-1.475 2.275 1.4120e-04
-1.475 2.325 1.1279e-04
-1.475 2.375 8.9993e-05
-1.475 2.425 7.1731e-05
-1.475 2.475 5.7129e-05
-1.475 2.525 4.5471e-05
-1.475 2.575 3.6172e-05
-1.475 2.625 2.8763e-05
-1.475 2.675 2.2863e-05
-1.475 2.725 1.8168e-05
-1.475 2.775 1.4434e-05
-1.475 2.825 1.1464e-05
-1.475 2.875 9.1037e-06
-1.475 2.925 7.2278e-06
-1.475 2.975 5.7373e-06
-1.475 3.025 4.5533e-06
-1.475 3.075 3.6129e-06
-1.475 3.125 2.8661e-06
-1.475 3.175 2.2730e-06
-1.475 3.225 1.8022e-06
-1.475 3.275 1.4284e-06
-1.475 3.325 1.1317e-06
-1.475 3.375 8.9615e-07
-1.475 3.425 7.0920e-07
-1.475 3.475 5.6082e-07
-1.475 3.525 4.4302e-07
-1.475 3.575 3.4946e-07
-1.475 3.625 2.7509e-07
-1.475 3.675 2.1585e-07
-1.475 3.725 1.6839e-07
-1.475 3.775 0.0000e+00
-1.475 3.825 0.0000e+00
-1.475 3.875 0.0000e+00
-1.475 3.925 0.0000e+00
-1.475 3.975 0.0000e+00
-1.425 -1.975 0.0000e+00
-1.425 -1.925 0.0000e+00
-1.425 -1.875 0.0000e+00
-1.425 -1.825 0.0000e+00
-1.425 -1.775 0.0000e+00
-1.425 -1.725 0.0000e+00
-1.425 -1.675 0.0000e+00
-1.425 -1.625 0.0000e+00
-1.425 -1.575 0.0000e+00
-1.425 -1.525 0.0000e+00
-1.425 -1.475 0.0000e+00
-1.425 -1.425 0.0000e+00
-1.425 -1.375 0.0000e+00
-1.425 -1.325 0.0000e+00
-1.425 -1.275 0.0000e+00
-1.425 -1.225 0.0000e+00
-1.425 -1.175 0.0000e+00
-1.425 -1.125 0.0000e+00
-1.425 -1.075 0.0000e+00
-1.425 -1.025 0.0000e+00
-1.425 -0.975 0.0000e+00
-1.425 -0.925 0.0000e+00
-1.425 -0.875 0.0000e+00
-1.425 -0.825 0.0000e+00
-1.425 -0.775 0.0000e+00
-1.425 -0.725 0.0000e+00
-1.425 -0.675 0.0000e+00
-1.425 -0.625 0.0000e+00
-1.425 -0.575 0.0000e+00
-1.425 -0.525 0.0000e+00
-1.425 -0.475 0.0000e+00
-1.425 -0.425 0.0000e+00
-1.425 -0.375 0.0000e+00
-1.425 -0.325 0.0000e+00
-1.425 -0.275 0.0000e+00
-1.425 -0.225 0.0000e+00
-1.425 -0.175 0.0000e+00
-1.425 -0.125 0.0000e+00
-1.425 -0.075 0.0000e+00
-1.425 -0.025 0.0000e+00
-1.425 0.025 0.0000e+00
-1.425 0.075 0.0000e+00
-1.425 0.125 0.0000e+00
-1.425 0.175 0.0000e+00
-1.425 0.225 0.0000e+00
-1.425 0.275 0.0000e+00
-1.425 0.325 0.0000e+00
-1.425 0.375 0.0000e+00
-1.425 0.425 0.0000e+00
-1.425 0.475 0.0000e+00
-1.425 0.525 0.0000e+00
-1.425 0.575 0.0000e+00
-1.425 0.625 0.0000e+00
-1.425 0.675 5.9140e-06
-1.425 0.725 1.1275e-05
-1.425 0.775 2.1089e-05
-1.425 0.825 3.8481e-05
-1.425 0.875 6.8080e-05
-1.425 0.925 1.1603e-04
-1.425 0.975 1.8929e-04
-1.425 1.025 2.9388e-04
-1.425 1.075 4.3209e-04
-1.425 1.125 5.9964e-04
-1.425 1.175 7.8417e-04
-1.425 1.225 9.6647e-04
-1.425 1.275 1.1247e-03
-1.425 1.325 1.2400e-03
-1.425 1.375 1.3008e-03
-1.425 1.425 1.3051e-03
-1.425 1.475 1.2589e-03
-1.425 1.525 1.1738e-03
-1.425 1.575 1.0633e-03
-1.425 1.625 9.3995e-04
-1.425 1.675 8.1428e-04
-1.425 1.725 6.9373e-04
-1.425 1.775 5.8299e-04
-1.425 1.825 4.8450e-04
-1.425 1.875 3.9903e-04
-1.425 1.925 3.2626e-04
-1.425 1.975 2.6520e-04
-1.425 2.025 2.1455e-04
-1.425 2.075 1.7293e-04
-1.425 2.125 1.3896e-04
-1.425 2.175 1.1140e-04
-1.425 2.225 8.9128e-05
-1.425 2.275 7.1201e-05
-1.425 2.325 5.6810e-05
-1.425 2.375 4.5283e-05
-1.425 2.425 3.6067e-05
-1.425 2.475 2.8707e-05
-1.425 2.525 2.2838e-05
-1.425 2.575 1.8161e-05
-1.425 2.625 1.4437e-05
-1.425 2.675 1.1473e-05
-1.425 2.725 9.1153e-06
-1.425 2.775 7.2405e-06
-1.425 2.825 5.7502e-06
-1.425 2.875 4.5658e-06
-1.425 2.925 3.6247e-06
-1.425 2.975 2.8771e-06
-1.425 3.025 2.2832e-06
-1.425 3.075 1.8116e-06
-1.425 3.125 1.4371e-06
-1.425 3.175 1.1397e-06
-1.425 3.225 9.0361e-07
-1.425 3.275 7.1618e-07
-1.425 3.325 5.6740e-07
-1.425 3.375 4.4931e-07
-1.425 3.425 3.5557e-07
-1.425 3.475 2.8118e-07
-1.425 3.525 2.2211e-07
-1.425 3.575 1.7521e-07
-1.425 3.625 1.3792e-07
-1.425 3.675 1.0822e-07
-1.425 3.725 8.4424e-08
-1.425 3.775 0.0000e+00
-1.425 3.825 0.0000e+00
-1.425 3.875 0.0000e+00
-1.425 3.925 0.0000e+00
-1.425 3.975 0.0000e+00
-1.375 -1.975 0.0000e+00
-1.375 -1.925 0.0000e+00
-1.375 -1.875 0.0000e+00
-1.375 -1.825 0.0000e+00
-1.375 -1.775 0.0000e+00
-1.375 -1.725 0.0000e+00
-1.375 -1.675 0.0000e+00
-1.375 -1.625 0.0000e+00
-1.375 -1.575 0.0000e+00
-1.375 -1.525 0.0000e+00
-1.375 -1.475 0.0000e+00
-1.375 -1.425 0.0000e+00
-1.375 -1.375 0.0000e+00
-1.375 -1.325 0.0000e+00
-1.375 -1.275 0.0000e+00
-1.375 -1.225 0.0000e+00
-1.375 -1.175 0.0000e+00
-1.375 -1.125 0.0000e+00
-1.375 -1.075 0.0000e+00
-1.375 -1.025 0.0000e+00
-1.375 -0.975 0.0000e+00
-1.375 -0.925 0.0000e+00
-1.375 -0.875 0.0000e+00
-1.375 -0.825 0.0000e+00
-1.375 -0.775 0.0000e+00
-1.375 -0.725 0.0000e+00
-1.375 -0.675 0.0000e+00
-1.375 -0.625 0.0000e+00
-1.375 -0.575 0.0000e+00
-1.375 -0.525 0.0000e+00
-1.375 -0.475 0.0000e+00
-1.375 -0.425 0.0000e+00
-1.375 -0.375 0.0000e+00
-1.375 -0.325 0.0000e+00
-1.375 -0.275 0.0000e+00
-1.375 -0.225 0.0000e+00
-1.375 -0.175 0.0000e+00
-1.375 -0.125 0.0000e+00
-1.375 -0.075 0.0000e+00
-1.375 -0.025 0.0000e+00
-1.375 0.025 0.0000e+00
-1.375 0.075 0.0000e+00
-1.375 0.125 0.0000e+00
-1.375 0.175 0.0000e+00
-1.375 0.225 0.0000e+00
-1.375 0.275 0.0000e+00
-1.375 0.325 0.0000e+00
-1.375 0.375 0.0000e+00
-1.375 0.425 0.0000e+00
-1.375 0.475 0.0000e+00
-1.375 0.525 0.0000e+00
-1.375 0.575 0.0000e+00
-1.375 0.625 0.0000e+00
-1.375 0.675 7.1118e-06
-1.375 0.725 1.3301e-05
-1.375 0.775 2.4271e-05
-1.375 0.825 4.2939e-05
-1.375 0.875 7.3183e-05
-1.375 0.925 1.1939e-04
-1.375 0.975 1.8536e-04
-1.375 1.025 2.7253e-04
-1.375 1.075 3.7823e-04
-1.375 1.125 4.9463e-04
-1.375 1.175 6.0966e-04
-1.375 1.225 7.0952e-04
-1.375 1.275 7.8227e-04
-1.375 1.325 8.2068e-04
-1.375 1.375 8.2340e-04
-1.375 1.425 7.9432e-04
-1.375 1.475 7.4067e-04
-1.375 1.525 6.7094e-04
-1.375 1.575 5.9315e-04
-1.375 1.625 5.1387e-04
-1.375 1.675 4.3781e-04
-1.375 1.725 3.6793e-04
-1.375 1.775 3.0578e-04
-1.375 1.825 2.5185e-04
-1.375 1.875 2.0593e-04
-1.375 1.925 1.6739e-04
-1.375 1.975 1.3543e-04
-1.375 2.025 1.0916e-04
-1.375 2.075 8.7718e-05
-1.375 2.125 7.0320e-05
-1.375 2.175 5.6264e-05
-1.375 2.225 4.4949e-05
-1.375 2.275 3.5865e-05
-1.375 2.325 2.8589e-05
-1.375 2.375 2.2771e-05
-1.375 2.425 1.8125e-05
-1.375 2.475 1.4420e-05
-1.375 2.525 1.1467e-05
-1.375 2.575 9.1163e-06
-1.375 2.625 7.2451e-06
-1.375 2.675 5.7566e-06
-1.375 2.725 4.5730e-06
-1.375 2.775 3.6320e-06
-1.375 2.825 2.8842e-06
-1.375 2.875 2.2899e-06
-1.375 2.925 1.8178e-06
-1.375 2.975 1.4428e-06
-1.375 3.025 1.1450e-06
-1.375 3.075 9.0844e-07
-1.375 3.125 7.2061e-07
-1.375 3.175 5.7149e-07
-1.375 3.225 4.5309e-07
-1.375 3.275 3.5911e-07
-1.375 3.325 2.8450e-07
-1.375 3.375 2.2529e-07
-1.375 3.425 1.7829e-07
-1.375 3.475 1.4098e-07
-1.375 3.525 1.1137e-07
-1.375 3.575 8.7851e-08
-1.375 3.625 6.9155e-08
-1.375 3.675 5.4262e-08
-1.375 3.725 4.2331e-08
-1.375 3.775 0.0000e+00
-1.375 3.825 0.0000e+00
-1.375 3.875 0.0000e+00
-1.375 3.925 0.0000e+00
-1.375 3.975 0.0000e+00
-1.325 -1.975 0.0000e+00
-1.325 -1.925 0.0000e+00
-1.325 -1.875 0.0000e+00
-1.325 -1.825 0.0000e+00
-1.325 -1.775 0.0000e+00
-1.325 -1.725 0.0000e+00
-1.325 -1.675 0.0000e+00
-1.325 -1.625 0.0000e+00
-1.325 -1.575 0.0000e+00
-1.325 -1.525 0.0000e+00
-1.325 -1.475 0.0000e+00
-1.325 -1.425 0.0000e+00
-1.325 -1.375 0.0000e+00
-1.325 -1.325 0.0000e+00
-1.325 -1.275 0.0000e+00
-1.325 -1.225 0.0000e+00
-1.325 -1.175 0.0000e+00
-1.325 -1.125 0.0000e+00
-1.325 -1.075 0.0000e+00
-1.325 -1.025 0.0000e+00
-1.325 -0.975 0.0000e+00
-1.325 -0.925 0.0000e+00
-1.325 -0.875 0.0000e+00
-1.325 -0.825 0.0000e+00
-1.325 -0.775 0.0000e+00
-1.325 -0.725 0.0000e+00
-1.325 -0.675 0.0000e+00
-1.325 -0.625 0.0000e+00
-1.325 -0.575 0.0000e+00
-1.325 -0.525 0.0000e+00
-1.325 -0.475 0.0000e+00
-1.325 -0.425 0.0000e+00
-1.325 -0.375 0.0000e+00
-1.325 -0.325 0.0000e+00
-1.325 -0.275 0.0000e+00
-1.325 -0.225 0.0000e+00
-1.325 -0.175 0.0000e+00
-1.325 -0.125 0.0000e+00
-1.325 -0.075 0.0000e+00
-1.325 -0.025 0.0000e+00
-1.325 0.025 0.0000e+00
-1.325 0.075 0.0000e+00
-1.325 0.125 0.0000e+00
-1.325 0.175 0.0000e+00
-1.325 0.225 0.0000e+00
-1.325 0.275 0.0000e+00
-1.325 0.325 0.0000e+00
-1.325 0.375 0.0000e+00
-1.325 0.425 0.0000e+00
-1.325 0.475 0.0000e+00
-1.325 0.525 0.0000e+00
-1.325 0.575 0.0000e+00
-1.325 0.625 0.0000e+00
-1.325 0.675 8.3899e-06
-1.325 0.725 1.5309e-05
-1.325 0.775 2.7084e-05
-1.325 0.825 4.6160e-05
-1.325 0.875 7.5307e-05
-1.325 0.925 1.1692e-04
-1.325 0.975 1.7191e-04
-1.325 1.025 2.3859e-04
-1.325 1.075 3.1203e-04
-1.325 1.125 3.8461e-04
-1.325 1.175 4.4764e-04
-1.325 1.225 4.9356e-04
-1.325 1.275 5.1782e-04
-1.325 1.325 5.1957e-04
-1.325 1.375 5.0124e-04
-1.325 1.425 4.6741e-04
-1.325 1.475 4.2342e-04
-1.325 1.525 3.7435e-04
-1.325 1.575 3.2433e-04
-1.325 1.625 2.7633e-04
-1.325 1.675 2.3224e-04
-1.325 1.725 1.9301e-04
-1.325 1.775 1.5898e-04
-1.325 1.825 1.2999e-04
-1.325 1.875 1.0567e-04
-1.325 1.925 8.5493e-05
-1.325 1.975 6.8911e-05
-1.325 2.025 5.5377e-05
-1.325 2.075 4.4395e-05
-1.325 2.125 3.5522e-05
-1.325 2.175 2.8379e-05
-1.325 2.225 2.2644e-05
-1.325 2.275 1.8051e-05
-1.325 2.325 1.4378e-05
-1.325 2.375 1.1445e-05
-1.325 2.425 9.1056e-06
-1.325 2.475 7.2415e-06
-1.325 2.525 5.7570e-06
-1.325 2.575 4.5756e-06
-1.325 2.625 3.6357e-06
-1.325 2.675 2.8883e-06
-1.325 2.725 2.2942e-06
-1.325 2.775 1.8219e-06
-1.325 2.825 1.4467e-06
-1.325 2.875 1.1485e-06
-1.325 2.925 9.1172e-07
-1.325 2.975 7.2361e-07
-1.325 3.025 5.7421e-07
-1.325 3.075 4.5558e-07
-1.325 3.125 3.6138e-07
-1.325 3.175 2.8659e-07
-1.325 3.225 2.2722e-07
-1.325 3.275 1.8008e-07
-1.325 3.325 1.4267e-07
-1.325 3.375 1.1298e-07
-1.325 3.425 8.9406e-08
-1.325 3.475 7.0699e-08
-1.325 3.525 5.5848e-08
-1.325 3.575 4.4054e-08
-1.325 3.625 3.4679e-08
-1.325 3.675 2.7210e-08
-1.325 3.725 2.1227e-08
-1.325 3.775 0.0000e+00
-1.325 3.825 0.0000e+00
-1.325 3.875 0.0000e+00
-1.325 3.925 0.0000e+00
-1.325 3.975 0.0000e+00
-1.275 -1.975 0.0000e+00
-1.275 -1.925 0.0000e+00
-1.275 -1.875 0.0000e+00
-1.275 -1.825 0.0000e+00
-1.275 -1.775 0.0000e+00
-1.275 -1.725 0.0000e+00
-1.275 -1.675 0.0000e+00
-1.275 -1.625 0.0000e+00
-1.275 -1.575 0.0000e+00
-1.275 -1.525 0.0000e+00
-1.275 -1.475 0.0000e+00
-1.275 -1.425 0.0000e+00
-1.275 -1.375 0.0000e+00
-1.275 -1.325 0.0000e+00
-1.275 -1.275 0.0000e+00
-1.275 -1.225 0.0000e+00
-1.275 -1.175 0.0000e+00
-1.275 -1.125 0.0000e+00
-1.275 -1.075 0.0000e+00
-1.275 -1.025 0.0000e+00
-1.275 -0.975 0.0000e+00
-1.275 -0.925 0.0000e+00
-1.275 -0.875 0.0000e+00
-1.275 -0.825 0.0000e+00
-1.275 -0.775 0.0000e+00
-1.275 -0.725 0.0000e+00
-1.275 -0.675 0.0000e+00
-1.275 -0.625 0.0000e+00
-1.275 -0.575 0.0000e+00
-1.275 -0.525 0.0000e+00
-1.275 -0.475 0.0000e+00
-1.275 -0.425 0.0000e+00
-1.275 -0.375 0.0000e+00
-1.275 -0.325 0.0000e+00
-1.275 -0.275 0.0000e+00
-1.275 -0.225 0.0000e+00
-1.275 -0.175 0.0000e+00
-1.275 -0.125 0.0000e+00
-1.275 -0.075 0.0000e+00
-1.275 -0.025 0.0000e+00
-1.275 0.025 0.0000e+00
-1.275 0.075 0.0000e+00
-1.275 0.125 0.0000e+00
-1.275 0.175 0.0000e+00
-1.275 0.225 0.0000e+00
-1.275 0.275 0.0000e+00
-1.275 0.325 0.0000e+00
-1.275 0.375 0.0000e+00
-1.275 0.425 0.0000e+00
-1.275 0.475 0.0000e+00
-1.275 0.525 0.0000e+00
-1.275 0.575 0.0000e+00
-1.275 0.625 0.0000e+00
-1.275 0.675 9.6561e-06
-1.275 0.725 1.7084e-05
-1.275 0.775 2.9117e-05
-1.275 0.825 4.7503e-05
-1.275 0.875 7.3753e-05
-1.275 0.925 1.0845e-04
-1.275 0.975 1.5052e-04
-1.275 1.025 1.9686e-04
-1.275 1.075 2.4267e-04
-1.275 1.125 2.8245e-04
-1.275 1.175 3.1145e-04
-1.275 1.225 3.2678e-04
-1.275 1.275 3.2790e-04
-1.275 1.325 3.1635e-04
-1.275 1.375 2.9501e-04
-1.275 1.425 2.6726e-04
-1.275 1.475 2.3630e-04
-1.275 1.525 2.0473e-04
-1.275 1.575 1.7444e-04
-1.275 1.625 1.4661e-04
-1.275 1.675 1.2185e-04
-1.275 1.725 1.0036e-04
-1.275 1.775 8.2067e-05
-1.275 1.825 6.6713e-05
-1.275 1.875 5.3978e-05
-1.275 1.925 4.3509e-05
-1.275 1.975 3.4965e-05
-1.275 2.025 2.8031e-05
-1.275 2.075 2.2429e-05
-1.275 2.125 1.7919e-05
-1.275 2.175 1.4299e-05
-1.275 2.225 1.1398e-05
-1.275 2.275 9.0793e-06
-1.275 2.325 7.2274e-06
-1.275 2.375 5.7504e-06
-1.275 2.425 4.5733e-06
-1.275 2.475 3.6359e-06
-1.275 2.525 2.8899e-06
-1.275 2.575 2.2964e-06
-1.275 2.625 1.8244e-06
-1.275 2.675 1.4492e-06
-1.275 2.725 1.1510e-06
-1.275 2.775 9.1400e-07
-1.275 2.825 7.2571e-07
-1.275 2.875 5.7613e-07
-1.275 2.925 4.5731e-07
-1.275 2.975 3.6295e-07
-1.275 3.025 2.8801e-07
-1.275 3.075 2.2850e-07
-1.275 3.125 1.8125e-07
-1.275 3.175 1.4374e-07
-1.275 3.225 1.1396e-07
-1.275 3.275 9.0319e-08
-1.275 3.325 7.1555e-08
-1.275 3.375 5.6661e-08
-1.275 3.425 4.4840e-08
-1.275 3.475 3.5458e-08
-1.275 3.525 2.8009e-08
-1.275 3.575 2.2094e-08
-1.275 3.625 1.7392e-08
-1.275 3.675 1.3647e-08
-1.275 3.725 1.0646e-08
-1.275 3.775 0.0000e+00
-1.275 3.825 0.0000e+00
-1.275 3.875 0.0000e+00
-1.275 3.925 0.0000e+00
-1.275 3.975 0.0000e+00
-1.225 -1.975 0.0000e+00
-1.225 -1.925 0.0000e+00
-1.225 -1.875 0.0000e+00
-1.225 -1.825 0.0000e+00
-1.225 -1.775 0.0000e+00
-1.225 -1.725 0.0000e+00
-1.225 -1.675 0.0000e+00
-1.225 -1.625 0.0000e+00
-1.225 -1.575 0.0000e+00
-1.225 -1.525 0.0000e+00
-1.225 -1.475 0.0000e+00
-1.225 -1.425 0.0000e+00
-1.225 -1.375 0.0000e+00
-1.225 -1.325 0.0000e+00
-1.225 -1.275 0.0000e+00
-1.225 -1.225 0.0000e+00
-1.225 -1.175 0.0000e+00
-1.225 -1.125 0.0000e+00
-1.225 -1.075 0.0000e+00
-1.225 -1.025 0.0000e+00
-1.225 -0.975 0.0000e+00
-1.225 -0.925 0.0000e+00
-1.225 -0.875 0.0000e+00
-1.225 -0.825 0.0000e+00
-1.225 -0.775 0.0000e+00
-1.225 -0.725 0.0000e+00
-1.225 -0.675 0.0000e+00
-1.225 -0.625 0.0000e+00
-1.225 -0.575 0.0000e+00
-1.225 -0.525 0.0000e+00
-1.225 -0.475 0.0000e+00
-1.225 -0.425 0.0000e+00
-1.225 -0.375 0.0000e+00
-1.225 -0.325 0.0000e+00
-1.225 -0.275 0.0000e+00
-1.225 -0.225 0.0000e+00
-1.225 -0.175 0.0000e+00
-1.225 -0.125 0.0000e+00
-1.225 -0.075 0.0000e+00
-1.225 -0.025 0.0000e+00
-1.225 0.025 0.0000e+00
-1.225 0.075 0.0000e+00
-1.225 0.125 0.0000e+00
-1.225 0.175 0.0000e+00
-1.225 0.225 0.0000e+00
-1.225 0.275 0.0000e+00
-1.225 0.325 0.0000e+00
-1.225 0.375 0.0000e+00
-1.225 0.425 0.0000e+00
-1.225 0.475 0.0000e+00
-1.225 0.525 0.0000e+00
-1.225 0.575 0.0000e+00
-1.225 0.625 0.0000e+00
-1.225 0.675 1.0776e-05
-1.225 0.725 1.8367e-05
-1.225 0.775 2.9967e-05
-1.225 0.825 4.6528e-05
-1.225 0.875 6.8419e-05
-1.225 0.925 9.4967e-05
-1.225 0.975 1.2422e-04
-1.225 1.025 1.5313e-04
-1.225 1.075 1.7824e-04
-1.225 1.125 1.9656e-04
-1.225 1.175 2.0624e-04
-1.225 1.225 2.0696e-04
-1.225 1.275 1.9969e-04
-1.225 1.325 1.8623e-04
-1.225 1.375 1.6872e-04
-1.225 1.425 1.4918e-04
-1.225 1.475 1.2926e-04
-1.225 1.525 1.1013e-04
-1.225 1.575 9.2567e-05
-1.225 1.625 7.6938e-05
-1.225 1.675 6.3373e-05
-1.225 1.725 5.1821e-05
-1.225 1.775 4.2127e-05
-1.225 1.825 3.4085e-05
-1.225 1.875 2.7475e-05
-1.225 1.925 2.2080e-05
-1.225 1.975 1.7702e-05
-1.225 2.025 1.4165e-05
-1.225 2.075 1.1317e-05
-1.225 2.125 9.0304e-06
-1.225 2.175 7.1989e-06
-1.225 2.225 5.7343e-06
-1.225 2.275 4.5648e-06
-1.225 2.325 3.6320e-06
-1.225 2.375 2.8887e-06
-1.225 2.425 2.2967e-06
-1.225 2.475 1.8255e-06
-1.225 2.525 1.4507e-06
-1.225 2.575 1.1526e-06
-1.225 2.625 9.1557e-07
-1.225 2.675 7.2721e-07
-1.225 2.725 5.7751e-07
-1.225 2.775 4.5858e-07
-1.225 2.825 3.6409e-07
-1.225 2.875 2.8903e-07
-1.225 2.925 2.2942e-07
-1.225 2.975 1.8208e-07
-1.225 3.025 1.4448e-07
-1.225 3.075 1.1463e-07
-1.225 3.125 9.0922e-08
-1.225 3.175 7.2104e-08
-1.225 3.225 5.7165e-08
-1.225 3.275 4.5306e-08
-1.225 3.325 3.5893e-08
-1.225 3.375 2.8422e-08
-1.225 3.425 2.2493e-08
-1.225 3.475 1.7786e-08
-1.225 3.525 1.4050e-08
-1.225 3.575 1.1083e-08
-1.225 3.625 8.7243e-09
-1.225 3.675 6.8455e-09
-1.225 3.725 0.0000e+00
-1.225 3.775 0.0000e+00
-1.225 3.825 0.0000e+00
-1.225 3.875 0.0000e+00
-1.225 3.925 0.0000e+00
-1.225 3.975 0.0000e+00
-1.175 -1.975 0.0000e+00
-1.175 -1.925 0.0000e+00
-1.175 -1.875 0.0000e+00
-1.175 -1.825 0.0000e+00
-1.175 -1.775 0.0000e+00
-1.175 -1.725 0.0000e+00
-1.175 -1.675 0.0000e+00
-1.175 -1.625 0.0000e+00
-1.175 -1.575 0.0000e+00
-1.175 -1.525 0.0000e+00
-1.175 -1.475 0.0000e+00
-1.175 -1.425 0.0000e+00
-1.175 -1.375 0.0000e+00
-1.175 -1.325 0.0000e+00
-1.175 -1.275 0.0000e+00
-1.175 -1.225 0.0000e+00
-1.175 -1.175 0.0000e+00
-1.175 -1.125 0.0000e+00
-1.175 -1.075 0.0000e+00
-1.175 -1.025 0.0000e+00
-1.175 -0.975 0.0000e+00
-1.175 -0.925 0.0000e+00
-1.175 -0.875 0.0000e+00
-1.175 -0.825 0.0000e+00
-1.175 -0.775 0.0000e+00
-1.175 -0.725 0.0000e+00
-1.175 -0.675 0.0000e+00
-1.175 -0.625 0.0000e+00
-1.175 -0.575 0.0000e+00
-1.175 -0.525 0.0000e+00
-1.175 -0.475 0.0000e+00
-1.175 -0.425 0.0000e+00
-1.175 -0.375 0.0000e+00
-1.175 -0.325 0.0000e+00
-1.175 -0.275 0.0000e+00
-1.175 -0.225 0.0000e+00
-1.175 -0.175 0.0000e+00
-1.175 -0.125 0.0000e+00
-1.175 -0.075 0.0000e+00
-1.175 -0.025 0.0000e+00
-1.175 0.025 0.0000e+00
-1.175 0.075 0.0000e+00
-1.175 0.125 0.0000e+00
-1.175 0.175 0.0000e+00
-1.175 0.225 0.0000e+00
-1.175 0.275 0.0000e+00
-1.175 0.325 0.0000e+00
-1.175 0.375 0.0000e+00
-1.175 0.425 0.0000e+00
-1.175 0.475 0.0000e+00
-1.175 0.525 0.0000e+00
-1.175 0.575 0.0000e+00
-1.175 0.625 0.0000e+00
-1.175 0.675 1.1587e-05
-1.175 0.725 1.8905e-05
-1.175 0.775 2.9355e-05
-1.175 0.825 4.3170e-05
-1.175 0.875 5.9925e-05
-1.175 0.925 7.8387e-05
-1.175 0.975 9.6640e-05
-1.175 1.025 1.1250e-04
-1.175 1.075 1.2407e-04
-1.175 1.125 1.3019e-04
-1.175 1.175 1.3066e-04
-1.175 1.225 1.2607e-04
-1.175 1.275 1.1758e-04
-1.175 1.325 1.0653e-04
-1.175 1.375 9.4201e-05
-1.175 1.425 8.1623e-05
-1.175 1.475 6.9551e-05
-1.175 1.525 5.8459e-05
-1.175 1.575 4.8590e-05
-1.175 1.625 4.0025e-05
-1.175 1.675 3.2729e-05
-1.175 1.725 2.6607e-05
-1.175 1.775 2.1529e-05
-1.175 1.825 1.7354e-05
-1.175 1.875 1.3947e-05
-1.175 1.925 1.1181e-05
-1.175 1.975 8.9473e-06
-1.175 2.025 7.1485e-06
-1.175 2.075 5.7043e-06
-1.175 2.125 4.5475e-06
-1.175 2.175 3.6224e-06
-1.175 2.225 2.8837e-06
-1.175 2.275 2.2945e-06
-1.175 2.325 1.8249e-06
-1.175 2.375 1.4510e-06
-1.175 2.425 1.1533e-06
-1.175 2.475 9.1656e-07
-1.175 2.525 7.2825e-07
-1.175 2.575 5.7853e-07
-1.175 2.625 4.5953e-07
-1.175 2.675 3.6496e-07
-1.175 2.725 2.8982e-07
-1.175 2.775 2.3012e-07
-1.175 2.825 1.8270e-07
-1.175 2.875 1.4503e-07
-1.175 2.925 1.1512e-07
-1.175 2.975 9.1358e-08
-1.175 3.025 7.2492e-08
-1.175 3.075 5.7513e-08
-1.175 3.125 4.5620e-08
-1.175 3.175 3.6177e-08
-1.175 3.225 2.8682e-08
-1.175 3.275 2.2732e-08
-1.175 3.325 1.8009e-08
-1.175 3.375 1.4260e-08
-1.175 3.425 1.1285e-08
-1.175 3.475 8.9239e-09
-1.175 3.525 7.0493e-09
-1.175 3.575 5.5606e-09
-1.175 3.625 4.3772e-09
-1.175 3.675 3.4346e-09
-1.175 3.725 0.0000e+00
-1.175 3.775 0.0000e+00
-1.175 3.825 0.0000e+00
-1.175 3.875 0.0000e+00
-1.175 3.925 0.0000e+00
-1.175 3.975 0.0000e+00
-1.125 -1.975 0.0000e+00
-1.125 -1.925 0.0000e+00
-1.125 -1.875 0.0000e+00
-1.125 -1.825 0.0000e+00
-1.125 -1.775 0.0000e+00
-1.125 -1.725 0.0000e+00
-1.125 -1.675 0.0000e+00
-1.125 -1.625 0.0000e+00
-1.125 -1.575 0.0000e+00
-1.125 -1.525 0.0000e+00
-1.125 -1.475 0.0000e+00
-1.125 -1.425 0.0000e+00
-1.125 -1.375 0.0000e+00
-1.125 -1.325 0.0000e+00
-1.125 -1.275 0.0000e+00
-1.125 -1.225 0.0000e+00
-1.125 -1.175 0.0000e+00
-1.125 -1.125 0.0000e+00
-1.125 -1.075 0.0000e+00
-1.125 -1.025 0.0000e+00
-1.125 -0.975 0.0000e+00
-1.125 -0.925 0.0000e+00
-1.125 -0.875 0.0000e+00
-1.125 -0.825 0.0000e+00
-1.125 -0.775 0.0000e+00
-1.125 -0.725 0.0000e+00
-1.125 -0.675 0.0000e+00
-1.125 -0.625 0.0000e+00
-1.125 -0.575 0.0000e+00
-1.125 -0.525 0.0000e+00
-1.125 -0.475 0.0000e+00
-1.125 -0.425 0.0000e+00
-1.125 -0.375 0.0000e+00
-1.125 -0.325 0.0000e+00
-1.125 -0.275 0.0000e+00
-1.125 -0.225 0.0000e+00
-1.125 -0.175 0.0000e+00
-1.125 -0.125 0.0000e+00
-1.125 -0.075 0.0000e+00
-1.125 -0.025 0.0000e+00
-1.125 0.025 0.0000e+00
-1.125 0.075 0.0000e+00
-1.125 0.125 0.0000e+00
-1.125 0.175 0.0000e+00
-1.125 0.225 0.0000e+00
-1.125 0.275 0.0000e+00
-1.125 0.325 0.0000e+00
-1.125 0.375 0.0000e+00
-1.125 0.425 0.0000e+00
-1.125 0.475 0.0000e+00
-1.125 0.525 0.0000e+00
-1.125 0.575 0.0000e+00
-1.125 0.625 0.0000e+00
-1.125 0.675 1.1928e-05
-1.125 0.725 1.8522e-05
-1.125 0.775 2.7241e-05
-1.125 0.825 3.7817e-05
-1.125 0.875 4.9474e-05
-1.125 0.925 6.1000e-05
-1.125 0.975 7.1019e-05
-1.125 1.025 7.8329e-05
-1.125 1.075 8.2205e-05
-1.125 1.125 8.2505e-05
-1.125 1.175 7.9616e-05
-1.125 1.225 7.4259e-05
-1.125 1.275 6.7286e-05
-1.125 1.325 5.9499e-05
-1.125 1.375 5.1557e-05
-1.125 1.425 4.3934e-05
-1.125 1.475 3.6928e-05
-1.125 1.525 3.0696e-05
-1.125 1.575 2.5285e-05
-1.125 1.625 2.0677e-05
-1.125 1.675 1.6810e-05
-1.125 1.725 1.3602e-05
-1.125 1.775 1.0964e-05
-1.125 1.825 8.8117e-06
-1.125 1.875 7.0647e-06
-1.125 1.925 5.6532e-06
-1.125 1.975 4.5167e-06
-1.125 2.025 3.6043e-06
-1.125 2.075 2.8734e-06
-1.125 2.125 2.2889e-06
-1.125 2.175 1.8222e-06
-1.125 2.225 1.4499e-06
-1.125 2.275 1.1532e-06
-1.125 2.325 9.1693e-07
-1.125 2.375 7.2886e-07
-1.125 2.425 5.7924e-07
-1.125 2.475 4.6025e-07
-1.125 2.525 3.6565e-07
-1.125 2.575 2.9045e-07
-1.125 2.625 2.3069e-07
-1.125 2.675 1.8320e-07
-1.125 2.725 1.4547e-07
-1.125 2.775 1.1551e-07
-1.125 2.825 9.1700e-08
-1.125 2.875 7.2792e-08
-1.125 2.925 5.7776e-08
-1.125 2.975 4.5852e-08
-1.125 3.025 3.6383e-08
-1.125 3.075 2.8865e-08
-1.125 3.125 2.2895e-08
-1.125 3.175 1.8156e-08
-1.125 3.225 1.4395e-08
-1.125 3.275 1.1408e-08
-1.125 3.325 9.0381e-09
-1.125 3.375 7.1568e-09
-1.125 3.425 5.6637e-09
-1.125 3.475 4.4786e-09
-1.125 3.525 3.5378e-09
-1.125 3.575 2.7907e-09
-1.125 3.625 2.1968e-09
-1.125 3.675 1.7237e-09
-1.125 3.725 0.0000e+00
-1.125 3.775 0.0000e+00
-1.125 3.825 0.0000e+00
-1.125 3.875 0.0000e+00
-1.125 3.925 0.0000e+00
-1.125 3.975 0.0000e+00
-1.075 -1.975 0.0000e+00
-1.075 -1.925 0.0000e+00
-1.075 -1.875 0.0000e+00
-1.075 -1.825 0.0000e+00
-1.075 -1.775 0.0000e+00
-1.075 -1.725 0.0000e+00
-1.075 -1.675 0.0000e+00
-1.075 -1.625 0.0000e+00
-1.075 -1.575 0.0000e+00
-1.075 -1.525 0.0000e+00
-1.075 -1.475 0.0000e+00
-1.075 -1.425 0.0000e+00
-1.075 -1.375 0.0000e+00
-1.075 -1.325 0.0000e+00
-1.075 -1.275 0.0000e+00
-1.075 -1.225 0.0000e+00
-1.075 -1.175 0.0000e+00
-1.075 -1.125 0.0000e+00
-1.075 -1.075 0.0000e+00
-1.075 -1.025 0.0000e+00
-1.075 -0.975 0.0000e+00
-1.075 -0.925 0.0000e+00
-1.075 -0.875 0.0000e+00
-1.075 -0.825 0.0000e+00
-1.075 -0.775 0.0000e+00
-1.075 -0.725 0.0000e+00
-1.075 -0.675 0.0000e+00
-1.075 -0.625 0.0000e+00
-1.075 -0.575 0.0000e+00
-1.075 -0.525 0.0000e+00
-1.075 -0.475 0.0000e+00
-1.075 -0.425 0.0000e+00
-1.075 -0.375 0.0000e+00
-1.075 -0.325 0.0000e+00
-1.075 -0.275 0.0000e+00
-1.075 -0.225 0.0000e+00
-1.075 -0.175 0.0000e+00
-1.075 -0.125 0.0000e+00
-1.075 -0.075 0.0000e+00
-1.075 -0.025 0.0000e+00
-1.075 0.025 0.0000e+00
-1.075 0.075 0.0000e+00
-1.075 0.125 0.0000e+00
-1.075 0.175 0.0000e+00
-1.075 0.225 0.0000e+00
-1.075 0.275 0.0000e+00
-1.075 0.325 0.0000e+00
-1.075 0.375 0.0000e+00
-1.075 0.425 0.0000e+00
-1.075 0.475 0.0000e+00
-1.075 0.525 0.0000e+00
-1.075 0.575 0.0000e+00
-1.075 0.625 0.0000e+00
-1.075 0.675 1.1688e-05
-1.075 0.725 1.7192e-05
-1.075 0.775 2.3869e-05
-1.075 0.825 3.1231e-05
-1.075 0.875 3.8512e-05
-1.075 0.925 4.4842e-05
-1.075 0.975 4.9465e-05
-1.075 1.025 5.1918e-05
-1.075 1.075 5.2113e-05
-1.075 1.125 5.0292e-05
-1.075 1.175 4.6913e-05
-1.075 1.225 4.2510e-05
-1.075 1.275 3.7593e-05
-1.075 1.325 3.2577e-05
-1.075 1.375 2.7762e-05
-1.075 1.425 2.3336e-05
-1.075 1.475 1.9398e-05
-1.075 1.525 1.5979e-05
-1.075 1.575 1.3067e-05
-1.075 1.625 1.0624e-05
-1.075 1.675 8.5962e-06
-1.075 1.725 6.9295e-06
-1.075 1.775 5.5692e-06
-1.075 1.825 4.4651e-06
-1.075 1.875 3.5731e-06
-1.075 1.925 2.8548e-06
-1.075 1.975 2.2782e-06
-1.075 2.025 1.8162e-06
-1.075 2.075 1.4468e-06
-1.075 2.125 1.1518e-06
-1.075 2.175 9.1650e-07
-1.075 2.225 7.2898e-07
-1.075 2.275 5.7963e-07
-1.075 2.325 4.6076e-07
-1.075 2.375 3.6618e-07
-1.075 2.425 2.9097e-07
-1.075 2.475 2.3117e-07
-1.075 2.525 1.8364e-07
-1.075 2.575 1.4586e-07
-1.075 2.625 1.1584e-07
-1.075 2.675 9.1991e-08
-1.075 2.725 7.3044e-08
-1.075 2.775 5.7995e-08
-1.075 2.825 4.6041e-08
-1.075 2.875 3.6547e-08
-1.075 2.925 2.9008e-08
-1.075 2.975 2.3020e-08
-1.075 3.025 1.8266e-08
-1.075 3.075 1.4492e-08
-1.075 3.125 1.1495e-08
-1.075 3.175 9.1154e-09
-1.075 3.225 7.2267e-09
-1.075 3.275 5.7275e-09
-1.075 3.325 4.5375e-09
-1.075 3.375 3.5930e-09
-1.075 3.425 2.8434e-09
-1.075 3.475 2.2484e-09
-1.075 3.525 1.7761e-09
-1.075 3.575 1.4010e-09
-1.075 3.625 1.1029e-09
-1.075 3.675 8.6536e-10
-1.075 3.725 0.0000e+00
-1.075 3.775 0.0000e+00
-1.075 3.825 0.0000e+00
-1.075 3.875 0.0000e+00
-1.075 3.925 0.0000e+00
-1.075 3.975 0.0000e+00
-1.025 -1.975 0.0000e+00
-1.025 -1.925 0.0000e+00
-1.025 -1.875 0.0000e+00
-1.025 -1.825 0.0000e+00
-1.025 -1.775 0.0000e+00
-1.025 -1.725 0.0000e+00
-1.025 -1.675 0.0000e+00
-1.025 -1.625 0.0000e+00
-1.025 -1.575 0.0000e+00
-1.025 -1.525 0.0000e+00
-1.025 -1.475 0.0000e+00
-1.025 -1.425 0.0000e+00
-1.025 -1.375 0.0000e+00
-1.025 -1.325 0.0000e+00
-1.025 -1.275 0.0000e+00
-1.025 -1.225 0.0000e+00
-1.025 -1.175 0.0000e+00
-1.025 -1.125 0.0000e+00
-1.025 -1.075 0.0000e+00
-1.025 -1.025 0.0000e+00
-1.025 -0.975 0.0000e+00
-1.025 -0.925 0.0000e+00
-1.025 -0.875 0.0000e+00
-1.025 -0.825 0.0000e+00
-1.025 -0.775 0.0000e+00
-1.025 -0.725 0.0000e+00
-1.025 -0.675 0.0000e+00
-1.025 -0.625 0.0000e+00
-1.025 -0.575 0.0000e+00
-1.025 -0.525 0.0000e+00
-1.025 -0.475 0.0000e+00
-1.025 -0.425 0.0000e+00
-1.025 -0.375 0.0000e+00
-1.025 -0.325 0.0000e+00
-1.025 -0.275 0.0000e+00
-1.025 -0.225 0.0000e+00
-1.025 -0.175 0.0000e+00
-1.025 -0.125 0.0000e+00
-1.025 -0.075 0.0000e+00
-1.025 -0.025 0.0000e+00
-1.025 0.025 0.0000e+00
-1.025 0.075 0.0000e+00
-1.025 0.125 0.0000e+00
-1.025 0.175 0.0000e+00
-1.025 0.225 0.0000e+00
-1.025 0.275 0.0000e+00
-1.025 0.325 0.0000e+00
-1.025 0.375 0.0000e+00
-1.025 0.425 0.0000e+00
-1.025 0.475 0.0000e+00
-1.025 0.525 0.0000e+00
-1.025 0.575 0.0000e+00
-1.025 0.625 0.0000e+00
-1.025 0.675 1.0851e-05
-1.025 0.725 1.5069e-05
-1.025 0.775 1.9719e-05
-1.025 0.825 2.4320e-05
-1.025 0.875 2.8322e-05
-1.025 0.925 3.1246e-05
-1.025 0.975 3.2800e-05
-1.025 1.025 3.2927e-05
-1.025 1.075 3.1781e-05
-1.025 1.125 2.9648e-05
-1.025 1.175 2.6868e-05
-1.025 1.225 2.3762e-05
-1.025 1.275 2.0593e-05
-1.025 1.325 1.7549e-05
-1.025 1.375 1.4752e-05
-1.025 1.425 1.2263e-05
-1.025 1.475 1.0102e-05
-1.025 1.525 8.2617e-06
-1.025 1.575 6.7168e-06
-1.025 1.625 5.4352e-06
-1.025 1.675 4.3815e-06
-1.025 1.725 3.5214e-06
-1.025 1.775 2.8233e-06
-1.025 1.825 2.2593e-06
-1.025 1.875 1.8052e-06
-1.025 1.925 1.4406e-06
-1.025 1.975 1.1485e-06
-1.025 2.025 9.1490e-07
-1.025 2.075 7.2837e-07
-1.025 2.125 5.7958e-07
-1.025 2.175 4.6100e-07
-1.025 2.225 3.6656e-07
-1.025 2.275 2.9139e-07
-1.025 2.325 2.3159e-07
-1.025 2.375 1.8403e-07
-1.025 2.425 1.4621e-07
-1.025 2.475 1.1615e-07
-1.025 2.525 9.2259e-08
-1.025 2.575 7.3275e-08
-1.025 2.625 5.8192e-08
-1.025 2.675 4.6210e-08
-1.025 2.725 3.6691e-08
-1.025 2.775 2.9131e-08
-1.025 2.825 2.3126e-08
-1.025 2.875 1.8357e-08
-1.025 2.925 1.4570e-08
-1.025 2.975 1.1563e-08
-1.025 3.025 9.1747e-09
-1.025 3.075 7.2787e-09
-1.025 3.125 5.7734e-09
-1.025 3.175 4.5784e-09
-1.025 3.225 3.6297e-09
-1.025 3.275 2.8767e-09
-1.025 3.325 2.2790e-09
-1.025 3.375 1.8047e-09
-1.025 3.425 1.4281e-09
-1.025 3.475 1.1293e-09
-1.025 3.525 8.9208e-10
-1.025 3.575 7.0369e-10
-1.025 3.625 5.5393e-10
-1.025 3.675 0.0000e+00
-1.025 3.725 0.0000e+00
-1.025 3.775 0.0000e+00
-1.025 3.825 0.0000e+00
-1.025 3.875 0.0000e+00
-1.025 3.925 0.0000e+00
-1.025 3.975 0.0000e+00
-0.975 -1.975 0.0000e+00
-0.975 -1.925 0.0000e+00
-0.975 -1.875 0.0000e+00
-0.975 -1.825 0.0000e+00
-0.975 -1.775 0.0000e+00
-0.975 -1.725 0.0000e+00
-0.975 -1.675 0.0000e+00
-0.975 -1.625 0.0000e+00
-0.975 -1.575 0.0000e+00
-0.975 -1.525 0.0000e+00
-0.975 -1.475 0.0000e+00
-0.975 -1.425 0.0000e+00
-0.975 -1.375 0.0000e+00
-0.975 -1.325 0.0000e+00
-0.975 -1.275 0.0000e+00
-0.975 -1.225 0.0000e+00
-0.975 -1.175 0.0000e+00
-0.975 -1.125 0.0000e+00
-0.975 -1.075 0.0000e+00
-0.975 -1.025 0.0000e+00
-0.975 -0.975 0.0000e+00
-0.975 -0.925 0.0000e+00
-0.975 -0.875 0.0000e+00
-0.975 -0.825 0.0000e+00
-0.975 -0.775 0.0000e+00
-0.975 -0.725 0.0000e+00
-0.975 -0.675 0.0000e+00
-0.975 -0.625 0.0000e+00
-0.975 -0.575 0.0000e+00
-0.975 -0.525 0.0000e+00
-0.975 -0.475 0.0000e+00
-0.975 -0.425 0.0000e+00
-0.975 -0.375 0.0000e+00
-0.975 -0.325 0.0000e+00
-0.975 -0.275 0.0000e+00
-0.975 -0.225 0.0000e+00
-0.975 -0.175 0.0000e+00
-0.975 -0.125 0.0000e+00
-0.975 -0.075 0.0000e+00
-0.975 -0.025 0.0000e+00
-0.975 0.025 0.0000e+00
-0.975 0.075 0.0000e+00
-0.975 0.125 0.0000e+00
-0.975 0.175 0.0000e+00
-0.975 0.225 0.0000e+00
-0.975 0.275 0.0000e+00
-0.975 0.325 0.0000e+00
-0.975 0.375 0.0000e+00
-0.975 0.425 0.0000e+00
-0.975 0.475 0.0000e+00
-0.975 0.525 0.0000e+00
-0.975 0.575 0.0000e+00
-0.975 0.625 0.0000e+00
-0.975 0.675 9.5146e-06
-0.975 0.725 1.2453e-05
-0.975 0.775 1.5362e-05
-0.975 0.825 1.7894e-05
-0.975 0.875 1.9745e-05
-0.975 0.925 2.0730e-05
-0.975 0.975 2.0814e-05
-0.975 1.025 2.0092e-05
-0.975 1.075 1.8746e-05
-0.975 1.125 1.6990e-05
-0.975 1.175 1.5027e-05
-0.975 1.225 1.3024e-05
-0.975 1.275 1.1100e-05
-0.975 1.325 9.3311e-06
-0.975 1.375 7.7571e-06
-0.975 1.425 6.3904e-06
-0.975 1.475 5.2263e-06
-0.975 1.525 4.2491e-06
-0.975 1.575 3.4384e-06
-0.975 1.625 2.7719e-06
-0.975 1.675 2.2278e-06
-0.975 1.725 1.7862e-06
-0.975 1.775 1.4294e-06
-0.975 1.825 1.1421e-06
-0.975 1.875 9.1143e-07
-0.975 1.925 7.2664e-07
-0.975 1.975 5.7886e-07
-0.975 2.025 4.6085e-07
-0.975 2.075 3.6671e-07
-0.975 2.125 2.9169e-07
-0.975 2.175 2.3194e-07
-0.975 2.225 1.8438e-07
-0.975 2.275 1.4654e-07
-0.975 2.325 1.1645e-07
-0.975 2.375 9.2523e-08
-0.975 2.425 7.3503e-08
-0.975 2.475 5.8387e-08
-0.975 2.525 4.6374e-08
-0.975 2.575 3.6830e-08
-0.975 2.625 2.9248e-08
-0.975 2.675 2.3225e-08
-0.975 2.725 1.8441e-08
-0.975 2.775 1.4640e-08
-0.975 2.825 1.1622e-08
-0.975 2.875 9.2256e-09
-0.975 2.925 7.3222e-09
-0.975 2.975 5.8108e-09
-0.975 3.025 4.6107e-09
-0.975 3.075 3.6579e-09
-0.975 3.125 2.9014e-09
-0.975 3.175 2.3008e-09
-0.975 3.225 1.8241e-09
-0.975 3.275 1.4457e-09
-0.975 3.325 1.1453e-09
-0.975 3.375 9.0691e-10
-0.975 3.425 7.1770e-10
-0.975 3.475 5.6752e-10
-0.975 3.525 4.4831e-10
-0.975 3.575 3.5363e-10
-0.975 3.625 2.7837e-10
-0.975 3.675 0.0000e+00
-0.975 3.725 0.0000e+00
-0.975 3.775 0.0000e+00
-0.975 3.825 0.0000e+00
-0.975 3.875 0.0000e+00
-0.975 3.925 0.0000e+00
-0.975 3.975 0.0000e+00
-0.925 -1.975 0.0000e+00
-0.925 -1.925 0.0000e+00
-0.925 -1.875 0.0000e+00
-0.925 -1.825 0.0000e+00
-0.925 -1.775 0.0000e+00
-0.925 -1.725 0.0000e+00
-0.925 -1.675 0.0000e+00
-0.925 -1.625 0.0000e+00
-0.925 -1.575 0.0000e+00
-0.925 -1.525 0.0000e+00
-0.925 -1.475 0.0000e+00
-0.925 -1.425 0.0000e+00
-0.925 -1.375 0.0000e+00
-0.925 -1.325 0.0000e+00
-0.925 -1.275 0.0000e+00
-0.925 -1.225 0.0000e+00
-0.925 -1.175 0.0000e+00
-0.925 -1.125 0.0000e+00
-0.925 -1.075 0.0000e+00
-0.925 -1.025 0.0000e+00
-0.925 -0.975 0.0000e+00
-0.925 -0.925 0.0000e+00
-0.925 -0.875 0.0000e+00
-0.925 -0.825 0.0000e+00
-0.925 -0.775 0.0000e+00
-0.925 -0.725 0.0000e+00
-0.925 -0.675 0.0000e+00
-0.925 -0.625 0.0000e+00
-0.925 -0.575 0.0000e+00
-0.925 -0.525 0.0000e+00
-0.925 -0.475 0.0000e+00
-0.925 -0.425 0.0000e+00
-0.925 -0.375 0.0000e+00
-0.925 -0.325 0.0000e+00
-0.925 -0.275 0.0000e+00
-0.925 -0.225 0.0000e+00
-0.925 -0.175 0.0000e+00
-0.925 -0.125 0.0000e+00
-0.925 -0.075 0.0000e+00
-0.925 -0.025 0.0000e+00
-0.925 0.025 0.0000e+00
-0.925 0.075 0.0000e+00
-0.925 0.125 0.0000e+00
-0.925 0.175 0.0000e+00
-0.925 0.225 0.0000e+00
-0.925 0.275 0.0000e+00
-0.925 0.325 0.0000e+00
-0.925 0.375 0.0000e+00
-0.925 0.425 0.0000e+00
-0.925 0.475 0.0000e+00
-0.925 0.525 0.0000e+00
-0.925 0.575 0.0000e+00
-0.925 0.625 0.0000e+00
-0.925 0.675 7.8673e-06
-0.925 0.725 9.7075e-06
-0.925 0.775 1.1310e-05
-0.925 0.825 1.2483e-05
-0.925 0.875 1.3108e-05
-0.925 0.925 1.3164e-05
-0.925 0.975 1.2709e-05
-0.925 1.025 1.1859e-05
-0.925 1.075 1.0750e-05
-0.925 1.125 9.5088e-06
-0.925 1.175 8.2419e-06
-0.925 1.225 7.0249e-06
-0.925 1.275 5.9059e-06
-0.925 1.325 4.9099e-06
-0.925 1.375 4.0451e-06
-0.925 1.425 3.3083e-06
-0.925 1.475 2.6898e-06
-0.925 1.525 2.1767e-06
-0.925 1.575 1.7548e-06
-0.925 1.625 1.4104e-06
-0.925 1.675 1.1308e-06
-0.925 1.725 9.0494e-07
-0.925 1.775 7.2307e-07
-0.925 1.825 5.7704e-07
-0.925 1.875 4.6005e-07
-0.925 1.925 3.6650e-07
-0.925 1.975 2.9178e-07
-0.925 2.025 2.3219e-07
-0.925 2.075 1.8469e-07
-0.925 2.125 1.4686e-07
-0.925 2.175 1.1675e-07
-0.925 2.225 9.2792e-08
-0.925 2.275 7.3738e-08
-0.925 2.325 5.8589e-08
-0.925 2.375 4.6546e-08
-0.925 2.425 3.6975e-08
-0.925 2.475 2.9369e-08
-0.925 2.525 2.3325e-08
-0.925 2.575 1.8524e-08
-0.925 2.625 1.4710e-08
-0.925 2.675 1.1681e-08
-0.925 2.725 9.2742e-09
-0.925 2.775 7.3630e-09
-0.925 2.825 5.8451e-09
-0.925 2.875 4.6396e-09
-0.925 2.925 3.6824e-09
-0.925 2.975 2.9223e-09
-0.925 3.025 2.3187e-09
-0.925 3.075 1.8395e-09
-0.925 3.125 1.4591e-09
-0.925 3.175 1.1571e-09
-0.925 3.225 9.1733e-10
-0.925 3.275 7.2702e-10
-0.925 3.325 5.7597e-10
-0.925 3.375 4.5608e-10
-0.925 3.425 3.6093e-10
-0.925 3.475 2.8540e-10
-0.925 3.525 2.2545e-10
-0.925 3.575 1.7784e-10
-0.925 3.625 1.3999e-10
-0.925 3.675 0.0000e+00
-0.925 3.725 0.0000e+00
-0.925 3.775 0.0000e+00
-0.925 3.825 0.0000e+00
-0.925 3.875 0.0000e+00
-0.925 3.925 0.0000e+00
-0.925 3.975 0.0000e+00
-0.875 -1.975 0.0000e+00
-0.875 -1.925 0.0000e+00
-0.875 -1.875 0.0000e+00
-0.875 -1.825 0.0000e+00
-0.875 -1.775 0.0000e+00
-0.875 -1.725 0.0000e+00
-0.875 -1.675 0.0000e+00
-0.875 -1.625 0.0000e+00
-0.875 -1.575 0.0000e+00
-0.875 -1.525 0.0000e+00
-0.875 -1.475 0.0000e+00
-0.875 -1.425 0.0000e+00
-0.875 -1.375 0.0000e+00
-0.875 -1.325 0.0000e+00
-0.875 -1.275 0.0000e+00
-0.875 -1.225 0.0000e+00
-0.875 -1.175 0.0000e+00
-0.875 -1.125 0.0000e+00
-0.875 -1.075 0.0000e+00
-0.875 -1.025 0.0000e+00
-0.875 -0.975 0.0000e+00
-0.875 -0.925 0.0000e+00
-0.875 -0.875 0.0000e+00
-0.875 -0.825 0.0000e+00
-0.875 -0.775 0.0000e+00
-0.875 -0.725 0.0000e+00
-0.875 -0.675 0.0000e+00
-0.875 -0.625 0.0000e+00
-0.875 -0.575 0.0000e+00
-0.875 -0.525 0.0000e+00
-0.875 -0.475 0.0000e+00
-0.875 -0.425 0.0000e+00
-0.875 -0.375 0.0000e+00
-0.875 -0.325 0.0000e+00
-0.875 -0.275 0.0000e+00
-0.875 -0.225 0.0000e+00
-0.875 -0.175 0.0000e+00
-0.875 -0.125 0.0000e+00
-0.875 -0.075 0.0000e+00
-0.875 -0.025 0.0000e+00
-0.875 0.025 0.0000e+00
-0.875 0.075 0.0000e+00
-0.875 0.125 0.0000e+00
-0.875 0.175 0.0000e+00
-0.875 0.225 0.0000e+00
-0.875 0.275 0.0000e+00
-0.875 0.325 0.0000e+00
-0.875 0.375 0.0000e+00
-0.875 0.425 0.0000e+00
-0.875 0.475 0.0000e+00
-0.875 0.525 0.0000e+00
-0.875 0.575 0.0000e+00
-0.875 0.625 0.0000e+00
-0.875 0.675 6.1369e-06
-0.875 0.725 7.1521e-06
-0.875 0.775 7.8960e-06
-0.875 0.825 8.2939e-06
-0.875 0.875 8.3309e-06
-0.875 0.925 8.0448e-06
-0.875 0.975 7.5082e-06
-0.875 1.025 6.8068e-06
-0.875 1.075 6.0218e-06
-0.875 1.125 5.2200e-06
-0.875 1.175 4.4497e-06
-0.875 1.225 3.7412e-06
-0.875 1.275 3.1104e-06
-0.875 1.325 2.5627e-06
-0.875 1.375 2.0960e-06
-0.875 1.425 1.7042e-06
-0.875 1.475 1.3791e-06
-0.875 1.525 1.1118e-06
-0.875 1.575 8.9365e-07
-0.875 1.625 7.1654e-07
-0.875 1.675 5.7342e-07
-0.875 1.725 4.5818e-07
-0.875 1.775 3.6565e-07
-0.875 1.825 2.9153e-07
-0.875 1.875 2.3224e-07
-0.875 1.925 1.8490e-07
-0.875 1.975 1.4714e-07
-0.875 2.025 1.1704e-07
-0.875 2.075 9.3069e-08
-0.875 2.125 7.3988e-08
-0.875 2.175 5.8807e-08
-0.875 2.225 4.6733e-08
-0.875 2.275 3.7132e-08
-0.875 2.325 2.9500e-08
-0.875 2.375 2.3435e-08
-0.875 2.425 1.8615e-08
-0.875 2.475 1.4785e-08
-0.875 2.525 1.1742e-08
-0.875 2.575 9.3249e-09
-0.875 2.625 7.4048e-09
-0.875 2.675 5.8797e-09
-0.875 2.725 4.6683e-09
-0.875 2.775 3.7062e-09
-0.875 2.825 2.9421e-09
-0.875 2.875 2.3353e-09
-0.875 2.925 1.8535e-09
-0.875 2.975 1.4709e-09
-0.875 3.025 1.1671e-09
-0.875 3.075 9.2591e-10
-0.875 3.125 7.3442e-10
-0.875 3.175 5.8240e-10
-0.875 3.225 4.6172e-10
-0.875 3.275 3.6593e-10
-0.875 3.325 2.8990e-10
-0.875 3.375 2.2956e-10
-0.875 3.425 1.8167e-10
-0.875 3.475 1.4365e-10
-0.875 3.525 1.1348e-10
-0.875 3.575 8.9512e-11
-0.875 3.625 0.0000e+00
-0.875 3.675 0.0000e+00
-0.875 3.725 0.0000e+00
-0.875 3.775 0.0000e+00
-0.875 3.825 0.0000e+00
-0.875 3.875 0.0000e+00
-0.875 3.925 0.0000e+00
-0.875 3.975 0.0000e+00
-0.825 -1.975 0.0000e+00
-0.825 -1.925 0.0000e+00
-0.825 -1.875 0.0000e+00
-0.825 -1.825 0.0000e+00
-0.825 -1.775 0.0000e+00
-0.825 -1.725 0.0000e+00
-0.825 -1.675 0.0000e+00
-0.825 -1.625 0.0000e+00
-0.825 -1.575 0.0000e+00
-0.825 -1.525 0.0000e+00
-0.825 -1.475 0.0000e+00
-0.825 -1.425 0.0000e+00
-0.825 -1.375 0.0000e+00
-0.825 -1.325 0.0000e+00
-0.825 -1.275 0.0000e+00
-0.825 -1.225 0.0000e+00
-0.825 -1.175 0.0000e+00
-0.825 -1.125 0.0000e+00
-0.825 -1.075 0.0000e+00
-0.825 -1.025 0.0000e+00
-0.825 -0.975 0.0000e+00
-0.825 -0.925 0.0000e+00
-0.825 -0.875 0.0000e+00
-0.825 -0.825 0.0000e+00
-0.825 -0.775 0.0000e+00
-0.825 -0.725 0.0000e+00
-0.825 -0.675 0.0000e+00
-0.825 -0.625 0.0000e+00
-0.825 -0.575 0.0000e+00
-0.825 -0.525 0.0000e+00
-0.825 -0.475 0.0000e+00
-0.825 -0.425 0.0000e+00
-0.825 -0.375 0.0000e+00
-0.825 -0.325 0.0000e+00
-0.825 -0.275 0.0000e+00
-0.825 -0.225 0.0000e+00
-0.825 -0.175 0.0000e+00
-0.825 -0.125 0.0000e+00
-0.825 -0.075 0.0000e+00
-0.825 -0.025 0.0000e+00
-0.825 0.025 0.0000e+00
-0.825 0.075 0.0000e+00
-0.825 0.125 0.0000e+00
-0.825 0.175 0.0000e+00
-0.825 0.225 0.0000e+00
-0.825 0.275 0.0000e+00
-0.825 0.325 0.0000e+00
-0.825 0.375 0.0000e+00
-0.825 0.425 0.0000e+00
-0.825 0.475 0.0000e+00
-0.825 0.525 0.0000e+00
-0.825 0.575 0.0000e+00
-0.825 0.625 0.0000e+00
-0.825 0.675 4.5257e-06
-0.825 0.725 4.9981e-06
-0.825 0.775 5.2518e-06
-0.825 0.825 5.2767e-06
-0.825 0.875 5.0968e-06
-0.825 0.925 4.7579e-06
-0.825 0.975 4.3142e-06
-0.825 1.025 3.8173e-06
-0.825 1.075 3.3094e-06
-0.825 1.125 2.8213e-06
-0.825 1.175 2.3723e-06
-0.825 1.225 1.9725e-06
-0.825 1.275 1.6253e-06
-0.825 1.325 1.3294e-06
-0.825 1.375 1.0809e-06
-0.825 1.425 8.7476e-07
-0.825 1.475 7.0525e-07
-0.825 1.525 5.6686e-07
-0.825 1.575 4.5452e-07
-0.825 1.625 3.6375e-07
-0.825 1.675 2.9065e-07
-0.825 1.725 2.3196e-07
-0.825 1.775 1.8494e-07
-0.825 1.825 1.4733e-07
-0.825 1.875 1.1730e-07
-0.825 1.925 9.3345e-08
-0.825 1.975 7.4251e-08
-0.825 2.025 5.9045e-08
-0.825 2.075 4.6940e-08
-0.825 2.125 3.7309e-08
-0.825 2.175 2.9649e-08
-0.825 2.225 2.3559e-08
-0.825 2.275 1.8717e-08
-0.825 2.325 1.4869e-08
-0.825 2.375 1.1811e-08
-0.825 2.425 9.3815e-09
-0.825 2.475 7.4511e-09
-0.825 2.525 5.9174e-09
-0.825 2.575 4.6992e-09
-0.825 2.625 3.7315e-09
-0.825 2.675 2.9629e-09
-0.825 2.725 2.3524e-09
-0.825 2.775 1.8676e-09
-0.825 2.825 1.4825e-09
-0.825 2.875 1.1768e-09
-0.825 2.925 9.3398e-10
-0.825 2.975 7.4118e-10
-0.825 3.025 5.8810e-10
-0.825 3.075 4.6656e-10
-0.825 3.125 3.7007e-10
-0.825 3.175 2.9347e-10
-0.825 3.225 2.3266e-10
-0.825 3.275 1.8439e-10
-0.825 3.325 1.4608e-10
-0.825 3.375 1.1567e-10
-0.825 3.425 9.1540e-11
-0.825 3.475 7.2385e-11
-0.825 3.525 5.7180e-11
-0.825 3.575 4.5104e-11
-0.825 3.625 0.0000e+00
-0.825 3.675 0.0000e+00
-0.825 3.725 0.0000e+00
-0.825 3.775 0.0000e+00
-0.825 3.825 0.0000e+00
-0.825 3.875 0.0000e+00
-0.825 3.925 0.0000e+00
-0.825 3.975 0.0000e+00
-0.775 -1.975 0.0000e+00
-0.775 -1.925 0.0000e+00
-0.775 -1.875 0.0000e+00
-0.775 -1.825 0.0000e+00
-0.775 -1.775 0.0000e+00
-0.775 -1.725 0.0000e+00
-0.775 -1.675 0.0000e+00
-0.775 -1.625 0.0000e+00
-0.775 -1.575 0.0000e+00
-0.775 -1.525 0.0000e+00
-0.775 -1.475 0.0000e+00
-0.775 -1.425 0.0000e+00
-0.775 -1.375 0.0000e+00
-0.775 -1.325 0.0000e+00
-0.775 -1.275 0.0000e+00
-0.775 -1.225 0.0000e+00
-0.775 -1.175 0.0000e+00
-0.775 -1.125 0.0000e+00
-0.775 -1.075 0.0000e+00
-0.775 -1.025 0.0000e+00
-0.775 -0.975 0.0000e+00
-0.775 -0.925 0.0000e+00
-0.775 -0.875 0.0000e+00
-0.775 -0.825 0.0000e+00
-0.775 -0.775 0.0000e+00
-0.775 -0.725 0.0000e+00
-0.775 -0.675 0.0000e+00
-0.775 -0.625 0.0000e+00
-0.775 -0.575 0.0000e+00
-0.775 -0.525 0.0000e+00
-0.775 -0.475 0.0000e+00
-0.775 -0.425 0.0000e+00
-0.775 -0.375 0.0000e+00
-0.775 -0.325 0.0000e+00
-0.775 -0.275 0.0000e+00
-0.775 -0.225 0.0000e+00
-0.775 -0.175 0.0000e+00
-0.775 -0.125 0.0000e+00
-0.775 -0.075 0.0000e+00
-0.775 -0.025 0.0000e+00
-0.775 0.025 0.0000e+00
-0.775 0.075 0.0000e+00
-0.775 0.125 0.0000e+00
-0.775 0.175 0.0000e+00
-0.775 0.225 0.0000e+00
-0.775 0.275 0.0000e+00
-0.775 0.325 0.0000e+00
-0.775 0.375 0.0000e+00
-0.775 0.425 0.0000e+00
-0.775 0.475 0.0000e+00
-0.775 0.525 0.0000e+00
-0.775 0.575 0.0000e+00
-0.775 0.625 0.0000e+00
-0.775 0.675 3.1666e-06
-0.775 0.725 3.3286e-06
-0.775 0.775 3.3457e-06
-0.775 0.825 3.2326e-06
-0.775 0.875 3.0185e-06
-0.775 0.925 2.7376e-06
-0.775 0.975 2.4228e-06
-0.775 1.025 2.1008e-06
-0.775 1.075 1.7912e-06
-0.775 1.125 1.5063e-06
-0.775 1.175 1.2526e-06
-0.775 1.225 1.0321e-06
-0.775 1.275 8.4427e-07
-0.775 1.325 6.8652e-07
-0.775 1.375 5.5561e-07
-0.775 1.425 4.4796e-07
-0.775 1.475 3.6006e-07
-0.775 1.525 2.8872e-07
-0.775 1.575 2.3106e-07
-0.775 1.625 1.8463e-07
-0.775 1.675 1.4735e-07
-0.775 1.725 1.1748e-07
-0.775 1.775 9.3595e-08
-0.775 1.825 7.4518e-08
-0.775 1.875 5.9300e-08
-0.775 1.925 4.7171e-08
-0.775 1.975 3.7511e-08
-0.775 2.025 2.9821e-08
-0.775 2.075 2.3703e-08
-0.775 2.125 1.8837e-08
-0.775 2.175 1.4968e-08
-0.775 2.225 1.1892e-08
-0.775 2.275 9.4474e-09
-0.775 2.325 7.5047e-09
-0.775 2.375 5.9610e-09
-0.775 2.425 4.7345e-09
-0.775 2.475 3.7602e-09
-0.775 2.525 2.9862e-09
-0.775 2.575 2.3713e-09
-0.775 2.625 1.8830e-09
-0.775 2.675 1.4951e-09
-0.775 2.725 1.1871e-09
-0.775 2.775 9.4239e-10
-0.775 2.825 7.4810e-10
-0.775 2.875 5.9381e-10
-0.775 2.925 4.7129e-10
-0.775 2.975 3.7400e-10
-0.775 3.025 2.9676e-10
-0.775 3.075 2.3543e-10
-0.775 3.125 1.8674e-10
-0.775 3.175 1.4808e-10
-0.775 3.225 1.1740e-10
-0.775 3.275 9.3043e-11
-0.775 3.325 7.3712e-11
-0.775 3.375 5.8368e-11
-0.775 3.425 4.6191e-11
-0.775 3.475 3.6525e-11
-0.775 3.525 2.8853e-11
-0.775 3.575 0.0000e+00
-0.775 3.625 0.0000e+00
-0.775 3.675 0.0000e+00
-0.775 3.725 0.0000e+00
-0.775 3.775 0.0000e+00
-0.775 3.825 0.0000e+00
-0.775 3.875 0.0000e+00
-0.775 3.925 0.0000e+00
-0.775 3.975 0.0000e+00
-0.725 -1.975 0.0000e+00
-0.725 -1.925 0.0000e+00
-0.725 -1.875 0.0000e+00
-0.725 -1.825 0.0000e+00
-0.725 -1.775 0.0000e+00
-0.725 -1.725 0.0000e+00
-0.725 -1.675 0.0000e+00
-0.725 -1.625 0.0000e+00
-0.725 -1.575 0.0000e+00
-0.725 -1.525 0.0000e+00
-0.725 -1.475 0.0000e+00
-0.725 -1.425 0.0000e+00
-0.725 -1.375 0.0000e+00
-0.725 -1.325 0.0000e+00
-0.725 -1.275 0.0000e+00
-0.725 -1.225 0.0000e+00
-0.725 -1.175 0.0000e+00
-0.725 -1.125 0.0000e+00
-0.725 -1.075 0.0000e+00
-0.725 -1.025 0.0000e+00
-0.725 -0.975 0.0000e+00
-0.725 -0.925 0.0000e+00
-0.725 -0.875 0.0000e+00
-0.725 -0.825 0.0000e+00
-0.725 -0.775 0.0000e+00
-0.725 -0.725 0.0000e+00
-0.725 -0.675 0.0000e+00
-0.725 -0.625 0.0000e+00
-0.725 -0.575 0.0000e+00
-0.725 -0.525 0.0000e+00
-0.725 -0.475 0.0000e+00
-0.725 -0.425 0.0000e+00
-0.725 -0.375 0.0000e+00
-0.725 -0.325 0.0000e+00
-0.725 -0.275 0.0000e+00
-0.725 -0.225 0.0000e+00
-0.725 -0.175 0.0000e+00
-0.725 -0.125 0.0000e+00
-0.725 -0.075 0.0000e+00
-0.725 -0.025 0.0000e+00
-0.725 0.025 0.0000e+00
-0.725 0.075 0.0000e+00
-0.725 0.125 0.0000e+00
-0.725 0.175 0.0000e+00
-0.725 0.225 0.0000e+00
-0.725 0.275 0.0000e+00
-0.725 0.325 0.0000e+00
-0.725 0.375 0.0000e+00
-0.725 0.425 0.0000e+00
-0.725 0.475 0.0000e+00
-0.725 0.525 0.0000e+00
-0.725 0.575 0.0000e+00
-0.725 0.625 0.0000e+00
-0.725 0.675 2.1123e-06
-0.725 0.725 2.1240e-06
-0.725 0.775 2.0531e-06
-0.725 0.825 1.9177e-06
-0.725 0.875 1.7398e-06
-0.725 0.925 1.5401e-06
-0.725 0.975 1.3357e-06
-0.725 1.025 1.1390e-06
-0.725 1.075 9.5801e-07
-0.725 1.125 7.9672e-07
-0.725 1.175 6.5657e-07
-0.725 1.225 5.3710e-07
-0.725 1.275 4.3678e-07
-0.725 1.325 3.5351e-07
-0.725 1.375 2.8502e-07
-0.725 1.425 2.2911e-07
-0.725 1.475 1.8371e-07
-0.725 1.525 1.4703e-07
-0.725 1.575 1.1749e-07
-0.725 1.625 9.3767e-08
-0.725 1.675 7.4761e-08
-0.725 1.725 5.9561e-08
-0.725 1.775 4.7422e-08
-0.725 1.825 3.7738e-08
-0.725 1.875 3.0019e-08
-0.725 1.925 2.3872e-08
-0.725 1.975 1.8979e-08
-0.725 2.025 1.5085e-08
-0.725 2.075 1.1989e-08
-0.725 2.125 9.5262e-09
-0.725 2.175 7.5688e-09
-0.725 2.225 6.0130e-09
-0.725 2.275 4.7766e-09
-0.725 2.325 3.7942e-09
-0.725 2.375 3.0136e-09
-0.725 2.425 2.3935e-09
-0.725 2.475 1.9009e-09
-0.725 2.525 1.5096e-09
-0.725 2.575 1.1987e-09
-0.725 2.625 9.5186e-10
-0.725 2.675 7.5578e-10
-0.725 2.725 6.0005e-10
-0.725 2.775 4.7637e-10
-0.725 2.825 3.7816e-10
-0.725 2.875 3.0016e-10
-0.725 2.925 2.3823e-10
-0.725 2.975 1.8905e-10
-0.725 3.025 1.5001e-10
-0.725 3.075 1.1900e-10
-0.725 3.125 9.4392e-11
-0.725 3.175 7.4853e-11
-0.725 3.225 5.9343e-11
-0.725 3.275 4.7032e-11
-0.725 3.325 3.7260e-11
-0.725 3.375 2.9504e-11
-0.725 3.425 2.3349e-11
-0.725 3.475 1.8463e-11
-0.725 3.525 1.4584e-11
-0.725 3.575 0.0000e+00
-0.725 3.625 0.0000e+00
-0.725 3.675 0.0000e+00
-0.725 3.725 0.0000e+00
-0.725 3.775 0.0000e+00
-0.725 3.825 0.0000e+00
-0.725 3.875 0.0000e+00
-0.725 3.925 0.0000e+00
-0.725 3.975 0.0000e+00
-0.675 -1.975 0.0000e+00
-0.675 -1.925 0.0000e+00
-0.675 -1.875 0.0000e+00
-0.675 -1.825 0.0000e+00
-0.675 -1.775 0.0000e+00
-0.675 -1.725 0.0000e+00
-0.675 -1.675 0.0000e+00
-0.675 -1.625 0.0000e+00
-0.675 -1.575 0.0000e+00
-0.675 -1.525 0.0000e+00
-0.675 -1.475 0.0000e+00
-0.675 -1.425 0.0000e+00
-0.675 -1.375 0.0000e+00
-0.675 -1.325 0.0000e+00
-0.675 -1.275 0.0000e+00
-0.675 -1.225 0.0000e+00
-0.675 -1.175 0.0000e+00
-0.675 -1.125 0.0000e+00
-0.675 -1.075 0.0000e+00
-0.675 -1.025 0.0000e+00
-0.675 -0.975 0.0000e+00
-0.675 -0.925 0.0000e+00
-0.675 -0.875 0.0000e+00
-0.675 -0.825 0.0000e+00
-0.675 -0.775 0.0000e+00
-0.675 -0.725 0.0000e+00
-0.675 -0.675 0.0000e+00
-0.675 -0.625 0.0000e+00
-0.675 -0.575 0.0000e+00
-0.675 -0.525 0.0000e+00
-0.675 -0.475 0.0000e+00
-0.675 -0.425 0.0000e+00
-0.675 -0.375 0.0000e+00
-0.675 -0.325 0.0000e+00
-0.675 -0.275 0.0000e+00
-0.675 -0.225 0.0000e+00
-0.675 -0.175 0.0000e+00
-0.675 -0.125 0.0000e+00
-0.675 -0.075 0.0000e+00
-0.675 -0.025 0.0000e+00
-0.675 0.025 0.0000e+00
-0.675 0.075 0.0000e+00
-0.675 0.125 0.0000e+00
-0.675 0.175 0.0000e+00
-0.675 0.225 0.0000e+00
-0.675 0.275 0.0000e+00
-0.675 0.325 0.0000e+00
-0.675 0.375 0.0000e+00
-0.675 0.425 0.0000e+00
-0.675 0.475 0.0000e+00
-0.675 0.525 0.0000e+00
-0.675 0.575 0.0000e+00
-0.675 0.625 0.0000e+00
-0.675 0.675 0.0000e+00
-0.675 0.725 0.0000e+00
-0.675 0.775 0.0000e+00
-0.675 0.825 0.0000e+00
-0.675 0.875 0.0000e+00
-0.675 0.925 0.0000e+00
-0.675 0.975 0.0000e+00
-0.675 1.025 0.0000e+00
-0.675 1.075 0.0000e+00
-0.675 1.125 0.0000e+00
-0.675 1.175 0.0000e+00
-0.675 1.225 0.0000e+00
-0.675 1.275 0.0000e+00
-0.675 1.325 0.0000e+00
-0.675 1.375 0.0000e+00
-0.675 1.425 0.0000e+00
-0.675 1.475 0.0000e+00
-0.675 1.525 0.0000e+00
-0.675 1.575 0.0000e+00
-0.675 1.625 0.0000e+00
-0.675 1.675 0.0000e+00
-0.675 1.725 0.0000e+00
-0.675 1.775 0.0000e+00
-0.675 1.825 0.0000e+00
-0.675 1.875 0.0000e+00
-0.675 1.925 0.0000e+00
-0.675 1.975 0.0000e+00
-0.675 2.025 0.0000e+00
-0.675 2.075 0.0000e+00
-0.675 2.125 0.0000e+00
-0.675 2.175 0.0000e+00
-0.675 2.225 0.0000e+00
-0.675 2.275 0.0000e+00
-0.675 2.325 0.0000e+00
-0.675 2.375 0.0000e+00
-0.675 2.425 0.0000e+00
-0.675 2.475 0.0000e+00
-0.675 2.525 0.0000e+00
-0.675 2.575 0.0000e+00
-0.675 2.625 0.0000e+00
-0.675 2.675 0.0000e+00
-0.675 2.725 0.0000e+00
-0.675 2.775 0.0000e+00
-0.675 2.825 0.0000e+00
-0.675 2.875 0.0000e+00
-0.675 2.925 0.0000e+00
-0.675 2.975 0.0000e+00
-0.675 3.025 0.0000e+00
-0.675 3.075 0.0000e+00
-0.675 3.125 0.0000e+00
-0.675 3.175 0.0000e+00
-0.675 3.225 0.0000e+00
-0.675 3.275 0.0000e+00
-0.675 3.325 0.0000e+00
-0.675 3.375 0.0000e+00
-0.675 3.425 0.0000e+00
-0.675 3.475 0.0000e+00
-0.675 3.525 0.0000e+00
-0.675 3.575 0.0000e+00
-0.675 3.625 0.0000e+00
-0.675 3.675 0.0000e+00
-0.675 3.725 0.0000e+00
-0.675 3.775 0.0000e+00
-0.675 3.825 0.0000e+00
-0.675 3.875 0.0000e+00
-0.675 3.925 0.0000e+00
-0.675 3.975 0.0000e+00
-0.625 -1.975 0.0000e+00
-0.625 -1.925 0.0000e+00
-0.625 -1.875 0.0000e+00
-0.625 -1.825 0.0000e+00
-0.625 -1.775 0.0000e+00
-0.625 -1.725 0.0000e+00
-0.625 -1.675 0.0000e+00
-0.625 -1.625 0.0000e+00
-0.625 -1.575 0.0000e+00
-0.625 -1.525 0.0000e+00
-0.625 -1.475 0.0000e+00
-0.625 -1.425 0.0000e+00
-0.625 -1.375 0.0000e+00
-0.625 -1.325 0.0000e+00
-0.625 -1.275 0.0000e+00
-0.625 -1.225 0.0000e+00
-0.625 -1.175 0.0000e+00
-0.625 -1.125 0.0000e+00
-0.625 -1.075 0.0000e+00
-0.625 -1.025 0.0000e+00
-0.625 -0.975 0.0000e+00
-0.625 -0.925 0.0000e+00
-0.625 -0.875 0.0000e+00
-0.625 -0.825 0.0000e+00
-0.625 -0.775 0.0000e+00
-0.625 -0.725 0.0000e+00
-0.625 -0.675 0.0000e+00
-0.625 -0.625 0.0000e+00
-0.625 -0.575 0.0000e+00
-0.625 -0.525 0.0000e+00
-0.625 -0.475 0.0000e+00
-0.625 -0.425 0.0000e+00
-0.625 -0.375 0.0000e+00
-0.625 -0.325 0.0000e+00
-0.625 -0.275 0.0000e+00
-0.625 -0.225 0.0000e+00
-0.625 -0.175 0.0000e+00
-0.625 -0.125 0.0000e+00
-0.625 -0.075 0.0000e+00
-0.625 -0.025 0.0000e+00
-0.625 0.025 0.0000e+00
-0.625 0.075 0.0000e+00
-0.625 0.125 0.0000e+00
-0.625 0.175 0.0000e+00
-0.625 0.225 0.0000e+00
-0.625 0.275 0.0000e+00
-0.625 0.325 0.0000e+00
-0.625 0.375 0.0000e+00
-0.625 0.425 0.0000e+00
-0.625 0.475 0.0000e+00
-0.625 0.525 0.0000e+00
-0.625 0.575 0.0000e+00
-0.625 0.625 0.0000e+00
-0.625 0.675 0.0000e+00
-0.625 0.725 0.0000e+00
-0.625 0.775 0.0000e+00
-0.625 0.825 0.0000e+00
-0.625 0.875 0.0000e+00
-0.625 0.925 0.0000e+00
-0.625 0.975 0.0000e+00
-0.625 1.025 0.0000e+00
-0.625 1.075 0.0000e+00
-0.625 1.125 0.0000e+00
-0.625 1.175 0.0000e+00
-0.625 1.225 0.0000e+00
-0.625 1.275 0.0000e+00
-0.625 1.325 0.0000e+00
-0.625 1.375 0.0000e+00
-0.625 1.425 0.0000e+00
-0.625 1.475 0.0000e+00
-0.625 1.525 0.0000e+00
-0.625 1.575 0.0000e+00
-0.625 1.625 0.0000e+00
-0.625 1.675 0.0000e+00
-0.625 1.725 0.0000e+00
-0.625 1.775 0.0000e+00
-0.625 1.825 0.0000e+00
-0.625 1.875 0.0000e+00
-0.625 1.925 0.0000e+00
-0.625 1.975 0.0000e+00
-0.625 2.025 0.0000e+00
-0.625 2.075 0.0000e+00
-0.625 2.125 0.0000e+00
-0.625 2.175 0.0000e+00
-0.625 2.225 0.0000e+00
-0.625 2.275 0.0000e+00
-0.625 2.325 0.0000e+00
-0.625 2.375 0.0000e+00
-0.625 2.425 0.0000e+00
-0.625 2.475 0.0000e+00
-0.625 2.525 0.0000e+00
-0.625 2.575 0.0000e+00
-0.625 2.625 0.0000e+00
-0.625 2.675 0.0000e+00
-0.625 2.725 0.0000e+00
-0.625 2.775 0.0000e+00
-0.625 2.825 0.0000e+00
-0.625 2.875 0.0000e+00
-0.625 2.925 0.0000e+00
-0.625 2.975 0.0000e+00
-0.625 3.025 0.0000e+00
-0.625 3.075 0.0000e+00
-0.625 3.125 0.0000e+00
-0.625 3.175 0.0000e+00
-0.625 3.225 0.0000e+00
-0.625 3.275 0.0000e+00
-0.625 3.325 0.0000e+00
-0.625 3.375 0.0000e+00
-0.625 3.425 0.0000e+00
-0.625 3.475 0.0000e+00
-0.625 3.525 0.0000e+00
-0.625 3.575 0.0000e+00
-0.625 3.625 0.0000e+00
-0.625 3.675 0.0000e+00
-0.625 3.725 0.0000e+00
-0.625 3.775 0.0000e+00
-0.625 3.825 0.0000e+00
-0.625 3.875 0.0000e+00
-0.625 3.925 0.0000e+00
-0.625 3.975 0.0000e+00
-0.575 -1.975 0.0000e+00
-0.575 -1.925 0.0000e+00
-0.575 -1.875 0.0000e+00
-0.575 -1.825 0.0000e+00
-0.575 -1.775 0.0000e+00
-0.575 -1.725 0.0000e+00
-0.575 -1.675 0.0000e+00
-0.575 -1.625 0.0000e+00
-0.575 -1.575 0.0000e+00
-0.575 -1.525 0.0000e+00
-0.575 -1.475 0.0000e+00
-0.575 -1.425 0.0000e+00
-0.575 -1.375 0.0000e+00
-0.575 -1.325 0.0000e+00
-0.575 -1.275 0.0000e+00
-0.575 -1.225 0.0000e+00
-0.575 -1.175 0.0000e+00
-0.575 -1.125 0.0000e+00
-0.575 -1.075 0.0000e+00
-0.575 -1.025 0.0000e+00
-0.575 -0.975 0.0000e+00
-0.575 -0.925 0.0000e+00
-0.575 -0.875 0.0000e+00
-0.575 -0.825 0.0000e+00
-0.575 -0.775 0.0000e+00
-0.575 -0.725 0.0000e+00
-0.575 -0.675 0.0000e+00
-0.575 -0.625 0.0000e+00
-0.575 -0.575 0.0000e+00
-0.575 -0.525 0.0000e+00
-0.575 -0.475 0.0000e+00
-0.575 -0.425 0.0000e+00
-0.575 -0.375 0.0000e+00
-0.575 -0.325 0.0000e+00
-0.575 -0.275 0.0000e+00
-0.575 -0.225 0.0000e+00
-0.575 -0.175 0.0000e+00
-0.575 -0.125 0.0000e+00
-0.575 -0.075 0.0000e+00
-0.575 -0.025 0.0000e+00
-0.575 0.025 0.0000e+00
-0.575 0.075 0.0000e+00
-0.575 0.125 0.0000e+00
-0.575 0.175 0.0000e+00
-0.575 0.225 0.0000e+00
-0.575 0.275 0.0000e+00
-0.575 0.325 0.0000e+00
-0.575 0.375 0.0000e+00
-0.575 0.425 0.0000e+00
-0.575 0.475 0.0000e+00
-0.575 0.525 0.0000e+00
-0.575 0.575 0.0000e+00
-0.575 0.625 0.0000e+00
-0.575 0.675 0.0000e+00
-0.575 0.725 0.0000e+00
-0.575 0.775 0.0000e+00
-0.575 0.825 0.0000e+00
-0.575 0.875 0.0000e+00
-0.575 0.925 0.0000e+00
-0.575 0.975 0.0000e+00
-0.575 1.025 0.0000e+00
-0.575 1.075 0.0000e+00
-0.575 1.125 0.0000e+00
-0.575 1.175 0.0000e+00
-0.575 1.225 0.0000e+00
-0.575 1.275 0.0000e+00
-0.575 1.325 0.0000e+00
-0.575 1.375 0.0000e+00
-0.575 1.425 0.0000e+00
-0.575 1.475 0.0000e+00
-0.575 1.525 0.0000e+00
-0.575 1.575 0.0000e+00
-0.575 1.625 0.0000e+00
-0.575 1.675 0.0000e+00
-0.575 1.725 0.0000e+00
-0.575 1.775 0.0000e+00
-0.575 1.825 0.0000e+00
-0.575 1.875 0.0000e+00
-0.575 1.925 0.0000e+00
-0.575 1.975 0.0000e+00
-0.575 2.025 0.0000e+00
-0.575 2.075 0.0000e+00
-0.575 2.125 0.0000e+00
-0.575 2.175 0.0000e+00
-0.575 2.225 0.0000e+00
-0.575 2.275 0.0000e+00
-0.575 2.325 0.0000e+00
-0.575 2.375 0.0000e+00
-0.575 2.425 0.0000e+00
-0.575 2.475 0.0000e+00
-0.575 2.525 0.0000e+00
-0.575 2.575 0.0000e+00
-0.575 2.625 0.0000e+00
-0.575 2.675 0.0000e+00
-0.575 2.725 0.0000e+00
-0.575 2.775 0.0000e+00
-0.575 2.825 0.0000e+00
-0.575 2.875 0.0000e+00
-0.575 2.925 0.0000e+00
-0.575 2.975 0.0000e+00
-0.575 3.025 0.0000e+00
-0.575 3.075 0.0000e+00
-0.575 3.125 0.0000e+00
-0.575 3.175 0.0000e+00
-0.575 3.225 0.0000e+00
-0.575 3.275 0.0000e+00
-0.575 3.325 0.0000e+00
-0.575 3.375 0.0000e+00
-0.575 3.425 0.0000e+00
-0.575 3.475 0.0000e+00
-0.575 3.525 0.0000e+00
-0.575 3.575 0.0000e+00
-0.575 3.625 0.0000e+00
-0.575 3.675 0.0000e+00
-0.575 3.725 0.0000e+00
-0.575 3.775 0.0000e+00
-0.575 3.825 0.0000e+00
-0.575 3.875 0.0000e+00
-0.575 3.925 0.0000e+00
-0.575 3.975 0.0000e+00
-0.525 -1.975 0.0000e+00
-0.525 -1.925 0.0000e+00
-0.525 -1.875 0.0000e+00
-0.525 -1.825 0.0000e+00
-0.525 -1.775 0.0000e+00
-0.525 -1.725 0.0000e+00
-0.525 -1.675 0.0000e+00
-0.525 -1.625 0.0000e+00
-0.525 -1.575 0.0000e+00
-0.525 -1.525 0.0000e+00
-0.525 -1.475 0.0000e+00
-0.525 -1.425 0.0000e+00
-0.525 -1.375 0.0000e+00
-0.525 -1.325 0.0000e+00
-0.525 -1.275 0.0000e+00
-0.525 -1.225 0.0000e+00
-0.525 -1.175 0.0000e+00
-0.525 -1.125 0.0000e+00
-0.525 -1.075 0.0000e+00
-0.525 -1.025 0.0000e+00
-0.525 -0.975 0.0000e+00
-0.525 -0.925 0.0000e+00
-0.525 -0.875 0.0000e+00
-0.525 -0.825 0.0000e+00
-0.525 -0.775 0.0000e+00
-0.525 -0.725 0.0000e+00
-0.525 -0.675 0.0000e+00
-0.525 -0.625 0.0000e+00
-0.525 -0.575 0.0000e+00
-0.525 -0.525 0.0000e+00
-0.525 -0.475 0.0000e+00
-0.525 -0.425 0.0000e+00
-0.525 -0.375 0.0000e+00
-0.525 -0.325 0.0000e+00
-0.525 -0.275 0.0000e+00
-0.525 -0.225 0.0000e+00
-0.525 -0.175 0.0000e+00
-0.525 -0.125 0.0000e+00
-0.525 -0.075 0.0000e+00
-0.525 -0.025 0.0000e+00
-0.525 0.025 0.0000e+00
-0.525 0.075 0.0000e+00
-0.525 0.125 0.0000e+00
-0.525 0.175 0.0000e+00
-0.525 0.225 0.0000e+00
-0.525 0.275 0.0000e+00
-0.525 0.325 0.0000e+00
-0.525 0.375 0.0000e+00
-0.525 0.425 0.0000e+00
-0.525 0.475 0.0000e+00
-0.525 0.525 0.0000e+00
-0.525 0.575 0.0000e+00
-0.525 0.625 0.0000e+00
-0.525 0.675 0.0000e+00
-0.525 0.725 0.0000e+00
-0.525 0.775 0.0000e+00
-0.525 0.825 0.0000e+00
-0.525 0.875 0.0000e+00
-0.525 0.925 0.0000e+00
-0.525 0.975 0.0000e+00
-0.525 1.025 0.0000e+00
-0.525 1.075 0.0000e+00
-0.525 1.125 0.0000e+00
-0.525 1.175 0.0000e+00
-0.525 1.225 0.0000e+00
-0.525 1.275 0.0000e+00
-0.525 1.325 0.0000e+00
-0.525 1.375 0.0000e+00
-0.525 1.425 0.0000e+00
-0.525 1.475 0.0000e+00
-0.525 1.525 0.0000e+00
-0.525 1.575 0.0000e+00
-0.525 1.625 0.0000e+00
-0.525 1.675 0.0000e+00
-0.525 1.725 0.0000e+00
-0.525 1.775 0.0000e+00
-0.525 1.825 0.0000e+00
-0.525 1.875 0.0000e+00
-0.525 1.925 0.0000e+00
-0.525 1.975 0.0000e+00
-0.525 2.025 0.0000e+00
-0.525 2.075 0.0000e+00
-0.525 2.125 0.0000e+00
-0.525 2.175 0.0000e+00
-0.525 2.225 0.0000e+00
-0.525 2.275 0.0000e+00
-0.525 2.325 0.0000e+00
-0.525 2.375 0.0000e+00
-0.525 2.425 0.0000e+00
-0.525 2.475 0.0000e+00
-0.525 2.525 0.0000e+00
-0.525 2.575 0.0000e+00
-0.525 2.625 0.0000e+00
-0.525 2.675 0.0000e+00
-0.525 2.725 0.0000e+00
-0.525 2.775 0.0000e+00
-0.525 2.825 0.0000e+00
-0.525 2.875 0.0000e+00
-0.525 2.925 0.0000e+00
-0.525 2.975 0.0000e+00
-0.525 3.025 0.0000e+00
-0.525 3.075 0.0000e+00
-0.525 3.125 0.0000e+00
-0.525 3.175 0.0000e+00
-0.525 3.225 0.0000e+00
-0.525 3.275 0.0000e+00
-0.525 3.325 0.0000e+00
-0.525 3.375 0.0000e+00
-0.525 3.425 0.0000e+00
-0.525 3.475 0.0000e+00
-0.525 3.525 0.0000e+00
-0.525 3.575 0.0000e+00
-0.525 3.625 0.0000e+00
-0.525 3.675 0.0000e+00
-0.525 3.725 0.0000e+00
-0.525 3.775 0.0000e+00
-0.525 3.825 0.0000e+00
-0.525 3.875 0.0000e+00
-0.525 3.925 0.0000e+00
-0.525 3.975 0.0000e+00
-0.475 -1.975 0.0000e+00
-0.475 -1.925 0.0000e+00
-0.475 -1.875 0.0000e+00
-0.475 -1.825 0.0000e+00
-0.475 -1.775 0.0000e+00
-0.475 -1.725 0.0000e+00
-0.475 -1.675 0.0000e+00
-0.475 -1.625 0.0000e+00
-0.475 -1.575 0.0000e+00
-0.475 -1.525 0.0000e+00
-0.475 -1.475 0.0000e+00
-0.475 -1.425 0.0000e+00
-0.475 -1.375 0.0000e+00
-0.475 -1.325 0.0000e+00
-0.475 -1.275 0.0000e+00
-0.475 -1.225 0.0000e+00
-0.475 -1.175 0.0000e+00
-0.475 -1.125 0.0000e+00
-0.475 -1.075 0.0000e+00
-0.475 -1.025 0.0000e+00
-0.475 -0.975 0.0000e+00
-0.475 -0.925 0.0000e+00
-0.475 -0.875 0.0000e+00
-0.475 -0.825 0.0000e+00
-0.475 -0.775 0.0000e+00
-0.475 -0.725 0.0000e+00
-0.475 -0.675 0.0000e+00
-0.475 -0.625 0.0000e+00
-0.475 -0.575 0.0000e+00
-0.475 -0.525 0.0000e+00
-0.475 -0.475 0.0000e+00
-0.475 -0.425 0.0000e+00
-0.475 -0.375 0.0000e+00
-0.475 -0.325 0.0000e+00
-0.475 -0.275 0.0000e+00
-0.475 -0.225 0.0000e+00
-0.475 -0.175 0.0000e+00
-0.475 -0.125 0.0000e+00
-0.475 -0.075 0.0000e+00
-0.475 -0.025 0.0000e+00
-0.475 0.025 0.0000e+00
-0.475 0.075 0.0000e+00
-0.475 0.125 0.0000e+00
-0.475 0.175 0.0000e+00
-0.475 0.225 0.0000e+00
-0.475 0.275 0.0000e+00
-0.475 0.325 0.0000e+00
-0.475 0.375 0.0000e+00
-0.475 0.425 0.0000e+00
-0.475 0.475 0.0000e+00
-0.475 0.525 0.0000e+00
-0.475 0.575 0.0000e+00
-0.475 0.625 0.0000e+00
-0.475 0.675 0.0000e+00
-0.475 0.725 0.0000e+00
-0.475 0.775 0.0000e+00
-0.475 0.825 0.0000e+00
-0.475 0.875 0.0000e+00
-0.475 0.925 0.0000e+00
-0.475 0.975 0.0000e+00
-0.475 1.025 0.0000e+00
-0.475 1.075 0.0000e+00
-0.475 1.125 0.0000e+00
-0.475 1.175 0.0000e+00
-0.475 1.225 0.0000e+00
-0.475 1.275 0.0000e+00
-0.475 1.325 0.0000e+00
-0.475 1.375 0.0000e+00
-0.475 1.425 0.0000e+00
-0.475 1.475 0.0000e+00
-0.475 1.525 0.0000e+00
-0.475 1.575 0.0000e+00
-0.475 1.625 0.0000e+00
-0.475 1.675 0.0000e+00
-0.475 1.725 0.0000e+00
-0.475 1.775 0.0000e+00
-0.475 1.825 0.0000e+00
-0.475 1.875 0.0000e+00
-0.475 1.925 0.0000e+00
-0.475 1.975 0.0000e+00
-0.475 2.025 0.0000e+00
-0.475 2.075 0.0000e+00
-0.475 2.125 0.0000e+00
-0.475 2.175 0.0000e+00
-0.475 2.225 0.0000e+00
-0.475 2.275 0.0000e+00
-0.475 2.325 0.0000e+00
-0.475 2.375 0.0000e+00
-0.475 2.425 0.0000e+00
-0.475 2.475 0.0000e+00
-0.475 2.525 0.0000e+00
-0.475 2.575 0.0000e+00
-0.475 2.625 0.0000e+00
-0.475 2.675 0.0000e+00
-0.475 2.725 0.0000e+00
-0.475 2.775 0.0000e+00
-0.475 2.825 0.0000e+00
-0.475 2.875 0.0000e+00
-0.475 2.925 0.0000e+00
-0.475 2.975 0.0000e+00
-0.475 3.025 0.0000e+00
-0.475 3.075 0.0000e+00
-0.475 3.125 0.0000e+00
-0.475 3.175 0.0000e+00
-0.475 3.225 0.0000e+00
-0.475 3.275 0.0000e+00
-0.475 3.325 0.0000e+00
-0.475 3.375 0.0000e+00
-0.475 3.425 0.0000e+00
-0.475 3.475 0.0000e+00
-0.475 3.525 0.0000e+00
-0.475 3.575 0.0000e+00
-0.475 3.625 0.0000e+00
-0.475 3.675 0.0000e+00
-0.475 3.725 0.0000e+00
-0.475 3.775 0.0000e+00
-0.475 3.825 0.0000e+00
-0.475 3.875 0.0000e+00
-0.475 3.925 0.0000e+00
-0.475 3.975 0.0000e+00
-0.425 -1.975 0.0000e+00
-0.425 -1.925 0.0000e+00
-0.425 -1.875 0.0000e+00
-0.425 -1.825 0.0000e+00
-0.425 -1.775 0.0000e+00
-0.425 -1.725 0.0000e+00
-0.425 -1.675 0.0000e+00
-0.425 -1.625 0.0000e+00
-0.425 -1.575 0.0000e+00
-0.425 -1.525 0.0000e+00
-0.425 -1.475 0.0000e+00
-0.425 -1.425 0.0000e+00
-0.425 -1.375 0.0000e+00
-0.425 -1.325 0.0000e+00
-0.425 -1.275 0.0000e+00
-0.425 -1.225 0.0000e+00
-0.425 -1.175 0.0000e+00
-0.425 -1.125 0.0000e+00
-0.425 -1.075 0.0000e+00
-0.425 -1.025 0.0000e+00
-0.425 -0.975 0.0000e+00
-0.425 -0.925 0.0000e+00
-0.425 -0.875 0.0000e+00
-0.425 -0.825 0.0000e+00
-0.425 -0.775 0.0000e+00
-0.425 -0.725 0.0000e+00
-0.425 -0.675 0.0000e+00
-0.425 -0.625 0.0000e+00
-0.425 -0.575 0.0000e+00
-0.425 -0.525 0.0000e+00
-0.425 -0.475 0.0000e+00
-0.425 -0.425 0.0000e+00
-0.425 -0.375 0.0000e+00
-0.425 -0.325 0.0000e+00
-0.425 -0.275 0.0000e+00
-0.425 -0.225 0.0000e+00
-0.425 -0.175 0.0000e+00
-0.425 -0.125 0.0000e+00
-0.425 -0.075 0.0000e+00
-0.425 -0.025 0.0000e+00
-0.425 0.025 0.0000e+00
-0.425 0.075 0.0000e+00
-0.425 0.125 0.0000e+00
-0.425 0.175 0.0000e+00
-0.425 0.225 0.0000e+00
-0.425 0.275 0.0000e+00
-0.425 0.325 0.0000e+00
-0.425 0.375 0.0000e+00
-0.425 0.425 0.0000e+00
-0.425 0.475 0.0000e+00
-0.425 0.525 0.0000e+00
-0.425 0.575 0.0000e+00
-0.425 0.625 0.0000e+00
-0.425 0.675 0.0000e+00
-0.425 0.725 0.0000e+00
-0.425 0.775 0.0000e+00
-0.425 0.825 0.0000e+00
-0.425 0.875 0.0000e+00
-0.425 0.925 0.0000e+00
-0.425 0.975 0.0000e+00
-0.425 1.025 0.0000e+00
-0.425 1.075 0.0000e+00
-0.425 1.125 0.0000e+00
-0.425 1.175 0.0000e+00
-0.425 1.225 0.0000e+00
-0.425 1.275 0.0000e+00
-0.425 1.325 0.0000e+00
-0.425 1.375 0.0000e+00
-0.425 1.425 0.0000e+00
-0.425 1.475 0.0000e+00
-0.425 1.525 0.0000e+00
-0.425 1.575 0.0000e+00
-0.425 1.625 0.0000e+00
-0.425 1.675 0.0000e+00
-0.425 1.725 0.0000e+00
-0.425 1.775 0.0000e+00
-0.425 1.825 0.0000e+00
-0.425 1.875 0.0000e+00
-0.425 1.925 0.0000e+00
-0.425 1.975 0.0000e+00
-0.425 2.025 0.0000e+00
-0.425 2.075 0.0000e+00
-0.425 2.125 0.0000e+00
-0.425 2.175 0.0000e+00
-0.425 2.225 0.0000e+00
-0.425 2.275 0.0000e+00
-0.425 2.325 0.0000e+00
-0.425 2.375 0.0000e+00
-0.425 2.425 0.0000e+00
-0.425 2.475 0.0000e+00
-0.425 2.525 0.0000e+00
-0.425 2.575 0.0000e+00
-0.425 2.625 0.0000e+00
-0.425 2.675 0.0000e+00
-0.425 2.725 0.0000e+00
-0.425 2.775 0.0000e+00
-0.425 2.825 0.0000e+00
-0.425 2.875 0.0000e+00
-0.425 2.925 0.0000e+00
-0.425 2.975 0.0000e+00
-0.425 3.025 0.0000e+00
-0.425 3.075 0.0000e+00
-0.425 3.125 0.0000e+00
-0.425 3.175 0.0000e+00
-0.425 3.225 0.0000e+00
-0.425 3.275 0.0000e+00
-0.425 3.325 0.0000e+00
-0.425 3.375 0.0000e+00
-0.425 3.425 0.0000e+00
-0.425 3.475 0.0000e+00
-0.425 3.525 0.0000e+00
-0.425 3.575 0.0000e+00
-0.425 3.625 0.0000e+00
-0.425 3.675 0.0000e+00
-0.425 3.725 0.0000e+00
-0.425 3.775 0.0000e+00
-0.425 3.825 0.0000e+00
-0.425 3.875 0.0000e+00
-0.425 3.925 0.0000e+00
-0.425 3.975 0.0000e+00
-0.375 -1.975 0.0000e+00
-0.375 -1.925 0.0000e+00
-0.375 -1.875 0.0000e+00
-0.375 -1.825 0.0000e+00
-0.375 -1.775 0.0000e+00
-0.375 -1.725 0.0000e+00
-0.375 -1.675 0.0000e+00
-0.375 -1.625 0.0000e+00
-0.375 -1.575 0.0000e+00
-0.375 -1.525 0.0000e+00
-0.375 -1.475 0.0000e+00
-0.375 -1.425 0.0000e+00
-0.375 -1.375 0.0000e+00
-0.375 -1.325 0.0000e+00
-0.375 -1.275 0.0000e+00
-0.375 -1.225 0.0000e+00
-0.375 -1.175 0.0000e+00
-0.375 -1.125 0.0000e+00
-0.375 -1.075 0.0000e+00
-0.375 -1.025 0.0000e+00
-0.375 -0.975 0.0000e+00
-0.375 -0.925 0.0000e+00
-0.375 -0.875 0.0000e+00
-0.375 -0.825 0.0000e+00
-0.375 -0.775 0.0000e+00
-0.375 -0.725 0.0000e+00
-0.375 -0.675 0.0000e+00
-0.375 -0.625 0.0000e+00
-0.375 -0.575 0.0000e+00
-0.375 -0.525 0.0000e+00
-0.375 -0.475 0.0000e+00
-0.375 -0.425 0.0000e+00
-0.375 -0.375 0.0000e+00
-0.375 -0.325 0.0000e+00
-0.375 -0.275 0.0000e+00
-0.375 -0.225 0.0000e+00
-0.375 -0.175 0.0000e+00
-0.375 -0.125 0.0000e+00
-0.375 -0.075 0.0000e+00
-0.375 -0.025 0.0000e+00
-0.375 0.025 0.0000e+00
-0.375 0.075 0.0000e+00
-0.375 0.125 0.0000e+00
-0.375 0.175 0.0000e+00
-0.375 0.225 0.0000e+00
-0.375 0.275 0.0000e+00
-0.375 0.325 0.0000e+00
-0.375 0.375 0.0000e+00
-0.375 0.425 0.0000e+00
-0.375 0.475 0.0000e+00
-0.375 0.525 0.0000e+00
-0.375 0.575 0.0000e+00
-0.375 0.625 0.0000e+00
-0.375 0.675 0.0000e+00
-0.375 0.725 0.0000e+00
-0.375 0.775 0.0000e+00
-0.375 0.825 0.0000e+00
-0.375 0.875 0.0000e+00
-0.375 0.925 0.0000e+00
-0.375 0.975 0.0000e+00
-0.375 1.025 0.0000e+00
-0.375 1.075 0.0000e+00
-0.375 1.125 0.0000e+00
-0.375 1.175 0.0000e+00
-0.375 1.225 0.0000e+00
-0.375 1.275 0.0000e+00
-0.375 1.325 0.0000e+00
-0.375 1.375 0.0000e+00
-0.375 1.425 0.0000e+00
-0.375 1.475 0.0000e+00
-0.375 1.525 0.0000e+00
-0.375 1.575 0.0000e+00
-0.375 1.625 0.0000e+00
-0.375 1.675 0.0000e+00
-0.375 1.725 0.0000e+00
-0.375 1.775 0.0000e+00
-0.375 1.825 0.0000e+00
-0.375 1.875 0.0000e+00
-0.375 1.925 0.0000e+00
-0.375 1.975 0.0000e+00
-0.375 2.025 0.0000e+00
-0.375 2.075 0.0000e+00
-0.375 2.125 0.0000e+00
-0.375 2.175 0.0000e+00
-0.375 2.225 0.0000e+00
-0.375 2.275 0.0000e+00
-0.375 2.325 0.0000e+00
-0.375 2.375 0.0000e+00
-0.375 2.425 0.0000e+00
-0.375 2.475 0.0000e+00
-0.375 2.525 0.0000e+00
-0.375 2.575 0.0000e+00
-0.375 2.625 0.0000e+00
-0.375 2.675 0.0000e+00
-0.375 2.725 0.0000e+00
-0.375 2.775 0.0000e+00
-0.375 2.825 0.0000e+00
-0.375 2.875 0.0000e+00
-0.375 2.925 0.0000e+00
-0.375 2.975 0.0000e+00
-0.375 3.025 0.0000e+00
-0.375 3.075 0.0000e+00
-0.375 3.125 0.0000e+00
-0.375 3.175 0.0000e+00
-0.375 3.225 0.0000e+00
-0.375 3.275 0.0000e+00
-0.375 3.325 0.0000e+00
-0.375 3.375 0.0000e+00
-0.375 3.425 0.0000e+00
-0.375 3.475 0.0000e+00
-0.375 3.525 0.0000e+00
-0.375 3.575 0.0000e+00
-0.375 3.625 0.0000e+00
-0.375 3.675 0.0000e+00
-0.375 3.725 0.0000e+00
-0.375 3.775 0.0000e+00
-0.375 3.825 0.0000e+00
-0.375 3.875 0.0000e+00
-0.375 3.925 0.0000e+00
-0.375 3.975 0.0000e+00
-0.325 -1.975 0.0000e+00
-0.325 -1.925 0.0000e+00
-0.325 -1.875 0.0000e+00
-0.325 -1.825 0.0000e+00
-0.325 -1.775 0.0000e+00
-0.325 -1.725 0.0000e+00
-0.325 -1.675 0.0000e+00
-0.325 -1.625 0.0000e+00
-0.325 -1.575 0.0000e+00
-0.325 -1.525 0.0000e+00
-0.325 -1.475 0.0000e+00
-0.325 -1.425 0.0000e+00
-0.325 -1.375 0.0000e+00
-0.325 -1.325 0.0000e+00
-0.325 -1.275 0.0000e+00
-0.325 -1.225 0.0000e+00
-0.325 -1.175 0.0000e+00
-0.325 -1.125 0.0000e+00
-0.325 -1.075 0.0000e+00
-0.325 -1.025 0.0000e+00
-0.325 -0.975 0.0000e+00
-0.325 -0.925 0.0000e+00
-0.325 -0.875 0.0000e+00
-0.325 -0.825 0.0000e+00
-0.325 -0.775 0.0000e+00
-0.325 -0.725 0.0000e+00
-0.325 -0.675 0.0000e+00
-0.325 -0.625 0.0000e+00
-0.325 -0.575 0.0000e+00
-0.325 -0.525 0.0000e+00
-0.325 -0.475 0.0000e+00
-0.325 -0.425 0.0000e+00
-0.325 -0.375 0.0000e+00
-0.325 -0.325 0.0000e+00
-0.325 -0.275 0.0000e+00
-0.325 -0.225 0.0000e+00
-0.325 -0.175 0.0000e+00
-0.325 -0.125 0.0000e+00
-0.325 -0.075 0.0000e+00
-0.325 -0.025 0.0000e+00
-0.325 0.025 0.0000e+00
-0.325 0.075 0.0000e+00
-0.325 0.125 0.0000e+00
-0.325 0.175 0.0000e+00
-0.325 0.225 0.0000e+00
-0.325 0.275 0.0000e+00
-0.325 0.325 0.0000e+00
-0.325 0.375 0.0000e+00
-0.325 0.425 0.0000e+00
-0.325 0.475 0.0000e+00
-0.325 0.525 0.0000e+00
-0.325 0.575 0.0000e+00
-0.325 0.625 0.0000e+00
-0.325 0.675 0.0000e+00
-0.325 0.725 0.0000e+00
-0.325 0.775 0.0000e+00
-0.325 0.825 0.0000e+00
-0.325 0.875 0.0000e+00
-0.325 0.925 0.0000e+00
-0.325 0.975 0.0000e+00
-0.325 1.025 0.0000e+00
-0.325 1.075 0.0000e+00
-0.325 1.125 0.0000e+00
-0.325 1.175 0.0000e+00
-0.325 1.225 0.0000e+00
-0.325 1.275 0.0000e+00
-0.325 1.325 0.0000e+00
-0.325 1.375 0.0000e+00
-0.325 1.425 0.0000e+00
-0.325 1.475 0.0000e+00
-0.325 1.525 0.0000e+00
-0.325 1.575 0.0000e+00
-0.325 1.625 0.0000e+00
-0.325 1.675 0.0000e+00
-0.325 1.725 0.0000e+00
-0.325 1.775 0.0000e+00
-0.325 1.825 0.0000e+00
-0.325 1.875 0.0000e+00
-0.325 1.925 0.0000e+00
-0.325 1.975 0.0000e+00
-0.325 2.025 0.0000e+00
-0.325 2.075 0.0000e+00
-0.325 2.125 0.0000e+00
-0.325 2.175 0.0000e+00
-0.325 2.225 0.0000e+00
-0.325 2.275 0.0000e+00
-0.325 2.325 0.0000e+00
-0.325 2.375 0.0000e+00
-0.325 2.425 0.0000e+00
-0.325 2.475 0.0000e+00
-0.325 2.525 0.0000e+00
-0.325 2.575 0.0000e+00
-0.325 2.625 0.0000e+00
-0.325 2.675 0.0000e+00
-0.325 2.725 0.0000e+00
-0.325 2.775 0.0000e+00
-0.325 2.825 0.0000e+00
-0.325 2.875 0.0000e+00
-0.325 2.925 0.0000e+00
-0.325 2.975 0.0000e+00
-0.325 3.025 0.0000e+00
-0.325 3.075 0.0000e+00
-0.325 3.125 0.0000e+00
-0.325 3.175 0.0000e+00
-0.325 3.225 0.0000e+00
-0.325 3.275 0.0000e+00
-0.325 3.325 0.0000e+00
-0.325 3.375 0.0000e+00
-0.325 3.425 0.0000e+00
-0.325 3.475 0.0000e+00
-0.325 3.525 0.0000e+00
-0.325 3.575 0.0000e+00
-0.325 3.625 0.0000e+00
-0.325 3.675 0.0000e+00
-0.325 3.725 0.0000e+00
-0.325 3.775 0.0000e+00
-0.325 3.825 0.0000e+00
-0.325 3.875 0.0000e+00
-0.325 3.925 0.0000e+00
-0.325 3.975 0.0000e+00
-0.275 -1.975 0.0000e+00
-0.275 -1.925 0.0000e+00
-0.275 -1.875 0.0000e+00
-0.275 -1.825 0.0000e+00
-0.275 -1.775 0.0000e+00
-0.275 -1.725 0.0000e+00
-0.275 -1.675 0.0000e+00
-0.275 -1.625 0.0000e+00
-0.275 -1.575 0.0000e+00
-0.275 -1.525 0.0000e+00
-0.275 -1.475 0.0000e+00
-0.275 -1.425 0.0000e+00
-0.275 -1.375 0.0000e+00
-0.275 -1.325 0.0000e+00
-0.275 -1.275 0.0000e+00
-0.275 -1.225 0.0000e+00
-0.275 -1.175 0.0000e+00
-0.275 -1.125 0.0000e+00
-0.275 -1.075 0.0000e+00
-0.275 -1.025 0.0000e+00
-0.275 -0.975 0.0000e+00
-0.275 -0.925 0.0000e+00
-0.275 -0.875 0.0000e+00
-0.275 -0.825 0.0000e+00
-0.275 -0.775 0.0000e+00
-0.275 -0.725 0.0000e+00
-0.275 -0.675 0.0000e+00
-0.275 -0.625 0.0000e+00
-0.275 -0.575 0.0000e+00
-0.275 -0.525 0.0000e+00
-0.275 -0.475 0.0000e+00
-0.275 -0.425 0.0000e+00
-0.275 -0.375 0.0000e+00
-0.275 -0.325 0.0000e+00
-0.275 -0.275 0.0000e+00
-0.275 -0.225 0.0000e+00
-0.275 -0.175 0.0000e+00
-0.275 -0.125 0.0000e+00
-0.275 -0.075 0.0000e+00
-0.275 -0.025 0.0000e+00
-0.275 0.025 0.0000e+00
-0.275 0.075 0.0000e+00
-0.275 0.125 0.0000e+00
-0.275 0.175 0.0000e+00
-0.275 0.225 0.0000e+00
-0.275 0.275 0.0000e+00
-0.275 0.325 0.0000e+00
-0.275 0.375 0.0000e+00
-0.275 0.425 0.0000e+00
-0.275 0.475 0.0000e+00
-0.275 0.525 0.0000e+00
-0.275 0.575 0.0000e+00
-0.275 0.625 0.0000e+00
-0.275 0.675 0.0000e+00
-0.275 0.725 0.0000e+00
-0.275 0.775 0.0000e+00
-0.275 0.825 0.0000e+00
-0.275 0.875 0.0000e+00
-0.275 0.925 0.0000e+00
-0.275 0.975 0.0000e+00
-0.275 1.025 0.0000e+00
-0.275 1.075 0.0000e+00
-0.275 1.125 0.0000e+00
-0.275 1.175 0.0000e+00
-0.275 1.225 0.0000e+00
-0.275 1.275 0.0000e+00
-0.275 1.325 0.0000e+00
-0.275 1.375 0.0000e+00
-0.275 1.425 0.0000e+00
-0.275 1.475 0.0000e+00
-0.275 1.525 0.0000e+00
-0.275 1.575 0.0000e+00
-0.275 1.625 0.0000e+00
-0.275 1.675 0.0000e+00
-0.275 1.725 0.0000e+00
-0.275 1.775 0.0000e+00
-0.275 1.825 0.0000e+00
-0.275 1.875 0.0000e+00
-0.275 1.925 0.0000e+00
-0.275 1.975 0.0000e+00
-0.275 2.025 0.0000e+00
-0.275 2.075 0.0000e+00
-0.275 2.125 0.0000e+00
-0.275 2.175 0.0000e+00
-0.275 2.225 0.0000e+00
-0.275 2.275 0.0000e+00
-0.275 2.325 0.0000e+00
-0.275 2.375 0.0000e+00
-0.275 2.425 0.0000e+00
-0.275 2.475 0.0000e+00
-0.275 2.525 0.0000e+00
-0.275 2.575 0.0000e+00
-0.275 2.625 0.0000e+00
-0.275 2.675 0.0000e+00
-0.275 2.725 0.0000e+00
-0.275 2.775 0.0000e+00
-0.275 2.825 0.0000e+00
-0.275 2.875 0.0000e+00
-0.275 2.925 0.0000e+00
-0.275 2.975 0.0000e+00
-0.275 3.025 0.0000e+00
-0.275 3.075 0.0000e+00
-0.275 3.125 0.0000e+00
-0.275 3.175 0.0000e+00
-0.275 3.225 0.0000e+00
-0.275 3.275 0.0000e+00
-0.275 3.325 0.0000e+00
-0.275 3.375 0.0000e+00
-0.275 3.425 0.0000e+00
-0.275 3.475 0.0000e+00
-0.275 3.525 0.0000e+00
-0.275 3.575 0.0000e+00
-0.275 3.625 0.0000e+00
-0.275 3.675 0.0000e+00
-0.275 3.725 0.0000e+00
-0.275 3.775 0.0000e+00
-0.275 3.825 0.0000e+00
-0.275 3.875 0.0000e+00
-0.275 3.925 0.0000e+00
-0.275 3.975 0.0000e+00
-0.225 -1.975 0.0000e+00
-0.225 -1.925 0.0000e+00
-0.225 -1.875 0.0000e+00
-0.225 -1.825 0.0000e+00
-0.225 -1.775 0.0000e+00
-0.225 -1.725 0.0000e+00
-0.225 -1.675 0.0000e+00
-0.225 -1.625 0.0000e+00
-0.225 -1.575 0.0000e+00
-0.225 -1.525 0.0000e+00
-0.225 -1.475 0.0000e+00
-0.225 -1.425 0.0000e+00
-0.225 -1.375 0.0000e+00
-0.225 -1.325 0.0000e+00
-0.225 -1.275 0.0000e+00
-0.225 -1.225 0.0000e+00
-0.225 -1.175 0.0000e+00
-0.225 -1.125 0.0000e+00
-0.225 -1.075 0.0000e+00
-0.225 -1.025 0.0000e+00
-0.225 -0.975 0.0000e+00
-0.225 -0.925 0.0000e+00
-0.225 -0.875 0.0000e+00
-0.225 -0.825 0.0000e+00
-0.225 -0.775 0.0000e+00
-0.225 -0.725 0.0000e+00
-0.225 -0.675 0.0000e+00
-0.225 -0.625 0.0000e+00
-0.225 -0.575 0.0000e+00
-0.225 -0.525 0.0000e+00
-0.225 -0.475 0.0000e+00
-0.225 -0.425 0.0000e+00
-0.225 -0.375 0.0000e+00
-0.225 -0.325 0.0000e+00
-0.225 -0.275 0.0000e+00
-0.225 -0.225 0.0000e+00
-0.225 -0.175 0.0000e+00
-0.225 -0.125 0.0000e+00
-0.225 -0.075 0.0000e+00
-0.225 -0.025 0.0000e+00
-0.225 0.025 0.0000e+00
-0.225 0.075 0.0000e+00
-0.225 0.125 0.0000e+00
-0.225 0.175 0.0000e+00
-0.225 0.225 0.0000e+00
-0.225 0.275 0.0000e+00
-0.225 0.325 0.0000e+00
-0.225 0.375 0.0000e+00
-0.225 0.425 0.0000e+00
-0.225 0.475 0.0000e+00
-0.225 0.525 0.0000e+00
-0.225 0.575 0.0000e+00
-0.225 0.625 0.0000e+00
-0.225 0.675 0.0000e+00
-0.225 0.725 0.0000e+00
-0.225 0.775 0.0000e+00
-0.225 0.825 0.0000e+00
-0.225 0.875 0.0000e+00
-0.225 0.925 0.0000e+00
-0.225 0.975 0.0000e+00
-0.225 1.025 0.0000e+00
-0.225 1.075 0.0000e+00
-0.225 1.125 0.0000e+00
-0.225 1.175 0.0000e+00
-0.225 1.225 0.0000e+00
-0.225 1.275 0.0000e+00
-0.225 1.325 0.0000e+00
-0.225 1.375 0.0000e+00
-0.225 1.425 0.0000e+00
-0.225 1.475 0.0000e+00
-0.225 1.525 0.0000e+00
-0.225 1.575 0.0000e+00
-0.225 1.625 0.0000e+00
-0.225 1.675 0.0000e+00
-0.225 1.725 0.0000e+00
-0.225 1.775 0.0000e+00
-0.225 1.825 0.0000e+00
-0.225 1.875 0.0000e+00
-0.225 1.925 0.0000e+00
-0.225 1.975 0.0000e+00
-0.225 2.025 0.0000e+00
-0.225 2.075 0.0000e+00
-0.225 2.125 0.0000e+00
-0.225 2.175 0.0000e+00
-0.225 2.225 0.0000e+00
-0.225 2.275 0.0000e+00
-0.225 2.325 0.0000e+00
-0.225 2.375 0.0000e+00
-0.225 2.425 0.0000e+00
-0.225 2.475 0.0000e+00
-0.225 2.525 0.0000e+00
-0.225 2.575 0.0000e+00
-0.225 2.625 0.0000e+00
-0.225 2.675 0.0000e+00
-0.225 2.725 0.0000e+00
-0.225 2.775 0.0000e+00
-0.225 2.825 0.0000e+00
-0.225 2.875 0.0000e+00
-0.225 2.925 0.0000e+00
-0.225 2.975 0.0000e+00
-0.225 3.025 0.0000e+00
-0.225 3.075 0.0000e+00
-0.225 3.125 0.0000e+00
-0.225 3.175 0.0000e+00
-0.225 3.225 0.0000e+00
-0.225 3.275 0.0000e+00
-0.225 3.325 0.0000e+00
-0.225 3.375 0.0000e+00
-0.225 3.425 0.0000e+00
-0.225 3.475 0.0000e+00
-0.225 3.525 0.0000e+00
-0.225 3.575 0.0000e+00
-0.225 3.625 0.0000e+00
-0.225 3.675 0.0000e+00
-0.225 3.725 0.0000e+00
-0.225 3.775 0.0000e+00
-0.225 3.825 0.0000e+00
-0.225 3.875 0.0000e+00
-0.225 3.925 0.0000e+00
-0.225 3.975 0.0000e+00
-0.175 -1.975 0.0000e+00
-0.175 -1.925 0.0000e+00
-0.175 -1.875 0.0000e+00
-0.175 -1.825 0.0000e+00
-0.175 -1.775 0.0000e+00
-0.175 -1.725 0.0000e+00
-0.175 -1.675 0.0000e+00
-0.175 -1.625 0.0000e+00
-0.175 -1.575 0.0000e+00
-0.175 -1.525 0.0000e+00
-0.175 -1.475 0.0000e+00
-0.175 -1.425 0.0000e+00
-0.175 -1.375 0.0000e+00
-0.175 -1.325 0.0000e+00
-0.175 -1.275 0.0000e+00
-0.175 -1.225 0.0000e+00
-0.175 -1.175 0.0000e+00
-0.175 -1.125 0.0000e+00
-0.175 -1.075 0.0000e+00
-0.175 -1.025 0.0000e+00
-0.175 -0.975 0.0000e+00
-0.175 -0.925 0.0000e+00
-0.175 -0.875 0.0000e+00
-0.175 -0.825 0.0000e+00
-0.175 -0.775 0.0000e+00
-0.175 -0.725 0.0000e+00
-0.175 -0.675 0.0000e+00
-0.175 -0.625 0.0000e+00
-0.175 -0.575 0.0000e+00
-0.175 -0.525 0.0000e+00
-0.175 -0.475 0.0000e+00
-0.175 -0.425 0.0000e+00
-0.175 -0.375 0.0000e+00
-0.175 -0.325 0.0000e+00
-0.175 -0.275 0.0000e+00
-0.175 -0.225 0.0000e+00
-0.175 -0.175 0.0000e+00
-0.175 -0.125 0.0000e+00
-0.175 -0.075 0.0000e+00
-0.175 -0.025 0.0000e+00
-0.175 0.025 0.0000e+00
-0.175 0.075 0.0000e+00
-0.175 0.125 0.0000e+00
-0.175 0.175 0.0000e+00
-0.175 0.225 0.0000e+00
-0.175 0.275 0.0000e+00
-0.175 0.325 0.0000e+00
-0.175 0.375 0.0000e+00
-0.175 0.425 0.0000e+00
-0.175 0.475 0.0000e+00
-0.175 0.525 0.0000e+00
-0.175 0.575 0.0000e+00
-0.175 0.625 0.0000e+00
-0.175 0.675 0.0000e+00
-0.175 0.725 0.0000e+00
-0.175 0.775 0.0000e+00
-0.175 0.825 0.0000e+00
-0.175 0.875 0.0000e+00
-0.175 0.925 0.0000e+00
-0.175 0.975 0.0000e+00
-0.175 1.025 0.0000e+00
-0.175 1.075 0.0000e+00
-0.175 1.125 0.0000e+00
-0.175 1.175 0.0000e+00
-0.175 1.225 0.0000e+00
-0.175 1.275 0.0000e+00
-0.175 1.325 0.0000e+00
-0.175 1.375 0.0000e+00
-0.175 1.425 0.0000e+00
-0.175 1.475 0.0000e+00
-0.175 1.525 0.0000e+00
-0.175 1.575 0.0000e+00
-0.175 1.625 0.0000e+00
-0.175 1.675 0.0000e+00
-0.175 1.725 0.0000e+00
-0.175 1.775 0.0000e+00
-0.175 1.825 0.0000e+00
-0.175 1.875 0.0000e+00
-0.175 1.925 0.0000e+00
-0.175 1.975 0.0000e+00
-0.175 2.025 0.0000e+00
-0.175 2.075 0.0000e+00
-0.175 2.125 0.0000e+00
-0.175 2.175 0.0000e+00
-0.175 2.225 0.0000e+00
-0.175 2.275 0.0000e+00
-0.175 2.325 0.0000e+00
-0.175 2.375 0.0000e+00
-0.175 2.425 0.0000e+00
-0.175 2.475 0.0000e+00
-0.175 2.525 0.0000e+00
-0.175 2.575 0.0000e+00
-0.175 2.625 0.0000e+00
-0.175 2.675 0.0000e+00
-0.175 2.725 0.0000e+00
-0.175 2.775 0.0000e+00
-0.175 2.825 0.0000e+00
-0.175 2.875 0.0000e+00
-0.175 2.925 0.0000e+00
-0.175 2.975 0.0000e+00
-0.175 3.025 0.0000e+00
-0.175 3.075 0.0000e+00
-0.175 3.125 0.0000e+00
-0.175 3.175 0.0000e+00
-0.175 3.225 0.0000e+00
-0.175 3.275 0.0000e+00
-0.175 3.325 0.0000e+00
-0.175 3.375 0.0000e+00
-0.175 3.425 0.0000e+00
-0.175 3.475 0.0000e+00
-0.175 3.525 0.0000e+00
-0.175 3.575 0.0000e+00
-0.175 3.625 0.0000e+00
-0.175 3.675 0.0000e+00
-0.175 3.725 0.0000e+00
-0.175 3.775 0.0000e+00
-0.175 3.825 0.0000e+00
-0.175 3.875 0.0000e+00
-0.175 3.925 0.0000e+00
-0.175 3.975 0.0000e+00
-0.125 -1.975 0.0000e+00
-0.125 -1.925 0.0000e+00
-0.125 -1.875 0.0000e+00
-0.125 -1.825 0.0000e+00
-0.125 -1.775 0.0000e+00
-0.125 -1.725 0.0000e+00
-0.125 -1.675 0.0000e+00
-0.125 -1.625 0.0000e+00
-0.125 -1.575 0.0000e+00
-0.125 -1.525 0.0000e+00
-0.125 -1.475 0.0000e+00
-0.125 -1.425 0.0000e+00
-0.125 -1.375 0.0000e+00
-0.125 -1.325 0.0000e+00
-0.125 -1.275 0.0000e+00
-0.125 -1.225 0.0000e+00
-0.125 -1.175 0.0000e+00
-0.125 -1.125 0.0000e+00
-0.125 -1.075 0.0000e+00
-0.125 -1.025 0.0000e+00
-0.125 -0.975 0.0000e+00
-0.125 -0.925 0.0000e+00
-0.125 -0.875 0.0000e+00
-0.125 -0.825 0.0000e+00
-0.125 -0.775 0.0000e+00
-0.125 -0.725 0.0000e+00
-0.125 -0.675 0.0000e+00
-0.125 -0.625 0.0000e+00
-0.125 -0.575 0.0000e+00
-0.125 -0.525 0.0000e+00
-0.125 -0.475 0.0000e+00
-0.125 -0.425 0.0000e+00
-0.125 -0.375 0.0000e+00
-0.125 -0.325 0.0000e+00
-0.125 -0.275 0.0000e+00
-0.125 -0.225 0.0000e+00
-0.125 -0.175 0.0000e+00
-0.125 -0.125 0.0000e+00
-0.125 -0.075 0.0000e+00
-0.125 -0.025 0.0000e+00
-0.125 0.025 0.0000e+00
-0.125 0.075 0.0000e+00
-0.125 0.125 0.0000e+00
-0.125 0.175 0.0000e+00
-0.125 0.225 0.0000e+00
-0.125 0.275 0.0000e+00
-0.125 0.325 0.0000e+00
-0.125 0.375 0.0000e+00
-0.125 0.425 0.0000e+00
-0.125 0.475 0.0000e+00
-0.125 0.525 0.0000e+00
-0.125 0.575 0.0000e+00
-0.125 0.625 0.0000e+00
-0.125 0.675 0.0000e+00
-0.125 0.725 0.0000e+00
-0.125 0.775 0.0000e+00
-0.125 0.825 0.0000e+00
-0.125 0.875 0.0000e+00
-0.125 0.925 0.0000e+00
-0.125 0.975 0.0000e+00
-0.125 1.025 0.0000e+00
-0.125 1.075 0.0000e+00
-0.125 1.125 0.0000e+00
-0.125 1.175 0.0000e+00
-0.125 1.225 0.0000e+00
-0.125 1.275 0.0000e+00
-0.125 1.325 0.0000e+00
-0.125 1.375 0.0000e+00
-0.125 1.425 0.0000e+00
-0.125 1.475 0.0000e+00
-0.125 1.525 0.0000e+00
-0.125 1.575 0.0000e+00
-0.125 1.625 0.0000e+00
-0.125 1.675 0.0000e+00
-0.125 1.725 0.0000e+00
-0.125 1.775 0.0000e+00
-0.125 1.825 0.0000e+00
-0.125 1.875 0.0000e+00
-0.125 1.925 0.0000e+00
-0.125 1.975 0.0000e+00
-0.125 2.025 0.0000e+00
-0.125 2.075 0.0000e+00
-0.125 2.125 0.0000e+00
-0.125 2.175 0.0000e+00
-0.125 2.225 0.0000e+00
-0.125 2.275 0.0000e+00
-0.125 2.325 0.0000e+00
-0.125 2.375 0.0000e+00
-0.125 2.425 0.0000e+00
-0.125 2.475 0.0000e+00
-0.125 2.525 0.0000e+00
-0.125 2.575 0.0000e+00
-0.125 2.625 0.0000e+00
-0.125 2.675 0.0000e+00
-0.125 2.725 0.0000e+00
-0.125 2.775 0.0000e+00
-0.125 2.825 0.0000e+00
-0.125 2.875 0.0000e+00
-0.125 2.925 0.0000e+00
-0.125 2.975 0.0000e+00
-0.125 3.025 0.0000e+00
-0.125 3.075 0.0000e+00
-0.125 3.125 0.0000e+00
-0.125 3.175 0.0000e+00
-0.125 3.225 0.0000e+00
-0.125 3.275 0.0000e+00
-0.125 3.325 0.0000e+00
-0.125 3.375 0.0000e+00
-0.125 3.425 0.0000e+00
-0.125 3.475 0.0000e+00
-0.125 3.525 0.0000e+00
-0.125 3.575 0.0000e+00
-0.125 3.625 0.0000e+00
-0.125 3.675 0.0000e+00
-0.125 3.725 0.0000e+00
-0.125 3.775 0.0000e+00
-0.125 3.825 0.0000e+00
-0.125 3.875 0.0000e+00
-0.125 3.925 0.0000e+00
-0.125 3.975 0.0000e+00
-0.075 -1.975 0.0000e+00
-0.075 -1.925 0.0000e+00
-0.075 -1.875 0.0000e+00
-0.075 -1.825 0.0000e+00
-0.075 -1.775 0.0000e+00
-0.075 -1.725 0.0000e+00
-0.075 -1.675 0.0000e+00
-0.075 -1.625 0.0000e+00
-0.075 -1.575 0.0000e+00
-0.075 -1.525 0.0000e+00
-0.075 -1.475 0.0000e+00
-0.075 -1.425 0.0000e+00
-0.075 -1.375 0.0000e+00
-0.075 -1.325 0.0000e+00
-0.075 -1.275 0.0000e+00
-0.075 -1.225 0.0000e+00
-0.075 -1.175 0.0000e+00
-0.075 -1.125 0.0000e+00
-0.075 -1.075 0.0000e+00
-0.075 -1.025 0.0000e+00
-0.075 -0.975 0.0000e+00
-0.075 -0.925 0.0000e+00
-0.075 -0.875 0.0000e+00
-0.075 -0.825 0.0000e+00
-0.075 -0.775 0.0000e+00
-0.075 -0.725 0.0000e+00
-0.075 -0.675 0.0000e+00
-0.075 -0.625 0.0000e+00
-0.075 -0.575 0.0000e+00
-0.075 -0.525 0.0000e+00
-0.075 -0.475 0.0000e+00
-0.075 -0.425 0.0000e+00
-0.075 -0.375 0.0000e+00
-0.075 -0.325 0.0000e+00
-0.075 -0.275 0.0000e+00
-0.075 -0.225 0.0000e+00
-0.075 -0.175 0.0000e+00
-0.075 -0.125 0.0000e+00
-0.075 -0.075 0.0000e+00
-0.075 -0.025 0.0000e+00
-0.075 0.025 0.0000e+00
-0.075 0.075 0.0000e+00
-0.075 0.125 0.0000e+00
-0.075 0.175 0.0000e+00
-0.075 0.225 0.0000e+00
-0.075 0.275 0.0000e+00
-0.075 0.325 0.0000e+00
-0.075 0.375 0.0000e+00
-0.075 0.425 0.0000e+00
-0.075 0.475 0.0000e+00
-0.075 0.525 0.0000e+00
-0.075 0.575 0.0000e+00
-0.075 0.625 0.0000e+00
-0.075 0.675 0.0000e+00
-0.075 0.725 0.0000e+00
-0.075 0.775 0.0000e+00
-0.075 0.825 0.0000e+00
-0.075 0.875 0.0000e+00
-0.075 0.925 0.0000e+00
-0.075 0.975 0.0000e+00
-0.075 1.025 0.0000e+00
-0.075 1.075 0.0000e+00
-0.075 1.125 0.0000e+00
-0.075 1.175 0.0000e+00
-0.075 1.225 0.0000e+00
-0.075 1.275 0.0000e+00
-0.075 1.325 0.0000e+00
-0.075 1.375 0.0000e+00
-0.075 1.425 0.0000e+00
-0.075 1.475 0.0000e+00
-0.075 1.525 0.0000e+00
-0.075 1.575 0.0000e+00
-0.075 1.625 0.0000e+00
-0.075 1.675 0.0000e+00
-0.075 1.725 0.0000e+00
-0.075 1.775 0.0000e+00
-0.075 1.825 0.0000e+00
-0.075 1.875 0.0000e+00
-0.075 1.925 0.0000e+00
-0.075 1.975 0.0000e+00
-0.075 2.025 0.0000e+00
-0.075 2.075 0.0000e+00
-0.075 2.125 0.0000e+00
-0.075 2.175 0.0000e+00
-0.075 2.225 0.0000e+00
-0.075 2.275 0.0000e+00
-0.075 2.325 0.0000e+00
-0.075 2.375 0.0000e+00
-0.075 2.425 0.0000e+00
-0.075 2.475 0.0000e+00
-0.075 2.525 0.0000e+00
-0.075 2.575 0.0000e+00
-0.075 2.625 0.0000e+00
-0.075 2.675 0.0000e+00
-0.075 2.725 0.0000e+00
-0.075 2.775 0.0000e+00
-0.075 2.825 0.0000e+00
-0.075 2.875 0.0000e+00
-0.075 2.925 0.0000e+00
-0.075 2.975 0.0000e+00
-0.075 3.025 0.0000e+00
-0.075 3.075 0.0000e+00
-0.075 3.125 0.0000e+00
-0.075 3.175 0.0000e+00
-0.075 3.225 0.0000e+00
-0.075 3.275 0.0000e+00
-0.075 3.325 0.0000e+00
-0.075 3.375 0.0000e+00
-0.075 3.425 0.0000e+00
-0.075 3.475 0.0000e+00
-0.075 3.525 0.0000e+00
-0.075 3.575 0.0000e+00
-0.075 3.625 0.0000e+00
-0.075 3.675 0.0000e+00
-0.075 3.725 0.0000e+00
-0.075 3.775 0.0000e+00
-0.075 3.825 0.0000e+00
-0.075 3.875 0.0000e+00
-0.075 3.925 0.0000e+00
-0.075 3.975 0.0000e+00
-0.025 -1.975 0.0000e+00
-0.025 -1.925 0.0000e+00
-0.025 -1.875 0.0000e+00
-0.025 -1.825 0.0000e+00
-0.025 -1.775 0.0000e+00
-0.025 -1.725 0.0000e+00
-0.025 -1.675 0.0000e+00
-0.025 -1.625 0.0000e+00
-0.025 -1.575 0.0000e+00
-0.025 -1.525 0.0000e+00
-0.025 -1.475 0.0000e+00
-0.025 -1.425 0.0000e+00
-0.025 -1.375 0.0000e+00
-0.025 -1.325 0.0000e+00
-0.025 -1.275 0.0000e+00
-0.025 -1.225 0.0000e+00
-0.025 -1.175 0.0000e+00
-0.025 -1.125 0.0000e+00
-0.025 -1.075 0.0000e+00
-0.025 -1.025 0.0000e+00
-0.025 -0.975 0.0000e+00
-0.025 -0.925 0.0000e+00
-0.025 -0.875 0.0000e+00
-0.025 -0.825 0.0000e+00
-0.025 -0.775 0.0000e+00
-0.025 -0.725 0.0000e+00
-0.025 -0.675 0.0000e+00
-0.025 -0.625 0.0000e+00
-0.025 -0.575 0.0000e+00
-0.025 -0.525 0.0000e+00
-0.025 -0.475 0.0000e+00
-0.025 -0.425 0.0000e+00
-0.025 -0.375 0.0000e+00
-0.025 -0.325 0.0000e+00
-0.025 -0.275 0.0000e+00
-0.025 -0.225 0.0000e+00
-0.025 -0.175 0.0000e+00
-0.025 -0.125 0.0000e+00
-0.025 -0.075 0.0000e+00
-0.025 -0.025 0.0000e+00
-0.025 0.025 0.0000e+00
-0.025 0.075 0.0000e+00
-0.025 0.125 0.0000e+00
-0.025 0.175 0.0000e+00
-0.025 0.225 0.0000e+00
-0.025 0.275 0.0000e+00
-0.025 0.325 0.0000e+00
-0.025 0.375 0.0000e+00
-0.025 0.425 0.0000e+00
-0.025 0.475 0.0000e+00
-0.025 0.525 0.0000e+00
-0.025 0.575 0.0000e+00
-0.025 0.625 0.0000e+00
-0.025 0.675 0.0000e+00
-0.025 0.725 0.0000e+00
-0.025 0.775 0.0000e+00
-0.025 0.825 0.0000e+00
-0.025 0.875 0.0000e+00
-0.025 0.925 0.0000e+00
-0.025 0.975 0.0000e+00
-0.025 1.025 0.0000e+00
-0.025 1.075 0.0000e+00
-0.025 1.125 0.0000e+00
-0.025 1.175 0.0000e+00
-0.025 1.225 0.0000e+00
-0.025 1.275 0.0000e+00
-0.025 1.325 0.0000e+00
-0.025 1.375 0.0000e+00
-0.025 1.425 0.0000e+00
-0.025 1.475 0.0000e+00
-0.025 1.525 0.0000e+00
-0.025 1.575 0.0000e+00
-0.025 1.625 0.0000e+00
-0.025 1.675 0.0000e+00
-0.025 1.725 0.0000e+00
-0.025 1.775 0.0000e+00
-0.025 1.825 0.0000e+00
-0.025 1.875 0.0000e+00
-0.025 1.925 0.0000e+00
-0.025 1.975 0.0000e+00
-0.025 2.025 0.0000e+00
-0.025 2.075 0.0000e+00
-0.025 2.125 0.0000e+00
-0.025 2.175 0.0000e+00
-0.025 2.225 0.0000e+00
-0.025 2.275 0.0000e+00
-0.025 2.325 0.0000e+00
-0.025 2.375 0.0000e+00
-0.025 2.425 0.0000e+00
-0.025 2.475 0.0000e+00
-0.025 2.525 0.0000e+00
-0.025 2.575 0.0000e+00
-0.025 2.625 0.0000e+00
-0.025 2.675 0.0000e+00
-0.025 2.725 0.0000e+00
-0.025 2.775 0.0000e+00
-0.025 2.825 0.0000e+00
-0.025 2.875 0.0000e+00
-0.025 2.925 0.0000e+00
-0.025 2.975 0.0000e+00
-0.025 3.025 0.0000e+00
-0.025 3.075 0.0000e+00
-0.025 3.125 0.0000e+00
-0.025 3.175 0.0000e+00
-0.025 3.225 0.0000e+00
-0.025 3.275 0.0000e+00
-0.025 3.325 0.0000e+00
-0.025 3.375 0.0000e+00
-0.025 3.425 0.0000e+00
-0.025 3.475 0.0000e+00
-0.025 3.525 0.0000e+00
-0.025 3.575 0.0000e+00
-0.025 3.625 0.0000e+00
-0.025 3.675 0.0000e+00
-0.025 3.725 0.0000e+00
-0.025 3.775 0.0000e+00
-0.025 3.825 0.0000e+00
-0.025 3.875 0.0000e+00
-0.025 3.925 0.0000e+00
-0.025 3.975 0.0000e+00
0.025 -1.975 0.0000e+00
0.025 -1.925 0.0000e+00
0.025 -1.875 0.0000e+00
0.025 -1.825 0.0000e+00
0.025 -1.775 0.0000e+00
0.025 -1.725 0.0000e+00
0.025 -1.675 0.0000e+00
0.025 -1.625 0.0000e+00
0.025 -1.575 0.0000e+00
0.025 -1.525 0.0000e+00
0.025 -1.475 0.0000e+00
0.025 -1.425 0.0000e+00
0.025 -1.375 0.0000e+00
0.025 -1.325 0.0000e+00
0.025 -1.275 0.0000e+00
0.025 -1.225 0.0000e+00
0.025 -1.175 0.0000e+00
0.025 -1.125 0.0000e+00
0.025 -1.075 0.0000e+00
0.025 -1.025 0.0000e+00
0.025 -0.975 0.0000e+00
0.025 -0.925 0.0000e+00
0.025 -0.875 0.0000e+00
0.025 -0.825 0.0000e+00
0.025 -0.775 0.0000e+00
0.025 -0.725 0.0000e+00
0.025 -0.675 0.0000e+00
0.025 -0.625 0.0000e+00
0.025 -0.575 0.0000e+00
0.025 -0.525 0.0000e+00
0.025 -0.475 0.0000e+00
0.025 -0.425 0.0000e+00
0.025 -0.375 0.0000e+00
0.025 -0.325 0.0000e+00
0.025 -0.275 0.0000e+00
0.025 -0.225 0.0000e+00
0.025 -0.175 0.0000e+00
0.025 -0.125 0.0000e+00
0.025 -0.075 0.0000e+00
0.025 -0.025 0.0000e+00
0.025 0.025 0.0000e+00
0.025 0.075 0.0000e+00
0.025 0.125 0.0000e+00
0.025 0.175 0.0000e+00
0.025 0.225 0.0000e+00
0.025 0.275 0.0000e+00
0.025 0.325 0.0000e+00
0.025 0.375 0.0000e+00
0.025 0.425 0.0000e+00
0.025 0.475 0.0000e+00
0.025 0.525 0.0000e+00
0.025 0.575 0.0000e+00
0.025 0.625 0.0000e+00
0.025 0.675 0.0000e+00
0.025 0.725 0.0000e+00
0.025 0.775 0.0000e+00
0.025 0.825 0.0000e+00
0.025 0.875 0.0000e+00
0.025 0.925 0.0000e+00
0.025 0.975 0.0000e+00
0.025 1.025 0.0000e+00
0.025 1.075 0.0000e+00
0.025 1.125 0.0000e+00
0.025 1.175 0.0000e+00
0.025 1.225 0.0000e+00
0.025 1.275 0.0000e+00
0.025 1.325 0.0000e+00
0.025 1.375 0.0000e+00
0.025 1.425 0.0000e+00
0.025 1.475 0.0000e+00
0.025 1.525 0.0000e+00
0.025 1.575 0.0000e+00
0.025 1.625 0.0000e+00
0.025 1.675 0.0000e+00
0.025 1.725 0.0000e+00
0.025 1.775 0.0000e+00
0.025 1.825 0.0000e+00
0.025 1.875 0.0000e+00
0.025 1.925 0.0000e+00
0.025 1.975 0.0000e+00
0.025 2.025 0.0000e+00
0.025 2.075 0.0000e+00
0.025 2.125 0.0000e+00
0.025 2.175 0.0000e+00
0.025 2.225 0.0000e+00
0.025 2.275 0.0000e+00
0.025 2.325 0.0000e+00
0.025 2.375 0.0000e+00
0.025 2.425 0.0000e+00
0.025 2.475 0.0000e+00
0.025 2.525 0.0000e+00
0.025 2.575 0.0000e+00
0.025 2.625 0.0000e+00
0.025 2.675 0.0000e+00
0.025 2.725 0.0000e+00
0.025 2.775 0.0000e+00
0.025 2.825 0.0000e+00
0.025 2.875 0.0000e+00
0.025 2.925 0.0000e+00
0.025 2.975 0.0000e+00
0.025 3.025 0.0000e+00
0.025 3.075 0.0000e+00
0.025 3.125 0.0000e+00
0.025 3.175 0.0000e+00
0.025 3.225 0.0000e+00
0.025 3.275 0.0000e+00
0.025 3.325 0.0000e+00
0.025 3.375 0.0000e+00
0.025 3.425 0.0000e+00
0.025 3.475 0.0000e+00
0.025 3.525 0.0000e+00
0.025 3.575 0.0000e+00
0.025 3.625 0.0000e+00
0.025 3.675 0.0000e+00
0.025 3.725 0.0000e+00
0.025 3.775 0.0000e+00
0.025 3.825 0.0000e+00
0.025 3.875 0.0000e+00
0.025 3.925 0.0000e+00
0.025 3.975 0.0000e+00
0.075 -1.975 0.0000e+00
0.075 -1.925 0.0000e+00
0.075 -1.875 0.0000e+00
0.075 -1.825 0.0000e+00
0.075 -1.775 0.0000e+00
0.075 -1.725 0.0000e+00
0.075 -1.675 0.0000e+00
0.075 -1.625 0.0000e+00
0.075 -1.575 0.0000e+00
0.075 -1.525 0.0000e+00
0.075 -1.475 0.0000e+00
0.075 -1.425 0.0000e+00
0.075 -1.375 0.0000e+00
0.075 -1.325 0.0000e+00
0.075 -1.275 0.0000e+00
0.075 -1.225 0.0000e+00
0.075 -1.175 0.0000e+00
0.075 -1.125 0.0000e+00
0.075 -1.075 0.0000e+00
0.075 -1.025 0.0000e+00
0.075 -0.975 0.0000e+00
0.075 -0.925 0.0000e+00
0.075 -0.875 0.0000e+00
0.075 -0.825 0.0000e+00
0.075 -0.775 0.0000e+00
0.075 -0.725 0.0000e+00
0.075 -0.675 0.0000e+00
0.075 -0.625 0.0000e+00
0.075 -0.575 0.0000e+00
0.075 -0.525 0.0000e+00
0.075 -0.475 0.0000e+00
0.075 -0.425 0.0000e+00
0.075 -0.375 0.0000e+00
0.075 -0.325 0.0000e+00
0.075 -0.275 0.0000e+00
0.075 -0.225 0.0000e+00
0.075 -0.175 0.0000e+00
0.075 -0.125 0.0000e+00
0.075 -0.075 0.0000e+00
0.075 -0.025 0.0000e+00
0.075 0.025 0.0000e+00
0.075 0.075 0.0000e+00
0.075 0.125 0.0000e+00
0.075 0.175 0.0000e+00
0.075 0.225 0.0000e+00
0.075 0.275 0.0000e+00
0.075 0.325 0.0000e+00
0.075 0.375 0.0000e+00
0.075 0.425 0.0000e+00
0.075 0.475 0.0000e+00
0.075 0.525 0.0000e+00
0.075 0.575 0.0000e+00
0.075 0.625 0.0000e+00
0.075 0.675 0.0000e+00
0.075 0.725 0.0000e+00
0.075 0.775 0.0000e+00
0.075 0.825 0.0000e+00
0.075 0.875 0.0000e+00
0.075 0.925 0.0000e+00
0.075 0.975 0.0000e+00
0.075 1.025 0.0000e+00
0.075 1.075 0.0000e+00
0.075 1.125 0.0000e+00
0.075 1.175 0.0000e+00
0.075 1.225 0.0000e+00
0.075 1.275 0.0000e+00
0.075 1.325 0.0000e+00
0.075 1.375 0.0000e+00
0.075 1.425 0.0000e+00
0.075 1.475 0.0000e+00
0.075 1.525 0.0000e+00
0.075 1.575 0.0000e+00
0.075 1.625 0.0000e+00
0.075 1.675 0.0000e+00
0.075 1.725 0.0000e+00
0.075 1.775 0.0000e+00
0.075 1.825 0.0000e+00
0.075 1.875 0.0000e+00
0.075 1.925 0.0000e+00
0.075 1.975 0.0000e+00
0.075 2.025 0.0000e+00
0.075 2.075 0.0000e+00
0.075 2.125 0.0000e+00
0.075 2.175 0.0000e+00
0.075 2.225 0.0000e+00
0.075 2.275 0.0000e+00
0.075 2.325 0.0000e+00
0.075 2.375 0.0000e+00
0.075 2.425 0.0000e+00
0.075 2.475 0.0000e+00
0.075 2.525 0.0000e+00
0.075 2.575 0.0000e+00
0.075 2.625 0.0000e+00
0.075 2.675 0.0000e+00
0.075 2.725 0.0000e+00
0.075 2.775 0.0000e+00
0.075 2.825 0.0000e+00
0.075 2.875 0.0000e+00
0.075 2.925 0.0000e+00
0.075 2.975 0.0000e+00
0.075 3.025 0.0000e+00
0.075 3.075 0.0000e+00
0.075 3.125 0.0000e+00
0.075 3.175 0.0000e+00
0.075 3.225 0.0000e+00
0.075 3.275 0.0000e+00
0.075 3.325 0.0000e+00
0.075 3.375 0.0000e+00
0.075 3.425 0.0000e+00
0.075 3.475 0.0000e+00
0.075 3.525 0.0000e+00
0.075 3.575 0.0000e+00
0.075 3.625 0.0000e+00
0.075 3.675 0.0000e+00
0.075 3.725 0.0000e+00
0.075 3.775 0.0000e+00
0.075 3.825 0.0000e+00
0.075 3.875 0.0000e+00
0.075 3.925 0.0000e+00
0.075 3.975 0.0000e+00
0.125 -1.975 0.0000e+00
0.125 -1.925 0.0000e+00
0.125 -1.875 0.0000e+00
0.125 -1.825 0.0000e+00
0.125 -1.775 0.0000e+00
0.125 -1.725 0.0000e+00
0.125 -1.675 0.0000e+00
0.125 -1.625 0.0000e+00
0.125 -1.575 0.0000e+00
0.125 -1.525 0.0000e+00
0.125 -1.475 0.0000e+00
0.125 -1.425 0.0000e+00
0.125 -1.375 0.0000e+00
0.125 -1.325 0.0000e+00
0.125 -1.275 0.0000e+00
0.125 -1.225 0.0000e+00
0.125 -1.175 0.0000e+00
0.125 -1.125 0.0000e+00
0.125 -1.075 0.0000e+00
0.125 -1.025 0.0000e+00
0.125 -0.975 0.0000e+00
0.125 -0.925 0.0000e+00
0.125 -0.875 0.0000e+00
0.125 -0.825 0.0000e+00
0.125 -0.775 0.0000e+00
0.125 -0.725 0.0000e+00
0.125 -0.675 0.0000e+00
0.125 -0.625 0.0000e+00
0.125 -0.575 0.0000e+00
0.125 -0.525 0.0000e+00
0.125 -0.475 0.0000e+00
0.125 -0.425 0.0000e+00
0.125 -0.375 0.0000e+00
0.125 -0.325 0.0000e+00
0.125 -0.275 0.0000e+00
0.125 -0.225 0.0000e+00
0.125 -0.175 0.0000e+00
0.125 -0.125 0.0000e+00
0.125 -0.075 0.0000e+00
0.125 -0.025 0.0000e+00
0.125 0.025 0.0000e+00
0.125 0.075 0.0000e+00
0.125 0.125 0.0000e+00
0.125 0.175 0.0000e+00
0.125 0.225 0.0000e+00
0.125 0.275 0.0000e+00
0.125 0.325 0.0000e+00
0.125 0.375 0.0000e+00
0.125 0.425 0.0000e+00
0.125 0.475 0.0000e+00
0.125 0.525 0.0000e+00
0.125 0.575 0.0000e+00
0.125 0.625 0.0000e+00
0.125 0.675 0.0000e+00
0.125 0.725 0.0000e+00
0.125 0.775 0.0000e+00
0.125 0.825 0.0000e+00
0.125 0.875 0.0000e+00
0.125 0.925 0.0000e+00
0.125 0.975 0.0000e+00
0.125 1.025 0.0000e+00
0.125 1.075 0.0000e+00
0.125 1.125 0.0000e+00
0.125 1.175 0.0000e+00
0.125 1.225 0.0000e+00
0.125 1.275 0.0000e+00
0.125 1.325 0.0000e+00
0.125 1.375 0.0000e+00
0.125 1.425 0.0000e+00
0.125 1.475 0.0000e+00
0.125 1.525 0.0000e+00
0.125 1.575 0.0000e+00
0.125 1.625 0.0000e+00
0.125 1.675 0.0000e+00
0.125 1.725 0.0000e+00
0.125 1.775 0.0000e+00
0.125 1.825 0.0000e+00
0.125 1.875 0.0000e+00
0.125 1.925 0.0000e+00
0.125 1.975 0.0000e+00
0.125 2.025 0.0000e+00
0.125 2.075 0.0000e+00
0.125 2.125 0.0000e+00
0.125 2.175 0.0000e+00
0.125 2.225 0.0000e+00
0.125 2.275 0.0000e+00
0.125 2.325 0.0000e+00
0.125 2.375 0.0000e+00
0.125 2.425 0.0000e+00
0.125 2.475 0.0000e+00
0.125 2.525 0.0000e+00
0.125 2.575 0.0000e+00
0.125 2.625 0.0000e+00
0.125 2.675 0.0000e+00
0.125 2.725 0.0000e+00
0.125 2.775 0.0000e+00
0.125 2.825 0.0000e+00
0.125 2.875 0.0000e+00
0.125 2.925 0.0000e+00
0.125 2.975 0.0000e+00
0.125 3.025 0.0000e+00
0.125 3.075 0.0000e+00
0.125 3.125 0.0000e+00
0.125 3.175 0.0000e+00
0.125 3.225 0.0000e+00
0.125 3.275 0.0000e+00
0.125 3.325 0.0000e+00
0.125 3.375 0.0000e+00
0.125 3.425 0.0000e+00
0.125 3.475 0.0000e+00
0.125 3.525 0.0000e+00
0.125 3.575 0.0000e+00
0.125 3.625 0.0000e+00
0.125 3.675 0.0000e+00
0.125 3.725 0.0000e+00
0.125 3.775 0.0000e+00
0.125 3.825 0.0000e+00
0.125 3.875 0.0000e+00
0.125 3.925 0.0000e+00
0.125 3.975 0.0000e+00
0.175 -1.975 0.0000e+00
0.175 -1.925 0.0000e+00
0.175 -1.875 0.0000e+00
0.175 -1.825 0.0000e+00
0.175 -1.775 0.0000e+00
0.175 -1.725 0.0000e+00
0.175 -1.675 0.0000e+00
0.175 -1.625 0.0000e+00
0.175 -1.575 0.0000e+00
0.175 -1.525 0.0000e+00
0.175 -1.475 0.0000e+00
0.175 -1.425 0.0000e+00
0.175 -1.375 0.0000e+00
0.175 -1.325 0.0000e+00
0.175 -1.275 0.0000e+00
0.175 -1.225 0.0000e+00
0.175 -1.175 0.0000e+00
0.175 -1.125 0.0000e+00
0.175 -1.075 0.0000e+00
0.175 -1.025 0.0000e+00
0.175 -0.975 0.0000e+00
0.175 -0.925 0.0000e+00
0.175 -0.875 0.0000e+00
0.175 -0.825 0.0000e+00
0.175 -0.775 0.0000e+00
0.175 -0.725 0.0000e+00
0.175 -0.675 0.0000e+00
0.175 -0.625 0.0000e+00
0.175 -0.575 0.0000e+00
0.175 -0.525 0.0000e+00
0.175 -0.475 0.0000e+00
0.175 -0.425 0.0000e+00
0.175 -0.375 0.0000e+00
0.175 -0.325 0.0000e+00
0.175 -0.275 0.0000e+00
0.175 -0.225 0.0000e+00
0.175 -0.175 0.0000e+00
0.175 -0.125 0.0000e+00
0.175 -0.075 0.0000e+00
0.175 -0.025 0.0000e+00
0.175 0.025 0.0000e+00
0.175 0.075 0.0000e+00
0.175 0.125 0.0000e+00
0.175 0.175 0.0000e+00
0.175 0.225 0.0000e+00
0.175 0.275 0.0000e+00
0.175 0.325 0.0000e+00
0.175 0.375 0.0000e+00
0.175 0.425 0.0000e+00
0.175 0.475 0.0000e+00
0.175 0.525 0.0000e+00
0.175 0.575 0.0000e+00
0.175 0.625 0.0000e+00
0.175 0.675 0.0000e+00
0.175 0.725 0.0000e+00
0.175 0.775 0.0000e+00
0.175 0.825 0.0000e+00
0.175 0.875 0.0000e+00
0.175 0.925 0.0000e+00
0.175 0.975 0.0000e+00
0.175 1.025 0.0000e+00
0.175 1.075 0.0000e+00
0.175 1.125 0.0000e+00
0.175 1.175 0.0000e+00
0.175 1.225 0.0000e+00
0.175 1.275 0.0000e+00
0.175 1.325 0.0000e+00
0.175 1.375 0.0000e+00
0.175 1.425 0.0000e+00
0.175 1.475 0.0000e+00
0.175 1.525 0.0000e+00
0.175 1.575 0.0000e+00
0.175 1.625 0.0000e+00
0.175 1.675 0.0000e+00
0.175 1.725 0.0000e+00
0.175 1.775 0.0000e+00
0.175 1.825 0.0000e+00
0.175 1.875 0.0000e+00
0.175 1.925 0.0000e+00
0.175 1.975 0.0000e+00
0.175 2.025 0.0000e+00
0.175 2.075 0.0000e+00
0.175 2.125 0.0000e+00
0.175 2.175 0.0000e+00
0.175 2.225 0.0000e+00
0.175 2.275 0.0000e+00
0.175 2.325 0.0000e+00
0.175 2.375 0.0000e+00
0.175 2.425 0.0000e+00
0.175 2.475 0.0000e+00
0.175 2.525 0.0000e+00
0.175 2.575 0.0000e+00
0.175 2.625 0.0000e+00
0.175 2.675 0.0000e+00
0.175 2.725 0.0000e+00
0.175 2.775 0.0000e+00
0.175 2.825 0.0000e+00
0.175 2.875 0.0000e+00
0.175 2.925 0.0000e+00
0.175 2.975 0.0000e+00
0.175 3.025 0.0000e+00
0.175 3.075 0.0000e+00
0.175 3.125 0.0000e+00
0.175 3.175 0.0000e+00
0.175 3.225 0.0000e+00
0.175 3.275 0.0000e+00
0.175 3.325 0.0000e+00
0.175 3.375 0.0000e+00
0.175 3.425 0.0000e+00
0.175 3.475 0.0000e+00
0.175 3.525 0.0000e+00
0.175 3.575 0.0000e+00
0.175 3.625 0.0000e+00
0.175 3.675 0.0000e+00
0.175 3.725 0.0000e+00
0.175 3.775 0.0000e+00
0.175 3.825 0.0000e+00
0.175 3.875 0.0000e+00
0.175 3.925 0.0000e+00
0.175 3.975 0.0000e+00
