-4.975 0.025 0.0000e+00
-4.975 0.075 0.0000e+00
-4.975 0.125 0.0000e+00
-4.975 0.175 0.0000e+00
-4.975 0.225 0.0000e+00
-4.975 0.275 0.0000e+00
-4.975 0.325 0.0000e+00
-4.975 0.375 0.0000e+00
-4.975 0.425 0.0000e+00
-4.975 0.475 0.0000e+00
-4.975 0.525 0.0000e+00
-4.975 0.575 0.0000e+00
-4.975 0.625 0.0000e+00
-4.975 0.675 0.0000e+00
-4.975 0.725 0.0000e+00
-4.975 0.775 0.0000e+00
-4.975 0.825 0.0000e+00
-4.975 0.875 0.0000e+00
-4.975 0.925 0.0000e+00
-4.975 0.975 0.0000e+00
-4.975 1.025 0.0000e+00
-4.975 1.075 0.0000e+00
-4.975 1.125 0.0000e+00
-4.975 1.175 0.0000e+00
-4.975 1.225 0.0000e+00
-4.975 1.275 0.0000e+00
-4.975 1.325 0.0000e+00
-4.975 1.375 0.0000e+00
-4.975 1.425 0.0000e+00
-4.975 1.475 0.0000e+00
-4.975 1.525 0.0000e+00
-4.975 1.575 0.0000e+00
-4.975 1.625 0.0000e+00
-4.975 1.675 0.0000e+00
-4.975 1.725 0.0000e+00
-4.975 1.775 0.0000e+00
-4.975 1.825 0.0000e+00
-4.975 1.875 0.0000e+00
-4.975 1.925 0.0000e+00
-4.975 1.975 0.0000e+00
-4.975 2.025 9.0252e-05
-4.975 2.075 8.1033e-04
-4.975 2.125 1.2446e-03
-4.975 2.175 7.4210e-03
-4.975 2.225 3.3400e-01
-4.975 2.275 2.5511e-03
-4.975 2.325 3.7547e-02
-4.975 2.375 7.6371e-03
-4.975 2.425 1.9749e-01
-4.975 2.475 1.3080e-02
-4.975 2.525 3.4488e+02
-4.975 2.575 3.5457e-02
-4.975 2.625 2.0510e-02
-4.975 2.675 1.1652e-01
-4.975 2.725 1.5811e-01
-4.975 2.775 5.7816e+00
-4.975 2.825 4.8776e-01
-4.975 2.875 2.8112e-01
-4.975 2.925 1.5807e+00
-4.975 2.975 1.5992e+01
-4.975 3.025 2.5649e+01
-4.975 3.075 4.5163e+00
-4.975 3.125 5.9719e+01
-4.975 3.175 4.7209e+01
-4.975 3.225 2.7514e+01
-4.975 3.275 1.0050e+01
-4.975 3.325 7.4070e+01
-4.975 3.375 1.0857e+03
-4.975 3.425 6.2009e+02
-4.975 3.475 2.0991e+02
-4.975 3.525 7.3241e+02
-4.975 3.575 5.4782e+03
-4.975 3.625 1.3608e+03
-4.975 3.675 4.9702e+03
-4.975 3.725 2.9177e+04
-4.975 3.775 4.7755e+03
-4.975 3.825 0.0000e+00
-4.975 3.875 0.0000e+00
-4.975 3.925 0.0000e+00
-4.975 3.975 0.0000e+00
-4.925 0.025 0.0000e+00
-4.925 0.075 0.0000e+00
-4.925 0.125 0.0000e+00
-4.925 0.175 0.0000e+00
-4.925 0.225 0.0000e+00
-4.925 0.275 0.0000e+00
-4.925 0.325 0.0000e+00
-4.925 0.375 0.0000e+00
-4.925 0.425 0.0000e+00
-4.925 0.475 0.0000e+00
-4.925 0.525 0.0000e+00
-4.925 0.575 0.0000e+00
-4.925 0.625 0.0000e+00
-4.925 0.675 0.0000e+00
-4.925 0.725 0.0000e+00
-4.925 0.775 0.0000e+00
-4.925 0.825 0.0000e+00
-4.925 0.875 0.0000e+00
-4.925 0.925 0.0000e+00
-4.925 0.975 0.0000e+00
-4.925 1.025 0.0000e+00
-4.925 1.075 0.0000e+00
-4.925 1.125 0.0000e+00
-4.925 1.175 0.0000e+00
-4.925 1.225 0.0000e+00
-4.925 1.275 0.0000e+00
-4.925 1.325 0.0000e+00
-4.925 1.375 0.0000e+00
-4.925 1.425 0.0000e+00
-4.925 1.475 0.0000e+00
-4.925 1.525 0.0000e+00
-4.925 1.575 0.0000e+00
-4.925 1.625 0.0000e+00
-4.925 1.675 0.0000e+00
-4.925 1.725 0.0000e+00
-4.925 1.775 0.0000e+00
-4.925 1.825 0.0000e+00
-4.925 1.875 0.0000e+00
-4.925 1.925 0.0000e+00
-4.925 1.975 0.0000e+00
-4.925 2.025 5.2032e-03
-4.925 2.075 8.4701e-04
-4.925 2.125 4.1492e-04
-4.925 2.175 2.5004e-02
-4.925 2.225 1.1066e-02
-4.925 2.275 1.1341e-01
-4.925 2.325 1.9022e-03
-4.925 2.375 2.2291e-02
-4.925 2.425 8.8575e-01
-4.925 2.475 1.4198e-02
-4.925 2.525 1.3041e-01
-4.925 2.575 1.9995e-01
-4.925 2.625 2.2767e+00
-4.925 2.675 5.2353e-01
-4.925 2.725 5.4232e-01
-4.925 2.775 1.8185e+00
-4.925 2.825 5.5853e+00
-4.925 2.875 5.3266e+00
-4.925 2.925 3.1741e+00
-4.925 2.975 1.6488e+00
-4.925 3.025 2.0258e+01
-4.925 3.075 1.3552e+02
-4.925 3.125 5.5425e+01
-4.925 3.175 2.5355e+02
-4.925 3.225 3.8254e+01
-4.925 3.275 3.4619e+01
-4.925 3.325 7.2981e+02
-4.925 3.375 1.2349e+03
-4.925 3.425 9.8848e+03
-4.925 3.475 1.1575e+03
-4.925 3.525 7.7415e+02
-4.925 3.575 1.3351e+03
-4.925 3.625 6.8715e+03
-4.925 3.675 3.2381e+03
-4.925 3.725 3.3931e+03
-4.925 3.775 1.0332e+04
-4.925 3.825 0.0000e+00
-4.925 3.875 0.0000e+00
-4.925 3.925 0.0000e+00
-4.925 3.975 0.0000e+00
-4.875 0.025 0.0000e+00
-4.875 0.075 0.0000e+00
-4.875 0.125 0.0000e+00
-4.875 0.175 0.0000e+00
-4.875 0.225 0.0000e+00
-4.875 0.275 0.0000e+00
-4.875 0.325 0.0000e+00
-4.875 0.375 0.0000e+00
-4.875 0.425 0.0000e+00
-4.875 0.475 0.0000e+00
-4.875 0.525 0.0000e+00
-4.875 0.575 0.0000e+00
-4.875 0.625 0.0000e+00
-4.875 0.675 0.0000e+00
-4.875 0.725 0.0000e+00
-4.875 0.775 0.0000e+00
-4.875 0.825 0.0000e+00
-4.875 0.875 0.0000e+00
-4.875 0.925 0.0000e+00
-4.875 0.975 0.0000e+00
-4.875 1.025 0.0000e+00
-4.875 1.075 0.0000e+00
-4.875 1.125 0.0000e+00
-4.875 1.175 0.0000e+00
-4.875 1.225 0.0000e+00
-4.875 1.275 0.0000e+00
-4.875 1.325 0.0000e+00
-4.875 1.375 0.0000e+00
-4.875 1.425 0.0000e+00
-4.875 1.475 0.0000e+00
-4.875 1.525 0.0000e+00
-4.875 1.575 0.0000e+00
-4.875 1.625 0.0000e+00
-4.875 1.675 0.0000e+00
-4.875 1.725 0.0000e+00
-4.875 1.775 0.0000e+00
-4.875 1.825 0.0000e+00
-4.875 1.875 0.0000e+00
-4.875 1.925 0.0000e+00
-4.875 1.975 0.0000e+00
-4.875 2.025 9.3308e-04
-4.875 2.075 1.4014e-02
-4.875 2.125 6.1930e-03
-4.875 2.175 1.7860e-03
-4.875 2.225 3.8662e-03
-4.875 2.275 2.0102e-02
-4.875 2.325 4.3294e-02
-4.875 2.375 1.2833e-01
-4.875 2.425 3.9715e-02
-4.875 2.475 1.3698e-02
-4.875 2.525 9.2640e+00
-4.875 2.575 2.9977e-01
-4.875 2.625 1.4895e-01
-4.875 2.675 6.4481e-02
-4.875 2.725 2.1358e-01
-4.875 2.775 3.3246e-01
-4.875 2.825 4.1130e-01
-4.875 2.875 7.8367e+01
-4.875 2.925 1.9427e+01
-4.875 2.975 4.9678e+00
-4.875 3.025 3.3700e+01
-4.875 3.075 4.2864e+01
-4.875 3.125 9.3766e+01
-4.875 3.175 2.4221e+01
-4.875 3.225 3.2017e+02
-4.875 3.275 3.5836e+01
-4.875 3.325 4.1799e+02
-4.875 3.375 1.0051e+03
-4.875 3.425 6.2653e+02
-4.875 3.475 1.4550e+04
-4.875 3.525 2.6291e+03
-4.875 3.575 4.4137e+03
-4.875 3.625 8.3545e+03
-4.875 3.675 1.0285e+04
-4.875 3.725 4.3530e+03
-4.875 3.775 4.9777e+03
-4.875 3.825 0.0000e+00
-4.875 3.875 0.0000e+00
-4.875 3.925 0.0000e+00
-4.875 3.975 0.0000e+00
-4.825 0.025 0.0000e+00
-4.825 0.075 0.0000e+00
-4.825 0.125 0.0000e+00
-4.825 0.175 0.0000e+00
-4.825 0.225 0.0000e+00
-4.825 0.275 0.0000e+00
-4.825 0.325 0.0000e+00
-4.825 0.375 0.0000e+00
-4.825 0.425 0.0000e+00
-4.825 0.475 0.0000e+00
-4.825 0.525 0.0000e+00
-4.825 0.575 0.0000e+00
-4.825 0.625 0.0000e+00
-4.825 0.675 0.0000e+00
-4.825 0.725 0.0000e+00
-4.825 0.775 0.0000e+00
-4.825 0.825 0.0000e+00
-4.825 0.875 0.0000e+00
-4.825 0.925 0.0000e+00
-4.825 0.975 0.0000e+00
-4.825 1.025 0.0000e+00
-4.825 1.075 0.0000e+00
-4.825 1.125 0.0000e+00
-4.825 1.175 0.0000e+00
-4.825 1.225 0.0000e+00
-4.825 1.275 0.0000e+00
-4.825 1.325 0.0000e+00
-4.825 1.375 0.0000e+00
-4.825 1.425 0.0000e+00
-4.825 1.475 0.0000e+00
-4.825 1.525 0.0000e+00
-4.825 1.575 0.0000e+00
-4.825 1.625 0.0000e+00
-4.825 1.675 0.0000e+00
-4.825 1.725 0.0000e+00
-4.825 1.775 0.0000e+00
-4.825 1.825 0.0000e+00
-4.825 1.875 0.0000e+00
-4.825 1.925 0.0000e+00
-4.825 1.975 0.0000e+00
-4.825 2.025 5.4308e-05
-4.825 2.075 4.8585e-04
-4.825 2.125 3.1251e-02
-4.825 2.175 6.1201e-03
-4.825 2.225 4.8592e-02
-4.825 2.275 2.2689e-03
-4.825 2.325 1.9537e+02
-4.825 2.375 8.1215e-02
-4.825 2.425 6.1894e-03
-4.825 2.475 7.2071e-02
-4.825 2.525 3.8739e-02
-4.825 2.575 6.9435e-01
-4.825 2.625 1.0275e-01
-4.825 2.675 1.4244e+00
-4.825 2.725 1.1388e+01
-4.825 2.775 1.0009e+00
-4.825 2.825 4.7543e+01
-4.825 2.875 1.0181e+01
-4.825 2.925 1.5297e+01
-4.825 2.975 5.0929e+01
-4.825 3.025 1.1270e+03
-4.825 3.075 8.6882e+01
-4.825 3.125 2.0214e+01
-4.825 3.175 4.4729e+01
-4.825 3.225 8.6215e+01
-4.825 3.275 2.5620e+02
-4.825 3.325 3.3548e+02
-4.825 3.375 1.1958e+03
-4.825 3.425 2.9557e+02
-4.825 3.475 1.2682e+03
-4.825 3.525 1.1527e+03
-4.825 3.575 8.3138e+03
-4.825 3.625 1.5881e+03
-4.825 3.675 7.9891e+03
-4.825 3.725 7.5692e+03
-4.825 3.775 3.6976e+03
-4.825 3.825 0.0000e+00
-4.825 3.875 0.0000e+00
-4.825 3.925 0.0000e+00
-4.825 3.975 0.0000e+00
-4.775 0.025 0.0000e+00
-4.775 0.075 0.0000e+00
-4.775 0.125 0.0000e+00
-4.775 0.175 0.0000e+00
-4.775 0.225 0.0000e+00
-4.775 0.275 0.0000e+00
-4.775 0.325 0.0000e+00
-4.775 0.375 0.0000e+00
-4.775 0.425 0.0000e+00
-4.775 0.475 0.0000e+00
-4.775 0.525 0.0000e+00
-4.775 0.575 0.0000e+00
-4.775 0.625 0.0000e+00
-4.775 0.675 0.0000e+00
-4.775 0.725 0.0000e+00
-4.775 0.775 0.0000e+00
-4.775 0.825 0.0000e+00
-4.775 0.875 0.0000e+00
-4.775 0.925 0.0000e+00
-4.775 0.975 0.0000e+00
-4.775 1.025 0.0000e+00
-4.775 1.075 0.0000e+00
-4.775 1.125 0.0000e+00
-4.775 1.175 0.0000e+00
-4.775 1.225 0.0000e+00
-4.775 1.275 0.0000e+00
-4.775 1.325 0.0000e+00
-4.775 1.375 0.0000e+00
-4.775 1.425 0.0000e+00
-4.775 1.475 0.0000e+00
-4.775 1.525 0.0000e+00
-4.775 1.575 0.0000e+00
-4.775 1.625 0.0000e+00
-4.775 1.675 0.0000e+00
-4.775 1.725 0.0000e+00
-4.775 1.775 0.0000e+00
-4.775 1.825 0.0000e+00
-4.775 1.875 0.0000e+00
-4.775 1.925 0.0000e+00
-4.775 1.975 0.0000e+00
-4.775 2.025 1.2090e-04
-4.775 2.075 2.4993e-04
-4.775 2.125 5.5373e-03
-4.775 2.175 3.0683e-03
-4.775 2.225 8.5090e-03
-4.775 2.275 3.4316e-03
-4.775 2.325 6.0798e-02
-4.775 2.375 2.9420e-02
-4.775 2.425 5.6410e-02
-4.775 2.475 8.5970e-01
-4.775 2.525 3.8340e+01
-4.775 2.575 1.0224e-01
-4.775 2.625 2.4054e-01
-4.775 2.675 5.7130e-01
-4.775 2.725 1.2539e+00
-4.775 2.775 3.8964e+00
-4.775 2.825 6.6324e+01
-4.775 2.875 5.0385e+01
-4.775 2.925 9.1723e+01
-4.775 2.975 8.4715e+01
-4.775 3.025 1.1404e+02
-4.775 3.075 8.9270e+02
-4.775 3.125 4.5345e+02
-4.775 3.175 6.3679e+02
-4.775 3.225 1.0688e+02
-4.775 3.275 2.0468e+03
-4.775 3.325 1.5355e+03
-4.775 3.375 6.4694e+02
-4.775 3.425 8.1489e+02
-4.775 3.475 1.5725e+03
-4.775 3.525 3.1355e+03
-4.775 3.575 5.1272e+03
-4.775 3.625 6.8846e+03
-4.775 3.675 6.1875e+03
-4.775 3.725 2.0546e+04
-4.775 3.775 2.4932e+04
-4.775 3.825 0.0000e+00
-4.775 3.875 0.0000e+00
-4.775 3.925 0.0000e+00
-4.775 3.975 0.0000e+00
-4.725 0.025 0.0000e+00
-4.725 0.075 0.0000e+00
-4.725 0.125 0.0000e+00
-4.725 0.175 0.0000e+00
-4.725 0.225 0.0000e+00
-4.725 0.275 0.0000e+00
-4.725 0.325 0.0000e+00
-4.725 0.375 0.0000e+00
-4.725 0.425 0.0000e+00
-4.725 0.475 0.0000e+00
-4.725 0.525 0.0000e+00
-4.725 0.575 0.0000e+00
-4.725 0.625 0.0000e+00
-4.725 0.675 0.0000e+00
-4.725 0.725 0.0000e+00
-4.725 0.775 0.0000e+00
-4.725 0.825 0.0000e+00
-4.725 0.875 0.0000e+00
-4.725 0.925 0.0000e+00
-4.725 0.975 0.0000e+00
-4.725 1.025 0.0000e+00
-4.725 1.075 0.0000e+00
-4.725 1.125 0.0000e+00
-4.725 1.175 0.0000e+00
-4.725 1.225 0.0000e+00
-4.725 1.275 0.0000e+00
-4.725 1.325 0.0000e+00
-4.725 1.375 0.0000e+00
-4.725 1.425 0.0000e+00
-4.725 1.475 0.0000e+00
-4.725 1.525 0.0000e+00
-4.725 1.575 0.0000e+00
-4.725 1.625 0.0000e+00
-4.725 1.675 0.0000e+00
-4.725 1.725 0.0000e+00
-4.725 1.775 0.0000e+00
-4.725 1.825 0.0000e+00
-4.725 1.875 0.0000e+00
-4.725 1.925 0.0000e+00
-4.725 1.975 0.0000e+00
-4.725 2.025 1.8739e-03
-4.725 2.075 2.1347e-03
-4.725 2.125 5.0542e-03
-4.725 2.175 5.9353e-01
-4.725 2.225 3.0717e-03
-4.725 2.275 8.1863e-03
-4.725 2.325 4.4128e-02
-4.725 2.375 3.5438e-02
-4.725 2.425 1.2900e+01
-4.725 2.475 1.1035e+01
-4.725 2.525 1.7840e-01
-4.725 2.575 2.4302e-01
-4.725 2.625 4.4916e-01
-4.725 2.675 1.0511e+01
-4.725 2.725 1.2183e+00
-4.725 2.775 1.0062e+01
-4.725 2.825 3.4832e+02
-4.725 2.875 3.0652e+01
-4.725 2.925 2.3789e+00
-4.725 2.975 3.3785e+01
-4.725 3.025 7.3826e+01
-4.725 3.075 6.7047e+01
-4.725 3.125 2.1346e+03
-4.725 3.175 9.8246e+02
-4.725 3.225 9.3947e+02
-4.725 3.275 4.7952e+03
-4.725 3.325 1.3062e+03
-4.725 3.375 6.0612e+02
-4.725 3.425 3.5321e+03
-4.725 3.475 7.8305e+03
-4.725 3.525 1.3219e+04
-4.725 3.575 4.6483e+03
-4.725 3.625 1.6279e+04
-4.725 3.675 2.2038e+04
-4.725 3.725 1.4092e+04
-4.725 3.775 5.9024e+04
-4.725 3.825 0.0000e+00
-4.725 3.875 0.0000e+00
-4.725 3.925 0.0000e+00
-4.725 3.975 0.0000e+00
-4.675 0.025 0.0000e+00
-4.675 0.075 0.0000e+00
-4.675 0.125 0.0000e+00
-4.675 0.175 0.0000e+00
-4.675 0.225 0.0000e+00
-4.675 0.275 0.0000e+00
-4.675 0.325 0.0000e+00
-4.675 0.375 0.0000e+00
-4.675 0.425 0.0000e+00
-4.675 0.475 0.0000e+00
-4.675 0.525 0.0000e+00
-4.675 0.575 0.0000e+00
-4.675 0.625 0.0000e+00
-4.675 0.675 0.0000e+00
-4.675 0.725 0.0000e+00
-4.675 0.775 0.0000e+00
-4.675 0.825 0.0000e+00
-4.675 0.875 0.0000e+00
-4.675 0.925 0.0000e+00
-4.675 0.975 0.0000e+00
-4.675 1.025 0.0000e+00
-4.675 1.075 0.0000e+00
-4.675 1.125 0.0000e+00
-4.675 1.175 0.0000e+00
-4.675 1.225 0.0000e+00
-4.675 1.275 0.0000e+00
-4.675 1.325 0.0000e+00
-4.675 1.375 0.0000e+00
-4.675 1.425 0.0000e+00
-4.675 1.475 0.0000e+00
-4.675 1.525 0.0000e+00
-4.675 1.575 0.0000e+00
-4.675 1.625 0.0000e+00
-4.675 1.675 0.0000e+00
-4.675 1.725 0.0000e+00
-4.675 1.775 0.0000e+00
-4.675 1.825 0.0000e+00
-4.675 1.875 0.0000e+00
-4.675 1.925 0.0000e+00
-4.675 1.975 0.0000e+00
-4.675 2.025 6.5726e-01
-4.675 2.075 1.0322e-02
-4.675 2.125 3.5819e-03
-4.675 2.175 3.5020e-02
-4.675 2.225 7.2073e-02
-4.675 2.275 7.6181e-02
-4.675 2.325 1.2390e+01
-4.675 2.375 2.1766e-02
-4.675 2.425 6.0147e-02
-4.675 2.475 3.3295e-01
-4.675 2.525 4.0297e-01
-4.675 2.575 4.7691e-01
-4.675 2.625 2.3658e+01
-4.675 2.675 1.5681e+00
-4.675 2.725 6.3519e-01
-4.675 2.775 4.3127e+00
-4.675 2.825 2.3599e+02
-4.675 2.875 1.2449e+01
-4.675 2.925 4.5021e+01
-4.675 2.975 7.1414e+01
-4.675 3.025 4.2928e+01
-4.675 3.075 5.0676e+03
-4.675 3.125 1.4266e+03
-4.675 3.175 5.4909e+02
-4.675 3.225 3.0131e+02
-4.675 3.275 1.8168e+03
-4.675 3.325 4.9024e+02
-4.675 3.375 8.1143e+03
-4.675 3.425 1.2506e+03
-4.675 3.475 4.1967e+03
-4.675 3.525 1.9836e+03
-4.675 3.575 7.9942e+03
-4.675 3.625 1.9576e+04
-4.675 3.675 9.9964e+03
-4.675 3.725 6.1631e+04
-4.675 3.775 5.2711e+04
-4.675 3.825 0.0000e+00
-4.675 3.875 0.0000e+00
-4.675 3.925 0.0000e+00
-4.675 3.975 0.0000e+00
-4.625 0.025 0.0000e+00
-4.625 0.075 0.0000e+00
-4.625 0.125 0.0000e+00
-4.625 0.175 0.0000e+00
-4.625 0.225 0.0000e+00
-4.625 0.275 0.0000e+00
-4.625 0.325 0.0000e+00
-4.625 0.375 0.0000e+00
-4.625 0.425 0.0000e+00
-4.625 0.475 0.0000e+00
-4.625 0.525 0.0000e+00
-4.625 0.575 0.0000e+00
-4.625 0.625 0.0000e+00
-4.625 0.675 0.0000e+00
-4.625 0.725 0.0000e+00
-4.625 0.775 0.0000e+00
-4.625 0.825 0.0000e+00
-4.625 0.875 0.0000e+00
-4.625 0.925 0.0000e+00
-4.625 0.975 0.0000e+00
-4.625 1.025 0.0000e+00
-4.625 1.075 0.0000e+00
-4.625 1.125 0.0000e+00
-4.625 1.175 0.0000e+00
-4.625 1.225 0.0000e+00
-4.625 1.275 0.0000e+00
-4.625 1.325 0.0000e+00
-4.625 1.375 0.0000e+00
-4.625 1.425 0.0000e+00
-4.625 1.475 0.0000e+00
-4.625 1.525 0.0000e+00
-4.625 1.575 0.0000e+00
-4.625 1.625 0.0000e+00
-4.625 1.675 0.0000e+00
-4.625 1.725 0.0000e+00
-4.625 1.775 0.0000e+00
-4.625 1.825 0.0000e+00
-4.625 1.875 0.0000e+00
-4.625 1.925 0.0000e+00
-4.625 1.975 0.0000e+00
-4.625 2.025 2.0835e-02
-4.625 2.075 4.7638e-01
-4.625 2.125 1.4832e-02
-4.625 2.175 3.1154e-02
-4.625 2.225 2.9471e-02
-4.625 2.275 1.0186e-01
-4.625 2.325 6.3755e-02
-4.625 2.375 9.3421e-02
-4.625 2.425 3.0943e-02
-4.625 2.475 4.2723e-01
-4.625 2.525 2.7453e-01
-4.625 2.575 1.8204e+00
-4.625 2.625 3.4157e+00
-4.625 2.675 1.0593e+00
-4.625 2.725 3.2441e+01
-4.625 2.775 5.2062e+01
-4.625 2.825 2.8417e+00
-4.625 2.875 1.6958e+01
-4.625 2.925 7.3359e+01
-4.625 2.975 2.0134e+01
-4.625 3.025 2.9047e+03
-4.625 3.075 2.7139e+02
-4.625 3.125 6.0419e+02
-4.625 3.175 1.2318e+03
-4.625 3.225 6.7343e+02
-4.625 3.275 4.2111e+03
-4.625 3.325 2.0611e+03
-4.625 3.375 6.3594e+02
-4.625 3.425 8.8579e+03
-4.625 3.475 8.7600e+03
-4.625 3.525 6.6562e+03
-4.625 3.575 2.1255e+04
-4.625 3.625 3.5015e+04
-4.625 3.675 3.1976e+04
-4.625 3.725 4.4724e+04
-4.625 3.775 3.6777e+04
-4.625 3.825 0.0000e+00
-4.625 3.875 0.0000e+00
-4.625 3.925 0.0000e+00
-4.625 3.975 0.0000e+00
-4.575 0.025 0.0000e+00
-4.575 0.075 0.0000e+00
-4.575 0.125 0.0000e+00
-4.575 0.175 0.0000e+00
-4.575 0.225 0.0000e+00
-4.575 0.275 0.0000e+00
-4.575 0.325 0.0000e+00
-4.575 0.375 0.0000e+00
-4.575 0.425 0.0000e+00
-4.575 0.475 0.0000e+00
-4.575 0.525 0.0000e+00
-4.575 0.575 0.0000e+00
-4.575 0.625 0.0000e+00
-4.575 0.675 0.0000e+00
-4.575 0.725 0.0000e+00
-4.575 0.775 0.0000e+00
-4.575 0.825 0.0000e+00
-4.575 0.875 0.0000e+00
-4.575 0.925 0.0000e+00
-4.575 0.975 0.0000e+00
-4.575 1.025 0.0000e+00
-4.575 1.075 0.0000e+00
-4.575 1.125 0.0000e+00
-4.575 1.175 0.0000e+00
-4.575 1.225 0.0000e+00
-4.575 1.275 0.0000e+00
-4.575 1.325 0.0000e+00
-4.575 1.375 0.0000e+00
-4.575 1.425 0.0000e+00
-4.575 1.475 0.0000e+00
-4.575 1.525 0.0000e+00
-4.575 1.575 0.0000e+00
-4.575 1.625 0.0000e+00
-4.575 1.675 0.0000e+00
-4.575 1.725 0.0000e+00
-4.575 1.775 0.0000e+00
-4.575 1.825 0.0000e+00
-4.575 1.875 0.0000e+00
-4.575 1.925 0.0000e+00
-4.575 1.975 0.0000e+00
-4.575 2.025 7.9154e-03
-4.575 2.075 3.0759e-02
-4.575 2.125 5.3332e-01
-4.575 2.175 1.9943e-02
-4.575 2.225 5.1045e-02
-4.575 2.275 1.6947e-01
-4.575 2.325 3.2130e+00
-4.575 2.375 4.2176e-01
-4.575 2.425 1.9010e+00
-4.575 2.475 4.2194e+00
-4.575 2.525 3.7733e+00
-4.575 2.575 4.4719e+00
-4.575 2.625 1.8854e+00
-4.575 2.675 2.7283e+00
-4.575 2.725 1.0368e+02
-4.575 2.775 2.3526e+01
-4.575 2.825 7.0864e+00
-4.575 2.875 7.8156e+01
-4.575 2.925 3.2233e+01
-4.575 2.975 1.2195e+02
-4.575 3.025 8.0477e+02
-4.575 3.075 3.2492e+02
-4.575 3.125 4.7230e+02
-4.575 3.175 2.4197e+02
-4.575 3.225 6.5691e+02
-4.575 3.275 7.8668e+03
-4.575 3.325 3.7813e+03
-4.575 3.375 4.4526e+03
-4.575 3.425 2.5521e+03
-4.575 3.475 6.7940e+03
-4.575 3.525 1.4736e+04
-4.575 3.575 3.2013e+04
-4.575 3.625 1.7326e+04
-4.575 3.675 5.6194e+04
-4.575 3.725 4.9393e+04
-4.575 3.775 4.1098e+04
-4.575 3.825 0.0000e+00
-4.575 3.875 0.0000e+00
-4.575 3.925 0.0000e+00
-4.575 3.975 0.0000e+00
-4.525 0.025 0.0000e+00
-4.525 0.075 0.0000e+00
-4.525 0.125 0.0000e+00
-4.525 0.175 0.0000e+00
-4.525 0.225 0.0000e+00
-4.525 0.275 0.0000e+00
-4.525 0.325 0.0000e+00
-4.525 0.375 0.0000e+00
-4.525 0.425 0.0000e+00
-4.525 0.475 0.0000e+00
-4.525 0.525 0.0000e+00
-4.525 0.575 0.0000e+00
-4.525 0.625 0.0000e+00
-4.525 0.675 0.0000e+00
-4.525 0.725 0.0000e+00
-4.525 0.775 0.0000e+00
-4.525 0.825 0.0000e+00
-4.525 0.875 0.0000e+00
-4.525 0.925 0.0000e+00
-4.525 0.975 0.0000e+00
-4.525 1.025 0.0000e+00
-4.525 1.075 0.0000e+00
-4.525 1.125 0.0000e+00
-4.525 1.175 0.0000e+00
-4.525 1.225 0.0000e+00
-4.525 1.275 0.0000e+00
-4.525 1.325 0.0000e+00
-4.525 1.375 0.0000e+00
-4.525 1.425 0.0000e+00
-4.525 1.475 0.0000e+00
-4.525 1.525 0.0000e+00
-4.525 1.575 0.0000e+00
-4.525 1.625 0.0000e+00
-4.525 1.675 0.0000e+00
-4.525 1.725 0.0000e+00
-4.525 1.775 0.0000e+00
-4.525 1.825 0.0000e+00
-4.525 1.875 0.0000e+00
-4.525 1.925 0.0000e+00
-4.525 1.975 0.0000e+00
-4.525 2.025 8.0884e-03
-4.525 2.075 1.0439e-02
-4.525 2.125 8.8741e-02
-4.525 2.175 7.8923e-02
-4.525 2.225 2.1237e-01
-4.525 2.275 4.2427e+01
-4.525 2.325 8.2131e-01
-4.525 2.375 1.1656e+00
-4.525 2.425 3.1544e+00
-4.525 2.475 8.4484e+00
-4.525 2.525 8.0336e-01
-4.525 2.575 3.4599e+01
-4.525 2.625 5.1737e+01
-4.525 2.675 2.0505e+00
-4.525 2.725 2.3711e+01
-4.525 2.775 2.7982e+01
-4.525 2.825 3.1555e+01
-4.525 2.875 6.0561e+01
-4.525 2.925 3.5552e+02
-4.525 2.975 2.5309e+02
-4.525 3.025 1.3887e+03
-4.525 3.075 6.0510e+02
-4.525 3.125 4.1957e+02
-4.525 3.175 7.2361e+03
-4.525 3.225 1.2921e+03
-4.525 3.275 8.0722e+02
-4.525 3.325 1.2911e+04
-4.525 3.375 2.3635e+03
-4.525 3.425 1.5636e+04
-4.525 3.475 3.8739e+04
-4.525 3.525 9.1413e+03
-4.525 3.575 1.0518e+04
-4.525 3.625 3.2436e+04
-4.525 3.675 3.7315e+04
-4.525 3.725 4.7573e+04
-4.525 3.775 8.6112e+04
-4.525 3.825 0.0000e+00
-4.525 3.875 0.0000e+00
-4.525 3.925 0.0000e+00
-4.525 3.975 0.0000e+00
-4.475 0.025 0.0000e+00
-4.475 0.075 0.0000e+00
-4.475 0.125 0.0000e+00
-4.475 0.175 0.0000e+00
-4.475 0.225 0.0000e+00
-4.475 0.275 0.0000e+00
-4.475 0.325 0.0000e+00
-4.475 0.375 0.0000e+00
-4.475 0.425 0.0000e+00
-4.475 0.475 0.0000e+00
-4.475 0.525 0.0000e+00
-4.475 0.575 0.0000e+00
-4.475 0.625 0.0000e+00
-4.475 0.675 0.0000e+00
-4.475 0.725 0.0000e+00
-4.475 0.775 0.0000e+00
-4.475 0.825 0.0000e+00
-4.475 0.875 0.0000e+00
-4.475 0.925 0.0000e+00
-4.475 0.975 0.0000e+00
-4.475 1.025 0.0000e+00
-4.475 1.075 0.0000e+00
-4.475 1.125 0.0000e+00
-4.475 1.175 0.0000e+00
-4.475 1.225 0.0000e+00
-4.475 1.275 0.0000e+00
-4.475 1.325 0.0000e+00
-4.475 1.375 0.0000e+00
-4.475 1.425 0.0000e+00
-4.475 1.475 0.0000e+00
-4.475 1.525 0.0000e+00
-4.475 1.575 0.0000e+00
-4.475 1.625 0.0000e+00
-4.475 1.675 0.0000e+00
-4.475 1.725 0.0000e+00
-4.475 1.775 0.0000e+00
-4.475 1.825 0.0000e+00
-4.475 1.875 0.0000e+00
-4.475 1.925 0.0000e+00
-4.475 1.975 0.0000e+00
-4.475 2.025 2.0893e-02
-4.475 2.075 1.7995e-01
-4.475 2.125 5.3278e-01
-4.475 2.175 1.0529e+01
-4.475 2.225 1.3322e-01
-4.475 2.275 1.2504e-01
-4.475 2.325 2.3347e+02
-4.475 2.375 1.1157e+01
-4.475 2.425 7.5746e+00
-4.475 2.475 1.8480e+00
-4.475 2.525 2.7259e+02
-4.475 2.575 1.2305e+00
-4.475 2.625 6.5132e+01
-4.475 2.675 2.4110e+01
-4.475 2.725 3.0112e+01
-4.475 2.775 5.9486e+00
-4.475 2.825 2.9485e+02
-4.475 2.875 6.4482e+01
-4.475 2.925 2.9220e+01
-4.475 2.975 3.1926e+02
-4.475 3.025 6.8661e+02
-4.475 3.075 1.3660e+03
-4.475 3.125 4.8376e+03
-4.475 3.175 1.3815e+04
-4.475 3.225 3.3154e+03
-4.475 3.275 1.5612e+03
-4.475 3.325 3.3290e+03
-4.475 3.375 3.6100e+03
-4.475 3.425 1.2991e+04
-4.475 3.475 1.2176e+04
-4.475 3.525 1.5899e+04
-4.475 3.575 2.9393e+04
-4.475 3.625 2.6393e+04
-4.475 3.675 2.9515e+04
-4.475 3.725 4.7832e+04
-4.475 3.775 1.8674e+05
-4.475 3.825 0.0000e+00
-4.475 3.875 0.0000e+00
-4.475 3.925 0.0000e+00
-4.475 3.975 0.0000e+00
-4.425 0.025 0.0000e+00
-4.425 0.075 0.0000e+00
-4.425 0.125 0.0000e+00
-4.425 0.175 0.0000e+00
-4.425 0.225 0.0000e+00
-4.425 0.275 0.0000e+00
-4.425 0.325 0.0000e+00
-4.425 0.375 0.0000e+00
-4.425 0.425 0.0000e+00
-4.425 0.475 0.0000e+00
-4.425 0.525 0.0000e+00
-4.425 0.575 0.0000e+00
-4.425 0.625 0.0000e+00
-4.425 0.675 0.0000e+00
-4.425 0.725 0.0000e+00
-4.425 0.775 0.0000e+00
-4.425 0.825 0.0000e+00
-4.425 0.875 0.0000e+00
-4.425 0.925 0.0000e+00
-4.425 0.975 0.0000e+00
-4.425 1.025 0.0000e+00
-4.425 1.075 0.0000e+00
-4.425 1.125 0.0000e+00
-4.425 1.175 0.0000e+00
-4.425 1.225 0.0000e+00
-4.425 1.275 0.0000e+00
-4.425 1.325 0.0000e+00
-4.425 1.375 0.0000e+00
-4.425 1.425 0.0000e+00
-4.425 1.475 0.0000e+00
-4.425 1.525 0.0000e+00
-4.425 1.575 0.0000e+00
-4.425 1.625 0.0000e+00
-4.425 1.675 0.0000e+00
-4.425 1.725 0.0000e+00
-4.425 1.775 0.0000e+00
-4.425 1.825 0.0000e+00
-4.425 1.875 0.0000e+00
-4.425 1.925 0.0000e+00
-4.425 1.975 0.0000e+00
-4.425 2.025 9.7746e-02
-4.425 2.075 1.7158e-01
-4.425 2.125 4.0945e-01
-4.425 2.175 1.7250e-01
-4.425 2.225 2.1017e-01
-4.425 2.275 2.3812e+00
-4.425 2.325 1.0513e+00
-4.425 2.375 2.1574e-01
-4.425 2.425 2.5874e+00
-4.425 2.475 6.4341e+01
-4.425 2.525 1.4089e+01
-4.425 2.575 5.2638e+01
-4.425 2.625 3.2570e+00
-4.425 2.675 2.8553e+01
-4.425 2.725 1.7316e+01
-4.425 2.775 3.5299e+02
-4.425 2.825 8.6742e+02
-4.425 2.875 4.6665e+01
-4.425 2.925 6.6941e+02
-4.425 2.975 1.0163e+02
-4.425 3.025 2.0718e+03
-4.425 3.075 1.7926e+02
-4.425 3.125 1.6941e+03
-4.425 3.175 9.4871e+03
-4.425 3.225 1.7759e+03
-4.425 3.275 7.9474e+03
-4.425 3.325 1.6515e+04
-4.425 3.375 2.9000e+04
-4.425 3.425 1.4263e+04
-4.425 3.475 2.3717e+04
-4.425 3.525 5.2988e+04
-4.425 3.575 5.0537e+04
-4.425 3.625 4.7131e+04
-4.425 3.675 8.6450e+04
-4.425 3.725 8.5503e+04
-4.425 3.775 1.4880e+05
-4.425 3.825 0.0000e+00
-4.425 3.875 0.0000e+00
-4.425 3.925 0.0000e+00
-4.425 3.975 0.0000e+00
-4.375 0.025 0.0000e+00
-4.375 0.075 0.0000e+00
-4.375 0.125 0.0000e+00
-4.375 0.175 0.0000e+00
-4.375 0.225 0.0000e+00
-4.375 0.275 0.0000e+00
-4.375 0.325 0.0000e+00
-4.375 0.375 0.0000e+00
-4.375 0.425 0.0000e+00
-4.375 0.475 0.0000e+00
-4.375 0.525 0.0000e+00
-4.375 0.575 0.0000e+00
-4.375 0.625 0.0000e+00
-4.375 0.675 0.0000e+00
-4.375 0.725 0.0000e+00
-4.375 0.775 0.0000e+00
-4.375 0.825 0.0000e+00
-4.375 0.875 0.0000e+00
-4.375 0.925 0.0000e+00
-4.375 0.975 0.0000e+00
-4.375 1.025 0.0000e+00
-4.375 1.075 0.0000e+00
-4.375 1.125 0.0000e+00
-4.375 1.175 0.0000e+00
-4.375 1.225 0.0000e+00
-4.375 1.275 0.0000e+00
-4.375 1.325 0.0000e+00
-4.375 1.375 0.0000e+00
-4.375 1.425 0.0000e+00
-4.375 1.475 0.0000e+00
-4.375 1.525 0.0000e+00
-4.375 1.575 0.0000e+00
-4.375 1.625 0.0000e+00
-4.375 1.675 0.0000e+00
-4.375 1.725 0.0000e+00
-4.375 1.775 0.0000e+00
-4.375 1.825 0.0000e+00
-4.375 1.875 0.0000e+00
-4.375 1.925 0.0000e+00
-4.375 1.975 0.0000e+00
-4.375 2.025 8.2874e-02
-4.375 2.075 3.9926e-02
-4.375 2.125 1.1304e-01
-4.375 2.175 5.5553e-01
-4.375 2.225 1.7756e+00
-4.375 2.275 5.6069e-01
-4.375 2.325 2.8537e-01
-4.375 2.375 6.8273e+00
-4.375 2.425 3.5672e+00
-4.375 2.475 3.5299e+01
-4.375 2.525 3.7872e+01
-4.375 2.575 1.0079e+02
-4.375 2.625 9.4275e+01
-4.375 2.675 9.0932e+00
-4.375 2.725 2.6868e+02
-4.375 2.775 1.6043e+03
-4.375 2.825 1.7860e+03
-4.375 2.875 1.1569e+03
-4.375 2.925 2.3336e+03
-4.375 2.975 4.6607e+02
-4.375 3.025 9.8716e+02
-4.375 3.075 2.6067e+02
-4.375 3.125 2.1819e+03
-4.375 3.175 2.6078e+03
-4.375 3.225 1.0623e+04
-4.375 3.275 1.2362e+04
-4.375 3.325 2.1804e+04
-4.375 3.375 2.0179e+04
-4.375 3.425 1.8693e+04
-4.375 3.475 2.2603e+04
-4.375 3.525 4.8416e+04
-4.375 3.575 3.5375e+04
-4.375 3.625 5.3927e+04
-4.375 3.675 7.6894e+04
-4.375 3.725 1.2404e+05
-4.375 3.775 1.3940e+05
-4.375 3.825 0.0000e+00
-4.375 3.875 0.0000e+00
-4.375 3.925 0.0000e+00
-4.375 3.975 0.0000e+00
-4.325 0.025 0.0000e+00
-4.325 0.075 0.0000e+00
-4.325 0.125 0.0000e+00
-4.325 0.175 0.0000e+00
-4.325 0.225 0.0000e+00
-4.325 0.275 0.0000e+00
-4.325 0.325 0.0000e+00
-4.325 0.375 0.0000e+00
-4.325 0.425 0.0000e+00
-4.325 0.475 0.0000e+00
-4.325 0.525 0.0000e+00
-4.325 0.575 0.0000e+00
-4.325 0.625 0.0000e+00
-4.325 0.675 0.0000e+00
-4.325 0.725 0.0000e+00
-4.325 0.775 0.0000e+00
-4.325 0.825 0.0000e+00
-4.325 0.875 0.0000e+00
-4.325 0.925 0.0000e+00
-4.325 0.975 0.0000e+00
-4.325 1.025 0.0000e+00
-4.325 1.075 0.0000e+00
-4.325 1.125 0.0000e+00
-4.325 1.175 0.0000e+00
-4.325 1.225 0.0000e+00
-4.325 1.275 0.0000e+00
-4.325 1.325 0.0000e+00
-4.325 1.375 0.0000e+00
-4.325 1.425 0.0000e+00
-4.325 1.475 0.0000e+00
-4.325 1.525 0.0000e+00
-4.325 1.575 0.0000e+00
-4.325 1.625 0.0000e+00
-4.325 1.675 0.0000e+00
-4.325 1.725 0.0000e+00
-4.325 1.775 0.0000e+00
-4.325 1.825 0.0000e+00
-4.325 1.875 0.0000e+00
-4.325 1.925 0.0000e+00
-4.325 1.975 0.0000e+00
-4.325 2.025 4.7331e-02
-4.325 2.075 1.5715e-01
-4.325 2.125 2.2909e-01
-4.325 2.175 2.5369e+00
-4.325 2.225 8.4180e-02
-4.325 2.275 6.8883e-01
-4.325 2.325 8.0475e+00
-4.325 2.375 1.0846e+01
-4.325 2.425 2.3028e+01
-4.325 2.475 1.7590e+01
-4.325 2.525 1.4387e+01
-4.325 2.575 2.4901e+01
-4.325 2.625 1.0682e+01
-4.325 2.675 1.7009e+01
-4.325 2.725 3.5192e+01
-4.325 2.775 7.4469e+01
-4.325 2.825 1.0058e+02
-4.325 2.875 4.1337e+02
-4.325 2.925 1.6831e+03
-4.325 2.975 7.5922e+02
-4.325 3.025 2.2847e+03
-4.325 3.075 9.7131e+03
-4.325 3.125 5.1637e+02
-4.325 3.175 3.9661e+03
-4.325 3.225 9.0168e+03
-4.325 3.275 9.1259e+03
-4.325 3.325 1.7070e+04
-4.325 3.375 4.0551e+04
-4.325 3.425 2.8947e+04
-4.325 3.475 2.0684e+04
-4.325 3.525 3.1970e+04
-4.325 3.575 6.4658e+04
-4.325 3.625 9.0508e+04
-4.325 3.675 1.5036e+05
-4.325 3.725 2.5925e+05
-4.325 3.775 2.5731e+05
-4.325 3.825 0.0000e+00
-4.325 3.875 0.0000e+00
-4.325 3.925 0.0000e+00
-4.325 3.975 0.0000e+00
-4.275 0.025 0.0000e+00
-4.275 0.075 0.0000e+00
-4.275 0.125 0.0000e+00
-4.275 0.175 0.0000e+00
-4.275 0.225 0.0000e+00
-4.275 0.275 0.0000e+00
-4.275 0.325 0.0000e+00
-4.275 0.375 0.0000e+00
-4.275 0.425 0.0000e+00
-4.275 0.475 0.0000e+00
-4.275 0.525 0.0000e+00
-4.275 0.575 0.0000e+00
-4.275 0.625 0.0000e+00
-4.275 0.675 0.0000e+00
-4.275 0.725 0.0000e+00
-4.275 0.775 0.0000e+00
-4.275 0.825 0.0000e+00
-4.275 0.875 0.0000e+00
-4.275 0.925 0.0000e+00
-4.275 0.975 0.0000e+00
-4.275 1.025 0.0000e+00
-4.275 1.075 0.0000e+00
-4.275 1.125 0.0000e+00
-4.275 1.175 0.0000e+00
-4.275 1.225 0.0000e+00
-4.275 1.275 0.0000e+00
-4.275 1.325 0.0000e+00
-4.275 1.375 0.0000e+00
-4.275 1.425 0.0000e+00
-4.275 1.475 0.0000e+00
-4.275 1.525 0.0000e+00
-4.275 1.575 0.0000e+00
-4.275 1.625 0.0000e+00
-4.275 1.675 0.0000e+00
-4.275 1.725 0.0000e+00
-4.275 1.775 0.0000e+00
-4.275 1.825 0.0000e+00
-4.275 1.875 0.0000e+00
-4.275 1.925 0.0000e+00
-4.275 1.975 0.0000e+00
-4.275 2.025 3.8161e-02
-4.275 2.075 2.0134e-01
-4.275 2.125 8.1975e-01
-4.275 2.175 1.6130e+00
-4.275 2.225 9.4247e-01
-4.275 2.275 4.1703e-01
-4.275 2.325 1.4503e+00
-4.275 2.375 6.4566e+00
-4.275 2.425 2.1634e+00
-4.275 2.475 4.2224e+01
-4.275 2.525 1.6954e+01
-4.275 2.575 5.0368e+00
-4.275 2.625 2.1046e+02
-4.275 2.675 2.8595e+02
-4.275 2.725 8.8943e+01
-4.275 2.775 7.8807e+03
-4.275 2.825 8.3047e+01
-4.275 2.875 1.2410e+02
-4.275 2.925 1.6134e+03
-4.275 2.975 2.9018e+03
-4.275 3.025 5.4179e+03
-4.275 3.075 1.4747e+03
-4.275 3.125 3.2549e+03
-4.275 3.175 2.2001e+04
-4.275 3.225 8.1852e+03
-4.275 3.275 3.5534e+03
-4.275 3.325 4.0334e+04
-4.275 3.375 2.3452e+04
-4.275 3.425 3.1454e+04
-4.275 3.475 2.2730e+04
-4.275 3.525 4.5893e+04
-4.275 3.575 6.0027e+04
-4.275 3.625 8.6636e+04
-4.275 3.675 6.8149e+04
-4.275 3.725 1.4600e+05
-4.275 3.775 2.8426e+05
-4.275 3.825 0.0000e+00
-4.275 3.875 0.0000e+00
-4.275 3.925 0.0000e+00
-4.275 3.975 0.0000e+00
-4.225 0.025 0.0000e+00
-4.225 0.075 0.0000e+00
-4.225 0.125 0.0000e+00
-4.225 0.175 0.0000e+00
-4.225 0.225 0.0000e+00
-4.225 0.275 0.0000e+00
-4.225 0.325 0.0000e+00
-4.225 0.375 0.0000e+00
-4.225 0.425 0.0000e+00
-4.225 0.475 0.0000e+00
-4.225 0.525 0.0000e+00
-4.225 0.575 0.0000e+00
-4.225 0.625 0.0000e+00
-4.225 0.675 0.0000e+00
-4.225 0.725 0.0000e+00
-4.225 0.775 0.0000e+00
-4.225 0.825 0.0000e+00
-4.225 0.875 0.0000e+00
-4.225 0.925 0.0000e+00
-4.225 0.975 0.0000e+00
-4.225 1.025 0.0000e+00
-4.225 1.075 0.0000e+00
-4.225 1.125 0.0000e+00
-4.225 1.175 0.0000e+00
-4.225 1.225 0.0000e+00
-4.225 1.275 0.0000e+00
-4.225 1.325 0.0000e+00
-4.225 1.375 0.0000e+00
-4.225 1.425 0.0000e+00
-4.225 1.475 0.0000e+00
-4.225 1.525 0.0000e+00
-4.225 1.575 0.0000e+00
-4.225 1.625 0.0000e+00
-4.225 1.675 0.0000e+00
-4.225 1.725 0.0000e+00
-4.225 1.775 0.0000e+00
-4.225 1.825 0.0000e+00
-4.225 1.875 0.0000e+00
-4.225 1.925 0.0000e+00
-4.225 1.975 0.0000e+00
-4.225 2.025 1.2666e-01
-4.225 2.075 2.2359e+00
-4.225 2.125 2.0441e-01
-4.225 2.175 9.8375e-01
-4.225 2.225 1.6366e+00
-4.225 2.275 4.2587e+00
-4.225 2.325 1.2786e+01
-4.225 2.375 2.5091e+01
-4.225 2.425 2.5444e+01
-4.225 2.475 5.9698e+01
-4.225 2.525 9.1123e+00
-4.225 2.575 1.4611e+01
-4.225 2.625 6.4159e+01
-4.225 2.675 1.4551e+02
-4.225 2.725 8.6783e+01
-4.225 2.775 1.1613e+02
-4.225 2.825 1.2300e+02
-4.225 2.875 1.5821e+02
-4.225 2.925 1.9578e+02
-4.225 2.975 2.7733e+03
-4.225 3.025 1.0190e+03
-4.225 3.075 5.0526e+03
-4.225 3.125 6.4594e+03
-4.225 3.175 7.4408e+03
-4.225 3.225 3.6449e+04
-4.225 3.275 1.1974e+04
-4.225 3.325 1.5955e+04
-4.225 3.375 2.3788e+04
-4.225 3.425 4.2804e+04
-4.225 3.475 4.9461e+04
-4.225 3.525 5.4833e+04
-4.225 3.575 7.4128e+04
-4.225 3.625 8.8424e+04
-4.225 3.675 2.2532e+05
-4.225 3.725 2.5757e+05
-4.225 3.775 2.8293e+05
-4.225 3.825 0.0000e+00
-4.225 3.875 0.0000e+00
-4.225 3.925 0.0000e+00
-4.225 3.975 0.0000e+00
-4.175 0.025 0.0000e+00
-4.175 0.075 0.0000e+00
-4.175 0.125 0.0000e+00
-4.175 0.175 0.0000e+00
-4.175 0.225 0.0000e+00
-4.175 0.275 0.0000e+00
-4.175 0.325 0.0000e+00
-4.175 0.375 0.0000e+00
-4.175 0.425 0.0000e+00
-4.175 0.475 0.0000e+00
-4.175 0.525 0.0000e+00
-4.175 0.575 0.0000e+00
-4.175 0.625 0.0000e+00
-4.175 0.675 0.0000e+00
-4.175 0.725 0.0000e+00
-4.175 0.775 0.0000e+00
-4.175 0.825 0.0000e+00
-4.175 0.875 0.0000e+00
-4.175 0.925 0.0000e+00
-4.175 0.975 0.0000e+00
-4.175 1.025 0.0000e+00
-4.175 1.075 0.0000e+00
-4.175 1.125 0.0000e+00
-4.175 1.175 0.0000e+00
-4.175 1.225 0.0000e+00
-4.175 1.275 0.0000e+00
-4.175 1.325 0.0000e+00
-4.175 1.375 0.0000e+00
-4.175 1.425 0.0000e+00
-4.175 1.475 0.0000e+00
-4.175 1.525 0.0000e+00
-4.175 1.575 0.0000e+00
-4.175 1.625 0.0000e+00
-4.175 1.675 0.0000e+00
-4.175 1.725 0.0000e+00
-4.175 1.775 0.0000e+00
-4.175 1.825 0.0000e+00
-4.175 1.875 0.0000e+00
-4.175 1.925 0.0000e+00
-4.175 1.975 0.0000e+00
-4.175 2.025 2.0277e-01
-4.175 2.075 3.1866e-01
-4.175 2.125 7.1273e-01
-4.175 2.175 6.3931e-01
-4.175 2.225 1.6547e+01
-4.175 2.275 1.8646e+00
-4.175 2.325 5.7872e+00
-4.175 2.375 1.3047e+00
-4.175 2.425 2.5300e+01
-4.175 2.475 9.0844e+01
-4.175 2.525 1.7884e+01
-4.175 2.575 2.7618e+01
-4.175 2.625 1.3270e+02
-4.175 2.675 8.8904e+01
-4.175 2.725 7.1324e+02
-4.175 2.775 1.4755e+03
-4.175 2.825 1.9649e+03
-4.175 2.875 8.6382e+02
-4.175 2.925 1.7180e+03
-4.175 2.975 7.9193e+03
-4.175 3.025 1.3438e+03
-4.175 3.075 6.5218e+03
-4.175 3.125 6.9416e+03
-4.175 3.175 6.6122e+03
-4.175 3.225 9.2336e+03
-4.175 3.275 2.2667e+04
-4.175 3.325 2.6441e+04
-4.175 3.375 3.1759e+04
-4.175 3.425 5.1085e+04
-4.175 3.475 9.9311e+04
-4.175 3.525 5.4813e+04
-4.175 3.575 1.1772e+05
-4.175 3.625 1.5063e+05
-4.175 3.675 2.4326e+05
-4.175 3.725 2.6430e+05
-4.175 3.775 2.9815e+05
-4.175 3.825 0.0000e+00
-4.175 3.875 0.0000e+00
-4.175 3.925 0.0000e+00
-4.175 3.975 0.0000e+00
-4.125 0.025 0.0000e+00
-4.125 0.075 0.0000e+00
-4.125 0.125 0.0000e+00
-4.125 0.175 0.0000e+00
-4.125 0.225 0.0000e+00
-4.125 0.275 0.0000e+00
-4.125 0.325 0.0000e+00
-4.125 0.375 0.0000e+00
-4.125 0.425 0.0000e+00
-4.125 0.475 0.0000e+00
-4.125 0.525 0.0000e+00
-4.125 0.575 0.0000e+00
-4.125 0.625 0.0000e+00
-4.125 0.675 0.0000e+00
-4.125 0.725 0.0000e+00
-4.125 0.775 0.0000e+00
-4.125 0.825 0.0000e+00
-4.125 0.875 0.0000e+00
-4.125 0.925 0.0000e+00
-4.125 0.975 0.0000e+00
-4.125 1.025 0.0000e+00
-4.125 1.075 0.0000e+00
-4.125 1.125 0.0000e+00
-4.125 1.175 0.0000e+00
-4.125 1.225 0.0000e+00
-4.125 1.275 0.0000e+00
-4.125 1.325 0.0000e+00
-4.125 1.375 0.0000e+00
-4.125 1.425 0.0000e+00
-4.125 1.475 0.0000e+00
-4.125 1.525 0.0000e+00
-4.125 1.575 0.0000e+00
-4.125 1.625 0.0000e+00
-4.125 1.675 0.0000e+00
-4.125 1.725 0.0000e+00
-4.125 1.775 0.0000e+00
-4.125 1.825 0.0000e+00
-4.125 1.875 0.0000e+00
-4.125 1.925 0.0000e+00
-4.125 1.975 0.0000e+00
-4.125 2.025 8.1215e-01
-4.125 2.075 2.1896e+00
-4.125 2.125 1.0822e+00
-4.125 2.175 9.4587e+00
-4.125 2.225 7.2839e+01
-4.125 2.275 1.1186e+00
-4.125 2.325 8.1292e+00
-4.125 2.375 9.5804e+00
-4.125 2.425 6.8763e+00
-4.125 2.475 5.3382e+01
-4.125 2.525 6.5265e+00
-4.125 2.575 3.5701e+01
-4.125 2.625 7.3487e+02
-4.125 2.675 3.3720e+02
-4.125 2.725 3.8423e+02
-4.125 2.775 4.7157e+02
-4.125 2.825 8.9954e+02
-4.125 2.875 7.2956e+02
-4.125 2.925 5.4724e+03
-4.125 2.975 1.1663e+04
-4.125 3.025 6.5763e+03
-4.125 3.075 6.9200e+03
-4.125 3.125 1.2920e+04
-4.125 3.175 3.3641e+04
-4.125 3.225 2.5579e+04
-4.125 3.275 3.9551e+04
-4.125 3.325 3.7490e+04
-4.125 3.375 5.2813e+04
-4.125 3.425 7.5404e+04
-4.125 3.475 7.4213e+04
-4.125 3.525 8.7454e+04
-4.125 3.575 1.6764e+05
-4.125 3.625 2.0057e+05
-4.125 3.675 2.9997e+05
-4.125 3.725 3.2737e+05
-4.125 3.775 5.0893e+05
-4.125 3.825 0.0000e+00
-4.125 3.875 0.0000e+00
-4.125 3.925 0.0000e+00
-4.125 3.975 0.0000e+00
-4.075 0.025 0.0000e+00
-4.075 0.075 0.0000e+00
-4.075 0.125 0.0000e+00
-4.075 0.175 0.0000e+00
-4.075 0.225 0.0000e+00
-4.075 0.275 0.0000e+00
-4.075 0.325 0.0000e+00
-4.075 0.375 0.0000e+00
-4.075 0.425 0.0000e+00
-4.075 0.475 0.0000e+00
-4.075 0.525 0.0000e+00
-4.075 0.575 0.0000e+00
-4.075 0.625 0.0000e+00
-4.075 0.675 0.0000e+00
-4.075 0.725 0.0000e+00
-4.075 0.775 0.0000e+00
-4.075 0.825 0.0000e+00
-4.075 0.875 0.0000e+00
-4.075 0.925 0.0000e+00
-4.075 0.975 0.0000e+00
-4.075 1.025 0.0000e+00
-4.075 1.075 0.0000e+00
-4.075 1.125 0.0000e+00
-4.075 1.175 0.0000e+00
-4.075 1.225 0.0000e+00
-4.075 1.275 0.0000e+00
-4.075 1.325 0.0000e+00
-4.075 1.375 0.0000e+00
-4.075 1.425 0.0000e+00
-4.075 1.475 0.0000e+00
-4.075 1.525 0.0000e+00
-4.075 1.575 0.0000e+00
-4.075 1.625 0.0000e+00
-4.075 1.675 0.0000e+00
-4.075 1.725 0.0000e+00
-4.075 1.775 0.0000e+00
-4.075 1.825 0.0000e+00
-4.075 1.875 0.0000e+00
-4.075 1.925 0.0000e+00
-4.075 1.975 0.0000e+00
-4.075 2.025 1.9214e+00
-4.075 2.075 9.5214e-01
-4.075 2.125 2.5430e+00
-4.075 2.175 1.1871e+01
-4.075 2.225 5.0664e+00
-4.075 2.275 9.4527e+00
-4.075 2.325 1.1027e+01
-4.075 2.375 7.6361e+01
-4.075 2.425 4.0411e+01
-4.075 2.475 5.1010e+01
-4.075 2.525 1.1252e+02
-4.075 2.575 7.1410e+01
-4.075 2.625 2.8573e+02
-4.075 2.675 2.2906e+03
-4.075 2.725 1.3174e+03
-4.075 2.775 9.8277e+02
-4.075 2.825 1.3886e+03
-4.075 2.875 2.4424e+03
-4.075 2.925 8.7244e+03
-4.075 2.975 5.5156e+03
-4.075 3.025 3.5063e+03
-4.075 3.075 1.8168e+04
-4.075 3.125 2.3664e+04
-4.075 3.175 1.9576e+04
-4.075 3.225 3.4759e+04
-4.075 3.275 2.1675e+04
-4.075 3.325 4.9816e+04
-4.075 3.375 5.0343e+04
-4.075 3.425 9.4913e+04
-4.075 3.475 1.4036e+05
-4.075 3.525 1.5323e+05
-4.075 3.575 2.2731e+05
-4.075 3.625 2.3210e+05
-4.075 3.675 2.8391e+05
-4.075 3.725 4.2921e+05
-4.075 3.775 6.8901e+05
-4.075 3.825 0.0000e+00
-4.075 3.875 0.0000e+00
-4.075 3.925 0.0000e+00
-4.075 3.975 0.0000e+00
-4.025 0.025 0.0000e+00
-4.025 0.075 0.0000e+00
-4.025 0.125 0.0000e+00
-4.025 0.175 0.0000e+00
-4.025 0.225 0.0000e+00
-4.025 0.275 0.0000e+00
-4.025 0.325 0.0000e+00
-4.025 0.375 0.0000e+00
-4.025 0.425 0.0000e+00
-4.025 0.475 0.0000e+00
-4.025 0.525 0.0000e+00
-4.025 0.575 0.0000e+00
-4.025 0.625 0.0000e+00
-4.025 0.675 0.0000e+00
-4.025 0.725 0.0000e+00
-4.025 0.775 0.0000e+00
-4.025 0.825 0.0000e+00
-4.025 0.875 0.0000e+00
-4.025 0.925 0.0000e+00
-4.025 0.975 0.0000e+00
-4.025 1.025 0.0000e+00
-4.025 1.075 0.0000e+00
-4.025 1.125 0.0000e+00
-4.025 1.175 0.0000e+00
-4.025 1.225 0.0000e+00
-4.025 1.275 0.0000e+00
-4.025 1.325 0.0000e+00
-4.025 1.375 0.0000e+00
-4.025 1.425 0.0000e+00
-4.025 1.475 0.0000e+00
-4.025 1.525 0.0000e+00
-4.025 1.575 0.0000e+00
-4.025 1.625 0.0000e+00
-4.025 1.675 0.0000e+00
-4.025 1.725 0.0000e+00
-4.025 1.775 0.0000e+00
-4.025 1.825 0.0000e+00
-4.025 1.875 0.0000e+00
-4.025 1.925 0.0000e+00
-4.025 1.975 0.0000e+00
-4.025 2.025 4.7922e-01
-4.025 2.075 7.8272e-01
-4.025 2.125 7.1044e+00
-4.025 2.175 1.3471e+01
-4.025 2.225 3.1079e+00
-4.025 2.275 7.5337e+00
-4.025 2.325 1.1521e+02
-4.025 2.375 2.1084e+01
-4.025 2.425 5.8581e+01
-4.025 2.475 4.7251e+01
-4.025 2.525 2.9267e+02
-4.025 2.575 6.9137e+01
-4.025 2.625 1.6414e+03
-4.025 2.675 8.7684e+02
-4.025 2.725 3.9597e+02
-4.025 2.775 1.9261e+03
-4.025 2.825 2.6678e+03
-4.025 2.875 1.2849e+03
-4.025 2.925 3.1356e+03
-4.025 2.975 7.6365e+03
-4.025 3.025 2.1047e+04
-4.025 3.075 1.3382e+04
-4.025 3.125 2.4529e+04
-4.025 3.175 1.4999e+04
-4.025 3.225 1.0570e+04
-4.025 3.275 3.6207e+04
-4.025 3.325 5.1425e+04
-4.025 3.375 7.0574e+04
-4.025 3.425 9.3507e+04
-4.025 3.475 1.1966e+05
-4.025 3.525 2.0993e+05
-4.025 3.575 2.9168e+05
-4.025 3.625 3.0956e+05
-4.025 3.675 3.7711e+05
-4.025 3.725 4.1417e+05
-4.025 3.775 9.7158e+05
-4.025 3.825 0.0000e+00
-4.025 3.875 0.0000e+00
-4.025 3.925 0.0000e+00
-4.025 3.975 0.0000e+00
-3.975 0.025 0.0000e+00
-3.975 0.075 0.0000e+00
-3.975 0.125 0.0000e+00
-3.975 0.175 0.0000e+00
-3.975 0.225 0.0000e+00
-3.975 0.275 0.0000e+00
-3.975 0.325 0.0000e+00
-3.975 0.375 0.0000e+00
-3.975 0.425 0.0000e+00
-3.975 0.475 0.0000e+00
-3.975 0.525 0.0000e+00
-3.975 0.575 0.0000e+00
-3.975 0.625 0.0000e+00
-3.975 0.675 0.0000e+00
-3.975 0.725 0.0000e+00
-3.975 0.775 0.0000e+00
-3.975 0.825 0.0000e+00
-3.975 0.875 0.0000e+00
-3.975 0.925 0.0000e+00
-3.975 0.975 0.0000e+00
-3.975 1.025 0.0000e+00
-3.975 1.075 0.0000e+00
-3.975 1.125 0.0000e+00
-3.975 1.175 0.0000e+00
-3.975 1.225 0.0000e+00
-3.975 1.275 0.0000e+00
-3.975 1.325 0.0000e+00
-3.975 1.375 0.0000e+00
-3.975 1.425 0.0000e+00
-3.975 1.475 0.0000e+00
-3.975 1.525 0.0000e+00
-3.975 1.575 0.0000e+00
-3.975 1.625 0.0000e+00
-3.975 1.675 0.0000e+00
-3.975 1.725 0.0000e+00
-3.975 1.775 0.0000e+00
-3.975 1.825 0.0000e+00
-3.975 1.875 0.0000e+00
-3.975 1.925 0.0000e+00
-3.975 1.975 0.0000e+00
-3.975 2.025 2.9937e+00
-3.975 2.075 1.0790e+01
-3.975 2.125 2.6908e+01
-3.975 2.175 6.0690e+01
-3.975 2.225 9.5822e+00
-3.975 2.275 5.5347e+00
-3.975 2.325 2.5779e+01
-3.975 2.375 8.3288e+01
-3.975 2.425 1.3262e+02
-3.975 2.475 2.0749e+02
-3.975 2.525 1.4143e+02
-3.975 2.575 3.3583e+02
-3.975 2.625 1.8555e+02
-3.975 2.675 7.3494e+02
-3.975 2.725 5.5885e+02
-3.975 2.775 3.4749e+03
-3.975 2.825 6.0745e+03
-3.975 2.875 6.5835e+03
-3.975 2.925 4.5390e+03
-3.975 2.975 7.9120e+03
-3.975 3.025 9.5461e+03
-3.975 3.075 1.1653e+04
-3.975 3.125 2.5765e+04
-3.975 3.175 4.1327e+04
-3.975 3.225 2.7988e+04
-3.975 3.275 3.0159e+04
-3.975 3.325 6.5706e+04
-3.975 3.375 9.2266e+04
-3.975 3.425 1.4010e+05
-3.975 3.475 1.8619e+05
-3.975 3.525 2.2088e+05
-3.975 3.575 3.3599e+05
-3.975 3.625 4.4070e+05
-3.975 3.675 3.8427e+05
-3.975 3.725 6.2455e+05
-3.975 3.775 1.0781e+06
-3.975 3.825 0.0000e+00
-3.975 3.875 0.0000e+00
-3.975 3.925 0.0000e+00
-3.975 3.975 0.0000e+00
-3.925 0.025 0.0000e+00
-3.925 0.075 0.0000e+00
-3.925 0.125 0.0000e+00
-3.925 0.175 0.0000e+00
-3.925 0.225 0.0000e+00
-3.925 0.275 0.0000e+00
-3.925 0.325 0.0000e+00
-3.925 0.375 0.0000e+00
-3.925 0.425 0.0000e+00
-3.925 0.475 0.0000e+00
-3.925 0.525 0.0000e+00
-3.925 0.575 0.0000e+00
-3.925 0.625 0.0000e+00
-3.925 0.675 0.0000e+00
-3.925 0.725 0.0000e+00
-3.925 0.775 0.0000e+00
-3.925 0.825 0.0000e+00
-3.925 0.875 0.0000e+00
-3.925 0.925 0.0000e+00
-3.925 0.975 0.0000e+00
-3.925 1.025 0.0000e+00
-3.925 1.075 0.0000e+00
-3.925 1.125 0.0000e+00
-3.925 1.175 0.0000e+00
-3.925 1.225 0.0000e+00
-3.925 1.275 0.0000e+00
-3.925 1.325 0.0000e+00
-3.925 1.375 0.0000e+00
-3.925 1.425 0.0000e+00
-3.925 1.475 0.0000e+00
-3.925 1.525 0.0000e+00
-3.925 1.575 0.0000e+00
-3.925 1.625 0.0000e+00
-3.925 1.675 0.0000e+00
-3.925 1.725 0.0000e+00
-3.925 1.775 0.0000e+00
-3.925 1.825 0.0000e+00
-3.925 1.875 0.0000e+00
-3.925 1.925 0.0000e+00
-3.925 1.975 0.0000e+00
-3.925 2.025 1.3438e+00
-3.925 2.075 3.2223e+00
-3.925 2.125 4.0907e+00
-3.925 2.175 3.4227e+01
-3.925 2.225 5.2967e+00
-3.925 2.275 1.7050e+01
-3.925 2.325 2.7051e+01
-3.925 2.375 7.5053e+01
-3.925 2.425 1.4773e+02
-3.925 2.475 2.6209e+02
-3.925 2.525 1.0141e+03
-3.925 2.575 2.8910e+02
-3.925 2.625 1.9371e+02
-3.925 2.675 1.7952e+03
-3.925 2.725 3.0645e+03
-3.925 2.775 5.4541e+02
-3.925 2.825 8.9611e+03
-3.925 2.875 5.1434e+03
-3.925 2.925 1.0017e+04
-3.925 2.975 6.2298e+03
-3.925 3.025 1.9888e+04
-3.925 3.075 2.8020e+04
-3.925 3.125 4.1364e+04
-3.925 3.175 5.1259e+04
-3.925 3.225 3.1420e+04
-3.925 3.275 7.8920e+04
-3.925 3.325 1.0354e+05
-3.925 3.375 1.2779e+05
-3.925 3.425 1.3026e+05
-3.925 3.475 2.6907e+05
-3.925 3.525 2.9735e+05
-3.925 3.575 2.9867e+05
-3.925 3.625 5.0482e+05
-3.925 3.675 6.5218e+05
-3.925 3.725 7.6766e+05
-3.925 3.775 8.8591e+05
-3.925 3.825 0.0000e+00
-3.925 3.875 0.0000e+00
-3.925 3.925 0.0000e+00
-3.925 3.975 0.0000e+00
-3.875 0.025 0.0000e+00
-3.875 0.075 0.0000e+00
-3.875 0.125 0.0000e+00
-3.875 0.175 0.0000e+00
-3.875 0.225 0.0000e+00
-3.875 0.275 0.0000e+00
-3.875 0.325 0.0000e+00
-3.875 0.375 0.0000e+00
-3.875 0.425 0.0000e+00
-3.875 0.475 0.0000e+00
-3.875 0.525 0.0000e+00
-3.875 0.575 0.0000e+00
-3.875 0.625 0.0000e+00
-3.875 0.675 0.0000e+00
-3.875 0.725 0.0000e+00
-3.875 0.775 0.0000e+00
-3.875 0.825 0.0000e+00
-3.875 0.875 0.0000e+00
-3.875 0.925 0.0000e+00
-3.875 0.975 0.0000e+00
-3.875 1.025 0.0000e+00
-3.875 1.075 0.0000e+00
-3.875 1.125 0.0000e+00
-3.875 1.175 0.0000e+00
-3.875 1.225 0.0000e+00
-3.875 1.275 0.0000e+00
-3.875 1.325 0.0000e+00
-3.875 1.375 0.0000e+00
-3.875 1.425 0.0000e+00
-3.875 1.475 0.0000e+00
-3.875 1.525 0.0000e+00
-3.875 1.575 0.0000e+00
-3.875 1.625 0.0000e+00
-3.875 1.675 0.0000e+00
-3.875 1.725 0.0000e+00
-3.875 1.775 0.0000e+00
-3.875 1.825 0.0000e+00
-3.875 1.875 0.0000e+00
-3.875 1.925 0.0000e+00
-3.875 1.975 0.0000e+00
-3.875 2.025 8.7489e-01
-3.875 2.075 6.1140e+00
-3.875 2.125 1.0275e+01
-3.875 2.175 1.4703e+01
-3.875 2.225 2.0512e+01
-3.875 2.275 2.9443e+01
-3.875 2.325 2.3162e+01
-3.875 2.375 5.9174e+01
-3.875 2.425 9.8554e+01
-3.875 2.475 3.5839e+02
-3.875 2.525 3.0877e+02
-3.875 2.575 9.6654e+02
-3.875 2.625 5.3937e+02
-3.875 2.675 1.8909e+03
-3.875 2.725 2.0365e+03
-3.875 2.775 1.9679e+03
-3.875 2.825 3.5339e+03
-3.875 2.875 2.6989e+03
-3.875 2.925 7.1002e+03
-3.875 2.975 6.3612e+03
-3.875 3.025 1.3366e+04
-3.875 3.075 2.2452e+04
-3.875 3.125 2.6812e+04
-3.875 3.175 3.4555e+04
-3.875 3.225 8.6957e+04
-3.875 3.275 7.2900e+04
-3.875 3.325 9.6831e+04
-3.875 3.375 1.5125e+05
-3.875 3.425 1.8208e+05
-3.875 3.475 2.8453e+05
-3.875 3.525 2.9677e+05
-3.875 3.575 4.6301e+05
-3.875 3.625 5.2560e+05
-3.875 3.675 7.0314e+05
-3.875 3.725 9.0169e+05
-3.875 3.775 9.8157e+05
-3.875 3.825 0.0000e+00
-3.875 3.875 0.0000e+00
-3.875 3.925 0.0000e+00
-3.875 3.975 0.0000e+00
-3.825 0.025 0.0000e+00
-3.825 0.075 0.0000e+00
-3.825 0.125 0.0000e+00
-3.825 0.175 0.0000e+00
-3.825 0.225 0.0000e+00
-3.825 0.275 0.0000e+00
-3.825 0.325 0.0000e+00
-3.825 0.375 0.0000e+00
-3.825 0.425 0.0000e+00
-3.825 0.475 0.0000e+00
-3.825 0.525 0.0000e+00
-3.825 0.575 0.0000e+00
-3.825 0.625 0.0000e+00
-3.825 0.675 0.0000e+00
-3.825 0.725 0.0000e+00
-3.825 0.775 0.0000e+00
-3.825 0.825 0.0000e+00
-3.825 0.875 0.0000e+00
-3.825 0.925 0.0000e+00
-3.825 0.975 0.0000e+00
-3.825 1.025 0.0000e+00
-3.825 1.075 0.0000e+00
-3.825 1.125 0.0000e+00
-3.825 1.175 0.0000e+00
-3.825 1.225 0.0000e+00
-3.825 1.275 0.0000e+00
-3.825 1.325 0.0000e+00
-3.825 1.375 0.0000e+00
-3.825 1.425 0.0000e+00
-3.825 1.475 0.0000e+00
-3.825 1.525 0.0000e+00
-3.825 1.575 0.0000e+00
-3.825 1.625 0.0000e+00
-3.825 1.675 0.0000e+00
-3.825 1.725 0.0000e+00
-3.825 1.775 0.0000e+00
-3.825 1.825 0.0000e+00
-3.825 1.875 0.0000e+00
-3.825 1.925 0.0000e+00
-3.825 1.975 0.0000e+00
-3.825 2.025 2.9547e+00
-3.825 2.075 8.5393e+00
-3.825 2.125 1.4441e+01
-3.825 2.175 5.2556e+01
-3.825 2.225 9.7327e+01
-3.825 2.275 2.6164e+01
-3.825 2.325 7.8026e+01
-3.825 2.375 1.5424e+02
-3.825 2.425 2.2989e+02
-3.825 2.475 1.3495e+02
-3.825 2.525 4.2195e+02
-3.825 2.575 3.5199e+02
-3.825 2.625 9.7908e+02
-3.825 2.675 4.5580e+02
-3.825 2.725 1.9486e+03
-3.825 2.775 3.3307e+03
-3.825 2.825 6.6039e+03
-3.825 2.875 7.4468e+03
-3.825 2.925 1.2099e+04
-3.825 2.975 9.0718e+03
-3.825 3.025 2.9251e+04
-3.825 3.075 1.7627e+04
-3.825 3.125 3.8331e+04
-3.825 3.175 6.9379e+04
-3.825 3.225 8.6126e+04
-3.825 3.275 9.1297e+04
-3.825 3.325 1.5236e+05
-3.825 3.375 1.5921e+05
-3.825 3.425 2.2702e+05
-3.825 3.475 3.4476e+05
-3.825 3.525 3.8130e+05
-3.825 3.575 4.3657e+05
-3.825 3.625 6.0040e+05
-3.825 3.675 8.8498e+05
-3.825 3.725 1.0192e+06
-3.825 3.775 9.3701e+05
-3.825 3.825 0.0000e+00
-3.825 3.875 0.0000e+00
-3.825 3.925 0.0000e+00
-3.825 3.975 0.0000e+00
-3.775 0.025 0.0000e+00
-3.775 0.075 0.0000e+00
-3.775 0.125 0.0000e+00
-3.775 0.175 0.0000e+00
-3.775 0.225 0.0000e+00
-3.775 0.275 0.0000e+00
-3.775 0.325 0.0000e+00
-3.775 0.375 0.0000e+00
-3.775 0.425 0.0000e+00
-3.775 0.475 0.0000e+00
-3.775 0.525 0.0000e+00
-3.775 0.575 0.0000e+00
-3.775 0.625 0.0000e+00
-3.775 0.675 0.0000e+00
-3.775 0.725 0.0000e+00
-3.775 0.775 0.0000e+00
-3.775 0.825 0.0000e+00
-3.775 0.875 0.0000e+00
-3.775 0.925 0.0000e+00
-3.775 0.975 0.0000e+00
-3.775 1.025 0.0000e+00
-3.775 1.075 0.0000e+00
-3.775 1.125 0.0000e+00
-3.775 1.175 0.0000e+00
-3.775 1.225 0.0000e+00
-3.775 1.275 0.0000e+00
-3.775 1.325 0.0000e+00
-3.775 1.375 0.0000e+00
-3.775 1.425 0.0000e+00
-3.775 1.475 0.0000e+00
-3.775 1.525 0.0000e+00
-3.775 1.575 0.0000e+00
-3.775 1.625 0.0000e+00
-3.775 1.675 0.0000e+00
-3.775 1.725 0.0000e+00
-3.775 1.775 0.0000e+00
-3.775 1.825 0.0000e+00
-3.775 1.875 0.0000e+00
-3.775 1.925 0.0000e+00
-3.775 1.975 0.0000e+00
-3.775 2.025 1.5570e+01
-3.775 2.075 7.6616e+00
-3.775 2.125 1.5762e+01
-3.775 2.175 5.7401e+01
-3.775 2.225 1.0596e+02
-3.775 2.275 1.3877e+01
-3.775 2.325 1.1358e+02
-3.775 2.375 9.0546e+01
-3.775 2.425 2.6089e+02
-3.775 2.475 8.5581e+02
-3.775 2.525 5.0826e+02
-3.775 2.575 1.9346e+03
-3.775 2.625 1.5665e+03
-3.775 2.675 6.2781e+03
-3.775 2.725 2.5016e+03
-3.775 2.775 5.0515e+03
-3.775 2.825 9.3986e+03
-3.775 2.875 5.0603e+03
-3.775 2.925 1.3868e+04
-3.775 2.975 1.6760e+04
-3.775 3.025 4.8203e+04
-3.775 3.075 5.1686e+04
-3.775 3.125 3.4031e+04
-3.775 3.175 7.8308e+04
-3.775 3.225 1.0115e+05
-3.775 3.275 9.3494e+04
-3.775 3.325 2.4032e+05
-3.775 3.375 2.4811e+05
-3.775 3.425 3.2283e+05
-3.775 3.475 3.6067e+05
-3.775 3.525 4.2921e+05
-3.775 3.575 6.4140e+05
-3.775 3.625 7.9008e+05
-3.775 3.675 7.7818e+05
-3.775 3.725 1.2169e+06
-3.775 3.775 1.7067e+06
-3.775 3.825 0.0000e+00
-3.775 3.875 0.0000e+00
-3.775 3.925 0.0000e+00
-3.775 3.975 0.0000e+00
-3.725 0.025 0.0000e+00
-3.725 0.075 0.0000e+00
-3.725 0.125 0.0000e+00
-3.725 0.175 0.0000e+00
-3.725 0.225 0.0000e+00
-3.725 0.275 0.0000e+00
-3.725 0.325 0.0000e+00
-3.725 0.375 0.0000e+00
-3.725 0.425 0.0000e+00
-3.725 0.475 0.0000e+00
-3.725 0.525 0.0000e+00
-3.725 0.575 0.0000e+00
-3.725 0.625 0.0000e+00
-3.725 0.675 0.0000e+00
-3.725 0.725 0.0000e+00
-3.725 0.775 0.0000e+00
-3.725 0.825 0.0000e+00
-3.725 0.875 0.0000e+00
-3.725 0.925 0.0000e+00
-3.725 0.975 0.0000e+00
-3.725 1.025 0.0000e+00
-3.725 1.075 0.0000e+00
-3.725 1.125 0.0000e+00
-3.725 1.175 0.0000e+00
-3.725 1.225 0.0000e+00
-3.725 1.275 0.0000e+00
-3.725 1.325 0.0000e+00
-3.725 1.375 0.0000e+00
-3.725 1.425 0.0000e+00
-3.725 1.475 0.0000e+00
-3.725 1.525 0.0000e+00
-3.725 1.575 0.0000e+00
-3.725 1.625 0.0000e+00
-3.725 1.675 0.0000e+00
-3.725 1.725 0.0000e+00
-3.725 1.775 0.0000e+00
-3.725 1.825 0.0000e+00
-3.725 1.875 0.0000e+00
-3.725 1.925 0.0000e+00
-3.725 1.975 0.0000e+00
-3.725 2.025 5.8902e+00
-3.725 2.075 1.1981e+01
-3.725 2.125 9.1365e+00
-3.725 2.175 7.1951e+00
-3.725 2.225 2.7448e+01
-3.725 2.275 7.5514e+01
-3.725 2.325 3.4821e+02
-3.725 2.375 2.3154e+02
-3.725 2.425 2.5465e+02
-3.725 2.475 1.1797e+03
-3.725 2.525 2.3592e+02
-3.725 2.575 1.0017e+03
-3.725 2.625 1.4961e+03
-3.725 2.675 2.4689e+03
-3.725 2.725 5.9087e+03
-3.725 2.775 1.6095e+04
-3.725 2.825 7.1035e+03
-3.725 2.875 2.3837e+04
-3.725 2.925 1.1188e+04
-3.725 2.975 2.3446e+04
-3.725 3.025 3.4737e+04
-3.725 3.075 4.3132e+04
-3.725 3.125 6.1637e+04
-3.725 3.175 6.4484e+04
-3.725 3.225 1.1924e+05
-3.725 3.275 1.8171e+05
-3.725 3.325 2.1720e+05
-3.725 3.375 2.9336e+05
-3.725 3.425 3.1728e+05
-3.725 3.475 4.2822e+05
-3.725 3.525 5.0810e+05
-3.725 3.575 7.7805e+05
-3.725 3.625 9.0303e+05
-3.725 3.675 9.8825e+05
-3.725 3.725 1.1258e+06
-3.725 3.775 1.2866e+06
-3.725 3.825 0.0000e+00
-3.725 3.875 0.0000e+00
-3.725 3.925 0.0000e+00
-3.725 3.975 0.0000e+00
-3.675 0.025 0.0000e+00
-3.675 0.075 0.0000e+00
-3.675 0.125 0.0000e+00
-3.675 0.175 0.0000e+00
-3.675 0.225 0.0000e+00
-3.675 0.275 0.0000e+00
-3.675 0.325 0.0000e+00
-3.675 0.375 0.0000e+00
-3.675 0.425 0.0000e+00
-3.675 0.475 0.0000e+00
-3.675 0.525 0.0000e+00
-3.675 0.575 0.0000e+00
-3.675 0.625 0.0000e+00
-3.675 0.675 0.0000e+00
-3.675 0.725 0.0000e+00
-3.675 0.775 0.0000e+00
-3.675 0.825 0.0000e+00
-3.675 0.875 0.0000e+00
-3.675 0.925 0.0000e+00
-3.675 0.975 0.0000e+00
-3.675 1.025 0.0000e+00
-3.675 1.075 0.0000e+00
-3.675 1.125 0.0000e+00
-3.675 1.175 0.0000e+00
-3.675 1.225 0.0000e+00
-3.675 1.275 0.0000e+00
-3.675 1.325 0.0000e+00
-3.675 1.375 0.0000e+00
-3.675 1.425 0.0000e+00
-3.675 1.475 0.0000e+00
-3.675 1.525 0.0000e+00
-3.675 1.575 0.0000e+00
-3.675 1.625 0.0000e+00
-3.675 1.675 0.0000e+00
-3.675 1.725 0.0000e+00
-3.675 1.775 0.0000e+00
-3.675 1.825 0.0000e+00
-3.675 1.875 0.0000e+00
-3.675 1.925 0.0000e+00
-3.675 1.975 0.0000e+00
-3.675 2.025 4.3097e+00
-3.675 2.075 2.7991e+01
-3.675 2.125 1.6718e+01
-3.675 2.175 6.1801e+01
-3.675 2.225 1.3353e+02
-3.675 2.275 8.6522e+01
-3.675 2.325 7.8245e+01
-3.675 2.375 2.6329e+02
-3.675 2.425 8.6757e+02
-3.675 2.475 3.7470e+02
-3.675 2.525 1.1264e+03
-3.675 2.575 1.4192e+03
-3.675 2.625 2.7826e+03
-3.675 2.675 1.3424e+03
-3.675 2.725 4.6200e+03
-3.675 2.775 9.5409e+03
-3.675 2.825 1.7051e+04
-3.675 2.875 1.7086e+04
-3.675 2.925 3.5650e+04
-3.675 2.975 3.9400e+04
-3.675 3.025 3.2995e+04
-3.675 3.075 5.2313e+04
-3.675 3.125 7.2098e+04
-3.675 3.175 1.0602e+05
-3.675 3.225 1.4181e+05
-3.675 3.275 2.4801e+05
-3.675 3.325 2.8395e+05
-3.675 3.375 3.7693e+05
-3.675 3.425 3.5156e+05
-3.675 3.475 4.8480e+05
-3.675 3.525 8.2077e+05
-3.675 3.575 8.4267e+05
-3.675 3.625 8.9255e+05
-3.675 3.675 1.0210e+06
-3.675 3.725 1.2121e+06
-3.675 3.775 1.1292e+06
-3.675 3.825 0.0000e+00
-3.675 3.875 0.0000e+00
-3.675 3.925 0.0000e+00
-3.675 3.975 0.0000e+00
-3.625 0.025 0.0000e+00
-3.625 0.075 0.0000e+00
-3.625 0.125 0.0000e+00
-3.625 0.175 0.0000e+00
-3.625 0.225 0.0000e+00
-3.625 0.275 0.0000e+00
-3.625 0.325 0.0000e+00
-3.625 0.375 0.0000e+00
-3.625 0.425 0.0000e+00
-3.625 0.475 0.0000e+00
-3.625 0.525 0.0000e+00
-3.625 0.575 0.0000e+00
-3.625 0.625 0.0000e+00
-3.625 0.675 0.0000e+00
-3.625 0.725 0.0000e+00
-3.625 0.775 0.0000e+00
-3.625 0.825 0.0000e+00
-3.625 0.875 0.0000e+00
-3.625 0.925 0.0000e+00
-3.625 0.975 0.0000e+00
-3.625 1.025 0.0000e+00
-3.625 1.075 0.0000e+00
-3.625 1.125 0.0000e+00
-3.625 1.175 0.0000e+00
-3.625 1.225 0.0000e+00
-3.625 1.275 0.0000e+00
-3.625 1.325 0.0000e+00
-3.625 1.375 0.0000e+00
-3.625 1.425 0.0000e+00
-3.625 1.475 0.0000e+00
-3.625 1.525 0.0000e+00
-3.625 1.575 0.0000e+00
-3.625 1.625 0.0000e+00
-3.625 1.675 0.0000e+00
-3.625 1.725 0.0000e+00
-3.625 1.775 0.0000e+00
-3.625 1.825 0.0000e+00
-3.625 1.875 0.0000e+00
-3.625 1.925 0.0000e+00
-3.625 1.975 0.0000e+00
-3.625 2.025 1.5689e+01
-3.625 2.075 1.5476e+01
-3.625 2.125 1.5410e+01
-3.625 2.175 5.0624e+01
-3.625 2.225 8.7736e+01
-3.625 2.275 2.2869e+02
-3.625 2.325 3.7541e+02
-3.625 2.375 6.0074e+02
-3.625 2.425 4.0010e+02
-3.625 2.475 1.1230e+03
-3.625 2.525 7.4916e+02
-3.625 2.575 1.6607e+03
-3.625 2.625 3.7498e+03
-3.625 2.675 1.1766e+04
-3.625 2.725 2.7855e+03
-3.625 2.775 9.6220e+03
-3.625 2.825 1.5541e+04
-3.625 2.875 1.9518e+04
-3.625 2.925 5.0169e+04
-3.625 2.975 2.9984e+04
-3.625 3.025 7.0794e+04
-3.625 3.075 7.6339e+04
-3.625 3.125 1.2240e+05
-3.625 3.175 9.5832e+04
-3.625 3.225 1.7223e+05
-3.625 3.275 2.3963e+05
-3.625 3.325 3.5144e+05
-3.625 3.375 3.6314e+05
-3.625 3.425 5.5841e+05
-3.625 3.475 7.2658e+05
-3.625 3.525 7.2163e+05
-3.625 3.575 8.5446e+05
-3.625 3.625 1.0675e+06
-3.625 3.675 1.0440e+06
-3.625 3.725 1.2096e+06
-3.625 3.775 1.3083e+06
-3.625 3.825 0.0000e+00
-3.625 3.875 0.0000e+00
-3.625 3.925 0.0000e+00
-3.625 3.975 0.0000e+00
-3.575 0.025 0.0000e+00
-3.575 0.075 0.0000e+00
-3.575 0.125 0.0000e+00
-3.575 0.175 0.0000e+00
-3.575 0.225 0.0000e+00
-3.575 0.275 0.0000e+00
-3.575 0.325 0.0000e+00
-3.575 0.375 0.0000e+00
-3.575 0.425 0.0000e+00
-3.575 0.475 0.0000e+00
-3.575 0.525 0.0000e+00
-3.575 0.575 0.0000e+00
-3.575 0.625 0.0000e+00
-3.575 0.675 0.0000e+00
-3.575 0.725 0.0000e+00
-3.575 0.775 0.0000e+00
-3.575 0.825 0.0000e+00
-3.575 0.875 0.0000e+00
-3.575 0.925 0.0000e+00
-3.575 0.975 0.0000e+00
-3.575 1.025 0.0000e+00
-3.575 1.075 0.0000e+00
-3.575 1.125 0.0000e+00
-3.575 1.175 0.0000e+00
-3.575 1.225 0.0000e+00
-3.575 1.275 0.0000e+00
-3.575 1.325 0.0000e+00
-3.575 1.375 0.0000e+00
-3.575 1.425 0.0000e+00
-3.575 1.475 0.0000e+00
-3.575 1.525 0.0000e+00
-3.575 1.575 0.0000e+00
-3.575 1.625 0.0000e+00
-3.575 1.675 0.0000e+00
-3.575 1.725 0.0000e+00
-3.575 1.775 0.0000e+00
-3.575 1.825 0.0000e+00
-3.575 1.875 0.0000e+00
-3.575 1.925 0.0000e+00
-3.575 1.975 0.0000e+00
-3.575 2.025 2.3224e+01
-3.575 2.075 3.7396e+01
-3.575 2.125 6.7001e+01
-3.575 2.175 8.3241e+01
-3.575 2.225 4.8278e+01
-3.575 2.275 3.2767e+02
-3.575 2.325 1.5038e+02
-3.575 2.375 2.9626e+02
-3.575 2.425 5.9376e+02
-3.575 2.475 1.0849e+03
-3.575 2.525 2.3303e+03
-3.575 2.575 4.1874e+03
-3.575 2.625 4.2704e+03
-3.575 2.675 9.0627e+03
-3.575 2.725 1.3220e+04
-3.575 2.775 1.1136e+04
-3.575 2.825 2.2057e+04
-3.575 2.875 2.3389e+04
-3.575 2.925 3.7429e+04
-3.575 2.975 7.5695e+04
-3.575 3.025 7.2820e+04
-3.575 3.075 9.2285e+04
-3.575 3.125 1.5257e+05
-3.575 3.175 2.0597e+05
-3.575 3.225 2.2364e+05
-3.575 3.275 3.3212e+05
-3.575 3.325 4.1106e+05
-3.575 3.375 5.1392e+05
-3.575 3.425 6.3932e+05
-3.575 3.475 6.7978e+05
-3.575 3.525 9.9194e+05
-3.575 3.575 9.6587e+05
-3.575 3.625 1.0357e+06
-3.575 3.675 1.2774e+06
-3.575 3.725 9.8082e+05
-3.575 3.775 7.7962e+05
-3.575 3.825 0.0000e+00
-3.575 3.875 0.0000e+00
-3.575 3.925 0.0000e+00
-3.575 3.975 0.0000e+00
-3.525 0.025 0.0000e+00
-3.525 0.075 0.0000e+00
-3.525 0.125 0.0000e+00
-3.525 0.175 0.0000e+00
-3.525 0.225 0.0000e+00
-3.525 0.275 0.0000e+00
-3.525 0.325 0.0000e+00
-3.525 0.375 0.0000e+00
-3.525 0.425 0.0000e+00
-3.525 0.475 0.0000e+00
-3.525 0.525 0.0000e+00
-3.525 0.575 0.0000e+00
-3.525 0.625 0.0000e+00
-3.525 0.675 0.0000e+00
-3.525 0.725 0.0000e+00
-3.525 0.775 0.0000e+00
-3.525 0.825 0.0000e+00
-3.525 0.875 0.0000e+00
-3.525 0.925 0.0000e+00
-3.525 0.975 0.0000e+00
-3.525 1.025 0.0000e+00
-3.525 1.075 0.0000e+00
-3.525 1.125 0.0000e+00
-3.525 1.175 0.0000e+00
-3.525 1.225 0.0000e+00
-3.525 1.275 0.0000e+00
-3.525 1.325 0.0000e+00
-3.525 1.375 0.0000e+00
-3.525 1.425 0.0000e+00
-3.525 1.475 0.0000e+00
-3.525 1.525 0.0000e+00
-3.525 1.575 0.0000e+00
-3.525 1.625 0.0000e+00
-3.525 1.675 0.0000e+00
-3.525 1.725 0.0000e+00
-3.525 1.775 0.0000e+00
-3.525 1.825 0.0000e+00
-3.525 1.875 0.0000e+00
-3.525 1.925 0.0000e+00
-3.525 1.975 0.0000e+00
-3.525 2.025 2.4732e+01
-3.525 2.075 5.0912e+01
-3.525 2.125 3.0473e+01
-3.525 2.175 9.3228e+01
-3.525 2.225 2.2828e+02
-3.525 2.275 3.0163e+02
-3.525 2.325 4.2266e+02
-3.525 2.375 4.3679e+02
-3.525 2.425 1.2419e+03
-3.525 2.475 1.1870e+03
-3.525 2.525 3.7144e+03
-3.525 2.575 3.9206e+03
-3.525 2.625 2.1968e+03
-3.525 2.675 9.5646e+03
-3.525 2.725 1.6114e+04
-3.525 2.775 1.5202e+04
-3.525 2.825 1.2572e+04
-3.525 2.875 4.8992e+04
-3.525 2.925 4.7032e+04
-3.525 2.975 6.7116e+04
-3.525 3.025 1.1301e+05
-3.525 3.075 1.2322e+05
-3.525 3.125 1.7462e+05
-3.525 3.175 1.8721e+05
-3.525 3.225 2.8938e+05
-3.525 3.275 3.2863e+05
-3.525 3.325 3.8275e+05
-3.525 3.375 4.7895e+05
-3.525 3.425 5.5219e+05
-3.525 3.475 7.9731e+05
-3.525 3.525 7.7258e+05
-3.525 3.575 8.3929e+05
-3.525 3.625 9.8593e+05
-3.525 3.675 7.9617e+05
-3.525 3.725 8.3563e+05
-3.525 3.775 8.5877e+05
-3.525 3.825 0.0000e+00
-3.525 3.875 0.0000e+00
-3.525 3.925 0.0000e+00
-3.525 3.975 0.0000e+00
-3.475 0.025 0.0000e+00
-3.475 0.075 0.0000e+00
-3.475 0.125 0.0000e+00
-3.475 0.175 0.0000e+00
-3.475 0.225 0.0000e+00
-3.475 0.275 0.0000e+00
-3.475 0.325 0.0000e+00
-3.475 0.375 0.0000e+00
-3.475 0.425 0.0000e+00
-3.475 0.475 0.0000e+00
-3.475 0.525 0.0000e+00
-3.475 0.575 0.0000e+00
-3.475 0.625 0.0000e+00
-3.475 0.675 0.0000e+00
-3.475 0.725 0.0000e+00
-3.475 0.775 0.0000e+00
-3.475 0.825 0.0000e+00
-3.475 0.875 0.0000e+00
-3.475 0.925 0.0000e+00
-3.475 0.975 0.0000e+00
-3.475 1.025 0.0000e+00
-3.475 1.075 0.0000e+00
-3.475 1.125 0.0000e+00
-3.475 1.175 0.0000e+00
-3.475 1.225 0.0000e+00
-3.475 1.275 0.0000e+00
-3.475 1.325 0.0000e+00
-3.475 1.375 0.0000e+00
-3.475 1.425 0.0000e+00
-3.475 1.475 0.0000e+00
-3.475 1.525 0.0000e+00
-3.475 1.575 0.0000e+00
-3.475 1.625 0.0000e+00
-3.475 1.675 0.0000e+00
-3.475 1.725 0.0000e+00
-3.475 1.775 0.0000e+00
-3.475 1.825 0.0000e+00
-3.475 1.875 0.0000e+00
-3.475 1.925 0.0000e+00
-3.475 1.975 0.0000e+00
-3.475 2.025 3.1635e+01
-3.475 2.075 2.8946e+01
-3.475 2.125 4.7204e+01
-3.475 2.175 7.7249e+01
-3.475 2.225 1.1472e+02
-3.475 2.275 3.2631e+02
-3.475 2.325 3.9457e+02
-3.475 2.375 5.6612e+02
-3.475 2.425 8.4506e+02
-3.475 2.475 1.8748e+03
-3.475 2.525 1.6441e+03
-3.475 2.575 3.7625e+03
-3.475 2.625 3.8326e+03
-3.475 2.675 5.9427e+03
-3.475 2.725 1.1150e+04
-3.475 2.775 2.9587e+04
-3.475 2.825 3.7936e+04
-3.475 2.875 6.2791e+04
-3.475 2.925 7.0491e+04
-3.475 2.975 8.5737e+04
-3.475 3.025 1.3904e+05
-3.475 3.075 1.8921e+05
-3.475 3.125 2.3702e+05
-3.475 3.175 2.4436e+05
-3.475 3.225 3.9883e+05
-3.475 3.275 4.3857e+05
-3.475 3.325 4.4950e+05
-3.475 3.375 6.0384e+05
-3.475 3.425 8.3946e+05
-3.475 3.475 8.4755e+05
-3.475 3.525 9.8474e+05
-3.475 3.575 9.8258e+05
-3.475 3.625 8.4207e+05
-3.475 3.675 8.9391e+05
-3.475 3.725 7.0194e+05
-3.475 3.775 4.7290e+05
-3.475 3.825 0.0000e+00
-3.475 3.875 0.0000e+00
-3.475 3.925 0.0000e+00
-3.475 3.975 0.0000e+00
-3.425 0.025 0.0000e+00
-3.425 0.075 0.0000e+00
-3.425 0.125 0.0000e+00
-3.425 0.175 0.0000e+00
-3.425 0.225 0.0000e+00
-3.425 0.275 0.0000e+00
-3.425 0.325 0.0000e+00
-3.425 0.375 0.0000e+00
-3.425 0.425 0.0000e+00
-3.425 0.475 0.0000e+00
-3.425 0.525 0.0000e+00
-3.425 0.575 0.0000e+00
-3.425 0.625 0.0000e+00
-3.425 0.675 0.0000e+00
-3.425 0.725 0.0000e+00
-3.425 0.775 0.0000e+00
-3.425 0.825 0.0000e+00
-3.425 0.875 0.0000e+00
-3.425 0.925 0.0000e+00
-3.425 0.975 0.0000e+00
-3.425 1.025 0.0000e+00
-3.425 1.075 0.0000e+00
-3.425 1.125 0.0000e+00
-3.425 1.175 0.0000e+00
-3.425 1.225 0.0000e+00
-3.425 1.275 0.0000e+00
-3.425 1.325 0.0000e+00
-3.425 1.375 0.0000e+00
-3.425 1.425 0.0000e+00
-3.425 1.475 0.0000e+00
-3.425 1.525 0.0000e+00
-3.425 1.575 0.0000e+00
-3.425 1.625 0.0000e+00
-3.425 1.675 0.0000e+00
-3.425 1.725 0.0000e+00
-3.425 1.775 0.0000e+00
-3.425 1.825 0.0000e+00
-3.425 1.875 0.0000e+00
-3.425 1.925 0.0000e+00
-3.425 1.975 0.0000e+00
-3.425 2.025 2.2912e+01
-3.425 2.075 5.0341e+01
-3.425 2.125 1.0057e+02
-3.425 2.175 2.6295e+02
-3.425 2.225 1.2476e+02
-3.425 2.275 2.2199e+02
-3.425 2.325 4.2411e+02
-3.425 2.375 1.2319e+03
-3.425 2.425 1.1093e+03
-3.425 2.475 1.4411e+03
-3.425 2.525 2.6808e+03
-3.425 2.575 4.2832e+03
-3.425 2.625 8.6862e+03
-3.425 2.675 1.4828e+04
-3.425 2.725 1.2802e+04
-3.425 2.775 1.9223e+04
-3.425 2.825 3.4361e+04
-3.425 2.875 4.8125e+04
-3.425 2.925 7.0023e+04
-3.425 2.975 8.6244e+04
-3.425 3.025 1.4762e+05
-3.425 3.075 2.0052e+05
-3.425 3.125 2.9785e+05
-3.425 3.175 3.1086e+05
-3.425 3.225 3.2514e+05
-3.425 3.275 5.2120e+05
-3.425 3.325 7.3977e+05
-3.425 3.375 7.3408e+05
-3.425 3.425 7.1874e+05
-3.425 3.475 8.6999e+05
-3.425 3.525 9.7921e+05
-3.425 3.575 1.0252e+06
-3.425 3.625 6.9179e+05
-3.425 3.675 6.1118e+05
-3.425 3.725 4.9649e+05
-3.425 3.775 3.4558e+05
-3.425 3.825 0.0000e+00
-3.425 3.875 0.0000e+00
-3.425 3.925 0.0000e+00
-3.425 3.975 0.0000e+00
-3.375 0.025 0.0000e+00
-3.375 0.075 0.0000e+00
-3.375 0.125 0.0000e+00
-3.375 0.175 0.0000e+00
-3.375 0.225 0.0000e+00
-3.375 0.275 0.0000e+00
-3.375 0.325 0.0000e+00
-3.375 0.375 0.0000e+00
-3.375 0.425 0.0000e+00
-3.375 0.475 0.0000e+00
-3.375 0.525 0.0000e+00
-3.375 0.575 0.0000e+00
-3.375 0.625 0.0000e+00
-3.375 0.675 0.0000e+00
-3.375 0.725 0.0000e+00
-3.375 0.775 0.0000e+00
-3.375 0.825 0.0000e+00
-3.375 0.875 0.0000e+00
-3.375 0.925 0.0000e+00
-3.375 0.975 0.0000e+00
-3.375 1.025 0.0000e+00
-3.375 1.075 0.0000e+00
-3.375 1.125 0.0000e+00
-3.375 1.175 0.0000e+00
-3.375 1.225 0.0000e+00
-3.375 1.275 0.0000e+00
-3.375 1.325 0.0000e+00
-3.375 1.375 0.0000e+00
-3.375 1.425 0.0000e+00
-3.375 1.475 0.0000e+00
-3.375 1.525 0.0000e+00
-3.375 1.575 0.0000e+00
-3.375 1.625 0.0000e+00
-3.375 1.675 0.0000e+00
-3.375 1.725 0.0000e+00
-3.375 1.775 0.0000e+00
-3.375 1.825 0.0000e+00
-3.375 1.875 0.0000e+00
-3.375 1.925 0.0000e+00
-3.375 1.975 0.0000e+00
-3.375 2.025 3.2913e+01
-3.375 2.075 6.4142e+01
-3.375 2.125 1.0921e+02
-3.375 2.175 1.7511e+02
-3.375 2.225 4.7010e+02
-3.375 2.275 5.4322e+02
-3.375 2.325 8.6900e+02
-3.375 2.375 1.0336e+03
-3.375 2.425 1.0164e+03
-3.375 2.475 2.8878e+03
-3.375 2.525 2.6435e+03
-3.375 2.575 8.7034e+03
-3.375 2.625 1.2110e+04
-3.375 2.675 2.4270e+04
-3.375 2.725 1.9919e+04
-3.375 2.775 3.1908e+04
-3.375 2.825 5.3297e+04
-3.375 2.875 8.2436e+04
-3.375 2.925 9.8259e+04
-3.375 2.975 1.4632e+05
-3.375 3.025 1.4375e+05
-3.375 3.075 2.0747e+05
-3.375 3.125 4.0471e+05
-3.375 3.175 3.8193e+05
-3.375 3.225 5.2237e+05
-3.375 3.275 5.8430e+05
-3.375 3.325 5.9686e+05
-3.375 3.375 8.4379e+05
-3.375 3.425 9.9732e+05
-3.375 3.475 8.4400e+05
-3.375 3.525 9.3478e+05
-3.375 3.575 6.4675e+05
-3.375 3.625 6.4627e+05
-3.375 3.675 4.6738e+05
-3.375 3.725 3.4300e+05
-3.375 3.775 2.5107e+05
-3.375 3.825 0.0000e+00
-3.375 3.875 0.0000e+00
-3.375 3.925 0.0000e+00
-3.375 3.975 0.0000e+00
-3.325 0.025 0.0000e+00
-3.325 0.075 0.0000e+00
-3.325 0.125 0.0000e+00
-3.325 0.175 0.0000e+00
-3.325 0.225 0.0000e+00
-3.325 0.275 0.0000e+00
-3.325 0.325 0.0000e+00
-3.325 0.375 0.0000e+00
-3.325 0.425 0.0000e+00
-3.325 0.475 0.0000e+00
-3.325 0.525 0.0000e+00
-3.325 0.575 0.0000e+00
-3.325 0.625 0.0000e+00
-3.325 0.675 0.0000e+00
-3.325 0.725 0.0000e+00
-3.325 0.775 0.0000e+00
-3.325 0.825 0.0000e+00
-3.325 0.875 0.0000e+00
-3.325 0.925 0.0000e+00
-3.325 0.975 0.0000e+00
-3.325 1.025 0.0000e+00
-3.325 1.075 0.0000e+00
-3.325 1.125 0.0000e+00
-3.325 1.175 0.0000e+00
-3.325 1.225 0.0000e+00
-3.325 1.275 0.0000e+00
-3.325 1.325 0.0000e+00
-3.325 1.375 0.0000e+00
-3.325 1.425 0.0000e+00
-3.325 1.475 0.0000e+00
-3.325 1.525 0.0000e+00
-3.325 1.575 0.0000e+00
-3.325 1.625 0.0000e+00
-3.325 1.675 0.0000e+00
-3.325 1.725 0.0000e+00
-3.325 1.775 0.0000e+00
-3.325 1.825 0.0000e+00
-3.325 1.875 0.0000e+00
-3.325 1.925 0.0000e+00
-3.325 1.975 0.0000e+00
-3.325 2.025 2.9299e+01
-3.325 2.075 6.3969e+01
-3.325 2.125 1.4811e+02
-3.325 2.175 2.1208e+02
-3.325 2.225 2.3521e+02
-3.325 2.275 4.1819e+02
-3.325 2.325 1.0371e+03
-3.325 2.375 9.6619e+02
-3.325 2.425 2.1864e+03
-3.325 2.475 3.4682e+03
-3.325 2.525 4.9064e+03
-3.325 2.575 9.9782e+03
-3.325 2.625 1.4602e+04
-3.325 2.675 1.9045e+04
-3.325 2.725 3.6463e+04
-3.325 2.775 3.1969e+04
-3.325 2.825 7.1667e+04
-3.325 2.875 7.0131e+04
-3.325 2.925 1.4716e+05
-3.325 2.975 1.6438e+05
-3.325 3.025 1.8549e+05
-3.325 3.075 2.9576e+05
-3.325 3.125 3.6716e+05
-3.325 3.175 4.6468e+05
-3.325 3.225 5.8603e+05
-3.325 3.275 6.1735e+05
-3.325 3.325 6.1289e+05
-3.325 3.375 7.1403e+05
-3.325 3.425 9.2120e+05
-3.325 3.475 8.1828e+05
-3.325 3.525 7.9280e+05
-3.325 3.575 6.4250e+05
-3.325 3.625 4.8912e+05
-3.325 3.675 3.2555e+05
-3.325 3.725 2.3249e+05
-3.325 3.775 1.1520e+05
-3.325 3.825 0.0000e+00
-3.325 3.875 0.0000e+00
-3.325 3.925 0.0000e+00
-3.325 3.975 0.0000e+00
-3.275 0.025 0.0000e+00
-3.275 0.075 0.0000e+00
-3.275 0.125 0.0000e+00
-3.275 0.175 0.0000e+00
-3.275 0.225 0.0000e+00
-3.275 0.275 0.0000e+00
-3.275 0.325 0.0000e+00
-3.275 0.375 0.0000e+00
-3.275 0.425 0.0000e+00
-3.275 0.475 0.0000e+00
-3.275 0.525 0.0000e+00
-3.275 0.575 0.0000e+00
-3.275 0.625 0.0000e+00
-3.275 0.675 0.0000e+00
-3.275 0.725 0.0000e+00
-3.275 0.775 0.0000e+00
-3.275 0.825 0.0000e+00
-3.275 0.875 0.0000e+00
-3.275 0.925 0.0000e+00
-3.275 0.975 0.0000e+00
-3.275 1.025 0.0000e+00
-3.275 1.075 0.0000e+00
-3.275 1.125 0.0000e+00
-3.275 1.175 0.0000e+00
-3.275 1.225 0.0000e+00
-3.275 1.275 0.0000e+00
-3.275 1.325 0.0000e+00
-3.275 1.375 0.0000e+00
-3.275 1.425 0.0000e+00
-3.275 1.475 0.0000e+00
-3.275 1.525 0.0000e+00
-3.275 1.575 0.0000e+00
-3.275 1.625 0.0000e+00
-3.275 1.675 0.0000e+00
-3.275 1.725 0.0000e+00
-3.275 1.775 0.0000e+00
-3.275 1.825 0.0000e+00
-3.275 1.875 0.0000e+00
-3.275 1.925 0.0000e+00
-3.275 1.975 0.0000e+00
-3.275 2.025 4.0103e+01
-3.275 2.075 9.1116e+01
-3.275 2.125 1.0448e+02
-3.275 2.175 2.4027e+02
-3.275 2.225 2.8529e+02
-3.275 2.275 4.9644e+02
-3.275 2.325 1.2497e+03
-3.275 2.375 1.7647e+03
-3.275 2.425 2.2658e+03
-3.275 2.475 3.6480e+03
-3.275 2.525 5.0317e+03
-3.275 2.575 1.1086e+04
-3.275 2.625 1.0771e+04
-3.275 2.675 2.8117e+04
-3.275 2.725 4.6808e+04
-3.275 2.775 3.7881e+04
-3.275 2.825 6.2361e+04
-3.275 2.875 1.3014e+05
-3.275 2.925 1.2689e+05
-3.275 2.975 1.6164e+05
-3.275 3.025 2.2433e+05
-3.275 3.075 3.3145e+05
-3.275 3.125 4.6094e+05
-3.275 3.175 5.3940e+05
-3.275 3.225 5.2812e+05
-3.275 3.275 6.3505e+05
-3.275 3.325 8.2703e+05
-3.275 3.375 8.7932e+05
-3.275 3.425 7.8267e+05
-3.275 3.475 8.0676e+05
-3.275 3.525 6.3474e+05
-3.275 3.575 4.8090e+05
-3.275 3.625 3.1743e+05
-3.275 3.675 1.7275e+05
-3.275 3.725 1.2807e+05
-3.275 3.775 6.8160e+04
-3.275 3.825 0.0000e+00
-3.275 3.875 0.0000e+00
-3.275 3.925 0.0000e+00
-3.275 3.975 0.0000e+00
-3.225 0.025 0.0000e+00
-3.225 0.075 0.0000e+00
-3.225 0.125 0.0000e+00
-3.225 0.175 0.0000e+00
-3.225 0.225 0.0000e+00
-3.225 0.275 0.0000e+00
-3.225 0.325 0.0000e+00
-3.225 0.375 0.0000e+00
-3.225 0.425 0.0000e+00
-3.225 0.475 0.0000e+00
-3.225 0.525 0.0000e+00
-3.225 0.575 0.0000e+00
-3.225 0.625 0.0000e+00
-3.225 0.675 0.0000e+00
-3.225 0.725 0.0000e+00
-3.225 0.775 0.0000e+00
-3.225 0.825 0.0000e+00
-3.225 0.875 0.0000e+00
-3.225 0.925 0.0000e+00
-3.225 0.975 0.0000e+00
-3.225 1.025 0.0000e+00
-3.225 1.075 0.0000e+00
-3.225 1.125 0.0000e+00
-3.225 1.175 0.0000e+00
-3.225 1.225 0.0000e+00
-3.225 1.275 0.0000e+00
-3.225 1.325 0.0000e+00
-3.225 1.375 0.0000e+00
-3.225 1.425 0.0000e+00
-3.225 1.475 0.0000e+00
-3.225 1.525 0.0000e+00
-3.225 1.575 0.0000e+00
-3.225 1.625 0.0000e+00
-3.225 1.675 0.0000e+00
-3.225 1.725 0.0000e+00
-3.225 1.775 0.0000e+00
-3.225 1.825 0.0000e+00
-3.225 1.875 0.0000e+00
-3.225 1.925 0.0000e+00
-3.225 1.975 0.0000e+00
-3.225 2.025 7.7249e+01
-3.225 2.075 1.0474e+02
-3.225 2.125 1.3940e+02
-3.225 2.175 2.6320e+02
-3.225 2.225 3.1594e+02
-3.225 2.275 4.9776e+02
-3.225 2.325 1.4653e+03
-3.225 2.375 1.6581e+03
-3.225 2.425 3.0314e+03
-3.225 2.475 5.0079e+03
-3.225 2.525 8.3900e+03
-3.225 2.575 1.1375e+04
-3.225 2.625 1.6968e+04
-3.225 2.675 3.0080e+04
-3.225 2.725 3.4895e+04
-3.225 2.775 6.2408e+04
-3.225 2.825 8.7494e+04
-3.225 2.875 9.4405e+04
-3.225 2.925 1.7734e+05
-3.225 2.975 2.3403e+05
-3.225 3.025 3.5102e+05
-3.225 3.075 3.8778e+05
-3.225 3.125 4.1750e+05
-3.225 3.175 5.6243e+05
-3.225 3.225 6.8523e+05
-3.225 3.275 7.6416e+05
-3.225 3.325 6.5269e+05
-3.225 3.375 8.0288e+05
-3.225 3.425 7.4535e+05
-3.225 3.475 5.8271e+05
-3.225 3.525 5.0792e+05
-3.225 3.575 3.6797e+05
-3.225 3.625 1.7278e+05
-3.225 3.675 1.1225e+05
-3.225 3.725 6.6300e+04
-3.225 3.775 3.6278e+04
-3.225 3.825 0.0000e+00
-3.225 3.875 0.0000e+00
-3.225 3.925 0.0000e+00
-3.225 3.975 0.0000e+00
-3.175 0.025 0.0000e+00
-3.175 0.075 0.0000e+00
-3.175 0.125 0.0000e+00
-3.175 0.175 0.0000e+00
-3.175 0.225 0.0000e+00
-3.175 0.275 0.0000e+00
-3.175 0.325 0.0000e+00
-3.175 0.375 0.0000e+00
-3.175 0.425 0.0000e+00
-3.175 0.475 0.0000e+00
-3.175 0.525 0.0000e+00
-3.175 0.575 0.0000e+00
-3.175 0.625 0.0000e+00
-3.175 0.675 0.0000e+00
-3.175 0.725 0.0000e+00
-3.175 0.775 0.0000e+00
-3.175 0.825 0.0000e+00
-3.175 0.875 0.0000e+00
-3.175 0.925 0.0000e+00
-3.175 0.975 0.0000e+00
-3.175 1.025 0.0000e+00
-3.175 1.075 0.0000e+00
-3.175 1.125 0.0000e+00
-3.175 1.175 0.0000e+00
-3.175 1.225 0.0000e+00
-3.175 1.275 0.0000e+00
-3.175 1.325 0.0000e+00
-3.175 1.375 0.0000e+00
-3.175 1.425 0.0000e+00
-3.175 1.475 0.0000e+00
-3.175 1.525 0.0000e+00
-3.175 1.575 0.0000e+00
-3.175 1.625 0.0000e+00
-3.175 1.675 0.0000e+00
-3.175 1.725 0.0000e+00
-3.175 1.775 0.0000e+00
-3.175 1.825 0.0000e+00
-3.175 1.875 0.0000e+00
-3.175 1.925 0.0000e+00
-3.175 1.975 0.0000e+00
-3.175 2.025 9.2193e+01
-3.175 2.075 1.1345e+02
-3.175 2.125 1.7060e+02
-3.175 2.175 3.3329e+02
-3.175 2.225 5.1065e+02
-3.175 2.275 8.4050e+02
-3.175 2.325 1.2923e+03
-3.175 2.375 2.3441e+03
-3.175 2.425 3.6648e+03
-3.175 2.475 6.7231e+03
-3.175 2.525 9.3089e+03
-3.175 2.575 1.3738e+04
-3.175 2.625 2.2432e+04
-3.175 2.675 2.7690e+04
-3.175 2.725 5.3616e+04
-3.175 2.775 7.0117e+04
-3.175 2.825 9.3868e+04
-3.175 2.875 1.1266e+05
-3.175 2.925 1.9488e+05
-3.175 2.975 3.0723e+05
-3.175 3.025 3.2742e+05
-3.175 3.075 4.9963e+05
-3.175 3.125 4.7046e+05
-3.175 3.175 6.4711e+05
-3.175 3.225 7.1652e+05
-3.175 3.275 7.5483e+05
-3.175 3.325 7.1681e+05
-3.175 3.375 6.3565e+05
-3.175 3.425 5.8360e+05
-3.175 3.475 5.6900e+05
-3.175 3.525 3.8797e+05
-3.175 3.575 1.9676e+05
-3.175 3.625 1.4131e+05
-3.175 3.675 7.0381e+04
-3.175 3.725 3.3919e+04
-3.175 3.775 2.2614e+04
-3.175 3.825 0.0000e+00
-3.175 3.875 0.0000e+00
-3.175 3.925 0.0000e+00
-3.175 3.975 0.0000e+00
-3.125 0.025 0.0000e+00
-3.125 0.075 0.0000e+00
-3.125 0.125 0.0000e+00
-3.125 0.175 0.0000e+00
-3.125 0.225 0.0000e+00
-3.125 0.275 0.0000e+00
-3.125 0.325 0.0000e+00
-3.125 0.375 0.0000e+00
-3.125 0.425 0.0000e+00
-3.125 0.475 0.0000e+00
-3.125 0.525 0.0000e+00
-3.125 0.575 0.0000e+00
-3.125 0.625 0.0000e+00
-3.125 0.675 0.0000e+00
-3.125 0.725 0.0000e+00
-3.125 0.775 0.0000e+00
-3.125 0.825 0.0000e+00
-3.125 0.875 0.0000e+00
-3.125 0.925 0.0000e+00
-3.125 0.975 0.0000e+00
-3.125 1.025 0.0000e+00
-3.125 1.075 0.0000e+00
-3.125 1.125 0.0000e+00
-3.125 1.175 0.0000e+00
-3.125 1.225 0.0000e+00
-3.125 1.275 0.0000e+00
-3.125 1.325 0.0000e+00
-3.125 1.375 0.0000e+00
-3.125 1.425 0.0000e+00
-3.125 1.475 0.0000e+00
-3.125 1.525 0.0000e+00
-3.125 1.575 0.0000e+00
-3.125 1.625 0.0000e+00
-3.125 1.675 0.0000e+00
-3.125 1.725 0.0000e+00
-3.125 1.775 0.0000e+00
-3.125 1.825 0.0000e+00
-3.125 1.875 0.0000e+00
-3.125 1.925 0.0000e+00
-3.125 1.975 0.0000e+00
-3.125 2.025 1.1107e+02
-3.125 2.075 1.5434e+02
-3.125 2.125 2.4553e+02
-3.125 2.175 3.7210e+02
-3.125 2.225 7.5345e+02
-3.125 2.275 1.0781e+03
-3.125 2.325 1.4788e+03
-3.125 2.375 2.7623e+03
-3.125 2.425 3.9474e+03
-3.125 2.475 7.0487e+03
-3.125 2.525 9.1338e+03
-3.125 2.575 1.6778e+04
-3.125 2.625 2.4083e+04
-3.125 2.675 3.2934e+04
-3.125 2.725 4.4528e+04
-3.125 2.775 8.1248e+04
-3.125 2.825 1.2175e+05
-3.125 2.875 1.4831e+05
-3.125 2.925 2.1106e+05
-3.125 2.975 2.8430e+05
-3.125 3.025 3.8514e+05
-3.125 3.075 4.2343e+05
-3.125 3.125 5.1908e+05
-3.125 3.175 6.2637e+05
-3.125 3.225 6.6757e+05
-3.125 3.275 6.9797e+05
-3.125 3.325 6.9622e+05
-3.125 3.375 4.9305e+05
-3.125 3.425 3.9129e+05
-3.125 3.475 2.9073e+05
-3.125 3.525 1.9229e+05
-3.125 3.575 1.4194e+05
-3.125 3.625 7.5629e+04
-3.125 3.675 3.5107e+04
-3.125 3.725 2.0006e+04
-3.125 3.775 9.1525e+03
-3.125 3.825 0.0000e+00
-3.125 3.875 0.0000e+00
-3.125 3.925 0.0000e+00
-3.125 3.975 0.0000e+00
-3.075 0.025 0.0000e+00
-3.075 0.075 0.0000e+00
-3.075 0.125 0.0000e+00
-3.075 0.175 0.0000e+00
-3.075 0.225 0.0000e+00
-3.075 0.275 0.0000e+00
-3.075 0.325 0.0000e+00
-3.075 0.375 0.0000e+00
-3.075 0.425 0.0000e+00
-3.075 0.475 0.0000e+00
-3.075 0.525 0.0000e+00
-3.075 0.575 0.0000e+00
-3.075 0.625 0.0000e+00
-3.075 0.675 0.0000e+00
-3.075 0.725 0.0000e+00
-3.075 0.775 0.0000e+00
-3.075 0.825 0.0000e+00
-3.075 0.875 0.0000e+00
-3.075 0.925 0.0000e+00
-3.075 0.975 0.0000e+00
-3.075 1.025 0.0000e+00
-3.075 1.075 0.0000e+00
-3.075 1.125 0.0000e+00
-3.075 1.175 0.0000e+00
-3.075 1.225 0.0000e+00
-3.075 1.275 0.0000e+00
-3.075 1.325 0.0000e+00
-3.075 1.375 0.0000e+00
-3.075 1.425 0.0000e+00
-3.075 1.475 0.0000e+00
-3.075 1.525 0.0000e+00
-3.075 1.575 0.0000e+00
-3.075 1.625 0.0000e+00
-3.075 1.675 0.0000e+00
-3.075 1.725 0.0000e+00
-3.075 1.775 0.0000e+00
-3.075 1.825 0.0000e+00
-3.075 1.875 0.0000e+00
-3.075 1.925 0.0000e+00
-3.075 1.975 0.0000e+00
-3.075 2.025 1.2336e+02
-3.075 2.075 1.6106e+02
-3.075 2.125 3.1363e+02
-3.075 2.175 4.1388e+02
-3.075 2.225 7.7796e+02
-3.075 2.275 1.3436e+03
-3.075 2.325 2.4888e+03
-3.075 2.375 2.8468e+03
-3.075 2.425 7.0139e+03
-3.075 2.475 7.7681e+03
-3.075 2.525 1.1253e+04
-3.075 2.575 2.2225e+04
-3.075 2.625 3.0622e+04
-3.075 2.675 4.6104e+04
-3.075 2.725 6.1558e+04
-3.075 2.775 9.9411e+04
-3.075 2.825 1.0898e+05
-3.075 2.875 2.3058e+05
-3.075 2.925 2.2029e+05
-3.075 2.975 3.4217e+05
-3.075 3.025 4.3625e+05
-3.075 3.075 4.4741e+05
-3.075 3.125 5.0901e+05
-3.075 3.175 6.8164e+05
-3.075 3.225 6.5646e+05
-3.075 3.275 5.5107e+05
-3.075 3.325 4.5551e+05
-3.075 3.375 4.9967e+05
-3.075 3.425 3.8460e+05
-3.075 3.475 2.3173e+05
-3.075 3.525 1.2646e+05
-3.075 3.575 8.2215e+04
-3.075 3.625 4.0527e+04
-3.075 3.675 1.6548e+04
-3.075 3.725 9.0661e+03
-3.075 3.775 5.6604e+03
-3.075 3.825 0.0000e+00
-3.075 3.875 0.0000e+00
-3.075 3.925 0.0000e+00
-3.075 3.975 0.0000e+00
-3.025 0.025 0.0000e+00
-3.025 0.075 0.0000e+00
-3.025 0.125 0.0000e+00
-3.025 0.175 0.0000e+00
-3.025 0.225 0.0000e+00
-3.025 0.275 0.0000e+00
-3.025 0.325 0.0000e+00
-3.025 0.375 0.0000e+00
-3.025 0.425 0.0000e+00
-3.025 0.475 0.0000e+00
-3.025 0.525 0.0000e+00
-3.025 0.575 0.0000e+00
-3.025 0.625 0.0000e+00
-3.025 0.675 0.0000e+00
-3.025 0.725 0.0000e+00
-3.025 0.775 0.0000e+00
-3.025 0.825 0.0000e+00
-3.025 0.875 0.0000e+00
-3.025 0.925 0.0000e+00
-3.025 0.975 0.0000e+00
-3.025 1.025 0.0000e+00
-3.025 1.075 0.0000e+00
-3.025 1.125 0.0000e+00
-3.025 1.175 0.0000e+00
-3.025 1.225 0.0000e+00
-3.025 1.275 0.0000e+00
-3.025 1.325 0.0000e+00
-3.025 1.375 0.0000e+00
-3.025 1.425 0.0000e+00
-3.025 1.475 0.0000e+00
-3.025 1.525 0.0000e+00
-3.025 1.575 0.0000e+00
-3.025 1.625 0.0000e+00
-3.025 1.675 0.0000e+00
-3.025 1.725 0.0000e+00
-3.025 1.775 0.0000e+00
-3.025 1.825 0.0000e+00
-3.025 1.875 0.0000e+00
-3.025 1.925 0.0000e+00
-3.025 1.975 0.0000e+00
-3.025 2.025 1.1951e+02
-3.025 2.075 2.4419e+02
-3.025 2.125 3.6411e+02
-3.025 2.175 6.5577e+02
-3.025 2.225 1.0239e+03
-3.025 2.275 1.5198e+03
-3.025 2.325 2.1014e+03
-3.025 2.375 3.4699e+03
-3.025 2.425 6.0793e+03
-3.025 2.475 1.0475e+04
-3.025 2.525 1.3416e+04
-3.025 2.575 1.6959e+04
-3.025 2.625 3.1888e+04
-3.025 2.675 3.2683e+04
-3.025 2.725 6.7284e+04
-3.025 2.775 9.9195e+04
-3.025 2.825 1.3732e+05
-3.025 2.875 2.0743e+05
-3.025 2.925 2.3891e+05
-3.025 2.975 2.8663e+05
-3.025 3.025 3.7264e+05
-3.025 3.075 4.7415e+05
-3.025 3.125 5.8496e+05
-3.025 3.175 5.2155e+05
-3.025 3.225 4.9445e+05
-3.025 3.275 4.8198e+05
-3.025 3.325 4.9612e+05
-3.025 3.375 3.2412e+05
-3.025 3.425 1.7596e+05
-3.025 3.475 1.1745e+05
-3.025 3.525 6.3477e+04
-3.025 3.575 3.2359e+04
-3.025 3.625 1.7326e+04
-3.025 3.675 9.9675e+03
-3.025 3.725 4.1769e+03
-3.025 3.775 2.6362e+03
-3.025 3.825 0.0000e+00
-3.025 3.875 0.0000e+00
-3.025 3.925 0.0000e+00
-3.025 3.975 0.0000e+00
-2.975 0.025 0.0000e+00
-2.975 0.075 0.0000e+00
-2.975 0.125 0.0000e+00
-2.975 0.175 0.0000e+00
-2.975 0.225 0.0000e+00
-2.975 0.275 0.0000e+00
-2.975 0.325 0.0000e+00
-2.975 0.375 0.0000e+00
-2.975 0.425 0.0000e+00
-2.975 0.475 0.0000e+00
-2.975 0.525 0.0000e+00
-2.975 0.575 0.0000e+00
-2.975 0.625 0.0000e+00
-2.975 0.675 0.0000e+00
-2.975 0.725 0.0000e+00
-2.975 0.775 0.0000e+00
-2.975 0.825 0.0000e+00
-2.975 0.875 0.0000e+00
-2.975 0.925 0.0000e+00
-2.975 0.975 0.0000e+00
-2.975 1.025 0.0000e+00
-2.975 1.075 0.0000e+00
-2.975 1.125 0.0000e+00
-2.975 1.175 0.0000e+00
-2.975 1.225 0.0000e+00
-2.975 1.275 0.0000e+00
-2.975 1.325 0.0000e+00
-2.975 1.375 0.0000e+00
-2.975 1.425 0.0000e+00
-2.975 1.475 0.0000e+00
-2.975 1.525 0.0000e+00
-2.975 1.575 0.0000e+00
-2.975 1.625 0.0000e+00
-2.975 1.675 0.0000e+00
-2.975 1.725 0.0000e+00
-2.975 1.775 0.0000e+00
-2.975 1.825 0.0000e+00
-2.975 1.875 0.0000e+00
-2.975 1.925 0.0000e+00
-2.975 1.975 0.0000e+00
-2.975 2.025 1.5599e+02
-2.975 2.075 2.2136e+02
-2.975 2.125 4.5054e+02
-2.975 2.175 5.2050e+02
-2.975 2.225 1.0117e+03
-2.975 2.275 1.1989e+03
-2.975 2.325 2.0446e+03
-2.975 2.375 3.9647e+03
-2.975 2.425 5.1382e+03
-2.975 2.475 6.8457e+03
-2.975 2.525 1.6205e+04
-2.975 2.575 1.8319e+04
-2.975 2.625 3.5030e+04
-2.975 2.675 5.2619e+04
-2.975 2.725 7.3041e+04
-2.975 2.775 1.1901e+05
-2.975 2.825 1.6209e+05
-2.975 2.875 1.6067e+05
-2.975 2.925 2.5795e+05
-2.975 2.975 3.6210e+05
-2.975 3.025 3.8401e+05
-2.975 3.075 4.1983e+05
-2.975 3.125 4.2340e+05
-2.975 3.175 4.3106e+05
-2.975 3.225 3.8658e+05
-2.975 3.275 3.2629e+05
-2.975 3.325 2.5686e+05
-2.975 3.375 1.3207e+05
-2.975 3.425 8.1636e+04
-2.975 3.475 6.5566e+04
-2.975 3.525 2.3049e+04
-2.975 3.575 1.4380e+04
-2.975 3.625 5.8140e+03
-2.975 3.675 1.2170e+03
-2.975 3.725 6.7617e+02
-2.975 3.775 3.1966e+02
-2.975 3.825 0.0000e+00
-2.975 3.875 0.0000e+00
-2.975 3.925 0.0000e+00
-2.975 3.975 0.0000e+00
-2.925 0.025 0.0000e+00
-2.925 0.075 0.0000e+00
-2.925 0.125 0.0000e+00
-2.925 0.175 0.0000e+00
-2.925 0.225 0.0000e+00
-2.925 0.275 0.0000e+00
-2.925 0.325 0.0000e+00
-2.925 0.375 0.0000e+00
-2.925 0.425 0.0000e+00
-2.925 0.475 0.0000e+00
-2.925 0.525 0.0000e+00
-2.925 0.575 0.0000e+00
-2.925 0.625 0.0000e+00
-2.925 0.675 0.0000e+00
-2.925 0.725 0.0000e+00
-2.925 0.775 0.0000e+00
-2.925 0.825 0.0000e+00
-2.925 0.875 0.0000e+00
-2.925 0.925 0.0000e+00
-2.925 0.975 0.0000e+00
-2.925 1.025 0.0000e+00
-2.925 1.075 0.0000e+00
-2.925 1.125 0.0000e+00
-2.925 1.175 0.0000e+00
-2.925 1.225 0.0000e+00
-2.925 1.275 0.0000e+00
-2.925 1.325 0.0000e+00
-2.925 1.375 0.0000e+00
-2.925 1.425 0.0000e+00
-2.925 1.475 0.0000e+00
-2.925 1.525 0.0000e+00
-2.925 1.575 0.0000e+00
-2.925 1.625 0.0000e+00
-2.925 1.675 0.0000e+00
-2.925 1.725 0.0000e+00
-2.925 1.775 0.0000e+00
-2.925 1.825 0.0000e+00
-2.925 1.875 0.0000e+00
-2.925 1.925 0.0000e+00
-2.925 1.975 0.0000e+00
-2.925 2.025 1.5624e+02
-2.925 2.075 2.7689e+02
-2.925 2.125 3.8032e+02
-2.925 2.175 6.0501e+02
-2.925 2.225 8.3024e+02
-2.925 2.275 1.8019e+03
-2.925 2.325 2.1376e+03
-2.925 2.375 3.8893e+03
-2.925 2.425 6.1148e+03
-2.925 2.475 9.5693e+03
-2.925 2.525 1.4741e+04
-2.925 2.575 2.2535e+04
-2.925 2.625 3.1138e+04
-2.925 2.675 4.2946e+04
-2.925 2.725 7.9100e+04
-2.925 2.775 8.9081e+04
-2.925 2.825 1.3927e+05
-2.925 2.875 1.9376e+05
-2.925 2.925 2.0757e+05
-2.925 2.975 2.6844e+05
-2.925 3.025 3.0760e+05
-2.925 3.075 3.1309e+05
-2.925 3.125 2.7794e+05
-2.925 3.175 2.8959e+05
-2.925 3.225 2.0836e+05
-2.925 3.275 2.1417e+05
-2.925 3.325 1.1112e+05
-2.925 3.375 8.6877e+04
-2.925 3.425 4.5052e+04
-2.925 3.475 1.7781e+04
-2.925 3.525 8.0602e+03
-2.925 3.575 2.9077e+03
-2.925 3.625 9.4541e+02
-2.925 3.675 1.8115e+02
-2.925 3.725 2.9826e+01
-2.925 3.775 1.9075e+00
-2.925 3.825 0.0000e+00
-2.925 3.875 0.0000e+00
-2.925 3.925 0.0000e+00
-2.925 3.975 0.0000e+00
-2.875 0.025 0.0000e+00
-2.875 0.075 0.0000e+00
-2.875 0.125 0.0000e+00
-2.875 0.175 0.0000e+00
-2.875 0.225 0.0000e+00
-2.875 0.275 0.0000e+00
-2.875 0.325 0.0000e+00
-2.875 0.375 0.0000e+00
-2.875 0.425 0.0000e+00
-2.875 0.475 0.0000e+00
-2.875 0.525 0.0000e+00
-2.875 0.575 0.0000e+00
-2.875 0.625 0.0000e+00
-2.875 0.675 0.0000e+00
-2.875 0.725 0.0000e+00
-2.875 0.775 0.0000e+00
-2.875 0.825 0.0000e+00
-2.875 0.875 0.0000e+00
-2.875 0.925 0.0000e+00
-2.875 0.975 0.0000e+00
-2.875 1.025 0.0000e+00
-2.875 1.075 0.0000e+00
-2.875 1.125 0.0000e+00
-2.875 1.175 0.0000e+00
-2.875 1.225 0.0000e+00
-2.875 1.275 0.0000e+00
-2.875 1.325 0.0000e+00
-2.875 1.375 0.0000e+00
-2.875 1.425 0.0000e+00
-2.875 1.475 0.0000e+00
-2.875 1.525 0.0000e+00
-2.875 1.575 0.0000e+00
-2.875 1.625 0.0000e+00
-2.875 1.675 0.0000e+00
-2.875 1.725 0.0000e+00
-2.875 1.775 0.0000e+00
-2.875 1.825 0.0000e+00
-2.875 1.875 0.0000e+00
-2.875 1.925 0.0000e+00
-2.875 1.975 0.0000e+00
-2.875 2.025 1.6627e+02
-2.875 2.075 2.2829e+02
-2.875 2.125 3.7613e+02
-2.875 2.175 7.0838e+02
-2.875 2.225 9.8138e+02
-2.875 2.275 1.8553e+03
-2.875 2.325 3.1049e+03
-2.875 2.375 4.2106e+03
-2.875 2.425 5.8910e+03
-2.875 2.475 1.0053e+04
-2.875 2.525 1.5170e+04
-2.875 2.575 1.6501e+04
-2.875 2.625 3.3617e+04
-2.875 2.675 4.1718e+04
-2.875 2.725 5.1405e+04
-2.875 2.775 7.1846e+04
-2.875 2.825 1.2455e+05
-2.875 2.875 1.1076e+05
-2.875 2.925 1.9441e+05
-2.875 2.975 2.1169e+05
-2.875 3.025 1.8237e+05
-2.875 3.075 2.5603e+05
-2.875 3.125 1.9996e+05
-2.875 3.175 1.2472e+05
-2.875 3.225 1.4280e+05
-2.875 3.275 5.6655e+04
-2.875 3.325 4.4251e+04
-2.875 3.375 2.3085e+04
-2.875 3.425 1.0589e+04
-2.875 3.475 2.6072e+03
-2.875 3.525 1.7790e+03
-2.875 3.575 3.1073e+02
-2.875 3.625 7.2559e+01
-2.875 3.675 1.7599e+01
-2.875 3.725 3.5266e+00
-2.875 3.775 1.9140e-01
-2.875 3.825 0.0000e+00
-2.875 3.875 0.0000e+00
-2.875 3.925 0.0000e+00
-2.875 3.975 0.0000e+00
-2.825 0.025 0.0000e+00
-2.825 0.075 0.0000e+00
-2.825 0.125 0.0000e+00
-2.825 0.175 0.0000e+00
-2.825 0.225 0.0000e+00
-2.825 0.275 0.0000e+00
-2.825 0.325 0.0000e+00
-2.825 0.375 0.0000e+00
-2.825 0.425 0.0000e+00
-2.825 0.475 0.0000e+00
-2.825 0.525 0.0000e+00
-2.825 0.575 0.0000e+00
-2.825 0.625 0.0000e+00
-2.825 0.675 0.0000e+00
-2.825 0.725 0.0000e+00
-2.825 0.775 0.0000e+00
-2.825 0.825 0.0000e+00
-2.825 0.875 0.0000e+00
-2.825 0.925 0.0000e+00
-2.825 0.975 0.0000e+00
-2.825 1.025 0.0000e+00
-2.825 1.075 0.0000e+00
-2.825 1.125 0.0000e+00
-2.825 1.175 0.0000e+00
-2.825 1.225 0.0000e+00
-2.825 1.275 0.0000e+00
-2.825 1.325 0.0000e+00
-2.825 1.375 0.0000e+00
-2.825 1.425 0.0000e+00
-2.825 1.475 0.0000e+00
-2.825 1.525 0.0000e+00
-2.825 1.575 0.0000e+00
-2.825 1.625 0.0000e+00
-2.825 1.675 0.0000e+00
-2.825 1.725 0.0000e+00
-2.825 1.775 0.0000e+00
-2.825 1.825 0.0000e+00
-2.825 1.875 0.0000e+00
-2.825 1.925 0.0000e+00
-2.825 1.975 0.0000e+00
-2.825 2.025 1.7748e+02
-2.825 2.075 2.2997e+02
-2.825 2.125 4.2492e+02
-2.825 2.175 5.8432e+02
-2.825 2.225 8.6408e+02
-2.825 2.275 1.4774e+03
-2.825 2.325 1.7661e+03
-2.825 2.375 3.5991e+03
-2.825 2.425 6.4896e+03
-2.825 2.475 1.0529e+04
-2.825 2.525 1.3718e+04
-2.825 2.575 2.5720e+04
-2.825 2.625 2.4973e+04
-2.825 2.675 3.7697e+04
-2.825 2.725 6.0875e+04
-2.825 2.775 6.9292e+04
-2.825 2.825 8.7548e+04
-2.825 2.875 1.1771e+05
-2.825 2.925 1.1929e+05
-2.825 2.975 1.4331e+05
-2.825 3.025 1.5514e+05
-2.825 3.075 1.2159e+05
-2.825 3.125 7.2392e+04
-2.825 3.175 8.9469e+04
-2.825 3.225 4.8464e+04
-2.825 3.275 3.2345e+04
-2.825 3.325 1.5487e+04
-2.825 3.375 5.9255e+03
-2.825 3.425 4.2876e+03
-2.825 3.475 1.0238e+03
-2.825 3.525 2.2934e+02
-2.825 3.575 5.2413e+01
-2.825 3.625 1.6107e+01
-2.825 3.675 1.7072e+00
-2.825 3.725 9.5712e-02
-2.825 3.775 0.0000e+00
-2.825 3.825 0.0000e+00
-2.825 3.875 0.0000e+00
-2.825 3.925 0.0000e+00
-2.825 3.975 0.0000e+00
-2.775 0.025 0.0000e+00
-2.775 0.075 0.0000e+00
-2.775 0.125 0.0000e+00
-2.775 0.175 0.0000e+00
-2.775 0.225 0.0000e+00
-2.775 0.275 0.0000e+00
-2.775 0.325 0.0000e+00
-2.775 0.375 0.0000e+00
-2.775 0.425 0.0000e+00
-2.775 0.475 0.0000e+00
-2.775 0.525 0.0000e+00
-2.775 0.575 0.0000e+00
-2.775 0.625 0.0000e+00
-2.775 0.675 0.0000e+00
-2.775 0.725 0.0000e+00
-2.775 0.775 0.0000e+00
-2.775 0.825 0.0000e+00
-2.775 0.875 0.0000e+00
-2.775 0.925 0.0000e+00
-2.775 0.975 0.0000e+00
-2.775 1.025 0.0000e+00
-2.775 1.075 0.0000e+00
-2.775 1.125 0.0000e+00
-2.775 1.175 0.0000e+00
-2.775 1.225 0.0000e+00
-2.775 1.275 0.0000e+00
-2.775 1.325 0.0000e+00
-2.775 1.375 0.0000e+00
-2.775 1.425 0.0000e+00
-2.775 1.475 0.0000e+00
-2.775 1.525 0.0000e+00
-2.775 1.575 0.0000e+00
-2.775 1.625 0.0000e+00
-2.775 1.675 0.0000e+00
-2.775 1.725 0.0000e+00
-2.775 1.775 0.0000e+00
-2.775 1.825 0.0000e+00
-2.775 1.875 0.0000e+00
-2.775 1.925 0.0000e+00
-2.775 1.975 0.0000e+00
-2.775 2.025 1.2418e+02
-2.775 2.075 2.4432e+02
-2.775 2.125 3.3940e+02
-2.775 2.175 4.3357e+02
-2.775 2.225 7.4321e+02
-2.775 2.275 1.4491e+03
-2.775 2.325 1.8033e+03
-2.775 2.375 3.8039e+03
-2.775 2.425 4.9670e+03
-2.775 2.475 4.7930e+03
-2.775 2.525 1.2086e+04
-2.775 2.575 1.2713e+04
-2.775 2.625 2.7505e+04
-2.775 2.675 2.9984e+04
-2.775 2.725 3.6371e+04
-2.775 2.775 6.0094e+04
-2.775 2.825 4.3674e+04
-2.775 2.875 8.8525e+04
-2.775 2.925 8.8217e+04
-2.775 2.975 6.0084e+04
-2.775 3.025 6.5806e+04
-2.775 3.075 6.1069e+04
-2.775 3.125 4.3338e+04
-2.775 3.175 3.0403e+04
-2.775 3.225 2.2528e+04
-2.775 3.275 6.1730e+03
-2.775 3.325 4.7685e+03
-2.775 3.375 1.7724e+03
-2.775 3.425 2.5000e+02
-2.775 3.475 1.3341e+02
-2.775 3.525 2.4965e+01
-2.775 3.575 5.0718e+00
-2.775 3.625 5.0517e-01
-2.775 3.675 1.0411e-01
-2.775 3.725 1.5381e-02
-2.775 3.775 0.0000e+00
-2.775 3.825 0.0000e+00
-2.775 3.875 0.0000e+00
-2.775 3.925 0.0000e+00
-2.775 3.975 0.0000e+00
-2.725 0.025 0.0000e+00
-2.725 0.075 0.0000e+00
-2.725 0.125 0.0000e+00
-2.725 0.175 0.0000e+00
-2.725 0.225 0.0000e+00
-2.725 0.275 0.0000e+00
-2.725 0.325 0.0000e+00
-2.725 0.375 0.0000e+00
-2.725 0.425 0.0000e+00
-2.725 0.475 0.0000e+00
-2.725 0.525 0.0000e+00
-2.725 0.575 0.0000e+00
-2.725 0.625 0.0000e+00
-2.725 0.675 0.0000e+00
-2.725 0.725 0.0000e+00
-2.725 0.775 0.0000e+00
-2.725 0.825 0.0000e+00
-2.725 0.875 0.0000e+00
-2.725 0.925 0.0000e+00
-2.725 0.975 0.0000e+00
-2.725 1.025 0.0000e+00
-2.725 1.075 0.0000e+00
-2.725 1.125 0.0000e+00
-2.725 1.175 0.0000e+00
-2.725 1.225 0.0000e+00
-2.725 1.275 0.0000e+00
-2.725 1.325 0.0000e+00
-2.725 1.375 0.0000e+00
-2.725 1.425 0.0000e+00
-2.725 1.475 0.0000e+00
-2.725 1.525 0.0000e+00
-2.725 1.575 0.0000e+00
-2.725 1.625 0.0000e+00
-2.725 1.675 0.0000e+00
-2.725 1.725 0.0000e+00
-2.725 1.775 0.0000e+00
-2.725 1.825 0.0000e+00
-2.725 1.875 0.0000e+00
-2.725 1.925 0.0000e+00
-2.725 1.975 0.0000e+00
-2.725 2.025 8.8363e+01
-2.725 2.075 1.5472e+02
-2.725 2.125 2.5484e+02
-2.725 2.175 2.6452e+02
-2.725 2.225 6.3484e+02
-2.725 2.275 6.8207e+02
-2.725 2.325 9.4294e+02
-2.725 2.375 1.4657e+03
-2.725 2.425 2.6900e+03
-2.725 2.475 4.0270e+03
-2.725 2.525 6.6604e+03
-2.725 2.575 7.2357e+03
-2.725 2.625 1.1635e+04
-2.725 2.675 8.5704e+03
-2.725 2.725 2.0496e+04
-2.725 2.775 2.3802e+04
-2.725 2.825 2.3813e+04
-2.725 2.875 1.8798e+04
-2.725 2.925 3.0885e+04
-2.725 2.975 1.3806e+04
-2.725 3.025 2.2949e+04
-2.725 3.075 2.3080e+04
-2.725 3.125 1.9899e+04
-2.725 3.175 5.5377e+03
-2.725 3.225 7.0083e+03
-2.725 3.275 2.4737e+03
-2.725 3.325 1.2349e+03
-2.725 3.375 1.6981e+02
-2.725 3.425 1.4521e+02
-2.725 3.475 1.0460e+01
-2.725 3.525 5.3482e+00
-2.725 3.575 5.7413e-01
-2.725 3.625 4.1213e-02
-2.725 3.675 1.1641e-02
-2.725 3.725 0.0000e+00
-2.725 3.775 0.0000e+00
-2.725 3.825 0.0000e+00
-2.725 3.875 0.0000e+00
-2.725 3.925 0.0000e+00
-2.725 3.975 0.0000e+00
-2.675 0.025 0.0000e+00
-2.675 0.075 0.0000e+00
-2.675 0.125 0.0000e+00
-2.675 0.175 0.0000e+00
-2.675 0.225 0.0000e+00
-2.675 0.275 0.0000e+00
-2.675 0.325 0.0000e+00
-2.675 0.375 0.0000e+00
-2.675 0.425 0.0000e+00
-2.675 0.475 0.0000e+00
-2.675 0.525 0.0000e+00
-2.675 0.575 0.0000e+00
-2.675 0.625 0.0000e+00
-2.675 0.675 0.0000e+00
-2.675 0.725 0.0000e+00
-2.675 0.775 0.0000e+00
-2.675 0.825 0.0000e+00
-2.675 0.875 0.0000e+00
-2.675 0.925 0.0000e+00
-2.675 0.975 0.0000e+00
-2.675 1.025 0.0000e+00
-2.675 1.075 0.0000e+00
-2.675 1.125 0.0000e+00
-2.675 1.175 0.0000e+00
-2.675 1.225 0.0000e+00
-2.675 1.275 0.0000e+00
-2.675 1.325 0.0000e+00
-2.675 1.375 0.0000e+00
-2.675 1.425 0.0000e+00
-2.675 1.475 0.0000e+00
-2.675 1.525 0.0000e+00
-2.675 1.575 0.0000e+00
-2.675 1.625 0.0000e+00
-2.675 1.675 0.0000e+00
-2.675 1.725 0.0000e+00
-2.675 1.775 0.0000e+00
-2.675 1.825 0.0000e+00
-2.675 1.875 0.0000e+00
-2.675 1.925 0.0000e+00
-2.675 1.975 0.0000e+00
-2.675 2.025 5.7104e+01
-2.675 2.075 8.6303e+01
-2.675 2.125 1.2895e+02
-2.675 2.175 2.1433e+02
-2.675 2.225 3.2464e+02
-2.675 2.275 4.3553e+02
-2.675 2.325 5.7727e+02
-2.675 2.375 1.4298e+03
-2.675 2.425 9.0524e+02
-2.675 2.475 2.2286e+03
-2.675 2.525 2.1093e+03
-2.675 2.575 4.5411e+03
-2.675 2.625 3.7962e+03
-2.675 2.675 1.1133e+04
-2.675 2.725 7.3611e+03
-2.675 2.775 9.9152e+03
-2.675 2.825 1.3731e+04
-2.675 2.875 1.2003e+04
-2.675 2.925 5.4513e+03
-2.675 2.975 6.0841e+03
-2.675 3.025 5.2531e+03
-2.675 3.075 2.6530e+03
-2.675 3.125 2.3549e+03
-2.675 3.175 1.8321e+03
-2.675 3.225 2.8182e+02
-2.675 3.275 2.3628e+02
-2.675 3.325 5.4246e+01
-2.675 3.375 5.0026e+01
-2.675 3.425 6.1329e+00
-2.675 3.475 1.0090e+00
-2.675 3.525 2.6861e-01
-2.675 3.575 1.4459e-02
-2.675 3.625 0.0000e+00
-2.675 3.675 0.0000e+00
-2.675 3.725 0.0000e+00
-2.675 3.775 0.0000e+00
-2.675 3.825 0.0000e+00
-2.675 3.875 0.0000e+00
-2.675 3.925 0.0000e+00
-2.675 3.975 0.0000e+00
-2.625 0.025 0.0000e+00
-2.625 0.075 0.0000e+00
-2.625 0.125 0.0000e+00
-2.625 0.175 0.0000e+00
-2.625 0.225 0.0000e+00
-2.625 0.275 0.0000e+00
-2.625 0.325 0.0000e+00
-2.625 0.375 0.0000e+00
-2.625 0.425 0.0000e+00
-2.625 0.475 0.0000e+00
-2.625 0.525 0.0000e+00
-2.625 0.575 0.0000e+00
-2.625 0.625 0.0000e+00
-2.625 0.675 0.0000e+00
-2.625 0.725 0.0000e+00
-2.625 0.775 0.0000e+00
-2.625 0.825 0.0000e+00
-2.625 0.875 0.0000e+00
-2.625 0.925 0.0000e+00
-2.625 0.975 0.0000e+00
-2.625 1.025 0.0000e+00
-2.625 1.075 0.0000e+00
-2.625 1.125 0.0000e+00
-2.625 1.175 0.0000e+00
-2.625 1.225 0.0000e+00
-2.625 1.275 0.0000e+00
-2.625 1.325 0.0000e+00
-2.625 1.375 0.0000e+00
-2.625 1.425 0.0000e+00
-2.625 1.475 0.0000e+00
-2.625 1.525 0.0000e+00
-2.625 1.575 0.0000e+00
-2.625 1.625 0.0000e+00
-2.625 1.675 0.0000e+00
-2.625 1.725 0.0000e+00
-2.625 1.775 0.0000e+00
-2.625 1.825 0.0000e+00
-2.625 1.875 0.0000e+00
-2.625 1.925 0.0000e+00
-2.625 1.975 0.0000e+00
-2.625 2.025 3.8353e+01
-2.625 2.075 6.0050e+01
-2.625 2.125 7.6845e+01
-2.625 2.175 8.7452e+01
-2.625 2.225 2.5293e+02
-2.625 2.275 3.8914e+02
-2.625 2.325 4.9964e+02
-2.625 2.375 5.8412e+02
-2.625 2.425 9.5642e+02
-2.625 2.475 7.0892e+02
-2.625 2.525 1.3434e+03
-2.625 2.575 2.8242e+03
-2.625 2.625 2.0299e+03
-2.625 2.675 2.4301e+03
-2.625 2.725 2.4592e+03
-2.625 2.775 2.8514e+03
-2.625 2.825 1.7712e+03
-2.625 2.875 2.3952e+03
-2.625 2.925 3.2074e+03
-2.625 2.975 2.5917e+03
-2.625 3.025 2.0057e+03
-2.625 3.075 1.0274e+03
-2.625 3.125 7.9004e+02
-2.625 3.175 1.2949e+02
-2.625 3.225 8.6350e+01
-2.625 3.275 1.6585e+01
-2.625 3.325 5.1925e+00
-2.625 3.375 7.2959e-01
-2.625 3.425 1.5765e-01
-2.625 3.475 0.0000e+00
-2.625 3.525 2.4916e-02
-2.625 3.575 0.0000e+00
-2.625 3.625 0.0000e+00
-2.625 3.675 0.0000e+00
-2.625 3.725 0.0000e+00
-2.625 3.775 0.0000e+00
-2.625 3.825 0.0000e+00
-2.625 3.875 0.0000e+00
-2.625 3.925 0.0000e+00
-2.625 3.975 0.0000e+00
-2.575 0.025 0.0000e+00
-2.575 0.075 0.0000e+00
-2.575 0.125 0.0000e+00
-2.575 0.175 0.0000e+00
-2.575 0.225 0.0000e+00
-2.575 0.275 0.0000e+00
-2.575 0.325 0.0000e+00
-2.575 0.375 0.0000e+00
-2.575 0.425 0.0000e+00
-2.575 0.475 0.0000e+00
-2.575 0.525 0.0000e+00
-2.575 0.575 0.0000e+00
-2.575 0.625 0.0000e+00
-2.575 0.675 0.0000e+00
-2.575 0.725 0.0000e+00
-2.575 0.775 0.0000e+00
-2.575 0.825 0.0000e+00
-2.575 0.875 0.0000e+00
-2.575 0.925 0.0000e+00
-2.575 0.975 0.0000e+00
-2.575 1.025 0.0000e+00
-2.575 1.075 0.0000e+00
-2.575 1.125 0.0000e+00
-2.575 1.175 0.0000e+00
-2.575 1.225 0.0000e+00
-2.575 1.275 0.0000e+00
-2.575 1.325 0.0000e+00
-2.575 1.375 0.0000e+00
-2.575 1.425 0.0000e+00
-2.575 1.475 0.0000e+00
-2.575 1.525 0.0000e+00
-2.575 1.575 0.0000e+00
-2.575 1.625 0.0000e+00
-2.575 1.675 0.0000e+00
-2.575 1.725 0.0000e+00
-2.575 1.775 0.0000e+00
-2.575 1.825 0.0000e+00
-2.575 1.875 0.0000e+00
-2.575 1.925 0.0000e+00
-2.575 1.975 0.0000e+00
-2.575 2.025 1.8760e+01
-2.575 2.075 3.7484e+01
-2.575 2.125 6.5682e+01
-2.575 2.175 1.0158e+02
-2.575 2.225 1.2206e+02
-2.575 2.275 9.4948e+01
-2.575 2.325 3.1726e+02
-2.575 2.375 2.8276e+02
-2.575 2.425 3.7479e+02
-2.575 2.475 6.1483e+02
-2.575 2.525 1.1658e+03
-2.575 2.575 9.7430e+02
-2.575 2.625 7.2168e+02
-2.575 2.675 7.8821e+02
-2.575 2.725 1.6163e+03
-2.575 2.775 7.3930e+02
-2.575 2.825 9.1025e+02
-2.575 2.875 8.1288e+02
-2.575 2.925 2.6548e+02
-2.575 2.975 4.5497e+02
-2.575 3.025 2.6616e+02
-2.575 3.075 1.4514e+02
-2.575 3.125 3.3320e+01
-2.575 3.175 4.8731e+01
-2.575 3.225 5.5517e+00
-2.575 3.275 1.8384e+00
-2.575 3.325 6.2928e-01
-2.575 3.375 2.0504e-01
-2.575 3.425 0.0000e+00
-2.575 3.475 0.0000e+00
-2.575 3.525 0.0000e+00
-2.575 3.575 0.0000e+00
-2.575 3.625 0.0000e+00
-2.575 3.675 0.0000e+00
-2.575 3.725 0.0000e+00
-2.575 3.775 0.0000e+00
-2.575 3.825 0.0000e+00
-2.575 3.875 0.0000e+00
-2.575 3.925 0.0000e+00
-2.575 3.975 0.0000e+00
-2.525 0.025 0.0000e+00
-2.525 0.075 0.0000e+00
-2.525 0.125 0.0000e+00
-2.525 0.175 0.0000e+00
-2.525 0.225 0.0000e+00
-2.525 0.275 0.0000e+00
-2.525 0.325 0.0000e+00
-2.525 0.375 0.0000e+00
-2.525 0.425 0.0000e+00
-2.525 0.475 0.0000e+00
-2.525 0.525 0.0000e+00
-2.525 0.575 0.0000e+00
-2.525 0.625 0.0000e+00
-2.525 0.675 0.0000e+00
-2.525 0.725 0.0000e+00
-2.525 0.775 0.0000e+00
-2.525 0.825 0.0000e+00
-2.525 0.875 0.0000e+00
-2.525 0.925 0.0000e+00
-2.525 0.975 0.0000e+00
-2.525 1.025 0.0000e+00
-2.525 1.075 0.0000e+00
-2.525 1.125 0.0000e+00
-2.525 1.175 0.0000e+00
-2.525 1.225 0.0000e+00
-2.525 1.275 0.0000e+00
-2.525 1.325 0.0000e+00
-2.525 1.375 0.0000e+00
-2.525 1.425 0.0000e+00
-2.525 1.475 0.0000e+00
-2.525 1.525 0.0000e+00
-2.525 1.575 0.0000e+00
-2.525 1.625 0.0000e+00
-2.525 1.675 0.0000e+00
-2.525 1.725 0.0000e+00
-2.525 1.775 0.0000e+00
-2.525 1.825 0.0000e+00
-2.525 1.875 0.0000e+00
-2.525 1.925 0.0000e+00
-2.525 1.975 0.0000e+00
-2.525 2.025 1.6446e+01
-2.525 2.075 1.9964e+01
-2.525 2.125 3.5501e+01
-2.525 2.175 3.8955e+01
-2.525 2.225 6.5350e+01
-2.525 2.275 7.8400e+01
-2.525 2.325 1.2230e+02
-2.525 2.375 1.6407e+02
-2.525 2.425 2.5751e+02
-2.525 2.475 2.2579e+02
-2.525 2.525 3.9103e+02
-2.525 2.575 2.5526e+02
-2.525 2.625 3.9231e+02
-2.525 2.675 6.8266e+02
-2.525 2.725 2.6849e+02
-2.525 2.775 2.8947e+02
-2.525 2.825 1.9367e+02
-2.525 2.875 2.7521e+02
-2.525 2.925 9.6300e+01
-2.525 2.975 1.2254e+02
-2.525 3.025 2.1548e+01
-2.525 3.075 1.6972e+01
-2.525 3.125 7.7368e+00
-2.525 3.175 1.8860e+00
-2.525 3.225 9.6722e-01
-2.525 3.275 2.9139e-01
-2.525 3.325 5.4451e-02
-2.525 3.375 8.3540e-03
-2.525 3.425 0.0000e+00
-2.525 3.475 0.0000e+00
-2.525 3.525 0.0000e+00
-2.525 3.575 0.0000e+00
-2.525 3.625 0.0000e+00
-2.525 3.675 0.0000e+00
-2.525 3.725 0.0000e+00
-2.525 3.775 0.0000e+00
-2.525 3.825 0.0000e+00
-2.525 3.875 0.0000e+00
-2.525 3.925 0.0000e+00
-2.525 3.975 0.0000e+00
-2.475 0.025 0.0000e+00
-2.475 0.075 0.0000e+00
-2.475 0.125 0.0000e+00
-2.475 0.175 0.0000e+00
-2.475 0.225 0.0000e+00
-2.475 0.275 0.0000e+00
-2.475 0.325 0.0000e+00
-2.475 0.375 0.0000e+00
-2.475 0.425 0.0000e+00
-2.475 0.475 0.0000e+00
-2.475 0.525 0.0000e+00
-2.475 0.575 0.0000e+00
-2.475 0.625 0.0000e+00
-2.475 0.675 0.0000e+00
-2.475 0.725 0.0000e+00
-2.475 0.775 0.0000e+00
-2.475 0.825 0.0000e+00
-2.475 0.875 0.0000e+00
-2.475 0.925 0.0000e+00
-2.475 0.975 0.0000e+00
-2.475 1.025 0.0000e+00
-2.475 1.075 0.0000e+00
-2.475 1.125 0.0000e+00
-2.475 1.175 0.0000e+00
-2.475 1.225 0.0000e+00
-2.475 1.275 0.0000e+00
-2.475 1.325 0.0000e+00
-2.475 1.375 0.0000e+00
-2.475 1.425 0.0000e+00
-2.475 1.475 0.0000e+00
-2.475 1.525 0.0000e+00
-2.475 1.575 0.0000e+00
-2.475 1.625 0.0000e+00
-2.475 1.675 0.0000e+00
-2.475 1.725 0.0000e+00
-2.475 1.775 0.0000e+00
-2.475 1.825 0.0000e+00
-2.475 1.875 0.0000e+00
-2.475 1.925 0.0000e+00
-2.475 1.975 0.0000e+00
-2.475 2.025 1.0040e+01
-2.475 2.075 1.3881e+01
-2.475 2.125 1.7545e+01
-2.475 2.175 2.9594e+01
-2.475 2.225 2.9704e+01
-2.475 2.275 5.4130e+01
-2.475 2.325 8.6739e+01
-2.475 2.375 9.5486e+01
-2.475 2.425 1.0586e+02
-2.475 2.475 1.0626e+02
-2.475 2.525 1.6090e+02
-2.475 2.575 8.0116e+01
-2.475 2.625 7.2690e+01
-2.475 2.675 9.4381e+01
-2.475 2.725 7.9487e+01
-2.475 2.775 7.8453e+01
-2.475 2.825 5.1752e+01
-2.475 2.875 6.8099e+01
-2.475 2.925 3.1293e+01
-2.475 2.975 2.1440e+01
-2.475 3.025 1.7955e+01
-2.475 3.075 1.6725e+00
-2.475 3.125 4.4952e-01
-2.475 3.175 4.4007e-01
-2.475 3.225 4.7948e-02
-2.475 3.275 1.0877e-02
-2.475 3.325 0.0000e+00
-2.475 3.375 0.0000e+00
-2.475 3.425 0.0000e+00
-2.475 3.475 0.0000e+00
-2.475 3.525 0.0000e+00
-2.475 3.575 0.0000e+00
-2.475 3.625 0.0000e+00
-2.475 3.675 0.0000e+00
-2.475 3.725 0.0000e+00
-2.475 3.775 0.0000e+00
-2.475 3.825 0.0000e+00
-2.475 3.875 0.0000e+00
-2.475 3.925 0.0000e+00
-2.475 3.975 0.0000e+00
-2.425 0.025 0.0000e+00
-2.425 0.075 0.0000e+00
-2.425 0.125 0.0000e+00
-2.425 0.175 0.0000e+00
-2.425 0.225 0.0000e+00
-2.425 0.275 0.0000e+00
-2.425 0.325 0.0000e+00
-2.425 0.375 0.0000e+00
-2.425 0.425 0.0000e+00
-2.425 0.475 0.0000e+00
-2.425 0.525 0.0000e+00
-2.425 0.575 0.0000e+00
-2.425 0.625 0.0000e+00
-2.425 0.675 0.0000e+00
-2.425 0.725 0.0000e+00
-2.425 0.775 0.0000e+00
-2.425 0.825 0.0000e+00
-2.425 0.875 0.0000e+00
-2.425 0.925 0.0000e+00
-2.425 0.975 0.0000e+00
-2.425 1.025 0.0000e+00
-2.425 1.075 0.0000e+00
-2.425 1.125 0.0000e+00
-2.425 1.175 0.0000e+00
-2.425 1.225 0.0000e+00
-2.425 1.275 0.0000e+00
-2.425 1.325 0.0000e+00
-2.425 1.375 0.0000e+00
-2.425 1.425 0.0000e+00
-2.425 1.475 0.0000e+00
-2.425 1.525 0.0000e+00
-2.425 1.575 0.0000e+00
-2.425 1.625 0.0000e+00
-2.425 1.675 0.0000e+00
-2.425 1.725 0.0000e+00
-2.425 1.775 0.0000e+00
-2.425 1.825 0.0000e+00
-2.425 1.875 0.0000e+00
-2.425 1.925 0.0000e+00
-2.425 1.975 0.0000e+00
-2.425 2.025 4.2902e+00
-2.425 2.075 9.5077e+00
-2.425 2.125 1.2796e+01
-2.425 2.175 1.0774e+01
-2.425 2.225 2.6558e+01
-2.425 2.275 3.8055e+01
-2.425 2.325 3.3974e+01
-2.425 2.375 3.4045e+01
-2.425 2.425 5.7004e+01
-2.425 2.475 6.4423e+01
-2.425 2.525 3.5867e+01
-2.425 2.575 6.5112e+01
-2.425 2.625 7.3757e+01
-2.425 2.675 1.8082e+01
-2.425 2.725 3.9211e+01
-2.425 2.775 4.2550e+01
-2.425 2.825 1.6220e+01
-2.425 2.875 1.2762e+01
-2.425 2.925 9.5964e+00
-2.425 2.975 2.5069e+00
-2.425 3.025 1.0419e+00
-2.425 3.075 1.7809e-01
-2.425 3.125 1.1543e-01
-2.425 3.175 2.6513e-02
-2.425 3.225 5.5608e-03
-2.425 3.275 0.0000e+00
-2.425 3.325 0.0000e+00
-2.425 3.375 0.0000e+00
-2.425 3.425 0.0000e+00
-2.425 3.475 0.0000e+00
-2.425 3.525 0.0000e+00
-2.425 3.575 0.0000e+00
-2.425 3.625 0.0000e+00
-2.425 3.675 0.0000e+00
-2.425 3.725 0.0000e+00
-2.425 3.775 0.0000e+00
-2.425 3.825 0.0000e+00
-2.425 3.875 0.0000e+00
-2.425 3.925 0.0000e+00
-2.425 3.975 0.0000e+00
-2.375 0.025 0.0000e+00
-2.375 0.075 0.0000e+00
-2.375 0.125 0.0000e+00
-2.375 0.175 0.0000e+00
-2.375 0.225 0.0000e+00
-2.375 0.275 0.0000e+00
-2.375 0.325 0.0000e+00
-2.375 0.375 0.0000e+00
-2.375 0.425 0.0000e+00
-2.375 0.475 0.0000e+00
-2.375 0.525 0.0000e+00
-2.375 0.575 0.0000e+00
-2.375 0.625 0.0000e+00
-2.375 0.675 0.0000e+00
-2.375 0.725 0.0000e+00
-2.375 0.775 0.0000e+00
-2.375 0.825 0.0000e+00
-2.375 0.875 0.0000e+00
-2.375 0.925 0.0000e+00
-2.375 0.975 0.0000e+00
-2.375 1.025 0.0000e+00
-2.375 1.075 0.0000e+00
-2.375 1.125 0.0000e+00
-2.375 1.175 0.0000e+00
-2.375 1.225 0.0000e+00
-2.375 1.275 0.0000e+00
-2.375 1.325 0.0000e+00
-2.375 1.375 0.0000e+00
-2.375 1.425 0.0000e+00
-2.375 1.475 0.0000e+00
-2.375 1.525 0.0000e+00
-2.375 1.575 0.0000e+00
-2.375 1.625 0.0000e+00
-2.375 1.675 0.0000e+00
-2.375 1.725 0.0000e+00
-2.375 1.775 0.0000e+00
-2.375 1.825 0.0000e+00
-2.375 1.875 0.0000e+00
-2.375 1.925 0.0000e+00
-2.375 1.975 0.0000e+00
-2.375 2.025 3.4088e+00
-2.375 2.075 4.7912e+00
-2.375 2.125 7.3136e+00
-2.375 2.175 1.2027e+01
-2.375 2.225 1.2459e+01
-2.375 2.275 1.3888e+01
-2.375 2.325 2.3472e+01
-2.375 2.375 1.7264e+01
-2.375 2.425 1.6049e+01
-2.375 2.475 2.0345e+01
-2.375 2.525 2.4782e+01
-2.375 2.575 2.8916e+01
-2.375 2.625 9.7343e+00
-2.375 2.675 1.8598e+01
-2.375 2.725 1.2312e+01
-2.375 2.775 6.3241e+00
-2.375 2.825 6.1053e+00
-2.375 2.875 1.5484e+00
-2.375 2.925 1.2977e+00
-2.375 2.975 3.7615e-01
-2.375 3.025 1.7432e-01
-2.375 3.075 4.8882e-02
-2.375 3.125 3.1081e-03
-2.375 3.175 0.0000e+00
-2.375 3.225 0.0000e+00
-2.375 3.275 0.0000e+00
-2.375 3.325 0.0000e+00
-2.375 3.375 0.0000e+00
-2.375 3.425 0.0000e+00
-2.375 3.475 0.0000e+00
-2.375 3.525 0.0000e+00
-2.375 3.575 0.0000e+00
-2.375 3.625 0.0000e+00
-2.375 3.675 0.0000e+00
-2.375 3.725 0.0000e+00
-2.375 3.775 0.0000e+00
-2.375 3.825 0.0000e+00
-2.375 3.875 0.0000e+00
-2.375 3.925 0.0000e+00
-2.375 3.975 0.0000e+00
-2.325 0.025 0.0000e+00
-2.325 0.075 0.0000e+00
-2.325 0.125 0.0000e+00
-2.325 0.175 0.0000e+00
-2.325 0.225 0.0000e+00
-2.325 0.275 0.0000e+00
-2.325 0.325 0.0000e+00
-2.325 0.375 0.0000e+00
-2.325 0.425 0.0000e+00
-2.325 0.475 0.0000e+00
-2.325 0.525 0.0000e+00
-2.325 0.575 0.0000e+00
-2.325 0.625 0.0000e+00
-2.325 0.675 0.0000e+00
-2.325 0.725 0.0000e+00
-2.325 0.775 0.0000e+00
-2.325 0.825 0.0000e+00
-2.325 0.875 0.0000e+00
-2.325 0.925 0.0000e+00
-2.325 0.975 0.0000e+00
-2.325 1.025 0.0000e+00
-2.325 1.075 0.0000e+00
-2.325 1.125 0.0000e+00
-2.325 1.175 0.0000e+00
-2.325 1.225 0.0000e+00
-2.325 1.275 0.0000e+00
-2.325 1.325 0.0000e+00
-2.325 1.375 0.0000e+00
-2.325 1.425 0.0000e+00
-2.325 1.475 0.0000e+00
-2.325 1.525 0.0000e+00
-2.325 1.575 0.0000e+00
-2.325 1.625 0.0000e+00
-2.325 1.675 0.0000e+00
-2.325 1.725 0.0000e+00
-2.325 1.775 0.0000e+00
-2.325 1.825 0.0000e+00
-2.325 1.875 0.0000e+00
-2.325 1.925 0.0000e+00
-2.325 1.975 0.0000e+00
-2.325 2.025 2.1838e+00
-2.325 2.075 3.3323e+00
-2.325 2.125 4.6058e+00
-2.325 2.175 5.6565e+00
-2.325 2.225 5.3511e+00
-2.325 2.275 8.6094e+00
-2.325 2.325 5.8282e+00
-2.325 2.375 1.1392e+01
-2.325 2.425 1.1547e+01
-2.325 2.475 8.3889e+00
-2.325 2.525 1.0141e+01
-2.325 2.575 5.5469e+00
-2.325 2.625 4.6178e+00
-2.325 2.675 2.9301e+00
-2.325 2.725 1.8767e+00
-2.325 2.775 2.3205e+00
-2.325 2.825 9.1446e-01
-2.325 2.875 4.5802e-01
-2.325 2.925 2.0879e-01
-2.325 2.975 8.6267e-02
-2.325 3.025 1.5819e-02
-2.325 3.075 3.6360e-03
-2.325 3.125 2.2045e-03
-2.325 3.175 0.0000e+00
-2.325 3.225 0.0000e+00
-2.325 3.275 0.0000e+00
-2.325 3.325 0.0000e+00
-2.325 3.375 0.0000e+00
-2.325 3.425 0.0000e+00
-2.325 3.475 0.0000e+00
-2.325 3.525 0.0000e+00
-2.325 3.575 0.0000e+00
-2.325 3.625 0.0000e+00
-2.325 3.675 0.0000e+00
-2.325 3.725 0.0000e+00
-2.325 3.775 0.0000e+00
-2.325 3.825 0.0000e+00
-2.325 3.875 0.0000e+00
-2.325 3.925 0.0000e+00
-2.325 3.975 0.0000e+00
-2.275 0.025 0.0000e+00
-2.275 0.075 0.0000e+00
-2.275 0.125 0.0000e+00
-2.275 0.175 0.0000e+00
-2.275 0.225 0.0000e+00
-2.275 0.275 0.0000e+00
-2.275 0.325 0.0000e+00
-2.275 0.375 0.0000e+00
-2.275 0.425 0.0000e+00
-2.275 0.475 0.0000e+00
-2.275 0.525 0.0000e+00
-2.275 0.575 0.0000e+00
-2.275 0.625 0.0000e+00
-2.275 0.675 0.0000e+00
-2.275 0.725 0.0000e+00
-2.275 0.775 0.0000e+00
-2.275 0.825 0.0000e+00
-2.275 0.875 0.0000e+00
-2.275 0.925 0.0000e+00
-2.275 0.975 0.0000e+00
-2.275 1.025 0.0000e+00
-2.275 1.075 0.0000e+00
-2.275 1.125 0.0000e+00
-2.275 1.175 0.0000e+00
-2.275 1.225 0.0000e+00
-2.275 1.275 0.0000e+00
-2.275 1.325 0.0000e+00
-2.275 1.375 0.0000e+00
-2.275 1.425 0.0000e+00
-2.275 1.475 0.0000e+00
-2.275 1.525 0.0000e+00
-2.275 1.575 0.0000e+00
-2.275 1.625 0.0000e+00
-2.275 1.675 0.0000e+00
-2.275 1.725 0.0000e+00
-2.275 1.775 0.0000e+00
-2.275 1.825 0.0000e+00
-2.275 1.875 0.0000e+00
-2.275 1.925 0.0000e+00
-2.275 1.975 0.0000e+00
-2.275 2.025 1.5515e+00
-2.275 2.075 2.5614e+00
-2.275 2.125 2.4743e+00
-2.275 2.175 2.8709e+00
-2.275 2.225 3.9662e+00
-2.275 2.275 2.8184e+00
-2.275 2.325 4.6465e+00
-2.275 2.375 4.0996e+00
-2.275 2.425 3.0897e+00
-2.275 2.475 3.4351e+00
-2.275 2.525 2.5459e+00
-2.275 2.575 1.6306e+00
-2.275 2.625 1.4418e+00
-2.275 2.675 1.2210e+00
-2.275 2.725 6.4280e-01
-2.275 2.775 2.1479e-01
-2.275 2.825 1.6317e-01
-2.275 2.875 5.7097e-02
-2.275 2.925 1.5136e-02
-2.275 2.975 9.4271e-03
-2.275 3.025 3.0465e-03
-2.275 3.075 0.0000e+00
-2.275 3.125 0.0000e+00
-2.275 3.175 0.0000e+00
-2.275 3.225 0.0000e+00
-2.275 3.275 0.0000e+00
-2.275 3.325 0.0000e+00
-2.275 3.375 0.0000e+00
-2.275 3.425 0.0000e+00
-2.275 3.475 0.0000e+00
-2.275 3.525 0.0000e+00
-2.275 3.575 0.0000e+00
-2.275 3.625 0.0000e+00
-2.275 3.675 0.0000e+00
-2.275 3.725 0.0000e+00
-2.275 3.775 0.0000e+00
-2.275 3.825 0.0000e+00
-2.275 3.875 0.0000e+00
-2.275 3.925 0.0000e+00
-2.275 3.975 0.0000e+00
-2.225 0.025 0.0000e+00
-2.225 0.075 0.0000e+00
-2.225 0.125 0.0000e+00
-2.225 0.175 0.0000e+00
-2.225 0.225 0.0000e+00
-2.225 0.275 0.0000e+00
-2.225 0.325 0.0000e+00
-2.225 0.375 0.0000e+00
-2.225 0.425 0.0000e+00
-2.225 0.475 0.0000e+00
-2.225 0.525 0.0000e+00
-2.225 0.575 0.0000e+00
-2.225 0.625 0.0000e+00
-2.225 0.675 0.0000e+00
-2.225 0.725 0.0000e+00
-2.225 0.775 0.0000e+00
-2.225 0.825 0.0000e+00
-2.225 0.875 0.0000e+00
-2.225 0.925 0.0000e+00
-2.225 0.975 0.0000e+00
-2.225 1.025 0.0000e+00
-2.225 1.075 0.0000e+00
-2.225 1.125 0.0000e+00
-2.225 1.175 0.0000e+00
-2.225 1.225 0.0000e+00
-2.225 1.275 0.0000e+00
-2.225 1.325 0.0000e+00
-2.225 1.375 0.0000e+00
-2.225 1.425 0.0000e+00
-2.225 1.475 0.0000e+00
-2.225 1.525 0.0000e+00
-2.225 1.575 0.0000e+00
-2.225 1.625 0.0000e+00
-2.225 1.675 0.0000e+00
-2.225 1.725 0.0000e+00
-2.225 1.775 0.0000e+00
-2.225 1.825 0.0000e+00
-2.225 1.875 0.0000e+00
-2.225 1.925 0.0000e+00
-2.225 1.975 0.0000e+00
-2.225 2.025 8.0646e-01
-2.225 2.075 1.0486e+00
-2.225 2.125 1.5869e+00
-2.225 2.175 1.7316e+00
-2.225 2.225 1.9865e+00
-2.225 2.275 1.8347e+00
-2.225 2.325 1.7399e+00
-2.225 2.375 1.8132e+00
-2.225 2.425 1.4311e+00
-2.225 2.475 9.7700e-01
-2.225 2.525 7.6784e-01
-2.225 2.575 8.2618e-01
-2.225 2.625 5.3086e-01
-2.225 2.675 2.8473e-01
-2.225 2.725 1.2848e-01
-2.225 2.775 1.2794e-01
-2.225 2.825 2.7204e-02
-2.225 2.875 6.8510e-03
-2.225 2.925 2.1405e-03
-2.225 2.975 1.6731e-03
-2.225 3.025 0.0000e+00
-2.225 3.075 0.0000e+00
-2.225 3.125 0.0000e+00
-2.225 3.175 0.0000e+00
-2.225 3.225 0.0000e+00
-2.225 3.275 0.0000e+00
-2.225 3.325 0.0000e+00
-2.225 3.375 0.0000e+00
-2.225 3.425 0.0000e+00
-2.225 3.475 0.0000e+00
-2.225 3.525 0.0000e+00
-2.225 3.575 0.0000e+00
-2.225 3.625 0.0000e+00
-2.225 3.675 0.0000e+00
-2.225 3.725 0.0000e+00
-2.225 3.775 0.0000e+00
-2.225 3.825 0.0000e+00
-2.225 3.875 0.0000e+00
-2.225 3.925 0.0000e+00
-2.225 3.975 0.0000e+00
-2.175 0.025 0.0000e+00
-2.175 0.075 0.0000e+00
-2.175 0.125 0.0000e+00
-2.175 0.175 0.0000e+00
-2.175 0.225 0.0000e+00
-2.175 0.275 0.0000e+00
-2.175 0.325 0.0000e+00
-2.175 0.375 0.0000e+00
-2.175 0.425 0.0000e+00
-2.175 0.475 0.0000e+00
-2.175 0.525 0.0000e+00
-2.175 0.575 0.0000e+00
-2.175 0.625 0.0000e+00
-2.175 0.675 0.0000e+00
-2.175 0.725 0.0000e+00
-2.175 0.775 0.0000e+00
-2.175 0.825 0.0000e+00
-2.175 0.875 0.0000e+00
-2.175 0.925 0.0000e+00
-2.175 0.975 0.0000e+00
-2.175 1.025 0.0000e+00
-2.175 1.075 0.0000e+00
-2.175 1.125 0.0000e+00
-2.175 1.175 0.0000e+00
-2.175 1.225 0.0000e+00
-2.175 1.275 0.0000e+00
-2.175 1.325 0.0000e+00
-2.175 1.375 0.0000e+00
-2.175 1.425 0.0000e+00
-2.175 1.475 0.0000e+00
-2.175 1.525 0.0000e+00
-2.175 1.575 0.0000e+00
-2.175 1.625 0.0000e+00
-2.175 1.675 0.0000e+00
-2.175 1.725 0.0000e+00
-2.175 1.775 0.0000e+00
-2.175 1.825 0.0000e+00
-2.175 1.875 0.0000e+00
-2.175 1.925 0.0000e+00
-2.175 1.975 0.0000e+00
-2.175 2.025 4.7471e-01
-2.175 2.075 4.5706e-01
-2.175 2.125 8.3760e-01
-2.175 2.175 7.8978e-01
-2.175 2.225 7.8982e-01
-2.175 2.275 7.1388e-01
-2.175 2.325 1.0909e+00
-2.175 2.375 7.8545e-01
-2.175 2.425 5.0894e-01
-2.175 2.475 4.9904e-01
-2.175 2.525 2.4309e-01
-2.175 2.575 2.4722e-01
-2.175 2.625 8.7347e-02
-2.175 2.675 6.3193e-02
-2.175 2.725 2.3059e-02
-2.175 2.775 1.0638e-02
-2.175 2.825 3.0872e-03
-2.175 2.875 9.6642e-04
-2.175 2.925 1.4358e-04
-2.175 2.975 0.0000e+00
-2.175 3.025 0.0000e+00
-2.175 3.075 0.0000e+00
-2.175 3.125 0.0000e+00
-2.175 3.175 0.0000e+00
-2.175 3.225 0.0000e+00
-2.175 3.275 0.0000e+00
-2.175 3.325 0.0000e+00
-2.175 3.375 0.0000e+00
-2.175 3.425 0.0000e+00
-2.175 3.475 0.0000e+00
-2.175 3.525 0.0000e+00
-2.175 3.575 0.0000e+00
-2.175 3.625 0.0000e+00
-2.175 3.675 0.0000e+00
-2.175 3.725 0.0000e+00
-2.175 3.775 0.0000e+00
-2.175 3.825 0.0000e+00
-2.175 3.875 0.0000e+00
-2.175 3.925 0.0000e+00
-2.175 3.975 0.0000e+00
-2.125 0.025 0.0000e+00
-2.125 0.075 0.0000e+00
-2.125 0.125 0.0000e+00
-2.125 0.175 0.0000e+00
-2.125 0.225 0.0000e+00
-2.125 0.275 0.0000e+00
-2.125 0.325 0.0000e+00
-2.125 0.375 0.0000e+00
-2.125 0.425 0.0000e+00
-2.125 0.475 0.0000e+00
-2.125 0.525 0.0000e+00
-2.125 0.575 0.0000e+00
-2.125 0.625 0.0000e+00
-2.125 0.675 0.0000e+00
-2.125 0.725 0.0000e+00
-2.125 0.775 0.0000e+00
-2.125 0.825 0.0000e+00
-2.125 0.875 0.0000e+00
-2.125 0.925 0.0000e+00
-2.125 0.975 0.0000e+00
-2.125 1.025 0.0000e+00
-2.125 1.075 0.0000e+00
-2.125 1.125 0.0000e+00
-2.125 1.175 0.0000e+00
-2.125 1.225 0.0000e+00
-2.125 1.275 0.0000e+00
-2.125 1.325 0.0000e+00
-2.125 1.375 0.0000e+00
-2.125 1.425 0.0000e+00
-2.125 1.475 0.0000e+00
-2.125 1.525 0.0000e+00
-2.125 1.575 0.0000e+00
-2.125 1.625 0.0000e+00
-2.125 1.675 0.0000e+00
-2.125 1.725 0.0000e+00
-2.125 1.775 0.0000e+00
-2.125 1.825 0.0000e+00
-2.125 1.875 0.0000e+00
-2.125 1.925 0.0000e+00
-2.125 1.975 0.0000e+00
-2.125 2.025 3.8885e-01
-2.125 2.075 3.6253e-01
-2.125 2.125 2.5370e-01
-2.125 2.175 2.6304e-01
-2.125 2.225 3.2238e-01
-2.125 2.275 3.1032e-01
-2.125 2.325 2.1187e-01
-2.125 2.375 2.6579e-01
-2.125 2.425 1.8641e-01
-2.125 2.475 1.6727e-01
-2.125 2.525 1.2785e-01
-2.125 2.575 3.5534e-02
-2.125 2.625 2.7421e-02
-2.125 2.675 7.7185e-03
-2.125 2.725 5.3438e-03
-2.125 2.775 2.1291e-03
-2.125 2.825 4.2938e-04
-2.125 2.875 2.7254e-04
-2.125 2.925 0.0000e+00
-2.125 2.975 0.0000e+00
-2.125 3.025 0.0000e+00
-2.125 3.075 0.0000e+00
-2.125 3.125 0.0000e+00
-2.125 3.175 0.0000e+00
-2.125 3.225 0.0000e+00
-2.125 3.275 0.0000e+00
-2.125 3.325 0.0000e+00
-2.125 3.375 0.0000e+00
-2.125 3.425 0.0000e+00
-2.125 3.475 0.0000e+00
-2.125 3.525 0.0000e+00
-2.125 3.575 0.0000e+00
-2.125 3.625 0.0000e+00
-2.125 3.675 0.0000e+00
-2.125 3.725 0.0000e+00
-2.125 3.775 0.0000e+00
-2.125 3.825 0.0000e+00
-2.125 3.875 0.0000e+00
-2.125 3.925 0.0000e+00
-2.125 3.975 0.0000e+00
-2.075 0.025 0.0000e+00
-2.075 0.075 0.0000e+00
-2.075 0.125 0.0000e+00
-2.075 0.175 0.0000e+00
-2.075 0.225 0.0000e+00
-2.075 0.275 0.0000e+00
-2.075 0.325 0.0000e+00
-2.075 0.375 0.0000e+00
-2.075 0.425 0.0000e+00
-2.075 0.475 0.0000e+00
-2.075 0.525 0.0000e+00
-2.075 0.575 0.0000e+00
-2.075 0.625 0.0000e+00
-2.075 0.675 0.0000e+00
-2.075 0.725 0.0000e+00
-2.075 0.775 0.0000e+00
-2.075 0.825 0.0000e+00
-2.075 0.875 0.0000e+00
-2.075 0.925 0.0000e+00
-2.075 0.975 0.0000e+00
-2.075 1.025 0.0000e+00
-2.075 1.075 0.0000e+00
-2.075 1.125 0.0000e+00
-2.075 1.175 0.0000e+00
-2.075 1.225 0.0000e+00
-2.075 1.275 0.0000e+00
-2.075 1.325 0.0000e+00
-2.075 1.375 0.0000e+00
-2.075 1.425 0.0000e+00
-2.075 1.475 0.0000e+00
-2.075 1.525 0.0000e+00
-2.075 1.575 0.0000e+00
-2.075 1.625 0.0000e+00
-2.075 1.675 0.0000e+00
-2.075 1.725 0.0000e+00
-2.075 1.775 0.0000e+00
-2.075 1.825 0.0000e+00
-2.075 1.875 0.0000e+00
-2.075 1.925 0.0000e+00
-2.075 1.975 0.0000e+00
-2.075 2.025 1.5783e-01
-2.075 2.075 1.7151e-01
-2.075 2.125 1.8703e-01
-2.075 2.175 1.7969e-01
-2.075 2.225 1.4884e-01
-2.075 2.275 1.2374e-01
-2.075 2.325 1.4420e-01
-2.075 2.375 8.5174e-02
-2.075 2.425 9.0055e-02
-2.075 2.475 3.3806e-02
-2.075 2.525 1.8113e-02
-2.075 2.575 1.3137e-02
-2.075 2.625 3.3597e-03
-2.075 2.675 1.6571e-03
-2.075 2.725 3.0293e-04
-2.075 2.775 1.8210e-04
-2.075 2.825 1.2445e-04
-2.075 2.875 0.0000e+00
-2.075 2.925 0.0000e+00
-2.075 2.975 0.0000e+00
-2.075 3.025 0.0000e+00
-2.075 3.075 0.0000e+00
-2.075 3.125 0.0000e+00
-2.075 3.175 0.0000e+00
-2.075 3.225 0.0000e+00
-2.075 3.275 0.0000e+00
-2.075 3.325 0.0000e+00
-2.075 3.375 0.0000e+00
-2.075 3.425 0.0000e+00
-2.075 3.475 0.0000e+00
-2.075 3.525 0.0000e+00
-2.075 3.575 0.0000e+00
-2.075 3.625 0.0000e+00
-2.075 3.675 0.0000e+00
-2.075 3.725 0.0000e+00
-2.075 3.775 0.0000e+00
-2.075 3.825 0.0000e+00
-2.075 3.875 0.0000e+00
-2.075 3.925 0.0000e+00
-2.075 3.975 0.0000e+00
-2.025 0.025 0.0000e+00
-2.025 0.075 0.0000e+00
-2.025 0.125 0.0000e+00
-2.025 0.175 0.0000e+00
-2.025 0.225 0.0000e+00
-2.025 0.275 0.0000e+00
-2.025 0.325 0.0000e+00
-2.025 0.375 0.0000e+00
-2.025 0.425 0.0000e+00
-2.025 0.475 0.0000e+00
-2.025 0.525 0.0000e+00
-2.025 0.575 0.0000e+00
-2.025 0.625 0.0000e+00
-2.025 0.675 0.0000e+00
-2.025 0.725 0.0000e+00
-2.025 0.775 0.0000e+00
-2.025 0.825 0.0000e+00
-2.025 0.875 0.0000e+00
-2.025 0.925 0.0000e+00
-2.025 0.975 0.0000e+00
-2.025 1.025 0.0000e+00
-2.025 1.075 0.0000e+00
-2.025 1.125 0.0000e+00
-2.025 1.175 0.0000e+00
-2.025 1.225 0.0000e+00
-2.025 1.275 0.0000e+00
-2.025 1.325 0.0000e+00
-2.025 1.375 0.0000e+00
-2.025 1.425 0.0000e+00
-2.025 1.475 0.0000e+00
-2.025 1.525 0.0000e+00
-2.025 1.575 0.0000e+00
-2.025 1.625 0.0000e+00
-2.025 1.675 0.0000e+00
-2.025 1.725 0.0000e+00
-2.025 1.775 0.0000e+00
-2.025 1.825 0.0000e+00
-2.025 1.875 0.0000e+00
-2.025 1.925 0.0000e+00
-2.025 1.975 0.0000e+00
-2.025 2.025 6.6225e-02
-2.025 2.075 7.6649e-02
-2.025 2.125 8.3008e-02
-2.025 2.175 8.9212e-02
-2.025 2.225 5.8583e-02
-2.025 2.275 7.8426e-02
-2.025 2.325 4.8018e-02
-2.025 2.375 3.3081e-02
-2.025 2.425 1.4993e-02
-2.025 2.475 1.2137e-02
-2.025 2.525 4.8260e-03
-2.025 2.575 2.0338e-03
-2.025 2.625 9.9638e-04
-2.025 2.675 2.3497e-04
-2.025 2.725 6.4071e-05
-2.025 2.775 0.0000e+00
-2.025 2.825 0.0000e+00
-2.025 2.875 0.0000e+00
-2.025 2.925 0.0000e+00
-2.025 2.975 0.0000e+00
-2.025 3.025 0.0000e+00
-2.025 3.075 0.0000e+00
-2.025 3.125 0.0000e+00
-2.025 3.175 0.0000e+00
-2.025 3.225 0.0000e+00
-2.025 3.275 0.0000e+00
-2.025 3.325 0.0000e+00
-2.025 3.375 0.0000e+00
-2.025 3.425 0.0000e+00
-2.025 3.475 0.0000e+00
-2.025 3.525 0.0000e+00
-2.025 3.575 0.0000e+00
-2.025 3.625 0.0000e+00
-2.025 3.675 0.0000e+00
-2.025 3.725 0.0000e+00
-2.025 3.775 0.0000e+00
-2.025 3.825 0.0000e+00
-2.025 3.875 0.0000e+00
-2.025 3.925 0.0000e+00
-2.025 3.975 0.0000e+00
-1.975 0.025 0.0000e+00
-1.975 0.075 0.0000e+00
-1.975 0.125 0.0000e+00
-1.975 0.175 0.0000e+00
-1.975 0.225 0.0000e+00
-1.975 0.275 0.0000e+00
-1.975 0.325 0.0000e+00
-1.975 0.375 0.0000e+00
-1.975 0.425 0.0000e+00
-1.975 0.475 0.0000e+00
-1.975 0.525 0.0000e+00
-1.975 0.575 0.0000e+00
-1.975 0.625 0.0000e+00
-1.975 0.675 0.0000e+00
-1.975 0.725 0.0000e+00
-1.975 0.775 0.0000e+00
-1.975 0.825 0.0000e+00
-1.975 0.875 0.0000e+00
-1.975 0.925 0.0000e+00
-1.975 0.975 0.0000e+00
-1.975 1.025 0.0000e+00
-1.975 1.075 0.0000e+00
-1.975 1.125 0.0000e+00
-1.975 1.175 0.0000e+00
-1.975 1.225 0.0000e+00
-1.975 1.275 0.0000e+00
-1.975 1.325 0.0000e+00
-1.975 1.375 0.0000e+00
-1.975 1.425 0.0000e+00
-1.975 1.475 0.0000e+00
-1.975 1.525 0.0000e+00
-1.975 1.575 0.0000e+00
-1.975 1.625 0.0000e+00
-1.975 1.675 0.0000e+00
-1.975 1.725 0.0000e+00
-1.975 1.775 0.0000e+00
-1.975 1.825 0.0000e+00
-1.975 1.875 0.0000e+00
-1.975 1.925 0.0000e+00
-1.975 1.975 0.0000e+00
-1.975 2.025 2.9143e-02
-1.975 2.075 4.4192e-02
-1.975 2.125 4.5234e-02
-1.975 2.175 2.8716e-02
-1.975 2.225 2.4560e-02
-1.975 2.275 2.4576e-02
-1.975 2.325 1.3803e-02
-1.975 2.375 9.1362e-03
-1.975 2.425 4.2853e-03
-1.975 2.475 2.5805e-03
-1.975 2.525 1.5384e-03
-1.975 2.575 3.7583e-04
-1.975 2.625 1.5886e-04
-1.975 2.675 4.9245e-05
-1.975 2.725 3.4396e-05
-1.975 2.775 0.0000e+00
-1.975 2.825 0.0000e+00
-1.975 2.875 0.0000e+00
-1.975 2.925 0.0000e+00
-1.975 2.975 0.0000e+00
-1.975 3.025 0.0000e+00
-1.975 3.075 0.0000e+00
-1.975 3.125 0.0000e+00
-1.975 3.175 0.0000e+00
-1.975 3.225 0.0000e+00
-1.975 3.275 0.0000e+00
-1.975 3.325 0.0000e+00
-1.975 3.375 0.0000e+00
-1.975 3.425 0.0000e+00
-1.975 3.475 0.0000e+00
-1.975 3.525 0.0000e+00
-1.975 3.575 0.0000e+00
-1.975 3.625 0.0000e+00
-1.975 3.675 0.0000e+00
-1.975 3.725 0.0000e+00
-1.975 3.775 0.0000e+00
-1.975 3.825 0.0000e+00
-1.975 3.875 0.0000e+00
-1.975 3.925 0.0000e+00
-1.975 3.975 0.0000e+00
-1.925 0.025 0.0000e+00
-1.925 0.075 0.0000e+00
-1.925 0.125 0.0000e+00
-1.925 0.175 0.0000e+00
-1.925 0.225 0.0000e+00
-1.925 0.275 0.0000e+00
-1.925 0.325 0.0000e+00
-1.925 0.375 0.0000e+00
-1.925 0.425 0.0000e+00
-1.925 0.475 0.0000e+00
-1.925 0.525 0.0000e+00
-1.925 0.575 0.0000e+00
-1.925 0.625 0.0000e+00
-1.925 0.675 0.0000e+00
-1.925 0.725 0.0000e+00
-1.925 0.775 0.0000e+00
-1.925 0.825 0.0000e+00
-1.925 0.875 0.0000e+00
-1.925 0.925 0.0000e+00
-1.925 0.975 0.0000e+00
-1.925 1.025 0.0000e+00
-1.925 1.075 0.0000e+00
-1.925 1.125 0.0000e+00
-1.925 1.175 0.0000e+00
-1.925 1.225 0.0000e+00
-1.925 1.275 0.0000e+00
-1.925 1.325 0.0000e+00
-1.925 1.375 0.0000e+00
-1.925 1.425 0.0000e+00
-1.925 1.475 0.0000e+00
-1.925 1.525 0.0000e+00
-1.925 1.575 0.0000e+00
-1.925 1.625 0.0000e+00
-1.925 1.675 0.0000e+00
-1.925 1.725 0.0000e+00
-1.925 1.775 0.0000e+00
-1.925 1.825 0.0000e+00
-1.925 1.875 0.0000e+00
-1.925 1.925 0.0000e+00
-1.925 1.975 0.0000e+00
-1.925 2.025 2.0683e-02
-1.925 2.075 1.7827e-02
-1.925 2.125 1.3752e-02
-1.925 2.175 1.2407e-02
-1.925 2.225 7.9603e-03
-1.925 2.275 6.5047e-03
-1.925 2.325 5.2535e-03
-1.925 2.375 2.5769e-03
-1.925 2.425 1.1122e-03
-1.925 2.475 3.6776e-04
-1.925 2.525 2.2095e-04
-1.925 2.575 4.8555e-05
-1.925 2.625 2.3802e-05
-1.925 2.675 9.4528e-06
-1.925 2.725 0.0000e+00
-1.925 2.775 0.0000e+00
-1.925 2.825 0.0000e+00
-1.925 2.875 0.0000e+00
-1.925 2.925 0.0000e+00
-1.925 2.975 0.0000e+00
-1.925 3.025 0.0000e+00
-1.925 3.075 0.0000e+00
-1.925 3.125 0.0000e+00
-1.925 3.175 0.0000e+00
-1.925 3.225 0.0000e+00
-1.925 3.275 0.0000e+00
-1.925 3.325 0.0000e+00
-1.925 3.375 0.0000e+00
-1.925 3.425 0.0000e+00
-1.925 3.475 0.0000e+00
-1.925 3.525 0.0000e+00
-1.925 3.575 0.0000e+00
-1.925 3.625 0.0000e+00
-1.925 3.675 0.0000e+00
-1.925 3.725 0.0000e+00
-1.925 3.775 0.0000e+00
-1.925 3.825 0.0000e+00
-1.925 3.875 0.0000e+00
-1.925 3.925 0.0000e+00
-1.925 3.975 0.0000e+00
-1.875 0.025 0.0000e+00
-1.875 0.075 0.0000e+00
-1.875 0.125 0.0000e+00
-1.875 0.175 0.0000e+00
-1.875 0.225 0.0000e+00
-1.875 0.275 0.0000e+00
-1.875 0.325 0.0000e+00
-1.875 0.375 0.0000e+00
-1.875 0.425 0.0000e+00
-1.875 0.475 0.0000e+00
-1.875 0.525 0.0000e+00
-1.875 0.575 0.0000e+00
-1.875 0.625 0.0000e+00
-1.875 0.675 0.0000e+00
-1.875 0.725 0.0000e+00
-1.875 0.775 0.0000e+00
-1.875 0.825 0.0000e+00
-1.875 0.875 0.0000e+00
-1.875 0.925 0.0000e+00
-1.875 0.975 0.0000e+00
-1.875 1.025 0.0000e+00
-1.875 1.075 0.0000e+00
-1.875 1.125 0.0000e+00
-1.875 1.175 0.0000e+00
-1.875 1.225 0.0000e+00
-1.875 1.275 0.0000e+00
-1.875 1.325 0.0000e+00
-1.875 1.375 0.0000e+00
-1.875 1.425 0.0000e+00
-1.875 1.475 0.0000e+00
-1.875 1.525 0.0000e+00
-1.875 1.575 0.0000e+00
-1.875 1.625 0.0000e+00
-1.875 1.675 0.0000e+00
-1.875 1.725 0.0000e+00
-1.875 1.775 0.0000e+00
-1.875 1.825 0.0000e+00
-1.875 1.875 0.0000e+00
-1.875 1.925 0.0000e+00
-1.875 1.975 0.0000e+00
-1.875 2.025 1.0922e-02
-1.875 2.075 8.1721e-03
-1.875 2.125 5.7758e-03
-1.875 2.175 4.9537e-03
-1.875 2.225 2.2004e-03
-1.875 2.275 2.3970e-03
-1.875 2.325 1.1316e-03
-1.875 2.375 7.5047e-04
-1.875 2.425 3.0424e-04
-1.875 2.475 9.6849e-05
-1.875 2.525 3.4355e-05
-1.875 2.575 1.5514e-05
-1.875 2.625 0.0000e+00
-1.875 2.675 0.0000e+00
-1.875 2.725 0.0000e+00
-1.875 2.775 0.0000e+00
-1.875 2.825 0.0000e+00
-1.875 2.875 0.0000e+00
-1.875 2.925 0.0000e+00
-1.875 2.975 0.0000e+00
-1.875 3.025 0.0000e+00
-1.875 3.075 0.0000e+00
-1.875 3.125 0.0000e+00
-1.875 3.175 0.0000e+00
-1.875 3.225 0.0000e+00
-1.875 3.275 0.0000e+00
-1.875 3.325 0.0000e+00
-1.875 3.375 0.0000e+00
-1.875 3.425 0.0000e+00
-1.875 3.475 0.0000e+00
-1.875 3.525 0.0000e+00
-1.875 3.575 0.0000e+00
-1.875 3.625 0.0000e+00
-1.875 3.675 0.0000e+00
-1.875 3.725 0.0000e+00
-1.875 3.775 0.0000e+00
-1.875 3.825 0.0000e+00
-1.875 3.875 0.0000e+00
-1.875 3.925 0.0000e+00
-1.875 3.975 0.0000e+00
-1.825 0.025 0.0000e+00
-1.825 0.075 0.0000e+00
-1.825 0.125 0.0000e+00
-1.825 0.175 0.0000e+00
-1.825 0.225 0.0000e+00
-1.825 0.275 0.0000e+00
-1.825 0.325 0.0000e+00
-1.825 0.375 0.0000e+00
-1.825 0.425 0.0000e+00
-1.825 0.475 0.0000e+00
-1.825 0.525 0.0000e+00
-1.825 0.575 0.0000e+00
-1.825 0.625 0.0000e+00
-1.825 0.675 0.0000e+00
-1.825 0.725 0.0000e+00
-1.825 0.775 0.0000e+00
-1.825 0.825 0.0000e+00
-1.825 0.875 0.0000e+00
-1.825 0.925 0.0000e+00
-1.825 0.975 0.0000e+00
-1.825 1.025 0.0000e+00
-1.825 1.075 0.0000e+00
-1.825 1.125 0.0000e+00
-1.825 1.175 0.0000e+00
-1.825 1.225 0.0000e+00
-1.825 1.275 0.0000e+00
-1.825 1.325 0.0000e+00
-1.825 1.375 0.0000e+00
-1.825 1.425 0.0000e+00
-1.825 1.475 0.0000e+00
-1.825 1.525 0.0000e+00
-1.825 1.575 0.0000e+00
-1.825 1.625 0.0000e+00
-1.825 1.675 0.0000e+00
-1.825 1.725 0.0000e+00
-1.825 1.775 0.0000e+00
-1.825 1.825 0.0000e+00
-1.825 1.875 0.0000e+00
-1.825 1.925 0.0000e+00
-1.825 1.975 0.0000e+00
-1.825 2.025 3.9339e-03
-1.825 2.075 2.7629e-03
-1.825 2.125 1.8738e-03
-1.825 2.175 1.2796e-03
-1.825 2.225 1.1131e-03
-1.825 2.275 4.9255e-04
-1.825 2.325 2.8735e-04
-1.825 2.375 6.9907e-05
-1.825 2.425 4.9389e-05
-1.825 2.475 4.5970e-06
-1.825 2.525 5.7530e-06
-1.825 2.575 0.0000e+00
-1.825 2.625 0.0000e+00
-1.825 2.675 0.0000e+00
-1.825 2.725 0.0000e+00
-1.825 2.775 0.0000e+00
-1.825 2.825 0.0000e+00
-1.825 2.875 0.0000e+00
-1.825 2.925 0.0000e+00
-1.825 2.975 0.0000e+00
-1.825 3.025 0.0000e+00
-1.825 3.075 0.0000e+00
-1.825 3.125 0.0000e+00
-1.825 3.175 0.0000e+00
-1.825 3.225 0.0000e+00
-1.825 3.275 0.0000e+00
-1.825 3.325 0.0000e+00
-1.825 3.375 0.0000e+00
-1.825 3.425 0.0000e+00
-1.825 3.475 0.0000e+00
-1.825 3.525 0.0000e+00
-1.825 3.575 0.0000e+00
-1.825 3.625 0.0000e+00
-1.825 3.675 0.0000e+00
-1.825 3.725 0.0000e+00
-1.825 3.775 0.0000e+00
-1.825 3.825 0.0000e+00
-1.825 3.875 0.0000e+00
-1.825 3.925 0.0000e+00
-1.825 3.975 0.0000e+00
-1.775 0.025 0.0000e+00
-1.775 0.075 0.0000e+00
-1.775 0.125 0.0000e+00
-1.775 0.175 0.0000e+00
-1.775 0.225 0.0000e+00
-1.775 0.275 0.0000e+00
-1.775 0.325 0.0000e+00
-1.775 0.375 0.0000e+00
-1.775 0.425 0.0000e+00
-1.775 0.475 0.0000e+00
-1.775 0.525 0.0000e+00
-1.775 0.575 0.0000e+00
-1.775 0.625 0.0000e+00
-1.775 0.675 0.0000e+00
-1.775 0.725 0.0000e+00
-1.775 0.775 0.0000e+00
-1.775 0.825 0.0000e+00
-1.775 0.875 0.0000e+00
-1.775 0.925 0.0000e+00
-1.775 0.975 0.0000e+00
-1.775 1.025 0.0000e+00
-1.775 1.075 0.0000e+00
-1.775 1.125 0.0000e+00
-1.775 1.175 0.0000e+00
-1.775 1.225 0.0000e+00
-1.775 1.275 0.0000e+00
-1.775 1.325 0.0000e+00
-1.775 1.375 0.0000e+00
-1.775 1.425 0.0000e+00
-1.775 1.475 0.0000e+00
-1.775 1.525 0.0000e+00
-1.775 1.575 0.0000e+00
-1.775 1.625 0.0000e+00
-1.775 1.675 0.0000e+00
-1.775 1.725 0.0000e+00
-1.775 1.775 0.0000e+00
-1.775 1.825 0.0000e+00
-1.775 1.875 0.0000e+00
-1.775 1.925 0.0000e+00
-1.775 1.975 0.0000e+00
-1.775 2.025 1.3486e-03
-1.775 2.075 9.9474e-04
-1.775 2.125 7.1609e-04
-1.775 2.175 5.0269e-04
-1.775 2.225 3.0943e-04
-1.775 2.275 9.7479e-05
-1.775 2.325 4.2217e-05
-1.775 2.375 1.5946e-05
-1.775 2.425 2.2598e-06
-1.775 2.475 2.8319e-06
-1.775 2.525 0.0000e+00
-1.775 2.575 0.0000e+00
-1.775 2.625 0.0000e+00
-1.775 2.675 0.0000e+00
-1.775 2.725 0.0000e+00
-1.775 2.775 0.0000e+00
-1.775 2.825 0.0000e+00
-1.775 2.875 0.0000e+00
-1.775 2.925 0.0000e+00
-1.775 2.975 0.0000e+00
-1.775 3.025 0.0000e+00
-1.775 3.075 0.0000e+00
-1.775 3.125 0.0000e+00
-1.775 3.175 0.0000e+00
-1.775 3.225 0.0000e+00
-1.775 3.275 0.0000e+00
-1.775 3.325 0.0000e+00
-1.775 3.375 0.0000e+00
-1.775 3.425 0.0000e+00
-1.775 3.475 0.0000e+00
-1.775 3.525 0.0000e+00
-1.775 3.575 0.0000e+00
-1.775 3.625 0.0000e+00
-1.775 3.675 0.0000e+00
-1.775 3.725 0.0000e+00
-1.775 3.775 0.0000e+00
-1.775 3.825 0.0000e+00
-1.775 3.875 0.0000e+00
-1.775 3.925 0.0000e+00
-1.775 3.975 0.0000e+00
-1.725 0.025 0.0000e+00
-1.725 0.075 0.0000e+00
-1.725 0.125 0.0000e+00
-1.725 0.175 0.0000e+00
-1.725 0.225 0.0000e+00
-1.725 0.275 0.0000e+00
-1.725 0.325 0.0000e+00
-1.725 0.375 0.0000e+00
-1.725 0.425 0.0000e+00
-1.725 0.475 0.0000e+00
-1.725 0.525 0.0000e+00
-1.725 0.575 0.0000e+00
-1.725 0.625 0.0000e+00
-1.725 0.675 0.0000e+00
-1.725 0.725 0.0000e+00
-1.725 0.775 0.0000e+00
-1.725 0.825 0.0000e+00
-1.725 0.875 0.0000e+00
-1.725 0.925 0.0000e+00
-1.725 0.975 0.0000e+00
-1.725 1.025 0.0000e+00
-1.725 1.075 0.0000e+00
-1.725 1.125 0.0000e+00
-1.725 1.175 0.0000e+00
-1.725 1.225 0.0000e+00
-1.725 1.275 0.0000e+00
-1.725 1.325 0.0000e+00
-1.725 1.375 0.0000e+00
-1.725 1.425 0.0000e+00
-1.725 1.475 0.0000e+00
-1.725 1.525 0.0000e+00
-1.725 1.575 0.0000e+00
-1.725 1.625 0.0000e+00
-1.725 1.675 0.0000e+00
-1.725 1.725 0.0000e+00
-1.725 1.775 0.0000e+00
-1.725 1.825 0.0000e+00
-1.725 1.875 0.0000e+00
-1.725 1.925 0.0000e+00
-1.725 1.975 0.0000e+00
-1.725 2.025 4.8967e-04
-1.725 2.075 3.2580e-04
-1.725 2.125 2.1259e-04
-1.725 2.175 1.0631e-04
-1.725 2.225 4.7988e-05
-1.725 2.275 1.6600e-05
-1.725 2.325 7.8563e-06
-1.725 2.375 1.1125e-06
-1.725 2.425 1.3956e-06
-1.725 2.475 0.0000e+00
-1.725 2.525 0.0000e+00
-1.725 2.575 0.0000e+00
-1.725 2.625 0.0000e+00
-1.725 2.675 0.0000e+00
-1.725 2.725 0.0000e+00
-1.725 2.775 0.0000e+00
-1.725 2.825 0.0000e+00
-1.725 2.875 0.0000e+00
-1.725 2.925 0.0000e+00
-1.725 2.975 0.0000e+00
-1.725 3.025 0.0000e+00
-1.725 3.075 0.0000e+00
-1.725 3.125 0.0000e+00
-1.725 3.175 0.0000e+00
-1.725 3.225 0.0000e+00
-1.725 3.275 0.0000e+00
-1.725 3.325 0.0000e+00
-1.725 3.375 0.0000e+00
-1.725 3.425 0.0000e+00
-1.725 3.475 0.0000e+00
-1.725 3.525 0.0000e+00
-1.725 3.575 0.0000e+00
-1.725 3.625 0.0000e+00
-1.725 3.675 0.0000e+00
-1.725 3.725 0.0000e+00
-1.725 3.775 0.0000e+00
-1.725 3.825 0.0000e+00
-1.725 3.875 0.0000e+00
-1.725 3.925 0.0000e+00
-1.725 3.975 0.0000e+00
-1.675 0.025 0.0000e+00
-1.675 0.075 0.0000e+00
-1.675 0.125 0.0000e+00
-1.675 0.175 0.0000e+00
-1.675 0.225 0.0000e+00
-1.675 0.275 0.0000e+00
-1.675 0.325 0.0000e+00
-1.675 0.375 0.0000e+00
-1.675 0.425 0.0000e+00
-1.675 0.475 0.0000e+00
-1.675 0.525 0.0000e+00
-1.675 0.575 0.0000e+00
-1.675 0.625 0.0000e+00
-1.675 0.675 0.0000e+00
-1.675 0.725 0.0000e+00
-1.675 0.775 0.0000e+00
-1.675 0.825 0.0000e+00
-1.675 0.875 0.0000e+00
-1.675 0.925 0.0000e+00
-1.675 0.975 0.0000e+00
-1.675 1.025 0.0000e+00
-1.675 1.075 0.0000e+00
-1.675 1.125 0.0000e+00
-1.675 1.175 0.0000e+00
-1.675 1.225 0.0000e+00
-1.675 1.275 0.0000e+00
-1.675 1.325 0.0000e+00
-1.675 1.375 0.0000e+00
-1.675 1.425 0.0000e+00
-1.675 1.475 0.0000e+00
-1.675 1.525 0.0000e+00
-1.675 1.575 0.0000e+00
-1.675 1.625 0.0000e+00
-1.675 1.675 0.0000e+00
-1.675 1.725 0.0000e+00
-1.675 1.775 0.0000e+00
-1.675 1.825 0.0000e+00
-1.675 1.875 0.0000e+00
-1.675 1.925 0.0000e+00
-1.675 1.975 0.0000e+00
-1.675 2.025 1.6067e-04
-1.675 2.075 1.0482e-04
-1.675 2.125 5.2421e-05
-1.675 2.175 2.3665e-05
-1.675 2.225 8.1847e-06
-1.675 2.275 3.8765e-06
-1.675 2.325 5.4853e-07
-1.675 2.375 6.8860e-07
-1.675 2.425 0.0000e+00
-1.675 2.475 0.0000e+00
-1.675 2.525 0.0000e+00
-1.675 2.575 0.0000e+00
-1.675 2.625 0.0000e+00
-1.675 2.675 0.0000e+00
-1.675 2.725 0.0000e+00
-1.675 2.775 0.0000e+00
-1.675 2.825 0.0000e+00
-1.675 2.875 0.0000e+00
-1.675 2.925 0.0000e+00
-1.675 2.975 0.0000e+00
-1.675 3.025 0.0000e+00
-1.675 3.075 0.0000e+00
-1.675 3.125 0.0000e+00
-1.675 3.175 0.0000e+00
-1.675 3.225 0.0000e+00
-1.675 3.275 0.0000e+00
-1.675 3.325 0.0000e+00
-1.675 3.375 0.0000e+00
-1.675 3.425 0.0000e+00
-1.675 3.475 0.0000e+00
-1.675 3.525 0.0000e+00
-1.675 3.575 0.0000e+00
-1.675 3.625 0.0000e+00
-1.675 3.675 0.0000e+00
-1.675 3.725 0.0000e+00
-1.675 3.775 0.0000e+00
-1.675 3.825 0.0000e+00
-1.675 3.875 0.0000e+00
-1.675 3.925 0.0000e+00
-1.675 3.975 0.0000e+00
-1.625 0.025 0.0000e+00
-1.625 0.075 0.0000e+00
-1.625 0.125 0.0000e+00
-1.625 0.175 0.0000e+00
-1.625 0.225 0.0000e+00
-1.625 0.275 0.0000e+00
-1.625 0.325 0.0000e+00
-1.625 0.375 0.0000e+00
-1.625 0.425 0.0000e+00
-1.625 0.475 0.0000e+00
-1.625 0.525 0.0000e+00
-1.625 0.575 0.0000e+00
-1.625 0.625 0.0000e+00
-1.625 0.675 0.0000e+00
-1.625 0.725 0.0000e+00
-1.625 0.775 0.0000e+00
-1.625 0.825 0.0000e+00
-1.625 0.875 0.0000e+00
-1.625 0.925 0.0000e+00
-1.625 0.975 0.0000e+00
-1.625 1.025 0.0000e+00
-1.625 1.075 0.0000e+00
-1.625 1.125 0.0000e+00
-1.625 1.175 0.0000e+00
-1.625 1.225 0.0000e+00
-1.625 1.275 0.0000e+00
-1.625 1.325 0.0000e+00
-1.625 1.375 0.0000e+00
-1.625 1.425 0.0000e+00
-1.625 1.475 0.0000e+00
-1.625 1.525 0.0000e+00
-1.625 1.575 0.0000e+00
-1.625 1.625 0.0000e+00
-1.625 1.675 0.0000e+00
-1.625 1.725 0.0000e+00
-1.625 1.775 0.0000e+00
-1.625 1.825 0.0000e+00
-1.625 1.875 0.0000e+00
-1.625 1.925 0.0000e+00
-1.625 1.975 0.0000e+00
-1.625 2.025 5.1768e-05
-1.625 2.075 2.5891e-05
-1.625 2.125 1.1689e-05
-1.625 2.175 4.0420e-06
-1.625 2.225 1.9155e-06
-1.625 2.275 2.7084e-07
-1.625 2.325 3.4019e-07
-1.625 2.375 0.0000e+00
-1.625 2.425 0.0000e+00
-1.625 2.475 0.0000e+00
-1.625 2.525 0.0000e+00
-1.625 2.575 0.0000e+00
-1.625 2.625 0.0000e+00
-1.625 2.675 0.0000e+00
-1.625 2.725 0.0000e+00
-1.625 2.775 0.0000e+00
-1.625 2.825 0.0000e+00
-1.625 2.875 0.0000e+00
-1.625 2.925 0.0000e+00
-1.625 2.975 0.0000e+00
-1.625 3.025 0.0000e+00
-1.625 3.075 0.0000e+00
-1.625 3.125 0.0000e+00
-1.625 3.175 0.0000e+00
-1.625 3.225 0.0000e+00
-1.625 3.275 0.0000e+00
-1.625 3.325 0.0000e+00
-1.625 3.375 0.0000e+00
-1.625 3.425 0.0000e+00
-1.625 3.475 0.0000e+00
-1.625 3.525 0.0000e+00
-1.625 3.575 0.0000e+00
-1.625 3.625 0.0000e+00
-1.625 3.675 0.0000e+00
-1.625 3.725 0.0000e+00
-1.625 3.775 0.0000e+00
-1.625 3.825 0.0000e+00
-1.625 3.875 0.0000e+00
-1.625 3.925 0.0000e+00
-1.625 3.975 0.0000e+00
-1.575 0.025 0.0000e+00
-1.575 0.075 0.0000e+00
-1.575 0.125 0.0000e+00
-1.575 0.175 0.0000e+00
-1.575 0.225 0.0000e+00
-1.575 0.275 0.0000e+00
-1.575 0.325 0.0000e+00
-1.575 0.375 0.0000e+00
-1.575 0.425 0.0000e+00
-1.575 0.475 0.0000e+00
-1.575 0.525 0.0000e+00
-1.575 0.575 0.0000e+00
-1.575 0.625 0.0000e+00
-1.575 0.675 0.0000e+00
-1.575 0.725 0.0000e+00
-1.575 0.775 0.0000e+00
-1.575 0.825 0.0000e+00
-1.575 0.875 0.0000e+00
-1.575 0.925 0.0000e+00
-1.575 0.975 0.0000e+00
-1.575 1.025 0.0000e+00
-1.575 1.075 0.0000e+00
-1.575 1.125 0.0000e+00
-1.575 1.175 0.0000e+00
-1.575 1.225 0.0000e+00
-1.575 1.275 0.0000e+00
-1.575 1.325 0.0000e+00
-1.575 1.375 0.0000e+00
-1.575 1.425 0.0000e+00
-1.575 1.475 0.0000e+00
-1.575 1.525 0.0000e+00
-1.575 1.575 0.0000e+00
-1.575 1.625 0.0000e+00
-1.575 1.675 0.0000e+00
-1.575 1.725 0.0000e+00
-1.575 1.775 0.0000e+00
-1.575 1.825 0.0000e+00
-1.575 1.875 0.0000e+00
-1.575 1.925 0.0000e+00
-1.575 1.975 0.0000e+00
-1.575 2.025 1.2807e-05
-1.575 2.075 5.7823e-06
-1.575 2.125 1.9990e-06
-1.575 2.175 9.4780e-07
-1.575 2.225 1.3391e-07
-1.575 2.275 1.6828e-07
-1.575 2.325 0.0000e+00
-1.575 2.375 0.0000e+00
-1.575 2.425 0.0000e+00
-1.575 2.475 0.0000e+00
-1.575 2.525 0.0000e+00
-1.575 2.575 0.0000e+00
-1.575 2.625 0.0000e+00
-1.575 2.675 0.0000e+00
-1.575 2.725 0.0000e+00
-1.575 2.775 0.0000e+00
-1.575 2.825 0.0000e+00
-1.575 2.875 0.0000e+00
-1.575 2.925 0.0000e+00
-1.575 2.975 0.0000e+00
-1.575 3.025 0.0000e+00
-1.575 3.075 0.0000e+00
-1.575 3.125 0.0000e+00
-1.575 3.175 0.0000e+00
-1.575 3.225 0.0000e+00
-1.575 3.275 0.0000e+00
-1.575 3.325 0.0000e+00
-1.575 3.375 0.0000e+00
-1.575 3.425 0.0000e+00
-1.575 3.475 0.0000e+00
-1.575 3.525 0.0000e+00
-1.575 3.575 0.0000e+00
-1.575 3.625 0.0000e+00
-1.575 3.675 0.0000e+00
-1.575 3.725 0.0000e+00
-1.575 3.775 0.0000e+00
-1.575 3.825 0.0000e+00
-1.575 3.875 0.0000e+00
-1.575 3.925 0.0000e+00
-1.575 3.975 0.0000e+00
-1.525 0.025 0.0000e+00
-1.525 0.075 0.0000e+00
-1.525 0.125 0.0000e+00
-1.525 0.175 0.0000e+00
-1.525 0.225 0.0000e+00
-1.525 0.275 0.0000e+00
-1.525 0.325 0.0000e+00
-1.525 0.375 0.0000e+00
-1.525 0.425 0.0000e+00
-1.525 0.475 0.0000e+00
-1.525 0.525 0.0000e+00
-1.525 0.575 0.0000e+00
-1.525 0.625 0.0000e+00
-1.525 0.675 0.0000e+00
-1.525 0.725 0.0000e+00
-1.525 0.775 0.0000e+00
-1.525 0.825 0.0000e+00
-1.525 0.875 0.0000e+00
-1.525 0.925 0.0000e+00
-1.525 0.975 0.0000e+00
-1.525 1.025 0.0000e+00
-1.525 1.075 0.0000e+00
-1.525 1.125 0.0000e+00
-1.525 1.175 0.0000e+00
-1.525 1.225 0.0000e+00
-1.525 1.275 0.0000e+00
-1.525 1.325 0.0000e+00
-1.525 1.375 0.0000e+00
-1.525 1.425 0.0000e+00
-1.525 1.475 0.0000e+00
-1.525 1.525 0.0000e+00
-1.525 1.575 0.0000e+00
-1.525 1.625 0.0000e+00
-1.525 1.675 0.0000e+00
-1.525 1.725 0.0000e+00
-1.525 1.775 0.0000e+00
-1.525 1.825 0.0000e+00
-1.525 1.875 0.0000e+00
-1.525 1.925 0.0000e+00
-1.525 1.975 0.0000e+00
-1.525 2.025 2.8641e-06
-1.525 2.075 9.8994e-07
-1.525 2.125 4.6956e-07
-1.525 2.175 6.6296e-08
-1.525 2.225 8.3336e-08
-1.525 2.275 0.0000e+00
-1.525 2.325 0.0000e+00
-1.525 2.375 0.0000e+00
-1.525 2.425 0.0000e+00
-1.525 2.475 0.0000e+00
-1.525 2.525 0.0000e+00
-1.525 2.575 0.0000e+00
-1.525 2.625 0.0000e+00
-1.525 2.675 0.0000e+00
-1.525 2.725 0.0000e+00
-1.525 2.775 0.0000e+00
-1.525 2.825 0.0000e+00
-1.525 2.875 0.0000e+00
-1.525 2.925 0.0000e+00
-1.525 2.975 0.0000e+00
-1.525 3.025 0.0000e+00
-1.525 3.075 0.0000e+00
-1.525 3.125 0.0000e+00
-1.525 3.175 0.0000e+00
-1.525 3.225 0.0000e+00
-1.525 3.275 0.0000e+00
-1.525 3.325 0.0000e+00
-1.525 3.375 0.0000e+00
-1.525 3.425 0.0000e+00
-1.525 3.475 0.0000e+00
-1.525 3.525 0.0000e+00
-1.525 3.575 0.0000e+00
-1.525 3.625 0.0000e+00
-1.525 3.675 0.0000e+00
-1.525 3.725 0.0000e+00
-1.525 3.775 0.0000e+00
-1.525 3.825 0.0000e+00
-1.525 3.875 0.0000e+00
-1.525 3.925 0.0000e+00
-1.525 3.975 0.0000e+00
-1.475 0.025 0.0000e+00
-1.475 0.075 0.0000e+00
-1.475 0.125 0.0000e+00
-1.475 0.175 0.0000e+00
-1.475 0.225 0.0000e+00
-1.475 0.275 0.0000e+00
-1.475 0.325 0.0000e+00
-1.475 0.375 0.0000e+00
-1.475 0.425 0.0000e+00
-1.475 0.475 0.0000e+00
-1.475 0.525 0.0000e+00
-1.475 0.575 0.0000e+00
-1.475 0.625 0.0000e+00
-1.475 0.675 0.0000e+00
-1.475 0.725 0.0000e+00
-1.475 0.775 0.0000e+00
-1.475 0.825 0.0000e+00
-1.475 0.875 0.0000e+00
-1.475 0.925 0.0000e+00
-1.475 0.975 0.0000e+00
-1.475 1.025 0.0000e+00
-1.475 1.075 0.0000e+00
-1.475 1.125 0.0000e+00
-1.475 1.175 0.0000e+00
-1.475 1.225 0.0000e+00
-1.475 1.275 0.0000e+00
-1.475 1.325 0.0000e+00
-1.475 1.375 0.0000e+00
-1.475 1.425 0.0000e+00
-1.475 1.475 0.0000e+00
-1.475 1.525 0.0000e+00
-1.475 1.575 0.0000e+00
-1.475 1.625 0.0000e+00
-1.475 1.675 0.0000e+00
-1.475 1.725 0.0000e+00
-1.475 1.775 0.0000e+00
-1.475 1.825 0.0000e+00
-1.475 1.875 0.0000e+00
-1.475 1.925 0.0000e+00
-1.475 1.975 0.0000e+00
-1.475 2.025 4.9083e-07
-1.475 2.075 2.3290e-07
-1.475 2.125 3.2860e-08
-1.475 2.175 4.1317e-08
-1.475 2.225 0.0000e+00
-1.475 2.275 0.0000e+00
-1.475 2.325 0.0000e+00
-1.475 2.375 0.0000e+00
-1.475 2.425 0.0000e+00
-1.475 2.475 0.0000e+00
-1.475 2.525 0.0000e+00
-1.475 2.575 0.0000e+00
-1.475 2.625 0.0000e+00
-1.475 2.675 0.0000e+00
-1.475 2.725 0.0000e+00
-1.475 2.775 0.0000e+00
-1.475 2.825 0.0000e+00
-1.475 2.875 0.0000e+00
-1.475 2.925 0.0000e+00
-1.475 2.975 0.0000e+00
-1.475 3.025 0.0000e+00
-1.475 3.075 0.0000e+00
-1.475 3.125 0.0000e+00
-1.475 3.175 0.0000e+00
-1.475 3.225 0.0000e+00
-1.475 3.275 0.0000e+00
-1.475 3.325 0.0000e+00
-1.475 3.375 0.0000e+00
-1.475 3.425 0.0000e+00
-1.475 3.475 0.0000e+00
-1.475 3.525 0.0000e+00
-1.475 3.575 0.0000e+00
-1.475 3.625 0.0000e+00
-1.475 3.675 0.0000e+00
-1.475 3.725 0.0000e+00
-1.475 3.775 0.0000e+00
-1.475 3.825 0.0000e+00
-1.475 3.875 0.0000e+00
-1.475 3.925 0.0000e+00
-1.475 3.975 0.0000e+00
-1.425 0.025 0.0000e+00
-1.425 0.075 0.0000e+00
-1.425 0.125 0.0000e+00
-1.425 0.175 0.0000e+00
-1.425 0.225 0.0000e+00
-1.425 0.275 0.0000e+00
-1.425 0.325 0.0000e+00
-1.425 0.375 0.0000e+00
-1.425 0.425 0.0000e+00
-1.425 0.475 0.0000e+00
-1.425 0.525 0.0000e+00
-1.425 0.575 0.0000e+00
-1.425 0.625 0.0000e+00
-1.425 0.675 0.0000e+00
-1.425 0.725 0.0000e+00
-1.425 0.775 0.0000e+00
-1.425 0.825 0.0000e+00
-1.425 0.875 0.0000e+00
-1.425 0.925 0.0000e+00
-1.425 0.975 0.0000e+00
-1.425 1.025 0.0000e+00
-1.425 1.075 0.0000e+00
-1.425 1.125 0.0000e+00
-1.425 1.175 0.0000e+00
-1.425 1.225 0.0000e+00
-1.425 1.275 0.0000e+00
-1.425 1.325 0.0000e+00
-1.425 1.375 0.0000e+00
-1.425 1.425 0.0000e+00
-1.425 1.475 0.0000e+00
-1.425 1.525 0.0000e+00
-1.425 1.575 0.0000e+00
-1.425 1.625 0.0000e+00
-1.425 1.675 0.0000e+00
-1.425 1.725 0.0000e+00
-1.425 1.775 0.0000e+00
-1.425 1.825 0.0000e+00
-1.425 1.875 0.0000e+00
-1.425 1.925 0.0000e+00
-1.425 1.975 0.0000e+00
-1.425 2.025 1.1564e-07
-1.425 2.075 1.6305e-08
-1.425 2.125 2.0505e-08
-1.425 2.175 0.0000e+00
-1.425 2.225 0.0000e+00
-1.425 2.275 0.0000e+00
-1.425 2.325 0.0000e+00
-1.425 2.375 0.0000e+00
-1.425 2.425 0.0000e+00
-1.425 2.475 0.0000e+00
-1.425 2.525 0.0000e+00
-1.425 2.575 0.0000e+00
-1.425 2.625 0.0000e+00
-1.425 2.675 0.0000e+00
-1.425 2.725 0.0000e+00
-1.425 2.775 0.0000e+00
-1.425 2.825 0.0000e+00
-1.425 2.875 0.0000e+00
-1.425 2.925 0.0000e+00
-1.425 2.975 0.0000e+00
-1.425 3.025 0.0000e+00
-1.425 3.075 0.0000e+00
-1.425 3.125 0.0000e+00
-1.425 3.175 0.0000e+00
-1.425 3.225 0.0000e+00
-1.425 3.275 0.0000e+00
-1.425 3.325 0.0000e+00
-1.425 3.375 0.0000e+00
-1.425 3.425 0.0000e+00
-1.425 3.475 0.0000e+00
-1.425 3.525 0.0000e+00
-1.425 3.575 0.0000e+00
-1.425 3.625 0.0000e+00
-1.425 3.675 0.0000e+00
-1.425 3.725 0.0000e+00
-1.425 3.775 0.0000e+00
-1.425 3.825 0.0000e+00
-1.425 3.875 0.0000e+00
-1.425 3.925 0.0000e+00
-1.425 3.975 0.0000e+00
-1.375 0.025 0.0000e+00
-1.375 0.075 0.0000e+00
-1.375 0.125 0.0000e+00
-1.375 0.175 0.0000e+00
-1.375 0.225 0.0000e+00
-1.375 0.275 0.0000e+00
-1.375 0.325 0.0000e+00
-1.375 0.375 0.0000e+00
-1.375 0.425 0.0000e+00
-1.375 0.475 0.0000e+00
-1.375 0.525 0.0000e+00
-1.375 0.575 0.0000e+00
-1.375 0.625 0.0000e+00
-1.375 0.675 0.0000e+00
-1.375 0.725 0.0000e+00
-1.375 0.775 0.0000e+00
-1.375 0.825 0.0000e+00
-1.375 0.875 0.0000e+00
-1.375 0.925 0.0000e+00
-1.375 0.975 0.0000e+00
-1.375 1.025 0.0000e+00
-1.375 1.075 0.0000e+00
-1.375 1.125 0.0000e+00
-1.375 1.175 0.0000e+00
-1.375 1.225 0.0000e+00
-1.375 1.275 0.0000e+00
-1.375 1.325 0.0000e+00
-1.375 1.375 0.0000e+00
-1.375 1.425 0.0000e+00
-1.375 1.475 0.0000e+00
-1.375 1.525 0.0000e+00
-1.375 1.575 0.0000e+00
-1.375 1.625 0.0000e+00
-1.375 1.675 0.0000e+00
-1.375 1.725 0.0000e+00
-1.375 1.775 0.0000e+00
-1.375 1.825 0.0000e+00
-1.375 1.875 0.0000e+00
-1.375 1.925 0.0000e+00
-1.375 1.975 0.0000e+00
-1.375 2.025 8.0989e-09
-1.375 2.075 1.0187e-08
-1.375 2.125 0.0000e+00
-1.375 2.175 0.0000e+00
-1.375 2.225 0.0000e+00
-1.375 2.275 0.0000e+00
-1.375 2.325 0.0000e+00
-1.375 2.375 0.0000e+00
-1.375 2.425 0.0000e+00
-1.375 2.475 0.0000e+00
-1.375 2.525 0.0000e+00
-1.375 2.575 0.0000e+00
-1.375 2.625 0.0000e+00
-1.375 2.675 0.0000e+00
-1.375 2.725 0.0000e+00
-1.375 2.775 0.0000e+00
-1.375 2.825 0.0000e+00
-1.375 2.875 0.0000e+00
-1.375 2.925 0.0000e+00
-1.375 2.975 0.0000e+00
-1.375 3.025 0.0000e+00
-1.375 3.075 0.0000e+00
-1.375 3.125 0.0000e+00
-1.375 3.175 0.0000e+00
-1.375 3.225 0.0000e+00
-1.375 3.275 0.0000e+00
-1.375 3.325 0.0000e+00
-1.375 3.375 0.0000e+00
-1.375 3.425 0.0000e+00
-1.375 3.475 0.0000e+00
-1.375 3.525 0.0000e+00
-1.375 3.575 0.0000e+00
-1.375 3.625 0.0000e+00
-1.375 3.675 0.0000e+00
-1.375 3.725 0.0000e+00
-1.375 3.775 0.0000e+00
-1.375 3.825 0.0000e+00
-1.375 3.875 0.0000e+00
-1.375 3.925 0.0000e+00
-1.375 3.975 0.0000e+00
-1.325 0.025 0.0000e+00
-1.325 0.075 0.0000e+00
-1.325 0.125 0.0000e+00
-1.325 0.175 0.0000e+00
-1.325 0.225 0.0000e+00
-1.325 0.275 0.0000e+00
-1.325 0.325 0.0000e+00
-1.325 0.375 0.0000e+00
-1.325 0.425 0.0000e+00
-1.325 0.475 0.0000e+00
-1.325 0.525 0.0000e+00
-1.325 0.575 0.0000e+00
-1.325 0.625 0.0000e+00
-1.325 0.675 0.0000e+00
-1.325 0.725 0.0000e+00
-1.325 0.775 0.0000e+00
-1.325 0.825 0.0000e+00
-1.325 0.875 0.0000e+00
-1.325 0.925 0.0000e+00
-1.325 0.975 0.0000e+00
-1.325 1.025 0.0000e+00
-1.325 1.075 0.0000e+00
-1.325 1.125 0.0000e+00
-1.325 1.175 0.0000e+00
-1.325 1.225 0.0000e+00
-1.325 1.275 0.0000e+00
-1.325 1.325 0.0000e+00
-1.325 1.375 0.0000e+00
-1.325 1.425 0.0000e+00
-1.325 1.475 0.0000e+00
-1.325 1.525 0.0000e+00
-1.325 1.575 0.0000e+00
-1.325 1.625 0.0000e+00
-1.325 1.675 0.0000e+00
-1.325 1.725 0.0000e+00
-1.325 1.775 0.0000e+00
-1.325 1.825 0.0000e+00
-1.325 1.875 0.0000e+00
-1.325 1.925 0.0000e+00
-1.325 1.975 0.0000e+00
-1.325 2.025 5.0649e-09
-1.325 2.075 0.0000e+00
-1.325 2.125 0.0000e+00
-1.325 2.175 0.0000e+00
-1.325 2.225 0.0000e+00
-1.325 2.275 0.0000e+00
-1.325 2.325 0.0000e+00
-1.325 2.375 0.0000e+00
-1.325 2.425 0.0000e+00
-1.325 2.475 0.0000e+00
-1.325 2.525 0.0000e+00
-1.325 2.575 0.0000e+00
-1.325 2.625 0.0000e+00
-1.325 2.675 0.0000e+00
-1.325 2.725 0.0000e+00
-1.325 2.775 0.0000e+00
-1.325 2.825 0.0000e+00
-1.325 2.875 0.0000e+00
-1.325 2.925 0.0000e+00
-1.325 2.975 0.0000e+00
-1.325 3.025 0.0000e+00
-1.325 3.075 0.0000e+00
-1.325 3.125 0.0000e+00
-1.325 3.175 0.0000e+00
-1.325 3.225 0.0000e+00
-1.325 3.275 0.0000e+00
-1.325 3.325 0.0000e+00
-1.325 3.375 0.0000e+00
-1.325 3.425 0.0000e+00
-1.325 3.475 0.0000e+00
-1.325 3.525 0.0000e+00
-1.325 3.575 0.0000e+00
-1.325 3.625 0.0000e+00
-1.325 3.675 0.0000e+00
-1.325 3.725 0.0000e+00
-1.325 3.775 0.0000e+00
-1.325 3.825 0.0000e+00
-1.325 3.875 0.0000e+00
-1.325 3.925 0.0000e+00
-1.325 3.975 0.0000e+00
-1.275 0.025 0.0000e+00
-1.275 0.075 0.0000e+00
-1.275 0.125 0.0000e+00
-1.275 0.175 0.0000e+00
-1.275 0.225 0.0000e+00
-1.275 0.275 0.0000e+00
-1.275 0.325 0.0000e+00
-1.275 0.375 0.0000e+00
-1.275 0.425 0.0000e+00
-1.275 0.475 0.0000e+00
-1.275 0.525 0.0000e+00
-1.275 0.575 0.0000e+00
-1.275 0.625 0.0000e+00
-1.275 0.675 0.0000e+00
-1.275 0.725 0.0000e+00
-1.275 0.775 0.0000e+00
-1.275 0.825 0.0000e+00
-1.275 0.875 0.0000e+00
-1.275 0.925 0.0000e+00
-1.275 0.975 0.0000e+00
-1.275 1.025 0.0000e+00
-1.275 1.075 0.0000e+00
-1.275 1.125 0.0000e+00
-1.275 1.175 0.0000e+00
-1.275 1.225 0.0000e+00
-1.275 1.275 0.0000e+00
-1.275 1.325 0.0000e+00
-1.275 1.375 0.0000e+00
-1.275 1.425 0.0000e+00
-1.275 1.475 0.0000e+00
-1.275 1.525 0.0000e+00
-1.275 1.575 0.0000e+00
-1.275 1.625 0.0000e+00
-1.275 1.675 0.0000e+00
-1.275 1.725 0.0000e+00
-1.275 1.775 0.0000e+00
-1.275 1.825 0.0000e+00
-1.275 1.875 0.0000e+00
-1.275 1.925 0.0000e+00
-1.275 1.975 0.0000e+00
-1.275 2.025 0.0000e+00
-1.275 2.075 0.0000e+00
-1.275 2.125 0.0000e+00
-1.275 2.175 0.0000e+00
-1.275 2.225 0.0000e+00
-1.275 2.275 0.0000e+00
-1.275 2.325 0.0000e+00
-1.275 2.375 0.0000e+00
-1.275 2.425 0.0000e+00
-1.275 2.475 0.0000e+00
-1.275 2.525 0.0000e+00
-1.275 2.575 0.0000e+00
-1.275 2.625 0.0000e+00
-1.275 2.675 0.0000e+00
-1.275 2.725 0.0000e+00
-1.275 2.775 0.0000e+00
-1.275 2.825 0.0000e+00
-1.275 2.875 0.0000e+00
-1.275 2.925 0.0000e+00
-1.275 2.975 0.0000e+00
-1.275 3.025 0.0000e+00
-1.275 3.075 0.0000e+00
-1.275 3.125 0.0000e+00
-1.275 3.175 0.0000e+00
-1.275 3.225 0.0000e+00
-1.275 3.275 0.0000e+00
-1.275 3.325 0.0000e+00
-1.275 3.375 0.0000e+00
-1.275 3.425 0.0000e+00
-1.275 3.475 0.0000e+00
-1.275 3.525 0.0000e+00
-1.275 3.575 0.0000e+00
-1.275 3.625 0.0000e+00
-1.275 3.675 0.0000e+00
-1.275 3.725 0.0000e+00
-1.275 3.775 0.0000e+00
-1.275 3.825 0.0000e+00
-1.275 3.875 0.0000e+00
-1.275 3.925 0.0000e+00
-1.275 3.975 0.0000e+00
-1.225 0.025 0.0000e+00
-1.225 0.075 0.0000e+00
-1.225 0.125 0.0000e+00
-1.225 0.175 0.0000e+00
-1.225 0.225 0.0000e+00
-1.225 0.275 0.0000e+00
-1.225 0.325 0.0000e+00
-1.225 0.375 0.0000e+00
-1.225 0.425 0.0000e+00
-1.225 0.475 0.0000e+00
-1.225 0.525 0.0000e+00
-1.225 0.575 0.0000e+00
-1.225 0.625 0.0000e+00
-1.225 0.675 0.0000e+00
-1.225 0.725 0.0000e+00
-1.225 0.775 0.0000e+00
-1.225 0.825 0.0000e+00
-1.225 0.875 0.0000e+00
-1.225 0.925 0.0000e+00
-1.225 0.975 0.0000e+00
-1.225 1.025 0.0000e+00
-1.225 1.075 0.0000e+00
-1.225 1.125 0.0000e+00
-1.225 1.175 0.0000e+00
-1.225 1.225 0.0000e+00
-1.225 1.275 0.0000e+00
-1.225 1.325 0.0000e+00
-1.225 1.375 0.0000e+00
-1.225 1.425 0.0000e+00
-1.225 1.475 0.0000e+00
-1.225 1.525 0.0000e+00
-1.225 1.575 0.0000e+00
-1.225 1.625 0.0000e+00
-1.225 1.675 0.0000e+00
-1.225 1.725 0.0000e+00
-1.225 1.775 0.0000e+00
-1.225 1.825 0.0000e+00
-1.225 1.875 0.0000e+00
-1.225 1.925 0.0000e+00
-1.225 1.975 0.0000e+00
-1.225 2.025 0.0000e+00
-1.225 2.075 0.0000e+00
-1.225 2.125 0.0000e+00
-1.225 2.175 0.0000e+00
-1.225 2.225 0.0000e+00
-1.225 2.275 0.0000e+00
-1.225 2.325 0.0000e+00
-1.225 2.375 0.0000e+00
-1.225 2.425 0.0000e+00
-1.225 2.475 0.0000e+00
-1.225 2.525 0.0000e+00
-1.225 2.575 0.0000e+00
-1.225 2.625 0.0000e+00
-1.225 2.675 0.0000e+00
-1.225 2.725 0.0000e+00
-1.225 2.775 0.0000e+00
-1.225 2.825 0.0000e+00
-1.225 2.875 0.0000e+00
-1.225 2.925 0.0000e+00
-1.225 2.975 0.0000e+00
-1.225 3.025 0.0000e+00
-1.225 3.075 0.0000e+00
-1.225 3.125 0.0000e+00
-1.225 3.175 0.0000e+00
-1.225 3.225 0.0000e+00
-1.225 3.275 0.0000e+00
-1.225 3.325 0.0000e+00
-1.225 3.375 0.0000e+00
-1.225 3.425 0.0000e+00
-1.225 3.475 0.0000e+00
-1.225 3.525 0.0000e+00
-1.225 3.575 0.0000e+00
-1.225 3.625 0.0000e+00
-1.225 3.675 0.0000e+00
-1.225 3.725 0.0000e+00
-1.225 3.775 0.0000e+00
-1.225 3.825 0.0000e+00
-1.225 3.875 0.0000e+00
-1.225 3.925 0.0000e+00
-1.225 3.975 0.0000e+00
-1.175 0.025 0.0000e+00
-1.175 0.075 0.0000e+00
-1.175 0.125 0.0000e+00
-1.175 0.175 0.0000e+00
-1.175 0.225 0.0000e+00
-1.175 0.275 0.0000e+00
-1.175 0.325 0.0000e+00
-1.175 0.375 0.0000e+00
-1.175 0.425 0.0000e+00
-1.175 0.475 0.0000e+00
-1.175 0.525 0.0000e+00
-1.175 0.575 0.0000e+00
-1.175 0.625 0.0000e+00
-1.175 0.675 0.0000e+00
-1.175 0.725 0.0000e+00
-1.175 0.775 0.0000e+00
-1.175 0.825 0.0000e+00
-1.175 0.875 0.0000e+00
-1.175 0.925 0.0000e+00
-1.175 0.975 0.0000e+00
-1.175 1.025 0.0000e+00
-1.175 1.075 0.0000e+00
-1.175 1.125 0.0000e+00
-1.175 1.175 0.0000e+00
-1.175 1.225 0.0000e+00
-1.175 1.275 0.0000e+00
-1.175 1.325 0.0000e+00
-1.175 1.375 0.0000e+00
-1.175 1.425 0.0000e+00
-1.175 1.475 0.0000e+00
-1.175 1.525 0.0000e+00
-1.175 1.575 0.0000e+00
-1.175 1.625 0.0000e+00
-1.175 1.675 0.0000e+00
-1.175 1.725 0.0000e+00
-1.175 1.775 0.0000e+00
-1.175 1.825 0.0000e+00
-1.175 1.875 0.0000e+00
-1.175 1.925 0.0000e+00
-1.175 1.975 0.0000e+00
-1.175 2.025 0.0000e+00
-1.175 2.075 0.0000e+00
-1.175 2.125 0.0000e+00
-1.175 2.175 0.0000e+00
-1.175 2.225 0.0000e+00
-1.175 2.275 0.0000e+00
-1.175 2.325 0.0000e+00
-1.175 2.375 0.0000e+00
-1.175 2.425 0.0000e+00
-1.175 2.475 0.0000e+00
-1.175 2.525 0.0000e+00
-1.175 2.575 0.0000e+00
-1.175 2.625 0.0000e+00
-1.175 2.675 0.0000e+00
-1.175 2.725 0.0000e+00
-1.175 2.775 0.0000e+00
-1.175 2.825 0.0000e+00
-1.175 2.875 0.0000e+00
-1.175 2.925 0.0000e+00
-1.175 2.975 0.0000e+00
-1.175 3.025 0.0000e+00
-1.175 3.075 0.0000e+00
-1.175 3.125 0.0000e+00
-1.175 3.175 0.0000e+00
-1.175 3.225 0.0000e+00
-1.175 3.275 0.0000e+00
-1.175 3.325 0.0000e+00
-1.175 3.375 0.0000e+00
-1.175 3.425 0.0000e+00
-1.175 3.475 0.0000e+00
-1.175 3.525 0.0000e+00
-1.175 3.575 0.0000e+00
-1.175 3.625 0.0000e+00
-1.175 3.675 0.0000e+00
-1.175 3.725 0.0000e+00
-1.175 3.775 0.0000e+00
-1.175 3.825 0.0000e+00
-1.175 3.875 0.0000e+00
-1.175 3.925 0.0000e+00
-1.175 3.975 0.0000e+00
-1.125 0.025 0.0000e+00
-1.125 0.075 0.0000e+00
-1.125 0.125 0.0000e+00
-1.125 0.175 0.0000e+00
-1.125 0.225 0.0000e+00
-1.125 0.275 0.0000e+00
-1.125 0.325 0.0000e+00
-1.125 0.375 0.0000e+00
-1.125 0.425 0.0000e+00
-1.125 0.475 0.0000e+00
-1.125 0.525 0.0000e+00
-1.125 0.575 0.0000e+00
-1.125 0.625 0.0000e+00
-1.125 0.675 0.0000e+00
-1.125 0.725 0.0000e+00
-1.125 0.775 0.0000e+00
-1.125 0.825 0.0000e+00
-1.125 0.875 0.0000e+00
-1.125 0.925 0.0000e+00
-1.125 0.975 0.0000e+00
-1.125 1.025 0.0000e+00
-1.125 1.075 0.0000e+00
-1.125 1.125 0.0000e+00
-1.125 1.175 0.0000e+00
-1.125 1.225 0.0000e+00
-1.125 1.275 0.0000e+00
-1.125 1.325 0.0000e+00
-1.125 1.375 0.0000e+00
-1.125 1.425 0.0000e+00
-1.125 1.475 0.0000e+00
-1.125 1.525 0.0000e+00
-1.125 1.575 0.0000e+00
-1.125 1.625 0.0000e+00
-1.125 1.675 0.0000e+00
-1.125 1.725 0.0000e+00
-1.125 1.775 0.0000e+00
-1.125 1.825 0.0000e+00
-1.125 1.875 0.0000e+00
-1.125 1.925 0.0000e+00
-1.125 1.975 0.0000e+00
-1.125 2.025 0.0000e+00
-1.125 2.075 0.0000e+00
-1.125 2.125 0.0000e+00
-1.125 2.175 0.0000e+00
-1.125 2.225 0.0000e+00
-1.125 2.275 0.0000e+00
-1.125 2.325 0.0000e+00
-1.125 2.375 0.0000e+00
-1.125 2.425 0.0000e+00
-1.125 2.475 0.0000e+00
-1.125 2.525 0.0000e+00
-1.125 2.575 0.0000e+00
-1.125 2.625 0.0000e+00
-1.125 2.675 0.0000e+00
-1.125 2.725 0.0000e+00
-1.125 2.775 0.0000e+00
-1.125 2.825 0.0000e+00
-1.125 2.875 0.0000e+00
-1.125 2.925 0.0000e+00
-1.125 2.975 0.0000e+00
-1.125 3.025 0.0000e+00
-1.125 3.075 0.0000e+00
-1.125 3.125 0.0000e+00
-1.125 3.175 0.0000e+00
-1.125 3.225 0.0000e+00
-1.125 3.275 0.0000e+00
-1.125 3.325 0.0000e+00
-1.125 3.375 0.0000e+00
-1.125 3.425 0.0000e+00
-1.125 3.475 0.0000e+00
-1.125 3.525 0.0000e+00
-1.125 3.575 0.0000e+00
-1.125 3.625 0.0000e+00
-1.125 3.675 0.0000e+00
-1.125 3.725 0.0000e+00
-1.125 3.775 0.0000e+00
-1.125 3.825 0.0000e+00
-1.125 3.875 0.0000e+00
-1.125 3.925 0.0000e+00
-1.125 3.975 0.0000e+00
-1.075 0.025 0.0000e+00
-1.075 0.075 0.0000e+00
-1.075 0.125 0.0000e+00
-1.075 0.175 0.0000e+00
-1.075 0.225 0.0000e+00
-1.075 0.275 0.0000e+00
-1.075 0.325 0.0000e+00
-1.075 0.375 0.0000e+00
-1.075 0.425 0.0000e+00
-1.075 0.475 0.0000e+00
-1.075 0.525 0.0000e+00
-1.075 0.575 0.0000e+00
-1.075 0.625 0.0000e+00
-1.075 0.675 0.0000e+00
-1.075 0.725 0.0000e+00
-1.075 0.775 0.0000e+00
-1.075 0.825 0.0000e+00
-1.075 0.875 0.0000e+00
-1.075 0.925 0.0000e+00
-1.075 0.975 0.0000e+00
-1.075 1.025 0.0000e+00
-1.075 1.075 0.0000e+00
-1.075 1.125 0.0000e+00
-1.075 1.175 0.0000e+00
-1.075 1.225 0.0000e+00
-1.075 1.275 0.0000e+00
-1.075 1.325 0.0000e+00
-1.075 1.375 0.0000e+00
-1.075 1.425 0.0000e+00
-1.075 1.475 0.0000e+00
-1.075 1.525 0.0000e+00
-1.075 1.575 0.0000e+00
-1.075 1.625 0.0000e+00
-1.075 1.675 0.0000e+00
-1.075 1.725 0.0000e+00
-1.075 1.775 0.0000e+00
-1.075 1.825 0.0000e+00
-1.075 1.875 0.0000e+00
-1.075 1.925 0.0000e+00
-1.075 1.975 0.0000e+00
-1.075 2.025 0.0000e+00
-1.075 2.075 0.0000e+00
-1.075 2.125 0.0000e+00
-1.075 2.175 0.0000e+00
-1.075 2.225 0.0000e+00
-1.075 2.275 0.0000e+00
-1.075 2.325 0.0000e+00
-1.075 2.375 0.0000e+00
-1.075 2.425 0.0000e+00
-1.075 2.475 0.0000e+00
-1.075 2.525 0.0000e+00
-1.075 2.575 0.0000e+00
-1.075 2.625 0.0000e+00
-1.075 2.675 0.0000e+00
-1.075 2.725 0.0000e+00
-1.075 2.775 0.0000e+00
-1.075 2.825 0.0000e+00
-1.075 2.875 0.0000e+00
-1.075 2.925 0.0000e+00
-1.075 2.975 0.0000e+00
-1.075 3.025 0.0000e+00
-1.075 3.075 0.0000e+00
-1.075 3.125 0.0000e+00
-1.075 3.175 0.0000e+00
-1.075 3.225 0.0000e+00
-1.075 3.275 0.0000e+00
-1.075 3.325 0.0000e+00
-1.075 3.375 0.0000e+00
-1.075 3.425 0.0000e+00
-1.075 3.475 0.0000e+00
-1.075 3.525 0.0000e+00
-1.075 3.575 0.0000e+00
-1.075 3.625 0.0000e+00
-1.075 3.675 0.0000e+00
-1.075 3.725 0.0000e+00
-1.075 3.775 0.0000e+00
-1.075 3.825 0.0000e+00
-1.075 3.875 0.0000e+00
-1.075 3.925 0.0000e+00
-1.075 3.975 0.0000e+00
-1.025 0.025 0.0000e+00
-1.025 0.075 0.0000e+00
-1.025 0.125 0.0000e+00
-1.025 0.175 0.0000e+00
-1.025 0.225 0.0000e+00
-1.025 0.275 0.0000e+00
-1.025 0.325 0.0000e+00
-1.025 0.375 0.0000e+00
-1.025 0.425 0.0000e+00
-1.025 0.475 0.0000e+00
-1.025 0.525 0.0000e+00
-1.025 0.575 0.0000e+00
-1.025 0.625 0.0000e+00
-1.025 0.675 0.0000e+00
-1.025 0.725 0.0000e+00
-1.025 0.775 0.0000e+00
-1.025 0.825 0.0000e+00
-1.025 0.875 0.0000e+00
-1.025 0.925 0.0000e+00
-1.025 0.975 0.0000e+00
-1.025 1.025 0.0000e+00
-1.025 1.075 0.0000e+00
-1.025 1.125 0.0000e+00
-1.025 1.175 0.0000e+00
-1.025 1.225 0.0000e+00
-1.025 1.275 0.0000e+00
-1.025 1.325 0.0000e+00
-1.025 1.375 0.0000e+00
-1.025 1.425 0.0000e+00
-1.025 1.475 0.0000e+00
-1.025 1.525 0.0000e+00
-1.025 1.575 0.0000e+00
-1.025 1.625 0.0000e+00
-1.025 1.675 0.0000e+00
-1.025 1.725 0.0000e+00
-1.025 1.775 0.0000e+00
-1.025 1.825 0.0000e+00
-1.025 1.875 0.0000e+00
-1.025 1.925 0.0000e+00
-1.025 1.975 0.0000e+00
-1.025 2.025 0.0000e+00
-1.025 2.075 0.0000e+00
-1.025 2.125 0.0000e+00
-1.025 2.175 0.0000e+00
-1.025 2.225 0.0000e+00
-1.025 2.275 0.0000e+00
-1.025 2.325 0.0000e+00
-1.025 2.375 0.0000e+00
-1.025 2.425 0.0000e+00
-1.025 2.475 0.0000e+00
-1.025 2.525 0.0000e+00
-1.025 2.575 0.0000e+00
-1.025 2.625 0.0000e+00
-1.025 2.675 0.0000e+00
-1.025 2.725 0.0000e+00
-1.025 2.775 0.0000e+00
-1.025 2.825 0.0000e+00
-1.025 2.875 0.0000e+00
-1.025 2.925 0.0000e+00
-1.025 2.975 0.0000e+00
-1.025 3.025 0.0000e+00
-1.025 3.075 0.0000e+00
-1.025 3.125 0.0000e+00
-1.025 3.175 0.0000e+00
-1.025 3.225 0.0000e+00
-1.025 3.275 0.0000e+00
-1.025 3.325 0.0000e+00
-1.025 3.375 0.0000e+00
-1.025 3.425 0.0000e+00
-1.025 3.475 0.0000e+00
-1.025 3.525 0.0000e+00
-1.025 3.575 0.0000e+00
-1.025 3.625 0.0000e+00
-1.025 3.675 0.0000e+00
-1.025 3.725 0.0000e+00
-1.025 3.775 0.0000e+00
-1.025 3.825 0.0000e+00
-1.025 3.875 0.0000e+00
-1.025 3.925 0.0000e+00
-1.025 3.975 0.0000e+00
-0.975 0.025 0.0000e+00
-0.975 0.075 0.0000e+00
-0.975 0.125 0.0000e+00
-0.975 0.175 0.0000e+00
-0.975 0.225 0.0000e+00
-0.975 0.275 0.0000e+00
-0.975 0.325 0.0000e+00
-0.975 0.375 0.0000e+00
-0.975 0.425 0.0000e+00
-0.975 0.475 0.0000e+00
-0.975 0.525 0.0000e+00
-0.975 0.575 0.0000e+00
-0.975 0.625 0.0000e+00
-0.975 0.675 0.0000e+00
-0.975 0.725 0.0000e+00
-0.975 0.775 0.0000e+00
-0.975 0.825 0.0000e+00
-0.975 0.875 0.0000e+00
-0.975 0.925 0.0000e+00
-0.975 0.975 0.0000e+00
-0.975 1.025 0.0000e+00
-0.975 1.075 0.0000e+00
-0.975 1.125 0.0000e+00
-0.975 1.175 0.0000e+00
-0.975 1.225 0.0000e+00
-0.975 1.275 0.0000e+00
-0.975 1.325 0.0000e+00
-0.975 1.375 0.0000e+00
-0.975 1.425 0.0000e+00
-0.975 1.475 0.0000e+00
-0.975 1.525 0.0000e+00
-0.975 1.575 0.0000e+00
-0.975 1.625 0.0000e+00
-0.975 1.675 0.0000e+00
-0.975 1.725 0.0000e+00
-0.975 1.775 0.0000e+00
-0.975 1.825 0.0000e+00
-0.975 1.875 0.0000e+00
-0.975 1.925 0.0000e+00
-0.975 1.975 0.0000e+00
-0.975 2.025 0.0000e+00
-0.975 2.075 0.0000e+00
-0.975 2.125 0.0000e+00
-0.975 2.175 0.0000e+00
-0.975 2.225 0.0000e+00
-0.975 2.275 0.0000e+00
-0.975 2.325 0.0000e+00
-0.975 2.375 0.0000e+00
-0.975 2.425 0.0000e+00
-0.975 2.475 0.0000e+00
-0.975 2.525 0.0000e+00
-0.975 2.575 0.0000e+00
-0.975 2.625 0.0000e+00
-0.975 2.675 0.0000e+00
-0.975 2.725 0.0000e+00
-0.975 2.775 0.0000e+00
-0.975 2.825 0.0000e+00
-0.975 2.875 0.0000e+00
-0.975 2.925 0.0000e+00
-0.975 2.975 0.0000e+00
-0.975 3.025 0.0000e+00
-0.975 3.075 0.0000e+00
-0.975 3.125 0.0000e+00
-0.975 3.175 0.0000e+00
-0.975 3.225 0.0000e+00
-0.975 3.275 0.0000e+00
-0.975 3.325 0.0000e+00
-0.975 3.375 0.0000e+00
-0.975 3.425 0.0000e+00
-0.975 3.475 0.0000e+00
-0.975 3.525 0.0000e+00
-0.975 3.575 0.0000e+00
-0.975 3.625 0.0000e+00
-0.975 3.675 0.0000e+00
-0.975 3.725 0.0000e+00
-0.975 3.775 0.0000e+00
-0.975 3.825 0.0000e+00
-0.975 3.875 0.0000e+00
-0.975 3.925 0.0000e+00
-0.975 3.975 0.0000e+00
-0.925 0.025 0.0000e+00
-0.925 0.075 0.0000e+00
-0.925 0.125 0.0000e+00
-0.925 0.175 0.0000e+00
-0.925 0.225 0.0000e+00
-0.925 0.275 0.0000e+00
-0.925 0.325 0.0000e+00
-0.925 0.375 0.0000e+00
-0.925 0.425 0.0000e+00
-0.925 0.475 0.0000e+00
-0.925 0.525 0.0000e+00
-0.925 0.575 0.0000e+00
-0.925 0.625 0.0000e+00
-0.925 0.675 0.0000e+00
-0.925 0.725 0.0000e+00
-0.925 0.775 0.0000e+00
-0.925 0.825 0.0000e+00
-0.925 0.875 0.0000e+00
-0.925 0.925 0.0000e+00
-0.925 0.975 0.0000e+00
-0.925 1.025 0.0000e+00
-0.925 1.075 0.0000e+00
-0.925 1.125 0.0000e+00
-0.925 1.175 0.0000e+00
-0.925 1.225 0.0000e+00
-0.925 1.275 0.0000e+00
-0.925 1.325 0.0000e+00
-0.925 1.375 0.0000e+00
-0.925 1.425 0.0000e+00
-0.925 1.475 0.0000e+00
-0.925 1.525 0.0000e+00
-0.925 1.575 0.0000e+00
-0.925 1.625 0.0000e+00
-0.925 1.675 0.0000e+00
-0.925 1.725 0.0000e+00
-0.925 1.775 0.0000e+00
-0.925 1.825 0.0000e+00
-0.925 1.875 0.0000e+00
-0.925 1.925 0.0000e+00
-0.925 1.975 0.0000e+00
-0.925 2.025 0.0000e+00
-0.925 2.075 0.0000e+00
-0.925 2.125 0.0000e+00
-0.925 2.175 0.0000e+00
-0.925 2.225 0.0000e+00
-0.925 2.275 0.0000e+00
-0.925 2.325 0.0000e+00
-0.925 2.375 0.0000e+00
-0.925 2.425 0.0000e+00
-0.925 2.475 0.0000e+00
-0.925 2.525 0.0000e+00
-0.925 2.575 0.0000e+00
-0.925 2.625 0.0000e+00
-0.925 2.675 0.0000e+00
-0.925 2.725 0.0000e+00
-0.925 2.775 0.0000e+00
-0.925 2.825 0.0000e+00
-0.925 2.875 0.0000e+00
-0.925 2.925 0.0000e+00
-0.925 2.975 0.0000e+00
-0.925 3.025 0.0000e+00
-0.925 3.075 0.0000e+00
-0.925 3.125 0.0000e+00
-0.925 3.175 0.0000e+00
-0.925 3.225 0.0000e+00
-0.925 3.275 0.0000e+00
-0.925 3.325 0.0000e+00
-0.925 3.375 0.0000e+00
-0.925 3.425 0.0000e+00
-0.925 3.475 0.0000e+00
-0.925 3.525 0.0000e+00
-0.925 3.575 0.0000e+00
-0.925 3.625 0.0000e+00
-0.925 3.675 0.0000e+00
-0.925 3.725 0.0000e+00
-0.925 3.775 0.0000e+00
-0.925 3.825 0.0000e+00
-0.925 3.875 0.0000e+00
-0.925 3.925 0.0000e+00
-0.925 3.975 0.0000e+00
-0.875 0.025 0.0000e+00
-0.875 0.075 0.0000e+00
-0.875 0.125 0.0000e+00
-0.875 0.175 0.0000e+00
-0.875 0.225 0.0000e+00
-0.875 0.275 0.0000e+00
-0.875 0.325 0.0000e+00
-0.875 0.375 0.0000e+00
-0.875 0.425 0.0000e+00
-0.875 0.475 0.0000e+00
-0.875 0.525 0.0000e+00
-0.875 0.575 0.0000e+00
-0.875 0.625 0.0000e+00
-0.875 0.675 0.0000e+00
-0.875 0.725 0.0000e+00
-0.875 0.775 0.0000e+00
-0.875 0.825 0.0000e+00
-0.875 0.875 0.0000e+00
-0.875 0.925 0.0000e+00
-0.875 0.975 0.0000e+00
-0.875 1.025 0.0000e+00
-0.875 1.075 0.0000e+00
-0.875 1.125 0.0000e+00
-0.875 1.175 0.0000e+00
-0.875 1.225 0.0000e+00
-0.875 1.275 0.0000e+00
-0.875 1.325 0.0000e+00
-0.875 1.375 0.0000e+00
-0.875 1.425 0.0000e+00
-0.875 1.475 0.0000e+00
-0.875 1.525 0.0000e+00
-0.875 1.575 0.0000e+00
-0.875 1.625 0.0000e+00
-0.875 1.675 0.0000e+00
-0.875 1.725 0.0000e+00
-0.875 1.775 0.0000e+00
-0.875 1.825 0.0000e+00
-0.875 1.875 0.0000e+00
-0.875 1.925 0.0000e+00
-0.875 1.975 0.0000e+00
-0.875 2.025 0.0000e+00
-0.875 2.075 0.0000e+00
-0.875 2.125 0.0000e+00
-0.875 2.175 0.0000e+00
-0.875 2.225 0.0000e+00
-0.875 2.275 0.0000e+00
-0.875 2.325 0.0000e+00
-0.875 2.375 0.0000e+00
-0.875 2.425 0.0000e+00
-0.875 2.475 0.0000e+00
-0.875 2.525 0.0000e+00
-0.875 2.575 0.0000e+00
-0.875 2.625 0.0000e+00
-0.875 2.675 0.0000e+00
-0.875 2.725 0.0000e+00
-0.875 2.775 0.0000e+00
-0.875 2.825 0.0000e+00
-0.875 2.875 0.0000e+00
-0.875 2.925 0.0000e+00
-0.875 2.975 0.0000e+00
-0.875 3.025 0.0000e+00
-0.875 3.075 0.0000e+00
-0.875 3.125 0.0000e+00
-0.875 3.175 0.0000e+00
-0.875 3.225 0.0000e+00
-0.875 3.275 0.0000e+00
-0.875 3.325 0.0000e+00
-0.875 3.375 0.0000e+00
-0.875 3.425 0.0000e+00
-0.875 3.475 0.0000e+00
-0.875 3.525 0.0000e+00
-0.875 3.575 0.0000e+00
-0.875 3.625 0.0000e+00
-0.875 3.675 0.0000e+00
-0.875 3.725 0.0000e+00
-0.875 3.775 0.0000e+00
-0.875 3.825 0.0000e+00
-0.875 3.875 0.0000e+00
-0.875 3.925 0.0000e+00
-0.875 3.975 0.0000e+00
-0.825 0.025 0.0000e+00
-0.825 0.075 0.0000e+00
-0.825 0.125 0.0000e+00
-0.825 0.175 0.0000e+00
-0.825 0.225 0.0000e+00
-0.825 0.275 0.0000e+00
-0.825 0.325 0.0000e+00
-0.825 0.375 0.0000e+00
-0.825 0.425 0.0000e+00
-0.825 0.475 0.0000e+00
-0.825 0.525 0.0000e+00
-0.825 0.575 0.0000e+00
-0.825 0.625 0.0000e+00
-0.825 0.675 0.0000e+00
-0.825 0.725 0.0000e+00
-0.825 0.775 0.0000e+00
-0.825 0.825 0.0000e+00
-0.825 0.875 0.0000e+00
-0.825 0.925 0.0000e+00
-0.825 0.975 0.0000e+00
-0.825 1.025 0.0000e+00
-0.825 1.075 0.0000e+00
-0.825 1.125 0.0000e+00
-0.825 1.175 0.0000e+00
-0.825 1.225 0.0000e+00
-0.825 1.275 0.0000e+00
-0.825 1.325 0.0000e+00
-0.825 1.375 0.0000e+00
-0.825 1.425 0.0000e+00
-0.825 1.475 0.0000e+00
-0.825 1.525 0.0000e+00
-0.825 1.575 0.0000e+00
-0.825 1.625 0.0000e+00
-0.825 1.675 0.0000e+00
-0.825 1.725 0.0000e+00
-0.825 1.775 0.0000e+00
-0.825 1.825 0.0000e+00
-0.825 1.875 0.0000e+00
-0.825 1.925 0.0000e+00
-0.825 1.975 0.0000e+00
-0.825 2.025 0.0000e+00
-0.825 2.075 0.0000e+00
-0.825 2.125 0.0000e+00
-0.825 2.175 0.0000e+00
-0.825 2.225 0.0000e+00
-0.825 2.275 0.0000e+00
-0.825 2.325 0.0000e+00
-0.825 2.375 0.0000e+00
-0.825 2.425 0.0000e+00
-0.825 2.475 0.0000e+00
-0.825 2.525 0.0000e+00
-0.825 2.575 0.0000e+00
-0.825 2.625 0.0000e+00
-0.825 2.675 0.0000e+00
-0.825 2.725 0.0000e+00
-0.825 2.775 0.0000e+00
-0.825 2.825 0.0000e+00
-0.825 2.875 0.0000e+00
-0.825 2.925 0.0000e+00
-0.825 2.975 0.0000e+00
-0.825 3.025 0.0000e+00
-0.825 3.075 0.0000e+00
-0.825 3.125 0.0000e+00
-0.825 3.175 0.0000e+00
-0.825 3.225 0.0000e+00
-0.825 3.275 0.0000e+00
-0.825 3.325 0.0000e+00
-0.825 3.375 0.0000e+00
-0.825 3.425 0.0000e+00
-0.825 3.475 0.0000e+00
-0.825 3.525 0.0000e+00
-0.825 3.575 0.0000e+00
-0.825 3.625 0.0000e+00
-0.825 3.675 0.0000e+00
-0.825 3.725 0.0000e+00
-0.825 3.775 0.0000e+00
-0.825 3.825 0.0000e+00
-0.825 3.875 0.0000e+00
-0.825 3.925 0.0000e+00
-0.825 3.975 0.0000e+00
-0.775 0.025 0.0000e+00
-0.775 0.075 0.0000e+00
-0.775 0.125 0.0000e+00
-0.775 0.175 0.0000e+00
-0.775 0.225 0.0000e+00
-0.775 0.275 0.0000e+00
-0.775 0.325 0.0000e+00
-0.775 0.375 0.0000e+00
-0.775 0.425 0.0000e+00
-0.775 0.475 0.0000e+00
-0.775 0.525 0.0000e+00
-0.775 0.575 0.0000e+00
-0.775 0.625 0.0000e+00
-0.775 0.675 0.0000e+00
-0.775 0.725 0.0000e+00
-0.775 0.775 0.0000e+00
-0.775 0.825 0.0000e+00
-0.775 0.875 0.0000e+00
-0.775 0.925 0.0000e+00
-0.775 0.975 0.0000e+00
-0.775 1.025 0.0000e+00
-0.775 1.075 0.0000e+00
-0.775 1.125 0.0000e+00
-0.775 1.175 0.0000e+00
-0.775 1.225 0.0000e+00
-0.775 1.275 0.0000e+00
-0.775 1.325 0.0000e+00
-0.775 1.375 0.0000e+00
-0.775 1.425 0.0000e+00
-0.775 1.475 0.0000e+00
-0.775 1.525 0.0000e+00
-0.775 1.575 0.0000e+00
-0.775 1.625 0.0000e+00
-0.775 1.675 0.0000e+00
-0.775 1.725 0.0000e+00
-0.775 1.775 0.0000e+00
-0.775 1.825 0.0000e+00
-0.775 1.875 0.0000e+00
-0.775 1.925 0.0000e+00
-0.775 1.975 0.0000e+00
-0.775 2.025 0.0000e+00
-0.775 2.075 0.0000e+00
-0.775 2.125 0.0000e+00
-0.775 2.175 0.0000e+00
-0.775 2.225 0.0000e+00
-0.775 2.275 0.0000e+00
-0.775 2.325 0.0000e+00
-0.775 2.375 0.0000e+00
-0.775 2.425 0.0000e+00
-0.775 2.475 0.0000e+00
-0.775 2.525 0.0000e+00
-0.775 2.575 0.0000e+00
-0.775 2.625 0.0000e+00
-0.775 2.675 0.0000e+00
-0.775 2.725 0.0000e+00
-0.775 2.775 0.0000e+00
-0.775 2.825 0.0000e+00
-0.775 2.875 0.0000e+00
-0.775 2.925 0.0000e+00
-0.775 2.975 0.0000e+00
-0.775 3.025 0.0000e+00
-0.775 3.075 0.0000e+00
-0.775 3.125 0.0000e+00
-0.775 3.175 0.0000e+00
-0.775 3.225 0.0000e+00
-0.775 3.275 0.0000e+00
-0.775 3.325 0.0000e+00
-0.775 3.375 0.0000e+00
-0.775 3.425 0.0000e+00
-0.775 3.475 0.0000e+00
-0.775 3.525 0.0000e+00
-0.775 3.575 0.0000e+00
-0.775 3.625 0.0000e+00
-0.775 3.675 0.0000e+00
-0.775 3.725 0.0000e+00
-0.775 3.775 0.0000e+00
-0.775 3.825 0.0000e+00
-0.775 3.875 0.0000e+00
-0.775 3.925 0.0000e+00
-0.775 3.975 0.0000e+00
-0.725 0.025 0.0000e+00
-0.725 0.075 0.0000e+00
-0.725 0.125 0.0000e+00
-0.725 0.175 0.0000e+00
-0.725 0.225 0.0000e+00
-0.725 0.275 0.0000e+00
-0.725 0.325 0.0000e+00
-0.725 0.375 0.0000e+00
-0.725 0.425 0.0000e+00
-0.725 0.475 0.0000e+00
-0.725 0.525 0.0000e+00
-0.725 0.575 0.0000e+00
-0.725 0.625 0.0000e+00
-0.725 0.675 0.0000e+00
-0.725 0.725 0.0000e+00
-0.725 0.775 0.0000e+00
-0.725 0.825 0.0000e+00
-0.725 0.875 0.0000e+00
-0.725 0.925 0.0000e+00
-0.725 0.975 0.0000e+00
-0.725 1.025 0.0000e+00
-0.725 1.075 0.0000e+00
-0.725 1.125 0.0000e+00
-0.725 1.175 0.0000e+00
-0.725 1.225 0.0000e+00
-0.725 1.275 0.0000e+00
-0.725 1.325 0.0000e+00
-0.725 1.375 0.0000e+00
-0.725 1.425 0.0000e+00
-0.725 1.475 0.0000e+00
-0.725 1.525 0.0000e+00
-0.725 1.575 0.0000e+00
-0.725 1.625 0.0000e+00
-0.725 1.675 0.0000e+00
-0.725 1.725 0.0000e+00
-0.725 1.775 0.0000e+00
-0.725 1.825 0.0000e+00
-0.725 1.875 0.0000e+00
-0.725 1.925 0.0000e+00
-0.725 1.975 0.0000e+00
-0.725 2.025 0.0000e+00
-0.725 2.075 0.0000e+00
-0.725 2.125 0.0000e+00
-0.725 2.175 0.0000e+00
-0.725 2.225 0.0000e+00
-0.725 2.275 0.0000e+00
-0.725 2.325 0.0000e+00
-0.725 2.375 0.0000e+00
-0.725 2.425 0.0000e+00
-0.725 2.475 0.0000e+00
-0.725 2.525 0.0000e+00
-0.725 2.575 0.0000e+00
-0.725 2.625 0.0000e+00
-0.725 2.675 0.0000e+00
-0.725 2.725 0.0000e+00
-0.725 2.775 0.0000e+00
-0.725 2.825 0.0000e+00
-0.725 2.875 0.0000e+00
-0.725 2.925 0.0000e+00
-0.725 2.975 0.0000e+00
-0.725 3.025 0.0000e+00
-0.725 3.075 0.0000e+00
-0.725 3.125 0.0000e+00
-0.725 3.175 0.0000e+00
-0.725 3.225 0.0000e+00
-0.725 3.275 0.0000e+00
-0.725 3.325 0.0000e+00
-0.725 3.375 0.0000e+00
-0.725 3.425 0.0000e+00
-0.725 3.475 0.0000e+00
-0.725 3.525 0.0000e+00
-0.725 3.575 0.0000e+00
-0.725 3.625 0.0000e+00
-0.725 3.675 0.0000e+00
-0.725 3.725 0.0000e+00
-0.725 3.775 0.0000e+00
-0.725 3.825 0.0000e+00
-0.725 3.875 0.0000e+00
-0.725 3.925 0.0000e+00
-0.725 3.975 0.0000e+00
-0.675 0.025 0.0000e+00
-0.675 0.075 0.0000e+00
-0.675 0.125 0.0000e+00
-0.675 0.175 0.0000e+00
-0.675 0.225 0.0000e+00
-0.675 0.275 0.0000e+00
-0.675 0.325 0.0000e+00
-0.675 0.375 0.0000e+00
-0.675 0.425 0.0000e+00
-0.675 0.475 0.0000e+00
-0.675 0.525 0.0000e+00
-0.675 0.575 0.0000e+00
-0.675 0.625 0.0000e+00
-0.675 0.675 0.0000e+00
-0.675 0.725 0.0000e+00
-0.675 0.775 0.0000e+00
-0.675 0.825 0.0000e+00
-0.675 0.875 0.0000e+00
-0.675 0.925 0.0000e+00
-0.675 0.975 0.0000e+00
-0.675 1.025 0.0000e+00
-0.675 1.075 0.0000e+00
-0.675 1.125 0.0000e+00
-0.675 1.175 0.0000e+00
-0.675 1.225 0.0000e+00
-0.675 1.275 0.0000e+00
-0.675 1.325 0.0000e+00
-0.675 1.375 0.0000e+00
-0.675 1.425 0.0000e+00
-0.675 1.475 0.0000e+00
-0.675 1.525 0.0000e+00
-0.675 1.575 0.0000e+00
-0.675 1.625 0.0000e+00
-0.675 1.675 0.0000e+00
-0.675 1.725 0.0000e+00
-0.675 1.775 0.0000e+00
-0.675 1.825 0.0000e+00
-0.675 1.875 0.0000e+00
-0.675 1.925 0.0000e+00
-0.675 1.975 0.0000e+00
-0.675 2.025 0.0000e+00
-0.675 2.075 0.0000e+00
-0.675 2.125 0.0000e+00
-0.675 2.175 0.0000e+00
-0.675 2.225 0.0000e+00
-0.675 2.275 0.0000e+00
-0.675 2.325 0.0000e+00
-0.675 2.375 0.0000e+00
-0.675 2.425 0.0000e+00
-0.675 2.475 0.0000e+00
-0.675 2.525 0.0000e+00
-0.675 2.575 0.0000e+00
-0.675 2.625 0.0000e+00
-0.675 2.675 0.0000e+00
-0.675 2.725 0.0000e+00
-0.675 2.775 0.0000e+00
-0.675 2.825 0.0000e+00
-0.675 2.875 0.0000e+00
-0.675 2.925 0.0000e+00
-0.675 2.975 0.0000e+00
-0.675 3.025 0.0000e+00
-0.675 3.075 0.0000e+00
-0.675 3.125 0.0000e+00
-0.675 3.175 0.0000e+00
-0.675 3.225 0.0000e+00
-0.675 3.275 0.0000e+00
-0.675 3.325 0.0000e+00
-0.675 3.375 0.0000e+00
-0.675 3.425 0.0000e+00
-0.675 3.475 0.0000e+00
-0.675 3.525 0.0000e+00
-0.675 3.575 0.0000e+00
-0.675 3.625 0.0000e+00
-0.675 3.675 0.0000e+00
-0.675 3.725 0.0000e+00
-0.675 3.775 0.0000e+00
-0.675 3.825 0.0000e+00
-0.675 3.875 0.0000e+00
-0.675 3.925 0.0000e+00
-0.675 3.975 0.0000e+00
-0.625 0.025 0.0000e+00
-0.625 0.075 0.0000e+00
-0.625 0.125 0.0000e+00
-0.625 0.175 0.0000e+00
-0.625 0.225 0.0000e+00
-0.625 0.275 0.0000e+00
-0.625 0.325 0.0000e+00
-0.625 0.375 0.0000e+00
-0.625 0.425 0.0000e+00
-0.625 0.475 0.0000e+00
-0.625 0.525 0.0000e+00
-0.625 0.575 0.0000e+00
-0.625 0.625 0.0000e+00
-0.625 0.675 0.0000e+00
-0.625 0.725 0.0000e+00
-0.625 0.775 0.0000e+00
-0.625 0.825 0.0000e+00
-0.625 0.875 0.0000e+00
-0.625 0.925 0.0000e+00
-0.625 0.975 0.0000e+00
-0.625 1.025 0.0000e+00
-0.625 1.075 0.0000e+00
-0.625 1.125 0.0000e+00
-0.625 1.175 0.0000e+00
-0.625 1.225 0.0000e+00
-0.625 1.275 0.0000e+00
-0.625 1.325 0.0000e+00
-0.625 1.375 0.0000e+00
-0.625 1.425 0.0000e+00
-0.625 1.475 0.0000e+00
-0.625 1.525 0.0000e+00
-0.625 1.575 0.0000e+00
-0.625 1.625 0.0000e+00
-0.625 1.675 0.0000e+00
-0.625 1.725 0.0000e+00
-0.625 1.775 0.0000e+00
-0.625 1.825 0.0000e+00
-0.625 1.875 0.0000e+00
-0.625 1.925 0.0000e+00
-0.625 1.975 0.0000e+00
-0.625 2.025 0.0000e+00
-0.625 2.075 0.0000e+00
-0.625 2.125 0.0000e+00
-0.625 2.175 0.0000e+00
-0.625 2.225 0.0000e+00
-0.625 2.275 0.0000e+00
-0.625 2.325 0.0000e+00
-0.625 2.375 0.0000e+00
-0.625 2.425 0.0000e+00
-0.625 2.475 0.0000e+00
-0.625 2.525 0.0000e+00
-0.625 2.575 0.0000e+00
-0.625 2.625 0.0000e+00
-0.625 2.675 0.0000e+00
-0.625 2.725 0.0000e+00
-0.625 2.775 0.0000e+00
-0.625 2.825 0.0000e+00
-0.625 2.875 0.0000e+00
-0.625 2.925 0.0000e+00
-0.625 2.975 0.0000e+00
-0.625 3.025 0.0000e+00
-0.625 3.075 0.0000e+00
-0.625 3.125 0.0000e+00
-0.625 3.175 0.0000e+00
-0.625 3.225 0.0000e+00
-0.625 3.275 0.0000e+00
-0.625 3.325 0.0000e+00
-0.625 3.375 0.0000e+00
-0.625 3.425 0.0000e+00
-0.625 3.475 0.0000e+00
-0.625 3.525 0.0000e+00
-0.625 3.575 0.0000e+00
-0.625 3.625 0.0000e+00
-0.625 3.675 0.0000e+00
-0.625 3.725 0.0000e+00
-0.625 3.775 0.0000e+00
-0.625 3.825 0.0000e+00
-0.625 3.875 0.0000e+00
-0.625 3.925 0.0000e+00
-0.625 3.975 0.0000e+00
-0.575 0.025 0.0000e+00
-0.575 0.075 0.0000e+00
-0.575 0.125 0.0000e+00
-0.575 0.175 0.0000e+00
-0.575 0.225 0.0000e+00
-0.575 0.275 0.0000e+00
-0.575 0.325 0.0000e+00
-0.575 0.375 0.0000e+00
-0.575 0.425 0.0000e+00
-0.575 0.475 0.0000e+00
-0.575 0.525 0.0000e+00
-0.575 0.575 0.0000e+00
-0.575 0.625 0.0000e+00
-0.575 0.675 0.0000e+00
-0.575 0.725 0.0000e+00
-0.575 0.775 0.0000e+00
-0.575 0.825 0.0000e+00
-0.575 0.875 0.0000e+00
-0.575 0.925 0.0000e+00
-0.575 0.975 0.0000e+00
-0.575 1.025 0.0000e+00
-0.575 1.075 0.0000e+00
-0.575 1.125 0.0000e+00
-0.575 1.175 0.0000e+00
-0.575 1.225 0.0000e+00
-0.575 1.275 0.0000e+00
-0.575 1.325 0.0000e+00
-0.575 1.375 0.0000e+00
-0.575 1.425 0.0000e+00
-0.575 1.475 0.0000e+00
-0.575 1.525 0.0000e+00
-0.575 1.575 0.0000e+00
-0.575 1.625 0.0000e+00
-0.575 1.675 0.0000e+00
-0.575 1.725 0.0000e+00
-0.575 1.775 0.0000e+00
-0.575 1.825 0.0000e+00
-0.575 1.875 0.0000e+00
-0.575 1.925 0.0000e+00
-0.575 1.975 0.0000e+00
-0.575 2.025 0.0000e+00
-0.575 2.075 0.0000e+00
-0.575 2.125 0.0000e+00
-0.575 2.175 0.0000e+00
-0.575 2.225 0.0000e+00
-0.575 2.275 0.0000e+00
-0.575 2.325 0.0000e+00
-0.575 2.375 0.0000e+00
-0.575 2.425 0.0000e+00
-0.575 2.475 0.0000e+00
-0.575 2.525 0.0000e+00
-0.575 2.575 0.0000e+00
-0.575 2.625 0.0000e+00
-0.575 2.675 0.0000e+00
-0.575 2.725 0.0000e+00
-0.575 2.775 0.0000e+00
-0.575 2.825 0.0000e+00
-0.575 2.875 0.0000e+00
-0.575 2.925 0.0000e+00
-0.575 2.975 0.0000e+00
-0.575 3.025 0.0000e+00
-0.575 3.075 0.0000e+00
-0.575 3.125 0.0000e+00
-0.575 3.175 0.0000e+00
-0.575 3.225 0.0000e+00
-0.575 3.275 0.0000e+00
-0.575 3.325 0.0000e+00
-0.575 3.375 0.0000e+00
-0.575 3.425 0.0000e+00
-0.575 3.475 0.0000e+00
-0.575 3.525 0.0000e+00
-0.575 3.575 0.0000e+00
-0.575 3.625 0.0000e+00
-0.575 3.675 0.0000e+00
-0.575 3.725 0.0000e+00
-0.575 3.775 0.0000e+00
-0.575 3.825 0.0000e+00
-0.575 3.875 0.0000e+00
-0.575 3.925 0.0000e+00
-0.575 3.975 0.0000e+00
-0.525 0.025 0.0000e+00
-0.525 0.075 0.0000e+00
-0.525 0.125 0.0000e+00
-0.525 0.175 0.0000e+00
-0.525 0.225 0.0000e+00
-0.525 0.275 0.0000e+00
-0.525 0.325 0.0000e+00
-0.525 0.375 0.0000e+00
-0.525 0.425 0.0000e+00
-0.525 0.475 0.0000e+00
-0.525 0.525 0.0000e+00
-0.525 0.575 0.0000e+00
-0.525 0.625 0.0000e+00
-0.525 0.675 0.0000e+00
-0.525 0.725 0.0000e+00
-0.525 0.775 0.0000e+00
-0.525 0.825 0.0000e+00
-0.525 0.875 0.0000e+00
-0.525 0.925 0.0000e+00
-0.525 0.975 0.0000e+00
-0.525 1.025 0.0000e+00
-0.525 1.075 0.0000e+00
-0.525 1.125 0.0000e+00
-0.525 1.175 0.0000e+00
-0.525 1.225 0.0000e+00
-0.525 1.275 0.0000e+00
-0.525 1.325 0.0000e+00
-0.525 1.375 0.0000e+00
-0.525 1.425 0.0000e+00
-0.525 1.475 0.0000e+00
-0.525 1.525 0.0000e+00
-0.525 1.575 0.0000e+00
-0.525 1.625 0.0000e+00
-0.525 1.675 0.0000e+00
-0.525 1.725 0.0000e+00
-0.525 1.775 0.0000e+00
-0.525 1.825 0.0000e+00
-0.525 1.875 0.0000e+00
-0.525 1.925 0.0000e+00
-0.525 1.975 0.0000e+00
-0.525 2.025 0.0000e+00
-0.525 2.075 0.0000e+00
-0.525 2.125 0.0000e+00
-0.525 2.175 0.0000e+00
-0.525 2.225 0.0000e+00
-0.525 2.275 0.0000e+00
-0.525 2.325 0.0000e+00
-0.525 2.375 0.0000e+00
-0.525 2.425 0.0000e+00
-0.525 2.475 0.0000e+00
-0.525 2.525 0.0000e+00
-0.525 2.575 0.0000e+00
-0.525 2.625 0.0000e+00
-0.525 2.675 0.0000e+00
-0.525 2.725 0.0000e+00
-0.525 2.775 0.0000e+00
-0.525 2.825 0.0000e+00
-0.525 2.875 0.0000e+00
-0.525 2.925 0.0000e+00
-0.525 2.975 0.0000e+00
-0.525 3.025 0.0000e+00
-0.525 3.075 0.0000e+00
-0.525 3.125 0.0000e+00
-0.525 3.175 0.0000e+00
-0.525 3.225 0.0000e+00
-0.525 3.275 0.0000e+00
-0.525 3.325 0.0000e+00
-0.525 3.375 0.0000e+00
-0.525 3.425 0.0000e+00
-0.525 3.475 0.0000e+00
-0.525 3.525 0.0000e+00
-0.525 3.575 0.0000e+00
-0.525 3.625 0.0000e+00
-0.525 3.675 0.0000e+00
-0.525 3.725 0.0000e+00
-0.525 3.775 0.0000e+00
-0.525 3.825 0.0000e+00
-0.525 3.875 0.0000e+00
-0.525 3.925 0.0000e+00
-0.525 3.975 0.0000e+00
-0.475 0.025 0.0000e+00
-0.475 0.075 0.0000e+00
-0.475 0.125 0.0000e+00
-0.475 0.175 0.0000e+00
-0.475 0.225 0.0000e+00
-0.475 0.275 0.0000e+00
-0.475 0.325 0.0000e+00
-0.475 0.375 0.0000e+00
-0.475 0.425 0.0000e+00
-0.475 0.475 0.0000e+00
-0.475 0.525 0.0000e+00
-0.475 0.575 0.0000e+00
-0.475 0.625 0.0000e+00
-0.475 0.675 0.0000e+00
-0.475 0.725 0.0000e+00
-0.475 0.775 0.0000e+00
-0.475 0.825 0.0000e+00
-0.475 0.875 0.0000e+00
-0.475 0.925 0.0000e+00
-0.475 0.975 0.0000e+00
-0.475 1.025 0.0000e+00
-0.475 1.075 0.0000e+00
-0.475 1.125 0.0000e+00
-0.475 1.175 0.0000e+00
-0.475 1.225 0.0000e+00
-0.475 1.275 0.0000e+00
-0.475 1.325 0.0000e+00
-0.475 1.375 0.0000e+00
-0.475 1.425 0.0000e+00
-0.475 1.475 0.0000e+00
-0.475 1.525 0.0000e+00
-0.475 1.575 0.0000e+00
-0.475 1.625 0.0000e+00
-0.475 1.675 0.0000e+00
-0.475 1.725 0.0000e+00
-0.475 1.775 0.0000e+00
-0.475 1.825 0.0000e+00
-0.475 1.875 0.0000e+00
-0.475 1.925 0.0000e+00
-0.475 1.975 0.0000e+00
-0.475 2.025 0.0000e+00
-0.475 2.075 0.0000e+00
-0.475 2.125 0.0000e+00
-0.475 2.175 0.0000e+00
-0.475 2.225 0.0000e+00
-0.475 2.275 0.0000e+00
-0.475 2.325 0.0000e+00
-0.475 2.375 0.0000e+00
-0.475 2.425 0.0000e+00
-0.475 2.475 0.0000e+00
-0.475 2.525 0.0000e+00
-0.475 2.575 0.0000e+00
-0.475 2.625 0.0000e+00
-0.475 2.675 0.0000e+00
-0.475 2.725 0.0000e+00
-0.475 2.775 0.0000e+00
-0.475 2.825 0.0000e+00
-0.475 2.875 0.0000e+00
-0.475 2.925 0.0000e+00
-0.475 2.975 0.0000e+00
-0.475 3.025 0.0000e+00
-0.475 3.075 0.0000e+00
-0.475 3.125 0.0000e+00
-0.475 3.175 0.0000e+00
-0.475 3.225 0.0000e+00
-0.475 3.275 0.0000e+00
-0.475 3.325 0.0000e+00
-0.475 3.375 0.0000e+00
-0.475 3.425 0.0000e+00
-0.475 3.475 0.0000e+00
-0.475 3.525 0.0000e+00
-0.475 3.575 0.0000e+00
-0.475 3.625 0.0000e+00
-0.475 3.675 0.0000e+00
-0.475 3.725 0.0000e+00
-0.475 3.775 0.0000e+00
-0.475 3.825 0.0000e+00
-0.475 3.875 0.0000e+00
-0.475 3.925 0.0000e+00
-0.475 3.975 0.0000e+00
-0.425 0.025 0.0000e+00
-0.425 0.075 0.0000e+00
-0.425 0.125 0.0000e+00
-0.425 0.175 0.0000e+00
-0.425 0.225 0.0000e+00
-0.425 0.275 0.0000e+00
-0.425 0.325 0.0000e+00
-0.425 0.375 0.0000e+00
-0.425 0.425 0.0000e+00
-0.425 0.475 0.0000e+00
-0.425 0.525 0.0000e+00
-0.425 0.575 0.0000e+00
-0.425 0.625 0.0000e+00
-0.425 0.675 0.0000e+00
-0.425 0.725 0.0000e+00
-0.425 0.775 0.0000e+00
-0.425 0.825 0.0000e+00
-0.425 0.875 0.0000e+00
-0.425 0.925 0.0000e+00
-0.425 0.975 0.0000e+00
-0.425 1.025 0.0000e+00
-0.425 1.075 0.0000e+00
-0.425 1.125 0.0000e+00
-0.425 1.175 0.0000e+00
-0.425 1.225 0.0000e+00
-0.425 1.275 0.0000e+00
-0.425 1.325 0.0000e+00
-0.425 1.375 0.0000e+00
-0.425 1.425 0.0000e+00
-0.425 1.475 0.0000e+00
-0.425 1.525 0.0000e+00
-0.425 1.575 0.0000e+00
-0.425 1.625 0.0000e+00
-0.425 1.675 0.0000e+00
-0.425 1.725 0.0000e+00
-0.425 1.775 0.0000e+00
-0.425 1.825 0.0000e+00
-0.425 1.875 0.0000e+00
-0.425 1.925 0.0000e+00
-0.425 1.975 0.0000e+00
-0.425 2.025 0.0000e+00
-0.425 2.075 0.0000e+00
-0.425 2.125 0.0000e+00
-0.425 2.175 0.0000e+00
-0.425 2.225 0.0000e+00
-0.425 2.275 0.0000e+00
-0.425 2.325 0.0000e+00
-0.425 2.375 0.0000e+00
-0.425 2.425 0.0000e+00
-0.425 2.475 0.0000e+00
-0.425 2.525 0.0000e+00
-0.425 2.575 0.0000e+00
-0.425 2.625 0.0000e+00
-0.425 2.675 0.0000e+00
-0.425 2.725 0.0000e+00
-0.425 2.775 0.0000e+00
-0.425 2.825 0.0000e+00
-0.425 2.875 0.0000e+00
-0.425 2.925 0.0000e+00
-0.425 2.975 0.0000e+00
-0.425 3.025 0.0000e+00
-0.425 3.075 0.0000e+00
-0.425 3.125 0.0000e+00
-0.425 3.175 0.0000e+00
-0.425 3.225 0.0000e+00
-0.425 3.275 0.0000e+00
-0.425 3.325 0.0000e+00
-0.425 3.375 0.0000e+00
-0.425 3.425 0.0000e+00
-0.425 3.475 0.0000e+00
-0.425 3.525 0.0000e+00
-0.425 3.575 0.0000e+00
-0.425 3.625 0.0000e+00
-0.425 3.675 0.0000e+00
-0.425 3.725 0.0000e+00
-0.425 3.775 0.0000e+00
-0.425 3.825 0.0000e+00
-0.425 3.875 0.0000e+00
-0.425 3.925 0.0000e+00
-0.425 3.975 0.0000e+00
-0.375 0.025 0.0000e+00
-0.375 0.075 0.0000e+00
-0.375 0.125 0.0000e+00
-0.375 0.175 0.0000e+00
-0.375 0.225 0.0000e+00
-0.375 0.275 0.0000e+00
-0.375 0.325 0.0000e+00
-0.375 0.375 0.0000e+00
-0.375 0.425 0.0000e+00
-0.375 0.475 0.0000e+00
-0.375 0.525 0.0000e+00
-0.375 0.575 0.0000e+00
-0.375 0.625 0.0000e+00
-0.375 0.675 0.0000e+00
-0.375 0.725 0.0000e+00
-0.375 0.775 0.0000e+00
-0.375 0.825 0.0000e+00
-0.375 0.875 0.0000e+00
-0.375 0.925 0.0000e+00
-0.375 0.975 0.0000e+00
-0.375 1.025 0.0000e+00
-0.375 1.075 0.0000e+00
-0.375 1.125 0.0000e+00
-0.375 1.175 0.0000e+00
-0.375 1.225 0.0000e+00
-0.375 1.275 0.0000e+00
-0.375 1.325 0.0000e+00
-0.375 1.375 0.0000e+00
-0.375 1.425 0.0000e+00
-0.375 1.475 0.0000e+00
-0.375 1.525 0.0000e+00
-0.375 1.575 0.0000e+00
-0.375 1.625 0.0000e+00
-0.375 1.675 0.0000e+00
-0.375 1.725 0.0000e+00
-0.375 1.775 0.0000e+00
-0.375 1.825 0.0000e+00
-0.375 1.875 0.0000e+00
-0.375 1.925 0.0000e+00
-0.375 1.975 0.0000e+00
-0.375 2.025 0.0000e+00
-0.375 2.075 0.0000e+00
-0.375 2.125 0.0000e+00
-0.375 2.175 0.0000e+00
-0.375 2.225 0.0000e+00
-0.375 2.275 0.0000e+00
-0.375 2.325 0.0000e+00
-0.375 2.375 0.0000e+00
-0.375 2.425 0.0000e+00
-0.375 2.475 0.0000e+00
-0.375 2.525 0.0000e+00
-0.375 2.575 0.0000e+00
-0.375 2.625 0.0000e+00
-0.375 2.675 0.0000e+00
-0.375 2.725 0.0000e+00
-0.375 2.775 0.0000e+00
-0.375 2.825 0.0000e+00
-0.375 2.875 0.0000e+00
-0.375 2.925 0.0000e+00
-0.375 2.975 0.0000e+00
-0.375 3.025 0.0000e+00
-0.375 3.075 0.0000e+00
-0.375 3.125 0.0000e+00
-0.375 3.175 0.0000e+00
-0.375 3.225 0.0000e+00
-0.375 3.275 0.0000e+00
-0.375 3.325 0.0000e+00
-0.375 3.375 0.0000e+00
-0.375 3.425 0.0000e+00
-0.375 3.475 0.0000e+00
-0.375 3.525 0.0000e+00
-0.375 3.575 0.0000e+00
-0.375 3.625 0.0000e+00
-0.375 3.675 0.0000e+00
-0.375 3.725 0.0000e+00
-0.375 3.775 0.0000e+00
-0.375 3.825 0.0000e+00
-0.375 3.875 0.0000e+00
-0.375 3.925 0.0000e+00
-0.375 3.975 0.0000e+00
-0.325 0.025 0.0000e+00
-0.325 0.075 0.0000e+00
-0.325 0.125 0.0000e+00
-0.325 0.175 0.0000e+00
-0.325 0.225 0.0000e+00
-0.325 0.275 0.0000e+00
-0.325 0.325 0.0000e+00
-0.325 0.375 0.0000e+00
-0.325 0.425 0.0000e+00
-0.325 0.475 0.0000e+00
-0.325 0.525 0.0000e+00
-0.325 0.575 0.0000e+00
-0.325 0.625 0.0000e+00
-0.325 0.675 0.0000e+00
-0.325 0.725 0.0000e+00
-0.325 0.775 0.0000e+00
-0.325 0.825 0.0000e+00
-0.325 0.875 0.0000e+00
-0.325 0.925 0.0000e+00
-0.325 0.975 0.0000e+00
-0.325 1.025 0.0000e+00
-0.325 1.075 0.0000e+00
-0.325 1.125 0.0000e+00
-0.325 1.175 0.0000e+00
-0.325 1.225 0.0000e+00
-0.325 1.275 0.0000e+00
-0.325 1.325 0.0000e+00
-0.325 1.375 0.0000e+00
-0.325 1.425 0.0000e+00
-0.325 1.475 0.0000e+00
-0.325 1.525 0.0000e+00
-0.325 1.575 0.0000e+00
-0.325 1.625 0.0000e+00
-0.325 1.675 0.0000e+00
-0.325 1.725 0.0000e+00
-0.325 1.775 0.0000e+00
-0.325 1.825 0.0000e+00
-0.325 1.875 0.0000e+00
-0.325 1.925 0.0000e+00
-0.325 1.975 0.0000e+00
-0.325 2.025 0.0000e+00
-0.325 2.075 0.0000e+00
-0.325 2.125 0.0000e+00
-0.325 2.175 0.0000e+00
-0.325 2.225 0.0000e+00
-0.325 2.275 0.0000e+00
-0.325 2.325 0.0000e+00
-0.325 2.375 0.0000e+00
-0.325 2.425 0.0000e+00
-0.325 2.475 0.0000e+00
-0.325 2.525 0.0000e+00
-0.325 2.575 0.0000e+00
-0.325 2.625 0.0000e+00
-0.325 2.675 0.0000e+00
-0.325 2.725 0.0000e+00
-0.325 2.775 0.0000e+00
-0.325 2.825 0.0000e+00
-0.325 2.875 0.0000e+00
-0.325 2.925 0.0000e+00
-0.325 2.975 0.0000e+00
-0.325 3.025 0.0000e+00
-0.325 3.075 0.0000e+00
-0.325 3.125 0.0000e+00
-0.325 3.175 0.0000e+00
-0.325 3.225 0.0000e+00
-0.325 3.275 0.0000e+00
-0.325 3.325 0.0000e+00
-0.325 3.375 0.0000e+00
-0.325 3.425 0.0000e+00
-0.325 3.475 0.0000e+00
-0.325 3.525 0.0000e+00
-0.325 3.575 0.0000e+00
-0.325 3.625 0.0000e+00
-0.325 3.675 0.0000e+00
-0.325 3.725 0.0000e+00
-0.325 3.775 0.0000e+00
-0.325 3.825 0.0000e+00
-0.325 3.875 0.0000e+00
-0.325 3.925 0.0000e+00
-0.325 3.975 0.0000e+00
-0.275 0.025 0.0000e+00
-0.275 0.075 0.0000e+00
-0.275 0.125 0.0000e+00
-0.275 0.175 0.0000e+00
-0.275 0.225 0.0000e+00
-0.275 0.275 0.0000e+00
-0.275 0.325 0.0000e+00
-0.275 0.375 0.0000e+00
-0.275 0.425 0.0000e+00
-0.275 0.475 0.0000e+00
-0.275 0.525 0.0000e+00
-0.275 0.575 0.0000e+00
-0.275 0.625 0.0000e+00
-0.275 0.675 0.0000e+00
-0.275 0.725 0.0000e+00
-0.275 0.775 0.0000e+00
-0.275 0.825 0.0000e+00
-0.275 0.875 0.0000e+00
-0.275 0.925 0.0000e+00
-0.275 0.975 0.0000e+00
-0.275 1.025 0.0000e+00
-0.275 1.075 0.0000e+00
-0.275 1.125 0.0000e+00
-0.275 1.175 0.0000e+00
-0.275 1.225 0.0000e+00
-0.275 1.275 0.0000e+00
-0.275 1.325 0.0000e+00
-0.275 1.375 0.0000e+00
-0.275 1.425 0.0000e+00
-0.275 1.475 0.0000e+00
-0.275 1.525 0.0000e+00
-0.275 1.575 0.0000e+00
-0.275 1.625 0.0000e+00
-0.275 1.675 0.0000e+00
-0.275 1.725 0.0000e+00
-0.275 1.775 0.0000e+00
-0.275 1.825 0.0000e+00
-0.275 1.875 0.0000e+00
-0.275 1.925 0.0000e+00
-0.275 1.975 0.0000e+00
-0.275 2.025 0.0000e+00
-0.275 2.075 0.0000e+00
-0.275 2.125 0.0000e+00
-0.275 2.175 0.0000e+00
-0.275 2.225 0.0000e+00
-0.275 2.275 0.0000e+00
-0.275 2.325 0.0000e+00
-0.275 2.375 0.0000e+00
-0.275 2.425 0.0000e+00
-0.275 2.475 0.0000e+00
-0.275 2.525 0.0000e+00
-0.275 2.575 0.0000e+00
-0.275 2.625 0.0000e+00
-0.275 2.675 0.0000e+00
-0.275 2.725 0.0000e+00
-0.275 2.775 0.0000e+00
-0.275 2.825 0.0000e+00
-0.275 2.875 0.0000e+00
-0.275 2.925 0.0000e+00
-0.275 2.975 0.0000e+00
-0.275 3.025 0.0000e+00
-0.275 3.075 0.0000e+00
-0.275 3.125 0.0000e+00
-0.275 3.175 0.0000e+00
-0.275 3.225 0.0000e+00
-0.275 3.275 0.0000e+00
-0.275 3.325 0.0000e+00
-0.275 3.375 0.0000e+00
-0.275 3.425 0.0000e+00
-0.275 3.475 0.0000e+00
-0.275 3.525 0.0000e+00
-0.275 3.575 0.0000e+00
-0.275 3.625 0.0000e+00
-0.275 3.675 0.0000e+00
-0.275 3.725 0.0000e+00
-0.275 3.775 0.0000e+00
-0.275 3.825 0.0000e+00
-0.275 3.875 0.0000e+00
-0.275 3.925 0.0000e+00
-0.275 3.975 0.0000e+00
-0.225 0.025 0.0000e+00
-0.225 0.075 0.0000e+00
-0.225 0.125 0.0000e+00
-0.225 0.175 0.0000e+00
-0.225 0.225 0.0000e+00
-0.225 0.275 0.0000e+00
-0.225 0.325 0.0000e+00
-0.225 0.375 0.0000e+00
-0.225 0.425 0.0000e+00
-0.225 0.475 0.0000e+00
-0.225 0.525 0.0000e+00
-0.225 0.575 0.0000e+00
-0.225 0.625 0.0000e+00
-0.225 0.675 0.0000e+00
-0.225 0.725 0.0000e+00
-0.225 0.775 0.0000e+00
-0.225 0.825 0.0000e+00
-0.225 0.875 0.0000e+00
-0.225 0.925 0.0000e+00
-0.225 0.975 0.0000e+00
-0.225 1.025 0.0000e+00
-0.225 1.075 0.0000e+00
-0.225 1.125 0.0000e+00
-0.225 1.175 0.0000e+00
-0.225 1.225 0.0000e+00
-0.225 1.275 0.0000e+00
-0.225 1.325 0.0000e+00
-0.225 1.375 0.0000e+00
-0.225 1.425 0.0000e+00
-0.225 1.475 0.0000e+00
-0.225 1.525 0.0000e+00
-0.225 1.575 0.0000e+00
-0.225 1.625 0.0000e+00
-0.225 1.675 0.0000e+00
-0.225 1.725 0.0000e+00
-0.225 1.775 0.0000e+00
-0.225 1.825 0.0000e+00
-0.225 1.875 0.0000e+00
-0.225 1.925 0.0000e+00
-0.225 1.975 0.0000e+00
-0.225 2.025 0.0000e+00
-0.225 2.075 0.0000e+00
-0.225 2.125 0.0000e+00
-0.225 2.175 0.0000e+00
-0.225 2.225 0.0000e+00
-0.225 2.275 0.0000e+00
-0.225 2.325 0.0000e+00
-0.225 2.375 0.0000e+00
-0.225 2.425 0.0000e+00
-0.225 2.475 0.0000e+00
-0.225 2.525 0.0000e+00
-0.225 2.575 0.0000e+00
-0.225 2.625 0.0000e+00
-0.225 2.675 0.0000e+00
-0.225 2.725 0.0000e+00
-0.225 2.775 0.0000e+00
-0.225 2.825 0.0000e+00
-0.225 2.875 0.0000e+00
-0.225 2.925 0.0000e+00
-0.225 2.975 0.0000e+00
-0.225 3.025 0.0000e+00
-0.225 3.075 0.0000e+00
-0.225 3.125 0.0000e+00
-0.225 3.175 0.0000e+00
-0.225 3.225 0.0000e+00
-0.225 3.275 0.0000e+00
-0.225 3.325 0.0000e+00
-0.225 3.375 0.0000e+00
-0.225 3.425 0.0000e+00
-0.225 3.475 0.0000e+00
-0.225 3.525 0.0000e+00
-0.225 3.575 0.0000e+00
-0.225 3.625 0.0000e+00
-0.225 3.675 0.0000e+00
-0.225 3.725 0.0000e+00
-0.225 3.775 0.0000e+00
-0.225 3.825 0.0000e+00
-0.225 3.875 0.0000e+00
-0.225 3.925 0.0000e+00
-0.225 3.975 0.0000e+00
-0.175 0.025 0.0000e+00
-0.175 0.075 0.0000e+00
-0.175 0.125 0.0000e+00
-0.175 0.175 0.0000e+00
-0.175 0.225 0.0000e+00
-0.175 0.275 0.0000e+00
-0.175 0.325 0.0000e+00
-0.175 0.375 0.0000e+00
-0.175 0.425 0.0000e+00
-0.175 0.475 0.0000e+00
-0.175 0.525 0.0000e+00
-0.175 0.575 0.0000e+00
-0.175 0.625 0.0000e+00
-0.175 0.675 0.0000e+00
-0.175 0.725 0.0000e+00
-0.175 0.775 0.0000e+00
-0.175 0.825 0.0000e+00
-0.175 0.875 0.0000e+00
-0.175 0.925 0.0000e+00
-0.175 0.975 0.0000e+00
-0.175 1.025 0.0000e+00
-0.175 1.075 0.0000e+00
-0.175 1.125 0.0000e+00
-0.175 1.175 0.0000e+00
-0.175 1.225 0.0000e+00
-0.175 1.275 0.0000e+00
-0.175 1.325 0.0000e+00
-0.175 1.375 0.0000e+00
-0.175 1.425 0.0000e+00
-0.175 1.475 0.0000e+00
-0.175 1.525 0.0000e+00
-0.175 1.575 0.0000e+00
-0.175 1.625 0.0000e+00
-0.175 1.675 0.0000e+00
-0.175 1.725 0.0000e+00
-0.175 1.775 0.0000e+00
-0.175 1.825 0.0000e+00
-0.175 1.875 0.0000e+00
-0.175 1.925 0.0000e+00
-0.175 1.975 0.0000e+00
-0.175 2.025 0.0000e+00
-0.175 2.075 0.0000e+00
-0.175 2.125 0.0000e+00
-0.175 2.175 0.0000e+00
-0.175 2.225 0.0000e+00
-0.175 2.275 0.0000e+00
-0.175 2.325 0.0000e+00
-0.175 2.375 0.0000e+00
-0.175 2.425 0.0000e+00
-0.175 2.475 0.0000e+00
-0.175 2.525 0.0000e+00
-0.175 2.575 0.0000e+00
-0.175 2.625 0.0000e+00
-0.175 2.675 0.0000e+00
-0.175 2.725 0.0000e+00
-0.175 2.775 0.0000e+00
-0.175 2.825 0.0000e+00
-0.175 2.875 0.0000e+00
-0.175 2.925 0.0000e+00
-0.175 2.975 0.0000e+00
-0.175 3.025 0.0000e+00
-0.175 3.075 0.0000e+00
-0.175 3.125 0.0000e+00
-0.175 3.175 0.0000e+00
-0.175 3.225 0.0000e+00
-0.175 3.275 0.0000e+00
-0.175 3.325 0.0000e+00
-0.175 3.375 0.0000e+00
-0.175 3.425 0.0000e+00
-0.175 3.475 0.0000e+00
-0.175 3.525 0.0000e+00
-0.175 3.575 0.0000e+00
-0.175 3.625 0.0000e+00
-0.175 3.675 0.0000e+00
-0.175 3.725 0.0000e+00
-0.175 3.775 0.0000e+00
-0.175 3.825 0.0000e+00
-0.175 3.875 0.0000e+00
-0.175 3.925 0.0000e+00
-0.175 3.975 0.0000e+00
-0.125 0.025 0.0000e+00
-0.125 0.075 0.0000e+00
-0.125 0.125 0.0000e+00
-0.125 0.175 0.0000e+00
-0.125 0.225 0.0000e+00
-0.125 0.275 0.0000e+00
-0.125 0.325 0.0000e+00
-0.125 0.375 0.0000e+00
-0.125 0.425 0.0000e+00
-0.125 0.475 0.0000e+00
-0.125 0.525 0.0000e+00
-0.125 0.575 0.0000e+00
-0.125 0.625 0.0000e+00
-0.125 0.675 0.0000e+00
-0.125 0.725 0.0000e+00
-0.125 0.775 0.0000e+00
-0.125 0.825 0.0000e+00
-0.125 0.875 0.0000e+00
-0.125 0.925 0.0000e+00
-0.125 0.975 0.0000e+00
-0.125 1.025 0.0000e+00
-0.125 1.075 0.0000e+00
-0.125 1.125 0.0000e+00
-0.125 1.175 0.0000e+00
-0.125 1.225 0.0000e+00
-0.125 1.275 0.0000e+00
-0.125 1.325 0.0000e+00
-0.125 1.375 0.0000e+00
-0.125 1.425 0.0000e+00
-0.125 1.475 0.0000e+00
-0.125 1.525 0.0000e+00
-0.125 1.575 0.0000e+00
-0.125 1.625 0.0000e+00
-0.125 1.675 0.0000e+00
-0.125 1.725 0.0000e+00
-0.125 1.775 0.0000e+00
-0.125 1.825 0.0000e+00
-0.125 1.875 0.0000e+00
-0.125 1.925 0.0000e+00
-0.125 1.975 0.0000e+00
-0.125 2.025 0.0000e+00
-0.125 2.075 0.0000e+00
-0.125 2.125 0.0000e+00
-0.125 2.175 0.0000e+00
-0.125 2.225 0.0000e+00
-0.125 2.275 0.0000e+00
-0.125 2.325 0.0000e+00
-0.125 2.375 0.0000e+00
-0.125 2.425 0.0000e+00
-0.125 2.475 0.0000e+00
-0.125 2.525 0.0000e+00
-0.125 2.575 0.0000e+00
-0.125 2.625 0.0000e+00
-0.125 2.675 0.0000e+00
-0.125 2.725 0.0000e+00
-0.125 2.775 0.0000e+00
-0.125 2.825 0.0000e+00
-0.125 2.875 0.0000e+00
-0.125 2.925 0.0000e+00
-0.125 2.975 0.0000e+00
-0.125 3.025 0.0000e+00
-0.125 3.075 0.0000e+00
-0.125 3.125 0.0000e+00
-0.125 3.175 0.0000e+00
-0.125 3.225 0.0000e+00
-0.125 3.275 0.0000e+00
-0.125 3.325 0.0000e+00
-0.125 3.375 0.0000e+00
-0.125 3.425 0.0000e+00
-0.125 3.475 0.0000e+00
-0.125 3.525 0.0000e+00
-0.125 3.575 0.0000e+00
-0.125 3.625 0.0000e+00
-0.125 3.675 0.0000e+00
-0.125 3.725 0.0000e+00
-0.125 3.775 0.0000e+00
-0.125 3.825 0.0000e+00
-0.125 3.875 0.0000e+00
-0.125 3.925 0.0000e+00
-0.125 3.975 0.0000e+00
-0.075 0.025 0.0000e+00
-0.075 0.075 0.0000e+00
-0.075 0.125 0.0000e+00
-0.075 0.175 0.0000e+00
-0.075 0.225 0.0000e+00
-0.075 0.275 0.0000e+00
-0.075 0.325 0.0000e+00
-0.075 0.375 0.0000e+00
-0.075 0.425 0.0000e+00
-0.075 0.475 0.0000e+00
-0.075 0.525 0.0000e+00
-0.075 0.575 0.0000e+00
-0.075 0.625 0.0000e+00
-0.075 0.675 0.0000e+00
-0.075 0.725 0.0000e+00
-0.075 0.775 0.0000e+00
-0.075 0.825 0.0000e+00
-0.075 0.875 0.0000e+00
-0.075 0.925 0.0000e+00
-0.075 0.975 0.0000e+00
-0.075 1.025 0.0000e+00
-0.075 1.075 0.0000e+00
-0.075 1.125 0.0000e+00
-0.075 1.175 0.0000e+00
-0.075 1.225 0.0000e+00
-0.075 1.275 0.0000e+00
-0.075 1.325 0.0000e+00
-0.075 1.375 0.0000e+00
-0.075 1.425 0.0000e+00
-0.075 1.475 0.0000e+00
-0.075 1.525 0.0000e+00
-0.075 1.575 0.0000e+00
-0.075 1.625 0.0000e+00
-0.075 1.675 0.0000e+00
-0.075 1.725 0.0000e+00
-0.075 1.775 0.0000e+00
-0.075 1.825 0.0000e+00
-0.075 1.875 0.0000e+00
-0.075 1.925 0.0000e+00
-0.075 1.975 0.0000e+00
-0.075 2.025 0.0000e+00
-0.075 2.075 0.0000e+00
-0.075 2.125 0.0000e+00
-0.075 2.175 0.0000e+00
-0.075 2.225 0.0000e+00
-0.075 2.275 0.0000e+00
-0.075 2.325 0.0000e+00
-0.075 2.375 0.0000e+00
-0.075 2.425 0.0000e+00
-0.075 2.475 0.0000e+00
-0.075 2.525 0.0000e+00
-0.075 2.575 0.0000e+00
-0.075 2.625 0.0000e+00
-0.075 2.675 0.0000e+00
-0.075 2.725 0.0000e+00
-0.075 2.775 0.0000e+00
-0.075 2.825 0.0000e+00
-0.075 2.875 0.0000e+00
-0.075 2.925 0.0000e+00
-0.075 2.975 0.0000e+00
-0.075 3.025 0.0000e+00
-0.075 3.075 0.0000e+00
-0.075 3.125 0.0000e+00
-0.075 3.175 0.0000e+00
-0.075 3.225 0.0000e+00
-0.075 3.275 0.0000e+00
-0.075 3.325 0.0000e+00
-0.075 3.375 0.0000e+00
-0.075 3.425 0.0000e+00
-0.075 3.475 0.0000e+00
-0.075 3.525 0.0000e+00
-0.075 3.575 0.0000e+00
-0.075 3.625 0.0000e+00
-0.075 3.675 0.0000e+00
-0.075 3.725 0.0000e+00
-0.075 3.775 0.0000e+00
-0.075 3.825 0.0000e+00
-0.075 3.875 0.0000e+00
-0.075 3.925 0.0000e+00
-0.075 3.975 0.0000e+00
-0.025 0.025 0.0000e+00
-0.025 0.075 0.0000e+00
-0.025 0.125 0.0000e+00
-0.025 0.175 0.0000e+00
-0.025 0.225 0.0000e+00
-0.025 0.275 0.0000e+00
-0.025 0.325 0.0000e+00
-0.025 0.375 0.0000e+00
-0.025 0.425 0.0000e+00
-0.025 0.475 0.0000e+00
-0.025 0.525 0.0000e+00
-0.025 0.575 0.0000e+00
-0.025 0.625 0.0000e+00
-0.025 0.675 0.0000e+00
-0.025 0.725 0.0000e+00
-0.025 0.775 0.0000e+00
-0.025 0.825 0.0000e+00
-0.025 0.875 0.0000e+00
-0.025 0.925 0.0000e+00
-0.025 0.975 0.0000e+00
-0.025 1.025 0.0000e+00
-0.025 1.075 0.0000e+00
-0.025 1.125 0.0000e+00
-0.025 1.175 0.0000e+00
-0.025 1.225 0.0000e+00
-0.025 1.275 0.0000e+00
-0.025 1.325 0.0000e+00
-0.025 1.375 0.0000e+00
-0.025 1.425 0.0000e+00
-0.025 1.475 0.0000e+00
-0.025 1.525 0.0000e+00
-0.025 1.575 0.0000e+00
-0.025 1.625 0.0000e+00
-0.025 1.675 0.0000e+00
-0.025 1.725 0.0000e+00
-0.025 1.775 0.0000e+00
-0.025 1.825 0.0000e+00
-0.025 1.875 0.0000e+00
-0.025 1.925 0.0000e+00
-0.025 1.975 0.0000e+00
-0.025 2.025 0.0000e+00
-0.025 2.075 0.0000e+00
-0.025 2.125 0.0000e+00
-0.025 2.175 0.0000e+00
-0.025 2.225 0.0000e+00
-0.025 2.275 0.0000e+00
-0.025 2.325 0.0000e+00
-0.025 2.375 0.0000e+00
-0.025 2.425 0.0000e+00
-0.025 2.475 0.0000e+00
-0.025 2.525 0.0000e+00
-0.025 2.575 0.0000e+00
-0.025 2.625 0.0000e+00
-0.025 2.675 0.0000e+00
-0.025 2.725 0.0000e+00
-0.025 2.775 0.0000e+00
-0.025 2.825 0.0000e+00
-0.025 2.875 0.0000e+00
-0.025 2.925 0.0000e+00
-0.025 2.975 0.0000e+00
-0.025 3.025 0.0000e+00
-0.025 3.075 0.0000e+00
-0.025 3.125 0.0000e+00
-0.025 3.175 0.0000e+00
-0.025 3.225 0.0000e+00
-0.025 3.275 0.0000e+00
-0.025 3.325 0.0000e+00
-0.025 3.375 0.0000e+00
-0.025 3.425 0.0000e+00
-0.025 3.475 0.0000e+00
-0.025 3.525 0.0000e+00
-0.025 3.575 0.0000e+00
-0.025 3.625 0.0000e+00
-0.025 3.675 0.0000e+00
-0.025 3.725 0.0000e+00
-0.025 3.775 0.0000e+00
-0.025 3.825 0.0000e+00
-0.025 3.875 0.0000e+00
-0.025 3.925 0.0000e+00
-0.025 3.975 0.0000e+00
