# log10(theta) log10(p/GeV) cross-section[pb/bin] 
-7.475 -1.975 0.0000e+00
-7.475 -1.925 0.0000e+00
-7.475 -1.875 0.0000e+00
-7.475 -1.825 0.0000e+00
-7.475 -1.775 0.0000e+00
-7.475 -1.725 0.0000e+00
-7.475 -1.675 0.0000e+00
-7.475 -1.625 0.0000e+00
-7.475 -1.575 0.0000e+00
-7.475 -1.525 0.0000e+00
-7.475 -1.475 0.0000e+00
-7.475 -1.425 0.0000e+00
-7.475 -1.375 0.0000e+00
-7.475 -1.325 0.0000e+00
-7.475 -1.275 0.0000e+00
-7.475 -1.225 0.0000e+00
-7.475 -1.175 0.0000e+00
-7.475 -1.125 0.0000e+00
-7.475 -1.075 0.0000e+00
-7.475 -1.025 0.0000e+00
-7.475 -0.975 0.0000e+00
-7.475 -0.925 0.0000e+00
-7.475 -0.875 0.0000e+00
-7.475 -0.825 0.0000e+00
-7.475 -0.775 0.0000e+00
-7.475 -0.725 0.0000e+00
-7.475 -0.675 0.0000e+00
-7.475 -0.625 0.0000e+00
-7.475 -0.575 0.0000e+00
-7.475 -0.525 0.0000e+00
-7.475 -0.475 0.0000e+00
-7.475 -0.425 0.0000e+00
-7.475 -0.375 0.0000e+00
-7.475 -0.325 0.0000e+00
-7.475 -0.275 0.0000e+00
-7.475 -0.225 0.0000e+00
-7.475 -0.175 0.0000e+00
-7.475 -0.125 0.0000e+00
-7.475 -0.075 0.0000e+00
-7.475 -0.025 0.0000e+00
-7.475 0.025 0.0000e+00
-7.475 0.075 0.0000e+00
-7.475 0.125 0.0000e+00
-7.475 0.175 0.0000e+00
-7.475 0.225 0.0000e+00
-7.475 0.275 0.0000e+00
-7.475 0.325 0.0000e+00
-7.475 0.375 0.0000e+00
-7.475 0.425 0.0000e+00
-7.475 0.475 0.0000e+00
-7.475 0.525 0.0000e+00
-7.475 0.575 0.0000e+00
-7.475 0.625 0.0000e+00
-7.475 0.675 0.0000e+00
-7.475 0.725 0.0000e+00
-7.475 0.775 0.0000e+00
-7.475 0.825 1.6444e-17
-7.475 0.875 3.2825e-17
-7.475 0.925 6.5529e-17
-7.475 0.975 1.3082e-16
-7.475 1.025 2.6120e-16
-7.475 1.075 5.2155e-16
-7.475 1.125 1.0415e-15
-7.475 1.175 2.0800e-15
-7.475 1.225 4.1545e-15
-7.475 1.275 8.2989e-15
-7.475 1.325 1.6580e-14
-7.475 1.375 3.3130e-14
-7.475 1.425 6.6212e-14
-7.475 1.475 1.3235e-13
-7.475 1.525 2.6462e-13
-7.475 1.575 5.2919e-13
-7.475 1.625 1.0586e-12
-7.475 1.675 2.1182e-12
-7.475 1.725 4.2398e-12
-7.475 1.775 8.4895e-12
-7.475 1.825 1.7006e-11
-7.475 1.875 3.4080e-11
-7.475 1.925 6.8332e-11
-7.475 1.975 1.3708e-10
-7.475 2.025 2.7516e-10
-7.475 2.075 5.5267e-10
-7.475 2.125 1.1108e-09
-7.475 2.175 2.2343e-09
-7.475 2.225 4.4975e-09
-7.475 2.275 9.0608e-09
-7.475 2.325 1.8270e-08
-7.475 2.375 3.6869e-08
-7.475 2.425 7.4467e-08
-7.475 2.475 1.5053e-07
-7.475 2.525 3.0449e-07
-7.475 2.575 6.1626e-07
-7.475 2.625 1.2476e-06
-7.475 2.675 2.5255e-06
-7.475 2.725 5.1093e-06
-7.475 2.775 1.0322e-05
-7.475 2.825 2.0805e-05
-7.475 2.875 4.1777e-05
-7.475 2.925 8.3440e-05
-7.475 2.975 1.6540e-04
-7.475 3.025 3.2453e-04
-7.475 3.075 6.2837e-04
-7.475 3.125 1.1966e-03
-7.475 3.175 2.2331e-03
-7.475 3.225 4.0718e-03
-7.475 3.275 7.2387e-03
-7.475 3.325 1.2544e-02
-7.475 3.375 2.1238e-02
-7.475 3.425 3.5339e-02
-7.475 3.475 5.8336e-02
-7.475 3.525 9.6699e-02
-7.475 3.575 1.6298e-01
-7.475 3.625 2.8182e-01
-7.475 3.675 5.0043e-01
-7.475 3.725 9.0364e-01
-7.475 3.775 1.6211e+00
-7.475 3.825 2.6543e+00
-7.475 3.875 0.0000e+00
-7.475 3.925 0.0000e+00
-7.475 3.975 0.0000e+00
-7.425 -1.975 0.0000e+00
-7.425 -1.925 0.0000e+00
-7.425 -1.875 0.0000e+00
-7.425 -1.825 0.0000e+00
-7.425 -1.775 0.0000e+00
-7.425 -1.725 0.0000e+00
-7.425 -1.675 0.0000e+00
-7.425 -1.625 0.0000e+00
-7.425 -1.575 0.0000e+00
-7.425 -1.525 0.0000e+00
-7.425 -1.475 0.0000e+00
-7.425 -1.425 0.0000e+00
-7.425 -1.375 0.0000e+00
-7.425 -1.325 0.0000e+00
-7.425 -1.275 0.0000e+00
-7.425 -1.225 0.0000e+00
-7.425 -1.175 0.0000e+00
-7.425 -1.125 0.0000e+00
-7.425 -1.075 0.0000e+00
-7.425 -1.025 0.0000e+00
-7.425 -0.975 0.0000e+00
-7.425 -0.925 0.0000e+00
-7.425 -0.875 0.0000e+00
-7.425 -0.825 0.0000e+00
-7.425 -0.775 0.0000e+00
-7.425 -0.725 0.0000e+00
-7.425 -0.675 0.0000e+00
-7.425 -0.625 0.0000e+00
-7.425 -0.575 0.0000e+00
-7.425 -0.525 0.0000e+00
-7.425 -0.475 0.0000e+00
-7.425 -0.425 0.0000e+00
-7.425 -0.375 0.0000e+00
-7.425 -0.325 0.0000e+00
-7.425 -0.275 0.0000e+00
-7.425 -0.225 0.0000e+00
-7.425 -0.175 0.0000e+00
-7.425 -0.125 0.0000e+00
-7.425 -0.075 0.0000e+00
-7.425 -0.025 0.0000e+00
-7.425 0.025 0.0000e+00
-7.425 0.075 0.0000e+00
-7.425 0.125 0.0000e+00
-7.425 0.175 0.0000e+00
-7.425 0.225 0.0000e+00
-7.425 0.275 0.0000e+00
-7.425 0.325 0.0000e+00
-7.425 0.375 0.0000e+00
-7.425 0.425 0.0000e+00
-7.425 0.475 0.0000e+00
-7.425 0.525 0.0000e+00
-7.425 0.575 0.0000e+00
-7.425 0.625 0.0000e+00
-7.425 0.675 0.0000e+00
-7.425 0.725 0.0000e+00
-7.425 0.775 0.0000e+00
-7.425 0.825 2.0701e-17
-7.425 0.875 4.1324e-17
-7.425 0.925 8.2496e-17
-7.425 0.975 1.6470e-16
-7.425 1.025 3.2883e-16
-7.425 1.075 6.5660e-16
-7.425 1.125 1.3112e-15
-7.425 1.175 2.6186e-15
-7.425 1.225 5.2302e-15
-7.425 1.275 1.0448e-14
-7.425 1.325 2.0873e-14
-7.425 1.375 4.1709e-14
-7.425 1.425 8.3356e-14
-7.425 1.475 1.6662e-13
-7.425 1.525 3.3314e-13
-7.425 1.575 6.6621e-13
-7.425 1.625 1.3327e-12
-7.425 1.675 2.6666e-12
-7.425 1.725 5.3376e-12
-7.425 1.775 1.0688e-11
-7.425 1.825 2.1409e-11
-7.425 1.875 4.2905e-11
-7.425 1.925 8.6025e-11
-7.425 1.975 1.7257e-10
-7.425 2.025 3.4640e-10
-7.425 2.075 6.9577e-10
-7.425 2.125 1.3984e-09
-7.425 2.175 2.8128e-09
-7.425 2.225 5.6621e-09
-7.425 2.275 1.1407e-08
-7.425 2.325 2.3000e-08
-7.425 2.375 4.6415e-08
-7.425 2.425 9.3749e-08
-7.425 2.475 1.8950e-07
-7.425 2.525 3.8333e-07
-7.425 2.575 7.7583e-07
-7.425 2.625 1.5706e-06
-7.425 2.675 3.1795e-06
-7.425 2.725 6.4322e-06
-7.425 2.775 1.2995e-05
-7.425 2.825 2.6191e-05
-7.425 2.875 5.2594e-05
-7.425 2.925 1.0504e-04
-7.425 2.975 2.0822e-04
-7.425 3.025 4.0856e-04
-7.425 3.075 7.9107e-04
-7.425 3.125 1.5064e-03
-7.425 3.175 2.8113e-03
-7.425 3.225 5.1261e-03
-7.425 3.275 9.1130e-03
-7.425 3.325 1.5791e-02
-7.425 3.375 2.6737e-02
-7.425 3.425 4.4489e-02
-7.425 3.475 7.3440e-02
-7.425 3.525 1.2174e-01
-7.425 3.575 2.0519e-01
-7.425 3.625 3.5479e-01
-7.425 3.675 6.3001e-01
-7.425 3.725 1.1376e+00
-7.425 3.775 2.0409e+00
-7.425 3.825 3.3415e+00
-7.425 3.875 0.0000e+00
-7.425 3.925 0.0000e+00
-7.425 3.975 0.0000e+00
-7.375 -1.975 0.0000e+00
-7.375 -1.925 0.0000e+00
-7.375 -1.875 0.0000e+00
-7.375 -1.825 0.0000e+00
-7.375 -1.775 0.0000e+00
-7.375 -1.725 0.0000e+00
-7.375 -1.675 0.0000e+00
-7.375 -1.625 0.0000e+00
-7.375 -1.575 0.0000e+00
-7.375 -1.525 0.0000e+00
-7.375 -1.475 0.0000e+00
-7.375 -1.425 0.0000e+00
-7.375 -1.375 0.0000e+00
-7.375 -1.325 0.0000e+00
-7.375 -1.275 0.0000e+00
-7.375 -1.225 0.0000e+00
-7.375 -1.175 0.0000e+00
-7.375 -1.125 0.0000e+00
-7.375 -1.075 0.0000e+00
-7.375 -1.025 0.0000e+00
-7.375 -0.975 0.0000e+00
-7.375 -0.925 0.0000e+00
-7.375 -0.875 0.0000e+00
-7.375 -0.825 0.0000e+00
-7.375 -0.775 0.0000e+00
-7.375 -0.725 0.0000e+00
-7.375 -0.675 0.0000e+00
-7.375 -0.625 0.0000e+00
-7.375 -0.575 0.0000e+00
-7.375 -0.525 0.0000e+00
-7.375 -0.475 0.0000e+00
-7.375 -0.425 0.0000e+00
-7.375 -0.375 0.0000e+00
-7.375 -0.325 0.0000e+00
-7.375 -0.275 0.0000e+00
-7.375 -0.225 0.0000e+00
-7.375 -0.175 0.0000e+00
-7.375 -0.125 0.0000e+00
-7.375 -0.075 0.0000e+00
-7.375 -0.025 0.0000e+00
-7.375 0.025 0.0000e+00
-7.375 0.075 0.0000e+00
-7.375 0.125 0.0000e+00
-7.375 0.175 0.0000e+00
-7.375 0.225 0.0000e+00
-7.375 0.275 0.0000e+00
-7.375 0.325 0.0000e+00
-7.375 0.375 0.0000e+00
-7.375 0.425 0.0000e+00
-7.375 0.475 0.0000e+00
-7.375 0.525 0.0000e+00
-7.375 0.575 0.0000e+00
-7.375 0.625 0.0000e+00
-7.375 0.675 0.0000e+00
-7.375 0.725 0.0000e+00
-7.375 0.775 0.0000e+00
-7.375 0.825 2.6061e-17
-7.375 0.875 5.2024e-17
-7.375 0.925 1.0386e-16
-7.375 0.975 2.0734e-16
-7.375 1.025 4.1398e-16
-7.375 1.075 8.2660e-16
-7.375 1.125 1.6507e-15
-7.375 1.175 3.2966e-15
-7.375 1.225 6.5844e-15
-7.375 1.275 1.3153e-14
-7.375 1.325 2.6278e-14
-7.375 1.375 5.2508e-14
-7.375 1.425 1.0494e-13
-7.375 1.475 2.0976e-13
-7.375 1.525 4.1939e-13
-7.375 1.575 8.3871e-13
-7.375 1.625 1.6777e-12
-7.375 1.675 3.3571e-12
-7.375 1.725 6.7196e-12
-7.375 1.775 1.3455e-11
-7.375 1.825 2.6952e-11
-7.375 1.875 5.4014e-11
-7.375 1.925 1.0830e-10
-7.375 1.975 2.1726e-10
-7.375 2.025 4.3610e-10
-7.375 2.075 8.7592e-10
-7.375 2.125 1.7605e-09
-7.375 2.175 3.5411e-09
-7.375 2.225 7.1281e-09
-7.375 2.275 1.4360e-08
-7.375 2.325 2.8955e-08
-7.375 2.375 5.8434e-08
-7.375 2.425 1.1802e-07
-7.375 2.475 2.3857e-07
-7.375 2.525 4.8258e-07
-7.375 2.575 9.7671e-07
-7.375 2.625 1.9773e-06
-7.375 2.675 4.0027e-06
-7.375 2.725 8.0977e-06
-7.375 2.775 1.6360e-05
-7.375 2.825 3.2973e-05
-7.375 2.875 6.6212e-05
-7.375 2.925 1.3224e-04
-7.375 2.975 2.6214e-04
-7.375 3.025 5.1434e-04
-7.375 3.075 9.9590e-04
-7.375 3.125 1.8964e-03
-7.375 3.175 3.5393e-03
-7.375 3.225 6.4534e-03
-7.375 3.275 1.1473e-02
-7.375 3.325 1.9880e-02
-7.375 3.375 3.3660e-02
-7.375 3.425 5.6009e-02
-7.375 3.475 9.2456e-02
-7.375 3.525 1.5326e-01
-7.375 3.575 2.5831e-01
-7.375 3.625 4.4666e-01
-7.375 3.675 7.9313e-01
-7.375 3.725 1.4322e+00
-7.375 3.775 2.5693e+00
-7.375 3.825 4.2067e+00
-7.375 3.875 0.0000e+00
-7.375 3.925 0.0000e+00
-7.375 3.975 0.0000e+00
-7.325 -1.975 0.0000e+00
-7.325 -1.925 0.0000e+00
-7.325 -1.875 0.0000e+00
-7.325 -1.825 0.0000e+00
-7.325 -1.775 0.0000e+00
-7.325 -1.725 0.0000e+00
-7.325 -1.675 0.0000e+00
-7.325 -1.625 0.0000e+00
-7.325 -1.575 0.0000e+00
-7.325 -1.525 0.0000e+00
-7.325 -1.475 0.0000e+00
-7.325 -1.425 0.0000e+00
-7.325 -1.375 0.0000e+00
-7.325 -1.325 0.0000e+00
-7.325 -1.275 0.0000e+00
-7.325 -1.225 0.0000e+00
-7.325 -1.175 0.0000e+00
-7.325 -1.125 0.0000e+00
-7.325 -1.075 0.0000e+00
-7.325 -1.025 0.0000e+00
-7.325 -0.975 0.0000e+00
-7.325 -0.925 0.0000e+00
-7.325 -0.875 0.0000e+00
-7.325 -0.825 0.0000e+00
-7.325 -0.775 0.0000e+00
-7.325 -0.725 0.0000e+00
-7.325 -0.675 0.0000e+00
-7.325 -0.625 0.0000e+00
-7.325 -0.575 0.0000e+00
-7.325 -0.525 0.0000e+00
-7.325 -0.475 0.0000e+00
-7.325 -0.425 0.0000e+00
-7.325 -0.375 0.0000e+00
-7.325 -0.325 0.0000e+00
-7.325 -0.275 0.0000e+00
-7.325 -0.225 0.0000e+00
-7.325 -0.175 0.0000e+00
-7.325 -0.125 0.0000e+00
-7.325 -0.075 0.0000e+00
-7.325 -0.025 0.0000e+00
-7.325 0.025 0.0000e+00
-7.325 0.075 0.0000e+00
-7.325 0.125 0.0000e+00
-7.325 0.175 0.0000e+00
-7.325 0.225 0.0000e+00
-7.325 0.275 0.0000e+00
-7.325 0.325 0.0000e+00
-7.325 0.375 0.0000e+00
-7.325 0.425 0.0000e+00
-7.325 0.475 0.0000e+00
-7.325 0.525 0.0000e+00
-7.325 0.575 0.0000e+00
-7.325 0.625 0.0000e+00
-7.325 0.675 0.0000e+00
-7.325 0.725 0.0000e+00
-7.325 0.775 0.0000e+00
-7.325 0.825 3.2809e-17
-7.325 0.875 6.5494e-17
-7.325 0.925 1.3075e-16
-7.325 0.975 2.6103e-16
-7.325 1.025 5.2117e-16
-7.325 1.075 1.0406e-15
-7.325 1.125 2.0781e-15
-7.325 1.175 4.1501e-15
-7.325 1.225 8.2893e-15
-7.325 1.275 1.6559e-14
-7.325 1.325 3.3082e-14
-7.325 1.375 6.6104e-14
-7.325 1.425 1.3211e-13
-7.325 1.475 2.6408e-13
-7.325 1.525 5.2798e-13
-7.325 1.575 1.0559e-12
-7.325 1.625 2.1121e-12
-7.325 1.675 4.2263e-12
-7.325 1.725 8.4595e-12
-7.325 1.775 1.6939e-11
-7.325 1.825 3.3931e-11
-7.325 1.875 6.8000e-11
-7.325 1.925 1.3634e-10
-7.325 1.975 2.7351e-10
-7.325 2.025 5.4901e-10
-7.325 2.075 1.1027e-09
-7.325 2.125 2.2164e-09
-7.325 2.175 4.4580e-09
-7.325 2.225 8.9738e-09
-7.325 2.275 1.8079e-08
-7.325 2.325 3.6453e-08
-7.325 2.375 7.3564e-08
-7.325 2.425 1.4858e-07
-7.325 2.475 3.0034e-07
-7.325 2.525 6.0754e-07
-7.325 2.575 1.2296e-06
-7.325 2.625 2.4893e-06
-7.325 2.675 5.0391e-06
-7.325 2.725 1.0194e-05
-7.325 2.775 2.0596e-05
-7.325 2.825 4.1510e-05
-7.325 2.875 8.3357e-05
-7.325 2.925 1.6648e-04
-7.325 2.975 3.3001e-04
-7.325 3.025 6.4752e-04
-7.325 3.075 1.2538e-03
-7.325 3.125 2.3875e-03
-7.325 3.175 4.4557e-03
-7.325 3.225 8.1243e-03
-7.325 3.275 1.4443e-02
-7.325 3.325 2.5028e-02
-7.325 3.375 4.2375e-02
-7.325 3.425 7.0511e-02
-7.325 3.475 1.1639e-01
-7.325 3.525 1.9294e-01
-7.325 3.575 3.2520e-01
-7.325 3.625 5.6231e-01
-7.325 3.675 9.9850e-01
-7.325 3.725 1.8030e+00
-7.325 3.775 3.2346e+00
-7.325 3.825 5.2959e+00
-7.325 3.875 0.0000e+00
-7.325 3.925 0.0000e+00
-7.325 3.975 0.0000e+00
-7.275 -1.975 0.0000e+00
-7.275 -1.925 0.0000e+00
-7.275 -1.875 0.0000e+00
-7.275 -1.825 0.0000e+00
-7.275 -1.775 0.0000e+00
-7.275 -1.725 0.0000e+00
-7.275 -1.675 0.0000e+00
-7.275 -1.625 0.0000e+00
-7.275 -1.575 0.0000e+00
-7.275 -1.525 0.0000e+00
-7.275 -1.475 0.0000e+00
-7.275 -1.425 0.0000e+00
-7.275 -1.375 0.0000e+00
-7.275 -1.325 0.0000e+00
-7.275 -1.275 0.0000e+00
-7.275 -1.225 0.0000e+00
-7.275 -1.175 0.0000e+00
-7.275 -1.125 0.0000e+00
-7.275 -1.075 0.0000e+00
-7.275 -1.025 0.0000e+00
-7.275 -0.975 0.0000e+00
-7.275 -0.925 0.0000e+00
-7.275 -0.875 0.0000e+00
-7.275 -0.825 0.0000e+00
-7.275 -0.775 0.0000e+00
-7.275 -0.725 0.0000e+00
-7.275 -0.675 0.0000e+00
-7.275 -0.625 0.0000e+00
-7.275 -0.575 0.0000e+00
-7.275 -0.525 0.0000e+00
-7.275 -0.475 0.0000e+00
-7.275 -0.425 0.0000e+00
-7.275 -0.375 0.0000e+00
-7.275 -0.325 0.0000e+00
-7.275 -0.275 0.0000e+00
-7.275 -0.225 0.0000e+00
-7.275 -0.175 0.0000e+00
-7.275 -0.125 0.0000e+00
-7.275 -0.075 0.0000e+00
-7.275 -0.025 0.0000e+00
-7.275 0.025 0.0000e+00
-7.275 0.075 0.0000e+00
-7.275 0.125 0.0000e+00
-7.275 0.175 0.0000e+00
-7.275 0.225 0.0000e+00
-7.275 0.275 0.0000e+00
-7.275 0.325 0.0000e+00
-7.275 0.375 0.0000e+00
-7.275 0.425 0.0000e+00
-7.275 0.475 0.0000e+00
-7.275 0.525 0.0000e+00
-7.275 0.575 0.0000e+00
-7.275 0.625 0.0000e+00
-7.275 0.675 0.0000e+00
-7.275 0.725 0.0000e+00
-7.275 0.775 0.0000e+00
-7.275 0.825 4.1305e-17
-7.275 0.875 8.2452e-17
-7.275 0.925 1.6460e-16
-7.275 0.975 3.2862e-16
-7.275 1.025 6.5611e-16
-7.275 1.075 1.3101e-15
-7.275 1.125 2.6161e-15
-7.275 1.175 5.2247e-15
-7.275 1.225 1.0436e-14
-7.275 1.275 2.0846e-14
-7.275 1.325 4.1648e-14
-7.275 1.375 8.3220e-14
-7.275 1.425 1.6632e-13
-7.275 1.475 3.3245e-13
-7.275 1.525 6.6469e-13
-7.275 1.575 1.3293e-12
-7.275 1.625 2.6590e-12
-7.275 1.675 5.3206e-12
-7.275 1.725 1.0650e-11
-7.275 1.775 2.1325e-11
-7.275 1.825 4.2717e-11
-7.275 1.875 8.5606e-11
-7.275 1.925 1.7164e-10
-7.275 1.975 3.4433e-10
-7.275 2.025 6.9117e-10
-7.275 2.075 1.3882e-09
-7.275 2.125 2.7902e-09
-7.275 2.175 5.6123e-09
-7.275 2.225 1.1297e-08
-7.275 2.275 2.2760e-08
-7.275 2.325 4.5891e-08
-7.275 2.375 9.2611e-08
-7.275 2.425 1.8705e-07
-7.275 2.475 3.7811e-07
-7.275 2.525 7.6484e-07
-7.275 2.575 1.5480e-06
-7.275 2.625 3.1339e-06
-7.275 2.675 6.3439e-06
-7.275 2.725 1.2834e-05
-7.275 2.775 2.5928e-05
-7.275 2.825 5.2259e-05
-7.275 2.875 1.0494e-04
-7.275 2.925 2.0959e-04
-7.275 2.975 4.1546e-04
-7.275 3.025 8.1518e-04
-7.275 3.075 1.5784e-03
-7.275 3.125 3.0057e-03
-7.275 3.175 5.6093e-03
-7.275 3.225 1.0228e-02
-7.275 3.275 1.8183e-02
-7.275 3.325 3.1508e-02
-7.275 3.375 5.3347e-02
-7.275 3.425 8.8768e-02
-7.275 3.475 1.4653e-01
-7.275 3.525 2.4290e-01
-7.275 3.575 4.0940e-01
-7.275 3.625 7.0791e-01
-7.275 3.675 1.2570e+00
-7.275 3.725 2.2698e+00
-7.275 3.775 4.0721e+00
-7.275 3.825 6.6672e+00
-7.275 3.875 0.0000e+00
-7.275 3.925 0.0000e+00
-7.275 3.975 0.0000e+00
-7.225 -1.975 0.0000e+00
-7.225 -1.925 0.0000e+00
-7.225 -1.875 0.0000e+00
-7.225 -1.825 0.0000e+00
-7.225 -1.775 0.0000e+00
-7.225 -1.725 0.0000e+00
-7.225 -1.675 0.0000e+00
-7.225 -1.625 0.0000e+00
-7.225 -1.575 0.0000e+00
-7.225 -1.525 0.0000e+00
-7.225 -1.475 0.0000e+00
-7.225 -1.425 0.0000e+00
-7.225 -1.375 0.0000e+00
-7.225 -1.325 0.0000e+00
-7.225 -1.275 0.0000e+00
-7.225 -1.225 0.0000e+00
-7.225 -1.175 0.0000e+00
-7.225 -1.125 0.0000e+00
-7.225 -1.075 0.0000e+00
-7.225 -1.025 0.0000e+00
-7.225 -0.975 0.0000e+00
-7.225 -0.925 0.0000e+00
-7.225 -0.875 0.0000e+00
-7.225 -0.825 0.0000e+00
-7.225 -0.775 0.0000e+00
-7.225 -0.725 0.0000e+00
-7.225 -0.675 0.0000e+00
-7.225 -0.625 0.0000e+00
-7.225 -0.575 0.0000e+00
-7.225 -0.525 0.0000e+00
-7.225 -0.475 0.0000e+00
-7.225 -0.425 0.0000e+00
-7.225 -0.375 0.0000e+00
-7.225 -0.325 0.0000e+00
-7.225 -0.275 0.0000e+00
-7.225 -0.225 0.0000e+00
-7.225 -0.175 0.0000e+00
-7.225 -0.125 0.0000e+00
-7.225 -0.075 0.0000e+00
-7.225 -0.025 0.0000e+00
-7.225 0.025 0.0000e+00
-7.225 0.075 0.0000e+00
-7.225 0.125 0.0000e+00
-7.225 0.175 0.0000e+00
-7.225 0.225 0.0000e+00
-7.225 0.275 0.0000e+00
-7.225 0.325 0.0000e+00
-7.225 0.375 0.0000e+00
-7.225 0.425 0.0000e+00
-7.225 0.475 0.0000e+00
-7.225 0.525 0.0000e+00
-7.225 0.575 0.0000e+00
-7.225 0.625 0.0000e+00
-7.225 0.675 0.0000e+00
-7.225 0.725 0.0000e+00
-7.225 0.775 0.0000e+00
-7.225 0.825 5.2000e-17
-7.225 0.875 1.0380e-16
-7.225 0.925 2.0722e-16
-7.225 0.975 4.1370e-16
-7.225 1.025 8.2599e-16
-7.225 1.075 1.6493e-15
-7.225 1.125 3.2935e-15
-7.225 1.175 6.5775e-15
-7.225 1.225 1.3138e-14
-7.225 1.275 2.6244e-14
-7.225 1.325 5.2431e-14
-7.225 1.375 1.0477e-13
-7.225 1.425 2.0938e-13
-7.225 1.475 4.1853e-13
-7.225 1.525 8.3680e-13
-7.225 1.575 1.6735e-12
-7.225 1.625 3.3475e-12
-7.225 1.675 6.6983e-12
-7.225 1.725 1.3407e-11
-7.225 1.775 2.6846e-11
-7.225 1.825 5.3777e-11
-7.225 1.875 1.0777e-10
-7.225 1.925 2.1609e-10
-7.225 1.975 4.3349e-10
-7.225 2.025 8.7013e-10
-7.225 2.075 1.7477e-09
-7.225 2.125 3.5127e-09
-7.225 2.175 7.0654e-09
-7.225 2.225 1.4222e-08
-7.225 2.275 2.8653e-08
-7.225 2.325 5.7773e-08
-7.225 2.375 1.1659e-07
-7.225 2.425 2.3549e-07
-7.225 2.475 4.7601e-07
-7.225 2.525 9.6288e-07
-7.225 2.575 1.9488e-06
-7.225 2.625 3.9453e-06
-7.225 2.675 7.9865e-06
-7.225 2.725 1.6157e-05
-7.225 2.775 3.2642e-05
-7.225 2.825 6.5790e-05
-7.225 2.875 1.3211e-04
-7.225 2.925 2.6386e-04
-7.225 2.975 5.2303e-04
-7.225 3.025 1.0262e-03
-7.225 3.075 1.9871e-03
-7.225 3.125 3.7839e-03
-7.225 3.175 7.0617e-03
-7.225 3.225 1.2876e-02
-7.225 3.275 2.2891e-02
-7.225 3.325 3.9666e-02
-7.225 3.375 6.7160e-02
-7.225 3.425 1.1175e-01
-7.225 3.475 1.8447e-01
-7.225 3.525 3.0579e-01
-7.225 3.575 5.1540e-01
-7.225 3.625 8.9120e-01
-7.225 3.675 1.5825e+00
-7.225 3.725 2.8576e+00
-7.225 3.775 5.1265e+00
-7.225 3.825 8.3935e+00
-7.225 3.875 0.0000e+00
-7.225 3.925 0.0000e+00
-7.225 3.975 0.0000e+00
-7.175 -1.975 0.0000e+00
-7.175 -1.925 0.0000e+00
-7.175 -1.875 0.0000e+00
-7.175 -1.825 0.0000e+00
-7.175 -1.775 0.0000e+00
-7.175 -1.725 0.0000e+00
-7.175 -1.675 0.0000e+00
-7.175 -1.625 0.0000e+00
-7.175 -1.575 0.0000e+00
-7.175 -1.525 0.0000e+00
-7.175 -1.475 0.0000e+00
-7.175 -1.425 0.0000e+00
-7.175 -1.375 0.0000e+00
-7.175 -1.325 0.0000e+00
-7.175 -1.275 0.0000e+00
-7.175 -1.225 0.0000e+00
-7.175 -1.175 0.0000e+00
-7.175 -1.125 0.0000e+00
-7.175 -1.075 0.0000e+00
-7.175 -1.025 0.0000e+00
-7.175 -0.975 0.0000e+00
-7.175 -0.925 0.0000e+00
-7.175 -0.875 0.0000e+00
-7.175 -0.825 0.0000e+00
-7.175 -0.775 0.0000e+00
-7.175 -0.725 0.0000e+00
-7.175 -0.675 0.0000e+00
-7.175 -0.625 0.0000e+00
-7.175 -0.575 0.0000e+00
-7.175 -0.525 0.0000e+00
-7.175 -0.475 0.0000e+00
-7.175 -0.425 0.0000e+00
-7.175 -0.375 0.0000e+00
-7.175 -0.325 0.0000e+00
-7.175 -0.275 0.0000e+00
-7.175 -0.225 0.0000e+00
-7.175 -0.175 0.0000e+00
-7.175 -0.125 0.0000e+00
-7.175 -0.075 0.0000e+00
-7.175 -0.025 0.0000e+00
-7.175 0.025 0.0000e+00
-7.175 0.075 0.0000e+00
-7.175 0.125 0.0000e+00
-7.175 0.175 0.0000e+00
-7.175 0.225 0.0000e+00
-7.175 0.275 0.0000e+00
-7.175 0.325 0.0000e+00
-7.175 0.375 0.0000e+00
-7.175 0.425 0.0000e+00
-7.175 0.475 0.0000e+00
-7.175 0.525 0.0000e+00
-7.175 0.575 0.0000e+00
-7.175 0.625 0.0000e+00
-7.175 0.675 0.0000e+00
-7.175 0.725 0.0000e+00
-7.175 0.775 0.0000e+00
-7.175 0.825 6.5464e-17
-7.175 0.875 1.3068e-16
-7.175 0.925 2.6087e-16
-7.175 0.975 5.2082e-16
-7.175 1.025 1.0399e-15
-7.175 1.075 2.0763e-15
-7.175 1.125 4.1463e-15
-7.175 1.175 8.2806e-15
-7.175 1.225 1.6539e-14
-7.175 1.275 3.3039e-14
-7.175 1.325 6.6007e-14
-7.175 1.375 1.3189e-13
-7.175 1.425 2.6359e-13
-7.175 1.475 5.2690e-13
-7.175 1.525 1.0535e-12
-7.175 1.575 2.1068e-12
-7.175 1.625 4.2143e-12
-7.175 1.675 8.4326e-12
-7.175 1.725 1.6879e-11
-7.175 1.775 3.3797e-11
-7.175 1.825 6.7701e-11
-7.175 1.875 1.3568e-10
-7.175 1.925 2.7204e-10
-7.175 1.975 5.4573e-10
-7.175 2.025 1.0954e-09
-7.175 2.075 2.2002e-09
-7.175 2.125 4.4222e-09
-7.175 2.175 8.8949e-09
-7.175 2.225 1.7905e-08
-7.175 2.275 3.6072e-08
-7.175 2.325 7.2732e-08
-7.175 2.375 1.4678e-07
-7.175 2.425 2.9646e-07
-7.175 2.475 5.9926e-07
-7.175 2.525 1.2122e-06
-7.175 2.575 2.4534e-06
-7.175 2.625 4.9668e-06
-7.175 2.675 1.0054e-05
-7.175 2.725 2.0340e-05
-7.175 2.775 4.1093e-05
-7.175 2.825 8.2824e-05
-7.175 2.875 1.6632e-04
-7.175 2.925 3.3218e-04
-7.175 2.975 6.5846e-04
-7.175 3.025 1.2920e-03
-7.175 3.075 2.5016e-03
-7.175 3.125 4.7636e-03
-7.175 3.175 8.8902e-03
-7.175 3.225 1.6210e-02
-7.175 3.275 2.8818e-02
-7.175 3.325 4.9937e-02
-7.175 3.375 8.4549e-02
-7.175 3.425 1.4069e-01
-7.175 3.475 2.3224e-01
-7.175 3.525 3.8496e-01
-7.175 3.575 6.4885e-01
-7.175 3.625 1.1220e+00
-7.175 3.675 1.9923e+00
-7.175 3.725 3.5974e+00
-7.175 3.775 6.4539e+00
-7.175 3.825 1.0567e+01
-7.175 3.875 0.0000e+00
-7.175 3.925 0.0000e+00
-7.175 3.975 0.0000e+00
-7.125 -1.975 0.0000e+00
-7.125 -1.925 0.0000e+00
-7.125 -1.875 0.0000e+00
-7.125 -1.825 0.0000e+00
-7.125 -1.775 0.0000e+00
-7.125 -1.725 0.0000e+00
-7.125 -1.675 0.0000e+00
-7.125 -1.625 0.0000e+00
-7.125 -1.575 0.0000e+00
-7.125 -1.525 0.0000e+00
-7.125 -1.475 0.0000e+00
-7.125 -1.425 0.0000e+00
-7.125 -1.375 0.0000e+00
-7.125 -1.325 0.0000e+00
-7.125 -1.275 0.0000e+00
-7.125 -1.225 0.0000e+00
-7.125 -1.175 0.0000e+00
-7.125 -1.125 0.0000e+00
-7.125 -1.075 0.0000e+00
-7.125 -1.025 0.0000e+00
-7.125 -0.975 0.0000e+00
-7.125 -0.925 0.0000e+00
-7.125 -0.875 0.0000e+00
-7.125 -0.825 0.0000e+00
-7.125 -0.775 0.0000e+00
-7.125 -0.725 0.0000e+00
-7.125 -0.675 0.0000e+00
-7.125 -0.625 0.0000e+00
-7.125 -0.575 0.0000e+00
-7.125 -0.525 0.0000e+00
-7.125 -0.475 0.0000e+00
-7.125 -0.425 0.0000e+00
-7.125 -0.375 0.0000e+00
-7.125 -0.325 0.0000e+00
-7.125 -0.275 0.0000e+00
-7.125 -0.225 0.0000e+00
-7.125 -0.175 0.0000e+00
-7.125 -0.125 0.0000e+00
-7.125 -0.075 0.0000e+00
-7.125 -0.025 0.0000e+00
-7.125 0.025 0.0000e+00
-7.125 0.075 0.0000e+00
-7.125 0.125 0.0000e+00
-7.125 0.175 0.0000e+00
-7.125 0.225 0.0000e+00
-7.125 0.275 0.0000e+00
-7.125 0.325 0.0000e+00
-7.125 0.375 0.0000e+00
-7.125 0.425 0.0000e+00
-7.125 0.475 0.0000e+00
-7.125 0.525 0.0000e+00
-7.125 0.575 0.0000e+00
-7.125 0.625 0.0000e+00
-7.125 0.675 0.0000e+00
-7.125 0.725 0.0000e+00
-7.125 0.775 0.0000e+00
-7.125 0.825 8.2414e-17
-7.125 0.875 1.6451e-16
-7.125 0.925 3.2842e-16
-7.125 0.975 6.5567e-16
-7.125 1.025 1.3091e-15
-7.125 1.075 2.6140e-15
-7.125 1.125 5.2199e-15
-7.125 1.175 1.0425e-14
-7.125 1.225 2.0822e-14
-7.125 1.275 4.1593e-14
-7.125 1.325 8.3098e-14
-7.125 1.375 1.6604e-13
-7.125 1.425 3.3185e-13
-7.125 1.475 6.6333e-13
-7.125 1.525 1.3262e-12
-7.125 1.575 2.6522e-12
-7.125 1.625 5.3055e-12
-7.125 1.675 1.0616e-11
-7.125 1.725 2.1249e-11
-7.125 1.775 4.2548e-11
-7.125 1.825 8.5231e-11
-7.125 1.875 1.7081e-10
-7.125 1.925 3.4247e-10
-7.125 1.975 6.8703e-10
-7.125 2.025 1.3791e-09
-7.125 2.075 2.7699e-09
-7.125 2.125 5.5673e-09
-7.125 2.175 1.1198e-08
-7.125 2.225 2.2541e-08
-7.125 2.275 4.5412e-08
-7.125 2.325 9.1565e-08
-7.125 2.375 1.8478e-07
-7.125 2.425 3.7322e-07
-7.125 2.475 7.5443e-07
-7.125 2.525 1.5261e-06
-7.125 2.575 3.0886e-06
-7.125 2.625 6.2529e-06
-7.125 2.675 1.2658e-05
-7.125 2.725 2.5607e-05
-7.125 2.775 5.1734e-05
-7.125 2.825 1.0427e-04
-7.125 2.875 2.0938e-04
-7.125 2.925 4.1819e-04
-7.125 2.975 8.2895e-04
-7.125 3.025 1.6265e-03
-7.125 3.075 3.1493e-03
-7.125 3.125 5.9971e-03
-7.125 3.175 1.1192e-02
-7.125 3.225 2.0407e-02
-7.125 3.275 3.6280e-02
-7.125 3.325 6.2867e-02
-7.125 3.375 1.0644e-01
-7.125 3.425 1.7711e-01
-7.125 3.475 2.9237e-01
-7.125 3.525 4.8464e-01
-7.125 3.575 8.1686e-01
-7.125 3.625 1.4125e+00
-7.125 3.675 2.5081e+00
-7.125 3.725 4.5289e+00
-7.125 3.775 8.1250e+00
-7.125 3.825 1.3303e+01
-7.125 3.875 0.0000e+00
-7.125 3.925 0.0000e+00
-7.125 3.975 0.0000e+00
-7.075 -1.975 0.0000e+00
-7.075 -1.925 0.0000e+00
-7.075 -1.875 0.0000e+00
-7.075 -1.825 0.0000e+00
-7.075 -1.775 0.0000e+00
-7.075 -1.725 0.0000e+00
-7.075 -1.675 0.0000e+00
-7.075 -1.625 0.0000e+00
-7.075 -1.575 0.0000e+00
-7.075 -1.525 0.0000e+00
-7.075 -1.475 0.0000e+00
-7.075 -1.425 0.0000e+00
-7.075 -1.375 0.0000e+00
-7.075 -1.325 0.0000e+00
-7.075 -1.275 0.0000e+00
-7.075 -1.225 0.0000e+00
-7.075 -1.175 0.0000e+00
-7.075 -1.125 0.0000e+00
-7.075 -1.075 0.0000e+00
-7.075 -1.025 0.0000e+00
-7.075 -0.975 0.0000e+00
-7.075 -0.925 0.0000e+00
-7.075 -0.875 0.0000e+00
-7.075 -0.825 0.0000e+00
-7.075 -0.775 0.0000e+00
-7.075 -0.725 0.0000e+00
-7.075 -0.675 0.0000e+00
-7.075 -0.625 0.0000e+00
-7.075 -0.575 0.0000e+00
-7.075 -0.525 0.0000e+00
-7.075 -0.475 0.0000e+00
-7.075 -0.425 0.0000e+00
-7.075 -0.375 0.0000e+00
-7.075 -0.325 0.0000e+00
-7.075 -0.275 0.0000e+00
-7.075 -0.225 0.0000e+00
-7.075 -0.175 0.0000e+00
-7.075 -0.125 0.0000e+00
-7.075 -0.075 0.0000e+00
-7.075 -0.025 0.0000e+00
-7.075 0.025 0.0000e+00
-7.075 0.075 0.0000e+00
-7.075 0.125 0.0000e+00
-7.075 0.175 0.0000e+00
-7.075 0.225 0.0000e+00
-7.075 0.275 0.0000e+00
-7.075 0.325 0.0000e+00
-7.075 0.375 0.0000e+00
-7.075 0.425 0.0000e+00
-7.075 0.475 0.0000e+00
-7.075 0.525 0.0000e+00
-7.075 0.575 0.0000e+00
-7.075 0.625 0.0000e+00
-7.075 0.675 0.0000e+00
-7.075 0.725 0.0000e+00
-7.075 0.775 0.0000e+00
-7.075 0.825 1.0375e-16
-7.075 0.875 2.0711e-16
-7.075 0.925 4.1346e-16
-7.075 0.975 8.2545e-16
-7.075 1.025 1.6481e-15
-7.075 1.075 3.2908e-15
-7.075 1.125 6.5714e-15
-7.075 1.175 1.3124e-14
-7.075 1.225 2.6213e-14
-7.075 1.275 5.2363e-14
-7.075 1.325 1.0461e-13
-7.075 1.375 2.0904e-13
-7.075 1.425 4.1777e-13
-7.075 1.475 8.3509e-13
-7.075 1.525 1.6696e-12
-7.075 1.575 3.3390e-12
-7.075 1.625 6.6792e-12
-7.075 1.675 1.3365e-11
-7.075 1.725 2.6751e-11
-7.075 1.775 5.3565e-11
-7.075 1.825 1.0730e-10
-7.075 1.875 2.1503e-10
-7.075 1.925 4.3115e-10
-7.075 1.975 8.6492e-10
-7.075 2.025 1.7361e-09
-7.075 2.075 3.4871e-09
-7.075 2.125 7.0088e-09
-7.075 2.175 1.4097e-08
-7.075 2.225 2.8378e-08
-7.075 2.275 5.7170e-08
-7.075 2.325 1.1527e-07
-7.075 2.375 2.3263e-07
-7.075 2.425 4.6986e-07
-7.075 2.475 9.4977e-07
-7.075 2.525 1.9212e-06
-7.075 2.575 3.8883e-06
-7.075 2.625 7.8719e-06
-7.075 2.675 1.5935e-05
-7.075 2.725 3.2237e-05
-7.075 2.775 6.5129e-05
-7.075 2.825 1.3127e-04
-7.075 2.875 2.6360e-04
-7.075 2.925 5.2647e-04
-7.075 2.975 1.0436e-03
-7.075 3.025 2.0476e-03
-7.075 3.075 3.9648e-03
-7.075 3.125 7.5499e-03
-7.075 3.175 1.4090e-02
-7.075 3.225 2.5691e-02
-7.075 3.275 4.5673e-02
-7.075 3.325 7.9144e-02
-7.075 3.375 1.3400e-01
-7.075 3.425 2.2297e-01
-7.075 3.475 3.6807e-01
-7.075 3.525 6.1013e-01
-7.075 3.575 1.0284e+00
-7.075 3.625 1.7782e+00
-7.075 3.675 3.1575e+00
-7.075 3.725 5.7016e+00
-7.075 3.775 1.0229e+01
-7.075 3.825 1.6747e+01
-7.075 3.875 0.0000e+00
-7.075 3.925 0.0000e+00
-7.075 3.975 0.0000e+00
-7.025 -1.975 0.0000e+00
-7.025 -1.925 0.0000e+00
-7.025 -1.875 0.0000e+00
-7.025 -1.825 0.0000e+00
-7.025 -1.775 0.0000e+00
-7.025 -1.725 0.0000e+00
-7.025 -1.675 0.0000e+00
-7.025 -1.625 0.0000e+00
-7.025 -1.575 0.0000e+00
-7.025 -1.525 0.0000e+00
-7.025 -1.475 0.0000e+00
-7.025 -1.425 0.0000e+00
-7.025 -1.375 0.0000e+00
-7.025 -1.325 0.0000e+00
-7.025 -1.275 0.0000e+00
-7.025 -1.225 0.0000e+00
-7.025 -1.175 0.0000e+00
-7.025 -1.125 0.0000e+00
-7.025 -1.075 0.0000e+00
-7.025 -1.025 0.0000e+00
-7.025 -0.975 0.0000e+00
-7.025 -0.925 0.0000e+00
-7.025 -0.875 0.0000e+00
-7.025 -0.825 0.0000e+00
-7.025 -0.775 0.0000e+00
-7.025 -0.725 0.0000e+00
-7.025 -0.675 0.0000e+00
-7.025 -0.625 0.0000e+00
-7.025 -0.575 0.0000e+00
-7.025 -0.525 0.0000e+00
-7.025 -0.475 0.0000e+00
-7.025 -0.425 0.0000e+00
-7.025 -0.375 0.0000e+00
-7.025 -0.325 0.0000e+00
-7.025 -0.275 0.0000e+00
-7.025 -0.225 0.0000e+00
-7.025 -0.175 0.0000e+00
-7.025 -0.125 0.0000e+00
-7.025 -0.075 0.0000e+00
-7.025 -0.025 0.0000e+00
-7.025 0.025 0.0000e+00
-7.025 0.075 0.0000e+00
-7.025 0.125 0.0000e+00
-7.025 0.175 0.0000e+00
-7.025 0.225 0.0000e+00
-7.025 0.275 0.0000e+00
-7.025 0.325 0.0000e+00
-7.025 0.375 0.0000e+00
-7.025 0.425 0.0000e+00
-7.025 0.475 0.0000e+00
-7.025 0.525 0.0000e+00
-7.025 0.575 0.0000e+00
-7.025 0.625 0.0000e+00
-7.025 0.675 0.0000e+00
-7.025 0.725 0.0000e+00
-7.025 0.775 0.0000e+00
-7.025 0.825 1.3062e-16
-7.025 0.875 2.6074e-16
-7.025 0.925 5.2051e-16
-7.025 0.975 1.0392e-15
-7.025 1.025 2.0748e-15
-7.025 1.075 4.1428e-15
-7.025 1.125 8.2729e-15
-7.025 1.175 1.6522e-14
-7.025 1.225 3.3000e-14
-7.025 1.275 6.5921e-14
-7.025 1.325 1.3170e-13
-7.025 1.375 2.6316e-13
-7.025 1.425 5.2594e-13
-7.025 1.475 1.0513e-12
-7.025 1.525 2.1019e-12
-7.025 1.575 4.2035e-12
-7.025 1.625 8.4086e-12
-7.025 1.675 1.6825e-11
-7.025 1.725 3.3678e-11
-7.025 1.775 6.7435e-11
-7.025 1.825 1.3508e-10
-7.025 1.875 2.7071e-10
-7.025 1.925 5.4278e-10
-7.025 1.975 1.0889e-09
-7.025 2.025 2.1857e-09
-7.025 2.075 4.3900e-09
-7.025 2.125 8.8235e-09
-7.025 2.175 1.7748e-08
-7.025 2.225 3.5725e-08
-7.025 2.275 7.1973e-08
-7.025 2.325 1.4512e-07
-7.025 2.375 2.9286e-07
-7.025 2.425 5.9151e-07
-7.025 2.475 1.1957e-06
-7.025 2.525 2.4186e-06
-7.025 2.575 4.8951e-06
-7.025 2.625 9.9101e-06
-7.025 2.675 2.0061e-05
-7.025 2.725 4.0585e-05
-7.025 2.775 8.1992e-05
-7.025 2.825 1.6526e-04
-7.025 2.875 3.3185e-04
-7.025 2.925 6.6279e-04
-7.025 2.975 1.3138e-03
-7.025 3.025 2.5778e-03
-7.025 3.075 4.9913e-03
-7.025 3.125 9.5047e-03
-7.025 3.175 1.7738e-02
-7.025 3.225 3.2344e-02
-7.025 3.275 5.7499e-02
-7.025 3.325 9.9637e-02
-7.025 3.375 1.6870e-01
-7.025 3.425 2.8071e-01
-7.025 3.475 4.6338e-01
-7.025 3.525 7.6811e-01
-7.025 3.575 1.2946e+00
-7.025 3.625 2.2386e+00
-7.025 3.675 3.9751e+00
-7.025 3.725 7.1778e+00
-7.025 3.775 1.2877e+01
-7.025 3.825 2.1083e+01
-7.025 3.875 0.0000e+00
-7.025 3.925 0.0000e+00
-7.025 3.975 0.0000e+00
-6.975 -1.975 0.0000e+00
-6.975 -1.925 0.0000e+00
-6.975 -1.875 0.0000e+00
-6.975 -1.825 0.0000e+00
-6.975 -1.775 0.0000e+00
-6.975 -1.725 0.0000e+00
-6.975 -1.675 0.0000e+00
-6.975 -1.625 0.0000e+00
-6.975 -1.575 0.0000e+00
-6.975 -1.525 0.0000e+00
-6.975 -1.475 0.0000e+00
-6.975 -1.425 0.0000e+00
-6.975 -1.375 0.0000e+00
-6.975 -1.325 0.0000e+00
-6.975 -1.275 0.0000e+00
-6.975 -1.225 0.0000e+00
-6.975 -1.175 0.0000e+00
-6.975 -1.125 0.0000e+00
-6.975 -1.075 0.0000e+00
-6.975 -1.025 0.0000e+00
-6.975 -0.975 0.0000e+00
-6.975 -0.925 0.0000e+00
-6.975 -0.875 0.0000e+00
-6.975 -0.825 0.0000e+00
-6.975 -0.775 0.0000e+00
-6.975 -0.725 0.0000e+00
-6.975 -0.675 0.0000e+00
-6.975 -0.625 0.0000e+00
-6.975 -0.575 0.0000e+00
-6.975 -0.525 0.0000e+00
-6.975 -0.475 0.0000e+00
-6.975 -0.425 0.0000e+00
-6.975 -0.375 0.0000e+00
-6.975 -0.325 0.0000e+00
-6.975 -0.275 0.0000e+00
-6.975 -0.225 0.0000e+00
-6.975 -0.175 0.0000e+00
-6.975 -0.125 0.0000e+00
-6.975 -0.075 0.0000e+00
-6.975 -0.025 0.0000e+00
-6.975 0.025 0.0000e+00
-6.975 0.075 0.0000e+00
-6.975 0.125 0.0000e+00
-6.975 0.175 0.0000e+00
-6.975 0.225 0.0000e+00
-6.975 0.275 0.0000e+00
-6.975 0.325 0.0000e+00
-6.975 0.375 0.0000e+00
-6.975 0.425 0.0000e+00
-6.975 0.475 0.0000e+00
-6.975 0.525 0.0000e+00
-6.975 0.575 0.0000e+00
-6.975 0.625 0.0000e+00
-6.975 0.675 0.0000e+00
-6.975 0.725 0.0000e+00
-6.975 0.775 0.0000e+00
-6.975 0.825 1.6444e-16
-6.975 0.875 3.2825e-16
-6.975 0.925 6.5529e-16
-6.975 0.975 1.3082e-15
-6.975 1.025 2.6120e-15
-6.975 1.075 5.2155e-15
-6.975 1.125 1.0415e-14
-6.975 1.175 2.0800e-14
-6.975 1.225 4.1545e-14
-6.975 1.275 8.2989e-14
-6.975 1.325 1.6580e-13
-6.975 1.375 3.3130e-13
-6.975 1.425 6.6212e-13
-6.975 1.475 1.3235e-12
-6.975 1.525 2.6462e-12
-6.975 1.575 5.2919e-12
-6.975 1.625 1.0586e-11
-6.975 1.675 2.1182e-11
-6.975 1.725 4.2398e-11
-6.975 1.775 8.4895e-11
-6.975 1.825 1.7006e-10
-6.975 1.875 3.4080e-10
-6.975 1.925 6.8332e-10
-6.975 1.975 1.3708e-09
-6.975 2.025 2.7516e-09
-6.975 2.075 5.5267e-09
-6.975 2.125 1.1108e-08
-6.975 2.175 2.2343e-08
-6.975 2.225 4.4975e-08
-6.975 2.275 9.0608e-08
-6.975 2.325 1.8270e-07
-6.975 2.375 3.6869e-07
-6.975 2.425 7.4467e-07
-6.975 2.475 1.5053e-06
-6.975 2.525 3.0449e-06
-6.975 2.575 6.1626e-06
-6.975 2.625 1.2476e-05
-6.975 2.675 2.5255e-05
-6.975 2.725 5.1093e-05
-6.975 2.775 1.0322e-04
-6.975 2.825 2.0805e-04
-6.975 2.875 4.1777e-04
-6.975 2.925 8.3440e-04
-6.975 2.975 1.6540e-03
-6.975 3.025 3.2453e-03
-6.975 3.075 6.2837e-03
-6.975 3.125 1.1966e-02
-6.975 3.175 2.2331e-02
-6.975 3.225 4.0718e-02
-6.975 3.275 7.2387e-02
-6.975 3.325 1.2544e-01
-6.975 3.375 2.1238e-01
-6.975 3.425 3.5339e-01
-6.975 3.475 5.8336e-01
-6.975 3.525 9.6699e-01
-6.975 3.575 1.6298e+00
-6.975 3.625 2.8182e+00
-6.975 3.675 5.0043e+00
-6.975 3.725 9.0364e+00
-6.975 3.775 1.6211e+01
-6.975 3.825 2.6543e+01
-6.975 3.875 0.0000e+00
-6.975 3.925 0.0000e+00
-6.975 3.975 0.0000e+00
-6.925 -1.975 0.0000e+00
-6.925 -1.925 0.0000e+00
-6.925 -1.875 0.0000e+00
-6.925 -1.825 0.0000e+00
-6.925 -1.775 0.0000e+00
-6.925 -1.725 0.0000e+00
-6.925 -1.675 0.0000e+00
-6.925 -1.625 0.0000e+00
-6.925 -1.575 0.0000e+00
-6.925 -1.525 0.0000e+00
-6.925 -1.475 0.0000e+00
-6.925 -1.425 0.0000e+00
-6.925 -1.375 0.0000e+00
-6.925 -1.325 0.0000e+00
-6.925 -1.275 0.0000e+00
-6.925 -1.225 0.0000e+00
-6.925 -1.175 0.0000e+00
-6.925 -1.125 0.0000e+00
-6.925 -1.075 0.0000e+00
-6.925 -1.025 0.0000e+00
-6.925 -0.975 0.0000e+00
-6.925 -0.925 0.0000e+00
-6.925 -0.875 0.0000e+00
-6.925 -0.825 0.0000e+00
-6.925 -0.775 0.0000e+00
-6.925 -0.725 0.0000e+00
-6.925 -0.675 0.0000e+00
-6.925 -0.625 0.0000e+00
-6.925 -0.575 0.0000e+00
-6.925 -0.525 0.0000e+00
-6.925 -0.475 0.0000e+00
-6.925 -0.425 0.0000e+00
-6.925 -0.375 0.0000e+00
-6.925 -0.325 0.0000e+00
-6.925 -0.275 0.0000e+00
-6.925 -0.225 0.0000e+00
-6.925 -0.175 0.0000e+00
-6.925 -0.125 0.0000e+00
-6.925 -0.075 0.0000e+00
-6.925 -0.025 0.0000e+00
-6.925 0.025 0.0000e+00
-6.925 0.075 0.0000e+00
-6.925 0.125 0.0000e+00
-6.925 0.175 0.0000e+00
-6.925 0.225 0.0000e+00
-6.925 0.275 0.0000e+00
-6.925 0.325 0.0000e+00
-6.925 0.375 0.0000e+00
-6.925 0.425 0.0000e+00
-6.925 0.475 0.0000e+00
-6.925 0.525 0.0000e+00
-6.925 0.575 0.0000e+00
-6.925 0.625 0.0000e+00
-6.925 0.675 0.0000e+00
-6.925 0.725 0.0000e+00
-6.925 0.775 0.0000e+00
-6.925 0.825 2.0701e-16
-6.925 0.875 4.1324e-16
-6.925 0.925 8.2496e-16
-6.925 0.975 1.6470e-15
-6.925 1.025 3.2883e-15
-6.925 1.075 6.5660e-15
-6.925 1.125 1.3112e-14
-6.925 1.175 2.6186e-14
-6.925 1.225 5.2302e-14
-6.925 1.275 1.0448e-13
-6.925 1.325 2.0873e-13
-6.925 1.375 4.1709e-13
-6.925 1.425 8.3356e-13
-6.925 1.475 1.6662e-12
-6.925 1.525 3.3314e-12
-6.925 1.575 6.6621e-12
-6.925 1.625 1.3327e-11
-6.925 1.675 2.6666e-11
-6.925 1.725 5.3376e-11
-6.925 1.775 1.0688e-10
-6.925 1.825 2.1409e-10
-6.925 1.875 4.2905e-10
-6.925 1.925 8.6025e-10
-6.925 1.975 1.7257e-09
-6.925 2.025 3.4640e-09
-6.925 2.075 6.9577e-09
-6.925 2.125 1.3984e-08
-6.925 2.175 2.8128e-08
-6.925 2.225 5.6621e-08
-6.925 2.275 1.1407e-07
-6.925 2.325 2.3000e-07
-6.925 2.375 4.6415e-07
-6.925 2.425 9.3749e-07
-6.925 2.475 1.8950e-06
-6.925 2.525 3.8333e-06
-6.925 2.575 7.7583e-06
-6.925 2.625 1.5706e-05
-6.925 2.675 3.1795e-05
-6.925 2.725 6.4322e-05
-6.925 2.775 1.2995e-04
-6.925 2.825 2.6191e-04
-6.925 2.875 5.2594e-04
-6.925 2.925 1.0504e-03
-6.925 2.975 2.0822e-03
-6.925 3.025 4.0856e-03
-6.925 3.075 7.9107e-03
-6.925 3.125 1.5064e-02
-6.925 3.175 2.8113e-02
-6.925 3.225 5.1261e-02
-6.925 3.275 9.1130e-02
-6.925 3.325 1.5791e-01
-6.925 3.375 2.6737e-01
-6.925 3.425 4.4489e-01
-6.925 3.475 7.3440e-01
-6.925 3.525 1.2174e+00
-6.925 3.575 2.0519e+00
-6.925 3.625 3.5479e+00
-6.925 3.675 6.3001e+00
-6.925 3.725 1.1376e+01
-6.925 3.775 2.0409e+01
-6.925 3.825 3.3415e+01
-6.925 3.875 0.0000e+00
-6.925 3.925 0.0000e+00
-6.925 3.975 0.0000e+00
-6.875 -1.975 0.0000e+00
-6.875 -1.925 0.0000e+00
-6.875 -1.875 0.0000e+00
-6.875 -1.825 0.0000e+00
-6.875 -1.775 0.0000e+00
-6.875 -1.725 0.0000e+00
-6.875 -1.675 0.0000e+00
-6.875 -1.625 0.0000e+00
-6.875 -1.575 0.0000e+00
-6.875 -1.525 0.0000e+00
-6.875 -1.475 0.0000e+00
-6.875 -1.425 0.0000e+00
-6.875 -1.375 0.0000e+00
-6.875 -1.325 0.0000e+00
-6.875 -1.275 0.0000e+00
-6.875 -1.225 0.0000e+00
-6.875 -1.175 0.0000e+00
-6.875 -1.125 0.0000e+00
-6.875 -1.075 0.0000e+00
-6.875 -1.025 0.0000e+00
-6.875 -0.975 0.0000e+00
-6.875 -0.925 0.0000e+00
-6.875 -0.875 0.0000e+00
-6.875 -0.825 0.0000e+00
-6.875 -0.775 0.0000e+00
-6.875 -0.725 0.0000e+00
-6.875 -0.675 0.0000e+00
-6.875 -0.625 0.0000e+00
-6.875 -0.575 0.0000e+00
-6.875 -0.525 0.0000e+00
-6.875 -0.475 0.0000e+00
-6.875 -0.425 0.0000e+00
-6.875 -0.375 0.0000e+00
-6.875 -0.325 0.0000e+00
-6.875 -0.275 0.0000e+00
-6.875 -0.225 0.0000e+00
-6.875 -0.175 0.0000e+00
-6.875 -0.125 0.0000e+00
-6.875 -0.075 0.0000e+00
-6.875 -0.025 0.0000e+00
-6.875 0.025 0.0000e+00
-6.875 0.075 0.0000e+00
-6.875 0.125 0.0000e+00
-6.875 0.175 0.0000e+00
-6.875 0.225 0.0000e+00
-6.875 0.275 0.0000e+00
-6.875 0.325 0.0000e+00
-6.875 0.375 0.0000e+00
-6.875 0.425 0.0000e+00
-6.875 0.475 0.0000e+00
-6.875 0.525 0.0000e+00
-6.875 0.575 0.0000e+00
-6.875 0.625 0.0000e+00
-6.875 0.675 0.0000e+00
-6.875 0.725 0.0000e+00
-6.875 0.775 0.0000e+00
-6.875 0.825 2.6061e-16
-6.875 0.875 5.2024e-16
-6.875 0.925 1.0386e-15
-6.875 0.975 2.0734e-15
-6.875 1.025 4.1398e-15
-6.875 1.075 8.2660e-15
-6.875 1.125 1.6507e-14
-6.875 1.175 3.2966e-14
-6.875 1.225 6.5844e-14
-6.875 1.275 1.3153e-13
-6.875 1.325 2.6278e-13
-6.875 1.375 5.2508e-13
-6.875 1.425 1.0494e-12
-6.875 1.475 2.0976e-12
-6.875 1.525 4.1939e-12
-6.875 1.575 8.3871e-12
-6.875 1.625 1.6777e-11
-6.875 1.675 3.3571e-11
-6.875 1.725 6.7196e-11
-6.875 1.775 1.3455e-10
-6.875 1.825 2.6952e-10
-6.875 1.875 5.4014e-10
-6.875 1.925 1.0830e-09
-6.875 1.975 2.1726e-09
-6.875 2.025 4.3610e-09
-6.875 2.075 8.7592e-09
-6.875 2.125 1.7605e-08
-6.875 2.175 3.5411e-08
-6.875 2.225 7.1281e-08
-6.875 2.275 1.4360e-07
-6.875 2.325 2.8955e-07
-6.875 2.375 5.8434e-07
-6.875 2.425 1.1802e-06
-6.875 2.475 2.3857e-06
-6.875 2.525 4.8258e-06
-6.875 2.575 9.7671e-06
-6.875 2.625 1.9773e-05
-6.875 2.675 4.0027e-05
-6.875 2.725 8.0977e-05
-6.875 2.775 1.6360e-04
-6.875 2.825 3.2973e-04
-6.875 2.875 6.6212e-04
-6.875 2.925 1.3224e-03
-6.875 2.975 2.6214e-03
-6.875 3.025 5.1434e-03
-6.875 3.075 9.9590e-03
-6.875 3.125 1.8964e-02
-6.875 3.175 3.5393e-02
-6.875 3.225 6.4534e-02
-6.875 3.275 1.1473e-01
-6.875 3.325 1.9880e-01
-6.875 3.375 3.3660e-01
-6.875 3.425 5.6009e-01
-6.875 3.475 9.2456e-01
-6.875 3.525 1.5326e+00
-6.875 3.575 2.5831e+00
-6.875 3.625 4.4666e+00
-6.875 3.675 7.9313e+00
-6.875 3.725 1.4322e+01
-6.875 3.775 2.5693e+01
-6.875 3.825 4.2067e+01
-6.875 3.875 0.0000e+00
-6.875 3.925 0.0000e+00
-6.875 3.975 0.0000e+00
-6.825 -1.975 0.0000e+00
-6.825 -1.925 0.0000e+00
-6.825 -1.875 0.0000e+00
-6.825 -1.825 0.0000e+00
-6.825 -1.775 0.0000e+00
-6.825 -1.725 0.0000e+00
-6.825 -1.675 0.0000e+00
-6.825 -1.625 0.0000e+00
-6.825 -1.575 0.0000e+00
-6.825 -1.525 0.0000e+00
-6.825 -1.475 0.0000e+00
-6.825 -1.425 0.0000e+00
-6.825 -1.375 0.0000e+00
-6.825 -1.325 0.0000e+00
-6.825 -1.275 0.0000e+00
-6.825 -1.225 0.0000e+00
-6.825 -1.175 0.0000e+00
-6.825 -1.125 0.0000e+00
-6.825 -1.075 0.0000e+00
-6.825 -1.025 0.0000e+00
-6.825 -0.975 0.0000e+00
-6.825 -0.925 0.0000e+00
-6.825 -0.875 0.0000e+00
-6.825 -0.825 0.0000e+00
-6.825 -0.775 0.0000e+00
-6.825 -0.725 0.0000e+00
-6.825 -0.675 0.0000e+00
-6.825 -0.625 0.0000e+00
-6.825 -0.575 0.0000e+00
-6.825 -0.525 0.0000e+00
-6.825 -0.475 0.0000e+00
-6.825 -0.425 0.0000e+00
-6.825 -0.375 0.0000e+00
-6.825 -0.325 0.0000e+00
-6.825 -0.275 0.0000e+00
-6.825 -0.225 0.0000e+00
-6.825 -0.175 0.0000e+00
-6.825 -0.125 0.0000e+00
-6.825 -0.075 0.0000e+00
-6.825 -0.025 0.0000e+00
-6.825 0.025 0.0000e+00
-6.825 0.075 0.0000e+00
-6.825 0.125 0.0000e+00
-6.825 0.175 0.0000e+00
-6.825 0.225 0.0000e+00
-6.825 0.275 0.0000e+00
-6.825 0.325 0.0000e+00
-6.825 0.375 0.0000e+00
-6.825 0.425 0.0000e+00
-6.825 0.475 0.0000e+00
-6.825 0.525 0.0000e+00
-6.825 0.575 0.0000e+00
-6.825 0.625 0.0000e+00
-6.825 0.675 0.0000e+00
-6.825 0.725 0.0000e+00
-6.825 0.775 0.0000e+00
-6.825 0.825 3.2809e-16
-6.825 0.875 6.5494e-16
-6.825 0.925 1.3075e-15
-6.825 0.975 2.6103e-15
-6.825 1.025 5.2117e-15
-6.825 1.075 1.0406e-14
-6.825 1.125 2.0781e-14
-6.825 1.175 4.1501e-14
-6.825 1.225 8.2893e-14
-6.825 1.275 1.6559e-13
-6.825 1.325 3.3082e-13
-6.825 1.375 6.6104e-13
-6.825 1.425 1.3211e-12
-6.825 1.475 2.6408e-12
-6.825 1.525 5.2798e-12
-6.825 1.575 1.0559e-11
-6.825 1.625 2.1121e-11
-6.825 1.675 4.2263e-11
-6.825 1.725 8.4595e-11
-6.825 1.775 1.6939e-10
-6.825 1.825 3.3931e-10
-6.825 1.875 6.8000e-10
-6.825 1.925 1.3634e-09
-6.825 1.975 2.7351e-09
-6.825 2.025 5.4901e-09
-6.825 2.075 1.1027e-08
-6.825 2.125 2.2164e-08
-6.825 2.175 4.4580e-08
-6.825 2.225 8.9738e-08
-6.825 2.275 1.8079e-07
-6.825 2.325 3.6453e-07
-6.825 2.375 7.3564e-07
-6.825 2.425 1.4858e-06
-6.825 2.475 3.0034e-06
-6.825 2.525 6.0754e-06
-6.825 2.575 1.2296e-05
-6.825 2.625 2.4893e-05
-6.825 2.675 5.0391e-05
-6.825 2.725 1.0194e-04
-6.825 2.775 2.0596e-04
-6.825 2.825 4.1510e-04
-6.825 2.875 8.3357e-04
-6.825 2.925 1.6648e-03
-6.825 2.975 3.3001e-03
-6.825 3.025 6.4752e-03
-6.825 3.075 1.2538e-02
-6.825 3.125 2.3875e-02
-6.825 3.175 4.4557e-02
-6.825 3.225 8.1243e-02
-6.825 3.275 1.4443e-01
-6.825 3.325 2.5028e-01
-6.825 3.375 4.2375e-01
-6.825 3.425 7.0511e-01
-6.825 3.475 1.1639e+00
-6.825 3.525 1.9294e+00
-6.825 3.575 3.2520e+00
-6.825 3.625 5.6231e+00
-6.825 3.675 9.9850e+00
-6.825 3.725 1.8030e+01
-6.825 3.775 3.2346e+01
-6.825 3.825 5.2959e+01
-6.825 3.875 0.0000e+00
-6.825 3.925 0.0000e+00
-6.825 3.975 0.0000e+00
-6.775 -1.975 0.0000e+00
-6.775 -1.925 0.0000e+00
-6.775 -1.875 0.0000e+00
-6.775 -1.825 0.0000e+00
-6.775 -1.775 0.0000e+00
-6.775 -1.725 0.0000e+00
-6.775 -1.675 0.0000e+00
-6.775 -1.625 0.0000e+00
-6.775 -1.575 0.0000e+00
-6.775 -1.525 0.0000e+00
-6.775 -1.475 0.0000e+00
-6.775 -1.425 0.0000e+00
-6.775 -1.375 0.0000e+00
-6.775 -1.325 0.0000e+00
-6.775 -1.275 0.0000e+00
-6.775 -1.225 0.0000e+00
-6.775 -1.175 0.0000e+00
-6.775 -1.125 0.0000e+00
-6.775 -1.075 0.0000e+00
-6.775 -1.025 0.0000e+00
-6.775 -0.975 0.0000e+00
-6.775 -0.925 0.0000e+00
-6.775 -0.875 0.0000e+00
-6.775 -0.825 0.0000e+00
-6.775 -0.775 0.0000e+00
-6.775 -0.725 0.0000e+00
-6.775 -0.675 0.0000e+00
-6.775 -0.625 0.0000e+00
-6.775 -0.575 0.0000e+00
-6.775 -0.525 0.0000e+00
-6.775 -0.475 0.0000e+00
-6.775 -0.425 0.0000e+00
-6.775 -0.375 0.0000e+00
-6.775 -0.325 0.0000e+00
-6.775 -0.275 0.0000e+00
-6.775 -0.225 0.0000e+00
-6.775 -0.175 0.0000e+00
-6.775 -0.125 0.0000e+00
-6.775 -0.075 0.0000e+00
-6.775 -0.025 0.0000e+00
-6.775 0.025 0.0000e+00
-6.775 0.075 0.0000e+00
-6.775 0.125 0.0000e+00
-6.775 0.175 0.0000e+00
-6.775 0.225 0.0000e+00
-6.775 0.275 0.0000e+00
-6.775 0.325 0.0000e+00
-6.775 0.375 0.0000e+00
-6.775 0.425 0.0000e+00
-6.775 0.475 0.0000e+00
-6.775 0.525 0.0000e+00
-6.775 0.575 0.0000e+00
-6.775 0.625 0.0000e+00
-6.775 0.675 0.0000e+00
-6.775 0.725 0.0000e+00
-6.775 0.775 0.0000e+00
-6.775 0.825 4.1305e-16
-6.775 0.875 8.2452e-16
-6.775 0.925 1.6460e-15
-6.775 0.975 3.2862e-15
-6.775 1.025 6.5611e-15
-6.775 1.075 1.3101e-14
-6.775 1.125 2.6161e-14
-6.775 1.175 5.2247e-14
-6.775 1.225 1.0436e-13
-6.775 1.275 2.0846e-13
-6.775 1.325 4.1648e-13
-6.775 1.375 8.3220e-13
-6.775 1.425 1.6632e-12
-6.775 1.475 3.3245e-12
-6.775 1.525 6.6469e-12
-6.775 1.575 1.3293e-11
-6.775 1.625 2.6590e-11
-6.775 1.675 5.3206e-11
-6.775 1.725 1.0650e-10
-6.775 1.775 2.1325e-10
-6.775 1.825 4.2717e-10
-6.775 1.875 8.5606e-10
-6.775 1.925 1.7164e-09
-6.775 1.975 3.4433e-09
-6.775 2.025 6.9117e-09
-6.775 2.075 1.3882e-08
-6.775 2.125 2.7902e-08
-6.775 2.175 5.6123e-08
-6.775 2.225 1.1297e-07
-6.775 2.275 2.2760e-07
-6.775 2.325 4.5891e-07
-6.775 2.375 9.2611e-07
-6.775 2.425 1.8705e-06
-6.775 2.475 3.7811e-06
-6.775 2.525 7.6484e-06
-6.775 2.575 1.5480e-05
-6.775 2.625 3.1339e-05
-6.775 2.675 6.3439e-05
-6.775 2.725 1.2834e-04
-6.775 2.775 2.5928e-04
-6.775 2.825 5.2259e-04
-6.775 2.875 1.0494e-03
-6.775 2.925 2.0959e-03
-6.775 2.975 4.1546e-03
-6.775 3.025 8.1518e-03
-6.775 3.075 1.5784e-02
-6.775 3.125 3.0057e-02
-6.775 3.175 5.6093e-02
-6.775 3.225 1.0228e-01
-6.775 3.275 1.8183e-01
-6.775 3.325 3.1508e-01
-6.775 3.375 5.3347e-01
-6.775 3.425 8.8768e-01
-6.775 3.475 1.4653e+00
-6.775 3.525 2.4290e+00
-6.775 3.575 4.0940e+00
-6.775 3.625 7.0791e+00
-6.775 3.675 1.2570e+01
-6.775 3.725 2.2698e+01
-6.775 3.775 4.0721e+01
-6.775 3.825 6.6672e+01
-6.775 3.875 0.0000e+00
-6.775 3.925 0.0000e+00
-6.775 3.975 0.0000e+00
-6.725 -1.975 0.0000e+00
-6.725 -1.925 0.0000e+00
-6.725 -1.875 0.0000e+00
-6.725 -1.825 0.0000e+00
-6.725 -1.775 0.0000e+00
-6.725 -1.725 0.0000e+00
-6.725 -1.675 0.0000e+00
-6.725 -1.625 0.0000e+00
-6.725 -1.575 0.0000e+00
-6.725 -1.525 0.0000e+00
-6.725 -1.475 0.0000e+00
-6.725 -1.425 0.0000e+00
-6.725 -1.375 0.0000e+00
-6.725 -1.325 0.0000e+00
-6.725 -1.275 0.0000e+00
-6.725 -1.225 0.0000e+00
-6.725 -1.175 0.0000e+00
-6.725 -1.125 0.0000e+00
-6.725 -1.075 0.0000e+00
-6.725 -1.025 0.0000e+00
-6.725 -0.975 0.0000e+00
-6.725 -0.925 0.0000e+00
-6.725 -0.875 0.0000e+00
-6.725 -0.825 0.0000e+00
-6.725 -0.775 0.0000e+00
-6.725 -0.725 0.0000e+00
-6.725 -0.675 0.0000e+00
-6.725 -0.625 0.0000e+00
-6.725 -0.575 0.0000e+00
-6.725 -0.525 0.0000e+00
-6.725 -0.475 0.0000e+00
-6.725 -0.425 0.0000e+00
-6.725 -0.375 0.0000e+00
-6.725 -0.325 0.0000e+00
-6.725 -0.275 0.0000e+00
-6.725 -0.225 0.0000e+00
-6.725 -0.175 0.0000e+00
-6.725 -0.125 0.0000e+00
-6.725 -0.075 0.0000e+00
-6.725 -0.025 0.0000e+00
-6.725 0.025 0.0000e+00
-6.725 0.075 0.0000e+00
-6.725 0.125 0.0000e+00
-6.725 0.175 0.0000e+00
-6.725 0.225 0.0000e+00
-6.725 0.275 0.0000e+00
-6.725 0.325 0.0000e+00
-6.725 0.375 0.0000e+00
-6.725 0.425 0.0000e+00
-6.725 0.475 0.0000e+00
-6.725 0.525 0.0000e+00
-6.725 0.575 0.0000e+00
-6.725 0.625 0.0000e+00
-6.725 0.675 0.0000e+00
-6.725 0.725 0.0000e+00
-6.725 0.775 0.0000e+00
-6.725 0.825 5.2000e-16
-6.725 0.875 1.0380e-15
-6.725 0.925 2.0722e-15
-6.725 0.975 4.1370e-15
-6.725 1.025 8.2599e-15
-6.725 1.075 1.6493e-14
-6.725 1.125 3.2935e-14
-6.725 1.175 6.5775e-14
-6.725 1.225 1.3138e-13
-6.725 1.275 2.6244e-13
-6.725 1.325 5.2431e-13
-6.725 1.375 1.0477e-12
-6.725 1.425 2.0938e-12
-6.725 1.475 4.1853e-12
-6.725 1.525 8.3680e-12
-6.725 1.575 1.6735e-11
-6.725 1.625 3.3475e-11
-6.725 1.675 6.6983e-11
-6.725 1.725 1.3407e-10
-6.725 1.775 2.6846e-10
-6.725 1.825 5.3777e-10
-6.725 1.875 1.0777e-09
-6.725 1.925 2.1609e-09
-6.725 1.975 4.3349e-09
-6.725 2.025 8.7013e-09
-6.725 2.075 1.7477e-08
-6.725 2.125 3.5127e-08
-6.725 2.175 7.0654e-08
-6.725 2.225 1.4222e-07
-6.725 2.275 2.8653e-07
-6.725 2.325 5.7773e-07
-6.725 2.375 1.1659e-06
-6.725 2.425 2.3549e-06
-6.725 2.475 4.7601e-06
-6.725 2.525 9.6288e-06
-6.725 2.575 1.9488e-05
-6.725 2.625 3.9453e-05
-6.725 2.675 7.9865e-05
-6.725 2.725 1.6157e-04
-6.725 2.775 3.2642e-04
-6.725 2.825 6.5790e-04
-6.725 2.875 1.3211e-03
-6.725 2.925 2.6386e-03
-6.725 2.975 5.2303e-03
-6.725 3.025 1.0262e-02
-6.725 3.075 1.9871e-02
-6.725 3.125 3.7839e-02
-6.725 3.175 7.0617e-02
-6.725 3.225 1.2876e-01
-6.725 3.275 2.2891e-01
-6.725 3.325 3.9666e-01
-6.725 3.375 6.7160e-01
-6.725 3.425 1.1175e+00
-6.725 3.475 1.8447e+00
-6.725 3.525 3.0579e+00
-6.725 3.575 5.1540e+00
-6.725 3.625 8.9120e+00
-6.725 3.675 1.5825e+01
-6.725 3.725 2.8576e+01
-6.725 3.775 5.1265e+01
-6.725 3.825 8.3935e+01
-6.725 3.875 0.0000e+00
-6.725 3.925 0.0000e+00
-6.725 3.975 0.0000e+00
-6.675 -1.975 0.0000e+00
-6.675 -1.925 0.0000e+00
-6.675 -1.875 0.0000e+00
-6.675 -1.825 0.0000e+00
-6.675 -1.775 0.0000e+00
-6.675 -1.725 0.0000e+00
-6.675 -1.675 0.0000e+00
-6.675 -1.625 0.0000e+00
-6.675 -1.575 0.0000e+00
-6.675 -1.525 0.0000e+00
-6.675 -1.475 0.0000e+00
-6.675 -1.425 0.0000e+00
-6.675 -1.375 0.0000e+00
-6.675 -1.325 0.0000e+00
-6.675 -1.275 0.0000e+00
-6.675 -1.225 0.0000e+00
-6.675 -1.175 0.0000e+00
-6.675 -1.125 0.0000e+00
-6.675 -1.075 0.0000e+00
-6.675 -1.025 0.0000e+00
-6.675 -0.975 0.0000e+00
-6.675 -0.925 0.0000e+00
-6.675 -0.875 0.0000e+00
-6.675 -0.825 0.0000e+00
-6.675 -0.775 0.0000e+00
-6.675 -0.725 0.0000e+00
-6.675 -0.675 0.0000e+00
-6.675 -0.625 0.0000e+00
-6.675 -0.575 0.0000e+00
-6.675 -0.525 0.0000e+00
-6.675 -0.475 0.0000e+00
-6.675 -0.425 0.0000e+00
-6.675 -0.375 0.0000e+00
-6.675 -0.325 0.0000e+00
-6.675 -0.275 0.0000e+00
-6.675 -0.225 0.0000e+00
-6.675 -0.175 0.0000e+00
-6.675 -0.125 0.0000e+00
-6.675 -0.075 0.0000e+00
-6.675 -0.025 0.0000e+00
-6.675 0.025 0.0000e+00
-6.675 0.075 0.0000e+00
-6.675 0.125 0.0000e+00
-6.675 0.175 0.0000e+00
-6.675 0.225 0.0000e+00
-6.675 0.275 0.0000e+00
-6.675 0.325 0.0000e+00
-6.675 0.375 0.0000e+00
-6.675 0.425 0.0000e+00
-6.675 0.475 0.0000e+00
-6.675 0.525 0.0000e+00
-6.675 0.575 0.0000e+00
-6.675 0.625 0.0000e+00
-6.675 0.675 0.0000e+00
-6.675 0.725 0.0000e+00
-6.675 0.775 0.0000e+00
-6.675 0.825 6.5464e-16
-6.675 0.875 1.3068e-15
-6.675 0.925 2.6087e-15
-6.675 0.975 5.2082e-15
-6.675 1.025 1.0399e-14
-6.675 1.075 2.0763e-14
-6.675 1.125 4.1463e-14
-6.675 1.175 8.2806e-14
-6.675 1.225 1.6539e-13
-6.675 1.275 3.3039e-13
-6.675 1.325 6.6007e-13
-6.675 1.375 1.3189e-12
-6.675 1.425 2.6359e-12
-6.675 1.475 5.2690e-12
-6.675 1.525 1.0535e-11
-6.675 1.575 2.1068e-11
-6.675 1.625 4.2143e-11
-6.675 1.675 8.4326e-11
-6.675 1.725 1.6879e-10
-6.675 1.775 3.3797e-10
-6.675 1.825 6.7701e-10
-6.675 1.875 1.3568e-09
-6.675 1.925 2.7204e-09
-6.675 1.975 5.4573e-09
-6.675 2.025 1.0954e-08
-6.675 2.075 2.2002e-08
-6.675 2.125 4.4222e-08
-6.675 2.175 8.8949e-08
-6.675 2.225 1.7905e-07
-6.675 2.275 3.6072e-07
-6.675 2.325 7.2732e-07
-6.675 2.375 1.4678e-06
-6.675 2.425 2.9646e-06
-6.675 2.475 5.9926e-06
-6.675 2.525 1.2122e-05
-6.675 2.575 2.4534e-05
-6.675 2.625 4.9668e-05
-6.675 2.675 1.0054e-04
-6.675 2.725 2.0340e-04
-6.675 2.775 4.1093e-04
-6.675 2.825 8.2824e-04
-6.675 2.875 1.6632e-03
-6.675 2.925 3.3218e-03
-6.675 2.975 6.5846e-03
-6.675 3.025 1.2920e-02
-6.675 3.075 2.5016e-02
-6.675 3.125 4.7636e-02
-6.675 3.175 8.8902e-02
-6.675 3.225 1.6210e-01
-6.675 3.275 2.8818e-01
-6.675 3.325 4.9937e-01
-6.675 3.375 8.4549e-01
-6.675 3.425 1.4069e+00
-6.675 3.475 2.3224e+00
-6.675 3.525 3.8497e+00
-6.675 3.575 6.4885e+00
-6.675 3.625 1.1220e+01
-6.675 3.675 1.9923e+01
-6.675 3.725 3.5974e+01
-6.675 3.775 6.4539e+01
-6.675 3.825 1.0567e+02
-6.675 3.875 0.0000e+00
-6.675 3.925 0.0000e+00
-6.675 3.975 0.0000e+00
-6.625 -1.975 0.0000e+00
-6.625 -1.925 0.0000e+00
-6.625 -1.875 0.0000e+00
-6.625 -1.825 0.0000e+00
-6.625 -1.775 0.0000e+00
-6.625 -1.725 0.0000e+00
-6.625 -1.675 0.0000e+00
-6.625 -1.625 0.0000e+00
-6.625 -1.575 0.0000e+00
-6.625 -1.525 0.0000e+00
-6.625 -1.475 0.0000e+00
-6.625 -1.425 0.0000e+00
-6.625 -1.375 0.0000e+00
-6.625 -1.325 0.0000e+00
-6.625 -1.275 0.0000e+00
-6.625 -1.225 0.0000e+00
-6.625 -1.175 0.0000e+00
-6.625 -1.125 0.0000e+00
-6.625 -1.075 0.0000e+00
-6.625 -1.025 0.0000e+00
-6.625 -0.975 0.0000e+00
-6.625 -0.925 0.0000e+00
-6.625 -0.875 0.0000e+00
-6.625 -0.825 0.0000e+00
-6.625 -0.775 0.0000e+00
-6.625 -0.725 0.0000e+00
-6.625 -0.675 0.0000e+00
-6.625 -0.625 0.0000e+00
-6.625 -0.575 0.0000e+00
-6.625 -0.525 0.0000e+00
-6.625 -0.475 0.0000e+00
-6.625 -0.425 0.0000e+00
-6.625 -0.375 0.0000e+00
-6.625 -0.325 0.0000e+00
-6.625 -0.275 0.0000e+00
-6.625 -0.225 0.0000e+00
-6.625 -0.175 0.0000e+00
-6.625 -0.125 0.0000e+00
-6.625 -0.075 0.0000e+00
-6.625 -0.025 0.0000e+00
-6.625 0.025 0.0000e+00
-6.625 0.075 0.0000e+00
-6.625 0.125 0.0000e+00
-6.625 0.175 0.0000e+00
-6.625 0.225 0.0000e+00
-6.625 0.275 0.0000e+00
-6.625 0.325 0.0000e+00
-6.625 0.375 0.0000e+00
-6.625 0.425 0.0000e+00
-6.625 0.475 0.0000e+00
-6.625 0.525 0.0000e+00
-6.625 0.575 0.0000e+00
-6.625 0.625 0.0000e+00
-6.625 0.675 0.0000e+00
-6.625 0.725 0.0000e+00
-6.625 0.775 0.0000e+00
-6.625 0.825 8.2414e-16
-6.625 0.875 1.6451e-15
-6.625 0.925 3.2842e-15
-6.625 0.975 6.5567e-15
-6.625 1.025 1.3091e-14
-6.625 1.075 2.6140e-14
-6.625 1.125 5.2199e-14
-6.625 1.175 1.0425e-13
-6.625 1.225 2.0822e-13
-6.625 1.275 4.1593e-13
-6.625 1.325 8.3098e-13
-6.625 1.375 1.6604e-12
-6.625 1.425 3.3185e-12
-6.625 1.475 6.6333e-12
-6.625 1.525 1.3262e-11
-6.625 1.575 2.6522e-11
-6.625 1.625 5.3055e-11
-6.625 1.675 1.0616e-10
-6.625 1.725 2.1249e-10
-6.625 1.775 4.2548e-10
-6.625 1.825 8.5231e-10
-6.625 1.875 1.7081e-09
-6.625 1.925 3.4247e-09
-6.625 1.975 6.8703e-09
-6.625 2.025 1.3791e-08
-6.625 2.075 2.7699e-08
-6.625 2.125 5.5673e-08
-6.625 2.175 1.1198e-07
-6.625 2.225 2.2541e-07
-6.625 2.275 4.5412e-07
-6.625 2.325 9.1565e-07
-6.625 2.375 1.8478e-06
-6.625 2.425 3.7322e-06
-6.625 2.475 7.5443e-06
-6.625 2.525 1.5261e-05
-6.625 2.575 3.0886e-05
-6.625 2.625 6.2529e-05
-6.625 2.675 1.2658e-04
-6.625 2.725 2.5607e-04
-6.625 2.775 5.1734e-04
-6.625 2.825 1.0427e-03
-6.625 2.875 2.0938e-03
-6.625 2.925 4.1819e-03
-6.625 2.975 8.2895e-03
-6.625 3.025 1.6265e-02
-6.625 3.075 3.1493e-02
-6.625 3.125 5.9971e-02
-6.625 3.175 1.1192e-01
-6.625 3.225 2.0407e-01
-6.625 3.275 3.6280e-01
-6.625 3.325 6.2867e-01
-6.625 3.375 1.0644e+00
-6.625 3.425 1.7712e+00
-6.625 3.475 2.9237e+00
-6.625 3.525 4.8464e+00
-6.625 3.575 8.1686e+00
-6.625 3.625 1.4125e+01
-6.625 3.675 2.5081e+01
-6.625 3.725 4.5289e+01
-6.625 3.775 8.1250e+01
-6.625 3.825 1.3303e+02
-6.625 3.875 0.0000e+00
-6.625 3.925 0.0000e+00
-6.625 3.975 0.0000e+00
-6.575 -1.975 0.0000e+00
-6.575 -1.925 0.0000e+00
-6.575 -1.875 0.0000e+00
-6.575 -1.825 0.0000e+00
-6.575 -1.775 0.0000e+00
-6.575 -1.725 0.0000e+00
-6.575 -1.675 0.0000e+00
-6.575 -1.625 0.0000e+00
-6.575 -1.575 0.0000e+00
-6.575 -1.525 0.0000e+00
-6.575 -1.475 0.0000e+00
-6.575 -1.425 0.0000e+00
-6.575 -1.375 0.0000e+00
-6.575 -1.325 0.0000e+00
-6.575 -1.275 0.0000e+00
-6.575 -1.225 0.0000e+00
-6.575 -1.175 0.0000e+00
-6.575 -1.125 0.0000e+00
-6.575 -1.075 0.0000e+00
-6.575 -1.025 0.0000e+00
-6.575 -0.975 0.0000e+00
-6.575 -0.925 0.0000e+00
-6.575 -0.875 0.0000e+00
-6.575 -0.825 0.0000e+00
-6.575 -0.775 0.0000e+00
-6.575 -0.725 0.0000e+00
-6.575 -0.675 0.0000e+00
-6.575 -0.625 0.0000e+00
-6.575 -0.575 0.0000e+00
-6.575 -0.525 0.0000e+00
-6.575 -0.475 0.0000e+00
-6.575 -0.425 0.0000e+00
-6.575 -0.375 0.0000e+00
-6.575 -0.325 0.0000e+00
-6.575 -0.275 0.0000e+00
-6.575 -0.225 0.0000e+00
-6.575 -0.175 0.0000e+00
-6.575 -0.125 0.0000e+00
-6.575 -0.075 0.0000e+00
-6.575 -0.025 0.0000e+00
-6.575 0.025 0.0000e+00
-6.575 0.075 0.0000e+00
-6.575 0.125 0.0000e+00
-6.575 0.175 0.0000e+00
-6.575 0.225 0.0000e+00
-6.575 0.275 0.0000e+00
-6.575 0.325 0.0000e+00
-6.575 0.375 0.0000e+00
-6.575 0.425 0.0000e+00
-6.575 0.475 0.0000e+00
-6.575 0.525 0.0000e+00
-6.575 0.575 0.0000e+00
-6.575 0.625 0.0000e+00
-6.575 0.675 0.0000e+00
-6.575 0.725 0.0000e+00
-6.575 0.775 0.0000e+00
-6.575 0.825 1.0375e-15
-6.575 0.875 2.0711e-15
-6.575 0.925 4.1346e-15
-6.575 0.975 8.2545e-15
-6.575 1.025 1.6481e-14
-6.575 1.075 3.2908e-14
-6.575 1.125 6.5714e-14
-6.575 1.175 1.3124e-13
-6.575 1.225 2.6213e-13
-6.575 1.275 5.2363e-13
-6.575 1.325 1.0461e-12
-6.575 1.375 2.0904e-12
-6.575 1.425 4.1777e-12
-6.575 1.475 8.3509e-12
-6.575 1.525 1.6696e-11
-6.575 1.575 3.3390e-11
-6.575 1.625 6.6792e-11
-6.575 1.675 1.3365e-10
-6.575 1.725 2.6751e-10
-6.575 1.775 5.3565e-10
-6.575 1.825 1.0730e-09
-6.575 1.875 2.1503e-09
-6.575 1.925 4.3115e-09
-6.575 1.975 8.6492e-09
-6.575 2.025 1.7361e-08
-6.575 2.075 3.4871e-08
-6.575 2.125 7.0088e-08
-6.575 2.175 1.4097e-07
-6.575 2.225 2.8378e-07
-6.575 2.275 5.7170e-07
-6.575 2.325 1.1527e-06
-6.575 2.375 2.3263e-06
-6.575 2.425 4.6986e-06
-6.575 2.475 9.4977e-06
-6.575 2.525 1.9212e-05
-6.575 2.575 3.8883e-05
-6.575 2.625 7.8719e-05
-6.575 2.675 1.5935e-04
-6.575 2.725 3.2237e-04
-6.575 2.775 6.5129e-04
-6.575 2.825 1.3127e-03
-6.575 2.875 2.6360e-03
-6.575 2.925 5.2647e-03
-6.575 2.975 1.0436e-02
-6.575 3.025 2.0476e-02
-6.575 3.075 3.9648e-02
-6.575 3.125 7.5499e-02
-6.575 3.175 1.4090e-01
-6.575 3.225 2.5691e-01
-6.575 3.275 4.5673e-01
-6.575 3.325 7.9144e-01
-6.575 3.375 1.3400e+00
-6.575 3.425 2.2297e+00
-6.575 3.475 3.6807e+00
-6.575 3.525 6.1013e+00
-6.575 3.575 1.0284e+01
-6.575 3.625 1.7782e+01
-6.575 3.675 3.1575e+01
-6.575 3.725 5.7016e+01
-6.575 3.775 1.0229e+02
-6.575 3.825 1.6747e+02
-6.575 3.875 0.0000e+00
-6.575 3.925 0.0000e+00
-6.575 3.975 0.0000e+00
-6.525 -1.975 0.0000e+00
-6.525 -1.925 0.0000e+00
-6.525 -1.875 0.0000e+00
-6.525 -1.825 0.0000e+00
-6.525 -1.775 0.0000e+00
-6.525 -1.725 0.0000e+00
-6.525 -1.675 0.0000e+00
-6.525 -1.625 0.0000e+00
-6.525 -1.575 0.0000e+00
-6.525 -1.525 0.0000e+00
-6.525 -1.475 0.0000e+00
-6.525 -1.425 0.0000e+00
-6.525 -1.375 0.0000e+00
-6.525 -1.325 0.0000e+00
-6.525 -1.275 0.0000e+00
-6.525 -1.225 0.0000e+00
-6.525 -1.175 0.0000e+00
-6.525 -1.125 0.0000e+00
-6.525 -1.075 0.0000e+00
-6.525 -1.025 0.0000e+00
-6.525 -0.975 0.0000e+00
-6.525 -0.925 0.0000e+00
-6.525 -0.875 0.0000e+00
-6.525 -0.825 0.0000e+00
-6.525 -0.775 0.0000e+00
-6.525 -0.725 0.0000e+00
-6.525 -0.675 0.0000e+00
-6.525 -0.625 0.0000e+00
-6.525 -0.575 0.0000e+00
-6.525 -0.525 0.0000e+00
-6.525 -0.475 0.0000e+00
-6.525 -0.425 0.0000e+00
-6.525 -0.375 0.0000e+00
-6.525 -0.325 0.0000e+00
-6.525 -0.275 0.0000e+00
-6.525 -0.225 0.0000e+00
-6.525 -0.175 0.0000e+00
-6.525 -0.125 0.0000e+00
-6.525 -0.075 0.0000e+00
-6.525 -0.025 0.0000e+00
-6.525 0.025 0.0000e+00
-6.525 0.075 0.0000e+00
-6.525 0.125 0.0000e+00
-6.525 0.175 0.0000e+00
-6.525 0.225 0.0000e+00
-6.525 0.275 0.0000e+00
-6.525 0.325 0.0000e+00
-6.525 0.375 0.0000e+00
-6.525 0.425 0.0000e+00
-6.525 0.475 0.0000e+00
-6.525 0.525 0.0000e+00
-6.525 0.575 0.0000e+00
-6.525 0.625 0.0000e+00
-6.525 0.675 0.0000e+00
-6.525 0.725 0.0000e+00
-6.525 0.775 0.0000e+00
-6.525 0.825 1.3062e-15
-6.525 0.875 2.6074e-15
-6.525 0.925 5.2051e-15
-6.525 0.975 1.0392e-14
-6.525 1.025 2.0748e-14
-6.525 1.075 4.1428e-14
-6.525 1.125 8.2729e-14
-6.525 1.175 1.6522e-13
-6.525 1.225 3.3000e-13
-6.525 1.275 6.5921e-13
-6.525 1.325 1.3170e-12
-6.525 1.375 2.6316e-12
-6.525 1.425 5.2594e-12
-6.525 1.475 1.0513e-11
-6.525 1.525 2.1019e-11
-6.525 1.575 4.2035e-11
-6.525 1.625 8.4086e-11
-6.525 1.675 1.6825e-10
-6.525 1.725 3.3678e-10
-6.525 1.775 6.7435e-10
-6.525 1.825 1.3508e-09
-6.525 1.875 2.7071e-09
-6.525 1.925 5.4278e-09
-6.525 1.975 1.0889e-08
-6.525 2.025 2.1857e-08
-6.525 2.075 4.3900e-08
-6.525 2.125 8.8235e-08
-6.525 2.175 1.7748e-07
-6.525 2.225 3.5725e-07
-6.525 2.275 7.1973e-07
-6.525 2.325 1.4512e-06
-6.525 2.375 2.9286e-06
-6.525 2.425 5.9151e-06
-6.525 2.475 1.1957e-05
-6.525 2.525 2.4186e-05
-6.525 2.575 4.8951e-05
-6.525 2.625 9.9101e-05
-6.525 2.675 2.0061e-04
-6.525 2.725 4.0585e-04
-6.525 2.775 8.1992e-04
-6.525 2.825 1.6526e-03
-6.525 2.875 3.3185e-03
-6.525 2.925 6.6279e-03
-6.525 2.975 1.3138e-02
-6.525 3.025 2.5778e-02
-6.525 3.075 4.9913e-02
-6.525 3.125 9.5047e-02
-6.525 3.175 1.7738e-01
-6.525 3.225 3.2344e-01
-6.525 3.275 5.7499e-01
-6.525 3.325 9.9637e-01
-6.525 3.375 1.6870e+00
-6.525 3.425 2.8071e+00
-6.525 3.475 4.6338e+00
-6.525 3.525 7.6811e+00
-6.525 3.575 1.2946e+01
-6.525 3.625 2.2386e+01
-6.525 3.675 3.9751e+01
-6.525 3.725 7.1779e+01
-6.525 3.775 1.2877e+02
-6.525 3.825 2.1083e+02
-6.525 3.875 0.0000e+00
-6.525 3.925 0.0000e+00
-6.525 3.975 0.0000e+00
-6.475 -1.975 0.0000e+00
-6.475 -1.925 0.0000e+00
-6.475 -1.875 0.0000e+00
-6.475 -1.825 0.0000e+00
-6.475 -1.775 0.0000e+00
-6.475 -1.725 0.0000e+00
-6.475 -1.675 0.0000e+00
-6.475 -1.625 0.0000e+00
-6.475 -1.575 0.0000e+00
-6.475 -1.525 0.0000e+00
-6.475 -1.475 0.0000e+00
-6.475 -1.425 0.0000e+00
-6.475 -1.375 0.0000e+00
-6.475 -1.325 0.0000e+00
-6.475 -1.275 0.0000e+00
-6.475 -1.225 0.0000e+00
-6.475 -1.175 0.0000e+00
-6.475 -1.125 0.0000e+00
-6.475 -1.075 0.0000e+00
-6.475 -1.025 0.0000e+00
-6.475 -0.975 0.0000e+00
-6.475 -0.925 0.0000e+00
-6.475 -0.875 0.0000e+00
-6.475 -0.825 0.0000e+00
-6.475 -0.775 0.0000e+00
-6.475 -0.725 0.0000e+00
-6.475 -0.675 0.0000e+00
-6.475 -0.625 0.0000e+00
-6.475 -0.575 0.0000e+00
-6.475 -0.525 0.0000e+00
-6.475 -0.475 0.0000e+00
-6.475 -0.425 0.0000e+00
-6.475 -0.375 0.0000e+00
-6.475 -0.325 0.0000e+00
-6.475 -0.275 0.0000e+00
-6.475 -0.225 0.0000e+00
-6.475 -0.175 0.0000e+00
-6.475 -0.125 0.0000e+00
-6.475 -0.075 0.0000e+00
-6.475 -0.025 0.0000e+00
-6.475 0.025 0.0000e+00
-6.475 0.075 0.0000e+00
-6.475 0.125 0.0000e+00
-6.475 0.175 0.0000e+00
-6.475 0.225 0.0000e+00
-6.475 0.275 0.0000e+00
-6.475 0.325 0.0000e+00
-6.475 0.375 0.0000e+00
-6.475 0.425 0.0000e+00
-6.475 0.475 0.0000e+00
-6.475 0.525 0.0000e+00
-6.475 0.575 0.0000e+00
-6.475 0.625 0.0000e+00
-6.475 0.675 0.0000e+00
-6.475 0.725 0.0000e+00
-6.475 0.775 0.0000e+00
-6.475 0.825 1.6444e-15
-6.475 0.875 3.2825e-15
-6.475 0.925 6.5529e-15
-6.475 0.975 1.3082e-14
-6.475 1.025 2.6120e-14
-6.475 1.075 5.2155e-14
-6.475 1.125 1.0415e-13
-6.475 1.175 2.0800e-13
-6.475 1.225 4.1545e-13
-6.475 1.275 8.2989e-13
-6.475 1.325 1.6580e-12
-6.475 1.375 3.3130e-12
-6.475 1.425 6.6212e-12
-6.475 1.475 1.3235e-11
-6.475 1.525 2.6462e-11
-6.475 1.575 5.2919e-11
-6.475 1.625 1.0586e-10
-6.475 1.675 2.1182e-10
-6.475 1.725 4.2398e-10
-6.475 1.775 8.4895e-10
-6.475 1.825 1.7006e-09
-6.475 1.875 3.4080e-09
-6.475 1.925 6.8332e-09
-6.475 1.975 1.3708e-08
-6.475 2.025 2.7516e-08
-6.475 2.075 5.5267e-08
-6.475 2.125 1.1108e-07
-6.475 2.175 2.2343e-07
-6.475 2.225 4.4975e-07
-6.475 2.275 9.0608e-07
-6.475 2.325 1.8270e-06
-6.475 2.375 3.6869e-06
-6.475 2.425 7.4467e-06
-6.475 2.475 1.5053e-05
-6.475 2.525 3.0449e-05
-6.475 2.575 6.1626e-05
-6.475 2.625 1.2476e-04
-6.475 2.675 2.5255e-04
-6.475 2.725 5.1093e-04
-6.475 2.775 1.0322e-03
-6.475 2.825 2.0805e-03
-6.475 2.875 4.1777e-03
-6.475 2.925 8.3440e-03
-6.475 2.975 1.6540e-02
-6.475 3.025 3.2453e-02
-6.475 3.075 6.2837e-02
-6.475 3.125 1.1966e-01
-6.475 3.175 2.2331e-01
-6.475 3.225 4.0718e-01
-6.475 3.275 7.2387e-01
-6.475 3.325 1.2544e+00
-6.475 3.375 2.1238e+00
-6.475 3.425 3.5339e+00
-6.475 3.475 5.8336e+00
-6.475 3.525 9.6699e+00
-6.475 3.575 1.6299e+01
-6.475 3.625 2.8182e+01
-6.475 3.675 5.0044e+01
-6.475 3.725 9.0364e+01
-6.475 3.775 1.6211e+02
-6.475 3.825 2.6542e+02
-6.475 3.875 0.0000e+00
-6.475 3.925 0.0000e+00
-6.475 3.975 0.0000e+00
-6.425 -1.975 0.0000e+00
-6.425 -1.925 0.0000e+00
-6.425 -1.875 0.0000e+00
-6.425 -1.825 0.0000e+00
-6.425 -1.775 0.0000e+00
-6.425 -1.725 0.0000e+00
-6.425 -1.675 0.0000e+00
-6.425 -1.625 0.0000e+00
-6.425 -1.575 0.0000e+00
-6.425 -1.525 0.0000e+00
-6.425 -1.475 0.0000e+00
-6.425 -1.425 0.0000e+00
-6.425 -1.375 0.0000e+00
-6.425 -1.325 0.0000e+00
-6.425 -1.275 0.0000e+00
-6.425 -1.225 0.0000e+00
-6.425 -1.175 0.0000e+00
-6.425 -1.125 0.0000e+00
-6.425 -1.075 0.0000e+00
-6.425 -1.025 0.0000e+00
-6.425 -0.975 0.0000e+00
-6.425 -0.925 0.0000e+00
-6.425 -0.875 0.0000e+00
-6.425 -0.825 0.0000e+00
-6.425 -0.775 0.0000e+00
-6.425 -0.725 0.0000e+00
-6.425 -0.675 0.0000e+00
-6.425 -0.625 0.0000e+00
-6.425 -0.575 0.0000e+00
-6.425 -0.525 0.0000e+00
-6.425 -0.475 0.0000e+00
-6.425 -0.425 0.0000e+00
-6.425 -0.375 0.0000e+00
-6.425 -0.325 0.0000e+00
-6.425 -0.275 0.0000e+00
-6.425 -0.225 0.0000e+00
-6.425 -0.175 0.0000e+00
-6.425 -0.125 0.0000e+00
-6.425 -0.075 0.0000e+00
-6.425 -0.025 0.0000e+00
-6.425 0.025 0.0000e+00
-6.425 0.075 0.0000e+00
-6.425 0.125 0.0000e+00
-6.425 0.175 0.0000e+00
-6.425 0.225 0.0000e+00
-6.425 0.275 0.0000e+00
-6.425 0.325 0.0000e+00
-6.425 0.375 0.0000e+00
-6.425 0.425 0.0000e+00
-6.425 0.475 0.0000e+00
-6.425 0.525 0.0000e+00
-6.425 0.575 0.0000e+00
-6.425 0.625 0.0000e+00
-6.425 0.675 0.0000e+00
-6.425 0.725 0.0000e+00
-6.425 0.775 0.0000e+00
-6.425 0.825 2.0701e-15
-6.425 0.875 4.1324e-15
-6.425 0.925 8.2496e-15
-6.425 0.975 1.6470e-14
-6.425 1.025 3.2883e-14
-6.425 1.075 6.5660e-14
-6.425 1.125 1.3112e-13
-6.425 1.175 2.6186e-13
-6.425 1.225 5.2302e-13
-6.425 1.275 1.0448e-12
-6.425 1.325 2.0873e-12
-6.425 1.375 4.1709e-12
-6.425 1.425 8.3356e-12
-6.425 1.475 1.6662e-11
-6.425 1.525 3.3314e-11
-6.425 1.575 6.6621e-11
-6.425 1.625 1.3327e-10
-6.425 1.675 2.6666e-10
-6.425 1.725 5.3376e-10
-6.425 1.775 1.0688e-09
-6.425 1.825 2.1409e-09
-6.425 1.875 4.2905e-09
-6.425 1.925 8.6025e-09
-6.425 1.975 1.7257e-08
-6.425 2.025 3.4640e-08
-6.425 2.075 6.9577e-08
-6.425 2.125 1.3984e-07
-6.425 2.175 2.8128e-07
-6.425 2.225 5.6621e-07
-6.425 2.275 1.1407e-06
-6.425 2.325 2.3000e-06
-6.425 2.375 4.6415e-06
-6.425 2.425 9.3749e-06
-6.425 2.475 1.8950e-05
-6.425 2.525 3.8333e-05
-6.425 2.575 7.7583e-05
-6.425 2.625 1.5706e-04
-6.425 2.675 3.1795e-04
-6.425 2.725 6.4322e-04
-6.425 2.775 1.2995e-03
-6.425 2.825 2.6191e-03
-6.425 2.875 5.2594e-03
-6.425 2.925 1.0504e-02
-6.425 2.975 2.0822e-02
-6.425 3.025 4.0856e-02
-6.425 3.075 7.9107e-02
-6.425 3.125 1.5064e-01
-6.425 3.175 2.8113e-01
-6.425 3.225 5.1261e-01
-6.425 3.275 9.1130e-01
-6.425 3.325 1.5791e+00
-6.425 3.375 2.6737e+00
-6.425 3.425 4.4489e+00
-6.425 3.475 7.3440e+00
-6.425 3.525 1.2174e+01
-6.425 3.575 2.0519e+01
-6.425 3.625 3.5480e+01
-6.425 3.675 6.3001e+01
-6.425 3.725 1.1376e+02
-6.425 3.775 2.0409e+02
-6.425 3.825 3.3415e+02
-6.425 3.875 0.0000e+00
-6.425 3.925 0.0000e+00
-6.425 3.975 0.0000e+00
-6.375 -1.975 0.0000e+00
-6.375 -1.925 0.0000e+00
-6.375 -1.875 0.0000e+00
-6.375 -1.825 0.0000e+00
-6.375 -1.775 0.0000e+00
-6.375 -1.725 0.0000e+00
-6.375 -1.675 0.0000e+00
-6.375 -1.625 0.0000e+00
-6.375 -1.575 0.0000e+00
-6.375 -1.525 0.0000e+00
-6.375 -1.475 0.0000e+00
-6.375 -1.425 0.0000e+00
-6.375 -1.375 0.0000e+00
-6.375 -1.325 0.0000e+00
-6.375 -1.275 0.0000e+00
-6.375 -1.225 0.0000e+00
-6.375 -1.175 0.0000e+00
-6.375 -1.125 0.0000e+00
-6.375 -1.075 0.0000e+00
-6.375 -1.025 0.0000e+00
-6.375 -0.975 0.0000e+00
-6.375 -0.925 0.0000e+00
-6.375 -0.875 0.0000e+00
-6.375 -0.825 0.0000e+00
-6.375 -0.775 0.0000e+00
-6.375 -0.725 0.0000e+00
-6.375 -0.675 0.0000e+00
-6.375 -0.625 0.0000e+00
-6.375 -0.575 0.0000e+00
-6.375 -0.525 0.0000e+00
-6.375 -0.475 0.0000e+00
-6.375 -0.425 0.0000e+00
-6.375 -0.375 0.0000e+00
-6.375 -0.325 0.0000e+00
-6.375 -0.275 0.0000e+00
-6.375 -0.225 0.0000e+00
-6.375 -0.175 0.0000e+00
-6.375 -0.125 0.0000e+00
-6.375 -0.075 0.0000e+00
-6.375 -0.025 0.0000e+00
-6.375 0.025 0.0000e+00
-6.375 0.075 0.0000e+00
-6.375 0.125 0.0000e+00
-6.375 0.175 0.0000e+00
-6.375 0.225 0.0000e+00
-6.375 0.275 0.0000e+00
-6.375 0.325 0.0000e+00
-6.375 0.375 0.0000e+00
-6.375 0.425 0.0000e+00
-6.375 0.475 0.0000e+00
-6.375 0.525 0.0000e+00
-6.375 0.575 0.0000e+00
-6.375 0.625 0.0000e+00
-6.375 0.675 0.0000e+00
-6.375 0.725 0.0000e+00
-6.375 0.775 0.0000e+00
-6.375 0.825 2.6061e-15
-6.375 0.875 5.2024e-15
-6.375 0.925 1.0386e-14
-6.375 0.975 2.0734e-14
-6.375 1.025 4.1398e-14
-6.375 1.075 8.2660e-14
-6.375 1.125 1.6507e-13
-6.375 1.175 3.2966e-13
-6.375 1.225 6.5844e-13
-6.375 1.275 1.3153e-12
-6.375 1.325 2.6278e-12
-6.375 1.375 5.2508e-12
-6.375 1.425 1.0494e-11
-6.375 1.475 2.0976e-11
-6.375 1.525 4.1939e-11
-6.375 1.575 8.3871e-11
-6.375 1.625 1.6777e-10
-6.375 1.675 3.3571e-10
-6.375 1.725 6.7196e-10
-6.375 1.775 1.3455e-09
-6.375 1.825 2.6952e-09
-6.375 1.875 5.4014e-09
-6.375 1.925 1.0830e-08
-6.375 1.975 2.1726e-08
-6.375 2.025 4.3610e-08
-6.375 2.075 8.7592e-08
-6.375 2.125 1.7605e-07
-6.375 2.175 3.5411e-07
-6.375 2.225 7.1281e-07
-6.375 2.275 1.4360e-06
-6.375 2.325 2.8955e-06
-6.375 2.375 5.8434e-06
-6.375 2.425 1.1802e-05
-6.375 2.475 2.3857e-05
-6.375 2.525 4.8258e-05
-6.375 2.575 9.7671e-05
-6.375 2.625 1.9773e-04
-6.375 2.675 4.0027e-04
-6.375 2.725 8.0977e-04
-6.375 2.775 1.6360e-03
-6.375 2.825 3.2973e-03
-6.375 2.875 6.6212e-03
-6.375 2.925 1.3224e-02
-6.375 2.975 2.6214e-02
-6.375 3.025 5.1434e-02
-6.375 3.075 9.9590e-02
-6.375 3.125 1.8964e-01
-6.375 3.175 3.5393e-01
-6.375 3.225 6.4534e-01
-6.375 3.275 1.1473e+00
-6.375 3.325 1.9880e+00
-6.375 3.375 3.3660e+00
-6.375 3.425 5.6009e+00
-6.375 3.475 9.2456e+00
-6.375 3.525 1.5326e+01
-6.375 3.575 2.5831e+01
-6.375 3.625 4.4666e+01
-6.375 3.675 7.9314e+01
-6.375 3.725 1.4322e+02
-6.375 3.775 2.5693e+02
-6.375 3.825 4.2067e+02
-6.375 3.875 0.0000e+00
-6.375 3.925 0.0000e+00
-6.375 3.975 0.0000e+00
-6.325 -1.975 0.0000e+00
-6.325 -1.925 0.0000e+00
-6.325 -1.875 0.0000e+00
-6.325 -1.825 0.0000e+00
-6.325 -1.775 0.0000e+00
-6.325 -1.725 0.0000e+00
-6.325 -1.675 0.0000e+00
-6.325 -1.625 0.0000e+00
-6.325 -1.575 0.0000e+00
-6.325 -1.525 0.0000e+00
-6.325 -1.475 0.0000e+00
-6.325 -1.425 0.0000e+00
-6.325 -1.375 0.0000e+00
-6.325 -1.325 0.0000e+00
-6.325 -1.275 0.0000e+00
-6.325 -1.225 0.0000e+00
-6.325 -1.175 0.0000e+00
-6.325 -1.125 0.0000e+00
-6.325 -1.075 0.0000e+00
-6.325 -1.025 0.0000e+00
-6.325 -0.975 0.0000e+00
-6.325 -0.925 0.0000e+00
-6.325 -0.875 0.0000e+00
-6.325 -0.825 0.0000e+00
-6.325 -0.775 0.0000e+00
-6.325 -0.725 0.0000e+00
-6.325 -0.675 0.0000e+00
-6.325 -0.625 0.0000e+00
-6.325 -0.575 0.0000e+00
-6.325 -0.525 0.0000e+00
-6.325 -0.475 0.0000e+00
-6.325 -0.425 0.0000e+00
-6.325 -0.375 0.0000e+00
-6.325 -0.325 0.0000e+00
-6.325 -0.275 0.0000e+00
-6.325 -0.225 0.0000e+00
-6.325 -0.175 0.0000e+00
-6.325 -0.125 0.0000e+00
-6.325 -0.075 0.0000e+00
-6.325 -0.025 0.0000e+00
-6.325 0.025 0.0000e+00
-6.325 0.075 0.0000e+00
-6.325 0.125 0.0000e+00
-6.325 0.175 0.0000e+00
-6.325 0.225 0.0000e+00
-6.325 0.275 0.0000e+00
-6.325 0.325 0.0000e+00
-6.325 0.375 0.0000e+00
-6.325 0.425 0.0000e+00
-6.325 0.475 0.0000e+00
-6.325 0.525 0.0000e+00
-6.325 0.575 0.0000e+00
-6.325 0.625 0.0000e+00
-6.325 0.675 0.0000e+00
-6.325 0.725 0.0000e+00
-6.325 0.775 0.0000e+00
-6.325 0.825 3.2809e-15
-6.325 0.875 6.5494e-15
-6.325 0.925 1.3075e-14
-6.325 0.975 2.6103e-14
-6.325 1.025 5.2117e-14
-6.325 1.075 1.0406e-13
-6.325 1.125 2.0781e-13
-6.325 1.175 4.1501e-13
-6.325 1.225 8.2893e-13
-6.325 1.275 1.6559e-12
-6.325 1.325 3.3082e-12
-6.325 1.375 6.6104e-12
-6.325 1.425 1.3211e-11
-6.325 1.475 2.6408e-11
-6.325 1.525 5.2798e-11
-6.325 1.575 1.0559e-10
-6.325 1.625 2.1121e-10
-6.325 1.675 4.2263e-10
-6.325 1.725 8.4595e-10
-6.325 1.775 1.6939e-09
-6.325 1.825 3.3931e-09
-6.325 1.875 6.8000e-09
-6.325 1.925 1.3634e-08
-6.325 1.975 2.7351e-08
-6.325 2.025 5.4901e-08
-6.325 2.075 1.1027e-07
-6.325 2.125 2.2164e-07
-6.325 2.175 4.4580e-07
-6.325 2.225 8.9738e-07
-6.325 2.275 1.8079e-06
-6.325 2.325 3.6453e-06
-6.325 2.375 7.3564e-06
-6.325 2.425 1.4858e-05
-6.325 2.475 3.0034e-05
-6.325 2.525 6.0754e-05
-6.325 2.575 1.2296e-04
-6.325 2.625 2.4893e-04
-6.325 2.675 5.0391e-04
-6.325 2.725 1.0194e-03
-6.325 2.775 2.0596e-03
-6.325 2.825 4.1510e-03
-6.325 2.875 8.3357e-03
-6.325 2.925 1.6648e-02
-6.325 2.975 3.3001e-02
-6.325 3.025 6.4752e-02
-6.325 3.075 1.2538e-01
-6.325 3.125 2.3875e-01
-6.325 3.175 4.4557e-01
-6.325 3.225 8.1244e-01
-6.325 3.275 1.4443e+00
-6.325 3.325 2.5028e+00
-6.325 3.375 4.2375e+00
-6.325 3.425 7.0511e+00
-6.325 3.475 1.1640e+01
-6.325 3.525 1.9294e+01
-6.325 3.575 3.2520e+01
-6.325 3.625 5.6232e+01
-6.325 3.675 9.9850e+01
-6.325 3.725 1.8030e+02
-6.325 3.775 3.2346e+02
-6.325 3.825 5.2959e+02
-6.325 3.875 0.0000e+00
-6.325 3.925 0.0000e+00
-6.325 3.975 0.0000e+00
-6.275 -1.975 0.0000e+00
-6.275 -1.925 0.0000e+00
-6.275 -1.875 0.0000e+00
-6.275 -1.825 0.0000e+00
-6.275 -1.775 0.0000e+00
-6.275 -1.725 0.0000e+00
-6.275 -1.675 0.0000e+00
-6.275 -1.625 0.0000e+00
-6.275 -1.575 0.0000e+00
-6.275 -1.525 0.0000e+00
-6.275 -1.475 0.0000e+00
-6.275 -1.425 0.0000e+00
-6.275 -1.375 0.0000e+00
-6.275 -1.325 0.0000e+00
-6.275 -1.275 0.0000e+00
-6.275 -1.225 0.0000e+00
-6.275 -1.175 0.0000e+00
-6.275 -1.125 0.0000e+00
-6.275 -1.075 0.0000e+00
-6.275 -1.025 0.0000e+00
-6.275 -0.975 0.0000e+00
-6.275 -0.925 0.0000e+00
-6.275 -0.875 0.0000e+00
-6.275 -0.825 0.0000e+00
-6.275 -0.775 0.0000e+00
-6.275 -0.725 0.0000e+00
-6.275 -0.675 0.0000e+00
-6.275 -0.625 0.0000e+00
-6.275 -0.575 0.0000e+00
-6.275 -0.525 0.0000e+00
-6.275 -0.475 0.0000e+00
-6.275 -0.425 0.0000e+00
-6.275 -0.375 0.0000e+00
-6.275 -0.325 0.0000e+00
-6.275 -0.275 0.0000e+00
-6.275 -0.225 0.0000e+00
-6.275 -0.175 0.0000e+00
-6.275 -0.125 0.0000e+00
-6.275 -0.075 0.0000e+00
-6.275 -0.025 0.0000e+00
-6.275 0.025 0.0000e+00
-6.275 0.075 0.0000e+00
-6.275 0.125 0.0000e+00
-6.275 0.175 0.0000e+00
-6.275 0.225 0.0000e+00
-6.275 0.275 0.0000e+00
-6.275 0.325 0.0000e+00
-6.275 0.375 0.0000e+00
-6.275 0.425 0.0000e+00
-6.275 0.475 0.0000e+00
-6.275 0.525 0.0000e+00
-6.275 0.575 0.0000e+00
-6.275 0.625 0.0000e+00
-6.275 0.675 0.0000e+00
-6.275 0.725 0.0000e+00
-6.275 0.775 0.0000e+00
-6.275 0.825 4.1305e-15
-6.275 0.875 8.2452e-15
-6.275 0.925 1.6460e-14
-6.275 0.975 3.2862e-14
-6.275 1.025 6.5611e-14
-6.275 1.075 1.3101e-13
-6.275 1.125 2.6161e-13
-6.275 1.175 5.2247e-13
-6.275 1.225 1.0436e-12
-6.275 1.275 2.0846e-12
-6.275 1.325 4.1648e-12
-6.275 1.375 8.3220e-12
-6.275 1.425 1.6632e-11
-6.275 1.475 3.3245e-11
-6.275 1.525 6.6469e-11
-6.275 1.575 1.3293e-10
-6.275 1.625 2.6590e-10
-6.275 1.675 5.3206e-10
-6.275 1.725 1.0650e-09
-6.275 1.775 2.1325e-09
-6.275 1.825 4.2717e-09
-6.275 1.875 8.5606e-09
-6.275 1.925 1.7164e-08
-6.275 1.975 3.4433e-08
-6.275 2.025 6.9117e-08
-6.275 2.075 1.3882e-07
-6.275 2.125 2.7902e-07
-6.275 2.175 5.6123e-07
-6.275 2.225 1.1297e-06
-6.275 2.275 2.2760e-06
-6.275 2.325 4.5891e-06
-6.275 2.375 9.2611e-06
-6.275 2.425 1.8705e-05
-6.275 2.475 3.7811e-05
-6.275 2.525 7.6484e-05
-6.275 2.575 1.5480e-04
-6.275 2.625 3.1339e-04
-6.275 2.675 6.3439e-04
-6.275 2.725 1.2834e-03
-6.275 2.775 2.5928e-03
-6.275 2.825 5.2259e-03
-6.275 2.875 1.0494e-02
-6.275 2.925 2.0959e-02
-6.275 2.975 4.1546e-02
-6.275 3.025 8.1518e-02
-6.275 3.075 1.5784e-01
-6.275 3.125 3.0057e-01
-6.275 3.175 5.6093e-01
-6.275 3.225 1.0228e+00
-6.275 3.275 1.8183e+00
-6.275 3.325 3.1508e+00
-6.275 3.375 5.3347e+00
-6.275 3.425 8.8768e+00
-6.275 3.475 1.4653e+01
-6.275 3.525 2.4290e+01
-6.275 3.575 4.0940e+01
-6.275 3.625 7.0791e+01
-6.275 3.675 1.2570e+02
-6.275 3.725 2.2698e+02
-6.275 3.775 4.0721e+02
-6.275 3.825 6.6671e+02
-6.275 3.875 0.0000e+00
-6.275 3.925 0.0000e+00
-6.275 3.975 0.0000e+00
-6.225 -1.975 0.0000e+00
-6.225 -1.925 0.0000e+00
-6.225 -1.875 0.0000e+00
-6.225 -1.825 0.0000e+00
-6.225 -1.775 0.0000e+00
-6.225 -1.725 0.0000e+00
-6.225 -1.675 0.0000e+00
-6.225 -1.625 0.0000e+00
-6.225 -1.575 0.0000e+00
-6.225 -1.525 0.0000e+00
-6.225 -1.475 0.0000e+00
-6.225 -1.425 0.0000e+00
-6.225 -1.375 0.0000e+00
-6.225 -1.325 0.0000e+00
-6.225 -1.275 0.0000e+00
-6.225 -1.225 0.0000e+00
-6.225 -1.175 0.0000e+00
-6.225 -1.125 0.0000e+00
-6.225 -1.075 0.0000e+00
-6.225 -1.025 0.0000e+00
-6.225 -0.975 0.0000e+00
-6.225 -0.925 0.0000e+00
-6.225 -0.875 0.0000e+00
-6.225 -0.825 0.0000e+00
-6.225 -0.775 0.0000e+00
-6.225 -0.725 0.0000e+00
-6.225 -0.675 0.0000e+00
-6.225 -0.625 0.0000e+00
-6.225 -0.575 0.0000e+00
-6.225 -0.525 0.0000e+00
-6.225 -0.475 0.0000e+00
-6.225 -0.425 0.0000e+00
-6.225 -0.375 0.0000e+00
-6.225 -0.325 0.0000e+00
-6.225 -0.275 0.0000e+00
-6.225 -0.225 0.0000e+00
-6.225 -0.175 0.0000e+00
-6.225 -0.125 0.0000e+00
-6.225 -0.075 0.0000e+00
-6.225 -0.025 0.0000e+00
-6.225 0.025 0.0000e+00
-6.225 0.075 0.0000e+00
-6.225 0.125 0.0000e+00
-6.225 0.175 0.0000e+00
-6.225 0.225 0.0000e+00
-6.225 0.275 0.0000e+00
-6.225 0.325 0.0000e+00
-6.225 0.375 0.0000e+00
-6.225 0.425 0.0000e+00
-6.225 0.475 0.0000e+00
-6.225 0.525 0.0000e+00
-6.225 0.575 0.0000e+00
-6.225 0.625 0.0000e+00
-6.225 0.675 0.0000e+00
-6.225 0.725 0.0000e+00
-6.225 0.775 0.0000e+00
-6.225 0.825 5.2000e-15
-6.225 0.875 1.0380e-14
-6.225 0.925 2.0722e-14
-6.225 0.975 4.1370e-14
-6.225 1.025 8.2599e-14
-6.225 1.075 1.6493e-13
-6.225 1.125 3.2935e-13
-6.225 1.175 6.5775e-13
-6.225 1.225 1.3138e-12
-6.225 1.275 2.6244e-12
-6.225 1.325 5.2431e-12
-6.225 1.375 1.0477e-11
-6.225 1.425 2.0938e-11
-6.225 1.475 4.1853e-11
-6.225 1.525 8.3680e-11
-6.225 1.575 1.6735e-10
-6.225 1.625 3.3475e-10
-6.225 1.675 6.6983e-10
-6.225 1.725 1.3407e-09
-6.225 1.775 2.6846e-09
-6.225 1.825 5.3777e-09
-6.225 1.875 1.0777e-08
-6.225 1.925 2.1609e-08
-6.225 1.975 4.3349e-08
-6.225 2.025 8.7013e-08
-6.225 2.075 1.7477e-07
-6.225 2.125 3.5127e-07
-6.225 2.175 7.0654e-07
-6.225 2.225 1.4222e-06
-6.225 2.275 2.8653e-06
-6.225 2.325 5.7773e-06
-6.225 2.375 1.1659e-05
-6.225 2.425 2.3549e-05
-6.225 2.475 4.7601e-05
-6.225 2.525 9.6288e-05
-6.225 2.575 1.9488e-04
-6.225 2.625 3.9453e-04
-6.225 2.675 7.9865e-04
-6.225 2.725 1.6157e-03
-6.225 2.775 3.2642e-03
-6.225 2.825 6.5790e-03
-6.225 2.875 1.3211e-02
-6.225 2.925 2.6386e-02
-6.225 2.975 5.2303e-02
-6.225 3.025 1.0262e-01
-6.225 3.075 1.9871e-01
-6.225 3.125 3.7839e-01
-6.225 3.175 7.0618e-01
-6.225 3.225 1.2876e+00
-6.225 3.275 2.2891e+00
-6.225 3.325 3.9666e+00
-6.225 3.375 6.7160e+00
-6.225 3.425 1.1175e+01
-6.225 3.475 1.8448e+01
-6.225 3.525 3.0579e+01
-6.225 3.575 5.1541e+01
-6.225 3.625 8.9121e+01
-6.225 3.675 1.5825e+02
-6.225 3.725 2.8576e+02
-6.225 3.775 5.1265e+02
-6.225 3.825 8.3934e+02
-6.225 3.875 0.0000e+00
-6.225 3.925 0.0000e+00
-6.225 3.975 0.0000e+00
-6.175 -1.975 0.0000e+00
-6.175 -1.925 0.0000e+00
-6.175 -1.875 0.0000e+00
-6.175 -1.825 0.0000e+00
-6.175 -1.775 0.0000e+00
-6.175 -1.725 0.0000e+00
-6.175 -1.675 0.0000e+00
-6.175 -1.625 0.0000e+00
-6.175 -1.575 0.0000e+00
-6.175 -1.525 0.0000e+00
-6.175 -1.475 0.0000e+00
-6.175 -1.425 0.0000e+00
-6.175 -1.375 0.0000e+00
-6.175 -1.325 0.0000e+00
-6.175 -1.275 0.0000e+00
-6.175 -1.225 0.0000e+00
-6.175 -1.175 0.0000e+00
-6.175 -1.125 0.0000e+00
-6.175 -1.075 0.0000e+00
-6.175 -1.025 0.0000e+00
-6.175 -0.975 0.0000e+00
-6.175 -0.925 0.0000e+00
-6.175 -0.875 0.0000e+00
-6.175 -0.825 0.0000e+00
-6.175 -0.775 0.0000e+00
-6.175 -0.725 0.0000e+00
-6.175 -0.675 0.0000e+00
-6.175 -0.625 0.0000e+00
-6.175 -0.575 0.0000e+00
-6.175 -0.525 0.0000e+00
-6.175 -0.475 0.0000e+00
-6.175 -0.425 0.0000e+00
-6.175 -0.375 0.0000e+00
-6.175 -0.325 0.0000e+00
-6.175 -0.275 0.0000e+00
-6.175 -0.225 0.0000e+00
-6.175 -0.175 0.0000e+00
-6.175 -0.125 0.0000e+00
-6.175 -0.075 0.0000e+00
-6.175 -0.025 0.0000e+00
-6.175 0.025 0.0000e+00
-6.175 0.075 0.0000e+00
-6.175 0.125 0.0000e+00
-6.175 0.175 0.0000e+00
-6.175 0.225 0.0000e+00
-6.175 0.275 0.0000e+00
-6.175 0.325 0.0000e+00
-6.175 0.375 0.0000e+00
-6.175 0.425 0.0000e+00
-6.175 0.475 0.0000e+00
-6.175 0.525 0.0000e+00
-6.175 0.575 0.0000e+00
-6.175 0.625 0.0000e+00
-6.175 0.675 0.0000e+00
-6.175 0.725 0.0000e+00
-6.175 0.775 0.0000e+00
-6.175 0.825 6.5464e-15
-6.175 0.875 1.3068e-14
-6.175 0.925 2.6087e-14
-6.175 0.975 5.2082e-14
-6.175 1.025 1.0399e-13
-6.175 1.075 2.0763e-13
-6.175 1.125 4.1463e-13
-6.175 1.175 8.2806e-13
-6.175 1.225 1.6539e-12
-6.175 1.275 3.3039e-12
-6.175 1.325 6.6007e-12
-6.175 1.375 1.3189e-11
-6.175 1.425 2.6359e-11
-6.175 1.475 5.2690e-11
-6.175 1.525 1.0535e-10
-6.175 1.575 2.1068e-10
-6.175 1.625 4.2143e-10
-6.175 1.675 8.4326e-10
-6.175 1.725 1.6879e-09
-6.175 1.775 3.3797e-09
-6.175 1.825 6.7701e-09
-6.175 1.875 1.3568e-08
-6.175 1.925 2.7204e-08
-6.175 1.975 5.4573e-08
-6.175 2.025 1.0954e-07
-6.175 2.075 2.2002e-07
-6.175 2.125 4.4222e-07
-6.175 2.175 8.8949e-07
-6.175 2.225 1.7905e-06
-6.175 2.275 3.6072e-06
-6.175 2.325 7.2732e-06
-6.175 2.375 1.4678e-05
-6.175 2.425 2.9646e-05
-6.175 2.475 5.9926e-05
-6.175 2.525 1.2122e-04
-6.175 2.575 2.4534e-04
-6.175 2.625 4.9668e-04
-6.175 2.675 1.0054e-03
-6.175 2.725 2.0340e-03
-6.175 2.775 4.1093e-03
-6.175 2.825 8.2824e-03
-6.175 2.875 1.6632e-02
-6.175 2.925 3.3218e-02
-6.175 2.975 6.5846e-02
-6.175 3.025 1.2920e-01
-6.175 3.075 2.5016e-01
-6.175 3.125 4.7637e-01
-6.175 3.175 8.8902e-01
-6.175 3.225 1.6210e+00
-6.175 3.275 2.8818e+00
-6.175 3.325 4.9937e+00
-6.175 3.375 8.4550e+00
-6.175 3.425 1.4069e+01
-6.175 3.475 2.3224e+01
-6.175 3.525 3.8497e+01
-6.175 3.575 6.4886e+01
-6.175 3.625 1.1220e+02
-6.175 3.675 1.9923e+02
-6.175 3.725 3.5975e+02
-6.175 3.775 6.4539e+02
-6.175 3.825 1.0567e+03
-6.175 3.875 0.0000e+00
-6.175 3.925 0.0000e+00
-6.175 3.975 0.0000e+00
-6.125 -1.975 0.0000e+00
-6.125 -1.925 0.0000e+00
-6.125 -1.875 0.0000e+00
-6.125 -1.825 0.0000e+00
-6.125 -1.775 0.0000e+00
-6.125 -1.725 0.0000e+00
-6.125 -1.675 0.0000e+00
-6.125 -1.625 0.0000e+00
-6.125 -1.575 0.0000e+00
-6.125 -1.525 0.0000e+00
-6.125 -1.475 0.0000e+00
-6.125 -1.425 0.0000e+00
-6.125 -1.375 0.0000e+00
-6.125 -1.325 0.0000e+00
-6.125 -1.275 0.0000e+00
-6.125 -1.225 0.0000e+00
-6.125 -1.175 0.0000e+00
-6.125 -1.125 0.0000e+00
-6.125 -1.075 0.0000e+00
-6.125 -1.025 0.0000e+00
-6.125 -0.975 0.0000e+00
-6.125 -0.925 0.0000e+00
-6.125 -0.875 0.0000e+00
-6.125 -0.825 0.0000e+00
-6.125 -0.775 0.0000e+00
-6.125 -0.725 0.0000e+00
-6.125 -0.675 0.0000e+00
-6.125 -0.625 0.0000e+00
-6.125 -0.575 0.0000e+00
-6.125 -0.525 0.0000e+00
-6.125 -0.475 0.0000e+00
-6.125 -0.425 0.0000e+00
-6.125 -0.375 0.0000e+00
-6.125 -0.325 0.0000e+00
-6.125 -0.275 0.0000e+00
-6.125 -0.225 0.0000e+00
-6.125 -0.175 0.0000e+00
-6.125 -0.125 0.0000e+00
-6.125 -0.075 0.0000e+00
-6.125 -0.025 0.0000e+00
-6.125 0.025 0.0000e+00
-6.125 0.075 0.0000e+00
-6.125 0.125 0.0000e+00
-6.125 0.175 0.0000e+00
-6.125 0.225 0.0000e+00
-6.125 0.275 0.0000e+00
-6.125 0.325 0.0000e+00
-6.125 0.375 0.0000e+00
-6.125 0.425 0.0000e+00
-6.125 0.475 0.0000e+00
-6.125 0.525 0.0000e+00
-6.125 0.575 0.0000e+00
-6.125 0.625 0.0000e+00
-6.125 0.675 0.0000e+00
-6.125 0.725 0.0000e+00
-6.125 0.775 0.0000e+00
-6.125 0.825 8.2414e-15
-6.125 0.875 1.6451e-14
-6.125 0.925 3.2842e-14
-6.125 0.975 6.5567e-14
-6.125 1.025 1.3091e-13
-6.125 1.075 2.6140e-13
-6.125 1.125 5.2199e-13
-6.125 1.175 1.0425e-12
-6.125 1.225 2.0822e-12
-6.125 1.275 4.1593e-12
-6.125 1.325 8.3098e-12
-6.125 1.375 1.6604e-11
-6.125 1.425 3.3185e-11
-6.125 1.475 6.6333e-11
-6.125 1.525 1.3262e-10
-6.125 1.575 2.6522e-10
-6.125 1.625 5.3055e-10
-6.125 1.675 1.0616e-09
-6.125 1.725 2.1249e-09
-6.125 1.775 4.2548e-09
-6.125 1.825 8.5231e-09
-6.125 1.875 1.7081e-08
-6.125 1.925 3.4247e-08
-6.125 1.975 6.8703e-08
-6.125 2.025 1.3791e-07
-6.125 2.075 2.7699e-07
-6.125 2.125 5.5673e-07
-6.125 2.175 1.1198e-06
-6.125 2.225 2.2541e-06
-6.125 2.275 4.5412e-06
-6.125 2.325 9.1565e-06
-6.125 2.375 1.8478e-05
-6.125 2.425 3.7322e-05
-6.125 2.475 7.5443e-05
-6.125 2.525 1.5261e-04
-6.125 2.575 3.0886e-04
-6.125 2.625 6.2529e-04
-6.125 2.675 1.2658e-03
-6.125 2.725 2.5607e-03
-6.125 2.775 5.1734e-03
-6.125 2.825 1.0427e-02
-6.125 2.875 2.0938e-02
-6.125 2.925 4.1819e-02
-6.125 2.975 8.2895e-02
-6.125 3.025 1.6265e-01
-6.125 3.075 3.1493e-01
-6.125 3.125 5.9971e-01
-6.125 3.175 1.1192e+00
-6.125 3.225 2.0408e+00
-6.125 3.275 3.6280e+00
-6.125 3.325 6.2867e+00
-6.125 3.375 1.0644e+01
-6.125 3.425 1.7712e+01
-6.125 3.475 2.9238e+01
-6.125 3.525 4.8465e+01
-6.125 3.575 8.1687e+01
-6.125 3.625 1.4125e+02
-6.125 3.675 2.5081e+02
-6.125 3.725 4.5290e+02
-6.125 3.775 8.1250e+02
-6.125 3.825 1.3303e+03
-6.125 3.875 0.0000e+00
-6.125 3.925 0.0000e+00
-6.125 3.975 0.0000e+00
-6.075 -1.975 0.0000e+00
-6.075 -1.925 0.0000e+00
-6.075 -1.875 0.0000e+00
-6.075 -1.825 0.0000e+00
-6.075 -1.775 0.0000e+00
-6.075 -1.725 0.0000e+00
-6.075 -1.675 0.0000e+00
-6.075 -1.625 0.0000e+00
-6.075 -1.575 0.0000e+00
-6.075 -1.525 0.0000e+00
-6.075 -1.475 0.0000e+00
-6.075 -1.425 0.0000e+00
-6.075 -1.375 0.0000e+00
-6.075 -1.325 0.0000e+00
-6.075 -1.275 0.0000e+00
-6.075 -1.225 0.0000e+00
-6.075 -1.175 0.0000e+00
-6.075 -1.125 0.0000e+00
-6.075 -1.075 0.0000e+00
-6.075 -1.025 0.0000e+00
-6.075 -0.975 0.0000e+00
-6.075 -0.925 0.0000e+00
-6.075 -0.875 0.0000e+00
-6.075 -0.825 0.0000e+00
-6.075 -0.775 0.0000e+00
-6.075 -0.725 0.0000e+00
-6.075 -0.675 0.0000e+00
-6.075 -0.625 0.0000e+00
-6.075 -0.575 0.0000e+00
-6.075 -0.525 0.0000e+00
-6.075 -0.475 0.0000e+00
-6.075 -0.425 0.0000e+00
-6.075 -0.375 0.0000e+00
-6.075 -0.325 0.0000e+00
-6.075 -0.275 0.0000e+00
-6.075 -0.225 0.0000e+00
-6.075 -0.175 0.0000e+00
-6.075 -0.125 0.0000e+00
-6.075 -0.075 0.0000e+00
-6.075 -0.025 0.0000e+00
-6.075 0.025 0.0000e+00
-6.075 0.075 0.0000e+00
-6.075 0.125 0.0000e+00
-6.075 0.175 0.0000e+00
-6.075 0.225 0.0000e+00
-6.075 0.275 0.0000e+00
-6.075 0.325 0.0000e+00
-6.075 0.375 0.0000e+00
-6.075 0.425 0.0000e+00
-6.075 0.475 0.0000e+00
-6.075 0.525 0.0000e+00
-6.075 0.575 0.0000e+00
-6.075 0.625 0.0000e+00
-6.075 0.675 0.0000e+00
-6.075 0.725 0.0000e+00
-6.075 0.775 0.0000e+00
-6.075 0.825 1.0375e-14
-6.075 0.875 2.0711e-14
-6.075 0.925 4.1346e-14
-6.075 0.975 8.2545e-14
-6.075 1.025 1.6481e-13
-6.075 1.075 3.2908e-13
-6.075 1.125 6.5714e-13
-6.075 1.175 1.3124e-12
-6.075 1.225 2.6213e-12
-6.075 1.275 5.2363e-12
-6.075 1.325 1.0461e-11
-6.075 1.375 2.0904e-11
-6.075 1.425 4.1777e-11
-6.075 1.475 8.3509e-11
-6.075 1.525 1.6696e-10
-6.075 1.575 3.3390e-10
-6.075 1.625 6.6792e-10
-6.075 1.675 1.3365e-09
-6.075 1.725 2.6751e-09
-6.075 1.775 5.3565e-09
-6.075 1.825 1.0730e-08
-6.075 1.875 2.1503e-08
-6.075 1.925 4.3115e-08
-6.075 1.975 8.6492e-08
-6.075 2.025 1.7361e-07
-6.075 2.075 3.4871e-07
-6.075 2.125 7.0088e-07
-6.075 2.175 1.4097e-06
-6.075 2.225 2.8378e-06
-6.075 2.275 5.7170e-06
-6.075 2.325 1.1527e-05
-6.075 2.375 2.3263e-05
-6.075 2.425 4.6986e-05
-6.075 2.475 9.4977e-05
-6.075 2.525 1.9212e-04
-6.075 2.575 3.8883e-04
-6.075 2.625 7.8719e-04
-6.075 2.675 1.5935e-03
-6.075 2.725 3.2237e-03
-6.075 2.775 6.5129e-03
-6.075 2.825 1.3127e-02
-6.075 2.875 2.6360e-02
-6.075 2.925 5.2647e-02
-6.075 2.975 1.0436e-01
-6.075 3.025 2.0476e-01
-6.075 3.075 3.9648e-01
-6.075 3.125 7.5499e-01
-6.075 3.175 1.4090e+00
-6.075 3.225 2.5692e+00
-6.075 3.275 4.5674e+00
-6.075 3.325 7.9145e+00
-6.075 3.375 1.3400e+01
-6.075 3.425 2.2298e+01
-6.075 3.475 3.6808e+01
-6.075 3.525 6.1014e+01
-6.075 3.575 1.0284e+02
-6.075 3.625 1.7782e+02
-6.075 3.675 3.1576e+02
-6.075 3.725 5.7016e+02
-6.075 3.775 1.0229e+03
-6.075 3.825 1.6747e+03
-6.075 3.875 0.0000e+00
-6.075 3.925 0.0000e+00
-6.075 3.975 0.0000e+00
-6.025 -1.975 0.0000e+00
-6.025 -1.925 0.0000e+00
-6.025 -1.875 0.0000e+00
-6.025 -1.825 0.0000e+00
-6.025 -1.775 0.0000e+00
-6.025 -1.725 0.0000e+00
-6.025 -1.675 0.0000e+00
-6.025 -1.625 0.0000e+00
-6.025 -1.575 0.0000e+00
-6.025 -1.525 0.0000e+00
-6.025 -1.475 0.0000e+00
-6.025 -1.425 0.0000e+00
-6.025 -1.375 0.0000e+00
-6.025 -1.325 0.0000e+00
-6.025 -1.275 0.0000e+00
-6.025 -1.225 0.0000e+00
-6.025 -1.175 0.0000e+00
-6.025 -1.125 0.0000e+00
-6.025 -1.075 0.0000e+00
-6.025 -1.025 0.0000e+00
-6.025 -0.975 0.0000e+00
-6.025 -0.925 0.0000e+00
-6.025 -0.875 0.0000e+00
-6.025 -0.825 0.0000e+00
-6.025 -0.775 0.0000e+00
-6.025 -0.725 0.0000e+00
-6.025 -0.675 0.0000e+00
-6.025 -0.625 0.0000e+00
-6.025 -0.575 0.0000e+00
-6.025 -0.525 0.0000e+00
-6.025 -0.475 0.0000e+00
-6.025 -0.425 0.0000e+00
-6.025 -0.375 0.0000e+00
-6.025 -0.325 0.0000e+00
-6.025 -0.275 0.0000e+00
-6.025 -0.225 0.0000e+00
-6.025 -0.175 0.0000e+00
-6.025 -0.125 0.0000e+00
-6.025 -0.075 0.0000e+00
-6.025 -0.025 0.0000e+00
-6.025 0.025 0.0000e+00
-6.025 0.075 0.0000e+00
-6.025 0.125 0.0000e+00
-6.025 0.175 0.0000e+00
-6.025 0.225 0.0000e+00
-6.025 0.275 0.0000e+00
-6.025 0.325 0.0000e+00
-6.025 0.375 0.0000e+00
-6.025 0.425 0.0000e+00
-6.025 0.475 0.0000e+00
-6.025 0.525 0.0000e+00
-6.025 0.575 0.0000e+00
-6.025 0.625 0.0000e+00
-6.025 0.675 0.0000e+00
-6.025 0.725 0.0000e+00
-6.025 0.775 0.0000e+00
-6.025 0.825 1.3062e-14
-6.025 0.875 2.6074e-14
-6.025 0.925 5.2051e-14
-6.025 0.975 1.0392e-13
-6.025 1.025 2.0748e-13
-6.025 1.075 4.1428e-13
-6.025 1.125 8.2729e-13
-6.025 1.175 1.6522e-12
-6.025 1.225 3.3000e-12
-6.025 1.275 6.5921e-12
-6.025 1.325 1.3170e-11
-6.025 1.375 2.6316e-11
-6.025 1.425 5.2594e-11
-6.025 1.475 1.0513e-10
-6.025 1.525 2.1019e-10
-6.025 1.575 4.2035e-10
-6.025 1.625 8.4086e-10
-6.025 1.675 1.6825e-09
-6.025 1.725 3.3678e-09
-6.025 1.775 6.7435e-09
-6.025 1.825 1.3508e-08
-6.025 1.875 2.7071e-08
-6.025 1.925 5.4278e-08
-6.025 1.975 1.0889e-07
-6.025 2.025 2.1857e-07
-6.025 2.075 4.3900e-07
-6.025 2.125 8.8235e-07
-6.025 2.175 1.7748e-06
-6.025 2.225 3.5725e-06
-6.025 2.275 7.1973e-06
-6.025 2.325 1.4512e-05
-6.025 2.375 2.9286e-05
-6.025 2.425 5.9151e-05
-6.025 2.475 1.1957e-04
-6.025 2.525 2.4187e-04
-6.025 2.575 4.8951e-04
-6.025 2.625 9.9101e-04
-6.025 2.675 2.0061e-03
-6.025 2.725 4.0585e-03
-6.025 2.775 8.1992e-03
-6.025 2.825 1.6526e-02
-6.025 2.875 3.3185e-02
-6.025 2.925 6.6279e-02
-6.025 2.975 1.3138e-01
-6.025 3.025 2.5778e-01
-6.025 3.075 4.9913e-01
-6.025 3.125 9.5047e-01
-6.025 3.175 1.7738e+00
-6.025 3.225 3.2344e+00
-6.025 3.275 5.7500e+00
-6.025 3.325 9.9638e+00
-6.025 3.375 1.6870e+01
-6.025 3.425 2.8071e+01
-6.025 3.475 4.6339e+01
-6.025 3.525 7.6813e+01
-6.025 3.575 1.2947e+02
-6.025 3.625 2.2387e+02
-6.025 3.675 3.9752e+02
-6.025 3.725 7.1779e+02
-6.025 3.775 1.2877e+03
-6.025 3.825 2.1083e+03
-6.025 3.875 0.0000e+00
-6.025 3.925 0.0000e+00
-6.025 3.975 0.0000e+00
-5.975 -1.975 0.0000e+00
-5.975 -1.925 0.0000e+00
-5.975 -1.875 0.0000e+00
-5.975 -1.825 0.0000e+00
-5.975 -1.775 0.0000e+00
-5.975 -1.725 0.0000e+00
-5.975 -1.675 0.0000e+00
-5.975 -1.625 0.0000e+00
-5.975 -1.575 0.0000e+00
-5.975 -1.525 0.0000e+00
-5.975 -1.475 0.0000e+00
-5.975 -1.425 0.0000e+00
-5.975 -1.375 0.0000e+00
-5.975 -1.325 0.0000e+00
-5.975 -1.275 0.0000e+00
-5.975 -1.225 0.0000e+00
-5.975 -1.175 0.0000e+00
-5.975 -1.125 0.0000e+00
-5.975 -1.075 0.0000e+00
-5.975 -1.025 0.0000e+00
-5.975 -0.975 0.0000e+00
-5.975 -0.925 0.0000e+00
-5.975 -0.875 0.0000e+00
-5.975 -0.825 0.0000e+00
-5.975 -0.775 0.0000e+00
-5.975 -0.725 0.0000e+00
-5.975 -0.675 0.0000e+00
-5.975 -0.625 0.0000e+00
-5.975 -0.575 0.0000e+00
-5.975 -0.525 0.0000e+00
-5.975 -0.475 0.0000e+00
-5.975 -0.425 0.0000e+00
-5.975 -0.375 0.0000e+00
-5.975 -0.325 0.0000e+00
-5.975 -0.275 0.0000e+00
-5.975 -0.225 0.0000e+00
-5.975 -0.175 0.0000e+00
-5.975 -0.125 0.0000e+00
-5.975 -0.075 0.0000e+00
-5.975 -0.025 0.0000e+00
-5.975 0.025 0.0000e+00
-5.975 0.075 0.0000e+00
-5.975 0.125 0.0000e+00
-5.975 0.175 0.0000e+00
-5.975 0.225 0.0000e+00
-5.975 0.275 0.0000e+00
-5.975 0.325 0.0000e+00
-5.975 0.375 0.0000e+00
-5.975 0.425 0.0000e+00
-5.975 0.475 0.0000e+00
-5.975 0.525 0.0000e+00
-5.975 0.575 0.0000e+00
-5.975 0.625 0.0000e+00
-5.975 0.675 0.0000e+00
-5.975 0.725 0.0000e+00
-5.975 0.775 0.0000e+00
-5.975 0.825 1.6444e-14
-5.975 0.875 3.2825e-14
-5.975 0.925 6.5529e-14
-5.975 0.975 1.3082e-13
-5.975 1.025 2.6120e-13
-5.975 1.075 5.2155e-13
-5.975 1.125 1.0415e-12
-5.975 1.175 2.0800e-12
-5.975 1.225 4.1545e-12
-5.975 1.275 8.2989e-12
-5.975 1.325 1.6580e-11
-5.975 1.375 3.3130e-11
-5.975 1.425 6.6212e-11
-5.975 1.475 1.3235e-10
-5.975 1.525 2.6462e-10
-5.975 1.575 5.2919e-10
-5.975 1.625 1.0586e-09
-5.975 1.675 2.1182e-09
-5.975 1.725 4.2398e-09
-5.975 1.775 8.4895e-09
-5.975 1.825 1.7006e-08
-5.975 1.875 3.4080e-08
-5.975 1.925 6.8332e-08
-5.975 1.975 1.3708e-07
-5.975 2.025 2.7516e-07
-5.975 2.075 5.5267e-07
-5.975 2.125 1.1108e-06
-5.975 2.175 2.2343e-06
-5.975 2.225 4.4975e-06
-5.975 2.275 9.0608e-06
-5.975 2.325 1.8270e-05
-5.975 2.375 3.6869e-05
-5.975 2.425 7.4467e-05
-5.975 2.475 1.5053e-04
-5.975 2.525 3.0449e-04
-5.975 2.575 6.1626e-04
-5.975 2.625 1.2476e-03
-5.975 2.675 2.5255e-03
-5.975 2.725 5.1093e-03
-5.975 2.775 1.0322e-02
-5.975 2.825 2.0805e-02
-5.975 2.875 4.1777e-02
-5.975 2.925 8.3440e-02
-5.975 2.975 1.6540e-01
-5.975 3.025 3.2453e-01
-5.975 3.075 6.2837e-01
-5.975 3.125 1.1966e+00
-5.975 3.175 2.2331e+00
-5.975 3.225 4.0718e+00
-5.975 3.275 7.2388e+00
-5.975 3.325 1.2544e+01
-5.975 3.375 2.1238e+01
-5.975 3.425 3.5340e+01
-5.975 3.475 5.8337e+01
-5.975 3.525 9.6702e+01
-5.975 3.575 1.6299e+02
-5.975 3.625 2.8183e+02
-5.975 3.675 5.0045e+02
-5.975 3.725 9.0365e+02
-5.975 3.775 1.6211e+03
-5.975 3.825 2.6542e+03
-5.975 3.875 0.0000e+00
-5.975 3.925 0.0000e+00
-5.975 3.975 0.0000e+00
-5.925 -1.975 0.0000e+00
-5.925 -1.925 0.0000e+00
-5.925 -1.875 0.0000e+00
-5.925 -1.825 0.0000e+00
-5.925 -1.775 0.0000e+00
-5.925 -1.725 0.0000e+00
-5.925 -1.675 0.0000e+00
-5.925 -1.625 0.0000e+00
-5.925 -1.575 0.0000e+00
-5.925 -1.525 0.0000e+00
-5.925 -1.475 0.0000e+00
-5.925 -1.425 0.0000e+00
-5.925 -1.375 0.0000e+00
-5.925 -1.325 0.0000e+00
-5.925 -1.275 0.0000e+00
-5.925 -1.225 0.0000e+00
-5.925 -1.175 0.0000e+00
-5.925 -1.125 0.0000e+00
-5.925 -1.075 0.0000e+00
-5.925 -1.025 0.0000e+00
-5.925 -0.975 0.0000e+00
-5.925 -0.925 0.0000e+00
-5.925 -0.875 0.0000e+00
-5.925 -0.825 0.0000e+00
-5.925 -0.775 0.0000e+00
-5.925 -0.725 0.0000e+00
-5.925 -0.675 0.0000e+00
-5.925 -0.625 0.0000e+00
-5.925 -0.575 0.0000e+00
-5.925 -0.525 0.0000e+00
-5.925 -0.475 0.0000e+00
-5.925 -0.425 0.0000e+00
-5.925 -0.375 0.0000e+00
-5.925 -0.325 0.0000e+00
-5.925 -0.275 0.0000e+00
-5.925 -0.225 0.0000e+00
-5.925 -0.175 0.0000e+00
-5.925 -0.125 0.0000e+00
-5.925 -0.075 0.0000e+00
-5.925 -0.025 0.0000e+00
-5.925 0.025 0.0000e+00
-5.925 0.075 0.0000e+00
-5.925 0.125 0.0000e+00
-5.925 0.175 0.0000e+00
-5.925 0.225 0.0000e+00
-5.925 0.275 0.0000e+00
-5.925 0.325 0.0000e+00
-5.925 0.375 0.0000e+00
-5.925 0.425 0.0000e+00
-5.925 0.475 0.0000e+00
-5.925 0.525 0.0000e+00
-5.925 0.575 0.0000e+00
-5.925 0.625 0.0000e+00
-5.925 0.675 0.0000e+00
-5.925 0.725 0.0000e+00
-5.925 0.775 0.0000e+00
-5.925 0.825 2.0701e-14
-5.925 0.875 4.1324e-14
-5.925 0.925 8.2496e-14
-5.925 0.975 1.6470e-13
-5.925 1.025 3.2883e-13
-5.925 1.075 6.5660e-13
-5.925 1.125 1.3112e-12
-5.925 1.175 2.6186e-12
-5.925 1.225 5.2302e-12
-5.925 1.275 1.0448e-11
-5.925 1.325 2.0873e-11
-5.925 1.375 4.1709e-11
-5.925 1.425 8.3356e-11
-5.925 1.475 1.6662e-10
-5.925 1.525 3.3314e-10
-5.925 1.575 6.6621e-10
-5.925 1.625 1.3327e-09
-5.925 1.675 2.6666e-09
-5.925 1.725 5.3376e-09
-5.925 1.775 1.0688e-08
-5.925 1.825 2.1409e-08
-5.925 1.875 4.2905e-08
-5.925 1.925 8.6025e-08
-5.925 1.975 1.7257e-07
-5.925 2.025 3.4640e-07
-5.925 2.075 6.9577e-07
-5.925 2.125 1.3984e-06
-5.925 2.175 2.8128e-06
-5.925 2.225 5.6621e-06
-5.925 2.275 1.1407e-05
-5.925 2.325 2.3000e-05
-5.925 2.375 4.6415e-05
-5.925 2.425 9.3749e-05
-5.925 2.475 1.8950e-04
-5.925 2.525 3.8333e-04
-5.925 2.575 7.7583e-04
-5.925 2.625 1.5707e-03
-5.925 2.675 3.1795e-03
-5.925 2.725 6.4322e-03
-5.925 2.775 1.2995e-02
-5.925 2.825 2.6191e-02
-5.925 2.875 5.2594e-02
-5.925 2.925 1.0504e-01
-5.925 2.975 2.0822e-01
-5.925 3.025 4.0856e-01
-5.925 3.075 7.9108e-01
-5.925 3.125 1.5064e+00
-5.925 3.175 2.8113e+00
-5.925 3.225 5.1262e+00
-5.925 3.275 9.1132e+00
-5.925 3.325 1.5792e+01
-5.925 3.375 2.6738e+01
-5.925 3.425 4.4491e+01
-5.925 3.475 7.3443e+01
-5.925 3.525 1.2174e+02
-5.925 3.575 2.0520e+02
-5.925 3.625 3.5481e+02
-5.925 3.675 6.3003e+02
-5.925 3.725 1.1376e+03
-5.925 3.775 2.0409e+03
-5.925 3.825 3.3414e+03
-5.925 3.875 0.0000e+00
-5.925 3.925 0.0000e+00
-5.925 3.975 0.0000e+00
-5.875 -1.975 0.0000e+00
-5.875 -1.925 0.0000e+00
-5.875 -1.875 0.0000e+00
-5.875 -1.825 0.0000e+00
-5.875 -1.775 0.0000e+00
-5.875 -1.725 0.0000e+00
-5.875 -1.675 0.0000e+00
-5.875 -1.625 0.0000e+00
-5.875 -1.575 0.0000e+00
-5.875 -1.525 0.0000e+00
-5.875 -1.475 0.0000e+00
-5.875 -1.425 0.0000e+00
-5.875 -1.375 0.0000e+00
-5.875 -1.325 0.0000e+00
-5.875 -1.275 0.0000e+00
-5.875 -1.225 0.0000e+00
-5.875 -1.175 0.0000e+00
-5.875 -1.125 0.0000e+00
-5.875 -1.075 0.0000e+00
-5.875 -1.025 0.0000e+00
-5.875 -0.975 0.0000e+00
-5.875 -0.925 0.0000e+00
-5.875 -0.875 0.0000e+00
-5.875 -0.825 0.0000e+00
-5.875 -0.775 0.0000e+00
-5.875 -0.725 0.0000e+00
-5.875 -0.675 0.0000e+00
-5.875 -0.625 0.0000e+00
-5.875 -0.575 0.0000e+00
-5.875 -0.525 0.0000e+00
-5.875 -0.475 0.0000e+00
-5.875 -0.425 0.0000e+00
-5.875 -0.375 0.0000e+00
-5.875 -0.325 0.0000e+00
-5.875 -0.275 0.0000e+00
-5.875 -0.225 0.0000e+00
-5.875 -0.175 0.0000e+00
-5.875 -0.125 0.0000e+00
-5.875 -0.075 0.0000e+00
-5.875 -0.025 0.0000e+00
-5.875 0.025 0.0000e+00
-5.875 0.075 0.0000e+00
-5.875 0.125 0.0000e+00
-5.875 0.175 0.0000e+00
-5.875 0.225 0.0000e+00
-5.875 0.275 0.0000e+00
-5.875 0.325 0.0000e+00
-5.875 0.375 0.0000e+00
-5.875 0.425 0.0000e+00
-5.875 0.475 0.0000e+00
-5.875 0.525 0.0000e+00
-5.875 0.575 0.0000e+00
-5.875 0.625 0.0000e+00
-5.875 0.675 0.0000e+00
-5.875 0.725 0.0000e+00
-5.875 0.775 0.0000e+00
-5.875 0.825 2.6061e-14
-5.875 0.875 5.2024e-14
-5.875 0.925 1.0386e-13
-5.875 0.975 2.0734e-13
-5.875 1.025 4.1398e-13
-5.875 1.075 8.2660e-13
-5.875 1.125 1.6507e-12
-5.875 1.175 3.2966e-12
-5.875 1.225 6.5844e-12
-5.875 1.275 1.3153e-11
-5.875 1.325 2.6278e-11
-5.875 1.375 5.2508e-11
-5.875 1.425 1.0494e-10
-5.875 1.475 2.0976e-10
-5.875 1.525 4.1939e-10
-5.875 1.575 8.3871e-10
-5.875 1.625 1.6777e-09
-5.875 1.675 3.3571e-09
-5.875 1.725 6.7196e-09
-5.875 1.775 1.3455e-08
-5.875 1.825 2.6952e-08
-5.875 1.875 5.4014e-08
-5.875 1.925 1.0830e-07
-5.875 1.975 2.1726e-07
-5.875 2.025 4.3610e-07
-5.875 2.075 8.7592e-07
-5.875 2.125 1.7605e-06
-5.875 2.175 3.5411e-06
-5.875 2.225 7.1281e-06
-5.875 2.275 1.4360e-05
-5.875 2.325 2.8955e-05
-5.875 2.375 5.8434e-05
-5.875 2.425 1.1802e-04
-5.875 2.475 2.3857e-04
-5.875 2.525 4.8258e-04
-5.875 2.575 9.7671e-04
-5.875 2.625 1.9773e-03
-5.875 2.675 4.0027e-03
-5.875 2.725 8.0977e-03
-5.875 2.775 1.6360e-02
-5.875 2.825 3.2973e-02
-5.875 2.875 6.6213e-02
-5.875 2.925 1.3224e-01
-5.875 2.975 2.6214e-01
-5.875 3.025 5.1434e-01
-5.875 3.075 9.9591e-01
-5.875 3.125 1.8965e+00
-5.875 3.175 3.5393e+00
-5.875 3.225 6.4535e+00
-5.875 3.275 1.1473e+01
-5.875 3.325 1.9881e+01
-5.875 3.375 3.3661e+01
-5.875 3.425 5.6011e+01
-5.875 3.475 9.2460e+01
-5.875 3.525 1.5327e+02
-5.875 3.575 2.5833e+02
-5.875 3.625 4.4669e+02
-5.875 3.675 7.9317e+02
-5.875 3.725 1.4322e+03
-5.875 3.775 2.5693e+03
-5.875 3.825 4.2065e+03
-5.875 3.875 0.0000e+00
-5.875 3.925 0.0000e+00
-5.875 3.975 0.0000e+00
-5.825 -1.975 0.0000e+00
-5.825 -1.925 0.0000e+00
-5.825 -1.875 0.0000e+00
-5.825 -1.825 0.0000e+00
-5.825 -1.775 0.0000e+00
-5.825 -1.725 0.0000e+00
-5.825 -1.675 0.0000e+00
-5.825 -1.625 0.0000e+00
-5.825 -1.575 0.0000e+00
-5.825 -1.525 0.0000e+00
-5.825 -1.475 0.0000e+00
-5.825 -1.425 0.0000e+00
-5.825 -1.375 0.0000e+00
-5.825 -1.325 0.0000e+00
-5.825 -1.275 0.0000e+00
-5.825 -1.225 0.0000e+00
-5.825 -1.175 0.0000e+00
-5.825 -1.125 0.0000e+00
-5.825 -1.075 0.0000e+00
-5.825 -1.025 0.0000e+00
-5.825 -0.975 0.0000e+00
-5.825 -0.925 0.0000e+00
-5.825 -0.875 0.0000e+00
-5.825 -0.825 0.0000e+00
-5.825 -0.775 0.0000e+00
-5.825 -0.725 0.0000e+00
-5.825 -0.675 0.0000e+00
-5.825 -0.625 0.0000e+00
-5.825 -0.575 0.0000e+00
-5.825 -0.525 0.0000e+00
-5.825 -0.475 0.0000e+00
-5.825 -0.425 0.0000e+00
-5.825 -0.375 0.0000e+00
-5.825 -0.325 0.0000e+00
-5.825 -0.275 0.0000e+00
-5.825 -0.225 0.0000e+00
-5.825 -0.175 0.0000e+00
-5.825 -0.125 0.0000e+00
-5.825 -0.075 0.0000e+00
-5.825 -0.025 0.0000e+00
-5.825 0.025 0.0000e+00
-5.825 0.075 0.0000e+00
-5.825 0.125 0.0000e+00
-5.825 0.175 0.0000e+00
-5.825 0.225 0.0000e+00
-5.825 0.275 0.0000e+00
-5.825 0.325 0.0000e+00
-5.825 0.375 0.0000e+00
-5.825 0.425 0.0000e+00
-5.825 0.475 0.0000e+00
-5.825 0.525 0.0000e+00
-5.825 0.575 0.0000e+00
-5.825 0.625 0.0000e+00
-5.825 0.675 0.0000e+00
-5.825 0.725 0.0000e+00
-5.825 0.775 0.0000e+00
-5.825 0.825 3.2809e-14
-5.825 0.875 6.5494e-14
-5.825 0.925 1.3075e-13
-5.825 0.975 2.6103e-13
-5.825 1.025 5.2117e-13
-5.825 1.075 1.0406e-12
-5.825 1.125 2.0781e-12
-5.825 1.175 4.1501e-12
-5.825 1.225 8.2893e-12
-5.825 1.275 1.6559e-11
-5.825 1.325 3.3082e-11
-5.825 1.375 6.6104e-11
-5.825 1.425 1.3211e-10
-5.825 1.475 2.6408e-10
-5.825 1.525 5.2798e-10
-5.825 1.575 1.0559e-09
-5.825 1.625 2.1121e-09
-5.825 1.675 4.2263e-09
-5.825 1.725 8.4595e-09
-5.825 1.775 1.6939e-08
-5.825 1.825 3.3931e-08
-5.825 1.875 6.8000e-08
-5.825 1.925 1.3634e-07
-5.825 1.975 2.7351e-07
-5.825 2.025 5.4901e-07
-5.825 2.075 1.1027e-06
-5.825 2.125 2.2164e-06
-5.825 2.175 4.4580e-06
-5.825 2.225 8.9738e-06
-5.825 2.275 1.8079e-05
-5.825 2.325 3.6453e-05
-5.825 2.375 7.3564e-05
-5.825 2.425 1.4858e-04
-5.825 2.475 3.0034e-04
-5.825 2.525 6.0754e-04
-5.825 2.575 1.2296e-03
-5.825 2.625 2.4893e-03
-5.825 2.675 5.0391e-03
-5.825 2.725 1.0194e-02
-5.825 2.775 2.0596e-02
-5.825 2.825 4.1511e-02
-5.825 2.875 8.3357e-02
-5.825 2.925 1.6649e-01
-5.825 2.975 3.3001e-01
-5.825 3.025 6.4752e-01
-5.825 3.075 1.2538e+00
-5.825 3.125 2.3875e+00
-5.825 3.175 4.4557e+00
-5.825 3.225 8.1245e+00
-5.825 3.275 1.4443e+01
-5.825 3.325 2.5028e+01
-5.825 3.375 4.2377e+01
-5.825 3.425 7.0514e+01
-5.825 3.475 1.1640e+02
-5.825 3.525 1.9295e+02
-5.825 3.575 3.2522e+02
-5.825 3.625 5.6235e+02
-5.825 3.675 9.9856e+02
-5.825 3.725 1.8031e+03
-5.825 3.775 3.2346e+03
-5.825 3.825 5.2956e+03
-5.825 3.875 0.0000e+00
-5.825 3.925 0.0000e+00
-5.825 3.975 0.0000e+00
-5.775 -1.975 0.0000e+00
-5.775 -1.925 0.0000e+00
-5.775 -1.875 0.0000e+00
-5.775 -1.825 0.0000e+00
-5.775 -1.775 0.0000e+00
-5.775 -1.725 0.0000e+00
-5.775 -1.675 0.0000e+00
-5.775 -1.625 0.0000e+00
-5.775 -1.575 0.0000e+00
-5.775 -1.525 0.0000e+00
-5.775 -1.475 0.0000e+00
-5.775 -1.425 0.0000e+00
-5.775 -1.375 0.0000e+00
-5.775 -1.325 0.0000e+00
-5.775 -1.275 0.0000e+00
-5.775 -1.225 0.0000e+00
-5.775 -1.175 0.0000e+00
-5.775 -1.125 0.0000e+00
-5.775 -1.075 0.0000e+00
-5.775 -1.025 0.0000e+00
-5.775 -0.975 0.0000e+00
-5.775 -0.925 0.0000e+00
-5.775 -0.875 0.0000e+00
-5.775 -0.825 0.0000e+00
-5.775 -0.775 0.0000e+00
-5.775 -0.725 0.0000e+00
-5.775 -0.675 0.0000e+00
-5.775 -0.625 0.0000e+00
-5.775 -0.575 0.0000e+00
-5.775 -0.525 0.0000e+00
-5.775 -0.475 0.0000e+00
-5.775 -0.425 0.0000e+00
-5.775 -0.375 0.0000e+00
-5.775 -0.325 0.0000e+00
-5.775 -0.275 0.0000e+00
-5.775 -0.225 0.0000e+00
-5.775 -0.175 0.0000e+00
-5.775 -0.125 0.0000e+00
-5.775 -0.075 0.0000e+00
-5.775 -0.025 0.0000e+00
-5.775 0.025 0.0000e+00
-5.775 0.075 0.0000e+00
-5.775 0.125 0.0000e+00
-5.775 0.175 0.0000e+00
-5.775 0.225 0.0000e+00
-5.775 0.275 0.0000e+00
-5.775 0.325 0.0000e+00
-5.775 0.375 0.0000e+00
-5.775 0.425 0.0000e+00
-5.775 0.475 0.0000e+00
-5.775 0.525 0.0000e+00
-5.775 0.575 0.0000e+00
-5.775 0.625 0.0000e+00
-5.775 0.675 0.0000e+00
-5.775 0.725 0.0000e+00
-5.775 0.775 0.0000e+00
-5.775 0.825 4.1305e-14
-5.775 0.875 8.2452e-14
-5.775 0.925 1.6460e-13
-5.775 0.975 3.2862e-13
-5.775 1.025 6.5611e-13
-5.775 1.075 1.3101e-12
-5.775 1.125 2.6161e-12
-5.775 1.175 5.2247e-12
-5.775 1.225 1.0436e-11
-5.775 1.275 2.0846e-11
-5.775 1.325 4.1648e-11
-5.775 1.375 8.3220e-11
-5.775 1.425 1.6632e-10
-5.775 1.475 3.3245e-10
-5.775 1.525 6.6469e-10
-5.775 1.575 1.3293e-09
-5.775 1.625 2.6590e-09
-5.775 1.675 5.3206e-09
-5.775 1.725 1.0650e-08
-5.775 1.775 2.1325e-08
-5.775 1.825 4.2717e-08
-5.775 1.875 8.5606e-08
-5.775 1.925 1.7164e-07
-5.775 1.975 3.4433e-07
-5.775 2.025 6.9117e-07
-5.775 2.075 1.3882e-06
-5.775 2.125 2.7902e-06
-5.775 2.175 5.6123e-06
-5.775 2.225 1.1297e-05
-5.775 2.275 2.2760e-05
-5.775 2.325 4.5891e-05
-5.775 2.375 9.2611e-05
-5.775 2.425 1.8705e-04
-5.775 2.475 3.7811e-04
-5.775 2.525 7.6484e-04
-5.775 2.575 1.5480e-03
-5.775 2.625 3.1339e-03
-5.775 2.675 6.3439e-03
-5.775 2.725 1.2834e-02
-5.775 2.775 2.5928e-02
-5.775 2.825 5.2259e-02
-5.775 2.875 1.0494e-01
-5.775 2.925 2.0959e-01
-5.775 2.975 4.1546e-01
-5.775 3.025 8.1518e-01
-5.775 3.075 1.5784e+00
-5.775 3.125 3.0057e+00
-5.775 3.175 5.6094e+00
-5.775 3.225 1.0228e+01
-5.775 3.275 1.8183e+01
-5.775 3.325 3.1509e+01
-5.775 3.375 5.3350e+01
-5.775 3.425 8.8773e+01
-5.775 3.475 1.4654e+02
-5.775 3.525 2.4292e+02
-5.775 3.575 4.0944e+02
-5.775 3.625 7.0798e+02
-5.775 3.675 1.2571e+03
-5.775 3.725 2.2699e+03
-5.775 3.775 4.0721e+03
-5.775 3.825 6.6667e+03
-5.775 3.875 0.0000e+00
-5.775 3.925 0.0000e+00
-5.775 3.975 0.0000e+00
-5.725 -1.975 0.0000e+00
-5.725 -1.925 0.0000e+00
-5.725 -1.875 0.0000e+00
-5.725 -1.825 0.0000e+00
-5.725 -1.775 0.0000e+00
-5.725 -1.725 0.0000e+00
-5.725 -1.675 0.0000e+00
-5.725 -1.625 0.0000e+00
-5.725 -1.575 0.0000e+00
-5.725 -1.525 0.0000e+00
-5.725 -1.475 0.0000e+00
-5.725 -1.425 0.0000e+00
-5.725 -1.375 0.0000e+00
-5.725 -1.325 0.0000e+00
-5.725 -1.275 0.0000e+00
-5.725 -1.225 0.0000e+00
-5.725 -1.175 0.0000e+00
-5.725 -1.125 0.0000e+00
-5.725 -1.075 0.0000e+00
-5.725 -1.025 0.0000e+00
-5.725 -0.975 0.0000e+00
-5.725 -0.925 0.0000e+00
-5.725 -0.875 0.0000e+00
-5.725 -0.825 0.0000e+00
-5.725 -0.775 0.0000e+00
-5.725 -0.725 0.0000e+00
-5.725 -0.675 0.0000e+00
-5.725 -0.625 0.0000e+00
-5.725 -0.575 0.0000e+00
-5.725 -0.525 0.0000e+00
-5.725 -0.475 0.0000e+00
-5.725 -0.425 0.0000e+00
-5.725 -0.375 0.0000e+00
-5.725 -0.325 0.0000e+00
-5.725 -0.275 0.0000e+00
-5.725 -0.225 0.0000e+00
-5.725 -0.175 0.0000e+00
-5.725 -0.125 0.0000e+00
-5.725 -0.075 0.0000e+00
-5.725 -0.025 0.0000e+00
-5.725 0.025 0.0000e+00
-5.725 0.075 0.0000e+00
-5.725 0.125 0.0000e+00
-5.725 0.175 0.0000e+00
-5.725 0.225 0.0000e+00
-5.725 0.275 0.0000e+00
-5.725 0.325 0.0000e+00
-5.725 0.375 0.0000e+00
-5.725 0.425 0.0000e+00
-5.725 0.475 0.0000e+00
-5.725 0.525 0.0000e+00
-5.725 0.575 0.0000e+00
-5.725 0.625 0.0000e+00
-5.725 0.675 0.0000e+00
-5.725 0.725 0.0000e+00
-5.725 0.775 0.0000e+00
-5.725 0.825 5.2000e-14
-5.725 0.875 1.0380e-13
-5.725 0.925 2.0722e-13
-5.725 0.975 4.1370e-13
-5.725 1.025 8.2599e-13
-5.725 1.075 1.6493e-12
-5.725 1.125 3.2935e-12
-5.725 1.175 6.5775e-12
-5.725 1.225 1.3138e-11
-5.725 1.275 2.6244e-11
-5.725 1.325 5.2431e-11
-5.725 1.375 1.0477e-10
-5.725 1.425 2.0938e-10
-5.725 1.475 4.1853e-10
-5.725 1.525 8.3680e-10
-5.725 1.575 1.6735e-09
-5.725 1.625 3.3475e-09
-5.725 1.675 6.6983e-09
-5.725 1.725 1.3407e-08
-5.725 1.775 2.6846e-08
-5.725 1.825 5.3777e-08
-5.725 1.875 1.0777e-07
-5.725 1.925 2.1609e-07
-5.725 1.975 4.3349e-07
-5.725 2.025 8.7013e-07
-5.725 2.075 1.7477e-06
-5.725 2.125 3.5127e-06
-5.725 2.175 7.0654e-06
-5.725 2.225 1.4222e-05
-5.725 2.275 2.8653e-05
-5.725 2.325 5.7773e-05
-5.725 2.375 1.1659e-04
-5.725 2.425 2.3549e-04
-5.725 2.475 4.7601e-04
-5.725 2.525 9.6288e-04
-5.725 2.575 1.9488e-03
-5.725 2.625 3.9453e-03
-5.725 2.675 7.9865e-03
-5.725 2.725 1.6157e-02
-5.725 2.775 3.2642e-02
-5.725 2.825 6.5790e-02
-5.725 2.875 1.3211e-01
-5.725 2.925 2.6386e-01
-5.725 2.975 5.2303e-01
-5.725 3.025 1.0263e+00
-5.725 3.075 1.9871e+00
-5.725 3.125 3.7839e+00
-5.725 3.175 7.0619e+00
-5.725 3.225 1.2877e+01
-5.725 3.275 2.2892e+01
-5.725 3.325 3.9668e+01
-5.725 3.375 6.7164e+01
-5.725 3.425 1.1176e+02
-5.725 3.475 1.8449e+02
-5.725 3.525 3.0582e+02
-5.725 3.575 5.1547e+02
-5.725 3.625 8.9131e+02
-5.725 3.675 1.5827e+03
-5.725 3.725 2.8577e+03
-5.725 3.775 5.1265e+03
-5.725 3.825 8.3927e+03
-5.725 3.875 0.0000e+00
-5.725 3.925 0.0000e+00
-5.725 3.975 0.0000e+00
-5.675 -1.975 0.0000e+00
-5.675 -1.925 0.0000e+00
-5.675 -1.875 0.0000e+00
-5.675 -1.825 0.0000e+00
-5.675 -1.775 0.0000e+00
-5.675 -1.725 0.0000e+00
-5.675 -1.675 0.0000e+00
-5.675 -1.625 0.0000e+00
-5.675 -1.575 0.0000e+00
-5.675 -1.525 0.0000e+00
-5.675 -1.475 0.0000e+00
-5.675 -1.425 0.0000e+00
-5.675 -1.375 0.0000e+00
-5.675 -1.325 0.0000e+00
-5.675 -1.275 0.0000e+00
-5.675 -1.225 0.0000e+00
-5.675 -1.175 0.0000e+00
-5.675 -1.125 0.0000e+00
-5.675 -1.075 0.0000e+00
-5.675 -1.025 0.0000e+00
-5.675 -0.975 0.0000e+00
-5.675 -0.925 0.0000e+00
-5.675 -0.875 0.0000e+00
-5.675 -0.825 0.0000e+00
-5.675 -0.775 0.0000e+00
-5.675 -0.725 0.0000e+00
-5.675 -0.675 0.0000e+00
-5.675 -0.625 0.0000e+00
-5.675 -0.575 0.0000e+00
-5.675 -0.525 0.0000e+00
-5.675 -0.475 0.0000e+00
-5.675 -0.425 0.0000e+00
-5.675 -0.375 0.0000e+00
-5.675 -0.325 0.0000e+00
-5.675 -0.275 0.0000e+00
-5.675 -0.225 0.0000e+00
-5.675 -0.175 0.0000e+00
-5.675 -0.125 0.0000e+00
-5.675 -0.075 0.0000e+00
-5.675 -0.025 0.0000e+00
-5.675 0.025 0.0000e+00
-5.675 0.075 0.0000e+00
-5.675 0.125 0.0000e+00
-5.675 0.175 0.0000e+00
-5.675 0.225 0.0000e+00
-5.675 0.275 0.0000e+00
-5.675 0.325 0.0000e+00
-5.675 0.375 0.0000e+00
-5.675 0.425 0.0000e+00
-5.675 0.475 0.0000e+00
-5.675 0.525 0.0000e+00
-5.675 0.575 0.0000e+00
-5.675 0.625 0.0000e+00
-5.675 0.675 0.0000e+00
-5.675 0.725 0.0000e+00
-5.675 0.775 0.0000e+00
-5.675 0.825 6.5464e-14
-5.675 0.875 1.3068e-13
-5.675 0.925 2.6087e-13
-5.675 0.975 5.2082e-13
-5.675 1.025 1.0399e-12
-5.675 1.075 2.0763e-12
-5.675 1.125 4.1463e-12
-5.675 1.175 8.2806e-12
-5.675 1.225 1.6539e-11
-5.675 1.275 3.3039e-11
-5.675 1.325 6.6007e-11
-5.675 1.375 1.3189e-10
-5.675 1.425 2.6359e-10
-5.675 1.475 5.2690e-10
-5.675 1.525 1.0535e-09
-5.675 1.575 2.1068e-09
-5.675 1.625 4.2143e-09
-5.675 1.675 8.4326e-09
-5.675 1.725 1.6879e-08
-5.675 1.775 3.3797e-08
-5.675 1.825 6.7701e-08
-5.675 1.875 1.3568e-07
-5.675 1.925 2.7204e-07
-5.675 1.975 5.4573e-07
-5.675 2.025 1.0954e-06
-5.675 2.075 2.2002e-06
-5.675 2.125 4.4222e-06
-5.675 2.175 8.8949e-06
-5.675 2.225 1.7905e-05
-5.675 2.275 3.6072e-05
-5.675 2.325 7.2732e-05
-5.675 2.375 1.4678e-04
-5.675 2.425 2.9646e-04
-5.675 2.475 5.9926e-04
-5.675 2.525 1.2122e-03
-5.675 2.575 2.4534e-03
-5.675 2.625 4.9668e-03
-5.675 2.675 1.0054e-02
-5.675 2.725 2.0340e-02
-5.675 2.775 4.1094e-02
-5.675 2.825 8.2824e-02
-5.675 2.875 1.6632e-01
-5.675 2.925 3.3218e-01
-5.675 2.975 6.5846e-01
-5.675 3.025 1.2920e+00
-5.675 3.075 2.5016e+00
-5.675 3.125 4.7637e+00
-5.675 3.175 8.8904e+00
-5.675 3.225 1.6211e+01
-5.675 3.275 2.8819e+01
-5.675 3.325 4.9940e+01
-5.675 3.375 8.4556e+01
-5.675 3.425 1.4070e+02
-5.675 3.475 2.3227e+02
-5.675 3.525 3.8502e+02
-5.675 3.575 6.4896e+02
-5.675 3.625 1.1221e+03
-5.675 3.675 1.9925e+03
-5.675 3.725 3.5977e+03
-5.675 3.775 6.4538e+03
-5.675 3.825 1.0566e+04
-5.675 3.875 0.0000e+00
-5.675 3.925 0.0000e+00
-5.675 3.975 0.0000e+00
-5.625 -1.975 0.0000e+00
-5.625 -1.925 0.0000e+00
-5.625 -1.875 0.0000e+00
-5.625 -1.825 0.0000e+00
-5.625 -1.775 0.0000e+00
-5.625 -1.725 0.0000e+00
-5.625 -1.675 0.0000e+00
-5.625 -1.625 0.0000e+00
-5.625 -1.575 0.0000e+00
-5.625 -1.525 0.0000e+00
-5.625 -1.475 0.0000e+00
-5.625 -1.425 0.0000e+00
-5.625 -1.375 0.0000e+00
-5.625 -1.325 0.0000e+00
-5.625 -1.275 0.0000e+00
-5.625 -1.225 0.0000e+00
-5.625 -1.175 0.0000e+00
-5.625 -1.125 0.0000e+00
-5.625 -1.075 0.0000e+00
-5.625 -1.025 0.0000e+00
-5.625 -0.975 0.0000e+00
-5.625 -0.925 0.0000e+00
-5.625 -0.875 0.0000e+00
-5.625 -0.825 0.0000e+00
-5.625 -0.775 0.0000e+00
-5.625 -0.725 0.0000e+00
-5.625 -0.675 0.0000e+00
-5.625 -0.625 0.0000e+00
-5.625 -0.575 0.0000e+00
-5.625 -0.525 0.0000e+00
-5.625 -0.475 0.0000e+00
-5.625 -0.425 0.0000e+00
-5.625 -0.375 0.0000e+00
-5.625 -0.325 0.0000e+00
-5.625 -0.275 0.0000e+00
-5.625 -0.225 0.0000e+00
-5.625 -0.175 0.0000e+00
-5.625 -0.125 0.0000e+00
-5.625 -0.075 0.0000e+00
-5.625 -0.025 0.0000e+00
-5.625 0.025 0.0000e+00
-5.625 0.075 0.0000e+00
-5.625 0.125 0.0000e+00
-5.625 0.175 0.0000e+00
-5.625 0.225 0.0000e+00
-5.625 0.275 0.0000e+00
-5.625 0.325 0.0000e+00
-5.625 0.375 0.0000e+00
-5.625 0.425 0.0000e+00
-5.625 0.475 0.0000e+00
-5.625 0.525 0.0000e+00
-5.625 0.575 0.0000e+00
-5.625 0.625 0.0000e+00
-5.625 0.675 0.0000e+00
-5.625 0.725 0.0000e+00
-5.625 0.775 0.0000e+00
-5.625 0.825 8.2414e-14
-5.625 0.875 1.6451e-13
-5.625 0.925 3.2842e-13
-5.625 0.975 6.5567e-13
-5.625 1.025 1.3091e-12
-5.625 1.075 2.6140e-12
-5.625 1.125 5.2199e-12
-5.625 1.175 1.0425e-11
-5.625 1.225 2.0822e-11
-5.625 1.275 4.1593e-11
-5.625 1.325 8.3098e-11
-5.625 1.375 1.6604e-10
-5.625 1.425 3.3185e-10
-5.625 1.475 6.6333e-10
-5.625 1.525 1.3262e-09
-5.625 1.575 2.6522e-09
-5.625 1.625 5.3055e-09
-5.625 1.675 1.0616e-08
-5.625 1.725 2.1249e-08
-5.625 1.775 4.2548e-08
-5.625 1.825 8.5231e-08
-5.625 1.875 1.7081e-07
-5.625 1.925 3.4247e-07
-5.625 1.975 6.8703e-07
-5.625 2.025 1.3791e-06
-5.625 2.075 2.7699e-06
-5.625 2.125 5.5673e-06
-5.625 2.175 1.1198e-05
-5.625 2.225 2.2541e-05
-5.625 2.275 4.5412e-05
-5.625 2.325 9.1565e-05
-5.625 2.375 1.8478e-04
-5.625 2.425 3.7322e-04
-5.625 2.475 7.5443e-04
-5.625 2.525 1.5261e-03
-5.625 2.575 3.0886e-03
-5.625 2.625 6.2529e-03
-5.625 2.675 1.2658e-02
-5.625 2.725 2.5607e-02
-5.625 2.775 5.1734e-02
-5.625 2.825 1.0427e-01
-5.625 2.875 2.0938e-01
-5.625 2.925 4.1819e-01
-5.625 2.975 8.2895e-01
-5.625 3.025 1.6265e+00
-5.625 3.075 3.1494e+00
-5.625 3.125 5.9972e+00
-5.625 3.175 1.1192e+01
-5.625 3.225 2.0408e+01
-5.625 3.275 3.6282e+01
-5.625 3.325 6.2871e+01
-5.625 3.375 1.0645e+02
-5.625 3.425 1.7714e+02
-5.625 3.475 2.9242e+02
-5.625 3.525 4.8473e+02
-5.625 3.575 8.1702e+02
-5.625 3.625 1.4127e+03
-5.625 3.675 2.5085e+03
-5.625 3.725 4.5293e+03
-5.625 3.775 8.1248e+03
-5.625 3.825 1.3301e+04
-5.625 3.875 0.0000e+00
-5.625 3.925 0.0000e+00
-5.625 3.975 0.0000e+00
-5.575 -1.975 0.0000e+00
-5.575 -1.925 0.0000e+00
-5.575 -1.875 0.0000e+00
-5.575 -1.825 0.0000e+00
-5.575 -1.775 0.0000e+00
-5.575 -1.725 0.0000e+00
-5.575 -1.675 0.0000e+00
-5.575 -1.625 0.0000e+00
-5.575 -1.575 0.0000e+00
-5.575 -1.525 0.0000e+00
-5.575 -1.475 0.0000e+00
-5.575 -1.425 0.0000e+00
-5.575 -1.375 0.0000e+00
-5.575 -1.325 0.0000e+00
-5.575 -1.275 0.0000e+00
-5.575 -1.225 0.0000e+00
-5.575 -1.175 0.0000e+00
-5.575 -1.125 0.0000e+00
-5.575 -1.075 0.0000e+00
-5.575 -1.025 0.0000e+00
-5.575 -0.975 0.0000e+00
-5.575 -0.925 0.0000e+00
-5.575 -0.875 0.0000e+00
-5.575 -0.825 0.0000e+00
-5.575 -0.775 0.0000e+00
-5.575 -0.725 0.0000e+00
-5.575 -0.675 0.0000e+00
-5.575 -0.625 0.0000e+00
-5.575 -0.575 0.0000e+00
-5.575 -0.525 0.0000e+00
-5.575 -0.475 0.0000e+00
-5.575 -0.425 0.0000e+00
-5.575 -0.375 0.0000e+00
-5.575 -0.325 0.0000e+00
-5.575 -0.275 0.0000e+00
-5.575 -0.225 0.0000e+00
-5.575 -0.175 0.0000e+00
-5.575 -0.125 0.0000e+00
-5.575 -0.075 0.0000e+00
-5.575 -0.025 0.0000e+00
-5.575 0.025 0.0000e+00
-5.575 0.075 0.0000e+00
-5.575 0.125 0.0000e+00
-5.575 0.175 0.0000e+00
-5.575 0.225 0.0000e+00
-5.575 0.275 0.0000e+00
-5.575 0.325 0.0000e+00
-5.575 0.375 0.0000e+00
-5.575 0.425 0.0000e+00
-5.575 0.475 0.0000e+00
-5.575 0.525 0.0000e+00
-5.575 0.575 0.0000e+00
-5.575 0.625 0.0000e+00
-5.575 0.675 0.0000e+00
-5.575 0.725 0.0000e+00
-5.575 0.775 0.0000e+00
-5.575 0.825 1.0375e-13
-5.575 0.875 2.0711e-13
-5.575 0.925 4.1346e-13
-5.575 0.975 8.2545e-13
-5.575 1.025 1.6481e-12
-5.575 1.075 3.2908e-12
-5.575 1.125 6.5714e-12
-5.575 1.175 1.3124e-11
-5.575 1.225 2.6213e-11
-5.575 1.275 5.2363e-11
-5.575 1.325 1.0461e-10
-5.575 1.375 2.0904e-10
-5.575 1.425 4.1777e-10
-5.575 1.475 8.3509e-10
-5.575 1.525 1.6696e-09
-5.575 1.575 3.3390e-09
-5.575 1.625 6.6792e-09
-5.575 1.675 1.3365e-08
-5.575 1.725 2.6751e-08
-5.575 1.775 5.3565e-08
-5.575 1.825 1.0730e-07
-5.575 1.875 2.1503e-07
-5.575 1.925 4.3115e-07
-5.575 1.975 8.6492e-07
-5.575 2.025 1.7361e-06
-5.575 2.075 3.4871e-06
-5.575 2.125 7.0088e-06
-5.575 2.175 1.4097e-05
-5.575 2.225 2.8378e-05
-5.575 2.275 5.7170e-05
-5.575 2.325 1.1527e-04
-5.575 2.375 2.3263e-04
-5.575 2.425 4.6986e-04
-5.575 2.475 9.4977e-04
-5.575 2.525 1.9212e-03
-5.575 2.575 3.8883e-03
-5.575 2.625 7.8719e-03
-5.575 2.675 1.5935e-02
-5.575 2.725 3.2238e-02
-5.575 2.775 6.5129e-02
-5.575 2.825 1.3127e-01
-5.575 2.875 2.6360e-01
-5.575 2.925 5.2647e-01
-5.575 2.975 1.0436e+00
-5.575 3.025 2.0477e+00
-5.575 3.075 3.9648e+00
-5.575 3.125 7.5501e+00
-5.575 3.175 1.4091e+01
-5.575 3.225 2.5693e+01
-5.575 3.275 4.5676e+01
-5.575 3.325 7.9152e+01
-5.575 3.375 1.3402e+02
-5.575 3.425 2.2301e+02
-5.575 3.475 3.6815e+02
-5.575 3.525 6.1027e+02
-5.575 3.575 1.0286e+03
-5.575 3.625 1.7786e+03
-5.575 3.675 3.1581e+03
-5.575 3.725 5.7022e+03
-5.575 3.775 1.0229e+04
-5.575 3.825 1.6744e+04
-5.575 3.875 0.0000e+00
-5.575 3.925 0.0000e+00
-5.575 3.975 0.0000e+00
-5.525 -1.975 0.0000e+00
-5.525 -1.925 0.0000e+00
-5.525 -1.875 0.0000e+00
-5.525 -1.825 0.0000e+00
-5.525 -1.775 0.0000e+00
-5.525 -1.725 0.0000e+00
-5.525 -1.675 0.0000e+00
-5.525 -1.625 0.0000e+00
-5.525 -1.575 0.0000e+00
-5.525 -1.525 0.0000e+00
-5.525 -1.475 0.0000e+00
-5.525 -1.425 0.0000e+00
-5.525 -1.375 0.0000e+00
-5.525 -1.325 0.0000e+00
-5.525 -1.275 0.0000e+00
-5.525 -1.225 0.0000e+00
-5.525 -1.175 0.0000e+00
-5.525 -1.125 0.0000e+00
-5.525 -1.075 0.0000e+00
-5.525 -1.025 0.0000e+00
-5.525 -0.975 0.0000e+00
-5.525 -0.925 0.0000e+00
-5.525 -0.875 0.0000e+00
-5.525 -0.825 0.0000e+00
-5.525 -0.775 0.0000e+00
-5.525 -0.725 0.0000e+00
-5.525 -0.675 0.0000e+00
-5.525 -0.625 0.0000e+00
-5.525 -0.575 0.0000e+00
-5.525 -0.525 0.0000e+00
-5.525 -0.475 0.0000e+00
-5.525 -0.425 0.0000e+00
-5.525 -0.375 0.0000e+00
-5.525 -0.325 0.0000e+00
-5.525 -0.275 0.0000e+00
-5.525 -0.225 0.0000e+00
-5.525 -0.175 0.0000e+00
-5.525 -0.125 0.0000e+00
-5.525 -0.075 0.0000e+00
-5.525 -0.025 0.0000e+00
-5.525 0.025 0.0000e+00
-5.525 0.075 0.0000e+00
-5.525 0.125 0.0000e+00
-5.525 0.175 0.0000e+00
-5.525 0.225 0.0000e+00
-5.525 0.275 0.0000e+00
-5.525 0.325 0.0000e+00
-5.525 0.375 0.0000e+00
-5.525 0.425 0.0000e+00
-5.525 0.475 0.0000e+00
-5.525 0.525 0.0000e+00
-5.525 0.575 0.0000e+00
-5.525 0.625 0.0000e+00
-5.525 0.675 0.0000e+00
-5.525 0.725 0.0000e+00
-5.525 0.775 0.0000e+00
-5.525 0.825 1.3062e-13
-5.525 0.875 2.6074e-13
-5.525 0.925 5.2051e-13
-5.525 0.975 1.0392e-12
-5.525 1.025 2.0748e-12
-5.525 1.075 4.1428e-12
-5.525 1.125 8.2729e-12
-5.525 1.175 1.6522e-11
-5.525 1.225 3.3000e-11
-5.525 1.275 6.5921e-11
-5.525 1.325 1.3170e-10
-5.525 1.375 2.6316e-10
-5.525 1.425 5.2594e-10
-5.525 1.475 1.0513e-09
-5.525 1.525 2.1019e-09
-5.525 1.575 4.2035e-09
-5.525 1.625 8.4086e-09
-5.525 1.675 1.6825e-08
-5.525 1.725 3.3678e-08
-5.525 1.775 6.7435e-08
-5.525 1.825 1.3508e-07
-5.525 1.875 2.7071e-07
-5.525 1.925 5.4278e-07
-5.525 1.975 1.0889e-06
-5.525 2.025 2.1857e-06
-5.525 2.075 4.3900e-06
-5.525 2.125 8.8235e-06
-5.525 2.175 1.7748e-05
-5.525 2.225 3.5725e-05
-5.525 2.275 7.1973e-05
-5.525 2.325 1.4512e-04
-5.525 2.375 2.9286e-04
-5.525 2.425 5.9152e-04
-5.525 2.475 1.1957e-03
-5.525 2.525 2.4187e-03
-5.525 2.575 4.8951e-03
-5.525 2.625 9.9101e-03
-5.525 2.675 2.0061e-02
-5.525 2.725 4.0585e-02
-5.525 2.775 8.1993e-02
-5.525 2.825 1.6526e-01
-5.525 2.875 3.3185e-01
-5.525 2.925 6.6279e-01
-5.525 2.975 1.3138e+00
-5.525 3.025 2.5779e+00
-5.525 3.075 4.9914e+00
-5.525 3.125 9.5050e+00
-5.525 3.175 1.7739e+01
-5.525 3.225 3.2346e+01
-5.525 3.275 5.7504e+01
-5.525 3.325 9.9648e+01
-5.525 3.375 1.6872e+02
-5.525 3.425 2.8076e+02
-5.525 3.475 4.6349e+02
-5.525 3.525 7.6833e+02
-5.525 3.575 1.2950e+03
-5.525 3.625 2.2393e+03
-5.525 3.675 3.9761e+03
-5.525 3.725 7.1788e+03
-5.525 3.775 1.2877e+04
-5.525 3.825 2.1079e+04
-5.525 3.875 0.0000e+00
-5.525 3.925 0.0000e+00
-5.525 3.975 0.0000e+00
-5.475 -1.975 0.0000e+00
-5.475 -1.925 0.0000e+00
-5.475 -1.875 0.0000e+00
-5.475 -1.825 0.0000e+00
-5.475 -1.775 0.0000e+00
-5.475 -1.725 0.0000e+00
-5.475 -1.675 0.0000e+00
-5.475 -1.625 0.0000e+00
-5.475 -1.575 0.0000e+00
-5.475 -1.525 0.0000e+00
-5.475 -1.475 0.0000e+00
-5.475 -1.425 0.0000e+00
-5.475 -1.375 0.0000e+00
-5.475 -1.325 0.0000e+00
-5.475 -1.275 0.0000e+00
-5.475 -1.225 0.0000e+00
-5.475 -1.175 0.0000e+00
-5.475 -1.125 0.0000e+00
-5.475 -1.075 0.0000e+00
-5.475 -1.025 0.0000e+00
-5.475 -0.975 0.0000e+00
-5.475 -0.925 0.0000e+00
-5.475 -0.875 0.0000e+00
-5.475 -0.825 0.0000e+00
-5.475 -0.775 0.0000e+00
-5.475 -0.725 0.0000e+00
-5.475 -0.675 0.0000e+00
-5.475 -0.625 0.0000e+00
-5.475 -0.575 0.0000e+00
-5.475 -0.525 0.0000e+00
-5.475 -0.475 0.0000e+00
-5.475 -0.425 0.0000e+00
-5.475 -0.375 0.0000e+00
-5.475 -0.325 0.0000e+00
-5.475 -0.275 0.0000e+00
-5.475 -0.225 0.0000e+00
-5.475 -0.175 0.0000e+00
-5.475 -0.125 0.0000e+00
-5.475 -0.075 0.0000e+00
-5.475 -0.025 0.0000e+00
-5.475 0.025 0.0000e+00
-5.475 0.075 0.0000e+00
-5.475 0.125 0.0000e+00
-5.475 0.175 0.0000e+00
-5.475 0.225 0.0000e+00
-5.475 0.275 0.0000e+00
-5.475 0.325 0.0000e+00
-5.475 0.375 0.0000e+00
-5.475 0.425 0.0000e+00
-5.475 0.475 0.0000e+00
-5.475 0.525 0.0000e+00
-5.475 0.575 0.0000e+00
-5.475 0.625 0.0000e+00
-5.475 0.675 0.0000e+00
-5.475 0.725 0.0000e+00
-5.475 0.775 0.0000e+00
-5.475 0.825 1.6444e-13
-5.475 0.875 3.2825e-13
-5.475 0.925 6.5529e-13
-5.475 0.975 1.3082e-12
-5.475 1.025 2.6120e-12
-5.475 1.075 5.2155e-12
-5.475 1.125 1.0415e-11
-5.475 1.175 2.0800e-11
-5.475 1.225 4.1545e-11
-5.475 1.275 8.2989e-11
-5.475 1.325 1.6580e-10
-5.475 1.375 3.3130e-10
-5.475 1.425 6.6212e-10
-5.475 1.475 1.3235e-09
-5.475 1.525 2.6462e-09
-5.475 1.575 5.2919e-09
-5.475 1.625 1.0586e-08
-5.475 1.675 2.1182e-08
-5.475 1.725 4.2398e-08
-5.475 1.775 8.4895e-08
-5.475 1.825 1.7006e-07
-5.475 1.875 3.4080e-07
-5.475 1.925 6.8332e-07
-5.475 1.975 1.3708e-06
-5.475 2.025 2.7516e-06
-5.475 2.075 5.5267e-06
-5.475 2.125 1.1108e-05
-5.475 2.175 2.2343e-05
-5.475 2.225 4.4975e-05
-5.475 2.275 9.0608e-05
-5.475 2.325 1.8270e-04
-5.475 2.375 3.6869e-04
-5.475 2.425 7.4467e-04
-5.475 2.475 1.5053e-03
-5.475 2.525 3.0449e-03
-5.475 2.575 6.1626e-03
-5.475 2.625 1.2476e-02
-5.475 2.675 2.5256e-02
-5.475 2.725 5.1093e-02
-5.475 2.775 1.0322e-01
-5.475 2.825 2.0805e-01
-5.475 2.875 4.1778e-01
-5.475 2.925 8.3441e-01
-5.475 2.975 1.6540e+00
-5.475 3.025 3.2454e+00
-5.475 3.075 6.2839e+00
-5.475 3.125 1.1966e+01
-5.475 3.175 2.2332e+01
-5.475 3.225 4.0721e+01
-5.475 3.275 7.2395e+01
-5.475 3.325 1.2545e+02
-5.475 3.375 2.1242e+02
-5.475 3.425 3.5348e+02
-5.475 3.475 5.8354e+02
-5.475 3.525 9.6735e+02
-5.475 3.575 1.6305e+03
-5.475 3.625 2.8193e+03
-5.475 3.675 5.0059e+03
-5.475 3.725 9.0379e+03
-5.475 3.775 1.6211e+04
-5.475 3.825 2.6535e+04
-5.475 3.875 0.0000e+00
-5.475 3.925 0.0000e+00
-5.475 3.975 0.0000e+00
-5.425 -1.975 0.0000e+00
-5.425 -1.925 0.0000e+00
-5.425 -1.875 0.0000e+00
-5.425 -1.825 0.0000e+00
-5.425 -1.775 0.0000e+00
-5.425 -1.725 0.0000e+00
-5.425 -1.675 0.0000e+00
-5.425 -1.625 0.0000e+00
-5.425 -1.575 0.0000e+00
-5.425 -1.525 0.0000e+00
-5.425 -1.475 0.0000e+00
-5.425 -1.425 0.0000e+00
-5.425 -1.375 0.0000e+00
-5.425 -1.325 0.0000e+00
-5.425 -1.275 0.0000e+00
-5.425 -1.225 0.0000e+00
-5.425 -1.175 0.0000e+00
-5.425 -1.125 0.0000e+00
-5.425 -1.075 0.0000e+00
-5.425 -1.025 0.0000e+00
-5.425 -0.975 0.0000e+00
-5.425 -0.925 0.0000e+00
-5.425 -0.875 0.0000e+00
-5.425 -0.825 0.0000e+00
-5.425 -0.775 0.0000e+00
-5.425 -0.725 0.0000e+00
-5.425 -0.675 0.0000e+00
-5.425 -0.625 0.0000e+00
-5.425 -0.575 0.0000e+00
-5.425 -0.525 0.0000e+00
-5.425 -0.475 0.0000e+00
-5.425 -0.425 0.0000e+00
-5.425 -0.375 0.0000e+00
-5.425 -0.325 0.0000e+00
-5.425 -0.275 0.0000e+00
-5.425 -0.225 0.0000e+00
-5.425 -0.175 0.0000e+00
-5.425 -0.125 0.0000e+00
-5.425 -0.075 0.0000e+00
-5.425 -0.025 0.0000e+00
-5.425 0.025 0.0000e+00
-5.425 0.075 0.0000e+00
-5.425 0.125 0.0000e+00
-5.425 0.175 0.0000e+00
-5.425 0.225 0.0000e+00
-5.425 0.275 0.0000e+00
-5.425 0.325 0.0000e+00
-5.425 0.375 0.0000e+00
-5.425 0.425 0.0000e+00
-5.425 0.475 0.0000e+00
-5.425 0.525 0.0000e+00
-5.425 0.575 0.0000e+00
-5.425 0.625 0.0000e+00
-5.425 0.675 0.0000e+00
-5.425 0.725 0.0000e+00
-5.425 0.775 0.0000e+00
-5.425 0.825 2.0701e-13
-5.425 0.875 4.1324e-13
-5.425 0.925 8.2496e-13
-5.425 0.975 1.6470e-12
-5.425 1.025 3.2883e-12
-5.425 1.075 6.5660e-12
-5.425 1.125 1.3112e-11
-5.425 1.175 2.6186e-11
-5.425 1.225 5.2302e-11
-5.425 1.275 1.0448e-10
-5.425 1.325 2.0873e-10
-5.425 1.375 4.1709e-10
-5.425 1.425 8.3356e-10
-5.425 1.475 1.6662e-09
-5.425 1.525 3.3314e-09
-5.425 1.575 6.6621e-09
-5.425 1.625 1.3327e-08
-5.425 1.675 2.6666e-08
-5.425 1.725 5.3376e-08
-5.425 1.775 1.0688e-07
-5.425 1.825 2.1409e-07
-5.425 1.875 4.2905e-07
-5.425 1.925 8.6025e-07
-5.425 1.975 1.7257e-06
-5.425 2.025 3.4640e-06
-5.425 2.075 6.9577e-06
-5.425 2.125 1.3984e-05
-5.425 2.175 2.8128e-05
-5.425 2.225 5.6621e-05
-5.425 2.275 1.1407e-04
-5.425 2.325 2.3000e-04
-5.425 2.375 4.6415e-04
-5.425 2.425 9.3749e-04
-5.425 2.475 1.8950e-03
-5.425 2.525 3.8333e-03
-5.425 2.575 7.7583e-03
-5.425 2.625 1.5707e-02
-5.425 2.675 3.1795e-02
-5.425 2.725 6.4322e-02
-5.425 2.775 1.2995e-01
-5.425 2.825 2.6192e-01
-5.425 2.875 5.2595e-01
-5.425 2.925 1.0505e+00
-5.425 2.975 2.0823e+00
-5.425 3.025 4.0857e+00
-5.425 3.075 7.9110e+00
-5.425 3.125 1.5065e+01
-5.425 3.175 2.8115e+01
-5.425 3.225 5.1266e+01
-5.425 3.275 9.1143e+01
-5.425 3.325 1.5794e+02
-5.425 3.375 2.6743e+02
-5.425 3.425 4.4503e+02
-5.425 3.475 7.3469e+02
-5.425 3.525 1.2179e+03
-5.425 3.575 2.0529e+03
-5.425 3.625 3.5497e+03
-5.425 3.675 6.3026e+03
-5.425 3.725 1.1379e+04
-5.425 3.775 2.0408e+04
-5.425 3.825 3.3403e+04
-5.425 3.875 0.0000e+00
-5.425 3.925 0.0000e+00
-5.425 3.975 0.0000e+00
-5.375 -1.975 0.0000e+00
-5.375 -1.925 0.0000e+00
-5.375 -1.875 0.0000e+00
-5.375 -1.825 0.0000e+00
-5.375 -1.775 0.0000e+00
-5.375 -1.725 0.0000e+00
-5.375 -1.675 0.0000e+00
-5.375 -1.625 0.0000e+00
-5.375 -1.575 0.0000e+00
-5.375 -1.525 0.0000e+00
-5.375 -1.475 0.0000e+00
-5.375 -1.425 0.0000e+00
-5.375 -1.375 0.0000e+00
-5.375 -1.325 0.0000e+00
-5.375 -1.275 0.0000e+00
-5.375 -1.225 0.0000e+00
-5.375 -1.175 0.0000e+00
-5.375 -1.125 0.0000e+00
-5.375 -1.075 0.0000e+00
-5.375 -1.025 0.0000e+00
-5.375 -0.975 0.0000e+00
-5.375 -0.925 0.0000e+00
-5.375 -0.875 0.0000e+00
-5.375 -0.825 0.0000e+00
-5.375 -0.775 0.0000e+00
-5.375 -0.725 0.0000e+00
-5.375 -0.675 0.0000e+00
-5.375 -0.625 0.0000e+00
-5.375 -0.575 0.0000e+00
-5.375 -0.525 0.0000e+00
-5.375 -0.475 0.0000e+00
-5.375 -0.425 0.0000e+00
-5.375 -0.375 0.0000e+00
-5.375 -0.325 0.0000e+00
-5.375 -0.275 0.0000e+00
-5.375 -0.225 0.0000e+00
-5.375 -0.175 0.0000e+00
-5.375 -0.125 0.0000e+00
-5.375 -0.075 0.0000e+00
-5.375 -0.025 0.0000e+00
-5.375 0.025 0.0000e+00
-5.375 0.075 0.0000e+00
-5.375 0.125 0.0000e+00
-5.375 0.175 0.0000e+00
-5.375 0.225 0.0000e+00
-5.375 0.275 0.0000e+00
-5.375 0.325 0.0000e+00
-5.375 0.375 0.0000e+00
-5.375 0.425 0.0000e+00
-5.375 0.475 0.0000e+00
-5.375 0.525 0.0000e+00
-5.375 0.575 0.0000e+00
-5.375 0.625 0.0000e+00
-5.375 0.675 0.0000e+00
-5.375 0.725 0.0000e+00
-5.375 0.775 0.0000e+00
-5.375 0.825 2.6061e-13
-5.375 0.875 5.2024e-13
-5.375 0.925 1.0386e-12
-5.375 0.975 2.0734e-12
-5.375 1.025 4.1398e-12
-5.375 1.075 8.2660e-12
-5.375 1.125 1.6507e-11
-5.375 1.175 3.2966e-11
-5.375 1.225 6.5844e-11
-5.375 1.275 1.3153e-10
-5.375 1.325 2.6278e-10
-5.375 1.375 5.2508e-10
-5.375 1.425 1.0494e-09
-5.375 1.475 2.0976e-09
-5.375 1.525 4.1939e-09
-5.375 1.575 8.3871e-09
-5.375 1.625 1.6777e-08
-5.375 1.675 3.3571e-08
-5.375 1.725 6.7196e-08
-5.375 1.775 1.3455e-07
-5.375 1.825 2.6952e-07
-5.375 1.875 5.4014e-07
-5.375 1.925 1.0830e-06
-5.375 1.975 2.1726e-06
-5.375 2.025 4.3610e-06
-5.375 2.075 8.7592e-06
-5.375 2.125 1.7605e-05
-5.375 2.175 3.5411e-05
-5.375 2.225 7.1281e-05
-5.375 2.275 1.4360e-04
-5.375 2.325 2.8955e-04
-5.375 2.375 5.8434e-04
-5.375 2.425 1.1802e-03
-5.375 2.475 2.3857e-03
-5.375 2.525 4.8259e-03
-5.375 2.575 9.7671e-03
-5.375 2.625 1.9773e-02
-5.375 2.675 4.0027e-02
-5.375 2.725 8.0977e-02
-5.375 2.775 1.6360e-01
-5.375 2.825 3.2973e-01
-5.375 2.875 6.6213e-01
-5.375 2.925 1.3225e+00
-5.375 2.975 2.6214e+00
-5.375 3.025 5.1436e+00
-5.375 3.075 9.9595e+00
-5.375 3.125 1.8966e+01
-5.375 3.175 3.5396e+01
-5.375 3.225 6.4542e+01
-5.375 3.275 1.1475e+02
-5.375 3.325 1.9885e+02
-5.375 3.375 3.3670e+02
-5.375 3.425 5.6031e+02
-5.375 3.475 9.2502e+02
-5.375 3.525 1.5335e+03
-5.375 3.575 2.5848e+03
-5.375 3.625 4.4693e+03
-5.375 3.675 7.9353e+03
-5.375 3.725 1.4326e+04
-5.375 3.775 2.5692e+04
-5.375 3.825 4.2049e+04
-5.375 3.875 0.0000e+00
-5.375 3.925 0.0000e+00
-5.375 3.975 0.0000e+00
-5.325 -1.975 0.0000e+00
-5.325 -1.925 0.0000e+00
-5.325 -1.875 0.0000e+00
-5.325 -1.825 0.0000e+00
-5.325 -1.775 0.0000e+00
-5.325 -1.725 0.0000e+00
-5.325 -1.675 0.0000e+00
-5.325 -1.625 0.0000e+00
-5.325 -1.575 0.0000e+00
-5.325 -1.525 0.0000e+00
-5.325 -1.475 0.0000e+00
-5.325 -1.425 0.0000e+00
-5.325 -1.375 0.0000e+00
-5.325 -1.325 0.0000e+00
-5.325 -1.275 0.0000e+00
-5.325 -1.225 0.0000e+00
-5.325 -1.175 0.0000e+00
-5.325 -1.125 0.0000e+00
-5.325 -1.075 0.0000e+00
-5.325 -1.025 0.0000e+00
-5.325 -0.975 0.0000e+00
-5.325 -0.925 0.0000e+00
-5.325 -0.875 0.0000e+00
-5.325 -0.825 0.0000e+00
-5.325 -0.775 0.0000e+00
-5.325 -0.725 0.0000e+00
-5.325 -0.675 0.0000e+00
-5.325 -0.625 0.0000e+00
-5.325 -0.575 0.0000e+00
-5.325 -0.525 0.0000e+00
-5.325 -0.475 0.0000e+00
-5.325 -0.425 0.0000e+00
-5.325 -0.375 0.0000e+00
-5.325 -0.325 0.0000e+00
-5.325 -0.275 0.0000e+00
-5.325 -0.225 0.0000e+00
-5.325 -0.175 0.0000e+00
-5.325 -0.125 0.0000e+00
-5.325 -0.075 0.0000e+00
-5.325 -0.025 0.0000e+00
-5.325 0.025 0.0000e+00
-5.325 0.075 0.0000e+00
-5.325 0.125 0.0000e+00
-5.325 0.175 0.0000e+00
-5.325 0.225 0.0000e+00
-5.325 0.275 0.0000e+00
-5.325 0.325 0.0000e+00
-5.325 0.375 0.0000e+00
-5.325 0.425 0.0000e+00
-5.325 0.475 0.0000e+00
-5.325 0.525 0.0000e+00
-5.325 0.575 0.0000e+00
-5.325 0.625 0.0000e+00
-5.325 0.675 0.0000e+00
-5.325 0.725 0.0000e+00
-5.325 0.775 0.0000e+00
-5.325 0.825 3.2809e-13
-5.325 0.875 6.5494e-13
-5.325 0.925 1.3075e-12
-5.325 0.975 2.6103e-12
-5.325 1.025 5.2117e-12
-5.325 1.075 1.0406e-11
-5.325 1.125 2.0781e-11
-5.325 1.175 4.1501e-11
-5.325 1.225 8.2893e-11
-5.325 1.275 1.6559e-10
-5.325 1.325 3.3082e-10
-5.325 1.375 6.6104e-10
-5.325 1.425 1.3211e-09
-5.325 1.475 2.6408e-09
-5.325 1.525 5.2798e-09
-5.325 1.575 1.0559e-08
-5.325 1.625 2.1121e-08
-5.325 1.675 4.2263e-08
-5.325 1.725 8.4595e-08
-5.325 1.775 1.6939e-07
-5.325 1.825 3.3931e-07
-5.325 1.875 6.8000e-07
-5.325 1.925 1.3634e-06
-5.325 1.975 2.7351e-06
-5.325 2.025 5.4901e-06
-5.325 2.075 1.1027e-05
-5.325 2.125 2.2164e-05
-5.325 2.175 4.4580e-05
-5.325 2.225 8.9738e-05
-5.325 2.275 1.8079e-04
-5.325 2.325 3.6453e-04
-5.325 2.375 7.3564e-04
-5.325 2.425 1.4858e-03
-5.325 2.475 3.0034e-03
-5.325 2.525 6.0754e-03
-5.325 2.575 1.2296e-02
-5.325 2.625 2.4893e-02
-5.325 2.675 5.0392e-02
-5.325 2.725 1.0194e-01
-5.325 2.775 2.0596e-01
-5.325 2.825 4.1511e-01
-5.325 2.875 8.3358e-01
-5.325 2.925 1.6649e+00
-5.325 2.975 3.3002e+00
-5.325 3.025 6.4755e+00
-5.325 3.075 1.2538e+01
-5.325 3.125 2.3877e+01
-5.325 3.175 4.4561e+01
-5.325 3.225 8.1256e+01
-5.325 3.275 1.4446e+02
-5.325 3.325 2.5035e+02
-5.325 3.375 4.2392e+02
-5.325 3.425 7.0546e+02
-5.325 3.475 1.1647e+03
-5.325 3.525 1.9308e+03
-5.325 3.575 3.2546e+03
-5.325 3.625 5.6275e+03
-5.325 3.675 9.9912e+03
-5.325 3.725 1.8036e+04
-5.325 3.775 3.2344e+04
-5.325 3.825 5.2930e+04
-5.325 3.875 0.0000e+00
-5.325 3.925 0.0000e+00
-5.325 3.975 0.0000e+00
-5.275 -1.975 0.0000e+00
-5.275 -1.925 0.0000e+00
-5.275 -1.875 0.0000e+00
-5.275 -1.825 0.0000e+00
-5.275 -1.775 0.0000e+00
-5.275 -1.725 0.0000e+00
-5.275 -1.675 0.0000e+00
-5.275 -1.625 0.0000e+00
-5.275 -1.575 0.0000e+00
-5.275 -1.525 0.0000e+00
-5.275 -1.475 0.0000e+00
-5.275 -1.425 0.0000e+00
-5.275 -1.375 0.0000e+00
-5.275 -1.325 0.0000e+00
-5.275 -1.275 0.0000e+00
-5.275 -1.225 0.0000e+00
-5.275 -1.175 0.0000e+00
-5.275 -1.125 0.0000e+00
-5.275 -1.075 0.0000e+00
-5.275 -1.025 0.0000e+00
-5.275 -0.975 0.0000e+00
-5.275 -0.925 0.0000e+00
-5.275 -0.875 0.0000e+00
-5.275 -0.825 0.0000e+00
-5.275 -0.775 0.0000e+00
-5.275 -0.725 0.0000e+00
-5.275 -0.675 0.0000e+00
-5.275 -0.625 0.0000e+00
-5.275 -0.575 0.0000e+00
-5.275 -0.525 0.0000e+00
-5.275 -0.475 0.0000e+00
-5.275 -0.425 0.0000e+00
-5.275 -0.375 0.0000e+00
-5.275 -0.325 0.0000e+00
-5.275 -0.275 0.0000e+00
-5.275 -0.225 0.0000e+00
-5.275 -0.175 0.0000e+00
-5.275 -0.125 0.0000e+00
-5.275 -0.075 0.0000e+00
-5.275 -0.025 0.0000e+00
-5.275 0.025 0.0000e+00
-5.275 0.075 0.0000e+00
-5.275 0.125 0.0000e+00
-5.275 0.175 0.0000e+00
-5.275 0.225 0.0000e+00
-5.275 0.275 0.0000e+00
-5.275 0.325 0.0000e+00
-5.275 0.375 0.0000e+00
-5.275 0.425 0.0000e+00
-5.275 0.475 0.0000e+00
-5.275 0.525 0.0000e+00
-5.275 0.575 0.0000e+00
-5.275 0.625 0.0000e+00
-5.275 0.675 0.0000e+00
-5.275 0.725 0.0000e+00
-5.275 0.775 0.0000e+00
-5.275 0.825 4.1305e-13
-5.275 0.875 8.2452e-13
-5.275 0.925 1.6460e-12
-5.275 0.975 3.2862e-12
-5.275 1.025 6.5611e-12
-5.275 1.075 1.3101e-11
-5.275 1.125 2.6161e-11
-5.275 1.175 5.2247e-11
-5.275 1.225 1.0436e-10
-5.275 1.275 2.0846e-10
-5.275 1.325 4.1648e-10
-5.275 1.375 8.3220e-10
-5.275 1.425 1.6632e-09
-5.275 1.475 3.3245e-09
-5.275 1.525 6.6469e-09
-5.275 1.575 1.3293e-08
-5.275 1.625 2.6590e-08
-5.275 1.675 5.3206e-08
-5.275 1.725 1.0650e-07
-5.275 1.775 2.1325e-07
-5.275 1.825 4.2717e-07
-5.275 1.875 8.5606e-07
-5.275 1.925 1.7164e-06
-5.275 1.975 3.4433e-06
-5.275 2.025 6.9117e-06
-5.275 2.075 1.3882e-05
-5.275 2.125 2.7902e-05
-5.275 2.175 5.6123e-05
-5.275 2.225 1.1297e-04
-5.275 2.275 2.2760e-04
-5.275 2.325 4.5891e-04
-5.275 2.375 9.2611e-04
-5.275 2.425 1.8705e-03
-5.275 2.475 3.7811e-03
-5.275 2.525 7.6485e-03
-5.275 2.575 1.5480e-02
-5.275 2.625 3.1339e-02
-5.275 2.675 6.3439e-02
-5.275 2.725 1.2834e-01
-5.275 2.775 2.5929e-01
-5.275 2.825 5.2259e-01
-5.275 2.875 1.0494e+00
-5.275 2.925 2.0960e+00
-5.275 2.975 4.1547e+00
-5.275 3.025 8.1522e+00
-5.275 3.075 1.5785e+01
-5.275 3.125 3.0060e+01
-5.275 3.175 5.6101e+01
-5.275 3.225 1.0230e+02
-5.275 3.275 1.8188e+02
-5.275 3.325 3.1519e+02
-5.275 3.375 5.3373e+02
-5.275 3.425 8.8824e+02
-5.275 3.475 1.4665e+03
-5.275 3.525 2.4312e+03
-5.275 3.575 4.0981e+03
-5.275 3.625 7.0860e+03
-5.275 3.675 1.2580e+04
-5.275 3.725 2.2708e+04
-5.275 3.775 4.0718e+04
-5.275 3.825 6.6625e+04
-5.275 3.875 0.0000e+00
-5.275 3.925 0.0000e+00
-5.275 3.975 0.0000e+00
-5.225 -1.975 0.0000e+00
-5.225 -1.925 0.0000e+00
-5.225 -1.875 0.0000e+00
-5.225 -1.825 0.0000e+00
-5.225 -1.775 0.0000e+00
-5.225 -1.725 0.0000e+00
-5.225 -1.675 0.0000e+00
-5.225 -1.625 0.0000e+00
-5.225 -1.575 0.0000e+00
-5.225 -1.525 0.0000e+00
-5.225 -1.475 0.0000e+00
-5.225 -1.425 0.0000e+00
-5.225 -1.375 0.0000e+00
-5.225 -1.325 0.0000e+00
-5.225 -1.275 0.0000e+00
-5.225 -1.225 0.0000e+00
-5.225 -1.175 0.0000e+00
-5.225 -1.125 0.0000e+00
-5.225 -1.075 0.0000e+00
-5.225 -1.025 0.0000e+00
-5.225 -0.975 0.0000e+00
-5.225 -0.925 0.0000e+00
-5.225 -0.875 0.0000e+00
-5.225 -0.825 0.0000e+00
-5.225 -0.775 0.0000e+00
-5.225 -0.725 0.0000e+00
-5.225 -0.675 0.0000e+00
-5.225 -0.625 0.0000e+00
-5.225 -0.575 0.0000e+00
-5.225 -0.525 0.0000e+00
-5.225 -0.475 0.0000e+00
-5.225 -0.425 0.0000e+00
-5.225 -0.375 0.0000e+00
-5.225 -0.325 0.0000e+00
-5.225 -0.275 0.0000e+00
-5.225 -0.225 0.0000e+00
-5.225 -0.175 0.0000e+00
-5.225 -0.125 0.0000e+00
-5.225 -0.075 0.0000e+00
-5.225 -0.025 0.0000e+00
-5.225 0.025 0.0000e+00
-5.225 0.075 0.0000e+00
-5.225 0.125 0.0000e+00
-5.225 0.175 0.0000e+00
-5.225 0.225 0.0000e+00
-5.225 0.275 0.0000e+00
-5.225 0.325 0.0000e+00
-5.225 0.375 0.0000e+00
-5.225 0.425 0.0000e+00
-5.225 0.475 0.0000e+00
-5.225 0.525 0.0000e+00
-5.225 0.575 0.0000e+00
-5.225 0.625 0.0000e+00
-5.225 0.675 0.0000e+00
-5.225 0.725 0.0000e+00
-5.225 0.775 0.0000e+00
-5.225 0.825 5.2000e-13
-5.225 0.875 1.0380e-12
-5.225 0.925 2.0722e-12
-5.225 0.975 4.1370e-12
-5.225 1.025 8.2599e-12
-5.225 1.075 1.6493e-11
-5.225 1.125 3.2935e-11
-5.225 1.175 6.5775e-11
-5.225 1.225 1.3138e-10
-5.225 1.275 2.6244e-10
-5.225 1.325 5.2431e-10
-5.225 1.375 1.0477e-09
-5.225 1.425 2.0938e-09
-5.225 1.475 4.1853e-09
-5.225 1.525 8.3680e-09
-5.225 1.575 1.6735e-08
-5.225 1.625 3.3475e-08
-5.225 1.675 6.6983e-08
-5.225 1.725 1.3407e-07
-5.225 1.775 2.6846e-07
-5.225 1.825 5.3777e-07
-5.225 1.875 1.0777e-06
-5.225 1.925 2.1609e-06
-5.225 1.975 4.3349e-06
-5.225 2.025 8.7013e-06
-5.225 2.075 1.7477e-05
-5.225 2.125 3.5127e-05
-5.225 2.175 7.0654e-05
-5.225 2.225 1.4222e-04
-5.225 2.275 2.8653e-04
-5.225 2.325 5.7773e-04
-5.225 2.375 1.1659e-03
-5.225 2.425 2.3549e-03
-5.225 2.475 4.7601e-03
-5.225 2.525 9.6289e-03
-5.225 2.575 1.9488e-02
-5.225 2.625 3.9453e-02
-5.225 2.675 7.9866e-02
-5.225 2.725 1.6157e-01
-5.225 2.775 3.2642e-01
-5.225 2.825 6.5791e-01
-5.225 2.875 1.3211e+00
-5.225 2.925 2.6387e+00
-5.225 2.975 5.2306e+00
-5.225 3.025 1.0263e+01
-5.225 3.075 1.9873e+01
-5.225 3.125 3.7844e+01
-5.225 3.175 7.0630e+01
-5.225 3.225 1.2879e+02
-5.225 3.275 2.2899e+02
-5.225 3.325 3.9684e+02
-5.225 3.375 6.7201e+02
-5.225 3.425 1.1184e+03
-5.225 3.475 1.8466e+03
-5.225 3.525 3.0615e+03
-5.225 3.575 5.1606e+03
-5.225 3.625 8.9230e+03
-5.225 3.675 1.5841e+04
-5.225 3.725 2.8591e+04
-5.225 3.775 5.1260e+04
-5.225 3.825 8.3861e+04
-5.225 3.875 0.0000e+00
-5.225 3.925 0.0000e+00
-5.225 3.975 0.0000e+00
-5.175 -1.975 0.0000e+00
-5.175 -1.925 0.0000e+00
-5.175 -1.875 0.0000e+00
-5.175 -1.825 0.0000e+00
-5.175 -1.775 0.0000e+00
-5.175 -1.725 0.0000e+00
-5.175 -1.675 0.0000e+00
-5.175 -1.625 0.0000e+00
-5.175 -1.575 0.0000e+00
-5.175 -1.525 0.0000e+00
-5.175 -1.475 0.0000e+00
-5.175 -1.425 0.0000e+00
-5.175 -1.375 0.0000e+00
-5.175 -1.325 0.0000e+00
-5.175 -1.275 0.0000e+00
-5.175 -1.225 0.0000e+00
-5.175 -1.175 0.0000e+00
-5.175 -1.125 0.0000e+00
-5.175 -1.075 0.0000e+00
-5.175 -1.025 0.0000e+00
-5.175 -0.975 0.0000e+00
-5.175 -0.925 0.0000e+00
-5.175 -0.875 0.0000e+00
-5.175 -0.825 0.0000e+00
-5.175 -0.775 0.0000e+00
-5.175 -0.725 0.0000e+00
-5.175 -0.675 0.0000e+00
-5.175 -0.625 0.0000e+00
-5.175 -0.575 0.0000e+00
-5.175 -0.525 0.0000e+00
-5.175 -0.475 0.0000e+00
-5.175 -0.425 0.0000e+00
-5.175 -0.375 0.0000e+00
-5.175 -0.325 0.0000e+00
-5.175 -0.275 0.0000e+00
-5.175 -0.225 0.0000e+00
-5.175 -0.175 0.0000e+00
-5.175 -0.125 0.0000e+00
-5.175 -0.075 0.0000e+00
-5.175 -0.025 0.0000e+00
-5.175 0.025 0.0000e+00
-5.175 0.075 0.0000e+00
-5.175 0.125 0.0000e+00
-5.175 0.175 0.0000e+00
-5.175 0.225 0.0000e+00
-5.175 0.275 0.0000e+00
-5.175 0.325 0.0000e+00
-5.175 0.375 0.0000e+00
-5.175 0.425 0.0000e+00
-5.175 0.475 0.0000e+00
-5.175 0.525 0.0000e+00
-5.175 0.575 0.0000e+00
-5.175 0.625 0.0000e+00
-5.175 0.675 0.0000e+00
-5.175 0.725 0.0000e+00
-5.175 0.775 0.0000e+00
-5.175 0.825 6.5464e-13
-5.175 0.875 1.3068e-12
-5.175 0.925 2.6087e-12
-5.175 0.975 5.2082e-12
-5.175 1.025 1.0399e-11
-5.175 1.075 2.0763e-11
-5.175 1.125 4.1463e-11
-5.175 1.175 8.2806e-11
-5.175 1.225 1.6539e-10
-5.175 1.275 3.3039e-10
-5.175 1.325 6.6007e-10
-5.175 1.375 1.3189e-09
-5.175 1.425 2.6359e-09
-5.175 1.475 5.2690e-09
-5.175 1.525 1.0535e-08
-5.175 1.575 2.1068e-08
-5.175 1.625 4.2143e-08
-5.175 1.675 8.4326e-08
-5.175 1.725 1.6879e-07
-5.175 1.775 3.3797e-07
-5.175 1.825 6.7701e-07
-5.175 1.875 1.3568e-06
-5.175 1.925 2.7204e-06
-5.175 1.975 5.4573e-06
-5.175 2.025 1.0954e-05
-5.175 2.075 2.2002e-05
-5.175 2.125 4.4222e-05
-5.175 2.175 8.8949e-05
-5.175 2.225 1.7905e-04
-5.175 2.275 3.6072e-04
-5.175 2.325 7.2733e-04
-5.175 2.375 1.4678e-03
-5.175 2.425 2.9646e-03
-5.175 2.475 5.9926e-03
-5.175 2.525 1.2122e-02
-5.175 2.575 2.4534e-02
-5.175 2.625 4.9669e-02
-5.175 2.675 1.0055e-01
-5.175 2.725 2.0341e-01
-5.175 2.775 4.1094e-01
-5.175 2.825 8.2826e-01
-5.175 2.875 1.6632e+00
-5.175 2.925 3.3220e+00
-5.175 2.975 6.5850e+00
-5.175 3.025 1.2921e+01
-5.175 3.075 2.5019e+01
-5.175 3.125 4.7644e+01
-5.175 3.175 8.8922e+01
-5.175 3.225 1.6215e+02
-5.175 3.275 2.8830e+02
-5.175 3.325 4.9966e+02
-5.175 3.375 8.4615e+02
-5.175 3.425 1.4083e+03
-5.175 3.475 2.3253e+03
-5.175 3.525 3.8553e+03
-5.175 3.575 6.4989e+03
-5.175 3.625 1.1237e+04
-5.175 3.675 1.9947e+04
-5.175 3.725 3.5999e+04
-5.175 3.775 6.4531e+04
-5.175 3.825 1.0555e+05
-5.175 3.875 0.0000e+00
-5.175 3.925 0.0000e+00
-5.175 3.975 0.0000e+00
-5.125 -1.975 0.0000e+00
-5.125 -1.925 0.0000e+00
-5.125 -1.875 0.0000e+00
-5.125 -1.825 0.0000e+00
-5.125 -1.775 0.0000e+00
-5.125 -1.725 0.0000e+00
-5.125 -1.675 0.0000e+00
-5.125 -1.625 0.0000e+00
-5.125 -1.575 0.0000e+00
-5.125 -1.525 0.0000e+00
-5.125 -1.475 0.0000e+00
-5.125 -1.425 0.0000e+00
-5.125 -1.375 0.0000e+00
-5.125 -1.325 0.0000e+00
-5.125 -1.275 0.0000e+00
-5.125 -1.225 0.0000e+00
-5.125 -1.175 0.0000e+00
-5.125 -1.125 0.0000e+00
-5.125 -1.075 0.0000e+00
-5.125 -1.025 0.0000e+00
-5.125 -0.975 0.0000e+00
-5.125 -0.925 0.0000e+00
-5.125 -0.875 0.0000e+00
-5.125 -0.825 0.0000e+00
-5.125 -0.775 0.0000e+00
-5.125 -0.725 0.0000e+00
-5.125 -0.675 0.0000e+00
-5.125 -0.625 0.0000e+00
-5.125 -0.575 0.0000e+00
-5.125 -0.525 0.0000e+00
-5.125 -0.475 0.0000e+00
-5.125 -0.425 0.0000e+00
-5.125 -0.375 0.0000e+00
-5.125 -0.325 0.0000e+00
-5.125 -0.275 0.0000e+00
-5.125 -0.225 0.0000e+00
-5.125 -0.175 0.0000e+00
-5.125 -0.125 0.0000e+00
-5.125 -0.075 0.0000e+00
-5.125 -0.025 0.0000e+00
-5.125 0.025 0.0000e+00
-5.125 0.075 0.0000e+00
-5.125 0.125 0.0000e+00
-5.125 0.175 0.0000e+00
-5.125 0.225 0.0000e+00
-5.125 0.275 0.0000e+00
-5.125 0.325 0.0000e+00
-5.125 0.375 0.0000e+00
-5.125 0.425 0.0000e+00
-5.125 0.475 0.0000e+00
-5.125 0.525 0.0000e+00
-5.125 0.575 0.0000e+00
-5.125 0.625 0.0000e+00
-5.125 0.675 0.0000e+00
-5.125 0.725 0.0000e+00
-5.125 0.775 0.0000e+00
-5.125 0.825 8.2414e-13
-5.125 0.875 1.6451e-12
-5.125 0.925 3.2842e-12
-5.125 0.975 6.5567e-12
-5.125 1.025 1.3091e-11
-5.125 1.075 2.6140e-11
-5.125 1.125 5.2199e-11
-5.125 1.175 1.0425e-10
-5.125 1.225 2.0822e-10
-5.125 1.275 4.1593e-10
-5.125 1.325 8.3098e-10
-5.125 1.375 1.6604e-09
-5.125 1.425 3.3185e-09
-5.125 1.475 6.6333e-09
-5.125 1.525 1.3262e-08
-5.125 1.575 2.6522e-08
-5.125 1.625 5.3055e-08
-5.125 1.675 1.0616e-07
-5.125 1.725 2.1249e-07
-5.125 1.775 4.2548e-07
-5.125 1.825 8.5231e-07
-5.125 1.875 1.7081e-06
-5.125 1.925 3.4247e-06
-5.125 1.975 6.8703e-06
-5.125 2.025 1.3791e-05
-5.125 2.075 2.7699e-05
-5.125 2.125 5.5673e-05
-5.125 2.175 1.1198e-04
-5.125 2.225 2.2541e-04
-5.125 2.275 4.5412e-04
-5.125 2.325 9.1565e-04
-5.125 2.375 1.8478e-03
-5.125 2.425 3.7322e-03
-5.125 2.475 7.5443e-03
-5.125 2.525 1.5261e-02
-5.125 2.575 3.0886e-02
-5.125 2.625 6.2529e-02
-5.125 2.675 1.2658e-01
-5.125 2.725 2.5608e-01
-5.125 2.775 5.1735e-01
-5.125 2.825 1.0427e+00
-5.125 2.875 2.0939e+00
-5.125 2.925 4.1821e+00
-5.125 2.975 8.2901e+00
-5.125 3.025 1.6267e+01
-5.125 3.075 3.1498e+01
-5.125 3.125 5.9983e+01
-5.125 3.175 1.1195e+02
-5.125 3.225 2.0415e+02
-5.125 3.275 3.6299e+02
-5.125 3.325 6.2912e+02
-5.125 3.375 1.0655e+03
-5.125 3.425 1.7734e+03
-5.125 3.475 2.9283e+03
-5.125 3.525 4.8554e+03
-5.125 3.575 8.1850e+03
-5.125 3.625 1.4152e+04
-5.125 3.675 2.5120e+04
-5.125 3.725 4.5328e+04
-5.125 3.775 8.1237e+04
-5.125 3.825 1.3284e+05
-5.125 3.875 0.0000e+00
-5.125 3.925 0.0000e+00
-5.125 3.975 0.0000e+00
-5.075 -1.975 0.0000e+00
-5.075 -1.925 0.0000e+00
-5.075 -1.875 0.0000e+00
-5.075 -1.825 0.0000e+00
-5.075 -1.775 0.0000e+00
-5.075 -1.725 0.0000e+00
-5.075 -1.675 0.0000e+00
-5.075 -1.625 0.0000e+00
-5.075 -1.575 0.0000e+00
-5.075 -1.525 0.0000e+00
-5.075 -1.475 0.0000e+00
-5.075 -1.425 0.0000e+00
-5.075 -1.375 0.0000e+00
-5.075 -1.325 0.0000e+00
-5.075 -1.275 0.0000e+00
-5.075 -1.225 0.0000e+00
-5.075 -1.175 0.0000e+00
-5.075 -1.125 0.0000e+00
-5.075 -1.075 0.0000e+00
-5.075 -1.025 0.0000e+00
-5.075 -0.975 0.0000e+00
-5.075 -0.925 0.0000e+00
-5.075 -0.875 0.0000e+00
-5.075 -0.825 0.0000e+00
-5.075 -0.775 0.0000e+00
-5.075 -0.725 0.0000e+00
-5.075 -0.675 0.0000e+00
-5.075 -0.625 0.0000e+00
-5.075 -0.575 0.0000e+00
-5.075 -0.525 0.0000e+00
-5.075 -0.475 0.0000e+00
-5.075 -0.425 0.0000e+00
-5.075 -0.375 0.0000e+00
-5.075 -0.325 0.0000e+00
-5.075 -0.275 0.0000e+00
-5.075 -0.225 0.0000e+00
-5.075 -0.175 0.0000e+00
-5.075 -0.125 0.0000e+00
-5.075 -0.075 0.0000e+00
-5.075 -0.025 0.0000e+00
-5.075 0.025 0.0000e+00
-5.075 0.075 0.0000e+00
-5.075 0.125 0.0000e+00
-5.075 0.175 0.0000e+00
-5.075 0.225 0.0000e+00
-5.075 0.275 0.0000e+00
-5.075 0.325 0.0000e+00
-5.075 0.375 0.0000e+00
-5.075 0.425 0.0000e+00
-5.075 0.475 0.0000e+00
-5.075 0.525 0.0000e+00
-5.075 0.575 0.0000e+00
-5.075 0.625 0.0000e+00
-5.075 0.675 0.0000e+00
-5.075 0.725 0.0000e+00
-5.075 0.775 0.0000e+00
-5.075 0.825 1.0375e-12
-5.075 0.875 2.0711e-12
-5.075 0.925 4.1346e-12
-5.075 0.975 8.2545e-12
-5.075 1.025 1.6481e-11
-5.075 1.075 3.2908e-11
-5.075 1.125 6.5714e-11
-5.075 1.175 1.3124e-10
-5.075 1.225 2.6213e-10
-5.075 1.275 5.2363e-10
-5.075 1.325 1.0461e-09
-5.075 1.375 2.0904e-09
-5.075 1.425 4.1777e-09
-5.075 1.475 8.3509e-09
-5.075 1.525 1.6696e-08
-5.075 1.575 3.3390e-08
-5.075 1.625 6.6792e-08
-5.075 1.675 1.3365e-07
-5.075 1.725 2.6751e-07
-5.075 1.775 5.3565e-07
-5.075 1.825 1.0730e-06
-5.075 1.875 2.1503e-06
-5.075 1.925 4.3115e-06
-5.075 1.975 8.6492e-06
-5.075 2.025 1.7361e-05
-5.075 2.075 3.4871e-05
-5.075 2.125 7.0088e-05
-5.075 2.175 1.4097e-04
-5.075 2.225 2.8378e-04
-5.075 2.275 5.7170e-04
-5.075 2.325 1.1527e-03
-5.075 2.375 2.3263e-03
-5.075 2.425 4.6986e-03
-5.075 2.475 9.4977e-03
-5.075 2.525 1.9212e-02
-5.075 2.575 3.8884e-02
-5.075 2.625 7.8720e-02
-5.075 2.675 1.5935e-01
-5.075 2.725 3.2238e-01
-5.075 2.775 6.5131e-01
-5.075 2.825 1.3127e+00
-5.075 2.875 2.6361e+00
-5.075 2.925 5.2651e+00
-5.075 2.975 1.0437e+01
-5.075 3.025 2.0479e+01
-5.075 3.075 3.9655e+01
-5.075 3.125 7.5518e+01
-5.075 3.175 1.4095e+02
-5.075 3.225 2.5704e+02
-5.075 3.275 4.5704e+02
-5.075 3.325 7.9217e+02
-5.075 3.375 1.3417e+03
-5.075 3.425 2.2333e+03
-5.075 3.475 3.6881e+03
-5.075 3.525 6.1156e+03
-5.075 3.575 1.0310e+04
-5.075 3.625 1.7825e+04
-5.075 3.675 3.1637e+04
-5.075 3.725 5.7077e+04
-5.075 3.775 1.0227e+05
-5.075 3.825 1.6718e+05
-5.075 3.875 0.0000e+00
-5.075 3.925 0.0000e+00
-5.075 3.975 0.0000e+00
-5.025 -1.975 0.0000e+00
-5.025 -1.925 0.0000e+00
-5.025 -1.875 0.0000e+00
-5.025 -1.825 0.0000e+00
-5.025 -1.775 0.0000e+00
-5.025 -1.725 0.0000e+00
-5.025 -1.675 0.0000e+00
-5.025 -1.625 0.0000e+00
-5.025 -1.575 0.0000e+00
-5.025 -1.525 0.0000e+00
-5.025 -1.475 0.0000e+00
-5.025 -1.425 0.0000e+00
-5.025 -1.375 0.0000e+00
-5.025 -1.325 0.0000e+00
-5.025 -1.275 0.0000e+00
-5.025 -1.225 0.0000e+00
-5.025 -1.175 0.0000e+00
-5.025 -1.125 0.0000e+00
-5.025 -1.075 0.0000e+00
-5.025 -1.025 0.0000e+00
-5.025 -0.975 0.0000e+00
-5.025 -0.925 0.0000e+00
-5.025 -0.875 0.0000e+00
-5.025 -0.825 0.0000e+00
-5.025 -0.775 0.0000e+00
-5.025 -0.725 0.0000e+00
-5.025 -0.675 0.0000e+00
-5.025 -0.625 0.0000e+00
-5.025 -0.575 0.0000e+00
-5.025 -0.525 0.0000e+00
-5.025 -0.475 0.0000e+00
-5.025 -0.425 0.0000e+00
-5.025 -0.375 0.0000e+00
-5.025 -0.325 0.0000e+00
-5.025 -0.275 0.0000e+00
-5.025 -0.225 0.0000e+00
-5.025 -0.175 0.0000e+00
-5.025 -0.125 0.0000e+00
-5.025 -0.075 0.0000e+00
-5.025 -0.025 0.0000e+00
-5.025 0.025 0.0000e+00
-5.025 0.075 0.0000e+00
-5.025 0.125 0.0000e+00
-5.025 0.175 0.0000e+00
-5.025 0.225 0.0000e+00
-5.025 0.275 0.0000e+00
-5.025 0.325 0.0000e+00
-5.025 0.375 0.0000e+00
-5.025 0.425 0.0000e+00
-5.025 0.475 0.0000e+00
-5.025 0.525 0.0000e+00
-5.025 0.575 0.0000e+00
-5.025 0.625 0.0000e+00
-5.025 0.675 0.0000e+00
-5.025 0.725 0.0000e+00
-5.025 0.775 0.0000e+00
-5.025 0.825 1.3062e-12
-5.025 0.875 2.6074e-12
-5.025 0.925 5.2051e-12
-5.025 0.975 1.0392e-11
-5.025 1.025 2.0748e-11
-5.025 1.075 4.1428e-11
-5.025 1.125 8.2729e-11
-5.025 1.175 1.6522e-10
-5.025 1.225 3.3000e-10
-5.025 1.275 6.5921e-10
-5.025 1.325 1.3170e-09
-5.025 1.375 2.6316e-09
-5.025 1.425 5.2594e-09
-5.025 1.475 1.0513e-08
-5.025 1.525 2.1019e-08
-5.025 1.575 4.2035e-08
-5.025 1.625 8.4086e-08
-5.025 1.675 1.6825e-07
-5.025 1.725 3.3678e-07
-5.025 1.775 6.7435e-07
-5.025 1.825 1.3508e-06
-5.025 1.875 2.7071e-06
-5.025 1.925 5.4278e-06
-5.025 1.975 1.0889e-05
-5.025 2.025 2.1857e-05
-5.025 2.075 4.3900e-05
-5.025 2.125 8.8235e-05
-5.025 2.175 1.7748e-04
-5.025 2.225 3.5725e-04
-5.025 2.275 7.1973e-04
-5.025 2.325 1.4512e-03
-5.025 2.375 2.9286e-03
-5.025 2.425 5.9152e-03
-5.025 2.475 1.1957e-02
-5.025 2.525 2.4187e-02
-5.025 2.575 4.8952e-02
-5.025 2.625 9.9103e-02
-5.025 2.675 2.0062e-01
-5.025 2.725 4.0586e-01
-5.025 2.775 8.1995e-01
-5.025 2.825 1.6526e+00
-5.025 2.875 3.3187e+00
-5.025 2.925 6.6285e+00
-5.025 2.975 1.3140e+01
-5.025 3.025 2.5782e+01
-5.025 3.075 4.9925e+01
-5.025 3.125 9.5077e+01
-5.025 3.175 1.7746e+02
-5.025 3.225 3.2363e+02
-5.025 3.275 5.7548e+02
-5.025 3.325 9.9752e+02
-5.025 3.375 1.6896e+03
-5.025 3.425 2.8127e+03
-5.025 3.475 4.6454e+03
-5.025 3.525 7.7037e+03
-5.025 3.575 1.2988e+04
-5.025 3.625 2.2455e+04
-5.025 3.675 3.9849e+04
-5.025 3.725 7.1875e+04
-5.025 3.775 1.2874e+05
-5.025 3.825 2.1037e+05
-5.025 3.875 0.0000e+00
-5.025 3.925 0.0000e+00
-5.025 3.975 0.0000e+00
-4.975 -1.975 0.0000e+00
-4.975 -1.925 0.0000e+00
-4.975 -1.875 0.0000e+00
-4.975 -1.825 0.0000e+00
-4.975 -1.775 0.0000e+00
-4.975 -1.725 0.0000e+00
-4.975 -1.675 0.0000e+00
-4.975 -1.625 0.0000e+00
-4.975 -1.575 0.0000e+00
-4.975 -1.525 0.0000e+00
-4.975 -1.475 0.0000e+00
-4.975 -1.425 0.0000e+00
-4.975 -1.375 0.0000e+00
-4.975 -1.325 0.0000e+00
-4.975 -1.275 0.0000e+00
-4.975 -1.225 0.0000e+00
-4.975 -1.175 0.0000e+00
-4.975 -1.125 0.0000e+00
-4.975 -1.075 0.0000e+00
-4.975 -1.025 0.0000e+00
-4.975 -0.975 0.0000e+00
-4.975 -0.925 0.0000e+00
-4.975 -0.875 0.0000e+00
-4.975 -0.825 0.0000e+00
-4.975 -0.775 0.0000e+00
-4.975 -0.725 0.0000e+00
-4.975 -0.675 0.0000e+00
-4.975 -0.625 0.0000e+00
-4.975 -0.575 0.0000e+00
-4.975 -0.525 0.0000e+00
-4.975 -0.475 0.0000e+00
-4.975 -0.425 0.0000e+00
-4.975 -0.375 0.0000e+00
-4.975 -0.325 0.0000e+00
-4.975 -0.275 0.0000e+00
-4.975 -0.225 0.0000e+00
-4.975 -0.175 0.0000e+00
-4.975 -0.125 0.0000e+00
-4.975 -0.075 0.0000e+00
-4.975 -0.025 0.0000e+00
-4.975 0.025 0.0000e+00
-4.975 0.075 0.0000e+00
-4.975 0.125 0.0000e+00
-4.975 0.175 0.0000e+00
-4.975 0.225 0.0000e+00
-4.975 0.275 0.0000e+00
-4.975 0.325 0.0000e+00
-4.975 0.375 0.0000e+00
-4.975 0.425 0.0000e+00
-4.975 0.475 0.0000e+00
-4.975 0.525 0.0000e+00
-4.975 0.575 0.0000e+00
-4.975 0.625 0.0000e+00
-4.975 0.675 0.0000e+00
-4.975 0.725 0.0000e+00
-4.975 0.775 0.0000e+00
-4.975 0.825 1.6444e-12
-4.975 0.875 3.2825e-12
-4.975 0.925 6.5529e-12
-4.975 0.975 1.3082e-11
-4.975 1.025 2.6120e-11
-4.975 1.075 5.2155e-11
-4.975 1.125 1.0415e-10
-4.975 1.175 2.0800e-10
-4.975 1.225 4.1545e-10
-4.975 1.275 8.2989e-10
-4.975 1.325 1.6580e-09
-4.975 1.375 3.3130e-09
-4.975 1.425 6.6212e-09
-4.975 1.475 1.3235e-08
-4.975 1.525 2.6462e-08
-4.975 1.575 5.2919e-08
-4.975 1.625 1.0586e-07
-4.975 1.675 2.1182e-07
-4.975 1.725 4.2398e-07
-4.975 1.775 8.4895e-07
-4.975 1.825 1.7006e-06
-4.975 1.875 3.4081e-06
-4.975 1.925 6.8332e-06
-4.975 1.975 1.3708e-05
-4.975 2.025 2.7516e-05
-4.975 2.075 5.5267e-05
-4.975 2.125 1.1108e-04
-4.975 2.175 2.2343e-04
-4.975 2.225 4.4976e-04
-4.975 2.275 9.0608e-04
-4.975 2.325 1.8270e-03
-4.975 2.375 3.6869e-03
-4.975 2.425 7.4468e-03
-4.975 2.475 1.5053e-02
-4.975 2.525 3.0449e-02
-4.975 2.575 6.1627e-02
-4.975 2.625 1.2476e-01
-4.975 2.675 2.5256e-01
-4.975 2.725 5.1095e-01
-4.975 2.775 1.0323e+00
-4.975 2.825 2.0806e+00
-4.975 2.875 4.1781e+00
-4.975 2.925 8.3450e+00
-4.975 2.975 1.6542e+01
-4.975 3.025 3.2460e+01
-4.975 3.075 6.2855e+01
-4.975 3.125 1.1970e+02
-4.975 3.175 2.2344e+02
-4.975 3.225 4.0749e+02
-4.975 3.275 7.2464e+02
-4.975 3.325 1.2562e+03
-4.975 3.375 2.1279e+03
-4.975 3.425 3.5429e+03
-4.975 3.475 5.8520e+03
-4.975 3.525 9.7058e+03
-4.975 3.575 1.6364e+04
-4.975 3.625 2.8291e+04
-4.975 3.675 5.0199e+04
-4.975 3.725 9.0516e+04
-4.975 3.775 1.6206e+05
-4.975 3.825 2.6469e+05
-4.975 3.875 0.0000e+00
-4.975 3.925 0.0000e+00
-4.975 3.975 0.0000e+00
-4.925 -1.975 0.0000e+00
-4.925 -1.925 0.0000e+00
-4.925 -1.875 0.0000e+00
-4.925 -1.825 0.0000e+00
-4.925 -1.775 0.0000e+00
-4.925 -1.725 0.0000e+00
-4.925 -1.675 0.0000e+00
-4.925 -1.625 0.0000e+00
-4.925 -1.575 0.0000e+00
-4.925 -1.525 0.0000e+00
-4.925 -1.475 0.0000e+00
-4.925 -1.425 0.0000e+00
-4.925 -1.375 0.0000e+00
-4.925 -1.325 0.0000e+00
-4.925 -1.275 0.0000e+00
-4.925 -1.225 0.0000e+00
-4.925 -1.175 0.0000e+00
-4.925 -1.125 0.0000e+00
-4.925 -1.075 0.0000e+00
-4.925 -1.025 0.0000e+00
-4.925 -0.975 0.0000e+00
-4.925 -0.925 0.0000e+00
-4.925 -0.875 0.0000e+00
-4.925 -0.825 0.0000e+00
-4.925 -0.775 0.0000e+00
-4.925 -0.725 0.0000e+00
-4.925 -0.675 0.0000e+00
-4.925 -0.625 0.0000e+00
-4.925 -0.575 0.0000e+00
-4.925 -0.525 0.0000e+00
-4.925 -0.475 0.0000e+00
-4.925 -0.425 0.0000e+00
-4.925 -0.375 0.0000e+00
-4.925 -0.325 0.0000e+00
-4.925 -0.275 0.0000e+00
-4.925 -0.225 0.0000e+00
-4.925 -0.175 0.0000e+00
-4.925 -0.125 0.0000e+00
-4.925 -0.075 0.0000e+00
-4.925 -0.025 0.0000e+00
-4.925 0.025 0.0000e+00
-4.925 0.075 0.0000e+00
-4.925 0.125 0.0000e+00
-4.925 0.175 0.0000e+00
-4.925 0.225 0.0000e+00
-4.925 0.275 0.0000e+00
-4.925 0.325 0.0000e+00
-4.925 0.375 0.0000e+00
-4.925 0.425 0.0000e+00
-4.925 0.475 0.0000e+00
-4.925 0.525 0.0000e+00
-4.925 0.575 0.0000e+00
-4.925 0.625 0.0000e+00
-4.925 0.675 0.0000e+00
-4.925 0.725 0.0000e+00
-4.925 0.775 0.0000e+00
-4.925 0.825 2.0701e-12
-4.925 0.875 4.1324e-12
-4.925 0.925 8.2496e-12
-4.925 0.975 1.6470e-11
-4.925 1.025 3.2883e-11
-4.925 1.075 6.5660e-11
-4.925 1.125 1.3112e-10
-4.925 1.175 2.6186e-10
-4.925 1.225 5.2302e-10
-4.925 1.275 1.0448e-09
-4.925 1.325 2.0873e-09
-4.925 1.375 4.1709e-09
-4.925 1.425 8.3356e-09
-4.925 1.475 1.6662e-08
-4.925 1.525 3.3314e-08
-4.925 1.575 6.6621e-08
-4.925 1.625 1.3327e-07
-4.925 1.675 2.6666e-07
-4.925 1.725 5.3376e-07
-4.925 1.775 1.0688e-06
-4.925 1.825 2.1409e-06
-4.925 1.875 4.2905e-06
-4.925 1.925 8.6025e-06
-4.925 1.975 1.7258e-05
-4.925 2.025 3.4640e-05
-4.925 2.075 6.9577e-05
-4.925 2.125 1.3984e-04
-4.925 2.175 2.8128e-04
-4.925 2.225 5.6621e-04
-4.925 2.275 1.1407e-03
-4.925 2.325 2.3000e-03
-4.925 2.375 4.6416e-03
-4.925 2.425 9.3750e-03
-4.925 2.475 1.8951e-02
-4.925 2.525 3.8334e-02
-4.925 2.575 7.7584e-02
-4.925 2.625 1.5707e-01
-4.925 2.675 3.1796e-01
-4.925 2.725 6.4325e-01
-4.925 2.775 1.2996e+00
-4.925 2.825 2.6193e+00
-4.925 2.875 5.2600e+00
-4.925 2.925 1.0506e+01
-4.925 2.975 2.0826e+01
-4.925 3.025 4.0866e+01
-4.925 3.075 7.9136e+01
-4.925 3.125 1.5072e+02
-4.925 3.175 2.8133e+02
-4.925 3.225 5.1311e+02
-4.925 3.275 9.1252e+02
-4.925 3.325 1.5820e+03
-4.925 3.375 2.6802e+03
-4.925 3.425 4.4631e+03
-4.925 3.475 7.3732e+03
-4.925 3.525 1.2230e+04
-4.925 3.575 2.0622e+04
-4.925 3.625 3.5652e+04
-4.925 3.675 6.3247e+04
-4.925 3.725 1.1400e+05
-4.925 3.775 2.0401e+05
-4.925 3.825 3.3299e+05
-4.925 3.875 0.0000e+00
-4.925 3.925 0.0000e+00
-4.925 3.975 0.0000e+00
-4.875 -1.975 0.0000e+00
-4.875 -1.925 0.0000e+00
-4.875 -1.875 0.0000e+00
-4.875 -1.825 0.0000e+00
-4.875 -1.775 0.0000e+00
-4.875 -1.725 0.0000e+00
-4.875 -1.675 0.0000e+00
-4.875 -1.625 0.0000e+00
-4.875 -1.575 0.0000e+00
-4.875 -1.525 0.0000e+00
-4.875 -1.475 0.0000e+00
-4.875 -1.425 0.0000e+00
-4.875 -1.375 0.0000e+00
-4.875 -1.325 0.0000e+00
-4.875 -1.275 0.0000e+00
-4.875 -1.225 0.0000e+00
-4.875 -1.175 0.0000e+00
-4.875 -1.125 0.0000e+00
-4.875 -1.075 0.0000e+00
-4.875 -1.025 0.0000e+00
-4.875 -0.975 0.0000e+00
-4.875 -0.925 0.0000e+00
-4.875 -0.875 0.0000e+00
-4.875 -0.825 0.0000e+00
-4.875 -0.775 0.0000e+00
-4.875 -0.725 0.0000e+00
-4.875 -0.675 0.0000e+00
-4.875 -0.625 0.0000e+00
-4.875 -0.575 0.0000e+00
-4.875 -0.525 0.0000e+00
-4.875 -0.475 0.0000e+00
-4.875 -0.425 0.0000e+00
-4.875 -0.375 0.0000e+00
-4.875 -0.325 0.0000e+00
-4.875 -0.275 0.0000e+00
-4.875 -0.225 0.0000e+00
-4.875 -0.175 0.0000e+00
-4.875 -0.125 0.0000e+00
-4.875 -0.075 0.0000e+00
-4.875 -0.025 0.0000e+00
-4.875 0.025 0.0000e+00
-4.875 0.075 0.0000e+00
-4.875 0.125 0.0000e+00
-4.875 0.175 0.0000e+00
-4.875 0.225 0.0000e+00
-4.875 0.275 0.0000e+00
-4.875 0.325 0.0000e+00
-4.875 0.375 0.0000e+00
-4.875 0.425 0.0000e+00
-4.875 0.475 0.0000e+00
-4.875 0.525 0.0000e+00
-4.875 0.575 0.0000e+00
-4.875 0.625 0.0000e+00
-4.875 0.675 0.0000e+00
-4.875 0.725 0.0000e+00
-4.875 0.775 0.0000e+00
-4.875 0.825 2.6061e-12
-4.875 0.875 5.2024e-12
-4.875 0.925 1.0386e-11
-4.875 0.975 2.0734e-11
-4.875 1.025 4.1398e-11
-4.875 1.075 8.2660e-11
-4.875 1.125 1.6507e-10
-4.875 1.175 3.2966e-10
-4.875 1.225 6.5844e-10
-4.875 1.275 1.3153e-09
-4.875 1.325 2.6278e-09
-4.875 1.375 5.2508e-09
-4.875 1.425 1.0494e-08
-4.875 1.475 2.0976e-08
-4.875 1.525 4.1939e-08
-4.875 1.575 8.3871e-08
-4.875 1.625 1.6777e-07
-4.875 1.675 3.3571e-07
-4.875 1.725 6.7196e-07
-4.875 1.775 1.3455e-06
-4.875 1.825 2.6952e-06
-4.875 1.875 5.4014e-06
-4.875 1.925 1.0830e-05
-4.875 1.975 2.1726e-05
-4.875 2.025 4.3610e-05
-4.875 2.075 8.7592e-05
-4.875 2.125 1.7605e-04
-4.875 2.175 3.5411e-04
-4.875 2.225 7.1282e-04
-4.875 2.275 1.4361e-03
-4.875 2.325 2.8956e-03
-4.875 2.375 5.8434e-03
-4.875 2.425 1.1802e-02
-4.875 2.475 2.3857e-02
-4.875 2.525 4.8259e-02
-4.875 2.575 9.7673e-02
-4.875 2.625 1.9774e-01
-4.875 2.675 4.0029e-01
-4.875 2.725 8.0982e-01
-4.875 2.775 1.6361e+00
-4.875 2.825 3.2976e+00
-4.875 2.875 6.6221e+00
-4.875 2.925 1.3227e+01
-4.875 2.975 2.6220e+01
-4.875 3.025 5.1451e+01
-4.875 3.075 9.9636e+01
-4.875 3.125 1.8976e+02
-4.875 3.175 3.5424e+02
-4.875 3.225 6.4612e+02
-4.875 3.275 1.1492e+03
-4.875 3.325 1.9926e+03
-4.875 3.375 3.3763e+03
-4.875 3.425 5.6233e+03
-4.875 3.475 9.2918e+03
-4.875 3.525 1.5416e+04
-4.875 3.575 2.5995e+04
-4.875 3.625 4.4939e+04
-4.875 3.675 7.9702e+04
-4.875 3.725 1.4360e+05
-4.875 3.775 2.5680e+05
-4.875 3.825 4.1883e+05
-4.875 3.875 0.0000e+00
-4.875 3.925 0.0000e+00
-4.875 3.975 0.0000e+00
-4.825 -1.975 0.0000e+00
-4.825 -1.925 0.0000e+00
-4.825 -1.875 0.0000e+00
-4.825 -1.825 0.0000e+00
-4.825 -1.775 0.0000e+00
-4.825 -1.725 0.0000e+00
-4.825 -1.675 0.0000e+00
-4.825 -1.625 0.0000e+00
-4.825 -1.575 0.0000e+00
-4.825 -1.525 0.0000e+00
-4.825 -1.475 0.0000e+00
-4.825 -1.425 0.0000e+00
-4.825 -1.375 0.0000e+00
-4.825 -1.325 0.0000e+00
-4.825 -1.275 0.0000e+00
-4.825 -1.225 0.0000e+00
-4.825 -1.175 0.0000e+00
-4.825 -1.125 0.0000e+00
-4.825 -1.075 0.0000e+00
-4.825 -1.025 0.0000e+00
-4.825 -0.975 0.0000e+00
-4.825 -0.925 0.0000e+00
-4.825 -0.875 0.0000e+00
-4.825 -0.825 0.0000e+00
-4.825 -0.775 0.0000e+00
-4.825 -0.725 0.0000e+00
-4.825 -0.675 0.0000e+00
-4.825 -0.625 0.0000e+00
-4.825 -0.575 0.0000e+00
-4.825 -0.525 0.0000e+00
-4.825 -0.475 0.0000e+00
-4.825 -0.425 0.0000e+00
-4.825 -0.375 0.0000e+00
-4.825 -0.325 0.0000e+00
-4.825 -0.275 0.0000e+00
-4.825 -0.225 0.0000e+00
-4.825 -0.175 0.0000e+00
-4.825 -0.125 0.0000e+00
-4.825 -0.075 0.0000e+00
-4.825 -0.025 0.0000e+00
-4.825 0.025 0.0000e+00
-4.825 0.075 0.0000e+00
-4.825 0.125 0.0000e+00
-4.825 0.175 0.0000e+00
-4.825 0.225 0.0000e+00
-4.825 0.275 0.0000e+00
-4.825 0.325 0.0000e+00
-4.825 0.375 0.0000e+00
-4.825 0.425 0.0000e+00
-4.825 0.475 0.0000e+00
-4.825 0.525 0.0000e+00
-4.825 0.575 0.0000e+00
-4.825 0.625 0.0000e+00
-4.825 0.675 0.0000e+00
-4.825 0.725 0.0000e+00
-4.825 0.775 0.0000e+00
-4.825 0.825 3.2809e-12
-4.825 0.875 6.5494e-12
-4.825 0.925 1.3075e-11
-4.825 0.975 2.6103e-11
-4.825 1.025 5.2117e-11
-4.825 1.075 1.0406e-10
-4.825 1.125 2.0781e-10
-4.825 1.175 4.1501e-10
-4.825 1.225 8.2893e-10
-4.825 1.275 1.6559e-09
-4.825 1.325 3.3082e-09
-4.825 1.375 6.6104e-09
-4.825 1.425 1.3211e-08
-4.825 1.475 2.6408e-08
-4.825 1.525 5.2798e-08
-4.825 1.575 1.0559e-07
-4.825 1.625 2.1121e-07
-4.825 1.675 4.2263e-07
-4.825 1.725 8.4595e-07
-4.825 1.775 1.6939e-06
-4.825 1.825 3.3931e-06
-4.825 1.875 6.8000e-06
-4.825 1.925 1.3634e-05
-4.825 1.975 2.7351e-05
-4.825 2.025 5.4901e-05
-4.825 2.075 1.1027e-04
-4.825 2.125 2.2164e-04
-4.825 2.175 4.4580e-04
-4.825 2.225 8.9738e-04
-4.825 2.275 1.8079e-03
-4.825 2.325 3.6453e-03
-4.825 2.375 7.3564e-03
-4.825 2.425 1.4858e-02
-4.825 2.475 3.0035e-02
-4.825 2.525 6.0755e-02
-4.825 2.575 1.2296e-01
-4.825 2.625 2.4894e-01
-4.825 2.675 5.0394e-01
-4.825 2.725 1.0195e+00
-4.825 2.775 2.0598e+00
-4.825 2.825 4.1516e+00
-4.825 2.875 8.3371e+00
-4.825 2.925 1.6652e+01
-4.825 2.975 3.3011e+01
-4.825 3.025 6.4779e+01
-4.825 3.075 1.2545e+02
-4.825 3.125 2.3894e+02
-4.825 3.175 4.4606e+02
-4.825 3.225 8.1368e+02
-4.825 3.275 1.4474e+03
-4.825 3.325 2.5100e+03
-4.825 3.375 4.2539e+03
-4.825 3.425 7.0866e+03
-4.825 3.475 1.1713e+04
-4.825 3.525 1.9436e+04
-4.825 3.575 3.2779e+04
-4.825 3.625 5.6662e+04
-4.825 3.675 1.0046e+05
-4.825 3.725 1.8090e+05
-4.825 3.775 3.2324e+05
-4.825 3.825 5.2667e+05
-4.825 3.875 0.0000e+00
-4.825 3.925 0.0000e+00
-4.825 3.975 0.0000e+00
-4.775 -1.975 0.0000e+00
-4.775 -1.925 0.0000e+00
-4.775 -1.875 0.0000e+00
-4.775 -1.825 0.0000e+00
-4.775 -1.775 0.0000e+00
-4.775 -1.725 0.0000e+00
-4.775 -1.675 0.0000e+00
-4.775 -1.625 0.0000e+00
-4.775 -1.575 0.0000e+00
-4.775 -1.525 0.0000e+00
-4.775 -1.475 0.0000e+00
-4.775 -1.425 0.0000e+00
-4.775 -1.375 0.0000e+00
-4.775 -1.325 0.0000e+00
-4.775 -1.275 0.0000e+00
-4.775 -1.225 0.0000e+00
-4.775 -1.175 0.0000e+00
-4.775 -1.125 0.0000e+00
-4.775 -1.075 0.0000e+00
-4.775 -1.025 0.0000e+00
-4.775 -0.975 0.0000e+00
-4.775 -0.925 0.0000e+00
-4.775 -0.875 0.0000e+00
-4.775 -0.825 0.0000e+00
-4.775 -0.775 0.0000e+00
-4.775 -0.725 0.0000e+00
-4.775 -0.675 0.0000e+00
-4.775 -0.625 0.0000e+00
-4.775 -0.575 0.0000e+00
-4.775 -0.525 0.0000e+00
-4.775 -0.475 0.0000e+00
-4.775 -0.425 0.0000e+00
-4.775 -0.375 0.0000e+00
-4.775 -0.325 0.0000e+00
-4.775 -0.275 0.0000e+00
-4.775 -0.225 0.0000e+00
-4.775 -0.175 0.0000e+00
-4.775 -0.125 0.0000e+00
-4.775 -0.075 0.0000e+00
-4.775 -0.025 0.0000e+00
-4.775 0.025 0.0000e+00
-4.775 0.075 0.0000e+00
-4.775 0.125 0.0000e+00
-4.775 0.175 0.0000e+00
-4.775 0.225 0.0000e+00
-4.775 0.275 0.0000e+00
-4.775 0.325 0.0000e+00
-4.775 0.375 0.0000e+00
-4.775 0.425 0.0000e+00
-4.775 0.475 0.0000e+00
-4.775 0.525 0.0000e+00
-4.775 0.575 0.0000e+00
-4.775 0.625 0.0000e+00
-4.775 0.675 0.0000e+00
-4.775 0.725 0.0000e+00
-4.775 0.775 0.0000e+00
-4.775 0.825 4.1305e-12
-4.775 0.875 8.2452e-12
-4.775 0.925 1.6460e-11
-4.775 0.975 3.2862e-11
-4.775 1.025 6.5611e-11
-4.775 1.075 1.3101e-10
-4.775 1.125 2.6161e-10
-4.775 1.175 5.2247e-10
-4.775 1.225 1.0436e-09
-4.775 1.275 2.0846e-09
-4.775 1.325 4.1648e-09
-4.775 1.375 8.3220e-09
-4.775 1.425 1.6632e-08
-4.775 1.475 3.3245e-08
-4.775 1.525 6.6469e-08
-4.775 1.575 1.3293e-07
-4.775 1.625 2.6590e-07
-4.775 1.675 5.3206e-07
-4.775 1.725 1.0650e-06
-4.775 1.775 2.1325e-06
-4.775 1.825 4.2717e-06
-4.775 1.875 8.5606e-06
-4.775 1.925 1.7164e-05
-4.775 1.975 3.4433e-05
-4.775 2.025 6.9117e-05
-4.775 2.075 1.3882e-04
-4.775 2.125 2.7903e-04
-4.775 2.175 5.6123e-04
-4.775 2.225 1.1297e-03
-4.775 2.275 2.2760e-03
-4.775 2.325 4.5892e-03
-4.775 2.375 9.2613e-03
-4.775 2.425 1.8706e-02
-4.775 2.475 3.7812e-02
-4.775 2.525 7.6487e-02
-4.775 2.575 1.5480e-01
-4.775 2.625 3.1340e-01
-4.775 2.675 6.3443e-01
-4.775 2.725 1.2835e+00
-4.775 2.775 2.5931e+00
-4.775 2.825 5.2267e+00
-4.775 2.875 1.0496e+01
-4.775 2.925 2.0965e+01
-4.775 2.975 4.1562e+01
-4.775 3.025 8.1561e+01
-4.775 3.075 1.5795e+02
-4.775 3.125 3.0087e+02
-4.775 3.175 5.6171e+02
-4.775 3.225 1.0248e+03
-4.775 3.275 1.8231e+03
-4.775 3.325 3.1622e+03
-4.775 3.375 5.3607e+03
-4.775 3.425 8.9330e+03
-4.775 3.475 1.4769e+04
-4.775 3.525 2.4515e+04
-4.775 3.575 4.1350e+04
-4.775 3.625 7.1472e+04
-4.775 3.675 1.2667e+05
-4.775 3.725 2.2793e+05
-4.775 3.775 4.0687e+05
-4.775 3.825 6.6210e+05
-4.775 3.875 0.0000e+00
-4.775 3.925 0.0000e+00
-4.775 3.975 0.0000e+00
-4.725 -1.975 0.0000e+00
-4.725 -1.925 0.0000e+00
-4.725 -1.875 0.0000e+00
-4.725 -1.825 0.0000e+00
-4.725 -1.775 0.0000e+00
-4.725 -1.725 0.0000e+00
-4.725 -1.675 0.0000e+00
-4.725 -1.625 0.0000e+00
-4.725 -1.575 0.0000e+00
-4.725 -1.525 0.0000e+00
-4.725 -1.475 0.0000e+00
-4.725 -1.425 0.0000e+00
-4.725 -1.375 0.0000e+00
-4.725 -1.325 0.0000e+00
-4.725 -1.275 0.0000e+00
-4.725 -1.225 0.0000e+00
-4.725 -1.175 0.0000e+00
-4.725 -1.125 0.0000e+00
-4.725 -1.075 0.0000e+00
-4.725 -1.025 0.0000e+00
-4.725 -0.975 0.0000e+00
-4.725 -0.925 0.0000e+00
-4.725 -0.875 0.0000e+00
-4.725 -0.825 0.0000e+00
-4.725 -0.775 0.0000e+00
-4.725 -0.725 0.0000e+00
-4.725 -0.675 0.0000e+00
-4.725 -0.625 0.0000e+00
-4.725 -0.575 0.0000e+00
-4.725 -0.525 0.0000e+00
-4.725 -0.475 0.0000e+00
-4.725 -0.425 0.0000e+00
-4.725 -0.375 0.0000e+00
-4.725 -0.325 0.0000e+00
-4.725 -0.275 0.0000e+00
-4.725 -0.225 0.0000e+00
-4.725 -0.175 0.0000e+00
-4.725 -0.125 0.0000e+00
-4.725 -0.075 0.0000e+00
-4.725 -0.025 0.0000e+00
-4.725 0.025 0.0000e+00
-4.725 0.075 0.0000e+00
-4.725 0.125 0.0000e+00
-4.725 0.175 0.0000e+00
-4.725 0.225 0.0000e+00
-4.725 0.275 0.0000e+00
-4.725 0.325 0.0000e+00
-4.725 0.375 0.0000e+00
-4.725 0.425 0.0000e+00
-4.725 0.475 0.0000e+00
-4.725 0.525 0.0000e+00
-4.725 0.575 0.0000e+00
-4.725 0.625 0.0000e+00
-4.725 0.675 0.0000e+00
-4.725 0.725 0.0000e+00
-4.725 0.775 0.0000e+00
-4.725 0.825 5.2000e-12
-4.725 0.875 1.0380e-11
-4.725 0.925 2.0722e-11
-4.725 0.975 4.1370e-11
-4.725 1.025 8.2599e-11
-4.725 1.075 1.6493e-10
-4.725 1.125 3.2935e-10
-4.725 1.175 6.5775e-10
-4.725 1.225 1.3138e-09
-4.725 1.275 2.6244e-09
-4.725 1.325 5.2431e-09
-4.725 1.375 1.0477e-08
-4.725 1.425 2.0938e-08
-4.725 1.475 4.1853e-08
-4.725 1.525 8.3680e-08
-4.725 1.575 1.6735e-07
-4.725 1.625 3.3475e-07
-4.725 1.675 6.6983e-07
-4.725 1.725 1.3407e-06
-4.725 1.775 2.6846e-06
-4.725 1.825 5.3777e-06
-4.725 1.875 1.0777e-05
-4.725 1.925 2.1609e-05
-4.725 1.975 4.3349e-05
-4.725 2.025 8.7013e-05
-4.725 2.075 1.7477e-04
-4.725 2.125 3.5127e-04
-4.725 2.175 7.0655e-04
-4.725 2.225 1.4223e-03
-4.725 2.275 2.8653e-03
-4.725 2.325 5.7774e-03
-4.725 2.375 1.1659e-02
-4.725 2.425 2.3549e-02
-4.725 2.475 4.7603e-02
-4.725 2.525 9.6292e-02
-4.725 2.575 1.9489e-01
-4.725 2.625 3.9456e-01
-4.725 2.675 7.9872e-01
-4.725 2.725 1.6159e+00
-4.725 2.775 3.2647e+00
-4.725 2.825 6.5803e+00
-4.725 2.875 1.3215e+01
-4.725 2.925 2.6396e+01
-4.725 2.975 5.2328e+01
-4.725 3.025 1.0269e+02
-4.725 3.075 1.9889e+02
-4.725 3.125 3.7886e+02
-4.725 3.175 7.0741e+02
-4.725 3.225 1.2907e+03
-4.725 3.275 2.2967e+03
-4.725 3.325 3.9847e+03
-4.725 3.375 6.7571e+03
-4.725 3.425 1.1264e+04
-4.725 3.475 1.8630e+04
-4.725 3.525 3.0935e+04
-4.725 3.575 5.2189e+04
-4.725 3.625 9.0197e+04
-4.725 3.675 1.5978e+05
-4.725 3.725 2.8724e+05
-4.725 3.775 5.1209e+05
-4.725 3.825 8.3204e+05
-4.725 3.875 0.0000e+00
-4.725 3.925 0.0000e+00
-4.725 3.975 0.0000e+00
-4.675 -1.975 0.0000e+00
-4.675 -1.925 0.0000e+00
-4.675 -1.875 0.0000e+00
-4.675 -1.825 0.0000e+00
-4.675 -1.775 0.0000e+00
-4.675 -1.725 0.0000e+00
-4.675 -1.675 0.0000e+00
-4.675 -1.625 0.0000e+00
-4.675 -1.575 0.0000e+00
-4.675 -1.525 0.0000e+00
-4.675 -1.475 0.0000e+00
-4.675 -1.425 0.0000e+00
-4.675 -1.375 0.0000e+00
-4.675 -1.325 0.0000e+00
-4.675 -1.275 0.0000e+00
-4.675 -1.225 0.0000e+00
-4.675 -1.175 0.0000e+00
-4.675 -1.125 0.0000e+00
-4.675 -1.075 0.0000e+00
-4.675 -1.025 0.0000e+00
-4.675 -0.975 0.0000e+00
-4.675 -0.925 0.0000e+00
-4.675 -0.875 0.0000e+00
-4.675 -0.825 0.0000e+00
-4.675 -0.775 0.0000e+00
-4.675 -0.725 0.0000e+00
-4.675 -0.675 0.0000e+00
-4.675 -0.625 0.0000e+00
-4.675 -0.575 0.0000e+00
-4.675 -0.525 0.0000e+00
-4.675 -0.475 0.0000e+00
-4.675 -0.425 0.0000e+00
-4.675 -0.375 0.0000e+00
-4.675 -0.325 0.0000e+00
-4.675 -0.275 0.0000e+00
-4.675 -0.225 0.0000e+00
-4.675 -0.175 0.0000e+00
-4.675 -0.125 0.0000e+00
-4.675 -0.075 0.0000e+00
-4.675 -0.025 0.0000e+00
-4.675 0.025 0.0000e+00
-4.675 0.075 0.0000e+00
-4.675 0.125 0.0000e+00
-4.675 0.175 0.0000e+00
-4.675 0.225 0.0000e+00
-4.675 0.275 0.0000e+00
-4.675 0.325 0.0000e+00
-4.675 0.375 0.0000e+00
-4.675 0.425 0.0000e+00
-4.675 0.475 0.0000e+00
-4.675 0.525 0.0000e+00
-4.675 0.575 0.0000e+00
-4.675 0.625 0.0000e+00
-4.675 0.675 0.0000e+00
-4.675 0.725 0.0000e+00
-4.675 0.775 0.0000e+00
-4.675 0.825 6.5464e-12
-4.675 0.875 1.3068e-11
-4.675 0.925 2.6087e-11
-4.675 0.975 5.2082e-11
-4.675 1.025 1.0399e-10
-4.675 1.075 2.0763e-10
-4.675 1.125 4.1463e-10
-4.675 1.175 8.2806e-10
-4.675 1.225 1.6539e-09
-4.675 1.275 3.3039e-09
-4.675 1.325 6.6007e-09
-4.675 1.375 1.3189e-08
-4.675 1.425 2.6359e-08
-4.675 1.475 5.2690e-08
-4.675 1.525 1.0535e-07
-4.675 1.575 2.1068e-07
-4.675 1.625 4.2143e-07
-4.675 1.675 8.4326e-07
-4.675 1.725 1.6879e-06
-4.675 1.775 3.3797e-06
-4.675 1.825 6.7702e-06
-4.675 1.875 1.3568e-05
-4.675 1.925 2.7204e-05
-4.675 1.975 5.4573e-05
-4.675 2.025 1.0954e-04
-4.675 2.075 2.2002e-04
-4.675 2.125 4.4223e-04
-4.675 2.175 8.8949e-04
-4.675 2.225 1.7905e-03
-4.675 2.275 3.6072e-03
-4.675 2.325 7.2734e-03
-4.675 2.375 1.4678e-02
-4.675 2.425 2.9647e-02
-4.675 2.475 5.9929e-02
-4.675 2.525 1.2123e-01
-4.675 2.575 2.4535e-01
-4.675 2.625 4.9673e-01
-4.675 2.675 1.0056e+00
-4.675 2.725 2.0343e+00
-4.675 2.775 4.1101e+00
-4.675 2.825 8.2845e+00
-4.675 2.875 1.6637e+01
-4.675 2.925 3.3233e+01
-4.675 2.975 6.5886e+01
-4.675 3.025 1.2930e+02
-4.675 3.075 2.5044e+02
-4.675 3.125 4.7712e+02
-4.675 3.175 8.9097e+02
-4.675 3.225 1.6260e+03
-4.675 3.275 2.8939e+03
-4.675 3.325 5.0224e+03
-4.675 3.375 8.5200e+03
-4.675 3.425 1.4210e+04
-4.675 3.475 2.3513e+04
-4.675 3.525 3.9060e+04
-4.675 3.575 6.5910e+04
-4.675 3.625 1.1390e+05
-4.675 3.675 2.0164e+05
-4.675 3.725 3.6208e+05
-4.675 3.775 6.4448e+05
-4.675 3.825 1.0451e+06
-4.675 3.875 0.0000e+00
-4.675 3.925 0.0000e+00
-4.675 3.975 0.0000e+00
-4.625 -1.975 0.0000e+00
-4.625 -1.925 0.0000e+00
-4.625 -1.875 0.0000e+00
-4.625 -1.825 0.0000e+00
-4.625 -1.775 0.0000e+00
-4.625 -1.725 0.0000e+00
-4.625 -1.675 0.0000e+00
-4.625 -1.625 0.0000e+00
-4.625 -1.575 0.0000e+00
-4.625 -1.525 0.0000e+00
-4.625 -1.475 0.0000e+00
-4.625 -1.425 0.0000e+00
-4.625 -1.375 0.0000e+00
-4.625 -1.325 0.0000e+00
-4.625 -1.275 0.0000e+00
-4.625 -1.225 0.0000e+00
-4.625 -1.175 0.0000e+00
-4.625 -1.125 0.0000e+00
-4.625 -1.075 0.0000e+00
-4.625 -1.025 0.0000e+00
-4.625 -0.975 0.0000e+00
-4.625 -0.925 0.0000e+00
-4.625 -0.875 0.0000e+00
-4.625 -0.825 0.0000e+00
-4.625 -0.775 0.0000e+00
-4.625 -0.725 0.0000e+00
-4.625 -0.675 0.0000e+00
-4.625 -0.625 0.0000e+00
-4.625 -0.575 0.0000e+00
-4.625 -0.525 0.0000e+00
-4.625 -0.475 0.0000e+00
-4.625 -0.425 0.0000e+00
-4.625 -0.375 0.0000e+00
-4.625 -0.325 0.0000e+00
-4.625 -0.275 0.0000e+00
-4.625 -0.225 0.0000e+00
-4.625 -0.175 0.0000e+00
-4.625 -0.125 0.0000e+00
-4.625 -0.075 0.0000e+00
-4.625 -0.025 0.0000e+00
-4.625 0.025 0.0000e+00
-4.625 0.075 0.0000e+00
-4.625 0.125 0.0000e+00
-4.625 0.175 0.0000e+00
-4.625 0.225 0.0000e+00
-4.625 0.275 0.0000e+00
-4.625 0.325 0.0000e+00
-4.625 0.375 0.0000e+00
-4.625 0.425 0.0000e+00
-4.625 0.475 0.0000e+00
-4.625 0.525 0.0000e+00
-4.625 0.575 0.0000e+00
-4.625 0.625 0.0000e+00
-4.625 0.675 0.0000e+00
-4.625 0.725 0.0000e+00
-4.625 0.775 0.0000e+00
-4.625 0.825 8.2414e-12
-4.625 0.875 1.6451e-11
-4.625 0.925 3.2842e-11
-4.625 0.975 6.5567e-11
-4.625 1.025 1.3091e-10
-4.625 1.075 2.6140e-10
-4.625 1.125 5.2199e-10
-4.625 1.175 1.0425e-09
-4.625 1.225 2.0822e-09
-4.625 1.275 4.1593e-09
-4.625 1.325 8.3098e-09
-4.625 1.375 1.6604e-08
-4.625 1.425 3.3185e-08
-4.625 1.475 6.6333e-08
-4.625 1.525 1.3262e-07
-4.625 1.575 2.6522e-07
-4.625 1.625 5.3055e-07
-4.625 1.675 1.0616e-06
-4.625 1.725 2.1249e-06
-4.625 1.775 4.2548e-06
-4.625 1.825 8.5231e-06
-4.625 1.875 1.7081e-05
-4.625 1.925 3.4247e-05
-4.625 1.975 6.8704e-05
-4.625 2.025 1.3791e-04
-4.625 2.075 2.7699e-04
-4.625 2.125 5.5673e-04
-4.625 2.175 1.1198e-03
-4.625 2.225 2.2541e-03
-4.625 2.275 4.5413e-03
-4.625 2.325 9.1567e-03
-4.625 2.375 1.8479e-02
-4.625 2.425 3.7324e-02
-4.625 2.475 7.5447e-02
-4.625 2.525 1.5262e-01
-4.625 2.575 3.0889e-01
-4.625 2.625 6.2536e-01
-4.625 2.675 1.2660e+00
-4.625 2.725 2.5612e+00
-4.625 2.775 5.1746e+00
-4.625 2.825 1.0430e+01
-4.625 2.875 2.0947e+01
-4.625 2.925 4.1843e+01
-4.625 2.975 8.2958e+01
-4.625 3.025 1.6282e+02
-4.625 3.075 3.1538e+02
-4.625 3.125 6.0090e+02
-4.625 3.175 1.1223e+03
-4.625 3.225 2.0486e+03
-4.625 3.275 3.6471e+03
-4.625 3.325 6.3321e+03
-4.625 3.375 1.0747e+04
-4.625 3.425 1.7934e+04
-4.625 3.475 2.9695e+04
-4.625 3.525 4.9354e+04
-4.625 3.575 8.3303e+04
-4.625 3.625 1.4393e+05
-4.625 3.675 2.5461e+05
-4.625 3.725 4.5655e+05
-4.625 3.775 8.1102e+05
-4.625 3.825 1.3120e+06
-4.625 3.875 0.0000e+00
-4.625 3.925 0.0000e+00
-4.625 3.975 0.0000e+00
-4.575 -1.975 0.0000e+00
-4.575 -1.925 0.0000e+00
-4.575 -1.875 0.0000e+00
-4.575 -1.825 0.0000e+00
-4.575 -1.775 0.0000e+00
-4.575 -1.725 0.0000e+00
-4.575 -1.675 0.0000e+00
-4.575 -1.625 0.0000e+00
-4.575 -1.575 0.0000e+00
-4.575 -1.525 0.0000e+00
-4.575 -1.475 0.0000e+00
-4.575 -1.425 0.0000e+00
-4.575 -1.375 0.0000e+00
-4.575 -1.325 0.0000e+00
-4.575 -1.275 0.0000e+00
-4.575 -1.225 0.0000e+00
-4.575 -1.175 0.0000e+00
-4.575 -1.125 0.0000e+00
-4.575 -1.075 0.0000e+00
-4.575 -1.025 0.0000e+00
-4.575 -0.975 0.0000e+00
-4.575 -0.925 0.0000e+00
-4.575 -0.875 0.0000e+00
-4.575 -0.825 0.0000e+00
-4.575 -0.775 0.0000e+00
-4.575 -0.725 0.0000e+00
-4.575 -0.675 0.0000e+00
-4.575 -0.625 0.0000e+00
-4.575 -0.575 0.0000e+00
-4.575 -0.525 0.0000e+00
-4.575 -0.475 0.0000e+00
-4.575 -0.425 0.0000e+00
-4.575 -0.375 0.0000e+00
-4.575 -0.325 0.0000e+00
-4.575 -0.275 0.0000e+00
-4.575 -0.225 0.0000e+00
-4.575 -0.175 0.0000e+00
-4.575 -0.125 0.0000e+00
-4.575 -0.075 0.0000e+00
-4.575 -0.025 0.0000e+00
-4.575 0.025 0.0000e+00
-4.575 0.075 0.0000e+00
-4.575 0.125 0.0000e+00
-4.575 0.175 0.0000e+00
-4.575 0.225 0.0000e+00
-4.575 0.275 0.0000e+00
-4.575 0.325 0.0000e+00
-4.575 0.375 0.0000e+00
-4.575 0.425 0.0000e+00
-4.575 0.475 0.0000e+00
-4.575 0.525 0.0000e+00
-4.575 0.575 0.0000e+00
-4.575 0.625 0.0000e+00
-4.575 0.675 0.0000e+00
-4.575 0.725 0.0000e+00
-4.575 0.775 0.0000e+00
-4.575 0.825 1.0375e-11
-4.575 0.875 2.0711e-11
-4.575 0.925 4.1346e-11
-4.575 0.975 8.2545e-11
-4.575 1.025 1.6481e-10
-4.575 1.075 3.2908e-10
-4.575 1.125 6.5714e-10
-4.575 1.175 1.3124e-09
-4.575 1.225 2.6213e-09
-4.575 1.275 5.2363e-09
-4.575 1.325 1.0461e-08
-4.575 1.375 2.0904e-08
-4.575 1.425 4.1777e-08
-4.575 1.475 8.3509e-08
-4.575 1.525 1.6696e-07
-4.575 1.575 3.3390e-07
-4.575 1.625 6.6792e-07
-4.575 1.675 1.3365e-06
-4.575 1.725 2.6751e-06
-4.575 1.775 5.3565e-06
-4.575 1.825 1.0730e-05
-4.575 1.875 2.1503e-05
-4.575 1.925 4.3115e-05
-4.575 1.975 8.6493e-05
-4.575 2.025 1.7361e-04
-4.575 2.075 3.4871e-04
-4.575 2.125 7.0089e-04
-4.575 2.175 1.4098e-03
-4.575 2.225 2.8378e-03
-4.575 2.275 5.7171e-03
-4.575 2.325 1.1528e-02
-4.575 2.375 2.3264e-02
-4.575 2.425 4.6988e-02
-4.575 2.475 9.4983e-02
-4.575 2.525 1.9214e-01
-4.575 2.575 3.8888e-01
-4.575 2.625 7.8730e-01
-4.575 2.675 1.5938e+00
-4.575 2.725 3.2245e+00
-4.575 2.775 6.5149e+00
-4.575 2.825 1.3132e+01
-4.575 2.875 2.6374e+01
-4.575 2.925 5.2685e+01
-4.575 2.975 1.0446e+02
-4.575 3.025 2.0503e+02
-4.575 3.075 3.9719e+02
-4.575 3.125 7.5687e+02
-4.575 3.175 1.4139e+03
-4.575 3.225 2.5815e+03
-4.575 3.275 4.5977e+03
-4.575 3.325 7.9862e+03
-4.575 3.375 1.3563e+04
-4.575 3.425 2.2649e+04
-4.575 3.475 3.7530e+04
-4.575 3.525 6.2417e+04
-4.575 3.575 1.0539e+05
-4.575 3.625 1.8204e+05
-4.575 3.675 3.2172e+05
-4.575 3.725 5.7587e+05
-4.575 3.775 1.0204e+06
-4.575 3.825 1.6459e+06
-4.575 3.875 0.0000e+00
-4.575 3.925 0.0000e+00
-4.575 3.975 0.0000e+00
-4.525 -1.975 0.0000e+00
-4.525 -1.925 0.0000e+00
-4.525 -1.875 0.0000e+00
-4.525 -1.825 0.0000e+00
-4.525 -1.775 0.0000e+00
-4.525 -1.725 0.0000e+00
-4.525 -1.675 0.0000e+00
-4.525 -1.625 0.0000e+00
-4.525 -1.575 0.0000e+00
-4.525 -1.525 0.0000e+00
-4.525 -1.475 0.0000e+00
-4.525 -1.425 0.0000e+00
-4.525 -1.375 0.0000e+00
-4.525 -1.325 0.0000e+00
-4.525 -1.275 0.0000e+00
-4.525 -1.225 0.0000e+00
-4.525 -1.175 0.0000e+00
-4.525 -1.125 0.0000e+00
-4.525 -1.075 0.0000e+00
-4.525 -1.025 0.0000e+00
-4.525 -0.975 0.0000e+00
-4.525 -0.925 0.0000e+00
-4.525 -0.875 0.0000e+00
-4.525 -0.825 0.0000e+00
-4.525 -0.775 0.0000e+00
-4.525 -0.725 0.0000e+00
-4.525 -0.675 0.0000e+00
-4.525 -0.625 0.0000e+00
-4.525 -0.575 0.0000e+00
-4.525 -0.525 0.0000e+00
-4.525 -0.475 0.0000e+00
-4.525 -0.425 0.0000e+00
-4.525 -0.375 0.0000e+00
-4.525 -0.325 0.0000e+00
-4.525 -0.275 0.0000e+00
-4.525 -0.225 0.0000e+00
-4.525 -0.175 0.0000e+00
-4.525 -0.125 0.0000e+00
-4.525 -0.075 0.0000e+00
-4.525 -0.025 0.0000e+00
-4.525 0.025 0.0000e+00
-4.525 0.075 0.0000e+00
-4.525 0.125 0.0000e+00
-4.525 0.175 0.0000e+00
-4.525 0.225 0.0000e+00
-4.525 0.275 0.0000e+00
-4.525 0.325 0.0000e+00
-4.525 0.375 0.0000e+00
-4.525 0.425 0.0000e+00
-4.525 0.475 0.0000e+00
-4.525 0.525 0.0000e+00
-4.525 0.575 0.0000e+00
-4.525 0.625 0.0000e+00
-4.525 0.675 0.0000e+00
-4.525 0.725 0.0000e+00
-4.525 0.775 0.0000e+00
-4.525 0.825 1.3062e-11
-4.525 0.875 2.6074e-11
-4.525 0.925 5.2051e-11
-4.525 0.975 1.0392e-10
-4.525 1.025 2.0748e-10
-4.525 1.075 4.1428e-10
-4.525 1.125 8.2729e-10
-4.525 1.175 1.6522e-09
-4.525 1.225 3.3000e-09
-4.525 1.275 6.5921e-09
-4.525 1.325 1.3170e-08
-4.525 1.375 2.6316e-08
-4.525 1.425 5.2594e-08
-4.525 1.475 1.0513e-07
-4.525 1.525 2.1019e-07
-4.525 1.575 4.2035e-07
-4.525 1.625 8.4086e-07
-4.525 1.675 1.6825e-06
-4.525 1.725 3.3678e-06
-4.525 1.775 6.7435e-06
-4.525 1.825 1.3508e-05
-4.525 1.875 2.7071e-05
-4.525 1.925 5.4279e-05
-4.525 1.975 1.0889e-04
-4.525 2.025 2.1857e-04
-4.525 2.075 4.3900e-04
-4.525 2.125 8.8237e-04
-4.525 2.175 1.7748e-03
-4.525 2.225 3.5726e-03
-4.525 2.275 7.1975e-03
-4.525 2.325 1.4513e-02
-4.525 2.375 2.9288e-02
-4.525 2.425 5.9155e-02
-4.525 2.475 1.1958e-01
-4.525 2.525 2.4189e-01
-4.525 2.575 4.8958e-01
-4.525 2.625 9.9119e-01
-4.525 2.675 2.0066e+00
-4.525 2.725 4.0596e+00
-4.525 2.775 8.2024e+00
-4.525 2.825 1.6534e+01
-4.525 2.875 3.3207e+01
-4.525 2.925 6.6338e+01
-4.525 2.975 1.3154e+02
-4.525 3.025 2.5821e+02
-4.525 3.075 5.0027e+02
-4.525 3.125 9.5345e+02
-4.525 3.175 1.7816e+03
-4.525 3.225 3.2539e+03
-4.525 3.275 5.7979e+03
-4.525 3.325 1.0077e+04
-4.525 3.375 1.7127e+04
-4.525 3.425 2.8626e+04
-4.525 3.475 4.7478e+04
-4.525 3.525 7.9024e+04
-4.525 3.575 1.3348e+05
-4.525 3.625 2.3049e+05
-4.525 3.675 4.0686e+05
-4.525 3.725 7.2667e+05
-4.525 3.775 1.2837e+06
-4.525 3.825 2.0629e+06
-4.525 3.875 0.0000e+00
-4.525 3.925 0.0000e+00
-4.525 3.975 0.0000e+00
-4.475 -1.975 0.0000e+00
-4.475 -1.925 0.0000e+00
-4.475 -1.875 0.0000e+00
-4.475 -1.825 0.0000e+00
-4.475 -1.775 0.0000e+00
-4.475 -1.725 0.0000e+00
-4.475 -1.675 0.0000e+00
-4.475 -1.625 0.0000e+00
-4.475 -1.575 0.0000e+00
-4.475 -1.525 0.0000e+00
-4.475 -1.475 0.0000e+00
-4.475 -1.425 0.0000e+00
-4.475 -1.375 0.0000e+00
-4.475 -1.325 0.0000e+00
-4.475 -1.275 0.0000e+00
-4.475 -1.225 0.0000e+00
-4.475 -1.175 0.0000e+00
-4.475 -1.125 0.0000e+00
-4.475 -1.075 0.0000e+00
-4.475 -1.025 0.0000e+00
-4.475 -0.975 0.0000e+00
-4.475 -0.925 0.0000e+00
-4.475 -0.875 0.0000e+00
-4.475 -0.825 0.0000e+00
-4.475 -0.775 0.0000e+00
-4.475 -0.725 0.0000e+00
-4.475 -0.675 0.0000e+00
-4.475 -0.625 0.0000e+00
-4.475 -0.575 0.0000e+00
-4.475 -0.525 0.0000e+00
-4.475 -0.475 0.0000e+00
-4.475 -0.425 0.0000e+00
-4.475 -0.375 0.0000e+00
-4.475 -0.325 0.0000e+00
-4.475 -0.275 0.0000e+00
-4.475 -0.225 0.0000e+00
-4.475 -0.175 0.0000e+00
-4.475 -0.125 0.0000e+00
-4.475 -0.075 0.0000e+00
-4.475 -0.025 0.0000e+00
-4.475 0.025 0.0000e+00
-4.475 0.075 0.0000e+00
-4.475 0.125 0.0000e+00
-4.475 0.175 0.0000e+00
-4.475 0.225 0.0000e+00
-4.475 0.275 0.0000e+00
-4.475 0.325 0.0000e+00
-4.475 0.375 0.0000e+00
-4.475 0.425 0.0000e+00
-4.475 0.475 0.0000e+00
-4.475 0.525 0.0000e+00
-4.475 0.575 0.0000e+00
-4.475 0.625 0.0000e+00
-4.475 0.675 0.0000e+00
-4.475 0.725 0.0000e+00
-4.475 0.775 0.0000e+00
-4.475 0.825 1.6444e-11
-4.475 0.875 3.2825e-11
-4.475 0.925 6.5529e-11
-4.475 0.975 1.3082e-10
-4.475 1.025 2.6120e-10
-4.475 1.075 5.2155e-10
-4.475 1.125 1.0415e-09
-4.475 1.175 2.0800e-09
-4.475 1.225 4.1545e-09
-4.475 1.275 8.2989e-09
-4.475 1.325 1.6580e-08
-4.475 1.375 3.3130e-08
-4.475 1.425 6.6212e-08
-4.475 1.475 1.3235e-07
-4.475 1.525 2.6462e-07
-4.475 1.575 5.2919e-07
-4.475 1.625 1.0586e-06
-4.475 1.675 2.1182e-06
-4.475 1.725 4.2398e-06
-4.475 1.775 8.4896e-06
-4.475 1.825 1.7006e-05
-4.475 1.875 3.4081e-05
-4.475 1.925 6.8333e-05
-4.475 1.975 1.3708e-04
-4.475 2.025 2.7516e-04
-4.475 2.075 5.5268e-04
-4.475 2.125 1.1108e-03
-4.475 2.175 2.2343e-03
-4.475 2.225 4.4977e-03
-4.475 2.275 9.0612e-03
-4.475 2.325 1.8270e-02
-4.475 2.375 3.6871e-02
-4.475 2.425 7.4473e-02
-4.475 2.475 1.5054e-01
-4.475 2.525 3.0453e-01
-4.475 2.575 6.1637e-01
-4.475 2.625 1.2479e+00
-4.475 2.675 2.5263e+00
-4.475 2.725 5.1112e+00
-4.475 2.775 1.0327e+01
-4.475 2.825 2.0818e+01
-4.475 2.875 4.1812e+01
-4.475 2.925 8.3534e+01
-4.475 2.975 1.6565e+02
-4.475 3.025 3.2520e+02
-4.475 3.075 6.3016e+02
-4.475 3.125 1.2013e+03
-4.475 3.175 2.2453e+03
-4.475 3.225 4.1027e+03
-4.475 3.275 7.3145e+03
-4.475 3.325 1.2723e+04
-4.475 3.375 2.1643e+04
-4.475 3.425 3.6215e+04
-4.475 3.475 6.0133e+04
-4.475 3.525 1.0018e+05
-4.475 3.575 1.6930e+05
-4.475 3.625 2.9223e+05
-4.475 3.675 5.1504e+05
-4.475 3.725 9.1739e+05
-4.475 3.775 1.6145e+06
-4.475 3.825 2.5826e+06
-4.475 3.875 0.0000e+00
-4.475 3.925 0.0000e+00
-4.475 3.975 0.0000e+00
-4.425 -1.975 0.0000e+00
-4.425 -1.925 0.0000e+00
-4.425 -1.875 0.0000e+00
-4.425 -1.825 0.0000e+00
-4.425 -1.775 0.0000e+00
-4.425 -1.725 0.0000e+00
-4.425 -1.675 0.0000e+00
-4.425 -1.625 0.0000e+00
-4.425 -1.575 0.0000e+00
-4.425 -1.525 0.0000e+00
-4.425 -1.475 0.0000e+00
-4.425 -1.425 0.0000e+00
-4.425 -1.375 0.0000e+00
-4.425 -1.325 0.0000e+00
-4.425 -1.275 0.0000e+00
-4.425 -1.225 0.0000e+00
-4.425 -1.175 0.0000e+00
-4.425 -1.125 0.0000e+00
-4.425 -1.075 0.0000e+00
-4.425 -1.025 0.0000e+00
-4.425 -0.975 0.0000e+00
-4.425 -0.925 0.0000e+00
-4.425 -0.875 0.0000e+00
-4.425 -0.825 0.0000e+00
-4.425 -0.775 0.0000e+00
-4.425 -0.725 0.0000e+00
-4.425 -0.675 0.0000e+00
-4.425 -0.625 0.0000e+00
-4.425 -0.575 0.0000e+00
-4.425 -0.525 0.0000e+00
-4.425 -0.475 0.0000e+00
-4.425 -0.425 0.0000e+00
-4.425 -0.375 0.0000e+00
-4.425 -0.325 0.0000e+00
-4.425 -0.275 0.0000e+00
-4.425 -0.225 0.0000e+00
-4.425 -0.175 0.0000e+00
-4.425 -0.125 0.0000e+00
-4.425 -0.075 0.0000e+00
-4.425 -0.025 0.0000e+00
-4.425 0.025 0.0000e+00
-4.425 0.075 0.0000e+00
-4.425 0.125 0.0000e+00
-4.425 0.175 0.0000e+00
-4.425 0.225 0.0000e+00
-4.425 0.275 0.0000e+00
-4.425 0.325 0.0000e+00
-4.425 0.375 0.0000e+00
-4.425 0.425 0.0000e+00
-4.425 0.475 0.0000e+00
-4.425 0.525 0.0000e+00
-4.425 0.575 0.0000e+00
-4.425 0.625 0.0000e+00
-4.425 0.675 0.0000e+00
-4.425 0.725 0.0000e+00
-4.425 0.775 0.0000e+00
-4.425 0.825 2.0701e-11
-4.425 0.875 4.1324e-11
-4.425 0.925 8.2496e-11
-4.425 0.975 1.6470e-10
-4.425 1.025 3.2883e-10
-4.425 1.075 6.5660e-10
-4.425 1.125 1.3112e-09
-4.425 1.175 2.6186e-09
-4.425 1.225 5.2302e-09
-4.425 1.275 1.0448e-08
-4.425 1.325 2.0873e-08
-4.425 1.375 4.1709e-08
-4.425 1.425 8.3356e-08
-4.425 1.475 1.6662e-07
-4.425 1.525 3.3314e-07
-4.425 1.575 6.6622e-07
-4.425 1.625 1.3327e-06
-4.425 1.675 2.6666e-06
-4.425 1.725 5.3376e-06
-4.425 1.775 1.0688e-05
-4.425 1.825 2.1409e-05
-4.425 1.875 4.2905e-05
-4.425 1.925 8.6026e-05
-4.425 1.975 1.7258e-04
-4.425 2.025 3.4641e-04
-4.425 2.075 6.9578e-04
-4.425 2.125 1.3985e-03
-4.425 2.175 2.8129e-03
-4.425 2.225 5.6623e-03
-4.425 2.275 1.1407e-02
-4.425 2.325 2.3001e-02
-4.425 2.375 4.6419e-02
-4.425 2.425 9.3759e-02
-4.425 2.475 1.8953e-01
-4.425 2.525 3.8339e-01
-4.425 2.575 7.7599e-01
-4.425 2.625 1.5711e+00
-4.425 2.675 3.1806e+00
-4.425 2.725 6.4352e+00
-4.425 2.775 1.3003e+01
-4.425 2.825 2.6212e+01
-4.425 2.875 5.2650e+01
-4.425 2.925 1.0519e+02
-4.425 2.975 2.0862e+02
-4.425 3.025 4.0962e+02
-4.425 3.075 7.9391e+02
-4.425 3.125 1.5139e+03
-4.425 3.175 2.8306e+03
-4.425 3.225 5.1749e+03
-4.425 3.275 9.2327e+03
-4.425 3.325 1.6074e+04
-4.425 3.375 2.7376e+04
-4.425 3.425 4.5869e+04
-4.425 3.475 7.6270e+04
-4.425 3.525 1.2721e+05
-4.425 3.575 2.1509e+05
-4.425 3.625 3.7107e+05
-4.425 3.675 6.5276e+05
-4.425 3.725 1.1588e+06
-4.425 3.775 2.0298e+06
-4.425 3.825 3.2288e+06
-4.425 3.875 0.0000e+00
-4.425 3.925 0.0000e+00
-4.425 3.975 0.0000e+00
-4.375 -1.975 0.0000e+00
-4.375 -1.925 0.0000e+00
-4.375 -1.875 0.0000e+00
-4.375 -1.825 0.0000e+00
-4.375 -1.775 0.0000e+00
-4.375 -1.725 0.0000e+00
-4.375 -1.675 0.0000e+00
-4.375 -1.625 0.0000e+00
-4.375 -1.575 0.0000e+00
-4.375 -1.525 0.0000e+00
-4.375 -1.475 0.0000e+00
-4.375 -1.425 0.0000e+00
-4.375 -1.375 0.0000e+00
-4.375 -1.325 0.0000e+00
-4.375 -1.275 0.0000e+00
-4.375 -1.225 0.0000e+00
-4.375 -1.175 0.0000e+00
-4.375 -1.125 0.0000e+00
-4.375 -1.075 0.0000e+00
-4.375 -1.025 0.0000e+00
-4.375 -0.975 0.0000e+00
-4.375 -0.925 0.0000e+00
-4.375 -0.875 0.0000e+00
-4.375 -0.825 0.0000e+00
-4.375 -0.775 0.0000e+00
-4.375 -0.725 0.0000e+00
-4.375 -0.675 0.0000e+00
-4.375 -0.625 0.0000e+00
-4.375 -0.575 0.0000e+00
-4.375 -0.525 0.0000e+00
-4.375 -0.475 0.0000e+00
-4.375 -0.425 0.0000e+00
-4.375 -0.375 0.0000e+00
-4.375 -0.325 0.0000e+00
-4.375 -0.275 0.0000e+00
-4.375 -0.225 0.0000e+00
-4.375 -0.175 0.0000e+00
-4.375 -0.125 0.0000e+00
-4.375 -0.075 0.0000e+00
-4.375 -0.025 0.0000e+00
-4.375 0.025 0.0000e+00
-4.375 0.075 0.0000e+00
-4.375 0.125 0.0000e+00
-4.375 0.175 0.0000e+00
-4.375 0.225 0.0000e+00
-4.375 0.275 0.0000e+00
-4.375 0.325 0.0000e+00
-4.375 0.375 0.0000e+00
-4.375 0.425 0.0000e+00
-4.375 0.475 0.0000e+00
-4.375 0.525 0.0000e+00
-4.375 0.575 0.0000e+00
-4.375 0.625 0.0000e+00
-4.375 0.675 0.0000e+00
-4.375 0.725 0.0000e+00
-4.375 0.775 0.0000e+00
-4.375 0.825 2.6061e-11
-4.375 0.875 5.2024e-11
-4.375 0.925 1.0386e-10
-4.375 0.975 2.0734e-10
-4.375 1.025 4.1398e-10
-4.375 1.075 8.2660e-10
-4.375 1.125 1.6507e-09
-4.375 1.175 3.2966e-09
-4.375 1.225 6.5844e-09
-4.375 1.275 1.3153e-08
-4.375 1.325 2.6278e-08
-4.375 1.375 5.2508e-08
-4.375 1.425 1.0494e-07
-4.375 1.475 2.0976e-07
-4.375 1.525 4.1939e-07
-4.375 1.575 8.3872e-07
-4.375 1.625 1.6777e-06
-4.375 1.675 3.3571e-06
-4.375 1.725 6.7196e-06
-4.375 1.775 1.3455e-05
-4.375 1.825 2.6953e-05
-4.375 1.875 5.4014e-05
-4.375 1.925 1.0830e-04
-4.375 1.975 2.1726e-04
-4.375 2.025 4.3611e-04
-4.375 2.075 8.7594e-04
-4.375 2.125 1.7606e-03
-4.375 2.175 3.5412e-03
-4.375 2.225 7.1285e-03
-4.375 2.275 1.4361e-02
-4.375 2.325 2.8958e-02
-4.375 2.375 5.8440e-02
-4.375 2.425 1.1804e-01
-4.375 2.475 2.3861e-01
-4.375 2.525 4.8269e-01
-4.375 2.575 9.7697e-01
-4.375 2.625 1.9780e+00
-4.375 2.675 4.0045e+00
-4.375 2.725 8.1024e+00
-4.375 2.775 1.6372e+01
-4.375 2.825 3.3006e+01
-4.375 2.875 6.6301e+01
-4.375 2.925 1.3248e+02
-4.375 2.975 2.6277e+02
-4.375 3.025 5.1603e+02
-4.375 3.075 1.0004e+03
-4.375 3.125 1.9082e+03
-4.375 3.175 3.5697e+03
-4.375 3.225 6.5304e+03
-4.375 3.275 1.1661e+04
-4.375 3.325 2.0325e+04
-4.375 3.375 3.4667e+04
-4.375 3.425 5.8179e+04
-4.375 3.475 9.6900e+04
-4.375 3.525 1.6185e+05
-4.375 3.575 2.7381e+05
-4.375 3.625 4.7204e+05
-4.375 3.675 8.2840e+05
-4.375 3.725 1.4645e+06
-4.375 3.775 2.5507e+06
-4.375 3.825 4.0297e+06
-4.375 3.875 0.0000e+00
-4.375 3.925 0.0000e+00
-4.375 3.975 0.0000e+00
-4.325 -1.975 0.0000e+00
-4.325 -1.925 0.0000e+00
-4.325 -1.875 0.0000e+00
-4.325 -1.825 0.0000e+00
-4.325 -1.775 0.0000e+00
-4.325 -1.725 0.0000e+00
-4.325 -1.675 0.0000e+00
-4.325 -1.625 0.0000e+00
-4.325 -1.575 0.0000e+00
-4.325 -1.525 0.0000e+00
-4.325 -1.475 0.0000e+00
-4.325 -1.425 0.0000e+00
-4.325 -1.375 0.0000e+00
-4.325 -1.325 0.0000e+00
-4.325 -1.275 0.0000e+00
-4.325 -1.225 0.0000e+00
-4.325 -1.175 0.0000e+00
-4.325 -1.125 0.0000e+00
-4.325 -1.075 0.0000e+00
-4.325 -1.025 0.0000e+00
-4.325 -0.975 0.0000e+00
-4.325 -0.925 0.0000e+00
-4.325 -0.875 0.0000e+00
-4.325 -0.825 0.0000e+00
-4.325 -0.775 0.0000e+00
-4.325 -0.725 0.0000e+00
-4.325 -0.675 0.0000e+00
-4.325 -0.625 0.0000e+00
-4.325 -0.575 0.0000e+00
-4.325 -0.525 0.0000e+00
-4.325 -0.475 0.0000e+00
-4.325 -0.425 0.0000e+00
-4.325 -0.375 0.0000e+00
-4.325 -0.325 0.0000e+00
-4.325 -0.275 0.0000e+00
-4.325 -0.225 0.0000e+00
-4.325 -0.175 0.0000e+00
-4.325 -0.125 0.0000e+00
-4.325 -0.075 0.0000e+00
-4.325 -0.025 0.0000e+00
-4.325 0.025 0.0000e+00
-4.325 0.075 0.0000e+00
-4.325 0.125 0.0000e+00
-4.325 0.175 0.0000e+00
-4.325 0.225 0.0000e+00
-4.325 0.275 0.0000e+00
-4.325 0.325 0.0000e+00
-4.325 0.375 0.0000e+00
-4.325 0.425 0.0000e+00
-4.325 0.475 0.0000e+00
-4.325 0.525 0.0000e+00
-4.325 0.575 0.0000e+00
-4.325 0.625 0.0000e+00
-4.325 0.675 0.0000e+00
-4.325 0.725 0.0000e+00
-4.325 0.775 0.0000e+00
-4.325 0.825 3.2809e-11
-4.325 0.875 6.5494e-11
-4.325 0.925 1.3075e-10
-4.325 0.975 2.6103e-10
-4.325 1.025 5.2117e-10
-4.325 1.075 1.0406e-09
-4.325 1.125 2.0781e-09
-4.325 1.175 4.1501e-09
-4.325 1.225 8.2893e-09
-4.325 1.275 1.6559e-08
-4.325 1.325 3.3082e-08
-4.325 1.375 6.6104e-08
-4.325 1.425 1.3211e-07
-4.325 1.475 2.6408e-07
-4.325 1.525 5.2798e-07
-4.325 1.575 1.0559e-06
-4.325 1.625 2.1122e-06
-4.325 1.675 4.2263e-06
-4.325 1.725 8.4595e-06
-4.325 1.775 1.6939e-05
-4.325 1.825 3.3931e-05
-4.325 1.875 6.8000e-05
-4.325 1.925 1.3634e-04
-4.325 1.975 2.7352e-04
-4.325 2.025 5.4903e-04
-4.325 2.075 1.1028e-03
-4.325 2.125 2.2165e-03
-4.325 2.175 4.4582e-03
-4.325 2.225 8.9743e-03
-4.325 2.275 1.8080e-02
-4.325 2.325 3.6456e-02
-4.325 2.375 7.3573e-02
-4.325 2.425 1.4861e-01
-4.325 2.475 3.0041e-01
-4.325 2.525 6.0770e-01
-4.325 2.575 1.2300e+00
-4.325 2.625 2.4904e+00
-4.325 2.675 5.0420e+00
-4.325 2.725 1.0202e+01
-4.325 2.775 2.0615e+01
-4.325 2.825 4.1563e+01
-4.325 2.875 8.3496e+01
-4.325 2.925 1.6686e+02
-4.325 2.975 3.3101e+02
-4.325 3.025 6.5018e+02
-4.325 3.075 1.2608e+03
-4.325 3.125 2.4061e+03
-4.325 3.175 4.5037e+03
-4.325 3.225 8.2457e+03
-4.325 3.275 1.4740e+04
-4.325 3.325 2.5728e+04
-4.325 3.375 4.3958e+04
-4.325 3.425 7.3918e+04
-4.325 3.475 1.2336e+05
-4.325 3.525 2.0638e+05
-4.325 3.575 3.4936e+05
-4.325 3.625 6.0173e+05
-4.325 3.675 1.0528e+06
-4.325 3.725 1.8518e+06
-4.325 3.775 3.2029e+06
-4.325 3.825 5.0184e+06
-4.325 3.875 0.0000e+00
-4.325 3.925 0.0000e+00
-4.325 3.975 0.0000e+00
-4.275 -1.975 0.0000e+00
-4.275 -1.925 0.0000e+00
-4.275 -1.875 0.0000e+00
-4.275 -1.825 0.0000e+00
-4.275 -1.775 0.0000e+00
-4.275 -1.725 0.0000e+00
-4.275 -1.675 0.0000e+00
-4.275 -1.625 0.0000e+00
-4.275 -1.575 0.0000e+00
-4.275 -1.525 0.0000e+00
-4.275 -1.475 0.0000e+00
-4.275 -1.425 0.0000e+00
-4.275 -1.375 0.0000e+00
-4.275 -1.325 0.0000e+00
-4.275 -1.275 0.0000e+00
-4.275 -1.225 0.0000e+00
-4.275 -1.175 0.0000e+00
-4.275 -1.125 0.0000e+00
-4.275 -1.075 0.0000e+00
-4.275 -1.025 0.0000e+00
-4.275 -0.975 0.0000e+00
-4.275 -0.925 0.0000e+00
-4.275 -0.875 0.0000e+00
-4.275 -0.825 0.0000e+00
-4.275 -0.775 0.0000e+00
-4.275 -0.725 0.0000e+00
-4.275 -0.675 0.0000e+00
-4.275 -0.625 0.0000e+00
-4.275 -0.575 0.0000e+00
-4.275 -0.525 0.0000e+00
-4.275 -0.475 0.0000e+00
-4.275 -0.425 0.0000e+00
-4.275 -0.375 0.0000e+00
-4.275 -0.325 0.0000e+00
-4.275 -0.275 0.0000e+00
-4.275 -0.225 0.0000e+00
-4.275 -0.175 0.0000e+00
-4.275 -0.125 0.0000e+00
-4.275 -0.075 0.0000e+00
-4.275 -0.025 0.0000e+00
-4.275 0.025 0.0000e+00
-4.275 0.075 0.0000e+00
-4.275 0.125 0.0000e+00
-4.275 0.175 0.0000e+00
-4.275 0.225 0.0000e+00
-4.275 0.275 0.0000e+00
-4.275 0.325 0.0000e+00
-4.275 0.375 0.0000e+00
-4.275 0.425 0.0000e+00
-4.275 0.475 0.0000e+00
-4.275 0.525 0.0000e+00
-4.275 0.575 0.0000e+00
-4.275 0.625 0.0000e+00
-4.275 0.675 0.0000e+00
-4.275 0.725 0.0000e+00
-4.275 0.775 0.0000e+00
-4.275 0.825 4.1305e-11
-4.275 0.875 8.2452e-11
-4.275 0.925 1.6460e-10
-4.275 0.975 3.2862e-10
-4.275 1.025 6.5611e-10
-4.275 1.075 1.3101e-09
-4.275 1.125 2.6161e-09
-4.275 1.175 5.2247e-09
-4.275 1.225 1.0436e-08
-4.275 1.275 2.0846e-08
-4.275 1.325 4.1648e-08
-4.275 1.375 8.3220e-08
-4.275 1.425 1.6632e-07
-4.275 1.475 3.3245e-07
-4.275 1.525 6.6469e-07
-4.275 1.575 1.3293e-06
-4.275 1.625 2.6590e-06
-4.275 1.675 5.3206e-06
-4.275 1.725 1.0650e-05
-4.275 1.775 2.1325e-05
-4.275 1.825 4.2717e-05
-4.275 1.875 8.5608e-05
-4.275 1.925 1.7165e-04
-4.275 1.975 3.4434e-04
-4.275 2.025 6.9119e-04
-4.275 2.075 1.3883e-03
-4.275 2.125 2.7904e-03
-4.275 2.175 5.6126e-03
-4.275 2.225 1.1298e-02
-4.275 2.275 2.2762e-02
-4.275 2.325 4.5897e-02
-4.275 2.375 9.2626e-02
-4.275 2.425 1.8709e-01
-4.275 2.475 3.7821e-01
-4.275 2.525 7.6510e-01
-4.275 2.575 1.5486e+00
-4.275 2.625 3.1356e+00
-4.275 2.675 6.3484e+00
-4.275 2.725 1.2846e+01
-4.275 2.775 2.5960e+01
-4.275 2.825 5.2342e+01
-4.275 2.875 1.0516e+02
-4.275 2.925 2.1018e+02
-4.275 2.975 4.1703e+02
-4.275 3.025 8.1938e+02
-4.275 3.075 1.5896e+03
-4.275 3.125 3.0350e+03
-4.275 3.175 5.6850e+03
-4.275 3.225 1.0419e+04
-4.275 3.275 1.8650e+04
-4.275 3.325 3.2608e+04
-4.275 3.375 5.5829e+04
-4.275 3.425 9.4104e+04
-4.275 3.475 1.5742e+05
-4.275 3.525 2.6384e+05
-4.275 3.575 4.4692e+05
-4.275 3.625 7.6878e+05
-4.275 3.675 1.3402e+06
-4.275 3.725 2.3426e+06
-4.275 3.775 4.0179e+06
-4.275 3.825 6.2332e+06
-4.275 3.875 0.0000e+00
-4.275 3.925 0.0000e+00
-4.275 3.975 0.0000e+00
-4.225 -1.975 0.0000e+00
-4.225 -1.925 0.0000e+00
-4.225 -1.875 0.0000e+00
-4.225 -1.825 0.0000e+00
-4.225 -1.775 0.0000e+00
-4.225 -1.725 0.0000e+00
-4.225 -1.675 0.0000e+00
-4.225 -1.625 0.0000e+00
-4.225 -1.575 0.0000e+00
-4.225 -1.525 0.0000e+00
-4.225 -1.475 0.0000e+00
-4.225 -1.425 0.0000e+00
-4.225 -1.375 0.0000e+00
-4.225 -1.325 0.0000e+00
-4.225 -1.275 0.0000e+00
-4.225 -1.225 0.0000e+00
-4.225 -1.175 0.0000e+00
-4.225 -1.125 0.0000e+00
-4.225 -1.075 0.0000e+00
-4.225 -1.025 0.0000e+00
-4.225 -0.975 0.0000e+00
-4.225 -0.925 0.0000e+00
-4.225 -0.875 0.0000e+00
-4.225 -0.825 0.0000e+00
-4.225 -0.775 0.0000e+00
-4.225 -0.725 0.0000e+00
-4.225 -0.675 0.0000e+00
-4.225 -0.625 0.0000e+00
-4.225 -0.575 0.0000e+00
-4.225 -0.525 0.0000e+00
-4.225 -0.475 0.0000e+00
-4.225 -0.425 0.0000e+00
-4.225 -0.375 0.0000e+00
-4.225 -0.325 0.0000e+00
-4.225 -0.275 0.0000e+00
-4.225 -0.225 0.0000e+00
-4.225 -0.175 0.0000e+00
-4.225 -0.125 0.0000e+00
-4.225 -0.075 0.0000e+00
-4.225 -0.025 0.0000e+00
-4.225 0.025 0.0000e+00
-4.225 0.075 0.0000e+00
-4.225 0.125 0.0000e+00
-4.225 0.175 0.0000e+00
-4.225 0.225 0.0000e+00
-4.225 0.275 0.0000e+00
-4.225 0.325 0.0000e+00
-4.225 0.375 0.0000e+00
-4.225 0.425 0.0000e+00
-4.225 0.475 0.0000e+00
-4.225 0.525 0.0000e+00
-4.225 0.575 0.0000e+00
-4.225 0.625 0.0000e+00
-4.225 0.675 0.0000e+00
-4.225 0.725 0.0000e+00
-4.225 0.775 0.0000e+00
-4.225 0.825 5.2000e-11
-4.225 0.875 1.0380e-10
-4.225 0.925 2.0722e-10
-4.225 0.975 4.1370e-10
-4.225 1.025 8.2599e-10
-4.225 1.075 1.6493e-09
-4.225 1.125 3.2935e-09
-4.225 1.175 6.5775e-09
-4.225 1.225 1.3138e-08
-4.225 1.275 2.6244e-08
-4.225 1.325 5.2431e-08
-4.225 1.375 1.0477e-07
-4.225 1.425 2.0938e-07
-4.225 1.475 4.1854e-07
-4.225 1.525 8.3680e-07
-4.225 1.575 1.6735e-06
-4.225 1.625 3.3475e-06
-4.225 1.675 6.6983e-06
-4.225 1.725 1.3407e-05
-4.225 1.775 2.6847e-05
-4.225 1.825 5.3778e-05
-4.225 1.875 1.0777e-04
-4.225 1.925 2.1609e-04
-4.225 1.975 4.3350e-04
-4.225 2.025 8.7016e-04
-4.225 2.075 1.7478e-03
-4.225 2.125 3.5129e-03
-4.225 2.175 7.0660e-03
-4.225 2.225 1.4224e-02
-4.225 2.275 2.8656e-02
-4.225 2.325 5.7783e-02
-4.225 2.375 1.1661e-01
-4.225 2.425 2.3555e-01
-4.225 2.475 4.7617e-01
-4.225 2.525 9.6329e-01
-4.225 2.575 1.9498e+00
-4.225 2.625 3.9480e+00
-4.225 2.675 7.9937e+00
-4.225 2.725 1.6176e+01
-4.225 2.775 3.2691e+01
-4.225 2.825 6.5921e+01
-4.225 2.875 1.3246e+02
-4.225 2.925 2.6479e+02
-4.225 2.975 5.2552e+02
-4.225 3.025 1.0329e+03
-4.225 3.075 2.0047e+03
-4.225 3.125 3.8300e+03
-4.225 3.175 7.1808e+03
-4.225 3.225 1.3176e+04
-4.225 3.275 2.3623e+04
-4.225 3.325 4.1390e+04
-4.225 3.375 7.1041e+04
-4.225 3.425 1.2008e+05
-4.225 3.475 2.0142e+05
-4.225 3.525 3.3829e+05
-4.225 3.575 5.7337e+05
-4.225 3.625 9.8460e+05
-4.225 3.675 1.7086e+06
-4.225 3.725 2.9642e+06
-4.225 3.775 5.0331e+06
-4.225 3.825 7.7166e+06
-4.225 3.875 0.0000e+00
-4.225 3.925 0.0000e+00
-4.225 3.975 0.0000e+00
-4.175 -1.975 0.0000e+00
-4.175 -1.925 0.0000e+00
-4.175 -1.875 0.0000e+00
-4.175 -1.825 0.0000e+00
-4.175 -1.775 0.0000e+00
-4.175 -1.725 0.0000e+00
-4.175 -1.675 0.0000e+00
-4.175 -1.625 0.0000e+00
-4.175 -1.575 0.0000e+00
-4.175 -1.525 0.0000e+00
-4.175 -1.475 0.0000e+00
-4.175 -1.425 0.0000e+00
-4.175 -1.375 0.0000e+00
-4.175 -1.325 0.0000e+00
-4.175 -1.275 0.0000e+00
-4.175 -1.225 0.0000e+00
-4.175 -1.175 0.0000e+00
-4.175 -1.125 0.0000e+00
-4.175 -1.075 0.0000e+00
-4.175 -1.025 0.0000e+00
-4.175 -0.975 0.0000e+00
-4.175 -0.925 0.0000e+00
-4.175 -0.875 0.0000e+00
-4.175 -0.825 0.0000e+00
-4.175 -0.775 0.0000e+00
-4.175 -0.725 0.0000e+00
-4.175 -0.675 0.0000e+00
-4.175 -0.625 0.0000e+00
-4.175 -0.575 0.0000e+00
-4.175 -0.525 0.0000e+00
-4.175 -0.475 0.0000e+00
-4.175 -0.425 0.0000e+00
-4.175 -0.375 0.0000e+00
-4.175 -0.325 0.0000e+00
-4.175 -0.275 0.0000e+00
-4.175 -0.225 0.0000e+00
-4.175 -0.175 0.0000e+00
-4.175 -0.125 0.0000e+00
-4.175 -0.075 0.0000e+00
-4.175 -0.025 0.0000e+00
-4.175 0.025 0.0000e+00
-4.175 0.075 0.0000e+00
-4.175 0.125 0.0000e+00
-4.175 0.175 0.0000e+00
-4.175 0.225 0.0000e+00
-4.175 0.275 0.0000e+00
-4.175 0.325 0.0000e+00
-4.175 0.375 0.0000e+00
-4.175 0.425 0.0000e+00
-4.175 0.475 0.0000e+00
-4.175 0.525 0.0000e+00
-4.175 0.575 0.0000e+00
-4.175 0.625 0.0000e+00
-4.175 0.675 0.0000e+00
-4.175 0.725 0.0000e+00
-4.175 0.775 0.0000e+00
-4.175 0.825 6.5464e-11
-4.175 0.875 1.3068e-10
-4.175 0.925 2.6087e-10
-4.175 0.975 5.2082e-10
-4.175 1.025 1.0399e-09
-4.175 1.075 2.0763e-09
-4.175 1.125 4.1463e-09
-4.175 1.175 8.2806e-09
-4.175 1.225 1.6539e-08
-4.175 1.275 3.3039e-08
-4.175 1.325 6.6007e-08
-4.175 1.375 1.3189e-07
-4.175 1.425 2.6360e-07
-4.175 1.475 5.2691e-07
-4.175 1.525 1.0535e-06
-4.175 1.575 2.1068e-06
-4.175 1.625 4.2143e-06
-4.175 1.675 8.4327e-06
-4.175 1.725 1.6879e-05
-4.175 1.775 3.3798e-05
-4.175 1.825 6.7703e-05
-4.175 1.875 1.3568e-04
-4.175 1.925 2.7204e-04
-4.175 1.975 5.4575e-04
-4.175 2.025 1.0955e-03
-4.175 2.075 2.2003e-03
-4.175 2.125 4.4226e-03
-4.175 2.175 8.8957e-03
-4.175 2.225 1.7907e-02
-4.175 2.275 3.6078e-02
-4.175 2.325 7.2747e-02
-4.175 2.375 1.4682e-01
-4.175 2.425 2.9656e-01
-4.175 2.475 5.9951e-01
-4.175 2.525 1.2128e+00
-4.175 2.575 2.4550e+00
-4.175 2.625 4.9712e+00
-4.175 2.675 1.0066e+01
-4.175 2.725 2.0370e+01
-4.175 2.775 4.1172e+01
-4.175 2.825 8.3032e+01
-4.175 2.875 1.6687e+02
-4.175 2.925 3.3365e+02
-4.175 2.975 6.6238e+02
-4.175 3.025 1.3024e+03
-4.175 3.075 2.5293e+03
-4.175 3.125 4.8361e+03
-4.175 3.175 9.0770e+03
-4.175 3.225 1.6680e+04
-4.175 3.275 2.9964e+04
-4.175 3.325 5.2628e+04
-4.175 3.375 9.0599e+04
-4.175 3.425 1.5364e+05
-4.175 3.475 2.5851e+05
-4.175 3.525 4.3513e+05
-4.175 3.575 7.3780e+05
-4.175 3.625 1.2641e+06
-4.175 3.675 2.1812e+06
-4.175 3.725 3.7501e+06
-4.175 3.775 6.2921e+06
-4.175 3.825 9.5144e+06
-4.175 3.875 0.0000e+00
-4.175 3.925 0.0000e+00
-4.175 3.975 0.0000e+00
-4.125 -1.975 0.0000e+00
-4.125 -1.925 0.0000e+00
-4.125 -1.875 0.0000e+00
-4.125 -1.825 0.0000e+00
-4.125 -1.775 0.0000e+00
-4.125 -1.725 0.0000e+00
-4.125 -1.675 0.0000e+00
-4.125 -1.625 0.0000e+00
-4.125 -1.575 0.0000e+00
-4.125 -1.525 0.0000e+00
-4.125 -1.475 0.0000e+00
-4.125 -1.425 0.0000e+00
-4.125 -1.375 0.0000e+00
-4.125 -1.325 0.0000e+00
-4.125 -1.275 0.0000e+00
-4.125 -1.225 0.0000e+00
-4.125 -1.175 0.0000e+00
-4.125 -1.125 0.0000e+00
-4.125 -1.075 0.0000e+00
-4.125 -1.025 0.0000e+00
-4.125 -0.975 0.0000e+00
-4.125 -0.925 0.0000e+00
-4.125 -0.875 0.0000e+00
-4.125 -0.825 0.0000e+00
-4.125 -0.775 0.0000e+00
-4.125 -0.725 0.0000e+00
-4.125 -0.675 0.0000e+00
-4.125 -0.625 0.0000e+00
-4.125 -0.575 0.0000e+00
-4.125 -0.525 0.0000e+00
-4.125 -0.475 0.0000e+00
-4.125 -0.425 0.0000e+00
-4.125 -0.375 0.0000e+00
-4.125 -0.325 0.0000e+00
-4.125 -0.275 0.0000e+00
-4.125 -0.225 0.0000e+00
-4.125 -0.175 0.0000e+00
-4.125 -0.125 0.0000e+00
-4.125 -0.075 0.0000e+00
-4.125 -0.025 0.0000e+00
-4.125 0.025 0.0000e+00
-4.125 0.075 0.0000e+00
-4.125 0.125 0.0000e+00
-4.125 0.175 0.0000e+00
-4.125 0.225 0.0000e+00
-4.125 0.275 0.0000e+00
-4.125 0.325 0.0000e+00
-4.125 0.375 0.0000e+00
-4.125 0.425 0.0000e+00
-4.125 0.475 0.0000e+00
-4.125 0.525 0.0000e+00
-4.125 0.575 0.0000e+00
-4.125 0.625 0.0000e+00
-4.125 0.675 0.0000e+00
-4.125 0.725 0.0000e+00
-4.125 0.775 0.0000e+00
-4.125 0.825 8.2414e-11
-4.125 0.875 1.6451e-10
-4.125 0.925 3.2842e-10
-4.125 0.975 6.5567e-10
-4.125 1.025 1.3091e-09
-4.125 1.075 2.6140e-09
-4.125 1.125 5.2199e-09
-4.125 1.175 1.0425e-08
-4.125 1.225 2.0822e-08
-4.125 1.275 4.1593e-08
-4.125 1.325 8.3098e-08
-4.125 1.375 1.6605e-07
-4.125 1.425 3.3185e-07
-4.125 1.475 6.6334e-07
-4.125 1.525 1.3262e-06
-4.125 1.575 2.6523e-06
-4.125 1.625 5.3055e-06
-4.125 1.675 1.0616e-05
-4.125 1.725 2.1250e-05
-4.125 1.775 4.2549e-05
-4.125 1.825 8.5233e-05
-4.125 1.875 1.7081e-04
-4.125 1.925 3.4249e-04
-4.125 1.975 6.8707e-04
-4.125 2.025 1.3791e-03
-4.125 2.075 2.7701e-03
-4.125 2.125 5.5678e-03
-4.125 2.175 1.1199e-02
-4.125 2.225 2.2545e-02
-4.125 2.275 4.5421e-02
-4.125 2.325 9.1588e-02
-4.125 2.375 1.8484e-01
-4.125 2.425 3.7337e-01
-4.125 2.475 7.5482e-01
-4.125 2.525 1.5271e+00
-4.125 2.575 3.0913e+00
-4.125 2.625 6.2598e+00
-4.125 2.675 1.2676e+01
-4.125 2.725 2.5654e+01
-4.125 2.775 5.1858e+01
-4.125 2.825 1.0460e+02
-4.125 2.875 2.1025e+02
-4.125 2.925 4.2051e+02
-4.125 2.975 8.3512e+02
-4.125 3.025 1.6429e+03
-4.125 3.075 3.1928e+03
-4.125 3.125 6.1107e+03
-4.125 3.175 1.1485e+04
-4.125 3.225 2.1142e+04
-4.125 3.275 3.8067e+04
-4.125 3.325 6.7054e+04
-4.125 3.375 1.1583e+05
-4.125 3.425 1.9715e+05
-4.125 3.475 3.3285e+05
-4.125 3.525 5.6153e+05
-4.125 3.575 9.5222e+05
-4.125 3.625 1.6264e+06
-4.125 3.675 2.7871e+06
-4.125 3.725 4.7406e+06
-4.125 3.775 7.8438e+06
-4.125 3.825 1.1672e+07
-4.125 3.875 0.0000e+00
-4.125 3.925 0.0000e+00
-4.125 3.975 0.0000e+00
-4.075 -1.975 0.0000e+00
-4.075 -1.925 0.0000e+00
-4.075 -1.875 0.0000e+00
-4.075 -1.825 0.0000e+00
-4.075 -1.775 0.0000e+00
-4.075 -1.725 0.0000e+00
-4.075 -1.675 0.0000e+00
-4.075 -1.625 0.0000e+00
-4.075 -1.575 0.0000e+00
-4.075 -1.525 0.0000e+00
-4.075 -1.475 0.0000e+00
-4.075 -1.425 0.0000e+00
-4.075 -1.375 0.0000e+00
-4.075 -1.325 0.0000e+00
-4.075 -1.275 0.0000e+00
-4.075 -1.225 0.0000e+00
-4.075 -1.175 0.0000e+00
-4.075 -1.125 0.0000e+00
-4.075 -1.075 0.0000e+00
-4.075 -1.025 0.0000e+00
-4.075 -0.975 0.0000e+00
-4.075 -0.925 0.0000e+00
-4.075 -0.875 0.0000e+00
-4.075 -0.825 0.0000e+00
-4.075 -0.775 0.0000e+00
-4.075 -0.725 0.0000e+00
-4.075 -0.675 0.0000e+00
-4.075 -0.625 0.0000e+00
-4.075 -0.575 0.0000e+00
-4.075 -0.525 0.0000e+00
-4.075 -0.475 0.0000e+00
-4.075 -0.425 0.0000e+00
-4.075 -0.375 0.0000e+00
-4.075 -0.325 0.0000e+00
-4.075 -0.275 0.0000e+00
-4.075 -0.225 0.0000e+00
-4.075 -0.175 0.0000e+00
-4.075 -0.125 0.0000e+00
-4.075 -0.075 0.0000e+00
-4.075 -0.025 0.0000e+00
-4.075 0.025 0.0000e+00
-4.075 0.075 0.0000e+00
-4.075 0.125 0.0000e+00
-4.075 0.175 0.0000e+00
-4.075 0.225 0.0000e+00
-4.075 0.275 0.0000e+00
-4.075 0.325 0.0000e+00
-4.075 0.375 0.0000e+00
-4.075 0.425 0.0000e+00
-4.075 0.475 0.0000e+00
-4.075 0.525 0.0000e+00
-4.075 0.575 0.0000e+00
-4.075 0.625 0.0000e+00
-4.075 0.675 0.0000e+00
-4.075 0.725 0.0000e+00
-4.075 0.775 0.0000e+00
-4.075 0.825 1.0375e-10
-4.075 0.875 2.0711e-10
-4.075 0.925 4.1346e-10
-4.075 0.975 8.2545e-10
-4.075 1.025 1.6481e-09
-4.075 1.075 3.2908e-09
-4.075 1.125 6.5714e-09
-4.075 1.175 1.3124e-08
-4.075 1.225 2.6213e-08
-4.075 1.275 5.2363e-08
-4.075 1.325 1.0461e-07
-4.075 1.375 2.0904e-07
-4.075 1.425 4.1777e-07
-4.075 1.475 8.3509e-07
-4.075 1.525 1.6696e-06
-4.075 1.575 3.3390e-06
-4.075 1.625 6.6793e-06
-4.075 1.675 1.3365e-05
-4.075 1.725 2.6752e-05
-4.075 1.775 5.3567e-05
-4.075 1.825 1.0730e-04
-4.075 1.875 2.1504e-04
-4.075 1.925 4.3117e-04
-4.075 1.975 8.6498e-04
-4.075 2.025 1.7363e-03
-4.075 2.075 3.4874e-03
-4.075 2.125 7.0096e-03
-4.075 2.175 1.4100e-02
-4.075 2.225 2.8383e-02
-4.075 2.275 5.7184e-02
-4.075 2.325 1.1531e-01
-4.075 2.375 2.3272e-01
-4.075 2.425 4.7010e-01
-4.075 2.475 9.5039e-01
-4.075 2.525 1.9228e+00
-4.075 2.575 3.8925e+00
-4.075 2.625 7.8828e+00
-4.075 2.675 1.5964e+01
-4.075 2.725 3.2312e+01
-4.075 2.775 6.5325e+01
-4.075 2.825 1.3179e+02
-4.075 2.875 2.6497e+02
-4.075 2.925 5.3012e+02
-4.075 2.975 1.0533e+03
-4.075 3.025 2.0734e+03
-4.075 3.075 4.0328e+03
-4.075 3.125 7.7276e+03
-4.075 3.175 1.4546e+04
-4.075 3.225 2.6835e+04
-4.075 3.275 4.8449e+04
-4.075 3.325 8.5628e+04
-4.075 3.375 1.4849e+05
-4.075 3.425 2.5376e+05
-4.075 3.475 4.2998e+05
-4.075 3.525 7.2697e+05
-4.075 3.575 1.2322e+06
-4.075 3.625 2.0959e+06
-4.075 3.675 3.5616e+06
-4.075 3.725 5.9819e+06
-4.075 3.775 9.7395e+06
-4.075 3.825 1.4231e+07
-4.075 3.875 0.0000e+00
-4.075 3.925 0.0000e+00
-4.075 3.975 0.0000e+00
-4.025 -1.975 0.0000e+00
-4.025 -1.925 0.0000e+00
-4.025 -1.875 0.0000e+00
-4.025 -1.825 0.0000e+00
-4.025 -1.775 0.0000e+00
-4.025 -1.725 0.0000e+00
-4.025 -1.675 0.0000e+00
-4.025 -1.625 0.0000e+00
-4.025 -1.575 0.0000e+00
-4.025 -1.525 0.0000e+00
-4.025 -1.475 0.0000e+00
-4.025 -1.425 0.0000e+00
-4.025 -1.375 0.0000e+00
-4.025 -1.325 0.0000e+00
-4.025 -1.275 0.0000e+00
-4.025 -1.225 0.0000e+00
-4.025 -1.175 0.0000e+00
-4.025 -1.125 0.0000e+00
-4.025 -1.075 0.0000e+00
-4.025 -1.025 0.0000e+00
-4.025 -0.975 0.0000e+00
-4.025 -0.925 0.0000e+00
-4.025 -0.875 0.0000e+00
-4.025 -0.825 0.0000e+00
-4.025 -0.775 0.0000e+00
-4.025 -0.725 0.0000e+00
-4.025 -0.675 0.0000e+00
-4.025 -0.625 0.0000e+00
-4.025 -0.575 0.0000e+00
-4.025 -0.525 0.0000e+00
-4.025 -0.475 0.0000e+00
-4.025 -0.425 0.0000e+00
-4.025 -0.375 0.0000e+00
-4.025 -0.325 0.0000e+00
-4.025 -0.275 0.0000e+00
-4.025 -0.225 0.0000e+00
-4.025 -0.175 0.0000e+00
-4.025 -0.125 0.0000e+00
-4.025 -0.075 0.0000e+00
-4.025 -0.025 0.0000e+00
-4.025 0.025 0.0000e+00
-4.025 0.075 0.0000e+00
-4.025 0.125 0.0000e+00
-4.025 0.175 0.0000e+00
-4.025 0.225 0.0000e+00
-4.025 0.275 0.0000e+00
-4.025 0.325 0.0000e+00
-4.025 0.375 0.0000e+00
-4.025 0.425 0.0000e+00
-4.025 0.475 0.0000e+00
-4.025 0.525 0.0000e+00
-4.025 0.575 0.0000e+00
-4.025 0.625 0.0000e+00
-4.025 0.675 0.0000e+00
-4.025 0.725 0.0000e+00
-4.025 0.775 0.0000e+00
-4.025 0.825 1.3062e-10
-4.025 0.875 2.6074e-10
-4.025 0.925 5.2051e-10
-4.025 0.975 1.0392e-09
-4.025 1.025 2.0748e-09
-4.025 1.075 4.1428e-09
-4.025 1.125 8.2729e-09
-4.025 1.175 1.6522e-08
-4.025 1.225 3.3000e-08
-4.025 1.275 6.5921e-08
-4.025 1.325 1.3170e-07
-4.025 1.375 2.6316e-07
-4.025 1.425 5.2594e-07
-4.025 1.475 1.0513e-06
-4.025 1.525 2.1020e-06
-4.025 1.575 4.2036e-06
-4.025 1.625 8.4087e-06
-4.025 1.675 1.6826e-05
-4.025 1.725 3.3679e-05
-4.025 1.775 6.7437e-05
-4.025 1.825 1.3509e-04
-4.025 1.875 2.7072e-04
-4.025 1.925 5.4282e-04
-4.025 1.975 1.0890e-03
-4.025 2.025 2.1859e-03
-4.025 2.075 4.3905e-03
-4.025 2.125 8.8249e-03
-4.025 2.175 1.7751e-02
-4.025 2.225 3.5734e-02
-4.025 2.275 7.1996e-02
-4.025 2.325 1.4518e-01
-4.025 2.375 2.9301e-01
-4.025 2.425 5.9190e-01
-4.025 2.475 1.1967e+00
-4.025 2.525 2.4212e+00
-4.025 2.575 4.9018e+00
-4.025 2.625 9.9273e+00
-4.025 2.675 2.0106e+01
-4.025 2.725 4.0702e+01
-4.025 2.775 8.2301e+01
-4.025 2.825 1.6607e+02
-4.025 2.875 3.3401e+02
-4.025 2.925 6.6852e+02
-4.025 2.975 1.3290e+03
-4.025 3.025 2.6182e+03
-4.025 3.075 5.0976e+03
-4.025 3.125 9.7817e+03
-4.025 3.175 1.8447e+04
-4.025 3.225 3.4115e+04
-4.025 3.275 6.1786e+04
-4.025 3.325 1.0961e+05
-4.025 3.375 1.9090e+05
-4.025 3.425 3.2766e+05
-4.025 3.475 5.5719e+05
-4.025 3.525 9.4370e+05
-4.025 3.575 1.5975e+06
-4.025 3.625 2.7024e+06
-4.025 3.675 4.5459e+06
-4.025 3.725 7.5237e+06
-4.025 3.775 1.2027e+07
-4.025 3.825 1.7216e+07
-4.025 3.875 0.0000e+00
-4.025 3.925 0.0000e+00
-4.025 3.975 0.0000e+00
-3.975 -1.975 0.0000e+00
-3.975 -1.925 0.0000e+00
-3.975 -1.875 0.0000e+00
-3.975 -1.825 0.0000e+00
-3.975 -1.775 0.0000e+00
-3.975 -1.725 0.0000e+00
-3.975 -1.675 0.0000e+00
-3.975 -1.625 0.0000e+00
-3.975 -1.575 0.0000e+00
-3.975 -1.525 0.0000e+00
-3.975 -1.475 0.0000e+00
-3.975 -1.425 0.0000e+00
-3.975 -1.375 0.0000e+00
-3.975 -1.325 0.0000e+00
-3.975 -1.275 0.0000e+00
-3.975 -1.225 0.0000e+00
-3.975 -1.175 0.0000e+00
-3.975 -1.125 0.0000e+00
-3.975 -1.075 0.0000e+00
-3.975 -1.025 0.0000e+00
-3.975 -0.975 0.0000e+00
-3.975 -0.925 0.0000e+00
-3.975 -0.875 0.0000e+00
-3.975 -0.825 0.0000e+00
-3.975 -0.775 0.0000e+00
-3.975 -0.725 0.0000e+00
-3.975 -0.675 0.0000e+00
-3.975 -0.625 0.0000e+00
-3.975 -0.575 0.0000e+00
-3.975 -0.525 0.0000e+00
-3.975 -0.475 0.0000e+00
-3.975 -0.425 0.0000e+00
-3.975 -0.375 0.0000e+00
-3.975 -0.325 0.0000e+00
-3.975 -0.275 0.0000e+00
-3.975 -0.225 0.0000e+00
-3.975 -0.175 0.0000e+00
-3.975 -0.125 0.0000e+00
-3.975 -0.075 0.0000e+00
-3.975 -0.025 0.0000e+00
-3.975 0.025 0.0000e+00
-3.975 0.075 0.0000e+00
-3.975 0.125 0.0000e+00
-3.975 0.175 0.0000e+00
-3.975 0.225 0.0000e+00
-3.975 0.275 0.0000e+00
-3.975 0.325 0.0000e+00
-3.975 0.375 0.0000e+00
-3.975 0.425 0.0000e+00
-3.975 0.475 0.0000e+00
-3.975 0.525 0.0000e+00
-3.975 0.575 0.0000e+00
-3.975 0.625 0.0000e+00
-3.975 0.675 0.0000e+00
-3.975 0.725 0.0000e+00
-3.975 0.775 0.0000e+00
-3.975 0.825 1.6444e-10
-3.975 0.875 3.2825e-10
-3.975 0.925 6.5529e-10
-3.975 0.975 1.3082e-09
-3.975 1.025 2.6120e-09
-3.975 1.075 5.2155e-09
-3.975 1.125 1.0415e-08
-3.975 1.175 2.0800e-08
-3.975 1.225 4.1545e-08
-3.975 1.275 8.2990e-08
-3.975 1.325 1.6580e-07
-3.975 1.375 3.3131e-07
-3.975 1.425 6.6212e-07
-3.975 1.475 1.3235e-06
-3.975 1.525 2.6462e-06
-3.975 1.575 5.2920e-06
-3.975 1.625 1.0586e-05
-3.975 1.675 2.1182e-05
-3.975 1.725 4.2399e-05
-3.975 1.775 8.4899e-05
-3.975 1.825 1.7007e-04
-3.975 1.875 3.4083e-04
-3.975 1.925 6.8338e-04
-3.975 1.975 1.3709e-03
-3.975 2.025 2.7519e-03
-3.975 2.075 5.5275e-03
-3.975 2.125 1.1110e-02
-3.975 2.175 2.2348e-02
-3.975 2.225 4.4990e-02
-3.975 2.275 9.0644e-02
-3.975 2.325 1.8279e-01
-3.975 2.375 3.6893e-01
-3.975 2.425 7.4528e-01
-3.975 2.475 1.5068e+00
-3.975 2.525 3.0489e+00
-3.975 2.575 6.1731e+00
-3.975 2.625 1.2503e+01
-3.975 2.675 2.5326e+01
-3.975 2.725 5.1278e+01
-3.975 2.775 1.0371e+02
-3.975 2.825 2.0933e+02
-3.975 2.875 4.2116e+02
-3.975 2.925 8.4339e+02
-3.975 2.975 1.6778e+03
-3.975 3.025 3.3082e+03
-3.975 3.075 6.4491e+03
-3.975 3.125 1.2395e+04
-3.975 3.175 2.3427e+04
-3.975 3.225 4.3446e+04
-3.975 3.275 7.8962e+04
-3.975 3.325 1.4067e+05
-3.975 3.375 2.4610e+05
-3.975 3.425 4.2425e+05
-3.975 3.475 7.2383e+05
-3.975 3.525 1.2272e+06
-3.975 3.575 2.0722e+06
-3.975 3.625 3.4807e+06
-3.975 3.675 5.7843e+06
-3.975 3.725 9.4125e+06
-3.975 3.775 1.4739e+07
-3.975 3.825 2.0623e+07
-3.975 3.875 0.0000e+00
-3.975 3.925 0.0000e+00
-3.975 3.975 0.0000e+00
-3.925 -1.975 0.0000e+00
-3.925 -1.925 0.0000e+00
-3.925 -1.875 0.0000e+00
-3.925 -1.825 0.0000e+00
-3.925 -1.775 0.0000e+00
-3.925 -1.725 0.0000e+00
-3.925 -1.675 0.0000e+00
-3.925 -1.625 0.0000e+00
-3.925 -1.575 0.0000e+00
-3.925 -1.525 0.0000e+00
-3.925 -1.475 0.0000e+00
-3.925 -1.425 0.0000e+00
-3.925 -1.375 0.0000e+00
-3.925 -1.325 0.0000e+00
-3.925 -1.275 0.0000e+00
-3.925 -1.225 0.0000e+00
-3.925 -1.175 0.0000e+00
-3.925 -1.125 0.0000e+00
-3.925 -1.075 0.0000e+00
-3.925 -1.025 0.0000e+00
-3.925 -0.975 0.0000e+00
-3.925 -0.925 0.0000e+00
-3.925 -0.875 0.0000e+00
-3.925 -0.825 0.0000e+00
-3.925 -0.775 0.0000e+00
-3.925 -0.725 0.0000e+00
-3.925 -0.675 0.0000e+00
-3.925 -0.625 0.0000e+00
-3.925 -0.575 0.0000e+00
-3.925 -0.525 0.0000e+00
-3.925 -0.475 0.0000e+00
-3.925 -0.425 0.0000e+00
-3.925 -0.375 0.0000e+00
-3.925 -0.325 0.0000e+00
-3.925 -0.275 0.0000e+00
-3.925 -0.225 0.0000e+00
-3.925 -0.175 0.0000e+00
-3.925 -0.125 0.0000e+00
-3.925 -0.075 0.0000e+00
-3.925 -0.025 0.0000e+00
-3.925 0.025 0.0000e+00
-3.925 0.075 0.0000e+00
-3.925 0.125 0.0000e+00
-3.925 0.175 0.0000e+00
-3.925 0.225 0.0000e+00
-3.925 0.275 0.0000e+00
-3.925 0.325 0.0000e+00
-3.925 0.375 0.0000e+00
-3.925 0.425 0.0000e+00
-3.925 0.475 0.0000e+00
-3.925 0.525 0.0000e+00
-3.925 0.575 0.0000e+00
-3.925 0.625 0.0000e+00
-3.925 0.675 0.0000e+00
-3.925 0.725 0.0000e+00
-3.925 0.775 0.0000e+00
-3.925 0.825 2.0701e-10
-3.925 0.875 4.1324e-10
-3.925 0.925 8.2496e-10
-3.925 0.975 1.6470e-09
-3.925 1.025 3.2883e-09
-3.925 1.075 6.5660e-09
-3.925 1.125 1.3112e-08
-3.925 1.175 2.6186e-08
-3.925 1.225 5.2302e-08
-3.925 1.275 1.0448e-07
-3.925 1.325 2.0873e-07
-3.925 1.375 4.1709e-07
-3.925 1.425 8.3357e-07
-3.925 1.475 1.6662e-06
-3.925 1.525 3.3314e-06
-3.925 1.575 6.6623e-06
-3.925 1.625 1.3327e-05
-3.925 1.675 2.6667e-05
-3.925 1.725 5.3378e-05
-3.925 1.775 1.0688e-04
-3.925 1.825 2.1410e-04
-3.925 1.875 4.2908e-04
-3.925 1.925 8.6034e-04
-3.925 1.975 1.7260e-03
-3.925 2.025 3.4646e-03
-3.925 2.075 6.9590e-03
-3.925 2.125 1.3988e-02
-3.925 2.175 2.8137e-02
-3.925 2.225 5.6643e-02
-3.925 2.275 1.1413e-01
-3.925 2.325 2.3015e-01
-3.925 2.375 4.6453e-01
-3.925 2.425 9.3845e-01
-3.925 2.475 1.8975e+00
-3.925 2.525 3.8397e+00
-3.925 2.575 7.7748e+00
-3.925 2.625 1.5749e+01
-3.925 2.675 3.1906e+01
-3.925 2.725 6.4614e+01
-3.925 2.775 1.3071e+02
-3.925 2.825 2.6393e+02
-3.925 2.875 5.3126e+02
-3.925 2.925 1.0645e+03
-3.925 2.975 2.1193e+03
-3.925 3.025 4.1834e+03
-3.925 3.075 8.1669e+03
-3.925 3.125 1.5727e+04
-3.925 3.175 2.9797e+04
-3.925 3.225 5.5431e+04
-3.925 3.275 1.0113e+05
-3.925 3.325 1.8094e+05
-3.925 3.375 3.1800e+05
-3.925 3.425 5.5045e+05
-3.925 3.475 9.4161e+05
-3.925 3.525 1.5962e+06
-3.925 3.575 2.6841e+06
-3.925 3.625 4.4675e+06
-3.925 3.675 7.3177e+06
-3.925 3.725 1.1680e+07
-3.925 3.775 1.7875e+07
-3.925 3.825 2.4394e+07
-3.925 3.875 0.0000e+00
-3.925 3.925 0.0000e+00
-3.925 3.975 0.0000e+00
-3.875 -1.975 0.0000e+00
-3.875 -1.925 0.0000e+00
-3.875 -1.875 0.0000e+00
-3.875 -1.825 0.0000e+00
-3.875 -1.775 0.0000e+00
-3.875 -1.725 0.0000e+00
-3.875 -1.675 0.0000e+00
-3.875 -1.625 0.0000e+00
-3.875 -1.575 0.0000e+00
-3.875 -1.525 0.0000e+00
-3.875 -1.475 0.0000e+00
-3.875 -1.425 0.0000e+00
-3.875 -1.375 0.0000e+00
-3.875 -1.325 0.0000e+00
-3.875 -1.275 0.0000e+00
-3.875 -1.225 0.0000e+00
-3.875 -1.175 0.0000e+00
-3.875 -1.125 0.0000e+00
-3.875 -1.075 0.0000e+00
-3.875 -1.025 0.0000e+00
-3.875 -0.975 0.0000e+00
-3.875 -0.925 0.0000e+00
-3.875 -0.875 0.0000e+00
-3.875 -0.825 0.0000e+00
-3.875 -0.775 0.0000e+00
-3.875 -0.725 0.0000e+00
-3.875 -0.675 0.0000e+00
-3.875 -0.625 0.0000e+00
-3.875 -0.575 0.0000e+00
-3.875 -0.525 0.0000e+00
-3.875 -0.475 0.0000e+00
-3.875 -0.425 0.0000e+00
-3.875 -0.375 0.0000e+00
-3.875 -0.325 0.0000e+00
-3.875 -0.275 0.0000e+00
-3.875 -0.225 0.0000e+00
-3.875 -0.175 0.0000e+00
-3.875 -0.125 0.0000e+00
-3.875 -0.075 0.0000e+00
-3.875 -0.025 0.0000e+00
-3.875 0.025 0.0000e+00
-3.875 0.075 0.0000e+00
-3.875 0.125 0.0000e+00
-3.875 0.175 0.0000e+00
-3.875 0.225 0.0000e+00
-3.875 0.275 0.0000e+00
-3.875 0.325 0.0000e+00
-3.875 0.375 0.0000e+00
-3.875 0.425 0.0000e+00
-3.875 0.475 0.0000e+00
-3.875 0.525 0.0000e+00
-3.875 0.575 0.0000e+00
-3.875 0.625 0.0000e+00
-3.875 0.675 0.0000e+00
-3.875 0.725 0.0000e+00
-3.875 0.775 0.0000e+00
-3.875 0.825 2.6062e-10
-3.875 0.875 5.2024e-10
-3.875 0.925 1.0386e-09
-3.875 0.975 2.0734e-09
-3.875 1.025 4.1398e-09
-3.875 1.075 8.2661e-09
-3.875 1.125 1.6507e-08
-3.875 1.175 3.2966e-08
-3.875 1.225 6.5844e-08
-3.875 1.275 1.3153e-07
-3.875 1.325 2.6278e-07
-3.875 1.375 5.2509e-07
-3.875 1.425 1.0494e-06
-3.875 1.475 2.0977e-06
-3.875 1.525 4.1940e-06
-3.875 1.575 8.3873e-06
-3.875 1.625 1.6778e-05
-3.875 1.675 3.3572e-05
-3.875 1.725 6.7199e-05
-3.875 1.775 1.3456e-04
-3.875 1.825 2.6955e-04
-3.875 1.875 5.4019e-04
-3.875 1.925 1.0831e-03
-3.875 1.975 2.1729e-03
-3.875 2.025 4.3618e-03
-3.875 2.075 8.7614e-03
-3.875 2.125 1.7611e-02
-3.875 2.175 3.5425e-02
-3.875 2.225 7.1317e-02
-3.875 2.275 1.4370e-01
-3.875 2.325 2.8979e-01
-3.875 2.375 5.8493e-01
-3.875 2.425 1.1818e+00
-3.875 2.475 2.3896e+00
-3.875 2.525 4.8359e+00
-3.875 2.575 9.7932e+00
-3.875 2.625 1.9841e+01
-3.875 2.675 4.0203e+01
-3.875 2.725 8.1436e+01
-3.875 2.775 1.6480e+02
-3.875 2.825 3.3288e+02
-3.875 2.875 6.7043e+02
-3.875 2.925 1.3443e+03
-3.875 2.975 2.6790e+03
-3.875 3.025 5.2947e+03
-3.875 3.075 1.0353e+04
-3.875 3.125 1.9979e+04
-3.875 3.175 3.7956e+04
-3.875 3.225 7.0846e+04
-3.875 3.275 1.2976e+05
-3.875 3.325 2.3318e+05
-3.875 3.375 4.1154e+05
-3.875 3.425 7.1475e+05
-3.875 3.475 1.2243e+06
-3.875 3.525 2.0716e+06
-3.875 3.575 3.4614e+06
-3.875 3.625 5.6950e+06
-3.875 3.675 9.1712e+06
-3.875 3.725 1.4323e+07
-3.875 3.775 2.1373e+07
-3.875 3.825 2.8386e+07
-3.875 3.875 0.0000e+00
-3.875 3.925 0.0000e+00
-3.875 3.975 0.0000e+00
-3.825 -1.975 0.0000e+00
-3.825 -1.925 0.0000e+00
-3.825 -1.875 0.0000e+00
-3.825 -1.825 0.0000e+00
-3.825 -1.775 0.0000e+00
-3.825 -1.725 0.0000e+00
-3.825 -1.675 0.0000e+00
-3.825 -1.625 0.0000e+00
-3.825 -1.575 0.0000e+00
-3.825 -1.525 0.0000e+00
-3.825 -1.475 0.0000e+00
-3.825 -1.425 0.0000e+00
-3.825 -1.375 0.0000e+00
-3.825 -1.325 0.0000e+00
-3.825 -1.275 0.0000e+00
-3.825 -1.225 0.0000e+00
-3.825 -1.175 0.0000e+00
-3.825 -1.125 0.0000e+00
-3.825 -1.075 0.0000e+00
-3.825 -1.025 0.0000e+00
-3.825 -0.975 0.0000e+00
-3.825 -0.925 0.0000e+00
-3.825 -0.875 0.0000e+00
-3.825 -0.825 0.0000e+00
-3.825 -0.775 0.0000e+00
-3.825 -0.725 0.0000e+00
-3.825 -0.675 0.0000e+00
-3.825 -0.625 0.0000e+00
-3.825 -0.575 0.0000e+00
-3.825 -0.525 0.0000e+00
-3.825 -0.475 0.0000e+00
-3.825 -0.425 0.0000e+00
-3.825 -0.375 0.0000e+00
-3.825 -0.325 0.0000e+00
-3.825 -0.275 0.0000e+00
-3.825 -0.225 0.0000e+00
-3.825 -0.175 0.0000e+00
-3.825 -0.125 0.0000e+00
-3.825 -0.075 0.0000e+00
-3.825 -0.025 0.0000e+00
-3.825 0.025 0.0000e+00
-3.825 0.075 0.0000e+00
-3.825 0.125 0.0000e+00
-3.825 0.175 0.0000e+00
-3.825 0.225 0.0000e+00
-3.825 0.275 0.0000e+00
-3.825 0.325 0.0000e+00
-3.825 0.375 0.0000e+00
-3.825 0.425 0.0000e+00
-3.825 0.475 0.0000e+00
-3.825 0.525 0.0000e+00
-3.825 0.575 0.0000e+00
-3.825 0.625 0.0000e+00
-3.825 0.675 0.0000e+00
-3.825 0.725 0.0000e+00
-3.825 0.775 0.0000e+00
-3.825 0.825 3.2810e-10
-3.825 0.875 6.5494e-10
-3.825 0.925 1.3075e-09
-3.825 0.975 2.6103e-09
-3.825 1.025 5.2117e-09
-3.825 1.075 1.0406e-08
-3.825 1.125 2.0781e-08
-3.825 1.175 4.1502e-08
-3.825 1.225 8.2893e-08
-3.825 1.275 1.6559e-07
-3.825 1.325 3.3082e-07
-3.825 1.375 6.6104e-07
-3.825 1.425 1.3211e-06
-3.825 1.475 2.6408e-06
-3.825 1.525 5.2800e-06
-3.825 1.575 1.0559e-05
-3.825 1.625 2.1122e-05
-3.825 1.675 4.2265e-05
-3.825 1.725 8.4600e-05
-3.825 1.775 1.6940e-04
-3.825 1.825 3.3934e-04
-3.825 1.875 6.8008e-04
-3.825 1.925 1.3636e-03
-3.825 1.975 2.7357e-03
-3.825 2.025 5.4915e-03
-3.825 2.075 1.1031e-02
-3.825 2.125 2.2172e-02
-3.825 2.175 4.4602e-02
-3.825 2.225 8.9794e-02
-3.825 2.275 1.8093e-01
-3.825 2.325 3.6489e-01
-3.825 2.375 7.3658e-01
-3.825 2.425 1.4882e+00
-3.825 2.475 3.0096e+00
-3.825 2.525 6.0913e+00
-3.825 2.575 1.2337e+01
-3.825 2.625 2.5000e+01
-3.825 2.675 5.0668e+01
-3.825 2.725 1.0266e+02
-3.825 2.775 2.0784e+02
-3.825 2.825 4.2003e+02
-3.825 2.875 8.4649e+02
-3.825 2.925 1.6988e+03
-3.825 2.975 3.3890e+03
-3.825 3.025 6.7075e+03
-3.825 3.075 1.3139e+04
-3.825 3.125 2.5414e+04
-3.825 3.175 4.8418e+04
-3.825 3.225 9.0678e+04
-3.825 3.275 1.6671e+05
-3.825 3.325 3.0075e+05
-3.825 3.375 5.3261e+05
-3.825 3.425 9.2689e+05
-3.825 3.475 1.5869e+06
-3.825 3.525 2.6737e+06
-3.825 3.575 4.4271e+06
-3.825 3.625 7.1792e+06
-3.825 3.675 1.1334e+07
-3.825 3.725 1.7274e+07
-3.825 3.775 2.5070e+07
-3.825 3.825 3.2328e+07
-3.825 3.875 0.0000e+00
-3.825 3.925 0.0000e+00
-3.825 3.975 0.0000e+00
-3.775 -1.975 0.0000e+00
-3.775 -1.925 0.0000e+00
-3.775 -1.875 0.0000e+00
-3.775 -1.825 0.0000e+00
-3.775 -1.775 0.0000e+00
-3.775 -1.725 0.0000e+00
-3.775 -1.675 0.0000e+00
-3.775 -1.625 0.0000e+00
-3.775 -1.575 0.0000e+00
-3.775 -1.525 0.0000e+00
-3.775 -1.475 0.0000e+00
-3.775 -1.425 0.0000e+00
-3.775 -1.375 0.0000e+00
-3.775 -1.325 0.0000e+00
-3.775 -1.275 0.0000e+00
-3.775 -1.225 0.0000e+00
-3.775 -1.175 0.0000e+00
-3.775 -1.125 0.0000e+00
-3.775 -1.075 0.0000e+00
-3.775 -1.025 0.0000e+00
-3.775 -0.975 0.0000e+00
-3.775 -0.925 0.0000e+00
-3.775 -0.875 0.0000e+00
-3.775 -0.825 0.0000e+00
-3.775 -0.775 0.0000e+00
-3.775 -0.725 0.0000e+00
-3.775 -0.675 0.0000e+00
-3.775 -0.625 0.0000e+00
-3.775 -0.575 0.0000e+00
-3.775 -0.525 0.0000e+00
-3.775 -0.475 0.0000e+00
-3.775 -0.425 0.0000e+00
-3.775 -0.375 0.0000e+00
-3.775 -0.325 0.0000e+00
-3.775 -0.275 0.0000e+00
-3.775 -0.225 0.0000e+00
-3.775 -0.175 0.0000e+00
-3.775 -0.125 0.0000e+00
-3.775 -0.075 0.0000e+00
-3.775 -0.025 0.0000e+00
-3.775 0.025 0.0000e+00
-3.775 0.075 0.0000e+00
-3.775 0.125 0.0000e+00
-3.775 0.175 0.0000e+00
-3.775 0.225 0.0000e+00
-3.775 0.275 0.0000e+00
-3.775 0.325 0.0000e+00
-3.775 0.375 0.0000e+00
-3.775 0.425 0.0000e+00
-3.775 0.475 0.0000e+00
-3.775 0.525 0.0000e+00
-3.775 0.575 0.0000e+00
-3.775 0.625 0.0000e+00
-3.775 0.675 0.0000e+00
-3.775 0.725 0.0000e+00
-3.775 0.775 0.0000e+00
-3.775 0.825 4.1305e-10
-3.775 0.875 8.2453e-10
-3.775 0.925 1.6460e-09
-3.775 0.975 3.2862e-09
-3.775 1.025 6.5611e-09
-3.775 1.075 1.3101e-08
-3.775 1.125 2.6161e-08
-3.775 1.175 5.2247e-08
-3.775 1.225 1.0436e-07
-3.775 1.275 2.0846e-07
-3.775 1.325 4.1648e-07
-3.775 1.375 8.3221e-07
-3.775 1.425 1.6632e-06
-3.775 1.475 3.3246e-06
-3.775 1.525 6.6471e-06
-3.775 1.575 1.3293e-05
-3.775 1.625 2.6592e-05
-3.775 1.675 5.3209e-05
-3.775 1.725 1.0651e-04
-3.775 1.775 2.1327e-04
-3.775 1.825 4.2722e-04
-3.775 1.875 8.5620e-04
-3.775 1.925 1.7168e-03
-3.775 1.975 3.4442e-03
-3.775 2.025 6.9138e-03
-3.775 2.075 1.3888e-02
-3.775 2.125 2.7916e-02
-3.775 2.175 5.6158e-02
-3.775 2.225 1.1306e-01
-3.775 2.275 2.2783e-01
-3.775 2.325 4.5949e-01
-3.775 2.375 9.2760e-01
-3.775 2.425 1.8743e+00
-3.775 2.475 3.7909e+00
-3.775 2.525 7.6736e+00
-3.775 2.575 1.5545e+01
-3.775 2.625 3.1506e+01
-3.775 2.675 6.3873e+01
-3.775 2.725 1.2947e+02
-3.775 2.775 2.6222e+02
-3.775 2.825 5.3025e+02
-3.775 2.875 1.0694e+03
-3.775 2.925 2.1482e+03
-3.775 2.975 4.2909e+03
-3.775 3.025 8.5054e+03
-3.775 3.075 1.6693e+04
-3.775 3.125 3.2363e+04
-3.775 3.175 6.1829e+04
-3.775 3.225 1.1616e+05
-3.775 3.275 2.1425e+05
-3.775 3.325 3.8764e+05
-3.775 3.375 6.8780e+05
-3.775 3.425 1.1969e+06
-3.775 3.475 2.0428e+06
-3.775 3.525 3.4166e+06
-3.775 3.575 5.5876e+06
-3.775 3.625 8.9006e+06
-3.775 3.675 1.3732e+07
-3.775 3.725 2.0362e+07
-3.775 3.775 2.8662e+07
-3.775 3.825 3.5782e+07
-3.775 3.875 0.0000e+00
-3.775 3.925 0.0000e+00
-3.775 3.975 0.0000e+00
-3.725 -1.975 0.0000e+00
-3.725 -1.925 0.0000e+00
-3.725 -1.875 0.0000e+00
-3.725 -1.825 0.0000e+00
-3.725 -1.775 0.0000e+00
-3.725 -1.725 0.0000e+00
-3.725 -1.675 0.0000e+00
-3.725 -1.625 0.0000e+00
-3.725 -1.575 0.0000e+00
-3.725 -1.525 0.0000e+00
-3.725 -1.475 0.0000e+00
-3.725 -1.425 0.0000e+00
-3.725 -1.375 0.0000e+00
-3.725 -1.325 0.0000e+00
-3.725 -1.275 0.0000e+00
-3.725 -1.225 0.0000e+00
-3.725 -1.175 0.0000e+00
-3.725 -1.125 0.0000e+00
-3.725 -1.075 0.0000e+00
-3.725 -1.025 0.0000e+00
-3.725 -0.975 0.0000e+00
-3.725 -0.925 0.0000e+00
-3.725 -0.875 0.0000e+00
-3.725 -0.825 0.0000e+00
-3.725 -0.775 0.0000e+00
-3.725 -0.725 0.0000e+00
-3.725 -0.675 0.0000e+00
-3.725 -0.625 0.0000e+00
-3.725 -0.575 0.0000e+00
-3.725 -0.525 0.0000e+00
-3.725 -0.475 0.0000e+00
-3.725 -0.425 0.0000e+00
-3.725 -0.375 0.0000e+00
-3.725 -0.325 0.0000e+00
-3.725 -0.275 0.0000e+00
-3.725 -0.225 0.0000e+00
-3.725 -0.175 0.0000e+00
-3.725 -0.125 0.0000e+00
-3.725 -0.075 0.0000e+00
-3.725 -0.025 0.0000e+00
-3.725 0.025 0.0000e+00
-3.725 0.075 0.0000e+00
-3.725 0.125 0.0000e+00
-3.725 0.175 0.0000e+00
-3.725 0.225 0.0000e+00
-3.725 0.275 0.0000e+00
-3.725 0.325 0.0000e+00
-3.725 0.375 0.0000e+00
-3.725 0.425 0.0000e+00
-3.725 0.475 0.0000e+00
-3.725 0.525 0.0000e+00
-3.725 0.575 0.0000e+00
-3.725 0.625 0.0000e+00
-3.725 0.675 0.0000e+00
-3.725 0.725 0.0000e+00
-3.725 0.775 0.0000e+00
-3.725 0.825 5.2000e-10
-3.725 0.875 1.0380e-09
-3.725 0.925 2.0722e-09
-3.725 0.975 4.1370e-09
-3.725 1.025 8.2600e-09
-3.725 1.075 1.6493e-08
-3.725 1.125 3.2935e-08
-3.725 1.175 6.5776e-08
-3.725 1.225 1.3138e-07
-3.725 1.275 2.6244e-07
-3.725 1.325 5.2432e-07
-3.725 1.375 1.0477e-06
-3.725 1.425 2.0939e-06
-3.725 1.475 4.1855e-06
-3.725 1.525 8.3683e-06
-3.725 1.575 1.6735e-05
-3.725 1.625 3.3477e-05
-3.725 1.675 6.6988e-05
-3.725 1.725 1.3409e-04
-3.725 1.775 2.6850e-04
-3.725 1.825 5.3786e-04
-3.725 1.875 1.0779e-03
-3.725 1.925 2.1614e-03
-3.725 1.975 4.3362e-03
-3.725 2.025 8.7047e-03
-3.725 2.075 1.7486e-02
-3.725 2.125 3.5149e-02
-3.725 2.175 7.0710e-02
-3.725 2.225 1.4237e-01
-3.725 2.275 2.8689e-01
-3.725 2.325 5.7866e-01
-3.725 2.375 1.1683e+00
-3.725 2.425 2.3609e+00
-3.725 2.475 4.7755e+00
-3.725 2.525 9.6685e+00
-3.725 2.575 1.9590e+01
-3.725 2.625 3.9716e+01
-3.725 2.675 8.0545e+01
-3.725 2.725 1.6333e+02
-3.725 2.775 3.3099e+02
-3.725 2.825 6.6976e+02
-3.725 2.875 1.3519e+03
-3.725 2.925 2.7186e+03
-3.725 2.975 5.4373e+03
-3.725 3.025 1.0795e+04
-3.725 3.075 2.1227e+04
-3.725 3.125 4.1243e+04
-3.725 3.175 7.8982e+04
-3.725 3.225 1.4875e+05
-3.725 3.275 2.7495e+05
-3.725 3.325 4.9810e+05
-3.725 3.375 8.8348e+05
-3.725 3.425 1.5329e+06
-3.725 3.475 2.5991e+06
-3.725 3.525 4.2987e+06
-3.725 3.575 6.9159e+06
-3.725 3.625 1.0779e+07
-3.725 3.675 1.6191e+07
-3.725 3.725 2.3278e+07
-3.725 3.775 3.1673e+07
-3.725 3.825 3.8145e+07
-3.725 3.875 0.0000e+00
-3.725 3.925 0.0000e+00
-3.725 3.975 0.0000e+00
-3.675 -1.975 0.0000e+00
-3.675 -1.925 0.0000e+00
-3.675 -1.875 0.0000e+00
-3.675 -1.825 0.0000e+00
-3.675 -1.775 0.0000e+00
-3.675 -1.725 0.0000e+00
-3.675 -1.675 0.0000e+00
-3.675 -1.625 0.0000e+00
-3.675 -1.575 0.0000e+00
-3.675 -1.525 0.0000e+00
-3.675 -1.475 0.0000e+00
-3.675 -1.425 0.0000e+00
-3.675 -1.375 0.0000e+00
-3.675 -1.325 0.0000e+00
-3.675 -1.275 0.0000e+00
-3.675 -1.225 0.0000e+00
-3.675 -1.175 0.0000e+00
-3.675 -1.125 0.0000e+00
-3.675 -1.075 0.0000e+00
-3.675 -1.025 0.0000e+00
-3.675 -0.975 0.0000e+00
-3.675 -0.925 0.0000e+00
-3.675 -0.875 0.0000e+00
-3.675 -0.825 0.0000e+00
-3.675 -0.775 0.0000e+00
-3.675 -0.725 0.0000e+00
-3.675 -0.675 0.0000e+00
-3.675 -0.625 0.0000e+00
-3.675 -0.575 0.0000e+00
-3.675 -0.525 0.0000e+00
-3.675 -0.475 0.0000e+00
-3.675 -0.425 0.0000e+00
-3.675 -0.375 0.0000e+00
-3.675 -0.325 0.0000e+00
-3.675 -0.275 0.0000e+00
-3.675 -0.225 0.0000e+00
-3.675 -0.175 0.0000e+00
-3.675 -0.125 0.0000e+00
-3.675 -0.075 0.0000e+00
-3.675 -0.025 0.0000e+00
-3.675 0.025 0.0000e+00
-3.675 0.075 0.0000e+00
-3.675 0.125 0.0000e+00
-3.675 0.175 0.0000e+00
-3.675 0.225 0.0000e+00
-3.675 0.275 0.0000e+00
-3.675 0.325 0.0000e+00
-3.675 0.375 0.0000e+00
-3.675 0.425 0.0000e+00
-3.675 0.475 0.0000e+00
-3.675 0.525 0.0000e+00
-3.675 0.575 0.0000e+00
-3.675 0.625 0.0000e+00
-3.675 0.675 0.0000e+00
-3.675 0.725 0.0000e+00
-3.675 0.775 0.0000e+00
-3.675 0.825 6.5464e-10
-3.675 0.875 1.3068e-09
-3.675 0.925 2.6088e-09
-3.675 0.975 5.2082e-09
-3.675 1.025 1.0399e-08
-3.675 1.075 2.0763e-08
-3.675 1.125 4.1463e-08
-3.675 1.175 8.2807e-08
-3.675 1.225 1.6539e-07
-3.675 1.275 3.3039e-07
-3.675 1.325 6.6008e-07
-3.675 1.375 1.3190e-06
-3.675 1.425 2.6360e-06
-3.675 1.475 5.2692e-06
-3.675 1.525 1.0535e-05
-3.675 1.575 2.1069e-05
-3.675 1.625 4.2146e-05
-3.675 1.675 8.4334e-05
-3.675 1.725 1.6881e-04
-3.675 1.775 3.3803e-04
-3.675 1.825 6.7715e-04
-3.675 1.875 1.3571e-03
-3.675 1.925 2.7212e-03
-3.675 1.975 5.4594e-03
-3.675 2.025 1.0960e-02
-3.675 2.075 2.2016e-02
-3.675 2.125 4.4257e-02
-3.675 2.175 8.9037e-02
-3.675 2.225 1.7927e-01
-3.675 2.275 3.6129e-01
-3.675 2.325 7.2878e-01
-3.675 2.375 1.4715e+00
-3.675 2.425 2.9741e+00
-3.675 2.475 6.0169e+00
-3.675 2.525 1.2184e+01
-3.675 2.575 2.4694e+01
-3.675 2.625 5.0080e+01
-3.675 2.675 1.0160e+02
-3.675 2.725 2.0614e+02
-3.675 2.775 4.1800e+02
-3.675 2.825 8.4649e+02
-3.675 2.875 1.7103e+03
-3.675 2.925 3.4430e+03
-3.675 2.975 6.8951e+03
-3.675 3.025 1.3710e+04
-3.675 3.075 2.7004e+04
-3.675 3.125 5.2556e+04
-3.675 3.175 1.0081e+05
-3.675 3.225 1.9008e+05
-3.675 3.275 3.5147e+05
-3.675 3.325 6.3597e+05
-3.675 3.375 1.1241e+06
-3.675 3.425 1.9372e+06
-3.675 3.475 3.2489e+06
-3.675 3.525 5.2892e+06
-3.675 3.575 8.3317e+06
-3.675 3.625 1.2648e+07
-3.675 3.675 1.8417e+07
-3.675 3.725 2.5566e+07
-3.675 3.775 3.3487e+07
-3.675 3.825 3.8735e+07
-3.675 3.875 0.0000e+00
-3.675 3.925 0.0000e+00
-3.675 3.975 0.0000e+00
-3.625 -1.975 0.0000e+00
-3.625 -1.925 0.0000e+00
-3.625 -1.875 0.0000e+00
-3.625 -1.825 0.0000e+00
-3.625 -1.775 0.0000e+00
-3.625 -1.725 0.0000e+00
-3.625 -1.675 0.0000e+00
-3.625 -1.625 0.0000e+00
-3.625 -1.575 0.0000e+00
-3.625 -1.525 0.0000e+00
-3.625 -1.475 0.0000e+00
-3.625 -1.425 0.0000e+00
-3.625 -1.375 0.0000e+00
-3.625 -1.325 0.0000e+00
-3.625 -1.275 0.0000e+00
-3.625 -1.225 0.0000e+00
-3.625 -1.175 0.0000e+00
-3.625 -1.125 0.0000e+00
-3.625 -1.075 0.0000e+00
-3.625 -1.025 0.0000e+00
-3.625 -0.975 0.0000e+00
-3.625 -0.925 0.0000e+00
-3.625 -0.875 0.0000e+00
-3.625 -0.825 0.0000e+00
-3.625 -0.775 0.0000e+00
-3.625 -0.725 0.0000e+00
-3.625 -0.675 0.0000e+00
-3.625 -0.625 0.0000e+00
-3.625 -0.575 0.0000e+00
-3.625 -0.525 0.0000e+00
-3.625 -0.475 0.0000e+00
-3.625 -0.425 0.0000e+00
-3.625 -0.375 0.0000e+00
-3.625 -0.325 0.0000e+00
-3.625 -0.275 0.0000e+00
-3.625 -0.225 0.0000e+00
-3.625 -0.175 0.0000e+00
-3.625 -0.125 0.0000e+00
-3.625 -0.075 0.0000e+00
-3.625 -0.025 0.0000e+00
-3.625 0.025 0.0000e+00
-3.625 0.075 0.0000e+00
-3.625 0.125 0.0000e+00
-3.625 0.175 0.0000e+00
-3.625 0.225 0.0000e+00
-3.625 0.275 0.0000e+00
-3.625 0.325 0.0000e+00
-3.625 0.375 0.0000e+00
-3.625 0.425 0.0000e+00
-3.625 0.475 0.0000e+00
-3.625 0.525 0.0000e+00
-3.625 0.575 0.0000e+00
-3.625 0.625 0.0000e+00
-3.625 0.675 0.0000e+00
-3.625 0.725 0.0000e+00
-3.625 0.775 0.0000e+00
-3.625 0.825 8.2414e-10
-3.625 0.875 1.6451e-09
-3.625 0.925 3.2842e-09
-3.625 0.975 6.5568e-09
-3.625 1.025 1.3091e-08
-3.625 1.075 2.6140e-08
-3.625 1.125 5.2199e-08
-3.625 1.175 1.0425e-07
-3.625 1.225 2.0822e-07
-3.625 1.275 4.1594e-07
-3.625 1.325 8.3100e-07
-3.625 1.375 1.6605e-06
-3.625 1.425 3.3186e-06
-3.625 1.475 6.6337e-06
-3.625 1.525 1.3263e-05
-3.625 1.575 2.6525e-05
-3.625 1.625 5.3060e-05
-3.625 1.675 1.0617e-04
-3.625 1.725 2.1253e-04
-3.625 1.775 4.2557e-04
-3.625 1.825 8.5252e-04
-3.625 1.875 1.7086e-03
-3.625 1.925 3.4261e-03
-3.625 1.975 6.8737e-03
-3.625 2.025 1.3799e-02
-3.625 2.075 2.7721e-02
-3.625 2.125 5.5728e-02
-3.625 2.175 1.1212e-01
-3.625 2.225 2.2577e-01
-3.625 2.275 4.5502e-01
-3.625 2.325 9.1794e-01
-3.625 2.375 1.8537e+00
-3.625 2.425 3.7472e+00
-3.625 2.475 7.5825e+00
-3.625 2.525 1.5358e+01
-3.625 2.575 3.1137e+01
-3.625 2.625 6.3171e+01
-3.625 2.675 1.2823e+02
-3.625 2.725 2.6030e+02
-3.625 2.775 5.2819e+02
-3.625 2.825 1.0705e+03
-3.625 2.875 2.1650e+03
-3.625 2.925 4.3631e+03
-3.625 2.975 8.7482e+03
-3.625 3.025 1.7415e+04
-3.625 3.075 3.4340e+04
-3.625 3.125 6.6888e+04
-3.625 3.175 1.2833e+05
-3.625 3.225 2.4177e+05
-3.625 3.275 4.4600e+05
-3.625 3.325 8.0329e+05
-3.625 3.375 1.4089e+06
-3.625 3.425 2.4003e+06
-3.625 3.475 3.9612e+06
-3.625 3.525 6.3132e+06
-3.625 3.575 9.6846e+06
-3.625 3.625 1.4245e+07
-3.625 3.675 2.0005e+07
-3.625 3.725 2.6684e+07
-3.625 3.775 3.3482e+07
-3.625 3.825 3.7016e+07
-3.625 3.875 0.0000e+00
-3.625 3.925 0.0000e+00
-3.625 3.975 0.0000e+00
-3.575 -1.975 0.0000e+00
-3.575 -1.925 0.0000e+00
-3.575 -1.875 0.0000e+00
-3.575 -1.825 0.0000e+00
-3.575 -1.775 0.0000e+00
-3.575 -1.725 0.0000e+00
-3.575 -1.675 0.0000e+00
-3.575 -1.625 0.0000e+00
-3.575 -1.575 0.0000e+00
-3.575 -1.525 0.0000e+00
-3.575 -1.475 0.0000e+00
-3.575 -1.425 0.0000e+00
-3.575 -1.375 0.0000e+00
-3.575 -1.325 0.0000e+00
-3.575 -1.275 0.0000e+00
-3.575 -1.225 0.0000e+00
-3.575 -1.175 0.0000e+00
-3.575 -1.125 0.0000e+00
-3.575 -1.075 0.0000e+00
-3.575 -1.025 0.0000e+00
-3.575 -0.975 0.0000e+00
-3.575 -0.925 0.0000e+00
-3.575 -0.875 0.0000e+00
-3.575 -0.825 0.0000e+00
-3.575 -0.775 0.0000e+00
-3.575 -0.725 0.0000e+00
-3.575 -0.675 0.0000e+00
-3.575 -0.625 0.0000e+00
-3.575 -0.575 0.0000e+00
-3.575 -0.525 0.0000e+00
-3.575 -0.475 0.0000e+00
-3.575 -0.425 0.0000e+00
-3.575 -0.375 0.0000e+00
-3.575 -0.325 0.0000e+00
-3.575 -0.275 0.0000e+00
-3.575 -0.225 0.0000e+00
-3.575 -0.175 0.0000e+00
-3.575 -0.125 0.0000e+00
-3.575 -0.075 0.0000e+00
-3.575 -0.025 0.0000e+00
-3.575 0.025 0.0000e+00
-3.575 0.075 0.0000e+00
-3.575 0.125 0.0000e+00
-3.575 0.175 0.0000e+00
-3.575 0.225 0.0000e+00
-3.575 0.275 0.0000e+00
-3.575 0.325 0.0000e+00
-3.575 0.375 0.0000e+00
-3.575 0.425 0.0000e+00
-3.575 0.475 0.0000e+00
-3.575 0.525 0.0000e+00
-3.575 0.575 0.0000e+00
-3.575 0.625 0.0000e+00
-3.575 0.675 0.0000e+00
-3.575 0.725 0.0000e+00
-3.575 0.775 0.0000e+00
-3.575 0.825 1.0375e-09
-3.575 0.875 2.0711e-09
-3.575 0.925 4.1346e-09
-3.575 0.975 8.2545e-09
-3.575 1.025 1.6481e-08
-3.575 1.075 3.2908e-08
-3.575 1.125 6.5715e-08
-3.575 1.175 1.3124e-07
-3.575 1.225 2.6213e-07
-3.575 1.275 5.2364e-07
-3.575 1.325 1.0462e-06
-3.575 1.375 2.0905e-06
-3.575 1.425 4.1779e-06
-3.575 1.475 8.3514e-06
-3.575 1.525 1.6698e-05
-3.575 1.575 3.3393e-05
-3.575 1.625 6.6800e-05
-3.575 1.675 1.3367e-04
-3.575 1.725 2.6756e-04
-3.575 1.775 5.3578e-04
-3.575 1.825 1.0733e-03
-3.575 1.875 2.1512e-03
-3.575 1.925 4.3136e-03
-3.575 1.975 8.6546e-03
-3.575 2.025 1.7375e-02
-3.575 2.075 3.4905e-02
-3.575 2.125 7.0175e-02
-3.575 2.175 1.4119e-01
-3.575 2.225 2.8434e-01
-3.575 2.275 5.7312e-01
-3.575 2.325 1.1564e+00
-3.575 2.375 2.3355e+00
-3.575 2.425 4.7221e+00
-3.575 2.475 9.5576e+00
-3.575 2.525 1.9365e+01
-3.575 2.575 3.9274e+01
-3.575 2.625 7.9717e+01
-3.575 2.675 1.6190e+02
-3.575 2.725 3.2887e+02
-3.575 2.775 6.6783e+02
-3.575 2.825 1.3547e+03
-3.575 2.875 2.7421e+03
-3.575 2.925 5.5313e+03
-3.575 2.975 1.1099e+04
-3.575 3.025 2.2108e+04
-3.575 3.075 4.3598e+04
-3.575 3.125 8.4862e+04
-3.575 3.175 1.6250e+05
-3.575 3.225 3.0503e+05
-3.575 3.275 5.5930e+05
-3.575 3.325 9.9825e+05
-3.575 3.375 1.7285e+06
-3.575 3.425 2.8943e+06
-3.575 3.475 4.6714e+06
-3.575 3.525 7.2436e+06
-3.575 3.575 1.0755e+07
-3.575 3.625 1.5237e+07
-3.575 3.675 2.0523e+07
-3.575 3.725 2.6162e+07
-3.575 3.775 3.1285e+07
-3.575 3.825 3.2900e+07
-3.575 3.875 0.0000e+00
-3.575 3.925 0.0000e+00
-3.575 3.975 0.0000e+00
-3.525 -1.975 0.0000e+00
-3.525 -1.925 0.0000e+00
-3.525 -1.875 0.0000e+00
-3.525 -1.825 0.0000e+00
-3.525 -1.775 0.0000e+00
-3.525 -1.725 0.0000e+00
-3.525 -1.675 0.0000e+00
-3.525 -1.625 0.0000e+00
-3.525 -1.575 0.0000e+00
-3.525 -1.525 0.0000e+00
-3.525 -1.475 0.0000e+00
-3.525 -1.425 0.0000e+00
-3.525 -1.375 0.0000e+00
-3.525 -1.325 0.0000e+00
-3.525 -1.275 0.0000e+00
-3.525 -1.225 0.0000e+00
-3.525 -1.175 0.0000e+00
-3.525 -1.125 0.0000e+00
-3.525 -1.075 0.0000e+00
-3.525 -1.025 0.0000e+00
-3.525 -0.975 0.0000e+00
-3.525 -0.925 0.0000e+00
-3.525 -0.875 0.0000e+00
-3.525 -0.825 0.0000e+00
-3.525 -0.775 0.0000e+00
-3.525 -0.725 0.0000e+00
-3.525 -0.675 0.0000e+00
-3.525 -0.625 0.0000e+00
-3.525 -0.575 0.0000e+00
-3.525 -0.525 0.0000e+00
-3.525 -0.475 0.0000e+00
-3.525 -0.425 0.0000e+00
-3.525 -0.375 0.0000e+00
-3.525 -0.325 0.0000e+00
-3.525 -0.275 0.0000e+00
-3.525 -0.225 0.0000e+00
-3.525 -0.175 0.0000e+00
-3.525 -0.125 0.0000e+00
-3.525 -0.075 0.0000e+00
-3.525 -0.025 0.0000e+00
-3.525 0.025 0.0000e+00
-3.525 0.075 0.0000e+00
-3.525 0.125 0.0000e+00
-3.525 0.175 0.0000e+00
-3.525 0.225 0.0000e+00
-3.525 0.275 0.0000e+00
-3.525 0.325 0.0000e+00
-3.525 0.375 0.0000e+00
-3.525 0.425 0.0000e+00
-3.525 0.475 0.0000e+00
-3.525 0.525 0.0000e+00
-3.525 0.575 0.0000e+00
-3.525 0.625 0.0000e+00
-3.525 0.675 0.0000e+00
-3.525 0.725 0.0000e+00
-3.525 0.775 0.0000e+00
-3.525 0.825 1.3062e-09
-3.525 0.875 2.6074e-09
-3.525 0.925 5.2052e-09
-3.525 0.975 1.0392e-08
-3.525 1.025 2.0748e-08
-3.525 1.075 4.1429e-08
-3.525 1.125 8.2730e-08
-3.525 1.175 1.6522e-07
-3.525 1.225 3.3001e-07
-3.525 1.275 6.5923e-07
-3.525 1.325 1.3171e-06
-3.525 1.375 2.6318e-06
-3.525 1.425 5.2597e-06
-3.525 1.475 1.0514e-05
-3.525 1.525 2.1021e-05
-3.525 1.575 4.2040e-05
-3.525 1.625 8.4099e-05
-3.525 1.675 1.6829e-04
-3.525 1.725 3.3686e-04
-3.525 1.775 6.7456e-04
-3.525 1.825 1.3513e-03
-3.525 1.875 2.7084e-03
-3.525 1.925 5.4312e-03
-3.525 1.975 1.0897e-02
-3.525 2.025 2.1878e-02
-3.525 2.075 4.3954e-02
-3.525 2.125 8.8373e-02
-3.525 2.175 1.7782e-01
-3.525 2.225 3.5814e-01
-3.525 2.275 7.2197e-01
-3.525 2.325 1.4569e+00
-3.525 2.375 2.9431e+00
-3.525 2.425 5.9520e+00
-3.525 2.475 1.2051e+01
-3.525 2.525 2.4425e+01
-3.525 2.575 4.9558e+01
-3.525 2.625 1.0064e+02
-3.525 2.675 2.0452e+02
-3.525 2.725 4.1574e+02
-3.525 2.775 8.4485e+02
-3.525 2.825 1.7150e+03
-3.525 2.875 3.4740e+03
-3.525 2.925 7.0112e+03
-3.525 2.975 1.4071e+04
-3.525 3.025 2.8013e+04
-3.525 3.075 5.5158e+04
-3.525 3.125 1.0704e+05
-3.525 3.175 2.0396e+05
-3.525 3.225 3.7998e+05
-3.525 3.275 6.8927e+05
-3.525 3.325 1.2124e+06
-3.525 3.375 2.0598e+06
-3.525 3.425 3.3675e+06
-3.525 3.475 5.2793e+06
-3.525 3.525 7.9104e+06
-3.525 3.575 1.1293e+07
-3.525 3.625 1.5313e+07
-3.525 3.675 1.9667e+07
-3.525 3.725 2.3834e+07
-3.525 3.775 2.7044e+07
-3.525 3.825 2.6963e+07
-3.525 3.875 0.0000e+00
-3.525 3.925 0.0000e+00
-3.525 3.975 0.0000e+00
-3.475 -1.975 0.0000e+00
-3.475 -1.925 0.0000e+00
-3.475 -1.875 0.0000e+00
-3.475 -1.825 0.0000e+00
-3.475 -1.775 0.0000e+00
-3.475 -1.725 0.0000e+00
-3.475 -1.675 0.0000e+00
-3.475 -1.625 0.0000e+00
-3.475 -1.575 0.0000e+00
-3.475 -1.525 0.0000e+00
-3.475 -1.475 0.0000e+00
-3.475 -1.425 0.0000e+00
-3.475 -1.375 0.0000e+00
-3.475 -1.325 0.0000e+00
-3.475 -1.275 0.0000e+00
-3.475 -1.225 0.0000e+00
-3.475 -1.175 0.0000e+00
-3.475 -1.125 0.0000e+00
-3.475 -1.075 0.0000e+00
-3.475 -1.025 0.0000e+00
-3.475 -0.975 0.0000e+00
-3.475 -0.925 0.0000e+00
-3.475 -0.875 0.0000e+00
-3.475 -0.825 0.0000e+00
-3.475 -0.775 0.0000e+00
-3.475 -0.725 0.0000e+00
-3.475 -0.675 0.0000e+00
-3.475 -0.625 0.0000e+00
-3.475 -0.575 0.0000e+00
-3.475 -0.525 0.0000e+00
-3.475 -0.475 0.0000e+00
-3.475 -0.425 0.0000e+00
-3.475 -0.375 0.0000e+00
-3.475 -0.325 0.0000e+00
-3.475 -0.275 0.0000e+00
-3.475 -0.225 0.0000e+00
-3.475 -0.175 0.0000e+00
-3.475 -0.125 0.0000e+00
-3.475 -0.075 0.0000e+00
-3.475 -0.025 0.0000e+00
-3.475 0.025 0.0000e+00
-3.475 0.075 0.0000e+00
-3.475 0.125 0.0000e+00
-3.475 0.175 0.0000e+00
-3.475 0.225 0.0000e+00
-3.475 0.275 0.0000e+00
-3.475 0.325 0.0000e+00
-3.475 0.375 0.0000e+00
-3.475 0.425 0.0000e+00
-3.475 0.475 0.0000e+00
-3.475 0.525 0.0000e+00
-3.475 0.575 0.0000e+00
-3.475 0.625 0.0000e+00
-3.475 0.675 0.0000e+00
-3.475 0.725 0.0000e+00
-3.475 0.775 0.0000e+00
-3.475 0.825 1.6444e-09
-3.475 0.875 3.2825e-09
-3.475 0.925 6.5529e-09
-3.475 0.975 1.3083e-08
-3.475 1.025 2.6120e-08
-3.475 1.075 5.2156e-08
-3.475 1.125 1.0415e-07
-3.475 1.175 2.0800e-07
-3.475 1.225 4.1546e-07
-3.475 1.275 8.2993e-07
-3.475 1.325 1.6581e-06
-3.475 1.375 3.3132e-06
-3.475 1.425 6.6217e-06
-3.475 1.475 1.3237e-05
-3.475 1.525 2.6465e-05
-3.475 1.575 5.2927e-05
-3.475 1.625 1.0588e-04
-3.475 1.675 2.1187e-04
-3.475 1.725 4.2411e-04
-3.475 1.775 8.4928e-04
-3.475 1.825 1.7014e-03
-3.475 1.875 3.4102e-03
-3.475 1.925 6.8385e-03
-3.475 1.975 1.3722e-02
-3.475 2.025 2.7550e-02
-3.475 2.075 5.5353e-02
-3.475 2.125 1.1130e-01
-3.475 2.175 2.2398e-01
-3.475 2.225 4.5115e-01
-3.475 2.275 9.0962e-01
-3.475 2.325 1.8359e+00
-3.475 2.375 3.7097e+00
-3.475 2.425 7.5044e+00
-3.475 2.475 1.5199e+01
-3.475 2.525 3.0819e+01
-3.475 2.575 6.2563e+01
-3.475 2.625 1.2713e+02
-3.475 2.675 2.5850e+02
-3.475 2.725 5.2581e+02
-3.475 2.775 1.0692e+03
-3.475 2.825 2.1717e+03
-3.475 2.875 4.4001e+03
-3.475 2.925 8.8783e+03
-3.475 2.975 1.7800e+04
-3.475 3.025 3.5359e+04
-3.475 3.075 6.9352e+04
-3.475 3.125 1.3377e+05
-3.475 3.175 2.5259e+05
-3.475 3.225 4.6475e+05
-3.475 3.275 8.2922e+05
-3.475 3.325 1.4281e+06
-3.475 3.375 2.3639e+06
-3.475 3.425 3.7459e+06
-3.475 3.475 5.6624e+06
-3.475 3.525 8.1399e+06
-3.475 3.575 1.1098e+07
-3.475 3.625 1.4317e+07
-3.475 3.675 1.7443e+07
-3.475 3.725 2.0017e+07
-3.475 3.775 2.1497e+07
-3.475 3.825 2.0306e+07
-3.475 3.875 0.0000e+00
-3.475 3.925 0.0000e+00
-3.475 3.975 0.0000e+00
-3.425 -1.975 0.0000e+00
-3.425 -1.925 0.0000e+00
-3.425 -1.875 0.0000e+00
-3.425 -1.825 0.0000e+00
-3.425 -1.775 0.0000e+00
-3.425 -1.725 0.0000e+00
-3.425 -1.675 0.0000e+00
-3.425 -1.625 0.0000e+00
-3.425 -1.575 0.0000e+00
-3.425 -1.525 0.0000e+00
-3.425 -1.475 0.0000e+00
-3.425 -1.425 0.0000e+00
-3.425 -1.375 0.0000e+00
-3.425 -1.325 0.0000e+00
-3.425 -1.275 0.0000e+00
-3.425 -1.225 0.0000e+00
-3.425 -1.175 0.0000e+00
-3.425 -1.125 0.0000e+00
-3.425 -1.075 0.0000e+00
-3.425 -1.025 0.0000e+00
-3.425 -0.975 0.0000e+00
-3.425 -0.925 0.0000e+00
-3.425 -0.875 0.0000e+00
-3.425 -0.825 0.0000e+00
-3.425 -0.775 0.0000e+00
-3.425 -0.725 0.0000e+00
-3.425 -0.675 0.0000e+00
-3.425 -0.625 0.0000e+00
-3.425 -0.575 0.0000e+00
-3.425 -0.525 0.0000e+00
-3.425 -0.475 0.0000e+00
-3.425 -0.425 0.0000e+00
-3.425 -0.375 0.0000e+00
-3.425 -0.325 0.0000e+00
-3.425 -0.275 0.0000e+00
-3.425 -0.225 0.0000e+00
-3.425 -0.175 0.0000e+00
-3.425 -0.125 0.0000e+00
-3.425 -0.075 0.0000e+00
-3.425 -0.025 0.0000e+00
-3.425 0.025 0.0000e+00
-3.425 0.075 0.0000e+00
-3.425 0.125 0.0000e+00
-3.425 0.175 0.0000e+00
-3.425 0.225 0.0000e+00
-3.425 0.275 0.0000e+00
-3.425 0.325 0.0000e+00
-3.425 0.375 0.0000e+00
-3.425 0.425 0.0000e+00
-3.425 0.475 0.0000e+00
-3.425 0.525 0.0000e+00
-3.425 0.575 0.0000e+00
-3.425 0.625 0.0000e+00
-3.425 0.675 0.0000e+00
-3.425 0.725 0.0000e+00
-3.425 0.775 0.0000e+00
-3.425 0.825 2.0702e-09
-3.425 0.875 4.1324e-09
-3.425 0.925 8.2497e-09
-3.425 0.975 1.6470e-08
-3.425 1.025 3.2884e-08
-3.425 1.075 6.5661e-08
-3.425 1.125 1.3112e-07
-3.425 1.175 2.6186e-07
-3.425 1.225 5.2304e-07
-3.425 1.275 1.0448e-06
-3.425 1.325 2.0875e-06
-3.425 1.375 4.1712e-06
-3.425 1.425 8.3364e-06
-3.425 1.475 1.6664e-05
-3.425 1.525 3.3319e-05
-3.425 1.575 6.6634e-05
-3.425 1.625 1.3330e-04
-3.425 1.675 2.6674e-04
-3.425 1.725 5.3396e-04
-3.425 1.775 1.0693e-03
-3.425 1.825 2.1422e-03
-3.425 1.875 4.2938e-03
-3.425 1.925 8.6109e-03
-3.425 1.975 1.7279e-02
-3.425 2.025 3.4694e-02
-3.425 2.075 6.9712e-02
-3.425 2.125 1.4019e-01
-3.425 2.175 2.8215e-01
-3.425 2.225 5.6840e-01
-3.425 2.275 1.1462e+00
-3.425 2.325 2.3141e+00
-3.425 2.375 4.6771e+00
-3.425 2.425 9.4648e+00
-3.425 2.475 1.9177e+01
-3.425 2.525 3.8905e+01
-3.425 2.575 7.9020e+01
-3.425 2.625 1.6066e+02
-3.425 2.675 3.2689e+02
-3.425 2.725 6.6529e+02
-3.425 2.775 1.3534e+03
-3.425 2.825 2.7490e+03
-3.425 2.875 5.5671e+03
-3.425 2.925 1.1217e+04
-3.425 2.975 2.2427e+04
-3.425 3.025 4.4343e+04
-3.425 3.075 8.6352e+04
-3.425 3.125 1.6485e+05
-3.425 3.175 3.0693e+05
-3.425 3.225 5.5441e+05
-3.425 3.275 9.6646e+05
-3.425 3.325 1.6179e+06
-3.425 3.375 2.5894e+06
-3.425 3.425 3.9468e+06
-3.425 3.475 5.7100e+06
-3.425 3.525 7.8210e+06
-3.425 3.575 1.0122e+07
-3.425 3.625 1.2364e+07
-3.425 3.675 1.4240e+07
-3.425 3.725 1.5450e+07
-3.425 3.775 1.5710e+07
-3.425 3.825 1.4092e+07
-3.425 3.875 0.0000e+00
-3.425 3.925 0.0000e+00
-3.425 3.975 0.0000e+00
-3.375 -1.975 0.0000e+00
-3.375 -1.925 0.0000e+00
-3.375 -1.875 0.0000e+00
-3.375 -1.825 0.0000e+00
-3.375 -1.775 0.0000e+00
-3.375 -1.725 0.0000e+00
-3.375 -1.675 0.0000e+00
-3.375 -1.625 0.0000e+00
-3.375 -1.575 0.0000e+00
-3.375 -1.525 0.0000e+00
-3.375 -1.475 0.0000e+00
-3.375 -1.425 0.0000e+00
-3.375 -1.375 0.0000e+00
-3.375 -1.325 0.0000e+00
-3.375 -1.275 0.0000e+00
-3.375 -1.225 0.0000e+00
-3.375 -1.175 0.0000e+00
-3.375 -1.125 0.0000e+00
-3.375 -1.075 0.0000e+00
-3.375 -1.025 0.0000e+00
-3.375 -0.975 0.0000e+00
-3.375 -0.925 0.0000e+00
-3.375 -0.875 0.0000e+00
-3.375 -0.825 0.0000e+00
-3.375 -0.775 0.0000e+00
-3.375 -0.725 0.0000e+00
-3.375 -0.675 0.0000e+00
-3.375 -0.625 0.0000e+00
-3.375 -0.575 0.0000e+00
-3.375 -0.525 0.0000e+00
-3.375 -0.475 0.0000e+00
-3.375 -0.425 0.0000e+00
-3.375 -0.375 0.0000e+00
-3.375 -0.325 0.0000e+00
-3.375 -0.275 0.0000e+00
-3.375 -0.225 0.0000e+00
-3.375 -0.175 0.0000e+00
-3.375 -0.125 0.0000e+00
-3.375 -0.075 0.0000e+00
-3.375 -0.025 0.0000e+00
-3.375 0.025 0.0000e+00
-3.375 0.075 0.0000e+00
-3.375 0.125 0.0000e+00
-3.375 0.175 0.0000e+00
-3.375 0.225 0.0000e+00
-3.375 0.275 0.0000e+00
-3.375 0.325 0.0000e+00
-3.375 0.375 0.0000e+00
-3.375 0.425 0.0000e+00
-3.375 0.475 0.0000e+00
-3.375 0.525 0.0000e+00
-3.375 0.575 0.0000e+00
-3.375 0.625 0.0000e+00
-3.375 0.675 0.0000e+00
-3.375 0.725 0.0000e+00
-3.375 0.775 0.0000e+00
-3.375 0.825 2.6062e-09
-3.375 0.875 5.2024e-09
-3.375 0.925 1.0386e-08
-3.375 0.975 2.0735e-08
-3.375 1.025 4.1398e-08
-3.375 1.075 8.2662e-08
-3.375 1.125 1.6507e-07
-3.375 1.175 3.2967e-07
-3.375 1.225 6.5847e-07
-3.375 1.275 1.3154e-06
-3.375 1.325 2.6280e-06
-3.375 1.375 5.2513e-06
-3.375 1.425 1.0495e-05
-3.375 1.475 2.0980e-05
-3.375 1.525 4.1947e-05
-3.375 1.575 8.3892e-05
-3.375 1.625 1.6783e-04
-3.375 1.675 3.3584e-04
-3.375 1.725 6.7229e-04
-3.375 1.775 1.3463e-03
-3.375 1.825 2.6973e-03
-3.375 1.875 5.4067e-03
-3.375 1.925 1.0843e-02
-3.375 1.975 2.1759e-02
-3.375 2.025 4.3694e-02
-3.375 2.075 8.7806e-02
-3.375 2.125 1.7659e-01
-3.375 2.175 3.5548e-01
-3.375 2.225 7.1627e-01
-3.375 2.275 1.4448e+00
-3.375 2.325 2.9175e+00
-3.375 2.375 5.8989e+00
-3.375 2.425 1.1942e+01
-3.375 2.475 2.4208e+01
-3.375 2.525 4.9136e+01
-3.375 2.575 9.9854e+01
-3.375 2.625 2.0313e+02
-3.375 2.675 4.1351e+02
-3.375 2.725 8.4183e+02
-3.375 2.775 1.7124e+03
-3.375 2.825 3.4757e+03
-3.375 2.875 7.0266e+03
-3.375 2.925 1.4112e+04
-3.375 2.975 2.8067e+04
-3.375 3.025 5.5052e+04
-3.375 3.075 1.0599e+05
-3.375 3.125 1.9922e+05
-3.375 3.175 3.6352e+05
-3.375 3.225 6.4023e+05
-3.375 3.275 1.0824e+06
-3.375 3.325 1.7477e+06
-3.375 3.375 2.6836e+06
-3.375 3.425 3.9050e+06
-3.375 3.475 5.3704e+06
-3.375 3.525 6.9683e+06
-3.375 3.575 8.5238e+06
-3.375 3.625 9.8305e+06
-3.375 3.675 1.0697e+07
-3.375 3.725 1.0987e+07
-3.375 3.775 1.0614e+07
-3.375 3.825 9.0886e+06
-3.375 3.875 0.0000e+00
-3.375 3.925 0.0000e+00
-3.375 3.975 0.0000e+00
-3.325 -1.975 0.0000e+00
-3.325 -1.925 0.0000e+00
-3.325 -1.875 0.0000e+00
-3.325 -1.825 0.0000e+00
-3.325 -1.775 0.0000e+00
-3.325 -1.725 0.0000e+00
-3.325 -1.675 0.0000e+00
-3.325 -1.625 0.0000e+00
-3.325 -1.575 0.0000e+00
-3.325 -1.525 0.0000e+00
-3.325 -1.475 0.0000e+00
-3.325 -1.425 0.0000e+00
-3.325 -1.375 0.0000e+00
-3.325 -1.325 0.0000e+00
-3.325 -1.275 0.0000e+00
-3.325 -1.225 0.0000e+00
-3.325 -1.175 0.0000e+00
-3.325 -1.125 0.0000e+00
-3.325 -1.075 0.0000e+00
-3.325 -1.025 0.0000e+00
-3.325 -0.975 0.0000e+00
-3.325 -0.925 0.0000e+00
-3.325 -0.875 0.0000e+00
-3.325 -0.825 0.0000e+00
-3.325 -0.775 0.0000e+00
-3.325 -0.725 0.0000e+00
-3.325 -0.675 0.0000e+00
-3.325 -0.625 0.0000e+00
-3.325 -0.575 0.0000e+00
-3.325 -0.525 0.0000e+00
-3.325 -0.475 0.0000e+00
-3.325 -0.425 0.0000e+00
-3.325 -0.375 0.0000e+00
-3.325 -0.325 0.0000e+00
-3.325 -0.275 0.0000e+00
-3.325 -0.225 0.0000e+00
-3.325 -0.175 0.0000e+00
-3.325 -0.125 0.0000e+00
-3.325 -0.075 0.0000e+00
-3.325 -0.025 0.0000e+00
-3.325 0.025 0.0000e+00
-3.325 0.075 0.0000e+00
-3.325 0.125 0.0000e+00
-3.325 0.175 0.0000e+00
-3.325 0.225 0.0000e+00
-3.325 0.275 0.0000e+00
-3.325 0.325 0.0000e+00
-3.325 0.375 0.0000e+00
-3.325 0.425 0.0000e+00
-3.325 0.475 0.0000e+00
-3.325 0.525 0.0000e+00
-3.325 0.575 0.0000e+00
-3.325 0.625 0.0000e+00
-3.325 0.675 0.0000e+00
-3.325 0.725 0.0000e+00
-3.325 0.775 0.0000e+00
-3.325 0.825 3.2810e-09
-3.325 0.875 6.5495e-09
-3.325 0.925 1.3075e-08
-3.325 0.975 2.6103e-08
-3.325 1.025 5.2118e-08
-3.325 1.075 1.0407e-07
-3.325 1.125 2.0781e-07
-3.325 1.175 4.1503e-07
-3.325 1.225 8.2898e-07
-3.325 1.275 1.6560e-06
-3.325 1.325 3.3085e-06
-3.325 1.375 6.6112e-06
-3.325 1.425 1.3213e-05
-3.325 1.475 2.6413e-05
-3.325 1.525 5.2811e-05
-3.325 1.575 1.0562e-04
-3.325 1.625 2.1130e-04
-3.325 1.675 4.2284e-04
-3.325 1.725 8.4647e-04
-3.325 1.775 1.6952e-03
-3.325 1.825 3.3964e-03
-3.325 1.875 6.8083e-03
-3.325 1.925 1.3655e-02
-3.325 1.975 2.7404e-02
-3.325 2.025 5.5035e-02
-3.325 2.075 1.1061e-01
-3.325 2.125 2.2249e-01
-3.325 2.175 4.4795e-01
-3.325 2.225 9.0279e-01
-3.325 2.275 1.8215e+00
-3.325 2.325 3.6796e+00
-3.325 2.375 7.4425e+00
-3.325 2.425 1.5074e+01
-3.325 2.475 3.0572e+01
-3.325 2.525 6.2086e+01
-3.325 2.575 1.2624e+02
-3.325 2.625 2.5692e+02
-3.325 2.675 5.2311e+02
-3.325 2.725 1.0647e+03
-3.325 2.775 2.1639e+03
-3.325 2.825 4.3836e+03
-3.325 2.875 8.8305e+03
-3.325 2.925 1.7633e+04
-3.325 2.975 3.4767e+04
-3.325 3.025 6.7358e+04
-3.325 3.075 1.2753e+05
-3.325 3.125 2.3458e+05
-3.325 3.175 4.1659e+05
-3.325 3.225 7.1004e+05
-3.325 3.275 1.1551e+06
-3.325 3.325 1.7852e+06
-3.325 3.375 2.6108e+06
-3.325 3.425 3.6032e+06
-3.325 3.475 4.6853e+06
-3.325 3.525 5.7372e+06
-3.325 3.575 6.6201e+06
-3.325 3.625 7.2104e+06
-3.325 3.675 7.4293e+06
-3.325 3.725 7.2547e+06
-3.325 3.775 6.6970e+06
-3.325 3.825 5.5110e+06
-3.325 3.875 0.0000e+00
-3.325 3.925 0.0000e+00
-3.325 3.975 0.0000e+00
-3.275 -1.975 0.0000e+00
-3.275 -1.925 0.0000e+00
-3.275 -1.875 0.0000e+00
-3.275 -1.825 0.0000e+00
-3.275 -1.775 0.0000e+00
-3.275 -1.725 0.0000e+00
-3.275 -1.675 0.0000e+00
-3.275 -1.625 0.0000e+00
-3.275 -1.575 0.0000e+00
-3.275 -1.525 0.0000e+00
-3.275 -1.475 0.0000e+00
-3.275 -1.425 0.0000e+00
-3.275 -1.375 0.0000e+00
-3.275 -1.325 0.0000e+00
-3.275 -1.275 0.0000e+00
-3.275 -1.225 0.0000e+00
-3.275 -1.175 0.0000e+00
-3.275 -1.125 0.0000e+00
-3.275 -1.075 0.0000e+00
-3.275 -1.025 0.0000e+00
-3.275 -0.975 0.0000e+00
-3.275 -0.925 0.0000e+00
-3.275 -0.875 0.0000e+00
-3.275 -0.825 0.0000e+00
-3.275 -0.775 0.0000e+00
-3.275 -0.725 0.0000e+00
-3.275 -0.675 0.0000e+00
-3.275 -0.625 0.0000e+00
-3.275 -0.575 0.0000e+00
-3.275 -0.525 0.0000e+00
-3.275 -0.475 0.0000e+00
-3.275 -0.425 0.0000e+00
-3.275 -0.375 0.0000e+00
-3.275 -0.325 0.0000e+00
-3.275 -0.275 0.0000e+00
-3.275 -0.225 0.0000e+00
-3.275 -0.175 0.0000e+00
-3.275 -0.125 0.0000e+00
-3.275 -0.075 0.0000e+00
-3.275 -0.025 0.0000e+00
-3.275 0.025 0.0000e+00
-3.275 0.075 0.0000e+00
-3.275 0.125 0.0000e+00
-3.275 0.175 0.0000e+00
-3.275 0.225 0.0000e+00
-3.275 0.275 0.0000e+00
-3.275 0.325 0.0000e+00
-3.275 0.375 0.0000e+00
-3.275 0.425 0.0000e+00
-3.275 0.475 0.0000e+00
-3.275 0.525 0.0000e+00
-3.275 0.575 0.0000e+00
-3.275 0.625 0.0000e+00
-3.275 0.675 0.0000e+00
-3.275 0.725 0.0000e+00
-3.275 0.775 0.0000e+00
-3.275 0.825 4.1305e-09
-3.275 0.875 8.2454e-09
-3.275 0.925 1.6460e-08
-3.275 0.975 3.2862e-08
-3.275 1.025 6.5613e-08
-3.275 1.075 1.3101e-07
-3.275 1.125 2.6163e-07
-3.275 1.175 5.2250e-07
-3.275 1.225 1.0436e-06
-3.275 1.275 2.0848e-06
-3.275 1.325 4.1653e-06
-3.275 1.375 8.3232e-06
-3.275 1.425 1.6635e-05
-3.275 1.475 3.3254e-05
-3.275 1.525 6.6490e-05
-3.275 1.575 1.3298e-04
-3.275 1.625 2.6603e-04
-3.275 1.675 5.3239e-04
-3.275 1.725 1.0658e-03
-3.275 1.775 2.1345e-03
-3.275 1.825 4.2769e-03
-3.275 1.875 8.5738e-03
-3.275 1.925 1.7197e-02
-3.275 1.975 3.4517e-02
-3.275 2.025 6.9328e-02
-3.275 2.075 1.3936e-01
-3.275 2.125 2.8036e-01
-3.275 2.175 5.6460e-01
-3.275 2.225 1.1382e+00
-3.275 2.275 2.2973e+00
-3.275 2.325 4.6424e+00
-3.275 2.375 9.3941e+00
-3.275 2.425 1.9036e+01
-3.275 2.475 3.8627e+01
-3.275 2.525 7.8484e+01
-3.275 2.575 1.5964e+02
-3.275 2.625 3.2495e+02
-3.275 2.675 6.6145e+02
-3.275 2.725 1.3450e+03
-3.275 2.775 2.7275e+03
-3.275 2.825 5.5043e+03
-3.275 2.875 1.1020e+04
-3.275 2.925 2.1805e+04
-3.275 2.975 4.2435e+04
-3.275 3.025 8.0776e+04
-3.275 3.075 1.4948e+05
-3.275 3.125 2.6717e+05
-3.275 3.175 4.5835e+05
-3.275 3.225 7.5023e+05
-3.275 3.275 1.1656e+06
-3.275 3.325 1.7120e+06
-3.275 3.375 2.3701e+06
-3.275 3.425 3.0875e+06
-3.275 3.475 3.7841e+06
-3.275 3.525 4.3679e+06
-3.275 3.575 4.7591e+06
-3.275 3.625 4.9100e+06
-3.275 3.675 4.8135e+06
-3.275 3.725 4.4963e+06
-3.275 3.775 3.9939e+06
-3.275 3.825 3.1815e+06
-3.275 3.875 0.0000e+00
-3.275 3.925 0.0000e+00
-3.275 3.975 0.0000e+00
-3.225 -1.975 0.0000e+00
-3.225 -1.925 0.0000e+00
-3.225 -1.875 0.0000e+00
-3.225 -1.825 0.0000e+00
-3.225 -1.775 0.0000e+00
-3.225 -1.725 0.0000e+00
-3.225 -1.675 0.0000e+00
-3.225 -1.625 0.0000e+00
-3.225 -1.575 0.0000e+00
-3.225 -1.525 0.0000e+00
-3.225 -1.475 0.0000e+00
-3.225 -1.425 0.0000e+00
-3.225 -1.375 0.0000e+00
-3.225 -1.325 0.0000e+00
-3.225 -1.275 0.0000e+00
-3.225 -1.225 0.0000e+00
-3.225 -1.175 0.0000e+00
-3.225 -1.125 0.0000e+00
-3.225 -1.075 0.0000e+00
-3.225 -1.025 0.0000e+00
-3.225 -0.975 0.0000e+00
-3.225 -0.925 0.0000e+00
-3.225 -0.875 0.0000e+00
-3.225 -0.825 0.0000e+00
-3.225 -0.775 0.0000e+00
-3.225 -0.725 0.0000e+00
-3.225 -0.675 0.0000e+00
-3.225 -0.625 0.0000e+00
-3.225 -0.575 0.0000e+00
-3.225 -0.525 0.0000e+00
-3.225 -0.475 0.0000e+00
-3.225 -0.425 0.0000e+00
-3.225 -0.375 0.0000e+00
-3.225 -0.325 0.0000e+00
-3.225 -0.275 0.0000e+00
-3.225 -0.225 0.0000e+00
-3.225 -0.175 0.0000e+00
-3.225 -0.125 0.0000e+00
-3.225 -0.075 0.0000e+00
-3.225 -0.025 0.0000e+00
-3.225 0.025 0.0000e+00
-3.225 0.075 0.0000e+00
-3.225 0.125 0.0000e+00
-3.225 0.175 0.0000e+00
-3.225 0.225 0.0000e+00
-3.225 0.275 0.0000e+00
-3.225 0.325 0.0000e+00
-3.225 0.375 0.0000e+00
-3.225 0.425 0.0000e+00
-3.225 0.475 0.0000e+00
-3.225 0.525 0.0000e+00
-3.225 0.575 0.0000e+00
-3.225 0.625 0.0000e+00
-3.225 0.675 0.0000e+00
-3.225 0.725 0.0000e+00
-3.225 0.775 0.0000e+00
-3.225 0.825 5.2000e-09
-3.225 0.875 1.0380e-08
-3.225 0.925 2.0723e-08
-3.225 0.975 4.1372e-08
-3.225 1.025 8.2602e-08
-3.225 1.075 1.6494e-07
-3.225 1.125 3.2937e-07
-3.225 1.175 6.5780e-07
-3.225 1.225 1.3139e-06
-3.225 1.275 2.6247e-06
-3.225 1.325 5.2439e-06
-3.225 1.375 1.0479e-05
-3.225 1.425 2.0943e-05
-3.225 1.475 4.1866e-05
-3.225 1.525 8.3712e-05
-3.225 1.575 1.6743e-04
-3.225 1.625 3.3496e-04
-3.225 1.675 6.7034e-04
-3.225 1.725 1.3420e-03
-3.225 1.775 2.6879e-03
-3.225 1.825 5.3860e-03
-3.225 1.875 1.0798e-02
-3.225 1.925 2.1661e-02
-3.225 1.975 4.3481e-02
-3.225 2.025 8.7345e-02
-3.225 2.075 1.7560e-01
-3.225 2.125 3.5337e-01
-3.225 2.175 7.1182e-01
-3.225 2.225 1.4355e+00
-3.225 2.275 2.8983e+00
-3.225 2.325 5.8596e+00
-3.225 2.375 1.1863e+01
-3.225 2.425 2.4051e+01
-3.225 2.475 4.8826e+01
-3.225 2.525 9.9242e+01
-3.225 2.575 2.0189e+02
-3.225 2.625 4.1080e+02
-3.225 2.675 8.3527e+02
-3.225 2.725 1.6945e+03
-3.225 2.775 3.4227e+03
-3.225 2.825 6.8631e+03
-3.225 2.875 1.3610e+04
-3.225 2.925 2.6566e+04
-3.225 2.975 5.0758e+04
-3.225 3.025 9.4339e+04
-3.225 3.075 1.6944e+05
-3.225 3.125 2.9213e+05
-3.225 3.175 4.8046e+05
-3.225 3.225 7.4971e+05
-3.225 3.275 1.1050e+06
-3.225 3.325 1.5337e+06
-3.225 3.375 2.0012e+06
-3.225 3.425 2.4548e+06
-3.225 3.475 2.8346e+06
-3.225 3.525 3.0895e+06
-3.225 3.575 3.1900e+06
-3.225 3.625 3.1338e+06
-3.225 3.675 2.9418e+06
-3.225 3.725 2.6471e+06
-3.225 3.775 2.2785e+06
-3.225 3.825 1.7689e+06
-3.225 3.875 0.0000e+00
-3.225 3.925 0.0000e+00
-3.225 3.975 0.0000e+00
-3.175 -1.975 0.0000e+00
-3.175 -1.925 0.0000e+00
-3.175 -1.875 0.0000e+00
-3.175 -1.825 0.0000e+00
-3.175 -1.775 0.0000e+00
-3.175 -1.725 0.0000e+00
-3.175 -1.675 0.0000e+00
-3.175 -1.625 0.0000e+00
-3.175 -1.575 0.0000e+00
-3.175 -1.525 0.0000e+00
-3.175 -1.475 0.0000e+00
-3.175 -1.425 0.0000e+00
-3.175 -1.375 0.0000e+00
-3.175 -1.325 0.0000e+00
-3.175 -1.275 0.0000e+00
-3.175 -1.225 0.0000e+00
-3.175 -1.175 0.0000e+00
-3.175 -1.125 0.0000e+00
-3.175 -1.075 0.0000e+00
-3.175 -1.025 0.0000e+00
-3.175 -0.975 0.0000e+00
-3.175 -0.925 0.0000e+00
-3.175 -0.875 0.0000e+00
-3.175 -0.825 0.0000e+00
-3.175 -0.775 0.0000e+00
-3.175 -0.725 0.0000e+00
-3.175 -0.675 0.0000e+00
-3.175 -0.625 0.0000e+00
-3.175 -0.575 0.0000e+00
-3.175 -0.525 0.0000e+00
-3.175 -0.475 0.0000e+00
-3.175 -0.425 0.0000e+00
-3.175 -0.375 0.0000e+00
-3.175 -0.325 0.0000e+00
-3.175 -0.275 0.0000e+00
-3.175 -0.225 0.0000e+00
-3.175 -0.175 0.0000e+00
-3.175 -0.125 0.0000e+00
-3.175 -0.075 0.0000e+00
-3.175 -0.025 0.0000e+00
-3.175 0.025 0.0000e+00
-3.175 0.075 0.0000e+00
-3.175 0.125 0.0000e+00
-3.175 0.175 0.0000e+00
-3.175 0.225 0.0000e+00
-3.175 0.275 0.0000e+00
-3.175 0.325 0.0000e+00
-3.175 0.375 0.0000e+00
-3.175 0.425 0.0000e+00
-3.175 0.475 0.0000e+00
-3.175 0.525 0.0000e+00
-3.175 0.575 0.0000e+00
-3.175 0.625 0.0000e+00
-3.175 0.675 0.0000e+00
-3.175 0.725 0.0000e+00
-3.175 0.775 0.0000e+00
-3.175 0.825 6.5465e-09
-3.175 0.875 1.3068e-08
-3.175 0.925 2.6088e-08
-3.175 0.975 5.2084e-08
-3.175 1.025 1.0399e-07
-3.175 1.075 2.0765e-07
-3.175 1.125 4.1466e-07
-3.175 1.175 8.2814e-07
-3.175 1.225 1.6541e-06
-3.175 1.275 3.3044e-06
-3.175 1.325 6.6020e-06
-3.175 1.375 1.3193e-05
-3.175 1.425 2.6368e-05
-3.175 1.475 5.2711e-05
-3.175 1.525 1.0540e-04
-3.175 1.575 2.1080e-04
-3.175 1.625 4.2175e-04
-3.175 1.675 8.4408e-04
-3.175 1.725 1.6899e-03
-3.175 1.775 3.3849e-03
-3.175 1.825 6.7832e-03
-3.175 1.875 1.3601e-02
-3.175 1.925 2.7286e-02
-3.175 1.975 5.4781e-02
-3.175 2.025 1.1006e-01
-3.175 2.075 2.2133e-01
-3.175 2.125 4.4551e-01
-3.175 2.175 8.9771e-01
-3.175 2.225 1.8110e+00
-3.175 2.275 3.6582e+00
-3.175 2.325 7.3993e+00
-3.175 2.375 1.4987e+01
-3.175 2.425 3.0399e+01
-3.175 2.475 6.1735e+01
-3.175 2.525 1.2549e+02
-3.175 2.575 2.5518e+02
-3.175 2.625 5.1863e+02
-3.175 2.675 1.0520e+03
-3.175 2.725 2.1254e+03
-3.175 2.775 4.2648e+03
-3.175 2.825 8.4677e+03
-3.175 2.875 1.6559e+04
-3.175 2.925 3.1716e+04
-3.175 2.975 5.9126e+04
-3.175 3.025 1.0656e+05
-3.175 3.075 1.8439e+05
-3.175 3.125 3.0437e+05
-3.175 3.175 4.7652e+05
-3.175 3.225 7.0430e+05
-3.175 3.275 9.7961e+05
-3.175 3.325 1.2801e+06
-3.175 3.375 1.5716e+06
-3.175 3.425 1.8157e+06
-3.175 3.475 1.9798e+06
-3.175 3.525 2.0458e+06
-3.175 3.575 2.0129e+06
-3.175 3.625 1.8952e+06
-3.175 3.675 1.7154e+06
-3.175 3.725 1.4971e+06
-3.175 3.775 1.2568e+06
-3.175 3.825 9.5639e+05
-3.175 3.875 0.0000e+00
-3.175 3.925 0.0000e+00
-3.175 3.975 0.0000e+00
-3.125 -1.975 0.0000e+00
-3.125 -1.925 0.0000e+00
-3.125 -1.875 0.0000e+00
-3.125 -1.825 0.0000e+00
-3.125 -1.775 0.0000e+00
-3.125 -1.725 0.0000e+00
-3.125 -1.675 0.0000e+00
-3.125 -1.625 0.0000e+00
-3.125 -1.575 0.0000e+00
-3.125 -1.525 0.0000e+00
-3.125 -1.475 0.0000e+00
-3.125 -1.425 0.0000e+00
-3.125 -1.375 0.0000e+00
-3.125 -1.325 0.0000e+00
-3.125 -1.275 0.0000e+00
-3.125 -1.225 0.0000e+00
-3.125 -1.175 0.0000e+00
-3.125 -1.125 0.0000e+00
-3.125 -1.075 0.0000e+00
-3.125 -1.025 0.0000e+00
-3.125 -0.975 0.0000e+00
-3.125 -0.925 0.0000e+00
-3.125 -0.875 0.0000e+00
-3.125 -0.825 0.0000e+00
-3.125 -0.775 0.0000e+00
-3.125 -0.725 0.0000e+00
-3.125 -0.675 0.0000e+00
-3.125 -0.625 0.0000e+00
-3.125 -0.575 0.0000e+00
-3.125 -0.525 0.0000e+00
-3.125 -0.475 0.0000e+00
-3.125 -0.425 0.0000e+00
-3.125 -0.375 0.0000e+00
-3.125 -0.325 0.0000e+00
-3.125 -0.275 0.0000e+00
-3.125 -0.225 0.0000e+00
-3.125 -0.175 0.0000e+00
-3.125 -0.125 0.0000e+00
-3.125 -0.075 0.0000e+00
-3.125 -0.025 0.0000e+00
-3.125 0.025 0.0000e+00
-3.125 0.075 0.0000e+00
-3.125 0.125 0.0000e+00
-3.125 0.175 0.0000e+00
-3.125 0.225 0.0000e+00
-3.125 0.275 0.0000e+00
-3.125 0.325 0.0000e+00
-3.125 0.375 0.0000e+00
-3.125 0.425 0.0000e+00
-3.125 0.475 0.0000e+00
-3.125 0.525 0.0000e+00
-3.125 0.575 0.0000e+00
-3.125 0.625 0.0000e+00
-3.125 0.675 0.0000e+00
-3.125 0.725 0.0000e+00
-3.125 0.775 0.0000e+00
-3.125 0.825 8.2416e-09
-3.125 0.875 1.6452e-08
-3.125 0.925 3.2843e-08
-3.125 0.975 6.5571e-08
-3.125 1.025 1.3092e-07
-3.125 1.075 2.6142e-07
-3.125 1.125 5.2204e-07
-3.125 1.175 1.0426e-06
-3.125 1.225 2.0825e-06
-3.125 1.275 4.1601e-06
-3.125 1.325 8.3118e-06
-3.125 1.375 1.6610e-05
-3.125 1.425 3.3197e-05
-3.125 1.475 6.6366e-05
-3.125 1.525 1.3270e-04
-3.125 1.575 2.6543e-04
-3.125 1.625 5.3106e-04
-3.125 1.675 1.0629e-03
-3.125 1.725 2.1282e-03
-3.125 1.775 4.2630e-03
-3.125 1.825 8.5437e-03
-3.125 1.875 1.7132e-02
-3.125 1.925 3.4377e-02
-3.125 1.975 6.9030e-02
-3.125 2.025 1.3873e-01
-3.125 2.075 2.7904e-01
-3.125 2.125 5.6185e-01
-3.125 2.175 1.1326e+00
-3.125 2.225 2.2858e+00
-3.125 2.275 4.6193e+00
-3.125 2.325 9.3479e+00
-3.125 2.375 1.8943e+01
-3.125 2.425 3.8433e+01
-3.125 2.475 7.8055e+01
-3.125 2.525 1.5860e+02
-3.125 2.575 3.2211e+02
-3.125 2.625 6.5305e+02
-3.125 2.675 1.3191e+03
-3.125 2.725 2.6470e+03
-3.125 2.775 5.2583e+03
-3.125 2.825 1.0293e+04
-3.125 2.875 1.9743e+04
-3.125 2.925 3.6876e+04
-3.125 2.975 6.6612e+04
-3.125 3.025 1.1556e+05
-3.125 3.075 1.9126e+05
-3.125 3.125 3.0018e+05
-3.125 3.175 4.4464e+05
-3.125 3.225 6.1951e+05
-3.125 3.275 8.1058e+05
-3.125 3.325 9.9604e+05
-3.125 3.375 1.1515e+06
-3.125 3.425 1.2563e+06
-3.125 3.475 1.2993e+06
-3.125 3.525 1.2802e+06
-3.125 3.575 1.2081e+06
-3.125 3.625 1.0976e+06
-3.125 3.675 9.6422e+05
-3.125 3.725 8.2123e+05
-3.125 3.775 6.7610e+05
-3.125 3.825 5.0665e+05
-3.125 3.875 0.0000e+00
-3.125 3.925 0.0000e+00
-3.125 3.975 0.0000e+00
-3.075 -1.975 0.0000e+00
-3.075 -1.925 0.0000e+00
-3.075 -1.875 0.0000e+00
-3.075 -1.825 0.0000e+00
-3.075 -1.775 0.0000e+00
-3.075 -1.725 0.0000e+00
-3.075 -1.675 0.0000e+00
-3.075 -1.625 0.0000e+00
-3.075 -1.575 0.0000e+00
-3.075 -1.525 0.0000e+00
-3.075 -1.475 0.0000e+00
-3.075 -1.425 0.0000e+00
-3.075 -1.375 0.0000e+00
-3.075 -1.325 0.0000e+00
-3.075 -1.275 0.0000e+00
-3.075 -1.225 0.0000e+00
-3.075 -1.175 0.0000e+00
-3.075 -1.125 0.0000e+00
-3.075 -1.075 0.0000e+00
-3.075 -1.025 0.0000e+00
-3.075 -0.975 0.0000e+00
-3.075 -0.925 0.0000e+00
-3.075 -0.875 0.0000e+00
-3.075 -0.825 0.0000e+00
-3.075 -0.775 0.0000e+00
-3.075 -0.725 0.0000e+00
-3.075 -0.675 0.0000e+00
-3.075 -0.625 0.0000e+00
-3.075 -0.575 0.0000e+00
-3.075 -0.525 0.0000e+00
-3.075 -0.475 0.0000e+00
-3.075 -0.425 0.0000e+00
-3.075 -0.375 0.0000e+00
-3.075 -0.325 0.0000e+00
-3.075 -0.275 0.0000e+00
-3.075 -0.225 0.0000e+00
-3.075 -0.175 0.0000e+00
-3.075 -0.125 0.0000e+00
-3.075 -0.075 0.0000e+00
-3.075 -0.025 0.0000e+00
-3.075 0.025 0.0000e+00
-3.075 0.075 0.0000e+00
-3.075 0.125 0.0000e+00
-3.075 0.175 0.0000e+00
-3.075 0.225 0.0000e+00
-3.075 0.275 0.0000e+00
-3.075 0.325 0.0000e+00
-3.075 0.375 0.0000e+00
-3.075 0.425 0.0000e+00
-3.075 0.475 0.0000e+00
-3.075 0.525 0.0000e+00
-3.075 0.575 0.0000e+00
-3.075 0.625 0.0000e+00
-3.075 0.675 0.0000e+00
-3.075 0.725 0.0000e+00
-3.075 0.775 0.0000e+00
-3.075 0.825 1.0376e-08
-3.075 0.875 2.0712e-08
-3.075 0.925 4.1348e-08
-3.075 0.975 8.2550e-08
-3.075 1.025 1.6482e-07
-3.075 1.075 3.2911e-07
-3.075 1.125 6.5722e-07
-3.075 1.175 1.3126e-06
-3.075 1.225 2.6218e-06
-3.075 1.275 5.2376e-06
-3.075 1.325 1.0465e-05
-3.075 1.375 2.0912e-05
-3.075 1.425 4.1797e-05
-3.075 1.475 8.3560e-05
-3.075 1.525 1.6709e-04
-3.075 1.575 3.3422e-04
-3.075 1.625 6.6873e-04
-3.075 1.675 1.3385e-03
-3.075 1.725 2.6803e-03
-3.075 1.775 5.3695e-03
-3.075 1.825 1.0762e-02
-3.075 1.875 2.1585e-02
-3.075 1.925 4.3319e-02
-3.075 1.975 8.7005e-02
-3.075 2.025 1.7490e-01
-3.075 2.075 3.5191e-01
-3.075 2.125 7.0883e-01
-3.075 2.175 1.4295e+00
-3.075 2.225 2.8863e+00
-3.075 2.275 5.8356e+00
-3.075 2.325 1.1814e+01
-3.075 2.375 2.3948e+01
-3.075 2.425 4.8591e+01
-3.075 2.475 9.8639e+01
-3.075 2.525 2.0017e+02
-3.075 2.575 4.0552e+02
-3.075 2.625 8.1862e+02
-3.075 2.675 1.6422e+03
-3.075 2.725 3.2621e+03
-3.075 2.775 6.3874e+03
-3.075 2.825 1.2260e+04
-3.075 2.875 2.2925e+04
-3.075 2.925 4.1471e+04
-3.075 2.975 7.2068e+04
-3.075 3.025 1.1949e+05
-3.075 3.075 1.8788e+05
-3.075 3.125 2.7874e+05
-3.075 3.175 3.8891e+05
-3.075 3.225 5.0941e+05
-3.075 3.275 6.2651e+05
-3.075 3.325 7.2482e+05
-3.075 3.375 7.9146e+05
-3.075 3.425 8.1935e+05
-3.075 3.475 8.0841e+05
-3.075 3.525 7.6439e+05
-3.075 3.575 6.9645e+05
-3.075 3.625 6.1445e+05
-3.075 3.675 5.2702e+05
-3.075 3.725 4.4032e+05
-3.075 3.775 3.5707e+05
-3.075 3.825 2.6447e+05
-3.075 3.875 0.0000e+00
-3.075 3.925 0.0000e+00
-3.075 3.975 0.0000e+00
-3.025 -1.975 0.0000e+00
-3.025 -1.925 0.0000e+00
-3.025 -1.875 0.0000e+00
-3.025 -1.825 0.0000e+00
-3.025 -1.775 0.0000e+00
-3.025 -1.725 0.0000e+00
-3.025 -1.675 0.0000e+00
-3.025 -1.625 0.0000e+00
-3.025 -1.575 0.0000e+00
-3.025 -1.525 0.0000e+00
-3.025 -1.475 0.0000e+00
-3.025 -1.425 0.0000e+00
-3.025 -1.375 0.0000e+00
-3.025 -1.325 0.0000e+00
-3.025 -1.275 0.0000e+00
-3.025 -1.225 0.0000e+00
-3.025 -1.175 0.0000e+00
-3.025 -1.125 0.0000e+00
-3.025 -1.075 0.0000e+00
-3.025 -1.025 0.0000e+00
-3.025 -0.975 0.0000e+00
-3.025 -0.925 0.0000e+00
-3.025 -0.875 0.0000e+00
-3.025 -0.825 0.0000e+00
-3.025 -0.775 0.0000e+00
-3.025 -0.725 0.0000e+00
-3.025 -0.675 0.0000e+00
-3.025 -0.625 0.0000e+00
-3.025 -0.575 0.0000e+00
-3.025 -0.525 0.0000e+00
-3.025 -0.475 0.0000e+00
-3.025 -0.425 0.0000e+00
-3.025 -0.375 0.0000e+00
-3.025 -0.325 0.0000e+00
-3.025 -0.275 0.0000e+00
-3.025 -0.225 0.0000e+00
-3.025 -0.175 0.0000e+00
-3.025 -0.125 0.0000e+00
-3.025 -0.075 0.0000e+00
-3.025 -0.025 0.0000e+00
-3.025 0.025 0.0000e+00
-3.025 0.075 0.0000e+00
-3.025 0.125 0.0000e+00
-3.025 0.175 0.0000e+00
-3.025 0.225 0.0000e+00
-3.025 0.275 0.0000e+00
-3.025 0.325 0.0000e+00
-3.025 0.375 0.0000e+00
-3.025 0.425 0.0000e+00
-3.025 0.475 0.0000e+00
-3.025 0.525 0.0000e+00
-3.025 0.575 0.0000e+00
-3.025 0.625 0.0000e+00
-3.025 0.675 0.0000e+00
-3.025 0.725 0.0000e+00
-3.025 0.775 0.0000e+00
-3.025 0.825 1.3062e-08
-3.025 0.875 2.6075e-08
-3.025 0.925 5.2055e-08
-3.025 0.975 1.0393e-07
-3.025 1.025 2.0750e-07
-3.025 1.075 4.1433e-07
-3.025 1.125 8.2742e-07
-3.025 1.175 1.6525e-06
-3.025 1.225 3.3008e-06
-3.025 1.275 6.5941e-06
-3.025 1.325 1.3175e-05
-3.025 1.375 2.6329e-05
-3.025 1.425 5.2626e-05
-3.025 1.475 1.0521e-04
-3.025 1.525 2.1040e-04
-3.025 1.575 4.2086e-04
-3.025 1.625 8.4214e-04
-3.025 1.675 1.6858e-03
-3.025 1.725 3.3759e-03
-3.025 1.775 6.7639e-03
-3.025 1.825 1.3559e-02
-3.025 1.875 2.7199e-02
-3.025 1.925 5.4599e-02
-3.025 1.975 1.0969e-01
-3.025 2.025 2.2057e-01
-3.025 2.075 4.4397e-01
-3.025 2.125 8.9464e-01
-3.025 2.175 1.8050e+00
-3.025 2.225 3.6462e+00
-3.025 2.275 7.3752e+00
-3.025 2.325 1.4936e+01
-3.025 2.375 3.0275e+01
-3.025 2.425 6.1399e+01
-3.025 2.475 1.2448e+02
-3.025 2.525 2.5197e+02
-3.025 2.575 5.0825e+02
-3.025 2.625 1.0189e+03
-3.025 2.675 2.0232e+03
-3.025 2.725 3.9609e+03
-3.025 2.775 7.6039e+03
-3.025 2.825 1.4224e+04
-3.025 2.875 2.5752e+04
-3.025 2.925 4.4796e+04
-3.025 2.975 7.4361e+04
-3.025 3.025 1.1706e+05
-3.025 3.075 1.7389e+05
-3.025 3.125 2.4287e+05
-3.025 3.175 3.1843e+05
-3.025 3.225 3.9196e+05
-3.025 3.275 4.5384e+05
-3.025 3.325 4.9601e+05
-3.025 3.375 5.1405e+05
-3.025 3.425 5.0791e+05
-3.025 3.475 4.8114e+05
-3.025 3.525 4.3944e+05
-3.025 3.575 3.8896e+05
-3.025 3.625 3.3514e+05
-3.025 3.675 2.8204e+05
-3.025 3.725 2.3213e+05
-3.025 3.775 1.8606e+05
-3.025 3.825 1.3659e+05
-3.025 3.875 0.0000e+00
-3.025 3.925 0.0000e+00
-3.025 3.975 0.0000e+00
-2.975 -1.975 0.0000e+00
-2.975 -1.925 0.0000e+00
-2.975 -1.875 0.0000e+00
-2.975 -1.825 0.0000e+00
-2.975 -1.775 0.0000e+00
-2.975 -1.725 0.0000e+00
-2.975 -1.675 0.0000e+00
-2.975 -1.625 0.0000e+00
-2.975 -1.575 0.0000e+00
-2.975 -1.525 0.0000e+00
-2.975 -1.475 0.0000e+00
-2.975 -1.425 0.0000e+00
-2.975 -1.375 0.0000e+00
-2.975 -1.325 0.0000e+00
-2.975 -1.275 0.0000e+00
-2.975 -1.225 0.0000e+00
-2.975 -1.175 0.0000e+00
-2.975 -1.125 0.0000e+00
-2.975 -1.075 0.0000e+00
-2.975 -1.025 0.0000e+00
-2.975 -0.975 0.0000e+00
-2.975 -0.925 0.0000e+00
-2.975 -0.875 0.0000e+00
-2.975 -0.825 0.0000e+00
-2.975 -0.775 0.0000e+00
-2.975 -0.725 0.0000e+00
-2.975 -0.675 0.0000e+00
-2.975 -0.625 0.0000e+00
-2.975 -0.575 0.0000e+00
-2.975 -0.525 0.0000e+00
-2.975 -0.475 0.0000e+00
-2.975 -0.425 0.0000e+00
-2.975 -0.375 0.0000e+00
-2.975 -0.325 0.0000e+00
-2.975 -0.275 0.0000e+00
-2.975 -0.225 0.0000e+00
-2.975 -0.175 0.0000e+00
-2.975 -0.125 0.0000e+00
-2.975 -0.075 0.0000e+00
-2.975 -0.025 0.0000e+00
-2.975 0.025 0.0000e+00
-2.975 0.075 0.0000e+00
-2.975 0.125 0.0000e+00
-2.975 0.175 0.0000e+00
-2.975 0.225 0.0000e+00
-2.975 0.275 0.0000e+00
-2.975 0.325 0.0000e+00
-2.975 0.375 0.0000e+00
-2.975 0.425 0.0000e+00
-2.975 0.475 0.0000e+00
-2.975 0.525 0.0000e+00
-2.975 0.575 0.0000e+00
-2.975 0.625 0.0000e+00
-2.975 0.675 0.0000e+00
-2.975 0.725 0.0000e+00
-2.975 0.775 0.0000e+00
-2.975 0.825 1.6444e-08
-2.975 0.875 3.2827e-08
-2.975 0.925 6.5534e-08
-2.975 0.975 1.3084e-07
-2.975 1.025 2.6123e-07
-2.975 1.075 5.2163e-07
-2.975 1.125 1.0417e-06
-2.975 1.175 2.0805e-06
-2.975 1.225 4.1557e-06
-2.975 1.275 8.3021e-06
-2.975 1.325 1.6588e-05
-2.975 1.375 3.3151e-05
-2.975 1.425 6.6263e-05
-2.975 1.475 1.3248e-04
-2.975 1.525 2.6494e-04
-2.975 1.575 5.3000e-04
-2.975 1.625 1.0606e-03
-2.975 1.675 2.1233e-03
-2.975 1.725 4.2526e-03
-2.975 1.775 8.5216e-03
-2.975 1.825 1.7086e-02
-2.975 1.875 3.4282e-02
-2.975 1.925 6.8834e-02
-2.975 1.975 1.3833e-01
-2.975 2.025 2.7826e-01
-2.975 2.075 5.6033e-01
-2.975 2.125 1.1296e+00
-2.975 2.175 2.2802e+00
-2.975 2.225 4.6081e+00
-2.975 2.275 9.3234e+00
-2.975 2.325 1.8881e+01
-2.975 2.375 3.8254e+01
-2.975 2.425 7.7479e+01
-2.975 2.475 1.5668e+02
-2.975 2.525 3.1576e+02
-2.975 2.575 6.3252e+02
-2.975 2.625 1.2551e+03
-2.975 2.675 2.4559e+03
-2.975 2.725 4.7135e+03
-2.975 2.775 8.8176e+03
-2.975 2.825 1.5967e+04
-2.975 2.875 2.7790e+04
-2.975 2.925 4.6162e+04
-2.975 2.975 7.2728e+04
-2.975 3.025 1.0812e+05
-2.975 3.075 1.5114e+05
-2.975 3.125 1.9833e+05
-2.975 3.175 2.4432e+05
-2.975 3.225 2.8313e+05
-2.975 3.275 3.0974e+05
-2.975 3.325 3.2138e+05
-2.975 3.375 3.1800e+05
-2.975 3.425 3.0177e+05
-2.975 3.475 2.7621e+05
-2.975 3.525 2.4514e+05
-2.975 3.575 2.1195e+05
-2.975 3.625 1.7920e+05
-2.975 3.675 1.4856e+05
-2.975 3.725 1.2086e+05
-2.975 3.775 9.6004e+04
-2.975 3.825 7.0001e+04
-2.975 3.875 0.0000e+00
-2.975 3.925 0.0000e+00
-2.975 3.975 0.0000e+00
-2.925 -1.975 0.0000e+00
-2.925 -1.925 0.0000e+00
-2.925 -1.875 0.0000e+00
-2.925 -1.825 0.0000e+00
-2.925 -1.775 0.0000e+00
-2.925 -1.725 0.0000e+00
-2.925 -1.675 0.0000e+00
-2.925 -1.625 0.0000e+00
-2.925 -1.575 0.0000e+00
-2.925 -1.525 0.0000e+00
-2.925 -1.475 0.0000e+00
-2.925 -1.425 0.0000e+00
-2.925 -1.375 0.0000e+00
-2.925 -1.325 0.0000e+00
-2.925 -1.275 0.0000e+00
-2.925 -1.225 0.0000e+00
-2.925 -1.175 0.0000e+00
-2.925 -1.125 0.0000e+00
-2.925 -1.075 0.0000e+00
-2.925 -1.025 0.0000e+00
-2.925 -0.975 0.0000e+00
-2.925 -0.925 0.0000e+00
-2.925 -0.875 0.0000e+00
-2.925 -0.825 0.0000e+00
-2.925 -0.775 0.0000e+00
-2.925 -0.725 0.0000e+00
-2.925 -0.675 0.0000e+00
-2.925 -0.625 0.0000e+00
-2.925 -0.575 0.0000e+00
-2.925 -0.525 0.0000e+00
-2.925 -0.475 0.0000e+00
-2.925 -0.425 0.0000e+00
-2.925 -0.375 0.0000e+00
-2.925 -0.325 0.0000e+00
-2.925 -0.275 0.0000e+00
-2.925 -0.225 0.0000e+00
-2.925 -0.175 0.0000e+00
-2.925 -0.125 0.0000e+00
-2.925 -0.075 0.0000e+00
-2.925 -0.025 0.0000e+00
-2.925 0.025 0.0000e+00
-2.925 0.075 0.0000e+00
-2.925 0.125 0.0000e+00
-2.925 0.175 0.0000e+00
-2.925 0.225 0.0000e+00
-2.925 0.275 0.0000e+00
-2.925 0.325 0.0000e+00
-2.925 0.375 0.0000e+00
-2.925 0.425 0.0000e+00
-2.925 0.475 0.0000e+00
-2.925 0.525 0.0000e+00
-2.925 0.575 0.0000e+00
-2.925 0.625 0.0000e+00
-2.925 0.675 0.0000e+00
-2.925 0.725 0.0000e+00
-2.925 0.775 0.0000e+00
-2.925 0.825 2.0703e-08
-2.925 0.875 4.1327e-08
-2.925 0.925 8.2504e-08
-2.925 0.975 1.6472e-07
-2.925 1.025 3.2888e-07
-2.925 1.075 6.5672e-07
-2.925 1.125 1.3115e-06
-2.925 1.175 2.6194e-06
-2.925 1.225 5.2322e-06
-2.925 1.275 1.0453e-05
-2.925 1.325 2.0886e-05
-2.925 1.375 4.1741e-05
-2.925 1.425 8.3436e-05
-2.925 1.475 1.6682e-04
-2.925 1.525 3.3364e-04
-2.925 1.575 6.6749e-04
-2.925 1.625 1.3359e-03
-2.925 1.675 2.6747e-03
-2.925 1.725 5.3577e-03
-2.925 1.775 1.0738e-02
-2.925 1.825 2.1535e-02
-2.925 1.875 4.3220e-02
-2.925 1.925 8.6808e-02
-2.925 1.975 1.7452e-01
-2.925 2.025 3.5120e-01
-2.925 2.075 7.0752e-01
-2.925 2.125 1.4270e+00
-2.925 2.175 2.8816e+00
-2.925 2.225 5.8252e+00
-2.925 2.275 1.1786e+01
-2.925 2.325 2.3856e+01
-2.925 2.375 4.8270e+01
-2.925 2.425 9.7515e+01
-2.925 2.475 1.9633e+02
-2.925 2.525 3.9293e+02
-2.925 2.575 7.7902e+02
-2.925 2.625 1.5233e+03
-2.925 2.675 2.9221e+03
-2.925 2.725 5.4645e+03
-2.925 2.775 9.8945e+03
-2.925 2.825 1.7222e+04
-2.925 2.875 2.8617e+04
-2.925 2.925 4.5107e+04
-2.925 2.975 6.7098e+04
-2.925 3.025 9.3855e+04
-2.925 3.075 1.2324e+05
-2.925 3.125 1.5194e+05
-2.925 3.175 1.7622e+05
-2.925 3.225 1.9298e+05
-2.925 3.275 2.0047e+05
-2.925 3.325 1.9864e+05
-2.925 3.375 1.8882e+05
-2.925 3.425 1.7317e+05
-2.925 3.475 1.5405e+05
-2.925 3.525 1.3357e+05
-2.925 3.575 1.1332e+05
-2.925 3.625 9.4387e+04
-2.925 3.675 7.7336e+04
-2.925 3.725 6.2344e+04
-2.925 3.775 4.9182e+04
-2.925 3.825 3.5676e+04
-2.925 3.875 0.0000e+00
-2.925 3.925 0.0000e+00
-2.925 3.975 0.0000e+00
-2.875 -1.975 0.0000e+00
-2.875 -1.925 0.0000e+00
-2.875 -1.875 0.0000e+00
-2.875 -1.825 0.0000e+00
-2.875 -1.775 0.0000e+00
-2.875 -1.725 0.0000e+00
-2.875 -1.675 0.0000e+00
-2.875 -1.625 0.0000e+00
-2.875 -1.575 0.0000e+00
-2.875 -1.525 0.0000e+00
-2.875 -1.475 0.0000e+00
-2.875 -1.425 0.0000e+00
-2.875 -1.375 0.0000e+00
-2.875 -1.325 0.0000e+00
-2.875 -1.275 0.0000e+00
-2.875 -1.225 0.0000e+00
-2.875 -1.175 0.0000e+00
-2.875 -1.125 0.0000e+00
-2.875 -1.075 0.0000e+00
-2.875 -1.025 0.0000e+00
-2.875 -0.975 0.0000e+00
-2.875 -0.925 0.0000e+00
-2.875 -0.875 0.0000e+00
-2.875 -0.825 0.0000e+00
-2.875 -0.775 0.0000e+00
-2.875 -0.725 0.0000e+00
-2.875 -0.675 0.0000e+00
-2.875 -0.625 0.0000e+00
-2.875 -0.575 0.0000e+00
-2.875 -0.525 0.0000e+00
-2.875 -0.475 0.0000e+00
-2.875 -0.425 0.0000e+00
-2.875 -0.375 0.0000e+00
-2.875 -0.325 0.0000e+00
-2.875 -0.275 0.0000e+00
-2.875 -0.225 0.0000e+00
-2.875 -0.175 0.0000e+00
-2.875 -0.125 0.0000e+00
-2.875 -0.075 0.0000e+00
-2.875 -0.025 0.0000e+00
-2.875 0.025 0.0000e+00
-2.875 0.075 0.0000e+00
-2.875 0.125 0.0000e+00
-2.875 0.175 0.0000e+00
-2.875 0.225 0.0000e+00
-2.875 0.275 0.0000e+00
-2.875 0.325 0.0000e+00
-2.875 0.375 0.0000e+00
-2.875 0.425 0.0000e+00
-2.875 0.475 0.0000e+00
-2.875 0.525 0.0000e+00
-2.875 0.575 0.0000e+00
-2.875 0.625 0.0000e+00
-2.875 0.675 0.0000e+00
-2.875 0.725 0.0000e+00
-2.875 0.775 0.0000e+00
-2.875 0.825 2.6063e-08
-2.875 0.875 5.2029e-08
-2.875 0.925 1.0387e-07
-2.875 0.975 2.0737e-07
-2.875 1.025 4.1406e-07
-2.875 1.075 8.2681e-07
-2.875 1.125 1.6512e-06
-2.875 1.175 3.2978e-06
-2.875 1.225 6.5876e-06
-2.875 1.275 1.3161e-05
-2.875 1.325 2.6298e-05
-2.875 1.375 5.2559e-05
-2.875 1.425 1.0507e-04
-2.875 1.475 2.1008e-04
-2.875 1.525 4.2020e-04
-2.875 1.575 8.4073e-04
-2.875 1.625 1.6828e-03
-2.875 1.675 3.3697e-03
-2.875 1.725 6.7513e-03
-2.875 1.775 1.3534e-02
-2.875 1.825 2.7150e-02
-2.875 1.875 5.4505e-02
-2.875 1.925 1.0952e-01
-2.875 1.975 2.2026e-01
-2.875 2.025 4.4344e-01
-2.875 2.075 8.9376e-01
-2.875 2.125 1.8034e+00
-2.875 2.175 3.6426e+00
-2.875 2.225 7.3635e+00
-2.875 2.275 1.4891e+01
-2.875 2.325 3.0101e+01
-2.875 2.375 6.0749e+01
-2.875 2.425 1.2219e+02
-2.875 2.475 2.4430e+02
-2.875 2.525 4.8391e+02
-2.875 2.575 9.4545e+02
-2.875 2.625 1.8123e+03
-2.875 2.675 3.3874e+03
-2.875 2.725 6.1313e+03
-2.875 2.775 1.0671e+04
-2.875 2.825 1.7731e+04
-2.875 2.875 2.7954e+04
-2.875 2.925 4.1597e+04
-2.875 2.975 5.8213e+04
-2.875 3.025 7.6483e+04
-2.875 3.075 9.4359e+04
-2.875 3.125 1.0954e+05
-2.875 3.175 1.2007e+05
-2.875 3.225 1.2488e+05
-2.875 3.275 1.2391e+05
-2.875 3.325 1.1798e+05
-2.875 3.375 1.0840e+05
-2.875 3.425 9.6632e+04
-2.875 3.475 8.3980e+04
-2.875 3.525 7.1449e+04
-2.875 3.575 5.9714e+04
-2.875 3.625 4.9150e+04
-2.875 3.675 3.9902e+04
-2.875 3.725 3.1940e+04
-2.875 3.775 2.5063e+04
-2.875 3.825 1.8108e+04
-2.875 3.875 0.0000e+00
-2.875 3.925 0.0000e+00
-2.875 3.975 0.0000e+00
-2.825 -1.975 0.0000e+00
-2.825 -1.925 0.0000e+00
-2.825 -1.875 0.0000e+00
-2.825 -1.825 0.0000e+00
-2.825 -1.775 0.0000e+00
-2.825 -1.725 0.0000e+00
-2.825 -1.675 0.0000e+00
-2.825 -1.625 0.0000e+00
-2.825 -1.575 0.0000e+00
-2.825 -1.525 0.0000e+00
-2.825 -1.475 0.0000e+00
-2.825 -1.425 0.0000e+00
-2.825 -1.375 0.0000e+00
-2.825 -1.325 0.0000e+00
-2.825 -1.275 0.0000e+00
-2.825 -1.225 0.0000e+00
-2.825 -1.175 0.0000e+00
-2.825 -1.125 0.0000e+00
-2.825 -1.075 0.0000e+00
-2.825 -1.025 0.0000e+00
-2.825 -0.975 0.0000e+00
-2.825 -0.925 0.0000e+00
-2.825 -0.875 0.0000e+00
-2.825 -0.825 0.0000e+00
-2.825 -0.775 0.0000e+00
-2.825 -0.725 0.0000e+00
-2.825 -0.675 0.0000e+00
-2.825 -0.625 0.0000e+00
-2.825 -0.575 0.0000e+00
-2.825 -0.525 0.0000e+00
-2.825 -0.475 0.0000e+00
-2.825 -0.425 0.0000e+00
-2.825 -0.375 0.0000e+00
-2.825 -0.325 0.0000e+00
-2.825 -0.275 0.0000e+00
-2.825 -0.225 0.0000e+00
-2.825 -0.175 0.0000e+00
-2.825 -0.125 0.0000e+00
-2.825 -0.075 0.0000e+00
-2.825 -0.025 0.0000e+00
-2.825 0.025 0.0000e+00
-2.825 0.075 0.0000e+00
-2.825 0.125 0.0000e+00
-2.825 0.175 0.0000e+00
-2.825 0.225 0.0000e+00
-2.825 0.275 0.0000e+00
-2.825 0.325 0.0000e+00
-2.825 0.375 0.0000e+00
-2.825 0.425 0.0000e+00
-2.825 0.475 0.0000e+00
-2.825 0.525 0.0000e+00
-2.825 0.575 0.0000e+00
-2.825 0.625 0.0000e+00
-2.825 0.675 0.0000e+00
-2.825 0.725 0.0000e+00
-2.825 0.775 0.0000e+00
-2.825 0.825 3.2813e-08
-2.825 0.875 6.5502e-08
-2.825 0.925 1.3077e-07
-2.825 0.975 2.6108e-07
-2.825 1.025 5.2129e-07
-2.825 1.075 1.0410e-06
-2.825 1.125 2.0789e-06
-2.825 1.175 4.1522e-06
-2.825 1.225 8.2943e-06
-2.825 1.275 1.6571e-05
-2.825 1.325 3.3114e-05
-2.825 1.375 6.6184e-05
-2.825 1.425 1.3231e-04
-2.825 1.475 2.6458e-04
-2.825 1.525 5.2925e-04
-2.825 1.575 1.0591e-03
-2.825 1.625 2.1201e-03
-2.825 1.675 4.2462e-03
-2.825 1.725 8.5092e-03
-2.825 1.775 1.7063e-02
-2.825 1.825 3.4239e-02
-2.825 1.875 6.8762e-02
-2.825 1.925 1.3822e-01
-2.825 1.975 2.7811e-01
-2.825 2.025 5.6017e-01
-2.825 2.075 1.1295e+00
-2.825 2.125 2.2796e+00
-2.825 2.175 4.6045e+00
-2.825 2.225 9.3032e+00
-2.825 2.275 1.8788e+01
-2.825 2.325 3.7882e+01
-2.825 2.375 7.6117e+01
-2.825 2.425 1.5204e+02
-2.825 2.475 3.0086e+02
-2.825 2.525 5.8729e+02
-2.825 2.575 1.1249e+03
-2.825 2.625 2.1011e+03
-2.825 2.675 3.8010e+03
-2.825 2.725 6.6128e+03
-2.825 2.775 1.0987e+04
-2.825 2.825 1.7321e+04
-2.825 2.875 2.5780e+04
-2.825 2.925 3.6091e+04
-2.825 2.975 4.7442e+04
-2.825 3.025 5.8569e+04
-2.825 3.075 6.8045e+04
-2.825 3.125 7.4663e+04
-2.825 3.175 7.7745e+04
-2.825 3.225 7.7246e+04
-2.825 3.275 7.3657e+04
-2.825 3.325 6.7791e+04
-2.825 3.375 6.0545e+04
-2.825 3.425 5.2727e+04
-2.825 3.475 4.4964e+04
-2.825 3.525 3.7680e+04
-2.825 3.575 3.1116e+04
-2.825 3.625 2.5373e+04
-2.825 3.675 2.0451e+04
-2.825 3.725 1.6280e+04
-2.825 3.775 1.2722e+04
-2.825 3.825 9.1632e+03
-2.825 3.875 0.0000e+00
-2.825 3.925 0.0000e+00
-2.825 3.975 0.0000e+00
-2.775 -1.975 0.0000e+00
-2.775 -1.925 0.0000e+00
-2.775 -1.875 0.0000e+00
-2.775 -1.825 0.0000e+00
-2.775 -1.775 0.0000e+00
-2.775 -1.725 0.0000e+00
-2.775 -1.675 0.0000e+00
-2.775 -1.625 0.0000e+00
-2.775 -1.575 0.0000e+00
-2.775 -1.525 0.0000e+00
-2.775 -1.475 0.0000e+00
-2.775 -1.425 0.0000e+00
-2.775 -1.375 0.0000e+00
-2.775 -1.325 0.0000e+00
-2.775 -1.275 0.0000e+00
-2.775 -1.225 0.0000e+00
-2.775 -1.175 0.0000e+00
-2.775 -1.125 0.0000e+00
-2.775 -1.075 0.0000e+00
-2.775 -1.025 0.0000e+00
-2.775 -0.975 0.0000e+00
-2.775 -0.925 0.0000e+00
-2.775 -0.875 0.0000e+00
-2.775 -0.825 0.0000e+00
-2.775 -0.775 0.0000e+00
-2.775 -0.725 0.0000e+00
-2.775 -0.675 0.0000e+00
-2.775 -0.625 0.0000e+00
-2.775 -0.575 0.0000e+00
-2.775 -0.525 0.0000e+00
-2.775 -0.475 0.0000e+00
-2.775 -0.425 0.0000e+00
-2.775 -0.375 0.0000e+00
-2.775 -0.325 0.0000e+00
-2.775 -0.275 0.0000e+00
-2.775 -0.225 0.0000e+00
-2.775 -0.175 0.0000e+00
-2.775 -0.125 0.0000e+00
-2.775 -0.075 0.0000e+00
-2.775 -0.025 0.0000e+00
-2.775 0.025 0.0000e+00
-2.775 0.075 0.0000e+00
-2.775 0.125 0.0000e+00
-2.775 0.175 0.0000e+00
-2.775 0.225 0.0000e+00
-2.775 0.275 0.0000e+00
-2.775 0.325 0.0000e+00
-2.775 0.375 0.0000e+00
-2.775 0.425 0.0000e+00
-2.775 0.475 0.0000e+00
-2.775 0.525 0.0000e+00
-2.775 0.575 0.0000e+00
-2.775 0.625 0.0000e+00
-2.775 0.675 0.0000e+00
-2.775 0.725 0.0000e+00
-2.775 0.775 0.0000e+00
-2.775 0.825 4.1310e-08
-2.775 0.875 8.2465e-08
-2.775 0.925 1.6463e-07
-2.775 0.975 3.2870e-07
-2.775 1.025 6.5631e-07
-2.775 1.075 1.3106e-06
-2.775 1.125 2.6174e-06
-2.775 1.175 5.2279e-06
-2.775 1.225 1.0444e-05
-2.775 1.275 2.0866e-05
-2.775 1.325 4.1698e-05
-2.775 1.375 8.3346e-05
-2.775 1.425 1.6664e-04
-2.775 1.475 3.3325e-04
-2.775 1.525 6.6669e-04
-2.775 1.575 1.3343e-03
-2.775 1.625 2.6715e-03
-2.775 1.675 5.3519e-03
-2.775 1.725 1.0728e-02
-2.775 1.775 2.1518e-02
-2.775 1.825 4.3195e-02
-2.775 1.875 8.6783e-02
-2.775 1.925 1.7452e-01
-2.775 1.975 3.5131e-01
-2.775 2.025 7.0789e-01
-2.775 2.075 1.4277e+00
-2.775 2.125 2.8816e+00
-2.775 2.175 5.8173e+00
-2.775 2.225 1.1738e+01
-2.775 2.275 2.3645e+01
-2.775 2.325 4.7465e+01
-2.775 2.375 9.4714e+01
-2.775 2.425 1.8725e+02
-2.775 2.475 3.6517e+02
-2.775 2.525 6.9882e+02
-2.775 2.575 1.3043e+03
-2.775 2.625 2.3581e+03
-2.775 2.675 4.1006e+03
-2.775 2.725 6.8108e+03
-2.775 2.775 1.0737e+04
-2.775 2.825 1.5981e+04
-2.775 2.875 2.2378e+04
-2.775 2.925 2.9429e+04
-2.775 2.975 3.6354e+04
-2.775 3.025 4.2268e+04
-2.775 3.075 4.6423e+04
-2.775 3.125 4.8393e+04
-2.775 3.175 4.8143e+04
-2.775 3.225 4.5972e+04
-2.775 3.275 4.2377e+04
-2.775 3.325 3.7911e+04
-2.775 3.375 3.3076e+04
-2.775 3.425 2.8263e+04
-2.775 3.475 2.3737e+04
-2.775 3.525 1.9652e+04
-2.775 3.575 1.6075e+04
-2.775 3.625 1.3012e+04
-2.775 3.675 1.0428e+04
-2.775 3.725 8.2659e+03
-2.775 3.775 6.4385e+03
-2.775 3.825 4.6265e+03
-2.775 3.875 0.0000e+00
-2.775 3.925 0.0000e+00
-2.775 3.975 0.0000e+00
-2.725 -1.975 0.0000e+00
-2.725 -1.925 0.0000e+00
-2.725 -1.875 0.0000e+00
-2.725 -1.825 0.0000e+00
-2.725 -1.775 0.0000e+00
-2.725 -1.725 0.0000e+00
-2.725 -1.675 0.0000e+00
-2.725 -1.625 0.0000e+00
-2.725 -1.575 0.0000e+00
-2.725 -1.525 0.0000e+00
-2.725 -1.475 0.0000e+00
-2.725 -1.425 0.0000e+00
-2.725 -1.375 0.0000e+00
-2.725 -1.325 0.0000e+00
-2.725 -1.275 0.0000e+00
-2.725 -1.225 0.0000e+00
-2.725 -1.175 0.0000e+00
-2.725 -1.125 0.0000e+00
-2.725 -1.075 0.0000e+00
-2.725 -1.025 0.0000e+00
-2.725 -0.975 0.0000e+00
-2.725 -0.925 0.0000e+00
-2.725 -0.875 0.0000e+00
-2.725 -0.825 0.0000e+00
-2.725 -0.775 0.0000e+00
-2.725 -0.725 0.0000e+00
-2.725 -0.675 0.0000e+00
-2.725 -0.625 0.0000e+00
-2.725 -0.575 0.0000e+00
-2.725 -0.525 0.0000e+00
-2.725 -0.475 0.0000e+00
-2.725 -0.425 0.0000e+00
-2.725 -0.375 0.0000e+00
-2.725 -0.325 0.0000e+00
-2.725 -0.275 0.0000e+00
-2.725 -0.225 0.0000e+00
-2.725 -0.175 0.0000e+00
-2.725 -0.125 0.0000e+00
-2.725 -0.075 0.0000e+00
-2.725 -0.025 0.0000e+00
-2.725 0.025 0.0000e+00
-2.725 0.075 0.0000e+00
-2.725 0.125 0.0000e+00
-2.725 0.175 0.0000e+00
-2.725 0.225 0.0000e+00
-2.725 0.275 0.0000e+00
-2.725 0.325 0.0000e+00
-2.725 0.375 0.0000e+00
-2.725 0.425 0.0000e+00
-2.725 0.475 0.0000e+00
-2.725 0.525 0.0000e+00
-2.725 0.575 0.0000e+00
-2.725 0.625 0.0000e+00
-2.725 0.675 0.0000e+00
-2.725 0.725 0.0000e+00
-2.725 0.775 0.0000e+00
-2.725 0.825 5.2007e-08
-2.725 0.875 1.0382e-07
-2.725 0.925 2.0727e-07
-2.725 0.975 4.1383e-07
-2.725 1.025 8.2631e-07
-2.725 1.075 1.6501e-06
-2.725 1.125 3.2955e-06
-2.725 1.175 6.5826e-06
-2.725 1.225 1.3150e-05
-2.725 1.275 2.6275e-05
-2.725 1.325 5.2511e-05
-2.725 1.375 1.0497e-04
-2.725 1.425 2.0988e-04
-2.725 1.475 4.1979e-04
-2.725 1.525 8.3995e-04
-2.725 1.575 1.6813e-03
-2.725 1.625 3.3672e-03
-2.725 1.675 6.7471e-03
-2.725 1.725 1.3529e-02
-2.725 1.775 2.7146e-02
-2.725 1.825 5.4515e-02
-2.725 1.875 1.0958e-01
-2.725 1.925 2.2045e-01
-2.725 1.975 4.4395e-01
-2.725 2.025 8.9481e-01
-2.725 2.075 1.8047e+00
-2.725 2.125 3.6405e+00
-2.725 2.175 7.3397e+00
-2.725 2.225 1.4772e+01
-2.725 2.275 2.9626e+01
-2.725 2.325 5.9062e+01
-2.725 2.375 1.1665e+02
-2.725 2.425 2.2728e+02
-2.725 2.475 4.3457e+02
-2.725 2.525 8.1044e+02
-2.725 2.575 1.4642e+03
-2.725 2.625 2.5449e+03
-2.725 2.675 4.2253e+03
-2.725 2.725 6.6595e+03
-2.725 2.775 9.9123e+03
-2.725 2.825 1.3883e+04
-2.725 2.875 1.8264e+04
-2.725 2.925 2.2573e+04
-2.725 2.975 2.6264e+04
-2.725 3.025 2.8872e+04
-2.725 3.075 3.0129e+04
-2.725 3.125 3.0009e+04
-2.725 3.175 2.8694e+04
-2.725 3.225 2.6488e+04
-2.725 3.275 2.3733e+04
-2.725 3.325 2.0740e+04
-2.725 3.375 1.7753e+04
-2.725 3.425 1.4938e+04
-2.725 3.475 1.2393e+04
-2.725 3.525 1.0162e+04
-2.725 3.575 8.2499e+03
-2.725 3.625 6.6390e+03
-2.725 3.675 5.2972e+03
-2.725 3.725 4.1846e+03
-2.725 3.775 3.2513e+03
-2.725 3.825 2.3320e+03
-2.725 3.875 0.0000e+00
-2.725 3.925 0.0000e+00
-2.725 3.975 0.0000e+00
-2.675 -1.975 0.0000e+00
-2.675 -1.925 0.0000e+00
-2.675 -1.875 0.0000e+00
-2.675 -1.825 0.0000e+00
-2.675 -1.775 0.0000e+00
-2.675 -1.725 0.0000e+00
-2.675 -1.675 0.0000e+00
-2.675 -1.625 0.0000e+00
-2.675 -1.575 0.0000e+00
-2.675 -1.525 0.0000e+00
-2.675 -1.475 0.0000e+00
-2.675 -1.425 0.0000e+00
-2.675 -1.375 0.0000e+00
-2.675 -1.325 0.0000e+00
-2.675 -1.275 0.0000e+00
-2.675 -1.225 0.0000e+00
-2.675 -1.175 0.0000e+00
-2.675 -1.125 0.0000e+00
-2.675 -1.075 0.0000e+00
-2.675 -1.025 0.0000e+00
-2.675 -0.975 0.0000e+00
-2.675 -0.925 0.0000e+00
-2.675 -0.875 0.0000e+00
-2.675 -0.825 0.0000e+00
-2.675 -0.775 0.0000e+00
-2.675 -0.725 0.0000e+00
-2.675 -0.675 0.0000e+00
-2.675 -0.625 0.0000e+00
-2.675 -0.575 0.0000e+00
-2.675 -0.525 0.0000e+00
-2.675 -0.475 0.0000e+00
-2.675 -0.425 0.0000e+00
-2.675 -0.375 0.0000e+00
-2.675 -0.325 0.0000e+00
-2.675 -0.275 0.0000e+00
-2.675 -0.225 0.0000e+00
-2.675 -0.175 0.0000e+00
-2.675 -0.125 0.0000e+00
-2.675 -0.075 0.0000e+00
-2.675 -0.025 0.0000e+00
-2.675 0.025 0.0000e+00
-2.675 0.075 0.0000e+00
-2.675 0.125 0.0000e+00
-2.675 0.175 0.0000e+00
-2.675 0.225 0.0000e+00
-2.675 0.275 0.0000e+00
-2.675 0.325 0.0000e+00
-2.675 0.375 0.0000e+00
-2.675 0.425 0.0000e+00
-2.675 0.475 0.0000e+00
-2.675 0.525 0.0000e+00
-2.675 0.575 0.0000e+00
-2.675 0.625 0.0000e+00
-2.675 0.675 0.0000e+00
-2.675 0.725 0.0000e+00
-2.675 0.775 0.0000e+00
-2.675 0.825 6.5476e-08
-2.675 0.875 1.3071e-07
-2.675 0.925 2.6095e-07
-2.675 0.975 5.2102e-07
-2.675 1.025 1.0404e-06
-2.675 1.075 2.0776e-06
-2.675 1.125 4.1495e-06
-2.675 1.175 8.2886e-06
-2.675 1.225 1.6559e-05
-2.675 1.275 3.3089e-05
-2.675 1.325 6.6133e-05
-2.675 1.375 1.3221e-04
-2.675 1.425 2.6439e-04
-2.675 1.475 5.2889e-04
-2.675 1.525 1.0584e-03
-2.675 1.575 2.1191e-03
-2.675 1.625 4.2450e-03
-2.675 1.675 8.5088e-03
-2.675 1.725 1.7067e-02
-2.675 1.775 3.4261e-02
-2.675 1.825 6.8833e-02
-2.675 1.875 1.3842e-01
-2.675 1.925 2.7859e-01
-2.675 1.975 5.6117e-01
-2.675 2.025 1.1311e+00
-2.675 2.075 2.2800e+00
-2.675 2.125 4.5932e+00
-2.675 2.175 9.2367e+00
-2.675 2.225 1.8509e+01
-2.675 2.275 3.6866e+01
-2.675 2.325 7.2747e+01
-2.675 2.375 1.4161e+02
-2.675 2.425 2.7052e+02
-2.675 2.475 5.0410e+02
-2.675 2.525 9.1013e+02
-2.675 2.575 1.5809e+03
-2.675 2.625 2.6237e+03
-2.675 2.675 4.1342e+03
-2.675 2.725 6.1531e+03
-2.675 2.775 8.6188e+03
-2.675 2.825 1.1342e+04
-2.675 2.875 1.4025e+04
-2.675 2.925 1.6330e+04
-2.675 2.975 1.7966e+04
-2.675 3.025 1.8767e+04
-2.675 3.075 1.8713e+04
-2.675 3.125 1.7915e+04
-2.675 3.175 1.6559e+04
-2.675 3.225 1.4858e+04
-2.675 3.275 1.3003e+04
-2.675 3.325 1.1147e+04
-2.675 3.375 9.3947e+03
-2.675 3.425 7.8078e+03
-2.675 3.475 6.4145e+03
-2.675 3.525 5.2195e+03
-2.675 3.575 4.2123e+03
-2.675 3.625 3.3742e+03
-2.675 3.675 2.6828e+03
-2.675 3.725 2.1138e+03
-2.675 3.775 1.6391e+03
-2.675 3.825 1.1739e+03
-2.675 3.875 0.0000e+00
-2.675 3.925 0.0000e+00
-2.675 3.975 0.0000e+00
-2.625 -1.975 0.0000e+00
-2.625 -1.925 0.0000e+00
-2.625 -1.875 0.0000e+00
-2.625 -1.825 0.0000e+00
-2.625 -1.775 0.0000e+00
-2.625 -1.725 0.0000e+00
-2.625 -1.675 0.0000e+00
-2.625 -1.625 0.0000e+00
-2.625 -1.575 0.0000e+00
-2.625 -1.525 0.0000e+00
-2.625 -1.475 0.0000e+00
-2.625 -1.425 0.0000e+00
-2.625 -1.375 0.0000e+00
-2.625 -1.325 0.0000e+00
-2.625 -1.275 0.0000e+00
-2.625 -1.225 0.0000e+00
-2.625 -1.175 0.0000e+00
-2.625 -1.125 0.0000e+00
-2.625 -1.075 0.0000e+00
-2.625 -1.025 0.0000e+00
-2.625 -0.975 0.0000e+00
-2.625 -0.925 0.0000e+00
-2.625 -0.875 0.0000e+00
-2.625 -0.825 0.0000e+00
-2.625 -0.775 0.0000e+00
-2.625 -0.725 0.0000e+00
-2.625 -0.675 0.0000e+00
-2.625 -0.625 0.0000e+00
-2.625 -0.575 0.0000e+00
-2.625 -0.525 0.0000e+00
-2.625 -0.475 0.0000e+00
-2.625 -0.425 0.0000e+00
-2.625 -0.375 0.0000e+00
-2.625 -0.325 0.0000e+00
-2.625 -0.275 0.0000e+00
-2.625 -0.225 0.0000e+00
-2.625 -0.175 0.0000e+00
-2.625 -0.125 0.0000e+00
-2.625 -0.075 0.0000e+00
-2.625 -0.025 0.0000e+00
-2.625 0.025 0.0000e+00
-2.625 0.075 0.0000e+00
-2.625 0.125 0.0000e+00
-2.625 0.175 0.0000e+00
-2.625 0.225 0.0000e+00
-2.625 0.275 0.0000e+00
-2.625 0.325 0.0000e+00
-2.625 0.375 0.0000e+00
-2.625 0.425 0.0000e+00
-2.625 0.475 0.0000e+00
-2.625 0.525 0.0000e+00
-2.625 0.575 0.0000e+00
-2.625 0.625 0.0000e+00
-2.625 0.675 0.0000e+00
-2.625 0.725 0.0000e+00
-2.625 0.775 0.0000e+00
-2.625 0.825 8.2434e-08
-2.625 0.875 1.6456e-07
-2.625 0.925 3.2855e-07
-2.625 0.975 6.5599e-07
-2.625 1.025 1.3099e-06
-2.625 1.075 2.6160e-06
-2.625 1.125 5.2249e-06
-2.625 1.175 1.0437e-05
-2.625 1.225 2.0853e-05
-2.625 1.275 4.1673e-05
-2.625 1.325 8.3297e-05
-2.625 1.375 1.6654e-04
-2.625 1.425 3.3309e-04
-2.625 1.475 6.6645e-04
-2.625 1.525 1.3340e-03
-2.625 1.575 2.6716e-03
-2.625 1.625 5.3534e-03
-2.625 1.675 1.0734e-02
-2.625 1.725 2.1540e-02
-2.625 1.775 4.3258e-02
-2.625 1.825 8.6949e-02
-2.625 1.875 1.7492e-01
-2.625 1.925 3.5215e-01
-2.625 1.975 7.0933e-01
-2.625 2.025 1.4289e+00
-2.625 2.075 2.8766e+00
-2.625 2.125 5.7804e+00
-2.625 2.175 1.1574e+01
-2.625 2.225 2.3033e+01
-2.625 2.275 4.5411e+01
-2.625 2.325 8.8321e+01
-2.625 2.375 1.6858e+02
-2.625 2.425 3.1389e+02
-2.625 2.475 5.6631e+02
-2.625 2.525 9.8310e+02
-2.625 2.575 1.6308e+03
-2.625 2.625 2.5690e+03
-2.625 2.675 3.8231e+03
-2.625 2.725 5.3556e+03
-2.625 2.775 7.0497e+03
-2.625 2.825 8.7213e+03
-2.625 2.875 1.0161e+04
-2.625 2.925 1.1187e+04
-2.625 2.975 1.1697e+04
-2.625 3.025 1.1675e+04
-2.625 3.075 1.1190e+04
-2.625 3.125 1.0356e+04
-2.625 3.175 9.3033e+03
-2.625 3.225 8.1526e+03
-2.625 3.275 6.9984e+03
-2.625 3.325 5.9066e+03
-2.625 3.375 4.9161e+03
-2.625 3.425 4.0454e+03
-2.625 3.475 3.2976e+03
-2.625 3.525 2.6669e+03
-2.625 3.575 2.1422e+03
-2.625 3.625 1.7097e+03
-2.625 3.675 1.3557e+03
-2.625 3.725 1.0659e+03
-2.625 3.775 8.2524e+02
-2.625 3.825 5.9037e+02
-2.625 3.875 0.0000e+00
-2.625 3.925 0.0000e+00
-2.625 3.975 0.0000e+00
-2.575 -1.975 0.0000e+00
-2.575 -1.925 0.0000e+00
-2.575 -1.875 0.0000e+00
-2.575 -1.825 0.0000e+00
-2.575 -1.775 0.0000e+00
-2.575 -1.725 0.0000e+00
-2.575 -1.675 0.0000e+00
-2.575 -1.625 0.0000e+00
-2.575 -1.575 0.0000e+00
-2.575 -1.525 0.0000e+00
-2.575 -1.475 0.0000e+00
-2.575 -1.425 0.0000e+00
-2.575 -1.375 0.0000e+00
-2.575 -1.325 0.0000e+00
-2.575 -1.275 0.0000e+00
-2.575 -1.225 0.0000e+00
-2.575 -1.175 0.0000e+00
-2.575 -1.125 0.0000e+00
-2.575 -1.075 0.0000e+00
-2.575 -1.025 0.0000e+00
-2.575 -0.975 0.0000e+00
-2.575 -0.925 0.0000e+00
-2.575 -0.875 0.0000e+00
-2.575 -0.825 0.0000e+00
-2.575 -0.775 0.0000e+00
-2.575 -0.725 0.0000e+00
-2.575 -0.675 0.0000e+00
-2.575 -0.625 0.0000e+00
-2.575 -0.575 0.0000e+00
-2.575 -0.525 0.0000e+00
-2.575 -0.475 0.0000e+00
-2.575 -0.425 0.0000e+00
-2.575 -0.375 0.0000e+00
-2.575 -0.325 0.0000e+00
-2.575 -0.275 0.0000e+00
-2.575 -0.225 0.0000e+00
-2.575 -0.175 0.0000e+00
-2.575 -0.125 0.0000e+00
-2.575 -0.075 0.0000e+00
-2.575 -0.025 0.0000e+00
-2.575 0.025 0.0000e+00
-2.575 0.075 0.0000e+00
-2.575 0.125 0.0000e+00
-2.575 0.175 0.0000e+00
-2.575 0.225 0.0000e+00
-2.575 0.275 0.0000e+00
-2.575 0.325 0.0000e+00
-2.575 0.375 0.0000e+00
-2.575 0.425 0.0000e+00
-2.575 0.475 0.0000e+00
-2.575 0.525 0.0000e+00
-2.575 0.575 0.0000e+00
-2.575 0.625 0.0000e+00
-2.575 0.675 0.0000e+00
-2.575 0.725 0.0000e+00
-2.575 0.775 0.0000e+00
-2.575 0.825 1.0378e-07
-2.575 0.875 2.0719e-07
-2.575 0.925 4.1366e-07
-2.575 0.975 8.2595e-07
-2.575 1.025 1.6493e-06
-2.575 1.075 3.2939e-06
-2.575 1.125 6.5794e-06
-2.575 1.175 1.3144e-05
-2.575 1.225 2.6263e-05
-2.575 1.275 5.2488e-05
-2.575 1.325 1.0493e-04
-2.575 1.375 2.0982e-04
-2.575 1.425 4.1973e-04
-2.575 1.475 8.3997e-04
-2.575 1.525 1.6818e-03
-2.575 1.575 3.3691e-03
-2.575 1.625 6.7536e-03
-2.575 1.675 1.3548e-02
-2.575 1.725 2.7197e-02
-2.575 1.775 5.4643e-02
-2.575 1.825 1.0988e-01
-2.575 1.875 2.2110e-01
-2.575 1.925 4.4511e-01
-2.575 1.975 8.9613e-01
-2.575 2.025 1.8029e+00
-2.575 2.075 3.6202e+00
-2.575 2.125 7.2430e+00
-2.575 2.175 1.4403e+01
-2.575 2.225 2.8373e+01
-2.575 2.275 5.5139e+01
-2.575 2.325 1.0516e+02
-2.575 2.375 1.9565e+02
-2.575 2.425 3.5275e+02
-2.575 2.475 6.1201e+02
-2.575 2.525 1.0148e+03
-2.575 2.575 1.5981e+03
-2.575 2.625 2.3779e+03
-2.575 2.675 3.3312e+03
-2.575 2.725 4.3859e+03
-2.575 2.775 5.4281e+03
-2.575 2.825 6.3275e+03
-2.575 2.875 6.9720e+03
-2.575 2.925 7.2955e+03
-2.575 2.975 7.2891e+03
-2.575 3.025 6.9933e+03
-2.575 3.075 6.4790e+03
-2.575 3.125 5.8272e+03
-2.575 3.175 5.1125e+03
-2.575 3.225 4.3940e+03
-2.575 3.275 3.7130e+03
-2.575 3.325 3.0944e+03
-2.575 3.375 2.5497e+03
-2.575 3.425 2.0815e+03
-2.575 3.475 1.6862e+03
-2.575 3.525 1.3571e+03
-2.575 3.575 1.0860e+03
-2.575 3.625 8.6431e+02
-2.575 3.675 6.8382e+02
-2.575 3.725 5.3677e+02
-2.575 3.775 4.1508e+02
-2.575 3.825 2.9668e+02
-2.575 3.875 0.0000e+00
-2.575 3.925 0.0000e+00
-2.575 3.975 0.0000e+00
-2.525 -1.975 0.0000e+00
-2.525 -1.925 0.0000e+00
-2.525 -1.875 0.0000e+00
-2.525 -1.825 0.0000e+00
-2.525 -1.775 0.0000e+00
-2.525 -1.725 0.0000e+00
-2.525 -1.675 0.0000e+00
-2.525 -1.625 0.0000e+00
-2.525 -1.575 0.0000e+00
-2.525 -1.525 0.0000e+00
-2.525 -1.475 0.0000e+00
-2.525 -1.425 0.0000e+00
-2.525 -1.375 0.0000e+00
-2.525 -1.325 0.0000e+00
-2.525 -1.275 0.0000e+00
-2.525 -1.225 0.0000e+00
-2.525 -1.175 0.0000e+00
-2.525 -1.125 0.0000e+00
-2.525 -1.075 0.0000e+00
-2.525 -1.025 0.0000e+00
-2.525 -0.975 0.0000e+00
-2.525 -0.925 0.0000e+00
-2.525 -0.875 0.0000e+00
-2.525 -0.825 0.0000e+00
-2.525 -0.775 0.0000e+00
-2.525 -0.725 0.0000e+00
-2.525 -0.675 0.0000e+00
-2.525 -0.625 0.0000e+00
-2.525 -0.575 0.0000e+00
-2.525 -0.525 0.0000e+00
-2.525 -0.475 0.0000e+00
-2.525 -0.425 0.0000e+00
-2.525 -0.375 0.0000e+00
-2.525 -0.325 0.0000e+00
-2.525 -0.275 0.0000e+00
-2.525 -0.225 0.0000e+00
-2.525 -0.175 0.0000e+00
-2.525 -0.125 0.0000e+00
-2.525 -0.075 0.0000e+00
-2.525 -0.025 0.0000e+00
-2.525 0.025 0.0000e+00
-2.525 0.075 0.0000e+00
-2.525 0.125 0.0000e+00
-2.525 0.175 0.0000e+00
-2.525 0.225 0.0000e+00
-2.525 0.275 0.0000e+00
-2.525 0.325 0.0000e+00
-2.525 0.375 0.0000e+00
-2.525 0.425 0.0000e+00
-2.525 0.475 0.0000e+00
-2.525 0.525 0.0000e+00
-2.525 0.575 0.0000e+00
-2.525 0.625 0.0000e+00
-2.525 0.675 0.0000e+00
-2.525 0.725 0.0000e+00
-2.525 0.775 0.0000e+00
-2.525 0.825 1.3067e-07
-2.525 0.875 2.6086e-07
-2.525 0.925 5.2083e-07
-2.525 0.975 1.0400e-06
-2.525 1.025 2.0768e-06
-2.525 1.075 4.1478e-06
-2.525 1.125 8.2855e-06
-2.525 1.175 1.6554e-05
-2.525 1.225 3.3079e-05
-2.525 1.275 6.6119e-05
-2.525 1.325 1.3220e-04
-2.525 1.375 2.6440e-04
-2.525 1.425 5.2902e-04
-2.525 1.475 1.0590e-03
-2.525 1.525 2.1209e-03
-2.525 1.575 4.2503e-03
-2.525 1.625 8.5235e-03
-2.525 1.675 1.7105e-02
-2.525 1.725 3.4355e-02
-2.525 1.775 6.9052e-02
-2.525 1.825 1.3889e-01
-2.525 1.875 2.7947e-01
-2.525 1.925 5.6233e-01
-2.525 1.975 1.1306e+00
-2.525 2.025 2.2689e+00
-2.525 2.075 4.5363e+00
-2.525 2.125 9.0140e+00
-2.525 2.175 1.7744e+01
-2.525 2.225 3.4456e+01
-2.525 2.275 6.5664e+01
-2.525 2.325 1.2208e+02
-2.525 2.375 2.1996e+02
-2.525 2.425 3.8140e+02
-2.525 2.475 6.3213e+02
-2.525 2.525 9.9516e+02
-2.525 2.575 1.4806e+03
-2.525 2.625 2.0742e+03
-2.525 2.675 2.7314e+03
-2.525 2.725 3.3817e+03
-2.525 2.775 3.9440e+03
-2.525 2.825 4.3486e+03
-2.525 2.875 4.5539e+03
-2.525 2.925 4.5539e+03
-2.525 2.975 4.3732e+03
-2.525 3.025 4.0556e+03
-2.525 3.075 3.6514e+03
-2.525 3.125 3.2069e+03
-2.525 3.175 2.7591e+03
-2.525 3.225 2.3341e+03
-2.525 3.275 1.9474e+03
-2.525 3.325 1.6065e+03
-2.525 3.375 1.3131e+03
-2.525 3.425 1.0652e+03
-2.525 3.475 8.5863e+02
-2.525 3.525 6.8840e+02
-2.525 3.575 5.4924e+02
-2.525 3.625 4.3613e+02
-2.525 3.675 3.4446e+02
-2.525 3.725 2.7004e+02
-2.525 3.775 2.0862e+02
-2.525 3.825 1.4901e+02
-2.525 3.875 0.0000e+00
-2.525 3.925 0.0000e+00
-2.525 3.975 0.0000e+00
-2.475 -1.975 0.0000e+00
-2.475 -1.925 0.0000e+00
-2.475 -1.875 0.0000e+00
-2.475 -1.825 0.0000e+00
-2.475 -1.775 0.0000e+00
-2.475 -1.725 0.0000e+00
-2.475 -1.675 0.0000e+00
-2.475 -1.625 0.0000e+00
-2.475 -1.575 0.0000e+00
-2.475 -1.525 0.0000e+00
-2.475 -1.475 0.0000e+00
-2.475 -1.425 0.0000e+00
-2.475 -1.375 0.0000e+00
-2.475 -1.325 0.0000e+00
-2.475 -1.275 0.0000e+00
-2.475 -1.225 0.0000e+00
-2.475 -1.175 0.0000e+00
-2.475 -1.125 0.0000e+00
-2.475 -1.075 0.0000e+00
-2.475 -1.025 0.0000e+00
-2.475 -0.975 0.0000e+00
-2.475 -0.925 0.0000e+00
-2.475 -0.875 0.0000e+00
-2.475 -0.825 0.0000e+00
-2.475 -0.775 0.0000e+00
-2.475 -0.725 0.0000e+00
-2.475 -0.675 0.0000e+00
-2.475 -0.625 0.0000e+00
-2.475 -0.575 0.0000e+00
-2.475 -0.525 0.0000e+00
-2.475 -0.475 0.0000e+00
-2.475 -0.425 0.0000e+00
-2.475 -0.375 0.0000e+00
-2.475 -0.325 0.0000e+00
-2.475 -0.275 0.0000e+00
-2.475 -0.225 0.0000e+00
-2.475 -0.175 0.0000e+00
-2.475 -0.125 0.0000e+00
-2.475 -0.075 0.0000e+00
-2.475 -0.025 0.0000e+00
-2.475 0.025 0.0000e+00
-2.475 0.075 0.0000e+00
-2.475 0.125 0.0000e+00
-2.475 0.175 0.0000e+00
-2.475 0.225 0.0000e+00
-2.475 0.275 0.0000e+00
-2.475 0.325 0.0000e+00
-2.475 0.375 0.0000e+00
-2.475 0.425 0.0000e+00
-2.475 0.475 0.0000e+00
-2.475 0.525 0.0000e+00
-2.475 0.575 0.0000e+00
-2.475 0.625 0.0000e+00
-2.475 0.675 0.0000e+00
-2.475 0.725 0.0000e+00
-2.475 0.775 0.0000e+00
-2.475 0.825 1.6452e-07
-2.475 0.875 3.2845e-07
-2.475 0.925 6.5579e-07
-2.475 0.975 1.3095e-06
-2.475 1.025 2.6152e-06
-2.475 1.075 5.2234e-06
-2.475 1.125 1.0435e-05
-2.475 1.175 2.0850e-05
-2.475 1.225 4.1669e-05
-2.475 1.275 8.3301e-05
-2.475 1.325 1.6658e-04
-2.475 1.375 3.3324e-04
-2.475 1.425 6.6693e-04
-2.475 1.475 1.3355e-03
-2.475 1.525 2.6756e-03
-2.475 1.575 5.3642e-03
-2.475 1.625 1.0762e-02
-2.475 1.675 2.1607e-02
-2.475 1.725 4.3414e-02
-2.475 1.775 8.7283e-02
-2.475 1.825 1.7555e-01
-2.475 1.875 3.5306e-01
-2.475 1.925 7.0949e-01
-2.475 1.975 1.4229e+00
-2.475 2.025 2.8431e+00
-2.475 2.075 5.6457e+00
-2.475 2.125 1.1106e+01
-2.475 2.175 2.1550e+01
-2.475 2.225 4.1040e+01
-2.475 2.275 7.6249e+01
-2.475 2.325 1.3730e+02
-2.475 2.375 2.3794e+02
-2.475 2.425 3.9418e+02
-2.475 2.475 6.2037e+02
-2.475 2.525 9.2281e+02
-2.475 2.575 1.2928e+03
-2.475 2.625 1.7027e+03
-2.475 2.675 2.1088e+03
-2.475 2.725 2.4606e+03
-2.475 2.775 2.7147e+03
-2.475 2.825 2.8448e+03
-2.475 2.875 2.8471e+03
-2.475 2.925 2.7364e+03
-2.475 2.975 2.5400e+03
-2.475 3.025 2.2890e+03
-2.475 3.075 2.0122e+03
-2.475 3.125 1.7329e+03
-2.475 3.175 1.4674e+03
-2.475 3.225 1.2255e+03
-2.475 3.275 1.0119e+03
-2.475 3.325 8.2801e+02
-2.475 3.375 6.7244e+02
-2.475 3.425 5.4273e+02
-2.475 3.475 4.3577e+02
-2.475 3.525 3.4831e+02
-2.475 3.575 2.7725e+02
-2.475 3.625 2.1975e+02
-2.475 3.675 1.7333e+02
-2.475 3.725 1.3574e+02
-2.475 3.775 1.0479e+02
-2.475 3.825 7.4804e+01
-2.475 3.875 0.0000e+00
-2.475 3.925 0.0000e+00
-2.475 3.975 0.0000e+00
-2.425 -1.975 0.0000e+00
-2.425 -1.925 0.0000e+00
-2.425 -1.875 0.0000e+00
-2.425 -1.825 0.0000e+00
-2.425 -1.775 0.0000e+00
-2.425 -1.725 0.0000e+00
-2.425 -1.675 0.0000e+00
-2.425 -1.625 0.0000e+00
-2.425 -1.575 0.0000e+00
-2.425 -1.525 0.0000e+00
-2.425 -1.475 0.0000e+00
-2.425 -1.425 0.0000e+00
-2.425 -1.375 0.0000e+00
-2.425 -1.325 0.0000e+00
-2.425 -1.275 0.0000e+00
-2.425 -1.225 0.0000e+00
-2.425 -1.175 0.0000e+00
-2.425 -1.125 0.0000e+00
-2.425 -1.075 0.0000e+00
-2.425 -1.025 0.0000e+00
-2.425 -0.975 0.0000e+00
-2.425 -0.925 0.0000e+00
-2.425 -0.875 0.0000e+00
-2.425 -0.825 0.0000e+00
-2.425 -0.775 0.0000e+00
-2.425 -0.725 0.0000e+00
-2.425 -0.675 0.0000e+00
-2.425 -0.625 0.0000e+00
-2.425 -0.575 0.0000e+00
-2.425 -0.525 0.0000e+00
-2.425 -0.475 0.0000e+00
-2.425 -0.425 0.0000e+00
-2.425 -0.375 0.0000e+00
-2.425 -0.325 0.0000e+00
-2.425 -0.275 0.0000e+00
-2.425 -0.225 0.0000e+00
-2.425 -0.175 0.0000e+00
-2.425 -0.125 0.0000e+00
-2.425 -0.075 0.0000e+00
-2.425 -0.025 0.0000e+00
-2.425 0.025 0.0000e+00
-2.425 0.075 0.0000e+00
-2.425 0.125 0.0000e+00
-2.425 0.175 0.0000e+00
-2.425 0.225 0.0000e+00
-2.425 0.275 0.0000e+00
-2.425 0.325 0.0000e+00
-2.425 0.375 0.0000e+00
-2.425 0.425 0.0000e+00
-2.425 0.475 0.0000e+00
-2.425 0.525 0.0000e+00
-2.425 0.575 0.0000e+00
-2.425 0.625 0.0000e+00
-2.425 0.675 0.0000e+00
-2.425 0.725 0.0000e+00
-2.425 0.775 0.0000e+00
-2.425 0.825 2.0714e-07
-2.425 0.875 4.1356e-07
-2.425 0.925 8.2575e-07
-2.425 0.975 1.6490e-06
-2.425 1.025 3.2933e-06
-2.425 1.075 6.5785e-06
-2.425 1.125 1.3143e-05
-2.425 1.175 2.6264e-05
-2.425 1.225 5.2498e-05
-2.425 1.275 1.0497e-04
-2.425 1.325 2.0995e-04
-2.425 1.375 4.2012e-04
-2.425 1.425 8.4107e-04
-2.425 1.475 1.6847e-03
-2.425 1.525 3.3768e-03
-2.425 1.575 6.7729e-03
-2.425 1.625 1.3594e-02
-2.425 1.675 2.7305e-02
-2.425 1.725 5.4875e-02
-2.425 1.775 1.1032e-01
-2.425 1.825 2.2178e-01
-2.425 1.875 4.4546e-01
-2.425 1.925 8.9290e-01
-2.425 1.975 1.7830e+00
-2.425 2.025 3.5385e+00
-2.425 2.075 6.9562e+00
-2.425 2.125 1.3489e+01
-2.425 2.175 2.5672e+01
-2.425 2.225 4.7667e+01
-2.425 2.275 8.5780e+01
-2.425 2.325 1.4858e+02
-2.425 2.375 2.4605e+02
-2.425 2.425 3.8712e+02
-2.425 2.475 5.7576e+02
-2.425 2.525 8.0660e+02
-2.425 2.575 1.0625e+03
-2.425 2.625 1.3163e+03
-2.425 2.675 1.5365e+03
-2.425 2.725 1.6961e+03
-2.425 2.775 1.7786e+03
-2.425 2.825 1.7813e+03
-2.425 2.875 1.7134e+03
-2.425 2.925 1.5917e+03
-2.425 2.975 1.4356e+03
-2.425 3.025 1.2631e+03
-2.425 3.075 1.0887e+03
-2.425 3.125 9.2265e+02
-2.425 3.175 7.7119e+02
-2.425 3.225 6.3739e+02
-2.425 3.275 5.2200e+02
-2.425 3.325 4.2433e+02
-2.425 3.375 3.4283e+02
-2.425 3.425 2.7559e+02
-2.425 3.475 2.2058e+02
-2.425 3.525 1.7588e+02
-2.425 3.575 1.3974e+02
-2.425 3.625 1.1060e+02
-2.425 3.675 8.7143e+01
-2.425 3.725 6.8191e+01
-2.425 3.775 5.2610e+01
-2.425 3.825 0.0000e+00
-2.425 3.875 0.0000e+00
-2.425 3.925 0.0000e+00
-2.425 3.975 0.0000e+00
-2.375 -1.975 0.0000e+00
-2.375 -1.925 0.0000e+00
-2.375 -1.875 0.0000e+00
-2.375 -1.825 0.0000e+00
-2.375 -1.775 0.0000e+00
-2.375 -1.725 0.0000e+00
-2.375 -1.675 0.0000e+00
-2.375 -1.625 0.0000e+00
-2.375 -1.575 0.0000e+00
-2.375 -1.525 0.0000e+00
-2.375 -1.475 0.0000e+00
-2.375 -1.425 0.0000e+00
-2.375 -1.375 0.0000e+00
-2.375 -1.325 0.0000e+00
-2.375 -1.275 0.0000e+00
-2.375 -1.225 0.0000e+00
-2.375 -1.175 0.0000e+00
-2.375 -1.125 0.0000e+00
-2.375 -1.075 0.0000e+00
-2.375 -1.025 0.0000e+00
-2.375 -0.975 0.0000e+00
-2.375 -0.925 0.0000e+00
-2.375 -0.875 0.0000e+00
-2.375 -0.825 0.0000e+00
-2.375 -0.775 0.0000e+00
-2.375 -0.725 0.0000e+00
-2.375 -0.675 0.0000e+00
-2.375 -0.625 0.0000e+00
-2.375 -0.575 0.0000e+00
-2.375 -0.525 0.0000e+00
-2.375 -0.475 0.0000e+00
-2.375 -0.425 0.0000e+00
-2.375 -0.375 0.0000e+00
-2.375 -0.325 0.0000e+00
-2.375 -0.275 0.0000e+00
-2.375 -0.225 0.0000e+00
-2.375 -0.175 0.0000e+00
-2.375 -0.125 0.0000e+00
-2.375 -0.075 0.0000e+00
-2.375 -0.025 0.0000e+00
-2.375 0.025 0.0000e+00
-2.375 0.075 0.0000e+00
-2.375 0.125 0.0000e+00
-2.375 0.175 0.0000e+00
-2.375 0.225 0.0000e+00
-2.375 0.275 0.0000e+00
-2.375 0.325 0.0000e+00
-2.375 0.375 0.0000e+00
-2.375 0.425 0.0000e+00
-2.375 0.475 0.0000e+00
-2.375 0.525 0.0000e+00
-2.375 0.575 0.0000e+00
-2.375 0.625 0.0000e+00
-2.375 0.675 0.0000e+00
-2.375 0.725 0.0000e+00
-2.375 0.775 0.0000e+00
-2.375 0.825 2.6081e-07
-2.375 0.875 5.2074e-07
-2.375 0.925 1.0398e-06
-2.375 0.975 2.0766e-06
-2.375 1.025 4.1477e-06
-2.375 1.075 8.2858e-06
-2.375 1.125 1.6556e-05
-2.375 1.175 3.3089e-05
-2.375 1.225 6.6152e-05
-2.375 1.275 1.3230e-04
-2.375 1.325 2.6469e-04
-2.375 1.375 5.2981e-04
-2.375 1.425 1.0610e-03
-2.375 1.475 2.1262e-03
-2.375 1.525 4.2636e-03
-2.375 1.575 8.5553e-03
-2.375 1.625 1.7179e-02
-2.375 1.675 3.4513e-02
-2.375 1.725 6.9362e-02
-2.375 1.775 1.3938e-01
-2.375 1.825 2.7982e-01
-2.375 1.875 5.6062e-01
-2.375 1.925 1.1189e+00
-2.375 1.975 2.2193e+00
-2.375 2.025 4.3602e+00
-2.375 2.075 8.4501e+00
-2.375 2.125 1.6072e+01
-2.375 2.175 2.9825e+01
-2.375 2.225 5.3642e+01
-2.375 2.275 9.2871e+01
-2.375 2.325 1.5373e+02
-2.375 2.375 2.4181e+02
-2.375 2.425 3.5958e+02
-2.375 2.475 5.0374e+02
-2.375 2.525 6.6365e+02
-2.375 2.575 8.2236e+02
-2.375 2.625 9.6034e+02
-2.375 2.675 1.0606e+03
-2.375 2.725 1.1128e+03
-2.375 2.775 1.1152e+03
-2.375 2.825 1.0735e+03
-2.375 2.875 9.9796e+02
-2.375 2.925 9.0076e+02
-2.375 2.975 7.9313e+02
-2.375 3.025 6.8414e+02
-2.375 3.075 5.8024e+02
-2.375 3.125 4.8536e+02
-2.375 3.175 4.0146e+02
-2.375 3.225 3.2904e+02
-2.375 3.275 2.6769e+02
-2.375 3.325 2.1646e+02
-2.375 3.375 1.7417e+02
-2.375 3.425 1.3956e+02
-2.375 3.475 1.1143e+02
-2.375 3.525 8.8677e+01
-2.375 3.575 7.0349e+01
-2.375 3.625 5.5619e+01
-2.375 3.675 4.3784e+01
-2.375 3.725 3.4240e+01
-2.375 3.775 2.6404e+01
-2.375 3.825 0.0000e+00
-2.375 3.875 0.0000e+00
-2.375 3.925 0.0000e+00
-2.375 3.975 0.0000e+00
-2.325 -1.975 0.0000e+00
-2.325 -1.925 0.0000e+00
-2.325 -1.875 0.0000e+00
-2.325 -1.825 0.0000e+00
-2.325 -1.775 0.0000e+00
-2.325 -1.725 0.0000e+00
-2.325 -1.675 0.0000e+00
-2.325 -1.625 0.0000e+00
-2.325 -1.575 0.0000e+00
-2.325 -1.525 0.0000e+00
-2.325 -1.475 0.0000e+00
-2.325 -1.425 0.0000e+00
-2.325 -1.375 0.0000e+00
-2.325 -1.325 0.0000e+00
-2.325 -1.275 0.0000e+00
-2.325 -1.225 0.0000e+00
-2.325 -1.175 0.0000e+00
-2.325 -1.125 0.0000e+00
-2.325 -1.075 0.0000e+00
-2.325 -1.025 0.0000e+00
-2.325 -0.975 0.0000e+00
-2.325 -0.925 0.0000e+00
-2.325 -0.875 0.0000e+00
-2.325 -0.825 0.0000e+00
-2.325 -0.775 0.0000e+00
-2.325 -0.725 0.0000e+00
-2.325 -0.675 0.0000e+00
-2.325 -0.625 0.0000e+00
-2.325 -0.575 0.0000e+00
-2.325 -0.525 0.0000e+00
-2.325 -0.475 0.0000e+00
-2.325 -0.425 0.0000e+00
-2.325 -0.375 0.0000e+00
-2.325 -0.325 0.0000e+00
-2.325 -0.275 0.0000e+00
-2.325 -0.225 0.0000e+00
-2.325 -0.175 0.0000e+00
-2.325 -0.125 0.0000e+00
-2.325 -0.075 0.0000e+00
-2.325 -0.025 0.0000e+00
-2.325 0.025 0.0000e+00
-2.325 0.075 0.0000e+00
-2.325 0.125 0.0000e+00
-2.325 0.175 0.0000e+00
-2.325 0.225 0.0000e+00
-2.325 0.275 0.0000e+00
-2.325 0.325 0.0000e+00
-2.325 0.375 0.0000e+00
-2.325 0.425 0.0000e+00
-2.325 0.475 0.0000e+00
-2.325 0.525 0.0000e+00
-2.325 0.575 0.0000e+00
-2.325 0.625 0.0000e+00
-2.325 0.675 0.0000e+00
-2.325 0.725 0.0000e+00
-2.325 0.775 0.0000e+00
-2.325 0.825 3.2841e-07
-2.325 0.875 6.5573e-07
-2.325 0.925 1.3095e-06
-2.325 0.975 2.6153e-06
-2.325 1.025 5.2241e-06
-2.325 1.075 1.0437e-05
-2.325 1.125 2.0859e-05
-2.325 1.175 4.1696e-05
-2.325 1.225 8.3377e-05
-2.325 1.275 1.6679e-04
-2.325 1.325 3.3380e-04
-2.325 1.375 6.6838e-04
-2.325 1.425 1.3391e-03
-2.325 1.475 2.6846e-03
-2.325 1.525 5.3857e-03
-2.325 1.575 1.0811e-02
-2.325 1.625 2.1714e-02
-2.325 1.675 4.3624e-02
-2.325 1.725 8.7628e-02
-2.325 1.775 1.7585e-01
-2.325 1.825 3.5216e-01
-2.325 1.875 7.0254e-01
-2.325 1.925 1.3927e+00
-2.325 1.975 2.7348e+00
-2.325 2.025 5.2971e+00
-2.325 2.075 1.0070e+01
-2.325 2.125 1.8676e+01
-2.325 2.175 3.3573e+01
-2.325 2.225 5.8100e+01
-2.325 2.275 9.6139e+01
-2.325 2.325 1.5118e+02
-2.325 2.375 2.2478e+02
-2.325 2.425 3.1489e+02
-2.325 2.475 4.1489e+02
-2.325 2.525 5.1423e+02
-2.325 2.575 6.0072e+02
-2.325 2.625 6.6372e+02
-2.325 2.675 6.9677e+02
-2.325 2.725 6.9869e+02
-2.325 2.775 6.7296e+02
-2.325 2.825 6.2604e+02
-2.325 2.875 5.6544e+02
-2.325 2.925 4.9822e+02
-2.325 2.975 4.3005e+02
-2.325 3.025 3.6498e+02
-2.325 3.075 3.0551e+02
-2.325 3.125 2.5286e+02
-2.325 3.175 2.0739e+02
-2.325 3.225 1.6884e+02
-2.325 3.275 1.3663e+02
-2.325 3.325 1.1002e+02
-2.325 3.375 8.8239e+01
-2.325 3.425 7.0524e+01
-2.325 3.475 5.6196e+01
-2.325 3.525 4.4654e+01
-2.325 3.575 3.5383e+01
-2.325 3.625 2.7949e+01
-2.325 3.675 2.1987e+01
-2.325 3.725 1.7186e+01
-2.325 3.775 1.3248e+01
-2.325 3.825 0.0000e+00
-2.325 3.875 0.0000e+00
-2.325 3.925 0.0000e+00
-2.325 3.975 0.0000e+00
-2.275 -1.975 0.0000e+00
-2.275 -1.925 0.0000e+00
-2.275 -1.875 0.0000e+00
-2.275 -1.825 0.0000e+00
-2.275 -1.775 0.0000e+00
-2.275 -1.725 0.0000e+00
-2.275 -1.675 0.0000e+00
-2.275 -1.625 0.0000e+00
-2.275 -1.575 0.0000e+00
-2.275 -1.525 0.0000e+00
-2.275 -1.475 0.0000e+00
-2.275 -1.425 0.0000e+00
-2.275 -1.375 0.0000e+00
-2.275 -1.325 0.0000e+00
-2.275 -1.275 0.0000e+00
-2.275 -1.225 0.0000e+00
-2.275 -1.175 0.0000e+00
-2.275 -1.125 0.0000e+00
-2.275 -1.075 0.0000e+00
-2.275 -1.025 0.0000e+00
-2.275 -0.975 0.0000e+00
-2.275 -0.925 0.0000e+00
-2.275 -0.875 0.0000e+00
-2.275 -0.825 0.0000e+00
-2.275 -0.775 0.0000e+00
-2.275 -0.725 0.0000e+00
-2.275 -0.675 0.0000e+00
-2.275 -0.625 0.0000e+00
-2.275 -0.575 0.0000e+00
-2.275 -0.525 0.0000e+00
-2.275 -0.475 0.0000e+00
-2.275 -0.425 0.0000e+00
-2.275 -0.375 0.0000e+00
-2.275 -0.325 0.0000e+00
-2.275 -0.275 0.0000e+00
-2.275 -0.225 0.0000e+00
-2.275 -0.175 0.0000e+00
-2.275 -0.125 0.0000e+00
-2.275 -0.075 0.0000e+00
-2.275 -0.025 0.0000e+00
-2.275 0.025 0.0000e+00
-2.275 0.075 0.0000e+00
-2.275 0.125 0.0000e+00
-2.275 0.175 0.0000e+00
-2.275 0.225 0.0000e+00
-2.275 0.275 0.0000e+00
-2.275 0.325 0.0000e+00
-2.275 0.375 0.0000e+00
-2.275 0.425 0.0000e+00
-2.275 0.475 0.0000e+00
-2.275 0.525 0.0000e+00
-2.275 0.575 0.0000e+00
-2.275 0.625 0.0000e+00
-2.275 0.675 0.0000e+00
-2.275 0.725 0.0000e+00
-2.275 0.775 0.0000e+00
-2.275 0.825 4.1354e-07
-2.275 0.875 8.2577e-07
-2.275 0.925 1.6491e-06
-2.275 0.975 3.2940e-06
-2.275 1.025 6.5807e-06
-2.275 1.075 1.3150e-05
-2.275 1.125 2.6284e-05
-2.275 1.175 5.2552e-05
-2.275 1.225 1.0511e-04
-2.275 1.275 2.1033e-04
-2.275 1.325 4.2110e-04
-2.275 1.375 8.4353e-04
-2.275 1.425 1.6908e-03
-2.275 1.475 3.3911e-03
-2.275 1.525 6.8057e-03
-2.275 1.575 1.3665e-02
-2.275 1.625 2.7446e-02
-2.275 1.675 5.5112e-02
-2.275 1.725 1.1056e-01
-2.275 1.775 2.2132e-01
-2.275 1.825 4.4132e-01
-2.275 1.875 8.7448e-01
-2.275 1.925 1.7163e+00
-2.275 1.975 3.3227e+00
-2.275 2.025 6.3132e+00
-2.275 2.075 1.1703e+01
-2.275 2.125 2.1029e+01
-2.275 2.175 3.6376e+01
-2.275 2.225 6.0172e+01
-2.275 2.275 9.4598e+01
-2.275 2.325 1.4063e+02
-2.275 2.375 1.9700e+02
-2.275 2.425 2.5959e+02
-2.275 2.475 3.2181e+02
-2.275 2.525 3.7606e+02
-2.275 2.575 4.1567e+02
-2.275 2.625 4.3657e+02
-2.275 2.675 4.3801e+02
-2.275 2.725 4.2212e+02
-2.275 2.775 3.9292e+02
-2.275 2.825 3.5511e+02
-2.275 2.875 3.1308e+02
-2.275 2.925 2.7041e+02
-2.275 2.975 2.2963e+02
-2.275 3.025 1.9233e+02
-2.275 3.075 1.5928e+02
-2.275 3.125 1.3071e+02
-2.275 3.175 1.0648e+02
-2.275 3.225 8.6221e+01
-2.275 3.275 6.9478e+01
-2.275 3.325 5.5762e+01
-2.275 3.375 4.4604e+01
-2.275 3.425 3.5577e+01
-2.275 3.475 2.8304e+01
-2.275 3.525 2.2464e+01
-2.275 3.575 1.7783e+01
-2.275 3.625 1.4037e+01
-2.275 3.675 1.1037e+01
-2.275 3.725 8.6232e+00
-2.275 3.775 6.6452e+00
-2.275 3.825 0.0000e+00
-2.275 3.875 0.0000e+00
-2.275 3.925 0.0000e+00
-2.275 3.975 0.0000e+00
-2.225 -1.975 0.0000e+00
-2.225 -1.925 0.0000e+00
-2.225 -1.875 0.0000e+00
-2.225 -1.825 0.0000e+00
-2.225 -1.775 0.0000e+00
-2.225 -1.725 0.0000e+00
-2.225 -1.675 0.0000e+00
-2.225 -1.625 0.0000e+00
-2.225 -1.575 0.0000e+00
-2.225 -1.525 0.0000e+00
-2.225 -1.475 0.0000e+00
-2.225 -1.425 0.0000e+00
-2.225 -1.375 0.0000e+00
-2.225 -1.325 0.0000e+00
-2.225 -1.275 0.0000e+00
-2.225 -1.225 0.0000e+00
-2.225 -1.175 0.0000e+00
-2.225 -1.125 0.0000e+00
-2.225 -1.075 0.0000e+00
-2.225 -1.025 0.0000e+00
-2.225 -0.975 0.0000e+00
-2.225 -0.925 0.0000e+00
-2.225 -0.875 0.0000e+00
-2.225 -0.825 0.0000e+00
-2.225 -0.775 0.0000e+00
-2.225 -0.725 0.0000e+00
-2.225 -0.675 0.0000e+00
-2.225 -0.625 0.0000e+00
-2.225 -0.575 0.0000e+00
-2.225 -0.525 0.0000e+00
-2.225 -0.475 0.0000e+00
-2.225 -0.425 0.0000e+00
-2.225 -0.375 0.0000e+00
-2.225 -0.325 0.0000e+00
-2.225 -0.275 0.0000e+00
-2.225 -0.225 0.0000e+00
-2.225 -0.175 0.0000e+00
-2.225 -0.125 0.0000e+00
-2.225 -0.075 0.0000e+00
-2.225 -0.025 0.0000e+00
-2.225 0.025 0.0000e+00
-2.225 0.075 0.0000e+00
-2.225 0.125 0.0000e+00
-2.225 0.175 0.0000e+00
-2.225 0.225 0.0000e+00
-2.225 0.275 0.0000e+00
-2.225 0.325 0.0000e+00
-2.225 0.375 0.0000e+00
-2.225 0.425 0.0000e+00
-2.225 0.475 0.0000e+00
-2.225 0.525 0.0000e+00
-2.225 0.575 0.0000e+00
-2.225 0.625 0.0000e+00
-2.225 0.675 0.0000e+00
-2.225 0.725 0.0000e+00
-2.225 0.775 0.0000e+00
-2.225 0.825 5.2078e-07
-2.225 0.875 1.0400e-06
-2.225 0.925 2.0771e-06
-2.225 0.975 4.1494e-06
-2.225 1.025 8.2908e-06
-2.225 1.075 1.6570e-05
-2.225 1.125 3.3127e-05
-2.225 1.175 6.6252e-05
-2.225 1.225 1.3256e-04
-2.225 1.275 2.6535e-04
-2.225 1.325 5.3145e-04
-2.225 1.375 1.0650e-03
-2.225 1.425 2.1357e-03
-2.225 1.475 4.2853e-03
-2.225 1.525 8.6024e-03
-2.225 1.575 1.7273e-02
-2.225 1.625 3.4674e-02
-2.225 1.675 6.9536e-02
-2.225 1.725 1.3915e-01
-2.225 1.775 2.7736e-01
-2.225 1.825 5.4935e-01
-2.225 1.875 1.0777e+00
-2.225 1.925 2.0855e+00
-2.225 1.975 3.9606e+00
-2.225 2.025 7.3387e+00
-2.225 2.075 1.3181e+01
-2.225 2.125 2.2792e+01
-2.225 2.175 3.7691e+01
-2.225 2.225 5.9240e+01
-2.225 2.275 8.8057e+01
-2.225 2.325 1.2335e+02
-2.225 2.375 1.6255e+02
-2.225 2.425 2.0155e+02
-2.225 2.475 2.3559e+02
-2.225 2.525 2.6050e+02
-2.225 2.575 2.7372e+02
-2.225 2.625 2.7475e+02
-2.225 2.675 2.6492e+02
-2.225 2.725 2.4673e+02
-2.225 2.775 2.2310e+02
-2.225 2.825 1.9681e+02
-2.225 2.875 1.7007e+02
-2.225 2.925 1.4451e+02
-2.225 2.975 1.2109e+02
-2.225 3.025 1.0034e+02
-2.225 3.075 8.2385e+01
-2.225 3.125 6.7147e+01
-2.225 3.175 5.4402e+01
-2.225 3.225 4.3862e+01
-2.225 3.275 3.5225e+01
-2.225 3.325 2.8196e+01
-2.225 3.375 2.2508e+01
-2.225 3.425 1.7924e+01
-2.225 3.475 1.4242e+01
-2.225 3.525 1.1292e+01
-2.225 3.575 8.9327e+00
-2.225 3.625 7.0470e+00
-2.225 3.675 5.5384e+00
-2.225 3.725 4.3258e+00
-2.225 3.775 3.3328e+00
-2.225 3.825 0.0000e+00
-2.225 3.875 0.0000e+00
-2.225 3.925 0.0000e+00
-2.225 3.975 0.0000e+00
-2.175 -1.975 0.0000e+00
-2.175 -1.925 0.0000e+00
-2.175 -1.875 0.0000e+00
-2.175 -1.825 0.0000e+00
-2.175 -1.775 0.0000e+00
-2.175 -1.725 0.0000e+00
-2.175 -1.675 0.0000e+00
-2.175 -1.625 0.0000e+00
-2.175 -1.575 0.0000e+00
-2.175 -1.525 0.0000e+00
-2.175 -1.475 0.0000e+00
-2.175 -1.425 0.0000e+00
-2.175 -1.375 0.0000e+00
-2.175 -1.325 0.0000e+00
-2.175 -1.275 0.0000e+00
-2.175 -1.225 0.0000e+00
-2.175 -1.175 0.0000e+00
-2.175 -1.125 0.0000e+00
-2.175 -1.075 0.0000e+00
-2.175 -1.025 0.0000e+00
-2.175 -0.975 0.0000e+00
-2.175 -0.925 0.0000e+00
-2.175 -0.875 0.0000e+00
-2.175 -0.825 0.0000e+00
-2.175 -0.775 0.0000e+00
-2.175 -0.725 0.0000e+00
-2.175 -0.675 0.0000e+00
-2.175 -0.625 0.0000e+00
-2.175 -0.575 0.0000e+00
-2.175 -0.525 0.0000e+00
-2.175 -0.475 0.0000e+00
-2.175 -0.425 0.0000e+00
-2.175 -0.375 0.0000e+00
-2.175 -0.325 0.0000e+00
-2.175 -0.275 0.0000e+00
-2.175 -0.225 0.0000e+00
-2.175 -0.175 0.0000e+00
-2.175 -0.125 0.0000e+00
-2.175 -0.075 0.0000e+00
-2.175 -0.025 0.0000e+00
-2.175 0.025 0.0000e+00
-2.175 0.075 0.0000e+00
-2.175 0.125 0.0000e+00
-2.175 0.175 0.0000e+00
-2.175 0.225 0.0000e+00
-2.175 0.275 0.0000e+00
-2.175 0.325 0.0000e+00
-2.175 0.375 0.0000e+00
-2.175 0.425 0.0000e+00
-2.175 0.475 0.0000e+00
-2.175 0.525 0.0000e+00
-2.175 0.575 0.0000e+00
-2.175 0.625 0.0000e+00
-2.175 0.675 0.0000e+00
-2.175 0.725 0.0000e+00
-2.175 0.775 0.0000e+00
-2.175 0.825 6.5588e-07
-2.175 0.875 1.3099e-06
-2.175 0.925 2.6165e-06
-2.175 0.975 5.2277e-06
-2.175 1.025 1.0447e-05
-2.175 1.075 2.0884e-05
-2.175 1.125 4.1763e-05
-2.175 1.175 8.3550e-05
-2.175 1.225 1.6723e-04
-2.175 1.275 3.3488e-04
-2.175 1.325 6.7101e-04
-2.175 1.375 1.3453e-03
-2.175 1.425 2.6988e-03
-2.175 1.475 5.4166e-03
-2.175 1.525 1.0873e-02
-2.175 1.575 2.1821e-02
-2.175 1.625 4.3748e-02
-2.175 1.675 8.7516e-02
-2.175 1.725 1.7438e-01
-2.175 1.775 3.4526e-01
-2.175 1.825 6.7706e-01
-2.175 1.875 1.3096e+00
-2.175 1.925 2.4861e+00
-2.175 1.975 4.6047e+00
-2.175 2.025 8.2673e+00
-2.175 2.075 1.4291e+01
-2.175 2.125 2.3625e+01
-2.175 2.175 3.7125e+01
-2.175 2.225 5.5178e+01
-2.175 2.275 7.7291e+01
-2.175 2.325 1.0186e+02
-2.175 2.375 1.2632e+02
-2.175 2.425 1.4769e+02
-2.175 2.475 1.6336e+02
-2.175 2.525 1.7172e+02
-2.175 2.575 1.7244e+02
-2.175 2.625 1.6635e+02
-2.175 2.675 1.5500e+02
-2.175 2.725 1.4023e+02
-2.175 2.775 1.2376e+02
-2.175 2.825 1.0700e+02
-2.175 2.875 9.0956e+01
-2.175 2.925 7.6255e+01
-2.175 2.975 6.3215e+01
-2.175 3.025 5.1928e+01
-2.175 3.075 4.2343e+01
-2.175 3.125 3.4322e+01
-2.175 3.175 2.7686e+01
-2.175 3.225 2.2246e+01
-2.175 3.275 1.7817e+01
-2.175 3.325 1.4232e+01
-2.175 3.375 1.1342e+01
-2.175 3.425 9.0201e+00
-2.175 3.475 7.1601e+00
-2.175 3.525 5.6728e+00
-2.175 3.575 4.4849e+00
-2.175 3.625 3.5365e+00
-2.175 3.675 2.7785e+00
-2.175 3.725 2.1696e+00
-2.175 3.775 1.6713e+00
-2.175 3.825 0.0000e+00
-2.175 3.875 0.0000e+00
-2.175 3.925 0.0000e+00
-2.175 3.975 0.0000e+00
-2.125 -1.975 0.0000e+00
-2.125 -1.925 0.0000e+00
-2.125 -1.875 0.0000e+00
-2.125 -1.825 0.0000e+00
-2.125 -1.775 0.0000e+00
-2.125 -1.725 0.0000e+00
-2.125 -1.675 0.0000e+00
-2.125 -1.625 0.0000e+00
-2.125 -1.575 0.0000e+00
-2.125 -1.525 0.0000e+00
-2.125 -1.475 0.0000e+00
-2.125 -1.425 0.0000e+00
-2.125 -1.375 0.0000e+00
-2.125 -1.325 0.0000e+00
-2.125 -1.275 0.0000e+00
-2.125 -1.225 0.0000e+00
-2.125 -1.175 0.0000e+00
-2.125 -1.125 0.0000e+00
-2.125 -1.075 0.0000e+00
-2.125 -1.025 0.0000e+00
-2.125 -0.975 0.0000e+00
-2.125 -0.925 0.0000e+00
-2.125 -0.875 0.0000e+00
-2.125 -0.825 0.0000e+00
-2.125 -0.775 0.0000e+00
-2.125 -0.725 0.0000e+00
-2.125 -0.675 0.0000e+00
-2.125 -0.625 0.0000e+00
-2.125 -0.575 0.0000e+00
-2.125 -0.525 0.0000e+00
-2.125 -0.475 0.0000e+00
-2.125 -0.425 0.0000e+00
-2.125 -0.375 0.0000e+00
-2.125 -0.325 0.0000e+00
-2.125 -0.275 0.0000e+00
-2.125 -0.225 0.0000e+00
-2.125 -0.175 0.0000e+00
-2.125 -0.125 0.0000e+00
-2.125 -0.075 0.0000e+00
-2.125 -0.025 0.0000e+00
-2.125 0.025 0.0000e+00
-2.125 0.075 0.0000e+00
-2.125 0.125 0.0000e+00
-2.125 0.175 0.0000e+00
-2.125 0.225 0.0000e+00
-2.125 0.275 0.0000e+00
-2.125 0.325 0.0000e+00
-2.125 0.375 0.0000e+00
-2.125 0.425 0.0000e+00
-2.125 0.475 0.0000e+00
-2.125 0.525 0.0000e+00
-2.125 0.575 0.0000e+00
-2.125 0.625 0.0000e+00
-2.125 0.675 0.0000e+00
-2.125 0.725 0.0000e+00
-2.125 0.775 0.0000e+00
-2.125 0.825 8.2610e-07
-2.125 0.875 1.6501e-06
-2.125 0.925 3.2965e-06
-2.125 0.975 6.5874e-06
-2.125 1.025 1.3167e-05
-2.125 1.075 2.6329e-05
-2.125 1.125 5.2667e-05
-2.125 1.175 1.0540e-04
-2.125 1.225 2.1105e-04
-2.125 1.275 4.2282e-04
-2.125 1.325 8.4760e-04
-2.125 1.375 1.7001e-03
-2.125 1.425 3.4113e-03
-2.125 1.475 6.8464e-03
-2.125 1.525 1.3737e-02
-2.125 1.575 2.7533e-02
-2.125 1.625 5.5061e-02
-2.125 1.675 1.0968e-01
-2.125 1.725 2.1708e-01
-2.125 1.775 4.2554e-01
-2.125 1.825 8.2282e-01
-2.125 1.875 1.5614e+00
-2.125 1.925 2.8909e+00
-2.125 1.975 5.1885e+00
-2.125 2.025 8.9660e+00
-2.125 2.075 1.4819e+01
-2.125 2.125 2.3282e+01
-2.125 2.175 3.4599e+01
-2.125 2.225 4.8463e+01
-2.125 2.275 6.3874e+01
-2.125 2.325 7.9223e+01
-2.125 2.375 9.2647e+01
-2.125 2.425 1.0251e+02
-2.125 2.475 1.0779e+02
-2.125 2.525 1.0828e+02
-2.125 2.575 1.0450e+02
-2.125 2.625 9.7413e+01
-2.125 2.675 8.8167e+01
-2.125 2.725 7.7847e+01
-2.125 2.775 6.7334e+01
-2.125 2.825 5.7263e+01
-2.125 2.875 4.8028e+01
-2.125 2.925 3.9830e+01
-2.125 2.975 3.2732e+01
-2.125 3.025 2.6701e+01
-2.125 3.075 2.1652e+01
-2.125 3.125 1.7473e+01
-2.125 3.175 1.4046e+01
-2.125 3.225 1.1255e+01
-2.125 3.275 8.9951e+00
-2.125 3.325 7.1728e+00
-2.125 3.375 5.7088e+00
-2.125 3.425 4.5356e+00
-2.125 3.475 3.5975e+00
-2.125 3.525 2.8485e+00
-2.125 3.575 2.2509e+00
-2.125 3.625 1.7743e+00
-2.125 3.675 1.3937e+00
-2.125 3.725 1.0880e+00
-2.125 3.775 8.3799e-01
-2.125 3.825 0.0000e+00
-2.125 3.875 0.0000e+00
-2.125 3.925 0.0000e+00
-2.125 3.975 0.0000e+00
-2.075 -1.975 0.0000e+00
-2.075 -1.925 0.0000e+00
-2.075 -1.875 0.0000e+00
-2.075 -1.825 0.0000e+00
-2.075 -1.775 0.0000e+00
-2.075 -1.725 0.0000e+00
-2.075 -1.675 0.0000e+00
-2.075 -1.625 0.0000e+00
-2.075 -1.575 0.0000e+00
-2.075 -1.525 0.0000e+00
-2.075 -1.475 0.0000e+00
-2.075 -1.425 0.0000e+00
-2.075 -1.375 0.0000e+00
-2.075 -1.325 0.0000e+00
-2.075 -1.275 0.0000e+00
-2.075 -1.225 0.0000e+00
-2.075 -1.175 0.0000e+00
-2.075 -1.125 0.0000e+00
-2.075 -1.075 0.0000e+00
-2.075 -1.025 0.0000e+00
-2.075 -0.975 0.0000e+00
-2.075 -0.925 0.0000e+00
-2.075 -0.875 0.0000e+00
-2.075 -0.825 0.0000e+00
-2.075 -0.775 0.0000e+00
-2.075 -0.725 0.0000e+00
-2.075 -0.675 0.0000e+00
-2.075 -0.625 0.0000e+00
-2.075 -0.575 0.0000e+00
-2.075 -0.525 0.0000e+00
-2.075 -0.475 0.0000e+00
-2.075 -0.425 0.0000e+00
-2.075 -0.375 0.0000e+00
-2.075 -0.325 0.0000e+00
-2.075 -0.275 0.0000e+00
-2.075 -0.225 0.0000e+00
-2.075 -0.175 0.0000e+00
-2.075 -0.125 0.0000e+00
-2.075 -0.075 0.0000e+00
-2.075 -0.025 0.0000e+00
-2.075 0.025 0.0000e+00
-2.075 0.075 0.0000e+00
-2.075 0.125 0.0000e+00
-2.075 0.175 0.0000e+00
-2.075 0.225 0.0000e+00
-2.075 0.275 0.0000e+00
-2.075 0.325 0.0000e+00
-2.075 0.375 0.0000e+00
-2.075 0.425 0.0000e+00
-2.075 0.475 0.0000e+00
-2.075 0.525 0.0000e+00
-2.075 0.575 0.0000e+00
-2.075 0.625 0.0000e+00
-2.075 0.675 0.0000e+00
-2.075 0.725 0.0000e+00
-2.075 0.775 0.0000e+00
-2.075 0.825 1.0406e-06
-2.075 0.875 2.0788e-06
-2.075 0.925 4.1539e-06
-2.075 0.975 8.3025e-06
-2.075 1.025 1.6600e-05
-2.075 1.075 3.3203e-05
-2.075 1.125 6.6442e-05
-2.075 1.175 1.3302e-04
-2.075 1.225 2.6647e-04
-2.075 1.275 5.3410e-04
-2.075 1.325 1.0711e-03
-2.075 1.375 2.1489e-03
-2.075 1.425 4.3118e-03
-2.075 1.475 8.6494e-03
-2.075 1.525 1.7332e-02
-2.075 1.575 3.4652e-02
-2.075 1.625 6.9005e-02
-2.075 1.675 1.3654e-01
-2.075 1.725 2.6757e-01
-2.075 1.775 5.1718e-01
-2.075 1.825 9.8108e-01
-2.075 1.875 1.8158e+00
-2.075 1.925 3.2580e+00
-2.075 1.975 5.6284e+00
-2.075 2.025 9.3002e+00
-2.075 2.075 1.4609e+01
-2.075 2.125 2.1708e+01
-2.075 2.175 3.0406e+01
-2.075 2.225 4.0077e+01
-2.075 2.275 4.9715e+01
-2.075 2.325 5.8151e+01
-2.075 2.375 6.4356e+01
-2.075 2.425 6.7693e+01
-2.075 2.475 6.8027e+01
-2.075 2.525 6.5675e+01
-2.075 2.575 6.1245e+01
-2.075 2.625 5.5454e+01
-2.075 2.675 4.8982e+01
-2.075 2.725 4.2384e+01
-2.075 2.775 3.6058e+01
-2.075 2.825 3.0254e+01
-2.075 2.875 2.5099e+01
-2.075 2.925 2.0633e+01
-2.075 2.975 1.6838e+01
-2.075 3.025 1.3659e+01
-2.075 3.075 1.1027e+01
-2.075 3.125 8.8673e+00
-2.075 3.175 7.1083e+00
-2.075 3.225 5.6835e+00
-2.075 3.275 4.5344e+00
-2.075 3.325 3.6110e+00
-2.075 3.375 2.8710e+00
-2.075 3.425 2.2791e+00
-2.075 3.475 1.8066e+00
-2.075 3.525 1.4297e+00
-2.075 3.575 1.1294e+00
-2.075 3.625 8.9002e-01
-2.075 3.675 6.9892e-01
-2.075 3.725 5.4557e-01
-2.075 3.775 4.2014e-01
-2.075 3.825 0.0000e+00
-2.075 3.875 0.0000e+00
-2.075 3.925 0.0000e+00
-2.075 3.975 0.0000e+00
-2.025 -1.975 0.0000e+00
-2.025 -1.925 0.0000e+00
-2.025 -1.875 0.0000e+00
-2.025 -1.825 0.0000e+00
-2.025 -1.775 0.0000e+00
-2.025 -1.725 0.0000e+00
-2.025 -1.675 0.0000e+00
-2.025 -1.625 0.0000e+00
-2.025 -1.575 0.0000e+00
-2.025 -1.525 0.0000e+00
-2.025 -1.475 0.0000e+00
-2.025 -1.425 0.0000e+00
-2.025 -1.375 0.0000e+00
-2.025 -1.325 0.0000e+00
-2.025 -1.275 0.0000e+00
-2.025 -1.225 0.0000e+00
-2.025 -1.175 0.0000e+00
-2.025 -1.125 0.0000e+00
-2.025 -1.075 0.0000e+00
-2.025 -1.025 0.0000e+00
-2.025 -0.975 0.0000e+00
-2.025 -0.925 0.0000e+00
-2.025 -0.875 0.0000e+00
-2.025 -0.825 0.0000e+00
-2.025 -0.775 0.0000e+00
-2.025 -0.725 0.0000e+00
-2.025 -0.675 0.0000e+00
-2.025 -0.625 0.0000e+00
-2.025 -0.575 0.0000e+00
-2.025 -0.525 0.0000e+00
-2.025 -0.475 0.0000e+00
-2.025 -0.425 0.0000e+00
-2.025 -0.375 0.0000e+00
-2.025 -0.325 0.0000e+00
-2.025 -0.275 0.0000e+00
-2.025 -0.225 0.0000e+00
-2.025 -0.175 0.0000e+00
-2.025 -0.125 0.0000e+00
-2.025 -0.075 0.0000e+00
-2.025 -0.025 0.0000e+00
-2.025 0.025 0.0000e+00
-2.025 0.075 0.0000e+00
-2.025 0.125 0.0000e+00
-2.025 0.175 0.0000e+00
-2.025 0.225 0.0000e+00
-2.025 0.275 0.0000e+00
-2.025 0.325 0.0000e+00
-2.025 0.375 0.0000e+00
-2.025 0.425 0.0000e+00
-2.025 0.475 0.0000e+00
-2.025 0.525 0.0000e+00
-2.025 0.575 0.0000e+00
-2.025 0.625 0.0000e+00
-2.025 0.675 0.0000e+00
-2.025 0.725 0.0000e+00
-2.025 0.775 0.0000e+00
-2.025 0.825 1.3110e-06
-2.025 0.875 2.6195e-06
-2.025 0.925 5.2354e-06
-2.025 0.975 1.0467e-05
-2.025 1.025 2.0934e-05
-2.025 1.075 4.1887e-05
-2.025 1.125 8.3853e-05
-2.025 1.175 1.6796e-04
-2.025 1.225 3.3660e-04
-2.025 1.275 6.7492e-04
-2.025 1.325 1.3538e-03
-2.025 1.375 2.7161e-03
-2.025 1.425 5.4474e-03
-2.025 1.475 1.0913e-02
-2.025 1.525 2.1814e-02
-2.025 1.575 4.3428e-02
-2.025 1.625 8.5905e-02
-2.025 1.675 1.6830e-01
-2.025 1.725 3.2521e-01
-2.025 1.775 6.1672e-01
-2.025 1.825 1.1411e+00
-2.025 1.875 2.0468e+00
-2.025 1.925 3.5351e+00
-2.025 1.975 5.8400e+00
-2.025 2.025 9.1723e+00
-2.025 2.075 1.3628e+01
-2.025 2.125 1.9088e+01
-2.025 2.175 2.5160e+01
-2.025 2.225 3.1215e+01
-2.025 2.275 3.6518e+01
-2.025 2.325 4.0424e+01
-2.025 2.375 4.2532e+01
-2.025 2.425 4.2756e+01
-2.025 2.475 4.1292e+01
-2.025 2.525 3.8519e+01
-2.025 2.575 3.4889e+01
-2.025 2.625 3.0828e+01
-2.025 2.675 2.6685e+01
-2.025 2.725 2.2709e+01
-2.025 2.775 1.9060e+01
-2.025 2.825 1.5818e+01
-2.025 2.875 1.3008e+01
-2.025 2.925 1.0618e+01
-2.025 2.975 8.6160e+00
-2.025 3.025 6.9579e+00
-2.025 3.075 5.5973e+00
-2.025 3.125 4.4885e+00
-2.025 3.175 3.5902e+00
-2.025 3.225 2.8656e+00
-2.025 3.275 2.2831e+00
-2.025 3.325 1.8162e+00
-2.025 3.375 1.4428e+00
-2.025 3.425 1.1446e+00
-2.025 3.475 9.0687e-01
-2.025 3.525 7.1743e-01
-2.025 3.575 5.6656e-01
-2.025 3.625 4.4637e-01
-2.025 3.675 3.5047e-01
-2.025 3.725 2.7354e-01
-2.025 3.775 2.1063e-01
-2.025 3.825 0.0000e+00
-2.025 3.875 0.0000e+00
-2.025 3.925 0.0000e+00
-2.025 3.975 0.0000e+00
-1.975 -1.975 0.0000e+00
-1.975 -1.925 0.0000e+00
-1.975 -1.875 0.0000e+00
-1.975 -1.825 0.0000e+00
-1.975 -1.775 0.0000e+00
-1.975 -1.725 0.0000e+00
-1.975 -1.675 0.0000e+00
-1.975 -1.625 0.0000e+00
-1.975 -1.575 0.0000e+00
-1.975 -1.525 0.0000e+00
-1.975 -1.475 0.0000e+00
-1.975 -1.425 0.0000e+00
-1.975 -1.375 0.0000e+00
-1.975 -1.325 0.0000e+00
-1.975 -1.275 0.0000e+00
-1.975 -1.225 0.0000e+00
-1.975 -1.175 0.0000e+00
-1.975 -1.125 0.0000e+00
-1.975 -1.075 0.0000e+00
-1.975 -1.025 0.0000e+00
-1.975 -0.975 0.0000e+00
-1.975 -0.925 0.0000e+00
-1.975 -0.875 0.0000e+00
-1.975 -0.825 0.0000e+00
-1.975 -0.775 0.0000e+00
-1.975 -0.725 0.0000e+00
-1.975 -0.675 0.0000e+00
-1.975 -0.625 0.0000e+00
-1.975 -0.575 0.0000e+00
-1.975 -0.525 0.0000e+00
-1.975 -0.475 0.0000e+00
-1.975 -0.425 0.0000e+00
-1.975 -0.375 0.0000e+00
-1.975 -0.325 0.0000e+00
-1.975 -0.275 0.0000e+00
-1.975 -0.225 0.0000e+00
-1.975 -0.175 0.0000e+00
-1.975 -0.125 0.0000e+00
-1.975 -0.075 0.0000e+00
-1.975 -0.025 0.0000e+00
-1.975 0.025 0.0000e+00
-1.975 0.075 0.0000e+00
-1.975 0.125 0.0000e+00
-1.975 0.175 0.0000e+00
-1.975 0.225 0.0000e+00
-1.975 0.275 0.0000e+00
-1.975 0.325 0.0000e+00
-1.975 0.375 0.0000e+00
-1.975 0.425 0.0000e+00
-1.975 0.475 0.0000e+00
-1.975 0.525 0.0000e+00
-1.975 0.575 0.0000e+00
-1.975 0.625 0.0000e+00
-1.975 0.675 0.0000e+00
-1.975 0.725 0.0000e+00
-1.975 0.775 0.0000e+00
-1.975 0.825 1.6520e-06
-1.975 0.875 3.3016e-06
-1.975 0.925 6.6003e-06
-1.975 0.975 1.3200e-05
-1.975 1.025 2.6409e-05
-1.975 1.075 5.2864e-05
-1.975 1.125 1.0587e-04
-1.975 1.175 2.1215e-04
-1.975 1.225 4.2534e-04
-1.975 1.275 8.5309e-04
-1.975 1.325 1.7112e-03
-1.975 1.375 3.4314e-03
-1.975 1.425 6.8731e-03
-1.975 1.475 1.3735e-02
-1.975 1.525 2.7339e-02
-1.975 1.575 5.4065e-02
-1.975 1.625 1.0589e-01
-1.975 1.675 2.0456e-01
-1.975 1.725 3.8782e-01
-1.975 1.775 7.1739e-01
-1.975 1.825 1.2865e+00
-1.975 1.875 2.2214e+00
-1.975 1.925 3.6690e+00
-1.975 1.975 5.7617e+00
-1.975 2.025 8.5599e+00
-1.975 2.075 1.1989e+01
-1.975 2.125 1.5804e+01
-1.975 2.175 1.9609e+01
-1.975 2.225 2.2944e+01
-1.975 2.275 2.5403e+01
-1.975 2.325 2.6735e+01
-1.975 2.375 2.6883e+01
-1.975 2.425 2.5970e+01
-1.975 2.475 2.4234e+01
-1.975 2.525 2.1957e+01
-1.975 2.575 1.9407e+01
-1.975 2.625 1.6804e+01
-1.975 2.675 1.4305e+01
-1.975 2.725 1.2010e+01
-1.975 2.775 9.9697e+00
-1.975 2.825 8.2008e+00
-1.975 2.875 6.6961e+00
-1.975 2.925 5.4350e+00
-1.975 2.975 4.3904e+00
-1.975 3.025 3.5328e+00
-1.975 3.075 2.8339e+00
-1.975 3.125 2.2675e+00
-1.975 3.175 1.8105e+00
-1.975 3.225 1.4431e+00
-1.975 3.275 1.1485e+00
-1.975 3.325 9.1285e-01
-1.975 3.375 7.2469e-01
-1.975 3.425 5.7463e-01
-1.975 3.475 4.5508e-01
-1.975 3.525 3.5991e-01
-1.975 3.575 2.8416e-01
-1.975 3.625 2.2384e-01
-1.975 3.675 1.7572e-01
-1.975 3.725 1.3714e-01
-1.975 3.775 1.0559e-01
-1.975 3.825 0.0000e+00
-1.975 3.875 0.0000e+00
-1.975 3.925 0.0000e+00
-1.975 3.975 0.0000e+00
-1.925 -1.975 0.0000e+00
-1.925 -1.925 0.0000e+00
-1.925 -1.875 0.0000e+00
-1.925 -1.825 0.0000e+00
-1.925 -1.775 0.0000e+00
-1.925 -1.725 0.0000e+00
-1.925 -1.675 0.0000e+00
-1.925 -1.625 0.0000e+00
-1.925 -1.575 0.0000e+00
-1.925 -1.525 0.0000e+00
-1.925 -1.475 0.0000e+00
-1.925 -1.425 0.0000e+00
-1.925 -1.375 0.0000e+00
-1.925 -1.325 0.0000e+00
-1.925 -1.275 0.0000e+00
-1.925 -1.225 0.0000e+00
-1.925 -1.175 0.0000e+00
-1.925 -1.125 0.0000e+00
-1.925 -1.075 0.0000e+00
-1.925 -1.025 0.0000e+00
-1.925 -0.975 0.0000e+00
-1.925 -0.925 0.0000e+00
-1.925 -0.875 0.0000e+00
-1.925 -0.825 0.0000e+00
-1.925 -0.775 0.0000e+00
-1.925 -0.725 0.0000e+00
-1.925 -0.675 0.0000e+00
-1.925 -0.625 0.0000e+00
-1.925 -0.575 0.0000e+00
-1.925 -0.525 0.0000e+00
-1.925 -0.475 0.0000e+00
-1.925 -0.425 0.0000e+00
-1.925 -0.375 0.0000e+00
-1.925 -0.325 0.0000e+00
-1.925 -0.275 0.0000e+00
-1.925 -0.225 0.0000e+00
-1.925 -0.175 0.0000e+00
-1.925 -0.125 0.0000e+00
-1.925 -0.075 0.0000e+00
-1.925 -0.025 0.0000e+00
-1.925 0.025 0.0000e+00
-1.925 0.075 0.0000e+00
-1.925 0.125 0.0000e+00
-1.925 0.175 0.0000e+00
-1.925 0.225 0.0000e+00
-1.925 0.275 0.0000e+00
-1.925 0.325 0.0000e+00
-1.925 0.375 0.0000e+00
-1.925 0.425 0.0000e+00
-1.925 0.475 0.0000e+00
-1.925 0.525 0.0000e+00
-1.925 0.575 0.0000e+00
-1.925 0.625 0.0000e+00
-1.925 0.675 0.0000e+00
-1.925 0.725 0.0000e+00
-1.925 0.775 0.0000e+00
-1.925 0.825 2.0822e-06
-1.925 0.875 4.1623e-06
-1.925 0.925 8.3235e-06
-1.925 0.975 1.6652e-05
-1.925 1.025 3.3330e-05
-1.925 1.075 6.6745e-05
-1.925 1.125 1.3373e-04
-1.925 1.175 2.6809e-04
-1.925 1.225 5.3763e-04
-1.925 1.275 1.0783e-03
-1.925 1.325 2.1619e-03
-1.925 1.375 4.3295e-03
-1.925 1.425 8.6505e-03
-1.925 1.475 1.7214e-02
-1.925 1.525 3.4036e-02
-1.925 1.575 6.6646e-02
-1.925 1.625 1.2872e-01
-1.925 1.675 2.4397e-01
-1.925 1.725 4.5118e-01
-1.925 1.775 8.0889e-01
-1.925 1.825 1.3964e+00
-1.925 1.875 2.3061e+00
-1.925 1.925 3.6209e+00
-1.925 1.975 5.3791e+00
-1.925 2.025 7.5339e+00
-1.925 2.075 9.9313e+00
-1.925 2.125 1.2323e+01
-1.925 2.175 1.4422e+01
-1.925 2.225 1.5971e+01
-1.925 2.275 1.6812e+01
-1.925 2.325 1.6909e+01
-1.925 2.375 1.6339e+01
-1.925 2.425 1.5251e+01
-1.925 2.475 1.3822e+01
-1.925 2.525 1.2220e+01
-1.925 2.575 1.0584e+01
-1.925 2.625 9.0125e+00
-1.925 2.675 7.5685e+00
-1.925 2.725 6.2844e+00
-1.925 2.775 5.1706e+00
-1.925 2.825 4.2229e+00
-1.925 2.875 3.4285e+00
-1.925 2.925 2.7702e+00
-1.925 2.975 2.2297e+00
-1.925 3.025 1.7890e+00
-1.925 3.075 1.4318e+00
-1.925 3.125 1.1436e+00
-1.925 3.175 9.1184e-01
-1.925 3.225 7.2599e-01
-1.925 3.275 5.7730e-01
-1.925 3.325 4.5855e-01
-1.925 3.375 3.6384e-01
-1.925 3.425 2.8838e-01
-1.925 3.475 2.2831e-01
-1.925 3.525 1.8052e-01
-1.925 3.575 1.4250e-01
-1.925 3.625 1.1223e-01
-1.925 3.675 8.8100e-02
-1.925 3.725 6.8749e-02
-1.925 3.775 5.2931e-02
-1.925 3.825 0.0000e+00
-1.925 3.875 0.0000e+00
-1.925 3.925 0.0000e+00
-1.925 3.975 0.0000e+00
-1.875 -1.975 0.0000e+00
-1.875 -1.925 0.0000e+00
-1.875 -1.875 0.0000e+00
-1.875 -1.825 0.0000e+00
-1.875 -1.775 0.0000e+00
-1.875 -1.725 0.0000e+00
-1.875 -1.675 0.0000e+00
-1.875 -1.625 0.0000e+00
-1.875 -1.575 0.0000e+00
-1.875 -1.525 0.0000e+00
-1.875 -1.475 0.0000e+00
-1.875 -1.425 0.0000e+00
-1.875 -1.375 0.0000e+00
-1.875 -1.325 0.0000e+00
-1.875 -1.275 0.0000e+00
-1.875 -1.225 0.0000e+00
-1.875 -1.175 0.0000e+00
-1.875 -1.125 0.0000e+00
-1.875 -1.075 0.0000e+00
-1.875 -1.025 0.0000e+00
-1.875 -0.975 0.0000e+00
-1.875 -0.925 0.0000e+00
-1.875 -0.875 0.0000e+00
-1.875 -0.825 0.0000e+00
-1.875 -0.775 0.0000e+00
-1.875 -0.725 0.0000e+00
-1.875 -0.675 0.0000e+00
-1.875 -0.625 0.0000e+00
-1.875 -0.575 0.0000e+00
-1.875 -0.525 0.0000e+00
-1.875 -0.475 0.0000e+00
-1.875 -0.425 0.0000e+00
-1.875 -0.375 0.0000e+00
-1.875 -0.325 0.0000e+00
-1.875 -0.275 0.0000e+00
-1.875 -0.225 0.0000e+00
-1.875 -0.175 0.0000e+00
-1.875 -0.125 0.0000e+00
-1.875 -0.075 0.0000e+00
-1.875 -0.025 0.0000e+00
-1.875 0.025 0.0000e+00
-1.875 0.075 0.0000e+00
-1.875 0.125 0.0000e+00
-1.875 0.175 0.0000e+00
-1.875 0.225 0.0000e+00
-1.875 0.275 0.0000e+00
-1.875 0.325 0.0000e+00
-1.875 0.375 0.0000e+00
-1.875 0.425 0.0000e+00
-1.875 0.475 0.0000e+00
-1.875 0.525 0.0000e+00
-1.875 0.575 0.0000e+00
-1.875 0.625 0.0000e+00
-1.875 0.675 0.0000e+00
-1.875 0.725 0.0000e+00
-1.875 0.775 0.0000e+00
-1.875 0.825 2.6250e-06
-1.875 0.875 5.2490e-06
-1.875 0.925 1.0500e-05
-1.875 0.975 2.1016e-05
-1.875 1.025 4.2082e-05
-1.875 1.075 8.4310e-05
-1.875 1.125 1.6899e-04
-1.875 1.175 3.3886e-04
-1.875 1.225 6.7955e-04
-1.875 1.275 1.3622e-03
-1.875 1.325 2.7277e-03
-1.875 1.375 5.4491e-03
-1.875 1.425 1.0842e-02
-1.875 1.475 2.1432e-02
-1.875 1.525 4.1957e-02
-1.875 1.575 8.1015e-02
-1.875 1.625 1.5352e-01
-1.875 1.675 2.8385e-01
-1.875 1.725 5.0879e-01
-1.875 1.775 8.7820e-01
-1.875 1.825 1.4500e+00
-1.875 1.875 2.2765e+00
-1.875 1.925 3.3816e+00
-1.875 1.975 4.7362e+00
-1.875 2.025 6.2436e+00
-1.875 2.075 7.7481e+00
-1.875 2.125 9.0685e+00
-1.875 2.175 1.0044e+01
-1.875 2.225 1.0575e+01
-1.875 2.275 1.0639e+01
-1.875 2.325 1.0283e+01
-1.875 2.375 9.6007e+00
-1.875 2.425 8.7033e+00
-1.875 2.475 7.6967e+00
-1.875 2.525 6.6677e+00
-1.875 2.575 5.6790e+00
-1.875 2.625 4.7702e+00
-1.875 2.675 3.9617e+00
-1.875 2.725 3.2603e+00
-1.875 2.775 2.6633e+00
-1.875 2.825 2.1628e+00
-1.875 2.875 1.7479e+00
-1.875 2.925 1.4071e+00
-1.875 2.975 1.1293e+00
-1.875 3.025 9.0406e-01
-1.875 3.075 7.2226e-01
-1.875 3.125 5.7605e-01
-1.875 3.175 4.5879e-01
-1.875 3.225 3.6496e-01
-1.875 3.275 2.9002e-01
-1.875 3.325 2.3023e-01
-1.875 3.375 1.8260e-01
-1.875 3.425 1.4469e-01
-1.875 3.475 1.1452e-01
-1.875 3.525 9.0532e-02
-1.875 3.575 7.1453e-02
-1.875 3.625 5.6272e-02
-1.875 3.675 4.4167e-02
-1.875 3.725 3.4464e-02
-1.875 3.775 2.6533e-02
-1.875 3.825 0.0000e+00
-1.875 3.875 0.0000e+00
-1.875 3.925 0.0000e+00
-1.875 3.975 0.0000e+00
-1.825 -1.975 0.0000e+00
-1.825 -1.925 0.0000e+00
-1.825 -1.875 0.0000e+00
-1.825 -1.825 0.0000e+00
-1.825 -1.775 0.0000e+00
-1.825 -1.725 0.0000e+00
-1.825 -1.675 0.0000e+00
-1.825 -1.625 0.0000e+00
-1.825 -1.575 0.0000e+00
-1.825 -1.525 0.0000e+00
-1.825 -1.475 0.0000e+00
-1.825 -1.425 0.0000e+00
-1.825 -1.375 0.0000e+00
-1.825 -1.325 0.0000e+00
-1.825 -1.275 0.0000e+00
-1.825 -1.225 0.0000e+00
-1.825 -1.175 0.0000e+00
-1.825 -1.125 0.0000e+00
-1.825 -1.075 0.0000e+00
-1.825 -1.025 0.0000e+00
-1.825 -0.975 0.0000e+00
-1.825 -0.925 0.0000e+00
-1.825 -0.875 0.0000e+00
-1.825 -0.825 0.0000e+00
-1.825 -0.775 0.0000e+00
-1.825 -0.725 0.0000e+00
-1.825 -0.675 0.0000e+00
-1.825 -0.625 0.0000e+00
-1.825 -0.575 0.0000e+00
-1.825 -0.525 0.0000e+00
-1.825 -0.475 0.0000e+00
-1.825 -0.425 0.0000e+00
-1.825 -0.375 0.0000e+00
-1.825 -0.325 0.0000e+00
-1.825 -0.275 0.0000e+00
-1.825 -0.225 0.0000e+00
-1.825 -0.175 0.0000e+00
-1.825 -0.125 0.0000e+00
-1.825 -0.075 0.0000e+00
-1.825 -0.025 0.0000e+00
-1.825 0.025 0.0000e+00
-1.825 0.075 0.0000e+00
-1.825 0.125 0.0000e+00
-1.825 0.175 0.0000e+00
-1.825 0.225 0.0000e+00
-1.825 0.275 0.0000e+00
-1.825 0.325 0.0000e+00
-1.825 0.375 0.0000e+00
-1.825 0.425 0.0000e+00
-1.825 0.475 0.0000e+00
-1.825 0.525 0.0000e+00
-1.825 0.575 0.0000e+00
-1.825 0.625 0.0000e+00
-1.825 0.675 0.0000e+00
-1.825 0.725 0.0000e+00
-1.825 0.775 0.0000e+00
-1.825 0.825 3.3103e-06
-1.825 0.875 6.6217e-06
-1.825 0.925 1.3252e-05
-1.825 0.975 2.6534e-05
-1.825 1.025 5.3156e-05
-1.825 1.075 1.0654e-04
-1.825 1.125 2.1361e-04
-1.825 1.175 4.2831e-04
-1.825 1.225 8.5851e-04
-1.825 1.275 1.7188e-03
-1.825 1.325 3.4331e-03
-1.825 1.375 6.8294e-03
-1.825 1.425 1.3498e-02
-1.825 1.475 2.6420e-02
-1.825 1.525 5.1005e-02
-1.825 1.575 9.6633e-02
-1.825 1.625 1.7863e-01
-1.825 1.675 3.2013e-01
-1.825 1.725 5.5247e-01
-1.825 1.775 9.1208e-01
-1.825 1.825 1.4318e+00
-1.825 1.875 2.1267e+00
-1.825 1.925 2.9786e+00
-1.825 1.975 3.9267e+00
-1.825 2.025 4.8733e+00
-1.825 2.075 5.7045e+00
-1.825 2.125 6.3193e+00
-1.825 2.175 6.6546e+00
-1.825 2.225 6.6960e+00
-1.825 2.275 6.4733e+00
-1.825 2.325 6.0451e+00
-1.825 2.375 5.4813e+00
-1.825 2.425 4.8484e+00
-1.825 2.475 4.2012e+00
-1.825 2.525 3.5790e+00
-1.825 2.575 3.0068e+00
-1.825 2.625 2.4977e+00
-1.825 2.675 2.0559e+00
-1.825 2.725 1.6798e+00
-1.825 2.775 1.3643e+00
-1.825 2.825 1.1028e+00
-1.825 2.875 8.8801e-01
-1.825 2.925 7.1282e-01
-1.825 2.975 5.7077e-01
-1.825 3.025 4.5610e-01
-1.825 3.075 3.6386e-01
-1.825 3.125 2.8987e-01
-1.825 3.175 2.3066e-01
-1.825 3.225 1.8336e-01
-1.825 3.275 1.4563e-01
-1.825 3.325 1.1556e-01
-1.825 3.375 9.1622e-02
-1.825 3.425 7.2579e-02
-1.825 3.475 5.7436e-02
-1.825 3.525 4.5397e-02
-1.825 3.575 3.5826e-02
-1.825 3.625 2.8211e-02
-1.825 3.675 2.2142e-02
-1.825 3.725 1.7276e-02
-1.825 3.775 1.3300e-02
-1.825 3.825 0.0000e+00
-1.825 3.875 0.0000e+00
-1.825 3.925 0.0000e+00
-1.825 3.975 0.0000e+00
-1.775 -1.975 0.0000e+00
-1.775 -1.925 0.0000e+00
-1.775 -1.875 0.0000e+00
-1.775 -1.825 0.0000e+00
-1.775 -1.775 0.0000e+00
-1.775 -1.725 0.0000e+00
-1.775 -1.675 0.0000e+00
-1.775 -1.625 0.0000e+00
-1.775 -1.575 0.0000e+00
-1.775 -1.525 0.0000e+00
-1.775 -1.475 0.0000e+00
-1.775 -1.425 0.0000e+00
-1.775 -1.375 0.0000e+00
-1.775 -1.325 0.0000e+00
-1.775 -1.275 0.0000e+00
-1.775 -1.225 0.0000e+00
-1.775 -1.175 0.0000e+00
-1.775 -1.125 0.0000e+00
-1.775 -1.075 0.0000e+00
-1.775 -1.025 0.0000e+00
-1.775 -0.975 0.0000e+00
-1.775 -0.925 0.0000e+00
-1.775 -0.875 0.0000e+00
-1.775 -0.825 0.0000e+00
-1.775 -0.775 0.0000e+00
-1.775 -0.725 0.0000e+00
-1.775 -0.675 0.0000e+00
-1.775 -0.625 0.0000e+00
-1.775 -0.575 0.0000e+00
-1.775 -0.525 0.0000e+00
-1.775 -0.475 0.0000e+00
-1.775 -0.425 0.0000e+00
-1.775 -0.375 0.0000e+00
-1.775 -0.325 0.0000e+00
-1.775 -0.275 0.0000e+00
-1.775 -0.225 0.0000e+00
-1.775 -0.175 0.0000e+00
-1.775 -0.125 0.0000e+00
-1.775 -0.075 0.0000e+00
-1.775 -0.025 0.0000e+00
-1.775 0.025 0.0000e+00
-1.775 0.075 0.0000e+00
-1.775 0.125 0.0000e+00
-1.775 0.175 0.0000e+00
-1.775 0.225 0.0000e+00
-1.775 0.275 0.0000e+00
-1.775 0.325 0.0000e+00
-1.775 0.375 0.0000e+00
-1.775 0.425 0.0000e+00
-1.775 0.475 0.0000e+00
-1.775 0.525 0.0000e+00
-1.775 0.575 0.0000e+00
-1.775 0.625 0.0000e+00
-1.775 0.675 0.0000e+00
-1.775 0.725 0.0000e+00
-1.775 0.775 0.0000e+00
-1.775 0.825 4.1760e-06
-1.775 0.875 8.3569e-06
-1.775 0.925 1.6732e-05
-1.775 0.975 3.3517e-05
-1.775 1.025 6.7171e-05
-1.775 1.075 1.3466e-04
-1.775 1.125 2.6999e-04
-1.775 1.175 5.4111e-04
-1.775 1.225 1.0832e-03
-1.775 1.275 2.1633e-03
-1.775 1.325 4.3028e-03
-1.775 1.375 8.5028e-03
-1.775 1.425 1.6640e-02
-1.775 1.475 3.2118e-02
-1.775 1.525 6.0841e-02
-1.775 1.575 1.1245e-01
-1.775 1.625 2.0149e-01
-1.775 1.675 3.4767e-01
-1.775 1.725 5.7390e-01
-1.775 1.775 9.0083e-01
-1.775 1.825 1.3380e+00
-1.775 1.875 1.8739e+00
-1.775 1.925 2.4704e+00
-1.775 1.975 3.0662e+00
-1.775 2.025 3.5895e+00
-1.775 2.075 3.9769e+00
-1.775 2.125 4.1886e+00
-1.775 2.175 4.2155e+00
-1.775 2.225 4.0761e+00
-1.775 2.275 3.8072e+00
-1.775 2.325 3.4528e+00
-1.775 2.375 3.0548e+00
-1.775 2.425 2.6475e+00
-1.775 2.475 2.2558e+00
-1.775 2.525 1.8956e+00
-1.775 2.575 1.5749e+00
-1.775 2.625 1.2965e+00
-1.775 2.675 1.0595e+00
-1.775 2.725 8.6069e-01
-1.775 2.775 6.9583e-01
-1.775 2.825 5.6039e-01
-1.775 2.875 4.4992e-01
-1.775 2.925 3.6032e-01
-1.775 2.975 2.8799e-01
-1.775 3.025 2.2979e-01
-1.775 3.075 1.8311e-01
-1.775 3.125 1.4575e-01
-1.775 3.175 1.1589e-01
-1.775 3.225 9.2078e-02
-1.775 3.275 7.3097e-02
-1.775 3.325 5.7985e-02
-1.775 3.375 4.5962e-02
-1.775 3.425 3.6402e-02
-1.775 3.475 2.8802e-02
-1.775 3.525 2.2762e-02
-1.775 3.575 1.7962e-02
-1.775 3.625 1.4143e-02
-1.775 3.675 1.1100e-02
-1.775 3.725 8.6601e-03
-1.775 3.775 6.6669e-03
-1.775 3.825 0.0000e+00
-1.775 3.875 0.0000e+00
-1.775 3.925 0.0000e+00
-1.775 3.975 0.0000e+00
-1.725 -1.975 0.0000e+00
-1.725 -1.925 0.0000e+00
-1.725 -1.875 0.0000e+00
-1.725 -1.825 0.0000e+00
-1.725 -1.775 0.0000e+00
-1.725 -1.725 0.0000e+00
-1.725 -1.675 0.0000e+00
-1.725 -1.625 0.0000e+00
-1.725 -1.575 0.0000e+00
-1.725 -1.525 0.0000e+00
-1.725 -1.475 0.0000e+00
-1.725 -1.425 0.0000e+00
-1.725 -1.375 0.0000e+00
-1.725 -1.325 0.0000e+00
-1.725 -1.275 0.0000e+00
-1.725 -1.225 0.0000e+00
-1.725 -1.175 0.0000e+00
-1.725 -1.125 0.0000e+00
-1.725 -1.075 0.0000e+00
-1.725 -1.025 0.0000e+00
-1.725 -0.975 0.0000e+00
-1.725 -0.925 0.0000e+00
-1.725 -0.875 0.0000e+00
-1.725 -0.825 0.0000e+00
-1.725 -0.775 0.0000e+00
-1.725 -0.725 0.0000e+00
-1.725 -0.675 0.0000e+00
-1.725 -0.625 0.0000e+00
-1.725 -0.575 0.0000e+00
-1.725 -0.525 0.0000e+00
-1.725 -0.475 0.0000e+00
-1.725 -0.425 0.0000e+00
-1.725 -0.375 0.0000e+00
-1.725 -0.325 0.0000e+00
-1.725 -0.275 0.0000e+00
-1.725 -0.225 0.0000e+00
-1.725 -0.175 0.0000e+00
-1.725 -0.125 0.0000e+00
-1.725 -0.075 0.0000e+00
-1.725 -0.025 0.0000e+00
-1.725 0.025 0.0000e+00
-1.725 0.075 0.0000e+00
-1.725 0.125 0.0000e+00
-1.725 0.175 0.0000e+00
-1.725 0.225 0.0000e+00
-1.725 0.275 0.0000e+00
-1.725 0.325 0.0000e+00
-1.725 0.375 0.0000e+00
-1.725 0.425 0.0000e+00
-1.725 0.475 0.0000e+00
-1.725 0.525 0.0000e+00
-1.725 0.575 0.0000e+00
-1.725 0.625 0.0000e+00
-1.725 0.675 0.0000e+00
-1.725 0.725 0.0000e+00
-1.725 0.775 0.0000e+00
-1.725 0.825 5.2703e-06
-1.725 0.875 1.0551e-05
-1.725 0.925 2.1135e-05
-1.725 0.975 4.2353e-05
-1.725 1.025 8.4902e-05
-1.725 1.075 1.7021e-04
-1.725 1.125 3.4109e-04
-1.725 1.175 6.8273e-04
-1.725 1.225 1.3633e-03
-1.725 1.275 2.7113e-03
-1.725 1.325 5.3571e-03
-1.725 1.375 1.0482e-02
-1.725 1.425 2.0230e-02
-1.725 1.475 3.8314e-02
-1.725 1.525 7.0803e-02
-1.725 1.575 1.2685e-01
-1.725 1.625 2.1885e-01
-1.725 1.675 3.6121e-01
-1.725 1.725 5.6694e-01
-1.725 1.775 8.4202e-01
-1.725 1.825 1.1792e+00
-1.725 1.875 1.5547e+00
-1.725 1.925 1.9298e+00
-1.725 1.975 2.2594e+00
-1.725 2.025 2.5035e+00
-1.725 2.075 2.6372e+00
-1.725 2.125 2.6545e+00
-1.725 2.175 2.5672e+00
-1.725 2.225 2.3983e+00
-1.725 2.275 2.1754e+00
-1.725 2.325 1.9250e+00
-1.725 2.375 1.6686e+00
-1.725 2.425 1.4220e+00
-1.725 2.475 1.1951e+00
-1.725 2.525 9.9310e-01
-1.725 2.575 8.1771e-01
-1.725 2.625 6.6832e-01
-1.725 2.675 5.4298e-01
-1.725 2.725 4.3905e-01
-1.725 2.775 3.5364e-01
-1.725 2.825 2.8397e-01
-1.725 2.875 2.2746e-01
-1.725 2.925 1.8183e-01
-1.725 2.975 1.4511e-01
-1.725 3.025 1.1566e-01
-1.725 3.075 9.2077e-02
-1.725 3.125 7.3236e-02
-1.725 3.175 5.8203e-02
-1.725 3.225 4.6221e-02
-1.725 3.275 3.6681e-02
-1.725 3.325 2.9090e-02
-1.725 3.375 2.3053e-02
-1.725 3.425 1.8255e-02
-1.725 3.475 1.4442e-02
-1.725 3.525 1.1413e-02
-1.725 3.575 9.0049e-03
-1.725 3.625 7.0901e-03
-1.725 3.675 5.5641e-03
-1.725 3.725 4.3411e-03
-1.725 3.775 3.3419e-03
-1.725 3.825 0.0000e+00
-1.725 3.875 0.0000e+00
-1.725 3.925 0.0000e+00
-1.725 3.975 0.0000e+00
-1.675 -1.975 0.0000e+00
-1.675 -1.925 0.0000e+00
-1.675 -1.875 0.0000e+00
-1.675 -1.825 0.0000e+00
-1.675 -1.775 0.0000e+00
-1.675 -1.725 0.0000e+00
-1.675 -1.675 0.0000e+00
-1.675 -1.625 0.0000e+00
-1.675 -1.575 0.0000e+00
-1.675 -1.525 0.0000e+00
-1.675 -1.475 0.0000e+00
-1.675 -1.425 0.0000e+00
-1.675 -1.375 0.0000e+00
-1.675 -1.325 0.0000e+00
-1.675 -1.275 0.0000e+00
-1.675 -1.225 0.0000e+00
-1.675 -1.175 0.0000e+00
-1.675 -1.125 0.0000e+00
-1.675 -1.075 0.0000e+00
-1.675 -1.025 0.0000e+00
-1.675 -0.975 0.0000e+00
-1.675 -0.925 0.0000e+00
-1.675 -0.875 0.0000e+00
-1.675 -0.825 0.0000e+00
-1.675 -0.775 0.0000e+00
-1.675 -0.725 0.0000e+00
-1.675 -0.675 0.0000e+00
-1.675 -0.625 0.0000e+00
-1.675 -0.575 0.0000e+00
-1.675 -0.525 0.0000e+00
-1.675 -0.475 0.0000e+00
-1.675 -0.425 0.0000e+00
-1.675 -0.375 0.0000e+00
-1.675 -0.325 0.0000e+00
-1.675 -0.275 0.0000e+00
-1.675 -0.225 0.0000e+00
-1.675 -0.175 0.0000e+00
-1.675 -0.125 0.0000e+00
-1.675 -0.075 0.0000e+00
-1.675 -0.025 0.0000e+00
-1.675 0.025 0.0000e+00
-1.675 0.075 0.0000e+00
-1.675 0.125 0.0000e+00
-1.675 0.175 0.0000e+00
-1.675 0.225 0.0000e+00
-1.675 0.275 0.0000e+00
-1.675 0.325 0.0000e+00
-1.675 0.375 0.0000e+00
-1.675 0.425 0.0000e+00
-1.675 0.475 0.0000e+00
-1.675 0.525 0.0000e+00
-1.675 0.575 0.0000e+00
-1.675 0.625 0.0000e+00
-1.675 0.675 0.0000e+00
-1.675 0.725 0.0000e+00
-1.675 0.775 0.0000e+00
-1.675 0.825 6.6542e-06
-1.675 0.875 1.3328e-05
-1.675 0.925 2.6707e-05
-1.675 0.975 5.3533e-05
-1.675 1.025 1.0731e-04
-1.675 1.075 2.1503e-04
-1.675 1.125 4.3037e-04
-1.675 1.175 8.5930e-04
-1.675 1.225 1.7087e-03
-1.675 1.275 3.3757e-03
-1.675 1.325 6.6044e-03
-1.675 1.375 1.2744e-02
-1.675 1.425 2.4133e-02
-1.675 1.475 4.4591e-02
-1.675 1.525 7.9876e-02
-1.675 1.575 1.3779e-01
-1.675 1.625 2.2741e-01
-1.675 1.675 3.5690e-01
-1.675 1.725 5.3005e-01
-1.675 1.775 7.4233e-01
-1.675 1.825 9.7870e-01
-1.675 1.875 1.2149e+00
-1.675 1.925 1.4225e+00
-1.675 1.975 1.5764e+00
-1.675 2.025 1.6608e+00
-1.675 2.075 1.6720e+00
-1.675 2.125 1.6172e+00
-1.675 2.175 1.5111e+00
-1.675 2.225 1.3709e+00
-1.675 2.275 1.2133e+00
-1.675 2.325 1.0518e+00
-1.675 2.375 8.9652e-01
-1.675 2.425 7.5357e-01
-1.675 2.475 6.2629e-01
-1.675 2.525 5.1575e-01
-1.675 2.575 4.2158e-01
-1.675 2.625 3.4257e-01
-1.675 2.675 2.7703e-01
-1.675 2.725 2.2317e-01
-1.675 2.775 1.7923e-01
-1.675 2.825 1.4358e-01
-1.675 2.875 1.1479e-01
-1.675 2.925 9.1628e-02
-1.675 2.975 7.3042e-02
-1.675 3.025 5.8162e-02
-1.675 3.075 4.6271e-02
-1.675 3.125 3.6782e-02
-1.675 3.175 2.9219e-02
-1.675 3.225 2.3196e-02
-1.675 3.275 1.8403e-02
-1.675 3.325 1.4591e-02
-1.675 3.375 1.1561e-02
-1.675 3.425 9.1539e-03
-1.675 3.475 7.2412e-03
-1.675 3.525 5.7218e-03
-1.675 3.575 4.5144e-03
-1.675 3.625 3.5543e-03
-1.675 3.675 2.7892e-03
-1.675 3.725 2.1761e-03
-1.675 3.775 1.6752e-03
-1.675 3.825 0.0000e+00
-1.675 3.875 0.0000e+00
-1.675 3.925 0.0000e+00
-1.675 3.975 0.0000e+00
-1.625 -1.975 0.0000e+00
-1.625 -1.925 0.0000e+00
-1.625 -1.875 0.0000e+00
-1.625 -1.825 0.0000e+00
-1.625 -1.775 0.0000e+00
-1.625 -1.725 0.0000e+00
-1.625 -1.675 0.0000e+00
-1.625 -1.625 0.0000e+00
-1.625 -1.575 0.0000e+00
-1.625 -1.525 0.0000e+00
-1.625 -1.475 0.0000e+00
-1.625 -1.425 0.0000e+00
-1.625 -1.375 0.0000e+00
-1.625 -1.325 0.0000e+00
-1.625 -1.275 0.0000e+00
-1.625 -1.225 0.0000e+00
-1.625 -1.175 0.0000e+00
-1.625 -1.125 0.0000e+00
-1.625 -1.075 0.0000e+00
-1.625 -1.025 0.0000e+00
-1.625 -0.975 0.0000e+00
-1.625 -0.925 0.0000e+00
-1.625 -0.875 0.0000e+00
-1.625 -0.825 0.0000e+00
-1.625 -0.775 0.0000e+00
-1.625 -0.725 0.0000e+00
-1.625 -0.675 0.0000e+00
-1.625 -0.625 0.0000e+00
-1.625 -0.575 0.0000e+00
-1.625 -0.525 0.0000e+00
-1.625 -0.475 0.0000e+00
-1.625 -0.425 0.0000e+00
-1.625 -0.375 0.0000e+00
-1.625 -0.325 0.0000e+00
-1.625 -0.275 0.0000e+00
-1.625 -0.225 0.0000e+00
-1.625 -0.175 0.0000e+00
-1.625 -0.125 0.0000e+00
-1.625 -0.075 0.0000e+00
-1.625 -0.025 0.0000e+00
-1.625 0.025 0.0000e+00
-1.625 0.075 0.0000e+00
-1.625 0.125 0.0000e+00
-1.625 0.175 0.0000e+00
-1.625 0.225 0.0000e+00
-1.625 0.275 0.0000e+00
-1.625 0.325 0.0000e+00
-1.625 0.375 0.0000e+00
-1.625 0.425 0.0000e+00
-1.625 0.475 0.0000e+00
-1.625 0.525 0.0000e+00
-1.625 0.575 0.0000e+00
-1.625 0.625 0.0000e+00
-1.625 0.675 0.0000e+00
-1.625 0.725 0.0000e+00
-1.625 0.775 0.0000e+00
-1.625 0.825 8.4052e-06
-1.625 0.875 1.6842e-05
-1.625 0.925 3.3756e-05
-1.625 0.975 6.7664e-05
-1.625 1.025 1.3557e-04
-1.625 1.075 2.7131e-04
-1.625 1.125 5.4167e-04
-1.625 1.175 1.0770e-03
-1.625 1.225 2.1274e-03
-1.625 1.275 4.1617e-03
-1.625 1.325 8.0295e-03
-1.625 1.375 1.5204e-02
-1.625 1.425 2.8088e-02
-1.625 1.475 5.0309e-02
-1.625 1.525 8.6778e-02
-1.625 1.575 1.4320e-01
-1.625 1.625 2.2473e-01
-1.625 1.675 3.3375e-01
-1.625 1.725 4.6741e-01
-1.625 1.775 6.1626e-01
-1.625 1.825 7.6502e-01
-1.625 1.875 8.9583e-01
-1.625 1.925 9.9287e-01
-1.625 1.975 1.0461e+00
-1.625 2.025 1.0533e+00
-1.625 2.075 1.0190e+00
-1.625 2.125 9.5223e-01
-1.625 2.175 8.6401e-01
-1.625 2.225 7.6478e-01
-1.625 2.275 6.6312e-01
-1.625 2.325 5.6528e-01
-1.625 2.375 4.7521e-01
-1.625 2.425 3.9499e-01
-1.625 2.475 3.2532e-01
-1.625 2.525 2.6595e-01
-1.625 2.575 2.1613e-01
-1.625 2.625 1.7480e-01
-1.625 2.675 1.4083e-01
-1.625 2.725 1.1312e-01
-1.625 2.775 9.0630e-02
-1.625 2.825 7.2469e-02
-1.625 2.875 5.7854e-02
-1.625 2.925 4.6125e-02
-1.625 2.975 3.6735e-02
-1.625 3.025 2.9230e-02
-1.625 3.075 2.3241e-02
-1.625 3.125 1.8466e-02
-1.625 3.175 1.4664e-02
-1.625 3.225 1.1638e-02
-1.625 3.275 9.2313e-03
-1.625 3.325 7.3181e-03
-1.625 3.375 5.7977e-03
-1.625 3.425 4.5899e-03
-1.625 3.475 3.6306e-03
-1.625 3.525 2.8686e-03
-1.625 3.575 2.2632e-03
-1.625 3.625 1.7818e-03
-1.625 3.675 1.3982e-03
-1.625 3.725 1.0908e-03
-1.625 3.775 8.3972e-04
-1.625 3.825 0.0000e+00
-1.625 3.875 0.0000e+00
-1.625 3.925 0.0000e+00
-1.625 3.975 0.0000e+00
-1.575 -1.975 0.0000e+00
-1.575 -1.925 0.0000e+00
-1.575 -1.875 0.0000e+00
-1.575 -1.825 0.0000e+00
-1.575 -1.775 0.0000e+00
-1.575 -1.725 0.0000e+00
-1.575 -1.675 0.0000e+00
-1.575 -1.625 0.0000e+00
-1.575 -1.575 0.0000e+00
-1.575 -1.525 0.0000e+00
-1.575 -1.475 0.0000e+00
-1.575 -1.425 0.0000e+00
-1.575 -1.375 0.0000e+00
-1.575 -1.325 0.0000e+00
-1.575 -1.275 0.0000e+00
-1.575 -1.225 0.0000e+00
-1.575 -1.175 0.0000e+00
-1.575 -1.125 0.0000e+00
-1.575 -1.075 0.0000e+00
-1.575 -1.025 0.0000e+00
-1.575 -0.975 0.0000e+00
-1.575 -0.925 0.0000e+00
-1.575 -0.875 0.0000e+00
-1.575 -0.825 0.0000e+00
-1.575 -0.775 0.0000e+00
-1.575 -0.725 0.0000e+00
-1.575 -0.675 0.0000e+00
-1.575 -0.625 0.0000e+00
-1.575 -0.575 0.0000e+00
-1.575 -0.525 0.0000e+00
-1.575 -0.475 0.0000e+00
-1.575 -0.425 0.0000e+00
-1.575 -0.375 0.0000e+00
-1.575 -0.325 0.0000e+00
-1.575 -0.275 0.0000e+00
-1.575 -0.225 0.0000e+00
-1.575 -0.175 0.0000e+00
-1.575 -0.125 0.0000e+00
-1.575 -0.075 0.0000e+00
-1.575 -0.025 0.0000e+00
-1.575 0.025 0.0000e+00
-1.575 0.075 0.0000e+00
-1.575 0.125 0.0000e+00
-1.575 0.175 0.0000e+00
-1.575 0.225 0.0000e+00
-1.575 0.275 0.0000e+00
-1.575 0.325 0.0000e+00
-1.575 0.375 0.0000e+00
-1.575 0.425 0.0000e+00
-1.575 0.475 0.0000e+00
-1.575 0.525 0.0000e+00
-1.575 0.575 0.0000e+00
-1.575 0.625 0.0000e+00
-1.575 0.675 0.0000e+00
-1.575 0.725 0.0000e+00
-1.575 0.775 0.0000e+00
-1.575 0.825 1.0621e-05
-1.575 0.875 2.1287e-05
-1.575 0.925 4.2666e-05
-1.575 0.975 8.5481e-05
-1.575 1.025 1.7106e-04
-1.575 1.075 3.4148e-04
-1.575 1.125 6.7889e-04
-1.575 1.175 1.3409e-03
-1.575 1.225 2.6228e-03
-1.575 1.275 5.0599e-03
-1.575 1.325 9.5796e-03
-1.575 1.375 1.7696e-02
-1.575 1.425 3.1692e-02
-1.575 1.475 5.4661e-02
-1.575 1.525 9.0197e-02
-1.575 1.575 1.4154e-01
-1.575 1.625 2.1020e-01
-1.575 1.675 2.9438e-01
-1.575 1.725 3.8813e-01
-1.575 1.775 4.8185e-01
-1.575 1.825 5.6429e-01
-1.575 1.875 6.2547e-01
-1.575 1.925 6.5911e-01
-1.575 1.975 6.6371e-01
-1.575 2.025 6.4215e-01
-1.575 2.075 6.0017e-01
-1.575 2.125 5.4464e-01
-1.575 2.175 4.8215e-01
-1.575 2.225 4.1811e-01
-1.575 2.275 3.5647e-01
-1.575 2.325 2.9971e-01
-1.575 2.375 2.4914e-01
-1.575 2.425 2.0522e-01
-1.575 2.475 1.6779e-01
-1.575 2.525 1.3637e-01
-1.575 2.575 1.1030e-01
-1.575 2.625 8.8878e-02
-1.575 2.675 7.1394e-02
-1.575 2.725 5.7208e-02
-1.575 2.775 4.5749e-02
-1.575 2.825 3.6527e-02
-1.575 2.875 2.9126e-02
-1.575 2.925 2.3200e-02
-1.575 2.975 1.8463e-02
-1.575 3.025 1.4683e-02
-1.575 3.075 1.1669e-02
-1.575 3.125 9.2683e-03
-1.575 3.175 7.3578e-03
-1.575 3.225 5.8382e-03
-1.575 3.275 4.6301e-03
-1.575 3.325 3.6700e-03
-1.575 3.375 2.9072e-03
-1.575 3.425 2.3014e-03
-1.575 3.475 1.8203e-03
-1.575 3.525 1.4382e-03
-1.575 3.575 1.1346e-03
-1.575 3.625 8.9324e-04
-1.575 3.675 7.0093e-04
-1.575 3.725 5.4683e-04
-1.575 3.775 4.2094e-04
-1.575 3.825 0.0000e+00
-1.575 3.875 0.0000e+00
-1.575 3.925 0.0000e+00
-1.575 3.975 0.0000e+00
-1.525 -1.975 0.0000e+00
-1.525 -1.925 0.0000e+00
-1.525 -1.875 0.0000e+00
-1.525 -1.825 0.0000e+00
-1.525 -1.775 0.0000e+00
-1.525 -1.725 0.0000e+00
-1.525 -1.675 0.0000e+00
-1.525 -1.625 0.0000e+00
-1.525 -1.575 0.0000e+00
-1.525 -1.525 0.0000e+00
-1.525 -1.475 0.0000e+00
-1.525 -1.425 0.0000e+00
-1.525 -1.375 0.0000e+00
-1.525 -1.325 0.0000e+00
-1.525 -1.275 0.0000e+00
-1.525 -1.225 0.0000e+00
-1.525 -1.175 0.0000e+00
-1.525 -1.125 0.0000e+00
-1.525 -1.075 0.0000e+00
-1.525 -1.025 0.0000e+00
-1.525 -0.975 0.0000e+00
-1.525 -0.925 0.0000e+00
-1.525 -0.875 0.0000e+00
-1.525 -0.825 0.0000e+00
-1.525 -0.775 0.0000e+00
-1.525 -0.725 0.0000e+00
-1.525 -0.675 0.0000e+00
-1.525 -0.625 0.0000e+00
-1.525 -0.575 0.0000e+00
-1.525 -0.525 0.0000e+00
-1.525 -0.475 0.0000e+00
-1.525 -0.425 0.0000e+00
-1.525 -0.375 0.0000e+00
-1.525 -0.325 0.0000e+00
-1.525 -0.275 0.0000e+00
-1.525 -0.225 0.0000e+00
-1.525 -0.175 0.0000e+00
-1.525 -0.125 0.0000e+00
-1.525 -0.075 0.0000e+00
-1.525 -0.025 0.0000e+00
-1.525 0.025 0.0000e+00
-1.525 0.075 0.0000e+00
-1.525 0.125 0.0000e+00
-1.525 0.175 0.0000e+00
-1.525 0.225 0.0000e+00
-1.525 0.275 0.0000e+00
-1.525 0.325 0.0000e+00
-1.525 0.375 0.0000e+00
-1.525 0.425 0.0000e+00
-1.525 0.475 0.0000e+00
-1.525 0.525 0.0000e+00
-1.525 0.575 0.0000e+00
-1.525 0.625 0.0000e+00
-1.525 0.675 0.0000e+00
-1.525 0.725 0.0000e+00
-1.525 0.775 0.0000e+00
-1.525 0.825 1.3424e-05
-1.525 0.875 2.6906e-05
-1.525 0.925 5.3901e-05
-1.525 0.975 1.0785e-04
-1.525 1.025 2.1529e-04
-1.525 1.075 4.2799e-04
-1.525 1.125 8.4526e-04
-1.525 1.175 1.6532e-03
-1.525 1.225 3.1890e-03
-1.525 1.275 6.0369e-03
-1.525 1.325 1.1151e-02
-1.525 1.375 1.9968e-02
-1.525 1.425 3.4437e-02
-1.525 1.475 5.6822e-02
-1.525 1.525 8.9164e-02
-1.525 1.575 1.3241e-01
-1.525 1.625 1.8544e-01
-1.525 1.675 2.4451e-01
-1.525 1.725 3.0356e-01
-1.525 1.775 3.5552e-01
-1.525 1.825 3.9411e-01
-1.525 1.875 4.1534e-01
-1.525 1.925 4.1829e-01
-1.525 1.975 4.0475e-01
-1.525 2.025 3.7834e-01
-1.525 2.075 3.4337e-01
-1.525 2.125 3.0401e-01
-1.525 2.175 2.6366e-01
-1.525 2.225 2.2481e-01
-1.525 2.275 1.8904e-01
-1.525 2.325 1.5716e-01
-1.525 2.375 1.2946e-01
-1.525 2.425 1.0586e-01
-1.525 2.475 8.6047e-02
-1.525 2.525 6.9606e-02
-1.525 2.575 5.6091e-02
-1.525 2.625 4.5061e-02
-1.525 2.675 3.6111e-02
-1.525 2.725 2.8881e-02
-1.525 2.775 2.3062e-02
-1.525 2.825 1.8391e-02
-1.525 2.875 1.4651e-02
-1.525 2.925 1.1661e-02
-1.525 2.975 9.2750e-03
-1.525 3.025 7.3724e-03
-1.525 3.075 5.8570e-03
-1.525 3.125 4.6508e-03
-1.525 3.175 3.6913e-03
-1.525 3.225 2.9284e-03
-1.525 3.275 2.3221e-03
-1.525 3.325 1.8404e-03
-1.525 3.375 1.4578e-03
-1.525 3.425 1.1539e-03
-1.525 3.475 9.1263e-04
-1.525 3.525 7.2103e-04
-1.525 3.575 5.6882e-04
-1.525 3.625 4.4781e-04
-1.525 3.675 3.5139e-04
-1.525 3.725 2.7413e-04
-1.525 3.775 0.0000e+00
-1.525 3.825 0.0000e+00
-1.525 3.875 0.0000e+00
-1.525 3.925 0.0000e+00
-1.525 3.975 0.0000e+00
-1.475 -1.975 0.0000e+00
-1.475 -1.925 0.0000e+00
-1.475 -1.875 0.0000e+00
-1.475 -1.825 0.0000e+00
-1.475 -1.775 0.0000e+00
-1.475 -1.725 0.0000e+00
-1.475 -1.675 0.0000e+00
-1.475 -1.625 0.0000e+00
-1.475 -1.575 0.0000e+00
-1.475 -1.525 0.0000e+00
-1.475 -1.475 0.0000e+00
-1.475 -1.425 0.0000e+00
-1.475 -1.375 0.0000e+00
-1.475 -1.325 0.0000e+00
-1.475 -1.275 0.0000e+00
-1.475 -1.225 0.0000e+00
-1.475 -1.175 0.0000e+00
-1.475 -1.125 0.0000e+00
-1.475 -1.075 0.0000e+00
-1.475 -1.025 0.0000e+00
-1.475 -0.975 0.0000e+00
-1.475 -0.925 0.0000e+00
-1.475 -0.875 0.0000e+00
-1.475 -0.825 0.0000e+00
-1.475 -0.775 0.0000e+00
-1.475 -0.725 0.0000e+00
-1.475 -0.675 0.0000e+00
-1.475 -0.625 0.0000e+00
-1.475 -0.575 0.0000e+00
-1.475 -0.525 0.0000e+00
-1.475 -0.475 0.0000e+00
-1.475 -0.425 0.0000e+00
-1.475 -0.375 0.0000e+00
-1.475 -0.325 0.0000e+00
-1.475 -0.275 0.0000e+00
-1.475 -0.225 0.0000e+00
-1.475 -0.175 0.0000e+00
-1.475 -0.125 0.0000e+00
-1.475 -0.075 0.0000e+00
-1.475 -0.025 0.0000e+00
-1.475 0.025 0.0000e+00
-1.475 0.075 0.0000e+00
-1.475 0.125 0.0000e+00
-1.475 0.175 0.0000e+00
-1.475 0.225 0.0000e+00
-1.475 0.275 0.0000e+00
-1.475 0.325 0.0000e+00
-1.475 0.375 0.0000e+00
-1.475 0.425 0.0000e+00
-1.475 0.475 0.0000e+00
-1.475 0.525 0.0000e+00
-1.475 0.575 0.0000e+00
-1.475 0.625 0.0000e+00
-1.475 0.675 0.0000e+00
-1.475 0.725 0.0000e+00
-1.475 0.775 0.0000e+00
-1.475 0.825 1.6968e-05
-1.475 0.875 3.3990e-05
-1.475 0.925 6.8008e-05
-1.475 0.975 1.3575e-04
-1.475 1.025 2.6983e-04
-1.475 1.075 5.3287e-04
-1.475 1.125 1.0421e-03
-1.475 1.175 2.0100e-03
-1.475 1.225 3.8048e-03
-1.475 1.275 7.0272e-03
-1.475 1.325 1.2583e-02
-1.475 1.375 2.1700e-02
-1.475 1.425 3.5803e-02
-1.475 1.475 5.6179e-02
-1.475 1.525 8.3426e-02
-1.475 1.575 1.1684e-01
-1.475 1.625 1.5406e-01
-1.475 1.675 1.9128e-01
-1.475 1.725 2.2404e-01
-1.475 1.775 2.4837e-01
-1.475 1.825 2.6178e-01
-1.475 1.875 2.6367e-01
-1.475 1.925 2.5516e-01
-1.475 1.975 2.3853e-01
-1.475 2.025 2.1652e-01
-1.475 2.075 1.9172e-01
-1.475 2.125 1.6629e-01
-1.475 2.175 1.4180e-01
-1.475 2.225 1.1925e-01
-1.475 2.275 9.9147e-02
-1.475 2.325 8.1682e-02
-1.475 2.375 6.6796e-02
-1.475 2.425 5.4298e-02
-1.475 2.475 4.3927e-02
-1.475 2.525 3.5401e-02
-1.475 2.575 2.8442e-02
-1.475 2.625 2.2795e-02
-1.475 2.675 1.8232e-02
-1.475 2.725 1.4560e-02
-1.475 2.775 1.1613e-02
-1.475 2.825 9.2519e-03
-1.475 2.875 7.3649e-03
-1.475 2.925 5.8586e-03
-1.475 2.975 4.6576e-03
-1.475 3.025 3.7008e-03
-1.475 3.075 2.9392e-03
-1.475 3.125 2.3334e-03
-1.475 3.175 1.8517e-03
-1.475 3.225 1.4688e-03
-1.475 3.275 1.1645e-03
-1.475 3.325 9.2288e-04
-1.475 3.375 7.3097e-04
-1.475 3.425 5.7858e-04
-1.475 3.475 4.5758e-04
-1.475 3.525 3.6150e-04
-1.475 3.575 2.8518e-04
-1.475 3.625 2.2451e-04
-1.475 3.675 1.7617e-04
-1.475 3.725 1.3743e-04
-1.475 3.775 0.0000e+00
-1.475 3.825 0.0000e+00
-1.475 3.875 0.0000e+00
-1.475 3.925 0.0000e+00
-1.475 3.975 0.0000e+00
-1.425 -1.975 0.0000e+00
-1.425 -1.925 0.0000e+00
-1.425 -1.875 0.0000e+00
-1.425 -1.825 0.0000e+00
-1.425 -1.775 0.0000e+00
-1.425 -1.725 0.0000e+00
-1.425 -1.675 0.0000e+00
-1.425 -1.625 0.0000e+00
-1.425 -1.575 0.0000e+00
-1.425 -1.525 0.0000e+00
-1.425 -1.475 0.0000e+00
-1.425 -1.425 0.0000e+00
-1.425 -1.375 0.0000e+00
-1.425 -1.325 0.0000e+00
-1.425 -1.275 0.0000e+00
-1.425 -1.225 0.0000e+00
-1.425 -1.175 0.0000e+00
-1.425 -1.125 0.0000e+00
-1.425 -1.075 0.0000e+00
-1.425 -1.025 0.0000e+00
-1.425 -0.975 0.0000e+00
-1.425 -0.925 0.0000e+00
-1.425 -0.875 0.0000e+00
-1.425 -0.825 0.0000e+00
-1.425 -0.775 0.0000e+00
-1.425 -0.725 0.0000e+00
-1.425 -0.675 0.0000e+00
-1.425 -0.625 0.0000e+00
-1.425 -0.575 0.0000e+00
-1.425 -0.525 0.0000e+00
-1.425 -0.475 0.0000e+00
-1.425 -0.425 0.0000e+00
-1.425 -0.375 0.0000e+00
-1.425 -0.325 0.0000e+00
-1.425 -0.275 0.0000e+00
-1.425 -0.225 0.0000e+00
-1.425 -0.175 0.0000e+00
-1.425 -0.125 0.0000e+00
-1.425 -0.075 0.0000e+00
-1.425 -0.025 0.0000e+00
-1.425 0.025 0.0000e+00
-1.425 0.075 0.0000e+00
-1.425 0.125 0.0000e+00
-1.425 0.175 0.0000e+00
-1.425 0.225 0.0000e+00
-1.425 0.275 0.0000e+00
-1.425 0.325 0.0000e+00
-1.425 0.375 0.0000e+00
-1.425 0.425 0.0000e+00
-1.425 0.475 0.0000e+00
-1.425 0.525 0.0000e+00
-1.425 0.575 0.0000e+00
-1.425 0.625 0.0000e+00
-1.425 0.675 0.0000e+00
-1.425 0.725 0.0000e+00
-1.425 0.775 0.0000e+00
-1.425 0.825 2.1435e-05
-1.425 0.875 4.2885e-05
-1.425 0.925 8.5595e-05
-1.425 0.975 1.7013e-04
-1.425 1.025 3.3596e-04
-1.425 1.075 6.5698e-04
-1.425 1.125 1.2671e-03
-1.425 1.175 2.3983e-03
-1.425 1.225 4.4292e-03
-1.425 1.275 7.9305e-03
-1.425 1.325 1.3675e-02
-1.425 1.375 2.2562e-02
-1.425 1.425 3.5403e-02
-1.425 1.475 5.2573e-02
-1.425 1.525 7.3630e-02
-1.425 1.575 9.7090e-02
-1.425 1.625 1.2055e-01
-1.425 1.675 1.4121e-01
-1.425 1.725 1.5656e-01
-1.425 1.775 1.6503e-01
-1.425 1.825 1.6623e-01
-1.425 1.875 1.6088e-01
-1.425 1.925 1.5042e-01
-1.425 1.975 1.3654e-01
-1.425 2.025 1.2092e-01
-1.425 2.075 1.0489e-01
-1.425 2.125 8.9452e-02
-1.425 2.175 7.5230e-02
-1.425 2.225 6.2555e-02
-1.425 2.275 5.1540e-02
-1.425 2.325 4.2151e-02
-1.425 2.375 3.4266e-02
-1.425 2.425 2.7724e-02
-1.425 2.475 2.2344e-02
-1.425 2.525 1.7953e-02
-1.425 2.575 1.4390e-02
-1.425 2.625 1.1511e-02
-1.425 2.675 9.1929e-03
-1.425 2.725 7.3325e-03
-1.425 2.775 5.8425e-03
-1.425 2.825 4.6514e-03
-1.425 2.875 3.7005e-03
-1.425 2.925 2.9422e-03
-1.425 2.975 2.3382e-03
-1.425 3.025 1.8574e-03
-1.425 3.075 1.4748e-03
-1.425 3.125 1.1706e-03
-1.425 3.175 9.2879e-04
-1.425 3.225 7.3665e-04
-1.425 3.275 5.8402e-04
-1.425 3.325 4.6280e-04
-1.425 3.375 3.6654e-04
-1.425 3.425 2.9011e-04
-1.425 3.475 2.2943e-04
-1.425 3.525 1.8125e-04
-1.425 3.575 1.4299e-04
-1.425 3.625 1.1256e-04
-1.425 3.675 8.8325e-05
-1.425 3.725 6.8905e-05
-1.425 3.775 0.0000e+00
-1.425 3.825 0.0000e+00
-1.425 3.875 0.0000e+00
-1.425 3.925 0.0000e+00
-1.425 3.975 0.0000e+00
-1.375 -1.975 0.0000e+00
-1.375 -1.925 0.0000e+00
-1.375 -1.875 0.0000e+00
-1.375 -1.825 0.0000e+00
-1.375 -1.775 0.0000e+00
-1.375 -1.725 0.0000e+00
-1.375 -1.675 0.0000e+00
-1.375 -1.625 0.0000e+00
-1.375 -1.575 0.0000e+00
-1.375 -1.525 0.0000e+00
-1.375 -1.475 0.0000e+00
-1.375 -1.425 0.0000e+00
-1.375 -1.375 0.0000e+00
-1.375 -1.325 0.0000e+00
-1.375 -1.275 0.0000e+00
-1.375 -1.225 0.0000e+00
-1.375 -1.175 0.0000e+00
-1.375 -1.125 0.0000e+00
-1.375 -1.075 0.0000e+00
-1.375 -1.025 0.0000e+00
-1.375 -0.975 0.0000e+00
-1.375 -0.925 0.0000e+00
-1.375 -0.875 0.0000e+00
-1.375 -0.825 0.0000e+00
-1.375 -0.775 0.0000e+00
-1.375 -0.725 0.0000e+00
-1.375 -0.675 0.0000e+00
-1.375 -0.625 0.0000e+00
-1.375 -0.575 0.0000e+00
-1.375 -0.525 0.0000e+00
-1.375 -0.475 0.0000e+00
-1.375 -0.425 0.0000e+00
-1.375 -0.375 0.0000e+00
-1.375 -0.325 0.0000e+00
-1.375 -0.275 0.0000e+00
-1.375 -0.225 0.0000e+00
-1.375 -0.175 0.0000e+00
-1.375 -0.125 0.0000e+00
-1.375 -0.075 0.0000e+00
-1.375 -0.025 0.0000e+00
-1.375 0.025 0.0000e+00
-1.375 0.075 0.0000e+00
-1.375 0.125 0.0000e+00
-1.375 0.175 0.0000e+00
-1.375 0.225 0.0000e+00
-1.375 0.275 0.0000e+00
-1.375 0.325 0.0000e+00
-1.375 0.375 0.0000e+00
-1.375 0.425 0.0000e+00
-1.375 0.475 0.0000e+00
-1.375 0.525 0.0000e+00
-1.375 0.575 0.0000e+00
-1.375 0.625 0.0000e+00
-1.375 0.675 0.0000e+00
-1.375 0.725 0.0000e+00
-1.375 0.775 0.0000e+00
-1.375 0.825 2.7044e-05
-1.375 0.875 5.3975e-05
-1.375 0.925 1.0728e-04
-1.375 0.975 2.1183e-04
-1.375 1.025 4.1421e-04
-1.375 1.075 7.9881e-04
-1.375 1.125 1.5119e-03
-1.375 1.175 2.7920e-03
-1.375 1.225 4.9988e-03
-1.375 1.275 8.6196e-03
-1.375 1.325 1.4221e-02
-1.375 1.375 2.2313e-02
-1.375 1.425 3.3135e-02
-1.375 1.475 4.6408e-02
-1.375 1.525 6.1197e-02
-1.375 1.575 7.5990e-02
-1.375 1.625 8.9016e-02
-1.375 1.675 9.8701e-02
-1.375 1.725 1.0405e-01
-1.375 1.775 1.0482e-01
-1.375 1.825 1.0146e-01
-1.375 1.875 9.4866e-02
-1.375 1.925 8.6125e-02
-1.375 1.975 7.6275e-02
-1.375 2.025 6.6171e-02
-1.375 2.075 5.6437e-02
-1.375 2.125 4.7468e-02
-1.375 2.175 3.9473e-02
-1.375 2.225 3.2525e-02
-1.375 2.275 2.6601e-02
-1.375 2.325 2.1627e-02
-1.375 2.375 1.7499e-02
-1.375 2.425 1.4104e-02
-1.375 2.475 1.1333e-02
-1.375 2.525 9.0843e-03
-1.375 2.575 7.2672e-03
-1.375 2.625 5.8044e-03
-1.375 2.675 4.6301e-03
-1.375 2.725 3.6896e-03
-1.375 2.775 2.9376e-03
-1.375 2.825 2.3373e-03
-1.375 2.875 1.8586e-03
-1.375 2.925 1.4772e-03
-1.375 2.975 1.1736e-03
-1.375 3.025 9.3205e-04
-1.375 3.075 7.3994e-04
-1.375 3.125 5.8723e-04
-1.375 3.175 4.6588e-04
-1.375 3.225 3.6947e-04
-1.375 3.275 2.9290e-04
-1.375 3.325 2.3209e-04
-1.375 3.375 1.8381e-04
-1.375 3.425 1.4548e-04
-1.375 3.475 1.1505e-04
-1.375 3.525 9.0886e-05
-1.375 3.575 7.1696e-05
-1.375 3.625 5.6441e-05
-1.375 3.675 4.4287e-05
-1.375 3.725 3.4550e-05
-1.375 3.775 0.0000e+00
-1.375 3.825 0.0000e+00
-1.375 3.875 0.0000e+00
-1.375 3.925 0.0000e+00
-1.375 3.975 0.0000e+00
-1.325 -1.975 0.0000e+00
-1.325 -1.925 0.0000e+00
-1.325 -1.875 0.0000e+00
-1.325 -1.825 0.0000e+00
-1.325 -1.775 0.0000e+00
-1.325 -1.725 0.0000e+00
-1.325 -1.675 0.0000e+00
-1.325 -1.625 0.0000e+00
-1.325 -1.575 0.0000e+00
-1.325 -1.525 0.0000e+00
-1.325 -1.475 0.0000e+00
-1.325 -1.425 0.0000e+00
-1.325 -1.375 0.0000e+00
-1.325 -1.325 0.0000e+00
-1.325 -1.275 0.0000e+00
-1.325 -1.225 0.0000e+00
-1.325 -1.175 0.0000e+00
-1.325 -1.125 0.0000e+00
-1.325 -1.075 0.0000e+00
-1.325 -1.025 0.0000e+00
-1.325 -0.975 0.0000e+00
-1.325 -0.925 0.0000e+00
-1.325 -0.875 0.0000e+00
-1.325 -0.825 0.0000e+00
-1.325 -0.775 0.0000e+00
-1.325 -0.725 0.0000e+00
-1.325 -0.675 0.0000e+00
-1.325 -0.625 0.0000e+00
-1.325 -0.575 0.0000e+00
-1.325 -0.525 0.0000e+00
-1.325 -0.475 0.0000e+00
-1.325 -0.425 0.0000e+00
-1.325 -0.375 0.0000e+00
-1.325 -0.325 0.0000e+00
-1.325 -0.275 0.0000e+00
-1.325 -0.225 0.0000e+00
-1.325 -0.175 0.0000e+00
-1.325 -0.125 0.0000e+00
-1.325 -0.075 0.0000e+00
-1.325 -0.025 0.0000e+00
-1.325 0.025 0.0000e+00
-1.325 0.075 0.0000e+00
-1.325 0.125 0.0000e+00
-1.325 0.175 0.0000e+00
-1.325 0.225 0.0000e+00
-1.325 0.275 0.0000e+00
-1.325 0.325 0.0000e+00
-1.325 0.375 0.0000e+00
-1.325 0.425 0.0000e+00
-1.325 0.475 0.0000e+00
-1.325 0.525 0.0000e+00
-1.325 0.575 0.0000e+00
-1.325 0.625 0.0000e+00
-1.325 0.675 0.0000e+00
-1.325 0.725 0.0000e+00
-1.325 0.775 0.0000e+00
-1.325 0.825 3.4037e-05
-1.325 0.875 6.7647e-05
-1.325 0.925 1.3357e-04
-1.325 0.975 2.6116e-04
-1.325 1.025 5.0364e-04
-1.325 1.075 9.5315e-04
-1.325 1.125 1.7601e-03
-1.325 1.175 3.1512e-03
-1.325 1.225 5.4336e-03
-1.325 1.275 8.9642e-03
-1.325 1.325 1.4066e-02
-1.325 1.375 2.0888e-02
-1.325 1.425 2.9255e-02
-1.325 1.475 3.8580e-02
-1.325 1.525 4.7909e-02
-1.325 1.575 5.6126e-02
-1.325 1.625 6.2238e-02
-1.325 1.675 6.5616e-02
-1.325 1.725 6.6108e-02
-1.325 1.775 6.3994e-02
-1.325 1.825 5.9841e-02
-1.325 1.875 5.4333e-02
-1.325 1.925 4.8123e-02
-1.325 1.975 4.1751e-02
-1.325 2.025 3.5612e-02
-1.325 2.075 2.9955e-02
-1.325 2.125 2.4911e-02
-1.325 2.175 2.0528e-02
-1.325 2.225 1.6790e-02
-1.325 2.275 1.3651e-02
-1.325 2.325 1.1046e-02
-1.325 2.375 8.9040e-03
-1.325 2.425 7.1551e-03
-1.325 2.475 5.7356e-03
-1.325 2.525 4.5886e-03
-1.325 2.575 3.6652e-03
-1.325 2.625 2.9239e-03
-1.325 2.675 2.3301e-03
-1.325 2.725 1.8554e-03
-1.325 2.775 1.4764e-03
-1.325 2.825 1.1741e-03
-1.325 2.875 9.3329e-04
-1.325 2.925 7.4157e-04
-1.325 2.975 5.8901e-04
-1.325 3.025 4.6769e-04
-1.325 3.075 3.7124e-04
-1.325 3.125 2.9459e-04
-1.325 3.175 2.3369e-04
-1.325 3.225 1.8532e-04
-1.325 3.275 1.4690e-04
-1.325 3.325 1.1640e-04
-1.325 3.375 9.2182e-05
-1.325 3.425 7.2957e-05
-1.325 3.475 5.7695e-05
-1.325 3.525 4.5578e-05
-1.325 3.575 3.5954e-05
-1.325 3.625 2.8303e-05
-1.325 3.675 2.2209e-05
-1.325 3.725 1.7325e-05
-1.325 3.775 0.0000e+00
-1.325 3.825 0.0000e+00
-1.325 3.875 0.0000e+00
-1.325 3.925 0.0000e+00
-1.325 3.975 0.0000e+00
-1.275 -1.975 0.0000e+00
-1.275 -1.925 0.0000e+00
-1.275 -1.875 0.0000e+00
-1.275 -1.825 0.0000e+00
-1.275 -1.775 0.0000e+00
-1.275 -1.725 0.0000e+00
-1.275 -1.675 0.0000e+00
-1.275 -1.625 0.0000e+00
-1.275 -1.575 0.0000e+00
-1.275 -1.525 0.0000e+00
-1.275 -1.475 0.0000e+00
-1.275 -1.425 0.0000e+00
-1.275 -1.375 0.0000e+00
-1.275 -1.325 0.0000e+00
-1.275 -1.275 0.0000e+00
-1.275 -1.225 0.0000e+00
-1.275 -1.175 0.0000e+00
-1.275 -1.125 0.0000e+00
-1.275 -1.075 0.0000e+00
-1.275 -1.025 0.0000e+00
-1.275 -0.975 0.0000e+00
-1.275 -0.925 0.0000e+00
-1.275 -0.875 0.0000e+00
-1.275 -0.825 0.0000e+00
-1.275 -0.775 0.0000e+00
-1.275 -0.725 0.0000e+00
-1.275 -0.675 0.0000e+00
-1.275 -0.625 0.0000e+00
-1.275 -0.575 0.0000e+00
-1.275 -0.525 0.0000e+00
-1.275 -0.475 0.0000e+00
-1.275 -0.425 0.0000e+00
-1.275 -0.375 0.0000e+00
-1.275 -0.325 0.0000e+00
-1.275 -0.275 0.0000e+00
-1.275 -0.225 0.0000e+00
-1.275 -0.175 0.0000e+00
-1.275 -0.125 0.0000e+00
-1.275 -0.075 0.0000e+00
-1.275 -0.025 0.0000e+00
-1.275 0.025 0.0000e+00
-1.275 0.075 0.0000e+00
-1.275 0.125 0.0000e+00
-1.275 0.175 0.0000e+00
-1.275 0.225 0.0000e+00
-1.275 0.275 0.0000e+00
-1.275 0.325 0.0000e+00
-1.275 0.375 0.0000e+00
-1.275 0.425 0.0000e+00
-1.275 0.475 0.0000e+00
-1.275 0.525 0.0000e+00
-1.275 0.575 0.0000e+00
-1.275 0.625 0.0000e+00
-1.275 0.675 0.0000e+00
-1.275 0.725 0.0000e+00
-1.275 0.775 0.0000e+00
-1.275 0.825 4.2659e-05
-1.275 0.875 8.4224e-05
-1.275 0.925 1.6468e-04
-1.275 0.975 3.1755e-04
-1.275 1.025 6.0096e-04
-1.275 1.075 1.1097e-03
-1.275 1.125 1.9867e-03
-1.275 1.175 3.4256e-03
-1.275 1.225 5.6514e-03
-1.275 1.275 8.8677e-03
-1.275 1.325 1.3169e-02
-1.275 1.375 1.8445e-02
-1.275 1.425 2.4326e-02
-1.275 1.475 3.0210e-02
-1.275 1.525 3.5394e-02
-1.275 1.575 3.9252e-02
-1.275 1.625 4.1387e-02
-1.275 1.675 4.1701e-02
-1.275 1.725 4.0371e-02
-1.275 1.775 3.7755e-02
-1.275 1.825 3.4282e-02
-1.275 1.875 3.0366e-02
-1.275 1.925 2.6348e-02
-1.275 1.975 2.2475e-02
-1.275 2.025 1.8906e-02
-1.275 2.075 1.5724e-02
-1.275 2.125 1.2958e-02
-1.275 2.175 1.0599e-02
-1.275 2.225 8.6183e-03
-1.275 2.275 6.9740e-03
-1.275 2.325 5.6218e-03
-1.275 2.375 4.5178e-03
-1.275 2.425 3.6217e-03
-1.275 2.475 2.8976e-03
-1.275 2.525 2.3146e-03
-1.275 2.575 1.8466e-03
-1.275 2.625 1.4717e-03
-1.275 2.675 1.1719e-03
-1.275 2.725 9.3261e-04
-1.275 2.775 7.4174e-04
-1.275 2.825 5.8967e-04
-1.275 2.875 4.6858e-04
-1.275 2.925 3.7223e-04
-1.275 2.975 2.9560e-04
-1.275 3.025 2.3468e-04
-1.275 3.075 1.8626e-04
-1.275 3.125 1.4779e-04
-1.275 3.175 1.1723e-04
-1.275 3.225 9.2959e-05
-1.275 3.275 7.3686e-05
-1.275 3.325 5.8383e-05
-1.275 3.375 4.6235e-05
-1.275 3.425 3.6592e-05
-1.275 3.475 2.8937e-05
-1.275 3.525 2.2859e-05
-1.275 3.575 1.8032e-05
-1.275 3.625 1.4195e-05
-1.275 3.675 1.1138e-05
-1.275 3.725 8.6892e-06
-1.275 3.775 0.0000e+00
-1.275 3.825 0.0000e+00
-1.275 3.875 0.0000e+00
-1.275 3.925 0.0000e+00
-1.275 3.975 0.0000e+00
-1.225 -1.975 0.0000e+00
-1.225 -1.925 0.0000e+00
-1.225 -1.875 0.0000e+00
-1.225 -1.825 0.0000e+00
-1.225 -1.775 0.0000e+00
-1.225 -1.725 0.0000e+00
-1.225 -1.675 0.0000e+00
-1.225 -1.625 0.0000e+00
-1.225 -1.575 0.0000e+00
-1.225 -1.525 0.0000e+00
-1.225 -1.475 0.0000e+00
-1.225 -1.425 0.0000e+00
-1.225 -1.375 0.0000e+00
-1.225 -1.325 0.0000e+00
-1.225 -1.275 0.0000e+00
-1.225 -1.225 0.0000e+00
-1.225 -1.175 0.0000e+00
-1.225 -1.125 0.0000e+00
-1.225 -1.075 0.0000e+00
-1.225 -1.025 0.0000e+00
-1.225 -0.975 0.0000e+00
-1.225 -0.925 0.0000e+00
-1.225 -0.875 0.0000e+00
-1.225 -0.825 0.0000e+00
-1.225 -0.775 0.0000e+00
-1.225 -0.725 0.0000e+00
-1.225 -0.675 0.0000e+00
-1.225 -0.625 0.0000e+00
-1.225 -0.575 0.0000e+00
-1.225 -0.525 0.0000e+00
-1.225 -0.475 0.0000e+00
-1.225 -0.425 0.0000e+00
-1.225 -0.375 0.0000e+00
-1.225 -0.325 0.0000e+00
-1.225 -0.275 0.0000e+00
-1.225 -0.225 0.0000e+00
-1.225 -0.175 0.0000e+00
-1.225 -0.125 0.0000e+00
-1.225 -0.075 0.0000e+00
-1.225 -0.025 0.0000e+00
-1.225 0.025 0.0000e+00
-1.225 0.075 0.0000e+00
-1.225 0.125 0.0000e+00
-1.225 0.175 0.0000e+00
-1.225 0.225 0.0000e+00
-1.225 0.275 0.0000e+00
-1.225 0.325 0.0000e+00
-1.225 0.375 0.0000e+00
-1.225 0.425 0.0000e+00
-1.225 0.475 0.0000e+00
-1.225 0.525 0.0000e+00
-1.225 0.575 0.0000e+00
-1.225 0.625 0.0000e+00
-1.225 0.675 0.0000e+00
-1.225 0.725 0.0000e+00
-1.225 0.775 0.0000e+00
-1.225 0.825 5.3112e-05
-1.225 0.875 1.0384e-04
-1.225 0.925 2.0023e-04
-1.225 0.975 3.7892e-04
-1.225 1.025 6.9969e-04
-1.225 1.075 1.2526e-03
-1.225 1.125 2.1599e-03
-1.225 1.175 3.5633e-03
-1.225 1.225 5.5914e-03
-1.225 1.275 8.3039e-03
-1.225 1.325 1.1632e-02
-1.225 1.375 1.5341e-02
-1.225 1.425 1.9053e-02
-1.225 1.475 2.2325e-02
-1.225 1.525 2.4761e-02
-1.225 1.575 2.6110e-02
-1.225 1.625 2.6310e-02
-1.225 1.675 2.5474e-02
-1.225 1.725 2.3825e-02
-1.225 1.775 2.1636e-02
-1.225 1.825 1.9166e-02
-1.225 1.875 1.6631e-02
-1.225 1.925 1.4187e-02
-1.225 1.975 1.1935e-02
-1.225 2.025 9.9270e-03
-1.225 2.075 8.1811e-03
-1.225 2.125 6.6923e-03
-1.225 2.175 5.4418e-03
-1.225 2.225 4.4038e-03
-1.225 2.275 3.5501e-03
-1.225 2.325 2.8531e-03
-1.225 2.375 2.2873e-03
-1.225 2.425 1.8301e-03
-1.225 2.475 1.4619e-03
-1.225 2.525 1.1664e-03
-1.225 2.575 9.2965e-04
-1.225 2.625 7.4034e-04
-1.225 2.675 5.8919e-04
-1.225 2.725 4.6865e-04
-1.225 2.775 3.7259e-04
-1.225 2.825 2.9611e-04
-1.225 2.875 2.3525e-04
-1.225 2.925 1.8684e-04
-1.225 2.975 1.4836e-04
-1.225 3.025 1.1777e-04
-1.225 3.075 9.3462e-05
-1.225 3.125 7.4152e-05
-1.225 3.175 5.8816e-05
-1.225 3.225 4.6636e-05
-1.225 3.275 3.6966e-05
-1.225 3.325 2.9289e-05
-1.225 3.375 2.3194e-05
-1.225 3.425 1.8356e-05
-1.225 3.475 1.4516e-05
-1.225 3.525 1.1467e-05
-1.225 3.575 9.0455e-06
-1.225 3.625 7.1206e-06
-1.225 3.675 5.5872e-06
-1.225 3.725 0.0000e+00
-1.225 3.775 0.0000e+00
-1.225 3.825 0.0000e+00
-1.225 3.875 0.0000e+00
-1.225 3.925 0.0000e+00
-1.225 3.975 0.0000e+00
-1.175 -1.975 0.0000e+00
-1.175 -1.925 0.0000e+00
-1.175 -1.875 0.0000e+00
-1.175 -1.825 0.0000e+00
-1.175 -1.775 0.0000e+00
-1.175 -1.725 0.0000e+00
-1.175 -1.675 0.0000e+00
-1.175 -1.625 0.0000e+00
-1.175 -1.575 0.0000e+00
-1.175 -1.525 0.0000e+00
-1.175 -1.475 0.0000e+00
-1.175 -1.425 0.0000e+00
-1.175 -1.375 0.0000e+00
-1.175 -1.325 0.0000e+00
-1.175 -1.275 0.0000e+00
-1.175 -1.225 0.0000e+00
-1.175 -1.175 0.0000e+00
-1.175 -1.125 0.0000e+00
-1.175 -1.075 0.0000e+00
-1.175 -1.025 0.0000e+00
-1.175 -0.975 0.0000e+00
-1.175 -0.925 0.0000e+00
-1.175 -0.875 0.0000e+00
-1.175 -0.825 0.0000e+00
-1.175 -0.775 0.0000e+00
-1.175 -0.725 0.0000e+00
-1.175 -0.675 0.0000e+00
-1.175 -0.625 0.0000e+00
-1.175 -0.575 0.0000e+00
-1.175 -0.525 0.0000e+00
-1.175 -0.475 0.0000e+00
-1.175 -0.425 0.0000e+00
-1.175 -0.375 0.0000e+00
-1.175 -0.325 0.0000e+00
-1.175 -0.275 0.0000e+00
-1.175 -0.225 0.0000e+00
-1.175 -0.175 0.0000e+00
-1.175 -0.125 0.0000e+00
-1.175 -0.075 0.0000e+00
-1.175 -0.025 0.0000e+00
-1.175 0.025 0.0000e+00
-1.175 0.075 0.0000e+00
-1.175 0.125 0.0000e+00
-1.175 0.175 0.0000e+00
-1.175 0.225 0.0000e+00
-1.175 0.275 0.0000e+00
-1.175 0.325 0.0000e+00
-1.175 0.375 0.0000e+00
-1.175 0.425 0.0000e+00
-1.175 0.475 0.0000e+00
-1.175 0.525 0.0000e+00
-1.175 0.575 0.0000e+00
-1.175 0.625 0.0000e+00
-1.175 0.675 0.0000e+00
-1.175 0.725 0.0000e+00
-1.175 0.775 0.0000e+00
-1.175 0.825 6.5481e-05
-1.175 0.875 1.2626e-04
-1.175 0.925 2.3894e-04
-1.175 0.975 4.4120e-04
-1.175 1.025 7.8987e-04
-1.175 1.075 1.3620e-03
-1.175 1.125 2.2470e-03
-1.175 1.175 3.5260e-03
-1.175 1.225 5.2369e-03
-1.175 1.275 7.3361e-03
-1.175 1.325 9.6764e-03
-1.175 1.375 1.2019e-02
-1.175 1.425 1.4084e-02
-1.175 1.475 1.5623e-02
-1.175 1.525 1.6475e-02
-1.175 1.575 1.6604e-02
-1.175 1.625 1.6077e-02
-1.175 1.675 1.5038e-02
-1.175 1.725 1.3658e-02
-1.175 1.775 1.2099e-02
-1.175 1.825 1.0500e-02
-1.175 1.875 8.9578e-03
-1.175 1.925 7.5363e-03
-1.175 1.975 6.2686e-03
-1.175 2.025 5.1664e-03
-1.175 2.075 4.2264e-03
-1.175 2.125 3.4368e-03
-1.175 2.175 2.7814e-03
-1.175 2.225 2.2423e-03
-1.175 2.275 1.8021e-03
-1.175 2.325 1.4448e-03
-1.175 2.375 1.1561e-03
-1.175 2.425 9.2356e-04
-1.175 2.475 7.3689e-04
-1.175 2.525 5.8735e-04
-1.175 2.575 4.6777e-04
-1.175 2.625 3.7230e-04
-1.175 2.675 2.9614e-04
-1.175 2.725 2.3546e-04
-1.175 2.775 1.8715e-04
-1.175 2.825 1.4870e-04
-1.175 2.875 1.1811e-04
-1.175 2.925 9.3795e-05
-1.175 2.975 7.4466e-05
-1.175 3.025 5.9106e-05
-1.175 3.075 4.6904e-05
-1.175 3.125 3.7211e-05
-1.175 3.175 2.9514e-05
-1.175 3.225 2.3401e-05
-1.175 3.275 1.8548e-05
-1.175 3.325 1.4696e-05
-1.175 3.375 1.1638e-05
-1.175 3.425 9.2101e-06
-1.175 3.475 7.2831e-06
-1.175 3.525 5.7534e-06
-1.175 3.575 4.5384e-06
-1.175 3.625 3.5726e-06
-1.175 3.675 2.8033e-06
-1.175 3.725 0.0000e+00
-1.175 3.775 0.0000e+00
-1.175 3.825 0.0000e+00
-1.175 3.875 0.0000e+00
-1.175 3.925 0.0000e+00
-1.175 3.975 0.0000e+00
-1.125 -1.975 0.0000e+00
-1.125 -1.925 0.0000e+00
-1.125 -1.875 0.0000e+00
-1.125 -1.825 0.0000e+00
-1.125 -1.775 0.0000e+00
-1.125 -1.725 0.0000e+00
-1.125 -1.675 0.0000e+00
-1.125 -1.625 0.0000e+00
-1.125 -1.575 0.0000e+00
-1.125 -1.525 0.0000e+00
-1.125 -1.475 0.0000e+00
-1.125 -1.425 0.0000e+00
-1.125 -1.375 0.0000e+00
-1.125 -1.325 0.0000e+00
-1.125 -1.275 0.0000e+00
-1.125 -1.225 0.0000e+00
-1.125 -1.175 0.0000e+00
-1.125 -1.125 0.0000e+00
-1.125 -1.075 0.0000e+00
-1.125 -1.025 0.0000e+00
-1.125 -0.975 0.0000e+00
-1.125 -0.925 0.0000e+00
-1.125 -0.875 0.0000e+00
-1.125 -0.825 0.0000e+00
-1.125 -0.775 0.0000e+00
-1.125 -0.725 0.0000e+00
-1.125 -0.675 0.0000e+00
-1.125 -0.625 0.0000e+00
-1.125 -0.575 0.0000e+00
-1.125 -0.525 0.0000e+00
-1.125 -0.475 0.0000e+00
-1.125 -0.425 0.0000e+00
-1.125 -0.375 0.0000e+00
-1.125 -0.325 0.0000e+00
-1.125 -0.275 0.0000e+00
-1.125 -0.225 0.0000e+00
-1.125 -0.175 0.0000e+00
-1.125 -0.125 0.0000e+00
-1.125 -0.075 0.0000e+00
-1.125 -0.025 0.0000e+00
-1.125 0.025 0.0000e+00
-1.125 0.075 0.0000e+00
-1.125 0.125 0.0000e+00
-1.125 0.175 0.0000e+00
-1.125 0.225 0.0000e+00
-1.125 0.275 0.0000e+00
-1.125 0.325 0.0000e+00
-1.125 0.375 0.0000e+00
-1.125 0.425 0.0000e+00
-1.125 0.475 0.0000e+00
-1.125 0.525 0.0000e+00
-1.125 0.575 0.0000e+00
-1.125 0.625 0.0000e+00
-1.125 0.675 0.0000e+00
-1.125 0.725 0.0000e+00
-1.125 0.775 0.0000e+00
-1.125 0.825 7.9622e-05
-1.125 0.875 1.5067e-04
-1.125 0.925 2.7822e-04
-1.125 0.975 4.9810e-04
-1.125 1.025 8.5889e-04
-1.125 1.075 1.4171e-03
-1.125 1.125 2.2239e-03
-1.125 1.175 3.3032e-03
-1.125 1.225 4.6277e-03
-1.125 1.275 6.1047e-03
-1.125 1.325 7.5835e-03
-1.125 1.375 8.8877e-03
-1.125 1.425 9.8595e-03
-1.125 1.475 1.0399e-02
-1.125 1.525 1.0481e-02
-1.125 1.575 1.0150e-02
-1.125 1.625 9.4948e-03
-1.125 1.675 8.6238e-03
-1.125 1.725 7.6406e-03
-1.125 1.775 6.6310e-03
-1.125 1.825 5.6575e-03
-1.125 1.875 4.7600e-03
-1.125 1.925 3.9596e-03
-1.125 1.975 3.2635e-03
-1.125 2.025 2.6699e-03
-1.125 2.075 2.1712e-03
-1.125 2.125 1.7572e-03
-1.125 2.175 1.4167e-03
-1.125 2.225 1.1386e-03
-1.125 2.275 9.1290e-04
-1.125 2.325 7.3048e-04
-1.125 2.375 5.8360e-04
-1.125 2.425 4.6566e-04
-1.125 2.475 3.7118e-04
-1.125 2.525 2.9563e-04
-1.125 2.575 2.3530e-04
-1.125 2.625 1.8718e-04
-1.125 2.675 1.4884e-04
-1.125 2.725 1.1830e-04
-1.125 2.775 9.4005e-05
-1.125 2.825 7.4677e-05
-1.125 2.875 5.9309e-05
-1.125 2.925 4.7092e-05
-1.125 2.975 3.7384e-05
-1.125 3.025 2.9671e-05
-1.125 3.075 2.3544e-05
-1.125 3.125 1.8678e-05
-1.125 3.175 1.4814e-05
-1.125 3.225 1.1745e-05
-1.125 3.275 9.3095e-06
-1.125 3.325 7.3757e-06
-1.125 3.375 5.8407e-06
-1.125 3.425 4.6223e-06
-1.125 3.475 3.6552e-06
-1.125 3.525 2.8875e-06
-1.125 3.575 2.2777e-06
-1.125 3.625 1.7930e-06
-1.125 3.675 1.4069e-06
-1.125 3.725 0.0000e+00
-1.125 3.775 0.0000e+00
-1.125 3.825 0.0000e+00
-1.125 3.875 0.0000e+00
-1.125 3.925 0.0000e+00
-1.125 3.975 0.0000e+00
-1.075 -1.975 0.0000e+00
-1.075 -1.925 0.0000e+00
-1.075 -1.875 0.0000e+00
-1.075 -1.825 0.0000e+00
-1.075 -1.775 0.0000e+00
-1.075 -1.725 0.0000e+00
-1.075 -1.675 0.0000e+00
-1.075 -1.625 0.0000e+00
-1.075 -1.575 0.0000e+00
-1.075 -1.525 0.0000e+00
-1.075 -1.475 0.0000e+00
-1.075 -1.425 0.0000e+00
-1.075 -1.375 0.0000e+00
-1.075 -1.325 0.0000e+00
-1.075 -1.275 0.0000e+00
-1.075 -1.225 0.0000e+00
-1.075 -1.175 0.0000e+00
-1.075 -1.125 0.0000e+00
-1.075 -1.075 0.0000e+00
-1.075 -1.025 0.0000e+00
-1.075 -0.975 0.0000e+00
-1.075 -0.925 0.0000e+00
-1.075 -0.875 0.0000e+00
-1.075 -0.825 0.0000e+00
-1.075 -0.775 0.0000e+00
-1.075 -0.725 0.0000e+00
-1.075 -0.675 0.0000e+00
-1.075 -0.625 0.0000e+00
-1.075 -0.575 0.0000e+00
-1.075 -0.525 0.0000e+00
-1.075 -0.475 0.0000e+00
-1.075 -0.425 0.0000e+00
-1.075 -0.375 0.0000e+00
-1.075 -0.325 0.0000e+00
-1.075 -0.275 0.0000e+00
-1.075 -0.225 0.0000e+00
-1.075 -0.175 0.0000e+00
-1.075 -0.125 0.0000e+00
-1.075 -0.075 0.0000e+00
-1.075 -0.025 0.0000e+00
-1.075 0.025 0.0000e+00
-1.075 0.075 0.0000e+00
-1.075 0.125 0.0000e+00
-1.075 0.175 0.0000e+00
-1.075 0.225 0.0000e+00
-1.075 0.275 0.0000e+00
-1.075 0.325 0.0000e+00
-1.075 0.375 0.0000e+00
-1.075 0.425 0.0000e+00
-1.075 0.475 0.0000e+00
-1.075 0.525 0.0000e+00
-1.075 0.575 0.0000e+00
-1.075 0.625 0.0000e+00
-1.075 0.675 0.0000e+00
-1.075 0.725 0.0000e+00
-1.075 0.775 0.0000e+00
-1.075 0.825 9.5016e-05
-1.075 0.875 1.7545e-04
-1.075 0.925 3.1413e-04
-1.075 0.975 5.4169e-04
-1.075 1.025 8.9380e-04
-1.075 1.075 1.4028e-03
-1.075 1.125 2.0838e-03
-1.075 1.175 2.9198e-03
-1.075 1.225 3.8521e-03
-1.075 1.275 4.7860e-03
-1.075 1.325 5.6098e-03
-1.075 1.375 6.2241e-03
-1.075 1.425 6.5655e-03
-1.075 1.475 6.6182e-03
-1.075 1.525 6.4098e-03
-1.075 1.575 5.9968e-03
-1.075 1.625 5.4472e-03
-1.075 1.675 4.8266e-03
-1.075 1.725 4.1892e-03
-1.075 1.775 3.5744e-03
-1.075 1.825 3.0075e-03
-1.075 1.875 2.5019e-03
-1.075 1.925 2.0622e-03
-1.075 1.975 1.6872e-03
-1.075 2.025 1.3721e-03
-1.075 2.075 1.1105e-03
-1.075 2.125 8.9535e-04
-1.075 2.175 7.1965e-04
-1.075 2.225 5.7701e-04
-1.075 2.275 4.6173e-04
-1.075 2.325 3.6890e-04
-1.075 2.375 2.9436e-04
-1.075 2.425 2.3464e-04
-1.075 2.475 1.8689e-04
-1.075 2.525 1.4876e-04
-1.075 2.575 1.1834e-04
-1.075 2.625 9.4107e-05
-1.075 2.675 7.4807e-05
-1.075 2.725 5.9446e-05
-1.075 2.775 4.7228e-05
-1.075 2.825 3.7512e-05
-1.075 2.875 2.9788e-05
-1.075 2.925 2.3650e-05
-1.075 2.975 1.8773e-05
-1.075 3.025 1.4899e-05
-1.075 3.075 1.1822e-05
-1.075 3.125 9.3783e-06
-1.075 3.175 7.4378e-06
-1.075 3.225 5.8971e-06
-1.075 3.275 4.6740e-06
-1.075 3.325 3.7031e-06
-1.075 3.375 2.9324e-06
-1.075 3.425 2.3207e-06
-1.075 3.475 1.8351e-06
-1.075 3.525 1.4496e-06
-1.075 3.575 1.1435e-06
-1.075 3.625 9.0017e-07
-1.075 3.675 7.0631e-07
-1.075 3.725 0.0000e+00
-1.075 3.775 0.0000e+00
-1.075 3.825 0.0000e+00
-1.075 3.875 0.0000e+00
-1.075 3.925 0.0000e+00
-1.075 3.975 0.0000e+00
-1.025 -1.975 0.0000e+00
-1.025 -1.925 0.0000e+00
-1.025 -1.875 0.0000e+00
-1.025 -1.825 0.0000e+00
-1.025 -1.775 0.0000e+00
-1.025 -1.725 0.0000e+00
-1.025 -1.675 0.0000e+00
-1.025 -1.625 0.0000e+00
-1.025 -1.575 0.0000e+00
-1.025 -1.525 0.0000e+00
-1.025 -1.475 0.0000e+00
-1.025 -1.425 0.0000e+00
-1.025 -1.375 0.0000e+00
-1.025 -1.325 0.0000e+00
-1.025 -1.275 0.0000e+00
-1.025 -1.225 0.0000e+00
-1.025 -1.175 0.0000e+00
-1.025 -1.125 0.0000e+00
-1.025 -1.075 0.0000e+00
-1.025 -1.025 0.0000e+00
-1.025 -0.975 0.0000e+00
-1.025 -0.925 0.0000e+00
-1.025 -0.875 0.0000e+00
-1.025 -0.825 0.0000e+00
-1.025 -0.775 0.0000e+00
-1.025 -0.725 0.0000e+00
-1.025 -0.675 0.0000e+00
-1.025 -0.625 0.0000e+00
-1.025 -0.575 0.0000e+00
-1.025 -0.525 0.0000e+00
-1.025 -0.475 0.0000e+00
-1.025 -0.425 0.0000e+00
-1.025 -0.375 0.0000e+00
-1.025 -0.325 0.0000e+00
-1.025 -0.275 0.0000e+00
-1.025 -0.225 0.0000e+00
-1.025 -0.175 0.0000e+00
-1.025 -0.125 0.0000e+00
-1.025 -0.075 0.0000e+00
-1.025 -0.025 0.0000e+00
-1.025 0.025 0.0000e+00
-1.025 0.075 0.0000e+00
-1.025 0.125 0.0000e+00
-1.025 0.175 0.0000e+00
-1.025 0.225 0.0000e+00
-1.025 0.275 0.0000e+00
-1.025 0.325 0.0000e+00
-1.025 0.375 0.0000e+00
-1.025 0.425 0.0000e+00
-1.025 0.475 0.0000e+00
-1.025 0.525 0.0000e+00
-1.025 0.575 0.0000e+00
-1.025 0.625 0.0000e+00
-1.025 0.675 0.0000e+00
-1.025 0.725 0.0000e+00
-1.025 0.775 0.0000e+00
-1.025 0.825 1.1065e-04
-1.025 0.875 1.9812e-04
-1.025 0.925 3.4166e-04
-1.025 0.975 5.6381e-04
-1.025 1.025 8.8499e-04
-1.025 1.075 1.3148e-03
-1.025 1.125 1.8426e-03
-1.025 1.175 2.4314e-03
-1.025 1.225 3.0213e-03
-1.025 1.275 3.5419e-03
-1.025 1.325 3.9304e-03
-1.025 1.375 4.1467e-03
-1.025 1.425 4.1806e-03
-1.025 1.475 4.0495e-03
-1.025 1.525 3.7890e-03
-1.025 1.575 3.4421e-03
-1.025 1.625 3.0503e-03
-1.025 1.675 2.6476e-03
-1.025 1.725 2.2593e-03
-1.025 1.775 1.9011e-03
-1.025 1.825 1.5816e-03
-1.025 1.875 1.3037e-03
-1.025 1.925 1.0667e-03
-1.025 1.975 8.6750e-04
-1.025 2.025 7.0214e-04
-1.025 2.075 5.6612e-04
-1.025 2.125 4.5504e-04
-1.025 2.175 3.6486e-04
-1.025 2.225 2.9197e-04
-1.025 2.275 2.3328e-04
-1.025 2.325 1.8615e-04
-1.025 2.375 1.4839e-04
-1.025 2.425 1.1820e-04
-1.025 2.475 9.4086e-05
-1.025 2.525 7.4853e-05
-1.025 2.575 5.9526e-05
-1.025 2.625 4.7320e-05
-1.025 2.675 3.7606e-05
-1.025 2.725 2.9879e-05
-1.025 2.775 2.3734e-05
-1.025 2.825 1.8849e-05
-1.025 2.875 1.4967e-05
-1.025 2.925 1.1882e-05
-1.025 2.975 9.4311e-06
-1.025 3.025 7.4845e-06
-1.025 3.075 5.9385e-06
-1.025 3.125 4.7108e-06
-1.025 3.175 3.7360e-06
-1.025 3.225 2.9621e-06
-1.025 3.275 2.3477e-06
-1.025 3.325 1.8600e-06
-1.025 3.375 1.4729e-06
-1.025 3.425 1.1656e-06
-1.025 3.475 9.2172e-07
-1.025 3.525 7.2810e-07
-1.025 3.575 5.7434e-07
-1.025 3.625 4.5212e-07
-1.025 3.675 0.0000e+00
-1.025 3.725 0.0000e+00
-1.025 3.775 0.0000e+00
-1.025 3.825 0.0000e+00
-1.025 3.875 0.0000e+00
-1.025 3.925 0.0000e+00
-1.025 3.975 0.0000e+00
-0.975 -1.975 0.0000e+00
-0.975 -1.925 0.0000e+00
-0.975 -1.875 0.0000e+00
-0.975 -1.825 0.0000e+00
-0.975 -1.775 0.0000e+00
-0.975 -1.725 0.0000e+00
-0.975 -1.675 0.0000e+00
-0.975 -1.625 0.0000e+00
-0.975 -1.575 0.0000e+00
-0.975 -1.525 0.0000e+00
-0.975 -1.475 0.0000e+00
-0.975 -1.425 0.0000e+00
-0.975 -1.375 0.0000e+00
-0.975 -1.325 0.0000e+00
-0.975 -1.275 0.0000e+00
-0.975 -1.225 0.0000e+00
-0.975 -1.175 0.0000e+00
-0.975 -1.125 0.0000e+00
-0.975 -1.075 0.0000e+00
-0.975 -1.025 0.0000e+00
-0.975 -0.975 0.0000e+00
-0.975 -0.925 0.0000e+00
-0.975 -0.875 0.0000e+00
-0.975 -0.825 0.0000e+00
-0.975 -0.775 0.0000e+00
-0.975 -0.725 0.0000e+00
-0.975 -0.675 0.0000e+00
-0.975 -0.625 0.0000e+00
-0.975 -0.575 0.0000e+00
-0.975 -0.525 0.0000e+00
-0.975 -0.475 0.0000e+00
-0.975 -0.425 0.0000e+00
-0.975 -0.375 0.0000e+00
-0.975 -0.325 0.0000e+00
-0.975 -0.275 0.0000e+00
-0.975 -0.225 0.0000e+00
-0.975 -0.175 0.0000e+00
-0.975 -0.125 0.0000e+00
-0.975 -0.075 0.0000e+00
-0.975 -0.025 0.0000e+00
-0.975 0.025 0.0000e+00
-0.975 0.075 0.0000e+00
-0.975 0.125 0.0000e+00
-0.975 0.175 0.0000e+00
-0.975 0.225 0.0000e+00
-0.975 0.275 0.0000e+00
-0.975 0.325 0.0000e+00
-0.975 0.375 0.0000e+00
-0.975 0.425 0.0000e+00
-0.975 0.475 0.0000e+00
-0.975 0.525 0.0000e+00
-0.975 0.575 0.0000e+00
-0.975 0.625 0.0000e+00
-0.975 0.675 0.0000e+00
-0.975 0.725 0.0000e+00
-0.975 0.775 0.0000e+00
-0.975 0.825 1.2496e-04
-0.975 0.875 2.1552e-04
-0.975 0.925 3.5570e-04
-0.975 0.975 5.5841e-04
-0.975 1.025 8.2978e-04
-0.975 1.075 1.1631e-03
-0.975 1.125 1.5350e-03
-0.975 1.175 1.9079e-03
-0.975 1.225 2.2371e-03
-0.975 1.275 2.4830e-03
-0.975 1.325 2.6201e-03
-0.975 1.375 2.6420e-03
-0.975 1.425 2.5595e-03
-0.975 1.475 2.3952e-03
-0.975 1.525 2.1762e-03
-0.975 1.575 1.9287e-03
-0.975 1.625 1.6742e-03
-0.975 1.675 1.4288e-03
-0.975 1.725 1.2023e-03
-0.975 1.775 1.0003e-03
-0.975 1.825 8.2462e-04
-0.975 1.875 6.7472e-04
-0.975 1.925 5.4876e-04
-0.975 1.975 4.4418e-04
-0.975 2.025 3.5814e-04
-0.975 2.075 2.8788e-04
-0.975 2.125 2.3084e-04
-0.975 2.175 1.8473e-04
-0.975 2.225 1.4760e-04
-0.975 2.275 1.1778e-04
-0.975 2.325 9.3896e-05
-0.975 2.375 7.4793e-05
-0.975 2.425 5.9538e-05
-0.975 2.475 4.7369e-05
-0.975 2.525 3.7671e-05
-0.975 2.575 2.9949e-05
-0.975 2.625 2.3802e-05
-0.975 2.675 1.8912e-05
-0.975 2.725 1.5024e-05
-0.975 2.775 1.1932e-05
-0.975 2.825 9.4756e-06
-0.975 2.875 7.5233e-06
-0.975 2.925 5.9723e-06
-0.975 2.975 4.7403e-06
-0.975 3.025 3.7618e-06
-0.975 3.075 2.9846e-06
-0.975 3.125 2.3676e-06
-0.975 3.175 1.8776e-06
-0.975 3.225 1.4886e-06
-0.975 3.275 1.1798e-06
-0.975 3.325 9.3474e-07
-0.975 3.375 7.4019e-07
-0.975 3.425 5.8577e-07
-0.975 3.475 4.6320e-07
-0.975 3.525 3.6590e-07
-0.975 3.575 2.8863e-07
-0.975 3.625 2.2721e-07
-0.975 3.675 0.0000e+00
-0.975 3.725 0.0000e+00
-0.975 3.775 0.0000e+00
-0.975 3.825 0.0000e+00
-0.975 3.875 0.0000e+00
-0.975 3.925 0.0000e+00
-0.975 3.975 0.0000e+00
-0.925 -1.975 0.0000e+00
-0.925 -1.925 0.0000e+00
-0.925 -1.875 0.0000e+00
-0.925 -1.825 0.0000e+00
-0.925 -1.775 0.0000e+00
-0.925 -1.725 0.0000e+00
-0.925 -1.675 0.0000e+00
-0.925 -1.625 0.0000e+00
-0.925 -1.575 0.0000e+00
-0.925 -1.525 0.0000e+00
-0.925 -1.475 0.0000e+00
-0.925 -1.425 0.0000e+00
-0.925 -1.375 0.0000e+00
-0.925 -1.325 0.0000e+00
-0.925 -1.275 0.0000e+00
-0.925 -1.225 0.0000e+00
-0.925 -1.175 0.0000e+00
-0.925 -1.125 0.0000e+00
-0.925 -1.075 0.0000e+00
-0.925 -1.025 0.0000e+00
-0.925 -0.975 0.0000e+00
-0.925 -0.925 0.0000e+00
-0.925 -0.875 0.0000e+00
-0.925 -0.825 0.0000e+00
-0.925 -0.775 0.0000e+00
-0.925 -0.725 0.0000e+00
-0.925 -0.675 0.0000e+00
-0.925 -0.625 0.0000e+00
-0.925 -0.575 0.0000e+00
-0.925 -0.525 0.0000e+00
-0.925 -0.475 0.0000e+00
-0.925 -0.425 0.0000e+00
-0.925 -0.375 0.0000e+00
-0.925 -0.325 0.0000e+00
-0.925 -0.275 0.0000e+00
-0.925 -0.225 0.0000e+00
-0.925 -0.175 0.0000e+00
-0.925 -0.125 0.0000e+00
-0.925 -0.075 0.0000e+00
-0.925 -0.025 0.0000e+00
-0.925 0.025 0.0000e+00
-0.925 0.075 0.0000e+00
-0.925 0.125 0.0000e+00
-0.925 0.175 0.0000e+00
-0.925 0.225 0.0000e+00
-0.925 0.275 0.0000e+00
-0.925 0.325 0.0000e+00
-0.925 0.375 0.0000e+00
-0.925 0.425 0.0000e+00
-0.925 0.475 0.0000e+00
-0.925 0.525 0.0000e+00
-0.925 0.575 0.0000e+00
-0.925 0.625 0.0000e+00
-0.925 0.675 0.0000e+00
-0.925 0.725 0.0000e+00
-0.925 0.775 0.0000e+00
-0.925 0.825 1.3596e-04
-0.925 0.875 2.2443e-04
-0.925 0.925 3.5241e-04
-0.925 0.975 5.2379e-04
-0.925 1.025 7.3435e-04
-0.925 1.075 9.6946e-04
-0.925 1.125 1.2052e-03
-0.925 1.175 1.4136e-03
-0.925 1.225 1.5693e-03
-0.925 1.275 1.6564e-03
-0.925 1.325 1.6705e-03
-0.925 1.375 1.6187e-03
-0.925 1.425 1.5150e-03
-0.925 1.475 1.3767e-03
-0.925 1.525 1.2203e-03
-0.925 1.575 1.0594e-03
-0.925 1.625 9.0416e-04
-0.925 1.675 7.6093e-04
-0.925 1.725 6.3313e-04
-0.925 1.775 5.2194e-04
-0.925 1.825 4.2709e-04
-0.925 1.875 3.4738e-04
-0.925 1.925 2.8118e-04
-0.925 1.975 2.2673e-04
-0.925 2.025 1.8225e-04
-0.925 2.075 1.4614e-04
-0.925 2.125 1.1696e-04
-0.925 2.175 9.3451e-05
-0.925 2.225 7.4576e-05
-0.925 2.275 5.9454e-05
-0.925 2.325 4.7359e-05
-0.925 2.375 3.7701e-05
-0.925 2.425 2.9996e-05
-0.925 2.475 2.3856e-05
-0.925 2.525 1.8967e-05
-0.925 2.575 1.5075e-05
-0.925 2.625 1.1978e-05
-0.925 2.675 9.5161e-06
-0.925 2.725 7.5587e-06
-0.925 2.775 6.0028e-06
-0.925 2.825 4.7665e-06
-0.925 2.875 3.7842e-06
-0.925 2.925 3.0039e-06
-0.925 2.975 2.3842e-06
-0.925 3.025 1.8919e-06
-0.925 3.075 1.5011e-06
-0.925 3.125 1.1907e-06
-0.925 3.175 9.4428e-07
-0.925 3.225 7.4865e-07
-0.925 3.275 5.9335e-07
-0.925 3.325 4.7008e-07
-0.925 3.375 3.7224e-07
-0.925 3.425 2.9458e-07
-0.925 3.475 2.3294e-07
-0.925 3.525 1.8401e-07
-0.925 3.575 1.4515e-07
-0.925 3.625 1.1426e-07
-0.925 3.675 0.0000e+00
-0.925 3.725 0.0000e+00
-0.925 3.775 0.0000e+00
-0.925 3.825 0.0000e+00
-0.925 3.875 0.0000e+00
-0.925 3.925 0.0000e+00
-0.925 3.975 0.0000e+00
-0.875 -1.975 0.0000e+00
-0.875 -1.925 0.0000e+00
-0.875 -1.875 0.0000e+00
-0.875 -1.825 0.0000e+00
-0.875 -1.775 0.0000e+00
-0.875 -1.725 0.0000e+00
-0.875 -1.675 0.0000e+00
-0.875 -1.625 0.0000e+00
-0.875 -1.575 0.0000e+00
-0.875 -1.525 0.0000e+00
-0.875 -1.475 0.0000e+00
-0.875 -1.425 0.0000e+00
-0.875 -1.375 0.0000e+00
-0.875 -1.325 0.0000e+00
-0.875 -1.275 0.0000e+00
-0.875 -1.225 0.0000e+00
-0.875 -1.175 0.0000e+00
-0.875 -1.125 0.0000e+00
-0.875 -1.075 0.0000e+00
-0.875 -1.025 0.0000e+00
-0.875 -0.975 0.0000e+00
-0.875 -0.925 0.0000e+00
-0.875 -0.875 0.0000e+00
-0.875 -0.825 0.0000e+00
-0.875 -0.775 0.0000e+00
-0.875 -0.725 0.0000e+00
-0.875 -0.675 0.0000e+00
-0.875 -0.625 0.0000e+00
-0.875 -0.575 0.0000e+00
-0.875 -0.525 0.0000e+00
-0.875 -0.475 0.0000e+00
-0.875 -0.425 0.0000e+00
-0.875 -0.375 0.0000e+00
-0.875 -0.325 0.0000e+00
-0.875 -0.275 0.0000e+00
-0.875 -0.225 0.0000e+00
-0.875 -0.175 0.0000e+00
-0.875 -0.125 0.0000e+00
-0.875 -0.075 0.0000e+00
-0.875 -0.025 0.0000e+00
-0.875 0.025 0.0000e+00
-0.875 0.075 0.0000e+00
-0.875 0.125 0.0000e+00
-0.875 0.175 0.0000e+00
-0.875 0.225 0.0000e+00
-0.875 0.275 0.0000e+00
-0.875 0.325 0.0000e+00
-0.875 0.375 0.0000e+00
-0.875 0.425 0.0000e+00
-0.875 0.475 0.0000e+00
-0.875 0.525 0.0000e+00
-0.875 0.575 0.0000e+00
-0.875 0.625 0.0000e+00
-0.875 0.675 0.0000e+00
-0.875 0.725 0.0000e+00
-0.875 0.775 0.0000e+00
-0.875 0.825 1.4163e-04
-0.875 0.875 2.2245e-04
-0.875 0.925 3.3073e-04
-0.875 0.975 4.6383e-04
-0.875 1.025 6.1252e-04
-0.875 1.075 7.6174e-04
-0.875 1.125 8.9371e-04
-0.875 1.175 9.9246e-04
-0.875 1.225 1.0478e-03
-0.875 1.275 1.0570e-03
-0.875 1.325 1.0244e-03
-0.875 1.375 9.5903e-04
-0.875 1.425 8.7161e-04
-0.875 1.475 7.7267e-04
-0.875 1.525 6.7090e-04
-0.875 1.575 5.7265e-04
-0.875 1.625 4.8198e-04
-0.875 1.675 4.0106e-04
-0.875 1.725 3.3065e-04
-0.875 1.775 2.7057e-04
-0.875 1.825 2.2008e-04
-0.875 1.875 1.7815e-04
-0.875 1.925 1.4366e-04
-0.875 1.975 1.1548e-04
-0.875 2.025 9.2604e-05
-0.875 2.075 7.4112e-05
-0.875 2.125 5.9219e-05
-0.875 2.175 4.7260e-05
-0.875 2.225 3.7677e-05
-0.875 2.275 3.0014e-05
-0.875 2.325 2.3894e-05
-0.875 2.375 1.9011e-05
-0.875 2.425 1.5120e-05
-0.875 2.475 1.2022e-05
-0.875 2.525 9.5552e-06
-0.875 2.575 7.5930e-06
-0.875 2.625 6.0326e-06
-0.875 2.675 4.7920e-06
-0.875 2.725 3.8059e-06
-0.875 2.775 3.0223e-06
-0.875 2.825 2.3997e-06
-0.875 2.875 1.9051e-06
-0.875 2.925 1.5122e-06
-0.875 2.975 1.2002e-06
-0.875 3.025 9.5236e-07
-0.875 3.075 7.5558e-07
-0.875 3.125 5.9935e-07
-0.875 3.175 4.7530e-07
-0.875 3.225 3.7683e-07
-0.875 3.275 2.9866e-07
-0.875 3.325 2.3661e-07
-0.875 3.375 1.8736e-07
-0.875 3.425 1.4827e-07
-0.875 3.475 1.1725e-07
-0.875 3.525 9.2619e-08
-0.875 3.575 7.3060e-08
-0.875 3.625 0.0000e+00
-0.875 3.675 0.0000e+00
-0.875 3.725 0.0000e+00
-0.875 3.775 0.0000e+00
-0.875 3.825 0.0000e+00
-0.875 3.875 0.0000e+00
-0.875 3.925 0.0000e+00
-0.875 3.975 0.0000e+00
-0.825 -1.975 0.0000e+00
-0.825 -1.925 0.0000e+00
-0.825 -1.875 0.0000e+00
-0.825 -1.825 0.0000e+00
-0.825 -1.775 0.0000e+00
-0.825 -1.725 0.0000e+00
-0.825 -1.675 0.0000e+00
-0.825 -1.625 0.0000e+00
-0.825 -1.575 0.0000e+00
-0.825 -1.525 0.0000e+00
-0.825 -1.475 0.0000e+00
-0.825 -1.425 0.0000e+00
-0.825 -1.375 0.0000e+00
-0.825 -1.325 0.0000e+00
-0.825 -1.275 0.0000e+00
-0.825 -1.225 0.0000e+00
-0.825 -1.175 0.0000e+00
-0.825 -1.125 0.0000e+00
-0.825 -1.075 0.0000e+00
-0.825 -1.025 0.0000e+00
-0.825 -0.975 0.0000e+00
-0.825 -0.925 0.0000e+00
-0.825 -0.875 0.0000e+00
-0.825 -0.825 0.0000e+00
-0.825 -0.775 0.0000e+00
-0.825 -0.725 0.0000e+00
-0.825 -0.675 0.0000e+00
-0.825 -0.625 0.0000e+00
-0.825 -0.575 0.0000e+00
-0.825 -0.525 0.0000e+00
-0.825 -0.475 0.0000e+00
-0.825 -0.425 0.0000e+00
-0.825 -0.375 0.0000e+00
-0.825 -0.325 0.0000e+00
-0.825 -0.275 0.0000e+00
-0.825 -0.225 0.0000e+00
-0.825 -0.175 0.0000e+00
-0.825 -0.125 0.0000e+00
-0.825 -0.075 0.0000e+00
-0.825 -0.025 0.0000e+00
-0.825 0.025 0.0000e+00
-0.825 0.075 0.0000e+00
-0.825 0.125 0.0000e+00
-0.825 0.175 0.0000e+00
-0.825 0.225 0.0000e+00
-0.825 0.275 0.0000e+00
-0.825 0.325 0.0000e+00
-0.825 0.375 0.0000e+00
-0.825 0.425 0.0000e+00
-0.825 0.475 0.0000e+00
-0.825 0.525 0.0000e+00
-0.825 0.575 0.0000e+00
-0.825 0.625 0.0000e+00
-0.825 0.675 0.0000e+00
-0.825 0.725 0.0000e+00
-0.825 0.775 0.0000e+00
-0.825 0.825 1.4045e-04
-0.825 0.875 2.0889e-04
-0.825 0.925 2.9308e-04
-0.825 0.975 3.8719e-04
-0.825 1.025 4.8171e-04
-0.825 1.075 5.6538e-04
-0.825 1.125 6.2809e-04
-0.825 1.175 6.6333e-04
-0.825 1.225 6.6938e-04
-0.825 1.275 6.4893e-04
-0.825 1.325 6.0763e-04
-0.825 1.375 5.5235e-04
-0.825 1.425 4.8974e-04
-0.825 1.475 4.2530e-04
-0.825 1.525 3.6306e-04
-0.825 1.575 3.0561e-04
-0.825 1.625 2.5432e-04
-0.825 1.675 2.0969e-04
-0.825 1.725 1.7160e-04
-0.825 1.775 1.3959e-04
-0.825 1.825 1.1300e-04
-0.825 1.875 9.1122e-05
-0.825 1.925 7.3253e-05
-0.825 1.975 5.8743e-05
-0.825 2.025 4.7014e-05
-0.825 2.075 3.7568e-05
-0.825 2.125 2.9982e-05
-0.825 2.175 2.3903e-05
-0.825 2.225 1.9042e-05
-0.825 2.275 1.5159e-05
-0.825 2.325 1.2062e-05
-0.825 2.375 9.5938e-06
-0.825 2.425 7.6279e-06
-0.825 2.475 6.0632e-06
-0.825 2.525 4.8183e-06
-0.825 2.575 3.8283e-06
-0.825 2.625 3.0411e-06
-0.825 2.675 2.4155e-06
-0.825 2.725 1.9183e-06
-0.825 2.775 1.5232e-06
-0.825 2.825 1.2094e-06
-0.825 2.875 9.6007e-07
-0.825 2.925 7.6206e-07
-0.825 2.975 6.0480e-07
-0.825 3.025 4.7991e-07
-0.825 3.075 3.8075e-07
-0.825 3.125 3.0202e-07
-0.825 3.175 2.3951e-07
-0.825 3.225 1.8989e-07
-0.825 3.275 1.5049e-07
-0.825 3.325 1.1923e-07
-0.825 3.375 9.4411e-08
-0.825 3.425 7.4715e-08
-0.825 3.475 5.9081e-08
-0.825 3.525 4.6670e-08
-0.825 3.575 3.6814e-08
-0.825 3.625 0.0000e+00
-0.825 3.675 0.0000e+00
-0.825 3.725 0.0000e+00
-0.825 3.775 0.0000e+00
-0.825 3.825 0.0000e+00
-0.825 3.875 0.0000e+00
-0.825 3.925 0.0000e+00
-0.825 3.975 0.0000e+00
-0.775 -1.975 0.0000e+00
-0.775 -1.925 0.0000e+00
-0.775 -1.875 0.0000e+00
-0.775 -1.825 0.0000e+00
-0.775 -1.775 0.0000e+00
-0.775 -1.725 0.0000e+00
-0.775 -1.675 0.0000e+00
-0.775 -1.625 0.0000e+00
-0.775 -1.575 0.0000e+00
-0.775 -1.525 0.0000e+00
-0.775 -1.475 0.0000e+00
-0.775 -1.425 0.0000e+00
-0.775 -1.375 0.0000e+00
-0.775 -1.325 0.0000e+00
-0.775 -1.275 0.0000e+00
-0.775 -1.225 0.0000e+00
-0.775 -1.175 0.0000e+00
-0.775 -1.125 0.0000e+00
-0.775 -1.075 0.0000e+00
-0.775 -1.025 0.0000e+00
-0.775 -0.975 0.0000e+00
-0.775 -0.925 0.0000e+00
-0.775 -0.875 0.0000e+00
-0.775 -0.825 0.0000e+00
-0.775 -0.775 0.0000e+00
-0.775 -0.725 0.0000e+00
-0.775 -0.675 0.0000e+00
-0.775 -0.625 0.0000e+00
-0.775 -0.575 0.0000e+00
-0.775 -0.525 0.0000e+00
-0.775 -0.475 0.0000e+00
-0.775 -0.425 0.0000e+00
-0.775 -0.375 0.0000e+00
-0.775 -0.325 0.0000e+00
-0.775 -0.275 0.0000e+00
-0.775 -0.225 0.0000e+00
-0.775 -0.175 0.0000e+00
-0.775 -0.125 0.0000e+00
-0.775 -0.075 0.0000e+00
-0.775 -0.025 0.0000e+00
-0.775 0.025 0.0000e+00
-0.775 0.075 0.0000e+00
-0.775 0.125 0.0000e+00
-0.775 0.175 0.0000e+00
-0.775 0.225 0.0000e+00
-0.775 0.275 0.0000e+00
-0.775 0.325 0.0000e+00
-0.775 0.375 0.0000e+00
-0.775 0.425 0.0000e+00
-0.775 0.475 0.0000e+00
-0.775 0.525 0.0000e+00
-0.775 0.575 0.0000e+00
-0.775 0.625 0.0000e+00
-0.775 0.675 0.0000e+00
-0.775 0.725 0.0000e+00
-0.775 0.775 0.0000e+00
-0.775 0.825 1.3199e-04
-0.775 0.875 1.8528e-04
-0.775 0.925 2.4490e-04
-0.775 0.975 3.0484e-04
-0.775 1.025 3.5796e-04
-0.775 1.075 3.9785e-04
-0.775 1.125 4.2034e-04
-0.775 1.175 4.2434e-04
-0.775 1.225 4.1151e-04
-0.775 1.275 3.8543e-04
-0.775 1.325 3.5046e-04
-0.775 1.375 3.1080e-04
-0.775 1.425 2.6995e-04
-0.775 1.475 2.3048e-04
-0.775 1.525 1.9403e-04
-0.775 1.575 1.6149e-04
-0.775 1.625 1.3316e-04
-0.775 1.675 1.0898e-04
-0.775 1.725 8.8653e-05
-0.775 1.775 7.1771e-05
-0.775 1.825 5.7878e-05
-0.775 1.875 4.6530e-05
-0.775 1.925 3.7315e-05
-0.775 1.975 2.9865e-05
-0.775 2.025 2.3865e-05
-0.775 2.075 1.9046e-05
-0.775 2.125 1.5185e-05
-0.775 2.175 1.2097e-05
-0.775 2.225 9.6311e-06
-0.775 2.275 7.6637e-06
-0.775 2.325 6.0956e-06
-0.775 2.375 4.8467e-06
-0.775 2.425 3.8526e-06
-0.775 2.475 3.0617e-06
-0.775 2.525 2.4327e-06
-0.775 2.575 1.9326e-06
-0.775 2.625 1.5351e-06
-0.775 2.675 1.2192e-06
-0.775 2.725 9.6817e-07
-0.775 2.775 7.6875e-07
-0.775 2.825 6.1033e-07
-0.775 2.875 4.8450e-07
-0.775 2.925 3.8456e-07
-0.775 2.975 3.0520e-07
-0.775 3.025 2.4217e-07
-0.775 3.075 1.9213e-07
-0.775 3.125 1.5240e-07
-0.775 3.175 1.2086e-07
-0.775 3.225 9.5817e-08
-0.775 3.275 7.5940e-08
-0.775 3.325 6.0162e-08
-0.775 3.375 4.7640e-08
-0.775 3.425 3.7701e-08
-0.775 3.475 2.9812e-08
-0.775 3.525 2.3550e-08
-0.775 3.575 0.0000e+00
-0.775 3.625 0.0000e+00
-0.775 3.675 0.0000e+00
-0.775 3.725 0.0000e+00
-0.775 3.775 0.0000e+00
-0.775 3.825 0.0000e+00
-0.775 3.875 0.0000e+00
-0.775 3.925 0.0000e+00
-0.775 3.975 0.0000e+00
-0.725 -1.975 0.0000e+00
-0.725 -1.925 0.0000e+00
-0.725 -1.875 0.0000e+00
-0.725 -1.825 0.0000e+00
-0.725 -1.775 0.0000e+00
-0.725 -1.725 0.0000e+00
-0.725 -1.675 0.0000e+00
-0.725 -1.625 0.0000e+00
-0.725 -1.575 0.0000e+00
-0.725 -1.525 0.0000e+00
-0.725 -1.475 0.0000e+00
-0.725 -1.425 0.0000e+00
-0.725 -1.375 0.0000e+00
-0.725 -1.325 0.0000e+00
-0.725 -1.275 0.0000e+00
-0.725 -1.225 0.0000e+00
-0.725 -1.175 0.0000e+00
-0.725 -1.125 0.0000e+00
-0.725 -1.075 0.0000e+00
-0.725 -1.025 0.0000e+00
-0.725 -0.975 0.0000e+00
-0.725 -0.925 0.0000e+00
-0.725 -0.875 0.0000e+00
-0.725 -0.825 0.0000e+00
-0.725 -0.775 0.0000e+00
-0.725 -0.725 0.0000e+00
-0.725 -0.675 0.0000e+00
-0.725 -0.625 0.0000e+00
-0.725 -0.575 0.0000e+00
-0.725 -0.525 0.0000e+00
-0.725 -0.475 0.0000e+00
-0.725 -0.425 0.0000e+00
-0.725 -0.375 0.0000e+00
-0.725 -0.325 0.0000e+00
-0.725 -0.275 0.0000e+00
-0.725 -0.225 0.0000e+00
-0.725 -0.175 0.0000e+00
-0.725 -0.125 0.0000e+00
-0.725 -0.075 0.0000e+00
-0.725 -0.025 0.0000e+00
-0.725 0.025 0.0000e+00
-0.725 0.075 0.0000e+00
-0.725 0.125 0.0000e+00
-0.725 0.175 0.0000e+00
-0.725 0.225 0.0000e+00
-0.725 0.275 0.0000e+00
-0.725 0.325 0.0000e+00
-0.725 0.375 0.0000e+00
-0.725 0.425 0.0000e+00
-0.725 0.475 0.0000e+00
-0.725 0.525 0.0000e+00
-0.725 0.575 0.0000e+00
-0.725 0.625 0.0000e+00
-0.725 0.675 0.0000e+00
-0.725 0.725 0.0000e+00
-0.725 0.775 0.0000e+00
-0.725 0.825 1.1720e-04
-0.725 0.875 1.5501e-04
-0.725 0.925 1.9308e-04
-0.725 0.975 2.2686e-04
-0.725 1.025 2.5228e-04
-0.725 1.075 2.6669e-04
-0.725 1.125 2.6935e-04
-0.725 1.175 2.6132e-04
-0.725 1.225 2.4485e-04
-0.725 1.275 2.2270e-04
-0.725 1.325 1.9755e-04
-0.725 1.375 1.7162e-04
-0.725 1.425 1.4655e-04
-0.725 1.475 1.2340e-04
-0.725 1.525 1.0271e-04
-0.725 1.575 8.4702e-05
-0.725 1.625 6.9327e-05
-0.725 1.675 5.6401e-05
-0.725 1.725 4.5663e-05
-0.725 1.775 3.6826e-05
-0.725 1.825 2.9607e-05
-0.725 1.875 2.3744e-05
-0.725 1.925 1.9005e-05
-0.725 1.975 1.5187e-05
-0.725 2.025 1.2121e-05
-0.725 2.075 9.6640e-06
-0.725 2.125 7.6990e-06
-0.725 2.175 6.1295e-06
-0.725 2.225 4.8775e-06
-0.725 2.275 3.8796e-06
-0.725 2.325 3.0848e-06
-0.725 2.375 2.4522e-06
-0.725 2.425 1.9489e-06
-0.725 2.475 1.5485e-06
-0.725 2.525 1.2303e-06
-0.725 2.575 9.7725e-07
-0.725 2.625 7.7618e-07
-0.725 2.675 6.1642e-07
-0.725 2.725 4.8948e-07
-0.725 2.775 3.8864e-07
-0.725 2.825 3.0854e-07
-0.725 2.875 2.4493e-07
-0.725 2.925 1.9440e-07
-0.725 2.975 1.5428e-07
-0.725 3.025 1.2242e-07
-0.725 3.075 9.7123e-08
-0.725 3.125 7.7038e-08
-0.725 3.175 6.1092e-08
-0.725 3.225 4.8434e-08
-0.725 3.275 3.8387e-08
-0.725 3.325 3.0411e-08
-0.725 3.375 2.4081e-08
-0.725 3.425 1.9057e-08
-0.725 3.475 1.5069e-08
-0.725 3.525 1.1904e-08
-0.725 3.575 0.0000e+00
-0.725 3.625 0.0000e+00
-0.725 3.675 0.0000e+00
-0.725 3.725 0.0000e+00
-0.725 3.775 0.0000e+00
-0.725 3.825 0.0000e+00
-0.725 3.875 0.0000e+00
-0.725 3.925 0.0000e+00
-0.725 3.975 0.0000e+00
-0.675 -1.975 0.0000e+00
-0.675 -1.925 0.0000e+00
-0.675 -1.875 0.0000e+00
-0.675 -1.825 0.0000e+00
-0.675 -1.775 0.0000e+00
-0.675 -1.725 0.0000e+00
-0.675 -1.675 0.0000e+00
-0.675 -1.625 0.0000e+00
-0.675 -1.575 0.0000e+00
-0.675 -1.525 0.0000e+00
-0.675 -1.475 0.0000e+00
-0.675 -1.425 0.0000e+00
-0.675 -1.375 0.0000e+00
-0.675 -1.325 0.0000e+00
-0.675 -1.275 0.0000e+00
-0.675 -1.225 0.0000e+00
-0.675 -1.175 0.0000e+00
-0.675 -1.125 0.0000e+00
-0.675 -1.075 0.0000e+00
-0.675 -1.025 0.0000e+00
-0.675 -0.975 0.0000e+00
-0.675 -0.925 0.0000e+00
-0.675 -0.875 0.0000e+00
-0.675 -0.825 0.0000e+00
-0.675 -0.775 0.0000e+00
-0.675 -0.725 0.0000e+00
-0.675 -0.675 0.0000e+00
-0.675 -0.625 0.0000e+00
-0.675 -0.575 0.0000e+00
-0.675 -0.525 0.0000e+00
-0.675 -0.475 0.0000e+00
-0.675 -0.425 0.0000e+00
-0.675 -0.375 0.0000e+00
-0.675 -0.325 0.0000e+00
-0.675 -0.275 0.0000e+00
-0.675 -0.225 0.0000e+00
-0.675 -0.175 0.0000e+00
-0.675 -0.125 0.0000e+00
-0.675 -0.075 0.0000e+00
-0.675 -0.025 0.0000e+00
-0.675 0.025 0.0000e+00
-0.675 0.075 0.0000e+00
-0.675 0.125 0.0000e+00
-0.675 0.175 0.0000e+00
-0.675 0.225 0.0000e+00
-0.675 0.275 0.0000e+00
-0.675 0.325 0.0000e+00
-0.675 0.375 0.0000e+00
-0.675 0.425 0.0000e+00
-0.675 0.475 0.0000e+00
-0.675 0.525 0.0000e+00
-0.675 0.575 0.0000e+00
-0.675 0.625 0.0000e+00
-0.675 0.675 0.0000e+00
-0.675 0.725 0.0000e+00
-0.675 0.775 0.0000e+00
-0.675 0.825 0.0000e+00
-0.675 0.875 0.0000e+00
-0.675 0.925 0.0000e+00
-0.675 0.975 0.0000e+00
-0.675 1.025 0.0000e+00
-0.675 1.075 0.0000e+00
-0.675 1.125 0.0000e+00
-0.675 1.175 0.0000e+00
-0.675 1.225 0.0000e+00
-0.675 1.275 0.0000e+00
-0.675 1.325 0.0000e+00
-0.675 1.375 0.0000e+00
-0.675 1.425 0.0000e+00
-0.675 1.475 0.0000e+00
-0.675 1.525 0.0000e+00
-0.675 1.575 0.0000e+00
-0.675 1.625 0.0000e+00
-0.675 1.675 0.0000e+00
-0.675 1.725 0.0000e+00
-0.675 1.775 0.0000e+00
-0.675 1.825 0.0000e+00
-0.675 1.875 0.0000e+00
-0.675 1.925 0.0000e+00
-0.675 1.975 0.0000e+00
-0.675 2.025 0.0000e+00
-0.675 2.075 0.0000e+00
-0.675 2.125 0.0000e+00
-0.675 2.175 0.0000e+00
-0.675 2.225 0.0000e+00
-0.675 2.275 0.0000e+00
-0.675 2.325 0.0000e+00
-0.675 2.375 0.0000e+00
-0.675 2.425 0.0000e+00
-0.675 2.475 0.0000e+00
-0.675 2.525 0.0000e+00
-0.675 2.575 0.0000e+00
-0.675 2.625 0.0000e+00
-0.675 2.675 0.0000e+00
-0.675 2.725 0.0000e+00
-0.675 2.775 0.0000e+00
-0.675 2.825 0.0000e+00
-0.675 2.875 0.0000e+00
-0.675 2.925 0.0000e+00
-0.675 2.975 0.0000e+00
-0.675 3.025 0.0000e+00
-0.675 3.075 0.0000e+00
-0.675 3.125 0.0000e+00
-0.675 3.175 0.0000e+00
-0.675 3.225 0.0000e+00
-0.675 3.275 0.0000e+00
-0.675 3.325 0.0000e+00
-0.675 3.375 0.0000e+00
-0.675 3.425 0.0000e+00
-0.675 3.475 0.0000e+00
-0.675 3.525 0.0000e+00
-0.675 3.575 0.0000e+00
-0.675 3.625 0.0000e+00
-0.675 3.675 0.0000e+00
-0.675 3.725 0.0000e+00
-0.675 3.775 0.0000e+00
-0.675 3.825 0.0000e+00
-0.675 3.875 0.0000e+00
-0.675 3.925 0.0000e+00
-0.675 3.975 0.0000e+00
-0.625 -1.975 0.0000e+00
-0.625 -1.925 0.0000e+00
-0.625 -1.875 0.0000e+00
-0.625 -1.825 0.0000e+00
-0.625 -1.775 0.0000e+00
-0.625 -1.725 0.0000e+00
-0.625 -1.675 0.0000e+00
-0.625 -1.625 0.0000e+00
-0.625 -1.575 0.0000e+00
-0.625 -1.525 0.0000e+00
-0.625 -1.475 0.0000e+00
-0.625 -1.425 0.0000e+00
-0.625 -1.375 0.0000e+00
-0.625 -1.325 0.0000e+00
-0.625 -1.275 0.0000e+00
-0.625 -1.225 0.0000e+00
-0.625 -1.175 0.0000e+00
-0.625 -1.125 0.0000e+00
-0.625 -1.075 0.0000e+00
-0.625 -1.025 0.0000e+00
-0.625 -0.975 0.0000e+00
-0.625 -0.925 0.0000e+00
-0.625 -0.875 0.0000e+00
-0.625 -0.825 0.0000e+00
-0.625 -0.775 0.0000e+00
-0.625 -0.725 0.0000e+00
-0.625 -0.675 0.0000e+00
-0.625 -0.625 0.0000e+00
-0.625 -0.575 0.0000e+00
-0.625 -0.525 0.0000e+00
-0.625 -0.475 0.0000e+00
-0.625 -0.425 0.0000e+00
-0.625 -0.375 0.0000e+00
-0.625 -0.325 0.0000e+00
-0.625 -0.275 0.0000e+00
-0.625 -0.225 0.0000e+00
-0.625 -0.175 0.0000e+00
-0.625 -0.125 0.0000e+00
-0.625 -0.075 0.0000e+00
-0.625 -0.025 0.0000e+00
-0.625 0.025 0.0000e+00
-0.625 0.075 0.0000e+00
-0.625 0.125 0.0000e+00
-0.625 0.175 0.0000e+00
-0.625 0.225 0.0000e+00
-0.625 0.275 0.0000e+00
-0.625 0.325 0.0000e+00
-0.625 0.375 0.0000e+00
-0.625 0.425 0.0000e+00
-0.625 0.475 0.0000e+00
-0.625 0.525 0.0000e+00
-0.625 0.575 0.0000e+00
-0.625 0.625 0.0000e+00
-0.625 0.675 0.0000e+00
-0.625 0.725 0.0000e+00
-0.625 0.775 0.0000e+00
-0.625 0.825 0.0000e+00
-0.625 0.875 0.0000e+00
-0.625 0.925 0.0000e+00
-0.625 0.975 0.0000e+00
-0.625 1.025 0.0000e+00
-0.625 1.075 0.0000e+00
-0.625 1.125 0.0000e+00
-0.625 1.175 0.0000e+00
-0.625 1.225 0.0000e+00
-0.625 1.275 0.0000e+00
-0.625 1.325 0.0000e+00
-0.625 1.375 0.0000e+00
-0.625 1.425 0.0000e+00
-0.625 1.475 0.0000e+00
-0.625 1.525 0.0000e+00
-0.625 1.575 0.0000e+00
-0.625 1.625 0.0000e+00
-0.625 1.675 0.0000e+00
-0.625 1.725 0.0000e+00
-0.625 1.775 0.0000e+00
-0.625 1.825 0.0000e+00
-0.625 1.875 0.0000e+00
-0.625 1.925 0.0000e+00
-0.625 1.975 0.0000e+00
-0.625 2.025 0.0000e+00
-0.625 2.075 0.0000e+00
-0.625 2.125 0.0000e+00
-0.625 2.175 0.0000e+00
-0.625 2.225 0.0000e+00
-0.625 2.275 0.0000e+00
-0.625 2.325 0.0000e+00
-0.625 2.375 0.0000e+00
-0.625 2.425 0.0000e+00
-0.625 2.475 0.0000e+00
-0.625 2.525 0.0000e+00
-0.625 2.575 0.0000e+00
-0.625 2.625 0.0000e+00
-0.625 2.675 0.0000e+00
-0.625 2.725 0.0000e+00
-0.625 2.775 0.0000e+00
-0.625 2.825 0.0000e+00
-0.625 2.875 0.0000e+00
-0.625 2.925 0.0000e+00
-0.625 2.975 0.0000e+00
-0.625 3.025 0.0000e+00
-0.625 3.075 0.0000e+00
-0.625 3.125 0.0000e+00
-0.625 3.175 0.0000e+00
-0.625 3.225 0.0000e+00
-0.625 3.275 0.0000e+00
-0.625 3.325 0.0000e+00
-0.625 3.375 0.0000e+00
-0.625 3.425 0.0000e+00
-0.625 3.475 0.0000e+00
-0.625 3.525 0.0000e+00
-0.625 3.575 0.0000e+00
-0.625 3.625 0.0000e+00
-0.625 3.675 0.0000e+00
-0.625 3.725 0.0000e+00
-0.625 3.775 0.0000e+00
-0.625 3.825 0.0000e+00
-0.625 3.875 0.0000e+00
-0.625 3.925 0.0000e+00
-0.625 3.975 0.0000e+00
-0.575 -1.975 0.0000e+00
-0.575 -1.925 0.0000e+00
-0.575 -1.875 0.0000e+00
-0.575 -1.825 0.0000e+00
-0.575 -1.775 0.0000e+00
-0.575 -1.725 0.0000e+00
-0.575 -1.675 0.0000e+00
-0.575 -1.625 0.0000e+00
-0.575 -1.575 0.0000e+00
-0.575 -1.525 0.0000e+00
-0.575 -1.475 0.0000e+00
-0.575 -1.425 0.0000e+00
-0.575 -1.375 0.0000e+00
-0.575 -1.325 0.0000e+00
-0.575 -1.275 0.0000e+00
-0.575 -1.225 0.0000e+00
-0.575 -1.175 0.0000e+00
-0.575 -1.125 0.0000e+00
-0.575 -1.075 0.0000e+00
-0.575 -1.025 0.0000e+00
-0.575 -0.975 0.0000e+00
-0.575 -0.925 0.0000e+00
-0.575 -0.875 0.0000e+00
-0.575 -0.825 0.0000e+00
-0.575 -0.775 0.0000e+00
-0.575 -0.725 0.0000e+00
-0.575 -0.675 0.0000e+00
-0.575 -0.625 0.0000e+00
-0.575 -0.575 0.0000e+00
-0.575 -0.525 0.0000e+00
-0.575 -0.475 0.0000e+00
-0.575 -0.425 0.0000e+00
-0.575 -0.375 0.0000e+00
-0.575 -0.325 0.0000e+00
-0.575 -0.275 0.0000e+00
-0.575 -0.225 0.0000e+00
-0.575 -0.175 0.0000e+00
-0.575 -0.125 0.0000e+00
-0.575 -0.075 0.0000e+00
-0.575 -0.025 0.0000e+00
-0.575 0.025 0.0000e+00
-0.575 0.075 0.0000e+00
-0.575 0.125 0.0000e+00
-0.575 0.175 0.0000e+00
-0.575 0.225 0.0000e+00
-0.575 0.275 0.0000e+00
-0.575 0.325 0.0000e+00
-0.575 0.375 0.0000e+00
-0.575 0.425 0.0000e+00
-0.575 0.475 0.0000e+00
-0.575 0.525 0.0000e+00
-0.575 0.575 0.0000e+00
-0.575 0.625 0.0000e+00
-0.575 0.675 0.0000e+00
-0.575 0.725 0.0000e+00
-0.575 0.775 0.0000e+00
-0.575 0.825 0.0000e+00
-0.575 0.875 0.0000e+00
-0.575 0.925 0.0000e+00
-0.575 0.975 0.0000e+00
-0.575 1.025 0.0000e+00
-0.575 1.075 0.0000e+00
-0.575 1.125 0.0000e+00
-0.575 1.175 0.0000e+00
-0.575 1.225 0.0000e+00
-0.575 1.275 0.0000e+00
-0.575 1.325 0.0000e+00
-0.575 1.375 0.0000e+00
-0.575 1.425 0.0000e+00
-0.575 1.475 0.0000e+00
-0.575 1.525 0.0000e+00
-0.575 1.575 0.0000e+00
-0.575 1.625 0.0000e+00
-0.575 1.675 0.0000e+00
-0.575 1.725 0.0000e+00
-0.575 1.775 0.0000e+00
-0.575 1.825 0.0000e+00
-0.575 1.875 0.0000e+00
-0.575 1.925 0.0000e+00
-0.575 1.975 0.0000e+00
-0.575 2.025 0.0000e+00
-0.575 2.075 0.0000e+00
-0.575 2.125 0.0000e+00
-0.575 2.175 0.0000e+00
-0.575 2.225 0.0000e+00
-0.575 2.275 0.0000e+00
-0.575 2.325 0.0000e+00
-0.575 2.375 0.0000e+00
-0.575 2.425 0.0000e+00
-0.575 2.475 0.0000e+00
-0.575 2.525 0.0000e+00
-0.575 2.575 0.0000e+00
-0.575 2.625 0.0000e+00
-0.575 2.675 0.0000e+00
-0.575 2.725 0.0000e+00
-0.575 2.775 0.0000e+00
-0.575 2.825 0.0000e+00
-0.575 2.875 0.0000e+00
-0.575 2.925 0.0000e+00
-0.575 2.975 0.0000e+00
-0.575 3.025 0.0000e+00
-0.575 3.075 0.0000e+00
-0.575 3.125 0.0000e+00
-0.575 3.175 0.0000e+00
-0.575 3.225 0.0000e+00
-0.575 3.275 0.0000e+00
-0.575 3.325 0.0000e+00
-0.575 3.375 0.0000e+00
-0.575 3.425 0.0000e+00
-0.575 3.475 0.0000e+00
-0.575 3.525 0.0000e+00
-0.575 3.575 0.0000e+00
-0.575 3.625 0.0000e+00
-0.575 3.675 0.0000e+00
-0.575 3.725 0.0000e+00
-0.575 3.775 0.0000e+00
-0.575 3.825 0.0000e+00
-0.575 3.875 0.0000e+00
-0.575 3.925 0.0000e+00
-0.575 3.975 0.0000e+00
-0.525 -1.975 0.0000e+00
-0.525 -1.925 0.0000e+00
-0.525 -1.875 0.0000e+00
-0.525 -1.825 0.0000e+00
-0.525 -1.775 0.0000e+00
-0.525 -1.725 0.0000e+00
-0.525 -1.675 0.0000e+00
-0.525 -1.625 0.0000e+00
-0.525 -1.575 0.0000e+00
-0.525 -1.525 0.0000e+00
-0.525 -1.475 0.0000e+00
-0.525 -1.425 0.0000e+00
-0.525 -1.375 0.0000e+00
-0.525 -1.325 0.0000e+00
-0.525 -1.275 0.0000e+00
-0.525 -1.225 0.0000e+00
-0.525 -1.175 0.0000e+00
-0.525 -1.125 0.0000e+00
-0.525 -1.075 0.0000e+00
-0.525 -1.025 0.0000e+00
-0.525 -0.975 0.0000e+00
-0.525 -0.925 0.0000e+00
-0.525 -0.875 0.0000e+00
-0.525 -0.825 0.0000e+00
-0.525 -0.775 0.0000e+00
-0.525 -0.725 0.0000e+00
-0.525 -0.675 0.0000e+00
-0.525 -0.625 0.0000e+00
-0.525 -0.575 0.0000e+00
-0.525 -0.525 0.0000e+00
-0.525 -0.475 0.0000e+00
-0.525 -0.425 0.0000e+00
-0.525 -0.375 0.0000e+00
-0.525 -0.325 0.0000e+00
-0.525 -0.275 0.0000e+00
-0.525 -0.225 0.0000e+00
-0.525 -0.175 0.0000e+00
-0.525 -0.125 0.0000e+00
-0.525 -0.075 0.0000e+00
-0.525 -0.025 0.0000e+00
-0.525 0.025 0.0000e+00
-0.525 0.075 0.0000e+00
-0.525 0.125 0.0000e+00
-0.525 0.175 0.0000e+00
-0.525 0.225 0.0000e+00
-0.525 0.275 0.0000e+00
-0.525 0.325 0.0000e+00
-0.525 0.375 0.0000e+00
-0.525 0.425 0.0000e+00
-0.525 0.475 0.0000e+00
-0.525 0.525 0.0000e+00
-0.525 0.575 0.0000e+00
-0.525 0.625 0.0000e+00
-0.525 0.675 0.0000e+00
-0.525 0.725 0.0000e+00
-0.525 0.775 0.0000e+00
-0.525 0.825 0.0000e+00
-0.525 0.875 0.0000e+00
-0.525 0.925 0.0000e+00
-0.525 0.975 0.0000e+00
-0.525 1.025 0.0000e+00
-0.525 1.075 0.0000e+00
-0.525 1.125 0.0000e+00
-0.525 1.175 0.0000e+00
-0.525 1.225 0.0000e+00
-0.525 1.275 0.0000e+00
-0.525 1.325 0.0000e+00
-0.525 1.375 0.0000e+00
-0.525 1.425 0.0000e+00
-0.525 1.475 0.0000e+00
-0.525 1.525 0.0000e+00
-0.525 1.575 0.0000e+00
-0.525 1.625 0.0000e+00
-0.525 1.675 0.0000e+00
-0.525 1.725 0.0000e+00
-0.525 1.775 0.0000e+00
-0.525 1.825 0.0000e+00
-0.525 1.875 0.0000e+00
-0.525 1.925 0.0000e+00
-0.525 1.975 0.0000e+00
-0.525 2.025 0.0000e+00
-0.525 2.075 0.0000e+00
-0.525 2.125 0.0000e+00
-0.525 2.175 0.0000e+00
-0.525 2.225 0.0000e+00
-0.525 2.275 0.0000e+00
-0.525 2.325 0.0000e+00
-0.525 2.375 0.0000e+00
-0.525 2.425 0.0000e+00
-0.525 2.475 0.0000e+00
-0.525 2.525 0.0000e+00
-0.525 2.575 0.0000e+00
-0.525 2.625 0.0000e+00
-0.525 2.675 0.0000e+00
-0.525 2.725 0.0000e+00
-0.525 2.775 0.0000e+00
-0.525 2.825 0.0000e+00
-0.525 2.875 0.0000e+00
-0.525 2.925 0.0000e+00
-0.525 2.975 0.0000e+00
-0.525 3.025 0.0000e+00
-0.525 3.075 0.0000e+00
-0.525 3.125 0.0000e+00
-0.525 3.175 0.0000e+00
-0.525 3.225 0.0000e+00
-0.525 3.275 0.0000e+00
-0.525 3.325 0.0000e+00
-0.525 3.375 0.0000e+00
-0.525 3.425 0.0000e+00
-0.525 3.475 0.0000e+00
-0.525 3.525 0.0000e+00
-0.525 3.575 0.0000e+00
-0.525 3.625 0.0000e+00
-0.525 3.675 0.0000e+00
-0.525 3.725 0.0000e+00
-0.525 3.775 0.0000e+00
-0.525 3.825 0.0000e+00
-0.525 3.875 0.0000e+00
-0.525 3.925 0.0000e+00
-0.525 3.975 0.0000e+00
-0.475 -1.975 0.0000e+00
-0.475 -1.925 0.0000e+00
-0.475 -1.875 0.0000e+00
-0.475 -1.825 0.0000e+00
-0.475 -1.775 0.0000e+00
-0.475 -1.725 0.0000e+00
-0.475 -1.675 0.0000e+00
-0.475 -1.625 0.0000e+00
-0.475 -1.575 0.0000e+00
-0.475 -1.525 0.0000e+00
-0.475 -1.475 0.0000e+00
-0.475 -1.425 0.0000e+00
-0.475 -1.375 0.0000e+00
-0.475 -1.325 0.0000e+00
-0.475 -1.275 0.0000e+00
-0.475 -1.225 0.0000e+00
-0.475 -1.175 0.0000e+00
-0.475 -1.125 0.0000e+00
-0.475 -1.075 0.0000e+00
-0.475 -1.025 0.0000e+00
-0.475 -0.975 0.0000e+00
-0.475 -0.925 0.0000e+00
-0.475 -0.875 0.0000e+00
-0.475 -0.825 0.0000e+00
-0.475 -0.775 0.0000e+00
-0.475 -0.725 0.0000e+00
-0.475 -0.675 0.0000e+00
-0.475 -0.625 0.0000e+00
-0.475 -0.575 0.0000e+00
-0.475 -0.525 0.0000e+00
-0.475 -0.475 0.0000e+00
-0.475 -0.425 0.0000e+00
-0.475 -0.375 0.0000e+00
-0.475 -0.325 0.0000e+00
-0.475 -0.275 0.0000e+00
-0.475 -0.225 0.0000e+00
-0.475 -0.175 0.0000e+00
-0.475 -0.125 0.0000e+00
-0.475 -0.075 0.0000e+00
-0.475 -0.025 0.0000e+00
-0.475 0.025 0.0000e+00
-0.475 0.075 0.0000e+00
-0.475 0.125 0.0000e+00
-0.475 0.175 0.0000e+00
-0.475 0.225 0.0000e+00
-0.475 0.275 0.0000e+00
-0.475 0.325 0.0000e+00
-0.475 0.375 0.0000e+00
-0.475 0.425 0.0000e+00
-0.475 0.475 0.0000e+00
-0.475 0.525 0.0000e+00
-0.475 0.575 0.0000e+00
-0.475 0.625 0.0000e+00
-0.475 0.675 0.0000e+00
-0.475 0.725 0.0000e+00
-0.475 0.775 0.0000e+00
-0.475 0.825 0.0000e+00
-0.475 0.875 0.0000e+00
-0.475 0.925 0.0000e+00
-0.475 0.975 0.0000e+00
-0.475 1.025 0.0000e+00
-0.475 1.075 0.0000e+00
-0.475 1.125 0.0000e+00
-0.475 1.175 0.0000e+00
-0.475 1.225 0.0000e+00
-0.475 1.275 0.0000e+00
-0.475 1.325 0.0000e+00
-0.475 1.375 0.0000e+00
-0.475 1.425 0.0000e+00
-0.475 1.475 0.0000e+00
-0.475 1.525 0.0000e+00
-0.475 1.575 0.0000e+00
-0.475 1.625 0.0000e+00
-0.475 1.675 0.0000e+00
-0.475 1.725 0.0000e+00
-0.475 1.775 0.0000e+00
-0.475 1.825 0.0000e+00
-0.475 1.875 0.0000e+00
-0.475 1.925 0.0000e+00
-0.475 1.975 0.0000e+00
-0.475 2.025 0.0000e+00
-0.475 2.075 0.0000e+00
-0.475 2.125 0.0000e+00
-0.475 2.175 0.0000e+00
-0.475 2.225 0.0000e+00
-0.475 2.275 0.0000e+00
-0.475 2.325 0.0000e+00
-0.475 2.375 0.0000e+00
-0.475 2.425 0.0000e+00
-0.475 2.475 0.0000e+00
-0.475 2.525 0.0000e+00
-0.475 2.575 0.0000e+00
-0.475 2.625 0.0000e+00
-0.475 2.675 0.0000e+00
-0.475 2.725 0.0000e+00
-0.475 2.775 0.0000e+00
-0.475 2.825 0.0000e+00
-0.475 2.875 0.0000e+00
-0.475 2.925 0.0000e+00
-0.475 2.975 0.0000e+00
-0.475 3.025 0.0000e+00
-0.475 3.075 0.0000e+00
-0.475 3.125 0.0000e+00
-0.475 3.175 0.0000e+00
-0.475 3.225 0.0000e+00
-0.475 3.275 0.0000e+00
-0.475 3.325 0.0000e+00
-0.475 3.375 0.0000e+00
-0.475 3.425 0.0000e+00
-0.475 3.475 0.0000e+00
-0.475 3.525 0.0000e+00
-0.475 3.575 0.0000e+00
-0.475 3.625 0.0000e+00
-0.475 3.675 0.0000e+00
-0.475 3.725 0.0000e+00
-0.475 3.775 0.0000e+00
-0.475 3.825 0.0000e+00
-0.475 3.875 0.0000e+00
-0.475 3.925 0.0000e+00
-0.475 3.975 0.0000e+00
-0.425 -1.975 0.0000e+00
-0.425 -1.925 0.0000e+00
-0.425 -1.875 0.0000e+00
-0.425 -1.825 0.0000e+00
-0.425 -1.775 0.0000e+00
-0.425 -1.725 0.0000e+00
-0.425 -1.675 0.0000e+00
-0.425 -1.625 0.0000e+00
-0.425 -1.575 0.0000e+00
-0.425 -1.525 0.0000e+00
-0.425 -1.475 0.0000e+00
-0.425 -1.425 0.0000e+00
-0.425 -1.375 0.0000e+00
-0.425 -1.325 0.0000e+00
-0.425 -1.275 0.0000e+00
-0.425 -1.225 0.0000e+00
-0.425 -1.175 0.0000e+00
-0.425 -1.125 0.0000e+00
-0.425 -1.075 0.0000e+00
-0.425 -1.025 0.0000e+00
-0.425 -0.975 0.0000e+00
-0.425 -0.925 0.0000e+00
-0.425 -0.875 0.0000e+00
-0.425 -0.825 0.0000e+00
-0.425 -0.775 0.0000e+00
-0.425 -0.725 0.0000e+00
-0.425 -0.675 0.0000e+00
-0.425 -0.625 0.0000e+00
-0.425 -0.575 0.0000e+00
-0.425 -0.525 0.0000e+00
-0.425 -0.475 0.0000e+00
-0.425 -0.425 0.0000e+00
-0.425 -0.375 0.0000e+00
-0.425 -0.325 0.0000e+00
-0.425 -0.275 0.0000e+00
-0.425 -0.225 0.0000e+00
-0.425 -0.175 0.0000e+00
-0.425 -0.125 0.0000e+00
-0.425 -0.075 0.0000e+00
-0.425 -0.025 0.0000e+00
-0.425 0.025 0.0000e+00
-0.425 0.075 0.0000e+00
-0.425 0.125 0.0000e+00
-0.425 0.175 0.0000e+00
-0.425 0.225 0.0000e+00
-0.425 0.275 0.0000e+00
-0.425 0.325 0.0000e+00
-0.425 0.375 0.0000e+00
-0.425 0.425 0.0000e+00
-0.425 0.475 0.0000e+00
-0.425 0.525 0.0000e+00
-0.425 0.575 0.0000e+00
-0.425 0.625 0.0000e+00
-0.425 0.675 0.0000e+00
-0.425 0.725 0.0000e+00
-0.425 0.775 0.0000e+00
-0.425 0.825 0.0000e+00
-0.425 0.875 0.0000e+00
-0.425 0.925 0.0000e+00
-0.425 0.975 0.0000e+00
-0.425 1.025 0.0000e+00
-0.425 1.075 0.0000e+00
-0.425 1.125 0.0000e+00
-0.425 1.175 0.0000e+00
-0.425 1.225 0.0000e+00
-0.425 1.275 0.0000e+00
-0.425 1.325 0.0000e+00
-0.425 1.375 0.0000e+00
-0.425 1.425 0.0000e+00
-0.425 1.475 0.0000e+00
-0.425 1.525 0.0000e+00
-0.425 1.575 0.0000e+00
-0.425 1.625 0.0000e+00
-0.425 1.675 0.0000e+00
-0.425 1.725 0.0000e+00
-0.425 1.775 0.0000e+00
-0.425 1.825 0.0000e+00
-0.425 1.875 0.0000e+00
-0.425 1.925 0.0000e+00
-0.425 1.975 0.0000e+00
-0.425 2.025 0.0000e+00
-0.425 2.075 0.0000e+00
-0.425 2.125 0.0000e+00
-0.425 2.175 0.0000e+00
-0.425 2.225 0.0000e+00
-0.425 2.275 0.0000e+00
-0.425 2.325 0.0000e+00
-0.425 2.375 0.0000e+00
-0.425 2.425 0.0000e+00
-0.425 2.475 0.0000e+00
-0.425 2.525 0.0000e+00
-0.425 2.575 0.0000e+00
-0.425 2.625 0.0000e+00
-0.425 2.675 0.0000e+00
-0.425 2.725 0.0000e+00
-0.425 2.775 0.0000e+00
-0.425 2.825 0.0000e+00
-0.425 2.875 0.0000e+00
-0.425 2.925 0.0000e+00
-0.425 2.975 0.0000e+00
-0.425 3.025 0.0000e+00
-0.425 3.075 0.0000e+00
-0.425 3.125 0.0000e+00
-0.425 3.175 0.0000e+00
-0.425 3.225 0.0000e+00
-0.425 3.275 0.0000e+00
-0.425 3.325 0.0000e+00
-0.425 3.375 0.0000e+00
-0.425 3.425 0.0000e+00
-0.425 3.475 0.0000e+00
-0.425 3.525 0.0000e+00
-0.425 3.575 0.0000e+00
-0.425 3.625 0.0000e+00
-0.425 3.675 0.0000e+00
-0.425 3.725 0.0000e+00
-0.425 3.775 0.0000e+00
-0.425 3.825 0.0000e+00
-0.425 3.875 0.0000e+00
-0.425 3.925 0.0000e+00
-0.425 3.975 0.0000e+00
-0.375 -1.975 0.0000e+00
-0.375 -1.925 0.0000e+00
-0.375 -1.875 0.0000e+00
-0.375 -1.825 0.0000e+00
-0.375 -1.775 0.0000e+00
-0.375 -1.725 0.0000e+00
-0.375 -1.675 0.0000e+00
-0.375 -1.625 0.0000e+00
-0.375 -1.575 0.0000e+00
-0.375 -1.525 0.0000e+00
-0.375 -1.475 0.0000e+00
-0.375 -1.425 0.0000e+00
-0.375 -1.375 0.0000e+00
-0.375 -1.325 0.0000e+00
-0.375 -1.275 0.0000e+00
-0.375 -1.225 0.0000e+00
-0.375 -1.175 0.0000e+00
-0.375 -1.125 0.0000e+00
-0.375 -1.075 0.0000e+00
-0.375 -1.025 0.0000e+00
-0.375 -0.975 0.0000e+00
-0.375 -0.925 0.0000e+00
-0.375 -0.875 0.0000e+00
-0.375 -0.825 0.0000e+00
-0.375 -0.775 0.0000e+00
-0.375 -0.725 0.0000e+00
-0.375 -0.675 0.0000e+00
-0.375 -0.625 0.0000e+00
-0.375 -0.575 0.0000e+00
-0.375 -0.525 0.0000e+00
-0.375 -0.475 0.0000e+00
-0.375 -0.425 0.0000e+00
-0.375 -0.375 0.0000e+00
-0.375 -0.325 0.0000e+00
-0.375 -0.275 0.0000e+00
-0.375 -0.225 0.0000e+00
-0.375 -0.175 0.0000e+00
-0.375 -0.125 0.0000e+00
-0.375 -0.075 0.0000e+00
-0.375 -0.025 0.0000e+00
-0.375 0.025 0.0000e+00
-0.375 0.075 0.0000e+00
-0.375 0.125 0.0000e+00
-0.375 0.175 0.0000e+00
-0.375 0.225 0.0000e+00
-0.375 0.275 0.0000e+00
-0.375 0.325 0.0000e+00
-0.375 0.375 0.0000e+00
-0.375 0.425 0.0000e+00
-0.375 0.475 0.0000e+00
-0.375 0.525 0.0000e+00
-0.375 0.575 0.0000e+00
-0.375 0.625 0.0000e+00
-0.375 0.675 0.0000e+00
-0.375 0.725 0.0000e+00
-0.375 0.775 0.0000e+00
-0.375 0.825 0.0000e+00
-0.375 0.875 0.0000e+00
-0.375 0.925 0.0000e+00
-0.375 0.975 0.0000e+00
-0.375 1.025 0.0000e+00
-0.375 1.075 0.0000e+00
-0.375 1.125 0.0000e+00
-0.375 1.175 0.0000e+00
-0.375 1.225 0.0000e+00
-0.375 1.275 0.0000e+00
-0.375 1.325 0.0000e+00
-0.375 1.375 0.0000e+00
-0.375 1.425 0.0000e+00
-0.375 1.475 0.0000e+00
-0.375 1.525 0.0000e+00
-0.375 1.575 0.0000e+00
-0.375 1.625 0.0000e+00
-0.375 1.675 0.0000e+00
-0.375 1.725 0.0000e+00
-0.375 1.775 0.0000e+00
-0.375 1.825 0.0000e+00
-0.375 1.875 0.0000e+00
-0.375 1.925 0.0000e+00
-0.375 1.975 0.0000e+00
-0.375 2.025 0.0000e+00
-0.375 2.075 0.0000e+00
-0.375 2.125 0.0000e+00
-0.375 2.175 0.0000e+00
-0.375 2.225 0.0000e+00
-0.375 2.275 0.0000e+00
-0.375 2.325 0.0000e+00
-0.375 2.375 0.0000e+00
-0.375 2.425 0.0000e+00
-0.375 2.475 0.0000e+00
-0.375 2.525 0.0000e+00
-0.375 2.575 0.0000e+00
-0.375 2.625 0.0000e+00
-0.375 2.675 0.0000e+00
-0.375 2.725 0.0000e+00
-0.375 2.775 0.0000e+00
-0.375 2.825 0.0000e+00
-0.375 2.875 0.0000e+00
-0.375 2.925 0.0000e+00
-0.375 2.975 0.0000e+00
-0.375 3.025 0.0000e+00
-0.375 3.075 0.0000e+00
-0.375 3.125 0.0000e+00
-0.375 3.175 0.0000e+00
-0.375 3.225 0.0000e+00
-0.375 3.275 0.0000e+00
-0.375 3.325 0.0000e+00
-0.375 3.375 0.0000e+00
-0.375 3.425 0.0000e+00
-0.375 3.475 0.0000e+00
-0.375 3.525 0.0000e+00
-0.375 3.575 0.0000e+00
-0.375 3.625 0.0000e+00
-0.375 3.675 0.0000e+00
-0.375 3.725 0.0000e+00
-0.375 3.775 0.0000e+00
-0.375 3.825 0.0000e+00
-0.375 3.875 0.0000e+00
-0.375 3.925 0.0000e+00
-0.375 3.975 0.0000e+00
-0.325 -1.975 0.0000e+00
-0.325 -1.925 0.0000e+00
-0.325 -1.875 0.0000e+00
-0.325 -1.825 0.0000e+00
-0.325 -1.775 0.0000e+00
-0.325 -1.725 0.0000e+00
-0.325 -1.675 0.0000e+00
-0.325 -1.625 0.0000e+00
-0.325 -1.575 0.0000e+00
-0.325 -1.525 0.0000e+00
-0.325 -1.475 0.0000e+00
-0.325 -1.425 0.0000e+00
-0.325 -1.375 0.0000e+00
-0.325 -1.325 0.0000e+00
-0.325 -1.275 0.0000e+00
-0.325 -1.225 0.0000e+00
-0.325 -1.175 0.0000e+00
-0.325 -1.125 0.0000e+00
-0.325 -1.075 0.0000e+00
-0.325 -1.025 0.0000e+00
-0.325 -0.975 0.0000e+00
-0.325 -0.925 0.0000e+00
-0.325 -0.875 0.0000e+00
-0.325 -0.825 0.0000e+00
-0.325 -0.775 0.0000e+00
-0.325 -0.725 0.0000e+00
-0.325 -0.675 0.0000e+00
-0.325 -0.625 0.0000e+00
-0.325 -0.575 0.0000e+00
-0.325 -0.525 0.0000e+00
-0.325 -0.475 0.0000e+00
-0.325 -0.425 0.0000e+00
-0.325 -0.375 0.0000e+00
-0.325 -0.325 0.0000e+00
-0.325 -0.275 0.0000e+00
-0.325 -0.225 0.0000e+00
-0.325 -0.175 0.0000e+00
-0.325 -0.125 0.0000e+00
-0.325 -0.075 0.0000e+00
-0.325 -0.025 0.0000e+00
-0.325 0.025 0.0000e+00
-0.325 0.075 0.0000e+00
-0.325 0.125 0.0000e+00
-0.325 0.175 0.0000e+00
-0.325 0.225 0.0000e+00
-0.325 0.275 0.0000e+00
-0.325 0.325 0.0000e+00
-0.325 0.375 0.0000e+00
-0.325 0.425 0.0000e+00
-0.325 0.475 0.0000e+00
-0.325 0.525 0.0000e+00
-0.325 0.575 0.0000e+00
-0.325 0.625 0.0000e+00
-0.325 0.675 0.0000e+00
-0.325 0.725 0.0000e+00
-0.325 0.775 0.0000e+00
-0.325 0.825 0.0000e+00
-0.325 0.875 0.0000e+00
-0.325 0.925 0.0000e+00
-0.325 0.975 0.0000e+00
-0.325 1.025 0.0000e+00
-0.325 1.075 0.0000e+00
-0.325 1.125 0.0000e+00
-0.325 1.175 0.0000e+00
-0.325 1.225 0.0000e+00
-0.325 1.275 0.0000e+00
-0.325 1.325 0.0000e+00
-0.325 1.375 0.0000e+00
-0.325 1.425 0.0000e+00
-0.325 1.475 0.0000e+00
-0.325 1.525 0.0000e+00
-0.325 1.575 0.0000e+00
-0.325 1.625 0.0000e+00
-0.325 1.675 0.0000e+00
-0.325 1.725 0.0000e+00
-0.325 1.775 0.0000e+00
-0.325 1.825 0.0000e+00
-0.325 1.875 0.0000e+00
-0.325 1.925 0.0000e+00
-0.325 1.975 0.0000e+00
-0.325 2.025 0.0000e+00
-0.325 2.075 0.0000e+00
-0.325 2.125 0.0000e+00
-0.325 2.175 0.0000e+00
-0.325 2.225 0.0000e+00
-0.325 2.275 0.0000e+00
-0.325 2.325 0.0000e+00
-0.325 2.375 0.0000e+00
-0.325 2.425 0.0000e+00
-0.325 2.475 0.0000e+00
-0.325 2.525 0.0000e+00
-0.325 2.575 0.0000e+00
-0.325 2.625 0.0000e+00
-0.325 2.675 0.0000e+00
-0.325 2.725 0.0000e+00
-0.325 2.775 0.0000e+00
-0.325 2.825 0.0000e+00
-0.325 2.875 0.0000e+00
-0.325 2.925 0.0000e+00
-0.325 2.975 0.0000e+00
-0.325 3.025 0.0000e+00
-0.325 3.075 0.0000e+00
-0.325 3.125 0.0000e+00
-0.325 3.175 0.0000e+00
-0.325 3.225 0.0000e+00
-0.325 3.275 0.0000e+00
-0.325 3.325 0.0000e+00
-0.325 3.375 0.0000e+00
-0.325 3.425 0.0000e+00
-0.325 3.475 0.0000e+00
-0.325 3.525 0.0000e+00
-0.325 3.575 0.0000e+00
-0.325 3.625 0.0000e+00
-0.325 3.675 0.0000e+00
-0.325 3.725 0.0000e+00
-0.325 3.775 0.0000e+00
-0.325 3.825 0.0000e+00
-0.325 3.875 0.0000e+00
-0.325 3.925 0.0000e+00
-0.325 3.975 0.0000e+00
-0.275 -1.975 0.0000e+00
-0.275 -1.925 0.0000e+00
-0.275 -1.875 0.0000e+00
-0.275 -1.825 0.0000e+00
-0.275 -1.775 0.0000e+00
-0.275 -1.725 0.0000e+00
-0.275 -1.675 0.0000e+00
-0.275 -1.625 0.0000e+00
-0.275 -1.575 0.0000e+00
-0.275 -1.525 0.0000e+00
-0.275 -1.475 0.0000e+00
-0.275 -1.425 0.0000e+00
-0.275 -1.375 0.0000e+00
-0.275 -1.325 0.0000e+00
-0.275 -1.275 0.0000e+00
-0.275 -1.225 0.0000e+00
-0.275 -1.175 0.0000e+00
-0.275 -1.125 0.0000e+00
-0.275 -1.075 0.0000e+00
-0.275 -1.025 0.0000e+00
-0.275 -0.975 0.0000e+00
-0.275 -0.925 0.0000e+00
-0.275 -0.875 0.0000e+00
-0.275 -0.825 0.0000e+00
-0.275 -0.775 0.0000e+00
-0.275 -0.725 0.0000e+00
-0.275 -0.675 0.0000e+00
-0.275 -0.625 0.0000e+00
-0.275 -0.575 0.0000e+00
-0.275 -0.525 0.0000e+00
-0.275 -0.475 0.0000e+00
-0.275 -0.425 0.0000e+00
-0.275 -0.375 0.0000e+00
-0.275 -0.325 0.0000e+00
-0.275 -0.275 0.0000e+00
-0.275 -0.225 0.0000e+00
-0.275 -0.175 0.0000e+00
-0.275 -0.125 0.0000e+00
-0.275 -0.075 0.0000e+00
-0.275 -0.025 0.0000e+00
-0.275 0.025 0.0000e+00
-0.275 0.075 0.0000e+00
-0.275 0.125 0.0000e+00
-0.275 0.175 0.0000e+00
-0.275 0.225 0.0000e+00
-0.275 0.275 0.0000e+00
-0.275 0.325 0.0000e+00
-0.275 0.375 0.0000e+00
-0.275 0.425 0.0000e+00
-0.275 0.475 0.0000e+00
-0.275 0.525 0.0000e+00
-0.275 0.575 0.0000e+00
-0.275 0.625 0.0000e+00
-0.275 0.675 0.0000e+00
-0.275 0.725 0.0000e+00
-0.275 0.775 0.0000e+00
-0.275 0.825 0.0000e+00
-0.275 0.875 0.0000e+00
-0.275 0.925 0.0000e+00
-0.275 0.975 0.0000e+00
-0.275 1.025 0.0000e+00
-0.275 1.075 0.0000e+00
-0.275 1.125 0.0000e+00
-0.275 1.175 0.0000e+00
-0.275 1.225 0.0000e+00
-0.275 1.275 0.0000e+00
-0.275 1.325 0.0000e+00
-0.275 1.375 0.0000e+00
-0.275 1.425 0.0000e+00
-0.275 1.475 0.0000e+00
-0.275 1.525 0.0000e+00
-0.275 1.575 0.0000e+00
-0.275 1.625 0.0000e+00
-0.275 1.675 0.0000e+00
-0.275 1.725 0.0000e+00
-0.275 1.775 0.0000e+00
-0.275 1.825 0.0000e+00
-0.275 1.875 0.0000e+00
-0.275 1.925 0.0000e+00
-0.275 1.975 0.0000e+00
-0.275 2.025 0.0000e+00
-0.275 2.075 0.0000e+00
-0.275 2.125 0.0000e+00
-0.275 2.175 0.0000e+00
-0.275 2.225 0.0000e+00
-0.275 2.275 0.0000e+00
-0.275 2.325 0.0000e+00
-0.275 2.375 0.0000e+00
-0.275 2.425 0.0000e+00
-0.275 2.475 0.0000e+00
-0.275 2.525 0.0000e+00
-0.275 2.575 0.0000e+00
-0.275 2.625 0.0000e+00
-0.275 2.675 0.0000e+00
-0.275 2.725 0.0000e+00
-0.275 2.775 0.0000e+00
-0.275 2.825 0.0000e+00
-0.275 2.875 0.0000e+00
-0.275 2.925 0.0000e+00
-0.275 2.975 0.0000e+00
-0.275 3.025 0.0000e+00
-0.275 3.075 0.0000e+00
-0.275 3.125 0.0000e+00
-0.275 3.175 0.0000e+00
-0.275 3.225 0.0000e+00
-0.275 3.275 0.0000e+00
-0.275 3.325 0.0000e+00
-0.275 3.375 0.0000e+00
-0.275 3.425 0.0000e+00
-0.275 3.475 0.0000e+00
-0.275 3.525 0.0000e+00
-0.275 3.575 0.0000e+00
-0.275 3.625 0.0000e+00
-0.275 3.675 0.0000e+00
-0.275 3.725 0.0000e+00
-0.275 3.775 0.0000e+00
-0.275 3.825 0.0000e+00
-0.275 3.875 0.0000e+00
-0.275 3.925 0.0000e+00
-0.275 3.975 0.0000e+00
-0.225 -1.975 0.0000e+00
-0.225 -1.925 0.0000e+00
-0.225 -1.875 0.0000e+00
-0.225 -1.825 0.0000e+00
-0.225 -1.775 0.0000e+00
-0.225 -1.725 0.0000e+00
-0.225 -1.675 0.0000e+00
-0.225 -1.625 0.0000e+00
-0.225 -1.575 0.0000e+00
-0.225 -1.525 0.0000e+00
-0.225 -1.475 0.0000e+00
-0.225 -1.425 0.0000e+00
-0.225 -1.375 0.0000e+00
-0.225 -1.325 0.0000e+00
-0.225 -1.275 0.0000e+00
-0.225 -1.225 0.0000e+00
-0.225 -1.175 0.0000e+00
-0.225 -1.125 0.0000e+00
-0.225 -1.075 0.0000e+00
-0.225 -1.025 0.0000e+00
-0.225 -0.975 0.0000e+00
-0.225 -0.925 0.0000e+00
-0.225 -0.875 0.0000e+00
-0.225 -0.825 0.0000e+00
-0.225 -0.775 0.0000e+00
-0.225 -0.725 0.0000e+00
-0.225 -0.675 0.0000e+00
-0.225 -0.625 0.0000e+00
-0.225 -0.575 0.0000e+00
-0.225 -0.525 0.0000e+00
-0.225 -0.475 0.0000e+00
-0.225 -0.425 0.0000e+00
-0.225 -0.375 0.0000e+00
-0.225 -0.325 0.0000e+00
-0.225 -0.275 0.0000e+00
-0.225 -0.225 0.0000e+00
-0.225 -0.175 0.0000e+00
-0.225 -0.125 0.0000e+00
-0.225 -0.075 0.0000e+00
-0.225 -0.025 0.0000e+00
-0.225 0.025 0.0000e+00
-0.225 0.075 0.0000e+00
-0.225 0.125 0.0000e+00
-0.225 0.175 0.0000e+00
-0.225 0.225 0.0000e+00
-0.225 0.275 0.0000e+00
-0.225 0.325 0.0000e+00
-0.225 0.375 0.0000e+00
-0.225 0.425 0.0000e+00
-0.225 0.475 0.0000e+00
-0.225 0.525 0.0000e+00
-0.225 0.575 0.0000e+00
-0.225 0.625 0.0000e+00
-0.225 0.675 0.0000e+00
-0.225 0.725 0.0000e+00
-0.225 0.775 0.0000e+00
-0.225 0.825 0.0000e+00
-0.225 0.875 0.0000e+00
-0.225 0.925 0.0000e+00
-0.225 0.975 0.0000e+00
-0.225 1.025 0.0000e+00
-0.225 1.075 0.0000e+00
-0.225 1.125 0.0000e+00
-0.225 1.175 0.0000e+00
-0.225 1.225 0.0000e+00
-0.225 1.275 0.0000e+00
-0.225 1.325 0.0000e+00
-0.225 1.375 0.0000e+00
-0.225 1.425 0.0000e+00
-0.225 1.475 0.0000e+00
-0.225 1.525 0.0000e+00
-0.225 1.575 0.0000e+00
-0.225 1.625 0.0000e+00
-0.225 1.675 0.0000e+00
-0.225 1.725 0.0000e+00
-0.225 1.775 0.0000e+00
-0.225 1.825 0.0000e+00
-0.225 1.875 0.0000e+00
-0.225 1.925 0.0000e+00
-0.225 1.975 0.0000e+00
-0.225 2.025 0.0000e+00
-0.225 2.075 0.0000e+00
-0.225 2.125 0.0000e+00
-0.225 2.175 0.0000e+00
-0.225 2.225 0.0000e+00
-0.225 2.275 0.0000e+00
-0.225 2.325 0.0000e+00
-0.225 2.375 0.0000e+00
-0.225 2.425 0.0000e+00
-0.225 2.475 0.0000e+00
-0.225 2.525 0.0000e+00
-0.225 2.575 0.0000e+00
-0.225 2.625 0.0000e+00
-0.225 2.675 0.0000e+00
-0.225 2.725 0.0000e+00
-0.225 2.775 0.0000e+00
-0.225 2.825 0.0000e+00
-0.225 2.875 0.0000e+00
-0.225 2.925 0.0000e+00
-0.225 2.975 0.0000e+00
-0.225 3.025 0.0000e+00
-0.225 3.075 0.0000e+00
-0.225 3.125 0.0000e+00
-0.225 3.175 0.0000e+00
-0.225 3.225 0.0000e+00
-0.225 3.275 0.0000e+00
-0.225 3.325 0.0000e+00
-0.225 3.375 0.0000e+00
-0.225 3.425 0.0000e+00
-0.225 3.475 0.0000e+00
-0.225 3.525 0.0000e+00
-0.225 3.575 0.0000e+00
-0.225 3.625 0.0000e+00
-0.225 3.675 0.0000e+00
-0.225 3.725 0.0000e+00
-0.225 3.775 0.0000e+00
-0.225 3.825 0.0000e+00
-0.225 3.875 0.0000e+00
-0.225 3.925 0.0000e+00
-0.225 3.975 0.0000e+00
-0.175 -1.975 0.0000e+00
-0.175 -1.925 0.0000e+00
-0.175 -1.875 0.0000e+00
-0.175 -1.825 0.0000e+00
-0.175 -1.775 0.0000e+00
-0.175 -1.725 0.0000e+00
-0.175 -1.675 0.0000e+00
-0.175 -1.625 0.0000e+00
-0.175 -1.575 0.0000e+00
-0.175 -1.525 0.0000e+00
-0.175 -1.475 0.0000e+00
-0.175 -1.425 0.0000e+00
-0.175 -1.375 0.0000e+00
-0.175 -1.325 0.0000e+00
-0.175 -1.275 0.0000e+00
-0.175 -1.225 0.0000e+00
-0.175 -1.175 0.0000e+00
-0.175 -1.125 0.0000e+00
-0.175 -1.075 0.0000e+00
-0.175 -1.025 0.0000e+00
-0.175 -0.975 0.0000e+00
-0.175 -0.925 0.0000e+00
-0.175 -0.875 0.0000e+00
-0.175 -0.825 0.0000e+00
-0.175 -0.775 0.0000e+00
-0.175 -0.725 0.0000e+00
-0.175 -0.675 0.0000e+00
-0.175 -0.625 0.0000e+00
-0.175 -0.575 0.0000e+00
-0.175 -0.525 0.0000e+00
-0.175 -0.475 0.0000e+00
-0.175 -0.425 0.0000e+00
-0.175 -0.375 0.0000e+00
-0.175 -0.325 0.0000e+00
-0.175 -0.275 0.0000e+00
-0.175 -0.225 0.0000e+00
-0.175 -0.175 0.0000e+00
-0.175 -0.125 0.0000e+00
-0.175 -0.075 0.0000e+00
-0.175 -0.025 0.0000e+00
-0.175 0.025 0.0000e+00
-0.175 0.075 0.0000e+00
-0.175 0.125 0.0000e+00
-0.175 0.175 0.0000e+00
-0.175 0.225 0.0000e+00
-0.175 0.275 0.0000e+00
-0.175 0.325 0.0000e+00
-0.175 0.375 0.0000e+00
-0.175 0.425 0.0000e+00
-0.175 0.475 0.0000e+00
-0.175 0.525 0.0000e+00
-0.175 0.575 0.0000e+00
-0.175 0.625 0.0000e+00
-0.175 0.675 0.0000e+00
-0.175 0.725 0.0000e+00
-0.175 0.775 0.0000e+00
-0.175 0.825 0.0000e+00
-0.175 0.875 0.0000e+00
-0.175 0.925 0.0000e+00
-0.175 0.975 0.0000e+00
-0.175 1.025 0.0000e+00
-0.175 1.075 0.0000e+00
-0.175 1.125 0.0000e+00
-0.175 1.175 0.0000e+00
-0.175 1.225 0.0000e+00
-0.175 1.275 0.0000e+00
-0.175 1.325 0.0000e+00
-0.175 1.375 0.0000e+00
-0.175 1.425 0.0000e+00
-0.175 1.475 0.0000e+00
-0.175 1.525 0.0000e+00
-0.175 1.575 0.0000e+00
-0.175 1.625 0.0000e+00
-0.175 1.675 0.0000e+00
-0.175 1.725 0.0000e+00
-0.175 1.775 0.0000e+00
-0.175 1.825 0.0000e+00
-0.175 1.875 0.0000e+00
-0.175 1.925 0.0000e+00
-0.175 1.975 0.0000e+00
-0.175 2.025 0.0000e+00
-0.175 2.075 0.0000e+00
-0.175 2.125 0.0000e+00
-0.175 2.175 0.0000e+00
-0.175 2.225 0.0000e+00
-0.175 2.275 0.0000e+00
-0.175 2.325 0.0000e+00
-0.175 2.375 0.0000e+00
-0.175 2.425 0.0000e+00
-0.175 2.475 0.0000e+00
-0.175 2.525 0.0000e+00
-0.175 2.575 0.0000e+00
-0.175 2.625 0.0000e+00
-0.175 2.675 0.0000e+00
-0.175 2.725 0.0000e+00
-0.175 2.775 0.0000e+00
-0.175 2.825 0.0000e+00
-0.175 2.875 0.0000e+00
-0.175 2.925 0.0000e+00
-0.175 2.975 0.0000e+00
-0.175 3.025 0.0000e+00
-0.175 3.075 0.0000e+00
-0.175 3.125 0.0000e+00
-0.175 3.175 0.0000e+00
-0.175 3.225 0.0000e+00
-0.175 3.275 0.0000e+00
-0.175 3.325 0.0000e+00
-0.175 3.375 0.0000e+00
-0.175 3.425 0.0000e+00
-0.175 3.475 0.0000e+00
-0.175 3.525 0.0000e+00
-0.175 3.575 0.0000e+00
-0.175 3.625 0.0000e+00
-0.175 3.675 0.0000e+00
-0.175 3.725 0.0000e+00
-0.175 3.775 0.0000e+00
-0.175 3.825 0.0000e+00
-0.175 3.875 0.0000e+00
-0.175 3.925 0.0000e+00
-0.175 3.975 0.0000e+00
-0.125 -1.975 0.0000e+00
-0.125 -1.925 0.0000e+00
-0.125 -1.875 0.0000e+00
-0.125 -1.825 0.0000e+00
-0.125 -1.775 0.0000e+00
-0.125 -1.725 0.0000e+00
-0.125 -1.675 0.0000e+00
-0.125 -1.625 0.0000e+00
-0.125 -1.575 0.0000e+00
-0.125 -1.525 0.0000e+00
-0.125 -1.475 0.0000e+00
-0.125 -1.425 0.0000e+00
-0.125 -1.375 0.0000e+00
-0.125 -1.325 0.0000e+00
-0.125 -1.275 0.0000e+00
-0.125 -1.225 0.0000e+00
-0.125 -1.175 0.0000e+00
-0.125 -1.125 0.0000e+00
-0.125 -1.075 0.0000e+00
-0.125 -1.025 0.0000e+00
-0.125 -0.975 0.0000e+00
-0.125 -0.925 0.0000e+00
-0.125 -0.875 0.0000e+00
-0.125 -0.825 0.0000e+00
-0.125 -0.775 0.0000e+00
-0.125 -0.725 0.0000e+00
-0.125 -0.675 0.0000e+00
-0.125 -0.625 0.0000e+00
-0.125 -0.575 0.0000e+00
-0.125 -0.525 0.0000e+00
-0.125 -0.475 0.0000e+00
-0.125 -0.425 0.0000e+00
-0.125 -0.375 0.0000e+00
-0.125 -0.325 0.0000e+00
-0.125 -0.275 0.0000e+00
-0.125 -0.225 0.0000e+00
-0.125 -0.175 0.0000e+00
-0.125 -0.125 0.0000e+00
-0.125 -0.075 0.0000e+00
-0.125 -0.025 0.0000e+00
-0.125 0.025 0.0000e+00
-0.125 0.075 0.0000e+00
-0.125 0.125 0.0000e+00
-0.125 0.175 0.0000e+00
-0.125 0.225 0.0000e+00
-0.125 0.275 0.0000e+00
-0.125 0.325 0.0000e+00
-0.125 0.375 0.0000e+00
-0.125 0.425 0.0000e+00
-0.125 0.475 0.0000e+00
-0.125 0.525 0.0000e+00
-0.125 0.575 0.0000e+00
-0.125 0.625 0.0000e+00
-0.125 0.675 0.0000e+00
-0.125 0.725 0.0000e+00
-0.125 0.775 0.0000e+00
-0.125 0.825 0.0000e+00
-0.125 0.875 0.0000e+00
-0.125 0.925 0.0000e+00
-0.125 0.975 0.0000e+00
-0.125 1.025 0.0000e+00
-0.125 1.075 0.0000e+00
-0.125 1.125 0.0000e+00
-0.125 1.175 0.0000e+00
-0.125 1.225 0.0000e+00
-0.125 1.275 0.0000e+00
-0.125 1.325 0.0000e+00
-0.125 1.375 0.0000e+00
-0.125 1.425 0.0000e+00
-0.125 1.475 0.0000e+00
-0.125 1.525 0.0000e+00
-0.125 1.575 0.0000e+00
-0.125 1.625 0.0000e+00
-0.125 1.675 0.0000e+00
-0.125 1.725 0.0000e+00
-0.125 1.775 0.0000e+00
-0.125 1.825 0.0000e+00
-0.125 1.875 0.0000e+00
-0.125 1.925 0.0000e+00
-0.125 1.975 0.0000e+00
-0.125 2.025 0.0000e+00
-0.125 2.075 0.0000e+00
-0.125 2.125 0.0000e+00
-0.125 2.175 0.0000e+00
-0.125 2.225 0.0000e+00
-0.125 2.275 0.0000e+00
-0.125 2.325 0.0000e+00
-0.125 2.375 0.0000e+00
-0.125 2.425 0.0000e+00
-0.125 2.475 0.0000e+00
-0.125 2.525 0.0000e+00
-0.125 2.575 0.0000e+00
-0.125 2.625 0.0000e+00
-0.125 2.675 0.0000e+00
-0.125 2.725 0.0000e+00
-0.125 2.775 0.0000e+00
-0.125 2.825 0.0000e+00
-0.125 2.875 0.0000e+00
-0.125 2.925 0.0000e+00
-0.125 2.975 0.0000e+00
-0.125 3.025 0.0000e+00
-0.125 3.075 0.0000e+00
-0.125 3.125 0.0000e+00
-0.125 3.175 0.0000e+00
-0.125 3.225 0.0000e+00
-0.125 3.275 0.0000e+00
-0.125 3.325 0.0000e+00
-0.125 3.375 0.0000e+00
-0.125 3.425 0.0000e+00
-0.125 3.475 0.0000e+00
-0.125 3.525 0.0000e+00
-0.125 3.575 0.0000e+00
-0.125 3.625 0.0000e+00
-0.125 3.675 0.0000e+00
-0.125 3.725 0.0000e+00
-0.125 3.775 0.0000e+00
-0.125 3.825 0.0000e+00
-0.125 3.875 0.0000e+00
-0.125 3.925 0.0000e+00
-0.125 3.975 0.0000e+00
-0.075 -1.975 0.0000e+00
-0.075 -1.925 0.0000e+00
-0.075 -1.875 0.0000e+00
-0.075 -1.825 0.0000e+00
-0.075 -1.775 0.0000e+00
-0.075 -1.725 0.0000e+00
-0.075 -1.675 0.0000e+00
-0.075 -1.625 0.0000e+00
-0.075 -1.575 0.0000e+00
-0.075 -1.525 0.0000e+00
-0.075 -1.475 0.0000e+00
-0.075 -1.425 0.0000e+00
-0.075 -1.375 0.0000e+00
-0.075 -1.325 0.0000e+00
-0.075 -1.275 0.0000e+00
-0.075 -1.225 0.0000e+00
-0.075 -1.175 0.0000e+00
-0.075 -1.125 0.0000e+00
-0.075 -1.075 0.0000e+00
-0.075 -1.025 0.0000e+00
-0.075 -0.975 0.0000e+00
-0.075 -0.925 0.0000e+00
-0.075 -0.875 0.0000e+00
-0.075 -0.825 0.0000e+00
-0.075 -0.775 0.0000e+00
-0.075 -0.725 0.0000e+00
-0.075 -0.675 0.0000e+00
-0.075 -0.625 0.0000e+00
-0.075 -0.575 0.0000e+00
-0.075 -0.525 0.0000e+00
-0.075 -0.475 0.0000e+00
-0.075 -0.425 0.0000e+00
-0.075 -0.375 0.0000e+00
-0.075 -0.325 0.0000e+00
-0.075 -0.275 0.0000e+00
-0.075 -0.225 0.0000e+00
-0.075 -0.175 0.0000e+00
-0.075 -0.125 0.0000e+00
-0.075 -0.075 0.0000e+00
-0.075 -0.025 0.0000e+00
-0.075 0.025 0.0000e+00
-0.075 0.075 0.0000e+00
-0.075 0.125 0.0000e+00
-0.075 0.175 0.0000e+00
-0.075 0.225 0.0000e+00
-0.075 0.275 0.0000e+00
-0.075 0.325 0.0000e+00
-0.075 0.375 0.0000e+00
-0.075 0.425 0.0000e+00
-0.075 0.475 0.0000e+00
-0.075 0.525 0.0000e+00
-0.075 0.575 0.0000e+00
-0.075 0.625 0.0000e+00
-0.075 0.675 0.0000e+00
-0.075 0.725 0.0000e+00
-0.075 0.775 0.0000e+00
-0.075 0.825 0.0000e+00
-0.075 0.875 0.0000e+00
-0.075 0.925 0.0000e+00
-0.075 0.975 0.0000e+00
-0.075 1.025 0.0000e+00
-0.075 1.075 0.0000e+00
-0.075 1.125 0.0000e+00
-0.075 1.175 0.0000e+00
-0.075 1.225 0.0000e+00
-0.075 1.275 0.0000e+00
-0.075 1.325 0.0000e+00
-0.075 1.375 0.0000e+00
-0.075 1.425 0.0000e+00
-0.075 1.475 0.0000e+00
-0.075 1.525 0.0000e+00
-0.075 1.575 0.0000e+00
-0.075 1.625 0.0000e+00
-0.075 1.675 0.0000e+00
-0.075 1.725 0.0000e+00
-0.075 1.775 0.0000e+00
-0.075 1.825 0.0000e+00
-0.075 1.875 0.0000e+00
-0.075 1.925 0.0000e+00
-0.075 1.975 0.0000e+00
-0.075 2.025 0.0000e+00
-0.075 2.075 0.0000e+00
-0.075 2.125 0.0000e+00
-0.075 2.175 0.0000e+00
-0.075 2.225 0.0000e+00
-0.075 2.275 0.0000e+00
-0.075 2.325 0.0000e+00
-0.075 2.375 0.0000e+00
-0.075 2.425 0.0000e+00
-0.075 2.475 0.0000e+00
-0.075 2.525 0.0000e+00
-0.075 2.575 0.0000e+00
-0.075 2.625 0.0000e+00
-0.075 2.675 0.0000e+00
-0.075 2.725 0.0000e+00
-0.075 2.775 0.0000e+00
-0.075 2.825 0.0000e+00
-0.075 2.875 0.0000e+00
-0.075 2.925 0.0000e+00
-0.075 2.975 0.0000e+00
-0.075 3.025 0.0000e+00
-0.075 3.075 0.0000e+00
-0.075 3.125 0.0000e+00
-0.075 3.175 0.0000e+00
-0.075 3.225 0.0000e+00
-0.075 3.275 0.0000e+00
-0.075 3.325 0.0000e+00
-0.075 3.375 0.0000e+00
-0.075 3.425 0.0000e+00
-0.075 3.475 0.0000e+00
-0.075 3.525 0.0000e+00
-0.075 3.575 0.0000e+00
-0.075 3.625 0.0000e+00
-0.075 3.675 0.0000e+00
-0.075 3.725 0.0000e+00
-0.075 3.775 0.0000e+00
-0.075 3.825 0.0000e+00
-0.075 3.875 0.0000e+00
-0.075 3.925 0.0000e+00
-0.075 3.975 0.0000e+00
-0.025 -1.975 0.0000e+00
-0.025 -1.925 0.0000e+00
-0.025 -1.875 0.0000e+00
-0.025 -1.825 0.0000e+00
-0.025 -1.775 0.0000e+00
-0.025 -1.725 0.0000e+00
-0.025 -1.675 0.0000e+00
-0.025 -1.625 0.0000e+00
-0.025 -1.575 0.0000e+00
-0.025 -1.525 0.0000e+00
-0.025 -1.475 0.0000e+00
-0.025 -1.425 0.0000e+00
-0.025 -1.375 0.0000e+00
-0.025 -1.325 0.0000e+00
-0.025 -1.275 0.0000e+00
-0.025 -1.225 0.0000e+00
-0.025 -1.175 0.0000e+00
-0.025 -1.125 0.0000e+00
-0.025 -1.075 0.0000e+00
-0.025 -1.025 0.0000e+00
-0.025 -0.975 0.0000e+00
-0.025 -0.925 0.0000e+00
-0.025 -0.875 0.0000e+00
-0.025 -0.825 0.0000e+00
-0.025 -0.775 0.0000e+00
-0.025 -0.725 0.0000e+00
-0.025 -0.675 0.0000e+00
-0.025 -0.625 0.0000e+00
-0.025 -0.575 0.0000e+00
-0.025 -0.525 0.0000e+00
-0.025 -0.475 0.0000e+00
-0.025 -0.425 0.0000e+00
-0.025 -0.375 0.0000e+00
-0.025 -0.325 0.0000e+00
-0.025 -0.275 0.0000e+00
-0.025 -0.225 0.0000e+00
-0.025 -0.175 0.0000e+00
-0.025 -0.125 0.0000e+00
-0.025 -0.075 0.0000e+00
-0.025 -0.025 0.0000e+00
-0.025 0.025 0.0000e+00
-0.025 0.075 0.0000e+00
-0.025 0.125 0.0000e+00
-0.025 0.175 0.0000e+00
-0.025 0.225 0.0000e+00
-0.025 0.275 0.0000e+00
-0.025 0.325 0.0000e+00
-0.025 0.375 0.0000e+00
-0.025 0.425 0.0000e+00
-0.025 0.475 0.0000e+00
-0.025 0.525 0.0000e+00
-0.025 0.575 0.0000e+00
-0.025 0.625 0.0000e+00
-0.025 0.675 0.0000e+00
-0.025 0.725 0.0000e+00
-0.025 0.775 0.0000e+00
-0.025 0.825 0.0000e+00
-0.025 0.875 0.0000e+00
-0.025 0.925 0.0000e+00
-0.025 0.975 0.0000e+00
-0.025 1.025 0.0000e+00
-0.025 1.075 0.0000e+00
-0.025 1.125 0.0000e+00
-0.025 1.175 0.0000e+00
-0.025 1.225 0.0000e+00
-0.025 1.275 0.0000e+00
-0.025 1.325 0.0000e+00
-0.025 1.375 0.0000e+00
-0.025 1.425 0.0000e+00
-0.025 1.475 0.0000e+00
-0.025 1.525 0.0000e+00
-0.025 1.575 0.0000e+00
-0.025 1.625 0.0000e+00
-0.025 1.675 0.0000e+00
-0.025 1.725 0.0000e+00
-0.025 1.775 0.0000e+00
-0.025 1.825 0.0000e+00
-0.025 1.875 0.0000e+00
-0.025 1.925 0.0000e+00
-0.025 1.975 0.0000e+00
-0.025 2.025 0.0000e+00
-0.025 2.075 0.0000e+00
-0.025 2.125 0.0000e+00
-0.025 2.175 0.0000e+00
-0.025 2.225 0.0000e+00
-0.025 2.275 0.0000e+00
-0.025 2.325 0.0000e+00
-0.025 2.375 0.0000e+00
-0.025 2.425 0.0000e+00
-0.025 2.475 0.0000e+00
-0.025 2.525 0.0000e+00
-0.025 2.575 0.0000e+00
-0.025 2.625 0.0000e+00
-0.025 2.675 0.0000e+00
-0.025 2.725 0.0000e+00
-0.025 2.775 0.0000e+00
-0.025 2.825 0.0000e+00
-0.025 2.875 0.0000e+00
-0.025 2.925 0.0000e+00
-0.025 2.975 0.0000e+00
-0.025 3.025 0.0000e+00
-0.025 3.075 0.0000e+00
-0.025 3.125 0.0000e+00
-0.025 3.175 0.0000e+00
-0.025 3.225 0.0000e+00
-0.025 3.275 0.0000e+00
-0.025 3.325 0.0000e+00
-0.025 3.375 0.0000e+00
-0.025 3.425 0.0000e+00
-0.025 3.475 0.0000e+00
-0.025 3.525 0.0000e+00
-0.025 3.575 0.0000e+00
-0.025 3.625 0.0000e+00
-0.025 3.675 0.0000e+00
-0.025 3.725 0.0000e+00
-0.025 3.775 0.0000e+00
-0.025 3.825 0.0000e+00
-0.025 3.875 0.0000e+00
-0.025 3.925 0.0000e+00
-0.025 3.975 0.0000e+00
0.025 -1.975 0.0000e+00
0.025 -1.925 0.0000e+00
0.025 -1.875 0.0000e+00
0.025 -1.825 0.0000e+00
0.025 -1.775 0.0000e+00
0.025 -1.725 0.0000e+00
0.025 -1.675 0.0000e+00
0.025 -1.625 0.0000e+00
0.025 -1.575 0.0000e+00
0.025 -1.525 0.0000e+00
0.025 -1.475 0.0000e+00
0.025 -1.425 0.0000e+00
0.025 -1.375 0.0000e+00
0.025 -1.325 0.0000e+00
0.025 -1.275 0.0000e+00
0.025 -1.225 0.0000e+00
0.025 -1.175 0.0000e+00
0.025 -1.125 0.0000e+00
0.025 -1.075 0.0000e+00
0.025 -1.025 0.0000e+00
0.025 -0.975 0.0000e+00
0.025 -0.925 0.0000e+00
0.025 -0.875 0.0000e+00
0.025 -0.825 0.0000e+00
0.025 -0.775 0.0000e+00
0.025 -0.725 0.0000e+00
0.025 -0.675 0.0000e+00
0.025 -0.625 0.0000e+00
0.025 -0.575 0.0000e+00
0.025 -0.525 0.0000e+00
0.025 -0.475 0.0000e+00
0.025 -0.425 0.0000e+00
0.025 -0.375 0.0000e+00
0.025 -0.325 0.0000e+00
0.025 -0.275 0.0000e+00
0.025 -0.225 0.0000e+00
0.025 -0.175 0.0000e+00
0.025 -0.125 0.0000e+00
0.025 -0.075 0.0000e+00
0.025 -0.025 0.0000e+00
0.025 0.025 0.0000e+00
0.025 0.075 0.0000e+00
0.025 0.125 0.0000e+00
0.025 0.175 0.0000e+00
0.025 0.225 0.0000e+00
0.025 0.275 0.0000e+00
0.025 0.325 0.0000e+00
0.025 0.375 0.0000e+00
0.025 0.425 0.0000e+00
0.025 0.475 0.0000e+00
0.025 0.525 0.0000e+00
0.025 0.575 0.0000e+00
0.025 0.625 0.0000e+00
0.025 0.675 0.0000e+00
0.025 0.725 0.0000e+00
0.025 0.775 0.0000e+00
0.025 0.825 0.0000e+00
0.025 0.875 0.0000e+00
0.025 0.925 0.0000e+00
0.025 0.975 0.0000e+00
0.025 1.025 0.0000e+00
0.025 1.075 0.0000e+00
0.025 1.125 0.0000e+00
0.025 1.175 0.0000e+00
0.025 1.225 0.0000e+00
0.025 1.275 0.0000e+00
0.025 1.325 0.0000e+00
0.025 1.375 0.0000e+00
0.025 1.425 0.0000e+00
0.025 1.475 0.0000e+00
0.025 1.525 0.0000e+00
0.025 1.575 0.0000e+00
0.025 1.625 0.0000e+00
0.025 1.675 0.0000e+00
0.025 1.725 0.0000e+00
0.025 1.775 0.0000e+00
0.025 1.825 0.0000e+00
0.025 1.875 0.0000e+00
0.025 1.925 0.0000e+00
0.025 1.975 0.0000e+00
0.025 2.025 0.0000e+00
0.025 2.075 0.0000e+00
0.025 2.125 0.0000e+00
0.025 2.175 0.0000e+00
0.025 2.225 0.0000e+00
0.025 2.275 0.0000e+00
0.025 2.325 0.0000e+00
0.025 2.375 0.0000e+00
0.025 2.425 0.0000e+00
0.025 2.475 0.0000e+00
0.025 2.525 0.0000e+00
0.025 2.575 0.0000e+00
0.025 2.625 0.0000e+00
0.025 2.675 0.0000e+00
0.025 2.725 0.0000e+00
0.025 2.775 0.0000e+00
0.025 2.825 0.0000e+00
0.025 2.875 0.0000e+00
0.025 2.925 0.0000e+00
0.025 2.975 0.0000e+00
0.025 3.025 0.0000e+00
0.025 3.075 0.0000e+00
0.025 3.125 0.0000e+00
0.025 3.175 0.0000e+00
0.025 3.225 0.0000e+00
0.025 3.275 0.0000e+00
0.025 3.325 0.0000e+00
0.025 3.375 0.0000e+00
0.025 3.425 0.0000e+00
0.025 3.475 0.0000e+00
0.025 3.525 0.0000e+00
0.025 3.575 0.0000e+00
0.025 3.625 0.0000e+00
0.025 3.675 0.0000e+00
0.025 3.725 0.0000e+00
0.025 3.775 0.0000e+00
0.025 3.825 0.0000e+00
0.025 3.875 0.0000e+00
0.025 3.925 0.0000e+00
0.025 3.975 0.0000e+00
0.075 -1.975 0.0000e+00
0.075 -1.925 0.0000e+00
0.075 -1.875 0.0000e+00
0.075 -1.825 0.0000e+00
0.075 -1.775 0.0000e+00
0.075 -1.725 0.0000e+00
0.075 -1.675 0.0000e+00
0.075 -1.625 0.0000e+00
0.075 -1.575 0.0000e+00
0.075 -1.525 0.0000e+00
0.075 -1.475 0.0000e+00
0.075 -1.425 0.0000e+00
0.075 -1.375 0.0000e+00
0.075 -1.325 0.0000e+00
0.075 -1.275 0.0000e+00
0.075 -1.225 0.0000e+00
0.075 -1.175 0.0000e+00
0.075 -1.125 0.0000e+00
0.075 -1.075 0.0000e+00
0.075 -1.025 0.0000e+00
0.075 -0.975 0.0000e+00
0.075 -0.925 0.0000e+00
0.075 -0.875 0.0000e+00
0.075 -0.825 0.0000e+00
0.075 -0.775 0.0000e+00
0.075 -0.725 0.0000e+00
0.075 -0.675 0.0000e+00
0.075 -0.625 0.0000e+00
0.075 -0.575 0.0000e+00
0.075 -0.525 0.0000e+00
0.075 -0.475 0.0000e+00
0.075 -0.425 0.0000e+00
0.075 -0.375 0.0000e+00
0.075 -0.325 0.0000e+00
0.075 -0.275 0.0000e+00
0.075 -0.225 0.0000e+00
0.075 -0.175 0.0000e+00
0.075 -0.125 0.0000e+00
0.075 -0.075 0.0000e+00
0.075 -0.025 0.0000e+00
0.075 0.025 0.0000e+00
0.075 0.075 0.0000e+00
0.075 0.125 0.0000e+00
0.075 0.175 0.0000e+00
0.075 0.225 0.0000e+00
0.075 0.275 0.0000e+00
0.075 0.325 0.0000e+00
0.075 0.375 0.0000e+00
0.075 0.425 0.0000e+00
0.075 0.475 0.0000e+00
0.075 0.525 0.0000e+00
0.075 0.575 0.0000e+00
0.075 0.625 0.0000e+00
0.075 0.675 0.0000e+00
0.075 0.725 0.0000e+00
0.075 0.775 0.0000e+00
0.075 0.825 0.0000e+00
0.075 0.875 0.0000e+00
0.075 0.925 0.0000e+00
0.075 0.975 0.0000e+00
0.075 1.025 0.0000e+00
0.075 1.075 0.0000e+00
0.075 1.125 0.0000e+00
0.075 1.175 0.0000e+00
0.075 1.225 0.0000e+00
0.075 1.275 0.0000e+00
0.075 1.325 0.0000e+00
0.075 1.375 0.0000e+00
0.075 1.425 0.0000e+00
0.075 1.475 0.0000e+00
0.075 1.525 0.0000e+00
0.075 1.575 0.0000e+00
0.075 1.625 0.0000e+00
0.075 1.675 0.0000e+00
0.075 1.725 0.0000e+00
0.075 1.775 0.0000e+00
0.075 1.825 0.0000e+00
0.075 1.875 0.0000e+00
0.075 1.925 0.0000e+00
0.075 1.975 0.0000e+00
0.075 2.025 0.0000e+00
0.075 2.075 0.0000e+00
0.075 2.125 0.0000e+00
0.075 2.175 0.0000e+00
0.075 2.225 0.0000e+00
0.075 2.275 0.0000e+00
0.075 2.325 0.0000e+00
0.075 2.375 0.0000e+00
0.075 2.425 0.0000e+00
0.075 2.475 0.0000e+00
0.075 2.525 0.0000e+00
0.075 2.575 0.0000e+00
0.075 2.625 0.0000e+00
0.075 2.675 0.0000e+00
0.075 2.725 0.0000e+00
0.075 2.775 0.0000e+00
0.075 2.825 0.0000e+00
0.075 2.875 0.0000e+00
0.075 2.925 0.0000e+00
0.075 2.975 0.0000e+00
0.075 3.025 0.0000e+00
0.075 3.075 0.0000e+00
0.075 3.125 0.0000e+00
0.075 3.175 0.0000e+00
0.075 3.225 0.0000e+00
0.075 3.275 0.0000e+00
0.075 3.325 0.0000e+00
0.075 3.375 0.0000e+00
0.075 3.425 0.0000e+00
0.075 3.475 0.0000e+00
0.075 3.525 0.0000e+00
0.075 3.575 0.0000e+00
0.075 3.625 0.0000e+00
0.075 3.675 0.0000e+00
0.075 3.725 0.0000e+00
0.075 3.775 0.0000e+00
0.075 3.825 0.0000e+00
0.075 3.875 0.0000e+00
0.075 3.925 0.0000e+00
0.075 3.975 0.0000e+00
0.125 -1.975 0.0000e+00
0.125 -1.925 0.0000e+00
0.125 -1.875 0.0000e+00
0.125 -1.825 0.0000e+00
0.125 -1.775 0.0000e+00
0.125 -1.725 0.0000e+00
0.125 -1.675 0.0000e+00
0.125 -1.625 0.0000e+00
0.125 -1.575 0.0000e+00
0.125 -1.525 0.0000e+00
0.125 -1.475 0.0000e+00
0.125 -1.425 0.0000e+00
0.125 -1.375 0.0000e+00
0.125 -1.325 0.0000e+00
0.125 -1.275 0.0000e+00
0.125 -1.225 0.0000e+00
0.125 -1.175 0.0000e+00
0.125 -1.125 0.0000e+00
0.125 -1.075 0.0000e+00
0.125 -1.025 0.0000e+00
0.125 -0.975 0.0000e+00
0.125 -0.925 0.0000e+00
0.125 -0.875 0.0000e+00
0.125 -0.825 0.0000e+00
0.125 -0.775 0.0000e+00
0.125 -0.725 0.0000e+00
0.125 -0.675 0.0000e+00
0.125 -0.625 0.0000e+00
0.125 -0.575 0.0000e+00
0.125 -0.525 0.0000e+00
0.125 -0.475 0.0000e+00
0.125 -0.425 0.0000e+00
0.125 -0.375 0.0000e+00
0.125 -0.325 0.0000e+00
0.125 -0.275 0.0000e+00
0.125 -0.225 0.0000e+00
0.125 -0.175 0.0000e+00
0.125 -0.125 0.0000e+00
0.125 -0.075 0.0000e+00
0.125 -0.025 0.0000e+00
0.125 0.025 0.0000e+00
0.125 0.075 0.0000e+00
0.125 0.125 0.0000e+00
0.125 0.175 0.0000e+00
0.125 0.225 0.0000e+00
0.125 0.275 0.0000e+00
0.125 0.325 0.0000e+00
0.125 0.375 0.0000e+00
0.125 0.425 0.0000e+00
0.125 0.475 0.0000e+00
0.125 0.525 0.0000e+00
0.125 0.575 0.0000e+00
0.125 0.625 0.0000e+00
0.125 0.675 0.0000e+00
0.125 0.725 0.0000e+00
0.125 0.775 0.0000e+00
0.125 0.825 0.0000e+00
0.125 0.875 0.0000e+00
0.125 0.925 0.0000e+00
0.125 0.975 0.0000e+00
0.125 1.025 0.0000e+00
0.125 1.075 0.0000e+00
0.125 1.125 0.0000e+00
0.125 1.175 0.0000e+00
0.125 1.225 0.0000e+00
0.125 1.275 0.0000e+00
0.125 1.325 0.0000e+00
0.125 1.375 0.0000e+00
0.125 1.425 0.0000e+00
0.125 1.475 0.0000e+00
0.125 1.525 0.0000e+00
0.125 1.575 0.0000e+00
0.125 1.625 0.0000e+00
0.125 1.675 0.0000e+00
0.125 1.725 0.0000e+00
0.125 1.775 0.0000e+00
0.125 1.825 0.0000e+00
0.125 1.875 0.0000e+00
0.125 1.925 0.0000e+00
0.125 1.975 0.0000e+00
0.125 2.025 0.0000e+00
0.125 2.075 0.0000e+00
0.125 2.125 0.0000e+00
0.125 2.175 0.0000e+00
0.125 2.225 0.0000e+00
0.125 2.275 0.0000e+00
0.125 2.325 0.0000e+00
0.125 2.375 0.0000e+00
0.125 2.425 0.0000e+00
0.125 2.475 0.0000e+00
0.125 2.525 0.0000e+00
0.125 2.575 0.0000e+00
0.125 2.625 0.0000e+00
0.125 2.675 0.0000e+00
0.125 2.725 0.0000e+00
0.125 2.775 0.0000e+00
0.125 2.825 0.0000e+00
0.125 2.875 0.0000e+00
0.125 2.925 0.0000e+00
0.125 2.975 0.0000e+00
0.125 3.025 0.0000e+00
0.125 3.075 0.0000e+00
0.125 3.125 0.0000e+00
0.125 3.175 0.0000e+00
0.125 3.225 0.0000e+00
0.125 3.275 0.0000e+00
0.125 3.325 0.0000e+00
0.125 3.375 0.0000e+00
0.125 3.425 0.0000e+00
0.125 3.475 0.0000e+00
0.125 3.525 0.0000e+00
0.125 3.575 0.0000e+00
0.125 3.625 0.0000e+00
0.125 3.675 0.0000e+00
0.125 3.725 0.0000e+00
0.125 3.775 0.0000e+00
0.125 3.825 0.0000e+00
0.125 3.875 0.0000e+00
0.125 3.925 0.0000e+00
0.125 3.975 0.0000e+00
0.175 -1.975 0.0000e+00
0.175 -1.925 0.0000e+00
0.175 -1.875 0.0000e+00
0.175 -1.825 0.0000e+00
0.175 -1.775 0.0000e+00
0.175 -1.725 0.0000e+00
0.175 -1.675 0.0000e+00
0.175 -1.625 0.0000e+00
0.175 -1.575 0.0000e+00
0.175 -1.525 0.0000e+00
0.175 -1.475 0.0000e+00
0.175 -1.425 0.0000e+00
0.175 -1.375 0.0000e+00
0.175 -1.325 0.0000e+00
0.175 -1.275 0.0000e+00
0.175 -1.225 0.0000e+00
0.175 -1.175 0.0000e+00
0.175 -1.125 0.0000e+00
0.175 -1.075 0.0000e+00
0.175 -1.025 0.0000e+00
0.175 -0.975 0.0000e+00
0.175 -0.925 0.0000e+00
0.175 -0.875 0.0000e+00
0.175 -0.825 0.0000e+00
0.175 -0.775 0.0000e+00
0.175 -0.725 0.0000e+00
0.175 -0.675 0.0000e+00
0.175 -0.625 0.0000e+00
0.175 -0.575 0.0000e+00
0.175 -0.525 0.0000e+00
0.175 -0.475 0.0000e+00
0.175 -0.425 0.0000e+00
0.175 -0.375 0.0000e+00
0.175 -0.325 0.0000e+00
0.175 -0.275 0.0000e+00
0.175 -0.225 0.0000e+00
0.175 -0.175 0.0000e+00
0.175 -0.125 0.0000e+00
0.175 -0.075 0.0000e+00
0.175 -0.025 0.0000e+00
0.175 0.025 0.0000e+00
0.175 0.075 0.0000e+00
0.175 0.125 0.0000e+00
0.175 0.175 0.0000e+00
0.175 0.225 0.0000e+00
0.175 0.275 0.0000e+00
0.175 0.325 0.0000e+00
0.175 0.375 0.0000e+00
0.175 0.425 0.0000e+00
0.175 0.475 0.0000e+00
0.175 0.525 0.0000e+00
0.175 0.575 0.0000e+00
0.175 0.625 0.0000e+00
0.175 0.675 0.0000e+00
0.175 0.725 0.0000e+00
0.175 0.775 0.0000e+00
0.175 0.825 0.0000e+00
0.175 0.875 0.0000e+00
0.175 0.925 0.0000e+00
0.175 0.975 0.0000e+00
0.175 1.025 0.0000e+00
0.175 1.075 0.0000e+00
0.175 1.125 0.0000e+00
0.175 1.175 0.0000e+00
0.175 1.225 0.0000e+00
0.175 1.275 0.0000e+00
0.175 1.325 0.0000e+00
0.175 1.375 0.0000e+00
0.175 1.425 0.0000e+00
0.175 1.475 0.0000e+00
0.175 1.525 0.0000e+00
0.175 1.575 0.0000e+00
0.175 1.625 0.0000e+00
0.175 1.675 0.0000e+00
0.175 1.725 0.0000e+00
0.175 1.775 0.0000e+00
0.175 1.825 0.0000e+00
0.175 1.875 0.0000e+00
0.175 1.925 0.0000e+00
0.175 1.975 0.0000e+00
0.175 2.025 0.0000e+00
0.175 2.075 0.0000e+00
0.175 2.125 0.0000e+00
0.175 2.175 0.0000e+00
0.175 2.225 0.0000e+00
0.175 2.275 0.0000e+00
0.175 2.325 0.0000e+00
0.175 2.375 0.0000e+00
0.175 2.425 0.0000e+00
0.175 2.475 0.0000e+00
0.175 2.525 0.0000e+00
0.175 2.575 0.0000e+00
0.175 2.625 0.0000e+00
0.175 2.675 0.0000e+00
0.175 2.725 0.0000e+00
0.175 2.775 0.0000e+00
0.175 2.825 0.0000e+00
0.175 2.875 0.0000e+00
0.175 2.925 0.0000e+00
0.175 2.975 0.0000e+00
0.175 3.025 0.0000e+00
0.175 3.075 0.0000e+00
0.175 3.125 0.0000e+00
0.175 3.175 0.0000e+00
0.175 3.225 0.0000e+00
0.175 3.275 0.0000e+00
0.175 3.325 0.0000e+00
0.175 3.375 0.0000e+00
0.175 3.425 0.0000e+00
0.175 3.475 0.0000e+00
0.175 3.525 0.0000e+00
0.175 3.575 0.0000e+00
0.175 3.625 0.0000e+00
0.175 3.675 0.0000e+00
0.175 3.725 0.0000e+00
0.175 3.775 0.0000e+00
0.175 3.825 0.0000e+00
0.175 3.875 0.0000e+00
0.175 3.925 0.0000e+00
0.175 3.975 0.0000e+00
