# log10(theta) log10(p/GeV) cross-section[pb/bin] 
-7.475 -1.975 0.0000e+00
-7.475 -1.925 0.0000e+00
-7.475 -1.875 0.0000e+00
-7.475 -1.825 0.0000e+00
-7.475 -1.775 0.0000e+00
-7.475 -1.725 0.0000e+00
-7.475 -1.675 0.0000e+00
-7.475 -1.625 0.0000e+00
-7.475 -1.575 0.0000e+00
-7.475 -1.525 0.0000e+00
-7.475 -1.475 0.0000e+00
-7.475 -1.425 0.0000e+00
-7.475 -1.375 0.0000e+00
-7.475 -1.325 0.0000e+00
-7.475 -1.275 0.0000e+00
-7.475 -1.225 0.0000e+00
-7.475 -1.175 0.0000e+00
-7.475 -1.125 0.0000e+00
-7.475 -1.075 0.0000e+00
-7.475 -1.025 0.0000e+00
-7.475 -0.975 0.0000e+00
-7.475 -0.925 0.0000e+00
-7.475 -0.875 0.0000e+00
-7.475 -0.825 0.0000e+00
-7.475 -0.775 0.0000e+00
-7.475 -0.725 0.0000e+00
-7.475 -0.675 0.0000e+00
-7.475 -0.625 0.0000e+00
-7.475 -0.575 0.0000e+00
-7.475 -0.525 0.0000e+00
-7.475 -0.475 0.0000e+00
-7.475 -0.425 0.0000e+00
-7.475 -0.375 0.0000e+00
-7.475 -0.325 0.0000e+00
-7.475 -0.275 0.0000e+00
-7.475 -0.225 0.0000e+00
-7.475 -0.175 0.0000e+00
-7.475 -0.125 0.0000e+00
-7.475 -0.075 0.0000e+00
-7.475 -0.025 0.0000e+00
-7.475 0.025 0.0000e+00
-7.475 0.075 0.0000e+00
-7.475 0.125 0.0000e+00
-7.475 0.175 0.0000e+00
-7.475 0.225 0.0000e+00
-7.475 0.275 0.0000e+00
-7.475 0.325 0.0000e+00
-7.475 0.375 0.0000e+00
-7.475 0.425 0.0000e+00
-7.475 0.475 0.0000e+00
-7.475 0.525 0.0000e+00
-7.475 0.575 0.0000e+00
-7.475 0.625 0.0000e+00
-7.475 0.675 0.0000e+00
-7.475 0.725 0.0000e+00
-7.475 0.775 1.3030e-18
-7.475 0.825 2.6009e-18
-7.475 0.875 5.1920e-18
-7.475 0.925 1.0365e-17
-7.475 0.975 2.0693e-17
-7.475 1.025 4.1315e-17
-7.475 1.075 8.2496e-17
-7.475 1.125 1.6474e-16
-7.475 1.175 3.2901e-16
-7.475 1.225 6.5714e-16
-7.475 1.275 1.3127e-15
-7.475 1.325 2.6227e-15
-7.475 1.375 5.2407e-15
-7.475 1.425 1.0474e-14
-7.475 1.475 2.0937e-14
-7.475 1.525 4.1862e-14
-7.475 1.575 8.3721e-14
-7.475 1.625 1.6748e-13
-7.475 1.675 3.3515e-13
-7.475 1.725 6.7090e-13
-7.475 1.775 1.3435e-12
-7.475 1.825 2.6917e-12
-7.475 1.875 5.3953e-12
-7.475 1.925 1.0820e-11
-7.475 1.975 2.1713e-11
-7.475 2.025 4.3600e-11
-7.475 2.075 8.7613e-11
-7.475 2.125 1.7620e-10
-7.475 2.175 3.5468e-10
-7.475 2.225 7.1463e-10
-7.475 2.275 1.4415e-09
-7.475 2.325 2.9109e-09
-7.475 2.375 5.8859e-09
-7.475 2.425 1.1918e-08
-7.475 2.475 2.4167e-08
-7.475 2.525 4.9082e-08
-7.475 2.575 9.9846e-08
-7.475 2.625 2.0346e-07
-7.475 2.675 4.1528e-07
-7.475 2.725 8.4904e-07
-7.475 2.775 1.7385e-06
-7.475 2.825 3.5640e-06
-7.475 2.875 7.3129e-06
-7.475 2.925 1.5008e-05
-7.475 2.975 3.0783e-05
-7.475 3.025 6.3024e-05
-7.475 3.075 1.2860e-04
-7.475 3.125 2.6101e-04
-7.475 3.175 5.2578e-04
-7.475 3.225 1.0485e-03
-7.475 3.275 2.0654e-03
-7.475 3.325 4.0125e-03
-7.475 3.375 7.6887e-03
-7.475 3.425 1.4566e-02
-7.475 3.475 2.7422e-02
-7.475 3.525 5.1634e-02
-7.475 3.575 9.7789e-02
-7.475 3.625 1.8644e-01
-7.475 3.675 3.5561e-01
-7.475 3.725 6.6895e-01
-7.475 3.775 1.2124e+00
-7.475 3.825 1.9522e+00
-7.475 3.875 0.0000e+00
-7.475 3.925 0.0000e+00
-7.475 3.975 0.0000e+00
-7.425 -1.975 0.0000e+00
-7.425 -1.925 0.0000e+00
-7.425 -1.875 0.0000e+00
-7.425 -1.825 0.0000e+00
-7.425 -1.775 0.0000e+00
-7.425 -1.725 0.0000e+00
-7.425 -1.675 0.0000e+00
-7.425 -1.625 0.0000e+00
-7.425 -1.575 0.0000e+00
-7.425 -1.525 0.0000e+00
-7.425 -1.475 0.0000e+00
-7.425 -1.425 0.0000e+00
-7.425 -1.375 0.0000e+00
-7.425 -1.325 0.0000e+00
-7.425 -1.275 0.0000e+00
-7.425 -1.225 0.0000e+00
-7.425 -1.175 0.0000e+00
-7.425 -1.125 0.0000e+00
-7.425 -1.075 0.0000e+00
-7.425 -1.025 0.0000e+00
-7.425 -0.975 0.0000e+00
-7.425 -0.925 0.0000e+00
-7.425 -0.875 0.0000e+00
-7.425 -0.825 0.0000e+00
-7.425 -0.775 0.0000e+00
-7.425 -0.725 0.0000e+00
-7.425 -0.675 0.0000e+00
-7.425 -0.625 0.0000e+00
-7.425 -0.575 0.0000e+00
-7.425 -0.525 0.0000e+00
-7.425 -0.475 0.0000e+00
-7.425 -0.425 0.0000e+00
-7.425 -0.375 0.0000e+00
-7.425 -0.325 0.0000e+00
-7.425 -0.275 0.0000e+00
-7.425 -0.225 0.0000e+00
-7.425 -0.175 0.0000e+00
-7.425 -0.125 0.0000e+00
-7.425 -0.075 0.0000e+00
-7.425 -0.025 0.0000e+00
-7.425 0.025 0.0000e+00
-7.425 0.075 0.0000e+00
-7.425 0.125 0.0000e+00
-7.425 0.175 0.0000e+00
-7.425 0.225 0.0000e+00
-7.425 0.275 0.0000e+00
-7.425 0.325 0.0000e+00
-7.425 0.375 0.0000e+00
-7.425 0.425 0.0000e+00
-7.425 0.475 0.0000e+00
-7.425 0.525 0.0000e+00
-7.425 0.575 0.0000e+00
-7.425 0.625 0.0000e+00
-7.425 0.675 0.0000e+00
-7.425 0.725 0.0000e+00
-7.425 0.775 1.6404e-18
-7.425 0.825 3.2744e-18
-7.425 0.875 6.5363e-18
-7.425 0.925 1.3049e-17
-7.425 0.975 2.6051e-17
-7.425 1.025 5.2013e-17
-7.425 1.075 1.0386e-16
-7.425 1.125 2.0739e-16
-7.425 1.175 4.1419e-16
-7.425 1.225 8.2729e-16
-7.425 1.275 1.6526e-15
-7.425 1.325 3.3018e-15
-7.425 1.375 6.5976e-15
-7.425 1.425 1.3186e-14
-7.425 1.475 2.6358e-14
-7.425 1.525 5.2701e-14
-7.425 1.575 1.0540e-13
-7.425 1.625 2.1085e-13
-7.425 1.675 4.2193e-13
-7.425 1.725 8.4462e-13
-7.425 1.775 1.6914e-12
-7.425 1.825 3.3887e-12
-7.425 1.875 6.7923e-12
-7.425 1.925 1.3622e-11
-7.425 1.975 2.7335e-11
-7.425 2.025 5.4889e-11
-7.425 2.075 1.1030e-10
-7.425 2.125 2.2182e-10
-7.425 2.175 4.4651e-10
-7.425 2.225 8.9967e-10
-7.425 2.275 1.8147e-09
-7.425 2.325 3.6646e-09
-7.425 2.375 7.4099e-09
-7.425 2.425 1.5004e-08
-7.425 2.475 3.0424e-08
-7.425 2.525 6.1790e-08
-7.425 2.575 1.2570e-07
-7.425 2.625 2.5614e-07
-7.425 2.675 5.2281e-07
-7.425 2.725 1.0689e-06
-7.425 2.775 2.1886e-06
-7.425 2.825 4.4869e-06
-7.425 2.875 9.2064e-06
-7.425 2.925 1.8895e-05
-7.425 2.975 3.8754e-05
-7.425 3.025 7.9342e-05
-7.425 3.075 1.6190e-04
-7.425 3.125 3.2860e-04
-7.425 3.175 6.6191e-04
-7.425 3.225 1.3200e-03
-7.425 3.275 2.6002e-03
-7.425 3.325 5.0515e-03
-7.425 3.375 9.6795e-03
-7.425 3.425 1.8338e-02
-7.425 3.475 3.4522e-02
-7.425 3.525 6.5004e-02
-7.425 3.575 1.2311e-01
-7.425 3.625 2.3472e-01
-7.425 3.675 4.4768e-01
-7.425 3.725 8.4216e-01
-7.425 3.775 1.5264e+00
-7.425 3.825 2.4577e+00
-7.425 3.875 0.0000e+00
-7.425 3.925 0.0000e+00
-7.425 3.975 0.0000e+00
-7.375 -1.975 0.0000e+00
-7.375 -1.925 0.0000e+00
-7.375 -1.875 0.0000e+00
-7.375 -1.825 0.0000e+00
-7.375 -1.775 0.0000e+00
-7.375 -1.725 0.0000e+00
-7.375 -1.675 0.0000e+00
-7.375 -1.625 0.0000e+00
-7.375 -1.575 0.0000e+00
-7.375 -1.525 0.0000e+00
-7.375 -1.475 0.0000e+00
-7.375 -1.425 0.0000e+00
-7.375 -1.375 0.0000e+00
-7.375 -1.325 0.0000e+00
-7.375 -1.275 0.0000e+00
-7.375 -1.225 0.0000e+00
-7.375 -1.175 0.0000e+00
-7.375 -1.125 0.0000e+00
-7.375 -1.075 0.0000e+00
-7.375 -1.025 0.0000e+00
-7.375 -0.975 0.0000e+00
-7.375 -0.925 0.0000e+00
-7.375 -0.875 0.0000e+00
-7.375 -0.825 0.0000e+00
-7.375 -0.775 0.0000e+00
-7.375 -0.725 0.0000e+00
-7.375 -0.675 0.0000e+00
-7.375 -0.625 0.0000e+00
-7.375 -0.575 0.0000e+00
-7.375 -0.525 0.0000e+00
-7.375 -0.475 0.0000e+00
-7.375 -0.425 0.0000e+00
-7.375 -0.375 0.0000e+00
-7.375 -0.325 0.0000e+00
-7.375 -0.275 0.0000e+00
-7.375 -0.225 0.0000e+00
-7.375 -0.175 0.0000e+00
-7.375 -0.125 0.0000e+00
-7.375 -0.075 0.0000e+00
-7.375 -0.025 0.0000e+00
-7.375 0.025 0.0000e+00
-7.375 0.075 0.0000e+00
-7.375 0.125 0.0000e+00
-7.375 0.175 0.0000e+00
-7.375 0.225 0.0000e+00
-7.375 0.275 0.0000e+00
-7.375 0.325 0.0000e+00
-7.375 0.375 0.0000e+00
-7.375 0.425 0.0000e+00
-7.375 0.475 0.0000e+00
-7.375 0.525 0.0000e+00
-7.375 0.575 0.0000e+00
-7.375 0.625 0.0000e+00
-7.375 0.675 0.0000e+00
-7.375 0.725 0.0000e+00
-7.375 0.775 2.0651e-18
-7.375 0.825 4.1222e-18
-7.375 0.875 8.2287e-18
-7.375 0.925 1.6427e-17
-7.375 0.975 3.2796e-17
-7.375 1.025 6.5480e-17
-7.375 1.075 1.3075e-16
-7.375 1.125 2.6109e-16
-7.375 1.175 5.2144e-16
-7.375 1.225 1.0415e-15
-7.375 1.275 2.0805e-15
-7.375 1.325 4.1567e-15
-7.375 1.375 8.3059e-15
-7.375 1.425 1.6600e-14
-7.375 1.475 3.3183e-14
-7.375 1.525 6.6347e-14
-7.375 1.575 1.3269e-13
-7.375 1.625 2.6544e-13
-7.375 1.675 5.3118e-13
-7.375 1.725 1.0633e-12
-7.375 1.775 2.1294e-12
-7.375 1.825 4.2661e-12
-7.375 1.875 8.5510e-12
-7.375 1.925 1.7149e-11
-7.375 1.975 3.4413e-11
-7.375 2.025 6.9101e-11
-7.375 2.075 1.3886e-10
-7.375 2.125 2.7926e-10
-7.375 2.175 5.6212e-10
-7.375 2.225 1.1326e-09
-7.375 2.275 2.2846e-09
-7.375 2.325 4.6135e-09
-7.375 2.375 9.3286e-09
-7.375 2.425 1.8888e-08
-7.375 2.475 3.8302e-08
-7.375 2.525 7.7789e-08
-7.375 2.575 1.5825e-07
-7.375 2.625 3.2246e-07
-7.375 2.675 6.5818e-07
-7.375 2.725 1.3456e-06
-7.375 2.775 2.7553e-06
-7.375 2.825 5.6486e-06
-7.375 2.875 1.1590e-05
-7.375 2.925 2.3787e-05
-7.375 2.975 4.8788e-05
-7.375 3.025 9.9886e-05
-7.375 3.075 2.0381e-04
-7.375 3.125 4.1368e-04
-7.375 3.175 8.3330e-04
-7.375 3.225 1.6618e-03
-7.375 3.275 3.2734e-03
-7.375 3.325 6.3594e-03
-7.375 3.375 1.2186e-02
-7.375 3.425 2.3086e-02
-7.375 3.475 4.3460e-02
-7.375 3.525 8.1835e-02
-7.375 3.575 1.5499e-01
-7.375 3.625 2.9549e-01
-7.375 3.675 5.6360e-01
-7.375 3.725 1.0602e+00
-7.375 3.775 1.9216e+00
-7.375 3.825 3.0941e+00
-7.375 3.875 0.0000e+00
-7.375 3.925 0.0000e+00
-7.375 3.975 0.0000e+00
-7.325 -1.975 0.0000e+00
-7.325 -1.925 0.0000e+00
-7.325 -1.875 0.0000e+00
-7.325 -1.825 0.0000e+00
-7.325 -1.775 0.0000e+00
-7.325 -1.725 0.0000e+00
-7.325 -1.675 0.0000e+00
-7.325 -1.625 0.0000e+00
-7.325 -1.575 0.0000e+00
-7.325 -1.525 0.0000e+00
-7.325 -1.475 0.0000e+00
-7.325 -1.425 0.0000e+00
-7.325 -1.375 0.0000e+00
-7.325 -1.325 0.0000e+00
-7.325 -1.275 0.0000e+00
-7.325 -1.225 0.0000e+00
-7.325 -1.175 0.0000e+00
-7.325 -1.125 0.0000e+00
-7.325 -1.075 0.0000e+00
-7.325 -1.025 0.0000e+00
-7.325 -0.975 0.0000e+00
-7.325 -0.925 0.0000e+00
-7.325 -0.875 0.0000e+00
-7.325 -0.825 0.0000e+00
-7.325 -0.775 0.0000e+00
-7.325 -0.725 0.0000e+00
-7.325 -0.675 0.0000e+00
-7.325 -0.625 0.0000e+00
-7.325 -0.575 0.0000e+00
-7.325 -0.525 0.0000e+00
-7.325 -0.475 0.0000e+00
-7.325 -0.425 0.0000e+00
-7.325 -0.375 0.0000e+00
-7.325 -0.325 0.0000e+00
-7.325 -0.275 0.0000e+00
-7.325 -0.225 0.0000e+00
-7.325 -0.175 0.0000e+00
-7.325 -0.125 0.0000e+00
-7.325 -0.075 0.0000e+00
-7.325 -0.025 0.0000e+00
-7.325 0.025 0.0000e+00
-7.325 0.075 0.0000e+00
-7.325 0.125 0.0000e+00
-7.325 0.175 0.0000e+00
-7.325 0.225 0.0000e+00
-7.325 0.275 0.0000e+00
-7.325 0.325 0.0000e+00
-7.325 0.375 0.0000e+00
-7.325 0.425 0.0000e+00
-7.325 0.475 0.0000e+00
-7.325 0.525 0.0000e+00
-7.325 0.575 0.0000e+00
-7.325 0.625 0.0000e+00
-7.325 0.675 0.0000e+00
-7.325 0.725 0.0000e+00
-7.325 0.775 2.5998e-18
-7.325 0.825 5.1895e-18
-7.325 0.875 1.0359e-17
-7.325 0.925 2.0681e-17
-7.325 0.975 4.1288e-17
-7.325 1.025 8.2434e-17
-7.325 1.075 1.6460e-16
-7.325 1.125 3.2870e-16
-7.325 1.175 6.5645e-16
-7.325 1.225 1.3112e-15
-7.325 1.275 2.6192e-15
-7.325 1.325 5.2329e-15
-7.325 1.375 1.0457e-14
-7.325 1.425 2.0898e-14
-7.325 1.475 4.1775e-14
-7.325 1.525 8.3526e-14
-7.325 1.575 1.6705e-13
-7.325 1.625 3.3417e-13
-7.325 1.675 6.6871e-13
-7.325 1.725 1.3386e-12
-7.325 1.775 2.6807e-12
-7.325 1.825 5.3707e-12
-7.325 1.875 1.0765e-11
-7.325 1.925 2.1589e-11
-7.325 1.975 4.3323e-11
-7.325 2.025 8.6993e-11
-7.325 2.075 1.7481e-10
-7.325 2.125 3.5157e-10
-7.325 2.175 7.0767e-10
-7.325 2.225 1.4259e-09
-7.325 2.275 2.8761e-09
-7.325 2.325 5.8081e-09
-7.325 2.375 1.1744e-08
-7.325 2.425 2.3779e-08
-7.325 2.475 4.8219e-08
-7.325 2.525 9.7931e-08
-7.325 2.575 1.9922e-07
-7.325 2.625 4.0595e-07
-7.325 2.675 8.2860e-07
-7.325 2.725 1.6941e-06
-7.325 2.775 3.4687e-06
-7.325 2.825 7.1112e-06
-7.325 2.875 1.4591e-05
-7.325 2.925 2.9946e-05
-7.325 2.975 6.1420e-05
-7.325 3.025 1.2575e-04
-7.325 3.075 2.5659e-04
-7.325 3.125 5.2079e-04
-7.325 3.175 1.0491e-03
-7.325 3.225 2.0921e-03
-7.325 3.275 4.1210e-03
-7.325 3.325 8.0061e-03
-7.325 3.375 1.5341e-02
-7.325 3.425 2.9064e-02
-7.325 3.475 5.4713e-02
-7.325 3.525 1.0302e-01
-7.325 3.575 1.9511e-01
-7.325 3.625 3.7200e-01
-7.325 3.675 7.0953e-01
-7.325 3.725 1.3347e+00
-7.325 3.775 2.4191e+00
-7.325 3.825 3.8952e+00
-7.325 3.875 0.0000e+00
-7.325 3.925 0.0000e+00
-7.325 3.975 0.0000e+00
-7.275 -1.975 0.0000e+00
-7.275 -1.925 0.0000e+00
-7.275 -1.875 0.0000e+00
-7.275 -1.825 0.0000e+00
-7.275 -1.775 0.0000e+00
-7.275 -1.725 0.0000e+00
-7.275 -1.675 0.0000e+00
-7.275 -1.625 0.0000e+00
-7.275 -1.575 0.0000e+00
-7.275 -1.525 0.0000e+00
-7.275 -1.475 0.0000e+00
-7.275 -1.425 0.0000e+00
-7.275 -1.375 0.0000e+00
-7.275 -1.325 0.0000e+00
-7.275 -1.275 0.0000e+00
-7.275 -1.225 0.0000e+00
-7.275 -1.175 0.0000e+00
-7.275 -1.125 0.0000e+00
-7.275 -1.075 0.0000e+00
-7.275 -1.025 0.0000e+00
-7.275 -0.975 0.0000e+00
-7.275 -0.925 0.0000e+00
-7.275 -0.875 0.0000e+00
-7.275 -0.825 0.0000e+00
-7.275 -0.775 0.0000e+00
-7.275 -0.725 0.0000e+00
-7.275 -0.675 0.0000e+00
-7.275 -0.625 0.0000e+00
-7.275 -0.575 0.0000e+00
-7.275 -0.525 0.0000e+00
-7.275 -0.475 0.0000e+00
-7.275 -0.425 0.0000e+00
-7.275 -0.375 0.0000e+00
-7.275 -0.325 0.0000e+00
-7.275 -0.275 0.0000e+00
-7.275 -0.225 0.0000e+00
-7.275 -0.175 0.0000e+00
-7.275 -0.125 0.0000e+00
-7.275 -0.075 0.0000e+00
-7.275 -0.025 0.0000e+00
-7.275 0.025 0.0000e+00
-7.275 0.075 0.0000e+00
-7.275 0.125 0.0000e+00
-7.275 0.175 0.0000e+00
-7.275 0.225 0.0000e+00
-7.275 0.275 0.0000e+00
-7.275 0.325 0.0000e+00
-7.275 0.375 0.0000e+00
-7.275 0.425 0.0000e+00
-7.275 0.475 0.0000e+00
-7.275 0.525 0.0000e+00
-7.275 0.575 0.0000e+00
-7.275 0.625 0.0000e+00
-7.275 0.675 0.0000e+00
-7.275 0.725 0.0000e+00
-7.275 0.775 3.2730e-18
-7.275 0.825 6.5332e-18
-7.275 0.875 1.3042e-17
-7.275 0.925 2.6035e-17
-7.275 0.975 5.1978e-17
-7.275 1.025 1.0378e-16
-7.275 1.075 2.0722e-16
-7.275 1.125 4.1380e-16
-7.275 1.175 8.2642e-16
-7.275 1.225 1.6507e-15
-7.275 1.275 3.2974e-15
-7.275 1.325 6.5879e-15
-7.275 1.375 1.3164e-14
-7.275 1.425 2.6309e-14
-7.275 1.475 5.2592e-14
-7.275 1.525 1.0515e-13
-7.275 1.575 2.1030e-13
-7.275 1.625 4.2070e-13
-7.275 1.675 8.4186e-13
-7.275 1.725 1.6852e-12
-7.275 1.775 3.3748e-12
-7.275 1.825 6.7613e-12
-7.275 1.875 1.3552e-11
-7.275 1.925 2.7179e-11
-7.275 1.975 5.4540e-11
-7.275 2.025 1.0952e-10
-7.275 2.075 2.2007e-10
-7.275 2.125 4.4260e-10
-7.275 2.175 8.9091e-10
-7.275 2.225 1.7951e-09
-7.275 2.275 3.6208e-09
-7.275 2.325 7.3119e-09
-7.275 2.375 1.4785e-08
-7.275 2.425 2.9936e-08
-7.275 2.475 6.0704e-08
-7.275 2.525 1.2329e-07
-7.275 2.575 2.5080e-07
-7.275 2.625 5.1106e-07
-7.275 2.675 1.0431e-06
-7.275 2.725 2.1327e-06
-7.275 2.775 4.3668e-06
-7.275 2.825 8.9525e-06
-7.275 2.875 1.8369e-05
-7.275 2.925 3.7700e-05
-7.275 2.975 7.7324e-05
-7.275 3.025 1.5831e-04
-7.275 3.075 3.2302e-04
-7.275 3.125 6.5564e-04
-7.275 3.175 1.3207e-03
-7.275 3.225 2.6338e-03
-7.275 3.275 5.1880e-03
-7.275 3.325 1.0079e-02
-7.275 3.375 1.9313e-02
-7.275 3.425 3.6589e-02
-7.275 3.475 6.8880e-02
-7.275 3.525 1.2970e-01
-7.275 3.575 2.4564e-01
-7.275 3.625 4.6832e-01
-7.275 3.675 8.9324e-01
-7.275 3.725 1.6803e+00
-7.275 3.775 3.0455e+00
-7.275 3.825 4.9037e+00
-7.275 3.875 0.0000e+00
-7.275 3.925 0.0000e+00
-7.275 3.975 0.0000e+00
-7.225 -1.975 0.0000e+00
-7.225 -1.925 0.0000e+00
-7.225 -1.875 0.0000e+00
-7.225 -1.825 0.0000e+00
-7.225 -1.775 0.0000e+00
-7.225 -1.725 0.0000e+00
-7.225 -1.675 0.0000e+00
-7.225 -1.625 0.0000e+00
-7.225 -1.575 0.0000e+00
-7.225 -1.525 0.0000e+00
-7.225 -1.475 0.0000e+00
-7.225 -1.425 0.0000e+00
-7.225 -1.375 0.0000e+00
-7.225 -1.325 0.0000e+00
-7.225 -1.275 0.0000e+00
-7.225 -1.225 0.0000e+00
-7.225 -1.175 0.0000e+00
-7.225 -1.125 0.0000e+00
-7.225 -1.075 0.0000e+00
-7.225 -1.025 0.0000e+00
-7.225 -0.975 0.0000e+00
-7.225 -0.925 0.0000e+00
-7.225 -0.875 0.0000e+00
-7.225 -0.825 0.0000e+00
-7.225 -0.775 0.0000e+00
-7.225 -0.725 0.0000e+00
-7.225 -0.675 0.0000e+00
-7.225 -0.625 0.0000e+00
-7.225 -0.575 0.0000e+00
-7.225 -0.525 0.0000e+00
-7.225 -0.475 0.0000e+00
-7.225 -0.425 0.0000e+00
-7.225 -0.375 0.0000e+00
-7.225 -0.325 0.0000e+00
-7.225 -0.275 0.0000e+00
-7.225 -0.225 0.0000e+00
-7.225 -0.175 0.0000e+00
-7.225 -0.125 0.0000e+00
-7.225 -0.075 0.0000e+00
-7.225 -0.025 0.0000e+00
-7.225 0.025 0.0000e+00
-7.225 0.075 0.0000e+00
-7.225 0.125 0.0000e+00
-7.225 0.175 0.0000e+00
-7.225 0.225 0.0000e+00
-7.225 0.275 0.0000e+00
-7.225 0.325 0.0000e+00
-7.225 0.375 0.0000e+00
-7.225 0.425 0.0000e+00
-7.225 0.475 0.0000e+00
-7.225 0.525 0.0000e+00
-7.225 0.575 0.0000e+00
-7.225 0.625 0.0000e+00
-7.225 0.675 0.0000e+00
-7.225 0.725 0.0000e+00
-7.225 0.775 4.1205e-18
-7.225 0.825 8.2248e-18
-7.225 0.875 1.6418e-17
-7.225 0.925 3.2776e-17
-7.225 0.975 6.5436e-17
-7.225 1.025 1.3065e-16
-7.225 1.075 2.6087e-16
-7.225 1.125 5.2095e-16
-7.225 1.175 1.0404e-15
-7.225 1.225 2.0781e-15
-7.225 1.275 4.1512e-15
-7.225 1.325 8.2936e-15
-7.225 1.375 1.6573e-14
-7.225 1.425 3.3121e-14
-7.225 1.475 6.6209e-14
-7.225 1.525 1.3238e-13
-7.225 1.575 2.6475e-13
-7.225 1.625 5.2963e-13
-7.225 1.675 1.0598e-12
-7.225 1.725 2.1216e-12
-7.225 1.775 4.2486e-12
-7.225 1.825 8.5119e-12
-7.225 1.875 1.7061e-11
-7.225 1.925 3.4217e-11
-7.225 1.975 6.8662e-11
-7.225 2.025 1.3787e-10
-7.225 2.075 2.7706e-10
-7.225 2.125 5.5719e-10
-7.225 2.175 1.1216e-09
-7.225 2.225 2.2599e-09
-7.225 2.275 4.5583e-09
-7.225 2.325 9.2052e-09
-7.225 2.375 1.8613e-08
-7.225 2.425 3.7687e-08
-7.225 2.475 7.6422e-08
-7.225 2.525 1.5521e-07
-7.225 2.575 3.1574e-07
-7.225 2.625 6.4339e-07
-7.225 2.675 1.3132e-06
-7.225 2.725 2.6849e-06
-7.225 2.775 5.4975e-06
-7.225 2.825 1.1270e-05
-7.225 2.875 2.3125e-05
-7.225 2.925 4.7461e-05
-7.225 2.975 9.7345e-05
-7.225 3.025 1.9930e-04
-7.225 3.075 4.0666e-04
-7.225 3.125 8.2540e-04
-7.225 3.175 1.6627e-03
-7.225 3.225 3.3157e-03
-7.225 3.275 6.5313e-03
-7.225 3.325 1.2689e-02
-7.225 3.375 2.4314e-02
-7.225 3.425 4.6063e-02
-7.225 3.475 8.6715e-02
-7.225 3.525 1.6328e-01
-7.225 3.575 3.0924e-01
-7.225 3.625 5.8958e-01
-7.225 3.675 1.1245e+00
-7.225 3.725 2.1154e+00
-7.225 3.775 3.8341e+00
-7.225 3.825 6.1735e+00
-7.225 3.875 0.0000e+00
-7.225 3.925 0.0000e+00
-7.225 3.975 0.0000e+00
-7.175 -1.975 0.0000e+00
-7.175 -1.925 0.0000e+00
-7.175 -1.875 0.0000e+00
-7.175 -1.825 0.0000e+00
-7.175 -1.775 0.0000e+00
-7.175 -1.725 0.0000e+00
-7.175 -1.675 0.0000e+00
-7.175 -1.625 0.0000e+00
-7.175 -1.575 0.0000e+00
-7.175 -1.525 0.0000e+00
-7.175 -1.475 0.0000e+00
-7.175 -1.425 0.0000e+00
-7.175 -1.375 0.0000e+00
-7.175 -1.325 0.0000e+00
-7.175 -1.275 0.0000e+00
-7.175 -1.225 0.0000e+00
-7.175 -1.175 0.0000e+00
-7.175 -1.125 0.0000e+00
-7.175 -1.075 0.0000e+00
-7.175 -1.025 0.0000e+00
-7.175 -0.975 0.0000e+00
-7.175 -0.925 0.0000e+00
-7.175 -0.875 0.0000e+00
-7.175 -0.825 0.0000e+00
-7.175 -0.775 0.0000e+00
-7.175 -0.725 0.0000e+00
-7.175 -0.675 0.0000e+00
-7.175 -0.625 0.0000e+00
-7.175 -0.575 0.0000e+00
-7.175 -0.525 0.0000e+00
-7.175 -0.475 0.0000e+00
-7.175 -0.425 0.0000e+00
-7.175 -0.375 0.0000e+00
-7.175 -0.325 0.0000e+00
-7.175 -0.275 0.0000e+00
-7.175 -0.225 0.0000e+00
-7.175 -0.175 0.0000e+00
-7.175 -0.125 0.0000e+00
-7.175 -0.075 0.0000e+00
-7.175 -0.025 0.0000e+00
-7.175 0.025 0.0000e+00
-7.175 0.075 0.0000e+00
-7.175 0.125 0.0000e+00
-7.175 0.175 0.0000e+00
-7.175 0.225 0.0000e+00
-7.175 0.275 0.0000e+00
-7.175 0.325 0.0000e+00
-7.175 0.375 0.0000e+00
-7.175 0.425 0.0000e+00
-7.175 0.475 0.0000e+00
-7.175 0.525 0.0000e+00
-7.175 0.575 0.0000e+00
-7.175 0.625 0.0000e+00
-7.175 0.675 0.0000e+00
-7.175 0.725 0.0000e+00
-7.175 0.775 5.1873e-18
-7.175 0.825 1.0354e-17
-7.175 0.875 2.0670e-17
-7.175 0.925 4.1263e-17
-7.175 0.975 8.2380e-17
-7.175 1.025 1.6448e-16
-7.175 1.075 3.2842e-16
-7.175 1.125 6.5584e-16
-7.175 1.175 1.3098e-15
-7.175 1.225 2.6161e-15
-7.175 1.275 5.2260e-15
-7.175 1.325 1.0441e-14
-7.175 1.375 2.0864e-14
-7.175 1.425 4.1697e-14
-7.175 1.475 8.3352e-14
-7.175 1.525 1.6666e-13
-7.175 1.575 3.3330e-13
-7.175 1.625 6.6676e-13
-7.175 1.675 1.3343e-12
-7.175 1.725 2.6709e-12
-7.175 1.775 5.3487e-12
-7.175 1.825 1.0716e-11
-7.175 1.875 2.1479e-11
-7.175 1.925 4.3076e-11
-7.175 1.975 8.6440e-11
-7.175 2.025 1.7357e-10
-7.175 2.075 3.4879e-10
-7.175 2.125 7.0147e-10
-7.175 2.175 1.4120e-09
-7.175 2.225 2.8450e-09
-7.175 2.275 5.7386e-09
-7.175 2.325 1.1589e-08
-7.175 2.375 2.3432e-08
-7.175 2.425 4.7446e-08
-7.175 2.475 9.6210e-08
-7.175 2.525 1.9540e-07
-7.175 2.575 3.9749e-07
-7.175 2.625 8.0998e-07
-7.175 2.675 1.6533e-06
-7.175 2.725 3.3801e-06
-7.175 2.775 6.9209e-06
-7.175 2.825 1.4189e-05
-7.175 2.875 2.9113e-05
-7.175 2.925 5.9750e-05
-7.175 2.975 1.2255e-04
-7.175 3.025 2.5090e-04
-7.175 3.075 5.1196e-04
-7.175 3.125 1.0391e-03
-7.175 3.175 2.0932e-03
-7.175 3.225 4.1742e-03
-7.175 3.275 8.2225e-03
-7.175 3.325 1.5974e-02
-7.175 3.375 3.0609e-02
-7.175 3.425 5.7990e-02
-7.175 3.475 1.0917e-01
-7.175 3.525 2.0556e-01
-7.175 3.575 3.8931e-01
-7.175 3.625 7.4224e-01
-7.175 3.675 1.4157e+00
-7.175 3.725 2.6632e+00
-7.175 3.775 4.8268e+00
-7.175 3.825 7.7719e+00
-7.175 3.875 0.0000e+00
-7.175 3.925 0.0000e+00
-7.175 3.975 0.0000e+00
-7.125 -1.975 0.0000e+00
-7.125 -1.925 0.0000e+00
-7.125 -1.875 0.0000e+00
-7.125 -1.825 0.0000e+00
-7.125 -1.775 0.0000e+00
-7.125 -1.725 0.0000e+00
-7.125 -1.675 0.0000e+00
-7.125 -1.625 0.0000e+00
-7.125 -1.575 0.0000e+00
-7.125 -1.525 0.0000e+00
-7.125 -1.475 0.0000e+00
-7.125 -1.425 0.0000e+00
-7.125 -1.375 0.0000e+00
-7.125 -1.325 0.0000e+00
-7.125 -1.275 0.0000e+00
-7.125 -1.225 0.0000e+00
-7.125 -1.175 0.0000e+00
-7.125 -1.125 0.0000e+00
-7.125 -1.075 0.0000e+00
-7.125 -1.025 0.0000e+00
-7.125 -0.975 0.0000e+00
-7.125 -0.925 0.0000e+00
-7.125 -0.875 0.0000e+00
-7.125 -0.825 0.0000e+00
-7.125 -0.775 0.0000e+00
-7.125 -0.725 0.0000e+00
-7.125 -0.675 0.0000e+00
-7.125 -0.625 0.0000e+00
-7.125 -0.575 0.0000e+00
-7.125 -0.525 0.0000e+00
-7.125 -0.475 0.0000e+00
-7.125 -0.425 0.0000e+00
-7.125 -0.375 0.0000e+00
-7.125 -0.325 0.0000e+00
-7.125 -0.275 0.0000e+00
-7.125 -0.225 0.0000e+00
-7.125 -0.175 0.0000e+00
-7.125 -0.125 0.0000e+00
-7.125 -0.075 0.0000e+00
-7.125 -0.025 0.0000e+00
-7.125 0.025 0.0000e+00
-7.125 0.075 0.0000e+00
-7.125 0.125 0.0000e+00
-7.125 0.175 0.0000e+00
-7.125 0.225 0.0000e+00
-7.125 0.275 0.0000e+00
-7.125 0.325 0.0000e+00
-7.125 0.375 0.0000e+00
-7.125 0.425 0.0000e+00
-7.125 0.475 0.0000e+00
-7.125 0.525 0.0000e+00
-7.125 0.575 0.0000e+00
-7.125 0.625 0.0000e+00
-7.125 0.675 0.0000e+00
-7.125 0.725 0.0000e+00
-7.125 0.775 6.5305e-18
-7.125 0.825 1.3035e-17
-7.125 0.875 2.6021e-17
-7.125 0.925 5.1947e-17
-7.125 0.975 1.0371e-16
-7.125 1.025 2.0707e-16
-7.125 1.075 4.1346e-16
-7.125 1.125 8.2565e-16
-7.125 1.175 1.6489e-15
-7.125 1.225 3.2935e-15
-7.125 1.275 6.5792e-15
-7.125 1.325 1.3145e-14
-7.125 1.375 2.6266e-14
-7.125 1.425 5.2494e-14
-7.125 1.475 1.0493e-13
-7.125 1.525 2.0981e-13
-7.125 1.575 4.1960e-13
-7.125 1.625 8.3940e-13
-7.125 1.675 1.6797e-12
-7.125 1.725 3.3625e-12
-7.125 1.775 6.7337e-12
-7.125 1.825 1.3491e-11
-7.125 1.875 2.7041e-11
-7.125 1.925 5.4230e-11
-7.125 1.975 1.0882e-10
-7.125 2.025 2.1852e-10
-7.125 2.075 4.3911e-10
-7.125 2.125 8.8309e-10
-7.125 2.175 1.7776e-09
-7.125 2.225 3.5816e-09
-7.125 2.275 7.2244e-09
-7.125 2.325 1.4589e-08
-7.125 2.375 2.9500e-08
-7.125 2.425 5.9731e-08
-7.125 2.475 1.2112e-07
-7.125 2.525 2.4599e-07
-7.125 2.575 5.0042e-07
-7.125 2.625 1.0197e-06
-7.125 2.675 2.0814e-06
-7.125 2.725 4.2553e-06
-7.125 2.775 8.7129e-06
-7.125 2.825 1.7863e-05
-7.125 2.875 3.6651e-05
-7.125 2.925 7.5221e-05
-7.125 2.975 1.5428e-04
-7.125 3.025 3.1587e-04
-7.125 3.075 6.4452e-04
-7.125 3.125 1.3082e-03
-7.125 3.175 2.6351e-03
-7.125 3.225 5.2551e-03
-7.125 3.275 1.0351e-02
-7.125 3.325 2.0110e-02
-7.125 3.375 3.8535e-02
-7.125 3.425 7.3005e-02
-7.125 3.475 1.3743e-01
-7.125 3.525 2.5879e-01
-7.125 3.575 4.9011e-01
-7.125 3.625 9.3443e-01
-7.125 3.675 1.7822e+00
-7.125 3.725 3.3527e+00
-7.125 3.775 6.0766e+00
-7.125 3.825 9.7843e+00
-7.125 3.875 0.0000e+00
-7.125 3.925 0.0000e+00
-7.125 3.975 0.0000e+00
-7.075 -1.975 0.0000e+00
-7.075 -1.925 0.0000e+00
-7.075 -1.875 0.0000e+00
-7.075 -1.825 0.0000e+00
-7.075 -1.775 0.0000e+00
-7.075 -1.725 0.0000e+00
-7.075 -1.675 0.0000e+00
-7.075 -1.625 0.0000e+00
-7.075 -1.575 0.0000e+00
-7.075 -1.525 0.0000e+00
-7.075 -1.475 0.0000e+00
-7.075 -1.425 0.0000e+00
-7.075 -1.375 0.0000e+00
-7.075 -1.325 0.0000e+00
-7.075 -1.275 0.0000e+00
-7.075 -1.225 0.0000e+00
-7.075 -1.175 0.0000e+00
-7.075 -1.125 0.0000e+00
-7.075 -1.075 0.0000e+00
-7.075 -1.025 0.0000e+00
-7.075 -0.975 0.0000e+00
-7.075 -0.925 0.0000e+00
-7.075 -0.875 0.0000e+00
-7.075 -0.825 0.0000e+00
-7.075 -0.775 0.0000e+00
-7.075 -0.725 0.0000e+00
-7.075 -0.675 0.0000e+00
-7.075 -0.625 0.0000e+00
-7.075 -0.575 0.0000e+00
-7.075 -0.525 0.0000e+00
-7.075 -0.475 0.0000e+00
-7.075 -0.425 0.0000e+00
-7.075 -0.375 0.0000e+00
-7.075 -0.325 0.0000e+00
-7.075 -0.275 0.0000e+00
-7.075 -0.225 0.0000e+00
-7.075 -0.175 0.0000e+00
-7.075 -0.125 0.0000e+00
-7.075 -0.075 0.0000e+00
-7.075 -0.025 0.0000e+00
-7.075 0.025 0.0000e+00
-7.075 0.075 0.0000e+00
-7.075 0.125 0.0000e+00
-7.075 0.175 0.0000e+00
-7.075 0.225 0.0000e+00
-7.075 0.275 0.0000e+00
-7.075 0.325 0.0000e+00
-7.075 0.375 0.0000e+00
-7.075 0.425 0.0000e+00
-7.075 0.475 0.0000e+00
-7.075 0.525 0.0000e+00
-7.075 0.575 0.0000e+00
-7.075 0.625 0.0000e+00
-7.075 0.675 0.0000e+00
-7.075 0.725 0.0000e+00
-7.075 0.775 8.2214e-18
-7.075 0.825 1.6411e-17
-7.075 0.875 3.2759e-17
-7.075 0.925 6.5398e-17
-7.075 0.975 1.3056e-16
-7.075 1.025 2.6068e-16
-7.075 1.075 5.2051e-16
-7.075 1.125 1.0394e-15
-7.075 1.175 2.0759e-15
-7.075 1.225 4.1463e-15
-7.075 1.275 8.2827e-15
-7.075 1.325 1.6548e-14
-7.075 1.375 3.3067e-14
-7.075 1.425 6.6086e-14
-7.075 1.475 1.3210e-13
-7.075 1.525 2.6413e-13
-7.075 1.575 5.2824e-13
-7.075 1.625 1.0567e-12
-7.075 1.675 2.1147e-12
-7.075 1.725 4.2331e-12
-7.075 1.775 8.4772e-12
-7.075 1.825 1.6984e-11
-7.075 1.875 3.4042e-11
-7.075 1.925 6.8271e-11
-7.075 1.975 1.3700e-10
-7.075 2.025 2.7510e-10
-7.075 2.075 5.5280e-10
-7.075 2.125 1.1117e-09
-7.075 2.175 2.2379e-09
-7.075 2.225 4.5090e-09
-7.075 2.275 9.0950e-09
-7.075 2.325 1.8367e-08
-7.075 2.375 3.7138e-08
-7.075 2.425 7.5196e-08
-7.075 2.475 1.5248e-07
-7.075 2.525 3.0968e-07
-7.075 2.575 6.2999e-07
-7.075 2.625 1.2837e-06
-7.075 2.675 2.6203e-06
-7.075 2.725 5.3571e-06
-7.075 2.775 1.0969e-05
-7.075 2.825 2.2488e-05
-7.075 2.875 4.6141e-05
-7.075 2.925 9.4697e-05
-7.075 2.975 1.9423e-04
-7.075 3.025 3.9765e-04
-7.075 3.075 8.1140e-04
-7.075 3.125 1.6469e-03
-7.075 3.175 3.3174e-03
-7.075 3.225 6.6157e-03
-7.075 3.275 1.3032e-02
-7.075 3.325 2.5317e-02
-7.075 3.375 4.8512e-02
-7.075 3.425 9.1908e-02
-7.075 3.475 1.7302e-01
-7.075 3.525 3.2579e-01
-7.075 3.575 6.1701e-01
-7.075 3.625 1.1764e+00
-7.075 3.675 2.2437e+00
-7.075 3.725 4.2208e+00
-7.075 3.775 7.6500e+00
-7.075 3.825 1.2318e+01
-7.075 3.875 0.0000e+00
-7.075 3.925 0.0000e+00
-7.075 3.975 0.0000e+00
-7.025 -1.975 0.0000e+00
-7.025 -1.925 0.0000e+00
-7.025 -1.875 0.0000e+00
-7.025 -1.825 0.0000e+00
-7.025 -1.775 0.0000e+00
-7.025 -1.725 0.0000e+00
-7.025 -1.675 0.0000e+00
-7.025 -1.625 0.0000e+00
-7.025 -1.575 0.0000e+00
-7.025 -1.525 0.0000e+00
-7.025 -1.475 0.0000e+00
-7.025 -1.425 0.0000e+00
-7.025 -1.375 0.0000e+00
-7.025 -1.325 0.0000e+00
-7.025 -1.275 0.0000e+00
-7.025 -1.225 0.0000e+00
-7.025 -1.175 0.0000e+00
-7.025 -1.125 0.0000e+00
-7.025 -1.075 0.0000e+00
-7.025 -1.025 0.0000e+00
-7.025 -0.975 0.0000e+00
-7.025 -0.925 0.0000e+00
-7.025 -0.875 0.0000e+00
-7.025 -0.825 0.0000e+00
-7.025 -0.775 0.0000e+00
-7.025 -0.725 0.0000e+00
-7.025 -0.675 0.0000e+00
-7.025 -0.625 0.0000e+00
-7.025 -0.575 0.0000e+00
-7.025 -0.525 0.0000e+00
-7.025 -0.475 0.0000e+00
-7.025 -0.425 0.0000e+00
-7.025 -0.375 0.0000e+00
-7.025 -0.325 0.0000e+00
-7.025 -0.275 0.0000e+00
-7.025 -0.225 0.0000e+00
-7.025 -0.175 0.0000e+00
-7.025 -0.125 0.0000e+00
-7.025 -0.075 0.0000e+00
-7.025 -0.025 0.0000e+00
-7.025 0.025 0.0000e+00
-7.025 0.075 0.0000e+00
-7.025 0.125 0.0000e+00
-7.025 0.175 0.0000e+00
-7.025 0.225 0.0000e+00
-7.025 0.275 0.0000e+00
-7.025 0.325 0.0000e+00
-7.025 0.375 0.0000e+00
-7.025 0.425 0.0000e+00
-7.025 0.475 0.0000e+00
-7.025 0.525 0.0000e+00
-7.025 0.575 0.0000e+00
-7.025 0.625 0.0000e+00
-7.025 0.675 0.0000e+00
-7.025 0.725 0.0000e+00
-7.025 0.775 1.0350e-17
-7.025 0.825 2.0660e-17
-7.025 0.875 4.1241e-17
-7.025 0.925 8.2331e-17
-7.025 0.975 1.6437e-16
-7.025 1.025 3.2818e-16
-7.025 1.075 6.5529e-16
-7.025 1.125 1.3086e-15
-7.025 1.175 2.6134e-15
-7.025 1.225 5.2199e-15
-7.025 1.275 1.0427e-14
-7.025 1.325 2.0833e-14
-7.025 1.375 4.1628e-14
-7.025 1.425 8.3197e-14
-7.025 1.475 1.6631e-13
-7.025 1.525 3.3252e-13
-7.025 1.575 6.6502e-13
-7.025 1.625 1.3304e-12
-7.025 1.675 2.6622e-12
-7.025 1.725 5.3292e-12
-7.025 1.775 1.0672e-11
-7.025 1.825 2.1381e-11
-7.025 1.875 4.2856e-11
-7.025 1.925 8.5948e-11
-7.025 1.975 1.7247e-10
-7.025 2.025 3.4633e-10
-7.025 2.075 6.9594e-10
-7.025 2.125 1.3996e-09
-7.025 2.175 2.8173e-09
-7.025 2.225 5.6765e-09
-7.025 2.275 1.1450e-08
-7.025 2.325 2.3122e-08
-7.025 2.375 4.6754e-08
-7.025 2.425 9.4667e-08
-7.025 2.475 1.9196e-07
-7.025 2.525 3.8987e-07
-7.025 2.575 7.9310e-07
-7.025 2.625 1.6161e-06
-7.025 2.675 3.2987e-06
-7.025 2.725 6.7442e-06
-7.025 2.775 1.3809e-05
-7.025 2.825 2.8310e-05
-7.025 2.875 5.8088e-05
-7.025 2.925 1.1922e-04
-7.025 2.975 2.4452e-04
-7.025 3.025 5.0061e-04
-7.025 3.075 1.0215e-03
-7.025 3.125 2.0733e-03
-7.025 3.175 4.1764e-03
-7.025 3.225 8.3287e-03
-7.025 3.275 1.6406e-02
-7.025 3.325 3.1873e-02
-7.025 3.375 6.1073e-02
-7.025 3.425 1.1570e-01
-7.025 3.475 2.1782e-01
-7.025 3.525 4.1015e-01
-7.025 3.575 7.7677e-01
-7.025 3.625 1.4810e+00
-7.025 3.675 2.8247e+00
-7.025 3.725 5.3137e+00
-7.025 3.775 9.6307e+00
-7.025 3.825 1.5507e+01
-7.025 3.875 0.0000e+00
-7.025 3.925 0.0000e+00
-7.025 3.975 0.0000e+00
-6.975 -1.975 0.0000e+00
-6.975 -1.925 0.0000e+00
-6.975 -1.875 0.0000e+00
-6.975 -1.825 0.0000e+00
-6.975 -1.775 0.0000e+00
-6.975 -1.725 0.0000e+00
-6.975 -1.675 0.0000e+00
-6.975 -1.625 0.0000e+00
-6.975 -1.575 0.0000e+00
-6.975 -1.525 0.0000e+00
-6.975 -1.475 0.0000e+00
-6.975 -1.425 0.0000e+00
-6.975 -1.375 0.0000e+00
-6.975 -1.325 0.0000e+00
-6.975 -1.275 0.0000e+00
-6.975 -1.225 0.0000e+00
-6.975 -1.175 0.0000e+00
-6.975 -1.125 0.0000e+00
-6.975 -1.075 0.0000e+00
-6.975 -1.025 0.0000e+00
-6.975 -0.975 0.0000e+00
-6.975 -0.925 0.0000e+00
-6.975 -0.875 0.0000e+00
-6.975 -0.825 0.0000e+00
-6.975 -0.775 0.0000e+00
-6.975 -0.725 0.0000e+00
-6.975 -0.675 0.0000e+00
-6.975 -0.625 0.0000e+00
-6.975 -0.575 0.0000e+00
-6.975 -0.525 0.0000e+00
-6.975 -0.475 0.0000e+00
-6.975 -0.425 0.0000e+00
-6.975 -0.375 0.0000e+00
-6.975 -0.325 0.0000e+00
-6.975 -0.275 0.0000e+00
-6.975 -0.225 0.0000e+00
-6.975 -0.175 0.0000e+00
-6.975 -0.125 0.0000e+00
-6.975 -0.075 0.0000e+00
-6.975 -0.025 0.0000e+00
-6.975 0.025 0.0000e+00
-6.975 0.075 0.0000e+00
-6.975 0.125 0.0000e+00
-6.975 0.175 0.0000e+00
-6.975 0.225 0.0000e+00
-6.975 0.275 0.0000e+00
-6.975 0.325 0.0000e+00
-6.975 0.375 0.0000e+00
-6.975 0.425 0.0000e+00
-6.975 0.475 0.0000e+00
-6.975 0.525 0.0000e+00
-6.975 0.575 0.0000e+00
-6.975 0.625 0.0000e+00
-6.975 0.675 0.0000e+00
-6.975 0.725 0.0000e+00
-6.975 0.775 1.3030e-17
-6.975 0.825 2.6009e-17
-6.975 0.875 5.1920e-17
-6.975 0.925 1.0365e-16
-6.975 0.975 2.0693e-16
-6.975 1.025 4.1315e-16
-6.975 1.075 8.2496e-16
-6.975 1.125 1.6474e-15
-6.975 1.175 3.2901e-15
-6.975 1.225 6.5714e-15
-6.975 1.275 1.3127e-14
-6.975 1.325 2.6227e-14
-6.975 1.375 5.2407e-14
-6.975 1.425 1.0474e-13
-6.975 1.475 2.0937e-13
-6.975 1.525 4.1862e-13
-6.975 1.575 8.3721e-13
-6.975 1.625 1.6748e-12
-6.975 1.675 3.3515e-12
-6.975 1.725 6.7090e-12
-6.975 1.775 1.3435e-11
-6.975 1.825 2.6917e-11
-6.975 1.875 5.3953e-11
-6.975 1.925 1.0820e-10
-6.975 1.975 2.1713e-10
-6.975 2.025 4.3600e-10
-6.975 2.075 8.7613e-10
-6.975 2.125 1.7620e-09
-6.975 2.175 3.5468e-09
-6.975 2.225 7.1463e-09
-6.975 2.275 1.4415e-08
-6.975 2.325 2.9109e-08
-6.975 2.375 5.8859e-08
-6.975 2.425 1.1918e-07
-6.975 2.475 2.4167e-07
-6.975 2.525 4.9082e-07
-6.975 2.575 9.9846e-07
-6.975 2.625 2.0346e-06
-6.975 2.675 4.1528e-06
-6.975 2.725 8.4904e-06
-6.975 2.775 1.7385e-05
-6.975 2.825 3.5640e-05
-6.975 2.875 7.3129e-05
-6.975 2.925 1.5008e-04
-6.975 2.975 3.0783e-04
-6.975 3.025 6.3024e-04
-6.975 3.075 1.2860e-03
-6.975 3.125 2.6101e-03
-6.975 3.175 5.2578e-03
-6.975 3.225 1.0485e-02
-6.975 3.275 2.0654e-02
-6.975 3.325 4.0125e-02
-6.975 3.375 7.6887e-02
-6.975 3.425 1.4566e-01
-6.975 3.475 2.7422e-01
-6.975 3.525 5.1634e-01
-6.975 3.575 9.7789e-01
-6.975 3.625 1.8644e+00
-6.975 3.675 3.5561e+00
-6.975 3.725 6.6895e+00
-6.975 3.775 1.2124e+01
-6.975 3.825 1.9522e+01
-6.975 3.875 0.0000e+00
-6.975 3.925 0.0000e+00
-6.975 3.975 0.0000e+00
-6.925 -1.975 0.0000e+00
-6.925 -1.925 0.0000e+00
-6.925 -1.875 0.0000e+00
-6.925 -1.825 0.0000e+00
-6.925 -1.775 0.0000e+00
-6.925 -1.725 0.0000e+00
-6.925 -1.675 0.0000e+00
-6.925 -1.625 0.0000e+00
-6.925 -1.575 0.0000e+00
-6.925 -1.525 0.0000e+00
-6.925 -1.475 0.0000e+00
-6.925 -1.425 0.0000e+00
-6.925 -1.375 0.0000e+00
-6.925 -1.325 0.0000e+00
-6.925 -1.275 0.0000e+00
-6.925 -1.225 0.0000e+00
-6.925 -1.175 0.0000e+00
-6.925 -1.125 0.0000e+00
-6.925 -1.075 0.0000e+00
-6.925 -1.025 0.0000e+00
-6.925 -0.975 0.0000e+00
-6.925 -0.925 0.0000e+00
-6.925 -0.875 0.0000e+00
-6.925 -0.825 0.0000e+00
-6.925 -0.775 0.0000e+00
-6.925 -0.725 0.0000e+00
-6.925 -0.675 0.0000e+00
-6.925 -0.625 0.0000e+00
-6.925 -0.575 0.0000e+00
-6.925 -0.525 0.0000e+00
-6.925 -0.475 0.0000e+00
-6.925 -0.425 0.0000e+00
-6.925 -0.375 0.0000e+00
-6.925 -0.325 0.0000e+00
-6.925 -0.275 0.0000e+00
-6.925 -0.225 0.0000e+00
-6.925 -0.175 0.0000e+00
-6.925 -0.125 0.0000e+00
-6.925 -0.075 0.0000e+00
-6.925 -0.025 0.0000e+00
-6.925 0.025 0.0000e+00
-6.925 0.075 0.0000e+00
-6.925 0.125 0.0000e+00
-6.925 0.175 0.0000e+00
-6.925 0.225 0.0000e+00
-6.925 0.275 0.0000e+00
-6.925 0.325 0.0000e+00
-6.925 0.375 0.0000e+00
-6.925 0.425 0.0000e+00
-6.925 0.475 0.0000e+00
-6.925 0.525 0.0000e+00
-6.925 0.575 0.0000e+00
-6.925 0.625 0.0000e+00
-6.925 0.675 0.0000e+00
-6.925 0.725 0.0000e+00
-6.925 0.775 1.6404e-17
-6.925 0.825 3.2744e-17
-6.925 0.875 6.5363e-17
-6.925 0.925 1.3049e-16
-6.925 0.975 2.6051e-16
-6.925 1.025 5.2013e-16
-6.925 1.075 1.0386e-15
-6.925 1.125 2.0739e-15
-6.925 1.175 4.1419e-15
-6.925 1.225 8.2729e-15
-6.925 1.275 1.6526e-14
-6.925 1.325 3.3018e-14
-6.925 1.375 6.5976e-14
-6.925 1.425 1.3186e-13
-6.925 1.475 2.6358e-13
-6.925 1.525 5.2701e-13
-6.925 1.575 1.0540e-12
-6.925 1.625 2.1085e-12
-6.925 1.675 4.2193e-12
-6.925 1.725 8.4462e-12
-6.925 1.775 1.6914e-11
-6.925 1.825 3.3887e-11
-6.925 1.875 6.7923e-11
-6.925 1.925 1.3622e-10
-6.925 1.975 2.7335e-10
-6.925 2.025 5.4889e-10
-6.925 2.075 1.1030e-09
-6.925 2.125 2.2182e-09
-6.925 2.175 4.4651e-09
-6.925 2.225 8.9967e-09
-6.925 2.275 1.8147e-08
-6.925 2.325 3.6646e-08
-6.925 2.375 7.4099e-08
-6.925 2.425 1.5004e-07
-6.925 2.475 3.0424e-07
-6.925 2.525 6.1790e-07
-6.925 2.575 1.2570e-06
-6.925 2.625 2.5614e-06
-6.925 2.675 5.2281e-06
-6.925 2.725 1.0689e-05
-6.925 2.775 2.1886e-05
-6.925 2.825 4.4869e-05
-6.925 2.875 9.2064e-05
-6.925 2.925 1.8895e-04
-6.925 2.975 3.8754e-04
-6.925 3.025 7.9342e-04
-6.925 3.075 1.6190e-03
-6.925 3.125 3.2860e-03
-6.925 3.175 6.6191e-03
-6.925 3.225 1.3200e-02
-6.925 3.275 2.6002e-02
-6.925 3.325 5.0515e-02
-6.925 3.375 9.6795e-02
-6.925 3.425 1.8338e-01
-6.925 3.475 3.4522e-01
-6.925 3.525 6.5004e-01
-6.925 3.575 1.2311e+00
-6.925 3.625 2.3472e+00
-6.925 3.675 4.4768e+00
-6.925 3.725 8.4216e+00
-6.925 3.775 1.5264e+01
-6.925 3.825 2.4577e+01
-6.925 3.875 0.0000e+00
-6.925 3.925 0.0000e+00
-6.925 3.975 0.0000e+00
-6.875 -1.975 0.0000e+00
-6.875 -1.925 0.0000e+00
-6.875 -1.875 0.0000e+00
-6.875 -1.825 0.0000e+00
-6.875 -1.775 0.0000e+00
-6.875 -1.725 0.0000e+00
-6.875 -1.675 0.0000e+00
-6.875 -1.625 0.0000e+00
-6.875 -1.575 0.0000e+00
-6.875 -1.525 0.0000e+00
-6.875 -1.475 0.0000e+00
-6.875 -1.425 0.0000e+00
-6.875 -1.375 0.0000e+00
-6.875 -1.325 0.0000e+00
-6.875 -1.275 0.0000e+00
-6.875 -1.225 0.0000e+00
-6.875 -1.175 0.0000e+00
-6.875 -1.125 0.0000e+00
-6.875 -1.075 0.0000e+00
-6.875 -1.025 0.0000e+00
-6.875 -0.975 0.0000e+00
-6.875 -0.925 0.0000e+00
-6.875 -0.875 0.0000e+00
-6.875 -0.825 0.0000e+00
-6.875 -0.775 0.0000e+00
-6.875 -0.725 0.0000e+00
-6.875 -0.675 0.0000e+00
-6.875 -0.625 0.0000e+00
-6.875 -0.575 0.0000e+00
-6.875 -0.525 0.0000e+00
-6.875 -0.475 0.0000e+00
-6.875 -0.425 0.0000e+00
-6.875 -0.375 0.0000e+00
-6.875 -0.325 0.0000e+00
-6.875 -0.275 0.0000e+00
-6.875 -0.225 0.0000e+00
-6.875 -0.175 0.0000e+00
-6.875 -0.125 0.0000e+00
-6.875 -0.075 0.0000e+00
-6.875 -0.025 0.0000e+00
-6.875 0.025 0.0000e+00
-6.875 0.075 0.0000e+00
-6.875 0.125 0.0000e+00
-6.875 0.175 0.0000e+00
-6.875 0.225 0.0000e+00
-6.875 0.275 0.0000e+00
-6.875 0.325 0.0000e+00
-6.875 0.375 0.0000e+00
-6.875 0.425 0.0000e+00
-6.875 0.475 0.0000e+00
-6.875 0.525 0.0000e+00
-6.875 0.575 0.0000e+00
-6.875 0.625 0.0000e+00
-6.875 0.675 0.0000e+00
-6.875 0.725 0.0000e+00
-6.875 0.775 2.0651e-17
-6.875 0.825 4.1222e-17
-6.875 0.875 8.2287e-17
-6.875 0.925 1.6427e-16
-6.875 0.975 3.2796e-16
-6.875 1.025 6.5480e-16
-6.875 1.075 1.3075e-15
-6.875 1.125 2.6109e-15
-6.875 1.175 5.2144e-15
-6.875 1.225 1.0415e-14
-6.875 1.275 2.0805e-14
-6.875 1.325 4.1567e-14
-6.875 1.375 8.3059e-14
-6.875 1.425 1.6600e-13
-6.875 1.475 3.3183e-13
-6.875 1.525 6.6347e-13
-6.875 1.575 1.3269e-12
-6.875 1.625 2.6544e-12
-6.875 1.675 5.3118e-12
-6.875 1.725 1.0633e-11
-6.875 1.775 2.1294e-11
-6.875 1.825 4.2661e-11
-6.875 1.875 8.5510e-11
-6.875 1.925 1.7149e-10
-6.875 1.975 3.4413e-10
-6.875 2.025 6.9101e-10
-6.875 2.075 1.3886e-09
-6.875 2.125 2.7926e-09
-6.875 2.175 5.6212e-09
-6.875 2.225 1.1326e-08
-6.875 2.275 2.2846e-08
-6.875 2.325 4.6135e-08
-6.875 2.375 9.3286e-08
-6.875 2.425 1.8888e-07
-6.875 2.475 3.8302e-07
-6.875 2.525 7.7789e-07
-6.875 2.575 1.5825e-06
-6.875 2.625 3.2246e-06
-6.875 2.675 6.5818e-06
-6.875 2.725 1.3456e-05
-6.875 2.775 2.7553e-05
-6.875 2.825 5.6486e-05
-6.875 2.875 1.1590e-04
-6.875 2.925 2.3787e-04
-6.875 2.975 4.8788e-04
-6.875 3.025 9.9886e-04
-6.875 3.075 2.0381e-03
-6.875 3.125 4.1368e-03
-6.875 3.175 8.3330e-03
-6.875 3.225 1.6618e-02
-6.875 3.275 3.2734e-02
-6.875 3.325 6.3594e-02
-6.875 3.375 1.2186e-01
-6.875 3.425 2.3086e-01
-6.875 3.475 4.3460e-01
-6.875 3.525 8.1835e-01
-6.875 3.575 1.5499e+00
-6.875 3.625 2.9549e+00
-6.875 3.675 5.6360e+00
-6.875 3.725 1.0602e+01
-6.875 3.775 1.9216e+01
-6.875 3.825 3.0941e+01
-6.875 3.875 0.0000e+00
-6.875 3.925 0.0000e+00
-6.875 3.975 0.0000e+00
-6.825 -1.975 0.0000e+00
-6.825 -1.925 0.0000e+00
-6.825 -1.875 0.0000e+00
-6.825 -1.825 0.0000e+00
-6.825 -1.775 0.0000e+00
-6.825 -1.725 0.0000e+00
-6.825 -1.675 0.0000e+00
-6.825 -1.625 0.0000e+00
-6.825 -1.575 0.0000e+00
-6.825 -1.525 0.0000e+00
-6.825 -1.475 0.0000e+00
-6.825 -1.425 0.0000e+00
-6.825 -1.375 0.0000e+00
-6.825 -1.325 0.0000e+00
-6.825 -1.275 0.0000e+00
-6.825 -1.225 0.0000e+00
-6.825 -1.175 0.0000e+00
-6.825 -1.125 0.0000e+00
-6.825 -1.075 0.0000e+00
-6.825 -1.025 0.0000e+00
-6.825 -0.975 0.0000e+00
-6.825 -0.925 0.0000e+00
-6.825 -0.875 0.0000e+00
-6.825 -0.825 0.0000e+00
-6.825 -0.775 0.0000e+00
-6.825 -0.725 0.0000e+00
-6.825 -0.675 0.0000e+00
-6.825 -0.625 0.0000e+00
-6.825 -0.575 0.0000e+00
-6.825 -0.525 0.0000e+00
-6.825 -0.475 0.0000e+00
-6.825 -0.425 0.0000e+00
-6.825 -0.375 0.0000e+00
-6.825 -0.325 0.0000e+00
-6.825 -0.275 0.0000e+00
-6.825 -0.225 0.0000e+00
-6.825 -0.175 0.0000e+00
-6.825 -0.125 0.0000e+00
-6.825 -0.075 0.0000e+00
-6.825 -0.025 0.0000e+00
-6.825 0.025 0.0000e+00
-6.825 0.075 0.0000e+00
-6.825 0.125 0.0000e+00
-6.825 0.175 0.0000e+00
-6.825 0.225 0.0000e+00
-6.825 0.275 0.0000e+00
-6.825 0.325 0.0000e+00
-6.825 0.375 0.0000e+00
-6.825 0.425 0.0000e+00
-6.825 0.475 0.0000e+00
-6.825 0.525 0.0000e+00
-6.825 0.575 0.0000e+00
-6.825 0.625 0.0000e+00
-6.825 0.675 0.0000e+00
-6.825 0.725 0.0000e+00
-6.825 0.775 2.5998e-17
-6.825 0.825 5.1895e-17
-6.825 0.875 1.0359e-16
-6.825 0.925 2.0681e-16
-6.825 0.975 4.1288e-16
-6.825 1.025 8.2434e-16
-6.825 1.075 1.6460e-15
-6.825 1.125 3.2870e-15
-6.825 1.175 6.5645e-15
-6.825 1.225 1.3112e-14
-6.825 1.275 2.6192e-14
-6.825 1.325 5.2329e-14
-6.825 1.375 1.0457e-13
-6.825 1.425 2.0898e-13
-6.825 1.475 4.1775e-13
-6.825 1.525 8.3526e-13
-6.825 1.575 1.6705e-12
-6.825 1.625 3.3417e-12
-6.825 1.675 6.6871e-12
-6.825 1.725 1.3386e-11
-6.825 1.775 2.6807e-11
-6.825 1.825 5.3707e-11
-6.825 1.875 1.0765e-10
-6.825 1.925 2.1589e-10
-6.825 1.975 4.3323e-10
-6.825 2.025 8.6993e-10
-6.825 2.075 1.7481e-09
-6.825 2.125 3.5157e-09
-6.825 2.175 7.0767e-09
-6.825 2.225 1.4259e-08
-6.825 2.275 2.8761e-08
-6.825 2.325 5.8081e-08
-6.825 2.375 1.1744e-07
-6.825 2.425 2.3779e-07
-6.825 2.475 4.8219e-07
-6.825 2.525 9.7931e-07
-6.825 2.575 1.9922e-06
-6.825 2.625 4.0595e-06
-6.825 2.675 8.2860e-06
-6.825 2.725 1.6941e-05
-6.825 2.775 3.4687e-05
-6.825 2.825 7.1112e-05
-6.825 2.875 1.4591e-04
-6.825 2.925 2.9946e-04
-6.825 2.975 6.1420e-04
-6.825 3.025 1.2575e-03
-6.825 3.075 2.5659e-03
-6.825 3.125 5.2079e-03
-6.825 3.175 1.0491e-02
-6.825 3.225 2.0921e-02
-6.825 3.275 4.1210e-02
-6.825 3.325 8.0061e-02
-6.825 3.375 1.5341e-01
-6.825 3.425 2.9064e-01
-6.825 3.475 5.4713e-01
-6.825 3.525 1.0302e+00
-6.825 3.575 1.9512e+00
-6.825 3.625 3.7200e+00
-6.825 3.675 7.0953e+00
-6.825 3.725 1.3347e+01
-6.825 3.775 2.4191e+01
-6.825 3.825 3.8952e+01
-6.825 3.875 0.0000e+00
-6.825 3.925 0.0000e+00
-6.825 3.975 0.0000e+00
-6.775 -1.975 0.0000e+00
-6.775 -1.925 0.0000e+00
-6.775 -1.875 0.0000e+00
-6.775 -1.825 0.0000e+00
-6.775 -1.775 0.0000e+00
-6.775 -1.725 0.0000e+00
-6.775 -1.675 0.0000e+00
-6.775 -1.625 0.0000e+00
-6.775 -1.575 0.0000e+00
-6.775 -1.525 0.0000e+00
-6.775 -1.475 0.0000e+00
-6.775 -1.425 0.0000e+00
-6.775 -1.375 0.0000e+00
-6.775 -1.325 0.0000e+00
-6.775 -1.275 0.0000e+00
-6.775 -1.225 0.0000e+00
-6.775 -1.175 0.0000e+00
-6.775 -1.125 0.0000e+00
-6.775 -1.075 0.0000e+00
-6.775 -1.025 0.0000e+00
-6.775 -0.975 0.0000e+00
-6.775 -0.925 0.0000e+00
-6.775 -0.875 0.0000e+00
-6.775 -0.825 0.0000e+00
-6.775 -0.775 0.0000e+00
-6.775 -0.725 0.0000e+00
-6.775 -0.675 0.0000e+00
-6.775 -0.625 0.0000e+00
-6.775 -0.575 0.0000e+00
-6.775 -0.525 0.0000e+00
-6.775 -0.475 0.0000e+00
-6.775 -0.425 0.0000e+00
-6.775 -0.375 0.0000e+00
-6.775 -0.325 0.0000e+00
-6.775 -0.275 0.0000e+00
-6.775 -0.225 0.0000e+00
-6.775 -0.175 0.0000e+00
-6.775 -0.125 0.0000e+00
-6.775 -0.075 0.0000e+00
-6.775 -0.025 0.0000e+00
-6.775 0.025 0.0000e+00
-6.775 0.075 0.0000e+00
-6.775 0.125 0.0000e+00
-6.775 0.175 0.0000e+00
-6.775 0.225 0.0000e+00
-6.775 0.275 0.0000e+00
-6.775 0.325 0.0000e+00
-6.775 0.375 0.0000e+00
-6.775 0.425 0.0000e+00
-6.775 0.475 0.0000e+00
-6.775 0.525 0.0000e+00
-6.775 0.575 0.0000e+00
-6.775 0.625 0.0000e+00
-6.775 0.675 0.0000e+00
-6.775 0.725 0.0000e+00
-6.775 0.775 3.2730e-17
-6.775 0.825 6.5332e-17
-6.775 0.875 1.3042e-16
-6.775 0.925 2.6035e-16
-6.775 0.975 5.1978e-16
-6.775 1.025 1.0378e-15
-6.775 1.075 2.0722e-15
-6.775 1.125 4.1380e-15
-6.775 1.175 8.2642e-15
-6.775 1.225 1.6507e-14
-6.775 1.275 3.2974e-14
-6.775 1.325 6.5879e-14
-6.775 1.375 1.3164e-13
-6.775 1.425 2.6309e-13
-6.775 1.475 5.2592e-13
-6.775 1.525 1.0515e-12
-6.775 1.575 2.1030e-12
-6.775 1.625 4.2070e-12
-6.775 1.675 8.4186e-12
-6.775 1.725 1.6852e-11
-6.775 1.775 3.3748e-11
-6.775 1.825 6.7613e-11
-6.775 1.875 1.3552e-10
-6.775 1.925 2.7179e-10
-6.775 1.975 5.4540e-10
-6.775 2.025 1.0952e-09
-6.775 2.075 2.2007e-09
-6.775 2.125 4.4260e-09
-6.775 2.175 8.9091e-09
-6.775 2.225 1.7951e-08
-6.775 2.275 3.6208e-08
-6.775 2.325 7.3119e-08
-6.775 2.375 1.4785e-07
-6.775 2.425 2.9936e-07
-6.775 2.475 6.0704e-07
-6.775 2.525 1.2329e-06
-6.775 2.575 2.5080e-06
-6.775 2.625 5.1106e-06
-6.775 2.675 1.0431e-05
-6.775 2.725 2.1327e-05
-6.775 2.775 4.3668e-05
-6.775 2.825 8.9525e-05
-6.775 2.875 1.8369e-04
-6.775 2.925 3.7700e-04
-6.775 2.975 7.7324e-04
-6.775 3.025 1.5831e-03
-6.775 3.075 3.2302e-03
-6.775 3.125 6.5564e-03
-6.775 3.175 1.3207e-02
-6.775 3.225 2.6338e-02
-6.775 3.275 5.1880e-02
-6.775 3.325 1.0079e-01
-6.775 3.375 1.9313e-01
-6.775 3.425 3.6589e-01
-6.775 3.475 6.8880e-01
-6.775 3.525 1.2970e+00
-6.775 3.575 2.4564e+00
-6.775 3.625 4.6832e+00
-6.775 3.675 8.9324e+00
-6.775 3.725 1.6803e+01
-6.775 3.775 3.0455e+01
-6.775 3.825 4.9037e+01
-6.775 3.875 0.0000e+00
-6.775 3.925 0.0000e+00
-6.775 3.975 0.0000e+00
-6.725 -1.975 0.0000e+00
-6.725 -1.925 0.0000e+00
-6.725 -1.875 0.0000e+00
-6.725 -1.825 0.0000e+00
-6.725 -1.775 0.0000e+00
-6.725 -1.725 0.0000e+00
-6.725 -1.675 0.0000e+00
-6.725 -1.625 0.0000e+00
-6.725 -1.575 0.0000e+00
-6.725 -1.525 0.0000e+00
-6.725 -1.475 0.0000e+00
-6.725 -1.425 0.0000e+00
-6.725 -1.375 0.0000e+00
-6.725 -1.325 0.0000e+00
-6.725 -1.275 0.0000e+00
-6.725 -1.225 0.0000e+00
-6.725 -1.175 0.0000e+00
-6.725 -1.125 0.0000e+00
-6.725 -1.075 0.0000e+00
-6.725 -1.025 0.0000e+00
-6.725 -0.975 0.0000e+00
-6.725 -0.925 0.0000e+00
-6.725 -0.875 0.0000e+00
-6.725 -0.825 0.0000e+00
-6.725 -0.775 0.0000e+00
-6.725 -0.725 0.0000e+00
-6.725 -0.675 0.0000e+00
-6.725 -0.625 0.0000e+00
-6.725 -0.575 0.0000e+00
-6.725 -0.525 0.0000e+00
-6.725 -0.475 0.0000e+00
-6.725 -0.425 0.0000e+00
-6.725 -0.375 0.0000e+00
-6.725 -0.325 0.0000e+00
-6.725 -0.275 0.0000e+00
-6.725 -0.225 0.0000e+00
-6.725 -0.175 0.0000e+00
-6.725 -0.125 0.0000e+00
-6.725 -0.075 0.0000e+00
-6.725 -0.025 0.0000e+00
-6.725 0.025 0.0000e+00
-6.725 0.075 0.0000e+00
-6.725 0.125 0.0000e+00
-6.725 0.175 0.0000e+00
-6.725 0.225 0.0000e+00
-6.725 0.275 0.0000e+00
-6.725 0.325 0.0000e+00
-6.725 0.375 0.0000e+00
-6.725 0.425 0.0000e+00
-6.725 0.475 0.0000e+00
-6.725 0.525 0.0000e+00
-6.725 0.575 0.0000e+00
-6.725 0.625 0.0000e+00
-6.725 0.675 0.0000e+00
-6.725 0.725 0.0000e+00
-6.725 0.775 4.1205e-17
-6.725 0.825 8.2248e-17
-6.725 0.875 1.6418e-16
-6.725 0.925 3.2776e-16
-6.725 0.975 6.5436e-16
-6.725 1.025 1.3065e-15
-6.725 1.075 2.6087e-15
-6.725 1.125 5.2095e-15
-6.725 1.175 1.0404e-14
-6.725 1.225 2.0781e-14
-6.725 1.275 4.1512e-14
-6.725 1.325 8.2936e-14
-6.725 1.375 1.6573e-13
-6.725 1.425 3.3121e-13
-6.725 1.475 6.6209e-13
-6.725 1.525 1.3238e-12
-6.725 1.575 2.6475e-12
-6.725 1.625 5.2963e-12
-6.725 1.675 1.0598e-11
-6.725 1.725 2.1216e-11
-6.725 1.775 4.2486e-11
-6.725 1.825 8.5119e-11
-6.725 1.875 1.7061e-10
-6.725 1.925 3.4217e-10
-6.725 1.975 6.8662e-10
-6.725 2.025 1.3787e-09
-6.725 2.075 2.7706e-09
-6.725 2.125 5.5719e-09
-6.725 2.175 1.1216e-08
-6.725 2.225 2.2599e-08
-6.725 2.275 4.5583e-08
-6.725 2.325 9.2052e-08
-6.725 2.375 1.8613e-07
-6.725 2.425 3.7687e-07
-6.725 2.475 7.6422e-07
-6.725 2.525 1.5521e-06
-6.725 2.575 3.1574e-06
-6.725 2.625 6.4339e-06
-6.725 2.675 1.3132e-05
-6.725 2.725 2.6849e-05
-6.725 2.775 5.4975e-05
-6.725 2.825 1.1270e-04
-6.725 2.875 2.3125e-04
-6.725 2.925 4.7461e-04
-6.725 2.975 9.7345e-04
-6.725 3.025 1.9930e-03
-6.725 3.075 4.0666e-03
-6.725 3.125 8.2540e-03
-6.725 3.175 1.6627e-02
-6.725 3.225 3.3157e-02
-6.725 3.275 6.5313e-02
-6.725 3.325 1.2689e-01
-6.725 3.375 2.4314e-01
-6.725 3.425 4.6063e-01
-6.725 3.475 8.6715e-01
-6.725 3.525 1.6328e+00
-6.725 3.575 3.0924e+00
-6.725 3.625 5.8958e+00
-6.725 3.675 1.1245e+01
-6.725 3.725 2.1154e+01
-6.725 3.775 3.8341e+01
-6.725 3.825 6.1734e+01
-6.725 3.875 0.0000e+00
-6.725 3.925 0.0000e+00
-6.725 3.975 0.0000e+00
-6.675 -1.975 0.0000e+00
-6.675 -1.925 0.0000e+00
-6.675 -1.875 0.0000e+00
-6.675 -1.825 0.0000e+00
-6.675 -1.775 0.0000e+00
-6.675 -1.725 0.0000e+00
-6.675 -1.675 0.0000e+00
-6.675 -1.625 0.0000e+00
-6.675 -1.575 0.0000e+00
-6.675 -1.525 0.0000e+00
-6.675 -1.475 0.0000e+00
-6.675 -1.425 0.0000e+00
-6.675 -1.375 0.0000e+00
-6.675 -1.325 0.0000e+00
-6.675 -1.275 0.0000e+00
-6.675 -1.225 0.0000e+00
-6.675 -1.175 0.0000e+00
-6.675 -1.125 0.0000e+00
-6.675 -1.075 0.0000e+00
-6.675 -1.025 0.0000e+00
-6.675 -0.975 0.0000e+00
-6.675 -0.925 0.0000e+00
-6.675 -0.875 0.0000e+00
-6.675 -0.825 0.0000e+00
-6.675 -0.775 0.0000e+00
-6.675 -0.725 0.0000e+00
-6.675 -0.675 0.0000e+00
-6.675 -0.625 0.0000e+00
-6.675 -0.575 0.0000e+00
-6.675 -0.525 0.0000e+00
-6.675 -0.475 0.0000e+00
-6.675 -0.425 0.0000e+00
-6.675 -0.375 0.0000e+00
-6.675 -0.325 0.0000e+00
-6.675 -0.275 0.0000e+00
-6.675 -0.225 0.0000e+00
-6.675 -0.175 0.0000e+00
-6.675 -0.125 0.0000e+00
-6.675 -0.075 0.0000e+00
-6.675 -0.025 0.0000e+00
-6.675 0.025 0.0000e+00
-6.675 0.075 0.0000e+00
-6.675 0.125 0.0000e+00
-6.675 0.175 0.0000e+00
-6.675 0.225 0.0000e+00
-6.675 0.275 0.0000e+00
-6.675 0.325 0.0000e+00
-6.675 0.375 0.0000e+00
-6.675 0.425 0.0000e+00
-6.675 0.475 0.0000e+00
-6.675 0.525 0.0000e+00
-6.675 0.575 0.0000e+00
-6.675 0.625 0.0000e+00
-6.675 0.675 0.0000e+00
-6.675 0.725 0.0000e+00
-6.675 0.775 5.1873e-17
-6.675 0.825 1.0354e-16
-6.675 0.875 2.0670e-16
-6.675 0.925 4.1263e-16
-6.675 0.975 8.2380e-16
-6.675 1.025 1.6448e-15
-6.675 1.075 3.2842e-15
-6.675 1.125 6.5584e-15
-6.675 1.175 1.3098e-14
-6.675 1.225 2.6161e-14
-6.675 1.275 5.2260e-14
-6.675 1.325 1.0441e-13
-6.675 1.375 2.0864e-13
-6.675 1.425 4.1697e-13
-6.675 1.475 8.3352e-13
-6.675 1.525 1.6666e-12
-6.675 1.575 3.3330e-12
-6.675 1.625 6.6676e-12
-6.675 1.675 1.3343e-11
-6.675 1.725 2.6709e-11
-6.675 1.775 5.3487e-11
-6.675 1.825 1.0716e-10
-6.675 1.875 2.1479e-10
-6.675 1.925 4.3076e-10
-6.675 1.975 8.6440e-10
-6.675 2.025 1.7357e-09
-6.675 2.075 3.4879e-09
-6.675 2.125 7.0147e-09
-6.675 2.175 1.4120e-08
-6.675 2.225 2.8450e-08
-6.675 2.275 5.7386e-08
-6.675 2.325 1.1589e-07
-6.675 2.375 2.3432e-07
-6.675 2.425 4.7446e-07
-6.675 2.475 9.6210e-07
-6.675 2.525 1.9540e-06
-6.675 2.575 3.9749e-06
-6.675 2.625 8.0998e-06
-6.675 2.675 1.6533e-05
-6.675 2.725 3.3801e-05
-6.675 2.775 6.9209e-05
-6.675 2.825 1.4189e-04
-6.675 2.875 2.9113e-04
-6.675 2.925 5.9750e-04
-6.675 2.975 1.2255e-03
-6.675 3.025 2.5090e-03
-6.675 3.075 5.1196e-03
-6.675 3.125 1.0391e-02
-6.675 3.175 2.0932e-02
-6.675 3.225 4.1742e-02
-6.675 3.275 8.2225e-02
-6.675 3.325 1.5974e-01
-6.675 3.375 3.0609e-01
-6.675 3.425 5.7990e-01
-6.675 3.475 1.0917e+00
-6.675 3.525 2.0556e+00
-6.675 3.575 3.8931e+00
-6.675 3.625 7.4224e+00
-6.675 3.675 1.4157e+01
-6.675 3.725 2.6632e+01
-6.675 3.775 4.8268e+01
-6.675 3.825 7.7719e+01
-6.675 3.875 0.0000e+00
-6.675 3.925 0.0000e+00
-6.675 3.975 0.0000e+00
-6.625 -1.975 0.0000e+00
-6.625 -1.925 0.0000e+00
-6.625 -1.875 0.0000e+00
-6.625 -1.825 0.0000e+00
-6.625 -1.775 0.0000e+00
-6.625 -1.725 0.0000e+00
-6.625 -1.675 0.0000e+00
-6.625 -1.625 0.0000e+00
-6.625 -1.575 0.0000e+00
-6.625 -1.525 0.0000e+00
-6.625 -1.475 0.0000e+00
-6.625 -1.425 0.0000e+00
-6.625 -1.375 0.0000e+00
-6.625 -1.325 0.0000e+00
-6.625 -1.275 0.0000e+00
-6.625 -1.225 0.0000e+00
-6.625 -1.175 0.0000e+00
-6.625 -1.125 0.0000e+00
-6.625 -1.075 0.0000e+00
-6.625 -1.025 0.0000e+00
-6.625 -0.975 0.0000e+00
-6.625 -0.925 0.0000e+00
-6.625 -0.875 0.0000e+00
-6.625 -0.825 0.0000e+00
-6.625 -0.775 0.0000e+00
-6.625 -0.725 0.0000e+00
-6.625 -0.675 0.0000e+00
-6.625 -0.625 0.0000e+00
-6.625 -0.575 0.0000e+00
-6.625 -0.525 0.0000e+00
-6.625 -0.475 0.0000e+00
-6.625 -0.425 0.0000e+00
-6.625 -0.375 0.0000e+00
-6.625 -0.325 0.0000e+00
-6.625 -0.275 0.0000e+00
-6.625 -0.225 0.0000e+00
-6.625 -0.175 0.0000e+00
-6.625 -0.125 0.0000e+00
-6.625 -0.075 0.0000e+00
-6.625 -0.025 0.0000e+00
-6.625 0.025 0.0000e+00
-6.625 0.075 0.0000e+00
-6.625 0.125 0.0000e+00
-6.625 0.175 0.0000e+00
-6.625 0.225 0.0000e+00
-6.625 0.275 0.0000e+00
-6.625 0.325 0.0000e+00
-6.625 0.375 0.0000e+00
-6.625 0.425 0.0000e+00
-6.625 0.475 0.0000e+00
-6.625 0.525 0.0000e+00
-6.625 0.575 0.0000e+00
-6.625 0.625 0.0000e+00
-6.625 0.675 0.0000e+00
-6.625 0.725 0.0000e+00
-6.625 0.775 6.5305e-17
-6.625 0.825 1.3035e-16
-6.625 0.875 2.6021e-16
-6.625 0.925 5.1947e-16
-6.625 0.975 1.0371e-15
-6.625 1.025 2.0707e-15
-6.625 1.075 4.1346e-15
-6.625 1.125 8.2565e-15
-6.625 1.175 1.6489e-14
-6.625 1.225 3.2935e-14
-6.625 1.275 6.5792e-14
-6.625 1.325 1.3145e-13
-6.625 1.375 2.6266e-13
-6.625 1.425 5.2494e-13
-6.625 1.475 1.0493e-12
-6.625 1.525 2.0981e-12
-6.625 1.575 4.1960e-12
-6.625 1.625 8.3940e-12
-6.625 1.675 1.6797e-11
-6.625 1.725 3.3625e-11
-6.625 1.775 6.7337e-11
-6.625 1.825 1.3491e-10
-6.625 1.875 2.7041e-10
-6.625 1.925 5.4230e-10
-6.625 1.975 1.0882e-09
-6.625 2.025 2.1852e-09
-6.625 2.075 4.3911e-09
-6.625 2.125 8.8309e-09
-6.625 2.175 1.7776e-08
-6.625 2.225 3.5816e-08
-6.625 2.275 7.2244e-08
-6.625 2.325 1.4589e-07
-6.625 2.375 2.9500e-07
-6.625 2.425 5.9731e-07
-6.625 2.475 1.2112e-06
-6.625 2.525 2.4599e-06
-6.625 2.575 5.0042e-06
-6.625 2.625 1.0197e-05
-6.625 2.675 2.0814e-05
-6.625 2.725 4.2553e-05
-6.625 2.775 8.7129e-05
-6.625 2.825 1.7863e-04
-6.625 2.875 3.6651e-04
-6.625 2.925 7.5221e-04
-6.625 2.975 1.5428e-03
-6.625 3.025 3.1587e-03
-6.625 3.075 6.4452e-03
-6.625 3.125 1.3082e-02
-6.625 3.175 2.6351e-02
-6.625 3.225 5.2551e-02
-6.625 3.275 1.0351e-01
-6.625 3.325 2.0110e-01
-6.625 3.375 3.8535e-01
-6.625 3.425 7.3005e-01
-6.625 3.475 1.3743e+00
-6.625 3.525 2.5879e+00
-6.625 3.575 4.9011e+00
-6.625 3.625 9.3443e+00
-6.625 3.675 1.7822e+01
-6.625 3.725 3.3527e+01
-6.625 3.775 6.0766e+01
-6.625 3.825 9.7842e+01
-6.625 3.875 0.0000e+00
-6.625 3.925 0.0000e+00
-6.625 3.975 0.0000e+00
-6.575 -1.975 0.0000e+00
-6.575 -1.925 0.0000e+00
-6.575 -1.875 0.0000e+00
-6.575 -1.825 0.0000e+00
-6.575 -1.775 0.0000e+00
-6.575 -1.725 0.0000e+00
-6.575 -1.675 0.0000e+00
-6.575 -1.625 0.0000e+00
-6.575 -1.575 0.0000e+00
-6.575 -1.525 0.0000e+00
-6.575 -1.475 0.0000e+00
-6.575 -1.425 0.0000e+00
-6.575 -1.375 0.0000e+00
-6.575 -1.325 0.0000e+00
-6.575 -1.275 0.0000e+00
-6.575 -1.225 0.0000e+00
-6.575 -1.175 0.0000e+00
-6.575 -1.125 0.0000e+00
-6.575 -1.075 0.0000e+00
-6.575 -1.025 0.0000e+00
-6.575 -0.975 0.0000e+00
-6.575 -0.925 0.0000e+00
-6.575 -0.875 0.0000e+00
-6.575 -0.825 0.0000e+00
-6.575 -0.775 0.0000e+00
-6.575 -0.725 0.0000e+00
-6.575 -0.675 0.0000e+00
-6.575 -0.625 0.0000e+00
-6.575 -0.575 0.0000e+00
-6.575 -0.525 0.0000e+00
-6.575 -0.475 0.0000e+00
-6.575 -0.425 0.0000e+00
-6.575 -0.375 0.0000e+00
-6.575 -0.325 0.0000e+00
-6.575 -0.275 0.0000e+00
-6.575 -0.225 0.0000e+00
-6.575 -0.175 0.0000e+00
-6.575 -0.125 0.0000e+00
-6.575 -0.075 0.0000e+00
-6.575 -0.025 0.0000e+00
-6.575 0.025 0.0000e+00
-6.575 0.075 0.0000e+00
-6.575 0.125 0.0000e+00
-6.575 0.175 0.0000e+00
-6.575 0.225 0.0000e+00
-6.575 0.275 0.0000e+00
-6.575 0.325 0.0000e+00
-6.575 0.375 0.0000e+00
-6.575 0.425 0.0000e+00
-6.575 0.475 0.0000e+00
-6.575 0.525 0.0000e+00
-6.575 0.575 0.0000e+00
-6.575 0.625 0.0000e+00
-6.575 0.675 0.0000e+00
-6.575 0.725 0.0000e+00
-6.575 0.775 8.2214e-17
-6.575 0.825 1.6411e-16
-6.575 0.875 3.2759e-16
-6.575 0.925 6.5398e-16
-6.575 0.975 1.3056e-15
-6.575 1.025 2.6068e-15
-6.575 1.075 5.2051e-15
-6.575 1.125 1.0394e-14
-6.575 1.175 2.0759e-14
-6.575 1.225 4.1463e-14
-6.575 1.275 8.2827e-14
-6.575 1.325 1.6548e-13
-6.575 1.375 3.3067e-13
-6.575 1.425 6.6086e-13
-6.575 1.475 1.3210e-12
-6.575 1.525 2.6413e-12
-6.575 1.575 5.2824e-12
-6.575 1.625 1.0567e-11
-6.575 1.675 2.1147e-11
-6.575 1.725 4.2331e-11
-6.575 1.775 8.4772e-11
-6.575 1.825 1.6984e-10
-6.575 1.875 3.4042e-10
-6.575 1.925 6.8271e-10
-6.575 1.975 1.3700e-09
-6.575 2.025 2.7510e-09
-6.575 2.075 5.5280e-09
-6.575 2.125 1.1117e-08
-6.575 2.175 2.2379e-08
-6.575 2.225 4.5090e-08
-6.575 2.275 9.0950e-08
-6.575 2.325 1.8367e-07
-6.575 2.375 3.7138e-07
-6.575 2.425 7.5196e-07
-6.575 2.475 1.5248e-06
-6.575 2.525 3.0968e-06
-6.575 2.575 6.2999e-06
-6.575 2.625 1.2837e-05
-6.575 2.675 2.6203e-05
-6.575 2.725 5.3571e-05
-6.575 2.775 1.0969e-04
-6.575 2.825 2.2488e-04
-6.575 2.875 4.6141e-04
-6.575 2.925 9.4697e-04
-6.575 2.975 1.9423e-03
-6.575 3.025 3.9765e-03
-6.575 3.075 8.1140e-03
-6.575 3.125 1.6469e-02
-6.575 3.175 3.3174e-02
-6.575 3.225 6.6157e-02
-6.575 3.275 1.3032e-01
-6.575 3.325 2.5317e-01
-6.575 3.375 4.8512e-01
-6.575 3.425 9.1908e-01
-6.575 3.475 1.7302e+00
-6.575 3.525 3.2579e+00
-6.575 3.575 6.1701e+00
-6.575 3.625 1.1764e+01
-6.575 3.675 2.2437e+01
-6.575 3.725 4.2208e+01
-6.575 3.775 7.6500e+01
-6.575 3.825 1.2318e+02
-6.575 3.875 0.0000e+00
-6.575 3.925 0.0000e+00
-6.575 3.975 0.0000e+00
-6.525 -1.975 0.0000e+00
-6.525 -1.925 0.0000e+00
-6.525 -1.875 0.0000e+00
-6.525 -1.825 0.0000e+00
-6.525 -1.775 0.0000e+00
-6.525 -1.725 0.0000e+00
-6.525 -1.675 0.0000e+00
-6.525 -1.625 0.0000e+00
-6.525 -1.575 0.0000e+00
-6.525 -1.525 0.0000e+00
-6.525 -1.475 0.0000e+00
-6.525 -1.425 0.0000e+00
-6.525 -1.375 0.0000e+00
-6.525 -1.325 0.0000e+00
-6.525 -1.275 0.0000e+00
-6.525 -1.225 0.0000e+00
-6.525 -1.175 0.0000e+00
-6.525 -1.125 0.0000e+00
-6.525 -1.075 0.0000e+00
-6.525 -1.025 0.0000e+00
-6.525 -0.975 0.0000e+00
-6.525 -0.925 0.0000e+00
-6.525 -0.875 0.0000e+00
-6.525 -0.825 0.0000e+00
-6.525 -0.775 0.0000e+00
-6.525 -0.725 0.0000e+00
-6.525 -0.675 0.0000e+00
-6.525 -0.625 0.0000e+00
-6.525 -0.575 0.0000e+00
-6.525 -0.525 0.0000e+00
-6.525 -0.475 0.0000e+00
-6.525 -0.425 0.0000e+00
-6.525 -0.375 0.0000e+00
-6.525 -0.325 0.0000e+00
-6.525 -0.275 0.0000e+00
-6.525 -0.225 0.0000e+00
-6.525 -0.175 0.0000e+00
-6.525 -0.125 0.0000e+00
-6.525 -0.075 0.0000e+00
-6.525 -0.025 0.0000e+00
-6.525 0.025 0.0000e+00
-6.525 0.075 0.0000e+00
-6.525 0.125 0.0000e+00
-6.525 0.175 0.0000e+00
-6.525 0.225 0.0000e+00
-6.525 0.275 0.0000e+00
-6.525 0.325 0.0000e+00
-6.525 0.375 0.0000e+00
-6.525 0.425 0.0000e+00
-6.525 0.475 0.0000e+00
-6.525 0.525 0.0000e+00
-6.525 0.575 0.0000e+00
-6.525 0.625 0.0000e+00
-6.525 0.675 0.0000e+00
-6.525 0.725 0.0000e+00
-6.525 0.775 1.0350e-16
-6.525 0.825 2.0660e-16
-6.525 0.875 4.1241e-16
-6.525 0.925 8.2331e-16
-6.525 0.975 1.6437e-15
-6.525 1.025 3.2818e-15
-6.525 1.075 6.5529e-15
-6.525 1.125 1.3086e-14
-6.525 1.175 2.6134e-14
-6.525 1.225 5.2199e-14
-6.525 1.275 1.0427e-13
-6.525 1.325 2.0833e-13
-6.525 1.375 4.1628e-13
-6.525 1.425 8.3197e-13
-6.525 1.475 1.6631e-12
-6.525 1.525 3.3252e-12
-6.525 1.575 6.6502e-12
-6.525 1.625 1.3304e-11
-6.525 1.675 2.6622e-11
-6.525 1.725 5.3292e-11
-6.525 1.775 1.0672e-10
-6.525 1.825 2.1381e-10
-6.525 1.875 4.2856e-10
-6.525 1.925 8.5948e-10
-6.525 1.975 1.7247e-09
-6.525 2.025 3.4633e-09
-6.525 2.075 6.9594e-09
-6.525 2.125 1.3996e-08
-6.525 2.175 2.8173e-08
-6.525 2.225 5.6765e-08
-6.525 2.275 1.1450e-07
-6.525 2.325 2.3122e-07
-6.525 2.375 4.6754e-07
-6.525 2.425 9.4667e-07
-6.525 2.475 1.9196e-06
-6.525 2.525 3.8987e-06
-6.525 2.575 7.9310e-06
-6.525 2.625 1.6161e-05
-6.525 2.675 3.2987e-05
-6.525 2.725 6.7442e-05
-6.525 2.775 1.3809e-04
-6.525 2.825 2.8310e-04
-6.525 2.875 5.8088e-04
-6.525 2.925 1.1922e-03
-6.525 2.975 2.4452e-03
-6.525 3.025 5.0061e-03
-6.525 3.075 1.0215e-02
-6.525 3.125 2.0733e-02
-6.525 3.175 4.1764e-02
-6.525 3.225 8.3287e-02
-6.525 3.275 1.6406e-01
-6.525 3.325 3.1873e-01
-6.525 3.375 6.1073e-01
-6.525 3.425 1.1570e+00
-6.525 3.475 2.1782e+00
-6.525 3.525 4.1015e+00
-6.525 3.575 7.7677e+00
-6.525 3.625 1.4810e+01
-6.525 3.675 2.8247e+01
-6.525 3.725 5.3137e+01
-6.525 3.775 9.6307e+01
-6.525 3.825 1.5507e+02
-6.525 3.875 0.0000e+00
-6.525 3.925 0.0000e+00
-6.525 3.975 0.0000e+00
-6.475 -1.975 0.0000e+00
-6.475 -1.925 0.0000e+00
-6.475 -1.875 0.0000e+00
-6.475 -1.825 0.0000e+00
-6.475 -1.775 0.0000e+00
-6.475 -1.725 0.0000e+00
-6.475 -1.675 0.0000e+00
-6.475 -1.625 0.0000e+00
-6.475 -1.575 0.0000e+00
-6.475 -1.525 0.0000e+00
-6.475 -1.475 0.0000e+00
-6.475 -1.425 0.0000e+00
-6.475 -1.375 0.0000e+00
-6.475 -1.325 0.0000e+00
-6.475 -1.275 0.0000e+00
-6.475 -1.225 0.0000e+00
-6.475 -1.175 0.0000e+00
-6.475 -1.125 0.0000e+00
-6.475 -1.075 0.0000e+00
-6.475 -1.025 0.0000e+00
-6.475 -0.975 0.0000e+00
-6.475 -0.925 0.0000e+00
-6.475 -0.875 0.0000e+00
-6.475 -0.825 0.0000e+00
-6.475 -0.775 0.0000e+00
-6.475 -0.725 0.0000e+00
-6.475 -0.675 0.0000e+00
-6.475 -0.625 0.0000e+00
-6.475 -0.575 0.0000e+00
-6.475 -0.525 0.0000e+00
-6.475 -0.475 0.0000e+00
-6.475 -0.425 0.0000e+00
-6.475 -0.375 0.0000e+00
-6.475 -0.325 0.0000e+00
-6.475 -0.275 0.0000e+00
-6.475 -0.225 0.0000e+00
-6.475 -0.175 0.0000e+00
-6.475 -0.125 0.0000e+00
-6.475 -0.075 0.0000e+00
-6.475 -0.025 0.0000e+00
-6.475 0.025 0.0000e+00
-6.475 0.075 0.0000e+00
-6.475 0.125 0.0000e+00
-6.475 0.175 0.0000e+00
-6.475 0.225 0.0000e+00
-6.475 0.275 0.0000e+00
-6.475 0.325 0.0000e+00
-6.475 0.375 0.0000e+00
-6.475 0.425 0.0000e+00
-6.475 0.475 0.0000e+00
-6.475 0.525 0.0000e+00
-6.475 0.575 0.0000e+00
-6.475 0.625 0.0000e+00
-6.475 0.675 0.0000e+00
-6.475 0.725 0.0000e+00
-6.475 0.775 1.3030e-16
-6.475 0.825 2.6009e-16
-6.475 0.875 5.1920e-16
-6.475 0.925 1.0365e-15
-6.475 0.975 2.0693e-15
-6.475 1.025 4.1315e-15
-6.475 1.075 8.2496e-15
-6.475 1.125 1.6474e-14
-6.475 1.175 3.2901e-14
-6.475 1.225 6.5714e-14
-6.475 1.275 1.3127e-13
-6.475 1.325 2.6227e-13
-6.475 1.375 5.2407e-13
-6.475 1.425 1.0474e-12
-6.475 1.475 2.0937e-12
-6.475 1.525 4.1862e-12
-6.475 1.575 8.3721e-12
-6.475 1.625 1.6748e-11
-6.475 1.675 3.3515e-11
-6.475 1.725 6.7090e-11
-6.475 1.775 1.3435e-10
-6.475 1.825 2.6917e-10
-6.475 1.875 5.3953e-10
-6.475 1.925 1.0820e-09
-6.475 1.975 2.1713e-09
-6.475 2.025 4.3600e-09
-6.475 2.075 8.7613e-09
-6.475 2.125 1.7620e-08
-6.475 2.175 3.5468e-08
-6.475 2.225 7.1463e-08
-6.475 2.275 1.4415e-07
-6.475 2.325 2.9109e-07
-6.475 2.375 5.8859e-07
-6.475 2.425 1.1918e-06
-6.475 2.475 2.4167e-06
-6.475 2.525 4.9082e-06
-6.475 2.575 9.9846e-06
-6.475 2.625 2.0346e-05
-6.475 2.675 4.1528e-05
-6.475 2.725 8.4904e-05
-6.475 2.775 1.7385e-04
-6.475 2.825 3.5640e-04
-6.475 2.875 7.3129e-04
-6.475 2.925 1.5008e-03
-6.475 2.975 3.0783e-03
-6.475 3.025 6.3024e-03
-6.475 3.075 1.2860e-02
-6.475 3.125 2.6101e-02
-6.475 3.175 5.2578e-02
-6.475 3.225 1.0485e-01
-6.475 3.275 2.0654e-01
-6.475 3.325 4.0125e-01
-6.475 3.375 7.6887e-01
-6.475 3.425 1.4566e+00
-6.475 3.475 2.7422e+00
-6.475 3.525 5.1635e+00
-6.475 3.575 9.7789e+00
-6.475 3.625 1.8644e+01
-6.475 3.675 3.5561e+01
-6.475 3.725 6.6895e+01
-6.475 3.775 1.2124e+02
-6.475 3.825 1.9522e+02
-6.475 3.875 0.0000e+00
-6.475 3.925 0.0000e+00
-6.475 3.975 0.0000e+00
-6.425 -1.975 0.0000e+00
-6.425 -1.925 0.0000e+00
-6.425 -1.875 0.0000e+00
-6.425 -1.825 0.0000e+00
-6.425 -1.775 0.0000e+00
-6.425 -1.725 0.0000e+00
-6.425 -1.675 0.0000e+00
-6.425 -1.625 0.0000e+00
-6.425 -1.575 0.0000e+00
-6.425 -1.525 0.0000e+00
-6.425 -1.475 0.0000e+00
-6.425 -1.425 0.0000e+00
-6.425 -1.375 0.0000e+00
-6.425 -1.325 0.0000e+00
-6.425 -1.275 0.0000e+00
-6.425 -1.225 0.0000e+00
-6.425 -1.175 0.0000e+00
-6.425 -1.125 0.0000e+00
-6.425 -1.075 0.0000e+00
-6.425 -1.025 0.0000e+00
-6.425 -0.975 0.0000e+00
-6.425 -0.925 0.0000e+00
-6.425 -0.875 0.0000e+00
-6.425 -0.825 0.0000e+00
-6.425 -0.775 0.0000e+00
-6.425 -0.725 0.0000e+00
-6.425 -0.675 0.0000e+00
-6.425 -0.625 0.0000e+00
-6.425 -0.575 0.0000e+00
-6.425 -0.525 0.0000e+00
-6.425 -0.475 0.0000e+00
-6.425 -0.425 0.0000e+00
-6.425 -0.375 0.0000e+00
-6.425 -0.325 0.0000e+00
-6.425 -0.275 0.0000e+00
-6.425 -0.225 0.0000e+00
-6.425 -0.175 0.0000e+00
-6.425 -0.125 0.0000e+00
-6.425 -0.075 0.0000e+00
-6.425 -0.025 0.0000e+00
-6.425 0.025 0.0000e+00
-6.425 0.075 0.0000e+00
-6.425 0.125 0.0000e+00
-6.425 0.175 0.0000e+00
-6.425 0.225 0.0000e+00
-6.425 0.275 0.0000e+00
-6.425 0.325 0.0000e+00
-6.425 0.375 0.0000e+00
-6.425 0.425 0.0000e+00
-6.425 0.475 0.0000e+00
-6.425 0.525 0.0000e+00
-6.425 0.575 0.0000e+00
-6.425 0.625 0.0000e+00
-6.425 0.675 0.0000e+00
-6.425 0.725 0.0000e+00
-6.425 0.775 1.6404e-16
-6.425 0.825 3.2744e-16
-6.425 0.875 6.5363e-16
-6.425 0.925 1.3049e-15
-6.425 0.975 2.6051e-15
-6.425 1.025 5.2013e-15
-6.425 1.075 1.0386e-14
-6.425 1.125 2.0739e-14
-6.425 1.175 4.1419e-14
-6.425 1.225 8.2729e-14
-6.425 1.275 1.6526e-13
-6.425 1.325 3.3018e-13
-6.425 1.375 6.5976e-13
-6.425 1.425 1.3186e-12
-6.425 1.475 2.6358e-12
-6.425 1.525 5.2701e-12
-6.425 1.575 1.0540e-11
-6.425 1.625 2.1085e-11
-6.425 1.675 4.2193e-11
-6.425 1.725 8.4462e-11
-6.425 1.775 1.6914e-10
-6.425 1.825 3.3887e-10
-6.425 1.875 6.7923e-10
-6.425 1.925 1.3622e-09
-6.425 1.975 2.7335e-09
-6.425 2.025 5.4889e-09
-6.425 2.075 1.1030e-08
-6.425 2.125 2.2182e-08
-6.425 2.175 4.4651e-08
-6.425 2.225 8.9967e-08
-6.425 2.275 1.8147e-07
-6.425 2.325 3.6646e-07
-6.425 2.375 7.4099e-07
-6.425 2.425 1.5004e-06
-6.425 2.475 3.0424e-06
-6.425 2.525 6.1790e-06
-6.425 2.575 1.2570e-05
-6.425 2.625 2.5614e-05
-6.425 2.675 5.2281e-05
-6.425 2.725 1.0689e-04
-6.425 2.775 2.1886e-04
-6.425 2.825 4.4869e-04
-6.425 2.875 9.2064e-04
-6.425 2.925 1.8895e-03
-6.425 2.975 3.8754e-03
-6.425 3.025 7.9342e-03
-6.425 3.075 1.6190e-02
-6.425 3.125 3.2860e-02
-6.425 3.175 6.6191e-02
-6.425 3.225 1.3200e-01
-6.425 3.275 2.6002e-01
-6.425 3.325 5.0515e-01
-6.425 3.375 9.6795e-01
-6.425 3.425 1.8338e+00
-6.425 3.475 3.4522e+00
-6.425 3.525 6.5004e+00
-6.425 3.575 1.2311e+01
-6.425 3.625 2.3472e+01
-6.425 3.675 4.4768e+01
-6.425 3.725 8.4216e+01
-6.425 3.775 1.5264e+02
-6.425 3.825 2.4577e+02
-6.425 3.875 0.0000e+00
-6.425 3.925 0.0000e+00
-6.425 3.975 0.0000e+00
-6.375 -1.975 0.0000e+00
-6.375 -1.925 0.0000e+00
-6.375 -1.875 0.0000e+00
-6.375 -1.825 0.0000e+00
-6.375 -1.775 0.0000e+00
-6.375 -1.725 0.0000e+00
-6.375 -1.675 0.0000e+00
-6.375 -1.625 0.0000e+00
-6.375 -1.575 0.0000e+00
-6.375 -1.525 0.0000e+00
-6.375 -1.475 0.0000e+00
-6.375 -1.425 0.0000e+00
-6.375 -1.375 0.0000e+00
-6.375 -1.325 0.0000e+00
-6.375 -1.275 0.0000e+00
-6.375 -1.225 0.0000e+00
-6.375 -1.175 0.0000e+00
-6.375 -1.125 0.0000e+00
-6.375 -1.075 0.0000e+00
-6.375 -1.025 0.0000e+00
-6.375 -0.975 0.0000e+00
-6.375 -0.925 0.0000e+00
-6.375 -0.875 0.0000e+00
-6.375 -0.825 0.0000e+00
-6.375 -0.775 0.0000e+00
-6.375 -0.725 0.0000e+00
-6.375 -0.675 0.0000e+00
-6.375 -0.625 0.0000e+00
-6.375 -0.575 0.0000e+00
-6.375 -0.525 0.0000e+00
-6.375 -0.475 0.0000e+00
-6.375 -0.425 0.0000e+00
-6.375 -0.375 0.0000e+00
-6.375 -0.325 0.0000e+00
-6.375 -0.275 0.0000e+00
-6.375 -0.225 0.0000e+00
-6.375 -0.175 0.0000e+00
-6.375 -0.125 0.0000e+00
-6.375 -0.075 0.0000e+00
-6.375 -0.025 0.0000e+00
-6.375 0.025 0.0000e+00
-6.375 0.075 0.0000e+00
-6.375 0.125 0.0000e+00
-6.375 0.175 0.0000e+00
-6.375 0.225 0.0000e+00
-6.375 0.275 0.0000e+00
-6.375 0.325 0.0000e+00
-6.375 0.375 0.0000e+00
-6.375 0.425 0.0000e+00
-6.375 0.475 0.0000e+00
-6.375 0.525 0.0000e+00
-6.375 0.575 0.0000e+00
-6.375 0.625 0.0000e+00
-6.375 0.675 0.0000e+00
-6.375 0.725 0.0000e+00
-6.375 0.775 2.0651e-16
-6.375 0.825 4.1222e-16
-6.375 0.875 8.2287e-16
-6.375 0.925 1.6427e-15
-6.375 0.975 3.2796e-15
-6.375 1.025 6.5480e-15
-6.375 1.075 1.3075e-14
-6.375 1.125 2.6109e-14
-6.375 1.175 5.2144e-14
-6.375 1.225 1.0415e-13
-6.375 1.275 2.0805e-13
-6.375 1.325 4.1567e-13
-6.375 1.375 8.3059e-13
-6.375 1.425 1.6600e-12
-6.375 1.475 3.3183e-12
-6.375 1.525 6.6347e-12
-6.375 1.575 1.3269e-11
-6.375 1.625 2.6544e-11
-6.375 1.675 5.3118e-11
-6.375 1.725 1.0633e-10
-6.375 1.775 2.1294e-10
-6.375 1.825 4.2661e-10
-6.375 1.875 8.5510e-10
-6.375 1.925 1.7149e-09
-6.375 1.975 3.4413e-09
-6.375 2.025 6.9101e-09
-6.375 2.075 1.3886e-08
-6.375 2.125 2.7926e-08
-6.375 2.175 5.6212e-08
-6.375 2.225 1.1326e-07
-6.375 2.275 2.2846e-07
-6.375 2.325 4.6135e-07
-6.375 2.375 9.3286e-07
-6.375 2.425 1.8888e-06
-6.375 2.475 3.8302e-06
-6.375 2.525 7.7789e-06
-6.375 2.575 1.5825e-05
-6.375 2.625 3.2246e-05
-6.375 2.675 6.5818e-05
-6.375 2.725 1.3456e-04
-6.375 2.775 2.7553e-04
-6.375 2.825 5.6486e-04
-6.375 2.875 1.1590e-03
-6.375 2.925 2.3787e-03
-6.375 2.975 4.8788e-03
-6.375 3.025 9.9886e-03
-6.375 3.075 2.0381e-02
-6.375 3.125 4.1368e-02
-6.375 3.175 8.3330e-02
-6.375 3.225 1.6618e-01
-6.375 3.275 3.2734e-01
-6.375 3.325 6.3594e-01
-6.375 3.375 1.2186e+00
-6.375 3.425 2.3086e+00
-6.375 3.475 4.3460e+00
-6.375 3.525 8.1836e+00
-6.375 3.575 1.5499e+01
-6.375 3.625 2.9549e+01
-6.375 3.675 5.6360e+01
-6.375 3.725 1.0602e+02
-6.375 3.775 1.9216e+02
-6.375 3.825 3.0940e+02
-6.375 3.875 0.0000e+00
-6.375 3.925 0.0000e+00
-6.375 3.975 0.0000e+00
-6.325 -1.975 0.0000e+00
-6.325 -1.925 0.0000e+00
-6.325 -1.875 0.0000e+00
-6.325 -1.825 0.0000e+00
-6.325 -1.775 0.0000e+00
-6.325 -1.725 0.0000e+00
-6.325 -1.675 0.0000e+00
-6.325 -1.625 0.0000e+00
-6.325 -1.575 0.0000e+00
-6.325 -1.525 0.0000e+00
-6.325 -1.475 0.0000e+00
-6.325 -1.425 0.0000e+00
-6.325 -1.375 0.0000e+00
-6.325 -1.325 0.0000e+00
-6.325 -1.275 0.0000e+00
-6.325 -1.225 0.0000e+00
-6.325 -1.175 0.0000e+00
-6.325 -1.125 0.0000e+00
-6.325 -1.075 0.0000e+00
-6.325 -1.025 0.0000e+00
-6.325 -0.975 0.0000e+00
-6.325 -0.925 0.0000e+00
-6.325 -0.875 0.0000e+00
-6.325 -0.825 0.0000e+00
-6.325 -0.775 0.0000e+00
-6.325 -0.725 0.0000e+00
-6.325 -0.675 0.0000e+00
-6.325 -0.625 0.0000e+00
-6.325 -0.575 0.0000e+00
-6.325 -0.525 0.0000e+00
-6.325 -0.475 0.0000e+00
-6.325 -0.425 0.0000e+00
-6.325 -0.375 0.0000e+00
-6.325 -0.325 0.0000e+00
-6.325 -0.275 0.0000e+00
-6.325 -0.225 0.0000e+00
-6.325 -0.175 0.0000e+00
-6.325 -0.125 0.0000e+00
-6.325 -0.075 0.0000e+00
-6.325 -0.025 0.0000e+00
-6.325 0.025 0.0000e+00
-6.325 0.075 0.0000e+00
-6.325 0.125 0.0000e+00
-6.325 0.175 0.0000e+00
-6.325 0.225 0.0000e+00
-6.325 0.275 0.0000e+00
-6.325 0.325 0.0000e+00
-6.325 0.375 0.0000e+00
-6.325 0.425 0.0000e+00
-6.325 0.475 0.0000e+00
-6.325 0.525 0.0000e+00
-6.325 0.575 0.0000e+00
-6.325 0.625 0.0000e+00
-6.325 0.675 0.0000e+00
-6.325 0.725 0.0000e+00
-6.325 0.775 2.5998e-16
-6.325 0.825 5.1895e-16
-6.325 0.875 1.0359e-15
-6.325 0.925 2.0681e-15
-6.325 0.975 4.1288e-15
-6.325 1.025 8.2434e-15
-6.325 1.075 1.6460e-14
-6.325 1.125 3.2870e-14
-6.325 1.175 6.5645e-14
-6.325 1.225 1.3112e-13
-6.325 1.275 2.6192e-13
-6.325 1.325 5.2329e-13
-6.325 1.375 1.0457e-12
-6.325 1.425 2.0898e-12
-6.325 1.475 4.1775e-12
-6.325 1.525 8.3526e-12
-6.325 1.575 1.6705e-11
-6.325 1.625 3.3417e-11
-6.325 1.675 6.6871e-11
-6.325 1.725 1.3386e-10
-6.325 1.775 2.6807e-10
-6.325 1.825 5.3707e-10
-6.325 1.875 1.0765e-09
-6.325 1.925 2.1589e-09
-6.325 1.975 4.3323e-09
-6.325 2.025 8.6993e-09
-6.325 2.075 1.7481e-08
-6.325 2.125 3.5157e-08
-6.325 2.175 7.0767e-08
-6.325 2.225 1.4259e-07
-6.325 2.275 2.8761e-07
-6.325 2.325 5.8081e-07
-6.325 2.375 1.1744e-06
-6.325 2.425 2.3779e-06
-6.325 2.475 4.8219e-06
-6.325 2.525 9.7931e-06
-6.325 2.575 1.9922e-05
-6.325 2.625 4.0595e-05
-6.325 2.675 8.2860e-05
-6.325 2.725 1.6941e-04
-6.325 2.775 3.4687e-04
-6.325 2.825 7.1112e-04
-6.325 2.875 1.4591e-03
-6.325 2.925 2.9946e-03
-6.325 2.975 6.1420e-03
-6.325 3.025 1.2575e-02
-6.325 3.075 2.5659e-02
-6.325 3.125 5.2079e-02
-6.325 3.175 1.0491e-01
-6.325 3.225 2.0921e-01
-6.325 3.275 4.1210e-01
-6.325 3.325 8.0061e-01
-6.325 3.375 1.5341e+00
-6.325 3.425 2.9064e+00
-6.325 3.475 5.4714e+00
-6.325 3.525 1.0302e+01
-6.325 3.575 1.9512e+01
-6.325 3.625 3.7200e+01
-6.325 3.675 7.0953e+01
-6.325 3.725 1.3347e+02
-6.325 3.775 2.4191e+02
-6.325 3.825 3.8951e+02
-6.325 3.875 0.0000e+00
-6.325 3.925 0.0000e+00
-6.325 3.975 0.0000e+00
-6.275 -1.975 0.0000e+00
-6.275 -1.925 0.0000e+00
-6.275 -1.875 0.0000e+00
-6.275 -1.825 0.0000e+00
-6.275 -1.775 0.0000e+00
-6.275 -1.725 0.0000e+00
-6.275 -1.675 0.0000e+00
-6.275 -1.625 0.0000e+00
-6.275 -1.575 0.0000e+00
-6.275 -1.525 0.0000e+00
-6.275 -1.475 0.0000e+00
-6.275 -1.425 0.0000e+00
-6.275 -1.375 0.0000e+00
-6.275 -1.325 0.0000e+00
-6.275 -1.275 0.0000e+00
-6.275 -1.225 0.0000e+00
-6.275 -1.175 0.0000e+00
-6.275 -1.125 0.0000e+00
-6.275 -1.075 0.0000e+00
-6.275 -1.025 0.0000e+00
-6.275 -0.975 0.0000e+00
-6.275 -0.925 0.0000e+00
-6.275 -0.875 0.0000e+00
-6.275 -0.825 0.0000e+00
-6.275 -0.775 0.0000e+00
-6.275 -0.725 0.0000e+00
-6.275 -0.675 0.0000e+00
-6.275 -0.625 0.0000e+00
-6.275 -0.575 0.0000e+00
-6.275 -0.525 0.0000e+00
-6.275 -0.475 0.0000e+00
-6.275 -0.425 0.0000e+00
-6.275 -0.375 0.0000e+00
-6.275 -0.325 0.0000e+00
-6.275 -0.275 0.0000e+00
-6.275 -0.225 0.0000e+00
-6.275 -0.175 0.0000e+00
-6.275 -0.125 0.0000e+00
-6.275 -0.075 0.0000e+00
-6.275 -0.025 0.0000e+00
-6.275 0.025 0.0000e+00
-6.275 0.075 0.0000e+00
-6.275 0.125 0.0000e+00
-6.275 0.175 0.0000e+00
-6.275 0.225 0.0000e+00
-6.275 0.275 0.0000e+00
-6.275 0.325 0.0000e+00
-6.275 0.375 0.0000e+00
-6.275 0.425 0.0000e+00
-6.275 0.475 0.0000e+00
-6.275 0.525 0.0000e+00
-6.275 0.575 0.0000e+00
-6.275 0.625 0.0000e+00
-6.275 0.675 0.0000e+00
-6.275 0.725 0.0000e+00
-6.275 0.775 3.2730e-16
-6.275 0.825 6.5332e-16
-6.275 0.875 1.3042e-15
-6.275 0.925 2.6035e-15
-6.275 0.975 5.1978e-15
-6.275 1.025 1.0378e-14
-6.275 1.075 2.0722e-14
-6.275 1.125 4.1380e-14
-6.275 1.175 8.2642e-14
-6.275 1.225 1.6507e-13
-6.275 1.275 3.2974e-13
-6.275 1.325 6.5879e-13
-6.275 1.375 1.3164e-12
-6.275 1.425 2.6309e-12
-6.275 1.475 5.2592e-12
-6.275 1.525 1.0515e-11
-6.275 1.575 2.1030e-11
-6.275 1.625 4.2070e-11
-6.275 1.675 8.4186e-11
-6.275 1.725 1.6852e-10
-6.275 1.775 3.3748e-10
-6.275 1.825 6.7613e-10
-6.275 1.875 1.3552e-09
-6.275 1.925 2.7179e-09
-6.275 1.975 5.4540e-09
-6.275 2.025 1.0952e-08
-6.275 2.075 2.2007e-08
-6.275 2.125 4.4260e-08
-6.275 2.175 8.9091e-08
-6.275 2.225 1.7951e-07
-6.275 2.275 3.6208e-07
-6.275 2.325 7.3119e-07
-6.275 2.375 1.4785e-06
-6.275 2.425 2.9936e-06
-6.275 2.475 6.0704e-06
-6.275 2.525 1.2329e-05
-6.275 2.575 2.5080e-05
-6.275 2.625 5.1106e-05
-6.275 2.675 1.0431e-04
-6.275 2.725 2.1327e-04
-6.275 2.775 4.3668e-04
-6.275 2.825 8.9525e-04
-6.275 2.875 1.8369e-03
-6.275 2.925 3.7700e-03
-6.275 2.975 7.7324e-03
-6.275 3.025 1.5831e-02
-6.275 3.075 3.2302e-02
-6.275 3.125 6.5564e-02
-6.275 3.175 1.3207e-01
-6.275 3.225 2.6338e-01
-6.275 3.275 5.1880e-01
-6.275 3.325 1.0079e+00
-6.275 3.375 1.9313e+00
-6.275 3.425 3.6589e+00
-6.275 3.475 6.8880e+00
-6.275 3.525 1.2970e+01
-6.275 3.575 2.4564e+01
-6.275 3.625 4.6833e+01
-6.275 3.675 8.9324e+01
-6.275 3.725 1.6803e+02
-6.275 3.775 3.0455e+02
-6.275 3.825 4.9037e+02
-6.275 3.875 0.0000e+00
-6.275 3.925 0.0000e+00
-6.275 3.975 0.0000e+00
-6.225 -1.975 0.0000e+00
-6.225 -1.925 0.0000e+00
-6.225 -1.875 0.0000e+00
-6.225 -1.825 0.0000e+00
-6.225 -1.775 0.0000e+00
-6.225 -1.725 0.0000e+00
-6.225 -1.675 0.0000e+00
-6.225 -1.625 0.0000e+00
-6.225 -1.575 0.0000e+00
-6.225 -1.525 0.0000e+00
-6.225 -1.475 0.0000e+00
-6.225 -1.425 0.0000e+00
-6.225 -1.375 0.0000e+00
-6.225 -1.325 0.0000e+00
-6.225 -1.275 0.0000e+00
-6.225 -1.225 0.0000e+00
-6.225 -1.175 0.0000e+00
-6.225 -1.125 0.0000e+00
-6.225 -1.075 0.0000e+00
-6.225 -1.025 0.0000e+00
-6.225 -0.975 0.0000e+00
-6.225 -0.925 0.0000e+00
-6.225 -0.875 0.0000e+00
-6.225 -0.825 0.0000e+00
-6.225 -0.775 0.0000e+00
-6.225 -0.725 0.0000e+00
-6.225 -0.675 0.0000e+00
-6.225 -0.625 0.0000e+00
-6.225 -0.575 0.0000e+00
-6.225 -0.525 0.0000e+00
-6.225 -0.475 0.0000e+00
-6.225 -0.425 0.0000e+00
-6.225 -0.375 0.0000e+00
-6.225 -0.325 0.0000e+00
-6.225 -0.275 0.0000e+00
-6.225 -0.225 0.0000e+00
-6.225 -0.175 0.0000e+00
-6.225 -0.125 0.0000e+00
-6.225 -0.075 0.0000e+00
-6.225 -0.025 0.0000e+00
-6.225 0.025 0.0000e+00
-6.225 0.075 0.0000e+00
-6.225 0.125 0.0000e+00
-6.225 0.175 0.0000e+00
-6.225 0.225 0.0000e+00
-6.225 0.275 0.0000e+00
-6.225 0.325 0.0000e+00
-6.225 0.375 0.0000e+00
-6.225 0.425 0.0000e+00
-6.225 0.475 0.0000e+00
-6.225 0.525 0.0000e+00
-6.225 0.575 0.0000e+00
-6.225 0.625 0.0000e+00
-6.225 0.675 0.0000e+00
-6.225 0.725 0.0000e+00
-6.225 0.775 4.1205e-16
-6.225 0.825 8.2248e-16
-6.225 0.875 1.6418e-15
-6.225 0.925 3.2776e-15
-6.225 0.975 6.5436e-15
-6.225 1.025 1.3065e-14
-6.225 1.075 2.6087e-14
-6.225 1.125 5.2095e-14
-6.225 1.175 1.0404e-13
-6.225 1.225 2.0781e-13
-6.225 1.275 4.1512e-13
-6.225 1.325 8.2936e-13
-6.225 1.375 1.6573e-12
-6.225 1.425 3.3121e-12
-6.225 1.475 6.6209e-12
-6.225 1.525 1.3238e-11
-6.225 1.575 2.6475e-11
-6.225 1.625 5.2963e-11
-6.225 1.675 1.0598e-10
-6.225 1.725 2.1216e-10
-6.225 1.775 4.2486e-10
-6.225 1.825 8.5119e-10
-6.225 1.875 1.7061e-09
-6.225 1.925 3.4217e-09
-6.225 1.975 6.8662e-09
-6.225 2.025 1.3787e-08
-6.225 2.075 2.7706e-08
-6.225 2.125 5.5719e-08
-6.225 2.175 1.1216e-07
-6.225 2.225 2.2599e-07
-6.225 2.275 4.5583e-07
-6.225 2.325 9.2052e-07
-6.225 2.375 1.8613e-06
-6.225 2.425 3.7687e-06
-6.225 2.475 7.6422e-06
-6.225 2.525 1.5521e-05
-6.225 2.575 3.1574e-05
-6.225 2.625 6.4339e-05
-6.225 2.675 1.3132e-04
-6.225 2.725 2.6849e-04
-6.225 2.775 5.4975e-04
-6.225 2.825 1.1270e-03
-6.225 2.875 2.3125e-03
-6.225 2.925 4.7461e-03
-6.225 2.975 9.7345e-03
-6.225 3.025 1.9930e-02
-6.225 3.075 4.0666e-02
-6.225 3.125 8.2540e-02
-6.225 3.175 1.6627e-01
-6.225 3.225 3.3157e-01
-6.225 3.275 6.5314e-01
-6.225 3.325 1.2689e+00
-6.225 3.375 2.4314e+00
-6.225 3.425 4.6063e+00
-6.225 3.475 8.6715e+00
-6.225 3.525 1.6328e+01
-6.225 3.575 3.0924e+01
-6.225 3.625 5.8959e+01
-6.225 3.675 1.1245e+02
-6.225 3.725 2.1154e+02
-6.225 3.775 3.8340e+02
-6.225 3.825 6.1734e+02
-6.225 3.875 0.0000e+00
-6.225 3.925 0.0000e+00
-6.225 3.975 0.0000e+00
-6.175 -1.975 0.0000e+00
-6.175 -1.925 0.0000e+00
-6.175 -1.875 0.0000e+00
-6.175 -1.825 0.0000e+00
-6.175 -1.775 0.0000e+00
-6.175 -1.725 0.0000e+00
-6.175 -1.675 0.0000e+00
-6.175 -1.625 0.0000e+00
-6.175 -1.575 0.0000e+00
-6.175 -1.525 0.0000e+00
-6.175 -1.475 0.0000e+00
-6.175 -1.425 0.0000e+00
-6.175 -1.375 0.0000e+00
-6.175 -1.325 0.0000e+00
-6.175 -1.275 0.0000e+00
-6.175 -1.225 0.0000e+00
-6.175 -1.175 0.0000e+00
-6.175 -1.125 0.0000e+00
-6.175 -1.075 0.0000e+00
-6.175 -1.025 0.0000e+00
-6.175 -0.975 0.0000e+00
-6.175 -0.925 0.0000e+00
-6.175 -0.875 0.0000e+00
-6.175 -0.825 0.0000e+00
-6.175 -0.775 0.0000e+00
-6.175 -0.725 0.0000e+00
-6.175 -0.675 0.0000e+00
-6.175 -0.625 0.0000e+00
-6.175 -0.575 0.0000e+00
-6.175 -0.525 0.0000e+00
-6.175 -0.475 0.0000e+00
-6.175 -0.425 0.0000e+00
-6.175 -0.375 0.0000e+00
-6.175 -0.325 0.0000e+00
-6.175 -0.275 0.0000e+00
-6.175 -0.225 0.0000e+00
-6.175 -0.175 0.0000e+00
-6.175 -0.125 0.0000e+00
-6.175 -0.075 0.0000e+00
-6.175 -0.025 0.0000e+00
-6.175 0.025 0.0000e+00
-6.175 0.075 0.0000e+00
-6.175 0.125 0.0000e+00
-6.175 0.175 0.0000e+00
-6.175 0.225 0.0000e+00
-6.175 0.275 0.0000e+00
-6.175 0.325 0.0000e+00
-6.175 0.375 0.0000e+00
-6.175 0.425 0.0000e+00
-6.175 0.475 0.0000e+00
-6.175 0.525 0.0000e+00
-6.175 0.575 0.0000e+00
-6.175 0.625 0.0000e+00
-6.175 0.675 0.0000e+00
-6.175 0.725 0.0000e+00
-6.175 0.775 5.1873e-16
-6.175 0.825 1.0354e-15
-6.175 0.875 2.0670e-15
-6.175 0.925 4.1263e-15
-6.175 0.975 8.2380e-15
-6.175 1.025 1.6448e-14
-6.175 1.075 3.2842e-14
-6.175 1.125 6.5584e-14
-6.175 1.175 1.3098e-13
-6.175 1.225 2.6161e-13
-6.175 1.275 5.2260e-13
-6.175 1.325 1.0441e-12
-6.175 1.375 2.0864e-12
-6.175 1.425 4.1697e-12
-6.175 1.475 8.3352e-12
-6.175 1.525 1.6666e-11
-6.175 1.575 3.3330e-11
-6.175 1.625 6.6676e-11
-6.175 1.675 1.3343e-10
-6.175 1.725 2.6709e-10
-6.175 1.775 5.3487e-10
-6.175 1.825 1.0716e-09
-6.175 1.875 2.1479e-09
-6.175 1.925 4.3076e-09
-6.175 1.975 8.6440e-09
-6.175 2.025 1.7357e-08
-6.175 2.075 3.4879e-08
-6.175 2.125 7.0147e-08
-6.175 2.175 1.4120e-07
-6.175 2.225 2.8450e-07
-6.175 2.275 5.7386e-07
-6.175 2.325 1.1589e-06
-6.175 2.375 2.3432e-06
-6.175 2.425 4.7446e-06
-6.175 2.475 9.6210e-06
-6.175 2.525 1.9540e-05
-6.175 2.575 3.9749e-05
-6.175 2.625 8.0998e-05
-6.175 2.675 1.6533e-04
-6.175 2.725 3.3801e-04
-6.175 2.775 6.9209e-04
-6.175 2.825 1.4189e-03
-6.175 2.875 2.9113e-03
-6.175 2.925 5.9750e-03
-6.175 2.975 1.2255e-02
-6.175 3.025 2.5090e-02
-6.175 3.075 5.1196e-02
-6.175 3.125 1.0391e-01
-6.175 3.175 2.0932e-01
-6.175 3.225 4.1743e-01
-6.175 3.275 8.2225e-01
-6.175 3.325 1.5974e+00
-6.175 3.375 3.0609e+00
-6.175 3.425 5.7990e+00
-6.175 3.475 1.0917e+01
-6.175 3.525 2.0556e+01
-6.175 3.575 3.8931e+01
-6.175 3.625 7.4225e+01
-6.175 3.675 1.4157e+02
-6.175 3.725 2.6632e+02
-6.175 3.775 4.8268e+02
-6.175 3.825 7.7718e+02
-6.175 3.875 0.0000e+00
-6.175 3.925 0.0000e+00
-6.175 3.975 0.0000e+00
-6.125 -1.975 0.0000e+00
-6.125 -1.925 0.0000e+00
-6.125 -1.875 0.0000e+00
-6.125 -1.825 0.0000e+00
-6.125 -1.775 0.0000e+00
-6.125 -1.725 0.0000e+00
-6.125 -1.675 0.0000e+00
-6.125 -1.625 0.0000e+00
-6.125 -1.575 0.0000e+00
-6.125 -1.525 0.0000e+00
-6.125 -1.475 0.0000e+00
-6.125 -1.425 0.0000e+00
-6.125 -1.375 0.0000e+00
-6.125 -1.325 0.0000e+00
-6.125 -1.275 0.0000e+00
-6.125 -1.225 0.0000e+00
-6.125 -1.175 0.0000e+00
-6.125 -1.125 0.0000e+00
-6.125 -1.075 0.0000e+00
-6.125 -1.025 0.0000e+00
-6.125 -0.975 0.0000e+00
-6.125 -0.925 0.0000e+00
-6.125 -0.875 0.0000e+00
-6.125 -0.825 0.0000e+00
-6.125 -0.775 0.0000e+00
-6.125 -0.725 0.0000e+00
-6.125 -0.675 0.0000e+00
-6.125 -0.625 0.0000e+00
-6.125 -0.575 0.0000e+00
-6.125 -0.525 0.0000e+00
-6.125 -0.475 0.0000e+00
-6.125 -0.425 0.0000e+00
-6.125 -0.375 0.0000e+00
-6.125 -0.325 0.0000e+00
-6.125 -0.275 0.0000e+00
-6.125 -0.225 0.0000e+00
-6.125 -0.175 0.0000e+00
-6.125 -0.125 0.0000e+00
-6.125 -0.075 0.0000e+00
-6.125 -0.025 0.0000e+00
-6.125 0.025 0.0000e+00
-6.125 0.075 0.0000e+00
-6.125 0.125 0.0000e+00
-6.125 0.175 0.0000e+00
-6.125 0.225 0.0000e+00
-6.125 0.275 0.0000e+00
-6.125 0.325 0.0000e+00
-6.125 0.375 0.0000e+00
-6.125 0.425 0.0000e+00
-6.125 0.475 0.0000e+00
-6.125 0.525 0.0000e+00
-6.125 0.575 0.0000e+00
-6.125 0.625 0.0000e+00
-6.125 0.675 0.0000e+00
-6.125 0.725 0.0000e+00
-6.125 0.775 6.5305e-16
-6.125 0.825 1.3035e-15
-6.125 0.875 2.6021e-15
-6.125 0.925 5.1947e-15
-6.125 0.975 1.0371e-14
-6.125 1.025 2.0707e-14
-6.125 1.075 4.1346e-14
-6.125 1.125 8.2565e-14
-6.125 1.175 1.6489e-13
-6.125 1.225 3.2935e-13
-6.125 1.275 6.5792e-13
-6.125 1.325 1.3145e-12
-6.125 1.375 2.6266e-12
-6.125 1.425 5.2494e-12
-6.125 1.475 1.0493e-11
-6.125 1.525 2.0981e-11
-6.125 1.575 4.1960e-11
-6.125 1.625 8.3940e-11
-6.125 1.675 1.6797e-10
-6.125 1.725 3.3625e-10
-6.125 1.775 6.7337e-10
-6.125 1.825 1.3491e-09
-6.125 1.875 2.7041e-09
-6.125 1.925 5.4230e-09
-6.125 1.975 1.0882e-08
-6.125 2.025 2.1852e-08
-6.125 2.075 4.3911e-08
-6.125 2.125 8.8309e-08
-6.125 2.175 1.7776e-07
-6.125 2.225 3.5816e-07
-6.125 2.275 7.2244e-07
-6.125 2.325 1.4589e-06
-6.125 2.375 2.9500e-06
-6.125 2.425 5.9731e-06
-6.125 2.475 1.2112e-05
-6.125 2.525 2.4599e-05
-6.125 2.575 5.0042e-05
-6.125 2.625 1.0197e-04
-6.125 2.675 2.0814e-04
-6.125 2.725 4.2553e-04
-6.125 2.775 8.7129e-04
-6.125 2.825 1.7863e-03
-6.125 2.875 3.6651e-03
-6.125 2.925 7.5221e-03
-6.125 2.975 1.5428e-02
-6.125 3.025 3.1587e-02
-6.125 3.075 6.4452e-02
-6.125 3.125 1.3082e-01
-6.125 3.175 2.6351e-01
-6.125 3.225 5.2551e-01
-6.125 3.275 1.0352e+00
-6.125 3.325 2.0110e+00
-6.125 3.375 3.8535e+00
-6.125 3.425 7.3006e+00
-6.125 3.475 1.3744e+01
-6.125 3.525 2.5879e+01
-6.125 3.575 4.9011e+01
-6.125 3.625 9.3444e+01
-6.125 3.675 1.7823e+02
-6.125 3.725 3.3527e+02
-6.125 3.775 6.0765e+02
-6.125 3.825 9.7840e+02
-6.125 3.875 0.0000e+00
-6.125 3.925 0.0000e+00
-6.125 3.975 0.0000e+00
-6.075 -1.975 0.0000e+00
-6.075 -1.925 0.0000e+00
-6.075 -1.875 0.0000e+00
-6.075 -1.825 0.0000e+00
-6.075 -1.775 0.0000e+00
-6.075 -1.725 0.0000e+00
-6.075 -1.675 0.0000e+00
-6.075 -1.625 0.0000e+00
-6.075 -1.575 0.0000e+00
-6.075 -1.525 0.0000e+00
-6.075 -1.475 0.0000e+00
-6.075 -1.425 0.0000e+00
-6.075 -1.375 0.0000e+00
-6.075 -1.325 0.0000e+00
-6.075 -1.275 0.0000e+00
-6.075 -1.225 0.0000e+00
-6.075 -1.175 0.0000e+00
-6.075 -1.125 0.0000e+00
-6.075 -1.075 0.0000e+00
-6.075 -1.025 0.0000e+00
-6.075 -0.975 0.0000e+00
-6.075 -0.925 0.0000e+00
-6.075 -0.875 0.0000e+00
-6.075 -0.825 0.0000e+00
-6.075 -0.775 0.0000e+00
-6.075 -0.725 0.0000e+00
-6.075 -0.675 0.0000e+00
-6.075 -0.625 0.0000e+00
-6.075 -0.575 0.0000e+00
-6.075 -0.525 0.0000e+00
-6.075 -0.475 0.0000e+00
-6.075 -0.425 0.0000e+00
-6.075 -0.375 0.0000e+00
-6.075 -0.325 0.0000e+00
-6.075 -0.275 0.0000e+00
-6.075 -0.225 0.0000e+00
-6.075 -0.175 0.0000e+00
-6.075 -0.125 0.0000e+00
-6.075 -0.075 0.0000e+00
-6.075 -0.025 0.0000e+00
-6.075 0.025 0.0000e+00
-6.075 0.075 0.0000e+00
-6.075 0.125 0.0000e+00
-6.075 0.175 0.0000e+00
-6.075 0.225 0.0000e+00
-6.075 0.275 0.0000e+00
-6.075 0.325 0.0000e+00
-6.075 0.375 0.0000e+00
-6.075 0.425 0.0000e+00
-6.075 0.475 0.0000e+00
-6.075 0.525 0.0000e+00
-6.075 0.575 0.0000e+00
-6.075 0.625 0.0000e+00
-6.075 0.675 0.0000e+00
-6.075 0.725 0.0000e+00
-6.075 0.775 8.2214e-16
-6.075 0.825 1.6411e-15
-6.075 0.875 3.2759e-15
-6.075 0.925 6.5398e-15
-6.075 0.975 1.3056e-14
-6.075 1.025 2.6068e-14
-6.075 1.075 5.2051e-14
-6.075 1.125 1.0394e-13
-6.075 1.175 2.0759e-13
-6.075 1.225 4.1463e-13
-6.075 1.275 8.2827e-13
-6.075 1.325 1.6548e-12
-6.075 1.375 3.3067e-12
-6.075 1.425 6.6086e-12
-6.075 1.475 1.3210e-11
-6.075 1.525 2.6413e-11
-6.075 1.575 5.2824e-11
-6.075 1.625 1.0567e-10
-6.075 1.675 2.1147e-10
-6.075 1.725 4.2331e-10
-6.075 1.775 8.4772e-10
-6.075 1.825 1.6984e-09
-6.075 1.875 3.4042e-09
-6.075 1.925 6.8271e-09
-6.075 1.975 1.3700e-08
-6.075 2.025 2.7510e-08
-6.075 2.075 5.5280e-08
-6.075 2.125 1.1117e-07
-6.075 2.175 2.2379e-07
-6.075 2.225 4.5090e-07
-6.075 2.275 9.0950e-07
-6.075 2.325 1.8367e-06
-6.075 2.375 3.7138e-06
-6.075 2.425 7.5196e-06
-6.075 2.475 1.5248e-05
-6.075 2.525 3.0968e-05
-6.075 2.575 6.2999e-05
-6.075 2.625 1.2837e-04
-6.075 2.675 2.6203e-04
-6.075 2.725 5.3571e-04
-6.075 2.775 1.0969e-03
-6.075 2.825 2.2488e-03
-6.075 2.875 4.6141e-03
-6.075 2.925 9.4697e-03
-6.075 2.975 1.9423e-02
-6.075 3.025 3.9765e-02
-6.075 3.075 8.1140e-02
-6.075 3.125 1.6469e-01
-6.075 3.175 3.3174e-01
-6.075 3.225 6.6158e-01
-6.075 3.275 1.3032e+00
-6.075 3.325 2.5318e+00
-6.075 3.375 4.8513e+00
-6.075 3.425 9.1909e+00
-6.075 3.475 1.7302e+01
-6.075 3.525 3.2580e+01
-6.075 3.575 6.1702e+01
-6.075 3.625 1.1764e+02
-6.075 3.675 2.2437e+02
-6.075 3.725 4.2208e+02
-6.075 3.775 7.6498e+02
-6.075 3.825 1.2317e+03
-6.075 3.875 0.0000e+00
-6.075 3.925 0.0000e+00
-6.075 3.975 0.0000e+00
-6.025 -1.975 0.0000e+00
-6.025 -1.925 0.0000e+00
-6.025 -1.875 0.0000e+00
-6.025 -1.825 0.0000e+00
-6.025 -1.775 0.0000e+00
-6.025 -1.725 0.0000e+00
-6.025 -1.675 0.0000e+00
-6.025 -1.625 0.0000e+00
-6.025 -1.575 0.0000e+00
-6.025 -1.525 0.0000e+00
-6.025 -1.475 0.0000e+00
-6.025 -1.425 0.0000e+00
-6.025 -1.375 0.0000e+00
-6.025 -1.325 0.0000e+00
-6.025 -1.275 0.0000e+00
-6.025 -1.225 0.0000e+00
-6.025 -1.175 0.0000e+00
-6.025 -1.125 0.0000e+00
-6.025 -1.075 0.0000e+00
-6.025 -1.025 0.0000e+00
-6.025 -0.975 0.0000e+00
-6.025 -0.925 0.0000e+00
-6.025 -0.875 0.0000e+00
-6.025 -0.825 0.0000e+00
-6.025 -0.775 0.0000e+00
-6.025 -0.725 0.0000e+00
-6.025 -0.675 0.0000e+00
-6.025 -0.625 0.0000e+00
-6.025 -0.575 0.0000e+00
-6.025 -0.525 0.0000e+00
-6.025 -0.475 0.0000e+00
-6.025 -0.425 0.0000e+00
-6.025 -0.375 0.0000e+00
-6.025 -0.325 0.0000e+00
-6.025 -0.275 0.0000e+00
-6.025 -0.225 0.0000e+00
-6.025 -0.175 0.0000e+00
-6.025 -0.125 0.0000e+00
-6.025 -0.075 0.0000e+00
-6.025 -0.025 0.0000e+00
-6.025 0.025 0.0000e+00
-6.025 0.075 0.0000e+00
-6.025 0.125 0.0000e+00
-6.025 0.175 0.0000e+00
-6.025 0.225 0.0000e+00
-6.025 0.275 0.0000e+00
-6.025 0.325 0.0000e+00
-6.025 0.375 0.0000e+00
-6.025 0.425 0.0000e+00
-6.025 0.475 0.0000e+00
-6.025 0.525 0.0000e+00
-6.025 0.575 0.0000e+00
-6.025 0.625 0.0000e+00
-6.025 0.675 0.0000e+00
-6.025 0.725 0.0000e+00
-6.025 0.775 1.0350e-15
-6.025 0.825 2.0660e-15
-6.025 0.875 4.1241e-15
-6.025 0.925 8.2331e-15
-6.025 0.975 1.6437e-14
-6.025 1.025 3.2818e-14
-6.025 1.075 6.5529e-14
-6.025 1.125 1.3086e-13
-6.025 1.175 2.6134e-13
-6.025 1.225 5.2199e-13
-6.025 1.275 1.0427e-12
-6.025 1.325 2.0833e-12
-6.025 1.375 4.1628e-12
-6.025 1.425 8.3197e-12
-6.025 1.475 1.6631e-11
-6.025 1.525 3.3252e-11
-6.025 1.575 6.6502e-11
-6.025 1.625 1.3304e-10
-6.025 1.675 2.6622e-10
-6.025 1.725 5.3292e-10
-6.025 1.775 1.0672e-09
-6.025 1.825 2.1381e-09
-6.025 1.875 4.2856e-09
-6.025 1.925 8.5948e-09
-6.025 1.975 1.7247e-08
-6.025 2.025 3.4633e-08
-6.025 2.075 6.9594e-08
-6.025 2.125 1.3996e-07
-6.025 2.175 2.8173e-07
-6.025 2.225 5.6765e-07
-6.025 2.275 1.1450e-06
-6.025 2.325 2.3122e-06
-6.025 2.375 4.6754e-06
-6.025 2.425 9.4667e-06
-6.025 2.475 1.9196e-05
-6.025 2.525 3.8987e-05
-6.025 2.575 7.9310e-05
-6.025 2.625 1.6161e-04
-6.025 2.675 3.2987e-04
-6.025 2.725 6.7442e-04
-6.025 2.775 1.3809e-03
-6.025 2.825 2.8310e-03
-6.025 2.875 5.8088e-03
-6.025 2.925 1.1922e-02
-6.025 2.975 2.4452e-02
-6.025 3.025 5.0062e-02
-6.025 3.075 1.0215e-01
-6.025 3.125 2.0733e-01
-6.025 3.175 4.1764e-01
-6.025 3.225 8.3288e-01
-6.025 3.275 1.6406e+00
-6.025 3.325 3.1873e+00
-6.025 3.375 6.1074e+00
-6.025 3.425 1.1571e+01
-6.025 3.475 2.1782e+01
-6.025 3.525 4.1016e+01
-6.025 3.575 7.7679e+01
-6.025 3.625 1.4810e+02
-6.025 3.675 2.8247e+02
-6.025 3.725 5.3137e+02
-6.025 3.775 9.6305e+02
-6.025 3.825 1.5506e+03
-6.025 3.875 0.0000e+00
-6.025 3.925 0.0000e+00
-6.025 3.975 0.0000e+00
-5.975 -1.975 0.0000e+00
-5.975 -1.925 0.0000e+00
-5.975 -1.875 0.0000e+00
-5.975 -1.825 0.0000e+00
-5.975 -1.775 0.0000e+00
-5.975 -1.725 0.0000e+00
-5.975 -1.675 0.0000e+00
-5.975 -1.625 0.0000e+00
-5.975 -1.575 0.0000e+00
-5.975 -1.525 0.0000e+00
-5.975 -1.475 0.0000e+00
-5.975 -1.425 0.0000e+00
-5.975 -1.375 0.0000e+00
-5.975 -1.325 0.0000e+00
-5.975 -1.275 0.0000e+00
-5.975 -1.225 0.0000e+00
-5.975 -1.175 0.0000e+00
-5.975 -1.125 0.0000e+00
-5.975 -1.075 0.0000e+00
-5.975 -1.025 0.0000e+00
-5.975 -0.975 0.0000e+00
-5.975 -0.925 0.0000e+00
-5.975 -0.875 0.0000e+00
-5.975 -0.825 0.0000e+00
-5.975 -0.775 0.0000e+00
-5.975 -0.725 0.0000e+00
-5.975 -0.675 0.0000e+00
-5.975 -0.625 0.0000e+00
-5.975 -0.575 0.0000e+00
-5.975 -0.525 0.0000e+00
-5.975 -0.475 0.0000e+00
-5.975 -0.425 0.0000e+00
-5.975 -0.375 0.0000e+00
-5.975 -0.325 0.0000e+00
-5.975 -0.275 0.0000e+00
-5.975 -0.225 0.0000e+00
-5.975 -0.175 0.0000e+00
-5.975 -0.125 0.0000e+00
-5.975 -0.075 0.0000e+00
-5.975 -0.025 0.0000e+00
-5.975 0.025 0.0000e+00
-5.975 0.075 0.0000e+00
-5.975 0.125 0.0000e+00
-5.975 0.175 0.0000e+00
-5.975 0.225 0.0000e+00
-5.975 0.275 0.0000e+00
-5.975 0.325 0.0000e+00
-5.975 0.375 0.0000e+00
-5.975 0.425 0.0000e+00
-5.975 0.475 0.0000e+00
-5.975 0.525 0.0000e+00
-5.975 0.575 0.0000e+00
-5.975 0.625 0.0000e+00
-5.975 0.675 0.0000e+00
-5.975 0.725 0.0000e+00
-5.975 0.775 1.3030e-15
-5.975 0.825 2.6009e-15
-5.975 0.875 5.1920e-15
-5.975 0.925 1.0365e-14
-5.975 0.975 2.0693e-14
-5.975 1.025 4.1315e-14
-5.975 1.075 8.2496e-14
-5.975 1.125 1.6474e-13
-5.975 1.175 3.2901e-13
-5.975 1.225 6.5714e-13
-5.975 1.275 1.3127e-12
-5.975 1.325 2.6227e-12
-5.975 1.375 5.2407e-12
-5.975 1.425 1.0474e-11
-5.975 1.475 2.0937e-11
-5.975 1.525 4.1862e-11
-5.975 1.575 8.3721e-11
-5.975 1.625 1.6748e-10
-5.975 1.675 3.3515e-10
-5.975 1.725 6.7090e-10
-5.975 1.775 1.3435e-09
-5.975 1.825 2.6917e-09
-5.975 1.875 5.3953e-09
-5.975 1.925 1.0820e-08
-5.975 1.975 2.1713e-08
-5.975 2.025 4.3600e-08
-5.975 2.075 8.7613e-08
-5.975 2.125 1.7620e-07
-5.975 2.175 3.5468e-07
-5.975 2.225 7.1463e-07
-5.975 2.275 1.4415e-06
-5.975 2.325 2.9109e-06
-5.975 2.375 5.8859e-06
-5.975 2.425 1.1918e-05
-5.975 2.475 2.4167e-05
-5.975 2.525 4.9082e-05
-5.975 2.575 9.9846e-05
-5.975 2.625 2.0346e-04
-5.975 2.675 4.1528e-04
-5.975 2.725 8.4904e-04
-5.975 2.775 1.7385e-03
-5.975 2.825 3.5640e-03
-5.975 2.875 7.3129e-03
-5.975 2.925 1.5008e-02
-5.975 2.975 3.0783e-02
-5.975 3.025 6.3024e-02
-5.975 3.075 1.2860e-01
-5.975 3.125 2.6102e-01
-5.975 3.175 5.2578e-01
-5.975 3.225 1.0485e+00
-5.975 3.275 2.0654e+00
-5.975 3.325 4.0126e+00
-5.975 3.375 7.6888e+00
-5.975 3.425 1.4567e+01
-5.975 3.475 2.7422e+01
-5.975 3.525 5.1636e+01
-5.975 3.575 9.7792e+01
-5.975 3.625 1.8645e+02
-5.975 3.675 3.5561e+02
-5.975 3.725 6.6895e+02
-5.975 3.775 1.2124e+03
-5.975 3.825 1.9521e+03
-5.975 3.875 0.0000e+00
-5.975 3.925 0.0000e+00
-5.975 3.975 0.0000e+00
-5.925 -1.975 0.0000e+00
-5.925 -1.925 0.0000e+00
-5.925 -1.875 0.0000e+00
-5.925 -1.825 0.0000e+00
-5.925 -1.775 0.0000e+00
-5.925 -1.725 0.0000e+00
-5.925 -1.675 0.0000e+00
-5.925 -1.625 0.0000e+00
-5.925 -1.575 0.0000e+00
-5.925 -1.525 0.0000e+00
-5.925 -1.475 0.0000e+00
-5.925 -1.425 0.0000e+00
-5.925 -1.375 0.0000e+00
-5.925 -1.325 0.0000e+00
-5.925 -1.275 0.0000e+00
-5.925 -1.225 0.0000e+00
-5.925 -1.175 0.0000e+00
-5.925 -1.125 0.0000e+00
-5.925 -1.075 0.0000e+00
-5.925 -1.025 0.0000e+00
-5.925 -0.975 0.0000e+00
-5.925 -0.925 0.0000e+00
-5.925 -0.875 0.0000e+00
-5.925 -0.825 0.0000e+00
-5.925 -0.775 0.0000e+00
-5.925 -0.725 0.0000e+00
-5.925 -0.675 0.0000e+00
-5.925 -0.625 0.0000e+00
-5.925 -0.575 0.0000e+00
-5.925 -0.525 0.0000e+00
-5.925 -0.475 0.0000e+00
-5.925 -0.425 0.0000e+00
-5.925 -0.375 0.0000e+00
-5.925 -0.325 0.0000e+00
-5.925 -0.275 0.0000e+00
-5.925 -0.225 0.0000e+00
-5.925 -0.175 0.0000e+00
-5.925 -0.125 0.0000e+00
-5.925 -0.075 0.0000e+00
-5.925 -0.025 0.0000e+00
-5.925 0.025 0.0000e+00
-5.925 0.075 0.0000e+00
-5.925 0.125 0.0000e+00
-5.925 0.175 0.0000e+00
-5.925 0.225 0.0000e+00
-5.925 0.275 0.0000e+00
-5.925 0.325 0.0000e+00
-5.925 0.375 0.0000e+00
-5.925 0.425 0.0000e+00
-5.925 0.475 0.0000e+00
-5.925 0.525 0.0000e+00
-5.925 0.575 0.0000e+00
-5.925 0.625 0.0000e+00
-5.925 0.675 0.0000e+00
-5.925 0.725 0.0000e+00
-5.925 0.775 1.6404e-15
-5.925 0.825 3.2744e-15
-5.925 0.875 6.5363e-15
-5.925 0.925 1.3049e-14
-5.925 0.975 2.6051e-14
-5.925 1.025 5.2013e-14
-5.925 1.075 1.0386e-13
-5.925 1.125 2.0739e-13
-5.925 1.175 4.1419e-13
-5.925 1.225 8.2729e-13
-5.925 1.275 1.6526e-12
-5.925 1.325 3.3018e-12
-5.925 1.375 6.5976e-12
-5.925 1.425 1.3186e-11
-5.925 1.475 2.6358e-11
-5.925 1.525 5.2701e-11
-5.925 1.575 1.0540e-10
-5.925 1.625 2.1085e-10
-5.925 1.675 4.2193e-10
-5.925 1.725 8.4462e-10
-5.925 1.775 1.6914e-09
-5.925 1.825 3.3887e-09
-5.925 1.875 6.7923e-09
-5.925 1.925 1.3622e-08
-5.925 1.975 2.7335e-08
-5.925 2.025 5.4889e-08
-5.925 2.075 1.1030e-07
-5.925 2.125 2.2182e-07
-5.925 2.175 4.4651e-07
-5.925 2.225 8.9967e-07
-5.925 2.275 1.8147e-06
-5.925 2.325 3.6646e-06
-5.925 2.375 7.4099e-06
-5.925 2.425 1.5004e-05
-5.925 2.475 3.0424e-05
-5.925 2.525 6.1790e-05
-5.925 2.575 1.2570e-04
-5.925 2.625 2.5614e-04
-5.925 2.675 5.2281e-04
-5.925 2.725 1.0689e-03
-5.925 2.775 2.1886e-03
-5.925 2.825 4.4869e-03
-5.925 2.875 9.2064e-03
-5.925 2.925 1.8895e-02
-5.925 2.975 3.8754e-02
-5.925 3.025 7.9342e-02
-5.925 3.075 1.6190e-01
-5.925 3.125 3.2860e-01
-5.925 3.175 6.6192e-01
-5.925 3.225 1.3200e+00
-5.925 3.275 2.6002e+00
-5.925 3.325 5.0516e+00
-5.925 3.375 9.6797e+00
-5.925 3.425 1.8339e+01
-5.925 3.475 3.4523e+01
-5.925 3.525 6.5007e+01
-5.925 3.575 1.2311e+02
-5.925 3.625 2.3472e+02
-5.925 3.675 4.4769e+02
-5.925 3.725 8.4216e+02
-5.925 3.775 1.5263e+03
-5.925 3.825 2.4575e+03
-5.925 3.875 0.0000e+00
-5.925 3.925 0.0000e+00
-5.925 3.975 0.0000e+00
-5.875 -1.975 0.0000e+00
-5.875 -1.925 0.0000e+00
-5.875 -1.875 0.0000e+00
-5.875 -1.825 0.0000e+00
-5.875 -1.775 0.0000e+00
-5.875 -1.725 0.0000e+00
-5.875 -1.675 0.0000e+00
-5.875 -1.625 0.0000e+00
-5.875 -1.575 0.0000e+00
-5.875 -1.525 0.0000e+00
-5.875 -1.475 0.0000e+00
-5.875 -1.425 0.0000e+00
-5.875 -1.375 0.0000e+00
-5.875 -1.325 0.0000e+00
-5.875 -1.275 0.0000e+00
-5.875 -1.225 0.0000e+00
-5.875 -1.175 0.0000e+00
-5.875 -1.125 0.0000e+00
-5.875 -1.075 0.0000e+00
-5.875 -1.025 0.0000e+00
-5.875 -0.975 0.0000e+00
-5.875 -0.925 0.0000e+00
-5.875 -0.875 0.0000e+00
-5.875 -0.825 0.0000e+00
-5.875 -0.775 0.0000e+00
-5.875 -0.725 0.0000e+00
-5.875 -0.675 0.0000e+00
-5.875 -0.625 0.0000e+00
-5.875 -0.575 0.0000e+00
-5.875 -0.525 0.0000e+00
-5.875 -0.475 0.0000e+00
-5.875 -0.425 0.0000e+00
-5.875 -0.375 0.0000e+00
-5.875 -0.325 0.0000e+00
-5.875 -0.275 0.0000e+00
-5.875 -0.225 0.0000e+00
-5.875 -0.175 0.0000e+00
-5.875 -0.125 0.0000e+00
-5.875 -0.075 0.0000e+00
-5.875 -0.025 0.0000e+00
-5.875 0.025 0.0000e+00
-5.875 0.075 0.0000e+00
-5.875 0.125 0.0000e+00
-5.875 0.175 0.0000e+00
-5.875 0.225 0.0000e+00
-5.875 0.275 0.0000e+00
-5.875 0.325 0.0000e+00
-5.875 0.375 0.0000e+00
-5.875 0.425 0.0000e+00
-5.875 0.475 0.0000e+00
-5.875 0.525 0.0000e+00
-5.875 0.575 0.0000e+00
-5.875 0.625 0.0000e+00
-5.875 0.675 0.0000e+00
-5.875 0.725 0.0000e+00
-5.875 0.775 2.0651e-15
-5.875 0.825 4.1222e-15
-5.875 0.875 8.2287e-15
-5.875 0.925 1.6427e-14
-5.875 0.975 3.2796e-14
-5.875 1.025 6.5480e-14
-5.875 1.075 1.3075e-13
-5.875 1.125 2.6109e-13
-5.875 1.175 5.2144e-13
-5.875 1.225 1.0415e-12
-5.875 1.275 2.0805e-12
-5.875 1.325 4.1567e-12
-5.875 1.375 8.3059e-12
-5.875 1.425 1.6600e-11
-5.875 1.475 3.3183e-11
-5.875 1.525 6.6347e-11
-5.875 1.575 1.3269e-10
-5.875 1.625 2.6544e-10
-5.875 1.675 5.3118e-10
-5.875 1.725 1.0633e-09
-5.875 1.775 2.1294e-09
-5.875 1.825 4.2661e-09
-5.875 1.875 8.5510e-09
-5.875 1.925 1.7149e-08
-5.875 1.975 3.4413e-08
-5.875 2.025 6.9101e-08
-5.875 2.075 1.3886e-07
-5.875 2.125 2.7926e-07
-5.875 2.175 5.6212e-07
-5.875 2.225 1.1326e-06
-5.875 2.275 2.2846e-06
-5.875 2.325 4.6135e-06
-5.875 2.375 9.3286e-06
-5.875 2.425 1.8888e-05
-5.875 2.475 3.8302e-05
-5.875 2.525 7.7789e-05
-5.875 2.575 1.5825e-04
-5.875 2.625 3.2246e-04
-5.875 2.675 6.5818e-04
-5.875 2.725 1.3456e-03
-5.875 2.775 2.7553e-03
-5.875 2.825 5.6486e-03
-5.875 2.875 1.1590e-02
-5.875 2.925 2.3787e-02
-5.875 2.975 4.8788e-02
-5.875 3.025 9.9886e-02
-5.875 3.075 2.0382e-01
-5.875 3.125 4.1368e-01
-5.875 3.175 8.3331e-01
-5.875 3.225 1.6618e+00
-5.875 3.275 3.2735e+00
-5.875 3.325 6.3596e+00
-5.875 3.375 1.2186e+01
-5.875 3.425 2.3087e+01
-5.875 3.475 4.3462e+01
-5.875 3.525 8.1839e+01
-5.875 3.575 1.5499e+02
-5.875 3.625 2.9550e+02
-5.875 3.675 5.6361e+02
-5.875 3.725 1.0602e+03
-5.875 3.775 1.9215e+03
-5.875 3.825 3.0938e+03
-5.875 3.875 0.0000e+00
-5.875 3.925 0.0000e+00
-5.875 3.975 0.0000e+00
-5.825 -1.975 0.0000e+00
-5.825 -1.925 0.0000e+00
-5.825 -1.875 0.0000e+00
-5.825 -1.825 0.0000e+00
-5.825 -1.775 0.0000e+00
-5.825 -1.725 0.0000e+00
-5.825 -1.675 0.0000e+00
-5.825 -1.625 0.0000e+00
-5.825 -1.575 0.0000e+00
-5.825 -1.525 0.0000e+00
-5.825 -1.475 0.0000e+00
-5.825 -1.425 0.0000e+00
-5.825 -1.375 0.0000e+00
-5.825 -1.325 0.0000e+00
-5.825 -1.275 0.0000e+00
-5.825 -1.225 0.0000e+00
-5.825 -1.175 0.0000e+00
-5.825 -1.125 0.0000e+00
-5.825 -1.075 0.0000e+00
-5.825 -1.025 0.0000e+00
-5.825 -0.975 0.0000e+00
-5.825 -0.925 0.0000e+00
-5.825 -0.875 0.0000e+00
-5.825 -0.825 0.0000e+00
-5.825 -0.775 0.0000e+00
-5.825 -0.725 0.0000e+00
-5.825 -0.675 0.0000e+00
-5.825 -0.625 0.0000e+00
-5.825 -0.575 0.0000e+00
-5.825 -0.525 0.0000e+00
-5.825 -0.475 0.0000e+00
-5.825 -0.425 0.0000e+00
-5.825 -0.375 0.0000e+00
-5.825 -0.325 0.0000e+00
-5.825 -0.275 0.0000e+00
-5.825 -0.225 0.0000e+00
-5.825 -0.175 0.0000e+00
-5.825 -0.125 0.0000e+00
-5.825 -0.075 0.0000e+00
-5.825 -0.025 0.0000e+00
-5.825 0.025 0.0000e+00
-5.825 0.075 0.0000e+00
-5.825 0.125 0.0000e+00
-5.825 0.175 0.0000e+00
-5.825 0.225 0.0000e+00
-5.825 0.275 0.0000e+00
-5.825 0.325 0.0000e+00
-5.825 0.375 0.0000e+00
-5.825 0.425 0.0000e+00
-5.825 0.475 0.0000e+00
-5.825 0.525 0.0000e+00
-5.825 0.575 0.0000e+00
-5.825 0.625 0.0000e+00
-5.825 0.675 0.0000e+00
-5.825 0.725 0.0000e+00
-5.825 0.775 2.5998e-15
-5.825 0.825 5.1895e-15
-5.825 0.875 1.0359e-14
-5.825 0.925 2.0681e-14
-5.825 0.975 4.1288e-14
-5.825 1.025 8.2434e-14
-5.825 1.075 1.6460e-13
-5.825 1.125 3.2870e-13
-5.825 1.175 6.5645e-13
-5.825 1.225 1.3112e-12
-5.825 1.275 2.6192e-12
-5.825 1.325 5.2329e-12
-5.825 1.375 1.0457e-11
-5.825 1.425 2.0898e-11
-5.825 1.475 4.1775e-11
-5.825 1.525 8.3526e-11
-5.825 1.575 1.6705e-10
-5.825 1.625 3.3417e-10
-5.825 1.675 6.6871e-10
-5.825 1.725 1.3386e-09
-5.825 1.775 2.6807e-09
-5.825 1.825 5.3707e-09
-5.825 1.875 1.0765e-08
-5.825 1.925 2.1589e-08
-5.825 1.975 4.3323e-08
-5.825 2.025 8.6993e-08
-5.825 2.075 1.7481e-07
-5.825 2.125 3.5157e-07
-5.825 2.175 7.0767e-07
-5.825 2.225 1.4259e-06
-5.825 2.275 2.8761e-06
-5.825 2.325 5.8081e-06
-5.825 2.375 1.1744e-05
-5.825 2.425 2.3779e-05
-5.825 2.475 4.8219e-05
-5.825 2.525 9.7931e-05
-5.825 2.575 1.9922e-04
-5.825 2.625 4.0595e-04
-5.825 2.675 8.2860e-04
-5.825 2.725 1.6941e-03
-5.825 2.775 3.4687e-03
-5.825 2.825 7.1112e-03
-5.825 2.875 1.4591e-02
-5.825 2.925 2.9946e-02
-5.825 2.975 6.1421e-02
-5.825 3.025 1.2575e-01
-5.825 3.075 2.5659e-01
-5.825 3.125 5.2080e-01
-5.825 3.175 1.0491e+00
-5.825 3.225 2.0921e+00
-5.825 3.275 4.1211e+00
-5.825 3.325 8.0063e+00
-5.825 3.375 1.5342e+01
-5.825 3.425 2.9065e+01
-5.825 3.475 5.4716e+01
-5.825 3.525 1.0303e+02
-5.825 3.575 1.9513e+02
-5.825 3.625 3.7202e+02
-5.825 3.675 7.0954e+02
-5.825 3.725 1.3347e+03
-5.825 3.775 2.4190e+03
-5.825 3.825 3.8948e+03
-5.825 3.875 0.0000e+00
-5.825 3.925 0.0000e+00
-5.825 3.975 0.0000e+00
-5.775 -1.975 0.0000e+00
-5.775 -1.925 0.0000e+00
-5.775 -1.875 0.0000e+00
-5.775 -1.825 0.0000e+00
-5.775 -1.775 0.0000e+00
-5.775 -1.725 0.0000e+00
-5.775 -1.675 0.0000e+00
-5.775 -1.625 0.0000e+00
-5.775 -1.575 0.0000e+00
-5.775 -1.525 0.0000e+00
-5.775 -1.475 0.0000e+00
-5.775 -1.425 0.0000e+00
-5.775 -1.375 0.0000e+00
-5.775 -1.325 0.0000e+00
-5.775 -1.275 0.0000e+00
-5.775 -1.225 0.0000e+00
-5.775 -1.175 0.0000e+00
-5.775 -1.125 0.0000e+00
-5.775 -1.075 0.0000e+00
-5.775 -1.025 0.0000e+00
-5.775 -0.975 0.0000e+00
-5.775 -0.925 0.0000e+00
-5.775 -0.875 0.0000e+00
-5.775 -0.825 0.0000e+00
-5.775 -0.775 0.0000e+00
-5.775 -0.725 0.0000e+00
-5.775 -0.675 0.0000e+00
-5.775 -0.625 0.0000e+00
-5.775 -0.575 0.0000e+00
-5.775 -0.525 0.0000e+00
-5.775 -0.475 0.0000e+00
-5.775 -0.425 0.0000e+00
-5.775 -0.375 0.0000e+00
-5.775 -0.325 0.0000e+00
-5.775 -0.275 0.0000e+00
-5.775 -0.225 0.0000e+00
-5.775 -0.175 0.0000e+00
-5.775 -0.125 0.0000e+00
-5.775 -0.075 0.0000e+00
-5.775 -0.025 0.0000e+00
-5.775 0.025 0.0000e+00
-5.775 0.075 0.0000e+00
-5.775 0.125 0.0000e+00
-5.775 0.175 0.0000e+00
-5.775 0.225 0.0000e+00
-5.775 0.275 0.0000e+00
-5.775 0.325 0.0000e+00
-5.775 0.375 0.0000e+00
-5.775 0.425 0.0000e+00
-5.775 0.475 0.0000e+00
-5.775 0.525 0.0000e+00
-5.775 0.575 0.0000e+00
-5.775 0.625 0.0000e+00
-5.775 0.675 0.0000e+00
-5.775 0.725 0.0000e+00
-5.775 0.775 3.2730e-15
-5.775 0.825 6.5332e-15
-5.775 0.875 1.3042e-14
-5.775 0.925 2.6035e-14
-5.775 0.975 5.1978e-14
-5.775 1.025 1.0378e-13
-5.775 1.075 2.0722e-13
-5.775 1.125 4.1380e-13
-5.775 1.175 8.2642e-13
-5.775 1.225 1.6507e-12
-5.775 1.275 3.2974e-12
-5.775 1.325 6.5879e-12
-5.775 1.375 1.3164e-11
-5.775 1.425 2.6309e-11
-5.775 1.475 5.2592e-11
-5.775 1.525 1.0515e-10
-5.775 1.575 2.1030e-10
-5.775 1.625 4.2070e-10
-5.775 1.675 8.4186e-10
-5.775 1.725 1.6852e-09
-5.775 1.775 3.3748e-09
-5.775 1.825 6.7613e-09
-5.775 1.875 1.3552e-08
-5.775 1.925 2.7179e-08
-5.775 1.975 5.4540e-08
-5.775 2.025 1.0952e-07
-5.775 2.075 2.2007e-07
-5.775 2.125 4.4260e-07
-5.775 2.175 8.9091e-07
-5.775 2.225 1.7951e-06
-5.775 2.275 3.6208e-06
-5.775 2.325 7.3119e-06
-5.775 2.375 1.4785e-05
-5.775 2.425 2.9936e-05
-5.775 2.475 6.0704e-05
-5.775 2.525 1.2329e-04
-5.775 2.575 2.5080e-04
-5.775 2.625 5.1106e-04
-5.775 2.675 1.0431e-03
-5.775 2.725 2.1327e-03
-5.775 2.775 4.3668e-03
-5.775 2.825 8.9525e-03
-5.775 2.875 1.8369e-02
-5.775 2.925 3.7700e-02
-5.775 2.975 7.7324e-02
-5.775 3.025 1.5831e-01
-5.775 3.075 3.2303e-01
-5.775 3.125 6.5565e-01
-5.775 3.175 1.3207e+00
-5.775 3.225 2.6338e+00
-5.775 3.275 5.1882e+00
-5.775 3.325 1.0079e+01
-5.775 3.375 1.9314e+01
-5.775 3.425 3.6591e+01
-5.775 3.475 6.8885e+01
-5.775 3.525 1.2971e+02
-5.775 3.575 2.4565e+02
-5.775 3.625 4.6835e+02
-5.775 3.675 8.9327e+02
-5.775 3.725 1.6803e+03
-5.775 3.775 3.0453e+03
-5.775 3.825 4.9031e+03
-5.775 3.875 0.0000e+00
-5.775 3.925 0.0000e+00
-5.775 3.975 0.0000e+00
-5.725 -1.975 0.0000e+00
-5.725 -1.925 0.0000e+00
-5.725 -1.875 0.0000e+00
-5.725 -1.825 0.0000e+00
-5.725 -1.775 0.0000e+00
-5.725 -1.725 0.0000e+00
-5.725 -1.675 0.0000e+00
-5.725 -1.625 0.0000e+00
-5.725 -1.575 0.0000e+00
-5.725 -1.525 0.0000e+00
-5.725 -1.475 0.0000e+00
-5.725 -1.425 0.0000e+00
-5.725 -1.375 0.0000e+00
-5.725 -1.325 0.0000e+00
-5.725 -1.275 0.0000e+00
-5.725 -1.225 0.0000e+00
-5.725 -1.175 0.0000e+00
-5.725 -1.125 0.0000e+00
-5.725 -1.075 0.0000e+00
-5.725 -1.025 0.0000e+00
-5.725 -0.975 0.0000e+00
-5.725 -0.925 0.0000e+00
-5.725 -0.875 0.0000e+00
-5.725 -0.825 0.0000e+00
-5.725 -0.775 0.0000e+00
-5.725 -0.725 0.0000e+00
-5.725 -0.675 0.0000e+00
-5.725 -0.625 0.0000e+00
-5.725 -0.575 0.0000e+00
-5.725 -0.525 0.0000e+00
-5.725 -0.475 0.0000e+00
-5.725 -0.425 0.0000e+00
-5.725 -0.375 0.0000e+00
-5.725 -0.325 0.0000e+00
-5.725 -0.275 0.0000e+00
-5.725 -0.225 0.0000e+00
-5.725 -0.175 0.0000e+00
-5.725 -0.125 0.0000e+00
-5.725 -0.075 0.0000e+00
-5.725 -0.025 0.0000e+00
-5.725 0.025 0.0000e+00
-5.725 0.075 0.0000e+00
-5.725 0.125 0.0000e+00
-5.725 0.175 0.0000e+00
-5.725 0.225 0.0000e+00
-5.725 0.275 0.0000e+00
-5.725 0.325 0.0000e+00
-5.725 0.375 0.0000e+00
-5.725 0.425 0.0000e+00
-5.725 0.475 0.0000e+00
-5.725 0.525 0.0000e+00
-5.725 0.575 0.0000e+00
-5.725 0.625 0.0000e+00
-5.725 0.675 0.0000e+00
-5.725 0.725 0.0000e+00
-5.725 0.775 4.1205e-15
-5.725 0.825 8.2248e-15
-5.725 0.875 1.6418e-14
-5.725 0.925 3.2776e-14
-5.725 0.975 6.5436e-14
-5.725 1.025 1.3065e-13
-5.725 1.075 2.6087e-13
-5.725 1.125 5.2095e-13
-5.725 1.175 1.0404e-12
-5.725 1.225 2.0781e-12
-5.725 1.275 4.1512e-12
-5.725 1.325 8.2936e-12
-5.725 1.375 1.6573e-11
-5.725 1.425 3.3121e-11
-5.725 1.475 6.6209e-11
-5.725 1.525 1.3238e-10
-5.725 1.575 2.6475e-10
-5.725 1.625 5.2963e-10
-5.725 1.675 1.0598e-09
-5.725 1.725 2.1216e-09
-5.725 1.775 4.2486e-09
-5.725 1.825 8.5119e-09
-5.725 1.875 1.7061e-08
-5.725 1.925 3.4217e-08
-5.725 1.975 6.8662e-08
-5.725 2.025 1.3787e-07
-5.725 2.075 2.7706e-07
-5.725 2.125 5.5719e-07
-5.725 2.175 1.1216e-06
-5.725 2.225 2.2599e-06
-5.725 2.275 4.5583e-06
-5.725 2.325 9.2052e-06
-5.725 2.375 1.8613e-05
-5.725 2.425 3.7687e-05
-5.725 2.475 7.6422e-05
-5.725 2.525 1.5521e-04
-5.725 2.575 3.1574e-04
-5.725 2.625 6.4339e-04
-5.725 2.675 1.3132e-03
-5.725 2.725 2.6849e-03
-5.725 2.775 5.4975e-03
-5.725 2.825 1.1271e-02
-5.725 2.875 2.3125e-02
-5.725 2.925 4.7461e-02
-5.725 2.975 9.7345e-02
-5.725 3.025 1.9930e-01
-5.725 3.075 4.0667e-01
-5.725 3.125 8.2541e-01
-5.725 3.175 1.6627e+00
-5.725 3.225 3.3158e+00
-5.725 3.275 6.5316e+00
-5.725 3.325 1.2689e+01
-5.725 3.375 2.4315e+01
-5.725 3.425 4.6066e+01
-5.725 3.475 8.6723e+01
-5.725 3.525 1.6330e+02
-5.725 3.575 3.0927e+02
-5.725 3.625 5.8963e+02
-5.725 3.675 1.1246e+03
-5.725 3.725 2.1154e+03
-5.725 3.775 3.8338e+03
-5.725 3.825 6.1725e+03
-5.725 3.875 0.0000e+00
-5.725 3.925 0.0000e+00
-5.725 3.975 0.0000e+00
-5.675 -1.975 0.0000e+00
-5.675 -1.925 0.0000e+00
-5.675 -1.875 0.0000e+00
-5.675 -1.825 0.0000e+00
-5.675 -1.775 0.0000e+00
-5.675 -1.725 0.0000e+00
-5.675 -1.675 0.0000e+00
-5.675 -1.625 0.0000e+00
-5.675 -1.575 0.0000e+00
-5.675 -1.525 0.0000e+00
-5.675 -1.475 0.0000e+00
-5.675 -1.425 0.0000e+00
-5.675 -1.375 0.0000e+00
-5.675 -1.325 0.0000e+00
-5.675 -1.275 0.0000e+00
-5.675 -1.225 0.0000e+00
-5.675 -1.175 0.0000e+00
-5.675 -1.125 0.0000e+00
-5.675 -1.075 0.0000e+00
-5.675 -1.025 0.0000e+00
-5.675 -0.975 0.0000e+00
-5.675 -0.925 0.0000e+00
-5.675 -0.875 0.0000e+00
-5.675 -0.825 0.0000e+00
-5.675 -0.775 0.0000e+00
-5.675 -0.725 0.0000e+00
-5.675 -0.675 0.0000e+00
-5.675 -0.625 0.0000e+00
-5.675 -0.575 0.0000e+00
-5.675 -0.525 0.0000e+00
-5.675 -0.475 0.0000e+00
-5.675 -0.425 0.0000e+00
-5.675 -0.375 0.0000e+00
-5.675 -0.325 0.0000e+00
-5.675 -0.275 0.0000e+00
-5.675 -0.225 0.0000e+00
-5.675 -0.175 0.0000e+00
-5.675 -0.125 0.0000e+00
-5.675 -0.075 0.0000e+00
-5.675 -0.025 0.0000e+00
-5.675 0.025 0.0000e+00
-5.675 0.075 0.0000e+00
-5.675 0.125 0.0000e+00
-5.675 0.175 0.0000e+00
-5.675 0.225 0.0000e+00
-5.675 0.275 0.0000e+00
-5.675 0.325 0.0000e+00
-5.675 0.375 0.0000e+00
-5.675 0.425 0.0000e+00
-5.675 0.475 0.0000e+00
-5.675 0.525 0.0000e+00
-5.675 0.575 0.0000e+00
-5.675 0.625 0.0000e+00
-5.675 0.675 0.0000e+00
-5.675 0.725 0.0000e+00
-5.675 0.775 5.1873e-15
-5.675 0.825 1.0354e-14
-5.675 0.875 2.0670e-14
-5.675 0.925 4.1263e-14
-5.675 0.975 8.2380e-14
-5.675 1.025 1.6448e-13
-5.675 1.075 3.2842e-13
-5.675 1.125 6.5584e-13
-5.675 1.175 1.3098e-12
-5.675 1.225 2.6161e-12
-5.675 1.275 5.2260e-12
-5.675 1.325 1.0441e-11
-5.675 1.375 2.0864e-11
-5.675 1.425 4.1697e-11
-5.675 1.475 8.3352e-11
-5.675 1.525 1.6666e-10
-5.675 1.575 3.3330e-10
-5.675 1.625 6.6676e-10
-5.675 1.675 1.3343e-09
-5.675 1.725 2.6709e-09
-5.675 1.775 5.3487e-09
-5.675 1.825 1.0716e-08
-5.675 1.875 2.1479e-08
-5.675 1.925 4.3076e-08
-5.675 1.975 8.6440e-08
-5.675 2.025 1.7357e-07
-5.675 2.075 3.4879e-07
-5.675 2.125 7.0147e-07
-5.675 2.175 1.4120e-06
-5.675 2.225 2.8450e-06
-5.675 2.275 5.7386e-06
-5.675 2.325 1.1589e-05
-5.675 2.375 2.3432e-05
-5.675 2.425 4.7446e-05
-5.675 2.475 9.6210e-05
-5.675 2.525 1.9540e-04
-5.675 2.575 3.9749e-04
-5.675 2.625 8.0998e-04
-5.675 2.675 1.6533e-03
-5.675 2.725 3.3801e-03
-5.675 2.775 6.9210e-03
-5.675 2.825 1.4189e-02
-5.675 2.875 2.9113e-02
-5.675 2.925 5.9750e-02
-5.675 2.975 1.2255e-01
-5.675 3.025 2.5090e-01
-5.675 3.075 5.1197e-01
-5.675 3.125 1.0391e+00
-5.675 3.175 2.0932e+00
-5.675 3.225 4.1744e+00
-5.675 3.275 8.2228e+00
-5.675 3.325 1.5975e+01
-5.675 3.375 3.0612e+01
-5.675 3.425 5.7995e+01
-5.675 3.475 1.0918e+02
-5.675 3.525 2.0559e+02
-5.675 3.575 3.8935e+02
-5.675 3.625 7.4232e+02
-5.675 3.675 1.4158e+03
-5.675 3.725 2.6631e+03
-5.675 3.775 4.8263e+03
-5.675 3.825 7.7704e+03
-5.675 3.875 0.0000e+00
-5.675 3.925 0.0000e+00
-5.675 3.975 0.0000e+00
-5.625 -1.975 0.0000e+00
-5.625 -1.925 0.0000e+00
-5.625 -1.875 0.0000e+00
-5.625 -1.825 0.0000e+00
-5.625 -1.775 0.0000e+00
-5.625 -1.725 0.0000e+00
-5.625 -1.675 0.0000e+00
-5.625 -1.625 0.0000e+00
-5.625 -1.575 0.0000e+00
-5.625 -1.525 0.0000e+00
-5.625 -1.475 0.0000e+00
-5.625 -1.425 0.0000e+00
-5.625 -1.375 0.0000e+00
-5.625 -1.325 0.0000e+00
-5.625 -1.275 0.0000e+00
-5.625 -1.225 0.0000e+00
-5.625 -1.175 0.0000e+00
-5.625 -1.125 0.0000e+00
-5.625 -1.075 0.0000e+00
-5.625 -1.025 0.0000e+00
-5.625 -0.975 0.0000e+00
-5.625 -0.925 0.0000e+00
-5.625 -0.875 0.0000e+00
-5.625 -0.825 0.0000e+00
-5.625 -0.775 0.0000e+00
-5.625 -0.725 0.0000e+00
-5.625 -0.675 0.0000e+00
-5.625 -0.625 0.0000e+00
-5.625 -0.575 0.0000e+00
-5.625 -0.525 0.0000e+00
-5.625 -0.475 0.0000e+00
-5.625 -0.425 0.0000e+00
-5.625 -0.375 0.0000e+00
-5.625 -0.325 0.0000e+00
-5.625 -0.275 0.0000e+00
-5.625 -0.225 0.0000e+00
-5.625 -0.175 0.0000e+00
-5.625 -0.125 0.0000e+00
-5.625 -0.075 0.0000e+00
-5.625 -0.025 0.0000e+00
-5.625 0.025 0.0000e+00
-5.625 0.075 0.0000e+00
-5.625 0.125 0.0000e+00
-5.625 0.175 0.0000e+00
-5.625 0.225 0.0000e+00
-5.625 0.275 0.0000e+00
-5.625 0.325 0.0000e+00
-5.625 0.375 0.0000e+00
-5.625 0.425 0.0000e+00
-5.625 0.475 0.0000e+00
-5.625 0.525 0.0000e+00
-5.625 0.575 0.0000e+00
-5.625 0.625 0.0000e+00
-5.625 0.675 0.0000e+00
-5.625 0.725 0.0000e+00
-5.625 0.775 6.5305e-15
-5.625 0.825 1.3035e-14
-5.625 0.875 2.6021e-14
-5.625 0.925 5.1947e-14
-5.625 0.975 1.0371e-13
-5.625 1.025 2.0707e-13
-5.625 1.075 4.1346e-13
-5.625 1.125 8.2565e-13
-5.625 1.175 1.6489e-12
-5.625 1.225 3.2935e-12
-5.625 1.275 6.5792e-12
-5.625 1.325 1.3145e-11
-5.625 1.375 2.6266e-11
-5.625 1.425 5.2494e-11
-5.625 1.475 1.0493e-10
-5.625 1.525 2.0981e-10
-5.625 1.575 4.1960e-10
-5.625 1.625 8.3940e-10
-5.625 1.675 1.6797e-09
-5.625 1.725 3.3625e-09
-5.625 1.775 6.7337e-09
-5.625 1.825 1.3491e-08
-5.625 1.875 2.7041e-08
-5.625 1.925 5.4230e-08
-5.625 1.975 1.0882e-07
-5.625 2.025 2.1852e-07
-5.625 2.075 4.3911e-07
-5.625 2.125 8.8309e-07
-5.625 2.175 1.7776e-06
-5.625 2.225 3.5817e-06
-5.625 2.275 7.2244e-06
-5.625 2.325 1.4589e-05
-5.625 2.375 2.9500e-05
-5.625 2.425 5.9731e-05
-5.625 2.475 1.2112e-04
-5.625 2.525 2.4599e-04
-5.625 2.575 5.0042e-04
-5.625 2.625 1.0197e-03
-5.625 2.675 2.0814e-03
-5.625 2.725 4.2553e-03
-5.625 2.775 8.7130e-03
-5.625 2.825 1.7863e-02
-5.625 2.875 3.6651e-02
-5.625 2.925 7.5221e-02
-5.625 2.975 1.5428e-01
-5.625 3.025 3.1587e-01
-5.625 3.075 6.4453e-01
-5.625 3.125 1.3082e+00
-5.625 3.175 2.6352e+00
-5.625 3.225 5.2553e+00
-5.625 3.275 1.0352e+01
-5.625 3.325 2.0112e+01
-5.625 3.375 3.8539e+01
-5.625 3.425 7.3014e+01
-5.625 3.475 1.3745e+02
-5.625 3.525 2.5883e+02
-5.625 3.575 4.9018e+02
-5.625 3.625 9.3455e+02
-5.625 3.675 1.7824e+03
-5.625 3.725 3.3527e+03
-5.625 3.775 6.0758e+03
-5.625 3.825 9.7819e+03
-5.625 3.875 0.0000e+00
-5.625 3.925 0.0000e+00
-5.625 3.975 0.0000e+00
-5.575 -1.975 0.0000e+00
-5.575 -1.925 0.0000e+00
-5.575 -1.875 0.0000e+00
-5.575 -1.825 0.0000e+00
-5.575 -1.775 0.0000e+00
-5.575 -1.725 0.0000e+00
-5.575 -1.675 0.0000e+00
-5.575 -1.625 0.0000e+00
-5.575 -1.575 0.0000e+00
-5.575 -1.525 0.0000e+00
-5.575 -1.475 0.0000e+00
-5.575 -1.425 0.0000e+00
-5.575 -1.375 0.0000e+00
-5.575 -1.325 0.0000e+00
-5.575 -1.275 0.0000e+00
-5.575 -1.225 0.0000e+00
-5.575 -1.175 0.0000e+00
-5.575 -1.125 0.0000e+00
-5.575 -1.075 0.0000e+00
-5.575 -1.025 0.0000e+00
-5.575 -0.975 0.0000e+00
-5.575 -0.925 0.0000e+00
-5.575 -0.875 0.0000e+00
-5.575 -0.825 0.0000e+00
-5.575 -0.775 0.0000e+00
-5.575 -0.725 0.0000e+00
-5.575 -0.675 0.0000e+00
-5.575 -0.625 0.0000e+00
-5.575 -0.575 0.0000e+00
-5.575 -0.525 0.0000e+00
-5.575 -0.475 0.0000e+00
-5.575 -0.425 0.0000e+00
-5.575 -0.375 0.0000e+00
-5.575 -0.325 0.0000e+00
-5.575 -0.275 0.0000e+00
-5.575 -0.225 0.0000e+00
-5.575 -0.175 0.0000e+00
-5.575 -0.125 0.0000e+00
-5.575 -0.075 0.0000e+00
-5.575 -0.025 0.0000e+00
-5.575 0.025 0.0000e+00
-5.575 0.075 0.0000e+00
-5.575 0.125 0.0000e+00
-5.575 0.175 0.0000e+00
-5.575 0.225 0.0000e+00
-5.575 0.275 0.0000e+00
-5.575 0.325 0.0000e+00
-5.575 0.375 0.0000e+00
-5.575 0.425 0.0000e+00
-5.575 0.475 0.0000e+00
-5.575 0.525 0.0000e+00
-5.575 0.575 0.0000e+00
-5.575 0.625 0.0000e+00
-5.575 0.675 0.0000e+00
-5.575 0.725 0.0000e+00
-5.575 0.775 8.2214e-15
-5.575 0.825 1.6411e-14
-5.575 0.875 3.2759e-14
-5.575 0.925 6.5398e-14
-5.575 0.975 1.3056e-13
-5.575 1.025 2.6068e-13
-5.575 1.075 5.2051e-13
-5.575 1.125 1.0394e-12
-5.575 1.175 2.0759e-12
-5.575 1.225 4.1463e-12
-5.575 1.275 8.2827e-12
-5.575 1.325 1.6548e-11
-5.575 1.375 3.3067e-11
-5.575 1.425 6.6086e-11
-5.575 1.475 1.3210e-10
-5.575 1.525 2.6413e-10
-5.575 1.575 5.2824e-10
-5.575 1.625 1.0567e-09
-5.575 1.675 2.1147e-09
-5.575 1.725 4.2331e-09
-5.575 1.775 8.4772e-09
-5.575 1.825 1.6984e-08
-5.575 1.875 3.4042e-08
-5.575 1.925 6.8271e-08
-5.575 1.975 1.3700e-07
-5.575 2.025 2.7510e-07
-5.575 2.075 5.5280e-07
-5.575 2.125 1.1117e-06
-5.575 2.175 2.2379e-06
-5.575 2.225 4.5090e-06
-5.575 2.275 9.0950e-06
-5.575 2.325 1.8367e-05
-5.575 2.375 3.7138e-05
-5.575 2.425 7.5196e-05
-5.575 2.475 1.5248e-04
-5.575 2.525 3.0968e-04
-5.575 2.575 6.2999e-04
-5.575 2.625 1.2837e-03
-5.575 2.675 2.6203e-03
-5.575 2.725 5.3571e-03
-5.575 2.775 1.0969e-02
-5.575 2.825 2.2488e-02
-5.575 2.875 4.6141e-02
-5.575 2.925 9.4698e-02
-5.575 2.975 1.9423e-01
-5.575 3.025 3.9766e-01
-5.575 3.075 8.1142e-01
-5.575 3.125 1.6469e+00
-5.575 3.175 3.3176e+00
-5.575 3.225 6.6161e+00
-5.575 3.275 1.3033e+01
-5.575 3.325 2.5320e+01
-5.575 3.375 4.8518e+01
-5.575 3.425 9.1922e+01
-5.575 3.475 1.7305e+02
-5.575 3.525 3.2586e+02
-5.575 3.575 6.1713e+02
-5.575 3.625 1.1766e+03
-5.575 3.675 2.2439e+03
-5.575 3.725 4.2207e+03
-5.575 3.775 7.6488e+03
-5.575 3.825 1.2314e+04
-5.575 3.875 0.0000e+00
-5.575 3.925 0.0000e+00
-5.575 3.975 0.0000e+00
-5.525 -1.975 0.0000e+00
-5.525 -1.925 0.0000e+00
-5.525 -1.875 0.0000e+00
-5.525 -1.825 0.0000e+00
-5.525 -1.775 0.0000e+00
-5.525 -1.725 0.0000e+00
-5.525 -1.675 0.0000e+00
-5.525 -1.625 0.0000e+00
-5.525 -1.575 0.0000e+00
-5.525 -1.525 0.0000e+00
-5.525 -1.475 0.0000e+00
-5.525 -1.425 0.0000e+00
-5.525 -1.375 0.0000e+00
-5.525 -1.325 0.0000e+00
-5.525 -1.275 0.0000e+00
-5.525 -1.225 0.0000e+00
-5.525 -1.175 0.0000e+00
-5.525 -1.125 0.0000e+00
-5.525 -1.075 0.0000e+00
-5.525 -1.025 0.0000e+00
-5.525 -0.975 0.0000e+00
-5.525 -0.925 0.0000e+00
-5.525 -0.875 0.0000e+00
-5.525 -0.825 0.0000e+00
-5.525 -0.775 0.0000e+00
-5.525 -0.725 0.0000e+00
-5.525 -0.675 0.0000e+00
-5.525 -0.625 0.0000e+00
-5.525 -0.575 0.0000e+00
-5.525 -0.525 0.0000e+00
-5.525 -0.475 0.0000e+00
-5.525 -0.425 0.0000e+00
-5.525 -0.375 0.0000e+00
-5.525 -0.325 0.0000e+00
-5.525 -0.275 0.0000e+00
-5.525 -0.225 0.0000e+00
-5.525 -0.175 0.0000e+00
-5.525 -0.125 0.0000e+00
-5.525 -0.075 0.0000e+00
-5.525 -0.025 0.0000e+00
-5.525 0.025 0.0000e+00
-5.525 0.075 0.0000e+00
-5.525 0.125 0.0000e+00
-5.525 0.175 0.0000e+00
-5.525 0.225 0.0000e+00
-5.525 0.275 0.0000e+00
-5.525 0.325 0.0000e+00
-5.525 0.375 0.0000e+00
-5.525 0.425 0.0000e+00
-5.525 0.475 0.0000e+00
-5.525 0.525 0.0000e+00
-5.525 0.575 0.0000e+00
-5.525 0.625 0.0000e+00
-5.525 0.675 0.0000e+00
-5.525 0.725 0.0000e+00
-5.525 0.775 1.0350e-14
-5.525 0.825 2.0660e-14
-5.525 0.875 4.1241e-14
-5.525 0.925 8.2331e-14
-5.525 0.975 1.6437e-13
-5.525 1.025 3.2818e-13
-5.525 1.075 6.5529e-13
-5.525 1.125 1.3086e-12
-5.525 1.175 2.6134e-12
-5.525 1.225 5.2199e-12
-5.525 1.275 1.0427e-11
-5.525 1.325 2.0833e-11
-5.525 1.375 4.1628e-11
-5.525 1.425 8.3197e-11
-5.525 1.475 1.6631e-10
-5.525 1.525 3.3252e-10
-5.525 1.575 6.6502e-10
-5.525 1.625 1.3304e-09
-5.525 1.675 2.6622e-09
-5.525 1.725 5.3292e-09
-5.525 1.775 1.0672e-08
-5.525 1.825 2.1381e-08
-5.525 1.875 4.2856e-08
-5.525 1.925 8.5948e-08
-5.525 1.975 1.7247e-07
-5.525 2.025 3.4633e-07
-5.525 2.075 6.9594e-07
-5.525 2.125 1.3996e-06
-5.525 2.175 2.8173e-06
-5.525 2.225 5.6765e-06
-5.525 2.275 1.1450e-05
-5.525 2.325 2.3122e-05
-5.525 2.375 4.6754e-05
-5.525 2.425 9.4667e-05
-5.525 2.475 1.9196e-04
-5.525 2.525 3.8987e-04
-5.525 2.575 7.9311e-04
-5.525 2.625 1.6161e-03
-5.525 2.675 3.2987e-03
-5.525 2.725 6.7442e-03
-5.525 2.775 1.3809e-02
-5.525 2.825 2.8310e-02
-5.525 2.875 5.8089e-02
-5.525 2.925 1.1922e-01
-5.525 2.975 2.4452e-01
-5.525 3.025 5.0063e-01
-5.525 3.075 1.0215e+00
-5.525 3.125 2.0734e+00
-5.525 3.175 4.1766e+00
-5.525 3.225 8.3293e+00
-5.525 3.275 1.6407e+01
-5.525 3.325 3.1876e+01
-5.525 3.375 6.1083e+01
-5.525 3.425 1.1573e+02
-5.525 3.475 2.1787e+02
-5.525 3.525 4.1025e+02
-5.525 3.575 7.7696e+02
-5.525 3.625 1.4813e+03
-5.525 3.675 2.8250e+03
-5.525 3.725 5.3135e+03
-5.525 3.775 9.6288e+03
-5.525 3.825 1.5501e+04
-5.525 3.875 0.0000e+00
-5.525 3.925 0.0000e+00
-5.525 3.975 0.0000e+00
-5.475 -1.975 0.0000e+00
-5.475 -1.925 0.0000e+00
-5.475 -1.875 0.0000e+00
-5.475 -1.825 0.0000e+00
-5.475 -1.775 0.0000e+00
-5.475 -1.725 0.0000e+00
-5.475 -1.675 0.0000e+00
-5.475 -1.625 0.0000e+00
-5.475 -1.575 0.0000e+00
-5.475 -1.525 0.0000e+00
-5.475 -1.475 0.0000e+00
-5.475 -1.425 0.0000e+00
-5.475 -1.375 0.0000e+00
-5.475 -1.325 0.0000e+00
-5.475 -1.275 0.0000e+00
-5.475 -1.225 0.0000e+00
-5.475 -1.175 0.0000e+00
-5.475 -1.125 0.0000e+00
-5.475 -1.075 0.0000e+00
-5.475 -1.025 0.0000e+00
-5.475 -0.975 0.0000e+00
-5.475 -0.925 0.0000e+00
-5.475 -0.875 0.0000e+00
-5.475 -0.825 0.0000e+00
-5.475 -0.775 0.0000e+00
-5.475 -0.725 0.0000e+00
-5.475 -0.675 0.0000e+00
-5.475 -0.625 0.0000e+00
-5.475 -0.575 0.0000e+00
-5.475 -0.525 0.0000e+00
-5.475 -0.475 0.0000e+00
-5.475 -0.425 0.0000e+00
-5.475 -0.375 0.0000e+00
-5.475 -0.325 0.0000e+00
-5.475 -0.275 0.0000e+00
-5.475 -0.225 0.0000e+00
-5.475 -0.175 0.0000e+00
-5.475 -0.125 0.0000e+00
-5.475 -0.075 0.0000e+00
-5.475 -0.025 0.0000e+00
-5.475 0.025 0.0000e+00
-5.475 0.075 0.0000e+00
-5.475 0.125 0.0000e+00
-5.475 0.175 0.0000e+00
-5.475 0.225 0.0000e+00
-5.475 0.275 0.0000e+00
-5.475 0.325 0.0000e+00
-5.475 0.375 0.0000e+00
-5.475 0.425 0.0000e+00
-5.475 0.475 0.0000e+00
-5.475 0.525 0.0000e+00
-5.475 0.575 0.0000e+00
-5.475 0.625 0.0000e+00
-5.475 0.675 0.0000e+00
-5.475 0.725 0.0000e+00
-5.475 0.775 1.3030e-14
-5.475 0.825 2.6009e-14
-5.475 0.875 5.1920e-14
-5.475 0.925 1.0365e-13
-5.475 0.975 2.0693e-13
-5.475 1.025 4.1315e-13
-5.475 1.075 8.2496e-13
-5.475 1.125 1.6474e-12
-5.475 1.175 3.2901e-12
-5.475 1.225 6.5714e-12
-5.475 1.275 1.3127e-11
-5.475 1.325 2.6227e-11
-5.475 1.375 5.2407e-11
-5.475 1.425 1.0474e-10
-5.475 1.475 2.0937e-10
-5.475 1.525 4.1862e-10
-5.475 1.575 8.3721e-10
-5.475 1.625 1.6748e-09
-5.475 1.675 3.3515e-09
-5.475 1.725 6.7090e-09
-5.475 1.775 1.3435e-08
-5.475 1.825 2.6917e-08
-5.475 1.875 5.3953e-08
-5.475 1.925 1.0820e-07
-5.475 1.975 2.1713e-07
-5.475 2.025 4.3600e-07
-5.475 2.075 8.7613e-07
-5.475 2.125 1.7620e-06
-5.475 2.175 3.5468e-06
-5.475 2.225 7.1463e-06
-5.475 2.275 1.4415e-05
-5.475 2.325 2.9109e-05
-5.475 2.375 5.8859e-05
-5.475 2.425 1.1918e-04
-5.475 2.475 2.4167e-04
-5.475 2.525 4.9082e-04
-5.475 2.575 9.9846e-04
-5.475 2.625 2.0346e-03
-5.475 2.675 4.1529e-03
-5.475 2.725 8.4905e-03
-5.475 2.775 1.7385e-02
-5.475 2.825 3.5641e-02
-5.475 2.875 7.3130e-02
-5.475 2.925 1.5009e-01
-5.475 2.975 3.0784e-01
-5.475 3.025 6.3025e-01
-5.475 3.075 1.2860e+00
-5.475 3.125 2.6103e+00
-5.475 3.175 5.2581e+00
-5.475 3.225 1.0486e+01
-5.475 3.275 2.0656e+01
-5.475 3.325 4.0131e+01
-5.475 3.375 7.6902e+01
-5.475 3.425 1.4570e+02
-5.475 3.475 2.7430e+02
-5.475 3.525 5.1651e+02
-5.475 3.575 9.7820e+02
-5.475 3.625 1.8649e+03
-5.475 3.675 3.5565e+03
-5.475 3.725 6.6893e+03
-5.475 3.775 1.2121e+04
-5.475 3.825 1.9513e+04
-5.475 3.875 0.0000e+00
-5.475 3.925 0.0000e+00
-5.475 3.975 0.0000e+00
-5.425 -1.975 0.0000e+00
-5.425 -1.925 0.0000e+00
-5.425 -1.875 0.0000e+00
-5.425 -1.825 0.0000e+00
-5.425 -1.775 0.0000e+00
-5.425 -1.725 0.0000e+00
-5.425 -1.675 0.0000e+00
-5.425 -1.625 0.0000e+00
-5.425 -1.575 0.0000e+00
-5.425 -1.525 0.0000e+00
-5.425 -1.475 0.0000e+00
-5.425 -1.425 0.0000e+00
-5.425 -1.375 0.0000e+00
-5.425 -1.325 0.0000e+00
-5.425 -1.275 0.0000e+00
-5.425 -1.225 0.0000e+00
-5.425 -1.175 0.0000e+00
-5.425 -1.125 0.0000e+00
-5.425 -1.075 0.0000e+00
-5.425 -1.025 0.0000e+00
-5.425 -0.975 0.0000e+00
-5.425 -0.925 0.0000e+00
-5.425 -0.875 0.0000e+00
-5.425 -0.825 0.0000e+00
-5.425 -0.775 0.0000e+00
-5.425 -0.725 0.0000e+00
-5.425 -0.675 0.0000e+00
-5.425 -0.625 0.0000e+00
-5.425 -0.575 0.0000e+00
-5.425 -0.525 0.0000e+00
-5.425 -0.475 0.0000e+00
-5.425 -0.425 0.0000e+00
-5.425 -0.375 0.0000e+00
-5.425 -0.325 0.0000e+00
-5.425 -0.275 0.0000e+00
-5.425 -0.225 0.0000e+00
-5.425 -0.175 0.0000e+00
-5.425 -0.125 0.0000e+00
-5.425 -0.075 0.0000e+00
-5.425 -0.025 0.0000e+00
-5.425 0.025 0.0000e+00
-5.425 0.075 0.0000e+00
-5.425 0.125 0.0000e+00
-5.425 0.175 0.0000e+00
-5.425 0.225 0.0000e+00
-5.425 0.275 0.0000e+00
-5.425 0.325 0.0000e+00
-5.425 0.375 0.0000e+00
-5.425 0.425 0.0000e+00
-5.425 0.475 0.0000e+00
-5.425 0.525 0.0000e+00
-5.425 0.575 0.0000e+00
-5.425 0.625 0.0000e+00
-5.425 0.675 0.0000e+00
-5.425 0.725 0.0000e+00
-5.425 0.775 1.6404e-14
-5.425 0.825 3.2744e-14
-5.425 0.875 6.5363e-14
-5.425 0.925 1.3049e-13
-5.425 0.975 2.6051e-13
-5.425 1.025 5.2013e-13
-5.425 1.075 1.0386e-12
-5.425 1.125 2.0739e-12
-5.425 1.175 4.1419e-12
-5.425 1.225 8.2729e-12
-5.425 1.275 1.6526e-11
-5.425 1.325 3.3018e-11
-5.425 1.375 6.5976e-11
-5.425 1.425 1.3186e-10
-5.425 1.475 2.6358e-10
-5.425 1.525 5.2701e-10
-5.425 1.575 1.0540e-09
-5.425 1.625 2.1085e-09
-5.425 1.675 4.2193e-09
-5.425 1.725 8.4462e-09
-5.425 1.775 1.6914e-08
-5.425 1.825 3.3887e-08
-5.425 1.875 6.7923e-08
-5.425 1.925 1.3622e-07
-5.425 1.975 2.7335e-07
-5.425 2.025 5.4889e-07
-5.425 2.075 1.1030e-06
-5.425 2.125 2.2182e-06
-5.425 2.175 4.4651e-06
-5.425 2.225 8.9967e-06
-5.425 2.275 1.8147e-05
-5.425 2.325 3.6646e-05
-5.425 2.375 7.4100e-05
-5.425 2.425 1.5004e-04
-5.425 2.475 3.0424e-04
-5.425 2.525 6.1790e-04
-5.425 2.575 1.2570e-03
-5.425 2.625 2.5614e-03
-5.425 2.675 5.2281e-03
-5.425 2.725 1.0689e-02
-5.425 2.775 2.1886e-02
-5.425 2.825 4.4869e-02
-5.425 2.875 9.2065e-02
-5.425 2.925 1.8895e-01
-5.425 2.975 3.8755e-01
-5.425 3.025 7.9345e-01
-5.425 3.075 1.6190e+00
-5.425 3.125 3.2862e+00
-5.425 3.175 6.6197e+00
-5.425 3.225 1.3202e+01
-5.425 3.275 2.6005e+01
-5.425 3.325 5.0524e+01
-5.425 3.375 9.6819e+01
-5.425 3.425 1.8344e+02
-5.425 3.475 3.4535e+02
-5.425 3.525 6.5030e+02
-5.425 3.575 1.2316e+03
-5.425 3.625 2.3479e+03
-5.425 3.675 4.4776e+03
-5.425 3.725 8.4213e+03
-5.425 3.775 1.5259e+04
-5.425 3.825 2.4562e+04
-5.425 3.875 0.0000e+00
-5.425 3.925 0.0000e+00
-5.425 3.975 0.0000e+00
-5.375 -1.975 0.0000e+00
-5.375 -1.925 0.0000e+00
-5.375 -1.875 0.0000e+00
-5.375 -1.825 0.0000e+00
-5.375 -1.775 0.0000e+00
-5.375 -1.725 0.0000e+00
-5.375 -1.675 0.0000e+00
-5.375 -1.625 0.0000e+00
-5.375 -1.575 0.0000e+00
-5.375 -1.525 0.0000e+00
-5.375 -1.475 0.0000e+00
-5.375 -1.425 0.0000e+00
-5.375 -1.375 0.0000e+00
-5.375 -1.325 0.0000e+00
-5.375 -1.275 0.0000e+00
-5.375 -1.225 0.0000e+00
-5.375 -1.175 0.0000e+00
-5.375 -1.125 0.0000e+00
-5.375 -1.075 0.0000e+00
-5.375 -1.025 0.0000e+00
-5.375 -0.975 0.0000e+00
-5.375 -0.925 0.0000e+00
-5.375 -0.875 0.0000e+00
-5.375 -0.825 0.0000e+00
-5.375 -0.775 0.0000e+00
-5.375 -0.725 0.0000e+00
-5.375 -0.675 0.0000e+00
-5.375 -0.625 0.0000e+00
-5.375 -0.575 0.0000e+00
-5.375 -0.525 0.0000e+00
-5.375 -0.475 0.0000e+00
-5.375 -0.425 0.0000e+00
-5.375 -0.375 0.0000e+00
-5.375 -0.325 0.0000e+00
-5.375 -0.275 0.0000e+00
-5.375 -0.225 0.0000e+00
-5.375 -0.175 0.0000e+00
-5.375 -0.125 0.0000e+00
-5.375 -0.075 0.0000e+00
-5.375 -0.025 0.0000e+00
-5.375 0.025 0.0000e+00
-5.375 0.075 0.0000e+00
-5.375 0.125 0.0000e+00
-5.375 0.175 0.0000e+00
-5.375 0.225 0.0000e+00
-5.375 0.275 0.0000e+00
-5.375 0.325 0.0000e+00
-5.375 0.375 0.0000e+00
-5.375 0.425 0.0000e+00
-5.375 0.475 0.0000e+00
-5.375 0.525 0.0000e+00
-5.375 0.575 0.0000e+00
-5.375 0.625 0.0000e+00
-5.375 0.675 0.0000e+00
-5.375 0.725 0.0000e+00
-5.375 0.775 2.0651e-14
-5.375 0.825 4.1222e-14
-5.375 0.875 8.2287e-14
-5.375 0.925 1.6427e-13
-5.375 0.975 3.2796e-13
-5.375 1.025 6.5480e-13
-5.375 1.075 1.3075e-12
-5.375 1.125 2.6109e-12
-5.375 1.175 5.2144e-12
-5.375 1.225 1.0415e-11
-5.375 1.275 2.0805e-11
-5.375 1.325 4.1567e-11
-5.375 1.375 8.3059e-11
-5.375 1.425 1.6600e-10
-5.375 1.475 3.3183e-10
-5.375 1.525 6.6347e-10
-5.375 1.575 1.3269e-09
-5.375 1.625 2.6544e-09
-5.375 1.675 5.3118e-09
-5.375 1.725 1.0633e-08
-5.375 1.775 2.1294e-08
-5.375 1.825 4.2661e-08
-5.375 1.875 8.5510e-08
-5.375 1.925 1.7149e-07
-5.375 1.975 3.4413e-07
-5.375 2.025 6.9101e-07
-5.375 2.075 1.3886e-06
-5.375 2.125 2.7926e-06
-5.375 2.175 5.6212e-06
-5.375 2.225 1.1326e-05
-5.375 2.275 2.2846e-05
-5.375 2.325 4.6135e-05
-5.375 2.375 9.3286e-05
-5.375 2.425 1.8889e-04
-5.375 2.475 3.8302e-04
-5.375 2.525 7.7789e-04
-5.375 2.575 1.5825e-03
-5.375 2.625 3.2246e-03
-5.375 2.675 6.5819e-03
-5.375 2.725 1.3457e-02
-5.375 2.775 2.7553e-02
-5.375 2.825 5.6487e-02
-5.375 2.875 1.1590e-01
-5.375 2.925 2.3787e-01
-5.375 2.975 4.8790e-01
-5.375 3.025 9.9890e-01
-5.375 3.075 2.0383e+00
-5.375 3.125 4.1371e+00
-5.375 3.175 8.3338e+00
-5.375 3.225 1.6620e+01
-5.375 3.275 3.2740e+01
-5.375 3.325 6.3610e+01
-5.375 3.375 1.2190e+02
-5.375 3.425 2.3095e+02
-5.375 3.475 4.3481e+02
-5.375 3.525 8.1877e+02
-5.375 3.575 1.5506e+03
-5.375 3.625 2.9561e+03
-5.375 3.675 5.6372e+03
-5.375 3.725 1.0602e+04
-5.375 3.775 1.9208e+04
-5.375 3.825 3.0916e+04
-5.375 3.875 0.0000e+00
-5.375 3.925 0.0000e+00
-5.375 3.975 0.0000e+00
-5.325 -1.975 0.0000e+00
-5.325 -1.925 0.0000e+00
-5.325 -1.875 0.0000e+00
-5.325 -1.825 0.0000e+00
-5.325 -1.775 0.0000e+00
-5.325 -1.725 0.0000e+00
-5.325 -1.675 0.0000e+00
-5.325 -1.625 0.0000e+00
-5.325 -1.575 0.0000e+00
-5.325 -1.525 0.0000e+00
-5.325 -1.475 0.0000e+00
-5.325 -1.425 0.0000e+00
-5.325 -1.375 0.0000e+00
-5.325 -1.325 0.0000e+00
-5.325 -1.275 0.0000e+00
-5.325 -1.225 0.0000e+00
-5.325 -1.175 0.0000e+00
-5.325 -1.125 0.0000e+00
-5.325 -1.075 0.0000e+00
-5.325 -1.025 0.0000e+00
-5.325 -0.975 0.0000e+00
-5.325 -0.925 0.0000e+00
-5.325 -0.875 0.0000e+00
-5.325 -0.825 0.0000e+00
-5.325 -0.775 0.0000e+00
-5.325 -0.725 0.0000e+00
-5.325 -0.675 0.0000e+00
-5.325 -0.625 0.0000e+00
-5.325 -0.575 0.0000e+00
-5.325 -0.525 0.0000e+00
-5.325 -0.475 0.0000e+00
-5.325 -0.425 0.0000e+00
-5.325 -0.375 0.0000e+00
-5.325 -0.325 0.0000e+00
-5.325 -0.275 0.0000e+00
-5.325 -0.225 0.0000e+00
-5.325 -0.175 0.0000e+00
-5.325 -0.125 0.0000e+00
-5.325 -0.075 0.0000e+00
-5.325 -0.025 0.0000e+00
-5.325 0.025 0.0000e+00
-5.325 0.075 0.0000e+00
-5.325 0.125 0.0000e+00
-5.325 0.175 0.0000e+00
-5.325 0.225 0.0000e+00
-5.325 0.275 0.0000e+00
-5.325 0.325 0.0000e+00
-5.325 0.375 0.0000e+00
-5.325 0.425 0.0000e+00
-5.325 0.475 0.0000e+00
-5.325 0.525 0.0000e+00
-5.325 0.575 0.0000e+00
-5.325 0.625 0.0000e+00
-5.325 0.675 0.0000e+00
-5.325 0.725 0.0000e+00
-5.325 0.775 2.5998e-14
-5.325 0.825 5.1895e-14
-5.325 0.875 1.0359e-13
-5.325 0.925 2.0681e-13
-5.325 0.975 4.1288e-13
-5.325 1.025 8.2434e-13
-5.325 1.075 1.6460e-12
-5.325 1.125 3.2870e-12
-5.325 1.175 6.5645e-12
-5.325 1.225 1.3112e-11
-5.325 1.275 2.6192e-11
-5.325 1.325 5.2329e-11
-5.325 1.375 1.0457e-10
-5.325 1.425 2.0898e-10
-5.325 1.475 4.1775e-10
-5.325 1.525 8.3526e-10
-5.325 1.575 1.6705e-09
-5.325 1.625 3.3417e-09
-5.325 1.675 6.6871e-09
-5.325 1.725 1.3386e-08
-5.325 1.775 2.6807e-08
-5.325 1.825 5.3707e-08
-5.325 1.875 1.0765e-07
-5.325 1.925 2.1589e-07
-5.325 1.975 4.3323e-07
-5.325 2.025 8.6993e-07
-5.325 2.075 1.7481e-06
-5.325 2.125 3.5157e-06
-5.325 2.175 7.0767e-06
-5.325 2.225 1.4259e-05
-5.325 2.275 2.8761e-05
-5.325 2.325 5.8081e-05
-5.325 2.375 1.1744e-04
-5.325 2.425 2.3779e-04
-5.325 2.475 4.8219e-04
-5.325 2.525 9.7931e-04
-5.325 2.575 1.9922e-03
-5.325 2.625 4.0595e-03
-5.325 2.675 8.2861e-03
-5.325 2.725 1.6941e-02
-5.325 2.775 3.4687e-02
-5.325 2.825 7.1113e-02
-5.325 2.875 1.4591e-01
-5.325 2.925 2.9947e-01
-5.325 2.975 6.1423e-01
-5.325 3.025 1.2576e+00
-5.325 3.075 2.5661e+00
-5.325 3.125 5.2084e+00
-5.325 3.175 1.0492e+01
-5.325 3.225 2.0924e+01
-5.325 3.275 4.1219e+01
-5.325 3.325 8.0085e+01
-5.325 3.375 1.5347e+02
-5.325 3.425 2.9078e+02
-5.325 3.475 5.4745e+02
-5.325 3.525 1.0309e+03
-5.325 3.575 1.9524e+03
-5.325 3.625 3.7219e+03
-5.325 3.675 7.0972e+03
-5.325 3.725 1.3346e+04
-5.325 3.775 2.4179e+04
-5.325 3.825 3.8914e+04
-5.325 3.875 0.0000e+00
-5.325 3.925 0.0000e+00
-5.325 3.975 0.0000e+00
-5.275 -1.975 0.0000e+00
-5.275 -1.925 0.0000e+00
-5.275 -1.875 0.0000e+00
-5.275 -1.825 0.0000e+00
-5.275 -1.775 0.0000e+00
-5.275 -1.725 0.0000e+00
-5.275 -1.675 0.0000e+00
-5.275 -1.625 0.0000e+00
-5.275 -1.575 0.0000e+00
-5.275 -1.525 0.0000e+00
-5.275 -1.475 0.0000e+00
-5.275 -1.425 0.0000e+00
-5.275 -1.375 0.0000e+00
-5.275 -1.325 0.0000e+00
-5.275 -1.275 0.0000e+00
-5.275 -1.225 0.0000e+00
-5.275 -1.175 0.0000e+00
-5.275 -1.125 0.0000e+00
-5.275 -1.075 0.0000e+00
-5.275 -1.025 0.0000e+00
-5.275 -0.975 0.0000e+00
-5.275 -0.925 0.0000e+00
-5.275 -0.875 0.0000e+00
-5.275 -0.825 0.0000e+00
-5.275 -0.775 0.0000e+00
-5.275 -0.725 0.0000e+00
-5.275 -0.675 0.0000e+00
-5.275 -0.625 0.0000e+00
-5.275 -0.575 0.0000e+00
-5.275 -0.525 0.0000e+00
-5.275 -0.475 0.0000e+00
-5.275 -0.425 0.0000e+00
-5.275 -0.375 0.0000e+00
-5.275 -0.325 0.0000e+00
-5.275 -0.275 0.0000e+00
-5.275 -0.225 0.0000e+00
-5.275 -0.175 0.0000e+00
-5.275 -0.125 0.0000e+00
-5.275 -0.075 0.0000e+00
-5.275 -0.025 0.0000e+00
-5.275 0.025 0.0000e+00
-5.275 0.075 0.0000e+00
-5.275 0.125 0.0000e+00
-5.275 0.175 0.0000e+00
-5.275 0.225 0.0000e+00
-5.275 0.275 0.0000e+00
-5.275 0.325 0.0000e+00
-5.275 0.375 0.0000e+00
-5.275 0.425 0.0000e+00
-5.275 0.475 0.0000e+00
-5.275 0.525 0.0000e+00
-5.275 0.575 0.0000e+00
-5.275 0.625 0.0000e+00
-5.275 0.675 0.0000e+00
-5.275 0.725 0.0000e+00
-5.275 0.775 3.2730e-14
-5.275 0.825 6.5332e-14
-5.275 0.875 1.3042e-13
-5.275 0.925 2.6035e-13
-5.275 0.975 5.1978e-13
-5.275 1.025 1.0378e-12
-5.275 1.075 2.0722e-12
-5.275 1.125 4.1380e-12
-5.275 1.175 8.2642e-12
-5.275 1.225 1.6507e-11
-5.275 1.275 3.2974e-11
-5.275 1.325 6.5879e-11
-5.275 1.375 1.3164e-10
-5.275 1.425 2.6309e-10
-5.275 1.475 5.2592e-10
-5.275 1.525 1.0515e-09
-5.275 1.575 2.1030e-09
-5.275 1.625 4.2070e-09
-5.275 1.675 8.4186e-09
-5.275 1.725 1.6852e-08
-5.275 1.775 3.3748e-08
-5.275 1.825 6.7613e-08
-5.275 1.875 1.3552e-07
-5.275 1.925 2.7179e-07
-5.275 1.975 5.4540e-07
-5.275 2.025 1.0952e-06
-5.275 2.075 2.2007e-06
-5.275 2.125 4.4260e-06
-5.275 2.175 8.9091e-06
-5.275 2.225 1.7951e-05
-5.275 2.275 3.6208e-05
-5.275 2.325 7.3119e-05
-5.275 2.375 1.4785e-04
-5.275 2.425 2.9936e-04
-5.275 2.475 6.0704e-04
-5.275 2.525 1.2329e-03
-5.275 2.575 2.5080e-03
-5.275 2.625 5.1106e-03
-5.275 2.675 1.0432e-02
-5.275 2.725 2.1327e-02
-5.275 2.775 4.3669e-02
-5.275 2.825 8.9527e-02
-5.275 2.875 1.8370e-01
-5.275 2.925 3.7701e-01
-5.275 2.975 7.7328e-01
-5.275 3.025 1.5832e+00
-5.275 3.075 3.2305e+00
-5.275 3.125 6.5572e+00
-5.275 3.175 1.3209e+01
-5.275 3.225 2.6343e+01
-5.275 3.275 5.1895e+01
-5.275 3.325 1.0083e+02
-5.275 3.375 1.9323e+02
-5.275 3.425 3.6612e+02
-5.275 3.475 6.8931e+02
-5.275 3.525 1.2980e+03
-5.275 3.575 2.4583e+03
-5.275 3.625 4.6862e+03
-5.275 3.675 8.9355e+03
-5.275 3.725 1.6802e+04
-5.275 3.775 3.0436e+04
-5.275 3.825 4.8977e+04
-5.275 3.875 0.0000e+00
-5.275 3.925 0.0000e+00
-5.275 3.975 0.0000e+00
-5.225 -1.975 0.0000e+00
-5.225 -1.925 0.0000e+00
-5.225 -1.875 0.0000e+00
-5.225 -1.825 0.0000e+00
-5.225 -1.775 0.0000e+00
-5.225 -1.725 0.0000e+00
-5.225 -1.675 0.0000e+00
-5.225 -1.625 0.0000e+00
-5.225 -1.575 0.0000e+00
-5.225 -1.525 0.0000e+00
-5.225 -1.475 0.0000e+00
-5.225 -1.425 0.0000e+00
-5.225 -1.375 0.0000e+00
-5.225 -1.325 0.0000e+00
-5.225 -1.275 0.0000e+00
-5.225 -1.225 0.0000e+00
-5.225 -1.175 0.0000e+00
-5.225 -1.125 0.0000e+00
-5.225 -1.075 0.0000e+00
-5.225 -1.025 0.0000e+00
-5.225 -0.975 0.0000e+00
-5.225 -0.925 0.0000e+00
-5.225 -0.875 0.0000e+00
-5.225 -0.825 0.0000e+00
-5.225 -0.775 0.0000e+00
-5.225 -0.725 0.0000e+00
-5.225 -0.675 0.0000e+00
-5.225 -0.625 0.0000e+00
-5.225 -0.575 0.0000e+00
-5.225 -0.525 0.0000e+00
-5.225 -0.475 0.0000e+00
-5.225 -0.425 0.0000e+00
-5.225 -0.375 0.0000e+00
-5.225 -0.325 0.0000e+00
-5.225 -0.275 0.0000e+00
-5.225 -0.225 0.0000e+00
-5.225 -0.175 0.0000e+00
-5.225 -0.125 0.0000e+00
-5.225 -0.075 0.0000e+00
-5.225 -0.025 0.0000e+00
-5.225 0.025 0.0000e+00
-5.225 0.075 0.0000e+00
-5.225 0.125 0.0000e+00
-5.225 0.175 0.0000e+00
-5.225 0.225 0.0000e+00
-5.225 0.275 0.0000e+00
-5.225 0.325 0.0000e+00
-5.225 0.375 0.0000e+00
-5.225 0.425 0.0000e+00
-5.225 0.475 0.0000e+00
-5.225 0.525 0.0000e+00
-5.225 0.575 0.0000e+00
-5.225 0.625 0.0000e+00
-5.225 0.675 0.0000e+00
-5.225 0.725 0.0000e+00
-5.225 0.775 4.1205e-14
-5.225 0.825 8.2248e-14
-5.225 0.875 1.6418e-13
-5.225 0.925 3.2776e-13
-5.225 0.975 6.5436e-13
-5.225 1.025 1.3065e-12
-5.225 1.075 2.6087e-12
-5.225 1.125 5.2095e-12
-5.225 1.175 1.0404e-11
-5.225 1.225 2.0781e-11
-5.225 1.275 4.1512e-11
-5.225 1.325 8.2936e-11
-5.225 1.375 1.6573e-10
-5.225 1.425 3.3121e-10
-5.225 1.475 6.6209e-10
-5.225 1.525 1.3238e-09
-5.225 1.575 2.6475e-09
-5.225 1.625 5.2963e-09
-5.225 1.675 1.0598e-08
-5.225 1.725 2.1216e-08
-5.225 1.775 4.2486e-08
-5.225 1.825 8.5119e-08
-5.225 1.875 1.7061e-07
-5.225 1.925 3.4217e-07
-5.225 1.975 6.8662e-07
-5.225 2.025 1.3787e-06
-5.225 2.075 2.7706e-06
-5.225 2.125 5.5719e-06
-5.225 2.175 1.1216e-05
-5.225 2.225 2.2599e-05
-5.225 2.275 4.5583e-05
-5.225 2.325 9.2052e-05
-5.225 2.375 1.8613e-04
-5.225 2.425 3.7688e-04
-5.225 2.475 7.6422e-04
-5.225 2.525 1.5521e-03
-5.225 2.575 3.1574e-03
-5.225 2.625 6.4339e-03
-5.225 2.675 1.3133e-02
-5.225 2.725 2.6850e-02
-5.225 2.775 5.4976e-02
-5.225 2.825 1.1271e-01
-5.225 2.875 2.3126e-01
-5.225 2.925 4.7463e-01
-5.225 2.975 9.7351e-01
-5.225 3.025 1.9932e+00
-5.225 3.075 4.0671e+00
-5.225 3.125 8.2552e+00
-5.225 3.175 1.6630e+01
-5.225 3.225 3.3166e+01
-5.225 3.275 6.5337e+01
-5.225 3.325 1.2695e+02
-5.225 3.375 2.4329e+02
-5.225 3.425 4.6099e+02
-5.225 3.475 8.6795e+02
-5.225 3.525 1.6345e+03
-5.225 3.575 3.0954e+03
-5.225 3.625 5.9006e+03
-5.225 3.675 1.1250e+04
-5.225 3.725 2.1152e+04
-5.225 3.775 3.8310e+04
-5.225 3.825 6.1639e+04
-5.225 3.875 0.0000e+00
-5.225 3.925 0.0000e+00
-5.225 3.975 0.0000e+00
-5.175 -1.975 0.0000e+00
-5.175 -1.925 0.0000e+00
-5.175 -1.875 0.0000e+00
-5.175 -1.825 0.0000e+00
-5.175 -1.775 0.0000e+00
-5.175 -1.725 0.0000e+00
-5.175 -1.675 0.0000e+00
-5.175 -1.625 0.0000e+00
-5.175 -1.575 0.0000e+00
-5.175 -1.525 0.0000e+00
-5.175 -1.475 0.0000e+00
-5.175 -1.425 0.0000e+00
-5.175 -1.375 0.0000e+00
-5.175 -1.325 0.0000e+00
-5.175 -1.275 0.0000e+00
-5.175 -1.225 0.0000e+00
-5.175 -1.175 0.0000e+00
-5.175 -1.125 0.0000e+00
-5.175 -1.075 0.0000e+00
-5.175 -1.025 0.0000e+00
-5.175 -0.975 0.0000e+00
-5.175 -0.925 0.0000e+00
-5.175 -0.875 0.0000e+00
-5.175 -0.825 0.0000e+00
-5.175 -0.775 0.0000e+00
-5.175 -0.725 0.0000e+00
-5.175 -0.675 0.0000e+00
-5.175 -0.625 0.0000e+00
-5.175 -0.575 0.0000e+00
-5.175 -0.525 0.0000e+00
-5.175 -0.475 0.0000e+00
-5.175 -0.425 0.0000e+00
-5.175 -0.375 0.0000e+00
-5.175 -0.325 0.0000e+00
-5.175 -0.275 0.0000e+00
-5.175 -0.225 0.0000e+00
-5.175 -0.175 0.0000e+00
-5.175 -0.125 0.0000e+00
-5.175 -0.075 0.0000e+00
-5.175 -0.025 0.0000e+00
-5.175 0.025 0.0000e+00
-5.175 0.075 0.0000e+00
-5.175 0.125 0.0000e+00
-5.175 0.175 0.0000e+00
-5.175 0.225 0.0000e+00
-5.175 0.275 0.0000e+00
-5.175 0.325 0.0000e+00
-5.175 0.375 0.0000e+00
-5.175 0.425 0.0000e+00
-5.175 0.475 0.0000e+00
-5.175 0.525 0.0000e+00
-5.175 0.575 0.0000e+00
-5.175 0.625 0.0000e+00
-5.175 0.675 0.0000e+00
-5.175 0.725 0.0000e+00
-5.175 0.775 5.1873e-14
-5.175 0.825 1.0354e-13
-5.175 0.875 2.0670e-13
-5.175 0.925 4.1263e-13
-5.175 0.975 8.2380e-13
-5.175 1.025 1.6448e-12
-5.175 1.075 3.2842e-12
-5.175 1.125 6.5584e-12
-5.175 1.175 1.3098e-11
-5.175 1.225 2.6161e-11
-5.175 1.275 5.2260e-11
-5.175 1.325 1.0441e-10
-5.175 1.375 2.0864e-10
-5.175 1.425 4.1697e-10
-5.175 1.475 8.3352e-10
-5.175 1.525 1.6666e-09
-5.175 1.575 3.3330e-09
-5.175 1.625 6.6676e-09
-5.175 1.675 1.3343e-08
-5.175 1.725 2.6709e-08
-5.175 1.775 5.3487e-08
-5.175 1.825 1.0716e-07
-5.175 1.875 2.1479e-07
-5.175 1.925 4.3076e-07
-5.175 1.975 8.6441e-07
-5.175 2.025 1.7357e-06
-5.175 2.075 3.4879e-06
-5.175 2.125 7.0147e-06
-5.175 2.175 1.4120e-05
-5.175 2.225 2.8450e-05
-5.175 2.275 5.7386e-05
-5.175 2.325 1.1589e-04
-5.175 2.375 2.3432e-04
-5.175 2.425 4.7446e-04
-5.175 2.475 9.6210e-04
-5.175 2.525 1.9540e-03
-5.175 2.575 3.9750e-03
-5.175 2.625 8.0999e-03
-5.175 2.675 1.6533e-02
-5.175 2.725 3.3802e-02
-5.175 2.775 6.9211e-02
-5.175 2.825 1.4189e-01
-5.175 2.875 2.9114e-01
-5.175 2.925 5.9753e-01
-5.175 2.975 1.2256e+00
-5.175 3.025 2.5093e+00
-5.175 3.075 5.1203e+00
-5.175 3.125 1.0393e+01
-5.175 3.175 2.0937e+01
-5.175 3.225 4.1756e+01
-5.175 3.275 8.2262e+01
-5.175 3.325 1.5984e+02
-5.175 3.375 3.0633e+02
-5.175 3.425 5.8047e+02
-5.175 3.475 1.0929e+03
-5.175 3.525 2.0582e+03
-5.175 3.575 3.8979e+03
-5.175 3.625 7.4299e+03
-5.175 3.675 1.4165e+04
-5.175 3.725 2.6628e+04
-5.175 3.775 4.8220e+04
-5.175 3.825 7.7567e+04
-5.175 3.875 0.0000e+00
-5.175 3.925 0.0000e+00
-5.175 3.975 0.0000e+00
-5.125 -1.975 0.0000e+00
-5.125 -1.925 0.0000e+00
-5.125 -1.875 0.0000e+00
-5.125 -1.825 0.0000e+00
-5.125 -1.775 0.0000e+00
-5.125 -1.725 0.0000e+00
-5.125 -1.675 0.0000e+00
-5.125 -1.625 0.0000e+00
-5.125 -1.575 0.0000e+00
-5.125 -1.525 0.0000e+00
-5.125 -1.475 0.0000e+00
-5.125 -1.425 0.0000e+00
-5.125 -1.375 0.0000e+00
-5.125 -1.325 0.0000e+00
-5.125 -1.275 0.0000e+00
-5.125 -1.225 0.0000e+00
-5.125 -1.175 0.0000e+00
-5.125 -1.125 0.0000e+00
-5.125 -1.075 0.0000e+00
-5.125 -1.025 0.0000e+00
-5.125 -0.975 0.0000e+00
-5.125 -0.925 0.0000e+00
-5.125 -0.875 0.0000e+00
-5.125 -0.825 0.0000e+00
-5.125 -0.775 0.0000e+00
-5.125 -0.725 0.0000e+00
-5.125 -0.675 0.0000e+00
-5.125 -0.625 0.0000e+00
-5.125 -0.575 0.0000e+00
-5.125 -0.525 0.0000e+00
-5.125 -0.475 0.0000e+00
-5.125 -0.425 0.0000e+00
-5.125 -0.375 0.0000e+00
-5.125 -0.325 0.0000e+00
-5.125 -0.275 0.0000e+00
-5.125 -0.225 0.0000e+00
-5.125 -0.175 0.0000e+00
-5.125 -0.125 0.0000e+00
-5.125 -0.075 0.0000e+00
-5.125 -0.025 0.0000e+00
-5.125 0.025 0.0000e+00
-5.125 0.075 0.0000e+00
-5.125 0.125 0.0000e+00
-5.125 0.175 0.0000e+00
-5.125 0.225 0.0000e+00
-5.125 0.275 0.0000e+00
-5.125 0.325 0.0000e+00
-5.125 0.375 0.0000e+00
-5.125 0.425 0.0000e+00
-5.125 0.475 0.0000e+00
-5.125 0.525 0.0000e+00
-5.125 0.575 0.0000e+00
-5.125 0.625 0.0000e+00
-5.125 0.675 0.0000e+00
-5.125 0.725 0.0000e+00
-5.125 0.775 6.5305e-14
-5.125 0.825 1.3035e-13
-5.125 0.875 2.6021e-13
-5.125 0.925 5.1947e-13
-5.125 0.975 1.0371e-12
-5.125 1.025 2.0707e-12
-5.125 1.075 4.1346e-12
-5.125 1.125 8.2565e-12
-5.125 1.175 1.6489e-11
-5.125 1.225 3.2935e-11
-5.125 1.275 6.5792e-11
-5.125 1.325 1.3145e-10
-5.125 1.375 2.6266e-10
-5.125 1.425 5.2494e-10
-5.125 1.475 1.0493e-09
-5.125 1.525 2.0981e-09
-5.125 1.575 4.1960e-09
-5.125 1.625 8.3940e-09
-5.125 1.675 1.6797e-08
-5.125 1.725 3.3625e-08
-5.125 1.775 6.7337e-08
-5.125 1.825 1.3491e-07
-5.125 1.875 2.7041e-07
-5.125 1.925 5.4230e-07
-5.125 1.975 1.0882e-06
-5.125 2.025 2.1852e-06
-5.125 2.075 4.3911e-06
-5.125 2.125 8.8309e-06
-5.125 2.175 1.7776e-05
-5.125 2.225 3.5817e-05
-5.125 2.275 7.2244e-05
-5.125 2.325 1.4589e-04
-5.125 2.375 2.9500e-04
-5.125 2.425 5.9731e-04
-5.125 2.475 1.2112e-03
-5.125 2.525 2.4599e-03
-5.125 2.575 5.0042e-03
-5.125 2.625 1.0197e-02
-5.125 2.675 2.0814e-02
-5.125 2.725 4.2554e-02
-5.125 2.775 8.7133e-02
-5.125 2.825 1.7863e-01
-5.125 2.875 3.6653e-01
-5.125 2.925 7.5226e-01
-5.125 2.975 1.5430e+00
-5.125 3.025 3.1591e+00
-5.125 3.075 6.4463e+00
-5.125 3.125 1.3085e+01
-5.125 3.175 2.6360e+01
-5.125 3.225 5.2573e+01
-5.125 3.275 1.0357e+02
-5.125 3.325 2.0126e+02
-5.125 3.375 3.8573e+02
-5.125 3.425 7.3095e+02
-5.125 3.475 1.3764e+03
-5.125 3.525 2.5920e+03
-5.125 3.575 4.9088e+03
-5.125 3.625 9.3561e+03
-5.125 3.675 1.7835e+04
-5.125 3.725 3.3521e+04
-5.125 3.775 6.0690e+04
-5.125 3.825 9.7602e+04
-5.125 3.875 0.0000e+00
-5.125 3.925 0.0000e+00
-5.125 3.975 0.0000e+00
-5.075 -1.975 0.0000e+00
-5.075 -1.925 0.0000e+00
-5.075 -1.875 0.0000e+00
-5.075 -1.825 0.0000e+00
-5.075 -1.775 0.0000e+00
-5.075 -1.725 0.0000e+00
-5.075 -1.675 0.0000e+00
-5.075 -1.625 0.0000e+00
-5.075 -1.575 0.0000e+00
-5.075 -1.525 0.0000e+00
-5.075 -1.475 0.0000e+00
-5.075 -1.425 0.0000e+00
-5.075 -1.375 0.0000e+00
-5.075 -1.325 0.0000e+00
-5.075 -1.275 0.0000e+00
-5.075 -1.225 0.0000e+00
-5.075 -1.175 0.0000e+00
-5.075 -1.125 0.0000e+00
-5.075 -1.075 0.0000e+00
-5.075 -1.025 0.0000e+00
-5.075 -0.975 0.0000e+00
-5.075 -0.925 0.0000e+00
-5.075 -0.875 0.0000e+00
-5.075 -0.825 0.0000e+00
-5.075 -0.775 0.0000e+00
-5.075 -0.725 0.0000e+00
-5.075 -0.675 0.0000e+00
-5.075 -0.625 0.0000e+00
-5.075 -0.575 0.0000e+00
-5.075 -0.525 0.0000e+00
-5.075 -0.475 0.0000e+00
-5.075 -0.425 0.0000e+00
-5.075 -0.375 0.0000e+00
-5.075 -0.325 0.0000e+00
-5.075 -0.275 0.0000e+00
-5.075 -0.225 0.0000e+00
-5.075 -0.175 0.0000e+00
-5.075 -0.125 0.0000e+00
-5.075 -0.075 0.0000e+00
-5.075 -0.025 0.0000e+00
-5.075 0.025 0.0000e+00
-5.075 0.075 0.0000e+00
-5.075 0.125 0.0000e+00
-5.075 0.175 0.0000e+00
-5.075 0.225 0.0000e+00
-5.075 0.275 0.0000e+00
-5.075 0.325 0.0000e+00
-5.075 0.375 0.0000e+00
-5.075 0.425 0.0000e+00
-5.075 0.475 0.0000e+00
-5.075 0.525 0.0000e+00
-5.075 0.575 0.0000e+00
-5.075 0.625 0.0000e+00
-5.075 0.675 0.0000e+00
-5.075 0.725 0.0000e+00
-5.075 0.775 8.2214e-14
-5.075 0.825 1.6411e-13
-5.075 0.875 3.2759e-13
-5.075 0.925 6.5398e-13
-5.075 0.975 1.3056e-12
-5.075 1.025 2.6068e-12
-5.075 1.075 5.2051e-12
-5.075 1.125 1.0394e-11
-5.075 1.175 2.0759e-11
-5.075 1.225 4.1463e-11
-5.075 1.275 8.2827e-11
-5.075 1.325 1.6548e-10
-5.075 1.375 3.3067e-10
-5.075 1.425 6.6086e-10
-5.075 1.475 1.3210e-09
-5.075 1.525 2.6413e-09
-5.075 1.575 5.2824e-09
-5.075 1.625 1.0567e-08
-5.075 1.675 2.1147e-08
-5.075 1.725 4.2331e-08
-5.075 1.775 8.4772e-08
-5.075 1.825 1.6984e-07
-5.075 1.875 3.4042e-07
-5.075 1.925 6.8271e-07
-5.075 1.975 1.3700e-06
-5.075 2.025 2.7510e-06
-5.075 2.075 5.5280e-06
-5.075 2.125 1.1118e-05
-5.075 2.175 2.2379e-05
-5.075 2.225 4.5090e-05
-5.075 2.275 9.0950e-05
-5.075 2.325 1.8367e-04
-5.075 2.375 3.7138e-04
-5.075 2.425 7.5197e-04
-5.075 2.475 1.5248e-03
-5.075 2.525 3.0969e-03
-5.075 2.575 6.3000e-03
-5.075 2.625 1.2838e-02
-5.075 2.675 2.6203e-02
-5.075 2.725 5.3573e-02
-5.075 2.775 1.0969e-01
-5.075 2.825 2.2489e-01
-5.075 2.875 4.6145e-01
-5.075 2.925 9.4706e-01
-5.075 2.975 1.9425e+00
-5.075 3.025 3.9772e+00
-5.075 3.075 8.1158e+00
-5.075 3.125 1.6474e+01
-5.075 3.175 3.3187e+01
-5.075 3.225 6.6193e+01
-5.075 3.275 1.3041e+02
-5.075 3.325 2.5341e+02
-5.075 3.375 4.8572e+02
-5.075 3.425 9.2051e+02
-5.075 3.475 1.7334e+03
-5.075 3.525 3.2645e+03
-5.075 3.575 6.1823e+03
-5.075 3.625 1.1783e+04
-5.075 3.675 2.2456e+04
-5.075 3.725 4.2199e+04
-5.075 3.775 7.6379e+04
-5.075 3.825 1.2280e+05
-5.075 3.875 0.0000e+00
-5.075 3.925 0.0000e+00
-5.075 3.975 0.0000e+00
-5.025 -1.975 0.0000e+00
-5.025 -1.925 0.0000e+00
-5.025 -1.875 0.0000e+00
-5.025 -1.825 0.0000e+00
-5.025 -1.775 0.0000e+00
-5.025 -1.725 0.0000e+00
-5.025 -1.675 0.0000e+00
-5.025 -1.625 0.0000e+00
-5.025 -1.575 0.0000e+00
-5.025 -1.525 0.0000e+00
-5.025 -1.475 0.0000e+00
-5.025 -1.425 0.0000e+00
-5.025 -1.375 0.0000e+00
-5.025 -1.325 0.0000e+00
-5.025 -1.275 0.0000e+00
-5.025 -1.225 0.0000e+00
-5.025 -1.175 0.0000e+00
-5.025 -1.125 0.0000e+00
-5.025 -1.075 0.0000e+00
-5.025 -1.025 0.0000e+00
-5.025 -0.975 0.0000e+00
-5.025 -0.925 0.0000e+00
-5.025 -0.875 0.0000e+00
-5.025 -0.825 0.0000e+00
-5.025 -0.775 0.0000e+00
-5.025 -0.725 0.0000e+00
-5.025 -0.675 0.0000e+00
-5.025 -0.625 0.0000e+00
-5.025 -0.575 0.0000e+00
-5.025 -0.525 0.0000e+00
-5.025 -0.475 0.0000e+00
-5.025 -0.425 0.0000e+00
-5.025 -0.375 0.0000e+00
-5.025 -0.325 0.0000e+00
-5.025 -0.275 0.0000e+00
-5.025 -0.225 0.0000e+00
-5.025 -0.175 0.0000e+00
-5.025 -0.125 0.0000e+00
-5.025 -0.075 0.0000e+00
-5.025 -0.025 0.0000e+00
-5.025 0.025 0.0000e+00
-5.025 0.075 0.0000e+00
-5.025 0.125 0.0000e+00
-5.025 0.175 0.0000e+00
-5.025 0.225 0.0000e+00
-5.025 0.275 0.0000e+00
-5.025 0.325 0.0000e+00
-5.025 0.375 0.0000e+00
-5.025 0.425 0.0000e+00
-5.025 0.475 0.0000e+00
-5.025 0.525 0.0000e+00
-5.025 0.575 0.0000e+00
-5.025 0.625 0.0000e+00
-5.025 0.675 0.0000e+00
-5.025 0.725 0.0000e+00
-5.025 0.775 1.0350e-13
-5.025 0.825 2.0660e-13
-5.025 0.875 4.1241e-13
-5.025 0.925 8.2331e-13
-5.025 0.975 1.6437e-12
-5.025 1.025 3.2818e-12
-5.025 1.075 6.5529e-12
-5.025 1.125 1.3086e-11
-5.025 1.175 2.6134e-11
-5.025 1.225 5.2199e-11
-5.025 1.275 1.0427e-10
-5.025 1.325 2.0833e-10
-5.025 1.375 4.1628e-10
-5.025 1.425 8.3197e-10
-5.025 1.475 1.6631e-09
-5.025 1.525 3.3252e-09
-5.025 1.575 6.6502e-09
-5.025 1.625 1.3304e-08
-5.025 1.675 2.6622e-08
-5.025 1.725 5.3292e-08
-5.025 1.775 1.0672e-07
-5.025 1.825 2.1381e-07
-5.025 1.875 4.2857e-07
-5.025 1.925 8.5948e-07
-5.025 1.975 1.7247e-06
-5.025 2.025 3.4633e-06
-5.025 2.075 6.9594e-06
-5.025 2.125 1.3996e-05
-5.025 2.175 2.8173e-05
-5.025 2.225 5.6766e-05
-5.025 2.275 1.1450e-04
-5.025 2.325 2.3122e-04
-5.025 2.375 4.6754e-04
-5.025 2.425 9.4668e-04
-5.025 2.475 1.9197e-03
-5.025 2.525 3.8988e-03
-5.025 2.575 7.9312e-03
-5.025 2.625 1.6162e-02
-5.025 2.675 3.2988e-02
-5.025 2.725 6.7445e-02
-5.025 2.775 1.3810e-01
-5.025 2.825 2.8312e-01
-5.025 2.875 5.8094e-01
-5.025 2.925 1.1923e+00
-5.025 2.975 2.4456e+00
-5.025 3.025 5.0072e+00
-5.025 3.075 1.0218e+01
-5.025 3.125 2.0741e+01
-5.025 3.175 4.1785e+01
-5.025 3.225 8.3343e+01
-5.025 3.275 1.6421e+02
-5.025 3.325 3.1911e+02
-5.025 3.375 6.1169e+02
-5.025 3.425 1.1593e+03
-5.025 3.475 2.1832e+03
-5.025 3.525 4.1119e+03
-5.025 3.575 7.7870e+03
-5.025 3.625 1.4839e+04
-5.025 3.675 2.8277e+04
-5.025 3.725 5.3122e+04
-5.025 3.775 9.6116e+04
-5.025 3.825 1.5447e+05
-5.025 3.875 0.0000e+00
-5.025 3.925 0.0000e+00
-5.025 3.975 0.0000e+00
-4.975 -1.975 0.0000e+00
-4.975 -1.925 0.0000e+00
-4.975 -1.875 0.0000e+00
-4.975 -1.825 0.0000e+00
-4.975 -1.775 0.0000e+00
-4.975 -1.725 0.0000e+00
-4.975 -1.675 0.0000e+00
-4.975 -1.625 0.0000e+00
-4.975 -1.575 0.0000e+00
-4.975 -1.525 0.0000e+00
-4.975 -1.475 0.0000e+00
-4.975 -1.425 0.0000e+00
-4.975 -1.375 0.0000e+00
-4.975 -1.325 0.0000e+00
-4.975 -1.275 0.0000e+00
-4.975 -1.225 0.0000e+00
-4.975 -1.175 0.0000e+00
-4.975 -1.125 0.0000e+00
-4.975 -1.075 0.0000e+00
-4.975 -1.025 0.0000e+00
-4.975 -0.975 0.0000e+00
-4.975 -0.925 0.0000e+00
-4.975 -0.875 0.0000e+00
-4.975 -0.825 0.0000e+00
-4.975 -0.775 0.0000e+00
-4.975 -0.725 0.0000e+00
-4.975 -0.675 0.0000e+00
-4.975 -0.625 0.0000e+00
-4.975 -0.575 0.0000e+00
-4.975 -0.525 0.0000e+00
-4.975 -0.475 0.0000e+00
-4.975 -0.425 0.0000e+00
-4.975 -0.375 0.0000e+00
-4.975 -0.325 0.0000e+00
-4.975 -0.275 0.0000e+00
-4.975 -0.225 0.0000e+00
-4.975 -0.175 0.0000e+00
-4.975 -0.125 0.0000e+00
-4.975 -0.075 0.0000e+00
-4.975 -0.025 0.0000e+00
-4.975 0.025 0.0000e+00
-4.975 0.075 0.0000e+00
-4.975 0.125 0.0000e+00
-4.975 0.175 0.0000e+00
-4.975 0.225 0.0000e+00
-4.975 0.275 0.0000e+00
-4.975 0.325 0.0000e+00
-4.975 0.375 0.0000e+00
-4.975 0.425 0.0000e+00
-4.975 0.475 0.0000e+00
-4.975 0.525 0.0000e+00
-4.975 0.575 0.0000e+00
-4.975 0.625 0.0000e+00
-4.975 0.675 0.0000e+00
-4.975 0.725 0.0000e+00
-4.975 0.775 1.3030e-13
-4.975 0.825 2.6009e-13
-4.975 0.875 5.1920e-13
-4.975 0.925 1.0365e-12
-4.975 0.975 2.0693e-12
-4.975 1.025 4.1315e-12
-4.975 1.075 8.2496e-12
-4.975 1.125 1.6474e-11
-4.975 1.175 3.2901e-11
-4.975 1.225 6.5714e-11
-4.975 1.275 1.3127e-10
-4.975 1.325 2.6227e-10
-4.975 1.375 5.2407e-10
-4.975 1.425 1.0474e-09
-4.975 1.475 2.0937e-09
-4.975 1.525 4.1862e-09
-4.975 1.575 8.3721e-09
-4.975 1.625 1.6748e-08
-4.975 1.675 3.3515e-08
-4.975 1.725 6.7090e-08
-4.975 1.775 1.3435e-07
-4.975 1.825 2.6917e-07
-4.975 1.875 5.3953e-07
-4.975 1.925 1.0820e-06
-4.975 1.975 2.1713e-06
-4.975 2.025 4.3600e-06
-4.975 2.075 8.7613e-06
-4.975 2.125 1.7620e-05
-4.975 2.175 3.5468e-05
-4.975 2.225 7.1464e-05
-4.975 2.275 1.4415e-04
-4.975 2.325 2.9110e-04
-4.975 2.375 5.8860e-04
-4.975 2.425 1.1918e-03
-4.975 2.475 2.4167e-03
-4.975 2.525 4.9083e-03
-4.975 2.575 9.9849e-03
-4.975 2.625 2.0346e-02
-4.975 2.675 4.1530e-02
-4.975 2.725 8.4909e-02
-4.975 2.775 1.7386e-01
-4.975 2.825 3.5644e-01
-4.975 2.875 7.3137e-01
-4.975 2.925 1.5011e+00
-4.975 2.975 3.0789e+00
-4.975 3.025 6.3040e+00
-4.975 3.075 1.2864e+01
-4.975 3.125 2.6114e+01
-4.975 3.175 5.2611e+01
-4.975 3.225 1.0494e+02
-4.975 3.275 2.0677e+02
-4.975 3.325 4.0186e+02
-4.975 3.375 7.7038e+02
-4.975 3.425 1.4602e+03
-4.975 3.475 2.7502e+03
-4.975 3.525 5.1800e+03
-4.975 3.575 9.8095e+03
-4.975 3.625 1.8691e+04
-4.975 3.675 3.5608e+04
-4.975 3.725 6.6871e+04
-4.975 3.775 1.2094e+05
-4.975 3.825 1.9427e+05
-4.975 3.875 0.0000e+00
-4.975 3.925 0.0000e+00
-4.975 3.975 0.0000e+00
-4.925 -1.975 0.0000e+00
-4.925 -1.925 0.0000e+00
-4.925 -1.875 0.0000e+00
-4.925 -1.825 0.0000e+00
-4.925 -1.775 0.0000e+00
-4.925 -1.725 0.0000e+00
-4.925 -1.675 0.0000e+00
-4.925 -1.625 0.0000e+00
-4.925 -1.575 0.0000e+00
-4.925 -1.525 0.0000e+00
-4.925 -1.475 0.0000e+00
-4.925 -1.425 0.0000e+00
-4.925 -1.375 0.0000e+00
-4.925 -1.325 0.0000e+00
-4.925 -1.275 0.0000e+00
-4.925 -1.225 0.0000e+00
-4.925 -1.175 0.0000e+00
-4.925 -1.125 0.0000e+00
-4.925 -1.075 0.0000e+00
-4.925 -1.025 0.0000e+00
-4.925 -0.975 0.0000e+00
-4.925 -0.925 0.0000e+00
-4.925 -0.875 0.0000e+00
-4.925 -0.825 0.0000e+00
-4.925 -0.775 0.0000e+00
-4.925 -0.725 0.0000e+00
-4.925 -0.675 0.0000e+00
-4.925 -0.625 0.0000e+00
-4.925 -0.575 0.0000e+00
-4.925 -0.525 0.0000e+00
-4.925 -0.475 0.0000e+00
-4.925 -0.425 0.0000e+00
-4.925 -0.375 0.0000e+00
-4.925 -0.325 0.0000e+00
-4.925 -0.275 0.0000e+00
-4.925 -0.225 0.0000e+00
-4.925 -0.175 0.0000e+00
-4.925 -0.125 0.0000e+00
-4.925 -0.075 0.0000e+00
-4.925 -0.025 0.0000e+00
-4.925 0.025 0.0000e+00
-4.925 0.075 0.0000e+00
-4.925 0.125 0.0000e+00
-4.925 0.175 0.0000e+00
-4.925 0.225 0.0000e+00
-4.925 0.275 0.0000e+00
-4.925 0.325 0.0000e+00
-4.925 0.375 0.0000e+00
-4.925 0.425 0.0000e+00
-4.925 0.475 0.0000e+00
-4.925 0.525 0.0000e+00
-4.925 0.575 0.0000e+00
-4.925 0.625 0.0000e+00
-4.925 0.675 0.0000e+00
-4.925 0.725 0.0000e+00
-4.925 0.775 1.6404e-13
-4.925 0.825 3.2744e-13
-4.925 0.875 6.5363e-13
-4.925 0.925 1.3049e-12
-4.925 0.975 2.6051e-12
-4.925 1.025 5.2013e-12
-4.925 1.075 1.0386e-11
-4.925 1.125 2.0739e-11
-4.925 1.175 4.1419e-11
-4.925 1.225 8.2729e-11
-4.925 1.275 1.6526e-10
-4.925 1.325 3.3018e-10
-4.925 1.375 6.5976e-10
-4.925 1.425 1.3186e-09
-4.925 1.475 2.6358e-09
-4.925 1.525 5.2701e-09
-4.925 1.575 1.0540e-08
-4.925 1.625 2.1085e-08
-4.925 1.675 4.2193e-08
-4.925 1.725 8.4462e-08
-4.925 1.775 1.6914e-07
-4.925 1.825 3.3887e-07
-4.925 1.875 6.7923e-07
-4.925 1.925 1.3622e-06
-4.925 1.975 2.7335e-06
-4.925 2.025 5.4889e-06
-4.925 2.075 1.1030e-05
-4.925 2.125 2.2182e-05
-4.925 2.175 4.4651e-05
-4.925 2.225 8.9968e-05
-4.925 2.275 1.8147e-04
-4.925 2.325 3.6647e-04
-4.925 2.375 7.4100e-04
-4.925 2.425 1.5004e-03
-4.925 2.475 3.0425e-03
-4.925 2.525 6.1792e-03
-4.925 2.575 1.2570e-02
-4.925 2.625 2.5615e-02
-4.925 2.675 5.2284e-02
-4.925 2.725 1.0690e-01
-4.925 2.775 2.1888e-01
-4.925 2.825 4.4874e-01
-4.925 2.875 9.2077e-01
-4.925 2.925 1.8898e+00
-4.925 2.975 3.8763e+00
-4.925 3.025 7.9369e+00
-4.925 3.075 1.6197e+01
-4.925 3.125 3.2879e+01
-4.925 3.175 6.6244e+01
-4.925 3.225 1.3214e+02
-4.925 3.275 2.6039e+02
-4.925 3.325 5.0611e+02
-4.925 3.375 9.7034e+02
-4.925 3.425 1.8395e+03
-4.925 3.475 3.4649e+03
-4.925 3.525 6.5266e+03
-4.925 3.575 1.2359e+04
-4.925 3.625 2.3546e+04
-4.925 3.675 4.4844e+04
-4.925 3.725 8.4177e+04
-4.925 3.775 1.5216e+05
-4.925 3.825 2.4426e+05
-4.925 3.875 0.0000e+00
-4.925 3.925 0.0000e+00
-4.925 3.975 0.0000e+00
-4.875 -1.975 0.0000e+00
-4.875 -1.925 0.0000e+00
-4.875 -1.875 0.0000e+00
-4.875 -1.825 0.0000e+00
-4.875 -1.775 0.0000e+00
-4.875 -1.725 0.0000e+00
-4.875 -1.675 0.0000e+00
-4.875 -1.625 0.0000e+00
-4.875 -1.575 0.0000e+00
-4.875 -1.525 0.0000e+00
-4.875 -1.475 0.0000e+00
-4.875 -1.425 0.0000e+00
-4.875 -1.375 0.0000e+00
-4.875 -1.325 0.0000e+00
-4.875 -1.275 0.0000e+00
-4.875 -1.225 0.0000e+00
-4.875 -1.175 0.0000e+00
-4.875 -1.125 0.0000e+00
-4.875 -1.075 0.0000e+00
-4.875 -1.025 0.0000e+00
-4.875 -0.975 0.0000e+00
-4.875 -0.925 0.0000e+00
-4.875 -0.875 0.0000e+00
-4.875 -0.825 0.0000e+00
-4.875 -0.775 0.0000e+00
-4.875 -0.725 0.0000e+00
-4.875 -0.675 0.0000e+00
-4.875 -0.625 0.0000e+00
-4.875 -0.575 0.0000e+00
-4.875 -0.525 0.0000e+00
-4.875 -0.475 0.0000e+00
-4.875 -0.425 0.0000e+00
-4.875 -0.375 0.0000e+00
-4.875 -0.325 0.0000e+00
-4.875 -0.275 0.0000e+00
-4.875 -0.225 0.0000e+00
-4.875 -0.175 0.0000e+00
-4.875 -0.125 0.0000e+00
-4.875 -0.075 0.0000e+00
-4.875 -0.025 0.0000e+00
-4.875 0.025 0.0000e+00
-4.875 0.075 0.0000e+00
-4.875 0.125 0.0000e+00
-4.875 0.175 0.0000e+00
-4.875 0.225 0.0000e+00
-4.875 0.275 0.0000e+00
-4.875 0.325 0.0000e+00
-4.875 0.375 0.0000e+00
-4.875 0.425 0.0000e+00
-4.875 0.475 0.0000e+00
-4.875 0.525 0.0000e+00
-4.875 0.575 0.0000e+00
-4.875 0.625 0.0000e+00
-4.875 0.675 0.0000e+00
-4.875 0.725 0.0000e+00
-4.875 0.775 2.0651e-13
-4.875 0.825 4.1222e-13
-4.875 0.875 8.2287e-13
-4.875 0.925 1.6427e-12
-4.875 0.975 3.2796e-12
-4.875 1.025 6.5480e-12
-4.875 1.075 1.3075e-11
-4.875 1.125 2.6109e-11
-4.875 1.175 5.2144e-11
-4.875 1.225 1.0415e-10
-4.875 1.275 2.0805e-10
-4.875 1.325 4.1567e-10
-4.875 1.375 8.3059e-10
-4.875 1.425 1.6600e-09
-4.875 1.475 3.3183e-09
-4.875 1.525 6.6347e-09
-4.875 1.575 1.3269e-08
-4.875 1.625 2.6544e-08
-4.875 1.675 5.3118e-08
-4.875 1.725 1.0633e-07
-4.875 1.775 2.1294e-07
-4.875 1.825 4.2661e-07
-4.875 1.875 8.5510e-07
-4.875 1.925 1.7149e-06
-4.875 1.975 3.4413e-06
-4.875 2.025 6.9101e-06
-4.875 2.075 1.3886e-05
-4.875 2.125 2.7926e-05
-4.875 2.175 5.6213e-05
-4.875 2.225 1.1326e-04
-4.875 2.275 2.2846e-04
-4.875 2.325 4.6136e-04
-4.875 2.375 9.3287e-04
-4.875 2.425 1.8889e-03
-4.875 2.475 3.8303e-03
-4.875 2.525 7.7792e-03
-4.875 2.575 1.5825e-02
-4.875 2.625 3.2247e-02
-4.875 2.675 6.5823e-02
-4.875 2.725 1.3458e-01
-4.875 2.775 2.7556e-01
-4.875 2.825 5.6494e-01
-4.875 2.875 1.1592e+00
-4.875 2.925 2.3793e+00
-4.875 2.975 4.8804e+00
-4.875 3.025 9.9928e+00
-4.875 3.075 2.0393e+01
-4.875 3.125 4.1399e+01
-4.875 3.175 8.3413e+01
-4.875 3.225 1.6640e+02
-4.875 3.275 3.2793e+02
-4.875 3.325 6.3746e+02
-4.875 3.375 1.2224e+03
-4.875 3.425 2.3176e+03
-4.875 3.475 4.3661e+03
-4.875 3.525 8.2250e+03
-4.875 3.575 1.5575e+04
-4.875 3.625 2.9667e+04
-4.875 3.675 5.6479e+04
-4.875 3.725 1.0596e+05
-4.875 3.775 1.9140e+05
-4.875 3.825 3.0701e+05
-4.875 3.875 0.0000e+00
-4.875 3.925 0.0000e+00
-4.875 3.975 0.0000e+00
-4.825 -1.975 0.0000e+00
-4.825 -1.925 0.0000e+00
-4.825 -1.875 0.0000e+00
-4.825 -1.825 0.0000e+00
-4.825 -1.775 0.0000e+00
-4.825 -1.725 0.0000e+00
-4.825 -1.675 0.0000e+00
-4.825 -1.625 0.0000e+00
-4.825 -1.575 0.0000e+00
-4.825 -1.525 0.0000e+00
-4.825 -1.475 0.0000e+00
-4.825 -1.425 0.0000e+00
-4.825 -1.375 0.0000e+00
-4.825 -1.325 0.0000e+00
-4.825 -1.275 0.0000e+00
-4.825 -1.225 0.0000e+00
-4.825 -1.175 0.0000e+00
-4.825 -1.125 0.0000e+00
-4.825 -1.075 0.0000e+00
-4.825 -1.025 0.0000e+00
-4.825 -0.975 0.0000e+00
-4.825 -0.925 0.0000e+00
-4.825 -0.875 0.0000e+00
-4.825 -0.825 0.0000e+00
-4.825 -0.775 0.0000e+00
-4.825 -0.725 0.0000e+00
-4.825 -0.675 0.0000e+00
-4.825 -0.625 0.0000e+00
-4.825 -0.575 0.0000e+00
-4.825 -0.525 0.0000e+00
-4.825 -0.475 0.0000e+00
-4.825 -0.425 0.0000e+00
-4.825 -0.375 0.0000e+00
-4.825 -0.325 0.0000e+00
-4.825 -0.275 0.0000e+00
-4.825 -0.225 0.0000e+00
-4.825 -0.175 0.0000e+00
-4.825 -0.125 0.0000e+00
-4.825 -0.075 0.0000e+00
-4.825 -0.025 0.0000e+00
-4.825 0.025 0.0000e+00
-4.825 0.075 0.0000e+00
-4.825 0.125 0.0000e+00
-4.825 0.175 0.0000e+00
-4.825 0.225 0.0000e+00
-4.825 0.275 0.0000e+00
-4.825 0.325 0.0000e+00
-4.825 0.375 0.0000e+00
-4.825 0.425 0.0000e+00
-4.825 0.475 0.0000e+00
-4.825 0.525 0.0000e+00
-4.825 0.575 0.0000e+00
-4.825 0.625 0.0000e+00
-4.825 0.675 0.0000e+00
-4.825 0.725 0.0000e+00
-4.825 0.775 2.5998e-13
-4.825 0.825 5.1895e-13
-4.825 0.875 1.0359e-12
-4.825 0.925 2.0681e-12
-4.825 0.975 4.1288e-12
-4.825 1.025 8.2434e-12
-4.825 1.075 1.6460e-11
-4.825 1.125 3.2870e-11
-4.825 1.175 6.5645e-11
-4.825 1.225 1.3112e-10
-4.825 1.275 2.6192e-10
-4.825 1.325 5.2329e-10
-4.825 1.375 1.0457e-09
-4.825 1.425 2.0898e-09
-4.825 1.475 4.1775e-09
-4.825 1.525 8.3526e-09
-4.825 1.575 1.6705e-08
-4.825 1.625 3.3417e-08
-4.825 1.675 6.6871e-08
-4.825 1.725 1.3386e-07
-4.825 1.775 2.6807e-07
-4.825 1.825 5.3707e-07
-4.825 1.875 1.0765e-06
-4.825 1.925 2.1589e-06
-4.825 1.975 4.3323e-06
-4.825 2.025 8.6993e-06
-4.825 2.075 1.7481e-05
-4.825 2.125 3.5157e-05
-4.825 2.175 7.0768e-05
-4.825 2.225 1.4259e-04
-4.825 2.275 2.8761e-04
-4.825 2.325 5.8082e-04
-4.825 2.375 1.1744e-03
-4.825 2.425 2.3780e-03
-4.825 2.475 4.8221e-03
-4.825 2.525 9.7935e-03
-4.825 2.575 1.9923e-02
-4.825 2.625 4.0598e-02
-4.825 2.675 8.2867e-02
-4.825 2.725 1.6942e-01
-4.825 2.775 3.4692e-01
-4.825 2.825 7.1125e-01
-4.825 2.875 1.4595e+00
-4.825 2.925 2.9955e+00
-4.825 2.975 6.1445e+00
-4.825 3.025 1.2582e+01
-4.825 3.075 2.5677e+01
-4.825 3.125 5.2128e+01
-4.825 3.175 1.0504e+02
-4.825 3.225 2.0956e+02
-4.825 3.275 4.1303e+02
-4.825 3.325 8.0301e+02
-4.825 3.375 1.5401e+03
-4.825 3.425 2.9206e+03
-4.825 3.475 5.5031e+03
-4.825 3.525 1.0368e+04
-4.825 3.575 1.9632e+04
-4.825 3.625 3.7386e+04
-4.825 3.675 7.1139e+04
-4.825 3.725 1.3337e+05
-4.825 3.775 2.4070e+05
-4.825 3.825 3.8573e+05
-4.825 3.875 0.0000e+00
-4.825 3.925 0.0000e+00
-4.825 3.975 0.0000e+00
-4.775 -1.975 0.0000e+00
-4.775 -1.925 0.0000e+00
-4.775 -1.875 0.0000e+00
-4.775 -1.825 0.0000e+00
-4.775 -1.775 0.0000e+00
-4.775 -1.725 0.0000e+00
-4.775 -1.675 0.0000e+00
-4.775 -1.625 0.0000e+00
-4.775 -1.575 0.0000e+00
-4.775 -1.525 0.0000e+00
-4.775 -1.475 0.0000e+00
-4.775 -1.425 0.0000e+00
-4.775 -1.375 0.0000e+00
-4.775 -1.325 0.0000e+00
-4.775 -1.275 0.0000e+00
-4.775 -1.225 0.0000e+00
-4.775 -1.175 0.0000e+00
-4.775 -1.125 0.0000e+00
-4.775 -1.075 0.0000e+00
-4.775 -1.025 0.0000e+00
-4.775 -0.975 0.0000e+00
-4.775 -0.925 0.0000e+00
-4.775 -0.875 0.0000e+00
-4.775 -0.825 0.0000e+00
-4.775 -0.775 0.0000e+00
-4.775 -0.725 0.0000e+00
-4.775 -0.675 0.0000e+00
-4.775 -0.625 0.0000e+00
-4.775 -0.575 0.0000e+00
-4.775 -0.525 0.0000e+00
-4.775 -0.475 0.0000e+00
-4.775 -0.425 0.0000e+00
-4.775 -0.375 0.0000e+00
-4.775 -0.325 0.0000e+00
-4.775 -0.275 0.0000e+00
-4.775 -0.225 0.0000e+00
-4.775 -0.175 0.0000e+00
-4.775 -0.125 0.0000e+00
-4.775 -0.075 0.0000e+00
-4.775 -0.025 0.0000e+00
-4.775 0.025 0.0000e+00
-4.775 0.075 0.0000e+00
-4.775 0.125 0.0000e+00
-4.775 0.175 0.0000e+00
-4.775 0.225 0.0000e+00
-4.775 0.275 0.0000e+00
-4.775 0.325 0.0000e+00
-4.775 0.375 0.0000e+00
-4.775 0.425 0.0000e+00
-4.775 0.475 0.0000e+00
-4.775 0.525 0.0000e+00
-4.775 0.575 0.0000e+00
-4.775 0.625 0.0000e+00
-4.775 0.675 0.0000e+00
-4.775 0.725 0.0000e+00
-4.775 0.775 3.2730e-13
-4.775 0.825 6.5332e-13
-4.775 0.875 1.3042e-12
-4.775 0.925 2.6035e-12
-4.775 0.975 5.1978e-12
-4.775 1.025 1.0378e-11
-4.775 1.075 2.0722e-11
-4.775 1.125 4.1380e-11
-4.775 1.175 8.2642e-11
-4.775 1.225 1.6507e-10
-4.775 1.275 3.2974e-10
-4.775 1.325 6.5879e-10
-4.775 1.375 1.3164e-09
-4.775 1.425 2.6309e-09
-4.775 1.475 5.2592e-09
-4.775 1.525 1.0515e-08
-4.775 1.575 2.1030e-08
-4.775 1.625 4.2070e-08
-4.775 1.675 8.4186e-08
-4.775 1.725 1.6852e-07
-4.775 1.775 3.3748e-07
-4.775 1.825 6.7613e-07
-4.775 1.875 1.3552e-06
-4.775 1.925 2.7179e-06
-4.775 1.975 5.4540e-06
-4.775 2.025 1.0952e-05
-4.775 2.075 2.2008e-05
-4.775 2.125 4.4260e-05
-4.775 2.175 8.9091e-05
-4.775 2.225 1.7951e-04
-4.775 2.275 3.6208e-04
-4.775 2.325 7.3121e-04
-4.775 2.375 1.4785e-03
-4.775 2.425 2.9937e-03
-4.775 2.475 6.0707e-03
-4.775 2.525 1.2329e-02
-4.775 2.575 2.5082e-02
-4.775 2.625 5.1110e-02
-4.775 2.675 1.0433e-01
-4.775 2.725 2.1330e-01
-4.775 2.775 4.3676e-01
-4.775 2.825 8.9545e-01
-4.775 2.875 1.8375e+00
-4.775 2.925 3.7714e+00
-4.775 2.975 7.7363e+00
-4.775 3.025 1.5841e+01
-4.775 3.075 3.2331e+01
-4.775 3.125 6.5641e+01
-4.775 3.175 1.3228e+02
-4.775 3.225 2.6393e+02
-4.775 3.275 5.2028e+02
-4.775 3.325 1.0117e+03
-4.775 3.375 1.9408e+03
-4.775 3.425 3.6814e+03
-4.775 3.475 6.9382e+03
-4.775 3.525 1.3074e+04
-4.775 3.575 2.4754e+04
-4.775 3.625 4.7124e+04
-4.775 3.675 8.9617e+04
-4.775 3.725 1.6787e+05
-4.775 3.775 3.0263e+05
-4.775 3.825 4.8437e+05
-4.775 3.875 0.0000e+00
-4.775 3.925 0.0000e+00
-4.775 3.975 0.0000e+00
-4.725 -1.975 0.0000e+00
-4.725 -1.925 0.0000e+00
-4.725 -1.875 0.0000e+00
-4.725 -1.825 0.0000e+00
-4.725 -1.775 0.0000e+00
-4.725 -1.725 0.0000e+00
-4.725 -1.675 0.0000e+00
-4.725 -1.625 0.0000e+00
-4.725 -1.575 0.0000e+00
-4.725 -1.525 0.0000e+00
-4.725 -1.475 0.0000e+00
-4.725 -1.425 0.0000e+00
-4.725 -1.375 0.0000e+00
-4.725 -1.325 0.0000e+00
-4.725 -1.275 0.0000e+00
-4.725 -1.225 0.0000e+00
-4.725 -1.175 0.0000e+00
-4.725 -1.125 0.0000e+00
-4.725 -1.075 0.0000e+00
-4.725 -1.025 0.0000e+00
-4.725 -0.975 0.0000e+00
-4.725 -0.925 0.0000e+00
-4.725 -0.875 0.0000e+00
-4.725 -0.825 0.0000e+00
-4.725 -0.775 0.0000e+00
-4.725 -0.725 0.0000e+00
-4.725 -0.675 0.0000e+00
-4.725 -0.625 0.0000e+00
-4.725 -0.575 0.0000e+00
-4.725 -0.525 0.0000e+00
-4.725 -0.475 0.0000e+00
-4.725 -0.425 0.0000e+00
-4.725 -0.375 0.0000e+00
-4.725 -0.325 0.0000e+00
-4.725 -0.275 0.0000e+00
-4.725 -0.225 0.0000e+00
-4.725 -0.175 0.0000e+00
-4.725 -0.125 0.0000e+00
-4.725 -0.075 0.0000e+00
-4.725 -0.025 0.0000e+00
-4.725 0.025 0.0000e+00
-4.725 0.075 0.0000e+00
-4.725 0.125 0.0000e+00
-4.725 0.175 0.0000e+00
-4.725 0.225 0.0000e+00
-4.725 0.275 0.0000e+00
-4.725 0.325 0.0000e+00
-4.725 0.375 0.0000e+00
-4.725 0.425 0.0000e+00
-4.725 0.475 0.0000e+00
-4.725 0.525 0.0000e+00
-4.725 0.575 0.0000e+00
-4.725 0.625 0.0000e+00
-4.725 0.675 0.0000e+00
-4.725 0.725 0.0000e+00
-4.725 0.775 4.1205e-13
-4.725 0.825 8.2248e-13
-4.725 0.875 1.6418e-12
-4.725 0.925 3.2776e-12
-4.725 0.975 6.5436e-12
-4.725 1.025 1.3065e-11
-4.725 1.075 2.6087e-11
-4.725 1.125 5.2095e-11
-4.725 1.175 1.0404e-10
-4.725 1.225 2.0781e-10
-4.725 1.275 4.1512e-10
-4.725 1.325 8.2936e-10
-4.725 1.375 1.6573e-09
-4.725 1.425 3.3121e-09
-4.725 1.475 6.6209e-09
-4.725 1.525 1.3238e-08
-4.725 1.575 2.6475e-08
-4.725 1.625 5.2963e-08
-4.725 1.675 1.0598e-07
-4.725 1.725 2.1216e-07
-4.725 1.775 4.2487e-07
-4.725 1.825 8.5120e-07
-4.725 1.875 1.7062e-06
-4.725 1.925 3.4217e-06
-4.725 1.975 6.8662e-06
-4.725 2.025 1.3788e-05
-4.725 2.075 2.7706e-05
-4.725 2.125 5.5720e-05
-4.725 2.175 1.1216e-04
-4.725 2.225 2.2599e-04
-4.725 2.275 4.5584e-04
-4.725 2.325 9.2054e-04
-4.725 2.375 1.8614e-03
-4.725 2.425 3.7689e-03
-4.725 2.475 7.6426e-03
-4.725 2.525 1.5522e-02
-4.725 2.575 3.1577e-02
-4.725 2.625 6.4345e-02
-4.725 2.675 1.3134e-01
-4.725 2.725 2.6854e-01
-4.725 2.775 5.4987e-01
-4.725 2.825 1.1274e+00
-4.725 2.875 2.3134e+00
-4.725 2.925 4.7484e+00
-4.725 2.975 9.7407e+00
-4.725 3.025 1.9946e+01
-4.725 3.075 4.0711e+01
-4.725 3.125 8.2662e+01
-4.725 3.175 1.6659e+02
-4.725 3.225 3.3245e+02
-4.725 3.275 6.5546e+02
-4.725 3.325 1.2749e+03
-4.725 3.375 2.4463e+03
-4.725 3.425 4.6418e+03
-4.725 3.475 8.7509e+03
-4.725 3.525 1.6492e+04
-4.725 3.575 3.1224e+04
-4.725 3.625 5.9418e+04
-4.725 3.675 1.1291e+05
-4.725 3.725 2.1127e+05
-4.725 3.775 3.8035e+05
-4.725 3.825 6.0785e+05
-4.725 3.875 0.0000e+00
-4.725 3.925 0.0000e+00
-4.725 3.975 0.0000e+00
-4.675 -1.975 0.0000e+00
-4.675 -1.925 0.0000e+00
-4.675 -1.875 0.0000e+00
-4.675 -1.825 0.0000e+00
-4.675 -1.775 0.0000e+00
-4.675 -1.725 0.0000e+00
-4.675 -1.675 0.0000e+00
-4.675 -1.625 0.0000e+00
-4.675 -1.575 0.0000e+00
-4.675 -1.525 0.0000e+00
-4.675 -1.475 0.0000e+00
-4.675 -1.425 0.0000e+00
-4.675 -1.375 0.0000e+00
-4.675 -1.325 0.0000e+00
-4.675 -1.275 0.0000e+00
-4.675 -1.225 0.0000e+00
-4.675 -1.175 0.0000e+00
-4.675 -1.125 0.0000e+00
-4.675 -1.075 0.0000e+00
-4.675 -1.025 0.0000e+00
-4.675 -0.975 0.0000e+00
-4.675 -0.925 0.0000e+00
-4.675 -0.875 0.0000e+00
-4.675 -0.825 0.0000e+00
-4.675 -0.775 0.0000e+00
-4.675 -0.725 0.0000e+00
-4.675 -0.675 0.0000e+00
-4.675 -0.625 0.0000e+00
-4.675 -0.575 0.0000e+00
-4.675 -0.525 0.0000e+00
-4.675 -0.475 0.0000e+00
-4.675 -0.425 0.0000e+00
-4.675 -0.375 0.0000e+00
-4.675 -0.325 0.0000e+00
-4.675 -0.275 0.0000e+00
-4.675 -0.225 0.0000e+00
-4.675 -0.175 0.0000e+00
-4.675 -0.125 0.0000e+00
-4.675 -0.075 0.0000e+00
-4.675 -0.025 0.0000e+00
-4.675 0.025 0.0000e+00
-4.675 0.075 0.0000e+00
-4.675 0.125 0.0000e+00
-4.675 0.175 0.0000e+00
-4.675 0.225 0.0000e+00
-4.675 0.275 0.0000e+00
-4.675 0.325 0.0000e+00
-4.675 0.375 0.0000e+00
-4.675 0.425 0.0000e+00
-4.675 0.475 0.0000e+00
-4.675 0.525 0.0000e+00
-4.675 0.575 0.0000e+00
-4.675 0.625 0.0000e+00
-4.675 0.675 0.0000e+00
-4.675 0.725 0.0000e+00
-4.675 0.775 5.1873e-13
-4.675 0.825 1.0354e-12
-4.675 0.875 2.0670e-12
-4.675 0.925 4.1263e-12
-4.675 0.975 8.2380e-12
-4.675 1.025 1.6448e-11
-4.675 1.075 3.2842e-11
-4.675 1.125 6.5584e-11
-4.675 1.175 1.3098e-10
-4.675 1.225 2.6161e-10
-4.675 1.275 5.2260e-10
-4.675 1.325 1.0441e-09
-4.675 1.375 2.0864e-09
-4.675 1.425 4.1697e-09
-4.675 1.475 8.3352e-09
-4.675 1.525 1.6666e-08
-4.675 1.575 3.3330e-08
-4.675 1.625 6.6676e-08
-4.675 1.675 1.3343e-07
-4.675 1.725 2.6709e-07
-4.675 1.775 5.3487e-07
-4.675 1.825 1.0716e-06
-4.675 1.875 2.1479e-06
-4.675 1.925 4.3076e-06
-4.675 1.975 8.6441e-06
-4.675 2.025 1.7358e-05
-4.675 2.075 3.4880e-05
-4.675 2.125 7.0147e-05
-4.675 2.175 1.4120e-04
-4.675 2.225 2.8451e-04
-4.675 2.275 5.7387e-04
-4.675 2.325 1.1589e-03
-4.675 2.375 2.3433e-03
-4.675 2.425 4.7448e-03
-4.675 2.475 9.6216e-03
-4.675 2.525 1.9541e-02
-4.675 2.575 3.9754e-02
-4.675 2.625 8.1008e-02
-4.675 2.675 1.6536e-01
-4.675 2.725 3.3808e-01
-4.675 2.775 6.9229e-01
-4.675 2.825 1.4194e+00
-4.675 2.875 2.9127e+00
-4.675 2.925 5.9786e+00
-4.675 2.975 1.2265e+01
-4.675 3.025 2.5117e+01
-4.675 3.075 5.1267e+01
-4.675 3.125 1.0410e+02
-4.675 3.175 2.0984e+02
-4.675 3.225 4.1882e+02
-4.675 3.275 8.2593e+02
-4.675 3.325 1.6069e+03
-4.675 3.375 3.0846e+03
-4.675 3.425 5.8551e+03
-4.675 3.475 1.1042e+04
-4.675 3.525 2.0814e+04
-4.675 3.575 3.9404e+04
-4.675 3.625 7.4946e+04
-4.675 3.675 1.4228e+05
-4.675 3.725 2.6586e+05
-4.675 3.775 4.7783e+05
-4.675 3.825 7.6217e+05
-4.675 3.875 0.0000e+00
-4.675 3.925 0.0000e+00
-4.675 3.975 0.0000e+00
-4.625 -1.975 0.0000e+00
-4.625 -1.925 0.0000e+00
-4.625 -1.875 0.0000e+00
-4.625 -1.825 0.0000e+00
-4.625 -1.775 0.0000e+00
-4.625 -1.725 0.0000e+00
-4.625 -1.675 0.0000e+00
-4.625 -1.625 0.0000e+00
-4.625 -1.575 0.0000e+00
-4.625 -1.525 0.0000e+00
-4.625 -1.475 0.0000e+00
-4.625 -1.425 0.0000e+00
-4.625 -1.375 0.0000e+00
-4.625 -1.325 0.0000e+00
-4.625 -1.275 0.0000e+00
-4.625 -1.225 0.0000e+00
-4.625 -1.175 0.0000e+00
-4.625 -1.125 0.0000e+00
-4.625 -1.075 0.0000e+00
-4.625 -1.025 0.0000e+00
-4.625 -0.975 0.0000e+00
-4.625 -0.925 0.0000e+00
-4.625 -0.875 0.0000e+00
-4.625 -0.825 0.0000e+00
-4.625 -0.775 0.0000e+00
-4.625 -0.725 0.0000e+00
-4.625 -0.675 0.0000e+00
-4.625 -0.625 0.0000e+00
-4.625 -0.575 0.0000e+00
-4.625 -0.525 0.0000e+00
-4.625 -0.475 0.0000e+00
-4.625 -0.425 0.0000e+00
-4.625 -0.375 0.0000e+00
-4.625 -0.325 0.0000e+00
-4.625 -0.275 0.0000e+00
-4.625 -0.225 0.0000e+00
-4.625 -0.175 0.0000e+00
-4.625 -0.125 0.0000e+00
-4.625 -0.075 0.0000e+00
-4.625 -0.025 0.0000e+00
-4.625 0.025 0.0000e+00
-4.625 0.075 0.0000e+00
-4.625 0.125 0.0000e+00
-4.625 0.175 0.0000e+00
-4.625 0.225 0.0000e+00
-4.625 0.275 0.0000e+00
-4.625 0.325 0.0000e+00
-4.625 0.375 0.0000e+00
-4.625 0.425 0.0000e+00
-4.625 0.475 0.0000e+00
-4.625 0.525 0.0000e+00
-4.625 0.575 0.0000e+00
-4.625 0.625 0.0000e+00
-4.625 0.675 0.0000e+00
-4.625 0.725 0.0000e+00
-4.625 0.775 6.5305e-13
-4.625 0.825 1.3035e-12
-4.625 0.875 2.6021e-12
-4.625 0.925 5.1947e-12
-4.625 0.975 1.0371e-11
-4.625 1.025 2.0707e-11
-4.625 1.075 4.1346e-11
-4.625 1.125 8.2565e-11
-4.625 1.175 1.6489e-10
-4.625 1.225 3.2935e-10
-4.625 1.275 6.5792e-10
-4.625 1.325 1.3145e-09
-4.625 1.375 2.6266e-09
-4.625 1.425 5.2494e-09
-4.625 1.475 1.0493e-08
-4.625 1.525 2.0981e-08
-4.625 1.575 4.1960e-08
-4.625 1.625 8.3940e-08
-4.625 1.675 1.6797e-07
-4.625 1.725 3.3625e-07
-4.625 1.775 6.7337e-07
-4.625 1.825 1.3491e-06
-4.625 1.875 2.7041e-06
-4.625 1.925 5.4230e-06
-4.625 1.975 1.0882e-05
-4.625 2.025 2.1852e-05
-4.625 2.075 4.3911e-05
-4.625 2.125 8.8311e-05
-4.625 2.175 1.7776e-04
-4.625 2.225 3.5817e-04
-4.625 2.275 7.2246e-04
-4.625 2.325 1.4590e-03
-4.625 2.375 2.9501e-03
-4.625 2.425 5.9734e-03
-4.625 2.475 1.2113e-02
-4.625 2.525 2.4602e-02
-4.625 2.575 5.0048e-02
-4.625 2.625 1.0199e-01
-4.625 2.675 2.0818e-01
-4.625 2.725 4.2565e-01
-4.625 2.775 8.7160e-01
-4.625 2.825 1.7871e+00
-4.625 2.875 3.6673e+00
-4.625 2.925 7.5278e+00
-4.625 2.975 1.5444e+01
-4.625 3.025 3.1628e+01
-4.625 3.075 6.4565e+01
-4.625 3.125 1.3112e+02
-4.625 3.175 2.6434e+02
-4.625 3.225 5.2771e+02
-4.625 3.275 1.0410e+03
-4.625 3.325 2.0260e+03
-4.625 3.375 3.8908e+03
-4.625 3.425 7.3891e+03
-4.625 3.475 1.3941e+04
-4.625 3.525 2.6284e+04
-4.625 3.575 4.9754e+04
-4.625 3.625 9.4575e+04
-4.625 3.675 1.7933e+05
-4.625 3.725 3.3452e+05
-4.625 3.775 5.9995e+05
-4.625 3.825 9.5469e+05
-4.625 3.875 0.0000e+00
-4.625 3.925 0.0000e+00
-4.625 3.975 0.0000e+00
-4.575 -1.975 0.0000e+00
-4.575 -1.925 0.0000e+00
-4.575 -1.875 0.0000e+00
-4.575 -1.825 0.0000e+00
-4.575 -1.775 0.0000e+00
-4.575 -1.725 0.0000e+00
-4.575 -1.675 0.0000e+00
-4.575 -1.625 0.0000e+00
-4.575 -1.575 0.0000e+00
-4.575 -1.525 0.0000e+00
-4.575 -1.475 0.0000e+00
-4.575 -1.425 0.0000e+00
-4.575 -1.375 0.0000e+00
-4.575 -1.325 0.0000e+00
-4.575 -1.275 0.0000e+00
-4.575 -1.225 0.0000e+00
-4.575 -1.175 0.0000e+00
-4.575 -1.125 0.0000e+00
-4.575 -1.075 0.0000e+00
-4.575 -1.025 0.0000e+00
-4.575 -0.975 0.0000e+00
-4.575 -0.925 0.0000e+00
-4.575 -0.875 0.0000e+00
-4.575 -0.825 0.0000e+00
-4.575 -0.775 0.0000e+00
-4.575 -0.725 0.0000e+00
-4.575 -0.675 0.0000e+00
-4.575 -0.625 0.0000e+00
-4.575 -0.575 0.0000e+00
-4.575 -0.525 0.0000e+00
-4.575 -0.475 0.0000e+00
-4.575 -0.425 0.0000e+00
-4.575 -0.375 0.0000e+00
-4.575 -0.325 0.0000e+00
-4.575 -0.275 0.0000e+00
-4.575 -0.225 0.0000e+00
-4.575 -0.175 0.0000e+00
-4.575 -0.125 0.0000e+00
-4.575 -0.075 0.0000e+00
-4.575 -0.025 0.0000e+00
-4.575 0.025 0.0000e+00
-4.575 0.075 0.0000e+00
-4.575 0.125 0.0000e+00
-4.575 0.175 0.0000e+00
-4.575 0.225 0.0000e+00
-4.575 0.275 0.0000e+00
-4.575 0.325 0.0000e+00
-4.575 0.375 0.0000e+00
-4.575 0.425 0.0000e+00
-4.575 0.475 0.0000e+00
-4.575 0.525 0.0000e+00
-4.575 0.575 0.0000e+00
-4.575 0.625 0.0000e+00
-4.575 0.675 0.0000e+00
-4.575 0.725 0.0000e+00
-4.575 0.775 8.2214e-13
-4.575 0.825 1.6411e-12
-4.575 0.875 3.2759e-12
-4.575 0.925 6.5398e-12
-4.575 0.975 1.3056e-11
-4.575 1.025 2.6068e-11
-4.575 1.075 5.2051e-11
-4.575 1.125 1.0394e-10
-4.575 1.175 2.0759e-10
-4.575 1.225 4.1463e-10
-4.575 1.275 8.2827e-10
-4.575 1.325 1.6548e-09
-4.575 1.375 3.3067e-09
-4.575 1.425 6.6086e-09
-4.575 1.475 1.3210e-08
-4.575 1.525 2.6413e-08
-4.575 1.575 5.2824e-08
-4.575 1.625 1.0567e-07
-4.575 1.675 2.1147e-07
-4.575 1.725 4.2331e-07
-4.575 1.775 8.4772e-07
-4.575 1.825 1.6984e-06
-4.575 1.875 3.4042e-06
-4.575 1.925 6.8272e-06
-4.575 1.975 1.3700e-05
-4.575 2.025 2.7510e-05
-4.575 2.075 5.5281e-05
-4.575 2.125 1.1118e-04
-4.575 2.175 2.2379e-04
-4.575 2.225 4.5092e-04
-4.575 2.275 9.0954e-04
-4.575 2.325 1.8368e-03
-4.575 2.375 3.7140e-03
-4.575 2.425 7.5202e-03
-4.575 2.475 1.5250e-02
-4.575 2.525 3.0973e-02
-4.575 2.575 6.3009e-02
-4.575 2.625 1.2840e-01
-4.575 2.675 2.6210e-01
-4.575 2.725 5.3590e-01
-4.575 2.775 1.0974e+00
-4.575 2.825 2.2500e+00
-4.575 2.875 4.6175e+00
-4.575 2.925 9.4788e+00
-4.575 2.975 1.9447e+01
-4.575 3.025 3.9831e+01
-4.575 3.075 8.1319e+01
-4.575 3.125 1.6517e+02
-4.575 3.175 3.3305e+02
-4.575 3.225 6.6506e+02
-4.575 3.275 1.3124e+03
-4.575 3.325 2.5554e+03
-4.575 3.375 4.9101e+03
-4.575 3.425 9.3304e+03
-4.575 3.475 1.7613e+04
-4.575 3.525 3.3217e+04
-4.575 3.575 6.2868e+04
-4.575 3.625 1.1941e+05
-4.575 3.675 2.2608e+05
-4.575 3.725 4.2082e+05
-4.575 3.775 7.5273e+05
-4.575 3.825 1.1943e+06
-4.575 3.875 0.0000e+00
-4.575 3.925 0.0000e+00
-4.575 3.975 0.0000e+00
-4.525 -1.975 0.0000e+00
-4.525 -1.925 0.0000e+00
-4.525 -1.875 0.0000e+00
-4.525 -1.825 0.0000e+00
-4.525 -1.775 0.0000e+00
-4.525 -1.725 0.0000e+00
-4.525 -1.675 0.0000e+00
-4.525 -1.625 0.0000e+00
-4.525 -1.575 0.0000e+00
-4.525 -1.525 0.0000e+00
-4.525 -1.475 0.0000e+00
-4.525 -1.425 0.0000e+00
-4.525 -1.375 0.0000e+00
-4.525 -1.325 0.0000e+00
-4.525 -1.275 0.0000e+00
-4.525 -1.225 0.0000e+00
-4.525 -1.175 0.0000e+00
-4.525 -1.125 0.0000e+00
-4.525 -1.075 0.0000e+00
-4.525 -1.025 0.0000e+00
-4.525 -0.975 0.0000e+00
-4.525 -0.925 0.0000e+00
-4.525 -0.875 0.0000e+00
-4.525 -0.825 0.0000e+00
-4.525 -0.775 0.0000e+00
-4.525 -0.725 0.0000e+00
-4.525 -0.675 0.0000e+00
-4.525 -0.625 0.0000e+00
-4.525 -0.575 0.0000e+00
-4.525 -0.525 0.0000e+00
-4.525 -0.475 0.0000e+00
-4.525 -0.425 0.0000e+00
-4.525 -0.375 0.0000e+00
-4.525 -0.325 0.0000e+00
-4.525 -0.275 0.0000e+00
-4.525 -0.225 0.0000e+00
-4.525 -0.175 0.0000e+00
-4.525 -0.125 0.0000e+00
-4.525 -0.075 0.0000e+00
-4.525 -0.025 0.0000e+00
-4.525 0.025 0.0000e+00
-4.525 0.075 0.0000e+00
-4.525 0.125 0.0000e+00
-4.525 0.175 0.0000e+00
-4.525 0.225 0.0000e+00
-4.525 0.275 0.0000e+00
-4.525 0.325 0.0000e+00
-4.525 0.375 0.0000e+00
-4.525 0.425 0.0000e+00
-4.525 0.475 0.0000e+00
-4.525 0.525 0.0000e+00
-4.525 0.575 0.0000e+00
-4.525 0.625 0.0000e+00
-4.525 0.675 0.0000e+00
-4.525 0.725 0.0000e+00
-4.525 0.775 1.0350e-12
-4.525 0.825 2.0660e-12
-4.525 0.875 4.1241e-12
-4.525 0.925 8.2331e-12
-4.525 0.975 1.6437e-11
-4.525 1.025 3.2818e-11
-4.525 1.075 6.5529e-11
-4.525 1.125 1.3086e-10
-4.525 1.175 2.6134e-10
-4.525 1.225 5.2199e-10
-4.525 1.275 1.0427e-09
-4.525 1.325 2.0833e-09
-4.525 1.375 4.1628e-09
-4.525 1.425 8.3197e-09
-4.525 1.475 1.6631e-08
-4.525 1.525 3.3252e-08
-4.525 1.575 6.6502e-08
-4.525 1.625 1.3304e-07
-4.525 1.675 2.6622e-07
-4.525 1.725 5.3292e-07
-4.525 1.775 1.0672e-06
-4.525 1.825 2.1381e-06
-4.525 1.875 4.2857e-06
-4.525 1.925 8.5949e-06
-4.525 1.975 1.7247e-05
-4.525 2.025 3.4633e-05
-4.525 2.075 6.9595e-05
-4.525 2.125 1.3996e-04
-4.525 2.175 2.8174e-04
-4.525 2.225 5.6768e-04
-4.525 2.275 1.1450e-03
-4.525 2.325 2.3124e-03
-4.525 2.375 4.6757e-03
-4.525 2.425 9.4676e-03
-4.525 2.475 1.9199e-02
-4.525 2.525 3.8993e-02
-4.525 2.575 7.9327e-02
-4.525 2.625 1.6165e-01
-4.525 2.675 3.2998e-01
-4.525 2.725 6.7471e-01
-4.525 2.775 1.3817e+00
-4.525 2.825 2.8331e+00
-4.525 2.875 5.8142e+00
-4.525 2.925 1.1936e+01
-4.525 2.975 2.4491e+01
-4.525 3.025 5.0166e+01
-4.525 3.075 1.0243e+02
-4.525 3.125 2.0810e+02
-4.525 3.175 4.1970e+02
-4.525 3.225 8.3839e+02
-4.525 3.275 1.6551e+03
-4.525 3.325 3.2246e+03
-4.525 3.375 6.2002e+03
-4.525 3.425 1.1790e+04
-4.525 3.475 2.2271e+04
-4.525 3.525 4.2016e+04
-4.525 3.575 7.9502e+04
-4.525 3.625 1.5085e+05
-4.525 3.675 2.8509e+05
-4.525 3.725 5.2923e+05
-4.525 3.775 9.4356e+05
-4.525 3.825 1.4915e+06
-4.525 3.875 0.0000e+00
-4.525 3.925 0.0000e+00
-4.525 3.975 0.0000e+00
-4.475 -1.975 0.0000e+00
-4.475 -1.925 0.0000e+00
-4.475 -1.875 0.0000e+00
-4.475 -1.825 0.0000e+00
-4.475 -1.775 0.0000e+00
-4.475 -1.725 0.0000e+00
-4.475 -1.675 0.0000e+00
-4.475 -1.625 0.0000e+00
-4.475 -1.575 0.0000e+00
-4.475 -1.525 0.0000e+00
-4.475 -1.475 0.0000e+00
-4.475 -1.425 0.0000e+00
-4.475 -1.375 0.0000e+00
-4.475 -1.325 0.0000e+00
-4.475 -1.275 0.0000e+00
-4.475 -1.225 0.0000e+00
-4.475 -1.175 0.0000e+00
-4.475 -1.125 0.0000e+00
-4.475 -1.075 0.0000e+00
-4.475 -1.025 0.0000e+00
-4.475 -0.975 0.0000e+00
-4.475 -0.925 0.0000e+00
-4.475 -0.875 0.0000e+00
-4.475 -0.825 0.0000e+00
-4.475 -0.775 0.0000e+00
-4.475 -0.725 0.0000e+00
-4.475 -0.675 0.0000e+00
-4.475 -0.625 0.0000e+00
-4.475 -0.575 0.0000e+00
-4.475 -0.525 0.0000e+00
-4.475 -0.475 0.0000e+00
-4.475 -0.425 0.0000e+00
-4.475 -0.375 0.0000e+00
-4.475 -0.325 0.0000e+00
-4.475 -0.275 0.0000e+00
-4.475 -0.225 0.0000e+00
-4.475 -0.175 0.0000e+00
-4.475 -0.125 0.0000e+00
-4.475 -0.075 0.0000e+00
-4.475 -0.025 0.0000e+00
-4.475 0.025 0.0000e+00
-4.475 0.075 0.0000e+00
-4.475 0.125 0.0000e+00
-4.475 0.175 0.0000e+00
-4.475 0.225 0.0000e+00
-4.475 0.275 0.0000e+00
-4.475 0.325 0.0000e+00
-4.475 0.375 0.0000e+00
-4.475 0.425 0.0000e+00
-4.475 0.475 0.0000e+00
-4.475 0.525 0.0000e+00
-4.475 0.575 0.0000e+00
-4.475 0.625 0.0000e+00
-4.475 0.675 0.0000e+00
-4.475 0.725 0.0000e+00
-4.475 0.775 1.3030e-12
-4.475 0.825 2.6009e-12
-4.475 0.875 5.1920e-12
-4.475 0.925 1.0365e-11
-4.475 0.975 2.0693e-11
-4.475 1.025 4.1315e-11
-4.475 1.075 8.2496e-11
-4.475 1.125 1.6474e-10
-4.475 1.175 3.2901e-10
-4.475 1.225 6.5714e-10
-4.475 1.275 1.3127e-09
-4.475 1.325 2.6227e-09
-4.475 1.375 5.2407e-09
-4.475 1.425 1.0474e-08
-4.475 1.475 2.0937e-08
-4.475 1.525 4.1862e-08
-4.475 1.575 8.3721e-08
-4.475 1.625 1.6748e-07
-4.475 1.675 3.3515e-07
-4.475 1.725 6.7091e-07
-4.475 1.775 1.3435e-06
-4.475 1.825 2.6917e-06
-4.475 1.875 5.3954e-06
-4.475 1.925 1.0820e-05
-4.475 1.975 2.1713e-05
-4.475 2.025 4.3601e-05
-4.475 2.075 8.7615e-05
-4.475 2.125 1.7621e-04
-4.475 2.175 3.5469e-04
-4.475 2.225 7.1467e-04
-4.475 2.275 1.4416e-03
-4.475 2.325 2.9112e-03
-4.475 2.375 5.8865e-03
-4.475 2.425 1.1919e-02
-4.475 2.475 2.4171e-02
-4.475 2.525 4.9092e-02
-4.475 2.575 9.9872e-02
-4.475 2.625 2.0352e-01
-4.475 2.675 4.1546e-01
-4.475 2.725 8.4951e-01
-4.475 2.775 1.7397e+00
-4.475 2.825 3.5673e+00
-4.475 2.875 7.3215e+00
-4.475 2.925 1.5031e+01
-4.475 2.975 3.0845e+01
-4.475 3.025 6.3189e+01
-4.475 3.075 1.2905e+02
-4.475 3.125 2.6222e+02
-4.475 3.175 5.2903e+02
-4.475 3.225 1.0572e+03
-4.475 3.275 2.0883e+03
-4.475 3.325 4.0714e+03
-4.475 3.375 7.8348e+03
-4.475 3.425 1.4912e+04
-4.475 3.475 2.8189e+04
-4.475 3.525 5.3201e+04
-4.475 3.575 1.0064e+05
-4.475 3.625 1.9071e+05
-4.475 3.675 3.5958e+05
-4.475 3.725 6.6531e+05
-4.475 3.775 1.1813e+06
-4.475 3.825 1.8590e+06
-4.475 3.875 0.0000e+00
-4.475 3.925 0.0000e+00
-4.475 3.975 0.0000e+00
-4.425 -1.975 0.0000e+00
-4.425 -1.925 0.0000e+00
-4.425 -1.875 0.0000e+00
-4.425 -1.825 0.0000e+00
-4.425 -1.775 0.0000e+00
-4.425 -1.725 0.0000e+00
-4.425 -1.675 0.0000e+00
-4.425 -1.625 0.0000e+00
-4.425 -1.575 0.0000e+00
-4.425 -1.525 0.0000e+00
-4.425 -1.475 0.0000e+00
-4.425 -1.425 0.0000e+00
-4.425 -1.375 0.0000e+00
-4.425 -1.325 0.0000e+00
-4.425 -1.275 0.0000e+00
-4.425 -1.225 0.0000e+00
-4.425 -1.175 0.0000e+00
-4.425 -1.125 0.0000e+00
-4.425 -1.075 0.0000e+00
-4.425 -1.025 0.0000e+00
-4.425 -0.975 0.0000e+00
-4.425 -0.925 0.0000e+00
-4.425 -0.875 0.0000e+00
-4.425 -0.825 0.0000e+00
-4.425 -0.775 0.0000e+00
-4.425 -0.725 0.0000e+00
-4.425 -0.675 0.0000e+00
-4.425 -0.625 0.0000e+00
-4.425 -0.575 0.0000e+00
-4.425 -0.525 0.0000e+00
-4.425 -0.475 0.0000e+00
-4.425 -0.425 0.0000e+00
-4.425 -0.375 0.0000e+00
-4.425 -0.325 0.0000e+00
-4.425 -0.275 0.0000e+00
-4.425 -0.225 0.0000e+00
-4.425 -0.175 0.0000e+00
-4.425 -0.125 0.0000e+00
-4.425 -0.075 0.0000e+00
-4.425 -0.025 0.0000e+00
-4.425 0.025 0.0000e+00
-4.425 0.075 0.0000e+00
-4.425 0.125 0.0000e+00
-4.425 0.175 0.0000e+00
-4.425 0.225 0.0000e+00
-4.425 0.275 0.0000e+00
-4.425 0.325 0.0000e+00
-4.425 0.375 0.0000e+00
-4.425 0.425 0.0000e+00
-4.425 0.475 0.0000e+00
-4.425 0.525 0.0000e+00
-4.425 0.575 0.0000e+00
-4.425 0.625 0.0000e+00
-4.425 0.675 0.0000e+00
-4.425 0.725 0.0000e+00
-4.425 0.775 1.6404e-12
-4.425 0.825 3.2744e-12
-4.425 0.875 6.5363e-12
-4.425 0.925 1.3049e-11
-4.425 0.975 2.6051e-11
-4.425 1.025 5.2013e-11
-4.425 1.075 1.0386e-10
-4.425 1.125 2.0739e-10
-4.425 1.175 4.1419e-10
-4.425 1.225 8.2729e-10
-4.425 1.275 1.6526e-09
-4.425 1.325 3.3018e-09
-4.425 1.375 6.5976e-09
-4.425 1.425 1.3186e-08
-4.425 1.475 2.6358e-08
-4.425 1.525 5.2701e-08
-4.425 1.575 1.0540e-07
-4.425 1.625 2.1085e-07
-4.425 1.675 4.2193e-07
-4.425 1.725 8.4462e-07
-4.425 1.775 1.6914e-06
-4.425 1.825 3.3887e-06
-4.425 1.875 6.7924e-06
-4.425 1.925 1.3622e-05
-4.425 1.975 2.7335e-05
-4.425 2.025 5.4890e-05
-4.425 2.075 1.1030e-04
-4.425 2.125 2.2183e-04
-4.425 2.175 4.4653e-04
-4.425 2.225 8.9973e-04
-4.425 2.275 1.8148e-03
-4.425 2.325 3.6650e-03
-4.425 2.375 7.4109e-03
-4.425 2.425 1.5006e-02
-4.425 2.475 3.0430e-02
-4.425 2.525 6.1806e-02
-4.425 2.575 1.2574e-01
-4.425 2.625 2.5624e-01
-4.425 2.675 5.2309e-01
-4.425 2.725 1.0696e+00
-4.425 2.775 2.1905e+00
-4.425 2.825 4.4920e+00
-4.425 2.875 9.2199e+00
-4.425 2.925 1.8931e+01
-4.425 2.975 3.8851e+01
-4.425 3.025 7.9604e+01
-4.425 3.075 1.6260e+02
-4.425 3.125 3.3051e+02
-4.425 3.175 6.6705e+02
-4.425 3.225 1.3337e+03
-4.425 3.275 2.6363e+03
-4.425 3.325 5.1441e+03
-4.425 3.375 9.9089e+03
-4.425 3.425 1.8880e+04
-4.425 3.475 3.5722e+04
-4.425 3.525 6.7448e+04
-4.425 3.575 1.2753e+05
-4.425 3.625 2.4129e+05
-4.425 3.675 4.5362e+05
-4.425 3.725 8.3589e+05
-4.425 3.775 1.4768e+06
-4.425 3.825 2.3109e+06
-4.425 3.875 0.0000e+00
-4.425 3.925 0.0000e+00
-4.425 3.975 0.0000e+00
-4.375 -1.975 0.0000e+00
-4.375 -1.925 0.0000e+00
-4.375 -1.875 0.0000e+00
-4.375 -1.825 0.0000e+00
-4.375 -1.775 0.0000e+00
-4.375 -1.725 0.0000e+00
-4.375 -1.675 0.0000e+00
-4.375 -1.625 0.0000e+00
-4.375 -1.575 0.0000e+00
-4.375 -1.525 0.0000e+00
-4.375 -1.475 0.0000e+00
-4.375 -1.425 0.0000e+00
-4.375 -1.375 0.0000e+00
-4.375 -1.325 0.0000e+00
-4.375 -1.275 0.0000e+00
-4.375 -1.225 0.0000e+00
-4.375 -1.175 0.0000e+00
-4.375 -1.125 0.0000e+00
-4.375 -1.075 0.0000e+00
-4.375 -1.025 0.0000e+00
-4.375 -0.975 0.0000e+00
-4.375 -0.925 0.0000e+00
-4.375 -0.875 0.0000e+00
-4.375 -0.825 0.0000e+00
-4.375 -0.775 0.0000e+00
-4.375 -0.725 0.0000e+00
-4.375 -0.675 0.0000e+00
-4.375 -0.625 0.0000e+00
-4.375 -0.575 0.0000e+00
-4.375 -0.525 0.0000e+00
-4.375 -0.475 0.0000e+00
-4.375 -0.425 0.0000e+00
-4.375 -0.375 0.0000e+00
-4.375 -0.325 0.0000e+00
-4.375 -0.275 0.0000e+00
-4.375 -0.225 0.0000e+00
-4.375 -0.175 0.0000e+00
-4.375 -0.125 0.0000e+00
-4.375 -0.075 0.0000e+00
-4.375 -0.025 0.0000e+00
-4.375 0.025 0.0000e+00
-4.375 0.075 0.0000e+00
-4.375 0.125 0.0000e+00
-4.375 0.175 0.0000e+00
-4.375 0.225 0.0000e+00
-4.375 0.275 0.0000e+00
-4.375 0.325 0.0000e+00
-4.375 0.375 0.0000e+00
-4.375 0.425 0.0000e+00
-4.375 0.475 0.0000e+00
-4.375 0.525 0.0000e+00
-4.375 0.575 0.0000e+00
-4.375 0.625 0.0000e+00
-4.375 0.675 0.0000e+00
-4.375 0.725 0.0000e+00
-4.375 0.775 2.0651e-12
-4.375 0.825 4.1222e-12
-4.375 0.875 8.2287e-12
-4.375 0.925 1.6427e-11
-4.375 0.975 3.2796e-11
-4.375 1.025 6.5480e-11
-4.375 1.075 1.3075e-10
-4.375 1.125 2.6109e-10
-4.375 1.175 5.2144e-10
-4.375 1.225 1.0415e-09
-4.375 1.275 2.0805e-09
-4.375 1.325 4.1567e-09
-4.375 1.375 8.3059e-09
-4.375 1.425 1.6600e-08
-4.375 1.475 3.3183e-08
-4.375 1.525 6.6347e-08
-4.375 1.575 1.3269e-07
-4.375 1.625 2.6544e-07
-4.375 1.675 5.3118e-07
-4.375 1.725 1.0633e-06
-4.375 1.775 2.1294e-06
-4.375 1.825 4.2661e-06
-4.375 1.875 8.5511e-06
-4.375 1.925 1.7149e-05
-4.375 1.975 3.4413e-05
-4.375 2.025 6.9103e-05
-4.375 2.075 1.3886e-04
-4.375 2.125 2.7927e-04
-4.375 2.175 5.6216e-04
-4.375 2.225 1.1327e-03
-4.375 2.275 2.2848e-03
-4.375 2.325 4.6141e-03
-4.375 2.375 9.3301e-03
-4.375 2.425 1.8892e-02
-4.375 2.475 3.8312e-02
-4.375 2.525 7.7815e-02
-4.375 2.575 1.5831e-01
-4.375 2.625 3.2263e-01
-4.375 2.675 6.5863e-01
-4.375 2.725 1.3468e+00
-4.375 2.775 2.7583e+00
-4.375 2.825 5.6567e+00
-4.375 2.875 1.1612e+01
-4.375 2.925 2.3844e+01
-4.375 2.975 4.8942e+01
-4.375 3.025 1.0030e+02
-4.375 3.075 2.0493e+02
-4.375 3.125 4.1669e+02
-4.375 3.175 8.4140e+02
-4.375 3.225 1.6834e+03
-4.375 3.275 3.3301e+03
-4.375 3.325 6.5048e+03
-4.375 3.375 1.2545e+04
-4.375 3.425 2.3933e+04
-4.375 3.475 4.5331e+04
-4.375 3.525 8.5631e+04
-4.375 3.575 1.6181e+05
-4.375 3.625 3.0553e+05
-4.375 3.675 5.7233e+05
-4.375 3.725 1.0493e+06
-4.375 3.775 1.8424e+06
-4.375 3.825 2.8634e+06
-4.375 3.875 0.0000e+00
-4.375 3.925 0.0000e+00
-4.375 3.975 0.0000e+00
-4.325 -1.975 0.0000e+00
-4.325 -1.925 0.0000e+00
-4.325 -1.875 0.0000e+00
-4.325 -1.825 0.0000e+00
-4.325 -1.775 0.0000e+00
-4.325 -1.725 0.0000e+00
-4.325 -1.675 0.0000e+00
-4.325 -1.625 0.0000e+00
-4.325 -1.575 0.0000e+00
-4.325 -1.525 0.0000e+00
-4.325 -1.475 0.0000e+00
-4.325 -1.425 0.0000e+00
-4.325 -1.375 0.0000e+00
-4.325 -1.325 0.0000e+00
-4.325 -1.275 0.0000e+00
-4.325 -1.225 0.0000e+00
-4.325 -1.175 0.0000e+00
-4.325 -1.125 0.0000e+00
-4.325 -1.075 0.0000e+00
-4.325 -1.025 0.0000e+00
-4.325 -0.975 0.0000e+00
-4.325 -0.925 0.0000e+00
-4.325 -0.875 0.0000e+00
-4.325 -0.825 0.0000e+00
-4.325 -0.775 0.0000e+00
-4.325 -0.725 0.0000e+00
-4.325 -0.675 0.0000e+00
-4.325 -0.625 0.0000e+00
-4.325 -0.575 0.0000e+00
-4.325 -0.525 0.0000e+00
-4.325 -0.475 0.0000e+00
-4.325 -0.425 0.0000e+00
-4.325 -0.375 0.0000e+00
-4.325 -0.325 0.0000e+00
-4.325 -0.275 0.0000e+00
-4.325 -0.225 0.0000e+00
-4.325 -0.175 0.0000e+00
-4.325 -0.125 0.0000e+00
-4.325 -0.075 0.0000e+00
-4.325 -0.025 0.0000e+00
-4.325 0.025 0.0000e+00
-4.325 0.075 0.0000e+00
-4.325 0.125 0.0000e+00
-4.325 0.175 0.0000e+00
-4.325 0.225 0.0000e+00
-4.325 0.275 0.0000e+00
-4.325 0.325 0.0000e+00
-4.325 0.375 0.0000e+00
-4.325 0.425 0.0000e+00
-4.325 0.475 0.0000e+00
-4.325 0.525 0.0000e+00
-4.325 0.575 0.0000e+00
-4.325 0.625 0.0000e+00
-4.325 0.675 0.0000e+00
-4.325 0.725 0.0000e+00
-4.325 0.775 2.5998e-12
-4.325 0.825 5.1895e-12
-4.325 0.875 1.0359e-11
-4.325 0.925 2.0681e-11
-4.325 0.975 4.1288e-11
-4.325 1.025 8.2434e-11
-4.325 1.075 1.6460e-10
-4.325 1.125 3.2870e-10
-4.325 1.175 6.5645e-10
-4.325 1.225 1.3112e-09
-4.325 1.275 2.6192e-09
-4.325 1.325 5.2329e-09
-4.325 1.375 1.0457e-08
-4.325 1.425 2.0898e-08
-4.325 1.475 4.1775e-08
-4.325 1.525 8.3526e-08
-4.325 1.575 1.6705e-07
-4.325 1.625 3.3417e-07
-4.325 1.675 6.6872e-07
-4.325 1.725 1.3386e-06
-4.325 1.775 2.6807e-06
-4.325 1.825 5.3708e-06
-4.325 1.875 1.0765e-05
-4.325 1.925 2.1590e-05
-4.325 1.975 4.3324e-05
-4.325 2.025 8.6996e-05
-4.325 2.075 1.7482e-04
-4.325 2.125 3.5159e-04
-4.325 2.175 7.0773e-04
-4.325 2.225 1.4260e-03
-4.325 2.275 2.8765e-03
-4.325 2.325 5.8090e-03
-4.325 2.375 1.1746e-02
-4.325 2.425 2.3785e-02
-4.325 2.475 4.8235e-02
-4.325 2.525 9.7971e-02
-4.325 2.575 1.9932e-01
-4.325 2.625 4.0622e-01
-4.325 2.675 8.2931e-01
-4.325 2.725 1.6959e+00
-4.325 2.775 3.4735e+00
-4.325 2.825 7.1240e+00
-4.325 2.875 1.4625e+01
-4.325 2.925 3.0036e+01
-4.325 2.975 6.1663e+01
-4.325 3.025 1.2640e+02
-4.325 3.075 2.5835e+02
-4.325 3.125 5.2553e+02
-4.325 3.175 1.0618e+03
-4.325 3.225 2.1260e+03
-4.325 3.275 4.2100e+03
-4.325 3.325 8.2336e+03
-4.325 3.375 1.5902e+04
-4.325 3.425 3.0383e+04
-4.325 3.475 5.7617e+04
-4.325 3.525 1.0889e+05
-4.325 3.575 2.0559e+05
-4.325 3.625 3.8718e+05
-4.325 3.675 7.2204e+05
-4.325 3.725 1.3156e+06
-4.325 3.775 2.2927e+06
-4.325 3.825 3.5335e+06
-4.325 3.875 0.0000e+00
-4.325 3.925 0.0000e+00
-4.325 3.975 0.0000e+00
-4.275 -1.975 0.0000e+00
-4.275 -1.925 0.0000e+00
-4.275 -1.875 0.0000e+00
-4.275 -1.825 0.0000e+00
-4.275 -1.775 0.0000e+00
-4.275 -1.725 0.0000e+00
-4.275 -1.675 0.0000e+00
-4.275 -1.625 0.0000e+00
-4.275 -1.575 0.0000e+00
-4.275 -1.525 0.0000e+00
-4.275 -1.475 0.0000e+00
-4.275 -1.425 0.0000e+00
-4.275 -1.375 0.0000e+00
-4.275 -1.325 0.0000e+00
-4.275 -1.275 0.0000e+00
-4.275 -1.225 0.0000e+00
-4.275 -1.175 0.0000e+00
-4.275 -1.125 0.0000e+00
-4.275 -1.075 0.0000e+00
-4.275 -1.025 0.0000e+00
-4.275 -0.975 0.0000e+00
-4.275 -0.925 0.0000e+00
-4.275 -0.875 0.0000e+00
-4.275 -0.825 0.0000e+00
-4.275 -0.775 0.0000e+00
-4.275 -0.725 0.0000e+00
-4.275 -0.675 0.0000e+00
-4.275 -0.625 0.0000e+00
-4.275 -0.575 0.0000e+00
-4.275 -0.525 0.0000e+00
-4.275 -0.475 0.0000e+00
-4.275 -0.425 0.0000e+00
-4.275 -0.375 0.0000e+00
-4.275 -0.325 0.0000e+00
-4.275 -0.275 0.0000e+00
-4.275 -0.225 0.0000e+00
-4.275 -0.175 0.0000e+00
-4.275 -0.125 0.0000e+00
-4.275 -0.075 0.0000e+00
-4.275 -0.025 0.0000e+00
-4.275 0.025 0.0000e+00
-4.275 0.075 0.0000e+00
-4.275 0.125 0.0000e+00
-4.275 0.175 0.0000e+00
-4.275 0.225 0.0000e+00
-4.275 0.275 0.0000e+00
-4.275 0.325 0.0000e+00
-4.275 0.375 0.0000e+00
-4.275 0.425 0.0000e+00
-4.275 0.475 0.0000e+00
-4.275 0.525 0.0000e+00
-4.275 0.575 0.0000e+00
-4.275 0.625 0.0000e+00
-4.275 0.675 0.0000e+00
-4.275 0.725 0.0000e+00
-4.275 0.775 3.2730e-12
-4.275 0.825 6.5332e-12
-4.275 0.875 1.3042e-11
-4.275 0.925 2.6035e-11
-4.275 0.975 5.1978e-11
-4.275 1.025 1.0378e-10
-4.275 1.075 2.0722e-10
-4.275 1.125 4.1381e-10
-4.275 1.175 8.2642e-10
-4.275 1.225 1.6507e-09
-4.275 1.275 3.2974e-09
-4.275 1.325 6.5879e-09
-4.275 1.375 1.3164e-08
-4.275 1.425 2.6309e-08
-4.275 1.475 5.2592e-08
-4.275 1.525 1.0515e-07
-4.275 1.575 2.1030e-07
-4.275 1.625 4.2070e-07
-4.275 1.675 8.4187e-07
-4.275 1.725 1.6853e-06
-4.275 1.775 3.3749e-06
-4.275 1.825 6.7614e-06
-4.275 1.875 1.3553e-05
-4.275 1.925 2.7180e-05
-4.275 1.975 5.4542e-05
-4.275 2.025 1.0952e-04
-4.275 2.075 2.2009e-04
-4.275 2.125 4.4263e-04
-4.275 2.175 8.9099e-04
-4.275 2.225 1.7953e-03
-4.275 2.275 3.6214e-03
-4.275 2.325 7.3134e-03
-4.275 2.375 1.4789e-02
-4.275 2.425 2.9946e-02
-4.275 2.475 6.0729e-02
-4.275 2.525 1.2335e-01
-4.275 2.575 2.5097e-01
-4.275 2.625 5.1149e-01
-4.275 2.675 1.0443e+00
-4.275 2.725 2.1356e+00
-4.275 2.775 4.3745e+00
-4.275 2.825 8.9727e+00
-4.275 2.875 1.8423e+01
-4.275 2.925 3.7843e+01
-4.275 2.975 7.7707e+01
-4.275 3.025 1.5934e+02
-4.275 3.075 3.2579e+02
-4.275 3.125 6.6310e+02
-4.275 3.175 1.3407e+03
-4.275 3.225 2.6870e+03
-4.275 3.275 5.3272e+03
-4.275 3.325 1.0434e+04
-4.275 3.375 2.0187e+04
-4.275 3.425 3.8634e+04
-4.275 3.475 7.3363e+04
-4.275 3.525 1.3870e+05
-4.275 3.575 2.6156e+05
-4.275 3.625 4.9097e+05
-4.275 3.675 9.1056e+05
-4.275 3.725 1.6466e+06
-4.275 3.775 2.8432e+06
-4.275 3.825 4.3379e+06
-4.275 3.875 0.0000e+00
-4.275 3.925 0.0000e+00
-4.275 3.975 0.0000e+00
-4.225 -1.975 0.0000e+00
-4.225 -1.925 0.0000e+00
-4.225 -1.875 0.0000e+00
-4.225 -1.825 0.0000e+00
-4.225 -1.775 0.0000e+00
-4.225 -1.725 0.0000e+00
-4.225 -1.675 0.0000e+00
-4.225 -1.625 0.0000e+00
-4.225 -1.575 0.0000e+00
-4.225 -1.525 0.0000e+00
-4.225 -1.475 0.0000e+00
-4.225 -1.425 0.0000e+00
-4.225 -1.375 0.0000e+00
-4.225 -1.325 0.0000e+00
-4.225 -1.275 0.0000e+00
-4.225 -1.225 0.0000e+00
-4.225 -1.175 0.0000e+00
-4.225 -1.125 0.0000e+00
-4.225 -1.075 0.0000e+00
-4.225 -1.025 0.0000e+00
-4.225 -0.975 0.0000e+00
-4.225 -0.925 0.0000e+00
-4.225 -0.875 0.0000e+00
-4.225 -0.825 0.0000e+00
-4.225 -0.775 0.0000e+00
-4.225 -0.725 0.0000e+00
-4.225 -0.675 0.0000e+00
-4.225 -0.625 0.0000e+00
-4.225 -0.575 0.0000e+00
-4.225 -0.525 0.0000e+00
-4.225 -0.475 0.0000e+00
-4.225 -0.425 0.0000e+00
-4.225 -0.375 0.0000e+00
-4.225 -0.325 0.0000e+00
-4.225 -0.275 0.0000e+00
-4.225 -0.225 0.0000e+00
-4.225 -0.175 0.0000e+00
-4.225 -0.125 0.0000e+00
-4.225 -0.075 0.0000e+00
-4.225 -0.025 0.0000e+00
-4.225 0.025 0.0000e+00
-4.225 0.075 0.0000e+00
-4.225 0.125 0.0000e+00
-4.225 0.175 0.0000e+00
-4.225 0.225 0.0000e+00
-4.225 0.275 0.0000e+00
-4.225 0.325 0.0000e+00
-4.225 0.375 0.0000e+00
-4.225 0.425 0.0000e+00
-4.225 0.475 0.0000e+00
-4.225 0.525 0.0000e+00
-4.225 0.575 0.0000e+00
-4.225 0.625 0.0000e+00
-4.225 0.675 0.0000e+00
-4.225 0.725 0.0000e+00
-4.225 0.775 4.1205e-12
-4.225 0.825 8.2248e-12
-4.225 0.875 1.6418e-11
-4.225 0.925 3.2776e-11
-4.225 0.975 6.5436e-11
-4.225 1.025 1.3065e-10
-4.225 1.075 2.6088e-10
-4.225 1.125 5.2095e-10
-4.225 1.175 1.0404e-09
-4.225 1.225 2.0781e-09
-4.225 1.275 4.1512e-09
-4.225 1.325 8.2937e-09
-4.225 1.375 1.6573e-08
-4.225 1.425 3.3122e-08
-4.225 1.475 6.6209e-08
-4.225 1.525 1.3238e-07
-4.225 1.575 2.6475e-07
-4.225 1.625 5.2963e-07
-4.225 1.675 1.0599e-06
-4.225 1.725 2.1216e-06
-4.225 1.775 4.2487e-06
-4.225 1.825 8.5122e-06
-4.225 1.875 1.7062e-05
-4.225 1.925 3.4218e-05
-4.225 1.975 6.8666e-05
-4.225 2.025 1.3788e-04
-4.225 2.075 2.7708e-04
-4.225 2.125 5.5725e-04
-4.225 2.175 1.1217e-03
-4.225 2.225 2.2602e-03
-4.225 2.275 4.5592e-03
-4.225 2.325 9.2075e-03
-4.225 2.375 1.8619e-02
-4.225 2.425 3.7703e-02
-4.225 2.475 7.6461e-02
-4.225 2.525 1.5531e-01
-4.225 2.575 3.1600e-01
-4.225 2.625 6.4407e-01
-4.225 2.675 1.3150e+00
-4.225 2.725 2.6895e+00
-4.225 2.775 5.5097e+00
-4.225 2.825 1.1303e+01
-4.225 2.875 2.3210e+01
-4.225 2.925 4.7687e+01
-4.225 2.975 9.7949e+01
-4.225 3.025 2.0092e+02
-4.225 3.075 4.1102e+02
-4.225 3.125 8.3711e+02
-4.225 3.175 1.6940e+03
-4.225 3.225 3.3989e+03
-4.225 3.275 6.7483e+03
-4.225 3.325 1.3241e+04
-4.225 3.375 2.5666e+04
-4.225 3.425 4.9216e+04
-4.225 3.475 9.3587e+04
-4.225 3.525 1.7697e+05
-4.225 3.575 3.3316e+05
-4.225 3.625 6.2278e+05
-4.225 3.675 1.1472e+06
-4.225 3.725 2.0555e+06
-4.225 3.775 3.5103e+06
-4.225 3.825 5.2910e+06
-4.225 3.875 0.0000e+00
-4.225 3.925 0.0000e+00
-4.225 3.975 0.0000e+00
-4.175 -1.975 0.0000e+00
-4.175 -1.925 0.0000e+00
-4.175 -1.875 0.0000e+00
-4.175 -1.825 0.0000e+00
-4.175 -1.775 0.0000e+00
-4.175 -1.725 0.0000e+00
-4.175 -1.675 0.0000e+00
-4.175 -1.625 0.0000e+00
-4.175 -1.575 0.0000e+00
-4.175 -1.525 0.0000e+00
-4.175 -1.475 0.0000e+00
-4.175 -1.425 0.0000e+00
-4.175 -1.375 0.0000e+00
-4.175 -1.325 0.0000e+00
-4.175 -1.275 0.0000e+00
-4.175 -1.225 0.0000e+00
-4.175 -1.175 0.0000e+00
-4.175 -1.125 0.0000e+00
-4.175 -1.075 0.0000e+00
-4.175 -1.025 0.0000e+00
-4.175 -0.975 0.0000e+00
-4.175 -0.925 0.0000e+00
-4.175 -0.875 0.0000e+00
-4.175 -0.825 0.0000e+00
-4.175 -0.775 0.0000e+00
-4.175 -0.725 0.0000e+00
-4.175 -0.675 0.0000e+00
-4.175 -0.625 0.0000e+00
-4.175 -0.575 0.0000e+00
-4.175 -0.525 0.0000e+00
-4.175 -0.475 0.0000e+00
-4.175 -0.425 0.0000e+00
-4.175 -0.375 0.0000e+00
-4.175 -0.325 0.0000e+00
-4.175 -0.275 0.0000e+00
-4.175 -0.225 0.0000e+00
-4.175 -0.175 0.0000e+00
-4.175 -0.125 0.0000e+00
-4.175 -0.075 0.0000e+00
-4.175 -0.025 0.0000e+00
-4.175 0.025 0.0000e+00
-4.175 0.075 0.0000e+00
-4.175 0.125 0.0000e+00
-4.175 0.175 0.0000e+00
-4.175 0.225 0.0000e+00
-4.175 0.275 0.0000e+00
-4.175 0.325 0.0000e+00
-4.175 0.375 0.0000e+00
-4.175 0.425 0.0000e+00
-4.175 0.475 0.0000e+00
-4.175 0.525 0.0000e+00
-4.175 0.575 0.0000e+00
-4.175 0.625 0.0000e+00
-4.175 0.675 0.0000e+00
-4.175 0.725 0.0000e+00
-4.175 0.775 5.1873e-12
-4.175 0.825 1.0354e-11
-4.175 0.875 2.0670e-11
-4.175 0.925 4.1263e-11
-4.175 0.975 8.2380e-11
-4.175 1.025 1.6448e-10
-4.175 1.075 3.2842e-10
-4.175 1.125 6.5584e-10
-4.175 1.175 1.3098e-09
-4.175 1.225 2.6161e-09
-4.175 1.275 5.2260e-09
-4.175 1.325 1.0441e-08
-4.175 1.375 2.0864e-08
-4.175 1.425 4.1698e-08
-4.175 1.475 8.3353e-08
-4.175 1.525 1.6666e-07
-4.175 1.575 3.3330e-07
-4.175 1.625 6.6677e-07
-4.175 1.675 1.3343e-06
-4.175 1.725 2.6710e-06
-4.175 1.775 5.3489e-06
-4.175 1.825 1.0716e-05
-4.175 1.875 2.1480e-05
-4.175 1.925 4.3078e-05
-4.175 1.975 8.6446e-05
-4.175 2.025 1.7359e-04
-4.175 2.075 3.4883e-04
-4.175 2.125 7.0155e-04
-4.175 2.175 1.4122e-03
-4.175 2.225 2.8456e-03
-4.175 2.275 5.7400e-03
-4.175 2.325 1.1592e-02
-4.175 2.375 2.3442e-02
-4.175 2.425 4.7470e-02
-4.175 2.475 9.6272e-02
-4.175 2.525 1.9556e-01
-4.175 2.575 3.9791e-01
-4.175 2.625 8.1105e-01
-4.175 2.675 1.6561e+00
-4.175 2.725 3.3874e+00
-4.175 2.775 6.9402e+00
-4.175 2.825 1.4239e+01
-4.175 2.875 2.9247e+01
-4.175 2.925 6.0106e+01
-4.175 2.975 1.2350e+02
-4.175 3.025 2.5345e+02
-4.175 3.075 5.1880e+02
-4.175 3.125 1.0575e+03
-4.175 3.175 2.1421e+03
-4.175 3.225 4.3038e+03
-4.175 3.275 8.5593e+03
-4.175 3.325 1.6827e+04
-4.175 3.375 3.2691e+04
-4.175 3.425 6.2815e+04
-4.175 3.475 1.1961e+05
-4.175 3.525 2.2616e+05
-4.175 3.575 4.2474e+05
-4.175 3.625 7.8978e+05
-4.175 3.675 1.4427e+06
-4.175 3.725 2.5564e+06
-4.175 3.775 4.3084e+06
-4.175 3.825 6.4009e+06
-4.175 3.875 0.0000e+00
-4.175 3.925 0.0000e+00
-4.175 3.975 0.0000e+00
-4.125 -1.975 0.0000e+00
-4.125 -1.925 0.0000e+00
-4.125 -1.875 0.0000e+00
-4.125 -1.825 0.0000e+00
-4.125 -1.775 0.0000e+00
-4.125 -1.725 0.0000e+00
-4.125 -1.675 0.0000e+00
-4.125 -1.625 0.0000e+00
-4.125 -1.575 0.0000e+00
-4.125 -1.525 0.0000e+00
-4.125 -1.475 0.0000e+00
-4.125 -1.425 0.0000e+00
-4.125 -1.375 0.0000e+00
-4.125 -1.325 0.0000e+00
-4.125 -1.275 0.0000e+00
-4.125 -1.225 0.0000e+00
-4.125 -1.175 0.0000e+00
-4.125 -1.125 0.0000e+00
-4.125 -1.075 0.0000e+00
-4.125 -1.025 0.0000e+00
-4.125 -0.975 0.0000e+00
-4.125 -0.925 0.0000e+00
-4.125 -0.875 0.0000e+00
-4.125 -0.825 0.0000e+00
-4.125 -0.775 0.0000e+00
-4.125 -0.725 0.0000e+00
-4.125 -0.675 0.0000e+00
-4.125 -0.625 0.0000e+00
-4.125 -0.575 0.0000e+00
-4.125 -0.525 0.0000e+00
-4.125 -0.475 0.0000e+00
-4.125 -0.425 0.0000e+00
-4.125 -0.375 0.0000e+00
-4.125 -0.325 0.0000e+00
-4.125 -0.275 0.0000e+00
-4.125 -0.225 0.0000e+00
-4.125 -0.175 0.0000e+00
-4.125 -0.125 0.0000e+00
-4.125 -0.075 0.0000e+00
-4.125 -0.025 0.0000e+00
-4.125 0.025 0.0000e+00
-4.125 0.075 0.0000e+00
-4.125 0.125 0.0000e+00
-4.125 0.175 0.0000e+00
-4.125 0.225 0.0000e+00
-4.125 0.275 0.0000e+00
-4.125 0.325 0.0000e+00
-4.125 0.375 0.0000e+00
-4.125 0.425 0.0000e+00
-4.125 0.475 0.0000e+00
-4.125 0.525 0.0000e+00
-4.125 0.575 0.0000e+00
-4.125 0.625 0.0000e+00
-4.125 0.675 0.0000e+00
-4.125 0.725 0.0000e+00
-4.125 0.775 6.5305e-12
-4.125 0.825 1.3035e-11
-4.125 0.875 2.6021e-11
-4.125 0.925 5.1947e-11
-4.125 0.975 1.0371e-10
-4.125 1.025 2.0707e-10
-4.125 1.075 4.1346e-10
-4.125 1.125 8.2565e-10
-4.125 1.175 1.6489e-09
-4.125 1.225 3.2935e-09
-4.125 1.275 6.5792e-09
-4.125 1.325 1.3145e-08
-4.125 1.375 2.6266e-08
-4.125 1.425 5.2494e-08
-4.125 1.475 1.0493e-07
-4.125 1.525 2.0981e-07
-4.125 1.575 4.1960e-07
-4.125 1.625 8.3941e-07
-4.125 1.675 1.6798e-06
-4.125 1.725 3.3626e-06
-4.125 1.775 6.7339e-06
-4.125 1.825 1.3491e-05
-4.125 1.875 2.7042e-05
-4.125 1.925 5.4233e-05
-4.125 1.975 1.0883e-04
-4.125 2.025 2.1854e-04
-4.125 2.075 4.3916e-04
-4.125 2.125 8.8323e-04
-4.125 2.175 1.7779e-03
-4.125 2.225 3.5826e-03
-4.125 2.275 7.2267e-03
-4.125 2.325 1.4595e-02
-4.125 2.375 2.9515e-02
-4.125 2.425 5.9769e-02
-4.125 2.475 1.2122e-01
-4.125 2.525 2.4625e-01
-4.125 2.575 5.0107e-01
-4.125 2.625 1.0214e+00
-4.125 2.675 2.0858e+00
-4.125 2.725 4.2669e+00
-4.125 2.775 8.7433e+00
-4.125 2.825 1.7942e+01
-4.125 2.875 3.6862e+01
-4.125 2.925 7.5782e+01
-4.125 2.975 1.5578e+02
-4.125 3.025 3.1987e+02
-4.125 3.075 6.5523e+02
-4.125 3.125 1.3368e+03
-4.125 3.175 2.7114e+03
-4.125 3.225 5.4559e+03
-4.125 3.275 1.0872e+04
-4.125 3.325 2.1421e+04
-4.125 3.375 4.1714e+04
-4.125 3.425 8.0319e+04
-4.125 3.475 1.5312e+05
-4.125 3.525 2.8933e+05
-4.125 3.575 5.4155e+05
-4.125 3.625 1.0003e+06
-4.125 3.675 1.8087e+06
-4.125 3.725 3.1626e+06
-4.125 3.775 5.2472e+06
-4.125 3.825 7.6638e+06
-4.125 3.875 0.0000e+00
-4.125 3.925 0.0000e+00
-4.125 3.975 0.0000e+00
-4.075 -1.975 0.0000e+00
-4.075 -1.925 0.0000e+00
-4.075 -1.875 0.0000e+00
-4.075 -1.825 0.0000e+00
-4.075 -1.775 0.0000e+00
-4.075 -1.725 0.0000e+00
-4.075 -1.675 0.0000e+00
-4.075 -1.625 0.0000e+00
-4.075 -1.575 0.0000e+00
-4.075 -1.525 0.0000e+00
-4.075 -1.475 0.0000e+00
-4.075 -1.425 0.0000e+00
-4.075 -1.375 0.0000e+00
-4.075 -1.325 0.0000e+00
-4.075 -1.275 0.0000e+00
-4.075 -1.225 0.0000e+00
-4.075 -1.175 0.0000e+00
-4.075 -1.125 0.0000e+00
-4.075 -1.075 0.0000e+00
-4.075 -1.025 0.0000e+00
-4.075 -0.975 0.0000e+00
-4.075 -0.925 0.0000e+00
-4.075 -0.875 0.0000e+00
-4.075 -0.825 0.0000e+00
-4.075 -0.775 0.0000e+00
-4.075 -0.725 0.0000e+00
-4.075 -0.675 0.0000e+00
-4.075 -0.625 0.0000e+00
-4.075 -0.575 0.0000e+00
-4.075 -0.525 0.0000e+00
-4.075 -0.475 0.0000e+00
-4.075 -0.425 0.0000e+00
-4.075 -0.375 0.0000e+00
-4.075 -0.325 0.0000e+00
-4.075 -0.275 0.0000e+00
-4.075 -0.225 0.0000e+00
-4.075 -0.175 0.0000e+00
-4.075 -0.125 0.0000e+00
-4.075 -0.075 0.0000e+00
-4.075 -0.025 0.0000e+00
-4.075 0.025 0.0000e+00
-4.075 0.075 0.0000e+00
-4.075 0.125 0.0000e+00
-4.075 0.175 0.0000e+00
-4.075 0.225 0.0000e+00
-4.075 0.275 0.0000e+00
-4.075 0.325 0.0000e+00
-4.075 0.375 0.0000e+00
-4.075 0.425 0.0000e+00
-4.075 0.475 0.0000e+00
-4.075 0.525 0.0000e+00
-4.075 0.575 0.0000e+00
-4.075 0.625 0.0000e+00
-4.075 0.675 0.0000e+00
-4.075 0.725 0.0000e+00
-4.075 0.775 8.2214e-12
-4.075 0.825 1.6411e-11
-4.075 0.875 3.2759e-11
-4.075 0.925 6.5398e-11
-4.075 0.975 1.3056e-10
-4.075 1.025 2.6068e-10
-4.075 1.075 5.2051e-10
-4.075 1.125 1.0394e-09
-4.075 1.175 2.0759e-09
-4.075 1.225 4.1463e-09
-4.075 1.275 8.2827e-09
-4.075 1.325 1.6548e-08
-4.075 1.375 3.3067e-08
-4.075 1.425 6.6086e-08
-4.075 1.475 1.3211e-07
-4.075 1.525 2.6414e-07
-4.075 1.575 5.2825e-07
-4.075 1.625 1.0568e-06
-4.075 1.675 2.1147e-06
-4.075 1.725 4.2333e-06
-4.075 1.775 8.4775e-06
-4.075 1.825 1.6984e-05
-4.075 1.875 3.4044e-05
-4.075 1.925 6.8277e-05
-4.075 1.975 1.3701e-04
-4.075 2.025 2.7513e-04
-4.075 2.075 5.5289e-04
-4.075 2.125 1.1120e-03
-4.075 2.175 2.2384e-03
-4.075 2.225 4.5105e-03
-4.075 2.275 9.0986e-03
-4.075 2.325 1.8376e-02
-4.075 2.375 3.7161e-02
-4.075 2.425 7.5257e-02
-4.075 2.475 1.5264e-01
-4.075 2.525 3.1009e-01
-4.075 2.575 6.3103e-01
-4.075 2.625 1.2864e+00
-4.075 2.675 2.6273e+00
-4.075 2.725 5.3754e+00
-4.075 2.775 1.1017e+01
-4.075 2.825 2.2614e+01
-4.075 2.875 4.6474e+01
-4.075 2.925 9.5579e+01
-4.075 2.975 1.9658e+02
-4.075 3.025 4.0391e+02
-4.075 3.075 8.2811e+02
-4.075 3.125 1.6914e+03
-4.075 3.175 3.4355e+03
-4.075 3.225 6.9254e+03
-4.075 3.275 1.3829e+04
-4.075 3.325 2.7314e+04
-4.075 3.375 5.3318e+04
-4.075 3.425 1.0286e+05
-4.075 3.475 1.9624e+05
-4.075 3.525 3.7024e+05
-4.075 3.575 6.8978e+05
-4.075 3.625 1.2633e+06
-4.075 3.675 2.2564e+06
-4.075 3.725 3.8834e+06
-4.075 3.775 6.3255e+06
-4.075 3.825 9.0561e+06
-4.075 3.875 0.0000e+00
-4.075 3.925 0.0000e+00
-4.075 3.975 0.0000e+00
-4.025 -1.975 0.0000e+00
-4.025 -1.925 0.0000e+00
-4.025 -1.875 0.0000e+00
-4.025 -1.825 0.0000e+00
-4.025 -1.775 0.0000e+00
-4.025 -1.725 0.0000e+00
-4.025 -1.675 0.0000e+00
-4.025 -1.625 0.0000e+00
-4.025 -1.575 0.0000e+00
-4.025 -1.525 0.0000e+00
-4.025 -1.475 0.0000e+00
-4.025 -1.425 0.0000e+00
-4.025 -1.375 0.0000e+00
-4.025 -1.325 0.0000e+00
-4.025 -1.275 0.0000e+00
-4.025 -1.225 0.0000e+00
-4.025 -1.175 0.0000e+00
-4.025 -1.125 0.0000e+00
-4.025 -1.075 0.0000e+00
-4.025 -1.025 0.0000e+00
-4.025 -0.975 0.0000e+00
-4.025 -0.925 0.0000e+00
-4.025 -0.875 0.0000e+00
-4.025 -0.825 0.0000e+00
-4.025 -0.775 0.0000e+00
-4.025 -0.725 0.0000e+00
-4.025 -0.675 0.0000e+00
-4.025 -0.625 0.0000e+00
-4.025 -0.575 0.0000e+00
-4.025 -0.525 0.0000e+00
-4.025 -0.475 0.0000e+00
-4.025 -0.425 0.0000e+00
-4.025 -0.375 0.0000e+00
-4.025 -0.325 0.0000e+00
-4.025 -0.275 0.0000e+00
-4.025 -0.225 0.0000e+00
-4.025 -0.175 0.0000e+00
-4.025 -0.125 0.0000e+00
-4.025 -0.075 0.0000e+00
-4.025 -0.025 0.0000e+00
-4.025 0.025 0.0000e+00
-4.025 0.075 0.0000e+00
-4.025 0.125 0.0000e+00
-4.025 0.175 0.0000e+00
-4.025 0.225 0.0000e+00
-4.025 0.275 0.0000e+00
-4.025 0.325 0.0000e+00
-4.025 0.375 0.0000e+00
-4.025 0.425 0.0000e+00
-4.025 0.475 0.0000e+00
-4.025 0.525 0.0000e+00
-4.025 0.575 0.0000e+00
-4.025 0.625 0.0000e+00
-4.025 0.675 0.0000e+00
-4.025 0.725 0.0000e+00
-4.025 0.775 1.0350e-11
-4.025 0.825 2.0660e-11
-4.025 0.875 4.1241e-11
-4.025 0.925 8.2331e-11
-4.025 0.975 1.6437e-10
-4.025 1.025 3.2818e-10
-4.025 1.075 6.5529e-10
-4.025 1.125 1.3086e-09
-4.025 1.175 2.6134e-09
-4.025 1.225 5.2199e-09
-4.025 1.275 1.0427e-08
-4.025 1.325 2.0833e-08
-4.025 1.375 4.1629e-08
-4.025 1.425 8.3198e-08
-4.025 1.475 1.6631e-07
-4.025 1.525 3.3253e-07
-4.025 1.575 6.6503e-07
-4.025 1.625 1.3304e-06
-4.025 1.675 2.6623e-06
-4.025 1.725 5.3294e-06
-4.025 1.775 1.0673e-05
-4.025 1.825 2.1382e-05
-4.025 1.875 4.2860e-05
-4.025 1.925 8.5957e-05
-4.025 1.975 1.7249e-04
-4.025 2.025 3.4638e-04
-4.025 2.075 6.9607e-04
-4.025 2.125 1.4000e-03
-4.025 2.175 2.8182e-03
-4.025 2.225 5.6788e-03
-4.025 2.275 1.1456e-02
-4.025 2.325 2.3137e-02
-4.025 2.375 4.6791e-02
-4.025 2.425 9.4763e-02
-4.025 2.475 1.9221e-01
-4.025 2.525 3.9051e-01
-4.025 2.575 7.9475e-01
-4.025 2.625 1.6204e+00
-4.025 2.675 3.3098e+00
-4.025 2.725 6.7731e+00
-4.025 2.775 1.3885e+01
-4.025 2.825 2.8509e+01
-4.025 2.875 5.8611e+01
-4.025 2.925 1.2060e+02
-4.025 2.975 2.4819e+02
-4.025 3.025 5.1038e+02
-4.025 3.075 1.0475e+03
-4.025 3.125 2.1422e+03
-4.025 3.175 4.3582e+03
-4.025 3.225 8.8026e+03
-4.025 3.275 1.7618e+04
-4.025 3.325 3.4882e+04
-4.025 3.375 6.8246e+04
-4.025 3.425 1.3186e+05
-4.025 3.475 2.5153e+05
-4.025 3.525 4.7325e+05
-4.025 3.575 8.7607e+05
-4.025 3.625 1.5876e+06
-4.025 3.675 2.7936e+06
-4.025 3.725 4.7190e+06
-4.025 3.775 7.5230e+06
-4.025 3.825 1.0525e+07
-4.025 3.875 0.0000e+00
-4.025 3.925 0.0000e+00
-4.025 3.975 0.0000e+00
-3.975 -1.975 0.0000e+00
-3.975 -1.925 0.0000e+00
-3.975 -1.875 0.0000e+00
-3.975 -1.825 0.0000e+00
-3.975 -1.775 0.0000e+00
-3.975 -1.725 0.0000e+00
-3.975 -1.675 0.0000e+00
-3.975 -1.625 0.0000e+00
-3.975 -1.575 0.0000e+00
-3.975 -1.525 0.0000e+00
-3.975 -1.475 0.0000e+00
-3.975 -1.425 0.0000e+00
-3.975 -1.375 0.0000e+00
-3.975 -1.325 0.0000e+00
-3.975 -1.275 0.0000e+00
-3.975 -1.225 0.0000e+00
-3.975 -1.175 0.0000e+00
-3.975 -1.125 0.0000e+00
-3.975 -1.075 0.0000e+00
-3.975 -1.025 0.0000e+00
-3.975 -0.975 0.0000e+00
-3.975 -0.925 0.0000e+00
-3.975 -0.875 0.0000e+00
-3.975 -0.825 0.0000e+00
-3.975 -0.775 0.0000e+00
-3.975 -0.725 0.0000e+00
-3.975 -0.675 0.0000e+00
-3.975 -0.625 0.0000e+00
-3.975 -0.575 0.0000e+00
-3.975 -0.525 0.0000e+00
-3.975 -0.475 0.0000e+00
-3.975 -0.425 0.0000e+00
-3.975 -0.375 0.0000e+00
-3.975 -0.325 0.0000e+00
-3.975 -0.275 0.0000e+00
-3.975 -0.225 0.0000e+00
-3.975 -0.175 0.0000e+00
-3.975 -0.125 0.0000e+00
-3.975 -0.075 0.0000e+00
-3.975 -0.025 0.0000e+00
-3.975 0.025 0.0000e+00
-3.975 0.075 0.0000e+00
-3.975 0.125 0.0000e+00
-3.975 0.175 0.0000e+00
-3.975 0.225 0.0000e+00
-3.975 0.275 0.0000e+00
-3.975 0.325 0.0000e+00
-3.975 0.375 0.0000e+00
-3.975 0.425 0.0000e+00
-3.975 0.475 0.0000e+00
-3.975 0.525 0.0000e+00
-3.975 0.575 0.0000e+00
-3.975 0.625 0.0000e+00
-3.975 0.675 0.0000e+00
-3.975 0.725 0.0000e+00
-3.975 0.775 1.3030e-11
-3.975 0.825 2.6009e-11
-3.975 0.875 5.1920e-11
-3.975 0.925 1.0365e-10
-3.975 0.975 2.0693e-10
-3.975 1.025 4.1315e-10
-3.975 1.075 8.2496e-10
-3.975 1.125 1.6474e-09
-3.975 1.175 3.2901e-09
-3.975 1.225 6.5715e-09
-3.975 1.275 1.3127e-08
-3.975 1.325 2.6227e-08
-3.975 1.375 5.2407e-08
-3.975 1.425 1.0474e-07
-3.975 1.475 2.0937e-07
-3.975 1.525 4.1863e-07
-3.975 1.575 8.3723e-07
-3.975 1.625 1.6749e-06
-3.975 1.675 3.3516e-06
-3.975 1.725 6.7094e-06
-3.975 1.775 1.3436e-05
-3.975 1.825 2.6919e-05
-3.975 1.875 5.3958e-05
-3.975 1.925 1.0822e-04
-3.975 1.975 2.1716e-04
-3.975 2.025 4.3608e-04
-3.975 2.075 8.7635e-04
-3.975 2.125 1.7626e-03
-3.975 2.175 3.5482e-03
-3.975 2.225 7.1499e-03
-3.975 2.275 1.4424e-02
-3.975 2.325 2.9133e-02
-3.975 2.375 5.8919e-02
-3.975 2.425 1.1933e-01
-3.975 2.475 2.4206e-01
-3.975 2.525 4.9183e-01
-3.975 2.575 1.0011e+00
-3.975 2.625 2.0413e+00
-3.975 2.675 4.1703e+00
-3.975 2.725 8.5359e+00
-3.975 2.775 1.7504e+01
-3.975 2.825 3.5952e+01
-3.975 2.875 7.3949e+01
-3.975 2.925 1.5225e+02
-3.975 2.975 3.1356e+02
-3.975 3.025 6.4541e+02
-3.975 3.075 1.3261e+03
-3.975 3.125 2.7161e+03
-3.975 3.175 5.5355e+03
-3.975 3.225 1.1203e+04
-3.975 3.275 2.2474e+04
-3.975 3.325 4.4598e+04
-3.975 3.375 8.7415e+04
-3.975 3.425 1.6902e+05
-3.975 3.475 3.2194e+05
-3.975 3.525 6.0297e+05
-3.975 3.575 1.1066e+06
-3.975 3.625 1.9788e+06
-3.975 3.675 3.4203e+06
-3.975 3.725 5.6526e+06
-3.975 3.775 8.7902e+06
-3.975 3.825 1.1975e+07
-3.975 3.875 0.0000e+00
-3.975 3.925 0.0000e+00
-3.975 3.975 0.0000e+00
-3.925 -1.975 0.0000e+00
-3.925 -1.925 0.0000e+00
-3.925 -1.875 0.0000e+00
-3.925 -1.825 0.0000e+00
-3.925 -1.775 0.0000e+00
-3.925 -1.725 0.0000e+00
-3.925 -1.675 0.0000e+00
-3.925 -1.625 0.0000e+00
-3.925 -1.575 0.0000e+00
-3.925 -1.525 0.0000e+00
-3.925 -1.475 0.0000e+00
-3.925 -1.425 0.0000e+00
-3.925 -1.375 0.0000e+00
-3.925 -1.325 0.0000e+00
-3.925 -1.275 0.0000e+00
-3.925 -1.225 0.0000e+00
-3.925 -1.175 0.0000e+00
-3.925 -1.125 0.0000e+00
-3.925 -1.075 0.0000e+00
-3.925 -1.025 0.0000e+00
-3.925 -0.975 0.0000e+00
-3.925 -0.925 0.0000e+00
-3.925 -0.875 0.0000e+00
-3.925 -0.825 0.0000e+00
-3.925 -0.775 0.0000e+00
-3.925 -0.725 0.0000e+00
-3.925 -0.675 0.0000e+00
-3.925 -0.625 0.0000e+00
-3.925 -0.575 0.0000e+00
-3.925 -0.525 0.0000e+00
-3.925 -0.475 0.0000e+00
-3.925 -0.425 0.0000e+00
-3.925 -0.375 0.0000e+00
-3.925 -0.325 0.0000e+00
-3.925 -0.275 0.0000e+00
-3.925 -0.225 0.0000e+00
-3.925 -0.175 0.0000e+00
-3.925 -0.125 0.0000e+00
-3.925 -0.075 0.0000e+00
-3.925 -0.025 0.0000e+00
-3.925 0.025 0.0000e+00
-3.925 0.075 0.0000e+00
-3.925 0.125 0.0000e+00
-3.925 0.175 0.0000e+00
-3.925 0.225 0.0000e+00
-3.925 0.275 0.0000e+00
-3.925 0.325 0.0000e+00
-3.925 0.375 0.0000e+00
-3.925 0.425 0.0000e+00
-3.925 0.475 0.0000e+00
-3.925 0.525 0.0000e+00
-3.925 0.575 0.0000e+00
-3.925 0.625 0.0000e+00
-3.925 0.675 0.0000e+00
-3.925 0.725 0.0000e+00
-3.925 0.775 1.6404e-11
-3.925 0.825 3.2744e-11
-3.925 0.875 6.5363e-11
-3.925 0.925 1.3049e-10
-3.925 0.975 2.6051e-10
-3.925 1.025 5.2013e-10
-3.925 1.075 1.0386e-09
-3.925 1.125 2.0739e-09
-3.925 1.175 4.1420e-09
-3.925 1.225 8.2730e-09
-3.925 1.275 1.6526e-08
-3.925 1.325 3.3018e-08
-3.925 1.375 6.5977e-08
-3.925 1.425 1.3186e-07
-3.925 1.475 2.6359e-07
-3.925 1.525 5.2703e-07
-3.925 1.575 1.0540e-06
-3.925 1.625 2.1086e-06
-3.925 1.675 4.2195e-06
-3.925 1.725 8.4467e-06
-3.925 1.775 1.6915e-05
-3.925 1.825 3.3890e-05
-3.925 1.875 6.7931e-05
-3.925 1.925 1.3624e-04
-3.925 1.975 2.7340e-04
-3.925 2.025 5.4903e-04
-3.925 2.075 1.1033e-03
-3.925 2.125 2.2191e-03
-3.925 2.175 4.4673e-03
-3.925 2.225 9.0024e-03
-3.925 2.275 1.8161e-02
-3.925 2.325 3.6683e-02
-3.925 2.375 7.4194e-02
-3.925 2.425 1.5028e-01
-3.925 2.475 3.0486e-01
-3.925 2.525 6.1950e-01
-3.925 2.575 1.2611e+00
-3.925 2.625 2.5720e+00
-3.925 2.675 5.2557e+00
-3.925 2.725 1.0760e+01
-3.925 2.775 2.2073e+01
-3.925 2.825 4.5358e+01
-3.925 2.875 9.3347e+01
-3.925 2.925 1.9232e+02
-3.925 2.975 3.9643e+02
-3.925 3.025 8.1686e+02
-3.925 3.075 1.6807e+03
-3.925 3.125 3.4476e+03
-3.925 3.175 7.0391e+03
-3.925 3.225 1.4276e+04
-3.925 3.275 2.8695e+04
-3.925 3.325 5.7045e+04
-3.925 3.375 1.1191e+05
-3.925 3.425 2.1623e+05
-3.925 3.475 4.1052e+05
-3.925 3.525 7.6348e+05
-3.925 3.575 1.3851e+06
-3.925 3.625 2.4363e+06
-3.925 3.675 4.1220e+06
-3.925 3.725 6.6408e+06
-3.925 3.775 1.0036e+07
-3.925 3.825 1.3263e+07
-3.925 3.875 0.0000e+00
-3.925 3.925 0.0000e+00
-3.925 3.975 0.0000e+00
-3.875 -1.975 0.0000e+00
-3.875 -1.925 0.0000e+00
-3.875 -1.875 0.0000e+00
-3.875 -1.825 0.0000e+00
-3.875 -1.775 0.0000e+00
-3.875 -1.725 0.0000e+00
-3.875 -1.675 0.0000e+00
-3.875 -1.625 0.0000e+00
-3.875 -1.575 0.0000e+00
-3.875 -1.525 0.0000e+00
-3.875 -1.475 0.0000e+00
-3.875 -1.425 0.0000e+00
-3.875 -1.375 0.0000e+00
-3.875 -1.325 0.0000e+00
-3.875 -1.275 0.0000e+00
-3.875 -1.225 0.0000e+00
-3.875 -1.175 0.0000e+00
-3.875 -1.125 0.0000e+00
-3.875 -1.075 0.0000e+00
-3.875 -1.025 0.0000e+00
-3.875 -0.975 0.0000e+00
-3.875 -0.925 0.0000e+00
-3.875 -0.875 0.0000e+00
-3.875 -0.825 0.0000e+00
-3.875 -0.775 0.0000e+00
-3.875 -0.725 0.0000e+00
-3.875 -0.675 0.0000e+00
-3.875 -0.625 0.0000e+00
-3.875 -0.575 0.0000e+00
-3.875 -0.525 0.0000e+00
-3.875 -0.475 0.0000e+00
-3.875 -0.425 0.0000e+00
-3.875 -0.375 0.0000e+00
-3.875 -0.325 0.0000e+00
-3.875 -0.275 0.0000e+00
-3.875 -0.225 0.0000e+00
-3.875 -0.175 0.0000e+00
-3.875 -0.125 0.0000e+00
-3.875 -0.075 0.0000e+00
-3.875 -0.025 0.0000e+00
-3.875 0.025 0.0000e+00
-3.875 0.075 0.0000e+00
-3.875 0.125 0.0000e+00
-3.875 0.175 0.0000e+00
-3.875 0.225 0.0000e+00
-3.875 0.275 0.0000e+00
-3.875 0.325 0.0000e+00
-3.875 0.375 0.0000e+00
-3.875 0.425 0.0000e+00
-3.875 0.475 0.0000e+00
-3.875 0.525 0.0000e+00
-3.875 0.575 0.0000e+00
-3.875 0.625 0.0000e+00
-3.875 0.675 0.0000e+00
-3.875 0.725 0.0000e+00
-3.875 0.775 2.0651e-11
-3.875 0.825 4.1222e-11
-3.875 0.875 8.2287e-11
-3.875 0.925 1.6427e-10
-3.875 0.975 3.2796e-10
-3.875 1.025 6.5480e-10
-3.875 1.075 1.3075e-09
-3.875 1.125 2.6109e-09
-3.875 1.175 5.2144e-09
-3.875 1.225 1.0415e-08
-3.875 1.275 2.0805e-08
-3.875 1.325 4.1567e-08
-3.875 1.375 8.3061e-08
-3.875 1.425 1.6600e-07
-3.875 1.475 3.3184e-07
-3.875 1.525 6.6349e-07
-3.875 1.575 1.3269e-06
-3.875 1.625 2.6545e-06
-3.875 1.675 5.3121e-06
-3.875 1.725 1.0634e-05
-3.875 1.775 2.1296e-05
-3.875 1.825 4.2666e-05
-3.875 1.875 8.5523e-05
-3.875 1.925 1.7152e-04
-3.875 1.975 3.4421e-04
-3.875 2.025 6.9123e-04
-3.875 2.075 1.3891e-03
-3.875 2.125 2.7940e-03
-3.875 2.175 5.6248e-03
-3.875 2.225 1.1335e-02
-3.875 2.275 2.2868e-02
-3.875 2.325 4.6193e-02
-3.875 2.375 9.3435e-02
-3.875 2.425 1.8927e-01
-3.875 2.475 3.8400e-01
-3.875 2.525 7.8041e-01
-3.875 2.575 1.5889e+00
-3.875 2.625 3.2413e+00
-3.875 2.675 6.6252e+00
-3.875 2.725 1.3569e+01
-3.875 2.775 2.7846e+01
-3.875 2.825 5.7251e+01
-3.875 2.875 1.1790e+02
-3.875 2.925 2.4311e+02
-3.875 2.975 5.0162e+02
-3.875 3.025 1.0348e+03
-3.875 3.075 2.1321e+03
-3.875 3.125 4.3808e+03
-3.875 3.175 8.9600e+03
-3.875 3.225 1.8203e+04
-3.875 3.275 3.6644e+04
-3.875 3.325 7.2905e+04
-3.875 3.375 1.4295e+05
-3.875 3.425 2.7544e+05
-3.875 3.475 5.1978e+05
-3.875 3.525 9.5689e+05
-3.875 3.575 1.7099e+06
-3.875 3.625 2.9469e+06
-3.875 3.675 4.8612e+06
-3.875 3.725 7.6036e+06
-3.875 3.775 1.1122e+07
-3.875 3.825 1.4198e+07
-3.875 3.875 0.0000e+00
-3.875 3.925 0.0000e+00
-3.875 3.975 0.0000e+00
-3.825 -1.975 0.0000e+00
-3.825 -1.925 0.0000e+00
-3.825 -1.875 0.0000e+00
-3.825 -1.825 0.0000e+00
-3.825 -1.775 0.0000e+00
-3.825 -1.725 0.0000e+00
-3.825 -1.675 0.0000e+00
-3.825 -1.625 0.0000e+00
-3.825 -1.575 0.0000e+00
-3.825 -1.525 0.0000e+00
-3.825 -1.475 0.0000e+00
-3.825 -1.425 0.0000e+00
-3.825 -1.375 0.0000e+00
-3.825 -1.325 0.0000e+00
-3.825 -1.275 0.0000e+00
-3.825 -1.225 0.0000e+00
-3.825 -1.175 0.0000e+00
-3.825 -1.125 0.0000e+00
-3.825 -1.075 0.0000e+00
-3.825 -1.025 0.0000e+00
-3.825 -0.975 0.0000e+00
-3.825 -0.925 0.0000e+00
-3.825 -0.875 0.0000e+00
-3.825 -0.825 0.0000e+00
-3.825 -0.775 0.0000e+00
-3.825 -0.725 0.0000e+00
-3.825 -0.675 0.0000e+00
-3.825 -0.625 0.0000e+00
-3.825 -0.575 0.0000e+00
-3.825 -0.525 0.0000e+00
-3.825 -0.475 0.0000e+00
-3.825 -0.425 0.0000e+00
-3.825 -0.375 0.0000e+00
-3.825 -0.325 0.0000e+00
-3.825 -0.275 0.0000e+00
-3.825 -0.225 0.0000e+00
-3.825 -0.175 0.0000e+00
-3.825 -0.125 0.0000e+00
-3.825 -0.075 0.0000e+00
-3.825 -0.025 0.0000e+00
-3.825 0.025 0.0000e+00
-3.825 0.075 0.0000e+00
-3.825 0.125 0.0000e+00
-3.825 0.175 0.0000e+00
-3.825 0.225 0.0000e+00
-3.825 0.275 0.0000e+00
-3.825 0.325 0.0000e+00
-3.825 0.375 0.0000e+00
-3.825 0.425 0.0000e+00
-3.825 0.475 0.0000e+00
-3.825 0.525 0.0000e+00
-3.825 0.575 0.0000e+00
-3.825 0.625 0.0000e+00
-3.825 0.675 0.0000e+00
-3.825 0.725 0.0000e+00
-3.825 0.775 2.5998e-11
-3.825 0.825 5.1895e-11
-3.825 0.875 1.0359e-10
-3.825 0.925 2.0681e-10
-3.825 0.975 4.1288e-10
-3.825 1.025 8.2435e-10
-3.825 1.075 1.6460e-09
-3.825 1.125 3.2870e-09
-3.825 1.175 6.5646e-09
-3.825 1.225 1.3112e-08
-3.825 1.275 2.6192e-08
-3.825 1.325 5.2330e-08
-3.825 1.375 1.0457e-07
-3.825 1.425 2.0899e-07
-3.825 1.475 4.1776e-07
-3.825 1.525 8.3529e-07
-3.825 1.575 1.6705e-06
-3.825 1.625 3.3419e-06
-3.825 1.675 6.6876e-06
-3.825 1.725 1.3388e-05
-3.825 1.775 2.6810e-05
-3.825 1.825 5.3715e-05
-3.825 1.875 1.0767e-04
-3.825 1.925 2.1595e-04
-3.825 1.975 4.3336e-04
-3.825 2.025 8.7027e-04
-3.825 2.075 1.7490e-03
-3.825 2.125 3.5179e-03
-3.825 2.175 7.0823e-03
-3.825 2.225 1.4273e-02
-3.825 2.275 2.8797e-02
-3.825 2.325 5.8173e-02
-3.825 2.375 1.1768e-01
-3.825 2.425 2.3840e-01
-3.825 2.475 4.8374e-01
-3.825 2.525 9.8328e-01
-3.825 2.575 2.0024e+00
-3.825 2.625 4.0859e+00
-3.825 2.675 8.3542e+00
-3.825 2.725 1.7117e+01
-3.825 2.775 3.5146e+01
-3.825 2.825 7.2305e+01
-3.825 2.875 1.4902e+02
-3.825 2.925 3.0755e+02
-3.825 2.975 6.3528e+02
-3.825 3.025 1.3122e+03
-3.825 3.075 2.7075e+03
-3.825 3.125 5.5712e+03
-3.825 3.175 1.1411e+04
-3.825 3.225 2.3209e+04
-3.825 3.275 4.6742e+04
-3.825 3.325 9.2921e+04
-3.825 3.375 1.8169e+05
-3.825 3.425 3.4811e+05
-3.825 3.475 6.5070e+05
-3.825 3.525 1.1810e+06
-3.825 3.575 2.0695e+06
-3.825 3.625 3.4791e+06
-3.825 3.675 5.5700e+06
-3.825 3.725 8.4202e+06
-3.825 3.775 1.1867e+07
-3.825 3.825 1.4568e+07
-3.825 3.875 0.0000e+00
-3.825 3.925 0.0000e+00
-3.825 3.975 0.0000e+00
-3.775 -1.975 0.0000e+00
-3.775 -1.925 0.0000e+00
-3.775 -1.875 0.0000e+00
-3.775 -1.825 0.0000e+00
-3.775 -1.775 0.0000e+00
-3.775 -1.725 0.0000e+00
-3.775 -1.675 0.0000e+00
-3.775 -1.625 0.0000e+00
-3.775 -1.575 0.0000e+00
-3.775 -1.525 0.0000e+00
-3.775 -1.475 0.0000e+00
-3.775 -1.425 0.0000e+00
-3.775 -1.375 0.0000e+00
-3.775 -1.325 0.0000e+00
-3.775 -1.275 0.0000e+00
-3.775 -1.225 0.0000e+00
-3.775 -1.175 0.0000e+00
-3.775 -1.125 0.0000e+00
-3.775 -1.075 0.0000e+00
-3.775 -1.025 0.0000e+00
-3.775 -0.975 0.0000e+00
-3.775 -0.925 0.0000e+00
-3.775 -0.875 0.0000e+00
-3.775 -0.825 0.0000e+00
-3.775 -0.775 0.0000e+00
-3.775 -0.725 0.0000e+00
-3.775 -0.675 0.0000e+00
-3.775 -0.625 0.0000e+00
-3.775 -0.575 0.0000e+00
-3.775 -0.525 0.0000e+00
-3.775 -0.475 0.0000e+00
-3.775 -0.425 0.0000e+00
-3.775 -0.375 0.0000e+00
-3.775 -0.325 0.0000e+00
-3.775 -0.275 0.0000e+00
-3.775 -0.225 0.0000e+00
-3.775 -0.175 0.0000e+00
-3.775 -0.125 0.0000e+00
-3.775 -0.075 0.0000e+00
-3.775 -0.025 0.0000e+00
-3.775 0.025 0.0000e+00
-3.775 0.075 0.0000e+00
-3.775 0.125 0.0000e+00
-3.775 0.175 0.0000e+00
-3.775 0.225 0.0000e+00
-3.775 0.275 0.0000e+00
-3.775 0.325 0.0000e+00
-3.775 0.375 0.0000e+00
-3.775 0.425 0.0000e+00
-3.775 0.475 0.0000e+00
-3.775 0.525 0.0000e+00
-3.775 0.575 0.0000e+00
-3.775 0.625 0.0000e+00
-3.775 0.675 0.0000e+00
-3.775 0.725 0.0000e+00
-3.775 0.775 3.2730e-11
-3.775 0.825 6.5332e-11
-3.775 0.875 1.3042e-10
-3.775 0.925 2.6035e-10
-3.775 0.975 5.1978e-10
-3.775 1.025 1.0378e-09
-3.775 1.075 2.0722e-09
-3.775 1.125 4.1381e-09
-3.775 1.175 8.2643e-09
-3.775 1.225 1.6507e-08
-3.775 1.275 3.2975e-08
-3.775 1.325 6.5880e-08
-3.775 1.375 1.3164e-07
-3.775 1.425 2.6310e-07
-3.775 1.475 5.2594e-07
-3.775 1.525 1.0516e-06
-3.775 1.575 2.1031e-06
-3.775 1.625 4.2073e-06
-3.775 1.675 8.4194e-06
-3.775 1.725 1.6854e-05
-3.775 1.775 3.3753e-05
-3.775 1.825 6.7626e-05
-3.775 1.875 1.3556e-04
-3.775 1.925 2.7188e-04
-3.775 1.975 5.4562e-04
-3.775 2.025 1.0957e-03
-3.775 2.075 2.2021e-03
-3.775 2.125 4.4294e-03
-3.775 2.175 8.9179e-03
-3.775 2.225 1.7973e-02
-3.775 2.275 3.6265e-02
-3.775 2.325 7.3265e-02
-3.775 2.375 1.4822e-01
-3.775 2.425 3.0032e-01
-3.775 2.475 6.0948e-01
-3.775 2.525 1.2391e+00
-3.775 2.575 2.5241e+00
-3.775 2.625 5.1521e+00
-3.775 2.675 1.0538e+01
-3.775 2.725 2.1603e+01
-3.775 2.775 4.4383e+01
-3.775 2.825 9.1376e+01
-3.775 2.875 1.8848e+02
-3.775 2.925 3.8940e+02
-3.775 2.975 8.0527e+02
-3.775 3.025 1.6654e+03
-3.775 3.075 3.4405e+03
-3.775 3.125 7.0877e+03
-3.775 3.175 1.4528e+04
-3.775 3.225 2.9549e+04
-3.775 3.275 5.9439e+04
-3.775 3.325 1.1779e+05
-3.775 3.375 2.2897e+05
-3.775 3.425 4.3454e+05
-3.775 3.475 8.0100e+05
-3.775 3.525 1.4262e+06
-3.775 3.575 2.4385e+06
-3.775 3.625 3.9777e+06
-3.775 3.675 6.1489e+06
-3.775 3.725 8.9388e+06
-3.775 3.775 1.2079e+07
-3.775 3.825 1.4193e+07
-3.775 3.875 0.0000e+00
-3.775 3.925 0.0000e+00
-3.775 3.975 0.0000e+00
-3.725 -1.975 0.0000e+00
-3.725 -1.925 0.0000e+00
-3.725 -1.875 0.0000e+00
-3.725 -1.825 0.0000e+00
-3.725 -1.775 0.0000e+00
-3.725 -1.725 0.0000e+00
-3.725 -1.675 0.0000e+00
-3.725 -1.625 0.0000e+00
-3.725 -1.575 0.0000e+00
-3.725 -1.525 0.0000e+00
-3.725 -1.475 0.0000e+00
-3.725 -1.425 0.0000e+00
-3.725 -1.375 0.0000e+00
-3.725 -1.325 0.0000e+00
-3.725 -1.275 0.0000e+00
-3.725 -1.225 0.0000e+00
-3.725 -1.175 0.0000e+00
-3.725 -1.125 0.0000e+00
-3.725 -1.075 0.0000e+00
-3.725 -1.025 0.0000e+00
-3.725 -0.975 0.0000e+00
-3.725 -0.925 0.0000e+00
-3.725 -0.875 0.0000e+00
-3.725 -0.825 0.0000e+00
-3.725 -0.775 0.0000e+00
-3.725 -0.725 0.0000e+00
-3.725 -0.675 0.0000e+00
-3.725 -0.625 0.0000e+00
-3.725 -0.575 0.0000e+00
-3.725 -0.525 0.0000e+00
-3.725 -0.475 0.0000e+00
-3.725 -0.425 0.0000e+00
-3.725 -0.375 0.0000e+00
-3.725 -0.325 0.0000e+00
-3.725 -0.275 0.0000e+00
-3.725 -0.225 0.0000e+00
-3.725 -0.175 0.0000e+00
-3.725 -0.125 0.0000e+00
-3.725 -0.075 0.0000e+00
-3.725 -0.025 0.0000e+00
-3.725 0.025 0.0000e+00
-3.725 0.075 0.0000e+00
-3.725 0.125 0.0000e+00
-3.725 0.175 0.0000e+00
-3.725 0.225 0.0000e+00
-3.725 0.275 0.0000e+00
-3.725 0.325 0.0000e+00
-3.725 0.375 0.0000e+00
-3.725 0.425 0.0000e+00
-3.725 0.475 0.0000e+00
-3.725 0.525 0.0000e+00
-3.725 0.575 0.0000e+00
-3.725 0.625 0.0000e+00
-3.725 0.675 0.0000e+00
-3.725 0.725 0.0000e+00
-3.725 0.775 4.1205e-11
-3.725 0.825 8.2249e-11
-3.725 0.875 1.6418e-10
-3.725 0.925 3.2777e-10
-3.725 0.975 6.5437e-10
-3.725 1.025 1.3065e-09
-3.725 1.075 2.6088e-09
-3.725 1.125 5.2095e-09
-3.725 1.175 1.0404e-08
-3.725 1.225 2.0781e-08
-3.725 1.275 4.1513e-08
-3.725 1.325 8.2938e-08
-3.725 1.375 1.6573e-07
-3.725 1.425 3.3123e-07
-3.725 1.475 6.6212e-07
-3.725 1.525 1.3239e-06
-3.725 1.575 2.6477e-06
-3.725 1.625 5.2968e-06
-3.725 1.675 1.0600e-05
-3.725 1.725 2.1219e-05
-3.725 1.775 4.2495e-05
-3.725 1.825 8.5140e-05
-3.725 1.875 1.7067e-04
-3.725 1.925 3.4230e-04
-3.725 1.975 6.8696e-04
-3.725 2.025 1.3796e-03
-3.725 2.075 2.7727e-03
-3.725 2.125 5.5775e-03
-3.725 2.175 1.1230e-02
-3.725 2.225 2.2634e-02
-3.725 2.275 4.5674e-02
-3.725 2.325 9.2283e-02
-3.725 2.375 1.8672e-01
-3.725 2.425 3.7838e-01
-3.725 2.475 7.6807e-01
-3.725 2.525 1.5620e+00
-3.725 2.575 3.1827e+00
-3.725 2.625 6.4989e+00
-3.725 2.675 1.3300e+01
-3.725 2.725 2.7280e+01
-3.725 2.775 5.6084e+01
-3.725 2.825 1.1556e+02
-3.725 2.875 2.3860e+02
-3.725 2.925 4.9346e+02
-3.725 2.975 1.0216e+03
-3.725 3.025 2.1151e+03
-3.725 3.075 4.3732e+03
-3.725 3.125 9.0129e+03
-3.725 3.175 1.8467e+04
-3.725 3.225 3.7495e+04
-3.725 3.275 7.5145e+04
-3.725 3.325 1.4796e+05
-3.725 3.375 2.8477e+05
-3.725 3.425 5.3276e+05
-3.725 3.475 9.6322e+05
-3.725 3.525 1.6729e+06
-3.725 3.575 2.7741e+06
-3.725 3.625 4.3655e+06
-3.725 3.675 6.4794e+06
-3.725 3.725 9.0102e+06
-3.725 3.775 1.1617e+07
-3.725 3.825 1.3005e+07
-3.725 3.875 0.0000e+00
-3.725 3.925 0.0000e+00
-3.725 3.975 0.0000e+00
-3.675 -1.975 0.0000e+00
-3.675 -1.925 0.0000e+00
-3.675 -1.875 0.0000e+00
-3.675 -1.825 0.0000e+00
-3.675 -1.775 0.0000e+00
-3.675 -1.725 0.0000e+00
-3.675 -1.675 0.0000e+00
-3.675 -1.625 0.0000e+00
-3.675 -1.575 0.0000e+00
-3.675 -1.525 0.0000e+00
-3.675 -1.475 0.0000e+00
-3.675 -1.425 0.0000e+00
-3.675 -1.375 0.0000e+00
-3.675 -1.325 0.0000e+00
-3.675 -1.275 0.0000e+00
-3.675 -1.225 0.0000e+00
-3.675 -1.175 0.0000e+00
-3.675 -1.125 0.0000e+00
-3.675 -1.075 0.0000e+00
-3.675 -1.025 0.0000e+00
-3.675 -0.975 0.0000e+00
-3.675 -0.925 0.0000e+00
-3.675 -0.875 0.0000e+00
-3.675 -0.825 0.0000e+00
-3.675 -0.775 0.0000e+00
-3.675 -0.725 0.0000e+00
-3.675 -0.675 0.0000e+00
-3.675 -0.625 0.0000e+00
-3.675 -0.575 0.0000e+00
-3.675 -0.525 0.0000e+00
-3.675 -0.475 0.0000e+00
-3.675 -0.425 0.0000e+00
-3.675 -0.375 0.0000e+00
-3.675 -0.325 0.0000e+00
-3.675 -0.275 0.0000e+00
-3.675 -0.225 0.0000e+00
-3.675 -0.175 0.0000e+00
-3.675 -0.125 0.0000e+00
-3.675 -0.075 0.0000e+00
-3.675 -0.025 0.0000e+00
-3.675 0.025 0.0000e+00
-3.675 0.075 0.0000e+00
-3.675 0.125 0.0000e+00
-3.675 0.175 0.0000e+00
-3.675 0.225 0.0000e+00
-3.675 0.275 0.0000e+00
-3.675 0.325 0.0000e+00
-3.675 0.375 0.0000e+00
-3.675 0.425 0.0000e+00
-3.675 0.475 0.0000e+00
-3.675 0.525 0.0000e+00
-3.675 0.575 0.0000e+00
-3.675 0.625 0.0000e+00
-3.675 0.675 0.0000e+00
-3.675 0.725 0.0000e+00
-3.675 0.775 5.1874e-11
-3.675 0.825 1.0354e-10
-3.675 0.875 2.0670e-10
-3.675 0.925 4.1263e-10
-3.675 0.975 8.2380e-10
-3.675 1.025 1.6448e-09
-3.675 1.075 3.2843e-09
-3.675 1.125 6.5584e-09
-3.675 1.175 1.3098e-08
-3.675 1.225 2.6162e-08
-3.675 1.275 5.2262e-08
-3.675 1.325 1.0441e-07
-3.675 1.375 2.0864e-07
-3.675 1.425 4.1699e-07
-3.675 1.475 8.3357e-07
-3.675 1.525 1.6667e-06
-3.675 1.575 3.3333e-06
-3.675 1.625 6.6684e-06
-3.675 1.675 1.3345e-05
-3.675 1.725 2.6714e-05
-3.675 1.775 5.3500e-05
-3.675 1.825 1.0719e-04
-3.675 1.875 2.1488e-04
-3.675 1.925 4.3097e-04
-3.675 1.975 8.6494e-04
-3.675 2.025 1.7371e-03
-3.675 2.075 3.4914e-03
-3.675 2.125 7.0234e-03
-3.675 2.175 1.4142e-02
-3.675 2.225 2.8506e-02
-3.675 2.275 5.7529e-02
-3.675 2.325 1.1625e-01
-3.675 2.375 2.3525e-01
-3.675 2.425 4.7683e-01
-3.675 2.475 9.6816e-01
-3.675 2.525 1.9695e+00
-3.675 2.575 4.0146e+00
-3.675 2.625 8.2015e+00
-3.675 2.675 1.6794e+01
-3.675 2.725 3.4469e+01
-3.675 2.775 7.0921e+01
-3.675 2.825 1.4626e+02
-3.675 2.875 3.0229e+02
-3.675 2.925 6.2579e+02
-3.675 2.975 1.2967e+03
-3.675 3.025 2.6866e+03
-3.675 3.075 5.5556e+03
-3.675 3.125 1.1441e+04
-3.675 3.175 2.3390e+04
-3.675 3.225 4.7288e+04
-3.675 3.275 9.4102e+04
-3.675 3.325 1.8332e+05
-3.675 3.375 3.4755e+05
-3.675 3.425 6.3725e+05
-3.675 3.475 1.1229e+06
-3.675 3.525 1.8900e+06
-3.675 3.575 3.0201e+06
-3.675 3.625 4.5562e+06
-3.675 3.675 6.4555e+06
-3.675 3.725 8.5424e+06
-3.675 3.775 1.0461e+07
-3.675 3.825 1.1119e+07
-3.675 3.875 0.0000e+00
-3.675 3.925 0.0000e+00
-3.675 3.975 0.0000e+00
-3.625 -1.975 0.0000e+00
-3.625 -1.925 0.0000e+00
-3.625 -1.875 0.0000e+00
-3.625 -1.825 0.0000e+00
-3.625 -1.775 0.0000e+00
-3.625 -1.725 0.0000e+00
-3.625 -1.675 0.0000e+00
-3.625 -1.625 0.0000e+00
-3.625 -1.575 0.0000e+00
-3.625 -1.525 0.0000e+00
-3.625 -1.475 0.0000e+00
-3.625 -1.425 0.0000e+00
-3.625 -1.375 0.0000e+00
-3.625 -1.325 0.0000e+00
-3.625 -1.275 0.0000e+00
-3.625 -1.225 0.0000e+00
-3.625 -1.175 0.0000e+00
-3.625 -1.125 0.0000e+00
-3.625 -1.075 0.0000e+00
-3.625 -1.025 0.0000e+00
-3.625 -0.975 0.0000e+00
-3.625 -0.925 0.0000e+00
-3.625 -0.875 0.0000e+00
-3.625 -0.825 0.0000e+00
-3.625 -0.775 0.0000e+00
-3.625 -0.725 0.0000e+00
-3.625 -0.675 0.0000e+00
-3.625 -0.625 0.0000e+00
-3.625 -0.575 0.0000e+00
-3.625 -0.525 0.0000e+00
-3.625 -0.475 0.0000e+00
-3.625 -0.425 0.0000e+00
-3.625 -0.375 0.0000e+00
-3.625 -0.325 0.0000e+00
-3.625 -0.275 0.0000e+00
-3.625 -0.225 0.0000e+00
-3.625 -0.175 0.0000e+00
-3.625 -0.125 0.0000e+00
-3.625 -0.075 0.0000e+00
-3.625 -0.025 0.0000e+00
-3.625 0.025 0.0000e+00
-3.625 0.075 0.0000e+00
-3.625 0.125 0.0000e+00
-3.625 0.175 0.0000e+00
-3.625 0.225 0.0000e+00
-3.625 0.275 0.0000e+00
-3.625 0.325 0.0000e+00
-3.625 0.375 0.0000e+00
-3.625 0.425 0.0000e+00
-3.625 0.475 0.0000e+00
-3.625 0.525 0.0000e+00
-3.625 0.575 0.0000e+00
-3.625 0.625 0.0000e+00
-3.625 0.675 0.0000e+00
-3.625 0.725 0.0000e+00
-3.625 0.775 6.5305e-11
-3.625 0.825 1.3036e-10
-3.625 0.875 2.6022e-10
-3.625 0.925 5.1947e-10
-3.625 0.975 1.0371e-09
-3.625 1.025 2.0707e-09
-3.625 1.075 4.1346e-09
-3.625 1.125 8.2566e-09
-3.625 1.175 1.6490e-08
-3.625 1.225 3.2936e-08
-3.625 1.275 6.5794e-08
-3.625 1.325 1.3145e-07
-3.625 1.375 2.6267e-07
-3.625 1.425 5.2497e-07
-3.625 1.475 1.0494e-06
-3.625 1.525 2.0983e-06
-3.625 1.575 4.1965e-06
-3.625 1.625 8.3953e-06
-3.625 1.675 1.6801e-05
-3.625 1.725 3.3633e-05
-3.625 1.775 6.7357e-05
-3.625 1.825 1.3496e-04
-3.625 1.875 2.7054e-04
-3.625 1.925 5.4263e-04
-3.625 1.975 1.0891e-03
-3.625 2.025 2.1873e-03
-3.625 2.075 4.3965e-03
-3.625 2.125 8.8448e-03
-3.625 2.175 1.7811e-02
-3.625 2.225 3.5906e-02
-3.625 2.275 7.2470e-02
-3.625 2.325 1.4647e-01
-3.625 2.375 2.9646e-01
-3.625 2.425 6.0104e-01
-3.625 2.475 1.2207e+00
-3.625 2.525 2.4842e+00
-3.625 2.575 5.0662e+00
-3.625 2.625 1.0356e+01
-3.625 2.675 2.1218e+01
-3.625 2.725 4.3584e+01
-3.625 2.775 8.9752e+01
-3.625 2.825 1.8527e+02
-3.625 2.875 3.8325e+02
-3.625 2.925 7.9404e+02
-3.625 2.975 1.6462e+03
-3.625 3.025 3.4102e+03
-3.625 3.075 7.0443e+03
-3.625 3.125 1.4468e+04
-3.625 3.175 2.9438e+04
-3.625 3.225 5.9057e+04
-3.625 3.275 1.1618e+05
-3.625 3.325 2.2274e+05
-3.625 3.375 4.1344e+05
-3.625 3.425 7.3801e+05
-3.625 3.475 1.2587e+06
-3.625 3.525 2.0385e+06
-3.625 3.575 3.1177e+06
-3.625 3.625 4.4812e+06
-3.625 3.675 6.0279e+06
-3.625 3.725 7.5566e+06
-3.625 3.775 8.7611e+06
-3.625 3.825 8.8244e+06
-3.625 3.875 0.0000e+00
-3.625 3.925 0.0000e+00
-3.625 3.975 0.0000e+00
-3.575 -1.975 0.0000e+00
-3.575 -1.925 0.0000e+00
-3.575 -1.875 0.0000e+00
-3.575 -1.825 0.0000e+00
-3.575 -1.775 0.0000e+00
-3.575 -1.725 0.0000e+00
-3.575 -1.675 0.0000e+00
-3.575 -1.625 0.0000e+00
-3.575 -1.575 0.0000e+00
-3.575 -1.525 0.0000e+00
-3.575 -1.475 0.0000e+00
-3.575 -1.425 0.0000e+00
-3.575 -1.375 0.0000e+00
-3.575 -1.325 0.0000e+00
-3.575 -1.275 0.0000e+00
-3.575 -1.225 0.0000e+00
-3.575 -1.175 0.0000e+00
-3.575 -1.125 0.0000e+00
-3.575 -1.075 0.0000e+00
-3.575 -1.025 0.0000e+00
-3.575 -0.975 0.0000e+00
-3.575 -0.925 0.0000e+00
-3.575 -0.875 0.0000e+00
-3.575 -0.825 0.0000e+00
-3.575 -0.775 0.0000e+00
-3.575 -0.725 0.0000e+00
-3.575 -0.675 0.0000e+00
-3.575 -0.625 0.0000e+00
-3.575 -0.575 0.0000e+00
-3.575 -0.525 0.0000e+00
-3.575 -0.475 0.0000e+00
-3.575 -0.425 0.0000e+00
-3.575 -0.375 0.0000e+00
-3.575 -0.325 0.0000e+00
-3.575 -0.275 0.0000e+00
-3.575 -0.225 0.0000e+00
-3.575 -0.175 0.0000e+00
-3.575 -0.125 0.0000e+00
-3.575 -0.075 0.0000e+00
-3.575 -0.025 0.0000e+00
-3.575 0.025 0.0000e+00
-3.575 0.075 0.0000e+00
-3.575 0.125 0.0000e+00
-3.575 0.175 0.0000e+00
-3.575 0.225 0.0000e+00
-3.575 0.275 0.0000e+00
-3.575 0.325 0.0000e+00
-3.575 0.375 0.0000e+00
-3.575 0.425 0.0000e+00
-3.575 0.475 0.0000e+00
-3.575 0.525 0.0000e+00
-3.575 0.575 0.0000e+00
-3.575 0.625 0.0000e+00
-3.575 0.675 0.0000e+00
-3.575 0.725 0.0000e+00
-3.575 0.775 8.2214e-11
-3.575 0.825 1.6411e-10
-3.575 0.875 3.2759e-10
-3.575 0.925 6.5398e-10
-3.575 0.975 1.3056e-09
-3.575 1.025 2.6068e-09
-3.575 1.075 5.2052e-09
-3.575 1.125 1.0395e-08
-3.575 1.175 2.0759e-08
-3.575 1.225 4.1464e-08
-3.575 1.275 8.2830e-08
-3.575 1.325 1.6549e-07
-3.575 1.375 3.3069e-07
-3.575 1.425 6.6091e-07
-3.575 1.475 1.3212e-06
-3.575 1.525 2.6416e-06
-3.575 1.575 5.2833e-06
-3.575 1.625 1.0569e-05
-3.575 1.675 2.1152e-05
-3.575 1.725 4.2344e-05
-3.575 1.775 8.4805e-05
-3.575 1.825 1.6992e-04
-3.575 1.875 3.4063e-04
-3.575 1.925 6.8325e-04
-3.575 1.975 1.3713e-03
-3.575 2.025 2.7544e-03
-3.575 2.075 5.5367e-03
-3.575 2.125 1.1139e-02
-3.575 2.175 2.2434e-02
-3.575 2.225 4.5231e-02
-3.575 2.275 9.1307e-02
-3.575 2.325 1.8458e-01
-3.575 2.375 3.7369e-01
-3.575 2.425 7.5784e-01
-3.575 2.475 1.5398e+00
-3.575 2.525 3.1349e+00
-3.575 2.575 6.3966e+00
-3.575 2.625 1.3083e+01
-3.575 2.675 2.6827e+01
-3.575 2.725 5.5151e+01
-3.575 2.775 1.1367e+02
-3.575 2.825 2.3484e+02
-3.575 2.875 4.8613e+02
-3.575 2.925 1.0076e+03
-3.575 2.975 2.0883e+03
-3.575 3.025 4.3202e+03
-3.575 3.075 8.8978e+03
-3.575 3.125 1.8180e+04
-3.575 3.175 3.6682e+04
-3.575 3.225 7.2695e+04
-3.575 3.275 1.4061e+05
-3.575 3.325 2.6363e+05
-3.575 3.375 4.7578e+05
-3.575 3.425 8.2079e+05
-3.575 3.475 1.3449e+06
-3.575 3.525 2.0809e+06
-3.575 3.575 3.0263e+06
-3.575 3.625 4.1209e+06
-3.575 3.675 5.2396e+06
-3.575 3.725 6.2044e+06
-3.575 3.775 6.8017e+06
-3.575 3.825 6.4954e+06
-3.575 3.875 0.0000e+00
-3.575 3.925 0.0000e+00
-3.575 3.975 0.0000e+00
-3.525 -1.975 0.0000e+00
-3.525 -1.925 0.0000e+00
-3.525 -1.875 0.0000e+00
-3.525 -1.825 0.0000e+00
-3.525 -1.775 0.0000e+00
-3.525 -1.725 0.0000e+00
-3.525 -1.675 0.0000e+00
-3.525 -1.625 0.0000e+00
-3.525 -1.575 0.0000e+00
-3.525 -1.525 0.0000e+00
-3.525 -1.475 0.0000e+00
-3.525 -1.425 0.0000e+00
-3.525 -1.375 0.0000e+00
-3.525 -1.325 0.0000e+00
-3.525 -1.275 0.0000e+00
-3.525 -1.225 0.0000e+00
-3.525 -1.175 0.0000e+00
-3.525 -1.125 0.0000e+00
-3.525 -1.075 0.0000e+00
-3.525 -1.025 0.0000e+00
-3.525 -0.975 0.0000e+00
-3.525 -0.925 0.0000e+00
-3.525 -0.875 0.0000e+00
-3.525 -0.825 0.0000e+00
-3.525 -0.775 0.0000e+00
-3.525 -0.725 0.0000e+00
-3.525 -0.675 0.0000e+00
-3.525 -0.625 0.0000e+00
-3.525 -0.575 0.0000e+00
-3.525 -0.525 0.0000e+00
-3.525 -0.475 0.0000e+00
-3.525 -0.425 0.0000e+00
-3.525 -0.375 0.0000e+00
-3.525 -0.325 0.0000e+00
-3.525 -0.275 0.0000e+00
-3.525 -0.225 0.0000e+00
-3.525 -0.175 0.0000e+00
-3.525 -0.125 0.0000e+00
-3.525 -0.075 0.0000e+00
-3.525 -0.025 0.0000e+00
-3.525 0.025 0.0000e+00
-3.525 0.075 0.0000e+00
-3.525 0.125 0.0000e+00
-3.525 0.175 0.0000e+00
-3.525 0.225 0.0000e+00
-3.525 0.275 0.0000e+00
-3.525 0.325 0.0000e+00
-3.525 0.375 0.0000e+00
-3.525 0.425 0.0000e+00
-3.525 0.475 0.0000e+00
-3.525 0.525 0.0000e+00
-3.525 0.575 0.0000e+00
-3.525 0.625 0.0000e+00
-3.525 0.675 0.0000e+00
-3.525 0.725 0.0000e+00
-3.525 0.775 1.0350e-10
-3.525 0.825 2.0660e-10
-3.525 0.875 4.1242e-10
-3.525 0.925 8.2331e-10
-3.525 0.975 1.6437e-09
-3.525 1.025 3.2818e-09
-3.525 1.075 6.5530e-09
-3.525 1.125 1.3086e-08
-3.525 1.175 2.6135e-08
-3.525 1.225 5.2201e-08
-3.525 1.275 1.0428e-07
-3.525 1.325 2.0834e-07
-3.525 1.375 4.1632e-07
-3.525 1.425 8.3205e-07
-3.525 1.475 1.6633e-06
-3.525 1.525 3.3257e-06
-3.525 1.575 6.6515e-06
-3.525 1.625 1.3307e-05
-3.525 1.675 2.6630e-05
-3.525 1.725 5.3313e-05
-3.525 1.775 1.0677e-04
-3.525 1.825 2.1394e-04
-3.525 1.875 4.2890e-04
-3.525 1.925 8.6033e-04
-3.525 1.975 1.7268e-03
-3.525 2.025 3.4687e-03
-3.525 2.075 6.9730e-03
-3.525 2.125 1.4031e-02
-3.525 2.175 2.8261e-02
-3.525 2.225 5.6987e-02
-3.525 2.275 1.1506e-01
-3.525 2.325 2.3265e-01
-3.525 2.375 4.7117e-01
-3.525 2.425 9.5588e-01
-3.525 2.475 1.9430e+00
-3.525 2.525 3.9580e+00
-3.525 2.575 8.0812e+00
-3.525 2.625 1.6541e+01
-3.525 2.675 3.3943e+01
-3.525 2.725 6.9839e+01
-3.525 2.775 1.4406e+02
-3.525 2.825 2.9781e+02
-3.525 2.875 6.1665e+02
-3.525 2.925 1.2775e+03
-3.525 2.975 2.6438e+03
-3.525 3.025 5.4519e+03
-3.525 3.075 1.1166e+04
-3.525 3.125 2.2614e+04
-3.525 3.175 4.5046e+04
-3.525 3.225 8.7700e+04
-3.525 3.275 1.6572e+05
-3.525 3.325 3.0173e+05
-3.525 3.375 5.2547e+05
-3.525 3.425 8.6943e+05
-3.525 3.475 1.3586e+06
-3.525 3.525 1.9951e+06
-3.525 3.575 2.7434e+06
-3.525 3.625 3.5243e+06
-3.525 3.675 4.2248e+06
-3.525 3.725 4.7223e+06
-3.525 3.775 4.9009e+06
-3.525 3.825 4.4506e+06
-3.525 3.875 0.0000e+00
-3.525 3.925 0.0000e+00
-3.525 3.975 0.0000e+00
-3.475 -1.975 0.0000e+00
-3.475 -1.925 0.0000e+00
-3.475 -1.875 0.0000e+00
-3.475 -1.825 0.0000e+00
-3.475 -1.775 0.0000e+00
-3.475 -1.725 0.0000e+00
-3.475 -1.675 0.0000e+00
-3.475 -1.625 0.0000e+00
-3.475 -1.575 0.0000e+00
-3.475 -1.525 0.0000e+00
-3.475 -1.475 0.0000e+00
-3.475 -1.425 0.0000e+00
-3.475 -1.375 0.0000e+00
-3.475 -1.325 0.0000e+00
-3.475 -1.275 0.0000e+00
-3.475 -1.225 0.0000e+00
-3.475 -1.175 0.0000e+00
-3.475 -1.125 0.0000e+00
-3.475 -1.075 0.0000e+00
-3.475 -1.025 0.0000e+00
-3.475 -0.975 0.0000e+00
-3.475 -0.925 0.0000e+00
-3.475 -0.875 0.0000e+00
-3.475 -0.825 0.0000e+00
-3.475 -0.775 0.0000e+00
-3.475 -0.725 0.0000e+00
-3.475 -0.675 0.0000e+00
-3.475 -0.625 0.0000e+00
-3.475 -0.575 0.0000e+00
-3.475 -0.525 0.0000e+00
-3.475 -0.475 0.0000e+00
-3.475 -0.425 0.0000e+00
-3.475 -0.375 0.0000e+00
-3.475 -0.325 0.0000e+00
-3.475 -0.275 0.0000e+00
-3.475 -0.225 0.0000e+00
-3.475 -0.175 0.0000e+00
-3.475 -0.125 0.0000e+00
-3.475 -0.075 0.0000e+00
-3.475 -0.025 0.0000e+00
-3.475 0.025 0.0000e+00
-3.475 0.075 0.0000e+00
-3.475 0.125 0.0000e+00
-3.475 0.175 0.0000e+00
-3.475 0.225 0.0000e+00
-3.475 0.275 0.0000e+00
-3.475 0.325 0.0000e+00
-3.475 0.375 0.0000e+00
-3.475 0.425 0.0000e+00
-3.475 0.475 0.0000e+00
-3.475 0.525 0.0000e+00
-3.475 0.575 0.0000e+00
-3.475 0.625 0.0000e+00
-3.475 0.675 0.0000e+00
-3.475 0.725 0.0000e+00
-3.475 0.775 1.3030e-10
-3.475 0.825 2.6009e-10
-3.475 0.875 5.1920e-10
-3.475 0.925 1.0365e-09
-3.475 0.975 2.0693e-09
-3.475 1.025 4.1316e-09
-3.475 1.075 8.2498e-09
-3.475 1.125 1.6474e-08
-3.475 1.175 3.2902e-08
-3.475 1.225 6.5717e-08
-3.475 1.275 1.3128e-07
-3.475 1.325 2.6229e-07
-3.475 1.375 5.2412e-07
-3.475 1.425 1.0475e-06
-3.475 1.475 2.0940e-06
-3.475 1.525 4.1870e-06
-3.475 1.575 8.3742e-06
-3.475 1.625 1.6753e-05
-3.475 1.675 3.3528e-05
-3.475 1.725 6.7123e-05
-3.475 1.775 1.3444e-04
-3.475 1.825 2.6938e-04
-3.475 1.875 5.4006e-04
-3.475 1.925 1.0834e-03
-3.475 1.975 2.1747e-03
-3.475 2.025 4.3685e-03
-3.475 2.075 8.7829e-03
-3.475 2.125 1.7675e-02
-3.475 2.175 3.5606e-02
-3.475 2.225 7.1814e-02
-3.475 2.275 1.4503e-01
-3.475 2.325 2.9334e-01
-3.475 2.375 5.9429e-01
-3.475 2.425 1.2062e+00
-3.475 2.475 2.4531e+00
-3.475 2.525 5.0002e+00
-3.475 2.575 1.0216e+01
-3.475 2.625 2.0927e+01
-3.475 2.675 4.2979e+01
-3.475 2.725 8.8497e+01
-3.475 2.775 1.8265e+02
-3.475 2.825 3.7766e+02
-3.475 2.875 7.8159e+02
-3.475 2.925 1.6166e+03
-3.475 2.975 3.3340e+03
-3.475 3.025 6.8352e+03
-3.475 3.075 1.3871e+04
-3.475 3.125 2.7720e+04
-3.475 3.175 5.4211e+04
-3.475 3.225 1.0302e+05
-3.475 3.275 1.8883e+05
-3.475 3.325 3.3132e+05
-3.475 3.375 5.5256e+05
-3.475 3.425 8.7043e+05
-3.475 3.475 1.2886e+06
-3.475 3.525 1.7860e+06
-3.475 3.575 2.3130e+06
-3.475 3.625 2.7973e+06
-3.475 3.675 3.1613e+06
-3.475 3.725 3.3416e+06
-3.475 3.775 3.2951e+06
-3.475 3.825 2.8597e+06
-3.475 3.875 0.0000e+00
-3.475 3.925 0.0000e+00
-3.475 3.975 0.0000e+00
-3.425 -1.975 0.0000e+00
-3.425 -1.925 0.0000e+00
-3.425 -1.875 0.0000e+00
-3.425 -1.825 0.0000e+00
-3.425 -1.775 0.0000e+00
-3.425 -1.725 0.0000e+00
-3.425 -1.675 0.0000e+00
-3.425 -1.625 0.0000e+00
-3.425 -1.575 0.0000e+00
-3.425 -1.525 0.0000e+00
-3.425 -1.475 0.0000e+00
-3.425 -1.425 0.0000e+00
-3.425 -1.375 0.0000e+00
-3.425 -1.325 0.0000e+00
-3.425 -1.275 0.0000e+00
-3.425 -1.225 0.0000e+00
-3.425 -1.175 0.0000e+00
-3.425 -1.125 0.0000e+00
-3.425 -1.075 0.0000e+00
-3.425 -1.025 0.0000e+00
-3.425 -0.975 0.0000e+00
-3.425 -0.925 0.0000e+00
-3.425 -0.875 0.0000e+00
-3.425 -0.825 0.0000e+00
-3.425 -0.775 0.0000e+00
-3.425 -0.725 0.0000e+00
-3.425 -0.675 0.0000e+00
-3.425 -0.625 0.0000e+00
-3.425 -0.575 0.0000e+00
-3.425 -0.525 0.0000e+00
-3.425 -0.475 0.0000e+00
-3.425 -0.425 0.0000e+00
-3.425 -0.375 0.0000e+00
-3.425 -0.325 0.0000e+00
-3.425 -0.275 0.0000e+00
-3.425 -0.225 0.0000e+00
-3.425 -0.175 0.0000e+00
-3.425 -0.125 0.0000e+00
-3.425 -0.075 0.0000e+00
-3.425 -0.025 0.0000e+00
-3.425 0.025 0.0000e+00
-3.425 0.075 0.0000e+00
-3.425 0.125 0.0000e+00
-3.425 0.175 0.0000e+00
-3.425 0.225 0.0000e+00
-3.425 0.275 0.0000e+00
-3.425 0.325 0.0000e+00
-3.425 0.375 0.0000e+00
-3.425 0.425 0.0000e+00
-3.425 0.475 0.0000e+00
-3.425 0.525 0.0000e+00
-3.425 0.575 0.0000e+00
-3.425 0.625 0.0000e+00
-3.425 0.675 0.0000e+00
-3.425 0.725 0.0000e+00
-3.425 0.775 1.6404e-10
-3.425 0.825 3.2744e-10
-3.425 0.875 6.5364e-10
-3.425 0.925 1.3049e-09
-3.425 0.975 2.6051e-09
-3.425 1.025 5.2014e-09
-3.425 1.075 1.0386e-08
-3.425 1.125 2.0740e-08
-3.425 1.175 4.1421e-08
-3.425 1.225 8.2734e-08
-3.425 1.275 1.6527e-07
-3.425 1.325 3.3021e-07
-3.425 1.375 6.5985e-07
-3.425 1.425 1.3188e-06
-3.425 1.475 2.6363e-06
-3.425 1.525 5.2714e-06
-3.425 1.575 1.0543e-05
-3.425 1.625 2.1093e-05
-3.425 1.675 4.2214e-05
-3.425 1.725 8.4514e-05
-3.425 1.775 1.6927e-04
-3.425 1.825 3.3920e-04
-3.425 1.875 6.8007e-04
-3.425 1.925 1.3643e-03
-3.425 1.975 2.7388e-03
-3.425 2.025 5.5024e-03
-3.425 2.075 1.1064e-02
-3.425 2.125 2.2269e-02
-3.425 2.175 4.4869e-02
-3.425 2.225 9.0518e-02
-3.425 2.275 1.8286e-01
-3.425 2.325 3.6999e-01
-3.425 2.375 7.4990e-01
-3.425 2.425 1.5228e+00
-3.425 2.475 3.0990e+00
-3.425 2.525 6.3210e+00
-3.425 2.575 1.2925e+01
-3.425 2.625 2.6496e+01
-3.425 2.675 5.4456e+01
-3.425 2.725 1.1219e+02
-3.425 2.775 2.3158e+02
-3.425 2.825 4.7855e+02
-3.425 2.875 9.8863e+02
-3.425 2.925 2.0376e+03
-3.425 2.975 4.1771e+03
-3.425 3.025 8.4833e+03
-3.425 3.075 1.6982e+04
-3.425 3.125 3.3301e+04
-3.425 3.175 6.3527e+04
-3.425 3.225 1.1700e+05
-3.425 3.275 2.0643e+05
-3.425 3.325 3.4640e+05
-3.425 3.375 5.4921e+05
-3.425 3.425 8.1837e+05
-3.425 3.475 1.1418e+06
-3.425 3.525 1.4884e+06
-3.425 3.575 1.8124e+06
-3.425 3.625 2.0643e+06
-3.425 3.675 2.2045e+06
-3.425 3.725 2.2129e+06
-3.425 3.775 2.0846e+06
-3.425 3.825 1.7396e+06
-3.425 3.875 0.0000e+00
-3.425 3.925 0.0000e+00
-3.425 3.975 0.0000e+00
-3.375 -1.975 0.0000e+00
-3.375 -1.925 0.0000e+00
-3.375 -1.875 0.0000e+00
-3.375 -1.825 0.0000e+00
-3.375 -1.775 0.0000e+00
-3.375 -1.725 0.0000e+00
-3.375 -1.675 0.0000e+00
-3.375 -1.625 0.0000e+00
-3.375 -1.575 0.0000e+00
-3.375 -1.525 0.0000e+00
-3.375 -1.475 0.0000e+00
-3.375 -1.425 0.0000e+00
-3.375 -1.375 0.0000e+00
-3.375 -1.325 0.0000e+00
-3.375 -1.275 0.0000e+00
-3.375 -1.225 0.0000e+00
-3.375 -1.175 0.0000e+00
-3.375 -1.125 0.0000e+00
-3.375 -1.075 0.0000e+00
-3.375 -1.025 0.0000e+00
-3.375 -0.975 0.0000e+00
-3.375 -0.925 0.0000e+00
-3.375 -0.875 0.0000e+00
-3.375 -0.825 0.0000e+00
-3.375 -0.775 0.0000e+00
-3.375 -0.725 0.0000e+00
-3.375 -0.675 0.0000e+00
-3.375 -0.625 0.0000e+00
-3.375 -0.575 0.0000e+00
-3.375 -0.525 0.0000e+00
-3.375 -0.475 0.0000e+00
-3.375 -0.425 0.0000e+00
-3.375 -0.375 0.0000e+00
-3.375 -0.325 0.0000e+00
-3.375 -0.275 0.0000e+00
-3.375 -0.225 0.0000e+00
-3.375 -0.175 0.0000e+00
-3.375 -0.125 0.0000e+00
-3.375 -0.075 0.0000e+00
-3.375 -0.025 0.0000e+00
-3.375 0.025 0.0000e+00
-3.375 0.075 0.0000e+00
-3.375 0.125 0.0000e+00
-3.375 0.175 0.0000e+00
-3.375 0.225 0.0000e+00
-3.375 0.275 0.0000e+00
-3.375 0.325 0.0000e+00
-3.375 0.375 0.0000e+00
-3.375 0.425 0.0000e+00
-3.375 0.475 0.0000e+00
-3.375 0.525 0.0000e+00
-3.375 0.575 0.0000e+00
-3.375 0.625 0.0000e+00
-3.375 0.675 0.0000e+00
-3.375 0.725 0.0000e+00
-3.375 0.775 2.0651e-10
-3.375 0.825 4.1222e-10
-3.375 0.875 8.2288e-10
-3.375 0.925 1.6427e-09
-3.375 0.975 3.2797e-09
-3.375 1.025 6.5482e-09
-3.375 1.075 1.3075e-08
-3.375 1.125 2.6111e-08
-3.375 1.175 5.2147e-08
-3.375 1.225 1.0416e-07
-3.375 1.275 2.0807e-07
-3.375 1.325 4.1572e-07
-3.375 1.375 8.3072e-07
-3.375 1.425 1.6603e-06
-3.375 1.475 3.3191e-06
-3.375 1.525 6.6368e-06
-3.375 1.575 1.3274e-05
-3.375 1.625 2.6557e-05
-3.375 1.675 5.3150e-05
-3.375 1.725 1.0641e-04
-3.375 1.775 2.1315e-04
-3.375 1.825 4.2713e-04
-3.375 1.875 8.5643e-04
-3.375 1.925 1.7182e-03
-3.375 1.975 3.4497e-03
-3.375 2.025 6.9314e-03
-3.375 2.075 1.3940e-02
-3.375 2.125 2.8062e-02
-3.375 2.175 5.6556e-02
-3.375 2.225 1.1413e-01
-3.375 2.275 2.3064e-01
-3.375 2.325 4.6687e-01
-3.375 2.375 9.4674e-01
-3.375 2.425 1.9237e+00
-3.375 2.475 3.9174e+00
-3.375 2.525 7.9964e+00
-3.375 2.575 1.6363e+01
-3.375 2.625 3.3568e+01
-3.375 2.675 6.9026e+01
-3.375 2.725 1.4222e+02
-3.375 2.775 2.9338e+02
-3.375 2.825 6.0514e+02
-3.375 2.875 1.2456e+03
-3.375 2.925 2.5515e+03
-3.375 2.975 5.1809e+03
-3.375 3.025 1.0377e+04
-3.375 3.075 2.0376e+04
-3.375 3.125 3.8959e+04
-3.375 3.175 7.1978e+04
-3.375 3.225 1.2750e+05
-3.375 3.275 2.1493e+05
-3.375 3.325 3.4247e+05
-3.375 3.375 5.1297e+05
-3.375 3.425 7.1947e+05
-3.375 3.475 9.4297e+05
-3.375 3.525 1.1547e+06
-3.375 3.575 1.3233e+06
-3.375 3.625 1.4235e+06
-3.375 3.675 1.4432e+06
-3.375 3.725 1.3836e+06
-3.375 3.775 1.2530e+06
-3.375 3.825 1.0120e+06
-3.375 3.875 0.0000e+00
-3.375 3.925 0.0000e+00
-3.375 3.975 0.0000e+00
-3.325 -1.975 0.0000e+00
-3.325 -1.925 0.0000e+00
-3.325 -1.875 0.0000e+00
-3.325 -1.825 0.0000e+00
-3.325 -1.775 0.0000e+00
-3.325 -1.725 0.0000e+00
-3.325 -1.675 0.0000e+00
-3.325 -1.625 0.0000e+00
-3.325 -1.575 0.0000e+00
-3.325 -1.525 0.0000e+00
-3.325 -1.475 0.0000e+00
-3.325 -1.425 0.0000e+00
-3.325 -1.375 0.0000e+00
-3.325 -1.325 0.0000e+00
-3.325 -1.275 0.0000e+00
-3.325 -1.225 0.0000e+00
-3.325 -1.175 0.0000e+00
-3.325 -1.125 0.0000e+00
-3.325 -1.075 0.0000e+00
-3.325 -1.025 0.0000e+00
-3.325 -0.975 0.0000e+00
-3.325 -0.925 0.0000e+00
-3.325 -0.875 0.0000e+00
-3.325 -0.825 0.0000e+00
-3.325 -0.775 0.0000e+00
-3.325 -0.725 0.0000e+00
-3.325 -0.675 0.0000e+00
-3.325 -0.625 0.0000e+00
-3.325 -0.575 0.0000e+00
-3.325 -0.525 0.0000e+00
-3.325 -0.475 0.0000e+00
-3.325 -0.425 0.0000e+00
-3.325 -0.375 0.0000e+00
-3.325 -0.325 0.0000e+00
-3.325 -0.275 0.0000e+00
-3.325 -0.225 0.0000e+00
-3.325 -0.175 0.0000e+00
-3.325 -0.125 0.0000e+00
-3.325 -0.075 0.0000e+00
-3.325 -0.025 0.0000e+00
-3.325 0.025 0.0000e+00
-3.325 0.075 0.0000e+00
-3.325 0.125 0.0000e+00
-3.325 0.175 0.0000e+00
-3.325 0.225 0.0000e+00
-3.325 0.275 0.0000e+00
-3.325 0.325 0.0000e+00
-3.325 0.375 0.0000e+00
-3.325 0.425 0.0000e+00
-3.325 0.475 0.0000e+00
-3.325 0.525 0.0000e+00
-3.325 0.575 0.0000e+00
-3.325 0.625 0.0000e+00
-3.325 0.675 0.0000e+00
-3.325 0.725 0.0000e+00
-3.325 0.775 2.5999e-10
-3.325 0.825 5.1896e-10
-3.325 0.875 1.0360e-09
-3.325 0.925 2.0681e-09
-3.325 0.975 4.1289e-09
-3.325 1.025 8.2438e-09
-3.325 1.075 1.6461e-08
-3.325 1.125 3.2872e-08
-3.325 1.175 6.5650e-08
-3.325 1.225 1.3113e-07
-3.325 1.275 2.6195e-07
-3.325 1.325 5.2337e-07
-3.325 1.375 1.0459e-06
-3.325 1.425 2.0903e-06
-3.325 1.475 4.1788e-06
-3.325 1.525 8.3558e-06
-3.325 1.575 1.6713e-05
-3.325 1.625 3.3438e-05
-3.325 1.675 6.6923e-05
-3.325 1.725 1.3399e-04
-3.325 1.775 2.6840e-04
-3.325 1.825 5.3790e-04
-3.325 1.875 1.0786e-03
-3.325 1.925 2.1642e-03
-3.325 1.975 4.3456e-03
-3.325 2.025 8.7330e-03
-3.325 2.075 1.7566e-02
-3.325 2.125 3.5371e-02
-3.325 2.175 7.1307e-02
-3.325 2.225 1.4395e-01
-3.325 2.275 2.9103e-01
-3.325 2.325 5.8940e-01
-3.325 2.375 1.1959e+00
-3.325 2.425 2.4317e+00
-3.325 2.475 4.9556e+00
-3.325 2.525 1.0123e+01
-3.325 2.575 2.0729e+01
-3.325 2.625 4.2545e+01
-3.325 2.675 8.7492e+01
-3.325 2.725 1.8014e+02
-3.325 2.775 3.7091e+02
-3.325 2.825 7.6227e+02
-3.325 2.875 1.5594e+03
-3.325 2.925 3.1634e+03
-3.325 2.975 6.3337e+03
-3.325 3.025 1.2441e+04
-3.325 3.075 2.3813e+04
-3.325 3.125 4.4077e+04
-3.325 3.175 7.8281e+04
-3.325 3.225 1.3238e+05
-3.325 3.275 2.1172e+05
-3.325 3.325 3.1840e+05
-3.325 3.375 4.4849e+05
-3.325 3.425 5.9042e+05
-3.325 3.475 7.2639e+05
-3.325 3.525 8.3667e+05
-3.325 3.575 9.0527e+05
-3.325 3.625 9.2425e+05
-3.325 3.675 8.9476e+05
-3.325 3.725 8.2458e+05
-3.325 3.775 7.2261e+05
-3.325 3.825 5.6829e+05
-3.325 3.875 0.0000e+00
-3.325 3.925 0.0000e+00
-3.325 3.975 0.0000e+00
-3.275 -1.975 0.0000e+00
-3.275 -1.925 0.0000e+00
-3.275 -1.875 0.0000e+00
-3.275 -1.825 0.0000e+00
-3.275 -1.775 0.0000e+00
-3.275 -1.725 0.0000e+00
-3.275 -1.675 0.0000e+00
-3.275 -1.625 0.0000e+00
-3.275 -1.575 0.0000e+00
-3.275 -1.525 0.0000e+00
-3.275 -1.475 0.0000e+00
-3.275 -1.425 0.0000e+00
-3.275 -1.375 0.0000e+00
-3.275 -1.325 0.0000e+00
-3.275 -1.275 0.0000e+00
-3.275 -1.225 0.0000e+00
-3.275 -1.175 0.0000e+00
-3.275 -1.125 0.0000e+00
-3.275 -1.075 0.0000e+00
-3.275 -1.025 0.0000e+00
-3.275 -0.975 0.0000e+00
-3.275 -0.925 0.0000e+00
-3.275 -0.875 0.0000e+00
-3.275 -0.825 0.0000e+00
-3.275 -0.775 0.0000e+00
-3.275 -0.725 0.0000e+00
-3.275 -0.675 0.0000e+00
-3.275 -0.625 0.0000e+00
-3.275 -0.575 0.0000e+00
-3.275 -0.525 0.0000e+00
-3.275 -0.475 0.0000e+00
-3.275 -0.425 0.0000e+00
-3.275 -0.375 0.0000e+00
-3.275 -0.325 0.0000e+00
-3.275 -0.275 0.0000e+00
-3.275 -0.225 0.0000e+00
-3.275 -0.175 0.0000e+00
-3.275 -0.125 0.0000e+00
-3.275 -0.075 0.0000e+00
-3.275 -0.025 0.0000e+00
-3.275 0.025 0.0000e+00
-3.275 0.075 0.0000e+00
-3.275 0.125 0.0000e+00
-3.275 0.175 0.0000e+00
-3.275 0.225 0.0000e+00
-3.275 0.275 0.0000e+00
-3.275 0.325 0.0000e+00
-3.275 0.375 0.0000e+00
-3.275 0.425 0.0000e+00
-3.275 0.475 0.0000e+00
-3.275 0.525 0.0000e+00
-3.275 0.575 0.0000e+00
-3.275 0.625 0.0000e+00
-3.275 0.675 0.0000e+00
-3.275 0.725 0.0000e+00
-3.275 0.775 3.2730e-10
-3.275 0.825 6.5333e-10
-3.275 0.875 1.3042e-09
-3.275 0.925 2.6036e-09
-3.275 0.975 5.1980e-09
-3.275 1.025 1.0378e-08
-3.275 1.075 2.0723e-08
-3.275 1.125 4.1384e-08
-3.275 1.175 8.2650e-08
-3.275 1.225 1.6509e-07
-3.275 1.275 3.2979e-07
-3.275 1.325 6.5892e-07
-3.275 1.375 1.3167e-06
-3.275 1.425 2.6317e-06
-3.275 1.475 5.2612e-06
-3.275 1.525 1.0520e-05
-3.275 1.575 2.1043e-05
-3.275 1.625 4.2102e-05
-3.275 1.675 8.4268e-05
-3.275 1.725 1.6873e-04
-3.275 1.775 3.3800e-04
-3.275 1.825 6.7744e-04
-3.275 1.875 1.3586e-03
-3.275 1.925 2.7263e-03
-3.275 1.975 5.4751e-03
-3.275 2.025 1.1005e-02
-3.275 2.075 2.2141e-02
-3.275 2.125 4.4596e-02
-3.275 2.175 8.9937e-02
-3.275 2.225 1.8164e-01
-3.275 2.275 3.6741e-01
-3.275 2.325 7.4453e-01
-3.275 2.375 1.5117e+00
-3.275 2.425 3.0760e+00
-3.275 2.475 6.2733e+00
-3.275 2.525 1.2823e+01
-3.275 2.575 2.6271e+01
-3.275 2.625 5.3922e+01
-3.275 2.675 1.1081e+02
-3.275 2.725 2.2772e+02
-3.275 2.775 4.6714e+02
-3.275 2.825 9.5405e+02
-3.275 2.875 1.9328e+03
-3.275 2.925 3.8662e+03
-3.275 2.975 7.5910e+03
-3.275 3.025 1.4532e+04
-3.275 3.075 2.6920e+04
-3.275 3.125 4.7882e+04
-3.275 3.175 8.1147e+04
-3.275 3.225 1.3012e+05
-3.275 3.275 1.9628e+05
-3.275 3.325 2.7740e+05
-3.275 3.375 3.6653e+05
-3.275 3.425 4.5272e+05
-3.275 3.475 5.2370e+05
-3.275 3.525 5.6939e+05
-3.275 3.575 5.8461e+05
-3.275 3.625 5.6991e+05
-3.275 3.675 5.3029e+05
-3.275 3.725 4.7281e+05
-3.275 3.775 4.0336e+05
-3.275 3.825 3.1054e+05
-3.275 3.875 0.0000e+00
-3.275 3.925 0.0000e+00
-3.275 3.975 0.0000e+00
-3.225 -1.975 0.0000e+00
-3.225 -1.925 0.0000e+00
-3.225 -1.875 0.0000e+00
-3.225 -1.825 0.0000e+00
-3.225 -1.775 0.0000e+00
-3.225 -1.725 0.0000e+00
-3.225 -1.675 0.0000e+00
-3.225 -1.625 0.0000e+00
-3.225 -1.575 0.0000e+00
-3.225 -1.525 0.0000e+00
-3.225 -1.475 0.0000e+00
-3.225 -1.425 0.0000e+00
-3.225 -1.375 0.0000e+00
-3.225 -1.325 0.0000e+00
-3.225 -1.275 0.0000e+00
-3.225 -1.225 0.0000e+00
-3.225 -1.175 0.0000e+00
-3.225 -1.125 0.0000e+00
-3.225 -1.075 0.0000e+00
-3.225 -1.025 0.0000e+00
-3.225 -0.975 0.0000e+00
-3.225 -0.925 0.0000e+00
-3.225 -0.875 0.0000e+00
-3.225 -0.825 0.0000e+00
-3.225 -0.775 0.0000e+00
-3.225 -0.725 0.0000e+00
-3.225 -0.675 0.0000e+00
-3.225 -0.625 0.0000e+00
-3.225 -0.575 0.0000e+00
-3.225 -0.525 0.0000e+00
-3.225 -0.475 0.0000e+00
-3.225 -0.425 0.0000e+00
-3.225 -0.375 0.0000e+00
-3.225 -0.325 0.0000e+00
-3.225 -0.275 0.0000e+00
-3.225 -0.225 0.0000e+00
-3.225 -0.175 0.0000e+00
-3.225 -0.125 0.0000e+00
-3.225 -0.075 0.0000e+00
-3.225 -0.025 0.0000e+00
-3.225 0.025 0.0000e+00
-3.225 0.075 0.0000e+00
-3.225 0.125 0.0000e+00
-3.225 0.175 0.0000e+00
-3.225 0.225 0.0000e+00
-3.225 0.275 0.0000e+00
-3.225 0.325 0.0000e+00
-3.225 0.375 0.0000e+00
-3.225 0.425 0.0000e+00
-3.225 0.475 0.0000e+00
-3.225 0.525 0.0000e+00
-3.225 0.575 0.0000e+00
-3.225 0.625 0.0000e+00
-3.225 0.675 0.0000e+00
-3.225 0.725 0.0000e+00
-3.225 0.775 4.1205e-10
-3.225 0.825 8.2250e-10
-3.225 0.875 1.6419e-09
-3.225 0.925 3.2778e-09
-3.225 0.975 6.5440e-09
-3.225 1.025 1.3066e-08
-3.225 1.075 2.6090e-08
-3.225 1.125 5.2100e-08
-3.225 1.175 1.0405e-07
-3.225 1.225 2.0784e-07
-3.225 1.275 4.1520e-07
-3.225 1.325 8.2957e-07
-3.225 1.375 1.6578e-06
-3.225 1.425 3.3134e-06
-3.225 1.475 6.6241e-06
-3.225 1.525 1.3246e-05
-3.225 1.575 2.6495e-05
-3.225 1.625 5.3014e-05
-3.225 1.675 1.0611e-04
-3.225 1.725 2.1249e-04
-3.225 1.775 4.2569e-04
-3.225 1.825 8.5327e-04
-3.225 1.875 1.7114e-03
-3.225 1.925 3.4349e-03
-3.225 1.975 6.8994e-03
-3.225 2.025 1.3871e-02
-3.225 2.075 2.7916e-02
-3.225 2.125 5.6247e-02
-3.225 2.175 1.1348e-01
-3.225 2.225 2.2930e-01
-3.225 2.275 4.6411e-01
-3.225 2.325 9.4111e-01
-3.225 2.375 1.9122e+00
-3.225 2.425 3.8938e+00
-3.225 2.475 7.9464e+00
-3.225 2.525 1.6251e+01
-3.225 2.575 3.3293e+01
-3.225 2.625 6.8287e+01
-3.225 2.675 1.4006e+02
-3.225 2.725 2.8677e+02
-3.225 2.775 5.8460e+02
-3.225 2.825 1.1824e+03
-3.225 2.875 2.3619e+03
-3.225 2.925 4.6330e+03
-3.225 2.975 8.8650e+03
-3.225 3.025 1.6424e+04
-3.225 3.075 2.9231e+04
-3.225 3.125 4.9600e+04
-3.225 3.175 7.9675e+04
-3.225 3.225 1.2046e+05
-3.225 3.275 1.7069e+05
-3.225 3.325 2.2621e+05
-3.225 3.375 2.8033e+05
-3.225 3.425 3.2549e+05
-3.225 3.475 3.5536e+05
-3.225 3.525 3.6659e+05
-3.225 3.575 3.5936e+05
-3.225 3.625 3.3667e+05
-3.225 3.675 3.0303e+05
-3.225 3.725 2.6296e+05
-3.225 3.775 2.1955e+05
-3.225 3.825 1.6621e+05
-3.225 3.875 0.0000e+00
-3.225 3.925 0.0000e+00
-3.225 3.975 0.0000e+00
-3.175 -1.975 0.0000e+00
-3.175 -1.925 0.0000e+00
-3.175 -1.875 0.0000e+00
-3.175 -1.825 0.0000e+00
-3.175 -1.775 0.0000e+00
-3.175 -1.725 0.0000e+00
-3.175 -1.675 0.0000e+00
-3.175 -1.625 0.0000e+00
-3.175 -1.575 0.0000e+00
-3.175 -1.525 0.0000e+00
-3.175 -1.475 0.0000e+00
-3.175 -1.425 0.0000e+00
-3.175 -1.375 0.0000e+00
-3.175 -1.325 0.0000e+00
-3.175 -1.275 0.0000e+00
-3.175 -1.225 0.0000e+00
-3.175 -1.175 0.0000e+00
-3.175 -1.125 0.0000e+00
-3.175 -1.075 0.0000e+00
-3.175 -1.025 0.0000e+00
-3.175 -0.975 0.0000e+00
-3.175 -0.925 0.0000e+00
-3.175 -0.875 0.0000e+00
-3.175 -0.825 0.0000e+00
-3.175 -0.775 0.0000e+00
-3.175 -0.725 0.0000e+00
-3.175 -0.675 0.0000e+00
-3.175 -0.625 0.0000e+00
-3.175 -0.575 0.0000e+00
-3.175 -0.525 0.0000e+00
-3.175 -0.475 0.0000e+00
-3.175 -0.425 0.0000e+00
-3.175 -0.375 0.0000e+00
-3.175 -0.325 0.0000e+00
-3.175 -0.275 0.0000e+00
-3.175 -0.225 0.0000e+00
-3.175 -0.175 0.0000e+00
-3.175 -0.125 0.0000e+00
-3.175 -0.075 0.0000e+00
-3.175 -0.025 0.0000e+00
-3.175 0.025 0.0000e+00
-3.175 0.075 0.0000e+00
-3.175 0.125 0.0000e+00
-3.175 0.175 0.0000e+00
-3.175 0.225 0.0000e+00
-3.175 0.275 0.0000e+00
-3.175 0.325 0.0000e+00
-3.175 0.375 0.0000e+00
-3.175 0.425 0.0000e+00
-3.175 0.475 0.0000e+00
-3.175 0.525 0.0000e+00
-3.175 0.575 0.0000e+00
-3.175 0.625 0.0000e+00
-3.175 0.675 0.0000e+00
-3.175 0.725 0.0000e+00
-3.175 0.775 5.1875e-10
-3.175 0.825 1.0355e-09
-3.175 0.875 2.0670e-09
-3.175 0.925 4.1265e-09
-3.175 0.975 8.2385e-09
-3.175 1.025 1.6449e-08
-3.175 1.075 3.2845e-08
-3.175 1.125 6.5592e-08
-3.175 1.175 1.3100e-07
-3.175 1.225 2.6166e-07
-3.175 1.275 5.2273e-07
-3.175 1.325 1.0444e-06
-3.175 1.375 2.0872e-06
-3.175 1.425 4.1718e-06
-3.175 1.475 8.3403e-06
-3.175 1.525 1.6679e-05
-3.175 1.575 3.3362e-05
-3.175 1.625 6.6758e-05
-3.175 1.675 1.3363e-04
-3.175 1.725 2.6761e-04
-3.175 1.775 5.3618e-04
-3.175 1.825 1.0749e-03
-3.175 1.875 2.1562e-03
-3.175 1.925 4.3284e-03
-3.175 1.975 8.6963e-03
-3.175 2.025 1.7489e-02
-3.175 2.075 3.5209e-02
-3.175 2.125 7.0973e-02
-3.175 2.175 1.4326e-01
-3.175 2.225 2.8965e-01
-3.175 2.275 5.8663e-01
-3.175 2.325 1.1904e+00
-3.175 2.375 2.4205e+00
-3.175 2.425 4.9321e+00
-3.175 2.475 1.0070e+01
-3.175 2.525 2.0594e+01
-3.175 2.575 4.2160e+01
-3.175 2.625 8.6307e+01
-3.175 2.675 1.7637e+02
-3.175 2.725 3.5885e+02
-3.175 2.775 7.2452e+02
-3.175 2.825 1.4449e+03
-3.175 2.875 2.8306e+03
-3.175 2.925 5.4110e+03
-3.175 2.975 1.0020e+04
-3.175 3.025 1.7835e+04
-3.175 3.075 3.0280e+04
-3.175 3.125 4.8693e+04
-3.175 3.175 7.3734e+04
-3.175 3.225 1.0470e+05
-3.175 3.275 1.3909e+05
-3.175 3.325 1.7285e+05
-3.175 3.375 2.0134e+05
-3.175 3.425 2.2062e+05
-3.175 3.475 2.2853e+05
-3.175 3.525 2.2506e+05
-3.175 3.575 2.1200e+05
-3.175 3.625 1.9209e+05
-3.175 3.675 1.6823e+05
-3.175 3.725 1.4282e+05
-3.175 3.775 1.1721e+05
-3.175 3.825 8.7579e+04
-3.175 3.875 0.0000e+00
-3.175 3.925 0.0000e+00
-3.175 3.975 0.0000e+00
-3.125 -1.975 0.0000e+00
-3.125 -1.925 0.0000e+00
-3.125 -1.875 0.0000e+00
-3.125 -1.825 0.0000e+00
-3.125 -1.775 0.0000e+00
-3.125 -1.725 0.0000e+00
-3.125 -1.675 0.0000e+00
-3.125 -1.625 0.0000e+00
-3.125 -1.575 0.0000e+00
-3.125 -1.525 0.0000e+00
-3.125 -1.475 0.0000e+00
-3.125 -1.425 0.0000e+00
-3.125 -1.375 0.0000e+00
-3.125 -1.325 0.0000e+00
-3.125 -1.275 0.0000e+00
-3.125 -1.225 0.0000e+00
-3.125 -1.175 0.0000e+00
-3.125 -1.125 0.0000e+00
-3.125 -1.075 0.0000e+00
-3.125 -1.025 0.0000e+00
-3.125 -0.975 0.0000e+00
-3.125 -0.925 0.0000e+00
-3.125 -0.875 0.0000e+00
-3.125 -0.825 0.0000e+00
-3.125 -0.775 0.0000e+00
-3.125 -0.725 0.0000e+00
-3.125 -0.675 0.0000e+00
-3.125 -0.625 0.0000e+00
-3.125 -0.575 0.0000e+00
-3.125 -0.525 0.0000e+00
-3.125 -0.475 0.0000e+00
-3.125 -0.425 0.0000e+00
-3.125 -0.375 0.0000e+00
-3.125 -0.325 0.0000e+00
-3.125 -0.275 0.0000e+00
-3.125 -0.225 0.0000e+00
-3.125 -0.175 0.0000e+00
-3.125 -0.125 0.0000e+00
-3.125 -0.075 0.0000e+00
-3.125 -0.025 0.0000e+00
-3.125 0.025 0.0000e+00
-3.125 0.075 0.0000e+00
-3.125 0.125 0.0000e+00
-3.125 0.175 0.0000e+00
-3.125 0.225 0.0000e+00
-3.125 0.275 0.0000e+00
-3.125 0.325 0.0000e+00
-3.125 0.375 0.0000e+00
-3.125 0.425 0.0000e+00
-3.125 0.475 0.0000e+00
-3.125 0.525 0.0000e+00
-3.125 0.575 0.0000e+00
-3.125 0.625 0.0000e+00
-3.125 0.675 0.0000e+00
-3.125 0.725 0.0000e+00
-3.125 0.775 6.5307e-10
-3.125 0.825 1.3036e-09
-3.125 0.875 2.6023e-09
-3.125 0.925 5.1950e-09
-3.125 0.975 1.0372e-08
-3.125 1.025 2.0709e-08
-3.125 1.075 4.1351e-08
-3.125 1.125 8.2578e-08
-3.125 1.175 1.6493e-07
-3.125 1.225 3.2943e-07
-3.125 1.275 6.5812e-07
-3.125 1.325 1.3150e-06
-3.125 1.375 2.6279e-06
-3.125 1.425 5.2526e-06
-3.125 1.475 1.0502e-05
-3.125 1.525 2.1001e-05
-3.125 1.575 4.2011e-05
-3.125 1.625 8.4069e-05
-3.125 1.675 1.6830e-04
-3.125 1.725 3.3707e-04
-3.125 1.775 6.7543e-04
-3.125 1.825 1.3542e-03
-3.125 1.875 2.7171e-03
-3.125 1.925 5.4557e-03
-3.125 1.975 1.0964e-02
-3.125 2.025 2.2058e-02
-3.125 2.075 4.4426e-02
-3.125 2.125 8.9597e-02
-3.125 2.175 1.8096e-01
-3.125 2.225 3.6611e-01
-3.125 2.275 7.4202e-01
-3.125 2.325 1.5068e+00
-3.125 2.375 3.0659e+00
-3.125 2.425 6.2498e+00
-3.125 2.475 1.2760e+01
-3.125 2.525 2.6077e+01
-3.125 2.575 5.3284e+01
-3.125 2.625 1.0868e+02
-3.125 2.675 2.2070e+02
-3.125 2.725 4.4476e+02
-3.125 2.775 8.8545e+02
-3.125 2.825 1.7319e+03
-3.125 2.875 3.3068e+03
-3.125 2.925 6.1182e+03
-3.125 2.975 1.0886e+04
-3.125 3.025 1.8483e+04
-3.125 3.075 2.9741e+04
-3.125 3.125 4.5084e+04
-3.125 3.175 6.4114e+04
-3.125 3.225 8.5342e+04
-3.125 3.275 1.0632e+05
-3.125 3.325 1.2419e+05
-3.125 3.375 1.3651e+05
-3.125 3.425 1.4191e+05
-3.125 3.475 1.4032e+05
-3.125 3.525 1.3278e+05
-3.125 3.575 1.2094e+05
-3.125 3.625 1.0660e+05
-3.125 3.675 9.1304e+04
-3.125 3.725 7.6168e+04
-3.125 3.775 6.1668e+04
-3.125 3.825 4.5605e+04
-3.125 3.875 0.0000e+00
-3.125 3.925 0.0000e+00
-3.125 3.975 0.0000e+00
-3.075 -1.975 0.0000e+00
-3.075 -1.925 0.0000e+00
-3.075 -1.875 0.0000e+00
-3.075 -1.825 0.0000e+00
-3.075 -1.775 0.0000e+00
-3.075 -1.725 0.0000e+00
-3.075 -1.675 0.0000e+00
-3.075 -1.625 0.0000e+00
-3.075 -1.575 0.0000e+00
-3.075 -1.525 0.0000e+00
-3.075 -1.475 0.0000e+00
-3.075 -1.425 0.0000e+00
-3.075 -1.375 0.0000e+00
-3.075 -1.325 0.0000e+00
-3.075 -1.275 0.0000e+00
-3.075 -1.225 0.0000e+00
-3.075 -1.175 0.0000e+00
-3.075 -1.125 0.0000e+00
-3.075 -1.075 0.0000e+00
-3.075 -1.025 0.0000e+00
-3.075 -0.975 0.0000e+00
-3.075 -0.925 0.0000e+00
-3.075 -0.875 0.0000e+00
-3.075 -0.825 0.0000e+00
-3.075 -0.775 0.0000e+00
-3.075 -0.725 0.0000e+00
-3.075 -0.675 0.0000e+00
-3.075 -0.625 0.0000e+00
-3.075 -0.575 0.0000e+00
-3.075 -0.525 0.0000e+00
-3.075 -0.475 0.0000e+00
-3.075 -0.425 0.0000e+00
-3.075 -0.375 0.0000e+00
-3.075 -0.325 0.0000e+00
-3.075 -0.275 0.0000e+00
-3.075 -0.225 0.0000e+00
-3.075 -0.175 0.0000e+00
-3.075 -0.125 0.0000e+00
-3.075 -0.075 0.0000e+00
-3.075 -0.025 0.0000e+00
-3.075 0.025 0.0000e+00
-3.075 0.075 0.0000e+00
-3.075 0.125 0.0000e+00
-3.075 0.175 0.0000e+00
-3.075 0.225 0.0000e+00
-3.075 0.275 0.0000e+00
-3.075 0.325 0.0000e+00
-3.075 0.375 0.0000e+00
-3.075 0.425 0.0000e+00
-3.075 0.475 0.0000e+00
-3.075 0.525 0.0000e+00
-3.075 0.575 0.0000e+00
-3.075 0.625 0.0000e+00
-3.075 0.675 0.0000e+00
-3.075 0.725 0.0000e+00
-3.075 0.775 8.2217e-10
-3.075 0.825 1.6412e-09
-3.075 0.875 3.2761e-09
-3.075 0.925 6.5403e-09
-3.075 0.975 1.3058e-08
-3.075 1.025 2.6071e-08
-3.075 1.075 5.2059e-08
-3.075 1.125 1.0396e-07
-3.075 1.175 2.0764e-07
-3.075 1.225 4.1476e-07
-3.075 1.275 8.2859e-07
-3.075 1.325 1.6556e-06
-3.075 1.375 3.3087e-06
-3.075 1.425 6.6137e-06
-3.075 1.475 1.3223e-05
-3.075 1.525 2.6446e-05
-3.075 1.575 5.2906e-05
-3.075 1.625 1.0588e-04
-3.075 1.675 2.1198e-04
-3.075 1.725 4.2461e-04
-3.075 1.775 8.5097e-04
-3.075 1.825 1.7065e-03
-3.075 1.875 3.4247e-03
-3.075 1.925 6.8786e-03
-3.075 1.975 1.3829e-02
-3.075 2.025 2.7832e-02
-3.075 2.075 5.6084e-02
-3.075 2.125 1.1317e-01
-3.075 2.175 2.2873e-01
-3.075 2.225 4.6308e-01
-3.075 2.275 9.3923e-01
-3.075 2.325 1.9085e+00
-3.075 2.375 3.8849e+00
-3.075 2.425 7.9193e+00
-3.075 2.475 1.6157e+01
-3.075 2.525 3.2956e+01
-3.075 2.575 6.7093e+01
-3.075 2.625 1.3600e+02
-3.075 2.675 2.7355e+02
-3.075 2.725 5.4363e+02
-3.075 2.775 1.0616e+03
-3.075 2.825 2.0241e+03
-3.075 2.875 3.7409e+03
-3.075 2.925 6.6513e+03
-3.075 2.975 1.1291e+04
-3.075 3.025 1.8171e+04
-3.075 3.075 2.7565e+04
-3.075 3.125 3.9245e+04
-3.075 3.175 5.2324e+04
-3.075 3.225 6.5316e+04
-3.075 3.275 7.6480e+04
-3.075 3.325 8.4307e+04
-3.075 3.375 8.7921e+04
-3.075 3.425 8.7243e+04
-3.075 3.475 8.2873e+04
-3.075 3.525 7.5810e+04
-3.075 3.575 6.7152e+04
-3.075 3.625 5.7869e+04
-3.075 3.675 4.8689e+04
-3.075 3.725 4.0054e+04
-3.075 3.775 3.2085e+04
-3.075 3.825 2.3537e+04
-3.075 3.875 0.0000e+00
-3.075 3.925 0.0000e+00
-3.075 3.975 0.0000e+00
-3.025 -1.975 0.0000e+00
-3.025 -1.925 0.0000e+00
-3.025 -1.875 0.0000e+00
-3.025 -1.825 0.0000e+00
-3.025 -1.775 0.0000e+00
-3.025 -1.725 0.0000e+00
-3.025 -1.675 0.0000e+00
-3.025 -1.625 0.0000e+00
-3.025 -1.575 0.0000e+00
-3.025 -1.525 0.0000e+00
-3.025 -1.475 0.0000e+00
-3.025 -1.425 0.0000e+00
-3.025 -1.375 0.0000e+00
-3.025 -1.325 0.0000e+00
-3.025 -1.275 0.0000e+00
-3.025 -1.225 0.0000e+00
-3.025 -1.175 0.0000e+00
-3.025 -1.125 0.0000e+00
-3.025 -1.075 0.0000e+00
-3.025 -1.025 0.0000e+00
-3.025 -0.975 0.0000e+00
-3.025 -0.925 0.0000e+00
-3.025 -0.875 0.0000e+00
-3.025 -0.825 0.0000e+00
-3.025 -0.775 0.0000e+00
-3.025 -0.725 0.0000e+00
-3.025 -0.675 0.0000e+00
-3.025 -0.625 0.0000e+00
-3.025 -0.575 0.0000e+00
-3.025 -0.525 0.0000e+00
-3.025 -0.475 0.0000e+00
-3.025 -0.425 0.0000e+00
-3.025 -0.375 0.0000e+00
-3.025 -0.325 0.0000e+00
-3.025 -0.275 0.0000e+00
-3.025 -0.225 0.0000e+00
-3.025 -0.175 0.0000e+00
-3.025 -0.125 0.0000e+00
-3.025 -0.075 0.0000e+00
-3.025 -0.025 0.0000e+00
-3.025 0.025 0.0000e+00
-3.025 0.075 0.0000e+00
-3.025 0.125 0.0000e+00
-3.025 0.175 0.0000e+00
-3.025 0.225 0.0000e+00
-3.025 0.275 0.0000e+00
-3.025 0.325 0.0000e+00
-3.025 0.375 0.0000e+00
-3.025 0.425 0.0000e+00
-3.025 0.475 0.0000e+00
-3.025 0.525 0.0000e+00
-3.025 0.575 0.0000e+00
-3.025 0.625 0.0000e+00
-3.025 0.675 0.0000e+00
-3.025 0.725 0.0000e+00
-3.025 0.775 1.0351e-09
-3.025 0.825 2.0661e-09
-3.025 0.875 4.1244e-09
-3.025 0.925 8.2339e-09
-3.025 0.975 1.6439e-08
-3.025 1.025 3.2823e-08
-3.025 1.075 6.5542e-08
-3.025 1.125 1.3089e-07
-3.025 1.175 2.6142e-07
-3.025 1.225 5.2219e-07
-3.025 1.275 1.0432e-06
-3.025 1.325 2.0845e-06
-3.025 1.375 4.1660e-06
-3.025 1.425 8.3278e-06
-3.025 1.475 1.6651e-05
-3.025 1.525 3.3303e-05
-3.025 1.575 6.6631e-05
-3.025 1.625 1.3336e-04
-3.025 1.675 2.6703e-04
-3.025 1.725 5.3496e-04
-3.025 1.775 1.0723e-03
-3.025 1.825 2.1510e-03
-3.025 1.875 4.3179e-03
-3.025 1.925 8.6756e-03
-3.025 1.975 1.7449e-02
-3.025 2.025 3.5135e-02
-3.025 2.075 7.0842e-02
-3.025 2.125 1.4305e-01
-3.025 2.175 2.8931e-01
-3.025 2.225 5.8614e-01
-3.025 2.275 1.1896e+00
-3.025 2.325 2.4182e+00
-3.025 2.375 4.9225e+00
-3.025 2.425 1.0027e+01
-3.025 2.475 2.0419e+01
-3.025 2.525 4.1498e+01
-3.025 2.575 8.3965e+01
-3.025 2.625 1.6858e+02
-3.025 2.675 3.3443e+02
-3.025 2.725 6.5199e+02
-3.025 2.775 1.2413e+03
-3.025 2.825 2.2913e+03
-3.025 2.875 4.0703e+03
-3.025 2.925 6.9060e+03
-3.025 2.975 1.1114e+04
-3.025 3.025 1.6866e+04
-3.025 3.075 2.4033e+04
-3.025 3.125 3.2084e+04
-3.025 3.175 4.0119e+04
-3.025 3.225 4.7077e+04
-3.025 3.275 5.2023e+04
-3.025 3.325 5.4406e+04
-3.025 3.375 5.4155e+04
-3.025 3.425 5.1617e+04
-3.025 3.475 4.7392e+04
-3.025 3.525 4.2150e+04
-3.025 3.575 3.6493e+04
-3.025 3.625 3.0880e+04
-3.025 3.675 2.5612e+04
-3.025 3.725 2.0838e+04
-3.025 3.775 1.6552e+04
-3.025 3.825 1.2067e+04
-3.025 3.875 0.0000e+00
-3.025 3.925 0.0000e+00
-3.025 3.975 0.0000e+00
-2.975 -1.975 0.0000e+00
-2.975 -1.925 0.0000e+00
-2.975 -1.875 0.0000e+00
-2.975 -1.825 0.0000e+00
-2.975 -1.775 0.0000e+00
-2.975 -1.725 0.0000e+00
-2.975 -1.675 0.0000e+00
-2.975 -1.625 0.0000e+00
-2.975 -1.575 0.0000e+00
-2.975 -1.525 0.0000e+00
-2.975 -1.475 0.0000e+00
-2.975 -1.425 0.0000e+00
-2.975 -1.375 0.0000e+00
-2.975 -1.325 0.0000e+00
-2.975 -1.275 0.0000e+00
-2.975 -1.225 0.0000e+00
-2.975 -1.175 0.0000e+00
-2.975 -1.125 0.0000e+00
-2.975 -1.075 0.0000e+00
-2.975 -1.025 0.0000e+00
-2.975 -0.975 0.0000e+00
-2.975 -0.925 0.0000e+00
-2.975 -0.875 0.0000e+00
-2.975 -0.825 0.0000e+00
-2.975 -0.775 0.0000e+00
-2.975 -0.725 0.0000e+00
-2.975 -0.675 0.0000e+00
-2.975 -0.625 0.0000e+00
-2.975 -0.575 0.0000e+00
-2.975 -0.525 0.0000e+00
-2.975 -0.475 0.0000e+00
-2.975 -0.425 0.0000e+00
-2.975 -0.375 0.0000e+00
-2.975 -0.325 0.0000e+00
-2.975 -0.275 0.0000e+00
-2.975 -0.225 0.0000e+00
-2.975 -0.175 0.0000e+00
-2.975 -0.125 0.0000e+00
-2.975 -0.075 0.0000e+00
-2.975 -0.025 0.0000e+00
-2.975 0.025 0.0000e+00
-2.975 0.075 0.0000e+00
-2.975 0.125 0.0000e+00
-2.975 0.175 0.0000e+00
-2.975 0.225 0.0000e+00
-2.975 0.275 0.0000e+00
-2.975 0.325 0.0000e+00
-2.975 0.375 0.0000e+00
-2.975 0.425 0.0000e+00
-2.975 0.475 0.0000e+00
-2.975 0.525 0.0000e+00
-2.975 0.575 0.0000e+00
-2.975 0.625 0.0000e+00
-2.975 0.675 0.0000e+00
-2.975 0.725 0.0000e+00
-2.975 0.775 1.3031e-09
-2.975 0.825 2.6011e-09
-2.975 0.875 5.1925e-09
-2.975 0.925 1.0366e-08
-2.975 0.975 2.0696e-08
-2.975 1.025 4.1323e-08
-2.975 1.075 8.2516e-08
-2.975 1.125 1.6479e-07
-2.975 1.175 3.2913e-07
-2.975 1.225 6.5746e-07
-2.975 1.275 1.3135e-06
-2.975 1.325 2.6247e-06
-2.975 1.375 5.2458e-06
-2.975 1.425 1.0487e-05
-2.975 1.475 2.0969e-05
-2.975 1.525 4.1943e-05
-2.975 1.575 8.3925e-05
-2.975 1.625 1.6799e-04
-2.975 1.675 3.3643e-04
-2.975 1.725 6.7413e-04
-2.975 1.775 1.3516e-03
-2.975 1.825 2.7120e-03
-2.975 1.875 5.4459e-03
-2.975 1.925 1.0947e-02
-2.975 1.975 2.2027e-02
-2.975 2.025 4.4380e-02
-2.975 2.075 8.9540e-02
-2.975 2.125 1.8093e-01
-2.975 2.175 3.6619e-01
-2.975 2.225 7.4237e-01
-2.975 2.275 1.5073e+00
-2.975 2.325 3.0641e+00
-2.975 2.375 6.2328e+00
-2.975 2.425 1.2672e+01
-2.975 2.475 2.5712e+01
-2.975 2.525 5.1936e+01
-2.975 2.575 1.0410e+02
-2.975 2.625 2.0615e+02
-2.975 2.675 4.0123e+02
-2.975 2.725 7.6271e+02
-2.975 2.775 1.4061e+03
-2.975 2.825 2.4953e+03
-2.975 2.875 4.2310e+03
-2.975 2.925 6.8073e+03
-2.975 2.975 1.0332e+04
-2.975 3.025 1.4732e+04
-2.975 3.075 1.9688e+04
-2.975 3.125 2.4655e+04
-2.975 3.175 2.8984e+04
-2.975 3.225 3.2100e+04
-2.975 3.275 3.3654e+04
-2.975 3.325 3.3591e+04
-2.975 3.375 3.2113e+04
-2.975 3.425 2.9579e+04
-2.975 3.475 2.6398e+04
-2.975 3.525 2.2941e+04
-2.975 3.575 1.9496e+04
-2.975 3.625 1.6258e+04
-2.975 3.675 1.3331e+04
-2.975 3.725 1.0752e+04
-2.975 3.775 8.4839e+03
-2.975 3.825 6.1546e+03
-2.975 3.875 0.0000e+00
-2.975 3.925 0.0000e+00
-2.975 3.975 0.0000e+00
-2.925 -1.975 0.0000e+00
-2.925 -1.925 0.0000e+00
-2.925 -1.875 0.0000e+00
-2.925 -1.825 0.0000e+00
-2.925 -1.775 0.0000e+00
-2.925 -1.725 0.0000e+00
-2.925 -1.675 0.0000e+00
-2.925 -1.625 0.0000e+00
-2.925 -1.575 0.0000e+00
-2.925 -1.525 0.0000e+00
-2.925 -1.475 0.0000e+00
-2.925 -1.425 0.0000e+00
-2.925 -1.375 0.0000e+00
-2.925 -1.325 0.0000e+00
-2.925 -1.275 0.0000e+00
-2.925 -1.225 0.0000e+00
-2.925 -1.175 0.0000e+00
-2.925 -1.125 0.0000e+00
-2.925 -1.075 0.0000e+00
-2.925 -1.025 0.0000e+00
-2.925 -0.975 0.0000e+00
-2.925 -0.925 0.0000e+00
-2.925 -0.875 0.0000e+00
-2.925 -0.825 0.0000e+00
-2.925 -0.775 0.0000e+00
-2.925 -0.725 0.0000e+00
-2.925 -0.675 0.0000e+00
-2.925 -0.625 0.0000e+00
-2.925 -0.575 0.0000e+00
-2.925 -0.525 0.0000e+00
-2.925 -0.475 0.0000e+00
-2.925 -0.425 0.0000e+00
-2.925 -0.375 0.0000e+00
-2.925 -0.325 0.0000e+00
-2.925 -0.275 0.0000e+00
-2.925 -0.225 0.0000e+00
-2.925 -0.175 0.0000e+00
-2.925 -0.125 0.0000e+00
-2.925 -0.075 0.0000e+00
-2.925 -0.025 0.0000e+00
-2.925 0.025 0.0000e+00
-2.925 0.075 0.0000e+00
-2.925 0.125 0.0000e+00
-2.925 0.175 0.0000e+00
-2.925 0.225 0.0000e+00
-2.925 0.275 0.0000e+00
-2.925 0.325 0.0000e+00
-2.925 0.375 0.0000e+00
-2.925 0.425 0.0000e+00
-2.925 0.475 0.0000e+00
-2.925 0.525 0.0000e+00
-2.925 0.575 0.0000e+00
-2.925 0.625 0.0000e+00
-2.925 0.675 0.0000e+00
-2.925 0.725 0.0000e+00
-2.925 0.775 1.6405e-09
-2.925 0.825 3.2747e-09
-2.925 0.875 6.5371e-09
-2.925 0.925 1.3051e-08
-2.925 0.975 2.6056e-08
-2.925 1.025 5.2025e-08
-2.925 1.075 1.0389e-07
-2.925 1.125 2.0747e-07
-2.925 1.175 4.1440e-07
-2.925 1.225 8.2780e-07
-2.925 1.275 1.6539e-06
-2.925 1.325 3.3050e-06
-2.925 1.375 6.6057e-06
-2.925 1.425 1.3206e-05
-2.925 1.475 2.6409e-05
-2.925 1.525 5.2829e-05
-2.925 1.575 1.0572e-04
-2.925 1.625 2.1166e-04
-2.925 1.675 4.2395e-04
-2.925 1.725 8.4969e-04
-2.925 1.775 1.7041e-03
-2.925 1.825 3.4204e-03
-2.925 1.875 6.8715e-03
-2.925 1.925 1.3819e-02
-2.925 1.975 2.7823e-02
-2.925 2.025 5.6094e-02
-2.925 2.075 1.1325e-01
-2.925 2.125 2.2901e-01
-2.925 2.175 4.6379e-01
-2.925 2.225 9.4062e-01
-2.925 2.275 1.9098e+00
-2.925 2.325 3.8797e+00
-2.925 2.375 7.8769e+00
-2.925 2.425 1.5958e+01
-2.925 2.475 3.2182e+01
-2.925 2.525 6.4397e+01
-2.925 2.575 1.2732e+02
-2.925 2.625 2.4741e+02
-2.925 2.675 4.6961e+02
-2.925 2.725 8.6463e+02
-2.925 2.775 1.5328e+03
-2.925 2.825 2.5970e+03
-2.925 2.875 4.1768e+03
-2.925 2.925 6.3396e+03
-2.925 2.975 9.0433e+03
-2.925 3.025 1.2096e+04
-2.925 3.075 1.5166e+04
-2.925 3.125 1.7858e+04
-2.925 3.175 1.9816e+04
-2.925 3.225 2.0822e+04
-2.925 3.275 2.0834e+04
-2.925 3.325 1.9969e+04
-2.925 3.375 1.8445e+04
-2.925 3.425 1.6510e+04
-2.925 3.475 1.4394e+04
-2.925 3.525 1.2275e+04
-2.925 3.575 1.0277e+04
-2.925 3.625 8.4695e+03
-2.925 3.675 6.8820e+03
-2.925 3.725 5.5121e+03
-2.925 3.775 4.3269e+03
-2.925 3.825 3.1269e+03
-2.925 3.875 0.0000e+00
-2.925 3.925 0.0000e+00
-2.925 3.975 0.0000e+00
-2.875 -1.975 0.0000e+00
-2.875 -1.925 0.0000e+00
-2.875 -1.875 0.0000e+00
-2.875 -1.825 0.0000e+00
-2.875 -1.775 0.0000e+00
-2.875 -1.725 0.0000e+00
-2.875 -1.675 0.0000e+00
-2.875 -1.625 0.0000e+00
-2.875 -1.575 0.0000e+00
-2.875 -1.525 0.0000e+00
-2.875 -1.475 0.0000e+00
-2.875 -1.425 0.0000e+00
-2.875 -1.375 0.0000e+00
-2.875 -1.325 0.0000e+00
-2.875 -1.275 0.0000e+00
-2.875 -1.225 0.0000e+00
-2.875 -1.175 0.0000e+00
-2.875 -1.125 0.0000e+00
-2.875 -1.075 0.0000e+00
-2.875 -1.025 0.0000e+00
-2.875 -0.975 0.0000e+00
-2.875 -0.925 0.0000e+00
-2.875 -0.875 0.0000e+00
-2.875 -0.825 0.0000e+00
-2.875 -0.775 0.0000e+00
-2.875 -0.725 0.0000e+00
-2.875 -0.675 0.0000e+00
-2.875 -0.625 0.0000e+00
-2.875 -0.575 0.0000e+00
-2.875 -0.525 0.0000e+00
-2.875 -0.475 0.0000e+00
-2.875 -0.425 0.0000e+00
-2.875 -0.375 0.0000e+00
-2.875 -0.325 0.0000e+00
-2.875 -0.275 0.0000e+00
-2.875 -0.225 0.0000e+00
-2.875 -0.175 0.0000e+00
-2.875 -0.125 0.0000e+00
-2.875 -0.075 0.0000e+00
-2.875 -0.025 0.0000e+00
-2.875 0.025 0.0000e+00
-2.875 0.075 0.0000e+00
-2.875 0.125 0.0000e+00
-2.875 0.175 0.0000e+00
-2.875 0.225 0.0000e+00
-2.875 0.275 0.0000e+00
-2.875 0.325 0.0000e+00
-2.875 0.375 0.0000e+00
-2.875 0.425 0.0000e+00
-2.875 0.475 0.0000e+00
-2.875 0.525 0.0000e+00
-2.875 0.575 0.0000e+00
-2.875 0.625 0.0000e+00
-2.875 0.675 0.0000e+00
-2.875 0.725 0.0000e+00
-2.875 0.775 2.0653e-09
-2.875 0.825 4.1227e-09
-2.875 0.875 8.2300e-09
-2.875 0.925 1.6430e-08
-2.875 0.975 3.2804e-08
-2.875 1.025 6.5500e-08
-2.875 1.075 1.3080e-07
-2.875 1.125 2.6122e-07
-2.875 1.175 5.2176e-07
-2.875 1.225 1.0423e-06
-2.875 1.275 2.0825e-06
-2.875 1.325 4.1618e-06
-2.875 1.375 8.3187e-06
-2.875 1.425 1.6632e-05
-2.875 1.475 3.3264e-05
-2.875 1.525 6.6549e-05
-2.875 1.575 1.3320e-04
-2.875 1.625 2.6671e-04
-2.875 1.675 5.3437e-04
-2.875 1.725 1.0713e-03
-2.875 1.775 2.1493e-03
-2.875 1.825 4.3158e-03
-2.875 1.875 8.6745e-03
-2.875 1.925 1.7455e-02
-2.875 1.975 3.5167e-02
-2.875 2.025 7.0948e-02
-2.875 2.075 1.4334e-01
-2.875 2.125 2.9004e-01
-2.875 2.175 5.8763e-01
-2.875 2.225 1.1918e+00
-2.875 2.275 2.4181e+00
-2.875 2.325 4.9031e+00
-2.875 2.375 9.9192e+00
-2.875 2.425 1.9974e+01
-2.875 2.475 3.9908e+01
-2.875 2.525 7.8780e+01
-2.875 2.575 1.5286e+02
-2.875 2.625 2.8972e+02
-2.875 2.675 5.3274e+02
-2.875 2.725 9.4341e+02
-2.875 2.775 1.5972e+03
-2.875 2.825 2.5676e+03
-2.875 2.875 3.8968e+03
-2.875 2.925 5.5603e+03
-2.875 2.975 7.4422e+03
-2.875 3.025 9.3414e+03
-2.875 3.075 1.1015e+04
-2.875 3.125 1.2244e+04
-2.875 3.175 1.2890e+04
-2.875 3.225 1.2926e+04
-2.875 3.275 1.2418e+04
-2.875 3.325 1.1499e+04
-2.875 3.375 1.0319e+04
-2.875 3.425 9.0208e+03
-2.875 3.475 7.7151e+03
-2.875 3.525 6.4796e+03
-2.875 3.575 5.3599e+03
-2.875 3.625 4.3760e+03
-2.875 3.675 3.5302e+03
-2.875 3.725 2.8121e+03
-2.875 3.775 2.1984e+03
-2.875 3.825 1.5839e+03
-2.875 3.875 0.0000e+00
-2.875 3.925 0.0000e+00
-2.875 3.975 0.0000e+00
-2.825 -1.975 0.0000e+00
-2.825 -1.925 0.0000e+00
-2.825 -1.875 0.0000e+00
-2.825 -1.825 0.0000e+00
-2.825 -1.775 0.0000e+00
-2.825 -1.725 0.0000e+00
-2.825 -1.675 0.0000e+00
-2.825 -1.625 0.0000e+00
-2.825 -1.575 0.0000e+00
-2.825 -1.525 0.0000e+00
-2.825 -1.475 0.0000e+00
-2.825 -1.425 0.0000e+00
-2.825 -1.375 0.0000e+00
-2.825 -1.325 0.0000e+00
-2.825 -1.275 0.0000e+00
-2.825 -1.225 0.0000e+00
-2.825 -1.175 0.0000e+00
-2.825 -1.125 0.0000e+00
-2.825 -1.075 0.0000e+00
-2.825 -1.025 0.0000e+00
-2.825 -0.975 0.0000e+00
-2.825 -0.925 0.0000e+00
-2.825 -0.875 0.0000e+00
-2.825 -0.825 0.0000e+00
-2.825 -0.775 0.0000e+00
-2.825 -0.725 0.0000e+00
-2.825 -0.675 0.0000e+00
-2.825 -0.625 0.0000e+00
-2.825 -0.575 0.0000e+00
-2.825 -0.525 0.0000e+00
-2.825 -0.475 0.0000e+00
-2.825 -0.425 0.0000e+00
-2.825 -0.375 0.0000e+00
-2.825 -0.325 0.0000e+00
-2.825 -0.275 0.0000e+00
-2.825 -0.225 0.0000e+00
-2.825 -0.175 0.0000e+00
-2.825 -0.125 0.0000e+00
-2.825 -0.075 0.0000e+00
-2.825 -0.025 0.0000e+00
-2.825 0.025 0.0000e+00
-2.825 0.075 0.0000e+00
-2.825 0.125 0.0000e+00
-2.825 0.175 0.0000e+00
-2.825 0.225 0.0000e+00
-2.825 0.275 0.0000e+00
-2.825 0.325 0.0000e+00
-2.825 0.375 0.0000e+00
-2.825 0.425 0.0000e+00
-2.825 0.475 0.0000e+00
-2.825 0.525 0.0000e+00
-2.825 0.575 0.0000e+00
-2.825 0.625 0.0000e+00
-2.825 0.675 0.0000e+00
-2.825 0.725 0.0000e+00
-2.825 0.775 2.6001e-09
-2.825 0.825 5.1903e-09
-2.825 0.875 1.0361e-08
-2.825 0.925 2.0686e-08
-2.825 0.975 4.1300e-08
-2.825 1.025 8.2466e-08
-2.825 1.075 1.6468e-07
-2.825 1.125 3.2890e-07
-2.825 1.175 6.5696e-07
-2.825 1.225 1.3124e-06
-2.825 1.275 2.6224e-06
-2.825 1.325 5.2410e-06
-2.825 1.375 1.0477e-05
-2.825 1.425 2.0949e-05
-2.825 1.475 4.1902e-05
-2.825 1.525 8.3845e-05
-2.825 1.575 1.6785e-04
-2.825 1.625 3.3618e-04
-2.825 1.675 6.7373e-04
-2.825 1.725 1.3511e-03
-2.825 1.775 2.7119e-03
-2.825 1.825 5.4482e-03
-2.825 1.875 1.0957e-02
-2.825 1.925 2.2062e-02
-2.825 1.975 4.4479e-02
-2.825 2.025 8.9798e-02
-2.825 2.075 1.8154e-01
-2.825 2.125 3.6748e-01
-2.825 2.175 7.4456e-01
-2.825 2.225 1.5090e+00
-2.825 2.275 3.0561e+00
-2.825 2.325 6.1746e+00
-2.825 2.375 1.2417e+01
-2.825 2.425 2.4773e+01
-2.825 2.475 4.8833e+01
-2.825 2.525 9.4613e+01
-2.825 2.575 1.7909e+02
-2.825 2.625 3.2890e+02
-2.825 2.675 5.8182e+02
-2.825 2.725 9.8423e+02
-2.825 2.775 1.5814e+03
-2.825 2.825 2.3997e+03
-2.825 2.875 3.4248e+03
-2.825 2.925 4.5865e+03
-2.825 2.975 5.7621e+03
-2.825 3.025 6.8029e+03
-2.825 3.075 7.5732e+03
-2.825 3.125 7.9871e+03
-2.825 3.175 8.0246e+03
-2.825 3.225 7.7256e+03
-2.825 3.275 7.1692e+03
-2.825 3.325 6.4483e+03
-2.825 3.375 5.6501e+03
-2.825 3.425 4.8441e+03
-2.825 3.475 4.0790e+03
-2.825 3.525 3.3838e+03
-2.825 3.575 2.7722e+03
-2.825 3.625 2.2464e+03
-2.825 3.675 1.8019e+03
-2.825 3.725 1.4291e+03
-2.825 3.775 1.1137e+03
-2.825 3.825 8.0047e+02
-2.825 3.875 0.0000e+00
-2.825 3.925 0.0000e+00
-2.825 3.975 0.0000e+00
-2.775 -1.975 0.0000e+00
-2.775 -1.925 0.0000e+00
-2.775 -1.875 0.0000e+00
-2.775 -1.825 0.0000e+00
-2.775 -1.775 0.0000e+00
-2.775 -1.725 0.0000e+00
-2.775 -1.675 0.0000e+00
-2.775 -1.625 0.0000e+00
-2.775 -1.575 0.0000e+00
-2.775 -1.525 0.0000e+00
-2.775 -1.475 0.0000e+00
-2.775 -1.425 0.0000e+00
-2.775 -1.375 0.0000e+00
-2.775 -1.325 0.0000e+00
-2.775 -1.275 0.0000e+00
-2.775 -1.225 0.0000e+00
-2.775 -1.175 0.0000e+00
-2.775 -1.125 0.0000e+00
-2.775 -1.075 0.0000e+00
-2.775 -1.025 0.0000e+00
-2.775 -0.975 0.0000e+00
-2.775 -0.925 0.0000e+00
-2.775 -0.875 0.0000e+00
-2.775 -0.825 0.0000e+00
-2.775 -0.775 0.0000e+00
-2.775 -0.725 0.0000e+00
-2.775 -0.675 0.0000e+00
-2.775 -0.625 0.0000e+00
-2.775 -0.575 0.0000e+00
-2.775 -0.525 0.0000e+00
-2.775 -0.475 0.0000e+00
-2.775 -0.425 0.0000e+00
-2.775 -0.375 0.0000e+00
-2.775 -0.325 0.0000e+00
-2.775 -0.275 0.0000e+00
-2.775 -0.225 0.0000e+00
-2.775 -0.175 0.0000e+00
-2.775 -0.125 0.0000e+00
-2.775 -0.075 0.0000e+00
-2.775 -0.025 0.0000e+00
-2.775 0.025 0.0000e+00
-2.775 0.075 0.0000e+00
-2.775 0.125 0.0000e+00
-2.775 0.175 0.0000e+00
-2.775 0.225 0.0000e+00
-2.775 0.275 0.0000e+00
-2.775 0.325 0.0000e+00
-2.775 0.375 0.0000e+00
-2.775 0.425 0.0000e+00
-2.775 0.475 0.0000e+00
-2.775 0.525 0.0000e+00
-2.775 0.575 0.0000e+00
-2.775 0.625 0.0000e+00
-2.775 0.675 0.0000e+00
-2.775 0.725 0.0000e+00
-2.775 0.775 3.2735e-09
-2.775 0.825 6.5345e-09
-2.775 0.875 1.3045e-08
-2.775 0.925 2.6043e-08
-2.775 0.975 5.1998e-08
-2.775 1.025 1.0383e-07
-2.775 1.075 2.0735e-07
-2.775 1.125 4.1412e-07
-2.775 1.175 8.2723e-07
-2.775 1.225 1.6527e-06
-2.775 1.275 3.3025e-06
-2.775 1.325 6.6006e-06
-2.775 1.375 1.3196e-05
-2.775 1.425 2.6389e-05
-2.775 1.475 5.2793e-05
-2.775 1.525 1.0566e-04
-2.775 1.575 2.1156e-04
-2.775 1.625 4.2385e-04
-2.775 1.675 8.4972e-04
-2.775 1.725 1.7048e-03
-2.775 1.775 3.4235e-03
-2.775 1.825 6.8816e-03
-2.775 1.875 1.3848e-02
-2.775 1.925 2.7903e-02
-2.775 1.975 5.6296e-02
-2.775 2.025 1.1373e-01
-2.775 2.075 2.3002e-01
-2.775 2.125 4.6561e-01
-2.775 2.175 9.4272e-01
-2.775 2.225 1.9071e+00
-2.775 2.275 3.8487e+00
-2.775 2.325 7.7298e+00
-2.775 2.375 1.5402e+01
-2.775 2.425 3.0319e+01
-2.775 2.475 5.8666e+01
-2.775 2.525 1.1090e+02
-2.775 2.575 2.0344e+02
-2.775 2.625 3.5952e+02
-2.775 2.675 6.0769e+02
-2.775 2.725 9.7590e+02
-2.775 2.775 1.4806e+03
-2.775 2.825 2.1133e+03
-2.775 2.875 2.8314e+03
-2.775 2.925 3.5599e+03
-2.775 2.975 4.2074e+03
-2.775 3.025 4.6901e+03
-2.775 3.075 4.9541e+03
-2.775 3.125 4.9859e+03
-2.775 3.175 4.8090e+03
-2.775 3.225 4.4713e+03
-2.775 3.275 4.0297e+03
-2.775 3.325 3.5381e+03
-2.775 3.375 3.0397e+03
-2.775 3.425 2.5652e+03
-2.775 3.475 2.1331e+03
-2.775 3.525 1.7521e+03
-2.775 3.575 1.4244e+03
-2.775 3.625 1.1474e+03
-2.775 3.675 9.1618e+02
-2.775 3.725 7.2416e+02
-2.775 3.775 5.6286e+02
-2.775 3.825 4.0381e+02
-2.775 3.875 0.0000e+00
-2.775 3.925 0.0000e+00
-2.775 3.975 0.0000e+00
-2.725 -1.975 0.0000e+00
-2.725 -1.925 0.0000e+00
-2.725 -1.875 0.0000e+00
-2.725 -1.825 0.0000e+00
-2.725 -1.775 0.0000e+00
-2.725 -1.725 0.0000e+00
-2.725 -1.675 0.0000e+00
-2.725 -1.625 0.0000e+00
-2.725 -1.575 0.0000e+00
-2.725 -1.525 0.0000e+00
-2.725 -1.475 0.0000e+00
-2.725 -1.425 0.0000e+00
-2.725 -1.375 0.0000e+00
-2.725 -1.325 0.0000e+00
-2.725 -1.275 0.0000e+00
-2.725 -1.225 0.0000e+00
-2.725 -1.175 0.0000e+00
-2.725 -1.125 0.0000e+00
-2.725 -1.075 0.0000e+00
-2.725 -1.025 0.0000e+00
-2.725 -0.975 0.0000e+00
-2.725 -0.925 0.0000e+00
-2.725 -0.875 0.0000e+00
-2.725 -0.825 0.0000e+00
-2.725 -0.775 0.0000e+00
-2.725 -0.725 0.0000e+00
-2.725 -0.675 0.0000e+00
-2.725 -0.625 0.0000e+00
-2.725 -0.575 0.0000e+00
-2.725 -0.525 0.0000e+00
-2.725 -0.475 0.0000e+00
-2.725 -0.425 0.0000e+00
-2.725 -0.375 0.0000e+00
-2.725 -0.325 0.0000e+00
-2.725 -0.275 0.0000e+00
-2.725 -0.225 0.0000e+00
-2.725 -0.175 0.0000e+00
-2.725 -0.125 0.0000e+00
-2.725 -0.075 0.0000e+00
-2.725 -0.025 0.0000e+00
-2.725 0.025 0.0000e+00
-2.725 0.075 0.0000e+00
-2.725 0.125 0.0000e+00
-2.725 0.175 0.0000e+00
-2.725 0.225 0.0000e+00
-2.725 0.275 0.0000e+00
-2.725 0.325 0.0000e+00
-2.725 0.375 0.0000e+00
-2.725 0.425 0.0000e+00
-2.725 0.475 0.0000e+00
-2.725 0.525 0.0000e+00
-2.725 0.575 0.0000e+00
-2.725 0.625 0.0000e+00
-2.725 0.675 0.0000e+00
-2.725 0.725 0.0000e+00
-2.725 0.775 4.1212e-09
-2.725 0.825 8.2268e-09
-2.725 0.875 1.6423e-08
-2.725 0.925 3.2789e-08
-2.725 0.975 6.5468e-08
-2.725 1.025 1.3073e-07
-2.725 1.075 2.6108e-07
-2.725 1.125 5.2146e-07
-2.725 1.175 1.0417e-06
-2.725 1.225 2.0813e-06
-2.725 1.275 4.1592e-06
-2.725 1.325 8.3138e-06
-2.725 1.375 1.6623e-05
-2.725 1.425 3.3248e-05
-2.725 1.475 6.6526e-05
-2.725 1.525 1.3317e-04
-2.725 1.575 2.6673e-04
-2.725 1.625 5.3457e-04
-2.725 1.675 1.0721e-03
-2.725 1.725 2.1521e-03
-2.725 1.775 4.3241e-03
-2.725 1.825 8.6977e-03
-2.725 1.875 1.7515e-02
-2.725 1.925 3.5316e-02
-2.725 1.975 7.1297e-02
-2.725 2.025 1.4409e-01
-2.725 2.075 2.9144e-01
-2.725 2.125 5.8953e-01
-2.725 2.175 1.1914e+00
-2.725 2.225 2.4018e+00
-2.725 2.275 4.8184e+00
-2.725 2.325 9.5893e+00
-2.725 2.375 1.8854e+01
-2.725 2.425 3.6436e+01
-2.725 2.475 6.8796e+01
-2.725 2.525 1.2606e+02
-2.725 2.575 2.2256e+02
-2.725 2.625 3.7591e+02
-2.725 2.675 6.0336e+02
-2.725 2.725 9.1516e+02
-2.725 2.775 1.3063e+03
-2.725 2.825 1.7509e+03
-2.725 2.875 2.2028e+03
-2.725 2.925 2.6060e+03
-2.725 2.975 2.9084e+03
-2.725 3.025 3.0763e+03
-2.725 3.075 3.1008e+03
-2.725 3.125 2.9957e+03
-2.725 3.175 2.7901e+03
-2.725 3.225 2.5189e+03
-2.725 3.275 2.2156e+03
-2.725 3.325 1.9070e+03
-2.725 3.375 1.6123e+03
-2.725 3.425 1.3434e+03
-2.725 3.475 1.1058e+03
-2.725 3.525 9.0113e+02
-2.725 3.575 7.2807e+02
-2.725 3.625 5.8373e+02
-2.725 3.675 4.6442e+02
-2.725 3.725 3.6608e+02
-2.725 3.775 2.8397e+02
-2.725 3.825 2.0343e+02
-2.725 3.875 0.0000e+00
-2.725 3.925 0.0000e+00
-2.725 3.975 0.0000e+00
-2.675 -1.975 0.0000e+00
-2.675 -1.925 0.0000e+00
-2.675 -1.875 0.0000e+00
-2.675 -1.825 0.0000e+00
-2.675 -1.775 0.0000e+00
-2.675 -1.725 0.0000e+00
-2.675 -1.675 0.0000e+00
-2.675 -1.625 0.0000e+00
-2.675 -1.575 0.0000e+00
-2.675 -1.525 0.0000e+00
-2.675 -1.475 0.0000e+00
-2.675 -1.425 0.0000e+00
-2.675 -1.375 0.0000e+00
-2.675 -1.325 0.0000e+00
-2.675 -1.275 0.0000e+00
-2.675 -1.225 0.0000e+00
-2.675 -1.175 0.0000e+00
-2.675 -1.125 0.0000e+00
-2.675 -1.075 0.0000e+00
-2.675 -1.025 0.0000e+00
-2.675 -0.975 0.0000e+00
-2.675 -0.925 0.0000e+00
-2.675 -0.875 0.0000e+00
-2.675 -0.825 0.0000e+00
-2.675 -0.775 0.0000e+00
-2.675 -0.725 0.0000e+00
-2.675 -0.675 0.0000e+00
-2.675 -0.625 0.0000e+00
-2.675 -0.575 0.0000e+00
-2.675 -0.525 0.0000e+00
-2.675 -0.475 0.0000e+00
-2.675 -0.425 0.0000e+00
-2.675 -0.375 0.0000e+00
-2.675 -0.325 0.0000e+00
-2.675 -0.275 0.0000e+00
-2.675 -0.225 0.0000e+00
-2.675 -0.175 0.0000e+00
-2.675 -0.125 0.0000e+00
-2.675 -0.075 0.0000e+00
-2.675 -0.025 0.0000e+00
-2.675 0.025 0.0000e+00
-2.675 0.075 0.0000e+00
-2.675 0.125 0.0000e+00
-2.675 0.175 0.0000e+00
-2.675 0.225 0.0000e+00
-2.675 0.275 0.0000e+00
-2.675 0.325 0.0000e+00
-2.675 0.375 0.0000e+00
-2.675 0.425 0.0000e+00
-2.675 0.475 0.0000e+00
-2.675 0.525 0.0000e+00
-2.675 0.575 0.0000e+00
-2.675 0.625 0.0000e+00
-2.675 0.675 0.0000e+00
-2.675 0.725 0.0000e+00
-2.675 0.775 5.1886e-09
-2.675 0.825 1.0358e-08
-2.675 0.875 2.0678e-08
-2.675 0.925 4.1283e-08
-2.675 0.975 8.2430e-08
-2.675 1.025 1.6461e-07
-2.675 1.075 3.2874e-07
-2.675 1.125 6.5664e-07
-2.675 1.175 1.3118e-06
-2.675 1.225 2.6212e-06
-2.675 1.275 5.2387e-06
-2.675 1.325 1.0473e-05
-2.675 1.375 2.0943e-05
-2.675 1.425 4.1897e-05
-2.675 1.475 8.3851e-05
-2.675 1.525 1.6790e-04
-2.675 1.575 3.3641e-04
-2.675 1.625 6.7450e-04
-2.675 1.675 1.3534e-03
-2.675 1.725 2.7183e-03
-2.675 1.775 5.4653e-03
-2.675 1.825 1.1001e-02
-2.675 1.875 2.2168e-02
-2.675 1.925 4.4727e-02
-2.675 1.975 9.0333e-02
-2.675 2.025 1.8257e-01
-2.675 2.075 3.6900e-01
-2.675 2.125 7.4509e-01
-2.675 2.175 1.5006e+00
-2.675 2.225 3.0072e+00
-2.675 2.275 5.9782e+00
-2.675 2.325 1.1741e+01
-2.675 2.375 2.2664e+01
-2.675 2.425 4.2745e+01
-2.675 2.475 7.8244e+01
-2.675 2.525 1.3802e+02
-2.675 2.575 2.3295e+02
-2.675 2.625 3.7371e+02
-2.675 2.675 5.6668e+02
-2.675 2.725 8.0890e+02
-2.675 2.775 1.0845e+03
-2.675 2.825 1.3653e+03
-2.675 2.875 1.6164e+03
-2.675 2.925 1.8059e+03
-2.675 2.975 1.9125e+03
-2.675 3.025 1.9304e+03
-2.675 3.075 1.8676e+03
-2.675 3.125 1.7421e+03
-2.675 3.175 1.5752e+03
-2.675 3.225 1.3877e+03
-2.675 3.275 1.1963e+03
-2.675 3.325 1.0131e+03
-2.675 3.375 8.4552e+02
-2.675 3.425 6.9722e+02
-2.675 3.475 5.6928e+02
-2.675 3.525 4.6099e+02
-2.675 3.575 3.7063e+02
-2.675 3.625 2.9604e+02
-2.675 3.675 2.3486e+02
-2.675 3.725 1.8473e+02
-2.675 3.775 1.4307e+02
-2.675 3.825 1.0237e+02
-2.675 3.875 0.0000e+00
-2.675 3.925 0.0000e+00
-2.675 3.975 0.0000e+00
-2.625 -1.975 0.0000e+00
-2.625 -1.925 0.0000e+00
-2.625 -1.875 0.0000e+00
-2.625 -1.825 0.0000e+00
-2.625 -1.775 0.0000e+00
-2.625 -1.725 0.0000e+00
-2.625 -1.675 0.0000e+00
-2.625 -1.625 0.0000e+00
-2.625 -1.575 0.0000e+00
-2.625 -1.525 0.0000e+00
-2.625 -1.475 0.0000e+00
-2.625 -1.425 0.0000e+00
-2.625 -1.375 0.0000e+00
-2.625 -1.325 0.0000e+00
-2.625 -1.275 0.0000e+00
-2.625 -1.225 0.0000e+00
-2.625 -1.175 0.0000e+00
-2.625 -1.125 0.0000e+00
-2.625 -1.075 0.0000e+00
-2.625 -1.025 0.0000e+00
-2.625 -0.975 0.0000e+00
-2.625 -0.925 0.0000e+00
-2.625 -0.875 0.0000e+00
-2.625 -0.825 0.0000e+00
-2.625 -0.775 0.0000e+00
-2.625 -0.725 0.0000e+00
-2.625 -0.675 0.0000e+00
-2.625 -0.625 0.0000e+00
-2.625 -0.575 0.0000e+00
-2.625 -0.525 0.0000e+00
-2.625 -0.475 0.0000e+00
-2.625 -0.425 0.0000e+00
-2.625 -0.375 0.0000e+00
-2.625 -0.325 0.0000e+00
-2.625 -0.275 0.0000e+00
-2.625 -0.225 0.0000e+00
-2.625 -0.175 0.0000e+00
-2.625 -0.125 0.0000e+00
-2.625 -0.075 0.0000e+00
-2.625 -0.025 0.0000e+00
-2.625 0.025 0.0000e+00
-2.625 0.075 0.0000e+00
-2.625 0.125 0.0000e+00
-2.625 0.175 0.0000e+00
-2.625 0.225 0.0000e+00
-2.625 0.275 0.0000e+00
-2.625 0.325 0.0000e+00
-2.625 0.375 0.0000e+00
-2.625 0.425 0.0000e+00
-2.625 0.475 0.0000e+00
-2.625 0.525 0.0000e+00
-2.625 0.575 0.0000e+00
-2.625 0.625 0.0000e+00
-2.625 0.675 0.0000e+00
-2.625 0.725 0.0000e+00
-2.625 0.775 6.5325e-09
-2.625 0.825 1.3041e-08
-2.625 0.875 2.6034e-08
-2.625 0.925 5.1979e-08
-2.625 0.975 1.0379e-07
-2.625 1.025 2.0727e-07
-2.625 1.075 4.1396e-07
-2.625 1.125 8.2692e-07
-2.625 1.175 1.6521e-06
-2.625 1.225 3.3015e-06
-2.625 1.275 6.5992e-06
-2.625 1.325 1.3195e-05
-2.625 1.375 2.6391e-05
-2.625 1.425 5.2808e-05
-2.625 1.475 1.0572e-04
-2.625 1.525 2.1176e-04
-2.625 1.575 4.2446e-04
-2.625 1.625 8.5146e-04
-2.625 1.675 1.7095e-03
-2.625 1.725 3.4357e-03
-2.625 1.775 6.9124e-03
-2.625 1.825 1.3923e-02
-2.625 1.875 2.8075e-02
-2.625 1.925 5.6668e-02
-2.625 1.975 1.1445e-01
-2.625 2.025 2.3116e-01
-2.625 2.075 4.6637e-01
-2.625 2.125 9.3842e-01
-2.625 2.175 1.8789e+00
-2.625 2.225 3.7314e+00
-2.625 2.275 7.3206e+00
-2.625 2.325 1.4117e+01
-2.625 2.375 2.6598e+01
-2.625 2.425 4.8642e+01
-2.625 2.475 8.5730e+01
-2.625 2.525 1.4459e+02
-2.625 2.575 2.3185e+02
-2.625 2.625 3.5149e+02
-2.625 2.675 5.0172e+02
-2.625 2.725 6.7283e+02
-2.625 2.775 8.4743e+02
-2.625 2.825 1.0041e+03
-2.625 2.875 1.1228e+03
-2.625 2.925 1.1904e+03
-2.625 2.975 1.2029e+03
-2.625 3.025 1.1653e+03
-2.625 3.075 1.0885e+03
-2.625 3.125 9.8559e+02
-2.625 3.175 8.6947e+02
-2.625 3.225 7.5061e+02
-2.625 3.275 6.3656e+02
-2.625 3.325 5.3200e+02
-2.625 3.375 4.3935e+02
-2.625 3.425 3.5930e+02
-2.625 3.475 2.9146e+02
-2.625 3.525 2.3483e+02
-2.625 3.575 1.8806e+02
-2.625 3.625 1.4976e+02
-2.625 3.675 1.1854e+02
-2.625 3.725 9.3084e+01
-2.625 3.775 7.1999e+01
-2.625 3.825 5.1470e+01
-2.625 3.875 0.0000e+00
-2.625 3.925 0.0000e+00
-2.625 3.975 0.0000e+00
-2.575 -1.975 0.0000e+00
-2.575 -1.925 0.0000e+00
-2.575 -1.875 0.0000e+00
-2.575 -1.825 0.0000e+00
-2.575 -1.775 0.0000e+00
-2.575 -1.725 0.0000e+00
-2.575 -1.675 0.0000e+00
-2.575 -1.625 0.0000e+00
-2.575 -1.575 0.0000e+00
-2.575 -1.525 0.0000e+00
-2.575 -1.475 0.0000e+00
-2.575 -1.425 0.0000e+00
-2.575 -1.375 0.0000e+00
-2.575 -1.325 0.0000e+00
-2.575 -1.275 0.0000e+00
-2.575 -1.225 0.0000e+00
-2.575 -1.175 0.0000e+00
-2.575 -1.125 0.0000e+00
-2.575 -1.075 0.0000e+00
-2.575 -1.025 0.0000e+00
-2.575 -0.975 0.0000e+00
-2.575 -0.925 0.0000e+00
-2.575 -0.875 0.0000e+00
-2.575 -0.825 0.0000e+00
-2.575 -0.775 0.0000e+00
-2.575 -0.725 0.0000e+00
-2.575 -0.675 0.0000e+00
-2.575 -0.625 0.0000e+00
-2.575 -0.575 0.0000e+00
-2.575 -0.525 0.0000e+00
-2.575 -0.475 0.0000e+00
-2.575 -0.425 0.0000e+00
-2.575 -0.375 0.0000e+00
-2.575 -0.325 0.0000e+00
-2.575 -0.275 0.0000e+00
-2.575 -0.225 0.0000e+00
-2.575 -0.175 0.0000e+00
-2.575 -0.125 0.0000e+00
-2.575 -0.075 0.0000e+00
-2.575 -0.025 0.0000e+00
-2.575 0.025 0.0000e+00
-2.575 0.075 0.0000e+00
-2.575 0.125 0.0000e+00
-2.575 0.175 0.0000e+00
-2.575 0.225 0.0000e+00
-2.575 0.275 0.0000e+00
-2.575 0.325 0.0000e+00
-2.575 0.375 0.0000e+00
-2.575 0.425 0.0000e+00
-2.575 0.475 0.0000e+00
-2.575 0.525 0.0000e+00
-2.575 0.575 0.0000e+00
-2.575 0.625 0.0000e+00
-2.575 0.675 0.0000e+00
-2.575 0.725 0.0000e+00
-2.575 0.775 8.2246e-09
-2.575 0.825 1.6419e-08
-2.575 0.875 3.2779e-08
-2.575 0.925 6.5448e-08
-2.575 0.975 1.3069e-07
-2.575 1.025 2.6100e-07
-2.575 1.075 5.2131e-07
-2.575 1.125 1.0414e-06
-2.575 1.175 2.0809e-06
-2.575 1.225 4.1589e-06
-2.575 1.275 8.3143e-06
-2.575 1.325 1.6627e-05
-2.575 1.375 3.3264e-05
-2.575 1.425 6.6580e-05
-2.575 1.475 1.3334e-04
-2.575 1.525 2.6719e-04
-2.575 1.575 5.3583e-04
-2.575 1.625 1.0755e-03
-2.575 1.675 2.1607e-03
-2.575 1.725 4.3454e-03
-2.575 1.775 8.7487e-03
-2.575 1.825 1.7633e-02
-2.575 1.875 3.5571e-02
-2.575 1.925 7.1800e-02
-2.575 1.975 1.4492e-01
-2.575 2.025 2.9216e-01
-2.575 2.075 5.8740e-01
-2.575 2.125 1.1751e+00
-2.575 2.175 2.3316e+00
-2.575 2.225 4.5700e+00
-2.575 2.275 8.8043e+00
-2.575 2.325 1.6573e+01
-2.575 2.375 3.0283e+01
-2.575 2.425 5.3331e+01
-2.575 2.475 8.9892e+01
-2.575 2.525 1.4407e+02
-2.575 2.575 2.1836e+02
-2.575 2.625 3.1168e+02
-2.575 2.675 4.1806e+02
-2.575 2.725 5.2677e+02
-2.575 2.775 6.2453e+02
-2.575 2.825 6.9895e+02
-2.575 2.875 7.4174e+02
-2.575 2.925 7.5037e+02
-2.575 2.975 7.2776e+02
-2.575 3.025 6.8057e+02
-2.575 3.075 6.1700e+02
-2.575 3.125 5.4497e+02
-2.575 3.175 4.7105e+02
-2.575 3.225 3.9997e+02
-2.575 3.275 3.3469e+02
-2.575 3.325 2.7675e+02
-2.575 3.375 2.2663e+02
-2.575 3.425 1.8410e+02
-2.575 3.475 1.4857e+02
-2.575 3.525 1.1922e+02
-2.575 3.575 9.5183e+01
-2.575 3.625 7.5618e+01
-2.575 3.675 5.9747e+01
-2.575 3.725 4.6851e+01
-2.575 3.775 3.6202e+01
-2.575 3.825 2.5862e+01
-2.575 3.875 0.0000e+00
-2.575 3.925 0.0000e+00
-2.575 3.975 0.0000e+00
-2.525 -1.975 0.0000e+00
-2.525 -1.925 0.0000e+00
-2.525 -1.875 0.0000e+00
-2.525 -1.825 0.0000e+00
-2.525 -1.775 0.0000e+00
-2.525 -1.725 0.0000e+00
-2.525 -1.675 0.0000e+00
-2.525 -1.625 0.0000e+00
-2.525 -1.575 0.0000e+00
-2.525 -1.525 0.0000e+00
-2.525 -1.475 0.0000e+00
-2.525 -1.425 0.0000e+00
-2.525 -1.375 0.0000e+00
-2.525 -1.325 0.0000e+00
-2.525 -1.275 0.0000e+00
-2.525 -1.225 0.0000e+00
-2.525 -1.175 0.0000e+00
-2.525 -1.125 0.0000e+00
-2.525 -1.075 0.0000e+00
-2.525 -1.025 0.0000e+00
-2.525 -0.975 0.0000e+00
-2.525 -0.925 0.0000e+00
-2.525 -0.875 0.0000e+00
-2.525 -0.825 0.0000e+00
-2.525 -0.775 0.0000e+00
-2.525 -0.725 0.0000e+00
-2.525 -0.675 0.0000e+00
-2.525 -0.625 0.0000e+00
-2.525 -0.575 0.0000e+00
-2.525 -0.525 0.0000e+00
-2.525 -0.475 0.0000e+00
-2.525 -0.425 0.0000e+00
-2.525 -0.375 0.0000e+00
-2.525 -0.325 0.0000e+00
-2.525 -0.275 0.0000e+00
-2.525 -0.225 0.0000e+00
-2.525 -0.175 0.0000e+00
-2.525 -0.125 0.0000e+00
-2.525 -0.075 0.0000e+00
-2.525 -0.025 0.0000e+00
-2.525 0.025 0.0000e+00
-2.525 0.075 0.0000e+00
-2.525 0.125 0.0000e+00
-2.525 0.175 0.0000e+00
-2.525 0.225 0.0000e+00
-2.525 0.275 0.0000e+00
-2.525 0.325 0.0000e+00
-2.525 0.375 0.0000e+00
-2.525 0.425 0.0000e+00
-2.525 0.475 0.0000e+00
-2.525 0.525 0.0000e+00
-2.525 0.575 0.0000e+00
-2.525 0.625 0.0000e+00
-2.525 0.675 0.0000e+00
-2.525 0.725 0.0000e+00
-2.525 0.775 1.0355e-08
-2.525 0.825 2.0672e-08
-2.525 0.875 4.1273e-08
-2.525 0.925 8.2411e-08
-2.525 0.975 1.6457e-07
-2.525 1.025 3.2868e-07
-2.525 1.075 6.5655e-07
-2.525 1.125 1.3117e-06
-2.525 1.175 2.6213e-06
-2.525 1.225 5.2398e-06
-2.525 1.275 1.0477e-05
-2.525 1.325 2.0957e-05
-2.525 1.375 4.1939e-05
-2.525 1.425 8.3972e-05
-2.525 1.475 1.6824e-04
-2.525 1.525 3.3730e-04
-2.525 1.575 6.7680e-04
-2.525 1.625 1.3593e-03
-2.525 1.675 2.7327e-03
-2.525 1.725 5.4997e-03
-2.525 1.775 1.1080e-02
-2.525 1.825 2.2340e-02
-2.525 1.875 4.5069e-02
-2.525 1.925 9.0910e-02
-2.525 1.975 1.8316e-01
-2.525 2.025 3.6799e-01
-2.525 2.075 7.3558e-01
-2.525 2.125 1.4583e+00
-2.525 2.175 2.8560e+00
-2.525 2.225 5.4975e+00
-2.525 2.275 1.0340e+01
-2.525 2.325 1.8878e+01
-2.525 2.375 3.3222e+01
-2.525 2.425 5.5965e+01
-2.525 2.475 8.9658e+01
-2.525 2.525 1.3585e+02
-2.525 2.575 1.9390e+02
-2.525 2.625 2.6013e+02
-2.525 2.675 3.2789e+02
-2.525 2.725 3.8896e+02
-2.525 2.775 4.3563e+02
-2.525 2.825 4.6269e+02
-2.525 2.875 4.6852e+02
-2.525 2.925 4.5487e+02
-2.525 2.975 4.2583e+02
-2.525 3.025 3.8647e+02
-2.525 3.075 3.4173e+02
-2.525 3.125 2.9570e+02
-2.525 3.175 2.5135e+02
-2.525 3.225 2.1055e+02
-2.525 3.275 1.7429e+02
-2.525 3.325 1.4289e+02
-2.525 3.375 1.1622e+02
-2.525 3.425 9.3909e+01
-2.525 3.475 7.5471e+01
-2.525 3.525 6.0366e+01
-2.525 3.575 4.8076e+01
-2.525 3.625 3.8122e+01
-2.525 3.675 3.0078e+01
-2.525 3.725 2.3561e+01
-2.525 3.775 1.8191e+01
-2.525 3.825 1.2987e+01
-2.525 3.875 0.0000e+00
-2.525 3.925 0.0000e+00
-2.525 3.975 0.0000e+00
-2.475 -1.975 0.0000e+00
-2.475 -1.925 0.0000e+00
-2.475 -1.875 0.0000e+00
-2.475 -1.825 0.0000e+00
-2.475 -1.775 0.0000e+00
-2.475 -1.725 0.0000e+00
-2.475 -1.675 0.0000e+00
-2.475 -1.625 0.0000e+00
-2.475 -1.575 0.0000e+00
-2.475 -1.525 0.0000e+00
-2.475 -1.475 0.0000e+00
-2.475 -1.425 0.0000e+00
-2.475 -1.375 0.0000e+00
-2.475 -1.325 0.0000e+00
-2.475 -1.275 0.0000e+00
-2.475 -1.225 0.0000e+00
-2.475 -1.175 0.0000e+00
-2.475 -1.125 0.0000e+00
-2.475 -1.075 0.0000e+00
-2.475 -1.025 0.0000e+00
-2.475 -0.975 0.0000e+00
-2.475 -0.925 0.0000e+00
-2.475 -0.875 0.0000e+00
-2.475 -0.825 0.0000e+00
-2.475 -0.775 0.0000e+00
-2.475 -0.725 0.0000e+00
-2.475 -0.675 0.0000e+00
-2.475 -0.625 0.0000e+00
-2.475 -0.575 0.0000e+00
-2.475 -0.525 0.0000e+00
-2.475 -0.475 0.0000e+00
-2.475 -0.425 0.0000e+00
-2.475 -0.375 0.0000e+00
-2.475 -0.325 0.0000e+00
-2.475 -0.275 0.0000e+00
-2.475 -0.225 0.0000e+00
-2.475 -0.175 0.0000e+00
-2.475 -0.125 0.0000e+00
-2.475 -0.075 0.0000e+00
-2.475 -0.025 0.0000e+00
-2.475 0.025 0.0000e+00
-2.475 0.075 0.0000e+00
-2.475 0.125 0.0000e+00
-2.475 0.175 0.0000e+00
-2.475 0.225 0.0000e+00
-2.475 0.275 0.0000e+00
-2.475 0.325 0.0000e+00
-2.475 0.375 0.0000e+00
-2.475 0.425 0.0000e+00
-2.475 0.475 0.0000e+00
-2.475 0.525 0.0000e+00
-2.475 0.575 0.0000e+00
-2.475 0.625 0.0000e+00
-2.475 0.675 0.0000e+00
-2.475 0.725 0.0000e+00
-2.475 0.775 1.3038e-08
-2.475 0.825 2.6029e-08
-2.475 0.875 5.1970e-08
-2.475 0.925 1.0377e-07
-2.475 0.975 2.0725e-07
-2.475 1.025 4.1395e-07
-2.475 1.075 8.2696e-07
-2.475 1.125 1.6524e-06
-2.475 1.175 3.3026e-06
-2.475 1.225 6.6028e-06
-2.475 1.275 1.3206e-05
-2.475 1.325 2.6423e-05
-2.475 1.375 5.2895e-05
-2.475 1.425 1.0595e-04
-2.475 1.475 2.1237e-04
-2.475 1.525 4.2603e-04
-2.475 1.575 8.5540e-04
-2.475 1.625 1.7192e-03
-2.475 1.675 3.4587e-03
-2.475 1.725 6.9650e-03
-2.475 1.775 1.4038e-02
-2.475 1.825 2.8306e-02
-2.475 1.875 5.7065e-02
-2.475 1.925 1.1490e-01
-2.475 1.975 2.3070e-01
-2.475 2.025 4.6084e-01
-2.475 2.075 9.1296e-01
-2.475 2.125 1.7866e+00
-2.475 2.175 3.4363e+00
-2.475 2.225 6.4581e+00
-2.475 2.275 1.1782e+01
-2.475 2.325 2.0722e+01
-2.475 2.375 3.4888e+01
-2.475 2.425 5.5870e+01
-2.475 2.475 8.4634e+01
-2.475 2.525 1.2079e+02
-2.475 2.575 1.6207e+02
-2.475 2.625 2.0436e+02
-2.475 2.675 2.4254e+02
-2.475 2.725 2.7181e+02
-2.475 2.775 2.8892e+02
-2.475 2.825 2.9281e+02
-2.475 2.875 2.8454e+02
-2.475 2.925 2.6662e+02
-2.475 2.975 2.4221e+02
-2.475 3.025 2.1438e+02
-2.475 3.075 1.8568e+02
-2.475 3.125 1.5798e+02
-2.475 3.175 1.3246e+02
-2.475 3.225 1.0976e+02
-2.475 3.275 9.0066e+01
-2.475 3.325 7.3328e+01
-2.475 3.375 5.9318e+01
-2.475 3.425 4.7729e+01
-2.475 3.475 3.8231e+01
-2.475 3.525 3.0502e+01
-2.475 3.575 2.4244e+01
-2.475 3.625 1.9195e+01
-2.475 3.675 1.5128e+01
-2.475 3.725 1.1840e+01
-2.475 3.775 9.1357e+00
-2.475 3.825 6.5195e+00
-2.475 3.875 0.0000e+00
-2.475 3.925 0.0000e+00
-2.475 3.975 0.0000e+00
-2.425 -1.975 0.0000e+00
-2.425 -1.925 0.0000e+00
-2.425 -1.875 0.0000e+00
-2.425 -1.825 0.0000e+00
-2.425 -1.775 0.0000e+00
-2.425 -1.725 0.0000e+00
-2.425 -1.675 0.0000e+00
-2.425 -1.625 0.0000e+00
-2.425 -1.575 0.0000e+00
-2.425 -1.525 0.0000e+00
-2.425 -1.475 0.0000e+00
-2.425 -1.425 0.0000e+00
-2.425 -1.375 0.0000e+00
-2.425 -1.325 0.0000e+00
-2.425 -1.275 0.0000e+00
-2.425 -1.225 0.0000e+00
-2.425 -1.175 0.0000e+00
-2.425 -1.125 0.0000e+00
-2.425 -1.075 0.0000e+00
-2.425 -1.025 0.0000e+00
-2.425 -0.975 0.0000e+00
-2.425 -0.925 0.0000e+00
-2.425 -0.875 0.0000e+00
-2.425 -0.825 0.0000e+00
-2.425 -0.775 0.0000e+00
-2.425 -0.725 0.0000e+00
-2.425 -0.675 0.0000e+00
-2.425 -0.625 0.0000e+00
-2.425 -0.575 0.0000e+00
-2.425 -0.525 0.0000e+00
-2.425 -0.475 0.0000e+00
-2.425 -0.425 0.0000e+00
-2.425 -0.375 0.0000e+00
-2.425 -0.325 0.0000e+00
-2.425 -0.275 0.0000e+00
-2.425 -0.225 0.0000e+00
-2.425 -0.175 0.0000e+00
-2.425 -0.125 0.0000e+00
-2.425 -0.075 0.0000e+00
-2.425 -0.025 0.0000e+00
-2.425 0.025 0.0000e+00
-2.425 0.075 0.0000e+00
-2.425 0.125 0.0000e+00
-2.425 0.175 0.0000e+00
-2.425 0.225 0.0000e+00
-2.425 0.275 0.0000e+00
-2.425 0.325 0.0000e+00
-2.425 0.375 0.0000e+00
-2.425 0.425 0.0000e+00
-2.425 0.475 0.0000e+00
-2.425 0.525 0.0000e+00
-2.425 0.575 0.0000e+00
-2.425 0.625 0.0000e+00
-2.425 0.675 0.0000e+00
-2.425 0.725 0.0000e+00
-2.425 0.775 1.6416e-08
-2.425 0.825 3.2775e-08
-2.425 0.875 6.5443e-08
-2.425 0.925 1.3069e-07
-2.425 0.975 2.6101e-07
-2.425 1.025 5.2138e-07
-2.425 1.075 1.0417e-06
-2.425 1.125 2.0818e-06
-2.425 1.175 4.1617e-06
-2.425 1.225 8.3224e-06
-2.425 1.275 1.6649e-05
-2.425 1.325 3.3325e-05
-2.425 1.375 6.6740e-05
-2.425 1.425 1.3375e-04
-2.425 1.475 2.6825e-04
-2.425 1.525 5.3846e-04
-2.425 1.575 1.0819e-03
-2.425 1.625 2.1758e-03
-2.425 1.675 4.3802e-03
-2.425 1.725 8.8245e-03
-2.425 1.775 1.7786e-02
-2.425 1.825 3.5840e-02
-2.425 1.875 7.2126e-02
-2.425 1.925 1.4473e-01
-2.425 1.975 2.8892e-01
-2.425 2.025 5.7201e-01
-2.425 2.075 1.1186e+00
-2.425 2.125 2.1500e+00
-2.425 2.175 4.0379e+00
-2.425 2.225 7.3618e+00
-2.425 2.275 1.2940e+01
-2.425 2.325 2.1775e+01
-2.425 2.375 3.4858e+01
-2.425 2.425 5.2793e+01
-2.425 2.475 7.5344e+01
-2.425 2.525 1.0110e+02
-2.425 2.575 1.2752e+02
-2.425 2.625 1.5141e+02
-2.425 2.675 1.6978e+02
-2.425 2.725 1.8058e+02
-2.425 2.775 1.8315e+02
-2.425 2.825 1.7812e+02
-2.425 2.875 1.6705e+02
-2.425 2.925 1.5189e+02
-2.425 2.975 1.3455e+02
-2.425 3.025 1.1663e+02
-2.425 3.075 9.9318e+01
-2.425 3.125 8.3346e+01
-2.425 3.175 6.9115e+01
-2.425 3.225 5.6763e+01
-2.425 3.275 4.6254e+01
-2.425 3.325 3.7451e+01
-2.425 3.375 3.0164e+01
-2.425 3.425 2.4189e+01
-2.425 3.475 1.9324e+01
-2.425 3.525 1.5386e+01
-2.425 3.575 1.2210e+01
-2.425 3.625 9.6561e+00
-2.425 3.675 7.6030e+00
-2.425 3.725 5.9466e+00
-2.425 3.775 4.5861e+00
-2.425 3.825 0.0000e+00
-2.425 3.875 0.0000e+00
-2.425 3.925 0.0000e+00
-2.425 3.975 0.0000e+00
-2.375 -1.975 0.0000e+00
-2.375 -1.925 0.0000e+00
-2.375 -1.875 0.0000e+00
-2.375 -1.825 0.0000e+00
-2.375 -1.775 0.0000e+00
-2.375 -1.725 0.0000e+00
-2.375 -1.675 0.0000e+00
-2.375 -1.625 0.0000e+00
-2.375 -1.575 0.0000e+00
-2.375 -1.525 0.0000e+00
-2.375 -1.475 0.0000e+00
-2.375 -1.425 0.0000e+00
-2.375 -1.375 0.0000e+00
-2.375 -1.325 0.0000e+00
-2.375 -1.275 0.0000e+00
-2.375 -1.225 0.0000e+00
-2.375 -1.175 0.0000e+00
-2.375 -1.125 0.0000e+00
-2.375 -1.075 0.0000e+00
-2.375 -1.025 0.0000e+00
-2.375 -0.975 0.0000e+00
-2.375 -0.925 0.0000e+00
-2.375 -0.875 0.0000e+00
-2.375 -0.825 0.0000e+00
-2.375 -0.775 0.0000e+00
-2.375 -0.725 0.0000e+00
-2.375 -0.675 0.0000e+00
-2.375 -0.625 0.0000e+00
-2.375 -0.575 0.0000e+00
-2.375 -0.525 0.0000e+00
-2.375 -0.475 0.0000e+00
-2.375 -0.425 0.0000e+00
-2.375 -0.375 0.0000e+00
-2.375 -0.325 0.0000e+00
-2.375 -0.275 0.0000e+00
-2.375 -0.225 0.0000e+00
-2.375 -0.175 0.0000e+00
-2.375 -0.125 0.0000e+00
-2.375 -0.075 0.0000e+00
-2.375 -0.025 0.0000e+00
-2.375 0.025 0.0000e+00
-2.375 0.075 0.0000e+00
-2.375 0.125 0.0000e+00
-2.375 0.175 0.0000e+00
-2.375 0.225 0.0000e+00
-2.375 0.275 0.0000e+00
-2.375 0.325 0.0000e+00
-2.375 0.375 0.0000e+00
-2.375 0.425 0.0000e+00
-2.375 0.475 0.0000e+00
-2.375 0.525 0.0000e+00
-2.375 0.575 0.0000e+00
-2.375 0.625 0.0000e+00
-2.375 0.675 0.0000e+00
-2.375 0.725 0.0000e+00
-2.375 0.775 2.0671e-08
-2.375 0.825 4.1272e-08
-2.375 0.875 8.2413e-08
-2.375 0.925 1.6459e-07
-2.375 0.975 3.2875e-07
-2.375 1.025 6.5679e-07
-2.375 1.075 1.3125e-06
-2.375 1.125 2.6234e-06
-2.375 1.175 5.2455e-06
-2.375 1.225 1.0493e-05
-2.375 1.275 2.0999e-05
-2.375 1.325 4.2047e-05
-2.375 1.375 8.4250e-05
-2.375 1.425 1.6894e-04
-2.375 1.475 3.3903e-04
-2.375 1.525 6.8101e-04
-2.375 1.575 1.3693e-03
-2.375 1.625 2.7556e-03
-2.375 1.675 5.5496e-03
-2.375 1.725 1.1181e-02
-2.375 1.775 2.2520e-02
-2.375 1.825 4.5299e-02
-2.375 1.875 9.0852e-02
-2.375 1.925 1.8126e-01
-2.375 1.975 3.5865e-01
-2.375 2.025 7.0092e-01
-2.375 2.075 1.3463e+00
-2.375 2.125 2.5270e+00
-2.375 2.175 4.6044e+00
-2.375 2.225 8.0888e+00
-2.375 2.275 1.3606e+01
-2.375 2.325 2.1773e+01
-2.375 2.375 3.2968e+01
-2.375 2.425 4.7048e+01
-2.375 2.475 6.3138e+01
-2.375 2.525 7.9654e+01
-2.375 2.575 9.4614e+01
-2.375 2.625 1.0615e+02
-2.375 2.675 1.1297e+02
-2.375 2.725 1.1466e+02
-2.375 2.775 1.1159e+02
-2.375 2.825 1.0473e+02
-2.375 2.875 9.5294e+01
-2.375 2.925 8.4480e+01
-2.375 2.975 7.3288e+01
-2.375 3.025 6.2453e+01
-2.375 3.075 5.2448e+01
-2.375 3.125 4.3525e+01
-2.375 3.175 3.5772e+01
-2.375 3.225 2.9171e+01
-2.375 3.275 2.3637e+01
-2.375 3.325 1.9054e+01
-2.375 3.375 1.5293e+01
-2.375 3.425 1.2231e+01
-2.375 3.475 9.7506e+00
-2.375 3.525 7.7508e+00
-2.375 3.575 6.1434e+00
-2.375 3.625 4.8537e+00
-2.375 3.675 3.8190e+00
-2.375 3.725 2.9854e+00
-2.375 3.775 2.3015e+00
-2.375 3.825 0.0000e+00
-2.375 3.875 0.0000e+00
-2.375 3.925 0.0000e+00
-2.375 3.975 0.0000e+00
-2.325 -1.975 0.0000e+00
-2.325 -1.925 0.0000e+00
-2.325 -1.875 0.0000e+00
-2.325 -1.825 0.0000e+00
-2.325 -1.775 0.0000e+00
-2.325 -1.725 0.0000e+00
-2.325 -1.675 0.0000e+00
-2.325 -1.625 0.0000e+00
-2.325 -1.575 0.0000e+00
-2.325 -1.525 0.0000e+00
-2.325 -1.475 0.0000e+00
-2.325 -1.425 0.0000e+00
-2.325 -1.375 0.0000e+00
-2.325 -1.325 0.0000e+00
-2.325 -1.275 0.0000e+00
-2.325 -1.225 0.0000e+00
-2.325 -1.175 0.0000e+00
-2.325 -1.125 0.0000e+00
-2.325 -1.075 0.0000e+00
-2.325 -1.025 0.0000e+00
-2.325 -0.975 0.0000e+00
-2.325 -0.925 0.0000e+00
-2.325 -0.875 0.0000e+00
-2.325 -0.825 0.0000e+00
-2.325 -0.775 0.0000e+00
-2.325 -0.725 0.0000e+00
-2.325 -0.675 0.0000e+00
-2.325 -0.625 0.0000e+00
-2.325 -0.575 0.0000e+00
-2.325 -0.525 0.0000e+00
-2.325 -0.475 0.0000e+00
-2.325 -0.425 0.0000e+00
-2.325 -0.375 0.0000e+00
-2.325 -0.325 0.0000e+00
-2.325 -0.275 0.0000e+00
-2.325 -0.225 0.0000e+00
-2.325 -0.175 0.0000e+00
-2.325 -0.125 0.0000e+00
-2.325 -0.075 0.0000e+00
-2.325 -0.025 0.0000e+00
-2.325 0.025 0.0000e+00
-2.325 0.075 0.0000e+00
-2.325 0.125 0.0000e+00
-2.325 0.175 0.0000e+00
-2.325 0.225 0.0000e+00
-2.325 0.275 0.0000e+00
-2.325 0.325 0.0000e+00
-2.325 0.375 0.0000e+00
-2.325 0.425 0.0000e+00
-2.325 0.475 0.0000e+00
-2.325 0.525 0.0000e+00
-2.325 0.575 0.0000e+00
-2.325 0.625 0.0000e+00
-2.325 0.675 0.0000e+00
-2.325 0.725 0.0000e+00
-2.325 0.775 2.6030e-08
-2.325 0.825 5.1975e-08
-2.325 0.875 1.0379e-07
-2.325 0.925 2.0731e-07
-2.325 0.975 4.1413e-07
-2.325 1.025 8.2748e-07
-2.325 1.075 1.6539e-06
-2.325 1.125 3.3066e-06
-2.325 1.175 6.6135e-06
-2.325 1.225 1.3234e-05
-2.325 1.275 2.6495e-05
-2.325 1.325 5.3079e-05
-2.325 1.375 1.0641e-04
-2.325 1.425 2.1352e-04
-2.325 1.475 4.2879e-04
-2.325 1.525 8.6192e-04
-2.325 1.575 1.7341e-03
-2.325 1.625 3.4912e-03
-2.325 1.675 7.0314e-03
-2.325 1.725 1.4157e-02
-2.325 1.775 2.8464e-02
-2.325 1.825 5.7061e-02
-2.325 1.875 1.1379e-01
-2.325 1.925 2.2502e-01
-2.325 1.975 4.3952e-01
-2.325 2.025 8.4375e-01
-2.325 2.075 1.5828e+00
-2.325 2.125 2.8824e+00
-2.325 2.175 5.0612e+00
-2.325 2.225 8.5098e+00
-2.325 2.275 1.3614e+01
-2.325 2.325 2.0610e+01
-2.325 2.375 2.9410e+01
-2.325 2.425 3.9471e+01
-2.325 2.475 4.9806e+01
-2.325 2.525 5.9180e+01
-2.325 2.575 6.6424e+01
-2.325 2.625 7.0732e+01
-2.325 2.675 7.1830e+01
-2.325 2.725 6.9953e+01
-2.325 2.775 6.5697e+01
-2.325 2.825 5.9819e+01
-2.325 2.875 5.3066e+01
-2.325 2.925 4.6067e+01
-2.325 2.975 3.9282e+01
-2.325 3.025 3.3010e+01
-2.325 3.075 2.7411e+01
-2.325 3.125 2.2543e+01
-2.325 3.175 1.8395e+01
-2.325 3.225 1.4915e+01
-2.325 3.275 1.2032e+01
-2.325 3.325 9.6644e+00
-2.325 3.375 7.7356e+00
-2.325 3.425 6.1731e+00
-2.325 3.475 4.9131e+00
-2.325 3.525 3.9004e+00
-2.325 3.575 3.0885e+00
-2.325 3.625 2.4383e+00
-2.325 3.675 1.9174e+00
-2.325 3.725 1.4982e+00
-2.325 3.775 1.1546e+00
-2.325 3.825 0.0000e+00
-2.325 3.875 0.0000e+00
-2.325 3.925 0.0000e+00
-2.325 3.975 0.0000e+00
-2.275 -1.975 0.0000e+00
-2.275 -1.925 0.0000e+00
-2.275 -1.875 0.0000e+00
-2.275 -1.825 0.0000e+00
-2.275 -1.775 0.0000e+00
-2.275 -1.725 0.0000e+00
-2.275 -1.675 0.0000e+00
-2.275 -1.625 0.0000e+00
-2.275 -1.575 0.0000e+00
-2.275 -1.525 0.0000e+00
-2.275 -1.475 0.0000e+00
-2.275 -1.425 0.0000e+00
-2.275 -1.375 0.0000e+00
-2.275 -1.325 0.0000e+00
-2.275 -1.275 0.0000e+00
-2.275 -1.225 0.0000e+00
-2.275 -1.175 0.0000e+00
-2.275 -1.125 0.0000e+00
-2.275 -1.075 0.0000e+00
-2.275 -1.025 0.0000e+00
-2.275 -0.975 0.0000e+00
-2.275 -0.925 0.0000e+00
-2.275 -0.875 0.0000e+00
-2.275 -0.825 0.0000e+00
-2.275 -0.775 0.0000e+00
-2.275 -0.725 0.0000e+00
-2.275 -0.675 0.0000e+00
-2.275 -0.625 0.0000e+00
-2.275 -0.575 0.0000e+00
-2.275 -0.525 0.0000e+00
-2.275 -0.475 0.0000e+00
-2.275 -0.425 0.0000e+00
-2.275 -0.375 0.0000e+00
-2.275 -0.325 0.0000e+00
-2.275 -0.275 0.0000e+00
-2.275 -0.225 0.0000e+00
-2.275 -0.175 0.0000e+00
-2.275 -0.125 0.0000e+00
-2.275 -0.075 0.0000e+00
-2.275 -0.025 0.0000e+00
-2.275 0.025 0.0000e+00
-2.275 0.075 0.0000e+00
-2.275 0.125 0.0000e+00
-2.275 0.175 0.0000e+00
-2.275 0.225 0.0000e+00
-2.275 0.275 0.0000e+00
-2.275 0.325 0.0000e+00
-2.275 0.375 0.0000e+00
-2.275 0.425 0.0000e+00
-2.275 0.475 0.0000e+00
-2.275 0.525 0.0000e+00
-2.275 0.575 0.0000e+00
-2.275 0.625 0.0000e+00
-2.275 0.675 0.0000e+00
-2.275 0.725 0.0000e+00
-2.275 0.775 3.2780e-08
-2.275 0.825 6.5458e-08
-2.275 0.875 1.3073e-07
-2.275 0.925 2.6114e-07
-2.275 0.975 5.2176e-07
-2.275 1.025 1.0427e-06
-2.275 1.075 2.0846e-06
-2.275 1.125 4.1689e-06
-2.275 1.175 8.3410e-06
-2.275 1.225 1.6697e-05
-2.275 1.275 3.3446e-05
-2.275 1.325 6.7043e-05
-2.275 1.375 1.3449e-04
-2.275 1.425 2.7004e-04
-2.275 1.475 5.4269e-04
-2.275 1.525 1.0916e-03
-2.275 1.575 2.1970e-03
-2.275 1.625 4.4234e-03
-2.275 1.675 8.9030e-03
-2.275 1.725 1.7894e-02
-2.275 1.775 3.5856e-02
-2.275 1.825 7.1469e-02
-2.275 1.875 1.4127e-01
-2.275 1.925 2.7578e-01
-2.275 1.975 5.2916e-01
-2.275 2.025 9.9212e-01
-2.275 2.075 1.8059e+00
-2.275 2.125 3.1696e+00
-2.275 2.175 5.3272e+00
-2.275 2.225 8.5198e+00
-2.275 2.275 1.2896e+01
-2.275 2.325 1.8401e+01
-2.275 2.375 2.4698e+01
-2.275 2.425 3.1171e+01
-2.275 2.475 3.7049e+01
-2.275 2.525 4.1600e+01
-2.275 2.575 4.4319e+01
-2.275 2.625 4.5031e+01
-2.275 2.675 4.3880e+01
-2.275 2.725 4.1234e+01
-2.275 2.775 3.7568e+01
-2.275 2.825 3.3347e+01
-2.275 2.875 2.8966e+01
-2.275 2.925 2.4714e+01
-2.275 2.975 2.0780e+01
-2.275 3.025 1.7265e+01
-2.275 3.075 1.4207e+01
-2.275 3.125 1.1599e+01
-2.275 3.175 9.4102e+00
-2.275 3.225 7.5953e+00
-2.275 3.275 6.1048e+00
-2.275 3.325 4.8899e+00
-2.275 3.375 3.9054e+00
-2.275 3.425 3.1112e+00
-2.275 3.475 2.4729e+00
-2.275 3.525 1.9612e+00
-2.275 3.575 1.5517e+00
-2.275 3.625 1.2243e+00
-2.275 3.675 9.6232e-01
-2.275 3.725 7.5169e-01
-2.275 3.775 5.7916e-01
-2.275 3.825 0.0000e+00
-2.275 3.875 0.0000e+00
-2.275 3.925 0.0000e+00
-2.275 3.975 0.0000e+00
-2.225 -1.975 0.0000e+00
-2.225 -1.925 0.0000e+00
-2.225 -1.875 0.0000e+00
-2.225 -1.825 0.0000e+00
-2.225 -1.775 0.0000e+00
-2.225 -1.725 0.0000e+00
-2.225 -1.675 0.0000e+00
-2.225 -1.625 0.0000e+00
-2.225 -1.575 0.0000e+00
-2.225 -1.525 0.0000e+00
-2.225 -1.475 0.0000e+00
-2.225 -1.425 0.0000e+00
-2.225 -1.375 0.0000e+00
-2.225 -1.325 0.0000e+00
-2.225 -1.275 0.0000e+00
-2.225 -1.225 0.0000e+00
-2.225 -1.175 0.0000e+00
-2.225 -1.125 0.0000e+00
-2.225 -1.075 0.0000e+00
-2.225 -1.025 0.0000e+00
-2.225 -0.975 0.0000e+00
-2.225 -0.925 0.0000e+00
-2.225 -0.875 0.0000e+00
-2.225 -0.825 0.0000e+00
-2.225 -0.775 0.0000e+00
-2.225 -0.725 0.0000e+00
-2.225 -0.675 0.0000e+00
-2.225 -0.625 0.0000e+00
-2.225 -0.575 0.0000e+00
-2.225 -0.525 0.0000e+00
-2.225 -0.475 0.0000e+00
-2.225 -0.425 0.0000e+00
-2.225 -0.375 0.0000e+00
-2.225 -0.325 0.0000e+00
-2.225 -0.275 0.0000e+00
-2.225 -0.225 0.0000e+00
-2.225 -0.175 0.0000e+00
-2.225 -0.125 0.0000e+00
-2.225 -0.075 0.0000e+00
-2.225 -0.025 0.0000e+00
-2.225 0.025 0.0000e+00
-2.225 0.075 0.0000e+00
-2.225 0.125 0.0000e+00
-2.225 0.175 0.0000e+00
-2.225 0.225 0.0000e+00
-2.225 0.275 0.0000e+00
-2.225 0.325 0.0000e+00
-2.225 0.375 0.0000e+00
-2.225 0.425 0.0000e+00
-2.225 0.475 0.0000e+00
-2.225 0.525 0.0000e+00
-2.225 0.575 0.0000e+00
-2.225 0.625 0.0000e+00
-2.225 0.675 0.0000e+00
-2.225 0.725 0.0000e+00
-2.225 0.775 4.1284e-08
-2.225 0.825 8.2447e-08
-2.225 0.875 1.6468e-07
-2.225 0.925 3.2901e-07
-2.225 0.975 6.5748e-07
-2.225 1.025 1.3143e-06
-2.225 1.075 2.6282e-06
-2.225 1.125 5.2579e-06
-2.225 1.175 1.0524e-05
-2.225 1.225 2.1078e-05
-2.225 1.275 4.2245e-05
-2.225 1.325 8.4734e-05
-2.225 1.375 1.7010e-04
-2.225 1.425 3.4177e-04
-2.225 1.475 6.8728e-04
-2.225 1.525 1.3830e-03
-2.225 1.575 2.7836e-03
-2.225 1.625 5.6008e-03
-2.225 1.675 1.1253e-02
-2.225 1.725 2.2541e-02
-2.225 1.775 4.4911e-02
-2.225 1.825 8.8731e-02
-2.225 1.875 1.7315e-01
-2.225 1.925 3.3207e-01
-2.225 1.975 6.2232e-01
-2.225 2.025 1.1323e+00
-2.225 2.075 1.9865e+00
-2.225 2.125 3.3376e+00
-2.225 2.175 5.3365e+00
-2.225 2.225 8.0762e+00
-2.225 2.275 1.1523e+01
-2.225 2.325 1.5467e+01
-2.225 2.375 1.9524e+01
-2.225 2.425 2.3212e+01
-2.225 2.475 2.6073e+01
-2.225 2.525 2.7789e+01
-2.225 2.575 2.8249e+01
-2.225 2.625 2.7540e+01
-2.225 2.675 2.5894e+01
-2.225 2.725 2.3604e+01
-2.225 2.775 2.0963e+01
-2.225 2.825 1.8218e+01
-2.225 2.875 1.5552e+01
-2.225 2.925 1.3083e+01
-2.225 2.975 1.0876e+01
-2.225 3.025 8.9534e+00
-2.225 3.075 7.3135e+00
-2.225 3.125 5.9363e+00
-2.225 3.175 4.7939e+00
-2.225 3.225 3.8553e+00
-2.225 3.275 3.0898e+00
-2.225 3.325 2.4694e+00
-2.225 3.375 1.9687e+00
-2.225 3.425 1.5663e+00
-2.225 3.475 1.2436e+00
-2.225 3.525 9.8545e-01
-2.225 3.575 7.7921e-01
-2.225 3.625 6.1451e-01
-2.225 3.675 4.8284e-01
-2.225 3.725 3.7705e-01
-2.225 3.775 2.9046e-01
-2.225 3.825 0.0000e+00
-2.225 3.875 0.0000e+00
-2.225 3.925 0.0000e+00
-2.225 3.975 0.0000e+00
-2.175 -1.975 0.0000e+00
-2.175 -1.925 0.0000e+00
-2.175 -1.875 0.0000e+00
-2.175 -1.825 0.0000e+00
-2.175 -1.775 0.0000e+00
-2.175 -1.725 0.0000e+00
-2.175 -1.675 0.0000e+00
-2.175 -1.625 0.0000e+00
-2.175 -1.575 0.0000e+00
-2.175 -1.525 0.0000e+00
-2.175 -1.475 0.0000e+00
-2.175 -1.425 0.0000e+00
-2.175 -1.375 0.0000e+00
-2.175 -1.325 0.0000e+00
-2.175 -1.275 0.0000e+00
-2.175 -1.225 0.0000e+00
-2.175 -1.175 0.0000e+00
-2.175 -1.125 0.0000e+00
-2.175 -1.075 0.0000e+00
-2.175 -1.025 0.0000e+00
-2.175 -0.975 0.0000e+00
-2.175 -0.925 0.0000e+00
-2.175 -0.875 0.0000e+00
-2.175 -0.825 0.0000e+00
-2.175 -0.775 0.0000e+00
-2.175 -0.725 0.0000e+00
-2.175 -0.675 0.0000e+00
-2.175 -0.625 0.0000e+00
-2.175 -0.575 0.0000e+00
-2.175 -0.525 0.0000e+00
-2.175 -0.475 0.0000e+00
-2.175 -0.425 0.0000e+00
-2.175 -0.375 0.0000e+00
-2.175 -0.325 0.0000e+00
-2.175 -0.275 0.0000e+00
-2.175 -0.225 0.0000e+00
-2.175 -0.175 0.0000e+00
-2.175 -0.125 0.0000e+00
-2.175 -0.075 0.0000e+00
-2.175 -0.025 0.0000e+00
-2.175 0.025 0.0000e+00
-2.175 0.075 0.0000e+00
-2.175 0.125 0.0000e+00
-2.175 0.175 0.0000e+00
-2.175 0.225 0.0000e+00
-2.175 0.275 0.0000e+00
-2.175 0.325 0.0000e+00
-2.175 0.375 0.0000e+00
-2.175 0.425 0.0000e+00
-2.175 0.475 0.0000e+00
-2.175 0.525 0.0000e+00
-2.175 0.575 0.0000e+00
-2.175 0.625 0.0000e+00
-2.175 0.675 0.0000e+00
-2.175 0.725 0.0000e+00
-2.175 0.775 5.1999e-08
-2.175 0.825 1.0386e-07
-2.175 0.875 2.0748e-07
-2.175 0.925 4.1460e-07
-2.175 0.975 8.2871e-07
-2.175 1.025 1.6570e-06
-2.175 1.075 3.3147e-06
-2.175 1.125 6.6341e-06
-2.175 1.175 1.3285e-05
-2.175 1.225 2.6623e-05
-2.175 1.275 5.3392e-05
-2.175 1.325 1.0717e-04
-2.175 1.375 2.1528e-04
-2.175 1.425 4.3283e-04
-2.175 1.475 8.7076e-04
-2.175 1.525 1.7522e-03
-2.175 1.575 3.5246e-03
-2.175 1.625 7.0793e-03
-2.175 1.675 1.4176e-02
-2.175 1.725 2.8234e-02
-2.175 1.775 5.5761e-02
-2.175 1.825 1.0877e-01
-2.175 1.875 2.0851e-01
-2.175 1.925 3.9059e-01
-2.175 1.975 7.1039e-01
-2.175 2.025 1.2459e+00
-2.175 2.075 2.0926e+00
-2.175 2.125 3.3451e+00
-2.175 2.175 5.0617e+00
-2.175 2.225 7.2219e+00
-2.175 2.275 9.6940e+00
-2.175 2.325 1.2238e+01
-2.175 2.375 1.4554e+01
-2.175 2.425 1.6352e+01
-2.175 2.475 1.7435e+01
-2.175 2.525 1.7731e+01
-2.175 2.575 1.7294e+01
-2.175 2.625 1.6268e+01
-2.175 2.675 1.4836e+01
-2.175 2.725 1.3183e+01
-2.175 2.775 1.1462e+01
-2.175 2.825 9.7891e+00
-2.175 2.875 8.2387e+00
-2.175 2.925 6.8515e+00
-2.175 2.975 5.6430e+00
-2.175 3.025 4.6114e+00
-2.175 3.075 3.7446e+00
-2.175 3.125 3.0253e+00
-2.175 3.175 2.4341e+00
-2.175 3.225 1.9518e+00
-2.175 3.275 1.5607e+00
-2.175 3.325 1.2451e+00
-2.175 3.375 9.9127e-01
-2.175 3.425 7.8776e-01
-2.175 3.475 6.2495e-01
-2.175 3.525 4.9491e-01
-2.175 3.575 3.9114e-01
-2.175 3.625 3.0835e-01
-2.175 3.675 2.4221e-01
-2.175 3.725 1.8910e-01
-2.175 3.775 1.4565e-01
-2.175 3.825 0.0000e+00
-2.175 3.875 0.0000e+00
-2.175 3.925 0.0000e+00
-2.175 3.975 0.0000e+00
-2.125 -1.975 0.0000e+00
-2.125 -1.925 0.0000e+00
-2.125 -1.875 0.0000e+00
-2.125 -1.825 0.0000e+00
-2.125 -1.775 0.0000e+00
-2.125 -1.725 0.0000e+00
-2.125 -1.675 0.0000e+00
-2.125 -1.625 0.0000e+00
-2.125 -1.575 0.0000e+00
-2.125 -1.525 0.0000e+00
-2.125 -1.475 0.0000e+00
-2.125 -1.425 0.0000e+00
-2.125 -1.375 0.0000e+00
-2.125 -1.325 0.0000e+00
-2.125 -1.275 0.0000e+00
-2.125 -1.225 0.0000e+00
-2.125 -1.175 0.0000e+00
-2.125 -1.125 0.0000e+00
-2.125 -1.075 0.0000e+00
-2.125 -1.025 0.0000e+00
-2.125 -0.975 0.0000e+00
-2.125 -0.925 0.0000e+00
-2.125 -0.875 0.0000e+00
-2.125 -0.825 0.0000e+00
-2.125 -0.775 0.0000e+00
-2.125 -0.725 0.0000e+00
-2.125 -0.675 0.0000e+00
-2.125 -0.625 0.0000e+00
-2.125 -0.575 0.0000e+00
-2.125 -0.525 0.0000e+00
-2.125 -0.475 0.0000e+00
-2.125 -0.425 0.0000e+00
-2.125 -0.375 0.0000e+00
-2.125 -0.325 0.0000e+00
-2.125 -0.275 0.0000e+00
-2.125 -0.225 0.0000e+00
-2.125 -0.175 0.0000e+00
-2.125 -0.125 0.0000e+00
-2.125 -0.075 0.0000e+00
-2.125 -0.025 0.0000e+00
-2.125 0.025 0.0000e+00
-2.125 0.075 0.0000e+00
-2.125 0.125 0.0000e+00
-2.125 0.175 0.0000e+00
-2.125 0.225 0.0000e+00
-2.125 0.275 0.0000e+00
-2.125 0.325 0.0000e+00
-2.125 0.375 0.0000e+00
-2.125 0.425 0.0000e+00
-2.125 0.475 0.0000e+00
-2.125 0.525 0.0000e+00
-2.125 0.575 0.0000e+00
-2.125 0.625 0.0000e+00
-2.125 0.675 0.0000e+00
-2.125 0.725 0.0000e+00
-2.125 0.775 6.5502e-08
-2.125 0.825 1.3085e-07
-2.125 0.875 2.6145e-07
-2.125 0.925 5.2257e-07
-2.125 0.975 1.0448e-06
-2.125 1.025 2.0899e-06
-2.125 1.075 4.1823e-06
-2.125 1.125 8.3746e-06
-2.125 1.175 1.6780e-05
-2.125 1.225 3.3648e-05
-2.125 1.275 6.7528e-05
-2.125 1.325 1.3563e-04
-2.125 1.375 2.7264e-04
-2.125 1.425 5.4838e-04
-2.125 1.475 1.1033e-03
-2.125 1.525 2.2187e-03
-2.125 1.575 4.4550e-03
-2.125 1.625 8.9181e-03
-2.125 1.675 1.7756e-02
-2.125 1.725 3.5056e-02
-2.125 1.775 6.8354e-02
-2.125 1.825 1.3099e-01
-2.125 1.875 2.4529e-01
-2.125 1.925 4.4596e-01
-2.125 1.975 7.8188e-01
-2.125 2.025 1.3129e+00
-2.125 2.075 2.0983e+00
-2.125 2.125 3.1746e+00
-2.125 2.175 4.5292e+00
-2.125 2.225 6.0799e+00
-2.125 2.275 7.6767e+00
-2.125 2.325 9.1308e+00
-2.125 2.375 1.0262e+01
-2.125 2.425 1.0945e+01
-2.125 2.475 1.1135e+01
-2.125 2.525 1.0865e+01
-2.125 2.575 1.0225e+01
-2.125 2.625 9.3289e+00
-2.125 2.675 8.2927e+00
-2.125 2.725 7.2133e+00
-2.125 2.775 6.1630e+00
-2.125 2.825 5.1889e+00
-2.125 2.875 4.3169e+00
-2.125 2.925 3.5568e+00
-2.125 2.975 2.9077e+00
-2.125 3.025 2.3620e+00
-2.125 3.075 1.9090e+00
-2.125 3.125 1.5366e+00
-2.125 3.175 1.2326e+00
-2.125 3.225 9.8611e-01
-2.125 3.275 7.8709e-01
-2.125 3.325 6.2701e-01
-2.125 3.375 4.9864e-01
-2.125 3.425 3.9593e-01
-2.125 3.475 3.1389e-01
-2.125 3.525 2.4845e-01
-2.125 3.575 1.9628e-01
-2.125 3.625 1.5468e-01
-2.125 3.675 1.2148e-01
-2.125 3.725 9.4827e-02
-2.125 3.775 7.3028e-02
-2.125 3.825 0.0000e+00
-2.125 3.875 0.0000e+00
-2.125 3.925 0.0000e+00
-2.125 3.975 0.0000e+00
-2.075 -1.975 0.0000e+00
-2.075 -1.925 0.0000e+00
-2.075 -1.875 0.0000e+00
-2.075 -1.825 0.0000e+00
-2.075 -1.775 0.0000e+00
-2.075 -1.725 0.0000e+00
-2.075 -1.675 0.0000e+00
-2.075 -1.625 0.0000e+00
-2.075 -1.575 0.0000e+00
-2.075 -1.525 0.0000e+00
-2.075 -1.475 0.0000e+00
-2.075 -1.425 0.0000e+00
-2.075 -1.375 0.0000e+00
-2.075 -1.325 0.0000e+00
-2.075 -1.275 0.0000e+00
-2.075 -1.225 0.0000e+00
-2.075 -1.175 0.0000e+00
-2.075 -1.125 0.0000e+00
-2.075 -1.075 0.0000e+00
-2.075 -1.025 0.0000e+00
-2.075 -0.975 0.0000e+00
-2.075 -0.925 0.0000e+00
-2.075 -0.875 0.0000e+00
-2.075 -0.825 0.0000e+00
-2.075 -0.775 0.0000e+00
-2.075 -0.725 0.0000e+00
-2.075 -0.675 0.0000e+00
-2.075 -0.625 0.0000e+00
-2.075 -0.575 0.0000e+00
-2.075 -0.525 0.0000e+00
-2.075 -0.475 0.0000e+00
-2.075 -0.425 0.0000e+00
-2.075 -0.375 0.0000e+00
-2.075 -0.325 0.0000e+00
-2.075 -0.275 0.0000e+00
-2.075 -0.225 0.0000e+00
-2.075 -0.175 0.0000e+00
-2.075 -0.125 0.0000e+00
-2.075 -0.075 0.0000e+00
-2.075 -0.025 0.0000e+00
-2.075 0.025 0.0000e+00
-2.075 0.075 0.0000e+00
-2.075 0.125 0.0000e+00
-2.075 0.175 0.0000e+00
-2.075 0.225 0.0000e+00
-2.075 0.275 0.0000e+00
-2.075 0.325 0.0000e+00
-2.075 0.375 0.0000e+00
-2.075 0.425 0.0000e+00
-2.075 0.475 0.0000e+00
-2.075 0.525 0.0000e+00
-2.075 0.575 0.0000e+00
-2.075 0.625 0.0000e+00
-2.075 0.675 0.0000e+00
-2.075 0.725 0.0000e+00
-2.075 0.775 8.2526e-08
-2.075 0.825 1.6489e-07
-2.075 0.875 3.2954e-07
-2.075 0.925 6.5884e-07
-2.075 0.975 1.3177e-06
-2.075 1.025 2.6369e-06
-2.075 1.075 5.2796e-06
-2.075 1.125 1.0578e-05
-2.075 1.175 2.1208e-05
-2.075 1.225 4.2557e-05
-2.075 1.275 8.5465e-05
-2.075 1.325 1.7177e-04
-2.075 1.375 3.4543e-04
-2.075 1.425 6.9481e-04
-2.075 1.475 1.3969e-03
-2.075 1.525 2.8044e-03
-2.075 1.575 5.6122e-03
-2.075 1.625 1.1171e-02
-2.075 1.675 2.2048e-02
-2.075 1.725 4.2976e-02
-2.075 1.775 8.2329e-02
-2.075 1.825 1.5412e-01
-2.075 1.875 2.8011e-01
-2.075 1.925 4.9096e-01
-2.075 1.975 8.2422e-01
-2.075 2.025 1.3170e+00
-2.075 2.075 1.9923e+00
-2.075 2.125 2.8423e+00
-2.075 2.175 3.8155e+00
-2.075 2.225 4.8182e+00
-2.075 2.275 5.7319e+00
-2.075 2.325 6.4437e+00
-2.075 2.375 6.8747e+00
-2.075 2.425 6.9964e+00
-2.075 2.475 6.8292e+00
-2.075 2.525 6.4290e+00
-2.075 2.575 5.8679e+00
-2.075 2.625 5.2181e+00
-2.075 2.675 4.5406e+00
-2.075 2.725 3.8808e+00
-2.075 2.775 3.2686e+00
-2.075 2.825 2.7202e+00
-2.075 2.875 2.2420e+00
-2.075 2.925 1.8335e+00
-2.075 2.975 1.4899e+00
-2.075 3.025 1.2046e+00
-2.075 3.075 9.6988e-01
-2.075 3.125 7.7832e-01
-2.075 3.175 6.2290e-01
-2.075 3.225 4.9740e-01
-2.075 3.275 3.9643e-01
-2.075 3.325 3.1545e-01
-2.075 3.375 2.5064e-01
-2.075 3.425 1.9888e-01
-2.075 3.475 1.5759e-01
-2.075 3.525 1.2468e-01
-2.075 3.575 9.8468e-02
-2.075 3.625 7.7584e-02
-2.075 3.675 6.0918e-02
-2.075 3.725 4.7547e-02
-2.075 3.775 3.6613e-02
-2.075 3.825 0.0000e+00
-2.075 3.875 0.0000e+00
-2.075 3.925 0.0000e+00
-2.075 3.975 0.0000e+00
-2.025 -1.975 0.0000e+00
-2.025 -1.925 0.0000e+00
-2.025 -1.875 0.0000e+00
-2.025 -1.825 0.0000e+00
-2.025 -1.775 0.0000e+00
-2.025 -1.725 0.0000e+00
-2.025 -1.675 0.0000e+00
-2.025 -1.625 0.0000e+00
-2.025 -1.575 0.0000e+00
-2.025 -1.525 0.0000e+00
-2.025 -1.475 0.0000e+00
-2.025 -1.425 0.0000e+00
-2.025 -1.375 0.0000e+00
-2.025 -1.325 0.0000e+00
-2.025 -1.275 0.0000e+00
-2.025 -1.225 0.0000e+00
-2.025 -1.175 0.0000e+00
-2.025 -1.125 0.0000e+00
-2.025 -1.075 0.0000e+00
-2.025 -1.025 0.0000e+00
-2.025 -0.975 0.0000e+00
-2.025 -0.925 0.0000e+00
-2.025 -0.875 0.0000e+00
-2.025 -0.825 0.0000e+00
-2.025 -0.775 0.0000e+00
-2.025 -0.725 0.0000e+00
-2.025 -0.675 0.0000e+00
-2.025 -0.625 0.0000e+00
-2.025 -0.575 0.0000e+00
-2.025 -0.525 0.0000e+00
-2.025 -0.475 0.0000e+00
-2.025 -0.425 0.0000e+00
-2.025 -0.375 0.0000e+00
-2.025 -0.325 0.0000e+00
-2.025 -0.275 0.0000e+00
-2.025 -0.225 0.0000e+00
-2.025 -0.175 0.0000e+00
-2.025 -0.125 0.0000e+00
-2.025 -0.075 0.0000e+00
-2.025 -0.025 0.0000e+00
-2.025 0.025 0.0000e+00
-2.025 0.075 0.0000e+00
-2.025 0.125 0.0000e+00
-2.025 0.175 0.0000e+00
-2.025 0.225 0.0000e+00
-2.025 0.275 0.0000e+00
-2.025 0.325 0.0000e+00
-2.025 0.375 0.0000e+00
-2.025 0.425 0.0000e+00
-2.025 0.475 0.0000e+00
-2.025 0.525 0.0000e+00
-2.025 0.575 0.0000e+00
-2.025 0.625 0.0000e+00
-2.025 0.675 0.0000e+00
-2.025 0.725 0.0000e+00
-2.025 0.775 1.0399e-07
-2.025 0.825 2.0783e-07
-2.025 0.875 4.1548e-07
-2.025 0.925 8.3094e-07
-2.025 0.975 1.6626e-06
-2.025 1.025 3.3287e-06
-2.025 1.075 6.6684e-06
-2.025 1.125 1.3369e-05
-2.025 1.175 2.6823e-05
-2.025 1.225 5.3860e-05
-2.025 1.275 1.0823e-04
-2.025 1.325 2.1762e-04
-2.025 1.375 4.3766e-04
-2.025 1.425 8.7976e-04
-2.025 1.475 1.7657e-03
-2.025 1.525 3.5328e-03
-2.025 1.575 7.0301e-03
-2.025 1.625 1.3871e-02
-2.025 1.675 2.7030e-02
-2.025 1.725 5.1767e-02
-2.025 1.775 9.6877e-02
-2.025 1.825 1.7603e-01
-2.025 1.875 3.0844e-01
-2.025 1.925 5.1770e-01
-2.025 1.975 8.2707e-01
-2.025 2.025 1.2510e+00
-2.025 2.075 1.7847e+00
-2.025 2.125 2.3959e+00
-2.025 2.175 3.0258e+00
-2.025 2.225 3.6002e+00
-2.025 2.275 4.0481e+00
-2.025 2.325 4.3200e+00
-2.025 2.375 4.3978e+00
-2.025 2.425 4.2941e+00
-2.025 2.475 4.0438e+00
-2.025 2.525 3.6921e+00
-2.025 2.575 3.2844e+00
-2.025 2.625 2.8589e+00
-2.025 2.675 2.4443e+00
-2.025 2.725 2.0593e+00
-2.025 2.775 1.7143e+00
-2.025 2.825 1.4134e+00
-2.025 2.875 1.1561e+00
-2.025 2.925 9.3977e-01
-2.025 2.975 7.6002e-01
-2.025 3.025 6.1213e-01
-2.025 3.075 4.9138e-01
-2.025 3.125 3.9339e-01
-2.025 3.175 3.1425e-01
-2.025 3.225 2.5056e-01
-2.025 3.275 1.9947e-01
-2.025 3.325 1.5858e-01
-2.025 3.375 1.2591e-01
-2.025 3.425 9.9854e-02
-2.025 3.475 7.9088e-02
-2.025 3.525 6.2553e-02
-2.025 3.575 4.9390e-02
-2.025 3.625 3.8908e-02
-2.025 3.675 3.0545e-02
-2.025 3.725 2.3838e-02
-2.025 3.775 1.8355e-02
-2.025 3.825 0.0000e+00
-2.025 3.875 0.0000e+00
-2.025 3.925 0.0000e+00
-2.025 3.975 0.0000e+00
-1.975 -1.975 0.0000e+00
-1.975 -1.925 0.0000e+00
-1.975 -1.875 0.0000e+00
-1.975 -1.825 0.0000e+00
-1.975 -1.775 0.0000e+00
-1.975 -1.725 0.0000e+00
-1.975 -1.675 0.0000e+00
-1.975 -1.625 0.0000e+00
-1.975 -1.575 0.0000e+00
-1.975 -1.525 0.0000e+00
-1.975 -1.475 0.0000e+00
-1.975 -1.425 0.0000e+00
-1.975 -1.375 0.0000e+00
-1.975 -1.325 0.0000e+00
-1.975 -1.275 0.0000e+00
-1.975 -1.225 0.0000e+00
-1.975 -1.175 0.0000e+00
-1.975 -1.125 0.0000e+00
-1.975 -1.075 0.0000e+00
-1.975 -1.025 0.0000e+00
-1.975 -0.975 0.0000e+00
-1.975 -0.925 0.0000e+00
-1.975 -0.875 0.0000e+00
-1.975 -0.825 0.0000e+00
-1.975 -0.775 0.0000e+00
-1.975 -0.725 0.0000e+00
-1.975 -0.675 0.0000e+00
-1.975 -0.625 0.0000e+00
-1.975 -0.575 0.0000e+00
-1.975 -0.525 0.0000e+00
-1.975 -0.475 0.0000e+00
-1.975 -0.425 0.0000e+00
-1.975 -0.375 0.0000e+00
-1.975 -0.325 0.0000e+00
-1.975 -0.275 0.0000e+00
-1.975 -0.225 0.0000e+00
-1.975 -0.175 0.0000e+00
-1.975 -0.125 0.0000e+00
-1.975 -0.075 0.0000e+00
-1.975 -0.025 0.0000e+00
-1.975 0.025 0.0000e+00
-1.975 0.075 0.0000e+00
-1.975 0.125 0.0000e+00
-1.975 0.175 0.0000e+00
-1.975 0.225 0.0000e+00
-1.975 0.275 0.0000e+00
-1.975 0.325 0.0000e+00
-1.975 0.375 0.0000e+00
-1.975 0.425 0.0000e+00
-1.975 0.475 0.0000e+00
-1.975 0.525 0.0000e+00
-1.975 0.575 0.0000e+00
-1.975 0.625 0.0000e+00
-1.975 0.675 0.0000e+00
-1.975 0.725 0.0000e+00
-1.975 0.775 1.3108e-07
-1.975 0.825 2.6203e-07
-1.975 0.875 5.2401e-07
-1.975 0.925 1.0484e-06
-1.975 0.975 2.0988e-06
-1.975 1.025 4.2043e-06
-1.975 1.075 8.4280e-06
-1.975 1.125 1.6908e-05
-1.975 1.175 3.3948e-05
-1.975 1.225 6.8210e-05
-1.975 1.275 1.3713e-04
-1.975 1.325 2.7573e-04
-1.975 1.375 5.5416e-04
-1.975 1.425 1.1120e-03
-1.975 1.475 2.2244e-03
-1.975 1.525 4.4254e-03
-1.975 1.575 8.7297e-03
-1.975 1.625 1.7007e-02
-1.975 1.675 3.2562e-02
-1.975 1.725 6.0920e-02
-1.975 1.775 1.1066e-01
-1.975 1.825 1.9387e-01
-1.975 1.875 3.2533e-01
-1.975 1.925 5.1966e-01
-1.975 1.975 7.8597e-01
-1.975 2.025 1.1212e+00
-1.975 2.075 1.5052e+00
-1.975 2.125 1.9011e+00
-1.975 2.175 2.2623e+00
-1.975 2.225 2.5443e+00
-1.975 2.275 2.7159e+00
-1.975 2.325 2.7655e+00
-1.975 2.375 2.7010e+00
-1.975 2.425 2.5443e+00
-1.975 2.475 2.3238e+00
-1.975 2.525 2.0678e+00
-1.975 2.575 1.8004e+00
-1.975 2.625 1.5397e+00
-1.975 2.675 1.2976e+00
-1.975 2.725 1.0805e+00
-1.975 2.775 8.9105e-01
-1.975 2.825 7.2907e-01
-1.975 2.875 5.9278e-01
-1.975 2.925 4.7952e-01
-1.975 2.975 3.8631e-01
-1.975 3.025 3.1020e-01
-1.975 3.075 2.4841e-01
-1.975 3.125 1.9849e-01
-1.975 3.175 1.5832e-01
-1.975 3.225 1.2609e-01
-1.975 3.275 1.0029e-01
-1.975 3.325 7.9671e-02
-1.975 3.375 6.3224e-02
-1.975 3.425 5.0117e-02
-1.975 3.475 3.9681e-02
-1.975 3.525 3.1377e-02
-1.975 3.575 2.4769e-02
-1.975 3.625 1.9509e-02
-1.975 3.675 1.5315e-02
-1.975 3.725 1.1951e-02
-1.975 3.775 9.2014e-03
-1.975 3.825 0.0000e+00
-1.975 3.875 0.0000e+00
-1.975 3.925 0.0000e+00
-1.975 3.975 0.0000e+00
-1.925 -1.975 0.0000e+00
-1.925 -1.925 0.0000e+00
-1.925 -1.875 0.0000e+00
-1.925 -1.825 0.0000e+00
-1.925 -1.775 0.0000e+00
-1.925 -1.725 0.0000e+00
-1.925 -1.675 0.0000e+00
-1.925 -1.625 0.0000e+00
-1.925 -1.575 0.0000e+00
-1.925 -1.525 0.0000e+00
-1.925 -1.475 0.0000e+00
-1.925 -1.425 0.0000e+00
-1.925 -1.375 0.0000e+00
-1.925 -1.325 0.0000e+00
-1.925 -1.275 0.0000e+00
-1.925 -1.225 0.0000e+00
-1.925 -1.175 0.0000e+00
-1.925 -1.125 0.0000e+00
-1.925 -1.075 0.0000e+00
-1.925 -1.025 0.0000e+00
-1.925 -0.975 0.0000e+00
-1.925 -0.925 0.0000e+00
-1.925 -0.875 0.0000e+00
-1.925 -0.825 0.0000e+00
-1.925 -0.775 0.0000e+00
-1.925 -0.725 0.0000e+00
-1.925 -0.675 0.0000e+00
-1.925 -0.625 0.0000e+00
-1.925 -0.575 0.0000e+00
-1.925 -0.525 0.0000e+00
-1.925 -0.475 0.0000e+00
-1.925 -0.425 0.0000e+00
-1.925 -0.375 0.0000e+00
-1.925 -0.325 0.0000e+00
-1.925 -0.275 0.0000e+00
-1.925 -0.225 0.0000e+00
-1.925 -0.175 0.0000e+00
-1.925 -0.125 0.0000e+00
-1.925 -0.075 0.0000e+00
-1.925 -0.025 0.0000e+00
-1.925 0.025 0.0000e+00
-1.925 0.075 0.0000e+00
-1.925 0.125 0.0000e+00
-1.925 0.175 0.0000e+00
-1.925 0.225 0.0000e+00
-1.925 0.275 0.0000e+00
-1.925 0.325 0.0000e+00
-1.925 0.375 0.0000e+00
-1.925 0.425 0.0000e+00
-1.925 0.475 0.0000e+00
-1.925 0.525 0.0000e+00
-1.925 0.575 0.0000e+00
-1.925 0.625 0.0000e+00
-1.925 0.675 0.0000e+00
-1.925 0.725 0.0000e+00
-1.925 0.775 1.6526e-07
-1.925 0.825 3.3047e-07
-1.925 0.875 6.6116e-07
-1.925 0.925 1.3235e-06
-1.925 0.975 2.6510e-06
-1.925 1.025 5.3137e-06
-1.925 1.075 1.0659e-05
-1.925 1.125 2.1399e-05
-1.925 1.175 4.2992e-05
-1.925 1.225 8.6419e-05
-1.925 1.275 1.7374e-04
-1.925 1.325 3.4913e-04
-1.925 1.375 7.0046e-04
-1.925 1.425 1.4009e-03
-1.925 1.475 2.7865e-03
-1.925 1.525 5.4954e-03
-1.925 1.575 1.0703e-02
-1.925 1.625 2.0488e-02
-1.925 1.675 3.8323e-02
-1.925 1.725 6.9600e-02
-1.925 1.775 1.2190e-01
-1.925 1.825 2.0453e-01
-1.925 1.875 3.2666e-01
-1.925 1.925 4.9401e-01
-1.925 1.975 7.0469e-01
-1.925 2.025 9.4606e-01
-1.925 2.075 1.1950e+00
-1.925 2.125 1.4222e+00
-1.925 2.175 1.5998e+00
-1.925 2.225 1.7080e+00
-1.925 2.275 1.7396e+00
-1.925 2.325 1.6995e+00
-1.925 2.375 1.6014e+00
-1.925 2.425 1.4629e+00
-1.925 2.475 1.3021e+00
-1.925 2.525 1.1340e+00
-1.925 2.575 9.7010e-01
-1.925 2.625 8.1774e-01
-1.925 2.675 6.8110e-01
-1.925 2.725 5.6180e-01
-1.925 2.775 4.5978e-01
-1.925 2.825 3.7392e-01
-1.925 2.875 3.0254e-01
-1.925 2.925 2.4379e-01
-1.925 2.975 1.9580e-01
-1.925 3.025 1.5684e-01
-1.925 3.075 1.2536e-01
-1.925 3.125 1.0002e-01
-1.925 3.175 7.9681e-02
-1.925 3.225 6.3399e-02
-1.925 3.275 5.0389e-02
-1.925 3.325 4.0008e-02
-1.925 3.375 3.1734e-02
-1.925 3.425 2.5147e-02
-1.925 3.475 1.9905e-02
-1.925 3.525 1.5736e-02
-1.925 3.575 1.2421e-02
-1.925 3.625 9.7818e-03
-1.925 3.675 7.6779e-03
-1.925 3.725 5.9911e-03
-1.925 3.775 4.6125e-03
-1.925 3.825 0.0000e+00
-1.925 3.875 0.0000e+00
-1.925 3.925 0.0000e+00
-1.925 3.975 0.0000e+00
-1.875 -1.975 0.0000e+00
-1.875 -1.925 0.0000e+00
-1.875 -1.875 0.0000e+00
-1.875 -1.825 0.0000e+00
-1.875 -1.775 0.0000e+00
-1.875 -1.725 0.0000e+00
-1.875 -1.675 0.0000e+00
-1.875 -1.625 0.0000e+00
-1.875 -1.575 0.0000e+00
-1.875 -1.525 0.0000e+00
-1.875 -1.475 0.0000e+00
-1.875 -1.425 0.0000e+00
-1.875 -1.375 0.0000e+00
-1.875 -1.325 0.0000e+00
-1.875 -1.275 0.0000e+00
-1.875 -1.225 0.0000e+00
-1.875 -1.175 0.0000e+00
-1.875 -1.125 0.0000e+00
-1.875 -1.075 0.0000e+00
-1.875 -1.025 0.0000e+00
-1.875 -0.975 0.0000e+00
-1.875 -0.925 0.0000e+00
-1.875 -0.875 0.0000e+00
-1.875 -0.825 0.0000e+00
-1.875 -0.775 0.0000e+00
-1.875 -0.725 0.0000e+00
-1.875 -0.675 0.0000e+00
-1.875 -0.625 0.0000e+00
-1.875 -0.575 0.0000e+00
-1.875 -0.525 0.0000e+00
-1.875 -0.475 0.0000e+00
-1.875 -0.425 0.0000e+00
-1.875 -0.375 0.0000e+00
-1.875 -0.325 0.0000e+00
-1.875 -0.275 0.0000e+00
-1.875 -0.225 0.0000e+00
-1.875 -0.175 0.0000e+00
-1.875 -0.125 0.0000e+00
-1.875 -0.075 0.0000e+00
-1.875 -0.025 0.0000e+00
-1.875 0.025 0.0000e+00
-1.875 0.075 0.0000e+00
-1.875 0.125 0.0000e+00
-1.875 0.175 0.0000e+00
-1.875 0.225 0.0000e+00
-1.875 0.275 0.0000e+00
-1.875 0.325 0.0000e+00
-1.875 0.375 0.0000e+00
-1.875 0.425 0.0000e+00
-1.875 0.475 0.0000e+00
-1.875 0.525 0.0000e+00
-1.875 0.575 0.0000e+00
-1.875 0.625 0.0000e+00
-1.875 0.675 0.0000e+00
-1.875 0.725 0.0000e+00
-1.875 0.775 2.0842e-07
-1.875 0.825 4.1696e-07
-1.875 0.875 8.3461e-07
-1.875 0.925 1.6716e-06
-1.875 0.975 3.3505e-06
-1.875 1.025 6.7204e-06
-1.875 1.075 1.3490e-05
-1.875 1.125 2.7100e-05
-1.875 1.175 5.4468e-05
-1.875 1.225 1.0949e-04
-1.875 1.275 2.1999e-04
-1.875 1.325 4.4130e-04
-1.875 1.375 8.8243e-04
-1.875 1.425 1.7549e-03
-1.875 1.475 3.4603e-03
-1.875 1.525 6.7382e-03
-1.875 1.575 1.2895e-02
-1.875 1.625 2.4115e-02
-1.875 1.675 4.3788e-02
-1.875 1.725 7.6680e-02
-1.875 1.775 1.2863e-01
-1.875 1.825 2.0542e-01
-1.875 1.875 3.1063e-01
-1.875 1.925 4.4309e-01
-1.875 1.975 5.9488e-01
-1.875 2.025 7.5145e-01
-1.875 2.075 8.9446e-01
-1.875 2.125 1.0063e+00
-1.875 2.175 1.0746e+00
-1.875 2.225 1.0947e+00
-1.875 2.275 1.0697e+00
-1.875 2.325 1.0081e+00
-1.875 2.375 9.2122e-01
-1.875 2.425 8.2013e-01
-1.875 2.475 7.1444e-01
-1.875 2.525 6.1130e-01
-1.875 2.575 5.1540e-01
-1.875 2.625 4.2937e-01
-1.875 2.675 3.5424e-01
-1.875 2.725 2.8997e-01
-1.875 2.775 2.3586e-01
-1.875 2.825 1.9088e-01
-1.875 2.875 1.5384e-01
-1.875 2.925 1.2359e-01
-1.875 2.975 9.9015e-02
-1.875 3.025 7.9159e-02
-1.875 3.075 6.3173e-02
-1.875 3.125 5.0342e-02
-1.875 3.175 4.0068e-02
-1.875 3.225 3.1857e-02
-1.875 3.275 2.5305e-02
-1.875 3.325 2.0082e-02
-1.875 3.375 1.5924e-02
-1.875 3.425 1.2615e-02
-1.875 3.475 9.9835e-03
-1.875 3.525 7.8912e-03
-1.875 3.575 6.2277e-03
-1.875 3.625 4.9042e-03
-1.875 3.675 3.8491e-03
-1.875 3.725 3.0033e-03
-1.875 3.775 2.3121e-03
-1.875 3.825 0.0000e+00
-1.875 3.875 0.0000e+00
-1.875 3.925 0.0000e+00
-1.875 3.975 0.0000e+00
-1.825 -1.975 0.0000e+00
-1.825 -1.925 0.0000e+00
-1.825 -1.875 0.0000e+00
-1.825 -1.825 0.0000e+00
-1.825 -1.775 0.0000e+00
-1.825 -1.725 0.0000e+00
-1.825 -1.675 0.0000e+00
-1.825 -1.625 0.0000e+00
-1.825 -1.575 0.0000e+00
-1.825 -1.525 0.0000e+00
-1.825 -1.475 0.0000e+00
-1.825 -1.425 0.0000e+00
-1.825 -1.375 0.0000e+00
-1.825 -1.325 0.0000e+00
-1.825 -1.275 0.0000e+00
-1.825 -1.225 0.0000e+00
-1.825 -1.175 0.0000e+00
-1.825 -1.125 0.0000e+00
-1.825 -1.075 0.0000e+00
-1.825 -1.025 0.0000e+00
-1.825 -0.975 0.0000e+00
-1.825 -0.925 0.0000e+00
-1.825 -0.875 0.0000e+00
-1.825 -0.825 0.0000e+00
-1.825 -0.775 0.0000e+00
-1.825 -0.725 0.0000e+00
-1.825 -0.675 0.0000e+00
-1.825 -0.625 0.0000e+00
-1.825 -0.575 0.0000e+00
-1.825 -0.525 0.0000e+00
-1.825 -0.475 0.0000e+00
-1.825 -0.425 0.0000e+00
-1.825 -0.375 0.0000e+00
-1.825 -0.325 0.0000e+00
-1.825 -0.275 0.0000e+00
-1.825 -0.225 0.0000e+00
-1.825 -0.175 0.0000e+00
-1.825 -0.125 0.0000e+00
-1.825 -0.075 0.0000e+00
-1.825 -0.025 0.0000e+00
-1.825 0.025 0.0000e+00
-1.825 0.075 0.0000e+00
-1.825 0.125 0.0000e+00
-1.825 0.175 0.0000e+00
-1.825 0.225 0.0000e+00
-1.825 0.275 0.0000e+00
-1.825 0.325 0.0000e+00
-1.825 0.375 0.0000e+00
-1.825 0.425 0.0000e+00
-1.825 0.475 0.0000e+00
-1.825 0.525 0.0000e+00
-1.825 0.575 0.0000e+00
-1.825 0.625 0.0000e+00
-1.825 0.675 0.0000e+00
-1.825 0.725 0.0000e+00
-1.825 0.775 2.6297e-07
-1.825 0.825 5.2635e-07
-1.825 0.875 1.0542e-06
-1.825 0.925 2.1127e-06
-1.825 0.975 4.2374e-06
-1.825 1.025 8.5055e-06
-1.825 1.075 1.7084e-05
-1.825 1.125 3.4334e-05
-1.825 1.175 6.9012e-05
-1.825 1.225 1.3864e-04
-1.825 1.275 2.7807e-04
-1.825 1.325 5.5595e-04
-1.825 1.375 1.1054e-03
-1.825 1.425 2.1793e-03
-1.825 1.475 4.2430e-03
-1.825 1.525 8.1185e-03
-1.825 1.575 1.5179e-02
-1.825 1.625 2.7557e-02
-1.825 1.675 4.8249e-02
-1.825 1.725 8.0928e-02
-1.825 1.775 1.2922e-01
-1.825 1.825 1.9540e-01
-1.825 1.875 2.7871e-01
-1.825 1.925 3.7419e-01
-1.825 1.975 4.7271e-01
-1.825 2.025 5.6273e-01
-1.825 2.075 6.3317e-01
-1.825 2.125 6.7625e-01
-1.825 2.175 6.8905e-01
-1.825 2.225 6.7345e-01
-1.825 2.275 6.3484e-01
-1.825 2.325 5.8022e-01
-1.825 2.375 5.1666e-01
-1.825 2.425 4.5017e-01
-1.825 2.475 3.8526e-01
-1.825 2.525 3.2489e-01
-1.825 2.575 2.7071e-01
-1.825 2.625 2.2338e-01
-1.825 2.675 1.8288e-01
-1.825 2.725 1.4879e-01
-1.825 2.775 1.2043e-01
-1.825 2.825 9.7080e-02
-1.825 2.875 7.8001e-02
-1.825 2.925 6.2505e-02
-1.825 2.975 4.9981e-02
-1.825 3.025 3.9896e-02
-1.825 3.075 3.1801e-02
-1.825 3.125 2.5317e-02
-1.825 3.175 2.0135e-02
-1.825 3.225 1.6000e-02
-1.825 3.275 1.2703e-02
-1.825 3.325 1.0078e-02
-1.825 3.375 7.9887e-03
-1.825 3.425 6.3273e-03
-1.825 3.475 5.0065e-03
-1.825 3.525 3.9568e-03
-1.825 3.575 3.1224e-03
-1.825 3.625 2.4586e-03
-1.825 3.675 1.9295e-03
-1.825 3.725 1.5055e-03
-1.825 3.775 1.1590e-03
-1.825 3.825 0.0000e+00
-1.825 3.875 0.0000e+00
-1.825 3.925 0.0000e+00
-1.825 3.975 0.0000e+00
-1.775 -1.975 0.0000e+00
-1.775 -1.925 0.0000e+00
-1.775 -1.875 0.0000e+00
-1.775 -1.825 0.0000e+00
-1.775 -1.775 0.0000e+00
-1.775 -1.725 0.0000e+00
-1.775 -1.675 0.0000e+00
-1.775 -1.625 0.0000e+00
-1.775 -1.575 0.0000e+00
-1.775 -1.525 0.0000e+00
-1.775 -1.475 0.0000e+00
-1.775 -1.425 0.0000e+00
-1.775 -1.375 0.0000e+00
-1.775 -1.325 0.0000e+00
-1.775 -1.275 0.0000e+00
-1.775 -1.225 0.0000e+00
-1.775 -1.175 0.0000e+00
-1.775 -1.125 0.0000e+00
-1.775 -1.075 0.0000e+00
-1.775 -1.025 0.0000e+00
-1.775 -0.975 0.0000e+00
-1.775 -0.925 0.0000e+00
-1.775 -0.875 0.0000e+00
-1.775 -0.825 0.0000e+00
-1.775 -0.775 0.0000e+00
-1.775 -0.725 0.0000e+00
-1.775 -0.675 0.0000e+00
-1.775 -0.625 0.0000e+00
-1.775 -0.575 0.0000e+00
-1.775 -0.525 0.0000e+00
-1.775 -0.475 0.0000e+00
-1.775 -0.425 0.0000e+00
-1.775 -0.375 0.0000e+00
-1.775 -0.325 0.0000e+00
-1.775 -0.275 0.0000e+00
-1.775 -0.225 0.0000e+00
-1.775 -0.175 0.0000e+00
-1.775 -0.125 0.0000e+00
-1.775 -0.075 0.0000e+00
-1.775 -0.025 0.0000e+00
-1.775 0.025 0.0000e+00
-1.775 0.075 0.0000e+00
-1.775 0.125 0.0000e+00
-1.775 0.175 0.0000e+00
-1.775 0.225 0.0000e+00
-1.775 0.275 0.0000e+00
-1.775 0.325 0.0000e+00
-1.775 0.375 0.0000e+00
-1.775 0.425 0.0000e+00
-1.775 0.475 0.0000e+00
-1.775 0.525 0.0000e+00
-1.775 0.575 0.0000e+00
-1.775 0.625 0.0000e+00
-1.775 0.675 0.0000e+00
-1.775 0.725 0.0000e+00
-1.775 0.775 3.3196e-07
-1.775 0.825 6.6481e-07
-1.775 0.875 1.3323e-06
-1.775 0.925 2.6720e-06
-1.775 0.975 5.3629e-06
-1.775 1.025 1.0771e-05
-1.775 1.075 2.1645e-05
-1.775 1.125 4.3502e-05
-1.775 1.175 8.7382e-05
-1.775 1.225 1.7524e-04
-1.775 1.275 3.5031e-04
-1.775 1.325 6.9645e-04
-1.775 1.375 1.3728e-03
-1.775 1.425 2.6723e-03
-1.775 1.475 5.1123e-03
-1.775 1.525 9.5570e-03
-1.775 1.575 1.7347e-02
-1.775 1.625 3.0369e-02
-1.775 1.675 5.0931e-02
-1.775 1.725 8.1317e-02
-1.775 1.775 1.2295e-01
-1.775 1.825 1.7537e-01
-1.775 1.875 2.3545e-01
-1.775 1.925 2.9746e-01
-1.775 1.975 3.5414e-01
-1.775 2.025 3.9853e-01
-1.775 2.075 4.2570e-01
-1.775 2.125 4.3383e-01
-1.775 2.175 4.2409e-01
-1.775 2.225 3.9985e-01
-1.775 2.275 3.6552e-01
-1.775 2.325 3.2554e-01
-1.775 2.375 2.8370e-01
-1.775 2.425 2.4284e-01
-1.775 2.475 2.0482e-01
-1.775 2.525 1.7069e-01
-1.775 2.575 1.4087e-01
-1.775 2.625 1.1535e-01
-1.775 2.675 9.3859e-02
-1.775 2.725 7.5983e-02
-1.775 2.775 6.1260e-02
-1.775 2.825 4.9229e-02
-1.775 2.875 3.9455e-02
-1.775 2.925 3.1555e-02
-1.775 2.975 2.5193e-02
-1.775 3.025 2.0085e-02
-1.775 3.075 1.5994e-02
-1.775 3.125 1.2724e-02
-1.775 3.175 1.0113e-02
-1.775 3.225 8.0323e-03
-1.775 3.275 6.3749e-03
-1.775 3.325 5.0560e-03
-1.775 3.375 4.0070e-03
-1.775 3.425 3.1731e-03
-1.775 3.475 2.5104e-03
-1.775 3.525 1.9839e-03
-1.775 3.575 1.5654e-03
-1.775 3.625 1.2325e-03
-1.775 3.675 9.6726e-04
-1.775 3.725 7.5467e-04
-1.775 3.775 5.8096e-04
-1.775 3.825 0.0000e+00
-1.775 3.875 0.0000e+00
-1.775 3.925 0.0000e+00
-1.775 3.975 0.0000e+00
-1.725 -1.975 0.0000e+00
-1.725 -1.925 0.0000e+00
-1.725 -1.875 0.0000e+00
-1.725 -1.825 0.0000e+00
-1.725 -1.775 0.0000e+00
-1.725 -1.725 0.0000e+00
-1.725 -1.675 0.0000e+00
-1.725 -1.625 0.0000e+00
-1.725 -1.575 0.0000e+00
-1.725 -1.525 0.0000e+00
-1.725 -1.475 0.0000e+00
-1.725 -1.425 0.0000e+00
-1.725 -1.375 0.0000e+00
-1.725 -1.325 0.0000e+00
-1.725 -1.275 0.0000e+00
-1.725 -1.225 0.0000e+00
-1.725 -1.175 0.0000e+00
-1.725 -1.125 0.0000e+00
-1.725 -1.075 0.0000e+00
-1.725 -1.025 0.0000e+00
-1.725 -0.975 0.0000e+00
-1.725 -0.925 0.0000e+00
-1.725 -0.875 0.0000e+00
-1.725 -0.825 0.0000e+00
-1.725 -0.775 0.0000e+00
-1.725 -0.725 0.0000e+00
-1.725 -0.675 0.0000e+00
-1.725 -0.625 0.0000e+00
-1.725 -0.575 0.0000e+00
-1.725 -0.525 0.0000e+00
-1.725 -0.475 0.0000e+00
-1.725 -0.425 0.0000e+00
-1.725 -0.375 0.0000e+00
-1.725 -0.325 0.0000e+00
-1.725 -0.275 0.0000e+00
-1.725 -0.225 0.0000e+00
-1.725 -0.175 0.0000e+00
-1.725 -0.125 0.0000e+00
-1.725 -0.075 0.0000e+00
-1.725 -0.025 0.0000e+00
-1.725 0.025 0.0000e+00
-1.725 0.075 0.0000e+00
-1.725 0.125 0.0000e+00
-1.725 0.175 0.0000e+00
-1.725 0.225 0.0000e+00
-1.725 0.275 0.0000e+00
-1.725 0.325 0.0000e+00
-1.725 0.375 0.0000e+00
-1.725 0.425 0.0000e+00
-1.725 0.475 0.0000e+00
-1.725 0.525 0.0000e+00
-1.725 0.575 0.0000e+00
-1.725 0.625 0.0000e+00
-1.725 0.675 0.0000e+00
-1.725 0.725 0.0000e+00
-1.725 0.775 4.1929e-07
-1.725 0.825 8.4023e-07
-1.725 0.875 1.6850e-06
-1.725 0.925 3.3817e-06
-1.725 0.975 6.7916e-06
-1.725 1.025 1.3647e-05
-1.725 1.075 2.7424e-05
-1.725 1.125 5.5082e-05
-1.725 1.175 1.1045e-04
-1.725 1.225 2.2077e-04
-1.725 1.275 4.3885e-04
-1.725 1.325 8.6491e-04
-1.725 1.375 1.6834e-03
-1.725 1.425 3.2200e-03
-1.725 1.475 6.0186e-03
-1.725 1.525 1.0923e-02
-1.725 1.575 1.9120e-02
-1.725 1.625 3.2062e-02
-1.725 1.675 5.1186e-02
-1.725 1.725 7.7389e-02
-1.725 1.775 1.1038e-01
-1.725 1.825 1.4820e-01
-1.725 1.875 1.8724e-01
-1.725 1.925 2.2294e-01
-1.725 1.975 2.5091e-01
-1.725 2.025 2.6805e-01
-1.725 2.075 2.7321e-01
-1.725 2.125 2.6712e-01
-1.725 2.175 2.5190e-01
-1.725 2.225 2.3031e-01
-1.725 2.275 2.0515e-01
-1.725 2.325 1.7882e-01
-1.725 2.375 1.5308e-01
-1.725 2.425 1.2914e-01
-1.725 2.475 1.0764e-01
-1.725 2.525 8.8845e-02
-1.725 2.575 7.2760e-02
-1.725 2.625 5.9211e-02
-1.725 2.675 4.7941e-02
-1.725 2.725 3.8657e-02
-1.725 2.775 3.1069e-02
-1.725 2.825 2.4905e-02
-1.725 2.875 1.9921e-02
-1.725 2.925 1.5907e-02
-1.725 2.975 1.2684e-02
-1.725 3.025 1.0103e-02
-1.725 3.075 8.0386e-03
-1.725 3.125 6.3910e-03
-1.725 3.175 5.0774e-03
-1.725 3.225 4.0312e-03
-1.725 3.275 3.1985e-03
-1.725 3.325 2.5361e-03
-1.725 3.375 2.0096e-03
-1.725 3.425 1.5912e-03
-1.725 3.475 1.2587e-03
-1.725 3.525 9.9463e-04
-1.725 3.575 7.8477e-04
-1.725 3.625 6.1787e-04
-1.725 3.675 4.8487e-04
-1.725 3.725 3.7829e-04
-1.725 3.775 2.9121e-04
-1.725 3.825 0.0000e+00
-1.725 3.875 0.0000e+00
-1.725 3.925 0.0000e+00
-1.725 3.975 0.0000e+00
-1.675 -1.975 0.0000e+00
-1.675 -1.925 0.0000e+00
-1.675 -1.875 0.0000e+00
-1.675 -1.825 0.0000e+00
-1.675 -1.775 0.0000e+00
-1.675 -1.725 0.0000e+00
-1.675 -1.675 0.0000e+00
-1.675 -1.625 0.0000e+00
-1.675 -1.575 0.0000e+00
-1.675 -1.525 0.0000e+00
-1.675 -1.475 0.0000e+00
-1.675 -1.425 0.0000e+00
-1.675 -1.375 0.0000e+00
-1.675 -1.325 0.0000e+00
-1.675 -1.275 0.0000e+00
-1.675 -1.225 0.0000e+00
-1.675 -1.175 0.0000e+00
-1.675 -1.125 0.0000e+00
-1.675 -1.075 0.0000e+00
-1.675 -1.025 0.0000e+00
-1.675 -0.975 0.0000e+00
-1.675 -0.925 0.0000e+00
-1.675 -0.875 0.0000e+00
-1.675 -0.825 0.0000e+00
-1.675 -0.775 0.0000e+00
-1.675 -0.725 0.0000e+00
-1.675 -0.675 0.0000e+00
-1.675 -0.625 0.0000e+00
-1.675 -0.575 0.0000e+00
-1.675 -0.525 0.0000e+00
-1.675 -0.475 0.0000e+00
-1.675 -0.425 0.0000e+00
-1.675 -0.375 0.0000e+00
-1.675 -0.325 0.0000e+00
-1.675 -0.275 0.0000e+00
-1.675 -0.225 0.0000e+00
-1.675 -0.175 0.0000e+00
-1.675 -0.125 0.0000e+00
-1.675 -0.075 0.0000e+00
-1.675 -0.025 0.0000e+00
-1.675 0.025 0.0000e+00
-1.675 0.075 0.0000e+00
-1.675 0.125 0.0000e+00
-1.675 0.175 0.0000e+00
-1.675 0.225 0.0000e+00
-1.675 0.275 0.0000e+00
-1.675 0.325 0.0000e+00
-1.675 0.375 0.0000e+00
-1.675 0.425 0.0000e+00
-1.675 0.475 0.0000e+00
-1.675 0.525 0.0000e+00
-1.675 0.575 0.0000e+00
-1.675 0.625 0.0000e+00
-1.675 0.675 0.0000e+00
-1.675 0.725 0.0000e+00
-1.675 0.775 5.2992e-07
-1.675 0.825 1.0627e-06
-1.675 0.875 2.1326e-06
-1.675 0.925 4.2826e-06
-1.675 0.975 8.6046e-06
-1.675 1.025 1.7290e-05
-1.675 1.075 3.4724e-05
-1.675 1.125 6.9624e-05
-1.675 1.175 1.3915e-04
-1.675 1.225 2.7657e-04
-1.675 1.275 5.4501e-04
-1.675 1.325 1.0606e-03
-1.675 1.375 2.0285e-03
-1.675 1.425 3.7910e-03
-1.675 1.475 6.8794e-03
-1.675 1.525 1.2040e-02
-1.675 1.575 2.0188e-02
-1.675 1.625 3.2228e-02
-1.675 1.675 4.8724e-02
-1.675 1.725 6.9494e-02
-1.675 1.775 9.3307e-02
-1.675 1.825 1.1789e-01
-1.675 1.875 1.4038e-01
-1.675 1.925 1.5801e-01
-1.675 1.975 1.6883e-01
-1.675 2.025 1.7210e-01
-1.675 2.075 1.6829e-01
-1.675 2.125 1.5872e-01
-1.675 2.175 1.4514e-01
-1.675 2.225 1.2931e-01
-1.675 2.275 1.1272e-01
-1.675 2.325 9.6514e-02
-1.675 2.375 8.1428e-02
-1.675 2.425 6.7879e-02
-1.675 2.475 5.6036e-02
-1.675 2.525 4.5897e-02
-1.675 2.575 3.7355e-02
-1.675 2.625 3.0249e-02
-1.675 2.675 2.4394e-02
-1.675 2.725 1.9608e-02
-1.675 2.775 1.5720e-02
-1.675 2.825 1.2576e-02
-1.675 2.875 1.0043e-02
-1.675 2.925 8.0096e-03
-1.675 2.975 6.3805e-03
-1.675 3.025 5.0779e-03
-1.675 3.075 4.0380e-03
-1.675 3.125 3.2089e-03
-1.675 3.175 2.5484e-03
-1.675 3.225 2.0226e-03
-1.675 3.275 1.6045e-03
-1.675 3.325 1.2720e-03
-1.675 3.375 1.0078e-03
-1.675 3.425 7.9784e-04
-1.675 3.475 6.3110e-04
-1.675 3.525 4.9865e-04
-1.675 3.575 3.9342e-04
-1.675 3.625 3.0974e-04
-1.675 3.675 2.4306e-04
-1.675 3.725 1.8963e-04
-1.675 3.775 1.4597e-04
-1.675 3.825 0.0000e+00
-1.675 3.875 0.0000e+00
-1.675 3.925 0.0000e+00
-1.675 3.975 0.0000e+00
-1.625 -1.975 0.0000e+00
-1.625 -1.925 0.0000e+00
-1.625 -1.875 0.0000e+00
-1.625 -1.825 0.0000e+00
-1.625 -1.775 0.0000e+00
-1.625 -1.725 0.0000e+00
-1.625 -1.675 0.0000e+00
-1.625 -1.625 0.0000e+00
-1.625 -1.575 0.0000e+00
-1.625 -1.525 0.0000e+00
-1.625 -1.475 0.0000e+00
-1.625 -1.425 0.0000e+00
-1.625 -1.375 0.0000e+00
-1.625 -1.325 0.0000e+00
-1.625 -1.275 0.0000e+00
-1.625 -1.225 0.0000e+00
-1.625 -1.175 0.0000e+00
-1.625 -1.125 0.0000e+00
-1.625 -1.075 0.0000e+00
-1.625 -1.025 0.0000e+00
-1.625 -0.975 0.0000e+00
-1.625 -0.925 0.0000e+00
-1.625 -0.875 0.0000e+00
-1.625 -0.825 0.0000e+00
-1.625 -0.775 0.0000e+00
-1.625 -0.725 0.0000e+00
-1.625 -0.675 0.0000e+00
-1.625 -0.625 0.0000e+00
-1.625 -0.575 0.0000e+00
-1.625 -0.525 0.0000e+00
-1.625 -0.475 0.0000e+00
-1.625 -0.425 0.0000e+00
-1.625 -0.375 0.0000e+00
-1.625 -0.325 0.0000e+00
-1.625 -0.275 0.0000e+00
-1.625 -0.225 0.0000e+00
-1.625 -0.175 0.0000e+00
-1.625 -0.125 0.0000e+00
-1.625 -0.075 0.0000e+00
-1.625 -0.025 0.0000e+00
-1.625 0.025 0.0000e+00
-1.625 0.075 0.0000e+00
-1.625 0.125 0.0000e+00
-1.625 0.175 0.0000e+00
-1.625 0.225 0.0000e+00
-1.625 0.275 0.0000e+00
-1.625 0.325 0.0000e+00
-1.625 0.375 0.0000e+00
-1.625 0.425 0.0000e+00
-1.625 0.475 0.0000e+00
-1.625 0.525 0.0000e+00
-1.625 0.575 0.0000e+00
-1.625 0.625 0.0000e+00
-1.625 0.675 0.0000e+00
-1.625 0.725 0.0000e+00
-1.625 0.775 6.7019e-07
-1.625 0.825 1.3449e-06
-1.625 0.875 2.7006e-06
-1.625 0.925 5.4258e-06
-1.625 0.975 1.0902e-05
-1.625 1.025 2.1893e-05
-1.625 1.075 4.3892e-05
-1.625 1.125 8.7713e-05
-1.625 1.175 1.7432e-04
-1.625 1.225 3.4348e-04
-1.625 1.275 6.6835e-04
-1.625 1.325 1.2781e-03
-1.625 1.375 2.3883e-03
-1.625 1.425 4.3335e-03
-1.625 1.475 7.5837e-03
-1.625 1.525 1.2715e-02
-1.625 1.575 2.0296e-02
-1.625 1.625 3.0684e-02
-1.625 1.675 4.3763e-02
-1.625 1.725 5.8760e-02
-1.625 1.775 7.4246e-02
-1.625 1.825 8.8414e-02
-1.625 1.875 9.9526e-02
-1.625 1.925 1.0635e-01
-1.625 1.975 1.0843e-01
-1.625 2.025 1.0604e-01
-1.625 2.075 1.0003e-01
-1.625 2.125 9.1480e-02
-1.625 2.175 8.1512e-02
-1.625 2.225 7.1067e-02
-1.625 2.275 6.0856e-02
-1.625 2.325 5.1350e-02
-1.625 2.375 4.2811e-02
-1.625 2.425 3.5346e-02
-1.625 2.475 2.8954e-02
-1.625 2.525 2.3568e-02
-1.625 2.575 1.9086e-02
-1.625 2.625 1.5394e-02
-1.625 2.675 1.2375e-02
-1.625 2.725 9.9220e-03
-1.625 2.775 7.9385e-03
-1.625 2.825 6.3407e-03
-1.625 2.875 5.0575e-03
-1.625 2.925 4.0294e-03
-1.625 2.975 3.2073e-03
-1.625 3.025 2.5510e-03
-1.625 3.075 2.0276e-03
-1.625 3.125 1.6106e-03
-1.625 3.175 1.2787e-03
-1.625 3.225 1.0147e-03
-1.625 3.275 8.0474e-04
-1.625 3.325 6.3789e-04
-1.625 3.375 5.0533e-04
-1.625 3.425 4.0003e-04
-1.625 3.475 3.1641e-04
-1.625 3.525 2.4999e-04
-1.625 3.575 1.9723e-04
-1.625 3.625 1.5527e-04
-1.625 3.675 1.2184e-04
-1.625 3.725 9.5057e-05
-1.625 3.775 7.3173e-05
-1.625 3.825 0.0000e+00
-1.625 3.875 0.0000e+00
-1.625 3.925 0.0000e+00
-1.625 3.975 0.0000e+00
-1.575 -1.975 0.0000e+00
-1.575 -1.925 0.0000e+00
-1.575 -1.875 0.0000e+00
-1.575 -1.825 0.0000e+00
-1.575 -1.775 0.0000e+00
-1.575 -1.725 0.0000e+00
-1.575 -1.675 0.0000e+00
-1.575 -1.625 0.0000e+00
-1.575 -1.575 0.0000e+00
-1.575 -1.525 0.0000e+00
-1.575 -1.475 0.0000e+00
-1.575 -1.425 0.0000e+00
-1.575 -1.375 0.0000e+00
-1.575 -1.325 0.0000e+00
-1.575 -1.275 0.0000e+00
-1.575 -1.225 0.0000e+00
-1.575 -1.175 0.0000e+00
-1.575 -1.125 0.0000e+00
-1.575 -1.075 0.0000e+00
-1.575 -1.025 0.0000e+00
-1.575 -0.975 0.0000e+00
-1.575 -0.925 0.0000e+00
-1.575 -0.875 0.0000e+00
-1.575 -0.825 0.0000e+00
-1.575 -0.775 0.0000e+00
-1.575 -0.725 0.0000e+00
-1.575 -0.675 0.0000e+00
-1.575 -0.625 0.0000e+00
-1.575 -0.575 0.0000e+00
-1.575 -0.525 0.0000e+00
-1.575 -0.475 0.0000e+00
-1.575 -0.425 0.0000e+00
-1.575 -0.375 0.0000e+00
-1.575 -0.325 0.0000e+00
-1.575 -0.275 0.0000e+00
-1.575 -0.225 0.0000e+00
-1.575 -0.175 0.0000e+00
-1.575 -0.125 0.0000e+00
-1.575 -0.075 0.0000e+00
-1.575 -0.025 0.0000e+00
-1.575 0.025 0.0000e+00
-1.575 0.075 0.0000e+00
-1.575 0.125 0.0000e+00
-1.575 0.175 0.0000e+00
-1.575 0.225 0.0000e+00
-1.575 0.275 0.0000e+00
-1.575 0.325 0.0000e+00
-1.575 0.375 0.0000e+00
-1.575 0.425 0.0000e+00
-1.575 0.475 0.0000e+00
-1.575 0.525 0.0000e+00
-1.575 0.575 0.0000e+00
-1.575 0.625 0.0000e+00
-1.575 0.675 0.0000e+00
-1.575 0.725 0.0000e+00
-1.575 0.775 8.4818e-07
-1.575 0.825 1.7031e-06
-1.575 0.875 3.4215e-06
-1.575 0.925 6.8744e-06
-1.575 0.975 1.3804e-05
-1.575 1.025 2.7673e-05
-1.575 1.075 5.5295e-05
-1.575 1.125 1.0988e-04
-1.575 1.175 2.1649e-04
-1.575 1.225 4.2121e-04
-1.575 1.275 8.0540e-04
-1.575 1.325 1.5049e-03
-1.575 1.375 2.7303e-03
-1.575 1.425 4.7776e-03
-1.575 1.475 8.0095e-03
-1.575 1.525 1.2785e-02
-1.575 1.575 1.9327e-02
-1.575 1.625 2.7566e-02
-1.575 1.675 3.7013e-02
-1.575 1.725 4.6769e-02
-1.575 1.775 5.5698e-02
-1.575 1.825 6.2703e-02
-1.575 1.875 6.7011e-02
-1.575 1.925 6.8327e-02
-1.575 1.975 6.6831e-02
-1.575 2.025 6.3047e-02
-1.575 2.075 5.7668e-02
-1.575 2.125 5.1391e-02
-1.575 2.175 4.4811e-02
-1.575 2.225 3.8377e-02
-1.575 2.275 3.2386e-02
-1.575 2.325 2.7003e-02
-1.575 2.375 2.2297e-02
-1.575 2.425 1.8266e-02
-1.575 2.475 1.4870e-02
-1.575 2.525 1.2043e-02
-1.575 2.575 9.7144e-03
-1.575 2.625 7.8101e-03
-1.575 2.675 6.2626e-03
-1.575 2.725 5.0112e-03
-1.575 2.775 4.0030e-03
-1.575 2.825 3.1933e-03
-1.575 2.875 2.5445e-03
-1.575 2.925 2.0256e-03
-1.575 2.975 1.6114e-03
-1.575 3.025 1.2810e-03
-1.575 3.075 1.0178e-03
-1.575 3.125 8.0822e-04
-1.575 3.175 6.4151e-04
-1.575 3.225 5.0895e-04
-1.575 3.275 4.0359e-04
-1.575 3.325 3.1988e-04
-1.575 3.375 2.5338e-04
-1.575 3.425 2.0057e-04
-1.575 3.475 1.5863e-04
-1.575 3.525 1.2533e-04
-1.575 3.575 9.8874e-05
-1.575 3.625 7.7839e-05
-1.575 3.675 6.1080e-05
-1.575 3.725 4.7651e-05
-1.575 3.775 3.6681e-05
-1.575 3.825 0.0000e+00
-1.575 3.875 0.0000e+00
-1.575 3.925 0.0000e+00
-1.575 3.975 0.0000e+00
-1.525 -1.975 0.0000e+00
-1.525 -1.925 0.0000e+00
-1.525 -1.875 0.0000e+00
-1.525 -1.825 0.0000e+00
-1.525 -1.775 0.0000e+00
-1.525 -1.725 0.0000e+00
-1.525 -1.675 0.0000e+00
-1.525 -1.625 0.0000e+00
-1.525 -1.575 0.0000e+00
-1.525 -1.525 0.0000e+00
-1.525 -1.475 0.0000e+00
-1.525 -1.425 0.0000e+00
-1.525 -1.375 0.0000e+00
-1.525 -1.325 0.0000e+00
-1.525 -1.275 0.0000e+00
-1.525 -1.225 0.0000e+00
-1.525 -1.175 0.0000e+00
-1.525 -1.125 0.0000e+00
-1.525 -1.075 0.0000e+00
-1.525 -1.025 0.0000e+00
-1.525 -0.975 0.0000e+00
-1.525 -0.925 0.0000e+00
-1.525 -0.875 0.0000e+00
-1.525 -0.825 0.0000e+00
-1.525 -0.775 0.0000e+00
-1.525 -0.725 0.0000e+00
-1.525 -0.675 0.0000e+00
-1.525 -0.625 0.0000e+00
-1.525 -0.575 0.0000e+00
-1.525 -0.525 0.0000e+00
-1.525 -0.475 0.0000e+00
-1.525 -0.425 0.0000e+00
-1.525 -0.375 0.0000e+00
-1.525 -0.325 0.0000e+00
-1.525 -0.275 0.0000e+00
-1.525 -0.225 0.0000e+00
-1.525 -0.175 0.0000e+00
-1.525 -0.125 0.0000e+00
-1.525 -0.075 0.0000e+00
-1.525 -0.025 0.0000e+00
-1.525 0.025 0.0000e+00
-1.525 0.075 0.0000e+00
-1.525 0.125 0.0000e+00
-1.525 0.175 0.0000e+00
-1.525 0.225 0.0000e+00
-1.525 0.275 0.0000e+00
-1.525 0.325 0.0000e+00
-1.525 0.375 0.0000e+00
-1.525 0.425 0.0000e+00
-1.525 0.475 0.0000e+00
-1.525 0.525 0.0000e+00
-1.525 0.575 0.0000e+00
-1.525 0.625 0.0000e+00
-1.525 0.675 0.0000e+00
-1.525 0.725 0.0000e+00
-1.525 0.775 1.0741e-06
-1.525 0.825 2.1577e-06
-1.525 0.875 4.3350e-06
-1.525 0.925 8.7041e-06
-1.525 0.975 1.7448e-05
-1.525 1.025 3.4862e-05
-1.525 1.075 6.9272e-05
-1.525 1.125 1.3647e-04
-1.525 1.175 2.6549e-04
-1.525 1.225 5.0760e-04
-1.525 1.275 9.4836e-04
-1.525 1.325 1.7204e-03
-1.525 1.375 3.0103e-03
-1.525 1.425 5.0464e-03
-1.525 1.475 8.0545e-03
-1.525 1.525 1.2176e-02
-1.525 1.575 1.7367e-02
-1.525 1.625 2.3319e-02
-1.525 1.675 2.9467e-02
-1.525 1.725 3.5095e-02
-1.525 1.775 3.9512e-02
-1.525 1.825 4.2231e-02
-1.525 1.875 4.3065e-02
-1.525 1.925 4.2126e-02
-1.525 1.975 3.9746e-02
-1.525 2.025 3.6359e-02
-1.525 2.075 3.2405e-02
-1.525 2.125 2.8259e-02
-1.525 2.175 2.4204e-02
-1.525 2.225 2.0427e-02
-1.525 2.275 1.7034e-02
-1.525 2.325 1.4066e-02
-1.525 2.375 1.1525e-02
-1.525 2.425 9.3826e-03
-1.525 2.475 7.5998e-03
-1.525 2.525 6.1306e-03
-1.525 2.575 4.9293e-03
-1.525 2.625 3.9530e-03
-1.525 2.675 3.1633e-03
-1.525 2.725 2.5272e-03
-1.525 2.775 2.0162e-03
-1.525 2.825 1.6067e-03
-1.525 2.875 1.2793e-03
-1.525 2.925 1.0178e-03
-1.525 2.975 8.0922e-04
-1.525 3.025 6.4305e-04
-1.525 3.075 5.1076e-04
-1.525 3.125 4.0550e-04
-1.525 3.175 3.2180e-04
-1.525 3.225 2.5527e-04
-1.525 3.275 2.0240e-04
-1.525 3.325 1.6040e-04
-1.525 3.375 1.2705e-04
-1.525 3.425 1.0056e-04
-1.525 3.475 7.9533e-05
-1.525 3.525 6.2834e-05
-1.525 3.575 4.9569e-05
-1.525 3.625 3.9023e-05
-1.525 3.675 3.0621e-05
-1.525 3.725 2.3888e-05
-1.525 3.775 0.0000e+00
-1.525 3.825 0.0000e+00
-1.525 3.875 0.0000e+00
-1.525 3.925 0.0000e+00
-1.525 3.975 0.0000e+00
-1.475 -1.975 0.0000e+00
-1.475 -1.925 0.0000e+00
-1.475 -1.875 0.0000e+00
-1.475 -1.825 0.0000e+00
-1.475 -1.775 0.0000e+00
-1.475 -1.725 0.0000e+00
-1.475 -1.675 0.0000e+00
-1.475 -1.625 0.0000e+00
-1.475 -1.575 0.0000e+00
-1.475 -1.525 0.0000e+00
-1.475 -1.475 0.0000e+00
-1.475 -1.425 0.0000e+00
-1.475 -1.375 0.0000e+00
-1.475 -1.325 0.0000e+00
-1.475 -1.275 0.0000e+00
-1.475 -1.225 0.0000e+00
-1.475 -1.175 0.0000e+00
-1.475 -1.125 0.0000e+00
-1.475 -1.075 0.0000e+00
-1.475 -1.025 0.0000e+00
-1.475 -0.975 0.0000e+00
-1.475 -0.925 0.0000e+00
-1.475 -0.875 0.0000e+00
-1.475 -0.825 0.0000e+00
-1.475 -0.775 0.0000e+00
-1.475 -0.725 0.0000e+00
-1.475 -0.675 0.0000e+00
-1.475 -0.625 0.0000e+00
-1.475 -0.575 0.0000e+00
-1.475 -0.525 0.0000e+00
-1.475 -0.475 0.0000e+00
-1.475 -0.425 0.0000e+00
-1.475 -0.375 0.0000e+00
-1.475 -0.325 0.0000e+00
-1.475 -0.275 0.0000e+00
-1.475 -0.225 0.0000e+00
-1.475 -0.175 0.0000e+00
-1.475 -0.125 0.0000e+00
-1.475 -0.075 0.0000e+00
-1.475 -0.025 0.0000e+00
-1.475 0.025 0.0000e+00
-1.475 0.075 0.0000e+00
-1.475 0.125 0.0000e+00
-1.475 0.175 0.0000e+00
-1.475 0.225 0.0000e+00
-1.475 0.275 0.0000e+00
-1.475 0.325 0.0000e+00
-1.475 0.375 0.0000e+00
-1.475 0.425 0.0000e+00
-1.475 0.475 0.0000e+00
-1.475 0.525 0.0000e+00
-1.475 0.575 0.0000e+00
-1.475 0.625 0.0000e+00
-1.475 0.675 0.0000e+00
-1.475 0.725 0.0000e+00
-1.475 0.775 1.3608e-06
-1.475 0.825 2.7338e-06
-1.475 0.875 5.4888e-06
-1.475 0.925 1.1002e-05
-1.475 0.975 2.1981e-05
-1.475 1.025 4.3674e-05
-1.475 1.075 8.6032e-05
-1.475 1.125 1.6736e-04
-1.475 1.175 3.1995e-04
-1.475 1.225 5.9772e-04
-1.475 1.275 1.0843e-03
-1.475 1.325 1.8971e-03
-1.475 1.375 3.1800e-03
-1.475 1.425 5.0754e-03
-1.475 1.475 7.6725e-03
-1.475 1.525 1.0943e-02
-1.475 1.575 1.4694e-02
-1.475 1.625 1.8569e-02
-1.475 1.675 2.2117e-02
-1.475 1.725 2.4903e-02
-1.475 1.775 2.6619e-02
-1.475 1.825 2.7147e-02
-1.475 1.875 2.6558e-02
-1.475 1.925 2.5060e-02
-1.475 1.975 2.2927e-02
-1.475 2.025 2.0436e-02
-1.475 2.075 1.7823e-02
-1.475 2.125 1.5267e-02
-1.475 2.175 1.2886e-02
-1.475 2.225 1.0746e-02
-1.475 2.275 8.8749e-03
-1.475 2.325 7.2718e-03
-1.475 2.375 5.9206e-03
-1.475 2.425 4.7960e-03
-1.475 2.475 3.8692e-03
-1.475 2.525 3.1112e-03
-1.475 2.575 2.4952e-03
-1.475 2.625 1.9969e-03
-1.475 2.675 1.5955e-03
-1.475 2.725 1.2730e-03
-1.475 2.775 1.0145e-03
-1.475 2.825 8.0786e-04
-1.475 2.875 6.4280e-04
-1.475 2.925 5.1116e-04
-1.475 2.975 4.0625e-04
-1.475 3.025 3.2273e-04
-1.475 3.075 2.5628e-04
-1.475 3.125 2.0342e-04
-1.475 3.175 1.6141e-04
-1.475 3.225 1.2802e-04
-1.475 3.275 1.0150e-04
-1.475 3.325 8.0432e-05
-1.475 3.375 6.3704e-05
-1.475 3.425 5.0421e-05
-1.475 3.475 3.9876e-05
-1.475 3.525 3.1502e-05
-1.475 3.575 2.4851e-05
-1.475 3.625 1.9564e-05
-1.475 3.675 1.5351e-05
-1.475 3.725 1.1976e-05
-1.475 3.775 0.0000e+00
-1.475 3.825 0.0000e+00
-1.475 3.875 0.0000e+00
-1.475 3.925 0.0000e+00
-1.475 3.975 0.0000e+00
-1.425 -1.975 0.0000e+00
-1.425 -1.925 0.0000e+00
-1.425 -1.875 0.0000e+00
-1.425 -1.825 0.0000e+00
-1.425 -1.775 0.0000e+00
-1.425 -1.725 0.0000e+00
-1.425 -1.675 0.0000e+00
-1.425 -1.625 0.0000e+00
-1.425 -1.575 0.0000e+00
-1.425 -1.525 0.0000e+00
-1.425 -1.475 0.0000e+00
-1.425 -1.425 0.0000e+00
-1.425 -1.375 0.0000e+00
-1.425 -1.325 0.0000e+00
-1.425 -1.275 0.0000e+00
-1.425 -1.225 0.0000e+00
-1.425 -1.175 0.0000e+00
-1.425 -1.125 0.0000e+00
-1.425 -1.075 0.0000e+00
-1.425 -1.025 0.0000e+00
-1.425 -0.975 0.0000e+00
-1.425 -0.925 0.0000e+00
-1.425 -0.875 0.0000e+00
-1.425 -0.825 0.0000e+00
-1.425 -0.775 0.0000e+00
-1.425 -0.725 0.0000e+00
-1.425 -0.675 0.0000e+00
-1.425 -0.625 0.0000e+00
-1.425 -0.575 0.0000e+00
-1.425 -0.525 0.0000e+00
-1.425 -0.475 0.0000e+00
-1.425 -0.425 0.0000e+00
-1.425 -0.375 0.0000e+00
-1.425 -0.325 0.0000e+00
-1.425 -0.275 0.0000e+00
-1.425 -0.225 0.0000e+00
-1.425 -0.175 0.0000e+00
-1.425 -0.125 0.0000e+00
-1.425 -0.075 0.0000e+00
-1.425 -0.025 0.0000e+00
-1.425 0.025 0.0000e+00
-1.425 0.075 0.0000e+00
-1.425 0.125 0.0000e+00
-1.425 0.175 0.0000e+00
-1.425 0.225 0.0000e+00
-1.425 0.275 0.0000e+00
-1.425 0.325 0.0000e+00
-1.425 0.375 0.0000e+00
-1.425 0.425 0.0000e+00
-1.425 0.475 0.0000e+00
-1.425 0.525 0.0000e+00
-1.425 0.575 0.0000e+00
-1.425 0.625 0.0000e+00
-1.425 0.675 0.0000e+00
-1.425 0.725 0.0000e+00
-1.425 0.775 1.7241e-06
-1.425 0.825 3.4614e-06
-1.425 0.875 6.9377e-06
-1.425 0.925 1.3860e-05
-1.425 0.975 2.7537e-05
-1.425 1.025 5.4240e-05
-1.425 1.075 1.0551e-04
-1.425 1.125 2.0169e-04
-1.425 1.175 3.7677e-04
-1.425 1.225 6.8342e-04
-1.425 1.275 1.1957e-03
-1.425 1.325 2.0042e-03
-1.425 1.375 3.1987e-03
-1.425 1.425 4.8354e-03
-1.425 1.475 6.8968e-03
-1.425 1.525 9.2610e-03
-1.425 1.575 1.1704e-02
-1.425 1.625 1.3941e-02
-1.425 1.675 1.5698e-02
-1.425 1.725 1.6781e-02
-1.425 1.775 1.7116e-02
-1.425 1.825 1.6746e-02
-1.425 1.875 1.5803e-02
-1.425 1.925 1.4459e-02
-1.425 1.975 1.2889e-02
-1.425 2.025 1.1242e-02
-1.425 2.075 9.6309e-03
-1.425 2.125 8.1296e-03
-1.425 2.175 6.7802e-03
-1.425 2.225 5.5999e-03
-1.425 2.275 4.5887e-03
-1.425 2.325 3.7364e-03
-1.425 2.375 3.0269e-03
-1.425 2.425 2.4421e-03
-1.425 2.475 1.9638e-03
-1.425 2.525 1.5751e-03
-1.425 2.575 1.2606e-03
-1.425 2.625 1.0073e-03
-1.425 2.675 8.0374e-04
-1.425 2.725 6.4063e-04
-1.425 2.775 5.1017e-04
-1.425 2.825 4.0598e-04
-1.425 2.875 3.2287e-04
-1.425 2.925 2.5664e-04
-1.425 2.975 2.0391e-04
-1.425 3.025 1.6195e-04
-1.425 3.075 1.2857e-04
-1.425 3.125 1.0204e-04
-1.425 3.175 8.0957e-05
-1.425 3.225 6.4205e-05
-1.425 3.275 5.0900e-05
-1.425 3.325 4.0333e-05
-1.425 3.375 3.1943e-05
-1.425 3.425 2.5282e-05
-1.425 3.475 1.9994e-05
-1.425 3.525 1.5795e-05
-1.425 3.575 1.2460e-05
-1.425 3.625 9.8088e-06
-1.425 3.675 7.6967e-06
-1.425 3.725 6.0044e-06
-1.425 3.775 0.0000e+00
-1.425 3.825 0.0000e+00
-1.425 3.875 0.0000e+00
-1.425 3.925 0.0000e+00
-1.425 3.975 0.0000e+00
-1.375 -1.975 0.0000e+00
-1.375 -1.925 0.0000e+00
-1.375 -1.875 0.0000e+00
-1.375 -1.825 0.0000e+00
-1.375 -1.775 0.0000e+00
-1.375 -1.725 0.0000e+00
-1.375 -1.675 0.0000e+00
-1.375 -1.625 0.0000e+00
-1.375 -1.575 0.0000e+00
-1.375 -1.525 0.0000e+00
-1.375 -1.475 0.0000e+00
-1.375 -1.425 0.0000e+00
-1.375 -1.375 0.0000e+00
-1.375 -1.325 0.0000e+00
-1.375 -1.275 0.0000e+00
-1.375 -1.225 0.0000e+00
-1.375 -1.175 0.0000e+00
-1.375 -1.125 0.0000e+00
-1.375 -1.075 0.0000e+00
-1.375 -1.025 0.0000e+00
-1.375 -0.975 0.0000e+00
-1.375 -0.925 0.0000e+00
-1.375 -0.875 0.0000e+00
-1.375 -0.825 0.0000e+00
-1.375 -0.775 0.0000e+00
-1.375 -0.725 0.0000e+00
-1.375 -0.675 0.0000e+00
-1.375 -0.625 0.0000e+00
-1.375 -0.575 0.0000e+00
-1.375 -0.525 0.0000e+00
-1.375 -0.475 0.0000e+00
-1.375 -0.425 0.0000e+00
-1.375 -0.375 0.0000e+00
-1.375 -0.325 0.0000e+00
-1.375 -0.275 0.0000e+00
-1.375 -0.225 0.0000e+00
-1.375 -0.175 0.0000e+00
-1.375 -0.125 0.0000e+00
-1.375 -0.075 0.0000e+00
-1.375 -0.025 0.0000e+00
-1.375 0.025 0.0000e+00
-1.375 0.075 0.0000e+00
-1.375 0.125 0.0000e+00
-1.375 0.175 0.0000e+00
-1.375 0.225 0.0000e+00
-1.375 0.275 0.0000e+00
-1.375 0.325 0.0000e+00
-1.375 0.375 0.0000e+00
-1.375 0.425 0.0000e+00
-1.375 0.475 0.0000e+00
-1.375 0.525 0.0000e+00
-1.375 0.575 0.0000e+00
-1.375 0.625 0.0000e+00
-1.375 0.675 0.0000e+00
-1.375 0.725 0.0000e+00
-1.375 0.775 2.1829e-06
-1.375 0.825 4.3751e-06
-1.375 0.875 8.7400e-06
-1.375 0.925 1.7363e-05
-1.375 0.975 3.4199e-05
-1.375 1.025 6.6520e-05
-1.375 1.075 1.2716e-04
-1.375 1.125 2.3752e-04
-1.375 1.175 4.3081e-04
-1.375 1.225 7.5369e-04
-1.375 1.275 1.2633e-03
-1.375 1.325 2.0162e-03
-1.375 1.375 3.0479e-03
-1.375 1.425 4.3473e-03
-1.375 1.475 5.8378e-03
-1.375 1.525 7.3781e-03
-1.375 1.575 8.7889e-03
-1.375 1.625 9.8974e-03
-1.375 1.675 1.0581e-02
-1.375 1.725 1.0793e-02
-1.375 1.775 1.0561e-02
-1.375 1.825 9.9672e-03
-1.375 1.875 9.1205e-03
-1.375 1.925 8.1308e-03
-1.375 1.975 7.0924e-03
-1.375 2.025 6.0763e-03
-1.375 2.075 5.1295e-03
-1.375 2.125 4.2784e-03
-1.375 2.175 3.5339e-03
-1.375 2.225 2.8959e-03
-1.375 2.275 2.3582e-03
-1.375 2.325 1.9105e-03
-1.375 2.375 1.5415e-03
-1.375 2.425 1.2397e-03
-1.375 2.475 9.9433e-04
-1.375 2.525 7.9588e-04
-1.375 2.575 6.3597e-04
-1.375 2.625 5.0750e-04
-1.375 2.675 4.0454e-04
-1.375 2.725 3.2218e-04
-1.375 2.775 2.5641e-04
-1.375 2.825 2.0394e-04
-1.375 2.875 1.6212e-04
-1.375 2.925 1.2883e-04
-1.375 2.975 1.0233e-04
-1.375 3.025 8.1257e-05
-1.375 3.075 6.4502e-05
-1.375 3.125 5.1186e-05
-1.375 3.175 4.0605e-05
-1.375 3.225 3.2201e-05
-1.375 3.275 2.5526e-05
-1.375 3.325 2.0226e-05
-1.375 3.375 1.6018e-05
-1.375 3.425 1.2678e-05
-1.375 3.475 1.0026e-05
-1.375 3.525 7.9200e-06
-1.375 3.575 6.2477e-06
-1.375 3.625 4.9183e-06
-1.375 3.675 3.8592e-06
-1.375 3.725 3.0107e-06
-1.375 3.775 0.0000e+00
-1.375 3.825 0.0000e+00
-1.375 3.875 0.0000e+00
-1.375 3.925 0.0000e+00
-1.375 3.975 0.0000e+00
-1.325 -1.975 0.0000e+00
-1.325 -1.925 0.0000e+00
-1.325 -1.875 0.0000e+00
-1.325 -1.825 0.0000e+00
-1.325 -1.775 0.0000e+00
-1.325 -1.725 0.0000e+00
-1.325 -1.675 0.0000e+00
-1.325 -1.625 0.0000e+00
-1.325 -1.575 0.0000e+00
-1.325 -1.525 0.0000e+00
-1.325 -1.475 0.0000e+00
-1.325 -1.425 0.0000e+00
-1.325 -1.375 0.0000e+00
-1.325 -1.325 0.0000e+00
-1.325 -1.275 0.0000e+00
-1.325 -1.225 0.0000e+00
-1.325 -1.175 0.0000e+00
-1.325 -1.125 0.0000e+00
-1.325 -1.075 0.0000e+00
-1.325 -1.025 0.0000e+00
-1.325 -0.975 0.0000e+00
-1.325 -0.925 0.0000e+00
-1.325 -0.875 0.0000e+00
-1.325 -0.825 0.0000e+00
-1.325 -0.775 0.0000e+00
-1.325 -0.725 0.0000e+00
-1.325 -0.675 0.0000e+00
-1.325 -0.625 0.0000e+00
-1.325 -0.575 0.0000e+00
-1.325 -0.525 0.0000e+00
-1.325 -0.475 0.0000e+00
-1.325 -0.425 0.0000e+00
-1.325 -0.375 0.0000e+00
-1.325 -0.325 0.0000e+00
-1.325 -0.275 0.0000e+00
-1.325 -0.225 0.0000e+00
-1.325 -0.175 0.0000e+00
-1.325 -0.125 0.0000e+00
-1.325 -0.075 0.0000e+00
-1.325 -0.025 0.0000e+00
-1.325 0.025 0.0000e+00
-1.325 0.075 0.0000e+00
-1.325 0.125 0.0000e+00
-1.325 0.175 0.0000e+00
-1.325 0.225 0.0000e+00
-1.325 0.275 0.0000e+00
-1.325 0.325 0.0000e+00
-1.325 0.375 0.0000e+00
-1.325 0.425 0.0000e+00
-1.325 0.475 0.0000e+00
-1.325 0.525 0.0000e+00
-1.325 0.575 0.0000e+00
-1.325 0.625 0.0000e+00
-1.325 0.675 0.0000e+00
-1.325 0.725 0.0000e+00
-1.325 0.775 2.7591e-06
-1.325 0.825 5.5116e-06
-1.325 0.875 1.0949e-05
-1.325 0.925 2.1564e-05
-1.325 0.975 4.1942e-05
-1.325 1.025 8.0170e-05
-1.325 1.075 1.4975e-04
-1.325 1.125 2.7160e-04
-1.325 1.175 4.7514e-04
-1.325 1.225 7.9640e-04
-1.325 1.275 1.2710e-03
-1.325 1.325 1.9214e-03
-1.325 1.375 2.7407e-03
-1.325 1.425 3.6805e-03
-1.325 1.475 4.6519e-03
-1.325 1.525 5.5418e-03
-1.325 1.575 6.2412e-03
-1.325 1.625 6.6730e-03
-1.325 1.675 6.8073e-03
-1.325 1.725 6.6614e-03
-1.325 1.775 6.2874e-03
-1.325 1.825 5.7538e-03
-1.325 1.875 5.1299e-03
-1.325 1.925 4.4751e-03
-1.325 1.975 3.8343e-03
-1.325 2.025 3.2370e-03
-1.325 2.075 2.7001e-03
-1.325 2.125 2.2304e-03
-1.325 2.175 1.8279e-03
-1.325 2.225 1.4885e-03
-1.325 2.275 1.2060e-03
-1.325 2.325 9.7310e-04
-1.325 2.375 7.8262e-04
-1.325 2.425 6.2777e-04
-1.325 2.475 5.0251e-04
-1.325 2.525 4.0157e-04
-1.325 2.575 3.2047e-04
-1.325 2.625 2.5547e-04
-1.325 2.675 2.0347e-04
-1.325 2.725 1.6195e-04
-1.325 2.775 1.2882e-04
-1.325 2.825 1.0242e-04
-1.325 2.875 8.1392e-05
-1.325 2.925 6.4660e-05
-1.325 2.975 5.1352e-05
-1.325 3.025 4.0770e-05
-1.325 3.075 3.2359e-05
-1.325 3.125 2.5676e-05
-1.325 3.175 2.0367e-05
-1.325 3.225 1.6151e-05
-1.325 3.275 1.2802e-05
-1.325 3.325 1.0144e-05
-1.325 3.375 8.0331e-06
-1.325 3.425 6.3577e-06
-1.325 3.475 5.0277e-06
-1.325 3.525 3.9717e-06
-1.325 3.575 3.1331e-06
-1.325 3.625 2.4664e-06
-1.325 3.675 1.9353e-06
-1.325 3.725 1.5097e-06
-1.325 3.775 0.0000e+00
-1.325 3.825 0.0000e+00
-1.325 3.875 0.0000e+00
-1.325 3.925 0.0000e+00
-1.325 3.975 0.0000e+00
-1.275 -1.975 0.0000e+00
-1.275 -1.925 0.0000e+00
-1.275 -1.875 0.0000e+00
-1.275 -1.825 0.0000e+00
-1.275 -1.775 0.0000e+00
-1.275 -1.725 0.0000e+00
-1.275 -1.675 0.0000e+00
-1.275 -1.625 0.0000e+00
-1.275 -1.575 0.0000e+00
-1.275 -1.525 0.0000e+00
-1.275 -1.475 0.0000e+00
-1.275 -1.425 0.0000e+00
-1.275 -1.375 0.0000e+00
-1.275 -1.325 0.0000e+00
-1.275 -1.275 0.0000e+00
-1.275 -1.225 0.0000e+00
-1.275 -1.175 0.0000e+00
-1.275 -1.125 0.0000e+00
-1.275 -1.075 0.0000e+00
-1.275 -1.025 0.0000e+00
-1.275 -0.975 0.0000e+00
-1.275 -0.925 0.0000e+00
-1.275 -0.875 0.0000e+00
-1.275 -0.825 0.0000e+00
-1.275 -0.775 0.0000e+00
-1.275 -0.725 0.0000e+00
-1.275 -0.675 0.0000e+00
-1.275 -0.625 0.0000e+00
-1.275 -0.575 0.0000e+00
-1.275 -0.525 0.0000e+00
-1.275 -0.475 0.0000e+00
-1.275 -0.425 0.0000e+00
-1.275 -0.375 0.0000e+00
-1.275 -0.325 0.0000e+00
-1.275 -0.275 0.0000e+00
-1.275 -0.225 0.0000e+00
-1.275 -0.175 0.0000e+00
-1.275 -0.125 0.0000e+00
-1.275 -0.075 0.0000e+00
-1.275 -0.025 0.0000e+00
-1.275 0.025 0.0000e+00
-1.275 0.075 0.0000e+00
-1.275 0.125 0.0000e+00
-1.275 0.175 0.0000e+00
-1.275 0.225 0.0000e+00
-1.275 0.275 0.0000e+00
-1.275 0.325 0.0000e+00
-1.275 0.375 0.0000e+00
-1.275 0.425 0.0000e+00
-1.275 0.475 0.0000e+00
-1.275 0.525 0.0000e+00
-1.275 0.575 0.0000e+00
-1.275 0.625 0.0000e+00
-1.275 0.675 0.0000e+00
-1.275 0.725 0.0000e+00
-1.275 0.775 3.4758e-06
-1.275 0.825 6.9045e-06
-1.275 0.875 1.3598e-05
-1.275 0.925 2.6447e-05
-1.275 0.975 5.0550e-05
-1.275 1.025 9.4416e-05
-1.275 1.075 1.7124e-04
-1.275 1.125 2.9957e-04
-1.275 1.175 5.0211e-04
-1.275 1.225 8.0137e-04
-1.275 1.275 1.2115e-03
-1.275 1.325 1.7281e-03
-1.275 1.375 2.3208e-03
-1.275 1.425 2.9335e-03
-1.275 1.475 3.4949e-03
-1.275 1.525 3.9364e-03
-1.275 1.575 4.2091e-03
-1.275 1.625 4.2941e-03
-1.275 1.675 4.2025e-03
-1.275 1.725 3.9669e-03
-1.275 1.775 3.6306e-03
-1.275 1.825 3.2371e-03
-1.275 1.875 2.8242e-03
-1.275 1.925 2.4199e-03
-1.275 1.975 2.0431e-03
-1.275 2.025 1.7043e-03
-1.275 2.075 1.4079e-03
-1.275 2.125 1.1539e-03
-1.275 2.175 9.3970e-04
-1.275 2.225 7.6139e-04
-1.275 2.275 6.1439e-04
-1.275 2.325 4.9415e-04
-1.275 2.375 3.9640e-04
-1.275 2.425 3.1732e-04
-1.275 2.475 2.5359e-04
-1.275 2.525 2.0238e-04
-1.275 2.575 1.6135e-04
-1.275 2.625 1.2852e-04
-1.275 2.675 1.0229e-04
-1.275 2.725 8.1375e-05
-1.275 2.775 6.4702e-05
-1.275 2.825 5.1425e-05
-1.275 2.875 4.0858e-05
-1.275 2.925 3.2452e-05
-1.275 2.975 2.5769e-05
-1.275 3.025 2.0456e-05
-1.275 3.075 1.6235e-05
-1.275 3.125 1.2881e-05
-1.275 3.175 1.0217e-05
-1.275 3.225 8.1013e-06
-1.275 3.275 6.4215e-06
-1.275 3.325 5.0878e-06
-1.275 3.375 4.0291e-06
-1.275 3.425 3.1887e-06
-1.275 3.475 2.5216e-06
-1.275 3.525 1.9920e-06
-1.275 3.575 1.5713e-06
-1.275 3.625 1.2370e-06
-1.275 3.675 9.7060e-07
-1.275 3.725 7.5718e-07
-1.275 3.775 0.0000e+00
-1.275 3.825 0.0000e+00
-1.275 3.875 0.0000e+00
-1.275 3.925 0.0000e+00
-1.275 3.975 0.0000e+00
-1.225 -1.975 0.0000e+00
-1.225 -1.925 0.0000e+00
-1.225 -1.875 0.0000e+00
-1.225 -1.825 0.0000e+00
-1.225 -1.775 0.0000e+00
-1.225 -1.725 0.0000e+00
-1.225 -1.675 0.0000e+00
-1.225 -1.625 0.0000e+00
-1.225 -1.575 0.0000e+00
-1.225 -1.525 0.0000e+00
-1.225 -1.475 0.0000e+00
-1.225 -1.425 0.0000e+00
-1.225 -1.375 0.0000e+00
-1.225 -1.325 0.0000e+00
-1.225 -1.275 0.0000e+00
-1.225 -1.225 0.0000e+00
-1.225 -1.175 0.0000e+00
-1.225 -1.125 0.0000e+00
-1.225 -1.075 0.0000e+00
-1.225 -1.025 0.0000e+00
-1.225 -0.975 0.0000e+00
-1.225 -0.925 0.0000e+00
-1.225 -0.875 0.0000e+00
-1.225 -0.825 0.0000e+00
-1.225 -0.775 0.0000e+00
-1.225 -0.725 0.0000e+00
-1.225 -0.675 0.0000e+00
-1.225 -0.625 0.0000e+00
-1.225 -0.575 0.0000e+00
-1.225 -0.525 0.0000e+00
-1.225 -0.475 0.0000e+00
-1.225 -0.425 0.0000e+00
-1.225 -0.375 0.0000e+00
-1.225 -0.325 0.0000e+00
-1.225 -0.275 0.0000e+00
-1.225 -0.225 0.0000e+00
-1.225 -0.175 0.0000e+00
-1.225 -0.125 0.0000e+00
-1.225 -0.075 0.0000e+00
-1.225 -0.025 0.0000e+00
-1.225 0.025 0.0000e+00
-1.225 0.075 0.0000e+00
-1.225 0.125 0.0000e+00
-1.225 0.175 0.0000e+00
-1.225 0.225 0.0000e+00
-1.225 0.275 0.0000e+00
-1.225 0.325 0.0000e+00
-1.225 0.375 0.0000e+00
-1.225 0.425 0.0000e+00
-1.225 0.475 0.0000e+00
-1.225 0.525 0.0000e+00
-1.225 0.575 0.0000e+00
-1.225 0.625 0.0000e+00
-1.225 0.675 0.0000e+00
-1.225 0.725 0.0000e+00
-1.225 0.775 4.3542e-06
-1.225 0.825 8.5750e-06
-1.225 0.875 1.6677e-05
-1.225 0.925 3.1875e-05
-1.225 0.975 5.9534e-05
-1.225 1.025 1.0798e-04
-1.225 1.075 1.8889e-04
-1.225 1.125 3.1661e-04
-1.225 1.175 5.0532e-04
-1.225 1.225 7.6395e-04
-1.225 1.275 1.0898e-03
-1.225 1.325 1.4636e-03
-1.225 1.375 1.8502e-03
-1.225 1.425 2.2045e-03
-1.225 1.475 2.4832e-03
-1.225 1.525 2.6555e-03
-1.225 1.575 2.7094e-03
-1.225 1.625 2.6518e-03
-1.225 1.675 2.5034e-03
-1.225 1.725 2.2913e-03
-1.225 1.775 2.0431e-03
-1.225 1.825 1.7826e-03
-1.225 1.875 1.5276e-03
-1.225 1.925 1.2898e-03
-1.225 1.975 1.0760e-03
-1.225 2.025 8.8888e-04
-1.225 2.075 7.2855e-04
-1.225 2.125 5.9335e-04
-1.225 2.175 4.8078e-04
-1.225 2.225 3.8797e-04
-1.225 2.275 3.1206e-04
-1.225 2.325 2.5034e-04
-1.225 2.375 2.0041e-04
-1.225 2.425 1.6016e-04
-1.225 2.475 1.2783e-04
-1.225 2.525 1.0192e-04
-1.225 2.575 8.1183e-05
-1.225 2.625 6.4622e-05
-1.225 2.675 5.1410e-05
-1.225 2.725 4.0880e-05
-1.225 2.775 3.2494e-05
-1.225 2.825 2.5820e-05
-1.225 2.875 2.0510e-05
-1.225 2.925 1.6288e-05
-1.225 2.975 1.2932e-05
-1.225 3.025 1.0265e-05
-1.225 3.075 8.1457e-06
-1.225 3.125 6.4625e-06
-1.225 3.175 5.1257e-06
-1.225 3.225 4.0642e-06
-1.225 3.275 3.2214e-06
-1.225 3.325 2.5523e-06
-1.225 3.375 2.0212e-06
-1.225 3.425 1.5996e-06
-1.225 3.475 1.2649e-06
-1.225 3.525 9.9923e-07
-1.225 3.575 7.8823e-07
-1.225 3.625 6.2049e-07
-1.225 3.675 4.8687e-07
-1.225 3.725 0.0000e+00
-1.225 3.775 0.0000e+00
-1.225 3.825 0.0000e+00
-1.225 3.875 0.0000e+00
-1.225 3.925 0.0000e+00
-1.225 3.975 0.0000e+00
-1.175 -1.975 0.0000e+00
-1.175 -1.925 0.0000e+00
-1.175 -1.875 0.0000e+00
-1.175 -1.825 0.0000e+00
-1.175 -1.775 0.0000e+00
-1.175 -1.725 0.0000e+00
-1.175 -1.675 0.0000e+00
-1.175 -1.625 0.0000e+00
-1.175 -1.575 0.0000e+00
-1.175 -1.525 0.0000e+00
-1.175 -1.475 0.0000e+00
-1.175 -1.425 0.0000e+00
-1.175 -1.375 0.0000e+00
-1.175 -1.325 0.0000e+00
-1.175 -1.275 0.0000e+00
-1.175 -1.225 0.0000e+00
-1.175 -1.175 0.0000e+00
-1.175 -1.125 0.0000e+00
-1.175 -1.075 0.0000e+00
-1.175 -1.025 0.0000e+00
-1.175 -0.975 0.0000e+00
-1.175 -0.925 0.0000e+00
-1.175 -0.875 0.0000e+00
-1.175 -0.825 0.0000e+00
-1.175 -0.775 0.0000e+00
-1.175 -0.725 0.0000e+00
-1.175 -0.675 0.0000e+00
-1.175 -0.625 0.0000e+00
-1.175 -0.575 0.0000e+00
-1.175 -0.525 0.0000e+00
-1.175 -0.475 0.0000e+00
-1.175 -0.425 0.0000e+00
-1.175 -0.375 0.0000e+00
-1.175 -0.325 0.0000e+00
-1.175 -0.275 0.0000e+00
-1.175 -0.225 0.0000e+00
-1.175 -0.175 0.0000e+00
-1.175 -0.125 0.0000e+00
-1.175 -0.075 0.0000e+00
-1.175 -0.025 0.0000e+00
-1.175 0.025 0.0000e+00
-1.175 0.075 0.0000e+00
-1.175 0.125 0.0000e+00
-1.175 0.175 0.0000e+00
-1.175 0.225 0.0000e+00
-1.175 0.275 0.0000e+00
-1.175 0.325 0.0000e+00
-1.175 0.375 0.0000e+00
-1.175 0.425 0.0000e+00
-1.175 0.475 0.0000e+00
-1.175 0.525 0.0000e+00
-1.175 0.575 0.0000e+00
-1.175 0.625 0.0000e+00
-1.175 0.675 0.0000e+00
-1.175 0.725 0.0000e+00
-1.175 0.775 5.4075e-06
-1.175 0.825 1.0516e-05
-1.175 0.875 2.0100e-05
-1.175 0.925 3.7541e-05
-1.175 0.975 6.8088e-05
-1.175 1.025 1.1911e-04
-1.175 1.075 1.9966e-04
-1.175 1.125 3.1867e-04
-1.175 1.175 4.8180e-04
-1.175 1.225 6.8734e-04
-1.175 1.275 9.2323e-04
-1.175 1.325 1.1672e-03
-1.175 1.375 1.3908e-03
-1.175 1.425 1.5668e-03
-1.175 1.475 1.6757e-03
-1.175 1.525 1.7099e-03
-1.175 1.575 1.6737e-03
-1.175 1.625 1.5801e-03
-1.175 1.675 1.4464e-03
-1.175 1.725 1.2899e-03
-1.175 1.775 1.1255e-03
-1.175 1.825 9.6449e-04
-1.175 1.875 8.1441e-04
-1.175 1.925 6.7945e-04
-1.175 1.975 5.6133e-04
-1.175 2.025 4.6010e-04
-1.175 2.075 3.7474e-04
-1.175 2.125 3.0365e-04
-1.175 2.175 2.4505e-04
-1.175 2.225 1.9711e-04
-1.175 2.275 1.5813e-04
-1.175 2.325 1.2659e-04
-1.175 2.375 1.0118e-04
-1.175 2.425 8.0757e-05
-1.175 2.475 6.4388e-05
-1.175 2.525 5.1292e-05
-1.175 2.575 4.0831e-05
-1.175 2.625 3.2485e-05
-1.175 2.675 2.5833e-05
-1.175 2.725 2.0535e-05
-1.175 2.775 1.6319e-05
-1.175 2.825 1.2964e-05
-1.175 2.875 1.0296e-05
-1.175 2.925 8.1758e-06
-1.175 2.975 6.4905e-06
-1.175 3.025 5.1515e-06
-1.175 3.075 4.0878e-06
-1.175 3.125 3.2430e-06
-1.175 3.175 2.5721e-06
-1.175 3.225 2.0393e-06
-1.175 3.275 1.6164e-06
-1.175 3.325 1.2806e-06
-1.175 3.375 1.0141e-06
-1.175 3.425 8.0258e-07
-1.175 3.475 6.3466e-07
-1.175 3.525 5.0135e-07
-1.175 3.575 3.9548e-07
-1.175 3.625 3.1132e-07
-1.175 3.675 2.4428e-07
-1.175 3.725 0.0000e+00
-1.175 3.775 0.0000e+00
-1.175 3.825 0.0000e+00
-1.175 3.875 0.0000e+00
-1.175 3.925 0.0000e+00
-1.175 3.975 0.0000e+00
-1.125 -1.975 0.0000e+00
-1.125 -1.925 0.0000e+00
-1.125 -1.875 0.0000e+00
-1.125 -1.825 0.0000e+00
-1.125 -1.775 0.0000e+00
-1.125 -1.725 0.0000e+00
-1.125 -1.675 0.0000e+00
-1.125 -1.625 0.0000e+00
-1.125 -1.575 0.0000e+00
-1.125 -1.525 0.0000e+00
-1.125 -1.475 0.0000e+00
-1.125 -1.425 0.0000e+00
-1.125 -1.375 0.0000e+00
-1.125 -1.325 0.0000e+00
-1.125 -1.275 0.0000e+00
-1.125 -1.225 0.0000e+00
-1.125 -1.175 0.0000e+00
-1.125 -1.125 0.0000e+00
-1.125 -1.075 0.0000e+00
-1.125 -1.025 0.0000e+00
-1.125 -0.975 0.0000e+00
-1.125 -0.925 0.0000e+00
-1.125 -0.875 0.0000e+00
-1.125 -0.825 0.0000e+00
-1.125 -0.775 0.0000e+00
-1.125 -0.725 0.0000e+00
-1.125 -0.675 0.0000e+00
-1.125 -0.625 0.0000e+00
-1.125 -0.575 0.0000e+00
-1.125 -0.525 0.0000e+00
-1.125 -0.475 0.0000e+00
-1.125 -0.425 0.0000e+00
-1.125 -0.375 0.0000e+00
-1.125 -0.325 0.0000e+00
-1.125 -0.275 0.0000e+00
-1.125 -0.225 0.0000e+00
-1.125 -0.175 0.0000e+00
-1.125 -0.125 0.0000e+00
-1.125 -0.075 0.0000e+00
-1.125 -0.025 0.0000e+00
-1.125 0.025 0.0000e+00
-1.125 0.075 0.0000e+00
-1.125 0.125 0.0000e+00
-1.125 0.175 0.0000e+00
-1.125 0.225 0.0000e+00
-1.125 0.275 0.0000e+00
-1.125 0.325 0.0000e+00
-1.125 0.375 0.0000e+00
-1.125 0.425 0.0000e+00
-1.125 0.475 0.0000e+00
-1.125 0.525 0.0000e+00
-1.125 0.575 0.0000e+00
-1.125 0.625 0.0000e+00
-1.125 0.675 0.0000e+00
-1.125 0.725 0.0000e+00
-1.125 0.775 6.6319e-06
-1.125 0.825 1.2675e-05
-1.125 0.875 2.3674e-05
-1.125 0.925 4.2938e-05
-1.125 0.975 7.5119e-05
-1.125 1.025 1.2592e-04
-1.125 1.075 2.0099e-04
-1.125 1.125 3.0391e-04
-1.125 1.175 4.3359e-04
-1.125 1.225 5.8246e-04
-1.125 1.275 7.3644e-04
-1.125 1.325 8.7765e-04
-1.125 1.375 9.8882e-04
-1.125 1.425 1.0576e-03
-1.125 1.475 1.0794e-03
-1.125 1.525 1.0566e-03
-1.125 1.575 9.9767e-04
-1.125 1.625 9.1331e-04
-1.125 1.675 8.1453e-04
-1.125 1.725 7.1077e-04
-1.125 1.775 6.0915e-04
-1.125 1.825 5.1440e-04
-1.125 1.875 4.2917e-04
-1.125 1.925 3.5458e-04
-1.125 1.975 2.9065e-04
-1.125 2.025 2.3673e-04
-1.125 2.075 1.9184e-04
-1.125 2.125 1.5482e-04
-1.125 2.175 1.2453e-04
-1.125 2.225 9.9912e-05
-1.125 2.275 7.9990e-05
-1.125 2.325 6.3933e-05
-1.125 2.375 5.1031e-05
-1.125 2.425 4.0689e-05
-1.125 2.475 3.2415e-05
-1.125 2.525 2.5805e-05
-1.125 2.575 2.0532e-05
-1.125 2.625 1.6328e-05
-1.125 2.675 1.2980e-05
-1.125 2.725 1.0316e-05
-1.125 2.775 8.1958e-06
-1.125 2.825 6.5100e-06
-1.125 2.875 5.1698e-06
-1.125 2.925 4.1046e-06
-1.125 2.975 3.2583e-06
-1.125 3.025 2.5859e-06
-1.125 3.075 2.0519e-06
-1.125 3.125 1.6277e-06
-1.125 3.175 1.2910e-06
-1.125 3.225 1.0236e-06
-1.125 3.275 8.1126e-07
-1.125 3.325 6.4274e-07
-1.125 3.375 5.0897e-07
-1.125 3.425 4.0280e-07
-1.125 3.475 3.1852e-07
-1.125 3.525 2.5161e-07
-1.125 3.575 1.9848e-07
-1.125 3.625 1.5624e-07
-1.125 3.675 1.2259e-07
-1.125 3.725 0.0000e+00
-1.125 3.775 0.0000e+00
-1.125 3.825 0.0000e+00
-1.125 3.875 0.0000e+00
-1.125 3.925 0.0000e+00
-1.125 3.975 0.0000e+00
-1.075 -1.975 0.0000e+00
-1.075 -1.925 0.0000e+00
-1.075 -1.875 0.0000e+00
-1.075 -1.825 0.0000e+00
-1.075 -1.775 0.0000e+00
-1.075 -1.725 0.0000e+00
-1.075 -1.675 0.0000e+00
-1.075 -1.625 0.0000e+00
-1.075 -1.575 0.0000e+00
-1.075 -1.525 0.0000e+00
-1.075 -1.475 0.0000e+00
-1.075 -1.425 0.0000e+00
-1.075 -1.375 0.0000e+00
-1.075 -1.325 0.0000e+00
-1.075 -1.275 0.0000e+00
-1.075 -1.225 0.0000e+00
-1.075 -1.175 0.0000e+00
-1.075 -1.125 0.0000e+00
-1.075 -1.075 0.0000e+00
-1.075 -1.025 0.0000e+00
-1.075 -0.975 0.0000e+00
-1.075 -0.925 0.0000e+00
-1.075 -0.875 0.0000e+00
-1.075 -0.825 0.0000e+00
-1.075 -0.775 0.0000e+00
-1.075 -0.725 0.0000e+00
-1.075 -0.675 0.0000e+00
-1.075 -0.625 0.0000e+00
-1.075 -0.575 0.0000e+00
-1.075 -0.525 0.0000e+00
-1.075 -0.475 0.0000e+00
-1.075 -0.425 0.0000e+00
-1.075 -0.375 0.0000e+00
-1.075 -0.325 0.0000e+00
-1.075 -0.275 0.0000e+00
-1.075 -0.225 0.0000e+00
-1.075 -0.175 0.0000e+00
-1.075 -0.125 0.0000e+00
-1.075 -0.075 0.0000e+00
-1.075 -0.025 0.0000e+00
-1.075 0.025 0.0000e+00
-1.075 0.075 0.0000e+00
-1.075 0.125 0.0000e+00
-1.075 0.175 0.0000e+00
-1.075 0.225 0.0000e+00
-1.075 0.275 0.0000e+00
-1.075 0.325 0.0000e+00
-1.075 0.375 0.0000e+00
-1.075 0.425 0.0000e+00
-1.075 0.475 0.0000e+00
-1.075 0.525 0.0000e+00
-1.075 0.575 0.0000e+00
-1.075 0.625 0.0000e+00
-1.075 0.675 0.0000e+00
-1.075 0.725 0.0000e+00
-1.075 0.775 7.9934e-06
-1.075 0.825 1.4930e-05
-1.075 0.875 2.7079e-05
-1.075 0.925 4.7377e-05
-1.075 0.975 7.9422e-05
-1.075 1.025 1.2679e-04
-1.075 1.075 1.9172e-04
-1.075 1.125 2.7357e-04
-1.075 1.175 3.6754e-04
-1.075 1.225 4.6477e-04
-1.075 1.275 5.5397e-04
-1.075 1.325 6.2422e-04
-1.075 1.375 6.6776e-04
-1.075 1.425 6.8155e-04
-1.075 1.475 6.6728e-04
-1.075 1.525 6.3011e-04
-1.075 1.575 5.7689e-04
-1.075 1.625 5.1454e-04
-1.075 1.675 4.4903e-04
-1.075 1.725 3.8486e-04
-1.075 1.775 3.2501e-04
-1.075 1.825 2.7118e-04
-1.075 1.875 2.2406e-04
-1.075 1.925 1.8367e-04
-1.075 1.975 1.4961e-04
-1.075 2.025 1.2124e-04
-1.075 2.075 9.7846e-05
-1.075 2.125 7.8709e-05
-1.075 2.175 6.3149e-05
-1.075 2.225 5.0559e-05
-1.075 2.275 4.0412e-05
-1.075 2.325 3.2257e-05
-1.075 2.375 2.5721e-05
-1.075 2.425 2.0491e-05
-1.075 2.475 1.6314e-05
-1.075 2.525 1.2980e-05
-1.075 2.575 1.0324e-05
-1.075 2.625 8.2074e-06
-1.075 2.675 6.5230e-06
-1.075 2.725 5.1828e-06
-1.075 2.775 4.1171e-06
-1.075 2.825 3.2698e-06
-1.075 2.875 2.5964e-06
-1.075 2.925 2.0613e-06
-1.075 2.975 1.6362e-06
-1.075 3.025 1.2985e-06
-1.075 3.075 1.0303e-06
-1.075 3.125 8.1728e-07
-1.075 3.175 6.4816e-07
-1.075 3.225 5.1390e-07
-1.075 3.275 4.0730e-07
-1.075 3.325 3.2269e-07
-1.075 3.375 2.5553e-07
-1.075 3.425 2.0222e-07
-1.075 3.475 1.5991e-07
-1.075 3.525 1.2632e-07
-1.075 3.575 9.9645e-08
-1.075 3.625 7.8440e-08
-1.075 3.675 6.1548e-08
-1.075 3.725 0.0000e+00
-1.075 3.775 0.0000e+00
-1.075 3.825 0.0000e+00
-1.075 3.875 0.0000e+00
-1.075 3.925 0.0000e+00
-1.075 3.975 0.0000e+00
-1.025 -1.975 0.0000e+00
-1.025 -1.925 0.0000e+00
-1.025 -1.875 0.0000e+00
-1.025 -1.825 0.0000e+00
-1.025 -1.775 0.0000e+00
-1.025 -1.725 0.0000e+00
-1.025 -1.675 0.0000e+00
-1.025 -1.625 0.0000e+00
-1.025 -1.575 0.0000e+00
-1.025 -1.525 0.0000e+00
-1.025 -1.475 0.0000e+00
-1.025 -1.425 0.0000e+00
-1.025 -1.375 0.0000e+00
-1.025 -1.325 0.0000e+00
-1.025 -1.275 0.0000e+00
-1.025 -1.225 0.0000e+00
-1.025 -1.175 0.0000e+00
-1.025 -1.125 0.0000e+00
-1.025 -1.075 0.0000e+00
-1.025 -1.025 0.0000e+00
-1.025 -0.975 0.0000e+00
-1.025 -0.925 0.0000e+00
-1.025 -0.875 0.0000e+00
-1.025 -0.825 0.0000e+00
-1.025 -0.775 0.0000e+00
-1.025 -0.725 0.0000e+00
-1.025 -0.675 0.0000e+00
-1.025 -0.625 0.0000e+00
-1.025 -0.575 0.0000e+00
-1.025 -0.525 0.0000e+00
-1.025 -0.475 0.0000e+00
-1.025 -0.425 0.0000e+00
-1.025 -0.375 0.0000e+00
-1.025 -0.325 0.0000e+00
-1.025 -0.275 0.0000e+00
-1.025 -0.225 0.0000e+00
-1.025 -0.175 0.0000e+00
-1.025 -0.125 0.0000e+00
-1.025 -0.075 0.0000e+00
-1.025 -0.025 0.0000e+00
-1.025 0.025 0.0000e+00
-1.025 0.075 0.0000e+00
-1.025 0.125 0.0000e+00
-1.025 0.175 0.0000e+00
-1.025 0.225 0.0000e+00
-1.025 0.275 0.0000e+00
-1.025 0.325 0.0000e+00
-1.025 0.375 0.0000e+00
-1.025 0.425 0.0000e+00
-1.025 0.475 0.0000e+00
-1.025 0.525 0.0000e+00
-1.025 0.575 0.0000e+00
-1.025 0.625 0.0000e+00
-1.025 0.675 0.0000e+00
-1.025 0.725 0.0000e+00
-1.025 0.775 9.4156e-06
-1.025 0.825 1.7079e-05
-1.025 0.875 2.9883e-05
-1.025 0.925 5.0100e-05
-1.025 0.975 7.9986e-05
-1.025 1.025 1.2097e-04
-1.025 1.075 1.7264e-04
-1.025 1.125 2.3198e-04
-1.025 1.175 2.9340e-04
-1.025 1.225 3.4976e-04
-1.025 1.275 3.9418e-04
-1.025 1.325 4.2174e-04
-1.025 1.375 4.3052e-04
-1.025 1.425 4.2156e-04
-1.025 1.475 3.9813e-04
-1.025 1.525 3.6454e-04
-1.025 1.575 3.2517e-04
-1.025 1.625 2.8380e-04
-1.025 1.675 2.4326e-04
-1.025 1.725 2.0544e-04
-1.025 1.775 1.7143e-04
-1.025 1.825 1.4165e-04
-1.025 1.875 1.1612e-04
-1.025 1.925 9.4586e-05
-1.025 1.975 7.6653e-05
-1.025 2.025 6.1866e-05
-1.025 2.075 4.9768e-05
-1.025 2.125 3.9931e-05
-1.025 2.175 3.1971e-05
-1.025 2.225 2.5555e-05
-1.025 2.275 2.0399e-05
-1.025 2.325 1.6266e-05
-1.025 2.375 1.2959e-05
-1.025 2.425 1.0318e-05
-1.025 2.475 8.2099e-06
-1.025 2.525 6.5297e-06
-1.025 2.575 5.1915e-06
-1.025 2.625 4.1263e-06
-1.025 2.675 3.2787e-06
-1.025 2.725 2.6047e-06
-1.025 2.775 2.0688e-06
-1.025 2.825 1.6429e-06
-1.025 2.875 1.3044e-06
-1.025 2.925 1.0355e-06
-1.025 2.975 8.2192e-07
-1.025 3.025 6.5226e-07
-1.025 3.075 5.1752e-07
-1.025 3.125 4.1052e-07
-1.025 3.175 3.2557e-07
-1.025 3.225 2.5812e-07
-1.025 3.275 2.0458e-07
-1.025 3.325 1.6208e-07
-1.025 3.375 1.2835e-07
-1.025 3.425 1.0157e-07
-1.025 3.475 8.0319e-08
-1.025 3.525 6.3447e-08
-1.025 3.575 5.0048e-08
-1.025 3.625 3.9398e-08
-1.025 3.675 0.0000e+00
-1.025 3.725 0.0000e+00
-1.025 3.775 0.0000e+00
-1.025 3.825 0.0000e+00
-1.025 3.875 0.0000e+00
-1.025 3.925 0.0000e+00
-1.025 3.975 0.0000e+00
-0.975 -1.975 0.0000e+00
-0.975 -1.925 0.0000e+00
-0.975 -1.875 0.0000e+00
-0.975 -1.825 0.0000e+00
-0.975 -1.775 0.0000e+00
-0.975 -1.725 0.0000e+00
-0.975 -1.675 0.0000e+00
-0.975 -1.625 0.0000e+00
-0.975 -1.575 0.0000e+00
-0.975 -1.525 0.0000e+00
-0.975 -1.475 0.0000e+00
-0.975 -1.425 0.0000e+00
-0.975 -1.375 0.0000e+00
-0.975 -1.325 0.0000e+00
-0.975 -1.275 0.0000e+00
-0.975 -1.225 0.0000e+00
-0.975 -1.175 0.0000e+00
-0.975 -1.125 0.0000e+00
-0.975 -1.075 0.0000e+00
-0.975 -1.025 0.0000e+00
-0.975 -0.975 0.0000e+00
-0.975 -0.925 0.0000e+00
-0.975 -0.875 0.0000e+00
-0.975 -0.825 0.0000e+00
-0.975 -0.775 0.0000e+00
-0.975 -0.725 0.0000e+00
-0.975 -0.675 0.0000e+00
-0.975 -0.625 0.0000e+00
-0.975 -0.575 0.0000e+00
-0.975 -0.525 0.0000e+00
-0.975 -0.475 0.0000e+00
-0.975 -0.425 0.0000e+00
-0.975 -0.375 0.0000e+00
-0.975 -0.325 0.0000e+00
-0.975 -0.275 0.0000e+00
-0.975 -0.225 0.0000e+00
-0.975 -0.175 0.0000e+00
-0.975 -0.125 0.0000e+00
-0.975 -0.075 0.0000e+00
-0.975 -0.025 0.0000e+00
-0.975 0.025 0.0000e+00
-0.975 0.075 0.0000e+00
-0.975 0.125 0.0000e+00
-0.975 0.175 0.0000e+00
-0.975 0.225 0.0000e+00
-0.975 0.275 0.0000e+00
-0.975 0.325 0.0000e+00
-0.975 0.375 0.0000e+00
-0.975 0.425 0.0000e+00
-0.975 0.475 0.0000e+00
-0.975 0.525 0.0000e+00
-0.975 0.575 0.0000e+00
-0.975 0.625 0.0000e+00
-0.975 0.675 0.0000e+00
-0.975 0.725 0.0000e+00
-0.975 0.775 1.0772e-05
-0.975 0.825 1.8850e-05
-0.975 0.875 3.1606e-05
-0.975 0.925 5.0469e-05
-0.975 0.975 7.6342e-05
-0.975 1.025 1.0897e-04
-0.975 1.075 1.4646e-04
-0.975 1.125 1.8527e-04
-0.975 1.175 2.2091e-04
-0.975 1.225 2.4901e-04
-0.975 1.275 2.6648e-04
-0.975 1.325 2.7207e-04
-0.975 1.375 2.6645e-04
-0.975 1.425 2.5167e-04
-0.975 1.475 2.3047e-04
-0.975 1.525 2.0560e-04
-0.975 1.575 1.7946e-04
-0.975 1.625 1.5384e-04
-0.975 1.675 1.2993e-04
-0.975 1.725 1.0842e-04
-0.975 1.775 8.9594e-05
-0.975 1.825 7.3451e-05
-0.975 1.875 5.9833e-05
-0.975 1.925 4.8491e-05
-0.975 1.975 3.9138e-05
-0.975 2.025 3.1485e-05
-0.975 2.075 2.5263e-05
-0.975 2.125 2.0227e-05
-0.975 2.175 1.6169e-05
-0.975 2.225 1.2907e-05
-0.975 2.275 1.0292e-05
-0.975 2.325 8.2001e-06
-0.975 2.375 6.5288e-06
-0.975 2.425 5.1953e-06
-0.975 2.475 4.1322e-06
-0.975 2.525 3.2855e-06
-0.975 2.575 2.6115e-06
-0.975 2.625 2.0752e-06
-0.975 2.675 1.6487e-06
-0.975 2.725 1.3096e-06
-0.975 2.775 1.0401e-06
-0.975 2.825 8.2587e-07
-0.975 2.875 6.5569e-07
-0.975 2.925 5.2049e-07
-0.975 2.975 4.1311e-07
-0.975 3.025 3.2782e-07
-0.975 3.075 2.6010e-07
-0.975 3.125 2.0632e-07
-0.975 3.175 1.6362e-07
-0.975 3.225 1.2972e-07
-0.975 3.275 1.0281e-07
-0.975 3.325 8.1454e-08
-0.975 3.375 6.4500e-08
-0.975 3.425 5.1044e-08
-0.975 3.475 4.0364e-08
-0.975 3.525 3.1885e-08
-0.975 3.575 2.5151e-08
-0.975 3.625 1.9799e-08
-0.975 3.675 0.0000e+00
-0.975 3.725 0.0000e+00
-0.975 3.775 0.0000e+00
-0.975 3.825 0.0000e+00
-0.975 3.875 0.0000e+00
-0.975 3.925 0.0000e+00
-0.975 3.975 0.0000e+00
-0.925 -1.975 0.0000e+00
-0.925 -1.925 0.0000e+00
-0.925 -1.875 0.0000e+00
-0.925 -1.825 0.0000e+00
-0.925 -1.775 0.0000e+00
-0.925 -1.725 0.0000e+00
-0.925 -1.675 0.0000e+00
-0.925 -1.625 0.0000e+00
-0.925 -1.575 0.0000e+00
-0.925 -1.525 0.0000e+00
-0.925 -1.475 0.0000e+00
-0.925 -1.425 0.0000e+00
-0.925 -1.375 0.0000e+00
-0.925 -1.325 0.0000e+00
-0.925 -1.275 0.0000e+00
-0.925 -1.225 0.0000e+00
-0.925 -1.175 0.0000e+00
-0.925 -1.125 0.0000e+00
-0.925 -1.075 0.0000e+00
-0.925 -1.025 0.0000e+00
-0.925 -0.975 0.0000e+00
-0.925 -0.925 0.0000e+00
-0.925 -0.875 0.0000e+00
-0.925 -0.825 0.0000e+00
-0.925 -0.775 0.0000e+00
-0.925 -0.725 0.0000e+00
-0.925 -0.675 0.0000e+00
-0.925 -0.625 0.0000e+00
-0.925 -0.575 0.0000e+00
-0.925 -0.525 0.0000e+00
-0.925 -0.475 0.0000e+00
-0.925 -0.425 0.0000e+00
-0.925 -0.375 0.0000e+00
-0.925 -0.325 0.0000e+00
-0.925 -0.275 0.0000e+00
-0.925 -0.225 0.0000e+00
-0.925 -0.175 0.0000e+00
-0.925 -0.125 0.0000e+00
-0.925 -0.075 0.0000e+00
-0.925 -0.025 0.0000e+00
-0.925 0.025 0.0000e+00
-0.925 0.075 0.0000e+00
-0.925 0.125 0.0000e+00
-0.925 0.175 0.0000e+00
-0.925 0.225 0.0000e+00
-0.925 0.275 0.0000e+00
-0.925 0.325 0.0000e+00
-0.925 0.375 0.0000e+00
-0.925 0.425 0.0000e+00
-0.925 0.475 0.0000e+00
-0.925 0.525 0.0000e+00
-0.925 0.575 0.0000e+00
-0.925 0.625 0.0000e+00
-0.925 0.675 0.0000e+00
-0.925 0.725 0.0000e+00
-0.925 0.775 1.1891e-05
-0.925 0.825 1.9942e-05
-0.925 0.875 3.1849e-05
-0.925 0.925 4.8188e-05
-0.925 0.975 6.8800e-05
-0.925 1.025 9.2491e-05
-0.925 1.075 1.1703e-04
-0.925 1.125 1.3958e-04
-0.925 1.175 1.5738e-04
-0.925 1.225 1.6845e-04
-0.925 1.275 1.7202e-04
-0.925 1.325 1.6850e-04
-0.925 1.375 1.5919e-04
-0.925 1.425 1.4580e-04
-0.925 1.475 1.3008e-04
-0.925 1.525 1.1355e-04
-0.925 1.575 9.7350e-05
-0.925 1.625 8.2230e-05
-0.925 1.675 6.8623e-05
-0.925 1.725 5.6709e-05
-0.925 1.775 4.6493e-05
-0.925 1.825 3.7875e-05
-0.925 1.875 3.0696e-05
-0.925 1.925 2.4777e-05
-0.925 1.975 1.9933e-05
-0.925 2.025 1.5994e-05
-0.925 2.075 1.2806e-05
-0.925 2.125 1.0237e-05
-0.925 2.175 8.1720e-06
-0.925 2.225 6.5167e-06
-0.925 2.275 5.1922e-06
-0.925 2.325 4.1341e-06
-0.925 2.375 3.2898e-06
-0.925 2.425 2.6167e-06
-0.925 2.475 2.0806e-06
-0.925 2.525 1.6539e-06
-0.925 2.575 1.3143e-06
-0.925 2.625 1.0442e-06
-0.925 2.675 8.2951e-07
-0.925 2.725 6.5883e-07
-0.925 2.775 5.2319e-07
-0.925 2.825 4.1542e-07
-0.925 2.875 3.2980e-07
-0.925 2.925 2.6179e-07
-0.925 2.975 2.0777e-07
-0.925 3.025 1.6487e-07
-0.925 3.075 1.3081e-07
-0.925 3.125 1.0376e-07
-0.925 3.175 8.2286e-08
-0.925 3.225 6.5238e-08
-0.925 3.275 5.1705e-08
-0.925 3.325 4.0963e-08
-0.925 3.375 3.2437e-08
-0.925 3.425 2.5670e-08
-0.925 3.475 2.0299e-08
-0.925 3.525 1.6035e-08
-0.925 3.575 1.2648e-08
-0.925 3.625 9.9568e-09
-0.925 3.675 0.0000e+00
-0.925 3.725 0.0000e+00
-0.925 3.775 0.0000e+00
-0.925 3.825 0.0000e+00
-0.925 3.875 0.0000e+00
-0.925 3.925 0.0000e+00
-0.925 3.975 0.0000e+00
-0.875 -1.975 0.0000e+00
-0.875 -1.925 0.0000e+00
-0.875 -1.875 0.0000e+00
-0.875 -1.825 0.0000e+00
-0.875 -1.775 0.0000e+00
-0.875 -1.725 0.0000e+00
-0.875 -1.675 0.0000e+00
-0.875 -1.625 0.0000e+00
-0.875 -1.575 0.0000e+00
-0.875 -1.525 0.0000e+00
-0.875 -1.475 0.0000e+00
-0.875 -1.425 0.0000e+00
-0.875 -1.375 0.0000e+00
-0.875 -1.325 0.0000e+00
-0.875 -1.275 0.0000e+00
-0.875 -1.225 0.0000e+00
-0.875 -1.175 0.0000e+00
-0.875 -1.125 0.0000e+00
-0.875 -1.075 0.0000e+00
-0.875 -1.025 0.0000e+00
-0.875 -0.975 0.0000e+00
-0.875 -0.925 0.0000e+00
-0.875 -0.875 0.0000e+00
-0.875 -0.825 0.0000e+00
-0.875 -0.775 0.0000e+00
-0.875 -0.725 0.0000e+00
-0.875 -0.675 0.0000e+00
-0.875 -0.625 0.0000e+00
-0.875 -0.575 0.0000e+00
-0.875 -0.525 0.0000e+00
-0.875 -0.475 0.0000e+00
-0.875 -0.425 0.0000e+00
-0.875 -0.375 0.0000e+00
-0.875 -0.325 0.0000e+00
-0.875 -0.275 0.0000e+00
-0.875 -0.225 0.0000e+00
-0.875 -0.175 0.0000e+00
-0.875 -0.125 0.0000e+00
-0.875 -0.075 0.0000e+00
-0.875 -0.025 0.0000e+00
-0.875 0.025 0.0000e+00
-0.875 0.075 0.0000e+00
-0.875 0.125 0.0000e+00
-0.875 0.175 0.0000e+00
-0.875 0.225 0.0000e+00
-0.875 0.275 0.0000e+00
-0.875 0.325 0.0000e+00
-0.875 0.375 0.0000e+00
-0.875 0.425 0.0000e+00
-0.875 0.475 0.0000e+00
-0.875 0.525 0.0000e+00
-0.875 0.575 0.0000e+00
-0.875 0.625 0.0000e+00
-0.875 0.675 0.0000e+00
-0.875 0.725 0.0000e+00
-0.875 0.775 1.2584e-05
-0.875 0.825 2.0103e-05
-0.875 0.875 3.0425e-05
-0.875 0.925 4.3452e-05
-0.875 0.975 5.8433e-05
-0.875 1.025 7.3963e-05
-0.875 1.075 8.8241e-05
-0.875 1.125 9.9523e-05
-0.875 1.175 1.0656e-04
-0.875 1.225 1.0884e-04
-0.875 1.275 1.0664e-04
-0.875 1.325 1.0076e-04
-0.875 1.375 9.2302e-05
-0.875 1.425 8.2366e-05
-0.875 1.475 7.1910e-05
-0.875 1.525 6.1655e-05
-0.875 1.575 5.2084e-05
-0.875 1.625 4.3469e-05
-0.875 1.675 3.5924e-05
-0.875 1.725 2.9454e-05
-0.875 1.775 2.3996e-05
-0.875 1.825 1.9449e-05
-0.875 1.875 1.5699e-05
-0.875 1.925 1.2630e-05
-0.875 1.975 1.0134e-05
-0.875 2.025 8.1149e-06
-0.875 2.075 6.4869e-06
-0.875 2.125 5.1786e-06
-0.875 2.175 4.1297e-06
-0.875 2.225 3.2905e-06
-0.875 2.275 2.6200e-06
-0.875 2.325 2.0850e-06
-0.875 2.375 1.6585e-06
-0.875 2.425 1.3187e-06
-0.875 2.475 1.0483e-06
-0.875 2.525 8.3309e-07
-0.875 2.575 6.6194e-07
-0.875 2.625 5.2585e-07
-0.875 2.675 4.1768e-07
-0.875 2.725 3.3171e-07
-0.875 2.775 2.6340e-07
-0.875 2.825 2.0913e-07
-0.875 2.875 1.6602e-07
-0.875 2.925 1.3178e-07
-0.875 2.975 1.0459e-07
-0.875 3.025 8.2992e-08
-0.875 3.075 6.5844e-08
-0.875 3.125 5.2228e-08
-0.875 3.175 4.1419e-08
-0.875 3.225 3.2837e-08
-0.875 3.275 2.6025e-08
-0.875 3.325 2.0618e-08
-0.875 3.375 1.6327e-08
-0.875 3.425 1.2921e-08
-0.875 3.475 1.0217e-08
-0.875 3.525 8.0708e-09
-0.875 3.575 6.3664e-09
-0.875 3.625 0.0000e+00
-0.875 3.675 0.0000e+00
-0.875 3.725 0.0000e+00
-0.875 3.775 0.0000e+00
-0.875 3.825 0.0000e+00
-0.875 3.875 0.0000e+00
-0.875 3.925 0.0000e+00
-0.875 3.975 0.0000e+00
-0.825 -1.975 0.0000e+00
-0.825 -1.925 0.0000e+00
-0.825 -1.875 0.0000e+00
-0.825 -1.825 0.0000e+00
-0.825 -1.775 0.0000e+00
-0.825 -1.725 0.0000e+00
-0.825 -1.675 0.0000e+00
-0.825 -1.625 0.0000e+00
-0.825 -1.575 0.0000e+00
-0.825 -1.525 0.0000e+00
-0.825 -1.475 0.0000e+00
-0.825 -1.425 0.0000e+00
-0.825 -1.375 0.0000e+00
-0.825 -1.325 0.0000e+00
-0.825 -1.275 0.0000e+00
-0.825 -1.225 0.0000e+00
-0.825 -1.175 0.0000e+00
-0.825 -1.125 0.0000e+00
-0.825 -1.075 0.0000e+00
-0.825 -1.025 0.0000e+00
-0.825 -0.975 0.0000e+00
-0.825 -0.925 0.0000e+00
-0.825 -0.875 0.0000e+00
-0.825 -0.825 0.0000e+00
-0.825 -0.775 0.0000e+00
-0.825 -0.725 0.0000e+00
-0.825 -0.675 0.0000e+00
-0.825 -0.625 0.0000e+00
-0.825 -0.575 0.0000e+00
-0.825 -0.525 0.0000e+00
-0.825 -0.475 0.0000e+00
-0.825 -0.425 0.0000e+00
-0.825 -0.375 0.0000e+00
-0.825 -0.325 0.0000e+00
-0.825 -0.275 0.0000e+00
-0.825 -0.225 0.0000e+00
-0.825 -0.175 0.0000e+00
-0.825 -0.125 0.0000e+00
-0.825 -0.075 0.0000e+00
-0.825 -0.025 0.0000e+00
-0.825 0.025 0.0000e+00
-0.825 0.075 0.0000e+00
-0.825 0.125 0.0000e+00
-0.825 0.175 0.0000e+00
-0.825 0.225 0.0000e+00
-0.825 0.275 0.0000e+00
-0.825 0.325 0.0000e+00
-0.825 0.375 0.0000e+00
-0.825 0.425 0.0000e+00
-0.825 0.475 0.0000e+00
-0.825 0.525 0.0000e+00
-0.825 0.575 0.0000e+00
-0.825 0.625 0.0000e+00
-0.825 0.675 0.0000e+00
-0.825 0.725 0.0000e+00
-0.825 0.775 1.2692e-05
-0.825 0.825 1.9215e-05
-0.825 0.875 2.7453e-05
-0.825 0.925 3.6934e-05
-0.825 0.975 4.6768e-05
-0.825 1.025 5.5819e-05
-0.825 1.075 6.2979e-05
-0.825 1.125 6.7453e-05
-0.825 1.175 6.8922e-05
-0.825 1.225 6.7546e-05
-0.825 1.275 6.3839e-05
-0.825 1.325 5.8492e-05
-0.825 1.375 5.2205e-05
-0.825 1.425 4.5584e-05
-0.825 1.475 3.9089e-05
-0.825 1.525 3.3024e-05
-0.825 1.575 2.7564e-05
-0.825 1.625 2.2782e-05
-0.825 1.675 1.8680e-05
-0.825 1.725 1.5219e-05
-0.825 1.775 1.2336e-05
-0.825 1.825 9.9575e-06
-0.825 1.875 8.0114e-06
-0.825 1.925 6.4286e-06
-0.825 1.975 5.1477e-06
-0.825 2.025 4.1151e-06
-0.825 2.075 3.2853e-06
-0.825 2.125 2.6199e-06
-0.825 2.175 2.0876e-06
-0.825 2.225 1.6622e-06
-0.825 2.275 1.3228e-06
-0.825 2.325 1.0523e-06
-0.825 2.375 8.3674e-07
-0.825 2.425 6.6516e-07
-0.825 2.475 5.2863e-07
-0.825 2.525 4.2005e-07
-0.825 2.575 3.3371e-07
-0.825 2.625 2.6507e-07
-0.825 2.675 2.1053e-07
-0.825 2.725 1.6719e-07
-0.825 2.775 1.3275e-07
-0.825 2.825 1.0540e-07
-0.825 2.875 8.3667e-08
-0.825 2.925 6.6410e-08
-0.825 2.975 5.2704e-08
-0.825 3.025 4.1821e-08
-0.825 3.075 3.3179e-08
-0.825 3.125 2.6318e-08
-0.825 3.175 2.0871e-08
-0.825 3.225 1.6547e-08
-0.825 3.275 1.3114e-08
-0.825 3.325 1.0390e-08
-0.825 3.375 8.2270e-09
-0.825 3.425 6.5106e-09
-0.825 3.475 5.1483e-09
-0.825 3.525 4.0668e-09
-0.825 3.575 3.2080e-09
-0.825 3.625 0.0000e+00
-0.825 3.675 0.0000e+00
-0.825 3.725 0.0000e+00
-0.825 3.775 0.0000e+00
-0.825 3.825 0.0000e+00
-0.825 3.875 0.0000e+00
-0.825 3.925 0.0000e+00
-0.825 3.975 0.0000e+00
-0.775 -1.975 0.0000e+00
-0.775 -1.925 0.0000e+00
-0.775 -1.875 0.0000e+00
-0.775 -1.825 0.0000e+00
-0.775 -1.775 0.0000e+00
-0.775 -1.725 0.0000e+00
-0.775 -1.675 0.0000e+00
-0.775 -1.625 0.0000e+00
-0.775 -1.575 0.0000e+00
-0.775 -1.525 0.0000e+00
-0.775 -1.475 0.0000e+00
-0.775 -1.425 0.0000e+00
-0.775 -1.375 0.0000e+00
-0.775 -1.325 0.0000e+00
-0.775 -1.275 0.0000e+00
-0.775 -1.225 0.0000e+00
-0.775 -1.175 0.0000e+00
-0.775 -1.125 0.0000e+00
-0.775 -1.075 0.0000e+00
-0.775 -1.025 0.0000e+00
-0.775 -0.975 0.0000e+00
-0.775 -0.925 0.0000e+00
-0.775 -0.875 0.0000e+00
-0.775 -0.825 0.0000e+00
-0.775 -0.775 0.0000e+00
-0.775 -0.725 0.0000e+00
-0.775 -0.675 0.0000e+00
-0.775 -0.625 0.0000e+00
-0.775 -0.575 0.0000e+00
-0.775 -0.525 0.0000e+00
-0.775 -0.475 0.0000e+00
-0.775 -0.425 0.0000e+00
-0.775 -0.375 0.0000e+00
-0.775 -0.325 0.0000e+00
-0.775 -0.275 0.0000e+00
-0.775 -0.225 0.0000e+00
-0.775 -0.175 0.0000e+00
-0.775 -0.125 0.0000e+00
-0.775 -0.075 0.0000e+00
-0.775 -0.025 0.0000e+00
-0.775 0.025 0.0000e+00
-0.775 0.075 0.0000e+00
-0.775 0.125 0.0000e+00
-0.775 0.175 0.0000e+00
-0.775 0.225 0.0000e+00
-0.775 0.275 0.0000e+00
-0.775 0.325 0.0000e+00
-0.775 0.375 0.0000e+00
-0.775 0.425 0.0000e+00
-0.775 0.475 0.0000e+00
-0.775 0.525 0.0000e+00
-0.775 0.575 0.0000e+00
-0.775 0.625 0.0000e+00
-0.775 0.675 0.0000e+00
-0.775 0.725 0.0000e+00
-0.775 0.775 1.2140e-05
-0.775 0.825 1.7353e-05
-0.775 0.875 2.3358e-05
-0.775 0.925 2.9592e-05
-0.775 0.975 3.5337e-05
-0.775 1.025 3.9888e-05
-0.775 1.075 4.2740e-05
-0.775 1.125 4.3688e-05
-0.775 1.175 4.2830e-05
-0.775 1.225 4.0492e-05
-0.775 1.275 3.7110e-05
-0.775 1.325 3.3129e-05
-0.775 1.375 2.8933e-05
-0.775 1.425 2.4814e-05
-0.775 1.475 2.0967e-05
-0.775 1.525 1.7502e-05
-0.775 1.575 1.4467e-05
-0.775 1.625 1.1863e-05
-0.775 1.675 9.6657e-06
-0.775 1.725 7.8349e-06
-0.775 1.775 6.3247e-06
-0.775 1.825 5.0887e-06
-0.775 1.875 4.0835e-06
-0.775 1.925 3.2700e-06
-0.775 1.975 2.6141e-06
-0.775 2.025 2.0870e-06
-0.775 2.075 1.6644e-06
-0.775 2.125 1.3262e-06
-0.775 2.175 1.0560e-06
-0.775 2.225 8.4043e-07
-0.775 2.275 6.6855e-07
-0.775 2.325 5.3163e-07
-0.775 2.375 4.2263e-07
-0.775 2.425 3.3590e-07
-0.775 2.475 2.6691e-07
-0.775 2.525 2.1206e-07
-0.775 2.575 1.6845e-07
-0.775 2.625 1.3380e-07
-0.775 2.675 1.0626e-07
-0.775 2.725 8.4377e-08
-0.775 2.775 6.6995e-08
-0.775 2.825 5.3188e-08
-0.775 2.875 4.2222e-08
-0.775 2.925 3.3512e-08
-0.775 2.975 2.6596e-08
-0.775 3.025 2.1104e-08
-0.775 3.075 1.6743e-08
-0.775 3.125 1.3280e-08
-0.775 3.175 1.0532e-08
-0.775 3.225 8.3495e-09
-0.775 3.275 6.6174e-09
-0.775 3.325 5.2425e-09
-0.775 3.375 4.1513e-09
-0.775 3.425 3.2852e-09
-0.775 3.475 2.5978e-09
-0.775 3.525 2.0521e-09
-0.775 3.575 0.0000e+00
-0.775 3.625 0.0000e+00
-0.775 3.675 0.0000e+00
-0.775 3.725 0.0000e+00
-0.775 3.775 0.0000e+00
-0.775 3.825 0.0000e+00
-0.775 3.875 0.0000e+00
-0.775 3.925 0.0000e+00
-0.775 3.975 0.0000e+00
-0.725 -1.975 0.0000e+00
-0.725 -1.925 0.0000e+00
-0.725 -1.875 0.0000e+00
-0.725 -1.825 0.0000e+00
-0.725 -1.775 0.0000e+00
-0.725 -1.725 0.0000e+00
-0.725 -1.675 0.0000e+00
-0.725 -1.625 0.0000e+00
-0.725 -1.575 0.0000e+00
-0.725 -1.525 0.0000e+00
-0.725 -1.475 0.0000e+00
-0.725 -1.425 0.0000e+00
-0.725 -1.375 0.0000e+00
-0.725 -1.325 0.0000e+00
-0.725 -1.275 0.0000e+00
-0.725 -1.225 0.0000e+00
-0.725 -1.175 0.0000e+00
-0.725 -1.125 0.0000e+00
-0.725 -1.075 0.0000e+00
-0.725 -1.025 0.0000e+00
-0.725 -0.975 0.0000e+00
-0.725 -0.925 0.0000e+00
-0.725 -0.875 0.0000e+00
-0.725 -0.825 0.0000e+00
-0.725 -0.775 0.0000e+00
-0.725 -0.725 0.0000e+00
-0.725 -0.675 0.0000e+00
-0.725 -0.625 0.0000e+00
-0.725 -0.575 0.0000e+00
-0.725 -0.525 0.0000e+00
-0.725 -0.475 0.0000e+00
-0.725 -0.425 0.0000e+00
-0.725 -0.375 0.0000e+00
-0.725 -0.325 0.0000e+00
-0.725 -0.275 0.0000e+00
-0.725 -0.225 0.0000e+00
-0.725 -0.175 0.0000e+00
-0.725 -0.125 0.0000e+00
-0.725 -0.075 0.0000e+00
-0.725 -0.025 0.0000e+00
-0.725 0.025 0.0000e+00
-0.725 0.075 0.0000e+00
-0.725 0.125 0.0000e+00
-0.725 0.175 0.0000e+00
-0.725 0.225 0.0000e+00
-0.725 0.275 0.0000e+00
-0.725 0.325 0.0000e+00
-0.725 0.375 0.0000e+00
-0.725 0.425 0.0000e+00
-0.725 0.475 0.0000e+00
-0.725 0.525 0.0000e+00
-0.725 0.575 0.0000e+00
-0.725 0.625 0.0000e+00
-0.725 0.675 0.0000e+00
-0.725 0.725 0.0000e+00
-0.725 0.775 1.0975e-05
-0.725 0.825 1.4782e-05
-0.725 0.875 1.8740e-05
-0.725 0.925 2.2392e-05
-0.725 0.975 2.5290e-05
-0.725 1.025 2.7113e-05
-0.725 1.075 2.7728e-05
-0.725 1.125 2.7196e-05
-0.725 1.175 2.5721e-05
-0.725 1.225 2.3580e-05
-0.725 1.275 2.1056e-05
-0.725 1.325 1.8393e-05
-0.725 1.375 1.5778e-05
-0.725 1.425 1.3334e-05
-0.725 1.475 1.1132e-05
-0.725 1.525 9.2022e-06
-0.725 1.575 7.5466e-06
-0.725 1.625 6.1492e-06
-0.725 1.675 4.9848e-06
-0.725 1.725 4.0242e-06
-0.725 1.775 3.2379e-06
-0.725 1.825 2.5984e-06
-0.725 1.875 2.0808e-06
-0.725 1.925 1.6635e-06
-0.725 1.975 1.3281e-06
-0.725 2.025 1.0592e-06
-0.725 2.075 8.4402e-07
-0.725 2.125 6.7208e-07
-0.725 2.175 5.3488e-07
-0.725 2.225 4.2550e-07
-0.725 2.275 3.3837e-07
-0.725 2.325 2.6900e-07
-0.725 2.375 2.1380e-07
-0.725 2.425 1.6990e-07
-0.725 2.475 1.3499e-07
-0.725 2.525 1.0723e-07
-0.725 2.575 8.5176e-08
-0.725 2.625 6.7648e-08
-0.725 2.675 5.3721e-08
-0.725 2.725 4.2658e-08
-0.725 2.775 3.3869e-08
-0.725 2.825 2.6888e-08
-0.725 2.875 2.1344e-08
-0.725 2.925 1.6941e-08
-0.725 2.975 1.3444e-08
-0.725 3.025 1.0668e-08
-0.725 3.075 8.4634e-09
-0.725 3.125 6.7131e-09
-0.725 3.175 5.3236e-09
-0.725 3.225 4.2206e-09
-0.725 3.275 3.3450e-09
-0.725 3.325 2.6500e-09
-0.725 3.375 2.0984e-09
-0.725 3.425 1.6606e-09
-0.725 3.475 1.3132e-09
-0.725 3.525 1.0373e-09
-0.725 3.575 0.0000e+00
-0.725 3.625 0.0000e+00
-0.725 3.675 0.0000e+00
-0.725 3.725 0.0000e+00
-0.725 3.775 0.0000e+00
-0.725 3.825 0.0000e+00
-0.725 3.875 0.0000e+00
-0.725 3.925 0.0000e+00
-0.725 3.975 0.0000e+00
-0.675 -1.975 0.0000e+00
-0.675 -1.925 0.0000e+00
-0.675 -1.875 0.0000e+00
-0.675 -1.825 0.0000e+00
-0.675 -1.775 0.0000e+00
-0.675 -1.725 0.0000e+00
-0.675 -1.675 0.0000e+00
-0.675 -1.625 0.0000e+00
-0.675 -1.575 0.0000e+00
-0.675 -1.525 0.0000e+00
-0.675 -1.475 0.0000e+00
-0.675 -1.425 0.0000e+00
-0.675 -1.375 0.0000e+00
-0.675 -1.325 0.0000e+00
-0.675 -1.275 0.0000e+00
-0.675 -1.225 0.0000e+00
-0.675 -1.175 0.0000e+00
-0.675 -1.125 0.0000e+00
-0.675 -1.075 0.0000e+00
-0.675 -1.025 0.0000e+00
-0.675 -0.975 0.0000e+00
-0.675 -0.925 0.0000e+00
-0.675 -0.875 0.0000e+00
-0.675 -0.825 0.0000e+00
-0.675 -0.775 0.0000e+00
-0.675 -0.725 0.0000e+00
-0.675 -0.675 0.0000e+00
-0.675 -0.625 0.0000e+00
-0.675 -0.575 0.0000e+00
-0.675 -0.525 0.0000e+00
-0.675 -0.475 0.0000e+00
-0.675 -0.425 0.0000e+00
-0.675 -0.375 0.0000e+00
-0.675 -0.325 0.0000e+00
-0.675 -0.275 0.0000e+00
-0.675 -0.225 0.0000e+00
-0.675 -0.175 0.0000e+00
-0.675 -0.125 0.0000e+00
-0.675 -0.075 0.0000e+00
-0.675 -0.025 0.0000e+00
-0.675 0.025 0.0000e+00
-0.675 0.075 0.0000e+00
-0.675 0.125 0.0000e+00
-0.675 0.175 0.0000e+00
-0.675 0.225 0.0000e+00
-0.675 0.275 0.0000e+00
-0.675 0.325 0.0000e+00
-0.675 0.375 0.0000e+00
-0.675 0.425 0.0000e+00
-0.675 0.475 0.0000e+00
-0.675 0.525 0.0000e+00
-0.675 0.575 0.0000e+00
-0.675 0.625 0.0000e+00
-0.675 0.675 0.0000e+00
-0.675 0.725 0.0000e+00
-0.675 0.775 0.0000e+00
-0.675 0.825 0.0000e+00
-0.675 0.875 0.0000e+00
-0.675 0.925 0.0000e+00
-0.675 0.975 0.0000e+00
-0.675 1.025 0.0000e+00
-0.675 1.075 0.0000e+00
-0.675 1.125 0.0000e+00
-0.675 1.175 0.0000e+00
-0.675 1.225 0.0000e+00
-0.675 1.275 0.0000e+00
-0.675 1.325 0.0000e+00
-0.675 1.375 0.0000e+00
-0.675 1.425 0.0000e+00
-0.675 1.475 0.0000e+00
-0.675 1.525 0.0000e+00
-0.675 1.575 0.0000e+00
-0.675 1.625 0.0000e+00
-0.675 1.675 0.0000e+00
-0.675 1.725 0.0000e+00
-0.675 1.775 0.0000e+00
-0.675 1.825 0.0000e+00
-0.675 1.875 0.0000e+00
-0.675 1.925 0.0000e+00
-0.675 1.975 0.0000e+00
-0.675 2.025 0.0000e+00
-0.675 2.075 0.0000e+00
-0.675 2.125 0.0000e+00
-0.675 2.175 0.0000e+00
-0.675 2.225 0.0000e+00
-0.675 2.275 0.0000e+00
-0.675 2.325 0.0000e+00
-0.675 2.375 0.0000e+00
-0.675 2.425 0.0000e+00
-0.675 2.475 0.0000e+00
-0.675 2.525 0.0000e+00
-0.675 2.575 0.0000e+00
-0.675 2.625 0.0000e+00
-0.675 2.675 0.0000e+00
-0.675 2.725 0.0000e+00
-0.675 2.775 0.0000e+00
-0.675 2.825 0.0000e+00
-0.675 2.875 0.0000e+00
-0.675 2.925 0.0000e+00
-0.675 2.975 0.0000e+00
-0.675 3.025 0.0000e+00
-0.675 3.075 0.0000e+00
-0.675 3.125 0.0000e+00
-0.675 3.175 0.0000e+00
-0.675 3.225 0.0000e+00
-0.675 3.275 0.0000e+00
-0.675 3.325 0.0000e+00
-0.675 3.375 0.0000e+00
-0.675 3.425 0.0000e+00
-0.675 3.475 0.0000e+00
-0.675 3.525 0.0000e+00
-0.675 3.575 0.0000e+00
-0.675 3.625 0.0000e+00
-0.675 3.675 0.0000e+00
-0.675 3.725 0.0000e+00
-0.675 3.775 0.0000e+00
-0.675 3.825 0.0000e+00
-0.675 3.875 0.0000e+00
-0.675 3.925 0.0000e+00
-0.675 3.975 0.0000e+00
-0.625 -1.975 0.0000e+00
-0.625 -1.925 0.0000e+00
-0.625 -1.875 0.0000e+00
-0.625 -1.825 0.0000e+00
-0.625 -1.775 0.0000e+00
-0.625 -1.725 0.0000e+00
-0.625 -1.675 0.0000e+00
-0.625 -1.625 0.0000e+00
-0.625 -1.575 0.0000e+00
-0.625 -1.525 0.0000e+00
-0.625 -1.475 0.0000e+00
-0.625 -1.425 0.0000e+00
-0.625 -1.375 0.0000e+00
-0.625 -1.325 0.0000e+00
-0.625 -1.275 0.0000e+00
-0.625 -1.225 0.0000e+00
-0.625 -1.175 0.0000e+00
-0.625 -1.125 0.0000e+00
-0.625 -1.075 0.0000e+00
-0.625 -1.025 0.0000e+00
-0.625 -0.975 0.0000e+00
-0.625 -0.925 0.0000e+00
-0.625 -0.875 0.0000e+00
-0.625 -0.825 0.0000e+00
-0.625 -0.775 0.0000e+00
-0.625 -0.725 0.0000e+00
-0.625 -0.675 0.0000e+00
-0.625 -0.625 0.0000e+00
-0.625 -0.575 0.0000e+00
-0.625 -0.525 0.0000e+00
-0.625 -0.475 0.0000e+00
-0.625 -0.425 0.0000e+00
-0.625 -0.375 0.0000e+00
-0.625 -0.325 0.0000e+00
-0.625 -0.275 0.0000e+00
-0.625 -0.225 0.0000e+00
-0.625 -0.175 0.0000e+00
-0.625 -0.125 0.0000e+00
-0.625 -0.075 0.0000e+00
-0.625 -0.025 0.0000e+00
-0.625 0.025 0.0000e+00
-0.625 0.075 0.0000e+00
-0.625 0.125 0.0000e+00
-0.625 0.175 0.0000e+00
-0.625 0.225 0.0000e+00
-0.625 0.275 0.0000e+00
-0.625 0.325 0.0000e+00
-0.625 0.375 0.0000e+00
-0.625 0.425 0.0000e+00
-0.625 0.475 0.0000e+00
-0.625 0.525 0.0000e+00
-0.625 0.575 0.0000e+00
-0.625 0.625 0.0000e+00
-0.625 0.675 0.0000e+00
-0.625 0.725 0.0000e+00
-0.625 0.775 0.0000e+00
-0.625 0.825 0.0000e+00
-0.625 0.875 0.0000e+00
-0.625 0.925 0.0000e+00
-0.625 0.975 0.0000e+00
-0.625 1.025 0.0000e+00
-0.625 1.075 0.0000e+00
-0.625 1.125 0.0000e+00
-0.625 1.175 0.0000e+00
-0.625 1.225 0.0000e+00
-0.625 1.275 0.0000e+00
-0.625 1.325 0.0000e+00
-0.625 1.375 0.0000e+00
-0.625 1.425 0.0000e+00
-0.625 1.475 0.0000e+00
-0.625 1.525 0.0000e+00
-0.625 1.575 0.0000e+00
-0.625 1.625 0.0000e+00
-0.625 1.675 0.0000e+00
-0.625 1.725 0.0000e+00
-0.625 1.775 0.0000e+00
-0.625 1.825 0.0000e+00
-0.625 1.875 0.0000e+00
-0.625 1.925 0.0000e+00
-0.625 1.975 0.0000e+00
-0.625 2.025 0.0000e+00
-0.625 2.075 0.0000e+00
-0.625 2.125 0.0000e+00
-0.625 2.175 0.0000e+00
-0.625 2.225 0.0000e+00
-0.625 2.275 0.0000e+00
-0.625 2.325 0.0000e+00
-0.625 2.375 0.0000e+00
-0.625 2.425 0.0000e+00
-0.625 2.475 0.0000e+00
-0.625 2.525 0.0000e+00
-0.625 2.575 0.0000e+00
-0.625 2.625 0.0000e+00
-0.625 2.675 0.0000e+00
-0.625 2.725 0.0000e+00
-0.625 2.775 0.0000e+00
-0.625 2.825 0.0000e+00
-0.625 2.875 0.0000e+00
-0.625 2.925 0.0000e+00
-0.625 2.975 0.0000e+00
-0.625 3.025 0.0000e+00
-0.625 3.075 0.0000e+00
-0.625 3.125 0.0000e+00
-0.625 3.175 0.0000e+00
-0.625 3.225 0.0000e+00
-0.625 3.275 0.0000e+00
-0.625 3.325 0.0000e+00
-0.625 3.375 0.0000e+00
-0.625 3.425 0.0000e+00
-0.625 3.475 0.0000e+00
-0.625 3.525 0.0000e+00
-0.625 3.575 0.0000e+00
-0.625 3.625 0.0000e+00
-0.625 3.675 0.0000e+00
-0.625 3.725 0.0000e+00
-0.625 3.775 0.0000e+00
-0.625 3.825 0.0000e+00
-0.625 3.875 0.0000e+00
-0.625 3.925 0.0000e+00
-0.625 3.975 0.0000e+00
-0.575 -1.975 0.0000e+00
-0.575 -1.925 0.0000e+00
-0.575 -1.875 0.0000e+00
-0.575 -1.825 0.0000e+00
-0.575 -1.775 0.0000e+00
-0.575 -1.725 0.0000e+00
-0.575 -1.675 0.0000e+00
-0.575 -1.625 0.0000e+00
-0.575 -1.575 0.0000e+00
-0.575 -1.525 0.0000e+00
-0.575 -1.475 0.0000e+00
-0.575 -1.425 0.0000e+00
-0.575 -1.375 0.0000e+00
-0.575 -1.325 0.0000e+00
-0.575 -1.275 0.0000e+00
-0.575 -1.225 0.0000e+00
-0.575 -1.175 0.0000e+00
-0.575 -1.125 0.0000e+00
-0.575 -1.075 0.0000e+00
-0.575 -1.025 0.0000e+00
-0.575 -0.975 0.0000e+00
-0.575 -0.925 0.0000e+00
-0.575 -0.875 0.0000e+00
-0.575 -0.825 0.0000e+00
-0.575 -0.775 0.0000e+00
-0.575 -0.725 0.0000e+00
-0.575 -0.675 0.0000e+00
-0.575 -0.625 0.0000e+00
-0.575 -0.575 0.0000e+00
-0.575 -0.525 0.0000e+00
-0.575 -0.475 0.0000e+00
-0.575 -0.425 0.0000e+00
-0.575 -0.375 0.0000e+00
-0.575 -0.325 0.0000e+00
-0.575 -0.275 0.0000e+00
-0.575 -0.225 0.0000e+00
-0.575 -0.175 0.0000e+00
-0.575 -0.125 0.0000e+00
-0.575 -0.075 0.0000e+00
-0.575 -0.025 0.0000e+00
-0.575 0.025 0.0000e+00
-0.575 0.075 0.0000e+00
-0.575 0.125 0.0000e+00
-0.575 0.175 0.0000e+00
-0.575 0.225 0.0000e+00
-0.575 0.275 0.0000e+00
-0.575 0.325 0.0000e+00
-0.575 0.375 0.0000e+00
-0.575 0.425 0.0000e+00
-0.575 0.475 0.0000e+00
-0.575 0.525 0.0000e+00
-0.575 0.575 0.0000e+00
-0.575 0.625 0.0000e+00
-0.575 0.675 0.0000e+00
-0.575 0.725 0.0000e+00
-0.575 0.775 0.0000e+00
-0.575 0.825 0.0000e+00
-0.575 0.875 0.0000e+00
-0.575 0.925 0.0000e+00
-0.575 0.975 0.0000e+00
-0.575 1.025 0.0000e+00
-0.575 1.075 0.0000e+00
-0.575 1.125 0.0000e+00
-0.575 1.175 0.0000e+00
-0.575 1.225 0.0000e+00
-0.575 1.275 0.0000e+00
-0.575 1.325 0.0000e+00
-0.575 1.375 0.0000e+00
-0.575 1.425 0.0000e+00
-0.575 1.475 0.0000e+00
-0.575 1.525 0.0000e+00
-0.575 1.575 0.0000e+00
-0.575 1.625 0.0000e+00
-0.575 1.675 0.0000e+00
-0.575 1.725 0.0000e+00
-0.575 1.775 0.0000e+00
-0.575 1.825 0.0000e+00
-0.575 1.875 0.0000e+00
-0.575 1.925 0.0000e+00
-0.575 1.975 0.0000e+00
-0.575 2.025 0.0000e+00
-0.575 2.075 0.0000e+00
-0.575 2.125 0.0000e+00
-0.575 2.175 0.0000e+00
-0.575 2.225 0.0000e+00
-0.575 2.275 0.0000e+00
-0.575 2.325 0.0000e+00
-0.575 2.375 0.0000e+00
-0.575 2.425 0.0000e+00
-0.575 2.475 0.0000e+00
-0.575 2.525 0.0000e+00
-0.575 2.575 0.0000e+00
-0.575 2.625 0.0000e+00
-0.575 2.675 0.0000e+00
-0.575 2.725 0.0000e+00
-0.575 2.775 0.0000e+00
-0.575 2.825 0.0000e+00
-0.575 2.875 0.0000e+00
-0.575 2.925 0.0000e+00
-0.575 2.975 0.0000e+00
-0.575 3.025 0.0000e+00
-0.575 3.075 0.0000e+00
-0.575 3.125 0.0000e+00
-0.575 3.175 0.0000e+00
-0.575 3.225 0.0000e+00
-0.575 3.275 0.0000e+00
-0.575 3.325 0.0000e+00
-0.575 3.375 0.0000e+00
-0.575 3.425 0.0000e+00
-0.575 3.475 0.0000e+00
-0.575 3.525 0.0000e+00
-0.575 3.575 0.0000e+00
-0.575 3.625 0.0000e+00
-0.575 3.675 0.0000e+00
-0.575 3.725 0.0000e+00
-0.575 3.775 0.0000e+00
-0.575 3.825 0.0000e+00
-0.575 3.875 0.0000e+00
-0.575 3.925 0.0000e+00
-0.575 3.975 0.0000e+00
-0.525 -1.975 0.0000e+00
-0.525 -1.925 0.0000e+00
-0.525 -1.875 0.0000e+00
-0.525 -1.825 0.0000e+00
-0.525 -1.775 0.0000e+00
-0.525 -1.725 0.0000e+00
-0.525 -1.675 0.0000e+00
-0.525 -1.625 0.0000e+00
-0.525 -1.575 0.0000e+00
-0.525 -1.525 0.0000e+00
-0.525 -1.475 0.0000e+00
-0.525 -1.425 0.0000e+00
-0.525 -1.375 0.0000e+00
-0.525 -1.325 0.0000e+00
-0.525 -1.275 0.0000e+00
-0.525 -1.225 0.0000e+00
-0.525 -1.175 0.0000e+00
-0.525 -1.125 0.0000e+00
-0.525 -1.075 0.0000e+00
-0.525 -1.025 0.0000e+00
-0.525 -0.975 0.0000e+00
-0.525 -0.925 0.0000e+00
-0.525 -0.875 0.0000e+00
-0.525 -0.825 0.0000e+00
-0.525 -0.775 0.0000e+00
-0.525 -0.725 0.0000e+00
-0.525 -0.675 0.0000e+00
-0.525 -0.625 0.0000e+00
-0.525 -0.575 0.0000e+00
-0.525 -0.525 0.0000e+00
-0.525 -0.475 0.0000e+00
-0.525 -0.425 0.0000e+00
-0.525 -0.375 0.0000e+00
-0.525 -0.325 0.0000e+00
-0.525 -0.275 0.0000e+00
-0.525 -0.225 0.0000e+00
-0.525 -0.175 0.0000e+00
-0.525 -0.125 0.0000e+00
-0.525 -0.075 0.0000e+00
-0.525 -0.025 0.0000e+00
-0.525 0.025 0.0000e+00
-0.525 0.075 0.0000e+00
-0.525 0.125 0.0000e+00
-0.525 0.175 0.0000e+00
-0.525 0.225 0.0000e+00
-0.525 0.275 0.0000e+00
-0.525 0.325 0.0000e+00
-0.525 0.375 0.0000e+00
-0.525 0.425 0.0000e+00
-0.525 0.475 0.0000e+00
-0.525 0.525 0.0000e+00
-0.525 0.575 0.0000e+00
-0.525 0.625 0.0000e+00
-0.525 0.675 0.0000e+00
-0.525 0.725 0.0000e+00
-0.525 0.775 0.0000e+00
-0.525 0.825 0.0000e+00
-0.525 0.875 0.0000e+00
-0.525 0.925 0.0000e+00
-0.525 0.975 0.0000e+00
-0.525 1.025 0.0000e+00
-0.525 1.075 0.0000e+00
-0.525 1.125 0.0000e+00
-0.525 1.175 0.0000e+00
-0.525 1.225 0.0000e+00
-0.525 1.275 0.0000e+00
-0.525 1.325 0.0000e+00
-0.525 1.375 0.0000e+00
-0.525 1.425 0.0000e+00
-0.525 1.475 0.0000e+00
-0.525 1.525 0.0000e+00
-0.525 1.575 0.0000e+00
-0.525 1.625 0.0000e+00
-0.525 1.675 0.0000e+00
-0.525 1.725 0.0000e+00
-0.525 1.775 0.0000e+00
-0.525 1.825 0.0000e+00
-0.525 1.875 0.0000e+00
-0.525 1.925 0.0000e+00
-0.525 1.975 0.0000e+00
-0.525 2.025 0.0000e+00
-0.525 2.075 0.0000e+00
-0.525 2.125 0.0000e+00
-0.525 2.175 0.0000e+00
-0.525 2.225 0.0000e+00
-0.525 2.275 0.0000e+00
-0.525 2.325 0.0000e+00
-0.525 2.375 0.0000e+00
-0.525 2.425 0.0000e+00
-0.525 2.475 0.0000e+00
-0.525 2.525 0.0000e+00
-0.525 2.575 0.0000e+00
-0.525 2.625 0.0000e+00
-0.525 2.675 0.0000e+00
-0.525 2.725 0.0000e+00
-0.525 2.775 0.0000e+00
-0.525 2.825 0.0000e+00
-0.525 2.875 0.0000e+00
-0.525 2.925 0.0000e+00
-0.525 2.975 0.0000e+00
-0.525 3.025 0.0000e+00
-0.525 3.075 0.0000e+00
-0.525 3.125 0.0000e+00
-0.525 3.175 0.0000e+00
-0.525 3.225 0.0000e+00
-0.525 3.275 0.0000e+00
-0.525 3.325 0.0000e+00
-0.525 3.375 0.0000e+00
-0.525 3.425 0.0000e+00
-0.525 3.475 0.0000e+00
-0.525 3.525 0.0000e+00
-0.525 3.575 0.0000e+00
-0.525 3.625 0.0000e+00
-0.525 3.675 0.0000e+00
-0.525 3.725 0.0000e+00
-0.525 3.775 0.0000e+00
-0.525 3.825 0.0000e+00
-0.525 3.875 0.0000e+00
-0.525 3.925 0.0000e+00
-0.525 3.975 0.0000e+00
-0.475 -1.975 0.0000e+00
-0.475 -1.925 0.0000e+00
-0.475 -1.875 0.0000e+00
-0.475 -1.825 0.0000e+00
-0.475 -1.775 0.0000e+00
-0.475 -1.725 0.0000e+00
-0.475 -1.675 0.0000e+00
-0.475 -1.625 0.0000e+00
-0.475 -1.575 0.0000e+00
-0.475 -1.525 0.0000e+00
-0.475 -1.475 0.0000e+00
-0.475 -1.425 0.0000e+00
-0.475 -1.375 0.0000e+00
-0.475 -1.325 0.0000e+00
-0.475 -1.275 0.0000e+00
-0.475 -1.225 0.0000e+00
-0.475 -1.175 0.0000e+00
-0.475 -1.125 0.0000e+00
-0.475 -1.075 0.0000e+00
-0.475 -1.025 0.0000e+00
-0.475 -0.975 0.0000e+00
-0.475 -0.925 0.0000e+00
-0.475 -0.875 0.0000e+00
-0.475 -0.825 0.0000e+00
-0.475 -0.775 0.0000e+00
-0.475 -0.725 0.0000e+00
-0.475 -0.675 0.0000e+00
-0.475 -0.625 0.0000e+00
-0.475 -0.575 0.0000e+00
-0.475 -0.525 0.0000e+00
-0.475 -0.475 0.0000e+00
-0.475 -0.425 0.0000e+00
-0.475 -0.375 0.0000e+00
-0.475 -0.325 0.0000e+00
-0.475 -0.275 0.0000e+00
-0.475 -0.225 0.0000e+00
-0.475 -0.175 0.0000e+00
-0.475 -0.125 0.0000e+00
-0.475 -0.075 0.0000e+00
-0.475 -0.025 0.0000e+00
-0.475 0.025 0.0000e+00
-0.475 0.075 0.0000e+00
-0.475 0.125 0.0000e+00
-0.475 0.175 0.0000e+00
-0.475 0.225 0.0000e+00
-0.475 0.275 0.0000e+00
-0.475 0.325 0.0000e+00
-0.475 0.375 0.0000e+00
-0.475 0.425 0.0000e+00
-0.475 0.475 0.0000e+00
-0.475 0.525 0.0000e+00
-0.475 0.575 0.0000e+00
-0.475 0.625 0.0000e+00
-0.475 0.675 0.0000e+00
-0.475 0.725 0.0000e+00
-0.475 0.775 0.0000e+00
-0.475 0.825 0.0000e+00
-0.475 0.875 0.0000e+00
-0.475 0.925 0.0000e+00
-0.475 0.975 0.0000e+00
-0.475 1.025 0.0000e+00
-0.475 1.075 0.0000e+00
-0.475 1.125 0.0000e+00
-0.475 1.175 0.0000e+00
-0.475 1.225 0.0000e+00
-0.475 1.275 0.0000e+00
-0.475 1.325 0.0000e+00
-0.475 1.375 0.0000e+00
-0.475 1.425 0.0000e+00
-0.475 1.475 0.0000e+00
-0.475 1.525 0.0000e+00
-0.475 1.575 0.0000e+00
-0.475 1.625 0.0000e+00
-0.475 1.675 0.0000e+00
-0.475 1.725 0.0000e+00
-0.475 1.775 0.0000e+00
-0.475 1.825 0.0000e+00
-0.475 1.875 0.0000e+00
-0.475 1.925 0.0000e+00
-0.475 1.975 0.0000e+00
-0.475 2.025 0.0000e+00
-0.475 2.075 0.0000e+00
-0.475 2.125 0.0000e+00
-0.475 2.175 0.0000e+00
-0.475 2.225 0.0000e+00
-0.475 2.275 0.0000e+00
-0.475 2.325 0.0000e+00
-0.475 2.375 0.0000e+00
-0.475 2.425 0.0000e+00
-0.475 2.475 0.0000e+00
-0.475 2.525 0.0000e+00
-0.475 2.575 0.0000e+00
-0.475 2.625 0.0000e+00
-0.475 2.675 0.0000e+00
-0.475 2.725 0.0000e+00
-0.475 2.775 0.0000e+00
-0.475 2.825 0.0000e+00
-0.475 2.875 0.0000e+00
-0.475 2.925 0.0000e+00
-0.475 2.975 0.0000e+00
-0.475 3.025 0.0000e+00
-0.475 3.075 0.0000e+00
-0.475 3.125 0.0000e+00
-0.475 3.175 0.0000e+00
-0.475 3.225 0.0000e+00
-0.475 3.275 0.0000e+00
-0.475 3.325 0.0000e+00
-0.475 3.375 0.0000e+00
-0.475 3.425 0.0000e+00
-0.475 3.475 0.0000e+00
-0.475 3.525 0.0000e+00
-0.475 3.575 0.0000e+00
-0.475 3.625 0.0000e+00
-0.475 3.675 0.0000e+00
-0.475 3.725 0.0000e+00
-0.475 3.775 0.0000e+00
-0.475 3.825 0.0000e+00
-0.475 3.875 0.0000e+00
-0.475 3.925 0.0000e+00
-0.475 3.975 0.0000e+00
-0.425 -1.975 0.0000e+00
-0.425 -1.925 0.0000e+00
-0.425 -1.875 0.0000e+00
-0.425 -1.825 0.0000e+00
-0.425 -1.775 0.0000e+00
-0.425 -1.725 0.0000e+00
-0.425 -1.675 0.0000e+00
-0.425 -1.625 0.0000e+00
-0.425 -1.575 0.0000e+00
-0.425 -1.525 0.0000e+00
-0.425 -1.475 0.0000e+00
-0.425 -1.425 0.0000e+00
-0.425 -1.375 0.0000e+00
-0.425 -1.325 0.0000e+00
-0.425 -1.275 0.0000e+00
-0.425 -1.225 0.0000e+00
-0.425 -1.175 0.0000e+00
-0.425 -1.125 0.0000e+00
-0.425 -1.075 0.0000e+00
-0.425 -1.025 0.0000e+00
-0.425 -0.975 0.0000e+00
-0.425 -0.925 0.0000e+00
-0.425 -0.875 0.0000e+00
-0.425 -0.825 0.0000e+00
-0.425 -0.775 0.0000e+00
-0.425 -0.725 0.0000e+00
-0.425 -0.675 0.0000e+00
-0.425 -0.625 0.0000e+00
-0.425 -0.575 0.0000e+00
-0.425 -0.525 0.0000e+00
-0.425 -0.475 0.0000e+00
-0.425 -0.425 0.0000e+00
-0.425 -0.375 0.0000e+00
-0.425 -0.325 0.0000e+00
-0.425 -0.275 0.0000e+00
-0.425 -0.225 0.0000e+00
-0.425 -0.175 0.0000e+00
-0.425 -0.125 0.0000e+00
-0.425 -0.075 0.0000e+00
-0.425 -0.025 0.0000e+00
-0.425 0.025 0.0000e+00
-0.425 0.075 0.0000e+00
-0.425 0.125 0.0000e+00
-0.425 0.175 0.0000e+00
-0.425 0.225 0.0000e+00
-0.425 0.275 0.0000e+00
-0.425 0.325 0.0000e+00
-0.425 0.375 0.0000e+00
-0.425 0.425 0.0000e+00
-0.425 0.475 0.0000e+00
-0.425 0.525 0.0000e+00
-0.425 0.575 0.0000e+00
-0.425 0.625 0.0000e+00
-0.425 0.675 0.0000e+00
-0.425 0.725 0.0000e+00
-0.425 0.775 0.0000e+00
-0.425 0.825 0.0000e+00
-0.425 0.875 0.0000e+00
-0.425 0.925 0.0000e+00
-0.425 0.975 0.0000e+00
-0.425 1.025 0.0000e+00
-0.425 1.075 0.0000e+00
-0.425 1.125 0.0000e+00
-0.425 1.175 0.0000e+00
-0.425 1.225 0.0000e+00
-0.425 1.275 0.0000e+00
-0.425 1.325 0.0000e+00
-0.425 1.375 0.0000e+00
-0.425 1.425 0.0000e+00
-0.425 1.475 0.0000e+00
-0.425 1.525 0.0000e+00
-0.425 1.575 0.0000e+00
-0.425 1.625 0.0000e+00
-0.425 1.675 0.0000e+00
-0.425 1.725 0.0000e+00
-0.425 1.775 0.0000e+00
-0.425 1.825 0.0000e+00
-0.425 1.875 0.0000e+00
-0.425 1.925 0.0000e+00
-0.425 1.975 0.0000e+00
-0.425 2.025 0.0000e+00
-0.425 2.075 0.0000e+00
-0.425 2.125 0.0000e+00
-0.425 2.175 0.0000e+00
-0.425 2.225 0.0000e+00
-0.425 2.275 0.0000e+00
-0.425 2.325 0.0000e+00
-0.425 2.375 0.0000e+00
-0.425 2.425 0.0000e+00
-0.425 2.475 0.0000e+00
-0.425 2.525 0.0000e+00
-0.425 2.575 0.0000e+00
-0.425 2.625 0.0000e+00
-0.425 2.675 0.0000e+00
-0.425 2.725 0.0000e+00
-0.425 2.775 0.0000e+00
-0.425 2.825 0.0000e+00
-0.425 2.875 0.0000e+00
-0.425 2.925 0.0000e+00
-0.425 2.975 0.0000e+00
-0.425 3.025 0.0000e+00
-0.425 3.075 0.0000e+00
-0.425 3.125 0.0000e+00
-0.425 3.175 0.0000e+00
-0.425 3.225 0.0000e+00
-0.425 3.275 0.0000e+00
-0.425 3.325 0.0000e+00
-0.425 3.375 0.0000e+00
-0.425 3.425 0.0000e+00
-0.425 3.475 0.0000e+00
-0.425 3.525 0.0000e+00
-0.425 3.575 0.0000e+00
-0.425 3.625 0.0000e+00
-0.425 3.675 0.0000e+00
-0.425 3.725 0.0000e+00
-0.425 3.775 0.0000e+00
-0.425 3.825 0.0000e+00
-0.425 3.875 0.0000e+00
-0.425 3.925 0.0000e+00
-0.425 3.975 0.0000e+00
-0.375 -1.975 0.0000e+00
-0.375 -1.925 0.0000e+00
-0.375 -1.875 0.0000e+00
-0.375 -1.825 0.0000e+00
-0.375 -1.775 0.0000e+00
-0.375 -1.725 0.0000e+00
-0.375 -1.675 0.0000e+00
-0.375 -1.625 0.0000e+00
-0.375 -1.575 0.0000e+00
-0.375 -1.525 0.0000e+00
-0.375 -1.475 0.0000e+00
-0.375 -1.425 0.0000e+00
-0.375 -1.375 0.0000e+00
-0.375 -1.325 0.0000e+00
-0.375 -1.275 0.0000e+00
-0.375 -1.225 0.0000e+00
-0.375 -1.175 0.0000e+00
-0.375 -1.125 0.0000e+00
-0.375 -1.075 0.0000e+00
-0.375 -1.025 0.0000e+00
-0.375 -0.975 0.0000e+00
-0.375 -0.925 0.0000e+00
-0.375 -0.875 0.0000e+00
-0.375 -0.825 0.0000e+00
-0.375 -0.775 0.0000e+00
-0.375 -0.725 0.0000e+00
-0.375 -0.675 0.0000e+00
-0.375 -0.625 0.0000e+00
-0.375 -0.575 0.0000e+00
-0.375 -0.525 0.0000e+00
-0.375 -0.475 0.0000e+00
-0.375 -0.425 0.0000e+00
-0.375 -0.375 0.0000e+00
-0.375 -0.325 0.0000e+00
-0.375 -0.275 0.0000e+00
-0.375 -0.225 0.0000e+00
-0.375 -0.175 0.0000e+00
-0.375 -0.125 0.0000e+00
-0.375 -0.075 0.0000e+00
-0.375 -0.025 0.0000e+00
-0.375 0.025 0.0000e+00
-0.375 0.075 0.0000e+00
-0.375 0.125 0.0000e+00
-0.375 0.175 0.0000e+00
-0.375 0.225 0.0000e+00
-0.375 0.275 0.0000e+00
-0.375 0.325 0.0000e+00
-0.375 0.375 0.0000e+00
-0.375 0.425 0.0000e+00
-0.375 0.475 0.0000e+00
-0.375 0.525 0.0000e+00
-0.375 0.575 0.0000e+00
-0.375 0.625 0.0000e+00
-0.375 0.675 0.0000e+00
-0.375 0.725 0.0000e+00
-0.375 0.775 0.0000e+00
-0.375 0.825 0.0000e+00
-0.375 0.875 0.0000e+00
-0.375 0.925 0.0000e+00
-0.375 0.975 0.0000e+00
-0.375 1.025 0.0000e+00
-0.375 1.075 0.0000e+00
-0.375 1.125 0.0000e+00
-0.375 1.175 0.0000e+00
-0.375 1.225 0.0000e+00
-0.375 1.275 0.0000e+00
-0.375 1.325 0.0000e+00
-0.375 1.375 0.0000e+00
-0.375 1.425 0.0000e+00
-0.375 1.475 0.0000e+00
-0.375 1.525 0.0000e+00
-0.375 1.575 0.0000e+00
-0.375 1.625 0.0000e+00
-0.375 1.675 0.0000e+00
-0.375 1.725 0.0000e+00
-0.375 1.775 0.0000e+00
-0.375 1.825 0.0000e+00
-0.375 1.875 0.0000e+00
-0.375 1.925 0.0000e+00
-0.375 1.975 0.0000e+00
-0.375 2.025 0.0000e+00
-0.375 2.075 0.0000e+00
-0.375 2.125 0.0000e+00
-0.375 2.175 0.0000e+00
-0.375 2.225 0.0000e+00
-0.375 2.275 0.0000e+00
-0.375 2.325 0.0000e+00
-0.375 2.375 0.0000e+00
-0.375 2.425 0.0000e+00
-0.375 2.475 0.0000e+00
-0.375 2.525 0.0000e+00
-0.375 2.575 0.0000e+00
-0.375 2.625 0.0000e+00
-0.375 2.675 0.0000e+00
-0.375 2.725 0.0000e+00
-0.375 2.775 0.0000e+00
-0.375 2.825 0.0000e+00
-0.375 2.875 0.0000e+00
-0.375 2.925 0.0000e+00
-0.375 2.975 0.0000e+00
-0.375 3.025 0.0000e+00
-0.375 3.075 0.0000e+00
-0.375 3.125 0.0000e+00
-0.375 3.175 0.0000e+00
-0.375 3.225 0.0000e+00
-0.375 3.275 0.0000e+00
-0.375 3.325 0.0000e+00
-0.375 3.375 0.0000e+00
-0.375 3.425 0.0000e+00
-0.375 3.475 0.0000e+00
-0.375 3.525 0.0000e+00
-0.375 3.575 0.0000e+00
-0.375 3.625 0.0000e+00
-0.375 3.675 0.0000e+00
-0.375 3.725 0.0000e+00
-0.375 3.775 0.0000e+00
-0.375 3.825 0.0000e+00
-0.375 3.875 0.0000e+00
-0.375 3.925 0.0000e+00
-0.375 3.975 0.0000e+00
-0.325 -1.975 0.0000e+00
-0.325 -1.925 0.0000e+00
-0.325 -1.875 0.0000e+00
-0.325 -1.825 0.0000e+00
-0.325 -1.775 0.0000e+00
-0.325 -1.725 0.0000e+00
-0.325 -1.675 0.0000e+00
-0.325 -1.625 0.0000e+00
-0.325 -1.575 0.0000e+00
-0.325 -1.525 0.0000e+00
-0.325 -1.475 0.0000e+00
-0.325 -1.425 0.0000e+00
-0.325 -1.375 0.0000e+00
-0.325 -1.325 0.0000e+00
-0.325 -1.275 0.0000e+00
-0.325 -1.225 0.0000e+00
-0.325 -1.175 0.0000e+00
-0.325 -1.125 0.0000e+00
-0.325 -1.075 0.0000e+00
-0.325 -1.025 0.0000e+00
-0.325 -0.975 0.0000e+00
-0.325 -0.925 0.0000e+00
-0.325 -0.875 0.0000e+00
-0.325 -0.825 0.0000e+00
-0.325 -0.775 0.0000e+00
-0.325 -0.725 0.0000e+00
-0.325 -0.675 0.0000e+00
-0.325 -0.625 0.0000e+00
-0.325 -0.575 0.0000e+00
-0.325 -0.525 0.0000e+00
-0.325 -0.475 0.0000e+00
-0.325 -0.425 0.0000e+00
-0.325 -0.375 0.0000e+00
-0.325 -0.325 0.0000e+00
-0.325 -0.275 0.0000e+00
-0.325 -0.225 0.0000e+00
-0.325 -0.175 0.0000e+00
-0.325 -0.125 0.0000e+00
-0.325 -0.075 0.0000e+00
-0.325 -0.025 0.0000e+00
-0.325 0.025 0.0000e+00
-0.325 0.075 0.0000e+00
-0.325 0.125 0.0000e+00
-0.325 0.175 0.0000e+00
-0.325 0.225 0.0000e+00
-0.325 0.275 0.0000e+00
-0.325 0.325 0.0000e+00
-0.325 0.375 0.0000e+00
-0.325 0.425 0.0000e+00
-0.325 0.475 0.0000e+00
-0.325 0.525 0.0000e+00
-0.325 0.575 0.0000e+00
-0.325 0.625 0.0000e+00
-0.325 0.675 0.0000e+00
-0.325 0.725 0.0000e+00
-0.325 0.775 0.0000e+00
-0.325 0.825 0.0000e+00
-0.325 0.875 0.0000e+00
-0.325 0.925 0.0000e+00
-0.325 0.975 0.0000e+00
-0.325 1.025 0.0000e+00
-0.325 1.075 0.0000e+00
-0.325 1.125 0.0000e+00
-0.325 1.175 0.0000e+00
-0.325 1.225 0.0000e+00
-0.325 1.275 0.0000e+00
-0.325 1.325 0.0000e+00
-0.325 1.375 0.0000e+00
-0.325 1.425 0.0000e+00
-0.325 1.475 0.0000e+00
-0.325 1.525 0.0000e+00
-0.325 1.575 0.0000e+00
-0.325 1.625 0.0000e+00
-0.325 1.675 0.0000e+00
-0.325 1.725 0.0000e+00
-0.325 1.775 0.0000e+00
-0.325 1.825 0.0000e+00
-0.325 1.875 0.0000e+00
-0.325 1.925 0.0000e+00
-0.325 1.975 0.0000e+00
-0.325 2.025 0.0000e+00
-0.325 2.075 0.0000e+00
-0.325 2.125 0.0000e+00
-0.325 2.175 0.0000e+00
-0.325 2.225 0.0000e+00
-0.325 2.275 0.0000e+00
-0.325 2.325 0.0000e+00
-0.325 2.375 0.0000e+00
-0.325 2.425 0.0000e+00
-0.325 2.475 0.0000e+00
-0.325 2.525 0.0000e+00
-0.325 2.575 0.0000e+00
-0.325 2.625 0.0000e+00
-0.325 2.675 0.0000e+00
-0.325 2.725 0.0000e+00
-0.325 2.775 0.0000e+00
-0.325 2.825 0.0000e+00
-0.325 2.875 0.0000e+00
-0.325 2.925 0.0000e+00
-0.325 2.975 0.0000e+00
-0.325 3.025 0.0000e+00
-0.325 3.075 0.0000e+00
-0.325 3.125 0.0000e+00
-0.325 3.175 0.0000e+00
-0.325 3.225 0.0000e+00
-0.325 3.275 0.0000e+00
-0.325 3.325 0.0000e+00
-0.325 3.375 0.0000e+00
-0.325 3.425 0.0000e+00
-0.325 3.475 0.0000e+00
-0.325 3.525 0.0000e+00
-0.325 3.575 0.0000e+00
-0.325 3.625 0.0000e+00
-0.325 3.675 0.0000e+00
-0.325 3.725 0.0000e+00
-0.325 3.775 0.0000e+00
-0.325 3.825 0.0000e+00
-0.325 3.875 0.0000e+00
-0.325 3.925 0.0000e+00
-0.325 3.975 0.0000e+00
-0.275 -1.975 0.0000e+00
-0.275 -1.925 0.0000e+00
-0.275 -1.875 0.0000e+00
-0.275 -1.825 0.0000e+00
-0.275 -1.775 0.0000e+00
-0.275 -1.725 0.0000e+00
-0.275 -1.675 0.0000e+00
-0.275 -1.625 0.0000e+00
-0.275 -1.575 0.0000e+00
-0.275 -1.525 0.0000e+00
-0.275 -1.475 0.0000e+00
-0.275 -1.425 0.0000e+00
-0.275 -1.375 0.0000e+00
-0.275 -1.325 0.0000e+00
-0.275 -1.275 0.0000e+00
-0.275 -1.225 0.0000e+00
-0.275 -1.175 0.0000e+00
-0.275 -1.125 0.0000e+00
-0.275 -1.075 0.0000e+00
-0.275 -1.025 0.0000e+00
-0.275 -0.975 0.0000e+00
-0.275 -0.925 0.0000e+00
-0.275 -0.875 0.0000e+00
-0.275 -0.825 0.0000e+00
-0.275 -0.775 0.0000e+00
-0.275 -0.725 0.0000e+00
-0.275 -0.675 0.0000e+00
-0.275 -0.625 0.0000e+00
-0.275 -0.575 0.0000e+00
-0.275 -0.525 0.0000e+00
-0.275 -0.475 0.0000e+00
-0.275 -0.425 0.0000e+00
-0.275 -0.375 0.0000e+00
-0.275 -0.325 0.0000e+00
-0.275 -0.275 0.0000e+00
-0.275 -0.225 0.0000e+00
-0.275 -0.175 0.0000e+00
-0.275 -0.125 0.0000e+00
-0.275 -0.075 0.0000e+00
-0.275 -0.025 0.0000e+00
-0.275 0.025 0.0000e+00
-0.275 0.075 0.0000e+00
-0.275 0.125 0.0000e+00
-0.275 0.175 0.0000e+00
-0.275 0.225 0.0000e+00
-0.275 0.275 0.0000e+00
-0.275 0.325 0.0000e+00
-0.275 0.375 0.0000e+00
-0.275 0.425 0.0000e+00
-0.275 0.475 0.0000e+00
-0.275 0.525 0.0000e+00
-0.275 0.575 0.0000e+00
-0.275 0.625 0.0000e+00
-0.275 0.675 0.0000e+00
-0.275 0.725 0.0000e+00
-0.275 0.775 0.0000e+00
-0.275 0.825 0.0000e+00
-0.275 0.875 0.0000e+00
-0.275 0.925 0.0000e+00
-0.275 0.975 0.0000e+00
-0.275 1.025 0.0000e+00
-0.275 1.075 0.0000e+00
-0.275 1.125 0.0000e+00
-0.275 1.175 0.0000e+00
-0.275 1.225 0.0000e+00
-0.275 1.275 0.0000e+00
-0.275 1.325 0.0000e+00
-0.275 1.375 0.0000e+00
-0.275 1.425 0.0000e+00
-0.275 1.475 0.0000e+00
-0.275 1.525 0.0000e+00
-0.275 1.575 0.0000e+00
-0.275 1.625 0.0000e+00
-0.275 1.675 0.0000e+00
-0.275 1.725 0.0000e+00
-0.275 1.775 0.0000e+00
-0.275 1.825 0.0000e+00
-0.275 1.875 0.0000e+00
-0.275 1.925 0.0000e+00
-0.275 1.975 0.0000e+00
-0.275 2.025 0.0000e+00
-0.275 2.075 0.0000e+00
-0.275 2.125 0.0000e+00
-0.275 2.175 0.0000e+00
-0.275 2.225 0.0000e+00
-0.275 2.275 0.0000e+00
-0.275 2.325 0.0000e+00
-0.275 2.375 0.0000e+00
-0.275 2.425 0.0000e+00
-0.275 2.475 0.0000e+00
-0.275 2.525 0.0000e+00
-0.275 2.575 0.0000e+00
-0.275 2.625 0.0000e+00
-0.275 2.675 0.0000e+00
-0.275 2.725 0.0000e+00
-0.275 2.775 0.0000e+00
-0.275 2.825 0.0000e+00
-0.275 2.875 0.0000e+00
-0.275 2.925 0.0000e+00
-0.275 2.975 0.0000e+00
-0.275 3.025 0.0000e+00
-0.275 3.075 0.0000e+00
-0.275 3.125 0.0000e+00
-0.275 3.175 0.0000e+00
-0.275 3.225 0.0000e+00
-0.275 3.275 0.0000e+00
-0.275 3.325 0.0000e+00
-0.275 3.375 0.0000e+00
-0.275 3.425 0.0000e+00
-0.275 3.475 0.0000e+00
-0.275 3.525 0.0000e+00
-0.275 3.575 0.0000e+00
-0.275 3.625 0.0000e+00
-0.275 3.675 0.0000e+00
-0.275 3.725 0.0000e+00
-0.275 3.775 0.0000e+00
-0.275 3.825 0.0000e+00
-0.275 3.875 0.0000e+00
-0.275 3.925 0.0000e+00
-0.275 3.975 0.0000e+00
-0.225 -1.975 0.0000e+00
-0.225 -1.925 0.0000e+00
-0.225 -1.875 0.0000e+00
-0.225 -1.825 0.0000e+00
-0.225 -1.775 0.0000e+00
-0.225 -1.725 0.0000e+00
-0.225 -1.675 0.0000e+00
-0.225 -1.625 0.0000e+00
-0.225 -1.575 0.0000e+00
-0.225 -1.525 0.0000e+00
-0.225 -1.475 0.0000e+00
-0.225 -1.425 0.0000e+00
-0.225 -1.375 0.0000e+00
-0.225 -1.325 0.0000e+00
-0.225 -1.275 0.0000e+00
-0.225 -1.225 0.0000e+00
-0.225 -1.175 0.0000e+00
-0.225 -1.125 0.0000e+00
-0.225 -1.075 0.0000e+00
-0.225 -1.025 0.0000e+00
-0.225 -0.975 0.0000e+00
-0.225 -0.925 0.0000e+00
-0.225 -0.875 0.0000e+00
-0.225 -0.825 0.0000e+00
-0.225 -0.775 0.0000e+00
-0.225 -0.725 0.0000e+00
-0.225 -0.675 0.0000e+00
-0.225 -0.625 0.0000e+00
-0.225 -0.575 0.0000e+00
-0.225 -0.525 0.0000e+00
-0.225 -0.475 0.0000e+00
-0.225 -0.425 0.0000e+00
-0.225 -0.375 0.0000e+00
-0.225 -0.325 0.0000e+00
-0.225 -0.275 0.0000e+00
-0.225 -0.225 0.0000e+00
-0.225 -0.175 0.0000e+00
-0.225 -0.125 0.0000e+00
-0.225 -0.075 0.0000e+00
-0.225 -0.025 0.0000e+00
-0.225 0.025 0.0000e+00
-0.225 0.075 0.0000e+00
-0.225 0.125 0.0000e+00
-0.225 0.175 0.0000e+00
-0.225 0.225 0.0000e+00
-0.225 0.275 0.0000e+00
-0.225 0.325 0.0000e+00
-0.225 0.375 0.0000e+00
-0.225 0.425 0.0000e+00
-0.225 0.475 0.0000e+00
-0.225 0.525 0.0000e+00
-0.225 0.575 0.0000e+00
-0.225 0.625 0.0000e+00
-0.225 0.675 0.0000e+00
-0.225 0.725 0.0000e+00
-0.225 0.775 0.0000e+00
-0.225 0.825 0.0000e+00
-0.225 0.875 0.0000e+00
-0.225 0.925 0.0000e+00
-0.225 0.975 0.0000e+00
-0.225 1.025 0.0000e+00
-0.225 1.075 0.0000e+00
-0.225 1.125 0.0000e+00
-0.225 1.175 0.0000e+00
-0.225 1.225 0.0000e+00
-0.225 1.275 0.0000e+00
-0.225 1.325 0.0000e+00
-0.225 1.375 0.0000e+00
-0.225 1.425 0.0000e+00
-0.225 1.475 0.0000e+00
-0.225 1.525 0.0000e+00
-0.225 1.575 0.0000e+00
-0.225 1.625 0.0000e+00
-0.225 1.675 0.0000e+00
-0.225 1.725 0.0000e+00
-0.225 1.775 0.0000e+00
-0.225 1.825 0.0000e+00
-0.225 1.875 0.0000e+00
-0.225 1.925 0.0000e+00
-0.225 1.975 0.0000e+00
-0.225 2.025 0.0000e+00
-0.225 2.075 0.0000e+00
-0.225 2.125 0.0000e+00
-0.225 2.175 0.0000e+00
-0.225 2.225 0.0000e+00
-0.225 2.275 0.0000e+00
-0.225 2.325 0.0000e+00
-0.225 2.375 0.0000e+00
-0.225 2.425 0.0000e+00
-0.225 2.475 0.0000e+00
-0.225 2.525 0.0000e+00
-0.225 2.575 0.0000e+00
-0.225 2.625 0.0000e+00
-0.225 2.675 0.0000e+00
-0.225 2.725 0.0000e+00
-0.225 2.775 0.0000e+00
-0.225 2.825 0.0000e+00
-0.225 2.875 0.0000e+00
-0.225 2.925 0.0000e+00
-0.225 2.975 0.0000e+00
-0.225 3.025 0.0000e+00
-0.225 3.075 0.0000e+00
-0.225 3.125 0.0000e+00
-0.225 3.175 0.0000e+00
-0.225 3.225 0.0000e+00
-0.225 3.275 0.0000e+00
-0.225 3.325 0.0000e+00
-0.225 3.375 0.0000e+00
-0.225 3.425 0.0000e+00
-0.225 3.475 0.0000e+00
-0.225 3.525 0.0000e+00
-0.225 3.575 0.0000e+00
-0.225 3.625 0.0000e+00
-0.225 3.675 0.0000e+00
-0.225 3.725 0.0000e+00
-0.225 3.775 0.0000e+00
-0.225 3.825 0.0000e+00
-0.225 3.875 0.0000e+00
-0.225 3.925 0.0000e+00
-0.225 3.975 0.0000e+00
-0.175 -1.975 0.0000e+00
-0.175 -1.925 0.0000e+00
-0.175 -1.875 0.0000e+00
-0.175 -1.825 0.0000e+00
-0.175 -1.775 0.0000e+00
-0.175 -1.725 0.0000e+00
-0.175 -1.675 0.0000e+00
-0.175 -1.625 0.0000e+00
-0.175 -1.575 0.0000e+00
-0.175 -1.525 0.0000e+00
-0.175 -1.475 0.0000e+00
-0.175 -1.425 0.0000e+00
-0.175 -1.375 0.0000e+00
-0.175 -1.325 0.0000e+00
-0.175 -1.275 0.0000e+00
-0.175 -1.225 0.0000e+00
-0.175 -1.175 0.0000e+00
-0.175 -1.125 0.0000e+00
-0.175 -1.075 0.0000e+00
-0.175 -1.025 0.0000e+00
-0.175 -0.975 0.0000e+00
-0.175 -0.925 0.0000e+00
-0.175 -0.875 0.0000e+00
-0.175 -0.825 0.0000e+00
-0.175 -0.775 0.0000e+00
-0.175 -0.725 0.0000e+00
-0.175 -0.675 0.0000e+00
-0.175 -0.625 0.0000e+00
-0.175 -0.575 0.0000e+00
-0.175 -0.525 0.0000e+00
-0.175 -0.475 0.0000e+00
-0.175 -0.425 0.0000e+00
-0.175 -0.375 0.0000e+00
-0.175 -0.325 0.0000e+00
-0.175 -0.275 0.0000e+00
-0.175 -0.225 0.0000e+00
-0.175 -0.175 0.0000e+00
-0.175 -0.125 0.0000e+00
-0.175 -0.075 0.0000e+00
-0.175 -0.025 0.0000e+00
-0.175 0.025 0.0000e+00
-0.175 0.075 0.0000e+00
-0.175 0.125 0.0000e+00
-0.175 0.175 0.0000e+00
-0.175 0.225 0.0000e+00
-0.175 0.275 0.0000e+00
-0.175 0.325 0.0000e+00
-0.175 0.375 0.0000e+00
-0.175 0.425 0.0000e+00
-0.175 0.475 0.0000e+00
-0.175 0.525 0.0000e+00
-0.175 0.575 0.0000e+00
-0.175 0.625 0.0000e+00
-0.175 0.675 0.0000e+00
-0.175 0.725 0.0000e+00
-0.175 0.775 0.0000e+00
-0.175 0.825 0.0000e+00
-0.175 0.875 0.0000e+00
-0.175 0.925 0.0000e+00
-0.175 0.975 0.0000e+00
-0.175 1.025 0.0000e+00
-0.175 1.075 0.0000e+00
-0.175 1.125 0.0000e+00
-0.175 1.175 0.0000e+00
-0.175 1.225 0.0000e+00
-0.175 1.275 0.0000e+00
-0.175 1.325 0.0000e+00
-0.175 1.375 0.0000e+00
-0.175 1.425 0.0000e+00
-0.175 1.475 0.0000e+00
-0.175 1.525 0.0000e+00
-0.175 1.575 0.0000e+00
-0.175 1.625 0.0000e+00
-0.175 1.675 0.0000e+00
-0.175 1.725 0.0000e+00
-0.175 1.775 0.0000e+00
-0.175 1.825 0.0000e+00
-0.175 1.875 0.0000e+00
-0.175 1.925 0.0000e+00
-0.175 1.975 0.0000e+00
-0.175 2.025 0.0000e+00
-0.175 2.075 0.0000e+00
-0.175 2.125 0.0000e+00
-0.175 2.175 0.0000e+00
-0.175 2.225 0.0000e+00
-0.175 2.275 0.0000e+00
-0.175 2.325 0.0000e+00
-0.175 2.375 0.0000e+00
-0.175 2.425 0.0000e+00
-0.175 2.475 0.0000e+00
-0.175 2.525 0.0000e+00
-0.175 2.575 0.0000e+00
-0.175 2.625 0.0000e+00
-0.175 2.675 0.0000e+00
-0.175 2.725 0.0000e+00
-0.175 2.775 0.0000e+00
-0.175 2.825 0.0000e+00
-0.175 2.875 0.0000e+00
-0.175 2.925 0.0000e+00
-0.175 2.975 0.0000e+00
-0.175 3.025 0.0000e+00
-0.175 3.075 0.0000e+00
-0.175 3.125 0.0000e+00
-0.175 3.175 0.0000e+00
-0.175 3.225 0.0000e+00
-0.175 3.275 0.0000e+00
-0.175 3.325 0.0000e+00
-0.175 3.375 0.0000e+00
-0.175 3.425 0.0000e+00
-0.175 3.475 0.0000e+00
-0.175 3.525 0.0000e+00
-0.175 3.575 0.0000e+00
-0.175 3.625 0.0000e+00
-0.175 3.675 0.0000e+00
-0.175 3.725 0.0000e+00
-0.175 3.775 0.0000e+00
-0.175 3.825 0.0000e+00
-0.175 3.875 0.0000e+00
-0.175 3.925 0.0000e+00
-0.175 3.975 0.0000e+00
-0.125 -1.975 0.0000e+00
-0.125 -1.925 0.0000e+00
-0.125 -1.875 0.0000e+00
-0.125 -1.825 0.0000e+00
-0.125 -1.775 0.0000e+00
-0.125 -1.725 0.0000e+00
-0.125 -1.675 0.0000e+00
-0.125 -1.625 0.0000e+00
-0.125 -1.575 0.0000e+00
-0.125 -1.525 0.0000e+00
-0.125 -1.475 0.0000e+00
-0.125 -1.425 0.0000e+00
-0.125 -1.375 0.0000e+00
-0.125 -1.325 0.0000e+00
-0.125 -1.275 0.0000e+00
-0.125 -1.225 0.0000e+00
-0.125 -1.175 0.0000e+00
-0.125 -1.125 0.0000e+00
-0.125 -1.075 0.0000e+00
-0.125 -1.025 0.0000e+00
-0.125 -0.975 0.0000e+00
-0.125 -0.925 0.0000e+00
-0.125 -0.875 0.0000e+00
-0.125 -0.825 0.0000e+00
-0.125 -0.775 0.0000e+00
-0.125 -0.725 0.0000e+00
-0.125 -0.675 0.0000e+00
-0.125 -0.625 0.0000e+00
-0.125 -0.575 0.0000e+00
-0.125 -0.525 0.0000e+00
-0.125 -0.475 0.0000e+00
-0.125 -0.425 0.0000e+00
-0.125 -0.375 0.0000e+00
-0.125 -0.325 0.0000e+00
-0.125 -0.275 0.0000e+00
-0.125 -0.225 0.0000e+00
-0.125 -0.175 0.0000e+00
-0.125 -0.125 0.0000e+00
-0.125 -0.075 0.0000e+00
-0.125 -0.025 0.0000e+00
-0.125 0.025 0.0000e+00
-0.125 0.075 0.0000e+00
-0.125 0.125 0.0000e+00
-0.125 0.175 0.0000e+00
-0.125 0.225 0.0000e+00
-0.125 0.275 0.0000e+00
-0.125 0.325 0.0000e+00
-0.125 0.375 0.0000e+00
-0.125 0.425 0.0000e+00
-0.125 0.475 0.0000e+00
-0.125 0.525 0.0000e+00
-0.125 0.575 0.0000e+00
-0.125 0.625 0.0000e+00
-0.125 0.675 0.0000e+00
-0.125 0.725 0.0000e+00
-0.125 0.775 0.0000e+00
-0.125 0.825 0.0000e+00
-0.125 0.875 0.0000e+00
-0.125 0.925 0.0000e+00
-0.125 0.975 0.0000e+00
-0.125 1.025 0.0000e+00
-0.125 1.075 0.0000e+00
-0.125 1.125 0.0000e+00
-0.125 1.175 0.0000e+00
-0.125 1.225 0.0000e+00
-0.125 1.275 0.0000e+00
-0.125 1.325 0.0000e+00
-0.125 1.375 0.0000e+00
-0.125 1.425 0.0000e+00
-0.125 1.475 0.0000e+00
-0.125 1.525 0.0000e+00
-0.125 1.575 0.0000e+00
-0.125 1.625 0.0000e+00
-0.125 1.675 0.0000e+00
-0.125 1.725 0.0000e+00
-0.125 1.775 0.0000e+00
-0.125 1.825 0.0000e+00
-0.125 1.875 0.0000e+00
-0.125 1.925 0.0000e+00
-0.125 1.975 0.0000e+00
-0.125 2.025 0.0000e+00
-0.125 2.075 0.0000e+00
-0.125 2.125 0.0000e+00
-0.125 2.175 0.0000e+00
-0.125 2.225 0.0000e+00
-0.125 2.275 0.0000e+00
-0.125 2.325 0.0000e+00
-0.125 2.375 0.0000e+00
-0.125 2.425 0.0000e+00
-0.125 2.475 0.0000e+00
-0.125 2.525 0.0000e+00
-0.125 2.575 0.0000e+00
-0.125 2.625 0.0000e+00
-0.125 2.675 0.0000e+00
-0.125 2.725 0.0000e+00
-0.125 2.775 0.0000e+00
-0.125 2.825 0.0000e+00
-0.125 2.875 0.0000e+00
-0.125 2.925 0.0000e+00
-0.125 2.975 0.0000e+00
-0.125 3.025 0.0000e+00
-0.125 3.075 0.0000e+00
-0.125 3.125 0.0000e+00
-0.125 3.175 0.0000e+00
-0.125 3.225 0.0000e+00
-0.125 3.275 0.0000e+00
-0.125 3.325 0.0000e+00
-0.125 3.375 0.0000e+00
-0.125 3.425 0.0000e+00
-0.125 3.475 0.0000e+00
-0.125 3.525 0.0000e+00
-0.125 3.575 0.0000e+00
-0.125 3.625 0.0000e+00
-0.125 3.675 0.0000e+00
-0.125 3.725 0.0000e+00
-0.125 3.775 0.0000e+00
-0.125 3.825 0.0000e+00
-0.125 3.875 0.0000e+00
-0.125 3.925 0.0000e+00
-0.125 3.975 0.0000e+00
-0.075 -1.975 0.0000e+00
-0.075 -1.925 0.0000e+00
-0.075 -1.875 0.0000e+00
-0.075 -1.825 0.0000e+00
-0.075 -1.775 0.0000e+00
-0.075 -1.725 0.0000e+00
-0.075 -1.675 0.0000e+00
-0.075 -1.625 0.0000e+00
-0.075 -1.575 0.0000e+00
-0.075 -1.525 0.0000e+00
-0.075 -1.475 0.0000e+00
-0.075 -1.425 0.0000e+00
-0.075 -1.375 0.0000e+00
-0.075 -1.325 0.0000e+00
-0.075 -1.275 0.0000e+00
-0.075 -1.225 0.0000e+00
-0.075 -1.175 0.0000e+00
-0.075 -1.125 0.0000e+00
-0.075 -1.075 0.0000e+00
-0.075 -1.025 0.0000e+00
-0.075 -0.975 0.0000e+00
-0.075 -0.925 0.0000e+00
-0.075 -0.875 0.0000e+00
-0.075 -0.825 0.0000e+00
-0.075 -0.775 0.0000e+00
-0.075 -0.725 0.0000e+00
-0.075 -0.675 0.0000e+00
-0.075 -0.625 0.0000e+00
-0.075 -0.575 0.0000e+00
-0.075 -0.525 0.0000e+00
-0.075 -0.475 0.0000e+00
-0.075 -0.425 0.0000e+00
-0.075 -0.375 0.0000e+00
-0.075 -0.325 0.0000e+00
-0.075 -0.275 0.0000e+00
-0.075 -0.225 0.0000e+00
-0.075 -0.175 0.0000e+00
-0.075 -0.125 0.0000e+00
-0.075 -0.075 0.0000e+00
-0.075 -0.025 0.0000e+00
-0.075 0.025 0.0000e+00
-0.075 0.075 0.0000e+00
-0.075 0.125 0.0000e+00
-0.075 0.175 0.0000e+00
-0.075 0.225 0.0000e+00
-0.075 0.275 0.0000e+00
-0.075 0.325 0.0000e+00
-0.075 0.375 0.0000e+00
-0.075 0.425 0.0000e+00
-0.075 0.475 0.0000e+00
-0.075 0.525 0.0000e+00
-0.075 0.575 0.0000e+00
-0.075 0.625 0.0000e+00
-0.075 0.675 0.0000e+00
-0.075 0.725 0.0000e+00
-0.075 0.775 0.0000e+00
-0.075 0.825 0.0000e+00
-0.075 0.875 0.0000e+00
-0.075 0.925 0.0000e+00
-0.075 0.975 0.0000e+00
-0.075 1.025 0.0000e+00
-0.075 1.075 0.0000e+00
-0.075 1.125 0.0000e+00
-0.075 1.175 0.0000e+00
-0.075 1.225 0.0000e+00
-0.075 1.275 0.0000e+00
-0.075 1.325 0.0000e+00
-0.075 1.375 0.0000e+00
-0.075 1.425 0.0000e+00
-0.075 1.475 0.0000e+00
-0.075 1.525 0.0000e+00
-0.075 1.575 0.0000e+00
-0.075 1.625 0.0000e+00
-0.075 1.675 0.0000e+00
-0.075 1.725 0.0000e+00
-0.075 1.775 0.0000e+00
-0.075 1.825 0.0000e+00
-0.075 1.875 0.0000e+00
-0.075 1.925 0.0000e+00
-0.075 1.975 0.0000e+00
-0.075 2.025 0.0000e+00
-0.075 2.075 0.0000e+00
-0.075 2.125 0.0000e+00
-0.075 2.175 0.0000e+00
-0.075 2.225 0.0000e+00
-0.075 2.275 0.0000e+00
-0.075 2.325 0.0000e+00
-0.075 2.375 0.0000e+00
-0.075 2.425 0.0000e+00
-0.075 2.475 0.0000e+00
-0.075 2.525 0.0000e+00
-0.075 2.575 0.0000e+00
-0.075 2.625 0.0000e+00
-0.075 2.675 0.0000e+00
-0.075 2.725 0.0000e+00
-0.075 2.775 0.0000e+00
-0.075 2.825 0.0000e+00
-0.075 2.875 0.0000e+00
-0.075 2.925 0.0000e+00
-0.075 2.975 0.0000e+00
-0.075 3.025 0.0000e+00
-0.075 3.075 0.0000e+00
-0.075 3.125 0.0000e+00
-0.075 3.175 0.0000e+00
-0.075 3.225 0.0000e+00
-0.075 3.275 0.0000e+00
-0.075 3.325 0.0000e+00
-0.075 3.375 0.0000e+00
-0.075 3.425 0.0000e+00
-0.075 3.475 0.0000e+00
-0.075 3.525 0.0000e+00
-0.075 3.575 0.0000e+00
-0.075 3.625 0.0000e+00
-0.075 3.675 0.0000e+00
-0.075 3.725 0.0000e+00
-0.075 3.775 0.0000e+00
-0.075 3.825 0.0000e+00
-0.075 3.875 0.0000e+00
-0.075 3.925 0.0000e+00
-0.075 3.975 0.0000e+00
-0.025 -1.975 0.0000e+00
-0.025 -1.925 0.0000e+00
-0.025 -1.875 0.0000e+00
-0.025 -1.825 0.0000e+00
-0.025 -1.775 0.0000e+00
-0.025 -1.725 0.0000e+00
-0.025 -1.675 0.0000e+00
-0.025 -1.625 0.0000e+00
-0.025 -1.575 0.0000e+00
-0.025 -1.525 0.0000e+00
-0.025 -1.475 0.0000e+00
-0.025 -1.425 0.0000e+00
-0.025 -1.375 0.0000e+00
-0.025 -1.325 0.0000e+00
-0.025 -1.275 0.0000e+00
-0.025 -1.225 0.0000e+00
-0.025 -1.175 0.0000e+00
-0.025 -1.125 0.0000e+00
-0.025 -1.075 0.0000e+00
-0.025 -1.025 0.0000e+00
-0.025 -0.975 0.0000e+00
-0.025 -0.925 0.0000e+00
-0.025 -0.875 0.0000e+00
-0.025 -0.825 0.0000e+00
-0.025 -0.775 0.0000e+00
-0.025 -0.725 0.0000e+00
-0.025 -0.675 0.0000e+00
-0.025 -0.625 0.0000e+00
-0.025 -0.575 0.0000e+00
-0.025 -0.525 0.0000e+00
-0.025 -0.475 0.0000e+00
-0.025 -0.425 0.0000e+00
-0.025 -0.375 0.0000e+00
-0.025 -0.325 0.0000e+00
-0.025 -0.275 0.0000e+00
-0.025 -0.225 0.0000e+00
-0.025 -0.175 0.0000e+00
-0.025 -0.125 0.0000e+00
-0.025 -0.075 0.0000e+00
-0.025 -0.025 0.0000e+00
-0.025 0.025 0.0000e+00
-0.025 0.075 0.0000e+00
-0.025 0.125 0.0000e+00
-0.025 0.175 0.0000e+00
-0.025 0.225 0.0000e+00
-0.025 0.275 0.0000e+00
-0.025 0.325 0.0000e+00
-0.025 0.375 0.0000e+00
-0.025 0.425 0.0000e+00
-0.025 0.475 0.0000e+00
-0.025 0.525 0.0000e+00
-0.025 0.575 0.0000e+00
-0.025 0.625 0.0000e+00
-0.025 0.675 0.0000e+00
-0.025 0.725 0.0000e+00
-0.025 0.775 0.0000e+00
-0.025 0.825 0.0000e+00
-0.025 0.875 0.0000e+00
-0.025 0.925 0.0000e+00
-0.025 0.975 0.0000e+00
-0.025 1.025 0.0000e+00
-0.025 1.075 0.0000e+00
-0.025 1.125 0.0000e+00
-0.025 1.175 0.0000e+00
-0.025 1.225 0.0000e+00
-0.025 1.275 0.0000e+00
-0.025 1.325 0.0000e+00
-0.025 1.375 0.0000e+00
-0.025 1.425 0.0000e+00
-0.025 1.475 0.0000e+00
-0.025 1.525 0.0000e+00
-0.025 1.575 0.0000e+00
-0.025 1.625 0.0000e+00
-0.025 1.675 0.0000e+00
-0.025 1.725 0.0000e+00
-0.025 1.775 0.0000e+00
-0.025 1.825 0.0000e+00
-0.025 1.875 0.0000e+00
-0.025 1.925 0.0000e+00
-0.025 1.975 0.0000e+00
-0.025 2.025 0.0000e+00
-0.025 2.075 0.0000e+00
-0.025 2.125 0.0000e+00
-0.025 2.175 0.0000e+00
-0.025 2.225 0.0000e+00
-0.025 2.275 0.0000e+00
-0.025 2.325 0.0000e+00
-0.025 2.375 0.0000e+00
-0.025 2.425 0.0000e+00
-0.025 2.475 0.0000e+00
-0.025 2.525 0.0000e+00
-0.025 2.575 0.0000e+00
-0.025 2.625 0.0000e+00
-0.025 2.675 0.0000e+00
-0.025 2.725 0.0000e+00
-0.025 2.775 0.0000e+00
-0.025 2.825 0.0000e+00
-0.025 2.875 0.0000e+00
-0.025 2.925 0.0000e+00
-0.025 2.975 0.0000e+00
-0.025 3.025 0.0000e+00
-0.025 3.075 0.0000e+00
-0.025 3.125 0.0000e+00
-0.025 3.175 0.0000e+00
-0.025 3.225 0.0000e+00
-0.025 3.275 0.0000e+00
-0.025 3.325 0.0000e+00
-0.025 3.375 0.0000e+00
-0.025 3.425 0.0000e+00
-0.025 3.475 0.0000e+00
-0.025 3.525 0.0000e+00
-0.025 3.575 0.0000e+00
-0.025 3.625 0.0000e+00
-0.025 3.675 0.0000e+00
-0.025 3.725 0.0000e+00
-0.025 3.775 0.0000e+00
-0.025 3.825 0.0000e+00
-0.025 3.875 0.0000e+00
-0.025 3.925 0.0000e+00
-0.025 3.975 0.0000e+00
0.025 -1.975 0.0000e+00
0.025 -1.925 0.0000e+00
0.025 -1.875 0.0000e+00
0.025 -1.825 0.0000e+00
0.025 -1.775 0.0000e+00
0.025 -1.725 0.0000e+00
0.025 -1.675 0.0000e+00
0.025 -1.625 0.0000e+00
0.025 -1.575 0.0000e+00
0.025 -1.525 0.0000e+00
0.025 -1.475 0.0000e+00
0.025 -1.425 0.0000e+00
0.025 -1.375 0.0000e+00
0.025 -1.325 0.0000e+00
0.025 -1.275 0.0000e+00
0.025 -1.225 0.0000e+00
0.025 -1.175 0.0000e+00
0.025 -1.125 0.0000e+00
0.025 -1.075 0.0000e+00
0.025 -1.025 0.0000e+00
0.025 -0.975 0.0000e+00
0.025 -0.925 0.0000e+00
0.025 -0.875 0.0000e+00
0.025 -0.825 0.0000e+00
0.025 -0.775 0.0000e+00
0.025 -0.725 0.0000e+00
0.025 -0.675 0.0000e+00
0.025 -0.625 0.0000e+00
0.025 -0.575 0.0000e+00
0.025 -0.525 0.0000e+00
0.025 -0.475 0.0000e+00
0.025 -0.425 0.0000e+00
0.025 -0.375 0.0000e+00
0.025 -0.325 0.0000e+00
0.025 -0.275 0.0000e+00
0.025 -0.225 0.0000e+00
0.025 -0.175 0.0000e+00
0.025 -0.125 0.0000e+00
0.025 -0.075 0.0000e+00
0.025 -0.025 0.0000e+00
0.025 0.025 0.0000e+00
0.025 0.075 0.0000e+00
0.025 0.125 0.0000e+00
0.025 0.175 0.0000e+00
0.025 0.225 0.0000e+00
0.025 0.275 0.0000e+00
0.025 0.325 0.0000e+00
0.025 0.375 0.0000e+00
0.025 0.425 0.0000e+00
0.025 0.475 0.0000e+00
0.025 0.525 0.0000e+00
0.025 0.575 0.0000e+00
0.025 0.625 0.0000e+00
0.025 0.675 0.0000e+00
0.025 0.725 0.0000e+00
0.025 0.775 0.0000e+00
0.025 0.825 0.0000e+00
0.025 0.875 0.0000e+00
0.025 0.925 0.0000e+00
0.025 0.975 0.0000e+00
0.025 1.025 0.0000e+00
0.025 1.075 0.0000e+00
0.025 1.125 0.0000e+00
0.025 1.175 0.0000e+00
0.025 1.225 0.0000e+00
0.025 1.275 0.0000e+00
0.025 1.325 0.0000e+00
0.025 1.375 0.0000e+00
0.025 1.425 0.0000e+00
0.025 1.475 0.0000e+00
0.025 1.525 0.0000e+00
0.025 1.575 0.0000e+00
0.025 1.625 0.0000e+00
0.025 1.675 0.0000e+00
0.025 1.725 0.0000e+00
0.025 1.775 0.0000e+00
0.025 1.825 0.0000e+00
0.025 1.875 0.0000e+00
0.025 1.925 0.0000e+00
0.025 1.975 0.0000e+00
0.025 2.025 0.0000e+00
0.025 2.075 0.0000e+00
0.025 2.125 0.0000e+00
0.025 2.175 0.0000e+00
0.025 2.225 0.0000e+00
0.025 2.275 0.0000e+00
0.025 2.325 0.0000e+00
0.025 2.375 0.0000e+00
0.025 2.425 0.0000e+00
0.025 2.475 0.0000e+00
0.025 2.525 0.0000e+00
0.025 2.575 0.0000e+00
0.025 2.625 0.0000e+00
0.025 2.675 0.0000e+00
0.025 2.725 0.0000e+00
0.025 2.775 0.0000e+00
0.025 2.825 0.0000e+00
0.025 2.875 0.0000e+00
0.025 2.925 0.0000e+00
0.025 2.975 0.0000e+00
0.025 3.025 0.0000e+00
0.025 3.075 0.0000e+00
0.025 3.125 0.0000e+00
0.025 3.175 0.0000e+00
0.025 3.225 0.0000e+00
0.025 3.275 0.0000e+00
0.025 3.325 0.0000e+00
0.025 3.375 0.0000e+00
0.025 3.425 0.0000e+00
0.025 3.475 0.0000e+00
0.025 3.525 0.0000e+00
0.025 3.575 0.0000e+00
0.025 3.625 0.0000e+00
0.025 3.675 0.0000e+00
0.025 3.725 0.0000e+00
0.025 3.775 0.0000e+00
0.025 3.825 0.0000e+00
0.025 3.875 0.0000e+00
0.025 3.925 0.0000e+00
0.025 3.975 0.0000e+00
0.075 -1.975 0.0000e+00
0.075 -1.925 0.0000e+00
0.075 -1.875 0.0000e+00
0.075 -1.825 0.0000e+00
0.075 -1.775 0.0000e+00
0.075 -1.725 0.0000e+00
0.075 -1.675 0.0000e+00
0.075 -1.625 0.0000e+00
0.075 -1.575 0.0000e+00
0.075 -1.525 0.0000e+00
0.075 -1.475 0.0000e+00
0.075 -1.425 0.0000e+00
0.075 -1.375 0.0000e+00
0.075 -1.325 0.0000e+00
0.075 -1.275 0.0000e+00
0.075 -1.225 0.0000e+00
0.075 -1.175 0.0000e+00
0.075 -1.125 0.0000e+00
0.075 -1.075 0.0000e+00
0.075 -1.025 0.0000e+00
0.075 -0.975 0.0000e+00
0.075 -0.925 0.0000e+00
0.075 -0.875 0.0000e+00
0.075 -0.825 0.0000e+00
0.075 -0.775 0.0000e+00
0.075 -0.725 0.0000e+00
0.075 -0.675 0.0000e+00
0.075 -0.625 0.0000e+00
0.075 -0.575 0.0000e+00
0.075 -0.525 0.0000e+00
0.075 -0.475 0.0000e+00
0.075 -0.425 0.0000e+00
0.075 -0.375 0.0000e+00
0.075 -0.325 0.0000e+00
0.075 -0.275 0.0000e+00
0.075 -0.225 0.0000e+00
0.075 -0.175 0.0000e+00
0.075 -0.125 0.0000e+00
0.075 -0.075 0.0000e+00
0.075 -0.025 0.0000e+00
0.075 0.025 0.0000e+00
0.075 0.075 0.0000e+00
0.075 0.125 0.0000e+00
0.075 0.175 0.0000e+00
0.075 0.225 0.0000e+00
0.075 0.275 0.0000e+00
0.075 0.325 0.0000e+00
0.075 0.375 0.0000e+00
0.075 0.425 0.0000e+00
0.075 0.475 0.0000e+00
0.075 0.525 0.0000e+00
0.075 0.575 0.0000e+00
0.075 0.625 0.0000e+00
0.075 0.675 0.0000e+00
0.075 0.725 0.0000e+00
0.075 0.775 0.0000e+00
0.075 0.825 0.0000e+00
0.075 0.875 0.0000e+00
0.075 0.925 0.0000e+00
0.075 0.975 0.0000e+00
0.075 1.025 0.0000e+00
0.075 1.075 0.0000e+00
0.075 1.125 0.0000e+00
0.075 1.175 0.0000e+00
0.075 1.225 0.0000e+00
0.075 1.275 0.0000e+00
0.075 1.325 0.0000e+00
0.075 1.375 0.0000e+00
0.075 1.425 0.0000e+00
0.075 1.475 0.0000e+00
0.075 1.525 0.0000e+00
0.075 1.575 0.0000e+00
0.075 1.625 0.0000e+00
0.075 1.675 0.0000e+00
0.075 1.725 0.0000e+00
0.075 1.775 0.0000e+00
0.075 1.825 0.0000e+00
0.075 1.875 0.0000e+00
0.075 1.925 0.0000e+00
0.075 1.975 0.0000e+00
0.075 2.025 0.0000e+00
0.075 2.075 0.0000e+00
0.075 2.125 0.0000e+00
0.075 2.175 0.0000e+00
0.075 2.225 0.0000e+00
0.075 2.275 0.0000e+00
0.075 2.325 0.0000e+00
0.075 2.375 0.0000e+00
0.075 2.425 0.0000e+00
0.075 2.475 0.0000e+00
0.075 2.525 0.0000e+00
0.075 2.575 0.0000e+00
0.075 2.625 0.0000e+00
0.075 2.675 0.0000e+00
0.075 2.725 0.0000e+00
0.075 2.775 0.0000e+00
0.075 2.825 0.0000e+00
0.075 2.875 0.0000e+00
0.075 2.925 0.0000e+00
0.075 2.975 0.0000e+00
0.075 3.025 0.0000e+00
0.075 3.075 0.0000e+00
0.075 3.125 0.0000e+00
0.075 3.175 0.0000e+00
0.075 3.225 0.0000e+00
0.075 3.275 0.0000e+00
0.075 3.325 0.0000e+00
0.075 3.375 0.0000e+00
0.075 3.425 0.0000e+00
0.075 3.475 0.0000e+00
0.075 3.525 0.0000e+00
0.075 3.575 0.0000e+00
0.075 3.625 0.0000e+00
0.075 3.675 0.0000e+00
0.075 3.725 0.0000e+00
0.075 3.775 0.0000e+00
0.075 3.825 0.0000e+00
0.075 3.875 0.0000e+00
0.075 3.925 0.0000e+00
0.075 3.975 0.0000e+00
0.125 -1.975 0.0000e+00
0.125 -1.925 0.0000e+00
0.125 -1.875 0.0000e+00
0.125 -1.825 0.0000e+00
0.125 -1.775 0.0000e+00
0.125 -1.725 0.0000e+00
0.125 -1.675 0.0000e+00
0.125 -1.625 0.0000e+00
0.125 -1.575 0.0000e+00
0.125 -1.525 0.0000e+00
0.125 -1.475 0.0000e+00
0.125 -1.425 0.0000e+00
0.125 -1.375 0.0000e+00
0.125 -1.325 0.0000e+00
0.125 -1.275 0.0000e+00
0.125 -1.225 0.0000e+00
0.125 -1.175 0.0000e+00
0.125 -1.125 0.0000e+00
0.125 -1.075 0.0000e+00
0.125 -1.025 0.0000e+00
0.125 -0.975 0.0000e+00
0.125 -0.925 0.0000e+00
0.125 -0.875 0.0000e+00
0.125 -0.825 0.0000e+00
0.125 -0.775 0.0000e+00
0.125 -0.725 0.0000e+00
0.125 -0.675 0.0000e+00
0.125 -0.625 0.0000e+00
0.125 -0.575 0.0000e+00
0.125 -0.525 0.0000e+00
0.125 -0.475 0.0000e+00
0.125 -0.425 0.0000e+00
0.125 -0.375 0.0000e+00
0.125 -0.325 0.0000e+00
0.125 -0.275 0.0000e+00
0.125 -0.225 0.0000e+00
0.125 -0.175 0.0000e+00
0.125 -0.125 0.0000e+00
0.125 -0.075 0.0000e+00
0.125 -0.025 0.0000e+00
0.125 0.025 0.0000e+00
0.125 0.075 0.0000e+00
0.125 0.125 0.0000e+00
0.125 0.175 0.0000e+00
0.125 0.225 0.0000e+00
0.125 0.275 0.0000e+00
0.125 0.325 0.0000e+00
0.125 0.375 0.0000e+00
0.125 0.425 0.0000e+00
0.125 0.475 0.0000e+00
0.125 0.525 0.0000e+00
0.125 0.575 0.0000e+00
0.125 0.625 0.0000e+00
0.125 0.675 0.0000e+00
0.125 0.725 0.0000e+00
0.125 0.775 0.0000e+00
0.125 0.825 0.0000e+00
0.125 0.875 0.0000e+00
0.125 0.925 0.0000e+00
0.125 0.975 0.0000e+00
0.125 1.025 0.0000e+00
0.125 1.075 0.0000e+00
0.125 1.125 0.0000e+00
0.125 1.175 0.0000e+00
0.125 1.225 0.0000e+00
0.125 1.275 0.0000e+00
0.125 1.325 0.0000e+00
0.125 1.375 0.0000e+00
0.125 1.425 0.0000e+00
0.125 1.475 0.0000e+00
0.125 1.525 0.0000e+00
0.125 1.575 0.0000e+00
0.125 1.625 0.0000e+00
0.125 1.675 0.0000e+00
0.125 1.725 0.0000e+00
0.125 1.775 0.0000e+00
0.125 1.825 0.0000e+00
0.125 1.875 0.0000e+00
0.125 1.925 0.0000e+00
0.125 1.975 0.0000e+00
0.125 2.025 0.0000e+00
0.125 2.075 0.0000e+00
0.125 2.125 0.0000e+00
0.125 2.175 0.0000e+00
0.125 2.225 0.0000e+00
0.125 2.275 0.0000e+00
0.125 2.325 0.0000e+00
0.125 2.375 0.0000e+00
0.125 2.425 0.0000e+00
0.125 2.475 0.0000e+00
0.125 2.525 0.0000e+00
0.125 2.575 0.0000e+00
0.125 2.625 0.0000e+00
0.125 2.675 0.0000e+00
0.125 2.725 0.0000e+00
0.125 2.775 0.0000e+00
0.125 2.825 0.0000e+00
0.125 2.875 0.0000e+00
0.125 2.925 0.0000e+00
0.125 2.975 0.0000e+00
0.125 3.025 0.0000e+00
0.125 3.075 0.0000e+00
0.125 3.125 0.0000e+00
0.125 3.175 0.0000e+00
0.125 3.225 0.0000e+00
0.125 3.275 0.0000e+00
0.125 3.325 0.0000e+00
0.125 3.375 0.0000e+00
0.125 3.425 0.0000e+00
0.125 3.475 0.0000e+00
0.125 3.525 0.0000e+00
0.125 3.575 0.0000e+00
0.125 3.625 0.0000e+00
0.125 3.675 0.0000e+00
0.125 3.725 0.0000e+00
0.125 3.775 0.0000e+00
0.125 3.825 0.0000e+00
0.125 3.875 0.0000e+00
0.125 3.925 0.0000e+00
0.125 3.975 0.0000e+00
0.175 -1.975 0.0000e+00
0.175 -1.925 0.0000e+00
0.175 -1.875 0.0000e+00
0.175 -1.825 0.0000e+00
0.175 -1.775 0.0000e+00
0.175 -1.725 0.0000e+00
0.175 -1.675 0.0000e+00
0.175 -1.625 0.0000e+00
0.175 -1.575 0.0000e+00
0.175 -1.525 0.0000e+00
0.175 -1.475 0.0000e+00
0.175 -1.425 0.0000e+00
0.175 -1.375 0.0000e+00
0.175 -1.325 0.0000e+00
0.175 -1.275 0.0000e+00
0.175 -1.225 0.0000e+00
0.175 -1.175 0.0000e+00
0.175 -1.125 0.0000e+00
0.175 -1.075 0.0000e+00
0.175 -1.025 0.0000e+00
0.175 -0.975 0.0000e+00
0.175 -0.925 0.0000e+00
0.175 -0.875 0.0000e+00
0.175 -0.825 0.0000e+00
0.175 -0.775 0.0000e+00
0.175 -0.725 0.0000e+00
0.175 -0.675 0.0000e+00
0.175 -0.625 0.0000e+00
0.175 -0.575 0.0000e+00
0.175 -0.525 0.0000e+00
0.175 -0.475 0.0000e+00
0.175 -0.425 0.0000e+00
0.175 -0.375 0.0000e+00
0.175 -0.325 0.0000e+00
0.175 -0.275 0.0000e+00
0.175 -0.225 0.0000e+00
0.175 -0.175 0.0000e+00
0.175 -0.125 0.0000e+00
0.175 -0.075 0.0000e+00
0.175 -0.025 0.0000e+00
0.175 0.025 0.0000e+00
0.175 0.075 0.0000e+00
0.175 0.125 0.0000e+00
0.175 0.175 0.0000e+00
0.175 0.225 0.0000e+00
0.175 0.275 0.0000e+00
0.175 0.325 0.0000e+00
0.175 0.375 0.0000e+00
0.175 0.425 0.0000e+00
0.175 0.475 0.0000e+00
0.175 0.525 0.0000e+00
0.175 0.575 0.0000e+00
0.175 0.625 0.0000e+00
0.175 0.675 0.0000e+00
0.175 0.725 0.0000e+00
0.175 0.775 0.0000e+00
0.175 0.825 0.0000e+00
0.175 0.875 0.0000e+00
0.175 0.925 0.0000e+00
0.175 0.975 0.0000e+00
0.175 1.025 0.0000e+00
0.175 1.075 0.0000e+00
0.175 1.125 0.0000e+00
0.175 1.175 0.0000e+00
0.175 1.225 0.0000e+00
0.175 1.275 0.0000e+00
0.175 1.325 0.0000e+00
0.175 1.375 0.0000e+00
0.175 1.425 0.0000e+00
0.175 1.475 0.0000e+00
0.175 1.525 0.0000e+00
0.175 1.575 0.0000e+00
0.175 1.625 0.0000e+00
0.175 1.675 0.0000e+00
0.175 1.725 0.0000e+00
0.175 1.775 0.0000e+00
0.175 1.825 0.0000e+00
0.175 1.875 0.0000e+00
0.175 1.925 0.0000e+00
0.175 1.975 0.0000e+00
0.175 2.025 0.0000e+00
0.175 2.075 0.0000e+00
0.175 2.125 0.0000e+00
0.175 2.175 0.0000e+00
0.175 2.225 0.0000e+00
0.175 2.275 0.0000e+00
0.175 2.325 0.0000e+00
0.175 2.375 0.0000e+00
0.175 2.425 0.0000e+00
0.175 2.475 0.0000e+00
0.175 2.525 0.0000e+00
0.175 2.575 0.0000e+00
0.175 2.625 0.0000e+00
0.175 2.675 0.0000e+00
0.175 2.725 0.0000e+00
0.175 2.775 0.0000e+00
0.175 2.825 0.0000e+00
0.175 2.875 0.0000e+00
0.175 2.925 0.0000e+00
0.175 2.975 0.0000e+00
0.175 3.025 0.0000e+00
0.175 3.075 0.0000e+00
0.175 3.125 0.0000e+00
0.175 3.175 0.0000e+00
0.175 3.225 0.0000e+00
0.175 3.275 0.0000e+00
0.175 3.325 0.0000e+00
0.175 3.375 0.0000e+00
0.175 3.425 0.0000e+00
0.175 3.475 0.0000e+00
0.175 3.525 0.0000e+00
0.175 3.575 0.0000e+00
0.175 3.625 0.0000e+00
0.175 3.675 0.0000e+00
0.175 3.725 0.0000e+00
0.175 3.775 0.0000e+00
0.175 3.825 0.0000e+00
0.175 3.875 0.0000e+00
0.175 3.925 0.0000e+00
0.175 3.975 0.0000e+00
