# log10(theta) log10(p/GeV) cross-section[pb/bin] 
-7.475 -1.975 0.0000e+00
-7.475 -1.925 0.0000e+00
-7.475 -1.875 0.0000e+00
-7.475 -1.825 0.0000e+00
-7.475 -1.775 0.0000e+00
-7.475 -1.725 0.0000e+00
-7.475 -1.675 0.0000e+00
-7.475 -1.625 0.0000e+00
-7.475 -1.575 0.0000e+00
-7.475 -1.525 0.0000e+00
-7.475 -1.475 0.0000e+00
-7.475 -1.425 0.0000e+00
-7.475 -1.375 0.0000e+00
-7.475 -1.325 0.0000e+00
-7.475 -1.275 0.0000e+00
-7.475 -1.225 0.0000e+00
-7.475 -1.175 0.0000e+00
-7.475 -1.125 0.0000e+00
-7.475 -1.075 0.0000e+00
-7.475 -1.025 0.0000e+00
-7.475 -0.975 0.0000e+00
-7.475 -0.925 0.0000e+00
-7.475 -0.875 0.0000e+00
-7.475 -0.825 0.0000e+00
-7.475 -0.775 0.0000e+00
-7.475 -0.725 0.0000e+00
-7.475 -0.675 0.0000e+00
-7.475 -0.625 0.0000e+00
-7.475 -0.575 0.0000e+00
-7.475 -0.525 0.0000e+00
-7.475 -0.475 0.0000e+00
-7.475 -0.425 0.0000e+00
-7.475 -0.375 0.0000e+00
-7.475 -0.325 0.0000e+00
-7.475 -0.275 0.0000e+00
-7.475 -0.225 0.0000e+00
-7.475 -0.175 0.0000e+00
-7.475 -0.125 0.0000e+00
-7.475 -0.075 0.0000e+00
-7.475 -0.025 0.0000e+00
-7.475 0.025 0.0000e+00
-7.475 0.075 0.0000e+00
-7.475 0.125 0.0000e+00
-7.475 0.175 0.0000e+00
-7.475 0.225 0.0000e+00
-7.475 0.275 0.0000e+00
-7.475 0.325 0.0000e+00
-7.475 0.375 0.0000e+00
-7.475 0.425 0.0000e+00
-7.475 0.475 0.0000e+00
-7.475 0.525 0.0000e+00
-7.475 0.575 0.0000e+00
-7.475 0.625 0.0000e+00
-7.475 0.675 0.0000e+00
-7.475 0.725 0.0000e+00
-7.475 0.775 0.0000e+00
-7.475 0.825 0.0000e+00
-7.475 0.875 0.0000e+00
-7.475 0.925 2.5780e-18
-7.475 0.975 5.1469e-18
-7.475 1.025 1.0276e-17
-7.475 1.075 2.0519e-17
-7.475 1.125 4.0975e-17
-7.475 1.175 8.1834e-17
-7.475 1.225 1.6345e-16
-7.475 1.275 3.2652e-16
-7.475 1.325 6.5236e-16
-7.475 1.375 1.3036e-15
-7.475 1.425 2.6053e-15
-7.475 1.475 5.2081e-15
-7.475 1.525 1.0413e-14
-7.475 1.575 2.0827e-14
-7.475 1.625 4.1665e-14
-7.475 1.675 8.3381e-14
-7.475 1.725 1.6692e-13
-7.475 1.775 3.3431e-13
-7.475 1.825 6.6984e-13
-7.475 1.875 1.3428e-12
-7.475 1.925 2.6935e-12
-7.475 1.975 5.4061e-12
-7.475 2.025 1.0858e-11
-7.475 2.075 2.1827e-11
-7.475 2.125 4.3917e-11
-7.475 2.175 8.8449e-11
-7.475 2.225 1.7834e-10
-7.475 2.275 3.6004e-10
-7.475 2.325 7.2789e-10
-7.475 2.375 1.4739e-09
-7.475 2.425 2.9897e-09
-7.475 2.475 6.0764e-09
-7.475 2.525 1.2377e-08
-7.475 2.575 2.5272e-08
-7.475 2.625 5.1742e-08
-7.475 2.675 1.0625e-07
-7.475 2.725 2.1892e-07
-7.475 2.775 4.5271e-07
-7.475 2.825 9.3990e-07
-7.475 2.875 1.9599e-06
-7.475 2.925 4.1062e-06
-7.475 2.975 8.6465e-06
-7.475 3.025 1.8305e-05
-7.475 3.075 3.8965e-05
-7.475 3.125 8.3410e-05
-7.475 3.175 1.7952e-04
-7.475 3.225 3.8831e-04
-7.475 3.275 8.4338e-04
-7.475 3.325 1.8369e-03
-7.475 3.375 4.0047e-03
-7.475 3.425 8.7208e-03
-7.475 3.475 1.8932e-02
-7.475 3.525 4.0928e-02
-7.475 3.575 8.8197e-02
-7.475 3.625 1.9012e-01
-7.475 3.675 4.1200e-01
-7.475 3.725 8.9992e-01
-7.475 3.775 1.9660e+00
-7.475 3.825 3.9941e+00
-7.475 3.875 0.0000e+00
-7.475 3.925 0.0000e+00
-7.475 3.975 0.0000e+00
-7.425 -1.975 0.0000e+00
-7.425 -1.925 0.0000e+00
-7.425 -1.875 0.0000e+00
-7.425 -1.825 0.0000e+00
-7.425 -1.775 0.0000e+00
-7.425 -1.725 0.0000e+00
-7.425 -1.675 0.0000e+00
-7.425 -1.625 0.0000e+00
-7.425 -1.575 0.0000e+00
-7.425 -1.525 0.0000e+00
-7.425 -1.475 0.0000e+00
-7.425 -1.425 0.0000e+00
-7.425 -1.375 0.0000e+00
-7.425 -1.325 0.0000e+00
-7.425 -1.275 0.0000e+00
-7.425 -1.225 0.0000e+00
-7.425 -1.175 0.0000e+00
-7.425 -1.125 0.0000e+00
-7.425 -1.075 0.0000e+00
-7.425 -1.025 0.0000e+00
-7.425 -0.975 0.0000e+00
-7.425 -0.925 0.0000e+00
-7.425 -0.875 0.0000e+00
-7.425 -0.825 0.0000e+00
-7.425 -0.775 0.0000e+00
-7.425 -0.725 0.0000e+00
-7.425 -0.675 0.0000e+00
-7.425 -0.625 0.0000e+00
-7.425 -0.575 0.0000e+00
-7.425 -0.525 0.0000e+00
-7.425 -0.475 0.0000e+00
-7.425 -0.425 0.0000e+00
-7.425 -0.375 0.0000e+00
-7.425 -0.325 0.0000e+00
-7.425 -0.275 0.0000e+00
-7.425 -0.225 0.0000e+00
-7.425 -0.175 0.0000e+00
-7.425 -0.125 0.0000e+00
-7.425 -0.075 0.0000e+00
-7.425 -0.025 0.0000e+00
-7.425 0.025 0.0000e+00
-7.425 0.075 0.0000e+00
-7.425 0.125 0.0000e+00
-7.425 0.175 0.0000e+00
-7.425 0.225 0.0000e+00
-7.425 0.275 0.0000e+00
-7.425 0.325 0.0000e+00
-7.425 0.375 0.0000e+00
-7.425 0.425 0.0000e+00
-7.425 0.475 0.0000e+00
-7.425 0.525 0.0000e+00
-7.425 0.575 0.0000e+00
-7.425 0.625 0.0000e+00
-7.425 0.675 0.0000e+00
-7.425 0.725 0.0000e+00
-7.425 0.775 0.0000e+00
-7.425 0.825 0.0000e+00
-7.425 0.875 0.0000e+00
-7.425 0.925 3.2455e-18
-7.425 0.975 6.4795e-18
-7.425 1.025 1.2937e-17
-7.425 1.075 2.5832e-17
-7.425 1.125 5.1585e-17
-7.425 1.175 1.0302e-16
-7.425 1.225 2.0577e-16
-7.425 1.275 4.1106e-16
-7.425 1.325 8.2127e-16
-7.425 1.375 1.6411e-15
-7.425 1.425 3.2799e-15
-7.425 1.475 6.5566e-15
-7.425 1.525 1.3110e-14
-7.425 1.575 2.6219e-14
-7.425 1.625 5.2454e-14
-7.425 1.675 1.0497e-13
-7.425 1.725 2.1015e-13
-7.425 1.775 4.2087e-13
-7.425 1.825 8.4328e-13
-7.425 1.875 1.6905e-12
-7.425 1.925 3.3909e-12
-7.425 1.975 6.8059e-12
-7.425 2.025 1.3670e-11
-7.425 2.075 2.7479e-11
-7.425 2.125 5.5288e-11
-7.425 2.175 1.1135e-10
-7.425 2.225 2.2452e-10
-7.425 2.275 4.5326e-10
-7.425 2.325 9.1636e-10
-7.425 2.375 1.8555e-09
-7.425 2.425 3.7638e-09
-7.425 2.475 7.6498e-09
-7.425 2.525 1.5582e-08
-7.425 2.575 3.1816e-08
-7.425 2.625 6.5140e-08
-7.425 2.675 1.3377e-07
-7.425 2.725 2.7561e-07
-7.425 2.775 5.6993e-07
-7.425 2.825 1.1833e-06
-7.425 2.875 2.4674e-06
-7.425 2.925 5.1694e-06
-7.425 2.975 1.0885e-05
-7.425 3.025 2.3044e-05
-7.425 3.075 4.9054e-05
-7.425 3.125 1.0501e-04
-7.425 3.175 2.2601e-04
-7.425 3.225 4.8885e-04
-7.425 3.275 1.0618e-03
-7.425 3.325 2.3125e-03
-7.425 3.375 5.0416e-03
-7.425 3.425 1.0979e-02
-7.425 3.475 2.3834e-02
-7.425 3.525 5.1525e-02
-7.425 3.575 1.1103e-01
-7.425 3.625 2.3934e-01
-7.425 3.675 5.1868e-01
-7.425 3.725 1.1329e+00
-7.425 3.775 2.4751e+00
-7.425 3.825 5.0282e+00
-7.425 3.875 0.0000e+00
-7.425 3.925 0.0000e+00
-7.425 3.975 0.0000e+00
-7.375 -1.975 0.0000e+00
-7.375 -1.925 0.0000e+00
-7.375 -1.875 0.0000e+00
-7.375 -1.825 0.0000e+00
-7.375 -1.775 0.0000e+00
-7.375 -1.725 0.0000e+00
-7.375 -1.675 0.0000e+00
-7.375 -1.625 0.0000e+00
-7.375 -1.575 0.0000e+00
-7.375 -1.525 0.0000e+00
-7.375 -1.475 0.0000e+00
-7.375 -1.425 0.0000e+00
-7.375 -1.375 0.0000e+00
-7.375 -1.325 0.0000e+00
-7.375 -1.275 0.0000e+00
-7.375 -1.225 0.0000e+00
-7.375 -1.175 0.0000e+00
-7.375 -1.125 0.0000e+00
-7.375 -1.075 0.0000e+00
-7.375 -1.025 0.0000e+00
-7.375 -0.975 0.0000e+00
-7.375 -0.925 0.0000e+00
-7.375 -0.875 0.0000e+00
-7.375 -0.825 0.0000e+00
-7.375 -0.775 0.0000e+00
-7.375 -0.725 0.0000e+00
-7.375 -0.675 0.0000e+00
-7.375 -0.625 0.0000e+00
-7.375 -0.575 0.0000e+00
-7.375 -0.525 0.0000e+00
-7.375 -0.475 0.0000e+00
-7.375 -0.425 0.0000e+00
-7.375 -0.375 0.0000e+00
-7.375 -0.325 0.0000e+00
-7.375 -0.275 0.0000e+00
-7.375 -0.225 0.0000e+00
-7.375 -0.175 0.0000e+00
-7.375 -0.125 0.0000e+00
-7.375 -0.075 0.0000e+00
-7.375 -0.025 0.0000e+00
-7.375 0.025 0.0000e+00
-7.375 0.075 0.0000e+00
-7.375 0.125 0.0000e+00
-7.375 0.175 0.0000e+00
-7.375 0.225 0.0000e+00
-7.375 0.275 0.0000e+00
-7.375 0.325 0.0000e+00
-7.375 0.375 0.0000e+00
-7.375 0.425 0.0000e+00
-7.375 0.475 0.0000e+00
-7.375 0.525 0.0000e+00
-7.375 0.575 0.0000e+00
-7.375 0.625 0.0000e+00
-7.375 0.675 0.0000e+00
-7.375 0.725 0.0000e+00
-7.375 0.775 0.0000e+00
-7.375 0.825 0.0000e+00
-7.375 0.875 0.0000e+00
-7.375 0.925 4.0859e-18
-7.375 0.975 8.1572e-18
-7.375 1.025 1.6287e-17
-7.375 1.075 3.2521e-17
-7.375 1.125 6.4942e-17
-7.375 1.175 1.2970e-16
-7.375 1.225 2.5906e-16
-7.375 1.275 5.1750e-16
-7.375 1.325 1.0339e-15
-7.375 1.375 2.0660e-15
-7.375 1.425 4.1292e-15
-7.375 1.475 8.2543e-15
-7.375 1.525 1.6504e-14
-7.375 1.575 3.3008e-14
-7.375 1.625 6.6035e-14
-7.375 1.675 1.3215e-13
-7.375 1.725 2.6456e-13
-7.375 1.775 5.2984e-13
-7.375 1.825 1.0616e-12
-7.375 1.875 2.1282e-12
-7.375 1.925 4.2689e-12
-7.375 1.975 8.5681e-12
-7.375 2.025 1.7210e-11
-7.375 2.075 3.4594e-11
-7.375 2.125 6.9603e-11
-7.375 2.175 1.4018e-10
-7.375 2.225 2.8265e-10
-7.375 2.275 5.7062e-10
-7.375 2.325 1.1536e-09
-7.375 2.375 2.3360e-09
-7.375 2.425 4.7384e-09
-7.375 2.475 9.6305e-09
-7.375 2.525 1.9616e-08
-7.375 2.575 4.0054e-08
-7.375 2.625 8.2006e-08
-7.375 2.675 1.6840e-07
-7.375 2.725 3.4697e-07
-7.375 2.775 7.1749e-07
-7.375 2.825 1.4896e-06
-7.375 2.875 3.1063e-06
-7.375 2.925 6.5079e-06
-7.375 2.975 1.3704e-05
-7.375 3.025 2.9011e-05
-7.375 3.075 6.1756e-05
-7.375 3.125 1.3220e-04
-7.375 3.175 2.8452e-04
-7.375 3.225 6.1543e-04
-7.375 3.275 1.3367e-03
-7.375 3.325 2.9113e-03
-7.375 3.375 6.3470e-03
-7.375 3.425 1.3822e-02
-7.375 3.475 3.0005e-02
-7.375 3.525 6.4867e-02
-7.375 3.575 1.3978e-01
-7.375 3.625 3.0132e-01
-7.375 3.675 6.5298e-01
-7.375 3.725 1.4263e+00
-7.375 3.775 3.1160e+00
-7.375 3.825 6.3302e+00
-7.375 3.875 0.0000e+00
-7.375 3.925 0.0000e+00
-7.375 3.975 0.0000e+00
-7.325 -1.975 0.0000e+00
-7.325 -1.925 0.0000e+00
-7.325 -1.875 0.0000e+00
-7.325 -1.825 0.0000e+00
-7.325 -1.775 0.0000e+00
-7.325 -1.725 0.0000e+00
-7.325 -1.675 0.0000e+00
-7.325 -1.625 0.0000e+00
-7.325 -1.575 0.0000e+00
-7.325 -1.525 0.0000e+00
-7.325 -1.475 0.0000e+00
-7.325 -1.425 0.0000e+00
-7.325 -1.375 0.0000e+00
-7.325 -1.325 0.0000e+00
-7.325 -1.275 0.0000e+00
-7.325 -1.225 0.0000e+00
-7.325 -1.175 0.0000e+00
-7.325 -1.125 0.0000e+00
-7.325 -1.075 0.0000e+00
-7.325 -1.025 0.0000e+00
-7.325 -0.975 0.0000e+00
-7.325 -0.925 0.0000e+00
-7.325 -0.875 0.0000e+00
-7.325 -0.825 0.0000e+00
-7.325 -0.775 0.0000e+00
-7.325 -0.725 0.0000e+00
-7.325 -0.675 0.0000e+00
-7.325 -0.625 0.0000e+00
-7.325 -0.575 0.0000e+00
-7.325 -0.525 0.0000e+00
-7.325 -0.475 0.0000e+00
-7.325 -0.425 0.0000e+00
-7.325 -0.375 0.0000e+00
-7.325 -0.325 0.0000e+00
-7.325 -0.275 0.0000e+00
-7.325 -0.225 0.0000e+00
-7.325 -0.175 0.0000e+00
-7.325 -0.125 0.0000e+00
-7.325 -0.075 0.0000e+00
-7.325 -0.025 0.0000e+00
-7.325 0.025 0.0000e+00
-7.325 0.075 0.0000e+00
-7.325 0.125 0.0000e+00
-7.325 0.175 0.0000e+00
-7.325 0.225 0.0000e+00
-7.325 0.275 0.0000e+00
-7.325 0.325 0.0000e+00
-7.325 0.375 0.0000e+00
-7.325 0.425 0.0000e+00
-7.325 0.475 0.0000e+00
-7.325 0.525 0.0000e+00
-7.325 0.575 0.0000e+00
-7.325 0.625 0.0000e+00
-7.325 0.675 0.0000e+00
-7.325 0.725 0.0000e+00
-7.325 0.775 0.0000e+00
-7.325 0.825 0.0000e+00
-7.325 0.875 0.0000e+00
-7.325 0.925 5.1438e-18
-7.325 0.975 1.0269e-17
-7.325 1.025 2.0504e-17
-7.325 1.075 4.0941e-17
-7.325 1.125 8.1757e-17
-7.325 1.175 1.6328e-16
-7.325 1.225 3.2613e-16
-7.325 1.275 6.5149e-16
-7.325 1.325 1.3016e-15
-7.325 1.375 2.6010e-15
-7.325 1.425 5.1983e-15
-7.325 1.475 1.0392e-14
-7.325 1.525 2.0778e-14
-7.325 1.575 4.1555e-14
-7.325 1.625 8.3134e-14
-7.325 1.675 1.6637e-13
-7.325 1.725 3.3306e-13
-7.325 1.775 6.6703e-13
-7.325 1.825 1.3365e-12
-7.325 1.875 2.6793e-12
-7.325 1.925 5.3742e-12
-7.325 1.975 1.0787e-11
-7.325 2.025 2.1666e-11
-7.325 2.075 4.3552e-11
-7.325 2.125 8.7625e-11
-7.325 2.175 1.7648e-10
-7.325 2.225 3.5583e-10
-7.325 2.275 7.1837e-10
-7.325 2.325 1.4523e-09
-7.325 2.375 2.9408e-09
-7.325 2.425 5.9653e-09
-7.325 2.475 1.2124e-08
-7.325 2.525 2.4695e-08
-7.325 2.575 5.0425e-08
-7.325 2.625 1.0324e-07
-7.325 2.675 2.1201e-07
-7.325 2.725 4.3681e-07
-7.325 2.775 9.0327e-07
-7.325 2.825 1.8753e-06
-7.325 2.875 3.9106e-06
-7.325 2.925 8.1930e-06
-7.325 2.975 1.7252e-05
-7.325 3.025 3.6522e-05
-7.325 3.075 7.7746e-05
-7.325 3.125 1.6643e-04
-7.325 3.175 3.5820e-04
-7.325 3.225 7.7478e-04
-7.325 3.275 1.6828e-03
-7.325 3.325 3.6650e-03
-7.325 3.375 7.9903e-03
-7.325 3.425 1.7400e-02
-7.325 3.475 3.7774e-02
-7.325 3.525 8.1662e-02
-7.325 3.575 1.7598e-01
-7.325 3.625 3.7934e-01
-7.325 3.675 8.2205e-01
-7.325 3.725 1.7956e+00
-7.325 3.775 3.9228e+00
-7.325 3.825 7.9692e+00
-7.325 3.875 0.0000e+00
-7.325 3.925 0.0000e+00
-7.325 3.975 0.0000e+00
-7.275 -1.975 0.0000e+00
-7.275 -1.925 0.0000e+00
-7.275 -1.875 0.0000e+00
-7.275 -1.825 0.0000e+00
-7.275 -1.775 0.0000e+00
-7.275 -1.725 0.0000e+00
-7.275 -1.675 0.0000e+00
-7.275 -1.625 0.0000e+00
-7.275 -1.575 0.0000e+00
-7.275 -1.525 0.0000e+00
-7.275 -1.475 0.0000e+00
-7.275 -1.425 0.0000e+00
-7.275 -1.375 0.0000e+00
-7.275 -1.325 0.0000e+00
-7.275 -1.275 0.0000e+00
-7.275 -1.225 0.0000e+00
-7.275 -1.175 0.0000e+00
-7.275 -1.125 0.0000e+00
-7.275 -1.075 0.0000e+00
-7.275 -1.025 0.0000e+00
-7.275 -0.975 0.0000e+00
-7.275 -0.925 0.0000e+00
-7.275 -0.875 0.0000e+00
-7.275 -0.825 0.0000e+00
-7.275 -0.775 0.0000e+00
-7.275 -0.725 0.0000e+00
-7.275 -0.675 0.0000e+00
-7.275 -0.625 0.0000e+00
-7.275 -0.575 0.0000e+00
-7.275 -0.525 0.0000e+00
-7.275 -0.475 0.0000e+00
-7.275 -0.425 0.0000e+00
-7.275 -0.375 0.0000e+00
-7.275 -0.325 0.0000e+00
-7.275 -0.275 0.0000e+00
-7.275 -0.225 0.0000e+00
-7.275 -0.175 0.0000e+00
-7.275 -0.125 0.0000e+00
-7.275 -0.075 0.0000e+00
-7.275 -0.025 0.0000e+00
-7.275 0.025 0.0000e+00
-7.275 0.075 0.0000e+00
-7.275 0.125 0.0000e+00
-7.275 0.175 0.0000e+00
-7.275 0.225 0.0000e+00
-7.275 0.275 0.0000e+00
-7.275 0.325 0.0000e+00
-7.275 0.375 0.0000e+00
-7.275 0.425 0.0000e+00
-7.275 0.475 0.0000e+00
-7.275 0.525 0.0000e+00
-7.275 0.575 0.0000e+00
-7.275 0.625 0.0000e+00
-7.275 0.675 0.0000e+00
-7.275 0.725 0.0000e+00
-7.275 0.775 0.0000e+00
-7.275 0.825 0.0000e+00
-7.275 0.875 0.0000e+00
-7.275 0.925 6.4757e-18
-7.275 0.975 1.2928e-17
-7.275 1.025 2.5813e-17
-7.275 1.075 5.1542e-17
-7.275 1.125 1.0293e-16
-7.275 1.175 2.0556e-16
-7.275 1.225 4.1057e-16
-7.275 1.275 8.2018e-16
-7.275 1.325 1.6386e-15
-7.275 1.375 3.2744e-15
-7.275 1.425 6.5443e-15
-7.275 1.475 1.3082e-14
-7.275 1.525 2.6157e-14
-7.275 1.575 5.2315e-14
-7.275 1.625 1.0466e-13
-7.275 1.675 2.0944e-13
-7.275 1.725 4.1929e-13
-7.275 1.775 8.3974e-13
-7.275 1.825 1.6826e-12
-7.275 1.875 3.3730e-12
-7.275 1.925 6.7657e-12
-7.275 1.975 1.3580e-11
-7.275 2.025 2.7275e-11
-7.275 2.075 5.4828e-11
-7.275 2.125 1.1031e-10
-7.275 2.175 2.2217e-10
-7.275 2.225 4.4797e-10
-7.275 2.275 9.0438e-10
-7.275 2.325 1.8284e-09
-7.275 2.375 3.7022e-09
-7.275 2.425 7.5098e-09
-7.275 2.475 1.5263e-08
-7.275 2.525 3.1090e-08
-7.275 2.575 6.3481e-08
-7.275 2.625 1.2997e-07
-7.275 2.675 2.6690e-07
-7.275 2.725 5.4991e-07
-7.275 2.775 1.1372e-06
-7.275 2.825 2.3609e-06
-7.275 2.875 4.9231e-06
-7.275 2.925 1.0314e-05
-7.275 2.975 2.1719e-05
-7.275 3.025 4.5979e-05
-7.275 3.075 9.7876e-05
-7.275 3.125 2.0952e-04
-7.275 3.175 4.5094e-04
-7.275 3.225 9.7539e-04
-7.275 3.275 2.1185e-03
-7.275 3.325 4.6140e-03
-7.275 3.375 1.0059e-02
-7.275 3.425 2.1906e-02
-7.275 3.475 4.7555e-02
-7.275 3.525 1.0281e-01
-7.275 3.575 2.2154e-01
-7.275 3.625 4.7755e-01
-7.275 3.675 1.0349e+00
-7.275 3.725 2.2605e+00
-7.275 3.775 4.9385e+00
-7.275 3.825 1.0033e+01
-7.275 3.875 0.0000e+00
-7.275 3.925 0.0000e+00
-7.275 3.975 0.0000e+00
-7.225 -1.975 0.0000e+00
-7.225 -1.925 0.0000e+00
-7.225 -1.875 0.0000e+00
-7.225 -1.825 0.0000e+00
-7.225 -1.775 0.0000e+00
-7.225 -1.725 0.0000e+00
-7.225 -1.675 0.0000e+00
-7.225 -1.625 0.0000e+00
-7.225 -1.575 0.0000e+00
-7.225 -1.525 0.0000e+00
-7.225 -1.475 0.0000e+00
-7.225 -1.425 0.0000e+00
-7.225 -1.375 0.0000e+00
-7.225 -1.325 0.0000e+00
-7.225 -1.275 0.0000e+00
-7.225 -1.225 0.0000e+00
-7.225 -1.175 0.0000e+00
-7.225 -1.125 0.0000e+00
-7.225 -1.075 0.0000e+00
-7.225 -1.025 0.0000e+00
-7.225 -0.975 0.0000e+00
-7.225 -0.925 0.0000e+00
-7.225 -0.875 0.0000e+00
-7.225 -0.825 0.0000e+00
-7.225 -0.775 0.0000e+00
-7.225 -0.725 0.0000e+00
-7.225 -0.675 0.0000e+00
-7.225 -0.625 0.0000e+00
-7.225 -0.575 0.0000e+00
-7.225 -0.525 0.0000e+00
-7.225 -0.475 0.0000e+00
-7.225 -0.425 0.0000e+00
-7.225 -0.375 0.0000e+00
-7.225 -0.325 0.0000e+00
-7.225 -0.275 0.0000e+00
-7.225 -0.225 0.0000e+00
-7.225 -0.175 0.0000e+00
-7.225 -0.125 0.0000e+00
-7.225 -0.075 0.0000e+00
-7.225 -0.025 0.0000e+00
-7.225 0.025 0.0000e+00
-7.225 0.075 0.0000e+00
-7.225 0.125 0.0000e+00
-7.225 0.175 0.0000e+00
-7.225 0.225 0.0000e+00
-7.225 0.275 0.0000e+00
-7.225 0.325 0.0000e+00
-7.225 0.375 0.0000e+00
-7.225 0.425 0.0000e+00
-7.225 0.475 0.0000e+00
-7.225 0.525 0.0000e+00
-7.225 0.575 0.0000e+00
-7.225 0.625 0.0000e+00
-7.225 0.675 0.0000e+00
-7.225 0.725 0.0000e+00
-7.225 0.775 0.0000e+00
-7.225 0.825 0.0000e+00
-7.225 0.875 0.0000e+00
-7.225 0.925 8.1524e-18
-7.225 0.975 1.6276e-17
-7.225 1.025 3.2496e-17
-7.225 1.075 6.4887e-17
-7.225 1.125 1.2958e-16
-7.225 1.175 2.5878e-16
-7.225 1.225 5.1688e-16
-7.225 1.275 1.0325e-15
-7.225 1.325 2.0629e-15
-7.225 1.375 4.1223e-15
-7.225 1.425 8.2388e-15
-7.225 1.475 1.6469e-14
-7.225 1.525 3.2930e-14
-7.225 1.575 6.5860e-14
-7.225 1.625 1.3176e-13
-7.225 1.675 2.6368e-13
-7.225 1.725 5.2786e-13
-7.225 1.775 1.0572e-12
-7.225 1.825 2.1182e-12
-7.225 1.875 4.2464e-12
-7.225 1.925 8.5175e-12
-7.225 1.975 1.7096e-11
-7.225 2.025 3.4338e-11
-7.225 2.075 6.9025e-11
-7.225 2.125 1.3888e-10
-7.225 2.175 2.7970e-10
-7.225 2.225 5.6396e-10
-7.225 2.275 1.1385e-09
-7.225 2.325 2.3018e-09
-7.225 2.375 4.6608e-09
-7.225 2.425 9.4543e-09
-7.225 2.475 1.9215e-08
-7.225 2.525 3.9140e-08
-7.225 2.575 7.9918e-08
-7.225 2.625 1.6362e-07
-7.225 2.675 3.3601e-07
-7.225 2.725 6.9230e-07
-7.225 2.775 1.4316e-06
-7.225 2.825 2.9722e-06
-7.225 2.875 6.1978e-06
-7.225 2.925 1.2985e-05
-7.225 2.975 2.7343e-05
-7.225 3.025 5.7884e-05
-7.225 3.075 1.2322e-04
-7.225 3.125 2.6377e-04
-7.225 3.175 5.6770e-04
-7.225 3.225 1.2279e-03
-7.225 3.275 2.6670e-03
-7.225 3.325 5.8087e-03
-7.225 3.375 1.2664e-02
-7.225 3.425 2.7578e-02
-7.225 3.475 5.9868e-02
-7.225 3.525 1.2943e-01
-7.225 3.575 2.7890e-01
-7.225 3.625 6.0121e-01
-7.225 3.675 1.3029e+00
-7.225 3.725 2.8458e+00
-7.225 3.775 6.2172e+00
-7.225 3.825 1.2630e+01
-7.225 3.875 0.0000e+00
-7.225 3.925 0.0000e+00
-7.225 3.975 0.0000e+00
-7.175 -1.975 0.0000e+00
-7.175 -1.925 0.0000e+00
-7.175 -1.875 0.0000e+00
-7.175 -1.825 0.0000e+00
-7.175 -1.775 0.0000e+00
-7.175 -1.725 0.0000e+00
-7.175 -1.675 0.0000e+00
-7.175 -1.625 0.0000e+00
-7.175 -1.575 0.0000e+00
-7.175 -1.525 0.0000e+00
-7.175 -1.475 0.0000e+00
-7.175 -1.425 0.0000e+00
-7.175 -1.375 0.0000e+00
-7.175 -1.325 0.0000e+00
-7.175 -1.275 0.0000e+00
-7.175 -1.225 0.0000e+00
-7.175 -1.175 0.0000e+00
-7.175 -1.125 0.0000e+00
-7.175 -1.075 0.0000e+00
-7.175 -1.025 0.0000e+00
-7.175 -0.975 0.0000e+00
-7.175 -0.925 0.0000e+00
-7.175 -0.875 0.0000e+00
-7.175 -0.825 0.0000e+00
-7.175 -0.775 0.0000e+00
-7.175 -0.725 0.0000e+00
-7.175 -0.675 0.0000e+00
-7.175 -0.625 0.0000e+00
-7.175 -0.575 0.0000e+00
-7.175 -0.525 0.0000e+00
-7.175 -0.475 0.0000e+00
-7.175 -0.425 0.0000e+00
-7.175 -0.375 0.0000e+00
-7.175 -0.325 0.0000e+00
-7.175 -0.275 0.0000e+00
-7.175 -0.225 0.0000e+00
-7.175 -0.175 0.0000e+00
-7.175 -0.125 0.0000e+00
-7.175 -0.075 0.0000e+00
-7.175 -0.025 0.0000e+00
-7.175 0.025 0.0000e+00
-7.175 0.075 0.0000e+00
-7.175 0.125 0.0000e+00
-7.175 0.175 0.0000e+00
-7.175 0.225 0.0000e+00
-7.175 0.275 0.0000e+00
-7.175 0.325 0.0000e+00
-7.175 0.375 0.0000e+00
-7.175 0.425 0.0000e+00
-7.175 0.475 0.0000e+00
-7.175 0.525 0.0000e+00
-7.175 0.575 0.0000e+00
-7.175 0.625 0.0000e+00
-7.175 0.675 0.0000e+00
-7.175 0.725 0.0000e+00
-7.175 0.775 0.0000e+00
-7.175 0.825 0.0000e+00
-7.175 0.875 0.0000e+00
-7.175 0.925 1.0263e-17
-7.175 0.975 2.0490e-17
-7.175 1.025 4.0910e-17
-7.175 1.075 8.1688e-17
-7.175 1.125 1.6313e-16
-7.175 1.175 3.2579e-16
-7.175 1.225 6.5072e-16
-7.175 1.275 1.2999e-15
-7.175 1.325 2.5971e-15
-7.175 1.375 5.1896e-15
-7.175 1.425 1.0372e-14
-7.175 1.475 2.0734e-14
-7.175 1.525 4.1457e-14
-7.175 1.575 8.2913e-14
-7.175 1.625 1.6587e-13
-7.175 1.675 3.3195e-13
-7.175 1.725 6.6454e-13
-7.175 1.775 1.3309e-12
-7.175 1.825 2.6667e-12
-7.175 1.875 5.3459e-12
-7.175 1.925 1.0723e-11
-7.175 1.975 2.1522e-11
-7.175 2.025 4.3228e-11
-7.175 2.075 8.6897e-11
-7.175 2.125 1.7484e-10
-7.175 2.175 3.5212e-10
-7.175 2.225 7.0998e-10
-7.175 2.275 1.4333e-09
-7.175 2.325 2.8978e-09
-7.175 2.375 5.8677e-09
-7.175 2.425 1.1902e-08
-7.175 2.475 2.4191e-08
-7.175 2.525 4.9274e-08
-7.175 2.575 1.0061e-07
-7.175 2.625 2.0599e-07
-7.175 2.675 4.2301e-07
-7.175 2.725 8.7155e-07
-7.175 2.775 1.8023e-06
-7.175 2.825 3.7418e-06
-7.175 2.875 7.8026e-06
-7.175 2.925 1.6347e-05
-7.175 2.975 3.4423e-05
-7.175 3.025 7.2872e-05
-7.175 3.075 1.5512e-04
-7.175 3.125 3.3206e-04
-7.175 3.175 7.1469e-04
-7.175 3.225 1.5459e-03
-7.175 3.275 3.3576e-03
-7.175 3.325 7.3127e-03
-7.175 3.375 1.5943e-02
-7.175 3.425 3.4718e-02
-7.175 3.475 7.5369e-02
-7.175 3.525 1.6294e-01
-7.175 3.575 3.5112e-01
-7.175 3.625 7.5687e-01
-7.175 3.675 1.6402e+00
-7.175 3.725 3.5826e+00
-7.175 3.775 7.8269e+00
-7.175 3.825 1.5901e+01
-7.175 3.875 0.0000e+00
-7.175 3.925 0.0000e+00
-7.175 3.975 0.0000e+00
-7.125 -1.975 0.0000e+00
-7.125 -1.925 0.0000e+00
-7.125 -1.875 0.0000e+00
-7.125 -1.825 0.0000e+00
-7.125 -1.775 0.0000e+00
-7.125 -1.725 0.0000e+00
-7.125 -1.675 0.0000e+00
-7.125 -1.625 0.0000e+00
-7.125 -1.575 0.0000e+00
-7.125 -1.525 0.0000e+00
-7.125 -1.475 0.0000e+00
-7.125 -1.425 0.0000e+00
-7.125 -1.375 0.0000e+00
-7.125 -1.325 0.0000e+00
-7.125 -1.275 0.0000e+00
-7.125 -1.225 0.0000e+00
-7.125 -1.175 0.0000e+00
-7.125 -1.125 0.0000e+00
-7.125 -1.075 0.0000e+00
-7.125 -1.025 0.0000e+00
-7.125 -0.975 0.0000e+00
-7.125 -0.925 0.0000e+00
-7.125 -0.875 0.0000e+00
-7.125 -0.825 0.0000e+00
-7.125 -0.775 0.0000e+00
-7.125 -0.725 0.0000e+00
-7.125 -0.675 0.0000e+00
-7.125 -0.625 0.0000e+00
-7.125 -0.575 0.0000e+00
-7.125 -0.525 0.0000e+00
-7.125 -0.475 0.0000e+00
-7.125 -0.425 0.0000e+00
-7.125 -0.375 0.0000e+00
-7.125 -0.325 0.0000e+00
-7.125 -0.275 0.0000e+00
-7.125 -0.225 0.0000e+00
-7.125 -0.175 0.0000e+00
-7.125 -0.125 0.0000e+00
-7.125 -0.075 0.0000e+00
-7.125 -0.025 0.0000e+00
-7.125 0.025 0.0000e+00
-7.125 0.075 0.0000e+00
-7.125 0.125 0.0000e+00
-7.125 0.175 0.0000e+00
-7.125 0.225 0.0000e+00
-7.125 0.275 0.0000e+00
-7.125 0.325 0.0000e+00
-7.125 0.375 0.0000e+00
-7.125 0.425 0.0000e+00
-7.125 0.475 0.0000e+00
-7.125 0.525 0.0000e+00
-7.125 0.575 0.0000e+00
-7.125 0.625 0.0000e+00
-7.125 0.675 0.0000e+00
-7.125 0.725 0.0000e+00
-7.125 0.775 0.0000e+00
-7.125 0.825 0.0000e+00
-7.125 0.875 0.0000e+00
-7.125 0.925 1.2921e-17
-7.125 0.975 2.5795e-17
-7.125 1.025 5.1503e-17
-7.125 1.075 1.0284e-16
-7.125 1.125 2.0536e-16
-7.125 1.175 4.1014e-16
-7.125 1.225 8.1920e-16
-7.125 1.275 1.6365e-15
-7.125 1.325 3.2695e-15
-7.125 1.375 6.5333e-15
-7.125 1.425 1.3058e-14
-7.125 1.475 2.6102e-14
-7.125 1.525 5.2191e-14
-7.125 1.575 1.0438e-13
-7.125 1.625 2.0882e-13
-7.125 1.675 4.1790e-13
-7.125 1.725 8.3660e-13
-7.125 1.775 1.6755e-12
-7.125 1.825 3.3572e-12
-7.125 1.875 6.7300e-12
-7.125 1.925 1.3499e-11
-7.125 1.975 2.7095e-11
-7.125 2.025 5.4421e-11
-7.125 2.075 1.0940e-10
-7.125 2.125 2.2010e-10
-7.125 2.175 4.4329e-10
-7.125 2.225 8.9381e-10
-7.125 2.275 1.8045e-09
-7.125 2.325 3.6481e-09
-7.125 2.375 7.3869e-09
-7.125 2.425 1.4984e-08
-7.125 2.475 3.0454e-08
-7.125 2.525 6.2032e-08
-7.125 2.575 1.2666e-07
-7.125 2.625 2.5933e-07
-7.125 2.675 5.3254e-07
-7.125 2.725 1.0972e-06
-7.125 2.775 2.2689e-06
-7.125 2.825 4.7107e-06
-7.125 2.875 9.8229e-06
-7.125 2.925 2.0580e-05
-7.125 2.975 4.3335e-05
-7.125 3.025 9.1740e-05
-7.125 3.075 1.9529e-04
-7.125 3.125 4.1804e-04
-7.125 3.175 8.9975e-04
-7.125 3.225 1.9462e-03
-7.125 3.275 4.2269e-03
-7.125 3.325 9.2062e-03
-7.125 3.375 2.0071e-02
-7.125 3.425 4.3708e-02
-7.125 3.475 9.4884e-02
-7.125 3.525 2.0513e-01
-7.125 3.575 4.4203e-01
-7.125 3.625 9.5285e-01
-7.125 3.675 2.0649e+00
-7.125 3.725 4.5103e+00
-7.125 3.775 9.8535e+00
-7.125 3.825 2.0018e+01
-7.125 3.875 0.0000e+00
-7.125 3.925 0.0000e+00
-7.125 3.975 0.0000e+00
-7.075 -1.975 0.0000e+00
-7.075 -1.925 0.0000e+00
-7.075 -1.875 0.0000e+00
-7.075 -1.825 0.0000e+00
-7.075 -1.775 0.0000e+00
-7.075 -1.725 0.0000e+00
-7.075 -1.675 0.0000e+00
-7.075 -1.625 0.0000e+00
-7.075 -1.575 0.0000e+00
-7.075 -1.525 0.0000e+00
-7.075 -1.475 0.0000e+00
-7.075 -1.425 0.0000e+00
-7.075 -1.375 0.0000e+00
-7.075 -1.325 0.0000e+00
-7.075 -1.275 0.0000e+00
-7.075 -1.225 0.0000e+00
-7.075 -1.175 0.0000e+00
-7.075 -1.125 0.0000e+00
-7.075 -1.075 0.0000e+00
-7.075 -1.025 0.0000e+00
-7.075 -0.975 0.0000e+00
-7.075 -0.925 0.0000e+00
-7.075 -0.875 0.0000e+00
-7.075 -0.825 0.0000e+00
-7.075 -0.775 0.0000e+00
-7.075 -0.725 0.0000e+00
-7.075 -0.675 0.0000e+00
-7.075 -0.625 0.0000e+00
-7.075 -0.575 0.0000e+00
-7.075 -0.525 0.0000e+00
-7.075 -0.475 0.0000e+00
-7.075 -0.425 0.0000e+00
-7.075 -0.375 0.0000e+00
-7.075 -0.325 0.0000e+00
-7.075 -0.275 0.0000e+00
-7.075 -0.225 0.0000e+00
-7.075 -0.175 0.0000e+00
-7.075 -0.125 0.0000e+00
-7.075 -0.075 0.0000e+00
-7.075 -0.025 0.0000e+00
-7.075 0.025 0.0000e+00
-7.075 0.075 0.0000e+00
-7.075 0.125 0.0000e+00
-7.075 0.175 0.0000e+00
-7.075 0.225 0.0000e+00
-7.075 0.275 0.0000e+00
-7.075 0.325 0.0000e+00
-7.075 0.375 0.0000e+00
-7.075 0.425 0.0000e+00
-7.075 0.475 0.0000e+00
-7.075 0.525 0.0000e+00
-7.075 0.575 0.0000e+00
-7.075 0.625 0.0000e+00
-7.075 0.675 0.0000e+00
-7.075 0.725 0.0000e+00
-7.075 0.775 0.0000e+00
-7.075 0.825 0.0000e+00
-7.075 0.875 0.0000e+00
-7.075 0.925 1.6266e-17
-7.075 0.975 3.2474e-17
-7.075 1.025 6.4838e-17
-7.075 1.075 1.2947e-16
-7.075 1.125 2.5854e-16
-7.075 1.175 5.1634e-16
-7.075 1.225 1.0313e-15
-7.075 1.275 2.0602e-15
-7.075 1.325 4.1161e-15
-7.075 1.375 8.2250e-15
-7.075 1.425 1.6439e-14
-7.075 1.475 3.2861e-14
-7.075 1.525 6.5705e-14
-7.075 1.575 1.3141e-13
-7.075 1.625 2.6289e-13
-7.075 1.675 5.2610e-13
-7.075 1.725 1.0532e-12
-7.075 1.775 2.1093e-12
-7.075 1.825 4.2264e-12
-7.075 1.875 8.4726e-12
-7.075 1.925 1.6995e-11
-7.075 1.975 3.4110e-11
-7.075 2.025 6.8512e-11
-7.075 2.075 1.3772e-10
-7.075 2.125 2.7710e-10
-7.075 2.175 5.5808e-10
-7.075 2.225 1.1252e-09
-7.075 2.275 2.2717e-09
-7.075 2.325 4.5927e-09
-7.075 2.375 9.2996e-09
-7.075 2.425 1.8864e-08
-7.075 2.475 3.8340e-08
-7.075 2.525 7.8094e-08
-7.075 2.575 1.5946e-07
-7.075 2.625 3.2647e-07
-7.075 2.675 6.7042e-07
-7.075 2.725 1.3813e-06
-7.075 2.775 2.8564e-06
-7.075 2.825 5.9304e-06
-7.075 2.875 1.2366e-05
-7.075 2.925 2.5909e-05
-7.075 2.975 5.4556e-05
-7.075 3.025 1.1549e-04
-7.075 3.075 2.4585e-04
-7.075 3.125 5.2628e-04
-7.075 3.175 1.1327e-03
-7.075 3.225 2.4501e-03
-7.075 3.275 5.3214e-03
-7.075 3.325 1.1590e-02
-7.075 3.375 2.5268e-02
-7.075 3.425 5.5025e-02
-7.075 3.475 1.1945e-01
-7.075 3.525 2.5824e-01
-7.075 3.575 5.5649e-01
-7.075 3.625 1.1996e+00
-7.075 3.675 2.5995e+00
-7.075 3.725 5.6781e+00
-7.075 3.775 1.2405e+01
-7.075 3.825 2.5201e+01
-7.075 3.875 0.0000e+00
-7.075 3.925 0.0000e+00
-7.075 3.975 0.0000e+00
-7.025 -1.975 0.0000e+00
-7.025 -1.925 0.0000e+00
-7.025 -1.875 0.0000e+00
-7.025 -1.825 0.0000e+00
-7.025 -1.775 0.0000e+00
-7.025 -1.725 0.0000e+00
-7.025 -1.675 0.0000e+00
-7.025 -1.625 0.0000e+00
-7.025 -1.575 0.0000e+00
-7.025 -1.525 0.0000e+00
-7.025 -1.475 0.0000e+00
-7.025 -1.425 0.0000e+00
-7.025 -1.375 0.0000e+00
-7.025 -1.325 0.0000e+00
-7.025 -1.275 0.0000e+00
-7.025 -1.225 0.0000e+00
-7.025 -1.175 0.0000e+00
-7.025 -1.125 0.0000e+00
-7.025 -1.075 0.0000e+00
-7.025 -1.025 0.0000e+00
-7.025 -0.975 0.0000e+00
-7.025 -0.925 0.0000e+00
-7.025 -0.875 0.0000e+00
-7.025 -0.825 0.0000e+00
-7.025 -0.775 0.0000e+00
-7.025 -0.725 0.0000e+00
-7.025 -0.675 0.0000e+00
-7.025 -0.625 0.0000e+00
-7.025 -0.575 0.0000e+00
-7.025 -0.525 0.0000e+00
-7.025 -0.475 0.0000e+00
-7.025 -0.425 0.0000e+00
-7.025 -0.375 0.0000e+00
-7.025 -0.325 0.0000e+00
-7.025 -0.275 0.0000e+00
-7.025 -0.225 0.0000e+00
-7.025 -0.175 0.0000e+00
-7.025 -0.125 0.0000e+00
-7.025 -0.075 0.0000e+00
-7.025 -0.025 0.0000e+00
-7.025 0.025 0.0000e+00
-7.025 0.075 0.0000e+00
-7.025 0.125 0.0000e+00
-7.025 0.175 0.0000e+00
-7.025 0.225 0.0000e+00
-7.025 0.275 0.0000e+00
-7.025 0.325 0.0000e+00
-7.025 0.375 0.0000e+00
-7.025 0.425 0.0000e+00
-7.025 0.475 0.0000e+00
-7.025 0.525 0.0000e+00
-7.025 0.575 0.0000e+00
-7.025 0.625 0.0000e+00
-7.025 0.675 0.0000e+00
-7.025 0.725 0.0000e+00
-7.025 0.775 0.0000e+00
-7.025 0.825 0.0000e+00
-7.025 0.875 0.0000e+00
-7.025 0.925 2.0478e-17
-7.025 0.975 4.0883e-17
-7.025 1.025 8.1627e-17
-7.025 1.075 1.6299e-16
-7.025 1.125 3.2548e-16
-7.025 1.175 6.5003e-16
-7.025 1.225 1.2984e-15
-7.025 1.275 2.5936e-15
-7.025 1.325 5.1819e-15
-7.025 1.375 1.0355e-14
-7.025 1.425 2.0695e-14
-7.025 1.475 4.1369e-14
-7.025 1.525 8.2717e-14
-7.025 1.575 1.6543e-13
-7.025 1.625 3.3096e-13
-7.025 1.675 6.6232e-13
-7.025 1.725 1.3259e-12
-7.025 1.775 2.6555e-12
-7.025 1.825 5.3207e-12
-7.025 1.875 1.0666e-11
-7.025 1.925 2.1395e-11
-7.025 1.975 4.2942e-11
-7.025 2.025 8.6252e-11
-7.025 2.075 1.7338e-10
-7.025 2.125 3.4884e-10
-7.025 2.175 7.0257e-10
-7.025 2.225 1.4166e-09
-7.025 2.275 2.8599e-09
-7.025 2.325 5.7818e-09
-7.025 2.375 1.1708e-08
-7.025 2.425 2.3748e-08
-7.025 2.475 4.8267e-08
-7.025 2.525 9.8315e-08
-7.025 2.575 2.0074e-07
-7.025 2.625 4.1100e-07
-7.025 2.675 8.4401e-07
-7.025 2.725 1.7390e-06
-7.025 2.775 3.5960e-06
-7.025 2.825 7.4659e-06
-7.025 2.875 1.5568e-05
-7.025 2.925 3.2617e-05
-7.025 2.975 6.8682e-05
-7.025 3.025 1.4540e-04
-7.025 3.075 3.0951e-04
-7.025 3.125 6.6255e-04
-7.025 3.175 1.4260e-03
-7.025 3.225 3.0845e-03
-7.025 3.275 6.6992e-03
-7.025 3.325 1.4591e-02
-7.025 3.375 3.1810e-02
-7.025 3.425 6.9272e-02
-7.025 3.475 1.5038e-01
-7.025 3.525 3.2510e-01
-7.025 3.575 7.0057e-01
-7.025 3.625 1.5102e+00
-7.025 3.675 3.2726e+00
-7.025 3.725 7.1483e+00
-7.025 3.775 1.5617e+01
-7.025 3.825 3.1726e+01
-7.025 3.875 0.0000e+00
-7.025 3.925 0.0000e+00
-7.025 3.975 0.0000e+00
-6.975 -1.975 0.0000e+00
-6.975 -1.925 0.0000e+00
-6.975 -1.875 0.0000e+00
-6.975 -1.825 0.0000e+00
-6.975 -1.775 0.0000e+00
-6.975 -1.725 0.0000e+00
-6.975 -1.675 0.0000e+00
-6.975 -1.625 0.0000e+00
-6.975 -1.575 0.0000e+00
-6.975 -1.525 0.0000e+00
-6.975 -1.475 0.0000e+00
-6.975 -1.425 0.0000e+00
-6.975 -1.375 0.0000e+00
-6.975 -1.325 0.0000e+00
-6.975 -1.275 0.0000e+00
-6.975 -1.225 0.0000e+00
-6.975 -1.175 0.0000e+00
-6.975 -1.125 0.0000e+00
-6.975 -1.075 0.0000e+00
-6.975 -1.025 0.0000e+00
-6.975 -0.975 0.0000e+00
-6.975 -0.925 0.0000e+00
-6.975 -0.875 0.0000e+00
-6.975 -0.825 0.0000e+00
-6.975 -0.775 0.0000e+00
-6.975 -0.725 0.0000e+00
-6.975 -0.675 0.0000e+00
-6.975 -0.625 0.0000e+00
-6.975 -0.575 0.0000e+00
-6.975 -0.525 0.0000e+00
-6.975 -0.475 0.0000e+00
-6.975 -0.425 0.0000e+00
-6.975 -0.375 0.0000e+00
-6.975 -0.325 0.0000e+00
-6.975 -0.275 0.0000e+00
-6.975 -0.225 0.0000e+00
-6.975 -0.175 0.0000e+00
-6.975 -0.125 0.0000e+00
-6.975 -0.075 0.0000e+00
-6.975 -0.025 0.0000e+00
-6.975 0.025 0.0000e+00
-6.975 0.075 0.0000e+00
-6.975 0.125 0.0000e+00
-6.975 0.175 0.0000e+00
-6.975 0.225 0.0000e+00
-6.975 0.275 0.0000e+00
-6.975 0.325 0.0000e+00
-6.975 0.375 0.0000e+00
-6.975 0.425 0.0000e+00
-6.975 0.475 0.0000e+00
-6.975 0.525 0.0000e+00
-6.975 0.575 0.0000e+00
-6.975 0.625 0.0000e+00
-6.975 0.675 0.0000e+00
-6.975 0.725 0.0000e+00
-6.975 0.775 0.0000e+00
-6.975 0.825 0.0000e+00
-6.975 0.875 0.0000e+00
-6.975 0.925 2.5780e-17
-6.975 0.975 5.1469e-17
-6.975 1.025 1.0276e-16
-6.975 1.075 2.0519e-16
-6.975 1.125 4.0975e-16
-6.975 1.175 8.1834e-16
-6.975 1.225 1.6345e-15
-6.975 1.275 3.2652e-15
-6.975 1.325 6.5236e-15
-6.975 1.375 1.3036e-14
-6.975 1.425 2.6053e-14
-6.975 1.475 5.2081e-14
-6.975 1.525 1.0413e-13
-6.975 1.575 2.0827e-13
-6.975 1.625 4.1665e-13
-6.975 1.675 8.3381e-13
-6.975 1.725 1.6692e-12
-6.975 1.775 3.3431e-12
-6.975 1.825 6.6984e-12
-6.975 1.875 1.3428e-11
-6.975 1.925 2.6935e-11
-6.975 1.975 5.4061e-11
-6.975 2.025 1.0858e-10
-6.975 2.075 2.1827e-10
-6.975 2.125 4.3917e-10
-6.975 2.175 8.8449e-10
-6.975 2.225 1.7834e-09
-6.975 2.275 3.6004e-09
-6.975 2.325 7.2789e-09
-6.975 2.375 1.4739e-08
-6.975 2.425 2.9897e-08
-6.975 2.475 6.0764e-08
-6.975 2.525 1.2377e-07
-6.975 2.575 2.5272e-07
-6.975 2.625 5.1742e-07
-6.975 2.675 1.0625e-06
-6.975 2.725 2.1892e-06
-6.975 2.775 4.5271e-06
-6.975 2.825 9.3990e-06
-6.975 2.875 1.9599e-05
-6.975 2.925 4.1062e-05
-6.975 2.975 8.6465e-05
-6.975 3.025 1.8305e-04
-6.975 3.075 3.8965e-04
-6.975 3.125 8.3410e-04
-6.975 3.175 1.7952e-03
-6.975 3.225 3.8831e-03
-6.975 3.275 8.4338e-03
-6.975 3.325 1.8369e-02
-6.975 3.375 4.0047e-02
-6.975 3.425 8.7208e-02
-6.975 3.475 1.8932e-01
-6.975 3.525 4.0928e-01
-6.975 3.575 8.8197e-01
-6.975 3.625 1.9012e+00
-6.975 3.675 4.1200e+00
-6.975 3.725 8.9992e+00
-6.975 3.775 1.9660e+01
-6.975 3.825 3.9941e+01
-6.975 3.875 0.0000e+00
-6.975 3.925 0.0000e+00
-6.975 3.975 0.0000e+00
-6.925 -1.975 0.0000e+00
-6.925 -1.925 0.0000e+00
-6.925 -1.875 0.0000e+00
-6.925 -1.825 0.0000e+00
-6.925 -1.775 0.0000e+00
-6.925 -1.725 0.0000e+00
-6.925 -1.675 0.0000e+00
-6.925 -1.625 0.0000e+00
-6.925 -1.575 0.0000e+00
-6.925 -1.525 0.0000e+00
-6.925 -1.475 0.0000e+00
-6.925 -1.425 0.0000e+00
-6.925 -1.375 0.0000e+00
-6.925 -1.325 0.0000e+00
-6.925 -1.275 0.0000e+00
-6.925 -1.225 0.0000e+00
-6.925 -1.175 0.0000e+00
-6.925 -1.125 0.0000e+00
-6.925 -1.075 0.0000e+00
-6.925 -1.025 0.0000e+00
-6.925 -0.975 0.0000e+00
-6.925 -0.925 0.0000e+00
-6.925 -0.875 0.0000e+00
-6.925 -0.825 0.0000e+00
-6.925 -0.775 0.0000e+00
-6.925 -0.725 0.0000e+00
-6.925 -0.675 0.0000e+00
-6.925 -0.625 0.0000e+00
-6.925 -0.575 0.0000e+00
-6.925 -0.525 0.0000e+00
-6.925 -0.475 0.0000e+00
-6.925 -0.425 0.0000e+00
-6.925 -0.375 0.0000e+00
-6.925 -0.325 0.0000e+00
-6.925 -0.275 0.0000e+00
-6.925 -0.225 0.0000e+00
-6.925 -0.175 0.0000e+00
-6.925 -0.125 0.0000e+00
-6.925 -0.075 0.0000e+00
-6.925 -0.025 0.0000e+00
-6.925 0.025 0.0000e+00
-6.925 0.075 0.0000e+00
-6.925 0.125 0.0000e+00
-6.925 0.175 0.0000e+00
-6.925 0.225 0.0000e+00
-6.925 0.275 0.0000e+00
-6.925 0.325 0.0000e+00
-6.925 0.375 0.0000e+00
-6.925 0.425 0.0000e+00
-6.925 0.475 0.0000e+00
-6.925 0.525 0.0000e+00
-6.925 0.575 0.0000e+00
-6.925 0.625 0.0000e+00
-6.925 0.675 0.0000e+00
-6.925 0.725 0.0000e+00
-6.925 0.775 0.0000e+00
-6.925 0.825 0.0000e+00
-6.925 0.875 0.0000e+00
-6.925 0.925 3.2455e-17
-6.925 0.975 6.4795e-17
-6.925 1.025 1.2937e-16
-6.925 1.075 2.5832e-16
-6.925 1.125 5.1585e-16
-6.925 1.175 1.0302e-15
-6.925 1.225 2.0577e-15
-6.925 1.275 4.1106e-15
-6.925 1.325 8.2127e-15
-6.925 1.375 1.6411e-14
-6.925 1.425 3.2799e-14
-6.925 1.475 6.5566e-14
-6.925 1.525 1.3110e-13
-6.925 1.575 2.6219e-13
-6.925 1.625 5.2454e-13
-6.925 1.675 1.0497e-12
-6.925 1.725 2.1015e-12
-6.925 1.775 4.2087e-12
-6.925 1.825 8.4328e-12
-6.925 1.875 1.6905e-11
-6.925 1.925 3.3909e-11
-6.925 1.975 6.8059e-11
-6.925 2.025 1.3670e-10
-6.925 2.075 2.7479e-10
-6.925 2.125 5.5288e-10
-6.925 2.175 1.1135e-09
-6.925 2.225 2.2452e-09
-6.925 2.275 4.5326e-09
-6.925 2.325 9.1636e-09
-6.925 2.375 1.8555e-08
-6.925 2.425 3.7638e-08
-6.925 2.475 7.6498e-08
-6.925 2.525 1.5582e-07
-6.925 2.575 3.1816e-07
-6.925 2.625 6.5140e-07
-6.925 2.675 1.3377e-06
-6.925 2.725 2.7561e-06
-6.925 2.775 5.6993e-06
-6.925 2.825 1.1833e-05
-6.925 2.875 2.4674e-05
-6.925 2.925 5.1694e-05
-6.925 2.975 1.0885e-04
-6.925 3.025 2.3044e-04
-6.925 3.075 4.9054e-04
-6.925 3.125 1.0501e-03
-6.925 3.175 2.2601e-03
-6.925 3.225 4.8885e-03
-6.925 3.275 1.0618e-02
-6.925 3.325 2.3125e-02
-6.925 3.375 5.0416e-02
-6.925 3.425 1.0979e-01
-6.925 3.475 2.3834e-01
-6.925 3.525 5.1525e-01
-6.925 3.575 1.1103e+00
-6.925 3.625 2.3934e+00
-6.925 3.675 5.1868e+00
-6.925 3.725 1.1329e+01
-6.925 3.775 2.4751e+01
-6.925 3.825 5.0282e+01
-6.925 3.875 0.0000e+00
-6.925 3.925 0.0000e+00
-6.925 3.975 0.0000e+00
-6.875 -1.975 0.0000e+00
-6.875 -1.925 0.0000e+00
-6.875 -1.875 0.0000e+00
-6.875 -1.825 0.0000e+00
-6.875 -1.775 0.0000e+00
-6.875 -1.725 0.0000e+00
-6.875 -1.675 0.0000e+00
-6.875 -1.625 0.0000e+00
-6.875 -1.575 0.0000e+00
-6.875 -1.525 0.0000e+00
-6.875 -1.475 0.0000e+00
-6.875 -1.425 0.0000e+00
-6.875 -1.375 0.0000e+00
-6.875 -1.325 0.0000e+00
-6.875 -1.275 0.0000e+00
-6.875 -1.225 0.0000e+00
-6.875 -1.175 0.0000e+00
-6.875 -1.125 0.0000e+00
-6.875 -1.075 0.0000e+00
-6.875 -1.025 0.0000e+00
-6.875 -0.975 0.0000e+00
-6.875 -0.925 0.0000e+00
-6.875 -0.875 0.0000e+00
-6.875 -0.825 0.0000e+00
-6.875 -0.775 0.0000e+00
-6.875 -0.725 0.0000e+00
-6.875 -0.675 0.0000e+00
-6.875 -0.625 0.0000e+00
-6.875 -0.575 0.0000e+00
-6.875 -0.525 0.0000e+00
-6.875 -0.475 0.0000e+00
-6.875 -0.425 0.0000e+00
-6.875 -0.375 0.0000e+00
-6.875 -0.325 0.0000e+00
-6.875 -0.275 0.0000e+00
-6.875 -0.225 0.0000e+00
-6.875 -0.175 0.0000e+00
-6.875 -0.125 0.0000e+00
-6.875 -0.075 0.0000e+00
-6.875 -0.025 0.0000e+00
-6.875 0.025 0.0000e+00
-6.875 0.075 0.0000e+00
-6.875 0.125 0.0000e+00
-6.875 0.175 0.0000e+00
-6.875 0.225 0.0000e+00
-6.875 0.275 0.0000e+00
-6.875 0.325 0.0000e+00
-6.875 0.375 0.0000e+00
-6.875 0.425 0.0000e+00
-6.875 0.475 0.0000e+00
-6.875 0.525 0.0000e+00
-6.875 0.575 0.0000e+00
-6.875 0.625 0.0000e+00
-6.875 0.675 0.0000e+00
-6.875 0.725 0.0000e+00
-6.875 0.775 0.0000e+00
-6.875 0.825 0.0000e+00
-6.875 0.875 0.0000e+00
-6.875 0.925 4.0859e-17
-6.875 0.975 8.1572e-17
-6.875 1.025 1.6287e-16
-6.875 1.075 3.2521e-16
-6.875 1.125 6.4942e-16
-6.875 1.175 1.2970e-15
-6.875 1.225 2.5906e-15
-6.875 1.275 5.1750e-15
-6.875 1.325 1.0339e-14
-6.875 1.375 2.0660e-14
-6.875 1.425 4.1292e-14
-6.875 1.475 8.2543e-14
-6.875 1.525 1.6504e-13
-6.875 1.575 3.3008e-13
-6.875 1.625 6.6035e-13
-6.875 1.675 1.3215e-12
-6.875 1.725 2.6456e-12
-6.875 1.775 5.2984e-12
-6.875 1.825 1.0616e-11
-6.875 1.875 2.1282e-11
-6.875 1.925 4.2689e-11
-6.875 1.975 8.5681e-11
-6.875 2.025 1.7210e-10
-6.875 2.075 3.4594e-10
-6.875 2.125 6.9603e-10
-6.875 2.175 1.4018e-09
-6.875 2.225 2.8265e-09
-6.875 2.275 5.7062e-09
-6.875 2.325 1.1536e-08
-6.875 2.375 2.3360e-08
-6.875 2.425 4.7384e-08
-6.875 2.475 9.6305e-08
-6.875 2.525 1.9616e-07
-6.875 2.575 4.0054e-07
-6.875 2.625 8.2006e-07
-6.875 2.675 1.6840e-06
-6.875 2.725 3.4697e-06
-6.875 2.775 7.1749e-06
-6.875 2.825 1.4896e-05
-6.875 2.875 3.1063e-05
-6.875 2.925 6.5079e-05
-6.875 2.975 1.3704e-04
-6.875 3.025 2.9011e-04
-6.875 3.075 6.1756e-04
-6.875 3.125 1.3220e-03
-6.875 3.175 2.8452e-03
-6.875 3.225 6.1543e-03
-6.875 3.275 1.3367e-02
-6.875 3.325 2.9113e-02
-6.875 3.375 6.3470e-02
-6.875 3.425 1.3822e-01
-6.875 3.475 3.0005e-01
-6.875 3.525 6.4867e-01
-6.875 3.575 1.3978e+00
-6.875 3.625 3.0132e+00
-6.875 3.675 6.5298e+00
-6.875 3.725 1.4263e+01
-6.875 3.775 3.1160e+01
-6.875 3.825 6.3302e+01
-6.875 3.875 0.0000e+00
-6.875 3.925 0.0000e+00
-6.875 3.975 0.0000e+00
-6.825 -1.975 0.0000e+00
-6.825 -1.925 0.0000e+00
-6.825 -1.875 0.0000e+00
-6.825 -1.825 0.0000e+00
-6.825 -1.775 0.0000e+00
-6.825 -1.725 0.0000e+00
-6.825 -1.675 0.0000e+00
-6.825 -1.625 0.0000e+00
-6.825 -1.575 0.0000e+00
-6.825 -1.525 0.0000e+00
-6.825 -1.475 0.0000e+00
-6.825 -1.425 0.0000e+00
-6.825 -1.375 0.0000e+00
-6.825 -1.325 0.0000e+00
-6.825 -1.275 0.0000e+00
-6.825 -1.225 0.0000e+00
-6.825 -1.175 0.0000e+00
-6.825 -1.125 0.0000e+00
-6.825 -1.075 0.0000e+00
-6.825 -1.025 0.0000e+00
-6.825 -0.975 0.0000e+00
-6.825 -0.925 0.0000e+00
-6.825 -0.875 0.0000e+00
-6.825 -0.825 0.0000e+00
-6.825 -0.775 0.0000e+00
-6.825 -0.725 0.0000e+00
-6.825 -0.675 0.0000e+00
-6.825 -0.625 0.0000e+00
-6.825 -0.575 0.0000e+00
-6.825 -0.525 0.0000e+00
-6.825 -0.475 0.0000e+00
-6.825 -0.425 0.0000e+00
-6.825 -0.375 0.0000e+00
-6.825 -0.325 0.0000e+00
-6.825 -0.275 0.0000e+00
-6.825 -0.225 0.0000e+00
-6.825 -0.175 0.0000e+00
-6.825 -0.125 0.0000e+00
-6.825 -0.075 0.0000e+00
-6.825 -0.025 0.0000e+00
-6.825 0.025 0.0000e+00
-6.825 0.075 0.0000e+00
-6.825 0.125 0.0000e+00
-6.825 0.175 0.0000e+00
-6.825 0.225 0.0000e+00
-6.825 0.275 0.0000e+00
-6.825 0.325 0.0000e+00
-6.825 0.375 0.0000e+00
-6.825 0.425 0.0000e+00
-6.825 0.475 0.0000e+00
-6.825 0.525 0.0000e+00
-6.825 0.575 0.0000e+00
-6.825 0.625 0.0000e+00
-6.825 0.675 0.0000e+00
-6.825 0.725 0.0000e+00
-6.825 0.775 0.0000e+00
-6.825 0.825 0.0000e+00
-6.825 0.875 0.0000e+00
-6.825 0.925 5.1438e-17
-6.825 0.975 1.0269e-16
-6.825 1.025 2.0504e-16
-6.825 1.075 4.0941e-16
-6.825 1.125 8.1757e-16
-6.825 1.175 1.6328e-15
-6.825 1.225 3.2613e-15
-6.825 1.275 6.5149e-15
-6.825 1.325 1.3016e-14
-6.825 1.375 2.6010e-14
-6.825 1.425 5.1983e-14
-6.825 1.475 1.0392e-13
-6.825 1.525 2.0778e-13
-6.825 1.575 4.1555e-13
-6.825 1.625 8.3134e-13
-6.825 1.675 1.6637e-12
-6.825 1.725 3.3306e-12
-6.825 1.775 6.6703e-12
-6.825 1.825 1.3365e-11
-6.825 1.875 2.6793e-11
-6.825 1.925 5.3742e-11
-6.825 1.975 1.0787e-10
-6.825 2.025 2.1666e-10
-6.825 2.075 4.3552e-10
-6.825 2.125 8.7625e-10
-6.825 2.175 1.7648e-09
-6.825 2.225 3.5583e-09
-6.825 2.275 7.1837e-09
-6.825 2.325 1.4523e-08
-6.825 2.375 2.9408e-08
-6.825 2.425 5.9653e-08
-6.825 2.475 1.2124e-07
-6.825 2.525 2.4695e-07
-6.825 2.575 5.0425e-07
-6.825 2.625 1.0324e-06
-6.825 2.675 2.1201e-06
-6.825 2.725 4.3681e-06
-6.825 2.775 9.0327e-06
-6.825 2.825 1.8753e-05
-6.825 2.875 3.9106e-05
-6.825 2.925 8.1930e-05
-6.825 2.975 1.7252e-04
-6.825 3.025 3.6522e-04
-6.825 3.075 7.7746e-04
-6.825 3.125 1.6643e-03
-6.825 3.175 3.5820e-03
-6.825 3.225 7.7478e-03
-6.825 3.275 1.6828e-02
-6.825 3.325 3.6650e-02
-6.825 3.375 7.9903e-02
-6.825 3.425 1.7400e-01
-6.825 3.475 3.7774e-01
-6.825 3.525 8.1662e-01
-6.825 3.575 1.7598e+00
-6.825 3.625 3.7934e+00
-6.825 3.675 8.2205e+00
-6.825 3.725 1.7956e+01
-6.825 3.775 3.9228e+01
-6.825 3.825 7.9692e+01
-6.825 3.875 0.0000e+00
-6.825 3.925 0.0000e+00
-6.825 3.975 0.0000e+00
-6.775 -1.975 0.0000e+00
-6.775 -1.925 0.0000e+00
-6.775 -1.875 0.0000e+00
-6.775 -1.825 0.0000e+00
-6.775 -1.775 0.0000e+00
-6.775 -1.725 0.0000e+00
-6.775 -1.675 0.0000e+00
-6.775 -1.625 0.0000e+00
-6.775 -1.575 0.0000e+00
-6.775 -1.525 0.0000e+00
-6.775 -1.475 0.0000e+00
-6.775 -1.425 0.0000e+00
-6.775 -1.375 0.0000e+00
-6.775 -1.325 0.0000e+00
-6.775 -1.275 0.0000e+00
-6.775 -1.225 0.0000e+00
-6.775 -1.175 0.0000e+00
-6.775 -1.125 0.0000e+00
-6.775 -1.075 0.0000e+00
-6.775 -1.025 0.0000e+00
-6.775 -0.975 0.0000e+00
-6.775 -0.925 0.0000e+00
-6.775 -0.875 0.0000e+00
-6.775 -0.825 0.0000e+00
-6.775 -0.775 0.0000e+00
-6.775 -0.725 0.0000e+00
-6.775 -0.675 0.0000e+00
-6.775 -0.625 0.0000e+00
-6.775 -0.575 0.0000e+00
-6.775 -0.525 0.0000e+00
-6.775 -0.475 0.0000e+00
-6.775 -0.425 0.0000e+00
-6.775 -0.375 0.0000e+00
-6.775 -0.325 0.0000e+00
-6.775 -0.275 0.0000e+00
-6.775 -0.225 0.0000e+00
-6.775 -0.175 0.0000e+00
-6.775 -0.125 0.0000e+00
-6.775 -0.075 0.0000e+00
-6.775 -0.025 0.0000e+00
-6.775 0.025 0.0000e+00
-6.775 0.075 0.0000e+00
-6.775 0.125 0.0000e+00
-6.775 0.175 0.0000e+00
-6.775 0.225 0.0000e+00
-6.775 0.275 0.0000e+00
-6.775 0.325 0.0000e+00
-6.775 0.375 0.0000e+00
-6.775 0.425 0.0000e+00
-6.775 0.475 0.0000e+00
-6.775 0.525 0.0000e+00
-6.775 0.575 0.0000e+00
-6.775 0.625 0.0000e+00
-6.775 0.675 0.0000e+00
-6.775 0.725 0.0000e+00
-6.775 0.775 0.0000e+00
-6.775 0.825 0.0000e+00
-6.775 0.875 0.0000e+00
-6.775 0.925 6.4757e-17
-6.775 0.975 1.2928e-16
-6.775 1.025 2.5813e-16
-6.775 1.075 5.1542e-16
-6.775 1.125 1.0293e-15
-6.775 1.175 2.0556e-15
-6.775 1.225 4.1057e-15
-6.775 1.275 8.2018e-15
-6.775 1.325 1.6386e-14
-6.775 1.375 3.2744e-14
-6.775 1.425 6.5443e-14
-6.775 1.475 1.3082e-13
-6.775 1.525 2.6157e-13
-6.775 1.575 5.2315e-13
-6.775 1.625 1.0466e-12
-6.775 1.675 2.0944e-12
-6.775 1.725 4.1929e-12
-6.775 1.775 8.3974e-12
-6.775 1.825 1.6826e-11
-6.775 1.875 3.3730e-11
-6.775 1.925 6.7657e-11
-6.775 1.975 1.3580e-10
-6.775 2.025 2.7275e-10
-6.775 2.075 5.4828e-10
-6.775 2.125 1.1031e-09
-6.775 2.175 2.2217e-09
-6.775 2.225 4.4797e-09
-6.775 2.275 9.0438e-09
-6.775 2.325 1.8284e-08
-6.775 2.375 3.7022e-08
-6.775 2.425 7.5098e-08
-6.775 2.475 1.5263e-07
-6.775 2.525 3.1090e-07
-6.775 2.575 6.3481e-07
-6.775 2.625 1.2997e-06
-6.775 2.675 2.6690e-06
-6.775 2.725 5.4991e-06
-6.775 2.775 1.1372e-05
-6.775 2.825 2.3609e-05
-6.775 2.875 4.9231e-05
-6.775 2.925 1.0314e-04
-6.775 2.975 2.1719e-04
-6.775 3.025 4.5979e-04
-6.775 3.075 9.7876e-04
-6.775 3.125 2.0952e-03
-6.775 3.175 4.5094e-03
-6.775 3.225 9.7539e-03
-6.775 3.275 2.1185e-02
-6.775 3.325 4.6140e-02
-6.775 3.375 1.0059e-01
-6.775 3.425 2.1906e-01
-6.775 3.475 4.7555e-01
-6.775 3.525 1.0281e+00
-6.775 3.575 2.2154e+00
-6.775 3.625 4.7755e+00
-6.775 3.675 1.0349e+01
-6.775 3.725 2.2605e+01
-6.775 3.775 4.9385e+01
-6.775 3.825 1.0033e+02
-6.775 3.875 0.0000e+00
-6.775 3.925 0.0000e+00
-6.775 3.975 0.0000e+00
-6.725 -1.975 0.0000e+00
-6.725 -1.925 0.0000e+00
-6.725 -1.875 0.0000e+00
-6.725 -1.825 0.0000e+00
-6.725 -1.775 0.0000e+00
-6.725 -1.725 0.0000e+00
-6.725 -1.675 0.0000e+00
-6.725 -1.625 0.0000e+00
-6.725 -1.575 0.0000e+00
-6.725 -1.525 0.0000e+00
-6.725 -1.475 0.0000e+00
-6.725 -1.425 0.0000e+00
-6.725 -1.375 0.0000e+00
-6.725 -1.325 0.0000e+00
-6.725 -1.275 0.0000e+00
-6.725 -1.225 0.0000e+00
-6.725 -1.175 0.0000e+00
-6.725 -1.125 0.0000e+00
-6.725 -1.075 0.0000e+00
-6.725 -1.025 0.0000e+00
-6.725 -0.975 0.0000e+00
-6.725 -0.925 0.0000e+00
-6.725 -0.875 0.0000e+00
-6.725 -0.825 0.0000e+00
-6.725 -0.775 0.0000e+00
-6.725 -0.725 0.0000e+00
-6.725 -0.675 0.0000e+00
-6.725 -0.625 0.0000e+00
-6.725 -0.575 0.0000e+00
-6.725 -0.525 0.0000e+00
-6.725 -0.475 0.0000e+00
-6.725 -0.425 0.0000e+00
-6.725 -0.375 0.0000e+00
-6.725 -0.325 0.0000e+00
-6.725 -0.275 0.0000e+00
-6.725 -0.225 0.0000e+00
-6.725 -0.175 0.0000e+00
-6.725 -0.125 0.0000e+00
-6.725 -0.075 0.0000e+00
-6.725 -0.025 0.0000e+00
-6.725 0.025 0.0000e+00
-6.725 0.075 0.0000e+00
-6.725 0.125 0.0000e+00
-6.725 0.175 0.0000e+00
-6.725 0.225 0.0000e+00
-6.725 0.275 0.0000e+00
-6.725 0.325 0.0000e+00
-6.725 0.375 0.0000e+00
-6.725 0.425 0.0000e+00
-6.725 0.475 0.0000e+00
-6.725 0.525 0.0000e+00
-6.725 0.575 0.0000e+00
-6.725 0.625 0.0000e+00
-6.725 0.675 0.0000e+00
-6.725 0.725 0.0000e+00
-6.725 0.775 0.0000e+00
-6.725 0.825 0.0000e+00
-6.725 0.875 0.0000e+00
-6.725 0.925 8.1524e-17
-6.725 0.975 1.6276e-16
-6.725 1.025 3.2496e-16
-6.725 1.075 6.4887e-16
-6.725 1.125 1.2958e-15
-6.725 1.175 2.5878e-15
-6.725 1.225 5.1688e-15
-6.725 1.275 1.0325e-14
-6.725 1.325 2.0629e-14
-6.725 1.375 4.1223e-14
-6.725 1.425 8.2388e-14
-6.725 1.475 1.6469e-13
-6.725 1.525 3.2930e-13
-6.725 1.575 6.5860e-13
-6.725 1.625 1.3176e-12
-6.725 1.675 2.6368e-12
-6.725 1.725 5.2786e-12
-6.725 1.775 1.0572e-11
-6.725 1.825 2.1182e-11
-6.725 1.875 4.2464e-11
-6.725 1.925 8.5175e-11
-6.725 1.975 1.7096e-10
-6.725 2.025 3.4338e-10
-6.725 2.075 6.9025e-10
-6.725 2.125 1.3888e-09
-6.725 2.175 2.7970e-09
-6.725 2.225 5.6396e-09
-6.725 2.275 1.1385e-08
-6.725 2.325 2.3018e-08
-6.725 2.375 4.6608e-08
-6.725 2.425 9.4543e-08
-6.725 2.475 1.9215e-07
-6.725 2.525 3.9140e-07
-6.725 2.575 7.9918e-07
-6.725 2.625 1.6362e-06
-6.725 2.675 3.3601e-06
-6.725 2.725 6.9230e-06
-6.725 2.775 1.4316e-05
-6.725 2.825 2.9722e-05
-6.725 2.875 6.1978e-05
-6.725 2.925 1.2985e-04
-6.725 2.975 2.7343e-04
-6.725 3.025 5.7884e-04
-6.725 3.075 1.2322e-03
-6.725 3.125 2.6377e-03
-6.725 3.175 5.6770e-03
-6.725 3.225 1.2279e-02
-6.725 3.275 2.6670e-02
-6.725 3.325 5.8087e-02
-6.725 3.375 1.2664e-01
-6.725 3.425 2.7578e-01
-6.725 3.475 5.9868e-01
-6.725 3.525 1.2943e+00
-6.725 3.575 2.7890e+00
-6.725 3.625 6.0121e+00
-6.725 3.675 1.3029e+01
-6.725 3.725 2.8458e+01
-6.725 3.775 6.2171e+01
-6.725 3.825 1.2630e+02
-6.725 3.875 0.0000e+00
-6.725 3.925 0.0000e+00
-6.725 3.975 0.0000e+00
-6.675 -1.975 0.0000e+00
-6.675 -1.925 0.0000e+00
-6.675 -1.875 0.0000e+00
-6.675 -1.825 0.0000e+00
-6.675 -1.775 0.0000e+00
-6.675 -1.725 0.0000e+00
-6.675 -1.675 0.0000e+00
-6.675 -1.625 0.0000e+00
-6.675 -1.575 0.0000e+00
-6.675 -1.525 0.0000e+00
-6.675 -1.475 0.0000e+00
-6.675 -1.425 0.0000e+00
-6.675 -1.375 0.0000e+00
-6.675 -1.325 0.0000e+00
-6.675 -1.275 0.0000e+00
-6.675 -1.225 0.0000e+00
-6.675 -1.175 0.0000e+00
-6.675 -1.125 0.0000e+00
-6.675 -1.075 0.0000e+00
-6.675 -1.025 0.0000e+00
-6.675 -0.975 0.0000e+00
-6.675 -0.925 0.0000e+00
-6.675 -0.875 0.0000e+00
-6.675 -0.825 0.0000e+00
-6.675 -0.775 0.0000e+00
-6.675 -0.725 0.0000e+00
-6.675 -0.675 0.0000e+00
-6.675 -0.625 0.0000e+00
-6.675 -0.575 0.0000e+00
-6.675 -0.525 0.0000e+00
-6.675 -0.475 0.0000e+00
-6.675 -0.425 0.0000e+00
-6.675 -0.375 0.0000e+00
-6.675 -0.325 0.0000e+00
-6.675 -0.275 0.0000e+00
-6.675 -0.225 0.0000e+00
-6.675 -0.175 0.0000e+00
-6.675 -0.125 0.0000e+00
-6.675 -0.075 0.0000e+00
-6.675 -0.025 0.0000e+00
-6.675 0.025 0.0000e+00
-6.675 0.075 0.0000e+00
-6.675 0.125 0.0000e+00
-6.675 0.175 0.0000e+00
-6.675 0.225 0.0000e+00
-6.675 0.275 0.0000e+00
-6.675 0.325 0.0000e+00
-6.675 0.375 0.0000e+00
-6.675 0.425 0.0000e+00
-6.675 0.475 0.0000e+00
-6.675 0.525 0.0000e+00
-6.675 0.575 0.0000e+00
-6.675 0.625 0.0000e+00
-6.675 0.675 0.0000e+00
-6.675 0.725 0.0000e+00
-6.675 0.775 0.0000e+00
-6.675 0.825 0.0000e+00
-6.675 0.875 0.0000e+00
-6.675 0.925 1.0263e-16
-6.675 0.975 2.0490e-16
-6.675 1.025 4.0910e-16
-6.675 1.075 8.1688e-16
-6.675 1.125 1.6313e-15
-6.675 1.175 3.2579e-15
-6.675 1.225 6.5072e-15
-6.675 1.275 1.2999e-14
-6.675 1.325 2.5971e-14
-6.675 1.375 5.1896e-14
-6.675 1.425 1.0372e-13
-6.675 1.475 2.0734e-13
-6.675 1.525 4.1457e-13
-6.675 1.575 8.2913e-13
-6.675 1.625 1.6587e-12
-6.675 1.675 3.3195e-12
-6.675 1.725 6.6454e-12
-6.675 1.775 1.3309e-11
-6.675 1.825 2.6667e-11
-6.675 1.875 5.3459e-11
-6.675 1.925 1.0723e-10
-6.675 1.975 2.1522e-10
-6.675 2.025 4.3228e-10
-6.675 2.075 8.6897e-10
-6.675 2.125 1.7484e-09
-6.675 2.175 3.5212e-09
-6.675 2.225 7.0998e-09
-6.675 2.275 1.4333e-08
-6.675 2.325 2.8978e-08
-6.675 2.375 5.8677e-08
-6.675 2.425 1.1902e-07
-6.675 2.475 2.4191e-07
-6.675 2.525 4.9274e-07
-6.675 2.575 1.0061e-06
-6.675 2.625 2.0599e-06
-6.675 2.675 4.2301e-06
-6.675 2.725 8.7155e-06
-6.675 2.775 1.8023e-05
-6.675 2.825 3.7418e-05
-6.675 2.875 7.8026e-05
-6.675 2.925 1.6347e-04
-6.675 2.975 3.4423e-04
-6.675 3.025 7.2872e-04
-6.675 3.075 1.5512e-03
-6.675 3.125 3.3206e-03
-6.675 3.175 7.1469e-03
-6.675 3.225 1.5459e-02
-6.675 3.275 3.3576e-02
-6.675 3.325 7.3127e-02
-6.675 3.375 1.5943e-01
-6.675 3.425 3.4718e-01
-6.675 3.475 7.5369e-01
-6.675 3.525 1.6294e+00
-6.675 3.575 3.5112e+00
-6.675 3.625 7.5687e+00
-6.675 3.675 1.6402e+01
-6.675 3.725 3.5826e+01
-6.675 3.775 7.8269e+01
-6.675 3.825 1.5901e+02
-6.675 3.875 0.0000e+00
-6.675 3.925 0.0000e+00
-6.675 3.975 0.0000e+00
-6.625 -1.975 0.0000e+00
-6.625 -1.925 0.0000e+00
-6.625 -1.875 0.0000e+00
-6.625 -1.825 0.0000e+00
-6.625 -1.775 0.0000e+00
-6.625 -1.725 0.0000e+00
-6.625 -1.675 0.0000e+00
-6.625 -1.625 0.0000e+00
-6.625 -1.575 0.0000e+00
-6.625 -1.525 0.0000e+00
-6.625 -1.475 0.0000e+00
-6.625 -1.425 0.0000e+00
-6.625 -1.375 0.0000e+00
-6.625 -1.325 0.0000e+00
-6.625 -1.275 0.0000e+00
-6.625 -1.225 0.0000e+00
-6.625 -1.175 0.0000e+00
-6.625 -1.125 0.0000e+00
-6.625 -1.075 0.0000e+00
-6.625 -1.025 0.0000e+00
-6.625 -0.975 0.0000e+00
-6.625 -0.925 0.0000e+00
-6.625 -0.875 0.0000e+00
-6.625 -0.825 0.0000e+00
-6.625 -0.775 0.0000e+00
-6.625 -0.725 0.0000e+00
-6.625 -0.675 0.0000e+00
-6.625 -0.625 0.0000e+00
-6.625 -0.575 0.0000e+00
-6.625 -0.525 0.0000e+00
-6.625 -0.475 0.0000e+00
-6.625 -0.425 0.0000e+00
-6.625 -0.375 0.0000e+00
-6.625 -0.325 0.0000e+00
-6.625 -0.275 0.0000e+00
-6.625 -0.225 0.0000e+00
-6.625 -0.175 0.0000e+00
-6.625 -0.125 0.0000e+00
-6.625 -0.075 0.0000e+00
-6.625 -0.025 0.0000e+00
-6.625 0.025 0.0000e+00
-6.625 0.075 0.0000e+00
-6.625 0.125 0.0000e+00
-6.625 0.175 0.0000e+00
-6.625 0.225 0.0000e+00
-6.625 0.275 0.0000e+00
-6.625 0.325 0.0000e+00
-6.625 0.375 0.0000e+00
-6.625 0.425 0.0000e+00
-6.625 0.475 0.0000e+00
-6.625 0.525 0.0000e+00
-6.625 0.575 0.0000e+00
-6.625 0.625 0.0000e+00
-6.625 0.675 0.0000e+00
-6.625 0.725 0.0000e+00
-6.625 0.775 0.0000e+00
-6.625 0.825 0.0000e+00
-6.625 0.875 0.0000e+00
-6.625 0.925 1.2921e-16
-6.625 0.975 2.5795e-16
-6.625 1.025 5.1503e-16
-6.625 1.075 1.0284e-15
-6.625 1.125 2.0536e-15
-6.625 1.175 4.1014e-15
-6.625 1.225 8.1920e-15
-6.625 1.275 1.6365e-14
-6.625 1.325 3.2695e-14
-6.625 1.375 6.5333e-14
-6.625 1.425 1.3058e-13
-6.625 1.475 2.6102e-13
-6.625 1.525 5.2191e-13
-6.625 1.575 1.0438e-12
-6.625 1.625 2.0882e-12
-6.625 1.675 4.1790e-12
-6.625 1.725 8.3660e-12
-6.625 1.775 1.6755e-11
-6.625 1.825 3.3572e-11
-6.625 1.875 6.7300e-11
-6.625 1.925 1.3499e-10
-6.625 1.975 2.7095e-10
-6.625 2.025 5.4421e-10
-6.625 2.075 1.0940e-09
-6.625 2.125 2.2010e-09
-6.625 2.175 4.4329e-09
-6.625 2.225 8.9381e-09
-6.625 2.275 1.8045e-08
-6.625 2.325 3.6481e-08
-6.625 2.375 7.3869e-08
-6.625 2.425 1.4984e-07
-6.625 2.475 3.0454e-07
-6.625 2.525 6.2032e-07
-6.625 2.575 1.2666e-06
-6.625 2.625 2.5933e-06
-6.625 2.675 5.3254e-06
-6.625 2.725 1.0972e-05
-6.625 2.775 2.2689e-05
-6.625 2.825 4.7107e-05
-6.625 2.875 9.8229e-05
-6.625 2.925 2.0580e-04
-6.625 2.975 4.3335e-04
-6.625 3.025 9.1740e-04
-6.625 3.075 1.9529e-03
-6.625 3.125 4.1804e-03
-6.625 3.175 8.9975e-03
-6.625 3.225 1.9462e-02
-6.625 3.275 4.2269e-02
-6.625 3.325 9.2062e-02
-6.625 3.375 2.0071e-01
-6.625 3.425 4.3708e-01
-6.625 3.475 9.4884e-01
-6.625 3.525 2.0513e+00
-6.625 3.575 4.4203e+00
-6.625 3.625 9.5285e+00
-6.625 3.675 2.0649e+01
-6.625 3.725 4.5103e+01
-6.625 3.775 9.8535e+01
-6.625 3.825 2.0018e+02
-6.625 3.875 0.0000e+00
-6.625 3.925 0.0000e+00
-6.625 3.975 0.0000e+00
-6.575 -1.975 0.0000e+00
-6.575 -1.925 0.0000e+00
-6.575 -1.875 0.0000e+00
-6.575 -1.825 0.0000e+00
-6.575 -1.775 0.0000e+00
-6.575 -1.725 0.0000e+00
-6.575 -1.675 0.0000e+00
-6.575 -1.625 0.0000e+00
-6.575 -1.575 0.0000e+00
-6.575 -1.525 0.0000e+00
-6.575 -1.475 0.0000e+00
-6.575 -1.425 0.0000e+00
-6.575 -1.375 0.0000e+00
-6.575 -1.325 0.0000e+00
-6.575 -1.275 0.0000e+00
-6.575 -1.225 0.0000e+00
-6.575 -1.175 0.0000e+00
-6.575 -1.125 0.0000e+00
-6.575 -1.075 0.0000e+00
-6.575 -1.025 0.0000e+00
-6.575 -0.975 0.0000e+00
-6.575 -0.925 0.0000e+00
-6.575 -0.875 0.0000e+00
-6.575 -0.825 0.0000e+00
-6.575 -0.775 0.0000e+00
-6.575 -0.725 0.0000e+00
-6.575 -0.675 0.0000e+00
-6.575 -0.625 0.0000e+00
-6.575 -0.575 0.0000e+00
-6.575 -0.525 0.0000e+00
-6.575 -0.475 0.0000e+00
-6.575 -0.425 0.0000e+00
-6.575 -0.375 0.0000e+00
-6.575 -0.325 0.0000e+00
-6.575 -0.275 0.0000e+00
-6.575 -0.225 0.0000e+00
-6.575 -0.175 0.0000e+00
-6.575 -0.125 0.0000e+00
-6.575 -0.075 0.0000e+00
-6.575 -0.025 0.0000e+00
-6.575 0.025 0.0000e+00
-6.575 0.075 0.0000e+00
-6.575 0.125 0.0000e+00
-6.575 0.175 0.0000e+00
-6.575 0.225 0.0000e+00
-6.575 0.275 0.0000e+00
-6.575 0.325 0.0000e+00
-6.575 0.375 0.0000e+00
-6.575 0.425 0.0000e+00
-6.575 0.475 0.0000e+00
-6.575 0.525 0.0000e+00
-6.575 0.575 0.0000e+00
-6.575 0.625 0.0000e+00
-6.575 0.675 0.0000e+00
-6.575 0.725 0.0000e+00
-6.575 0.775 0.0000e+00
-6.575 0.825 0.0000e+00
-6.575 0.875 0.0000e+00
-6.575 0.925 1.6266e-16
-6.575 0.975 3.2474e-16
-6.575 1.025 6.4838e-16
-6.575 1.075 1.2947e-15
-6.575 1.125 2.5854e-15
-6.575 1.175 5.1634e-15
-6.575 1.225 1.0313e-14
-6.575 1.275 2.0602e-14
-6.575 1.325 4.1161e-14
-6.575 1.375 8.2250e-14
-6.575 1.425 1.6439e-13
-6.575 1.475 3.2861e-13
-6.575 1.525 6.5705e-13
-6.575 1.575 1.3141e-12
-6.575 1.625 2.6289e-12
-6.575 1.675 5.2610e-12
-6.575 1.725 1.0532e-11
-6.575 1.775 2.1093e-11
-6.575 1.825 4.2264e-11
-6.575 1.875 8.4726e-11
-6.575 1.925 1.6995e-10
-6.575 1.975 3.4110e-10
-6.575 2.025 6.8512e-10
-6.575 2.075 1.3772e-09
-6.575 2.125 2.7710e-09
-6.575 2.175 5.5808e-09
-6.575 2.225 1.1252e-08
-6.575 2.275 2.2717e-08
-6.575 2.325 4.5927e-08
-6.575 2.375 9.2996e-08
-6.575 2.425 1.8864e-07
-6.575 2.475 3.8340e-07
-6.575 2.525 7.8094e-07
-6.575 2.575 1.5946e-06
-6.575 2.625 3.2647e-06
-6.575 2.675 6.7042e-06
-6.575 2.725 1.3813e-05
-6.575 2.775 2.8564e-05
-6.575 2.825 5.9304e-05
-6.575 2.875 1.2366e-04
-6.575 2.925 2.5909e-04
-6.575 2.975 5.4556e-04
-6.575 3.025 1.1549e-03
-6.575 3.075 2.4585e-03
-6.575 3.125 5.2628e-03
-6.575 3.175 1.1327e-02
-6.575 3.225 2.4501e-02
-6.575 3.275 5.3214e-02
-6.575 3.325 1.1590e-01
-6.575 3.375 2.5268e-01
-6.575 3.425 5.5025e-01
-6.575 3.475 1.1945e+00
-6.575 3.525 2.5824e+00
-6.575 3.575 5.5649e+00
-6.575 3.625 1.1996e+01
-6.575 3.675 2.5995e+01
-6.575 3.725 5.6781e+01
-6.575 3.775 1.2405e+02
-6.575 3.825 2.5201e+02
-6.575 3.875 0.0000e+00
-6.575 3.925 0.0000e+00
-6.575 3.975 0.0000e+00
-6.525 -1.975 0.0000e+00
-6.525 -1.925 0.0000e+00
-6.525 -1.875 0.0000e+00
-6.525 -1.825 0.0000e+00
-6.525 -1.775 0.0000e+00
-6.525 -1.725 0.0000e+00
-6.525 -1.675 0.0000e+00
-6.525 -1.625 0.0000e+00
-6.525 -1.575 0.0000e+00
-6.525 -1.525 0.0000e+00
-6.525 -1.475 0.0000e+00
-6.525 -1.425 0.0000e+00
-6.525 -1.375 0.0000e+00
-6.525 -1.325 0.0000e+00
-6.525 -1.275 0.0000e+00
-6.525 -1.225 0.0000e+00
-6.525 -1.175 0.0000e+00
-6.525 -1.125 0.0000e+00
-6.525 -1.075 0.0000e+00
-6.525 -1.025 0.0000e+00
-6.525 -0.975 0.0000e+00
-6.525 -0.925 0.0000e+00
-6.525 -0.875 0.0000e+00
-6.525 -0.825 0.0000e+00
-6.525 -0.775 0.0000e+00
-6.525 -0.725 0.0000e+00
-6.525 -0.675 0.0000e+00
-6.525 -0.625 0.0000e+00
-6.525 -0.575 0.0000e+00
-6.525 -0.525 0.0000e+00
-6.525 -0.475 0.0000e+00
-6.525 -0.425 0.0000e+00
-6.525 -0.375 0.0000e+00
-6.525 -0.325 0.0000e+00
-6.525 -0.275 0.0000e+00
-6.525 -0.225 0.0000e+00
-6.525 -0.175 0.0000e+00
-6.525 -0.125 0.0000e+00
-6.525 -0.075 0.0000e+00
-6.525 -0.025 0.0000e+00
-6.525 0.025 0.0000e+00
-6.525 0.075 0.0000e+00
-6.525 0.125 0.0000e+00
-6.525 0.175 0.0000e+00
-6.525 0.225 0.0000e+00
-6.525 0.275 0.0000e+00
-6.525 0.325 0.0000e+00
-6.525 0.375 0.0000e+00
-6.525 0.425 0.0000e+00
-6.525 0.475 0.0000e+00
-6.525 0.525 0.0000e+00
-6.525 0.575 0.0000e+00
-6.525 0.625 0.0000e+00
-6.525 0.675 0.0000e+00
-6.525 0.725 0.0000e+00
-6.525 0.775 0.0000e+00
-6.525 0.825 0.0000e+00
-6.525 0.875 0.0000e+00
-6.525 0.925 2.0478e-16
-6.525 0.975 4.0883e-16
-6.525 1.025 8.1627e-16
-6.525 1.075 1.6299e-15
-6.525 1.125 3.2548e-15
-6.525 1.175 6.5003e-15
-6.525 1.225 1.2984e-14
-6.525 1.275 2.5936e-14
-6.525 1.325 5.1819e-14
-6.525 1.375 1.0355e-13
-6.525 1.425 2.0695e-13
-6.525 1.475 4.1369e-13
-6.525 1.525 8.2717e-13
-6.525 1.575 1.6543e-12
-6.525 1.625 3.3096e-12
-6.525 1.675 6.6232e-12
-6.525 1.725 1.3259e-11
-6.525 1.775 2.6555e-11
-6.525 1.825 5.3207e-11
-6.525 1.875 1.0666e-10
-6.525 1.925 2.1395e-10
-6.525 1.975 4.2942e-10
-6.525 2.025 8.6252e-10
-6.525 2.075 1.7338e-09
-6.525 2.125 3.4884e-09
-6.525 2.175 7.0257e-09
-6.525 2.225 1.4166e-08
-6.525 2.275 2.8599e-08
-6.525 2.325 5.7818e-08
-6.525 2.375 1.1708e-07
-6.525 2.425 2.3748e-07
-6.525 2.475 4.8267e-07
-6.525 2.525 9.8315e-07
-6.525 2.575 2.0074e-06
-6.525 2.625 4.1100e-06
-6.525 2.675 8.4401e-06
-6.525 2.725 1.7390e-05
-6.525 2.775 3.5960e-05
-6.525 2.825 7.4659e-05
-6.525 2.875 1.5568e-04
-6.525 2.925 3.2617e-04
-6.525 2.975 6.8682e-04
-6.525 3.025 1.4540e-03
-6.525 3.075 3.0951e-03
-6.525 3.125 6.6255e-03
-6.525 3.175 1.4260e-02
-6.525 3.225 3.0845e-02
-6.525 3.275 6.6992e-02
-6.525 3.325 1.4591e-01
-6.525 3.375 3.1810e-01
-6.525 3.425 6.9272e-01
-6.525 3.475 1.5038e+00
-6.525 3.525 3.2510e+00
-6.525 3.575 7.0057e+00
-6.525 3.625 1.5102e+01
-6.525 3.675 3.2726e+01
-6.525 3.725 7.1483e+01
-6.525 3.775 1.5617e+02
-6.525 3.825 3.1726e+02
-6.525 3.875 0.0000e+00
-6.525 3.925 0.0000e+00
-6.525 3.975 0.0000e+00
-6.475 -1.975 0.0000e+00
-6.475 -1.925 0.0000e+00
-6.475 -1.875 0.0000e+00
-6.475 -1.825 0.0000e+00
-6.475 -1.775 0.0000e+00
-6.475 -1.725 0.0000e+00
-6.475 -1.675 0.0000e+00
-6.475 -1.625 0.0000e+00
-6.475 -1.575 0.0000e+00
-6.475 -1.525 0.0000e+00
-6.475 -1.475 0.0000e+00
-6.475 -1.425 0.0000e+00
-6.475 -1.375 0.0000e+00
-6.475 -1.325 0.0000e+00
-6.475 -1.275 0.0000e+00
-6.475 -1.225 0.0000e+00
-6.475 -1.175 0.0000e+00
-6.475 -1.125 0.0000e+00
-6.475 -1.075 0.0000e+00
-6.475 -1.025 0.0000e+00
-6.475 -0.975 0.0000e+00
-6.475 -0.925 0.0000e+00
-6.475 -0.875 0.0000e+00
-6.475 -0.825 0.0000e+00
-6.475 -0.775 0.0000e+00
-6.475 -0.725 0.0000e+00
-6.475 -0.675 0.0000e+00
-6.475 -0.625 0.0000e+00
-6.475 -0.575 0.0000e+00
-6.475 -0.525 0.0000e+00
-6.475 -0.475 0.0000e+00
-6.475 -0.425 0.0000e+00
-6.475 -0.375 0.0000e+00
-6.475 -0.325 0.0000e+00
-6.475 -0.275 0.0000e+00
-6.475 -0.225 0.0000e+00
-6.475 -0.175 0.0000e+00
-6.475 -0.125 0.0000e+00
-6.475 -0.075 0.0000e+00
-6.475 -0.025 0.0000e+00
-6.475 0.025 0.0000e+00
-6.475 0.075 0.0000e+00
-6.475 0.125 0.0000e+00
-6.475 0.175 0.0000e+00
-6.475 0.225 0.0000e+00
-6.475 0.275 0.0000e+00
-6.475 0.325 0.0000e+00
-6.475 0.375 0.0000e+00
-6.475 0.425 0.0000e+00
-6.475 0.475 0.0000e+00
-6.475 0.525 0.0000e+00
-6.475 0.575 0.0000e+00
-6.475 0.625 0.0000e+00
-6.475 0.675 0.0000e+00
-6.475 0.725 0.0000e+00
-6.475 0.775 0.0000e+00
-6.475 0.825 0.0000e+00
-6.475 0.875 0.0000e+00
-6.475 0.925 2.5780e-16
-6.475 0.975 5.1469e-16
-6.475 1.025 1.0276e-15
-6.475 1.075 2.0519e-15
-6.475 1.125 4.0975e-15
-6.475 1.175 8.1834e-15
-6.475 1.225 1.6345e-14
-6.475 1.275 3.2652e-14
-6.475 1.325 6.5236e-14
-6.475 1.375 1.3036e-13
-6.475 1.425 2.6053e-13
-6.475 1.475 5.2081e-13
-6.475 1.525 1.0413e-12
-6.475 1.575 2.0827e-12
-6.475 1.625 4.1665e-12
-6.475 1.675 8.3381e-12
-6.475 1.725 1.6692e-11
-6.475 1.775 3.3431e-11
-6.475 1.825 6.6984e-11
-6.475 1.875 1.3428e-10
-6.475 1.925 2.6935e-10
-6.475 1.975 5.4061e-10
-6.475 2.025 1.0858e-09
-6.475 2.075 2.1827e-09
-6.475 2.125 4.3917e-09
-6.475 2.175 8.8449e-09
-6.475 2.225 1.7834e-08
-6.475 2.275 3.6004e-08
-6.475 2.325 7.2789e-08
-6.475 2.375 1.4739e-07
-6.475 2.425 2.9897e-07
-6.475 2.475 6.0764e-07
-6.475 2.525 1.2377e-06
-6.475 2.575 2.5272e-06
-6.475 2.625 5.1742e-06
-6.475 2.675 1.0626e-05
-6.475 2.725 2.1892e-05
-6.475 2.775 4.5271e-05
-6.475 2.825 9.3990e-05
-6.475 2.875 1.9599e-04
-6.475 2.925 4.1062e-04
-6.475 2.975 8.6465e-04
-6.475 3.025 1.8305e-03
-6.475 3.075 3.8965e-03
-6.475 3.125 8.3410e-03
-6.475 3.175 1.7952e-02
-6.475 3.225 3.8831e-02
-6.475 3.275 8.4338e-02
-6.475 3.325 1.8369e-01
-6.475 3.375 4.0047e-01
-6.475 3.425 8.7208e-01
-6.475 3.475 1.8932e+00
-6.475 3.525 4.0928e+00
-6.475 3.575 8.8197e+00
-6.475 3.625 1.9012e+01
-6.475 3.675 4.1200e+01
-6.475 3.725 8.9992e+01
-6.475 3.775 1.9660e+02
-6.475 3.825 3.9941e+02
-6.475 3.875 0.0000e+00
-6.475 3.925 0.0000e+00
-6.475 3.975 0.0000e+00
-6.425 -1.975 0.0000e+00
-6.425 -1.925 0.0000e+00
-6.425 -1.875 0.0000e+00
-6.425 -1.825 0.0000e+00
-6.425 -1.775 0.0000e+00
-6.425 -1.725 0.0000e+00
-6.425 -1.675 0.0000e+00
-6.425 -1.625 0.0000e+00
-6.425 -1.575 0.0000e+00
-6.425 -1.525 0.0000e+00
-6.425 -1.475 0.0000e+00
-6.425 -1.425 0.0000e+00
-6.425 -1.375 0.0000e+00
-6.425 -1.325 0.0000e+00
-6.425 -1.275 0.0000e+00
-6.425 -1.225 0.0000e+00
-6.425 -1.175 0.0000e+00
-6.425 -1.125 0.0000e+00
-6.425 -1.075 0.0000e+00
-6.425 -1.025 0.0000e+00
-6.425 -0.975 0.0000e+00
-6.425 -0.925 0.0000e+00
-6.425 -0.875 0.0000e+00
-6.425 -0.825 0.0000e+00
-6.425 -0.775 0.0000e+00
-6.425 -0.725 0.0000e+00
-6.425 -0.675 0.0000e+00
-6.425 -0.625 0.0000e+00
-6.425 -0.575 0.0000e+00
-6.425 -0.525 0.0000e+00
-6.425 -0.475 0.0000e+00
-6.425 -0.425 0.0000e+00
-6.425 -0.375 0.0000e+00
-6.425 -0.325 0.0000e+00
-6.425 -0.275 0.0000e+00
-6.425 -0.225 0.0000e+00
-6.425 -0.175 0.0000e+00
-6.425 -0.125 0.0000e+00
-6.425 -0.075 0.0000e+00
-6.425 -0.025 0.0000e+00
-6.425 0.025 0.0000e+00
-6.425 0.075 0.0000e+00
-6.425 0.125 0.0000e+00
-6.425 0.175 0.0000e+00
-6.425 0.225 0.0000e+00
-6.425 0.275 0.0000e+00
-6.425 0.325 0.0000e+00
-6.425 0.375 0.0000e+00
-6.425 0.425 0.0000e+00
-6.425 0.475 0.0000e+00
-6.425 0.525 0.0000e+00
-6.425 0.575 0.0000e+00
-6.425 0.625 0.0000e+00
-6.425 0.675 0.0000e+00
-6.425 0.725 0.0000e+00
-6.425 0.775 0.0000e+00
-6.425 0.825 0.0000e+00
-6.425 0.875 0.0000e+00
-6.425 0.925 3.2455e-16
-6.425 0.975 6.4795e-16
-6.425 1.025 1.2937e-15
-6.425 1.075 2.5832e-15
-6.425 1.125 5.1585e-15
-6.425 1.175 1.0302e-14
-6.425 1.225 2.0577e-14
-6.425 1.275 4.1106e-14
-6.425 1.325 8.2127e-14
-6.425 1.375 1.6411e-13
-6.425 1.425 3.2799e-13
-6.425 1.475 6.5566e-13
-6.425 1.525 1.3110e-12
-6.425 1.575 2.6219e-12
-6.425 1.625 5.2454e-12
-6.425 1.675 1.0497e-11
-6.425 1.725 2.1015e-11
-6.425 1.775 4.2087e-11
-6.425 1.825 8.4328e-11
-6.425 1.875 1.6905e-10
-6.425 1.925 3.3909e-10
-6.425 1.975 6.8059e-10
-6.425 2.025 1.3670e-09
-6.425 2.075 2.7479e-09
-6.425 2.125 5.5288e-09
-6.425 2.175 1.1135e-08
-6.425 2.225 2.2452e-08
-6.425 2.275 4.5326e-08
-6.425 2.325 9.1636e-08
-6.425 2.375 1.8555e-07
-6.425 2.425 3.7638e-07
-6.425 2.475 7.6498e-07
-6.425 2.525 1.5582e-06
-6.425 2.575 3.1816e-06
-6.425 2.625 6.5140e-06
-6.425 2.675 1.3377e-05
-6.425 2.725 2.7561e-05
-6.425 2.775 5.6993e-05
-6.425 2.825 1.1833e-04
-6.425 2.875 2.4674e-04
-6.425 2.925 5.1694e-04
-6.425 2.975 1.0885e-03
-6.425 3.025 2.3044e-03
-6.425 3.075 4.9054e-03
-6.425 3.125 1.0501e-02
-6.425 3.175 2.2601e-02
-6.425 3.225 4.8885e-02
-6.425 3.275 1.0618e-01
-6.425 3.325 2.3125e-01
-6.425 3.375 5.0416e-01
-6.425 3.425 1.0979e+00
-6.425 3.475 2.3834e+00
-6.425 3.525 5.1525e+00
-6.425 3.575 1.1103e+01
-6.425 3.625 2.3934e+01
-6.425 3.675 5.1868e+01
-6.425 3.725 1.1329e+02
-6.425 3.775 2.4751e+02
-6.425 3.825 5.0282e+02
-6.425 3.875 0.0000e+00
-6.425 3.925 0.0000e+00
-6.425 3.975 0.0000e+00
-6.375 -1.975 0.0000e+00
-6.375 -1.925 0.0000e+00
-6.375 -1.875 0.0000e+00
-6.375 -1.825 0.0000e+00
-6.375 -1.775 0.0000e+00
-6.375 -1.725 0.0000e+00
-6.375 -1.675 0.0000e+00
-6.375 -1.625 0.0000e+00
-6.375 -1.575 0.0000e+00
-6.375 -1.525 0.0000e+00
-6.375 -1.475 0.0000e+00
-6.375 -1.425 0.0000e+00
-6.375 -1.375 0.0000e+00
-6.375 -1.325 0.0000e+00
-6.375 -1.275 0.0000e+00
-6.375 -1.225 0.0000e+00
-6.375 -1.175 0.0000e+00
-6.375 -1.125 0.0000e+00
-6.375 -1.075 0.0000e+00
-6.375 -1.025 0.0000e+00
-6.375 -0.975 0.0000e+00
-6.375 -0.925 0.0000e+00
-6.375 -0.875 0.0000e+00
-6.375 -0.825 0.0000e+00
-6.375 -0.775 0.0000e+00
-6.375 -0.725 0.0000e+00
-6.375 -0.675 0.0000e+00
-6.375 -0.625 0.0000e+00
-6.375 -0.575 0.0000e+00
-6.375 -0.525 0.0000e+00
-6.375 -0.475 0.0000e+00
-6.375 -0.425 0.0000e+00
-6.375 -0.375 0.0000e+00
-6.375 -0.325 0.0000e+00
-6.375 -0.275 0.0000e+00
-6.375 -0.225 0.0000e+00
-6.375 -0.175 0.0000e+00
-6.375 -0.125 0.0000e+00
-6.375 -0.075 0.0000e+00
-6.375 -0.025 0.0000e+00
-6.375 0.025 0.0000e+00
-6.375 0.075 0.0000e+00
-6.375 0.125 0.0000e+00
-6.375 0.175 0.0000e+00
-6.375 0.225 0.0000e+00
-6.375 0.275 0.0000e+00
-6.375 0.325 0.0000e+00
-6.375 0.375 0.0000e+00
-6.375 0.425 0.0000e+00
-6.375 0.475 0.0000e+00
-6.375 0.525 0.0000e+00
-6.375 0.575 0.0000e+00
-6.375 0.625 0.0000e+00
-6.375 0.675 0.0000e+00
-6.375 0.725 0.0000e+00
-6.375 0.775 0.0000e+00
-6.375 0.825 0.0000e+00
-6.375 0.875 0.0000e+00
-6.375 0.925 4.0859e-16
-6.375 0.975 8.1572e-16
-6.375 1.025 1.6287e-15
-6.375 1.075 3.2521e-15
-6.375 1.125 6.4942e-15
-6.375 1.175 1.2970e-14
-6.375 1.225 2.5906e-14
-6.375 1.275 5.1750e-14
-6.375 1.325 1.0339e-13
-6.375 1.375 2.0660e-13
-6.375 1.425 4.1292e-13
-6.375 1.475 8.2543e-13
-6.375 1.525 1.6504e-12
-6.375 1.575 3.3008e-12
-6.375 1.625 6.6035e-12
-6.375 1.675 1.3215e-11
-6.375 1.725 2.6456e-11
-6.375 1.775 5.2984e-11
-6.375 1.825 1.0616e-10
-6.375 1.875 2.1282e-10
-6.375 1.925 4.2689e-10
-6.375 1.975 8.5681e-10
-6.375 2.025 1.7210e-09
-6.375 2.075 3.4594e-09
-6.375 2.125 6.9603e-09
-6.375 2.175 1.4018e-08
-6.375 2.225 2.8265e-08
-6.375 2.275 5.7062e-08
-6.375 2.325 1.1536e-07
-6.375 2.375 2.3360e-07
-6.375 2.425 4.7384e-07
-6.375 2.475 9.6305e-07
-6.375 2.525 1.9616e-06
-6.375 2.575 4.0054e-06
-6.375 2.625 8.2006e-06
-6.375 2.675 1.6840e-05
-6.375 2.725 3.4697e-05
-6.375 2.775 7.1749e-05
-6.375 2.825 1.4896e-04
-6.375 2.875 3.1063e-04
-6.375 2.925 6.5079e-04
-6.375 2.975 1.3704e-03
-6.375 3.025 2.9011e-03
-6.375 3.075 6.1756e-03
-6.375 3.125 1.3220e-02
-6.375 3.175 2.8453e-02
-6.375 3.225 6.1543e-02
-6.375 3.275 1.3367e-01
-6.375 3.325 2.9113e-01
-6.375 3.375 6.3470e-01
-6.375 3.425 1.3822e+00
-6.375 3.475 3.0005e+00
-6.375 3.525 6.4867e+00
-6.375 3.575 1.3978e+01
-6.375 3.625 3.0132e+01
-6.375 3.675 6.5298e+01
-6.375 3.725 1.4263e+02
-6.375 3.775 3.1159e+02
-6.375 3.825 6.3301e+02
-6.375 3.875 0.0000e+00
-6.375 3.925 0.0000e+00
-6.375 3.975 0.0000e+00
-6.325 -1.975 0.0000e+00
-6.325 -1.925 0.0000e+00
-6.325 -1.875 0.0000e+00
-6.325 -1.825 0.0000e+00
-6.325 -1.775 0.0000e+00
-6.325 -1.725 0.0000e+00
-6.325 -1.675 0.0000e+00
-6.325 -1.625 0.0000e+00
-6.325 -1.575 0.0000e+00
-6.325 -1.525 0.0000e+00
-6.325 -1.475 0.0000e+00
-6.325 -1.425 0.0000e+00
-6.325 -1.375 0.0000e+00
-6.325 -1.325 0.0000e+00
-6.325 -1.275 0.0000e+00
-6.325 -1.225 0.0000e+00
-6.325 -1.175 0.0000e+00
-6.325 -1.125 0.0000e+00
-6.325 -1.075 0.0000e+00
-6.325 -1.025 0.0000e+00
-6.325 -0.975 0.0000e+00
-6.325 -0.925 0.0000e+00
-6.325 -0.875 0.0000e+00
-6.325 -0.825 0.0000e+00
-6.325 -0.775 0.0000e+00
-6.325 -0.725 0.0000e+00
-6.325 -0.675 0.0000e+00
-6.325 -0.625 0.0000e+00
-6.325 -0.575 0.0000e+00
-6.325 -0.525 0.0000e+00
-6.325 -0.475 0.0000e+00
-6.325 -0.425 0.0000e+00
-6.325 -0.375 0.0000e+00
-6.325 -0.325 0.0000e+00
-6.325 -0.275 0.0000e+00
-6.325 -0.225 0.0000e+00
-6.325 -0.175 0.0000e+00
-6.325 -0.125 0.0000e+00
-6.325 -0.075 0.0000e+00
-6.325 -0.025 0.0000e+00
-6.325 0.025 0.0000e+00
-6.325 0.075 0.0000e+00
-6.325 0.125 0.0000e+00
-6.325 0.175 0.0000e+00
-6.325 0.225 0.0000e+00
-6.325 0.275 0.0000e+00
-6.325 0.325 0.0000e+00
-6.325 0.375 0.0000e+00
-6.325 0.425 0.0000e+00
-6.325 0.475 0.0000e+00
-6.325 0.525 0.0000e+00
-6.325 0.575 0.0000e+00
-6.325 0.625 0.0000e+00
-6.325 0.675 0.0000e+00
-6.325 0.725 0.0000e+00
-6.325 0.775 0.0000e+00
-6.325 0.825 0.0000e+00
-6.325 0.875 0.0000e+00
-6.325 0.925 5.1438e-16
-6.325 0.975 1.0269e-15
-6.325 1.025 2.0504e-15
-6.325 1.075 4.0941e-15
-6.325 1.125 8.1757e-15
-6.325 1.175 1.6328e-14
-6.325 1.225 3.2613e-14
-6.325 1.275 6.5149e-14
-6.325 1.325 1.3016e-13
-6.325 1.375 2.6010e-13
-6.325 1.425 5.1983e-13
-6.325 1.475 1.0392e-12
-6.325 1.525 2.0778e-12
-6.325 1.575 4.1555e-12
-6.325 1.625 8.3134e-12
-6.325 1.675 1.6637e-11
-6.325 1.725 3.3306e-11
-6.325 1.775 6.6703e-11
-6.325 1.825 1.3365e-10
-6.325 1.875 2.6793e-10
-6.325 1.925 5.3742e-10
-6.325 1.975 1.0787e-09
-6.325 2.025 2.1666e-09
-6.325 2.075 4.3552e-09
-6.325 2.125 8.7625e-09
-6.325 2.175 1.7648e-08
-6.325 2.225 3.5583e-08
-6.325 2.275 7.1837e-08
-6.325 2.325 1.4523e-07
-6.325 2.375 2.9408e-07
-6.325 2.425 5.9653e-07
-6.325 2.475 1.2124e-06
-6.325 2.525 2.4695e-06
-6.325 2.575 5.0425e-06
-6.325 2.625 1.0324e-05
-6.325 2.675 2.1201e-05
-6.325 2.725 4.3681e-05
-6.325 2.775 9.0327e-05
-6.325 2.825 1.8753e-04
-6.325 2.875 3.9106e-04
-6.325 2.925 8.1930e-04
-6.325 2.975 1.7252e-03
-6.325 3.025 3.6522e-03
-6.325 3.075 7.7746e-03
-6.325 3.125 1.6643e-02
-6.325 3.175 3.5820e-02
-6.325 3.225 7.7478e-02
-6.325 3.275 1.6828e-01
-6.325 3.325 3.6651e-01
-6.325 3.375 7.9903e-01
-6.325 3.425 1.7400e+00
-6.325 3.475 3.7774e+00
-6.325 3.525 8.1662e+00
-6.325 3.575 1.7598e+01
-6.325 3.625 3.7934e+01
-6.325 3.675 8.2205e+01
-6.325 3.725 1.7956e+02
-6.325 3.775 3.9227e+02
-6.325 3.825 7.9691e+02
-6.325 3.875 0.0000e+00
-6.325 3.925 0.0000e+00
-6.325 3.975 0.0000e+00
-6.275 -1.975 0.0000e+00
-6.275 -1.925 0.0000e+00
-6.275 -1.875 0.0000e+00
-6.275 -1.825 0.0000e+00
-6.275 -1.775 0.0000e+00
-6.275 -1.725 0.0000e+00
-6.275 -1.675 0.0000e+00
-6.275 -1.625 0.0000e+00
-6.275 -1.575 0.0000e+00
-6.275 -1.525 0.0000e+00
-6.275 -1.475 0.0000e+00
-6.275 -1.425 0.0000e+00
-6.275 -1.375 0.0000e+00
-6.275 -1.325 0.0000e+00
-6.275 -1.275 0.0000e+00
-6.275 -1.225 0.0000e+00
-6.275 -1.175 0.0000e+00
-6.275 -1.125 0.0000e+00
-6.275 -1.075 0.0000e+00
-6.275 -1.025 0.0000e+00
-6.275 -0.975 0.0000e+00
-6.275 -0.925 0.0000e+00
-6.275 -0.875 0.0000e+00
-6.275 -0.825 0.0000e+00
-6.275 -0.775 0.0000e+00
-6.275 -0.725 0.0000e+00
-6.275 -0.675 0.0000e+00
-6.275 -0.625 0.0000e+00
-6.275 -0.575 0.0000e+00
-6.275 -0.525 0.0000e+00
-6.275 -0.475 0.0000e+00
-6.275 -0.425 0.0000e+00
-6.275 -0.375 0.0000e+00
-6.275 -0.325 0.0000e+00
-6.275 -0.275 0.0000e+00
-6.275 -0.225 0.0000e+00
-6.275 -0.175 0.0000e+00
-6.275 -0.125 0.0000e+00
-6.275 -0.075 0.0000e+00
-6.275 -0.025 0.0000e+00
-6.275 0.025 0.0000e+00
-6.275 0.075 0.0000e+00
-6.275 0.125 0.0000e+00
-6.275 0.175 0.0000e+00
-6.275 0.225 0.0000e+00
-6.275 0.275 0.0000e+00
-6.275 0.325 0.0000e+00
-6.275 0.375 0.0000e+00
-6.275 0.425 0.0000e+00
-6.275 0.475 0.0000e+00
-6.275 0.525 0.0000e+00
-6.275 0.575 0.0000e+00
-6.275 0.625 0.0000e+00
-6.275 0.675 0.0000e+00
-6.275 0.725 0.0000e+00
-6.275 0.775 0.0000e+00
-6.275 0.825 0.0000e+00
-6.275 0.875 0.0000e+00
-6.275 0.925 6.4757e-16
-6.275 0.975 1.2928e-15
-6.275 1.025 2.5813e-15
-6.275 1.075 5.1542e-15
-6.275 1.125 1.0293e-14
-6.275 1.175 2.0556e-14
-6.275 1.225 4.1057e-14
-6.275 1.275 8.2018e-14
-6.275 1.325 1.6386e-13
-6.275 1.375 3.2744e-13
-6.275 1.425 6.5443e-13
-6.275 1.475 1.3082e-12
-6.275 1.525 2.6157e-12
-6.275 1.575 5.2315e-12
-6.275 1.625 1.0466e-11
-6.275 1.675 2.0944e-11
-6.275 1.725 4.1929e-11
-6.275 1.775 8.3974e-11
-6.275 1.825 1.6826e-10
-6.275 1.875 3.3730e-10
-6.275 1.925 6.7657e-10
-6.275 1.975 1.3580e-09
-6.275 2.025 2.7275e-09
-6.275 2.075 5.4828e-09
-6.275 2.125 1.1031e-08
-6.275 2.175 2.2217e-08
-6.275 2.225 4.4797e-08
-6.275 2.275 9.0438e-08
-6.275 2.325 1.8284e-07
-6.275 2.375 3.7022e-07
-6.275 2.425 7.5098e-07
-6.275 2.475 1.5263e-06
-6.275 2.525 3.1090e-06
-6.275 2.575 6.3481e-06
-6.275 2.625 1.2997e-05
-6.275 2.675 2.6690e-05
-6.275 2.725 5.4991e-05
-6.275 2.775 1.1372e-04
-6.275 2.825 2.3609e-04
-6.275 2.875 4.9231e-04
-6.275 2.925 1.0314e-03
-6.275 2.975 2.1719e-03
-6.275 3.025 4.5979e-03
-6.275 3.075 9.7876e-03
-6.275 3.125 2.0952e-02
-6.275 3.175 4.5094e-02
-6.275 3.225 9.7539e-02
-6.275 3.275 2.1185e-01
-6.275 3.325 4.6140e-01
-6.275 3.375 1.0059e+00
-6.275 3.425 2.1906e+00
-6.275 3.475 4.7555e+00
-6.275 3.525 1.0281e+01
-6.275 3.575 2.2154e+01
-6.275 3.625 4.7756e+01
-6.275 3.675 1.0349e+02
-6.275 3.725 2.2605e+02
-6.275 3.775 4.9384e+02
-6.275 3.825 1.0033e+03
-6.275 3.875 0.0000e+00
-6.275 3.925 0.0000e+00
-6.275 3.975 0.0000e+00
-6.225 -1.975 0.0000e+00
-6.225 -1.925 0.0000e+00
-6.225 -1.875 0.0000e+00
-6.225 -1.825 0.0000e+00
-6.225 -1.775 0.0000e+00
-6.225 -1.725 0.0000e+00
-6.225 -1.675 0.0000e+00
-6.225 -1.625 0.0000e+00
-6.225 -1.575 0.0000e+00
-6.225 -1.525 0.0000e+00
-6.225 -1.475 0.0000e+00
-6.225 -1.425 0.0000e+00
-6.225 -1.375 0.0000e+00
-6.225 -1.325 0.0000e+00
-6.225 -1.275 0.0000e+00
-6.225 -1.225 0.0000e+00
-6.225 -1.175 0.0000e+00
-6.225 -1.125 0.0000e+00
-6.225 -1.075 0.0000e+00
-6.225 -1.025 0.0000e+00
-6.225 -0.975 0.0000e+00
-6.225 -0.925 0.0000e+00
-6.225 -0.875 0.0000e+00
-6.225 -0.825 0.0000e+00
-6.225 -0.775 0.0000e+00
-6.225 -0.725 0.0000e+00
-6.225 -0.675 0.0000e+00
-6.225 -0.625 0.0000e+00
-6.225 -0.575 0.0000e+00
-6.225 -0.525 0.0000e+00
-6.225 -0.475 0.0000e+00
-6.225 -0.425 0.0000e+00
-6.225 -0.375 0.0000e+00
-6.225 -0.325 0.0000e+00
-6.225 -0.275 0.0000e+00
-6.225 -0.225 0.0000e+00
-6.225 -0.175 0.0000e+00
-6.225 -0.125 0.0000e+00
-6.225 -0.075 0.0000e+00
-6.225 -0.025 0.0000e+00
-6.225 0.025 0.0000e+00
-6.225 0.075 0.0000e+00
-6.225 0.125 0.0000e+00
-6.225 0.175 0.0000e+00
-6.225 0.225 0.0000e+00
-6.225 0.275 0.0000e+00
-6.225 0.325 0.0000e+00
-6.225 0.375 0.0000e+00
-6.225 0.425 0.0000e+00
-6.225 0.475 0.0000e+00
-6.225 0.525 0.0000e+00
-6.225 0.575 0.0000e+00
-6.225 0.625 0.0000e+00
-6.225 0.675 0.0000e+00
-6.225 0.725 0.0000e+00
-6.225 0.775 0.0000e+00
-6.225 0.825 0.0000e+00
-6.225 0.875 0.0000e+00
-6.225 0.925 8.1524e-16
-6.225 0.975 1.6276e-15
-6.225 1.025 3.2496e-15
-6.225 1.075 6.4887e-15
-6.225 1.125 1.2958e-14
-6.225 1.175 2.5878e-14
-6.225 1.225 5.1688e-14
-6.225 1.275 1.0325e-13
-6.225 1.325 2.0629e-13
-6.225 1.375 4.1223e-13
-6.225 1.425 8.2388e-13
-6.225 1.475 1.6469e-12
-6.225 1.525 3.2930e-12
-6.225 1.575 6.5860e-12
-6.225 1.625 1.3176e-11
-6.225 1.675 2.6368e-11
-6.225 1.725 5.2786e-11
-6.225 1.775 1.0572e-10
-6.225 1.825 2.1182e-10
-6.225 1.875 4.2464e-10
-6.225 1.925 8.5175e-10
-6.225 1.975 1.7096e-09
-6.225 2.025 3.4338e-09
-6.225 2.075 6.9025e-09
-6.225 2.125 1.3888e-08
-6.225 2.175 2.7970e-08
-6.225 2.225 5.6396e-08
-6.225 2.275 1.1385e-07
-6.225 2.325 2.3018e-07
-6.225 2.375 4.6608e-07
-6.225 2.425 9.4543e-07
-6.225 2.475 1.9215e-06
-6.225 2.525 3.9140e-06
-6.225 2.575 7.9918e-06
-6.225 2.625 1.6362e-05
-6.225 2.675 3.3601e-05
-6.225 2.725 6.9230e-05
-6.225 2.775 1.4316e-04
-6.225 2.825 2.9722e-04
-6.225 2.875 6.1978e-04
-6.225 2.925 1.2985e-03
-6.225 2.975 2.7343e-03
-6.225 3.025 5.7884e-03
-6.225 3.075 1.2322e-02
-6.225 3.125 2.6377e-02
-6.225 3.175 5.6770e-02
-6.225 3.225 1.2279e-01
-6.225 3.275 2.6670e-01
-6.225 3.325 5.8087e-01
-6.225 3.375 1.2664e+00
-6.225 3.425 2.7578e+00
-6.225 3.475 5.9868e+00
-6.225 3.525 1.2943e+01
-6.225 3.575 2.7890e+01
-6.225 3.625 6.0121e+01
-6.225 3.675 1.3029e+02
-6.225 3.725 2.8458e+02
-6.225 3.775 6.2171e+02
-6.225 3.825 1.2630e+03
-6.225 3.875 0.0000e+00
-6.225 3.925 0.0000e+00
-6.225 3.975 0.0000e+00
-6.175 -1.975 0.0000e+00
-6.175 -1.925 0.0000e+00
-6.175 -1.875 0.0000e+00
-6.175 -1.825 0.0000e+00
-6.175 -1.775 0.0000e+00
-6.175 -1.725 0.0000e+00
-6.175 -1.675 0.0000e+00
-6.175 -1.625 0.0000e+00
-6.175 -1.575 0.0000e+00
-6.175 -1.525 0.0000e+00
-6.175 -1.475 0.0000e+00
-6.175 -1.425 0.0000e+00
-6.175 -1.375 0.0000e+00
-6.175 -1.325 0.0000e+00
-6.175 -1.275 0.0000e+00
-6.175 -1.225 0.0000e+00
-6.175 -1.175 0.0000e+00
-6.175 -1.125 0.0000e+00
-6.175 -1.075 0.0000e+00
-6.175 -1.025 0.0000e+00
-6.175 -0.975 0.0000e+00
-6.175 -0.925 0.0000e+00
-6.175 -0.875 0.0000e+00
-6.175 -0.825 0.0000e+00
-6.175 -0.775 0.0000e+00
-6.175 -0.725 0.0000e+00
-6.175 -0.675 0.0000e+00
-6.175 -0.625 0.0000e+00
-6.175 -0.575 0.0000e+00
-6.175 -0.525 0.0000e+00
-6.175 -0.475 0.0000e+00
-6.175 -0.425 0.0000e+00
-6.175 -0.375 0.0000e+00
-6.175 -0.325 0.0000e+00
-6.175 -0.275 0.0000e+00
-6.175 -0.225 0.0000e+00
-6.175 -0.175 0.0000e+00
-6.175 -0.125 0.0000e+00
-6.175 -0.075 0.0000e+00
-6.175 -0.025 0.0000e+00
-6.175 0.025 0.0000e+00
-6.175 0.075 0.0000e+00
-6.175 0.125 0.0000e+00
-6.175 0.175 0.0000e+00
-6.175 0.225 0.0000e+00
-6.175 0.275 0.0000e+00
-6.175 0.325 0.0000e+00
-6.175 0.375 0.0000e+00
-6.175 0.425 0.0000e+00
-6.175 0.475 0.0000e+00
-6.175 0.525 0.0000e+00
-6.175 0.575 0.0000e+00
-6.175 0.625 0.0000e+00
-6.175 0.675 0.0000e+00
-6.175 0.725 0.0000e+00
-6.175 0.775 0.0000e+00
-6.175 0.825 0.0000e+00
-6.175 0.875 0.0000e+00
-6.175 0.925 1.0263e-15
-6.175 0.975 2.0490e-15
-6.175 1.025 4.0910e-15
-6.175 1.075 8.1688e-15
-6.175 1.125 1.6313e-14
-6.175 1.175 3.2579e-14
-6.175 1.225 6.5072e-14
-6.175 1.275 1.2999e-13
-6.175 1.325 2.5971e-13
-6.175 1.375 5.1896e-13
-6.175 1.425 1.0372e-12
-6.175 1.475 2.0734e-12
-6.175 1.525 4.1457e-12
-6.175 1.575 8.2913e-12
-6.175 1.625 1.6587e-11
-6.175 1.675 3.3195e-11
-6.175 1.725 6.6454e-11
-6.175 1.775 1.3309e-10
-6.175 1.825 2.6667e-10
-6.175 1.875 5.3459e-10
-6.175 1.925 1.0723e-09
-6.175 1.975 2.1522e-09
-6.175 2.025 4.3228e-09
-6.175 2.075 8.6897e-09
-6.175 2.125 1.7484e-08
-6.175 2.175 3.5212e-08
-6.175 2.225 7.0998e-08
-6.175 2.275 1.4333e-07
-6.175 2.325 2.8978e-07
-6.175 2.375 5.8677e-07
-6.175 2.425 1.1902e-06
-6.175 2.475 2.4191e-06
-6.175 2.525 4.9274e-06
-6.175 2.575 1.0061e-05
-6.175 2.625 2.0599e-05
-6.175 2.675 4.2301e-05
-6.175 2.725 8.7155e-05
-6.175 2.775 1.8023e-04
-6.175 2.825 3.7418e-04
-6.175 2.875 7.8026e-04
-6.175 2.925 1.6347e-03
-6.175 2.975 3.4423e-03
-6.175 3.025 7.2872e-03
-6.175 3.075 1.5512e-02
-6.175 3.125 3.3206e-02
-6.175 3.175 7.1469e-02
-6.175 3.225 1.5459e-01
-6.175 3.275 3.3576e-01
-6.175 3.325 7.3127e-01
-6.175 3.375 1.5943e+00
-6.175 3.425 3.4718e+00
-6.175 3.475 7.5369e+00
-6.175 3.525 1.6294e+01
-6.175 3.575 3.5112e+01
-6.175 3.625 7.5688e+01
-6.175 3.675 1.6402e+02
-6.175 3.725 3.5826e+02
-6.175 3.775 7.8269e+02
-6.175 3.825 1.5900e+03
-6.175 3.875 0.0000e+00
-6.175 3.925 0.0000e+00
-6.175 3.975 0.0000e+00
-6.125 -1.975 0.0000e+00
-6.125 -1.925 0.0000e+00
-6.125 -1.875 0.0000e+00
-6.125 -1.825 0.0000e+00
-6.125 -1.775 0.0000e+00
-6.125 -1.725 0.0000e+00
-6.125 -1.675 0.0000e+00
-6.125 -1.625 0.0000e+00
-6.125 -1.575 0.0000e+00
-6.125 -1.525 0.0000e+00
-6.125 -1.475 0.0000e+00
-6.125 -1.425 0.0000e+00
-6.125 -1.375 0.0000e+00
-6.125 -1.325 0.0000e+00
-6.125 -1.275 0.0000e+00
-6.125 -1.225 0.0000e+00
-6.125 -1.175 0.0000e+00
-6.125 -1.125 0.0000e+00
-6.125 -1.075 0.0000e+00
-6.125 -1.025 0.0000e+00
-6.125 -0.975 0.0000e+00
-6.125 -0.925 0.0000e+00
-6.125 -0.875 0.0000e+00
-6.125 -0.825 0.0000e+00
-6.125 -0.775 0.0000e+00
-6.125 -0.725 0.0000e+00
-6.125 -0.675 0.0000e+00
-6.125 -0.625 0.0000e+00
-6.125 -0.575 0.0000e+00
-6.125 -0.525 0.0000e+00
-6.125 -0.475 0.0000e+00
-6.125 -0.425 0.0000e+00
-6.125 -0.375 0.0000e+00
-6.125 -0.325 0.0000e+00
-6.125 -0.275 0.0000e+00
-6.125 -0.225 0.0000e+00
-6.125 -0.175 0.0000e+00
-6.125 -0.125 0.0000e+00
-6.125 -0.075 0.0000e+00
-6.125 -0.025 0.0000e+00
-6.125 0.025 0.0000e+00
-6.125 0.075 0.0000e+00
-6.125 0.125 0.0000e+00
-6.125 0.175 0.0000e+00
-6.125 0.225 0.0000e+00
-6.125 0.275 0.0000e+00
-6.125 0.325 0.0000e+00
-6.125 0.375 0.0000e+00
-6.125 0.425 0.0000e+00
-6.125 0.475 0.0000e+00
-6.125 0.525 0.0000e+00
-6.125 0.575 0.0000e+00
-6.125 0.625 0.0000e+00
-6.125 0.675 0.0000e+00
-6.125 0.725 0.0000e+00
-6.125 0.775 0.0000e+00
-6.125 0.825 0.0000e+00
-6.125 0.875 0.0000e+00
-6.125 0.925 1.2921e-15
-6.125 0.975 2.5795e-15
-6.125 1.025 5.1503e-15
-6.125 1.075 1.0284e-14
-6.125 1.125 2.0536e-14
-6.125 1.175 4.1014e-14
-6.125 1.225 8.1920e-14
-6.125 1.275 1.6365e-13
-6.125 1.325 3.2695e-13
-6.125 1.375 6.5333e-13
-6.125 1.425 1.3058e-12
-6.125 1.475 2.6102e-12
-6.125 1.525 5.2191e-12
-6.125 1.575 1.0438e-11
-6.125 1.625 2.0882e-11
-6.125 1.675 4.1790e-11
-6.125 1.725 8.3660e-11
-6.125 1.775 1.6755e-10
-6.125 1.825 3.3572e-10
-6.125 1.875 6.7300e-10
-6.125 1.925 1.3499e-09
-6.125 1.975 2.7095e-09
-6.125 2.025 5.4421e-09
-6.125 2.075 1.0940e-08
-6.125 2.125 2.2010e-08
-6.125 2.175 4.4329e-08
-6.125 2.225 8.9381e-08
-6.125 2.275 1.8045e-07
-6.125 2.325 3.6481e-07
-6.125 2.375 7.3869e-07
-6.125 2.425 1.4984e-06
-6.125 2.475 3.0454e-06
-6.125 2.525 6.2032e-06
-6.125 2.575 1.2666e-05
-6.125 2.625 2.5933e-05
-6.125 2.675 5.3254e-05
-6.125 2.725 1.0972e-04
-6.125 2.775 2.2689e-04
-6.125 2.825 4.7107e-04
-6.125 2.875 9.8229e-04
-6.125 2.925 2.0580e-03
-6.125 2.975 4.3335e-03
-6.125 3.025 9.1740e-03
-6.125 3.075 1.9529e-02
-6.125 3.125 4.1804e-02
-6.125 3.175 8.9975e-02
-6.125 3.225 1.9462e-01
-6.125 3.275 4.2269e-01
-6.125 3.325 9.2062e-01
-6.125 3.375 2.0071e+00
-6.125 3.425 4.3708e+00
-6.125 3.475 9.4885e+00
-6.125 3.525 2.0513e+01
-6.125 3.575 4.4204e+01
-6.125 3.625 9.5285e+01
-6.125 3.675 2.0649e+02
-6.125 3.725 4.5103e+02
-6.125 3.775 9.8534e+02
-6.125 3.825 2.0017e+03
-6.125 3.875 0.0000e+00
-6.125 3.925 0.0000e+00
-6.125 3.975 0.0000e+00
-6.075 -1.975 0.0000e+00
-6.075 -1.925 0.0000e+00
-6.075 -1.875 0.0000e+00
-6.075 -1.825 0.0000e+00
-6.075 -1.775 0.0000e+00
-6.075 -1.725 0.0000e+00
-6.075 -1.675 0.0000e+00
-6.075 -1.625 0.0000e+00
-6.075 -1.575 0.0000e+00
-6.075 -1.525 0.0000e+00
-6.075 -1.475 0.0000e+00
-6.075 -1.425 0.0000e+00
-6.075 -1.375 0.0000e+00
-6.075 -1.325 0.0000e+00
-6.075 -1.275 0.0000e+00
-6.075 -1.225 0.0000e+00
-6.075 -1.175 0.0000e+00
-6.075 -1.125 0.0000e+00
-6.075 -1.075 0.0000e+00
-6.075 -1.025 0.0000e+00
-6.075 -0.975 0.0000e+00
-6.075 -0.925 0.0000e+00
-6.075 -0.875 0.0000e+00
-6.075 -0.825 0.0000e+00
-6.075 -0.775 0.0000e+00
-6.075 -0.725 0.0000e+00
-6.075 -0.675 0.0000e+00
-6.075 -0.625 0.0000e+00
-6.075 -0.575 0.0000e+00
-6.075 -0.525 0.0000e+00
-6.075 -0.475 0.0000e+00
-6.075 -0.425 0.0000e+00
-6.075 -0.375 0.0000e+00
-6.075 -0.325 0.0000e+00
-6.075 -0.275 0.0000e+00
-6.075 -0.225 0.0000e+00
-6.075 -0.175 0.0000e+00
-6.075 -0.125 0.0000e+00
-6.075 -0.075 0.0000e+00
-6.075 -0.025 0.0000e+00
-6.075 0.025 0.0000e+00
-6.075 0.075 0.0000e+00
-6.075 0.125 0.0000e+00
-6.075 0.175 0.0000e+00
-6.075 0.225 0.0000e+00
-6.075 0.275 0.0000e+00
-6.075 0.325 0.0000e+00
-6.075 0.375 0.0000e+00
-6.075 0.425 0.0000e+00
-6.075 0.475 0.0000e+00
-6.075 0.525 0.0000e+00
-6.075 0.575 0.0000e+00
-6.075 0.625 0.0000e+00
-6.075 0.675 0.0000e+00
-6.075 0.725 0.0000e+00
-6.075 0.775 0.0000e+00
-6.075 0.825 0.0000e+00
-6.075 0.875 0.0000e+00
-6.075 0.925 1.6266e-15
-6.075 0.975 3.2474e-15
-6.075 1.025 6.4838e-15
-6.075 1.075 1.2947e-14
-6.075 1.125 2.5854e-14
-6.075 1.175 5.1634e-14
-6.075 1.225 1.0313e-13
-6.075 1.275 2.0602e-13
-6.075 1.325 4.1161e-13
-6.075 1.375 8.2250e-13
-6.075 1.425 1.6439e-12
-6.075 1.475 3.2861e-12
-6.075 1.525 6.5705e-12
-6.075 1.575 1.3141e-11
-6.075 1.625 2.6289e-11
-6.075 1.675 5.2610e-11
-6.075 1.725 1.0532e-10
-6.075 1.775 2.1093e-10
-6.075 1.825 4.2264e-10
-6.075 1.875 8.4726e-10
-6.075 1.925 1.6995e-09
-6.075 1.975 3.4110e-09
-6.075 2.025 6.8512e-09
-6.075 2.075 1.3772e-08
-6.075 2.125 2.7710e-08
-6.075 2.175 5.5808e-08
-6.075 2.225 1.1252e-07
-6.075 2.275 2.2717e-07
-6.075 2.325 4.5927e-07
-6.075 2.375 9.2996e-07
-6.075 2.425 1.8864e-06
-6.075 2.475 3.8340e-06
-6.075 2.525 7.8094e-06
-6.075 2.575 1.5946e-05
-6.075 2.625 3.2647e-05
-6.075 2.675 6.7042e-05
-6.075 2.725 1.3813e-04
-6.075 2.775 2.8564e-04
-6.075 2.825 5.9304e-04
-6.075 2.875 1.2366e-03
-6.075 2.925 2.5909e-03
-6.075 2.975 5.4556e-03
-6.075 3.025 1.1549e-02
-6.075 3.075 2.4585e-02
-6.075 3.125 5.2628e-02
-6.075 3.175 1.1327e-01
-6.075 3.225 2.4501e-01
-6.075 3.275 5.3214e-01
-6.075 3.325 1.1590e+00
-6.075 3.375 2.5268e+00
-6.075 3.425 5.5025e+00
-6.075 3.475 1.1945e+01
-6.075 3.525 2.5824e+01
-6.075 3.575 5.5649e+01
-6.075 3.625 1.1996e+02
-6.075 3.675 2.5996e+02
-6.075 3.725 5.6781e+02
-6.075 3.775 1.2405e+03
-6.075 3.825 2.5200e+03
-6.075 3.875 0.0000e+00
-6.075 3.925 0.0000e+00
-6.075 3.975 0.0000e+00
-6.025 -1.975 0.0000e+00
-6.025 -1.925 0.0000e+00
-6.025 -1.875 0.0000e+00
-6.025 -1.825 0.0000e+00
-6.025 -1.775 0.0000e+00
-6.025 -1.725 0.0000e+00
-6.025 -1.675 0.0000e+00
-6.025 -1.625 0.0000e+00
-6.025 -1.575 0.0000e+00
-6.025 -1.525 0.0000e+00
-6.025 -1.475 0.0000e+00
-6.025 -1.425 0.0000e+00
-6.025 -1.375 0.0000e+00
-6.025 -1.325 0.0000e+00
-6.025 -1.275 0.0000e+00
-6.025 -1.225 0.0000e+00
-6.025 -1.175 0.0000e+00
-6.025 -1.125 0.0000e+00
-6.025 -1.075 0.0000e+00
-6.025 -1.025 0.0000e+00
-6.025 -0.975 0.0000e+00
-6.025 -0.925 0.0000e+00
-6.025 -0.875 0.0000e+00
-6.025 -0.825 0.0000e+00
-6.025 -0.775 0.0000e+00
-6.025 -0.725 0.0000e+00
-6.025 -0.675 0.0000e+00
-6.025 -0.625 0.0000e+00
-6.025 -0.575 0.0000e+00
-6.025 -0.525 0.0000e+00
-6.025 -0.475 0.0000e+00
-6.025 -0.425 0.0000e+00
-6.025 -0.375 0.0000e+00
-6.025 -0.325 0.0000e+00
-6.025 -0.275 0.0000e+00
-6.025 -0.225 0.0000e+00
-6.025 -0.175 0.0000e+00
-6.025 -0.125 0.0000e+00
-6.025 -0.075 0.0000e+00
-6.025 -0.025 0.0000e+00
-6.025 0.025 0.0000e+00
-6.025 0.075 0.0000e+00
-6.025 0.125 0.0000e+00
-6.025 0.175 0.0000e+00
-6.025 0.225 0.0000e+00
-6.025 0.275 0.0000e+00
-6.025 0.325 0.0000e+00
-6.025 0.375 0.0000e+00
-6.025 0.425 0.0000e+00
-6.025 0.475 0.0000e+00
-6.025 0.525 0.0000e+00
-6.025 0.575 0.0000e+00
-6.025 0.625 0.0000e+00
-6.025 0.675 0.0000e+00
-6.025 0.725 0.0000e+00
-6.025 0.775 0.0000e+00
-6.025 0.825 0.0000e+00
-6.025 0.875 0.0000e+00
-6.025 0.925 2.0478e-15
-6.025 0.975 4.0883e-15
-6.025 1.025 8.1627e-15
-6.025 1.075 1.6299e-14
-6.025 1.125 3.2548e-14
-6.025 1.175 6.5003e-14
-6.025 1.225 1.2984e-13
-6.025 1.275 2.5936e-13
-6.025 1.325 5.1819e-13
-6.025 1.375 1.0355e-12
-6.025 1.425 2.0695e-12
-6.025 1.475 4.1369e-12
-6.025 1.525 8.2717e-12
-6.025 1.575 1.6543e-11
-6.025 1.625 3.3096e-11
-6.025 1.675 6.6232e-11
-6.025 1.725 1.3259e-10
-6.025 1.775 2.6555e-10
-6.025 1.825 5.3207e-10
-6.025 1.875 1.0666e-09
-6.025 1.925 2.1395e-09
-6.025 1.975 4.2942e-09
-6.025 2.025 8.6252e-09
-6.025 2.075 1.7338e-08
-6.025 2.125 3.4884e-08
-6.025 2.175 7.0257e-08
-6.025 2.225 1.4166e-07
-6.025 2.275 2.8599e-07
-6.025 2.325 5.7818e-07
-6.025 2.375 1.1708e-06
-6.025 2.425 2.3748e-06
-6.025 2.475 4.8267e-06
-6.025 2.525 9.8315e-06
-6.025 2.575 2.0074e-05
-6.025 2.625 4.1100e-05
-6.025 2.675 8.4401e-05
-6.025 2.725 1.7390e-04
-6.025 2.775 3.5960e-04
-6.025 2.825 7.4659e-04
-6.025 2.875 1.5568e-03
-6.025 2.925 3.2617e-03
-6.025 2.975 6.8682e-03
-6.025 3.025 1.4540e-02
-6.025 3.075 3.0951e-02
-6.025 3.125 6.6255e-02
-6.025 3.175 1.4260e-01
-6.025 3.225 3.0845e-01
-6.025 3.275 6.6992e-01
-6.025 3.325 1.4591e+00
-6.025 3.375 3.1810e+00
-6.025 3.425 6.9272e+00
-6.025 3.475 1.5038e+01
-6.025 3.525 3.2511e+01
-6.025 3.575 7.0058e+01
-6.025 3.625 1.5102e+02
-6.025 3.675 3.2727e+02
-6.025 3.725 7.1483e+02
-6.025 3.775 1.5617e+03
-6.025 3.825 3.1725e+03
-6.025 3.875 0.0000e+00
-6.025 3.925 0.0000e+00
-6.025 3.975 0.0000e+00
-5.975 -1.975 0.0000e+00
-5.975 -1.925 0.0000e+00
-5.975 -1.875 0.0000e+00
-5.975 -1.825 0.0000e+00
-5.975 -1.775 0.0000e+00
-5.975 -1.725 0.0000e+00
-5.975 -1.675 0.0000e+00
-5.975 -1.625 0.0000e+00
-5.975 -1.575 0.0000e+00
-5.975 -1.525 0.0000e+00
-5.975 -1.475 0.0000e+00
-5.975 -1.425 0.0000e+00
-5.975 -1.375 0.0000e+00
-5.975 -1.325 0.0000e+00
-5.975 -1.275 0.0000e+00
-5.975 -1.225 0.0000e+00
-5.975 -1.175 0.0000e+00
-5.975 -1.125 0.0000e+00
-5.975 -1.075 0.0000e+00
-5.975 -1.025 0.0000e+00
-5.975 -0.975 0.0000e+00
-5.975 -0.925 0.0000e+00
-5.975 -0.875 0.0000e+00
-5.975 -0.825 0.0000e+00
-5.975 -0.775 0.0000e+00
-5.975 -0.725 0.0000e+00
-5.975 -0.675 0.0000e+00
-5.975 -0.625 0.0000e+00
-5.975 -0.575 0.0000e+00
-5.975 -0.525 0.0000e+00
-5.975 -0.475 0.0000e+00
-5.975 -0.425 0.0000e+00
-5.975 -0.375 0.0000e+00
-5.975 -0.325 0.0000e+00
-5.975 -0.275 0.0000e+00
-5.975 -0.225 0.0000e+00
-5.975 -0.175 0.0000e+00
-5.975 -0.125 0.0000e+00
-5.975 -0.075 0.0000e+00
-5.975 -0.025 0.0000e+00
-5.975 0.025 0.0000e+00
-5.975 0.075 0.0000e+00
-5.975 0.125 0.0000e+00
-5.975 0.175 0.0000e+00
-5.975 0.225 0.0000e+00
-5.975 0.275 0.0000e+00
-5.975 0.325 0.0000e+00
-5.975 0.375 0.0000e+00
-5.975 0.425 0.0000e+00
-5.975 0.475 0.0000e+00
-5.975 0.525 0.0000e+00
-5.975 0.575 0.0000e+00
-5.975 0.625 0.0000e+00
-5.975 0.675 0.0000e+00
-5.975 0.725 0.0000e+00
-5.975 0.775 0.0000e+00
-5.975 0.825 0.0000e+00
-5.975 0.875 0.0000e+00
-5.975 0.925 2.5780e-15
-5.975 0.975 5.1469e-15
-5.975 1.025 1.0276e-14
-5.975 1.075 2.0519e-14
-5.975 1.125 4.0975e-14
-5.975 1.175 8.1834e-14
-5.975 1.225 1.6345e-13
-5.975 1.275 3.2652e-13
-5.975 1.325 6.5236e-13
-5.975 1.375 1.3036e-12
-5.975 1.425 2.6053e-12
-5.975 1.475 5.2081e-12
-5.975 1.525 1.0413e-11
-5.975 1.575 2.0827e-11
-5.975 1.625 4.1665e-11
-5.975 1.675 8.3381e-11
-5.975 1.725 1.6692e-10
-5.975 1.775 3.3431e-10
-5.975 1.825 6.6984e-10
-5.975 1.875 1.3428e-09
-5.975 1.925 2.6935e-09
-5.975 1.975 5.4061e-09
-5.975 2.025 1.0858e-08
-5.975 2.075 2.1827e-08
-5.975 2.125 4.3917e-08
-5.975 2.175 8.8449e-08
-5.975 2.225 1.7834e-07
-5.975 2.275 3.6004e-07
-5.975 2.325 7.2789e-07
-5.975 2.375 1.4739e-06
-5.975 2.425 2.9897e-06
-5.975 2.475 6.0764e-06
-5.975 2.525 1.2377e-05
-5.975 2.575 2.5272e-05
-5.975 2.625 5.1742e-05
-5.975 2.675 1.0626e-04
-5.975 2.725 2.1892e-04
-5.975 2.775 4.5271e-04
-5.975 2.825 9.3990e-04
-5.975 2.875 1.9599e-03
-5.975 2.925 4.1062e-03
-5.975 2.975 8.6466e-03
-5.975 3.025 1.8305e-02
-5.975 3.075 3.8965e-02
-5.975 3.125 8.3410e-02
-5.975 3.175 1.7952e-01
-5.975 3.225 3.8831e-01
-5.975 3.275 8.4338e-01
-5.975 3.325 1.8369e+00
-5.975 3.375 4.0047e+00
-5.975 3.425 8.7209e+00
-5.975 3.475 1.8932e+01
-5.975 3.525 4.0928e+01
-5.975 3.575 8.8198e+01
-5.975 3.625 1.9012e+02
-5.975 3.675 4.1200e+02
-5.975 3.725 8.9992e+02
-5.975 3.775 1.9660e+03
-5.975 3.825 3.9939e+03
-5.975 3.875 0.0000e+00
-5.975 3.925 0.0000e+00
-5.975 3.975 0.0000e+00
-5.925 -1.975 0.0000e+00
-5.925 -1.925 0.0000e+00
-5.925 -1.875 0.0000e+00
-5.925 -1.825 0.0000e+00
-5.925 -1.775 0.0000e+00
-5.925 -1.725 0.0000e+00
-5.925 -1.675 0.0000e+00
-5.925 -1.625 0.0000e+00
-5.925 -1.575 0.0000e+00
-5.925 -1.525 0.0000e+00
-5.925 -1.475 0.0000e+00
-5.925 -1.425 0.0000e+00
-5.925 -1.375 0.0000e+00
-5.925 -1.325 0.0000e+00
-5.925 -1.275 0.0000e+00
-5.925 -1.225 0.0000e+00
-5.925 -1.175 0.0000e+00
-5.925 -1.125 0.0000e+00
-5.925 -1.075 0.0000e+00
-5.925 -1.025 0.0000e+00
-5.925 -0.975 0.0000e+00
-5.925 -0.925 0.0000e+00
-5.925 -0.875 0.0000e+00
-5.925 -0.825 0.0000e+00
-5.925 -0.775 0.0000e+00
-5.925 -0.725 0.0000e+00
-5.925 -0.675 0.0000e+00
-5.925 -0.625 0.0000e+00
-5.925 -0.575 0.0000e+00
-5.925 -0.525 0.0000e+00
-5.925 -0.475 0.0000e+00
-5.925 -0.425 0.0000e+00
-5.925 -0.375 0.0000e+00
-5.925 -0.325 0.0000e+00
-5.925 -0.275 0.0000e+00
-5.925 -0.225 0.0000e+00
-5.925 -0.175 0.0000e+00
-5.925 -0.125 0.0000e+00
-5.925 -0.075 0.0000e+00
-5.925 -0.025 0.0000e+00
-5.925 0.025 0.0000e+00
-5.925 0.075 0.0000e+00
-5.925 0.125 0.0000e+00
-5.925 0.175 0.0000e+00
-5.925 0.225 0.0000e+00
-5.925 0.275 0.0000e+00
-5.925 0.325 0.0000e+00
-5.925 0.375 0.0000e+00
-5.925 0.425 0.0000e+00
-5.925 0.475 0.0000e+00
-5.925 0.525 0.0000e+00
-5.925 0.575 0.0000e+00
-5.925 0.625 0.0000e+00
-5.925 0.675 0.0000e+00
-5.925 0.725 0.0000e+00
-5.925 0.775 0.0000e+00
-5.925 0.825 0.0000e+00
-5.925 0.875 0.0000e+00
-5.925 0.925 3.2455e-15
-5.925 0.975 6.4795e-15
-5.925 1.025 1.2937e-14
-5.925 1.075 2.5832e-14
-5.925 1.125 5.1585e-14
-5.925 1.175 1.0302e-13
-5.925 1.225 2.0577e-13
-5.925 1.275 4.1106e-13
-5.925 1.325 8.2127e-13
-5.925 1.375 1.6411e-12
-5.925 1.425 3.2799e-12
-5.925 1.475 6.5566e-12
-5.925 1.525 1.3110e-11
-5.925 1.575 2.6219e-11
-5.925 1.625 5.2454e-11
-5.925 1.675 1.0497e-10
-5.925 1.725 2.1015e-10
-5.925 1.775 4.2087e-10
-5.925 1.825 8.4328e-10
-5.925 1.875 1.6905e-09
-5.925 1.925 3.3909e-09
-5.925 1.975 6.8059e-09
-5.925 2.025 1.3670e-08
-5.925 2.075 2.7479e-08
-5.925 2.125 5.5288e-08
-5.925 2.175 1.1135e-07
-5.925 2.225 2.2452e-07
-5.925 2.275 4.5326e-07
-5.925 2.325 9.1636e-07
-5.925 2.375 1.8555e-06
-5.925 2.425 3.7638e-06
-5.925 2.475 7.6498e-06
-5.925 2.525 1.5582e-05
-5.925 2.575 3.1816e-05
-5.925 2.625 6.5140e-05
-5.925 2.675 1.3377e-04
-5.925 2.725 2.7561e-04
-5.925 2.775 5.6993e-04
-5.925 2.825 1.1833e-03
-5.925 2.875 2.4674e-03
-5.925 2.925 5.1694e-03
-5.925 2.975 1.0885e-02
-5.925 3.025 2.3044e-02
-5.925 3.075 4.9054e-02
-5.925 3.125 1.0501e-01
-5.925 3.175 2.2601e-01
-5.925 3.225 4.8885e-01
-5.925 3.275 1.0618e+00
-5.925 3.325 2.3125e+00
-5.925 3.375 5.0416e+00
-5.925 3.425 1.0979e+01
-5.925 3.475 2.3834e+01
-5.925 3.525 5.1526e+01
-5.925 3.575 1.1104e+02
-5.925 3.625 2.3935e+02
-5.925 3.675 5.1868e+02
-5.925 3.725 1.1329e+03
-5.925 3.775 2.4750e+03
-5.925 3.825 5.0279e+03
-5.925 3.875 0.0000e+00
-5.925 3.925 0.0000e+00
-5.925 3.975 0.0000e+00
-5.875 -1.975 0.0000e+00
-5.875 -1.925 0.0000e+00
-5.875 -1.875 0.0000e+00
-5.875 -1.825 0.0000e+00
-5.875 -1.775 0.0000e+00
-5.875 -1.725 0.0000e+00
-5.875 -1.675 0.0000e+00
-5.875 -1.625 0.0000e+00
-5.875 -1.575 0.0000e+00
-5.875 -1.525 0.0000e+00
-5.875 -1.475 0.0000e+00
-5.875 -1.425 0.0000e+00
-5.875 -1.375 0.0000e+00
-5.875 -1.325 0.0000e+00
-5.875 -1.275 0.0000e+00
-5.875 -1.225 0.0000e+00
-5.875 -1.175 0.0000e+00
-5.875 -1.125 0.0000e+00
-5.875 -1.075 0.0000e+00
-5.875 -1.025 0.0000e+00
-5.875 -0.975 0.0000e+00
-5.875 -0.925 0.0000e+00
-5.875 -0.875 0.0000e+00
-5.875 -0.825 0.0000e+00
-5.875 -0.775 0.0000e+00
-5.875 -0.725 0.0000e+00
-5.875 -0.675 0.0000e+00
-5.875 -0.625 0.0000e+00
-5.875 -0.575 0.0000e+00
-5.875 -0.525 0.0000e+00
-5.875 -0.475 0.0000e+00
-5.875 -0.425 0.0000e+00
-5.875 -0.375 0.0000e+00
-5.875 -0.325 0.0000e+00
-5.875 -0.275 0.0000e+00
-5.875 -0.225 0.0000e+00
-5.875 -0.175 0.0000e+00
-5.875 -0.125 0.0000e+00
-5.875 -0.075 0.0000e+00
-5.875 -0.025 0.0000e+00
-5.875 0.025 0.0000e+00
-5.875 0.075 0.0000e+00
-5.875 0.125 0.0000e+00
-5.875 0.175 0.0000e+00
-5.875 0.225 0.0000e+00
-5.875 0.275 0.0000e+00
-5.875 0.325 0.0000e+00
-5.875 0.375 0.0000e+00
-5.875 0.425 0.0000e+00
-5.875 0.475 0.0000e+00
-5.875 0.525 0.0000e+00
-5.875 0.575 0.0000e+00
-5.875 0.625 0.0000e+00
-5.875 0.675 0.0000e+00
-5.875 0.725 0.0000e+00
-5.875 0.775 0.0000e+00
-5.875 0.825 0.0000e+00
-5.875 0.875 0.0000e+00
-5.875 0.925 4.0859e-15
-5.875 0.975 8.1572e-15
-5.875 1.025 1.6287e-14
-5.875 1.075 3.2521e-14
-5.875 1.125 6.4942e-14
-5.875 1.175 1.2970e-13
-5.875 1.225 2.5906e-13
-5.875 1.275 5.1750e-13
-5.875 1.325 1.0339e-12
-5.875 1.375 2.0660e-12
-5.875 1.425 4.1292e-12
-5.875 1.475 8.2543e-12
-5.875 1.525 1.6504e-11
-5.875 1.575 3.3008e-11
-5.875 1.625 6.6035e-11
-5.875 1.675 1.3215e-10
-5.875 1.725 2.6456e-10
-5.875 1.775 5.2984e-10
-5.875 1.825 1.0616e-09
-5.875 1.875 2.1282e-09
-5.875 1.925 4.2689e-09
-5.875 1.975 8.5681e-09
-5.875 2.025 1.7210e-08
-5.875 2.075 3.4594e-08
-5.875 2.125 6.9603e-08
-5.875 2.175 1.4018e-07
-5.875 2.225 2.8265e-07
-5.875 2.275 5.7062e-07
-5.875 2.325 1.1536e-06
-5.875 2.375 2.3360e-06
-5.875 2.425 4.7384e-06
-5.875 2.475 9.6305e-06
-5.875 2.525 1.9616e-05
-5.875 2.575 4.0054e-05
-5.875 2.625 8.2006e-05
-5.875 2.675 1.6840e-04
-5.875 2.725 3.4697e-04
-5.875 2.775 7.1749e-04
-5.875 2.825 1.4896e-03
-5.875 2.875 3.1063e-03
-5.875 2.925 6.5080e-03
-5.875 2.975 1.3704e-02
-5.875 3.025 2.9011e-02
-5.875 3.075 6.1756e-02
-5.875 3.125 1.3220e-01
-5.875 3.175 2.8453e-01
-5.875 3.225 6.1543e-01
-5.875 3.275 1.3367e+00
-5.875 3.325 2.9113e+00
-5.875 3.375 6.3470e+00
-5.875 3.425 1.3822e+01
-5.875 3.475 3.0005e+01
-5.875 3.525 6.4868e+01
-5.875 3.575 1.3979e+02
-5.875 3.625 3.0132e+02
-5.875 3.675 6.5299e+02
-5.875 3.725 1.4263e+03
-5.875 3.775 3.1159e+03
-5.875 3.825 6.3297e+03
-5.875 3.875 0.0000e+00
-5.875 3.925 0.0000e+00
-5.875 3.975 0.0000e+00
-5.825 -1.975 0.0000e+00
-5.825 -1.925 0.0000e+00
-5.825 -1.875 0.0000e+00
-5.825 -1.825 0.0000e+00
-5.825 -1.775 0.0000e+00
-5.825 -1.725 0.0000e+00
-5.825 -1.675 0.0000e+00
-5.825 -1.625 0.0000e+00
-5.825 -1.575 0.0000e+00
-5.825 -1.525 0.0000e+00
-5.825 -1.475 0.0000e+00
-5.825 -1.425 0.0000e+00
-5.825 -1.375 0.0000e+00
-5.825 -1.325 0.0000e+00
-5.825 -1.275 0.0000e+00
-5.825 -1.225 0.0000e+00
-5.825 -1.175 0.0000e+00
-5.825 -1.125 0.0000e+00
-5.825 -1.075 0.0000e+00
-5.825 -1.025 0.0000e+00
-5.825 -0.975 0.0000e+00
-5.825 -0.925 0.0000e+00
-5.825 -0.875 0.0000e+00
-5.825 -0.825 0.0000e+00
-5.825 -0.775 0.0000e+00
-5.825 -0.725 0.0000e+00
-5.825 -0.675 0.0000e+00
-5.825 -0.625 0.0000e+00
-5.825 -0.575 0.0000e+00
-5.825 -0.525 0.0000e+00
-5.825 -0.475 0.0000e+00
-5.825 -0.425 0.0000e+00
-5.825 -0.375 0.0000e+00
-5.825 -0.325 0.0000e+00
-5.825 -0.275 0.0000e+00
-5.825 -0.225 0.0000e+00
-5.825 -0.175 0.0000e+00
-5.825 -0.125 0.0000e+00
-5.825 -0.075 0.0000e+00
-5.825 -0.025 0.0000e+00
-5.825 0.025 0.0000e+00
-5.825 0.075 0.0000e+00
-5.825 0.125 0.0000e+00
-5.825 0.175 0.0000e+00
-5.825 0.225 0.0000e+00
-5.825 0.275 0.0000e+00
-5.825 0.325 0.0000e+00
-5.825 0.375 0.0000e+00
-5.825 0.425 0.0000e+00
-5.825 0.475 0.0000e+00
-5.825 0.525 0.0000e+00
-5.825 0.575 0.0000e+00
-5.825 0.625 0.0000e+00
-5.825 0.675 0.0000e+00
-5.825 0.725 0.0000e+00
-5.825 0.775 0.0000e+00
-5.825 0.825 0.0000e+00
-5.825 0.875 0.0000e+00
-5.825 0.925 5.1438e-15
-5.825 0.975 1.0269e-14
-5.825 1.025 2.0504e-14
-5.825 1.075 4.0941e-14
-5.825 1.125 8.1757e-14
-5.825 1.175 1.6328e-13
-5.825 1.225 3.2613e-13
-5.825 1.275 6.5149e-13
-5.825 1.325 1.3016e-12
-5.825 1.375 2.6010e-12
-5.825 1.425 5.1983e-12
-5.825 1.475 1.0392e-11
-5.825 1.525 2.0778e-11
-5.825 1.575 4.1555e-11
-5.825 1.625 8.3134e-11
-5.825 1.675 1.6637e-10
-5.825 1.725 3.3306e-10
-5.825 1.775 6.6703e-10
-5.825 1.825 1.3365e-09
-5.825 1.875 2.6793e-09
-5.825 1.925 5.3742e-09
-5.825 1.975 1.0787e-08
-5.825 2.025 2.1666e-08
-5.825 2.075 4.3552e-08
-5.825 2.125 8.7625e-08
-5.825 2.175 1.7648e-07
-5.825 2.225 3.5583e-07
-5.825 2.275 7.1837e-07
-5.825 2.325 1.4523e-06
-5.825 2.375 2.9408e-06
-5.825 2.425 5.9653e-06
-5.825 2.475 1.2124e-05
-5.825 2.525 2.4695e-05
-5.825 2.575 5.0425e-05
-5.825 2.625 1.0324e-04
-5.825 2.675 2.1201e-04
-5.825 2.725 4.3681e-04
-5.825 2.775 9.0327e-04
-5.825 2.825 1.8753e-03
-5.825 2.875 3.9106e-03
-5.825 2.925 8.1930e-03
-5.825 2.975 1.7252e-02
-5.825 3.025 3.6522e-02
-5.825 3.075 7.7746e-02
-5.825 3.125 1.6643e-01
-5.825 3.175 3.5820e-01
-5.825 3.225 7.7478e-01
-5.825 3.275 1.6828e+00
-5.825 3.325 3.6651e+00
-5.825 3.375 7.9904e+00
-5.825 3.425 1.7401e+01
-5.825 3.475 3.7775e+01
-5.825 3.525 8.1664e+01
-5.825 3.575 1.7598e+02
-5.825 3.625 3.7935e+02
-5.825 3.675 8.2206e+02
-5.825 3.725 1.7956e+03
-5.825 3.775 3.9226e+03
-5.825 3.825 7.9685e+03
-5.825 3.875 0.0000e+00
-5.825 3.925 0.0000e+00
-5.825 3.975 0.0000e+00
-5.775 -1.975 0.0000e+00
-5.775 -1.925 0.0000e+00
-5.775 -1.875 0.0000e+00
-5.775 -1.825 0.0000e+00
-5.775 -1.775 0.0000e+00
-5.775 -1.725 0.0000e+00
-5.775 -1.675 0.0000e+00
-5.775 -1.625 0.0000e+00
-5.775 -1.575 0.0000e+00
-5.775 -1.525 0.0000e+00
-5.775 -1.475 0.0000e+00
-5.775 -1.425 0.0000e+00
-5.775 -1.375 0.0000e+00
-5.775 -1.325 0.0000e+00
-5.775 -1.275 0.0000e+00
-5.775 -1.225 0.0000e+00
-5.775 -1.175 0.0000e+00
-5.775 -1.125 0.0000e+00
-5.775 -1.075 0.0000e+00
-5.775 -1.025 0.0000e+00
-5.775 -0.975 0.0000e+00
-5.775 -0.925 0.0000e+00
-5.775 -0.875 0.0000e+00
-5.775 -0.825 0.0000e+00
-5.775 -0.775 0.0000e+00
-5.775 -0.725 0.0000e+00
-5.775 -0.675 0.0000e+00
-5.775 -0.625 0.0000e+00
-5.775 -0.575 0.0000e+00
-5.775 -0.525 0.0000e+00
-5.775 -0.475 0.0000e+00
-5.775 -0.425 0.0000e+00
-5.775 -0.375 0.0000e+00
-5.775 -0.325 0.0000e+00
-5.775 -0.275 0.0000e+00
-5.775 -0.225 0.0000e+00
-5.775 -0.175 0.0000e+00
-5.775 -0.125 0.0000e+00
-5.775 -0.075 0.0000e+00
-5.775 -0.025 0.0000e+00
-5.775 0.025 0.0000e+00
-5.775 0.075 0.0000e+00
-5.775 0.125 0.0000e+00
-5.775 0.175 0.0000e+00
-5.775 0.225 0.0000e+00
-5.775 0.275 0.0000e+00
-5.775 0.325 0.0000e+00
-5.775 0.375 0.0000e+00
-5.775 0.425 0.0000e+00
-5.775 0.475 0.0000e+00
-5.775 0.525 0.0000e+00
-5.775 0.575 0.0000e+00
-5.775 0.625 0.0000e+00
-5.775 0.675 0.0000e+00
-5.775 0.725 0.0000e+00
-5.775 0.775 0.0000e+00
-5.775 0.825 0.0000e+00
-5.775 0.875 0.0000e+00
-5.775 0.925 6.4757e-15
-5.775 0.975 1.2928e-14
-5.775 1.025 2.5813e-14
-5.775 1.075 5.1542e-14
-5.775 1.125 1.0293e-13
-5.775 1.175 2.0556e-13
-5.775 1.225 4.1057e-13
-5.775 1.275 8.2018e-13
-5.775 1.325 1.6386e-12
-5.775 1.375 3.2744e-12
-5.775 1.425 6.5443e-12
-5.775 1.475 1.3082e-11
-5.775 1.525 2.6157e-11
-5.775 1.575 5.2315e-11
-5.775 1.625 1.0466e-10
-5.775 1.675 2.0944e-10
-5.775 1.725 4.1929e-10
-5.775 1.775 8.3974e-10
-5.775 1.825 1.6826e-09
-5.775 1.875 3.3730e-09
-5.775 1.925 6.7657e-09
-5.775 1.975 1.3580e-08
-5.775 2.025 2.7275e-08
-5.775 2.075 5.4828e-08
-5.775 2.125 1.1031e-07
-5.775 2.175 2.2217e-07
-5.775 2.225 4.4797e-07
-5.775 2.275 9.0438e-07
-5.775 2.325 1.8284e-06
-5.775 2.375 3.7022e-06
-5.775 2.425 7.5098e-06
-5.775 2.475 1.5263e-05
-5.775 2.525 3.1090e-05
-5.775 2.575 6.3481e-05
-5.775 2.625 1.2997e-04
-5.775 2.675 2.6690e-04
-5.775 2.725 5.4991e-04
-5.775 2.775 1.1372e-03
-5.775 2.825 2.3609e-03
-5.775 2.875 4.9231e-03
-5.775 2.925 1.0314e-02
-5.775 2.975 2.1719e-02
-5.775 3.025 4.5979e-02
-5.775 3.075 9.7876e-02
-5.775 3.125 2.0952e-01
-5.775 3.175 4.5094e-01
-5.775 3.225 9.7539e-01
-5.775 3.275 2.1185e+00
-5.775 3.325 4.6141e+00
-5.775 3.375 1.0059e+01
-5.775 3.425 2.1906e+01
-5.775 3.475 4.7556e+01
-5.775 3.525 1.0281e+02
-5.775 3.575 2.2155e+02
-5.775 3.625 4.7757e+02
-5.775 3.675 1.0349e+03
-5.775 3.725 2.2605e+03
-5.775 3.775 4.9382e+03
-5.775 3.825 1.0031e+04
-5.775 3.875 0.0000e+00
-5.775 3.925 0.0000e+00
-5.775 3.975 0.0000e+00
-5.725 -1.975 0.0000e+00
-5.725 -1.925 0.0000e+00
-5.725 -1.875 0.0000e+00
-5.725 -1.825 0.0000e+00
-5.725 -1.775 0.0000e+00
-5.725 -1.725 0.0000e+00
-5.725 -1.675 0.0000e+00
-5.725 -1.625 0.0000e+00
-5.725 -1.575 0.0000e+00
-5.725 -1.525 0.0000e+00
-5.725 -1.475 0.0000e+00
-5.725 -1.425 0.0000e+00
-5.725 -1.375 0.0000e+00
-5.725 -1.325 0.0000e+00
-5.725 -1.275 0.0000e+00
-5.725 -1.225 0.0000e+00
-5.725 -1.175 0.0000e+00
-5.725 -1.125 0.0000e+00
-5.725 -1.075 0.0000e+00
-5.725 -1.025 0.0000e+00
-5.725 -0.975 0.0000e+00
-5.725 -0.925 0.0000e+00
-5.725 -0.875 0.0000e+00
-5.725 -0.825 0.0000e+00
-5.725 -0.775 0.0000e+00
-5.725 -0.725 0.0000e+00
-5.725 -0.675 0.0000e+00
-5.725 -0.625 0.0000e+00
-5.725 -0.575 0.0000e+00
-5.725 -0.525 0.0000e+00
-5.725 -0.475 0.0000e+00
-5.725 -0.425 0.0000e+00
-5.725 -0.375 0.0000e+00
-5.725 -0.325 0.0000e+00
-5.725 -0.275 0.0000e+00
-5.725 -0.225 0.0000e+00
-5.725 -0.175 0.0000e+00
-5.725 -0.125 0.0000e+00
-5.725 -0.075 0.0000e+00
-5.725 -0.025 0.0000e+00
-5.725 0.025 0.0000e+00
-5.725 0.075 0.0000e+00
-5.725 0.125 0.0000e+00
-5.725 0.175 0.0000e+00
-5.725 0.225 0.0000e+00
-5.725 0.275 0.0000e+00
-5.725 0.325 0.0000e+00
-5.725 0.375 0.0000e+00
-5.725 0.425 0.0000e+00
-5.725 0.475 0.0000e+00
-5.725 0.525 0.0000e+00
-5.725 0.575 0.0000e+00
-5.725 0.625 0.0000e+00
-5.725 0.675 0.0000e+00
-5.725 0.725 0.0000e+00
-5.725 0.775 0.0000e+00
-5.725 0.825 0.0000e+00
-5.725 0.875 0.0000e+00
-5.725 0.925 8.1524e-15
-5.725 0.975 1.6276e-14
-5.725 1.025 3.2496e-14
-5.725 1.075 6.4887e-14
-5.725 1.125 1.2958e-13
-5.725 1.175 2.5878e-13
-5.725 1.225 5.1688e-13
-5.725 1.275 1.0325e-12
-5.725 1.325 2.0629e-12
-5.725 1.375 4.1223e-12
-5.725 1.425 8.2388e-12
-5.725 1.475 1.6469e-11
-5.725 1.525 3.2930e-11
-5.725 1.575 6.5860e-11
-5.725 1.625 1.3176e-10
-5.725 1.675 2.6368e-10
-5.725 1.725 5.2786e-10
-5.725 1.775 1.0572e-09
-5.725 1.825 2.1182e-09
-5.725 1.875 4.2464e-09
-5.725 1.925 8.5175e-09
-5.725 1.975 1.7096e-08
-5.725 2.025 3.4338e-08
-5.725 2.075 6.9025e-08
-5.725 2.125 1.3888e-07
-5.725 2.175 2.7970e-07
-5.725 2.225 5.6396e-07
-5.725 2.275 1.1385e-06
-5.725 2.325 2.3018e-06
-5.725 2.375 4.6608e-06
-5.725 2.425 9.4543e-06
-5.725 2.475 1.9215e-05
-5.725 2.525 3.9140e-05
-5.725 2.575 7.9918e-05
-5.725 2.625 1.6362e-04
-5.725 2.675 3.3601e-04
-5.725 2.725 6.9230e-04
-5.725 2.775 1.4316e-03
-5.725 2.825 2.9722e-03
-5.725 2.875 6.1978e-03
-5.725 2.925 1.2985e-02
-5.725 2.975 2.7343e-02
-5.725 3.025 5.7884e-02
-5.725 3.075 1.2322e-01
-5.725 3.125 2.6377e-01
-5.725 3.175 5.6770e-01
-5.725 3.225 1.2280e+00
-5.725 3.275 2.6670e+00
-5.725 3.325 5.8088e+00
-5.725 3.375 1.2664e+01
-5.725 3.425 2.7578e+01
-5.725 3.475 5.9869e+01
-5.725 3.525 1.2943e+02
-5.725 3.575 2.7892e+02
-5.725 3.625 6.0123e+02
-5.725 3.675 1.3029e+03
-5.725 3.725 2.8458e+03
-5.725 3.775 6.2168e+03
-5.725 3.825 1.2628e+04
-5.725 3.875 0.0000e+00
-5.725 3.925 0.0000e+00
-5.725 3.975 0.0000e+00
-5.675 -1.975 0.0000e+00
-5.675 -1.925 0.0000e+00
-5.675 -1.875 0.0000e+00
-5.675 -1.825 0.0000e+00
-5.675 -1.775 0.0000e+00
-5.675 -1.725 0.0000e+00
-5.675 -1.675 0.0000e+00
-5.675 -1.625 0.0000e+00
-5.675 -1.575 0.0000e+00
-5.675 -1.525 0.0000e+00
-5.675 -1.475 0.0000e+00
-5.675 -1.425 0.0000e+00
-5.675 -1.375 0.0000e+00
-5.675 -1.325 0.0000e+00
-5.675 -1.275 0.0000e+00
-5.675 -1.225 0.0000e+00
-5.675 -1.175 0.0000e+00
-5.675 -1.125 0.0000e+00
-5.675 -1.075 0.0000e+00
-5.675 -1.025 0.0000e+00
-5.675 -0.975 0.0000e+00
-5.675 -0.925 0.0000e+00
-5.675 -0.875 0.0000e+00
-5.675 -0.825 0.0000e+00
-5.675 -0.775 0.0000e+00
-5.675 -0.725 0.0000e+00
-5.675 -0.675 0.0000e+00
-5.675 -0.625 0.0000e+00
-5.675 -0.575 0.0000e+00
-5.675 -0.525 0.0000e+00
-5.675 -0.475 0.0000e+00
-5.675 -0.425 0.0000e+00
-5.675 -0.375 0.0000e+00
-5.675 -0.325 0.0000e+00
-5.675 -0.275 0.0000e+00
-5.675 -0.225 0.0000e+00
-5.675 -0.175 0.0000e+00
-5.675 -0.125 0.0000e+00
-5.675 -0.075 0.0000e+00
-5.675 -0.025 0.0000e+00
-5.675 0.025 0.0000e+00
-5.675 0.075 0.0000e+00
-5.675 0.125 0.0000e+00
-5.675 0.175 0.0000e+00
-5.675 0.225 0.0000e+00
-5.675 0.275 0.0000e+00
-5.675 0.325 0.0000e+00
-5.675 0.375 0.0000e+00
-5.675 0.425 0.0000e+00
-5.675 0.475 0.0000e+00
-5.675 0.525 0.0000e+00
-5.675 0.575 0.0000e+00
-5.675 0.625 0.0000e+00
-5.675 0.675 0.0000e+00
-5.675 0.725 0.0000e+00
-5.675 0.775 0.0000e+00
-5.675 0.825 0.0000e+00
-5.675 0.875 0.0000e+00
-5.675 0.925 1.0263e-14
-5.675 0.975 2.0490e-14
-5.675 1.025 4.0910e-14
-5.675 1.075 8.1688e-14
-5.675 1.125 1.6313e-13
-5.675 1.175 3.2579e-13
-5.675 1.225 6.5072e-13
-5.675 1.275 1.2999e-12
-5.675 1.325 2.5971e-12
-5.675 1.375 5.1896e-12
-5.675 1.425 1.0372e-11
-5.675 1.475 2.0734e-11
-5.675 1.525 4.1457e-11
-5.675 1.575 8.2913e-11
-5.675 1.625 1.6587e-10
-5.675 1.675 3.3195e-10
-5.675 1.725 6.6454e-10
-5.675 1.775 1.3309e-09
-5.675 1.825 2.6667e-09
-5.675 1.875 5.3459e-09
-5.675 1.925 1.0723e-08
-5.675 1.975 2.1522e-08
-5.675 2.025 4.3228e-08
-5.675 2.075 8.6897e-08
-5.675 2.125 1.7484e-07
-5.675 2.175 3.5212e-07
-5.675 2.225 7.0998e-07
-5.675 2.275 1.4333e-06
-5.675 2.325 2.8978e-06
-5.675 2.375 5.8677e-06
-5.675 2.425 1.1902e-05
-5.675 2.475 2.4191e-05
-5.675 2.525 4.9274e-05
-5.675 2.575 1.0061e-04
-5.675 2.625 2.0599e-04
-5.675 2.675 4.2301e-04
-5.675 2.725 8.7155e-04
-5.675 2.775 1.8023e-03
-5.675 2.825 3.7418e-03
-5.675 2.875 7.8026e-03
-5.675 2.925 1.6347e-02
-5.675 2.975 3.4423e-02
-5.675 3.025 7.2872e-02
-5.675 3.075 1.5512e-01
-5.675 3.125 3.3206e-01
-5.675 3.175 7.1470e-01
-5.675 3.225 1.5459e+00
-5.675 3.275 3.3576e+00
-5.675 3.325 7.3128e+00
-5.675 3.375 1.5943e+01
-5.675 3.425 3.4719e+01
-5.675 3.475 7.5372e+01
-5.675 3.525 1.6294e+02
-5.675 3.575 3.5114e+02
-5.675 3.625 7.5691e+02
-5.675 3.675 1.6403e+03
-5.675 3.725 3.5826e+03
-5.675 3.775 7.8264e+03
-5.675 3.825 1.5898e+04
-5.675 3.875 0.0000e+00
-5.675 3.925 0.0000e+00
-5.675 3.975 0.0000e+00
-5.625 -1.975 0.0000e+00
-5.625 -1.925 0.0000e+00
-5.625 -1.875 0.0000e+00
-5.625 -1.825 0.0000e+00
-5.625 -1.775 0.0000e+00
-5.625 -1.725 0.0000e+00
-5.625 -1.675 0.0000e+00
-5.625 -1.625 0.0000e+00
-5.625 -1.575 0.0000e+00
-5.625 -1.525 0.0000e+00
-5.625 -1.475 0.0000e+00
-5.625 -1.425 0.0000e+00
-5.625 -1.375 0.0000e+00
-5.625 -1.325 0.0000e+00
-5.625 -1.275 0.0000e+00
-5.625 -1.225 0.0000e+00
-5.625 -1.175 0.0000e+00
-5.625 -1.125 0.0000e+00
-5.625 -1.075 0.0000e+00
-5.625 -1.025 0.0000e+00
-5.625 -0.975 0.0000e+00
-5.625 -0.925 0.0000e+00
-5.625 -0.875 0.0000e+00
-5.625 -0.825 0.0000e+00
-5.625 -0.775 0.0000e+00
-5.625 -0.725 0.0000e+00
-5.625 -0.675 0.0000e+00
-5.625 -0.625 0.0000e+00
-5.625 -0.575 0.0000e+00
-5.625 -0.525 0.0000e+00
-5.625 -0.475 0.0000e+00
-5.625 -0.425 0.0000e+00
-5.625 -0.375 0.0000e+00
-5.625 -0.325 0.0000e+00
-5.625 -0.275 0.0000e+00
-5.625 -0.225 0.0000e+00
-5.625 -0.175 0.0000e+00
-5.625 -0.125 0.0000e+00
-5.625 -0.075 0.0000e+00
-5.625 -0.025 0.0000e+00
-5.625 0.025 0.0000e+00
-5.625 0.075 0.0000e+00
-5.625 0.125 0.0000e+00
-5.625 0.175 0.0000e+00
-5.625 0.225 0.0000e+00
-5.625 0.275 0.0000e+00
-5.625 0.325 0.0000e+00
-5.625 0.375 0.0000e+00
-5.625 0.425 0.0000e+00
-5.625 0.475 0.0000e+00
-5.625 0.525 0.0000e+00
-5.625 0.575 0.0000e+00
-5.625 0.625 0.0000e+00
-5.625 0.675 0.0000e+00
-5.625 0.725 0.0000e+00
-5.625 0.775 0.0000e+00
-5.625 0.825 0.0000e+00
-5.625 0.875 0.0000e+00
-5.625 0.925 1.2921e-14
-5.625 0.975 2.5795e-14
-5.625 1.025 5.1503e-14
-5.625 1.075 1.0284e-13
-5.625 1.125 2.0536e-13
-5.625 1.175 4.1014e-13
-5.625 1.225 8.1920e-13
-5.625 1.275 1.6365e-12
-5.625 1.325 3.2695e-12
-5.625 1.375 6.5333e-12
-5.625 1.425 1.3058e-11
-5.625 1.475 2.6102e-11
-5.625 1.525 5.2191e-11
-5.625 1.575 1.0438e-10
-5.625 1.625 2.0882e-10
-5.625 1.675 4.1790e-10
-5.625 1.725 8.3660e-10
-5.625 1.775 1.6755e-09
-5.625 1.825 3.3572e-09
-5.625 1.875 6.7300e-09
-5.625 1.925 1.3499e-08
-5.625 1.975 2.7095e-08
-5.625 2.025 5.4421e-08
-5.625 2.075 1.0940e-07
-5.625 2.125 2.2010e-07
-5.625 2.175 4.4329e-07
-5.625 2.225 8.9381e-07
-5.625 2.275 1.8045e-06
-5.625 2.325 3.6481e-06
-5.625 2.375 7.3869e-06
-5.625 2.425 1.4984e-05
-5.625 2.475 3.0454e-05
-5.625 2.525 6.2032e-05
-5.625 2.575 1.2666e-04
-5.625 2.625 2.5933e-04
-5.625 2.675 5.3254e-04
-5.625 2.725 1.0972e-03
-5.625 2.775 2.2689e-03
-5.625 2.825 4.7107e-03
-5.625 2.875 9.8229e-03
-5.625 2.925 2.0580e-02
-5.625 2.975 4.3335e-02
-5.625 3.025 9.1740e-02
-5.625 3.075 1.9529e-01
-5.625 3.125 4.1804e-01
-5.625 3.175 8.9975e-01
-5.625 3.225 1.9462e+00
-5.625 3.275 4.2270e+00
-5.625 3.325 9.2063e+00
-5.625 3.375 2.0071e+01
-5.625 3.425 4.3709e+01
-5.625 3.475 9.4888e+01
-5.625 3.525 2.0514e+02
-5.625 3.575 4.4206e+02
-5.625 3.625 9.5291e+02
-5.625 3.675 2.0650e+03
-5.625 3.725 4.5103e+03
-5.625 3.775 9.8526e+03
-5.625 3.825 2.0013e+04
-5.625 3.875 0.0000e+00
-5.625 3.925 0.0000e+00
-5.625 3.975 0.0000e+00
-5.575 -1.975 0.0000e+00
-5.575 -1.925 0.0000e+00
-5.575 -1.875 0.0000e+00
-5.575 -1.825 0.0000e+00
-5.575 -1.775 0.0000e+00
-5.575 -1.725 0.0000e+00
-5.575 -1.675 0.0000e+00
-5.575 -1.625 0.0000e+00
-5.575 -1.575 0.0000e+00
-5.575 -1.525 0.0000e+00
-5.575 -1.475 0.0000e+00
-5.575 -1.425 0.0000e+00
-5.575 -1.375 0.0000e+00
-5.575 -1.325 0.0000e+00
-5.575 -1.275 0.0000e+00
-5.575 -1.225 0.0000e+00
-5.575 -1.175 0.0000e+00
-5.575 -1.125 0.0000e+00
-5.575 -1.075 0.0000e+00
-5.575 -1.025 0.0000e+00
-5.575 -0.975 0.0000e+00
-5.575 -0.925 0.0000e+00
-5.575 -0.875 0.0000e+00
-5.575 -0.825 0.0000e+00
-5.575 -0.775 0.0000e+00
-5.575 -0.725 0.0000e+00
-5.575 -0.675 0.0000e+00
-5.575 -0.625 0.0000e+00
-5.575 -0.575 0.0000e+00
-5.575 -0.525 0.0000e+00
-5.575 -0.475 0.0000e+00
-5.575 -0.425 0.0000e+00
-5.575 -0.375 0.0000e+00
-5.575 -0.325 0.0000e+00
-5.575 -0.275 0.0000e+00
-5.575 -0.225 0.0000e+00
-5.575 -0.175 0.0000e+00
-5.575 -0.125 0.0000e+00
-5.575 -0.075 0.0000e+00
-5.575 -0.025 0.0000e+00
-5.575 0.025 0.0000e+00
-5.575 0.075 0.0000e+00
-5.575 0.125 0.0000e+00
-5.575 0.175 0.0000e+00
-5.575 0.225 0.0000e+00
-5.575 0.275 0.0000e+00
-5.575 0.325 0.0000e+00
-5.575 0.375 0.0000e+00
-5.575 0.425 0.0000e+00
-5.575 0.475 0.0000e+00
-5.575 0.525 0.0000e+00
-5.575 0.575 0.0000e+00
-5.575 0.625 0.0000e+00
-5.575 0.675 0.0000e+00
-5.575 0.725 0.0000e+00
-5.575 0.775 0.0000e+00
-5.575 0.825 0.0000e+00
-5.575 0.875 0.0000e+00
-5.575 0.925 1.6266e-14
-5.575 0.975 3.2474e-14
-5.575 1.025 6.4838e-14
-5.575 1.075 1.2947e-13
-5.575 1.125 2.5854e-13
-5.575 1.175 5.1634e-13
-5.575 1.225 1.0313e-12
-5.575 1.275 2.0602e-12
-5.575 1.325 4.1161e-12
-5.575 1.375 8.2250e-12
-5.575 1.425 1.6439e-11
-5.575 1.475 3.2861e-11
-5.575 1.525 6.5705e-11
-5.575 1.575 1.3141e-10
-5.575 1.625 2.6289e-10
-5.575 1.675 5.2610e-10
-5.575 1.725 1.0532e-09
-5.575 1.775 2.1093e-09
-5.575 1.825 4.2264e-09
-5.575 1.875 8.4726e-09
-5.575 1.925 1.6995e-08
-5.575 1.975 3.4110e-08
-5.575 2.025 6.8512e-08
-5.575 2.075 1.3772e-07
-5.575 2.125 2.7710e-07
-5.575 2.175 5.5808e-07
-5.575 2.225 1.1252e-06
-5.575 2.275 2.2717e-06
-5.575 2.325 4.5927e-06
-5.575 2.375 9.2996e-06
-5.575 2.425 1.8864e-05
-5.575 2.475 3.8340e-05
-5.575 2.525 7.8094e-05
-5.575 2.575 1.5946e-04
-5.575 2.625 3.2647e-04
-5.575 2.675 6.7042e-04
-5.575 2.725 1.3813e-03
-5.575 2.775 2.8564e-03
-5.575 2.825 5.9304e-03
-5.575 2.875 1.2366e-02
-5.575 2.925 2.5909e-02
-5.575 2.975 5.4556e-02
-5.575 3.025 1.1549e-01
-5.575 3.075 2.4585e-01
-5.575 3.125 5.2629e-01
-5.575 3.175 1.1327e+00
-5.575 3.225 2.4501e+00
-5.575 3.275 5.3214e+00
-5.575 3.325 1.1590e+01
-5.575 3.375 2.5268e+01
-5.575 3.425 5.5027e+01
-5.575 3.475 1.1946e+02
-5.575 3.525 2.5826e+02
-5.575 3.575 5.5653e+02
-5.575 3.625 1.1997e+03
-5.575 3.675 2.5997e+03
-5.575 3.725 5.6781e+03
-5.575 3.775 1.2403e+04
-5.575 3.825 2.5193e+04
-5.575 3.875 0.0000e+00
-5.575 3.925 0.0000e+00
-5.575 3.975 0.0000e+00
-5.525 -1.975 0.0000e+00
-5.525 -1.925 0.0000e+00
-5.525 -1.875 0.0000e+00
-5.525 -1.825 0.0000e+00
-5.525 -1.775 0.0000e+00
-5.525 -1.725 0.0000e+00
-5.525 -1.675 0.0000e+00
-5.525 -1.625 0.0000e+00
-5.525 -1.575 0.0000e+00
-5.525 -1.525 0.0000e+00
-5.525 -1.475 0.0000e+00
-5.525 -1.425 0.0000e+00
-5.525 -1.375 0.0000e+00
-5.525 -1.325 0.0000e+00
-5.525 -1.275 0.0000e+00
-5.525 -1.225 0.0000e+00
-5.525 -1.175 0.0000e+00
-5.525 -1.125 0.0000e+00
-5.525 -1.075 0.0000e+00
-5.525 -1.025 0.0000e+00
-5.525 -0.975 0.0000e+00
-5.525 -0.925 0.0000e+00
-5.525 -0.875 0.0000e+00
-5.525 -0.825 0.0000e+00
-5.525 -0.775 0.0000e+00
-5.525 -0.725 0.0000e+00
-5.525 -0.675 0.0000e+00
-5.525 -0.625 0.0000e+00
-5.525 -0.575 0.0000e+00
-5.525 -0.525 0.0000e+00
-5.525 -0.475 0.0000e+00
-5.525 -0.425 0.0000e+00
-5.525 -0.375 0.0000e+00
-5.525 -0.325 0.0000e+00
-5.525 -0.275 0.0000e+00
-5.525 -0.225 0.0000e+00
-5.525 -0.175 0.0000e+00
-5.525 -0.125 0.0000e+00
-5.525 -0.075 0.0000e+00
-5.525 -0.025 0.0000e+00
-5.525 0.025 0.0000e+00
-5.525 0.075 0.0000e+00
-5.525 0.125 0.0000e+00
-5.525 0.175 0.0000e+00
-5.525 0.225 0.0000e+00
-5.525 0.275 0.0000e+00
-5.525 0.325 0.0000e+00
-5.525 0.375 0.0000e+00
-5.525 0.425 0.0000e+00
-5.525 0.475 0.0000e+00
-5.525 0.525 0.0000e+00
-5.525 0.575 0.0000e+00
-5.525 0.625 0.0000e+00
-5.525 0.675 0.0000e+00
-5.525 0.725 0.0000e+00
-5.525 0.775 0.0000e+00
-5.525 0.825 0.0000e+00
-5.525 0.875 0.0000e+00
-5.525 0.925 2.0478e-14
-5.525 0.975 4.0883e-14
-5.525 1.025 8.1627e-14
-5.525 1.075 1.6299e-13
-5.525 1.125 3.2548e-13
-5.525 1.175 6.5003e-13
-5.525 1.225 1.2984e-12
-5.525 1.275 2.5936e-12
-5.525 1.325 5.1819e-12
-5.525 1.375 1.0355e-11
-5.525 1.425 2.0695e-11
-5.525 1.475 4.1369e-11
-5.525 1.525 8.2717e-11
-5.525 1.575 1.6543e-10
-5.525 1.625 3.3096e-10
-5.525 1.675 6.6232e-10
-5.525 1.725 1.3259e-09
-5.525 1.775 2.6555e-09
-5.525 1.825 5.3207e-09
-5.525 1.875 1.0666e-08
-5.525 1.925 2.1395e-08
-5.525 1.975 4.2942e-08
-5.525 2.025 8.6252e-08
-5.525 2.075 1.7338e-07
-5.525 2.125 3.4884e-07
-5.525 2.175 7.0257e-07
-5.525 2.225 1.4166e-06
-5.525 2.275 2.8599e-06
-5.525 2.325 5.7818e-06
-5.525 2.375 1.1708e-05
-5.525 2.425 2.3748e-05
-5.525 2.475 4.8267e-05
-5.525 2.525 9.8315e-05
-5.525 2.575 2.0074e-04
-5.525 2.625 4.1100e-04
-5.525 2.675 8.4401e-04
-5.525 2.725 1.7390e-03
-5.525 2.775 3.5960e-03
-5.525 2.825 7.4659e-03
-5.525 2.875 1.5568e-02
-5.525 2.925 3.2617e-02
-5.525 2.975 6.8682e-02
-5.525 3.025 1.4540e-01
-5.525 3.075 3.0951e-01
-5.525 3.125 6.6256e-01
-5.525 3.175 1.4260e+00
-5.525 3.225 3.0845e+00
-5.525 3.275 6.6993e+00
-5.525 3.325 1.4591e+01
-5.525 3.375 3.1811e+01
-5.525 3.425 6.9276e+01
-5.525 3.475 1.5039e+02
-5.525 3.525 3.2513e+02
-5.525 3.575 7.0065e+02
-5.525 3.625 1.5103e+03
-5.525 3.675 3.2729e+03
-5.525 3.725 7.1483e+03
-5.525 3.775 1.5614e+04
-5.525 3.825 3.1714e+04
-5.525 3.875 0.0000e+00
-5.525 3.925 0.0000e+00
-5.525 3.975 0.0000e+00
-5.475 -1.975 0.0000e+00
-5.475 -1.925 0.0000e+00
-5.475 -1.875 0.0000e+00
-5.475 -1.825 0.0000e+00
-5.475 -1.775 0.0000e+00
-5.475 -1.725 0.0000e+00
-5.475 -1.675 0.0000e+00
-5.475 -1.625 0.0000e+00
-5.475 -1.575 0.0000e+00
-5.475 -1.525 0.0000e+00
-5.475 -1.475 0.0000e+00
-5.475 -1.425 0.0000e+00
-5.475 -1.375 0.0000e+00
-5.475 -1.325 0.0000e+00
-5.475 -1.275 0.0000e+00
-5.475 -1.225 0.0000e+00
-5.475 -1.175 0.0000e+00
-5.475 -1.125 0.0000e+00
-5.475 -1.075 0.0000e+00
-5.475 -1.025 0.0000e+00
-5.475 -0.975 0.0000e+00
-5.475 -0.925 0.0000e+00
-5.475 -0.875 0.0000e+00
-5.475 -0.825 0.0000e+00
-5.475 -0.775 0.0000e+00
-5.475 -0.725 0.0000e+00
-5.475 -0.675 0.0000e+00
-5.475 -0.625 0.0000e+00
-5.475 -0.575 0.0000e+00
-5.475 -0.525 0.0000e+00
-5.475 -0.475 0.0000e+00
-5.475 -0.425 0.0000e+00
-5.475 -0.375 0.0000e+00
-5.475 -0.325 0.0000e+00
-5.475 -0.275 0.0000e+00
-5.475 -0.225 0.0000e+00
-5.475 -0.175 0.0000e+00
-5.475 -0.125 0.0000e+00
-5.475 -0.075 0.0000e+00
-5.475 -0.025 0.0000e+00
-5.475 0.025 0.0000e+00
-5.475 0.075 0.0000e+00
-5.475 0.125 0.0000e+00
-5.475 0.175 0.0000e+00
-5.475 0.225 0.0000e+00
-5.475 0.275 0.0000e+00
-5.475 0.325 0.0000e+00
-5.475 0.375 0.0000e+00
-5.475 0.425 0.0000e+00
-5.475 0.475 0.0000e+00
-5.475 0.525 0.0000e+00
-5.475 0.575 0.0000e+00
-5.475 0.625 0.0000e+00
-5.475 0.675 0.0000e+00
-5.475 0.725 0.0000e+00
-5.475 0.775 0.0000e+00
-5.475 0.825 0.0000e+00
-5.475 0.875 0.0000e+00
-5.475 0.925 2.5780e-14
-5.475 0.975 5.1469e-14
-5.475 1.025 1.0276e-13
-5.475 1.075 2.0519e-13
-5.475 1.125 4.0975e-13
-5.475 1.175 8.1834e-13
-5.475 1.225 1.6345e-12
-5.475 1.275 3.2652e-12
-5.475 1.325 6.5236e-12
-5.475 1.375 1.3036e-11
-5.475 1.425 2.6053e-11
-5.475 1.475 5.2081e-11
-5.475 1.525 1.0413e-10
-5.475 1.575 2.0827e-10
-5.475 1.625 4.1665e-10
-5.475 1.675 8.3381e-10
-5.475 1.725 1.6692e-09
-5.475 1.775 3.3431e-09
-5.475 1.825 6.6984e-09
-5.475 1.875 1.3428e-08
-5.475 1.925 2.6935e-08
-5.475 1.975 5.4061e-08
-5.475 2.025 1.0858e-07
-5.475 2.075 2.1827e-07
-5.475 2.125 4.3917e-07
-5.475 2.175 8.8449e-07
-5.475 2.225 1.7834e-06
-5.475 2.275 3.6004e-06
-5.475 2.325 7.2789e-06
-5.475 2.375 1.4739e-05
-5.475 2.425 2.9897e-05
-5.475 2.475 6.0764e-05
-5.475 2.525 1.2377e-04
-5.475 2.575 2.5272e-04
-5.475 2.625 5.1742e-04
-5.475 2.675 1.0626e-03
-5.475 2.725 2.1892e-03
-5.475 2.775 4.5271e-03
-5.475 2.825 9.3990e-03
-5.475 2.875 1.9599e-02
-5.475 2.925 4.1063e-02
-5.475 2.975 8.6466e-02
-5.475 3.025 1.8305e-01
-5.475 3.075 3.8965e-01
-5.475 3.125 8.3411e-01
-5.475 3.175 1.7953e+00
-5.475 3.225 3.8832e+00
-5.475 3.275 8.4340e+00
-5.475 3.325 1.8369e+01
-5.475 3.375 4.0048e+01
-5.475 3.425 8.7214e+01
-5.475 3.475 1.8933e+02
-5.475 3.525 4.0933e+02
-5.475 3.575 8.8209e+02
-5.475 3.625 1.9014e+03
-5.475 3.675 4.1204e+03
-5.475 3.725 8.9992e+03
-5.475 3.775 1.9657e+04
-5.475 3.825 3.9922e+04
-5.475 3.875 0.0000e+00
-5.475 3.925 0.0000e+00
-5.475 3.975 0.0000e+00
-5.425 -1.975 0.0000e+00
-5.425 -1.925 0.0000e+00
-5.425 -1.875 0.0000e+00
-5.425 -1.825 0.0000e+00
-5.425 -1.775 0.0000e+00
-5.425 -1.725 0.0000e+00
-5.425 -1.675 0.0000e+00
-5.425 -1.625 0.0000e+00
-5.425 -1.575 0.0000e+00
-5.425 -1.525 0.0000e+00
-5.425 -1.475 0.0000e+00
-5.425 -1.425 0.0000e+00
-5.425 -1.375 0.0000e+00
-5.425 -1.325 0.0000e+00
-5.425 -1.275 0.0000e+00
-5.425 -1.225 0.0000e+00
-5.425 -1.175 0.0000e+00
-5.425 -1.125 0.0000e+00
-5.425 -1.075 0.0000e+00
-5.425 -1.025 0.0000e+00
-5.425 -0.975 0.0000e+00
-5.425 -0.925 0.0000e+00
-5.425 -0.875 0.0000e+00
-5.425 -0.825 0.0000e+00
-5.425 -0.775 0.0000e+00
-5.425 -0.725 0.0000e+00
-5.425 -0.675 0.0000e+00
-5.425 -0.625 0.0000e+00
-5.425 -0.575 0.0000e+00
-5.425 -0.525 0.0000e+00
-5.425 -0.475 0.0000e+00
-5.425 -0.425 0.0000e+00
-5.425 -0.375 0.0000e+00
-5.425 -0.325 0.0000e+00
-5.425 -0.275 0.0000e+00
-5.425 -0.225 0.0000e+00
-5.425 -0.175 0.0000e+00
-5.425 -0.125 0.0000e+00
-5.425 -0.075 0.0000e+00
-5.425 -0.025 0.0000e+00
-5.425 0.025 0.0000e+00
-5.425 0.075 0.0000e+00
-5.425 0.125 0.0000e+00
-5.425 0.175 0.0000e+00
-5.425 0.225 0.0000e+00
-5.425 0.275 0.0000e+00
-5.425 0.325 0.0000e+00
-5.425 0.375 0.0000e+00
-5.425 0.425 0.0000e+00
-5.425 0.475 0.0000e+00
-5.425 0.525 0.0000e+00
-5.425 0.575 0.0000e+00
-5.425 0.625 0.0000e+00
-5.425 0.675 0.0000e+00
-5.425 0.725 0.0000e+00
-5.425 0.775 0.0000e+00
-5.425 0.825 0.0000e+00
-5.425 0.875 0.0000e+00
-5.425 0.925 3.2455e-14
-5.425 0.975 6.4795e-14
-5.425 1.025 1.2937e-13
-5.425 1.075 2.5832e-13
-5.425 1.125 5.1585e-13
-5.425 1.175 1.0302e-12
-5.425 1.225 2.0577e-12
-5.425 1.275 4.1106e-12
-5.425 1.325 8.2127e-12
-5.425 1.375 1.6411e-11
-5.425 1.425 3.2799e-11
-5.425 1.475 6.5566e-11
-5.425 1.525 1.3110e-10
-5.425 1.575 2.6219e-10
-5.425 1.625 5.2454e-10
-5.425 1.675 1.0497e-09
-5.425 1.725 2.1015e-09
-5.425 1.775 4.2087e-09
-5.425 1.825 8.4328e-09
-5.425 1.875 1.6905e-08
-5.425 1.925 3.3909e-08
-5.425 1.975 6.8059e-08
-5.425 2.025 1.3670e-07
-5.425 2.075 2.7479e-07
-5.425 2.125 5.5288e-07
-5.425 2.175 1.1135e-06
-5.425 2.225 2.2452e-06
-5.425 2.275 4.5326e-06
-5.425 2.325 9.1636e-06
-5.425 2.375 1.8555e-05
-5.425 2.425 3.7638e-05
-5.425 2.475 7.6498e-05
-5.425 2.525 1.5582e-04
-5.425 2.575 3.1816e-04
-5.425 2.625 6.5140e-04
-5.425 2.675 1.3377e-03
-5.425 2.725 2.7561e-03
-5.425 2.775 5.6993e-03
-5.425 2.825 1.1833e-02
-5.425 2.875 2.4674e-02
-5.425 2.925 5.1695e-02
-5.425 2.975 1.0885e-01
-5.425 3.025 2.3044e-01
-5.425 3.075 4.9055e-01
-5.425 3.125 1.0501e+00
-5.425 3.175 2.2601e+00
-5.425 3.225 4.8886e+00
-5.425 3.275 1.0618e+01
-5.425 3.325 2.3126e+01
-5.425 3.375 5.0419e+01
-5.425 3.425 1.0980e+02
-5.425 3.475 2.3836e+02
-5.425 3.525 5.1532e+02
-5.425 3.575 1.1105e+03
-5.425 3.625 2.3939e+03
-5.425 3.675 5.1874e+03
-5.425 3.725 1.1329e+04
-5.425 3.775 2.4745e+04
-5.425 3.825 5.0252e+04
-5.425 3.875 0.0000e+00
-5.425 3.925 0.0000e+00
-5.425 3.975 0.0000e+00
-5.375 -1.975 0.0000e+00
-5.375 -1.925 0.0000e+00
-5.375 -1.875 0.0000e+00
-5.375 -1.825 0.0000e+00
-5.375 -1.775 0.0000e+00
-5.375 -1.725 0.0000e+00
-5.375 -1.675 0.0000e+00
-5.375 -1.625 0.0000e+00
-5.375 -1.575 0.0000e+00
-5.375 -1.525 0.0000e+00
-5.375 -1.475 0.0000e+00
-5.375 -1.425 0.0000e+00
-5.375 -1.375 0.0000e+00
-5.375 -1.325 0.0000e+00
-5.375 -1.275 0.0000e+00
-5.375 -1.225 0.0000e+00
-5.375 -1.175 0.0000e+00
-5.375 -1.125 0.0000e+00
-5.375 -1.075 0.0000e+00
-5.375 -1.025 0.0000e+00
-5.375 -0.975 0.0000e+00
-5.375 -0.925 0.0000e+00
-5.375 -0.875 0.0000e+00
-5.375 -0.825 0.0000e+00
-5.375 -0.775 0.0000e+00
-5.375 -0.725 0.0000e+00
-5.375 -0.675 0.0000e+00
-5.375 -0.625 0.0000e+00
-5.375 -0.575 0.0000e+00
-5.375 -0.525 0.0000e+00
-5.375 -0.475 0.0000e+00
-5.375 -0.425 0.0000e+00
-5.375 -0.375 0.0000e+00
-5.375 -0.325 0.0000e+00
-5.375 -0.275 0.0000e+00
-5.375 -0.225 0.0000e+00
-5.375 -0.175 0.0000e+00
-5.375 -0.125 0.0000e+00
-5.375 -0.075 0.0000e+00
-5.375 -0.025 0.0000e+00
-5.375 0.025 0.0000e+00
-5.375 0.075 0.0000e+00
-5.375 0.125 0.0000e+00
-5.375 0.175 0.0000e+00
-5.375 0.225 0.0000e+00
-5.375 0.275 0.0000e+00
-5.375 0.325 0.0000e+00
-5.375 0.375 0.0000e+00
-5.375 0.425 0.0000e+00
-5.375 0.475 0.0000e+00
-5.375 0.525 0.0000e+00
-5.375 0.575 0.0000e+00
-5.375 0.625 0.0000e+00
-5.375 0.675 0.0000e+00
-5.375 0.725 0.0000e+00
-5.375 0.775 0.0000e+00
-5.375 0.825 0.0000e+00
-5.375 0.875 0.0000e+00
-5.375 0.925 4.0859e-14
-5.375 0.975 8.1572e-14
-5.375 1.025 1.6287e-13
-5.375 1.075 3.2521e-13
-5.375 1.125 6.4942e-13
-5.375 1.175 1.2970e-12
-5.375 1.225 2.5906e-12
-5.375 1.275 5.1750e-12
-5.375 1.325 1.0339e-11
-5.375 1.375 2.0660e-11
-5.375 1.425 4.1292e-11
-5.375 1.475 8.2543e-11
-5.375 1.525 1.6504e-10
-5.375 1.575 3.3008e-10
-5.375 1.625 6.6035e-10
-5.375 1.675 1.3215e-09
-5.375 1.725 2.6456e-09
-5.375 1.775 5.2984e-09
-5.375 1.825 1.0616e-08
-5.375 1.875 2.1282e-08
-5.375 1.925 4.2689e-08
-5.375 1.975 8.5681e-08
-5.375 2.025 1.7210e-07
-5.375 2.075 3.4594e-07
-5.375 2.125 6.9603e-07
-5.375 2.175 1.4018e-06
-5.375 2.225 2.8265e-06
-5.375 2.275 5.7062e-06
-5.375 2.325 1.1536e-05
-5.375 2.375 2.3360e-05
-5.375 2.425 4.7384e-05
-5.375 2.475 9.6305e-05
-5.375 2.525 1.9616e-04
-5.375 2.575 4.0054e-04
-5.375 2.625 8.2006e-04
-5.375 2.675 1.6840e-03
-5.375 2.725 3.4697e-03
-5.375 2.775 7.1750e-03
-5.375 2.825 1.4896e-02
-5.375 2.875 3.1063e-02
-5.375 2.925 6.5080e-02
-5.375 2.975 1.3704e-01
-5.375 3.025 2.9011e-01
-5.375 3.075 6.1756e-01
-5.375 3.125 1.3220e+00
-5.375 3.175 2.8453e+00
-5.375 3.225 6.1545e+00
-5.375 3.275 1.3367e+01
-5.375 3.325 2.9114e+01
-5.375 3.375 6.3474e+01
-5.375 3.425 1.3823e+02
-5.375 3.475 3.0009e+02
-5.375 3.525 6.4878e+02
-5.375 3.575 1.3981e+03
-5.375 3.625 3.0138e+03
-5.375 3.675 6.5308e+03
-5.375 3.725 1.4263e+04
-5.375 3.775 3.1150e+04
-5.375 3.825 6.3254e+04
-5.375 3.875 0.0000e+00
-5.375 3.925 0.0000e+00
-5.375 3.975 0.0000e+00
-5.325 -1.975 0.0000e+00
-5.325 -1.925 0.0000e+00
-5.325 -1.875 0.0000e+00
-5.325 -1.825 0.0000e+00
-5.325 -1.775 0.0000e+00
-5.325 -1.725 0.0000e+00
-5.325 -1.675 0.0000e+00
-5.325 -1.625 0.0000e+00
-5.325 -1.575 0.0000e+00
-5.325 -1.525 0.0000e+00
-5.325 -1.475 0.0000e+00
-5.325 -1.425 0.0000e+00
-5.325 -1.375 0.0000e+00
-5.325 -1.325 0.0000e+00
-5.325 -1.275 0.0000e+00
-5.325 -1.225 0.0000e+00
-5.325 -1.175 0.0000e+00
-5.325 -1.125 0.0000e+00
-5.325 -1.075 0.0000e+00
-5.325 -1.025 0.0000e+00
-5.325 -0.975 0.0000e+00
-5.325 -0.925 0.0000e+00
-5.325 -0.875 0.0000e+00
-5.325 -0.825 0.0000e+00
-5.325 -0.775 0.0000e+00
-5.325 -0.725 0.0000e+00
-5.325 -0.675 0.0000e+00
-5.325 -0.625 0.0000e+00
-5.325 -0.575 0.0000e+00
-5.325 -0.525 0.0000e+00
-5.325 -0.475 0.0000e+00
-5.325 -0.425 0.0000e+00
-5.325 -0.375 0.0000e+00
-5.325 -0.325 0.0000e+00
-5.325 -0.275 0.0000e+00
-5.325 -0.225 0.0000e+00
-5.325 -0.175 0.0000e+00
-5.325 -0.125 0.0000e+00
-5.325 -0.075 0.0000e+00
-5.325 -0.025 0.0000e+00
-5.325 0.025 0.0000e+00
-5.325 0.075 0.0000e+00
-5.325 0.125 0.0000e+00
-5.325 0.175 0.0000e+00
-5.325 0.225 0.0000e+00
-5.325 0.275 0.0000e+00
-5.325 0.325 0.0000e+00
-5.325 0.375 0.0000e+00
-5.325 0.425 0.0000e+00
-5.325 0.475 0.0000e+00
-5.325 0.525 0.0000e+00
-5.325 0.575 0.0000e+00
-5.325 0.625 0.0000e+00
-5.325 0.675 0.0000e+00
-5.325 0.725 0.0000e+00
-5.325 0.775 0.0000e+00
-5.325 0.825 0.0000e+00
-5.325 0.875 0.0000e+00
-5.325 0.925 5.1438e-14
-5.325 0.975 1.0269e-13
-5.325 1.025 2.0504e-13
-5.325 1.075 4.0941e-13
-5.325 1.125 8.1757e-13
-5.325 1.175 1.6328e-12
-5.325 1.225 3.2613e-12
-5.325 1.275 6.5149e-12
-5.325 1.325 1.3016e-11
-5.325 1.375 2.6010e-11
-5.325 1.425 5.1983e-11
-5.325 1.475 1.0392e-10
-5.325 1.525 2.0778e-10
-5.325 1.575 4.1555e-10
-5.325 1.625 8.3134e-10
-5.325 1.675 1.6637e-09
-5.325 1.725 3.3306e-09
-5.325 1.775 6.6703e-09
-5.325 1.825 1.3365e-08
-5.325 1.875 2.6793e-08
-5.325 1.925 5.3742e-08
-5.325 1.975 1.0787e-07
-5.325 2.025 2.1666e-07
-5.325 2.075 4.3552e-07
-5.325 2.125 8.7625e-07
-5.325 2.175 1.7648e-06
-5.325 2.225 3.5583e-06
-5.325 2.275 7.1837e-06
-5.325 2.325 1.4523e-05
-5.325 2.375 2.9408e-05
-5.325 2.425 5.9653e-05
-5.325 2.475 1.2124e-04
-5.325 2.525 2.4696e-04
-5.325 2.575 5.0425e-04
-5.325 2.625 1.0324e-03
-5.325 2.675 2.1201e-03
-5.325 2.725 4.3681e-03
-5.325 2.775 9.0327e-03
-5.325 2.825 1.8754e-02
-5.325 2.875 3.9106e-02
-5.325 2.925 8.1931e-02
-5.325 2.975 1.7252e-01
-5.325 3.025 3.6523e-01
-5.325 3.075 7.7747e-01
-5.325 3.125 1.6643e+00
-5.325 3.175 3.5821e+00
-5.325 3.225 7.7481e+00
-5.325 3.275 1.6828e+01
-5.325 3.325 3.6653e+01
-5.325 3.375 7.9911e+01
-5.325 3.425 1.7403e+02
-5.325 3.475 3.7780e+02
-5.325 3.525 8.1680e+02
-5.325 3.575 1.7602e+03
-5.325 3.625 3.7944e+03
-5.325 3.675 8.2221e+03
-5.325 3.725 1.7956e+04
-5.325 3.775 3.9213e+04
-5.325 3.825 7.9617e+04
-5.325 3.875 0.0000e+00
-5.325 3.925 0.0000e+00
-5.325 3.975 0.0000e+00
-5.275 -1.975 0.0000e+00
-5.275 -1.925 0.0000e+00
-5.275 -1.875 0.0000e+00
-5.275 -1.825 0.0000e+00
-5.275 -1.775 0.0000e+00
-5.275 -1.725 0.0000e+00
-5.275 -1.675 0.0000e+00
-5.275 -1.625 0.0000e+00
-5.275 -1.575 0.0000e+00
-5.275 -1.525 0.0000e+00
-5.275 -1.475 0.0000e+00
-5.275 -1.425 0.0000e+00
-5.275 -1.375 0.0000e+00
-5.275 -1.325 0.0000e+00
-5.275 -1.275 0.0000e+00
-5.275 -1.225 0.0000e+00
-5.275 -1.175 0.0000e+00
-5.275 -1.125 0.0000e+00
-5.275 -1.075 0.0000e+00
-5.275 -1.025 0.0000e+00
-5.275 -0.975 0.0000e+00
-5.275 -0.925 0.0000e+00
-5.275 -0.875 0.0000e+00
-5.275 -0.825 0.0000e+00
-5.275 -0.775 0.0000e+00
-5.275 -0.725 0.0000e+00
-5.275 -0.675 0.0000e+00
-5.275 -0.625 0.0000e+00
-5.275 -0.575 0.0000e+00
-5.275 -0.525 0.0000e+00
-5.275 -0.475 0.0000e+00
-5.275 -0.425 0.0000e+00
-5.275 -0.375 0.0000e+00
-5.275 -0.325 0.0000e+00
-5.275 -0.275 0.0000e+00
-5.275 -0.225 0.0000e+00
-5.275 -0.175 0.0000e+00
-5.275 -0.125 0.0000e+00
-5.275 -0.075 0.0000e+00
-5.275 -0.025 0.0000e+00
-5.275 0.025 0.0000e+00
-5.275 0.075 0.0000e+00
-5.275 0.125 0.0000e+00
-5.275 0.175 0.0000e+00
-5.275 0.225 0.0000e+00
-5.275 0.275 0.0000e+00
-5.275 0.325 0.0000e+00
-5.275 0.375 0.0000e+00
-5.275 0.425 0.0000e+00
-5.275 0.475 0.0000e+00
-5.275 0.525 0.0000e+00
-5.275 0.575 0.0000e+00
-5.275 0.625 0.0000e+00
-5.275 0.675 0.0000e+00
-5.275 0.725 0.0000e+00
-5.275 0.775 0.0000e+00
-5.275 0.825 0.0000e+00
-5.275 0.875 0.0000e+00
-5.275 0.925 6.4757e-14
-5.275 0.975 1.2928e-13
-5.275 1.025 2.5813e-13
-5.275 1.075 5.1542e-13
-5.275 1.125 1.0293e-12
-5.275 1.175 2.0556e-12
-5.275 1.225 4.1057e-12
-5.275 1.275 8.2018e-12
-5.275 1.325 1.6386e-11
-5.275 1.375 3.2744e-11
-5.275 1.425 6.5443e-11
-5.275 1.475 1.3082e-10
-5.275 1.525 2.6157e-10
-5.275 1.575 5.2315e-10
-5.275 1.625 1.0466e-09
-5.275 1.675 2.0944e-09
-5.275 1.725 4.1929e-09
-5.275 1.775 8.3974e-09
-5.275 1.825 1.6826e-08
-5.275 1.875 3.3730e-08
-5.275 1.925 6.7657e-08
-5.275 1.975 1.3580e-07
-5.275 2.025 2.7275e-07
-5.275 2.075 5.4828e-07
-5.275 2.125 1.1031e-06
-5.275 2.175 2.2217e-06
-5.275 2.225 4.4797e-06
-5.275 2.275 9.0438e-06
-5.275 2.325 1.8284e-05
-5.275 2.375 3.7022e-05
-5.275 2.425 7.5098e-05
-5.275 2.475 1.5263e-04
-5.275 2.525 3.1090e-04
-5.275 2.575 6.3481e-04
-5.275 2.625 1.2997e-03
-5.275 2.675 2.6690e-03
-5.275 2.725 5.4991e-03
-5.275 2.775 1.1372e-02
-5.275 2.825 2.3609e-02
-5.275 2.875 4.9231e-02
-5.275 2.925 1.0314e-01
-5.275 2.975 2.1719e-01
-5.275 3.025 4.5980e-01
-5.275 3.075 9.7878e-01
-5.275 3.125 2.0952e+00
-5.275 3.175 4.5096e+00
-5.275 3.225 9.7543e+00
-5.275 3.275 2.1186e+01
-5.275 3.325 4.6144e+01
-5.275 3.375 1.0060e+02
-5.275 3.425 2.1909e+02
-5.275 3.475 4.7565e+02
-5.275 3.525 1.0283e+03
-5.275 3.575 2.2161e+03
-5.275 3.625 4.7772e+03
-5.275 3.675 1.0352e+04
-5.275 3.725 2.2605e+04
-5.275 3.775 4.9362e+04
-5.275 3.825 1.0021e+05
-5.275 3.875 0.0000e+00
-5.275 3.925 0.0000e+00
-5.275 3.975 0.0000e+00
-5.225 -1.975 0.0000e+00
-5.225 -1.925 0.0000e+00
-5.225 -1.875 0.0000e+00
-5.225 -1.825 0.0000e+00
-5.225 -1.775 0.0000e+00
-5.225 -1.725 0.0000e+00
-5.225 -1.675 0.0000e+00
-5.225 -1.625 0.0000e+00
-5.225 -1.575 0.0000e+00
-5.225 -1.525 0.0000e+00
-5.225 -1.475 0.0000e+00
-5.225 -1.425 0.0000e+00
-5.225 -1.375 0.0000e+00
-5.225 -1.325 0.0000e+00
-5.225 -1.275 0.0000e+00
-5.225 -1.225 0.0000e+00
-5.225 -1.175 0.0000e+00
-5.225 -1.125 0.0000e+00
-5.225 -1.075 0.0000e+00
-5.225 -1.025 0.0000e+00
-5.225 -0.975 0.0000e+00
-5.225 -0.925 0.0000e+00
-5.225 -0.875 0.0000e+00
-5.225 -0.825 0.0000e+00
-5.225 -0.775 0.0000e+00
-5.225 -0.725 0.0000e+00
-5.225 -0.675 0.0000e+00
-5.225 -0.625 0.0000e+00
-5.225 -0.575 0.0000e+00
-5.225 -0.525 0.0000e+00
-5.225 -0.475 0.0000e+00
-5.225 -0.425 0.0000e+00
-5.225 -0.375 0.0000e+00
-5.225 -0.325 0.0000e+00
-5.225 -0.275 0.0000e+00
-5.225 -0.225 0.0000e+00
-5.225 -0.175 0.0000e+00
-5.225 -0.125 0.0000e+00
-5.225 -0.075 0.0000e+00
-5.225 -0.025 0.0000e+00
-5.225 0.025 0.0000e+00
-5.225 0.075 0.0000e+00
-5.225 0.125 0.0000e+00
-5.225 0.175 0.0000e+00
-5.225 0.225 0.0000e+00
-5.225 0.275 0.0000e+00
-5.225 0.325 0.0000e+00
-5.225 0.375 0.0000e+00
-5.225 0.425 0.0000e+00
-5.225 0.475 0.0000e+00
-5.225 0.525 0.0000e+00
-5.225 0.575 0.0000e+00
-5.225 0.625 0.0000e+00
-5.225 0.675 0.0000e+00
-5.225 0.725 0.0000e+00
-5.225 0.775 0.0000e+00
-5.225 0.825 0.0000e+00
-5.225 0.875 0.0000e+00
-5.225 0.925 8.1524e-14
-5.225 0.975 1.6276e-13
-5.225 1.025 3.2496e-13
-5.225 1.075 6.4887e-13
-5.225 1.125 1.2958e-12
-5.225 1.175 2.5878e-12
-5.225 1.225 5.1688e-12
-5.225 1.275 1.0325e-11
-5.225 1.325 2.0629e-11
-5.225 1.375 4.1223e-11
-5.225 1.425 8.2388e-11
-5.225 1.475 1.6469e-10
-5.225 1.525 3.2930e-10
-5.225 1.575 6.5860e-10
-5.225 1.625 1.3176e-09
-5.225 1.675 2.6368e-09
-5.225 1.725 5.2786e-09
-5.225 1.775 1.0572e-08
-5.225 1.825 2.1182e-08
-5.225 1.875 4.2464e-08
-5.225 1.925 8.5175e-08
-5.225 1.975 1.7096e-07
-5.225 2.025 3.4338e-07
-5.225 2.075 6.9025e-07
-5.225 2.125 1.3888e-06
-5.225 2.175 2.7970e-06
-5.225 2.225 5.6396e-06
-5.225 2.275 1.1385e-05
-5.225 2.325 2.3018e-05
-5.225 2.375 4.6608e-05
-5.225 2.425 9.4543e-05
-5.225 2.475 1.9215e-04
-5.225 2.525 3.9140e-04
-5.225 2.575 7.9918e-04
-5.225 2.625 1.6362e-03
-5.225 2.675 3.3601e-03
-5.225 2.725 6.9230e-03
-5.225 2.775 1.4316e-02
-5.225 2.825 2.9722e-02
-5.225 2.875 6.1979e-02
-5.225 2.925 1.2985e-01
-5.225 2.975 2.7343e-01
-5.225 3.025 5.7885e-01
-5.225 3.075 1.2322e+00
-5.225 3.125 2.6378e+00
-5.225 3.175 5.6773e+00
-5.225 3.225 1.2280e+01
-5.225 3.275 2.6672e+01
-5.225 3.325 5.8093e+01
-5.225 3.375 1.2666e+02
-5.225 3.425 2.7583e+02
-5.225 3.475 5.9884e+02
-5.225 3.525 1.2947e+03
-5.225 3.575 2.7902e+03
-5.225 3.625 6.0146e+03
-5.225 3.675 1.3033e+04
-5.225 3.725 2.8458e+04
-5.225 3.775 6.2135e+04
-5.225 3.825 1.2611e+05
-5.225 3.875 0.0000e+00
-5.225 3.925 0.0000e+00
-5.225 3.975 0.0000e+00
-5.175 -1.975 0.0000e+00
-5.175 -1.925 0.0000e+00
-5.175 -1.875 0.0000e+00
-5.175 -1.825 0.0000e+00
-5.175 -1.775 0.0000e+00
-5.175 -1.725 0.0000e+00
-5.175 -1.675 0.0000e+00
-5.175 -1.625 0.0000e+00
-5.175 -1.575 0.0000e+00
-5.175 -1.525 0.0000e+00
-5.175 -1.475 0.0000e+00
-5.175 -1.425 0.0000e+00
-5.175 -1.375 0.0000e+00
-5.175 -1.325 0.0000e+00
-5.175 -1.275 0.0000e+00
-5.175 -1.225 0.0000e+00
-5.175 -1.175 0.0000e+00
-5.175 -1.125 0.0000e+00
-5.175 -1.075 0.0000e+00
-5.175 -1.025 0.0000e+00
-5.175 -0.975 0.0000e+00
-5.175 -0.925 0.0000e+00
-5.175 -0.875 0.0000e+00
-5.175 -0.825 0.0000e+00
-5.175 -0.775 0.0000e+00
-5.175 -0.725 0.0000e+00
-5.175 -0.675 0.0000e+00
-5.175 -0.625 0.0000e+00
-5.175 -0.575 0.0000e+00
-5.175 -0.525 0.0000e+00
-5.175 -0.475 0.0000e+00
-5.175 -0.425 0.0000e+00
-5.175 -0.375 0.0000e+00
-5.175 -0.325 0.0000e+00
-5.175 -0.275 0.0000e+00
-5.175 -0.225 0.0000e+00
-5.175 -0.175 0.0000e+00
-5.175 -0.125 0.0000e+00
-5.175 -0.075 0.0000e+00
-5.175 -0.025 0.0000e+00
-5.175 0.025 0.0000e+00
-5.175 0.075 0.0000e+00
-5.175 0.125 0.0000e+00
-5.175 0.175 0.0000e+00
-5.175 0.225 0.0000e+00
-5.175 0.275 0.0000e+00
-5.175 0.325 0.0000e+00
-5.175 0.375 0.0000e+00
-5.175 0.425 0.0000e+00
-5.175 0.475 0.0000e+00
-5.175 0.525 0.0000e+00
-5.175 0.575 0.0000e+00
-5.175 0.625 0.0000e+00
-5.175 0.675 0.0000e+00
-5.175 0.725 0.0000e+00
-5.175 0.775 0.0000e+00
-5.175 0.825 0.0000e+00
-5.175 0.875 0.0000e+00
-5.175 0.925 1.0263e-13
-5.175 0.975 2.0490e-13
-5.175 1.025 4.0910e-13
-5.175 1.075 8.1688e-13
-5.175 1.125 1.6313e-12
-5.175 1.175 3.2579e-12
-5.175 1.225 6.5072e-12
-5.175 1.275 1.2999e-11
-5.175 1.325 2.5971e-11
-5.175 1.375 5.1896e-11
-5.175 1.425 1.0372e-10
-5.175 1.475 2.0734e-10
-5.175 1.525 4.1457e-10
-5.175 1.575 8.2913e-10
-5.175 1.625 1.6587e-09
-5.175 1.675 3.3195e-09
-5.175 1.725 6.6454e-09
-5.175 1.775 1.3309e-08
-5.175 1.825 2.6667e-08
-5.175 1.875 5.3459e-08
-5.175 1.925 1.0723e-07
-5.175 1.975 2.1522e-07
-5.175 2.025 4.3228e-07
-5.175 2.075 8.6897e-07
-5.175 2.125 1.7484e-06
-5.175 2.175 3.5212e-06
-5.175 2.225 7.0998e-06
-5.175 2.275 1.4333e-05
-5.175 2.325 2.8978e-05
-5.175 2.375 5.8677e-05
-5.175 2.425 1.1902e-04
-5.175 2.475 2.4191e-04
-5.175 2.525 4.9274e-04
-5.175 2.575 1.0061e-03
-5.175 2.625 2.0599e-03
-5.175 2.675 4.2301e-03
-5.175 2.725 8.7155e-03
-5.175 2.775 1.8023e-02
-5.175 2.825 3.7418e-02
-5.175 2.875 7.8027e-02
-5.175 2.925 1.6347e-01
-5.175 2.975 3.4423e-01
-5.175 3.025 7.2873e-01
-5.175 3.075 1.5513e+00
-5.175 3.125 3.3208e+00
-5.175 3.175 7.1473e+00
-5.175 3.225 1.5460e+01
-5.175 3.275 3.3579e+01
-5.175 3.325 7.3137e+01
-5.175 3.375 1.5946e+02
-5.175 3.425 3.4727e+02
-5.175 3.475 7.5395e+02
-5.175 3.525 1.6301e+03
-5.175 3.575 3.5130e+03
-5.175 3.625 7.5728e+03
-5.175 3.675 1.6409e+04
-5.175 3.725 3.5827e+04
-5.175 3.775 7.8212e+04
-5.175 3.825 1.5871e+05
-5.175 3.875 0.0000e+00
-5.175 3.925 0.0000e+00
-5.175 3.975 0.0000e+00
-5.125 -1.975 0.0000e+00
-5.125 -1.925 0.0000e+00
-5.125 -1.875 0.0000e+00
-5.125 -1.825 0.0000e+00
-5.125 -1.775 0.0000e+00
-5.125 -1.725 0.0000e+00
-5.125 -1.675 0.0000e+00
-5.125 -1.625 0.0000e+00
-5.125 -1.575 0.0000e+00
-5.125 -1.525 0.0000e+00
-5.125 -1.475 0.0000e+00
-5.125 -1.425 0.0000e+00
-5.125 -1.375 0.0000e+00
-5.125 -1.325 0.0000e+00
-5.125 -1.275 0.0000e+00
-5.125 -1.225 0.0000e+00
-5.125 -1.175 0.0000e+00
-5.125 -1.125 0.0000e+00
-5.125 -1.075 0.0000e+00
-5.125 -1.025 0.0000e+00
-5.125 -0.975 0.0000e+00
-5.125 -0.925 0.0000e+00
-5.125 -0.875 0.0000e+00
-5.125 -0.825 0.0000e+00
-5.125 -0.775 0.0000e+00
-5.125 -0.725 0.0000e+00
-5.125 -0.675 0.0000e+00
-5.125 -0.625 0.0000e+00
-5.125 -0.575 0.0000e+00
-5.125 -0.525 0.0000e+00
-5.125 -0.475 0.0000e+00
-5.125 -0.425 0.0000e+00
-5.125 -0.375 0.0000e+00
-5.125 -0.325 0.0000e+00
-5.125 -0.275 0.0000e+00
-5.125 -0.225 0.0000e+00
-5.125 -0.175 0.0000e+00
-5.125 -0.125 0.0000e+00
-5.125 -0.075 0.0000e+00
-5.125 -0.025 0.0000e+00
-5.125 0.025 0.0000e+00
-5.125 0.075 0.0000e+00
-5.125 0.125 0.0000e+00
-5.125 0.175 0.0000e+00
-5.125 0.225 0.0000e+00
-5.125 0.275 0.0000e+00
-5.125 0.325 0.0000e+00
-5.125 0.375 0.0000e+00
-5.125 0.425 0.0000e+00
-5.125 0.475 0.0000e+00
-5.125 0.525 0.0000e+00
-5.125 0.575 0.0000e+00
-5.125 0.625 0.0000e+00
-5.125 0.675 0.0000e+00
-5.125 0.725 0.0000e+00
-5.125 0.775 0.0000e+00
-5.125 0.825 0.0000e+00
-5.125 0.875 0.0000e+00
-5.125 0.925 1.2921e-13
-5.125 0.975 2.5795e-13
-5.125 1.025 5.1503e-13
-5.125 1.075 1.0284e-12
-5.125 1.125 2.0536e-12
-5.125 1.175 4.1014e-12
-5.125 1.225 8.1920e-12
-5.125 1.275 1.6365e-11
-5.125 1.325 3.2695e-11
-5.125 1.375 6.5333e-11
-5.125 1.425 1.3058e-10
-5.125 1.475 2.6102e-10
-5.125 1.525 5.2191e-10
-5.125 1.575 1.0438e-09
-5.125 1.625 2.0882e-09
-5.125 1.675 4.1790e-09
-5.125 1.725 8.3660e-09
-5.125 1.775 1.6755e-08
-5.125 1.825 3.3572e-08
-5.125 1.875 6.7300e-08
-5.125 1.925 1.3499e-07
-5.125 1.975 2.7095e-07
-5.125 2.025 5.4421e-07
-5.125 2.075 1.0940e-06
-5.125 2.125 2.2010e-06
-5.125 2.175 4.4330e-06
-5.125 2.225 8.9381e-06
-5.125 2.275 1.8045e-05
-5.125 2.325 3.6481e-05
-5.125 2.375 7.3869e-05
-5.125 2.425 1.4984e-04
-5.125 2.475 3.0454e-04
-5.125 2.525 6.2032e-04
-5.125 2.575 1.2666e-03
-5.125 2.625 2.5933e-03
-5.125 2.675 5.3254e-03
-5.125 2.725 1.0972e-02
-5.125 2.775 2.2689e-02
-5.125 2.825 4.7107e-02
-5.125 2.875 9.8230e-02
-5.125 2.925 2.0580e-01
-5.125 2.975 4.3336e-01
-5.125 3.025 9.1743e-01
-5.125 3.075 1.9530e+00
-5.125 3.125 4.1806e+00
-5.125 3.175 8.9981e+00
-5.125 3.225 1.9463e+01
-5.125 3.275 4.2274e+01
-5.125 3.325 9.2077e+01
-5.125 3.375 2.0075e+02
-5.125 3.425 4.3722e+02
-5.125 3.475 9.4924e+02
-5.125 3.525 2.0524e+03
-5.125 3.575 4.4232e+03
-5.125 3.625 9.5349e+03
-5.125 3.675 2.0659e+04
-5.125 3.725 4.5103e+04
-5.125 3.775 9.8444e+04
-5.125 3.825 1.9970e+05
-5.125 3.875 0.0000e+00
-5.125 3.925 0.0000e+00
-5.125 3.975 0.0000e+00
-5.075 -1.975 0.0000e+00
-5.075 -1.925 0.0000e+00
-5.075 -1.875 0.0000e+00
-5.075 -1.825 0.0000e+00
-5.075 -1.775 0.0000e+00
-5.075 -1.725 0.0000e+00
-5.075 -1.675 0.0000e+00
-5.075 -1.625 0.0000e+00
-5.075 -1.575 0.0000e+00
-5.075 -1.525 0.0000e+00
-5.075 -1.475 0.0000e+00
-5.075 -1.425 0.0000e+00
-5.075 -1.375 0.0000e+00
-5.075 -1.325 0.0000e+00
-5.075 -1.275 0.0000e+00
-5.075 -1.225 0.0000e+00
-5.075 -1.175 0.0000e+00
-5.075 -1.125 0.0000e+00
-5.075 -1.075 0.0000e+00
-5.075 -1.025 0.0000e+00
-5.075 -0.975 0.0000e+00
-5.075 -0.925 0.0000e+00
-5.075 -0.875 0.0000e+00
-5.075 -0.825 0.0000e+00
-5.075 -0.775 0.0000e+00
-5.075 -0.725 0.0000e+00
-5.075 -0.675 0.0000e+00
-5.075 -0.625 0.0000e+00
-5.075 -0.575 0.0000e+00
-5.075 -0.525 0.0000e+00
-5.075 -0.475 0.0000e+00
-5.075 -0.425 0.0000e+00
-5.075 -0.375 0.0000e+00
-5.075 -0.325 0.0000e+00
-5.075 -0.275 0.0000e+00
-5.075 -0.225 0.0000e+00
-5.075 -0.175 0.0000e+00
-5.075 -0.125 0.0000e+00
-5.075 -0.075 0.0000e+00
-5.075 -0.025 0.0000e+00
-5.075 0.025 0.0000e+00
-5.075 0.075 0.0000e+00
-5.075 0.125 0.0000e+00
-5.075 0.175 0.0000e+00
-5.075 0.225 0.0000e+00
-5.075 0.275 0.0000e+00
-5.075 0.325 0.0000e+00
-5.075 0.375 0.0000e+00
-5.075 0.425 0.0000e+00
-5.075 0.475 0.0000e+00
-5.075 0.525 0.0000e+00
-5.075 0.575 0.0000e+00
-5.075 0.625 0.0000e+00
-5.075 0.675 0.0000e+00
-5.075 0.725 0.0000e+00
-5.075 0.775 0.0000e+00
-5.075 0.825 0.0000e+00
-5.075 0.875 0.0000e+00
-5.075 0.925 1.6266e-13
-5.075 0.975 3.2474e-13
-5.075 1.025 6.4838e-13
-5.075 1.075 1.2947e-12
-5.075 1.125 2.5854e-12
-5.075 1.175 5.1634e-12
-5.075 1.225 1.0313e-11
-5.075 1.275 2.0602e-11
-5.075 1.325 4.1161e-11
-5.075 1.375 8.2250e-11
-5.075 1.425 1.6439e-10
-5.075 1.475 3.2861e-10
-5.075 1.525 6.5705e-10
-5.075 1.575 1.3141e-09
-5.075 1.625 2.6289e-09
-5.075 1.675 5.2610e-09
-5.075 1.725 1.0532e-08
-5.075 1.775 2.1093e-08
-5.075 1.825 4.2264e-08
-5.075 1.875 8.4726e-08
-5.075 1.925 1.6995e-07
-5.075 1.975 3.4110e-07
-5.075 2.025 6.8512e-07
-5.075 2.075 1.3772e-06
-5.075 2.125 2.7710e-06
-5.075 2.175 5.5808e-06
-5.075 2.225 1.1252e-05
-5.075 2.275 2.2717e-05
-5.075 2.325 4.5927e-05
-5.075 2.375 9.2996e-05
-5.075 2.425 1.8864e-04
-5.075 2.475 3.8340e-04
-5.075 2.525 7.8094e-04
-5.075 2.575 1.5946e-03
-5.075 2.625 3.2647e-03
-5.075 2.675 6.7043e-03
-5.075 2.725 1.3813e-02
-5.075 2.775 2.8564e-02
-5.075 2.825 5.9304e-02
-5.075 2.875 1.2366e-01
-5.075 2.925 2.5909e-01
-5.075 2.975 5.4558e-01
-5.075 3.025 1.1550e+00
-5.075 3.075 2.4587e+00
-5.075 3.125 5.2632e+00
-5.075 3.175 1.1328e+01
-5.075 3.225 2.4503e+01
-5.075 3.275 5.3222e+01
-5.075 3.325 1.1592e+02
-5.075 3.375 2.5275e+02
-5.075 3.425 5.5047e+02
-5.075 3.475 1.1952e+03
-5.075 3.525 2.5842e+03
-5.075 3.575 5.5694e+03
-5.075 3.625 1.2006e+04
-5.075 3.675 2.6012e+04
-5.075 3.725 5.6782e+04
-5.075 3.775 1.2390e+05
-5.075 3.825 2.5125e+05
-5.075 3.875 0.0000e+00
-5.075 3.925 0.0000e+00
-5.075 3.975 0.0000e+00
-5.025 -1.975 0.0000e+00
-5.025 -1.925 0.0000e+00
-5.025 -1.875 0.0000e+00
-5.025 -1.825 0.0000e+00
-5.025 -1.775 0.0000e+00
-5.025 -1.725 0.0000e+00
-5.025 -1.675 0.0000e+00
-5.025 -1.625 0.0000e+00
-5.025 -1.575 0.0000e+00
-5.025 -1.525 0.0000e+00
-5.025 -1.475 0.0000e+00
-5.025 -1.425 0.0000e+00
-5.025 -1.375 0.0000e+00
-5.025 -1.325 0.0000e+00
-5.025 -1.275 0.0000e+00
-5.025 -1.225 0.0000e+00
-5.025 -1.175 0.0000e+00
-5.025 -1.125 0.0000e+00
-5.025 -1.075 0.0000e+00
-5.025 -1.025 0.0000e+00
-5.025 -0.975 0.0000e+00
-5.025 -0.925 0.0000e+00
-5.025 -0.875 0.0000e+00
-5.025 -0.825 0.0000e+00
-5.025 -0.775 0.0000e+00
-5.025 -0.725 0.0000e+00
-5.025 -0.675 0.0000e+00
-5.025 -0.625 0.0000e+00
-5.025 -0.575 0.0000e+00
-5.025 -0.525 0.0000e+00
-5.025 -0.475 0.0000e+00
-5.025 -0.425 0.0000e+00
-5.025 -0.375 0.0000e+00
-5.025 -0.325 0.0000e+00
-5.025 -0.275 0.0000e+00
-5.025 -0.225 0.0000e+00
-5.025 -0.175 0.0000e+00
-5.025 -0.125 0.0000e+00
-5.025 -0.075 0.0000e+00
-5.025 -0.025 0.0000e+00
-5.025 0.025 0.0000e+00
-5.025 0.075 0.0000e+00
-5.025 0.125 0.0000e+00
-5.025 0.175 0.0000e+00
-5.025 0.225 0.0000e+00
-5.025 0.275 0.0000e+00
-5.025 0.325 0.0000e+00
-5.025 0.375 0.0000e+00
-5.025 0.425 0.0000e+00
-5.025 0.475 0.0000e+00
-5.025 0.525 0.0000e+00
-5.025 0.575 0.0000e+00
-5.025 0.625 0.0000e+00
-5.025 0.675 0.0000e+00
-5.025 0.725 0.0000e+00
-5.025 0.775 0.0000e+00
-5.025 0.825 0.0000e+00
-5.025 0.875 0.0000e+00
-5.025 0.925 2.0478e-13
-5.025 0.975 4.0883e-13
-5.025 1.025 8.1627e-13
-5.025 1.075 1.6299e-12
-5.025 1.125 3.2548e-12
-5.025 1.175 6.5003e-12
-5.025 1.225 1.2984e-11
-5.025 1.275 2.5936e-11
-5.025 1.325 5.1819e-11
-5.025 1.375 1.0355e-10
-5.025 1.425 2.0695e-10
-5.025 1.475 4.1369e-10
-5.025 1.525 8.2717e-10
-5.025 1.575 1.6543e-09
-5.025 1.625 3.3096e-09
-5.025 1.675 6.6232e-09
-5.025 1.725 1.3259e-08
-5.025 1.775 2.6555e-08
-5.025 1.825 5.3207e-08
-5.025 1.875 1.0666e-07
-5.025 1.925 2.1395e-07
-5.025 1.975 4.2942e-07
-5.025 2.025 8.6252e-07
-5.025 2.075 1.7338e-06
-5.025 2.125 3.4884e-06
-5.025 2.175 7.0258e-06
-5.025 2.225 1.4166e-05
-5.025 2.275 2.8599e-05
-5.025 2.325 5.7818e-05
-5.025 2.375 1.1708e-04
-5.025 2.425 2.3748e-04
-5.025 2.475 4.8267e-04
-5.025 2.525 9.8315e-04
-5.025 2.575 2.0075e-03
-5.025 2.625 4.1101e-03
-5.025 2.675 8.4402e-03
-5.025 2.725 1.7390e-02
-5.025 2.775 3.5960e-02
-5.025 2.825 7.4660e-02
-5.025 2.875 1.5569e-01
-5.025 2.925 3.2618e-01
-5.025 2.975 6.8684e-01
-5.025 3.025 1.4540e+00
-5.025 3.075 3.0953e+00
-5.025 3.125 6.6260e+00
-5.025 3.175 1.4262e+01
-5.025 3.225 3.0849e+01
-5.025 3.275 6.7005e+01
-5.025 3.325 1.4595e+02
-5.025 3.375 3.1822e+02
-5.025 3.425 6.9307e+02
-5.025 3.475 1.5048e+03
-5.025 3.525 3.2538e+03
-5.025 3.575 7.0130e+03
-5.025 3.625 1.5118e+04
-5.025 3.675 3.2752e+04
-5.025 3.725 7.1484e+04
-5.025 3.775 1.5594e+05
-5.025 3.825 3.1607e+05
-5.025 3.875 0.0000e+00
-5.025 3.925 0.0000e+00
-5.025 3.975 0.0000e+00
-4.975 -1.975 0.0000e+00
-4.975 -1.925 0.0000e+00
-4.975 -1.875 0.0000e+00
-4.975 -1.825 0.0000e+00
-4.975 -1.775 0.0000e+00
-4.975 -1.725 0.0000e+00
-4.975 -1.675 0.0000e+00
-4.975 -1.625 0.0000e+00
-4.975 -1.575 0.0000e+00
-4.975 -1.525 0.0000e+00
-4.975 -1.475 0.0000e+00
-4.975 -1.425 0.0000e+00
-4.975 -1.375 0.0000e+00
-4.975 -1.325 0.0000e+00
-4.975 -1.275 0.0000e+00
-4.975 -1.225 0.0000e+00
-4.975 -1.175 0.0000e+00
-4.975 -1.125 0.0000e+00
-4.975 -1.075 0.0000e+00
-4.975 -1.025 0.0000e+00
-4.975 -0.975 0.0000e+00
-4.975 -0.925 0.0000e+00
-4.975 -0.875 0.0000e+00
-4.975 -0.825 0.0000e+00
-4.975 -0.775 0.0000e+00
-4.975 -0.725 0.0000e+00
-4.975 -0.675 0.0000e+00
-4.975 -0.625 0.0000e+00
-4.975 -0.575 0.0000e+00
-4.975 -0.525 0.0000e+00
-4.975 -0.475 0.0000e+00
-4.975 -0.425 0.0000e+00
-4.975 -0.375 0.0000e+00
-4.975 -0.325 0.0000e+00
-4.975 -0.275 0.0000e+00
-4.975 -0.225 0.0000e+00
-4.975 -0.175 0.0000e+00
-4.975 -0.125 0.0000e+00
-4.975 -0.075 0.0000e+00
-4.975 -0.025 0.0000e+00
-4.975 0.025 0.0000e+00
-4.975 0.075 0.0000e+00
-4.975 0.125 0.0000e+00
-4.975 0.175 0.0000e+00
-4.975 0.225 0.0000e+00
-4.975 0.275 0.0000e+00
-4.975 0.325 0.0000e+00
-4.975 0.375 0.0000e+00
-4.975 0.425 0.0000e+00
-4.975 0.475 0.0000e+00
-4.975 0.525 0.0000e+00
-4.975 0.575 0.0000e+00
-4.975 0.625 0.0000e+00
-4.975 0.675 0.0000e+00
-4.975 0.725 0.0000e+00
-4.975 0.775 0.0000e+00
-4.975 0.825 0.0000e+00
-4.975 0.875 0.0000e+00
-4.975 0.925 2.5780e-13
-4.975 0.975 5.1469e-13
-4.975 1.025 1.0276e-12
-4.975 1.075 2.0519e-12
-4.975 1.125 4.0975e-12
-4.975 1.175 8.1834e-12
-4.975 1.225 1.6345e-11
-4.975 1.275 3.2652e-11
-4.975 1.325 6.5236e-11
-4.975 1.375 1.3036e-10
-4.975 1.425 2.6053e-10
-4.975 1.475 5.2081e-10
-4.975 1.525 1.0413e-09
-4.975 1.575 2.0827e-09
-4.975 1.625 4.1665e-09
-4.975 1.675 8.3381e-09
-4.975 1.725 1.6692e-08
-4.975 1.775 3.3431e-08
-4.975 1.825 6.6984e-08
-4.975 1.875 1.3428e-07
-4.975 1.925 2.6935e-07
-4.975 1.975 5.4061e-07
-4.975 2.025 1.0858e-06
-4.975 2.075 2.1827e-06
-4.975 2.125 4.3917e-06
-4.975 2.175 8.8449e-06
-4.975 2.225 1.7834e-05
-4.975 2.275 3.6004e-05
-4.975 2.325 7.2789e-05
-4.975 2.375 1.4739e-04
-4.975 2.425 2.9897e-04
-4.975 2.475 6.0765e-04
-4.975 2.525 1.2377e-03
-4.975 2.575 2.5272e-03
-4.975 2.625 5.1743e-03
-4.975 2.675 1.0626e-02
-4.975 2.725 2.1893e-02
-4.975 2.775 4.5272e-02
-4.975 2.825 9.3992e-02
-4.975 2.875 1.9600e-01
-4.975 2.925 4.1064e-01
-4.975 2.975 8.6469e-01
-4.975 3.025 1.8306e+00
-4.975 3.075 3.8968e+00
-4.975 3.125 8.3419e+00
-4.975 3.175 1.7955e+01
-4.975 3.225 3.8838e+01
-4.975 3.275 8.4359e+01
-4.975 3.325 1.8375e+02
-4.975 3.375 4.0065e+02
-4.975 3.425 8.7263e+02
-4.975 3.475 1.8948e+03
-4.975 3.525 4.0973e+03
-4.975 3.575 8.8311e+03
-4.975 3.625 1.9037e+04
-4.975 3.675 4.1241e+04
-4.975 3.725 8.9992e+04
-4.975 3.775 1.9624e+05
-4.975 3.825 3.9751e+05
-4.975 3.875 0.0000e+00
-4.975 3.925 0.0000e+00
-4.975 3.975 0.0000e+00
-4.925 -1.975 0.0000e+00
-4.925 -1.925 0.0000e+00
-4.925 -1.875 0.0000e+00
-4.925 -1.825 0.0000e+00
-4.925 -1.775 0.0000e+00
-4.925 -1.725 0.0000e+00
-4.925 -1.675 0.0000e+00
-4.925 -1.625 0.0000e+00
-4.925 -1.575 0.0000e+00
-4.925 -1.525 0.0000e+00
-4.925 -1.475 0.0000e+00
-4.925 -1.425 0.0000e+00
-4.925 -1.375 0.0000e+00
-4.925 -1.325 0.0000e+00
-4.925 -1.275 0.0000e+00
-4.925 -1.225 0.0000e+00
-4.925 -1.175 0.0000e+00
-4.925 -1.125 0.0000e+00
-4.925 -1.075 0.0000e+00
-4.925 -1.025 0.0000e+00
-4.925 -0.975 0.0000e+00
-4.925 -0.925 0.0000e+00
-4.925 -0.875 0.0000e+00
-4.925 -0.825 0.0000e+00
-4.925 -0.775 0.0000e+00
-4.925 -0.725 0.0000e+00
-4.925 -0.675 0.0000e+00
-4.925 -0.625 0.0000e+00
-4.925 -0.575 0.0000e+00
-4.925 -0.525 0.0000e+00
-4.925 -0.475 0.0000e+00
-4.925 -0.425 0.0000e+00
-4.925 -0.375 0.0000e+00
-4.925 -0.325 0.0000e+00
-4.925 -0.275 0.0000e+00
-4.925 -0.225 0.0000e+00
-4.925 -0.175 0.0000e+00
-4.925 -0.125 0.0000e+00
-4.925 -0.075 0.0000e+00
-4.925 -0.025 0.0000e+00
-4.925 0.025 0.0000e+00
-4.925 0.075 0.0000e+00
-4.925 0.125 0.0000e+00
-4.925 0.175 0.0000e+00
-4.925 0.225 0.0000e+00
-4.925 0.275 0.0000e+00
-4.925 0.325 0.0000e+00
-4.925 0.375 0.0000e+00
-4.925 0.425 0.0000e+00
-4.925 0.475 0.0000e+00
-4.925 0.525 0.0000e+00
-4.925 0.575 0.0000e+00
-4.925 0.625 0.0000e+00
-4.925 0.675 0.0000e+00
-4.925 0.725 0.0000e+00
-4.925 0.775 0.0000e+00
-4.925 0.825 0.0000e+00
-4.925 0.875 0.0000e+00
-4.925 0.925 3.2455e-13
-4.925 0.975 6.4795e-13
-4.925 1.025 1.2937e-12
-4.925 1.075 2.5832e-12
-4.925 1.125 5.1585e-12
-4.925 1.175 1.0302e-11
-4.925 1.225 2.0577e-11
-4.925 1.275 4.1106e-11
-4.925 1.325 8.2127e-11
-4.925 1.375 1.6411e-10
-4.925 1.425 3.2799e-10
-4.925 1.475 6.5566e-10
-4.925 1.525 1.3110e-09
-4.925 1.575 2.6219e-09
-4.925 1.625 5.2454e-09
-4.925 1.675 1.0497e-08
-4.925 1.725 2.1015e-08
-4.925 1.775 4.2087e-08
-4.925 1.825 8.4328e-08
-4.925 1.875 1.6905e-07
-4.925 1.925 3.3909e-07
-4.925 1.975 6.8059e-07
-4.925 2.025 1.3670e-06
-4.925 2.075 2.7479e-06
-4.925 2.125 5.5288e-06
-4.925 2.175 1.1135e-05
-4.925 2.225 2.2452e-05
-4.925 2.275 4.5326e-05
-4.925 2.325 9.1636e-05
-4.925 2.375 1.8555e-04
-4.925 2.425 3.7638e-04
-4.925 2.475 7.6498e-04
-4.925 2.525 1.5582e-03
-4.925 2.575 3.1816e-03
-4.925 2.625 6.5140e-03
-4.925 2.675 1.3377e-02
-4.925 2.725 2.7561e-02
-4.925 2.775 5.6994e-02
-4.925 2.825 1.1833e-01
-4.925 2.875 2.4675e-01
-4.925 2.925 5.1697e-01
-4.925 2.975 1.0886e+00
-4.925 3.025 2.3046e+00
-4.925 3.075 4.9059e+00
-4.925 3.125 1.0502e+01
-4.925 3.175 2.2604e+01
-4.925 3.225 4.8896e+01
-4.925 3.275 1.0621e+02
-4.925 3.325 2.3135e+02
-4.925 3.375 5.0445e+02
-4.925 3.425 1.0988e+03
-4.925 3.475 2.3859e+03
-4.925 3.525 5.1596e+03
-4.925 3.575 1.1121e+04
-4.925 3.625 2.3975e+04
-4.925 3.675 5.1932e+04
-4.925 3.725 1.1329e+05
-4.925 3.775 2.4693e+05
-4.925 3.825 4.9983e+05
-4.925 3.875 0.0000e+00
-4.925 3.925 0.0000e+00
-4.925 3.975 0.0000e+00
-4.875 -1.975 0.0000e+00
-4.875 -1.925 0.0000e+00
-4.875 -1.875 0.0000e+00
-4.875 -1.825 0.0000e+00
-4.875 -1.775 0.0000e+00
-4.875 -1.725 0.0000e+00
-4.875 -1.675 0.0000e+00
-4.875 -1.625 0.0000e+00
-4.875 -1.575 0.0000e+00
-4.875 -1.525 0.0000e+00
-4.875 -1.475 0.0000e+00
-4.875 -1.425 0.0000e+00
-4.875 -1.375 0.0000e+00
-4.875 -1.325 0.0000e+00
-4.875 -1.275 0.0000e+00
-4.875 -1.225 0.0000e+00
-4.875 -1.175 0.0000e+00
-4.875 -1.125 0.0000e+00
-4.875 -1.075 0.0000e+00
-4.875 -1.025 0.0000e+00
-4.875 -0.975 0.0000e+00
-4.875 -0.925 0.0000e+00
-4.875 -0.875 0.0000e+00
-4.875 -0.825 0.0000e+00
-4.875 -0.775 0.0000e+00
-4.875 -0.725 0.0000e+00
-4.875 -0.675 0.0000e+00
-4.875 -0.625 0.0000e+00
-4.875 -0.575 0.0000e+00
-4.875 -0.525 0.0000e+00
-4.875 -0.475 0.0000e+00
-4.875 -0.425 0.0000e+00
-4.875 -0.375 0.0000e+00
-4.875 -0.325 0.0000e+00
-4.875 -0.275 0.0000e+00
-4.875 -0.225 0.0000e+00
-4.875 -0.175 0.0000e+00
-4.875 -0.125 0.0000e+00
-4.875 -0.075 0.0000e+00
-4.875 -0.025 0.0000e+00
-4.875 0.025 0.0000e+00
-4.875 0.075 0.0000e+00
-4.875 0.125 0.0000e+00
-4.875 0.175 0.0000e+00
-4.875 0.225 0.0000e+00
-4.875 0.275 0.0000e+00
-4.875 0.325 0.0000e+00
-4.875 0.375 0.0000e+00
-4.875 0.425 0.0000e+00
-4.875 0.475 0.0000e+00
-4.875 0.525 0.0000e+00
-4.875 0.575 0.0000e+00
-4.875 0.625 0.0000e+00
-4.875 0.675 0.0000e+00
-4.875 0.725 0.0000e+00
-4.875 0.775 0.0000e+00
-4.875 0.825 0.0000e+00
-4.875 0.875 0.0000e+00
-4.875 0.925 4.0859e-13
-4.875 0.975 8.1572e-13
-4.875 1.025 1.6287e-12
-4.875 1.075 3.2521e-12
-4.875 1.125 6.4942e-12
-4.875 1.175 1.2970e-11
-4.875 1.225 2.5906e-11
-4.875 1.275 5.1750e-11
-4.875 1.325 1.0339e-10
-4.875 1.375 2.0660e-10
-4.875 1.425 4.1292e-10
-4.875 1.475 8.2543e-10
-4.875 1.525 1.6504e-09
-4.875 1.575 3.3008e-09
-4.875 1.625 6.6035e-09
-4.875 1.675 1.3215e-08
-4.875 1.725 2.6456e-08
-4.875 1.775 5.2984e-08
-4.875 1.825 1.0616e-07
-4.875 1.875 2.1282e-07
-4.875 1.925 4.2689e-07
-4.875 1.975 8.5681e-07
-4.875 2.025 1.7210e-06
-4.875 2.075 3.4594e-06
-4.875 2.125 6.9603e-06
-4.875 2.175 1.4018e-05
-4.875 2.225 2.8265e-05
-4.875 2.275 5.7062e-05
-4.875 2.325 1.1536e-04
-4.875 2.375 2.3360e-04
-4.875 2.425 4.7384e-04
-4.875 2.475 9.6305e-04
-4.875 2.525 1.9616e-03
-4.875 2.575 4.0054e-03
-4.875 2.625 8.2007e-03
-4.875 2.675 1.6841e-02
-4.875 2.725 3.4698e-02
-4.875 2.775 7.1751e-02
-4.875 2.825 1.4897e-01
-4.875 2.875 3.1064e-01
-4.875 2.925 6.5083e-01
-4.875 2.975 1.3705e+00
-4.875 3.025 2.9013e+00
-4.875 3.075 6.1763e+00
-4.875 3.125 1.3222e+01
-4.875 3.175 2.8459e+01
-4.875 3.225 6.1560e+01
-4.875 3.275 1.3372e+02
-4.875 3.325 2.9128e+02
-4.875 3.375 6.3516e+02
-4.875 3.425 1.3835e+03
-4.875 3.475 3.0045e+03
-4.875 3.525 6.4978e+03
-4.875 3.575 1.4007e+04
-4.875 3.625 3.0195e+04
-4.875 3.675 6.5399e+04
-4.875 3.725 1.4263e+05
-4.875 3.775 3.1068e+05
-4.875 3.825 6.2827e+05
-4.875 3.875 0.0000e+00
-4.875 3.925 0.0000e+00
-4.875 3.975 0.0000e+00
-4.825 -1.975 0.0000e+00
-4.825 -1.925 0.0000e+00
-4.825 -1.875 0.0000e+00
-4.825 -1.825 0.0000e+00
-4.825 -1.775 0.0000e+00
-4.825 -1.725 0.0000e+00
-4.825 -1.675 0.0000e+00
-4.825 -1.625 0.0000e+00
-4.825 -1.575 0.0000e+00
-4.825 -1.525 0.0000e+00
-4.825 -1.475 0.0000e+00
-4.825 -1.425 0.0000e+00
-4.825 -1.375 0.0000e+00
-4.825 -1.325 0.0000e+00
-4.825 -1.275 0.0000e+00
-4.825 -1.225 0.0000e+00
-4.825 -1.175 0.0000e+00
-4.825 -1.125 0.0000e+00
-4.825 -1.075 0.0000e+00
-4.825 -1.025 0.0000e+00
-4.825 -0.975 0.0000e+00
-4.825 -0.925 0.0000e+00
-4.825 -0.875 0.0000e+00
-4.825 -0.825 0.0000e+00
-4.825 -0.775 0.0000e+00
-4.825 -0.725 0.0000e+00
-4.825 -0.675 0.0000e+00
-4.825 -0.625 0.0000e+00
-4.825 -0.575 0.0000e+00
-4.825 -0.525 0.0000e+00
-4.825 -0.475 0.0000e+00
-4.825 -0.425 0.0000e+00
-4.825 -0.375 0.0000e+00
-4.825 -0.325 0.0000e+00
-4.825 -0.275 0.0000e+00
-4.825 -0.225 0.0000e+00
-4.825 -0.175 0.0000e+00
-4.825 -0.125 0.0000e+00
-4.825 -0.075 0.0000e+00
-4.825 -0.025 0.0000e+00
-4.825 0.025 0.0000e+00
-4.825 0.075 0.0000e+00
-4.825 0.125 0.0000e+00
-4.825 0.175 0.0000e+00
-4.825 0.225 0.0000e+00
-4.825 0.275 0.0000e+00
-4.825 0.325 0.0000e+00
-4.825 0.375 0.0000e+00
-4.825 0.425 0.0000e+00
-4.825 0.475 0.0000e+00
-4.825 0.525 0.0000e+00
-4.825 0.575 0.0000e+00
-4.825 0.625 0.0000e+00
-4.825 0.675 0.0000e+00
-4.825 0.725 0.0000e+00
-4.825 0.775 0.0000e+00
-4.825 0.825 0.0000e+00
-4.825 0.875 0.0000e+00
-4.825 0.925 5.1438e-13
-4.825 0.975 1.0269e-12
-4.825 1.025 2.0504e-12
-4.825 1.075 4.0941e-12
-4.825 1.125 8.1757e-12
-4.825 1.175 1.6328e-11
-4.825 1.225 3.2613e-11
-4.825 1.275 6.5149e-11
-4.825 1.325 1.3016e-10
-4.825 1.375 2.6010e-10
-4.825 1.425 5.1983e-10
-4.825 1.475 1.0392e-09
-4.825 1.525 2.0778e-09
-4.825 1.575 4.1555e-09
-4.825 1.625 8.3134e-09
-4.825 1.675 1.6637e-08
-4.825 1.725 3.3306e-08
-4.825 1.775 6.6703e-08
-4.825 1.825 1.3365e-07
-4.825 1.875 2.6793e-07
-4.825 1.925 5.3742e-07
-4.825 1.975 1.0787e-06
-4.825 2.025 2.1666e-06
-4.825 2.075 4.3552e-06
-4.825 2.125 8.7625e-06
-4.825 2.175 1.7648e-05
-4.825 2.225 3.5583e-05
-4.825 2.275 7.1837e-05
-4.825 2.325 1.4523e-04
-4.825 2.375 2.9408e-04
-4.825 2.425 5.9653e-04
-4.825 2.475 1.2124e-03
-4.825 2.525 2.4696e-03
-4.825 2.575 5.0425e-03
-4.825 2.625 1.0324e-02
-4.825 2.675 2.1201e-02
-4.825 2.725 4.3682e-02
-4.825 2.775 9.0330e-02
-4.825 2.825 1.8754e-01
-4.825 2.875 3.9108e-01
-4.825 2.925 8.1936e-01
-4.825 2.975 1.7254e+00
-4.825 3.025 3.6527e+00
-4.825 3.075 7.7757e+00
-4.825 3.125 1.6646e+01
-4.825 3.175 3.5829e+01
-4.825 3.225 7.7506e+01
-4.825 3.275 1.6836e+02
-4.825 3.325 3.6675e+02
-4.825 3.375 7.9976e+02
-4.825 3.425 1.7422e+03
-4.825 3.475 3.7837e+03
-4.825 3.525 8.1838e+03
-4.825 3.575 1.7643e+04
-4.825 3.625 3.8034e+04
-4.825 3.675 8.2365e+04
-4.825 3.725 1.7955e+05
-4.825 3.775 3.9081e+05
-4.825 3.825 7.8940e+05
-4.825 3.875 0.0000e+00
-4.825 3.925 0.0000e+00
-4.825 3.975 0.0000e+00
-4.775 -1.975 0.0000e+00
-4.775 -1.925 0.0000e+00
-4.775 -1.875 0.0000e+00
-4.775 -1.825 0.0000e+00
-4.775 -1.775 0.0000e+00
-4.775 -1.725 0.0000e+00
-4.775 -1.675 0.0000e+00
-4.775 -1.625 0.0000e+00
-4.775 -1.575 0.0000e+00
-4.775 -1.525 0.0000e+00
-4.775 -1.475 0.0000e+00
-4.775 -1.425 0.0000e+00
-4.775 -1.375 0.0000e+00
-4.775 -1.325 0.0000e+00
-4.775 -1.275 0.0000e+00
-4.775 -1.225 0.0000e+00
-4.775 -1.175 0.0000e+00
-4.775 -1.125 0.0000e+00
-4.775 -1.075 0.0000e+00
-4.775 -1.025 0.0000e+00
-4.775 -0.975 0.0000e+00
-4.775 -0.925 0.0000e+00
-4.775 -0.875 0.0000e+00
-4.775 -0.825 0.0000e+00
-4.775 -0.775 0.0000e+00
-4.775 -0.725 0.0000e+00
-4.775 -0.675 0.0000e+00
-4.775 -0.625 0.0000e+00
-4.775 -0.575 0.0000e+00
-4.775 -0.525 0.0000e+00
-4.775 -0.475 0.0000e+00
-4.775 -0.425 0.0000e+00
-4.775 -0.375 0.0000e+00
-4.775 -0.325 0.0000e+00
-4.775 -0.275 0.0000e+00
-4.775 -0.225 0.0000e+00
-4.775 -0.175 0.0000e+00
-4.775 -0.125 0.0000e+00
-4.775 -0.075 0.0000e+00
-4.775 -0.025 0.0000e+00
-4.775 0.025 0.0000e+00
-4.775 0.075 0.0000e+00
-4.775 0.125 0.0000e+00
-4.775 0.175 0.0000e+00
-4.775 0.225 0.0000e+00
-4.775 0.275 0.0000e+00
-4.775 0.325 0.0000e+00
-4.775 0.375 0.0000e+00
-4.775 0.425 0.0000e+00
-4.775 0.475 0.0000e+00
-4.775 0.525 0.0000e+00
-4.775 0.575 0.0000e+00
-4.775 0.625 0.0000e+00
-4.775 0.675 0.0000e+00
-4.775 0.725 0.0000e+00
-4.775 0.775 0.0000e+00
-4.775 0.825 0.0000e+00
-4.775 0.875 0.0000e+00
-4.775 0.925 6.4757e-13
-4.775 0.975 1.2928e-12
-4.775 1.025 2.5813e-12
-4.775 1.075 5.1542e-12
-4.775 1.125 1.0293e-11
-4.775 1.175 2.0556e-11
-4.775 1.225 4.1057e-11
-4.775 1.275 8.2018e-11
-4.775 1.325 1.6386e-10
-4.775 1.375 3.2744e-10
-4.775 1.425 6.5443e-10
-4.775 1.475 1.3082e-09
-4.775 1.525 2.6157e-09
-4.775 1.575 5.2315e-09
-4.775 1.625 1.0466e-08
-4.775 1.675 2.0944e-08
-4.775 1.725 4.1930e-08
-4.775 1.775 8.3974e-08
-4.775 1.825 1.6826e-07
-4.775 1.875 3.3730e-07
-4.775 1.925 6.7657e-07
-4.775 1.975 1.3580e-06
-4.775 2.025 2.7275e-06
-4.775 2.075 5.4828e-06
-4.775 2.125 1.1031e-05
-4.775 2.175 2.2217e-05
-4.775 2.225 4.4797e-05
-4.775 2.275 9.0438e-05
-4.775 2.325 1.8284e-04
-4.775 2.375 3.7023e-04
-4.775 2.425 7.5099e-04
-4.775 2.475 1.5263e-03
-4.775 2.525 3.1090e-03
-4.775 2.575 6.3482e-03
-4.775 2.625 1.2997e-02
-4.775 2.675 2.6691e-02
-4.775 2.725 5.4993e-02
-4.775 2.775 1.1372e-01
-4.775 2.825 2.3610e-01
-4.775 2.875 4.9234e-01
-4.775 2.925 1.0315e+00
-4.775 2.975 2.1722e+00
-4.775 3.025 4.5986e+00
-4.775 3.075 9.7895e+00
-4.775 3.125 2.0957e+01
-4.775 3.175 4.5109e+01
-4.775 3.225 9.7583e+01
-4.775 3.275 2.1198e+02
-4.775 3.325 4.6179e+02
-4.775 3.375 1.0071e+03
-4.775 3.425 2.1940e+03
-4.775 3.475 4.7655e+03
-4.775 3.525 1.0308e+04
-4.775 3.575 2.2225e+04
-4.775 3.625 4.7913e+04
-4.775 3.675 1.0374e+05
-4.775 3.725 2.2604e+05
-4.775 3.775 4.9152e+05
-4.775 3.825 9.9136e+05
-4.775 3.875 0.0000e+00
-4.775 3.925 0.0000e+00
-4.775 3.975 0.0000e+00
-4.725 -1.975 0.0000e+00
-4.725 -1.925 0.0000e+00
-4.725 -1.875 0.0000e+00
-4.725 -1.825 0.0000e+00
-4.725 -1.775 0.0000e+00
-4.725 -1.725 0.0000e+00
-4.725 -1.675 0.0000e+00
-4.725 -1.625 0.0000e+00
-4.725 -1.575 0.0000e+00
-4.725 -1.525 0.0000e+00
-4.725 -1.475 0.0000e+00
-4.725 -1.425 0.0000e+00
-4.725 -1.375 0.0000e+00
-4.725 -1.325 0.0000e+00
-4.725 -1.275 0.0000e+00
-4.725 -1.225 0.0000e+00
-4.725 -1.175 0.0000e+00
-4.725 -1.125 0.0000e+00
-4.725 -1.075 0.0000e+00
-4.725 -1.025 0.0000e+00
-4.725 -0.975 0.0000e+00
-4.725 -0.925 0.0000e+00
-4.725 -0.875 0.0000e+00
-4.725 -0.825 0.0000e+00
-4.725 -0.775 0.0000e+00
-4.725 -0.725 0.0000e+00
-4.725 -0.675 0.0000e+00
-4.725 -0.625 0.0000e+00
-4.725 -0.575 0.0000e+00
-4.725 -0.525 0.0000e+00
-4.725 -0.475 0.0000e+00
-4.725 -0.425 0.0000e+00
-4.725 -0.375 0.0000e+00
-4.725 -0.325 0.0000e+00
-4.725 -0.275 0.0000e+00
-4.725 -0.225 0.0000e+00
-4.725 -0.175 0.0000e+00
-4.725 -0.125 0.0000e+00
-4.725 -0.075 0.0000e+00
-4.725 -0.025 0.0000e+00
-4.725 0.025 0.0000e+00
-4.725 0.075 0.0000e+00
-4.725 0.125 0.0000e+00
-4.725 0.175 0.0000e+00
-4.725 0.225 0.0000e+00
-4.725 0.275 0.0000e+00
-4.725 0.325 0.0000e+00
-4.725 0.375 0.0000e+00
-4.725 0.425 0.0000e+00
-4.725 0.475 0.0000e+00
-4.725 0.525 0.0000e+00
-4.725 0.575 0.0000e+00
-4.725 0.625 0.0000e+00
-4.725 0.675 0.0000e+00
-4.725 0.725 0.0000e+00
-4.725 0.775 0.0000e+00
-4.725 0.825 0.0000e+00
-4.725 0.875 0.0000e+00
-4.725 0.925 8.1524e-13
-4.725 0.975 1.6276e-12
-4.725 1.025 3.2496e-12
-4.725 1.075 6.4887e-12
-4.725 1.125 1.2958e-11
-4.725 1.175 2.5878e-11
-4.725 1.225 5.1688e-11
-4.725 1.275 1.0325e-10
-4.725 1.325 2.0629e-10
-4.725 1.375 4.1223e-10
-4.725 1.425 8.2388e-10
-4.725 1.475 1.6469e-09
-4.725 1.525 3.2930e-09
-4.725 1.575 6.5860e-09
-4.725 1.625 1.3176e-08
-4.725 1.675 2.6368e-08
-4.725 1.725 5.2786e-08
-4.725 1.775 1.0572e-07
-4.725 1.825 2.1182e-07
-4.725 1.875 4.2464e-07
-4.725 1.925 8.5175e-07
-4.725 1.975 1.7096e-06
-4.725 2.025 3.4338e-06
-4.725 2.075 6.9025e-06
-4.725 2.125 1.3888e-05
-4.725 2.175 2.7970e-05
-4.725 2.225 5.6396e-05
-4.725 2.275 1.1385e-04
-4.725 2.325 2.3018e-04
-4.725 2.375 4.6609e-04
-4.725 2.425 9.4544e-04
-4.725 2.475 1.9216e-03
-4.725 2.525 3.9140e-03
-4.725 2.575 7.9920e-03
-4.725 2.625 1.6363e-02
-4.725 2.675 3.3602e-02
-4.725 2.725 6.9232e-02
-4.725 2.775 1.4317e-01
-4.725 2.825 2.9724e-01
-4.725 2.875 6.1983e-01
-4.725 2.925 1.2986e+00
-4.725 2.975 2.7347e+00
-4.725 3.025 5.7895e+00
-4.725 3.075 1.2325e+01
-4.725 3.125 2.6385e+01
-4.725 3.175 5.6794e+01
-4.725 3.225 1.2286e+02
-4.725 3.275 2.6690e+02
-4.725 3.325 5.8148e+02
-4.725 3.375 1.2682e+03
-4.725 3.425 2.7632e+03
-4.725 3.475 6.0025e+03
-4.725 3.525 1.2986e+04
-4.725 3.575 2.8002e+04
-4.725 3.625 6.0368e+04
-4.725 3.675 1.3068e+05
-4.725 3.725 2.8455e+05
-4.725 3.775 6.1802e+05
-4.725 3.825 1.2442e+06
-4.725 3.875 0.0000e+00
-4.725 3.925 0.0000e+00
-4.725 3.975 0.0000e+00
-4.675 -1.975 0.0000e+00
-4.675 -1.925 0.0000e+00
-4.675 -1.875 0.0000e+00
-4.675 -1.825 0.0000e+00
-4.675 -1.775 0.0000e+00
-4.675 -1.725 0.0000e+00
-4.675 -1.675 0.0000e+00
-4.675 -1.625 0.0000e+00
-4.675 -1.575 0.0000e+00
-4.675 -1.525 0.0000e+00
-4.675 -1.475 0.0000e+00
-4.675 -1.425 0.0000e+00
-4.675 -1.375 0.0000e+00
-4.675 -1.325 0.0000e+00
-4.675 -1.275 0.0000e+00
-4.675 -1.225 0.0000e+00
-4.675 -1.175 0.0000e+00
-4.675 -1.125 0.0000e+00
-4.675 -1.075 0.0000e+00
-4.675 -1.025 0.0000e+00
-4.675 -0.975 0.0000e+00
-4.675 -0.925 0.0000e+00
-4.675 -0.875 0.0000e+00
-4.675 -0.825 0.0000e+00
-4.675 -0.775 0.0000e+00
-4.675 -0.725 0.0000e+00
-4.675 -0.675 0.0000e+00
-4.675 -0.625 0.0000e+00
-4.675 -0.575 0.0000e+00
-4.675 -0.525 0.0000e+00
-4.675 -0.475 0.0000e+00
-4.675 -0.425 0.0000e+00
-4.675 -0.375 0.0000e+00
-4.675 -0.325 0.0000e+00
-4.675 -0.275 0.0000e+00
-4.675 -0.225 0.0000e+00
-4.675 -0.175 0.0000e+00
-4.675 -0.125 0.0000e+00
-4.675 -0.075 0.0000e+00
-4.675 -0.025 0.0000e+00
-4.675 0.025 0.0000e+00
-4.675 0.075 0.0000e+00
-4.675 0.125 0.0000e+00
-4.675 0.175 0.0000e+00
-4.675 0.225 0.0000e+00
-4.675 0.275 0.0000e+00
-4.675 0.325 0.0000e+00
-4.675 0.375 0.0000e+00
-4.675 0.425 0.0000e+00
-4.675 0.475 0.0000e+00
-4.675 0.525 0.0000e+00
-4.675 0.575 0.0000e+00
-4.675 0.625 0.0000e+00
-4.675 0.675 0.0000e+00
-4.675 0.725 0.0000e+00
-4.675 0.775 0.0000e+00
-4.675 0.825 0.0000e+00
-4.675 0.875 0.0000e+00
-4.675 0.925 1.0263e-12
-4.675 0.975 2.0490e-12
-4.675 1.025 4.0910e-12
-4.675 1.075 8.1688e-12
-4.675 1.125 1.6313e-11
-4.675 1.175 3.2579e-11
-4.675 1.225 6.5072e-11
-4.675 1.275 1.2999e-10
-4.675 1.325 2.5971e-10
-4.675 1.375 5.1896e-10
-4.675 1.425 1.0372e-09
-4.675 1.475 2.0734e-09
-4.675 1.525 4.1457e-09
-4.675 1.575 8.2913e-09
-4.675 1.625 1.6587e-08
-4.675 1.675 3.3195e-08
-4.675 1.725 6.6454e-08
-4.675 1.775 1.3309e-07
-4.675 1.825 2.6667e-07
-4.675 1.875 5.3459e-07
-4.675 1.925 1.0723e-06
-4.675 1.975 2.1522e-06
-4.675 2.025 4.3228e-06
-4.675 2.075 8.6897e-06
-4.675 2.125 1.7484e-05
-4.675 2.175 3.5212e-05
-4.675 2.225 7.0998e-05
-4.675 2.275 1.4333e-04
-4.675 2.325 2.8978e-04
-4.675 2.375 5.8677e-04
-4.675 2.425 1.1902e-03
-4.675 2.475 2.4191e-03
-4.675 2.525 4.9275e-03
-4.675 2.575 1.0061e-02
-4.675 2.625 2.0600e-02
-4.675 2.675 4.2303e-02
-4.675 2.725 8.7159e-02
-4.675 2.775 1.8024e-01
-4.675 2.825 3.7421e-01
-4.675 2.875 7.8034e-01
-4.675 2.925 1.6349e+00
-4.675 2.975 3.4429e+00
-4.675 3.025 7.2888e+00
-4.675 3.075 1.5517e+01
-4.675 3.125 3.3219e+01
-4.675 3.175 7.1507e+01
-4.675 3.225 1.5470e+02
-4.675 3.275 3.3608e+02
-4.675 3.325 7.3224e+02
-4.675 3.375 1.5972e+03
-4.675 3.425 3.4804e+03
-4.675 3.475 7.5618e+03
-4.675 3.525 1.6363e+04
-4.675 3.575 3.5288e+04
-4.675 3.625 7.6076e+04
-4.675 3.675 1.6463e+05
-4.675 3.725 3.5819e+05
-4.675 3.775 7.7680e+05
-4.675 3.825 1.5603e+06
-4.675 3.875 0.0000e+00
-4.675 3.925 0.0000e+00
-4.675 3.975 0.0000e+00
-4.625 -1.975 0.0000e+00
-4.625 -1.925 0.0000e+00
-4.625 -1.875 0.0000e+00
-4.625 -1.825 0.0000e+00
-4.625 -1.775 0.0000e+00
-4.625 -1.725 0.0000e+00
-4.625 -1.675 0.0000e+00
-4.625 -1.625 0.0000e+00
-4.625 -1.575 0.0000e+00
-4.625 -1.525 0.0000e+00
-4.625 -1.475 0.0000e+00
-4.625 -1.425 0.0000e+00
-4.625 -1.375 0.0000e+00
-4.625 -1.325 0.0000e+00
-4.625 -1.275 0.0000e+00
-4.625 -1.225 0.0000e+00
-4.625 -1.175 0.0000e+00
-4.625 -1.125 0.0000e+00
-4.625 -1.075 0.0000e+00
-4.625 -1.025 0.0000e+00
-4.625 -0.975 0.0000e+00
-4.625 -0.925 0.0000e+00
-4.625 -0.875 0.0000e+00
-4.625 -0.825 0.0000e+00
-4.625 -0.775 0.0000e+00
-4.625 -0.725 0.0000e+00
-4.625 -0.675 0.0000e+00
-4.625 -0.625 0.0000e+00
-4.625 -0.575 0.0000e+00
-4.625 -0.525 0.0000e+00
-4.625 -0.475 0.0000e+00
-4.625 -0.425 0.0000e+00
-4.625 -0.375 0.0000e+00
-4.625 -0.325 0.0000e+00
-4.625 -0.275 0.0000e+00
-4.625 -0.225 0.0000e+00
-4.625 -0.175 0.0000e+00
-4.625 -0.125 0.0000e+00
-4.625 -0.075 0.0000e+00
-4.625 -0.025 0.0000e+00
-4.625 0.025 0.0000e+00
-4.625 0.075 0.0000e+00
-4.625 0.125 0.0000e+00
-4.625 0.175 0.0000e+00
-4.625 0.225 0.0000e+00
-4.625 0.275 0.0000e+00
-4.625 0.325 0.0000e+00
-4.625 0.375 0.0000e+00
-4.625 0.425 0.0000e+00
-4.625 0.475 0.0000e+00
-4.625 0.525 0.0000e+00
-4.625 0.575 0.0000e+00
-4.625 0.625 0.0000e+00
-4.625 0.675 0.0000e+00
-4.625 0.725 0.0000e+00
-4.625 0.775 0.0000e+00
-4.625 0.825 0.0000e+00
-4.625 0.875 0.0000e+00
-4.625 0.925 1.2921e-12
-4.625 0.975 2.5795e-12
-4.625 1.025 5.1503e-12
-4.625 1.075 1.0284e-11
-4.625 1.125 2.0536e-11
-4.625 1.175 4.1014e-11
-4.625 1.225 8.1920e-11
-4.625 1.275 1.6365e-10
-4.625 1.325 3.2695e-10
-4.625 1.375 6.5333e-10
-4.625 1.425 1.3058e-09
-4.625 1.475 2.6102e-09
-4.625 1.525 5.2191e-09
-4.625 1.575 1.0438e-08
-4.625 1.625 2.0882e-08
-4.625 1.675 4.1790e-08
-4.625 1.725 8.3660e-08
-4.625 1.775 1.6755e-07
-4.625 1.825 3.3572e-07
-4.625 1.875 6.7300e-07
-4.625 1.925 1.3499e-06
-4.625 1.975 2.7095e-06
-4.625 2.025 5.4421e-06
-4.625 2.075 1.0940e-05
-4.625 2.125 2.2011e-05
-4.625 2.175 4.4330e-05
-4.625 2.225 8.9382e-05
-4.625 2.275 1.8045e-04
-4.625 2.325 3.6481e-04
-4.625 2.375 7.3870e-04
-4.625 2.425 1.4984e-03
-4.625 2.475 3.0455e-03
-4.625 2.525 6.2034e-03
-4.625 2.575 1.2667e-02
-4.625 2.625 2.5934e-02
-4.625 2.675 5.3256e-02
-4.625 2.725 1.0973e-01
-4.625 2.775 2.2691e-01
-4.625 2.825 4.7111e-01
-4.625 2.875 9.8242e-01
-4.625 2.925 2.0583e+00
-4.625 2.975 4.3345e+00
-4.625 3.025 9.1766e+00
-4.625 3.075 1.9536e+01
-4.625 3.125 4.1825e+01
-4.625 3.175 9.0034e+01
-4.625 3.225 1.9479e+02
-4.625 3.275 4.2320e+02
-4.625 3.325 9.2214e+02
-4.625 3.375 2.0116e+03
-4.625 3.425 4.3843e+03
-4.625 3.475 9.5276e+03
-4.625 3.525 2.0621e+04
-4.625 3.575 4.4480e+04
-4.625 3.625 9.5892e+04
-4.625 3.675 2.0744e+05
-4.625 3.725 4.5086e+05
-4.625 3.775 9.7595e+05
-4.625 3.825 1.9547e+06
-4.625 3.875 0.0000e+00
-4.625 3.925 0.0000e+00
-4.625 3.975 0.0000e+00
-4.575 -1.975 0.0000e+00
-4.575 -1.925 0.0000e+00
-4.575 -1.875 0.0000e+00
-4.575 -1.825 0.0000e+00
-4.575 -1.775 0.0000e+00
-4.575 -1.725 0.0000e+00
-4.575 -1.675 0.0000e+00
-4.575 -1.625 0.0000e+00
-4.575 -1.575 0.0000e+00
-4.575 -1.525 0.0000e+00
-4.575 -1.475 0.0000e+00
-4.575 -1.425 0.0000e+00
-4.575 -1.375 0.0000e+00
-4.575 -1.325 0.0000e+00
-4.575 -1.275 0.0000e+00
-4.575 -1.225 0.0000e+00
-4.575 -1.175 0.0000e+00
-4.575 -1.125 0.0000e+00
-4.575 -1.075 0.0000e+00
-4.575 -1.025 0.0000e+00
-4.575 -0.975 0.0000e+00
-4.575 -0.925 0.0000e+00
-4.575 -0.875 0.0000e+00
-4.575 -0.825 0.0000e+00
-4.575 -0.775 0.0000e+00
-4.575 -0.725 0.0000e+00
-4.575 -0.675 0.0000e+00
-4.575 -0.625 0.0000e+00
-4.575 -0.575 0.0000e+00
-4.575 -0.525 0.0000e+00
-4.575 -0.475 0.0000e+00
-4.575 -0.425 0.0000e+00
-4.575 -0.375 0.0000e+00
-4.575 -0.325 0.0000e+00
-4.575 -0.275 0.0000e+00
-4.575 -0.225 0.0000e+00
-4.575 -0.175 0.0000e+00
-4.575 -0.125 0.0000e+00
-4.575 -0.075 0.0000e+00
-4.575 -0.025 0.0000e+00
-4.575 0.025 0.0000e+00
-4.575 0.075 0.0000e+00
-4.575 0.125 0.0000e+00
-4.575 0.175 0.0000e+00
-4.575 0.225 0.0000e+00
-4.575 0.275 0.0000e+00
-4.575 0.325 0.0000e+00
-4.575 0.375 0.0000e+00
-4.575 0.425 0.0000e+00
-4.575 0.475 0.0000e+00
-4.575 0.525 0.0000e+00
-4.575 0.575 0.0000e+00
-4.575 0.625 0.0000e+00
-4.575 0.675 0.0000e+00
-4.575 0.725 0.0000e+00
-4.575 0.775 0.0000e+00
-4.575 0.825 0.0000e+00
-4.575 0.875 0.0000e+00
-4.575 0.925 1.6266e-12
-4.575 0.975 3.2474e-12
-4.575 1.025 6.4838e-12
-4.575 1.075 1.2947e-11
-4.575 1.125 2.5854e-11
-4.575 1.175 5.1634e-11
-4.575 1.225 1.0313e-10
-4.575 1.275 2.0602e-10
-4.575 1.325 4.1161e-10
-4.575 1.375 8.2250e-10
-4.575 1.425 1.6439e-09
-4.575 1.475 3.2861e-09
-4.575 1.525 6.5705e-09
-4.575 1.575 1.3141e-08
-4.575 1.625 2.6289e-08
-4.575 1.675 5.2610e-08
-4.575 1.725 1.0532e-07
-4.575 1.775 2.1093e-07
-4.575 1.825 4.2264e-07
-4.575 1.875 8.4726e-07
-4.575 1.925 1.6995e-06
-4.575 1.975 3.4110e-06
-4.575 2.025 6.8513e-06
-4.575 2.075 1.3772e-05
-4.575 2.125 2.7710e-05
-4.575 2.175 5.5808e-05
-4.575 2.225 1.1253e-04
-4.575 2.275 2.2717e-04
-4.575 2.325 4.5927e-04
-4.575 2.375 9.2997e-04
-4.575 2.425 1.8864e-03
-4.575 2.475 3.8341e-03
-4.575 2.525 7.8096e-03
-4.575 2.575 1.5946e-02
-4.575 2.625 3.2649e-02
-4.575 2.675 6.7047e-02
-4.575 2.725 1.3814e-01
-4.575 2.775 2.8567e-01
-4.575 2.825 5.9311e-01
-4.575 2.875 1.2368e+00
-4.575 2.925 2.5914e+00
-4.575 2.975 5.4571e+00
-4.575 3.025 1.1554e+01
-4.575 3.075 2.4597e+01
-4.575 3.125 5.2661e+01
-4.575 3.175 1.1337e+02
-4.575 3.225 2.4528e+02
-4.575 3.275 5.3294e+02
-4.575 3.325 1.1614e+03
-4.575 3.375 2.5339e+03
-4.575 3.425 5.5237e+03
-4.575 3.475 1.2007e+04
-4.575 3.525 2.5994e+04
-4.575 3.575 5.6082e+04
-4.575 3.625 1.2090e+05
-4.575 3.675 2.6141e+05
-4.575 3.725 5.6745e+05
-4.575 3.775 1.2255e+06
-4.575 3.825 2.4457e+06
-4.575 3.875 0.0000e+00
-4.575 3.925 0.0000e+00
-4.575 3.975 0.0000e+00
-4.525 -1.975 0.0000e+00
-4.525 -1.925 0.0000e+00
-4.525 -1.875 0.0000e+00
-4.525 -1.825 0.0000e+00
-4.525 -1.775 0.0000e+00
-4.525 -1.725 0.0000e+00
-4.525 -1.675 0.0000e+00
-4.525 -1.625 0.0000e+00
-4.525 -1.575 0.0000e+00
-4.525 -1.525 0.0000e+00
-4.525 -1.475 0.0000e+00
-4.525 -1.425 0.0000e+00
-4.525 -1.375 0.0000e+00
-4.525 -1.325 0.0000e+00
-4.525 -1.275 0.0000e+00
-4.525 -1.225 0.0000e+00
-4.525 -1.175 0.0000e+00
-4.525 -1.125 0.0000e+00
-4.525 -1.075 0.0000e+00
-4.525 -1.025 0.0000e+00
-4.525 -0.975 0.0000e+00
-4.525 -0.925 0.0000e+00
-4.525 -0.875 0.0000e+00
-4.525 -0.825 0.0000e+00
-4.525 -0.775 0.0000e+00
-4.525 -0.725 0.0000e+00
-4.525 -0.675 0.0000e+00
-4.525 -0.625 0.0000e+00
-4.525 -0.575 0.0000e+00
-4.525 -0.525 0.0000e+00
-4.525 -0.475 0.0000e+00
-4.525 -0.425 0.0000e+00
-4.525 -0.375 0.0000e+00
-4.525 -0.325 0.0000e+00
-4.525 -0.275 0.0000e+00
-4.525 -0.225 0.0000e+00
-4.525 -0.175 0.0000e+00
-4.525 -0.125 0.0000e+00
-4.525 -0.075 0.0000e+00
-4.525 -0.025 0.0000e+00
-4.525 0.025 0.0000e+00
-4.525 0.075 0.0000e+00
-4.525 0.125 0.0000e+00
-4.525 0.175 0.0000e+00
-4.525 0.225 0.0000e+00
-4.525 0.275 0.0000e+00
-4.525 0.325 0.0000e+00
-4.525 0.375 0.0000e+00
-4.525 0.425 0.0000e+00
-4.525 0.475 0.0000e+00
-4.525 0.525 0.0000e+00
-4.525 0.575 0.0000e+00
-4.525 0.625 0.0000e+00
-4.525 0.675 0.0000e+00
-4.525 0.725 0.0000e+00
-4.525 0.775 0.0000e+00
-4.525 0.825 0.0000e+00
-4.525 0.875 0.0000e+00
-4.525 0.925 2.0478e-12
-4.525 0.975 4.0883e-12
-4.525 1.025 8.1627e-12
-4.525 1.075 1.6299e-11
-4.525 1.125 3.2548e-11
-4.525 1.175 6.5003e-11
-4.525 1.225 1.2984e-10
-4.525 1.275 2.5936e-10
-4.525 1.325 5.1819e-10
-4.525 1.375 1.0355e-09
-4.525 1.425 2.0695e-09
-4.525 1.475 4.1369e-09
-4.525 1.525 8.2717e-09
-4.525 1.575 1.6543e-08
-4.525 1.625 3.3096e-08
-4.525 1.675 6.6232e-08
-4.525 1.725 1.3259e-07
-4.525 1.775 2.6555e-07
-4.525 1.825 5.3207e-07
-4.525 1.875 1.0666e-06
-4.525 1.925 2.1395e-06
-4.525 1.975 4.2942e-06
-4.525 2.025 8.6252e-06
-4.525 2.075 1.7338e-05
-4.525 2.125 3.4884e-05
-4.525 2.175 7.0258e-05
-4.525 2.225 1.4166e-04
-4.525 2.275 2.8599e-04
-4.525 2.325 5.7819e-04
-4.525 2.375 1.1708e-03
-4.525 2.425 2.3749e-03
-4.525 2.475 4.8268e-03
-4.525 2.525 9.8318e-03
-4.525 2.575 2.0075e-02
-4.525 2.625 4.1103e-02
-4.525 2.675 8.4408e-02
-4.525 2.725 1.7391e-01
-4.525 2.775 3.5964e-01
-4.525 2.825 7.4671e-01
-4.525 2.875 1.5571e+00
-4.525 2.925 3.2626e+00
-4.525 2.975 6.8706e+00
-4.525 3.025 1.4546e+01
-4.525 3.075 3.0970e+01
-4.525 3.125 6.6307e+01
-4.525 3.175 1.4275e+02
-4.525 3.225 3.0888e+02
-4.525 3.275 6.7120e+02
-4.525 3.325 1.4629e+03
-4.525 3.375 3.1923e+03
-4.525 3.425 6.9606e+03
-4.525 3.475 1.5135e+04
-4.525 3.525 3.2777e+04
-4.525 3.575 7.0734e+04
-4.525 3.625 1.5249e+05
-4.525 3.675 3.2949e+05
-4.525 3.725 7.1408e+05
-4.525 3.775 1.5376e+06
-4.525 3.825 3.0551e+06
-4.525 3.875 0.0000e+00
-4.525 3.925 0.0000e+00
-4.525 3.975 0.0000e+00
-4.475 -1.975 0.0000e+00
-4.475 -1.925 0.0000e+00
-4.475 -1.875 0.0000e+00
-4.475 -1.825 0.0000e+00
-4.475 -1.775 0.0000e+00
-4.475 -1.725 0.0000e+00
-4.475 -1.675 0.0000e+00
-4.475 -1.625 0.0000e+00
-4.475 -1.575 0.0000e+00
-4.475 -1.525 0.0000e+00
-4.475 -1.475 0.0000e+00
-4.475 -1.425 0.0000e+00
-4.475 -1.375 0.0000e+00
-4.475 -1.325 0.0000e+00
-4.475 -1.275 0.0000e+00
-4.475 -1.225 0.0000e+00
-4.475 -1.175 0.0000e+00
-4.475 -1.125 0.0000e+00
-4.475 -1.075 0.0000e+00
-4.475 -1.025 0.0000e+00
-4.475 -0.975 0.0000e+00
-4.475 -0.925 0.0000e+00
-4.475 -0.875 0.0000e+00
-4.475 -0.825 0.0000e+00
-4.475 -0.775 0.0000e+00
-4.475 -0.725 0.0000e+00
-4.475 -0.675 0.0000e+00
-4.475 -0.625 0.0000e+00
-4.475 -0.575 0.0000e+00
-4.475 -0.525 0.0000e+00
-4.475 -0.475 0.0000e+00
-4.475 -0.425 0.0000e+00
-4.475 -0.375 0.0000e+00
-4.475 -0.325 0.0000e+00
-4.475 -0.275 0.0000e+00
-4.475 -0.225 0.0000e+00
-4.475 -0.175 0.0000e+00
-4.475 -0.125 0.0000e+00
-4.475 -0.075 0.0000e+00
-4.475 -0.025 0.0000e+00
-4.475 0.025 0.0000e+00
-4.475 0.075 0.0000e+00
-4.475 0.125 0.0000e+00
-4.475 0.175 0.0000e+00
-4.475 0.225 0.0000e+00
-4.475 0.275 0.0000e+00
-4.475 0.325 0.0000e+00
-4.475 0.375 0.0000e+00
-4.475 0.425 0.0000e+00
-4.475 0.475 0.0000e+00
-4.475 0.525 0.0000e+00
-4.475 0.575 0.0000e+00
-4.475 0.625 0.0000e+00
-4.475 0.675 0.0000e+00
-4.475 0.725 0.0000e+00
-4.475 0.775 0.0000e+00
-4.475 0.825 0.0000e+00
-4.475 0.875 0.0000e+00
-4.475 0.925 2.5780e-12
-4.475 0.975 5.1469e-12
-4.475 1.025 1.0276e-11
-4.475 1.075 2.0519e-11
-4.475 1.125 4.0975e-11
-4.475 1.175 8.1834e-11
-4.475 1.225 1.6345e-10
-4.475 1.275 3.2652e-10
-4.475 1.325 6.5236e-10
-4.475 1.375 1.3036e-09
-4.475 1.425 2.6053e-09
-4.475 1.475 5.2081e-09
-4.475 1.525 1.0413e-08
-4.475 1.575 2.0827e-08
-4.475 1.625 4.1665e-08
-4.475 1.675 8.3381e-08
-4.475 1.725 1.6692e-07
-4.475 1.775 3.3431e-07
-4.475 1.825 6.6984e-07
-4.475 1.875 1.3428e-06
-4.475 1.925 2.6935e-06
-4.475 1.975 5.4061e-06
-4.475 2.025 1.0859e-05
-4.475 2.075 2.1828e-05
-4.475 2.125 4.3917e-05
-4.475 2.175 8.8450e-05
-4.475 2.225 1.7834e-04
-4.475 2.275 3.6004e-04
-4.475 2.325 7.2790e-04
-4.475 2.375 1.4739e-03
-4.475 2.425 2.9898e-03
-4.475 2.475 6.0767e-03
-4.475 2.525 1.2378e-02
-4.475 2.575 2.5274e-02
-4.475 2.625 5.1746e-02
-4.475 2.675 1.0627e-01
-4.475 2.725 2.1895e-01
-4.475 2.775 4.5278e-01
-4.475 2.825 9.4009e-01
-4.475 2.875 1.9604e+00
-4.475 2.925 4.1076e+00
-4.475 2.975 8.6503e+00
-4.475 3.025 1.8315e+01
-4.475 3.075 3.8994e+01
-4.475 3.125 8.3493e+01
-4.475 3.175 1.7976e+02
-4.475 3.225 3.8899e+02
-4.475 3.275 8.4539e+02
-4.475 3.325 1.8428e+03
-4.475 3.375 4.0224e+03
-4.475 3.425 8.7732e+03
-4.475 3.475 1.9083e+04
-4.475 3.525 4.1344e+04
-4.475 3.575 8.9248e+04
-4.475 3.625 1.9239e+05
-4.475 3.675 4.1537e+05
-4.475 3.725 8.9838e+05
-4.475 3.775 1.9275e+06
-4.475 3.825 3.8088e+06
-4.475 3.875 0.0000e+00
-4.475 3.925 0.0000e+00
-4.475 3.975 0.0000e+00
-4.425 -1.975 0.0000e+00
-4.425 -1.925 0.0000e+00
-4.425 -1.875 0.0000e+00
-4.425 -1.825 0.0000e+00
-4.425 -1.775 0.0000e+00
-4.425 -1.725 0.0000e+00
-4.425 -1.675 0.0000e+00
-4.425 -1.625 0.0000e+00
-4.425 -1.575 0.0000e+00
-4.425 -1.525 0.0000e+00
-4.425 -1.475 0.0000e+00
-4.425 -1.425 0.0000e+00
-4.425 -1.375 0.0000e+00
-4.425 -1.325 0.0000e+00
-4.425 -1.275 0.0000e+00
-4.425 -1.225 0.0000e+00
-4.425 -1.175 0.0000e+00
-4.425 -1.125 0.0000e+00
-4.425 -1.075 0.0000e+00
-4.425 -1.025 0.0000e+00
-4.425 -0.975 0.0000e+00
-4.425 -0.925 0.0000e+00
-4.425 -0.875 0.0000e+00
-4.425 -0.825 0.0000e+00
-4.425 -0.775 0.0000e+00
-4.425 -0.725 0.0000e+00
-4.425 -0.675 0.0000e+00
-4.425 -0.625 0.0000e+00
-4.425 -0.575 0.0000e+00
-4.425 -0.525 0.0000e+00
-4.425 -0.475 0.0000e+00
-4.425 -0.425 0.0000e+00
-4.425 -0.375 0.0000e+00
-4.425 -0.325 0.0000e+00
-4.425 -0.275 0.0000e+00
-4.425 -0.225 0.0000e+00
-4.425 -0.175 0.0000e+00
-4.425 -0.125 0.0000e+00
-4.425 -0.075 0.0000e+00
-4.425 -0.025 0.0000e+00
-4.425 0.025 0.0000e+00
-4.425 0.075 0.0000e+00
-4.425 0.125 0.0000e+00
-4.425 0.175 0.0000e+00
-4.425 0.225 0.0000e+00
-4.425 0.275 0.0000e+00
-4.425 0.325 0.0000e+00
-4.425 0.375 0.0000e+00
-4.425 0.425 0.0000e+00
-4.425 0.475 0.0000e+00
-4.425 0.525 0.0000e+00
-4.425 0.575 0.0000e+00
-4.425 0.625 0.0000e+00
-4.425 0.675 0.0000e+00
-4.425 0.725 0.0000e+00
-4.425 0.775 0.0000e+00
-4.425 0.825 0.0000e+00
-4.425 0.875 0.0000e+00
-4.425 0.925 3.2455e-12
-4.425 0.975 6.4795e-12
-4.425 1.025 1.2937e-11
-4.425 1.075 2.5832e-11
-4.425 1.125 5.1585e-11
-4.425 1.175 1.0302e-10
-4.425 1.225 2.0577e-10
-4.425 1.275 4.1106e-10
-4.425 1.325 8.2127e-10
-4.425 1.375 1.6411e-09
-4.425 1.425 3.2799e-09
-4.425 1.475 6.5566e-09
-4.425 1.525 1.3110e-08
-4.425 1.575 2.6219e-08
-4.425 1.625 5.2454e-08
-4.425 1.675 1.0497e-07
-4.425 1.725 2.1015e-07
-4.425 1.775 4.2087e-07
-4.425 1.825 8.4328e-07
-4.425 1.875 1.6905e-06
-4.425 1.925 3.3909e-06
-4.425 1.975 6.8059e-06
-4.425 2.025 1.3670e-05
-4.425 2.075 2.7479e-05
-4.425 2.125 5.5288e-05
-4.425 2.175 1.1135e-04
-4.425 2.225 2.2452e-04
-4.425 2.275 4.5327e-04
-4.425 2.325 9.1638e-04
-4.425 2.375 1.8556e-03
-4.425 2.425 3.7640e-03
-4.425 2.475 7.6501e-03
-4.425 2.525 1.5583e-02
-4.425 2.575 3.1818e-02
-4.425 2.625 6.5146e-02
-4.425 2.675 1.3378e-01
-4.425 2.725 2.7565e-01
-4.425 2.775 5.7004e-01
-4.425 2.825 1.1836e+00
-4.425 2.875 2.4682e+00
-4.425 2.925 5.1717e+00
-4.425 2.975 1.0891e+01
-4.425 3.025 2.3061e+01
-4.425 3.075 4.9100e+01
-4.425 3.125 1.0514e+02
-4.425 3.175 2.2638e+02
-4.425 3.225 4.8993e+02
-4.425 3.275 1.0649e+03
-4.425 3.325 2.3218e+03
-4.425 3.375 5.0693e+03
-4.425 3.425 1.1061e+04
-4.425 3.475 2.4069e+04
-4.425 3.525 5.2171e+04
-4.425 3.575 1.1266e+05
-4.425 3.625 2.4282e+05
-4.425 3.675 5.2370e+05
-4.425 3.725 1.1298e+06
-4.425 3.775 2.4131e+06
-4.425 3.825 4.7364e+06
-4.425 3.875 0.0000e+00
-4.425 3.925 0.0000e+00
-4.425 3.975 0.0000e+00
-4.375 -1.975 0.0000e+00
-4.375 -1.925 0.0000e+00
-4.375 -1.875 0.0000e+00
-4.375 -1.825 0.0000e+00
-4.375 -1.775 0.0000e+00
-4.375 -1.725 0.0000e+00
-4.375 -1.675 0.0000e+00
-4.375 -1.625 0.0000e+00
-4.375 -1.575 0.0000e+00
-4.375 -1.525 0.0000e+00
-4.375 -1.475 0.0000e+00
-4.375 -1.425 0.0000e+00
-4.375 -1.375 0.0000e+00
-4.375 -1.325 0.0000e+00
-4.375 -1.275 0.0000e+00
-4.375 -1.225 0.0000e+00
-4.375 -1.175 0.0000e+00
-4.375 -1.125 0.0000e+00
-4.375 -1.075 0.0000e+00
-4.375 -1.025 0.0000e+00
-4.375 -0.975 0.0000e+00
-4.375 -0.925 0.0000e+00
-4.375 -0.875 0.0000e+00
-4.375 -0.825 0.0000e+00
-4.375 -0.775 0.0000e+00
-4.375 -0.725 0.0000e+00
-4.375 -0.675 0.0000e+00
-4.375 -0.625 0.0000e+00
-4.375 -0.575 0.0000e+00
-4.375 -0.525 0.0000e+00
-4.375 -0.475 0.0000e+00
-4.375 -0.425 0.0000e+00
-4.375 -0.375 0.0000e+00
-4.375 -0.325 0.0000e+00
-4.375 -0.275 0.0000e+00
-4.375 -0.225 0.0000e+00
-4.375 -0.175 0.0000e+00
-4.375 -0.125 0.0000e+00
-4.375 -0.075 0.0000e+00
-4.375 -0.025 0.0000e+00
-4.375 0.025 0.0000e+00
-4.375 0.075 0.0000e+00
-4.375 0.125 0.0000e+00
-4.375 0.175 0.0000e+00
-4.375 0.225 0.0000e+00
-4.375 0.275 0.0000e+00
-4.375 0.325 0.0000e+00
-4.375 0.375 0.0000e+00
-4.375 0.425 0.0000e+00
-4.375 0.475 0.0000e+00
-4.375 0.525 0.0000e+00
-4.375 0.575 0.0000e+00
-4.375 0.625 0.0000e+00
-4.375 0.675 0.0000e+00
-4.375 0.725 0.0000e+00
-4.375 0.775 0.0000e+00
-4.375 0.825 0.0000e+00
-4.375 0.875 0.0000e+00
-4.375 0.925 4.0859e-12
-4.375 0.975 8.1572e-12
-4.375 1.025 1.6287e-11
-4.375 1.075 3.2521e-11
-4.375 1.125 6.4942e-11
-4.375 1.175 1.2970e-10
-4.375 1.225 2.5906e-10
-4.375 1.275 5.1750e-10
-4.375 1.325 1.0339e-09
-4.375 1.375 2.0660e-09
-4.375 1.425 4.1292e-09
-4.375 1.475 8.2543e-09
-4.375 1.525 1.6504e-08
-4.375 1.575 3.3008e-08
-4.375 1.625 6.6035e-08
-4.375 1.675 1.3215e-07
-4.375 1.725 2.6456e-07
-4.375 1.775 5.2984e-07
-4.375 1.825 1.0616e-06
-4.375 1.875 2.1282e-06
-4.375 1.925 4.2689e-06
-4.375 1.975 8.5681e-06
-4.375 2.025 1.7210e-05
-4.375 2.075 3.4595e-05
-4.375 2.125 6.9604e-05
-4.375 2.175 1.4018e-04
-4.375 2.225 2.8265e-04
-4.375 2.275 5.7064e-04
-4.375 2.325 1.1537e-03
-4.375 2.375 2.3360e-03
-4.375 2.425 4.7386e-03
-4.375 2.475 9.6311e-03
-4.375 2.525 1.9618e-02
-4.375 2.575 4.0058e-02
-4.375 2.625 8.2016e-02
-4.375 2.675 1.6843e-01
-4.375 2.725 3.4704e-01
-4.375 2.775 7.1768e-01
-4.375 2.825 1.4901e+00
-4.375 2.875 3.1076e+00
-4.375 2.925 6.5114e+00
-4.375 2.975 1.3713e+01
-4.375 3.025 2.9037e+01
-4.375 3.075 6.1828e+01
-4.375 3.125 1.3240e+02
-4.375 3.175 2.8511e+02
-4.375 3.225 6.1712e+02
-4.375 3.275 1.3416e+03
-4.375 3.325 2.9259e+03
-4.375 3.375 6.3903e+03
-4.375 3.425 1.3949e+04
-4.375 3.475 3.0371e+04
-4.375 3.525 6.5865e+04
-4.375 3.575 1.4228e+05
-4.375 3.625 3.0659e+05
-4.375 3.675 6.6031e+05
-4.375 3.725 1.4200e+06
-4.375 3.775 3.0160e+06
-4.375 3.825 5.8712e+06
-4.375 3.875 0.0000e+00
-4.375 3.925 0.0000e+00
-4.375 3.975 0.0000e+00
-4.325 -1.975 0.0000e+00
-4.325 -1.925 0.0000e+00
-4.325 -1.875 0.0000e+00
-4.325 -1.825 0.0000e+00
-4.325 -1.775 0.0000e+00
-4.325 -1.725 0.0000e+00
-4.325 -1.675 0.0000e+00
-4.325 -1.625 0.0000e+00
-4.325 -1.575 0.0000e+00
-4.325 -1.525 0.0000e+00
-4.325 -1.475 0.0000e+00
-4.325 -1.425 0.0000e+00
-4.325 -1.375 0.0000e+00
-4.325 -1.325 0.0000e+00
-4.325 -1.275 0.0000e+00
-4.325 -1.225 0.0000e+00
-4.325 -1.175 0.0000e+00
-4.325 -1.125 0.0000e+00
-4.325 -1.075 0.0000e+00
-4.325 -1.025 0.0000e+00
-4.325 -0.975 0.0000e+00
-4.325 -0.925 0.0000e+00
-4.325 -0.875 0.0000e+00
-4.325 -0.825 0.0000e+00
-4.325 -0.775 0.0000e+00
-4.325 -0.725 0.0000e+00
-4.325 -0.675 0.0000e+00
-4.325 -0.625 0.0000e+00
-4.325 -0.575 0.0000e+00
-4.325 -0.525 0.0000e+00
-4.325 -0.475 0.0000e+00
-4.325 -0.425 0.0000e+00
-4.325 -0.375 0.0000e+00
-4.325 -0.325 0.0000e+00
-4.325 -0.275 0.0000e+00
-4.325 -0.225 0.0000e+00
-4.325 -0.175 0.0000e+00
-4.325 -0.125 0.0000e+00
-4.325 -0.075 0.0000e+00
-4.325 -0.025 0.0000e+00
-4.325 0.025 0.0000e+00
-4.325 0.075 0.0000e+00
-4.325 0.125 0.0000e+00
-4.325 0.175 0.0000e+00
-4.325 0.225 0.0000e+00
-4.325 0.275 0.0000e+00
-4.325 0.325 0.0000e+00
-4.325 0.375 0.0000e+00
-4.325 0.425 0.0000e+00
-4.325 0.475 0.0000e+00
-4.325 0.525 0.0000e+00
-4.325 0.575 0.0000e+00
-4.325 0.625 0.0000e+00
-4.325 0.675 0.0000e+00
-4.325 0.725 0.0000e+00
-4.325 0.775 0.0000e+00
-4.325 0.825 0.0000e+00
-4.325 0.875 0.0000e+00
-4.325 0.925 5.1438e-12
-4.325 0.975 1.0269e-11
-4.325 1.025 2.0504e-11
-4.325 1.075 4.0941e-11
-4.325 1.125 8.1757e-11
-4.325 1.175 1.6328e-10
-4.325 1.225 3.2613e-10
-4.325 1.275 6.5149e-10
-4.325 1.325 1.3016e-09
-4.325 1.375 2.6010e-09
-4.325 1.425 5.1983e-09
-4.325 1.475 1.0392e-08
-4.325 1.525 2.0778e-08
-4.325 1.575 4.1555e-08
-4.325 1.625 8.3134e-08
-4.325 1.675 1.6637e-07
-4.325 1.725 3.3306e-07
-4.325 1.775 6.6703e-07
-4.325 1.825 1.3365e-06
-4.325 1.875 2.6793e-06
-4.325 1.925 5.3742e-06
-4.325 1.975 1.0787e-05
-4.325 2.025 2.1666e-05
-4.325 2.075 4.3552e-05
-4.325 2.125 8.7626e-05
-4.325 2.175 1.7648e-04
-4.325 2.225 3.5584e-04
-4.325 2.275 7.1839e-04
-4.325 2.325 1.4524e-03
-4.325 2.375 2.9409e-03
-4.325 2.425 5.9656e-03
-4.325 2.475 1.2125e-02
-4.325 2.525 2.4698e-02
-4.325 2.575 5.0431e-02
-4.325 2.625 1.0326e-01
-4.325 2.675 2.1205e-01
-4.325 2.725 4.3692e-01
-4.325 2.775 9.0356e-01
-4.325 2.825 1.8761e+00
-4.325 2.875 3.9126e+00
-4.325 2.925 8.1985e+00
-4.325 2.975 1.7267e+01
-4.325 3.025 3.6564e+01
-4.325 3.075 7.7860e+01
-4.325 3.125 1.6675e+02
-4.325 3.175 3.5912e+02
-4.325 3.225 7.7744e+02
-4.325 3.275 1.6905e+03
-4.325 3.325 3.6879e+03
-4.325 3.375 8.0579e+03
-4.325 3.425 1.7598e+04
-4.325 3.475 3.8339e+04
-4.325 3.525 8.3195e+04
-4.325 3.575 1.7977e+05
-4.325 3.625 3.8723e+05
-4.325 3.675 8.3247e+05
-4.325 3.725 1.7830e+06
-4.325 3.775 3.7613e+06
-4.325 3.825 7.2487e+06
-4.325 3.875 0.0000e+00
-4.325 3.925 0.0000e+00
-4.325 3.975 0.0000e+00
-4.275 -1.975 0.0000e+00
-4.275 -1.925 0.0000e+00
-4.275 -1.875 0.0000e+00
-4.275 -1.825 0.0000e+00
-4.275 -1.775 0.0000e+00
-4.275 -1.725 0.0000e+00
-4.275 -1.675 0.0000e+00
-4.275 -1.625 0.0000e+00
-4.275 -1.575 0.0000e+00
-4.275 -1.525 0.0000e+00
-4.275 -1.475 0.0000e+00
-4.275 -1.425 0.0000e+00
-4.275 -1.375 0.0000e+00
-4.275 -1.325 0.0000e+00
-4.275 -1.275 0.0000e+00
-4.275 -1.225 0.0000e+00
-4.275 -1.175 0.0000e+00
-4.275 -1.125 0.0000e+00
-4.275 -1.075 0.0000e+00
-4.275 -1.025 0.0000e+00
-4.275 -0.975 0.0000e+00
-4.275 -0.925 0.0000e+00
-4.275 -0.875 0.0000e+00
-4.275 -0.825 0.0000e+00
-4.275 -0.775 0.0000e+00
-4.275 -0.725 0.0000e+00
-4.275 -0.675 0.0000e+00
-4.275 -0.625 0.0000e+00
-4.275 -0.575 0.0000e+00
-4.275 -0.525 0.0000e+00
-4.275 -0.475 0.0000e+00
-4.275 -0.425 0.0000e+00
-4.275 -0.375 0.0000e+00
-4.275 -0.325 0.0000e+00
-4.275 -0.275 0.0000e+00
-4.275 -0.225 0.0000e+00
-4.275 -0.175 0.0000e+00
-4.275 -0.125 0.0000e+00
-4.275 -0.075 0.0000e+00
-4.275 -0.025 0.0000e+00
-4.275 0.025 0.0000e+00
-4.275 0.075 0.0000e+00
-4.275 0.125 0.0000e+00
-4.275 0.175 0.0000e+00
-4.275 0.225 0.0000e+00
-4.275 0.275 0.0000e+00
-4.275 0.325 0.0000e+00
-4.275 0.375 0.0000e+00
-4.275 0.425 0.0000e+00
-4.275 0.475 0.0000e+00
-4.275 0.525 0.0000e+00
-4.275 0.575 0.0000e+00
-4.275 0.625 0.0000e+00
-4.275 0.675 0.0000e+00
-4.275 0.725 0.0000e+00
-4.275 0.775 0.0000e+00
-4.275 0.825 0.0000e+00
-4.275 0.875 0.0000e+00
-4.275 0.925 6.4757e-12
-4.275 0.975 1.2928e-11
-4.275 1.025 2.5813e-11
-4.275 1.075 5.1542e-11
-4.275 1.125 1.0293e-10
-4.275 1.175 2.0556e-10
-4.275 1.225 4.1057e-10
-4.275 1.275 8.2018e-10
-4.275 1.325 1.6387e-09
-4.275 1.375 3.2744e-09
-4.275 1.425 6.5443e-09
-4.275 1.475 1.3082e-08
-4.275 1.525 2.6158e-08
-4.275 1.575 5.2315e-08
-4.275 1.625 1.0466e-07
-4.275 1.675 2.0945e-07
-4.275 1.725 4.1930e-07
-4.275 1.775 8.3975e-07
-4.275 1.825 1.6826e-06
-4.275 1.875 3.3730e-06
-4.275 1.925 6.7657e-06
-4.275 1.975 1.3580e-05
-4.275 2.025 2.7276e-05
-4.275 2.075 5.4829e-05
-4.275 2.125 1.1032e-04
-4.275 2.175 2.2218e-04
-4.275 2.225 4.4798e-04
-4.275 2.275 9.0441e-04
-4.275 2.325 1.8285e-03
-4.275 2.375 3.7025e-03
-4.275 2.425 7.5104e-03
-4.275 2.475 1.5265e-02
-4.275 2.525 3.1094e-02
-4.275 2.575 6.3491e-02
-4.275 2.625 1.3000e-01
-4.275 2.675 2.6697e-01
-4.275 2.725 5.5008e-01
-4.275 2.775 1.1376e+00
-4.275 2.825 2.3621e+00
-4.275 2.875 4.9263e+00
-4.275 2.925 1.0323e+01
-4.275 2.975 2.1743e+01
-4.275 3.025 4.6044e+01
-4.275 3.075 9.8057e+01
-4.275 3.125 2.1002e+02
-4.275 3.175 4.5239e+02
-4.275 3.225 9.7955e+02
-4.275 3.275 2.1306e+03
-4.275 3.325 4.6496e+03
-4.275 3.375 1.0164e+04
-4.275 3.425 2.2211e+04
-4.275 3.475 4.8420e+04
-4.275 3.525 1.0514e+05
-4.275 3.575 2.2725e+05
-4.275 3.625 4.8917e+05
-4.275 3.675 1.0491e+06
-4.275 3.725 2.2358e+06
-4.275 3.775 4.6768e+06
-4.275 3.825 8.9041e+06
-4.275 3.875 0.0000e+00
-4.275 3.925 0.0000e+00
-4.275 3.975 0.0000e+00
-4.225 -1.975 0.0000e+00
-4.225 -1.925 0.0000e+00
-4.225 -1.875 0.0000e+00
-4.225 -1.825 0.0000e+00
-4.225 -1.775 0.0000e+00
-4.225 -1.725 0.0000e+00
-4.225 -1.675 0.0000e+00
-4.225 -1.625 0.0000e+00
-4.225 -1.575 0.0000e+00
-4.225 -1.525 0.0000e+00
-4.225 -1.475 0.0000e+00
-4.225 -1.425 0.0000e+00
-4.225 -1.375 0.0000e+00
-4.225 -1.325 0.0000e+00
-4.225 -1.275 0.0000e+00
-4.225 -1.225 0.0000e+00
-4.225 -1.175 0.0000e+00
-4.225 -1.125 0.0000e+00
-4.225 -1.075 0.0000e+00
-4.225 -1.025 0.0000e+00
-4.225 -0.975 0.0000e+00
-4.225 -0.925 0.0000e+00
-4.225 -0.875 0.0000e+00
-4.225 -0.825 0.0000e+00
-4.225 -0.775 0.0000e+00
-4.225 -0.725 0.0000e+00
-4.225 -0.675 0.0000e+00
-4.225 -0.625 0.0000e+00
-4.225 -0.575 0.0000e+00
-4.225 -0.525 0.0000e+00
-4.225 -0.475 0.0000e+00
-4.225 -0.425 0.0000e+00
-4.225 -0.375 0.0000e+00
-4.225 -0.325 0.0000e+00
-4.225 -0.275 0.0000e+00
-4.225 -0.225 0.0000e+00
-4.225 -0.175 0.0000e+00
-4.225 -0.125 0.0000e+00
-4.225 -0.075 0.0000e+00
-4.225 -0.025 0.0000e+00
-4.225 0.025 0.0000e+00
-4.225 0.075 0.0000e+00
-4.225 0.125 0.0000e+00
-4.225 0.175 0.0000e+00
-4.225 0.225 0.0000e+00
-4.225 0.275 0.0000e+00
-4.225 0.325 0.0000e+00
-4.225 0.375 0.0000e+00
-4.225 0.425 0.0000e+00
-4.225 0.475 0.0000e+00
-4.225 0.525 0.0000e+00
-4.225 0.575 0.0000e+00
-4.225 0.625 0.0000e+00
-4.225 0.675 0.0000e+00
-4.225 0.725 0.0000e+00
-4.225 0.775 0.0000e+00
-4.225 0.825 0.0000e+00
-4.225 0.875 0.0000e+00
-4.225 0.925 8.1524e-12
-4.225 0.975 1.6276e-11
-4.225 1.025 3.2496e-11
-4.225 1.075 6.4887e-11
-4.225 1.125 1.2958e-10
-4.225 1.175 2.5878e-10
-4.225 1.225 5.1688e-10
-4.225 1.275 1.0325e-09
-4.225 1.325 2.0629e-09
-4.225 1.375 4.1223e-09
-4.225 1.425 8.2388e-09
-4.225 1.475 1.6469e-08
-4.225 1.525 3.2930e-08
-4.225 1.575 6.5860e-08
-4.225 1.625 1.3176e-07
-4.225 1.675 2.6368e-07
-4.225 1.725 5.2786e-07
-4.225 1.775 1.0572e-06
-4.225 1.825 2.1182e-06
-4.225 1.875 4.2464e-06
-4.225 1.925 8.5176e-06
-4.225 1.975 1.7096e-05
-4.225 2.025 3.4338e-05
-4.225 2.075 6.9026e-05
-4.225 2.125 1.3888e-04
-4.225 2.175 2.7971e-04
-4.225 2.225 5.6398e-04
-4.225 2.275 1.1386e-03
-4.225 2.325 2.3019e-03
-4.225 2.375 4.6612e-03
-4.225 2.425 9.4552e-03
-4.225 2.475 1.9218e-02
-4.225 2.525 3.9146e-02
-4.225 2.575 7.9933e-02
-4.225 2.625 1.6366e-01
-4.225 2.675 3.3611e-01
-4.225 2.725 6.9257e-01
-4.225 2.775 1.4323e+00
-4.225 2.825 2.9741e+00
-4.225 2.875 6.2029e+00
-4.225 2.925 1.2999e+01
-4.225 2.975 2.7380e+01
-4.225 3.025 5.7986e+01
-4.225 3.075 1.2350e+02
-4.225 3.125 2.6456e+02
-4.225 3.175 5.6996e+02
-4.225 3.225 1.2344e+03
-4.225 3.275 2.6858e+03
-4.225 3.325 5.8638e+03
-4.225 3.375 1.2825e+04
-4.225 3.425 2.8044e+04
-4.225 3.475 6.1182e+04
-4.225 3.525 1.3293e+05
-4.225 3.575 2.8735e+05
-4.225 3.625 6.1790e+05
-4.225 3.675 1.3210e+06
-4.225 3.725 2.7975e+06
-4.225 3.775 5.7920e+06
-4.225 3.825 1.0868e+07
-4.225 3.875 0.0000e+00
-4.225 3.925 0.0000e+00
-4.225 3.975 0.0000e+00
-4.175 -1.975 0.0000e+00
-4.175 -1.925 0.0000e+00
-4.175 -1.875 0.0000e+00
-4.175 -1.825 0.0000e+00
-4.175 -1.775 0.0000e+00
-4.175 -1.725 0.0000e+00
-4.175 -1.675 0.0000e+00
-4.175 -1.625 0.0000e+00
-4.175 -1.575 0.0000e+00
-4.175 -1.525 0.0000e+00
-4.175 -1.475 0.0000e+00
-4.175 -1.425 0.0000e+00
-4.175 -1.375 0.0000e+00
-4.175 -1.325 0.0000e+00
-4.175 -1.275 0.0000e+00
-4.175 -1.225 0.0000e+00
-4.175 -1.175 0.0000e+00
-4.175 -1.125 0.0000e+00
-4.175 -1.075 0.0000e+00
-4.175 -1.025 0.0000e+00
-4.175 -0.975 0.0000e+00
-4.175 -0.925 0.0000e+00
-4.175 -0.875 0.0000e+00
-4.175 -0.825 0.0000e+00
-4.175 -0.775 0.0000e+00
-4.175 -0.725 0.0000e+00
-4.175 -0.675 0.0000e+00
-4.175 -0.625 0.0000e+00
-4.175 -0.575 0.0000e+00
-4.175 -0.525 0.0000e+00
-4.175 -0.475 0.0000e+00
-4.175 -0.425 0.0000e+00
-4.175 -0.375 0.0000e+00
-4.175 -0.325 0.0000e+00
-4.175 -0.275 0.0000e+00
-4.175 -0.225 0.0000e+00
-4.175 -0.175 0.0000e+00
-4.175 -0.125 0.0000e+00
-4.175 -0.075 0.0000e+00
-4.175 -0.025 0.0000e+00
-4.175 0.025 0.0000e+00
-4.175 0.075 0.0000e+00
-4.175 0.125 0.0000e+00
-4.175 0.175 0.0000e+00
-4.175 0.225 0.0000e+00
-4.175 0.275 0.0000e+00
-4.175 0.325 0.0000e+00
-4.175 0.375 0.0000e+00
-4.175 0.425 0.0000e+00
-4.175 0.475 0.0000e+00
-4.175 0.525 0.0000e+00
-4.175 0.575 0.0000e+00
-4.175 0.625 0.0000e+00
-4.175 0.675 0.0000e+00
-4.175 0.725 0.0000e+00
-4.175 0.775 0.0000e+00
-4.175 0.825 0.0000e+00
-4.175 0.875 0.0000e+00
-4.175 0.925 1.0263e-11
-4.175 0.975 2.0490e-11
-4.175 1.025 4.0910e-11
-4.175 1.075 8.1688e-11
-4.175 1.125 1.6313e-10
-4.175 1.175 3.2579e-10
-4.175 1.225 6.5072e-10
-4.175 1.275 1.2999e-09
-4.175 1.325 2.5971e-09
-4.175 1.375 5.1896e-09
-4.175 1.425 1.0372e-08
-4.175 1.475 2.0734e-08
-4.175 1.525 4.1457e-08
-4.175 1.575 8.2913e-08
-4.175 1.625 1.6587e-07
-4.175 1.675 3.3195e-07
-4.175 1.725 6.6454e-07
-4.175 1.775 1.3309e-06
-4.175 1.825 2.6667e-06
-4.175 1.875 5.3459e-06
-4.175 1.925 1.0723e-05
-4.175 1.975 2.1522e-05
-4.175 2.025 4.3229e-05
-4.175 2.075 8.6899e-05
-4.175 2.125 1.7484e-04
-4.175 2.175 3.5213e-04
-4.175 2.225 7.1001e-04
-4.175 2.275 1.4334e-03
-4.175 2.325 2.8980e-03
-4.175 2.375 5.8682e-03
-4.175 2.425 1.1904e-02
-4.175 2.475 2.4194e-02
-4.175 2.525 4.9283e-02
-4.175 2.575 1.0064e-01
-4.175 2.625 2.0605e-01
-4.175 2.675 4.2317e-01
-4.175 2.725 8.7198e-01
-4.175 2.775 1.8034e+00
-4.175 2.825 3.7448e+00
-4.175 2.875 7.8107e+00
-4.175 2.925 1.6369e+01
-4.175 2.975 3.4481e+01
-4.175 3.025 7.3033e+01
-4.175 3.075 1.5557e+02
-4.175 3.125 3.3331e+02
-4.175 3.175 7.1822e+02
-4.175 3.225 1.5560e+03
-4.175 3.275 3.3867e+03
-4.175 3.325 7.3974e+03
-4.175 3.375 1.6189e+04
-4.175 3.425 3.5425e+04
-4.175 3.475 7.7340e+04
-4.175 3.525 1.6812e+05
-4.175 3.575 3.6337e+05
-4.175 3.625 7.8007e+05
-4.175 3.675 1.6607e+06
-4.175 3.725 3.4893e+06
-4.175 3.775 7.1350e+06
-4.175 3.825 1.3158e+07
-4.175 3.875 0.0000e+00
-4.175 3.925 0.0000e+00
-4.175 3.975 0.0000e+00
-4.125 -1.975 0.0000e+00
-4.125 -1.925 0.0000e+00
-4.125 -1.875 0.0000e+00
-4.125 -1.825 0.0000e+00
-4.125 -1.775 0.0000e+00
-4.125 -1.725 0.0000e+00
-4.125 -1.675 0.0000e+00
-4.125 -1.625 0.0000e+00
-4.125 -1.575 0.0000e+00
-4.125 -1.525 0.0000e+00
-4.125 -1.475 0.0000e+00
-4.125 -1.425 0.0000e+00
-4.125 -1.375 0.0000e+00
-4.125 -1.325 0.0000e+00
-4.125 -1.275 0.0000e+00
-4.125 -1.225 0.0000e+00
-4.125 -1.175 0.0000e+00
-4.125 -1.125 0.0000e+00
-4.125 -1.075 0.0000e+00
-4.125 -1.025 0.0000e+00
-4.125 -0.975 0.0000e+00
-4.125 -0.925 0.0000e+00
-4.125 -0.875 0.0000e+00
-4.125 -0.825 0.0000e+00
-4.125 -0.775 0.0000e+00
-4.125 -0.725 0.0000e+00
-4.125 -0.675 0.0000e+00
-4.125 -0.625 0.0000e+00
-4.125 -0.575 0.0000e+00
-4.125 -0.525 0.0000e+00
-4.125 -0.475 0.0000e+00
-4.125 -0.425 0.0000e+00
-4.125 -0.375 0.0000e+00
-4.125 -0.325 0.0000e+00
-4.125 -0.275 0.0000e+00
-4.125 -0.225 0.0000e+00
-4.125 -0.175 0.0000e+00
-4.125 -0.125 0.0000e+00
-4.125 -0.075 0.0000e+00
-4.125 -0.025 0.0000e+00
-4.125 0.025 0.0000e+00
-4.125 0.075 0.0000e+00
-4.125 0.125 0.0000e+00
-4.125 0.175 0.0000e+00
-4.125 0.225 0.0000e+00
-4.125 0.275 0.0000e+00
-4.125 0.325 0.0000e+00
-4.125 0.375 0.0000e+00
-4.125 0.425 0.0000e+00
-4.125 0.475 0.0000e+00
-4.125 0.525 0.0000e+00
-4.125 0.575 0.0000e+00
-4.125 0.625 0.0000e+00
-4.125 0.675 0.0000e+00
-4.125 0.725 0.0000e+00
-4.125 0.775 0.0000e+00
-4.125 0.825 0.0000e+00
-4.125 0.875 0.0000e+00
-4.125 0.925 1.2921e-11
-4.125 0.975 2.5795e-11
-4.125 1.025 5.1503e-11
-4.125 1.075 1.0284e-10
-4.125 1.125 2.0536e-10
-4.125 1.175 4.1014e-10
-4.125 1.225 8.1920e-10
-4.125 1.275 1.6365e-09
-4.125 1.325 3.2695e-09
-4.125 1.375 6.5333e-09
-4.125 1.425 1.3058e-08
-4.125 1.475 2.6102e-08
-4.125 1.525 5.2191e-08
-4.125 1.575 1.0438e-07
-4.125 1.625 2.0882e-07
-4.125 1.675 4.1790e-07
-4.125 1.725 8.3661e-07
-4.125 1.775 1.6755e-06
-4.125 1.825 3.3572e-06
-4.125 1.875 6.7301e-06
-4.125 1.925 1.3500e-05
-4.125 1.975 2.7095e-05
-4.125 2.025 5.4423e-05
-4.125 2.075 1.0940e-04
-4.125 2.125 2.2011e-04
-4.125 2.175 4.4332e-04
-4.125 2.225 8.9387e-04
-4.125 2.275 1.8046e-03
-4.125 2.325 3.6484e-03
-4.125 2.375 7.3878e-03
-4.125 2.425 1.4986e-02
-4.125 2.475 3.0460e-02
-4.125 2.525 6.2047e-02
-4.125 2.575 1.2670e-01
-4.125 2.625 2.5943e-01
-4.125 2.675 5.3280e-01
-4.125 2.725 1.0979e+00
-4.125 2.775 2.2707e+00
-4.125 2.825 4.7154e+00
-4.125 2.875 9.8356e+00
-4.125 2.925 2.0614e+01
-4.125 2.975 4.3428e+01
-4.125 3.025 9.1993e+01
-4.125 3.075 1.9599e+02
-4.125 3.125 4.1998e+02
-4.125 3.175 9.0522e+02
-4.125 3.225 1.9617e+03
-4.125 3.275 4.2716e+03
-4.125 3.325 9.3352e+03
-4.125 3.375 2.0443e+04
-4.125 3.425 4.4764e+04
-4.125 3.475 9.7792e+04
-4.125 3.525 2.1264e+05
-4.125 3.575 4.5928e+05
-4.125 3.625 9.8349e+05
-4.125 3.675 2.0822e+06
-4.125 3.725 4.3320e+06
-4.125 3.775 8.7263e+06
-4.125 3.825 1.5767e+07
-4.125 3.875 0.0000e+00
-4.125 3.925 0.0000e+00
-4.125 3.975 0.0000e+00
-4.075 -1.975 0.0000e+00
-4.075 -1.925 0.0000e+00
-4.075 -1.875 0.0000e+00
-4.075 -1.825 0.0000e+00
-4.075 -1.775 0.0000e+00
-4.075 -1.725 0.0000e+00
-4.075 -1.675 0.0000e+00
-4.075 -1.625 0.0000e+00
-4.075 -1.575 0.0000e+00
-4.075 -1.525 0.0000e+00
-4.075 -1.475 0.0000e+00
-4.075 -1.425 0.0000e+00
-4.075 -1.375 0.0000e+00
-4.075 -1.325 0.0000e+00
-4.075 -1.275 0.0000e+00
-4.075 -1.225 0.0000e+00
-4.075 -1.175 0.0000e+00
-4.075 -1.125 0.0000e+00
-4.075 -1.075 0.0000e+00
-4.075 -1.025 0.0000e+00
-4.075 -0.975 0.0000e+00
-4.075 -0.925 0.0000e+00
-4.075 -0.875 0.0000e+00
-4.075 -0.825 0.0000e+00
-4.075 -0.775 0.0000e+00
-4.075 -0.725 0.0000e+00
-4.075 -0.675 0.0000e+00
-4.075 -0.625 0.0000e+00
-4.075 -0.575 0.0000e+00
-4.075 -0.525 0.0000e+00
-4.075 -0.475 0.0000e+00
-4.075 -0.425 0.0000e+00
-4.075 -0.375 0.0000e+00
-4.075 -0.325 0.0000e+00
-4.075 -0.275 0.0000e+00
-4.075 -0.225 0.0000e+00
-4.075 -0.175 0.0000e+00
-4.075 -0.125 0.0000e+00
-4.075 -0.075 0.0000e+00
-4.075 -0.025 0.0000e+00
-4.075 0.025 0.0000e+00
-4.075 0.075 0.0000e+00
-4.075 0.125 0.0000e+00
-4.075 0.175 0.0000e+00
-4.075 0.225 0.0000e+00
-4.075 0.275 0.0000e+00
-4.075 0.325 0.0000e+00
-4.075 0.375 0.0000e+00
-4.075 0.425 0.0000e+00
-4.075 0.475 0.0000e+00
-4.075 0.525 0.0000e+00
-4.075 0.575 0.0000e+00
-4.075 0.625 0.0000e+00
-4.075 0.675 0.0000e+00
-4.075 0.725 0.0000e+00
-4.075 0.775 0.0000e+00
-4.075 0.825 0.0000e+00
-4.075 0.875 0.0000e+00
-4.075 0.925 1.6266e-11
-4.075 0.975 3.2475e-11
-4.075 1.025 6.4838e-11
-4.075 1.075 1.2947e-10
-4.075 1.125 2.5854e-10
-4.075 1.175 5.1634e-10
-4.075 1.225 1.0313e-09
-4.075 1.275 2.0602e-09
-4.075 1.325 4.1161e-09
-4.075 1.375 8.2250e-09
-4.075 1.425 1.6439e-08
-4.075 1.475 3.2861e-08
-4.075 1.525 6.5705e-08
-4.075 1.575 1.3141e-07
-4.075 1.625 2.6289e-07
-4.075 1.675 5.2610e-07
-4.075 1.725 1.0532e-06
-4.075 1.775 2.1094e-06
-4.075 1.825 4.2265e-06
-4.075 1.875 8.4727e-06
-4.075 1.925 1.6995e-05
-4.075 1.975 3.4111e-05
-4.075 2.025 6.8514e-05
-4.075 2.075 1.3773e-04
-4.075 2.125 2.7711e-04
-4.075 2.175 5.5811e-04
-4.075 2.225 1.1253e-03
-4.075 2.275 2.2719e-03
-4.075 2.325 4.5932e-03
-4.075 2.375 9.3010e-03
-4.075 2.425 1.8867e-02
-4.075 2.475 3.8349e-02
-4.075 2.525 7.8118e-02
-4.075 2.575 1.5952e-01
-4.075 2.625 3.2663e-01
-4.075 2.675 6.7084e-01
-4.075 2.725 1.3824e+00
-4.075 2.775 2.8592e+00
-4.075 2.825 5.9379e+00
-4.075 2.875 1.2386e+01
-4.075 2.925 2.5962e+01
-4.075 2.975 5.4701e+01
-4.075 3.025 1.1589e+02
-4.075 3.075 2.4694e+02
-4.075 3.125 5.2930e+02
-4.075 3.175 1.1412e+03
-4.075 3.225 2.4740e+03
-4.075 3.275 5.3894e+03
-4.075 3.325 1.1784e+04
-4.075 3.375 2.5822e+04
-4.075 3.425 5.6577e+04
-4.075 3.475 1.2365e+05
-4.075 3.525 2.6881e+05
-4.075 3.575 5.7976e+05
-4.075 3.625 1.2368e+06
-4.075 3.675 2.5993e+06
-4.075 3.725 5.3423e+06
-4.075 3.775 1.0570e+07
-4.075 3.825 1.8650e+07
-4.075 3.875 0.0000e+00
-4.075 3.925 0.0000e+00
-4.075 3.975 0.0000e+00
-4.025 -1.975 0.0000e+00
-4.025 -1.925 0.0000e+00
-4.025 -1.875 0.0000e+00
-4.025 -1.825 0.0000e+00
-4.025 -1.775 0.0000e+00
-4.025 -1.725 0.0000e+00
-4.025 -1.675 0.0000e+00
-4.025 -1.625 0.0000e+00
-4.025 -1.575 0.0000e+00
-4.025 -1.525 0.0000e+00
-4.025 -1.475 0.0000e+00
-4.025 -1.425 0.0000e+00
-4.025 -1.375 0.0000e+00
-4.025 -1.325 0.0000e+00
-4.025 -1.275 0.0000e+00
-4.025 -1.225 0.0000e+00
-4.025 -1.175 0.0000e+00
-4.025 -1.125 0.0000e+00
-4.025 -1.075 0.0000e+00
-4.025 -1.025 0.0000e+00
-4.025 -0.975 0.0000e+00
-4.025 -0.925 0.0000e+00
-4.025 -0.875 0.0000e+00
-4.025 -0.825 0.0000e+00
-4.025 -0.775 0.0000e+00
-4.025 -0.725 0.0000e+00
-4.025 -0.675 0.0000e+00
-4.025 -0.625 0.0000e+00
-4.025 -0.575 0.0000e+00
-4.025 -0.525 0.0000e+00
-4.025 -0.475 0.0000e+00
-4.025 -0.425 0.0000e+00
-4.025 -0.375 0.0000e+00
-4.025 -0.325 0.0000e+00
-4.025 -0.275 0.0000e+00
-4.025 -0.225 0.0000e+00
-4.025 -0.175 0.0000e+00
-4.025 -0.125 0.0000e+00
-4.025 -0.075 0.0000e+00
-4.025 -0.025 0.0000e+00
-4.025 0.025 0.0000e+00
-4.025 0.075 0.0000e+00
-4.025 0.125 0.0000e+00
-4.025 0.175 0.0000e+00
-4.025 0.225 0.0000e+00
-4.025 0.275 0.0000e+00
-4.025 0.325 0.0000e+00
-4.025 0.375 0.0000e+00
-4.025 0.425 0.0000e+00
-4.025 0.475 0.0000e+00
-4.025 0.525 0.0000e+00
-4.025 0.575 0.0000e+00
-4.025 0.625 0.0000e+00
-4.025 0.675 0.0000e+00
-4.025 0.725 0.0000e+00
-4.025 0.775 0.0000e+00
-4.025 0.825 0.0000e+00
-4.025 0.875 0.0000e+00
-4.025 0.925 2.0478e-11
-4.025 0.975 4.0883e-11
-4.025 1.025 8.1627e-11
-4.025 1.075 1.6299e-10
-4.025 1.125 3.2548e-10
-4.025 1.175 6.5003e-10
-4.025 1.225 1.2984e-09
-4.025 1.275 2.5936e-09
-4.025 1.325 5.1819e-09
-4.025 1.375 1.0355e-08
-4.025 1.425 2.0695e-08
-4.025 1.475 4.1370e-08
-4.025 1.525 8.2717e-08
-4.025 1.575 1.6543e-07
-4.025 1.625 3.3096e-07
-4.025 1.675 6.6233e-07
-4.025 1.725 1.3259e-06
-4.025 1.775 2.6555e-06
-4.025 1.825 5.3208e-06
-4.025 1.875 1.0667e-05
-4.025 1.925 2.1395e-05
-4.025 1.975 4.2943e-05
-4.025 2.025 8.6255e-05
-4.025 2.075 1.7339e-04
-4.025 2.125 3.4886e-04
-4.025 2.175 7.0263e-04
-4.025 2.225 1.4167e-03
-4.025 2.275 2.8602e-03
-4.025 2.325 5.7827e-03
-4.025 2.375 1.1710e-02
-4.025 2.425 2.3754e-02
-4.025 2.475 4.8281e-02
-4.025 2.525 9.8352e-02
-4.025 2.575 2.0084e-01
-4.025 2.625 4.1125e-01
-4.025 2.675 8.4467e-01
-4.025 2.725 1.7407e+00
-4.025 2.775 3.6005e+00
-4.025 2.825 7.4777e+00
-4.025 2.875 1.5600e+01
-4.025 2.925 3.2701e+01
-4.025 2.975 6.8909e+01
-4.025 3.025 1.4601e+02
-4.025 3.075 3.1120e+02
-4.025 3.125 6.6721e+02
-4.025 3.175 1.4390e+03
-4.025 3.225 3.1208e+03
-4.025 3.275 6.8016e+03
-4.025 3.325 1.4880e+04
-4.025 3.375 3.2620e+04
-4.025 3.425 7.1499e+04
-4.025 3.475 1.5625e+05
-4.025 3.525 3.3936e+05
-4.025 3.575 7.2997e+05
-4.025 3.625 1.5487e+06
-4.025 3.675 3.2234e+06
-4.025 3.725 6.5255e+06
-4.025 3.775 1.2639e+07
-4.025 3.825 2.1696e+07
-4.025 3.875 0.0000e+00
-4.025 3.925 0.0000e+00
-4.025 3.975 0.0000e+00
-3.975 -1.975 0.0000e+00
-3.975 -1.925 0.0000e+00
-3.975 -1.875 0.0000e+00
-3.975 -1.825 0.0000e+00
-3.975 -1.775 0.0000e+00
-3.975 -1.725 0.0000e+00
-3.975 -1.675 0.0000e+00
-3.975 -1.625 0.0000e+00
-3.975 -1.575 0.0000e+00
-3.975 -1.525 0.0000e+00
-3.975 -1.475 0.0000e+00
-3.975 -1.425 0.0000e+00
-3.975 -1.375 0.0000e+00
-3.975 -1.325 0.0000e+00
-3.975 -1.275 0.0000e+00
-3.975 -1.225 0.0000e+00
-3.975 -1.175 0.0000e+00
-3.975 -1.125 0.0000e+00
-3.975 -1.075 0.0000e+00
-3.975 -1.025 0.0000e+00
-3.975 -0.975 0.0000e+00
-3.975 -0.925 0.0000e+00
-3.975 -0.875 0.0000e+00
-3.975 -0.825 0.0000e+00
-3.975 -0.775 0.0000e+00
-3.975 -0.725 0.0000e+00
-3.975 -0.675 0.0000e+00
-3.975 -0.625 0.0000e+00
-3.975 -0.575 0.0000e+00
-3.975 -0.525 0.0000e+00
-3.975 -0.475 0.0000e+00
-3.975 -0.425 0.0000e+00
-3.975 -0.375 0.0000e+00
-3.975 -0.325 0.0000e+00
-3.975 -0.275 0.0000e+00
-3.975 -0.225 0.0000e+00
-3.975 -0.175 0.0000e+00
-3.975 -0.125 0.0000e+00
-3.975 -0.075 0.0000e+00
-3.975 -0.025 0.0000e+00
-3.975 0.025 0.0000e+00
-3.975 0.075 0.0000e+00
-3.975 0.125 0.0000e+00
-3.975 0.175 0.0000e+00
-3.975 0.225 0.0000e+00
-3.975 0.275 0.0000e+00
-3.975 0.325 0.0000e+00
-3.975 0.375 0.0000e+00
-3.975 0.425 0.0000e+00
-3.975 0.475 0.0000e+00
-3.975 0.525 0.0000e+00
-3.975 0.575 0.0000e+00
-3.975 0.625 0.0000e+00
-3.975 0.675 0.0000e+00
-3.975 0.725 0.0000e+00
-3.975 0.775 0.0000e+00
-3.975 0.825 0.0000e+00
-3.975 0.875 0.0000e+00
-3.975 0.925 2.5780e-11
-3.975 0.975 5.1469e-11
-3.975 1.025 1.0276e-10
-3.975 1.075 2.0519e-10
-3.975 1.125 4.0975e-10
-3.975 1.175 8.1834e-10
-3.975 1.225 1.6345e-09
-3.975 1.275 3.2652e-09
-3.975 1.325 6.5236e-09
-3.975 1.375 1.3036e-08
-3.975 1.425 2.6053e-08
-3.975 1.475 5.2081e-08
-3.975 1.525 1.0414e-07
-3.975 1.575 2.0827e-07
-3.975 1.625 4.1666e-07
-3.975 1.675 8.3382e-07
-3.975 1.725 1.6693e-06
-3.975 1.775 3.3431e-06
-3.975 1.825 6.6985e-06
-3.975 1.875 1.3428e-05
-3.975 1.925 2.6935e-05
-3.975 1.975 5.4063e-05
-3.975 2.025 1.0859e-04
-3.975 2.075 2.1829e-04
-3.975 2.125 4.3920e-04
-3.975 2.175 8.8457e-04
-3.975 2.225 1.7836e-03
-3.975 2.275 3.6009e-03
-3.975 2.325 7.2802e-03
-3.975 2.375 1.4742e-02
-3.975 2.425 2.9906e-02
-3.975 2.475 6.0787e-02
-3.975 2.525 1.2383e-01
-3.975 2.575 2.5288e-01
-3.975 2.625 5.1782e-01
-3.975 2.675 1.0636e+00
-3.975 2.725 2.1919e+00
-3.975 2.775 4.5341e+00
-3.975 2.825 9.4176e+00
-3.975 2.875 1.9649e+01
-3.975 2.925 4.1194e+01
-3.975 2.975 8.6819e+01
-3.975 3.025 1.8400e+02
-3.975 3.075 3.9225e+02
-3.975 3.125 8.4123e+02
-3.975 3.175 1.8149e+03
-3.975 3.225 3.9376e+03
-3.975 3.275 8.5854e+03
-3.975 3.325 1.8789e+04
-3.975 3.375 4.1201e+04
-3.975 3.425 9.0295e+04
-3.975 3.475 1.9716e+05
-3.975 3.525 4.2729e+05
-3.975 3.575 9.1504e+05
-3.975 3.625 1.9261e+06
-3.975 3.675 3.9584e+06
-3.975 3.725 7.8655e+06
-3.975 3.775 1.4855e+07
-3.975 3.825 2.4713e+07
-3.975 3.875 0.0000e+00
-3.975 3.925 0.0000e+00
-3.975 3.975 0.0000e+00
-3.925 -1.975 0.0000e+00
-3.925 -1.925 0.0000e+00
-3.925 -1.875 0.0000e+00
-3.925 -1.825 0.0000e+00
-3.925 -1.775 0.0000e+00
-3.925 -1.725 0.0000e+00
-3.925 -1.675 0.0000e+00
-3.925 -1.625 0.0000e+00
-3.925 -1.575 0.0000e+00
-3.925 -1.525 0.0000e+00
-3.925 -1.475 0.0000e+00
-3.925 -1.425 0.0000e+00
-3.925 -1.375 0.0000e+00
-3.925 -1.325 0.0000e+00
-3.925 -1.275 0.0000e+00
-3.925 -1.225 0.0000e+00
-3.925 -1.175 0.0000e+00
-3.925 -1.125 0.0000e+00
-3.925 -1.075 0.0000e+00
-3.925 -1.025 0.0000e+00
-3.925 -0.975 0.0000e+00
-3.925 -0.925 0.0000e+00
-3.925 -0.875 0.0000e+00
-3.925 -0.825 0.0000e+00
-3.925 -0.775 0.0000e+00
-3.925 -0.725 0.0000e+00
-3.925 -0.675 0.0000e+00
-3.925 -0.625 0.0000e+00
-3.925 -0.575 0.0000e+00
-3.925 -0.525 0.0000e+00
-3.925 -0.475 0.0000e+00
-3.925 -0.425 0.0000e+00
-3.925 -0.375 0.0000e+00
-3.925 -0.325 0.0000e+00
-3.925 -0.275 0.0000e+00
-3.925 -0.225 0.0000e+00
-3.925 -0.175 0.0000e+00
-3.925 -0.125 0.0000e+00
-3.925 -0.075 0.0000e+00
-3.925 -0.025 0.0000e+00
-3.925 0.025 0.0000e+00
-3.925 0.075 0.0000e+00
-3.925 0.125 0.0000e+00
-3.925 0.175 0.0000e+00
-3.925 0.225 0.0000e+00
-3.925 0.275 0.0000e+00
-3.925 0.325 0.0000e+00
-3.925 0.375 0.0000e+00
-3.925 0.425 0.0000e+00
-3.925 0.475 0.0000e+00
-3.925 0.525 0.0000e+00
-3.925 0.575 0.0000e+00
-3.925 0.625 0.0000e+00
-3.925 0.675 0.0000e+00
-3.925 0.725 0.0000e+00
-3.925 0.775 0.0000e+00
-3.925 0.825 0.0000e+00
-3.925 0.875 0.0000e+00
-3.925 0.925 3.2455e-11
-3.925 0.975 6.4795e-11
-3.925 1.025 1.2937e-10
-3.925 1.075 2.5832e-10
-3.925 1.125 5.1585e-10
-3.925 1.175 1.0302e-09
-3.925 1.225 2.0578e-09
-3.925 1.275 4.1106e-09
-3.925 1.325 8.2127e-09
-3.925 1.375 1.6411e-08
-3.925 1.425 3.2799e-08
-3.925 1.475 6.5566e-08
-3.925 1.525 1.3110e-07
-3.925 1.575 2.6220e-07
-3.925 1.625 5.2454e-07
-3.925 1.675 1.0497e-06
-3.925 1.725 2.1015e-06
-3.925 1.775 4.2088e-06
-3.925 1.825 8.4330e-06
-3.925 1.875 1.6906e-05
-3.925 1.925 3.3910e-05
-3.925 1.975 6.8062e-05
-3.925 2.025 1.3671e-04
-3.925 2.075 2.7481e-04
-3.925 2.125 5.5293e-04
-3.925 2.175 1.1136e-03
-3.925 2.225 2.2455e-03
-3.925 2.275 4.5335e-03
-3.925 2.325 9.1657e-03
-3.925 2.375 1.8561e-02
-3.925 2.425 3.7652e-02
-3.925 2.475 7.6534e-02
-3.925 2.525 1.5591e-01
-3.925 2.575 3.1840e-01
-3.925 2.625 6.5202e-01
-3.925 2.675 1.3393e+00
-3.925 2.725 2.7603e+00
-3.925 2.775 5.7103e+00
-3.925 2.825 1.1862e+01
-3.925 2.875 2.4751e+01
-3.925 2.925 5.1900e+01
-3.925 2.975 1.0940e+02
-3.925 3.025 2.3191e+02
-3.925 3.075 4.9453e+02
-3.925 3.125 1.0609e+03
-3.925 3.175 2.2895e+03
-3.925 3.225 4.9690e+03
-3.925 3.275 1.0837e+04
-3.925 3.325 2.3720e+04
-3.925 3.375 5.1999e+04
-3.925 3.425 1.1386e+05
-3.925 3.475 2.4810e+05
-3.925 3.525 5.3554e+05
-3.925 3.575 1.1390e+06
-3.925 3.625 2.3711e+06
-3.925 3.675 4.7936e+06
-3.925 3.725 9.3101e+06
-3.925 3.775 1.7071e+07
-3.925 3.825 2.7402e+07
-3.925 3.875 0.0000e+00
-3.925 3.925 0.0000e+00
-3.925 3.975 0.0000e+00
-3.875 -1.975 0.0000e+00
-3.875 -1.925 0.0000e+00
-3.875 -1.875 0.0000e+00
-3.875 -1.825 0.0000e+00
-3.875 -1.775 0.0000e+00
-3.875 -1.725 0.0000e+00
-3.875 -1.675 0.0000e+00
-3.875 -1.625 0.0000e+00
-3.875 -1.575 0.0000e+00
-3.875 -1.525 0.0000e+00
-3.875 -1.475 0.0000e+00
-3.875 -1.425 0.0000e+00
-3.875 -1.375 0.0000e+00
-3.875 -1.325 0.0000e+00
-3.875 -1.275 0.0000e+00
-3.875 -1.225 0.0000e+00
-3.875 -1.175 0.0000e+00
-3.875 -1.125 0.0000e+00
-3.875 -1.075 0.0000e+00
-3.875 -1.025 0.0000e+00
-3.875 -0.975 0.0000e+00
-3.875 -0.925 0.0000e+00
-3.875 -0.875 0.0000e+00
-3.875 -0.825 0.0000e+00
-3.875 -0.775 0.0000e+00
-3.875 -0.725 0.0000e+00
-3.875 -0.675 0.0000e+00
-3.875 -0.625 0.0000e+00
-3.875 -0.575 0.0000e+00
-3.875 -0.525 0.0000e+00
-3.875 -0.475 0.0000e+00
-3.875 -0.425 0.0000e+00
-3.875 -0.375 0.0000e+00
-3.875 -0.325 0.0000e+00
-3.875 -0.275 0.0000e+00
-3.875 -0.225 0.0000e+00
-3.875 -0.175 0.0000e+00
-3.875 -0.125 0.0000e+00
-3.875 -0.075 0.0000e+00
-3.875 -0.025 0.0000e+00
-3.875 0.025 0.0000e+00
-3.875 0.075 0.0000e+00
-3.875 0.125 0.0000e+00
-3.875 0.175 0.0000e+00
-3.875 0.225 0.0000e+00
-3.875 0.275 0.0000e+00
-3.875 0.325 0.0000e+00
-3.875 0.375 0.0000e+00
-3.875 0.425 0.0000e+00
-3.875 0.475 0.0000e+00
-3.875 0.525 0.0000e+00
-3.875 0.575 0.0000e+00
-3.875 0.625 0.0000e+00
-3.875 0.675 0.0000e+00
-3.875 0.725 0.0000e+00
-3.875 0.775 0.0000e+00
-3.875 0.825 0.0000e+00
-3.875 0.875 0.0000e+00
-3.875 0.925 4.0859e-11
-3.875 0.975 8.1572e-11
-3.875 1.025 1.6287e-10
-3.875 1.075 3.2521e-10
-3.875 1.125 6.4942e-10
-3.875 1.175 1.2970e-09
-3.875 1.225 2.5906e-09
-3.875 1.275 5.1750e-09
-3.875 1.325 1.0339e-08
-3.875 1.375 2.0660e-08
-3.875 1.425 4.1292e-08
-3.875 1.475 8.2543e-08
-3.875 1.525 1.6504e-07
-3.875 1.575 3.3009e-07
-3.875 1.625 6.6036e-07
-3.875 1.675 1.3215e-06
-3.875 1.725 2.6456e-06
-3.875 1.775 5.2985e-06
-3.875 1.825 1.0617e-05
-3.875 1.875 2.1283e-05
-3.875 1.925 4.2691e-05
-3.875 1.975 8.5686e-05
-3.875 2.025 1.7211e-04
-3.875 2.075 3.4597e-04
-3.875 2.125 6.9611e-04
-3.875 2.175 1.4020e-03
-3.875 2.225 2.8270e-03
-3.875 2.275 5.7076e-03
-3.875 2.325 1.1540e-02
-3.875 2.375 2.3368e-02
-3.875 2.425 4.7406e-02
-3.875 2.475 9.6362e-02
-3.875 2.525 1.9631e-01
-3.875 2.575 4.0092e-01
-3.875 2.625 8.2104e-01
-3.875 2.675 1.6866e+00
-3.875 2.725 3.4764e+00
-3.875 2.775 7.1923e+00
-3.875 2.825 1.4942e+01
-3.875 2.875 3.1183e+01
-3.875 2.925 6.5398e+01
-3.875 2.975 1.3788e+02
-3.875 3.025 2.9236e+02
-3.875 3.075 6.2360e+02
-3.875 3.125 1.3382e+03
-3.875 3.175 2.8887e+03
-3.875 3.225 6.2705e+03
-3.875 3.275 1.3675e+04
-3.875 3.325 2.9921e+04
-3.875 3.375 6.5523e+04
-3.875 3.425 1.4316e+05
-3.875 3.475 3.1071e+05
-3.875 3.525 6.6632e+05
-3.875 3.575 1.4027e+06
-3.875 3.625 2.8765e+06
-3.875 3.675 5.6941e+06
-3.875 3.725 1.0756e+07
-3.875 3.775 1.9052e+07
-3.875 3.825 2.9369e+07
-3.875 3.875 0.0000e+00
-3.875 3.925 0.0000e+00
-3.875 3.975 0.0000e+00
-3.825 -1.975 0.0000e+00
-3.825 -1.925 0.0000e+00
-3.825 -1.875 0.0000e+00
-3.825 -1.825 0.0000e+00
-3.825 -1.775 0.0000e+00
-3.825 -1.725 0.0000e+00
-3.825 -1.675 0.0000e+00
-3.825 -1.625 0.0000e+00
-3.825 -1.575 0.0000e+00
-3.825 -1.525 0.0000e+00
-3.825 -1.475 0.0000e+00
-3.825 -1.425 0.0000e+00
-3.825 -1.375 0.0000e+00
-3.825 -1.325 0.0000e+00
-3.825 -1.275 0.0000e+00
-3.825 -1.225 0.0000e+00
-3.825 -1.175 0.0000e+00
-3.825 -1.125 0.0000e+00
-3.825 -1.075 0.0000e+00
-3.825 -1.025 0.0000e+00
-3.825 -0.975 0.0000e+00
-3.825 -0.925 0.0000e+00
-3.825 -0.875 0.0000e+00
-3.825 -0.825 0.0000e+00
-3.825 -0.775 0.0000e+00
-3.825 -0.725 0.0000e+00
-3.825 -0.675 0.0000e+00
-3.825 -0.625 0.0000e+00
-3.825 -0.575 0.0000e+00
-3.825 -0.525 0.0000e+00
-3.825 -0.475 0.0000e+00
-3.825 -0.425 0.0000e+00
-3.825 -0.375 0.0000e+00
-3.825 -0.325 0.0000e+00
-3.825 -0.275 0.0000e+00
-3.825 -0.225 0.0000e+00
-3.825 -0.175 0.0000e+00
-3.825 -0.125 0.0000e+00
-3.825 -0.075 0.0000e+00
-3.825 -0.025 0.0000e+00
-3.825 0.025 0.0000e+00
-3.825 0.075 0.0000e+00
-3.825 0.125 0.0000e+00
-3.825 0.175 0.0000e+00
-3.825 0.225 0.0000e+00
-3.825 0.275 0.0000e+00
-3.825 0.325 0.0000e+00
-3.825 0.375 0.0000e+00
-3.825 0.425 0.0000e+00
-3.825 0.475 0.0000e+00
-3.825 0.525 0.0000e+00
-3.825 0.575 0.0000e+00
-3.825 0.625 0.0000e+00
-3.825 0.675 0.0000e+00
-3.825 0.725 0.0000e+00
-3.825 0.775 0.0000e+00
-3.825 0.825 0.0000e+00
-3.825 0.875 0.0000e+00
-3.825 0.925 5.1438e-11
-3.825 0.975 1.0269e-10
-3.825 1.025 2.0504e-10
-3.825 1.075 4.0941e-10
-3.825 1.125 8.1757e-10
-3.825 1.175 1.6328e-09
-3.825 1.225 3.2613e-09
-3.825 1.275 6.5149e-09
-3.825 1.325 1.3016e-08
-3.825 1.375 2.6010e-08
-3.825 1.425 5.1983e-08
-3.825 1.475 1.0392e-07
-3.825 1.525 2.0778e-07
-3.825 1.575 4.1555e-07
-3.825 1.625 8.3135e-07
-3.825 1.675 1.6637e-06
-3.825 1.725 3.3307e-06
-3.825 1.775 6.6705e-06
-3.825 1.825 1.3366e-05
-3.825 1.875 2.6794e-05
-3.825 1.925 5.3745e-05
-3.825 1.975 1.0787e-04
-3.825 2.025 2.1668e-04
-3.825 2.075 4.3557e-04
-3.825 2.125 8.7638e-04
-3.825 2.175 1.7651e-03
-3.825 2.225 3.5592e-03
-3.825 2.275 7.1858e-03
-3.825 2.325 1.4529e-02
-3.825 2.375 2.9422e-02
-3.825 2.425 5.9688e-02
-3.825 2.475 1.2133e-01
-3.825 2.525 2.4719e-01
-3.825 2.575 5.0485e-01
-3.825 2.625 1.0339e+00
-3.825 2.675 2.1241e+00
-3.825 2.725 4.3785e+00
-3.825 2.775 9.0599e+00
-3.825 2.825 1.8825e+01
-3.825 2.875 3.9292e+01
-3.825 2.925 8.2422e+01
-3.825 2.975 1.7382e+02
-3.825 3.025 3.6864e+02
-3.825 3.075 7.8649e+02
-3.825 3.125 1.6881e+03
-3.825 3.175 3.6445e+03
-3.825 3.225 7.9103e+03
-3.825 3.275 1.7243e+04
-3.825 3.325 3.7680e+04
-3.825 3.375 8.2323e+04
-3.825 3.425 1.7913e+05
-3.825 3.475 3.8626e+05
-3.825 3.525 8.2007e+05
-3.825 3.575 1.7014e+06
-3.825 3.625 3.4196e+06
-3.825 3.675 6.5915e+06
-3.825 3.725 1.2041e+07
-3.825 3.775 2.0489e+07
-3.825 3.825 3.0171e+07
-3.825 3.875 0.0000e+00
-3.825 3.925 0.0000e+00
-3.825 3.975 0.0000e+00
-3.775 -1.975 0.0000e+00
-3.775 -1.925 0.0000e+00
-3.775 -1.875 0.0000e+00
-3.775 -1.825 0.0000e+00
-3.775 -1.775 0.0000e+00
-3.775 -1.725 0.0000e+00
-3.775 -1.675 0.0000e+00
-3.775 -1.625 0.0000e+00
-3.775 -1.575 0.0000e+00
-3.775 -1.525 0.0000e+00
-3.775 -1.475 0.0000e+00
-3.775 -1.425 0.0000e+00
-3.775 -1.375 0.0000e+00
-3.775 -1.325 0.0000e+00
-3.775 -1.275 0.0000e+00
-3.775 -1.225 0.0000e+00
-3.775 -1.175 0.0000e+00
-3.775 -1.125 0.0000e+00
-3.775 -1.075 0.0000e+00
-3.775 -1.025 0.0000e+00
-3.775 -0.975 0.0000e+00
-3.775 -0.925 0.0000e+00
-3.775 -0.875 0.0000e+00
-3.775 -0.825 0.0000e+00
-3.775 -0.775 0.0000e+00
-3.775 -0.725 0.0000e+00
-3.775 -0.675 0.0000e+00
-3.775 -0.625 0.0000e+00
-3.775 -0.575 0.0000e+00
-3.775 -0.525 0.0000e+00
-3.775 -0.475 0.0000e+00
-3.775 -0.425 0.0000e+00
-3.775 -0.375 0.0000e+00
-3.775 -0.325 0.0000e+00
-3.775 -0.275 0.0000e+00
-3.775 -0.225 0.0000e+00
-3.775 -0.175 0.0000e+00
-3.775 -0.125 0.0000e+00
-3.775 -0.075 0.0000e+00
-3.775 -0.025 0.0000e+00
-3.775 0.025 0.0000e+00
-3.775 0.075 0.0000e+00
-3.775 0.125 0.0000e+00
-3.775 0.175 0.0000e+00
-3.775 0.225 0.0000e+00
-3.775 0.275 0.0000e+00
-3.775 0.325 0.0000e+00
-3.775 0.375 0.0000e+00
-3.775 0.425 0.0000e+00
-3.775 0.475 0.0000e+00
-3.775 0.525 0.0000e+00
-3.775 0.575 0.0000e+00
-3.775 0.625 0.0000e+00
-3.775 0.675 0.0000e+00
-3.775 0.725 0.0000e+00
-3.775 0.775 0.0000e+00
-3.775 0.825 0.0000e+00
-3.775 0.875 0.0000e+00
-3.775 0.925 6.4757e-11
-3.775 0.975 1.2928e-10
-3.775 1.025 2.5813e-10
-3.775 1.075 5.1542e-10
-3.775 1.125 1.0293e-09
-3.775 1.175 2.0556e-09
-3.775 1.225 4.1058e-09
-3.775 1.275 8.2018e-09
-3.775 1.325 1.6387e-08
-3.775 1.375 3.2744e-08
-3.775 1.425 6.5443e-08
-3.775 1.475 1.3082e-07
-3.775 1.525 2.6158e-07
-3.775 1.575 5.2315e-07
-3.775 1.625 1.0466e-06
-3.775 1.675 2.0945e-06
-3.775 1.725 4.1931e-06
-3.775 1.775 8.3977e-06
-3.775 1.825 1.6826e-05
-3.775 1.875 3.3732e-05
-3.775 1.925 6.7662e-05
-3.775 1.975 1.3581e-04
-3.775 2.025 2.7278e-04
-3.775 2.075 5.4836e-04
-3.775 2.125 1.1033e-03
-3.775 2.175 2.2223e-03
-3.775 2.225 4.4810e-03
-3.775 2.275 9.0471e-03
-3.775 2.325 1.8292e-02
-3.775 2.375 3.7044e-02
-3.775 2.425 7.5154e-02
-3.775 2.475 1.5278e-01
-3.775 2.525 3.1126e-01
-3.775 2.575 6.3576e-01
-3.775 2.625 1.3021e+00
-3.775 2.675 2.6753e+00
-3.775 2.725 5.5154e+00
-3.775 2.775 1.1414e+01
-3.775 2.825 2.3720e+01
-3.775 2.875 4.9519e+01
-3.775 2.925 1.0390e+02
-3.775 2.975 2.1915e+02
-3.775 3.025 4.6491e+02
-3.775 3.075 9.9204e+02
-3.775 3.125 2.1294e+03
-3.775 3.175 4.5964e+03
-3.775 3.225 9.9705e+03
-3.775 3.275 2.1705e+04
-3.775 3.325 4.7312e+04
-3.775 3.375 1.0293e+05
-3.775 3.425 2.2248e+05
-3.775 3.475 4.7490e+05
-3.775 3.525 9.9375e+05
-3.775 3.575 2.0211e+06
-3.775 3.625 3.9571e+06
-3.775 3.675 7.3798e+06
-3.775 3.725 1.2953e+07
-3.775 3.775 2.1042e+07
-3.775 3.825 2.9433e+07
-3.775 3.875 0.0000e+00
-3.775 3.925 0.0000e+00
-3.775 3.975 0.0000e+00
-3.725 -1.975 0.0000e+00
-3.725 -1.925 0.0000e+00
-3.725 -1.875 0.0000e+00
-3.725 -1.825 0.0000e+00
-3.725 -1.775 0.0000e+00
-3.725 -1.725 0.0000e+00
-3.725 -1.675 0.0000e+00
-3.725 -1.625 0.0000e+00
-3.725 -1.575 0.0000e+00
-3.725 -1.525 0.0000e+00
-3.725 -1.475 0.0000e+00
-3.725 -1.425 0.0000e+00
-3.725 -1.375 0.0000e+00
-3.725 -1.325 0.0000e+00
-3.725 -1.275 0.0000e+00
-3.725 -1.225 0.0000e+00
-3.725 -1.175 0.0000e+00
-3.725 -1.125 0.0000e+00
-3.725 -1.075 0.0000e+00
-3.725 -1.025 0.0000e+00
-3.725 -0.975 0.0000e+00
-3.725 -0.925 0.0000e+00
-3.725 -0.875 0.0000e+00
-3.725 -0.825 0.0000e+00
-3.725 -0.775 0.0000e+00
-3.725 -0.725 0.0000e+00
-3.725 -0.675 0.0000e+00
-3.725 -0.625 0.0000e+00
-3.725 -0.575 0.0000e+00
-3.725 -0.525 0.0000e+00
-3.725 -0.475 0.0000e+00
-3.725 -0.425 0.0000e+00
-3.725 -0.375 0.0000e+00
-3.725 -0.325 0.0000e+00
-3.725 -0.275 0.0000e+00
-3.725 -0.225 0.0000e+00
-3.725 -0.175 0.0000e+00
-3.725 -0.125 0.0000e+00
-3.725 -0.075 0.0000e+00
-3.725 -0.025 0.0000e+00
-3.725 0.025 0.0000e+00
-3.725 0.075 0.0000e+00
-3.725 0.125 0.0000e+00
-3.725 0.175 0.0000e+00
-3.725 0.225 0.0000e+00
-3.725 0.275 0.0000e+00
-3.725 0.325 0.0000e+00
-3.725 0.375 0.0000e+00
-3.725 0.425 0.0000e+00
-3.725 0.475 0.0000e+00
-3.725 0.525 0.0000e+00
-3.725 0.575 0.0000e+00
-3.725 0.625 0.0000e+00
-3.725 0.675 0.0000e+00
-3.725 0.725 0.0000e+00
-3.725 0.775 0.0000e+00
-3.725 0.825 0.0000e+00
-3.725 0.875 0.0000e+00
-3.725 0.925 8.1524e-11
-3.725 0.975 1.6276e-10
-3.725 1.025 3.2496e-10
-3.725 1.075 6.4887e-10
-3.725 1.125 1.2958e-09
-3.725 1.175 2.5878e-09
-3.725 1.225 5.1688e-09
-3.725 1.275 1.0325e-08
-3.725 1.325 2.0629e-08
-3.725 1.375 4.1223e-08
-3.725 1.425 8.2389e-08
-3.725 1.475 1.6470e-07
-3.725 1.525 3.2931e-07
-3.725 1.575 6.5861e-07
-3.725 1.625 1.3176e-06
-3.725 1.675 2.6368e-06
-3.725 1.725 5.2788e-06
-3.725 1.775 1.0572e-05
-3.725 1.825 2.1183e-05
-3.725 1.875 4.2467e-05
-3.725 1.925 8.5183e-05
-3.725 1.975 1.7098e-04
-3.725 2.025 3.4343e-04
-3.725 2.075 6.9037e-04
-3.725 2.125 1.3891e-03
-3.725 2.175 2.7978e-03
-3.725 2.225 5.6417e-03
-3.725 2.275 1.1391e-02
-3.725 2.325 2.3031e-02
-3.725 2.375 4.6643e-02
-3.725 2.425 9.4631e-02
-3.725 2.475 1.9238e-01
-3.725 2.525 3.9197e-01
-3.725 2.575 8.0066e-01
-3.725 2.625 1.6401e+00
-3.725 2.675 3.3699e+00
-3.725 2.725 6.9484e+00
-3.725 2.775 1.4382e+01
-3.725 2.825 2.9893e+01
-3.725 2.875 6.2419e+01
-3.725 2.925 1.3099e+02
-3.725 2.975 2.7636e+02
-3.725 3.025 5.8636e+02
-3.725 3.075 1.2512e+03
-3.725 3.125 2.6851e+03
-3.725 3.175 5.7921e+03
-3.725 3.225 1.2546e+04
-3.725 3.275 2.7241e+04
-3.725 3.325 5.9123e+04
-3.725 3.375 1.2775e+05
-3.725 3.425 2.7329e+05
-3.725 3.475 5.7484e+05
-3.725 3.525 1.1790e+06
-3.725 3.575 2.3355e+06
-3.725 3.625 4.4233e+06
-3.725 3.675 7.9237e+06
-3.725 3.725 1.3269e+07
-3.725 3.775 2.0447e+07
-3.725 3.825 2.7012e+07
-3.725 3.875 0.0000e+00
-3.725 3.925 0.0000e+00
-3.725 3.975 0.0000e+00
-3.675 -1.975 0.0000e+00
-3.675 -1.925 0.0000e+00
-3.675 -1.875 0.0000e+00
-3.675 -1.825 0.0000e+00
-3.675 -1.775 0.0000e+00
-3.675 -1.725 0.0000e+00
-3.675 -1.675 0.0000e+00
-3.675 -1.625 0.0000e+00
-3.675 -1.575 0.0000e+00
-3.675 -1.525 0.0000e+00
-3.675 -1.475 0.0000e+00
-3.675 -1.425 0.0000e+00
-3.675 -1.375 0.0000e+00
-3.675 -1.325 0.0000e+00
-3.675 -1.275 0.0000e+00
-3.675 -1.225 0.0000e+00
-3.675 -1.175 0.0000e+00
-3.675 -1.125 0.0000e+00
-3.675 -1.075 0.0000e+00
-3.675 -1.025 0.0000e+00
-3.675 -0.975 0.0000e+00
-3.675 -0.925 0.0000e+00
-3.675 -0.875 0.0000e+00
-3.675 -0.825 0.0000e+00
-3.675 -0.775 0.0000e+00
-3.675 -0.725 0.0000e+00
-3.675 -0.675 0.0000e+00
-3.675 -0.625 0.0000e+00
-3.675 -0.575 0.0000e+00
-3.675 -0.525 0.0000e+00
-3.675 -0.475 0.0000e+00
-3.675 -0.425 0.0000e+00
-3.675 -0.375 0.0000e+00
-3.675 -0.325 0.0000e+00
-3.675 -0.275 0.0000e+00
-3.675 -0.225 0.0000e+00
-3.675 -0.175 0.0000e+00
-3.675 -0.125 0.0000e+00
-3.675 -0.075 0.0000e+00
-3.675 -0.025 0.0000e+00
-3.675 0.025 0.0000e+00
-3.675 0.075 0.0000e+00
-3.675 0.125 0.0000e+00
-3.675 0.175 0.0000e+00
-3.675 0.225 0.0000e+00
-3.675 0.275 0.0000e+00
-3.675 0.325 0.0000e+00
-3.675 0.375 0.0000e+00
-3.675 0.425 0.0000e+00
-3.675 0.475 0.0000e+00
-3.675 0.525 0.0000e+00
-3.675 0.575 0.0000e+00
-3.675 0.625 0.0000e+00
-3.675 0.675 0.0000e+00
-3.675 0.725 0.0000e+00
-3.675 0.775 0.0000e+00
-3.675 0.825 0.0000e+00
-3.675 0.875 0.0000e+00
-3.675 0.925 1.0263e-10
-3.675 0.975 2.0490e-10
-3.675 1.025 4.0910e-10
-3.675 1.075 8.1688e-10
-3.675 1.125 1.6313e-09
-3.675 1.175 3.2579e-09
-3.675 1.225 6.5072e-09
-3.675 1.275 1.2999e-08
-3.675 1.325 2.5971e-08
-3.675 1.375 5.1897e-08
-3.675 1.425 1.0372e-07
-3.675 1.475 2.0734e-07
-3.675 1.525 4.1458e-07
-3.675 1.575 8.2915e-07
-3.675 1.625 1.6588e-06
-3.675 1.675 3.3196e-06
-3.675 1.725 6.6457e-06
-3.675 1.775 1.3310e-05
-3.675 1.825 2.6669e-05
-3.675 1.875 5.3463e-05
-3.675 1.925 1.0724e-04
-3.675 1.975 2.1525e-04
-3.675 2.025 4.3236e-04
-3.675 2.075 8.6917e-04
-3.675 2.125 1.7489e-03
-3.675 2.175 3.5225e-03
-3.675 2.225 7.1031e-03
-3.675 2.275 1.4342e-02
-3.675 2.325 2.8999e-02
-3.675 2.375 5.8731e-02
-3.675 2.425 1.1916e-01
-3.675 2.475 2.4226e-01
-3.675 2.525 4.9365e-01
-3.675 2.575 1.0084e+00
-3.675 2.625 2.0659e+00
-3.675 2.675 4.2455e+00
-3.675 2.725 8.7550e+00
-3.675 2.775 1.8124e+01
-3.675 2.825 3.7679e+01
-3.675 2.875 7.8694e+01
-3.675 2.925 1.6518e+02
-3.675 2.975 3.4854e+02
-3.675 3.025 7.3948e+02
-3.675 3.075 1.5776e+03
-3.675 3.125 3.3831e+03
-3.675 3.175 7.2869e+03
-3.675 3.225 1.5742e+04
-3.675 3.275 3.4028e+04
-3.675 3.325 7.3340e+04
-3.675 3.375 1.5682e+05
-3.675 3.425 3.3052e+05
-3.675 3.475 6.8121e+05
-3.675 3.525 1.3603e+06
-3.675 3.575 2.6054e+06
-3.675 3.625 4.7368e+06
-3.675 3.675 8.0883e+06
-3.675 3.725 1.2830e+07
-3.675 3.775 1.8636e+07
-3.675 3.825 2.3134e+07
-3.675 3.875 0.0000e+00
-3.675 3.925 0.0000e+00
-3.675 3.975 0.0000e+00
-3.625 -1.975 0.0000e+00
-3.625 -1.925 0.0000e+00
-3.625 -1.875 0.0000e+00
-3.625 -1.825 0.0000e+00
-3.625 -1.775 0.0000e+00
-3.625 -1.725 0.0000e+00
-3.625 -1.675 0.0000e+00
-3.625 -1.625 0.0000e+00
-3.625 -1.575 0.0000e+00
-3.625 -1.525 0.0000e+00
-3.625 -1.475 0.0000e+00
-3.625 -1.425 0.0000e+00
-3.625 -1.375 0.0000e+00
-3.625 -1.325 0.0000e+00
-3.625 -1.275 0.0000e+00
-3.625 -1.225 0.0000e+00
-3.625 -1.175 0.0000e+00
-3.625 -1.125 0.0000e+00
-3.625 -1.075 0.0000e+00
-3.625 -1.025 0.0000e+00
-3.625 -0.975 0.0000e+00
-3.625 -0.925 0.0000e+00
-3.625 -0.875 0.0000e+00
-3.625 -0.825 0.0000e+00
-3.625 -0.775 0.0000e+00
-3.625 -0.725 0.0000e+00
-3.625 -0.675 0.0000e+00
-3.625 -0.625 0.0000e+00
-3.625 -0.575 0.0000e+00
-3.625 -0.525 0.0000e+00
-3.625 -0.475 0.0000e+00
-3.625 -0.425 0.0000e+00
-3.625 -0.375 0.0000e+00
-3.625 -0.325 0.0000e+00
-3.625 -0.275 0.0000e+00
-3.625 -0.225 0.0000e+00
-3.625 -0.175 0.0000e+00
-3.625 -0.125 0.0000e+00
-3.625 -0.075 0.0000e+00
-3.625 -0.025 0.0000e+00
-3.625 0.025 0.0000e+00
-3.625 0.075 0.0000e+00
-3.625 0.125 0.0000e+00
-3.625 0.175 0.0000e+00
-3.625 0.225 0.0000e+00
-3.625 0.275 0.0000e+00
-3.625 0.325 0.0000e+00
-3.625 0.375 0.0000e+00
-3.625 0.425 0.0000e+00
-3.625 0.475 0.0000e+00
-3.625 0.525 0.0000e+00
-3.625 0.575 0.0000e+00
-3.625 0.625 0.0000e+00
-3.625 0.675 0.0000e+00
-3.625 0.725 0.0000e+00
-3.625 0.775 0.0000e+00
-3.625 0.825 0.0000e+00
-3.625 0.875 0.0000e+00
-3.625 0.925 1.2921e-10
-3.625 0.975 2.5795e-10
-3.625 1.025 5.1503e-10
-3.625 1.075 1.0284e-09
-3.625 1.125 2.0536e-09
-3.625 1.175 4.1014e-09
-3.625 1.225 8.1921e-09
-3.625 1.275 1.6365e-08
-3.625 1.325 3.2696e-08
-3.625 1.375 6.5334e-08
-3.625 1.425 1.3058e-07
-3.625 1.475 2.6103e-07
-3.625 1.525 5.2192e-07
-3.625 1.575 1.0438e-06
-3.625 1.625 2.0883e-06
-3.625 1.675 4.1792e-06
-3.625 1.725 8.3665e-06
-3.625 1.775 1.6756e-05
-3.625 1.825 3.3575e-05
-3.625 1.875 6.7308e-05
-3.625 1.925 1.3501e-04
-3.625 1.975 2.7100e-04
-3.625 2.025 5.4434e-04
-3.625 2.075 1.0943e-03
-3.625 2.125 2.2019e-03
-3.625 2.175 4.4350e-03
-3.625 2.225 8.9433e-03
-3.625 2.275 1.8058e-02
-3.625 2.325 3.6514e-02
-3.625 2.375 7.3955e-02
-3.625 2.425 1.5006e-01
-3.625 2.475 3.0510e-01
-3.625 2.525 6.2175e-01
-3.625 2.575 1.2703e+00
-3.625 2.625 2.6026e+00
-3.625 2.675 5.3492e+00
-3.625 2.725 1.1033e+01
-3.625 2.775 2.2845e+01
-3.625 2.825 4.7502e+01
-3.625 2.875 9.9228e+01
-3.625 2.925 2.0830e+02
-3.625 2.975 4.3953e+02
-3.625 3.025 9.3228e+02
-3.625 3.075 1.9874e+03
-3.625 3.125 4.2555e+03
-3.625 3.175 9.1414e+03
-3.625 3.225 1.9660e+04
-3.625 3.275 4.2201e+04
-3.625 3.325 9.0002e+04
-3.625 3.375 1.8958e+05
-3.625 3.425 3.9143e+05
-3.625 3.475 7.8519e+05
-3.625 3.525 1.5152e+06
-3.625 3.575 2.7836e+06
-3.625 3.625 4.8191e+06
-3.625 3.675 7.7847e+06
-3.625 3.725 1.1620e+07
-3.625 3.775 1.5826e+07
-3.625 3.825 1.8395e+07
-3.625 3.875 0.0000e+00
-3.625 3.925 0.0000e+00
-3.625 3.975 0.0000e+00
-3.575 -1.975 0.0000e+00
-3.575 -1.925 0.0000e+00
-3.575 -1.875 0.0000e+00
-3.575 -1.825 0.0000e+00
-3.575 -1.775 0.0000e+00
-3.575 -1.725 0.0000e+00
-3.575 -1.675 0.0000e+00
-3.575 -1.625 0.0000e+00
-3.575 -1.575 0.0000e+00
-3.575 -1.525 0.0000e+00
-3.575 -1.475 0.0000e+00
-3.575 -1.425 0.0000e+00
-3.575 -1.375 0.0000e+00
-3.575 -1.325 0.0000e+00
-3.575 -1.275 0.0000e+00
-3.575 -1.225 0.0000e+00
-3.575 -1.175 0.0000e+00
-3.575 -1.125 0.0000e+00
-3.575 -1.075 0.0000e+00
-3.575 -1.025 0.0000e+00
-3.575 -0.975 0.0000e+00
-3.575 -0.925 0.0000e+00
-3.575 -0.875 0.0000e+00
-3.575 -0.825 0.0000e+00
-3.575 -0.775 0.0000e+00
-3.575 -0.725 0.0000e+00
-3.575 -0.675 0.0000e+00
-3.575 -0.625 0.0000e+00
-3.575 -0.575 0.0000e+00
-3.575 -0.525 0.0000e+00
-3.575 -0.475 0.0000e+00
-3.575 -0.425 0.0000e+00
-3.575 -0.375 0.0000e+00
-3.575 -0.325 0.0000e+00
-3.575 -0.275 0.0000e+00
-3.575 -0.225 0.0000e+00
-3.575 -0.175 0.0000e+00
-3.575 -0.125 0.0000e+00
-3.575 -0.075 0.0000e+00
-3.575 -0.025 0.0000e+00
-3.575 0.025 0.0000e+00
-3.575 0.075 0.0000e+00
-3.575 0.125 0.0000e+00
-3.575 0.175 0.0000e+00
-3.575 0.225 0.0000e+00
-3.575 0.275 0.0000e+00
-3.575 0.325 0.0000e+00
-3.575 0.375 0.0000e+00
-3.575 0.425 0.0000e+00
-3.575 0.475 0.0000e+00
-3.575 0.525 0.0000e+00
-3.575 0.575 0.0000e+00
-3.575 0.625 0.0000e+00
-3.575 0.675 0.0000e+00
-3.575 0.725 0.0000e+00
-3.575 0.775 0.0000e+00
-3.575 0.825 0.0000e+00
-3.575 0.875 0.0000e+00
-3.575 0.925 1.6266e-10
-3.575 0.975 3.2475e-10
-3.575 1.025 6.4839e-10
-3.575 1.075 1.2947e-09
-3.575 1.125 2.5854e-09
-3.575 1.175 5.1634e-09
-3.575 1.225 1.0313e-08
-3.575 1.275 2.0602e-08
-3.575 1.325 4.1161e-08
-3.575 1.375 8.2251e-08
-3.575 1.425 1.6439e-07
-3.575 1.475 3.2862e-07
-3.575 1.525 6.5706e-07
-3.575 1.575 1.3141e-06
-3.575 1.625 2.6290e-06
-3.575 1.675 5.2613e-06
-3.575 1.725 1.0533e-05
-3.575 1.775 2.1095e-05
-3.575 1.825 4.2269e-05
-3.575 1.875 8.4738e-05
-3.575 1.925 1.6998e-04
-3.575 1.975 3.4118e-04
-3.575 2.025 6.8532e-04
-3.575 2.075 1.3777e-03
-3.575 2.125 2.7722e-03
-3.575 2.175 5.5840e-03
-3.575 2.225 1.1261e-02
-3.575 2.275 2.2738e-02
-3.575 2.325 4.5980e-02
-3.575 2.375 9.3131e-02
-3.575 2.425 1.8898e-01
-3.575 2.475 3.8427e-01
-3.575 2.525 7.8317e-01
-3.575 2.575 1.6003e+00
-3.575 2.625 3.2792e+00
-3.575 2.675 6.7410e+00
-3.575 2.725 1.3906e+01
-3.575 2.775 2.8800e+01
-3.575 2.825 5.9895e+01
-3.575 2.875 1.2513e+02
-3.575 2.925 2.6267e+02
-3.575 2.975 5.5408e+02
-3.575 3.025 1.1744e+03
-3.575 3.075 2.4997e+03
-3.575 3.125 5.3381e+03
-3.575 3.175 1.1416e+04
-3.575 3.225 2.4380e+04
-3.575 3.275 5.1787e+04
-3.575 3.325 1.0880e+05
-3.575 3.375 2.2449e+05
-3.575 3.425 4.5103e+05
-3.575 3.475 8.7397e+05
-3.575 3.525 1.6167e+06
-3.575 3.575 2.8258e+06
-3.575 3.625 4.6228e+06
-3.575 3.675 7.0170e+06
-3.575 3.725 9.8048e+06
-3.575 3.775 1.2480e+07
-3.575 3.825 1.3569e+07
-3.575 3.875 0.0000e+00
-3.575 3.925 0.0000e+00
-3.575 3.975 0.0000e+00
-3.525 -1.975 0.0000e+00
-3.525 -1.925 0.0000e+00
-3.525 -1.875 0.0000e+00
-3.525 -1.825 0.0000e+00
-3.525 -1.775 0.0000e+00
-3.525 -1.725 0.0000e+00
-3.525 -1.675 0.0000e+00
-3.525 -1.625 0.0000e+00
-3.525 -1.575 0.0000e+00
-3.525 -1.525 0.0000e+00
-3.525 -1.475 0.0000e+00
-3.525 -1.425 0.0000e+00
-3.525 -1.375 0.0000e+00
-3.525 -1.325 0.0000e+00
-3.525 -1.275 0.0000e+00
-3.525 -1.225 0.0000e+00
-3.525 -1.175 0.0000e+00
-3.525 -1.125 0.0000e+00
-3.525 -1.075 0.0000e+00
-3.525 -1.025 0.0000e+00
-3.525 -0.975 0.0000e+00
-3.525 -0.925 0.0000e+00
-3.525 -0.875 0.0000e+00
-3.525 -0.825 0.0000e+00
-3.525 -0.775 0.0000e+00
-3.525 -0.725 0.0000e+00
-3.525 -0.675 0.0000e+00
-3.525 -0.625 0.0000e+00
-3.525 -0.575 0.0000e+00
-3.525 -0.525 0.0000e+00
-3.525 -0.475 0.0000e+00
-3.525 -0.425 0.0000e+00
-3.525 -0.375 0.0000e+00
-3.525 -0.325 0.0000e+00
-3.525 -0.275 0.0000e+00
-3.525 -0.225 0.0000e+00
-3.525 -0.175 0.0000e+00
-3.525 -0.125 0.0000e+00
-3.525 -0.075 0.0000e+00
-3.525 -0.025 0.0000e+00
-3.525 0.025 0.0000e+00
-3.525 0.075 0.0000e+00
-3.525 0.125 0.0000e+00
-3.525 0.175 0.0000e+00
-3.525 0.225 0.0000e+00
-3.525 0.275 0.0000e+00
-3.525 0.325 0.0000e+00
-3.525 0.375 0.0000e+00
-3.525 0.425 0.0000e+00
-3.525 0.475 0.0000e+00
-3.525 0.525 0.0000e+00
-3.525 0.575 0.0000e+00
-3.525 0.625 0.0000e+00
-3.525 0.675 0.0000e+00
-3.525 0.725 0.0000e+00
-3.525 0.775 0.0000e+00
-3.525 0.825 0.0000e+00
-3.525 0.875 0.0000e+00
-3.525 0.925 2.0478e-10
-3.525 0.975 4.0883e-10
-3.525 1.025 8.1627e-10
-3.525 1.075 1.6299e-09
-3.525 1.125 3.2548e-09
-3.525 1.175 6.5003e-09
-3.525 1.225 1.2984e-08
-3.525 1.275 2.5937e-08
-3.525 1.325 5.1819e-08
-3.525 1.375 1.0355e-07
-3.525 1.425 2.0695e-07
-3.525 1.475 4.1371e-07
-3.525 1.525 8.2720e-07
-3.525 1.575 1.6544e-06
-3.525 1.625 3.3098e-06
-3.525 1.675 6.6237e-06
-3.525 1.725 1.3260e-05
-3.525 1.775 2.6558e-05
-3.525 1.825 5.3215e-05
-3.525 1.875 1.0668e-04
-3.525 1.925 2.1400e-04
-3.525 1.975 4.2955e-04
-3.525 2.025 8.6283e-04
-3.525 2.075 1.7346e-03
-3.525 2.125 3.4904e-03
-3.525 2.175 7.0309e-03
-3.525 2.225 1.4179e-02
-3.525 2.275 2.8632e-02
-3.525 2.325 5.7902e-02
-3.525 2.375 1.1729e-01
-3.525 2.425 2.3802e-01
-3.525 2.475 4.8404e-01
-3.525 2.525 9.8662e-01
-3.525 2.575 2.0163e+00
-3.525 2.625 4.1324e+00
-3.525 2.675 8.4965e+00
-3.525 2.725 1.7531e+01
-3.525 2.775 3.6313e+01
-3.525 2.825 7.5528e+01
-3.525 2.875 1.5778e+02
-3.525 2.925 3.3111e+02
-3.525 2.975 6.9793e+02
-3.525 3.025 1.4770e+03
-3.525 3.075 3.1356e+03
-3.525 3.125 6.6663e+03
-3.525 3.175 1.4158e+04
-3.525 3.225 2.9924e+04
-3.525 3.275 6.2619e+04
-3.525 3.325 1.2888e+05
-3.525 3.375 2.5876e+05
-3.525 3.425 5.0214e+05
-3.525 3.475 9.3239e+05
-3.525 3.525 1.6400e+06
-3.525 3.575 2.7065e+06
-3.525 3.625 4.1561e+06
-3.525 3.675 5.8982e+06
-3.525 3.725 7.6919e+06
-3.525 3.775 9.1446e+06
-3.525 3.825 9.3175e+06
-3.525 3.875 0.0000e+00
-3.525 3.925 0.0000e+00
-3.525 3.975 0.0000e+00
-3.475 -1.975 0.0000e+00
-3.475 -1.925 0.0000e+00
-3.475 -1.875 0.0000e+00
-3.475 -1.825 0.0000e+00
-3.475 -1.775 0.0000e+00
-3.475 -1.725 0.0000e+00
-3.475 -1.675 0.0000e+00
-3.475 -1.625 0.0000e+00
-3.475 -1.575 0.0000e+00
-3.475 -1.525 0.0000e+00
-3.475 -1.475 0.0000e+00
-3.475 -1.425 0.0000e+00
-3.475 -1.375 0.0000e+00
-3.475 -1.325 0.0000e+00
-3.475 -1.275 0.0000e+00
-3.475 -1.225 0.0000e+00
-3.475 -1.175 0.0000e+00
-3.475 -1.125 0.0000e+00
-3.475 -1.075 0.0000e+00
-3.475 -1.025 0.0000e+00
-3.475 -0.975 0.0000e+00
-3.475 -0.925 0.0000e+00
-3.475 -0.875 0.0000e+00
-3.475 -0.825 0.0000e+00
-3.475 -0.775 0.0000e+00
-3.475 -0.725 0.0000e+00
-3.475 -0.675 0.0000e+00
-3.475 -0.625 0.0000e+00
-3.475 -0.575 0.0000e+00
-3.475 -0.525 0.0000e+00
-3.475 -0.475 0.0000e+00
-3.475 -0.425 0.0000e+00
-3.475 -0.375 0.0000e+00
-3.475 -0.325 0.0000e+00
-3.475 -0.275 0.0000e+00
-3.475 -0.225 0.0000e+00
-3.475 -0.175 0.0000e+00
-3.475 -0.125 0.0000e+00
-3.475 -0.075 0.0000e+00
-3.475 -0.025 0.0000e+00
-3.475 0.025 0.0000e+00
-3.475 0.075 0.0000e+00
-3.475 0.125 0.0000e+00
-3.475 0.175 0.0000e+00
-3.475 0.225 0.0000e+00
-3.475 0.275 0.0000e+00
-3.475 0.325 0.0000e+00
-3.475 0.375 0.0000e+00
-3.475 0.425 0.0000e+00
-3.475 0.475 0.0000e+00
-3.475 0.525 0.0000e+00
-3.475 0.575 0.0000e+00
-3.475 0.625 0.0000e+00
-3.475 0.675 0.0000e+00
-3.475 0.725 0.0000e+00
-3.475 0.775 0.0000e+00
-3.475 0.825 0.0000e+00
-3.475 0.875 0.0000e+00
-3.475 0.925 2.5780e-10
-3.475 0.975 5.1469e-10
-3.475 1.025 1.0276e-09
-3.475 1.075 2.0519e-09
-3.475 1.125 4.0976e-09
-3.475 1.175 8.1835e-09
-3.475 1.225 1.6345e-08
-3.475 1.275 3.2652e-08
-3.475 1.325 6.5237e-08
-3.475 1.375 1.3036e-07
-3.475 1.425 2.6054e-07
-3.475 1.475 5.2083e-07
-3.475 1.525 1.0414e-06
-3.475 1.575 2.0828e-06
-3.475 1.625 4.1668e-06
-3.475 1.675 8.3389e-06
-3.475 1.725 1.6694e-05
-3.475 1.775 3.3436e-05
-3.475 1.825 6.6996e-05
-3.475 1.875 1.3431e-04
-3.475 1.925 2.6942e-04
-3.475 1.975 5.4081e-04
-3.475 2.025 1.0863e-03
-3.475 2.075 2.1840e-03
-3.475 2.125 4.3948e-03
-3.475 2.175 8.8530e-03
-3.475 2.225 1.7854e-02
-3.475 2.275 3.6056e-02
-3.475 2.325 7.2920e-02
-3.475 2.375 1.4772e-01
-3.475 2.425 2.9981e-01
-3.475 2.475 6.0978e-01
-3.475 2.525 1.2431e+00
-3.475 2.575 2.5408e+00
-3.475 2.625 5.2085e+00
-3.475 2.675 1.0711e+01
-3.475 2.725 2.2104e+01
-3.475 2.775 4.5789e+01
-3.475 2.825 9.5234e+01
-3.475 2.875 1.9889e+02
-3.475 2.925 4.1707e+02
-3.475 2.975 8.7780e+02
-3.475 3.025 1.8528e+03
-3.475 3.075 3.9161e+03
-3.475 3.125 8.2689e+03
-3.475 3.175 1.7382e+04
-3.475 3.225 3.6201e+04
-3.475 3.275 7.4226e+04
-3.475 3.325 1.4868e+05
-3.475 3.375 2.8836e+05
-3.475 3.425 5.3620e+05
-3.475 3.475 9.4649e+05
-3.475 3.525 1.5711e+06
-3.475 3.575 2.4323e+06
-3.475 3.625 3.4894e+06
-3.475 3.675 4.6177e+06
-3.475 3.725 5.6195e+06
-3.475 3.775 6.2548e+06
-3.475 3.825 6.0000e+06
-3.475 3.875 0.0000e+00
-3.475 3.925 0.0000e+00
-3.475 3.975 0.0000e+00
-3.425 -1.975 0.0000e+00
-3.425 -1.925 0.0000e+00
-3.425 -1.875 0.0000e+00
-3.425 -1.825 0.0000e+00
-3.425 -1.775 0.0000e+00
-3.425 -1.725 0.0000e+00
-3.425 -1.675 0.0000e+00
-3.425 -1.625 0.0000e+00
-3.425 -1.575 0.0000e+00
-3.425 -1.525 0.0000e+00
-3.425 -1.475 0.0000e+00
-3.425 -1.425 0.0000e+00
-3.425 -1.375 0.0000e+00
-3.425 -1.325 0.0000e+00
-3.425 -1.275 0.0000e+00
-3.425 -1.225 0.0000e+00
-3.425 -1.175 0.0000e+00
-3.425 -1.125 0.0000e+00
-3.425 -1.075 0.0000e+00
-3.425 -1.025 0.0000e+00
-3.425 -0.975 0.0000e+00
-3.425 -0.925 0.0000e+00
-3.425 -0.875 0.0000e+00
-3.425 -0.825 0.0000e+00
-3.425 -0.775 0.0000e+00
-3.425 -0.725 0.0000e+00
-3.425 -0.675 0.0000e+00
-3.425 -0.625 0.0000e+00
-3.425 -0.575 0.0000e+00
-3.425 -0.525 0.0000e+00
-3.425 -0.475 0.0000e+00
-3.425 -0.425 0.0000e+00
-3.425 -0.375 0.0000e+00
-3.425 -0.325 0.0000e+00
-3.425 -0.275 0.0000e+00
-3.425 -0.225 0.0000e+00
-3.425 -0.175 0.0000e+00
-3.425 -0.125 0.0000e+00
-3.425 -0.075 0.0000e+00
-3.425 -0.025 0.0000e+00
-3.425 0.025 0.0000e+00
-3.425 0.075 0.0000e+00
-3.425 0.125 0.0000e+00
-3.425 0.175 0.0000e+00
-3.425 0.225 0.0000e+00
-3.425 0.275 0.0000e+00
-3.425 0.325 0.0000e+00
-3.425 0.375 0.0000e+00
-3.425 0.425 0.0000e+00
-3.425 0.475 0.0000e+00
-3.425 0.525 0.0000e+00
-3.425 0.575 0.0000e+00
-3.425 0.625 0.0000e+00
-3.425 0.675 0.0000e+00
-3.425 0.725 0.0000e+00
-3.425 0.775 0.0000e+00
-3.425 0.825 0.0000e+00
-3.425 0.875 0.0000e+00
-3.425 0.925 3.2455e-10
-3.425 0.975 6.4795e-10
-3.425 1.025 1.2937e-09
-3.425 1.075 2.5832e-09
-3.425 1.125 5.1585e-09
-3.425 1.175 1.0302e-08
-3.425 1.225 2.0578e-08
-3.425 1.275 4.1107e-08
-3.425 1.325 8.2129e-08
-3.425 1.375 1.6411e-07
-3.425 1.425 3.2800e-07
-3.425 1.475 6.5569e-07
-3.425 1.525 1.3111e-06
-3.425 1.575 2.6221e-06
-3.425 1.625 5.2458e-06
-3.425 1.675 1.0498e-05
-3.425 1.725 2.1018e-05
-3.425 1.775 4.2094e-05
-3.425 1.825 8.4347e-05
-3.425 1.875 1.6910e-04
-3.425 1.925 3.3921e-04
-3.425 1.975 6.8090e-04
-3.425 2.025 1.3678e-03
-3.425 2.075 2.7499e-03
-3.425 2.125 5.5338e-03
-3.425 2.175 1.1148e-02
-3.425 2.225 2.2484e-02
-3.425 2.275 4.5408e-02
-3.425 2.325 9.1841e-02
-3.425 2.375 1.8607e-01
-3.425 2.425 3.7770e-01
-3.425 2.475 7.6829e-01
-3.425 2.525 1.5665e+00
-3.425 2.575 3.2025e+00
-3.425 2.625 6.5659e+00
-3.425 2.675 1.3505e+01
-3.425 2.725 2.7872e+01
-3.425 2.775 5.7735e+01
-3.425 2.825 1.2004e+02
-3.425 2.875 2.5052e+02
-3.425 2.925 5.2455e+02
-3.425 2.975 1.1012e+03
-3.425 3.025 2.3142e+03
-3.425 3.075 4.8586e+03
-3.425 3.125 1.0156e+04
-3.425 3.175 2.1042e+04
-3.425 3.225 4.2951e+04
-3.425 3.275 8.5740e+04
-3.425 3.325 1.6595e+05
-3.425 3.375 3.0847e+05
-3.425 3.425 5.4534e+05
-3.425 3.475 9.0842e+05
-3.425 3.525 1.4143e+06
-3.425 3.575 2.0447e+06
-3.425 3.625 2.7341e+06
-3.425 3.675 3.3745e+06
-3.425 3.725 3.8424e+06
-3.425 3.775 4.0235e+06
-3.425 3.825 3.6574e+06
-3.425 3.875 0.0000e+00
-3.425 3.925 0.0000e+00
-3.425 3.975 0.0000e+00
-3.375 -1.975 0.0000e+00
-3.375 -1.925 0.0000e+00
-3.375 -1.875 0.0000e+00
-3.375 -1.825 0.0000e+00
-3.375 -1.775 0.0000e+00
-3.375 -1.725 0.0000e+00
-3.375 -1.675 0.0000e+00
-3.375 -1.625 0.0000e+00
-3.375 -1.575 0.0000e+00
-3.375 -1.525 0.0000e+00
-3.375 -1.475 0.0000e+00
-3.375 -1.425 0.0000e+00
-3.375 -1.375 0.0000e+00
-3.375 -1.325 0.0000e+00
-3.375 -1.275 0.0000e+00
-3.375 -1.225 0.0000e+00
-3.375 -1.175 0.0000e+00
-3.375 -1.125 0.0000e+00
-3.375 -1.075 0.0000e+00
-3.375 -1.025 0.0000e+00
-3.375 -0.975 0.0000e+00
-3.375 -0.925 0.0000e+00
-3.375 -0.875 0.0000e+00
-3.375 -0.825 0.0000e+00
-3.375 -0.775 0.0000e+00
-3.375 -0.725 0.0000e+00
-3.375 -0.675 0.0000e+00
-3.375 -0.625 0.0000e+00
-3.375 -0.575 0.0000e+00
-3.375 -0.525 0.0000e+00
-3.375 -0.475 0.0000e+00
-3.375 -0.425 0.0000e+00
-3.375 -0.375 0.0000e+00
-3.375 -0.325 0.0000e+00
-3.375 -0.275 0.0000e+00
-3.375 -0.225 0.0000e+00
-3.375 -0.175 0.0000e+00
-3.375 -0.125 0.0000e+00
-3.375 -0.075 0.0000e+00
-3.375 -0.025 0.0000e+00
-3.375 0.025 0.0000e+00
-3.375 0.075 0.0000e+00
-3.375 0.125 0.0000e+00
-3.375 0.175 0.0000e+00
-3.375 0.225 0.0000e+00
-3.375 0.275 0.0000e+00
-3.375 0.325 0.0000e+00
-3.375 0.375 0.0000e+00
-3.375 0.425 0.0000e+00
-3.375 0.475 0.0000e+00
-3.375 0.525 0.0000e+00
-3.375 0.575 0.0000e+00
-3.375 0.625 0.0000e+00
-3.375 0.675 0.0000e+00
-3.375 0.725 0.0000e+00
-3.375 0.775 0.0000e+00
-3.375 0.825 0.0000e+00
-3.375 0.875 0.0000e+00
-3.375 0.925 4.0859e-10
-3.375 0.975 8.1573e-10
-3.375 1.025 1.6287e-09
-3.375 1.075 3.2521e-09
-3.375 1.125 6.4942e-09
-3.375 1.175 1.2970e-08
-3.375 1.225 2.5906e-08
-3.375 1.275 5.1751e-08
-3.375 1.325 1.0339e-07
-3.375 1.375 2.0661e-07
-3.375 1.425 4.1294e-07
-3.375 1.475 8.2548e-07
-3.375 1.525 1.6505e-06
-3.375 1.575 3.3011e-06
-3.375 1.625 6.6043e-06
-3.375 1.675 1.3217e-05
-3.375 1.725 2.6461e-05
-3.375 1.775 5.2996e-05
-3.375 1.825 1.0619e-04
-3.375 1.875 2.1290e-04
-3.375 1.925 4.2708e-04
-3.375 1.975 8.5730e-04
-3.375 2.025 1.7222e-03
-3.375 2.075 3.4626e-03
-3.375 2.125 6.9682e-03
-3.375 2.175 1.4038e-02
-3.375 2.225 2.8315e-02
-3.375 2.275 5.7190e-02
-3.375 2.325 1.1568e-01
-3.375 2.375 2.3441e-01
-3.375 2.425 4.7588e-01
-3.375 2.475 9.6817e-01
-3.375 2.525 1.9744e+00
-3.375 2.575 4.0370e+00
-3.375 2.625 8.2783e+00
-3.375 2.675 1.7028e+01
-3.375 2.725 3.5143e+01
-3.375 2.775 7.2775e+01
-3.375 2.825 1.5120e+02
-3.375 2.875 3.1509e+02
-3.375 2.925 6.5807e+02
-3.375 2.975 1.3756e+03
-3.375 3.025 2.8720e+03
-3.375 3.075 5.9702e+03
-3.375 3.125 1.2303e+04
-3.375 3.175 2.4991e+04
-3.375 3.225 4.9685e+04
-3.375 3.275 9.5878e+04
-3.375 3.325 1.7794e+05
-3.375 3.375 3.1458e+05
-3.375 3.425 5.2497e+05
-3.375 3.475 8.2030e+05
-3.375 3.525 1.1927e+06
-3.375 3.575 1.6071e+06
-3.375 3.625 2.0038e+06
-3.375 3.675 2.3133e+06
-3.375 3.725 2.4769e+06
-3.375 3.775 2.4563e+06
-3.375 3.825 2.1316e+06
-3.375 3.875 0.0000e+00
-3.375 3.925 0.0000e+00
-3.375 3.975 0.0000e+00
-3.325 -1.975 0.0000e+00
-3.325 -1.925 0.0000e+00
-3.325 -1.875 0.0000e+00
-3.325 -1.825 0.0000e+00
-3.325 -1.775 0.0000e+00
-3.325 -1.725 0.0000e+00
-3.325 -1.675 0.0000e+00
-3.325 -1.625 0.0000e+00
-3.325 -1.575 0.0000e+00
-3.325 -1.525 0.0000e+00
-3.325 -1.475 0.0000e+00
-3.325 -1.425 0.0000e+00
-3.325 -1.375 0.0000e+00
-3.325 -1.325 0.0000e+00
-3.325 -1.275 0.0000e+00
-3.325 -1.225 0.0000e+00
-3.325 -1.175 0.0000e+00
-3.325 -1.125 0.0000e+00
-3.325 -1.075 0.0000e+00
-3.325 -1.025 0.0000e+00
-3.325 -0.975 0.0000e+00
-3.325 -0.925 0.0000e+00
-3.325 -0.875 0.0000e+00
-3.325 -0.825 0.0000e+00
-3.325 -0.775 0.0000e+00
-3.325 -0.725 0.0000e+00
-3.325 -0.675 0.0000e+00
-3.325 -0.625 0.0000e+00
-3.325 -0.575 0.0000e+00
-3.325 -0.525 0.0000e+00
-3.325 -0.475 0.0000e+00
-3.325 -0.425 0.0000e+00
-3.325 -0.375 0.0000e+00
-3.325 -0.325 0.0000e+00
-3.325 -0.275 0.0000e+00
-3.325 -0.225 0.0000e+00
-3.325 -0.175 0.0000e+00
-3.325 -0.125 0.0000e+00
-3.325 -0.075 0.0000e+00
-3.325 -0.025 0.0000e+00
-3.325 0.025 0.0000e+00
-3.325 0.075 0.0000e+00
-3.325 0.125 0.0000e+00
-3.325 0.175 0.0000e+00
-3.325 0.225 0.0000e+00
-3.325 0.275 0.0000e+00
-3.325 0.325 0.0000e+00
-3.325 0.375 0.0000e+00
-3.325 0.425 0.0000e+00
-3.325 0.475 0.0000e+00
-3.325 0.525 0.0000e+00
-3.325 0.575 0.0000e+00
-3.325 0.625 0.0000e+00
-3.325 0.675 0.0000e+00
-3.325 0.725 0.0000e+00
-3.325 0.775 0.0000e+00
-3.325 0.825 0.0000e+00
-3.325 0.875 0.0000e+00
-3.325 0.925 5.1438e-10
-3.325 0.975 1.0269e-09
-3.325 1.025 2.0504e-09
-3.325 1.075 4.0941e-09
-3.325 1.125 8.1758e-09
-3.325 1.175 1.6328e-08
-3.325 1.225 3.2614e-08
-3.325 1.275 6.5151e-08
-3.325 1.325 1.3017e-07
-3.325 1.375 2.6011e-07
-3.325 1.425 5.1986e-07
-3.325 1.475 1.0392e-06
-3.325 1.525 2.0780e-06
-3.325 1.575 4.1560e-06
-3.325 1.625 8.3146e-06
-3.325 1.675 1.6640e-05
-3.325 1.725 3.3313e-05
-3.325 1.775 6.6722e-05
-3.325 1.825 1.3370e-04
-3.325 1.875 2.6805e-04
-3.325 1.925 5.3772e-04
-3.325 1.975 1.0794e-03
-3.325 2.025 2.1685e-03
-3.325 2.075 4.3601e-03
-3.325 2.125 8.7750e-03
-3.325 2.175 1.7679e-02
-3.325 2.225 3.5663e-02
-3.325 2.275 7.2037e-02
-3.325 2.325 1.4574e-01
-3.325 2.375 2.9534e-01
-3.325 2.425 5.9968e-01
-3.325 2.475 1.2202e+00
-3.325 2.525 2.4889e+00
-3.325 2.575 5.0899e+00
-3.325 2.625 1.0438e+01
-3.325 2.675 2.1470e+01
-3.325 2.725 4.4298e+01
-3.325 2.775 9.1666e+01
-3.325 2.825 1.9018e+02
-3.325 2.875 3.9532e+02
-3.325 2.925 8.2221e+02
-3.325 2.975 1.7076e+03
-3.325 3.025 3.5308e+03
-3.325 3.075 7.2377e+03
-3.325 3.125 1.4629e+04
-3.325 3.175 2.8956e+04
-3.325 3.225 5.5678e+04
-3.325 3.275 1.0308e+05
-3.325 3.325 1.8206e+05
-3.325 3.375 3.0398e+05
-3.325 3.425 4.7606e+05
-3.325 3.475 6.9493e+05
-3.325 3.525 9.4186e+05
-3.325 3.575 1.1835e+06
-3.325 3.625 1.3802e+06
-3.325 3.675 1.4980e+06
-3.325 3.725 1.5182e+06
-3.325 3.775 1.4364e+06
-3.325 3.825 1.1990e+06
-3.325 3.875 0.0000e+00
-3.325 3.925 0.0000e+00
-3.325 3.975 0.0000e+00
-3.275 -1.975 0.0000e+00
-3.275 -1.925 0.0000e+00
-3.275 -1.875 0.0000e+00
-3.275 -1.825 0.0000e+00
-3.275 -1.775 0.0000e+00
-3.275 -1.725 0.0000e+00
-3.275 -1.675 0.0000e+00
-3.275 -1.625 0.0000e+00
-3.275 -1.575 0.0000e+00
-3.275 -1.525 0.0000e+00
-3.275 -1.475 0.0000e+00
-3.275 -1.425 0.0000e+00
-3.275 -1.375 0.0000e+00
-3.275 -1.325 0.0000e+00
-3.275 -1.275 0.0000e+00
-3.275 -1.225 0.0000e+00
-3.275 -1.175 0.0000e+00
-3.275 -1.125 0.0000e+00
-3.275 -1.075 0.0000e+00
-3.275 -1.025 0.0000e+00
-3.275 -0.975 0.0000e+00
-3.275 -0.925 0.0000e+00
-3.275 -0.875 0.0000e+00
-3.275 -0.825 0.0000e+00
-3.275 -0.775 0.0000e+00
-3.275 -0.725 0.0000e+00
-3.275 -0.675 0.0000e+00
-3.275 -0.625 0.0000e+00
-3.275 -0.575 0.0000e+00
-3.275 -0.525 0.0000e+00
-3.275 -0.475 0.0000e+00
-3.275 -0.425 0.0000e+00
-3.275 -0.375 0.0000e+00
-3.275 -0.325 0.0000e+00
-3.275 -0.275 0.0000e+00
-3.275 -0.225 0.0000e+00
-3.275 -0.175 0.0000e+00
-3.275 -0.125 0.0000e+00
-3.275 -0.075 0.0000e+00
-3.275 -0.025 0.0000e+00
-3.275 0.025 0.0000e+00
-3.275 0.075 0.0000e+00
-3.275 0.125 0.0000e+00
-3.275 0.175 0.0000e+00
-3.275 0.225 0.0000e+00
-3.275 0.275 0.0000e+00
-3.275 0.325 0.0000e+00
-3.275 0.375 0.0000e+00
-3.275 0.425 0.0000e+00
-3.275 0.475 0.0000e+00
-3.275 0.525 0.0000e+00
-3.275 0.575 0.0000e+00
-3.275 0.625 0.0000e+00
-3.275 0.675 0.0000e+00
-3.275 0.725 0.0000e+00
-3.275 0.775 0.0000e+00
-3.275 0.825 0.0000e+00
-3.275 0.875 0.0000e+00
-3.275 0.925 6.4757e-10
-3.275 0.975 1.2928e-09
-3.275 1.025 2.5813e-09
-3.275 1.075 5.1542e-09
-3.275 1.125 1.0293e-08
-3.275 1.175 2.0556e-08
-3.275 1.225 4.1059e-08
-3.275 1.275 8.2021e-08
-3.275 1.325 1.6387e-07
-3.275 1.375 3.2746e-07
-3.275 1.425 6.5448e-07
-3.275 1.475 1.3083e-06
-3.275 1.525 2.6160e-06
-3.275 1.575 5.2322e-06
-3.275 1.625 1.0468e-05
-3.275 1.675 2.0949e-05
-3.275 1.725 4.1942e-05
-3.275 1.775 8.4005e-05
-3.275 1.825 1.6833e-04
-3.275 1.875 3.3749e-04
-3.275 1.925 6.7705e-04
-3.275 1.975 1.3592e-03
-3.275 2.025 2.7306e-03
-3.275 2.075 5.4906e-03
-3.275 2.125 1.1051e-02
-3.275 2.175 2.2267e-02
-3.275 2.225 4.4921e-02
-3.275 2.275 9.0749e-02
-3.275 2.325 1.8362e-01
-3.275 2.375 3.7217e-01
-3.275 2.425 7.5581e-01
-3.275 2.475 1.5382e+00
-3.275 2.525 3.1380e+00
-3.275 2.575 6.4178e+00
-3.275 2.625 1.3161e+01
-3.275 2.675 2.7063e+01
-3.275 2.725 5.5797e+01
-3.275 2.775 1.1530e+02
-3.275 2.825 2.3862e+02
-3.275 2.875 4.9400e+02
-3.275 2.925 1.0209e+03
-3.275 2.975 2.1003e+03
-3.275 3.025 4.2835e+03
-3.275 3.075 8.6154e+03
-3.275 3.125 1.6976e+04
-3.275 3.175 3.2518e+04
-3.275 3.225 6.0030e+04
-3.275 3.275 1.0584e+05
-3.275 3.325 1.7666e+05
-3.275 3.375 2.7700e+05
-3.275 3.425 4.0548e+05
-3.275 3.475 5.5200e+05
-3.275 3.525 6.9787e+05
-3.275 3.575 8.2026e+05
-3.275 3.625 8.9920e+05
-3.275 3.675 9.2351e+05
-3.275 3.725 8.9248e+05
-3.275 3.775 8.1153e+05
-3.275 3.825 6.5611e+05
-3.275 3.875 0.0000e+00
-3.275 3.925 0.0000e+00
-3.275 3.975 0.0000e+00
-3.225 -1.975 0.0000e+00
-3.225 -1.925 0.0000e+00
-3.225 -1.875 0.0000e+00
-3.225 -1.825 0.0000e+00
-3.225 -1.775 0.0000e+00
-3.225 -1.725 0.0000e+00
-3.225 -1.675 0.0000e+00
-3.225 -1.625 0.0000e+00
-3.225 -1.575 0.0000e+00
-3.225 -1.525 0.0000e+00
-3.225 -1.475 0.0000e+00
-3.225 -1.425 0.0000e+00
-3.225 -1.375 0.0000e+00
-3.225 -1.325 0.0000e+00
-3.225 -1.275 0.0000e+00
-3.225 -1.225 0.0000e+00
-3.225 -1.175 0.0000e+00
-3.225 -1.125 0.0000e+00
-3.225 -1.075 0.0000e+00
-3.225 -1.025 0.0000e+00
-3.225 -0.975 0.0000e+00
-3.225 -0.925 0.0000e+00
-3.225 -0.875 0.0000e+00
-3.225 -0.825 0.0000e+00
-3.225 -0.775 0.0000e+00
-3.225 -0.725 0.0000e+00
-3.225 -0.675 0.0000e+00
-3.225 -0.625 0.0000e+00
-3.225 -0.575 0.0000e+00
-3.225 -0.525 0.0000e+00
-3.225 -0.475 0.0000e+00
-3.225 -0.425 0.0000e+00
-3.225 -0.375 0.0000e+00
-3.225 -0.325 0.0000e+00
-3.225 -0.275 0.0000e+00
-3.225 -0.225 0.0000e+00
-3.225 -0.175 0.0000e+00
-3.225 -0.125 0.0000e+00
-3.225 -0.075 0.0000e+00
-3.225 -0.025 0.0000e+00
-3.225 0.025 0.0000e+00
-3.225 0.075 0.0000e+00
-3.225 0.125 0.0000e+00
-3.225 0.175 0.0000e+00
-3.225 0.225 0.0000e+00
-3.225 0.275 0.0000e+00
-3.225 0.325 0.0000e+00
-3.225 0.375 0.0000e+00
-3.225 0.425 0.0000e+00
-3.225 0.475 0.0000e+00
-3.225 0.525 0.0000e+00
-3.225 0.575 0.0000e+00
-3.225 0.625 0.0000e+00
-3.225 0.675 0.0000e+00
-3.225 0.725 0.0000e+00
-3.225 0.775 0.0000e+00
-3.225 0.825 0.0000e+00
-3.225 0.875 0.0000e+00
-3.225 0.925 8.1524e-10
-3.225 0.975 1.6276e-09
-3.225 1.025 3.2497e-09
-3.225 1.075 6.4888e-09
-3.225 1.125 1.2958e-08
-3.225 1.175 2.5879e-08
-3.225 1.225 5.1690e-08
-3.225 1.275 1.0326e-07
-3.225 1.325 2.0631e-07
-3.225 1.375 4.1226e-07
-3.225 1.425 8.2395e-07
-3.225 1.475 1.6471e-06
-3.225 1.525 3.2935e-06
-3.225 1.575 6.5872e-06
-3.225 1.625 1.3179e-05
-3.225 1.675 2.6375e-05
-3.225 1.725 5.2805e-05
-3.225 1.775 1.0577e-04
-3.225 1.825 2.1194e-04
-3.225 1.875 4.2494e-04
-3.225 1.925 8.5252e-04
-3.225 1.975 1.7115e-03
-3.225 2.025 3.4386e-03
-3.225 2.075 6.9147e-03
-3.225 2.125 1.3918e-02
-3.225 2.175 2.8047e-02
-3.225 2.225 5.6590e-02
-3.225 2.275 1.1434e-01
-3.225 2.325 2.3138e-01
-3.225 2.375 4.6907e-01
-3.225 2.425 9.5276e-01
-3.225 2.475 1.9394e+00
-3.225 2.525 3.9567e+00
-3.225 2.575 8.0919e+00
-3.225 2.625 1.6589e+01
-3.225 2.675 3.4089e+01
-3.225 2.725 7.0185e+01
-3.225 2.775 1.4468e+02
-3.225 2.825 2.9824e+02
-3.225 2.875 6.1357e+02
-3.225 2.925 1.2563e+03
-3.225 2.975 2.5499e+03
-3.225 3.025 5.1044e+03
-3.225 3.075 1.0014e+04
-3.225 3.125 1.9106e+04
-3.225 3.175 3.5160e+04
-3.225 3.225 6.1859e+04
-3.225 3.275 1.0316e+05
-3.225 3.325 1.6181e+05
-3.225 3.375 2.3732e+05
-3.225 3.425 3.2417e+05
-3.225 3.475 4.1183e+05
-3.225 3.525 4.8714e+05
-3.225 3.575 5.3824e+05
-3.225 3.625 5.5822e+05
-3.225 3.675 5.4640e+05
-3.225 3.725 5.0716e+05
-3.225 3.775 4.4626e+05
-3.225 3.825 3.5158e+05
-3.225 3.875 0.0000e+00
-3.225 3.925 0.0000e+00
-3.225 3.975 0.0000e+00
-3.175 -1.975 0.0000e+00
-3.175 -1.925 0.0000e+00
-3.175 -1.875 0.0000e+00
-3.175 -1.825 0.0000e+00
-3.175 -1.775 0.0000e+00
-3.175 -1.725 0.0000e+00
-3.175 -1.675 0.0000e+00
-3.175 -1.625 0.0000e+00
-3.175 -1.575 0.0000e+00
-3.175 -1.525 0.0000e+00
-3.175 -1.475 0.0000e+00
-3.175 -1.425 0.0000e+00
-3.175 -1.375 0.0000e+00
-3.175 -1.325 0.0000e+00
-3.175 -1.275 0.0000e+00
-3.175 -1.225 0.0000e+00
-3.175 -1.175 0.0000e+00
-3.175 -1.125 0.0000e+00
-3.175 -1.075 0.0000e+00
-3.175 -1.025 0.0000e+00
-3.175 -0.975 0.0000e+00
-3.175 -0.925 0.0000e+00
-3.175 -0.875 0.0000e+00
-3.175 -0.825 0.0000e+00
-3.175 -0.775 0.0000e+00
-3.175 -0.725 0.0000e+00
-3.175 -0.675 0.0000e+00
-3.175 -0.625 0.0000e+00
-3.175 -0.575 0.0000e+00
-3.175 -0.525 0.0000e+00
-3.175 -0.475 0.0000e+00
-3.175 -0.425 0.0000e+00
-3.175 -0.375 0.0000e+00
-3.175 -0.325 0.0000e+00
-3.175 -0.275 0.0000e+00
-3.175 -0.225 0.0000e+00
-3.175 -0.175 0.0000e+00
-3.175 -0.125 0.0000e+00
-3.175 -0.075 0.0000e+00
-3.175 -0.025 0.0000e+00
-3.175 0.025 0.0000e+00
-3.175 0.075 0.0000e+00
-3.175 0.125 0.0000e+00
-3.175 0.175 0.0000e+00
-3.175 0.225 0.0000e+00
-3.175 0.275 0.0000e+00
-3.175 0.325 0.0000e+00
-3.175 0.375 0.0000e+00
-3.175 0.425 0.0000e+00
-3.175 0.475 0.0000e+00
-3.175 0.525 0.0000e+00
-3.175 0.575 0.0000e+00
-3.175 0.625 0.0000e+00
-3.175 0.675 0.0000e+00
-3.175 0.725 0.0000e+00
-3.175 0.775 0.0000e+00
-3.175 0.825 0.0000e+00
-3.175 0.875 0.0000e+00
-3.175 0.925 1.0263e-09
-3.175 0.975 2.0490e-09
-3.175 1.025 4.0911e-09
-3.175 1.075 8.1690e-09
-3.175 1.125 1.6313e-08
-3.175 1.175 3.2580e-08
-3.175 1.225 6.5075e-08
-3.175 1.275 1.3000e-07
-3.175 1.325 2.5973e-07
-3.175 1.375 5.1901e-07
-3.175 1.425 1.0373e-06
-3.175 1.475 2.0737e-06
-3.175 1.525 4.1464e-06
-3.175 1.575 8.2932e-06
-3.175 1.625 1.6592e-05
-3.175 1.675 3.3207e-05
-3.175 1.725 6.6484e-05
-3.175 1.775 1.3317e-04
-3.175 1.825 2.6686e-04
-3.175 1.875 5.3507e-04
-3.175 1.925 1.0735e-03
-3.175 1.975 2.1553e-03
-3.175 2.025 4.3305e-03
-3.175 2.075 8.7089e-03
-3.175 2.125 1.7532e-02
-3.175 2.175 3.5333e-02
-3.175 2.225 7.1299e-02
-3.175 2.275 1.4408e-01
-3.175 2.325 2.9163e-01
-3.175 2.375 5.9130e-01
-3.175 2.425 1.2012e+00
-3.175 2.475 2.4453e+00
-3.175 2.525 4.9887e+00
-3.175 2.575 1.0200e+01
-3.175 2.625 2.0896e+01
-3.175 2.675 4.2881e+01
-3.175 2.725 8.8076e+01
-3.175 2.775 1.8085e+02
-3.175 2.825 3.7051e+02
-3.175 2.875 7.5531e+02
-3.175 2.925 1.5262e+03
-3.175 2.975 3.0416e+03
-3.175 3.025 5.9416e+03
-3.175 3.075 1.1293e+04
-3.175 3.125 2.0715e+04
-3.175 3.175 3.6360e+04
-3.175 3.225 6.0555e+04
-3.175 3.275 9.4979e+04
-3.175 3.325 1.3947e+05
-3.175 3.375 1.9100e+05
-3.175 3.425 2.4360e+05
-3.175 3.475 2.8965e+05
-3.175 3.525 3.2211e+05
-3.175 3.575 3.3666e+05
-3.175 3.625 3.3264e+05
-3.175 3.675 3.1254e+05
-3.175 3.725 2.8051e+05
-3.175 3.775 2.4031e+05
-3.175 3.825 1.8543e+05
-3.175 3.875 0.0000e+00
-3.175 3.925 0.0000e+00
-3.175 3.975 0.0000e+00
-3.125 -1.975 0.0000e+00
-3.125 -1.925 0.0000e+00
-3.125 -1.875 0.0000e+00
-3.125 -1.825 0.0000e+00
-3.125 -1.775 0.0000e+00
-3.125 -1.725 0.0000e+00
-3.125 -1.675 0.0000e+00
-3.125 -1.625 0.0000e+00
-3.125 -1.575 0.0000e+00
-3.125 -1.525 0.0000e+00
-3.125 -1.475 0.0000e+00
-3.125 -1.425 0.0000e+00
-3.125 -1.375 0.0000e+00
-3.125 -1.325 0.0000e+00
-3.125 -1.275 0.0000e+00
-3.125 -1.225 0.0000e+00
-3.125 -1.175 0.0000e+00
-3.125 -1.125 0.0000e+00
-3.125 -1.075 0.0000e+00
-3.125 -1.025 0.0000e+00
-3.125 -0.975 0.0000e+00
-3.125 -0.925 0.0000e+00
-3.125 -0.875 0.0000e+00
-3.125 -0.825 0.0000e+00
-3.125 -0.775 0.0000e+00
-3.125 -0.725 0.0000e+00
-3.125 -0.675 0.0000e+00
-3.125 -0.625 0.0000e+00
-3.125 -0.575 0.0000e+00
-3.125 -0.525 0.0000e+00
-3.125 -0.475 0.0000e+00
-3.125 -0.425 0.0000e+00
-3.125 -0.375 0.0000e+00
-3.125 -0.325 0.0000e+00
-3.125 -0.275 0.0000e+00
-3.125 -0.225 0.0000e+00
-3.125 -0.175 0.0000e+00
-3.125 -0.125 0.0000e+00
-3.125 -0.075 0.0000e+00
-3.125 -0.025 0.0000e+00
-3.125 0.025 0.0000e+00
-3.125 0.075 0.0000e+00
-3.125 0.125 0.0000e+00
-3.125 0.175 0.0000e+00
-3.125 0.225 0.0000e+00
-3.125 0.275 0.0000e+00
-3.125 0.325 0.0000e+00
-3.125 0.375 0.0000e+00
-3.125 0.425 0.0000e+00
-3.125 0.475 0.0000e+00
-3.125 0.525 0.0000e+00
-3.125 0.575 0.0000e+00
-3.125 0.625 0.0000e+00
-3.125 0.675 0.0000e+00
-3.125 0.725 0.0000e+00
-3.125 0.775 0.0000e+00
-3.125 0.825 0.0000e+00
-3.125 0.875 0.0000e+00
-3.125 0.925 1.2921e-09
-3.125 0.975 2.5796e-09
-3.125 1.025 5.1504e-09
-3.125 1.075 1.0284e-08
-3.125 1.125 2.0537e-08
-3.125 1.175 4.1016e-08
-3.125 1.225 8.1925e-08
-3.125 1.275 1.6366e-07
-3.125 1.325 3.2698e-07
-3.125 1.375 6.5341e-07
-3.125 1.425 1.3059e-06
-3.125 1.475 2.6107e-06
-3.125 1.525 5.2203e-06
-3.125 1.575 1.0441e-05
-3.125 1.625 2.0890e-05
-3.125 1.675 4.1809e-05
-3.125 1.725 8.3708e-05
-3.125 1.775 1.6767e-04
-3.125 1.825 3.3602e-04
-3.125 1.875 6.7376e-04
-3.125 1.925 1.3518e-03
-3.125 1.975 2.7143e-03
-3.125 2.025 5.4542e-03
-3.125 2.075 1.0970e-02
-3.125 2.125 2.2086e-02
-3.125 2.175 4.4517e-02
-3.125 2.225 8.9846e-02
-3.125 2.275 1.8159e-01
-3.125 2.325 3.6761e-01
-3.125 2.375 7.4549e-01
-3.125 2.425 1.5146e+00
-3.125 2.475 3.0832e+00
-3.125 2.525 6.2883e+00
-3.125 2.575 1.2848e+01
-3.125 2.625 2.6286e+01
-3.125 2.675 5.3815e+01
-3.125 2.725 1.1011e+02
-3.125 2.775 2.2473e+02
-3.125 2.825 4.5629e+02
-3.125 2.875 9.1819e+02
-3.125 2.925 1.8223e+03
-3.125 2.975 3.5454e+03
-3.125 3.025 6.7139e+03
-3.125 3.075 1.2277e+04
-3.125 3.125 2.1495e+04
-3.125 3.175 3.5744e+04
-3.125 3.225 5.6039e+04
-3.125 3.275 8.2349e+04
-3.125 3.325 1.1299e+05
-3.125 3.375 1.4457e+05
-3.125 3.425 1.7264e+05
-3.125 3.475 1.9302e+05
-3.125 3.525 2.0304e+05
-3.125 3.575 2.0212e+05
-3.125 3.625 1.9160e+05
-3.125 3.675 1.7396e+05
-3.125 3.725 1.5188e+05
-3.125 3.775 1.2732e+05
-3.125 3.825 9.6635e+04
-3.125 3.875 0.0000e+00
-3.125 3.925 0.0000e+00
-3.125 3.975 0.0000e+00
-3.075 -1.975 0.0000e+00
-3.075 -1.925 0.0000e+00
-3.075 -1.875 0.0000e+00
-3.075 -1.825 0.0000e+00
-3.075 -1.775 0.0000e+00
-3.075 -1.725 0.0000e+00
-3.075 -1.675 0.0000e+00
-3.075 -1.625 0.0000e+00
-3.075 -1.575 0.0000e+00
-3.075 -1.525 0.0000e+00
-3.075 -1.475 0.0000e+00
-3.075 -1.425 0.0000e+00
-3.075 -1.375 0.0000e+00
-3.075 -1.325 0.0000e+00
-3.075 -1.275 0.0000e+00
-3.075 -1.225 0.0000e+00
-3.075 -1.175 0.0000e+00
-3.075 -1.125 0.0000e+00
-3.075 -1.075 0.0000e+00
-3.075 -1.025 0.0000e+00
-3.075 -0.975 0.0000e+00
-3.075 -0.925 0.0000e+00
-3.075 -0.875 0.0000e+00
-3.075 -0.825 0.0000e+00
-3.075 -0.775 0.0000e+00
-3.075 -0.725 0.0000e+00
-3.075 -0.675 0.0000e+00
-3.075 -0.625 0.0000e+00
-3.075 -0.575 0.0000e+00
-3.075 -0.525 0.0000e+00
-3.075 -0.475 0.0000e+00
-3.075 -0.425 0.0000e+00
-3.075 -0.375 0.0000e+00
-3.075 -0.325 0.0000e+00
-3.075 -0.275 0.0000e+00
-3.075 -0.225 0.0000e+00
-3.075 -0.175 0.0000e+00
-3.075 -0.125 0.0000e+00
-3.075 -0.075 0.0000e+00
-3.075 -0.025 0.0000e+00
-3.075 0.025 0.0000e+00
-3.075 0.075 0.0000e+00
-3.075 0.125 0.0000e+00
-3.075 0.175 0.0000e+00
-3.075 0.225 0.0000e+00
-3.075 0.275 0.0000e+00
-3.075 0.325 0.0000e+00
-3.075 0.375 0.0000e+00
-3.075 0.425 0.0000e+00
-3.075 0.475 0.0000e+00
-3.075 0.525 0.0000e+00
-3.075 0.575 0.0000e+00
-3.075 0.625 0.0000e+00
-3.075 0.675 0.0000e+00
-3.075 0.725 0.0000e+00
-3.075 0.775 0.0000e+00
-3.075 0.825 0.0000e+00
-3.075 0.875 0.0000e+00
-3.075 0.925 1.6266e-09
-3.075 0.975 3.2475e-09
-3.075 1.025 6.4840e-09
-3.075 1.075 1.2947e-08
-3.075 1.125 2.5855e-08
-3.075 1.175 5.1637e-08
-3.075 1.225 1.0314e-07
-3.075 1.275 2.0604e-07
-3.075 1.325 4.1166e-07
-3.075 1.375 8.2262e-07
-3.075 1.425 1.6442e-06
-3.075 1.475 3.2868e-06
-3.075 1.525 6.5723e-06
-3.075 1.575 1.3146e-05
-3.075 1.625 2.6301e-05
-3.075 1.675 5.2640e-05
-3.075 1.725 1.0540e-04
-3.075 1.775 2.1112e-04
-3.075 1.825 4.2312e-04
-3.075 1.875 8.4846e-04
-3.075 1.925 1.7025e-03
-3.075 1.975 3.4185e-03
-3.075 2.025 6.8701e-03
-3.075 2.075 1.3819e-02
-3.075 2.125 2.7826e-02
-3.075 2.175 5.6097e-02
-3.075 2.225 1.1324e-01
-3.075 2.275 2.2891e-01
-3.075 2.325 4.6347e-01
-3.075 2.375 9.3997e-01
-3.075 2.425 1.9096e+00
-3.075 2.475 3.8863e+00
-3.075 2.525 7.9210e+00
-3.075 2.575 1.6163e+01
-3.075 2.625 3.2992e+01
-3.075 2.675 6.7286e+01
-3.075 2.725 1.3686e+02
-3.075 2.775 2.7686e+02
-3.075 2.825 5.5501e+02
-3.075 2.875 1.0973e+03
-3.075 2.925 2.1269e+03
-3.075 2.975 4.0136e+03
-3.075 3.025 7.3166e+03
-3.075 3.075 1.2779e+04
-3.075 3.125 2.1216e+04
-3.075 3.175 3.3240e+04
-3.075 3.225 4.8864e+04
-3.075 3.275 6.7147e+04
-3.075 3.325 8.6131e+04
-3.075 3.375 1.0322e+05
-3.075 3.425 1.1594e+05
-3.075 3.475 1.2261e+05
-3.075 3.525 1.2281e+05
-3.075 3.575 1.1724e+05
-3.075 3.625 1.0733e+05
-3.075 3.675 9.4728e+04
-3.075 3.725 8.0871e+04
-3.075 3.775 6.6627e+04
-3.075 3.825 4.9907e+04
-3.075 3.875 0.0000e+00
-3.075 3.925 0.0000e+00
-3.075 3.975 0.0000e+00
-3.025 -1.975 0.0000e+00
-3.025 -1.925 0.0000e+00
-3.025 -1.875 0.0000e+00
-3.025 -1.825 0.0000e+00
-3.025 -1.775 0.0000e+00
-3.025 -1.725 0.0000e+00
-3.025 -1.675 0.0000e+00
-3.025 -1.625 0.0000e+00
-3.025 -1.575 0.0000e+00
-3.025 -1.525 0.0000e+00
-3.025 -1.475 0.0000e+00
-3.025 -1.425 0.0000e+00
-3.025 -1.375 0.0000e+00
-3.025 -1.325 0.0000e+00
-3.025 -1.275 0.0000e+00
-3.025 -1.225 0.0000e+00
-3.025 -1.175 0.0000e+00
-3.025 -1.125 0.0000e+00
-3.025 -1.075 0.0000e+00
-3.025 -1.025 0.0000e+00
-3.025 -0.975 0.0000e+00
-3.025 -0.925 0.0000e+00
-3.025 -0.875 0.0000e+00
-3.025 -0.825 0.0000e+00
-3.025 -0.775 0.0000e+00
-3.025 -0.725 0.0000e+00
-3.025 -0.675 0.0000e+00
-3.025 -0.625 0.0000e+00
-3.025 -0.575 0.0000e+00
-3.025 -0.525 0.0000e+00
-3.025 -0.475 0.0000e+00
-3.025 -0.425 0.0000e+00
-3.025 -0.375 0.0000e+00
-3.025 -0.325 0.0000e+00
-3.025 -0.275 0.0000e+00
-3.025 -0.225 0.0000e+00
-3.025 -0.175 0.0000e+00
-3.025 -0.125 0.0000e+00
-3.025 -0.075 0.0000e+00
-3.025 -0.025 0.0000e+00
-3.025 0.025 0.0000e+00
-3.025 0.075 0.0000e+00
-3.025 0.125 0.0000e+00
-3.025 0.175 0.0000e+00
-3.025 0.225 0.0000e+00
-3.025 0.275 0.0000e+00
-3.025 0.325 0.0000e+00
-3.025 0.375 0.0000e+00
-3.025 0.425 0.0000e+00
-3.025 0.475 0.0000e+00
-3.025 0.525 0.0000e+00
-3.025 0.575 0.0000e+00
-3.025 0.625 0.0000e+00
-3.025 0.675 0.0000e+00
-3.025 0.725 0.0000e+00
-3.025 0.775 0.0000e+00
-3.025 0.825 0.0000e+00
-3.025 0.875 0.0000e+00
-3.025 0.925 2.0478e-09
-3.025 0.975 4.0884e-09
-3.025 1.025 8.1630e-09
-3.025 1.075 1.6300e-08
-3.025 1.125 3.2550e-08
-3.025 1.175 6.5008e-08
-3.025 1.225 1.2985e-07
-3.025 1.275 2.5939e-07
-3.025 1.325 5.1826e-07
-3.025 1.375 1.0357e-06
-3.025 1.425 2.0700e-06
-3.025 1.475 4.1381e-06
-3.025 1.525 8.2747e-06
-3.025 1.575 1.6551e-05
-3.025 1.625 3.3115e-05
-3.025 1.675 6.6280e-05
-3.025 1.725 1.3271e-04
-3.025 1.775 2.6585e-04
-3.025 1.825 5.3282e-04
-3.025 1.875 1.0685e-03
-3.025 1.925 2.1442e-03
-3.025 1.975 4.3060e-03
-3.025 2.025 8.6546e-03
-3.025 2.075 1.7411e-02
-3.025 2.125 3.5065e-02
-3.025 2.175 7.0701e-02
-3.025 2.225 1.4274e-01
-3.025 2.275 2.8860e-01
-3.025 2.325 5.8438e-01
-3.025 2.375 1.1851e+00
-3.025 2.425 2.4071e+00
-3.025 2.475 4.8954e+00
-3.025 2.525 9.9649e+00
-3.025 2.575 2.0287e+01
-3.025 2.625 4.1255e+01
-3.025 2.675 8.3648e+01
-3.025 2.725 1.6866e+02
-3.025 2.775 3.3693e+02
-3.025 2.825 6.6380e+02
-3.025 2.875 1.2822e+03
-3.025 2.925 2.4118e+03
-3.025 2.975 4.3838e+03
-3.025 3.025 7.6389e+03
-3.025 3.075 1.2661e+04
-3.025 3.125 1.9820e+04
-3.025 3.175 2.9140e+04
-3.025 3.225 4.0088e+04
-3.025 3.275 5.1529e+04
-3.025 3.325 6.1941e+04
-3.025 3.375 6.9838e+04
-3.025 3.425 7.4197e+04
-3.025 3.475 7.4706e+04
-3.025 3.525 7.1735e+04
-3.025 3.575 6.6102e+04
-3.025 3.625 5.8788e+04
-3.025 3.675 5.0696e+04
-3.025 3.725 4.2502e+04
-3.025 3.775 3.4533e+04
-3.025 3.825 2.5599e+04
-3.025 3.875 0.0000e+00
-3.025 3.925 0.0000e+00
-3.025 3.975 0.0000e+00
-2.975 -1.975 0.0000e+00
-2.975 -1.925 0.0000e+00
-2.975 -1.875 0.0000e+00
-2.975 -1.825 0.0000e+00
-2.975 -1.775 0.0000e+00
-2.975 -1.725 0.0000e+00
-2.975 -1.675 0.0000e+00
-2.975 -1.625 0.0000e+00
-2.975 -1.575 0.0000e+00
-2.975 -1.525 0.0000e+00
-2.975 -1.475 0.0000e+00
-2.975 -1.425 0.0000e+00
-2.975 -1.375 0.0000e+00
-2.975 -1.325 0.0000e+00
-2.975 -1.275 0.0000e+00
-2.975 -1.225 0.0000e+00
-2.975 -1.175 0.0000e+00
-2.975 -1.125 0.0000e+00
-2.975 -1.075 0.0000e+00
-2.975 -1.025 0.0000e+00
-2.975 -0.975 0.0000e+00
-2.975 -0.925 0.0000e+00
-2.975 -0.875 0.0000e+00
-2.975 -0.825 0.0000e+00
-2.975 -0.775 0.0000e+00
-2.975 -0.725 0.0000e+00
-2.975 -0.675 0.0000e+00
-2.975 -0.625 0.0000e+00
-2.975 -0.575 0.0000e+00
-2.975 -0.525 0.0000e+00
-2.975 -0.475 0.0000e+00
-2.975 -0.425 0.0000e+00
-2.975 -0.375 0.0000e+00
-2.975 -0.325 0.0000e+00
-2.975 -0.275 0.0000e+00
-2.975 -0.225 0.0000e+00
-2.975 -0.175 0.0000e+00
-2.975 -0.125 0.0000e+00
-2.975 -0.075 0.0000e+00
-2.975 -0.025 0.0000e+00
-2.975 0.025 0.0000e+00
-2.975 0.075 0.0000e+00
-2.975 0.125 0.0000e+00
-2.975 0.175 0.0000e+00
-2.975 0.225 0.0000e+00
-2.975 0.275 0.0000e+00
-2.975 0.325 0.0000e+00
-2.975 0.375 0.0000e+00
-2.975 0.425 0.0000e+00
-2.975 0.475 0.0000e+00
-2.975 0.525 0.0000e+00
-2.975 0.575 0.0000e+00
-2.975 0.625 0.0000e+00
-2.975 0.675 0.0000e+00
-2.975 0.725 0.0000e+00
-2.975 0.775 0.0000e+00
-2.975 0.825 0.0000e+00
-2.975 0.875 0.0000e+00
-2.975 0.925 2.5781e-09
-2.975 0.975 5.1470e-09
-2.975 1.025 1.0277e-08
-2.975 1.075 2.0520e-08
-2.975 1.125 4.0978e-08
-2.975 1.175 8.1841e-08
-2.975 1.225 1.6347e-07
-2.975 1.275 3.2657e-07
-2.975 1.325 6.5248e-07
-2.975 1.375 1.3039e-06
-2.975 1.425 2.6061e-06
-2.975 1.475 5.2100e-06
-2.975 1.525 1.0418e-05
-2.975 1.575 2.0839e-05
-2.975 1.625 4.1695e-05
-2.975 1.675 8.3456e-05
-2.975 1.725 1.6711e-04
-2.975 1.775 3.3478e-04
-2.975 1.825 6.7102e-04
-2.975 1.875 1.3458e-03
-2.975 1.925 2.7008e-03
-2.975 1.975 5.4245e-03
-2.975 2.025 1.0904e-02
-2.975 2.075 2.1940e-02
-2.975 2.125 4.4193e-02
-2.975 2.175 8.9123e-02
-2.975 2.225 1.7996e-01
-2.975 2.275 3.6389e-01
-2.975 2.325 7.3681e-01
-2.975 2.375 1.4939e+00
-2.975 2.425 3.0322e+00
-2.975 2.475 6.1588e+00
-2.975 2.525 1.2508e+01
-2.975 2.575 2.5370e+01
-2.975 2.625 5.1296e+01
-2.975 2.675 1.0312e+02
-2.975 2.725 2.0535e+02
-2.975 2.775 4.0328e+02
-2.975 2.825 7.7651e+02
-2.975 2.875 1.4562e+03
-2.975 2.925 2.6397e+03
-2.975 2.975 4.5895e+03
-2.975 3.025 7.5944e+03
-2.975 3.075 1.1878e+04
-2.975 3.125 1.7462e+04
-2.975 3.175 2.4043e+04
-2.975 3.225 3.0958e+04
-2.975 3.275 3.7308e+04
-2.975 3.325 4.2202e+04
-2.975 3.375 4.5012e+04
-2.975 3.425 4.5523e+04
-2.975 3.475 4.3927e+04
-2.975 3.525 4.0696e+04
-2.975 3.575 3.6411e+04
-2.975 3.625 3.1621e+04
-2.975 3.675 2.6761e+04
-2.975 3.725 2.2111e+04
-2.975 3.775 1.7767e+04
-2.975 3.825 1.3062e+04
-2.975 3.875 0.0000e+00
-2.975 3.925 0.0000e+00
-2.975 3.975 0.0000e+00
-2.925 -1.975 0.0000e+00
-2.925 -1.925 0.0000e+00
-2.925 -1.875 0.0000e+00
-2.925 -1.825 0.0000e+00
-2.925 -1.775 0.0000e+00
-2.925 -1.725 0.0000e+00
-2.925 -1.675 0.0000e+00
-2.925 -1.625 0.0000e+00
-2.925 -1.575 0.0000e+00
-2.925 -1.525 0.0000e+00
-2.925 -1.475 0.0000e+00
-2.925 -1.425 0.0000e+00
-2.925 -1.375 0.0000e+00
-2.925 -1.325 0.0000e+00
-2.925 -1.275 0.0000e+00
-2.925 -1.225 0.0000e+00
-2.925 -1.175 0.0000e+00
-2.925 -1.125 0.0000e+00
-2.925 -1.075 0.0000e+00
-2.925 -1.025 0.0000e+00
-2.925 -0.975 0.0000e+00
-2.925 -0.925 0.0000e+00
-2.925 -0.875 0.0000e+00
-2.925 -0.825 0.0000e+00
-2.925 -0.775 0.0000e+00
-2.925 -0.725 0.0000e+00
-2.925 -0.675 0.0000e+00
-2.925 -0.625 0.0000e+00
-2.925 -0.575 0.0000e+00
-2.925 -0.525 0.0000e+00
-2.925 -0.475 0.0000e+00
-2.925 -0.425 0.0000e+00
-2.925 -0.375 0.0000e+00
-2.925 -0.325 0.0000e+00
-2.925 -0.275 0.0000e+00
-2.925 -0.225 0.0000e+00
-2.925 -0.175 0.0000e+00
-2.925 -0.125 0.0000e+00
-2.925 -0.075 0.0000e+00
-2.925 -0.025 0.0000e+00
-2.925 0.025 0.0000e+00
-2.925 0.075 0.0000e+00
-2.925 0.125 0.0000e+00
-2.925 0.175 0.0000e+00
-2.925 0.225 0.0000e+00
-2.925 0.275 0.0000e+00
-2.925 0.325 0.0000e+00
-2.925 0.375 0.0000e+00
-2.925 0.425 0.0000e+00
-2.925 0.475 0.0000e+00
-2.925 0.525 0.0000e+00
-2.925 0.575 0.0000e+00
-2.925 0.625 0.0000e+00
-2.925 0.675 0.0000e+00
-2.925 0.725 0.0000e+00
-2.925 0.775 0.0000e+00
-2.925 0.825 0.0000e+00
-2.925 0.875 0.0000e+00
-2.925 0.925 3.2456e-09
-2.925 0.975 6.4798e-09
-2.925 1.025 1.2938e-08
-2.925 1.075 2.5834e-08
-2.925 1.125 5.1590e-08
-2.925 1.175 1.0303e-07
-2.925 1.225 2.0580e-07
-2.925 1.275 4.1114e-07
-2.925 1.325 8.2146e-07
-2.925 1.375 1.6416e-06
-2.925 1.425 3.2811e-06
-2.925 1.475 6.5596e-06
-2.925 1.525 1.3117e-05
-2.925 1.575 2.6238e-05
-2.925 1.625 5.2501e-05
-2.925 1.675 1.0509e-04
-2.925 1.725 2.1044e-04
-2.925 1.775 4.2161e-04
-2.925 1.825 8.4513e-04
-2.925 1.875 1.6951e-03
-2.925 1.925 3.4024e-03
-2.925 1.975 6.8344e-03
-2.925 2.025 1.3740e-02
-2.925 2.075 2.7652e-02
-2.925 2.125 5.5708e-02
-2.925 2.175 1.1236e-01
-2.925 2.225 2.2691e-01
-2.925 2.275 4.5880e-01
-2.925 2.325 9.2875e-01
-2.925 2.375 1.8818e+00
-2.925 2.425 3.8148e+00
-2.925 2.475 7.7311e+00
-2.925 2.525 1.5644e+01
-2.925 2.575 3.1550e+01
-2.925 2.625 6.3252e+01
-2.925 2.675 1.2561e+02
-2.925 2.725 2.4595e+02
-2.925 2.775 4.7222e+02
-2.925 2.825 8.8310e+02
-2.925 2.875 1.5968e+03
-2.925 2.925 2.7705e+03
-2.925 2.975 4.5772e+03
-2.925 3.025 7.1524e+03
-2.925 3.075 1.0513e+04
-2.925 3.125 1.4484e+04
-2.925 3.175 1.8676e+04
-2.925 3.225 2.2556e+04
-2.925 3.275 2.5586e+04
-2.925 3.325 2.7382e+04
-2.925 3.375 2.7799e+04
-2.925 3.425 2.6937e+04
-2.925 3.475 2.5069e+04
-2.925 3.525 2.2539e+04
-2.925 3.575 1.9681e+04
-2.925 3.625 1.6764e+04
-2.925 3.675 1.3974e+04
-2.925 3.725 1.1411e+04
-2.925 3.775 9.0888e+03
-2.925 3.825 6.6385e+03
-2.925 3.875 0.0000e+00
-2.925 3.925 0.0000e+00
-2.925 3.975 0.0000e+00
-2.875 -1.975 0.0000e+00
-2.875 -1.925 0.0000e+00
-2.875 -1.875 0.0000e+00
-2.875 -1.825 0.0000e+00
-2.875 -1.775 0.0000e+00
-2.875 -1.725 0.0000e+00
-2.875 -1.675 0.0000e+00
-2.875 -1.625 0.0000e+00
-2.875 -1.575 0.0000e+00
-2.875 -1.525 0.0000e+00
-2.875 -1.475 0.0000e+00
-2.875 -1.425 0.0000e+00
-2.875 -1.375 0.0000e+00
-2.875 -1.325 0.0000e+00
-2.875 -1.275 0.0000e+00
-2.875 -1.225 0.0000e+00
-2.875 -1.175 0.0000e+00
-2.875 -1.125 0.0000e+00
-2.875 -1.075 0.0000e+00
-2.875 -1.025 0.0000e+00
-2.875 -0.975 0.0000e+00
-2.875 -0.925 0.0000e+00
-2.875 -0.875 0.0000e+00
-2.875 -0.825 0.0000e+00
-2.875 -0.775 0.0000e+00
-2.875 -0.725 0.0000e+00
-2.875 -0.675 0.0000e+00
-2.875 -0.625 0.0000e+00
-2.875 -0.575 0.0000e+00
-2.875 -0.525 0.0000e+00
-2.875 -0.475 0.0000e+00
-2.875 -0.425 0.0000e+00
-2.875 -0.375 0.0000e+00
-2.875 -0.325 0.0000e+00
-2.875 -0.275 0.0000e+00
-2.875 -0.225 0.0000e+00
-2.875 -0.175 0.0000e+00
-2.875 -0.125 0.0000e+00
-2.875 -0.075 0.0000e+00
-2.875 -0.025 0.0000e+00
-2.875 0.025 0.0000e+00
-2.875 0.075 0.0000e+00
-2.875 0.125 0.0000e+00
-2.875 0.175 0.0000e+00
-2.875 0.225 0.0000e+00
-2.875 0.275 0.0000e+00
-2.875 0.325 0.0000e+00
-2.875 0.375 0.0000e+00
-2.875 0.425 0.0000e+00
-2.875 0.475 0.0000e+00
-2.875 0.525 0.0000e+00
-2.875 0.575 0.0000e+00
-2.875 0.625 0.0000e+00
-2.875 0.675 0.0000e+00
-2.875 0.725 0.0000e+00
-2.875 0.775 0.0000e+00
-2.875 0.825 0.0000e+00
-2.875 0.875 0.0000e+00
-2.875 0.925 4.0860e-09
-2.875 0.975 8.1577e-09
-2.875 1.025 1.6288e-08
-2.875 1.075 3.2523e-08
-2.875 1.125 6.4949e-08
-2.875 1.175 1.2972e-07
-2.875 1.225 2.5910e-07
-2.875 1.275 5.1761e-07
-2.875 1.325 1.0342e-06
-2.875 1.375 2.0668e-06
-2.875 1.425 4.1310e-06
-2.875 1.475 8.2590e-06
-2.875 1.525 1.6516e-05
-2.875 1.575 3.3038e-05
-2.875 1.625 6.6109e-05
-2.875 1.675 1.3234e-04
-2.875 1.725 2.6502e-04
-2.875 1.775 5.3100e-04
-2.875 1.825 1.0645e-03
-2.875 1.875 2.1354e-03
-2.875 1.925 4.2867e-03
-2.875 1.975 8.6122e-03
-2.875 2.025 1.7318e-02
-2.875 2.075 3.4857e-02
-2.875 2.125 7.0234e-02
-2.875 2.175 1.4167e-01
-2.875 2.225 2.8609e-01
-2.875 2.275 5.7832e-01
-2.875 2.325 1.1700e+00
-2.875 2.375 2.3676e+00
-2.875 2.425 4.7889e+00
-2.875 2.475 9.6701e+00
-2.875 2.525 1.9458e+01
-2.875 2.575 3.8914e+01
-2.875 2.625 7.7079e+01
-2.875 2.675 1.5053e+02
-2.875 2.725 2.8825e+02
-2.875 2.775 5.3771e+02
-2.875 2.825 9.7007e+02
-2.875 2.875 1.6798e+03
-2.875 2.925 2.7711e+03
-2.875 2.975 4.3262e+03
-2.875 3.025 6.3574e+03
-2.875 3.075 8.7626e+03
-2.875 3.125 1.1312e+04
-2.875 3.175 1.3686e+04
-2.875 3.225 1.5563e+04
-2.875 3.275 1.6704e+04
-2.875 3.325 1.7014e+04
-2.875 3.375 1.6546e+04
-2.875 3.425 1.5459e+04
-2.875 3.475 1.3956e+04
-2.875 3.525 1.2240e+04
-2.875 3.575 1.0477e+04
-2.875 3.625 8.7854e+03
-2.875 3.675 7.2343e+03
-2.875 3.725 5.8529e+03
-2.875 3.775 4.6290e+03
-2.875 3.825 3.3636e+03
-2.875 3.875 0.0000e+00
-2.875 3.925 0.0000e+00
-2.875 3.975 0.0000e+00
-2.825 -1.975 0.0000e+00
-2.825 -1.925 0.0000e+00
-2.825 -1.875 0.0000e+00
-2.825 -1.825 0.0000e+00
-2.825 -1.775 0.0000e+00
-2.825 -1.725 0.0000e+00
-2.825 -1.675 0.0000e+00
-2.825 -1.625 0.0000e+00
-2.825 -1.575 0.0000e+00
-2.825 -1.525 0.0000e+00
-2.825 -1.475 0.0000e+00
-2.825 -1.425 0.0000e+00
-2.825 -1.375 0.0000e+00
-2.825 -1.325 0.0000e+00
-2.825 -1.275 0.0000e+00
-2.825 -1.225 0.0000e+00
-2.825 -1.175 0.0000e+00
-2.825 -1.125 0.0000e+00
-2.825 -1.075 0.0000e+00
-2.825 -1.025 0.0000e+00
-2.825 -0.975 0.0000e+00
-2.825 -0.925 0.0000e+00
-2.825 -0.875 0.0000e+00
-2.825 -0.825 0.0000e+00
-2.825 -0.775 0.0000e+00
-2.825 -0.725 0.0000e+00
-2.825 -0.675 0.0000e+00
-2.825 -0.625 0.0000e+00
-2.825 -0.575 0.0000e+00
-2.825 -0.525 0.0000e+00
-2.825 -0.475 0.0000e+00
-2.825 -0.425 0.0000e+00
-2.825 -0.375 0.0000e+00
-2.825 -0.325 0.0000e+00
-2.825 -0.275 0.0000e+00
-2.825 -0.225 0.0000e+00
-2.825 -0.175 0.0000e+00
-2.825 -0.125 0.0000e+00
-2.825 -0.075 0.0000e+00
-2.825 -0.025 0.0000e+00
-2.825 0.025 0.0000e+00
-2.825 0.075 0.0000e+00
-2.825 0.125 0.0000e+00
-2.825 0.175 0.0000e+00
-2.825 0.225 0.0000e+00
-2.825 0.275 0.0000e+00
-2.825 0.325 0.0000e+00
-2.825 0.375 0.0000e+00
-2.825 0.425 0.0000e+00
-2.825 0.475 0.0000e+00
-2.825 0.525 0.0000e+00
-2.825 0.575 0.0000e+00
-2.825 0.625 0.0000e+00
-2.825 0.675 0.0000e+00
-2.825 0.725 0.0000e+00
-2.825 0.775 0.0000e+00
-2.825 0.825 0.0000e+00
-2.825 0.875 0.0000e+00
-2.825 0.925 5.1441e-09
-2.825 0.975 1.0270e-08
-2.825 1.025 2.0506e-08
-2.825 1.075 4.0946e-08
-2.825 1.125 8.1768e-08
-2.825 1.175 1.6331e-07
-2.825 1.225 3.2621e-07
-2.825 1.275 6.5168e-07
-2.825 1.325 1.3021e-06
-2.825 1.375 2.6021e-06
-2.825 1.425 5.2013e-06
-2.825 1.475 1.0399e-05
-2.825 1.525 2.0796e-05
-2.825 1.575 4.1602e-05
-2.825 1.625 8.3250e-05
-2.825 1.675 1.6666e-04
-2.825 1.725 3.3379e-04
-2.825 1.775 6.6885e-04
-2.825 1.825 1.3410e-03
-2.825 1.875 2.6905e-03
-2.825 1.925 5.4018e-03
-2.825 1.975 1.0854e-02
-2.825 2.025 2.1830e-02
-2.825 2.075 4.3946e-02
-2.825 2.125 8.8556e-02
-2.825 2.175 1.7863e-01
-2.825 2.225 3.6063e-01
-2.825 2.275 7.2852e-01
-2.825 2.325 1.4720e+00
-2.825 2.375 2.9723e+00
-2.825 2.425 5.9905e+00
-2.825 2.475 1.2029e+01
-2.825 2.525 2.4005e+01
-2.825 2.575 4.7438e+01
-2.825 2.625 9.2424e+01
-2.825 2.675 1.7656e+02
-2.825 2.725 3.2861e+02
-2.825 2.775 5.9158e+02
-2.825 2.825 1.0225e+03
-2.825 2.875 1.6845e+03
-2.825 2.925 2.6275e+03
-2.825 2.975 3.8601e+03
-2.825 3.025 5.3222e+03
-2.825 3.075 6.8772e+03
-2.825 3.125 8.3338e+03
-2.825 3.175 9.4962e+03
-2.825 3.225 1.0218e+04
-2.825 3.275 1.0438e+04
-2.825 3.325 1.0183e+04
-2.825 3.375 9.5451e+03
-2.825 3.425 8.6474e+03
-2.825 3.475 7.6123e+03
-2.825 3.525 6.5419e+03
-2.825 3.575 5.5099e+03
-2.825 3.625 4.5620e+03
-2.825 3.675 3.7200e+03
-2.825 3.725 2.9873e+03
-2.825 3.775 2.3495e+03
-2.825 3.825 1.7002e+03
-2.825 3.875 0.0000e+00
-2.825 3.925 0.0000e+00
-2.825 3.975 0.0000e+00
-2.775 -1.975 0.0000e+00
-2.775 -1.925 0.0000e+00
-2.775 -1.875 0.0000e+00
-2.775 -1.825 0.0000e+00
-2.775 -1.775 0.0000e+00
-2.775 -1.725 0.0000e+00
-2.775 -1.675 0.0000e+00
-2.775 -1.625 0.0000e+00
-2.775 -1.575 0.0000e+00
-2.775 -1.525 0.0000e+00
-2.775 -1.475 0.0000e+00
-2.775 -1.425 0.0000e+00
-2.775 -1.375 0.0000e+00
-2.775 -1.325 0.0000e+00
-2.775 -1.275 0.0000e+00
-2.775 -1.225 0.0000e+00
-2.775 -1.175 0.0000e+00
-2.775 -1.125 0.0000e+00
-2.775 -1.075 0.0000e+00
-2.775 -1.025 0.0000e+00
-2.775 -0.975 0.0000e+00
-2.775 -0.925 0.0000e+00
-2.775 -0.875 0.0000e+00
-2.775 -0.825 0.0000e+00
-2.775 -0.775 0.0000e+00
-2.775 -0.725 0.0000e+00
-2.775 -0.675 0.0000e+00
-2.775 -0.625 0.0000e+00
-2.775 -0.575 0.0000e+00
-2.775 -0.525 0.0000e+00
-2.775 -0.475 0.0000e+00
-2.775 -0.425 0.0000e+00
-2.775 -0.375 0.0000e+00
-2.775 -0.325 0.0000e+00
-2.775 -0.275 0.0000e+00
-2.775 -0.225 0.0000e+00
-2.775 -0.175 0.0000e+00
-2.775 -0.125 0.0000e+00
-2.775 -0.075 0.0000e+00
-2.775 -0.025 0.0000e+00
-2.775 0.025 0.0000e+00
-2.775 0.075 0.0000e+00
-2.775 0.125 0.0000e+00
-2.775 0.175 0.0000e+00
-2.775 0.225 0.0000e+00
-2.775 0.275 0.0000e+00
-2.775 0.325 0.0000e+00
-2.775 0.375 0.0000e+00
-2.775 0.425 0.0000e+00
-2.775 0.475 0.0000e+00
-2.775 0.525 0.0000e+00
-2.775 0.575 0.0000e+00
-2.775 0.625 0.0000e+00
-2.775 0.675 0.0000e+00
-2.775 0.725 0.0000e+00
-2.775 0.775 0.0000e+00
-2.775 0.825 0.0000e+00
-2.775 0.875 0.0000e+00
-2.775 0.925 6.4761e-09
-2.775 0.975 1.2929e-08
-2.775 1.025 2.5816e-08
-2.775 1.075 5.1549e-08
-2.775 1.125 1.0294e-07
-2.775 1.175 2.0560e-07
-2.775 1.225 4.1069e-07
-2.775 1.275 8.2047e-07
-2.775 1.325 1.6394e-06
-2.775 1.375 3.2763e-06
-2.775 1.425 6.5490e-06
-2.775 1.475 1.3094e-05
-2.775 1.525 2.6187e-05
-2.775 1.575 5.2388e-05
-2.775 1.625 1.0484e-04
-2.775 1.675 2.0990e-04
-2.775 1.725 4.2044e-04
-2.775 1.775 8.4258e-04
-2.775 1.825 1.6896e-03
-2.775 1.875 3.3903e-03
-2.775 1.925 6.8080e-03
-2.775 1.975 1.3682e-02
-2.775 2.025 2.7522e-02
-2.775 2.075 5.5409e-02
-2.775 2.125 1.1165e-01
-2.775 2.175 2.2516e-01
-2.775 2.225 4.5429e-01
-2.775 2.275 9.1661e-01
-2.775 2.325 1.8480e+00
-2.775 2.375 3.7183e+00
-2.775 2.425 7.4529e+00
-2.775 2.475 1.4843e+01
-2.775 2.525 2.9272e+01
-2.775 2.575 5.6909e+01
-2.775 2.625 1.0848e+02
-2.775 2.675 2.0148e+02
-2.775 2.725 3.6204e+02
-2.775 2.775 6.2473e+02
-2.775 2.825 1.0279e+03
-2.775 2.875 1.6019e+03
-2.775 2.925 2.3526e+03
-2.775 2.975 3.2445e+03
-2.775 3.025 4.1958e+03
-2.775 3.075 5.0913e+03
-2.775 3.125 5.8118e+03
-2.775 3.175 6.2673e+03
-2.775 3.225 6.4182e+03
-2.775 3.275 6.2785e+03
-2.775 3.325 5.9023e+03
-2.775 3.375 5.3634e+03
-2.775 3.425 4.7362e+03
-2.775 3.475 4.0836e+03
-2.775 3.525 3.4517e+03
-2.775 3.575 2.8694e+03
-2.775 3.625 2.3517e+03
-2.775 3.675 1.9027e+03
-2.775 3.725 1.5189e+03
-2.775 3.775 1.1893e+03
-2.775 3.825 8.5786e+02
-2.775 3.875 0.0000e+00
-2.775 3.925 0.0000e+00
-2.775 3.975 0.0000e+00
-2.725 -1.975 0.0000e+00
-2.725 -1.925 0.0000e+00
-2.725 -1.875 0.0000e+00
-2.725 -1.825 0.0000e+00
-2.725 -1.775 0.0000e+00
-2.725 -1.725 0.0000e+00
-2.725 -1.675 0.0000e+00
-2.725 -1.625 0.0000e+00
-2.725 -1.575 0.0000e+00
-2.725 -1.525 0.0000e+00
-2.725 -1.475 0.0000e+00
-2.725 -1.425 0.0000e+00
-2.725 -1.375 0.0000e+00
-2.725 -1.325 0.0000e+00
-2.725 -1.275 0.0000e+00
-2.725 -1.225 0.0000e+00
-2.725 -1.175 0.0000e+00
-2.725 -1.125 0.0000e+00
-2.725 -1.075 0.0000e+00
-2.725 -1.025 0.0000e+00
-2.725 -0.975 0.0000e+00
-2.725 -0.925 0.0000e+00
-2.725 -0.875 0.0000e+00
-2.725 -0.825 0.0000e+00
-2.725 -0.775 0.0000e+00
-2.725 -0.725 0.0000e+00
-2.725 -0.675 0.0000e+00
-2.725 -0.625 0.0000e+00
-2.725 -0.575 0.0000e+00
-2.725 -0.525 0.0000e+00
-2.725 -0.475 0.0000e+00
-2.725 -0.425 0.0000e+00
-2.725 -0.375 0.0000e+00
-2.725 -0.325 0.0000e+00
-2.725 -0.275 0.0000e+00
-2.725 -0.225 0.0000e+00
-2.725 -0.175 0.0000e+00
-2.725 -0.125 0.0000e+00
-2.725 -0.075 0.0000e+00
-2.725 -0.025 0.0000e+00
-2.725 0.025 0.0000e+00
-2.725 0.075 0.0000e+00
-2.725 0.125 0.0000e+00
-2.725 0.175 0.0000e+00
-2.725 0.225 0.0000e+00
-2.725 0.275 0.0000e+00
-2.725 0.325 0.0000e+00
-2.725 0.375 0.0000e+00
-2.725 0.425 0.0000e+00
-2.725 0.475 0.0000e+00
-2.725 0.525 0.0000e+00
-2.725 0.575 0.0000e+00
-2.725 0.625 0.0000e+00
-2.725 0.675 0.0000e+00
-2.725 0.725 0.0000e+00
-2.725 0.775 0.0000e+00
-2.725 0.825 0.0000e+00
-2.725 0.875 0.0000e+00
-2.725 0.925 8.1531e-09
-2.725 0.975 1.6278e-08
-2.725 1.025 3.2501e-08
-2.725 1.075 6.4899e-08
-2.725 1.125 1.2960e-07
-2.725 1.175 2.5885e-07
-2.725 1.225 5.1707e-07
-2.725 1.275 1.0330e-06
-2.725 1.325 2.0641e-06
-2.725 1.375 4.1252e-06
-2.725 1.425 8.2461e-06
-2.725 1.475 1.6488e-05
-2.725 1.525 3.2976e-05
-2.725 1.575 6.5976e-05
-2.725 1.625 1.3205e-04
-2.725 1.675 2.6439e-04
-2.725 1.725 5.2964e-04
-2.725 1.775 1.0616e-03
-2.725 1.825 2.1291e-03
-2.725 1.875 4.2729e-03
-2.725 1.925 8.5819e-03
-2.725 1.975 1.7250e-02
-2.725 2.025 3.4701e-02
-2.725 2.075 6.9862e-02
-2.725 2.125 1.4074e-01
-2.725 2.175 2.8365e-01
-2.725 2.225 5.7159e-01
-2.725 2.275 1.1508e+00
-2.725 2.325 2.3120e+00
-2.725 2.375 4.6265e+00
-2.725 2.425 9.1979e+00
-2.725 2.475 1.8105e+01
-2.725 2.525 3.5132e+01
-2.725 2.575 6.6841e+01
-2.725 2.625 1.2391e+02
-2.725 2.675 2.2226e+02
-2.725 2.725 3.8296e+02
-2.725 2.775 6.2932e+02
-2.725 2.825 9.8003e+02
-2.725 2.875 1.4388e+03
-2.725 2.925 1.9846e+03
-2.725 2.975 2.5682e+03
-2.725 3.025 3.1199e+03
-2.725 3.075 3.5670e+03
-2.725 3.125 3.8539e+03
-2.725 3.175 3.9554e+03
-2.725 3.225 3.8785e+03
-2.725 3.275 3.6553e+03
-2.725 3.325 3.3303e+03
-2.725 3.375 2.9488e+03
-2.725 3.425 2.5495e+03
-2.725 3.475 2.1613e+03
-2.725 3.525 1.8024e+03
-2.725 3.575 1.4827e+03
-2.725 3.625 1.2053e+03
-2.725 3.675 9.6906e+02
-2.725 3.725 7.6995e+02
-2.725 3.775 6.0077e+02
-2.725 3.825 4.3222e+02
-2.725 3.875 0.0000e+00
-2.725 3.925 0.0000e+00
-2.725 3.975 0.0000e+00
-2.675 -1.975 0.0000e+00
-2.675 -1.925 0.0000e+00
-2.675 -1.875 0.0000e+00
-2.675 -1.825 0.0000e+00
-2.675 -1.775 0.0000e+00
-2.675 -1.725 0.0000e+00
-2.675 -1.675 0.0000e+00
-2.675 -1.625 0.0000e+00
-2.675 -1.575 0.0000e+00
-2.675 -1.525 0.0000e+00
-2.675 -1.475 0.0000e+00
-2.675 -1.425 0.0000e+00
-2.675 -1.375 0.0000e+00
-2.675 -1.325 0.0000e+00
-2.675 -1.275 0.0000e+00
-2.675 -1.225 0.0000e+00
-2.675 -1.175 0.0000e+00
-2.675 -1.125 0.0000e+00
-2.675 -1.075 0.0000e+00
-2.675 -1.025 0.0000e+00
-2.675 -0.975 0.0000e+00
-2.675 -0.925 0.0000e+00
-2.675 -0.875 0.0000e+00
-2.675 -0.825 0.0000e+00
-2.675 -0.775 0.0000e+00
-2.675 -0.725 0.0000e+00
-2.675 -0.675 0.0000e+00
-2.675 -0.625 0.0000e+00
-2.675 -0.575 0.0000e+00
-2.675 -0.525 0.0000e+00
-2.675 -0.475 0.0000e+00
-2.675 -0.425 0.0000e+00
-2.675 -0.375 0.0000e+00
-2.675 -0.325 0.0000e+00
-2.675 -0.275 0.0000e+00
-2.675 -0.225 0.0000e+00
-2.675 -0.175 0.0000e+00
-2.675 -0.125 0.0000e+00
-2.675 -0.075 0.0000e+00
-2.675 -0.025 0.0000e+00
-2.675 0.025 0.0000e+00
-2.675 0.075 0.0000e+00
-2.675 0.125 0.0000e+00
-2.675 0.175 0.0000e+00
-2.675 0.225 0.0000e+00
-2.675 0.275 0.0000e+00
-2.675 0.325 0.0000e+00
-2.675 0.375 0.0000e+00
-2.675 0.425 0.0000e+00
-2.675 0.475 0.0000e+00
-2.675 0.525 0.0000e+00
-2.675 0.575 0.0000e+00
-2.675 0.625 0.0000e+00
-2.675 0.675 0.0000e+00
-2.675 0.725 0.0000e+00
-2.675 0.775 0.0000e+00
-2.675 0.825 0.0000e+00
-2.675 0.875 0.0000e+00
-2.675 0.925 1.0264e-08
-2.675 0.975 2.0493e-08
-2.675 1.025 4.0918e-08
-2.675 1.075 8.1706e-08
-2.675 1.125 1.6317e-07
-2.675 1.175 3.2590e-07
-2.675 1.225 6.5101e-07
-2.675 1.275 1.3006e-06
-2.675 1.325 2.5989e-06
-2.675 1.375 5.1942e-06
-2.675 1.425 1.0384e-05
-2.675 1.475 2.0763e-05
-2.675 1.525 4.1529e-05
-2.675 1.575 8.3094e-05
-2.675 1.625 1.6632e-04
-2.675 1.675 3.3307e-04
-2.675 1.725 6.6731e-04
-2.675 1.775 1.3377e-03
-2.675 1.825 2.6833e-03
-2.675 1.875 5.3862e-03
-2.675 1.925 1.0819e-02
-2.675 1.975 2.1750e-02
-2.675 2.025 4.3752e-02
-2.675 2.075 8.8063e-02
-2.675 2.125 1.7730e-01
-2.675 2.175 3.5689e-01
-2.675 2.225 7.1765e-01
-2.675 2.275 1.4398e+00
-2.675 2.325 2.8770e+00
-2.675 2.375 5.7107e+00
-2.675 2.425 1.1222e+01
-2.675 2.475 2.1738e+01
-2.675 2.525 4.1287e+01
-2.675 2.575 7.6409e+01
-2.675 2.625 1.3684e+02
-2.675 2.675 2.3546e+02
-2.675 2.725 3.8651e+02
-2.675 2.775 6.0146e+02
-2.675 2.825 8.8274e+02
-2.675 2.875 1.2178e+03
-2.675 2.925 1.5767e+03
-2.675 2.975 1.9173e+03
-2.675 3.025 2.1951e+03
-2.675 3.075 2.3756e+03
-2.675 3.125 2.4428e+03
-2.675 3.175 2.4003e+03
-2.675 3.225 2.2672e+03
-2.675 3.275 2.0703e+03
-2.675 3.325 1.8374e+03
-2.675 3.375 1.5924e+03
-2.675 3.425 1.3532e+03
-2.675 3.475 1.1315e+03
-2.675 3.525 9.3341e+02
-2.675 3.575 7.6135e+02
-2.675 3.625 6.1487e+02
-2.675 3.675 4.9191e+02
-2.675 3.725 3.8937e+02
-2.675 3.775 3.0297e+02
-2.675 3.825 2.1753e+02
-2.675 3.875 0.0000e+00
-2.675 3.925 0.0000e+00
-2.675 3.975 0.0000e+00
-2.625 -1.975 0.0000e+00
-2.625 -1.925 0.0000e+00
-2.625 -1.875 0.0000e+00
-2.625 -1.825 0.0000e+00
-2.625 -1.775 0.0000e+00
-2.625 -1.725 0.0000e+00
-2.625 -1.675 0.0000e+00
-2.625 -1.625 0.0000e+00
-2.625 -1.575 0.0000e+00
-2.625 -1.525 0.0000e+00
-2.625 -1.475 0.0000e+00
-2.625 -1.425 0.0000e+00
-2.625 -1.375 0.0000e+00
-2.625 -1.325 0.0000e+00
-2.625 -1.275 0.0000e+00
-2.625 -1.225 0.0000e+00
-2.625 -1.175 0.0000e+00
-2.625 -1.125 0.0000e+00
-2.625 -1.075 0.0000e+00
-2.625 -1.025 0.0000e+00
-2.625 -0.975 0.0000e+00
-2.625 -0.925 0.0000e+00
-2.625 -0.875 0.0000e+00
-2.625 -0.825 0.0000e+00
-2.625 -0.775 0.0000e+00
-2.625 -0.725 0.0000e+00
-2.625 -0.675 0.0000e+00
-2.625 -0.625 0.0000e+00
-2.625 -0.575 0.0000e+00
-2.625 -0.525 0.0000e+00
-2.625 -0.475 0.0000e+00
-2.625 -0.425 0.0000e+00
-2.625 -0.375 0.0000e+00
-2.625 -0.325 0.0000e+00
-2.625 -0.275 0.0000e+00
-2.625 -0.225 0.0000e+00
-2.625 -0.175 0.0000e+00
-2.625 -0.125 0.0000e+00
-2.625 -0.075 0.0000e+00
-2.625 -0.025 0.0000e+00
-2.625 0.025 0.0000e+00
-2.625 0.075 0.0000e+00
-2.625 0.125 0.0000e+00
-2.625 0.175 0.0000e+00
-2.625 0.225 0.0000e+00
-2.625 0.275 0.0000e+00
-2.625 0.325 0.0000e+00
-2.625 0.375 0.0000e+00
-2.625 0.425 0.0000e+00
-2.625 0.475 0.0000e+00
-2.625 0.525 0.0000e+00
-2.625 0.575 0.0000e+00
-2.625 0.625 0.0000e+00
-2.625 0.675 0.0000e+00
-2.625 0.725 0.0000e+00
-2.625 0.775 0.0000e+00
-2.625 0.825 0.0000e+00
-2.625 0.875 0.0000e+00
-2.625 0.925 1.2922e-08
-2.625 0.975 2.5800e-08
-2.625 1.025 5.1515e-08
-2.625 1.075 1.0287e-07
-2.625 1.125 2.0544e-07
-2.625 1.175 4.1033e-07
-2.625 1.225 8.1967e-07
-2.625 1.275 1.6376e-06
-2.625 1.325 3.2725e-06
-2.625 1.375 6.5406e-06
-2.625 1.425 1.3076e-05
-2.625 1.475 2.6148e-05
-2.625 1.525 5.2305e-05
-2.625 1.575 1.0467e-04
-2.625 1.625 2.0953e-04
-2.625 1.675 4.1964e-04
-2.625 1.725 8.4088e-04
-2.625 1.775 1.6860e-03
-2.625 1.825 3.3825e-03
-2.625 1.875 6.7906e-03
-2.625 1.925 1.3642e-02
-2.625 1.975 2.7423e-02
-2.625 2.025 5.5151e-02
-2.625 2.075 1.1094e-01
-2.625 2.125 2.2309e-01
-2.625 2.175 4.4810e-01
-2.625 2.225 8.9794e-01
-2.625 2.275 1.7919e+00
-2.625 2.325 3.5517e+00
-2.625 2.375 6.9691e+00
-2.625 2.425 1.3479e+01
-2.625 2.475 2.5560e+01
-2.625 2.525 4.7232e+01
-2.625 2.575 8.4468e+01
-2.625 2.625 1.4516e+02
-2.625 2.675 2.3805e+02
-2.625 2.725 3.7018e+02
-2.625 2.775 5.4313e+02
-2.625 2.825 7.4932e+02
-2.625 2.875 9.7066e+02
-2.625 2.925 1.1813e+03
-2.625 2.975 1.3541e+03
-2.625 3.025 1.4676e+03
-2.625 3.075 1.5116e+03
-2.625 3.125 1.4881e+03
-2.625 3.175 1.4083e+03
-2.625 3.225 1.2885e+03
-2.625 3.275 1.1459e+03
-2.625 3.325 9.9516e+02
-2.625 3.375 8.4746e+02
-2.625 3.425 7.1012e+02
-2.625 3.475 5.8717e+02
-2.625 3.525 4.8018e+02
-2.625 3.575 3.8901e+02
-2.625 3.625 3.1254e+02
-2.625 3.675 2.4905e+02
-2.625 3.725 1.9654e+02
-2.625 3.775 1.5259e+02
-2.625 3.825 1.0938e+02
-2.625 3.875 0.0000e+00
-2.625 3.925 0.0000e+00
-2.625 3.975 0.0000e+00
-2.575 -1.975 0.0000e+00
-2.575 -1.925 0.0000e+00
-2.575 -1.875 0.0000e+00
-2.575 -1.825 0.0000e+00
-2.575 -1.775 0.0000e+00
-2.575 -1.725 0.0000e+00
-2.575 -1.675 0.0000e+00
-2.575 -1.625 0.0000e+00
-2.575 -1.575 0.0000e+00
-2.575 -1.525 0.0000e+00
-2.575 -1.475 0.0000e+00
-2.575 -1.425 0.0000e+00
-2.575 -1.375 0.0000e+00
-2.575 -1.325 0.0000e+00
-2.575 -1.275 0.0000e+00
-2.575 -1.225 0.0000e+00
-2.575 -1.175 0.0000e+00
-2.575 -1.125 0.0000e+00
-2.575 -1.075 0.0000e+00
-2.575 -1.025 0.0000e+00
-2.575 -0.975 0.0000e+00
-2.575 -0.925 0.0000e+00
-2.575 -0.875 0.0000e+00
-2.575 -0.825 0.0000e+00
-2.575 -0.775 0.0000e+00
-2.575 -0.725 0.0000e+00
-2.575 -0.675 0.0000e+00
-2.575 -0.625 0.0000e+00
-2.575 -0.575 0.0000e+00
-2.575 -0.525 0.0000e+00
-2.575 -0.475 0.0000e+00
-2.575 -0.425 0.0000e+00
-2.575 -0.375 0.0000e+00
-2.575 -0.325 0.0000e+00
-2.575 -0.275 0.0000e+00
-2.575 -0.225 0.0000e+00
-2.575 -0.175 0.0000e+00
-2.575 -0.125 0.0000e+00
-2.575 -0.075 0.0000e+00
-2.575 -0.025 0.0000e+00
-2.575 0.025 0.0000e+00
-2.575 0.075 0.0000e+00
-2.575 0.125 0.0000e+00
-2.575 0.175 0.0000e+00
-2.575 0.225 0.0000e+00
-2.575 0.275 0.0000e+00
-2.575 0.325 0.0000e+00
-2.575 0.375 0.0000e+00
-2.575 0.425 0.0000e+00
-2.575 0.475 0.0000e+00
-2.575 0.525 0.0000e+00
-2.575 0.575 0.0000e+00
-2.575 0.625 0.0000e+00
-2.575 0.675 0.0000e+00
-2.575 0.725 0.0000e+00
-2.575 0.775 0.0000e+00
-2.575 0.825 0.0000e+00
-2.575 0.875 0.0000e+00
-2.575 0.925 1.6269e-08
-2.575 0.975 3.2482e-08
-2.575 1.025 6.4857e-08
-2.575 1.075 1.2951e-07
-2.575 1.125 2.5865e-07
-2.575 1.175 5.1663e-07
-2.575 1.225 1.0320e-06
-2.575 1.275 2.0620e-06
-2.575 1.325 4.1207e-06
-2.575 1.375 8.2365e-06
-2.575 1.425 1.6467e-05
-2.575 1.475 3.2933e-05
-2.575 1.525 6.5883e-05
-2.575 1.575 1.3185e-04
-2.575 1.625 2.6399e-04
-2.575 1.675 5.2879e-04
-2.575 1.725 1.0598e-03
-2.575 1.775 2.1252e-03
-2.575 1.825 4.2644e-03
-2.575 1.875 8.5620e-03
-2.575 1.925 1.7200e-02
-2.575 1.975 3.4567e-02
-2.575 2.025 6.9477e-02
-2.575 2.075 1.3959e-01
-2.575 2.125 2.8011e-01
-2.575 2.175 5.6070e-01
-2.575 2.225 1.1176e+00
-2.575 2.275 2.2124e+00
-2.575 2.325 4.3353e+00
-2.575 2.375 8.3732e+00
-2.575 2.425 1.5856e+01
-2.575 2.475 2.9260e+01
-2.575 2.525 5.2261e+01
-2.575 2.575 8.9710e+01
-2.575 2.625 1.4698e+02
-2.575 2.675 2.2843e+02
-2.575 2.725 3.3505e+02
-2.575 2.775 4.6226e+02
-2.575 2.825 5.9905e+02
-2.575 2.875 7.2960e+02
-2.575 2.925 8.3715e+02
-2.575 2.975 9.0848e+02
-2.575 3.025 9.3712e+02
-2.575 3.075 9.2401e+02
-2.575 3.125 8.7595e+02
-2.575 3.175 8.0288e+02
-2.575 3.225 7.1527e+02
-2.575 3.275 6.2230e+02
-2.575 3.325 5.3089e+02
-2.575 3.375 4.4567e+02
-2.575 3.425 3.6922e+02
-2.575 3.475 3.0257e+02
-2.575 3.525 2.4571e+02
-2.575 3.575 1.9798e+02
-2.575 3.625 1.5840e+02
-2.575 3.675 1.2582e+02
-2.575 3.725 9.9062e+01
-2.575 3.775 7.6773e+01
-2.575 3.825 5.4962e+01
-2.575 3.875 0.0000e+00
-2.575 3.925 0.0000e+00
-2.575 3.975 0.0000e+00
-2.525 -1.975 0.0000e+00
-2.525 -1.925 0.0000e+00
-2.525 -1.875 0.0000e+00
-2.525 -1.825 0.0000e+00
-2.525 -1.775 0.0000e+00
-2.525 -1.725 0.0000e+00
-2.525 -1.675 0.0000e+00
-2.525 -1.625 0.0000e+00
-2.525 -1.575 0.0000e+00
-2.525 -1.525 0.0000e+00
-2.525 -1.475 0.0000e+00
-2.525 -1.425 0.0000e+00
-2.525 -1.375 0.0000e+00
-2.525 -1.325 0.0000e+00
-2.525 -1.275 0.0000e+00
-2.525 -1.225 0.0000e+00
-2.525 -1.175 0.0000e+00
-2.525 -1.125 0.0000e+00
-2.525 -1.075 0.0000e+00
-2.525 -1.025 0.0000e+00
-2.525 -0.975 0.0000e+00
-2.525 -0.925 0.0000e+00
-2.525 -0.875 0.0000e+00
-2.525 -0.825 0.0000e+00
-2.525 -0.775 0.0000e+00
-2.525 -0.725 0.0000e+00
-2.525 -0.675 0.0000e+00
-2.525 -0.625 0.0000e+00
-2.525 -0.575 0.0000e+00
-2.525 -0.525 0.0000e+00
-2.525 -0.475 0.0000e+00
-2.525 -0.425 0.0000e+00
-2.525 -0.375 0.0000e+00
-2.525 -0.325 0.0000e+00
-2.525 -0.275 0.0000e+00
-2.525 -0.225 0.0000e+00
-2.525 -0.175 0.0000e+00
-2.525 -0.125 0.0000e+00
-2.525 -0.075 0.0000e+00
-2.525 -0.025 0.0000e+00
-2.525 0.025 0.0000e+00
-2.525 0.075 0.0000e+00
-2.525 0.125 0.0000e+00
-2.525 0.175 0.0000e+00
-2.525 0.225 0.0000e+00
-2.525 0.275 0.0000e+00
-2.525 0.325 0.0000e+00
-2.525 0.375 0.0000e+00
-2.525 0.425 0.0000e+00
-2.525 0.475 0.0000e+00
-2.525 0.525 0.0000e+00
-2.525 0.575 0.0000e+00
-2.525 0.625 0.0000e+00
-2.525 0.675 0.0000e+00
-2.525 0.725 0.0000e+00
-2.525 0.775 0.0000e+00
-2.525 0.825 0.0000e+00
-2.525 0.875 0.0000e+00
-2.525 0.925 2.0482e-08
-2.525 0.975 4.0895e-08
-2.525 1.025 8.1656e-08
-2.525 1.075 1.6306e-07
-2.525 1.125 3.2566e-07
-2.525 1.175 6.5049e-07
-2.525 1.225 1.2995e-06
-2.525 1.275 2.5965e-06
-2.525 1.325 5.1891e-06
-2.525 1.375 1.0373e-05
-2.525 1.425 2.0740e-05
-2.525 1.475 4.1482e-05
-2.525 1.525 8.2996e-05
-2.525 1.575 1.6612e-04
-2.525 1.625 3.3265e-04
-2.525 1.675 6.6645e-04
-2.525 1.725 1.3359e-03
-2.525 1.775 2.6794e-03
-2.525 1.825 5.3768e-03
-2.525 1.875 1.0795e-02
-2.525 1.925 2.1681e-02
-2.525 1.975 4.3547e-02
-2.525 2.025 8.7421e-02
-2.525 2.075 1.7527e-01
-2.525 2.125 3.5051e-01
-2.525 2.175 6.9788e-01
-2.525 2.225 1.3800e+00
-2.525 2.275 2.7010e+00
-2.525 2.325 5.2102e+00
-2.525 2.375 9.8539e+00
-2.525 2.425 1.8161e+01
-2.525 2.475 3.2401e+01
-2.525 2.525 5.5564e+01
-2.525 2.575 9.0962e+01
-2.525 2.625 1.4128e+02
-2.525 2.675 2.0717e+02
-2.525 2.725 2.8584e+02
-2.525 2.775 3.7055e+02
-2.525 2.825 4.5159e+02
-2.525 2.875 5.1862e+02
-2.525 2.925 5.6345e+02
-2.525 2.975 5.8197e+02
-2.525 3.025 5.7464e+02
-2.525 3.075 5.4556e+02
-2.525 3.125 5.0082e+02
-2.525 3.175 4.4687e+02
-2.525 3.225 3.8939e+02
-2.525 3.275 3.3272e+02
-2.525 3.325 2.7975e+02
-2.525 3.375 2.3214e+02
-2.525 3.425 1.9056e+02
-2.525 3.475 1.5504e+02
-2.525 3.525 1.2520e+02
-2.525 3.575 1.0044e+02
-2.525 3.625 8.0096e+01
-2.525 3.675 6.3463e+01
-2.525 3.725 4.9871e+01
-2.525 3.775 3.8596e+01
-2.525 3.825 2.7603e+01
-2.525 3.875 0.0000e+00
-2.525 3.925 0.0000e+00
-2.525 3.975 0.0000e+00
-2.475 -1.975 0.0000e+00
-2.475 -1.925 0.0000e+00
-2.475 -1.875 0.0000e+00
-2.475 -1.825 0.0000e+00
-2.475 -1.775 0.0000e+00
-2.475 -1.725 0.0000e+00
-2.475 -1.675 0.0000e+00
-2.475 -1.625 0.0000e+00
-2.475 -1.575 0.0000e+00
-2.475 -1.525 0.0000e+00
-2.475 -1.475 0.0000e+00
-2.475 -1.425 0.0000e+00
-2.475 -1.375 0.0000e+00
-2.475 -1.325 0.0000e+00
-2.475 -1.275 0.0000e+00
-2.475 -1.225 0.0000e+00
-2.475 -1.175 0.0000e+00
-2.475 -1.125 0.0000e+00
-2.475 -1.075 0.0000e+00
-2.475 -1.025 0.0000e+00
-2.475 -0.975 0.0000e+00
-2.475 -0.925 0.0000e+00
-2.475 -0.875 0.0000e+00
-2.475 -0.825 0.0000e+00
-2.475 -0.775 0.0000e+00
-2.475 -0.725 0.0000e+00
-2.475 -0.675 0.0000e+00
-2.475 -0.625 0.0000e+00
-2.475 -0.575 0.0000e+00
-2.475 -0.525 0.0000e+00
-2.475 -0.475 0.0000e+00
-2.475 -0.425 0.0000e+00
-2.475 -0.375 0.0000e+00
-2.475 -0.325 0.0000e+00
-2.475 -0.275 0.0000e+00
-2.475 -0.225 0.0000e+00
-2.475 -0.175 0.0000e+00
-2.475 -0.125 0.0000e+00
-2.475 -0.075 0.0000e+00
-2.475 -0.025 0.0000e+00
-2.475 0.025 0.0000e+00
-2.475 0.075 0.0000e+00
-2.475 0.125 0.0000e+00
-2.475 0.175 0.0000e+00
-2.475 0.225 0.0000e+00
-2.475 0.275 0.0000e+00
-2.475 0.325 0.0000e+00
-2.475 0.375 0.0000e+00
-2.475 0.425 0.0000e+00
-2.475 0.475 0.0000e+00
-2.475 0.525 0.0000e+00
-2.475 0.575 0.0000e+00
-2.475 0.625 0.0000e+00
-2.475 0.675 0.0000e+00
-2.475 0.725 0.0000e+00
-2.475 0.775 0.0000e+00
-2.475 0.825 0.0000e+00
-2.475 0.875 0.0000e+00
-2.475 0.925 2.5787e-08
-2.475 0.975 5.1487e-08
-2.475 1.025 1.0281e-07
-2.475 1.075 2.0531e-07
-2.475 1.125 4.1004e-07
-2.475 1.175 8.1907e-07
-2.475 1.225 1.6364e-06
-2.475 1.275 3.2698e-06
-2.475 1.325 6.5350e-06
-2.475 1.375 1.3064e-05
-2.475 1.425 2.6124e-05
-2.475 1.475 5.2256e-05
-2.475 1.525 1.0457e-04
-2.475 1.575 2.0933e-04
-2.475 1.625 4.1925e-04
-2.475 1.675 8.4008e-04
-2.475 1.725 1.6842e-03
-2.475 1.775 3.3783e-03
-2.475 1.825 6.7792e-03
-2.475 1.875 1.3608e-02
-2.475 1.925 2.7314e-02
-2.475 1.975 5.4794e-02
-2.475 2.025 1.0977e-01
-2.475 2.075 2.1933e-01
-2.475 2.125 4.3629e-01
-2.475 2.175 8.6185e-01
-2.475 2.225 1.6850e+00
-2.475 2.275 3.2468e+00
-2.475 2.325 6.1338e+00
-2.475 2.375 1.1293e+01
-2.475 2.425 2.0126e+01
-2.475 2.475 3.4482e+01
-2.475 2.525 5.6408e+01
-2.475 2.575 8.7569e+01
-2.475 2.625 1.2837e+02
-2.475 2.675 1.7712e+02
-2.475 2.725 2.2967e+02
-2.475 2.775 2.8006e+02
-2.475 2.825 3.2189e+02
-2.475 2.875 3.5006e+02
-2.475 2.925 3.6198e+02
-2.475 2.975 3.5787e+02
-2.475 3.025 3.4021e+02
-2.475 3.075 3.1273e+02
-2.475 3.125 2.7942e+02
-2.475 3.175 2.4382e+02
-2.475 3.225 2.0861e+02
-2.475 3.275 1.7564e+02
-2.475 3.325 1.4595e+02
-2.475 3.375 1.1998e+02
-2.475 3.425 9.7768e+01
-2.475 3.475 7.9086e+01
-2.475 3.525 6.3579e+01
-2.475 3.575 5.0832e+01
-2.475 3.625 4.0427e+01
-2.475 3.675 3.1968e+01
-2.475 3.725 2.5084e+01
-2.475 3.775 1.9391e+01
-2.475 3.825 1.3857e+01
-2.475 3.875 0.0000e+00
-2.475 3.925 0.0000e+00
-2.475 3.975 0.0000e+00
-2.425 -1.975 0.0000e+00
-2.425 -1.925 0.0000e+00
-2.425 -1.875 0.0000e+00
-2.425 -1.825 0.0000e+00
-2.425 -1.775 0.0000e+00
-2.425 -1.725 0.0000e+00
-2.425 -1.675 0.0000e+00
-2.425 -1.625 0.0000e+00
-2.425 -1.575 0.0000e+00
-2.425 -1.525 0.0000e+00
-2.425 -1.475 0.0000e+00
-2.425 -1.425 0.0000e+00
-2.425 -1.375 0.0000e+00
-2.425 -1.325 0.0000e+00
-2.425 -1.275 0.0000e+00
-2.425 -1.225 0.0000e+00
-2.425 -1.175 0.0000e+00
-2.425 -1.125 0.0000e+00
-2.425 -1.075 0.0000e+00
-2.425 -1.025 0.0000e+00
-2.425 -0.975 0.0000e+00
-2.425 -0.925 0.0000e+00
-2.425 -0.875 0.0000e+00
-2.425 -0.825 0.0000e+00
-2.425 -0.775 0.0000e+00
-2.425 -0.725 0.0000e+00
-2.425 -0.675 0.0000e+00
-2.425 -0.625 0.0000e+00
-2.425 -0.575 0.0000e+00
-2.425 -0.525 0.0000e+00
-2.425 -0.475 0.0000e+00
-2.425 -0.425 0.0000e+00
-2.425 -0.375 0.0000e+00
-2.425 -0.325 0.0000e+00
-2.425 -0.275 0.0000e+00
-2.425 -0.225 0.0000e+00
-2.425 -0.175 0.0000e+00
-2.425 -0.125 0.0000e+00
-2.425 -0.075 0.0000e+00
-2.425 -0.025 0.0000e+00
-2.425 0.025 0.0000e+00
-2.425 0.075 0.0000e+00
-2.425 0.125 0.0000e+00
-2.425 0.175 0.0000e+00
-2.425 0.225 0.0000e+00
-2.425 0.275 0.0000e+00
-2.425 0.325 0.0000e+00
-2.425 0.375 0.0000e+00
-2.425 0.425 0.0000e+00
-2.425 0.475 0.0000e+00
-2.425 0.525 0.0000e+00
-2.425 0.575 0.0000e+00
-2.425 0.625 0.0000e+00
-2.425 0.675 0.0000e+00
-2.425 0.725 0.0000e+00
-2.425 0.775 0.0000e+00
-2.425 0.825 0.0000e+00
-2.425 0.875 0.0000e+00
-2.425 0.925 3.2467e-08
-2.425 0.975 6.4824e-08
-2.425 1.025 1.2944e-07
-2.425 1.075 2.5850e-07
-2.425 1.125 5.1631e-07
-2.425 1.175 1.0314e-06
-2.425 1.225 2.0606e-06
-2.425 1.275 4.1178e-06
-2.425 1.325 8.2306e-06
-2.425 1.375 1.6456e-05
-2.425 1.425 3.2909e-05
-2.425 1.475 6.5838e-05
-2.425 1.525 1.3177e-04
-2.425 1.575 2.6383e-04
-2.425 1.625 5.2848e-04
-2.425 1.675 1.0591e-03
-2.425 1.725 2.1236e-03
-2.425 1.775 4.2594e-03
-2.425 1.825 8.5455e-03
-2.425 1.875 1.7143e-02
-2.425 1.925 3.4369e-02
-2.425 1.975 6.8804e-02
-2.425 2.025 1.3737e-01
-2.425 2.075 2.7303e-01
-2.425 2.125 5.3885e-01
-2.425 2.175 1.0525e+00
-2.425 2.225 2.0260e+00
-2.425 2.275 3.8237e+00
-2.425 2.325 7.0327e+00
-2.425 2.375 1.2522e+01
-2.425 2.425 2.1437e+01
-2.425 2.475 3.5045e+01
-2.425 2.525 5.4378e+01
-2.425 2.575 7.9696e+01
-2.425 2.625 1.0996e+02
-2.425 2.675 1.4262e+02
-2.425 2.725 1.7400e+02
-2.425 2.775 2.0012e+02
-2.425 2.825 2.1782e+02
-2.425 2.875 2.2547e+02
-2.425 2.925 2.2315e+02
-2.425 2.975 2.1239e+02
-2.425 3.025 1.9547e+02
-2.425 3.075 1.7486e+02
-2.425 3.125 1.5276e+02
-2.425 3.175 1.3086e+02
-2.425 3.225 1.1031e+02
-2.425 3.275 9.1773e+01
-2.425 3.325 7.5536e+01
-2.425 3.375 6.1630e+01
-2.425 3.425 4.9923e+01
-2.425 3.475 4.0198e+01
-2.425 3.525 3.2200e+01
-2.425 3.575 2.5673e+01
-2.425 3.625 2.0375e+01
-2.425 3.675 1.6086e+01
-2.425 3.725 1.2607e+01
-2.425 3.775 9.7374e+00
-2.425 3.825 0.0000e+00
-2.425 3.875 0.0000e+00
-2.425 3.925 0.0000e+00
-2.425 3.975 0.0000e+00
-2.375 -1.975 0.0000e+00
-2.375 -1.925 0.0000e+00
-2.375 -1.875 0.0000e+00
-2.375 -1.825 0.0000e+00
-2.375 -1.775 0.0000e+00
-2.375 -1.725 0.0000e+00
-2.375 -1.675 0.0000e+00
-2.375 -1.625 0.0000e+00
-2.375 -1.575 0.0000e+00
-2.375 -1.525 0.0000e+00
-2.375 -1.475 0.0000e+00
-2.375 -1.425 0.0000e+00
-2.375 -1.375 0.0000e+00
-2.375 -1.325 0.0000e+00
-2.375 -1.275 0.0000e+00
-2.375 -1.225 0.0000e+00
-2.375 -1.175 0.0000e+00
-2.375 -1.125 0.0000e+00
-2.375 -1.075 0.0000e+00
-2.375 -1.025 0.0000e+00
-2.375 -0.975 0.0000e+00
-2.375 -0.925 0.0000e+00
-2.375 -0.875 0.0000e+00
-2.375 -0.825 0.0000e+00
-2.375 -0.775 0.0000e+00
-2.375 -0.725 0.0000e+00
-2.375 -0.675 0.0000e+00
-2.375 -0.625 0.0000e+00
-2.375 -0.575 0.0000e+00
-2.375 -0.525 0.0000e+00
-2.375 -0.475 0.0000e+00
-2.375 -0.425 0.0000e+00
-2.375 -0.375 0.0000e+00
-2.375 -0.325 0.0000e+00
-2.375 -0.275 0.0000e+00
-2.375 -0.225 0.0000e+00
-2.375 -0.175 0.0000e+00
-2.375 -0.125 0.0000e+00
-2.375 -0.075 0.0000e+00
-2.375 -0.025 0.0000e+00
-2.375 0.025 0.0000e+00
-2.375 0.075 0.0000e+00
-2.375 0.125 0.0000e+00
-2.375 0.175 0.0000e+00
-2.375 0.225 0.0000e+00
-2.375 0.275 0.0000e+00
-2.375 0.325 0.0000e+00
-2.375 0.375 0.0000e+00
-2.375 0.425 0.0000e+00
-2.375 0.475 0.0000e+00
-2.375 0.525 0.0000e+00
-2.375 0.575 0.0000e+00
-2.375 0.625 0.0000e+00
-2.375 0.675 0.0000e+00
-2.375 0.725 0.0000e+00
-2.375 0.775 0.0000e+00
-2.375 0.825 0.0000e+00
-2.375 0.875 0.0000e+00
-2.375 0.925 4.0877e-08
-2.375 0.975 8.1618e-08
-2.375 1.025 1.6298e-07
-2.375 1.075 3.2549e-07
-2.375 1.125 6.5014e-07
-2.375 1.175 1.2988e-06
-2.375 1.225 2.5951e-06
-2.375 1.275 5.1862e-06
-2.375 1.325 1.0367e-05
-2.375 1.375 2.0730e-05
-2.375 1.425 4.1463e-05
-2.375 1.475 8.2964e-05
-2.375 1.525 1.6607e-04
-2.375 1.575 3.3256e-04
-2.375 1.625 6.6627e-04
-2.375 1.675 1.3354e-03
-2.375 1.725 2.6775e-03
-2.375 1.775 5.3692e-03
-2.375 1.825 1.0766e-02
-2.375 1.875 2.1571e-02
-2.375 1.925 4.3157e-02
-2.375 1.975 8.6105e-02
-2.375 2.025 1.7101e-01
-2.375 2.075 3.3723e-01
-2.375 2.125 6.5814e-01
-2.375 2.175 1.2658e+00
-2.375 2.225 2.3867e+00
-2.375 2.275 4.3859e+00
-2.375 2.325 7.8029e+00
-2.375 2.375 1.3348e+01
-2.375 2.425 2.1808e+01
-2.375 2.475 3.3825e+01
-2.375 2.525 4.9562e+01
-2.375 2.575 6.8381e+01
-2.375 2.625 8.8712e+01
-2.375 2.675 1.0827e+02
-2.375 2.725 1.2461e+02
-2.375 2.775 1.3573e+02
-2.375 2.825 1.4062e+02
-2.375 2.875 1.3931e+02
-2.375 2.925 1.3273e+02
-2.375 2.975 1.2229e+02
-2.375 3.025 1.0951e+02
-2.375 3.075 9.5772e+01
-2.375 3.125 8.2128e+01
-2.375 3.175 6.9303e+01
-2.375 3.225 5.7716e+01
-2.375 3.275 4.7554e+01
-2.375 3.325 3.8841e+01
-2.375 3.375 3.1499e+01
-2.375 3.425 2.5395e+01
-2.375 3.475 2.0373e+01
-2.375 3.525 1.6273e+01
-2.375 3.575 1.2946e+01
-2.375 3.625 1.0257e+01
-2.375 3.675 8.0880e+00
-2.375 3.725 6.3326e+00
-2.375 3.775 4.8877e+00
-2.375 3.825 0.0000e+00
-2.375 3.875 0.0000e+00
-2.375 3.925 0.0000e+00
-2.375 3.975 0.0000e+00
-2.325 -1.975 0.0000e+00
-2.325 -1.925 0.0000e+00
-2.325 -1.875 0.0000e+00
-2.325 -1.825 0.0000e+00
-2.325 -1.775 0.0000e+00
-2.325 -1.725 0.0000e+00
-2.325 -1.675 0.0000e+00
-2.325 -1.625 0.0000e+00
-2.325 -1.575 0.0000e+00
-2.325 -1.525 0.0000e+00
-2.325 -1.475 0.0000e+00
-2.325 -1.425 0.0000e+00
-2.325 -1.375 0.0000e+00
-2.325 -1.325 0.0000e+00
-2.325 -1.275 0.0000e+00
-2.325 -1.225 0.0000e+00
-2.325 -1.175 0.0000e+00
-2.325 -1.125 0.0000e+00
-2.325 -1.075 0.0000e+00
-2.325 -1.025 0.0000e+00
-2.325 -0.975 0.0000e+00
-2.325 -0.925 0.0000e+00
-2.325 -0.875 0.0000e+00
-2.325 -0.825 0.0000e+00
-2.325 -0.775 0.0000e+00
-2.325 -0.725 0.0000e+00
-2.325 -0.675 0.0000e+00
-2.325 -0.625 0.0000e+00
-2.325 -0.575 0.0000e+00
-2.325 -0.525 0.0000e+00
-2.325 -0.475 0.0000e+00
-2.325 -0.425 0.0000e+00
-2.325 -0.375 0.0000e+00
-2.325 -0.325 0.0000e+00
-2.325 -0.275 0.0000e+00
-2.325 -0.225 0.0000e+00
-2.325 -0.175 0.0000e+00
-2.325 -0.125 0.0000e+00
-2.325 -0.075 0.0000e+00
-2.325 -0.025 0.0000e+00
-2.325 0.025 0.0000e+00
-2.325 0.075 0.0000e+00
-2.325 0.125 0.0000e+00
-2.325 0.175 0.0000e+00
-2.325 0.225 0.0000e+00
-2.325 0.275 0.0000e+00
-2.325 0.325 0.0000e+00
-2.325 0.375 0.0000e+00
-2.325 0.425 0.0000e+00
-2.325 0.475 0.0000e+00
-2.325 0.525 0.0000e+00
-2.325 0.575 0.0000e+00
-2.325 0.625 0.0000e+00
-2.325 0.675 0.0000e+00
-2.325 0.725 0.0000e+00
-2.325 0.775 0.0000e+00
-2.325 0.825 0.0000e+00
-2.325 0.875 0.0000e+00
-2.325 0.925 5.1467e-08
-2.325 0.975 1.0277e-07
-2.325 1.025 2.0522e-07
-2.325 1.075 4.0987e-07
-2.325 1.125 8.1871e-07
-2.325 1.175 1.6356e-06
-2.325 1.225 3.2684e-06
-2.325 1.275 6.5325e-06
-2.325 1.325 1.3060e-05
-2.325 1.375 2.6118e-05
-2.325 1.425 5.2248e-05
-2.325 1.475 1.0456e-04
-2.325 1.525 2.0934e-04
-2.325 1.575 4.1927e-04
-2.325 1.625 8.4007e-04
-2.325 1.675 1.6837e-03
-2.325 1.725 3.3751e-03
-2.325 1.775 6.7641e-03
-2.325 1.825 1.3546e-02
-2.325 1.875 2.7087e-02
-2.325 1.925 5.4010e-02
-2.325 1.975 1.0719e-01
-2.325 2.025 2.1124e-01
-2.325 2.075 4.1194e-01
-2.325 2.125 7.9164e-01
-2.325 2.175 1.4915e+00
-2.325 2.225 2.7386e+00
-2.325 2.275 4.8687e+00
-2.325 2.325 8.3232e+00
-2.325 2.375 1.3591e+01
-2.325 2.425 2.1072e+01
-2.325 2.475 3.0869e+01
-2.325 2.525 4.2590e+01
-2.325 2.575 5.5263e+01
-2.325 2.625 6.7474e+01
-2.325 2.675 7.7694e+01
-2.325 2.725 8.4689e+01
-2.325 2.775 8.7808e+01
-2.325 2.825 8.7067e+01
-2.325 2.875 8.3028e+01
-2.325 2.925 7.6566e+01
-2.325 2.975 6.8632e+01
-2.325 3.025 6.0077e+01
-2.325 3.075 5.1566e+01
-2.325 3.125 4.3553e+01
-2.325 3.175 3.6304e+01
-2.325 3.225 2.9939e+01
-2.325 3.275 2.4476e+01
-2.325 3.325 1.9869e+01
-2.325 3.375 1.6035e+01
-2.325 3.425 1.2879e+01
-2.325 3.475 1.0302e+01
-2.325 3.525 8.2100e+00
-2.325 3.575 6.5202e+00
-2.325 3.625 5.1591e+00
-2.325 3.675 4.0639e+00
-2.325 3.725 3.1795e+00
-2.325 3.775 2.4527e+00
-2.325 3.825 0.0000e+00
-2.325 3.875 0.0000e+00
-2.325 3.925 0.0000e+00
-2.325 3.975 0.0000e+00
-2.275 -1.975 0.0000e+00
-2.275 -1.925 0.0000e+00
-2.275 -1.875 0.0000e+00
-2.275 -1.825 0.0000e+00
-2.275 -1.775 0.0000e+00
-2.275 -1.725 0.0000e+00
-2.275 -1.675 0.0000e+00
-2.275 -1.625 0.0000e+00
-2.275 -1.575 0.0000e+00
-2.275 -1.525 0.0000e+00
-2.275 -1.475 0.0000e+00
-2.275 -1.425 0.0000e+00
-2.275 -1.375 0.0000e+00
-2.275 -1.325 0.0000e+00
-2.275 -1.275 0.0000e+00
-2.275 -1.225 0.0000e+00
-2.275 -1.175 0.0000e+00
-2.275 -1.125 0.0000e+00
-2.275 -1.075 0.0000e+00
-2.275 -1.025 0.0000e+00
-2.275 -0.975 0.0000e+00
-2.275 -0.925 0.0000e+00
-2.275 -0.875 0.0000e+00
-2.275 -0.825 0.0000e+00
-2.275 -0.775 0.0000e+00
-2.275 -0.725 0.0000e+00
-2.275 -0.675 0.0000e+00
-2.275 -0.625 0.0000e+00
-2.275 -0.575 0.0000e+00
-2.275 -0.525 0.0000e+00
-2.275 -0.475 0.0000e+00
-2.275 -0.425 0.0000e+00
-2.275 -0.375 0.0000e+00
-2.275 -0.325 0.0000e+00
-2.275 -0.275 0.0000e+00
-2.275 -0.225 0.0000e+00
-2.275 -0.175 0.0000e+00
-2.275 -0.125 0.0000e+00
-2.275 -0.075 0.0000e+00
-2.275 -0.025 0.0000e+00
-2.275 0.025 0.0000e+00
-2.275 0.075 0.0000e+00
-2.275 0.125 0.0000e+00
-2.275 0.175 0.0000e+00
-2.275 0.225 0.0000e+00
-2.275 0.275 0.0000e+00
-2.275 0.325 0.0000e+00
-2.275 0.375 0.0000e+00
-2.275 0.425 0.0000e+00
-2.275 0.475 0.0000e+00
-2.275 0.525 0.0000e+00
-2.275 0.575 0.0000e+00
-2.275 0.625 0.0000e+00
-2.275 0.675 0.0000e+00
-2.275 0.725 0.0000e+00
-2.275 0.775 0.0000e+00
-2.275 0.825 0.0000e+00
-2.275 0.875 0.0000e+00
-2.275 0.925 6.4802e-08
-2.275 0.975 1.2940e-07
-2.275 1.025 2.5841e-07
-2.275 1.075 5.1613e-07
-2.275 1.125 1.0310e-06
-2.275 1.175 2.0600e-06
-2.275 1.225 4.1169e-06
-2.275 1.275 8.2293e-06
-2.275 1.325 1.6454e-05
-2.275 1.375 3.2911e-05
-2.275 1.425 6.5849e-05
-2.275 1.475 1.3180e-04
-2.275 1.525 2.6392e-04
-2.275 1.575 5.2864e-04
-2.275 1.625 1.0592e-03
-2.275 1.675 2.1224e-03
-2.275 1.725 4.2519e-03
-2.275 1.775 8.5114e-03
-2.275 1.825 1.7011e-02
-2.275 1.875 3.3900e-02
-2.275 1.925 6.7242e-02
-2.275 1.975 1.3242e-01
-2.275 2.025 2.5806e-01
-2.275 2.075 4.9557e-01
-2.275 2.125 9.3302e-01
-2.275 2.175 1.7120e+00
-2.275 2.225 3.0415e+00
-2.275 2.275 5.1965e+00
-2.275 2.325 8.4814e+00
-2.275 2.375 1.3145e+01
-2.275 2.425 1.9253e+01
-2.275 2.475 2.6563e+01
-2.275 2.525 3.4473e+01
-2.275 2.575 4.2103e+01
-2.275 2.625 4.8504e+01
-2.275 2.675 5.2902e+01
-2.275 2.725 5.4889e+01
-2.275 2.775 5.4467e+01
-2.275 2.825 5.1983e+01
-2.275 2.875 4.7977e+01
-2.275 2.925 4.3041e+01
-2.275 2.975 3.7707e+01
-2.275 3.025 3.2391e+01
-2.275 3.075 2.7380e+01
-2.275 3.125 2.2841e+01
-2.275 3.175 1.8851e+01
-2.275 3.225 1.5424e+01
-2.275 3.275 1.2531e+01
-2.275 3.325 1.0122e+01
-2.275 3.375 8.1373e+00
-2.275 3.425 6.5160e+00
-2.275 3.475 5.1997e+00
-2.275 3.525 4.1364e+00
-2.275 3.575 3.2805e+00
-2.275 3.625 2.5930e+00
-2.275 3.675 2.0409e+00
-2.275 3.725 1.5958e+00
-2.275 3.775 1.2304e+00
-2.275 3.825 0.0000e+00
-2.275 3.875 0.0000e+00
-2.275 3.925 0.0000e+00
-2.275 3.975 0.0000e+00
-2.225 -1.975 0.0000e+00
-2.225 -1.925 0.0000e+00
-2.225 -1.875 0.0000e+00
-2.225 -1.825 0.0000e+00
-2.225 -1.775 0.0000e+00
-2.225 -1.725 0.0000e+00
-2.225 -1.675 0.0000e+00
-2.225 -1.625 0.0000e+00
-2.225 -1.575 0.0000e+00
-2.225 -1.525 0.0000e+00
-2.225 -1.475 0.0000e+00
-2.225 -1.425 0.0000e+00
-2.225 -1.375 0.0000e+00
-2.225 -1.325 0.0000e+00
-2.225 -1.275 0.0000e+00
-2.225 -1.225 0.0000e+00
-2.225 -1.175 0.0000e+00
-2.225 -1.125 0.0000e+00
-2.225 -1.075 0.0000e+00
-2.225 -1.025 0.0000e+00
-2.225 -0.975 0.0000e+00
-2.225 -0.925 0.0000e+00
-2.225 -0.875 0.0000e+00
-2.225 -0.825 0.0000e+00
-2.225 -0.775 0.0000e+00
-2.225 -0.725 0.0000e+00
-2.225 -0.675 0.0000e+00
-2.225 -0.625 0.0000e+00
-2.225 -0.575 0.0000e+00
-2.225 -0.525 0.0000e+00
-2.225 -0.475 0.0000e+00
-2.225 -0.425 0.0000e+00
-2.225 -0.375 0.0000e+00
-2.225 -0.325 0.0000e+00
-2.225 -0.275 0.0000e+00
-2.225 -0.225 0.0000e+00
-2.225 -0.175 0.0000e+00
-2.225 -0.125 0.0000e+00
-2.225 -0.075 0.0000e+00
-2.225 -0.025 0.0000e+00
-2.225 0.025 0.0000e+00
-2.225 0.075 0.0000e+00
-2.225 0.125 0.0000e+00
-2.225 0.175 0.0000e+00
-2.225 0.225 0.0000e+00
-2.225 0.275 0.0000e+00
-2.225 0.325 0.0000e+00
-2.225 0.375 0.0000e+00
-2.225 0.425 0.0000e+00
-2.225 0.475 0.0000e+00
-2.225 0.525 0.0000e+00
-2.225 0.575 0.0000e+00
-2.225 0.625 0.0000e+00
-2.225 0.675 0.0000e+00
-2.225 0.725 0.0000e+00
-2.225 0.775 0.0000e+00
-2.225 0.825 0.0000e+00
-2.225 0.875 0.0000e+00
-2.225 0.925 8.1596e-08
-2.225 0.975 1.6294e-07
-2.225 1.025 3.2541e-07
-2.225 1.075 6.5000e-07
-2.225 1.125 1.2986e-06
-2.225 1.175 2.5948e-06
-2.225 1.225 5.1862e-06
-2.225 1.275 1.0368e-05
-2.225 1.325 2.0734e-05
-2.225 1.375 4.1478e-05
-2.225 1.425 8.3006e-05
-2.225 1.475 1.6617e-04
-2.225 1.525 3.3276e-04
-2.225 1.575 6.6653e-04
-2.225 1.625 1.3352e-03
-2.225 1.675 2.6738e-03
-2.225 1.725 5.3503e-03
-2.225 1.775 1.0688e-02
-2.225 1.825 2.1290e-02
-2.225 1.875 4.2206e-02
-2.225 1.925 8.3071e-02
-2.225 1.975 1.6179e-01
-2.225 2.025 3.1050e-01
-2.225 2.075 5.8420e-01
-2.225 2.125 1.0713e+00
-2.225 2.175 1.9021e+00
-2.225 2.225 3.2481e+00
-2.225 2.275 5.2990e+00
-2.225 2.325 8.2102e+00
-2.225 2.375 1.2023e+01
-2.225 2.425 1.6588e+01
-2.225 2.475 2.1530e+01
-2.225 2.525 2.6303e+01
-2.225 2.575 3.0314e+01
-2.225 2.625 3.3081e+01
-2.225 2.675 3.4344e+01
-2.225 2.725 3.4103e+01
-2.225 2.775 3.2571e+01
-2.225 2.825 3.0083e+01
-2.225 2.875 2.7008e+01
-2.225 2.925 2.3678e+01
-2.225 2.975 2.0355e+01
-2.225 3.025 1.7218e+01
-2.225 3.075 1.4373e+01
-2.225 3.125 1.1871e+01
-2.225 3.175 9.7192e+00
-2.225 3.225 7.9017e+00
-2.225 3.275 6.3875e+00
-2.225 3.325 5.1392e+00
-2.225 3.375 4.1189e+00
-2.225 3.425 3.2903e+00
-2.225 3.475 2.6207e+00
-2.225 3.525 2.0818e+00
-2.225 3.575 1.6492e+00
-2.225 3.625 1.3025e+00
-2.225 3.675 1.0245e+00
-2.225 3.725 8.0068e-01
-2.225 3.775 6.1716e-01
-2.225 3.825 0.0000e+00
-2.225 3.875 0.0000e+00
-2.225 3.925 0.0000e+00
-2.225 3.975 0.0000e+00
-2.175 -1.975 0.0000e+00
-2.175 -1.925 0.0000e+00
-2.175 -1.875 0.0000e+00
-2.175 -1.825 0.0000e+00
-2.175 -1.775 0.0000e+00
-2.175 -1.725 0.0000e+00
-2.175 -1.675 0.0000e+00
-2.175 -1.625 0.0000e+00
-2.175 -1.575 0.0000e+00
-2.175 -1.525 0.0000e+00
-2.175 -1.475 0.0000e+00
-2.175 -1.425 0.0000e+00
-2.175 -1.375 0.0000e+00
-2.175 -1.325 0.0000e+00
-2.175 -1.275 0.0000e+00
-2.175 -1.225 0.0000e+00
-2.175 -1.175 0.0000e+00
-2.175 -1.125 0.0000e+00
-2.175 -1.075 0.0000e+00
-2.175 -1.025 0.0000e+00
-2.175 -0.975 0.0000e+00
-2.175 -0.925 0.0000e+00
-2.175 -0.875 0.0000e+00
-2.175 -0.825 0.0000e+00
-2.175 -0.775 0.0000e+00
-2.175 -0.725 0.0000e+00
-2.175 -0.675 0.0000e+00
-2.175 -0.625 0.0000e+00
-2.175 -0.575 0.0000e+00
-2.175 -0.525 0.0000e+00
-2.175 -0.475 0.0000e+00
-2.175 -0.425 0.0000e+00
-2.175 -0.375 0.0000e+00
-2.175 -0.325 0.0000e+00
-2.175 -0.275 0.0000e+00
-2.175 -0.225 0.0000e+00
-2.175 -0.175 0.0000e+00
-2.175 -0.125 0.0000e+00
-2.175 -0.075 0.0000e+00
-2.175 -0.025 0.0000e+00
-2.175 0.025 0.0000e+00
-2.175 0.075 0.0000e+00
-2.175 0.125 0.0000e+00
-2.175 0.175 0.0000e+00
-2.175 0.225 0.0000e+00
-2.175 0.275 0.0000e+00
-2.175 0.325 0.0000e+00
-2.175 0.375 0.0000e+00
-2.175 0.425 0.0000e+00
-2.175 0.475 0.0000e+00
-2.175 0.525 0.0000e+00
-2.175 0.575 0.0000e+00
-2.175 0.625 0.0000e+00
-2.175 0.675 0.0000e+00
-2.175 0.725 0.0000e+00
-2.175 0.775 0.0000e+00
-2.175 0.825 0.0000e+00
-2.175 0.875 0.0000e+00
-2.175 0.925 1.0275e-07
-2.175 0.975 2.0519e-07
-2.175 1.025 4.0981e-07
-2.175 1.075 8.1865e-07
-2.175 1.125 1.6357e-06
-2.175 1.175 3.2688e-06
-2.175 1.225 6.5341e-06
-2.175 1.275 1.3065e-05
-2.175 1.325 2.6132e-05
-2.175 1.375 5.2285e-05
-2.175 1.425 1.0465e-04
-2.175 1.475 2.0951e-04
-2.175 1.525 4.1956e-04
-2.175 1.575 8.4019e-04
-2.175 1.625 1.6820e-03
-2.175 1.675 3.3646e-03
-2.175 1.725 6.7187e-03
-2.175 1.775 1.3377e-02
-2.175 1.825 2.6507e-02
-2.175 1.875 5.2145e-02
-2.175 1.925 1.0150e-01
-2.175 1.975 1.9469e-01
-2.175 2.025 3.6610e-01
-2.175 2.075 6.7095e-01
-2.175 2.125 1.1907e+00
-2.175 2.175 2.0323e+00
-2.175 2.225 3.3142e+00
-2.175 2.275 5.1335e+00
-2.175 2.325 7.5164e+00
-2.175 2.375 1.0370e+01
-2.175 2.425 1.3461e+01
-2.175 2.475 1.6449e+01
-2.175 2.525 1.8965e+01
-2.175 2.575 2.0706e+01
-2.175 2.625 2.1508e+01
-2.175 2.675 2.1370e+01
-2.175 2.725 2.0423e+01
-2.175 2.775 1.8875e+01
-2.175 2.825 1.6957e+01
-2.175 2.875 1.4876e+01
-2.175 2.925 1.2796e+01
-2.175 2.975 1.0831e+01
-2.175 3.025 9.0468e+00
-2.175 3.075 7.4762e+00
-2.175 3.125 6.1248e+00
-2.175 3.175 4.9825e+00
-2.175 3.225 4.0302e+00
-2.175 3.275 3.2448e+00
-2.175 3.325 2.6025e+00
-2.175 3.375 2.0807e+00
-2.175 3.425 1.6589e+00
-2.175 3.475 1.3194e+00
-2.175 3.525 1.0469e+00
-2.175 3.575 8.2859e-01
-2.175 3.625 6.5395e-01
-2.175 3.675 5.1412e-01
-2.175 3.725 4.0165e-01
-2.175 3.775 3.0950e-01
-2.175 3.825 0.0000e+00
-2.175 3.875 0.0000e+00
-2.175 3.925 0.0000e+00
-2.175 3.975 0.0000e+00
-2.125 -1.975 0.0000e+00
-2.125 -1.925 0.0000e+00
-2.125 -1.875 0.0000e+00
-2.125 -1.825 0.0000e+00
-2.125 -1.775 0.0000e+00
-2.125 -1.725 0.0000e+00
-2.125 -1.675 0.0000e+00
-2.125 -1.625 0.0000e+00
-2.125 -1.575 0.0000e+00
-2.125 -1.525 0.0000e+00
-2.125 -1.475 0.0000e+00
-2.125 -1.425 0.0000e+00
-2.125 -1.375 0.0000e+00
-2.125 -1.325 0.0000e+00
-2.125 -1.275 0.0000e+00
-2.125 -1.225 0.0000e+00
-2.125 -1.175 0.0000e+00
-2.125 -1.125 0.0000e+00
-2.125 -1.075 0.0000e+00
-2.125 -1.025 0.0000e+00
-2.125 -0.975 0.0000e+00
-2.125 -0.925 0.0000e+00
-2.125 -0.875 0.0000e+00
-2.125 -0.825 0.0000e+00
-2.125 -0.775 0.0000e+00
-2.125 -0.725 0.0000e+00
-2.125 -0.675 0.0000e+00
-2.125 -0.625 0.0000e+00
-2.125 -0.575 0.0000e+00
-2.125 -0.525 0.0000e+00
-2.125 -0.475 0.0000e+00
-2.125 -0.425 0.0000e+00
-2.125 -0.375 0.0000e+00
-2.125 -0.325 0.0000e+00
-2.125 -0.275 0.0000e+00
-2.125 -0.225 0.0000e+00
-2.125 -0.175 0.0000e+00
-2.125 -0.125 0.0000e+00
-2.125 -0.075 0.0000e+00
-2.125 -0.025 0.0000e+00
-2.125 0.025 0.0000e+00
-2.125 0.075 0.0000e+00
-2.125 0.125 0.0000e+00
-2.125 0.175 0.0000e+00
-2.125 0.225 0.0000e+00
-2.125 0.275 0.0000e+00
-2.125 0.325 0.0000e+00
-2.125 0.375 0.0000e+00
-2.125 0.425 0.0000e+00
-2.125 0.475 0.0000e+00
-2.125 0.525 0.0000e+00
-2.125 0.575 0.0000e+00
-2.125 0.625 0.0000e+00
-2.125 0.675 0.0000e+00
-2.125 0.725 0.0000e+00
-2.125 0.775 0.0000e+00
-2.125 0.825 0.0000e+00
-2.125 0.875 0.0000e+00
-2.125 0.925 1.2939e-07
-2.125 0.975 2.5840e-07
-2.125 1.025 5.1615e-07
-2.125 1.075 1.0312e-06
-2.125 1.125 2.0605e-06
-2.125 1.175 4.1184e-06
-2.125 1.225 8.2337e-06
-2.125 1.275 1.6466e-05
-2.125 1.325 3.2940e-05
-2.125 1.375 6.5917e-05
-2.125 1.425 1.3195e-04
-2.125 1.475 2.6416e-04
-2.125 1.525 5.2887e-04
-2.125 1.575 1.0585e-03
-2.125 1.625 2.1166e-03
-2.125 1.675 4.2251e-03
-2.125 1.725 8.4090e-03
-2.125 1.775 1.6656e-02
-2.125 1.825 3.2750e-02
-2.125 1.875 6.3719e-02
-2.125 1.925 1.2216e-01
-2.125 1.975 2.2959e-01
-2.125 2.025 4.2056e-01
-2.125 2.075 7.4597e-01
-2.125 2.125 1.2727e+00
-2.125 2.175 2.0748e+00
-2.125 2.225 3.2129e+00
-2.125 2.275 4.7036e+00
-2.125 2.325 6.4891e+00
-2.125 2.375 8.4243e+00
-2.125 2.425 1.0297e+01
-2.125 2.475 1.1876e+01
-2.125 2.525 1.2971e+01
-2.125 2.575 1.3480e+01
-2.125 2.625 1.3401e+01
-2.125 2.675 1.2814e+01
-2.125 2.725 1.1850e+01
-2.125 2.775 1.0651e+01
-2.125 2.825 9.3497e+00
-2.125 2.875 8.0471e+00
-2.125 2.925 6.8148e+00
-2.125 2.975 5.6955e+00
-2.125 3.025 4.7092e+00
-2.125 3.075 3.8600e+00
-2.125 3.125 3.1417e+00
-2.125 3.175 2.5426e+00
-2.125 3.225 2.0483e+00
-2.125 3.275 1.6438e+00
-2.125 3.325 1.3151e+00
-2.125 3.375 1.0494e+00
-2.125 3.425 8.3538e-01
-2.125 3.475 6.6361e-01
-2.125 3.525 5.2606e-01
-2.125 3.575 4.1609e-01
-2.125 3.625 3.2821e-01
-2.125 3.675 2.5793e-01
-2.125 3.725 2.0145e-01
-2.125 3.775 1.5519e-01
-2.125 3.825 0.0000e+00
-2.125 3.875 0.0000e+00
-2.125 3.925 0.0000e+00
-2.125 3.975 0.0000e+00
-2.075 -1.975 0.0000e+00
-2.075 -1.925 0.0000e+00
-2.075 -1.875 0.0000e+00
-2.075 -1.825 0.0000e+00
-2.075 -1.775 0.0000e+00
-2.075 -1.725 0.0000e+00
-2.075 -1.675 0.0000e+00
-2.075 -1.625 0.0000e+00
-2.075 -1.575 0.0000e+00
-2.075 -1.525 0.0000e+00
-2.075 -1.475 0.0000e+00
-2.075 -1.425 0.0000e+00
-2.075 -1.375 0.0000e+00
-2.075 -1.325 0.0000e+00
-2.075 -1.275 0.0000e+00
-2.075 -1.225 0.0000e+00
-2.075 -1.175 0.0000e+00
-2.075 -1.125 0.0000e+00
-2.075 -1.075 0.0000e+00
-2.075 -1.025 0.0000e+00
-2.075 -0.975 0.0000e+00
-2.075 -0.925 0.0000e+00
-2.075 -0.875 0.0000e+00
-2.075 -0.825 0.0000e+00
-2.075 -0.775 0.0000e+00
-2.075 -0.725 0.0000e+00
-2.075 -0.675 0.0000e+00
-2.075 -0.625 0.0000e+00
-2.075 -0.575 0.0000e+00
-2.075 -0.525 0.0000e+00
-2.075 -0.475 0.0000e+00
-2.075 -0.425 0.0000e+00
-2.075 -0.375 0.0000e+00
-2.075 -0.325 0.0000e+00
-2.075 -0.275 0.0000e+00
-2.075 -0.225 0.0000e+00
-2.075 -0.175 0.0000e+00
-2.075 -0.125 0.0000e+00
-2.075 -0.075 0.0000e+00
-2.075 -0.025 0.0000e+00
-2.075 0.025 0.0000e+00
-2.075 0.075 0.0000e+00
-2.075 0.125 0.0000e+00
-2.075 0.175 0.0000e+00
-2.075 0.225 0.0000e+00
-2.075 0.275 0.0000e+00
-2.075 0.325 0.0000e+00
-2.075 0.375 0.0000e+00
-2.075 0.425 0.0000e+00
-2.075 0.475 0.0000e+00
-2.075 0.525 0.0000e+00
-2.075 0.575 0.0000e+00
-2.075 0.625 0.0000e+00
-2.075 0.675 0.0000e+00
-2.075 0.725 0.0000e+00
-2.075 0.775 0.0000e+00
-2.075 0.825 0.0000e+00
-2.075 0.875 0.0000e+00
-2.075 0.925 1.6294e-07
-2.075 0.975 3.2545e-07
-2.075 1.025 6.5013e-07
-2.075 1.075 1.2990e-06
-2.075 1.125 2.5961e-06
-2.075 1.175 5.1896e-06
-2.075 1.225 1.0377e-05
-2.075 1.275 2.0756e-05
-2.075 1.325 4.1529e-05
-2.075 1.375 8.3112e-05
-2.075 1.425 1.6636e-04
-2.075 1.475 3.3299e-04
-2.075 1.525 6.6627e-04
-2.075 1.575 1.3319e-03
-2.075 1.625 2.6580e-03
-2.075 1.675 5.2882e-03
-2.075 1.725 1.0470e-02
-2.075 1.775 2.0580e-02
-2.075 1.825 4.0023e-02
-2.075 1.875 7.6693e-02
-2.075 1.925 1.4408e-01
-2.075 1.975 2.6380e-01
-2.075 2.025 4.6772e-01
-2.075 2.075 7.9767e-01
-2.075 2.125 1.3000e+00
-2.075 2.175 2.0126e+00
-2.075 2.225 2.9461e+00
-2.075 2.275 4.0643e+00
-2.075 2.325 5.2769e+00
-2.075 2.375 6.4510e+00
-2.075 2.425 7.4423e+00
-2.075 2.475 8.1317e+00
-2.075 2.525 8.4546e+00
-2.075 2.575 8.4088e+00
-2.075 2.625 8.0446e+00
-2.075 2.675 7.4430e+00
-2.075 2.725 6.6939e+00
-2.075 2.775 5.8788e+00
-2.075 2.825 5.0622e+00
-2.075 2.875 4.2891e+00
-2.075 2.925 3.5863e+00
-2.075 2.975 2.9666e+00
-2.075 3.025 2.4328e+00
-2.075 3.075 1.9810e+00
-2.075 3.125 1.6040e+00
-2.075 3.175 1.2928e+00
-2.075 3.225 1.0381e+00
-2.075 3.275 8.3096e-01
-2.075 3.325 6.6347e-01
-2.075 3.375 5.2856e-01
-2.075 3.425 4.2027e-01
-2.075 3.475 3.3354e-01
-2.075 3.525 2.6421e-01
-2.075 3.575 2.0886e-01
-2.075 3.625 1.6468e-01
-2.075 3.675 1.2938e-01
-2.075 3.725 1.0102e-01
-2.075 3.775 7.7813e-02
-2.075 3.825 0.0000e+00
-2.075 3.875 0.0000e+00
-2.075 3.925 0.0000e+00
-2.075 3.975 0.0000e+00
-2.025 -1.975 0.0000e+00
-2.025 -1.925 0.0000e+00
-2.025 -1.875 0.0000e+00
-2.025 -1.825 0.0000e+00
-2.025 -1.775 0.0000e+00
-2.025 -1.725 0.0000e+00
-2.025 -1.675 0.0000e+00
-2.025 -1.625 0.0000e+00
-2.025 -1.575 0.0000e+00
-2.025 -1.525 0.0000e+00
-2.025 -1.475 0.0000e+00
-2.025 -1.425 0.0000e+00
-2.025 -1.375 0.0000e+00
-2.025 -1.325 0.0000e+00
-2.025 -1.275 0.0000e+00
-2.025 -1.225 0.0000e+00
-2.025 -1.175 0.0000e+00
-2.025 -1.125 0.0000e+00
-2.025 -1.075 0.0000e+00
-2.025 -1.025 0.0000e+00
-2.025 -0.975 0.0000e+00
-2.025 -0.925 0.0000e+00
-2.025 -0.875 0.0000e+00
-2.025 -0.825 0.0000e+00
-2.025 -0.775 0.0000e+00
-2.025 -0.725 0.0000e+00
-2.025 -0.675 0.0000e+00
-2.025 -0.625 0.0000e+00
-2.025 -0.575 0.0000e+00
-2.025 -0.525 0.0000e+00
-2.025 -0.475 0.0000e+00
-2.025 -0.425 0.0000e+00
-2.025 -0.375 0.0000e+00
-2.025 -0.325 0.0000e+00
-2.025 -0.275 0.0000e+00
-2.025 -0.225 0.0000e+00
-2.025 -0.175 0.0000e+00
-2.025 -0.125 0.0000e+00
-2.025 -0.075 0.0000e+00
-2.025 -0.025 0.0000e+00
-2.025 0.025 0.0000e+00
-2.025 0.075 0.0000e+00
-2.025 0.125 0.0000e+00
-2.025 0.175 0.0000e+00
-2.025 0.225 0.0000e+00
-2.025 0.275 0.0000e+00
-2.025 0.325 0.0000e+00
-2.025 0.375 0.0000e+00
-2.025 0.425 0.0000e+00
-2.025 0.475 0.0000e+00
-2.025 0.525 0.0000e+00
-2.025 0.575 0.0000e+00
-2.025 0.625 0.0000e+00
-2.025 0.675 0.0000e+00
-2.025 0.725 0.0000e+00
-2.025 0.775 0.0000e+00
-2.025 0.825 0.0000e+00
-2.025 0.875 0.0000e+00
-2.025 0.925 2.0522e-07
-2.025 0.975 4.0993e-07
-2.025 1.025 8.1900e-07
-2.025 1.075 1.6366e-06
-2.025 1.125 3.2713e-06
-2.025 1.175 6.5405e-06
-2.025 1.225 1.3081e-05
-2.025 1.275 2.6168e-05
-2.025 1.325 5.2361e-05
-2.025 1.375 1.0479e-04
-2.025 1.425 2.0971e-04
-2.025 1.475 4.1950e-04
-2.025 1.525 8.3841e-04
-2.025 1.575 1.6726e-03
-2.025 1.625 3.3268e-03
-2.025 1.675 6.5846e-03
-2.025 1.725 1.2938e-02
-2.025 1.775 2.5151e-02
-2.025 1.825 4.8176e-02
-2.025 1.875 9.0466e-02
-2.025 1.925 1.6557e-01
-2.025 1.975 2.9346e-01
-2.025 2.025 5.0031e-01
-2.025 2.075 8.1513e-01
-2.025 2.125 1.2617e+00
-2.025 2.175 1.8467e+00
-2.025 2.225 2.5476e+00
-2.025 2.275 3.3079e+00
-2.025 2.325 4.0447e+00
-2.025 2.375 4.6674e+00
-2.025 2.425 5.1014e+00
-2.025 2.475 5.3060e+00
-2.025 2.525 5.2795e+00
-2.025 2.575 5.0531e+00
-2.025 2.625 4.6773e+00
-2.025 2.675 4.2085e+00
-2.025 2.725 3.6977e+00
-2.025 2.775 3.1855e+00
-2.025 2.825 2.7001e+00
-2.025 2.875 2.2587e+00
-2.025 2.925 1.8692e+00
-2.025 2.975 1.5334e+00
-2.025 3.025 1.2492e+00
-2.025 3.075 1.0118e+00
-2.025 3.125 8.1587e-01
-2.025 3.175 6.5540e-01
-2.025 3.225 5.2489e-01
-2.025 3.275 4.1932e-01
-2.025 3.325 3.3426e-01
-2.025 3.375 2.6597e-01
-2.025 3.425 2.1127e-01
-2.025 3.475 1.6754e-01
-2.025 3.525 1.3264e-01
-2.025 3.575 1.0481e-01
-2.025 3.625 8.2612e-02
-2.025 3.675 6.4884e-02
-2.025 3.725 5.0654e-02
-2.025 3.775 3.9011e-02
-2.025 3.825 0.0000e+00
-2.025 3.875 0.0000e+00
-2.025 3.925 0.0000e+00
-2.025 3.975 0.0000e+00
-1.975 -1.975 0.0000e+00
-1.975 -1.925 0.0000e+00
-1.975 -1.875 0.0000e+00
-1.975 -1.825 0.0000e+00
-1.975 -1.775 0.0000e+00
-1.975 -1.725 0.0000e+00
-1.975 -1.675 0.0000e+00
-1.975 -1.625 0.0000e+00
-1.975 -1.575 0.0000e+00
-1.975 -1.525 0.0000e+00
-1.975 -1.475 0.0000e+00
-1.975 -1.425 0.0000e+00
-1.975 -1.375 0.0000e+00
-1.975 -1.325 0.0000e+00
-1.975 -1.275 0.0000e+00
-1.975 -1.225 0.0000e+00
-1.975 -1.175 0.0000e+00
-1.975 -1.125 0.0000e+00
-1.975 -1.075 0.0000e+00
-1.975 -1.025 0.0000e+00
-1.975 -0.975 0.0000e+00
-1.975 -0.925 0.0000e+00
-1.975 -0.875 0.0000e+00
-1.975 -0.825 0.0000e+00
-1.975 -0.775 0.0000e+00
-1.975 -0.725 0.0000e+00
-1.975 -0.675 0.0000e+00
-1.975 -0.625 0.0000e+00
-1.975 -0.575 0.0000e+00
-1.975 -0.525 0.0000e+00
-1.975 -0.475 0.0000e+00
-1.975 -0.425 0.0000e+00
-1.975 -0.375 0.0000e+00
-1.975 -0.325 0.0000e+00
-1.975 -0.275 0.0000e+00
-1.975 -0.225 0.0000e+00
-1.975 -0.175 0.0000e+00
-1.975 -0.125 0.0000e+00
-1.975 -0.075 0.0000e+00
-1.975 -0.025 0.0000e+00
-1.975 0.025 0.0000e+00
-1.975 0.075 0.0000e+00
-1.975 0.125 0.0000e+00
-1.975 0.175 0.0000e+00
-1.975 0.225 0.0000e+00
-1.975 0.275 0.0000e+00
-1.975 0.325 0.0000e+00
-1.975 0.375 0.0000e+00
-1.975 0.425 0.0000e+00
-1.975 0.475 0.0000e+00
-1.975 0.525 0.0000e+00
-1.975 0.575 0.0000e+00
-1.975 0.625 0.0000e+00
-1.975 0.675 0.0000e+00
-1.975 0.725 0.0000e+00
-1.975 0.775 0.0000e+00
-1.975 0.825 0.0000e+00
-1.975 0.875 0.0000e+00
-1.975 0.925 2.5849e-07
-1.975 0.975 5.1640e-07
-1.975 1.025 1.0319e-06
-1.975 1.075 2.0623e-06
-1.975 1.125 4.1229e-06
-1.975 1.175 8.2445e-06
-1.975 1.225 1.6491e-05
-1.975 1.275 3.2994e-05
-1.975 1.325 6.6019e-05
-1.975 1.375 1.3209e-04
-1.975 1.425 2.6419e-04
-1.975 1.475 5.2788e-04
-1.975 1.525 1.0529e-03
-1.975 1.575 2.0935e-03
-1.975 1.625 4.1425e-03
-1.975 1.675 8.1365e-03
-1.975 1.725 1.5812e-02
-1.975 1.775 3.0277e-02
-1.975 1.825 5.6834e-02
-1.975 1.875 1.0398e-01
-1.975 1.925 1.8423e-01
-1.975 1.975 3.1400e-01
-1.975 2.025 5.1146e-01
-1.975 2.075 7.9154e-01
-1.975 2.125 1.1584e+00
-1.975 2.175 1.5980e+00
-1.975 2.225 2.0751e+00
-1.975 2.275 2.5377e+00
-1.975 2.325 2.9290e+00
-1.975 2.375 3.2023e+00
-1.975 2.425 3.3319e+00
-1.975 2.475 3.3165e+00
-1.975 2.525 3.1755e+00
-1.975 2.575 2.9406e+00
-1.975 2.625 2.6469e+00
-1.975 2.675 2.3265e+00
-1.975 2.725 2.0051e+00
-1.975 2.775 1.7002e+00
-1.975 2.825 1.4228e+00
-1.975 2.875 1.1778e+00
-1.975 2.925 9.6661e-01
-1.975 2.975 7.8771e-01
-1.975 3.025 6.3829e-01
-1.975 3.075 5.1485e-01
-1.975 3.125 4.1374e-01
-1.975 3.175 3.3149e-01
-1.975 3.225 2.6493e-01
-1.975 3.275 2.1130e-01
-1.975 3.325 1.6823e-01
-1.975 3.375 1.3372e-01
-1.975 3.425 1.0614e-01
-1.975 3.475 8.4123e-02
-1.975 3.525 6.6569e-02
-1.975 3.575 5.2582e-02
-1.975 3.625 4.1434e-02
-1.975 3.675 3.2536e-02
-1.975 3.725 2.5397e-02
-1.975 3.775 1.9557e-02
-1.975 3.825 0.0000e+00
-1.975 3.875 0.0000e+00
-1.975 3.925 0.0000e+00
-1.975 3.975 0.0000e+00
-1.925 -1.975 0.0000e+00
-1.925 -1.925 0.0000e+00
-1.925 -1.875 0.0000e+00
-1.925 -1.825 0.0000e+00
-1.925 -1.775 0.0000e+00
-1.925 -1.725 0.0000e+00
-1.925 -1.675 0.0000e+00
-1.925 -1.625 0.0000e+00
-1.925 -1.575 0.0000e+00
-1.925 -1.525 0.0000e+00
-1.925 -1.475 0.0000e+00
-1.925 -1.425 0.0000e+00
-1.925 -1.375 0.0000e+00
-1.925 -1.325 0.0000e+00
-1.925 -1.275 0.0000e+00
-1.925 -1.225 0.0000e+00
-1.925 -1.175 0.0000e+00
-1.925 -1.125 0.0000e+00
-1.925 -1.075 0.0000e+00
-1.925 -1.025 0.0000e+00
-1.925 -0.975 0.0000e+00
-1.925 -0.925 0.0000e+00
-1.925 -0.875 0.0000e+00
-1.925 -0.825 0.0000e+00
-1.925 -0.775 0.0000e+00
-1.925 -0.725 0.0000e+00
-1.925 -0.675 0.0000e+00
-1.925 -0.625 0.0000e+00
-1.925 -0.575 0.0000e+00
-1.925 -0.525 0.0000e+00
-1.925 -0.475 0.0000e+00
-1.925 -0.425 0.0000e+00
-1.925 -0.375 0.0000e+00
-1.925 -0.325 0.0000e+00
-1.925 -0.275 0.0000e+00
-1.925 -0.225 0.0000e+00
-1.925 -0.175 0.0000e+00
-1.925 -0.125 0.0000e+00
-1.925 -0.075 0.0000e+00
-1.925 -0.025 0.0000e+00
-1.925 0.025 0.0000e+00
-1.925 0.075 0.0000e+00
-1.925 0.125 0.0000e+00
-1.925 0.175 0.0000e+00
-1.925 0.225 0.0000e+00
-1.925 0.275 0.0000e+00
-1.925 0.325 0.0000e+00
-1.925 0.375 0.0000e+00
-1.925 0.425 0.0000e+00
-1.925 0.475 0.0000e+00
-1.925 0.525 0.0000e+00
-1.925 0.575 0.0000e+00
-1.925 0.625 0.0000e+00
-1.925 0.675 0.0000e+00
-1.925 0.725 0.0000e+00
-1.925 0.775 0.0000e+00
-1.925 0.825 0.0000e+00
-1.925 0.875 0.0000e+00
-1.925 0.925 3.2563e-07
-1.925 0.975 6.5062e-07
-1.925 1.025 1.3002e-06
-1.925 1.075 2.5992e-06
-1.925 1.125 5.1970e-06
-1.925 1.175 1.0394e-05
-1.925 1.225 2.0793e-05
-1.925 1.275 4.1599e-05
-1.925 1.325 8.3220e-05
-1.925 1.375 1.6641e-04
-1.925 1.425 3.3245e-04
-1.925 1.475 6.6292e-04
-1.925 1.525 1.3178e-03
-1.925 1.575 2.6069e-03
-1.925 1.625 5.1189e-03
-1.925 1.675 9.9447e-03
-1.925 1.725 1.9036e-02
-1.925 1.775 3.5722e-02
-1.925 1.825 6.5335e-02
-1.925 1.875 1.1572e-01
-1.925 1.925 1.9718e-01
-1.925 1.975 3.2111e-01
-1.925 2.025 4.9688e-01
-1.925 2.075 7.2710e-01
-1.925 2.125 1.0030e+00
-1.925 2.175 1.3025e+00
-1.925 2.225 1.5931e+00
-1.925 2.275 1.8392e+00
-1.925 2.325 2.0113e+00
-1.925 2.375 2.0933e+00
-1.925 2.425 2.0844e+00
-1.925 2.475 1.9964e+00
-1.925 2.525 1.8494e+00
-1.925 2.575 1.6653e+00
-1.925 2.625 1.4643e+00
-1.925 2.675 1.2624e+00
-1.925 2.725 1.0708e+00
-1.925 2.775 8.9636e-01
-1.925 2.825 7.4229e-01
-1.925 2.875 6.0937e-01
-1.925 2.925 4.9674e-01
-1.925 2.975 4.0264e-01
-1.925 3.025 3.2487e-01
-1.925 3.075 2.6116e-01
-1.925 3.125 2.0932e-01
-1.925 3.175 1.6735e-01
-1.925 3.225 1.3353e-01
-1.925 3.275 1.0636e-01
-1.925 3.325 8.4593e-02
-1.925 3.375 6.7190e-02
-1.925 3.425 5.3298e-02
-1.925 3.475 4.2222e-02
-1.925 3.525 3.3400e-02
-1.925 3.575 2.6375e-02
-1.925 3.625 2.0779e-02
-1.925 3.675 1.6314e-02
-1.925 3.725 1.2732e-02
-1.925 3.775 9.8041e-03
-1.925 3.825 0.0000e+00
-1.925 3.875 0.0000e+00
-1.925 3.925 0.0000e+00
-1.925 3.975 0.0000e+00
-1.875 -1.975 0.0000e+00
-1.875 -1.925 0.0000e+00
-1.875 -1.875 0.0000e+00
-1.875 -1.825 0.0000e+00
-1.875 -1.775 0.0000e+00
-1.875 -1.725 0.0000e+00
-1.875 -1.675 0.0000e+00
-1.875 -1.625 0.0000e+00
-1.875 -1.575 0.0000e+00
-1.875 -1.525 0.0000e+00
-1.875 -1.475 0.0000e+00
-1.875 -1.425 0.0000e+00
-1.875 -1.375 0.0000e+00
-1.875 -1.325 0.0000e+00
-1.875 -1.275 0.0000e+00
-1.875 -1.225 0.0000e+00
-1.875 -1.175 0.0000e+00
-1.875 -1.125 0.0000e+00
-1.875 -1.075 0.0000e+00
-1.875 -1.025 0.0000e+00
-1.875 -0.975 0.0000e+00
-1.875 -0.925 0.0000e+00
-1.875 -0.875 0.0000e+00
-1.875 -0.825 0.0000e+00
-1.875 -0.775 0.0000e+00
-1.875 -0.725 0.0000e+00
-1.875 -0.675 0.0000e+00
-1.875 -0.625 0.0000e+00
-1.875 -0.575 0.0000e+00
-1.875 -0.525 0.0000e+00
-1.875 -0.475 0.0000e+00
-1.875 -0.425 0.0000e+00
-1.875 -0.375 0.0000e+00
-1.875 -0.325 0.0000e+00
-1.875 -0.275 0.0000e+00
-1.875 -0.225 0.0000e+00
-1.875 -0.175 0.0000e+00
-1.875 -0.125 0.0000e+00
-1.875 -0.075 0.0000e+00
-1.875 -0.025 0.0000e+00
-1.875 0.025 0.0000e+00
-1.875 0.075 0.0000e+00
-1.875 0.125 0.0000e+00
-1.875 0.175 0.0000e+00
-1.875 0.225 0.0000e+00
-1.875 0.275 0.0000e+00
-1.875 0.325 0.0000e+00
-1.875 0.375 0.0000e+00
-1.875 0.425 0.0000e+00
-1.875 0.475 0.0000e+00
-1.875 0.525 0.0000e+00
-1.875 0.575 0.0000e+00
-1.875 0.625 0.0000e+00
-1.875 0.675 0.0000e+00
-1.875 0.725 0.0000e+00
-1.875 0.775 0.0000e+00
-1.875 0.825 0.0000e+00
-1.875 0.875 0.0000e+00
-1.875 0.925 4.1027e-07
-1.875 0.975 8.1985e-07
-1.875 1.025 1.6387e-06
-1.875 1.075 3.2763e-06
-1.875 1.125 6.5520e-06
-1.875 1.175 1.3105e-05
-1.875 1.225 2.6216e-05
-1.875 1.275 5.2438e-05
-1.875 1.325 1.0484e-04
-1.875 1.375 2.0941e-04
-1.875 1.425 4.1749e-04
-1.875 1.475 8.2975e-04
-1.875 1.525 1.6410e-03
-1.875 1.575 3.2214e-03
-1.875 1.625 6.2567e-03
-1.875 1.675 1.1973e-02
-1.875 1.725 2.2462e-02
-1.875 1.775 4.1071e-02
-1.875 1.825 7.2727e-02
-1.875 1.875 1.2389e-01
-1.875 1.925 2.0171e-01
-1.875 1.975 3.1208e-01
-1.875 2.025 4.5664e-01
-1.875 2.075 6.2992e-01
-1.875 2.125 8.1808e-01
-1.875 2.175 1.0007e+00
-1.875 2.225 1.1555e+00
-1.875 2.275 1.2639e+00
-1.875 2.325 1.3158e+00
-1.875 2.375 1.3105e+00
-1.875 2.425 1.2557e+00
-1.875 2.475 1.1635e+00
-1.875 2.525 1.0481e+00
-1.875 2.575 9.2184e-01
-1.875 2.625 7.9498e-01
-1.875 2.675 6.7455e-01
-1.875 2.725 5.6481e-01
-1.875 2.775 4.6786e-01
-1.875 2.825 3.8419e-01
-1.875 2.875 3.1326e-01
-1.875 2.925 2.5399e-01
-1.875 2.975 2.0499e-01
-1.875 3.025 1.6484e-01
-1.875 3.075 1.3215e-01
-1.875 3.125 1.0569e-01
-1.875 3.175 8.4364e-02
-1.875 3.225 6.7225e-02
-1.875 3.275 5.3492e-02
-1.875 3.325 4.2510e-02
-1.875 3.375 3.3743e-02
-1.875 3.425 2.6753e-02
-1.875 3.475 2.1186e-02
-1.875 3.525 1.6754e-02
-1.875 3.575 1.3227e-02
-1.875 3.625 1.0419e-02
-1.875 3.675 8.1793e-03
-1.875 3.725 6.3830e-03
-1.875 3.775 4.9146e-03
-1.875 3.825 0.0000e+00
-1.875 3.875 0.0000e+00
-1.875 3.925 0.0000e+00
-1.875 3.975 0.0000e+00
-1.825 -1.975 0.0000e+00
-1.825 -1.925 0.0000e+00
-1.825 -1.875 0.0000e+00
-1.825 -1.825 0.0000e+00
-1.825 -1.775 0.0000e+00
-1.825 -1.725 0.0000e+00
-1.825 -1.675 0.0000e+00
-1.825 -1.625 0.0000e+00
-1.825 -1.575 0.0000e+00
-1.825 -1.525 0.0000e+00
-1.825 -1.475 0.0000e+00
-1.825 -1.425 0.0000e+00
-1.825 -1.375 0.0000e+00
-1.825 -1.325 0.0000e+00
-1.825 -1.275 0.0000e+00
-1.825 -1.225 0.0000e+00
-1.825 -1.175 0.0000e+00
-1.825 -1.125 0.0000e+00
-1.825 -1.075 0.0000e+00
-1.825 -1.025 0.0000e+00
-1.825 -0.975 0.0000e+00
-1.825 -0.925 0.0000e+00
-1.825 -0.875 0.0000e+00
-1.825 -0.825 0.0000e+00
-1.825 -0.775 0.0000e+00
-1.825 -0.725 0.0000e+00
-1.825 -0.675 0.0000e+00
-1.825 -0.625 0.0000e+00
-1.825 -0.575 0.0000e+00
-1.825 -0.525 0.0000e+00
-1.825 -0.475 0.0000e+00
-1.825 -0.425 0.0000e+00
-1.825 -0.375 0.0000e+00
-1.825 -0.325 0.0000e+00
-1.825 -0.275 0.0000e+00
-1.825 -0.225 0.0000e+00
-1.825 -0.175 0.0000e+00
-1.825 -0.125 0.0000e+00
-1.825 -0.075 0.0000e+00
-1.825 -0.025 0.0000e+00
-1.825 0.025 0.0000e+00
-1.825 0.075 0.0000e+00
-1.825 0.125 0.0000e+00
-1.825 0.175 0.0000e+00
-1.825 0.225 0.0000e+00
-1.825 0.275 0.0000e+00
-1.825 0.325 0.0000e+00
-1.825 0.375 0.0000e+00
-1.825 0.425 0.0000e+00
-1.825 0.475 0.0000e+00
-1.825 0.525 0.0000e+00
-1.825 0.575 0.0000e+00
-1.825 0.625 0.0000e+00
-1.825 0.675 0.0000e+00
-1.825 0.725 0.0000e+00
-1.825 0.775 0.0000e+00
-1.825 0.825 0.0000e+00
-1.825 0.875 0.0000e+00
-1.825 0.925 5.1698e-07
-1.825 0.975 1.0333e-06
-1.825 1.025 2.0656e-06
-1.825 1.075 4.1305e-06
-1.825 1.125 8.2611e-06
-1.825 1.175 1.6524e-05
-1.825 1.225 3.3047e-05
-1.825 1.275 6.6062e-05
-1.825 1.325 1.3193e-04
-1.825 1.375 2.6298e-04
-1.825 1.425 5.2256e-04
-1.825 1.475 1.0332e-03
-1.825 1.525 2.0279e-03
-1.825 1.575 3.9377e-03
-1.825 1.625 7.5333e-03
-1.825 1.675 1.4129e-02
-1.825 1.725 2.5828e-02
-1.825 1.775 4.5725e-02
-1.825 1.825 7.7875e-02
-1.825 1.875 1.2677e-01
-1.825 1.925 1.9611e-01
-1.825 1.975 2.8693e-01
-1.825 2.025 3.9580e-01
-1.825 2.075 5.1406e-01
-1.825 2.125 6.2888e-01
-1.825 2.175 7.2626e-01
-1.825 2.225 7.9459e-01
-1.825 2.275 8.2741e-01
-1.825 2.325 8.2432e-01
-1.825 2.375 7.9002e-01
-1.825 2.425 7.3228e-01
-1.825 2.475 6.5978e-01
-1.825 2.525 5.8048e-01
-1.825 2.575 5.0074e-01
-1.825 2.625 4.2499e-01
-1.825 2.675 3.5595e-01
-1.825 2.725 2.9493e-01
-1.825 2.775 2.4224e-01
-1.825 2.825 1.9757e-01
-1.825 2.875 1.6022e-01
-1.825 2.925 1.2935e-01
-1.825 2.975 1.0404e-01
-1.825 3.025 8.3429e-02
-1.825 3.075 6.6744e-02
-1.825 3.125 5.3290e-02
-1.825 3.175 4.2478e-02
-1.825 3.225 3.3813e-02
-1.825 3.275 2.6884e-02
-1.825 3.325 2.1351e-02
-1.825 3.375 1.6939e-02
-1.825 3.425 1.3425e-02
-1.825 3.475 1.0628e-02
-1.825 3.525 8.4030e-03
-1.825 3.575 6.6329e-03
-1.825 3.625 5.2240e-03
-1.825 3.675 4.1006e-03
-1.825 3.725 3.1998e-03
-1.825 3.775 2.4636e-03
-1.825 3.825 0.0000e+00
-1.825 3.875 0.0000e+00
-1.825 3.925 0.0000e+00
-1.825 3.975 0.0000e+00
-1.775 -1.975 0.0000e+00
-1.775 -1.925 0.0000e+00
-1.775 -1.875 0.0000e+00
-1.775 -1.825 0.0000e+00
-1.775 -1.775 0.0000e+00
-1.775 -1.725 0.0000e+00
-1.775 -1.675 0.0000e+00
-1.775 -1.625 0.0000e+00
-1.775 -1.575 0.0000e+00
-1.775 -1.525 0.0000e+00
-1.775 -1.475 0.0000e+00
-1.775 -1.425 0.0000e+00
-1.775 -1.375 0.0000e+00
-1.775 -1.325 0.0000e+00
-1.775 -1.275 0.0000e+00
-1.775 -1.225 0.0000e+00
-1.775 -1.175 0.0000e+00
-1.775 -1.125 0.0000e+00
-1.775 -1.075 0.0000e+00
-1.775 -1.025 0.0000e+00
-1.775 -0.975 0.0000e+00
-1.775 -0.925 0.0000e+00
-1.775 -0.875 0.0000e+00
-1.775 -0.825 0.0000e+00
-1.775 -0.775 0.0000e+00
-1.775 -0.725 0.0000e+00
-1.775 -0.675 0.0000e+00
-1.775 -0.625 0.0000e+00
-1.775 -0.575 0.0000e+00
-1.775 -0.525 0.0000e+00
-1.775 -0.475 0.0000e+00
-1.775 -0.425 0.0000e+00
-1.775 -0.375 0.0000e+00
-1.775 -0.325 0.0000e+00
-1.775 -0.275 0.0000e+00
-1.775 -0.225 0.0000e+00
-1.775 -0.175 0.0000e+00
-1.775 -0.125 0.0000e+00
-1.775 -0.075 0.0000e+00
-1.775 -0.025 0.0000e+00
-1.775 0.025 0.0000e+00
-1.775 0.075 0.0000e+00
-1.775 0.125 0.0000e+00
-1.775 0.175 0.0000e+00
-1.775 0.225 0.0000e+00
-1.775 0.275 0.0000e+00
-1.775 0.325 0.0000e+00
-1.775 0.375 0.0000e+00
-1.775 0.425 0.0000e+00
-1.775 0.475 0.0000e+00
-1.775 0.525 0.0000e+00
-1.775 0.575 0.0000e+00
-1.775 0.625 0.0000e+00
-1.775 0.675 0.0000e+00
-1.775 0.725 0.0000e+00
-1.775 0.775 0.0000e+00
-1.775 0.825 0.0000e+00
-1.775 0.875 0.0000e+00
-1.775 0.925 6.5155e-07
-1.775 0.975 1.3025e-06
-1.775 1.025 2.6042e-06
-1.775 1.075 5.2079e-06
-1.775 1.125 1.0416e-05
-1.775 1.175 2.0829e-05
-1.775 1.225 4.1632e-05
-1.775 1.275 8.3130e-05
-1.775 1.325 1.6568e-04
-1.775 1.375 3.2916e-04
-1.775 1.425 6.5072e-04
-1.775 1.475 1.2769e-03
-1.775 1.525 2.4788e-03
-1.775 1.575 4.7413e-03
-1.775 1.625 8.8905e-03
-1.775 1.675 1.6248e-02
-1.775 1.725 2.8759e-02
-1.775 1.775 4.8971e-02
-1.775 1.825 7.9708e-02
-1.775 1.875 1.2329e-01
-1.775 1.925 1.8037e-01
-1.775 1.975 2.4881e-01
-1.775 2.025 3.2317e-01
-1.775 2.075 3.9539e-01
-1.775 2.125 4.5668e-01
-1.775 2.175 4.9974e-01
-1.775 2.225 5.2049e-01
-1.775 2.275 5.1867e-01
-1.775 2.325 4.9721e-01
-1.775 2.375 4.6099e-01
-1.775 2.425 4.1545e-01
-1.775 2.475 3.6562e-01
-1.775 2.525 3.1547e-01
-1.775 2.575 2.6781e-01
-1.775 2.625 2.2435e-01
-1.775 2.675 1.8593e-01
-1.775 2.725 1.5275e-01
-1.775 2.775 1.2461e-01
-1.775 2.825 1.0108e-01
-1.775 2.875 8.1614e-02
-1.775 2.925 6.5658e-02
-1.775 2.975 5.2665e-02
-1.775 3.025 4.2143e-02
-1.775 3.075 3.3657e-02
-1.775 3.125 2.6836e-02
-1.775 3.175 2.1369e-02
-1.775 3.225 1.6996e-02
-1.775 3.275 1.3504e-02
-1.775 3.325 1.0719e-02
-1.775 3.375 8.5009e-03
-1.775 3.425 6.7353e-03
-1.775 3.475 5.3308e-03
-1.775 3.525 4.2140e-03
-1.775 3.575 3.3258e-03
-1.775 3.625 2.6191e-03
-1.775 3.675 2.0557e-03
-1.775 3.725 1.6040e-03
-1.775 3.775 1.2349e-03
-1.775 3.825 0.0000e+00
-1.775 3.875 0.0000e+00
-1.775 3.925 0.0000e+00
-1.775 3.975 0.0000e+00
-1.725 -1.975 0.0000e+00
-1.725 -1.925 0.0000e+00
-1.725 -1.875 0.0000e+00
-1.725 -1.825 0.0000e+00
-1.725 -1.775 0.0000e+00
-1.725 -1.725 0.0000e+00
-1.725 -1.675 0.0000e+00
-1.725 -1.625 0.0000e+00
-1.725 -1.575 0.0000e+00
-1.725 -1.525 0.0000e+00
-1.725 -1.475 0.0000e+00
-1.725 -1.425 0.0000e+00
-1.725 -1.375 0.0000e+00
-1.725 -1.325 0.0000e+00
-1.725 -1.275 0.0000e+00
-1.725 -1.225 0.0000e+00
-1.725 -1.175 0.0000e+00
-1.725 -1.125 0.0000e+00
-1.725 -1.075 0.0000e+00
-1.725 -1.025 0.0000e+00
-1.725 -0.975 0.0000e+00
-1.725 -0.925 0.0000e+00
-1.725 -0.875 0.0000e+00
-1.725 -0.825 0.0000e+00
-1.725 -0.775 0.0000e+00
-1.725 -0.725 0.0000e+00
-1.725 -0.675 0.0000e+00
-1.725 -0.625 0.0000e+00
-1.725 -0.575 0.0000e+00
-1.725 -0.525 0.0000e+00
-1.725 -0.475 0.0000e+00
-1.725 -0.425 0.0000e+00
-1.725 -0.375 0.0000e+00
-1.725 -0.325 0.0000e+00
-1.725 -0.275 0.0000e+00
-1.725 -0.225 0.0000e+00
-1.725 -0.175 0.0000e+00
-1.725 -0.125 0.0000e+00
-1.725 -0.075 0.0000e+00
-1.725 -0.025 0.0000e+00
-1.725 0.025 0.0000e+00
-1.725 0.075 0.0000e+00
-1.725 0.125 0.0000e+00
-1.725 0.175 0.0000e+00
-1.725 0.225 0.0000e+00
-1.725 0.275 0.0000e+00
-1.725 0.325 0.0000e+00
-1.725 0.375 0.0000e+00
-1.725 0.425 0.0000e+00
-1.725 0.475 0.0000e+00
-1.725 0.525 0.0000e+00
-1.725 0.575 0.0000e+00
-1.725 0.625 0.0000e+00
-1.725 0.675 0.0000e+00
-1.725 0.725 0.0000e+00
-1.725 0.775 0.0000e+00
-1.725 0.825 0.0000e+00
-1.725 0.875 0.0000e+00
-1.725 0.925 8.2129e-07
-1.725 0.975 1.6420e-06
-1.725 1.025 3.2835e-06
-1.725 1.075 6.5663e-06
-1.725 1.125 1.3129e-05
-1.725 1.175 2.6240e-05
-1.725 1.225 5.2389e-05
-1.725 1.275 1.0440e-04
-1.725 1.325 2.0738e-04
-1.725 1.375 4.0989e-04
-1.725 1.425 8.0417e-04
-1.725 1.475 1.5609e-03
-1.725 1.525 2.9849e-03
-1.725 1.575 5.5959e-03
-1.725 1.625 1.0225e-02
-1.725 1.675 1.8095e-02
-1.725 1.725 3.0807e-02
-1.725 1.775 5.0135e-02
-1.725 1.825 7.7539e-02
-1.725 1.875 1.1343e-01
-1.725 1.925 1.5648e-01
-1.725 1.975 2.0324e-01
-1.725 2.025 2.4869e-01
-1.725 2.075 2.8728e-01
-1.725 2.125 3.1441e-01
-1.725 2.175 3.2753e-01
-1.725 2.225 3.2646e-01
-1.725 2.275 3.1302e-01
-1.725 2.325 2.9028e-01
-1.725 2.375 2.6167e-01
-1.725 2.425 2.3033e-01
-1.725 2.475 1.9878e-01
-1.725 2.525 1.6879e-01
-1.725 2.575 1.4143e-01
-1.725 2.625 1.1723e-01
-1.725 2.675 9.6327e-02
-1.725 2.725 7.8595e-02
-1.725 2.775 6.3764e-02
-1.725 2.825 5.1497e-02
-1.725 2.875 4.1437e-02
-1.725 2.925 3.3244e-02
-1.725 2.975 2.6607e-02
-1.725 3.025 2.1254e-02
-1.725 3.075 1.6951e-02
-1.725 3.125 1.3501e-02
-1.725 3.175 1.0742e-02
-1.725 3.225 8.5378e-03
-1.725 3.275 6.7801e-03
-1.725 3.325 5.3798e-03
-1.725 3.375 4.2652e-03
-1.725 3.425 3.3785e-03
-1.725 3.475 2.6735e-03
-1.725 3.525 2.1131e-03
-1.725 3.575 1.6675e-03
-1.725 3.625 1.3131e-03
-1.725 3.675 1.0306e-03
-1.725 3.725 8.0409e-04
-1.725 3.775 6.1903e-04
-1.725 3.825 0.0000e+00
-1.725 3.875 0.0000e+00
-1.725 3.925 0.0000e+00
-1.725 3.975 0.0000e+00
-1.675 -1.975 0.0000e+00
-1.675 -1.925 0.0000e+00
-1.675 -1.875 0.0000e+00
-1.675 -1.825 0.0000e+00
-1.675 -1.775 0.0000e+00
-1.675 -1.725 0.0000e+00
-1.675 -1.675 0.0000e+00
-1.675 -1.625 0.0000e+00
-1.675 -1.575 0.0000e+00
-1.675 -1.525 0.0000e+00
-1.675 -1.475 0.0000e+00
-1.675 -1.425 0.0000e+00
-1.675 -1.375 0.0000e+00
-1.675 -1.325 0.0000e+00
-1.675 -1.275 0.0000e+00
-1.675 -1.225 0.0000e+00
-1.675 -1.175 0.0000e+00
-1.675 -1.125 0.0000e+00
-1.675 -1.075 0.0000e+00
-1.675 -1.025 0.0000e+00
-1.675 -0.975 0.0000e+00
-1.675 -0.925 0.0000e+00
-1.675 -0.875 0.0000e+00
-1.675 -0.825 0.0000e+00
-1.675 -0.775 0.0000e+00
-1.675 -0.725 0.0000e+00
-1.675 -0.675 0.0000e+00
-1.675 -0.625 0.0000e+00
-1.675 -0.575 0.0000e+00
-1.675 -0.525 0.0000e+00
-1.675 -0.475 0.0000e+00
-1.675 -0.425 0.0000e+00
-1.675 -0.375 0.0000e+00
-1.675 -0.325 0.0000e+00
-1.675 -0.275 0.0000e+00
-1.675 -0.225 0.0000e+00
-1.675 -0.175 0.0000e+00
-1.675 -0.125 0.0000e+00
-1.675 -0.075 0.0000e+00
-1.675 -0.025 0.0000e+00
-1.675 0.025 0.0000e+00
-1.675 0.075 0.0000e+00
-1.675 0.125 0.0000e+00
-1.675 0.175 0.0000e+00
-1.675 0.225 0.0000e+00
-1.675 0.275 0.0000e+00
-1.675 0.325 0.0000e+00
-1.675 0.375 0.0000e+00
-1.675 0.425 0.0000e+00
-1.675 0.475 0.0000e+00
-1.675 0.525 0.0000e+00
-1.675 0.575 0.0000e+00
-1.675 0.625 0.0000e+00
-1.675 0.675 0.0000e+00
-1.675 0.725 0.0000e+00
-1.675 0.775 0.0000e+00
-1.675 0.825 0.0000e+00
-1.675 0.875 0.0000e+00
-1.675 0.925 1.0354e-06
-1.675 0.975 2.0703e-06
-1.675 1.025 4.1399e-06
-1.675 1.075 8.2770e-06
-1.675 1.125 1.6541e-05
-1.675 1.175 3.3020e-05
-1.675 1.225 6.5791e-05
-1.675 1.275 1.3067e-04
-1.675 1.325 2.5824e-04
-1.675 1.375 5.0656e-04
-1.675 1.425 9.8305e-04
-1.675 1.475 1.8796e-03
-1.675 1.525 3.5231e-03
-1.675 1.575 6.4364e-03
-1.675 1.625 1.1388e-02
-1.675 1.675 1.9386e-02
-1.675 1.725 3.1545e-02
-1.675 1.775 4.8784e-02
-1.675 1.825 7.1364e-02
-1.675 1.875 9.8441e-02
-1.675 1.925 1.2787e-01
-1.675 1.975 1.5647e-01
-1.675 2.025 1.8077e-01
-1.675 2.075 1.9788e-01
-1.675 2.125 2.0617e-01
-1.675 2.175 2.0553e-01
-1.675 2.225 1.9711e-01
-1.675 2.275 1.8283e-01
-1.675 2.325 1.6484e-01
-1.675 2.375 1.4513e-01
-1.675 2.425 1.2528e-01
-1.675 2.475 1.0639e-01
-1.675 2.525 8.9164e-02
-1.675 2.575 7.3921e-02
-1.675 2.625 6.0751e-02
-1.675 2.675 4.9576e-02
-1.675 2.725 4.0228e-02
-1.675 2.775 3.2494e-02
-1.675 2.825 2.6150e-02
-1.675 2.875 2.0984e-02
-1.675 2.925 1.6798e-02
-1.675 2.975 1.3421e-02
-1.675 3.025 1.0706e-02
-1.675 3.075 8.5292e-03
-1.675 3.125 6.7876e-03
-1.675 3.175 5.3966e-03
-1.675 3.225 4.2871e-03
-1.675 3.275 3.4031e-03
-1.675 3.325 2.6994e-03
-1.675 3.375 2.1396e-03
-1.675 3.425 1.6944e-03
-1.675 3.475 1.3407e-03
-1.675 3.525 1.0595e-03
-1.675 3.575 8.3603e-04
-1.675 3.625 6.5829e-04
-1.675 3.675 5.1662e-04
-1.675 3.725 4.0308e-04
-1.675 3.775 3.1030e-04
-1.675 3.825 0.0000e+00
-1.675 3.875 0.0000e+00
-1.675 3.925 0.0000e+00
-1.675 3.975 0.0000e+00
-1.625 -1.975 0.0000e+00
-1.625 -1.925 0.0000e+00
-1.625 -1.875 0.0000e+00
-1.625 -1.825 0.0000e+00
-1.625 -1.775 0.0000e+00
-1.625 -1.725 0.0000e+00
-1.625 -1.675 0.0000e+00
-1.625 -1.625 0.0000e+00
-1.625 -1.575 0.0000e+00
-1.625 -1.525 0.0000e+00
-1.625 -1.475 0.0000e+00
-1.625 -1.425 0.0000e+00
-1.625 -1.375 0.0000e+00
-1.625 -1.325 0.0000e+00
-1.625 -1.275 0.0000e+00
-1.625 -1.225 0.0000e+00
-1.625 -1.175 0.0000e+00
-1.625 -1.125 0.0000e+00
-1.625 -1.075 0.0000e+00
-1.625 -1.025 0.0000e+00
-1.625 -0.975 0.0000e+00
-1.625 -0.925 0.0000e+00
-1.625 -0.875 0.0000e+00
-1.625 -0.825 0.0000e+00
-1.625 -0.775 0.0000e+00
-1.625 -0.725 0.0000e+00
-1.625 -0.675 0.0000e+00
-1.625 -0.625 0.0000e+00
-1.625 -0.575 0.0000e+00
-1.625 -0.525 0.0000e+00
-1.625 -0.475 0.0000e+00
-1.625 -0.425 0.0000e+00
-1.625 -0.375 0.0000e+00
-1.625 -0.325 0.0000e+00
-1.625 -0.275 0.0000e+00
-1.625 -0.225 0.0000e+00
-1.625 -0.175 0.0000e+00
-1.625 -0.125 0.0000e+00
-1.625 -0.075 0.0000e+00
-1.625 -0.025 0.0000e+00
-1.625 0.025 0.0000e+00
-1.625 0.075 0.0000e+00
-1.625 0.125 0.0000e+00
-1.625 0.175 0.0000e+00
-1.625 0.225 0.0000e+00
-1.625 0.275 0.0000e+00
-1.625 0.325 0.0000e+00
-1.625 0.375 0.0000e+00
-1.625 0.425 0.0000e+00
-1.625 0.475 0.0000e+00
-1.625 0.525 0.0000e+00
-1.625 0.575 0.0000e+00
-1.625 0.625 0.0000e+00
-1.625 0.675 0.0000e+00
-1.625 0.725 0.0000e+00
-1.625 0.775 0.0000e+00
-1.625 0.825 0.0000e+00
-1.625 0.875 0.0000e+00
-1.625 0.925 1.3055e-06
-1.625 0.975 2.6103e-06
-1.625 1.025 5.2184e-06
-1.625 1.075 1.0427e-05
-1.625 1.125 2.0814e-05
-1.625 1.175 4.1467e-05
-1.625 1.225 8.2349e-05
-1.625 1.275 1.6272e-04
-1.625 1.325 3.1915e-04
-1.625 1.375 6.1926e-04
-1.625 1.425 1.1838e-03
-1.625 1.475 2.2186e-03
-1.625 1.525 4.0526e-03
-1.625 1.575 7.1694e-03
-1.625 1.625 1.2203e-02
-1.625 1.675 1.9854e-02
-1.625 1.725 3.0702e-02
-1.625 1.775 4.4911e-02
-1.625 1.825 6.1951e-02
-1.625 1.875 8.0474e-02
-1.625 1.925 9.8483e-02
-1.625 1.975 1.1379e-01
-1.625 2.025 1.2457e-01
-1.625 2.075 1.2982e-01
-1.625 2.125 1.2944e-01
-1.625 2.175 1.2415e-01
-1.625 2.225 1.1518e-01
-1.625 2.275 1.0387e-01
-1.625 2.325 9.1462e-02
-1.625 2.375 7.8964e-02
-1.625 2.425 6.7073e-02
-1.625 2.475 5.6220e-02
-1.625 2.525 4.6617e-02
-1.625 2.575 3.8317e-02
-1.625 2.625 3.1273e-02
-1.625 2.675 2.5380e-02
-1.625 2.725 2.0504e-02
-1.625 2.775 1.6503e-02
-1.625 2.825 1.3245e-02
-1.625 2.875 1.0604e-02
-1.625 2.925 8.4739e-03
-1.625 2.975 6.7609e-03
-1.625 3.025 5.3874e-03
-1.625 3.075 4.2883e-03
-1.625 3.125 3.4104e-03
-1.625 3.175 2.7100e-03
-1.625 3.225 2.1520e-03
-1.625 3.275 1.7077e-03
-1.625 3.325 1.3542e-03
-1.625 3.375 1.0731e-03
-1.625 3.425 8.4975e-04
-1.625 3.475 6.7225e-04
-1.625 3.525 5.3122e-04
-1.625 3.575 4.1915e-04
-1.625 3.625 3.3002e-04
-1.625 3.675 2.5898e-04
-1.625 3.725 2.0206e-04
-1.625 3.775 1.5555e-04
-1.625 3.825 0.0000e+00
-1.625 3.875 0.0000e+00
-1.625 3.925 0.0000e+00
-1.625 3.975 0.0000e+00
-1.575 -1.975 0.0000e+00
-1.575 -1.925 0.0000e+00
-1.575 -1.875 0.0000e+00
-1.575 -1.825 0.0000e+00
-1.575 -1.775 0.0000e+00
-1.575 -1.725 0.0000e+00
-1.575 -1.675 0.0000e+00
-1.575 -1.625 0.0000e+00
-1.575 -1.575 0.0000e+00
-1.575 -1.525 0.0000e+00
-1.575 -1.475 0.0000e+00
-1.575 -1.425 0.0000e+00
-1.575 -1.375 0.0000e+00
-1.575 -1.325 0.0000e+00
-1.575 -1.275 0.0000e+00
-1.575 -1.225 0.0000e+00
-1.575 -1.175 0.0000e+00
-1.575 -1.125 0.0000e+00
-1.575 -1.075 0.0000e+00
-1.575 -1.025 0.0000e+00
-1.575 -0.975 0.0000e+00
-1.575 -0.925 0.0000e+00
-1.575 -0.875 0.0000e+00
-1.575 -0.825 0.0000e+00
-1.575 -0.775 0.0000e+00
-1.575 -0.725 0.0000e+00
-1.575 -0.675 0.0000e+00
-1.575 -0.625 0.0000e+00
-1.575 -0.575 0.0000e+00
-1.575 -0.525 0.0000e+00
-1.575 -0.475 0.0000e+00
-1.575 -0.425 0.0000e+00
-1.575 -0.375 0.0000e+00
-1.575 -0.325 0.0000e+00
-1.575 -0.275 0.0000e+00
-1.575 -0.225 0.0000e+00
-1.575 -0.175 0.0000e+00
-1.575 -0.125 0.0000e+00
-1.575 -0.075 0.0000e+00
-1.575 -0.025 0.0000e+00
-1.575 0.025 0.0000e+00
-1.575 0.075 0.0000e+00
-1.575 0.125 0.0000e+00
-1.575 0.175 0.0000e+00
-1.575 0.225 0.0000e+00
-1.575 0.275 0.0000e+00
-1.575 0.325 0.0000e+00
-1.575 0.375 0.0000e+00
-1.575 0.425 0.0000e+00
-1.575 0.475 0.0000e+00
-1.575 0.525 0.0000e+00
-1.575 0.575 0.0000e+00
-1.575 0.625 0.0000e+00
-1.575 0.675 0.0000e+00
-1.575 0.725 0.0000e+00
-1.575 0.775 0.0000e+00
-1.575 0.825 0.0000e+00
-1.575 0.875 0.0000e+00
-1.575 0.925 1.6460e-06
-1.575 0.975 3.2903e-06
-1.575 1.025 6.5742e-06
-1.575 1.075 1.3121e-05
-1.575 1.125 2.6139e-05
-1.575 1.175 5.1903e-05
-1.575 1.225 1.0255e-04
-1.575 1.275 2.0110e-04
-1.575 1.325 3.9016e-04
-1.575 1.375 7.4576e-04
-1.575 1.425 1.3974e-03
-1.575 1.475 2.5522e-03
-1.575 1.525 4.5145e-03
-1.575 1.575 7.6832e-03
-1.575 1.625 1.2500e-02
-1.575 1.675 1.9328e-02
-1.575 1.725 2.8272e-02
-1.575 1.775 3.8999e-02
-1.575 1.825 5.0661e-02
-1.575 1.875 6.2003e-02
-1.575 1.925 7.1647e-02
-1.575 1.975 7.8447e-02
-1.575 2.025 8.1759e-02
-1.575 2.075 8.1532e-02
-1.575 2.125 7.8219e-02
-1.575 2.175 7.2577e-02
-1.575 2.225 6.5459e-02
-1.575 2.275 5.7650e-02
-1.575 2.325 4.9780e-02
-1.575 2.375 4.2290e-02
-1.575 2.425 3.5453e-02
-1.575 2.475 2.9401e-02
-1.575 2.525 2.4169e-02
-1.575 2.575 1.9729e-02
-1.575 2.625 1.6013e-02
-1.575 2.675 1.2938e-02
-1.575 2.725 1.0415e-02
-1.575 2.775 8.3599e-03
-1.575 2.825 6.6942e-03
-1.575 2.875 5.3502e-03
-1.575 2.925 4.2694e-03
-1.575 2.975 3.4026e-03
-1.575 3.025 2.7089e-03
-1.575 3.075 2.1548e-03
-1.575 3.125 1.7127e-03
-1.575 3.175 1.3604e-03
-1.575 3.225 1.0799e-03
-1.575 3.275 8.5674e-04
-1.575 3.325 6.7927e-04
-1.575 3.375 5.3820e-04
-1.575 3.425 4.2612e-04
-1.575 3.475 3.3708e-04
-1.575 3.525 2.6634e-04
-1.575 3.575 2.1014e-04
-1.575 3.625 1.6545e-04
-1.575 3.675 1.2983e-04
-1.575 3.725 1.0129e-04
-1.575 3.775 7.7974e-05
-1.575 3.825 0.0000e+00
-1.575 3.875 0.0000e+00
-1.575 3.925 0.0000e+00
-1.575 3.975 0.0000e+00
-1.525 -1.975 0.0000e+00
-1.525 -1.925 0.0000e+00
-1.525 -1.875 0.0000e+00
-1.525 -1.825 0.0000e+00
-1.525 -1.775 0.0000e+00
-1.525 -1.725 0.0000e+00
-1.525 -1.675 0.0000e+00
-1.525 -1.625 0.0000e+00
-1.525 -1.575 0.0000e+00
-1.525 -1.525 0.0000e+00
-1.525 -1.475 0.0000e+00
-1.525 -1.425 0.0000e+00
-1.525 -1.375 0.0000e+00
-1.525 -1.325 0.0000e+00
-1.525 -1.275 0.0000e+00
-1.525 -1.225 0.0000e+00
-1.525 -1.175 0.0000e+00
-1.525 -1.125 0.0000e+00
-1.525 -1.075 0.0000e+00
-1.525 -1.025 0.0000e+00
-1.525 -0.975 0.0000e+00
-1.525 -0.925 0.0000e+00
-1.525 -0.875 0.0000e+00
-1.525 -0.825 0.0000e+00
-1.525 -0.775 0.0000e+00
-1.525 -0.725 0.0000e+00
-1.525 -0.675 0.0000e+00
-1.525 -0.625 0.0000e+00
-1.525 -0.575 0.0000e+00
-1.525 -0.525 0.0000e+00
-1.525 -0.475 0.0000e+00
-1.525 -0.425 0.0000e+00
-1.525 -0.375 0.0000e+00
-1.525 -0.325 0.0000e+00
-1.525 -0.275 0.0000e+00
-1.525 -0.225 0.0000e+00
-1.525 -0.175 0.0000e+00
-1.525 -0.125 0.0000e+00
-1.525 -0.075 0.0000e+00
-1.525 -0.025 0.0000e+00
-1.525 0.025 0.0000e+00
-1.525 0.075 0.0000e+00
-1.525 0.125 0.0000e+00
-1.525 0.175 0.0000e+00
-1.525 0.225 0.0000e+00
-1.525 0.275 0.0000e+00
-1.525 0.325 0.0000e+00
-1.525 0.375 0.0000e+00
-1.525 0.425 0.0000e+00
-1.525 0.475 0.0000e+00
-1.525 0.525 0.0000e+00
-1.525 0.575 0.0000e+00
-1.525 0.625 0.0000e+00
-1.525 0.675 0.0000e+00
-1.525 0.725 0.0000e+00
-1.525 0.775 0.0000e+00
-1.525 0.825 0.0000e+00
-1.525 0.875 0.0000e+00
-1.525 0.925 2.0748e-06
-1.525 0.975 4.1451e-06
-1.525 1.025 8.2726e-06
-1.525 1.075 1.6478e-05
-1.525 1.125 3.2717e-05
-1.525 1.175 6.4635e-05
-1.525 1.225 1.2674e-04
-1.525 1.275 2.4585e-04
-1.525 1.325 4.6987e-04
-1.525 1.375 8.8035e-04
-1.525 1.425 1.6077e-03
-1.525 1.475 2.8434e-03
-1.525 1.525 4.8387e-03
-1.525 1.575 7.8714e-03
-1.525 1.625 1.2171e-02
-1.525 1.675 1.7802e-02
-1.525 1.725 2.4557e-02
-1.525 1.775 3.1902e-02
-1.525 1.825 3.9046e-02
-1.525 1.875 4.5124e-02
-1.525 1.925 4.9412e-02
-1.525 1.975 5.1505e-02
-1.525 2.025 5.1369e-02
-1.525 2.075 4.9289e-02
-1.525 2.125 4.5740e-02
-1.525 2.175 4.1260e-02
-1.525 2.225 3.6344e-02
-1.525 2.275 3.1387e-02
-1.525 2.325 2.6668e-02
-1.525 2.375 2.2359e-02
-1.525 2.425 1.8545e-02
-1.525 2.475 1.5247e-02
-1.525 2.525 1.2447e-02
-1.525 2.575 1.0104e-02
-1.525 2.625 8.1647e-03
-1.525 2.675 6.5734e-03
-1.525 2.725 5.2768e-03
-1.525 2.775 4.2259e-03
-1.525 2.825 3.3779e-03
-1.525 2.875 2.6959e-03
-1.525 2.925 2.1489e-03
-1.525 2.975 1.7111e-03
-1.525 3.025 1.3613e-03
-1.525 3.075 1.0823e-03
-1.525 3.125 8.5987e-04
-1.525 3.175 6.8277e-04
-1.525 3.225 5.4184e-04
-1.525 3.275 4.2977e-04
-1.525 3.325 3.4069e-04
-1.525 3.375 2.6991e-04
-1.525 3.425 2.1367e-04
-1.525 3.475 1.6901e-04
-1.525 3.525 1.3354e-04
-1.525 3.575 1.0535e-04
-1.525 3.625 8.2945e-05
-1.525 3.675 6.5088e-05
-1.525 3.725 5.0779e-05
-1.525 3.775 0.0000e+00
-1.525 3.825 0.0000e+00
-1.525 3.875 0.0000e+00
-1.525 3.925 0.0000e+00
-1.525 3.975 0.0000e+00
-1.475 -1.975 0.0000e+00
-1.475 -1.925 0.0000e+00
-1.475 -1.875 0.0000e+00
-1.475 -1.825 0.0000e+00
-1.475 -1.775 0.0000e+00
-1.475 -1.725 0.0000e+00
-1.475 -1.675 0.0000e+00
-1.475 -1.625 0.0000e+00
-1.475 -1.575 0.0000e+00
-1.475 -1.525 0.0000e+00
-1.475 -1.475 0.0000e+00
-1.475 -1.425 0.0000e+00
-1.475 -1.375 0.0000e+00
-1.475 -1.325 0.0000e+00
-1.475 -1.275 0.0000e+00
-1.475 -1.225 0.0000e+00
-1.475 -1.175 0.0000e+00
-1.475 -1.125 0.0000e+00
-1.475 -1.075 0.0000e+00
-1.475 -1.025 0.0000e+00
-1.475 -0.975 0.0000e+00
-1.475 -0.925 0.0000e+00
-1.475 -0.875 0.0000e+00
-1.475 -0.825 0.0000e+00
-1.475 -0.775 0.0000e+00
-1.475 -0.725 0.0000e+00
-1.475 -0.675 0.0000e+00
-1.475 -0.625 0.0000e+00
-1.475 -0.575 0.0000e+00
-1.475 -0.525 0.0000e+00
-1.475 -0.475 0.0000e+00
-1.475 -0.425 0.0000e+00
-1.475 -0.375 0.0000e+00
-1.475 -0.325 0.0000e+00
-1.475 -0.275 0.0000e+00
-1.475 -0.225 0.0000e+00
-1.475 -0.175 0.0000e+00
-1.475 -0.125 0.0000e+00
-1.475 -0.075 0.0000e+00
-1.475 -0.025 0.0000e+00
-1.475 0.025 0.0000e+00
-1.475 0.075 0.0000e+00
-1.475 0.125 0.0000e+00
-1.475 0.175 0.0000e+00
-1.475 0.225 0.0000e+00
-1.475 0.275 0.0000e+00
-1.475 0.325 0.0000e+00
-1.475 0.375 0.0000e+00
-1.475 0.425 0.0000e+00
-1.475 0.475 0.0000e+00
-1.475 0.525 0.0000e+00
-1.475 0.575 0.0000e+00
-1.475 0.625 0.0000e+00
-1.475 0.675 0.0000e+00
-1.475 0.725 0.0000e+00
-1.475 0.775 0.0000e+00
-1.475 0.825 0.0000e+00
-1.475 0.875 0.0000e+00
-1.475 0.925 2.6137e-06
-1.475 0.975 5.2160e-06
-1.475 1.025 1.0389e-05
-1.475 1.075 2.0625e-05
-1.475 1.125 4.0743e-05
-1.475 1.175 7.9881e-05
-1.475 1.225 1.5494e-04
-1.475 1.275 2.9609e-04
-1.475 1.325 5.5470e-04
-1.475 1.375 1.0129e-03
-1.475 1.425 1.7912e-03
-1.475 1.475 3.0479e-03
-1.475 1.525 4.9579e-03
-1.475 1.575 7.6655e-03
-1.475 1.625 1.1212e-02
-1.475 1.675 1.5467e-02
-1.475 1.725 2.0094e-02
-1.475 1.775 2.4595e-02
-1.475 1.825 2.8426e-02
-1.475 1.875 3.1131e-02
-1.475 1.925 3.2453e-02
-1.475 1.975 3.2372e-02
-1.475 2.025 3.1065e-02
-1.475 2.075 2.8833e-02
-1.475 2.125 2.6012e-02
-1.475 2.175 2.2916e-02
-1.475 2.225 1.9792e-02
-1.475 2.275 1.6819e-02
-1.475 2.325 1.4103e-02
-1.475 2.375 1.1698e-02
-1.475 2.425 9.6191e-03
-1.475 2.475 7.8537e-03
-1.475 2.525 6.3759e-03
-1.475 2.575 5.1526e-03
-1.475 2.625 4.1488e-03
-1.475 2.675 3.3308e-03
-1.475 2.725 2.6677e-03
-1.475 2.775 2.1326e-03
-1.475 2.825 1.7023e-03
-1.475 2.875 1.3571e-03
-1.475 2.925 1.0807e-03
-1.475 2.975 8.5997e-04
-1.475 3.025 6.8381e-04
-1.475 3.075 5.4340e-04
-1.475 3.125 4.3158e-04
-1.475 3.175 3.4260e-04
-1.475 3.225 2.7183e-04
-1.475 3.275 2.1557e-04
-1.475 3.325 1.7087e-04
-1.475 3.375 1.3535e-04
-1.475 3.425 1.0715e-04
-1.475 3.475 8.4745e-05
-1.475 3.525 6.6955e-05
-1.475 3.575 5.2822e-05
-1.475 3.625 4.1585e-05
-1.475 3.675 3.2632e-05
-1.475 3.725 2.5458e-05
-1.475 3.775 0.0000e+00
-1.475 3.825 0.0000e+00
-1.475 3.875 0.0000e+00
-1.475 3.925 0.0000e+00
-1.475 3.975 0.0000e+00
-1.425 -1.975 0.0000e+00
-1.425 -1.925 0.0000e+00
-1.425 -1.875 0.0000e+00
-1.425 -1.825 0.0000e+00
-1.425 -1.775 0.0000e+00
-1.425 -1.725 0.0000e+00
-1.425 -1.675 0.0000e+00
-1.425 -1.625 0.0000e+00
-1.425 -1.575 0.0000e+00
-1.425 -1.525 0.0000e+00
-1.425 -1.475 0.0000e+00
-1.425 -1.425 0.0000e+00
-1.425 -1.375 0.0000e+00
-1.425 -1.325 0.0000e+00
-1.425 -1.275 0.0000e+00
-1.425 -1.225 0.0000e+00
-1.425 -1.175 0.0000e+00
-1.425 -1.125 0.0000e+00
-1.425 -1.075 0.0000e+00
-1.425 -1.025 0.0000e+00
-1.425 -0.975 0.0000e+00
-1.425 -0.925 0.0000e+00
-1.425 -0.875 0.0000e+00
-1.425 -0.825 0.0000e+00
-1.425 -0.775 0.0000e+00
-1.425 -0.725 0.0000e+00
-1.425 -0.675 0.0000e+00
-1.425 -0.625 0.0000e+00
-1.425 -0.575 0.0000e+00
-1.425 -0.525 0.0000e+00
-1.425 -0.475 0.0000e+00
-1.425 -0.425 0.0000e+00
-1.425 -0.375 0.0000e+00
-1.425 -0.325 0.0000e+00
-1.425 -0.275 0.0000e+00
-1.425 -0.225 0.0000e+00
-1.425 -0.175 0.0000e+00
-1.425 -0.125 0.0000e+00
-1.425 -0.075 0.0000e+00
-1.425 -0.025 0.0000e+00
-1.425 0.025 0.0000e+00
-1.425 0.075 0.0000e+00
-1.425 0.125 0.0000e+00
-1.425 0.175 0.0000e+00
-1.425 0.225 0.0000e+00
-1.425 0.275 0.0000e+00
-1.425 0.325 0.0000e+00
-1.425 0.375 0.0000e+00
-1.425 0.425 0.0000e+00
-1.425 0.475 0.0000e+00
-1.425 0.525 0.0000e+00
-1.425 0.575 0.0000e+00
-1.425 0.625 0.0000e+00
-1.425 0.675 0.0000e+00
-1.425 0.725 0.0000e+00
-1.425 0.775 0.0000e+00
-1.425 0.825 0.0000e+00
-1.425 0.875 0.0000e+00
-1.425 0.925 3.2889e-06
-1.425 0.975 6.5502e-06
-1.425 1.025 1.3003e-05
-1.425 1.075 2.5685e-05
-1.425 1.125 5.0354e-05
-1.425 1.175 9.7659e-05
-1.425 1.225 1.8661e-04
-1.425 1.275 3.4956e-04
-1.425 1.325 6.3823e-04
-1.425 1.375 1.1286e-03
-1.425 1.425 1.9203e-03
-1.425 1.475 3.1235e-03
-1.425 1.525 4.8291e-03
-1.425 1.575 7.0635e-03
-1.425 1.625 9.7439e-03
-1.425 1.675 1.2659e-02
-1.425 1.725 1.5496e-02
-1.425 1.775 1.7911e-02
-1.425 1.825 1.9618e-02
-1.425 1.875 2.0453e-02
-1.425 1.925 2.0405e-02
-1.425 1.975 1.9583e-02
-1.425 2.025 1.8178e-02
-1.425 2.075 1.6402e-02
-1.425 2.125 1.4451e-02
-1.425 2.175 1.2483e-02
-1.425 2.225 1.0609e-02
-1.425 2.275 8.8966e-03
-1.425 2.325 7.3804e-03
-1.425 2.375 6.0692e-03
-1.425 2.425 4.9558e-03
-1.425 2.475 4.0237e-03
-1.425 2.525 3.2520e-03
-1.425 2.575 2.6187e-03
-1.425 2.625 2.1026e-03
-1.425 2.675 1.6842e-03
-1.425 2.725 1.3465e-03
-1.425 2.775 1.0749e-03
-1.425 2.825 8.5699e-04
-1.425 2.875 6.8259e-04
-1.425 2.925 5.4322e-04
-1.425 2.975 4.3201e-04
-1.425 3.025 3.4337e-04
-1.425 3.075 2.7277e-04
-1.425 3.125 2.1658e-04
-1.425 3.175 1.7189e-04
-1.425 3.225 1.3636e-04
-1.425 3.275 1.0813e-04
-1.425 3.325 8.5694e-05
-1.425 3.375 6.7877e-05
-1.425 3.425 5.3728e-05
-1.425 3.475 4.2493e-05
-1.425 3.525 3.3572e-05
-1.425 3.575 2.6485e-05
-1.425 3.625 2.0850e-05
-1.425 3.675 1.6361e-05
-1.425 3.725 1.2764e-05
-1.425 3.775 0.0000e+00
-1.425 3.825 0.0000e+00
-1.425 3.875 0.0000e+00
-1.425 3.925 0.0000e+00
-1.425 3.975 0.0000e+00
-1.375 -1.975 0.0000e+00
-1.375 -1.925 0.0000e+00
-1.375 -1.875 0.0000e+00
-1.375 -1.825 0.0000e+00
-1.375 -1.775 0.0000e+00
-1.375 -1.725 0.0000e+00
-1.375 -1.675 0.0000e+00
-1.375 -1.625 0.0000e+00
-1.375 -1.575 0.0000e+00
-1.375 -1.525 0.0000e+00
-1.375 -1.475 0.0000e+00
-1.375 -1.425 0.0000e+00
-1.375 -1.375 0.0000e+00
-1.375 -1.325 0.0000e+00
-1.375 -1.275 0.0000e+00
-1.375 -1.225 0.0000e+00
-1.375 -1.175 0.0000e+00
-1.375 -1.125 0.0000e+00
-1.375 -1.075 0.0000e+00
-1.375 -1.025 0.0000e+00
-1.375 -0.975 0.0000e+00
-1.375 -0.925 0.0000e+00
-1.375 -0.875 0.0000e+00
-1.375 -0.825 0.0000e+00
-1.375 -0.775 0.0000e+00
-1.375 -0.725 0.0000e+00
-1.375 -0.675 0.0000e+00
-1.375 -0.625 0.0000e+00
-1.375 -0.575 0.0000e+00
-1.375 -0.525 0.0000e+00
-1.375 -0.475 0.0000e+00
-1.375 -0.425 0.0000e+00
-1.375 -0.375 0.0000e+00
-1.375 -0.325 0.0000e+00
-1.375 -0.275 0.0000e+00
-1.375 -0.225 0.0000e+00
-1.375 -0.175 0.0000e+00
-1.375 -0.125 0.0000e+00
-1.375 -0.075 0.0000e+00
-1.375 -0.025 0.0000e+00
-1.375 0.025 0.0000e+00
-1.375 0.075 0.0000e+00
-1.375 0.125 0.0000e+00
-1.375 0.175 0.0000e+00
-1.375 0.225 0.0000e+00
-1.375 0.275 0.0000e+00
-1.375 0.325 0.0000e+00
-1.375 0.375 0.0000e+00
-1.375 0.425 0.0000e+00
-1.375 0.475 0.0000e+00
-1.375 0.525 0.0000e+00
-1.375 0.575 0.0000e+00
-1.375 0.625 0.0000e+00
-1.375 0.675 0.0000e+00
-1.375 0.725 0.0000e+00
-1.375 0.775 0.0000e+00
-1.375 0.825 0.0000e+00
-1.375 0.875 0.0000e+00
-1.375 0.925 4.1302e-06
-1.375 0.975 8.1987e-06
-1.375 1.025 1.6193e-05
-1.375 1.075 3.1743e-05
-1.375 1.125 6.1560e-05
-1.375 1.175 1.1762e-04
-1.375 1.225 2.2031e-04
-1.375 1.275 4.0222e-04
-1.375 1.325 7.1121e-04
-1.375 1.375 1.2100e-03
-1.375 1.425 1.9681e-03
-1.375 1.475 3.0428e-03
-1.375 1.525 4.4507e-03
-1.375 1.575 6.1397e-03
-1.375 1.625 7.9771e-03
-1.375 1.675 9.7656e-03
-1.375 1.725 1.1288e-02
-1.375 1.775 1.2365e-02
-1.375 1.825 1.2893e-02
-1.375 1.875 1.2864e-02
-1.375 1.925 1.2347e-02
-1.375 1.975 1.1463e-02
-1.375 2.025 1.0344e-02
-1.375 2.075 9.1147e-03
-1.375 2.125 7.8742e-03
-1.375 2.175 6.6926e-03
-1.375 2.225 5.6130e-03
-1.375 2.275 4.6569e-03
-1.375 2.325 3.8299e-03
-1.375 2.375 3.1275e-03
-1.375 2.425 2.5395e-03
-1.375 2.475 2.0526e-03
-1.375 2.525 1.6530e-03
-1.375 2.575 1.3273e-03
-1.375 2.625 1.0633e-03
-1.375 2.675 8.5017e-04
-1.375 2.725 6.7874e-04
-1.375 2.775 5.4121e-04
-1.375 2.825 4.3112e-04
-1.375 2.875 3.4314e-04
-1.375 2.925 2.7293e-04
-1.375 2.975 2.1696e-04
-1.375 3.025 1.7238e-04
-1.375 3.075 1.3690e-04
-1.375 3.125 1.0867e-04
-1.375 3.175 8.6236e-05
-1.375 3.225 6.8402e-05
-1.375 3.275 5.4233e-05
-1.375 3.325 4.2978e-05
-1.375 3.375 3.4040e-05
-1.375 3.425 2.6943e-05
-1.375 3.475 2.1309e-05
-1.375 3.525 1.6834e-05
-1.375 3.575 1.3280e-05
-1.375 3.625 1.0455e-05
-1.375 3.675 8.2036e-06
-1.375 3.725 6.3999e-06
-1.375 3.775 0.0000e+00
-1.375 3.825 0.0000e+00
-1.375 3.875 0.0000e+00
-1.375 3.925 0.0000e+00
-1.375 3.975 0.0000e+00
-1.325 -1.975 0.0000e+00
-1.325 -1.925 0.0000e+00
-1.325 -1.875 0.0000e+00
-1.325 -1.825 0.0000e+00
-1.325 -1.775 0.0000e+00
-1.325 -1.725 0.0000e+00
-1.325 -1.675 0.0000e+00
-1.325 -1.625 0.0000e+00
-1.325 -1.575 0.0000e+00
-1.325 -1.525 0.0000e+00
-1.325 -1.475 0.0000e+00
-1.325 -1.425 0.0000e+00
-1.325 -1.375 0.0000e+00
-1.325 -1.325 0.0000e+00
-1.325 -1.275 0.0000e+00
-1.325 -1.225 0.0000e+00
-1.325 -1.175 0.0000e+00
-1.325 -1.125 0.0000e+00
-1.325 -1.075 0.0000e+00
-1.325 -1.025 0.0000e+00
-1.325 -0.975 0.0000e+00
-1.325 -0.925 0.0000e+00
-1.325 -0.875 0.0000e+00
-1.325 -0.825 0.0000e+00
-1.325 -0.775 0.0000e+00
-1.325 -0.725 0.0000e+00
-1.325 -0.675 0.0000e+00
-1.325 -0.625 0.0000e+00
-1.325 -0.575 0.0000e+00
-1.325 -0.525 0.0000e+00
-1.325 -0.475 0.0000e+00
-1.325 -0.425 0.0000e+00
-1.325 -0.375 0.0000e+00
-1.325 -0.325 0.0000e+00
-1.325 -0.275 0.0000e+00
-1.325 -0.225 0.0000e+00
-1.325 -0.175 0.0000e+00
-1.325 -0.125 0.0000e+00
-1.325 -0.075 0.0000e+00
-1.325 -0.025 0.0000e+00
-1.325 0.025 0.0000e+00
-1.325 0.075 0.0000e+00
-1.325 0.125 0.0000e+00
-1.325 0.175 0.0000e+00
-1.325 0.225 0.0000e+00
-1.325 0.275 0.0000e+00
-1.325 0.325 0.0000e+00
-1.325 0.375 0.0000e+00
-1.325 0.425 0.0000e+00
-1.325 0.475 0.0000e+00
-1.325 0.525 0.0000e+00
-1.325 0.575 0.0000e+00
-1.325 0.625 0.0000e+00
-1.325 0.675 0.0000e+00
-1.325 0.725 0.0000e+00
-1.325 0.775 0.0000e+00
-1.325 0.825 0.0000e+00
-1.325 0.875 0.0000e+00
-1.325 0.925 5.1696e-06
-1.325 0.975 1.0210e-05
-1.325 1.025 2.0013e-05
-1.325 1.075 3.8808e-05
-1.325 1.125 7.4145e-05
-1.325 1.175 1.3887e-04
-1.325 1.225 2.5351e-04
-1.325 1.275 4.4825e-04
-1.325 1.325 7.6259e-04
-1.325 1.375 1.2403e-03
-1.325 1.425 1.9176e-03
-1.325 1.475 2.8049e-03
-1.325 1.525 3.8695e-03
-1.325 1.575 5.0277e-03
-1.325 1.625 6.1554e-03
-1.325 1.675 7.1160e-03
-1.325 1.725 7.7953e-03
-1.325 1.775 8.1291e-03
-1.325 1.825 8.1116e-03
-1.325 1.875 7.7868e-03
-1.325 1.925 7.2297e-03
-1.325 1.975 6.5247e-03
-1.325 2.025 5.7499e-03
-1.325 2.075 4.9678e-03
-1.325 2.125 4.2228e-03
-1.325 2.175 3.5419e-03
-1.325 2.225 2.9388e-03
-1.325 2.275 2.4171e-03
-1.325 2.325 1.9740e-03
-1.325 2.375 1.6030e-03
-1.325 2.425 1.2957e-03
-1.325 2.475 1.0436e-03
-1.325 2.525 8.3801e-04
-1.325 2.575 6.7136e-04
-1.325 2.625 5.3684e-04
-1.325 2.675 4.2862e-04
-1.325 2.725 3.4181e-04
-1.325 2.775 2.7230e-04
-1.325 2.825 2.1675e-04
-1.325 2.875 1.7242e-04
-1.325 2.925 1.3708e-04
-1.325 2.975 1.0893e-04
-1.325 3.025 8.6525e-05
-1.325 3.075 6.8701e-05
-1.325 3.125 5.4528e-05
-1.325 3.175 4.3263e-05
-1.325 3.225 3.4313e-05
-1.325 3.275 2.7203e-05
-1.325 3.325 2.1556e-05
-1.325 3.375 1.7072e-05
-1.325 3.425 1.3513e-05
-1.325 3.475 1.0686e-05
-1.325 3.525 8.4422e-06
-1.325 3.575 6.6598e-06
-1.325 3.625 5.2428e-06
-1.325 3.675 4.1139e-06
-1.325 3.725 3.2093e-06
-1.325 3.775 0.0000e+00
-1.325 3.825 0.0000e+00
-1.325 3.875 0.0000e+00
-1.325 3.925 0.0000e+00
-1.325 3.975 0.0000e+00
-1.275 -1.975 0.0000e+00
-1.275 -1.925 0.0000e+00
-1.275 -1.875 0.0000e+00
-1.275 -1.825 0.0000e+00
-1.275 -1.775 0.0000e+00
-1.275 -1.725 0.0000e+00
-1.275 -1.675 0.0000e+00
-1.275 -1.625 0.0000e+00
-1.275 -1.575 0.0000e+00
-1.275 -1.525 0.0000e+00
-1.275 -1.475 0.0000e+00
-1.275 -1.425 0.0000e+00
-1.275 -1.375 0.0000e+00
-1.275 -1.325 0.0000e+00
-1.275 -1.275 0.0000e+00
-1.275 -1.225 0.0000e+00
-1.275 -1.175 0.0000e+00
-1.275 -1.125 0.0000e+00
-1.275 -1.075 0.0000e+00
-1.275 -1.025 0.0000e+00
-1.275 -0.975 0.0000e+00
-1.275 -0.925 0.0000e+00
-1.275 -0.875 0.0000e+00
-1.275 -0.825 0.0000e+00
-1.275 -0.775 0.0000e+00
-1.275 -0.725 0.0000e+00
-1.275 -0.675 0.0000e+00
-1.275 -0.625 0.0000e+00
-1.275 -0.575 0.0000e+00
-1.275 -0.525 0.0000e+00
-1.275 -0.475 0.0000e+00
-1.275 -0.425 0.0000e+00
-1.275 -0.375 0.0000e+00
-1.275 -0.325 0.0000e+00
-1.275 -0.275 0.0000e+00
-1.275 -0.225 0.0000e+00
-1.275 -0.175 0.0000e+00
-1.275 -0.125 0.0000e+00
-1.275 -0.075 0.0000e+00
-1.275 -0.025 0.0000e+00
-1.275 0.025 0.0000e+00
-1.275 0.075 0.0000e+00
-1.275 0.125 0.0000e+00
-1.275 0.175 0.0000e+00
-1.275 0.225 0.0000e+00
-1.275 0.275 0.0000e+00
-1.275 0.325 0.0000e+00
-1.275 0.375 0.0000e+00
-1.275 0.425 0.0000e+00
-1.275 0.475 0.0000e+00
-1.275 0.525 0.0000e+00
-1.275 0.575 0.0000e+00
-1.275 0.625 0.0000e+00
-1.275 0.675 0.0000e+00
-1.275 0.725 0.0000e+00
-1.275 0.775 0.0000e+00
-1.275 0.825 0.0000e+00
-1.275 0.875 0.0000e+00
-1.275 0.925 6.4376e-06
-1.275 0.975 1.2618e-05
-1.275 1.025 2.4467e-05
-1.275 1.075 4.6743e-05
-1.275 1.125 8.7542e-05
-1.275 1.175 1.5980e-04
-1.275 1.225 2.8255e-04
-1.275 1.275 4.8068e-04
-1.275 1.325 7.8181e-04
-1.275 1.375 1.2087e-03
-1.275 1.425 1.7680e-03
-1.275 1.475 2.4392e-03
-1.275 1.525 3.1695e-03
-1.275 1.575 3.8807e-03
-1.275 1.625 4.4867e-03
-1.275 1.675 4.9155e-03
-1.275 1.725 5.1265e-03
-1.275 1.775 5.1160e-03
-1.275 1.825 4.9117e-03
-1.275 1.875 4.5608e-03
-1.275 1.925 4.1165e-03
-1.275 1.975 3.6280e-03
-1.275 2.025 3.1348e-03
-1.275 2.075 2.6649e-03
-1.275 2.125 2.2354e-03
-1.275 2.175 1.8549e-03
-1.275 2.225 1.5257e-03
-1.275 2.275 1.2461e-03
-1.275 2.325 1.0120e-03
-1.275 2.375 8.1805e-04
-1.275 2.425 6.5889e-04
-1.275 2.475 5.2914e-04
-1.275 2.525 4.2394e-04
-1.275 2.575 3.3902e-04
-1.275 2.625 2.7070e-04
-1.275 2.675 2.1589e-04
-1.275 2.725 1.7200e-04
-1.275 2.775 1.3693e-04
-1.275 2.825 1.0894e-04
-1.275 2.875 8.6617e-05
-1.275 2.925 6.8838e-05
-1.275 2.975 5.4687e-05
-1.275 3.025 4.3429e-05
-1.275 3.075 3.4476e-05
-1.275 3.125 2.7360e-05
-1.275 3.175 2.1706e-05
-1.275 3.225 1.7214e-05
-1.275 3.275 1.3646e-05
-1.275 3.325 1.0813e-05
-1.275 3.375 8.5634e-06
-1.275 3.425 6.7776e-06
-1.275 3.475 5.3598e-06
-1.275 3.525 4.2342e-06
-1.275 3.575 3.3402e-06
-1.275 3.625 2.6295e-06
-1.275 3.675 2.0632e-06
-1.275 3.725 1.6096e-06
-1.275 3.775 0.0000e+00
-1.275 3.825 0.0000e+00
-1.275 3.875 0.0000e+00
-1.275 3.925 0.0000e+00
-1.275 3.975 0.0000e+00
-1.225 -1.975 0.0000e+00
-1.225 -1.925 0.0000e+00
-1.225 -1.875 0.0000e+00
-1.225 -1.825 0.0000e+00
-1.225 -1.775 0.0000e+00
-1.225 -1.725 0.0000e+00
-1.225 -1.675 0.0000e+00
-1.225 -1.625 0.0000e+00
-1.225 -1.575 0.0000e+00
-1.225 -1.525 0.0000e+00
-1.225 -1.475 0.0000e+00
-1.225 -1.425 0.0000e+00
-1.225 -1.375 0.0000e+00
-1.225 -1.325 0.0000e+00
-1.225 -1.275 0.0000e+00
-1.225 -1.225 0.0000e+00
-1.225 -1.175 0.0000e+00
-1.225 -1.125 0.0000e+00
-1.225 -1.075 0.0000e+00
-1.225 -1.025 0.0000e+00
-1.225 -0.975 0.0000e+00
-1.225 -0.925 0.0000e+00
-1.225 -0.875 0.0000e+00
-1.225 -0.825 0.0000e+00
-1.225 -0.775 0.0000e+00
-1.225 -0.725 0.0000e+00
-1.225 -0.675 0.0000e+00
-1.225 -0.625 0.0000e+00
-1.225 -0.575 0.0000e+00
-1.225 -0.525 0.0000e+00
-1.225 -0.475 0.0000e+00
-1.225 -0.425 0.0000e+00
-1.225 -0.375 0.0000e+00
-1.225 -0.325 0.0000e+00
-1.225 -0.275 0.0000e+00
-1.225 -0.225 0.0000e+00
-1.225 -0.175 0.0000e+00
-1.225 -0.125 0.0000e+00
-1.225 -0.075 0.0000e+00
-1.225 -0.025 0.0000e+00
-1.225 0.025 0.0000e+00
-1.225 0.075 0.0000e+00
-1.225 0.125 0.0000e+00
-1.225 0.175 0.0000e+00
-1.225 0.225 0.0000e+00
-1.225 0.275 0.0000e+00
-1.225 0.325 0.0000e+00
-1.225 0.375 0.0000e+00
-1.225 0.425 0.0000e+00
-1.225 0.475 0.0000e+00
-1.225 0.525 0.0000e+00
-1.225 0.575 0.0000e+00
-1.225 0.625 0.0000e+00
-1.225 0.675 0.0000e+00
-1.225 0.725 0.0000e+00
-1.225 0.775 0.0000e+00
-1.225 0.825 0.0000e+00
-1.225 0.875 0.0000e+00
-1.225 0.925 7.9561e-06
-1.225 0.975 1.5427e-05
-1.225 1.025 2.9470e-05
-1.225 1.075 5.5190e-05
-1.225 1.125 1.0074e-04
-1.225 1.175 1.7812e-04
-1.225 1.225 3.0302e-04
-1.225 1.275 4.9286e-04
-1.225 1.325 7.6199e-04
-1.225 1.375 1.1146e-03
-1.225 1.425 1.5379e-03
-1.225 1.475 1.9985e-03
-1.225 1.525 2.4471e-03
-1.225 1.575 2.8295e-03
-1.225 1.625 3.1003e-03
-1.225 1.675 3.2337e-03
-1.225 1.725 3.2274e-03
-1.225 1.775 3.0989e-03
-1.225 1.825 2.8778e-03
-1.225 1.875 2.5977e-03
-1.225 1.925 2.2896e-03
-1.225 1.975 1.9785e-03
-1.225 2.025 1.6821e-03
-1.225 2.075 1.4111e-03
-1.225 2.125 1.1710e-03
-1.225 2.175 9.6324e-04
-1.225 2.225 7.8676e-04
-1.225 2.275 6.3897e-04
-1.225 2.325 5.1657e-04
-1.225 2.375 4.1609e-04
-1.225 2.425 3.3417e-04
-1.225 2.475 2.6775e-04
-1.225 2.525 2.1413e-04
-1.225 2.575 1.7099e-04
-1.225 2.625 1.3637e-04
-1.225 2.675 1.0866e-04
-1.225 2.725 8.6511e-05
-1.225 2.775 6.8830e-05
-1.225 2.825 5.4734e-05
-1.225 2.875 4.3505e-05
-1.225 2.925 3.4565e-05
-1.225 2.975 2.7454e-05
-1.225 3.025 2.1798e-05
-1.225 3.075 1.7302e-05
-1.225 3.125 1.3729e-05
-1.225 3.175 1.0891e-05
-1.225 3.225 8.6365e-06
-1.225 3.275 6.8461e-06
-1.225 3.325 5.4246e-06
-1.225 3.375 4.2959e-06
-1.225 3.425 3.4000e-06
-1.225 3.475 2.6887e-06
-1.225 3.525 2.1240e-06
-1.225 3.575 1.6755e-06
-1.225 3.625 1.3190e-06
-1.225 3.675 1.0350e-06
-1.225 3.725 0.0000e+00
-1.225 3.775 0.0000e+00
-1.225 3.825 0.0000e+00
-1.225 3.875 0.0000e+00
-1.225 3.925 0.0000e+00
-1.225 3.975 0.0000e+00
-1.175 -1.975 0.0000e+00
-1.175 -1.925 0.0000e+00
-1.175 -1.875 0.0000e+00
-1.175 -1.825 0.0000e+00
-1.175 -1.775 0.0000e+00
-1.175 -1.725 0.0000e+00
-1.175 -1.675 0.0000e+00
-1.175 -1.625 0.0000e+00
-1.175 -1.575 0.0000e+00
-1.175 -1.525 0.0000e+00
-1.175 -1.475 0.0000e+00
-1.175 -1.425 0.0000e+00
-1.175 -1.375 0.0000e+00
-1.175 -1.325 0.0000e+00
-1.175 -1.275 0.0000e+00
-1.175 -1.225 0.0000e+00
-1.175 -1.175 0.0000e+00
-1.175 -1.125 0.0000e+00
-1.175 -1.075 0.0000e+00
-1.175 -1.025 0.0000e+00
-1.175 -0.975 0.0000e+00
-1.175 -0.925 0.0000e+00
-1.175 -0.875 0.0000e+00
-1.175 -0.825 0.0000e+00
-1.175 -0.775 0.0000e+00
-1.175 -0.725 0.0000e+00
-1.175 -0.675 0.0000e+00
-1.175 -0.625 0.0000e+00
-1.175 -0.575 0.0000e+00
-1.175 -0.525 0.0000e+00
-1.175 -0.475 0.0000e+00
-1.175 -0.425 0.0000e+00
-1.175 -0.375 0.0000e+00
-1.175 -0.325 0.0000e+00
-1.175 -0.275 0.0000e+00
-1.175 -0.225 0.0000e+00
-1.175 -0.175 0.0000e+00
-1.175 -0.125 0.0000e+00
-1.175 -0.075 0.0000e+00
-1.175 -0.025 0.0000e+00
-1.175 0.025 0.0000e+00
-1.175 0.075 0.0000e+00
-1.175 0.125 0.0000e+00
-1.175 0.175 0.0000e+00
-1.175 0.225 0.0000e+00
-1.175 0.275 0.0000e+00
-1.175 0.325 0.0000e+00
-1.175 0.375 0.0000e+00
-1.175 0.425 0.0000e+00
-1.175 0.475 0.0000e+00
-1.175 0.525 0.0000e+00
-1.175 0.575 0.0000e+00
-1.175 0.625 0.0000e+00
-1.175 0.675 0.0000e+00
-1.175 0.725 0.0000e+00
-1.175 0.775 0.0000e+00
-1.175 0.825 0.0000e+00
-1.175 0.875 0.0000e+00
-1.175 0.925 9.7269e-06
-1.175 0.975 1.8581e-05
-1.175 1.025 3.4797e-05
-1.175 1.075 6.3517e-05
-1.175 1.125 1.1230e-04
-1.175 1.175 1.9105e-04
-1.175 1.225 3.1074e-04
-1.175 1.275 4.8045e-04
-1.175 1.325 7.0285e-04
-1.175 1.375 9.6979e-04
-1.175 1.425 1.2603e-03
-1.175 1.475 1.5434e-03
-1.175 1.525 1.7848e-03
-1.175 1.575 1.9558e-03
-1.175 1.625 2.0403e-03
-1.175 1.675 2.0365e-03
-1.175 1.725 1.9556e-03
-1.175 1.775 1.8163e-03
-1.175 1.825 1.6396e-03
-1.175 1.875 1.4453e-03
-1.175 1.925 1.2491e-03
-1.175 1.975 1.0620e-03
-1.175 2.025 8.9097e-04
-1.175 2.075 7.3942e-04
-1.175 2.125 6.0828e-04
-1.175 2.175 4.9686e-04
-1.175 2.225 4.0355e-04
-1.175 2.275 3.2626e-04
-1.175 2.325 2.6281e-04
-1.175 2.375 2.1108e-04
-1.175 2.425 1.6914e-04
-1.175 2.475 1.3527e-04
-1.175 2.525 1.0803e-04
-1.175 2.575 8.6163e-05
-1.175 2.625 6.8658e-05
-1.175 2.675 5.4666e-05
-1.175 2.725 4.3497e-05
-1.175 2.775 3.4592e-05
-1.175 2.825 2.7498e-05
-1.175 2.875 2.1850e-05
-1.175 2.925 1.7356e-05
-1.175 2.975 1.3783e-05
-1.175 3.025 1.0942e-05
-1.175 3.075 8.6842e-06
-1.175 3.125 6.8904e-06
-1.175 3.175 5.4656e-06
-1.175 3.225 4.3339e-06
-1.175 3.275 3.4353e-06
-1.175 3.325 2.7219e-06
-1.175 3.375 2.1555e-06
-1.175 3.425 1.7060e-06
-1.175 3.475 1.3491e-06
-1.175 3.525 1.0657e-06
-1.175 3.575 8.4068e-07
-1.175 3.625 6.6179e-07
-1.175 3.675 5.1928e-07
-1.175 3.725 0.0000e+00
-1.175 3.775 0.0000e+00
-1.175 3.825 0.0000e+00
-1.175 3.875 0.0000e+00
-1.175 3.925 0.0000e+00
-1.175 3.975 0.0000e+00
-1.125 -1.975 0.0000e+00
-1.125 -1.925 0.0000e+00
-1.125 -1.875 0.0000e+00
-1.125 -1.825 0.0000e+00
-1.125 -1.775 0.0000e+00
-1.125 -1.725 0.0000e+00
-1.125 -1.675 0.0000e+00
-1.125 -1.625 0.0000e+00
-1.125 -1.575 0.0000e+00
-1.125 -1.525 0.0000e+00
-1.125 -1.475 0.0000e+00
-1.125 -1.425 0.0000e+00
-1.125 -1.375 0.0000e+00
-1.125 -1.325 0.0000e+00
-1.125 -1.275 0.0000e+00
-1.125 -1.225 0.0000e+00
-1.125 -1.175 0.0000e+00
-1.125 -1.125 0.0000e+00
-1.125 -1.075 0.0000e+00
-1.125 -1.025 0.0000e+00
-1.125 -0.975 0.0000e+00
-1.125 -0.925 0.0000e+00
-1.125 -0.875 0.0000e+00
-1.125 -0.825 0.0000e+00
-1.125 -0.775 0.0000e+00
-1.125 -0.725 0.0000e+00
-1.125 -0.675 0.0000e+00
-1.125 -0.625 0.0000e+00
-1.125 -0.575 0.0000e+00
-1.125 -0.525 0.0000e+00
-1.125 -0.475 0.0000e+00
-1.125 -0.425 0.0000e+00
-1.125 -0.375 0.0000e+00
-1.125 -0.325 0.0000e+00
-1.125 -0.275 0.0000e+00
-1.125 -0.225 0.0000e+00
-1.125 -0.175 0.0000e+00
-1.125 -0.125 0.0000e+00
-1.125 -0.075 0.0000e+00
-1.125 -0.025 0.0000e+00
-1.125 0.025 0.0000e+00
-1.125 0.075 0.0000e+00
-1.125 0.125 0.0000e+00
-1.125 0.175 0.0000e+00
-1.125 0.225 0.0000e+00
-1.125 0.275 0.0000e+00
-1.125 0.325 0.0000e+00
-1.125 0.375 0.0000e+00
-1.125 0.425 0.0000e+00
-1.125 0.475 0.0000e+00
-1.125 0.525 0.0000e+00
-1.125 0.575 0.0000e+00
-1.125 0.625 0.0000e+00
-1.125 0.675 0.0000e+00
-1.125 0.725 0.0000e+00
-1.125 0.775 0.0000e+00
-1.125 0.825 0.0000e+00
-1.125 0.875 0.0000e+00
-1.125 0.925 1.1716e-05
-1.125 0.975 2.1940e-05
-1.125 1.025 4.0050e-05
-1.125 1.075 7.0809e-05
-1.125 1.125 1.2047e-04
-1.125 1.175 1.9595e-04
-1.125 1.225 3.0298e-04
-1.125 1.275 4.4326e-04
-1.125 1.325 6.1167e-04
-1.125 1.375 7.9502e-04
-1.125 1.425 9.7371e-04
-1.125 1.475 1.1261e-03
-1.125 1.525 1.2342e-03
-1.125 1.575 1.2876e-03
-1.125 1.625 1.2854e-03
-1.125 1.675 1.2345e-03
-1.125 1.725 1.1467e-03
-1.125 1.775 1.0353e-03
-1.125 1.825 9.1265e-04
-1.125 1.875 7.8879e-04
-1.125 1.925 6.7070e-04
-1.125 1.975 5.6273e-04
-1.125 2.025 4.6704e-04
-1.125 2.075 3.8423e-04
-1.125 2.125 3.1387e-04
-1.125 2.175 2.5494e-04
-1.125 2.225 2.0612e-04
-1.125 2.275 1.6605e-04
-1.125 2.325 1.3337e-04
-1.125 2.375 1.0687e-04
-1.125 2.425 8.5478e-05
-1.125 2.475 6.8265e-05
-1.125 2.525 5.4452e-05
-1.125 2.575 4.3391e-05
-1.125 2.625 3.4551e-05
-1.125 2.675 2.7494e-05
-1.125 2.725 2.1867e-05
-1.125 2.775 1.7384e-05
-1.125 2.825 1.3814e-05
-1.125 2.875 1.0975e-05
-1.125 2.925 8.7161e-06
-1.125 2.975 6.9206e-06
-1.125 3.025 5.4935e-06
-1.125 3.075 4.3596e-06
-1.125 3.125 3.4589e-06
-1.125 3.175 2.7435e-06
-1.125 3.225 2.1754e-06
-1.125 3.275 1.7243e-06
-1.125 3.325 1.3661e-06
-1.125 3.375 1.0819e-06
-1.125 3.425 8.5620e-07
-1.125 3.475 6.7707e-07
-1.125 3.525 5.3486e-07
-1.125 3.575 4.2191e-07
-1.125 3.625 3.3213e-07
-1.125 3.675 2.6061e-07
-1.125 3.725 0.0000e+00
-1.125 3.775 0.0000e+00
-1.125 3.825 0.0000e+00
-1.125 3.875 0.0000e+00
-1.125 3.925 0.0000e+00
-1.125 3.975 0.0000e+00
-1.075 -1.975 0.0000e+00
-1.075 -1.925 0.0000e+00
-1.075 -1.875 0.0000e+00
-1.075 -1.825 0.0000e+00
-1.075 -1.775 0.0000e+00
-1.075 -1.725 0.0000e+00
-1.075 -1.675 0.0000e+00
-1.075 -1.625 0.0000e+00
-1.075 -1.575 0.0000e+00
-1.075 -1.525 0.0000e+00
-1.075 -1.475 0.0000e+00
-1.075 -1.425 0.0000e+00
-1.075 -1.375 0.0000e+00
-1.075 -1.325 0.0000e+00
-1.075 -1.275 0.0000e+00
-1.075 -1.225 0.0000e+00
-1.075 -1.175 0.0000e+00
-1.075 -1.125 0.0000e+00
-1.075 -1.075 0.0000e+00
-1.075 -1.025 0.0000e+00
-1.075 -0.975 0.0000e+00
-1.075 -0.925 0.0000e+00
-1.075 -0.875 0.0000e+00
-1.075 -0.825 0.0000e+00
-1.075 -0.775 0.0000e+00
-1.075 -0.725 0.0000e+00
-1.075 -0.675 0.0000e+00
-1.075 -0.625 0.0000e+00
-1.075 -0.575 0.0000e+00
-1.075 -0.525 0.0000e+00
-1.075 -0.475 0.0000e+00
-1.075 -0.425 0.0000e+00
-1.075 -0.375 0.0000e+00
-1.075 -0.325 0.0000e+00
-1.075 -0.275 0.0000e+00
-1.075 -0.225 0.0000e+00
-1.075 -0.175 0.0000e+00
-1.075 -0.125 0.0000e+00
-1.075 -0.075 0.0000e+00
-1.075 -0.025 0.0000e+00
-1.075 0.025 0.0000e+00
-1.075 0.075 0.0000e+00
-1.075 0.125 0.0000e+00
-1.075 0.175 0.0000e+00
-1.075 0.225 0.0000e+00
-1.075 0.275 0.0000e+00
-1.075 0.325 0.0000e+00
-1.075 0.375 0.0000e+00
-1.075 0.425 0.0000e+00
-1.075 0.475 0.0000e+00
-1.075 0.525 0.0000e+00
-1.075 0.575 0.0000e+00
-1.075 0.625 0.0000e+00
-1.075 0.675 0.0000e+00
-1.075 0.725 0.0000e+00
-1.075 0.775 0.0000e+00
-1.075 0.825 0.0000e+00
-1.075 0.875 0.0000e+00
-1.075 0.925 1.3835e-05
-1.075 0.975 2.5254e-05
-1.075 1.025 4.4651e-05
-1.075 1.075 7.5968e-05
-1.075 1.125 1.2358e-04
-1.075 1.175 1.9110e-04
-1.075 1.225 2.7960e-04
-1.075 1.275 3.8588e-04
-1.075 1.325 5.0162e-04
-1.075 1.375 6.1445e-04
-1.075 1.425 7.1074e-04
-1.075 1.475 7.7905e-04
-1.075 1.525 8.1289e-04
-1.075 1.575 8.1160e-04
-1.075 1.625 7.7955e-04
-1.075 1.675 7.2416e-04
-1.075 1.725 6.5387e-04
-1.075 1.775 5.7649e-04
-1.075 1.825 4.9830e-04
-1.075 1.875 4.2373e-04
-1.075 1.925 3.5554e-04
-1.075 1.975 2.9510e-04
-1.075 2.025 2.4279e-04
-1.075 2.075 1.9834e-04
-1.075 2.125 1.6111e-04
-1.075 2.175 1.3027e-04
-1.075 2.225 1.0494e-04
-1.075 2.275 8.4295e-05
-1.075 2.325 6.7551e-05
-1.075 2.375 5.4031e-05
-1.075 2.425 4.3152e-05
-1.075 2.475 3.4422e-05
-1.075 2.525 2.7432e-05
-1.075 2.575 2.1844e-05
-1.075 2.625 1.7383e-05
-1.075 2.675 1.3826e-05
-1.075 2.725 1.0993e-05
-1.075 2.775 8.7365e-06
-1.075 2.825 6.9412e-06
-1.075 2.875 5.5133e-06
-1.075 2.925 4.3781e-06
-1.075 2.975 3.4758e-06
-1.075 3.025 2.7588e-06
-1.075 3.075 2.1892e-06
-1.075 3.125 1.7368e-06
-1.075 3.175 1.3775e-06
-1.075 3.225 1.0922e-06
-1.075 3.275 8.6572e-07
-1.075 3.325 6.8590e-07
-1.075 3.375 5.4316e-07
-1.075 3.425 4.2986e-07
-1.075 3.475 3.3993e-07
-1.075 3.525 2.6853e-07
-1.075 3.575 2.1182e-07
-1.075 3.625 1.6675e-07
-1.075 3.675 1.3084e-07
-1.075 3.725 0.0000e+00
-1.075 3.775 0.0000e+00
-1.075 3.825 0.0000e+00
-1.075 3.875 0.0000e+00
-1.075 3.925 0.0000e+00
-1.075 3.975 0.0000e+00
-1.025 -1.975 0.0000e+00
-1.025 -1.925 0.0000e+00
-1.025 -1.875 0.0000e+00
-1.025 -1.825 0.0000e+00
-1.025 -1.775 0.0000e+00
-1.025 -1.725 0.0000e+00
-1.025 -1.675 0.0000e+00
-1.025 -1.625 0.0000e+00
-1.025 -1.575 0.0000e+00
-1.025 -1.525 0.0000e+00
-1.025 -1.475 0.0000e+00
-1.025 -1.425 0.0000e+00
-1.025 -1.375 0.0000e+00
-1.025 -1.325 0.0000e+00
-1.025 -1.275 0.0000e+00
-1.025 -1.225 0.0000e+00
-1.025 -1.175 0.0000e+00
-1.025 -1.125 0.0000e+00
-1.025 -1.075 0.0000e+00
-1.025 -1.025 0.0000e+00
-1.025 -0.975 0.0000e+00
-1.025 -0.925 0.0000e+00
-1.025 -0.875 0.0000e+00
-1.025 -0.825 0.0000e+00
-1.025 -0.775 0.0000e+00
-1.025 -0.725 0.0000e+00
-1.025 -0.675 0.0000e+00
-1.025 -0.625 0.0000e+00
-1.025 -0.575 0.0000e+00
-1.025 -0.525 0.0000e+00
-1.025 -0.475 0.0000e+00
-1.025 -0.425 0.0000e+00
-1.025 -0.375 0.0000e+00
-1.025 -0.325 0.0000e+00
-1.025 -0.275 0.0000e+00
-1.025 -0.225 0.0000e+00
-1.025 -0.175 0.0000e+00
-1.025 -0.125 0.0000e+00
-1.025 -0.075 0.0000e+00
-1.025 -0.025 0.0000e+00
-1.025 0.025 0.0000e+00
-1.025 0.075 0.0000e+00
-1.025 0.125 0.0000e+00
-1.025 0.175 0.0000e+00
-1.025 0.225 0.0000e+00
-1.025 0.275 0.0000e+00
-1.025 0.325 0.0000e+00
-1.025 0.375 0.0000e+00
-1.025 0.425 0.0000e+00
-1.025 0.475 0.0000e+00
-1.025 0.525 0.0000e+00
-1.025 0.575 0.0000e+00
-1.025 0.625 0.0000e+00
-1.025 0.675 0.0000e+00
-1.025 0.725 0.0000e+00
-1.025 0.775 0.0000e+00
-1.025 0.825 0.0000e+00
-1.025 0.875 0.0000e+00
-1.025 0.925 1.5925e-05
-1.025 0.975 2.8159e-05
-1.025 1.025 4.7912e-05
-1.025 1.075 7.7947e-05
-1.025 1.125 1.2055e-04
-1.025 1.175 1.7641e-04
-1.025 1.225 2.4350e-04
-1.025 1.275 3.1658e-04
-1.025 1.325 3.8786e-04
-1.025 1.375 4.4871e-04
-1.025 1.425 4.9192e-04
-1.025 1.475 5.1337e-04
-1.025 1.525 5.1264e-04
-1.025 1.575 4.9246e-04
-1.025 1.625 4.5753e-04
-1.025 1.675 4.1317e-04
-1.025 1.725 3.6431e-04
-1.025 1.775 3.1492e-04
-1.025 1.825 2.6782e-04
-1.025 1.875 2.2474e-04
-1.025 1.925 1.8654e-04
-1.025 1.975 1.5349e-04
-1.025 2.025 1.2539e-04
-1.025 2.075 1.0186e-04
-1.025 2.125 8.2363e-05
-1.025 2.175 6.6355e-05
-1.025 2.225 5.3301e-05
-1.025 2.275 4.2715e-05
-1.025 2.325 3.4168e-05
-1.025 2.375 2.7289e-05
-1.025 2.425 2.1769e-05
-1.025 2.475 1.7349e-05
-1.025 2.525 1.3816e-05
-1.025 2.575 1.0995e-05
-1.025 2.625 8.7460e-06
-1.025 2.675 6.9539e-06
-1.025 2.725 5.5271e-06
-1.025 2.775 4.3917e-06
-1.025 2.825 3.4886e-06
-1.025 2.875 2.7706e-06
-1.025 2.925 2.1998e-06
-1.025 2.975 1.7463e-06
-1.025 3.025 1.3860e-06
-1.025 3.075 1.0998e-06
-1.025 3.125 8.7247e-07
-1.025 3.175 6.9196e-07
-1.025 3.225 5.4864e-07
-1.025 3.275 4.3485e-07
-1.025 3.325 3.4452e-07
-1.025 3.375 2.7282e-07
-1.025 3.425 2.1591e-07
-1.025 3.475 1.7073e-07
-1.025 3.525 1.3487e-07
-1.025 3.575 1.0639e-07
-1.025 3.625 8.3751e-08
-1.025 3.675 0.0000e+00
-1.025 3.725 0.0000e+00
-1.025 3.775 0.0000e+00
-1.025 3.825 0.0000e+00
-1.025 3.875 0.0000e+00
-1.025 3.925 0.0000e+00
-1.025 3.975 0.0000e+00
-0.975 -1.975 0.0000e+00
-0.975 -1.925 0.0000e+00
-0.975 -1.875 0.0000e+00
-0.975 -1.825 0.0000e+00
-0.975 -1.775 0.0000e+00
-0.975 -1.725 0.0000e+00
-0.975 -1.675 0.0000e+00
-0.975 -1.625 0.0000e+00
-0.975 -1.575 0.0000e+00
-0.975 -1.525 0.0000e+00
-0.975 -1.475 0.0000e+00
-0.975 -1.425 0.0000e+00
-0.975 -1.375 0.0000e+00
-0.975 -1.325 0.0000e+00
-0.975 -1.275 0.0000e+00
-0.975 -1.225 0.0000e+00
-0.975 -1.175 0.0000e+00
-0.975 -1.125 0.0000e+00
-0.975 -1.075 0.0000e+00
-0.975 -1.025 0.0000e+00
-0.975 -0.975 0.0000e+00
-0.975 -0.925 0.0000e+00
-0.975 -0.875 0.0000e+00
-0.975 -0.825 0.0000e+00
-0.975 -0.775 0.0000e+00
-0.975 -0.725 0.0000e+00
-0.975 -0.675 0.0000e+00
-0.975 -0.625 0.0000e+00
-0.975 -0.575 0.0000e+00
-0.975 -0.525 0.0000e+00
-0.975 -0.475 0.0000e+00
-0.975 -0.425 0.0000e+00
-0.975 -0.375 0.0000e+00
-0.975 -0.325 0.0000e+00
-0.975 -0.275 0.0000e+00
-0.975 -0.225 0.0000e+00
-0.975 -0.175 0.0000e+00
-0.975 -0.125 0.0000e+00
-0.975 -0.075 0.0000e+00
-0.975 -0.025 0.0000e+00
-0.975 0.025 0.0000e+00
-0.975 0.075 0.0000e+00
-0.975 0.125 0.0000e+00
-0.975 0.175 0.0000e+00
-0.975 0.225 0.0000e+00
-0.975 0.275 0.0000e+00
-0.975 0.325 0.0000e+00
-0.975 0.375 0.0000e+00
-0.975 0.425 0.0000e+00
-0.975 0.475 0.0000e+00
-0.975 0.525 0.0000e+00
-0.975 0.575 0.0000e+00
-0.975 0.625 0.0000e+00
-0.975 0.675 0.0000e+00
-0.975 0.725 0.0000e+00
-0.975 0.775 0.0000e+00
-0.975 0.825 0.0000e+00
-0.975 0.875 0.0000e+00
-0.975 0.925 1.7760e-05
-0.975 0.975 3.0221e-05
-0.975 1.025 4.9172e-05
-0.975 1.075 7.6059e-05
-0.975 1.125 1.1132e-04
-0.975 1.175 1.5369e-04
-0.975 1.225 1.9986e-04
-0.975 1.275 2.4491e-04
-0.975 1.325 2.8339e-04
-0.975 1.375 3.1075e-04
-0.975 1.425 3.2436e-04
-0.975 1.475 3.2395e-04
-0.975 1.525 3.1125e-04
-0.975 1.575 2.8921e-04
-0.975 1.625 2.6121e-04
-0.975 1.675 2.3034e-04
-0.975 1.725 1.9914e-04
-0.975 1.775 1.6937e-04
-0.975 1.825 1.4213e-04
-0.975 1.875 1.1799e-04
-0.975 1.925 9.7082e-05
-0.975 1.975 7.9317e-05
-0.975 2.025 6.4434e-05
-0.975 2.075 5.2103e-05
-0.975 2.125 4.1978e-05
-0.975 2.175 3.3722e-05
-0.975 2.225 2.7025e-05
-0.975 2.275 2.1618e-05
-0.975 2.325 1.7267e-05
-0.975 2.375 1.3775e-05
-0.975 2.425 1.0978e-05
-0.975 2.475 8.7430e-06
-0.975 2.525 6.9583e-06
-0.975 2.575 5.5352e-06
-0.975 2.625 4.4012e-06
-0.975 2.675 3.4984e-06
-0.975 2.725 2.7799e-06
-0.975 2.775 2.2085e-06
-0.975 2.825 1.7541e-06
-0.975 2.875 1.3929e-06
-0.975 2.925 1.1059e-06
-0.975 2.975 8.7781e-07
-0.975 3.025 6.9665e-07
-0.975 3.075 5.5277e-07
-0.975 3.125 4.3850e-07
-0.975 3.175 3.4777e-07
-0.975 3.225 2.7573e-07
-0.975 3.275 2.1854e-07
-0.975 3.325 1.7314e-07
-0.975 3.375 1.3711e-07
-0.975 3.425 1.0851e-07
-0.975 3.475 8.5803e-08
-0.975 3.525 6.7779e-08
-0.975 3.575 5.3466e-08
-0.975 3.625 4.2088e-08
-0.975 3.675 0.0000e+00
-0.975 3.725 0.0000e+00
-0.975 3.775 0.0000e+00
-0.975 3.825 0.0000e+00
-0.975 3.875 0.0000e+00
-0.975 3.925 0.0000e+00
-0.975 3.975 0.0000e+00
-0.925 -1.975 0.0000e+00
-0.925 -1.925 0.0000e+00
-0.925 -1.875 0.0000e+00
-0.925 -1.825 0.0000e+00
-0.925 -1.775 0.0000e+00
-0.925 -1.725 0.0000e+00
-0.925 -1.675 0.0000e+00
-0.925 -1.625 0.0000e+00
-0.925 -1.575 0.0000e+00
-0.925 -1.525 0.0000e+00
-0.925 -1.475 0.0000e+00
-0.925 -1.425 0.0000e+00
-0.925 -1.375 0.0000e+00
-0.925 -1.325 0.0000e+00
-0.925 -1.275 0.0000e+00
-0.925 -1.225 0.0000e+00
-0.925 -1.175 0.0000e+00
-0.925 -1.125 0.0000e+00
-0.925 -1.075 0.0000e+00
-0.925 -1.025 0.0000e+00
-0.925 -0.975 0.0000e+00
-0.925 -0.925 0.0000e+00
-0.925 -0.875 0.0000e+00
-0.925 -0.825 0.0000e+00
-0.925 -0.775 0.0000e+00
-0.925 -0.725 0.0000e+00
-0.925 -0.675 0.0000e+00
-0.925 -0.625 0.0000e+00
-0.925 -0.575 0.0000e+00
-0.925 -0.525 0.0000e+00
-0.925 -0.475 0.0000e+00
-0.925 -0.425 0.0000e+00
-0.925 -0.375 0.0000e+00
-0.925 -0.325 0.0000e+00
-0.925 -0.275 0.0000e+00
-0.925 -0.225 0.0000e+00
-0.925 -0.175 0.0000e+00
-0.925 -0.125 0.0000e+00
-0.925 -0.075 0.0000e+00
-0.925 -0.025 0.0000e+00
-0.925 0.025 0.0000e+00
-0.925 0.075 0.0000e+00
-0.925 0.125 0.0000e+00
-0.925 0.175 0.0000e+00
-0.925 0.225 0.0000e+00
-0.925 0.275 0.0000e+00
-0.925 0.325 0.0000e+00
-0.925 0.375 0.0000e+00
-0.925 0.425 0.0000e+00
-0.925 0.475 0.0000e+00
-0.925 0.525 0.0000e+00
-0.925 0.575 0.0000e+00
-0.925 0.625 0.0000e+00
-0.925 0.675 0.0000e+00
-0.925 0.725 0.0000e+00
-0.925 0.775 0.0000e+00
-0.925 0.825 0.0000e+00
-0.925 0.875 0.0000e+00
-0.925 0.925 1.9064e-05
-0.925 0.975 3.1025e-05
-0.925 1.025 4.7999e-05
-0.925 1.075 7.0269e-05
-0.925 1.125 9.7036e-05
-0.925 1.175 1.2622e-04
-0.925 1.225 1.5471e-04
-0.925 1.275 1.7907e-04
-0.925 1.325 1.9640e-04
-0.925 1.375 2.0505e-04
-0.925 1.425 2.0483e-04
-0.925 1.475 1.9684e-04
-0.925 1.525 1.8293e-04
-0.925 1.575 1.6524e-04
-0.925 1.625 1.4573e-04
-0.925 1.675 1.2600e-04
-0.925 1.725 1.0718e-04
-0.925 1.775 8.9949e-05
-0.925 1.825 7.4674e-05
-0.925 1.875 6.1448e-05
-0.925 1.925 5.0206e-05
-0.925 1.975 4.0787e-05
-0.925 2.025 3.2984e-05
-0.925 2.075 2.6575e-05
-0.925 2.125 2.1349e-05
-0.925 2.175 1.7110e-05
-0.925 2.225 1.3687e-05
-0.925 2.275 1.0933e-05
-0.925 2.325 8.7220e-06
-0.925 2.375 6.9517e-06
-0.925 2.425 5.5364e-06
-0.925 2.475 4.4065e-06
-0.925 2.525 3.5054e-06
-0.925 2.575 2.7874e-06
-0.925 2.625 2.2157e-06
-0.925 2.675 1.7608e-06
-0.925 2.725 1.3989e-06
-0.925 2.775 1.1112e-06
-0.925 2.825 8.8247e-07
-0.925 2.875 7.0070e-07
-0.925 2.925 5.5627e-07
-0.925 2.975 4.4153e-07
-0.925 3.025 3.5039e-07
-0.925 3.075 2.7802e-07
-0.925 3.125 2.2054e-07
-0.925 3.175 1.7490e-07
-0.925 3.225 1.3867e-07
-0.925 3.275 1.0991e-07
-0.925 3.325 8.7074e-08
-0.925 3.375 6.8952e-08
-0.925 3.425 5.4567e-08
-0.925 3.475 4.3150e-08
-0.925 3.525 3.4086e-08
-0.925 3.575 2.6888e-08
-0.925 3.625 2.1166e-08
-0.925 3.675 0.0000e+00
-0.925 3.725 0.0000e+00
-0.925 3.775 0.0000e+00
-0.925 3.825 0.0000e+00
-0.925 3.875 0.0000e+00
-0.925 3.925 0.0000e+00
-0.925 3.975 0.0000e+00
-0.875 -1.975 0.0000e+00
-0.875 -1.925 0.0000e+00
-0.875 -1.875 0.0000e+00
-0.875 -1.825 0.0000e+00
-0.875 -1.775 0.0000e+00
-0.875 -1.725 0.0000e+00
-0.875 -1.675 0.0000e+00
-0.875 -1.625 0.0000e+00
-0.875 -1.575 0.0000e+00
-0.875 -1.525 0.0000e+00
-0.875 -1.475 0.0000e+00
-0.875 -1.425 0.0000e+00
-0.875 -1.375 0.0000e+00
-0.875 -1.325 0.0000e+00
-0.875 -1.275 0.0000e+00
-0.875 -1.225 0.0000e+00
-0.875 -1.175 0.0000e+00
-0.875 -1.125 0.0000e+00
-0.875 -1.075 0.0000e+00
-0.875 -1.025 0.0000e+00
-0.875 -0.975 0.0000e+00
-0.875 -0.925 0.0000e+00
-0.875 -0.875 0.0000e+00
-0.875 -0.825 0.0000e+00
-0.875 -0.775 0.0000e+00
-0.875 -0.725 0.0000e+00
-0.875 -0.675 0.0000e+00
-0.875 -0.625 0.0000e+00
-0.875 -0.575 0.0000e+00
-0.875 -0.525 0.0000e+00
-0.875 -0.475 0.0000e+00
-0.875 -0.425 0.0000e+00
-0.875 -0.375 0.0000e+00
-0.875 -0.325 0.0000e+00
-0.875 -0.275 0.0000e+00
-0.875 -0.225 0.0000e+00
-0.875 -0.175 0.0000e+00
-0.875 -0.125 0.0000e+00
-0.875 -0.075 0.0000e+00
-0.875 -0.025 0.0000e+00
-0.875 0.025 0.0000e+00
-0.875 0.075 0.0000e+00
-0.875 0.125 0.0000e+00
-0.875 0.175 0.0000e+00
-0.875 0.225 0.0000e+00
-0.875 0.275 0.0000e+00
-0.875 0.325 0.0000e+00
-0.875 0.375 0.0000e+00
-0.875 0.425 0.0000e+00
-0.875 0.475 0.0000e+00
-0.875 0.525 0.0000e+00
-0.875 0.575 0.0000e+00
-0.875 0.625 0.0000e+00
-0.875 0.675 0.0000e+00
-0.875 0.725 0.0000e+00
-0.875 0.775 0.0000e+00
-0.875 0.825 0.0000e+00
-0.875 0.875 0.0000e+00
-0.875 0.925 1.9578e-05
-0.875 0.975 3.0298e-05
-0.875 1.025 4.4368e-05
-0.875 1.075 6.1289e-05
-0.875 1.125 7.9747e-05
-0.875 1.175 9.7779e-05
-0.875 1.225 1.1321e-04
-0.875 1.275 1.2420e-04
-0.875 1.325 1.2971e-04
-0.875 1.375 1.2960e-04
-0.875 1.425 1.2457e-04
-0.875 1.475 1.1579e-04
-0.875 1.525 1.0461e-04
-0.875 1.575 9.2278e-05
-0.875 1.625 7.9795e-05
-0.875 1.675 6.7879e-05
-0.875 1.725 5.6974e-05
-0.875 1.775 4.7302e-05
-0.875 1.825 3.8927e-05
-0.875 1.875 3.1807e-05
-0.875 1.925 2.5841e-05
-0.875 1.975 2.0898e-05
-0.875 2.025 1.6838e-05
-0.875 2.075 1.3528e-05
-0.875 2.125 1.0842e-05
-0.875 2.175 8.6734e-06
-0.875 2.225 6.9282e-06
-0.875 2.275 5.5274e-06
-0.875 2.325 4.4056e-06
-0.875 2.375 3.5088e-06
-0.875 2.425 2.7928e-06
-0.875 2.475 2.2218e-06
-0.875 2.525 1.7668e-06
-0.875 2.575 1.4045e-06
-0.875 2.625 1.1162e-06
-0.875 2.675 8.8688e-07
-0.875 2.725 7.0451e-07
-0.875 2.775 5.5954e-07
-0.875 2.825 4.4432e-07
-0.875 2.875 3.5278e-07
-0.875 2.925 2.8004e-07
-0.875 2.975 2.2227e-07
-0.875 3.025 1.7639e-07
-0.875 3.075 1.3995e-07
-0.875 3.125 1.1101e-07
-0.875 3.175 8.8039e-08
-0.875 3.225 6.9800e-08
-0.875 3.275 5.5321e-08
-0.875 3.325 4.3829e-08
-0.875 3.375 3.4706e-08
-0.875 3.425 2.7466e-08
-0.875 3.475 2.1719e-08
-0.875 3.525 1.7157e-08
-0.875 3.575 1.3534e-08
-0.875 3.625 0.0000e+00
-0.875 3.675 0.0000e+00
-0.875 3.725 0.0000e+00
-0.875 3.775 0.0000e+00
-0.875 3.825 0.0000e+00
-0.875 3.875 0.0000e+00
-0.875 3.925 0.0000e+00
-0.875 3.975 0.0000e+00
-0.825 -1.975 0.0000e+00
-0.825 -1.925 0.0000e+00
-0.825 -1.875 0.0000e+00
-0.825 -1.825 0.0000e+00
-0.825 -1.775 0.0000e+00
-0.825 -1.725 0.0000e+00
-0.825 -1.675 0.0000e+00
-0.825 -1.625 0.0000e+00
-0.825 -1.575 0.0000e+00
-0.825 -1.525 0.0000e+00
-0.825 -1.475 0.0000e+00
-0.825 -1.425 0.0000e+00
-0.825 -1.375 0.0000e+00
-0.825 -1.325 0.0000e+00
-0.825 -1.275 0.0000e+00
-0.825 -1.225 0.0000e+00
-0.825 -1.175 0.0000e+00
-0.825 -1.125 0.0000e+00
-0.825 -1.075 0.0000e+00
-0.825 -1.025 0.0000e+00
-0.825 -0.975 0.0000e+00
-0.825 -0.925 0.0000e+00
-0.825 -0.875 0.0000e+00
-0.825 -0.825 0.0000e+00
-0.825 -0.775 0.0000e+00
-0.825 -0.725 0.0000e+00
-0.825 -0.675 0.0000e+00
-0.825 -0.625 0.0000e+00
-0.825 -0.575 0.0000e+00
-0.825 -0.525 0.0000e+00
-0.825 -0.475 0.0000e+00
-0.825 -0.425 0.0000e+00
-0.825 -0.375 0.0000e+00
-0.825 -0.325 0.0000e+00
-0.825 -0.275 0.0000e+00
-0.825 -0.225 0.0000e+00
-0.825 -0.175 0.0000e+00
-0.825 -0.125 0.0000e+00
-0.825 -0.075 0.0000e+00
-0.825 -0.025 0.0000e+00
-0.825 0.025 0.0000e+00
-0.825 0.075 0.0000e+00
-0.825 0.125 0.0000e+00
-0.825 0.175 0.0000e+00
-0.825 0.225 0.0000e+00
-0.825 0.275 0.0000e+00
-0.825 0.325 0.0000e+00
-0.825 0.375 0.0000e+00
-0.825 0.425 0.0000e+00
-0.825 0.475 0.0000e+00
-0.825 0.525 0.0000e+00
-0.825 0.575 0.0000e+00
-0.825 0.625 0.0000e+00
-0.825 0.675 0.0000e+00
-0.825 0.725 0.0000e+00
-0.825 0.775 0.0000e+00
-0.825 0.825 0.0000e+00
-0.825 0.875 0.0000e+00
-0.825 0.925 1.9130e-05
-0.825 0.975 2.8025e-05
-0.825 1.025 3.8727e-05
-0.825 1.075 5.0411e-05
-0.825 1.125 6.1834e-05
-0.825 1.175 7.1619e-05
-0.825 1.225 7.8603e-05
-0.825 1.275 8.2115e-05
-0.825 1.325 8.2074e-05
-0.825 1.375 7.8909e-05
-0.825 1.425 7.3366e-05
-0.825 1.475 6.6295e-05
-0.825 1.525 5.8488e-05
-0.825 1.575 5.0583e-05
-0.825 1.625 4.3035e-05
-0.825 1.675 3.6125e-05
-0.825 1.725 2.9995e-05
-0.825 1.775 2.4686e-05
-0.825 1.825 2.0173e-05
-0.825 1.875 1.6390e-05
-0.825 1.925 1.3255e-05
-0.825 1.975 1.0681e-05
-0.825 2.025 8.5810e-06
-0.825 2.075 6.8777e-06
-0.825 2.125 5.5022e-06
-0.825 2.175 4.3952e-06
-0.825 2.225 3.5067e-06
-0.825 2.275 2.7951e-06
-0.825 2.325 2.2262e-06
-0.825 2.375 1.7720e-06
-0.825 2.425 1.4098e-06
-0.825 2.475 1.1211e-06
-0.825 2.525 8.9126e-07
-0.825 2.575 7.0835e-07
-0.825 2.625 5.6284e-07
-0.825 2.675 4.4713e-07
-0.825 2.725 3.5515e-07
-0.825 2.775 2.8204e-07
-0.825 2.825 2.2395e-07
-0.825 2.875 1.7780e-07
-0.825 2.925 1.4113e-07
-0.825 2.975 1.1201e-07
-0.825 3.025 8.8888e-08
-0.825 3.075 7.0524e-08
-0.825 3.125 5.5942e-08
-0.825 3.175 4.4364e-08
-0.825 3.225 3.5173e-08
-0.825 3.275 2.7877e-08
-0.825 3.325 2.2085e-08
-0.825 3.375 1.7488e-08
-0.825 3.425 1.3840e-08
-0.825 3.475 1.0944e-08
-0.825 3.525 8.6452e-09
-0.825 3.575 6.8195e-09
-0.825 3.625 0.0000e+00
-0.825 3.675 0.0000e+00
-0.825 3.725 0.0000e+00
-0.825 3.775 0.0000e+00
-0.825 3.825 0.0000e+00
-0.825 3.875 0.0000e+00
-0.825 3.925 0.0000e+00
-0.825 3.975 0.0000e+00
-0.775 -1.975 0.0000e+00
-0.775 -1.925 0.0000e+00
-0.775 -1.875 0.0000e+00
-0.775 -1.825 0.0000e+00
-0.775 -1.775 0.0000e+00
-0.775 -1.725 0.0000e+00
-0.775 -1.675 0.0000e+00
-0.775 -1.625 0.0000e+00
-0.775 -1.575 0.0000e+00
-0.775 -1.525 0.0000e+00
-0.775 -1.475 0.0000e+00
-0.775 -1.425 0.0000e+00
-0.775 -1.375 0.0000e+00
-0.775 -1.325 0.0000e+00
-0.775 -1.275 0.0000e+00
-0.775 -1.225 0.0000e+00
-0.775 -1.175 0.0000e+00
-0.775 -1.125 0.0000e+00
-0.775 -1.075 0.0000e+00
-0.775 -1.025 0.0000e+00
-0.775 -0.975 0.0000e+00
-0.775 -0.925 0.0000e+00
-0.775 -0.875 0.0000e+00
-0.775 -0.825 0.0000e+00
-0.775 -0.775 0.0000e+00
-0.775 -0.725 0.0000e+00
-0.775 -0.675 0.0000e+00
-0.775 -0.625 0.0000e+00
-0.775 -0.575 0.0000e+00
-0.775 -0.525 0.0000e+00
-0.775 -0.475 0.0000e+00
-0.775 -0.425 0.0000e+00
-0.775 -0.375 0.0000e+00
-0.775 -0.325 0.0000e+00
-0.775 -0.275 0.0000e+00
-0.775 -0.225 0.0000e+00
-0.775 -0.175 0.0000e+00
-0.775 -0.125 0.0000e+00
-0.775 -0.075 0.0000e+00
-0.775 -0.025 0.0000e+00
-0.775 0.025 0.0000e+00
-0.775 0.075 0.0000e+00
-0.775 0.125 0.0000e+00
-0.775 0.175 0.0000e+00
-0.775 0.225 0.0000e+00
-0.775 0.275 0.0000e+00
-0.775 0.325 0.0000e+00
-0.775 0.375 0.0000e+00
-0.775 0.425 0.0000e+00
-0.775 0.475 0.0000e+00
-0.775 0.525 0.0000e+00
-0.775 0.575 0.0000e+00
-0.775 0.625 0.0000e+00
-0.775 0.675 0.0000e+00
-0.775 0.725 0.0000e+00
-0.775 0.775 0.0000e+00
-0.775 0.825 0.0000e+00
-0.775 0.875 0.0000e+00
-0.775 0.925 1.7709e-05
-0.775 0.975 2.4484e-05
-0.775 1.025 3.1887e-05
-0.775 1.075 3.9132e-05
-0.775 1.125 4.5347e-05
-0.775 1.175 4.9791e-05
-0.775 1.225 5.2037e-05
-0.775 1.275 5.2030e-05
-0.775 1.325 5.0041e-05
-0.775 1.375 4.6539e-05
-0.775 1.425 4.2064e-05
-0.775 1.475 3.7118e-05
-0.775 1.525 3.2107e-05
-0.775 1.575 2.7320e-05
-0.775 1.625 2.2936e-05
-0.775 1.675 1.9046e-05
-0.775 1.725 1.5676e-05
-0.775 1.775 1.2811e-05
-0.775 1.825 1.0409e-05
-0.775 1.875 8.4191e-06
-0.775 1.925 6.7842e-06
-0.775 1.975 5.4507e-06
-0.775 2.025 4.3689e-06
-0.775 2.075 3.4953e-06
-0.775 2.125 2.7921e-06
-0.775 2.175 2.2278e-06
-0.775 2.225 1.7758e-06
-0.775 2.275 1.4144e-06
-0.775 2.325 1.1258e-06
-0.775 2.375 8.9572e-07
-0.775 2.425 7.1235e-07
-0.775 2.475 5.6633e-07
-0.775 2.525 4.5012e-07
-0.775 2.575 3.5767e-07
-0.775 2.625 2.8416e-07
-0.775 2.675 2.2572e-07
-0.775 2.725 1.7927e-07
-0.775 2.775 1.4235e-07
-0.775 2.825 1.1303e-07
-0.775 2.875 8.9730e-08
-0.775 2.925 7.1225e-08
-0.775 2.975 5.6528e-08
-0.775 3.025 4.4856e-08
-0.775 3.075 3.5588e-08
-0.775 3.125 2.8229e-08
-0.775 3.175 2.2387e-08
-0.775 3.225 1.7749e-08
-0.775 3.275 1.4067e-08
-0.775 3.325 1.1144e-08
-0.775 3.375 8.8247e-09
-0.775 3.425 6.9836e-09
-0.775 3.475 5.5224e-09
-0.775 3.525 4.3623e-09
-0.775 3.575 0.0000e+00
-0.775 3.625 0.0000e+00
-0.775 3.675 0.0000e+00
-0.775 3.725 0.0000e+00
-0.775 3.775 0.0000e+00
-0.775 3.825 0.0000e+00
-0.775 3.875 0.0000e+00
-0.775 3.925 0.0000e+00
-0.775 3.975 0.0000e+00
-0.725 -1.975 0.0000e+00
-0.725 -1.925 0.0000e+00
-0.725 -1.875 0.0000e+00
-0.725 -1.825 0.0000e+00
-0.725 -1.775 0.0000e+00
-0.725 -1.725 0.0000e+00
-0.725 -1.675 0.0000e+00
-0.725 -1.625 0.0000e+00
-0.725 -1.575 0.0000e+00
-0.725 -1.525 0.0000e+00
-0.725 -1.475 0.0000e+00
-0.725 -1.425 0.0000e+00
-0.725 -1.375 0.0000e+00
-0.725 -1.325 0.0000e+00
-0.725 -1.275 0.0000e+00
-0.725 -1.225 0.0000e+00
-0.725 -1.175 0.0000e+00
-0.725 -1.125 0.0000e+00
-0.725 -1.075 0.0000e+00
-0.725 -1.025 0.0000e+00
-0.725 -0.975 0.0000e+00
-0.725 -0.925 0.0000e+00
-0.725 -0.875 0.0000e+00
-0.725 -0.825 0.0000e+00
-0.725 -0.775 0.0000e+00
-0.725 -0.725 0.0000e+00
-0.725 -0.675 0.0000e+00
-0.725 -0.625 0.0000e+00
-0.725 -0.575 0.0000e+00
-0.725 -0.525 0.0000e+00
-0.725 -0.475 0.0000e+00
-0.725 -0.425 0.0000e+00
-0.725 -0.375 0.0000e+00
-0.725 -0.325 0.0000e+00
-0.725 -0.275 0.0000e+00
-0.725 -0.225 0.0000e+00
-0.725 -0.175 0.0000e+00
-0.725 -0.125 0.0000e+00
-0.725 -0.075 0.0000e+00
-0.725 -0.025 0.0000e+00
-0.725 0.025 0.0000e+00
-0.725 0.075 0.0000e+00
-0.725 0.125 0.0000e+00
-0.725 0.175 0.0000e+00
-0.725 0.225 0.0000e+00
-0.725 0.275 0.0000e+00
-0.725 0.325 0.0000e+00
-0.725 0.375 0.0000e+00
-0.725 0.425 0.0000e+00
-0.725 0.475 0.0000e+00
-0.725 0.525 0.0000e+00
-0.725 0.575 0.0000e+00
-0.725 0.625 0.0000e+00
-0.725 0.675 0.0000e+00
-0.725 0.725 0.0000e+00
-0.725 0.775 0.0000e+00
-0.725 0.825 0.0000e+00
-0.725 0.875 0.0000e+00
-0.725 0.925 1.5489e-05
-0.725 0.975 2.0185e-05
-0.725 1.025 2.4788e-05
-0.725 1.075 2.8741e-05
-0.725 1.125 3.1576e-05
-0.725 1.175 3.3017e-05
-0.725 1.225 3.3028e-05
-0.725 1.275 3.1778e-05
-0.725 1.325 2.9564e-05
-0.725 1.375 2.6730e-05
-0.725 1.425 2.3593e-05
-0.725 1.475 2.0412e-05
-0.725 1.525 1.7372e-05
-0.725 1.575 1.4586e-05
-0.725 1.625 1.2114e-05
-0.725 1.675 9.9719e-06
-0.725 1.725 8.1499e-06
-0.725 1.775 6.6225e-06
-0.725 1.825 5.3566e-06
-0.725 1.875 4.3166e-06
-0.725 1.925 3.4683e-06
-0.725 1.975 2.7801e-06
-0.725 2.025 2.2242e-06
-0.725 2.075 1.7769e-06
-0.725 2.125 1.4177e-06
-0.725 2.175 1.1301e-06
-0.725 2.225 9.0016e-07
-0.725 2.275 7.1655e-07
-0.725 2.325 5.7010e-07
-0.725 2.375 4.5341e-07
-0.725 2.425 3.6048e-07
-0.725 2.475 2.8652e-07
-0.725 2.525 2.2769e-07
-0.725 2.575 1.8090e-07
-0.725 2.625 1.4370e-07
-0.725 2.675 1.1413e-07
-0.725 2.725 9.0640e-08
-0.725 2.775 7.1973e-08
-0.725 2.825 5.7143e-08
-0.725 2.875 4.5363e-08
-0.725 2.925 3.6007e-08
-0.725 2.975 2.8576e-08
-0.725 3.025 2.2675e-08
-0.725 3.075 1.7990e-08
-0.725 3.125 1.4270e-08
-0.725 3.175 1.1316e-08
-0.725 3.225 8.9718e-09
-0.725 3.275 7.1106e-09
-0.725 3.325 5.6333e-09
-0.725 3.375 4.4608e-09
-0.725 3.425 3.5301e-09
-0.725 3.475 2.7915e-09
-0.725 3.525 2.2051e-09
-0.725 3.575 0.0000e+00
-0.725 3.625 0.0000e+00
-0.725 3.675 0.0000e+00
-0.725 3.725 0.0000e+00
-0.725 3.775 0.0000e+00
-0.725 3.825 0.0000e+00
-0.725 3.875 0.0000e+00
-0.725 3.925 0.0000e+00
-0.725 3.975 0.0000e+00
-0.675 -1.975 0.0000e+00
-0.675 -1.925 0.0000e+00
-0.675 -1.875 0.0000e+00
-0.675 -1.825 0.0000e+00
-0.675 -1.775 0.0000e+00
-0.675 -1.725 0.0000e+00
-0.675 -1.675 0.0000e+00
-0.675 -1.625 0.0000e+00
-0.675 -1.575 0.0000e+00
-0.675 -1.525 0.0000e+00
-0.675 -1.475 0.0000e+00
-0.675 -1.425 0.0000e+00
-0.675 -1.375 0.0000e+00
-0.675 -1.325 0.0000e+00
-0.675 -1.275 0.0000e+00
-0.675 -1.225 0.0000e+00
-0.675 -1.175 0.0000e+00
-0.675 -1.125 0.0000e+00
-0.675 -1.075 0.0000e+00
-0.675 -1.025 0.0000e+00
-0.675 -0.975 0.0000e+00
-0.675 -0.925 0.0000e+00
-0.675 -0.875 0.0000e+00
-0.675 -0.825 0.0000e+00
-0.675 -0.775 0.0000e+00
-0.675 -0.725 0.0000e+00
-0.675 -0.675 0.0000e+00
-0.675 -0.625 0.0000e+00
-0.675 -0.575 0.0000e+00
-0.675 -0.525 0.0000e+00
-0.675 -0.475 0.0000e+00
-0.675 -0.425 0.0000e+00
-0.675 -0.375 0.0000e+00
-0.675 -0.325 0.0000e+00
-0.675 -0.275 0.0000e+00
-0.675 -0.225 0.0000e+00
-0.675 -0.175 0.0000e+00
-0.675 -0.125 0.0000e+00
-0.675 -0.075 0.0000e+00
-0.675 -0.025 0.0000e+00
-0.675 0.025 0.0000e+00
-0.675 0.075 0.0000e+00
-0.675 0.125 0.0000e+00
-0.675 0.175 0.0000e+00
-0.675 0.225 0.0000e+00
-0.675 0.275 0.0000e+00
-0.675 0.325 0.0000e+00
-0.675 0.375 0.0000e+00
-0.675 0.425 0.0000e+00
-0.675 0.475 0.0000e+00
-0.675 0.525 0.0000e+00
-0.675 0.575 0.0000e+00
-0.675 0.625 0.0000e+00
-0.675 0.675 0.0000e+00
-0.675 0.725 0.0000e+00
-0.675 0.775 0.0000e+00
-0.675 0.825 0.0000e+00
-0.675 0.875 0.0000e+00
-0.675 0.925 0.0000e+00
-0.675 0.975 0.0000e+00
-0.675 1.025 0.0000e+00
-0.675 1.075 0.0000e+00
-0.675 1.125 0.0000e+00
-0.675 1.175 0.0000e+00
-0.675 1.225 0.0000e+00
-0.675 1.275 0.0000e+00
-0.675 1.325 0.0000e+00
-0.675 1.375 0.0000e+00
-0.675 1.425 0.0000e+00
-0.675 1.475 0.0000e+00
-0.675 1.525 0.0000e+00
-0.675 1.575 0.0000e+00
-0.675 1.625 0.0000e+00
-0.675 1.675 0.0000e+00
-0.675 1.725 0.0000e+00
-0.675 1.775 0.0000e+00
-0.675 1.825 0.0000e+00
-0.675 1.875 0.0000e+00
-0.675 1.925 0.0000e+00
-0.675 1.975 0.0000e+00
-0.675 2.025 0.0000e+00
-0.675 2.075 0.0000e+00
-0.675 2.125 0.0000e+00
-0.675 2.175 0.0000e+00
-0.675 2.225 0.0000e+00
-0.675 2.275 0.0000e+00
-0.675 2.325 0.0000e+00
-0.675 2.375 0.0000e+00
-0.675 2.425 0.0000e+00
-0.675 2.475 0.0000e+00
-0.675 2.525 0.0000e+00
-0.675 2.575 0.0000e+00
-0.675 2.625 0.0000e+00
-0.675 2.675 0.0000e+00
-0.675 2.725 0.0000e+00
-0.675 2.775 0.0000e+00
-0.675 2.825 0.0000e+00
-0.675 2.875 0.0000e+00
-0.675 2.925 0.0000e+00
-0.675 2.975 0.0000e+00
-0.675 3.025 0.0000e+00
-0.675 3.075 0.0000e+00
-0.675 3.125 0.0000e+00
-0.675 3.175 0.0000e+00
-0.675 3.225 0.0000e+00
-0.675 3.275 0.0000e+00
-0.675 3.325 0.0000e+00
-0.675 3.375 0.0000e+00
-0.675 3.425 0.0000e+00
-0.675 3.475 0.0000e+00
-0.675 3.525 0.0000e+00
-0.675 3.575 0.0000e+00
-0.675 3.625 0.0000e+00
-0.675 3.675 0.0000e+00
-0.675 3.725 0.0000e+00
-0.675 3.775 0.0000e+00
-0.675 3.825 0.0000e+00
-0.675 3.875 0.0000e+00
-0.675 3.925 0.0000e+00
-0.675 3.975 0.0000e+00
-0.625 -1.975 0.0000e+00
-0.625 -1.925 0.0000e+00
-0.625 -1.875 0.0000e+00
-0.625 -1.825 0.0000e+00
-0.625 -1.775 0.0000e+00
-0.625 -1.725 0.0000e+00
-0.625 -1.675 0.0000e+00
-0.625 -1.625 0.0000e+00
-0.625 -1.575 0.0000e+00
-0.625 -1.525 0.0000e+00
-0.625 -1.475 0.0000e+00
-0.625 -1.425 0.0000e+00
-0.625 -1.375 0.0000e+00
-0.625 -1.325 0.0000e+00
-0.625 -1.275 0.0000e+00
-0.625 -1.225 0.0000e+00
-0.625 -1.175 0.0000e+00
-0.625 -1.125 0.0000e+00
-0.625 -1.075 0.0000e+00
-0.625 -1.025 0.0000e+00
-0.625 -0.975 0.0000e+00
-0.625 -0.925 0.0000e+00
-0.625 -0.875 0.0000e+00
-0.625 -0.825 0.0000e+00
-0.625 -0.775 0.0000e+00
-0.625 -0.725 0.0000e+00
-0.625 -0.675 0.0000e+00
-0.625 -0.625 0.0000e+00
-0.625 -0.575 0.0000e+00
-0.625 -0.525 0.0000e+00
-0.625 -0.475 0.0000e+00
-0.625 -0.425 0.0000e+00
-0.625 -0.375 0.0000e+00
-0.625 -0.325 0.0000e+00
-0.625 -0.275 0.0000e+00
-0.625 -0.225 0.0000e+00
-0.625 -0.175 0.0000e+00
-0.625 -0.125 0.0000e+00
-0.625 -0.075 0.0000e+00
-0.625 -0.025 0.0000e+00
-0.625 0.025 0.0000e+00
-0.625 0.075 0.0000e+00
-0.625 0.125 0.0000e+00
-0.625 0.175 0.0000e+00
-0.625 0.225 0.0000e+00
-0.625 0.275 0.0000e+00
-0.625 0.325 0.0000e+00
-0.625 0.375 0.0000e+00
-0.625 0.425 0.0000e+00
-0.625 0.475 0.0000e+00
-0.625 0.525 0.0000e+00
-0.625 0.575 0.0000e+00
-0.625 0.625 0.0000e+00
-0.625 0.675 0.0000e+00
-0.625 0.725 0.0000e+00
-0.625 0.775 0.0000e+00
-0.625 0.825 0.0000e+00
-0.625 0.875 0.0000e+00
-0.625 0.925 0.0000e+00
-0.625 0.975 0.0000e+00
-0.625 1.025 0.0000e+00
-0.625 1.075 0.0000e+00
-0.625 1.125 0.0000e+00
-0.625 1.175 0.0000e+00
-0.625 1.225 0.0000e+00
-0.625 1.275 0.0000e+00
-0.625 1.325 0.0000e+00
-0.625 1.375 0.0000e+00
-0.625 1.425 0.0000e+00
-0.625 1.475 0.0000e+00
-0.625 1.525 0.0000e+00
-0.625 1.575 0.0000e+00
-0.625 1.625 0.0000e+00
-0.625 1.675 0.0000e+00
-0.625 1.725 0.0000e+00
-0.625 1.775 0.0000e+00
-0.625 1.825 0.0000e+00
-0.625 1.875 0.0000e+00
-0.625 1.925 0.0000e+00
-0.625 1.975 0.0000e+00
-0.625 2.025 0.0000e+00
-0.625 2.075 0.0000e+00
-0.625 2.125 0.0000e+00
-0.625 2.175 0.0000e+00
-0.625 2.225 0.0000e+00
-0.625 2.275 0.0000e+00
-0.625 2.325 0.0000e+00
-0.625 2.375 0.0000e+00
-0.625 2.425 0.0000e+00
-0.625 2.475 0.0000e+00
-0.625 2.525 0.0000e+00
-0.625 2.575 0.0000e+00
-0.625 2.625 0.0000e+00
-0.625 2.675 0.0000e+00
-0.625 2.725 0.0000e+00
-0.625 2.775 0.0000e+00
-0.625 2.825 0.0000e+00
-0.625 2.875 0.0000e+00
-0.625 2.925 0.0000e+00
-0.625 2.975 0.0000e+00
-0.625 3.025 0.0000e+00
-0.625 3.075 0.0000e+00
-0.625 3.125 0.0000e+00
-0.625 3.175 0.0000e+00
-0.625 3.225 0.0000e+00
-0.625 3.275 0.0000e+00
-0.625 3.325 0.0000e+00
-0.625 3.375 0.0000e+00
-0.625 3.425 0.0000e+00
-0.625 3.475 0.0000e+00
-0.625 3.525 0.0000e+00
-0.625 3.575 0.0000e+00
-0.625 3.625 0.0000e+00
-0.625 3.675 0.0000e+00
-0.625 3.725 0.0000e+00
-0.625 3.775 0.0000e+00
-0.625 3.825 0.0000e+00
-0.625 3.875 0.0000e+00
-0.625 3.925 0.0000e+00
-0.625 3.975 0.0000e+00
-0.575 -1.975 0.0000e+00
-0.575 -1.925 0.0000e+00
-0.575 -1.875 0.0000e+00
-0.575 -1.825 0.0000e+00
-0.575 -1.775 0.0000e+00
-0.575 -1.725 0.0000e+00
-0.575 -1.675 0.0000e+00
-0.575 -1.625 0.0000e+00
-0.575 -1.575 0.0000e+00
-0.575 -1.525 0.0000e+00
-0.575 -1.475 0.0000e+00
-0.575 -1.425 0.0000e+00
-0.575 -1.375 0.0000e+00
-0.575 -1.325 0.0000e+00
-0.575 -1.275 0.0000e+00
-0.575 -1.225 0.0000e+00
-0.575 -1.175 0.0000e+00
-0.575 -1.125 0.0000e+00
-0.575 -1.075 0.0000e+00
-0.575 -1.025 0.0000e+00
-0.575 -0.975 0.0000e+00
-0.575 -0.925 0.0000e+00
-0.575 -0.875 0.0000e+00
-0.575 -0.825 0.0000e+00
-0.575 -0.775 0.0000e+00
-0.575 -0.725 0.0000e+00
-0.575 -0.675 0.0000e+00
-0.575 -0.625 0.0000e+00
-0.575 -0.575 0.0000e+00
-0.575 -0.525 0.0000e+00
-0.575 -0.475 0.0000e+00
-0.575 -0.425 0.0000e+00
-0.575 -0.375 0.0000e+00
-0.575 -0.325 0.0000e+00
-0.575 -0.275 0.0000e+00
-0.575 -0.225 0.0000e+00
-0.575 -0.175 0.0000e+00
-0.575 -0.125 0.0000e+00
-0.575 -0.075 0.0000e+00
-0.575 -0.025 0.0000e+00
-0.575 0.025 0.0000e+00
-0.575 0.075 0.0000e+00
-0.575 0.125 0.0000e+00
-0.575 0.175 0.0000e+00
-0.575 0.225 0.0000e+00
-0.575 0.275 0.0000e+00
-0.575 0.325 0.0000e+00
-0.575 0.375 0.0000e+00
-0.575 0.425 0.0000e+00
-0.575 0.475 0.0000e+00
-0.575 0.525 0.0000e+00
-0.575 0.575 0.0000e+00
-0.575 0.625 0.0000e+00
-0.575 0.675 0.0000e+00
-0.575 0.725 0.0000e+00
-0.575 0.775 0.0000e+00
-0.575 0.825 0.0000e+00
-0.575 0.875 0.0000e+00
-0.575 0.925 0.0000e+00
-0.575 0.975 0.0000e+00
-0.575 1.025 0.0000e+00
-0.575 1.075 0.0000e+00
-0.575 1.125 0.0000e+00
-0.575 1.175 0.0000e+00
-0.575 1.225 0.0000e+00
-0.575 1.275 0.0000e+00
-0.575 1.325 0.0000e+00
-0.575 1.375 0.0000e+00
-0.575 1.425 0.0000e+00
-0.575 1.475 0.0000e+00
-0.575 1.525 0.0000e+00
-0.575 1.575 0.0000e+00
-0.575 1.625 0.0000e+00
-0.575 1.675 0.0000e+00
-0.575 1.725 0.0000e+00
-0.575 1.775 0.0000e+00
-0.575 1.825 0.0000e+00
-0.575 1.875 0.0000e+00
-0.575 1.925 0.0000e+00
-0.575 1.975 0.0000e+00
-0.575 2.025 0.0000e+00
-0.575 2.075 0.0000e+00
-0.575 2.125 0.0000e+00
-0.575 2.175 0.0000e+00
-0.575 2.225 0.0000e+00
-0.575 2.275 0.0000e+00
-0.575 2.325 0.0000e+00
-0.575 2.375 0.0000e+00
-0.575 2.425 0.0000e+00
-0.575 2.475 0.0000e+00
-0.575 2.525 0.0000e+00
-0.575 2.575 0.0000e+00
-0.575 2.625 0.0000e+00
-0.575 2.675 0.0000e+00
-0.575 2.725 0.0000e+00
-0.575 2.775 0.0000e+00
-0.575 2.825 0.0000e+00
-0.575 2.875 0.0000e+00
-0.575 2.925 0.0000e+00
-0.575 2.975 0.0000e+00
-0.575 3.025 0.0000e+00
-0.575 3.075 0.0000e+00
-0.575 3.125 0.0000e+00
-0.575 3.175 0.0000e+00
-0.575 3.225 0.0000e+00
-0.575 3.275 0.0000e+00
-0.575 3.325 0.0000e+00
-0.575 3.375 0.0000e+00
-0.575 3.425 0.0000e+00
-0.575 3.475 0.0000e+00
-0.575 3.525 0.0000e+00
-0.575 3.575 0.0000e+00
-0.575 3.625 0.0000e+00
-0.575 3.675 0.0000e+00
-0.575 3.725 0.0000e+00
-0.575 3.775 0.0000e+00
-0.575 3.825 0.0000e+00
-0.575 3.875 0.0000e+00
-0.575 3.925 0.0000e+00
-0.575 3.975 0.0000e+00
-0.525 -1.975 0.0000e+00
-0.525 -1.925 0.0000e+00
-0.525 -1.875 0.0000e+00
-0.525 -1.825 0.0000e+00
-0.525 -1.775 0.0000e+00
-0.525 -1.725 0.0000e+00
-0.525 -1.675 0.0000e+00
-0.525 -1.625 0.0000e+00
-0.525 -1.575 0.0000e+00
-0.525 -1.525 0.0000e+00
-0.525 -1.475 0.0000e+00
-0.525 -1.425 0.0000e+00
-0.525 -1.375 0.0000e+00
-0.525 -1.325 0.0000e+00
-0.525 -1.275 0.0000e+00
-0.525 -1.225 0.0000e+00
-0.525 -1.175 0.0000e+00
-0.525 -1.125 0.0000e+00
-0.525 -1.075 0.0000e+00
-0.525 -1.025 0.0000e+00
-0.525 -0.975 0.0000e+00
-0.525 -0.925 0.0000e+00
-0.525 -0.875 0.0000e+00
-0.525 -0.825 0.0000e+00
-0.525 -0.775 0.0000e+00
-0.525 -0.725 0.0000e+00
-0.525 -0.675 0.0000e+00
-0.525 -0.625 0.0000e+00
-0.525 -0.575 0.0000e+00
-0.525 -0.525 0.0000e+00
-0.525 -0.475 0.0000e+00
-0.525 -0.425 0.0000e+00
-0.525 -0.375 0.0000e+00
-0.525 -0.325 0.0000e+00
-0.525 -0.275 0.0000e+00
-0.525 -0.225 0.0000e+00
-0.525 -0.175 0.0000e+00
-0.525 -0.125 0.0000e+00
-0.525 -0.075 0.0000e+00
-0.525 -0.025 0.0000e+00
-0.525 0.025 0.0000e+00
-0.525 0.075 0.0000e+00
-0.525 0.125 0.0000e+00
-0.525 0.175 0.0000e+00
-0.525 0.225 0.0000e+00
-0.525 0.275 0.0000e+00
-0.525 0.325 0.0000e+00
-0.525 0.375 0.0000e+00
-0.525 0.425 0.0000e+00
-0.525 0.475 0.0000e+00
-0.525 0.525 0.0000e+00
-0.525 0.575 0.0000e+00
-0.525 0.625 0.0000e+00
-0.525 0.675 0.0000e+00
-0.525 0.725 0.0000e+00
-0.525 0.775 0.0000e+00
-0.525 0.825 0.0000e+00
-0.525 0.875 0.0000e+00
-0.525 0.925 0.0000e+00
-0.525 0.975 0.0000e+00
-0.525 1.025 0.0000e+00
-0.525 1.075 0.0000e+00
-0.525 1.125 0.0000e+00
-0.525 1.175 0.0000e+00
-0.525 1.225 0.0000e+00
-0.525 1.275 0.0000e+00
-0.525 1.325 0.0000e+00
-0.525 1.375 0.0000e+00
-0.525 1.425 0.0000e+00
-0.525 1.475 0.0000e+00
-0.525 1.525 0.0000e+00
-0.525 1.575 0.0000e+00
-0.525 1.625 0.0000e+00
-0.525 1.675 0.0000e+00
-0.525 1.725 0.0000e+00
-0.525 1.775 0.0000e+00
-0.525 1.825 0.0000e+00
-0.525 1.875 0.0000e+00
-0.525 1.925 0.0000e+00
-0.525 1.975 0.0000e+00
-0.525 2.025 0.0000e+00
-0.525 2.075 0.0000e+00
-0.525 2.125 0.0000e+00
-0.525 2.175 0.0000e+00
-0.525 2.225 0.0000e+00
-0.525 2.275 0.0000e+00
-0.525 2.325 0.0000e+00
-0.525 2.375 0.0000e+00
-0.525 2.425 0.0000e+00
-0.525 2.475 0.0000e+00
-0.525 2.525 0.0000e+00
-0.525 2.575 0.0000e+00
-0.525 2.625 0.0000e+00
-0.525 2.675 0.0000e+00
-0.525 2.725 0.0000e+00
-0.525 2.775 0.0000e+00
-0.525 2.825 0.0000e+00
-0.525 2.875 0.0000e+00
-0.525 2.925 0.0000e+00
-0.525 2.975 0.0000e+00
-0.525 3.025 0.0000e+00
-0.525 3.075 0.0000e+00
-0.525 3.125 0.0000e+00
-0.525 3.175 0.0000e+00
-0.525 3.225 0.0000e+00
-0.525 3.275 0.0000e+00
-0.525 3.325 0.0000e+00
-0.525 3.375 0.0000e+00
-0.525 3.425 0.0000e+00
-0.525 3.475 0.0000e+00
-0.525 3.525 0.0000e+00
-0.525 3.575 0.0000e+00
-0.525 3.625 0.0000e+00
-0.525 3.675 0.0000e+00
-0.525 3.725 0.0000e+00
-0.525 3.775 0.0000e+00
-0.525 3.825 0.0000e+00
-0.525 3.875 0.0000e+00
-0.525 3.925 0.0000e+00
-0.525 3.975 0.0000e+00
-0.475 -1.975 0.0000e+00
-0.475 -1.925 0.0000e+00
-0.475 -1.875 0.0000e+00
-0.475 -1.825 0.0000e+00
-0.475 -1.775 0.0000e+00
-0.475 -1.725 0.0000e+00
-0.475 -1.675 0.0000e+00
-0.475 -1.625 0.0000e+00
-0.475 -1.575 0.0000e+00
-0.475 -1.525 0.0000e+00
-0.475 -1.475 0.0000e+00
-0.475 -1.425 0.0000e+00
-0.475 -1.375 0.0000e+00
-0.475 -1.325 0.0000e+00
-0.475 -1.275 0.0000e+00
-0.475 -1.225 0.0000e+00
-0.475 -1.175 0.0000e+00
-0.475 -1.125 0.0000e+00
-0.475 -1.075 0.0000e+00
-0.475 -1.025 0.0000e+00
-0.475 -0.975 0.0000e+00
-0.475 -0.925 0.0000e+00
-0.475 -0.875 0.0000e+00
-0.475 -0.825 0.0000e+00
-0.475 -0.775 0.0000e+00
-0.475 -0.725 0.0000e+00
-0.475 -0.675 0.0000e+00
-0.475 -0.625 0.0000e+00
-0.475 -0.575 0.0000e+00
-0.475 -0.525 0.0000e+00
-0.475 -0.475 0.0000e+00
-0.475 -0.425 0.0000e+00
-0.475 -0.375 0.0000e+00
-0.475 -0.325 0.0000e+00
-0.475 -0.275 0.0000e+00
-0.475 -0.225 0.0000e+00
-0.475 -0.175 0.0000e+00
-0.475 -0.125 0.0000e+00
-0.475 -0.075 0.0000e+00
-0.475 -0.025 0.0000e+00
-0.475 0.025 0.0000e+00
-0.475 0.075 0.0000e+00
-0.475 0.125 0.0000e+00
-0.475 0.175 0.0000e+00
-0.475 0.225 0.0000e+00
-0.475 0.275 0.0000e+00
-0.475 0.325 0.0000e+00
-0.475 0.375 0.0000e+00
-0.475 0.425 0.0000e+00
-0.475 0.475 0.0000e+00
-0.475 0.525 0.0000e+00
-0.475 0.575 0.0000e+00
-0.475 0.625 0.0000e+00
-0.475 0.675 0.0000e+00
-0.475 0.725 0.0000e+00
-0.475 0.775 0.0000e+00
-0.475 0.825 0.0000e+00
-0.475 0.875 0.0000e+00
-0.475 0.925 0.0000e+00
-0.475 0.975 0.0000e+00
-0.475 1.025 0.0000e+00
-0.475 1.075 0.0000e+00
-0.475 1.125 0.0000e+00
-0.475 1.175 0.0000e+00
-0.475 1.225 0.0000e+00
-0.475 1.275 0.0000e+00
-0.475 1.325 0.0000e+00
-0.475 1.375 0.0000e+00
-0.475 1.425 0.0000e+00
-0.475 1.475 0.0000e+00
-0.475 1.525 0.0000e+00
-0.475 1.575 0.0000e+00
-0.475 1.625 0.0000e+00
-0.475 1.675 0.0000e+00
-0.475 1.725 0.0000e+00
-0.475 1.775 0.0000e+00
-0.475 1.825 0.0000e+00
-0.475 1.875 0.0000e+00
-0.475 1.925 0.0000e+00
-0.475 1.975 0.0000e+00
-0.475 2.025 0.0000e+00
-0.475 2.075 0.0000e+00
-0.475 2.125 0.0000e+00
-0.475 2.175 0.0000e+00
-0.475 2.225 0.0000e+00
-0.475 2.275 0.0000e+00
-0.475 2.325 0.0000e+00
-0.475 2.375 0.0000e+00
-0.475 2.425 0.0000e+00
-0.475 2.475 0.0000e+00
-0.475 2.525 0.0000e+00
-0.475 2.575 0.0000e+00
-0.475 2.625 0.0000e+00
-0.475 2.675 0.0000e+00
-0.475 2.725 0.0000e+00
-0.475 2.775 0.0000e+00
-0.475 2.825 0.0000e+00
-0.475 2.875 0.0000e+00
-0.475 2.925 0.0000e+00
-0.475 2.975 0.0000e+00
-0.475 3.025 0.0000e+00
-0.475 3.075 0.0000e+00
-0.475 3.125 0.0000e+00
-0.475 3.175 0.0000e+00
-0.475 3.225 0.0000e+00
-0.475 3.275 0.0000e+00
-0.475 3.325 0.0000e+00
-0.475 3.375 0.0000e+00
-0.475 3.425 0.0000e+00
-0.475 3.475 0.0000e+00
-0.475 3.525 0.0000e+00
-0.475 3.575 0.0000e+00
-0.475 3.625 0.0000e+00
-0.475 3.675 0.0000e+00
-0.475 3.725 0.0000e+00
-0.475 3.775 0.0000e+00
-0.475 3.825 0.0000e+00
-0.475 3.875 0.0000e+00
-0.475 3.925 0.0000e+00
-0.475 3.975 0.0000e+00
-0.425 -1.975 0.0000e+00
-0.425 -1.925 0.0000e+00
-0.425 -1.875 0.0000e+00
-0.425 -1.825 0.0000e+00
-0.425 -1.775 0.0000e+00
-0.425 -1.725 0.0000e+00
-0.425 -1.675 0.0000e+00
-0.425 -1.625 0.0000e+00
-0.425 -1.575 0.0000e+00
-0.425 -1.525 0.0000e+00
-0.425 -1.475 0.0000e+00
-0.425 -1.425 0.0000e+00
-0.425 -1.375 0.0000e+00
-0.425 -1.325 0.0000e+00
-0.425 -1.275 0.0000e+00
-0.425 -1.225 0.0000e+00
-0.425 -1.175 0.0000e+00
-0.425 -1.125 0.0000e+00
-0.425 -1.075 0.0000e+00
-0.425 -1.025 0.0000e+00
-0.425 -0.975 0.0000e+00
-0.425 -0.925 0.0000e+00
-0.425 -0.875 0.0000e+00
-0.425 -0.825 0.0000e+00
-0.425 -0.775 0.0000e+00
-0.425 -0.725 0.0000e+00
-0.425 -0.675 0.0000e+00
-0.425 -0.625 0.0000e+00
-0.425 -0.575 0.0000e+00
-0.425 -0.525 0.0000e+00
-0.425 -0.475 0.0000e+00
-0.425 -0.425 0.0000e+00
-0.425 -0.375 0.0000e+00
-0.425 -0.325 0.0000e+00
-0.425 -0.275 0.0000e+00
-0.425 -0.225 0.0000e+00
-0.425 -0.175 0.0000e+00
-0.425 -0.125 0.0000e+00
-0.425 -0.075 0.0000e+00
-0.425 -0.025 0.0000e+00
-0.425 0.025 0.0000e+00
-0.425 0.075 0.0000e+00
-0.425 0.125 0.0000e+00
-0.425 0.175 0.0000e+00
-0.425 0.225 0.0000e+00
-0.425 0.275 0.0000e+00
-0.425 0.325 0.0000e+00
-0.425 0.375 0.0000e+00
-0.425 0.425 0.0000e+00
-0.425 0.475 0.0000e+00
-0.425 0.525 0.0000e+00
-0.425 0.575 0.0000e+00
-0.425 0.625 0.0000e+00
-0.425 0.675 0.0000e+00
-0.425 0.725 0.0000e+00
-0.425 0.775 0.0000e+00
-0.425 0.825 0.0000e+00
-0.425 0.875 0.0000e+00
-0.425 0.925 0.0000e+00
-0.425 0.975 0.0000e+00
-0.425 1.025 0.0000e+00
-0.425 1.075 0.0000e+00
-0.425 1.125 0.0000e+00
-0.425 1.175 0.0000e+00
-0.425 1.225 0.0000e+00
-0.425 1.275 0.0000e+00
-0.425 1.325 0.0000e+00
-0.425 1.375 0.0000e+00
-0.425 1.425 0.0000e+00
-0.425 1.475 0.0000e+00
-0.425 1.525 0.0000e+00
-0.425 1.575 0.0000e+00
-0.425 1.625 0.0000e+00
-0.425 1.675 0.0000e+00
-0.425 1.725 0.0000e+00
-0.425 1.775 0.0000e+00
-0.425 1.825 0.0000e+00
-0.425 1.875 0.0000e+00
-0.425 1.925 0.0000e+00
-0.425 1.975 0.0000e+00
-0.425 2.025 0.0000e+00
-0.425 2.075 0.0000e+00
-0.425 2.125 0.0000e+00
-0.425 2.175 0.0000e+00
-0.425 2.225 0.0000e+00
-0.425 2.275 0.0000e+00
-0.425 2.325 0.0000e+00
-0.425 2.375 0.0000e+00
-0.425 2.425 0.0000e+00
-0.425 2.475 0.0000e+00
-0.425 2.525 0.0000e+00
-0.425 2.575 0.0000e+00
-0.425 2.625 0.0000e+00
-0.425 2.675 0.0000e+00
-0.425 2.725 0.0000e+00
-0.425 2.775 0.0000e+00
-0.425 2.825 0.0000e+00
-0.425 2.875 0.0000e+00
-0.425 2.925 0.0000e+00
-0.425 2.975 0.0000e+00
-0.425 3.025 0.0000e+00
-0.425 3.075 0.0000e+00
-0.425 3.125 0.0000e+00
-0.425 3.175 0.0000e+00
-0.425 3.225 0.0000e+00
-0.425 3.275 0.0000e+00
-0.425 3.325 0.0000e+00
-0.425 3.375 0.0000e+00
-0.425 3.425 0.0000e+00
-0.425 3.475 0.0000e+00
-0.425 3.525 0.0000e+00
-0.425 3.575 0.0000e+00
-0.425 3.625 0.0000e+00
-0.425 3.675 0.0000e+00
-0.425 3.725 0.0000e+00
-0.425 3.775 0.0000e+00
-0.425 3.825 0.0000e+00
-0.425 3.875 0.0000e+00
-0.425 3.925 0.0000e+00
-0.425 3.975 0.0000e+00
-0.375 -1.975 0.0000e+00
-0.375 -1.925 0.0000e+00
-0.375 -1.875 0.0000e+00
-0.375 -1.825 0.0000e+00
-0.375 -1.775 0.0000e+00
-0.375 -1.725 0.0000e+00
-0.375 -1.675 0.0000e+00
-0.375 -1.625 0.0000e+00
-0.375 -1.575 0.0000e+00
-0.375 -1.525 0.0000e+00
-0.375 -1.475 0.0000e+00
-0.375 -1.425 0.0000e+00
-0.375 -1.375 0.0000e+00
-0.375 -1.325 0.0000e+00
-0.375 -1.275 0.0000e+00
-0.375 -1.225 0.0000e+00
-0.375 -1.175 0.0000e+00
-0.375 -1.125 0.0000e+00
-0.375 -1.075 0.0000e+00
-0.375 -1.025 0.0000e+00
-0.375 -0.975 0.0000e+00
-0.375 -0.925 0.0000e+00
-0.375 -0.875 0.0000e+00
-0.375 -0.825 0.0000e+00
-0.375 -0.775 0.0000e+00
-0.375 -0.725 0.0000e+00
-0.375 -0.675 0.0000e+00
-0.375 -0.625 0.0000e+00
-0.375 -0.575 0.0000e+00
-0.375 -0.525 0.0000e+00
-0.375 -0.475 0.0000e+00
-0.375 -0.425 0.0000e+00
-0.375 -0.375 0.0000e+00
-0.375 -0.325 0.0000e+00
-0.375 -0.275 0.0000e+00
-0.375 -0.225 0.0000e+00
-0.375 -0.175 0.0000e+00
-0.375 -0.125 0.0000e+00
-0.375 -0.075 0.0000e+00
-0.375 -0.025 0.0000e+00
-0.375 0.025 0.0000e+00
-0.375 0.075 0.0000e+00
-0.375 0.125 0.0000e+00
-0.375 0.175 0.0000e+00
-0.375 0.225 0.0000e+00
-0.375 0.275 0.0000e+00
-0.375 0.325 0.0000e+00
-0.375 0.375 0.0000e+00
-0.375 0.425 0.0000e+00
-0.375 0.475 0.0000e+00
-0.375 0.525 0.0000e+00
-0.375 0.575 0.0000e+00
-0.375 0.625 0.0000e+00
-0.375 0.675 0.0000e+00
-0.375 0.725 0.0000e+00
-0.375 0.775 0.0000e+00
-0.375 0.825 0.0000e+00
-0.375 0.875 0.0000e+00
-0.375 0.925 0.0000e+00
-0.375 0.975 0.0000e+00
-0.375 1.025 0.0000e+00
-0.375 1.075 0.0000e+00
-0.375 1.125 0.0000e+00
-0.375 1.175 0.0000e+00
-0.375 1.225 0.0000e+00
-0.375 1.275 0.0000e+00
-0.375 1.325 0.0000e+00
-0.375 1.375 0.0000e+00
-0.375 1.425 0.0000e+00
-0.375 1.475 0.0000e+00
-0.375 1.525 0.0000e+00
-0.375 1.575 0.0000e+00
-0.375 1.625 0.0000e+00
-0.375 1.675 0.0000e+00
-0.375 1.725 0.0000e+00
-0.375 1.775 0.0000e+00
-0.375 1.825 0.0000e+00
-0.375 1.875 0.0000e+00
-0.375 1.925 0.0000e+00
-0.375 1.975 0.0000e+00
-0.375 2.025 0.0000e+00
-0.375 2.075 0.0000e+00
-0.375 2.125 0.0000e+00
-0.375 2.175 0.0000e+00
-0.375 2.225 0.0000e+00
-0.375 2.275 0.0000e+00
-0.375 2.325 0.0000e+00
-0.375 2.375 0.0000e+00
-0.375 2.425 0.0000e+00
-0.375 2.475 0.0000e+00
-0.375 2.525 0.0000e+00
-0.375 2.575 0.0000e+00
-0.375 2.625 0.0000e+00
-0.375 2.675 0.0000e+00
-0.375 2.725 0.0000e+00
-0.375 2.775 0.0000e+00
-0.375 2.825 0.0000e+00
-0.375 2.875 0.0000e+00
-0.375 2.925 0.0000e+00
-0.375 2.975 0.0000e+00
-0.375 3.025 0.0000e+00
-0.375 3.075 0.0000e+00
-0.375 3.125 0.0000e+00
-0.375 3.175 0.0000e+00
-0.375 3.225 0.0000e+00
-0.375 3.275 0.0000e+00
-0.375 3.325 0.0000e+00
-0.375 3.375 0.0000e+00
-0.375 3.425 0.0000e+00
-0.375 3.475 0.0000e+00
-0.375 3.525 0.0000e+00
-0.375 3.575 0.0000e+00
-0.375 3.625 0.0000e+00
-0.375 3.675 0.0000e+00
-0.375 3.725 0.0000e+00
-0.375 3.775 0.0000e+00
-0.375 3.825 0.0000e+00
-0.375 3.875 0.0000e+00
-0.375 3.925 0.0000e+00
-0.375 3.975 0.0000e+00
-0.325 -1.975 0.0000e+00
-0.325 -1.925 0.0000e+00
-0.325 -1.875 0.0000e+00
-0.325 -1.825 0.0000e+00
-0.325 -1.775 0.0000e+00
-0.325 -1.725 0.0000e+00
-0.325 -1.675 0.0000e+00
-0.325 -1.625 0.0000e+00
-0.325 -1.575 0.0000e+00
-0.325 -1.525 0.0000e+00
-0.325 -1.475 0.0000e+00
-0.325 -1.425 0.0000e+00
-0.325 -1.375 0.0000e+00
-0.325 -1.325 0.0000e+00
-0.325 -1.275 0.0000e+00
-0.325 -1.225 0.0000e+00
-0.325 -1.175 0.0000e+00
-0.325 -1.125 0.0000e+00
-0.325 -1.075 0.0000e+00
-0.325 -1.025 0.0000e+00
-0.325 -0.975 0.0000e+00
-0.325 -0.925 0.0000e+00
-0.325 -0.875 0.0000e+00
-0.325 -0.825 0.0000e+00
-0.325 -0.775 0.0000e+00
-0.325 -0.725 0.0000e+00
-0.325 -0.675 0.0000e+00
-0.325 -0.625 0.0000e+00
-0.325 -0.575 0.0000e+00
-0.325 -0.525 0.0000e+00
-0.325 -0.475 0.0000e+00
-0.325 -0.425 0.0000e+00
-0.325 -0.375 0.0000e+00
-0.325 -0.325 0.0000e+00
-0.325 -0.275 0.0000e+00
-0.325 -0.225 0.0000e+00
-0.325 -0.175 0.0000e+00
-0.325 -0.125 0.0000e+00
-0.325 -0.075 0.0000e+00
-0.325 -0.025 0.0000e+00
-0.325 0.025 0.0000e+00
-0.325 0.075 0.0000e+00
-0.325 0.125 0.0000e+00
-0.325 0.175 0.0000e+00
-0.325 0.225 0.0000e+00
-0.325 0.275 0.0000e+00
-0.325 0.325 0.0000e+00
-0.325 0.375 0.0000e+00
-0.325 0.425 0.0000e+00
-0.325 0.475 0.0000e+00
-0.325 0.525 0.0000e+00
-0.325 0.575 0.0000e+00
-0.325 0.625 0.0000e+00
-0.325 0.675 0.0000e+00
-0.325 0.725 0.0000e+00
-0.325 0.775 0.0000e+00
-0.325 0.825 0.0000e+00
-0.325 0.875 0.0000e+00
-0.325 0.925 0.0000e+00
-0.325 0.975 0.0000e+00
-0.325 1.025 0.0000e+00
-0.325 1.075 0.0000e+00
-0.325 1.125 0.0000e+00
-0.325 1.175 0.0000e+00
-0.325 1.225 0.0000e+00
-0.325 1.275 0.0000e+00
-0.325 1.325 0.0000e+00
-0.325 1.375 0.0000e+00
-0.325 1.425 0.0000e+00
-0.325 1.475 0.0000e+00
-0.325 1.525 0.0000e+00
-0.325 1.575 0.0000e+00
-0.325 1.625 0.0000e+00
-0.325 1.675 0.0000e+00
-0.325 1.725 0.0000e+00
-0.325 1.775 0.0000e+00
-0.325 1.825 0.0000e+00
-0.325 1.875 0.0000e+00
-0.325 1.925 0.0000e+00
-0.325 1.975 0.0000e+00
-0.325 2.025 0.0000e+00
-0.325 2.075 0.0000e+00
-0.325 2.125 0.0000e+00
-0.325 2.175 0.0000e+00
-0.325 2.225 0.0000e+00
-0.325 2.275 0.0000e+00
-0.325 2.325 0.0000e+00
-0.325 2.375 0.0000e+00
-0.325 2.425 0.0000e+00
-0.325 2.475 0.0000e+00
-0.325 2.525 0.0000e+00
-0.325 2.575 0.0000e+00
-0.325 2.625 0.0000e+00
-0.325 2.675 0.0000e+00
-0.325 2.725 0.0000e+00
-0.325 2.775 0.0000e+00
-0.325 2.825 0.0000e+00
-0.325 2.875 0.0000e+00
-0.325 2.925 0.0000e+00
-0.325 2.975 0.0000e+00
-0.325 3.025 0.0000e+00
-0.325 3.075 0.0000e+00
-0.325 3.125 0.0000e+00
-0.325 3.175 0.0000e+00
-0.325 3.225 0.0000e+00
-0.325 3.275 0.0000e+00
-0.325 3.325 0.0000e+00
-0.325 3.375 0.0000e+00
-0.325 3.425 0.0000e+00
-0.325 3.475 0.0000e+00
-0.325 3.525 0.0000e+00
-0.325 3.575 0.0000e+00
-0.325 3.625 0.0000e+00
-0.325 3.675 0.0000e+00
-0.325 3.725 0.0000e+00
-0.325 3.775 0.0000e+00
-0.325 3.825 0.0000e+00
-0.325 3.875 0.0000e+00
-0.325 3.925 0.0000e+00
-0.325 3.975 0.0000e+00
-0.275 -1.975 0.0000e+00
-0.275 -1.925 0.0000e+00
-0.275 -1.875 0.0000e+00
-0.275 -1.825 0.0000e+00
-0.275 -1.775 0.0000e+00
-0.275 -1.725 0.0000e+00
-0.275 -1.675 0.0000e+00
-0.275 -1.625 0.0000e+00
-0.275 -1.575 0.0000e+00
-0.275 -1.525 0.0000e+00
-0.275 -1.475 0.0000e+00
-0.275 -1.425 0.0000e+00
-0.275 -1.375 0.0000e+00
-0.275 -1.325 0.0000e+00
-0.275 -1.275 0.0000e+00
-0.275 -1.225 0.0000e+00
-0.275 -1.175 0.0000e+00
-0.275 -1.125 0.0000e+00
-0.275 -1.075 0.0000e+00
-0.275 -1.025 0.0000e+00
-0.275 -0.975 0.0000e+00
-0.275 -0.925 0.0000e+00
-0.275 -0.875 0.0000e+00
-0.275 -0.825 0.0000e+00
-0.275 -0.775 0.0000e+00
-0.275 -0.725 0.0000e+00
-0.275 -0.675 0.0000e+00
-0.275 -0.625 0.0000e+00
-0.275 -0.575 0.0000e+00
-0.275 -0.525 0.0000e+00
-0.275 -0.475 0.0000e+00
-0.275 -0.425 0.0000e+00
-0.275 -0.375 0.0000e+00
-0.275 -0.325 0.0000e+00
-0.275 -0.275 0.0000e+00
-0.275 -0.225 0.0000e+00
-0.275 -0.175 0.0000e+00
-0.275 -0.125 0.0000e+00
-0.275 -0.075 0.0000e+00
-0.275 -0.025 0.0000e+00
-0.275 0.025 0.0000e+00
-0.275 0.075 0.0000e+00
-0.275 0.125 0.0000e+00
-0.275 0.175 0.0000e+00
-0.275 0.225 0.0000e+00
-0.275 0.275 0.0000e+00
-0.275 0.325 0.0000e+00
-0.275 0.375 0.0000e+00
-0.275 0.425 0.0000e+00
-0.275 0.475 0.0000e+00
-0.275 0.525 0.0000e+00
-0.275 0.575 0.0000e+00
-0.275 0.625 0.0000e+00
-0.275 0.675 0.0000e+00
-0.275 0.725 0.0000e+00
-0.275 0.775 0.0000e+00
-0.275 0.825 0.0000e+00
-0.275 0.875 0.0000e+00
-0.275 0.925 0.0000e+00
-0.275 0.975 0.0000e+00
-0.275 1.025 0.0000e+00
-0.275 1.075 0.0000e+00
-0.275 1.125 0.0000e+00
-0.275 1.175 0.0000e+00
-0.275 1.225 0.0000e+00
-0.275 1.275 0.0000e+00
-0.275 1.325 0.0000e+00
-0.275 1.375 0.0000e+00
-0.275 1.425 0.0000e+00
-0.275 1.475 0.0000e+00
-0.275 1.525 0.0000e+00
-0.275 1.575 0.0000e+00
-0.275 1.625 0.0000e+00
-0.275 1.675 0.0000e+00
-0.275 1.725 0.0000e+00
-0.275 1.775 0.0000e+00
-0.275 1.825 0.0000e+00
-0.275 1.875 0.0000e+00
-0.275 1.925 0.0000e+00
-0.275 1.975 0.0000e+00
-0.275 2.025 0.0000e+00
-0.275 2.075 0.0000e+00
-0.275 2.125 0.0000e+00
-0.275 2.175 0.0000e+00
-0.275 2.225 0.0000e+00
-0.275 2.275 0.0000e+00
-0.275 2.325 0.0000e+00
-0.275 2.375 0.0000e+00
-0.275 2.425 0.0000e+00
-0.275 2.475 0.0000e+00
-0.275 2.525 0.0000e+00
-0.275 2.575 0.0000e+00
-0.275 2.625 0.0000e+00
-0.275 2.675 0.0000e+00
-0.275 2.725 0.0000e+00
-0.275 2.775 0.0000e+00
-0.275 2.825 0.0000e+00
-0.275 2.875 0.0000e+00
-0.275 2.925 0.0000e+00
-0.275 2.975 0.0000e+00
-0.275 3.025 0.0000e+00
-0.275 3.075 0.0000e+00
-0.275 3.125 0.0000e+00
-0.275 3.175 0.0000e+00
-0.275 3.225 0.0000e+00
-0.275 3.275 0.0000e+00
-0.275 3.325 0.0000e+00
-0.275 3.375 0.0000e+00
-0.275 3.425 0.0000e+00
-0.275 3.475 0.0000e+00
-0.275 3.525 0.0000e+00
-0.275 3.575 0.0000e+00
-0.275 3.625 0.0000e+00
-0.275 3.675 0.0000e+00
-0.275 3.725 0.0000e+00
-0.275 3.775 0.0000e+00
-0.275 3.825 0.0000e+00
-0.275 3.875 0.0000e+00
-0.275 3.925 0.0000e+00
-0.275 3.975 0.0000e+00
-0.225 -1.975 0.0000e+00
-0.225 -1.925 0.0000e+00
-0.225 -1.875 0.0000e+00
-0.225 -1.825 0.0000e+00
-0.225 -1.775 0.0000e+00
-0.225 -1.725 0.0000e+00
-0.225 -1.675 0.0000e+00
-0.225 -1.625 0.0000e+00
-0.225 -1.575 0.0000e+00
-0.225 -1.525 0.0000e+00
-0.225 -1.475 0.0000e+00
-0.225 -1.425 0.0000e+00
-0.225 -1.375 0.0000e+00
-0.225 -1.325 0.0000e+00
-0.225 -1.275 0.0000e+00
-0.225 -1.225 0.0000e+00
-0.225 -1.175 0.0000e+00
-0.225 -1.125 0.0000e+00
-0.225 -1.075 0.0000e+00
-0.225 -1.025 0.0000e+00
-0.225 -0.975 0.0000e+00
-0.225 -0.925 0.0000e+00
-0.225 -0.875 0.0000e+00
-0.225 -0.825 0.0000e+00
-0.225 -0.775 0.0000e+00
-0.225 -0.725 0.0000e+00
-0.225 -0.675 0.0000e+00
-0.225 -0.625 0.0000e+00
-0.225 -0.575 0.0000e+00
-0.225 -0.525 0.0000e+00
-0.225 -0.475 0.0000e+00
-0.225 -0.425 0.0000e+00
-0.225 -0.375 0.0000e+00
-0.225 -0.325 0.0000e+00
-0.225 -0.275 0.0000e+00
-0.225 -0.225 0.0000e+00
-0.225 -0.175 0.0000e+00
-0.225 -0.125 0.0000e+00
-0.225 -0.075 0.0000e+00
-0.225 -0.025 0.0000e+00
-0.225 0.025 0.0000e+00
-0.225 0.075 0.0000e+00
-0.225 0.125 0.0000e+00
-0.225 0.175 0.0000e+00
-0.225 0.225 0.0000e+00
-0.225 0.275 0.0000e+00
-0.225 0.325 0.0000e+00
-0.225 0.375 0.0000e+00
-0.225 0.425 0.0000e+00
-0.225 0.475 0.0000e+00
-0.225 0.525 0.0000e+00
-0.225 0.575 0.0000e+00
-0.225 0.625 0.0000e+00
-0.225 0.675 0.0000e+00
-0.225 0.725 0.0000e+00
-0.225 0.775 0.0000e+00
-0.225 0.825 0.0000e+00
-0.225 0.875 0.0000e+00
-0.225 0.925 0.0000e+00
-0.225 0.975 0.0000e+00
-0.225 1.025 0.0000e+00
-0.225 1.075 0.0000e+00
-0.225 1.125 0.0000e+00
-0.225 1.175 0.0000e+00
-0.225 1.225 0.0000e+00
-0.225 1.275 0.0000e+00
-0.225 1.325 0.0000e+00
-0.225 1.375 0.0000e+00
-0.225 1.425 0.0000e+00
-0.225 1.475 0.0000e+00
-0.225 1.525 0.0000e+00
-0.225 1.575 0.0000e+00
-0.225 1.625 0.0000e+00
-0.225 1.675 0.0000e+00
-0.225 1.725 0.0000e+00
-0.225 1.775 0.0000e+00
-0.225 1.825 0.0000e+00
-0.225 1.875 0.0000e+00
-0.225 1.925 0.0000e+00
-0.225 1.975 0.0000e+00
-0.225 2.025 0.0000e+00
-0.225 2.075 0.0000e+00
-0.225 2.125 0.0000e+00
-0.225 2.175 0.0000e+00
-0.225 2.225 0.0000e+00
-0.225 2.275 0.0000e+00
-0.225 2.325 0.0000e+00
-0.225 2.375 0.0000e+00
-0.225 2.425 0.0000e+00
-0.225 2.475 0.0000e+00
-0.225 2.525 0.0000e+00
-0.225 2.575 0.0000e+00
-0.225 2.625 0.0000e+00
-0.225 2.675 0.0000e+00
-0.225 2.725 0.0000e+00
-0.225 2.775 0.0000e+00
-0.225 2.825 0.0000e+00
-0.225 2.875 0.0000e+00
-0.225 2.925 0.0000e+00
-0.225 2.975 0.0000e+00
-0.225 3.025 0.0000e+00
-0.225 3.075 0.0000e+00
-0.225 3.125 0.0000e+00
-0.225 3.175 0.0000e+00
-0.225 3.225 0.0000e+00
-0.225 3.275 0.0000e+00
-0.225 3.325 0.0000e+00
-0.225 3.375 0.0000e+00
-0.225 3.425 0.0000e+00
-0.225 3.475 0.0000e+00
-0.225 3.525 0.0000e+00
-0.225 3.575 0.0000e+00
-0.225 3.625 0.0000e+00
-0.225 3.675 0.0000e+00
-0.225 3.725 0.0000e+00
-0.225 3.775 0.0000e+00
-0.225 3.825 0.0000e+00
-0.225 3.875 0.0000e+00
-0.225 3.925 0.0000e+00
-0.225 3.975 0.0000e+00
-0.175 -1.975 0.0000e+00
-0.175 -1.925 0.0000e+00
-0.175 -1.875 0.0000e+00
-0.175 -1.825 0.0000e+00
-0.175 -1.775 0.0000e+00
-0.175 -1.725 0.0000e+00
-0.175 -1.675 0.0000e+00
-0.175 -1.625 0.0000e+00
-0.175 -1.575 0.0000e+00
-0.175 -1.525 0.0000e+00
-0.175 -1.475 0.0000e+00
-0.175 -1.425 0.0000e+00
-0.175 -1.375 0.0000e+00
-0.175 -1.325 0.0000e+00
-0.175 -1.275 0.0000e+00
-0.175 -1.225 0.0000e+00
-0.175 -1.175 0.0000e+00
-0.175 -1.125 0.0000e+00
-0.175 -1.075 0.0000e+00
-0.175 -1.025 0.0000e+00
-0.175 -0.975 0.0000e+00
-0.175 -0.925 0.0000e+00
-0.175 -0.875 0.0000e+00
-0.175 -0.825 0.0000e+00
-0.175 -0.775 0.0000e+00
-0.175 -0.725 0.0000e+00
-0.175 -0.675 0.0000e+00
-0.175 -0.625 0.0000e+00
-0.175 -0.575 0.0000e+00
-0.175 -0.525 0.0000e+00
-0.175 -0.475 0.0000e+00
-0.175 -0.425 0.0000e+00
-0.175 -0.375 0.0000e+00
-0.175 -0.325 0.0000e+00
-0.175 -0.275 0.0000e+00
-0.175 -0.225 0.0000e+00
-0.175 -0.175 0.0000e+00
-0.175 -0.125 0.0000e+00
-0.175 -0.075 0.0000e+00
-0.175 -0.025 0.0000e+00
-0.175 0.025 0.0000e+00
-0.175 0.075 0.0000e+00
-0.175 0.125 0.0000e+00
-0.175 0.175 0.0000e+00
-0.175 0.225 0.0000e+00
-0.175 0.275 0.0000e+00
-0.175 0.325 0.0000e+00
-0.175 0.375 0.0000e+00
-0.175 0.425 0.0000e+00
-0.175 0.475 0.0000e+00
-0.175 0.525 0.0000e+00
-0.175 0.575 0.0000e+00
-0.175 0.625 0.0000e+00
-0.175 0.675 0.0000e+00
-0.175 0.725 0.0000e+00
-0.175 0.775 0.0000e+00
-0.175 0.825 0.0000e+00
-0.175 0.875 0.0000e+00
-0.175 0.925 0.0000e+00
-0.175 0.975 0.0000e+00
-0.175 1.025 0.0000e+00
-0.175 1.075 0.0000e+00
-0.175 1.125 0.0000e+00
-0.175 1.175 0.0000e+00
-0.175 1.225 0.0000e+00
-0.175 1.275 0.0000e+00
-0.175 1.325 0.0000e+00
-0.175 1.375 0.0000e+00
-0.175 1.425 0.0000e+00
-0.175 1.475 0.0000e+00
-0.175 1.525 0.0000e+00
-0.175 1.575 0.0000e+00
-0.175 1.625 0.0000e+00
-0.175 1.675 0.0000e+00
-0.175 1.725 0.0000e+00
-0.175 1.775 0.0000e+00
-0.175 1.825 0.0000e+00
-0.175 1.875 0.0000e+00
-0.175 1.925 0.0000e+00
-0.175 1.975 0.0000e+00
-0.175 2.025 0.0000e+00
-0.175 2.075 0.0000e+00
-0.175 2.125 0.0000e+00
-0.175 2.175 0.0000e+00
-0.175 2.225 0.0000e+00
-0.175 2.275 0.0000e+00
-0.175 2.325 0.0000e+00
-0.175 2.375 0.0000e+00
-0.175 2.425 0.0000e+00
-0.175 2.475 0.0000e+00
-0.175 2.525 0.0000e+00
-0.175 2.575 0.0000e+00
-0.175 2.625 0.0000e+00
-0.175 2.675 0.0000e+00
-0.175 2.725 0.0000e+00
-0.175 2.775 0.0000e+00
-0.175 2.825 0.0000e+00
-0.175 2.875 0.0000e+00
-0.175 2.925 0.0000e+00
-0.175 2.975 0.0000e+00
-0.175 3.025 0.0000e+00
-0.175 3.075 0.0000e+00
-0.175 3.125 0.0000e+00
-0.175 3.175 0.0000e+00
-0.175 3.225 0.0000e+00
-0.175 3.275 0.0000e+00
-0.175 3.325 0.0000e+00
-0.175 3.375 0.0000e+00
-0.175 3.425 0.0000e+00
-0.175 3.475 0.0000e+00
-0.175 3.525 0.0000e+00
-0.175 3.575 0.0000e+00
-0.175 3.625 0.0000e+00
-0.175 3.675 0.0000e+00
-0.175 3.725 0.0000e+00
-0.175 3.775 0.0000e+00
-0.175 3.825 0.0000e+00
-0.175 3.875 0.0000e+00
-0.175 3.925 0.0000e+00
-0.175 3.975 0.0000e+00
-0.125 -1.975 0.0000e+00
-0.125 -1.925 0.0000e+00
-0.125 -1.875 0.0000e+00
-0.125 -1.825 0.0000e+00
-0.125 -1.775 0.0000e+00
-0.125 -1.725 0.0000e+00
-0.125 -1.675 0.0000e+00
-0.125 -1.625 0.0000e+00
-0.125 -1.575 0.0000e+00
-0.125 -1.525 0.0000e+00
-0.125 -1.475 0.0000e+00
-0.125 -1.425 0.0000e+00
-0.125 -1.375 0.0000e+00
-0.125 -1.325 0.0000e+00
-0.125 -1.275 0.0000e+00
-0.125 -1.225 0.0000e+00
-0.125 -1.175 0.0000e+00
-0.125 -1.125 0.0000e+00
-0.125 -1.075 0.0000e+00
-0.125 -1.025 0.0000e+00
-0.125 -0.975 0.0000e+00
-0.125 -0.925 0.0000e+00
-0.125 -0.875 0.0000e+00
-0.125 -0.825 0.0000e+00
-0.125 -0.775 0.0000e+00
-0.125 -0.725 0.0000e+00
-0.125 -0.675 0.0000e+00
-0.125 -0.625 0.0000e+00
-0.125 -0.575 0.0000e+00
-0.125 -0.525 0.0000e+00
-0.125 -0.475 0.0000e+00
-0.125 -0.425 0.0000e+00
-0.125 -0.375 0.0000e+00
-0.125 -0.325 0.0000e+00
-0.125 -0.275 0.0000e+00
-0.125 -0.225 0.0000e+00
-0.125 -0.175 0.0000e+00
-0.125 -0.125 0.0000e+00
-0.125 -0.075 0.0000e+00
-0.125 -0.025 0.0000e+00
-0.125 0.025 0.0000e+00
-0.125 0.075 0.0000e+00
-0.125 0.125 0.0000e+00
-0.125 0.175 0.0000e+00
-0.125 0.225 0.0000e+00
-0.125 0.275 0.0000e+00
-0.125 0.325 0.0000e+00
-0.125 0.375 0.0000e+00
-0.125 0.425 0.0000e+00
-0.125 0.475 0.0000e+00
-0.125 0.525 0.0000e+00
-0.125 0.575 0.0000e+00
-0.125 0.625 0.0000e+00
-0.125 0.675 0.0000e+00
-0.125 0.725 0.0000e+00
-0.125 0.775 0.0000e+00
-0.125 0.825 0.0000e+00
-0.125 0.875 0.0000e+00
-0.125 0.925 0.0000e+00
-0.125 0.975 0.0000e+00
-0.125 1.025 0.0000e+00
-0.125 1.075 0.0000e+00
-0.125 1.125 0.0000e+00
-0.125 1.175 0.0000e+00
-0.125 1.225 0.0000e+00
-0.125 1.275 0.0000e+00
-0.125 1.325 0.0000e+00
-0.125 1.375 0.0000e+00
-0.125 1.425 0.0000e+00
-0.125 1.475 0.0000e+00
-0.125 1.525 0.0000e+00
-0.125 1.575 0.0000e+00
-0.125 1.625 0.0000e+00
-0.125 1.675 0.0000e+00
-0.125 1.725 0.0000e+00
-0.125 1.775 0.0000e+00
-0.125 1.825 0.0000e+00
-0.125 1.875 0.0000e+00
-0.125 1.925 0.0000e+00
-0.125 1.975 0.0000e+00
-0.125 2.025 0.0000e+00
-0.125 2.075 0.0000e+00
-0.125 2.125 0.0000e+00
-0.125 2.175 0.0000e+00
-0.125 2.225 0.0000e+00
-0.125 2.275 0.0000e+00
-0.125 2.325 0.0000e+00
-0.125 2.375 0.0000e+00
-0.125 2.425 0.0000e+00
-0.125 2.475 0.0000e+00
-0.125 2.525 0.0000e+00
-0.125 2.575 0.0000e+00
-0.125 2.625 0.0000e+00
-0.125 2.675 0.0000e+00
-0.125 2.725 0.0000e+00
-0.125 2.775 0.0000e+00
-0.125 2.825 0.0000e+00
-0.125 2.875 0.0000e+00
-0.125 2.925 0.0000e+00
-0.125 2.975 0.0000e+00
-0.125 3.025 0.0000e+00
-0.125 3.075 0.0000e+00
-0.125 3.125 0.0000e+00
-0.125 3.175 0.0000e+00
-0.125 3.225 0.0000e+00
-0.125 3.275 0.0000e+00
-0.125 3.325 0.0000e+00
-0.125 3.375 0.0000e+00
-0.125 3.425 0.0000e+00
-0.125 3.475 0.0000e+00
-0.125 3.525 0.0000e+00
-0.125 3.575 0.0000e+00
-0.125 3.625 0.0000e+00
-0.125 3.675 0.0000e+00
-0.125 3.725 0.0000e+00
-0.125 3.775 0.0000e+00
-0.125 3.825 0.0000e+00
-0.125 3.875 0.0000e+00
-0.125 3.925 0.0000e+00
-0.125 3.975 0.0000e+00
-0.075 -1.975 0.0000e+00
-0.075 -1.925 0.0000e+00
-0.075 -1.875 0.0000e+00
-0.075 -1.825 0.0000e+00
-0.075 -1.775 0.0000e+00
-0.075 -1.725 0.0000e+00
-0.075 -1.675 0.0000e+00
-0.075 -1.625 0.0000e+00
-0.075 -1.575 0.0000e+00
-0.075 -1.525 0.0000e+00
-0.075 -1.475 0.0000e+00
-0.075 -1.425 0.0000e+00
-0.075 -1.375 0.0000e+00
-0.075 -1.325 0.0000e+00
-0.075 -1.275 0.0000e+00
-0.075 -1.225 0.0000e+00
-0.075 -1.175 0.0000e+00
-0.075 -1.125 0.0000e+00
-0.075 -1.075 0.0000e+00
-0.075 -1.025 0.0000e+00
-0.075 -0.975 0.0000e+00
-0.075 -0.925 0.0000e+00
-0.075 -0.875 0.0000e+00
-0.075 -0.825 0.0000e+00
-0.075 -0.775 0.0000e+00
-0.075 -0.725 0.0000e+00
-0.075 -0.675 0.0000e+00
-0.075 -0.625 0.0000e+00
-0.075 -0.575 0.0000e+00
-0.075 -0.525 0.0000e+00
-0.075 -0.475 0.0000e+00
-0.075 -0.425 0.0000e+00
-0.075 -0.375 0.0000e+00
-0.075 -0.325 0.0000e+00
-0.075 -0.275 0.0000e+00
-0.075 -0.225 0.0000e+00
-0.075 -0.175 0.0000e+00
-0.075 -0.125 0.0000e+00
-0.075 -0.075 0.0000e+00
-0.075 -0.025 0.0000e+00
-0.075 0.025 0.0000e+00
-0.075 0.075 0.0000e+00
-0.075 0.125 0.0000e+00
-0.075 0.175 0.0000e+00
-0.075 0.225 0.0000e+00
-0.075 0.275 0.0000e+00
-0.075 0.325 0.0000e+00
-0.075 0.375 0.0000e+00
-0.075 0.425 0.0000e+00
-0.075 0.475 0.0000e+00
-0.075 0.525 0.0000e+00
-0.075 0.575 0.0000e+00
-0.075 0.625 0.0000e+00
-0.075 0.675 0.0000e+00
-0.075 0.725 0.0000e+00
-0.075 0.775 0.0000e+00
-0.075 0.825 0.0000e+00
-0.075 0.875 0.0000e+00
-0.075 0.925 0.0000e+00
-0.075 0.975 0.0000e+00
-0.075 1.025 0.0000e+00
-0.075 1.075 0.0000e+00
-0.075 1.125 0.0000e+00
-0.075 1.175 0.0000e+00
-0.075 1.225 0.0000e+00
-0.075 1.275 0.0000e+00
-0.075 1.325 0.0000e+00
-0.075 1.375 0.0000e+00
-0.075 1.425 0.0000e+00
-0.075 1.475 0.0000e+00
-0.075 1.525 0.0000e+00
-0.075 1.575 0.0000e+00
-0.075 1.625 0.0000e+00
-0.075 1.675 0.0000e+00
-0.075 1.725 0.0000e+00
-0.075 1.775 0.0000e+00
-0.075 1.825 0.0000e+00
-0.075 1.875 0.0000e+00
-0.075 1.925 0.0000e+00
-0.075 1.975 0.0000e+00
-0.075 2.025 0.0000e+00
-0.075 2.075 0.0000e+00
-0.075 2.125 0.0000e+00
-0.075 2.175 0.0000e+00
-0.075 2.225 0.0000e+00
-0.075 2.275 0.0000e+00
-0.075 2.325 0.0000e+00
-0.075 2.375 0.0000e+00
-0.075 2.425 0.0000e+00
-0.075 2.475 0.0000e+00
-0.075 2.525 0.0000e+00
-0.075 2.575 0.0000e+00
-0.075 2.625 0.0000e+00
-0.075 2.675 0.0000e+00
-0.075 2.725 0.0000e+00
-0.075 2.775 0.0000e+00
-0.075 2.825 0.0000e+00
-0.075 2.875 0.0000e+00
-0.075 2.925 0.0000e+00
-0.075 2.975 0.0000e+00
-0.075 3.025 0.0000e+00
-0.075 3.075 0.0000e+00
-0.075 3.125 0.0000e+00
-0.075 3.175 0.0000e+00
-0.075 3.225 0.0000e+00
-0.075 3.275 0.0000e+00
-0.075 3.325 0.0000e+00
-0.075 3.375 0.0000e+00
-0.075 3.425 0.0000e+00
-0.075 3.475 0.0000e+00
-0.075 3.525 0.0000e+00
-0.075 3.575 0.0000e+00
-0.075 3.625 0.0000e+00
-0.075 3.675 0.0000e+00
-0.075 3.725 0.0000e+00
-0.075 3.775 0.0000e+00
-0.075 3.825 0.0000e+00
-0.075 3.875 0.0000e+00
-0.075 3.925 0.0000e+00
-0.075 3.975 0.0000e+00
-0.025 -1.975 0.0000e+00
-0.025 -1.925 0.0000e+00
-0.025 -1.875 0.0000e+00
-0.025 -1.825 0.0000e+00
-0.025 -1.775 0.0000e+00
-0.025 -1.725 0.0000e+00
-0.025 -1.675 0.0000e+00
-0.025 -1.625 0.0000e+00
-0.025 -1.575 0.0000e+00
-0.025 -1.525 0.0000e+00
-0.025 -1.475 0.0000e+00
-0.025 -1.425 0.0000e+00
-0.025 -1.375 0.0000e+00
-0.025 -1.325 0.0000e+00
-0.025 -1.275 0.0000e+00
-0.025 -1.225 0.0000e+00
-0.025 -1.175 0.0000e+00
-0.025 -1.125 0.0000e+00
-0.025 -1.075 0.0000e+00
-0.025 -1.025 0.0000e+00
-0.025 -0.975 0.0000e+00
-0.025 -0.925 0.0000e+00
-0.025 -0.875 0.0000e+00
-0.025 -0.825 0.0000e+00
-0.025 -0.775 0.0000e+00
-0.025 -0.725 0.0000e+00
-0.025 -0.675 0.0000e+00
-0.025 -0.625 0.0000e+00
-0.025 -0.575 0.0000e+00
-0.025 -0.525 0.0000e+00
-0.025 -0.475 0.0000e+00
-0.025 -0.425 0.0000e+00
-0.025 -0.375 0.0000e+00
-0.025 -0.325 0.0000e+00
-0.025 -0.275 0.0000e+00
-0.025 -0.225 0.0000e+00
-0.025 -0.175 0.0000e+00
-0.025 -0.125 0.0000e+00
-0.025 -0.075 0.0000e+00
-0.025 -0.025 0.0000e+00
-0.025 0.025 0.0000e+00
-0.025 0.075 0.0000e+00
-0.025 0.125 0.0000e+00
-0.025 0.175 0.0000e+00
-0.025 0.225 0.0000e+00
-0.025 0.275 0.0000e+00
-0.025 0.325 0.0000e+00
-0.025 0.375 0.0000e+00
-0.025 0.425 0.0000e+00
-0.025 0.475 0.0000e+00
-0.025 0.525 0.0000e+00
-0.025 0.575 0.0000e+00
-0.025 0.625 0.0000e+00
-0.025 0.675 0.0000e+00
-0.025 0.725 0.0000e+00
-0.025 0.775 0.0000e+00
-0.025 0.825 0.0000e+00
-0.025 0.875 0.0000e+00
-0.025 0.925 0.0000e+00
-0.025 0.975 0.0000e+00
-0.025 1.025 0.0000e+00
-0.025 1.075 0.0000e+00
-0.025 1.125 0.0000e+00
-0.025 1.175 0.0000e+00
-0.025 1.225 0.0000e+00
-0.025 1.275 0.0000e+00
-0.025 1.325 0.0000e+00
-0.025 1.375 0.0000e+00
-0.025 1.425 0.0000e+00
-0.025 1.475 0.0000e+00
-0.025 1.525 0.0000e+00
-0.025 1.575 0.0000e+00
-0.025 1.625 0.0000e+00
-0.025 1.675 0.0000e+00
-0.025 1.725 0.0000e+00
-0.025 1.775 0.0000e+00
-0.025 1.825 0.0000e+00
-0.025 1.875 0.0000e+00
-0.025 1.925 0.0000e+00
-0.025 1.975 0.0000e+00
-0.025 2.025 0.0000e+00
-0.025 2.075 0.0000e+00
-0.025 2.125 0.0000e+00
-0.025 2.175 0.0000e+00
-0.025 2.225 0.0000e+00
-0.025 2.275 0.0000e+00
-0.025 2.325 0.0000e+00
-0.025 2.375 0.0000e+00
-0.025 2.425 0.0000e+00
-0.025 2.475 0.0000e+00
-0.025 2.525 0.0000e+00
-0.025 2.575 0.0000e+00
-0.025 2.625 0.0000e+00
-0.025 2.675 0.0000e+00
-0.025 2.725 0.0000e+00
-0.025 2.775 0.0000e+00
-0.025 2.825 0.0000e+00
-0.025 2.875 0.0000e+00
-0.025 2.925 0.0000e+00
-0.025 2.975 0.0000e+00
-0.025 3.025 0.0000e+00
-0.025 3.075 0.0000e+00
-0.025 3.125 0.0000e+00
-0.025 3.175 0.0000e+00
-0.025 3.225 0.0000e+00
-0.025 3.275 0.0000e+00
-0.025 3.325 0.0000e+00
-0.025 3.375 0.0000e+00
-0.025 3.425 0.0000e+00
-0.025 3.475 0.0000e+00
-0.025 3.525 0.0000e+00
-0.025 3.575 0.0000e+00
-0.025 3.625 0.0000e+00
-0.025 3.675 0.0000e+00
-0.025 3.725 0.0000e+00
-0.025 3.775 0.0000e+00
-0.025 3.825 0.0000e+00
-0.025 3.875 0.0000e+00
-0.025 3.925 0.0000e+00
-0.025 3.975 0.0000e+00
0.025 -1.975 0.0000e+00
0.025 -1.925 0.0000e+00
0.025 -1.875 0.0000e+00
0.025 -1.825 0.0000e+00
0.025 -1.775 0.0000e+00
0.025 -1.725 0.0000e+00
0.025 -1.675 0.0000e+00
0.025 -1.625 0.0000e+00
0.025 -1.575 0.0000e+00
0.025 -1.525 0.0000e+00
0.025 -1.475 0.0000e+00
0.025 -1.425 0.0000e+00
0.025 -1.375 0.0000e+00
0.025 -1.325 0.0000e+00
0.025 -1.275 0.0000e+00
0.025 -1.225 0.0000e+00
0.025 -1.175 0.0000e+00
0.025 -1.125 0.0000e+00
0.025 -1.075 0.0000e+00
0.025 -1.025 0.0000e+00
0.025 -0.975 0.0000e+00
0.025 -0.925 0.0000e+00
0.025 -0.875 0.0000e+00
0.025 -0.825 0.0000e+00
0.025 -0.775 0.0000e+00
0.025 -0.725 0.0000e+00
0.025 -0.675 0.0000e+00
0.025 -0.625 0.0000e+00
0.025 -0.575 0.0000e+00
0.025 -0.525 0.0000e+00
0.025 -0.475 0.0000e+00
0.025 -0.425 0.0000e+00
0.025 -0.375 0.0000e+00
0.025 -0.325 0.0000e+00
0.025 -0.275 0.0000e+00
0.025 -0.225 0.0000e+00
0.025 -0.175 0.0000e+00
0.025 -0.125 0.0000e+00
0.025 -0.075 0.0000e+00
0.025 -0.025 0.0000e+00
0.025 0.025 0.0000e+00
0.025 0.075 0.0000e+00
0.025 0.125 0.0000e+00
0.025 0.175 0.0000e+00
0.025 0.225 0.0000e+00
0.025 0.275 0.0000e+00
0.025 0.325 0.0000e+00
0.025 0.375 0.0000e+00
0.025 0.425 0.0000e+00
0.025 0.475 0.0000e+00
0.025 0.525 0.0000e+00
0.025 0.575 0.0000e+00
0.025 0.625 0.0000e+00
0.025 0.675 0.0000e+00
0.025 0.725 0.0000e+00
0.025 0.775 0.0000e+00
0.025 0.825 0.0000e+00
0.025 0.875 0.0000e+00
0.025 0.925 0.0000e+00
0.025 0.975 0.0000e+00
0.025 1.025 0.0000e+00
0.025 1.075 0.0000e+00
0.025 1.125 0.0000e+00
0.025 1.175 0.0000e+00
0.025 1.225 0.0000e+00
0.025 1.275 0.0000e+00
0.025 1.325 0.0000e+00
0.025 1.375 0.0000e+00
0.025 1.425 0.0000e+00
0.025 1.475 0.0000e+00
0.025 1.525 0.0000e+00
0.025 1.575 0.0000e+00
0.025 1.625 0.0000e+00
0.025 1.675 0.0000e+00
0.025 1.725 0.0000e+00
0.025 1.775 0.0000e+00
0.025 1.825 0.0000e+00
0.025 1.875 0.0000e+00
0.025 1.925 0.0000e+00
0.025 1.975 0.0000e+00
0.025 2.025 0.0000e+00
0.025 2.075 0.0000e+00
0.025 2.125 0.0000e+00
0.025 2.175 0.0000e+00
0.025 2.225 0.0000e+00
0.025 2.275 0.0000e+00
0.025 2.325 0.0000e+00
0.025 2.375 0.0000e+00
0.025 2.425 0.0000e+00
0.025 2.475 0.0000e+00
0.025 2.525 0.0000e+00
0.025 2.575 0.0000e+00
0.025 2.625 0.0000e+00
0.025 2.675 0.0000e+00
0.025 2.725 0.0000e+00
0.025 2.775 0.0000e+00
0.025 2.825 0.0000e+00
0.025 2.875 0.0000e+00
0.025 2.925 0.0000e+00
0.025 2.975 0.0000e+00
0.025 3.025 0.0000e+00
0.025 3.075 0.0000e+00
0.025 3.125 0.0000e+00
0.025 3.175 0.0000e+00
0.025 3.225 0.0000e+00
0.025 3.275 0.0000e+00
0.025 3.325 0.0000e+00
0.025 3.375 0.0000e+00
0.025 3.425 0.0000e+00
0.025 3.475 0.0000e+00
0.025 3.525 0.0000e+00
0.025 3.575 0.0000e+00
0.025 3.625 0.0000e+00
0.025 3.675 0.0000e+00
0.025 3.725 0.0000e+00
0.025 3.775 0.0000e+00
0.025 3.825 0.0000e+00
0.025 3.875 0.0000e+00
0.025 3.925 0.0000e+00
0.025 3.975 0.0000e+00
0.075 -1.975 0.0000e+00
0.075 -1.925 0.0000e+00
0.075 -1.875 0.0000e+00
0.075 -1.825 0.0000e+00
0.075 -1.775 0.0000e+00
0.075 -1.725 0.0000e+00
0.075 -1.675 0.0000e+00
0.075 -1.625 0.0000e+00
0.075 -1.575 0.0000e+00
0.075 -1.525 0.0000e+00
0.075 -1.475 0.0000e+00
0.075 -1.425 0.0000e+00
0.075 -1.375 0.0000e+00
0.075 -1.325 0.0000e+00
0.075 -1.275 0.0000e+00
0.075 -1.225 0.0000e+00
0.075 -1.175 0.0000e+00
0.075 -1.125 0.0000e+00
0.075 -1.075 0.0000e+00
0.075 -1.025 0.0000e+00
0.075 -0.975 0.0000e+00
0.075 -0.925 0.0000e+00
0.075 -0.875 0.0000e+00
0.075 -0.825 0.0000e+00
0.075 -0.775 0.0000e+00
0.075 -0.725 0.0000e+00
0.075 -0.675 0.0000e+00
0.075 -0.625 0.0000e+00
0.075 -0.575 0.0000e+00
0.075 -0.525 0.0000e+00
0.075 -0.475 0.0000e+00
0.075 -0.425 0.0000e+00
0.075 -0.375 0.0000e+00
0.075 -0.325 0.0000e+00
0.075 -0.275 0.0000e+00
0.075 -0.225 0.0000e+00
0.075 -0.175 0.0000e+00
0.075 -0.125 0.0000e+00
0.075 -0.075 0.0000e+00
0.075 -0.025 0.0000e+00
0.075 0.025 0.0000e+00
0.075 0.075 0.0000e+00
0.075 0.125 0.0000e+00
0.075 0.175 0.0000e+00
0.075 0.225 0.0000e+00
0.075 0.275 0.0000e+00
0.075 0.325 0.0000e+00
0.075 0.375 0.0000e+00
0.075 0.425 0.0000e+00
0.075 0.475 0.0000e+00
0.075 0.525 0.0000e+00
0.075 0.575 0.0000e+00
0.075 0.625 0.0000e+00
0.075 0.675 0.0000e+00
0.075 0.725 0.0000e+00
0.075 0.775 0.0000e+00
0.075 0.825 0.0000e+00
0.075 0.875 0.0000e+00
0.075 0.925 0.0000e+00
0.075 0.975 0.0000e+00
0.075 1.025 0.0000e+00
0.075 1.075 0.0000e+00
0.075 1.125 0.0000e+00
0.075 1.175 0.0000e+00
0.075 1.225 0.0000e+00
0.075 1.275 0.0000e+00
0.075 1.325 0.0000e+00
0.075 1.375 0.0000e+00
0.075 1.425 0.0000e+00
0.075 1.475 0.0000e+00
0.075 1.525 0.0000e+00
0.075 1.575 0.0000e+00
0.075 1.625 0.0000e+00
0.075 1.675 0.0000e+00
0.075 1.725 0.0000e+00
0.075 1.775 0.0000e+00
0.075 1.825 0.0000e+00
0.075 1.875 0.0000e+00
0.075 1.925 0.0000e+00
0.075 1.975 0.0000e+00
0.075 2.025 0.0000e+00
0.075 2.075 0.0000e+00
0.075 2.125 0.0000e+00
0.075 2.175 0.0000e+00
0.075 2.225 0.0000e+00
0.075 2.275 0.0000e+00
0.075 2.325 0.0000e+00
0.075 2.375 0.0000e+00
0.075 2.425 0.0000e+00
0.075 2.475 0.0000e+00
0.075 2.525 0.0000e+00
0.075 2.575 0.0000e+00
0.075 2.625 0.0000e+00
0.075 2.675 0.0000e+00
0.075 2.725 0.0000e+00
0.075 2.775 0.0000e+00
0.075 2.825 0.0000e+00
0.075 2.875 0.0000e+00
0.075 2.925 0.0000e+00
0.075 2.975 0.0000e+00
0.075 3.025 0.0000e+00
0.075 3.075 0.0000e+00
0.075 3.125 0.0000e+00
0.075 3.175 0.0000e+00
0.075 3.225 0.0000e+00
0.075 3.275 0.0000e+00
0.075 3.325 0.0000e+00
0.075 3.375 0.0000e+00
0.075 3.425 0.0000e+00
0.075 3.475 0.0000e+00
0.075 3.525 0.0000e+00
0.075 3.575 0.0000e+00
0.075 3.625 0.0000e+00
0.075 3.675 0.0000e+00
0.075 3.725 0.0000e+00
0.075 3.775 0.0000e+00
0.075 3.825 0.0000e+00
0.075 3.875 0.0000e+00
0.075 3.925 0.0000e+00
0.075 3.975 0.0000e+00
0.125 -1.975 0.0000e+00
0.125 -1.925 0.0000e+00
0.125 -1.875 0.0000e+00
0.125 -1.825 0.0000e+00
0.125 -1.775 0.0000e+00
0.125 -1.725 0.0000e+00
0.125 -1.675 0.0000e+00
0.125 -1.625 0.0000e+00
0.125 -1.575 0.0000e+00
0.125 -1.525 0.0000e+00
0.125 -1.475 0.0000e+00
0.125 -1.425 0.0000e+00
0.125 -1.375 0.0000e+00
0.125 -1.325 0.0000e+00
0.125 -1.275 0.0000e+00
0.125 -1.225 0.0000e+00
0.125 -1.175 0.0000e+00
0.125 -1.125 0.0000e+00
0.125 -1.075 0.0000e+00
0.125 -1.025 0.0000e+00
0.125 -0.975 0.0000e+00
0.125 -0.925 0.0000e+00
0.125 -0.875 0.0000e+00
0.125 -0.825 0.0000e+00
0.125 -0.775 0.0000e+00
0.125 -0.725 0.0000e+00
0.125 -0.675 0.0000e+00
0.125 -0.625 0.0000e+00
0.125 -0.575 0.0000e+00
0.125 -0.525 0.0000e+00
0.125 -0.475 0.0000e+00
0.125 -0.425 0.0000e+00
0.125 -0.375 0.0000e+00
0.125 -0.325 0.0000e+00
0.125 -0.275 0.0000e+00
0.125 -0.225 0.0000e+00
0.125 -0.175 0.0000e+00
0.125 -0.125 0.0000e+00
0.125 -0.075 0.0000e+00
0.125 -0.025 0.0000e+00
0.125 0.025 0.0000e+00
0.125 0.075 0.0000e+00
0.125 0.125 0.0000e+00
0.125 0.175 0.0000e+00
0.125 0.225 0.0000e+00
0.125 0.275 0.0000e+00
0.125 0.325 0.0000e+00
0.125 0.375 0.0000e+00
0.125 0.425 0.0000e+00
0.125 0.475 0.0000e+00
0.125 0.525 0.0000e+00
0.125 0.575 0.0000e+00
0.125 0.625 0.0000e+00
0.125 0.675 0.0000e+00
0.125 0.725 0.0000e+00
0.125 0.775 0.0000e+00
0.125 0.825 0.0000e+00
0.125 0.875 0.0000e+00
0.125 0.925 0.0000e+00
0.125 0.975 0.0000e+00
0.125 1.025 0.0000e+00
0.125 1.075 0.0000e+00
0.125 1.125 0.0000e+00
0.125 1.175 0.0000e+00
0.125 1.225 0.0000e+00
0.125 1.275 0.0000e+00
0.125 1.325 0.0000e+00
0.125 1.375 0.0000e+00
0.125 1.425 0.0000e+00
0.125 1.475 0.0000e+00
0.125 1.525 0.0000e+00
0.125 1.575 0.0000e+00
0.125 1.625 0.0000e+00
0.125 1.675 0.0000e+00
0.125 1.725 0.0000e+00
0.125 1.775 0.0000e+00
0.125 1.825 0.0000e+00
0.125 1.875 0.0000e+00
0.125 1.925 0.0000e+00
0.125 1.975 0.0000e+00
0.125 2.025 0.0000e+00
0.125 2.075 0.0000e+00
0.125 2.125 0.0000e+00
0.125 2.175 0.0000e+00
0.125 2.225 0.0000e+00
0.125 2.275 0.0000e+00
0.125 2.325 0.0000e+00
0.125 2.375 0.0000e+00
0.125 2.425 0.0000e+00
0.125 2.475 0.0000e+00
0.125 2.525 0.0000e+00
0.125 2.575 0.0000e+00
0.125 2.625 0.0000e+00
0.125 2.675 0.0000e+00
0.125 2.725 0.0000e+00
0.125 2.775 0.0000e+00
0.125 2.825 0.0000e+00
0.125 2.875 0.0000e+00
0.125 2.925 0.0000e+00
0.125 2.975 0.0000e+00
0.125 3.025 0.0000e+00
0.125 3.075 0.0000e+00
0.125 3.125 0.0000e+00
0.125 3.175 0.0000e+00
0.125 3.225 0.0000e+00
0.125 3.275 0.0000e+00
0.125 3.325 0.0000e+00
0.125 3.375 0.0000e+00
0.125 3.425 0.0000e+00
0.125 3.475 0.0000e+00
0.125 3.525 0.0000e+00
0.125 3.575 0.0000e+00
0.125 3.625 0.0000e+00
0.125 3.675 0.0000e+00
0.125 3.725 0.0000e+00
0.125 3.775 0.0000e+00
0.125 3.825 0.0000e+00
0.125 3.875 0.0000e+00
0.125 3.925 0.0000e+00
0.125 3.975 0.0000e+00
0.175 -1.975 0.0000e+00
0.175 -1.925 0.0000e+00
0.175 -1.875 0.0000e+00
0.175 -1.825 0.0000e+00
0.175 -1.775 0.0000e+00
0.175 -1.725 0.0000e+00
0.175 -1.675 0.0000e+00
0.175 -1.625 0.0000e+00
0.175 -1.575 0.0000e+00
0.175 -1.525 0.0000e+00
0.175 -1.475 0.0000e+00
0.175 -1.425 0.0000e+00
0.175 -1.375 0.0000e+00
0.175 -1.325 0.0000e+00
0.175 -1.275 0.0000e+00
0.175 -1.225 0.0000e+00
0.175 -1.175 0.0000e+00
0.175 -1.125 0.0000e+00
0.175 -1.075 0.0000e+00
0.175 -1.025 0.0000e+00
0.175 -0.975 0.0000e+00
0.175 -0.925 0.0000e+00
0.175 -0.875 0.0000e+00
0.175 -0.825 0.0000e+00
0.175 -0.775 0.0000e+00
0.175 -0.725 0.0000e+00
0.175 -0.675 0.0000e+00
0.175 -0.625 0.0000e+00
0.175 -0.575 0.0000e+00
0.175 -0.525 0.0000e+00
0.175 -0.475 0.0000e+00
0.175 -0.425 0.0000e+00
0.175 -0.375 0.0000e+00
0.175 -0.325 0.0000e+00
0.175 -0.275 0.0000e+00
0.175 -0.225 0.0000e+00
0.175 -0.175 0.0000e+00
0.175 -0.125 0.0000e+00
0.175 -0.075 0.0000e+00
0.175 -0.025 0.0000e+00
0.175 0.025 0.0000e+00
0.175 0.075 0.0000e+00
0.175 0.125 0.0000e+00
0.175 0.175 0.0000e+00
0.175 0.225 0.0000e+00
0.175 0.275 0.0000e+00
0.175 0.325 0.0000e+00
0.175 0.375 0.0000e+00
0.175 0.425 0.0000e+00
0.175 0.475 0.0000e+00
0.175 0.525 0.0000e+00
0.175 0.575 0.0000e+00
0.175 0.625 0.0000e+00
0.175 0.675 0.0000e+00
0.175 0.725 0.0000e+00
0.175 0.775 0.0000e+00
0.175 0.825 0.0000e+00
0.175 0.875 0.0000e+00
0.175 0.925 0.0000e+00
0.175 0.975 0.0000e+00
0.175 1.025 0.0000e+00
0.175 1.075 0.0000e+00
0.175 1.125 0.0000e+00
0.175 1.175 0.0000e+00
0.175 1.225 0.0000e+00
0.175 1.275 0.0000e+00
0.175 1.325 0.0000e+00
0.175 1.375 0.0000e+00
0.175 1.425 0.0000e+00
0.175 1.475 0.0000e+00
0.175 1.525 0.0000e+00
0.175 1.575 0.0000e+00
0.175 1.625 0.0000e+00
0.175 1.675 0.0000e+00
0.175 1.725 0.0000e+00
0.175 1.775 0.0000e+00
0.175 1.825 0.0000e+00
0.175 1.875 0.0000e+00
0.175 1.925 0.0000e+00
0.175 1.975 0.0000e+00
0.175 2.025 0.0000e+00
0.175 2.075 0.0000e+00
0.175 2.125 0.0000e+00
0.175 2.175 0.0000e+00
0.175 2.225 0.0000e+00
0.175 2.275 0.0000e+00
0.175 2.325 0.0000e+00
0.175 2.375 0.0000e+00
0.175 2.425 0.0000e+00
0.175 2.475 0.0000e+00
0.175 2.525 0.0000e+00
0.175 2.575 0.0000e+00
0.175 2.625 0.0000e+00
0.175 2.675 0.0000e+00
0.175 2.725 0.0000e+00
0.175 2.775 0.0000e+00
0.175 2.825 0.0000e+00
0.175 2.875 0.0000e+00
0.175 2.925 0.0000e+00
0.175 2.975 0.0000e+00
0.175 3.025 0.0000e+00
0.175 3.075 0.0000e+00
0.175 3.125 0.0000e+00
0.175 3.175 0.0000e+00
0.175 3.225 0.0000e+00
0.175 3.275 0.0000e+00
0.175 3.325 0.0000e+00
0.175 3.375 0.0000e+00
0.175 3.425 0.0000e+00
0.175 3.475 0.0000e+00
0.175 3.525 0.0000e+00
0.175 3.575 0.0000e+00
0.175 3.625 0.0000e+00
0.175 3.675 0.0000e+00
0.175 3.725 0.0000e+00
0.175 3.775 0.0000e+00
0.175 3.825 0.0000e+00
0.175 3.875 0.0000e+00
0.175 3.925 0.0000e+00
0.175 3.975 0.0000e+00
