# log10(theta) log10(p/GeV) cross-section[pb/bin] 
-7.475 -1.975 0.0000e+00
-7.475 -1.925 0.0000e+00
-7.475 -1.875 0.0000e+00
-7.475 -1.825 0.0000e+00
-7.475 -1.775 0.0000e+00
-7.475 -1.725 0.0000e+00
-7.475 -1.675 0.0000e+00
-7.475 -1.625 0.0000e+00
-7.475 -1.575 0.0000e+00
-7.475 -1.525 0.0000e+00
-7.475 -1.475 0.0000e+00
-7.475 -1.425 0.0000e+00
-7.475 -1.375 0.0000e+00
-7.475 -1.325 0.0000e+00
-7.475 -1.275 0.0000e+00
-7.475 -1.225 0.0000e+00
-7.475 -1.175 0.0000e+00
-7.475 -1.125 0.0000e+00
-7.475 -1.075 0.0000e+00
-7.475 -1.025 0.0000e+00
-7.475 -0.975 0.0000e+00
-7.475 -0.925 0.0000e+00
-7.475 -0.875 0.0000e+00
-7.475 -0.825 0.0000e+00
-7.475 -0.775 0.0000e+00
-7.475 -0.725 0.0000e+00
-7.475 -0.675 0.0000e+00
-7.475 -0.625 0.0000e+00
-7.475 -0.575 0.0000e+00
-7.475 -0.525 0.0000e+00
-7.475 -0.475 0.0000e+00
-7.475 -0.425 0.0000e+00
-7.475 -0.375 0.0000e+00
-7.475 -0.325 0.0000e+00
-7.475 -0.275 0.0000e+00
-7.475 -0.225 0.0000e+00
-7.475 -0.175 0.0000e+00
-7.475 -0.125 0.0000e+00
-7.475 -0.075 0.0000e+00
-7.475 -0.025 0.0000e+00
-7.475 0.025 0.0000e+00
-7.475 0.075 0.0000e+00
-7.475 0.125 0.0000e+00
-7.475 0.175 0.0000e+00
-7.475 0.225 0.0000e+00
-7.475 0.275 0.0000e+00
-7.475 0.325 0.0000e+00
-7.475 0.375 0.0000e+00
-7.475 0.425 0.0000e+00
-7.475 0.475 0.0000e+00
-7.475 0.525 0.0000e+00
-7.475 0.575 0.0000e+00
-7.475 0.625 0.0000e+00
-7.475 0.675 0.0000e+00
-7.475 0.725 0.0000e+00
-7.475 0.775 0.0000e+00
-7.475 0.825 0.0000e+00
-7.475 0.875 0.0000e+00
-7.475 0.925 0.0000e+00
-7.475 0.975 0.0000e+00
-7.475 1.025 0.0000e+00
-7.475 1.075 0.0000e+00
-7.475 1.125 1.0706e-21
-7.475 1.175 2.1381e-21
-7.475 1.225 4.2706e-21
-7.475 1.275 8.5312e-21
-7.475 1.325 1.7045e-20
-7.475 1.375 3.4060e-20
-7.475 1.425 6.8072e-20
-7.475 1.475 1.3608e-19
-7.475 1.525 2.7209e-19
-7.475 1.575 5.4418e-19
-7.475 1.625 1.0887e-18
-7.475 1.675 2.1787e-18
-7.475 1.725 4.3617e-18
-7.475 1.775 8.7357e-18
-7.475 1.825 1.7504e-17
-7.475 1.875 3.5091e-17
-7.475 1.925 7.0390e-17
-7.475 1.975 1.4129e-16
-7.475 2.025 2.8381e-16
-7.475 2.075 5.7057e-16
-7.475 2.125 1.1481e-15
-7.475 2.175 2.3127e-15
-7.475 2.225 4.6640e-15
-7.475 2.275 9.4184e-15
-7.475 2.325 1.9047e-14
-7.475 2.375 3.8584e-14
-7.475 2.425 7.8308e-14
-7.475 2.475 1.5926e-13
-7.475 2.525 3.2468e-13
-7.475 2.575 6.6367e-13
-7.475 2.625 1.3607e-12
-7.475 2.675 2.7992e-12
-7.475 2.725 5.7806e-12
-7.475 2.775 1.1989e-11
-7.475 2.825 2.4985e-11
-7.475 2.875 5.2355e-11
-7.475 2.925 1.1038e-10
-7.475 2.975 2.3435e-10
-7.475 3.025 5.0140e-10
-7.475 3.075 1.0822e-09
-7.475 3.125 2.3586e-09
-7.475 3.175 5.1963e-09
-7.475 3.225 1.1586e-08
-7.475 3.275 2.6170e-08
-7.475 3.325 5.9935e-08
-7.475 3.375 1.3923e-07
-7.475 3.425 3.2786e-07
-7.475 3.475 7.8101e-07
-7.475 3.525 1.8730e-06
-7.475 3.575 4.4826e-06
-7.475 3.625 1.0567e-05
-7.475 3.675 2.4173e-05
-7.475 3.725 5.3548e-05
-7.475 3.775 1.2115e-04
-7.475 3.825 3.3521e-04
-7.475 3.875 0.0000e+00
-7.475 3.925 0.0000e+00
-7.475 3.975 0.0000e+00
-7.425 -1.975 0.0000e+00
-7.425 -1.925 0.0000e+00
-7.425 -1.875 0.0000e+00
-7.425 -1.825 0.0000e+00
-7.425 -1.775 0.0000e+00
-7.425 -1.725 0.0000e+00
-7.425 -1.675 0.0000e+00
-7.425 -1.625 0.0000e+00
-7.425 -1.575 0.0000e+00
-7.425 -1.525 0.0000e+00
-7.425 -1.475 0.0000e+00
-7.425 -1.425 0.0000e+00
-7.425 -1.375 0.0000e+00
-7.425 -1.325 0.0000e+00
-7.425 -1.275 0.0000e+00
-7.425 -1.225 0.0000e+00
-7.425 -1.175 0.0000e+00
-7.425 -1.125 0.0000e+00
-7.425 -1.075 0.0000e+00
-7.425 -1.025 0.0000e+00
-7.425 -0.975 0.0000e+00
-7.425 -0.925 0.0000e+00
-7.425 -0.875 0.0000e+00
-7.425 -0.825 0.0000e+00
-7.425 -0.775 0.0000e+00
-7.425 -0.725 0.0000e+00
-7.425 -0.675 0.0000e+00
-7.425 -0.625 0.0000e+00
-7.425 -0.575 0.0000e+00
-7.425 -0.525 0.0000e+00
-7.425 -0.475 0.0000e+00
-7.425 -0.425 0.0000e+00
-7.425 -0.375 0.0000e+00
-7.425 -0.325 0.0000e+00
-7.425 -0.275 0.0000e+00
-7.425 -0.225 0.0000e+00
-7.425 -0.175 0.0000e+00
-7.425 -0.125 0.0000e+00
-7.425 -0.075 0.0000e+00
-7.425 -0.025 0.0000e+00
-7.425 0.025 0.0000e+00
-7.425 0.075 0.0000e+00
-7.425 0.125 0.0000e+00
-7.425 0.175 0.0000e+00
-7.425 0.225 0.0000e+00
-7.425 0.275 0.0000e+00
-7.425 0.325 0.0000e+00
-7.425 0.375 0.0000e+00
-7.425 0.425 0.0000e+00
-7.425 0.475 0.0000e+00
-7.425 0.525 0.0000e+00
-7.425 0.575 0.0000e+00
-7.425 0.625 0.0000e+00
-7.425 0.675 0.0000e+00
-7.425 0.725 0.0000e+00
-7.425 0.775 0.0000e+00
-7.425 0.825 0.0000e+00
-7.425 0.875 0.0000e+00
-7.425 0.925 0.0000e+00
-7.425 0.975 0.0000e+00
-7.425 1.025 0.0000e+00
-7.425 1.075 0.0000e+00
-7.425 1.125 1.3478e-21
-7.425 1.175 2.6917e-21
-7.425 1.225 5.3764e-21
-7.425 1.275 1.0740e-20
-7.425 1.325 2.1458e-20
-7.425 1.375 4.2879e-20
-7.425 1.425 8.5698e-20
-7.425 1.475 1.7131e-19
-7.425 1.525 3.4254e-19
-7.425 1.575 6.8508e-19
-7.425 1.625 1.3706e-18
-7.425 1.675 2.7428e-18
-7.425 1.725 5.4911e-18
-7.425 1.775 1.0998e-17
-7.425 1.825 2.2036e-17
-7.425 1.875 4.4177e-17
-7.425 1.925 8.8616e-17
-7.425 1.975 1.7787e-16
-7.425 2.025 3.5730e-16
-7.425 2.075 7.1830e-16
-7.425 2.125 1.4454e-15
-7.425 2.175 2.9115e-15
-7.425 2.225 5.8717e-15
-7.425 2.275 1.1857e-14
-7.425 2.325 2.3979e-14
-7.425 2.375 4.8575e-14
-7.425 2.425 9.8584e-14
-7.425 2.475 2.0050e-13
-7.425 2.525 4.0875e-13
-7.425 2.575 8.3551e-13
-7.425 2.625 1.7130e-12
-7.425 2.675 3.5240e-12
-7.425 2.725 7.2773e-12
-7.425 2.775 1.5093e-11
-7.425 2.825 3.1454e-11
-7.425 2.875 6.5911e-11
-7.425 2.925 1.3896e-10
-7.425 2.975 2.9502e-10
-7.425 3.025 6.3123e-10
-7.425 3.075 1.3624e-09
-7.425 3.125 2.9693e-09
-7.425 3.175 6.5418e-09
-7.425 3.225 1.4586e-08
-7.425 3.275 3.2946e-08
-7.425 3.325 7.5454e-08
-7.425 3.375 1.7528e-07
-7.425 3.425 4.1276e-07
-7.425 3.475 9.8323e-07
-7.425 3.525 2.3579e-06
-7.425 3.575 5.6433e-06
-7.425 3.625 1.3303e-05
-7.425 3.675 3.0432e-05
-7.425 3.725 6.7412e-05
-7.425 3.775 1.5251e-04
-7.425 3.825 4.2200e-04
-7.425 3.875 0.0000e+00
-7.425 3.925 0.0000e+00
-7.425 3.975 0.0000e+00
-7.375 -1.975 0.0000e+00
-7.375 -1.925 0.0000e+00
-7.375 -1.875 0.0000e+00
-7.375 -1.825 0.0000e+00
-7.375 -1.775 0.0000e+00
-7.375 -1.725 0.0000e+00
-7.375 -1.675 0.0000e+00
-7.375 -1.625 0.0000e+00
-7.375 -1.575 0.0000e+00
-7.375 -1.525 0.0000e+00
-7.375 -1.475 0.0000e+00
-7.375 -1.425 0.0000e+00
-7.375 -1.375 0.0000e+00
-7.375 -1.325 0.0000e+00
-7.375 -1.275 0.0000e+00
-7.375 -1.225 0.0000e+00
-7.375 -1.175 0.0000e+00
-7.375 -1.125 0.0000e+00
-7.375 -1.075 0.0000e+00
-7.375 -1.025 0.0000e+00
-7.375 -0.975 0.0000e+00
-7.375 -0.925 0.0000e+00
-7.375 -0.875 0.0000e+00
-7.375 -0.825 0.0000e+00
-7.375 -0.775 0.0000e+00
-7.375 -0.725 0.0000e+00
-7.375 -0.675 0.0000e+00
-7.375 -0.625 0.0000e+00
-7.375 -0.575 0.0000e+00
-7.375 -0.525 0.0000e+00
-7.375 -0.475 0.0000e+00
-7.375 -0.425 0.0000e+00
-7.375 -0.375 0.0000e+00
-7.375 -0.325 0.0000e+00
-7.375 -0.275 0.0000e+00
-7.375 -0.225 0.0000e+00
-7.375 -0.175 0.0000e+00
-7.375 -0.125 0.0000e+00
-7.375 -0.075 0.0000e+00
-7.375 -0.025 0.0000e+00
-7.375 0.025 0.0000e+00
-7.375 0.075 0.0000e+00
-7.375 0.125 0.0000e+00
-7.375 0.175 0.0000e+00
-7.375 0.225 0.0000e+00
-7.375 0.275 0.0000e+00
-7.375 0.325 0.0000e+00
-7.375 0.375 0.0000e+00
-7.375 0.425 0.0000e+00
-7.375 0.475 0.0000e+00
-7.375 0.525 0.0000e+00
-7.375 0.575 0.0000e+00
-7.375 0.625 0.0000e+00
-7.375 0.675 0.0000e+00
-7.375 0.725 0.0000e+00
-7.375 0.775 0.0000e+00
-7.375 0.825 0.0000e+00
-7.375 0.875 0.0000e+00
-7.375 0.925 0.0000e+00
-7.375 0.975 0.0000e+00
-7.375 1.025 0.0000e+00
-7.375 1.075 0.0000e+00
-7.375 1.125 1.6968e-21
-7.375 1.175 3.3887e-21
-7.375 1.225 6.7685e-21
-7.375 1.275 1.3521e-20
-7.375 1.325 2.7014e-20
-7.375 1.375 5.3981e-20
-7.375 1.425 1.0789e-19
-7.375 1.475 2.1567e-19
-7.375 1.525 4.3123e-19
-7.375 1.575 8.6246e-19
-7.375 1.625 1.7254e-18
-7.375 1.675 3.4530e-18
-7.375 1.725 6.9129e-18
-7.375 1.775 1.3845e-17
-7.375 1.825 2.7742e-17
-7.375 1.875 5.5616e-17
-7.375 1.925 1.1156e-16
-7.375 1.975 2.2393e-16
-7.375 2.025 4.4981e-16
-7.375 2.075 9.0429e-16
-7.375 2.125 1.8197e-15
-7.375 2.175 3.6654e-15
-7.375 2.225 7.3920e-15
-7.375 2.275 1.4927e-14
-7.375 2.325 3.0188e-14
-7.375 2.375 6.1152e-14
-7.375 2.425 1.2411e-13
-7.375 2.475 2.5241e-13
-7.375 2.525 5.1458e-13
-7.375 2.575 1.0519e-12
-7.375 2.625 2.1565e-12
-7.375 2.675 4.4365e-12
-7.375 2.725 9.1616e-12
-7.375 2.775 1.9001e-11
-7.375 2.825 3.9599e-11
-7.375 2.875 8.2977e-11
-7.375 2.925 1.7495e-10
-7.375 2.975 3.7141e-10
-7.375 3.025 7.9467e-10
-7.375 3.075 1.7151e-09
-7.375 3.125 3.7381e-09
-7.375 3.175 8.2356e-09
-7.375 3.225 1.8363e-08
-7.375 3.275 4.1477e-08
-7.375 3.325 9.4991e-08
-7.375 3.375 2.2066e-07
-7.375 3.425 5.1963e-07
-7.375 3.475 1.2378e-06
-7.375 3.525 2.9684e-06
-7.375 3.575 7.1045e-06
-7.375 3.625 1.6747e-05
-7.375 3.675 3.8312e-05
-7.375 3.725 8.4867e-05
-7.375 3.775 1.9200e-04
-7.375 3.825 5.3127e-04
-7.375 3.875 0.0000e+00
-7.375 3.925 0.0000e+00
-7.375 3.975 0.0000e+00
-7.325 -1.975 0.0000e+00
-7.325 -1.925 0.0000e+00
-7.325 -1.875 0.0000e+00
-7.325 -1.825 0.0000e+00
-7.325 -1.775 0.0000e+00
-7.325 -1.725 0.0000e+00
-7.325 -1.675 0.0000e+00
-7.325 -1.625 0.0000e+00
-7.325 -1.575 0.0000e+00
-7.325 -1.525 0.0000e+00
-7.325 -1.475 0.0000e+00
-7.325 -1.425 0.0000e+00
-7.325 -1.375 0.0000e+00
-7.325 -1.325 0.0000e+00
-7.325 -1.275 0.0000e+00
-7.325 -1.225 0.0000e+00
-7.325 -1.175 0.0000e+00
-7.325 -1.125 0.0000e+00
-7.325 -1.075 0.0000e+00
-7.325 -1.025 0.0000e+00
-7.325 -0.975 0.0000e+00
-7.325 -0.925 0.0000e+00
-7.325 -0.875 0.0000e+00
-7.325 -0.825 0.0000e+00
-7.325 -0.775 0.0000e+00
-7.325 -0.725 0.0000e+00
-7.325 -0.675 0.0000e+00
-7.325 -0.625 0.0000e+00
-7.325 -0.575 0.0000e+00
-7.325 -0.525 0.0000e+00
-7.325 -0.475 0.0000e+00
-7.325 -0.425 0.0000e+00
-7.325 -0.375 0.0000e+00
-7.325 -0.325 0.0000e+00
-7.325 -0.275 0.0000e+00
-7.325 -0.225 0.0000e+00
-7.325 -0.175 0.0000e+00
-7.325 -0.125 0.0000e+00
-7.325 -0.075 0.0000e+00
-7.325 -0.025 0.0000e+00
-7.325 0.025 0.0000e+00
-7.325 0.075 0.0000e+00
-7.325 0.125 0.0000e+00
-7.325 0.175 0.0000e+00
-7.325 0.225 0.0000e+00
-7.325 0.275 0.0000e+00
-7.325 0.325 0.0000e+00
-7.325 0.375 0.0000e+00
-7.325 0.425 0.0000e+00
-7.325 0.475 0.0000e+00
-7.325 0.525 0.0000e+00
-7.325 0.575 0.0000e+00
-7.325 0.625 0.0000e+00
-7.325 0.675 0.0000e+00
-7.325 0.725 0.0000e+00
-7.325 0.775 0.0000e+00
-7.325 0.825 0.0000e+00
-7.325 0.875 0.0000e+00
-7.325 0.925 0.0000e+00
-7.325 0.975 0.0000e+00
-7.325 1.025 0.0000e+00
-7.325 1.075 0.0000e+00
-7.325 1.125 2.1361e-21
-7.325 1.175 4.2661e-21
-7.325 1.225 8.5211e-21
-7.325 1.275 1.7022e-20
-7.325 1.325 3.4009e-20
-7.325 1.375 6.7958e-20
-7.325 1.425 1.3582e-19
-7.325 1.475 2.7151e-19
-7.325 1.525 5.4289e-19
-7.325 1.575 1.0858e-18
-7.325 1.625 2.1722e-18
-7.325 1.675 4.3471e-18
-7.325 1.725 8.7028e-18
-7.325 1.775 1.7430e-17
-7.325 1.825 3.4925e-17
-7.325 1.875 7.0016e-17
-7.325 1.925 1.4045e-16
-7.325 1.975 2.8191e-16
-7.325 2.025 5.6628e-16
-7.325 2.075 1.1384e-15
-7.325 2.125 2.2908e-15
-7.325 2.175 4.6145e-15
-7.325 2.225 9.3060e-15
-7.325 2.275 1.8792e-14
-7.325 2.325 3.8004e-14
-7.325 2.375 7.6986e-14
-7.325 2.425 1.5625e-13
-7.325 2.475 3.1777e-13
-7.325 2.525 6.4782e-13
-7.325 2.575 1.3242e-12
-7.325 2.625 2.7149e-12
-7.325 2.675 5.5852e-12
-7.325 2.725 1.1534e-11
-7.325 2.775 2.3921e-11
-7.325 2.825 4.9852e-11
-7.325 2.875 1.0446e-10
-7.325 2.925 2.2024e-10
-7.325 2.975 4.6758e-10
-7.325 3.025 1.0004e-09
-7.325 3.075 2.1592e-09
-7.325 3.125 4.7059e-09
-7.325 3.175 1.0368e-08
-7.325 3.225 2.3117e-08
-7.325 3.275 5.2216e-08
-7.325 3.325 1.1959e-07
-7.325 3.375 2.7779e-07
-7.325 3.425 6.5417e-07
-7.325 3.475 1.5583e-06
-7.325 3.525 3.7370e-06
-7.325 3.575 8.9440e-06
-7.325 3.625 2.1083e-05
-7.325 3.675 4.8231e-05
-7.325 3.725 1.0684e-04
-7.325 3.775 2.4172e-04
-7.325 3.825 6.6883e-04
-7.325 3.875 0.0000e+00
-7.325 3.925 0.0000e+00
-7.325 3.975 0.0000e+00
-7.275 -1.975 0.0000e+00
-7.275 -1.925 0.0000e+00
-7.275 -1.875 0.0000e+00
-7.275 -1.825 0.0000e+00
-7.275 -1.775 0.0000e+00
-7.275 -1.725 0.0000e+00
-7.275 -1.675 0.0000e+00
-7.275 -1.625 0.0000e+00
-7.275 -1.575 0.0000e+00
-7.275 -1.525 0.0000e+00
-7.275 -1.475 0.0000e+00
-7.275 -1.425 0.0000e+00
-7.275 -1.375 0.0000e+00
-7.275 -1.325 0.0000e+00
-7.275 -1.275 0.0000e+00
-7.275 -1.225 0.0000e+00
-7.275 -1.175 0.0000e+00
-7.275 -1.125 0.0000e+00
-7.275 -1.075 0.0000e+00
-7.275 -1.025 0.0000e+00
-7.275 -0.975 0.0000e+00
-7.275 -0.925 0.0000e+00
-7.275 -0.875 0.0000e+00
-7.275 -0.825 0.0000e+00
-7.275 -0.775 0.0000e+00
-7.275 -0.725 0.0000e+00
-7.275 -0.675 0.0000e+00
-7.275 -0.625 0.0000e+00
-7.275 -0.575 0.0000e+00
-7.275 -0.525 0.0000e+00
-7.275 -0.475 0.0000e+00
-7.275 -0.425 0.0000e+00
-7.275 -0.375 0.0000e+00
-7.275 -0.325 0.0000e+00
-7.275 -0.275 0.0000e+00
-7.275 -0.225 0.0000e+00
-7.275 -0.175 0.0000e+00
-7.275 -0.125 0.0000e+00
-7.275 -0.075 0.0000e+00
-7.275 -0.025 0.0000e+00
-7.275 0.025 0.0000e+00
-7.275 0.075 0.0000e+00
-7.275 0.125 0.0000e+00
-7.275 0.175 0.0000e+00
-7.275 0.225 0.0000e+00
-7.275 0.275 0.0000e+00
-7.275 0.325 0.0000e+00
-7.275 0.375 0.0000e+00
-7.275 0.425 0.0000e+00
-7.275 0.475 0.0000e+00
-7.275 0.525 0.0000e+00
-7.275 0.575 0.0000e+00
-7.275 0.625 0.0000e+00
-7.275 0.675 0.0000e+00
-7.275 0.725 0.0000e+00
-7.275 0.775 0.0000e+00
-7.275 0.825 0.0000e+00
-7.275 0.875 0.0000e+00
-7.275 0.925 0.0000e+00
-7.275 0.975 0.0000e+00
-7.275 1.025 0.0000e+00
-7.275 1.075 0.0000e+00
-7.275 1.125 2.6892e-21
-7.275 1.175 5.3707e-21
-7.275 1.225 1.0727e-20
-7.275 1.275 2.1429e-20
-7.275 1.325 4.2814e-20
-7.275 1.375 8.5554e-20
-7.275 1.425 1.7099e-19
-7.275 1.475 3.4181e-19
-7.275 1.525 6.8345e-19
-7.275 1.575 1.3669e-18
-7.275 1.625 2.7346e-18
-7.275 1.675 5.4727e-18
-7.275 1.725 1.0956e-17
-7.275 1.775 2.1943e-17
-7.275 1.825 4.3968e-17
-7.275 1.875 8.8145e-17
-7.275 1.925 1.7681e-16
-7.275 1.975 3.5490e-16
-7.275 2.025 7.1290e-16
-7.275 2.075 1.4332e-15
-7.275 2.125 2.8840e-15
-7.275 2.175 5.8093e-15
-7.275 2.225 1.1716e-14
-7.275 2.275 2.3658e-14
-7.275 2.325 4.7845e-14
-7.275 2.375 9.6920e-14
-7.275 2.425 1.9670e-13
-7.275 2.475 4.0005e-13
-7.275 2.525 8.1556e-13
-7.275 2.575 1.6671e-12
-7.275 2.625 3.4179e-12
-7.275 2.675 7.0313e-12
-7.275 2.725 1.4520e-11
-7.275 2.775 3.0114e-11
-7.275 2.825 6.2760e-11
-7.275 2.875 1.3151e-10
-7.275 2.925 2.7727e-10
-7.275 2.975 5.8865e-10
-7.275 3.025 1.2595e-09
-7.275 3.075 2.7183e-09
-7.275 3.125 5.9244e-09
-7.275 3.175 1.3053e-08
-7.275 3.225 2.9103e-08
-7.275 3.275 6.5737e-08
-7.275 3.325 1.5055e-07
-7.275 3.375 3.4972e-07
-7.275 3.425 8.2356e-07
-7.275 3.475 1.9618e-06
-7.275 3.525 4.7047e-06
-7.275 3.575 1.1260e-05
-7.275 3.625 2.6543e-05
-7.275 3.675 6.0720e-05
-7.275 3.725 1.3451e-04
-7.275 3.775 3.0430e-04
-7.275 3.825 8.4201e-04
-7.275 3.875 0.0000e+00
-7.275 3.925 0.0000e+00
-7.275 3.975 0.0000e+00
-7.225 -1.975 0.0000e+00
-7.225 -1.925 0.0000e+00
-7.225 -1.875 0.0000e+00
-7.225 -1.825 0.0000e+00
-7.225 -1.775 0.0000e+00
-7.225 -1.725 0.0000e+00
-7.225 -1.675 0.0000e+00
-7.225 -1.625 0.0000e+00
-7.225 -1.575 0.0000e+00
-7.225 -1.525 0.0000e+00
-7.225 -1.475 0.0000e+00
-7.225 -1.425 0.0000e+00
-7.225 -1.375 0.0000e+00
-7.225 -1.325 0.0000e+00
-7.225 -1.275 0.0000e+00
-7.225 -1.225 0.0000e+00
-7.225 -1.175 0.0000e+00
-7.225 -1.125 0.0000e+00
-7.225 -1.075 0.0000e+00
-7.225 -1.025 0.0000e+00
-7.225 -0.975 0.0000e+00
-7.225 -0.925 0.0000e+00
-7.225 -0.875 0.0000e+00
-7.225 -0.825 0.0000e+00
-7.225 -0.775 0.0000e+00
-7.225 -0.725 0.0000e+00
-7.225 -0.675 0.0000e+00
-7.225 -0.625 0.0000e+00
-7.225 -0.575 0.0000e+00
-7.225 -0.525 0.0000e+00
-7.225 -0.475 0.0000e+00
-7.225 -0.425 0.0000e+00
-7.225 -0.375 0.0000e+00
-7.225 -0.325 0.0000e+00
-7.225 -0.275 0.0000e+00
-7.225 -0.225 0.0000e+00
-7.225 -0.175 0.0000e+00
-7.225 -0.125 0.0000e+00
-7.225 -0.075 0.0000e+00
-7.225 -0.025 0.0000e+00
-7.225 0.025 0.0000e+00
-7.225 0.075 0.0000e+00
-7.225 0.125 0.0000e+00
-7.225 0.175 0.0000e+00
-7.225 0.225 0.0000e+00
-7.225 0.275 0.0000e+00
-7.225 0.325 0.0000e+00
-7.225 0.375 0.0000e+00
-7.225 0.425 0.0000e+00
-7.225 0.475 0.0000e+00
-7.225 0.525 0.0000e+00
-7.225 0.575 0.0000e+00
-7.225 0.625 0.0000e+00
-7.225 0.675 0.0000e+00
-7.225 0.725 0.0000e+00
-7.225 0.775 0.0000e+00
-7.225 0.825 0.0000e+00
-7.225 0.875 0.0000e+00
-7.225 0.925 0.0000e+00
-7.225 0.975 0.0000e+00
-7.225 1.025 0.0000e+00
-7.225 1.075 0.0000e+00
-7.225 1.125 3.3855e-21
-7.225 1.175 6.7614e-21
-7.225 1.225 1.3505e-20
-7.225 1.275 2.6978e-20
-7.225 1.325 5.3900e-20
-7.225 1.375 1.0771e-19
-7.225 1.425 2.1526e-19
-7.225 1.475 4.3032e-19
-7.225 1.525 8.6042e-19
-7.225 1.575 1.7208e-18
-7.225 1.625 3.4427e-18
-7.225 1.675 6.8897e-18
-7.225 1.725 1.3793e-17
-7.225 1.775 2.7625e-17
-7.225 1.825 5.5352e-17
-7.225 1.875 1.1097e-16
-7.225 1.925 2.2259e-16
-7.225 1.975 4.4680e-16
-7.225 2.025 8.9749e-16
-7.225 2.075 1.8043e-15
-7.225 2.125 3.6307e-15
-7.225 2.175 7.3134e-15
-7.225 2.225 1.4749e-14
-7.225 2.275 2.9784e-14
-7.225 2.325 6.0233e-14
-7.225 2.375 1.2201e-13
-7.225 2.425 2.4763e-13
-7.225 2.475 5.0363e-13
-7.225 2.525 1.0267e-12
-7.225 2.575 2.0987e-12
-7.225 2.625 4.3029e-12
-7.225 2.675 8.8519e-12
-7.225 2.725 1.8280e-11
-7.225 2.775 3.7912e-11
-7.225 2.825 7.9010e-11
-7.225 2.875 1.6556e-10
-7.225 2.925 3.4906e-10
-7.225 2.975 7.4107e-10
-7.225 3.025 1.5856e-09
-7.225 3.075 3.4222e-09
-7.225 3.125 7.4584e-09
-7.225 3.175 1.6432e-08
-7.225 3.225 3.6638e-08
-7.225 3.275 8.2757e-08
-7.225 3.325 1.8953e-07
-7.225 3.375 4.4028e-07
-7.225 3.425 1.0368e-06
-7.225 3.475 2.4698e-06
-7.225 3.525 5.9228e-06
-7.225 3.575 1.4175e-05
-7.225 3.625 3.3415e-05
-7.225 3.675 7.6442e-05
-7.225 3.725 1.6933e-04
-7.225 3.775 3.8309e-04
-7.225 3.825 1.0600e-03
-7.225 3.875 0.0000e+00
-7.225 3.925 0.0000e+00
-7.225 3.975 0.0000e+00
-7.175 -1.975 0.0000e+00
-7.175 -1.925 0.0000e+00
-7.175 -1.875 0.0000e+00
-7.175 -1.825 0.0000e+00
-7.175 -1.775 0.0000e+00
-7.175 -1.725 0.0000e+00
-7.175 -1.675 0.0000e+00
-7.175 -1.625 0.0000e+00
-7.175 -1.575 0.0000e+00
-7.175 -1.525 0.0000e+00
-7.175 -1.475 0.0000e+00
-7.175 -1.425 0.0000e+00
-7.175 -1.375 0.0000e+00
-7.175 -1.325 0.0000e+00
-7.175 -1.275 0.0000e+00
-7.175 -1.225 0.0000e+00
-7.175 -1.175 0.0000e+00
-7.175 -1.125 0.0000e+00
-7.175 -1.075 0.0000e+00
-7.175 -1.025 0.0000e+00
-7.175 -0.975 0.0000e+00
-7.175 -0.925 0.0000e+00
-7.175 -0.875 0.0000e+00
-7.175 -0.825 0.0000e+00
-7.175 -0.775 0.0000e+00
-7.175 -0.725 0.0000e+00
-7.175 -0.675 0.0000e+00
-7.175 -0.625 0.0000e+00
-7.175 -0.575 0.0000e+00
-7.175 -0.525 0.0000e+00
-7.175 -0.475 0.0000e+00
-7.175 -0.425 0.0000e+00
-7.175 -0.375 0.0000e+00
-7.175 -0.325 0.0000e+00
-7.175 -0.275 0.0000e+00
-7.175 -0.225 0.0000e+00
-7.175 -0.175 0.0000e+00
-7.175 -0.125 0.0000e+00
-7.175 -0.075 0.0000e+00
-7.175 -0.025 0.0000e+00
-7.175 0.025 0.0000e+00
-7.175 0.075 0.0000e+00
-7.175 0.125 0.0000e+00
-7.175 0.175 0.0000e+00
-7.175 0.225 0.0000e+00
-7.175 0.275 0.0000e+00
-7.175 0.325 0.0000e+00
-7.175 0.375 0.0000e+00
-7.175 0.425 0.0000e+00
-7.175 0.475 0.0000e+00
-7.175 0.525 0.0000e+00
-7.175 0.575 0.0000e+00
-7.175 0.625 0.0000e+00
-7.175 0.675 0.0000e+00
-7.175 0.725 0.0000e+00
-7.175 0.775 0.0000e+00
-7.175 0.825 0.0000e+00
-7.175 0.875 0.0000e+00
-7.175 0.925 0.0000e+00
-7.175 0.975 0.0000e+00
-7.175 1.025 0.0000e+00
-7.175 1.075 0.0000e+00
-7.175 1.125 4.2621e-21
-7.175 1.175 8.5120e-21
-7.175 1.225 1.7002e-20
-7.175 1.275 3.3963e-20
-7.175 1.325 6.7856e-20
-7.175 1.375 1.3559e-19
-7.175 1.425 2.7100e-19
-7.175 1.475 5.4174e-19
-7.175 1.525 1.0832e-18
-7.175 1.575 2.1664e-18
-7.175 1.625 4.3341e-18
-7.175 1.675 8.6736e-18
-7.175 1.725 1.7364e-17
-7.175 1.775 3.4777e-17
-7.175 1.825 6.9684e-17
-7.175 1.875 1.3970e-16
-7.175 1.925 2.8023e-16
-7.175 1.975 5.6249e-16
-7.175 2.025 1.1299e-15
-7.175 2.075 2.2715e-15
-7.175 2.125 4.5708e-15
-7.175 2.175 9.2071e-15
-7.175 2.225 1.8568e-14
-7.175 2.275 3.7495e-14
-7.175 2.325 7.5829e-14
-7.175 2.375 1.5361e-13
-7.175 2.425 3.1175e-13
-7.175 2.475 6.3404e-13
-7.175 2.525 1.2926e-12
-7.175 2.575 2.6421e-12
-7.175 2.625 5.4170e-12
-7.175 2.675 1.1144e-11
-7.175 2.725 2.3013e-11
-7.175 2.775 4.7728e-11
-7.175 2.825 9.9467e-11
-7.175 2.875 2.0843e-10
-7.175 2.925 4.3945e-10
-7.175 2.975 9.3295e-10
-7.175 3.025 1.9961e-09
-7.175 3.075 4.3082e-09
-7.175 3.125 9.3896e-09
-7.175 3.175 2.0687e-08
-7.175 3.225 4.6125e-08
-7.175 3.275 1.0419e-07
-7.175 3.325 2.3861e-07
-7.175 3.375 5.5427e-07
-7.175 3.425 1.3052e-06
-7.175 3.475 3.1093e-06
-7.175 3.525 7.4564e-06
-7.175 3.575 1.7846e-05
-7.175 3.625 4.2067e-05
-7.175 3.675 9.6234e-05
-7.175 3.725 2.1318e-04
-7.175 3.775 4.8229e-04
-7.175 3.825 1.3345e-03
-7.175 3.875 0.0000e+00
-7.175 3.925 0.0000e+00
-7.175 3.975 0.0000e+00
-7.125 -1.975 0.0000e+00
-7.125 -1.925 0.0000e+00
-7.125 -1.875 0.0000e+00
-7.125 -1.825 0.0000e+00
-7.125 -1.775 0.0000e+00
-7.125 -1.725 0.0000e+00
-7.125 -1.675 0.0000e+00
-7.125 -1.625 0.0000e+00
-7.125 -1.575 0.0000e+00
-7.125 -1.525 0.0000e+00
-7.125 -1.475 0.0000e+00
-7.125 -1.425 0.0000e+00
-7.125 -1.375 0.0000e+00
-7.125 -1.325 0.0000e+00
-7.125 -1.275 0.0000e+00
-7.125 -1.225 0.0000e+00
-7.125 -1.175 0.0000e+00
-7.125 -1.125 0.0000e+00
-7.125 -1.075 0.0000e+00
-7.125 -1.025 0.0000e+00
-7.125 -0.975 0.0000e+00
-7.125 -0.925 0.0000e+00
-7.125 -0.875 0.0000e+00
-7.125 -0.825 0.0000e+00
-7.125 -0.775 0.0000e+00
-7.125 -0.725 0.0000e+00
-7.125 -0.675 0.0000e+00
-7.125 -0.625 0.0000e+00
-7.125 -0.575 0.0000e+00
-7.125 -0.525 0.0000e+00
-7.125 -0.475 0.0000e+00
-7.125 -0.425 0.0000e+00
-7.125 -0.375 0.0000e+00
-7.125 -0.325 0.0000e+00
-7.125 -0.275 0.0000e+00
-7.125 -0.225 0.0000e+00
-7.125 -0.175 0.0000e+00
-7.125 -0.125 0.0000e+00
-7.125 -0.075 0.0000e+00
-7.125 -0.025 0.0000e+00
-7.125 0.025 0.0000e+00
-7.125 0.075 0.0000e+00
-7.125 0.125 0.0000e+00
-7.125 0.175 0.0000e+00
-7.125 0.225 0.0000e+00
-7.125 0.275 0.0000e+00
-7.125 0.325 0.0000e+00
-7.125 0.375 0.0000e+00
-7.125 0.425 0.0000e+00
-7.125 0.475 0.0000e+00
-7.125 0.525 0.0000e+00
-7.125 0.575 0.0000e+00
-7.125 0.625 0.0000e+00
-7.125 0.675 0.0000e+00
-7.125 0.725 0.0000e+00
-7.125 0.775 0.0000e+00
-7.125 0.825 0.0000e+00
-7.125 0.875 0.0000e+00
-7.125 0.925 0.0000e+00
-7.125 0.975 0.0000e+00
-7.125 1.025 0.0000e+00
-7.125 1.075 0.0000e+00
-7.125 1.125 5.3657e-21
-7.125 1.175 1.0716e-20
-7.125 1.225 2.1404e-20
-7.125 1.275 4.2757e-20
-7.125 1.325 8.5426e-20
-7.125 1.375 1.7070e-19
-7.125 1.425 3.4117e-19
-7.125 1.475 6.8201e-19
-7.125 1.525 1.3637e-18
-7.125 1.575 2.7274e-18
-7.125 1.625 5.4563e-18
-7.125 1.675 1.0919e-17
-7.125 1.725 2.1860e-17
-7.125 1.775 4.3782e-17
-7.125 1.825 8.7727e-17
-7.125 1.875 1.7587e-16
-7.125 1.925 3.5279e-16
-7.125 1.975 7.0813e-16
-7.125 2.025 1.4224e-15
-7.125 2.075 2.8596e-15
-7.125 2.125 5.7542e-15
-7.125 2.175 1.1591e-14
-7.125 2.225 2.3376e-14
-7.125 2.275 4.7204e-14
-7.125 2.325 9.5463e-14
-7.125 2.375 1.9338e-13
-7.125 2.425 3.9247e-13
-7.125 2.475 7.9821e-13
-7.125 2.525 1.6273e-12
-7.125 2.575 3.3262e-12
-7.125 2.625 6.8196e-12
-7.125 2.675 1.4029e-11
-7.125 2.725 2.8972e-11
-7.125 2.775 6.0086e-11
-7.125 2.825 1.2522e-10
-7.125 2.875 2.6240e-10
-7.125 2.925 5.5323e-10
-7.125 2.975 1.1745e-09
-7.125 3.025 2.5130e-09
-7.125 3.075 5.4238e-09
-7.125 3.125 1.1821e-08
-7.125 3.175 2.6043e-08
-7.125 3.225 5.8067e-08
-7.125 3.275 1.3116e-07
-7.125 3.325 3.0039e-07
-7.125 3.375 6.9779e-07
-7.125 3.425 1.6432e-06
-7.125 3.475 3.9143e-06
-7.125 3.525 9.3870e-06
-7.125 3.575 2.2466e-05
-7.125 3.625 5.2959e-05
-7.125 3.675 1.2115e-04
-7.125 3.725 2.6837e-04
-7.125 3.775 6.0716e-04
-7.125 3.825 1.6800e-03
-7.125 3.875 0.0000e+00
-7.125 3.925 0.0000e+00
-7.125 3.975 0.0000e+00
-7.075 -1.975 0.0000e+00
-7.075 -1.925 0.0000e+00
-7.075 -1.875 0.0000e+00
-7.075 -1.825 0.0000e+00
-7.075 -1.775 0.0000e+00
-7.075 -1.725 0.0000e+00
-7.075 -1.675 0.0000e+00
-7.075 -1.625 0.0000e+00
-7.075 -1.575 0.0000e+00
-7.075 -1.525 0.0000e+00
-7.075 -1.475 0.0000e+00
-7.075 -1.425 0.0000e+00
-7.075 -1.375 0.0000e+00
-7.075 -1.325 0.0000e+00
-7.075 -1.275 0.0000e+00
-7.075 -1.225 0.0000e+00
-7.075 -1.175 0.0000e+00
-7.075 -1.125 0.0000e+00
-7.075 -1.075 0.0000e+00
-7.075 -1.025 0.0000e+00
-7.075 -0.975 0.0000e+00
-7.075 -0.925 0.0000e+00
-7.075 -0.875 0.0000e+00
-7.075 -0.825 0.0000e+00
-7.075 -0.775 0.0000e+00
-7.075 -0.725 0.0000e+00
-7.075 -0.675 0.0000e+00
-7.075 -0.625 0.0000e+00
-7.075 -0.575 0.0000e+00
-7.075 -0.525 0.0000e+00
-7.075 -0.475 0.0000e+00
-7.075 -0.425 0.0000e+00
-7.075 -0.375 0.0000e+00
-7.075 -0.325 0.0000e+00
-7.075 -0.275 0.0000e+00
-7.075 -0.225 0.0000e+00
-7.075 -0.175 0.0000e+00
-7.075 -0.125 0.0000e+00
-7.075 -0.075 0.0000e+00
-7.075 -0.025 0.0000e+00
-7.075 0.025 0.0000e+00
-7.075 0.075 0.0000e+00
-7.075 0.125 0.0000e+00
-7.075 0.175 0.0000e+00
-7.075 0.225 0.0000e+00
-7.075 0.275 0.0000e+00
-7.075 0.325 0.0000e+00
-7.075 0.375 0.0000e+00
-7.075 0.425 0.0000e+00
-7.075 0.475 0.0000e+00
-7.075 0.525 0.0000e+00
-7.075 0.575 0.0000e+00
-7.075 0.625 0.0000e+00
-7.075 0.675 0.0000e+00
-7.075 0.725 0.0000e+00
-7.075 0.775 0.0000e+00
-7.075 0.825 0.0000e+00
-7.075 0.875 0.0000e+00
-7.075 0.925 0.0000e+00
-7.075 0.975 0.0000e+00
-7.075 1.025 0.0000e+00
-7.075 1.075 0.0000e+00
-7.075 1.125 6.7550e-21
-7.075 1.175 1.3491e-20
-7.075 1.225 2.6946e-20
-7.075 1.275 5.3828e-20
-7.075 1.325 1.0755e-19
-7.075 1.375 2.1490e-19
-7.075 1.425 4.2951e-19
-7.075 1.475 8.5860e-19
-7.075 1.525 1.7168e-18
-7.075 1.575 3.4335e-18
-7.075 1.625 6.8691e-18
-7.075 1.675 1.3747e-17
-7.075 1.725 2.7521e-17
-7.075 1.775 5.5118e-17
-7.075 1.825 1.1044e-16
-7.075 1.875 2.2141e-16
-7.075 1.925 4.4413e-16
-7.075 1.975 8.9148e-16
-7.075 2.025 1.7907e-15
-7.075 2.075 3.6000e-15
-7.075 2.125 7.2442e-15
-7.075 2.175 1.4592e-14
-7.075 2.225 2.9428e-14
-7.075 2.275 5.9426e-14
-7.075 2.325 1.2018e-13
-7.075 2.375 2.4345e-13
-7.075 2.425 4.9409e-13
-7.075 2.475 1.0049e-12
-7.075 2.525 2.0486e-12
-7.075 2.575 4.1875e-12
-7.075 2.625 8.5854e-12
-7.075 2.675 1.7662e-11
-7.075 2.725 3.6473e-11
-7.075 2.775 7.5644e-11
-7.075 2.825 1.5764e-10
-7.075 2.875 3.3034e-10
-7.075 2.925 6.9647e-10
-7.075 2.975 1.4786e-09
-7.075 3.025 3.1636e-09
-7.075 3.075 6.8281e-09
-7.075 3.125 1.4882e-08
-7.075 3.175 3.2787e-08
-7.075 3.225 7.3103e-08
-7.075 3.275 1.6512e-07
-7.075 3.325 3.7817e-07
-7.075 3.375 8.7846e-07
-7.075 3.425 2.0687e-06
-7.075 3.475 4.9278e-06
-7.075 3.525 1.1818e-05
-7.075 3.575 2.8284e-05
-7.075 3.625 6.6672e-05
-7.075 3.675 1.5252e-04
-7.075 3.725 3.3786e-04
-7.075 3.775 7.6437e-04
-7.075 3.825 2.1150e-03
-7.075 3.875 0.0000e+00
-7.075 3.925 0.0000e+00
-7.075 3.975 0.0000e+00
-7.025 -1.975 0.0000e+00
-7.025 -1.925 0.0000e+00
-7.025 -1.875 0.0000e+00
-7.025 -1.825 0.0000e+00
-7.025 -1.775 0.0000e+00
-7.025 -1.725 0.0000e+00
-7.025 -1.675 0.0000e+00
-7.025 -1.625 0.0000e+00
-7.025 -1.575 0.0000e+00
-7.025 -1.525 0.0000e+00
-7.025 -1.475 0.0000e+00
-7.025 -1.425 0.0000e+00
-7.025 -1.375 0.0000e+00
-7.025 -1.325 0.0000e+00
-7.025 -1.275 0.0000e+00
-7.025 -1.225 0.0000e+00
-7.025 -1.175 0.0000e+00
-7.025 -1.125 0.0000e+00
-7.025 -1.075 0.0000e+00
-7.025 -1.025 0.0000e+00
-7.025 -0.975 0.0000e+00
-7.025 -0.925 0.0000e+00
-7.025 -0.875 0.0000e+00
-7.025 -0.825 0.0000e+00
-7.025 -0.775 0.0000e+00
-7.025 -0.725 0.0000e+00
-7.025 -0.675 0.0000e+00
-7.025 -0.625 0.0000e+00
-7.025 -0.575 0.0000e+00
-7.025 -0.525 0.0000e+00
-7.025 -0.475 0.0000e+00
-7.025 -0.425 0.0000e+00
-7.025 -0.375 0.0000e+00
-7.025 -0.325 0.0000e+00
-7.025 -0.275 0.0000e+00
-7.025 -0.225 0.0000e+00
-7.025 -0.175 0.0000e+00
-7.025 -0.125 0.0000e+00
-7.025 -0.075 0.0000e+00
-7.025 -0.025 0.0000e+00
-7.025 0.025 0.0000e+00
-7.025 0.075 0.0000e+00
-7.025 0.125 0.0000e+00
-7.025 0.175 0.0000e+00
-7.025 0.225 0.0000e+00
-7.025 0.275 0.0000e+00
-7.025 0.325 0.0000e+00
-7.025 0.375 0.0000e+00
-7.025 0.425 0.0000e+00
-7.025 0.475 0.0000e+00
-7.025 0.525 0.0000e+00
-7.025 0.575 0.0000e+00
-7.025 0.625 0.0000e+00
-7.025 0.675 0.0000e+00
-7.025 0.725 0.0000e+00
-7.025 0.775 0.0000e+00
-7.025 0.825 0.0000e+00
-7.025 0.875 0.0000e+00
-7.025 0.925 0.0000e+00
-7.025 0.975 0.0000e+00
-7.025 1.025 0.0000e+00
-7.025 1.075 0.0000e+00
-7.025 1.125 8.5040e-21
-7.025 1.175 1.6984e-20
-7.025 1.225 3.3923e-20
-7.025 1.275 6.7766e-20
-7.025 1.325 1.3539e-19
-7.025 1.375 2.7055e-19
-7.025 1.425 5.4072e-19
-7.025 1.475 1.0809e-18
-7.025 1.525 2.1613e-18
-7.025 1.575 4.3226e-18
-7.025 1.625 8.6477e-18
-7.025 1.675 1.7306e-17
-7.025 1.725 3.4646e-17
-7.025 1.775 6.9390e-17
-7.025 1.825 1.3904e-16
-7.025 1.875 2.7874e-16
-7.025 1.925 5.5913e-16
-7.025 1.975 1.1223e-15
-7.025 2.025 2.2544e-15
-7.025 2.075 4.5322e-15
-7.025 2.125 9.1199e-15
-7.025 2.175 1.8371e-14
-7.025 2.225 3.7048e-14
-7.025 2.275 7.4813e-14
-7.025 2.325 1.5130e-13
-7.025 2.375 3.0649e-13
-7.025 2.425 6.2202e-13
-7.025 2.475 1.2651e-12
-7.025 2.525 2.5790e-12
-7.025 2.575 5.2717e-12
-7.025 2.625 1.0808e-11
-7.025 2.675 2.2235e-11
-7.025 2.725 4.5917e-11
-7.025 2.775 9.5230e-11
-7.025 2.825 1.9846e-10
-7.025 2.875 4.1587e-10
-7.025 2.925 8.7681e-10
-7.025 2.975 1.8615e-09
-7.025 3.025 3.9828e-09
-7.025 3.075 8.5961e-09
-7.025 3.125 1.8735e-08
-7.025 3.175 4.1276e-08
-7.025 3.225 9.2031e-08
-7.025 3.275 2.0788e-07
-7.025 3.325 4.7608e-07
-7.025 3.375 1.1059e-06
-7.025 3.425 2.6043e-06
-7.025 3.475 6.2038e-06
-7.025 3.525 1.4877e-05
-7.025 3.575 3.5607e-05
-7.025 3.625 8.3935e-05
-7.025 3.675 1.9201e-04
-7.025 3.725 4.2534e-04
-7.025 3.775 9.6229e-04
-7.025 3.825 2.6627e-03
-7.025 3.875 0.0000e+00
-7.025 3.925 0.0000e+00
-7.025 3.975 0.0000e+00
-6.975 -1.975 0.0000e+00
-6.975 -1.925 0.0000e+00
-6.975 -1.875 0.0000e+00
-6.975 -1.825 0.0000e+00
-6.975 -1.775 0.0000e+00
-6.975 -1.725 0.0000e+00
-6.975 -1.675 0.0000e+00
-6.975 -1.625 0.0000e+00
-6.975 -1.575 0.0000e+00
-6.975 -1.525 0.0000e+00
-6.975 -1.475 0.0000e+00
-6.975 -1.425 0.0000e+00
-6.975 -1.375 0.0000e+00
-6.975 -1.325 0.0000e+00
-6.975 -1.275 0.0000e+00
-6.975 -1.225 0.0000e+00
-6.975 -1.175 0.0000e+00
-6.975 -1.125 0.0000e+00
-6.975 -1.075 0.0000e+00
-6.975 -1.025 0.0000e+00
-6.975 -0.975 0.0000e+00
-6.975 -0.925 0.0000e+00
-6.975 -0.875 0.0000e+00
-6.975 -0.825 0.0000e+00
-6.975 -0.775 0.0000e+00
-6.975 -0.725 0.0000e+00
-6.975 -0.675 0.0000e+00
-6.975 -0.625 0.0000e+00
-6.975 -0.575 0.0000e+00
-6.975 -0.525 0.0000e+00
-6.975 -0.475 0.0000e+00
-6.975 -0.425 0.0000e+00
-6.975 -0.375 0.0000e+00
-6.975 -0.325 0.0000e+00
-6.975 -0.275 0.0000e+00
-6.975 -0.225 0.0000e+00
-6.975 -0.175 0.0000e+00
-6.975 -0.125 0.0000e+00
-6.975 -0.075 0.0000e+00
-6.975 -0.025 0.0000e+00
-6.975 0.025 0.0000e+00
-6.975 0.075 0.0000e+00
-6.975 0.125 0.0000e+00
-6.975 0.175 0.0000e+00
-6.975 0.225 0.0000e+00
-6.975 0.275 0.0000e+00
-6.975 0.325 0.0000e+00
-6.975 0.375 0.0000e+00
-6.975 0.425 0.0000e+00
-6.975 0.475 0.0000e+00
-6.975 0.525 0.0000e+00
-6.975 0.575 0.0000e+00
-6.975 0.625 0.0000e+00
-6.975 0.675 0.0000e+00
-6.975 0.725 0.0000e+00
-6.975 0.775 0.0000e+00
-6.975 0.825 0.0000e+00
-6.975 0.875 0.0000e+00
-6.975 0.925 0.0000e+00
-6.975 0.975 0.0000e+00
-6.975 1.025 0.0000e+00
-6.975 1.075 0.0000e+00
-6.975 1.125 1.0706e-20
-6.975 1.175 2.1381e-20
-6.975 1.225 4.2706e-20
-6.975 1.275 8.5312e-20
-6.975 1.325 1.7045e-19
-6.975 1.375 3.4060e-19
-6.975 1.425 6.8072e-19
-6.975 1.475 1.3608e-18
-6.975 1.525 2.7209e-18
-6.975 1.575 5.4418e-18
-6.975 1.625 1.0887e-17
-6.975 1.675 2.1787e-17
-6.975 1.725 4.3617e-17
-6.975 1.775 8.7357e-17
-6.975 1.825 1.7504e-16
-6.975 1.875 3.5091e-16
-6.975 1.925 7.0390e-16
-6.975 1.975 1.4129e-15
-6.975 2.025 2.8381e-15
-6.975 2.075 5.7057e-15
-6.975 2.125 1.1481e-14
-6.975 2.175 2.3127e-14
-6.975 2.225 4.6640e-14
-6.975 2.275 9.4184e-14
-6.975 2.325 1.9047e-13
-6.975 2.375 3.8584e-13
-6.975 2.425 7.8308e-13
-6.975 2.475 1.5926e-12
-6.975 2.525 3.2468e-12
-6.975 2.575 6.6367e-12
-6.975 2.625 1.3607e-11
-6.975 2.675 2.7992e-11
-6.975 2.725 5.7806e-11
-6.975 2.775 1.1989e-10
-6.975 2.825 2.4985e-10
-6.975 2.875 5.2355e-10
-6.975 2.925 1.1038e-09
-6.975 2.975 2.3435e-09
-6.975 3.025 5.0140e-09
-6.975 3.075 1.0822e-08
-6.975 3.125 2.3586e-08
-6.975 3.175 5.1963e-08
-6.975 3.225 1.1586e-07
-6.975 3.275 2.6170e-07
-6.975 3.325 5.9935e-07
-6.975 3.375 1.3923e-06
-6.975 3.425 3.2786e-06
-6.975 3.475 7.8101e-06
-6.975 3.525 1.8730e-05
-6.975 3.575 4.4826e-05
-6.975 3.625 1.0567e-04
-6.975 3.675 2.4173e-04
-6.975 3.725 5.3548e-04
-6.975 3.775 1.2115e-03
-6.975 3.825 3.3521e-03
-6.975 3.875 0.0000e+00
-6.975 3.925 0.0000e+00
-6.975 3.975 0.0000e+00
-6.925 -1.975 0.0000e+00
-6.925 -1.925 0.0000e+00
-6.925 -1.875 0.0000e+00
-6.925 -1.825 0.0000e+00
-6.925 -1.775 0.0000e+00
-6.925 -1.725 0.0000e+00
-6.925 -1.675 0.0000e+00
-6.925 -1.625 0.0000e+00
-6.925 -1.575 0.0000e+00
-6.925 -1.525 0.0000e+00
-6.925 -1.475 0.0000e+00
-6.925 -1.425 0.0000e+00
-6.925 -1.375 0.0000e+00
-6.925 -1.325 0.0000e+00
-6.925 -1.275 0.0000e+00
-6.925 -1.225 0.0000e+00
-6.925 -1.175 0.0000e+00
-6.925 -1.125 0.0000e+00
-6.925 -1.075 0.0000e+00
-6.925 -1.025 0.0000e+00
-6.925 -0.975 0.0000e+00
-6.925 -0.925 0.0000e+00
-6.925 -0.875 0.0000e+00
-6.925 -0.825 0.0000e+00
-6.925 -0.775 0.0000e+00
-6.925 -0.725 0.0000e+00
-6.925 -0.675 0.0000e+00
-6.925 -0.625 0.0000e+00
-6.925 -0.575 0.0000e+00
-6.925 -0.525 0.0000e+00
-6.925 -0.475 0.0000e+00
-6.925 -0.425 0.0000e+00
-6.925 -0.375 0.0000e+00
-6.925 -0.325 0.0000e+00
-6.925 -0.275 0.0000e+00
-6.925 -0.225 0.0000e+00
-6.925 -0.175 0.0000e+00
-6.925 -0.125 0.0000e+00
-6.925 -0.075 0.0000e+00
-6.925 -0.025 0.0000e+00
-6.925 0.025 0.0000e+00
-6.925 0.075 0.0000e+00
-6.925 0.125 0.0000e+00
-6.925 0.175 0.0000e+00
-6.925 0.225 0.0000e+00
-6.925 0.275 0.0000e+00
-6.925 0.325 0.0000e+00
-6.925 0.375 0.0000e+00
-6.925 0.425 0.0000e+00
-6.925 0.475 0.0000e+00
-6.925 0.525 0.0000e+00
-6.925 0.575 0.0000e+00
-6.925 0.625 0.0000e+00
-6.925 0.675 0.0000e+00
-6.925 0.725 0.0000e+00
-6.925 0.775 0.0000e+00
-6.925 0.825 0.0000e+00
-6.925 0.875 0.0000e+00
-6.925 0.925 0.0000e+00
-6.925 0.975 0.0000e+00
-6.925 1.025 0.0000e+00
-6.925 1.075 0.0000e+00
-6.925 1.125 1.3478e-20
-6.925 1.175 2.6917e-20
-6.925 1.225 5.3764e-20
-6.925 1.275 1.0740e-19
-6.925 1.325 2.1458e-19
-6.925 1.375 4.2879e-19
-6.925 1.425 8.5698e-19
-6.925 1.475 1.7131e-18
-6.925 1.525 3.4254e-18
-6.925 1.575 6.8508e-18
-6.925 1.625 1.3706e-17
-6.925 1.675 2.7428e-17
-6.925 1.725 5.4911e-17
-6.925 1.775 1.0998e-16
-6.925 1.825 2.2036e-16
-6.925 1.875 4.4177e-16
-6.925 1.925 8.8616e-16
-6.925 1.975 1.7787e-15
-6.925 2.025 3.5730e-15
-6.925 2.075 7.1830e-15
-6.925 2.125 1.4454e-14
-6.925 2.175 2.9115e-14
-6.925 2.225 5.8717e-14
-6.925 2.275 1.1857e-13
-6.925 2.325 2.3979e-13
-6.925 2.375 4.8575e-13
-6.925 2.425 9.8584e-13
-6.925 2.475 2.0050e-12
-6.925 2.525 4.0875e-12
-6.925 2.575 8.3551e-12
-6.925 2.625 1.7130e-11
-6.925 2.675 3.5240e-11
-6.925 2.725 7.2773e-11
-6.925 2.775 1.5093e-10
-6.925 2.825 3.1454e-10
-6.925 2.875 6.5911e-10
-6.925 2.925 1.3896e-09
-6.925 2.975 2.9502e-09
-6.925 3.025 6.3123e-09
-6.925 3.075 1.3624e-08
-6.925 3.125 2.9693e-08
-6.925 3.175 6.5418e-08
-6.925 3.225 1.4586e-07
-6.925 3.275 3.2946e-07
-6.925 3.325 7.5454e-07
-6.925 3.375 1.7528e-06
-6.925 3.425 4.1276e-06
-6.925 3.475 9.8323e-06
-6.925 3.525 2.3579e-05
-6.925 3.575 5.6433e-05
-6.925 3.625 1.3303e-04
-6.925 3.675 3.0432e-04
-6.925 3.725 6.7412e-04
-6.925 3.775 1.5251e-03
-6.925 3.825 4.2200e-03
-6.925 3.875 0.0000e+00
-6.925 3.925 0.0000e+00
-6.925 3.975 0.0000e+00
-6.875 -1.975 0.0000e+00
-6.875 -1.925 0.0000e+00
-6.875 -1.875 0.0000e+00
-6.875 -1.825 0.0000e+00
-6.875 -1.775 0.0000e+00
-6.875 -1.725 0.0000e+00
-6.875 -1.675 0.0000e+00
-6.875 -1.625 0.0000e+00
-6.875 -1.575 0.0000e+00
-6.875 -1.525 0.0000e+00
-6.875 -1.475 0.0000e+00
-6.875 -1.425 0.0000e+00
-6.875 -1.375 0.0000e+00
-6.875 -1.325 0.0000e+00
-6.875 -1.275 0.0000e+00
-6.875 -1.225 0.0000e+00
-6.875 -1.175 0.0000e+00
-6.875 -1.125 0.0000e+00
-6.875 -1.075 0.0000e+00
-6.875 -1.025 0.0000e+00
-6.875 -0.975 0.0000e+00
-6.875 -0.925 0.0000e+00
-6.875 -0.875 0.0000e+00
-6.875 -0.825 0.0000e+00
-6.875 -0.775 0.0000e+00
-6.875 -0.725 0.0000e+00
-6.875 -0.675 0.0000e+00
-6.875 -0.625 0.0000e+00
-6.875 -0.575 0.0000e+00
-6.875 -0.525 0.0000e+00
-6.875 -0.475 0.0000e+00
-6.875 -0.425 0.0000e+00
-6.875 -0.375 0.0000e+00
-6.875 -0.325 0.0000e+00
-6.875 -0.275 0.0000e+00
-6.875 -0.225 0.0000e+00
-6.875 -0.175 0.0000e+00
-6.875 -0.125 0.0000e+00
-6.875 -0.075 0.0000e+00
-6.875 -0.025 0.0000e+00
-6.875 0.025 0.0000e+00
-6.875 0.075 0.0000e+00
-6.875 0.125 0.0000e+00
-6.875 0.175 0.0000e+00
-6.875 0.225 0.0000e+00
-6.875 0.275 0.0000e+00
-6.875 0.325 0.0000e+00
-6.875 0.375 0.0000e+00
-6.875 0.425 0.0000e+00
-6.875 0.475 0.0000e+00
-6.875 0.525 0.0000e+00
-6.875 0.575 0.0000e+00
-6.875 0.625 0.0000e+00
-6.875 0.675 0.0000e+00
-6.875 0.725 0.0000e+00
-6.875 0.775 0.0000e+00
-6.875 0.825 0.0000e+00
-6.875 0.875 0.0000e+00
-6.875 0.925 0.0000e+00
-6.875 0.975 0.0000e+00
-6.875 1.025 0.0000e+00
-6.875 1.075 0.0000e+00
-6.875 1.125 1.6968e-20
-6.875 1.175 3.3887e-20
-6.875 1.225 6.7685e-20
-6.875 1.275 1.3521e-19
-6.875 1.325 2.7014e-19
-6.875 1.375 5.3981e-19
-6.875 1.425 1.0789e-18
-6.875 1.475 2.1567e-18
-6.875 1.525 4.3123e-18
-6.875 1.575 8.6246e-18
-6.875 1.625 1.7254e-17
-6.875 1.675 3.4530e-17
-6.875 1.725 6.9129e-17
-6.875 1.775 1.3845e-16
-6.875 1.825 2.7742e-16
-6.875 1.875 5.5616e-16
-6.875 1.925 1.1156e-15
-6.875 1.975 2.2393e-15
-6.875 2.025 4.4981e-15
-6.875 2.075 9.0429e-15
-6.875 2.125 1.8197e-14
-6.875 2.175 3.6654e-14
-6.875 2.225 7.3920e-14
-6.875 2.275 1.4927e-13
-6.875 2.325 3.0188e-13
-6.875 2.375 6.1152e-13
-6.875 2.425 1.2411e-12
-6.875 2.475 2.5241e-12
-6.875 2.525 5.1458e-12
-6.875 2.575 1.0519e-11
-6.875 2.625 2.1565e-11
-6.875 2.675 4.4365e-11
-6.875 2.725 9.1616e-11
-6.875 2.775 1.9001e-10
-6.875 2.825 3.9599e-10
-6.875 2.875 8.2977e-10
-6.875 2.925 1.7495e-09
-6.875 2.975 3.7141e-09
-6.875 3.025 7.9467e-09
-6.875 3.075 1.7151e-08
-6.875 3.125 3.7381e-08
-6.875 3.175 8.2356e-08
-6.875 3.225 1.8363e-07
-6.875 3.275 4.1477e-07
-6.875 3.325 9.4991e-07
-6.875 3.375 2.2066e-06
-6.875 3.425 5.1963e-06
-6.875 3.475 1.2378e-05
-6.875 3.525 2.9684e-05
-6.875 3.575 7.1045e-05
-6.875 3.625 1.6747e-04
-6.875 3.675 3.8312e-04
-6.875 3.725 8.4867e-04
-6.875 3.775 1.9200e-03
-6.875 3.825 5.3127e-03
-6.875 3.875 0.0000e+00
-6.875 3.925 0.0000e+00
-6.875 3.975 0.0000e+00
-6.825 -1.975 0.0000e+00
-6.825 -1.925 0.0000e+00
-6.825 -1.875 0.0000e+00
-6.825 -1.825 0.0000e+00
-6.825 -1.775 0.0000e+00
-6.825 -1.725 0.0000e+00
-6.825 -1.675 0.0000e+00
-6.825 -1.625 0.0000e+00
-6.825 -1.575 0.0000e+00
-6.825 -1.525 0.0000e+00
-6.825 -1.475 0.0000e+00
-6.825 -1.425 0.0000e+00
-6.825 -1.375 0.0000e+00
-6.825 -1.325 0.0000e+00
-6.825 -1.275 0.0000e+00
-6.825 -1.225 0.0000e+00
-6.825 -1.175 0.0000e+00
-6.825 -1.125 0.0000e+00
-6.825 -1.075 0.0000e+00
-6.825 -1.025 0.0000e+00
-6.825 -0.975 0.0000e+00
-6.825 -0.925 0.0000e+00
-6.825 -0.875 0.0000e+00
-6.825 -0.825 0.0000e+00
-6.825 -0.775 0.0000e+00
-6.825 -0.725 0.0000e+00
-6.825 -0.675 0.0000e+00
-6.825 -0.625 0.0000e+00
-6.825 -0.575 0.0000e+00
-6.825 -0.525 0.0000e+00
-6.825 -0.475 0.0000e+00
-6.825 -0.425 0.0000e+00
-6.825 -0.375 0.0000e+00
-6.825 -0.325 0.0000e+00
-6.825 -0.275 0.0000e+00
-6.825 -0.225 0.0000e+00
-6.825 -0.175 0.0000e+00
-6.825 -0.125 0.0000e+00
-6.825 -0.075 0.0000e+00
-6.825 -0.025 0.0000e+00
-6.825 0.025 0.0000e+00
-6.825 0.075 0.0000e+00
-6.825 0.125 0.0000e+00
-6.825 0.175 0.0000e+00
-6.825 0.225 0.0000e+00
-6.825 0.275 0.0000e+00
-6.825 0.325 0.0000e+00
-6.825 0.375 0.0000e+00
-6.825 0.425 0.0000e+00
-6.825 0.475 0.0000e+00
-6.825 0.525 0.0000e+00
-6.825 0.575 0.0000e+00
-6.825 0.625 0.0000e+00
-6.825 0.675 0.0000e+00
-6.825 0.725 0.0000e+00
-6.825 0.775 0.0000e+00
-6.825 0.825 0.0000e+00
-6.825 0.875 0.0000e+00
-6.825 0.925 0.0000e+00
-6.825 0.975 0.0000e+00
-6.825 1.025 0.0000e+00
-6.825 1.075 0.0000e+00
-6.825 1.125 2.1361e-20
-6.825 1.175 4.2661e-20
-6.825 1.225 8.5211e-20
-6.825 1.275 1.7022e-19
-6.825 1.325 3.4009e-19
-6.825 1.375 6.7958e-19
-6.825 1.425 1.3582e-18
-6.825 1.475 2.7151e-18
-6.825 1.525 5.4289e-18
-6.825 1.575 1.0858e-17
-6.825 1.625 2.1722e-17
-6.825 1.675 4.3471e-17
-6.825 1.725 8.7028e-17
-6.825 1.775 1.7430e-16
-6.825 1.825 3.4925e-16
-6.825 1.875 7.0016e-16
-6.825 1.925 1.4045e-15
-6.825 1.975 2.8191e-15
-6.825 2.025 5.6628e-15
-6.825 2.075 1.1384e-14
-6.825 2.125 2.2908e-14
-6.825 2.175 4.6145e-14
-6.825 2.225 9.3060e-14
-6.825 2.275 1.8792e-13
-6.825 2.325 3.8004e-13
-6.825 2.375 7.6986e-13
-6.825 2.425 1.5625e-12
-6.825 2.475 3.1777e-12
-6.825 2.525 6.4782e-12
-6.825 2.575 1.3242e-11
-6.825 2.625 2.7149e-11
-6.825 2.675 5.5852e-11
-6.825 2.725 1.1534e-10
-6.825 2.775 2.3921e-10
-6.825 2.825 4.9852e-10
-6.825 2.875 1.0446e-09
-6.825 2.925 2.2024e-09
-6.825 2.975 4.6758e-09
-6.825 3.025 1.0004e-08
-6.825 3.075 2.1592e-08
-6.825 3.125 4.7059e-08
-6.825 3.175 1.0368e-07
-6.825 3.225 2.3117e-07
-6.825 3.275 5.2216e-07
-6.825 3.325 1.1959e-06
-6.825 3.375 2.7779e-06
-6.825 3.425 6.5417e-06
-6.825 3.475 1.5583e-05
-6.825 3.525 3.7370e-05
-6.825 3.575 8.9440e-05
-6.825 3.625 2.1083e-04
-6.825 3.675 4.8231e-04
-6.825 3.725 1.0684e-03
-6.825 3.775 2.4172e-03
-6.825 3.825 6.6883e-03
-6.825 3.875 0.0000e+00
-6.825 3.925 0.0000e+00
-6.825 3.975 0.0000e+00
-6.775 -1.975 0.0000e+00
-6.775 -1.925 0.0000e+00
-6.775 -1.875 0.0000e+00
-6.775 -1.825 0.0000e+00
-6.775 -1.775 0.0000e+00
-6.775 -1.725 0.0000e+00
-6.775 -1.675 0.0000e+00
-6.775 -1.625 0.0000e+00
-6.775 -1.575 0.0000e+00
-6.775 -1.525 0.0000e+00
-6.775 -1.475 0.0000e+00
-6.775 -1.425 0.0000e+00
-6.775 -1.375 0.0000e+00
-6.775 -1.325 0.0000e+00
-6.775 -1.275 0.0000e+00
-6.775 -1.225 0.0000e+00
-6.775 -1.175 0.0000e+00
-6.775 -1.125 0.0000e+00
-6.775 -1.075 0.0000e+00
-6.775 -1.025 0.0000e+00
-6.775 -0.975 0.0000e+00
-6.775 -0.925 0.0000e+00
-6.775 -0.875 0.0000e+00
-6.775 -0.825 0.0000e+00
-6.775 -0.775 0.0000e+00
-6.775 -0.725 0.0000e+00
-6.775 -0.675 0.0000e+00
-6.775 -0.625 0.0000e+00
-6.775 -0.575 0.0000e+00
-6.775 -0.525 0.0000e+00
-6.775 -0.475 0.0000e+00
-6.775 -0.425 0.0000e+00
-6.775 -0.375 0.0000e+00
-6.775 -0.325 0.0000e+00
-6.775 -0.275 0.0000e+00
-6.775 -0.225 0.0000e+00
-6.775 -0.175 0.0000e+00
-6.775 -0.125 0.0000e+00
-6.775 -0.075 0.0000e+00
-6.775 -0.025 0.0000e+00
-6.775 0.025 0.0000e+00
-6.775 0.075 0.0000e+00
-6.775 0.125 0.0000e+00
-6.775 0.175 0.0000e+00
-6.775 0.225 0.0000e+00
-6.775 0.275 0.0000e+00
-6.775 0.325 0.0000e+00
-6.775 0.375 0.0000e+00
-6.775 0.425 0.0000e+00
-6.775 0.475 0.0000e+00
-6.775 0.525 0.0000e+00
-6.775 0.575 0.0000e+00
-6.775 0.625 0.0000e+00
-6.775 0.675 0.0000e+00
-6.775 0.725 0.0000e+00
-6.775 0.775 0.0000e+00
-6.775 0.825 0.0000e+00
-6.775 0.875 0.0000e+00
-6.775 0.925 0.0000e+00
-6.775 0.975 0.0000e+00
-6.775 1.025 0.0000e+00
-6.775 1.075 0.0000e+00
-6.775 1.125 2.6892e-20
-6.775 1.175 5.3707e-20
-6.775 1.225 1.0727e-19
-6.775 1.275 2.1429e-19
-6.775 1.325 4.2814e-19
-6.775 1.375 8.5554e-19
-6.775 1.425 1.7099e-18
-6.775 1.475 3.4181e-18
-6.775 1.525 6.8345e-18
-6.775 1.575 1.3669e-17
-6.775 1.625 2.7346e-17
-6.775 1.675 5.4727e-17
-6.775 1.725 1.0956e-16
-6.775 1.775 2.1943e-16
-6.775 1.825 4.3968e-16
-6.775 1.875 8.8145e-16
-6.775 1.925 1.7681e-15
-6.775 1.975 3.5490e-15
-6.775 2.025 7.1290e-15
-6.775 2.075 1.4332e-14
-6.775 2.125 2.8840e-14
-6.775 2.175 5.8093e-14
-6.775 2.225 1.1716e-13
-6.775 2.275 2.3658e-13
-6.775 2.325 4.7845e-13
-6.775 2.375 9.6920e-13
-6.775 2.425 1.9670e-12
-6.775 2.475 4.0005e-12
-6.775 2.525 8.1556e-12
-6.775 2.575 1.6671e-11
-6.775 2.625 3.4179e-11
-6.775 2.675 7.0313e-11
-6.775 2.725 1.4520e-10
-6.775 2.775 3.0114e-10
-6.775 2.825 6.2760e-10
-6.775 2.875 1.3151e-09
-6.775 2.925 2.7727e-09
-6.775 2.975 5.8865e-09
-6.775 3.025 1.2595e-08
-6.775 3.075 2.7183e-08
-6.775 3.125 5.9244e-08
-6.775 3.175 1.3053e-07
-6.775 3.225 2.9103e-07
-6.775 3.275 6.5737e-07
-6.775 3.325 1.5055e-06
-6.775 3.375 3.4972e-06
-6.775 3.425 8.2356e-06
-6.775 3.475 1.9618e-05
-6.775 3.525 4.7047e-05
-6.775 3.575 1.1260e-04
-6.775 3.625 2.6543e-04
-6.775 3.675 6.0720e-04
-6.775 3.725 1.3451e-03
-6.775 3.775 3.0430e-03
-6.775 3.825 8.4201e-03
-6.775 3.875 0.0000e+00
-6.775 3.925 0.0000e+00
-6.775 3.975 0.0000e+00
-6.725 -1.975 0.0000e+00
-6.725 -1.925 0.0000e+00
-6.725 -1.875 0.0000e+00
-6.725 -1.825 0.0000e+00
-6.725 -1.775 0.0000e+00
-6.725 -1.725 0.0000e+00
-6.725 -1.675 0.0000e+00
-6.725 -1.625 0.0000e+00
-6.725 -1.575 0.0000e+00
-6.725 -1.525 0.0000e+00
-6.725 -1.475 0.0000e+00
-6.725 -1.425 0.0000e+00
-6.725 -1.375 0.0000e+00
-6.725 -1.325 0.0000e+00
-6.725 -1.275 0.0000e+00
-6.725 -1.225 0.0000e+00
-6.725 -1.175 0.0000e+00
-6.725 -1.125 0.0000e+00
-6.725 -1.075 0.0000e+00
-6.725 -1.025 0.0000e+00
-6.725 -0.975 0.0000e+00
-6.725 -0.925 0.0000e+00
-6.725 -0.875 0.0000e+00
-6.725 -0.825 0.0000e+00
-6.725 -0.775 0.0000e+00
-6.725 -0.725 0.0000e+00
-6.725 -0.675 0.0000e+00
-6.725 -0.625 0.0000e+00
-6.725 -0.575 0.0000e+00
-6.725 -0.525 0.0000e+00
-6.725 -0.475 0.0000e+00
-6.725 -0.425 0.0000e+00
-6.725 -0.375 0.0000e+00
-6.725 -0.325 0.0000e+00
-6.725 -0.275 0.0000e+00
-6.725 -0.225 0.0000e+00
-6.725 -0.175 0.0000e+00
-6.725 -0.125 0.0000e+00
-6.725 -0.075 0.0000e+00
-6.725 -0.025 0.0000e+00
-6.725 0.025 0.0000e+00
-6.725 0.075 0.0000e+00
-6.725 0.125 0.0000e+00
-6.725 0.175 0.0000e+00
-6.725 0.225 0.0000e+00
-6.725 0.275 0.0000e+00
-6.725 0.325 0.0000e+00
-6.725 0.375 0.0000e+00
-6.725 0.425 0.0000e+00
-6.725 0.475 0.0000e+00
-6.725 0.525 0.0000e+00
-6.725 0.575 0.0000e+00
-6.725 0.625 0.0000e+00
-6.725 0.675 0.0000e+00
-6.725 0.725 0.0000e+00
-6.725 0.775 0.0000e+00
-6.725 0.825 0.0000e+00
-6.725 0.875 0.0000e+00
-6.725 0.925 0.0000e+00
-6.725 0.975 0.0000e+00
-6.725 1.025 0.0000e+00
-6.725 1.075 0.0000e+00
-6.725 1.125 3.3855e-20
-6.725 1.175 6.7614e-20
-6.725 1.225 1.3505e-19
-6.725 1.275 2.6978e-19
-6.725 1.325 5.3900e-19
-6.725 1.375 1.0771e-18
-6.725 1.425 2.1526e-18
-6.725 1.475 4.3032e-18
-6.725 1.525 8.6042e-18
-6.725 1.575 1.7208e-17
-6.725 1.625 3.4427e-17
-6.725 1.675 6.8897e-17
-6.725 1.725 1.3793e-16
-6.725 1.775 2.7625e-16
-6.725 1.825 5.5352e-16
-6.725 1.875 1.1097e-15
-6.725 1.925 2.2259e-15
-6.725 1.975 4.4680e-15
-6.725 2.025 8.9749e-15
-6.725 2.075 1.8043e-14
-6.725 2.125 3.6307e-14
-6.725 2.175 7.3134e-14
-6.725 2.225 1.4749e-13
-6.725 2.275 2.9784e-13
-6.725 2.325 6.0233e-13
-6.725 2.375 1.2201e-12
-6.725 2.425 2.4763e-12
-6.725 2.475 5.0363e-12
-6.725 2.525 1.0267e-11
-6.725 2.575 2.0987e-11
-6.725 2.625 4.3029e-11
-6.725 2.675 8.8519e-11
-6.725 2.725 1.8280e-10
-6.725 2.775 3.7912e-10
-6.725 2.825 7.9010e-10
-6.725 2.875 1.6556e-09
-6.725 2.925 3.4906e-09
-6.725 2.975 7.4107e-09
-6.725 3.025 1.5856e-08
-6.725 3.075 3.4222e-08
-6.725 3.125 7.4584e-08
-6.725 3.175 1.6432e-07
-6.725 3.225 3.6638e-07
-6.725 3.275 8.2757e-07
-6.725 3.325 1.8953e-06
-6.725 3.375 4.4028e-06
-6.725 3.425 1.0368e-05
-6.725 3.475 2.4698e-05
-6.725 3.525 5.9228e-05
-6.725 3.575 1.4175e-04
-6.725 3.625 3.3415e-04
-6.725 3.675 7.6442e-04
-6.725 3.725 1.6933e-03
-6.725 3.775 3.8309e-03
-6.725 3.825 1.0600e-02
-6.725 3.875 0.0000e+00
-6.725 3.925 0.0000e+00
-6.725 3.975 0.0000e+00
-6.675 -1.975 0.0000e+00
-6.675 -1.925 0.0000e+00
-6.675 -1.875 0.0000e+00
-6.675 -1.825 0.0000e+00
-6.675 -1.775 0.0000e+00
-6.675 -1.725 0.0000e+00
-6.675 -1.675 0.0000e+00
-6.675 -1.625 0.0000e+00
-6.675 -1.575 0.0000e+00
-6.675 -1.525 0.0000e+00
-6.675 -1.475 0.0000e+00
-6.675 -1.425 0.0000e+00
-6.675 -1.375 0.0000e+00
-6.675 -1.325 0.0000e+00
-6.675 -1.275 0.0000e+00
-6.675 -1.225 0.0000e+00
-6.675 -1.175 0.0000e+00
-6.675 -1.125 0.0000e+00
-6.675 -1.075 0.0000e+00
-6.675 -1.025 0.0000e+00
-6.675 -0.975 0.0000e+00
-6.675 -0.925 0.0000e+00
-6.675 -0.875 0.0000e+00
-6.675 -0.825 0.0000e+00
-6.675 -0.775 0.0000e+00
-6.675 -0.725 0.0000e+00
-6.675 -0.675 0.0000e+00
-6.675 -0.625 0.0000e+00
-6.675 -0.575 0.0000e+00
-6.675 -0.525 0.0000e+00
-6.675 -0.475 0.0000e+00
-6.675 -0.425 0.0000e+00
-6.675 -0.375 0.0000e+00
-6.675 -0.325 0.0000e+00
-6.675 -0.275 0.0000e+00
-6.675 -0.225 0.0000e+00
-6.675 -0.175 0.0000e+00
-6.675 -0.125 0.0000e+00
-6.675 -0.075 0.0000e+00
-6.675 -0.025 0.0000e+00
-6.675 0.025 0.0000e+00
-6.675 0.075 0.0000e+00
-6.675 0.125 0.0000e+00
-6.675 0.175 0.0000e+00
-6.675 0.225 0.0000e+00
-6.675 0.275 0.0000e+00
-6.675 0.325 0.0000e+00
-6.675 0.375 0.0000e+00
-6.675 0.425 0.0000e+00
-6.675 0.475 0.0000e+00
-6.675 0.525 0.0000e+00
-6.675 0.575 0.0000e+00
-6.675 0.625 0.0000e+00
-6.675 0.675 0.0000e+00
-6.675 0.725 0.0000e+00
-6.675 0.775 0.0000e+00
-6.675 0.825 0.0000e+00
-6.675 0.875 0.0000e+00
-6.675 0.925 0.0000e+00
-6.675 0.975 0.0000e+00
-6.675 1.025 0.0000e+00
-6.675 1.075 0.0000e+00
-6.675 1.125 4.2621e-20
-6.675 1.175 8.5120e-20
-6.675 1.225 1.7002e-19
-6.675 1.275 3.3963e-19
-6.675 1.325 6.7856e-19
-6.675 1.375 1.3559e-18
-6.675 1.425 2.7100e-18
-6.675 1.475 5.4174e-18
-6.675 1.525 1.0832e-17
-6.675 1.575 2.1664e-17
-6.675 1.625 4.3341e-17
-6.675 1.675 8.6736e-17
-6.675 1.725 1.7364e-16
-6.675 1.775 3.4777e-16
-6.675 1.825 6.9684e-16
-6.675 1.875 1.3970e-15
-6.675 1.925 2.8023e-15
-6.675 1.975 5.6249e-15
-6.675 2.025 1.1299e-14
-6.675 2.075 2.2715e-14
-6.675 2.125 4.5708e-14
-6.675 2.175 9.2071e-14
-6.675 2.225 1.8568e-13
-6.675 2.275 3.7495e-13
-6.675 2.325 7.5829e-13
-6.675 2.375 1.5361e-12
-6.675 2.425 3.1175e-12
-6.675 2.475 6.3404e-12
-6.675 2.525 1.2926e-11
-6.675 2.575 2.6421e-11
-6.675 2.625 5.4170e-11
-6.675 2.675 1.1144e-10
-6.675 2.725 2.3013e-10
-6.675 2.775 4.7728e-10
-6.675 2.825 9.9467e-10
-6.675 2.875 2.0843e-09
-6.675 2.925 4.3945e-09
-6.675 2.975 9.3295e-09
-6.675 3.025 1.9961e-08
-6.675 3.075 4.3082e-08
-6.675 3.125 9.3896e-08
-6.675 3.175 2.0687e-07
-6.675 3.225 4.6125e-07
-6.675 3.275 1.0419e-06
-6.675 3.325 2.3861e-06
-6.675 3.375 5.5427e-06
-6.675 3.425 1.3052e-05
-6.675 3.475 3.1093e-05
-6.675 3.525 7.4564e-05
-6.675 3.575 1.7846e-04
-6.675 3.625 4.2067e-04
-6.675 3.675 9.6234e-04
-6.675 3.725 2.1318e-03
-6.675 3.775 4.8229e-03
-6.675 3.825 1.3345e-02
-6.675 3.875 0.0000e+00
-6.675 3.925 0.0000e+00
-6.675 3.975 0.0000e+00
-6.625 -1.975 0.0000e+00
-6.625 -1.925 0.0000e+00
-6.625 -1.875 0.0000e+00
-6.625 -1.825 0.0000e+00
-6.625 -1.775 0.0000e+00
-6.625 -1.725 0.0000e+00
-6.625 -1.675 0.0000e+00
-6.625 -1.625 0.0000e+00
-6.625 -1.575 0.0000e+00
-6.625 -1.525 0.0000e+00
-6.625 -1.475 0.0000e+00
-6.625 -1.425 0.0000e+00
-6.625 -1.375 0.0000e+00
-6.625 -1.325 0.0000e+00
-6.625 -1.275 0.0000e+00
-6.625 -1.225 0.0000e+00
-6.625 -1.175 0.0000e+00
-6.625 -1.125 0.0000e+00
-6.625 -1.075 0.0000e+00
-6.625 -1.025 0.0000e+00
-6.625 -0.975 0.0000e+00
-6.625 -0.925 0.0000e+00
-6.625 -0.875 0.0000e+00
-6.625 -0.825 0.0000e+00
-6.625 -0.775 0.0000e+00
-6.625 -0.725 0.0000e+00
-6.625 -0.675 0.0000e+00
-6.625 -0.625 0.0000e+00
-6.625 -0.575 0.0000e+00
-6.625 -0.525 0.0000e+00
-6.625 -0.475 0.0000e+00
-6.625 -0.425 0.0000e+00
-6.625 -0.375 0.0000e+00
-6.625 -0.325 0.0000e+00
-6.625 -0.275 0.0000e+00
-6.625 -0.225 0.0000e+00
-6.625 -0.175 0.0000e+00
-6.625 -0.125 0.0000e+00
-6.625 -0.075 0.0000e+00
-6.625 -0.025 0.0000e+00
-6.625 0.025 0.0000e+00
-6.625 0.075 0.0000e+00
-6.625 0.125 0.0000e+00
-6.625 0.175 0.0000e+00
-6.625 0.225 0.0000e+00
-6.625 0.275 0.0000e+00
-6.625 0.325 0.0000e+00
-6.625 0.375 0.0000e+00
-6.625 0.425 0.0000e+00
-6.625 0.475 0.0000e+00
-6.625 0.525 0.0000e+00
-6.625 0.575 0.0000e+00
-6.625 0.625 0.0000e+00
-6.625 0.675 0.0000e+00
-6.625 0.725 0.0000e+00
-6.625 0.775 0.0000e+00
-6.625 0.825 0.0000e+00
-6.625 0.875 0.0000e+00
-6.625 0.925 0.0000e+00
-6.625 0.975 0.0000e+00
-6.625 1.025 0.0000e+00
-6.625 1.075 0.0000e+00
-6.625 1.125 5.3657e-20
-6.625 1.175 1.0716e-19
-6.625 1.225 2.1404e-19
-6.625 1.275 4.2757e-19
-6.625 1.325 8.5426e-19
-6.625 1.375 1.7070e-18
-6.625 1.425 3.4117e-18
-6.625 1.475 6.8201e-18
-6.625 1.525 1.3637e-17
-6.625 1.575 2.7274e-17
-6.625 1.625 5.4563e-17
-6.625 1.675 1.0919e-16
-6.625 1.725 2.1860e-16
-6.625 1.775 4.3782e-16
-6.625 1.825 8.7727e-16
-6.625 1.875 1.7587e-15
-6.625 1.925 3.5279e-15
-6.625 1.975 7.0813e-15
-6.625 2.025 1.4224e-14
-6.625 2.075 2.8596e-14
-6.625 2.125 5.7542e-14
-6.625 2.175 1.1591e-13
-6.625 2.225 2.3376e-13
-6.625 2.275 4.7204e-13
-6.625 2.325 9.5463e-13
-6.625 2.375 1.9338e-12
-6.625 2.425 3.9247e-12
-6.625 2.475 7.9821e-12
-6.625 2.525 1.6273e-11
-6.625 2.575 3.3262e-11
-6.625 2.625 6.8196e-11
-6.625 2.675 1.4029e-10
-6.625 2.725 2.8972e-10
-6.625 2.775 6.0086e-10
-6.625 2.825 1.2522e-09
-6.625 2.875 2.6240e-09
-6.625 2.925 5.5323e-09
-6.625 2.975 1.1745e-08
-6.625 3.025 2.5130e-08
-6.625 3.075 5.4238e-08
-6.625 3.125 1.1821e-07
-6.625 3.175 2.6043e-07
-6.625 3.225 5.8067e-07
-6.625 3.275 1.3116e-06
-6.625 3.325 3.0039e-06
-6.625 3.375 6.9779e-06
-6.625 3.425 1.6432e-05
-6.625 3.475 3.9143e-05
-6.625 3.525 9.3870e-05
-6.625 3.575 2.2466e-04
-6.625 3.625 5.2959e-04
-6.625 3.675 1.2115e-03
-6.625 3.725 2.6837e-03
-6.625 3.775 6.0716e-03
-6.625 3.825 1.6800e-02
-6.625 3.875 0.0000e+00
-6.625 3.925 0.0000e+00
-6.625 3.975 0.0000e+00
-6.575 -1.975 0.0000e+00
-6.575 -1.925 0.0000e+00
-6.575 -1.875 0.0000e+00
-6.575 -1.825 0.0000e+00
-6.575 -1.775 0.0000e+00
-6.575 -1.725 0.0000e+00
-6.575 -1.675 0.0000e+00
-6.575 -1.625 0.0000e+00
-6.575 -1.575 0.0000e+00
-6.575 -1.525 0.0000e+00
-6.575 -1.475 0.0000e+00
-6.575 -1.425 0.0000e+00
-6.575 -1.375 0.0000e+00
-6.575 -1.325 0.0000e+00
-6.575 -1.275 0.0000e+00
-6.575 -1.225 0.0000e+00
-6.575 -1.175 0.0000e+00
-6.575 -1.125 0.0000e+00
-6.575 -1.075 0.0000e+00
-6.575 -1.025 0.0000e+00
-6.575 -0.975 0.0000e+00
-6.575 -0.925 0.0000e+00
-6.575 -0.875 0.0000e+00
-6.575 -0.825 0.0000e+00
-6.575 -0.775 0.0000e+00
-6.575 -0.725 0.0000e+00
-6.575 -0.675 0.0000e+00
-6.575 -0.625 0.0000e+00
-6.575 -0.575 0.0000e+00
-6.575 -0.525 0.0000e+00
-6.575 -0.475 0.0000e+00
-6.575 -0.425 0.0000e+00
-6.575 -0.375 0.0000e+00
-6.575 -0.325 0.0000e+00
-6.575 -0.275 0.0000e+00
-6.575 -0.225 0.0000e+00
-6.575 -0.175 0.0000e+00
-6.575 -0.125 0.0000e+00
-6.575 -0.075 0.0000e+00
-6.575 -0.025 0.0000e+00
-6.575 0.025 0.0000e+00
-6.575 0.075 0.0000e+00
-6.575 0.125 0.0000e+00
-6.575 0.175 0.0000e+00
-6.575 0.225 0.0000e+00
-6.575 0.275 0.0000e+00
-6.575 0.325 0.0000e+00
-6.575 0.375 0.0000e+00
-6.575 0.425 0.0000e+00
-6.575 0.475 0.0000e+00
-6.575 0.525 0.0000e+00
-6.575 0.575 0.0000e+00
-6.575 0.625 0.0000e+00
-6.575 0.675 0.0000e+00
-6.575 0.725 0.0000e+00
-6.575 0.775 0.0000e+00
-6.575 0.825 0.0000e+00
-6.575 0.875 0.0000e+00
-6.575 0.925 0.0000e+00
-6.575 0.975 0.0000e+00
-6.575 1.025 0.0000e+00
-6.575 1.075 0.0000e+00
-6.575 1.125 6.7550e-20
-6.575 1.175 1.3491e-19
-6.575 1.225 2.6946e-19
-6.575 1.275 5.3828e-19
-6.575 1.325 1.0755e-18
-6.575 1.375 2.1490e-18
-6.575 1.425 4.2951e-18
-6.575 1.475 8.5860e-18
-6.575 1.525 1.7168e-17
-6.575 1.575 3.4335e-17
-6.575 1.625 6.8691e-17
-6.575 1.675 1.3747e-16
-6.575 1.725 2.7521e-16
-6.575 1.775 5.5118e-16
-6.575 1.825 1.1044e-15
-6.575 1.875 2.2141e-15
-6.575 1.925 4.4413e-15
-6.575 1.975 8.9148e-15
-6.575 2.025 1.7907e-14
-6.575 2.075 3.6000e-14
-6.575 2.125 7.2442e-14
-6.575 2.175 1.4592e-13
-6.575 2.225 2.9428e-13
-6.575 2.275 5.9426e-13
-6.575 2.325 1.2018e-12
-6.575 2.375 2.4345e-12
-6.575 2.425 4.9409e-12
-6.575 2.475 1.0049e-11
-6.575 2.525 2.0486e-11
-6.575 2.575 4.1875e-11
-6.575 2.625 8.5854e-11
-6.575 2.675 1.7662e-10
-6.575 2.725 3.6473e-10
-6.575 2.775 7.5644e-10
-6.575 2.825 1.5764e-09
-6.575 2.875 3.3034e-09
-6.575 2.925 6.9647e-09
-6.575 2.975 1.4786e-08
-6.575 3.025 3.1636e-08
-6.575 3.075 6.8281e-08
-6.575 3.125 1.4882e-07
-6.575 3.175 3.2787e-07
-6.575 3.225 7.3103e-07
-6.575 3.275 1.6512e-06
-6.575 3.325 3.7817e-06
-6.575 3.375 8.7846e-06
-6.575 3.425 2.0687e-05
-6.575 3.475 4.9278e-05
-6.575 3.525 1.1818e-04
-6.575 3.575 2.8284e-04
-6.575 3.625 6.6672e-04
-6.575 3.675 1.5252e-03
-6.575 3.725 3.3786e-03
-6.575 3.775 7.6437e-03
-6.575 3.825 2.1150e-02
-6.575 3.875 0.0000e+00
-6.575 3.925 0.0000e+00
-6.575 3.975 0.0000e+00
-6.525 -1.975 0.0000e+00
-6.525 -1.925 0.0000e+00
-6.525 -1.875 0.0000e+00
-6.525 -1.825 0.0000e+00
-6.525 -1.775 0.0000e+00
-6.525 -1.725 0.0000e+00
-6.525 -1.675 0.0000e+00
-6.525 -1.625 0.0000e+00
-6.525 -1.575 0.0000e+00
-6.525 -1.525 0.0000e+00
-6.525 -1.475 0.0000e+00
-6.525 -1.425 0.0000e+00
-6.525 -1.375 0.0000e+00
-6.525 -1.325 0.0000e+00
-6.525 -1.275 0.0000e+00
-6.525 -1.225 0.0000e+00
-6.525 -1.175 0.0000e+00
-6.525 -1.125 0.0000e+00
-6.525 -1.075 0.0000e+00
-6.525 -1.025 0.0000e+00
-6.525 -0.975 0.0000e+00
-6.525 -0.925 0.0000e+00
-6.525 -0.875 0.0000e+00
-6.525 -0.825 0.0000e+00
-6.525 -0.775 0.0000e+00
-6.525 -0.725 0.0000e+00
-6.525 -0.675 0.0000e+00
-6.525 -0.625 0.0000e+00
-6.525 -0.575 0.0000e+00
-6.525 -0.525 0.0000e+00
-6.525 -0.475 0.0000e+00
-6.525 -0.425 0.0000e+00
-6.525 -0.375 0.0000e+00
-6.525 -0.325 0.0000e+00
-6.525 -0.275 0.0000e+00
-6.525 -0.225 0.0000e+00
-6.525 -0.175 0.0000e+00
-6.525 -0.125 0.0000e+00
-6.525 -0.075 0.0000e+00
-6.525 -0.025 0.0000e+00
-6.525 0.025 0.0000e+00
-6.525 0.075 0.0000e+00
-6.525 0.125 0.0000e+00
-6.525 0.175 0.0000e+00
-6.525 0.225 0.0000e+00
-6.525 0.275 0.0000e+00
-6.525 0.325 0.0000e+00
-6.525 0.375 0.0000e+00
-6.525 0.425 0.0000e+00
-6.525 0.475 0.0000e+00
-6.525 0.525 0.0000e+00
-6.525 0.575 0.0000e+00
-6.525 0.625 0.0000e+00
-6.525 0.675 0.0000e+00
-6.525 0.725 0.0000e+00
-6.525 0.775 0.0000e+00
-6.525 0.825 0.0000e+00
-6.525 0.875 0.0000e+00
-6.525 0.925 0.0000e+00
-6.525 0.975 0.0000e+00
-6.525 1.025 0.0000e+00
-6.525 1.075 0.0000e+00
-6.525 1.125 8.5040e-20
-6.525 1.175 1.6984e-19
-6.525 1.225 3.3923e-19
-6.525 1.275 6.7766e-19
-6.525 1.325 1.3539e-18
-6.525 1.375 2.7055e-18
-6.525 1.425 5.4072e-18
-6.525 1.475 1.0809e-17
-6.525 1.525 2.1613e-17
-6.525 1.575 4.3226e-17
-6.525 1.625 8.6477e-17
-6.525 1.675 1.7306e-16
-6.525 1.725 3.4646e-16
-6.525 1.775 6.9390e-16
-6.525 1.825 1.3904e-15
-6.525 1.875 2.7874e-15
-6.525 1.925 5.5913e-15
-6.525 1.975 1.1223e-14
-6.525 2.025 2.2544e-14
-6.525 2.075 4.5322e-14
-6.525 2.125 9.1199e-14
-6.525 2.175 1.8371e-13
-6.525 2.225 3.7048e-13
-6.525 2.275 7.4813e-13
-6.525 2.325 1.5130e-12
-6.525 2.375 3.0649e-12
-6.525 2.425 6.2202e-12
-6.525 2.475 1.2651e-11
-6.525 2.525 2.5790e-11
-6.525 2.575 5.2717e-11
-6.525 2.625 1.0808e-10
-6.525 2.675 2.2235e-10
-6.525 2.725 4.5917e-10
-6.525 2.775 9.5230e-10
-6.525 2.825 1.9846e-09
-6.525 2.875 4.1587e-09
-6.525 2.925 8.7681e-09
-6.525 2.975 1.8615e-08
-6.525 3.025 3.9828e-08
-6.525 3.075 8.5961e-08
-6.525 3.125 1.8735e-07
-6.525 3.175 4.1276e-07
-6.525 3.225 9.2031e-07
-6.525 3.275 2.0788e-06
-6.525 3.325 4.7608e-06
-6.525 3.375 1.1059e-05
-6.525 3.425 2.6043e-05
-6.525 3.475 6.2038e-05
-6.525 3.525 1.4877e-04
-6.525 3.575 3.5607e-04
-6.525 3.625 8.3935e-04
-6.525 3.675 1.9201e-03
-6.525 3.725 4.2534e-03
-6.525 3.775 9.6229e-03
-6.525 3.825 2.6627e-02
-6.525 3.875 0.0000e+00
-6.525 3.925 0.0000e+00
-6.525 3.975 0.0000e+00
-6.475 -1.975 0.0000e+00
-6.475 -1.925 0.0000e+00
-6.475 -1.875 0.0000e+00
-6.475 -1.825 0.0000e+00
-6.475 -1.775 0.0000e+00
-6.475 -1.725 0.0000e+00
-6.475 -1.675 0.0000e+00
-6.475 -1.625 0.0000e+00
-6.475 -1.575 0.0000e+00
-6.475 -1.525 0.0000e+00
-6.475 -1.475 0.0000e+00
-6.475 -1.425 0.0000e+00
-6.475 -1.375 0.0000e+00
-6.475 -1.325 0.0000e+00
-6.475 -1.275 0.0000e+00
-6.475 -1.225 0.0000e+00
-6.475 -1.175 0.0000e+00
-6.475 -1.125 0.0000e+00
-6.475 -1.075 0.0000e+00
-6.475 -1.025 0.0000e+00
-6.475 -0.975 0.0000e+00
-6.475 -0.925 0.0000e+00
-6.475 -0.875 0.0000e+00
-6.475 -0.825 0.0000e+00
-6.475 -0.775 0.0000e+00
-6.475 -0.725 0.0000e+00
-6.475 -0.675 0.0000e+00
-6.475 -0.625 0.0000e+00
-6.475 -0.575 0.0000e+00
-6.475 -0.525 0.0000e+00
-6.475 -0.475 0.0000e+00
-6.475 -0.425 0.0000e+00
-6.475 -0.375 0.0000e+00
-6.475 -0.325 0.0000e+00
-6.475 -0.275 0.0000e+00
-6.475 -0.225 0.0000e+00
-6.475 -0.175 0.0000e+00
-6.475 -0.125 0.0000e+00
-6.475 -0.075 0.0000e+00
-6.475 -0.025 0.0000e+00
-6.475 0.025 0.0000e+00
-6.475 0.075 0.0000e+00
-6.475 0.125 0.0000e+00
-6.475 0.175 0.0000e+00
-6.475 0.225 0.0000e+00
-6.475 0.275 0.0000e+00
-6.475 0.325 0.0000e+00
-6.475 0.375 0.0000e+00
-6.475 0.425 0.0000e+00
-6.475 0.475 0.0000e+00
-6.475 0.525 0.0000e+00
-6.475 0.575 0.0000e+00
-6.475 0.625 0.0000e+00
-6.475 0.675 0.0000e+00
-6.475 0.725 0.0000e+00
-6.475 0.775 0.0000e+00
-6.475 0.825 0.0000e+00
-6.475 0.875 0.0000e+00
-6.475 0.925 0.0000e+00
-6.475 0.975 0.0000e+00
-6.475 1.025 0.0000e+00
-6.475 1.075 0.0000e+00
-6.475 1.125 1.0706e-19
-6.475 1.175 2.1381e-19
-6.475 1.225 4.2706e-19
-6.475 1.275 8.5312e-19
-6.475 1.325 1.7045e-18
-6.475 1.375 3.4060e-18
-6.475 1.425 6.8072e-18
-6.475 1.475 1.3608e-17
-6.475 1.525 2.7209e-17
-6.475 1.575 5.4418e-17
-6.475 1.625 1.0887e-16
-6.475 1.675 2.1787e-16
-6.475 1.725 4.3617e-16
-6.475 1.775 8.7357e-16
-6.475 1.825 1.7504e-15
-6.475 1.875 3.5091e-15
-6.475 1.925 7.0390e-15
-6.475 1.975 1.4129e-14
-6.475 2.025 2.8381e-14
-6.475 2.075 5.7057e-14
-6.475 2.125 1.1481e-13
-6.475 2.175 2.3127e-13
-6.475 2.225 4.6640e-13
-6.475 2.275 9.4184e-13
-6.475 2.325 1.9047e-12
-6.475 2.375 3.8584e-12
-6.475 2.425 7.8308e-12
-6.475 2.475 1.5926e-11
-6.475 2.525 3.2468e-11
-6.475 2.575 6.6367e-11
-6.475 2.625 1.3607e-10
-6.475 2.675 2.7992e-10
-6.475 2.725 5.7806e-10
-6.475 2.775 1.1989e-09
-6.475 2.825 2.4985e-09
-6.475 2.875 5.2355e-09
-6.475 2.925 1.1038e-08
-6.475 2.975 2.3435e-08
-6.475 3.025 5.0140e-08
-6.475 3.075 1.0822e-07
-6.475 3.125 2.3586e-07
-6.475 3.175 5.1963e-07
-6.475 3.225 1.1586e-06
-6.475 3.275 2.6170e-06
-6.475 3.325 5.9935e-06
-6.475 3.375 1.3923e-05
-6.475 3.425 3.2786e-05
-6.475 3.475 7.8101e-05
-6.475 3.525 1.8730e-04
-6.475 3.575 4.4826e-04
-6.475 3.625 1.0567e-03
-6.475 3.675 2.4173e-03
-6.475 3.725 5.3548e-03
-6.475 3.775 1.2114e-02
-6.475 3.825 3.3521e-02
-6.475 3.875 0.0000e+00
-6.475 3.925 0.0000e+00
-6.475 3.975 0.0000e+00
-6.425 -1.975 0.0000e+00
-6.425 -1.925 0.0000e+00
-6.425 -1.875 0.0000e+00
-6.425 -1.825 0.0000e+00
-6.425 -1.775 0.0000e+00
-6.425 -1.725 0.0000e+00
-6.425 -1.675 0.0000e+00
-6.425 -1.625 0.0000e+00
-6.425 -1.575 0.0000e+00
-6.425 -1.525 0.0000e+00
-6.425 -1.475 0.0000e+00
-6.425 -1.425 0.0000e+00
-6.425 -1.375 0.0000e+00
-6.425 -1.325 0.0000e+00
-6.425 -1.275 0.0000e+00
-6.425 -1.225 0.0000e+00
-6.425 -1.175 0.0000e+00
-6.425 -1.125 0.0000e+00
-6.425 -1.075 0.0000e+00
-6.425 -1.025 0.0000e+00
-6.425 -0.975 0.0000e+00
-6.425 -0.925 0.0000e+00
-6.425 -0.875 0.0000e+00
-6.425 -0.825 0.0000e+00
-6.425 -0.775 0.0000e+00
-6.425 -0.725 0.0000e+00
-6.425 -0.675 0.0000e+00
-6.425 -0.625 0.0000e+00
-6.425 -0.575 0.0000e+00
-6.425 -0.525 0.0000e+00
-6.425 -0.475 0.0000e+00
-6.425 -0.425 0.0000e+00
-6.425 -0.375 0.0000e+00
-6.425 -0.325 0.0000e+00
-6.425 -0.275 0.0000e+00
-6.425 -0.225 0.0000e+00
-6.425 -0.175 0.0000e+00
-6.425 -0.125 0.0000e+00
-6.425 -0.075 0.0000e+00
-6.425 -0.025 0.0000e+00
-6.425 0.025 0.0000e+00
-6.425 0.075 0.0000e+00
-6.425 0.125 0.0000e+00
-6.425 0.175 0.0000e+00
-6.425 0.225 0.0000e+00
-6.425 0.275 0.0000e+00
-6.425 0.325 0.0000e+00
-6.425 0.375 0.0000e+00
-6.425 0.425 0.0000e+00
-6.425 0.475 0.0000e+00
-6.425 0.525 0.0000e+00
-6.425 0.575 0.0000e+00
-6.425 0.625 0.0000e+00
-6.425 0.675 0.0000e+00
-6.425 0.725 0.0000e+00
-6.425 0.775 0.0000e+00
-6.425 0.825 0.0000e+00
-6.425 0.875 0.0000e+00
-6.425 0.925 0.0000e+00
-6.425 0.975 0.0000e+00
-6.425 1.025 0.0000e+00
-6.425 1.075 0.0000e+00
-6.425 1.125 1.3478e-19
-6.425 1.175 2.6917e-19
-6.425 1.225 5.3764e-19
-6.425 1.275 1.0740e-18
-6.425 1.325 2.1458e-18
-6.425 1.375 4.2879e-18
-6.425 1.425 8.5698e-18
-6.425 1.475 1.7131e-17
-6.425 1.525 3.4254e-17
-6.425 1.575 6.8508e-17
-6.425 1.625 1.3706e-16
-6.425 1.675 2.7428e-16
-6.425 1.725 5.4911e-16
-6.425 1.775 1.0998e-15
-6.425 1.825 2.2036e-15
-6.425 1.875 4.4177e-15
-6.425 1.925 8.8616e-15
-6.425 1.975 1.7787e-14
-6.425 2.025 3.5730e-14
-6.425 2.075 7.1830e-14
-6.425 2.125 1.4454e-13
-6.425 2.175 2.9115e-13
-6.425 2.225 5.8717e-13
-6.425 2.275 1.1857e-12
-6.425 2.325 2.3979e-12
-6.425 2.375 4.8575e-12
-6.425 2.425 9.8584e-12
-6.425 2.475 2.0050e-11
-6.425 2.525 4.0875e-11
-6.425 2.575 8.3551e-11
-6.425 2.625 1.7130e-10
-6.425 2.675 3.5240e-10
-6.425 2.725 7.2773e-10
-6.425 2.775 1.5093e-09
-6.425 2.825 3.1454e-09
-6.425 2.875 6.5911e-09
-6.425 2.925 1.3896e-08
-6.425 2.975 2.9502e-08
-6.425 3.025 6.3123e-08
-6.425 3.075 1.3624e-07
-6.425 3.125 2.9692e-07
-6.425 3.175 6.5418e-07
-6.425 3.225 1.4586e-06
-6.425 3.275 3.2946e-06
-6.425 3.325 7.5454e-06
-6.425 3.375 1.7528e-05
-6.425 3.425 4.1276e-05
-6.425 3.475 9.8323e-05
-6.425 3.525 2.3579e-04
-6.425 3.575 5.6433e-04
-6.425 3.625 1.3303e-03
-6.425 3.675 3.0432e-03
-6.425 3.725 6.7412e-03
-6.425 3.775 1.5251e-02
-6.425 3.825 4.2200e-02
-6.425 3.875 0.0000e+00
-6.425 3.925 0.0000e+00
-6.425 3.975 0.0000e+00
-6.375 -1.975 0.0000e+00
-6.375 -1.925 0.0000e+00
-6.375 -1.875 0.0000e+00
-6.375 -1.825 0.0000e+00
-6.375 -1.775 0.0000e+00
-6.375 -1.725 0.0000e+00
-6.375 -1.675 0.0000e+00
-6.375 -1.625 0.0000e+00
-6.375 -1.575 0.0000e+00
-6.375 -1.525 0.0000e+00
-6.375 -1.475 0.0000e+00
-6.375 -1.425 0.0000e+00
-6.375 -1.375 0.0000e+00
-6.375 -1.325 0.0000e+00
-6.375 -1.275 0.0000e+00
-6.375 -1.225 0.0000e+00
-6.375 -1.175 0.0000e+00
-6.375 -1.125 0.0000e+00
-6.375 -1.075 0.0000e+00
-6.375 -1.025 0.0000e+00
-6.375 -0.975 0.0000e+00
-6.375 -0.925 0.0000e+00
-6.375 -0.875 0.0000e+00
-6.375 -0.825 0.0000e+00
-6.375 -0.775 0.0000e+00
-6.375 -0.725 0.0000e+00
-6.375 -0.675 0.0000e+00
-6.375 -0.625 0.0000e+00
-6.375 -0.575 0.0000e+00
-6.375 -0.525 0.0000e+00
-6.375 -0.475 0.0000e+00
-6.375 -0.425 0.0000e+00
-6.375 -0.375 0.0000e+00
-6.375 -0.325 0.0000e+00
-6.375 -0.275 0.0000e+00
-6.375 -0.225 0.0000e+00
-6.375 -0.175 0.0000e+00
-6.375 -0.125 0.0000e+00
-6.375 -0.075 0.0000e+00
-6.375 -0.025 0.0000e+00
-6.375 0.025 0.0000e+00
-6.375 0.075 0.0000e+00
-6.375 0.125 0.0000e+00
-6.375 0.175 0.0000e+00
-6.375 0.225 0.0000e+00
-6.375 0.275 0.0000e+00
-6.375 0.325 0.0000e+00
-6.375 0.375 0.0000e+00
-6.375 0.425 0.0000e+00
-6.375 0.475 0.0000e+00
-6.375 0.525 0.0000e+00
-6.375 0.575 0.0000e+00
-6.375 0.625 0.0000e+00
-6.375 0.675 0.0000e+00
-6.375 0.725 0.0000e+00
-6.375 0.775 0.0000e+00
-6.375 0.825 0.0000e+00
-6.375 0.875 0.0000e+00
-6.375 0.925 0.0000e+00
-6.375 0.975 0.0000e+00
-6.375 1.025 0.0000e+00
-6.375 1.075 0.0000e+00
-6.375 1.125 1.6968e-19
-6.375 1.175 3.3887e-19
-6.375 1.225 6.7685e-19
-6.375 1.275 1.3521e-18
-6.375 1.325 2.7014e-18
-6.375 1.375 5.3981e-18
-6.375 1.425 1.0789e-17
-6.375 1.475 2.1567e-17
-6.375 1.525 4.3123e-17
-6.375 1.575 8.6246e-17
-6.375 1.625 1.7254e-16
-6.375 1.675 3.4530e-16
-6.375 1.725 6.9129e-16
-6.375 1.775 1.3845e-15
-6.375 1.825 2.7742e-15
-6.375 1.875 5.5616e-15
-6.375 1.925 1.1156e-14
-6.375 1.975 2.2393e-14
-6.375 2.025 4.4981e-14
-6.375 2.075 9.0429e-14
-6.375 2.125 1.8197e-13
-6.375 2.175 3.6654e-13
-6.375 2.225 7.3920e-13
-6.375 2.275 1.4927e-12
-6.375 2.325 3.0188e-12
-6.375 2.375 6.1152e-12
-6.375 2.425 1.2411e-11
-6.375 2.475 2.5241e-11
-6.375 2.525 5.1458e-11
-6.375 2.575 1.0519e-10
-6.375 2.625 2.1565e-10
-6.375 2.675 4.4365e-10
-6.375 2.725 9.1616e-10
-6.375 2.775 1.9001e-09
-6.375 2.825 3.9599e-09
-6.375 2.875 8.2977e-09
-6.375 2.925 1.7495e-08
-6.375 2.975 3.7141e-08
-6.375 3.025 7.9467e-08
-6.375 3.075 1.7151e-07
-6.375 3.125 3.7381e-07
-6.375 3.175 8.2356e-07
-6.375 3.225 1.8363e-06
-6.375 3.275 4.1477e-06
-6.375 3.325 9.4991e-06
-6.375 3.375 2.2066e-05
-6.375 3.425 5.1963e-05
-6.375 3.475 1.2378e-04
-6.375 3.525 2.9684e-04
-6.375 3.575 7.1045e-04
-6.375 3.625 1.6747e-03
-6.375 3.675 3.8311e-03
-6.375 3.725 8.4867e-03
-6.375 3.775 1.9200e-02
-6.375 3.825 5.3127e-02
-6.375 3.875 0.0000e+00
-6.375 3.925 0.0000e+00
-6.375 3.975 0.0000e+00
-6.325 -1.975 0.0000e+00
-6.325 -1.925 0.0000e+00
-6.325 -1.875 0.0000e+00
-6.325 -1.825 0.0000e+00
-6.325 -1.775 0.0000e+00
-6.325 -1.725 0.0000e+00
-6.325 -1.675 0.0000e+00
-6.325 -1.625 0.0000e+00
-6.325 -1.575 0.0000e+00
-6.325 -1.525 0.0000e+00
-6.325 -1.475 0.0000e+00
-6.325 -1.425 0.0000e+00
-6.325 -1.375 0.0000e+00
-6.325 -1.325 0.0000e+00
-6.325 -1.275 0.0000e+00
-6.325 -1.225 0.0000e+00
-6.325 -1.175 0.0000e+00
-6.325 -1.125 0.0000e+00
-6.325 -1.075 0.0000e+00
-6.325 -1.025 0.0000e+00
-6.325 -0.975 0.0000e+00
-6.325 -0.925 0.0000e+00
-6.325 -0.875 0.0000e+00
-6.325 -0.825 0.0000e+00
-6.325 -0.775 0.0000e+00
-6.325 -0.725 0.0000e+00
-6.325 -0.675 0.0000e+00
-6.325 -0.625 0.0000e+00
-6.325 -0.575 0.0000e+00
-6.325 -0.525 0.0000e+00
-6.325 -0.475 0.0000e+00
-6.325 -0.425 0.0000e+00
-6.325 -0.375 0.0000e+00
-6.325 -0.325 0.0000e+00
-6.325 -0.275 0.0000e+00
-6.325 -0.225 0.0000e+00
-6.325 -0.175 0.0000e+00
-6.325 -0.125 0.0000e+00
-6.325 -0.075 0.0000e+00
-6.325 -0.025 0.0000e+00
-6.325 0.025 0.0000e+00
-6.325 0.075 0.0000e+00
-6.325 0.125 0.0000e+00
-6.325 0.175 0.0000e+00
-6.325 0.225 0.0000e+00
-6.325 0.275 0.0000e+00
-6.325 0.325 0.0000e+00
-6.325 0.375 0.0000e+00
-6.325 0.425 0.0000e+00
-6.325 0.475 0.0000e+00
-6.325 0.525 0.0000e+00
-6.325 0.575 0.0000e+00
-6.325 0.625 0.0000e+00
-6.325 0.675 0.0000e+00
-6.325 0.725 0.0000e+00
-6.325 0.775 0.0000e+00
-6.325 0.825 0.0000e+00
-6.325 0.875 0.0000e+00
-6.325 0.925 0.0000e+00
-6.325 0.975 0.0000e+00
-6.325 1.025 0.0000e+00
-6.325 1.075 0.0000e+00
-6.325 1.125 2.1361e-19
-6.325 1.175 4.2661e-19
-6.325 1.225 8.5211e-19
-6.325 1.275 1.7022e-18
-6.325 1.325 3.4009e-18
-6.325 1.375 6.7958e-18
-6.325 1.425 1.3582e-17
-6.325 1.475 2.7151e-17
-6.325 1.525 5.4289e-17
-6.325 1.575 1.0858e-16
-6.325 1.625 2.1722e-16
-6.325 1.675 4.3471e-16
-6.325 1.725 8.7028e-16
-6.325 1.775 1.7430e-15
-6.325 1.825 3.4925e-15
-6.325 1.875 7.0016e-15
-6.325 1.925 1.4045e-14
-6.325 1.975 2.8191e-14
-6.325 2.025 5.6628e-14
-6.325 2.075 1.1384e-13
-6.325 2.125 2.2908e-13
-6.325 2.175 4.6145e-13
-6.325 2.225 9.3060e-13
-6.325 2.275 1.8792e-12
-6.325 2.325 3.8004e-12
-6.325 2.375 7.6986e-12
-6.325 2.425 1.5625e-11
-6.325 2.475 3.1777e-11
-6.325 2.525 6.4782e-11
-6.325 2.575 1.3242e-10
-6.325 2.625 2.7149e-10
-6.325 2.675 5.5852e-10
-6.325 2.725 1.1534e-09
-6.325 2.775 2.3921e-09
-6.325 2.825 4.9852e-09
-6.325 2.875 1.0446e-08
-6.325 2.925 2.2024e-08
-6.325 2.975 4.6758e-08
-6.325 3.025 1.0004e-07
-6.325 3.075 2.1592e-07
-6.325 3.125 4.7059e-07
-6.325 3.175 1.0368e-06
-6.325 3.225 2.3117e-06
-6.325 3.275 5.2216e-06
-6.325 3.325 1.1959e-05
-6.325 3.375 2.7779e-05
-6.325 3.425 6.5417e-05
-6.325 3.475 1.5583e-04
-6.325 3.525 3.7370e-04
-6.325 3.575 8.9440e-04
-6.325 3.625 2.1083e-03
-6.325 3.675 4.8231e-03
-6.325 3.725 1.0684e-02
-6.325 3.775 2.4172e-02
-6.325 3.825 6.6883e-02
-6.325 3.875 0.0000e+00
-6.325 3.925 0.0000e+00
-6.325 3.975 0.0000e+00
-6.275 -1.975 0.0000e+00
-6.275 -1.925 0.0000e+00
-6.275 -1.875 0.0000e+00
-6.275 -1.825 0.0000e+00
-6.275 -1.775 0.0000e+00
-6.275 -1.725 0.0000e+00
-6.275 -1.675 0.0000e+00
-6.275 -1.625 0.0000e+00
-6.275 -1.575 0.0000e+00
-6.275 -1.525 0.0000e+00
-6.275 -1.475 0.0000e+00
-6.275 -1.425 0.0000e+00
-6.275 -1.375 0.0000e+00
-6.275 -1.325 0.0000e+00
-6.275 -1.275 0.0000e+00
-6.275 -1.225 0.0000e+00
-6.275 -1.175 0.0000e+00
-6.275 -1.125 0.0000e+00
-6.275 -1.075 0.0000e+00
-6.275 -1.025 0.0000e+00
-6.275 -0.975 0.0000e+00
-6.275 -0.925 0.0000e+00
-6.275 -0.875 0.0000e+00
-6.275 -0.825 0.0000e+00
-6.275 -0.775 0.0000e+00
-6.275 -0.725 0.0000e+00
-6.275 -0.675 0.0000e+00
-6.275 -0.625 0.0000e+00
-6.275 -0.575 0.0000e+00
-6.275 -0.525 0.0000e+00
-6.275 -0.475 0.0000e+00
-6.275 -0.425 0.0000e+00
-6.275 -0.375 0.0000e+00
-6.275 -0.325 0.0000e+00
-6.275 -0.275 0.0000e+00
-6.275 -0.225 0.0000e+00
-6.275 -0.175 0.0000e+00
-6.275 -0.125 0.0000e+00
-6.275 -0.075 0.0000e+00
-6.275 -0.025 0.0000e+00
-6.275 0.025 0.0000e+00
-6.275 0.075 0.0000e+00
-6.275 0.125 0.0000e+00
-6.275 0.175 0.0000e+00
-6.275 0.225 0.0000e+00
-6.275 0.275 0.0000e+00
-6.275 0.325 0.0000e+00
-6.275 0.375 0.0000e+00
-6.275 0.425 0.0000e+00
-6.275 0.475 0.0000e+00
-6.275 0.525 0.0000e+00
-6.275 0.575 0.0000e+00
-6.275 0.625 0.0000e+00
-6.275 0.675 0.0000e+00
-6.275 0.725 0.0000e+00
-6.275 0.775 0.0000e+00
-6.275 0.825 0.0000e+00
-6.275 0.875 0.0000e+00
-6.275 0.925 0.0000e+00
-6.275 0.975 0.0000e+00
-6.275 1.025 0.0000e+00
-6.275 1.075 0.0000e+00
-6.275 1.125 2.6892e-19
-6.275 1.175 5.3707e-19
-6.275 1.225 1.0727e-18
-6.275 1.275 2.1429e-18
-6.275 1.325 4.2814e-18
-6.275 1.375 8.5554e-18
-6.275 1.425 1.7099e-17
-6.275 1.475 3.4181e-17
-6.275 1.525 6.8345e-17
-6.275 1.575 1.3669e-16
-6.275 1.625 2.7346e-16
-6.275 1.675 5.4727e-16
-6.275 1.725 1.0956e-15
-6.275 1.775 2.1943e-15
-6.275 1.825 4.3968e-15
-6.275 1.875 8.8145e-15
-6.275 1.925 1.7681e-14
-6.275 1.975 3.5490e-14
-6.275 2.025 7.1290e-14
-6.275 2.075 1.4332e-13
-6.275 2.125 2.8840e-13
-6.275 2.175 5.8093e-13
-6.275 2.225 1.1716e-12
-6.275 2.275 2.3658e-12
-6.275 2.325 4.7845e-12
-6.275 2.375 9.6920e-12
-6.275 2.425 1.9670e-11
-6.275 2.475 4.0005e-11
-6.275 2.525 8.1556e-11
-6.275 2.575 1.6671e-10
-6.275 2.625 3.4179e-10
-6.275 2.675 7.0313e-10
-6.275 2.725 1.4520e-09
-6.275 2.775 3.0114e-09
-6.275 2.825 6.2760e-09
-6.275 2.875 1.3151e-08
-6.275 2.925 2.7727e-08
-6.275 2.975 5.8865e-08
-6.275 3.025 1.2595e-07
-6.275 3.075 2.7183e-07
-6.275 3.125 5.9244e-07
-6.275 3.175 1.3053e-06
-6.275 3.225 2.9103e-06
-6.275 3.275 6.5736e-06
-6.275 3.325 1.5055e-05
-6.275 3.375 3.4972e-05
-6.275 3.425 8.2355e-05
-6.275 3.475 1.9618e-04
-6.275 3.525 4.7047e-04
-6.275 3.575 1.1260e-03
-6.275 3.625 2.6542e-03
-6.275 3.675 6.0720e-03
-6.275 3.725 1.3451e-02
-6.275 3.775 3.0430e-02
-6.275 3.825 8.4200e-02
-6.275 3.875 0.0000e+00
-6.275 3.925 0.0000e+00
-6.275 3.975 0.0000e+00
-6.225 -1.975 0.0000e+00
-6.225 -1.925 0.0000e+00
-6.225 -1.875 0.0000e+00
-6.225 -1.825 0.0000e+00
-6.225 -1.775 0.0000e+00
-6.225 -1.725 0.0000e+00
-6.225 -1.675 0.0000e+00
-6.225 -1.625 0.0000e+00
-6.225 -1.575 0.0000e+00
-6.225 -1.525 0.0000e+00
-6.225 -1.475 0.0000e+00
-6.225 -1.425 0.0000e+00
-6.225 -1.375 0.0000e+00
-6.225 -1.325 0.0000e+00
-6.225 -1.275 0.0000e+00
-6.225 -1.225 0.0000e+00
-6.225 -1.175 0.0000e+00
-6.225 -1.125 0.0000e+00
-6.225 -1.075 0.0000e+00
-6.225 -1.025 0.0000e+00
-6.225 -0.975 0.0000e+00
-6.225 -0.925 0.0000e+00
-6.225 -0.875 0.0000e+00
-6.225 -0.825 0.0000e+00
-6.225 -0.775 0.0000e+00
-6.225 -0.725 0.0000e+00
-6.225 -0.675 0.0000e+00
-6.225 -0.625 0.0000e+00
-6.225 -0.575 0.0000e+00
-6.225 -0.525 0.0000e+00
-6.225 -0.475 0.0000e+00
-6.225 -0.425 0.0000e+00
-6.225 -0.375 0.0000e+00
-6.225 -0.325 0.0000e+00
-6.225 -0.275 0.0000e+00
-6.225 -0.225 0.0000e+00
-6.225 -0.175 0.0000e+00
-6.225 -0.125 0.0000e+00
-6.225 -0.075 0.0000e+00
-6.225 -0.025 0.0000e+00
-6.225 0.025 0.0000e+00
-6.225 0.075 0.0000e+00
-6.225 0.125 0.0000e+00
-6.225 0.175 0.0000e+00
-6.225 0.225 0.0000e+00
-6.225 0.275 0.0000e+00
-6.225 0.325 0.0000e+00
-6.225 0.375 0.0000e+00
-6.225 0.425 0.0000e+00
-6.225 0.475 0.0000e+00
-6.225 0.525 0.0000e+00
-6.225 0.575 0.0000e+00
-6.225 0.625 0.0000e+00
-6.225 0.675 0.0000e+00
-6.225 0.725 0.0000e+00
-6.225 0.775 0.0000e+00
-6.225 0.825 0.0000e+00
-6.225 0.875 0.0000e+00
-6.225 0.925 0.0000e+00
-6.225 0.975 0.0000e+00
-6.225 1.025 0.0000e+00
-6.225 1.075 0.0000e+00
-6.225 1.125 3.3855e-19
-6.225 1.175 6.7614e-19
-6.225 1.225 1.3505e-18
-6.225 1.275 2.6978e-18
-6.225 1.325 5.3900e-18
-6.225 1.375 1.0771e-17
-6.225 1.425 2.1526e-17
-6.225 1.475 4.3032e-17
-6.225 1.525 8.6042e-17
-6.225 1.575 1.7208e-16
-6.225 1.625 3.4427e-16
-6.225 1.675 6.8897e-16
-6.225 1.725 1.3793e-15
-6.225 1.775 2.7625e-15
-6.225 1.825 5.5352e-15
-6.225 1.875 1.1097e-14
-6.225 1.925 2.2259e-14
-6.225 1.975 4.4680e-14
-6.225 2.025 8.9749e-14
-6.225 2.075 1.8043e-13
-6.225 2.125 3.6307e-13
-6.225 2.175 7.3134e-13
-6.225 2.225 1.4749e-12
-6.225 2.275 2.9784e-12
-6.225 2.325 6.0233e-12
-6.225 2.375 1.2201e-11
-6.225 2.425 2.4763e-11
-6.225 2.475 5.0363e-11
-6.225 2.525 1.0267e-10
-6.225 2.575 2.0987e-10
-6.225 2.625 4.3029e-10
-6.225 2.675 8.8519e-10
-6.225 2.725 1.8280e-09
-6.225 2.775 3.7912e-09
-6.225 2.825 7.9010e-09
-6.225 2.875 1.6556e-08
-6.225 2.925 3.4906e-08
-6.225 2.975 7.4107e-08
-6.225 3.025 1.5856e-07
-6.225 3.075 3.4222e-07
-6.225 3.125 7.4584e-07
-6.225 3.175 1.6432e-06
-6.225 3.225 3.6638e-06
-6.225 3.275 8.2757e-06
-6.225 3.325 1.8953e-05
-6.225 3.375 4.4027e-05
-6.225 3.425 1.0368e-04
-6.225 3.475 2.4698e-04
-6.225 3.525 5.9228e-04
-6.225 3.575 1.4175e-03
-6.225 3.625 3.3415e-03
-6.225 3.675 7.6441e-03
-6.225 3.725 1.6933e-02
-6.225 3.775 3.8309e-02
-6.225 3.825 1.0600e-01
-6.225 3.875 0.0000e+00
-6.225 3.925 0.0000e+00
-6.225 3.975 0.0000e+00
-6.175 -1.975 0.0000e+00
-6.175 -1.925 0.0000e+00
-6.175 -1.875 0.0000e+00
-6.175 -1.825 0.0000e+00
-6.175 -1.775 0.0000e+00
-6.175 -1.725 0.0000e+00
-6.175 -1.675 0.0000e+00
-6.175 -1.625 0.0000e+00
-6.175 -1.575 0.0000e+00
-6.175 -1.525 0.0000e+00
-6.175 -1.475 0.0000e+00
-6.175 -1.425 0.0000e+00
-6.175 -1.375 0.0000e+00
-6.175 -1.325 0.0000e+00
-6.175 -1.275 0.0000e+00
-6.175 -1.225 0.0000e+00
-6.175 -1.175 0.0000e+00
-6.175 -1.125 0.0000e+00
-6.175 -1.075 0.0000e+00
-6.175 -1.025 0.0000e+00
-6.175 -0.975 0.0000e+00
-6.175 -0.925 0.0000e+00
-6.175 -0.875 0.0000e+00
-6.175 -0.825 0.0000e+00
-6.175 -0.775 0.0000e+00
-6.175 -0.725 0.0000e+00
-6.175 -0.675 0.0000e+00
-6.175 -0.625 0.0000e+00
-6.175 -0.575 0.0000e+00
-6.175 -0.525 0.0000e+00
-6.175 -0.475 0.0000e+00
-6.175 -0.425 0.0000e+00
-6.175 -0.375 0.0000e+00
-6.175 -0.325 0.0000e+00
-6.175 -0.275 0.0000e+00
-6.175 -0.225 0.0000e+00
-6.175 -0.175 0.0000e+00
-6.175 -0.125 0.0000e+00
-6.175 -0.075 0.0000e+00
-6.175 -0.025 0.0000e+00
-6.175 0.025 0.0000e+00
-6.175 0.075 0.0000e+00
-6.175 0.125 0.0000e+00
-6.175 0.175 0.0000e+00
-6.175 0.225 0.0000e+00
-6.175 0.275 0.0000e+00
-6.175 0.325 0.0000e+00
-6.175 0.375 0.0000e+00
-6.175 0.425 0.0000e+00
-6.175 0.475 0.0000e+00
-6.175 0.525 0.0000e+00
-6.175 0.575 0.0000e+00
-6.175 0.625 0.0000e+00
-6.175 0.675 0.0000e+00
-6.175 0.725 0.0000e+00
-6.175 0.775 0.0000e+00
-6.175 0.825 0.0000e+00
-6.175 0.875 0.0000e+00
-6.175 0.925 0.0000e+00
-6.175 0.975 0.0000e+00
-6.175 1.025 0.0000e+00
-6.175 1.075 0.0000e+00
-6.175 1.125 4.2621e-19
-6.175 1.175 8.5120e-19
-6.175 1.225 1.7002e-18
-6.175 1.275 3.3963e-18
-6.175 1.325 6.7856e-18
-6.175 1.375 1.3559e-17
-6.175 1.425 2.7100e-17
-6.175 1.475 5.4174e-17
-6.175 1.525 1.0832e-16
-6.175 1.575 2.1664e-16
-6.175 1.625 4.3341e-16
-6.175 1.675 8.6736e-16
-6.175 1.725 1.7364e-15
-6.175 1.775 3.4777e-15
-6.175 1.825 6.9684e-15
-6.175 1.875 1.3970e-14
-6.175 1.925 2.8023e-14
-6.175 1.975 5.6249e-14
-6.175 2.025 1.1299e-13
-6.175 2.075 2.2715e-13
-6.175 2.125 4.5708e-13
-6.175 2.175 9.2071e-13
-6.175 2.225 1.8568e-12
-6.175 2.275 3.7495e-12
-6.175 2.325 7.5829e-12
-6.175 2.375 1.5361e-11
-6.175 2.425 3.1175e-11
-6.175 2.475 6.3404e-11
-6.175 2.525 1.2926e-10
-6.175 2.575 2.6421e-10
-6.175 2.625 5.4170e-10
-6.175 2.675 1.1144e-09
-6.175 2.725 2.3013e-09
-6.175 2.775 4.7728e-09
-6.175 2.825 9.9467e-09
-6.175 2.875 2.0843e-08
-6.175 2.925 4.3945e-08
-6.175 2.975 9.3295e-08
-6.175 3.025 1.9961e-07
-6.175 3.075 4.3082e-07
-6.175 3.125 9.3896e-07
-6.175 3.175 2.0687e-06
-6.175 3.225 4.6125e-06
-6.175 3.275 1.0419e-05
-6.175 3.325 2.3861e-05
-6.175 3.375 5.5427e-05
-6.175 3.425 1.3052e-04
-6.175 3.475 3.1092e-04
-6.175 3.525 7.4564e-04
-6.175 3.575 1.7846e-03
-6.175 3.625 4.2067e-03
-6.175 3.675 9.6234e-03
-6.175 3.725 2.1318e-02
-6.175 3.775 4.8228e-02
-6.175 3.825 1.3345e-01
-6.175 3.875 0.0000e+00
-6.175 3.925 0.0000e+00
-6.175 3.975 0.0000e+00
-6.125 -1.975 0.0000e+00
-6.125 -1.925 0.0000e+00
-6.125 -1.875 0.0000e+00
-6.125 -1.825 0.0000e+00
-6.125 -1.775 0.0000e+00
-6.125 -1.725 0.0000e+00
-6.125 -1.675 0.0000e+00
-6.125 -1.625 0.0000e+00
-6.125 -1.575 0.0000e+00
-6.125 -1.525 0.0000e+00
-6.125 -1.475 0.0000e+00
-6.125 -1.425 0.0000e+00
-6.125 -1.375 0.0000e+00
-6.125 -1.325 0.0000e+00
-6.125 -1.275 0.0000e+00
-6.125 -1.225 0.0000e+00
-6.125 -1.175 0.0000e+00
-6.125 -1.125 0.0000e+00
-6.125 -1.075 0.0000e+00
-6.125 -1.025 0.0000e+00
-6.125 -0.975 0.0000e+00
-6.125 -0.925 0.0000e+00
-6.125 -0.875 0.0000e+00
-6.125 -0.825 0.0000e+00
-6.125 -0.775 0.0000e+00
-6.125 -0.725 0.0000e+00
-6.125 -0.675 0.0000e+00
-6.125 -0.625 0.0000e+00
-6.125 -0.575 0.0000e+00
-6.125 -0.525 0.0000e+00
-6.125 -0.475 0.0000e+00
-6.125 -0.425 0.0000e+00
-6.125 -0.375 0.0000e+00
-6.125 -0.325 0.0000e+00
-6.125 -0.275 0.0000e+00
-6.125 -0.225 0.0000e+00
-6.125 -0.175 0.0000e+00
-6.125 -0.125 0.0000e+00
-6.125 -0.075 0.0000e+00
-6.125 -0.025 0.0000e+00
-6.125 0.025 0.0000e+00
-6.125 0.075 0.0000e+00
-6.125 0.125 0.0000e+00
-6.125 0.175 0.0000e+00
-6.125 0.225 0.0000e+00
-6.125 0.275 0.0000e+00
-6.125 0.325 0.0000e+00
-6.125 0.375 0.0000e+00
-6.125 0.425 0.0000e+00
-6.125 0.475 0.0000e+00
-6.125 0.525 0.0000e+00
-6.125 0.575 0.0000e+00
-6.125 0.625 0.0000e+00
-6.125 0.675 0.0000e+00
-6.125 0.725 0.0000e+00
-6.125 0.775 0.0000e+00
-6.125 0.825 0.0000e+00
-6.125 0.875 0.0000e+00
-6.125 0.925 0.0000e+00
-6.125 0.975 0.0000e+00
-6.125 1.025 0.0000e+00
-6.125 1.075 0.0000e+00
-6.125 1.125 5.3657e-19
-6.125 1.175 1.0716e-18
-6.125 1.225 2.1404e-18
-6.125 1.275 4.2757e-18
-6.125 1.325 8.5426e-18
-6.125 1.375 1.7070e-17
-6.125 1.425 3.4117e-17
-6.125 1.475 6.8201e-17
-6.125 1.525 1.3637e-16
-6.125 1.575 2.7274e-16
-6.125 1.625 5.4563e-16
-6.125 1.675 1.0919e-15
-6.125 1.725 2.1860e-15
-6.125 1.775 4.3782e-15
-6.125 1.825 8.7727e-15
-6.125 1.875 1.7587e-14
-6.125 1.925 3.5279e-14
-6.125 1.975 7.0813e-14
-6.125 2.025 1.4224e-13
-6.125 2.075 2.8596e-13
-6.125 2.125 5.7542e-13
-6.125 2.175 1.1591e-12
-6.125 2.225 2.3376e-12
-6.125 2.275 4.7204e-12
-6.125 2.325 9.5463e-12
-6.125 2.375 1.9338e-11
-6.125 2.425 3.9247e-11
-6.125 2.475 7.9821e-11
-6.125 2.525 1.6273e-10
-6.125 2.575 3.3262e-10
-6.125 2.625 6.8196e-10
-6.125 2.675 1.4029e-09
-6.125 2.725 2.8972e-09
-6.125 2.775 6.0086e-09
-6.125 2.825 1.2522e-08
-6.125 2.875 2.6240e-08
-6.125 2.925 5.5323e-08
-6.125 2.975 1.1745e-07
-6.125 3.025 2.5130e-07
-6.125 3.075 5.4238e-07
-6.125 3.125 1.1821e-06
-6.125 3.175 2.6043e-06
-6.125 3.225 5.8067e-06
-6.125 3.275 1.3116e-05
-6.125 3.325 3.0039e-05
-6.125 3.375 6.9779e-05
-6.125 3.425 1.6432e-04
-6.125 3.475 3.9143e-04
-6.125 3.525 9.3870e-04
-6.125 3.575 2.2466e-03
-6.125 3.625 5.2959e-03
-6.125 3.675 1.2115e-02
-6.125 3.725 2.6837e-02
-6.125 3.775 6.0716e-02
-6.125 3.825 1.6800e-01
-6.125 3.875 0.0000e+00
-6.125 3.925 0.0000e+00
-6.125 3.975 0.0000e+00
-6.075 -1.975 0.0000e+00
-6.075 -1.925 0.0000e+00
-6.075 -1.875 0.0000e+00
-6.075 -1.825 0.0000e+00
-6.075 -1.775 0.0000e+00
-6.075 -1.725 0.0000e+00
-6.075 -1.675 0.0000e+00
-6.075 -1.625 0.0000e+00
-6.075 -1.575 0.0000e+00
-6.075 -1.525 0.0000e+00
-6.075 -1.475 0.0000e+00
-6.075 -1.425 0.0000e+00
-6.075 -1.375 0.0000e+00
-6.075 -1.325 0.0000e+00
-6.075 -1.275 0.0000e+00
-6.075 -1.225 0.0000e+00
-6.075 -1.175 0.0000e+00
-6.075 -1.125 0.0000e+00
-6.075 -1.075 0.0000e+00
-6.075 -1.025 0.0000e+00
-6.075 -0.975 0.0000e+00
-6.075 -0.925 0.0000e+00
-6.075 -0.875 0.0000e+00
-6.075 -0.825 0.0000e+00
-6.075 -0.775 0.0000e+00
-6.075 -0.725 0.0000e+00
-6.075 -0.675 0.0000e+00
-6.075 -0.625 0.0000e+00
-6.075 -0.575 0.0000e+00
-6.075 -0.525 0.0000e+00
-6.075 -0.475 0.0000e+00
-6.075 -0.425 0.0000e+00
-6.075 -0.375 0.0000e+00
-6.075 -0.325 0.0000e+00
-6.075 -0.275 0.0000e+00
-6.075 -0.225 0.0000e+00
-6.075 -0.175 0.0000e+00
-6.075 -0.125 0.0000e+00
-6.075 -0.075 0.0000e+00
-6.075 -0.025 0.0000e+00
-6.075 0.025 0.0000e+00
-6.075 0.075 0.0000e+00
-6.075 0.125 0.0000e+00
-6.075 0.175 0.0000e+00
-6.075 0.225 0.0000e+00
-6.075 0.275 0.0000e+00
-6.075 0.325 0.0000e+00
-6.075 0.375 0.0000e+00
-6.075 0.425 0.0000e+00
-6.075 0.475 0.0000e+00
-6.075 0.525 0.0000e+00
-6.075 0.575 0.0000e+00
-6.075 0.625 0.0000e+00
-6.075 0.675 0.0000e+00
-6.075 0.725 0.0000e+00
-6.075 0.775 0.0000e+00
-6.075 0.825 0.0000e+00
-6.075 0.875 0.0000e+00
-6.075 0.925 0.0000e+00
-6.075 0.975 0.0000e+00
-6.075 1.025 0.0000e+00
-6.075 1.075 0.0000e+00
-6.075 1.125 6.7550e-19
-6.075 1.175 1.3491e-18
-6.075 1.225 2.6946e-18
-6.075 1.275 5.3828e-18
-6.075 1.325 1.0755e-17
-6.075 1.375 2.1490e-17
-6.075 1.425 4.2951e-17
-6.075 1.475 8.5860e-17
-6.075 1.525 1.7168e-16
-6.075 1.575 3.4335e-16
-6.075 1.625 6.8691e-16
-6.075 1.675 1.3747e-15
-6.075 1.725 2.7521e-15
-6.075 1.775 5.5118e-15
-6.075 1.825 1.1044e-14
-6.075 1.875 2.2141e-14
-6.075 1.925 4.4413e-14
-6.075 1.975 8.9148e-14
-6.075 2.025 1.7907e-13
-6.075 2.075 3.6000e-13
-6.075 2.125 7.2442e-13
-6.075 2.175 1.4592e-12
-6.075 2.225 2.9428e-12
-6.075 2.275 5.9426e-12
-6.075 2.325 1.2018e-11
-6.075 2.375 2.4345e-11
-6.075 2.425 4.9409e-11
-6.075 2.475 1.0049e-10
-6.075 2.525 2.0486e-10
-6.075 2.575 4.1875e-10
-6.075 2.625 8.5854e-10
-6.075 2.675 1.7662e-09
-6.075 2.725 3.6473e-09
-6.075 2.775 7.5644e-09
-6.075 2.825 1.5764e-08
-6.075 2.875 3.3034e-08
-6.075 2.925 6.9647e-08
-6.075 2.975 1.4786e-07
-6.075 3.025 3.1636e-07
-6.075 3.075 6.8281e-07
-6.075 3.125 1.4881e-06
-6.075 3.175 3.2787e-06
-6.075 3.225 7.3102e-06
-6.075 3.275 1.6512e-05
-6.075 3.325 3.7817e-05
-6.075 3.375 8.7846e-05
-6.075 3.425 2.0687e-04
-6.075 3.475 4.9278e-04
-6.075 3.525 1.1818e-03
-6.075 3.575 2.8283e-03
-6.075 3.625 6.6671e-03
-6.075 3.675 1.5252e-02
-6.075 3.725 3.3786e-02
-6.075 3.775 7.6437e-02
-6.075 3.825 2.1150e-01
-6.075 3.875 0.0000e+00
-6.075 3.925 0.0000e+00
-6.075 3.975 0.0000e+00
-6.025 -1.975 0.0000e+00
-6.025 -1.925 0.0000e+00
-6.025 -1.875 0.0000e+00
-6.025 -1.825 0.0000e+00
-6.025 -1.775 0.0000e+00
-6.025 -1.725 0.0000e+00
-6.025 -1.675 0.0000e+00
-6.025 -1.625 0.0000e+00
-6.025 -1.575 0.0000e+00
-6.025 -1.525 0.0000e+00
-6.025 -1.475 0.0000e+00
-6.025 -1.425 0.0000e+00
-6.025 -1.375 0.0000e+00
-6.025 -1.325 0.0000e+00
-6.025 -1.275 0.0000e+00
-6.025 -1.225 0.0000e+00
-6.025 -1.175 0.0000e+00
-6.025 -1.125 0.0000e+00
-6.025 -1.075 0.0000e+00
-6.025 -1.025 0.0000e+00
-6.025 -0.975 0.0000e+00
-6.025 -0.925 0.0000e+00
-6.025 -0.875 0.0000e+00
-6.025 -0.825 0.0000e+00
-6.025 -0.775 0.0000e+00
-6.025 -0.725 0.0000e+00
-6.025 -0.675 0.0000e+00
-6.025 -0.625 0.0000e+00
-6.025 -0.575 0.0000e+00
-6.025 -0.525 0.0000e+00
-6.025 -0.475 0.0000e+00
-6.025 -0.425 0.0000e+00
-6.025 -0.375 0.0000e+00
-6.025 -0.325 0.0000e+00
-6.025 -0.275 0.0000e+00
-6.025 -0.225 0.0000e+00
-6.025 -0.175 0.0000e+00
-6.025 -0.125 0.0000e+00
-6.025 -0.075 0.0000e+00
-6.025 -0.025 0.0000e+00
-6.025 0.025 0.0000e+00
-6.025 0.075 0.0000e+00
-6.025 0.125 0.0000e+00
-6.025 0.175 0.0000e+00
-6.025 0.225 0.0000e+00
-6.025 0.275 0.0000e+00
-6.025 0.325 0.0000e+00
-6.025 0.375 0.0000e+00
-6.025 0.425 0.0000e+00
-6.025 0.475 0.0000e+00
-6.025 0.525 0.0000e+00
-6.025 0.575 0.0000e+00
-6.025 0.625 0.0000e+00
-6.025 0.675 0.0000e+00
-6.025 0.725 0.0000e+00
-6.025 0.775 0.0000e+00
-6.025 0.825 0.0000e+00
-6.025 0.875 0.0000e+00
-6.025 0.925 0.0000e+00
-6.025 0.975 0.0000e+00
-6.025 1.025 0.0000e+00
-6.025 1.075 0.0000e+00
-6.025 1.125 8.5040e-19
-6.025 1.175 1.6984e-18
-6.025 1.225 3.3923e-18
-6.025 1.275 6.7766e-18
-6.025 1.325 1.3539e-17
-6.025 1.375 2.7055e-17
-6.025 1.425 5.4072e-17
-6.025 1.475 1.0809e-16
-6.025 1.525 2.1613e-16
-6.025 1.575 4.3226e-16
-6.025 1.625 8.6477e-16
-6.025 1.675 1.7306e-15
-6.025 1.725 3.4646e-15
-6.025 1.775 6.9390e-15
-6.025 1.825 1.3904e-14
-6.025 1.875 2.7874e-14
-6.025 1.925 5.5913e-14
-6.025 1.975 1.1223e-13
-6.025 2.025 2.2544e-13
-6.025 2.075 4.5322e-13
-6.025 2.125 9.1199e-13
-6.025 2.175 1.8371e-12
-6.025 2.225 3.7048e-12
-6.025 2.275 7.4813e-12
-6.025 2.325 1.5130e-11
-6.025 2.375 3.0649e-11
-6.025 2.425 6.2202e-11
-6.025 2.475 1.2651e-10
-6.025 2.525 2.5790e-10
-6.025 2.575 5.2717e-10
-6.025 2.625 1.0808e-09
-6.025 2.675 2.2235e-09
-6.025 2.725 4.5917e-09
-6.025 2.775 9.5230e-09
-6.025 2.825 1.9846e-08
-6.025 2.875 4.1587e-08
-6.025 2.925 8.7681e-08
-6.025 2.975 1.8615e-07
-6.025 3.025 3.9828e-07
-6.025 3.075 8.5961e-07
-6.025 3.125 1.8735e-06
-6.025 3.175 4.1276e-06
-6.025 3.225 9.2030e-06
-6.025 3.275 2.0788e-05
-6.025 3.325 4.7608e-05
-6.025 3.375 1.1059e-04
-6.025 3.425 2.6043e-04
-6.025 3.475 6.2037e-04
-6.025 3.525 1.4877e-03
-6.025 3.575 3.5607e-03
-6.025 3.625 8.3934e-03
-6.025 3.675 1.9201e-02
-6.025 3.725 4.2534e-02
-6.025 3.775 9.6228e-02
-6.025 3.825 2.6626e-01
-6.025 3.875 0.0000e+00
-6.025 3.925 0.0000e+00
-6.025 3.975 0.0000e+00
-5.975 -1.975 0.0000e+00
-5.975 -1.925 0.0000e+00
-5.975 -1.875 0.0000e+00
-5.975 -1.825 0.0000e+00
-5.975 -1.775 0.0000e+00
-5.975 -1.725 0.0000e+00
-5.975 -1.675 0.0000e+00
-5.975 -1.625 0.0000e+00
-5.975 -1.575 0.0000e+00
-5.975 -1.525 0.0000e+00
-5.975 -1.475 0.0000e+00
-5.975 -1.425 0.0000e+00
-5.975 -1.375 0.0000e+00
-5.975 -1.325 0.0000e+00
-5.975 -1.275 0.0000e+00
-5.975 -1.225 0.0000e+00
-5.975 -1.175 0.0000e+00
-5.975 -1.125 0.0000e+00
-5.975 -1.075 0.0000e+00
-5.975 -1.025 0.0000e+00
-5.975 -0.975 0.0000e+00
-5.975 -0.925 0.0000e+00
-5.975 -0.875 0.0000e+00
-5.975 -0.825 0.0000e+00
-5.975 -0.775 0.0000e+00
-5.975 -0.725 0.0000e+00
-5.975 -0.675 0.0000e+00
-5.975 -0.625 0.0000e+00
-5.975 -0.575 0.0000e+00
-5.975 -0.525 0.0000e+00
-5.975 -0.475 0.0000e+00
-5.975 -0.425 0.0000e+00
-5.975 -0.375 0.0000e+00
-5.975 -0.325 0.0000e+00
-5.975 -0.275 0.0000e+00
-5.975 -0.225 0.0000e+00
-5.975 -0.175 0.0000e+00
-5.975 -0.125 0.0000e+00
-5.975 -0.075 0.0000e+00
-5.975 -0.025 0.0000e+00
-5.975 0.025 0.0000e+00
-5.975 0.075 0.0000e+00
-5.975 0.125 0.0000e+00
-5.975 0.175 0.0000e+00
-5.975 0.225 0.0000e+00
-5.975 0.275 0.0000e+00
-5.975 0.325 0.0000e+00
-5.975 0.375 0.0000e+00
-5.975 0.425 0.0000e+00
-5.975 0.475 0.0000e+00
-5.975 0.525 0.0000e+00
-5.975 0.575 0.0000e+00
-5.975 0.625 0.0000e+00
-5.975 0.675 0.0000e+00
-5.975 0.725 0.0000e+00
-5.975 0.775 0.0000e+00
-5.975 0.825 0.0000e+00
-5.975 0.875 0.0000e+00
-5.975 0.925 0.0000e+00
-5.975 0.975 0.0000e+00
-5.975 1.025 0.0000e+00
-5.975 1.075 0.0000e+00
-5.975 1.125 1.0706e-18
-5.975 1.175 2.1381e-18
-5.975 1.225 4.2706e-18
-5.975 1.275 8.5312e-18
-5.975 1.325 1.7045e-17
-5.975 1.375 3.4060e-17
-5.975 1.425 6.8072e-17
-5.975 1.475 1.3608e-16
-5.975 1.525 2.7209e-16
-5.975 1.575 5.4418e-16
-5.975 1.625 1.0887e-15
-5.975 1.675 2.1787e-15
-5.975 1.725 4.3617e-15
-5.975 1.775 8.7357e-15
-5.975 1.825 1.7504e-14
-5.975 1.875 3.5091e-14
-5.975 1.925 7.0390e-14
-5.975 1.975 1.4129e-13
-5.975 2.025 2.8381e-13
-5.975 2.075 5.7057e-13
-5.975 2.125 1.1481e-12
-5.975 2.175 2.3127e-12
-5.975 2.225 4.6640e-12
-5.975 2.275 9.4184e-12
-5.975 2.325 1.9047e-11
-5.975 2.375 3.8584e-11
-5.975 2.425 7.8308e-11
-5.975 2.475 1.5926e-10
-5.975 2.525 3.2468e-10
-5.975 2.575 6.6367e-10
-5.975 2.625 1.3607e-09
-5.975 2.675 2.7992e-09
-5.975 2.725 5.7806e-09
-5.975 2.775 1.1989e-08
-5.975 2.825 2.4985e-08
-5.975 2.875 5.2355e-08
-5.975 2.925 1.1038e-07
-5.975 2.975 2.3435e-07
-5.975 3.025 5.0140e-07
-5.975 3.075 1.0822e-06
-5.975 3.125 2.3586e-06
-5.975 3.175 5.1963e-06
-5.975 3.225 1.1586e-05
-5.975 3.275 2.6170e-05
-5.975 3.325 5.9935e-05
-5.975 3.375 1.3923e-04
-5.975 3.425 3.2786e-04
-5.975 3.475 7.8100e-04
-5.975 3.525 1.8729e-03
-5.975 3.575 4.4826e-03
-5.975 3.625 1.0567e-02
-5.975 3.675 2.4173e-02
-5.975 3.725 5.3547e-02
-5.975 3.775 1.2114e-01
-5.975 3.825 3.3520e-01
-5.975 3.875 0.0000e+00
-5.975 3.925 0.0000e+00
-5.975 3.975 0.0000e+00
-5.925 -1.975 0.0000e+00
-5.925 -1.925 0.0000e+00
-5.925 -1.875 0.0000e+00
-5.925 -1.825 0.0000e+00
-5.925 -1.775 0.0000e+00
-5.925 -1.725 0.0000e+00
-5.925 -1.675 0.0000e+00
-5.925 -1.625 0.0000e+00
-5.925 -1.575 0.0000e+00
-5.925 -1.525 0.0000e+00
-5.925 -1.475 0.0000e+00
-5.925 -1.425 0.0000e+00
-5.925 -1.375 0.0000e+00
-5.925 -1.325 0.0000e+00
-5.925 -1.275 0.0000e+00
-5.925 -1.225 0.0000e+00
-5.925 -1.175 0.0000e+00
-5.925 -1.125 0.0000e+00
-5.925 -1.075 0.0000e+00
-5.925 -1.025 0.0000e+00
-5.925 -0.975 0.0000e+00
-5.925 -0.925 0.0000e+00
-5.925 -0.875 0.0000e+00
-5.925 -0.825 0.0000e+00
-5.925 -0.775 0.0000e+00
-5.925 -0.725 0.0000e+00
-5.925 -0.675 0.0000e+00
-5.925 -0.625 0.0000e+00
-5.925 -0.575 0.0000e+00
-5.925 -0.525 0.0000e+00
-5.925 -0.475 0.0000e+00
-5.925 -0.425 0.0000e+00
-5.925 -0.375 0.0000e+00
-5.925 -0.325 0.0000e+00
-5.925 -0.275 0.0000e+00
-5.925 -0.225 0.0000e+00
-5.925 -0.175 0.0000e+00
-5.925 -0.125 0.0000e+00
-5.925 -0.075 0.0000e+00
-5.925 -0.025 0.0000e+00
-5.925 0.025 0.0000e+00
-5.925 0.075 0.0000e+00
-5.925 0.125 0.0000e+00
-5.925 0.175 0.0000e+00
-5.925 0.225 0.0000e+00
-5.925 0.275 0.0000e+00
-5.925 0.325 0.0000e+00
-5.925 0.375 0.0000e+00
-5.925 0.425 0.0000e+00
-5.925 0.475 0.0000e+00
-5.925 0.525 0.0000e+00
-5.925 0.575 0.0000e+00
-5.925 0.625 0.0000e+00
-5.925 0.675 0.0000e+00
-5.925 0.725 0.0000e+00
-5.925 0.775 0.0000e+00
-5.925 0.825 0.0000e+00
-5.925 0.875 0.0000e+00
-5.925 0.925 0.0000e+00
-5.925 0.975 0.0000e+00
-5.925 1.025 0.0000e+00
-5.925 1.075 0.0000e+00
-5.925 1.125 1.3478e-18
-5.925 1.175 2.6917e-18
-5.925 1.225 5.3764e-18
-5.925 1.275 1.0740e-17
-5.925 1.325 2.1458e-17
-5.925 1.375 4.2879e-17
-5.925 1.425 8.5698e-17
-5.925 1.475 1.7131e-16
-5.925 1.525 3.4254e-16
-5.925 1.575 6.8508e-16
-5.925 1.625 1.3706e-15
-5.925 1.675 2.7428e-15
-5.925 1.725 5.4911e-15
-5.925 1.775 1.0998e-14
-5.925 1.825 2.2036e-14
-5.925 1.875 4.4177e-14
-5.925 1.925 8.8616e-14
-5.925 1.975 1.7787e-13
-5.925 2.025 3.5730e-13
-5.925 2.075 7.1830e-13
-5.925 2.125 1.4454e-12
-5.925 2.175 2.9115e-12
-5.925 2.225 5.8717e-12
-5.925 2.275 1.1857e-11
-5.925 2.325 2.3979e-11
-5.925 2.375 4.8575e-11
-5.925 2.425 9.8584e-11
-5.925 2.475 2.0050e-10
-5.925 2.525 4.0875e-10
-5.925 2.575 8.3551e-10
-5.925 2.625 1.7130e-09
-5.925 2.675 3.5240e-09
-5.925 2.725 7.2773e-09
-5.925 2.775 1.5093e-08
-5.925 2.825 3.1454e-08
-5.925 2.875 6.5911e-08
-5.925 2.925 1.3896e-07
-5.925 2.975 2.9502e-07
-5.925 3.025 6.3123e-07
-5.925 3.075 1.3624e-06
-5.925 3.125 2.9692e-06
-5.925 3.175 6.5418e-06
-5.925 3.225 1.4586e-05
-5.925 3.275 3.2946e-05
-5.925 3.325 7.5454e-05
-5.925 3.375 1.7528e-04
-5.925 3.425 4.1275e-04
-5.925 3.475 9.8322e-04
-5.925 3.525 2.3579e-03
-5.925 3.575 5.6432e-03
-5.925 3.625 1.3303e-02
-5.925 3.675 3.0431e-02
-5.925 3.725 6.7411e-02
-5.925 3.775 1.5251e-01
-5.925 3.825 4.2198e-01
-5.925 3.875 0.0000e+00
-5.925 3.925 0.0000e+00
-5.925 3.975 0.0000e+00
-5.875 -1.975 0.0000e+00
-5.875 -1.925 0.0000e+00
-5.875 -1.875 0.0000e+00
-5.875 -1.825 0.0000e+00
-5.875 -1.775 0.0000e+00
-5.875 -1.725 0.0000e+00
-5.875 -1.675 0.0000e+00
-5.875 -1.625 0.0000e+00
-5.875 -1.575 0.0000e+00
-5.875 -1.525 0.0000e+00
-5.875 -1.475 0.0000e+00
-5.875 -1.425 0.0000e+00
-5.875 -1.375 0.0000e+00
-5.875 -1.325 0.0000e+00
-5.875 -1.275 0.0000e+00
-5.875 -1.225 0.0000e+00
-5.875 -1.175 0.0000e+00
-5.875 -1.125 0.0000e+00
-5.875 -1.075 0.0000e+00
-5.875 -1.025 0.0000e+00
-5.875 -0.975 0.0000e+00
-5.875 -0.925 0.0000e+00
-5.875 -0.875 0.0000e+00
-5.875 -0.825 0.0000e+00
-5.875 -0.775 0.0000e+00
-5.875 -0.725 0.0000e+00
-5.875 -0.675 0.0000e+00
-5.875 -0.625 0.0000e+00
-5.875 -0.575 0.0000e+00
-5.875 -0.525 0.0000e+00
-5.875 -0.475 0.0000e+00
-5.875 -0.425 0.0000e+00
-5.875 -0.375 0.0000e+00
-5.875 -0.325 0.0000e+00
-5.875 -0.275 0.0000e+00
-5.875 -0.225 0.0000e+00
-5.875 -0.175 0.0000e+00
-5.875 -0.125 0.0000e+00
-5.875 -0.075 0.0000e+00
-5.875 -0.025 0.0000e+00
-5.875 0.025 0.0000e+00
-5.875 0.075 0.0000e+00
-5.875 0.125 0.0000e+00
-5.875 0.175 0.0000e+00
-5.875 0.225 0.0000e+00
-5.875 0.275 0.0000e+00
-5.875 0.325 0.0000e+00
-5.875 0.375 0.0000e+00
-5.875 0.425 0.0000e+00
-5.875 0.475 0.0000e+00
-5.875 0.525 0.0000e+00
-5.875 0.575 0.0000e+00
-5.875 0.625 0.0000e+00
-5.875 0.675 0.0000e+00
-5.875 0.725 0.0000e+00
-5.875 0.775 0.0000e+00
-5.875 0.825 0.0000e+00
-5.875 0.875 0.0000e+00
-5.875 0.925 0.0000e+00
-5.875 0.975 0.0000e+00
-5.875 1.025 0.0000e+00
-5.875 1.075 0.0000e+00
-5.875 1.125 1.6968e-18
-5.875 1.175 3.3887e-18
-5.875 1.225 6.7685e-18
-5.875 1.275 1.3521e-17
-5.875 1.325 2.7014e-17
-5.875 1.375 5.3981e-17
-5.875 1.425 1.0789e-16
-5.875 1.475 2.1567e-16
-5.875 1.525 4.3123e-16
-5.875 1.575 8.6246e-16
-5.875 1.625 1.7254e-15
-5.875 1.675 3.4530e-15
-5.875 1.725 6.9129e-15
-5.875 1.775 1.3845e-14
-5.875 1.825 2.7742e-14
-5.875 1.875 5.5616e-14
-5.875 1.925 1.1156e-13
-5.875 1.975 2.2393e-13
-5.875 2.025 4.4981e-13
-5.875 2.075 9.0429e-13
-5.875 2.125 1.8197e-12
-5.875 2.175 3.6654e-12
-5.875 2.225 7.3920e-12
-5.875 2.275 1.4927e-11
-5.875 2.325 3.0188e-11
-5.875 2.375 6.1152e-11
-5.875 2.425 1.2411e-10
-5.875 2.475 2.5241e-10
-5.875 2.525 5.1458e-10
-5.875 2.575 1.0518e-09
-5.875 2.625 2.1565e-09
-5.875 2.675 4.4365e-09
-5.875 2.725 9.1616e-09
-5.875 2.775 1.9001e-08
-5.875 2.825 3.9599e-08
-5.875 2.875 8.2977e-08
-5.875 2.925 1.7495e-07
-5.875 2.975 3.7141e-07
-5.875 3.025 7.9467e-07
-5.875 3.075 1.7151e-06
-5.875 3.125 3.7381e-06
-5.875 3.175 8.2356e-06
-5.875 3.225 1.8362e-05
-5.875 3.275 4.1477e-05
-5.875 3.325 9.4991e-05
-5.875 3.375 2.2066e-04
-5.875 3.425 5.1962e-04
-5.875 3.475 1.2378e-03
-5.875 3.525 2.9684e-03
-5.875 3.575 7.1044e-03
-5.875 3.625 1.6747e-02
-5.875 3.675 3.8311e-02
-5.875 3.725 8.4865e-02
-5.875 3.775 1.9200e-01
-5.875 3.825 5.3124e-01
-5.875 3.875 0.0000e+00
-5.875 3.925 0.0000e+00
-5.875 3.975 0.0000e+00
-5.825 -1.975 0.0000e+00
-5.825 -1.925 0.0000e+00
-5.825 -1.875 0.0000e+00
-5.825 -1.825 0.0000e+00
-5.825 -1.775 0.0000e+00
-5.825 -1.725 0.0000e+00
-5.825 -1.675 0.0000e+00
-5.825 -1.625 0.0000e+00
-5.825 -1.575 0.0000e+00
-5.825 -1.525 0.0000e+00
-5.825 -1.475 0.0000e+00
-5.825 -1.425 0.0000e+00
-5.825 -1.375 0.0000e+00
-5.825 -1.325 0.0000e+00
-5.825 -1.275 0.0000e+00
-5.825 -1.225 0.0000e+00
-5.825 -1.175 0.0000e+00
-5.825 -1.125 0.0000e+00
-5.825 -1.075 0.0000e+00
-5.825 -1.025 0.0000e+00
-5.825 -0.975 0.0000e+00
-5.825 -0.925 0.0000e+00
-5.825 -0.875 0.0000e+00
-5.825 -0.825 0.0000e+00
-5.825 -0.775 0.0000e+00
-5.825 -0.725 0.0000e+00
-5.825 -0.675 0.0000e+00
-5.825 -0.625 0.0000e+00
-5.825 -0.575 0.0000e+00
-5.825 -0.525 0.0000e+00
-5.825 -0.475 0.0000e+00
-5.825 -0.425 0.0000e+00
-5.825 -0.375 0.0000e+00
-5.825 -0.325 0.0000e+00
-5.825 -0.275 0.0000e+00
-5.825 -0.225 0.0000e+00
-5.825 -0.175 0.0000e+00
-5.825 -0.125 0.0000e+00
-5.825 -0.075 0.0000e+00
-5.825 -0.025 0.0000e+00
-5.825 0.025 0.0000e+00
-5.825 0.075 0.0000e+00
-5.825 0.125 0.0000e+00
-5.825 0.175 0.0000e+00
-5.825 0.225 0.0000e+00
-5.825 0.275 0.0000e+00
-5.825 0.325 0.0000e+00
-5.825 0.375 0.0000e+00
-5.825 0.425 0.0000e+00
-5.825 0.475 0.0000e+00
-5.825 0.525 0.0000e+00
-5.825 0.575 0.0000e+00
-5.825 0.625 0.0000e+00
-5.825 0.675 0.0000e+00
-5.825 0.725 0.0000e+00
-5.825 0.775 0.0000e+00
-5.825 0.825 0.0000e+00
-5.825 0.875 0.0000e+00
-5.825 0.925 0.0000e+00
-5.825 0.975 0.0000e+00
-5.825 1.025 0.0000e+00
-5.825 1.075 0.0000e+00
-5.825 1.125 2.1361e-18
-5.825 1.175 4.2661e-18
-5.825 1.225 8.5211e-18
-5.825 1.275 1.7022e-17
-5.825 1.325 3.4009e-17
-5.825 1.375 6.7958e-17
-5.825 1.425 1.3582e-16
-5.825 1.475 2.7151e-16
-5.825 1.525 5.4289e-16
-5.825 1.575 1.0858e-15
-5.825 1.625 2.1722e-15
-5.825 1.675 4.3471e-15
-5.825 1.725 8.7028e-15
-5.825 1.775 1.7430e-14
-5.825 1.825 3.4925e-14
-5.825 1.875 7.0016e-14
-5.825 1.925 1.4045e-13
-5.825 1.975 2.8191e-13
-5.825 2.025 5.6628e-13
-5.825 2.075 1.1384e-12
-5.825 2.125 2.2908e-12
-5.825 2.175 4.6145e-12
-5.825 2.225 9.3060e-12
-5.825 2.275 1.8792e-11
-5.825 2.325 3.8004e-11
-5.825 2.375 7.6986e-11
-5.825 2.425 1.5625e-10
-5.825 2.475 3.1777e-10
-5.825 2.525 6.4782e-10
-5.825 2.575 1.3242e-09
-5.825 2.625 2.7149e-09
-5.825 2.675 5.5852e-09
-5.825 2.725 1.1534e-08
-5.825 2.775 2.3921e-08
-5.825 2.825 4.9852e-08
-5.825 2.875 1.0446e-07
-5.825 2.925 2.2024e-07
-5.825 2.975 4.6758e-07
-5.825 3.025 1.0004e-06
-5.825 3.075 2.1592e-06
-5.825 3.125 4.7059e-06
-5.825 3.175 1.0368e-05
-5.825 3.225 2.3117e-05
-5.825 3.275 5.2216e-05
-5.825 3.325 1.1959e-04
-5.825 3.375 2.7779e-04
-5.825 3.425 6.5417e-04
-5.825 3.475 1.5583e-03
-5.825 3.525 3.7370e-03
-5.825 3.575 8.9438e-03
-5.825 3.625 2.1083e-02
-5.825 3.675 4.8230e-02
-5.825 3.725 1.0684e-01
-5.825 3.775 2.4171e-01
-5.825 3.825 6.6878e-01
-5.825 3.875 0.0000e+00
-5.825 3.925 0.0000e+00
-5.825 3.975 0.0000e+00
-5.775 -1.975 0.0000e+00
-5.775 -1.925 0.0000e+00
-5.775 -1.875 0.0000e+00
-5.775 -1.825 0.0000e+00
-5.775 -1.775 0.0000e+00
-5.775 -1.725 0.0000e+00
-5.775 -1.675 0.0000e+00
-5.775 -1.625 0.0000e+00
-5.775 -1.575 0.0000e+00
-5.775 -1.525 0.0000e+00
-5.775 -1.475 0.0000e+00
-5.775 -1.425 0.0000e+00
-5.775 -1.375 0.0000e+00
-5.775 -1.325 0.0000e+00
-5.775 -1.275 0.0000e+00
-5.775 -1.225 0.0000e+00
-5.775 -1.175 0.0000e+00
-5.775 -1.125 0.0000e+00
-5.775 -1.075 0.0000e+00
-5.775 -1.025 0.0000e+00
-5.775 -0.975 0.0000e+00
-5.775 -0.925 0.0000e+00
-5.775 -0.875 0.0000e+00
-5.775 -0.825 0.0000e+00
-5.775 -0.775 0.0000e+00
-5.775 -0.725 0.0000e+00
-5.775 -0.675 0.0000e+00
-5.775 -0.625 0.0000e+00
-5.775 -0.575 0.0000e+00
-5.775 -0.525 0.0000e+00
-5.775 -0.475 0.0000e+00
-5.775 -0.425 0.0000e+00
-5.775 -0.375 0.0000e+00
-5.775 -0.325 0.0000e+00
-5.775 -0.275 0.0000e+00
-5.775 -0.225 0.0000e+00
-5.775 -0.175 0.0000e+00
-5.775 -0.125 0.0000e+00
-5.775 -0.075 0.0000e+00
-5.775 -0.025 0.0000e+00
-5.775 0.025 0.0000e+00
-5.775 0.075 0.0000e+00
-5.775 0.125 0.0000e+00
-5.775 0.175 0.0000e+00
-5.775 0.225 0.0000e+00
-5.775 0.275 0.0000e+00
-5.775 0.325 0.0000e+00
-5.775 0.375 0.0000e+00
-5.775 0.425 0.0000e+00
-5.775 0.475 0.0000e+00
-5.775 0.525 0.0000e+00
-5.775 0.575 0.0000e+00
-5.775 0.625 0.0000e+00
-5.775 0.675 0.0000e+00
-5.775 0.725 0.0000e+00
-5.775 0.775 0.0000e+00
-5.775 0.825 0.0000e+00
-5.775 0.875 0.0000e+00
-5.775 0.925 0.0000e+00
-5.775 0.975 0.0000e+00
-5.775 1.025 0.0000e+00
-5.775 1.075 0.0000e+00
-5.775 1.125 2.6892e-18
-5.775 1.175 5.3707e-18
-5.775 1.225 1.0727e-17
-5.775 1.275 2.1429e-17
-5.775 1.325 4.2814e-17
-5.775 1.375 8.5554e-17
-5.775 1.425 1.7099e-16
-5.775 1.475 3.4181e-16
-5.775 1.525 6.8345e-16
-5.775 1.575 1.3669e-15
-5.775 1.625 2.7346e-15
-5.775 1.675 5.4727e-15
-5.775 1.725 1.0956e-14
-5.775 1.775 2.1943e-14
-5.775 1.825 4.3968e-14
-5.775 1.875 8.8145e-14
-5.775 1.925 1.7681e-13
-5.775 1.975 3.5490e-13
-5.775 2.025 7.1290e-13
-5.775 2.075 1.4332e-12
-5.775 2.125 2.8840e-12
-5.775 2.175 5.8093e-12
-5.775 2.225 1.1716e-11
-5.775 2.275 2.3658e-11
-5.775 2.325 4.7845e-11
-5.775 2.375 9.6920e-11
-5.775 2.425 1.9670e-10
-5.775 2.475 4.0005e-10
-5.775 2.525 8.1556e-10
-5.775 2.575 1.6671e-09
-5.775 2.625 3.4179e-09
-5.775 2.675 7.0313e-09
-5.775 2.725 1.4520e-08
-5.775 2.775 3.0114e-08
-5.775 2.825 6.2760e-08
-5.775 2.875 1.3151e-07
-5.775 2.925 2.7727e-07
-5.775 2.975 5.8865e-07
-5.775 3.025 1.2595e-06
-5.775 3.075 2.7183e-06
-5.775 3.125 5.9244e-06
-5.775 3.175 1.3053e-05
-5.775 3.225 2.9102e-05
-5.775 3.275 6.5736e-05
-5.775 3.325 1.5055e-04
-5.775 3.375 3.4972e-04
-5.775 3.425 8.2354e-04
-5.775 3.475 1.9618e-03
-5.775 3.525 4.7045e-03
-5.775 3.575 1.1260e-02
-5.775 3.625 2.6542e-02
-5.775 3.675 6.0718e-02
-5.775 3.725 1.3450e-01
-5.775 3.775 3.0429e-01
-5.775 3.825 8.4192e-01
-5.775 3.875 0.0000e+00
-5.775 3.925 0.0000e+00
-5.775 3.975 0.0000e+00
-5.725 -1.975 0.0000e+00
-5.725 -1.925 0.0000e+00
-5.725 -1.875 0.0000e+00
-5.725 -1.825 0.0000e+00
-5.725 -1.775 0.0000e+00
-5.725 -1.725 0.0000e+00
-5.725 -1.675 0.0000e+00
-5.725 -1.625 0.0000e+00
-5.725 -1.575 0.0000e+00
-5.725 -1.525 0.0000e+00
-5.725 -1.475 0.0000e+00
-5.725 -1.425 0.0000e+00
-5.725 -1.375 0.0000e+00
-5.725 -1.325 0.0000e+00
-5.725 -1.275 0.0000e+00
-5.725 -1.225 0.0000e+00
-5.725 -1.175 0.0000e+00
-5.725 -1.125 0.0000e+00
-5.725 -1.075 0.0000e+00
-5.725 -1.025 0.0000e+00
-5.725 -0.975 0.0000e+00
-5.725 -0.925 0.0000e+00
-5.725 -0.875 0.0000e+00
-5.725 -0.825 0.0000e+00
-5.725 -0.775 0.0000e+00
-5.725 -0.725 0.0000e+00
-5.725 -0.675 0.0000e+00
-5.725 -0.625 0.0000e+00
-5.725 -0.575 0.0000e+00
-5.725 -0.525 0.0000e+00
-5.725 -0.475 0.0000e+00
-5.725 -0.425 0.0000e+00
-5.725 -0.375 0.0000e+00
-5.725 -0.325 0.0000e+00
-5.725 -0.275 0.0000e+00
-5.725 -0.225 0.0000e+00
-5.725 -0.175 0.0000e+00
-5.725 -0.125 0.0000e+00
-5.725 -0.075 0.0000e+00
-5.725 -0.025 0.0000e+00
-5.725 0.025 0.0000e+00
-5.725 0.075 0.0000e+00
-5.725 0.125 0.0000e+00
-5.725 0.175 0.0000e+00
-5.725 0.225 0.0000e+00
-5.725 0.275 0.0000e+00
-5.725 0.325 0.0000e+00
-5.725 0.375 0.0000e+00
-5.725 0.425 0.0000e+00
-5.725 0.475 0.0000e+00
-5.725 0.525 0.0000e+00
-5.725 0.575 0.0000e+00
-5.725 0.625 0.0000e+00
-5.725 0.675 0.0000e+00
-5.725 0.725 0.0000e+00
-5.725 0.775 0.0000e+00
-5.725 0.825 0.0000e+00
-5.725 0.875 0.0000e+00
-5.725 0.925 0.0000e+00
-5.725 0.975 0.0000e+00
-5.725 1.025 0.0000e+00
-5.725 1.075 0.0000e+00
-5.725 1.125 3.3855e-18
-5.725 1.175 6.7614e-18
-5.725 1.225 1.3505e-17
-5.725 1.275 2.6978e-17
-5.725 1.325 5.3900e-17
-5.725 1.375 1.0771e-16
-5.725 1.425 2.1526e-16
-5.725 1.475 4.3032e-16
-5.725 1.525 8.6042e-16
-5.725 1.575 1.7208e-15
-5.725 1.625 3.4427e-15
-5.725 1.675 6.8897e-15
-5.725 1.725 1.3793e-14
-5.725 1.775 2.7625e-14
-5.725 1.825 5.5352e-14
-5.725 1.875 1.1097e-13
-5.725 1.925 2.2259e-13
-5.725 1.975 4.4680e-13
-5.725 2.025 8.9749e-13
-5.725 2.075 1.8043e-12
-5.725 2.125 3.6307e-12
-5.725 2.175 7.3134e-12
-5.725 2.225 1.4749e-11
-5.725 2.275 2.9784e-11
-5.725 2.325 6.0233e-11
-5.725 2.375 1.2201e-10
-5.725 2.425 2.4763e-10
-5.725 2.475 5.0363e-10
-5.725 2.525 1.0267e-09
-5.725 2.575 2.0987e-09
-5.725 2.625 4.3029e-09
-5.725 2.675 8.8519e-09
-5.725 2.725 1.8280e-08
-5.725 2.775 3.7912e-08
-5.725 2.825 7.9010e-08
-5.725 2.875 1.6556e-07
-5.725 2.925 3.4906e-07
-5.725 2.975 7.4106e-07
-5.725 3.025 1.5856e-06
-5.725 3.075 3.4221e-06
-5.725 3.125 7.4584e-06
-5.725 3.175 1.6432e-05
-5.725 3.225 3.6638e-05
-5.725 3.275 8.2757e-05
-5.725 3.325 1.8953e-04
-5.725 3.375 4.4027e-04
-5.725 3.425 1.0368e-03
-5.725 3.475 2.4697e-03
-5.725 3.525 5.9226e-03
-5.725 3.575 1.4175e-02
-5.725 3.625 3.3414e-02
-5.725 3.675 7.6438e-02
-5.725 3.725 1.6933e-01
-5.725 3.775 3.8308e-01
-5.725 3.825 1.0599e+00
-5.725 3.875 0.0000e+00
-5.725 3.925 0.0000e+00
-5.725 3.975 0.0000e+00
-5.675 -1.975 0.0000e+00
-5.675 -1.925 0.0000e+00
-5.675 -1.875 0.0000e+00
-5.675 -1.825 0.0000e+00
-5.675 -1.775 0.0000e+00
-5.675 -1.725 0.0000e+00
-5.675 -1.675 0.0000e+00
-5.675 -1.625 0.0000e+00
-5.675 -1.575 0.0000e+00
-5.675 -1.525 0.0000e+00
-5.675 -1.475 0.0000e+00
-5.675 -1.425 0.0000e+00
-5.675 -1.375 0.0000e+00
-5.675 -1.325 0.0000e+00
-5.675 -1.275 0.0000e+00
-5.675 -1.225 0.0000e+00
-5.675 -1.175 0.0000e+00
-5.675 -1.125 0.0000e+00
-5.675 -1.075 0.0000e+00
-5.675 -1.025 0.0000e+00
-5.675 -0.975 0.0000e+00
-5.675 -0.925 0.0000e+00
-5.675 -0.875 0.0000e+00
-5.675 -0.825 0.0000e+00
-5.675 -0.775 0.0000e+00
-5.675 -0.725 0.0000e+00
-5.675 -0.675 0.0000e+00
-5.675 -0.625 0.0000e+00
-5.675 -0.575 0.0000e+00
-5.675 -0.525 0.0000e+00
-5.675 -0.475 0.0000e+00
-5.675 -0.425 0.0000e+00
-5.675 -0.375 0.0000e+00
-5.675 -0.325 0.0000e+00
-5.675 -0.275 0.0000e+00
-5.675 -0.225 0.0000e+00
-5.675 -0.175 0.0000e+00
-5.675 -0.125 0.0000e+00
-5.675 -0.075 0.0000e+00
-5.675 -0.025 0.0000e+00
-5.675 0.025 0.0000e+00
-5.675 0.075 0.0000e+00
-5.675 0.125 0.0000e+00
-5.675 0.175 0.0000e+00
-5.675 0.225 0.0000e+00
-5.675 0.275 0.0000e+00
-5.675 0.325 0.0000e+00
-5.675 0.375 0.0000e+00
-5.675 0.425 0.0000e+00
-5.675 0.475 0.0000e+00
-5.675 0.525 0.0000e+00
-5.675 0.575 0.0000e+00
-5.675 0.625 0.0000e+00
-5.675 0.675 0.0000e+00
-5.675 0.725 0.0000e+00
-5.675 0.775 0.0000e+00
-5.675 0.825 0.0000e+00
-5.675 0.875 0.0000e+00
-5.675 0.925 0.0000e+00
-5.675 0.975 0.0000e+00
-5.675 1.025 0.0000e+00
-5.675 1.075 0.0000e+00
-5.675 1.125 4.2621e-18
-5.675 1.175 8.5120e-18
-5.675 1.225 1.7002e-17
-5.675 1.275 3.3963e-17
-5.675 1.325 6.7856e-17
-5.675 1.375 1.3559e-16
-5.675 1.425 2.7100e-16
-5.675 1.475 5.4174e-16
-5.675 1.525 1.0832e-15
-5.675 1.575 2.1664e-15
-5.675 1.625 4.3341e-15
-5.675 1.675 8.6736e-15
-5.675 1.725 1.7364e-14
-5.675 1.775 3.4777e-14
-5.675 1.825 6.9684e-14
-5.675 1.875 1.3970e-13
-5.675 1.925 2.8023e-13
-5.675 1.975 5.6249e-13
-5.675 2.025 1.1299e-12
-5.675 2.075 2.2715e-12
-5.675 2.125 4.5708e-12
-5.675 2.175 9.2071e-12
-5.675 2.225 1.8568e-11
-5.675 2.275 3.7495e-11
-5.675 2.325 7.5829e-11
-5.675 2.375 1.5361e-10
-5.675 2.425 3.1175e-10
-5.675 2.475 6.3404e-10
-5.675 2.525 1.2926e-09
-5.675 2.575 2.6421e-09
-5.675 2.625 5.4170e-09
-5.675 2.675 1.1144e-08
-5.675 2.725 2.3013e-08
-5.675 2.775 4.7728e-08
-5.675 2.825 9.9467e-08
-5.675 2.875 2.0843e-07
-5.675 2.925 4.3944e-07
-5.675 2.975 9.3294e-07
-5.675 3.025 1.9961e-06
-5.675 3.075 4.3082e-06
-5.675 3.125 9.3895e-06
-5.675 3.175 2.0687e-05
-5.675 3.225 4.6124e-05
-5.675 3.275 1.0418e-04
-5.675 3.325 2.3860e-04
-5.675 3.375 5.5426e-04
-5.675 3.425 1.3052e-03
-5.675 3.475 3.1092e-03
-5.675 3.525 7.4561e-03
-5.675 3.575 1.7845e-02
-5.675 3.625 4.2065e-02
-5.675 3.675 9.6229e-02
-5.675 3.725 2.1317e-01
-5.675 3.775 4.8226e-01
-5.675 3.825 1.3343e+00
-5.675 3.875 0.0000e+00
-5.675 3.925 0.0000e+00
-5.675 3.975 0.0000e+00
-5.625 -1.975 0.0000e+00
-5.625 -1.925 0.0000e+00
-5.625 -1.875 0.0000e+00
-5.625 -1.825 0.0000e+00
-5.625 -1.775 0.0000e+00
-5.625 -1.725 0.0000e+00
-5.625 -1.675 0.0000e+00
-5.625 -1.625 0.0000e+00
-5.625 -1.575 0.0000e+00
-5.625 -1.525 0.0000e+00
-5.625 -1.475 0.0000e+00
-5.625 -1.425 0.0000e+00
-5.625 -1.375 0.0000e+00
-5.625 -1.325 0.0000e+00
-5.625 -1.275 0.0000e+00
-5.625 -1.225 0.0000e+00
-5.625 -1.175 0.0000e+00
-5.625 -1.125 0.0000e+00
-5.625 -1.075 0.0000e+00
-5.625 -1.025 0.0000e+00
-5.625 -0.975 0.0000e+00
-5.625 -0.925 0.0000e+00
-5.625 -0.875 0.0000e+00
-5.625 -0.825 0.0000e+00
-5.625 -0.775 0.0000e+00
-5.625 -0.725 0.0000e+00
-5.625 -0.675 0.0000e+00
-5.625 -0.625 0.0000e+00
-5.625 -0.575 0.0000e+00
-5.625 -0.525 0.0000e+00
-5.625 -0.475 0.0000e+00
-5.625 -0.425 0.0000e+00
-5.625 -0.375 0.0000e+00
-5.625 -0.325 0.0000e+00
-5.625 -0.275 0.0000e+00
-5.625 -0.225 0.0000e+00
-5.625 -0.175 0.0000e+00
-5.625 -0.125 0.0000e+00
-5.625 -0.075 0.0000e+00
-5.625 -0.025 0.0000e+00
-5.625 0.025 0.0000e+00
-5.625 0.075 0.0000e+00
-5.625 0.125 0.0000e+00
-5.625 0.175 0.0000e+00
-5.625 0.225 0.0000e+00
-5.625 0.275 0.0000e+00
-5.625 0.325 0.0000e+00
-5.625 0.375 0.0000e+00
-5.625 0.425 0.0000e+00
-5.625 0.475 0.0000e+00
-5.625 0.525 0.0000e+00
-5.625 0.575 0.0000e+00
-5.625 0.625 0.0000e+00
-5.625 0.675 0.0000e+00
-5.625 0.725 0.0000e+00
-5.625 0.775 0.0000e+00
-5.625 0.825 0.0000e+00
-5.625 0.875 0.0000e+00
-5.625 0.925 0.0000e+00
-5.625 0.975 0.0000e+00
-5.625 1.025 0.0000e+00
-5.625 1.075 0.0000e+00
-5.625 1.125 5.3657e-18
-5.625 1.175 1.0716e-17
-5.625 1.225 2.1404e-17
-5.625 1.275 4.2757e-17
-5.625 1.325 8.5426e-17
-5.625 1.375 1.7070e-16
-5.625 1.425 3.4117e-16
-5.625 1.475 6.8201e-16
-5.625 1.525 1.3637e-15
-5.625 1.575 2.7274e-15
-5.625 1.625 5.4563e-15
-5.625 1.675 1.0919e-14
-5.625 1.725 2.1860e-14
-5.625 1.775 4.3782e-14
-5.625 1.825 8.7727e-14
-5.625 1.875 1.7587e-13
-5.625 1.925 3.5279e-13
-5.625 1.975 7.0813e-13
-5.625 2.025 1.4224e-12
-5.625 2.075 2.8596e-12
-5.625 2.125 5.7542e-12
-5.625 2.175 1.1591e-11
-5.625 2.225 2.3376e-11
-5.625 2.275 4.7204e-11
-5.625 2.325 9.5463e-11
-5.625 2.375 1.9338e-10
-5.625 2.425 3.9247e-10
-5.625 2.475 7.9821e-10
-5.625 2.525 1.6273e-09
-5.625 2.575 3.3262e-09
-5.625 2.625 6.8196e-09
-5.625 2.675 1.4029e-08
-5.625 2.725 2.8971e-08
-5.625 2.775 6.0086e-08
-5.625 2.825 1.2522e-07
-5.625 2.875 2.6240e-07
-5.625 2.925 5.5323e-07
-5.625 2.975 1.1745e-06
-5.625 3.025 2.5129e-06
-5.625 3.075 5.4237e-06
-5.625 3.125 1.1821e-05
-5.625 3.175 2.6043e-05
-5.625 3.225 5.8067e-05
-5.625 3.275 1.3116e-04
-5.625 3.325 3.0038e-04
-5.625 3.375 6.9777e-04
-5.625 3.425 1.6432e-03
-5.625 3.475 3.9142e-03
-5.625 3.525 9.3866e-03
-5.625 3.575 2.2465e-02
-5.625 3.625 5.2956e-02
-5.625 3.675 1.2114e-01
-5.625 3.725 2.6836e-01
-5.625 3.775 6.0712e-01
-5.625 3.825 1.6797e+00
-5.625 3.875 0.0000e+00
-5.625 3.925 0.0000e+00
-5.625 3.975 0.0000e+00
-5.575 -1.975 0.0000e+00
-5.575 -1.925 0.0000e+00
-5.575 -1.875 0.0000e+00
-5.575 -1.825 0.0000e+00
-5.575 -1.775 0.0000e+00
-5.575 -1.725 0.0000e+00
-5.575 -1.675 0.0000e+00
-5.575 -1.625 0.0000e+00
-5.575 -1.575 0.0000e+00
-5.575 -1.525 0.0000e+00
-5.575 -1.475 0.0000e+00
-5.575 -1.425 0.0000e+00
-5.575 -1.375 0.0000e+00
-5.575 -1.325 0.0000e+00
-5.575 -1.275 0.0000e+00
-5.575 -1.225 0.0000e+00
-5.575 -1.175 0.0000e+00
-5.575 -1.125 0.0000e+00
-5.575 -1.075 0.0000e+00
-5.575 -1.025 0.0000e+00
-5.575 -0.975 0.0000e+00
-5.575 -0.925 0.0000e+00
-5.575 -0.875 0.0000e+00
-5.575 -0.825 0.0000e+00
-5.575 -0.775 0.0000e+00
-5.575 -0.725 0.0000e+00
-5.575 -0.675 0.0000e+00
-5.575 -0.625 0.0000e+00
-5.575 -0.575 0.0000e+00
-5.575 -0.525 0.0000e+00
-5.575 -0.475 0.0000e+00
-5.575 -0.425 0.0000e+00
-5.575 -0.375 0.0000e+00
-5.575 -0.325 0.0000e+00
-5.575 -0.275 0.0000e+00
-5.575 -0.225 0.0000e+00
-5.575 -0.175 0.0000e+00
-5.575 -0.125 0.0000e+00
-5.575 -0.075 0.0000e+00
-5.575 -0.025 0.0000e+00
-5.575 0.025 0.0000e+00
-5.575 0.075 0.0000e+00
-5.575 0.125 0.0000e+00
-5.575 0.175 0.0000e+00
-5.575 0.225 0.0000e+00
-5.575 0.275 0.0000e+00
-5.575 0.325 0.0000e+00
-5.575 0.375 0.0000e+00
-5.575 0.425 0.0000e+00
-5.575 0.475 0.0000e+00
-5.575 0.525 0.0000e+00
-5.575 0.575 0.0000e+00
-5.575 0.625 0.0000e+00
-5.575 0.675 0.0000e+00
-5.575 0.725 0.0000e+00
-5.575 0.775 0.0000e+00
-5.575 0.825 0.0000e+00
-5.575 0.875 0.0000e+00
-5.575 0.925 0.0000e+00
-5.575 0.975 0.0000e+00
-5.575 1.025 0.0000e+00
-5.575 1.075 0.0000e+00
-5.575 1.125 6.7550e-18
-5.575 1.175 1.3491e-17
-5.575 1.225 2.6946e-17
-5.575 1.275 5.3828e-17
-5.575 1.325 1.0755e-16
-5.575 1.375 2.1490e-16
-5.575 1.425 4.2951e-16
-5.575 1.475 8.5860e-16
-5.575 1.525 1.7168e-15
-5.575 1.575 3.4335e-15
-5.575 1.625 6.8691e-15
-5.575 1.675 1.3747e-14
-5.575 1.725 2.7521e-14
-5.575 1.775 5.5118e-14
-5.575 1.825 1.1044e-13
-5.575 1.875 2.2141e-13
-5.575 1.925 4.4413e-13
-5.575 1.975 8.9148e-13
-5.575 2.025 1.7907e-12
-5.575 2.075 3.6000e-12
-5.575 2.125 7.2442e-12
-5.575 2.175 1.4592e-11
-5.575 2.225 2.9428e-11
-5.575 2.275 5.9426e-11
-5.575 2.325 1.2018e-10
-5.575 2.375 2.4345e-10
-5.575 2.425 4.9409e-10
-5.575 2.475 1.0049e-09
-5.575 2.525 2.0486e-09
-5.575 2.575 4.1875e-09
-5.575 2.625 8.5854e-09
-5.575 2.675 1.7662e-08
-5.575 2.725 3.6473e-08
-5.575 2.775 7.5644e-08
-5.575 2.825 1.5764e-07
-5.575 2.875 3.3034e-07
-5.575 2.925 6.9647e-07
-5.575 2.975 1.4786e-06
-5.575 3.025 3.1636e-06
-5.575 3.075 6.8281e-06
-5.575 3.125 1.4881e-05
-5.575 3.175 3.2786e-05
-5.575 3.225 7.3101e-05
-5.575 3.275 1.6512e-04
-5.575 3.325 3.7816e-04
-5.575 3.375 8.7844e-04
-5.575 3.425 2.0686e-03
-5.575 3.475 4.9276e-03
-5.575 3.525 1.1817e-02
-5.575 3.575 2.8281e-02
-5.575 3.625 6.6666e-02
-5.575 3.675 1.5251e-01
-5.575 3.725 3.3783e-01
-5.575 3.775 7.6431e-01
-5.575 3.825 2.1145e+00
-5.575 3.875 0.0000e+00
-5.575 3.925 0.0000e+00
-5.575 3.975 0.0000e+00
-5.525 -1.975 0.0000e+00
-5.525 -1.925 0.0000e+00
-5.525 -1.875 0.0000e+00
-5.525 -1.825 0.0000e+00
-5.525 -1.775 0.0000e+00
-5.525 -1.725 0.0000e+00
-5.525 -1.675 0.0000e+00
-5.525 -1.625 0.0000e+00
-5.525 -1.575 0.0000e+00
-5.525 -1.525 0.0000e+00
-5.525 -1.475 0.0000e+00
-5.525 -1.425 0.0000e+00
-5.525 -1.375 0.0000e+00
-5.525 -1.325 0.0000e+00
-5.525 -1.275 0.0000e+00
-5.525 -1.225 0.0000e+00
-5.525 -1.175 0.0000e+00
-5.525 -1.125 0.0000e+00
-5.525 -1.075 0.0000e+00
-5.525 -1.025 0.0000e+00
-5.525 -0.975 0.0000e+00
-5.525 -0.925 0.0000e+00
-5.525 -0.875 0.0000e+00
-5.525 -0.825 0.0000e+00
-5.525 -0.775 0.0000e+00
-5.525 -0.725 0.0000e+00
-5.525 -0.675 0.0000e+00
-5.525 -0.625 0.0000e+00
-5.525 -0.575 0.0000e+00
-5.525 -0.525 0.0000e+00
-5.525 -0.475 0.0000e+00
-5.525 -0.425 0.0000e+00
-5.525 -0.375 0.0000e+00
-5.525 -0.325 0.0000e+00
-5.525 -0.275 0.0000e+00
-5.525 -0.225 0.0000e+00
-5.525 -0.175 0.0000e+00
-5.525 -0.125 0.0000e+00
-5.525 -0.075 0.0000e+00
-5.525 -0.025 0.0000e+00
-5.525 0.025 0.0000e+00
-5.525 0.075 0.0000e+00
-5.525 0.125 0.0000e+00
-5.525 0.175 0.0000e+00
-5.525 0.225 0.0000e+00
-5.525 0.275 0.0000e+00
-5.525 0.325 0.0000e+00
-5.525 0.375 0.0000e+00
-5.525 0.425 0.0000e+00
-5.525 0.475 0.0000e+00
-5.525 0.525 0.0000e+00
-5.525 0.575 0.0000e+00
-5.525 0.625 0.0000e+00
-5.525 0.675 0.0000e+00
-5.525 0.725 0.0000e+00
-5.525 0.775 0.0000e+00
-5.525 0.825 0.0000e+00
-5.525 0.875 0.0000e+00
-5.525 0.925 0.0000e+00
-5.525 0.975 0.0000e+00
-5.525 1.025 0.0000e+00
-5.525 1.075 0.0000e+00
-5.525 1.125 8.5040e-18
-5.525 1.175 1.6984e-17
-5.525 1.225 3.3923e-17
-5.525 1.275 6.7766e-17
-5.525 1.325 1.3539e-16
-5.525 1.375 2.7055e-16
-5.525 1.425 5.4072e-16
-5.525 1.475 1.0809e-15
-5.525 1.525 2.1613e-15
-5.525 1.575 4.3226e-15
-5.525 1.625 8.6477e-15
-5.525 1.675 1.7306e-14
-5.525 1.725 3.4646e-14
-5.525 1.775 6.9390e-14
-5.525 1.825 1.3904e-13
-5.525 1.875 2.7874e-13
-5.525 1.925 5.5913e-13
-5.525 1.975 1.1223e-12
-5.525 2.025 2.2544e-12
-5.525 2.075 4.5322e-12
-5.525 2.125 9.1199e-12
-5.525 2.175 1.8371e-11
-5.525 2.225 3.7048e-11
-5.525 2.275 7.4813e-11
-5.525 2.325 1.5130e-10
-5.525 2.375 3.0649e-10
-5.525 2.425 6.2202e-10
-5.525 2.475 1.2651e-09
-5.525 2.525 2.5790e-09
-5.525 2.575 5.2717e-09
-5.525 2.625 1.0808e-08
-5.525 2.675 2.2235e-08
-5.525 2.725 4.5917e-08
-5.525 2.775 9.5230e-08
-5.525 2.825 1.9846e-07
-5.525 2.875 4.1587e-07
-5.525 2.925 8.7681e-07
-5.525 2.975 1.8615e-06
-5.525 3.025 3.9827e-06
-5.525 3.075 8.5960e-06
-5.525 3.125 1.8734e-05
-5.525 3.175 4.1275e-05
-5.525 3.225 9.2029e-05
-5.525 3.275 2.0787e-04
-5.525 3.325 4.7607e-04
-5.525 3.375 1.1059e-03
-5.525 3.425 2.6042e-03
-5.525 3.475 6.2034e-03
-5.525 3.525 1.4876e-02
-5.525 3.575 3.5604e-02
-5.525 3.625 8.3926e-02
-5.525 3.675 1.9199e-01
-5.525 3.725 4.2530e-01
-5.525 3.775 9.6218e-01
-5.525 3.825 2.6618e+00
-5.525 3.875 0.0000e+00
-5.525 3.925 0.0000e+00
-5.525 3.975 0.0000e+00
-5.475 -1.975 0.0000e+00
-5.475 -1.925 0.0000e+00
-5.475 -1.875 0.0000e+00
-5.475 -1.825 0.0000e+00
-5.475 -1.775 0.0000e+00
-5.475 -1.725 0.0000e+00
-5.475 -1.675 0.0000e+00
-5.475 -1.625 0.0000e+00
-5.475 -1.575 0.0000e+00
-5.475 -1.525 0.0000e+00
-5.475 -1.475 0.0000e+00
-5.475 -1.425 0.0000e+00
-5.475 -1.375 0.0000e+00
-5.475 -1.325 0.0000e+00
-5.475 -1.275 0.0000e+00
-5.475 -1.225 0.0000e+00
-5.475 -1.175 0.0000e+00
-5.475 -1.125 0.0000e+00
-5.475 -1.075 0.0000e+00
-5.475 -1.025 0.0000e+00
-5.475 -0.975 0.0000e+00
-5.475 -0.925 0.0000e+00
-5.475 -0.875 0.0000e+00
-5.475 -0.825 0.0000e+00
-5.475 -0.775 0.0000e+00
-5.475 -0.725 0.0000e+00
-5.475 -0.675 0.0000e+00
-5.475 -0.625 0.0000e+00
-5.475 -0.575 0.0000e+00
-5.475 -0.525 0.0000e+00
-5.475 -0.475 0.0000e+00
-5.475 -0.425 0.0000e+00
-5.475 -0.375 0.0000e+00
-5.475 -0.325 0.0000e+00
-5.475 -0.275 0.0000e+00
-5.475 -0.225 0.0000e+00
-5.475 -0.175 0.0000e+00
-5.475 -0.125 0.0000e+00
-5.475 -0.075 0.0000e+00
-5.475 -0.025 0.0000e+00
-5.475 0.025 0.0000e+00
-5.475 0.075 0.0000e+00
-5.475 0.125 0.0000e+00
-5.475 0.175 0.0000e+00
-5.475 0.225 0.0000e+00
-5.475 0.275 0.0000e+00
-5.475 0.325 0.0000e+00
-5.475 0.375 0.0000e+00
-5.475 0.425 0.0000e+00
-5.475 0.475 0.0000e+00
-5.475 0.525 0.0000e+00
-5.475 0.575 0.0000e+00
-5.475 0.625 0.0000e+00
-5.475 0.675 0.0000e+00
-5.475 0.725 0.0000e+00
-5.475 0.775 0.0000e+00
-5.475 0.825 0.0000e+00
-5.475 0.875 0.0000e+00
-5.475 0.925 0.0000e+00
-5.475 0.975 0.0000e+00
-5.475 1.025 0.0000e+00
-5.475 1.075 0.0000e+00
-5.475 1.125 1.0706e-17
-5.475 1.175 2.1381e-17
-5.475 1.225 4.2706e-17
-5.475 1.275 8.5312e-17
-5.475 1.325 1.7045e-16
-5.475 1.375 3.4060e-16
-5.475 1.425 6.8072e-16
-5.475 1.475 1.3608e-15
-5.475 1.525 2.7209e-15
-5.475 1.575 5.4418e-15
-5.475 1.625 1.0887e-14
-5.475 1.675 2.1787e-14
-5.475 1.725 4.3617e-14
-5.475 1.775 8.7357e-14
-5.475 1.825 1.7504e-13
-5.475 1.875 3.5091e-13
-5.475 1.925 7.0390e-13
-5.475 1.975 1.4129e-12
-5.475 2.025 2.8381e-12
-5.475 2.075 5.7057e-12
-5.475 2.125 1.1481e-11
-5.475 2.175 2.3127e-11
-5.475 2.225 4.6640e-11
-5.475 2.275 9.4184e-11
-5.475 2.325 1.9047e-10
-5.475 2.375 3.8584e-10
-5.475 2.425 7.8308e-10
-5.475 2.475 1.5926e-09
-5.475 2.525 3.2468e-09
-5.475 2.575 6.6367e-09
-5.475 2.625 1.3607e-08
-5.475 2.675 2.7992e-08
-5.475 2.725 5.7806e-08
-5.475 2.775 1.1989e-07
-5.475 2.825 2.4985e-07
-5.475 2.875 5.2355e-07
-5.475 2.925 1.1038e-06
-5.475 2.975 2.3434e-06
-5.475 3.025 5.0140e-06
-5.475 3.075 1.0822e-05
-5.475 3.125 2.3585e-05
-5.475 3.175 5.1962e-05
-5.475 3.225 1.1586e-04
-5.475 3.275 2.6169e-04
-5.475 3.325 5.9933e-04
-5.475 3.375 1.3922e-03
-5.475 3.425 3.2784e-03
-5.475 3.475 7.8095e-03
-5.475 3.525 1.8728e-02
-5.475 3.575 4.4821e-02
-5.475 3.625 1.0565e-01
-5.475 3.675 2.4170e-01
-5.475 3.725 5.3540e-01
-5.475 3.775 1.2113e+00
-5.475 3.825 3.3507e+00
-5.475 3.875 0.0000e+00
-5.475 3.925 0.0000e+00
-5.475 3.975 0.0000e+00
-5.425 -1.975 0.0000e+00
-5.425 -1.925 0.0000e+00
-5.425 -1.875 0.0000e+00
-5.425 -1.825 0.0000e+00
-5.425 -1.775 0.0000e+00
-5.425 -1.725 0.0000e+00
-5.425 -1.675 0.0000e+00
-5.425 -1.625 0.0000e+00
-5.425 -1.575 0.0000e+00
-5.425 -1.525 0.0000e+00
-5.425 -1.475 0.0000e+00
-5.425 -1.425 0.0000e+00
-5.425 -1.375 0.0000e+00
-5.425 -1.325 0.0000e+00
-5.425 -1.275 0.0000e+00
-5.425 -1.225 0.0000e+00
-5.425 -1.175 0.0000e+00
-5.425 -1.125 0.0000e+00
-5.425 -1.075 0.0000e+00
-5.425 -1.025 0.0000e+00
-5.425 -0.975 0.0000e+00
-5.425 -0.925 0.0000e+00
-5.425 -0.875 0.0000e+00
-5.425 -0.825 0.0000e+00
-5.425 -0.775 0.0000e+00
-5.425 -0.725 0.0000e+00
-5.425 -0.675 0.0000e+00
-5.425 -0.625 0.0000e+00
-5.425 -0.575 0.0000e+00
-5.425 -0.525 0.0000e+00
-5.425 -0.475 0.0000e+00
-5.425 -0.425 0.0000e+00
-5.425 -0.375 0.0000e+00
-5.425 -0.325 0.0000e+00
-5.425 -0.275 0.0000e+00
-5.425 -0.225 0.0000e+00
-5.425 -0.175 0.0000e+00
-5.425 -0.125 0.0000e+00
-5.425 -0.075 0.0000e+00
-5.425 -0.025 0.0000e+00
-5.425 0.025 0.0000e+00
-5.425 0.075 0.0000e+00
-5.425 0.125 0.0000e+00
-5.425 0.175 0.0000e+00
-5.425 0.225 0.0000e+00
-5.425 0.275 0.0000e+00
-5.425 0.325 0.0000e+00
-5.425 0.375 0.0000e+00
-5.425 0.425 0.0000e+00
-5.425 0.475 0.0000e+00
-5.425 0.525 0.0000e+00
-5.425 0.575 0.0000e+00
-5.425 0.625 0.0000e+00
-5.425 0.675 0.0000e+00
-5.425 0.725 0.0000e+00
-5.425 0.775 0.0000e+00
-5.425 0.825 0.0000e+00
-5.425 0.875 0.0000e+00
-5.425 0.925 0.0000e+00
-5.425 0.975 0.0000e+00
-5.425 1.025 0.0000e+00
-5.425 1.075 0.0000e+00
-5.425 1.125 1.3478e-17
-5.425 1.175 2.6917e-17
-5.425 1.225 5.3764e-17
-5.425 1.275 1.0740e-16
-5.425 1.325 2.1458e-16
-5.425 1.375 4.2879e-16
-5.425 1.425 8.5698e-16
-5.425 1.475 1.7131e-15
-5.425 1.525 3.4254e-15
-5.425 1.575 6.8508e-15
-5.425 1.625 1.3706e-14
-5.425 1.675 2.7428e-14
-5.425 1.725 5.4911e-14
-5.425 1.775 1.0998e-13
-5.425 1.825 2.2036e-13
-5.425 1.875 4.4177e-13
-5.425 1.925 8.8616e-13
-5.425 1.975 1.7787e-12
-5.425 2.025 3.5730e-12
-5.425 2.075 7.1830e-12
-5.425 2.125 1.4454e-11
-5.425 2.175 2.9115e-11
-5.425 2.225 5.8717e-11
-5.425 2.275 1.1857e-10
-5.425 2.325 2.3979e-10
-5.425 2.375 4.8575e-10
-5.425 2.425 9.8584e-10
-5.425 2.475 2.0050e-09
-5.425 2.525 4.0875e-09
-5.425 2.575 8.3551e-09
-5.425 2.625 1.7130e-08
-5.425 2.675 3.5240e-08
-5.425 2.725 7.2773e-08
-5.425 2.775 1.5093e-07
-5.425 2.825 3.1454e-07
-5.425 2.875 6.5911e-07
-5.425 2.925 1.3896e-06
-5.425 2.975 2.9502e-06
-5.425 3.025 6.3122e-06
-5.425 3.075 1.3624e-05
-5.425 3.125 2.9692e-05
-5.425 3.175 6.5417e-05
-5.425 3.225 1.4585e-04
-5.425 3.275 3.2945e-04
-5.425 3.325 7.5451e-04
-5.425 3.375 1.7527e-03
-5.425 3.425 4.1272e-03
-5.425 3.475 9.8314e-03
-5.425 3.525 2.3576e-02
-5.425 3.575 5.6425e-02
-5.425 3.625 1.3300e-01
-5.425 3.675 3.0426e-01
-5.425 3.725 6.7401e-01
-5.425 3.775 1.5249e+00
-5.425 3.825 4.2179e+00
-5.425 3.875 0.0000e+00
-5.425 3.925 0.0000e+00
-5.425 3.975 0.0000e+00
-5.375 -1.975 0.0000e+00
-5.375 -1.925 0.0000e+00
-5.375 -1.875 0.0000e+00
-5.375 -1.825 0.0000e+00
-5.375 -1.775 0.0000e+00
-5.375 -1.725 0.0000e+00
-5.375 -1.675 0.0000e+00
-5.375 -1.625 0.0000e+00
-5.375 -1.575 0.0000e+00
-5.375 -1.525 0.0000e+00
-5.375 -1.475 0.0000e+00
-5.375 -1.425 0.0000e+00
-5.375 -1.375 0.0000e+00
-5.375 -1.325 0.0000e+00
-5.375 -1.275 0.0000e+00
-5.375 -1.225 0.0000e+00
-5.375 -1.175 0.0000e+00
-5.375 -1.125 0.0000e+00
-5.375 -1.075 0.0000e+00
-5.375 -1.025 0.0000e+00
-5.375 -0.975 0.0000e+00
-5.375 -0.925 0.0000e+00
-5.375 -0.875 0.0000e+00
-5.375 -0.825 0.0000e+00
-5.375 -0.775 0.0000e+00
-5.375 -0.725 0.0000e+00
-5.375 -0.675 0.0000e+00
-5.375 -0.625 0.0000e+00
-5.375 -0.575 0.0000e+00
-5.375 -0.525 0.0000e+00
-5.375 -0.475 0.0000e+00
-5.375 -0.425 0.0000e+00
-5.375 -0.375 0.0000e+00
-5.375 -0.325 0.0000e+00
-5.375 -0.275 0.0000e+00
-5.375 -0.225 0.0000e+00
-5.375 -0.175 0.0000e+00
-5.375 -0.125 0.0000e+00
-5.375 -0.075 0.0000e+00
-5.375 -0.025 0.0000e+00
-5.375 0.025 0.0000e+00
-5.375 0.075 0.0000e+00
-5.375 0.125 0.0000e+00
-5.375 0.175 0.0000e+00
-5.375 0.225 0.0000e+00
-5.375 0.275 0.0000e+00
-5.375 0.325 0.0000e+00
-5.375 0.375 0.0000e+00
-5.375 0.425 0.0000e+00
-5.375 0.475 0.0000e+00
-5.375 0.525 0.0000e+00
-5.375 0.575 0.0000e+00
-5.375 0.625 0.0000e+00
-5.375 0.675 0.0000e+00
-5.375 0.725 0.0000e+00
-5.375 0.775 0.0000e+00
-5.375 0.825 0.0000e+00
-5.375 0.875 0.0000e+00
-5.375 0.925 0.0000e+00
-5.375 0.975 0.0000e+00
-5.375 1.025 0.0000e+00
-5.375 1.075 0.0000e+00
-5.375 1.125 1.6968e-17
-5.375 1.175 3.3887e-17
-5.375 1.225 6.7685e-17
-5.375 1.275 1.3521e-16
-5.375 1.325 2.7014e-16
-5.375 1.375 5.3981e-16
-5.375 1.425 1.0789e-15
-5.375 1.475 2.1567e-15
-5.375 1.525 4.3123e-15
-5.375 1.575 8.6246e-15
-5.375 1.625 1.7254e-14
-5.375 1.675 3.4530e-14
-5.375 1.725 6.9129e-14
-5.375 1.775 1.3845e-13
-5.375 1.825 2.7742e-13
-5.375 1.875 5.5616e-13
-5.375 1.925 1.1156e-12
-5.375 1.975 2.2393e-12
-5.375 2.025 4.4981e-12
-5.375 2.075 9.0429e-12
-5.375 2.125 1.8197e-11
-5.375 2.175 3.6654e-11
-5.375 2.225 7.3920e-11
-5.375 2.275 1.4927e-10
-5.375 2.325 3.0188e-10
-5.375 2.375 6.1152e-10
-5.375 2.425 1.2411e-09
-5.375 2.475 2.5241e-09
-5.375 2.525 5.1458e-09
-5.375 2.575 1.0518e-08
-5.375 2.625 2.1565e-08
-5.375 2.675 4.4364e-08
-5.375 2.725 9.1616e-08
-5.375 2.775 1.9001e-07
-5.375 2.825 3.9598e-07
-5.375 2.875 8.2976e-07
-5.375 2.925 1.7494e-06
-5.375 2.975 3.7141e-06
-5.375 3.025 7.9466e-06
-5.375 3.075 1.7151e-05
-5.375 3.125 3.7380e-05
-5.375 3.175 8.2354e-05
-5.375 3.225 1.8362e-04
-5.375 3.275 4.1475e-04
-5.375 3.325 9.4986e-04
-5.375 3.375 2.2064e-03
-5.375 3.425 5.1958e-03
-5.375 3.475 1.2377e-02
-5.375 3.525 2.9680e-02
-5.375 3.575 7.1032e-02
-5.375 3.625 1.6744e-01
-5.375 3.675 3.8303e-01
-5.375 3.725 8.4849e-01
-5.375 3.775 1.9196e+00
-5.375 3.825 5.3093e+00
-5.375 3.875 0.0000e+00
-5.375 3.925 0.0000e+00
-5.375 3.975 0.0000e+00
-5.325 -1.975 0.0000e+00
-5.325 -1.925 0.0000e+00
-5.325 -1.875 0.0000e+00
-5.325 -1.825 0.0000e+00
-5.325 -1.775 0.0000e+00
-5.325 -1.725 0.0000e+00
-5.325 -1.675 0.0000e+00
-5.325 -1.625 0.0000e+00
-5.325 -1.575 0.0000e+00
-5.325 -1.525 0.0000e+00
-5.325 -1.475 0.0000e+00
-5.325 -1.425 0.0000e+00
-5.325 -1.375 0.0000e+00
-5.325 -1.325 0.0000e+00
-5.325 -1.275 0.0000e+00
-5.325 -1.225 0.0000e+00
-5.325 -1.175 0.0000e+00
-5.325 -1.125 0.0000e+00
-5.325 -1.075 0.0000e+00
-5.325 -1.025 0.0000e+00
-5.325 -0.975 0.0000e+00
-5.325 -0.925 0.0000e+00
-5.325 -0.875 0.0000e+00
-5.325 -0.825 0.0000e+00
-5.325 -0.775 0.0000e+00
-5.325 -0.725 0.0000e+00
-5.325 -0.675 0.0000e+00
-5.325 -0.625 0.0000e+00
-5.325 -0.575 0.0000e+00
-5.325 -0.525 0.0000e+00
-5.325 -0.475 0.0000e+00
-5.325 -0.425 0.0000e+00
-5.325 -0.375 0.0000e+00
-5.325 -0.325 0.0000e+00
-5.325 -0.275 0.0000e+00
-5.325 -0.225 0.0000e+00
-5.325 -0.175 0.0000e+00
-5.325 -0.125 0.0000e+00
-5.325 -0.075 0.0000e+00
-5.325 -0.025 0.0000e+00
-5.325 0.025 0.0000e+00
-5.325 0.075 0.0000e+00
-5.325 0.125 0.0000e+00
-5.325 0.175 0.0000e+00
-5.325 0.225 0.0000e+00
-5.325 0.275 0.0000e+00
-5.325 0.325 0.0000e+00
-5.325 0.375 0.0000e+00
-5.325 0.425 0.0000e+00
-5.325 0.475 0.0000e+00
-5.325 0.525 0.0000e+00
-5.325 0.575 0.0000e+00
-5.325 0.625 0.0000e+00
-5.325 0.675 0.0000e+00
-5.325 0.725 0.0000e+00
-5.325 0.775 0.0000e+00
-5.325 0.825 0.0000e+00
-5.325 0.875 0.0000e+00
-5.325 0.925 0.0000e+00
-5.325 0.975 0.0000e+00
-5.325 1.025 0.0000e+00
-5.325 1.075 0.0000e+00
-5.325 1.125 2.1361e-17
-5.325 1.175 4.2661e-17
-5.325 1.225 8.5211e-17
-5.325 1.275 1.7022e-16
-5.325 1.325 3.4009e-16
-5.325 1.375 6.7958e-16
-5.325 1.425 1.3582e-15
-5.325 1.475 2.7151e-15
-5.325 1.525 5.4289e-15
-5.325 1.575 1.0858e-14
-5.325 1.625 2.1722e-14
-5.325 1.675 4.3471e-14
-5.325 1.725 8.7028e-14
-5.325 1.775 1.7430e-13
-5.325 1.825 3.4925e-13
-5.325 1.875 7.0016e-13
-5.325 1.925 1.4045e-12
-5.325 1.975 2.8191e-12
-5.325 2.025 5.6628e-12
-5.325 2.075 1.1384e-11
-5.325 2.125 2.2908e-11
-5.325 2.175 4.6145e-11
-5.325 2.225 9.3060e-11
-5.325 2.275 1.8792e-10
-5.325 2.325 3.8004e-10
-5.325 2.375 7.6986e-10
-5.325 2.425 1.5624e-09
-5.325 2.475 3.1777e-09
-5.325 2.525 6.4782e-09
-5.325 2.575 1.3242e-08
-5.325 2.625 2.7149e-08
-5.325 2.675 5.5852e-08
-5.325 2.725 1.1534e-07
-5.325 2.775 2.3921e-07
-5.325 2.825 4.9851e-07
-5.325 2.875 1.0446e-06
-5.325 2.925 2.2024e-06
-5.325 2.975 4.6757e-06
-5.325 3.025 1.0004e-05
-5.325 3.075 2.1592e-05
-5.325 3.125 4.7058e-05
-5.325 3.175 1.0368e-04
-5.325 3.225 2.3116e-04
-5.325 3.275 5.2213e-04
-5.325 3.325 1.1958e-03
-5.325 3.375 2.7777e-03
-5.325 3.425 6.5409e-03
-5.325 3.475 1.5581e-02
-5.325 3.525 3.7363e-02
-5.325 3.575 8.9419e-02
-5.325 3.625 2.1078e-01
-5.325 3.675 4.8218e-01
-5.325 3.725 1.0681e+00
-5.325 3.775 2.4165e+00
-5.325 3.825 6.6829e+00
-5.325 3.875 0.0000e+00
-5.325 3.925 0.0000e+00
-5.325 3.975 0.0000e+00
-5.275 -1.975 0.0000e+00
-5.275 -1.925 0.0000e+00
-5.275 -1.875 0.0000e+00
-5.275 -1.825 0.0000e+00
-5.275 -1.775 0.0000e+00
-5.275 -1.725 0.0000e+00
-5.275 -1.675 0.0000e+00
-5.275 -1.625 0.0000e+00
-5.275 -1.575 0.0000e+00
-5.275 -1.525 0.0000e+00
-5.275 -1.475 0.0000e+00
-5.275 -1.425 0.0000e+00
-5.275 -1.375 0.0000e+00
-5.275 -1.325 0.0000e+00
-5.275 -1.275 0.0000e+00
-5.275 -1.225 0.0000e+00
-5.275 -1.175 0.0000e+00
-5.275 -1.125 0.0000e+00
-5.275 -1.075 0.0000e+00
-5.275 -1.025 0.0000e+00
-5.275 -0.975 0.0000e+00
-5.275 -0.925 0.0000e+00
-5.275 -0.875 0.0000e+00
-5.275 -0.825 0.0000e+00
-5.275 -0.775 0.0000e+00
-5.275 -0.725 0.0000e+00
-5.275 -0.675 0.0000e+00
-5.275 -0.625 0.0000e+00
-5.275 -0.575 0.0000e+00
-5.275 -0.525 0.0000e+00
-5.275 -0.475 0.0000e+00
-5.275 -0.425 0.0000e+00
-5.275 -0.375 0.0000e+00
-5.275 -0.325 0.0000e+00
-5.275 -0.275 0.0000e+00
-5.275 -0.225 0.0000e+00
-5.275 -0.175 0.0000e+00
-5.275 -0.125 0.0000e+00
-5.275 -0.075 0.0000e+00
-5.275 -0.025 0.0000e+00
-5.275 0.025 0.0000e+00
-5.275 0.075 0.0000e+00
-5.275 0.125 0.0000e+00
-5.275 0.175 0.0000e+00
-5.275 0.225 0.0000e+00
-5.275 0.275 0.0000e+00
-5.275 0.325 0.0000e+00
-5.275 0.375 0.0000e+00
-5.275 0.425 0.0000e+00
-5.275 0.475 0.0000e+00
-5.275 0.525 0.0000e+00
-5.275 0.575 0.0000e+00
-5.275 0.625 0.0000e+00
-5.275 0.675 0.0000e+00
-5.275 0.725 0.0000e+00
-5.275 0.775 0.0000e+00
-5.275 0.825 0.0000e+00
-5.275 0.875 0.0000e+00
-5.275 0.925 0.0000e+00
-5.275 0.975 0.0000e+00
-5.275 1.025 0.0000e+00
-5.275 1.075 0.0000e+00
-5.275 1.125 2.6892e-17
-5.275 1.175 5.3707e-17
-5.275 1.225 1.0727e-16
-5.275 1.275 2.1429e-16
-5.275 1.325 4.2814e-16
-5.275 1.375 8.5554e-16
-5.275 1.425 1.7099e-15
-5.275 1.475 3.4181e-15
-5.275 1.525 6.8345e-15
-5.275 1.575 1.3669e-14
-5.275 1.625 2.7346e-14
-5.275 1.675 5.4727e-14
-5.275 1.725 1.0956e-13
-5.275 1.775 2.1943e-13
-5.275 1.825 4.3968e-13
-5.275 1.875 8.8145e-13
-5.275 1.925 1.7681e-12
-5.275 1.975 3.5490e-12
-5.275 2.025 7.1290e-12
-5.275 2.075 1.4332e-11
-5.275 2.125 2.8840e-11
-5.275 2.175 5.8093e-11
-5.275 2.225 1.1716e-10
-5.275 2.275 2.3658e-10
-5.275 2.325 4.7845e-10
-5.275 2.375 9.6920e-10
-5.275 2.425 1.9670e-09
-5.275 2.475 4.0005e-09
-5.275 2.525 8.1556e-09
-5.275 2.575 1.6671e-08
-5.275 2.625 3.4179e-08
-5.275 2.675 7.0313e-08
-5.275 2.725 1.4520e-07
-5.275 2.775 3.0114e-07
-5.275 2.825 6.2759e-07
-5.275 2.875 1.3151e-06
-5.275 2.925 2.7727e-06
-5.275 2.975 5.8864e-06
-5.275 3.025 1.2594e-05
-5.275 3.075 2.7182e-05
-5.275 3.125 5.9242e-05
-5.275 3.175 1.3052e-04
-5.275 3.225 2.9101e-04
-5.275 3.275 6.5732e-04
-5.275 3.325 1.5054e-03
-5.275 3.375 3.4968e-03
-5.275 3.425 8.2343e-03
-5.275 3.475 1.9614e-02
-5.275 3.525 4.7035e-02
-5.275 3.575 1.1257e-01
-5.275 3.625 2.6533e-01
-5.275 3.675 6.0698e-01
-5.275 3.725 1.3446e+00
-5.275 3.775 3.0419e+00
-5.275 3.825 8.4116e+00
-5.275 3.875 0.0000e+00
-5.275 3.925 0.0000e+00
-5.275 3.975 0.0000e+00
-5.225 -1.975 0.0000e+00
-5.225 -1.925 0.0000e+00
-5.225 -1.875 0.0000e+00
-5.225 -1.825 0.0000e+00
-5.225 -1.775 0.0000e+00
-5.225 -1.725 0.0000e+00
-5.225 -1.675 0.0000e+00
-5.225 -1.625 0.0000e+00
-5.225 -1.575 0.0000e+00
-5.225 -1.525 0.0000e+00
-5.225 -1.475 0.0000e+00
-5.225 -1.425 0.0000e+00
-5.225 -1.375 0.0000e+00
-5.225 -1.325 0.0000e+00
-5.225 -1.275 0.0000e+00
-5.225 -1.225 0.0000e+00
-5.225 -1.175 0.0000e+00
-5.225 -1.125 0.0000e+00
-5.225 -1.075 0.0000e+00
-5.225 -1.025 0.0000e+00
-5.225 -0.975 0.0000e+00
-5.225 -0.925 0.0000e+00
-5.225 -0.875 0.0000e+00
-5.225 -0.825 0.0000e+00
-5.225 -0.775 0.0000e+00
-5.225 -0.725 0.0000e+00
-5.225 -0.675 0.0000e+00
-5.225 -0.625 0.0000e+00
-5.225 -0.575 0.0000e+00
-5.225 -0.525 0.0000e+00
-5.225 -0.475 0.0000e+00
-5.225 -0.425 0.0000e+00
-5.225 -0.375 0.0000e+00
-5.225 -0.325 0.0000e+00
-5.225 -0.275 0.0000e+00
-5.225 -0.225 0.0000e+00
-5.225 -0.175 0.0000e+00
-5.225 -0.125 0.0000e+00
-5.225 -0.075 0.0000e+00
-5.225 -0.025 0.0000e+00
-5.225 0.025 0.0000e+00
-5.225 0.075 0.0000e+00
-5.225 0.125 0.0000e+00
-5.225 0.175 0.0000e+00
-5.225 0.225 0.0000e+00
-5.225 0.275 0.0000e+00
-5.225 0.325 0.0000e+00
-5.225 0.375 0.0000e+00
-5.225 0.425 0.0000e+00
-5.225 0.475 0.0000e+00
-5.225 0.525 0.0000e+00
-5.225 0.575 0.0000e+00
-5.225 0.625 0.0000e+00
-5.225 0.675 0.0000e+00
-5.225 0.725 0.0000e+00
-5.225 0.775 0.0000e+00
-5.225 0.825 0.0000e+00
-5.225 0.875 0.0000e+00
-5.225 0.925 0.0000e+00
-5.225 0.975 0.0000e+00
-5.225 1.025 0.0000e+00
-5.225 1.075 0.0000e+00
-5.225 1.125 3.3855e-17
-5.225 1.175 6.7614e-17
-5.225 1.225 1.3505e-16
-5.225 1.275 2.6978e-16
-5.225 1.325 5.3900e-16
-5.225 1.375 1.0771e-15
-5.225 1.425 2.1526e-15
-5.225 1.475 4.3032e-15
-5.225 1.525 8.6042e-15
-5.225 1.575 1.7208e-14
-5.225 1.625 3.4427e-14
-5.225 1.675 6.8897e-14
-5.225 1.725 1.3793e-13
-5.225 1.775 2.7625e-13
-5.225 1.825 5.5352e-13
-5.225 1.875 1.1097e-12
-5.225 1.925 2.2259e-12
-5.225 1.975 4.4680e-12
-5.225 2.025 8.9749e-12
-5.225 2.075 1.8043e-11
-5.225 2.125 3.6307e-11
-5.225 2.175 7.3134e-11
-5.225 2.225 1.4749e-10
-5.225 2.275 2.9784e-10
-5.225 2.325 6.0233e-10
-5.225 2.375 1.2201e-09
-5.225 2.425 2.4763e-09
-5.225 2.475 5.0363e-09
-5.225 2.525 1.0267e-08
-5.225 2.575 2.0987e-08
-5.225 2.625 4.3029e-08
-5.225 2.675 8.8519e-08
-5.225 2.725 1.8280e-07
-5.225 2.775 3.7911e-07
-5.225 2.825 7.9009e-07
-5.225 2.875 1.6556e-06
-5.225 2.925 3.4906e-06
-5.225 2.975 7.4105e-06
-5.225 3.025 1.5855e-05
-5.225 3.075 3.4220e-05
-5.225 3.125 7.4581e-05
-5.225 3.175 1.6431e-04
-5.225 3.225 3.6635e-04
-5.225 3.275 8.2750e-04
-5.225 3.325 1.8951e-03
-5.225 3.375 4.4021e-03
-5.225 3.425 1.0366e-02
-5.225 3.475 2.4692e-02
-5.225 3.525 5.9210e-02
-5.225 3.575 1.4170e-01
-5.225 3.625 3.3401e-01
-5.225 3.675 7.6407e-01
-5.225 3.725 1.6926e+00
-5.225 3.775 3.8292e+00
-5.225 3.825 1.0587e+01
-5.225 3.875 0.0000e+00
-5.225 3.925 0.0000e+00
-5.225 3.975 0.0000e+00
-5.175 -1.975 0.0000e+00
-5.175 -1.925 0.0000e+00
-5.175 -1.875 0.0000e+00
-5.175 -1.825 0.0000e+00
-5.175 -1.775 0.0000e+00
-5.175 -1.725 0.0000e+00
-5.175 -1.675 0.0000e+00
-5.175 -1.625 0.0000e+00
-5.175 -1.575 0.0000e+00
-5.175 -1.525 0.0000e+00
-5.175 -1.475 0.0000e+00
-5.175 -1.425 0.0000e+00
-5.175 -1.375 0.0000e+00
-5.175 -1.325 0.0000e+00
-5.175 -1.275 0.0000e+00
-5.175 -1.225 0.0000e+00
-5.175 -1.175 0.0000e+00
-5.175 -1.125 0.0000e+00
-5.175 -1.075 0.0000e+00
-5.175 -1.025 0.0000e+00
-5.175 -0.975 0.0000e+00
-5.175 -0.925 0.0000e+00
-5.175 -0.875 0.0000e+00
-5.175 -0.825 0.0000e+00
-5.175 -0.775 0.0000e+00
-5.175 -0.725 0.0000e+00
-5.175 -0.675 0.0000e+00
-5.175 -0.625 0.0000e+00
-5.175 -0.575 0.0000e+00
-5.175 -0.525 0.0000e+00
-5.175 -0.475 0.0000e+00
-5.175 -0.425 0.0000e+00
-5.175 -0.375 0.0000e+00
-5.175 -0.325 0.0000e+00
-5.175 -0.275 0.0000e+00
-5.175 -0.225 0.0000e+00
-5.175 -0.175 0.0000e+00
-5.175 -0.125 0.0000e+00
-5.175 -0.075 0.0000e+00
-5.175 -0.025 0.0000e+00
-5.175 0.025 0.0000e+00
-5.175 0.075 0.0000e+00
-5.175 0.125 0.0000e+00
-5.175 0.175 0.0000e+00
-5.175 0.225 0.0000e+00
-5.175 0.275 0.0000e+00
-5.175 0.325 0.0000e+00
-5.175 0.375 0.0000e+00
-5.175 0.425 0.0000e+00
-5.175 0.475 0.0000e+00
-5.175 0.525 0.0000e+00
-5.175 0.575 0.0000e+00
-5.175 0.625 0.0000e+00
-5.175 0.675 0.0000e+00
-5.175 0.725 0.0000e+00
-5.175 0.775 0.0000e+00
-5.175 0.825 0.0000e+00
-5.175 0.875 0.0000e+00
-5.175 0.925 0.0000e+00
-5.175 0.975 0.0000e+00
-5.175 1.025 0.0000e+00
-5.175 1.075 0.0000e+00
-5.175 1.125 4.2621e-17
-5.175 1.175 8.5120e-17
-5.175 1.225 1.7002e-16
-5.175 1.275 3.3963e-16
-5.175 1.325 6.7856e-16
-5.175 1.375 1.3559e-15
-5.175 1.425 2.7100e-15
-5.175 1.475 5.4174e-15
-5.175 1.525 1.0832e-14
-5.175 1.575 2.1664e-14
-5.175 1.625 4.3341e-14
-5.175 1.675 8.6736e-14
-5.175 1.725 1.7364e-13
-5.175 1.775 3.4777e-13
-5.175 1.825 6.9684e-13
-5.175 1.875 1.3970e-12
-5.175 1.925 2.8023e-12
-5.175 1.975 5.6249e-12
-5.175 2.025 1.1299e-11
-5.175 2.075 2.2715e-11
-5.175 2.125 4.5708e-11
-5.175 2.175 9.2071e-11
-5.175 2.225 1.8568e-10
-5.175 2.275 3.7495e-10
-5.175 2.325 7.5829e-10
-5.175 2.375 1.5361e-09
-5.175 2.425 3.1175e-09
-5.175 2.475 6.3404e-09
-5.175 2.525 1.2926e-08
-5.175 2.575 2.6421e-08
-5.175 2.625 5.4170e-08
-5.175 2.675 1.1144e-07
-5.175 2.725 2.3013e-07
-5.175 2.775 4.7728e-07
-5.175 2.825 9.9466e-07
-5.175 2.875 2.0843e-06
-5.175 2.925 4.3944e-06
-5.175 2.975 9.3292e-06
-5.175 3.025 1.9960e-05
-5.175 3.075 4.3081e-05
-5.175 3.125 9.3891e-05
-5.175 3.175 2.0686e-04
-5.175 3.225 4.6120e-04
-5.175 3.275 1.0417e-03
-5.175 3.325 2.3857e-03
-5.175 3.375 5.5417e-03
-5.175 3.425 1.3049e-02
-5.175 3.475 3.1083e-02
-5.175 3.525 7.4535e-02
-5.175 3.575 1.7837e-01
-5.175 3.625 4.2044e-01
-5.175 3.675 9.6179e-01
-5.175 3.725 2.1306e+00
-5.175 3.775 4.8202e+00
-5.175 3.825 1.3324e+01
-5.175 3.875 0.0000e+00
-5.175 3.925 0.0000e+00
-5.175 3.975 0.0000e+00
-5.125 -1.975 0.0000e+00
-5.125 -1.925 0.0000e+00
-5.125 -1.875 0.0000e+00
-5.125 -1.825 0.0000e+00
-5.125 -1.775 0.0000e+00
-5.125 -1.725 0.0000e+00
-5.125 -1.675 0.0000e+00
-5.125 -1.625 0.0000e+00
-5.125 -1.575 0.0000e+00
-5.125 -1.525 0.0000e+00
-5.125 -1.475 0.0000e+00
-5.125 -1.425 0.0000e+00
-5.125 -1.375 0.0000e+00
-5.125 -1.325 0.0000e+00
-5.125 -1.275 0.0000e+00
-5.125 -1.225 0.0000e+00
-5.125 -1.175 0.0000e+00
-5.125 -1.125 0.0000e+00
-5.125 -1.075 0.0000e+00
-5.125 -1.025 0.0000e+00
-5.125 -0.975 0.0000e+00
-5.125 -0.925 0.0000e+00
-5.125 -0.875 0.0000e+00
-5.125 -0.825 0.0000e+00
-5.125 -0.775 0.0000e+00
-5.125 -0.725 0.0000e+00
-5.125 -0.675 0.0000e+00
-5.125 -0.625 0.0000e+00
-5.125 -0.575 0.0000e+00
-5.125 -0.525 0.0000e+00
-5.125 -0.475 0.0000e+00
-5.125 -0.425 0.0000e+00
-5.125 -0.375 0.0000e+00
-5.125 -0.325 0.0000e+00
-5.125 -0.275 0.0000e+00
-5.125 -0.225 0.0000e+00
-5.125 -0.175 0.0000e+00
-5.125 -0.125 0.0000e+00
-5.125 -0.075 0.0000e+00
-5.125 -0.025 0.0000e+00
-5.125 0.025 0.0000e+00
-5.125 0.075 0.0000e+00
-5.125 0.125 0.0000e+00
-5.125 0.175 0.0000e+00
-5.125 0.225 0.0000e+00
-5.125 0.275 0.0000e+00
-5.125 0.325 0.0000e+00
-5.125 0.375 0.0000e+00
-5.125 0.425 0.0000e+00
-5.125 0.475 0.0000e+00
-5.125 0.525 0.0000e+00
-5.125 0.575 0.0000e+00
-5.125 0.625 0.0000e+00
-5.125 0.675 0.0000e+00
-5.125 0.725 0.0000e+00
-5.125 0.775 0.0000e+00
-5.125 0.825 0.0000e+00
-5.125 0.875 0.0000e+00
-5.125 0.925 0.0000e+00
-5.125 0.975 0.0000e+00
-5.125 1.025 0.0000e+00
-5.125 1.075 0.0000e+00
-5.125 1.125 5.3657e-17
-5.125 1.175 1.0716e-16
-5.125 1.225 2.1404e-16
-5.125 1.275 4.2757e-16
-5.125 1.325 8.5426e-16
-5.125 1.375 1.7070e-15
-5.125 1.425 3.4117e-15
-5.125 1.475 6.8201e-15
-5.125 1.525 1.3637e-14
-5.125 1.575 2.7274e-14
-5.125 1.625 5.4563e-14
-5.125 1.675 1.0919e-13
-5.125 1.725 2.1860e-13
-5.125 1.775 4.3782e-13
-5.125 1.825 8.7727e-13
-5.125 1.875 1.7587e-12
-5.125 1.925 3.5279e-12
-5.125 1.975 7.0813e-12
-5.125 2.025 1.4224e-11
-5.125 2.075 2.8596e-11
-5.125 2.125 5.7542e-11
-5.125 2.175 1.1591e-10
-5.125 2.225 2.3376e-10
-5.125 2.275 4.7204e-10
-5.125 2.325 9.5462e-10
-5.125 2.375 1.9338e-09
-5.125 2.425 3.9247e-09
-5.125 2.475 7.9820e-09
-5.125 2.525 1.6272e-08
-5.125 2.575 3.3262e-08
-5.125 2.625 6.8196e-08
-5.125 2.675 1.4029e-07
-5.125 2.725 2.8971e-07
-5.125 2.775 6.0085e-07
-5.125 2.825 1.2522e-06
-5.125 2.875 2.6239e-06
-5.125 2.925 5.5321e-06
-5.125 2.975 1.1745e-05
-5.125 3.025 2.5129e-05
-5.125 3.075 5.4235e-05
-5.125 3.125 1.1820e-04
-5.125 3.175 2.6041e-04
-5.125 3.225 5.8061e-04
-5.125 3.275 1.3114e-03
-5.125 3.325 3.0033e-03
-5.125 3.375 6.9762e-03
-5.125 3.425 1.6427e-02
-5.125 3.475 3.9128e-02
-5.125 3.525 9.3825e-02
-5.125 3.575 2.2453e-01
-5.125 3.625 5.2923e-01
-5.125 3.675 1.2106e+00
-5.125 3.725 2.6819e+00
-5.125 3.775 6.0673e+00
-5.125 3.825 1.6766e+01
-5.125 3.875 0.0000e+00
-5.125 3.925 0.0000e+00
-5.125 3.975 0.0000e+00
-5.075 -1.975 0.0000e+00
-5.075 -1.925 0.0000e+00
-5.075 -1.875 0.0000e+00
-5.075 -1.825 0.0000e+00
-5.075 -1.775 0.0000e+00
-5.075 -1.725 0.0000e+00
-5.075 -1.675 0.0000e+00
-5.075 -1.625 0.0000e+00
-5.075 -1.575 0.0000e+00
-5.075 -1.525 0.0000e+00
-5.075 -1.475 0.0000e+00
-5.075 -1.425 0.0000e+00
-5.075 -1.375 0.0000e+00
-5.075 -1.325 0.0000e+00
-5.075 -1.275 0.0000e+00
-5.075 -1.225 0.0000e+00
-5.075 -1.175 0.0000e+00
-5.075 -1.125 0.0000e+00
-5.075 -1.075 0.0000e+00
-5.075 -1.025 0.0000e+00
-5.075 -0.975 0.0000e+00
-5.075 -0.925 0.0000e+00
-5.075 -0.875 0.0000e+00
-5.075 -0.825 0.0000e+00
-5.075 -0.775 0.0000e+00
-5.075 -0.725 0.0000e+00
-5.075 -0.675 0.0000e+00
-5.075 -0.625 0.0000e+00
-5.075 -0.575 0.0000e+00
-5.075 -0.525 0.0000e+00
-5.075 -0.475 0.0000e+00
-5.075 -0.425 0.0000e+00
-5.075 -0.375 0.0000e+00
-5.075 -0.325 0.0000e+00
-5.075 -0.275 0.0000e+00
-5.075 -0.225 0.0000e+00
-5.075 -0.175 0.0000e+00
-5.075 -0.125 0.0000e+00
-5.075 -0.075 0.0000e+00
-5.075 -0.025 0.0000e+00
-5.075 0.025 0.0000e+00
-5.075 0.075 0.0000e+00
-5.075 0.125 0.0000e+00
-5.075 0.175 0.0000e+00
-5.075 0.225 0.0000e+00
-5.075 0.275 0.0000e+00
-5.075 0.325 0.0000e+00
-5.075 0.375 0.0000e+00
-5.075 0.425 0.0000e+00
-5.075 0.475 0.0000e+00
-5.075 0.525 0.0000e+00
-5.075 0.575 0.0000e+00
-5.075 0.625 0.0000e+00
-5.075 0.675 0.0000e+00
-5.075 0.725 0.0000e+00
-5.075 0.775 0.0000e+00
-5.075 0.825 0.0000e+00
-5.075 0.875 0.0000e+00
-5.075 0.925 0.0000e+00
-5.075 0.975 0.0000e+00
-5.075 1.025 0.0000e+00
-5.075 1.075 0.0000e+00
-5.075 1.125 6.7550e-17
-5.075 1.175 1.3491e-16
-5.075 1.225 2.6946e-16
-5.075 1.275 5.3828e-16
-5.075 1.325 1.0755e-15
-5.075 1.375 2.1490e-15
-5.075 1.425 4.2951e-15
-5.075 1.475 8.5860e-15
-5.075 1.525 1.7168e-14
-5.075 1.575 3.4335e-14
-5.075 1.625 6.8691e-14
-5.075 1.675 1.3747e-13
-5.075 1.725 2.7521e-13
-5.075 1.775 5.5118e-13
-5.075 1.825 1.1044e-12
-5.075 1.875 2.2141e-12
-5.075 1.925 4.4413e-12
-5.075 1.975 8.9148e-12
-5.075 2.025 1.7907e-11
-5.075 2.075 3.6000e-11
-5.075 2.125 7.2442e-11
-5.075 2.175 1.4592e-10
-5.075 2.225 2.9428e-10
-5.075 2.275 5.9426e-10
-5.075 2.325 1.2018e-09
-5.075 2.375 2.4345e-09
-5.075 2.425 4.9409e-09
-5.075 2.475 1.0049e-08
-5.075 2.525 2.0486e-08
-5.075 2.575 4.1875e-08
-5.075 2.625 8.5853e-08
-5.075 2.675 1.7662e-07
-5.075 2.725 3.6473e-07
-5.075 2.775 7.5643e-07
-5.075 2.825 1.5764e-06
-5.075 2.875 3.3033e-06
-5.075 2.925 6.9645e-06
-5.075 2.975 1.4786e-05
-5.075 3.025 3.1635e-05
-5.075 3.075 6.8276e-05
-5.075 3.125 1.4880e-04
-5.075 3.175 3.2783e-04
-5.075 3.225 7.3092e-04
-5.075 3.275 1.6509e-03
-5.075 3.325 3.7808e-03
-5.075 3.375 8.7820e-03
-5.075 3.425 2.0679e-02
-5.075 3.475 4.9254e-02
-5.075 3.525 1.1810e-01
-5.075 3.575 2.8263e-01
-5.075 3.625 6.6615e-01
-5.075 3.675 1.5238e+00
-5.075 3.725 3.3757e+00
-5.075 3.775 7.6369e+00
-5.075 3.825 2.1097e+01
-5.075 3.875 0.0000e+00
-5.075 3.925 0.0000e+00
-5.075 3.975 0.0000e+00
-5.025 -1.975 0.0000e+00
-5.025 -1.925 0.0000e+00
-5.025 -1.875 0.0000e+00
-5.025 -1.825 0.0000e+00
-5.025 -1.775 0.0000e+00
-5.025 -1.725 0.0000e+00
-5.025 -1.675 0.0000e+00
-5.025 -1.625 0.0000e+00
-5.025 -1.575 0.0000e+00
-5.025 -1.525 0.0000e+00
-5.025 -1.475 0.0000e+00
-5.025 -1.425 0.0000e+00
-5.025 -1.375 0.0000e+00
-5.025 -1.325 0.0000e+00
-5.025 -1.275 0.0000e+00
-5.025 -1.225 0.0000e+00
-5.025 -1.175 0.0000e+00
-5.025 -1.125 0.0000e+00
-5.025 -1.075 0.0000e+00
-5.025 -1.025 0.0000e+00
-5.025 -0.975 0.0000e+00
-5.025 -0.925 0.0000e+00
-5.025 -0.875 0.0000e+00
-5.025 -0.825 0.0000e+00
-5.025 -0.775 0.0000e+00
-5.025 -0.725 0.0000e+00
-5.025 -0.675 0.0000e+00
-5.025 -0.625 0.0000e+00
-5.025 -0.575 0.0000e+00
-5.025 -0.525 0.0000e+00
-5.025 -0.475 0.0000e+00
-5.025 -0.425 0.0000e+00
-5.025 -0.375 0.0000e+00
-5.025 -0.325 0.0000e+00
-5.025 -0.275 0.0000e+00
-5.025 -0.225 0.0000e+00
-5.025 -0.175 0.0000e+00
-5.025 -0.125 0.0000e+00
-5.025 -0.075 0.0000e+00
-5.025 -0.025 0.0000e+00
-5.025 0.025 0.0000e+00
-5.025 0.075 0.0000e+00
-5.025 0.125 0.0000e+00
-5.025 0.175 0.0000e+00
-5.025 0.225 0.0000e+00
-5.025 0.275 0.0000e+00
-5.025 0.325 0.0000e+00
-5.025 0.375 0.0000e+00
-5.025 0.425 0.0000e+00
-5.025 0.475 0.0000e+00
-5.025 0.525 0.0000e+00
-5.025 0.575 0.0000e+00
-5.025 0.625 0.0000e+00
-5.025 0.675 0.0000e+00
-5.025 0.725 0.0000e+00
-5.025 0.775 0.0000e+00
-5.025 0.825 0.0000e+00
-5.025 0.875 0.0000e+00
-5.025 0.925 0.0000e+00
-5.025 0.975 0.0000e+00
-5.025 1.025 0.0000e+00
-5.025 1.075 0.0000e+00
-5.025 1.125 8.5040e-17
-5.025 1.175 1.6984e-16
-5.025 1.225 3.3923e-16
-5.025 1.275 6.7766e-16
-5.025 1.325 1.3539e-15
-5.025 1.375 2.7055e-15
-5.025 1.425 5.4072e-15
-5.025 1.475 1.0809e-14
-5.025 1.525 2.1613e-14
-5.025 1.575 4.3226e-14
-5.025 1.625 8.6477e-14
-5.025 1.675 1.7306e-13
-5.025 1.725 3.4646e-13
-5.025 1.775 6.9390e-13
-5.025 1.825 1.3904e-12
-5.025 1.875 2.7874e-12
-5.025 1.925 5.5913e-12
-5.025 1.975 1.1223e-11
-5.025 2.025 2.2544e-11
-5.025 2.075 4.5322e-11
-5.025 2.125 9.1199e-11
-5.025 2.175 1.8371e-10
-5.025 2.225 3.7048e-10
-5.025 2.275 7.4813e-10
-5.025 2.325 1.5130e-09
-5.025 2.375 3.0649e-09
-5.025 2.425 6.2202e-09
-5.025 2.475 1.2651e-08
-5.025 2.525 2.5790e-08
-5.025 2.575 5.2717e-08
-5.025 2.625 1.0808e-07
-5.025 2.675 2.2235e-07
-5.025 2.725 4.5916e-07
-5.025 2.775 9.5228e-07
-5.025 2.825 1.9846e-06
-5.025 2.875 4.1586e-06
-5.025 2.925 8.7677e-06
-5.025 2.975 1.8614e-05
-5.025 3.025 3.9825e-05
-5.025 3.075 8.5953e-05
-5.025 3.125 1.8733e-04
-5.025 3.175 4.1270e-04
-5.025 3.225 9.2014e-04
-5.025 3.275 2.0783e-03
-5.025 3.325 4.7594e-03
-5.025 3.375 1.1055e-02
-5.025 3.425 2.6030e-02
-5.025 3.475 6.1999e-02
-5.025 3.525 1.4866e-01
-5.025 3.575 3.5574e-01
-5.025 3.625 8.3844e-01
-5.025 3.675 1.9179e+00
-5.025 3.725 4.2489e+00
-5.025 3.775 9.6121e+00
-5.025 3.825 2.6541e+01
-5.025 3.875 0.0000e+00
-5.025 3.925 0.0000e+00
-5.025 3.975 0.0000e+00
-4.975 -1.975 0.0000e+00
-4.975 -1.925 0.0000e+00
-4.975 -1.875 0.0000e+00
-4.975 -1.825 0.0000e+00
-4.975 -1.775 0.0000e+00
-4.975 -1.725 0.0000e+00
-4.975 -1.675 0.0000e+00
-4.975 -1.625 0.0000e+00
-4.975 -1.575 0.0000e+00
-4.975 -1.525 0.0000e+00
-4.975 -1.475 0.0000e+00
-4.975 -1.425 0.0000e+00
-4.975 -1.375 0.0000e+00
-4.975 -1.325 0.0000e+00
-4.975 -1.275 0.0000e+00
-4.975 -1.225 0.0000e+00
-4.975 -1.175 0.0000e+00
-4.975 -1.125 0.0000e+00
-4.975 -1.075 0.0000e+00
-4.975 -1.025 0.0000e+00
-4.975 -0.975 0.0000e+00
-4.975 -0.925 0.0000e+00
-4.975 -0.875 0.0000e+00
-4.975 -0.825 0.0000e+00
-4.975 -0.775 0.0000e+00
-4.975 -0.725 0.0000e+00
-4.975 -0.675 0.0000e+00
-4.975 -0.625 0.0000e+00
-4.975 -0.575 0.0000e+00
-4.975 -0.525 0.0000e+00
-4.975 -0.475 0.0000e+00
-4.975 -0.425 0.0000e+00
-4.975 -0.375 0.0000e+00
-4.975 -0.325 0.0000e+00
-4.975 -0.275 0.0000e+00
-4.975 -0.225 0.0000e+00
-4.975 -0.175 0.0000e+00
-4.975 -0.125 0.0000e+00
-4.975 -0.075 0.0000e+00
-4.975 -0.025 0.0000e+00
-4.975 0.025 0.0000e+00
-4.975 0.075 0.0000e+00
-4.975 0.125 0.0000e+00
-4.975 0.175 0.0000e+00
-4.975 0.225 0.0000e+00
-4.975 0.275 0.0000e+00
-4.975 0.325 0.0000e+00
-4.975 0.375 0.0000e+00
-4.975 0.425 0.0000e+00
-4.975 0.475 0.0000e+00
-4.975 0.525 0.0000e+00
-4.975 0.575 0.0000e+00
-4.975 0.625 0.0000e+00
-4.975 0.675 0.0000e+00
-4.975 0.725 0.0000e+00
-4.975 0.775 0.0000e+00
-4.975 0.825 0.0000e+00
-4.975 0.875 0.0000e+00
-4.975 0.925 0.0000e+00
-4.975 0.975 0.0000e+00
-4.975 1.025 0.0000e+00
-4.975 1.075 0.0000e+00
-4.975 1.125 1.0706e-16
-4.975 1.175 2.1381e-16
-4.975 1.225 4.2706e-16
-4.975 1.275 8.5312e-16
-4.975 1.325 1.7045e-15
-4.975 1.375 3.4060e-15
-4.975 1.425 6.8072e-15
-4.975 1.475 1.3608e-14
-4.975 1.525 2.7209e-14
-4.975 1.575 5.4418e-14
-4.975 1.625 1.0887e-13
-4.975 1.675 2.1787e-13
-4.975 1.725 4.3617e-13
-4.975 1.775 8.7356e-13
-4.975 1.825 1.7504e-12
-4.975 1.875 3.5091e-12
-4.975 1.925 7.0390e-12
-4.975 1.975 1.4129e-11
-4.975 2.025 2.8381e-11
-4.975 2.075 5.7057e-11
-4.975 2.125 1.1481e-10
-4.975 2.175 2.3127e-10
-4.975 2.225 4.6640e-10
-4.975 2.275 9.4184e-10
-4.975 2.325 1.9047e-09
-4.975 2.375 3.8584e-09
-4.975 2.425 7.8308e-09
-4.975 2.475 1.5926e-08
-4.975 2.525 3.2468e-08
-4.975 2.575 6.6367e-08
-4.975 2.625 1.3607e-07
-4.975 2.675 2.7992e-07
-4.975 2.725 5.7805e-07
-4.975 2.775 1.1988e-06
-4.975 2.825 2.4984e-06
-4.975 2.875 5.2353e-06
-4.975 2.925 1.1038e-05
-4.975 2.975 2.3433e-05
-4.975 3.025 5.0136e-05
-4.975 3.075 1.0821e-04
-4.975 3.125 2.3582e-04
-4.975 3.175 5.1954e-04
-4.975 3.225 1.1583e-03
-4.975 3.275 2.6163e-03
-4.975 3.325 5.9913e-03
-4.975 3.375 1.3916e-02
-4.975 3.425 3.2766e-02
-4.975 3.475 7.8040e-02
-4.975 3.525 1.8711e-01
-4.975 3.575 4.4774e-01
-4.975 3.625 1.0552e+00
-4.975 3.675 2.4138e+00
-4.975 3.725 5.3475e+00
-4.975 3.775 1.2097e+01
-4.975 3.825 3.3386e+01
-4.975 3.875 0.0000e+00
-4.975 3.925 0.0000e+00
-4.975 3.975 0.0000e+00
-4.925 -1.975 0.0000e+00
-4.925 -1.925 0.0000e+00
-4.925 -1.875 0.0000e+00
-4.925 -1.825 0.0000e+00
-4.925 -1.775 0.0000e+00
-4.925 -1.725 0.0000e+00
-4.925 -1.675 0.0000e+00
-4.925 -1.625 0.0000e+00
-4.925 -1.575 0.0000e+00
-4.925 -1.525 0.0000e+00
-4.925 -1.475 0.0000e+00
-4.925 -1.425 0.0000e+00
-4.925 -1.375 0.0000e+00
-4.925 -1.325 0.0000e+00
-4.925 -1.275 0.0000e+00
-4.925 -1.225 0.0000e+00
-4.925 -1.175 0.0000e+00
-4.925 -1.125 0.0000e+00
-4.925 -1.075 0.0000e+00
-4.925 -1.025 0.0000e+00
-4.925 -0.975 0.0000e+00
-4.925 -0.925 0.0000e+00
-4.925 -0.875 0.0000e+00
-4.925 -0.825 0.0000e+00
-4.925 -0.775 0.0000e+00
-4.925 -0.725 0.0000e+00
-4.925 -0.675 0.0000e+00
-4.925 -0.625 0.0000e+00
-4.925 -0.575 0.0000e+00
-4.925 -0.525 0.0000e+00
-4.925 -0.475 0.0000e+00
-4.925 -0.425 0.0000e+00
-4.925 -0.375 0.0000e+00
-4.925 -0.325 0.0000e+00
-4.925 -0.275 0.0000e+00
-4.925 -0.225 0.0000e+00
-4.925 -0.175 0.0000e+00
-4.925 -0.125 0.0000e+00
-4.925 -0.075 0.0000e+00
-4.925 -0.025 0.0000e+00
-4.925 0.025 0.0000e+00
-4.925 0.075 0.0000e+00
-4.925 0.125 0.0000e+00
-4.925 0.175 0.0000e+00
-4.925 0.225 0.0000e+00
-4.925 0.275 0.0000e+00
-4.925 0.325 0.0000e+00
-4.925 0.375 0.0000e+00
-4.925 0.425 0.0000e+00
-4.925 0.475 0.0000e+00
-4.925 0.525 0.0000e+00
-4.925 0.575 0.0000e+00
-4.925 0.625 0.0000e+00
-4.925 0.675 0.0000e+00
-4.925 0.725 0.0000e+00
-4.925 0.775 0.0000e+00
-4.925 0.825 0.0000e+00
-4.925 0.875 0.0000e+00
-4.925 0.925 0.0000e+00
-4.925 0.975 0.0000e+00
-4.925 1.025 0.0000e+00
-4.925 1.075 0.0000e+00
-4.925 1.125 1.3478e-16
-4.925 1.175 2.6917e-16
-4.925 1.225 5.3764e-16
-4.925 1.275 1.0740e-15
-4.925 1.325 2.1458e-15
-4.925 1.375 4.2879e-15
-4.925 1.425 8.5698e-15
-4.925 1.475 1.7131e-14
-4.925 1.525 3.4254e-14
-4.925 1.575 6.8508e-14
-4.925 1.625 1.3706e-13
-4.925 1.675 2.7428e-13
-4.925 1.725 5.4911e-13
-4.925 1.775 1.0998e-12
-4.925 1.825 2.2036e-12
-4.925 1.875 4.4177e-12
-4.925 1.925 8.8616e-12
-4.925 1.975 1.7787e-11
-4.925 2.025 3.5730e-11
-4.925 2.075 7.1830e-11
-4.925 2.125 1.4454e-10
-4.925 2.175 2.9115e-10
-4.925 2.225 5.8717e-10
-4.925 2.275 1.1857e-09
-4.925 2.325 2.3979e-09
-4.925 2.375 4.8575e-09
-4.925 2.425 9.8583e-09
-4.925 2.475 2.0050e-08
-4.925 2.525 4.0874e-08
-4.925 2.575 8.3550e-08
-4.925 2.625 1.7130e-07
-4.925 2.675 3.5239e-07
-4.925 2.725 7.2771e-07
-4.925 2.775 1.5092e-06
-4.925 2.825 3.1453e-06
-4.925 2.875 6.5908e-06
-4.925 2.925 1.3896e-05
-4.925 2.975 2.9500e-05
-4.925 3.025 6.3116e-05
-4.925 3.075 1.3622e-04
-4.925 3.125 2.9687e-04
-4.925 3.175 6.5404e-04
-4.925 3.225 1.4582e-03
-4.925 3.275 3.2934e-03
-4.925 3.325 7.5419e-03
-4.925 3.375 1.7517e-02
-4.925 3.425 4.1244e-02
-4.925 3.475 9.8227e-02
-4.925 3.525 2.3550e-01
-4.925 3.575 5.6349e-01
-4.925 3.625 1.3280e+00
-4.925 3.675 3.0377e+00
-4.925 3.725 6.7298e+00
-4.925 3.775 1.5224e+01
-4.925 3.825 4.1987e+01
-4.925 3.875 0.0000e+00
-4.925 3.925 0.0000e+00
-4.925 3.975 0.0000e+00
-4.875 -1.975 0.0000e+00
-4.875 -1.925 0.0000e+00
-4.875 -1.875 0.0000e+00
-4.875 -1.825 0.0000e+00
-4.875 -1.775 0.0000e+00
-4.875 -1.725 0.0000e+00
-4.875 -1.675 0.0000e+00
-4.875 -1.625 0.0000e+00
-4.875 -1.575 0.0000e+00
-4.875 -1.525 0.0000e+00
-4.875 -1.475 0.0000e+00
-4.875 -1.425 0.0000e+00
-4.875 -1.375 0.0000e+00
-4.875 -1.325 0.0000e+00
-4.875 -1.275 0.0000e+00
-4.875 -1.225 0.0000e+00
-4.875 -1.175 0.0000e+00
-4.875 -1.125 0.0000e+00
-4.875 -1.075 0.0000e+00
-4.875 -1.025 0.0000e+00
-4.875 -0.975 0.0000e+00
-4.875 -0.925 0.0000e+00
-4.875 -0.875 0.0000e+00
-4.875 -0.825 0.0000e+00
-4.875 -0.775 0.0000e+00
-4.875 -0.725 0.0000e+00
-4.875 -0.675 0.0000e+00
-4.875 -0.625 0.0000e+00
-4.875 -0.575 0.0000e+00
-4.875 -0.525 0.0000e+00
-4.875 -0.475 0.0000e+00
-4.875 -0.425 0.0000e+00
-4.875 -0.375 0.0000e+00
-4.875 -0.325 0.0000e+00
-4.875 -0.275 0.0000e+00
-4.875 -0.225 0.0000e+00
-4.875 -0.175 0.0000e+00
-4.875 -0.125 0.0000e+00
-4.875 -0.075 0.0000e+00
-4.875 -0.025 0.0000e+00
-4.875 0.025 0.0000e+00
-4.875 0.075 0.0000e+00
-4.875 0.125 0.0000e+00
-4.875 0.175 0.0000e+00
-4.875 0.225 0.0000e+00
-4.875 0.275 0.0000e+00
-4.875 0.325 0.0000e+00
-4.875 0.375 0.0000e+00
-4.875 0.425 0.0000e+00
-4.875 0.475 0.0000e+00
-4.875 0.525 0.0000e+00
-4.875 0.575 0.0000e+00
-4.875 0.625 0.0000e+00
-4.875 0.675 0.0000e+00
-4.875 0.725 0.0000e+00
-4.875 0.775 0.0000e+00
-4.875 0.825 0.0000e+00
-4.875 0.875 0.0000e+00
-4.875 0.925 0.0000e+00
-4.875 0.975 0.0000e+00
-4.875 1.025 0.0000e+00
-4.875 1.075 0.0000e+00
-4.875 1.125 1.6968e-16
-4.875 1.175 3.3887e-16
-4.875 1.225 6.7685e-16
-4.875 1.275 1.3521e-15
-4.875 1.325 2.7014e-15
-4.875 1.375 5.3981e-15
-4.875 1.425 1.0789e-14
-4.875 1.475 2.1567e-14
-4.875 1.525 4.3123e-14
-4.875 1.575 8.6246e-14
-4.875 1.625 1.7254e-13
-4.875 1.675 3.4530e-13
-4.875 1.725 6.9129e-13
-4.875 1.775 1.3845e-12
-4.875 1.825 2.7742e-12
-4.875 1.875 5.5616e-12
-4.875 1.925 1.1156e-11
-4.875 1.975 2.2393e-11
-4.875 2.025 4.4981e-11
-4.875 2.075 9.0429e-11
-4.875 2.125 1.8197e-10
-4.875 2.175 3.6654e-10
-4.875 2.225 7.3920e-10
-4.875 2.275 1.4927e-09
-4.875 2.325 3.0188e-09
-4.875 2.375 6.1152e-09
-4.875 2.425 1.2411e-08
-4.875 2.475 2.5241e-08
-4.875 2.525 5.1458e-08
-4.875 2.575 1.0518e-07
-4.875 2.625 2.1565e-07
-4.875 2.675 4.4364e-07
-4.875 2.725 9.1613e-07
-4.875 2.775 1.9000e-06
-4.875 2.825 3.9597e-06
-4.875 2.875 8.2972e-06
-4.875 2.925 1.7493e-05
-4.875 2.975 3.7137e-05
-4.875 3.025 7.9456e-05
-4.875 3.075 1.7149e-04
-4.875 3.125 3.7373e-04
-4.875 3.175 8.2334e-04
-4.875 3.225 1.8356e-03
-4.875 3.275 4.1458e-03
-4.875 3.325 9.4935e-03
-4.875 3.375 2.2049e-02
-4.875 3.425 5.1912e-02
-4.875 3.475 1.2363e-01
-4.875 3.525 2.9639e-01
-4.875 3.575 7.0912e-01
-4.875 3.625 1.6711e+00
-4.875 3.675 3.8224e+00
-4.875 3.725 8.4685e+00
-4.875 3.775 1.9157e+01
-4.875 3.825 5.2789e+01
-4.875 3.875 0.0000e+00
-4.875 3.925 0.0000e+00
-4.875 3.975 0.0000e+00
-4.825 -1.975 0.0000e+00
-4.825 -1.925 0.0000e+00
-4.825 -1.875 0.0000e+00
-4.825 -1.825 0.0000e+00
-4.825 -1.775 0.0000e+00
-4.825 -1.725 0.0000e+00
-4.825 -1.675 0.0000e+00
-4.825 -1.625 0.0000e+00
-4.825 -1.575 0.0000e+00
-4.825 -1.525 0.0000e+00
-4.825 -1.475 0.0000e+00
-4.825 -1.425 0.0000e+00
-4.825 -1.375 0.0000e+00
-4.825 -1.325 0.0000e+00
-4.825 -1.275 0.0000e+00
-4.825 -1.225 0.0000e+00
-4.825 -1.175 0.0000e+00
-4.825 -1.125 0.0000e+00
-4.825 -1.075 0.0000e+00
-4.825 -1.025 0.0000e+00
-4.825 -0.975 0.0000e+00
-4.825 -0.925 0.0000e+00
-4.825 -0.875 0.0000e+00
-4.825 -0.825 0.0000e+00
-4.825 -0.775 0.0000e+00
-4.825 -0.725 0.0000e+00
-4.825 -0.675 0.0000e+00
-4.825 -0.625 0.0000e+00
-4.825 -0.575 0.0000e+00
-4.825 -0.525 0.0000e+00
-4.825 -0.475 0.0000e+00
-4.825 -0.425 0.0000e+00
-4.825 -0.375 0.0000e+00
-4.825 -0.325 0.0000e+00
-4.825 -0.275 0.0000e+00
-4.825 -0.225 0.0000e+00
-4.825 -0.175 0.0000e+00
-4.825 -0.125 0.0000e+00
-4.825 -0.075 0.0000e+00
-4.825 -0.025 0.0000e+00
-4.825 0.025 0.0000e+00
-4.825 0.075 0.0000e+00
-4.825 0.125 0.0000e+00
-4.825 0.175 0.0000e+00
-4.825 0.225 0.0000e+00
-4.825 0.275 0.0000e+00
-4.825 0.325 0.0000e+00
-4.825 0.375 0.0000e+00
-4.825 0.425 0.0000e+00
-4.825 0.475 0.0000e+00
-4.825 0.525 0.0000e+00
-4.825 0.575 0.0000e+00
-4.825 0.625 0.0000e+00
-4.825 0.675 0.0000e+00
-4.825 0.725 0.0000e+00
-4.825 0.775 0.0000e+00
-4.825 0.825 0.0000e+00
-4.825 0.875 0.0000e+00
-4.825 0.925 0.0000e+00
-4.825 0.975 0.0000e+00
-4.825 1.025 0.0000e+00
-4.825 1.075 0.0000e+00
-4.825 1.125 2.1361e-16
-4.825 1.175 4.2661e-16
-4.825 1.225 8.5211e-16
-4.825 1.275 1.7022e-15
-4.825 1.325 3.4009e-15
-4.825 1.375 6.7958e-15
-4.825 1.425 1.3582e-14
-4.825 1.475 2.7151e-14
-4.825 1.525 5.4289e-14
-4.825 1.575 1.0858e-13
-4.825 1.625 2.1722e-13
-4.825 1.675 4.3471e-13
-4.825 1.725 8.7028e-13
-4.825 1.775 1.7430e-12
-4.825 1.825 3.4925e-12
-4.825 1.875 7.0016e-12
-4.825 1.925 1.4045e-11
-4.825 1.975 2.8191e-11
-4.825 2.025 5.6628e-11
-4.825 2.075 1.1384e-10
-4.825 2.125 2.2908e-10
-4.825 2.175 4.6145e-10
-4.825 2.225 9.3060e-10
-4.825 2.275 1.8792e-09
-4.825 2.325 3.8004e-09
-4.825 2.375 7.6986e-09
-4.825 2.425 1.5624e-08
-4.825 2.475 3.1777e-08
-4.825 2.525 6.4781e-08
-4.825 2.575 1.3242e-07
-4.825 2.625 2.7149e-07
-4.825 2.675 5.5850e-07
-4.825 2.725 1.1533e-06
-4.825 2.775 2.3920e-06
-4.825 2.825 4.9849e-06
-4.825 2.875 1.0445e-05
-4.825 2.925 2.2022e-05
-4.825 2.975 4.6752e-05
-4.825 3.025 1.0003e-04
-4.825 3.075 2.1588e-04
-4.825 3.125 4.7047e-04
-4.825 3.175 1.0364e-03
-4.825 3.225 2.3107e-03
-4.825 3.275 5.2186e-03
-4.825 3.325 1.1950e-02
-4.825 3.375 2.7753e-02
-4.825 3.425 6.5337e-02
-4.825 3.475 1.5559e-01
-4.825 3.525 3.7298e-01
-4.825 3.575 8.9230e-01
-4.825 3.625 2.1026e+00
-4.825 3.675 4.8093e+00
-4.825 3.725 1.0655e+01
-4.825 3.775 2.4103e+01
-4.825 3.825 6.6347e+01
-4.825 3.875 0.0000e+00
-4.825 3.925 0.0000e+00
-4.825 3.975 0.0000e+00
-4.775 -1.975 0.0000e+00
-4.775 -1.925 0.0000e+00
-4.775 -1.875 0.0000e+00
-4.775 -1.825 0.0000e+00
-4.775 -1.775 0.0000e+00
-4.775 -1.725 0.0000e+00
-4.775 -1.675 0.0000e+00
-4.775 -1.625 0.0000e+00
-4.775 -1.575 0.0000e+00
-4.775 -1.525 0.0000e+00
-4.775 -1.475 0.0000e+00
-4.775 -1.425 0.0000e+00
-4.775 -1.375 0.0000e+00
-4.775 -1.325 0.0000e+00
-4.775 -1.275 0.0000e+00
-4.775 -1.225 0.0000e+00
-4.775 -1.175 0.0000e+00
-4.775 -1.125 0.0000e+00
-4.775 -1.075 0.0000e+00
-4.775 -1.025 0.0000e+00
-4.775 -0.975 0.0000e+00
-4.775 -0.925 0.0000e+00
-4.775 -0.875 0.0000e+00
-4.775 -0.825 0.0000e+00
-4.775 -0.775 0.0000e+00
-4.775 -0.725 0.0000e+00
-4.775 -0.675 0.0000e+00
-4.775 -0.625 0.0000e+00
-4.775 -0.575 0.0000e+00
-4.775 -0.525 0.0000e+00
-4.775 -0.475 0.0000e+00
-4.775 -0.425 0.0000e+00
-4.775 -0.375 0.0000e+00
-4.775 -0.325 0.0000e+00
-4.775 -0.275 0.0000e+00
-4.775 -0.225 0.0000e+00
-4.775 -0.175 0.0000e+00
-4.775 -0.125 0.0000e+00
-4.775 -0.075 0.0000e+00
-4.775 -0.025 0.0000e+00
-4.775 0.025 0.0000e+00
-4.775 0.075 0.0000e+00
-4.775 0.125 0.0000e+00
-4.775 0.175 0.0000e+00
-4.775 0.225 0.0000e+00
-4.775 0.275 0.0000e+00
-4.775 0.325 0.0000e+00
-4.775 0.375 0.0000e+00
-4.775 0.425 0.0000e+00
-4.775 0.475 0.0000e+00
-4.775 0.525 0.0000e+00
-4.775 0.575 0.0000e+00
-4.775 0.625 0.0000e+00
-4.775 0.675 0.0000e+00
-4.775 0.725 0.0000e+00
-4.775 0.775 0.0000e+00
-4.775 0.825 0.0000e+00
-4.775 0.875 0.0000e+00
-4.775 0.925 0.0000e+00
-4.775 0.975 0.0000e+00
-4.775 1.025 0.0000e+00
-4.775 1.075 0.0000e+00
-4.775 1.125 2.6892e-16
-4.775 1.175 5.3707e-16
-4.775 1.225 1.0727e-15
-4.775 1.275 2.1429e-15
-4.775 1.325 4.2814e-15
-4.775 1.375 8.5554e-15
-4.775 1.425 1.7099e-14
-4.775 1.475 3.4181e-14
-4.775 1.525 6.8345e-14
-4.775 1.575 1.3669e-13
-4.775 1.625 2.7346e-13
-4.775 1.675 5.4727e-13
-4.775 1.725 1.0956e-12
-4.775 1.775 2.1943e-12
-4.775 1.825 4.3968e-12
-4.775 1.875 8.8145e-12
-4.775 1.925 1.7681e-11
-4.775 1.975 3.5490e-11
-4.775 2.025 7.1290e-11
-4.775 2.075 1.4332e-10
-4.775 2.125 2.8839e-10
-4.775 2.175 5.8092e-10
-4.775 2.225 1.1716e-09
-4.775 2.275 2.3658e-09
-4.775 2.325 4.7844e-09
-4.775 2.375 9.6919e-09
-4.775 2.425 1.9670e-08
-4.775 2.475 4.0004e-08
-4.775 2.525 8.1554e-08
-4.775 2.575 1.6670e-07
-4.775 2.625 3.4178e-07
-4.775 2.675 7.0310e-07
-4.775 2.725 1.4519e-06
-4.775 2.775 3.0112e-06
-4.775 2.825 6.2755e-06
-4.775 2.875 1.3150e-05
-4.775 2.925 2.7724e-05
-4.775 2.975 5.8855e-05
-4.775 3.025 1.2592e-04
-4.775 3.075 2.7176e-04
-4.775 3.125 5.9224e-04
-4.775 3.175 1.3047e-03
-4.775 3.225 2.9086e-03
-4.775 3.275 6.5689e-03
-4.775 3.325 1.5041e-02
-4.775 3.375 3.4930e-02
-4.775 3.425 8.2229e-02
-4.775 3.475 1.9580e-01
-4.775 3.525 4.6932e-01
-4.775 3.575 1.1227e+00
-4.775 3.625 2.6452e+00
-4.775 3.675 6.0501e+00
-4.775 3.725 1.3405e+01
-4.775 3.775 3.0322e+01
-4.775 3.825 8.3353e+01
-4.775 3.875 0.0000e+00
-4.775 3.925 0.0000e+00
-4.775 3.975 0.0000e+00
-4.725 -1.975 0.0000e+00
-4.725 -1.925 0.0000e+00
-4.725 -1.875 0.0000e+00
-4.725 -1.825 0.0000e+00
-4.725 -1.775 0.0000e+00
-4.725 -1.725 0.0000e+00
-4.725 -1.675 0.0000e+00
-4.725 -1.625 0.0000e+00
-4.725 -1.575 0.0000e+00
-4.725 -1.525 0.0000e+00
-4.725 -1.475 0.0000e+00
-4.725 -1.425 0.0000e+00
-4.725 -1.375 0.0000e+00
-4.725 -1.325 0.0000e+00
-4.725 -1.275 0.0000e+00
-4.725 -1.225 0.0000e+00
-4.725 -1.175 0.0000e+00
-4.725 -1.125 0.0000e+00
-4.725 -1.075 0.0000e+00
-4.725 -1.025 0.0000e+00
-4.725 -0.975 0.0000e+00
-4.725 -0.925 0.0000e+00
-4.725 -0.875 0.0000e+00
-4.725 -0.825 0.0000e+00
-4.725 -0.775 0.0000e+00
-4.725 -0.725 0.0000e+00
-4.725 -0.675 0.0000e+00
-4.725 -0.625 0.0000e+00
-4.725 -0.575 0.0000e+00
-4.725 -0.525 0.0000e+00
-4.725 -0.475 0.0000e+00
-4.725 -0.425 0.0000e+00
-4.725 -0.375 0.0000e+00
-4.725 -0.325 0.0000e+00
-4.725 -0.275 0.0000e+00
-4.725 -0.225 0.0000e+00
-4.725 -0.175 0.0000e+00
-4.725 -0.125 0.0000e+00
-4.725 -0.075 0.0000e+00
-4.725 -0.025 0.0000e+00
-4.725 0.025 0.0000e+00
-4.725 0.075 0.0000e+00
-4.725 0.125 0.0000e+00
-4.725 0.175 0.0000e+00
-4.725 0.225 0.0000e+00
-4.725 0.275 0.0000e+00
-4.725 0.325 0.0000e+00
-4.725 0.375 0.0000e+00
-4.725 0.425 0.0000e+00
-4.725 0.475 0.0000e+00
-4.725 0.525 0.0000e+00
-4.725 0.575 0.0000e+00
-4.725 0.625 0.0000e+00
-4.725 0.675 0.0000e+00
-4.725 0.725 0.0000e+00
-4.725 0.775 0.0000e+00
-4.725 0.825 0.0000e+00
-4.725 0.875 0.0000e+00
-4.725 0.925 0.0000e+00
-4.725 0.975 0.0000e+00
-4.725 1.025 0.0000e+00
-4.725 1.075 0.0000e+00
-4.725 1.125 3.3855e-16
-4.725 1.175 6.7614e-16
-4.725 1.225 1.3505e-15
-4.725 1.275 2.6978e-15
-4.725 1.325 5.3900e-15
-4.725 1.375 1.0771e-14
-4.725 1.425 2.1526e-14
-4.725 1.475 4.3032e-14
-4.725 1.525 8.6042e-14
-4.725 1.575 1.7208e-13
-4.725 1.625 3.4427e-13
-4.725 1.675 6.8897e-13
-4.725 1.725 1.3793e-12
-4.725 1.775 2.7625e-12
-4.725 1.825 5.5352e-12
-4.725 1.875 1.1097e-11
-4.725 1.925 2.2259e-11
-4.725 1.975 4.4680e-11
-4.725 2.025 8.9749e-11
-4.725 2.075 1.8043e-10
-4.725 2.125 3.6307e-10
-4.725 2.175 7.3134e-10
-4.725 2.225 1.4749e-09
-4.725 2.275 2.9783e-09
-4.725 2.325 6.0232e-09
-4.725 2.375 1.2201e-08
-4.725 2.425 2.4763e-08
-4.725 2.475 5.0362e-08
-4.725 2.525 1.0267e-07
-4.725 2.575 2.0987e-07
-4.725 2.625 4.3027e-07
-4.725 2.675 8.8515e-07
-4.725 2.725 1.8279e-06
-4.725 2.775 3.7909e-06
-4.725 2.825 7.9002e-06
-4.725 2.875 1.6554e-05
-4.725 2.925 3.4901e-05
-4.725 2.975 7.4091e-05
-4.725 3.025 1.5852e-04
-4.725 3.075 3.4210e-04
-4.725 3.125 7.4552e-04
-4.725 3.175 1.6423e-03
-4.725 3.225 3.6612e-03
-4.725 3.275 8.2682e-03
-4.725 3.325 1.8931e-02
-4.725 3.375 4.3961e-02
-4.725 3.425 1.0348e-01
-4.725 3.475 2.4637e-01
-4.725 3.525 5.9046e-01
-4.725 3.575 1.4123e+00
-4.725 3.625 3.3272e+00
-4.725 3.675 7.6095e+00
-4.725 3.725 1.6861e+01
-4.725 3.775 3.8137e+01
-4.725 3.825 1.0466e+02
-4.725 3.875 0.0000e+00
-4.725 3.925 0.0000e+00
-4.725 3.975 0.0000e+00
-4.675 -1.975 0.0000e+00
-4.675 -1.925 0.0000e+00
-4.675 -1.875 0.0000e+00
-4.675 -1.825 0.0000e+00
-4.675 -1.775 0.0000e+00
-4.675 -1.725 0.0000e+00
-4.675 -1.675 0.0000e+00
-4.675 -1.625 0.0000e+00
-4.675 -1.575 0.0000e+00
-4.675 -1.525 0.0000e+00
-4.675 -1.475 0.0000e+00
-4.675 -1.425 0.0000e+00
-4.675 -1.375 0.0000e+00
-4.675 -1.325 0.0000e+00
-4.675 -1.275 0.0000e+00
-4.675 -1.225 0.0000e+00
-4.675 -1.175 0.0000e+00
-4.675 -1.125 0.0000e+00
-4.675 -1.075 0.0000e+00
-4.675 -1.025 0.0000e+00
-4.675 -0.975 0.0000e+00
-4.675 -0.925 0.0000e+00
-4.675 -0.875 0.0000e+00
-4.675 -0.825 0.0000e+00
-4.675 -0.775 0.0000e+00
-4.675 -0.725 0.0000e+00
-4.675 -0.675 0.0000e+00
-4.675 -0.625 0.0000e+00
-4.675 -0.575 0.0000e+00
-4.675 -0.525 0.0000e+00
-4.675 -0.475 0.0000e+00
-4.675 -0.425 0.0000e+00
-4.675 -0.375 0.0000e+00
-4.675 -0.325 0.0000e+00
-4.675 -0.275 0.0000e+00
-4.675 -0.225 0.0000e+00
-4.675 -0.175 0.0000e+00
-4.675 -0.125 0.0000e+00
-4.675 -0.075 0.0000e+00
-4.675 -0.025 0.0000e+00
-4.675 0.025 0.0000e+00
-4.675 0.075 0.0000e+00
-4.675 0.125 0.0000e+00
-4.675 0.175 0.0000e+00
-4.675 0.225 0.0000e+00
-4.675 0.275 0.0000e+00
-4.675 0.325 0.0000e+00
-4.675 0.375 0.0000e+00
-4.675 0.425 0.0000e+00
-4.675 0.475 0.0000e+00
-4.675 0.525 0.0000e+00
-4.675 0.575 0.0000e+00
-4.675 0.625 0.0000e+00
-4.675 0.675 0.0000e+00
-4.675 0.725 0.0000e+00
-4.675 0.775 0.0000e+00
-4.675 0.825 0.0000e+00
-4.675 0.875 0.0000e+00
-4.675 0.925 0.0000e+00
-4.675 0.975 0.0000e+00
-4.675 1.025 0.0000e+00
-4.675 1.075 0.0000e+00
-4.675 1.125 4.2621e-16
-4.675 1.175 8.5120e-16
-4.675 1.225 1.7002e-15
-4.675 1.275 3.3963e-15
-4.675 1.325 6.7856e-15
-4.675 1.375 1.3559e-14
-4.675 1.425 2.7100e-14
-4.675 1.475 5.4174e-14
-4.675 1.525 1.0832e-13
-4.675 1.575 2.1664e-13
-4.675 1.625 4.3341e-13
-4.675 1.675 8.6736e-13
-4.675 1.725 1.7364e-12
-4.675 1.775 3.4777e-12
-4.675 1.825 6.9684e-12
-4.675 1.875 1.3970e-11
-4.675 1.925 2.8023e-11
-4.675 1.975 5.6249e-11
-4.675 2.025 1.1299e-10
-4.675 2.075 2.2715e-10
-4.675 2.125 4.5707e-10
-4.675 2.175 9.2070e-10
-4.675 2.225 1.8568e-09
-4.675 2.275 3.7495e-09
-4.675 2.325 7.5828e-09
-4.675 2.375 1.5361e-08
-4.675 2.425 3.1174e-08
-4.675 2.475 6.3402e-08
-4.675 2.525 1.2925e-07
-4.675 2.575 2.6420e-07
-4.675 2.625 5.4167e-07
-4.675 2.675 1.1143e-06
-4.675 2.725 2.3011e-06
-4.675 2.775 4.7723e-06
-4.675 2.825 9.9455e-06
-4.675 2.875 2.0840e-05
-4.675 2.925 4.3936e-05
-4.675 2.975 9.3271e-05
-4.675 3.025 1.9955e-04
-4.675 3.075 4.3064e-04
-4.675 3.125 9.3845e-04
-4.675 3.175 2.0673e-03
-4.675 3.225 4.6083e-03
-4.675 3.275 1.0407e-02
-4.675 3.325 2.3825e-02
-4.675 3.375 5.5322e-02
-4.675 3.425 1.3021e-01
-4.675 3.475 3.0996e-01
-4.675 3.525 7.4276e-01
-4.675 3.575 1.7762e+00
-4.675 3.625 4.1840e+00
-4.675 3.675 9.5685e+00
-4.675 3.725 2.1203e+01
-4.675 3.775 4.7955e+01
-4.675 3.825 1.3133e+02
-4.675 3.875 0.0000e+00
-4.675 3.925 0.0000e+00
-4.675 3.975 0.0000e+00
-4.625 -1.975 0.0000e+00
-4.625 -1.925 0.0000e+00
-4.625 -1.875 0.0000e+00
-4.625 -1.825 0.0000e+00
-4.625 -1.775 0.0000e+00
-4.625 -1.725 0.0000e+00
-4.625 -1.675 0.0000e+00
-4.625 -1.625 0.0000e+00
-4.625 -1.575 0.0000e+00
-4.625 -1.525 0.0000e+00
-4.625 -1.475 0.0000e+00
-4.625 -1.425 0.0000e+00
-4.625 -1.375 0.0000e+00
-4.625 -1.325 0.0000e+00
-4.625 -1.275 0.0000e+00
-4.625 -1.225 0.0000e+00
-4.625 -1.175 0.0000e+00
-4.625 -1.125 0.0000e+00
-4.625 -1.075 0.0000e+00
-4.625 -1.025 0.0000e+00
-4.625 -0.975 0.0000e+00
-4.625 -0.925 0.0000e+00
-4.625 -0.875 0.0000e+00
-4.625 -0.825 0.0000e+00
-4.625 -0.775 0.0000e+00
-4.625 -0.725 0.0000e+00
-4.625 -0.675 0.0000e+00
-4.625 -0.625 0.0000e+00
-4.625 -0.575 0.0000e+00
-4.625 -0.525 0.0000e+00
-4.625 -0.475 0.0000e+00
-4.625 -0.425 0.0000e+00
-4.625 -0.375 0.0000e+00
-4.625 -0.325 0.0000e+00
-4.625 -0.275 0.0000e+00
-4.625 -0.225 0.0000e+00
-4.625 -0.175 0.0000e+00
-4.625 -0.125 0.0000e+00
-4.625 -0.075 0.0000e+00
-4.625 -0.025 0.0000e+00
-4.625 0.025 0.0000e+00
-4.625 0.075 0.0000e+00
-4.625 0.125 0.0000e+00
-4.625 0.175 0.0000e+00
-4.625 0.225 0.0000e+00
-4.625 0.275 0.0000e+00
-4.625 0.325 0.0000e+00
-4.625 0.375 0.0000e+00
-4.625 0.425 0.0000e+00
-4.625 0.475 0.0000e+00
-4.625 0.525 0.0000e+00
-4.625 0.575 0.0000e+00
-4.625 0.625 0.0000e+00
-4.625 0.675 0.0000e+00
-4.625 0.725 0.0000e+00
-4.625 0.775 0.0000e+00
-4.625 0.825 0.0000e+00
-4.625 0.875 0.0000e+00
-4.625 0.925 0.0000e+00
-4.625 0.975 0.0000e+00
-4.625 1.025 0.0000e+00
-4.625 1.075 0.0000e+00
-4.625 1.125 5.3657e-16
-4.625 1.175 1.0716e-15
-4.625 1.225 2.1404e-15
-4.625 1.275 4.2757e-15
-4.625 1.325 8.5426e-15
-4.625 1.375 1.7070e-14
-4.625 1.425 3.4117e-14
-4.625 1.475 6.8201e-14
-4.625 1.525 1.3637e-13
-4.625 1.575 2.7274e-13
-4.625 1.625 5.4563e-13
-4.625 1.675 1.0919e-12
-4.625 1.725 2.1860e-12
-4.625 1.775 4.3782e-12
-4.625 1.825 8.7727e-12
-4.625 1.875 1.7587e-11
-4.625 1.925 3.5279e-11
-4.625 1.975 7.0813e-11
-4.625 2.025 1.4224e-10
-4.625 2.075 2.8596e-10
-4.625 2.125 5.7542e-10
-4.625 2.175 1.1591e-09
-4.625 2.225 2.3375e-09
-4.625 2.275 4.7203e-09
-4.625 2.325 9.5461e-09
-4.625 2.375 1.9338e-08
-4.625 2.425 3.9246e-08
-4.625 2.475 7.9818e-08
-4.625 2.525 1.6272e-07
-4.625 2.575 3.3261e-07
-4.625 2.625 6.8192e-07
-4.625 2.675 1.4028e-06
-4.625 2.725 2.8969e-06
-4.625 2.775 6.0079e-06
-4.625 2.825 1.2520e-05
-4.625 2.875 2.6234e-05
-4.625 2.925 5.5309e-05
-4.625 2.975 1.1741e-04
-4.625 3.025 2.5119e-04
-4.625 3.075 5.4209e-04
-4.625 3.125 1.1813e-03
-4.625 3.175 2.6021e-03
-4.625 3.225 5.8002e-03
-4.625 3.275 1.3097e-02
-4.625 3.325 2.9983e-02
-4.625 3.375 6.9611e-02
-4.625 3.425 1.6382e-01
-4.625 3.475 3.8991e-01
-4.625 3.525 9.3414e-01
-4.625 3.575 2.2334e+00
-4.625 3.625 5.2600e+00
-4.625 3.675 1.2028e+01
-4.625 3.725 2.6655e+01
-4.625 3.775 6.0281e+01
-4.625 3.825 1.6466e+02
-4.625 3.875 0.0000e+00
-4.625 3.925 0.0000e+00
-4.625 3.975 0.0000e+00
-4.575 -1.975 0.0000e+00
-4.575 -1.925 0.0000e+00
-4.575 -1.875 0.0000e+00
-4.575 -1.825 0.0000e+00
-4.575 -1.775 0.0000e+00
-4.575 -1.725 0.0000e+00
-4.575 -1.675 0.0000e+00
-4.575 -1.625 0.0000e+00
-4.575 -1.575 0.0000e+00
-4.575 -1.525 0.0000e+00
-4.575 -1.475 0.0000e+00
-4.575 -1.425 0.0000e+00
-4.575 -1.375 0.0000e+00
-4.575 -1.325 0.0000e+00
-4.575 -1.275 0.0000e+00
-4.575 -1.225 0.0000e+00
-4.575 -1.175 0.0000e+00
-4.575 -1.125 0.0000e+00
-4.575 -1.075 0.0000e+00
-4.575 -1.025 0.0000e+00
-4.575 -0.975 0.0000e+00
-4.575 -0.925 0.0000e+00
-4.575 -0.875 0.0000e+00
-4.575 -0.825 0.0000e+00
-4.575 -0.775 0.0000e+00
-4.575 -0.725 0.0000e+00
-4.575 -0.675 0.0000e+00
-4.575 -0.625 0.0000e+00
-4.575 -0.575 0.0000e+00
-4.575 -0.525 0.0000e+00
-4.575 -0.475 0.0000e+00
-4.575 -0.425 0.0000e+00
-4.575 -0.375 0.0000e+00
-4.575 -0.325 0.0000e+00
-4.575 -0.275 0.0000e+00
-4.575 -0.225 0.0000e+00
-4.575 -0.175 0.0000e+00
-4.575 -0.125 0.0000e+00
-4.575 -0.075 0.0000e+00
-4.575 -0.025 0.0000e+00
-4.575 0.025 0.0000e+00
-4.575 0.075 0.0000e+00
-4.575 0.125 0.0000e+00
-4.575 0.175 0.0000e+00
-4.575 0.225 0.0000e+00
-4.575 0.275 0.0000e+00
-4.575 0.325 0.0000e+00
-4.575 0.375 0.0000e+00
-4.575 0.425 0.0000e+00
-4.575 0.475 0.0000e+00
-4.575 0.525 0.0000e+00
-4.575 0.575 0.0000e+00
-4.575 0.625 0.0000e+00
-4.575 0.675 0.0000e+00
-4.575 0.725 0.0000e+00
-4.575 0.775 0.0000e+00
-4.575 0.825 0.0000e+00
-4.575 0.875 0.0000e+00
-4.575 0.925 0.0000e+00
-4.575 0.975 0.0000e+00
-4.575 1.025 0.0000e+00
-4.575 1.075 0.0000e+00
-4.575 1.125 6.7550e-16
-4.575 1.175 1.3491e-15
-4.575 1.225 2.6946e-15
-4.575 1.275 5.3828e-15
-4.575 1.325 1.0754e-14
-4.575 1.375 2.1490e-14
-4.575 1.425 4.2951e-14
-4.575 1.475 8.5860e-14
-4.575 1.525 1.7168e-13
-4.575 1.575 3.4335e-13
-4.575 1.625 6.8691e-13
-4.575 1.675 1.3747e-12
-4.575 1.725 2.7521e-12
-4.575 1.775 5.5118e-12
-4.575 1.825 1.1044e-11
-4.575 1.875 2.2141e-11
-4.575 1.925 4.4413e-11
-4.575 1.975 8.9148e-11
-4.575 2.025 1.7907e-10
-4.575 2.075 3.6000e-10
-4.575 2.125 7.2441e-10
-4.575 2.175 1.4592e-09
-4.575 2.225 2.9428e-09
-4.575 2.275 5.9425e-09
-4.575 2.325 1.2018e-08
-4.575 2.375 2.4345e-08
-4.575 2.425 4.9408e-08
-4.575 2.475 1.0048e-07
-4.575 2.525 2.0485e-07
-4.575 2.575 4.1872e-07
-4.575 2.625 8.5847e-07
-4.575 2.675 1.7660e-06
-4.575 2.725 3.6469e-06
-4.575 2.775 7.5632e-06
-4.575 2.825 1.5761e-05
-4.575 2.875 3.3025e-05
-4.575 2.925 6.9625e-05
-4.575 2.975 1.4780e-04
-4.575 3.025 3.1620e-04
-4.575 3.075 6.8235e-04
-4.575 3.125 1.4869e-03
-4.575 3.175 3.2751e-03
-4.575 3.225 7.2999e-03
-4.575 3.275 1.6482e-02
-4.575 3.325 3.7728e-02
-4.575 3.375 8.7581e-02
-4.575 3.425 2.0607e-01
-4.575 3.475 4.9037e-01
-4.575 3.525 1.1745e+00
-4.575 3.575 2.8074e+00
-4.575 3.625 6.6102e+00
-4.575 3.675 1.5114e+01
-4.575 3.725 3.3496e+01
-4.575 3.775 7.5745e+01
-4.575 3.825 2.0622e+02
-4.575 3.875 0.0000e+00
-4.575 3.925 0.0000e+00
-4.575 3.975 0.0000e+00
-4.525 -1.975 0.0000e+00
-4.525 -1.925 0.0000e+00
-4.525 -1.875 0.0000e+00
-4.525 -1.825 0.0000e+00
-4.525 -1.775 0.0000e+00
-4.525 -1.725 0.0000e+00
-4.525 -1.675 0.0000e+00
-4.525 -1.625 0.0000e+00
-4.525 -1.575 0.0000e+00
-4.525 -1.525 0.0000e+00
-4.525 -1.475 0.0000e+00
-4.525 -1.425 0.0000e+00
-4.525 -1.375 0.0000e+00
-4.525 -1.325 0.0000e+00
-4.525 -1.275 0.0000e+00
-4.525 -1.225 0.0000e+00
-4.525 -1.175 0.0000e+00
-4.525 -1.125 0.0000e+00
-4.525 -1.075 0.0000e+00
-4.525 -1.025 0.0000e+00
-4.525 -0.975 0.0000e+00
-4.525 -0.925 0.0000e+00
-4.525 -0.875 0.0000e+00
-4.525 -0.825 0.0000e+00
-4.525 -0.775 0.0000e+00
-4.525 -0.725 0.0000e+00
-4.525 -0.675 0.0000e+00
-4.525 -0.625 0.0000e+00
-4.525 -0.575 0.0000e+00
-4.525 -0.525 0.0000e+00
-4.525 -0.475 0.0000e+00
-4.525 -0.425 0.0000e+00
-4.525 -0.375 0.0000e+00
-4.525 -0.325 0.0000e+00
-4.525 -0.275 0.0000e+00
-4.525 -0.225 0.0000e+00
-4.525 -0.175 0.0000e+00
-4.525 -0.125 0.0000e+00
-4.525 -0.075 0.0000e+00
-4.525 -0.025 0.0000e+00
-4.525 0.025 0.0000e+00
-4.525 0.075 0.0000e+00
-4.525 0.125 0.0000e+00
-4.525 0.175 0.0000e+00
-4.525 0.225 0.0000e+00
-4.525 0.275 0.0000e+00
-4.525 0.325 0.0000e+00
-4.525 0.375 0.0000e+00
-4.525 0.425 0.0000e+00
-4.525 0.475 0.0000e+00
-4.525 0.525 0.0000e+00
-4.525 0.575 0.0000e+00
-4.525 0.625 0.0000e+00
-4.525 0.675 0.0000e+00
-4.525 0.725 0.0000e+00
-4.525 0.775 0.0000e+00
-4.525 0.825 0.0000e+00
-4.525 0.875 0.0000e+00
-4.525 0.925 0.0000e+00
-4.525 0.975 0.0000e+00
-4.525 1.025 0.0000e+00
-4.525 1.075 0.0000e+00
-4.525 1.125 8.5040e-16
-4.525 1.175 1.6984e-15
-4.525 1.225 3.3923e-15
-4.525 1.275 6.7766e-15
-4.525 1.325 1.3539e-14
-4.525 1.375 2.7055e-14
-4.525 1.425 5.4072e-14
-4.525 1.475 1.0809e-13
-4.525 1.525 2.1613e-13
-4.525 1.575 4.3226e-13
-4.525 1.625 8.6477e-13
-4.525 1.675 1.7306e-12
-4.525 1.725 3.4646e-12
-4.525 1.775 6.9390e-12
-4.525 1.825 1.3904e-11
-4.525 1.875 2.7874e-11
-4.525 1.925 5.5913e-11
-4.525 1.975 1.1223e-10
-4.525 2.025 2.2544e-10
-4.525 2.075 4.5322e-10
-4.525 2.125 9.1198e-10
-4.525 2.175 1.8370e-09
-4.525 2.225 3.7047e-09
-4.525 2.275 7.4812e-09
-4.525 2.325 1.5129e-08
-4.525 2.375 3.0648e-08
-4.525 2.425 6.2200e-08
-4.525 2.475 1.2650e-07
-4.525 2.525 2.5789e-07
-4.525 2.575 5.2713e-07
-4.525 2.625 1.0807e-06
-4.525 2.675 2.2232e-06
-4.525 2.725 4.5910e-06
-4.525 2.775 9.5211e-06
-4.525 2.825 1.9841e-05
-4.525 2.875 4.1574e-05
-4.525 2.925 8.7646e-05
-4.525 2.975 1.8605e-04
-4.525 3.025 3.9801e-04
-4.525 3.075 8.5888e-04
-4.525 3.125 1.8714e-03
-4.525 3.175 4.1219e-03
-4.525 3.225 9.1866e-03
-4.525 3.275 2.0740e-02
-4.525 3.325 4.7468e-02
-4.525 3.375 1.1017e-01
-4.525 3.425 2.5916e-01
-4.525 3.475 6.1655e-01
-4.525 3.525 1.4763e+00
-4.525 3.575 3.5275e+00
-4.525 3.625 8.3033e+00
-4.525 3.675 1.8983e+01
-4.525 3.725 4.2074e+01
-4.525 3.775 9.5128e+01
-4.525 3.825 2.5794e+02
-4.525 3.875 0.0000e+00
-4.525 3.925 0.0000e+00
-4.525 3.975 0.0000e+00
-4.475 -1.975 0.0000e+00
-4.475 -1.925 0.0000e+00
-4.475 -1.875 0.0000e+00
-4.475 -1.825 0.0000e+00
-4.475 -1.775 0.0000e+00
-4.475 -1.725 0.0000e+00
-4.475 -1.675 0.0000e+00
-4.475 -1.625 0.0000e+00
-4.475 -1.575 0.0000e+00
-4.475 -1.525 0.0000e+00
-4.475 -1.475 0.0000e+00
-4.475 -1.425 0.0000e+00
-4.475 -1.375 0.0000e+00
-4.475 -1.325 0.0000e+00
-4.475 -1.275 0.0000e+00
-4.475 -1.225 0.0000e+00
-4.475 -1.175 0.0000e+00
-4.475 -1.125 0.0000e+00
-4.475 -1.075 0.0000e+00
-4.475 -1.025 0.0000e+00
-4.475 -0.975 0.0000e+00
-4.475 -0.925 0.0000e+00
-4.475 -0.875 0.0000e+00
-4.475 -0.825 0.0000e+00
-4.475 -0.775 0.0000e+00
-4.475 -0.725 0.0000e+00
-4.475 -0.675 0.0000e+00
-4.475 -0.625 0.0000e+00
-4.475 -0.575 0.0000e+00
-4.475 -0.525 0.0000e+00
-4.475 -0.475 0.0000e+00
-4.475 -0.425 0.0000e+00
-4.475 -0.375 0.0000e+00
-4.475 -0.325 0.0000e+00
-4.475 -0.275 0.0000e+00
-4.475 -0.225 0.0000e+00
-4.475 -0.175 0.0000e+00
-4.475 -0.125 0.0000e+00
-4.475 -0.075 0.0000e+00
-4.475 -0.025 0.0000e+00
-4.475 0.025 0.0000e+00
-4.475 0.075 0.0000e+00
-4.475 0.125 0.0000e+00
-4.475 0.175 0.0000e+00
-4.475 0.225 0.0000e+00
-4.475 0.275 0.0000e+00
-4.475 0.325 0.0000e+00
-4.475 0.375 0.0000e+00
-4.475 0.425 0.0000e+00
-4.475 0.475 0.0000e+00
-4.475 0.525 0.0000e+00
-4.475 0.575 0.0000e+00
-4.475 0.625 0.0000e+00
-4.475 0.675 0.0000e+00
-4.475 0.725 0.0000e+00
-4.475 0.775 0.0000e+00
-4.475 0.825 0.0000e+00
-4.475 0.875 0.0000e+00
-4.475 0.925 0.0000e+00
-4.475 0.975 0.0000e+00
-4.475 1.025 0.0000e+00
-4.475 1.075 0.0000e+00
-4.475 1.125 1.0706e-15
-4.475 1.175 2.1381e-15
-4.475 1.225 4.2706e-15
-4.475 1.275 8.5312e-15
-4.475 1.325 1.7045e-14
-4.475 1.375 3.4060e-14
-4.475 1.425 6.8072e-14
-4.475 1.475 1.3608e-13
-4.475 1.525 2.7209e-13
-4.475 1.575 5.4418e-13
-4.475 1.625 1.0887e-12
-4.475 1.675 2.1787e-12
-4.475 1.725 4.3617e-12
-4.475 1.775 8.7356e-12
-4.475 1.825 1.7504e-11
-4.475 1.875 3.5091e-11
-4.475 1.925 7.0390e-11
-4.475 1.975 1.4129e-10
-4.475 2.025 2.8381e-10
-4.475 2.075 5.7056e-10
-4.475 2.125 1.1481e-09
-4.475 2.175 2.3127e-09
-4.475 2.225 4.6640e-09
-4.475 2.275 9.4182e-09
-4.475 2.325 1.9047e-08
-4.475 2.375 3.8583e-08
-4.475 2.425 7.8304e-08
-4.475 2.475 1.5925e-07
-4.475 2.525 3.2465e-07
-4.475 2.575 6.6361e-07
-4.475 2.625 1.3605e-06
-4.475 2.675 2.7988e-06
-4.475 2.725 5.7795e-06
-4.475 2.775 1.1986e-05
-4.475 2.825 2.4977e-05
-4.475 2.875 5.2334e-05
-4.475 2.925 1.1033e-04
-4.475 2.975 2.3419e-04
-4.475 3.025 5.0099e-04
-4.475 3.075 1.0810e-03
-4.475 3.125 2.3554e-03
-4.475 3.175 5.1873e-03
-4.475 3.225 1.1560e-02
-4.475 3.275 2.6094e-02
-4.475 3.325 5.9712e-02
-4.475 3.375 1.3856e-01
-4.475 3.425 3.2586e-01
-4.475 3.475 7.7495e-01
-4.475 3.525 1.8548e+00
-4.475 3.575 4.4301e+00
-4.475 3.625 1.0424e+01
-4.475 3.675 2.3827e+01
-4.475 3.725 5.2816e+01
-4.475 3.775 1.1939e+02
-4.475 3.825 3.2211e+02
-4.475 3.875 0.0000e+00
-4.475 3.925 0.0000e+00
-4.475 3.975 0.0000e+00
-4.425 -1.975 0.0000e+00
-4.425 -1.925 0.0000e+00
-4.425 -1.875 0.0000e+00
-4.425 -1.825 0.0000e+00
-4.425 -1.775 0.0000e+00
-4.425 -1.725 0.0000e+00
-4.425 -1.675 0.0000e+00
-4.425 -1.625 0.0000e+00
-4.425 -1.575 0.0000e+00
-4.425 -1.525 0.0000e+00
-4.425 -1.475 0.0000e+00
-4.425 -1.425 0.0000e+00
-4.425 -1.375 0.0000e+00
-4.425 -1.325 0.0000e+00
-4.425 -1.275 0.0000e+00
-4.425 -1.225 0.0000e+00
-4.425 -1.175 0.0000e+00
-4.425 -1.125 0.0000e+00
-4.425 -1.075 0.0000e+00
-4.425 -1.025 0.0000e+00
-4.425 -0.975 0.0000e+00
-4.425 -0.925 0.0000e+00
-4.425 -0.875 0.0000e+00
-4.425 -0.825 0.0000e+00
-4.425 -0.775 0.0000e+00
-4.425 -0.725 0.0000e+00
-4.425 -0.675 0.0000e+00
-4.425 -0.625 0.0000e+00
-4.425 -0.575 0.0000e+00
-4.425 -0.525 0.0000e+00
-4.425 -0.475 0.0000e+00
-4.425 -0.425 0.0000e+00
-4.425 -0.375 0.0000e+00
-4.425 -0.325 0.0000e+00
-4.425 -0.275 0.0000e+00
-4.425 -0.225 0.0000e+00
-4.425 -0.175 0.0000e+00
-4.425 -0.125 0.0000e+00
-4.425 -0.075 0.0000e+00
-4.425 -0.025 0.0000e+00
-4.425 0.025 0.0000e+00
-4.425 0.075 0.0000e+00
-4.425 0.125 0.0000e+00
-4.425 0.175 0.0000e+00
-4.425 0.225 0.0000e+00
-4.425 0.275 0.0000e+00
-4.425 0.325 0.0000e+00
-4.425 0.375 0.0000e+00
-4.425 0.425 0.0000e+00
-4.425 0.475 0.0000e+00
-4.425 0.525 0.0000e+00
-4.425 0.575 0.0000e+00
-4.425 0.625 0.0000e+00
-4.425 0.675 0.0000e+00
-4.425 0.725 0.0000e+00
-4.425 0.775 0.0000e+00
-4.425 0.825 0.0000e+00
-4.425 0.875 0.0000e+00
-4.425 0.925 0.0000e+00
-4.425 0.975 0.0000e+00
-4.425 1.025 0.0000e+00
-4.425 1.075 0.0000e+00
-4.425 1.125 1.3478e-15
-4.425 1.175 2.6917e-15
-4.425 1.225 5.3764e-15
-4.425 1.275 1.0740e-14
-4.425 1.325 2.1458e-14
-4.425 1.375 4.2879e-14
-4.425 1.425 8.5698e-14
-4.425 1.475 1.7131e-13
-4.425 1.525 3.4254e-13
-4.425 1.575 6.8508e-13
-4.425 1.625 1.3706e-12
-4.425 1.675 2.7428e-12
-4.425 1.725 5.4911e-12
-4.425 1.775 1.0998e-11
-4.425 1.825 2.2036e-11
-4.425 1.875 4.4177e-11
-4.425 1.925 8.8615e-11
-4.425 1.975 1.7787e-10
-4.425 2.025 3.5730e-10
-4.425 2.075 7.1830e-10
-4.425 2.125 1.4454e-09
-4.425 2.175 2.9115e-09
-4.425 2.225 5.8716e-09
-4.425 2.275 1.1857e-08
-4.425 2.325 2.3978e-08
-4.425 2.375 4.8573e-08
-4.425 2.425 9.8578e-08
-4.425 2.475 2.0049e-07
-4.425 2.525 4.0871e-07
-4.425 2.575 8.3541e-07
-4.425 2.625 1.7127e-06
-4.425 2.675 3.5233e-06
-4.425 2.725 7.2755e-06
-4.425 2.775 1.5088e-05
-4.425 2.825 3.1442e-05
-4.425 2.875 6.5878e-05
-4.425 2.925 1.3888e-04
-4.425 2.975 2.9478e-04
-4.425 3.025 6.3057e-04
-4.425 3.075 1.3606e-03
-4.425 3.125 2.9642e-03
-4.425 3.175 6.5274e-03
-4.425 3.225 1.4545e-02
-4.425 3.275 3.2826e-02
-4.425 3.325 7.5101e-02
-4.425 3.375 1.7422e-01
-4.425 3.425 4.0958e-01
-4.425 3.475 9.7364e-01
-4.425 3.525 2.3292e+00
-4.425 3.575 5.5601e+00
-4.425 3.625 1.3077e+01
-4.425 3.675 2.9883e+01
-4.425 3.725 6.6250e+01
-4.425 3.775 1.4972e+02
-4.425 3.825 4.0142e+02
-4.425 3.875 0.0000e+00
-4.425 3.925 0.0000e+00
-4.425 3.975 0.0000e+00
-4.375 -1.975 0.0000e+00
-4.375 -1.925 0.0000e+00
-4.375 -1.875 0.0000e+00
-4.375 -1.825 0.0000e+00
-4.375 -1.775 0.0000e+00
-4.375 -1.725 0.0000e+00
-4.375 -1.675 0.0000e+00
-4.375 -1.625 0.0000e+00
-4.375 -1.575 0.0000e+00
-4.375 -1.525 0.0000e+00
-4.375 -1.475 0.0000e+00
-4.375 -1.425 0.0000e+00
-4.375 -1.375 0.0000e+00
-4.375 -1.325 0.0000e+00
-4.375 -1.275 0.0000e+00
-4.375 -1.225 0.0000e+00
-4.375 -1.175 0.0000e+00
-4.375 -1.125 0.0000e+00
-4.375 -1.075 0.0000e+00
-4.375 -1.025 0.0000e+00
-4.375 -0.975 0.0000e+00
-4.375 -0.925 0.0000e+00
-4.375 -0.875 0.0000e+00
-4.375 -0.825 0.0000e+00
-4.375 -0.775 0.0000e+00
-4.375 -0.725 0.0000e+00
-4.375 -0.675 0.0000e+00
-4.375 -0.625 0.0000e+00
-4.375 -0.575 0.0000e+00
-4.375 -0.525 0.0000e+00
-4.375 -0.475 0.0000e+00
-4.375 -0.425 0.0000e+00
-4.375 -0.375 0.0000e+00
-4.375 -0.325 0.0000e+00
-4.375 -0.275 0.0000e+00
-4.375 -0.225 0.0000e+00
-4.375 -0.175 0.0000e+00
-4.375 -0.125 0.0000e+00
-4.375 -0.075 0.0000e+00
-4.375 -0.025 0.0000e+00
-4.375 0.025 0.0000e+00
-4.375 0.075 0.0000e+00
-4.375 0.125 0.0000e+00
-4.375 0.175 0.0000e+00
-4.375 0.225 0.0000e+00
-4.375 0.275 0.0000e+00
-4.375 0.325 0.0000e+00
-4.375 0.375 0.0000e+00
-4.375 0.425 0.0000e+00
-4.375 0.475 0.0000e+00
-4.375 0.525 0.0000e+00
-4.375 0.575 0.0000e+00
-4.375 0.625 0.0000e+00
-4.375 0.675 0.0000e+00
-4.375 0.725 0.0000e+00
-4.375 0.775 0.0000e+00
-4.375 0.825 0.0000e+00
-4.375 0.875 0.0000e+00
-4.375 0.925 0.0000e+00
-4.375 0.975 0.0000e+00
-4.375 1.025 0.0000e+00
-4.375 1.075 0.0000e+00
-4.375 1.125 1.6968e-15
-4.375 1.175 3.3887e-15
-4.375 1.225 6.7685e-15
-4.375 1.275 1.3521e-14
-4.375 1.325 2.7014e-14
-4.375 1.375 5.3981e-14
-4.375 1.425 1.0789e-13
-4.375 1.475 2.1567e-13
-4.375 1.525 4.3123e-13
-4.375 1.575 8.6246e-13
-4.375 1.625 1.7254e-12
-4.375 1.675 3.4530e-12
-4.375 1.725 6.9128e-12
-4.375 1.775 1.3845e-11
-4.375 1.825 2.7742e-11
-4.375 1.875 5.5615e-11
-4.375 1.925 1.1156e-10
-4.375 1.975 2.2393e-10
-4.375 2.025 4.4981e-10
-4.375 2.075 9.0428e-10
-4.375 2.125 1.8196e-09
-4.375 2.175 3.6653e-09
-4.375 2.225 7.3918e-09
-4.375 2.275 1.4927e-08
-4.375 2.325 3.0187e-08
-4.375 2.375 6.1149e-08
-4.375 2.425 1.2410e-07
-4.375 2.475 2.5239e-07
-4.375 2.525 5.1452e-07
-4.375 2.575 1.0517e-06
-4.375 2.625 2.1561e-06
-4.375 2.675 4.4354e-06
-4.375 2.725 9.1588e-06
-4.375 2.775 1.8993e-05
-4.375 2.825 3.9579e-05
-4.375 2.875 8.2925e-05
-4.375 2.925 1.7481e-04
-4.375 2.975 3.7103e-04
-4.375 3.025 7.9362e-04
-4.375 3.075 1.7123e-03
-4.375 3.125 3.7300e-03
-4.375 3.175 8.2128e-03
-4.375 3.225 1.8297e-02
-4.375 3.275 4.1287e-02
-4.375 3.325 9.4432e-02
-4.375 3.375 2.1899e-01
-4.375 3.425 5.1460e-01
-4.375 3.475 1.2226e+00
-4.375 3.525 2.9230e+00
-4.375 3.575 6.9729e+00
-4.375 3.625 1.6390e+01
-4.375 3.675 3.7442e+01
-4.375 3.725 8.3020e+01
-4.375 3.775 1.8754e+02
-4.375 3.825 4.9899e+02
-4.375 3.875 0.0000e+00
-4.375 3.925 0.0000e+00
-4.375 3.975 0.0000e+00
-4.325 -1.975 0.0000e+00
-4.325 -1.925 0.0000e+00
-4.325 -1.875 0.0000e+00
-4.325 -1.825 0.0000e+00
-4.325 -1.775 0.0000e+00
-4.325 -1.725 0.0000e+00
-4.325 -1.675 0.0000e+00
-4.325 -1.625 0.0000e+00
-4.325 -1.575 0.0000e+00
-4.325 -1.525 0.0000e+00
-4.325 -1.475 0.0000e+00
-4.325 -1.425 0.0000e+00
-4.325 -1.375 0.0000e+00
-4.325 -1.325 0.0000e+00
-4.325 -1.275 0.0000e+00
-4.325 -1.225 0.0000e+00
-4.325 -1.175 0.0000e+00
-4.325 -1.125 0.0000e+00
-4.325 -1.075 0.0000e+00
-4.325 -1.025 0.0000e+00
-4.325 -0.975 0.0000e+00
-4.325 -0.925 0.0000e+00
-4.325 -0.875 0.0000e+00
-4.325 -0.825 0.0000e+00
-4.325 -0.775 0.0000e+00
-4.325 -0.725 0.0000e+00
-4.325 -0.675 0.0000e+00
-4.325 -0.625 0.0000e+00
-4.325 -0.575 0.0000e+00
-4.325 -0.525 0.0000e+00
-4.325 -0.475 0.0000e+00
-4.325 -0.425 0.0000e+00
-4.325 -0.375 0.0000e+00
-4.325 -0.325 0.0000e+00
-4.325 -0.275 0.0000e+00
-4.325 -0.225 0.0000e+00
-4.325 -0.175 0.0000e+00
-4.325 -0.125 0.0000e+00
-4.325 -0.075 0.0000e+00
-4.325 -0.025 0.0000e+00
-4.325 0.025 0.0000e+00
-4.325 0.075 0.0000e+00
-4.325 0.125 0.0000e+00
-4.325 0.175 0.0000e+00
-4.325 0.225 0.0000e+00
-4.325 0.275 0.0000e+00
-4.325 0.325 0.0000e+00
-4.325 0.375 0.0000e+00
-4.325 0.425 0.0000e+00
-4.325 0.475 0.0000e+00
-4.325 0.525 0.0000e+00
-4.325 0.575 0.0000e+00
-4.325 0.625 0.0000e+00
-4.325 0.675 0.0000e+00
-4.325 0.725 0.0000e+00
-4.325 0.775 0.0000e+00
-4.325 0.825 0.0000e+00
-4.325 0.875 0.0000e+00
-4.325 0.925 0.0000e+00
-4.325 0.975 0.0000e+00
-4.325 1.025 0.0000e+00
-4.325 1.075 0.0000e+00
-4.325 1.125 2.1361e-15
-4.325 1.175 4.2661e-15
-4.325 1.225 8.5211e-15
-4.325 1.275 1.7022e-14
-4.325 1.325 3.4009e-14
-4.325 1.375 6.7958e-14
-4.325 1.425 1.3582e-13
-4.325 1.475 2.7151e-13
-4.325 1.525 5.4289e-13
-4.325 1.575 1.0858e-12
-4.325 1.625 2.1722e-12
-4.325 1.675 4.3471e-12
-4.325 1.725 8.7027e-12
-4.325 1.775 1.7430e-11
-4.325 1.825 3.4925e-11
-4.325 1.875 7.0015e-11
-4.325 1.925 1.4045e-10
-4.325 1.975 2.8191e-10
-4.325 2.025 5.6627e-10
-4.325 2.075 1.1384e-09
-4.325 2.125 2.2908e-09
-4.325 2.175 4.6143e-09
-4.325 2.225 9.3057e-09
-4.325 2.275 1.8791e-08
-4.325 2.325 3.8002e-08
-4.325 2.375 7.6981e-08
-4.325 2.425 1.5623e-07
-4.325 2.475 3.1773e-07
-4.325 2.525 6.4772e-07
-4.325 2.575 1.3240e-06
-4.325 2.625 2.7143e-06
-4.325 2.675 5.5835e-06
-4.325 2.725 1.1529e-05
-4.325 2.775 2.3909e-05
-4.325 2.825 4.9821e-05
-4.325 2.875 1.0438e-04
-4.325 2.925 2.2002e-04
-4.325 2.975 4.6698e-04
-4.325 3.025 9.9877e-04
-4.325 3.075 2.1547e-03
-4.325 3.125 4.6932e-03
-4.325 3.175 1.0332e-02
-4.325 3.225 2.3014e-02
-4.325 3.275 5.1916e-02
-4.325 3.325 1.1870e-01
-4.325 3.375 2.7515e-01
-4.325 3.425 6.4621e-01
-4.325 3.475 1.5343e+00
-4.325 3.525 3.6652e+00
-4.325 3.575 8.7359e+00
-4.325 3.625 2.0518e+01
-4.325 3.675 4.6855e+01
-4.325 3.725 1.0390e+02
-4.325 3.775 2.3459e+02
-4.325 3.825 6.1833e+02
-4.325 3.875 0.0000e+00
-4.325 3.925 0.0000e+00
-4.325 3.975 0.0000e+00
-4.275 -1.975 0.0000e+00
-4.275 -1.925 0.0000e+00
-4.275 -1.875 0.0000e+00
-4.275 -1.825 0.0000e+00
-4.275 -1.775 0.0000e+00
-4.275 -1.725 0.0000e+00
-4.275 -1.675 0.0000e+00
-4.275 -1.625 0.0000e+00
-4.275 -1.575 0.0000e+00
-4.275 -1.525 0.0000e+00
-4.275 -1.475 0.0000e+00
-4.275 -1.425 0.0000e+00
-4.275 -1.375 0.0000e+00
-4.275 -1.325 0.0000e+00
-4.275 -1.275 0.0000e+00
-4.275 -1.225 0.0000e+00
-4.275 -1.175 0.0000e+00
-4.275 -1.125 0.0000e+00
-4.275 -1.075 0.0000e+00
-4.275 -1.025 0.0000e+00
-4.275 -0.975 0.0000e+00
-4.275 -0.925 0.0000e+00
-4.275 -0.875 0.0000e+00
-4.275 -0.825 0.0000e+00
-4.275 -0.775 0.0000e+00
-4.275 -0.725 0.0000e+00
-4.275 -0.675 0.0000e+00
-4.275 -0.625 0.0000e+00
-4.275 -0.575 0.0000e+00
-4.275 -0.525 0.0000e+00
-4.275 -0.475 0.0000e+00
-4.275 -0.425 0.0000e+00
-4.275 -0.375 0.0000e+00
-4.275 -0.325 0.0000e+00
-4.275 -0.275 0.0000e+00
-4.275 -0.225 0.0000e+00
-4.275 -0.175 0.0000e+00
-4.275 -0.125 0.0000e+00
-4.275 -0.075 0.0000e+00
-4.275 -0.025 0.0000e+00
-4.275 0.025 0.0000e+00
-4.275 0.075 0.0000e+00
-4.275 0.125 0.0000e+00
-4.275 0.175 0.0000e+00
-4.275 0.225 0.0000e+00
-4.275 0.275 0.0000e+00
-4.275 0.325 0.0000e+00
-4.275 0.375 0.0000e+00
-4.275 0.425 0.0000e+00
-4.275 0.475 0.0000e+00
-4.275 0.525 0.0000e+00
-4.275 0.575 0.0000e+00
-4.275 0.625 0.0000e+00
-4.275 0.675 0.0000e+00
-4.275 0.725 0.0000e+00
-4.275 0.775 0.0000e+00
-4.275 0.825 0.0000e+00
-4.275 0.875 0.0000e+00
-4.275 0.925 0.0000e+00
-4.275 0.975 0.0000e+00
-4.275 1.025 0.0000e+00
-4.275 1.075 0.0000e+00
-4.275 1.125 2.6892e-15
-4.275 1.175 5.3707e-15
-4.275 1.225 1.0727e-14
-4.275 1.275 2.1429e-14
-4.275 1.325 4.2814e-14
-4.275 1.375 8.5554e-14
-4.275 1.425 1.7099e-13
-4.275 1.475 3.4181e-13
-4.275 1.525 6.8345e-13
-4.275 1.575 1.3669e-12
-4.275 1.625 2.7346e-12
-4.275 1.675 5.4726e-12
-4.275 1.725 1.0956e-11
-4.275 1.775 2.1943e-11
-4.275 1.825 4.3967e-11
-4.275 1.875 8.8144e-11
-4.275 1.925 1.7681e-10
-4.275 1.975 3.5490e-10
-4.275 2.025 7.1289e-10
-4.275 2.075 1.4332e-09
-4.275 2.125 2.8839e-09
-4.275 2.175 5.8091e-09
-4.275 2.225 1.1715e-08
-4.275 2.275 2.3657e-08
-4.275 2.325 4.7841e-08
-4.275 2.375 9.6911e-08
-4.275 2.425 1.9668e-07
-4.275 2.475 3.9999e-07
-4.275 2.525 8.1540e-07
-4.275 2.575 1.6667e-06
-4.275 2.625 3.4169e-06
-4.275 2.675 7.0286e-06
-4.275 2.725 1.4513e-05
-4.275 2.775 3.0096e-05
-4.275 2.825 6.2710e-05
-4.275 2.875 1.3138e-04
-4.275 2.925 2.7692e-04
-4.275 2.975 5.8769e-04
-4.275 3.025 1.2568e-03
-4.275 3.075 2.7111e-03
-4.275 3.125 5.9042e-03
-4.275 3.175 1.2995e-02
-4.275 3.225 2.8939e-02
-4.275 3.275 6.5260e-02
-4.275 3.325 1.4915e-01
-4.275 3.375 3.4554e-01
-4.275 3.425 8.1096e-01
-4.275 3.475 1.9238e+00
-4.275 3.525 4.5912e+00
-4.275 3.575 1.0931e+01
-4.275 3.625 2.5649e+01
-4.275 3.675 5.8540e+01
-4.275 3.725 1.2983e+02
-4.275 3.775 2.9289e+02
-4.275 3.825 7.6324e+02
-4.275 3.875 0.0000e+00
-4.275 3.925 0.0000e+00
-4.275 3.975 0.0000e+00
-4.225 -1.975 0.0000e+00
-4.225 -1.925 0.0000e+00
-4.225 -1.875 0.0000e+00
-4.225 -1.825 0.0000e+00
-4.225 -1.775 0.0000e+00
-4.225 -1.725 0.0000e+00
-4.225 -1.675 0.0000e+00
-4.225 -1.625 0.0000e+00
-4.225 -1.575 0.0000e+00
-4.225 -1.525 0.0000e+00
-4.225 -1.475 0.0000e+00
-4.225 -1.425 0.0000e+00
-4.225 -1.375 0.0000e+00
-4.225 -1.325 0.0000e+00
-4.225 -1.275 0.0000e+00
-4.225 -1.225 0.0000e+00
-4.225 -1.175 0.0000e+00
-4.225 -1.125 0.0000e+00
-4.225 -1.075 0.0000e+00
-4.225 -1.025 0.0000e+00
-4.225 -0.975 0.0000e+00
-4.225 -0.925 0.0000e+00
-4.225 -0.875 0.0000e+00
-4.225 -0.825 0.0000e+00
-4.225 -0.775 0.0000e+00
-4.225 -0.725 0.0000e+00
-4.225 -0.675 0.0000e+00
-4.225 -0.625 0.0000e+00
-4.225 -0.575 0.0000e+00
-4.225 -0.525 0.0000e+00
-4.225 -0.475 0.0000e+00
-4.225 -0.425 0.0000e+00
-4.225 -0.375 0.0000e+00
-4.225 -0.325 0.0000e+00
-4.225 -0.275 0.0000e+00
-4.225 -0.225 0.0000e+00
-4.225 -0.175 0.0000e+00
-4.225 -0.125 0.0000e+00
-4.225 -0.075 0.0000e+00
-4.225 -0.025 0.0000e+00
-4.225 0.025 0.0000e+00
-4.225 0.075 0.0000e+00
-4.225 0.125 0.0000e+00
-4.225 0.175 0.0000e+00
-4.225 0.225 0.0000e+00
-4.225 0.275 0.0000e+00
-4.225 0.325 0.0000e+00
-4.225 0.375 0.0000e+00
-4.225 0.425 0.0000e+00
-4.225 0.475 0.0000e+00
-4.225 0.525 0.0000e+00
-4.225 0.575 0.0000e+00
-4.225 0.625 0.0000e+00
-4.225 0.675 0.0000e+00
-4.225 0.725 0.0000e+00
-4.225 0.775 0.0000e+00
-4.225 0.825 0.0000e+00
-4.225 0.875 0.0000e+00
-4.225 0.925 0.0000e+00
-4.225 0.975 0.0000e+00
-4.225 1.025 0.0000e+00
-4.225 1.075 0.0000e+00
-4.225 1.125 3.3855e-15
-4.225 1.175 6.7613e-15
-4.225 1.225 1.3505e-14
-4.225 1.275 2.6978e-14
-4.225 1.325 5.3900e-14
-4.225 1.375 1.0771e-13
-4.225 1.425 2.1526e-13
-4.225 1.475 4.3032e-13
-4.225 1.525 8.6042e-13
-4.225 1.575 1.7208e-12
-4.225 1.625 3.4427e-12
-4.225 1.675 6.8897e-12
-4.225 1.725 1.3793e-11
-4.225 1.775 2.7624e-11
-4.225 1.825 5.5351e-11
-4.225 1.875 1.1097e-10
-4.225 1.925 2.2259e-10
-4.225 1.975 4.4679e-10
-4.225 2.025 8.9747e-10
-4.225 2.075 1.8042e-09
-4.225 2.125 3.6306e-09
-4.225 2.175 7.3131e-09
-4.225 2.225 1.4748e-08
-4.225 2.275 2.9781e-08
-4.225 2.325 6.0227e-08
-4.225 2.375 1.2200e-07
-4.225 2.425 2.4760e-07
-4.225 2.475 5.0354e-07
-4.225 2.525 1.0265e-06
-4.225 2.575 2.0981e-06
-4.225 2.625 4.3012e-06
-4.225 2.675 8.8476e-06
-4.225 2.725 1.8269e-05
-4.225 2.775 3.7882e-05
-4.225 2.825 7.8932e-05
-4.225 2.875 1.6535e-04
-4.225 2.925 3.4850e-04
-4.225 2.975 7.3955e-04
-4.225 3.025 1.5814e-03
-4.225 3.075 3.4107e-03
-4.225 3.125 7.4264e-03
-4.225 3.175 1.6342e-02
-4.225 3.225 3.6378e-02
-4.225 3.275 8.2003e-02
-4.225 3.325 1.8731e-01
-4.225 3.375 4.3366e-01
-4.225 3.425 1.0169e+00
-4.225 3.475 2.4097e+00
-4.225 3.525 5.7435e+00
-4.225 3.575 1.3656e+01
-4.225 3.625 3.2004e+01
-4.225 3.675 7.2992e+01
-4.225 3.725 1.6188e+02
-4.225 3.775 3.6480e+02
-4.225 3.825 9.3763e+02
-4.225 3.875 0.0000e+00
-4.225 3.925 0.0000e+00
-4.225 3.975 0.0000e+00
-4.175 -1.975 0.0000e+00
-4.175 -1.925 0.0000e+00
-4.175 -1.875 0.0000e+00
-4.175 -1.825 0.0000e+00
-4.175 -1.775 0.0000e+00
-4.175 -1.725 0.0000e+00
-4.175 -1.675 0.0000e+00
-4.175 -1.625 0.0000e+00
-4.175 -1.575 0.0000e+00
-4.175 -1.525 0.0000e+00
-4.175 -1.475 0.0000e+00
-4.175 -1.425 0.0000e+00
-4.175 -1.375 0.0000e+00
-4.175 -1.325 0.0000e+00
-4.175 -1.275 0.0000e+00
-4.175 -1.225 0.0000e+00
-4.175 -1.175 0.0000e+00
-4.175 -1.125 0.0000e+00
-4.175 -1.075 0.0000e+00
-4.175 -1.025 0.0000e+00
-4.175 -0.975 0.0000e+00
-4.175 -0.925 0.0000e+00
-4.175 -0.875 0.0000e+00
-4.175 -0.825 0.0000e+00
-4.175 -0.775 0.0000e+00
-4.175 -0.725 0.0000e+00
-4.175 -0.675 0.0000e+00
-4.175 -0.625 0.0000e+00
-4.175 -0.575 0.0000e+00
-4.175 -0.525 0.0000e+00
-4.175 -0.475 0.0000e+00
-4.175 -0.425 0.0000e+00
-4.175 -0.375 0.0000e+00
-4.175 -0.325 0.0000e+00
-4.175 -0.275 0.0000e+00
-4.175 -0.225 0.0000e+00
-4.175 -0.175 0.0000e+00
-4.175 -0.125 0.0000e+00
-4.175 -0.075 0.0000e+00
-4.175 -0.025 0.0000e+00
-4.175 0.025 0.0000e+00
-4.175 0.075 0.0000e+00
-4.175 0.125 0.0000e+00
-4.175 0.175 0.0000e+00
-4.175 0.225 0.0000e+00
-4.175 0.275 0.0000e+00
-4.175 0.325 0.0000e+00
-4.175 0.375 0.0000e+00
-4.175 0.425 0.0000e+00
-4.175 0.475 0.0000e+00
-4.175 0.525 0.0000e+00
-4.175 0.575 0.0000e+00
-4.175 0.625 0.0000e+00
-4.175 0.675 0.0000e+00
-4.175 0.725 0.0000e+00
-4.175 0.775 0.0000e+00
-4.175 0.825 0.0000e+00
-4.175 0.875 0.0000e+00
-4.175 0.925 0.0000e+00
-4.175 0.975 0.0000e+00
-4.175 1.025 0.0000e+00
-4.175 1.075 0.0000e+00
-4.175 1.125 4.2621e-15
-4.175 1.175 8.5120e-15
-4.175 1.225 1.7002e-14
-4.175 1.275 3.3963e-14
-4.175 1.325 6.7856e-14
-4.175 1.375 1.3559e-13
-4.175 1.425 2.7100e-13
-4.175 1.475 5.4174e-13
-4.175 1.525 1.0832e-12
-4.175 1.575 2.1664e-12
-4.175 1.625 4.3341e-12
-4.175 1.675 8.6735e-12
-4.175 1.725 1.7364e-11
-4.175 1.775 3.4777e-11
-4.175 1.825 6.9683e-11
-4.175 1.875 1.3970e-10
-4.175 1.925 2.8022e-10
-4.175 1.975 5.6247e-10
-4.175 2.025 1.1298e-09
-4.175 2.075 2.2714e-09
-4.175 2.125 4.5706e-09
-4.175 2.175 9.2065e-09
-4.175 2.225 1.8567e-08
-4.175 2.275 3.7492e-08
-4.175 2.325 7.5820e-08
-4.175 2.375 1.5359e-07
-4.175 2.425 3.1169e-07
-4.175 2.475 6.3389e-07
-4.175 2.525 1.2922e-06
-4.175 2.575 2.6411e-06
-4.175 2.625 5.4144e-06
-4.175 2.675 1.1137e-05
-4.175 2.725 2.2995e-05
-4.175 2.775 4.7681e-05
-4.175 2.825 9.9344e-05
-4.175 2.875 2.0810e-04
-4.175 2.925 4.3856e-04
-4.175 2.975 9.3054e-04
-4.175 3.025 1.9895e-03
-4.175 3.075 4.2901e-03
-4.175 3.125 9.3389e-03
-4.175 3.175 2.0544e-02
-4.175 3.225 4.5714e-02
-4.175 3.275 1.0299e-01
-4.175 3.325 2.3510e-01
-4.175 3.375 5.4381e-01
-4.175 3.425 1.2738e+00
-4.175 3.475 3.0145e+00
-4.175 3.525 7.1735e+00
-4.175 3.575 1.7027e+01
-4.175 3.625 3.9840e+01
-4.175 3.675 9.0778e+01
-4.175 3.725 2.0130e+02
-4.175 3.775 4.5293e+02
-4.175 3.825 1.1451e+03
-4.175 3.875 0.0000e+00
-4.175 3.925 0.0000e+00
-4.175 3.975 0.0000e+00
-4.125 -1.975 0.0000e+00
-4.125 -1.925 0.0000e+00
-4.125 -1.875 0.0000e+00
-4.125 -1.825 0.0000e+00
-4.125 -1.775 0.0000e+00
-4.125 -1.725 0.0000e+00
-4.125 -1.675 0.0000e+00
-4.125 -1.625 0.0000e+00
-4.125 -1.575 0.0000e+00
-4.125 -1.525 0.0000e+00
-4.125 -1.475 0.0000e+00
-4.125 -1.425 0.0000e+00
-4.125 -1.375 0.0000e+00
-4.125 -1.325 0.0000e+00
-4.125 -1.275 0.0000e+00
-4.125 -1.225 0.0000e+00
-4.125 -1.175 0.0000e+00
-4.125 -1.125 0.0000e+00
-4.125 -1.075 0.0000e+00
-4.125 -1.025 0.0000e+00
-4.125 -0.975 0.0000e+00
-4.125 -0.925 0.0000e+00
-4.125 -0.875 0.0000e+00
-4.125 -0.825 0.0000e+00
-4.125 -0.775 0.0000e+00
-4.125 -0.725 0.0000e+00
-4.125 -0.675 0.0000e+00
-4.125 -0.625 0.0000e+00
-4.125 -0.575 0.0000e+00
-4.125 -0.525 0.0000e+00
-4.125 -0.475 0.0000e+00
-4.125 -0.425 0.0000e+00
-4.125 -0.375 0.0000e+00
-4.125 -0.325 0.0000e+00
-4.125 -0.275 0.0000e+00
-4.125 -0.225 0.0000e+00
-4.125 -0.175 0.0000e+00
-4.125 -0.125 0.0000e+00
-4.125 -0.075 0.0000e+00
-4.125 -0.025 0.0000e+00
-4.125 0.025 0.0000e+00
-4.125 0.075 0.0000e+00
-4.125 0.125 0.0000e+00
-4.125 0.175 0.0000e+00
-4.125 0.225 0.0000e+00
-4.125 0.275 0.0000e+00
-4.125 0.325 0.0000e+00
-4.125 0.375 0.0000e+00
-4.125 0.425 0.0000e+00
-4.125 0.475 0.0000e+00
-4.125 0.525 0.0000e+00
-4.125 0.575 0.0000e+00
-4.125 0.625 0.0000e+00
-4.125 0.675 0.0000e+00
-4.125 0.725 0.0000e+00
-4.125 0.775 0.0000e+00
-4.125 0.825 0.0000e+00
-4.125 0.875 0.0000e+00
-4.125 0.925 0.0000e+00
-4.125 0.975 0.0000e+00
-4.125 1.025 0.0000e+00
-4.125 1.075 0.0000e+00
-4.125 1.125 5.3657e-15
-4.125 1.175 1.0716e-14
-4.125 1.225 2.1404e-14
-4.125 1.275 4.2757e-14
-4.125 1.325 8.5426e-14
-4.125 1.375 1.7070e-13
-4.125 1.425 3.4117e-13
-4.125 1.475 6.8201e-13
-4.125 1.525 1.3637e-12
-4.125 1.575 2.7273e-12
-4.125 1.625 5.4563e-12
-4.125 1.675 1.0919e-11
-4.125 1.725 2.1860e-11
-4.125 1.775 4.3781e-11
-4.125 1.825 8.7726e-11
-4.125 1.875 1.7587e-10
-4.125 1.925 3.5278e-10
-4.125 1.975 7.0811e-10
-4.125 2.025 1.4224e-09
-4.125 2.075 2.8595e-09
-4.125 2.125 5.7539e-09
-4.125 2.175 1.1590e-08
-4.125 2.225 2.3373e-08
-4.125 2.275 4.7198e-08
-4.125 2.325 9.5449e-08
-4.125 2.375 1.9334e-07
-4.125 2.425 3.9238e-07
-4.125 2.475 7.9797e-07
-4.125 2.525 1.6266e-06
-4.125 2.575 3.3247e-06
-4.125 2.625 6.8155e-06
-4.125 2.675 1.4019e-05
-4.125 2.725 2.8943e-05
-4.125 2.775 6.0012e-05
-4.125 2.825 1.2503e-04
-4.125 2.875 2.6187e-04
-4.125 2.925 5.5182e-04
-4.125 2.975 1.1707e-03
-4.125 3.025 2.5025e-03
-4.125 3.075 5.3950e-03
-4.125 3.125 1.1740e-02
-4.125 3.175 2.5816e-02
-4.125 3.225 5.7417e-02
-4.125 3.275 1.2927e-01
-4.125 3.325 2.9484e-01
-4.125 3.375 6.8125e-01
-4.125 3.425 1.5935e+00
-4.125 3.475 3.7648e+00
-4.125 3.525 8.9411e+00
-4.125 3.575 2.1176e+01
-4.125 3.625 4.9450e+01
-4.125 3.675 1.1253e+02
-4.125 3.725 2.4943e+02
-4.125 3.775 5.6000e+02
-4.125 3.825 1.3885e+03
-4.125 3.875 0.0000e+00
-4.125 3.925 0.0000e+00
-4.125 3.975 0.0000e+00
-4.075 -1.975 0.0000e+00
-4.075 -1.925 0.0000e+00
-4.075 -1.875 0.0000e+00
-4.075 -1.825 0.0000e+00
-4.075 -1.775 0.0000e+00
-4.075 -1.725 0.0000e+00
-4.075 -1.675 0.0000e+00
-4.075 -1.625 0.0000e+00
-4.075 -1.575 0.0000e+00
-4.075 -1.525 0.0000e+00
-4.075 -1.475 0.0000e+00
-4.075 -1.425 0.0000e+00
-4.075 -1.375 0.0000e+00
-4.075 -1.325 0.0000e+00
-4.075 -1.275 0.0000e+00
-4.075 -1.225 0.0000e+00
-4.075 -1.175 0.0000e+00
-4.075 -1.125 0.0000e+00
-4.075 -1.075 0.0000e+00
-4.075 -1.025 0.0000e+00
-4.075 -0.975 0.0000e+00
-4.075 -0.925 0.0000e+00
-4.075 -0.875 0.0000e+00
-4.075 -0.825 0.0000e+00
-4.075 -0.775 0.0000e+00
-4.075 -0.725 0.0000e+00
-4.075 -0.675 0.0000e+00
-4.075 -0.625 0.0000e+00
-4.075 -0.575 0.0000e+00
-4.075 -0.525 0.0000e+00
-4.075 -0.475 0.0000e+00
-4.075 -0.425 0.0000e+00
-4.075 -0.375 0.0000e+00
-4.075 -0.325 0.0000e+00
-4.075 -0.275 0.0000e+00
-4.075 -0.225 0.0000e+00
-4.075 -0.175 0.0000e+00
-4.075 -0.125 0.0000e+00
-4.075 -0.075 0.0000e+00
-4.075 -0.025 0.0000e+00
-4.075 0.025 0.0000e+00
-4.075 0.075 0.0000e+00
-4.075 0.125 0.0000e+00
-4.075 0.175 0.0000e+00
-4.075 0.225 0.0000e+00
-4.075 0.275 0.0000e+00
-4.075 0.325 0.0000e+00
-4.075 0.375 0.0000e+00
-4.075 0.425 0.0000e+00
-4.075 0.475 0.0000e+00
-4.075 0.525 0.0000e+00
-4.075 0.575 0.0000e+00
-4.075 0.625 0.0000e+00
-4.075 0.675 0.0000e+00
-4.075 0.725 0.0000e+00
-4.075 0.775 0.0000e+00
-4.075 0.825 0.0000e+00
-4.075 0.875 0.0000e+00
-4.075 0.925 0.0000e+00
-4.075 0.975 0.0000e+00
-4.075 1.025 0.0000e+00
-4.075 1.075 0.0000e+00
-4.075 1.125 6.7550e-15
-4.075 1.175 1.3491e-14
-4.075 1.225 2.6946e-14
-4.075 1.275 5.3828e-14
-4.075 1.325 1.0754e-13
-4.075 1.375 2.1490e-13
-4.075 1.425 4.2951e-13
-4.075 1.475 8.5860e-13
-4.075 1.525 1.7168e-12
-4.075 1.575 3.4335e-12
-4.075 1.625 6.8690e-12
-4.075 1.675 1.3747e-11
-4.075 1.725 2.7520e-11
-4.075 1.775 5.5117e-11
-4.075 1.825 1.1044e-10
-4.075 1.875 2.2140e-10
-4.075 1.925 4.4412e-10
-4.075 1.975 8.9145e-10
-4.075 2.025 1.7907e-09
-4.075 2.075 3.5998e-09
-4.075 2.125 7.2436e-09
-4.075 2.175 1.4591e-08
-4.075 2.225 2.9425e-08
-4.075 2.275 5.9417e-08
-4.075 2.325 1.2016e-07
-4.075 2.375 2.4339e-07
-4.075 2.425 4.9394e-07
-4.075 2.475 1.0045e-06
-4.075 2.525 2.0476e-06
-4.075 2.575 4.1850e-06
-4.075 2.625 8.5789e-06
-4.075 2.675 1.7645e-05
-4.075 2.725 3.6429e-05
-4.075 2.775 7.5527e-05
-4.075 2.825 1.5733e-04
-4.075 2.875 3.2951e-04
-4.075 2.925 6.9425e-04
-4.075 2.975 1.4726e-03
-4.075 3.025 3.1471e-03
-4.075 3.075 6.7826e-03
-4.075 3.125 1.4754e-02
-4.075 3.175 3.2427e-02
-4.075 3.225 7.2074e-02
-4.075 3.275 1.6214e-01
-4.075 3.325 3.6939e-01
-4.075 3.375 8.5235e-01
-4.075 3.425 1.9903e+00
-4.075 3.475 4.6922e+00
-4.075 3.525 1.1116e+01
-4.075 3.575 2.6255e+01
-4.075 3.625 6.1151e+01
-4.075 3.675 1.3890e+02
-4.075 3.725 3.0765e+02
-4.075 3.775 6.8854e+02
-4.075 3.825 1.6689e+03
-4.075 3.875 0.0000e+00
-4.075 3.925 0.0000e+00
-4.075 3.975 0.0000e+00
-4.025 -1.975 0.0000e+00
-4.025 -1.925 0.0000e+00
-4.025 -1.875 0.0000e+00
-4.025 -1.825 0.0000e+00
-4.025 -1.775 0.0000e+00
-4.025 -1.725 0.0000e+00
-4.025 -1.675 0.0000e+00
-4.025 -1.625 0.0000e+00
-4.025 -1.575 0.0000e+00
-4.025 -1.525 0.0000e+00
-4.025 -1.475 0.0000e+00
-4.025 -1.425 0.0000e+00
-4.025 -1.375 0.0000e+00
-4.025 -1.325 0.0000e+00
-4.025 -1.275 0.0000e+00
-4.025 -1.225 0.0000e+00
-4.025 -1.175 0.0000e+00
-4.025 -1.125 0.0000e+00
-4.025 -1.075 0.0000e+00
-4.025 -1.025 0.0000e+00
-4.025 -0.975 0.0000e+00
-4.025 -0.925 0.0000e+00
-4.025 -0.875 0.0000e+00
-4.025 -0.825 0.0000e+00
-4.025 -0.775 0.0000e+00
-4.025 -0.725 0.0000e+00
-4.025 -0.675 0.0000e+00
-4.025 -0.625 0.0000e+00
-4.025 -0.575 0.0000e+00
-4.025 -0.525 0.0000e+00
-4.025 -0.475 0.0000e+00
-4.025 -0.425 0.0000e+00
-4.025 -0.375 0.0000e+00
-4.025 -0.325 0.0000e+00
-4.025 -0.275 0.0000e+00
-4.025 -0.225 0.0000e+00
-4.025 -0.175 0.0000e+00
-4.025 -0.125 0.0000e+00
-4.025 -0.075 0.0000e+00
-4.025 -0.025 0.0000e+00
-4.025 0.025 0.0000e+00
-4.025 0.075 0.0000e+00
-4.025 0.125 0.0000e+00
-4.025 0.175 0.0000e+00
-4.025 0.225 0.0000e+00
-4.025 0.275 0.0000e+00
-4.025 0.325 0.0000e+00
-4.025 0.375 0.0000e+00
-4.025 0.425 0.0000e+00
-4.025 0.475 0.0000e+00
-4.025 0.525 0.0000e+00
-4.025 0.575 0.0000e+00
-4.025 0.625 0.0000e+00
-4.025 0.675 0.0000e+00
-4.025 0.725 0.0000e+00
-4.025 0.775 0.0000e+00
-4.025 0.825 0.0000e+00
-4.025 0.875 0.0000e+00
-4.025 0.925 0.0000e+00
-4.025 0.975 0.0000e+00
-4.025 1.025 0.0000e+00
-4.025 1.075 0.0000e+00
-4.025 1.125 8.5040e-15
-4.025 1.175 1.6984e-14
-4.025 1.225 3.3923e-14
-4.025 1.275 6.7766e-14
-4.025 1.325 1.3539e-13
-4.025 1.375 2.7055e-13
-4.025 1.425 5.4072e-13
-4.025 1.475 1.0809e-12
-4.025 1.525 2.1613e-12
-4.025 1.575 4.3225e-12
-4.025 1.625 8.6476e-12
-4.025 1.675 1.7306e-11
-4.025 1.725 3.4646e-11
-4.025 1.775 6.9388e-11
-4.025 1.825 1.3903e-10
-4.025 1.875 2.7873e-10
-4.025 1.925 5.5911e-10
-4.025 1.975 1.1223e-09
-4.025 2.025 2.2543e-09
-4.025 2.075 4.5319e-09
-4.025 2.125 9.1190e-09
-4.025 2.175 1.8368e-08
-4.025 2.225 3.7042e-08
-4.025 2.275 7.4799e-08
-4.025 2.325 1.5126e-07
-4.025 2.375 3.0640e-07
-4.025 2.425 6.2179e-07
-4.025 2.475 1.2645e-06
-4.025 2.525 2.5775e-06
-4.025 2.575 5.2678e-06
-4.025 2.625 1.0798e-05
-4.025 2.675 2.2208e-05
-4.025 2.725 4.5846e-05
-4.025 2.775 9.5044e-05
-4.025 2.825 1.9797e-04
-4.025 2.875 4.1456e-04
-4.025 2.925 8.7328e-04
-4.025 2.975 1.8519e-03
-4.025 3.025 3.9567e-03
-4.025 3.075 8.5240e-03
-4.025 3.125 1.8533e-02
-4.025 3.175 4.0707e-02
-4.025 3.225 9.0404e-02
-4.025 3.275 2.0316e-01
-4.025 3.325 4.6223e-01
-4.025 3.375 1.0647e+00
-4.025 3.425 2.4808e+00
-4.025 3.475 5.8330e+00
-4.025 3.525 1.3775e+01
-4.025 3.575 3.2422e+01
-4.025 3.625 7.5265e+01
-4.025 3.675 1.7054e+02
-4.025 3.725 3.7717e+02
-4.025 3.775 8.4042e+02
-4.025 3.825 1.9846e+03
-4.025 3.875 0.0000e+00
-4.025 3.925 0.0000e+00
-4.025 3.975 0.0000e+00
-3.975 -1.975 0.0000e+00
-3.975 -1.925 0.0000e+00
-3.975 -1.875 0.0000e+00
-3.975 -1.825 0.0000e+00
-3.975 -1.775 0.0000e+00
-3.975 -1.725 0.0000e+00
-3.975 -1.675 0.0000e+00
-3.975 -1.625 0.0000e+00
-3.975 -1.575 0.0000e+00
-3.975 -1.525 0.0000e+00
-3.975 -1.475 0.0000e+00
-3.975 -1.425 0.0000e+00
-3.975 -1.375 0.0000e+00
-3.975 -1.325 0.0000e+00
-3.975 -1.275 0.0000e+00
-3.975 -1.225 0.0000e+00
-3.975 -1.175 0.0000e+00
-3.975 -1.125 0.0000e+00
-3.975 -1.075 0.0000e+00
-3.975 -1.025 0.0000e+00
-3.975 -0.975 0.0000e+00
-3.975 -0.925 0.0000e+00
-3.975 -0.875 0.0000e+00
-3.975 -0.825 0.0000e+00
-3.975 -0.775 0.0000e+00
-3.975 -0.725 0.0000e+00
-3.975 -0.675 0.0000e+00
-3.975 -0.625 0.0000e+00
-3.975 -0.575 0.0000e+00
-3.975 -0.525 0.0000e+00
-3.975 -0.475 0.0000e+00
-3.975 -0.425 0.0000e+00
-3.975 -0.375 0.0000e+00
-3.975 -0.325 0.0000e+00
-3.975 -0.275 0.0000e+00
-3.975 -0.225 0.0000e+00
-3.975 -0.175 0.0000e+00
-3.975 -0.125 0.0000e+00
-3.975 -0.075 0.0000e+00
-3.975 -0.025 0.0000e+00
-3.975 0.025 0.0000e+00
-3.975 0.075 0.0000e+00
-3.975 0.125 0.0000e+00
-3.975 0.175 0.0000e+00
-3.975 0.225 0.0000e+00
-3.975 0.275 0.0000e+00
-3.975 0.325 0.0000e+00
-3.975 0.375 0.0000e+00
-3.975 0.425 0.0000e+00
-3.975 0.475 0.0000e+00
-3.975 0.525 0.0000e+00
-3.975 0.575 0.0000e+00
-3.975 0.625 0.0000e+00
-3.975 0.675 0.0000e+00
-3.975 0.725 0.0000e+00
-3.975 0.775 0.0000e+00
-3.975 0.825 0.0000e+00
-3.975 0.875 0.0000e+00
-3.975 0.925 0.0000e+00
-3.975 0.975 0.0000e+00
-3.975 1.025 0.0000e+00
-3.975 1.075 0.0000e+00
-3.975 1.125 1.0706e-14
-3.975 1.175 2.1381e-14
-3.975 1.225 4.2706e-14
-3.975 1.275 8.5312e-14
-3.975 1.325 1.7045e-13
-3.975 1.375 3.4060e-13
-3.975 1.425 6.8072e-13
-3.975 1.475 1.3608e-12
-3.975 1.525 2.7209e-12
-3.975 1.575 5.4417e-12
-3.975 1.625 1.0887e-11
-3.975 1.675 2.1787e-11
-3.975 1.725 4.3616e-11
-3.975 1.775 8.7355e-11
-3.975 1.825 1.7503e-10
-3.975 1.875 3.5090e-10
-3.975 1.925 7.0387e-10
-3.975 1.975 1.4128e-09
-3.975 2.025 2.8379e-09
-3.975 2.075 5.7052e-09
-3.975 2.125 1.1480e-08
-3.975 2.175 2.3124e-08
-3.975 2.225 4.6632e-08
-3.975 2.275 9.4162e-08
-3.975 2.325 1.9042e-07
-3.975 2.375 3.8570e-07
-3.975 2.425 7.8271e-07
-3.975 2.475 1.5917e-06
-3.975 2.525 3.2444e-06
-3.975 2.575 6.6304e-06
-3.975 2.625 1.3591e-05
-3.975 2.675 2.7950e-05
-3.975 2.725 5.7694e-05
-3.975 2.775 1.1959e-04
-3.975 2.825 2.4907e-04
-3.975 2.875 5.2147e-04
-3.975 2.925 1.0983e-03
-3.975 2.975 2.3283e-03
-3.975 3.025 4.9727e-03
-3.975 3.075 1.0708e-02
-3.975 3.125 2.3267e-02
-3.975 3.175 5.1064e-02
-3.975 3.225 1.1329e-01
-3.975 3.275 2.5425e-01
-3.975 3.325 5.7749e-01
-3.975 3.375 1.3274e+00
-3.975 3.425 3.0844e+00
-3.975 3.475 7.2277e+00
-3.975 3.525 1.7001e+01
-3.975 3.575 3.9840e+01
-3.975 3.625 9.2088e+01
-3.975 3.675 2.0794e+02
-3.975 3.725 4.5873e+02
-3.975 3.775 1.0159e+03
-3.975 3.825 2.3292e+03
-3.975 3.875 0.0000e+00
-3.975 3.925 0.0000e+00
-3.975 3.975 0.0000e+00
-3.925 -1.975 0.0000e+00
-3.925 -1.925 0.0000e+00
-3.925 -1.875 0.0000e+00
-3.925 -1.825 0.0000e+00
-3.925 -1.775 0.0000e+00
-3.925 -1.725 0.0000e+00
-3.925 -1.675 0.0000e+00
-3.925 -1.625 0.0000e+00
-3.925 -1.575 0.0000e+00
-3.925 -1.525 0.0000e+00
-3.925 -1.475 0.0000e+00
-3.925 -1.425 0.0000e+00
-3.925 -1.375 0.0000e+00
-3.925 -1.325 0.0000e+00
-3.925 -1.275 0.0000e+00
-3.925 -1.225 0.0000e+00
-3.925 -1.175 0.0000e+00
-3.925 -1.125 0.0000e+00
-3.925 -1.075 0.0000e+00
-3.925 -1.025 0.0000e+00
-3.925 -0.975 0.0000e+00
-3.925 -0.925 0.0000e+00
-3.925 -0.875 0.0000e+00
-3.925 -0.825 0.0000e+00
-3.925 -0.775 0.0000e+00
-3.925 -0.725 0.0000e+00
-3.925 -0.675 0.0000e+00
-3.925 -0.625 0.0000e+00
-3.925 -0.575 0.0000e+00
-3.925 -0.525 0.0000e+00
-3.925 -0.475 0.0000e+00
-3.925 -0.425 0.0000e+00
-3.925 -0.375 0.0000e+00
-3.925 -0.325 0.0000e+00
-3.925 -0.275 0.0000e+00
-3.925 -0.225 0.0000e+00
-3.925 -0.175 0.0000e+00
-3.925 -0.125 0.0000e+00
-3.925 -0.075 0.0000e+00
-3.925 -0.025 0.0000e+00
-3.925 0.025 0.0000e+00
-3.925 0.075 0.0000e+00
-3.925 0.125 0.0000e+00
-3.925 0.175 0.0000e+00
-3.925 0.225 0.0000e+00
-3.925 0.275 0.0000e+00
-3.925 0.325 0.0000e+00
-3.925 0.375 0.0000e+00
-3.925 0.425 0.0000e+00
-3.925 0.475 0.0000e+00
-3.925 0.525 0.0000e+00
-3.925 0.575 0.0000e+00
-3.925 0.625 0.0000e+00
-3.925 0.675 0.0000e+00
-3.925 0.725 0.0000e+00
-3.925 0.775 0.0000e+00
-3.925 0.825 0.0000e+00
-3.925 0.875 0.0000e+00
-3.925 0.925 0.0000e+00
-3.925 0.975 0.0000e+00
-3.925 1.025 0.0000e+00
-3.925 1.075 0.0000e+00
-3.925 1.125 1.3478e-14
-3.925 1.175 2.6917e-14
-3.925 1.225 5.3764e-14
-3.925 1.275 1.0740e-13
-3.925 1.325 2.1458e-13
-3.925 1.375 4.2878e-13
-3.925 1.425 8.5698e-13
-3.925 1.475 1.7131e-12
-3.925 1.525 3.4254e-12
-3.925 1.575 6.8507e-12
-3.925 1.625 1.3705e-11
-3.925 1.675 2.7428e-11
-3.925 1.725 5.4910e-11
-3.925 1.775 1.0997e-10
-3.925 1.825 2.2035e-10
-3.925 1.875 4.4175e-10
-3.925 1.925 8.8611e-10
-3.925 1.975 1.7786e-09
-3.925 2.025 3.5727e-09
-3.925 2.075 7.1822e-09
-3.925 2.125 1.4452e-08
-3.925 2.175 2.9110e-08
-3.925 2.225 5.8703e-08
-3.925 2.275 1.1854e-07
-3.925 2.325 2.3970e-07
-3.925 2.375 4.8552e-07
-3.925 2.425 9.8526e-07
-3.925 2.475 2.0035e-06
-3.925 2.525 4.0836e-06
-3.925 2.575 8.3452e-06
-3.925 2.625 1.7104e-05
-3.925 2.675 3.5173e-05
-3.925 2.725 7.2596e-05
-3.925 2.775 1.5046e-04
-3.925 2.825 3.1331e-04
-3.925 2.875 6.5582e-04
-3.925 2.925 1.3808e-03
-3.925 2.975 2.9263e-03
-3.925 3.025 6.2468e-03
-3.925 3.075 1.3443e-02
-3.925 3.125 2.9189e-02
-3.925 3.175 6.3997e-02
-3.925 3.225 1.4180e-01
-3.925 3.275 3.1771e-01
-3.925 3.325 7.2009e-01
-3.925 3.375 1.6507e+00
-3.925 3.425 3.8225e+00
-3.925 3.475 8.9198e+00
-3.925 3.525 2.0876e+01
-3.925 3.575 4.8651e+01
-3.925 3.625 1.1183e+02
-3.925 3.675 2.5131e+02
-3.925 3.725 5.5217e+02
-3.925 3.775 1.2125e+03
-3.925 3.825 2.6898e+03
-3.925 3.875 0.0000e+00
-3.925 3.925 0.0000e+00
-3.925 3.975 0.0000e+00
-3.875 -1.975 0.0000e+00
-3.875 -1.925 0.0000e+00
-3.875 -1.875 0.0000e+00
-3.875 -1.825 0.0000e+00
-3.875 -1.775 0.0000e+00
-3.875 -1.725 0.0000e+00
-3.875 -1.675 0.0000e+00
-3.875 -1.625 0.0000e+00
-3.875 -1.575 0.0000e+00
-3.875 -1.525 0.0000e+00
-3.875 -1.475 0.0000e+00
-3.875 -1.425 0.0000e+00
-3.875 -1.375 0.0000e+00
-3.875 -1.325 0.0000e+00
-3.875 -1.275 0.0000e+00
-3.875 -1.225 0.0000e+00
-3.875 -1.175 0.0000e+00
-3.875 -1.125 0.0000e+00
-3.875 -1.075 0.0000e+00
-3.875 -1.025 0.0000e+00
-3.875 -0.975 0.0000e+00
-3.875 -0.925 0.0000e+00
-3.875 -0.875 0.0000e+00
-3.875 -0.825 0.0000e+00
-3.875 -0.775 0.0000e+00
-3.875 -0.725 0.0000e+00
-3.875 -0.675 0.0000e+00
-3.875 -0.625 0.0000e+00
-3.875 -0.575 0.0000e+00
-3.875 -0.525 0.0000e+00
-3.875 -0.475 0.0000e+00
-3.875 -0.425 0.0000e+00
-3.875 -0.375 0.0000e+00
-3.875 -0.325 0.0000e+00
-3.875 -0.275 0.0000e+00
-3.875 -0.225 0.0000e+00
-3.875 -0.175 0.0000e+00
-3.875 -0.125 0.0000e+00
-3.875 -0.075 0.0000e+00
-3.875 -0.025 0.0000e+00
-3.875 0.025 0.0000e+00
-3.875 0.075 0.0000e+00
-3.875 0.125 0.0000e+00
-3.875 0.175 0.0000e+00
-3.875 0.225 0.0000e+00
-3.875 0.275 0.0000e+00
-3.875 0.325 0.0000e+00
-3.875 0.375 0.0000e+00
-3.875 0.425 0.0000e+00
-3.875 0.475 0.0000e+00
-3.875 0.525 0.0000e+00
-3.875 0.575 0.0000e+00
-3.875 0.625 0.0000e+00
-3.875 0.675 0.0000e+00
-3.875 0.725 0.0000e+00
-3.875 0.775 0.0000e+00
-3.875 0.825 0.0000e+00
-3.875 0.875 0.0000e+00
-3.875 0.925 0.0000e+00
-3.875 0.975 0.0000e+00
-3.875 1.025 0.0000e+00
-3.875 1.075 0.0000e+00
-3.875 1.125 1.6968e-14
-3.875 1.175 3.3887e-14
-3.875 1.225 6.7685e-14
-3.875 1.275 1.3521e-13
-3.875 1.325 2.7014e-13
-3.875 1.375 5.3981e-13
-3.875 1.425 1.0789e-12
-3.875 1.475 2.1567e-12
-3.875 1.525 4.3123e-12
-3.875 1.575 8.6245e-12
-3.875 1.625 1.7254e-11
-3.875 1.675 3.4529e-11
-3.875 1.725 6.9127e-11
-3.875 1.775 1.3845e-10
-3.875 1.825 2.7740e-10
-3.875 1.875 5.5612e-10
-3.875 1.925 1.1155e-09
-3.875 1.975 2.2391e-09
-3.875 2.025 4.4976e-09
-3.875 2.075 9.0416e-09
-3.875 2.125 1.8193e-08
-3.875 2.175 3.6646e-08
-3.875 2.225 7.3899e-08
-3.875 2.275 1.4922e-07
-3.875 2.325 3.0174e-07
-3.875 2.375 6.1116e-07
-3.875 2.425 1.2402e-06
-3.875 2.475 2.5218e-06
-3.875 2.525 5.1397e-06
-3.875 2.575 1.0503e-05
-3.875 2.625 2.1525e-05
-3.875 2.675 4.4258e-05
-3.875 2.725 9.1336e-05
-3.875 2.775 1.8927e-04
-3.875 2.825 3.9403e-04
-3.875 2.875 8.2456e-04
-3.875 2.925 1.7355e-03
-3.875 2.975 3.6762e-03
-3.875 3.025 7.8432e-03
-3.875 3.075 1.6866e-02
-3.875 3.125 3.6585e-02
-3.875 3.175 8.0112e-02
-3.875 3.225 1.7722e-01
-3.875 3.275 3.9625e-01
-3.875 3.325 8.9571e-01
-3.875 3.375 2.0463e+00
-3.875 3.425 4.7184e+00
-3.875 3.475 1.0952e+01
-3.875 3.525 2.5473e+01
-3.875 3.575 5.8947e+01
-3.875 3.625 1.3452e+02
-3.875 3.675 3.0031e+02
-3.875 3.725 6.5568e+02
-3.875 3.775 1.4231e+03
-3.875 3.825 3.0446e+03
-3.875 3.875 0.0000e+00
-3.875 3.925 0.0000e+00
-3.875 3.975 0.0000e+00
-3.825 -1.975 0.0000e+00
-3.825 -1.925 0.0000e+00
-3.825 -1.875 0.0000e+00
-3.825 -1.825 0.0000e+00
-3.825 -1.775 0.0000e+00
-3.825 -1.725 0.0000e+00
-3.825 -1.675 0.0000e+00
-3.825 -1.625 0.0000e+00
-3.825 -1.575 0.0000e+00
-3.825 -1.525 0.0000e+00
-3.825 -1.475 0.0000e+00
-3.825 -1.425 0.0000e+00
-3.825 -1.375 0.0000e+00
-3.825 -1.325 0.0000e+00
-3.825 -1.275 0.0000e+00
-3.825 -1.225 0.0000e+00
-3.825 -1.175 0.0000e+00
-3.825 -1.125 0.0000e+00
-3.825 -1.075 0.0000e+00
-3.825 -1.025 0.0000e+00
-3.825 -0.975 0.0000e+00
-3.825 -0.925 0.0000e+00
-3.825 -0.875 0.0000e+00
-3.825 -0.825 0.0000e+00
-3.825 -0.775 0.0000e+00
-3.825 -0.725 0.0000e+00
-3.825 -0.675 0.0000e+00
-3.825 -0.625 0.0000e+00
-3.825 -0.575 0.0000e+00
-3.825 -0.525 0.0000e+00
-3.825 -0.475 0.0000e+00
-3.825 -0.425 0.0000e+00
-3.825 -0.375 0.0000e+00
-3.825 -0.325 0.0000e+00
-3.825 -0.275 0.0000e+00
-3.825 -0.225 0.0000e+00
-3.825 -0.175 0.0000e+00
-3.825 -0.125 0.0000e+00
-3.825 -0.075 0.0000e+00
-3.825 -0.025 0.0000e+00
-3.825 0.025 0.0000e+00
-3.825 0.075 0.0000e+00
-3.825 0.125 0.0000e+00
-3.825 0.175 0.0000e+00
-3.825 0.225 0.0000e+00
-3.825 0.275 0.0000e+00
-3.825 0.325 0.0000e+00
-3.825 0.375 0.0000e+00
-3.825 0.425 0.0000e+00
-3.825 0.475 0.0000e+00
-3.825 0.525 0.0000e+00
-3.825 0.575 0.0000e+00
-3.825 0.625 0.0000e+00
-3.825 0.675 0.0000e+00
-3.825 0.725 0.0000e+00
-3.825 0.775 0.0000e+00
-3.825 0.825 0.0000e+00
-3.825 0.875 0.0000e+00
-3.825 0.925 0.0000e+00
-3.825 0.975 0.0000e+00
-3.825 1.025 0.0000e+00
-3.825 1.075 0.0000e+00
-3.825 1.125 2.1361e-14
-3.825 1.175 4.2661e-14
-3.825 1.225 8.5210e-14
-3.825 1.275 1.7022e-13
-3.825 1.325 3.4009e-13
-3.825 1.375 6.7958e-13
-3.825 1.425 1.3582e-12
-3.825 1.475 2.7151e-12
-3.825 1.525 5.4288e-12
-3.825 1.575 1.0858e-11
-3.825 1.625 2.1721e-11
-3.825 1.675 4.3470e-11
-3.825 1.725 8.7025e-11
-3.825 1.775 1.7429e-10
-3.825 1.825 3.4923e-10
-3.825 1.875 7.0011e-10
-3.825 1.925 1.4043e-09
-3.825 1.975 2.8188e-09
-3.825 2.025 5.6620e-09
-3.825 2.075 1.1382e-08
-3.825 2.125 2.2903e-08
-3.825 2.175 4.6131e-08
-3.825 2.225 9.3026e-08
-3.825 2.275 1.8783e-07
-3.825 2.325 3.7982e-07
-3.825 2.375 7.6929e-07
-3.825 2.425 1.5610e-06
-3.825 2.475 3.1740e-06
-3.825 2.525 6.4685e-06
-3.825 2.575 1.3217e-05
-3.825 2.625 2.7084e-05
-3.825 2.675 5.5682e-05
-3.825 2.725 1.1489e-04
-3.825 2.775 2.3804e-04
-3.825 2.825 4.9542e-04
-3.825 2.875 1.0364e-03
-3.825 2.925 2.1803e-03
-3.825 2.975 4.6158e-03
-3.825 3.025 9.8406e-03
-3.825 3.075 2.1141e-02
-3.825 3.125 4.5802e-02
-3.825 3.175 1.0014e-01
-3.825 3.225 2.2107e-01
-3.825 3.275 4.9302e-01
-3.825 3.325 1.1107e+00
-3.825 3.375 2.5267e+00
-3.825 3.425 5.7952e+00
-3.825 3.475 1.3363e+01
-3.825 3.525 3.0837e+01
-3.825 3.575 7.0725e+01
-3.825 3.625 1.5989e+02
-3.825 3.675 3.5371e+02
-3.825 3.725 7.6497e+02
-3.825 3.775 1.6345e+03
-3.825 3.825 3.3608e+03
-3.825 3.875 0.0000e+00
-3.825 3.925 0.0000e+00
-3.825 3.975 0.0000e+00
-3.775 -1.975 0.0000e+00
-3.775 -1.925 0.0000e+00
-3.775 -1.875 0.0000e+00
-3.775 -1.825 0.0000e+00
-3.775 -1.775 0.0000e+00
-3.775 -1.725 0.0000e+00
-3.775 -1.675 0.0000e+00
-3.775 -1.625 0.0000e+00
-3.775 -1.575 0.0000e+00
-3.775 -1.525 0.0000e+00
-3.775 -1.475 0.0000e+00
-3.775 -1.425 0.0000e+00
-3.775 -1.375 0.0000e+00
-3.775 -1.325 0.0000e+00
-3.775 -1.275 0.0000e+00
-3.775 -1.225 0.0000e+00
-3.775 -1.175 0.0000e+00
-3.775 -1.125 0.0000e+00
-3.775 -1.075 0.0000e+00
-3.775 -1.025 0.0000e+00
-3.775 -0.975 0.0000e+00
-3.775 -0.925 0.0000e+00
-3.775 -0.875 0.0000e+00
-3.775 -0.825 0.0000e+00
-3.775 -0.775 0.0000e+00
-3.775 -0.725 0.0000e+00
-3.775 -0.675 0.0000e+00
-3.775 -0.625 0.0000e+00
-3.775 -0.575 0.0000e+00
-3.775 -0.525 0.0000e+00
-3.775 -0.475 0.0000e+00
-3.775 -0.425 0.0000e+00
-3.775 -0.375 0.0000e+00
-3.775 -0.325 0.0000e+00
-3.775 -0.275 0.0000e+00
-3.775 -0.225 0.0000e+00
-3.775 -0.175 0.0000e+00
-3.775 -0.125 0.0000e+00
-3.775 -0.075 0.0000e+00
-3.775 -0.025 0.0000e+00
-3.775 0.025 0.0000e+00
-3.775 0.075 0.0000e+00
-3.775 0.125 0.0000e+00
-3.775 0.175 0.0000e+00
-3.775 0.225 0.0000e+00
-3.775 0.275 0.0000e+00
-3.775 0.325 0.0000e+00
-3.775 0.375 0.0000e+00
-3.775 0.425 0.0000e+00
-3.775 0.475 0.0000e+00
-3.775 0.525 0.0000e+00
-3.775 0.575 0.0000e+00
-3.775 0.625 0.0000e+00
-3.775 0.675 0.0000e+00
-3.775 0.725 0.0000e+00
-3.775 0.775 0.0000e+00
-3.775 0.825 0.0000e+00
-3.775 0.875 0.0000e+00
-3.775 0.925 0.0000e+00
-3.775 0.975 0.0000e+00
-3.775 1.025 0.0000e+00
-3.775 1.075 0.0000e+00
-3.775 1.125 2.6892e-14
-3.775 1.175 5.3707e-14
-3.775 1.225 1.0727e-13
-3.775 1.275 2.1429e-13
-3.775 1.325 4.2814e-13
-3.775 1.375 8.5553e-13
-3.775 1.425 1.7099e-12
-3.775 1.475 3.4181e-12
-3.775 1.525 6.8344e-12
-3.775 1.575 1.3669e-11
-3.775 1.625 2.7346e-11
-3.775 1.675 5.4725e-11
-3.775 1.725 1.0956e-10
-3.775 1.775 2.1942e-10
-3.775 1.825 4.3964e-10
-3.775 1.875 8.8137e-10
-3.775 1.925 1.7679e-09
-3.775 1.975 3.5485e-09
-3.775 2.025 7.1277e-09
-3.775 2.075 1.4329e-08
-3.775 2.125 2.8831e-08
-3.775 2.175 5.8071e-08
-3.775 2.225 1.1710e-07
-3.775 2.275 2.3644e-07
-3.775 2.325 4.7809e-07
-3.775 2.375 9.6830e-07
-3.775 2.425 1.9647e-06
-3.775 2.475 3.9946e-06
-3.775 2.525 8.1403e-06
-3.775 2.575 1.6631e-05
-3.775 2.625 3.4076e-05
-3.775 2.675 7.0045e-05
-3.775 2.725 1.4450e-04
-3.775 2.775 2.9929e-04
-3.775 2.825 6.2269e-04
-3.775 2.875 1.3020e-03
-3.775 2.925 2.7377e-03
-3.775 2.975 5.7917e-03
-3.775 3.025 1.2336e-02
-3.775 3.075 2.6470e-02
-3.775 3.125 5.7261e-02
-3.775 3.175 1.2494e-01
-3.775 3.225 2.7513e-01
-3.775 3.275 6.1158e-01
-3.775 3.325 1.3721e+00
-3.775 3.375 3.1048e+00
-3.775 3.425 7.0736e+00
-3.775 3.475 1.6177e+01
-3.775 3.525 3.6964e+01
-3.775 3.575 8.3826e+01
-3.775 3.625 1.8721e+02
-3.775 3.675 4.0900e+02
-3.775 3.725 8.7243e+02
-3.775 3.775 1.8254e+03
-3.775 3.825 3.5944e+03
-3.775 3.875 0.0000e+00
-3.775 3.925 0.0000e+00
-3.775 3.975 0.0000e+00
-3.725 -1.975 0.0000e+00
-3.725 -1.925 0.0000e+00
-3.725 -1.875 0.0000e+00
-3.725 -1.825 0.0000e+00
-3.725 -1.775 0.0000e+00
-3.725 -1.725 0.0000e+00
-3.725 -1.675 0.0000e+00
-3.725 -1.625 0.0000e+00
-3.725 -1.575 0.0000e+00
-3.725 -1.525 0.0000e+00
-3.725 -1.475 0.0000e+00
-3.725 -1.425 0.0000e+00
-3.725 -1.375 0.0000e+00
-3.725 -1.325 0.0000e+00
-3.725 -1.275 0.0000e+00
-3.725 -1.225 0.0000e+00
-3.725 -1.175 0.0000e+00
-3.725 -1.125 0.0000e+00
-3.725 -1.075 0.0000e+00
-3.725 -1.025 0.0000e+00
-3.725 -0.975 0.0000e+00
-3.725 -0.925 0.0000e+00
-3.725 -0.875 0.0000e+00
-3.725 -0.825 0.0000e+00
-3.725 -0.775 0.0000e+00
-3.725 -0.725 0.0000e+00
-3.725 -0.675 0.0000e+00
-3.725 -0.625 0.0000e+00
-3.725 -0.575 0.0000e+00
-3.725 -0.525 0.0000e+00
-3.725 -0.475 0.0000e+00
-3.725 -0.425 0.0000e+00
-3.725 -0.375 0.0000e+00
-3.725 -0.325 0.0000e+00
-3.725 -0.275 0.0000e+00
-3.725 -0.225 0.0000e+00
-3.725 -0.175 0.0000e+00
-3.725 -0.125 0.0000e+00
-3.725 -0.075 0.0000e+00
-3.725 -0.025 0.0000e+00
-3.725 0.025 0.0000e+00
-3.725 0.075 0.0000e+00
-3.725 0.125 0.0000e+00
-3.725 0.175 0.0000e+00
-3.725 0.225 0.0000e+00
-3.725 0.275 0.0000e+00
-3.725 0.325 0.0000e+00
-3.725 0.375 0.0000e+00
-3.725 0.425 0.0000e+00
-3.725 0.475 0.0000e+00
-3.725 0.525 0.0000e+00
-3.725 0.575 0.0000e+00
-3.725 0.625 0.0000e+00
-3.725 0.675 0.0000e+00
-3.725 0.725 0.0000e+00
-3.725 0.775 0.0000e+00
-3.725 0.825 0.0000e+00
-3.725 0.875 0.0000e+00
-3.725 0.925 0.0000e+00
-3.725 0.975 0.0000e+00
-3.725 1.025 0.0000e+00
-3.725 1.075 0.0000e+00
-3.725 1.125 3.3855e-14
-3.725 1.175 6.7613e-14
-3.725 1.225 1.3505e-13
-3.725 1.275 2.6978e-13
-3.725 1.325 5.3900e-13
-3.725 1.375 1.0771e-12
-3.725 1.425 2.1526e-12
-3.725 1.475 4.3031e-12
-3.725 1.525 8.6040e-12
-3.725 1.575 1.7208e-11
-3.725 1.625 3.4426e-11
-3.725 1.675 6.8894e-11
-3.725 1.725 1.3792e-10
-3.725 1.775 2.7623e-10
-3.725 1.825 5.5347e-10
-3.725 1.875 1.1095e-09
-3.725 1.925 2.2256e-09
-3.725 1.975 4.4672e-09
-3.725 2.025 8.9729e-09
-3.725 2.075 1.8038e-08
-3.725 2.125 3.6294e-08
-3.725 2.175 7.3101e-08
-3.725 2.225 1.4740e-07
-3.725 2.275 2.9762e-07
-3.725 2.325 6.0177e-07
-3.725 2.375 1.2187e-06
-3.725 2.425 2.4727e-06
-3.725 2.475 5.0269e-06
-3.725 2.525 1.0243e-05
-3.725 2.575 2.0924e-05
-3.725 2.625 4.2866e-05
-3.725 2.675 8.8094e-05
-3.725 2.725 1.8168e-04
-3.725 2.775 3.7619e-04
-3.725 2.825 7.8234e-04
-3.725 2.875 1.6349e-03
-3.725 2.925 3.4352e-03
-3.725 2.975 7.2607e-03
-3.725 3.025 1.5447e-02
-3.725 3.075 3.3097e-02
-3.725 3.125 7.1457e-02
-3.725 3.175 1.5554e-01
-3.725 3.225 3.4141e-01
-3.725 3.275 7.5582e-01
-3.725 3.325 1.6869e+00
-3.725 3.375 3.7918e+00
-3.725 3.425 8.5673e+00
-3.725 3.475 1.9393e+01
-3.725 3.525 4.3769e+01
-3.725 3.575 9.7855e+01
-3.725 3.625 2.1513e+02
-3.725 3.675 4.6208e+02
-3.725 3.725 9.6669e+02
-3.725 3.775 1.9678e+03
-3.725 3.825 3.6939e+03
-3.725 3.875 0.0000e+00
-3.725 3.925 0.0000e+00
-3.725 3.975 0.0000e+00
-3.675 -1.975 0.0000e+00
-3.675 -1.925 0.0000e+00
-3.675 -1.875 0.0000e+00
-3.675 -1.825 0.0000e+00
-3.675 -1.775 0.0000e+00
-3.675 -1.725 0.0000e+00
-3.675 -1.675 0.0000e+00
-3.675 -1.625 0.0000e+00
-3.675 -1.575 0.0000e+00
-3.675 -1.525 0.0000e+00
-3.675 -1.475 0.0000e+00
-3.675 -1.425 0.0000e+00
-3.675 -1.375 0.0000e+00
-3.675 -1.325 0.0000e+00
-3.675 -1.275 0.0000e+00
-3.675 -1.225 0.0000e+00
-3.675 -1.175 0.0000e+00
-3.675 -1.125 0.0000e+00
-3.675 -1.075 0.0000e+00
-3.675 -1.025 0.0000e+00
-3.675 -0.975 0.0000e+00
-3.675 -0.925 0.0000e+00
-3.675 -0.875 0.0000e+00
-3.675 -0.825 0.0000e+00
-3.675 -0.775 0.0000e+00
-3.675 -0.725 0.0000e+00
-3.675 -0.675 0.0000e+00
-3.675 -0.625 0.0000e+00
-3.675 -0.575 0.0000e+00
-3.675 -0.525 0.0000e+00
-3.675 -0.475 0.0000e+00
-3.675 -0.425 0.0000e+00
-3.675 -0.375 0.0000e+00
-3.675 -0.325 0.0000e+00
-3.675 -0.275 0.0000e+00
-3.675 -0.225 0.0000e+00
-3.675 -0.175 0.0000e+00
-3.675 -0.125 0.0000e+00
-3.675 -0.075 0.0000e+00
-3.675 -0.025 0.0000e+00
-3.675 0.025 0.0000e+00
-3.675 0.075 0.0000e+00
-3.675 0.125 0.0000e+00
-3.675 0.175 0.0000e+00
-3.675 0.225 0.0000e+00
-3.675 0.275 0.0000e+00
-3.675 0.325 0.0000e+00
-3.675 0.375 0.0000e+00
-3.675 0.425 0.0000e+00
-3.675 0.475 0.0000e+00
-3.675 0.525 0.0000e+00
-3.675 0.575 0.0000e+00
-3.675 0.625 0.0000e+00
-3.675 0.675 0.0000e+00
-3.675 0.725 0.0000e+00
-3.675 0.775 0.0000e+00
-3.675 0.825 0.0000e+00
-3.675 0.875 0.0000e+00
-3.675 0.925 0.0000e+00
-3.675 0.975 0.0000e+00
-3.675 1.025 0.0000e+00
-3.675 1.075 0.0000e+00
-3.675 1.125 4.2621e-14
-3.675 1.175 8.5120e-14
-3.675 1.225 1.7002e-13
-3.675 1.275 3.3963e-13
-3.675 1.325 6.7856e-13
-3.675 1.375 1.3559e-12
-3.675 1.425 2.7100e-12
-3.675 1.475 5.4173e-12
-3.675 1.525 1.0832e-11
-3.675 1.575 2.1663e-11
-3.675 1.625 4.3339e-11
-3.675 1.675 8.6731e-11
-3.675 1.725 1.7363e-10
-3.675 1.775 3.4774e-10
-3.675 1.825 6.9676e-10
-3.675 1.875 1.3968e-09
-3.675 1.925 2.8018e-09
-3.675 1.975 5.6236e-09
-3.675 2.025 1.1296e-08
-3.675 2.075 2.2707e-08
-3.675 2.125 4.5687e-08
-3.675 2.175 9.2017e-08
-3.675 2.225 1.8554e-07
-3.675 2.275 3.7461e-07
-3.675 2.325 7.5740e-07
-3.675 2.375 1.5338e-06
-3.675 2.425 3.1117e-06
-3.675 2.475 6.3255e-06
-3.675 2.525 1.2887e-05
-3.675 2.575 2.6322e-05
-3.675 2.625 5.3912e-05
-3.675 2.675 1.1077e-04
-3.675 2.725 2.2837e-04
-3.675 2.775 4.7264e-04
-3.675 2.825 9.8240e-04
-3.675 2.875 2.0516e-03
-3.675 2.925 4.3068e-03
-3.675 2.975 9.0926e-03
-3.675 3.025 1.9316e-02
-3.675 3.075 4.1309e-02
-3.675 3.125 8.8973e-02
-3.675 3.175 1.9306e-01
-3.675 3.225 4.2211e-01
-3.675 3.275 9.2972e-01
-3.675 3.325 2.0616e+00
-3.675 3.375 4.5960e+00
-3.675 3.425 1.0277e+01
-3.675 3.475 2.2969e+01
-3.675 3.525 5.1050e+01
-3.675 3.575 1.1211e+02
-3.675 3.625 2.4152e+02
-3.675 3.675 5.0717e+02
-3.675 3.725 1.0332e+03
-3.675 3.775 2.0298e+03
-3.675 3.825 3.6118e+03
-3.675 3.875 0.0000e+00
-3.675 3.925 0.0000e+00
-3.675 3.975 0.0000e+00
-3.625 -1.975 0.0000e+00
-3.625 -1.925 0.0000e+00
-3.625 -1.875 0.0000e+00
-3.625 -1.825 0.0000e+00
-3.625 -1.775 0.0000e+00
-3.625 -1.725 0.0000e+00
-3.625 -1.675 0.0000e+00
-3.625 -1.625 0.0000e+00
-3.625 -1.575 0.0000e+00
-3.625 -1.525 0.0000e+00
-3.625 -1.475 0.0000e+00
-3.625 -1.425 0.0000e+00
-3.625 -1.375 0.0000e+00
-3.625 -1.325 0.0000e+00
-3.625 -1.275 0.0000e+00
-3.625 -1.225 0.0000e+00
-3.625 -1.175 0.0000e+00
-3.625 -1.125 0.0000e+00
-3.625 -1.075 0.0000e+00
-3.625 -1.025 0.0000e+00
-3.625 -0.975 0.0000e+00
-3.625 -0.925 0.0000e+00
-3.625 -0.875 0.0000e+00
-3.625 -0.825 0.0000e+00
-3.625 -0.775 0.0000e+00
-3.625 -0.725 0.0000e+00
-3.625 -0.675 0.0000e+00
-3.625 -0.625 0.0000e+00
-3.625 -0.575 0.0000e+00
-3.625 -0.525 0.0000e+00
-3.625 -0.475 0.0000e+00
-3.625 -0.425 0.0000e+00
-3.625 -0.375 0.0000e+00
-3.625 -0.325 0.0000e+00
-3.625 -0.275 0.0000e+00
-3.625 -0.225 0.0000e+00
-3.625 -0.175 0.0000e+00
-3.625 -0.125 0.0000e+00
-3.625 -0.075 0.0000e+00
-3.625 -0.025 0.0000e+00
-3.625 0.025 0.0000e+00
-3.625 0.075 0.0000e+00
-3.625 0.125 0.0000e+00
-3.625 0.175 0.0000e+00
-3.625 0.225 0.0000e+00
-3.625 0.275 0.0000e+00
-3.625 0.325 0.0000e+00
-3.625 0.375 0.0000e+00
-3.625 0.425 0.0000e+00
-3.625 0.475 0.0000e+00
-3.625 0.525 0.0000e+00
-3.625 0.575 0.0000e+00
-3.625 0.625 0.0000e+00
-3.625 0.675 0.0000e+00
-3.625 0.725 0.0000e+00
-3.625 0.775 0.0000e+00
-3.625 0.825 0.0000e+00
-3.625 0.875 0.0000e+00
-3.625 0.925 0.0000e+00
-3.625 0.975 0.0000e+00
-3.625 1.025 0.0000e+00
-3.625 1.075 0.0000e+00
-3.625 1.125 5.3656e-14
-3.625 1.175 1.0716e-13
-3.625 1.225 2.1404e-13
-3.625 1.275 4.2757e-13
-3.625 1.325 8.5425e-13
-3.625 1.375 1.7070e-12
-3.625 1.425 3.4116e-12
-3.625 1.475 6.8199e-12
-3.625 1.525 1.3636e-11
-3.625 1.575 2.7272e-11
-3.625 1.625 5.4560e-11
-3.625 1.675 1.0919e-10
-3.625 1.725 2.1858e-10
-3.625 1.775 4.3777e-10
-3.625 1.825 8.7714e-10
-3.625 1.875 1.7584e-09
-3.625 1.925 3.5271e-09
-3.625 1.975 7.0792e-09
-3.625 2.025 1.4219e-08
-3.625 2.075 2.8583e-08
-3.625 2.125 5.7509e-08
-3.625 2.175 1.1583e-07
-3.625 2.225 2.3354e-07
-3.625 2.275 4.7149e-07
-3.625 2.325 9.5323e-07
-3.625 2.375 1.9302e-06
-3.625 2.425 3.9155e-06
-3.625 2.475 7.9585e-06
-3.625 2.525 1.6212e-05
-3.625 2.575 3.3105e-05
-3.625 2.625 6.7787e-05
-3.625 2.675 1.3923e-04
-3.625 2.725 2.8693e-04
-3.625 2.775 5.9352e-04
-3.625 2.825 1.2328e-03
-3.625 2.875 2.5723e-03
-3.625 2.925 5.3938e-03
-3.625 2.975 1.1371e-02
-3.625 3.025 2.4112e-02
-3.625 3.075 5.1446e-02
-3.625 3.125 1.1047e-01
-3.625 3.175 2.3879e-01
-3.625 3.225 5.1949e-01
-3.625 3.275 1.1370e+00
-3.625 3.325 2.5008e+00
-3.625 3.375 5.5185e+00
-3.625 3.425 1.2183e+01
-3.625 3.475 2.6803e+01
-3.625 3.525 5.8449e+01
-3.625 3.575 1.2551e+02
-3.625 3.625 2.6352e+02
-3.625 3.675 5.3727e+02
-3.625 3.725 1.0568e+03
-3.625 3.775 1.9848e+03
-3.625 3.825 3.3235e+03
-3.625 3.875 0.0000e+00
-3.625 3.925 0.0000e+00
-3.625 3.975 0.0000e+00
-3.575 -1.975 0.0000e+00
-3.575 -1.925 0.0000e+00
-3.575 -1.875 0.0000e+00
-3.575 -1.825 0.0000e+00
-3.575 -1.775 0.0000e+00
-3.575 -1.725 0.0000e+00
-3.575 -1.675 0.0000e+00
-3.575 -1.625 0.0000e+00
-3.575 -1.575 0.0000e+00
-3.575 -1.525 0.0000e+00
-3.575 -1.475 0.0000e+00
-3.575 -1.425 0.0000e+00
-3.575 -1.375 0.0000e+00
-3.575 -1.325 0.0000e+00
-3.575 -1.275 0.0000e+00
-3.575 -1.225 0.0000e+00
-3.575 -1.175 0.0000e+00
-3.575 -1.125 0.0000e+00
-3.575 -1.075 0.0000e+00
-3.575 -1.025 0.0000e+00
-3.575 -0.975 0.0000e+00
-3.575 -0.925 0.0000e+00
-3.575 -0.875 0.0000e+00
-3.575 -0.825 0.0000e+00
-3.575 -0.775 0.0000e+00
-3.575 -0.725 0.0000e+00
-3.575 -0.675 0.0000e+00
-3.575 -0.625 0.0000e+00
-3.575 -0.575 0.0000e+00
-3.575 -0.525 0.0000e+00
-3.575 -0.475 0.0000e+00
-3.575 -0.425 0.0000e+00
-3.575 -0.375 0.0000e+00
-3.575 -0.325 0.0000e+00
-3.575 -0.275 0.0000e+00
-3.575 -0.225 0.0000e+00
-3.575 -0.175 0.0000e+00
-3.575 -0.125 0.0000e+00
-3.575 -0.075 0.0000e+00
-3.575 -0.025 0.0000e+00
-3.575 0.025 0.0000e+00
-3.575 0.075 0.0000e+00
-3.575 0.125 0.0000e+00
-3.575 0.175 0.0000e+00
-3.575 0.225 0.0000e+00
-3.575 0.275 0.0000e+00
-3.575 0.325 0.0000e+00
-3.575 0.375 0.0000e+00
-3.575 0.425 0.0000e+00
-3.575 0.475 0.0000e+00
-3.575 0.525 0.0000e+00
-3.575 0.575 0.0000e+00
-3.575 0.625 0.0000e+00
-3.575 0.675 0.0000e+00
-3.575 0.725 0.0000e+00
-3.575 0.775 0.0000e+00
-3.575 0.825 0.0000e+00
-3.575 0.875 0.0000e+00
-3.575 0.925 0.0000e+00
-3.575 0.975 0.0000e+00
-3.575 1.025 0.0000e+00
-3.575 1.075 0.0000e+00
-3.575 1.125 6.7549e-14
-3.575 1.175 1.3491e-13
-3.575 1.225 2.6946e-13
-3.575 1.275 5.3828e-13
-3.575 1.325 1.0754e-12
-3.575 1.375 2.1490e-12
-3.575 1.425 4.2950e-12
-3.575 1.475 8.5857e-12
-3.575 1.525 1.7167e-11
-3.575 1.575 3.4333e-11
-3.575 1.625 6.8686e-11
-3.575 1.675 1.3745e-10
-3.575 1.725 2.7517e-10
-3.575 1.775 5.5110e-10
-3.575 1.825 1.1042e-09
-3.575 1.875 2.2136e-09
-3.575 1.925 4.4400e-09
-3.575 1.975 8.9116e-09
-3.575 2.025 1.7899e-08
-3.575 2.075 3.5980e-08
-3.575 2.125 7.2389e-08
-3.575 2.175 1.4579e-07
-3.575 2.225 2.9394e-07
-3.575 2.275 5.9339e-07
-3.575 2.325 1.1996e-06
-3.575 2.375 2.4288e-06
-3.575 2.425 4.9264e-06
-3.575 2.475 1.0011e-05
-3.575 2.525 2.0389e-05
-3.575 2.575 4.1626e-05
-3.575 2.625 8.5207e-05
-3.575 2.675 1.7493e-04
-3.575 2.725 3.6032e-04
-3.575 2.775 7.4483e-04
-3.575 2.825 1.5458e-03
-3.575 2.875 3.2217e-03
-3.575 2.925 6.7462e-03
-3.575 2.975 1.4197e-02
-3.575 3.025 3.0035e-02
-3.575 3.075 6.3893e-02
-3.575 3.125 1.3668e-01
-3.575 3.175 2.9402e-01
-3.575 3.225 6.3571e-01
-3.575 3.275 1.3804e+00
-3.575 3.325 3.0060e+00
-3.575 3.375 6.5500e+00
-3.575 3.425 1.4234e+01
-3.575 3.475 3.0714e+01
-3.575 3.525 6.5426e+01
-3.575 3.575 1.3665e+02
-3.575 3.625 2.7779e+02
-3.575 3.675 5.4543e+02
-3.575 3.725 1.0258e+03
-3.575 3.775 1.8232e+03
-3.575 3.825 2.8487e+03
-3.575 3.875 0.0000e+00
-3.575 3.925 0.0000e+00
-3.575 3.975 0.0000e+00
-3.525 -1.975 0.0000e+00
-3.525 -1.925 0.0000e+00
-3.525 -1.875 0.0000e+00
-3.525 -1.825 0.0000e+00
-3.525 -1.775 0.0000e+00
-3.525 -1.725 0.0000e+00
-3.525 -1.675 0.0000e+00
-3.525 -1.625 0.0000e+00
-3.525 -1.575 0.0000e+00
-3.525 -1.525 0.0000e+00
-3.525 -1.475 0.0000e+00
-3.525 -1.425 0.0000e+00
-3.525 -1.375 0.0000e+00
-3.525 -1.325 0.0000e+00
-3.525 -1.275 0.0000e+00
-3.525 -1.225 0.0000e+00
-3.525 -1.175 0.0000e+00
-3.525 -1.125 0.0000e+00
-3.525 -1.075 0.0000e+00
-3.525 -1.025 0.0000e+00
-3.525 -0.975 0.0000e+00
-3.525 -0.925 0.0000e+00
-3.525 -0.875 0.0000e+00
-3.525 -0.825 0.0000e+00
-3.525 -0.775 0.0000e+00
-3.525 -0.725 0.0000e+00
-3.525 -0.675 0.0000e+00
-3.525 -0.625 0.0000e+00
-3.525 -0.575 0.0000e+00
-3.525 -0.525 0.0000e+00
-3.525 -0.475 0.0000e+00
-3.525 -0.425 0.0000e+00
-3.525 -0.375 0.0000e+00
-3.525 -0.325 0.0000e+00
-3.525 -0.275 0.0000e+00
-3.525 -0.225 0.0000e+00
-3.525 -0.175 0.0000e+00
-3.525 -0.125 0.0000e+00
-3.525 -0.075 0.0000e+00
-3.525 -0.025 0.0000e+00
-3.525 0.025 0.0000e+00
-3.525 0.075 0.0000e+00
-3.525 0.125 0.0000e+00
-3.525 0.175 0.0000e+00
-3.525 0.225 0.0000e+00
-3.525 0.275 0.0000e+00
-3.525 0.325 0.0000e+00
-3.525 0.375 0.0000e+00
-3.525 0.425 0.0000e+00
-3.525 0.475 0.0000e+00
-3.525 0.525 0.0000e+00
-3.525 0.575 0.0000e+00
-3.525 0.625 0.0000e+00
-3.525 0.675 0.0000e+00
-3.525 0.725 0.0000e+00
-3.525 0.775 0.0000e+00
-3.525 0.825 0.0000e+00
-3.525 0.875 0.0000e+00
-3.525 0.925 0.0000e+00
-3.525 0.975 0.0000e+00
-3.525 1.025 0.0000e+00
-3.525 1.075 0.0000e+00
-3.525 1.125 8.5039e-14
-3.525 1.175 1.6984e-13
-3.525 1.225 3.3922e-13
-3.525 1.275 6.7765e-13
-3.525 1.325 1.3539e-12
-3.525 1.375 2.7054e-12
-3.525 1.425 5.4070e-12
-3.525 1.475 1.0809e-11
-3.525 1.525 2.1611e-11
-3.525 1.575 4.3223e-11
-3.525 1.625 8.6469e-11
-3.525 1.675 1.7304e-10
-3.525 1.725 3.4641e-10
-3.525 1.775 6.9377e-10
-3.525 1.825 1.3901e-09
-3.525 1.875 2.7866e-09
-3.525 1.925 5.5893e-09
-3.525 1.975 1.1218e-08
-3.525 2.025 2.2531e-08
-3.525 2.075 4.5289e-08
-3.525 2.125 9.1115e-08
-3.525 2.175 1.8349e-07
-3.525 2.225 3.6994e-07
-3.525 2.275 7.4675e-07
-3.525 2.325 1.5095e-06
-3.525 2.375 3.0559e-06
-3.525 2.425 6.1972e-06
-3.525 2.475 1.2591e-05
-3.525 2.525 2.5638e-05
-3.525 2.575 5.2323e-05
-3.525 2.625 1.0706e-04
-3.525 2.675 2.1968e-04
-3.525 2.725 4.5218e-04
-3.525 2.775 9.3394e-04
-3.525 2.825 1.9361e-03
-3.525 2.875 4.0298e-03
-3.525 2.925 8.4234e-03
-3.525 2.975 1.7687e-02
-3.525 3.025 3.7310e-02
-3.525 3.075 7.9078e-02
-3.525 3.125 1.6838e-01
-3.525 3.175 3.6002e-01
-3.525 3.225 7.7245e-01
-3.525 3.275 1.6610e+00
-3.525 3.325 3.5726e+00
-3.525 3.375 7.6645e+00
-3.525 3.425 1.6338e+01
-3.525 3.475 3.4428e+01
-3.525 3.525 7.1271e+01
-3.525 3.575 1.4390e+02
-3.525 3.625 2.8111e+02
-3.525 3.675 5.2685e+02
-3.525 3.725 9.3790e+02
-3.525 3.775 1.5613e+03
-3.525 3.825 2.2576e+03
-3.525 3.875 0.0000e+00
-3.525 3.925 0.0000e+00
-3.525 3.975 0.0000e+00
-3.475 -1.975 0.0000e+00
-3.475 -1.925 0.0000e+00
-3.475 -1.875 0.0000e+00
-3.475 -1.825 0.0000e+00
-3.475 -1.775 0.0000e+00
-3.475 -1.725 0.0000e+00
-3.475 -1.675 0.0000e+00
-3.475 -1.625 0.0000e+00
-3.475 -1.575 0.0000e+00
-3.475 -1.525 0.0000e+00
-3.475 -1.475 0.0000e+00
-3.475 -1.425 0.0000e+00
-3.475 -1.375 0.0000e+00
-3.475 -1.325 0.0000e+00
-3.475 -1.275 0.0000e+00
-3.475 -1.225 0.0000e+00
-3.475 -1.175 0.0000e+00
-3.475 -1.125 0.0000e+00
-3.475 -1.075 0.0000e+00
-3.475 -1.025 0.0000e+00
-3.475 -0.975 0.0000e+00
-3.475 -0.925 0.0000e+00
-3.475 -0.875 0.0000e+00
-3.475 -0.825 0.0000e+00
-3.475 -0.775 0.0000e+00
-3.475 -0.725 0.0000e+00
-3.475 -0.675 0.0000e+00
-3.475 -0.625 0.0000e+00
-3.475 -0.575 0.0000e+00
-3.475 -0.525 0.0000e+00
-3.475 -0.475 0.0000e+00
-3.475 -0.425 0.0000e+00
-3.475 -0.375 0.0000e+00
-3.475 -0.325 0.0000e+00
-3.475 -0.275 0.0000e+00
-3.475 -0.225 0.0000e+00
-3.475 -0.175 0.0000e+00
-3.475 -0.125 0.0000e+00
-3.475 -0.075 0.0000e+00
-3.475 -0.025 0.0000e+00
-3.475 0.025 0.0000e+00
-3.475 0.075 0.0000e+00
-3.475 0.125 0.0000e+00
-3.475 0.175 0.0000e+00
-3.475 0.225 0.0000e+00
-3.475 0.275 0.0000e+00
-3.475 0.325 0.0000e+00
-3.475 0.375 0.0000e+00
-3.475 0.425 0.0000e+00
-3.475 0.475 0.0000e+00
-3.475 0.525 0.0000e+00
-3.475 0.575 0.0000e+00
-3.475 0.625 0.0000e+00
-3.475 0.675 0.0000e+00
-3.475 0.725 0.0000e+00
-3.475 0.775 0.0000e+00
-3.475 0.825 0.0000e+00
-3.475 0.875 0.0000e+00
-3.475 0.925 0.0000e+00
-3.475 0.975 0.0000e+00
-3.475 1.025 0.0000e+00
-3.475 1.075 0.0000e+00
-3.475 1.125 1.0706e-13
-3.475 1.175 2.1381e-13
-3.475 1.225 4.2706e-13
-3.475 1.275 8.5310e-13
-3.475 1.325 1.7044e-12
-3.475 1.375 3.4058e-12
-3.475 1.425 6.8069e-12
-3.475 1.475 1.3607e-11
-3.475 1.525 2.7207e-11
-3.475 1.575 5.4413e-11
-3.475 1.625 1.0886e-10
-3.475 1.675 2.1784e-10
-3.475 1.725 4.3609e-10
-3.475 1.775 8.7337e-10
-3.475 1.825 1.7499e-09
-3.475 1.875 3.5078e-09
-3.475 1.925 7.0358e-09
-3.475 1.975 1.4121e-08
-3.475 2.025 2.8361e-08
-3.475 2.075 5.7005e-08
-3.475 2.125 1.1468e-07
-3.475 2.175 2.3094e-07
-3.475 2.225 4.6555e-07
-3.475 2.275 9.3966e-07
-3.475 2.325 1.8992e-06
-3.475 2.375 3.8442e-06
-3.475 2.425 7.7943e-06
-3.475 2.475 1.5833e-05
-3.475 2.525 3.2226e-05
-3.475 2.575 6.5742e-05
-3.475 2.625 1.3445e-04
-3.475 2.675 2.7570e-04
-3.475 2.725 5.6702e-04
-3.475 2.775 1.1699e-03
-3.475 2.825 2.4219e-03
-3.475 2.875 5.0322e-03
-3.475 2.925 1.0496e-02
-3.475 2.975 2.1976e-02
-3.475 3.025 4.6191e-02
-3.475 3.075 9.7452e-02
-3.475 3.125 2.0628e-01
-3.475 3.175 4.3778e-01
-3.475 3.225 9.3040e-01
-3.475 3.275 1.9767e+00
-3.475 3.325 4.1874e+00
-3.475 3.375 8.8146e+00
-3.475 3.425 1.8353e+01
-3.475 3.475 3.7583e+01
-3.475 3.525 7.5169e+01
-3.475 3.575 1.4570e+02
-3.475 3.625 2.7134e+02
-3.475 3.675 4.8100e+02
-3.475 3.725 8.0273e+02
-3.475 3.775 1.2406e+03
-3.475 3.825 1.6499e+03
-3.475 3.875 0.0000e+00
-3.475 3.925 0.0000e+00
-3.475 3.975 0.0000e+00
-3.425 -1.975 0.0000e+00
-3.425 -1.925 0.0000e+00
-3.425 -1.875 0.0000e+00
-3.425 -1.825 0.0000e+00
-3.425 -1.775 0.0000e+00
-3.425 -1.725 0.0000e+00
-3.425 -1.675 0.0000e+00
-3.425 -1.625 0.0000e+00
-3.425 -1.575 0.0000e+00
-3.425 -1.525 0.0000e+00
-3.425 -1.475 0.0000e+00
-3.425 -1.425 0.0000e+00
-3.425 -1.375 0.0000e+00
-3.425 -1.325 0.0000e+00
-3.425 -1.275 0.0000e+00
-3.425 -1.225 0.0000e+00
-3.425 -1.175 0.0000e+00
-3.425 -1.125 0.0000e+00
-3.425 -1.075 0.0000e+00
-3.425 -1.025 0.0000e+00
-3.425 -0.975 0.0000e+00
-3.425 -0.925 0.0000e+00
-3.425 -0.875 0.0000e+00
-3.425 -0.825 0.0000e+00
-3.425 -0.775 0.0000e+00
-3.425 -0.725 0.0000e+00
-3.425 -0.675 0.0000e+00
-3.425 -0.625 0.0000e+00
-3.425 -0.575 0.0000e+00
-3.425 -0.525 0.0000e+00
-3.425 -0.475 0.0000e+00
-3.425 -0.425 0.0000e+00
-3.425 -0.375 0.0000e+00
-3.425 -0.325 0.0000e+00
-3.425 -0.275 0.0000e+00
-3.425 -0.225 0.0000e+00
-3.425 -0.175 0.0000e+00
-3.425 -0.125 0.0000e+00
-3.425 -0.075 0.0000e+00
-3.425 -0.025 0.0000e+00
-3.425 0.025 0.0000e+00
-3.425 0.075 0.0000e+00
-3.425 0.125 0.0000e+00
-3.425 0.175 0.0000e+00
-3.425 0.225 0.0000e+00
-3.425 0.275 0.0000e+00
-3.425 0.325 0.0000e+00
-3.425 0.375 0.0000e+00
-3.425 0.425 0.0000e+00
-3.425 0.475 0.0000e+00
-3.425 0.525 0.0000e+00
-3.425 0.575 0.0000e+00
-3.425 0.625 0.0000e+00
-3.425 0.675 0.0000e+00
-3.425 0.725 0.0000e+00
-3.425 0.775 0.0000e+00
-3.425 0.825 0.0000e+00
-3.425 0.875 0.0000e+00
-3.425 0.925 0.0000e+00
-3.425 0.975 0.0000e+00
-3.425 1.025 0.0000e+00
-3.425 1.075 0.0000e+00
-3.425 1.125 1.3478e-13
-3.425 1.175 2.6917e-13
-3.425 1.225 5.3763e-13
-3.425 1.275 1.0740e-12
-3.425 1.325 2.1457e-12
-3.425 1.375 4.2877e-12
-3.425 1.425 8.5693e-12
-3.425 1.475 1.7130e-11
-3.425 1.525 3.4251e-11
-3.425 1.575 6.8500e-11
-3.425 1.625 1.3704e-10
-3.425 1.675 2.7423e-10
-3.425 1.725 5.4898e-10
-3.425 1.775 1.0994e-09
-3.425 1.825 2.2028e-09
-3.425 1.875 4.4157e-09
-3.425 1.925 8.8565e-09
-3.425 1.975 1.7775e-08
-3.425 2.025 3.5697e-08
-3.425 2.075 7.1748e-08
-3.425 2.125 1.4433e-07
-3.425 2.175 2.9062e-07
-3.425 2.225 5.8582e-07
-3.425 2.275 1.1823e-06
-3.425 2.325 2.3891e-06
-3.425 2.375 4.8350e-06
-3.425 2.425 9.8006e-06
-3.425 2.475 1.9902e-05
-3.425 2.525 4.0492e-05
-3.425 2.575 8.2562e-05
-3.425 2.625 1.6874e-04
-3.425 2.675 3.4573e-04
-3.425 2.725 7.1029e-04
-3.425 2.775 1.4635e-03
-3.425 2.825 3.0247e-03
-3.425 2.875 6.2710e-03
-3.425 2.925 1.3043e-02
-3.425 2.975 2.7213e-02
-3.425 3.025 5.6944e-02
-3.425 3.075 1.1945e-01
-3.425 3.125 2.5101e-01
-3.425 3.175 5.2779e-01
-3.425 3.225 1.1086e+00
-3.425 3.275 2.3206e+00
-3.425 3.325 4.8258e+00
-3.425 3.375 9.9272e+00
-3.425 3.425 2.0094e+01
-3.425 3.475 3.9762e+01
-3.425 3.525 7.6340e+01
-3.425 3.575 1.4102e+02
-3.425 3.625 2.4835e+02
-3.425 3.675 4.1293e+02
-3.425 3.725 6.4095e+02
-3.425 3.775 9.1415e+02
-3.425 3.825 1.1155e+03
-3.425 3.875 0.0000e+00
-3.425 3.925 0.0000e+00
-3.425 3.975 0.0000e+00
-3.375 -1.975 0.0000e+00
-3.375 -1.925 0.0000e+00
-3.375 -1.875 0.0000e+00
-3.375 -1.825 0.0000e+00
-3.375 -1.775 0.0000e+00
-3.375 -1.725 0.0000e+00
-3.375 -1.675 0.0000e+00
-3.375 -1.625 0.0000e+00
-3.375 -1.575 0.0000e+00
-3.375 -1.525 0.0000e+00
-3.375 -1.475 0.0000e+00
-3.375 -1.425 0.0000e+00
-3.375 -1.375 0.0000e+00
-3.375 -1.325 0.0000e+00
-3.375 -1.275 0.0000e+00
-3.375 -1.225 0.0000e+00
-3.375 -1.175 0.0000e+00
-3.375 -1.125 0.0000e+00
-3.375 -1.075 0.0000e+00
-3.375 -1.025 0.0000e+00
-3.375 -0.975 0.0000e+00
-3.375 -0.925 0.0000e+00
-3.375 -0.875 0.0000e+00
-3.375 -0.825 0.0000e+00
-3.375 -0.775 0.0000e+00
-3.375 -0.725 0.0000e+00
-3.375 -0.675 0.0000e+00
-3.375 -0.625 0.0000e+00
-3.375 -0.575 0.0000e+00
-3.375 -0.525 0.0000e+00
-3.375 -0.475 0.0000e+00
-3.375 -0.425 0.0000e+00
-3.375 -0.375 0.0000e+00
-3.375 -0.325 0.0000e+00
-3.375 -0.275 0.0000e+00
-3.375 -0.225 0.0000e+00
-3.375 -0.175 0.0000e+00
-3.375 -0.125 0.0000e+00
-3.375 -0.075 0.0000e+00
-3.375 -0.025 0.0000e+00
-3.375 0.025 0.0000e+00
-3.375 0.075 0.0000e+00
-3.375 0.125 0.0000e+00
-3.375 0.175 0.0000e+00
-3.375 0.225 0.0000e+00
-3.375 0.275 0.0000e+00
-3.375 0.325 0.0000e+00
-3.375 0.375 0.0000e+00
-3.375 0.425 0.0000e+00
-3.375 0.475 0.0000e+00
-3.375 0.525 0.0000e+00
-3.375 0.575 0.0000e+00
-3.375 0.625 0.0000e+00
-3.375 0.675 0.0000e+00
-3.375 0.725 0.0000e+00
-3.375 0.775 0.0000e+00
-3.375 0.825 0.0000e+00
-3.375 0.875 0.0000e+00
-3.375 0.925 0.0000e+00
-3.375 0.975 0.0000e+00
-3.375 1.025 0.0000e+00
-3.375 1.075 0.0000e+00
-3.375 1.125 1.6967e-13
-3.375 1.175 3.3886e-13
-3.375 1.225 6.7683e-13
-3.375 1.275 1.3521e-12
-3.375 1.325 2.7013e-12
-3.375 1.375 5.3978e-12
-3.375 1.425 1.0788e-11
-3.375 1.475 2.1565e-11
-3.375 1.525 4.3118e-11
-3.375 1.575 8.6234e-11
-3.375 1.625 1.7251e-10
-3.375 1.675 3.4522e-10
-3.375 1.725 6.9109e-10
-3.375 1.775 1.3840e-09
-3.375 1.825 2.7729e-09
-3.375 1.875 5.5584e-09
-3.375 1.925 1.1148e-08
-3.375 1.975 2.2373e-08
-3.375 2.025 4.4930e-08
-3.375 2.075 9.0299e-08
-3.375 2.125 1.8163e-07
-3.375 2.175 3.6570e-07
-3.375 2.225 7.3706e-07
-3.375 2.275 1.4872e-06
-3.375 2.325 3.0048e-06
-3.375 2.375 6.0795e-06
-3.375 2.425 1.2319e-05
-3.375 2.475 2.5006e-05
-3.375 2.525 5.0853e-05
-3.375 2.575 1.0362e-04
-3.375 2.625 2.1160e-04
-3.375 2.675 4.3310e-04
-3.375 2.725 8.8862e-04
-3.375 2.775 1.8279e-03
-3.375 2.825 3.7697e-03
-3.375 2.875 7.7944e-03
-3.375 2.925 1.6156e-02
-3.375 2.975 3.3559e-02
-3.375 3.025 6.9831e-02
-3.375 3.075 1.4544e-01
-3.375 3.125 3.0288e-01
-3.375 3.175 6.2962e-01
-3.375 3.225 1.3036e+00
-3.375 3.275 2.6799e+00
-3.375 3.325 5.4491e+00
-3.375 3.375 1.0904e+01
-3.375 3.425 2.1340e+01
-3.375 3.475 4.0557e+01
-3.375 3.525 7.4244e+01
-3.375 3.575 1.2976e+02
-3.375 3.625 2.1454e+02
-3.375 3.675 3.3232e+02
-3.375 3.725 4.7736e+02
-3.375 3.775 6.2706e+02
-3.375 3.825 7.0354e+02
-3.375 3.875 0.0000e+00
-3.375 3.925 0.0000e+00
-3.375 3.975 0.0000e+00
-3.325 -1.975 0.0000e+00
-3.325 -1.925 0.0000e+00
-3.325 -1.875 0.0000e+00
-3.325 -1.825 0.0000e+00
-3.325 -1.775 0.0000e+00
-3.325 -1.725 0.0000e+00
-3.325 -1.675 0.0000e+00
-3.325 -1.625 0.0000e+00
-3.325 -1.575 0.0000e+00
-3.325 -1.525 0.0000e+00
-3.325 -1.475 0.0000e+00
-3.325 -1.425 0.0000e+00
-3.325 -1.375 0.0000e+00
-3.325 -1.325 0.0000e+00
-3.325 -1.275 0.0000e+00
-3.325 -1.225 0.0000e+00
-3.325 -1.175 0.0000e+00
-3.325 -1.125 0.0000e+00
-3.325 -1.075 0.0000e+00
-3.325 -1.025 0.0000e+00
-3.325 -0.975 0.0000e+00
-3.325 -0.925 0.0000e+00
-3.325 -0.875 0.0000e+00
-3.325 -0.825 0.0000e+00
-3.325 -0.775 0.0000e+00
-3.325 -0.725 0.0000e+00
-3.325 -0.675 0.0000e+00
-3.325 -0.625 0.0000e+00
-3.325 -0.575 0.0000e+00
-3.325 -0.525 0.0000e+00
-3.325 -0.475 0.0000e+00
-3.325 -0.425 0.0000e+00
-3.325 -0.375 0.0000e+00
-3.325 -0.325 0.0000e+00
-3.325 -0.275 0.0000e+00
-3.325 -0.225 0.0000e+00
-3.325 -0.175 0.0000e+00
-3.325 -0.125 0.0000e+00
-3.325 -0.075 0.0000e+00
-3.325 -0.025 0.0000e+00
-3.325 0.025 0.0000e+00
-3.325 0.075 0.0000e+00
-3.325 0.125 0.0000e+00
-3.325 0.175 0.0000e+00
-3.325 0.225 0.0000e+00
-3.325 0.275 0.0000e+00
-3.325 0.325 0.0000e+00
-3.325 0.375 0.0000e+00
-3.325 0.425 0.0000e+00
-3.325 0.475 0.0000e+00
-3.325 0.525 0.0000e+00
-3.325 0.575 0.0000e+00
-3.325 0.625 0.0000e+00
-3.325 0.675 0.0000e+00
-3.325 0.725 0.0000e+00
-3.325 0.775 0.0000e+00
-3.325 0.825 0.0000e+00
-3.325 0.875 0.0000e+00
-3.325 0.925 0.0000e+00
-3.325 0.975 0.0000e+00
-3.325 1.025 0.0000e+00
-3.325 1.075 0.0000e+00
-3.325 1.125 2.1361e-13
-3.325 1.175 4.2660e-13
-3.325 1.225 8.5208e-13
-3.325 1.275 1.7021e-12
-3.325 1.325 3.4007e-12
-3.325 1.375 6.7953e-12
-3.325 1.425 1.3581e-11
-3.325 1.475 2.7148e-11
-3.325 1.525 5.4281e-11
-3.325 1.575 1.0856e-10
-3.325 1.625 2.1717e-10
-3.325 1.675 4.3459e-10
-3.325 1.725 8.6996e-10
-3.325 1.775 1.7422e-09
-3.325 1.825 3.4905e-09
-3.325 1.875 6.9965e-09
-3.325 1.925 1.4032e-08
-3.325 1.975 2.8159e-08
-3.325 2.025 5.6546e-08
-3.325 2.075 1.1364e-07
-3.325 2.125 2.2856e-07
-3.325 2.175 4.6011e-07
-3.325 2.225 9.2720e-07
-3.325 2.275 1.8706e-06
-3.325 2.325 3.7783e-06
-3.325 2.375 7.6421e-06
-3.325 2.425 1.5480e-05
-3.325 2.475 3.1405e-05
-3.325 2.525 6.3824e-05
-3.325 2.575 1.2995e-04
-3.325 2.625 2.6509e-04
-3.325 2.675 5.4187e-04
-3.325 2.725 1.1099e-03
-3.325 2.775 2.2783e-03
-3.325 2.825 4.6861e-03
-3.325 2.875 9.6563e-03
-3.325 2.925 1.9929e-02
-3.325 2.975 4.1170e-02
-3.325 3.025 8.5073e-02
-3.325 3.075 1.7564e-01
-3.325 3.125 3.6170e-01
-3.325 3.175 7.4141e-01
-3.325 3.225 1.5083e+00
-3.325 3.275 3.0336e+00
-3.325 3.325 6.0043e+00
-3.325 3.375 1.1626e+01
-3.325 3.425 2.1874e+01
-3.325 3.475 3.9674e+01
-3.325 3.525 6.8790e+01
-3.325 3.575 1.1302e+02
-3.325 3.625 1.7440e+02
-3.325 3.675 2.5063e+02
-3.325 3.725 3.3268e+02
-3.325 3.775 4.0333e+02
-3.325 3.825 4.1863e+02
-3.325 3.875 0.0000e+00
-3.325 3.925 0.0000e+00
-3.325 3.975 0.0000e+00
-3.275 -1.975 0.0000e+00
-3.275 -1.925 0.0000e+00
-3.275 -1.875 0.0000e+00
-3.275 -1.825 0.0000e+00
-3.275 -1.775 0.0000e+00
-3.275 -1.725 0.0000e+00
-3.275 -1.675 0.0000e+00
-3.275 -1.625 0.0000e+00
-3.275 -1.575 0.0000e+00
-3.275 -1.525 0.0000e+00
-3.275 -1.475 0.0000e+00
-3.275 -1.425 0.0000e+00
-3.275 -1.375 0.0000e+00
-3.275 -1.325 0.0000e+00
-3.275 -1.275 0.0000e+00
-3.275 -1.225 0.0000e+00
-3.275 -1.175 0.0000e+00
-3.275 -1.125 0.0000e+00
-3.275 -1.075 0.0000e+00
-3.275 -1.025 0.0000e+00
-3.275 -0.975 0.0000e+00
-3.275 -0.925 0.0000e+00
-3.275 -0.875 0.0000e+00
-3.275 -0.825 0.0000e+00
-3.275 -0.775 0.0000e+00
-3.275 -0.725 0.0000e+00
-3.275 -0.675 0.0000e+00
-3.275 -0.625 0.0000e+00
-3.275 -0.575 0.0000e+00
-3.275 -0.525 0.0000e+00
-3.275 -0.475 0.0000e+00
-3.275 -0.425 0.0000e+00
-3.275 -0.375 0.0000e+00
-3.275 -0.325 0.0000e+00
-3.275 -0.275 0.0000e+00
-3.275 -0.225 0.0000e+00
-3.275 -0.175 0.0000e+00
-3.275 -0.125 0.0000e+00
-3.275 -0.075 0.0000e+00
-3.275 -0.025 0.0000e+00
-3.275 0.025 0.0000e+00
-3.275 0.075 0.0000e+00
-3.275 0.125 0.0000e+00
-3.275 0.175 0.0000e+00
-3.275 0.225 0.0000e+00
-3.275 0.275 0.0000e+00
-3.275 0.325 0.0000e+00
-3.275 0.375 0.0000e+00
-3.275 0.425 0.0000e+00
-3.275 0.475 0.0000e+00
-3.275 0.525 0.0000e+00
-3.275 0.575 0.0000e+00
-3.275 0.625 0.0000e+00
-3.275 0.675 0.0000e+00
-3.275 0.725 0.0000e+00
-3.275 0.775 0.0000e+00
-3.275 0.825 0.0000e+00
-3.275 0.875 0.0000e+00
-3.275 0.925 0.0000e+00
-3.275 0.975 0.0000e+00
-3.275 1.025 0.0000e+00
-3.275 1.075 0.0000e+00
-3.275 1.125 2.6891e-13
-3.275 1.175 5.3705e-13
-3.275 1.225 1.0727e-12
-3.275 1.275 2.1428e-12
-3.275 1.325 4.2811e-12
-3.275 1.375 8.5546e-12
-3.275 1.425 1.7097e-11
-3.275 1.475 3.4177e-11
-3.275 1.525 6.8333e-11
-3.275 1.575 1.3666e-10
-3.275 1.625 2.7339e-10
-3.275 1.675 5.4707e-10
-3.275 1.725 1.0951e-09
-3.275 1.775 2.1930e-09
-3.275 1.825 4.3936e-09
-3.275 1.875 8.8065e-09
-3.275 1.925 1.7661e-08
-3.275 1.975 3.5439e-08
-3.275 2.025 7.1161e-08
-3.275 2.075 1.4299e-07
-3.275 2.125 2.8756e-07
-3.275 2.175 5.7881e-07
-3.275 2.225 1.1662e-06
-3.275 2.275 2.3521e-06
-3.275 2.325 4.7495e-06
-3.275 2.375 9.6025e-06
-3.275 2.425 1.9441e-05
-3.275 2.475 3.9417e-05
-3.275 2.525 8.0041e-05
-3.275 2.575 1.6280e-04
-3.275 2.625 3.3167e-04
-3.275 2.675 6.7687e-04
-3.275 2.725 1.3836e-03
-3.275 2.775 2.8326e-03
-3.275 2.825 5.8066e-03
-3.275 2.875 1.1915e-02
-3.275 2.925 2.4457e-02
-3.275 2.975 5.0182e-02
-3.275 3.025 1.0280e-01
-3.275 3.075 2.0994e-01
-3.275 3.125 4.2647e-01
-3.275 3.175 8.5934e-01
-3.275 3.225 1.7113e+00
-3.275 3.275 3.3530e+00
-3.275 3.325 6.4277e+00
-3.275 3.375 1.1976e+01
-3.275 3.425 2.1529e+01
-3.275 3.475 3.7036e+01
-3.275 3.525 6.0460e+01
-3.275 3.575 9.2894e+01
-3.275 3.625 1.3332e+02
-3.275 3.675 1.7756e+02
-3.275 3.725 2.1824e+02
-3.275 3.775 2.4557e+02
-3.275 3.825 2.3788e+02
-3.275 3.875 0.0000e+00
-3.275 3.925 0.0000e+00
-3.275 3.975 0.0000e+00
-3.225 -1.975 0.0000e+00
-3.225 -1.925 0.0000e+00
-3.225 -1.875 0.0000e+00
-3.225 -1.825 0.0000e+00
-3.225 -1.775 0.0000e+00
-3.225 -1.725 0.0000e+00
-3.225 -1.675 0.0000e+00
-3.225 -1.625 0.0000e+00
-3.225 -1.575 0.0000e+00
-3.225 -1.525 0.0000e+00
-3.225 -1.475 0.0000e+00
-3.225 -1.425 0.0000e+00
-3.225 -1.375 0.0000e+00
-3.225 -1.325 0.0000e+00
-3.225 -1.275 0.0000e+00
-3.225 -1.225 0.0000e+00
-3.225 -1.175 0.0000e+00
-3.225 -1.125 0.0000e+00
-3.225 -1.075 0.0000e+00
-3.225 -1.025 0.0000e+00
-3.225 -0.975 0.0000e+00
-3.225 -0.925 0.0000e+00
-3.225 -0.875 0.0000e+00
-3.225 -0.825 0.0000e+00
-3.225 -0.775 0.0000e+00
-3.225 -0.725 0.0000e+00
-3.225 -0.675 0.0000e+00
-3.225 -0.625 0.0000e+00
-3.225 -0.575 0.0000e+00
-3.225 -0.525 0.0000e+00
-3.225 -0.475 0.0000e+00
-3.225 -0.425 0.0000e+00
-3.225 -0.375 0.0000e+00
-3.225 -0.325 0.0000e+00
-3.225 -0.275 0.0000e+00
-3.225 -0.225 0.0000e+00
-3.225 -0.175 0.0000e+00
-3.225 -0.125 0.0000e+00
-3.225 -0.075 0.0000e+00
-3.225 -0.025 0.0000e+00
-3.225 0.025 0.0000e+00
-3.225 0.075 0.0000e+00
-3.225 0.125 0.0000e+00
-3.225 0.175 0.0000e+00
-3.225 0.225 0.0000e+00
-3.225 0.275 0.0000e+00
-3.225 0.325 0.0000e+00
-3.225 0.375 0.0000e+00
-3.225 0.425 0.0000e+00
-3.225 0.475 0.0000e+00
-3.225 0.525 0.0000e+00
-3.225 0.575 0.0000e+00
-3.225 0.625 0.0000e+00
-3.225 0.675 0.0000e+00
-3.225 0.725 0.0000e+00
-3.225 0.775 0.0000e+00
-3.225 0.825 0.0000e+00
-3.225 0.875 0.0000e+00
-3.225 0.925 0.0000e+00
-3.225 0.975 0.0000e+00
-3.225 1.025 0.0000e+00
-3.225 1.075 0.0000e+00
-3.225 1.125 3.3854e-13
-3.225 1.175 6.7610e-13
-3.225 1.225 1.3504e-12
-3.225 1.275 2.6976e-12
-3.225 1.325 5.3895e-12
-3.225 1.375 1.0769e-11
-3.225 1.425 2.1523e-11
-3.225 1.475 4.3024e-11
-3.225 1.525 8.6022e-11
-3.225 1.575 1.7204e-10
-3.225 1.625 3.4415e-10
-3.225 1.675 6.8866e-10
-3.225 1.725 1.3785e-09
-3.225 1.775 2.7605e-09
-3.225 1.825 5.5302e-09
-3.225 1.875 1.1084e-08
-3.225 1.925 2.2227e-08
-3.225 1.975 4.4599e-08
-3.225 2.025 8.9544e-08
-3.225 2.075 1.7991e-07
-3.225 2.125 3.6175e-07
-3.225 2.175 7.2799e-07
-3.225 2.225 1.4664e-06
-3.225 2.275 2.9566e-06
-3.225 2.325 5.9679e-06
-3.225 2.375 1.2060e-05
-3.225 2.425 2.4401e-05
-3.225 2.475 4.9433e-05
-3.225 2.525 1.0028e-04
-3.225 2.575 2.0370e-04
-3.225 2.625 4.1433e-04
-3.225 2.675 8.4382e-04
-3.225 2.725 1.7204e-03
-3.225 2.775 3.5104e-03
-3.225 2.825 7.1661e-03
-3.225 2.875 1.4627e-02
-3.225 2.925 2.9823e-02
-3.225 2.975 6.0678e-02
-3.225 3.025 1.2299e-01
-3.225 3.075 2.4783e-01
-3.225 3.125 4.9510e-01
-3.225 3.175 9.7716e-01
-3.225 3.225 1.8969e+00
-3.225 3.275 3.6029e+00
-3.225 3.325 6.6530e+00
-3.225 3.375 1.1859e+01
-3.225 3.425 2.0249e+01
-3.225 3.475 3.2853e+01
-3.225 3.525 5.0256e+01
-3.225 3.575 7.1981e+01
-3.225 3.625 9.5994e+01
-3.225 3.675 1.1872e+02
-3.225 3.725 1.3581e+02
-3.225 3.775 1.4295e+02
-3.225 3.825 1.3052e+02
-3.225 3.875 0.0000e+00
-3.225 3.925 0.0000e+00
-3.225 3.975 0.0000e+00
-3.175 -1.975 0.0000e+00
-3.175 -1.925 0.0000e+00
-3.175 -1.875 0.0000e+00
-3.175 -1.825 0.0000e+00
-3.175 -1.775 0.0000e+00
-3.175 -1.725 0.0000e+00
-3.175 -1.675 0.0000e+00
-3.175 -1.625 0.0000e+00
-3.175 -1.575 0.0000e+00
-3.175 -1.525 0.0000e+00
-3.175 -1.475 0.0000e+00
-3.175 -1.425 0.0000e+00
-3.175 -1.375 0.0000e+00
-3.175 -1.325 0.0000e+00
-3.175 -1.275 0.0000e+00
-3.175 -1.225 0.0000e+00
-3.175 -1.175 0.0000e+00
-3.175 -1.125 0.0000e+00
-3.175 -1.075 0.0000e+00
-3.175 -1.025 0.0000e+00
-3.175 -0.975 0.0000e+00
-3.175 -0.925 0.0000e+00
-3.175 -0.875 0.0000e+00
-3.175 -0.825 0.0000e+00
-3.175 -0.775 0.0000e+00
-3.175 -0.725 0.0000e+00
-3.175 -0.675 0.0000e+00
-3.175 -0.625 0.0000e+00
-3.175 -0.575 0.0000e+00
-3.175 -0.525 0.0000e+00
-3.175 -0.475 0.0000e+00
-3.175 -0.425 0.0000e+00
-3.175 -0.375 0.0000e+00
-3.175 -0.325 0.0000e+00
-3.175 -0.275 0.0000e+00
-3.175 -0.225 0.0000e+00
-3.175 -0.175 0.0000e+00
-3.175 -0.125 0.0000e+00
-3.175 -0.075 0.0000e+00
-3.175 -0.025 0.0000e+00
-3.175 0.025 0.0000e+00
-3.175 0.075 0.0000e+00
-3.175 0.125 0.0000e+00
-3.175 0.175 0.0000e+00
-3.175 0.225 0.0000e+00
-3.175 0.275 0.0000e+00
-3.175 0.325 0.0000e+00
-3.175 0.375 0.0000e+00
-3.175 0.425 0.0000e+00
-3.175 0.475 0.0000e+00
-3.175 0.525 0.0000e+00
-3.175 0.575 0.0000e+00
-3.175 0.625 0.0000e+00
-3.175 0.675 0.0000e+00
-3.175 0.725 0.0000e+00
-3.175 0.775 0.0000e+00
-3.175 0.825 0.0000e+00
-3.175 0.875 0.0000e+00
-3.175 0.925 0.0000e+00
-3.175 0.975 0.0000e+00
-3.175 1.025 0.0000e+00
-3.175 1.075 0.0000e+00
-3.175 1.125 4.2619e-13
-3.175 1.175 8.5116e-13
-3.175 1.225 1.7001e-12
-3.175 1.275 3.3960e-12
-3.175 1.325 6.7849e-12
-3.175 1.375 1.3557e-11
-3.175 1.425 2.7095e-11
-3.175 1.475 5.4162e-11
-3.175 1.525 1.0829e-10
-3.175 1.575 2.1656e-10
-3.175 1.625 4.3321e-10
-3.175 1.675 8.6687e-10
-3.175 1.725 1.7352e-09
-3.175 1.775 3.4746e-09
-3.175 1.825 6.9605e-09
-3.175 1.875 1.3950e-08
-3.175 1.925 2.7972e-08
-3.175 1.975 5.6120e-08
-3.175 2.025 1.1266e-07
-3.175 2.075 2.2632e-07
-3.175 2.125 4.5499e-07
-3.175 2.175 9.1540e-07
-3.175 2.225 1.8433e-06
-3.175 2.275 3.7152e-06
-3.175 2.325 7.4952e-06
-3.175 2.375 1.5137e-05
-3.175 2.425 3.0602e-05
-3.175 2.475 6.1934e-05
-3.175 2.525 1.2548e-04
-3.175 2.575 2.5448e-04
-3.175 2.625 5.1656e-04
-3.175 2.675 1.0493e-03
-3.175 2.725 2.1324e-03
-3.175 2.775 4.3332e-03
-3.175 2.825 8.7998e-03
-3.175 2.875 1.7843e-02
-3.175 2.925 3.6081e-02
-3.175 2.975 7.2648e-02
-3.175 3.025 1.4534e-01
-3.175 3.075 2.8813e-01
-3.175 3.125 5.6408e-01
-3.175 3.175 1.0859e+00
-3.175 3.225 2.0453e+00
-3.175 3.275 3.7458e+00
-3.175 3.325 6.6256e+00
-3.175 3.375 1.1234e+01
-3.175 3.425 1.8122e+01
-3.175 3.475 2.7605e+01
-3.175 3.525 3.9453e+01
-3.175 3.575 5.2635e+01
-3.175 3.625 6.5343e+01
-3.175 3.675 7.5390e+01
-3.175 3.725 8.0831e+01
-3.175 3.775 8.0309e+01
-3.175 3.825 6.9798e+01
-3.175 3.875 0.0000e+00
-3.175 3.925 0.0000e+00
-3.175 3.975 0.0000e+00
-3.125 -1.975 0.0000e+00
-3.125 -1.925 0.0000e+00
-3.125 -1.875 0.0000e+00
-3.125 -1.825 0.0000e+00
-3.125 -1.775 0.0000e+00
-3.125 -1.725 0.0000e+00
-3.125 -1.675 0.0000e+00
-3.125 -1.625 0.0000e+00
-3.125 -1.575 0.0000e+00
-3.125 -1.525 0.0000e+00
-3.125 -1.475 0.0000e+00
-3.125 -1.425 0.0000e+00
-3.125 -1.375 0.0000e+00
-3.125 -1.325 0.0000e+00
-3.125 -1.275 0.0000e+00
-3.125 -1.225 0.0000e+00
-3.125 -1.175 0.0000e+00
-3.125 -1.125 0.0000e+00
-3.125 -1.075 0.0000e+00
-3.125 -1.025 0.0000e+00
-3.125 -0.975 0.0000e+00
-3.125 -0.925 0.0000e+00
-3.125 -0.875 0.0000e+00
-3.125 -0.825 0.0000e+00
-3.125 -0.775 0.0000e+00
-3.125 -0.725 0.0000e+00
-3.125 -0.675 0.0000e+00
-3.125 -0.625 0.0000e+00
-3.125 -0.575 0.0000e+00
-3.125 -0.525 0.0000e+00
-3.125 -0.475 0.0000e+00
-3.125 -0.425 0.0000e+00
-3.125 -0.375 0.0000e+00
-3.125 -0.325 0.0000e+00
-3.125 -0.275 0.0000e+00
-3.125 -0.225 0.0000e+00
-3.125 -0.175 0.0000e+00
-3.125 -0.125 0.0000e+00
-3.125 -0.075 0.0000e+00
-3.125 -0.025 0.0000e+00
-3.125 0.025 0.0000e+00
-3.125 0.075 0.0000e+00
-3.125 0.125 0.0000e+00
-3.125 0.175 0.0000e+00
-3.125 0.225 0.0000e+00
-3.125 0.275 0.0000e+00
-3.125 0.325 0.0000e+00
-3.125 0.375 0.0000e+00
-3.125 0.425 0.0000e+00
-3.125 0.475 0.0000e+00
-3.125 0.525 0.0000e+00
-3.125 0.575 0.0000e+00
-3.125 0.625 0.0000e+00
-3.125 0.675 0.0000e+00
-3.125 0.725 0.0000e+00
-3.125 0.775 0.0000e+00
-3.125 0.825 0.0000e+00
-3.125 0.875 0.0000e+00
-3.125 0.925 0.0000e+00
-3.125 0.975 0.0000e+00
-3.125 1.025 0.0000e+00
-3.125 1.075 0.0000e+00
-3.125 1.125 5.3654e-13
-3.125 1.175 1.0715e-12
-3.125 1.225 2.1402e-12
-3.125 1.275 4.2752e-12
-3.125 1.325 8.5414e-12
-3.125 1.375 1.7067e-11
-3.125 1.425 3.4109e-11
-3.125 1.475 6.8181e-11
-3.125 1.525 1.3632e-10
-3.125 1.575 2.7261e-10
-3.125 1.625 5.4532e-10
-3.125 1.675 1.0912e-09
-3.125 1.725 2.1841e-09
-3.125 1.775 4.3732e-09
-3.125 1.825 8.7601e-09
-3.125 1.875 1.7555e-08
-3.125 1.925 3.5198e-08
-3.125 1.975 7.0610e-08
-3.125 2.025 1.4173e-07
-3.125 2.075 2.8466e-07
-3.125 2.125 5.7212e-07
-3.125 2.175 1.1507e-06
-3.125 2.225 2.3162e-06
-3.125 2.275 4.6660e-06
-3.125 2.325 9.4076e-06
-3.125 2.375 1.8984e-05
-3.125 2.425 3.8341e-05
-3.125 2.475 7.7499e-05
-3.125 2.525 1.5676e-04
-3.125 2.575 3.1729e-04
-3.125 2.625 6.4242e-04
-3.125 2.675 1.3008e-03
-3.125 2.725 2.6326e-03
-3.125 2.775 5.3224e-03
-3.125 2.825 1.0739e-02
-3.125 2.875 2.1598e-02
-3.125 2.925 4.3228e-02
-3.125 2.975 8.5930e-02
-3.125 3.025 1.6919e-01
-3.125 3.075 3.2884e-01
-3.125 3.125 6.2836e-01
-3.125 3.175 1.1745e+00
-3.125 3.225 2.1351e+00
-3.125 3.275 3.7500e+00
-3.125 3.325 6.3183e+00
-3.125 3.375 1.0138e+01
-3.125 3.425 1.5382e+01
-3.125 3.475 2.1936e+01
-3.125 3.525 2.9266e+01
-3.125 3.575 3.6425e+01
-3.125 3.625 4.2268e+01
-3.125 3.675 4.5785e+01
-3.125 3.725 4.6387e+01
-3.125 3.775 4.3893e+01
-3.125 3.825 3.6641e+01
-3.125 3.875 0.0000e+00
-3.125 3.925 0.0000e+00
-3.125 3.975 0.0000e+00
-3.075 -1.975 0.0000e+00
-3.075 -1.925 0.0000e+00
-3.075 -1.875 0.0000e+00
-3.075 -1.825 0.0000e+00
-3.075 -1.775 0.0000e+00
-3.075 -1.725 0.0000e+00
-3.075 -1.675 0.0000e+00
-3.075 -1.625 0.0000e+00
-3.075 -1.575 0.0000e+00
-3.075 -1.525 0.0000e+00
-3.075 -1.475 0.0000e+00
-3.075 -1.425 0.0000e+00
-3.075 -1.375 0.0000e+00
-3.075 -1.325 0.0000e+00
-3.075 -1.275 0.0000e+00
-3.075 -1.225 0.0000e+00
-3.075 -1.175 0.0000e+00
-3.075 -1.125 0.0000e+00
-3.075 -1.075 0.0000e+00
-3.075 -1.025 0.0000e+00
-3.075 -0.975 0.0000e+00
-3.075 -0.925 0.0000e+00
-3.075 -0.875 0.0000e+00
-3.075 -0.825 0.0000e+00
-3.075 -0.775 0.0000e+00
-3.075 -0.725 0.0000e+00
-3.075 -0.675 0.0000e+00
-3.075 -0.625 0.0000e+00
-3.075 -0.575 0.0000e+00
-3.075 -0.525 0.0000e+00
-3.075 -0.475 0.0000e+00
-3.075 -0.425 0.0000e+00
-3.075 -0.375 0.0000e+00
-3.075 -0.325 0.0000e+00
-3.075 -0.275 0.0000e+00
-3.075 -0.225 0.0000e+00
-3.075 -0.175 0.0000e+00
-3.075 -0.125 0.0000e+00
-3.075 -0.075 0.0000e+00
-3.075 -0.025 0.0000e+00
-3.075 0.025 0.0000e+00
-3.075 0.075 0.0000e+00
-3.075 0.125 0.0000e+00
-3.075 0.175 0.0000e+00
-3.075 0.225 0.0000e+00
-3.075 0.275 0.0000e+00
-3.075 0.325 0.0000e+00
-3.075 0.375 0.0000e+00
-3.075 0.425 0.0000e+00
-3.075 0.475 0.0000e+00
-3.075 0.525 0.0000e+00
-3.075 0.575 0.0000e+00
-3.075 0.625 0.0000e+00
-3.075 0.675 0.0000e+00
-3.075 0.725 0.0000e+00
-3.075 0.775 0.0000e+00
-3.075 0.825 0.0000e+00
-3.075 0.875 0.0000e+00
-3.075 0.925 0.0000e+00
-3.075 0.975 0.0000e+00
-3.075 1.025 0.0000e+00
-3.075 1.075 0.0000e+00
-3.075 1.125 6.7545e-13
-3.075 1.175 1.3489e-12
-3.075 1.225 2.6943e-12
-3.075 1.275 5.3821e-12
-3.075 1.325 1.0753e-11
-3.075 1.375 2.1485e-11
-3.075 1.425 4.2939e-11
-3.075 1.475 8.5829e-11
-3.075 1.525 1.7160e-10
-3.075 1.575 3.4316e-10
-3.075 1.625 6.8642e-10
-3.075 1.675 1.3734e-09
-3.075 1.725 2.7489e-09
-3.075 1.775 5.5039e-09
-3.075 1.825 1.1024e-08
-3.075 1.875 2.2091e-08
-3.075 1.925 4.4286e-08
-3.075 1.975 8.8826e-08
-3.075 2.025 1.7826e-07
-3.075 2.075 3.5794e-07
-3.075 2.125 7.1918e-07
-3.075 2.175 1.4459e-06
-3.075 2.225 2.9090e-06
-3.075 2.275 5.8566e-06
-3.075 2.325 1.1799e-05
-3.075 2.375 2.3786e-05
-3.075 2.425 4.7979e-05
-3.075 2.475 9.6826e-05
-3.075 2.525 1.9547e-04
-3.075 2.575 3.9463e-04
-3.075 2.625 7.9646e-04
-3.075 2.675 1.6062e-03
-3.075 2.725 3.2343e-03
-3.075 2.775 6.4971e-03
-3.075 2.825 1.3004e-02
-3.075 2.875 2.5891e-02
-3.075 2.925 5.1174e-02
-3.075 2.975 1.0014e-01
-3.075 3.025 1.9340e-01
-3.075 3.075 3.6709e-01
-3.075 3.125 6.8153e-01
-3.075 3.175 1.2307e+00
-3.075 3.225 2.1478e+00
-3.075 3.275 3.5979e+00
-3.075 3.325 5.7449e+00
-3.075 3.375 8.6853e+00
-3.075 3.425 1.2360e+01
-3.075 3.475 1.6486e+01
-3.075 3.525 2.0558e+01
-3.075 3.575 2.3959e+01
-3.075 3.625 2.6139e+01
-3.075 3.675 2.6781e+01
-3.075 3.725 2.5852e+01
-3.075 3.775 2.3493e+01
-3.075 3.825 1.8984e+01
-3.075 3.875 0.0000e+00
-3.075 3.925 0.0000e+00
-3.075 3.975 0.0000e+00
-3.025 -1.975 0.0000e+00
-3.025 -1.925 0.0000e+00
-3.025 -1.875 0.0000e+00
-3.025 -1.825 0.0000e+00
-3.025 -1.775 0.0000e+00
-3.025 -1.725 0.0000e+00
-3.025 -1.675 0.0000e+00
-3.025 -1.625 0.0000e+00
-3.025 -1.575 0.0000e+00
-3.025 -1.525 0.0000e+00
-3.025 -1.475 0.0000e+00
-3.025 -1.425 0.0000e+00
-3.025 -1.375 0.0000e+00
-3.025 -1.325 0.0000e+00
-3.025 -1.275 0.0000e+00
-3.025 -1.225 0.0000e+00
-3.025 -1.175 0.0000e+00
-3.025 -1.125 0.0000e+00
-3.025 -1.075 0.0000e+00
-3.025 -1.025 0.0000e+00
-3.025 -0.975 0.0000e+00
-3.025 -0.925 0.0000e+00
-3.025 -0.875 0.0000e+00
-3.025 -0.825 0.0000e+00
-3.025 -0.775 0.0000e+00
-3.025 -0.725 0.0000e+00
-3.025 -0.675 0.0000e+00
-3.025 -0.625 0.0000e+00
-3.025 -0.575 0.0000e+00
-3.025 -0.525 0.0000e+00
-3.025 -0.475 0.0000e+00
-3.025 -0.425 0.0000e+00
-3.025 -0.375 0.0000e+00
-3.025 -0.325 0.0000e+00
-3.025 -0.275 0.0000e+00
-3.025 -0.225 0.0000e+00
-3.025 -0.175 0.0000e+00
-3.025 -0.125 0.0000e+00
-3.025 -0.075 0.0000e+00
-3.025 -0.025 0.0000e+00
-3.025 0.025 0.0000e+00
-3.025 0.075 0.0000e+00
-3.025 0.125 0.0000e+00
-3.025 0.175 0.0000e+00
-3.025 0.225 0.0000e+00
-3.025 0.275 0.0000e+00
-3.025 0.325 0.0000e+00
-3.025 0.375 0.0000e+00
-3.025 0.425 0.0000e+00
-3.025 0.475 0.0000e+00
-3.025 0.525 0.0000e+00
-3.025 0.575 0.0000e+00
-3.025 0.625 0.0000e+00
-3.025 0.675 0.0000e+00
-3.025 0.725 0.0000e+00
-3.025 0.775 0.0000e+00
-3.025 0.825 0.0000e+00
-3.025 0.875 0.0000e+00
-3.025 0.925 0.0000e+00
-3.025 0.975 0.0000e+00
-3.025 1.025 0.0000e+00
-3.025 1.075 0.0000e+00
-3.025 1.125 8.5032e-13
-3.025 1.175 1.6982e-12
-3.025 1.225 3.3918e-12
-3.025 1.275 6.7754e-12
-3.025 1.325 1.3536e-11
-3.025 1.375 2.7047e-11
-3.025 1.425 5.4052e-11
-3.025 1.475 1.0804e-10
-3.025 1.525 2.1600e-10
-3.025 1.575 4.3195e-10
-3.025 1.625 8.6399e-10
-3.025 1.675 1.7286e-09
-3.025 1.725 3.4597e-09
-3.025 1.775 6.9265e-09
-3.025 1.825 1.3872e-08
-3.025 1.875 2.7794e-08
-3.025 1.925 5.5711e-08
-3.025 1.975 1.1172e-07
-3.025 2.025 2.2415e-07
-3.025 2.075 4.4995e-07
-3.025 2.125 9.0370e-07
-3.025 2.175 1.8160e-06
-3.025 2.225 3.6513e-06
-3.025 2.275 7.3453e-06
-3.025 2.325 1.4783e-05
-3.025 2.375 2.9765e-05
-3.025 2.425 5.9946e-05
-3.025 2.475 1.2074e-04
-3.025 2.525 2.4313e-04
-3.025 2.575 4.8930e-04
-3.025 2.625 9.8361e-04
-3.025 2.675 1.9737e-03
-3.025 2.725 3.9493e-03
-3.025 2.775 7.8708e-03
-3.025 2.825 1.5598e-02
-3.025 2.875 3.0673e-02
-3.025 2.925 5.9701e-02
-3.025 2.975 1.1464e-01
-3.025 3.025 2.1630e-01
-3.025 3.075 3.9915e-01
-3.025 3.125 7.1647e-01
-3.025 3.175 1.2433e+00
-3.025 3.225 2.0719e+00
-3.025 3.275 3.2939e+00
-3.025 3.325 4.9635e+00
-3.025 3.375 7.0500e+00
-3.025 3.425 9.4002e+00
-3.025 3.475 1.1739e+01
-3.025 3.525 1.3727e+01
-3.025 3.575 1.5059e+01
-3.025 3.625 1.5552e+01
-3.025 3.675 1.5187e+01
-3.025 3.725 1.4078e+01
-3.025 3.775 1.2377e+01
-3.025 3.825 9.7445e+00
-3.025 3.875 0.0000e+00
-3.025 3.925 0.0000e+00
-3.025 3.975 0.0000e+00
-2.975 -1.975 0.0000e+00
-2.975 -1.925 0.0000e+00
-2.975 -1.875 0.0000e+00
-2.975 -1.825 0.0000e+00
-2.975 -1.775 0.0000e+00
-2.975 -1.725 0.0000e+00
-2.975 -1.675 0.0000e+00
-2.975 -1.625 0.0000e+00
-2.975 -1.575 0.0000e+00
-2.975 -1.525 0.0000e+00
-2.975 -1.475 0.0000e+00
-2.975 -1.425 0.0000e+00
-2.975 -1.375 0.0000e+00
-2.975 -1.325 0.0000e+00
-2.975 -1.275 0.0000e+00
-2.975 -1.225 0.0000e+00
-2.975 -1.175 0.0000e+00
-2.975 -1.125 0.0000e+00
-2.975 -1.075 0.0000e+00
-2.975 -1.025 0.0000e+00
-2.975 -0.975 0.0000e+00
-2.975 -0.925 0.0000e+00
-2.975 -0.875 0.0000e+00
-2.975 -0.825 0.0000e+00
-2.975 -0.775 0.0000e+00
-2.975 -0.725 0.0000e+00
-2.975 -0.675 0.0000e+00
-2.975 -0.625 0.0000e+00
-2.975 -0.575 0.0000e+00
-2.975 -0.525 0.0000e+00
-2.975 -0.475 0.0000e+00
-2.975 -0.425 0.0000e+00
-2.975 -0.375 0.0000e+00
-2.975 -0.325 0.0000e+00
-2.975 -0.275 0.0000e+00
-2.975 -0.225 0.0000e+00
-2.975 -0.175 0.0000e+00
-2.975 -0.125 0.0000e+00
-2.975 -0.075 0.0000e+00
-2.975 -0.025 0.0000e+00
-2.975 0.025 0.0000e+00
-2.975 0.075 0.0000e+00
-2.975 0.125 0.0000e+00
-2.975 0.175 0.0000e+00
-2.975 0.225 0.0000e+00
-2.975 0.275 0.0000e+00
-2.975 0.325 0.0000e+00
-2.975 0.375 0.0000e+00
-2.975 0.425 0.0000e+00
-2.975 0.475 0.0000e+00
-2.975 0.525 0.0000e+00
-2.975 0.575 0.0000e+00
-2.975 0.625 0.0000e+00
-2.975 0.675 0.0000e+00
-2.975 0.725 0.0000e+00
-2.975 0.775 0.0000e+00
-2.975 0.825 0.0000e+00
-2.975 0.875 0.0000e+00
-2.975 0.925 0.0000e+00
-2.975 0.975 0.0000e+00
-2.975 1.025 0.0000e+00
-2.975 1.075 0.0000e+00
-2.975 1.125 1.0705e-12
-2.975 1.175 2.1378e-12
-2.975 1.225 4.2699e-12
-2.975 1.275 8.5293e-12
-2.975 1.325 1.7040e-11
-2.975 1.375 3.4047e-11
-2.975 1.425 6.8042e-11
-2.975 1.475 1.3600e-10
-2.975 1.525 2.7189e-10
-2.975 1.575 5.4369e-10
-2.975 1.625 1.0874e-09
-2.975 1.675 2.1756e-09
-2.975 1.725 4.3539e-09
-2.975 1.775 8.7158e-09
-2.975 1.825 1.7454e-08
-2.975 1.875 3.4965e-08
-2.975 1.925 7.0071e-08
-2.975 1.975 1.4048e-07
-2.975 2.025 2.8177e-07
-2.975 2.075 5.6539e-07
-2.975 2.125 1.1350e-06
-2.975 2.175 2.2794e-06
-2.975 2.225 4.5795e-06
-2.975 2.275 9.2034e-06
-2.975 2.325 1.8500e-05
-2.975 2.375 3.7191e-05
-2.975 2.425 7.4753e-05
-2.975 2.475 1.5019e-04
-2.975 2.525 3.0148e-04
-2.975 2.575 6.0435e-04
-2.975 2.625 1.2089e-03
-2.975 2.675 2.4106e-03
-2.975 2.725 4.7859e-03
-2.975 2.775 9.4451e-03
-2.975 2.825 1.8491e-02
-2.975 2.875 3.5817e-02
-2.975 2.925 6.8424e-02
-2.975 2.975 1.2842e-01
-2.975 3.025 2.3572e-01
-2.975 3.075 4.2086e-01
-2.975 3.125 7.2659e-01
-2.975 3.175 1.2053e+00
-2.975 3.225 1.9086e+00
-2.975 3.275 2.8674e+00
-2.975 3.325 4.0656e+00
-2.975 3.375 5.4187e+00
-2.975 3.425 6.7747e+00
-2.975 3.475 7.9442e+00
-2.975 3.525 8.7538e+00
-2.975 3.575 9.0967e+00
-2.975 3.625 8.9570e+00
-2.975 3.675 8.3984e+00
-2.975 3.725 7.5284e+00
-2.975 3.775 6.4440e+00
-2.975 3.825 4.9692e+00
-2.975 3.875 0.0000e+00
-2.975 3.925 0.0000e+00
-2.975 3.975 0.0000e+00
-2.925 -1.975 0.0000e+00
-2.925 -1.925 0.0000e+00
-2.925 -1.875 0.0000e+00
-2.925 -1.825 0.0000e+00
-2.925 -1.775 0.0000e+00
-2.925 -1.725 0.0000e+00
-2.925 -1.675 0.0000e+00
-2.925 -1.625 0.0000e+00
-2.925 -1.575 0.0000e+00
-2.925 -1.525 0.0000e+00
-2.925 -1.475 0.0000e+00
-2.925 -1.425 0.0000e+00
-2.925 -1.375 0.0000e+00
-2.925 -1.325 0.0000e+00
-2.925 -1.275 0.0000e+00
-2.925 -1.225 0.0000e+00
-2.925 -1.175 0.0000e+00
-2.925 -1.125 0.0000e+00
-2.925 -1.075 0.0000e+00
-2.925 -1.025 0.0000e+00
-2.925 -0.975 0.0000e+00
-2.925 -0.925 0.0000e+00
-2.925 -0.875 0.0000e+00
-2.925 -0.825 0.0000e+00
-2.925 -0.775 0.0000e+00
-2.925 -0.725 0.0000e+00
-2.925 -0.675 0.0000e+00
-2.925 -0.625 0.0000e+00
-2.925 -0.575 0.0000e+00
-2.925 -0.525 0.0000e+00
-2.925 -0.475 0.0000e+00
-2.925 -0.425 0.0000e+00
-2.925 -0.375 0.0000e+00
-2.925 -0.325 0.0000e+00
-2.925 -0.275 0.0000e+00
-2.925 -0.225 0.0000e+00
-2.925 -0.175 0.0000e+00
-2.925 -0.125 0.0000e+00
-2.925 -0.075 0.0000e+00
-2.925 -0.025 0.0000e+00
-2.925 0.025 0.0000e+00
-2.925 0.075 0.0000e+00
-2.925 0.125 0.0000e+00
-2.925 0.175 0.0000e+00
-2.925 0.225 0.0000e+00
-2.925 0.275 0.0000e+00
-2.925 0.325 0.0000e+00
-2.925 0.375 0.0000e+00
-2.925 0.425 0.0000e+00
-2.925 0.475 0.0000e+00
-2.925 0.525 0.0000e+00
-2.925 0.575 0.0000e+00
-2.925 0.625 0.0000e+00
-2.925 0.675 0.0000e+00
-2.925 0.725 0.0000e+00
-2.925 0.775 0.0000e+00
-2.925 0.825 0.0000e+00
-2.925 0.875 0.0000e+00
-2.925 0.925 0.0000e+00
-2.925 0.975 0.0000e+00
-2.925 1.025 0.0000e+00
-2.925 1.075 0.0000e+00
-2.925 1.125 1.3476e-12
-2.925 1.175 2.6913e-12
-2.925 1.225 5.3752e-12
-2.925 1.275 1.0737e-11
-2.925 1.325 2.1450e-11
-2.925 1.375 4.2859e-11
-2.925 1.425 8.5649e-11
-2.925 1.475 1.7119e-10
-2.925 1.525 3.4223e-10
-2.925 1.575 6.8430e-10
-2.925 1.625 1.3686e-09
-2.925 1.675 2.7379e-09
-2.925 1.725 5.4786e-09
-2.925 1.775 1.0966e-08
-2.925 1.825 2.1957e-08
-2.925 1.875 4.3977e-08
-2.925 1.925 8.8110e-08
-2.925 1.975 1.7659e-07
-2.925 2.025 3.5406e-07
-2.925 2.075 7.1011e-07
-2.925 2.125 1.4246e-06
-2.925 2.175 2.8589e-06
-2.925 2.225 5.7381e-06
-2.925 2.275 1.1518e-05
-2.925 2.325 2.3116e-05
-2.925 2.375 4.6379e-05
-2.925 2.425 9.2991e-05
-2.925 2.475 1.8625e-04
-2.925 2.525 3.7241e-04
-2.925 2.575 7.4286e-04
-2.925 2.625 1.4768e-03
-2.925 2.675 2.9221e-03
-2.925 2.725 5.7456e-03
-2.925 2.775 1.1203e-02
-2.925 2.825 2.1609e-02
-2.925 2.875 4.1095e-02
-2.925 2.925 7.6769e-02
-2.925 2.975 1.4023e-01
-2.925 3.025 2.4919e-01
-2.925 3.075 4.2827e-01
-2.925 3.125 7.0749e-01
-2.925 3.175 1.1164e+00
-2.925 3.225 1.6728e+00
-2.925 3.275 2.3678e+00
-2.925 3.325 3.1546e+00
-2.925 3.375 3.9476e+00
-2.925 3.425 4.6397e+00
-2.925 3.475 5.1314e+00
-2.925 3.525 5.3594e+00
-2.925 3.575 5.3113e+00
-2.925 3.625 5.0211e+00
-2.925 3.675 4.5510e+00
-2.925 3.725 3.9693e+00
-2.925 3.775 3.3252e+00
-2.925 3.825 2.5223e+00
-2.925 3.875 0.0000e+00
-2.925 3.925 0.0000e+00
-2.925 3.975 0.0000e+00
-2.875 -1.975 0.0000e+00
-2.875 -1.925 0.0000e+00
-2.875 -1.875 0.0000e+00
-2.875 -1.825 0.0000e+00
-2.875 -1.775 0.0000e+00
-2.875 -1.725 0.0000e+00
-2.875 -1.675 0.0000e+00
-2.875 -1.625 0.0000e+00
-2.875 -1.575 0.0000e+00
-2.875 -1.525 0.0000e+00
-2.875 -1.475 0.0000e+00
-2.875 -1.425 0.0000e+00
-2.875 -1.375 0.0000e+00
-2.875 -1.325 0.0000e+00
-2.875 -1.275 0.0000e+00
-2.875 -1.225 0.0000e+00
-2.875 -1.175 0.0000e+00
-2.875 -1.125 0.0000e+00
-2.875 -1.075 0.0000e+00
-2.875 -1.025 0.0000e+00
-2.875 -0.975 0.0000e+00
-2.875 -0.925 0.0000e+00
-2.875 -0.875 0.0000e+00
-2.875 -0.825 0.0000e+00
-2.875 -0.775 0.0000e+00
-2.875 -0.725 0.0000e+00
-2.875 -0.675 0.0000e+00
-2.875 -0.625 0.0000e+00
-2.875 -0.575 0.0000e+00
-2.875 -0.525 0.0000e+00
-2.875 -0.475 0.0000e+00
-2.875 -0.425 0.0000e+00
-2.875 -0.375 0.0000e+00
-2.875 -0.325 0.0000e+00
-2.875 -0.275 0.0000e+00
-2.875 -0.225 0.0000e+00
-2.875 -0.175 0.0000e+00
-2.875 -0.125 0.0000e+00
-2.875 -0.075 0.0000e+00
-2.875 -0.025 0.0000e+00
-2.875 0.025 0.0000e+00
-2.875 0.075 0.0000e+00
-2.875 0.125 0.0000e+00
-2.875 0.175 0.0000e+00
-2.875 0.225 0.0000e+00
-2.875 0.275 0.0000e+00
-2.875 0.325 0.0000e+00
-2.875 0.375 0.0000e+00
-2.875 0.425 0.0000e+00
-2.875 0.475 0.0000e+00
-2.875 0.525 0.0000e+00
-2.875 0.575 0.0000e+00
-2.875 0.625 0.0000e+00
-2.875 0.675 0.0000e+00
-2.875 0.725 0.0000e+00
-2.875 0.775 0.0000e+00
-2.875 0.825 0.0000e+00
-2.875 0.875 0.0000e+00
-2.875 0.925 0.0000e+00
-2.875 0.975 0.0000e+00
-2.875 1.025 0.0000e+00
-2.875 1.075 0.0000e+00
-2.875 1.125 1.6965e-12
-2.875 1.175 3.3879e-12
-2.875 1.225 6.7666e-12
-2.875 1.275 1.3516e-11
-2.875 1.325 2.7002e-11
-2.875 1.375 5.3950e-11
-2.875 1.425 1.0781e-10
-2.875 1.475 2.1548e-10
-2.875 1.525 4.3074e-10
-2.875 1.575 8.6123e-10
-2.875 1.625 1.7223e-09
-2.875 1.675 3.4452e-09
-2.875 1.725 6.8931e-09
-2.875 1.775 1.3795e-08
-2.875 1.825 2.7616e-08
-2.875 1.875 5.5299e-08
-2.875 1.925 1.1076e-07
-2.875 1.975 2.2191e-07
-2.875 2.025 4.4469e-07
-2.875 2.075 8.9133e-07
-2.875 2.125 1.7868e-06
-2.875 2.175 3.5822e-06
-2.875 2.225 7.1810e-06
-2.875 2.275 1.4392e-05
-2.875 2.325 2.8828e-05
-2.875 2.375 5.7697e-05
-2.875 2.425 1.1533e-04
-2.875 2.475 2.3009e-04
-2.875 2.525 4.5783e-04
-2.875 2.575 9.0767e-04
-2.875 2.625 1.7906e-03
-2.875 2.675 3.5094e-03
-2.875 2.725 6.8188e-03
-2.875 2.775 1.3102e-02
-2.875 2.825 2.4817e-02
-2.875 2.875 4.6168e-02
-2.875 2.925 8.3976e-02
-2.875 2.975 1.4860e-01
-2.875 3.025 2.5435e-01
-2.875 3.075 4.1864e-01
-2.875 3.125 6.5852e-01
-2.875 3.175 9.8434e-01
-2.875 3.225 1.3913e+00
-2.875 3.275 1.8528e+00
-2.875 3.325 2.3203e+00
-2.875 3.375 2.7324e+00
-2.875 3.425 3.0313e+00
-2.875 3.475 3.1794e+00
-2.875 3.525 3.1675e+00
-2.875 3.575 3.0136e+00
-2.875 3.625 2.7531e+00
-2.875 3.675 2.4266e+00
-2.875 3.725 2.0699e+00
-2.875 3.775 1.7043e+00
-2.875 3.825 1.2760e+00
-2.875 3.875 0.0000e+00
-2.875 3.925 0.0000e+00
-2.875 3.975 0.0000e+00
-2.825 -1.975 0.0000e+00
-2.825 -1.925 0.0000e+00
-2.825 -1.875 0.0000e+00
-2.825 -1.825 0.0000e+00
-2.825 -1.775 0.0000e+00
-2.825 -1.725 0.0000e+00
-2.825 -1.675 0.0000e+00
-2.825 -1.625 0.0000e+00
-2.825 -1.575 0.0000e+00
-2.825 -1.525 0.0000e+00
-2.825 -1.475 0.0000e+00
-2.825 -1.425 0.0000e+00
-2.825 -1.375 0.0000e+00
-2.825 -1.325 0.0000e+00
-2.825 -1.275 0.0000e+00
-2.825 -1.225 0.0000e+00
-2.825 -1.175 0.0000e+00
-2.825 -1.125 0.0000e+00
-2.825 -1.075 0.0000e+00
-2.825 -1.025 0.0000e+00
-2.825 -0.975 0.0000e+00
-2.825 -0.925 0.0000e+00
-2.825 -0.875 0.0000e+00
-2.825 -0.825 0.0000e+00
-2.825 -0.775 0.0000e+00
-2.825 -0.725 0.0000e+00
-2.825 -0.675 0.0000e+00
-2.825 -0.625 0.0000e+00
-2.825 -0.575 0.0000e+00
-2.825 -0.525 0.0000e+00
-2.825 -0.475 0.0000e+00
-2.825 -0.425 0.0000e+00
-2.825 -0.375 0.0000e+00
-2.825 -0.325 0.0000e+00
-2.825 -0.275 0.0000e+00
-2.825 -0.225 0.0000e+00
-2.825 -0.175 0.0000e+00
-2.825 -0.125 0.0000e+00
-2.825 -0.075 0.0000e+00
-2.825 -0.025 0.0000e+00
-2.825 0.025 0.0000e+00
-2.825 0.075 0.0000e+00
-2.825 0.125 0.0000e+00
-2.825 0.175 0.0000e+00
-2.825 0.225 0.0000e+00
-2.825 0.275 0.0000e+00
-2.825 0.325 0.0000e+00
-2.825 0.375 0.0000e+00
-2.825 0.425 0.0000e+00
-2.825 0.475 0.0000e+00
-2.825 0.525 0.0000e+00
-2.825 0.575 0.0000e+00
-2.825 0.625 0.0000e+00
-2.825 0.675 0.0000e+00
-2.825 0.725 0.0000e+00
-2.825 0.775 0.0000e+00
-2.825 0.825 0.0000e+00
-2.825 0.875 0.0000e+00
-2.825 0.925 0.0000e+00
-2.825 0.975 0.0000e+00
-2.825 1.025 0.0000e+00
-2.825 1.075 0.0000e+00
-2.825 1.125 2.1356e-12
-2.825 1.175 4.2649e-12
-2.825 1.225 8.5180e-12
-2.825 1.275 1.7014e-11
-2.825 1.325 3.3989e-11
-2.825 1.375 6.7909e-11
-2.825 1.425 1.3570e-10
-2.825 1.475 2.7120e-10
-2.825 1.525 5.4211e-10
-2.825 1.575 1.0838e-09
-2.825 1.625 2.1673e-09
-2.825 1.675 4.3347e-09
-2.825 1.725 8.6715e-09
-2.825 1.775 1.7351e-08
-2.825 1.825 3.4726e-08
-2.825 1.875 6.9514e-08
-2.825 1.925 1.3918e-07
-2.825 1.975 2.7871e-07
-2.825 2.025 5.5818e-07
-2.825 2.075 1.1179e-06
-2.825 2.125 2.2389e-06
-2.825 2.175 4.4831e-06
-2.825 2.225 8.9731e-06
-2.825 2.275 1.7948e-05
-2.825 2.325 3.5865e-05
-2.825 2.375 7.1561e-05
-2.825 2.425 1.4249e-04
-2.825 2.475 2.8290e-04
-2.825 2.525 5.5950e-04
-2.825 2.575 1.1008e-03
-2.825 2.625 2.1512e-03
-2.825 2.675 4.1668e-03
-2.825 2.725 7.9794e-03
-2.825 2.775 1.5061e-02
-2.825 2.825 2.7913e-02
-2.825 2.875 5.0581e-02
-2.825 2.925 8.9169e-02
-2.825 2.975 1.5208e-01
-2.825 3.025 2.4950e-01
-2.825 3.075 3.9136e-01
-2.825 3.125 5.8374e-01
-2.825 3.175 8.2398e-01
-2.825 3.225 1.0969e+00
-2.825 3.275 1.3744e+00
-2.825 3.325 1.6212e+00
-2.825 3.375 1.8033e+00
-2.825 3.425 1.8981e+00
-2.825 3.475 1.8994e+00
-2.825 3.525 1.8166e+00
-2.825 3.575 1.6698e+00
-2.825 3.625 1.4827e+00
-2.825 3.675 1.2773e+00
-2.825 3.725 1.0702e+00
-2.825 3.775 8.6909e-01
-2.825 3.825 6.4402e-01
-2.825 3.875 0.0000e+00
-2.825 3.925 0.0000e+00
-2.825 3.975 0.0000e+00
-2.775 -1.975 0.0000e+00
-2.775 -1.925 0.0000e+00
-2.775 -1.875 0.0000e+00
-2.775 -1.825 0.0000e+00
-2.775 -1.775 0.0000e+00
-2.775 -1.725 0.0000e+00
-2.775 -1.675 0.0000e+00
-2.775 -1.625 0.0000e+00
-2.775 -1.575 0.0000e+00
-2.775 -1.525 0.0000e+00
-2.775 -1.475 0.0000e+00
-2.775 -1.425 0.0000e+00
-2.775 -1.375 0.0000e+00
-2.775 -1.325 0.0000e+00
-2.775 -1.275 0.0000e+00
-2.775 -1.225 0.0000e+00
-2.775 -1.175 0.0000e+00
-2.775 -1.125 0.0000e+00
-2.775 -1.075 0.0000e+00
-2.775 -1.025 0.0000e+00
-2.775 -0.975 0.0000e+00
-2.775 -0.925 0.0000e+00
-2.775 -0.875 0.0000e+00
-2.775 -0.825 0.0000e+00
-2.775 -0.775 0.0000e+00
-2.775 -0.725 0.0000e+00
-2.775 -0.675 0.0000e+00
-2.775 -0.625 0.0000e+00
-2.775 -0.575 0.0000e+00
-2.775 -0.525 0.0000e+00
-2.775 -0.475 0.0000e+00
-2.775 -0.425 0.0000e+00
-2.775 -0.375 0.0000e+00
-2.775 -0.325 0.0000e+00
-2.775 -0.275 0.0000e+00
-2.775 -0.225 0.0000e+00
-2.775 -0.175 0.0000e+00
-2.775 -0.125 0.0000e+00
-2.775 -0.075 0.0000e+00
-2.775 -0.025 0.0000e+00
-2.775 0.025 0.0000e+00
-2.775 0.075 0.0000e+00
-2.775 0.125 0.0000e+00
-2.775 0.175 0.0000e+00
-2.775 0.225 0.0000e+00
-2.775 0.275 0.0000e+00
-2.775 0.325 0.0000e+00
-2.775 0.375 0.0000e+00
-2.775 0.425 0.0000e+00
-2.775 0.475 0.0000e+00
-2.775 0.525 0.0000e+00
-2.775 0.575 0.0000e+00
-2.775 0.625 0.0000e+00
-2.775 0.675 0.0000e+00
-2.775 0.725 0.0000e+00
-2.775 0.775 0.0000e+00
-2.775 0.825 0.0000e+00
-2.775 0.875 0.0000e+00
-2.775 0.925 0.0000e+00
-2.775 0.975 0.0000e+00
-2.775 1.025 0.0000e+00
-2.775 1.075 0.0000e+00
-2.775 1.125 2.6884e-12
-2.775 1.175 5.3688e-12
-2.775 1.225 1.0723e-11
-2.775 1.275 2.1417e-11
-2.775 1.325 4.2784e-11
-2.775 1.375 8.5477e-11
-2.775 1.425 1.7080e-10
-2.775 1.475 3.4133e-10
-2.775 1.525 6.8223e-10
-2.775 1.575 1.3638e-09
-2.775 1.625 2.7268e-09
-2.775 1.675 5.4530e-09
-2.775 1.725 1.0907e-08
-2.775 1.775 2.1818e-08
-2.775 1.825 4.3653e-08
-2.775 1.875 8.7350e-08
-2.775 1.925 1.7481e-07
-2.775 1.975 3.4984e-07
-2.775 2.025 7.0009e-07
-2.775 2.075 1.4008e-06
-2.775 2.125 2.8020e-06
-2.775 2.175 5.6020e-06
-2.775 2.225 1.1191e-05
-2.775 2.275 2.2330e-05
-2.775 2.325 4.4485e-05
-2.775 2.375 8.8420e-05
-2.775 2.425 1.7521e-04
-2.775 2.475 3.4577e-04
-2.775 2.525 6.7872e-04
-2.775 2.575 1.3229e-03
-2.775 2.625 2.5553e-03
-2.775 2.675 4.8787e-03
-2.775 2.725 9.1793e-03
-2.775 2.775 1.6957e-02
-2.775 2.825 3.0625e-02
-2.775 2.875 5.3808e-02
-2.775 2.925 9.1482e-02
-2.775 2.975 1.4964e-01
-2.775 3.025 2.3414e-01
-2.775 3.075 3.4857e-01
-2.775 3.125 4.9143e-01
-2.775 3.175 6.5392e-01
-2.775 3.225 8.1981e-01
-2.775 3.275 9.6835e-01
-2.775 3.325 1.0796e+00
-2.775 3.375 1.1398e+00
-2.775 3.425 1.1449e+00
-2.775 3.475 1.0998e+00
-2.775 3.525 1.0159e+00
-2.775 3.575 9.0725e-01
-2.775 3.625 7.8699e-01
-2.775 3.675 6.6553e-01
-2.775 3.725 5.4960e-01
-2.775 3.775 4.4147e-01
-2.775 3.825 3.2448e-01
-2.775 3.875 0.0000e+00
-2.775 3.925 0.0000e+00
-2.775 3.975 0.0000e+00
-2.725 -1.975 0.0000e+00
-2.725 -1.925 0.0000e+00
-2.725 -1.875 0.0000e+00
-2.725 -1.825 0.0000e+00
-2.725 -1.775 0.0000e+00
-2.725 -1.725 0.0000e+00
-2.725 -1.675 0.0000e+00
-2.725 -1.625 0.0000e+00
-2.725 -1.575 0.0000e+00
-2.725 -1.525 0.0000e+00
-2.725 -1.475 0.0000e+00
-2.725 -1.425 0.0000e+00
-2.725 -1.375 0.0000e+00
-2.725 -1.325 0.0000e+00
-2.725 -1.275 0.0000e+00
-2.725 -1.225 0.0000e+00
-2.725 -1.175 0.0000e+00
-2.725 -1.125 0.0000e+00
-2.725 -1.075 0.0000e+00
-2.725 -1.025 0.0000e+00
-2.725 -0.975 0.0000e+00
-2.725 -0.925 0.0000e+00
-2.725 -0.875 0.0000e+00
-2.725 -0.825 0.0000e+00
-2.725 -0.775 0.0000e+00
-2.725 -0.725 0.0000e+00
-2.725 -0.675 0.0000e+00
-2.725 -0.625 0.0000e+00
-2.725 -0.575 0.0000e+00
-2.725 -0.525 0.0000e+00
-2.725 -0.475 0.0000e+00
-2.725 -0.425 0.0000e+00
-2.725 -0.375 0.0000e+00
-2.725 -0.325 0.0000e+00
-2.725 -0.275 0.0000e+00
-2.725 -0.225 0.0000e+00
-2.725 -0.175 0.0000e+00
-2.725 -0.125 0.0000e+00
-2.725 -0.075 0.0000e+00
-2.725 -0.025 0.0000e+00
-2.725 0.025 0.0000e+00
-2.725 0.075 0.0000e+00
-2.725 0.125 0.0000e+00
-2.725 0.175 0.0000e+00
-2.725 0.225 0.0000e+00
-2.725 0.275 0.0000e+00
-2.725 0.325 0.0000e+00
-2.725 0.375 0.0000e+00
-2.725 0.425 0.0000e+00
-2.725 0.475 0.0000e+00
-2.725 0.525 0.0000e+00
-2.725 0.575 0.0000e+00
-2.725 0.625 0.0000e+00
-2.725 0.675 0.0000e+00
-2.725 0.725 0.0000e+00
-2.725 0.775 0.0000e+00
-2.725 0.825 0.0000e+00
-2.725 0.875 0.0000e+00
-2.725 0.925 0.0000e+00
-2.725 0.975 0.0000e+00
-2.725 1.025 0.0000e+00
-2.725 1.075 0.0000e+00
-2.725 1.125 3.3843e-12
-2.725 1.175 6.7583e-12
-2.725 1.225 1.3497e-11
-2.725 1.275 2.6959e-11
-2.725 1.325 5.3852e-11
-2.725 1.375 1.0758e-10
-2.725 1.425 2.1496e-10
-2.725 1.475 4.2955e-10
-2.725 1.525 8.5847e-10
-2.725 1.575 1.7159e-09
-2.725 1.625 3.4304e-09
-2.725 1.675 6.8586e-09
-2.725 1.725 1.3715e-08
-2.725 1.775 2.7427e-08
-2.725 1.825 5.4854e-08
-2.725 1.875 1.0971e-07
-2.725 1.925 2.1942e-07
-2.725 1.975 4.3878e-07
-2.725 2.025 8.7725e-07
-2.725 2.075 1.7532e-06
-2.725 2.125 3.5015e-06
-2.725 2.175 6.9869e-06
-2.725 2.225 1.3924e-05
-2.725 2.275 2.7699e-05
-2.725 2.325 5.4969e-05
-2.725 2.375 1.0874e-04
-2.725 2.425 2.1418e-04
-2.725 2.475 4.1953e-04
-2.725 2.525 8.1586e-04
-2.725 2.575 1.5720e-03
-2.725 2.625 2.9934e-03
-2.725 2.675 5.6162e-03
-2.725 2.725 1.0345e-02
-2.725 2.775 1.8627e-02
-2.725 2.825 3.2632e-02
-2.725 2.875 5.5322e-02
-2.725 2.925 9.0258e-02
-2.725 2.975 1.4091e-01
-2.725 3.025 2.0942e-01
-2.725 3.075 2.9493e-01
-2.725 3.125 3.9230e-01
-2.725 3.175 4.9203e-01
-2.725 3.225 5.8188e-01
-2.725 3.275 6.4998e-01
-2.725 3.325 6.8806e-01
-2.725 3.375 6.9334e-01
-2.725 3.425 6.6850e-01
-2.725 3.475 6.2011e-01
-2.725 3.525 5.5636e-01
-2.725 3.575 4.8516e-01
-2.725 3.625 4.1289e-01
-2.725 3.675 3.4398e-01
-2.725 3.725 2.8080e-01
-2.725 3.775 2.2358e-01
-2.725 3.825 1.6327e-01
-2.725 3.875 0.0000e+00
-2.725 3.925 0.0000e+00
-2.725 3.975 0.0000e+00
-2.675 -1.975 0.0000e+00
-2.675 -1.925 0.0000e+00
-2.675 -1.875 0.0000e+00
-2.675 -1.825 0.0000e+00
-2.675 -1.775 0.0000e+00
-2.675 -1.725 0.0000e+00
-2.675 -1.675 0.0000e+00
-2.675 -1.625 0.0000e+00
-2.675 -1.575 0.0000e+00
-2.675 -1.525 0.0000e+00
-2.675 -1.475 0.0000e+00
-2.675 -1.425 0.0000e+00
-2.675 -1.375 0.0000e+00
-2.675 -1.325 0.0000e+00
-2.675 -1.275 0.0000e+00
-2.675 -1.225 0.0000e+00
-2.675 -1.175 0.0000e+00
-2.675 -1.125 0.0000e+00
-2.675 -1.075 0.0000e+00
-2.675 -1.025 0.0000e+00
-2.675 -0.975 0.0000e+00
-2.675 -0.925 0.0000e+00
-2.675 -0.875 0.0000e+00
-2.675 -0.825 0.0000e+00
-2.675 -0.775 0.0000e+00
-2.675 -0.725 0.0000e+00
-2.675 -0.675 0.0000e+00
-2.675 -0.625 0.0000e+00
-2.675 -0.575 0.0000e+00
-2.675 -0.525 0.0000e+00
-2.675 -0.475 0.0000e+00
-2.675 -0.425 0.0000e+00
-2.675 -0.375 0.0000e+00
-2.675 -0.325 0.0000e+00
-2.675 -0.275 0.0000e+00
-2.675 -0.225 0.0000e+00
-2.675 -0.175 0.0000e+00
-2.675 -0.125 0.0000e+00
-2.675 -0.075 0.0000e+00
-2.675 -0.025 0.0000e+00
-2.675 0.025 0.0000e+00
-2.675 0.075 0.0000e+00
-2.675 0.125 0.0000e+00
-2.675 0.175 0.0000e+00
-2.675 0.225 0.0000e+00
-2.675 0.275 0.0000e+00
-2.675 0.325 0.0000e+00
-2.675 0.375 0.0000e+00
-2.675 0.425 0.0000e+00
-2.675 0.475 0.0000e+00
-2.675 0.525 0.0000e+00
-2.675 0.575 0.0000e+00
-2.675 0.625 0.0000e+00
-2.675 0.675 0.0000e+00
-2.675 0.725 0.0000e+00
-2.675 0.775 0.0000e+00
-2.675 0.825 0.0000e+00
-2.675 0.875 0.0000e+00
-2.675 0.925 0.0000e+00
-2.675 0.975 0.0000e+00
-2.675 1.025 0.0000e+00
-2.675 1.075 0.0000e+00
-2.675 1.125 4.2602e-12
-2.675 1.175 8.5072e-12
-2.675 1.225 1.6990e-11
-2.675 1.275 3.3933e-11
-2.675 1.325 6.7779e-11
-2.675 1.375 1.3540e-10
-2.675 1.425 2.7051e-10
-2.675 1.475 5.4051e-10
-2.675 1.525 1.0801e-09
-2.675 1.575 2.1587e-09
-2.675 1.625 4.3146e-09
-2.675 1.675 8.6244e-09
-2.675 1.725 1.7240e-08
-2.675 1.775 3.4464e-08
-2.675 1.825 6.8895e-08
-2.675 1.875 1.3771e-07
-2.675 1.925 2.7521e-07
-2.675 1.975 5.4982e-07
-2.675 2.025 1.0979e-06
-2.675 2.075 2.1908e-06
-2.675 2.125 4.3671e-06
-2.675 2.175 8.6933e-06
-2.675 2.225 1.7272e-05
-2.675 2.275 3.4229e-05
-2.675 2.325 6.7605e-05
-2.675 2.375 1.3294e-04
-2.675 2.425 2.5991e-04
-2.675 2.475 5.0442e-04
-2.675 2.525 9.6975e-04
-2.675 2.575 1.8423e-03
-2.675 2.625 3.4479e-03
-2.675 2.675 6.3344e-03
-2.675 2.725 1.1376e-02
-2.675 2.775 1.9877e-02
-2.675 2.825 3.3613e-02
-2.675 2.875 5.4714e-02
-2.675 2.925 8.5253e-02
-2.675 2.975 1.2650e-01
-2.675 3.025 1.7798e-01
-2.675 3.075 2.3667e-01
-2.675 3.125 2.9694e-01
-2.675 3.175 3.5152e-01
-2.675 3.225 3.9333e-01
-2.675 3.275 4.1732e-01
-2.675 3.325 4.2169e-01
-2.675 3.375 4.0789e-01
-2.675 3.425 3.7970e-01
-2.675 3.475 3.4199e-01
-2.675 3.525 2.9949e-01
-2.675 3.575 2.5611e-01
-2.675 3.625 2.1462e-01
-2.675 3.675 1.7665e-01
-2.675 3.725 1.4288e-01
-2.675 3.775 1.1298e-01
-2.675 3.825 8.2080e-02
-2.675 3.875 0.0000e+00
-2.675 3.925 0.0000e+00
-2.675 3.975 0.0000e+00
-2.625 -1.975 0.0000e+00
-2.625 -1.925 0.0000e+00
-2.625 -1.875 0.0000e+00
-2.625 -1.825 0.0000e+00
-2.625 -1.775 0.0000e+00
-2.625 -1.725 0.0000e+00
-2.625 -1.675 0.0000e+00
-2.625 -1.625 0.0000e+00
-2.625 -1.575 0.0000e+00
-2.625 -1.525 0.0000e+00
-2.625 -1.475 0.0000e+00
-2.625 -1.425 0.0000e+00
-2.625 -1.375 0.0000e+00
-2.625 -1.325 0.0000e+00
-2.625 -1.275 0.0000e+00
-2.625 -1.225 0.0000e+00
-2.625 -1.175 0.0000e+00
-2.625 -1.125 0.0000e+00
-2.625 -1.075 0.0000e+00
-2.625 -1.025 0.0000e+00
-2.625 -0.975 0.0000e+00
-2.625 -0.925 0.0000e+00
-2.625 -0.875 0.0000e+00
-2.625 -0.825 0.0000e+00
-2.625 -0.775 0.0000e+00
-2.625 -0.725 0.0000e+00
-2.625 -0.675 0.0000e+00
-2.625 -0.625 0.0000e+00
-2.625 -0.575 0.0000e+00
-2.625 -0.525 0.0000e+00
-2.625 -0.475 0.0000e+00
-2.625 -0.425 0.0000e+00
-2.625 -0.375 0.0000e+00
-2.625 -0.325 0.0000e+00
-2.625 -0.275 0.0000e+00
-2.625 -0.225 0.0000e+00
-2.625 -0.175 0.0000e+00
-2.625 -0.125 0.0000e+00
-2.625 -0.075 0.0000e+00
-2.625 -0.025 0.0000e+00
-2.625 0.025 0.0000e+00
-2.625 0.075 0.0000e+00
-2.625 0.125 0.0000e+00
-2.625 0.175 0.0000e+00
-2.625 0.225 0.0000e+00
-2.625 0.275 0.0000e+00
-2.625 0.325 0.0000e+00
-2.625 0.375 0.0000e+00
-2.625 0.425 0.0000e+00
-2.625 0.475 0.0000e+00
-2.625 0.525 0.0000e+00
-2.625 0.575 0.0000e+00
-2.625 0.625 0.0000e+00
-2.625 0.675 0.0000e+00
-2.625 0.725 0.0000e+00
-2.625 0.775 0.0000e+00
-2.625 0.825 0.0000e+00
-2.625 0.875 0.0000e+00
-2.625 0.925 0.0000e+00
-2.625 0.975 0.0000e+00
-2.625 1.025 0.0000e+00
-2.625 1.075 0.0000e+00
-2.625 1.125 5.3626e-12
-2.625 1.175 1.0708e-11
-2.625 1.225 2.1385e-11
-2.625 1.275 4.2709e-11
-2.625 1.325 8.5304e-11
-2.625 1.375 1.7040e-10
-2.625 1.425 3.4040e-10
-2.625 1.475 6.8007e-10
-2.625 1.525 1.3588e-09
-2.625 1.575 2.7151e-09
-2.625 1.625 5.4254e-09
-2.625 1.675 1.0841e-08
-2.625 1.725 2.1664e-08
-2.625 1.775 4.3287e-08
-2.625 1.825 8.6479e-08
-2.625 1.875 1.7273e-07
-2.625 1.925 3.4485e-07
-2.625 1.975 6.8813e-07
-2.625 2.025 1.3720e-06
-2.625 2.075 2.7325e-06
-2.625 2.125 5.4339e-06
-2.625 2.175 1.0784e-05
-2.625 2.225 2.1345e-05
-2.625 2.275 4.2101e-05
-2.625 2.325 8.2661e-05
-2.625 2.375 1.6134e-04
-2.625 2.425 3.1256e-04
-2.625 2.475 5.9974e-04
-2.625 2.525 1.1370e-03
-2.625 2.575 2.1232e-03
-2.625 2.625 3.8917e-03
-2.625 2.675 6.9727e-03
-2.625 2.725 1.2155e-02
-2.625 2.775 2.0509e-02
-2.625 2.825 3.3315e-02
-2.625 2.875 5.1819e-02
-2.625 2.925 7.6788e-02
-2.625 2.975 1.0794e-01
-2.625 3.025 1.4349e-01
-2.625 3.075 1.8008e-01
-2.625 3.125 2.1337e-01
-2.625 3.175 2.3910e-01
-2.625 3.225 2.5419e-01
-2.625 3.275 2.5747e-01
-2.625 3.325 2.4973e-01
-2.625 3.375 2.3319e-01
-2.625 3.425 2.1072e-01
-2.625 3.475 1.8518e-01
-2.625 3.525 1.5897e-01
-2.625 3.575 1.3380e-01
-2.625 3.625 1.1073e-01
-2.625 3.675 9.0261e-02
-2.625 3.725 7.2468e-02
-2.625 3.775 5.6987e-02
-2.625 3.825 4.1234e-02
-2.625 3.875 0.0000e+00
-2.625 3.925 0.0000e+00
-2.625 3.975 0.0000e+00
-2.575 -1.975 0.0000e+00
-2.575 -1.925 0.0000e+00
-2.575 -1.875 0.0000e+00
-2.575 -1.825 0.0000e+00
-2.575 -1.775 0.0000e+00
-2.575 -1.725 0.0000e+00
-2.575 -1.675 0.0000e+00
-2.575 -1.625 0.0000e+00
-2.575 -1.575 0.0000e+00
-2.575 -1.525 0.0000e+00
-2.575 -1.475 0.0000e+00
-2.575 -1.425 0.0000e+00
-2.575 -1.375 0.0000e+00
-2.575 -1.325 0.0000e+00
-2.575 -1.275 0.0000e+00
-2.575 -1.225 0.0000e+00
-2.575 -1.175 0.0000e+00
-2.575 -1.125 0.0000e+00
-2.575 -1.075 0.0000e+00
-2.575 -1.025 0.0000e+00
-2.575 -0.975 0.0000e+00
-2.575 -0.925 0.0000e+00
-2.575 -0.875 0.0000e+00
-2.575 -0.825 0.0000e+00
-2.575 -0.775 0.0000e+00
-2.575 -0.725 0.0000e+00
-2.575 -0.675 0.0000e+00
-2.575 -0.625 0.0000e+00
-2.575 -0.575 0.0000e+00
-2.575 -0.525 0.0000e+00
-2.575 -0.475 0.0000e+00
-2.575 -0.425 0.0000e+00
-2.575 -0.375 0.0000e+00
-2.575 -0.325 0.0000e+00
-2.575 -0.275 0.0000e+00
-2.575 -0.225 0.0000e+00
-2.575 -0.175 0.0000e+00
-2.575 -0.125 0.0000e+00
-2.575 -0.075 0.0000e+00
-2.575 -0.025 0.0000e+00
-2.575 0.025 0.0000e+00
-2.575 0.075 0.0000e+00
-2.575 0.125 0.0000e+00
-2.575 0.175 0.0000e+00
-2.575 0.225 0.0000e+00
-2.575 0.275 0.0000e+00
-2.575 0.325 0.0000e+00
-2.575 0.375 0.0000e+00
-2.575 0.425 0.0000e+00
-2.575 0.475 0.0000e+00
-2.575 0.525 0.0000e+00
-2.575 0.575 0.0000e+00
-2.575 0.625 0.0000e+00
-2.575 0.675 0.0000e+00
-2.575 0.725 0.0000e+00
-2.575 0.775 0.0000e+00
-2.575 0.825 0.0000e+00
-2.575 0.875 0.0000e+00
-2.575 0.925 0.0000e+00
-2.575 0.975 0.0000e+00
-2.575 1.025 0.0000e+00
-2.575 1.075 0.0000e+00
-2.575 1.125 6.7501e-12
-2.575 1.175 1.3479e-11
-2.575 1.225 2.6915e-11
-2.575 1.275 5.3752e-11
-2.575 1.325 1.0735e-10
-2.575 1.375 2.1442e-10
-2.575 1.425 4.2829e-10
-2.575 1.475 8.5553e-10
-2.575 1.525 1.7090e-09
-2.575 1.575 3.4141e-09
-2.575 1.625 6.8201e-09
-2.575 1.675 1.3623e-08
-2.575 1.725 2.7210e-08
-2.575 1.775 5.4335e-08
-2.575 1.825 1.0847e-07
-2.575 1.875 2.1644e-07
-2.575 1.925 4.3161e-07
-2.575 1.975 8.5993e-07
-2.575 2.025 1.7113e-06
-2.575 2.075 3.4000e-06
-2.575 2.125 6.7410e-06
-2.575 2.175 1.3328e-05
-2.575 2.225 2.6256e-05
-2.575 2.275 5.1481e-05
-2.575 2.325 1.0034e-04
-2.575 2.375 1.9407e-04
-2.575 2.425 3.7172e-04
-2.575 2.475 7.0339e-04
-2.575 2.525 1.3109e-03
-2.575 2.575 2.3980e-03
-2.575 2.625 4.2875e-03
-2.575 2.675 7.4585e-03
-2.575 2.725 1.2560e-02
-2.575 2.775 2.0365e-02
-2.575 2.825 3.1628e-02
-2.575 2.875 4.6811e-02
-2.575 2.925 6.5751e-02
-2.575 2.975 8.7378e-02
-2.575 3.025 1.0969e-01
-2.575 3.075 1.3007e-01
-2.575 3.125 1.4594e-01
-2.575 3.175 1.5541e-01
-2.575 3.225 1.5775e-01
-2.575 3.275 1.5338e-01
-2.575 3.325 1.4360e-01
-2.575 3.375 1.3013e-01
-2.575 3.425 1.1470e-01
-2.575 3.475 9.8777e-02
-2.575 3.525 8.3426e-02
-2.575 3.575 6.9316e-02
-2.575 3.625 5.6790e-02
-2.575 3.675 4.5936e-02
-2.575 3.725 3.6664e-02
-2.575 3.775 2.8705e-02
-2.575 3.825 2.0703e-02
-2.575 3.875 0.0000e+00
-2.575 3.925 0.0000e+00
-2.575 3.975 0.0000e+00
-2.525 -1.975 0.0000e+00
-2.525 -1.925 0.0000e+00
-2.525 -1.875 0.0000e+00
-2.525 -1.825 0.0000e+00
-2.525 -1.775 0.0000e+00
-2.525 -1.725 0.0000e+00
-2.525 -1.675 0.0000e+00
-2.525 -1.625 0.0000e+00
-2.525 -1.575 0.0000e+00
-2.525 -1.525 0.0000e+00
-2.525 -1.475 0.0000e+00
-2.525 -1.425 0.0000e+00
-2.525 -1.375 0.0000e+00
-2.525 -1.325 0.0000e+00
-2.525 -1.275 0.0000e+00
-2.525 -1.225 0.0000e+00
-2.525 -1.175 0.0000e+00
-2.525 -1.125 0.0000e+00
-2.525 -1.075 0.0000e+00
-2.525 -1.025 0.0000e+00
-2.525 -0.975 0.0000e+00
-2.525 -0.925 0.0000e+00
-2.525 -0.875 0.0000e+00
-2.525 -0.825 0.0000e+00
-2.525 -0.775 0.0000e+00
-2.525 -0.725 0.0000e+00
-2.525 -0.675 0.0000e+00
-2.525 -0.625 0.0000e+00
-2.525 -0.575 0.0000e+00
-2.525 -0.525 0.0000e+00
-2.525 -0.475 0.0000e+00
-2.525 -0.425 0.0000e+00
-2.525 -0.375 0.0000e+00
-2.525 -0.325 0.0000e+00
-2.525 -0.275 0.0000e+00
-2.525 -0.225 0.0000e+00
-2.525 -0.175 0.0000e+00
-2.525 -0.125 0.0000e+00
-2.525 -0.075 0.0000e+00
-2.525 -0.025 0.0000e+00
-2.525 0.025 0.0000e+00
-2.525 0.075 0.0000e+00
-2.525 0.125 0.0000e+00
-2.525 0.175 0.0000e+00
-2.525 0.225 0.0000e+00
-2.525 0.275 0.0000e+00
-2.525 0.325 0.0000e+00
-2.525 0.375 0.0000e+00
-2.525 0.425 0.0000e+00
-2.525 0.475 0.0000e+00
-2.525 0.525 0.0000e+00
-2.525 0.575 0.0000e+00
-2.525 0.625 0.0000e+00
-2.525 0.675 0.0000e+00
-2.525 0.725 0.0000e+00
-2.525 0.775 0.0000e+00
-2.525 0.825 0.0000e+00
-2.525 0.875 0.0000e+00
-2.525 0.925 0.0000e+00
-2.525 0.975 0.0000e+00
-2.525 1.025 0.0000e+00
-2.525 1.075 0.0000e+00
-2.525 1.125 8.4964e-12
-2.525 1.175 1.6965e-11
-2.525 1.225 3.3875e-11
-2.525 1.275 6.7644e-11
-2.525 1.325 1.3509e-10
-2.525 1.375 2.6978e-10
-2.525 1.425 5.3878e-10
-2.525 1.475 1.0760e-09
-2.525 1.525 2.1490e-09
-2.525 1.575 4.2917e-09
-2.525 1.625 8.5701e-09
-2.525 1.675 1.7111e-08
-2.525 1.725 3.4155e-08
-2.525 1.775 6.8151e-08
-2.525 1.825 1.3592e-07
-2.525 1.875 2.7089e-07
-2.525 1.925 5.3937e-07
-2.525 1.975 1.0726e-06
-2.525 2.025 2.1294e-06
-2.525 2.075 4.2180e-06
-2.525 2.125 8.3314e-06
-2.525 2.175 1.6395e-05
-2.525 2.225 3.2108e-05
-2.525 2.275 6.2498e-05
-2.525 2.325 1.2071e-04
-2.525 2.375 2.3085e-04
-2.525 2.425 4.3610e-04
-2.525 2.475 8.1137e-04
-2.525 2.525 1.4815e-03
-2.525 2.575 2.6439e-03
-2.525 2.625 4.5909e-03
-2.525 2.675 7.7173e-03
-2.525 2.725 1.2493e-02
-2.525 2.775 1.9375e-02
-2.525 2.825 2.8645e-02
-2.525 2.875 4.0207e-02
-2.525 2.925 5.3419e-02
-2.525 2.975 6.7071e-02
-2.525 3.025 7.9586e-02
-2.525 3.075 8.9397e-02
-2.525 3.125 9.5346e-02
-2.525 3.175 9.6959e-02
-2.525 3.225 9.4470e-02
-2.525 3.275 8.8647e-02
-2.525 3.325 8.0527e-02
-2.525 3.375 7.1163e-02
-2.525 3.425 6.1449e-02
-2.525 3.475 5.2047e-02
-2.525 3.525 4.3380e-02
-2.525 3.575 3.5670e-02
-2.525 3.625 2.8989e-02
-2.525 3.675 2.3304e-02
-2.525 3.725 1.8513e-02
-2.525 3.775 1.4444e-02
-2.525 3.825 1.0391e-02
-2.525 3.875 0.0000e+00
-2.525 3.925 0.0000e+00
-2.525 3.975 0.0000e+00
-2.475 -1.975 0.0000e+00
-2.475 -1.925 0.0000e+00
-2.475 -1.875 0.0000e+00
-2.475 -1.825 0.0000e+00
-2.475 -1.775 0.0000e+00
-2.475 -1.725 0.0000e+00
-2.475 -1.675 0.0000e+00
-2.475 -1.625 0.0000e+00
-2.475 -1.575 0.0000e+00
-2.475 -1.525 0.0000e+00
-2.475 -1.475 0.0000e+00
-2.475 -1.425 0.0000e+00
-2.475 -1.375 0.0000e+00
-2.475 -1.325 0.0000e+00
-2.475 -1.275 0.0000e+00
-2.475 -1.225 0.0000e+00
-2.475 -1.175 0.0000e+00
-2.475 -1.125 0.0000e+00
-2.475 -1.075 0.0000e+00
-2.475 -1.025 0.0000e+00
-2.475 -0.975 0.0000e+00
-2.475 -0.925 0.0000e+00
-2.475 -0.875 0.0000e+00
-2.475 -0.825 0.0000e+00
-2.475 -0.775 0.0000e+00
-2.475 -0.725 0.0000e+00
-2.475 -0.675 0.0000e+00
-2.475 -0.625 0.0000e+00
-2.475 -0.575 0.0000e+00
-2.475 -0.525 0.0000e+00
-2.475 -0.475 0.0000e+00
-2.475 -0.425 0.0000e+00
-2.475 -0.375 0.0000e+00
-2.475 -0.325 0.0000e+00
-2.475 -0.275 0.0000e+00
-2.475 -0.225 0.0000e+00
-2.475 -0.175 0.0000e+00
-2.475 -0.125 0.0000e+00
-2.475 -0.075 0.0000e+00
-2.475 -0.025 0.0000e+00
-2.475 0.025 0.0000e+00
-2.475 0.075 0.0000e+00
-2.475 0.125 0.0000e+00
-2.475 0.175 0.0000e+00
-2.475 0.225 0.0000e+00
-2.475 0.275 0.0000e+00
-2.475 0.325 0.0000e+00
-2.475 0.375 0.0000e+00
-2.475 0.425 0.0000e+00
-2.475 0.475 0.0000e+00
-2.475 0.525 0.0000e+00
-2.475 0.575 0.0000e+00
-2.475 0.625 0.0000e+00
-2.475 0.675 0.0000e+00
-2.475 0.725 0.0000e+00
-2.475 0.775 0.0000e+00
-2.475 0.825 0.0000e+00
-2.475 0.875 0.0000e+00
-2.475 0.925 0.0000e+00
-2.475 0.975 0.0000e+00
-2.475 1.025 0.0000e+00
-2.475 1.075 0.0000e+00
-2.475 1.125 1.0694e-11
-2.475 1.175 2.1351e-11
-2.475 1.225 4.2630e-11
-2.475 1.275 8.5120e-11
-2.475 1.325 1.6996e-10
-2.475 1.375 3.3938e-10
-2.475 1.425 6.7766e-10
-2.475 1.475 1.3531e-09
-2.475 1.525 2.7015e-09
-2.475 1.575 5.3930e-09
-2.475 1.625 1.0764e-08
-2.475 1.675 2.1478e-08
-2.475 1.725 4.2839e-08
-2.475 1.775 8.5399e-08
-2.475 1.825 1.7011e-07
-2.475 1.875 3.3852e-07
-2.475 1.925 6.7276e-07
-2.475 1.975 1.3347e-06
-2.475 2.025 2.6417e-06
-2.475 2.075 5.2134e-06
-2.475 2.125 1.0249e-05
-2.475 2.175 2.0051e-05
-2.475 2.225 3.8983e-05
-2.475 2.275 7.5196e-05
-2.475 2.325 1.4361e-04
-2.475 2.375 2.7091e-04
-2.475 2.425 5.0324e-04
-2.475 2.475 9.1737e-04
-2.475 2.525 1.6345e-03
-2.475 2.575 2.8335e-03
-2.475 2.625 4.7557e-03
-2.475 2.675 7.6878e-03
-2.475 2.725 1.1908e-02
-2.475 2.775 1.7588e-02
-2.475 2.825 2.4672e-02
-2.475 2.875 3.2771e-02
-2.475 2.925 4.1154e-02
-2.475 2.975 4.8862e-02
-2.475 3.025 5.4939e-02
-2.475 3.075 5.8673e-02
-2.475 3.125 5.9762e-02
-2.475 3.175 5.8334e-02
-2.475 3.225 5.4848e-02
-2.475 3.275 4.9931e-02
-2.475 3.325 4.4222e-02
-2.475 3.375 3.8273e-02
-2.475 3.425 3.2494e-02
-2.475 3.475 2.7153e-02
-2.475 3.525 2.2390e-02
-2.475 3.575 1.8258e-02
-2.475 3.625 1.4742e-02
-2.475 3.675 1.1793e-02
-2.475 3.725 9.3335e-03
-2.475 3.775 7.2618e-03
-2.475 3.825 5.2136e-03
-2.475 3.875 0.0000e+00
-2.475 3.925 0.0000e+00
-2.475 3.975 0.0000e+00
-2.425 -1.975 0.0000e+00
-2.425 -1.925 0.0000e+00
-2.425 -1.875 0.0000e+00
-2.425 -1.825 0.0000e+00
-2.425 -1.775 0.0000e+00
-2.425 -1.725 0.0000e+00
-2.425 -1.675 0.0000e+00
-2.425 -1.625 0.0000e+00
-2.425 -1.575 0.0000e+00
-2.425 -1.525 0.0000e+00
-2.425 -1.475 0.0000e+00
-2.425 -1.425 0.0000e+00
-2.425 -1.375 0.0000e+00
-2.425 -1.325 0.0000e+00
-2.425 -1.275 0.0000e+00
-2.425 -1.225 0.0000e+00
-2.425 -1.175 0.0000e+00
-2.425 -1.125 0.0000e+00
-2.425 -1.075 0.0000e+00
-2.425 -1.025 0.0000e+00
-2.425 -0.975 0.0000e+00
-2.425 -0.925 0.0000e+00
-2.425 -0.875 0.0000e+00
-2.425 -0.825 0.0000e+00
-2.425 -0.775 0.0000e+00
-2.425 -0.725 0.0000e+00
-2.425 -0.675 0.0000e+00
-2.425 -0.625 0.0000e+00
-2.425 -0.575 0.0000e+00
-2.425 -0.525 0.0000e+00
-2.425 -0.475 0.0000e+00
-2.425 -0.425 0.0000e+00
-2.425 -0.375 0.0000e+00
-2.425 -0.325 0.0000e+00
-2.425 -0.275 0.0000e+00
-2.425 -0.225 0.0000e+00
-2.425 -0.175 0.0000e+00
-2.425 -0.125 0.0000e+00
-2.425 -0.075 0.0000e+00
-2.425 -0.025 0.0000e+00
-2.425 0.025 0.0000e+00
-2.425 0.075 0.0000e+00
-2.425 0.125 0.0000e+00
-2.425 0.175 0.0000e+00
-2.425 0.225 0.0000e+00
-2.425 0.275 0.0000e+00
-2.425 0.325 0.0000e+00
-2.425 0.375 0.0000e+00
-2.425 0.425 0.0000e+00
-2.425 0.475 0.0000e+00
-2.425 0.525 0.0000e+00
-2.425 0.575 0.0000e+00
-2.425 0.625 0.0000e+00
-2.425 0.675 0.0000e+00
-2.425 0.725 0.0000e+00
-2.425 0.775 0.0000e+00
-2.425 0.825 0.0000e+00
-2.425 0.875 0.0000e+00
-2.425 0.925 0.0000e+00
-2.425 0.975 0.0000e+00
-2.425 1.025 0.0000e+00
-2.425 1.075 0.0000e+00
-2.425 1.125 1.3459e-11
-2.425 1.175 2.6869e-11
-2.425 1.225 5.3643e-11
-2.425 1.275 1.0710e-10
-2.425 1.325 2.1381e-10
-2.425 1.375 4.2686e-10
-2.425 1.425 8.5213e-10
-2.425 1.475 1.7009e-09
-2.425 1.525 3.3947e-09
-2.425 1.575 6.7736e-09
-2.425 1.625 1.3511e-08
-2.425 1.675 2.6940e-08
-2.425 1.725 5.3682e-08
-2.425 1.775 1.0688e-07
-2.425 1.825 2.1259e-07
-2.425 1.875 4.2225e-07
-2.425 1.925 8.3716e-07
-2.425 1.975 1.6559e-06
-2.425 2.025 3.2653e-06
-2.425 2.075 6.4138e-06
-2.425 2.125 1.2536e-05
-2.425 2.175 2.4347e-05
-2.425 2.225 4.6910e-05
-2.425 2.275 8.9483e-05
-2.425 2.325 1.6857e-04
-2.425 2.375 3.1271e-04
-2.425 2.425 5.6924e-04
-2.425 2.475 1.0128e-03
-2.425 2.525 1.7531e-03
-2.425 2.575 2.9383e-03
-2.425 2.625 4.7438e-03
-2.425 2.675 7.3398e-03
-2.425 2.725 1.0832e-02
-2.425 2.775 1.5186e-02
-2.425 2.825 2.0167e-02
-2.425 2.875 2.5329e-02
-2.425 2.925 3.0089e-02
-2.425 2.975 3.3860e-02
-2.425 3.025 3.6204e-02
-2.425 3.075 3.6928e-02
-2.425 3.125 3.6104e-02
-2.425 3.175 3.4006e-02
-2.425 3.225 3.1014e-02
-2.425 3.275 2.7521e-02
-2.425 3.325 2.3866e-02
-2.425 3.375 2.0304e-02
-2.425 3.425 1.7002e-02
-2.425 3.475 1.4052e-02
-2.425 3.525 1.1488e-02
-2.425 3.575 9.3051e-03
-2.425 3.625 7.4747e-03
-2.425 3.675 5.9556e-03
-2.425 3.725 4.6997e-03
-2.425 3.775 3.6485e-03
-2.425 3.825 0.0000e+00
-2.425 3.875 0.0000e+00
-2.425 3.925 0.0000e+00
-2.425 3.975 0.0000e+00
-2.375 -1.975 0.0000e+00
-2.375 -1.925 0.0000e+00
-2.375 -1.875 0.0000e+00
-2.375 -1.825 0.0000e+00
-2.375 -1.775 0.0000e+00
-2.375 -1.725 0.0000e+00
-2.375 -1.675 0.0000e+00
-2.375 -1.625 0.0000e+00
-2.375 -1.575 0.0000e+00
-2.375 -1.525 0.0000e+00
-2.375 -1.475 0.0000e+00
-2.375 -1.425 0.0000e+00
-2.375 -1.375 0.0000e+00
-2.375 -1.325 0.0000e+00
-2.375 -1.275 0.0000e+00
-2.375 -1.225 0.0000e+00
-2.375 -1.175 0.0000e+00
-2.375 -1.125 0.0000e+00
-2.375 -1.075 0.0000e+00
-2.375 -1.025 0.0000e+00
-2.375 -0.975 0.0000e+00
-2.375 -0.925 0.0000e+00
-2.375 -0.875 0.0000e+00
-2.375 -0.825 0.0000e+00
-2.375 -0.775 0.0000e+00
-2.375 -0.725 0.0000e+00
-2.375 -0.675 0.0000e+00
-2.375 -0.625 0.0000e+00
-2.375 -0.575 0.0000e+00
-2.375 -0.525 0.0000e+00
-2.375 -0.475 0.0000e+00
-2.375 -0.425 0.0000e+00
-2.375 -0.375 0.0000e+00
-2.375 -0.325 0.0000e+00
-2.375 -0.275 0.0000e+00
-2.375 -0.225 0.0000e+00
-2.375 -0.175 0.0000e+00
-2.375 -0.125 0.0000e+00
-2.375 -0.075 0.0000e+00
-2.375 -0.025 0.0000e+00
-2.375 0.025 0.0000e+00
-2.375 0.075 0.0000e+00
-2.375 0.125 0.0000e+00
-2.375 0.175 0.0000e+00
-2.375 0.225 0.0000e+00
-2.375 0.275 0.0000e+00
-2.375 0.325 0.0000e+00
-2.375 0.375 0.0000e+00
-2.375 0.425 0.0000e+00
-2.375 0.475 0.0000e+00
-2.375 0.525 0.0000e+00
-2.375 0.575 0.0000e+00
-2.375 0.625 0.0000e+00
-2.375 0.675 0.0000e+00
-2.375 0.725 0.0000e+00
-2.375 0.775 0.0000e+00
-2.375 0.825 0.0000e+00
-2.375 0.875 0.0000e+00
-2.375 0.925 0.0000e+00
-2.375 0.975 0.0000e+00
-2.375 1.025 0.0000e+00
-2.375 1.075 0.0000e+00
-2.375 1.125 1.6937e-11
-2.375 1.175 3.3811e-11
-2.375 1.225 6.7493e-11
-2.375 1.275 1.3473e-10
-2.375 1.325 2.6893e-10
-2.375 1.375 5.3675e-10
-2.375 1.425 1.0712e-09
-2.375 1.475 2.1374e-09
-2.375 1.525 4.2637e-09
-2.375 1.575 8.5025e-09
-2.375 1.625 1.6947e-08
-2.375 1.675 3.3758e-08
-2.375 1.725 6.7188e-08
-2.375 1.775 1.3357e-07
-2.375 1.825 2.6517e-07
-2.375 1.875 5.2544e-07
-2.375 1.925 1.0387e-06
-2.375 1.975 2.0467e-06
-2.375 2.025 4.0173e-06
-2.375 2.075 7.8451e-06
-2.375 2.125 1.5223e-05
-2.375 2.175 2.9301e-05
-2.375 2.225 5.5831e-05
-2.375 2.275 1.0506e-04
-2.375 2.325 1.9465e-04
-2.375 2.375 3.5387e-04
-2.375 2.425 6.2877e-04
-2.375 2.475 1.0870e-03
-2.375 2.525 1.8196e-03
-2.375 2.575 2.9344e-03
-2.375 2.625 4.5358e-03
-2.375 2.675 6.6888e-03
-2.375 2.725 9.3728e-03
-2.375 2.775 1.2444e-02
-2.375 2.825 1.5632e-02
-2.375 2.875 1.8578e-02
-2.375 2.925 2.0922e-02
-2.375 2.975 2.2393e-02
-2.375 3.025 2.2870e-02
-2.375 3.075 2.2391e-02
-2.375 3.125 2.1123e-02
-2.375 3.175 1.9296e-02
-2.375 3.225 1.7151e-02
-2.375 3.275 1.4899e-02
-2.375 3.325 1.2697e-02
-2.375 3.375 1.0652e-02
-2.375 3.425 8.8202e-03
-2.375 3.475 7.2257e-03
-2.375 3.525 5.8665e-03
-2.375 3.575 4.7262e-03
-2.375 3.625 3.7809e-03
-2.375 3.675 3.0030e-03
-2.375 3.725 2.3642e-03
-2.375 3.775 1.8322e-03
-2.375 3.825 0.0000e+00
-2.375 3.875 0.0000e+00
-2.375 3.925 0.0000e+00
-2.375 3.975 0.0000e+00
-2.325 -1.975 0.0000e+00
-2.325 -1.925 0.0000e+00
-2.325 -1.875 0.0000e+00
-2.325 -1.825 0.0000e+00
-2.325 -1.775 0.0000e+00
-2.325 -1.725 0.0000e+00
-2.325 -1.675 0.0000e+00
-2.325 -1.625 0.0000e+00
-2.325 -1.575 0.0000e+00
-2.325 -1.525 0.0000e+00
-2.325 -1.475 0.0000e+00
-2.325 -1.425 0.0000e+00
-2.325 -1.375 0.0000e+00
-2.325 -1.325 0.0000e+00
-2.325 -1.275 0.0000e+00
-2.325 -1.225 0.0000e+00
-2.325 -1.175 0.0000e+00
-2.325 -1.125 0.0000e+00
-2.325 -1.075 0.0000e+00
-2.325 -1.025 0.0000e+00
-2.325 -0.975 0.0000e+00
-2.325 -0.925 0.0000e+00
-2.325 -0.875 0.0000e+00
-2.325 -0.825 0.0000e+00
-2.325 -0.775 0.0000e+00
-2.325 -0.725 0.0000e+00
-2.325 -0.675 0.0000e+00
-2.325 -0.625 0.0000e+00
-2.325 -0.575 0.0000e+00
-2.325 -0.525 0.0000e+00
-2.325 -0.475 0.0000e+00
-2.325 -0.425 0.0000e+00
-2.325 -0.375 0.0000e+00
-2.325 -0.325 0.0000e+00
-2.325 -0.275 0.0000e+00
-2.325 -0.225 0.0000e+00
-2.325 -0.175 0.0000e+00
-2.325 -0.125 0.0000e+00
-2.325 -0.075 0.0000e+00
-2.325 -0.025 0.0000e+00
-2.325 0.025 0.0000e+00
-2.325 0.075 0.0000e+00
-2.325 0.125 0.0000e+00
-2.325 0.175 0.0000e+00
-2.325 0.225 0.0000e+00
-2.325 0.275 0.0000e+00
-2.325 0.325 0.0000e+00
-2.325 0.375 0.0000e+00
-2.325 0.425 0.0000e+00
-2.325 0.475 0.0000e+00
-2.325 0.525 0.0000e+00
-2.325 0.575 0.0000e+00
-2.325 0.625 0.0000e+00
-2.325 0.675 0.0000e+00
-2.325 0.725 0.0000e+00
-2.325 0.775 0.0000e+00
-2.325 0.825 0.0000e+00
-2.325 0.875 0.0000e+00
-2.325 0.925 0.0000e+00
-2.325 0.975 0.0000e+00
-2.325 1.025 0.0000e+00
-2.325 1.075 0.0000e+00
-2.325 1.125 2.1313e-11
-2.325 1.175 4.2540e-11
-2.325 1.225 8.4906e-11
-2.325 1.275 1.6945e-10
-2.325 1.325 3.3816e-10
-2.325 1.375 6.7474e-10
-2.325 1.425 1.3461e-09
-2.325 1.475 2.6845e-09
-2.325 1.525 5.3520e-09
-2.325 1.575 1.0665e-08
-2.325 1.625 2.1236e-08
-2.325 1.675 4.2251e-08
-2.325 1.725 8.3966e-08
-2.325 1.775 1.6662e-07
-2.325 1.825 3.2998e-07
-2.325 1.875 6.5192e-07
-2.325 1.925 1.2839e-06
-2.325 1.975 2.5182e-06
-2.325 2.025 4.9140e-06
-2.325 2.075 9.5273e-06
-2.325 2.125 1.8322e-05
-2.325 2.175 3.4878e-05
-2.325 2.225 6.5562e-05
-2.325 2.275 1.2134e-04
-2.325 2.325 2.2035e-04
-2.325 2.375 3.9106e-04
-2.325 2.425 6.7530e-04
-2.325 2.475 1.1292e-03
-2.325 2.525 1.8191e-03
-2.325 2.575 2.8095e-03
-2.325 2.625 4.1402e-03
-2.325 2.675 5.7989e-03
-2.325 2.725 7.6980e-03
-2.325 2.775 9.6708e-03
-2.325 2.825 1.1498e-02
-2.325 2.875 1.2957e-02
-2.325 2.925 1.3881e-02
-2.325 2.975 1.4192e-02
-2.325 3.025 1.3912e-02
-2.325 3.075 1.3142e-02
-2.325 3.125 1.2023e-02
-2.325 3.175 1.0702e-02
-2.325 3.225 9.3105e-03
-2.325 3.275 7.9468e-03
-2.325 3.325 6.6768e-03
-2.325 3.375 5.5376e-03
-2.325 3.425 4.5442e-03
-2.325 3.475 3.6963e-03
-2.325 3.525 2.9843e-03
-2.325 3.575 2.3940e-03
-2.325 3.625 1.9088e-03
-2.325 3.675 1.5124e-03
-2.325 3.725 1.1884e-03
-2.325 3.775 9.1969e-04
-2.325 3.825 0.0000e+00
-2.325 3.875 0.0000e+00
-2.325 3.925 0.0000e+00
-2.325 3.975 0.0000e+00
-2.275 -1.975 0.0000e+00
-2.275 -1.925 0.0000e+00
-2.275 -1.875 0.0000e+00
-2.275 -1.825 0.0000e+00
-2.275 -1.775 0.0000e+00
-2.275 -1.725 0.0000e+00
-2.275 -1.675 0.0000e+00
-2.275 -1.625 0.0000e+00
-2.275 -1.575 0.0000e+00
-2.275 -1.525 0.0000e+00
-2.275 -1.475 0.0000e+00
-2.275 -1.425 0.0000e+00
-2.275 -1.375 0.0000e+00
-2.275 -1.325 0.0000e+00
-2.275 -1.275 0.0000e+00
-2.275 -1.225 0.0000e+00
-2.275 -1.175 0.0000e+00
-2.275 -1.125 0.0000e+00
-2.275 -1.075 0.0000e+00
-2.275 -1.025 0.0000e+00
-2.275 -0.975 0.0000e+00
-2.275 -0.925 0.0000e+00
-2.275 -0.875 0.0000e+00
-2.275 -0.825 0.0000e+00
-2.275 -0.775 0.0000e+00
-2.275 -0.725 0.0000e+00
-2.275 -0.675 0.0000e+00
-2.275 -0.625 0.0000e+00
-2.275 -0.575 0.0000e+00
-2.275 -0.525 0.0000e+00
-2.275 -0.475 0.0000e+00
-2.275 -0.425 0.0000e+00
-2.275 -0.375 0.0000e+00
-2.275 -0.325 0.0000e+00
-2.275 -0.275 0.0000e+00
-2.275 -0.225 0.0000e+00
-2.275 -0.175 0.0000e+00
-2.275 -0.125 0.0000e+00
-2.275 -0.075 0.0000e+00
-2.275 -0.025 0.0000e+00
-2.275 0.025 0.0000e+00
-2.275 0.075 0.0000e+00
-2.275 0.125 0.0000e+00
-2.275 0.175 0.0000e+00
-2.275 0.225 0.0000e+00
-2.275 0.275 0.0000e+00
-2.275 0.325 0.0000e+00
-2.275 0.375 0.0000e+00
-2.275 0.425 0.0000e+00
-2.275 0.475 0.0000e+00
-2.275 0.525 0.0000e+00
-2.275 0.575 0.0000e+00
-2.275 0.625 0.0000e+00
-2.275 0.675 0.0000e+00
-2.275 0.725 0.0000e+00
-2.275 0.775 0.0000e+00
-2.275 0.825 0.0000e+00
-2.275 0.875 0.0000e+00
-2.275 0.925 0.0000e+00
-2.275 0.975 0.0000e+00
-2.275 1.025 0.0000e+00
-2.275 1.075 0.0000e+00
-2.275 1.125 2.6816e-11
-2.275 1.175 5.3515e-11
-2.275 1.225 1.0679e-10
-2.275 1.275 2.1308e-10
-2.275 1.325 4.2510e-10
-2.275 1.375 8.4788e-10
-2.275 1.425 1.6907e-09
-2.275 1.475 3.3698e-09
-2.275 1.525 6.7130e-09
-2.275 1.575 1.3364e-08
-2.275 1.625 2.6580e-08
-2.275 1.675 5.2803e-08
-2.275 1.725 1.0474e-07
-2.275 1.775 2.0734e-07
-2.275 1.825 4.0942e-07
-2.275 1.875 8.0585e-07
-2.275 1.925 1.5797e-06
-2.275 1.975 3.0805e-06
-2.275 2.025 5.9681e-06
-2.275 2.075 1.1468e-05
-2.275 2.125 2.1812e-05
-2.275 2.175 4.0964e-05
-2.275 2.225 7.5741e-05
-2.275 2.275 1.3740e-04
-2.275 2.325 2.4361e-04
-2.275 2.375 4.2024e-04
-2.275 2.425 7.0201e-04
-2.275 2.475 1.1299e-03
-2.275 2.525 1.7437e-03
-2.275 2.575 2.5681e-03
-2.275 2.625 3.5955e-03
-2.275 2.675 4.7722e-03
-2.275 2.725 5.9958e-03
-2.275 2.775 7.1311e-03
-2.275 2.825 8.0410e-03
-2.275 2.875 8.6210e-03
-2.275 2.925 8.8227e-03
-2.275 2.975 8.6585e-03
-2.275 3.025 8.1888e-03
-2.275 3.075 7.5007e-03
-2.275 3.125 6.6855e-03
-2.275 3.175 5.8238e-03
-2.275 3.225 4.9774e-03
-2.275 3.275 4.1875e-03
-2.275 3.325 3.4778e-03
-2.275 3.375 2.8579e-03
-2.275 3.425 2.3282e-03
-2.275 3.475 1.8830e-03
-2.275 3.525 1.5136e-03
-2.275 3.575 1.2100e-03
-2.275 3.625 9.6227e-04
-2.275 3.675 7.6088e-04
-2.275 3.725 5.9700e-04
-2.275 3.775 4.6150e-04
-2.275 3.825 0.0000e+00
-2.275 3.875 0.0000e+00
-2.275 3.925 0.0000e+00
-2.275 3.975 0.0000e+00
-2.225 -1.975 0.0000e+00
-2.225 -1.925 0.0000e+00
-2.225 -1.875 0.0000e+00
-2.225 -1.825 0.0000e+00
-2.225 -1.775 0.0000e+00
-2.225 -1.725 0.0000e+00
-2.225 -1.675 0.0000e+00
-2.225 -1.625 0.0000e+00
-2.225 -1.575 0.0000e+00
-2.225 -1.525 0.0000e+00
-2.225 -1.475 0.0000e+00
-2.225 -1.425 0.0000e+00
-2.225 -1.375 0.0000e+00
-2.225 -1.325 0.0000e+00
-2.225 -1.275 0.0000e+00
-2.225 -1.225 0.0000e+00
-2.225 -1.175 0.0000e+00
-2.225 -1.125 0.0000e+00
-2.225 -1.075 0.0000e+00
-2.225 -1.025 0.0000e+00
-2.225 -0.975 0.0000e+00
-2.225 -0.925 0.0000e+00
-2.225 -0.875 0.0000e+00
-2.225 -0.825 0.0000e+00
-2.225 -0.775 0.0000e+00
-2.225 -0.725 0.0000e+00
-2.225 -0.675 0.0000e+00
-2.225 -0.625 0.0000e+00
-2.225 -0.575 0.0000e+00
-2.225 -0.525 0.0000e+00
-2.225 -0.475 0.0000e+00
-2.225 -0.425 0.0000e+00
-2.225 -0.375 0.0000e+00
-2.225 -0.325 0.0000e+00
-2.225 -0.275 0.0000e+00
-2.225 -0.225 0.0000e+00
-2.225 -0.175 0.0000e+00
-2.225 -0.125 0.0000e+00
-2.225 -0.075 0.0000e+00
-2.225 -0.025 0.0000e+00
-2.225 0.025 0.0000e+00
-2.225 0.075 0.0000e+00
-2.225 0.125 0.0000e+00
-2.225 0.175 0.0000e+00
-2.225 0.225 0.0000e+00
-2.225 0.275 0.0000e+00
-2.225 0.325 0.0000e+00
-2.225 0.375 0.0000e+00
-2.225 0.425 0.0000e+00
-2.225 0.475 0.0000e+00
-2.225 0.525 0.0000e+00
-2.225 0.575 0.0000e+00
-2.225 0.625 0.0000e+00
-2.225 0.675 0.0000e+00
-2.225 0.725 0.0000e+00
-2.225 0.775 0.0000e+00
-2.225 0.825 0.0000e+00
-2.225 0.875 0.0000e+00
-2.225 0.925 0.0000e+00
-2.225 0.975 0.0000e+00
-2.225 1.025 0.0000e+00
-2.225 1.075 0.0000e+00
-2.225 1.125 3.3734e-11
-2.225 1.175 6.7309e-11
-2.225 1.225 1.3429e-10
-2.225 1.275 2.6786e-10
-2.225 1.325 5.3418e-10
-2.225 1.375 1.0649e-09
-2.225 1.425 2.1222e-09
-2.225 1.475 4.2267e-09
-2.225 1.525 8.4121e-09
-2.225 1.575 1.6726e-08
-2.225 1.625 3.3217e-08
-2.225 1.675 6.5865e-08
-2.225 1.725 1.3034e-07
-2.225 1.775 2.5725e-07
-2.225 1.825 5.0610e-07
-2.225 1.875 9.9155e-07
-2.225 1.925 1.9325e-06
-2.225 1.975 3.7415e-06
-2.225 2.025 7.1844e-06
-2.225 2.075 1.3654e-05
-2.225 2.125 2.5622e-05
-2.225 2.175 4.7333e-05
-2.225 2.225 8.5791e-05
-2.225 2.275 1.5196e-04
-2.225 2.325 2.6191e-04
-2.225 2.375 4.3714e-04
-2.225 2.425 7.0305e-04
-2.225 2.475 1.0842e-03
-2.225 2.525 1.5959e-03
-2.225 2.575 2.2336e-03
-2.225 2.625 2.9642e-03
-2.225 2.675 3.7245e-03
-2.225 2.725 4.4311e-03
-2.225 2.775 4.9991e-03
-2.225 2.825 5.3634e-03
-2.225 2.875 5.4936e-03
-2.225 2.925 5.3966e-03
-2.225 2.975 5.1093e-03
-2.225 3.025 4.6852e-03
-2.225 3.075 4.1807e-03
-2.225 3.125 3.6461e-03
-2.225 3.175 3.1197e-03
-2.225 3.225 2.6277e-03
-2.225 3.275 2.1849e-03
-2.225 3.325 1.7976e-03
-2.225 3.375 1.4663e-03
-2.225 3.425 1.1875e-03
-2.225 3.475 9.5607e-04
-2.225 3.525 7.6578e-04
-2.225 3.575 6.1052e-04
-2.225 3.625 4.8451e-04
-2.225 3.675 3.8250e-04
-2.225 3.725 2.9977e-04
-2.225 3.775 2.3153e-04
-2.225 3.825 0.0000e+00
-2.225 3.875 0.0000e+00
-2.225 3.925 0.0000e+00
-2.225 3.975 0.0000e+00
-2.175 -1.975 0.0000e+00
-2.175 -1.925 0.0000e+00
-2.175 -1.875 0.0000e+00
-2.175 -1.825 0.0000e+00
-2.175 -1.775 0.0000e+00
-2.175 -1.725 0.0000e+00
-2.175 -1.675 0.0000e+00
-2.175 -1.625 0.0000e+00
-2.175 -1.575 0.0000e+00
-2.175 -1.525 0.0000e+00
-2.175 -1.475 0.0000e+00
-2.175 -1.425 0.0000e+00
-2.175 -1.375 0.0000e+00
-2.175 -1.325 0.0000e+00
-2.175 -1.275 0.0000e+00
-2.175 -1.225 0.0000e+00
-2.175 -1.175 0.0000e+00
-2.175 -1.125 0.0000e+00
-2.175 -1.075 0.0000e+00
-2.175 -1.025 0.0000e+00
-2.175 -0.975 0.0000e+00
-2.175 -0.925 0.0000e+00
-2.175 -0.875 0.0000e+00
-2.175 -0.825 0.0000e+00
-2.175 -0.775 0.0000e+00
-2.175 -0.725 0.0000e+00
-2.175 -0.675 0.0000e+00
-2.175 -0.625 0.0000e+00
-2.175 -0.575 0.0000e+00
-2.175 -0.525 0.0000e+00
-2.175 -0.475 0.0000e+00
-2.175 -0.425 0.0000e+00
-2.175 -0.375 0.0000e+00
-2.175 -0.325 0.0000e+00
-2.175 -0.275 0.0000e+00
-2.175 -0.225 0.0000e+00
-2.175 -0.175 0.0000e+00
-2.175 -0.125 0.0000e+00
-2.175 -0.075 0.0000e+00
-2.175 -0.025 0.0000e+00
-2.175 0.025 0.0000e+00
-2.175 0.075 0.0000e+00
-2.175 0.125 0.0000e+00
-2.175 0.175 0.0000e+00
-2.175 0.225 0.0000e+00
-2.175 0.275 0.0000e+00
-2.175 0.325 0.0000e+00
-2.175 0.375 0.0000e+00
-2.175 0.425 0.0000e+00
-2.175 0.475 0.0000e+00
-2.175 0.525 0.0000e+00
-2.175 0.575 0.0000e+00
-2.175 0.625 0.0000e+00
-2.175 0.675 0.0000e+00
-2.175 0.725 0.0000e+00
-2.175 0.775 0.0000e+00
-2.175 0.825 0.0000e+00
-2.175 0.875 0.0000e+00
-2.175 0.925 0.0000e+00
-2.175 0.975 0.0000e+00
-2.175 1.025 0.0000e+00
-2.175 1.075 0.0000e+00
-2.175 1.125 4.2429e-11
-2.175 1.175 8.4639e-11
-2.175 1.225 1.6881e-10
-2.175 1.275 3.3659e-10
-2.175 1.325 6.7093e-10
-2.175 1.375 1.3368e-09
-2.175 1.425 2.6619e-09
-2.175 1.475 5.2965e-09
-2.175 1.525 1.0529e-08
-2.175 1.575 2.0903e-08
-2.175 1.625 4.1435e-08
-2.175 1.675 8.1965e-08
-2.175 1.725 1.6172e-07
-2.175 1.775 3.1801e-07
-2.175 1.825 6.2274e-07
-2.175 1.875 1.2130e-06
-2.175 1.925 2.3472e-06
-2.175 1.975 4.5043e-06
-2.175 2.025 8.5548e-06
-2.175 2.075 1.6041e-05
-2.175 2.125 2.9612e-05
-2.175 2.175 5.3628e-05
-2.175 2.225 9.4915e-05
-2.175 2.275 1.6346e-04
-2.175 2.325 2.7260e-04
-2.175 2.375 4.3812e-04
-2.175 2.425 6.7522e-04
-2.175 2.475 9.9342e-04
-2.175 2.525 1.3900e-03
-2.175 2.575 1.8443e-03
-2.175 2.625 2.3176e-03
-2.175 2.675 2.7580e-03
-2.175 2.725 3.1129e-03
-2.175 2.775 3.3419e-03
-2.175 2.825 3.4256e-03
-2.175 2.875 3.3681e-03
-2.175 2.925 3.1917e-03
-2.175 2.975 2.9296e-03
-2.175 3.025 2.6168e-03
-2.175 3.075 2.2845e-03
-2.175 3.125 1.9567e-03
-2.175 3.175 1.6497e-03
-2.175 3.225 1.3731e-03
-2.175 3.275 1.1309e-03
-2.175 3.325 9.2345e-04
-2.175 3.375 7.4875e-04
-2.175 3.425 6.0357e-04
-2.175 3.475 4.8415e-04
-2.175 3.525 3.8670e-04
-2.175 3.575 3.0762e-04
-2.175 3.625 2.4372e-04
-2.175 3.675 1.9217e-04
-2.175 3.725 1.5046e-04
-2.175 3.775 1.1613e-04
-2.175 3.825 0.0000e+00
-2.175 3.875 0.0000e+00
-2.175 3.925 0.0000e+00
-2.175 3.975 0.0000e+00
-2.125 -1.975 0.0000e+00
-2.125 -1.925 0.0000e+00
-2.125 -1.875 0.0000e+00
-2.125 -1.825 0.0000e+00
-2.125 -1.775 0.0000e+00
-2.125 -1.725 0.0000e+00
-2.125 -1.675 0.0000e+00
-2.125 -1.625 0.0000e+00
-2.125 -1.575 0.0000e+00
-2.125 -1.525 0.0000e+00
-2.125 -1.475 0.0000e+00
-2.125 -1.425 0.0000e+00
-2.125 -1.375 0.0000e+00
-2.125 -1.325 0.0000e+00
-2.125 -1.275 0.0000e+00
-2.125 -1.225 0.0000e+00
-2.125 -1.175 0.0000e+00
-2.125 -1.125 0.0000e+00
-2.125 -1.075 0.0000e+00
-2.125 -1.025 0.0000e+00
-2.125 -0.975 0.0000e+00
-2.125 -0.925 0.0000e+00
-2.125 -0.875 0.0000e+00
-2.125 -0.825 0.0000e+00
-2.125 -0.775 0.0000e+00
-2.125 -0.725 0.0000e+00
-2.125 -0.675 0.0000e+00
-2.125 -0.625 0.0000e+00
-2.125 -0.575 0.0000e+00
-2.125 -0.525 0.0000e+00
-2.125 -0.475 0.0000e+00
-2.125 -0.425 0.0000e+00
-2.125 -0.375 0.0000e+00
-2.125 -0.325 0.0000e+00
-2.125 -0.275 0.0000e+00
-2.125 -0.225 0.0000e+00
-2.125 -0.175 0.0000e+00
-2.125 -0.125 0.0000e+00
-2.125 -0.075 0.0000e+00
-2.125 -0.025 0.0000e+00
-2.125 0.025 0.0000e+00
-2.125 0.075 0.0000e+00
-2.125 0.125 0.0000e+00
-2.125 0.175 0.0000e+00
-2.125 0.225 0.0000e+00
-2.125 0.275 0.0000e+00
-2.125 0.325 0.0000e+00
-2.125 0.375 0.0000e+00
-2.125 0.425 0.0000e+00
-2.125 0.475 0.0000e+00
-2.125 0.525 0.0000e+00
-2.125 0.575 0.0000e+00
-2.125 0.625 0.0000e+00
-2.125 0.675 0.0000e+00
-2.125 0.725 0.0000e+00
-2.125 0.775 0.0000e+00
-2.125 0.825 0.0000e+00
-2.125 0.875 0.0000e+00
-2.125 0.925 0.0000e+00
-2.125 0.975 0.0000e+00
-2.125 1.025 0.0000e+00
-2.125 1.075 0.0000e+00
-2.125 1.125 5.3353e-11
-2.125 1.175 1.0640e-10
-2.125 1.225 2.1212e-10
-2.125 1.275 4.2276e-10
-2.125 1.325 8.4218e-10
-2.125 1.375 1.6767e-09
-2.125 1.425 3.3356e-09
-2.125 1.475 6.6292e-09
-2.125 1.525 1.3158e-08
-2.125 1.575 2.6075e-08
-2.125 1.625 5.1564e-08
-2.125 1.675 1.0170e-07
-2.125 1.725 1.9991e-07
-2.125 1.775 3.9131e-07
-2.125 1.825 7.6188e-07
-2.125 1.875 1.4735e-06
-2.125 1.925 2.8260e-06
-2.125 1.975 5.3640e-06
-2.125 2.025 1.0052e-05
-2.125 2.075 1.8542e-05
-2.125 2.125 3.3557e-05
-2.125 2.175 5.9349e-05
-2.125 2.225 1.0213e-04
-2.125 2.275 1.7022e-04
-2.125 2.325 2.7339e-04
-2.125 2.375 4.2112e-04
-2.125 2.425 6.1931e-04
-2.125 2.475 8.6626e-04
-2.125 2.525 1.1493e-03
-2.125 2.575 1.4443e-03
-2.125 2.625 1.7192e-03
-2.125 2.675 1.9412e-03
-2.125 2.725 2.0852e-03
-2.125 2.775 2.1388e-03
-2.125 2.825 2.1045e-03
-2.125 2.875 1.9960e-03
-2.125 2.925 1.8337e-03
-2.125 2.975 1.6393e-03
-2.125 3.025 1.4324e-03
-2.125 3.075 1.2280e-03
-2.125 3.125 1.0363e-03
-2.125 3.175 8.6326e-04
-2.125 3.225 7.1162e-04
-2.125 3.275 5.8161e-04
-2.125 3.325 4.7203e-04
-2.125 3.375 3.8090e-04
-2.125 3.425 3.0590e-04
-2.125 3.475 2.4466e-04
-2.125 3.525 1.9497e-04
-2.125 3.575 1.5483e-04
-2.125 3.625 1.2251e-04
-2.125 3.675 9.6499e-05
-2.125 3.725 7.5498e-05
-2.125 3.775 5.8238e-05
-2.125 3.825 0.0000e+00
-2.125 3.875 0.0000e+00
-2.125 3.925 0.0000e+00
-2.125 3.975 0.0000e+00
-2.075 -1.975 0.0000e+00
-2.075 -1.925 0.0000e+00
-2.075 -1.875 0.0000e+00
-2.075 -1.825 0.0000e+00
-2.075 -1.775 0.0000e+00
-2.075 -1.725 0.0000e+00
-2.075 -1.675 0.0000e+00
-2.075 -1.625 0.0000e+00
-2.075 -1.575 0.0000e+00
-2.075 -1.525 0.0000e+00
-2.075 -1.475 0.0000e+00
-2.075 -1.425 0.0000e+00
-2.075 -1.375 0.0000e+00
-2.075 -1.325 0.0000e+00
-2.075 -1.275 0.0000e+00
-2.075 -1.225 0.0000e+00
-2.075 -1.175 0.0000e+00
-2.075 -1.125 0.0000e+00
-2.075 -1.075 0.0000e+00
-2.075 -1.025 0.0000e+00
-2.075 -0.975 0.0000e+00
-2.075 -0.925 0.0000e+00
-2.075 -0.875 0.0000e+00
-2.075 -0.825 0.0000e+00
-2.075 -0.775 0.0000e+00
-2.075 -0.725 0.0000e+00
-2.075 -0.675 0.0000e+00
-2.075 -0.625 0.0000e+00
-2.075 -0.575 0.0000e+00
-2.075 -0.525 0.0000e+00
-2.075 -0.475 0.0000e+00
-2.075 -0.425 0.0000e+00
-2.075 -0.375 0.0000e+00
-2.075 -0.325 0.0000e+00
-2.075 -0.275 0.0000e+00
-2.075 -0.225 0.0000e+00
-2.075 -0.175 0.0000e+00
-2.075 -0.125 0.0000e+00
-2.075 -0.075 0.0000e+00
-2.075 -0.025 0.0000e+00
-2.075 0.025 0.0000e+00
-2.075 0.075 0.0000e+00
-2.075 0.125 0.0000e+00
-2.075 0.175 0.0000e+00
-2.075 0.225 0.0000e+00
-2.075 0.275 0.0000e+00
-2.075 0.325 0.0000e+00
-2.075 0.375 0.0000e+00
-2.075 0.425 0.0000e+00
-2.075 0.475 0.0000e+00
-2.075 0.525 0.0000e+00
-2.075 0.575 0.0000e+00
-2.075 0.625 0.0000e+00
-2.075 0.675 0.0000e+00
-2.075 0.725 0.0000e+00
-2.075 0.775 0.0000e+00
-2.075 0.825 0.0000e+00
-2.075 0.875 0.0000e+00
-2.075 0.925 0.0000e+00
-2.075 0.975 0.0000e+00
-2.075 1.025 0.0000e+00
-2.075 1.075 0.0000e+00
-2.075 1.125 6.7069e-11
-2.075 1.175 1.3370e-10
-2.075 1.225 2.6643e-10
-2.075 1.275 5.3067e-10
-2.075 1.325 1.0564e-09
-2.075 1.375 2.1011e-09
-2.075 1.425 4.1749e-09
-2.075 1.475 8.2848e-09
-2.075 1.525 1.6413e-08
-2.075 1.575 3.2449e-08
-2.075 1.625 6.3980e-08
-2.075 1.675 1.2572e-07
-2.075 1.725 2.4600e-07
-2.075 1.775 4.7875e-07
-2.075 1.825 9.2548e-07
-2.075 1.875 1.7741e-06
-2.075 1.925 3.3656e-06
-2.075 1.975 6.3032e-06
-2.075 2.025 1.1620e-05
-2.075 2.075 2.1017e-05
-2.075 2.125 3.7147e-05
-2.075 2.175 6.3885e-05
-2.075 2.225 1.0641e-04
-2.075 2.275 1.7081e-04
-2.075 2.325 2.6297e-04
-2.075 2.375 3.8659e-04
-2.075 2.425 5.4061e-04
-2.075 2.475 7.1719e-04
-2.075 2.525 9.0131e-04
-2.075 2.575 1.0731e-03
-2.075 2.625 1.2121e-03
-2.075 2.675 1.3026e-03
-2.075 2.725 1.3369e-03
-2.075 2.775 1.3164e-03
-2.075 2.825 1.2494e-03
-2.075 2.875 1.1487e-03
-2.075 2.925 1.0278e-03
-2.075 2.975 8.9873e-04
-2.075 3.025 7.7106e-04
-2.075 3.075 6.5119e-04
-2.075 3.125 5.4290e-04
-2.075 3.175 4.4788e-04
-2.075 3.225 3.6634e-04
-2.075 3.275 2.9756e-04
-2.075 3.325 2.4032e-04
-2.075 3.375 1.9318e-04
-2.075 3.425 1.5468e-04
-2.075 3.475 1.2343e-04
-2.075 3.525 9.8183e-05
-2.075 3.575 7.7864e-05
-2.075 3.625 6.1544e-05
-2.075 3.675 4.8438e-05
-2.075 3.725 3.7874e-05
-2.075 3.775 2.9203e-05
-2.075 3.825 0.0000e+00
-2.075 3.875 0.0000e+00
-2.075 3.925 0.0000e+00
-2.075 3.975 0.0000e+00
-2.025 -1.975 0.0000e+00
-2.025 -1.925 0.0000e+00
-2.025 -1.875 0.0000e+00
-2.025 -1.825 0.0000e+00
-2.025 -1.775 0.0000e+00
-2.025 -1.725 0.0000e+00
-2.025 -1.675 0.0000e+00
-2.025 -1.625 0.0000e+00
-2.025 -1.575 0.0000e+00
-2.025 -1.525 0.0000e+00
-2.025 -1.475 0.0000e+00
-2.025 -1.425 0.0000e+00
-2.025 -1.375 0.0000e+00
-2.025 -1.325 0.0000e+00
-2.025 -1.275 0.0000e+00
-2.025 -1.225 0.0000e+00
-2.025 -1.175 0.0000e+00
-2.025 -1.125 0.0000e+00
-2.025 -1.075 0.0000e+00
-2.025 -1.025 0.0000e+00
-2.025 -0.975 0.0000e+00
-2.025 -0.925 0.0000e+00
-2.025 -0.875 0.0000e+00
-2.025 -0.825 0.0000e+00
-2.025 -0.775 0.0000e+00
-2.025 -0.725 0.0000e+00
-2.025 -0.675 0.0000e+00
-2.025 -0.625 0.0000e+00
-2.025 -0.575 0.0000e+00
-2.025 -0.525 0.0000e+00
-2.025 -0.475 0.0000e+00
-2.025 -0.425 0.0000e+00
-2.025 -0.375 0.0000e+00
-2.025 -0.325 0.0000e+00
-2.025 -0.275 0.0000e+00
-2.025 -0.225 0.0000e+00
-2.025 -0.175 0.0000e+00
-2.025 -0.125 0.0000e+00
-2.025 -0.075 0.0000e+00
-2.025 -0.025 0.0000e+00
-2.025 0.025 0.0000e+00
-2.025 0.075 0.0000e+00
-2.025 0.125 0.0000e+00
-2.025 0.175 0.0000e+00
-2.025 0.225 0.0000e+00
-2.025 0.275 0.0000e+00
-2.025 0.325 0.0000e+00
-2.025 0.375 0.0000e+00
-2.025 0.425 0.0000e+00
-2.025 0.475 0.0000e+00
-2.025 0.525 0.0000e+00
-2.025 0.575 0.0000e+00
-2.025 0.625 0.0000e+00
-2.025 0.675 0.0000e+00
-2.025 0.725 0.0000e+00
-2.025 0.775 0.0000e+00
-2.025 0.825 0.0000e+00
-2.025 0.875 0.0000e+00
-2.025 0.925 0.0000e+00
-2.025 0.975 0.0000e+00
-2.025 1.025 0.0000e+00
-2.025 1.075 0.0000e+00
-2.025 1.125 8.4279e-11
-2.025 1.175 1.6793e-10
-2.025 1.225 3.3443e-10
-2.025 1.275 6.6563e-10
-2.025 1.325 1.3237e-09
-2.025 1.375 2.6298e-09
-2.025 1.425 5.2176e-09
-2.025 1.475 1.0335e-08
-2.025 1.525 2.0426e-08
-2.025 1.575 4.0263e-08
-2.025 1.625 7.9094e-08
-2.025 1.675 1.5471e-07
-2.025 1.725 3.0097e-07
-2.025 1.775 5.8158e-07
-2.025 1.825 1.1144e-06
-2.025 1.875 2.1130e-06
-2.025 1.925 3.9553e-06
-2.025 1.975 7.2879e-06
-2.025 2.025 1.3174e-05
-2.025 2.075 2.3271e-05
-2.025 2.125 3.9998e-05
-2.025 2.175 6.6584e-05
-2.025 2.225 1.0683e-04
-2.025 2.275 1.6440e-04
-2.025 2.325 2.4160e-04
-2.025 2.375 3.3779e-04
-2.025 2.425 4.4807e-04
-2.025 2.475 5.6313e-04
-2.025 2.525 6.7057e-04
-2.025 2.575 7.5770e-04
-2.025 2.625 8.1464e-04
-2.025 2.675 8.3655e-04
-2.025 2.725 8.2417e-04
-2.025 2.775 7.8275e-04
-2.025 2.825 7.2014e-04
-2.025 2.875 6.4477e-04
-2.025 2.925 5.6422e-04
-2.025 2.975 4.8440e-04
-2.025 3.025 4.0938e-04
-2.025 3.075 3.4153e-04
-2.025 3.125 2.8195e-04
-2.025 3.175 2.3077e-04
-2.025 3.225 1.8758e-04
-2.025 3.275 1.5161e-04
-2.025 3.325 1.2197e-04
-2.025 3.375 9.7743e-05
-2.025 3.425 7.8075e-05
-2.025 3.475 6.2184e-05
-2.025 3.525 4.9395e-05
-2.025 3.575 3.9130e-05
-2.025 3.625 3.0902e-05
-2.025 3.675 2.4307e-05
-2.025 3.725 1.8996e-05
-2.025 3.775 1.4642e-05
-2.025 3.825 0.0000e+00
-2.025 3.875 0.0000e+00
-2.025 3.925 0.0000e+00
-2.025 3.975 0.0000e+00
-1.975 -1.975 0.0000e+00
-1.975 -1.925 0.0000e+00
-1.975 -1.875 0.0000e+00
-1.975 -1.825 0.0000e+00
-1.975 -1.775 0.0000e+00
-1.975 -1.725 0.0000e+00
-1.975 -1.675 0.0000e+00
-1.975 -1.625 0.0000e+00
-1.975 -1.575 0.0000e+00
-1.975 -1.525 0.0000e+00
-1.975 -1.475 0.0000e+00
-1.975 -1.425 0.0000e+00
-1.975 -1.375 0.0000e+00
-1.975 -1.325 0.0000e+00
-1.975 -1.275 0.0000e+00
-1.975 -1.225 0.0000e+00
-1.975 -1.175 0.0000e+00
-1.975 -1.125 0.0000e+00
-1.975 -1.075 0.0000e+00
-1.975 -1.025 0.0000e+00
-1.975 -0.975 0.0000e+00
-1.975 -0.925 0.0000e+00
-1.975 -0.875 0.0000e+00
-1.975 -0.825 0.0000e+00
-1.975 -0.775 0.0000e+00
-1.975 -0.725 0.0000e+00
-1.975 -0.675 0.0000e+00
-1.975 -0.625 0.0000e+00
-1.975 -0.575 0.0000e+00
-1.975 -0.525 0.0000e+00
-1.975 -0.475 0.0000e+00
-1.975 -0.425 0.0000e+00
-1.975 -0.375 0.0000e+00
-1.975 -0.325 0.0000e+00
-1.975 -0.275 0.0000e+00
-1.975 -0.225 0.0000e+00
-1.975 -0.175 0.0000e+00
-1.975 -0.125 0.0000e+00
-1.975 -0.075 0.0000e+00
-1.975 -0.025 0.0000e+00
-1.975 0.025 0.0000e+00
-1.975 0.075 0.0000e+00
-1.975 0.125 0.0000e+00
-1.975 0.175 0.0000e+00
-1.975 0.225 0.0000e+00
-1.975 0.275 0.0000e+00
-1.975 0.325 0.0000e+00
-1.975 0.375 0.0000e+00
-1.975 0.425 0.0000e+00
-1.975 0.475 0.0000e+00
-1.975 0.525 0.0000e+00
-1.975 0.575 0.0000e+00
-1.975 0.625 0.0000e+00
-1.975 0.675 0.0000e+00
-1.975 0.725 0.0000e+00
-1.975 0.775 0.0000e+00
-1.975 0.825 0.0000e+00
-1.975 0.875 0.0000e+00
-1.975 0.925 0.0000e+00
-1.975 0.975 0.0000e+00
-1.975 1.025 0.0000e+00
-1.975 1.075 0.0000e+00
-1.975 1.125 1.0585e-10
-1.975 1.175 2.1079e-10
-1.975 1.225 4.1948e-10
-1.975 1.275 8.3411e-10
-1.975 1.325 1.6568e-09
-1.975 1.375 3.2866e-09
-1.975 1.425 6.5085e-09
-1.975 1.475 1.2861e-08
-1.975 1.525 2.5345e-08
-1.975 1.575 4.9775e-08
-1.975 1.625 9.7329e-08
-1.975 1.675 1.8929e-07
-1.975 1.725 3.6563e-07
-1.975 1.775 7.0031e-07
-1.975 1.825 1.3273e-06
-1.975 1.875 2.4835e-06
-1.975 1.925 4.5737e-06
-1.975 1.975 8.2633e-06
-1.975 2.025 1.4589e-05
-1.975 2.075 2.5064e-05
-1.975 2.125 4.1703e-05
-1.975 2.175 6.6880e-05
-1.975 2.225 1.0289e-04
-1.975 2.275 1.5115e-04
-1.975 2.325 2.1128e-04
-1.975 2.375 2.8024e-04
-1.975 2.425 3.5222e-04
-1.975 2.475 4.1949e-04
-1.975 2.525 4.7413e-04
-1.975 2.575 5.0996e-04
-1.975 2.625 5.2392e-04
-1.975 2.675 5.1644e-04
-1.975 2.725 4.9077e-04
-1.975 2.775 4.5179e-04
-1.975 2.825 4.0475e-04
-1.975 2.875 3.5441e-04
-1.975 2.925 3.0446e-04
-1.975 2.975 2.5746e-04
-1.975 3.025 2.1492e-04
-1.975 3.075 1.7753e-04
-1.975 3.125 1.4539e-04
-1.975 3.175 1.1825e-04
-1.975 3.225 9.5632e-05
-1.975 3.275 7.6986e-05
-1.975 3.325 6.1742e-05
-1.975 3.375 4.9359e-05
-1.975 3.425 3.9351e-05
-1.975 3.475 3.1296e-05
-1.975 3.525 2.4831e-05
-1.975 3.575 1.9654e-05
-1.975 3.625 1.5511e-05
-1.975 3.675 1.2194e-05
-1.975 3.725 9.5265e-06
-1.975 3.775 7.3408e-06
-1.975 3.825 0.0000e+00
-1.975 3.875 0.0000e+00
-1.975 3.925 0.0000e+00
-1.975 3.975 0.0000e+00
-1.925 -1.975 0.0000e+00
-1.925 -1.925 0.0000e+00
-1.925 -1.875 0.0000e+00
-1.925 -1.825 0.0000e+00
-1.925 -1.775 0.0000e+00
-1.925 -1.725 0.0000e+00
-1.925 -1.675 0.0000e+00
-1.925 -1.625 0.0000e+00
-1.925 -1.575 0.0000e+00
-1.925 -1.525 0.0000e+00
-1.925 -1.475 0.0000e+00
-1.925 -1.425 0.0000e+00
-1.925 -1.375 0.0000e+00
-1.925 -1.325 0.0000e+00
-1.925 -1.275 0.0000e+00
-1.925 -1.225 0.0000e+00
-1.925 -1.175 0.0000e+00
-1.925 -1.125 0.0000e+00
-1.925 -1.075 0.0000e+00
-1.925 -1.025 0.0000e+00
-1.925 -0.975 0.0000e+00
-1.925 -0.925 0.0000e+00
-1.925 -0.875 0.0000e+00
-1.925 -0.825 0.0000e+00
-1.925 -0.775 0.0000e+00
-1.925 -0.725 0.0000e+00
-1.925 -0.675 0.0000e+00
-1.925 -0.625 0.0000e+00
-1.925 -0.575 0.0000e+00
-1.925 -0.525 0.0000e+00
-1.925 -0.475 0.0000e+00
-1.925 -0.425 0.0000e+00
-1.925 -0.375 0.0000e+00
-1.925 -0.325 0.0000e+00
-1.925 -0.275 0.0000e+00
-1.925 -0.225 0.0000e+00
-1.925 -0.175 0.0000e+00
-1.925 -0.125 0.0000e+00
-1.925 -0.075 0.0000e+00
-1.925 -0.025 0.0000e+00
-1.925 0.025 0.0000e+00
-1.925 0.075 0.0000e+00
-1.925 0.125 0.0000e+00
-1.925 0.175 0.0000e+00
-1.925 0.225 0.0000e+00
-1.925 0.275 0.0000e+00
-1.925 0.325 0.0000e+00
-1.925 0.375 0.0000e+00
-1.925 0.425 0.0000e+00
-1.925 0.475 0.0000e+00
-1.925 0.525 0.0000e+00
-1.925 0.575 0.0000e+00
-1.925 0.625 0.0000e+00
-1.925 0.675 0.0000e+00
-1.925 0.725 0.0000e+00
-1.925 0.775 0.0000e+00
-1.925 0.825 0.0000e+00
-1.925 0.875 0.0000e+00
-1.925 0.925 0.0000e+00
-1.925 0.975 0.0000e+00
-1.925 1.025 0.0000e+00
-1.925 1.075 0.0000e+00
-1.925 1.125 1.3287e-10
-1.925 1.175 2.6440e-10
-1.925 1.225 5.2566e-10
-1.925 1.275 1.0440e-09
-1.925 1.325 2.0706e-09
-1.925 1.375 4.0997e-09
-1.925 1.425 8.0997e-09
-1.925 1.475 1.5958e-08
-1.925 1.525 3.1333e-08
-1.925 1.575 6.1252e-08
-1.925 1.625 1.1909e-07
-1.925 1.675 2.2996e-07
-1.925 1.725 4.4029e-07
-1.925 1.775 8.3419e-07
-1.925 1.825 1.5602e-06
-1.925 1.875 2.8721e-06
-1.925 1.925 5.1866e-06
-1.925 1.975 9.1531e-06
-1.925 2.025 1.5718e-05
-1.925 2.075 2.6141e-05
-1.925 2.125 4.1906e-05
-1.925 2.175 6.4444e-05
-1.925 2.225 9.4652e-05
-1.925 2.275 1.3228e-04
-1.925 2.325 1.7545e-04
-1.925 2.375 2.2052e-04
-1.925 2.425 2.6267e-04
-1.925 2.475 2.9696e-04
-1.925 2.525 3.1950e-04
-1.925 2.575 3.2839e-04
-1.925 2.625 3.2386e-04
-1.925 2.675 3.0792e-04
-1.925 2.725 2.8361e-04
-1.925 2.775 2.5422e-04
-1.925 2.825 2.2272e-04
-1.925 2.875 1.9144e-04
-1.925 2.925 1.6197e-04
-1.925 2.975 1.3528e-04
-1.925 3.025 1.1180e-04
-1.925 3.075 9.1610e-05
-1.925 3.125 7.4547e-05
-1.925 3.175 6.0321e-05
-1.925 3.225 4.8588e-05
-1.925 3.275 3.8990e-05
-1.925 3.325 3.1192e-05
-1.925 3.375 2.4887e-05
-1.925 3.425 1.9811e-05
-1.925 3.475 1.5737e-05
-1.925 3.525 1.2475e-05
-1.925 3.575 9.8671e-06
-1.925 3.625 7.7831e-06
-1.925 3.675 6.1164e-06
-1.925 3.725 4.7769e-06
-1.925 3.775 3.6802e-06
-1.925 3.825 0.0000e+00
-1.925 3.875 0.0000e+00
-1.925 3.925 0.0000e+00
-1.925 3.975 0.0000e+00
-1.875 -1.975 0.0000e+00
-1.875 -1.925 0.0000e+00
-1.875 -1.875 0.0000e+00
-1.875 -1.825 0.0000e+00
-1.875 -1.775 0.0000e+00
-1.875 -1.725 0.0000e+00
-1.875 -1.675 0.0000e+00
-1.875 -1.625 0.0000e+00
-1.875 -1.575 0.0000e+00
-1.875 -1.525 0.0000e+00
-1.875 -1.475 0.0000e+00
-1.875 -1.425 0.0000e+00
-1.875 -1.375 0.0000e+00
-1.875 -1.325 0.0000e+00
-1.875 -1.275 0.0000e+00
-1.875 -1.225 0.0000e+00
-1.875 -1.175 0.0000e+00
-1.875 -1.125 0.0000e+00
-1.875 -1.075 0.0000e+00
-1.875 -1.025 0.0000e+00
-1.875 -0.975 0.0000e+00
-1.875 -0.925 0.0000e+00
-1.875 -0.875 0.0000e+00
-1.875 -0.825 0.0000e+00
-1.875 -0.775 0.0000e+00
-1.875 -0.725 0.0000e+00
-1.875 -0.675 0.0000e+00
-1.875 -0.625 0.0000e+00
-1.875 -0.575 0.0000e+00
-1.875 -0.525 0.0000e+00
-1.875 -0.475 0.0000e+00
-1.875 -0.425 0.0000e+00
-1.875 -0.375 0.0000e+00
-1.875 -0.325 0.0000e+00
-1.875 -0.275 0.0000e+00
-1.875 -0.225 0.0000e+00
-1.875 -0.175 0.0000e+00
-1.875 -0.125 0.0000e+00
-1.875 -0.075 0.0000e+00
-1.875 -0.025 0.0000e+00
-1.875 0.025 0.0000e+00
-1.875 0.075 0.0000e+00
-1.875 0.125 0.0000e+00
-1.875 0.175 0.0000e+00
-1.875 0.225 0.0000e+00
-1.875 0.275 0.0000e+00
-1.875 0.325 0.0000e+00
-1.875 0.375 0.0000e+00
-1.875 0.425 0.0000e+00
-1.875 0.475 0.0000e+00
-1.875 0.525 0.0000e+00
-1.875 0.575 0.0000e+00
-1.875 0.625 0.0000e+00
-1.875 0.675 0.0000e+00
-1.875 0.725 0.0000e+00
-1.875 0.775 0.0000e+00
-1.875 0.825 0.0000e+00
-1.875 0.875 0.0000e+00
-1.875 0.925 0.0000e+00
-1.875 0.975 0.0000e+00
-1.875 1.025 0.0000e+00
-1.875 1.075 0.0000e+00
-1.875 1.125 1.6666e-10
-1.875 1.175 3.3132e-10
-1.875 1.225 6.5793e-10
-1.875 1.275 1.3047e-09
-1.875 1.325 2.5829e-09
-1.875 1.375 5.1020e-09
-1.875 1.425 1.0050e-08
-1.875 1.475 1.9729e-08
-1.875 1.525 3.8558e-08
-1.875 1.575 7.4945e-08
-1.875 1.625 1.4468e-07
-1.875 1.675 2.7692e-07
-1.875 1.725 5.2449e-07
-1.875 1.775 9.8058e-07
-1.875 1.825 1.8044e-06
-1.875 1.875 3.2573e-06
-1.875 1.925 5.7461e-06
-1.875 1.975 9.8631e-06
-1.875 2.025 1.6398e-05
-1.875 2.075 2.6277e-05
-1.875 2.125 4.0398e-05
-1.875 2.175 5.9320e-05
-1.875 2.225 8.2892e-05
-1.875 2.275 1.0993e-04
-1.875 2.325 1.3818e-04
-1.875 2.375 1.6461e-04
-1.875 2.425 1.8614e-04
-1.875 2.475 2.0034e-04
-1.875 2.525 2.0598e-04
-1.875 2.575 2.0322e-04
-1.875 2.625 1.9331e-04
-1.875 2.675 1.7813e-04
-1.875 2.725 1.5975e-04
-1.875 2.775 1.4003e-04
-1.875 2.825 1.2042e-04
-1.875 2.875 1.0193e-04
-1.875 2.925 8.5171e-05
-1.875 2.975 7.0422e-05
-1.875 3.025 5.7730e-05
-1.875 3.075 4.6999e-05
-1.875 3.125 3.8048e-05
-1.875 3.175 3.0662e-05
-1.875 3.225 2.4618e-05
-1.875 3.275 1.9705e-05
-1.875 3.325 1.5732e-05
-1.875 3.375 1.2533e-05
-1.875 3.425 9.9649e-06
-1.875 3.475 7.9084e-06
-1.875 3.525 6.2645e-06
-1.875 3.575 4.9521e-06
-1.875 3.625 3.9046e-06
-1.875 3.675 3.0674e-06
-1.875 3.725 2.3951e-06
-1.875 3.775 1.8449e-06
-1.875 3.825 0.0000e+00
-1.875 3.875 0.0000e+00
-1.875 3.925 0.0000e+00
-1.875 3.975 0.0000e+00
-1.825 -1.975 0.0000e+00
-1.825 -1.925 0.0000e+00
-1.825 -1.875 0.0000e+00
-1.825 -1.825 0.0000e+00
-1.825 -1.775 0.0000e+00
-1.825 -1.725 0.0000e+00
-1.825 -1.675 0.0000e+00
-1.825 -1.625 0.0000e+00
-1.825 -1.575 0.0000e+00
-1.825 -1.525 0.0000e+00
-1.825 -1.475 0.0000e+00
-1.825 -1.425 0.0000e+00
-1.825 -1.375 0.0000e+00
-1.825 -1.325 0.0000e+00
-1.825 -1.275 0.0000e+00
-1.825 -1.225 0.0000e+00
-1.825 -1.175 0.0000e+00
-1.825 -1.125 0.0000e+00
-1.825 -1.075 0.0000e+00
-1.825 -1.025 0.0000e+00
-1.825 -0.975 0.0000e+00
-1.825 -0.925 0.0000e+00
-1.825 -0.875 0.0000e+00
-1.825 -0.825 0.0000e+00
-1.825 -0.775 0.0000e+00
-1.825 -0.725 0.0000e+00
-1.825 -0.675 0.0000e+00
-1.825 -0.625 0.0000e+00
-1.825 -0.575 0.0000e+00
-1.825 -0.525 0.0000e+00
-1.825 -0.475 0.0000e+00
-1.825 -0.425 0.0000e+00
-1.825 -0.375 0.0000e+00
-1.825 -0.325 0.0000e+00
-1.825 -0.275 0.0000e+00
-1.825 -0.225 0.0000e+00
-1.825 -0.175 0.0000e+00
-1.825 -0.125 0.0000e+00
-1.825 -0.075 0.0000e+00
-1.825 -0.025 0.0000e+00
-1.825 0.025 0.0000e+00
-1.825 0.075 0.0000e+00
-1.825 0.125 0.0000e+00
-1.825 0.175 0.0000e+00
-1.825 0.225 0.0000e+00
-1.825 0.275 0.0000e+00
-1.825 0.325 0.0000e+00
-1.825 0.375 0.0000e+00
-1.825 0.425 0.0000e+00
-1.825 0.475 0.0000e+00
-1.825 0.525 0.0000e+00
-1.825 0.575 0.0000e+00
-1.825 0.625 0.0000e+00
-1.825 0.675 0.0000e+00
-1.825 0.725 0.0000e+00
-1.825 0.775 0.0000e+00
-1.825 0.825 0.0000e+00
-1.825 0.875 0.0000e+00
-1.825 0.925 0.0000e+00
-1.825 0.975 0.0000e+00
-1.825 1.025 0.0000e+00
-1.825 1.075 0.0000e+00
-1.825 1.125 2.0885e-10
-1.825 1.175 4.1469e-10
-1.825 1.225 8.2225e-10
-1.825 1.275 1.6275e-09
-1.825 1.325 3.2144e-09
-1.825 1.375 6.3308e-09
-1.825 1.425 1.2425e-08
-1.825 1.475 2.4278e-08
-1.825 1.525 4.7179e-08
-1.825 1.575 9.1052e-08
-1.825 1.625 1.7423e-07
-1.825 1.675 3.2989e-07
-1.825 1.725 6.1657e-07
-1.825 1.775 1.1342e-06
-1.825 1.825 2.0467e-06
-1.825 1.875 3.6092e-06
-1.825 1.925 6.1930e-06
-1.825 1.975 1.0292e-05
-1.825 2.025 1.6489e-05
-1.825 2.075 2.5342e-05
-1.825 2.125 3.7205e-05
-1.825 2.175 5.1981e-05
-1.825 2.225 6.8934e-05
-1.825 2.275 8.6648e-05
-1.825 2.325 1.0324e-04
-1.825 2.375 1.1676e-04
-1.825 2.425 1.2570e-04
-1.825 2.475 1.2929e-04
-1.825 2.525 1.2760e-04
-1.825 2.575 1.2143e-04
-1.825 2.625 1.1194e-04
-1.825 2.675 1.0044e-04
-1.825 2.725 8.8072e-05
-1.825 2.775 7.5768e-05
-1.825 2.825 6.4163e-05
-1.825 2.875 5.3636e-05
-1.825 2.925 4.4366e-05
-1.825 2.975 3.6385e-05
-1.825 3.025 2.9633e-05
-1.825 3.075 2.3999e-05
-1.825 3.125 1.9348e-05
-1.825 3.175 1.5541e-05
-1.825 3.225 1.2446e-05
-1.825 3.275 9.9420e-06
-1.825 3.325 7.9250e-06
-1.825 3.375 6.3056e-06
-1.825 3.425 5.0087e-06
-1.825 3.475 3.9720e-06
-1.825 3.525 3.1446e-06
-1.825 3.575 2.4847e-06
-1.825 3.625 1.9585e-06
-1.825 3.675 1.5382e-06
-1.825 3.725 1.2008e-06
-1.825 3.775 9.2482e-07
-1.825 3.825 0.0000e+00
-1.825 3.875 0.0000e+00
-1.825 3.925 0.0000e+00
-1.825 3.975 0.0000e+00
-1.775 -1.975 0.0000e+00
-1.775 -1.925 0.0000e+00
-1.775 -1.875 0.0000e+00
-1.775 -1.825 0.0000e+00
-1.775 -1.775 0.0000e+00
-1.775 -1.725 0.0000e+00
-1.775 -1.675 0.0000e+00
-1.775 -1.625 0.0000e+00
-1.775 -1.575 0.0000e+00
-1.775 -1.525 0.0000e+00
-1.775 -1.475 0.0000e+00
-1.775 -1.425 0.0000e+00
-1.775 -1.375 0.0000e+00
-1.775 -1.325 0.0000e+00
-1.775 -1.275 0.0000e+00
-1.775 -1.225 0.0000e+00
-1.775 -1.175 0.0000e+00
-1.775 -1.125 0.0000e+00
-1.775 -1.075 0.0000e+00
-1.775 -1.025 0.0000e+00
-1.775 -0.975 0.0000e+00
-1.775 -0.925 0.0000e+00
-1.775 -0.875 0.0000e+00
-1.775 -0.825 0.0000e+00
-1.775 -0.775 0.0000e+00
-1.775 -0.725 0.0000e+00
-1.775 -0.675 0.0000e+00
-1.775 -0.625 0.0000e+00
-1.775 -0.575 0.0000e+00
-1.775 -0.525 0.0000e+00
-1.775 -0.475 0.0000e+00
-1.775 -0.425 0.0000e+00
-1.775 -0.375 0.0000e+00
-1.775 -0.325 0.0000e+00
-1.775 -0.275 0.0000e+00
-1.775 -0.225 0.0000e+00
-1.775 -0.175 0.0000e+00
-1.775 -0.125 0.0000e+00
-1.775 -0.075 0.0000e+00
-1.775 -0.025 0.0000e+00
-1.775 0.025 0.0000e+00
-1.775 0.075 0.0000e+00
-1.775 0.125 0.0000e+00
-1.775 0.175 0.0000e+00
-1.775 0.225 0.0000e+00
-1.775 0.275 0.0000e+00
-1.775 0.325 0.0000e+00
-1.775 0.375 0.0000e+00
-1.775 0.425 0.0000e+00
-1.775 0.475 0.0000e+00
-1.775 0.525 0.0000e+00
-1.775 0.575 0.0000e+00
-1.775 0.625 0.0000e+00
-1.775 0.675 0.0000e+00
-1.775 0.725 0.0000e+00
-1.775 0.775 0.0000e+00
-1.775 0.825 0.0000e+00
-1.775 0.875 0.0000e+00
-1.775 0.925 0.0000e+00
-1.775 0.975 0.0000e+00
-1.775 1.025 0.0000e+00
-1.775 1.075 0.0000e+00
-1.775 1.125 2.6140e-10
-1.775 1.175 5.1826e-10
-1.775 1.225 1.0257e-09
-1.775 1.275 2.0255e-09
-1.775 1.325 3.9886e-09
-1.775 1.375 7.8266e-09
-1.775 1.425 1.5290e-08
-1.775 1.475 2.9707e-08
-1.775 1.525 5.7319e-08
-1.775 1.575 1.0966e-07
-1.775 1.625 2.0757e-07
-1.775 1.675 3.8783e-07
-1.775 1.725 7.1322e-07
-1.775 1.775 1.2866e-06
-1.775 1.825 2.2681e-06
-1.775 1.875 3.8906e-06
-1.775 1.925 6.4641e-06
-1.775 1.975 1.0353e-05
-1.775 2.025 1.5908e-05
-1.775 2.075 2.3350e-05
-1.775 2.125 3.2620e-05
-1.775 2.175 4.3256e-05
-1.775 2.225 5.4373e-05
-1.775 2.275 6.4790e-05
-1.775 2.325 7.3291e-05
-1.775 2.375 7.8920e-05
-1.775 2.425 8.1196e-05
-1.775 2.475 8.0165e-05
-1.775 2.525 7.6313e-05
-1.775 2.575 7.0378e-05
-1.775 2.625 6.3168e-05
-1.775 2.675 5.5413e-05
-1.775 2.725 4.7690e-05
-1.775 2.775 4.0400e-05
-1.775 2.825 3.3784e-05
-1.775 2.875 2.7955e-05
-1.775 2.925 2.2934e-05
-1.775 2.975 1.8685e-05
-1.775 3.025 1.5138e-05
-1.775 3.075 1.2209e-05
-1.775 3.125 9.8103e-06
-1.775 3.175 7.8595e-06
-1.775 3.225 6.2811e-06
-1.775 3.275 5.0094e-06
-1.775 3.325 3.9881e-06
-1.775 3.375 3.1700e-06
-1.775 3.425 2.5161e-06
-1.775 3.475 1.9941e-06
-1.775 3.525 1.5780e-06
-1.775 3.575 1.2464e-06
-1.775 3.625 9.8219e-07
-1.775 3.675 7.7126e-07
-1.775 3.725 6.0201e-07
-1.775 3.775 4.6360e-07
-1.775 3.825 0.0000e+00
-1.775 3.875 0.0000e+00
-1.775 3.925 0.0000e+00
-1.775 3.975 0.0000e+00
-1.725 -1.975 0.0000e+00
-1.725 -1.925 0.0000e+00
-1.725 -1.875 0.0000e+00
-1.725 -1.825 0.0000e+00
-1.725 -1.775 0.0000e+00
-1.725 -1.725 0.0000e+00
-1.725 -1.675 0.0000e+00
-1.725 -1.625 0.0000e+00
-1.725 -1.575 0.0000e+00
-1.725 -1.525 0.0000e+00
-1.725 -1.475 0.0000e+00
-1.725 -1.425 0.0000e+00
-1.725 -1.375 0.0000e+00
-1.725 -1.325 0.0000e+00
-1.725 -1.275 0.0000e+00
-1.725 -1.225 0.0000e+00
-1.725 -1.175 0.0000e+00
-1.725 -1.125 0.0000e+00
-1.725 -1.075 0.0000e+00
-1.725 -1.025 0.0000e+00
-1.725 -0.975 0.0000e+00
-1.725 -0.925 0.0000e+00
-1.725 -0.875 0.0000e+00
-1.725 -0.825 0.0000e+00
-1.725 -0.775 0.0000e+00
-1.725 -0.725 0.0000e+00
-1.725 -0.675 0.0000e+00
-1.725 -0.625 0.0000e+00
-1.725 -0.575 0.0000e+00
-1.725 -0.525 0.0000e+00
-1.725 -0.475 0.0000e+00
-1.725 -0.425 0.0000e+00
-1.725 -0.375 0.0000e+00
-1.725 -0.325 0.0000e+00
-1.725 -0.275 0.0000e+00
-1.725 -0.225 0.0000e+00
-1.725 -0.175 0.0000e+00
-1.725 -0.125 0.0000e+00
-1.725 -0.075 0.0000e+00
-1.725 -0.025 0.0000e+00
-1.725 0.025 0.0000e+00
-1.725 0.075 0.0000e+00
-1.725 0.125 0.0000e+00
-1.725 0.175 0.0000e+00
-1.725 0.225 0.0000e+00
-1.725 0.275 0.0000e+00
-1.725 0.325 0.0000e+00
-1.725 0.375 0.0000e+00
-1.725 0.425 0.0000e+00
-1.725 0.475 0.0000e+00
-1.725 0.525 0.0000e+00
-1.725 0.575 0.0000e+00
-1.725 0.625 0.0000e+00
-1.725 0.675 0.0000e+00
-1.725 0.725 0.0000e+00
-1.725 0.775 0.0000e+00
-1.725 0.825 0.0000e+00
-1.725 0.875 0.0000e+00
-1.725 0.925 0.0000e+00
-1.725 0.975 0.0000e+00
-1.725 1.025 0.0000e+00
-1.725 1.075 0.0000e+00
-1.725 1.125 3.2669e-10
-1.725 1.175 6.4648e-10
-1.725 1.225 1.2765e-09
-1.725 1.275 2.5133e-09
-1.725 1.325 4.9310e-09
-1.725 1.375 9.6317e-09
-1.725 1.425 1.8709e-08
-1.725 1.475 3.6093e-08
-1.725 1.525 6.9032e-08
-1.725 1.575 1.3064e-07
-1.725 1.625 2.4403e-07
-1.725 1.675 4.4866e-07
-1.725 1.725 8.0914e-07
-1.725 1.775 1.4260e-06
-1.725 1.825 2.4454e-06
-1.725 1.875 4.0618e-06
-1.725 1.925 6.5036e-06
-1.725 1.975 9.9913e-06
-1.725 2.025 1.4663e-05
-1.725 2.075 2.0482e-05
-1.725 2.125 2.7159e-05
-1.725 2.175 3.4140e-05
-1.725 2.225 4.0685e-05
-1.725 2.275 4.6031e-05
-1.725 2.325 4.9577e-05
-1.725 2.375 5.1020e-05
-1.725 2.425 5.0387e-05
-1.725 2.475 4.7981e-05
-1.725 2.525 4.4265e-05
-1.725 2.575 3.9744e-05
-1.725 2.625 3.4876e-05
-1.725 2.675 3.0026e-05
-1.725 2.725 2.5444e-05
-1.725 2.775 2.1284e-05
-1.725 2.825 1.7617e-05
-1.725 2.875 1.4458e-05
-1.725 2.925 1.1783e-05
-1.725 2.975 9.5488e-06
-1.725 3.025 7.7036e-06
-1.725 3.075 6.1922e-06
-1.725 3.125 4.9626e-06
-1.725 3.175 3.9675e-06
-1.725 3.225 3.1655e-06
-1.725 3.275 2.5214e-06
-1.725 3.325 2.0053e-06
-1.725 3.375 1.5927e-06
-1.725 3.425 1.2634e-06
-1.725 3.475 1.0008e-06
-1.725 3.525 7.9170e-07
-1.725 3.575 6.2517e-07
-1.725 3.625 4.9253e-07
-1.725 3.675 3.8670e-07
-1.725 3.725 3.0180e-07
-1.725 3.775 2.3239e-07
-1.725 3.825 0.0000e+00
-1.725 3.875 0.0000e+00
-1.725 3.925 0.0000e+00
-1.725 3.975 0.0000e+00
-1.675 -1.975 0.0000e+00
-1.675 -1.925 0.0000e+00
-1.675 -1.875 0.0000e+00
-1.675 -1.825 0.0000e+00
-1.675 -1.775 0.0000e+00
-1.675 -1.725 0.0000e+00
-1.675 -1.675 0.0000e+00
-1.675 -1.625 0.0000e+00
-1.675 -1.575 0.0000e+00
-1.675 -1.525 0.0000e+00
-1.675 -1.475 0.0000e+00
-1.675 -1.425 0.0000e+00
-1.675 -1.375 0.0000e+00
-1.675 -1.325 0.0000e+00
-1.675 -1.275 0.0000e+00
-1.675 -1.225 0.0000e+00
-1.675 -1.175 0.0000e+00
-1.675 -1.125 0.0000e+00
-1.675 -1.075 0.0000e+00
-1.675 -1.025 0.0000e+00
-1.675 -0.975 0.0000e+00
-1.675 -0.925 0.0000e+00
-1.675 -0.875 0.0000e+00
-1.675 -0.825 0.0000e+00
-1.675 -0.775 0.0000e+00
-1.675 -0.725 0.0000e+00
-1.675 -0.675 0.0000e+00
-1.675 -0.625 0.0000e+00
-1.675 -0.575 0.0000e+00
-1.675 -0.525 0.0000e+00
-1.675 -0.475 0.0000e+00
-1.675 -0.425 0.0000e+00
-1.675 -0.375 0.0000e+00
-1.675 -0.325 0.0000e+00
-1.675 -0.275 0.0000e+00
-1.675 -0.225 0.0000e+00
-1.675 -0.175 0.0000e+00
-1.675 -0.125 0.0000e+00
-1.675 -0.075 0.0000e+00
-1.675 -0.025 0.0000e+00
-1.675 0.025 0.0000e+00
-1.675 0.075 0.0000e+00
-1.675 0.125 0.0000e+00
-1.675 0.175 0.0000e+00
-1.675 0.225 0.0000e+00
-1.675 0.275 0.0000e+00
-1.675 0.325 0.0000e+00
-1.675 0.375 0.0000e+00
-1.675 0.425 0.0000e+00
-1.675 0.475 0.0000e+00
-1.675 0.525 0.0000e+00
-1.675 0.575 0.0000e+00
-1.675 0.625 0.0000e+00
-1.675 0.675 0.0000e+00
-1.675 0.725 0.0000e+00
-1.675 0.775 0.0000e+00
-1.675 0.825 0.0000e+00
-1.675 0.875 0.0000e+00
-1.675 0.925 0.0000e+00
-1.675 0.975 0.0000e+00
-1.675 1.025 0.0000e+00
-1.675 1.075 0.0000e+00
-1.675 1.125 4.0752e-10
-1.675 1.175 8.0455e-10
-1.675 1.225 1.5839e-09
-1.675 1.275 3.1072e-09
-1.675 1.325 6.0683e-09
-1.675 1.375 1.1786e-08
-1.675 1.425 2.2732e-08
-1.675 1.475 4.3469e-08
-1.675 1.525 8.2245e-08
-1.675 1.575 1.5360e-07
-1.675 1.625 2.8232e-07
-1.675 1.675 5.0904e-07
-1.675 1.725 8.9688e-07
-1.675 1.775 1.5376e-06
-1.675 1.825 2.5534e-06
-1.675 1.875 4.0876e-06
-1.675 1.925 6.2784e-06
-1.675 1.975 9.2127e-06
-1.675 2.025 1.2868e-05
-1.675 2.075 1.7062e-05
-1.675 2.125 2.1448e-05
-1.675 2.175 2.5562e-05
-1.675 2.225 2.8925e-05
-1.675 2.275 3.1159e-05
-1.675 2.325 3.2074e-05
-1.675 2.375 3.1684e-05
-1.675 2.425 3.0180e-05
-1.675 2.475 2.7851e-05
-1.675 2.525 2.5014e-05
-1.675 2.575 2.1957e-05
-1.675 2.625 1.8909e-05
-1.675 2.675 1.6029e-05
-1.675 2.725 1.3412e-05
-1.675 2.775 1.1104e-05
-1.675 2.825 9.1152e-06
-1.675 2.875 7.4306e-06
-1.675 2.925 6.0235e-06
-1.675 2.975 4.8609e-06
-1.675 3.025 3.9083e-06
-1.675 3.075 3.1332e-06
-1.675 3.125 2.5057e-06
-1.675 3.175 1.9999e-06
-1.675 3.225 1.5936e-06
-1.675 3.275 1.2680e-06
-1.675 3.325 1.0077e-06
-1.675 3.375 7.9985e-07
-1.675 3.425 6.3416e-07
-1.675 3.475 5.0218e-07
-1.675 3.525 3.9713e-07
-1.675 3.575 3.1353e-07
-1.675 3.625 2.4697e-07
-1.675 3.675 1.9388e-07
-1.675 3.725 1.5130e-07
-1.675 3.775 1.1649e-07
-1.675 3.825 0.0000e+00
-1.675 3.875 0.0000e+00
-1.675 3.925 0.0000e+00
-1.675 3.975 0.0000e+00
-1.625 -1.975 0.0000e+00
-1.625 -1.925 0.0000e+00
-1.625 -1.875 0.0000e+00
-1.625 -1.825 0.0000e+00
-1.625 -1.775 0.0000e+00
-1.625 -1.725 0.0000e+00
-1.625 -1.675 0.0000e+00
-1.625 -1.625 0.0000e+00
-1.625 -1.575 0.0000e+00
-1.625 -1.525 0.0000e+00
-1.625 -1.475 0.0000e+00
-1.625 -1.425 0.0000e+00
-1.625 -1.375 0.0000e+00
-1.625 -1.325 0.0000e+00
-1.625 -1.275 0.0000e+00
-1.625 -1.225 0.0000e+00
-1.625 -1.175 0.0000e+00
-1.625 -1.125 0.0000e+00
-1.625 -1.075 0.0000e+00
-1.625 -1.025 0.0000e+00
-1.625 -0.975 0.0000e+00
-1.625 -0.925 0.0000e+00
-1.625 -0.875 0.0000e+00
-1.625 -0.825 0.0000e+00
-1.625 -0.775 0.0000e+00
-1.625 -0.725 0.0000e+00
-1.625 -0.675 0.0000e+00
-1.625 -0.625 0.0000e+00
-1.625 -0.575 0.0000e+00
-1.625 -0.525 0.0000e+00
-1.625 -0.475 0.0000e+00
-1.625 -0.425 0.0000e+00
-1.625 -0.375 0.0000e+00
-1.625 -0.325 0.0000e+00
-1.625 -0.275 0.0000e+00
-1.625 -0.225 0.0000e+00
-1.625 -0.175 0.0000e+00
-1.625 -0.125 0.0000e+00
-1.625 -0.075 0.0000e+00
-1.625 -0.025 0.0000e+00
-1.625 0.025 0.0000e+00
-1.625 0.075 0.0000e+00
-1.625 0.125 0.0000e+00
-1.625 0.175 0.0000e+00
-1.625 0.225 0.0000e+00
-1.625 0.275 0.0000e+00
-1.625 0.325 0.0000e+00
-1.625 0.375 0.0000e+00
-1.625 0.425 0.0000e+00
-1.625 0.475 0.0000e+00
-1.625 0.525 0.0000e+00
-1.625 0.575 0.0000e+00
-1.625 0.625 0.0000e+00
-1.625 0.675 0.0000e+00
-1.625 0.725 0.0000e+00
-1.625 0.775 0.0000e+00
-1.625 0.825 0.0000e+00
-1.625 0.875 0.0000e+00
-1.625 0.925 0.0000e+00
-1.625 0.975 0.0000e+00
-1.625 1.025 0.0000e+00
-1.625 1.075 0.0000e+00
-1.625 1.125 5.0715e-10
-1.625 1.175 9.9832e-10
-1.625 1.225 1.9582e-09
-1.625 1.275 3.8238e-09
-1.625 1.325 7.4254e-09
-1.625 1.375 1.4319e-08
-1.625 1.425 2.7378e-08
-1.625 1.475 5.1791e-08
-1.625 1.525 9.6702e-08
-1.625 1.575 1.7771e-07
-1.625 1.625 3.2034e-07
-1.625 1.675 5.6429e-07
-1.625 1.725 9.6722e-07
-1.625 1.775 1.6058e-06
-1.625 1.825 2.5702e-06
-1.625 1.875 3.9471e-06
-1.625 1.925 5.7911e-06
-1.625 1.975 8.0878e-06
-1.625 2.025 1.0724e-05
-1.625 2.075 1.3481e-05
-1.625 2.125 1.6068e-05
-1.625 2.175 1.8184e-05
-1.625 2.225 1.9592e-05
-1.625 2.275 2.0172e-05
-1.625 2.325 1.9932e-05
-1.625 2.375 1.8990e-05
-1.625 2.425 1.7529e-05
-1.625 2.475 1.5748e-05
-1.625 2.525 1.3827e-05
-1.625 2.575 1.1911e-05
-1.625 2.625 1.0099e-05
-1.625 2.675 8.4526e-06
-1.625 2.725 7.0000e-06
-1.625 2.775 5.7475e-06
-1.625 2.825 4.6864e-06
-1.625 2.875 3.7999e-06
-1.625 2.925 3.0672e-06
-1.625 2.975 2.4668e-06
-1.625 3.025 1.9780e-06
-1.625 3.075 1.5823e-06
-1.625 3.125 1.2633e-06
-1.625 3.175 1.0070e-06
-1.625 3.225 8.0156e-07
-1.625 3.275 6.3728e-07
-1.625 3.325 5.0611e-07
-1.625 3.375 4.0153e-07
-1.625 3.425 3.1823e-07
-1.625 3.475 2.5193e-07
-1.625 3.525 1.9918e-07
-1.625 3.575 1.5723e-07
-1.625 3.625 1.2383e-07
-1.625 3.675 9.7199e-08
-1.625 3.725 7.5848e-08
-1.625 3.775 5.8396e-08
-1.625 3.825 0.0000e+00
-1.625 3.875 0.0000e+00
-1.625 3.925 0.0000e+00
-1.625 3.975 0.0000e+00
-1.575 -1.975 0.0000e+00
-1.575 -1.925 0.0000e+00
-1.575 -1.875 0.0000e+00
-1.575 -1.825 0.0000e+00
-1.575 -1.775 0.0000e+00
-1.575 -1.725 0.0000e+00
-1.575 -1.675 0.0000e+00
-1.575 -1.625 0.0000e+00
-1.575 -1.575 0.0000e+00
-1.575 -1.525 0.0000e+00
-1.575 -1.475 0.0000e+00
-1.575 -1.425 0.0000e+00
-1.575 -1.375 0.0000e+00
-1.575 -1.325 0.0000e+00
-1.575 -1.275 0.0000e+00
-1.575 -1.225 0.0000e+00
-1.575 -1.175 0.0000e+00
-1.575 -1.125 0.0000e+00
-1.575 -1.075 0.0000e+00
-1.575 -1.025 0.0000e+00
-1.575 -0.975 0.0000e+00
-1.575 -0.925 0.0000e+00
-1.575 -0.875 0.0000e+00
-1.575 -0.825 0.0000e+00
-1.575 -0.775 0.0000e+00
-1.575 -0.725 0.0000e+00
-1.575 -0.675 0.0000e+00
-1.575 -0.625 0.0000e+00
-1.575 -0.575 0.0000e+00
-1.575 -0.525 0.0000e+00
-1.575 -0.475 0.0000e+00
-1.575 -0.425 0.0000e+00
-1.575 -0.375 0.0000e+00
-1.575 -0.325 0.0000e+00
-1.575 -0.275 0.0000e+00
-1.575 -0.225 0.0000e+00
-1.575 -0.175 0.0000e+00
-1.575 -0.125 0.0000e+00
-1.575 -0.075 0.0000e+00
-1.575 -0.025 0.0000e+00
-1.575 0.025 0.0000e+00
-1.575 0.075 0.0000e+00
-1.575 0.125 0.0000e+00
-1.575 0.175 0.0000e+00
-1.575 0.225 0.0000e+00
-1.575 0.275 0.0000e+00
-1.575 0.325 0.0000e+00
-1.575 0.375 0.0000e+00
-1.575 0.425 0.0000e+00
-1.575 0.475 0.0000e+00
-1.575 0.525 0.0000e+00
-1.575 0.575 0.0000e+00
-1.575 0.625 0.0000e+00
-1.575 0.675 0.0000e+00
-1.575 0.725 0.0000e+00
-1.575 0.775 0.0000e+00
-1.575 0.825 0.0000e+00
-1.575 0.875 0.0000e+00
-1.575 0.925 0.0000e+00
-1.575 0.975 0.0000e+00
-1.575 1.025 0.0000e+00
-1.575 1.075 0.0000e+00
-1.575 1.125 6.2930e-10
-1.575 1.175 1.2342e-09
-1.575 1.225 2.4098e-09
-1.575 1.275 4.6790e-09
-1.575 1.325 9.0219e-09
-1.575 1.375 1.7246e-08
-1.575 1.425 3.2620e-08
-1.575 1.475 6.0896e-08
-1.575 1.525 1.1189e-07
-1.575 1.575 2.0165e-07
-1.575 1.625 3.5514e-07
-1.575 1.675 6.0862e-07
-1.575 1.725 1.0103e-06
-1.575 1.775 1.6167e-06
-1.575 1.825 2.4825e-06
-1.575 1.875 3.6418e-06
-1.575 1.925 5.0858e-06
-1.575 1.975 6.7432e-06
-1.575 2.025 8.4771e-06
-1.575 2.075 1.0105e-05
-1.575 2.125 1.1437e-05
-1.575 2.175 1.2324e-05
-1.575 2.225 1.2691e-05
-1.575 2.275 1.2543e-05
-1.575 2.325 1.1953e-05
-1.575 2.375 1.1036e-05
-1.575 2.425 9.9172e-06
-1.575 2.475 8.7098e-06
-1.575 2.525 7.5045e-06
-1.575 2.575 6.3644e-06
-1.575 2.625 5.3280e-06
-1.575 2.675 4.4134e-06
-1.575 2.725 3.6245e-06
-1.575 2.775 2.9560e-06
-1.575 2.825 2.3973e-06
-1.575 2.875 1.9354e-06
-1.575 2.925 1.5569e-06
-1.575 2.975 1.2487e-06
-1.575 3.025 9.9917e-07
-1.575 3.075 7.9793e-07
-1.575 3.125 6.3621e-07
-1.575 3.175 5.0659e-07
-1.575 3.225 4.0291e-07
-1.575 3.275 3.2012e-07
-1.575 3.325 2.5411e-07
-1.575 3.375 2.0152e-07
-1.575 3.425 1.5966e-07
-1.575 3.475 1.2637e-07
-1.575 3.525 9.9893e-08
-1.575 3.575 7.8839e-08
-1.575 3.625 6.2087e-08
-1.575 3.675 4.8731e-08
-1.575 3.725 3.8024e-08
-1.575 3.775 2.9274e-08
-1.575 3.825 0.0000e+00
-1.575 3.875 0.0000e+00
-1.575 3.925 0.0000e+00
-1.575 3.975 0.0000e+00
-1.525 -1.975 0.0000e+00
-1.525 -1.925 0.0000e+00
-1.525 -1.875 0.0000e+00
-1.525 -1.825 0.0000e+00
-1.525 -1.775 0.0000e+00
-1.525 -1.725 0.0000e+00
-1.525 -1.675 0.0000e+00
-1.525 -1.625 0.0000e+00
-1.525 -1.575 0.0000e+00
-1.525 -1.525 0.0000e+00
-1.525 -1.475 0.0000e+00
-1.525 -1.425 0.0000e+00
-1.525 -1.375 0.0000e+00
-1.525 -1.325 0.0000e+00
-1.525 -1.275 0.0000e+00
-1.525 -1.225 0.0000e+00
-1.525 -1.175 0.0000e+00
-1.525 -1.125 0.0000e+00
-1.525 -1.075 0.0000e+00
-1.525 -1.025 0.0000e+00
-1.525 -0.975 0.0000e+00
-1.525 -0.925 0.0000e+00
-1.525 -0.875 0.0000e+00
-1.525 -0.825 0.0000e+00
-1.525 -0.775 0.0000e+00
-1.525 -0.725 0.0000e+00
-1.525 -0.675 0.0000e+00
-1.525 -0.625 0.0000e+00
-1.525 -0.575 0.0000e+00
-1.525 -0.525 0.0000e+00
-1.525 -0.475 0.0000e+00
-1.525 -0.425 0.0000e+00
-1.525 -0.375 0.0000e+00
-1.525 -0.325 0.0000e+00
-1.525 -0.275 0.0000e+00
-1.525 -0.225 0.0000e+00
-1.525 -0.175 0.0000e+00
-1.525 -0.125 0.0000e+00
-1.525 -0.075 0.0000e+00
-1.525 -0.025 0.0000e+00
-1.525 0.025 0.0000e+00
-1.525 0.075 0.0000e+00
-1.525 0.125 0.0000e+00
-1.525 0.175 0.0000e+00
-1.525 0.225 0.0000e+00
-1.525 0.275 0.0000e+00
-1.525 0.325 0.0000e+00
-1.525 0.375 0.0000e+00
-1.525 0.425 0.0000e+00
-1.525 0.475 0.0000e+00
-1.525 0.525 0.0000e+00
-1.525 0.575 0.0000e+00
-1.525 0.625 0.0000e+00
-1.525 0.675 0.0000e+00
-1.525 0.725 0.0000e+00
-1.525 0.775 0.0000e+00
-1.525 0.825 0.0000e+00
-1.525 0.875 0.0000e+00
-1.525 0.925 0.0000e+00
-1.525 0.975 0.0000e+00
-1.525 1.025 0.0000e+00
-1.525 1.075 0.0000e+00
-1.525 1.125 7.7800e-10
-1.525 1.175 1.5189e-09
-1.525 1.225 2.9488e-09
-1.525 1.275 5.6850e-09
-1.525 1.325 1.0866e-08
-1.525 1.375 2.0549e-08
-1.525 1.425 3.8356e-08
-1.525 1.475 7.0461e-08
-1.525 1.525 1.2697e-07
-1.525 1.575 2.2358e-07
-1.525 1.625 3.8308e-07
-1.525 1.675 6.3580e-07
-1.525 1.725 1.0173e-06
-1.525 1.775 1.5619e-06
-1.525 1.825 2.2911e-06
-1.525 1.875 3.1993e-06
-1.525 1.925 4.2418e-06
-1.525 1.975 5.3327e-06
-1.525 2.025 6.3570e-06
-1.525 2.075 7.1959e-06
-1.525 2.125 7.7555e-06
-1.525 2.175 7.9877e-06
-1.525 2.225 7.8959e-06
-1.525 2.275 7.5263e-06
-1.525 2.325 6.9504e-06
-1.525 2.375 6.2470e-06
-1.525 2.425 5.4876e-06
-1.525 2.475 4.7292e-06
-1.525 2.525 4.0116e-06
-1.525 2.575 3.3590e-06
-1.525 2.625 2.7829e-06
-1.525 2.675 2.2859e-06
-1.525 2.725 1.8646e-06
-1.525 2.775 1.5125e-06
-1.525 2.825 1.2213e-06
-1.525 2.875 9.8265e-07
-1.525 2.925 7.8830e-07
-1.525 2.975 6.3089e-07
-1.525 3.025 5.0394e-07
-1.525 3.075 4.0190e-07
-1.525 3.125 3.2010e-07
-1.525 3.175 2.5467e-07
-1.525 3.225 2.0242e-07
-1.525 3.275 1.6074e-07
-1.525 3.325 1.2754e-07
-1.525 3.375 1.0112e-07
-1.525 3.425 8.0095e-08
-1.525 3.475 6.3381e-08
-1.525 3.525 5.0095e-08
-1.525 3.575 3.9532e-08
-1.525 3.625 3.1129e-08
-1.525 3.675 2.4431e-08
-1.525 3.725 1.9063e-08
-1.525 3.775 0.0000e+00
-1.525 3.825 0.0000e+00
-1.525 3.875 0.0000e+00
-1.525 3.925 0.0000e+00
-1.525 3.975 0.0000e+00
-1.475 -1.975 0.0000e+00
-1.475 -1.925 0.0000e+00
-1.475 -1.875 0.0000e+00
-1.475 -1.825 0.0000e+00
-1.475 -1.775 0.0000e+00
-1.475 -1.725 0.0000e+00
-1.475 -1.675 0.0000e+00
-1.475 -1.625 0.0000e+00
-1.475 -1.575 0.0000e+00
-1.475 -1.525 0.0000e+00
-1.475 -1.475 0.0000e+00
-1.475 -1.425 0.0000e+00
-1.475 -1.375 0.0000e+00
-1.475 -1.325 0.0000e+00
-1.475 -1.275 0.0000e+00
-1.475 -1.225 0.0000e+00
-1.475 -1.175 0.0000e+00
-1.475 -1.125 0.0000e+00
-1.475 -1.075 0.0000e+00
-1.475 -1.025 0.0000e+00
-1.475 -0.975 0.0000e+00
-1.475 -0.925 0.0000e+00
-1.475 -0.875 0.0000e+00
-1.475 -0.825 0.0000e+00
-1.475 -0.775 0.0000e+00
-1.475 -0.725 0.0000e+00
-1.475 -0.675 0.0000e+00
-1.475 -0.625 0.0000e+00
-1.475 -0.575 0.0000e+00
-1.475 -0.525 0.0000e+00
-1.475 -0.475 0.0000e+00
-1.475 -0.425 0.0000e+00
-1.475 -0.375 0.0000e+00
-1.475 -0.325 0.0000e+00
-1.475 -0.275 0.0000e+00
-1.475 -0.225 0.0000e+00
-1.475 -0.175 0.0000e+00
-1.475 -0.125 0.0000e+00
-1.475 -0.075 0.0000e+00
-1.475 -0.025 0.0000e+00
-1.475 0.025 0.0000e+00
-1.475 0.075 0.0000e+00
-1.475 0.125 0.0000e+00
-1.475 0.175 0.0000e+00
-1.475 0.225 0.0000e+00
-1.475 0.275 0.0000e+00
-1.475 0.325 0.0000e+00
-1.475 0.375 0.0000e+00
-1.475 0.425 0.0000e+00
-1.475 0.475 0.0000e+00
-1.475 0.525 0.0000e+00
-1.475 0.575 0.0000e+00
-1.475 0.625 0.0000e+00
-1.475 0.675 0.0000e+00
-1.475 0.725 0.0000e+00
-1.475 0.775 0.0000e+00
-1.475 0.825 0.0000e+00
-1.475 0.875 0.0000e+00
-1.475 0.925 0.0000e+00
-1.475 0.975 0.0000e+00
-1.475 1.025 0.0000e+00
-1.475 1.075 0.0000e+00
-1.475 1.125 9.5745e-10
-1.475 1.175 1.8586e-09
-1.475 1.225 3.5829e-09
-1.475 1.275 6.8473e-09
-1.475 1.325 1.2947e-08
-1.475 1.375 2.4163e-08
-1.475 1.425 4.4383e-08
-1.475 1.475 7.9964e-08
-1.475 1.525 1.4078e-07
-1.475 1.575 2.4119e-07
-1.475 1.625 4.0024e-07
-1.475 1.675 6.4032e-07
-1.475 1.725 9.8298e-07
-1.475 1.775 1.4418e-06
-1.475 1.825 2.0133e-06
-1.475 1.875 2.6693e-06
-1.475 1.925 3.3559e-06
-1.475 1.975 4.0007e-06
-1.475 2.025 4.5291e-06
-1.475 2.075 4.8820e-06
-1.475 2.125 5.0290e-06
-1.475 2.175 4.9721e-06
-1.475 2.225 4.7402e-06
-1.475 2.275 4.3784e-06
-1.475 2.325 3.9360e-06
-1.475 2.375 3.4582e-06
-1.475 2.425 2.9809e-06
-1.475 2.475 2.5290e-06
-1.475 2.525 2.1180e-06
-1.475 2.575 1.7550e-06
-1.475 2.625 1.4418e-06
-1.475 2.675 1.1763e-06
-1.475 2.725 9.5434e-07
-1.475 2.775 7.7075e-07
-1.475 2.825 6.2023e-07
-1.475 2.875 4.9764e-07
-1.475 2.925 3.9835e-07
-1.475 2.975 3.1825e-07
-1.475 3.025 2.5387e-07
-1.475 3.075 2.0224e-07
-1.475 3.125 1.6095e-07
-1.475 3.175 1.2796e-07
-1.475 3.225 1.0165e-07
-1.475 3.275 8.0691e-08
-1.475 3.325 6.4004e-08
-1.475 3.375 5.0730e-08
-1.475 3.425 4.0176e-08
-1.475 3.475 3.1788e-08
-1.475 3.525 2.5121e-08
-1.475 3.575 1.9823e-08
-1.475 3.625 1.5608e-08
-1.475 3.675 1.2249e-08
-1.475 3.725 9.5570e-09
-1.475 3.775 0.0000e+00
-1.475 3.825 0.0000e+00
-1.475 3.875 0.0000e+00
-1.475 3.925 0.0000e+00
-1.475 3.975 0.0000e+00
-1.425 -1.975 0.0000e+00
-1.425 -1.925 0.0000e+00
-1.425 -1.875 0.0000e+00
-1.425 -1.825 0.0000e+00
-1.425 -1.775 0.0000e+00
-1.425 -1.725 0.0000e+00
-1.425 -1.675 0.0000e+00
-1.425 -1.625 0.0000e+00
-1.425 -1.575 0.0000e+00
-1.425 -1.525 0.0000e+00
-1.425 -1.475 0.0000e+00
-1.425 -1.425 0.0000e+00
-1.425 -1.375 0.0000e+00
-1.425 -1.325 0.0000e+00
-1.425 -1.275 0.0000e+00
-1.425 -1.225 0.0000e+00
-1.425 -1.175 0.0000e+00
-1.425 -1.125 0.0000e+00
-1.425 -1.075 0.0000e+00
-1.425 -1.025 0.0000e+00
-1.425 -0.975 0.0000e+00
-1.425 -0.925 0.0000e+00
-1.425 -0.875 0.0000e+00
-1.425 -0.825 0.0000e+00
-1.425 -0.775 0.0000e+00
-1.425 -0.725 0.0000e+00
-1.425 -0.675 0.0000e+00
-1.425 -0.625 0.0000e+00
-1.425 -0.575 0.0000e+00
-1.425 -0.525 0.0000e+00
-1.425 -0.475 0.0000e+00
-1.425 -0.425 0.0000e+00
-1.425 -0.375 0.0000e+00
-1.425 -0.325 0.0000e+00
-1.425 -0.275 0.0000e+00
-1.425 -0.225 0.0000e+00
-1.425 -0.175 0.0000e+00
-1.425 -0.125 0.0000e+00
-1.425 -0.075 0.0000e+00
-1.425 -0.025 0.0000e+00
-1.425 0.025 0.0000e+00
-1.425 0.075 0.0000e+00
-1.425 0.125 0.0000e+00
-1.425 0.175 0.0000e+00
-1.425 0.225 0.0000e+00
-1.425 0.275 0.0000e+00
-1.425 0.325 0.0000e+00
-1.425 0.375 0.0000e+00
-1.425 0.425 0.0000e+00
-1.425 0.475 0.0000e+00
-1.425 0.525 0.0000e+00
-1.425 0.575 0.0000e+00
-1.425 0.625 0.0000e+00
-1.425 0.675 0.0000e+00
-1.425 0.725 0.0000e+00
-1.425 0.775 0.0000e+00
-1.425 0.825 0.0000e+00
-1.425 0.875 0.0000e+00
-1.425 0.925 0.0000e+00
-1.425 0.975 0.0000e+00
-1.425 1.025 0.0000e+00
-1.425 1.075 0.0000e+00
-1.425 1.125 1.1716e-09
-1.425 1.175 2.2583e-09
-1.425 1.225 4.3154e-09
-1.425 1.275 8.1589e-09
-1.425 1.325 1.5225e-08
-1.425 1.375 2.7961e-08
-1.425 1.425 5.0371e-08
-1.425 1.475 8.8671e-08
-1.425 1.525 1.5189e-07
-1.425 1.575 2.5202e-07
-1.425 1.625 4.0315e-07
-1.425 1.675 6.1884e-07
-1.425 1.725 9.0763e-07
-1.425 1.775 1.2673e-06
-1.425 1.825 1.6803e-06
-1.425 1.875 2.1125e-06
-1.425 1.925 2.5186e-06
-1.425 1.975 2.8516e-06
-1.425 2.025 3.0742e-06
-1.425 2.075 3.1672e-06
-1.425 2.125 3.1318e-06
-1.425 2.175 2.9863e-06
-1.425 2.225 2.7588e-06
-1.425 2.275 2.4805e-06
-1.425 2.325 2.1798e-06
-1.425 2.375 1.8792e-06
-1.425 2.425 1.5947e-06
-1.425 2.475 1.3357e-06
-1.425 2.525 1.1070e-06
-1.425 2.575 9.0957e-07
-1.425 2.625 7.4218e-07
-1.425 2.675 6.0221e-07
-1.425 2.725 4.8644e-07
-1.425 2.775 3.9150e-07
-1.425 2.825 3.1417e-07
-1.425 2.875 2.5152e-07
-1.425 2.925 2.0098e-07
-1.425 2.975 1.6035e-07
-1.425 3.025 1.2777e-07
-1.425 3.075 1.0170e-07
-1.425 3.125 8.0879e-08
-1.425 3.175 6.4269e-08
-1.425 3.225 5.1034e-08
-1.425 3.275 4.0497e-08
-1.425 3.325 3.2115e-08
-1.425 3.375 2.5449e-08
-1.425 3.425 2.0152e-08
-1.425 3.475 1.5942e-08
-1.425 3.525 1.2598e-08
-1.425 3.575 9.9399e-09
-1.425 3.625 7.8262e-09
-1.425 3.675 6.1417e-09
-1.425 3.725 4.7917e-09
-1.425 3.775 0.0000e+00
-1.425 3.825 0.0000e+00
-1.425 3.875 0.0000e+00
-1.425 3.925 0.0000e+00
-1.425 3.975 0.0000e+00
-1.375 -1.975 0.0000e+00
-1.375 -1.925 0.0000e+00
-1.375 -1.875 0.0000e+00
-1.375 -1.825 0.0000e+00
-1.375 -1.775 0.0000e+00
-1.375 -1.725 0.0000e+00
-1.375 -1.675 0.0000e+00
-1.375 -1.625 0.0000e+00
-1.375 -1.575 0.0000e+00
-1.375 -1.525 0.0000e+00
-1.375 -1.475 0.0000e+00
-1.375 -1.425 0.0000e+00
-1.375 -1.375 0.0000e+00
-1.375 -1.325 0.0000e+00
-1.375 -1.275 0.0000e+00
-1.375 -1.225 0.0000e+00
-1.375 -1.175 0.0000e+00
-1.375 -1.125 0.0000e+00
-1.375 -1.075 0.0000e+00
-1.375 -1.025 0.0000e+00
-1.375 -0.975 0.0000e+00
-1.375 -0.925 0.0000e+00
-1.375 -0.875 0.0000e+00
-1.375 -0.825 0.0000e+00
-1.375 -0.775 0.0000e+00
-1.375 -0.725 0.0000e+00
-1.375 -0.675 0.0000e+00
-1.375 -0.625 0.0000e+00
-1.375 -0.575 0.0000e+00
-1.375 -0.525 0.0000e+00
-1.375 -0.475 0.0000e+00
-1.375 -0.425 0.0000e+00
-1.375 -0.375 0.0000e+00
-1.375 -0.325 0.0000e+00
-1.375 -0.275 0.0000e+00
-1.375 -0.225 0.0000e+00
-1.375 -0.175 0.0000e+00
-1.375 -0.125 0.0000e+00
-1.375 -0.075 0.0000e+00
-1.375 -0.025 0.0000e+00
-1.375 0.025 0.0000e+00
-1.375 0.075 0.0000e+00
-1.375 0.125 0.0000e+00
-1.375 0.175 0.0000e+00
-1.375 0.225 0.0000e+00
-1.375 0.275 0.0000e+00
-1.375 0.325 0.0000e+00
-1.375 0.375 0.0000e+00
-1.375 0.425 0.0000e+00
-1.375 0.475 0.0000e+00
-1.375 0.525 0.0000e+00
-1.375 0.575 0.0000e+00
-1.375 0.625 0.0000e+00
-1.375 0.675 0.0000e+00
-1.375 0.725 0.0000e+00
-1.375 0.775 0.0000e+00
-1.375 0.825 0.0000e+00
-1.375 0.875 0.0000e+00
-1.375 0.925 0.0000e+00
-1.375 0.975 0.0000e+00
-1.375 1.025 0.0000e+00
-1.375 1.075 0.0000e+00
-1.375 1.125 1.4235e-09
-1.375 1.175 2.7200e-09
-1.375 1.225 5.1420e-09
-1.375 1.275 9.5943e-09
-1.375 1.325 1.7618e-08
-1.375 1.375 3.1735e-08
-1.375 1.425 5.5859e-08
-1.375 1.475 9.5674e-08
-1.375 1.525 1.5873e-07
-1.375 1.575 2.5389e-07
-1.375 1.625 3.8969e-07
-1.375 1.675 5.7152e-07
-1.375 1.725 7.9800e-07
-1.375 1.775 1.0580e-06
-1.375 1.825 1.3303e-06
-1.375 1.875 1.5861e-06
-1.375 1.925 1.7959e-06
-1.375 1.975 1.9363e-06
-1.375 2.025 1.9952e-06
-1.375 2.075 1.9732e-06
-1.375 2.125 1.8818e-06
-1.375 2.175 1.7388e-06
-1.375 2.225 1.5636e-06
-1.375 2.275 1.3743e-06
-1.375 2.325 1.1850e-06
-1.375 2.375 1.0057e-06
-1.375 2.425 8.4249e-07
-1.375 2.475 6.9833e-07
-1.375 2.525 5.7387e-07
-1.375 2.575 4.6832e-07
-1.375 2.625 3.8005e-07
-1.375 2.675 3.0703e-07
-1.375 2.725 2.4713e-07
-1.375 2.775 1.9835e-07
-1.375 2.825 1.5882e-07
-1.375 2.875 1.2692e-07
-1.375 2.925 1.0128e-07
-1.375 2.975 8.0717e-08
-1.375 3.025 6.4261e-08
-1.375 3.075 5.1115e-08
-1.375 3.125 4.0628e-08
-1.375 3.175 3.2271e-08
-1.375 3.225 2.5617e-08
-1.375 3.275 2.0322e-08
-1.375 3.325 1.6113e-08
-1.375 3.375 1.2766e-08
-1.375 3.425 1.0108e-08
-1.375 3.475 7.9955e-09
-1.375 3.525 6.3177e-09
-1.375 3.575 4.9845e-09
-1.375 3.625 3.9244e-09
-1.375 3.675 3.0796e-09
-1.375 3.725 2.4027e-09
-1.375 3.775 0.0000e+00
-1.375 3.825 0.0000e+00
-1.375 3.875 0.0000e+00
-1.375 3.925 0.0000e+00
-1.375 3.975 0.0000e+00
-1.325 -1.975 0.0000e+00
-1.325 -1.925 0.0000e+00
-1.325 -1.875 0.0000e+00
-1.325 -1.825 0.0000e+00
-1.325 -1.775 0.0000e+00
-1.325 -1.725 0.0000e+00
-1.325 -1.675 0.0000e+00
-1.325 -1.625 0.0000e+00
-1.325 -1.575 0.0000e+00
-1.325 -1.525 0.0000e+00
-1.325 -1.475 0.0000e+00
-1.325 -1.425 0.0000e+00
-1.325 -1.375 0.0000e+00
-1.325 -1.325 0.0000e+00
-1.325 -1.275 0.0000e+00
-1.325 -1.225 0.0000e+00
-1.325 -1.175 0.0000e+00
-1.325 -1.125 0.0000e+00
-1.325 -1.075 0.0000e+00
-1.325 -1.025 0.0000e+00
-1.325 -0.975 0.0000e+00
-1.325 -0.925 0.0000e+00
-1.325 -0.875 0.0000e+00
-1.325 -0.825 0.0000e+00
-1.325 -0.775 0.0000e+00
-1.325 -0.725 0.0000e+00
-1.325 -0.675 0.0000e+00
-1.325 -0.625 0.0000e+00
-1.325 -0.575 0.0000e+00
-1.325 -0.525 0.0000e+00
-1.325 -0.475 0.0000e+00
-1.325 -0.425 0.0000e+00
-1.325 -0.375 0.0000e+00
-1.325 -0.325 0.0000e+00
-1.325 -0.275 0.0000e+00
-1.325 -0.225 0.0000e+00
-1.325 -0.175 0.0000e+00
-1.325 -0.125 0.0000e+00
-1.325 -0.075 0.0000e+00
-1.325 -0.025 0.0000e+00
-1.325 0.025 0.0000e+00
-1.325 0.075 0.0000e+00
-1.325 0.125 0.0000e+00
-1.325 0.175 0.0000e+00
-1.325 0.225 0.0000e+00
-1.325 0.275 0.0000e+00
-1.325 0.325 0.0000e+00
-1.325 0.375 0.0000e+00
-1.325 0.425 0.0000e+00
-1.325 0.475 0.0000e+00
-1.325 0.525 0.0000e+00
-1.325 0.575 0.0000e+00
-1.325 0.625 0.0000e+00
-1.325 0.675 0.0000e+00
-1.325 0.725 0.0000e+00
-1.325 0.775 0.0000e+00
-1.325 0.825 0.0000e+00
-1.325 0.875 0.0000e+00
-1.325 0.925 0.0000e+00
-1.325 0.975 0.0000e+00
-1.325 1.025 0.0000e+00
-1.325 1.075 0.0000e+00
-1.325 1.125 1.7146e-09
-1.325 1.175 3.2411e-09
-1.325 1.225 6.0468e-09
-1.325 1.275 1.1103e-08
-1.325 1.325 1.9997e-08
-1.325 1.375 3.5195e-08
-1.325 1.425 6.0276e-08
-1.325 1.475 9.9994e-08
-1.325 1.525 1.5993e-07
-1.325 1.575 2.4546e-07
-1.325 1.625 3.5998e-07
-1.325 1.675 5.0262e-07
-1.325 1.725 6.6642e-07
-1.325 1.775 8.3792e-07
-1.325 1.825 9.9913e-07
-1.325 1.875 1.1314e-06
-1.325 1.925 1.2200e-06
-1.325 1.975 1.2573e-06
-1.325 2.025 1.2436e-06
-1.325 2.075 1.1862e-06
-1.325 2.125 1.0962e-06
-1.325 2.175 9.8590e-07
-1.325 2.225 8.6664e-07
-1.325 2.275 7.4736e-07
-1.325 2.325 6.3437e-07
-1.325 2.375 5.3150e-07
-1.325 2.425 4.4061e-07
-1.325 2.475 3.6213e-07
-1.325 2.525 2.9556e-07
-1.325 2.575 2.3988e-07
-1.325 2.625 1.9381e-07
-1.325 2.675 1.5602e-07
-1.325 2.725 1.2523e-07
-1.325 2.775 1.0029e-07
-1.325 2.825 8.0160e-08
-1.325 2.875 6.3973e-08
-1.325 2.925 5.0992e-08
-1.325 2.975 4.0603e-08
-1.325 3.025 3.2303e-08
-1.325 3.075 2.5681e-08
-1.325 3.125 2.0403e-08
-1.325 3.175 1.6201e-08
-1.325 3.225 1.2857e-08
-1.325 3.275 1.0198e-08
-1.325 3.325 8.0838e-09
-1.325 3.375 6.4042e-09
-1.325 3.425 5.0700e-09
-1.325 3.475 4.0102e-09
-1.325 3.525 3.1685e-09
-1.325 3.575 2.4998e-09
-1.325 3.625 1.9681e-09
-1.325 3.675 1.5444e-09
-1.325 3.725 1.2049e-09
-1.325 3.775 0.0000e+00
-1.325 3.825 0.0000e+00
-1.325 3.875 0.0000e+00
-1.325 3.925 0.0000e+00
-1.325 3.975 0.0000e+00
-1.275 -1.975 0.0000e+00
-1.275 -1.925 0.0000e+00
-1.275 -1.875 0.0000e+00
-1.275 -1.825 0.0000e+00
-1.275 -1.775 0.0000e+00
-1.275 -1.725 0.0000e+00
-1.275 -1.675 0.0000e+00
-1.275 -1.625 0.0000e+00
-1.275 -1.575 0.0000e+00
-1.275 -1.525 0.0000e+00
-1.275 -1.475 0.0000e+00
-1.275 -1.425 0.0000e+00
-1.275 -1.375 0.0000e+00
-1.275 -1.325 0.0000e+00
-1.275 -1.275 0.0000e+00
-1.275 -1.225 0.0000e+00
-1.275 -1.175 0.0000e+00
-1.275 -1.125 0.0000e+00
-1.275 -1.075 0.0000e+00
-1.275 -1.025 0.0000e+00
-1.275 -0.975 0.0000e+00
-1.275 -0.925 0.0000e+00
-1.275 -0.875 0.0000e+00
-1.275 -0.825 0.0000e+00
-1.275 -0.775 0.0000e+00
-1.275 -0.725 0.0000e+00
-1.275 -0.675 0.0000e+00
-1.275 -0.625 0.0000e+00
-1.275 -0.575 0.0000e+00
-1.275 -0.525 0.0000e+00
-1.275 -0.475 0.0000e+00
-1.275 -0.425 0.0000e+00
-1.275 -0.375 0.0000e+00
-1.275 -0.325 0.0000e+00
-1.275 -0.275 0.0000e+00
-1.275 -0.225 0.0000e+00
-1.275 -0.175 0.0000e+00
-1.275 -0.125 0.0000e+00
-1.275 -0.075 0.0000e+00
-1.275 -0.025 0.0000e+00
-1.275 0.025 0.0000e+00
-1.275 0.075 0.0000e+00
-1.275 0.125 0.0000e+00
-1.275 0.175 0.0000e+00
-1.275 0.225 0.0000e+00
-1.275 0.275 0.0000e+00
-1.275 0.325 0.0000e+00
-1.275 0.375 0.0000e+00
-1.275 0.425 0.0000e+00
-1.275 0.475 0.0000e+00
-1.275 0.525 0.0000e+00
-1.275 0.575 0.0000e+00
-1.275 0.625 0.0000e+00
-1.275 0.675 0.0000e+00
-1.275 0.725 0.0000e+00
-1.275 0.775 0.0000e+00
-1.275 0.825 0.0000e+00
-1.275 0.875 0.0000e+00
-1.275 0.925 0.0000e+00
-1.275 0.975 0.0000e+00
-1.275 1.025 0.0000e+00
-1.275 1.075 0.0000e+00
-1.275 1.125 2.0431e-09
-1.275 1.175 3.8115e-09
-1.275 1.225 6.9979e-09
-1.275 1.275 1.2603e-08
-1.275 1.325 2.2179e-08
-1.275 1.375 3.7981e-08
-1.275 1.425 6.3004e-08
-1.275 1.475 1.0076e-07
-1.275 1.525 1.5464e-07
-1.275 1.575 2.2679e-07
-1.275 1.625 3.1666e-07
-1.275 1.675 4.1986e-07
-1.275 1.725 5.2794e-07
-1.275 1.775 6.2956e-07
-1.275 1.825 7.1298e-07
-1.275 1.875 7.6890e-07
-1.275 1.925 7.9247e-07
-1.275 1.975 7.8397e-07
-1.275 2.025 7.4787e-07
-1.275 2.075 6.9122e-07
-1.275 2.125 6.2178e-07
-1.275 2.175 5.4664e-07
-1.275 2.225 4.7146e-07
-1.275 2.275 4.0023e-07
-1.275 2.325 3.3537e-07
-1.275 2.375 2.7805e-07
-1.275 2.425 2.2855e-07
-1.275 2.475 1.8656e-07
-1.275 2.525 1.5143e-07
-1.275 2.575 1.2236e-07
-1.275 2.625 9.8511e-08
-1.275 2.675 7.9081e-08
-1.275 2.725 6.3335e-08
-1.275 2.775 5.0629e-08
-1.275 2.825 4.0411e-08
-1.275 2.875 3.2215e-08
-1.275 2.925 2.5655e-08
-1.275 2.975 2.0414e-08
-1.275 3.025 1.6232e-08
-1.275 3.075 1.2899e-08
-1.275 3.125 1.0245e-08
-1.275 3.175 8.1324e-09
-1.275 3.225 6.4525e-09
-1.275 3.275 5.1171e-09
-1.275 3.325 4.0559e-09
-1.275 3.375 3.2129e-09
-1.275 3.425 2.5433e-09
-1.275 3.475 2.0116e-09
-1.275 3.525 1.5893e-09
-1.275 3.575 1.2538e-09
-1.275 3.625 9.8709e-10
-1.275 3.675 7.7457e-10
-1.275 3.725 6.0428e-10
-1.275 3.775 0.0000e+00
-1.275 3.825 0.0000e+00
-1.275 3.875 0.0000e+00
-1.275 3.925 0.0000e+00
-1.275 3.975 0.0000e+00
-1.225 -1.975 0.0000e+00
-1.225 -1.925 0.0000e+00
-1.225 -1.875 0.0000e+00
-1.225 -1.825 0.0000e+00
-1.225 -1.775 0.0000e+00
-1.225 -1.725 0.0000e+00
-1.225 -1.675 0.0000e+00
-1.225 -1.625 0.0000e+00
-1.225 -1.575 0.0000e+00
-1.225 -1.525 0.0000e+00
-1.225 -1.475 0.0000e+00
-1.225 -1.425 0.0000e+00
-1.225 -1.375 0.0000e+00
-1.225 -1.325 0.0000e+00
-1.225 -1.275 0.0000e+00
-1.225 -1.225 0.0000e+00
-1.225 -1.175 0.0000e+00
-1.225 -1.125 0.0000e+00
-1.225 -1.075 0.0000e+00
-1.225 -1.025 0.0000e+00
-1.225 -0.975 0.0000e+00
-1.225 -0.925 0.0000e+00
-1.225 -0.875 0.0000e+00
-1.225 -0.825 0.0000e+00
-1.225 -0.775 0.0000e+00
-1.225 -0.725 0.0000e+00
-1.225 -0.675 0.0000e+00
-1.225 -0.625 0.0000e+00
-1.225 -0.575 0.0000e+00
-1.225 -0.525 0.0000e+00
-1.225 -0.475 0.0000e+00
-1.225 -0.425 0.0000e+00
-1.225 -0.375 0.0000e+00
-1.225 -0.325 0.0000e+00
-1.225 -0.275 0.0000e+00
-1.225 -0.225 0.0000e+00
-1.225 -0.175 0.0000e+00
-1.225 -0.125 0.0000e+00
-1.225 -0.075 0.0000e+00
-1.225 -0.025 0.0000e+00
-1.225 0.025 0.0000e+00
-1.225 0.075 0.0000e+00
-1.225 0.125 0.0000e+00
-1.225 0.175 0.0000e+00
-1.225 0.225 0.0000e+00
-1.225 0.275 0.0000e+00
-1.225 0.325 0.0000e+00
-1.225 0.375 0.0000e+00
-1.225 0.425 0.0000e+00
-1.225 0.475 0.0000e+00
-1.225 0.525 0.0000e+00
-1.225 0.575 0.0000e+00
-1.225 0.625 0.0000e+00
-1.225 0.675 0.0000e+00
-1.225 0.725 0.0000e+00
-1.225 0.775 0.0000e+00
-1.225 0.825 0.0000e+00
-1.225 0.875 0.0000e+00
-1.225 0.925 0.0000e+00
-1.225 0.975 0.0000e+00
-1.225 1.025 0.0000e+00
-1.225 1.075 0.0000e+00
-1.225 1.125 2.4027e-09
-1.225 1.175 4.4111e-09
-1.225 1.225 7.9435e-09
-1.225 1.275 1.3979e-08
-1.225 1.325 2.3937e-08
-1.225 1.375 3.9705e-08
-1.225 1.425 6.3497e-08
-1.225 1.475 9.7450e-08
-1.225 1.525 1.4291e-07
-1.225 1.575 1.9955e-07
-1.225 1.625 2.6459e-07
-1.225 1.675 3.3272e-07
-1.225 1.725 3.9680e-07
-1.225 1.775 4.4943e-07
-1.225 1.825 4.8473e-07
-1.225 1.875 4.9965e-07
-1.225 1.925 4.9436e-07
-1.225 1.975 4.7166e-07
-1.225 2.025 4.3599e-07
-1.225 2.075 3.9224e-07
-1.225 2.125 3.4488e-07
-1.225 2.175 2.9749e-07
-1.225 2.225 2.5257e-07
-1.225 2.275 2.1166e-07
-1.225 2.325 1.7551e-07
-1.225 2.375 1.4428e-07
-1.225 2.425 1.1778e-07
-1.225 2.475 9.5608e-08
-1.225 2.525 7.7262e-08
-1.225 2.575 6.2210e-08
-1.225 2.625 4.9945e-08
-1.225 2.675 4.0004e-08
-1.225 2.725 3.1982e-08
-1.225 2.775 2.5530e-08
-1.225 2.825 2.0354e-08
-1.225 2.875 1.6212e-08
-1.225 2.925 1.2902e-08
-1.225 2.975 1.0260e-08
-1.225 3.025 8.1548e-09
-1.225 3.075 6.4780e-09
-1.225 3.125 5.1436e-09
-1.225 3.175 4.0822e-09
-1.225 3.225 3.2384e-09
-1.225 3.275 2.5679e-09
-1.225 3.325 2.0351e-09
-1.225 3.375 1.6120e-09
-1.225 3.425 1.2760e-09
-1.225 3.475 1.0092e-09
-1.225 3.525 7.9729e-10
-1.225 3.575 6.2898e-10
-1.225 3.625 4.9516e-10
-1.225 3.675 3.8855e-10
-1.225 3.725 0.0000e+00
-1.225 3.775 0.0000e+00
-1.225 3.825 0.0000e+00
-1.225 3.875 0.0000e+00
-1.225 3.925 0.0000e+00
-1.225 3.975 0.0000e+00
-1.175 -1.975 0.0000e+00
-1.175 -1.925 0.0000e+00
-1.175 -1.875 0.0000e+00
-1.175 -1.825 0.0000e+00
-1.175 -1.775 0.0000e+00
-1.175 -1.725 0.0000e+00
-1.175 -1.675 0.0000e+00
-1.175 -1.625 0.0000e+00
-1.175 -1.575 0.0000e+00
-1.175 -1.525 0.0000e+00
-1.175 -1.475 0.0000e+00
-1.175 -1.425 0.0000e+00
-1.175 -1.375 0.0000e+00
-1.175 -1.325 0.0000e+00
-1.175 -1.275 0.0000e+00
-1.175 -1.225 0.0000e+00
-1.175 -1.175 0.0000e+00
-1.175 -1.125 0.0000e+00
-1.175 -1.075 0.0000e+00
-1.175 -1.025 0.0000e+00
-1.175 -0.975 0.0000e+00
-1.175 -0.925 0.0000e+00
-1.175 -0.875 0.0000e+00
-1.175 -0.825 0.0000e+00
-1.175 -0.775 0.0000e+00
-1.175 -0.725 0.0000e+00
-1.175 -0.675 0.0000e+00
-1.175 -0.625 0.0000e+00
-1.175 -0.575 0.0000e+00
-1.175 -0.525 0.0000e+00
-1.175 -0.475 0.0000e+00
-1.175 -0.425 0.0000e+00
-1.175 -0.375 0.0000e+00
-1.175 -0.325 0.0000e+00
-1.175 -0.275 0.0000e+00
-1.175 -0.225 0.0000e+00
-1.175 -0.175 0.0000e+00
-1.175 -0.125 0.0000e+00
-1.175 -0.075 0.0000e+00
-1.175 -0.025 0.0000e+00
-1.175 0.025 0.0000e+00
-1.175 0.075 0.0000e+00
-1.175 0.125 0.0000e+00
-1.175 0.175 0.0000e+00
-1.175 0.225 0.0000e+00
-1.175 0.275 0.0000e+00
-1.175 0.325 0.0000e+00
-1.175 0.375 0.0000e+00
-1.175 0.425 0.0000e+00
-1.175 0.475 0.0000e+00
-1.175 0.525 0.0000e+00
-1.175 0.575 0.0000e+00
-1.175 0.625 0.0000e+00
-1.175 0.675 0.0000e+00
-1.175 0.725 0.0000e+00
-1.175 0.775 0.0000e+00
-1.175 0.825 0.0000e+00
-1.175 0.875 0.0000e+00
-1.175 0.925 0.0000e+00
-1.175 0.975 0.0000e+00
-1.175 1.025 0.0000e+00
-1.175 1.075 0.0000e+00
-1.175 1.125 2.7807e-09
-1.175 1.175 5.0074e-09
-1.175 1.225 8.8113e-09
-1.175 1.275 1.5088e-08
-1.175 1.325 2.5026e-08
-1.175 1.375 4.0021e-08
-1.175 1.425 6.1421e-08
-1.175 1.475 9.0076e-08
-1.175 1.525 1.2578e-07
-1.175 1.575 1.6679e-07
-1.175 1.625 2.0975e-07
-1.175 1.675 2.5017e-07
-1.175 1.725 2.8338e-07
-1.175 1.775 3.0567e-07
-1.175 1.825 3.1513e-07
-1.175 1.875 3.1183e-07
-1.175 1.925 2.9755e-07
-1.175 1.975 2.7508e-07
-1.175 2.025 2.4751e-07
-1.175 2.075 2.1765e-07
-1.175 2.125 1.8777e-07
-1.175 2.175 1.5943e-07
-1.175 2.225 1.3362e-07
-1.175 2.275 1.1081e-07
-1.175 2.325 9.1099e-08
-1.175 2.375 7.4374e-08
-1.175 2.425 6.0380e-08
-1.175 2.475 4.8797e-08
-1.175 2.525 3.9294e-08
-1.175 2.575 3.1550e-08
-1.175 2.625 2.5272e-08
-1.175 2.675 2.0206e-08
-1.175 2.725 1.6131e-08
-1.175 2.775 1.2862e-08
-1.175 2.825 1.0246e-08
-1.175 2.875 8.1547e-09
-1.175 2.925 6.4861e-09
-1.175 2.975 5.1559e-09
-1.175 3.025 4.0965e-09
-1.175 3.075 3.2533e-09
-1.175 3.125 2.5826e-09
-1.175 3.175 2.0493e-09
-1.175 3.225 1.6255e-09
-1.175 3.275 1.2888e-09
-1.175 3.325 1.0213e-09
-1.175 3.375 8.0893e-10
-1.175 3.425 6.4028e-10
-1.175 3.475 5.0638e-10
-1.175 3.525 4.0005e-10
-1.175 3.575 3.1559e-10
-1.175 3.625 2.4844e-10
-1.175 3.675 1.9495e-10
-1.175 3.725 0.0000e+00
-1.175 3.775 0.0000e+00
-1.175 3.825 0.0000e+00
-1.175 3.875 0.0000e+00
-1.175 3.925 0.0000e+00
-1.175 3.975 0.0000e+00
-1.125 -1.975 0.0000e+00
-1.125 -1.925 0.0000e+00
-1.125 -1.875 0.0000e+00
-1.125 -1.825 0.0000e+00
-1.125 -1.775 0.0000e+00
-1.125 -1.725 0.0000e+00
-1.125 -1.675 0.0000e+00
-1.125 -1.625 0.0000e+00
-1.125 -1.575 0.0000e+00
-1.125 -1.525 0.0000e+00
-1.125 -1.475 0.0000e+00
-1.125 -1.425 0.0000e+00
-1.125 -1.375 0.0000e+00
-1.125 -1.325 0.0000e+00
-1.125 -1.275 0.0000e+00
-1.125 -1.225 0.0000e+00
-1.125 -1.175 0.0000e+00
-1.125 -1.125 0.0000e+00
-1.125 -1.075 0.0000e+00
-1.125 -1.025 0.0000e+00
-1.125 -0.975 0.0000e+00
-1.125 -0.925 0.0000e+00
-1.125 -0.875 0.0000e+00
-1.125 -0.825 0.0000e+00
-1.125 -0.775 0.0000e+00
-1.125 -0.725 0.0000e+00
-1.125 -0.675 0.0000e+00
-1.125 -0.625 0.0000e+00
-1.125 -0.575 0.0000e+00
-1.125 -0.525 0.0000e+00
-1.125 -0.475 0.0000e+00
-1.125 -0.425 0.0000e+00
-1.125 -0.375 0.0000e+00
-1.125 -0.325 0.0000e+00
-1.125 -0.275 0.0000e+00
-1.125 -0.225 0.0000e+00
-1.125 -0.175 0.0000e+00
-1.125 -0.125 0.0000e+00
-1.125 -0.075 0.0000e+00
-1.125 -0.025 0.0000e+00
-1.125 0.025 0.0000e+00
-1.125 0.075 0.0000e+00
-1.125 0.125 0.0000e+00
-1.125 0.175 0.0000e+00
-1.125 0.225 0.0000e+00
-1.125 0.275 0.0000e+00
-1.125 0.325 0.0000e+00
-1.125 0.375 0.0000e+00
-1.125 0.425 0.0000e+00
-1.125 0.475 0.0000e+00
-1.125 0.525 0.0000e+00
-1.125 0.575 0.0000e+00
-1.125 0.625 0.0000e+00
-1.125 0.675 0.0000e+00
-1.125 0.725 0.0000e+00
-1.125 0.775 0.0000e+00
-1.125 0.825 0.0000e+00
-1.125 0.875 0.0000e+00
-1.125 0.925 0.0000e+00
-1.125 0.975 0.0000e+00
-1.125 1.025 0.0000e+00
-1.125 1.075 0.0000e+00
-1.125 1.125 3.1568e-09
-1.125 1.175 5.5548e-09
-1.125 1.225 9.5113e-09
-1.125 1.275 1.5776e-08
-1.125 1.325 2.5229e-08
-1.125 1.375 3.8721e-08
-1.125 1.425 5.6787e-08
-1.125 1.475 7.9298e-08
-1.125 1.525 1.0516e-07
-1.125 1.575 1.3226e-07
-1.125 1.625 1.5777e-07
-1.125 1.675 1.7873e-07
-1.125 1.725 1.9282e-07
-1.125 1.775 1.9881e-07
-1.125 1.825 1.9675e-07
-1.125 1.875 1.8777e-07
-1.125 1.925 1.7362e-07
-1.125 1.975 1.5623e-07
-1.125 2.025 1.3740e-07
-1.125 2.075 1.1855e-07
-1.125 2.125 1.0067e-07
-1.125 2.175 8.4383e-08
-1.125 2.225 6.9981e-08
-1.125 2.275 5.7539e-08
-1.125 2.325 4.6979e-08
-1.125 2.375 3.8142e-08
-1.125 2.425 3.0828e-08
-1.125 2.475 2.4826e-08
-1.125 2.525 1.9935e-08
-1.125 2.575 1.5970e-08
-1.125 2.625 1.2769e-08
-1.125 2.675 1.0195e-08
-1.125 2.725 8.1298e-09
-1.125 2.775 6.4766e-09
-1.125 2.825 5.1553e-09
-1.125 2.875 4.1009e-09
-1.125 2.925 3.2603e-09
-1.125 2.975 2.5908e-09
-1.125 3.025 2.0579e-09
-1.125 3.075 1.6339e-09
-1.125 3.125 1.2969e-09
-1.125 3.175 1.0289e-09
-1.125 3.225 8.1607e-10
-1.125 3.275 6.4697e-10
-1.125 3.325 5.1267e-10
-1.125 3.375 4.0604e-10
-1.125 3.425 3.2137e-10
-1.125 3.475 2.5415e-10
-1.125 3.525 2.0078e-10
-1.125 3.575 1.5839e-10
-1.125 3.625 1.2469e-10
-1.125 3.675 9.7840e-11
-1.125 3.725 0.0000e+00
-1.125 3.775 0.0000e+00
-1.125 3.825 0.0000e+00
-1.125 3.875 0.0000e+00
-1.125 3.925 0.0000e+00
-1.125 3.975 0.0000e+00
-1.075 -1.975 0.0000e+00
-1.075 -1.925 0.0000e+00
-1.075 -1.875 0.0000e+00
-1.075 -1.825 0.0000e+00
-1.075 -1.775 0.0000e+00
-1.075 -1.725 0.0000e+00
-1.075 -1.675 0.0000e+00
-1.075 -1.625 0.0000e+00
-1.075 -1.575 0.0000e+00
-1.075 -1.525 0.0000e+00
-1.075 -1.475 0.0000e+00
-1.075 -1.425 0.0000e+00
-1.075 -1.375 0.0000e+00
-1.075 -1.325 0.0000e+00
-1.075 -1.275 0.0000e+00
-1.075 -1.225 0.0000e+00
-1.075 -1.175 0.0000e+00
-1.075 -1.125 0.0000e+00
-1.075 -1.075 0.0000e+00
-1.075 -1.025 0.0000e+00
-1.075 -0.975 0.0000e+00
-1.075 -0.925 0.0000e+00
-1.075 -0.875 0.0000e+00
-1.075 -0.825 0.0000e+00
-1.075 -0.775 0.0000e+00
-1.075 -0.725 0.0000e+00
-1.075 -0.675 0.0000e+00
-1.075 -0.625 0.0000e+00
-1.075 -0.575 0.0000e+00
-1.075 -0.525 0.0000e+00
-1.075 -0.475 0.0000e+00
-1.075 -0.425 0.0000e+00
-1.075 -0.375 0.0000e+00
-1.075 -0.325 0.0000e+00
-1.075 -0.275 0.0000e+00
-1.075 -0.225 0.0000e+00
-1.075 -0.175 0.0000e+00
-1.075 -0.125 0.0000e+00
-1.075 -0.075 0.0000e+00
-1.075 -0.025 0.0000e+00
-1.075 0.025 0.0000e+00
-1.075 0.075 0.0000e+00
-1.075 0.125 0.0000e+00
-1.075 0.175 0.0000e+00
-1.075 0.225 0.0000e+00
-1.075 0.275 0.0000e+00
-1.075 0.325 0.0000e+00
-1.075 0.375 0.0000e+00
-1.075 0.425 0.0000e+00
-1.075 0.475 0.0000e+00
-1.075 0.525 0.0000e+00
-1.075 0.575 0.0000e+00
-1.075 0.625 0.0000e+00
-1.075 0.675 0.0000e+00
-1.075 0.725 0.0000e+00
-1.075 0.775 0.0000e+00
-1.075 0.825 0.0000e+00
-1.075 0.875 0.0000e+00
-1.075 0.925 0.0000e+00
-1.075 0.975 0.0000e+00
-1.075 1.025 0.0000e+00
-1.075 1.075 0.0000e+00
-1.075 1.125 3.5022e-09
-1.075 1.175 5.9967e-09
-1.075 1.225 9.9468e-09
-1.075 1.275 1.5907e-08
-1.075 1.325 2.4415e-08
-1.075 1.375 3.5809e-08
-1.075 1.425 5.0008e-08
-1.075 1.475 6.6324e-08
-1.075 1.525 8.3426e-08
-1.075 1.575 9.9526e-08
-1.075 1.625 1.1277e-07
-1.075 1.675 1.2167e-07
-1.075 1.725 1.2547e-07
-1.075 1.775 1.2419e-07
-1.075 1.825 1.1854e-07
-1.075 1.875 1.0962e-07
-1.075 1.925 9.8657e-08
-1.075 1.975 8.6777e-08
-1.075 2.025 7.4877e-08
-1.075 2.075 6.3592e-08
-1.075 2.125 5.3308e-08
-1.075 2.175 4.4213e-08
-1.075 2.225 3.6355e-08
-1.075 2.275 2.9686e-08
-1.075 2.325 2.4104e-08
-1.075 2.375 1.9483e-08
-1.075 2.425 1.5691e-08
-1.075 2.475 1.2600e-08
-1.075 2.525 1.0095e-08
-1.075 2.575 8.0722e-09
-1.075 2.625 6.4453e-09
-1.075 2.675 5.1401e-09
-1.075 2.725 4.0952e-09
-1.075 2.775 3.2601e-09
-1.075 2.825 2.5935e-09
-1.075 2.875 2.0622e-09
-1.075 2.925 1.6389e-09
-1.075 2.975 1.3020e-09
-1.075 3.025 1.0339e-09
-1.075 3.075 8.2079e-10
-1.075 3.125 6.5138e-10
-1.075 3.175 5.1676e-10
-1.075 3.225 4.0981e-10
-1.075 3.275 3.2487e-10
-1.075 3.325 2.5742e-10
-1.075 3.375 2.0387e-10
-1.075 3.425 1.6136e-10
-1.075 3.475 1.2760e-10
-1.075 3.525 1.0081e-10
-1.075 3.575 7.9521e-11
-1.075 3.625 6.2600e-11
-1.075 3.675 4.9120e-11
-1.075 3.725 0.0000e+00
-1.075 3.775 0.0000e+00
-1.075 3.825 0.0000e+00
-1.075 3.875 0.0000e+00
-1.075 3.925 0.0000e+00
-1.075 3.975 0.0000e+00
-1.025 -1.975 0.0000e+00
-1.025 -1.925 0.0000e+00
-1.025 -1.875 0.0000e+00
-1.025 -1.825 0.0000e+00
-1.025 -1.775 0.0000e+00
-1.025 -1.725 0.0000e+00
-1.025 -1.675 0.0000e+00
-1.025 -1.625 0.0000e+00
-1.025 -1.575 0.0000e+00
-1.025 -1.525 0.0000e+00
-1.025 -1.475 0.0000e+00
-1.025 -1.425 0.0000e+00
-1.025 -1.375 0.0000e+00
-1.025 -1.325 0.0000e+00
-1.025 -1.275 0.0000e+00
-1.025 -1.225 0.0000e+00
-1.025 -1.175 0.0000e+00
-1.025 -1.125 0.0000e+00
-1.025 -1.075 0.0000e+00
-1.025 -1.025 0.0000e+00
-1.025 -0.975 0.0000e+00
-1.025 -0.925 0.0000e+00
-1.025 -0.875 0.0000e+00
-1.025 -0.825 0.0000e+00
-1.025 -0.775 0.0000e+00
-1.025 -0.725 0.0000e+00
-1.025 -0.675 0.0000e+00
-1.025 -0.625 0.0000e+00
-1.025 -0.575 0.0000e+00
-1.025 -0.525 0.0000e+00
-1.025 -0.475 0.0000e+00
-1.025 -0.425 0.0000e+00
-1.025 -0.375 0.0000e+00
-1.025 -0.325 0.0000e+00
-1.025 -0.275 0.0000e+00
-1.025 -0.225 0.0000e+00
-1.025 -0.175 0.0000e+00
-1.025 -0.125 0.0000e+00
-1.025 -0.075 0.0000e+00
-1.025 -0.025 0.0000e+00
-1.025 0.025 0.0000e+00
-1.025 0.075 0.0000e+00
-1.025 0.125 0.0000e+00
-1.025 0.175 0.0000e+00
-1.025 0.225 0.0000e+00
-1.025 0.275 0.0000e+00
-1.025 0.325 0.0000e+00
-1.025 0.375 0.0000e+00
-1.025 0.425 0.0000e+00
-1.025 0.475 0.0000e+00
-1.025 0.525 0.0000e+00
-1.025 0.575 0.0000e+00
-1.025 0.625 0.0000e+00
-1.025 0.675 0.0000e+00
-1.025 0.725 0.0000e+00
-1.025 0.775 0.0000e+00
-1.025 0.825 0.0000e+00
-1.025 0.875 0.0000e+00
-1.025 0.925 0.0000e+00
-1.025 0.975 0.0000e+00
-1.025 1.025 0.0000e+00
-1.025 1.075 0.0000e+00
-1.025 1.125 3.7813e-09
-1.025 1.175 6.2723e-09
-1.025 1.225 1.0031e-08
-1.025 1.275 1.5398e-08
-1.025 1.325 2.2585e-08
-1.025 1.375 3.1544e-08
-1.025 1.425 4.1842e-08
-1.025 1.475 5.2639e-08
-1.025 1.525 6.2807e-08
-1.025 1.575 7.1175e-08
-1.025 1.625 7.6810e-08
-1.025 1.675 7.9221e-08
-1.025 1.725 7.8426e-08
-1.025 1.775 7.4867e-08
-1.025 1.825 6.9243e-08
-1.025 1.875 6.2326e-08
-1.025 1.925 5.4828e-08
-1.025 1.975 4.7315e-08
-1.025 2.025 4.0188e-08
-1.025 2.075 3.3691e-08
-1.025 2.125 2.7946e-08
-1.025 2.175 2.2981e-08
-1.025 2.225 1.8766e-08
-1.025 2.275 1.5239e-08
-1.025 2.325 1.2318e-08
-1.025 2.375 9.9212e-09
-1.025 2.425 7.9675e-09
-1.025 2.475 6.3836e-09
-1.025 2.525 5.1050e-09
-1.025 2.575 4.0764e-09
-1.025 2.625 3.2511e-09
-1.025 2.675 2.5904e-09
-1.025 2.725 2.0623e-09
-1.025 2.775 1.6408e-09
-1.025 2.825 1.3048e-09
-1.025 2.875 1.0371e-09
-1.025 2.925 8.2398e-10
-1.025 2.975 6.5444e-10
-1.025 3.025 5.1962e-10
-1.025 3.075 4.1245e-10
-1.025 3.125 3.2728e-10
-1.025 3.175 2.5962e-10
-1.025 3.225 2.0588e-10
-1.025 3.275 1.6320e-10
-1.025 3.325 1.2931e-10
-1.025 3.375 1.0241e-10
-1.025 3.425 8.1048e-11
-1.025 3.475 6.4094e-11
-1.025 3.525 5.0633e-11
-1.025 3.575 3.9941e-11
-1.025 3.625 3.1442e-11
-1.025 3.675 0.0000e+00
-1.025 3.725 0.0000e+00
-1.025 3.775 0.0000e+00
-1.025 3.825 0.0000e+00
-1.025 3.875 0.0000e+00
-1.025 3.925 0.0000e+00
-1.025 3.975 0.0000e+00
-0.975 -1.975 0.0000e+00
-0.975 -1.925 0.0000e+00
-0.975 -1.875 0.0000e+00
-0.975 -1.825 0.0000e+00
-0.975 -1.775 0.0000e+00
-0.975 -1.725 0.0000e+00
-0.975 -1.675 0.0000e+00
-0.975 -1.625 0.0000e+00
-0.975 -1.575 0.0000e+00
-0.975 -1.525 0.0000e+00
-0.975 -1.475 0.0000e+00
-0.975 -1.425 0.0000e+00
-0.975 -1.375 0.0000e+00
-0.975 -1.325 0.0000e+00
-0.975 -1.275 0.0000e+00
-0.975 -1.225 0.0000e+00
-0.975 -1.175 0.0000e+00
-0.975 -1.125 0.0000e+00
-0.975 -1.075 0.0000e+00
-0.975 -1.025 0.0000e+00
-0.975 -0.975 0.0000e+00
-0.975 -0.925 0.0000e+00
-0.975 -0.875 0.0000e+00
-0.975 -0.825 0.0000e+00
-0.975 -0.775 0.0000e+00
-0.975 -0.725 0.0000e+00
-0.975 -0.675 0.0000e+00
-0.975 -0.625 0.0000e+00
-0.975 -0.575 0.0000e+00
-0.975 -0.525 0.0000e+00
-0.975 -0.475 0.0000e+00
-0.975 -0.425 0.0000e+00
-0.975 -0.375 0.0000e+00
-0.975 -0.325 0.0000e+00
-0.975 -0.275 0.0000e+00
-0.975 -0.225 0.0000e+00
-0.975 -0.175 0.0000e+00
-0.975 -0.125 0.0000e+00
-0.975 -0.075 0.0000e+00
-0.975 -0.025 0.0000e+00
-0.975 0.025 0.0000e+00
-0.975 0.075 0.0000e+00
-0.975 0.125 0.0000e+00
-0.975 0.175 0.0000e+00
-0.975 0.225 0.0000e+00
-0.975 0.275 0.0000e+00
-0.975 0.325 0.0000e+00
-0.975 0.375 0.0000e+00
-0.975 0.425 0.0000e+00
-0.975 0.475 0.0000e+00
-0.975 0.525 0.0000e+00
-0.975 0.575 0.0000e+00
-0.975 0.625 0.0000e+00
-0.975 0.675 0.0000e+00
-0.975 0.725 0.0000e+00
-0.975 0.775 0.0000e+00
-0.975 0.825 0.0000e+00
-0.975 0.875 0.0000e+00
-0.975 0.925 0.0000e+00
-0.975 0.975 0.0000e+00
-0.975 1.025 0.0000e+00
-0.975 1.075 0.0000e+00
-0.975 1.125 3.9558e-09
-0.975 1.175 6.3272e-09
-0.975 1.225 9.7128e-09
-0.975 1.275 1.4249e-08
-0.975 1.325 1.9904e-08
-0.975 1.375 2.6406e-08
-0.975 1.425 3.3225e-08
-0.975 1.475 3.9651e-08
-0.975 1.525 4.4943e-08
-0.975 1.575 4.8510e-08
-0.975 1.625 5.0042e-08
-0.975 1.675 4.9549e-08
-0.975 1.725 4.7309e-08
-0.975 1.775 4.3762e-08
-0.975 1.825 3.9396e-08
-0.975 1.875 3.4661e-08
-0.975 1.925 2.9914e-08
-0.975 1.975 2.5411e-08
-0.975 2.025 2.1305e-08
-0.975 2.075 1.7674e-08
-0.975 2.125 1.4535e-08
-0.975 2.175 1.1870e-08
-0.975 2.225 9.6393e-09
-0.975 2.275 7.7924e-09
-0.975 2.325 6.2765e-09
-0.975 2.375 5.0408e-09
-0.975 2.425 4.0390e-09
-0.975 2.475 3.2302e-09
-0.975 2.525 2.5795e-09
-0.975 2.575 2.0574e-09
-0.975 2.625 1.6394e-09
-0.975 2.675 1.3053e-09
-0.975 2.725 1.0386e-09
-0.975 2.775 8.2595e-10
-0.975 2.825 6.5656e-10
-0.975 2.875 5.2171e-10
-0.975 2.925 4.1441e-10
-0.975 2.975 3.2909e-10
-0.975 3.025 2.6126e-10
-0.975 3.075 2.0735e-10
-0.975 3.125 1.6452e-10
-0.975 3.175 1.3050e-10
-0.975 3.225 1.0348e-10
-0.975 3.275 8.2024e-11
-0.975 3.325 6.4990e-11
-0.975 3.375 5.1467e-11
-0.975 3.425 4.0732e-11
-0.975 3.475 3.2211e-11
-0.975 3.525 2.5446e-11
-0.975 3.575 2.0072e-11
-0.975 3.625 1.5801e-11
-0.975 3.675 0.0000e+00
-0.975 3.725 0.0000e+00
-0.975 3.775 0.0000e+00
-0.975 3.825 0.0000e+00
-0.975 3.875 0.0000e+00
-0.975 3.925 0.0000e+00
-0.975 3.975 0.0000e+00
-0.925 -1.975 0.0000e+00
-0.925 -1.925 0.0000e+00
-0.925 -1.875 0.0000e+00
-0.925 -1.825 0.0000e+00
-0.925 -1.775 0.0000e+00
-0.925 -1.725 0.0000e+00
-0.925 -1.675 0.0000e+00
-0.925 -1.625 0.0000e+00
-0.925 -1.575 0.0000e+00
-0.925 -1.525 0.0000e+00
-0.925 -1.475 0.0000e+00
-0.925 -1.425 0.0000e+00
-0.925 -1.375 0.0000e+00
-0.925 -1.325 0.0000e+00
-0.925 -1.275 0.0000e+00
-0.925 -1.225 0.0000e+00
-0.925 -1.175 0.0000e+00
-0.925 -1.125 0.0000e+00
-0.925 -1.075 0.0000e+00
-0.925 -1.025 0.0000e+00
-0.925 -0.975 0.0000e+00
-0.925 -0.925 0.0000e+00
-0.925 -0.875 0.0000e+00
-0.925 -0.825 0.0000e+00
-0.925 -0.775 0.0000e+00
-0.925 -0.725 0.0000e+00
-0.925 -0.675 0.0000e+00
-0.925 -0.625 0.0000e+00
-0.925 -0.575 0.0000e+00
-0.925 -0.525 0.0000e+00
-0.925 -0.475 0.0000e+00
-0.925 -0.425 0.0000e+00
-0.925 -0.375 0.0000e+00
-0.925 -0.325 0.0000e+00
-0.925 -0.275 0.0000e+00
-0.925 -0.225 0.0000e+00
-0.925 -0.175 0.0000e+00
-0.925 -0.125 0.0000e+00
-0.925 -0.075 0.0000e+00
-0.925 -0.025 0.0000e+00
-0.925 0.025 0.0000e+00
-0.925 0.075 0.0000e+00
-0.925 0.125 0.0000e+00
-0.925 0.175 0.0000e+00
-0.925 0.225 0.0000e+00
-0.925 0.275 0.0000e+00
-0.925 0.325 0.0000e+00
-0.925 0.375 0.0000e+00
-0.925 0.425 0.0000e+00
-0.925 0.475 0.0000e+00
-0.925 0.525 0.0000e+00
-0.925 0.575 0.0000e+00
-0.925 0.625 0.0000e+00
-0.925 0.675 0.0000e+00
-0.925 0.725 0.0000e+00
-0.925 0.775 0.0000e+00
-0.925 0.825 0.0000e+00
-0.925 0.875 0.0000e+00
-0.925 0.925 0.0000e+00
-0.925 0.975 0.0000e+00
-0.925 1.025 0.0000e+00
-0.925 1.075 0.0000e+00
-0.925 1.125 3.9915e-09
-0.925 1.175 6.1283e-09
-0.925 1.225 8.9917e-09
-0.925 1.275 1.2563e-08
-0.925 1.325 1.6670e-08
-0.925 1.375 2.0980e-08
-0.925 1.425 2.5044e-08
-0.925 1.475 2.8393e-08
-0.925 1.525 3.0654e-08
-0.925 1.575 3.1629e-08
-0.925 1.625 3.1324e-08
-0.925 1.675 2.9913e-08
-0.925 1.725 2.7675e-08
-0.925 1.775 2.4918e-08
-0.925 1.825 2.1926e-08
-0.925 1.875 1.8926e-08
-0.925 1.925 1.6079e-08
-0.925 1.975 1.3482e-08
-0.925 2.025 1.1185e-08
-0.925 2.075 9.1993e-09
-0.925 2.125 7.5132e-09
-0.925 2.175 6.1017e-09
-0.925 2.225 4.9329e-09
-0.925 2.275 3.9735e-09
-0.925 2.325 3.1914e-09
-0.925 2.375 2.5572e-09
-0.925 2.425 2.0453e-09
-0.925 2.475 1.6334e-09
-0.925 2.525 1.3028e-09
-0.925 2.575 1.0382e-09
-0.925 2.625 8.2666e-10
-0.925 2.675 6.5781e-10
-0.925 2.725 5.2317e-10
-0.925 2.775 4.1591e-10
-0.925 2.825 3.3052e-10
-0.925 2.875 2.6257e-10
-0.925 2.925 2.0854e-10
-0.925 2.975 1.6558e-10
-0.925 3.025 1.3143e-10
-0.925 3.075 1.0431e-10
-0.925 3.125 8.2755e-11
-0.925 3.175 6.5638e-11
-0.925 3.225 5.2046e-11
-0.925 3.275 4.1254e-11
-0.925 3.325 3.2685e-11
-0.925 3.375 2.5884e-11
-0.925 3.425 2.0485e-11
-0.925 3.475 1.6199e-11
-0.925 3.525 1.2797e-11
-0.925 3.575 1.0094e-11
-0.925 3.625 7.9464e-12
-0.925 3.675 0.0000e+00
-0.925 3.725 0.0000e+00
-0.925 3.775 0.0000e+00
-0.925 3.825 0.0000e+00
-0.925 3.875 0.0000e+00
-0.925 3.925 0.0000e+00
-0.925 3.975 0.0000e+00
-0.875 -1.975 0.0000e+00
-0.875 -1.925 0.0000e+00
-0.875 -1.875 0.0000e+00
-0.875 -1.825 0.0000e+00
-0.875 -1.775 0.0000e+00
-0.875 -1.725 0.0000e+00
-0.875 -1.675 0.0000e+00
-0.875 -1.625 0.0000e+00
-0.875 -1.575 0.0000e+00
-0.875 -1.525 0.0000e+00
-0.875 -1.475 0.0000e+00
-0.875 -1.425 0.0000e+00
-0.875 -1.375 0.0000e+00
-0.875 -1.325 0.0000e+00
-0.875 -1.275 0.0000e+00
-0.875 -1.225 0.0000e+00
-0.875 -1.175 0.0000e+00
-0.875 -1.125 0.0000e+00
-0.875 -1.075 0.0000e+00
-0.875 -1.025 0.0000e+00
-0.875 -0.975 0.0000e+00
-0.875 -0.925 0.0000e+00
-0.875 -0.875 0.0000e+00
-0.875 -0.825 0.0000e+00
-0.875 -0.775 0.0000e+00
-0.875 -0.725 0.0000e+00
-0.875 -0.675 0.0000e+00
-0.875 -0.625 0.0000e+00
-0.875 -0.575 0.0000e+00
-0.875 -0.525 0.0000e+00
-0.875 -0.475 0.0000e+00
-0.875 -0.425 0.0000e+00
-0.875 -0.375 0.0000e+00
-0.875 -0.325 0.0000e+00
-0.875 -0.275 0.0000e+00
-0.875 -0.225 0.0000e+00
-0.875 -0.175 0.0000e+00
-0.875 -0.125 0.0000e+00
-0.875 -0.075 0.0000e+00
-0.875 -0.025 0.0000e+00
-0.875 0.025 0.0000e+00
-0.875 0.075 0.0000e+00
-0.875 0.125 0.0000e+00
-0.875 0.175 0.0000e+00
-0.875 0.225 0.0000e+00
-0.875 0.275 0.0000e+00
-0.875 0.325 0.0000e+00
-0.875 0.375 0.0000e+00
-0.875 0.425 0.0000e+00
-0.875 0.475 0.0000e+00
-0.875 0.525 0.0000e+00
-0.875 0.575 0.0000e+00
-0.875 0.625 0.0000e+00
-0.875 0.675 0.0000e+00
-0.875 0.725 0.0000e+00
-0.875 0.775 0.0000e+00
-0.875 0.825 0.0000e+00
-0.875 0.875 0.0000e+00
-0.875 0.925 0.0000e+00
-0.875 0.975 0.0000e+00
-0.875 1.025 0.0000e+00
-0.875 1.075 0.0000e+00
-0.875 1.125 3.8676e-09
-0.875 1.175 5.6761e-09
-0.875 1.225 7.9324e-09
-0.875 1.275 1.0529e-08
-0.875 1.325 1.3255e-08
-0.875 1.375 1.5826e-08
-0.875 1.425 1.7948e-08
-0.875 1.475 1.9383e-08
-0.875 1.525 2.0004e-08
-0.875 1.575 1.9816e-08
-0.875 1.625 1.8928e-08
-0.875 1.675 1.7516e-08
-0.875 1.725 1.5774e-08
-0.875 1.775 1.3882e-08
-0.875 1.825 1.1984e-08
-0.875 1.875 1.0182e-08
-0.875 1.925 8.5389e-09
-0.875 1.975 7.0847e-09
-0.875 2.025 5.8274e-09
-0.875 2.075 4.7597e-09
-0.875 2.125 3.8657e-09
-0.875 2.175 3.1254e-09
-0.875 2.225 2.5177e-09
-0.875 2.275 2.0222e-09
-0.875 2.325 1.6205e-09
-0.875 2.375 1.2961e-09
-0.875 2.425 1.0351e-09
-0.875 2.475 8.2572e-10
-0.875 2.525 6.5803e-10
-0.875 2.575 5.2398e-10
-0.875 2.625 4.1698e-10
-0.875 2.675 3.3166e-10
-0.875 2.725 2.6368e-10
-0.875 2.775 2.0956e-10
-0.875 2.825 1.6650e-10
-0.875 2.875 1.3225e-10
-0.875 2.925 1.0502e-10
-0.875 2.975 8.3374e-11
-0.875 3.025 6.6176e-11
-0.875 3.075 5.2513e-11
-0.875 3.125 4.1661e-11
-0.875 3.175 3.3043e-11
-0.875 3.225 2.6199e-11
-0.875 3.275 2.0766e-11
-0.875 3.325 1.6453e-11
-0.875 3.375 1.3029e-11
-0.875 3.425 1.0311e-11
-0.875 3.475 8.1537e-12
-0.875 3.525 6.4411e-12
-0.875 3.575 5.0809e-12
-0.875 3.625 0.0000e+00
-0.875 3.675 0.0000e+00
-0.875 3.725 0.0000e+00
-0.875 3.775 0.0000e+00
-0.875 3.825 0.0000e+00
-0.875 3.875 0.0000e+00
-0.875 3.925 0.0000e+00
-0.875 3.975 0.0000e+00
-0.825 -1.975 0.0000e+00
-0.825 -1.925 0.0000e+00
-0.825 -1.875 0.0000e+00
-0.825 -1.825 0.0000e+00
-0.825 -1.775 0.0000e+00
-0.825 -1.725 0.0000e+00
-0.825 -1.675 0.0000e+00
-0.825 -1.625 0.0000e+00
-0.825 -1.575 0.0000e+00
-0.825 -1.525 0.0000e+00
-0.825 -1.475 0.0000e+00
-0.825 -1.425 0.0000e+00
-0.825 -1.375 0.0000e+00
-0.825 -1.325 0.0000e+00
-0.825 -1.275 0.0000e+00
-0.825 -1.225 0.0000e+00
-0.825 -1.175 0.0000e+00
-0.825 -1.125 0.0000e+00
-0.825 -1.075 0.0000e+00
-0.825 -1.025 0.0000e+00
-0.825 -0.975 0.0000e+00
-0.825 -0.925 0.0000e+00
-0.825 -0.875 0.0000e+00
-0.825 -0.825 0.0000e+00
-0.825 -0.775 0.0000e+00
-0.825 -0.725 0.0000e+00
-0.825 -0.675 0.0000e+00
-0.825 -0.625 0.0000e+00
-0.825 -0.575 0.0000e+00
-0.825 -0.525 0.0000e+00
-0.825 -0.475 0.0000e+00
-0.825 -0.425 0.0000e+00
-0.825 -0.375 0.0000e+00
-0.825 -0.325 0.0000e+00
-0.825 -0.275 0.0000e+00
-0.825 -0.225 0.0000e+00
-0.825 -0.175 0.0000e+00
-0.825 -0.125 0.0000e+00
-0.825 -0.075 0.0000e+00
-0.825 -0.025 0.0000e+00
-0.825 0.025 0.0000e+00
-0.825 0.075 0.0000e+00
-0.825 0.125 0.0000e+00
-0.825 0.175 0.0000e+00
-0.825 0.225 0.0000e+00
-0.825 0.275 0.0000e+00
-0.825 0.325 0.0000e+00
-0.825 0.375 0.0000e+00
-0.825 0.425 0.0000e+00
-0.825 0.475 0.0000e+00
-0.825 0.525 0.0000e+00
-0.825 0.575 0.0000e+00
-0.825 0.625 0.0000e+00
-0.825 0.675 0.0000e+00
-0.825 0.725 0.0000e+00
-0.825 0.775 0.0000e+00
-0.825 0.825 0.0000e+00
-0.825 0.875 0.0000e+00
-0.825 0.925 0.0000e+00
-0.825 0.975 0.0000e+00
-0.825 1.025 0.0000e+00
-0.825 1.075 0.0000e+00
-0.825 1.125 3.5844e-09
-0.825 1.175 5.0108e-09
-0.825 1.225 6.6532e-09
-0.825 1.275 8.3788e-09
-0.825 1.325 1.0008e-08
-0.825 1.375 1.1354e-08
-0.825 1.425 1.2265e-08
-0.825 1.475 1.2663e-08
-0.825 1.525 1.2548e-08
-0.825 1.575 1.1988e-08
-0.825 1.625 1.1096e-08
-0.825 1.675 9.9949e-09
-0.825 1.725 8.7977e-09
-0.825 1.775 7.5962e-09
-0.825 1.825 6.4551e-09
-0.825 1.875 5.4139e-09
-0.825 1.925 4.4923e-09
-0.825 1.975 3.6954e-09
-0.825 2.025 3.0185e-09
-0.825 2.075 2.4518e-09
-0.825 2.125 1.9824e-09
-0.825 2.175 1.5970e-09
-0.825 2.225 1.2828e-09
-0.825 2.275 1.0280e-09
-0.825 2.325 8.2227e-10
-0.825 2.375 6.5673e-10
-0.825 2.425 5.2389e-10
-0.825 2.475 4.1752e-10
-0.825 2.525 3.3248e-10
-0.825 2.575 2.6460e-10
-0.825 2.625 2.1047e-10
-0.825 2.675 1.6735e-10
-0.825 2.725 1.3301e-10
-0.825 2.775 1.0568e-10
-0.825 2.825 8.3952e-11
-0.825 2.875 6.6673e-11
-0.825 2.925 5.2938e-11
-0.825 2.975 4.2024e-11
-0.825 3.025 3.3354e-11
-0.825 3.075 2.6466e-11
-0.825 3.125 2.0996e-11
-0.825 3.175 1.6652e-11
-0.825 3.225 1.3203e-11
-0.825 3.275 1.0464e-11
-0.825 3.325 8.2908e-12
-0.825 3.375 6.5653e-12
-0.825 3.425 5.1958e-12
-0.825 3.475 4.1087e-12
-0.825 3.525 3.2457e-12
-0.825 3.575 2.5603e-12
-0.825 3.625 0.0000e+00
-0.825 3.675 0.0000e+00
-0.825 3.725 0.0000e+00
-0.825 3.775 0.0000e+00
-0.825 3.825 0.0000e+00
-0.825 3.875 0.0000e+00
-0.825 3.925 0.0000e+00
-0.825 3.975 0.0000e+00
-0.775 -1.975 0.0000e+00
-0.775 -1.925 0.0000e+00
-0.775 -1.875 0.0000e+00
-0.775 -1.825 0.0000e+00
-0.775 -1.775 0.0000e+00
-0.775 -1.725 0.0000e+00
-0.775 -1.675 0.0000e+00
-0.775 -1.625 0.0000e+00
-0.775 -1.575 0.0000e+00
-0.775 -1.525 0.0000e+00
-0.775 -1.475 0.0000e+00
-0.775 -1.425 0.0000e+00
-0.775 -1.375 0.0000e+00
-0.775 -1.325 0.0000e+00
-0.775 -1.275 0.0000e+00
-0.775 -1.225 0.0000e+00
-0.775 -1.175 0.0000e+00
-0.775 -1.125 0.0000e+00
-0.775 -1.075 0.0000e+00
-0.775 -1.025 0.0000e+00
-0.775 -0.975 0.0000e+00
-0.775 -0.925 0.0000e+00
-0.775 -0.875 0.0000e+00
-0.775 -0.825 0.0000e+00
-0.775 -0.775 0.0000e+00
-0.775 -0.725 0.0000e+00
-0.775 -0.675 0.0000e+00
-0.775 -0.625 0.0000e+00
-0.775 -0.575 0.0000e+00
-0.775 -0.525 0.0000e+00
-0.775 -0.475 0.0000e+00
-0.775 -0.425 0.0000e+00
-0.775 -0.375 0.0000e+00
-0.775 -0.325 0.0000e+00
-0.775 -0.275 0.0000e+00
-0.775 -0.225 0.0000e+00
-0.775 -0.175 0.0000e+00
-0.775 -0.125 0.0000e+00
-0.775 -0.075 0.0000e+00
-0.775 -0.025 0.0000e+00
-0.775 0.025 0.0000e+00
-0.775 0.075 0.0000e+00
-0.775 0.125 0.0000e+00
-0.775 0.175 0.0000e+00
-0.775 0.225 0.0000e+00
-0.775 0.275 0.0000e+00
-0.775 0.325 0.0000e+00
-0.775 0.375 0.0000e+00
-0.775 0.425 0.0000e+00
-0.775 0.475 0.0000e+00
-0.775 0.525 0.0000e+00
-0.775 0.575 0.0000e+00
-0.775 0.625 0.0000e+00
-0.775 0.675 0.0000e+00
-0.775 0.725 0.0000e+00
-0.775 0.775 0.0000e+00
-0.775 0.825 0.0000e+00
-0.775 0.875 0.0000e+00
-0.775 0.925 0.0000e+00
-0.775 0.975 0.0000e+00
-0.775 1.025 0.0000e+00
-0.775 1.075 0.0000e+00
-0.775 1.125 3.1670e-09
-0.775 1.175 4.2068e-09
-0.775 1.225 5.3003e-09
-0.775 1.275 6.3338e-09
-0.775 1.325 7.1886e-09
-0.775 1.375 7.7690e-09
-0.775 1.425 8.0240e-09
-0.775 1.475 7.9538e-09
-0.775 1.525 7.6018e-09
-0.775 1.575 7.0381e-09
-0.775 1.625 6.3410e-09
-0.775 1.675 5.5827e-09
-0.775 1.725 4.8212e-09
-0.775 1.775 4.0976e-09
-0.775 1.825 3.4371e-09
-0.775 1.875 2.8524e-09
-0.775 1.925 2.3466e-09
-0.775 1.975 1.9169e-09
-0.775 2.025 1.5571e-09
-0.775 2.075 1.2591e-09
-0.775 2.125 1.0144e-09
-0.775 2.175 8.1484e-10
-0.775 2.225 6.5303e-10
-0.775 2.275 5.2237e-10
-0.775 2.325 4.1722e-10
-0.775 2.375 3.3284e-10
-0.775 2.425 2.6527e-10
-0.775 2.475 2.1126e-10
-0.775 2.525 1.6813e-10
-0.775 2.575 1.3375e-10
-0.775 2.625 1.0635e-10
-0.775 2.675 8.4532e-11
-0.775 2.725 6.7171e-11
-0.775 2.775 5.3363e-11
-0.775 2.825 4.2384e-11
-0.775 2.875 3.3656e-11
-0.775 2.925 2.6721e-11
-0.775 2.975 2.1211e-11
-0.775 3.025 1.6833e-11
-0.775 3.075 1.3357e-11
-0.775 3.125 1.0596e-11
-0.775 3.175 8.4031e-12
-0.775 3.225 6.6625e-12
-0.775 3.275 5.2806e-12
-0.775 3.325 4.1836e-12
-0.775 3.375 3.3129e-12
-0.775 3.425 2.6218e-12
-0.775 3.475 2.0732e-12
-0.775 3.525 1.6378e-12
-0.775 3.575 0.0000e+00
-0.775 3.625 0.0000e+00
-0.775 3.675 0.0000e+00
-0.775 3.725 0.0000e+00
-0.775 3.775 0.0000e+00
-0.775 3.825 0.0000e+00
-0.775 3.875 0.0000e+00
-0.775 3.925 0.0000e+00
-0.775 3.975 0.0000e+00
-0.725 -1.975 0.0000e+00
-0.725 -1.925 0.0000e+00
-0.725 -1.875 0.0000e+00
-0.725 -1.825 0.0000e+00
-0.725 -1.775 0.0000e+00
-0.725 -1.725 0.0000e+00
-0.725 -1.675 0.0000e+00
-0.725 -1.625 0.0000e+00
-0.725 -1.575 0.0000e+00
-0.725 -1.525 0.0000e+00
-0.725 -1.475 0.0000e+00
-0.725 -1.425 0.0000e+00
-0.725 -1.375 0.0000e+00
-0.725 -1.325 0.0000e+00
-0.725 -1.275 0.0000e+00
-0.725 -1.225 0.0000e+00
-0.725 -1.175 0.0000e+00
-0.725 -1.125 0.0000e+00
-0.725 -1.075 0.0000e+00
-0.725 -1.025 0.0000e+00
-0.725 -0.975 0.0000e+00
-0.725 -0.925 0.0000e+00
-0.725 -0.875 0.0000e+00
-0.725 -0.825 0.0000e+00
-0.725 -0.775 0.0000e+00
-0.725 -0.725 0.0000e+00
-0.725 -0.675 0.0000e+00
-0.725 -0.625 0.0000e+00
-0.725 -0.575 0.0000e+00
-0.725 -0.525 0.0000e+00
-0.725 -0.475 0.0000e+00
-0.725 -0.425 0.0000e+00
-0.725 -0.375 0.0000e+00
-0.725 -0.325 0.0000e+00
-0.725 -0.275 0.0000e+00
-0.725 -0.225 0.0000e+00
-0.725 -0.175 0.0000e+00
-0.725 -0.125 0.0000e+00
-0.725 -0.075 0.0000e+00
-0.725 -0.025 0.0000e+00
-0.725 0.025 0.0000e+00
-0.725 0.075 0.0000e+00
-0.725 0.125 0.0000e+00
-0.725 0.175 0.0000e+00
-0.725 0.225 0.0000e+00
-0.725 0.275 0.0000e+00
-0.725 0.325 0.0000e+00
-0.725 0.375 0.0000e+00
-0.725 0.425 0.0000e+00
-0.725 0.475 0.0000e+00
-0.725 0.525 0.0000e+00
-0.725 0.575 0.0000e+00
-0.725 0.625 0.0000e+00
-0.725 0.675 0.0000e+00
-0.725 0.725 0.0000e+00
-0.725 0.775 0.0000e+00
-0.725 0.825 0.0000e+00
-0.725 0.875 0.0000e+00
-0.725 0.925 0.0000e+00
-0.725 0.975 0.0000e+00
-0.725 1.025 0.0000e+00
-0.725 1.075 0.0000e+00
-0.725 1.125 2.6620e-09
-0.725 1.175 3.3558e-09
-0.725 1.225 4.0124e-09
-0.725 1.275 4.5564e-09
-0.725 1.325 4.9269e-09
-0.725 1.375 5.0910e-09
-0.725 1.425 5.0487e-09
-0.725 1.475 4.8272e-09
-0.725 1.525 4.4708e-09
-0.725 1.575 4.0292e-09
-0.725 1.625 3.5482e-09
-0.725 1.675 3.0649e-09
-0.725 1.725 2.6053e-09
-0.725 1.775 2.1857e-09
-0.725 1.825 1.8141e-09
-0.725 1.875 1.4926e-09
-0.725 1.925 1.2195e-09
-0.725 1.975 9.9063e-10
-0.725 2.025 8.0108e-10
-0.725 2.075 6.4543e-10
-0.725 2.125 5.1850e-10
-0.725 2.175 4.1555e-10
-0.725 2.225 3.3242e-10
-0.725 2.275 2.6552e-10
-0.725 2.325 2.1183e-10
-0.725 2.375 1.6884e-10
-0.725 2.425 1.3446e-10
-0.725 2.475 1.0702e-10
-0.725 2.525 8.5136e-11
-0.725 2.575 6.7699e-11
-0.725 2.625 5.3815e-11
-0.725 2.675 4.2766e-11
-0.725 2.725 3.3977e-11
-0.725 2.775 2.6988e-11
-0.725 2.825 2.1433e-11
-0.725 2.875 1.7018e-11
-0.725 2.925 1.3510e-11
-0.725 2.975 1.0724e-11
-0.725 3.025 8.5102e-12
-0.725 3.075 6.7523e-12
-0.725 3.125 5.3563e-12
-0.725 3.175 4.2479e-12
-0.725 3.225 3.3679e-12
-0.725 3.275 2.6694e-12
-0.725 3.325 2.1148e-12
-0.725 3.375 1.6747e-12
-0.725 3.425 1.3253e-12
-0.725 3.475 1.0480e-12
-0.725 3.525 8.2786e-13
-0.725 3.575 0.0000e+00
-0.725 3.625 0.0000e+00
-0.725 3.675 0.0000e+00
-0.725 3.725 0.0000e+00
-0.725 3.775 0.0000e+00
-0.725 3.825 0.0000e+00
-0.725 3.875 0.0000e+00
-0.725 3.925 0.0000e+00
-0.725 3.975 0.0000e+00
-0.675 -1.975 0.0000e+00
-0.675 -1.925 0.0000e+00
-0.675 -1.875 0.0000e+00
-0.675 -1.825 0.0000e+00
-0.675 -1.775 0.0000e+00
-0.675 -1.725 0.0000e+00
-0.675 -1.675 0.0000e+00
-0.675 -1.625 0.0000e+00
-0.675 -1.575 0.0000e+00
-0.675 -1.525 0.0000e+00
-0.675 -1.475 0.0000e+00
-0.675 -1.425 0.0000e+00
-0.675 -1.375 0.0000e+00
-0.675 -1.325 0.0000e+00
-0.675 -1.275 0.0000e+00
-0.675 -1.225 0.0000e+00
-0.675 -1.175 0.0000e+00
-0.675 -1.125 0.0000e+00
-0.675 -1.075 0.0000e+00
-0.675 -1.025 0.0000e+00
-0.675 -0.975 0.0000e+00
-0.675 -0.925 0.0000e+00
-0.675 -0.875 0.0000e+00
-0.675 -0.825 0.0000e+00
-0.675 -0.775 0.0000e+00
-0.675 -0.725 0.0000e+00
-0.675 -0.675 0.0000e+00
-0.675 -0.625 0.0000e+00
-0.675 -0.575 0.0000e+00
-0.675 -0.525 0.0000e+00
-0.675 -0.475 0.0000e+00
-0.675 -0.425 0.0000e+00
-0.675 -0.375 0.0000e+00
-0.675 -0.325 0.0000e+00
-0.675 -0.275 0.0000e+00
-0.675 -0.225 0.0000e+00
-0.675 -0.175 0.0000e+00
-0.675 -0.125 0.0000e+00
-0.675 -0.075 0.0000e+00
-0.675 -0.025 0.0000e+00
-0.675 0.025 0.0000e+00
-0.675 0.075 0.0000e+00
-0.675 0.125 0.0000e+00
-0.675 0.175 0.0000e+00
-0.675 0.225 0.0000e+00
-0.675 0.275 0.0000e+00
-0.675 0.325 0.0000e+00
-0.675 0.375 0.0000e+00
-0.675 0.425 0.0000e+00
-0.675 0.475 0.0000e+00
-0.675 0.525 0.0000e+00
-0.675 0.575 0.0000e+00
-0.675 0.625 0.0000e+00
-0.675 0.675 0.0000e+00
-0.675 0.725 0.0000e+00
-0.675 0.775 0.0000e+00
-0.675 0.825 0.0000e+00
-0.675 0.875 0.0000e+00
-0.675 0.925 0.0000e+00
-0.675 0.975 0.0000e+00
-0.675 1.025 0.0000e+00
-0.675 1.075 0.0000e+00
-0.675 1.125 0.0000e+00
-0.675 1.175 0.0000e+00
-0.675 1.225 0.0000e+00
-0.675 1.275 0.0000e+00
-0.675 1.325 0.0000e+00
-0.675 1.375 0.0000e+00
-0.675 1.425 0.0000e+00
-0.675 1.475 0.0000e+00
-0.675 1.525 0.0000e+00
-0.675 1.575 0.0000e+00
-0.675 1.625 0.0000e+00
-0.675 1.675 0.0000e+00
-0.675 1.725 0.0000e+00
-0.675 1.775 0.0000e+00
-0.675 1.825 0.0000e+00
-0.675 1.875 0.0000e+00
-0.675 1.925 0.0000e+00
-0.675 1.975 0.0000e+00
-0.675 2.025 0.0000e+00
-0.675 2.075 0.0000e+00
-0.675 2.125 0.0000e+00
-0.675 2.175 0.0000e+00
-0.675 2.225 0.0000e+00
-0.675 2.275 0.0000e+00
-0.675 2.325 0.0000e+00
-0.675 2.375 0.0000e+00
-0.675 2.425 0.0000e+00
-0.675 2.475 0.0000e+00
-0.675 2.525 0.0000e+00
-0.675 2.575 0.0000e+00
-0.675 2.625 0.0000e+00
-0.675 2.675 0.0000e+00
-0.675 2.725 0.0000e+00
-0.675 2.775 0.0000e+00
-0.675 2.825 0.0000e+00
-0.675 2.875 0.0000e+00
-0.675 2.925 0.0000e+00
-0.675 2.975 0.0000e+00
-0.675 3.025 0.0000e+00
-0.675 3.075 0.0000e+00
-0.675 3.125 0.0000e+00
-0.675 3.175 0.0000e+00
-0.675 3.225 0.0000e+00
-0.675 3.275 0.0000e+00
-0.675 3.325 0.0000e+00
-0.675 3.375 0.0000e+00
-0.675 3.425 0.0000e+00
-0.675 3.475 0.0000e+00
-0.675 3.525 0.0000e+00
-0.675 3.575 0.0000e+00
-0.675 3.625 0.0000e+00
-0.675 3.675 0.0000e+00
-0.675 3.725 0.0000e+00
-0.675 3.775 0.0000e+00
-0.675 3.825 0.0000e+00
-0.675 3.875 0.0000e+00
-0.675 3.925 0.0000e+00
-0.675 3.975 0.0000e+00
-0.625 -1.975 0.0000e+00
-0.625 -1.925 0.0000e+00
-0.625 -1.875 0.0000e+00
-0.625 -1.825 0.0000e+00
-0.625 -1.775 0.0000e+00
-0.625 -1.725 0.0000e+00
-0.625 -1.675 0.0000e+00
-0.625 -1.625 0.0000e+00
-0.625 -1.575 0.0000e+00
-0.625 -1.525 0.0000e+00
-0.625 -1.475 0.0000e+00
-0.625 -1.425 0.0000e+00
-0.625 -1.375 0.0000e+00
-0.625 -1.325 0.0000e+00
-0.625 -1.275 0.0000e+00
-0.625 -1.225 0.0000e+00
-0.625 -1.175 0.0000e+00
-0.625 -1.125 0.0000e+00
-0.625 -1.075 0.0000e+00
-0.625 -1.025 0.0000e+00
-0.625 -0.975 0.0000e+00
-0.625 -0.925 0.0000e+00
-0.625 -0.875 0.0000e+00
-0.625 -0.825 0.0000e+00
-0.625 -0.775 0.0000e+00
-0.625 -0.725 0.0000e+00
-0.625 -0.675 0.0000e+00
-0.625 -0.625 0.0000e+00
-0.625 -0.575 0.0000e+00
-0.625 -0.525 0.0000e+00
-0.625 -0.475 0.0000e+00
-0.625 -0.425 0.0000e+00
-0.625 -0.375 0.0000e+00
-0.625 -0.325 0.0000e+00
-0.625 -0.275 0.0000e+00
-0.625 -0.225 0.0000e+00
-0.625 -0.175 0.0000e+00
-0.625 -0.125 0.0000e+00
-0.625 -0.075 0.0000e+00
-0.625 -0.025 0.0000e+00
-0.625 0.025 0.0000e+00
-0.625 0.075 0.0000e+00
-0.625 0.125 0.0000e+00
-0.625 0.175 0.0000e+00
-0.625 0.225 0.0000e+00
-0.625 0.275 0.0000e+00
-0.625 0.325 0.0000e+00
-0.625 0.375 0.0000e+00
-0.625 0.425 0.0000e+00
-0.625 0.475 0.0000e+00
-0.625 0.525 0.0000e+00
-0.625 0.575 0.0000e+00
-0.625 0.625 0.0000e+00
-0.625 0.675 0.0000e+00
-0.625 0.725 0.0000e+00
-0.625 0.775 0.0000e+00
-0.625 0.825 0.0000e+00
-0.625 0.875 0.0000e+00
-0.625 0.925 0.0000e+00
-0.625 0.975 0.0000e+00
-0.625 1.025 0.0000e+00
-0.625 1.075 0.0000e+00
-0.625 1.125 0.0000e+00
-0.625 1.175 0.0000e+00
-0.625 1.225 0.0000e+00
-0.625 1.275 0.0000e+00
-0.625 1.325 0.0000e+00
-0.625 1.375 0.0000e+00
-0.625 1.425 0.0000e+00
-0.625 1.475 0.0000e+00
-0.625 1.525 0.0000e+00
-0.625 1.575 0.0000e+00
-0.625 1.625 0.0000e+00
-0.625 1.675 0.0000e+00
-0.625 1.725 0.0000e+00
-0.625 1.775 0.0000e+00
-0.625 1.825 0.0000e+00
-0.625 1.875 0.0000e+00
-0.625 1.925 0.0000e+00
-0.625 1.975 0.0000e+00
-0.625 2.025 0.0000e+00
-0.625 2.075 0.0000e+00
-0.625 2.125 0.0000e+00
-0.625 2.175 0.0000e+00
-0.625 2.225 0.0000e+00
-0.625 2.275 0.0000e+00
-0.625 2.325 0.0000e+00
-0.625 2.375 0.0000e+00
-0.625 2.425 0.0000e+00
-0.625 2.475 0.0000e+00
-0.625 2.525 0.0000e+00
-0.625 2.575 0.0000e+00
-0.625 2.625 0.0000e+00
-0.625 2.675 0.0000e+00
-0.625 2.725 0.0000e+00
-0.625 2.775 0.0000e+00
-0.625 2.825 0.0000e+00
-0.625 2.875 0.0000e+00
-0.625 2.925 0.0000e+00
-0.625 2.975 0.0000e+00
-0.625 3.025 0.0000e+00
-0.625 3.075 0.0000e+00
-0.625 3.125 0.0000e+00
-0.625 3.175 0.0000e+00
-0.625 3.225 0.0000e+00
-0.625 3.275 0.0000e+00
-0.625 3.325 0.0000e+00
-0.625 3.375 0.0000e+00
-0.625 3.425 0.0000e+00
-0.625 3.475 0.0000e+00
-0.625 3.525 0.0000e+00
-0.625 3.575 0.0000e+00
-0.625 3.625 0.0000e+00
-0.625 3.675 0.0000e+00
-0.625 3.725 0.0000e+00
-0.625 3.775 0.0000e+00
-0.625 3.825 0.0000e+00
-0.625 3.875 0.0000e+00
-0.625 3.925 0.0000e+00
-0.625 3.975 0.0000e+00
-0.575 -1.975 0.0000e+00
-0.575 -1.925 0.0000e+00
-0.575 -1.875 0.0000e+00
-0.575 -1.825 0.0000e+00
-0.575 -1.775 0.0000e+00
-0.575 -1.725 0.0000e+00
-0.575 -1.675 0.0000e+00
-0.575 -1.625 0.0000e+00
-0.575 -1.575 0.0000e+00
-0.575 -1.525 0.0000e+00
-0.575 -1.475 0.0000e+00
-0.575 -1.425 0.0000e+00
-0.575 -1.375 0.0000e+00
-0.575 -1.325 0.0000e+00
-0.575 -1.275 0.0000e+00
-0.575 -1.225 0.0000e+00
-0.575 -1.175 0.0000e+00
-0.575 -1.125 0.0000e+00
-0.575 -1.075 0.0000e+00
-0.575 -1.025 0.0000e+00
-0.575 -0.975 0.0000e+00
-0.575 -0.925 0.0000e+00
-0.575 -0.875 0.0000e+00
-0.575 -0.825 0.0000e+00
-0.575 -0.775 0.0000e+00
-0.575 -0.725 0.0000e+00
-0.575 -0.675 0.0000e+00
-0.575 -0.625 0.0000e+00
-0.575 -0.575 0.0000e+00
-0.575 -0.525 0.0000e+00
-0.575 -0.475 0.0000e+00
-0.575 -0.425 0.0000e+00
-0.575 -0.375 0.0000e+00
-0.575 -0.325 0.0000e+00
-0.575 -0.275 0.0000e+00
-0.575 -0.225 0.0000e+00
-0.575 -0.175 0.0000e+00
-0.575 -0.125 0.0000e+00
-0.575 -0.075 0.0000e+00
-0.575 -0.025 0.0000e+00
-0.575 0.025 0.0000e+00
-0.575 0.075 0.0000e+00
-0.575 0.125 0.0000e+00
-0.575 0.175 0.0000e+00
-0.575 0.225 0.0000e+00
-0.575 0.275 0.0000e+00
-0.575 0.325 0.0000e+00
-0.575 0.375 0.0000e+00
-0.575 0.425 0.0000e+00
-0.575 0.475 0.0000e+00
-0.575 0.525 0.0000e+00
-0.575 0.575 0.0000e+00
-0.575 0.625 0.0000e+00
-0.575 0.675 0.0000e+00
-0.575 0.725 0.0000e+00
-0.575 0.775 0.0000e+00
-0.575 0.825 0.0000e+00
-0.575 0.875 0.0000e+00
-0.575 0.925 0.0000e+00
-0.575 0.975 0.0000e+00
-0.575 1.025 0.0000e+00
-0.575 1.075 0.0000e+00
-0.575 1.125 0.0000e+00
-0.575 1.175 0.0000e+00
-0.575 1.225 0.0000e+00
-0.575 1.275 0.0000e+00
-0.575 1.325 0.0000e+00
-0.575 1.375 0.0000e+00
-0.575 1.425 0.0000e+00
-0.575 1.475 0.0000e+00
-0.575 1.525 0.0000e+00
-0.575 1.575 0.0000e+00
-0.575 1.625 0.0000e+00
-0.575 1.675 0.0000e+00
-0.575 1.725 0.0000e+00
-0.575 1.775 0.0000e+00
-0.575 1.825 0.0000e+00
-0.575 1.875 0.0000e+00
-0.575 1.925 0.0000e+00
-0.575 1.975 0.0000e+00
-0.575 2.025 0.0000e+00
-0.575 2.075 0.0000e+00
-0.575 2.125 0.0000e+00
-0.575 2.175 0.0000e+00
-0.575 2.225 0.0000e+00
-0.575 2.275 0.0000e+00
-0.575 2.325 0.0000e+00
-0.575 2.375 0.0000e+00
-0.575 2.425 0.0000e+00
-0.575 2.475 0.0000e+00
-0.575 2.525 0.0000e+00
-0.575 2.575 0.0000e+00
-0.575 2.625 0.0000e+00
-0.575 2.675 0.0000e+00
-0.575 2.725 0.0000e+00
-0.575 2.775 0.0000e+00
-0.575 2.825 0.0000e+00
-0.575 2.875 0.0000e+00
-0.575 2.925 0.0000e+00
-0.575 2.975 0.0000e+00
-0.575 3.025 0.0000e+00
-0.575 3.075 0.0000e+00
-0.575 3.125 0.0000e+00
-0.575 3.175 0.0000e+00
-0.575 3.225 0.0000e+00
-0.575 3.275 0.0000e+00
-0.575 3.325 0.0000e+00
-0.575 3.375 0.0000e+00
-0.575 3.425 0.0000e+00
-0.575 3.475 0.0000e+00
-0.575 3.525 0.0000e+00
-0.575 3.575 0.0000e+00
-0.575 3.625 0.0000e+00
-0.575 3.675 0.0000e+00
-0.575 3.725 0.0000e+00
-0.575 3.775 0.0000e+00
-0.575 3.825 0.0000e+00
-0.575 3.875 0.0000e+00
-0.575 3.925 0.0000e+00
-0.575 3.975 0.0000e+00
-0.525 -1.975 0.0000e+00
-0.525 -1.925 0.0000e+00
-0.525 -1.875 0.0000e+00
-0.525 -1.825 0.0000e+00
-0.525 -1.775 0.0000e+00
-0.525 -1.725 0.0000e+00
-0.525 -1.675 0.0000e+00
-0.525 -1.625 0.0000e+00
-0.525 -1.575 0.0000e+00
-0.525 -1.525 0.0000e+00
-0.525 -1.475 0.0000e+00
-0.525 -1.425 0.0000e+00
-0.525 -1.375 0.0000e+00
-0.525 -1.325 0.0000e+00
-0.525 -1.275 0.0000e+00
-0.525 -1.225 0.0000e+00
-0.525 -1.175 0.0000e+00
-0.525 -1.125 0.0000e+00
-0.525 -1.075 0.0000e+00
-0.525 -1.025 0.0000e+00
-0.525 -0.975 0.0000e+00
-0.525 -0.925 0.0000e+00
-0.525 -0.875 0.0000e+00
-0.525 -0.825 0.0000e+00
-0.525 -0.775 0.0000e+00
-0.525 -0.725 0.0000e+00
-0.525 -0.675 0.0000e+00
-0.525 -0.625 0.0000e+00
-0.525 -0.575 0.0000e+00
-0.525 -0.525 0.0000e+00
-0.525 -0.475 0.0000e+00
-0.525 -0.425 0.0000e+00
-0.525 -0.375 0.0000e+00
-0.525 -0.325 0.0000e+00
-0.525 -0.275 0.0000e+00
-0.525 -0.225 0.0000e+00
-0.525 -0.175 0.0000e+00
-0.525 -0.125 0.0000e+00
-0.525 -0.075 0.0000e+00
-0.525 -0.025 0.0000e+00
-0.525 0.025 0.0000e+00
-0.525 0.075 0.0000e+00
-0.525 0.125 0.0000e+00
-0.525 0.175 0.0000e+00
-0.525 0.225 0.0000e+00
-0.525 0.275 0.0000e+00
-0.525 0.325 0.0000e+00
-0.525 0.375 0.0000e+00
-0.525 0.425 0.0000e+00
-0.525 0.475 0.0000e+00
-0.525 0.525 0.0000e+00
-0.525 0.575 0.0000e+00
-0.525 0.625 0.0000e+00
-0.525 0.675 0.0000e+00
-0.525 0.725 0.0000e+00
-0.525 0.775 0.0000e+00
-0.525 0.825 0.0000e+00
-0.525 0.875 0.0000e+00
-0.525 0.925 0.0000e+00
-0.525 0.975 0.0000e+00
-0.525 1.025 0.0000e+00
-0.525 1.075 0.0000e+00
-0.525 1.125 0.0000e+00
-0.525 1.175 0.0000e+00
-0.525 1.225 0.0000e+00
-0.525 1.275 0.0000e+00
-0.525 1.325 0.0000e+00
-0.525 1.375 0.0000e+00
-0.525 1.425 0.0000e+00
-0.525 1.475 0.0000e+00
-0.525 1.525 0.0000e+00
-0.525 1.575 0.0000e+00
-0.525 1.625 0.0000e+00
-0.525 1.675 0.0000e+00
-0.525 1.725 0.0000e+00
-0.525 1.775 0.0000e+00
-0.525 1.825 0.0000e+00
-0.525 1.875 0.0000e+00
-0.525 1.925 0.0000e+00
-0.525 1.975 0.0000e+00
-0.525 2.025 0.0000e+00
-0.525 2.075 0.0000e+00
-0.525 2.125 0.0000e+00
-0.525 2.175 0.0000e+00
-0.525 2.225 0.0000e+00
-0.525 2.275 0.0000e+00
-0.525 2.325 0.0000e+00
-0.525 2.375 0.0000e+00
-0.525 2.425 0.0000e+00
-0.525 2.475 0.0000e+00
-0.525 2.525 0.0000e+00
-0.525 2.575 0.0000e+00
-0.525 2.625 0.0000e+00
-0.525 2.675 0.0000e+00
-0.525 2.725 0.0000e+00
-0.525 2.775 0.0000e+00
-0.525 2.825 0.0000e+00
-0.525 2.875 0.0000e+00
-0.525 2.925 0.0000e+00
-0.525 2.975 0.0000e+00
-0.525 3.025 0.0000e+00
-0.525 3.075 0.0000e+00
-0.525 3.125 0.0000e+00
-0.525 3.175 0.0000e+00
-0.525 3.225 0.0000e+00
-0.525 3.275 0.0000e+00
-0.525 3.325 0.0000e+00
-0.525 3.375 0.0000e+00
-0.525 3.425 0.0000e+00
-0.525 3.475 0.0000e+00
-0.525 3.525 0.0000e+00
-0.525 3.575 0.0000e+00
-0.525 3.625 0.0000e+00
-0.525 3.675 0.0000e+00
-0.525 3.725 0.0000e+00
-0.525 3.775 0.0000e+00
-0.525 3.825 0.0000e+00
-0.525 3.875 0.0000e+00
-0.525 3.925 0.0000e+00
-0.525 3.975 0.0000e+00
-0.475 -1.975 0.0000e+00
-0.475 -1.925 0.0000e+00
-0.475 -1.875 0.0000e+00
-0.475 -1.825 0.0000e+00
-0.475 -1.775 0.0000e+00
-0.475 -1.725 0.0000e+00
-0.475 -1.675 0.0000e+00
-0.475 -1.625 0.0000e+00
-0.475 -1.575 0.0000e+00
-0.475 -1.525 0.0000e+00
-0.475 -1.475 0.0000e+00
-0.475 -1.425 0.0000e+00
-0.475 -1.375 0.0000e+00
-0.475 -1.325 0.0000e+00
-0.475 -1.275 0.0000e+00
-0.475 -1.225 0.0000e+00
-0.475 -1.175 0.0000e+00
-0.475 -1.125 0.0000e+00
-0.475 -1.075 0.0000e+00
-0.475 -1.025 0.0000e+00
-0.475 -0.975 0.0000e+00
-0.475 -0.925 0.0000e+00
-0.475 -0.875 0.0000e+00
-0.475 -0.825 0.0000e+00
-0.475 -0.775 0.0000e+00
-0.475 -0.725 0.0000e+00
-0.475 -0.675 0.0000e+00
-0.475 -0.625 0.0000e+00
-0.475 -0.575 0.0000e+00
-0.475 -0.525 0.0000e+00
-0.475 -0.475 0.0000e+00
-0.475 -0.425 0.0000e+00
-0.475 -0.375 0.0000e+00
-0.475 -0.325 0.0000e+00
-0.475 -0.275 0.0000e+00
-0.475 -0.225 0.0000e+00
-0.475 -0.175 0.0000e+00
-0.475 -0.125 0.0000e+00
-0.475 -0.075 0.0000e+00
-0.475 -0.025 0.0000e+00
-0.475 0.025 0.0000e+00
-0.475 0.075 0.0000e+00
-0.475 0.125 0.0000e+00
-0.475 0.175 0.0000e+00
-0.475 0.225 0.0000e+00
-0.475 0.275 0.0000e+00
-0.475 0.325 0.0000e+00
-0.475 0.375 0.0000e+00
-0.475 0.425 0.0000e+00
-0.475 0.475 0.0000e+00
-0.475 0.525 0.0000e+00
-0.475 0.575 0.0000e+00
-0.475 0.625 0.0000e+00
-0.475 0.675 0.0000e+00
-0.475 0.725 0.0000e+00
-0.475 0.775 0.0000e+00
-0.475 0.825 0.0000e+00
-0.475 0.875 0.0000e+00
-0.475 0.925 0.0000e+00
-0.475 0.975 0.0000e+00
-0.475 1.025 0.0000e+00
-0.475 1.075 0.0000e+00
-0.475 1.125 0.0000e+00
-0.475 1.175 0.0000e+00
-0.475 1.225 0.0000e+00
-0.475 1.275 0.0000e+00
-0.475 1.325 0.0000e+00
-0.475 1.375 0.0000e+00
-0.475 1.425 0.0000e+00
-0.475 1.475 0.0000e+00
-0.475 1.525 0.0000e+00
-0.475 1.575 0.0000e+00
-0.475 1.625 0.0000e+00
-0.475 1.675 0.0000e+00
-0.475 1.725 0.0000e+00
-0.475 1.775 0.0000e+00
-0.475 1.825 0.0000e+00
-0.475 1.875 0.0000e+00
-0.475 1.925 0.0000e+00
-0.475 1.975 0.0000e+00
-0.475 2.025 0.0000e+00
-0.475 2.075 0.0000e+00
-0.475 2.125 0.0000e+00
-0.475 2.175 0.0000e+00
-0.475 2.225 0.0000e+00
-0.475 2.275 0.0000e+00
-0.475 2.325 0.0000e+00
-0.475 2.375 0.0000e+00
-0.475 2.425 0.0000e+00
-0.475 2.475 0.0000e+00
-0.475 2.525 0.0000e+00
-0.475 2.575 0.0000e+00
-0.475 2.625 0.0000e+00
-0.475 2.675 0.0000e+00
-0.475 2.725 0.0000e+00
-0.475 2.775 0.0000e+00
-0.475 2.825 0.0000e+00
-0.475 2.875 0.0000e+00
-0.475 2.925 0.0000e+00
-0.475 2.975 0.0000e+00
-0.475 3.025 0.0000e+00
-0.475 3.075 0.0000e+00
-0.475 3.125 0.0000e+00
-0.475 3.175 0.0000e+00
-0.475 3.225 0.0000e+00
-0.475 3.275 0.0000e+00
-0.475 3.325 0.0000e+00
-0.475 3.375 0.0000e+00
-0.475 3.425 0.0000e+00
-0.475 3.475 0.0000e+00
-0.475 3.525 0.0000e+00
-0.475 3.575 0.0000e+00
-0.475 3.625 0.0000e+00
-0.475 3.675 0.0000e+00
-0.475 3.725 0.0000e+00
-0.475 3.775 0.0000e+00
-0.475 3.825 0.0000e+00
-0.475 3.875 0.0000e+00
-0.475 3.925 0.0000e+00
-0.475 3.975 0.0000e+00
-0.425 -1.975 0.0000e+00
-0.425 -1.925 0.0000e+00
-0.425 -1.875 0.0000e+00
-0.425 -1.825 0.0000e+00
-0.425 -1.775 0.0000e+00
-0.425 -1.725 0.0000e+00
-0.425 -1.675 0.0000e+00
-0.425 -1.625 0.0000e+00
-0.425 -1.575 0.0000e+00
-0.425 -1.525 0.0000e+00
-0.425 -1.475 0.0000e+00
-0.425 -1.425 0.0000e+00
-0.425 -1.375 0.0000e+00
-0.425 -1.325 0.0000e+00
-0.425 -1.275 0.0000e+00
-0.425 -1.225 0.0000e+00
-0.425 -1.175 0.0000e+00
-0.425 -1.125 0.0000e+00
-0.425 -1.075 0.0000e+00
-0.425 -1.025 0.0000e+00
-0.425 -0.975 0.0000e+00
-0.425 -0.925 0.0000e+00
-0.425 -0.875 0.0000e+00
-0.425 -0.825 0.0000e+00
-0.425 -0.775 0.0000e+00
-0.425 -0.725 0.0000e+00
-0.425 -0.675 0.0000e+00
-0.425 -0.625 0.0000e+00
-0.425 -0.575 0.0000e+00
-0.425 -0.525 0.0000e+00
-0.425 -0.475 0.0000e+00
-0.425 -0.425 0.0000e+00
-0.425 -0.375 0.0000e+00
-0.425 -0.325 0.0000e+00
-0.425 -0.275 0.0000e+00
-0.425 -0.225 0.0000e+00
-0.425 -0.175 0.0000e+00
-0.425 -0.125 0.0000e+00
-0.425 -0.075 0.0000e+00
-0.425 -0.025 0.0000e+00
-0.425 0.025 0.0000e+00
-0.425 0.075 0.0000e+00
-0.425 0.125 0.0000e+00
-0.425 0.175 0.0000e+00
-0.425 0.225 0.0000e+00
-0.425 0.275 0.0000e+00
-0.425 0.325 0.0000e+00
-0.425 0.375 0.0000e+00
-0.425 0.425 0.0000e+00
-0.425 0.475 0.0000e+00
-0.425 0.525 0.0000e+00
-0.425 0.575 0.0000e+00
-0.425 0.625 0.0000e+00
-0.425 0.675 0.0000e+00
-0.425 0.725 0.0000e+00
-0.425 0.775 0.0000e+00
-0.425 0.825 0.0000e+00
-0.425 0.875 0.0000e+00
-0.425 0.925 0.0000e+00
-0.425 0.975 0.0000e+00
-0.425 1.025 0.0000e+00
-0.425 1.075 0.0000e+00
-0.425 1.125 0.0000e+00
-0.425 1.175 0.0000e+00
-0.425 1.225 0.0000e+00
-0.425 1.275 0.0000e+00
-0.425 1.325 0.0000e+00
-0.425 1.375 0.0000e+00
-0.425 1.425 0.0000e+00
-0.425 1.475 0.0000e+00
-0.425 1.525 0.0000e+00
-0.425 1.575 0.0000e+00
-0.425 1.625 0.0000e+00
-0.425 1.675 0.0000e+00
-0.425 1.725 0.0000e+00
-0.425 1.775 0.0000e+00
-0.425 1.825 0.0000e+00
-0.425 1.875 0.0000e+00
-0.425 1.925 0.0000e+00
-0.425 1.975 0.0000e+00
-0.425 2.025 0.0000e+00
-0.425 2.075 0.0000e+00
-0.425 2.125 0.0000e+00
-0.425 2.175 0.0000e+00
-0.425 2.225 0.0000e+00
-0.425 2.275 0.0000e+00
-0.425 2.325 0.0000e+00
-0.425 2.375 0.0000e+00
-0.425 2.425 0.0000e+00
-0.425 2.475 0.0000e+00
-0.425 2.525 0.0000e+00
-0.425 2.575 0.0000e+00
-0.425 2.625 0.0000e+00
-0.425 2.675 0.0000e+00
-0.425 2.725 0.0000e+00
-0.425 2.775 0.0000e+00
-0.425 2.825 0.0000e+00
-0.425 2.875 0.0000e+00
-0.425 2.925 0.0000e+00
-0.425 2.975 0.0000e+00
-0.425 3.025 0.0000e+00
-0.425 3.075 0.0000e+00
-0.425 3.125 0.0000e+00
-0.425 3.175 0.0000e+00
-0.425 3.225 0.0000e+00
-0.425 3.275 0.0000e+00
-0.425 3.325 0.0000e+00
-0.425 3.375 0.0000e+00
-0.425 3.425 0.0000e+00
-0.425 3.475 0.0000e+00
-0.425 3.525 0.0000e+00
-0.425 3.575 0.0000e+00
-0.425 3.625 0.0000e+00
-0.425 3.675 0.0000e+00
-0.425 3.725 0.0000e+00
-0.425 3.775 0.0000e+00
-0.425 3.825 0.0000e+00
-0.425 3.875 0.0000e+00
-0.425 3.925 0.0000e+00
-0.425 3.975 0.0000e+00
-0.375 -1.975 0.0000e+00
-0.375 -1.925 0.0000e+00
-0.375 -1.875 0.0000e+00
-0.375 -1.825 0.0000e+00
-0.375 -1.775 0.0000e+00
-0.375 -1.725 0.0000e+00
-0.375 -1.675 0.0000e+00
-0.375 -1.625 0.0000e+00
-0.375 -1.575 0.0000e+00
-0.375 -1.525 0.0000e+00
-0.375 -1.475 0.0000e+00
-0.375 -1.425 0.0000e+00
-0.375 -1.375 0.0000e+00
-0.375 -1.325 0.0000e+00
-0.375 -1.275 0.0000e+00
-0.375 -1.225 0.0000e+00
-0.375 -1.175 0.0000e+00
-0.375 -1.125 0.0000e+00
-0.375 -1.075 0.0000e+00
-0.375 -1.025 0.0000e+00
-0.375 -0.975 0.0000e+00
-0.375 -0.925 0.0000e+00
-0.375 -0.875 0.0000e+00
-0.375 -0.825 0.0000e+00
-0.375 -0.775 0.0000e+00
-0.375 -0.725 0.0000e+00
-0.375 -0.675 0.0000e+00
-0.375 -0.625 0.0000e+00
-0.375 -0.575 0.0000e+00
-0.375 -0.525 0.0000e+00
-0.375 -0.475 0.0000e+00
-0.375 -0.425 0.0000e+00
-0.375 -0.375 0.0000e+00
-0.375 -0.325 0.0000e+00
-0.375 -0.275 0.0000e+00
-0.375 -0.225 0.0000e+00
-0.375 -0.175 0.0000e+00
-0.375 -0.125 0.0000e+00
-0.375 -0.075 0.0000e+00
-0.375 -0.025 0.0000e+00
-0.375 0.025 0.0000e+00
-0.375 0.075 0.0000e+00
-0.375 0.125 0.0000e+00
-0.375 0.175 0.0000e+00
-0.375 0.225 0.0000e+00
-0.375 0.275 0.0000e+00
-0.375 0.325 0.0000e+00
-0.375 0.375 0.0000e+00
-0.375 0.425 0.0000e+00
-0.375 0.475 0.0000e+00
-0.375 0.525 0.0000e+00
-0.375 0.575 0.0000e+00
-0.375 0.625 0.0000e+00
-0.375 0.675 0.0000e+00
-0.375 0.725 0.0000e+00
-0.375 0.775 0.0000e+00
-0.375 0.825 0.0000e+00
-0.375 0.875 0.0000e+00
-0.375 0.925 0.0000e+00
-0.375 0.975 0.0000e+00
-0.375 1.025 0.0000e+00
-0.375 1.075 0.0000e+00
-0.375 1.125 0.0000e+00
-0.375 1.175 0.0000e+00
-0.375 1.225 0.0000e+00
-0.375 1.275 0.0000e+00
-0.375 1.325 0.0000e+00
-0.375 1.375 0.0000e+00
-0.375 1.425 0.0000e+00
-0.375 1.475 0.0000e+00
-0.375 1.525 0.0000e+00
-0.375 1.575 0.0000e+00
-0.375 1.625 0.0000e+00
-0.375 1.675 0.0000e+00
-0.375 1.725 0.0000e+00
-0.375 1.775 0.0000e+00
-0.375 1.825 0.0000e+00
-0.375 1.875 0.0000e+00
-0.375 1.925 0.0000e+00
-0.375 1.975 0.0000e+00
-0.375 2.025 0.0000e+00
-0.375 2.075 0.0000e+00
-0.375 2.125 0.0000e+00
-0.375 2.175 0.0000e+00
-0.375 2.225 0.0000e+00
-0.375 2.275 0.0000e+00
-0.375 2.325 0.0000e+00
-0.375 2.375 0.0000e+00
-0.375 2.425 0.0000e+00
-0.375 2.475 0.0000e+00
-0.375 2.525 0.0000e+00
-0.375 2.575 0.0000e+00
-0.375 2.625 0.0000e+00
-0.375 2.675 0.0000e+00
-0.375 2.725 0.0000e+00
-0.375 2.775 0.0000e+00
-0.375 2.825 0.0000e+00
-0.375 2.875 0.0000e+00
-0.375 2.925 0.0000e+00
-0.375 2.975 0.0000e+00
-0.375 3.025 0.0000e+00
-0.375 3.075 0.0000e+00
-0.375 3.125 0.0000e+00
-0.375 3.175 0.0000e+00
-0.375 3.225 0.0000e+00
-0.375 3.275 0.0000e+00
-0.375 3.325 0.0000e+00
-0.375 3.375 0.0000e+00
-0.375 3.425 0.0000e+00
-0.375 3.475 0.0000e+00
-0.375 3.525 0.0000e+00
-0.375 3.575 0.0000e+00
-0.375 3.625 0.0000e+00
-0.375 3.675 0.0000e+00
-0.375 3.725 0.0000e+00
-0.375 3.775 0.0000e+00
-0.375 3.825 0.0000e+00
-0.375 3.875 0.0000e+00
-0.375 3.925 0.0000e+00
-0.375 3.975 0.0000e+00
-0.325 -1.975 0.0000e+00
-0.325 -1.925 0.0000e+00
-0.325 -1.875 0.0000e+00
-0.325 -1.825 0.0000e+00
-0.325 -1.775 0.0000e+00
-0.325 -1.725 0.0000e+00
-0.325 -1.675 0.0000e+00
-0.325 -1.625 0.0000e+00
-0.325 -1.575 0.0000e+00
-0.325 -1.525 0.0000e+00
-0.325 -1.475 0.0000e+00
-0.325 -1.425 0.0000e+00
-0.325 -1.375 0.0000e+00
-0.325 -1.325 0.0000e+00
-0.325 -1.275 0.0000e+00
-0.325 -1.225 0.0000e+00
-0.325 -1.175 0.0000e+00
-0.325 -1.125 0.0000e+00
-0.325 -1.075 0.0000e+00
-0.325 -1.025 0.0000e+00
-0.325 -0.975 0.0000e+00
-0.325 -0.925 0.0000e+00
-0.325 -0.875 0.0000e+00
-0.325 -0.825 0.0000e+00
-0.325 -0.775 0.0000e+00
-0.325 -0.725 0.0000e+00
-0.325 -0.675 0.0000e+00
-0.325 -0.625 0.0000e+00
-0.325 -0.575 0.0000e+00
-0.325 -0.525 0.0000e+00
-0.325 -0.475 0.0000e+00
-0.325 -0.425 0.0000e+00
-0.325 -0.375 0.0000e+00
-0.325 -0.325 0.0000e+00
-0.325 -0.275 0.0000e+00
-0.325 -0.225 0.0000e+00
-0.325 -0.175 0.0000e+00
-0.325 -0.125 0.0000e+00
-0.325 -0.075 0.0000e+00
-0.325 -0.025 0.0000e+00
-0.325 0.025 0.0000e+00
-0.325 0.075 0.0000e+00
-0.325 0.125 0.0000e+00
-0.325 0.175 0.0000e+00
-0.325 0.225 0.0000e+00
-0.325 0.275 0.0000e+00
-0.325 0.325 0.0000e+00
-0.325 0.375 0.0000e+00
-0.325 0.425 0.0000e+00
-0.325 0.475 0.0000e+00
-0.325 0.525 0.0000e+00
-0.325 0.575 0.0000e+00
-0.325 0.625 0.0000e+00
-0.325 0.675 0.0000e+00
-0.325 0.725 0.0000e+00
-0.325 0.775 0.0000e+00
-0.325 0.825 0.0000e+00
-0.325 0.875 0.0000e+00
-0.325 0.925 0.0000e+00
-0.325 0.975 0.0000e+00
-0.325 1.025 0.0000e+00
-0.325 1.075 0.0000e+00
-0.325 1.125 0.0000e+00
-0.325 1.175 0.0000e+00
-0.325 1.225 0.0000e+00
-0.325 1.275 0.0000e+00
-0.325 1.325 0.0000e+00
-0.325 1.375 0.0000e+00
-0.325 1.425 0.0000e+00
-0.325 1.475 0.0000e+00
-0.325 1.525 0.0000e+00
-0.325 1.575 0.0000e+00
-0.325 1.625 0.0000e+00
-0.325 1.675 0.0000e+00
-0.325 1.725 0.0000e+00
-0.325 1.775 0.0000e+00
-0.325 1.825 0.0000e+00
-0.325 1.875 0.0000e+00
-0.325 1.925 0.0000e+00
-0.325 1.975 0.0000e+00
-0.325 2.025 0.0000e+00
-0.325 2.075 0.0000e+00
-0.325 2.125 0.0000e+00
-0.325 2.175 0.0000e+00
-0.325 2.225 0.0000e+00
-0.325 2.275 0.0000e+00
-0.325 2.325 0.0000e+00
-0.325 2.375 0.0000e+00
-0.325 2.425 0.0000e+00
-0.325 2.475 0.0000e+00
-0.325 2.525 0.0000e+00
-0.325 2.575 0.0000e+00
-0.325 2.625 0.0000e+00
-0.325 2.675 0.0000e+00
-0.325 2.725 0.0000e+00
-0.325 2.775 0.0000e+00
-0.325 2.825 0.0000e+00
-0.325 2.875 0.0000e+00
-0.325 2.925 0.0000e+00
-0.325 2.975 0.0000e+00
-0.325 3.025 0.0000e+00
-0.325 3.075 0.0000e+00
-0.325 3.125 0.0000e+00
-0.325 3.175 0.0000e+00
-0.325 3.225 0.0000e+00
-0.325 3.275 0.0000e+00
-0.325 3.325 0.0000e+00
-0.325 3.375 0.0000e+00
-0.325 3.425 0.0000e+00
-0.325 3.475 0.0000e+00
-0.325 3.525 0.0000e+00
-0.325 3.575 0.0000e+00
-0.325 3.625 0.0000e+00
-0.325 3.675 0.0000e+00
-0.325 3.725 0.0000e+00
-0.325 3.775 0.0000e+00
-0.325 3.825 0.0000e+00
-0.325 3.875 0.0000e+00
-0.325 3.925 0.0000e+00
-0.325 3.975 0.0000e+00
-0.275 -1.975 0.0000e+00
-0.275 -1.925 0.0000e+00
-0.275 -1.875 0.0000e+00
-0.275 -1.825 0.0000e+00
-0.275 -1.775 0.0000e+00
-0.275 -1.725 0.0000e+00
-0.275 -1.675 0.0000e+00
-0.275 -1.625 0.0000e+00
-0.275 -1.575 0.0000e+00
-0.275 -1.525 0.0000e+00
-0.275 -1.475 0.0000e+00
-0.275 -1.425 0.0000e+00
-0.275 -1.375 0.0000e+00
-0.275 -1.325 0.0000e+00
-0.275 -1.275 0.0000e+00
-0.275 -1.225 0.0000e+00
-0.275 -1.175 0.0000e+00
-0.275 -1.125 0.0000e+00
-0.275 -1.075 0.0000e+00
-0.275 -1.025 0.0000e+00
-0.275 -0.975 0.0000e+00
-0.275 -0.925 0.0000e+00
-0.275 -0.875 0.0000e+00
-0.275 -0.825 0.0000e+00
-0.275 -0.775 0.0000e+00
-0.275 -0.725 0.0000e+00
-0.275 -0.675 0.0000e+00
-0.275 -0.625 0.0000e+00
-0.275 -0.575 0.0000e+00
-0.275 -0.525 0.0000e+00
-0.275 -0.475 0.0000e+00
-0.275 -0.425 0.0000e+00
-0.275 -0.375 0.0000e+00
-0.275 -0.325 0.0000e+00
-0.275 -0.275 0.0000e+00
-0.275 -0.225 0.0000e+00
-0.275 -0.175 0.0000e+00
-0.275 -0.125 0.0000e+00
-0.275 -0.075 0.0000e+00
-0.275 -0.025 0.0000e+00
-0.275 0.025 0.0000e+00
-0.275 0.075 0.0000e+00
-0.275 0.125 0.0000e+00
-0.275 0.175 0.0000e+00
-0.275 0.225 0.0000e+00
-0.275 0.275 0.0000e+00
-0.275 0.325 0.0000e+00
-0.275 0.375 0.0000e+00
-0.275 0.425 0.0000e+00
-0.275 0.475 0.0000e+00
-0.275 0.525 0.0000e+00
-0.275 0.575 0.0000e+00
-0.275 0.625 0.0000e+00
-0.275 0.675 0.0000e+00
-0.275 0.725 0.0000e+00
-0.275 0.775 0.0000e+00
-0.275 0.825 0.0000e+00
-0.275 0.875 0.0000e+00
-0.275 0.925 0.0000e+00
-0.275 0.975 0.0000e+00
-0.275 1.025 0.0000e+00
-0.275 1.075 0.0000e+00
-0.275 1.125 0.0000e+00
-0.275 1.175 0.0000e+00
-0.275 1.225 0.0000e+00
-0.275 1.275 0.0000e+00
-0.275 1.325 0.0000e+00
-0.275 1.375 0.0000e+00
-0.275 1.425 0.0000e+00
-0.275 1.475 0.0000e+00
-0.275 1.525 0.0000e+00
-0.275 1.575 0.0000e+00
-0.275 1.625 0.0000e+00
-0.275 1.675 0.0000e+00
-0.275 1.725 0.0000e+00
-0.275 1.775 0.0000e+00
-0.275 1.825 0.0000e+00
-0.275 1.875 0.0000e+00
-0.275 1.925 0.0000e+00
-0.275 1.975 0.0000e+00
-0.275 2.025 0.0000e+00
-0.275 2.075 0.0000e+00
-0.275 2.125 0.0000e+00
-0.275 2.175 0.0000e+00
-0.275 2.225 0.0000e+00
-0.275 2.275 0.0000e+00
-0.275 2.325 0.0000e+00
-0.275 2.375 0.0000e+00
-0.275 2.425 0.0000e+00
-0.275 2.475 0.0000e+00
-0.275 2.525 0.0000e+00
-0.275 2.575 0.0000e+00
-0.275 2.625 0.0000e+00
-0.275 2.675 0.0000e+00
-0.275 2.725 0.0000e+00
-0.275 2.775 0.0000e+00
-0.275 2.825 0.0000e+00
-0.275 2.875 0.0000e+00
-0.275 2.925 0.0000e+00
-0.275 2.975 0.0000e+00
-0.275 3.025 0.0000e+00
-0.275 3.075 0.0000e+00
-0.275 3.125 0.0000e+00
-0.275 3.175 0.0000e+00
-0.275 3.225 0.0000e+00
-0.275 3.275 0.0000e+00
-0.275 3.325 0.0000e+00
-0.275 3.375 0.0000e+00
-0.275 3.425 0.0000e+00
-0.275 3.475 0.0000e+00
-0.275 3.525 0.0000e+00
-0.275 3.575 0.0000e+00
-0.275 3.625 0.0000e+00
-0.275 3.675 0.0000e+00
-0.275 3.725 0.0000e+00
-0.275 3.775 0.0000e+00
-0.275 3.825 0.0000e+00
-0.275 3.875 0.0000e+00
-0.275 3.925 0.0000e+00
-0.275 3.975 0.0000e+00
-0.225 -1.975 0.0000e+00
-0.225 -1.925 0.0000e+00
-0.225 -1.875 0.0000e+00
-0.225 -1.825 0.0000e+00
-0.225 -1.775 0.0000e+00
-0.225 -1.725 0.0000e+00
-0.225 -1.675 0.0000e+00
-0.225 -1.625 0.0000e+00
-0.225 -1.575 0.0000e+00
-0.225 -1.525 0.0000e+00
-0.225 -1.475 0.0000e+00
-0.225 -1.425 0.0000e+00
-0.225 -1.375 0.0000e+00
-0.225 -1.325 0.0000e+00
-0.225 -1.275 0.0000e+00
-0.225 -1.225 0.0000e+00
-0.225 -1.175 0.0000e+00
-0.225 -1.125 0.0000e+00
-0.225 -1.075 0.0000e+00
-0.225 -1.025 0.0000e+00
-0.225 -0.975 0.0000e+00
-0.225 -0.925 0.0000e+00
-0.225 -0.875 0.0000e+00
-0.225 -0.825 0.0000e+00
-0.225 -0.775 0.0000e+00
-0.225 -0.725 0.0000e+00
-0.225 -0.675 0.0000e+00
-0.225 -0.625 0.0000e+00
-0.225 -0.575 0.0000e+00
-0.225 -0.525 0.0000e+00
-0.225 -0.475 0.0000e+00
-0.225 -0.425 0.0000e+00
-0.225 -0.375 0.0000e+00
-0.225 -0.325 0.0000e+00
-0.225 -0.275 0.0000e+00
-0.225 -0.225 0.0000e+00
-0.225 -0.175 0.0000e+00
-0.225 -0.125 0.0000e+00
-0.225 -0.075 0.0000e+00
-0.225 -0.025 0.0000e+00
-0.225 0.025 0.0000e+00
-0.225 0.075 0.0000e+00
-0.225 0.125 0.0000e+00
-0.225 0.175 0.0000e+00
-0.225 0.225 0.0000e+00
-0.225 0.275 0.0000e+00
-0.225 0.325 0.0000e+00
-0.225 0.375 0.0000e+00
-0.225 0.425 0.0000e+00
-0.225 0.475 0.0000e+00
-0.225 0.525 0.0000e+00
-0.225 0.575 0.0000e+00
-0.225 0.625 0.0000e+00
-0.225 0.675 0.0000e+00
-0.225 0.725 0.0000e+00
-0.225 0.775 0.0000e+00
-0.225 0.825 0.0000e+00
-0.225 0.875 0.0000e+00
-0.225 0.925 0.0000e+00
-0.225 0.975 0.0000e+00
-0.225 1.025 0.0000e+00
-0.225 1.075 0.0000e+00
-0.225 1.125 0.0000e+00
-0.225 1.175 0.0000e+00
-0.225 1.225 0.0000e+00
-0.225 1.275 0.0000e+00
-0.225 1.325 0.0000e+00
-0.225 1.375 0.0000e+00
-0.225 1.425 0.0000e+00
-0.225 1.475 0.0000e+00
-0.225 1.525 0.0000e+00
-0.225 1.575 0.0000e+00
-0.225 1.625 0.0000e+00
-0.225 1.675 0.0000e+00
-0.225 1.725 0.0000e+00
-0.225 1.775 0.0000e+00
-0.225 1.825 0.0000e+00
-0.225 1.875 0.0000e+00
-0.225 1.925 0.0000e+00
-0.225 1.975 0.0000e+00
-0.225 2.025 0.0000e+00
-0.225 2.075 0.0000e+00
-0.225 2.125 0.0000e+00
-0.225 2.175 0.0000e+00
-0.225 2.225 0.0000e+00
-0.225 2.275 0.0000e+00
-0.225 2.325 0.0000e+00
-0.225 2.375 0.0000e+00
-0.225 2.425 0.0000e+00
-0.225 2.475 0.0000e+00
-0.225 2.525 0.0000e+00
-0.225 2.575 0.0000e+00
-0.225 2.625 0.0000e+00
-0.225 2.675 0.0000e+00
-0.225 2.725 0.0000e+00
-0.225 2.775 0.0000e+00
-0.225 2.825 0.0000e+00
-0.225 2.875 0.0000e+00
-0.225 2.925 0.0000e+00
-0.225 2.975 0.0000e+00
-0.225 3.025 0.0000e+00
-0.225 3.075 0.0000e+00
-0.225 3.125 0.0000e+00
-0.225 3.175 0.0000e+00
-0.225 3.225 0.0000e+00
-0.225 3.275 0.0000e+00
-0.225 3.325 0.0000e+00
-0.225 3.375 0.0000e+00
-0.225 3.425 0.0000e+00
-0.225 3.475 0.0000e+00
-0.225 3.525 0.0000e+00
-0.225 3.575 0.0000e+00
-0.225 3.625 0.0000e+00
-0.225 3.675 0.0000e+00
-0.225 3.725 0.0000e+00
-0.225 3.775 0.0000e+00
-0.225 3.825 0.0000e+00
-0.225 3.875 0.0000e+00
-0.225 3.925 0.0000e+00
-0.225 3.975 0.0000e+00
-0.175 -1.975 0.0000e+00
-0.175 -1.925 0.0000e+00
-0.175 -1.875 0.0000e+00
-0.175 -1.825 0.0000e+00
-0.175 -1.775 0.0000e+00
-0.175 -1.725 0.0000e+00
-0.175 -1.675 0.0000e+00
-0.175 -1.625 0.0000e+00
-0.175 -1.575 0.0000e+00
-0.175 -1.525 0.0000e+00
-0.175 -1.475 0.0000e+00
-0.175 -1.425 0.0000e+00
-0.175 -1.375 0.0000e+00
-0.175 -1.325 0.0000e+00
-0.175 -1.275 0.0000e+00
-0.175 -1.225 0.0000e+00
-0.175 -1.175 0.0000e+00
-0.175 -1.125 0.0000e+00
-0.175 -1.075 0.0000e+00
-0.175 -1.025 0.0000e+00
-0.175 -0.975 0.0000e+00
-0.175 -0.925 0.0000e+00
-0.175 -0.875 0.0000e+00
-0.175 -0.825 0.0000e+00
-0.175 -0.775 0.0000e+00
-0.175 -0.725 0.0000e+00
-0.175 -0.675 0.0000e+00
-0.175 -0.625 0.0000e+00
-0.175 -0.575 0.0000e+00
-0.175 -0.525 0.0000e+00
-0.175 -0.475 0.0000e+00
-0.175 -0.425 0.0000e+00
-0.175 -0.375 0.0000e+00
-0.175 -0.325 0.0000e+00
-0.175 -0.275 0.0000e+00
-0.175 -0.225 0.0000e+00
-0.175 -0.175 0.0000e+00
-0.175 -0.125 0.0000e+00
-0.175 -0.075 0.0000e+00
-0.175 -0.025 0.0000e+00
-0.175 0.025 0.0000e+00
-0.175 0.075 0.0000e+00
-0.175 0.125 0.0000e+00
-0.175 0.175 0.0000e+00
-0.175 0.225 0.0000e+00
-0.175 0.275 0.0000e+00
-0.175 0.325 0.0000e+00
-0.175 0.375 0.0000e+00
-0.175 0.425 0.0000e+00
-0.175 0.475 0.0000e+00
-0.175 0.525 0.0000e+00
-0.175 0.575 0.0000e+00
-0.175 0.625 0.0000e+00
-0.175 0.675 0.0000e+00
-0.175 0.725 0.0000e+00
-0.175 0.775 0.0000e+00
-0.175 0.825 0.0000e+00
-0.175 0.875 0.0000e+00
-0.175 0.925 0.0000e+00
-0.175 0.975 0.0000e+00
-0.175 1.025 0.0000e+00
-0.175 1.075 0.0000e+00
-0.175 1.125 0.0000e+00
-0.175 1.175 0.0000e+00
-0.175 1.225 0.0000e+00
-0.175 1.275 0.0000e+00
-0.175 1.325 0.0000e+00
-0.175 1.375 0.0000e+00
-0.175 1.425 0.0000e+00
-0.175 1.475 0.0000e+00
-0.175 1.525 0.0000e+00
-0.175 1.575 0.0000e+00
-0.175 1.625 0.0000e+00
-0.175 1.675 0.0000e+00
-0.175 1.725 0.0000e+00
-0.175 1.775 0.0000e+00
-0.175 1.825 0.0000e+00
-0.175 1.875 0.0000e+00
-0.175 1.925 0.0000e+00
-0.175 1.975 0.0000e+00
-0.175 2.025 0.0000e+00
-0.175 2.075 0.0000e+00
-0.175 2.125 0.0000e+00
-0.175 2.175 0.0000e+00
-0.175 2.225 0.0000e+00
-0.175 2.275 0.0000e+00
-0.175 2.325 0.0000e+00
-0.175 2.375 0.0000e+00
-0.175 2.425 0.0000e+00
-0.175 2.475 0.0000e+00
-0.175 2.525 0.0000e+00
-0.175 2.575 0.0000e+00
-0.175 2.625 0.0000e+00
-0.175 2.675 0.0000e+00
-0.175 2.725 0.0000e+00
-0.175 2.775 0.0000e+00
-0.175 2.825 0.0000e+00
-0.175 2.875 0.0000e+00
-0.175 2.925 0.0000e+00
-0.175 2.975 0.0000e+00
-0.175 3.025 0.0000e+00
-0.175 3.075 0.0000e+00
-0.175 3.125 0.0000e+00
-0.175 3.175 0.0000e+00
-0.175 3.225 0.0000e+00
-0.175 3.275 0.0000e+00
-0.175 3.325 0.0000e+00
-0.175 3.375 0.0000e+00
-0.175 3.425 0.0000e+00
-0.175 3.475 0.0000e+00
-0.175 3.525 0.0000e+00
-0.175 3.575 0.0000e+00
-0.175 3.625 0.0000e+00
-0.175 3.675 0.0000e+00
-0.175 3.725 0.0000e+00
-0.175 3.775 0.0000e+00
-0.175 3.825 0.0000e+00
-0.175 3.875 0.0000e+00
-0.175 3.925 0.0000e+00
-0.175 3.975 0.0000e+00
-0.125 -1.975 0.0000e+00
-0.125 -1.925 0.0000e+00
-0.125 -1.875 0.0000e+00
-0.125 -1.825 0.0000e+00
-0.125 -1.775 0.0000e+00
-0.125 -1.725 0.0000e+00
-0.125 -1.675 0.0000e+00
-0.125 -1.625 0.0000e+00
-0.125 -1.575 0.0000e+00
-0.125 -1.525 0.0000e+00
-0.125 -1.475 0.0000e+00
-0.125 -1.425 0.0000e+00
-0.125 -1.375 0.0000e+00
-0.125 -1.325 0.0000e+00
-0.125 -1.275 0.0000e+00
-0.125 -1.225 0.0000e+00
-0.125 -1.175 0.0000e+00
-0.125 -1.125 0.0000e+00
-0.125 -1.075 0.0000e+00
-0.125 -1.025 0.0000e+00
-0.125 -0.975 0.0000e+00
-0.125 -0.925 0.0000e+00
-0.125 -0.875 0.0000e+00
-0.125 -0.825 0.0000e+00
-0.125 -0.775 0.0000e+00
-0.125 -0.725 0.0000e+00
-0.125 -0.675 0.0000e+00
-0.125 -0.625 0.0000e+00
-0.125 -0.575 0.0000e+00
-0.125 -0.525 0.0000e+00
-0.125 -0.475 0.0000e+00
-0.125 -0.425 0.0000e+00
-0.125 -0.375 0.0000e+00
-0.125 -0.325 0.0000e+00
-0.125 -0.275 0.0000e+00
-0.125 -0.225 0.0000e+00
-0.125 -0.175 0.0000e+00
-0.125 -0.125 0.0000e+00
-0.125 -0.075 0.0000e+00
-0.125 -0.025 0.0000e+00
-0.125 0.025 0.0000e+00
-0.125 0.075 0.0000e+00
-0.125 0.125 0.0000e+00
-0.125 0.175 0.0000e+00
-0.125 0.225 0.0000e+00
-0.125 0.275 0.0000e+00
-0.125 0.325 0.0000e+00
-0.125 0.375 0.0000e+00
-0.125 0.425 0.0000e+00
-0.125 0.475 0.0000e+00
-0.125 0.525 0.0000e+00
-0.125 0.575 0.0000e+00
-0.125 0.625 0.0000e+00
-0.125 0.675 0.0000e+00
-0.125 0.725 0.0000e+00
-0.125 0.775 0.0000e+00
-0.125 0.825 0.0000e+00
-0.125 0.875 0.0000e+00
-0.125 0.925 0.0000e+00
-0.125 0.975 0.0000e+00
-0.125 1.025 0.0000e+00
-0.125 1.075 0.0000e+00
-0.125 1.125 0.0000e+00
-0.125 1.175 0.0000e+00
-0.125 1.225 0.0000e+00
-0.125 1.275 0.0000e+00
-0.125 1.325 0.0000e+00
-0.125 1.375 0.0000e+00
-0.125 1.425 0.0000e+00
-0.125 1.475 0.0000e+00
-0.125 1.525 0.0000e+00
-0.125 1.575 0.0000e+00
-0.125 1.625 0.0000e+00
-0.125 1.675 0.0000e+00
-0.125 1.725 0.0000e+00
-0.125 1.775 0.0000e+00
-0.125 1.825 0.0000e+00
-0.125 1.875 0.0000e+00
-0.125 1.925 0.0000e+00
-0.125 1.975 0.0000e+00
-0.125 2.025 0.0000e+00
-0.125 2.075 0.0000e+00
-0.125 2.125 0.0000e+00
-0.125 2.175 0.0000e+00
-0.125 2.225 0.0000e+00
-0.125 2.275 0.0000e+00
-0.125 2.325 0.0000e+00
-0.125 2.375 0.0000e+00
-0.125 2.425 0.0000e+00
-0.125 2.475 0.0000e+00
-0.125 2.525 0.0000e+00
-0.125 2.575 0.0000e+00
-0.125 2.625 0.0000e+00
-0.125 2.675 0.0000e+00
-0.125 2.725 0.0000e+00
-0.125 2.775 0.0000e+00
-0.125 2.825 0.0000e+00
-0.125 2.875 0.0000e+00
-0.125 2.925 0.0000e+00
-0.125 2.975 0.0000e+00
-0.125 3.025 0.0000e+00
-0.125 3.075 0.0000e+00
-0.125 3.125 0.0000e+00
-0.125 3.175 0.0000e+00
-0.125 3.225 0.0000e+00
-0.125 3.275 0.0000e+00
-0.125 3.325 0.0000e+00
-0.125 3.375 0.0000e+00
-0.125 3.425 0.0000e+00
-0.125 3.475 0.0000e+00
-0.125 3.525 0.0000e+00
-0.125 3.575 0.0000e+00
-0.125 3.625 0.0000e+00
-0.125 3.675 0.0000e+00
-0.125 3.725 0.0000e+00
-0.125 3.775 0.0000e+00
-0.125 3.825 0.0000e+00
-0.125 3.875 0.0000e+00
-0.125 3.925 0.0000e+00
-0.125 3.975 0.0000e+00
-0.075 -1.975 0.0000e+00
-0.075 -1.925 0.0000e+00
-0.075 -1.875 0.0000e+00
-0.075 -1.825 0.0000e+00
-0.075 -1.775 0.0000e+00
-0.075 -1.725 0.0000e+00
-0.075 -1.675 0.0000e+00
-0.075 -1.625 0.0000e+00
-0.075 -1.575 0.0000e+00
-0.075 -1.525 0.0000e+00
-0.075 -1.475 0.0000e+00
-0.075 -1.425 0.0000e+00
-0.075 -1.375 0.0000e+00
-0.075 -1.325 0.0000e+00
-0.075 -1.275 0.0000e+00
-0.075 -1.225 0.0000e+00
-0.075 -1.175 0.0000e+00
-0.075 -1.125 0.0000e+00
-0.075 -1.075 0.0000e+00
-0.075 -1.025 0.0000e+00
-0.075 -0.975 0.0000e+00
-0.075 -0.925 0.0000e+00
-0.075 -0.875 0.0000e+00
-0.075 -0.825 0.0000e+00
-0.075 -0.775 0.0000e+00
-0.075 -0.725 0.0000e+00
-0.075 -0.675 0.0000e+00
-0.075 -0.625 0.0000e+00
-0.075 -0.575 0.0000e+00
-0.075 -0.525 0.0000e+00
-0.075 -0.475 0.0000e+00
-0.075 -0.425 0.0000e+00
-0.075 -0.375 0.0000e+00
-0.075 -0.325 0.0000e+00
-0.075 -0.275 0.0000e+00
-0.075 -0.225 0.0000e+00
-0.075 -0.175 0.0000e+00
-0.075 -0.125 0.0000e+00
-0.075 -0.075 0.0000e+00
-0.075 -0.025 0.0000e+00
-0.075 0.025 0.0000e+00
-0.075 0.075 0.0000e+00
-0.075 0.125 0.0000e+00
-0.075 0.175 0.0000e+00
-0.075 0.225 0.0000e+00
-0.075 0.275 0.0000e+00
-0.075 0.325 0.0000e+00
-0.075 0.375 0.0000e+00
-0.075 0.425 0.0000e+00
-0.075 0.475 0.0000e+00
-0.075 0.525 0.0000e+00
-0.075 0.575 0.0000e+00
-0.075 0.625 0.0000e+00
-0.075 0.675 0.0000e+00
-0.075 0.725 0.0000e+00
-0.075 0.775 0.0000e+00
-0.075 0.825 0.0000e+00
-0.075 0.875 0.0000e+00
-0.075 0.925 0.0000e+00
-0.075 0.975 0.0000e+00
-0.075 1.025 0.0000e+00
-0.075 1.075 0.0000e+00
-0.075 1.125 0.0000e+00
-0.075 1.175 0.0000e+00
-0.075 1.225 0.0000e+00
-0.075 1.275 0.0000e+00
-0.075 1.325 0.0000e+00
-0.075 1.375 0.0000e+00
-0.075 1.425 0.0000e+00
-0.075 1.475 0.0000e+00
-0.075 1.525 0.0000e+00
-0.075 1.575 0.0000e+00
-0.075 1.625 0.0000e+00
-0.075 1.675 0.0000e+00
-0.075 1.725 0.0000e+00
-0.075 1.775 0.0000e+00
-0.075 1.825 0.0000e+00
-0.075 1.875 0.0000e+00
-0.075 1.925 0.0000e+00
-0.075 1.975 0.0000e+00
-0.075 2.025 0.0000e+00
-0.075 2.075 0.0000e+00
-0.075 2.125 0.0000e+00
-0.075 2.175 0.0000e+00
-0.075 2.225 0.0000e+00
-0.075 2.275 0.0000e+00
-0.075 2.325 0.0000e+00
-0.075 2.375 0.0000e+00
-0.075 2.425 0.0000e+00
-0.075 2.475 0.0000e+00
-0.075 2.525 0.0000e+00
-0.075 2.575 0.0000e+00
-0.075 2.625 0.0000e+00
-0.075 2.675 0.0000e+00
-0.075 2.725 0.0000e+00
-0.075 2.775 0.0000e+00
-0.075 2.825 0.0000e+00
-0.075 2.875 0.0000e+00
-0.075 2.925 0.0000e+00
-0.075 2.975 0.0000e+00
-0.075 3.025 0.0000e+00
-0.075 3.075 0.0000e+00
-0.075 3.125 0.0000e+00
-0.075 3.175 0.0000e+00
-0.075 3.225 0.0000e+00
-0.075 3.275 0.0000e+00
-0.075 3.325 0.0000e+00
-0.075 3.375 0.0000e+00
-0.075 3.425 0.0000e+00
-0.075 3.475 0.0000e+00
-0.075 3.525 0.0000e+00
-0.075 3.575 0.0000e+00
-0.075 3.625 0.0000e+00
-0.075 3.675 0.0000e+00
-0.075 3.725 0.0000e+00
-0.075 3.775 0.0000e+00
-0.075 3.825 0.0000e+00
-0.075 3.875 0.0000e+00
-0.075 3.925 0.0000e+00
-0.075 3.975 0.0000e+00
-0.025 -1.975 0.0000e+00
-0.025 -1.925 0.0000e+00
-0.025 -1.875 0.0000e+00
-0.025 -1.825 0.0000e+00
-0.025 -1.775 0.0000e+00
-0.025 -1.725 0.0000e+00
-0.025 -1.675 0.0000e+00
-0.025 -1.625 0.0000e+00
-0.025 -1.575 0.0000e+00
-0.025 -1.525 0.0000e+00
-0.025 -1.475 0.0000e+00
-0.025 -1.425 0.0000e+00
-0.025 -1.375 0.0000e+00
-0.025 -1.325 0.0000e+00
-0.025 -1.275 0.0000e+00
-0.025 -1.225 0.0000e+00
-0.025 -1.175 0.0000e+00
-0.025 -1.125 0.0000e+00
-0.025 -1.075 0.0000e+00
-0.025 -1.025 0.0000e+00
-0.025 -0.975 0.0000e+00
-0.025 -0.925 0.0000e+00
-0.025 -0.875 0.0000e+00
-0.025 -0.825 0.0000e+00
-0.025 -0.775 0.0000e+00
-0.025 -0.725 0.0000e+00
-0.025 -0.675 0.0000e+00
-0.025 -0.625 0.0000e+00
-0.025 -0.575 0.0000e+00
-0.025 -0.525 0.0000e+00
-0.025 -0.475 0.0000e+00
-0.025 -0.425 0.0000e+00
-0.025 -0.375 0.0000e+00
-0.025 -0.325 0.0000e+00
-0.025 -0.275 0.0000e+00
-0.025 -0.225 0.0000e+00
-0.025 -0.175 0.0000e+00
-0.025 -0.125 0.0000e+00
-0.025 -0.075 0.0000e+00
-0.025 -0.025 0.0000e+00
-0.025 0.025 0.0000e+00
-0.025 0.075 0.0000e+00
-0.025 0.125 0.0000e+00
-0.025 0.175 0.0000e+00
-0.025 0.225 0.0000e+00
-0.025 0.275 0.0000e+00
-0.025 0.325 0.0000e+00
-0.025 0.375 0.0000e+00
-0.025 0.425 0.0000e+00
-0.025 0.475 0.0000e+00
-0.025 0.525 0.0000e+00
-0.025 0.575 0.0000e+00
-0.025 0.625 0.0000e+00
-0.025 0.675 0.0000e+00
-0.025 0.725 0.0000e+00
-0.025 0.775 0.0000e+00
-0.025 0.825 0.0000e+00
-0.025 0.875 0.0000e+00
-0.025 0.925 0.0000e+00
-0.025 0.975 0.0000e+00
-0.025 1.025 0.0000e+00
-0.025 1.075 0.0000e+00
-0.025 1.125 0.0000e+00
-0.025 1.175 0.0000e+00
-0.025 1.225 0.0000e+00
-0.025 1.275 0.0000e+00
-0.025 1.325 0.0000e+00
-0.025 1.375 0.0000e+00
-0.025 1.425 0.0000e+00
-0.025 1.475 0.0000e+00
-0.025 1.525 0.0000e+00
-0.025 1.575 0.0000e+00
-0.025 1.625 0.0000e+00
-0.025 1.675 0.0000e+00
-0.025 1.725 0.0000e+00
-0.025 1.775 0.0000e+00
-0.025 1.825 0.0000e+00
-0.025 1.875 0.0000e+00
-0.025 1.925 0.0000e+00
-0.025 1.975 0.0000e+00
-0.025 2.025 0.0000e+00
-0.025 2.075 0.0000e+00
-0.025 2.125 0.0000e+00
-0.025 2.175 0.0000e+00
-0.025 2.225 0.0000e+00
-0.025 2.275 0.0000e+00
-0.025 2.325 0.0000e+00
-0.025 2.375 0.0000e+00
-0.025 2.425 0.0000e+00
-0.025 2.475 0.0000e+00
-0.025 2.525 0.0000e+00
-0.025 2.575 0.0000e+00
-0.025 2.625 0.0000e+00
-0.025 2.675 0.0000e+00
-0.025 2.725 0.0000e+00
-0.025 2.775 0.0000e+00
-0.025 2.825 0.0000e+00
-0.025 2.875 0.0000e+00
-0.025 2.925 0.0000e+00
-0.025 2.975 0.0000e+00
-0.025 3.025 0.0000e+00
-0.025 3.075 0.0000e+00
-0.025 3.125 0.0000e+00
-0.025 3.175 0.0000e+00
-0.025 3.225 0.0000e+00
-0.025 3.275 0.0000e+00
-0.025 3.325 0.0000e+00
-0.025 3.375 0.0000e+00
-0.025 3.425 0.0000e+00
-0.025 3.475 0.0000e+00
-0.025 3.525 0.0000e+00
-0.025 3.575 0.0000e+00
-0.025 3.625 0.0000e+00
-0.025 3.675 0.0000e+00
-0.025 3.725 0.0000e+00
-0.025 3.775 0.0000e+00
-0.025 3.825 0.0000e+00
-0.025 3.875 0.0000e+00
-0.025 3.925 0.0000e+00
-0.025 3.975 0.0000e+00
0.025 -1.975 0.0000e+00
0.025 -1.925 0.0000e+00
0.025 -1.875 0.0000e+00
0.025 -1.825 0.0000e+00
0.025 -1.775 0.0000e+00
0.025 -1.725 0.0000e+00
0.025 -1.675 0.0000e+00
0.025 -1.625 0.0000e+00
0.025 -1.575 0.0000e+00
0.025 -1.525 0.0000e+00
0.025 -1.475 0.0000e+00
0.025 -1.425 0.0000e+00
0.025 -1.375 0.0000e+00
0.025 -1.325 0.0000e+00
0.025 -1.275 0.0000e+00
0.025 -1.225 0.0000e+00
0.025 -1.175 0.0000e+00
0.025 -1.125 0.0000e+00
0.025 -1.075 0.0000e+00
0.025 -1.025 0.0000e+00
0.025 -0.975 0.0000e+00
0.025 -0.925 0.0000e+00
0.025 -0.875 0.0000e+00
0.025 -0.825 0.0000e+00
0.025 -0.775 0.0000e+00
0.025 -0.725 0.0000e+00
0.025 -0.675 0.0000e+00
0.025 -0.625 0.0000e+00
0.025 -0.575 0.0000e+00
0.025 -0.525 0.0000e+00
0.025 -0.475 0.0000e+00
0.025 -0.425 0.0000e+00
0.025 -0.375 0.0000e+00
0.025 -0.325 0.0000e+00
0.025 -0.275 0.0000e+00
0.025 -0.225 0.0000e+00
0.025 -0.175 0.0000e+00
0.025 -0.125 0.0000e+00
0.025 -0.075 0.0000e+00
0.025 -0.025 0.0000e+00
0.025 0.025 0.0000e+00
0.025 0.075 0.0000e+00
0.025 0.125 0.0000e+00
0.025 0.175 0.0000e+00
0.025 0.225 0.0000e+00
0.025 0.275 0.0000e+00
0.025 0.325 0.0000e+00
0.025 0.375 0.0000e+00
0.025 0.425 0.0000e+00
0.025 0.475 0.0000e+00
0.025 0.525 0.0000e+00
0.025 0.575 0.0000e+00
0.025 0.625 0.0000e+00
0.025 0.675 0.0000e+00
0.025 0.725 0.0000e+00
0.025 0.775 0.0000e+00
0.025 0.825 0.0000e+00
0.025 0.875 0.0000e+00
0.025 0.925 0.0000e+00
0.025 0.975 0.0000e+00
0.025 1.025 0.0000e+00
0.025 1.075 0.0000e+00
0.025 1.125 0.0000e+00
0.025 1.175 0.0000e+00
0.025 1.225 0.0000e+00
0.025 1.275 0.0000e+00
0.025 1.325 0.0000e+00
0.025 1.375 0.0000e+00
0.025 1.425 0.0000e+00
0.025 1.475 0.0000e+00
0.025 1.525 0.0000e+00
0.025 1.575 0.0000e+00
0.025 1.625 0.0000e+00
0.025 1.675 0.0000e+00
0.025 1.725 0.0000e+00
0.025 1.775 0.0000e+00
0.025 1.825 0.0000e+00
0.025 1.875 0.0000e+00
0.025 1.925 0.0000e+00
0.025 1.975 0.0000e+00
0.025 2.025 0.0000e+00
0.025 2.075 0.0000e+00
0.025 2.125 0.0000e+00
0.025 2.175 0.0000e+00
0.025 2.225 0.0000e+00
0.025 2.275 0.0000e+00
0.025 2.325 0.0000e+00
0.025 2.375 0.0000e+00
0.025 2.425 0.0000e+00
0.025 2.475 0.0000e+00
0.025 2.525 0.0000e+00
0.025 2.575 0.0000e+00
0.025 2.625 0.0000e+00
0.025 2.675 0.0000e+00
0.025 2.725 0.0000e+00
0.025 2.775 0.0000e+00
0.025 2.825 0.0000e+00
0.025 2.875 0.0000e+00
0.025 2.925 0.0000e+00
0.025 2.975 0.0000e+00
0.025 3.025 0.0000e+00
0.025 3.075 0.0000e+00
0.025 3.125 0.0000e+00
0.025 3.175 0.0000e+00
0.025 3.225 0.0000e+00
0.025 3.275 0.0000e+00
0.025 3.325 0.0000e+00
0.025 3.375 0.0000e+00
0.025 3.425 0.0000e+00
0.025 3.475 0.0000e+00
0.025 3.525 0.0000e+00
0.025 3.575 0.0000e+00
0.025 3.625 0.0000e+00
0.025 3.675 0.0000e+00
0.025 3.725 0.0000e+00
0.025 3.775 0.0000e+00
0.025 3.825 0.0000e+00
0.025 3.875 0.0000e+00
0.025 3.925 0.0000e+00
0.025 3.975 0.0000e+00
0.075 -1.975 0.0000e+00
0.075 -1.925 0.0000e+00
0.075 -1.875 0.0000e+00
0.075 -1.825 0.0000e+00
0.075 -1.775 0.0000e+00
0.075 -1.725 0.0000e+00
0.075 -1.675 0.0000e+00
0.075 -1.625 0.0000e+00
0.075 -1.575 0.0000e+00
0.075 -1.525 0.0000e+00
0.075 -1.475 0.0000e+00
0.075 -1.425 0.0000e+00
0.075 -1.375 0.0000e+00
0.075 -1.325 0.0000e+00
0.075 -1.275 0.0000e+00
0.075 -1.225 0.0000e+00
0.075 -1.175 0.0000e+00
0.075 -1.125 0.0000e+00
0.075 -1.075 0.0000e+00
0.075 -1.025 0.0000e+00
0.075 -0.975 0.0000e+00
0.075 -0.925 0.0000e+00
0.075 -0.875 0.0000e+00
0.075 -0.825 0.0000e+00
0.075 -0.775 0.0000e+00
0.075 -0.725 0.0000e+00
0.075 -0.675 0.0000e+00
0.075 -0.625 0.0000e+00
0.075 -0.575 0.0000e+00
0.075 -0.525 0.0000e+00
0.075 -0.475 0.0000e+00
0.075 -0.425 0.0000e+00
0.075 -0.375 0.0000e+00
0.075 -0.325 0.0000e+00
0.075 -0.275 0.0000e+00
0.075 -0.225 0.0000e+00
0.075 -0.175 0.0000e+00
0.075 -0.125 0.0000e+00
0.075 -0.075 0.0000e+00
0.075 -0.025 0.0000e+00
0.075 0.025 0.0000e+00
0.075 0.075 0.0000e+00
0.075 0.125 0.0000e+00
0.075 0.175 0.0000e+00
0.075 0.225 0.0000e+00
0.075 0.275 0.0000e+00
0.075 0.325 0.0000e+00
0.075 0.375 0.0000e+00
0.075 0.425 0.0000e+00
0.075 0.475 0.0000e+00
0.075 0.525 0.0000e+00
0.075 0.575 0.0000e+00
0.075 0.625 0.0000e+00
0.075 0.675 0.0000e+00
0.075 0.725 0.0000e+00
0.075 0.775 0.0000e+00
0.075 0.825 0.0000e+00
0.075 0.875 0.0000e+00
0.075 0.925 0.0000e+00
0.075 0.975 0.0000e+00
0.075 1.025 0.0000e+00
0.075 1.075 0.0000e+00
0.075 1.125 0.0000e+00
0.075 1.175 0.0000e+00
0.075 1.225 0.0000e+00
0.075 1.275 0.0000e+00
0.075 1.325 0.0000e+00
0.075 1.375 0.0000e+00
0.075 1.425 0.0000e+00
0.075 1.475 0.0000e+00
0.075 1.525 0.0000e+00
0.075 1.575 0.0000e+00
0.075 1.625 0.0000e+00
0.075 1.675 0.0000e+00
0.075 1.725 0.0000e+00
0.075 1.775 0.0000e+00
0.075 1.825 0.0000e+00
0.075 1.875 0.0000e+00
0.075 1.925 0.0000e+00
0.075 1.975 0.0000e+00
0.075 2.025 0.0000e+00
0.075 2.075 0.0000e+00
0.075 2.125 0.0000e+00
0.075 2.175 0.0000e+00
0.075 2.225 0.0000e+00
0.075 2.275 0.0000e+00
0.075 2.325 0.0000e+00
0.075 2.375 0.0000e+00
0.075 2.425 0.0000e+00
0.075 2.475 0.0000e+00
0.075 2.525 0.0000e+00
0.075 2.575 0.0000e+00
0.075 2.625 0.0000e+00
0.075 2.675 0.0000e+00
0.075 2.725 0.0000e+00
0.075 2.775 0.0000e+00
0.075 2.825 0.0000e+00
0.075 2.875 0.0000e+00
0.075 2.925 0.0000e+00
0.075 2.975 0.0000e+00
0.075 3.025 0.0000e+00
0.075 3.075 0.0000e+00
0.075 3.125 0.0000e+00
0.075 3.175 0.0000e+00
0.075 3.225 0.0000e+00
0.075 3.275 0.0000e+00
0.075 3.325 0.0000e+00
0.075 3.375 0.0000e+00
0.075 3.425 0.0000e+00
0.075 3.475 0.0000e+00
0.075 3.525 0.0000e+00
0.075 3.575 0.0000e+00
0.075 3.625 0.0000e+00
0.075 3.675 0.0000e+00
0.075 3.725 0.0000e+00
0.075 3.775 0.0000e+00
0.075 3.825 0.0000e+00
0.075 3.875 0.0000e+00
0.075 3.925 0.0000e+00
0.075 3.975 0.0000e+00
0.125 -1.975 0.0000e+00
0.125 -1.925 0.0000e+00
0.125 -1.875 0.0000e+00
0.125 -1.825 0.0000e+00
0.125 -1.775 0.0000e+00
0.125 -1.725 0.0000e+00
0.125 -1.675 0.0000e+00
0.125 -1.625 0.0000e+00
0.125 -1.575 0.0000e+00
0.125 -1.525 0.0000e+00
0.125 -1.475 0.0000e+00
0.125 -1.425 0.0000e+00
0.125 -1.375 0.0000e+00
0.125 -1.325 0.0000e+00
0.125 -1.275 0.0000e+00
0.125 -1.225 0.0000e+00
0.125 -1.175 0.0000e+00
0.125 -1.125 0.0000e+00
0.125 -1.075 0.0000e+00
0.125 -1.025 0.0000e+00
0.125 -0.975 0.0000e+00
0.125 -0.925 0.0000e+00
0.125 -0.875 0.0000e+00
0.125 -0.825 0.0000e+00
0.125 -0.775 0.0000e+00
0.125 -0.725 0.0000e+00
0.125 -0.675 0.0000e+00
0.125 -0.625 0.0000e+00
0.125 -0.575 0.0000e+00
0.125 -0.525 0.0000e+00
0.125 -0.475 0.0000e+00
0.125 -0.425 0.0000e+00
0.125 -0.375 0.0000e+00
0.125 -0.325 0.0000e+00
0.125 -0.275 0.0000e+00
0.125 -0.225 0.0000e+00
0.125 -0.175 0.0000e+00
0.125 -0.125 0.0000e+00
0.125 -0.075 0.0000e+00
0.125 -0.025 0.0000e+00
0.125 0.025 0.0000e+00
0.125 0.075 0.0000e+00
0.125 0.125 0.0000e+00
0.125 0.175 0.0000e+00
0.125 0.225 0.0000e+00
0.125 0.275 0.0000e+00
0.125 0.325 0.0000e+00
0.125 0.375 0.0000e+00
0.125 0.425 0.0000e+00
0.125 0.475 0.0000e+00
0.125 0.525 0.0000e+00
0.125 0.575 0.0000e+00
0.125 0.625 0.0000e+00
0.125 0.675 0.0000e+00
0.125 0.725 0.0000e+00
0.125 0.775 0.0000e+00
0.125 0.825 0.0000e+00
0.125 0.875 0.0000e+00
0.125 0.925 0.0000e+00
0.125 0.975 0.0000e+00
0.125 1.025 0.0000e+00
0.125 1.075 0.0000e+00
0.125 1.125 0.0000e+00
0.125 1.175 0.0000e+00
0.125 1.225 0.0000e+00
0.125 1.275 0.0000e+00
0.125 1.325 0.0000e+00
0.125 1.375 0.0000e+00
0.125 1.425 0.0000e+00
0.125 1.475 0.0000e+00
0.125 1.525 0.0000e+00
0.125 1.575 0.0000e+00
0.125 1.625 0.0000e+00
0.125 1.675 0.0000e+00
0.125 1.725 0.0000e+00
0.125 1.775 0.0000e+00
0.125 1.825 0.0000e+00
0.125 1.875 0.0000e+00
0.125 1.925 0.0000e+00
0.125 1.975 0.0000e+00
0.125 2.025 0.0000e+00
0.125 2.075 0.0000e+00
0.125 2.125 0.0000e+00
0.125 2.175 0.0000e+00
0.125 2.225 0.0000e+00
0.125 2.275 0.0000e+00
0.125 2.325 0.0000e+00
0.125 2.375 0.0000e+00
0.125 2.425 0.0000e+00
0.125 2.475 0.0000e+00
0.125 2.525 0.0000e+00
0.125 2.575 0.0000e+00
0.125 2.625 0.0000e+00
0.125 2.675 0.0000e+00
0.125 2.725 0.0000e+00
0.125 2.775 0.0000e+00
0.125 2.825 0.0000e+00
0.125 2.875 0.0000e+00
0.125 2.925 0.0000e+00
0.125 2.975 0.0000e+00
0.125 3.025 0.0000e+00
0.125 3.075 0.0000e+00
0.125 3.125 0.0000e+00
0.125 3.175 0.0000e+00
0.125 3.225 0.0000e+00
0.125 3.275 0.0000e+00
0.125 3.325 0.0000e+00
0.125 3.375 0.0000e+00
0.125 3.425 0.0000e+00
0.125 3.475 0.0000e+00
0.125 3.525 0.0000e+00
0.125 3.575 0.0000e+00
0.125 3.625 0.0000e+00
0.125 3.675 0.0000e+00
0.125 3.725 0.0000e+00
0.125 3.775 0.0000e+00
0.125 3.825 0.0000e+00
0.125 3.875 0.0000e+00
0.125 3.925 0.0000e+00
0.125 3.975 0.0000e+00
0.175 -1.975 0.0000e+00
0.175 -1.925 0.0000e+00
0.175 -1.875 0.0000e+00
0.175 -1.825 0.0000e+00
0.175 -1.775 0.0000e+00
0.175 -1.725 0.0000e+00
0.175 -1.675 0.0000e+00
0.175 -1.625 0.0000e+00
0.175 -1.575 0.0000e+00
0.175 -1.525 0.0000e+00
0.175 -1.475 0.0000e+00
0.175 -1.425 0.0000e+00
0.175 -1.375 0.0000e+00
0.175 -1.325 0.0000e+00
0.175 -1.275 0.0000e+00
0.175 -1.225 0.0000e+00
0.175 -1.175 0.0000e+00
0.175 -1.125 0.0000e+00
0.175 -1.075 0.0000e+00
0.175 -1.025 0.0000e+00
0.175 -0.975 0.0000e+00
0.175 -0.925 0.0000e+00
0.175 -0.875 0.0000e+00
0.175 -0.825 0.0000e+00
0.175 -0.775 0.0000e+00
0.175 -0.725 0.0000e+00
0.175 -0.675 0.0000e+00
0.175 -0.625 0.0000e+00
0.175 -0.575 0.0000e+00
0.175 -0.525 0.0000e+00
0.175 -0.475 0.0000e+00
0.175 -0.425 0.0000e+00
0.175 -0.375 0.0000e+00
0.175 -0.325 0.0000e+00
0.175 -0.275 0.0000e+00
0.175 -0.225 0.0000e+00
0.175 -0.175 0.0000e+00
0.175 -0.125 0.0000e+00
0.175 -0.075 0.0000e+00
0.175 -0.025 0.0000e+00
0.175 0.025 0.0000e+00
0.175 0.075 0.0000e+00
0.175 0.125 0.0000e+00
0.175 0.175 0.0000e+00
0.175 0.225 0.0000e+00
0.175 0.275 0.0000e+00
0.175 0.325 0.0000e+00
0.175 0.375 0.0000e+00
0.175 0.425 0.0000e+00
0.175 0.475 0.0000e+00
0.175 0.525 0.0000e+00
0.175 0.575 0.0000e+00
0.175 0.625 0.0000e+00
0.175 0.675 0.0000e+00
0.175 0.725 0.0000e+00
0.175 0.775 0.0000e+00
0.175 0.825 0.0000e+00
0.175 0.875 0.0000e+00
0.175 0.925 0.0000e+00
0.175 0.975 0.0000e+00
0.175 1.025 0.0000e+00
0.175 1.075 0.0000e+00
0.175 1.125 0.0000e+00
0.175 1.175 0.0000e+00
0.175 1.225 0.0000e+00
0.175 1.275 0.0000e+00
0.175 1.325 0.0000e+00
0.175 1.375 0.0000e+00
0.175 1.425 0.0000e+00
0.175 1.475 0.0000e+00
0.175 1.525 0.0000e+00
0.175 1.575 0.0000e+00
0.175 1.625 0.0000e+00
0.175 1.675 0.0000e+00
0.175 1.725 0.0000e+00
0.175 1.775 0.0000e+00
0.175 1.825 0.0000e+00
0.175 1.875 0.0000e+00
0.175 1.925 0.0000e+00
0.175 1.975 0.0000e+00
0.175 2.025 0.0000e+00
0.175 2.075 0.0000e+00
0.175 2.125 0.0000e+00
0.175 2.175 0.0000e+00
0.175 2.225 0.0000e+00
0.175 2.275 0.0000e+00
0.175 2.325 0.0000e+00
0.175 2.375 0.0000e+00
0.175 2.425 0.0000e+00
0.175 2.475 0.0000e+00
0.175 2.525 0.0000e+00
0.175 2.575 0.0000e+00
0.175 2.625 0.0000e+00
0.175 2.675 0.0000e+00
0.175 2.725 0.0000e+00
0.175 2.775 0.0000e+00
0.175 2.825 0.0000e+00
0.175 2.875 0.0000e+00
0.175 2.925 0.0000e+00
0.175 2.975 0.0000e+00
0.175 3.025 0.0000e+00
0.175 3.075 0.0000e+00
0.175 3.125 0.0000e+00
0.175 3.175 0.0000e+00
0.175 3.225 0.0000e+00
0.175 3.275 0.0000e+00
0.175 3.325 0.0000e+00
0.175 3.375 0.0000e+00
0.175 3.425 0.0000e+00
0.175 3.475 0.0000e+00
0.175 3.525 0.0000e+00
0.175 3.575 0.0000e+00
0.175 3.625 0.0000e+00
0.175 3.675 0.0000e+00
0.175 3.725 0.0000e+00
0.175 3.775 0.0000e+00
0.175 3.825 0.0000e+00
0.175 3.875 0.0000e+00
0.175 3.925 0.0000e+00
0.175 3.975 0.0000e+00
