# log10(theta) log10(p/GeV) cross-section[pb/bin] 
-7.475 -1.975 0.0000e+00
-7.475 -1.925 0.0000e+00
-7.475 -1.875 0.0000e+00
-7.475 -1.825 0.0000e+00
-7.475 -1.775 0.0000e+00
-7.475 -1.725 0.0000e+00
-7.475 -1.675 0.0000e+00
-7.475 -1.625 0.0000e+00
-7.475 -1.575 0.0000e+00
-7.475 -1.525 0.0000e+00
-7.475 -1.475 0.0000e+00
-7.475 -1.425 0.0000e+00
-7.475 -1.375 0.0000e+00
-7.475 -1.325 0.0000e+00
-7.475 -1.275 0.0000e+00
-7.475 -1.225 0.0000e+00
-7.475 -1.175 0.0000e+00
-7.475 -1.125 0.0000e+00
-7.475 -1.075 0.0000e+00
-7.475 -1.025 0.0000e+00
-7.475 -0.975 0.0000e+00
-7.475 -0.925 0.0000e+00
-7.475 -0.875 0.0000e+00
-7.475 -0.825 0.0000e+00
-7.475 -0.775 0.0000e+00
-7.475 -0.725 0.0000e+00
-7.475 -0.675 0.0000e+00
-7.475 -0.625 0.0000e+00
-7.475 -0.575 0.0000e+00
-7.475 -0.525 0.0000e+00
-7.475 -0.475 0.0000e+00
-7.475 -0.425 0.0000e+00
-7.475 -0.375 0.0000e+00
-7.475 -0.325 0.0000e+00
-7.475 -0.275 0.0000e+00
-7.475 -0.225 0.0000e+00
-7.475 -0.175 0.0000e+00
-7.475 -0.125 0.0000e+00
-7.475 -0.075 0.0000e+00
-7.475 -0.025 0.0000e+00
-7.475 0.025 0.0000e+00
-7.475 0.075 0.0000e+00
-7.475 0.125 0.0000e+00
-7.475 0.175 0.0000e+00
-7.475 0.225 0.0000e+00
-7.475 0.275 0.0000e+00
-7.475 0.325 0.0000e+00
-7.475 0.375 0.0000e+00
-7.475 0.425 0.0000e+00
-7.475 0.475 0.0000e+00
-7.475 0.525 0.0000e+00
-7.475 0.575 0.0000e+00
-7.475 0.625 0.0000e+00
-7.475 0.675 1.4727e-15
-7.475 0.725 2.9393e-15
-7.475 0.775 5.8668e-15
-7.475 0.825 1.1711e-14
-7.475 0.875 2.3376e-14
-7.475 0.925 4.6666e-14
-7.475 0.975 9.3163e-14
-7.475 1.025 1.8600e-13
-7.475 1.075 3.7138e-13
-7.475 1.125 7.4159e-13
-7.475 1.175 1.4810e-12
-7.475 1.225 2.9578e-12
-7.475 1.275 5.9078e-12
-7.475 1.325 1.1802e-11
-7.475 1.375 2.3578e-11
-7.475 1.425 4.7113e-11
-7.475 1.475 9.4153e-11
-7.475 1.525 1.8819e-10
-7.475 1.575 3.7620e-10
-7.475 1.625 7.5219e-10
-7.475 1.675 1.5042e-09
-7.475 1.725 3.0085e-09
-7.475 1.775 6.0183e-09
-7.475 1.825 1.2041e-08
-7.475 1.875 2.4094e-08
-7.475 1.925 4.8217e-08
-7.475 1.975 9.6492e-08
-7.475 2.025 1.9309e-07
-7.475 2.075 3.8634e-07
-7.475 2.125 7.7272e-07
-7.475 2.175 1.5447e-06
-7.475 2.225 3.0853e-06
-7.475 2.275 6.1549e-06
-7.475 2.325 1.2258e-05
-7.475 2.375 2.4354e-05
-7.475 2.425 4.8233e-05
-7.475 2.475 9.5124e-05
-7.475 2.525 1.8657e-04
-7.475 2.575 3.6332e-04
-7.475 2.625 7.0112e-04
-7.475 2.675 1.3376e-03
-7.475 2.725 2.5161e-03
-7.475 2.775 4.6521e-03
-7.475 2.825 8.4268e-03
-7.475 2.875 1.4903e-02
-7.475 2.925 2.5649e-02
-7.475 2.975 4.2828e-02
-7.475 3.025 6.9219e-02
-7.475 3.075 1.0812e-01
-7.475 3.125 1.6313e-01
-7.475 3.175 2.3784e-01
-7.475 3.225 3.3561e-01
-7.475 3.275 4.5948e-01
-7.475 3.325 6.1272e-01
-7.475 3.375 8.0049e-01
-7.475 3.425 1.0336e+00
-7.475 3.475 1.3363e+00
-7.475 3.525 1.7596e+00
-7.475 3.575 2.4008e+00
-7.475 3.625 3.4259e+00
-7.475 3.675 5.0803e+00
-7.475 3.725 7.6603e+00
-7.475 3.775 1.1380e+01
-7.475 3.825 1.5313e+01
-7.475 3.875 0.0000e+00
-7.475 3.925 0.0000e+00
-7.475 3.975 0.0000e+00
-7.425 -1.975 0.0000e+00
-7.425 -1.925 0.0000e+00
-7.425 -1.875 0.0000e+00
-7.425 -1.825 0.0000e+00
-7.425 -1.775 0.0000e+00
-7.425 -1.725 0.0000e+00
-7.425 -1.675 0.0000e+00
-7.425 -1.625 0.0000e+00
-7.425 -1.575 0.0000e+00
-7.425 -1.525 0.0000e+00
-7.425 -1.475 0.0000e+00
-7.425 -1.425 0.0000e+00
-7.425 -1.375 0.0000e+00
-7.425 -1.325 0.0000e+00
-7.425 -1.275 0.0000e+00
-7.425 -1.225 0.0000e+00
-7.425 -1.175 0.0000e+00
-7.425 -1.125 0.0000e+00
-7.425 -1.075 0.0000e+00
-7.425 -1.025 0.0000e+00
-7.425 -0.975 0.0000e+00
-7.425 -0.925 0.0000e+00
-7.425 -0.875 0.0000e+00
-7.425 -0.825 0.0000e+00
-7.425 -0.775 0.0000e+00
-7.425 -0.725 0.0000e+00
-7.425 -0.675 0.0000e+00
-7.425 -0.625 0.0000e+00
-7.425 -0.575 0.0000e+00
-7.425 -0.525 0.0000e+00
-7.425 -0.475 0.0000e+00
-7.425 -0.425 0.0000e+00
-7.425 -0.375 0.0000e+00
-7.425 -0.325 0.0000e+00
-7.425 -0.275 0.0000e+00
-7.425 -0.225 0.0000e+00
-7.425 -0.175 0.0000e+00
-7.425 -0.125 0.0000e+00
-7.425 -0.075 0.0000e+00
-7.425 -0.025 0.0000e+00
-7.425 0.025 0.0000e+00
-7.425 0.075 0.0000e+00
-7.425 0.125 0.0000e+00
-7.425 0.175 0.0000e+00
-7.425 0.225 0.0000e+00
-7.425 0.275 0.0000e+00
-7.425 0.325 0.0000e+00
-7.425 0.375 0.0000e+00
-7.425 0.425 0.0000e+00
-7.425 0.475 0.0000e+00
-7.425 0.525 0.0000e+00
-7.425 0.575 0.0000e+00
-7.425 0.625 0.0000e+00
-7.425 0.675 1.8540e-15
-7.425 0.725 3.7004e-15
-7.425 0.775 7.3859e-15
-7.425 0.825 1.4743e-14
-7.425 0.875 2.9429e-14
-7.425 0.925 5.8749e-14
-7.425 0.975 1.1729e-13
-7.425 1.025 2.3416e-13
-7.425 1.075 4.6755e-13
-7.425 1.125 9.3361e-13
-7.425 1.175 1.8644e-12
-7.425 1.225 3.7236e-12
-7.425 1.275 7.4375e-12
-7.425 1.325 1.4857e-11
-7.425 1.375 2.9683e-11
-7.425 1.425 5.9312e-11
-7.425 1.475 1.1853e-10
-7.425 1.525 2.3692e-10
-7.425 1.575 4.7361e-10
-7.425 1.625 9.4695e-10
-7.425 1.675 1.8937e-09
-7.425 1.725 3.7875e-09
-7.425 1.775 7.5767e-09
-7.425 1.825 1.5159e-08
-7.425 1.875 3.0333e-08
-7.425 1.925 6.0701e-08
-7.425 1.975 1.2148e-07
-7.425 2.025 2.4309e-07
-7.425 2.075 4.8637e-07
-7.425 2.125 9.7280e-07
-7.425 2.175 1.9446e-06
-7.425 2.225 3.8841e-06
-7.425 2.275 7.7486e-06
-7.425 2.325 1.5431e-05
-7.425 2.375 3.0659e-05
-7.425 2.425 6.0722e-05
-7.425 2.475 1.1975e-04
-7.425 2.525 2.3488e-04
-7.425 2.575 4.5740e-04
-7.425 2.625 8.8266e-04
-7.425 2.675 1.6839e-03
-7.425 2.725 3.1675e-03
-7.425 2.775 5.8566e-03
-7.425 2.825 1.0609e-02
-7.425 2.875 1.8762e-02
-7.425 2.925 3.2290e-02
-7.425 2.975 5.3917e-02
-7.425 3.025 8.7142e-02
-7.425 3.075 1.3612e-01
-7.425 3.125 2.0537e-01
-7.425 3.175 2.9943e-01
-7.425 3.225 4.2251e-01
-7.425 3.275 5.7845e-01
-7.425 3.325 7.7137e-01
-7.425 3.375 1.0078e+00
-7.425 3.425 1.3012e+00
-7.425 3.475 1.6823e+00
-7.425 3.525 2.2151e+00
-7.425 3.575 3.0224e+00
-7.425 3.625 4.3130e+00
-7.425 3.675 6.3957e+00
-7.425 3.725 9.6438e+00
-7.425 3.775 1.4326e+01
-7.425 3.825 1.9278e+01
-7.425 3.875 0.0000e+00
-7.425 3.925 0.0000e+00
-7.425 3.975 0.0000e+00
-7.375 -1.975 0.0000e+00
-7.375 -1.925 0.0000e+00
-7.375 -1.875 0.0000e+00
-7.375 -1.825 0.0000e+00
-7.375 -1.775 0.0000e+00
-7.375 -1.725 0.0000e+00
-7.375 -1.675 0.0000e+00
-7.375 -1.625 0.0000e+00
-7.375 -1.575 0.0000e+00
-7.375 -1.525 0.0000e+00
-7.375 -1.475 0.0000e+00
-7.375 -1.425 0.0000e+00
-7.375 -1.375 0.0000e+00
-7.375 -1.325 0.0000e+00
-7.375 -1.275 0.0000e+00
-7.375 -1.225 0.0000e+00
-7.375 -1.175 0.0000e+00
-7.375 -1.125 0.0000e+00
-7.375 -1.075 0.0000e+00
-7.375 -1.025 0.0000e+00
-7.375 -0.975 0.0000e+00
-7.375 -0.925 0.0000e+00
-7.375 -0.875 0.0000e+00
-7.375 -0.825 0.0000e+00
-7.375 -0.775 0.0000e+00
-7.375 -0.725 0.0000e+00
-7.375 -0.675 0.0000e+00
-7.375 -0.625 0.0000e+00
-7.375 -0.575 0.0000e+00
-7.375 -0.525 0.0000e+00
-7.375 -0.475 0.0000e+00
-7.375 -0.425 0.0000e+00
-7.375 -0.375 0.0000e+00
-7.375 -0.325 0.0000e+00
-7.375 -0.275 0.0000e+00
-7.375 -0.225 0.0000e+00
-7.375 -0.175 0.0000e+00
-7.375 -0.125 0.0000e+00
-7.375 -0.075 0.0000e+00
-7.375 -0.025 0.0000e+00
-7.375 0.025 0.0000e+00
-7.375 0.075 0.0000e+00
-7.375 0.125 0.0000e+00
-7.375 0.175 0.0000e+00
-7.375 0.225 0.0000e+00
-7.375 0.275 0.0000e+00
-7.375 0.325 0.0000e+00
-7.375 0.375 0.0000e+00
-7.375 0.425 0.0000e+00
-7.375 0.475 0.0000e+00
-7.375 0.525 0.0000e+00
-7.375 0.575 0.0000e+00
-7.375 0.625 0.0000e+00
-7.375 0.675 2.3340e-15
-7.375 0.725 4.6585e-15
-7.375 0.775 9.2983e-15
-7.375 0.825 1.8560e-14
-7.375 0.875 3.7049e-14
-7.375 0.925 7.3960e-14
-7.375 0.975 1.4765e-13
-7.375 1.025 2.9479e-13
-7.375 1.075 5.8861e-13
-7.375 1.125 1.1753e-12
-7.375 1.175 2.3472e-12
-7.375 1.225 4.6877e-12
-7.375 1.275 9.3633e-12
-7.375 1.325 1.8704e-11
-7.375 1.375 3.7369e-11
-7.375 1.425 7.4670e-11
-7.375 1.475 1.4922e-10
-7.375 1.525 2.9826e-10
-7.375 1.575 5.9624e-10
-7.375 1.625 1.1921e-09
-7.375 1.675 2.3840e-09
-7.375 1.725 4.7682e-09
-7.375 1.775 9.5384e-09
-7.375 1.825 1.9084e-08
-7.375 1.875 3.8187e-08
-7.375 1.925 7.6418e-08
-7.375 1.975 1.5293e-07
-7.375 2.025 3.0603e-07
-7.375 2.075 6.1230e-07
-7.375 2.125 1.2247e-06
-7.375 2.175 2.4482e-06
-7.375 2.225 4.8898e-06
-7.375 2.275 9.7549e-06
-7.375 2.325 1.9427e-05
-7.375 2.375 3.8598e-05
-7.375 2.425 7.6444e-05
-7.375 2.475 1.5076e-04
-7.375 2.525 2.9569e-04
-7.375 2.575 5.7583e-04
-7.375 2.625 1.1112e-03
-7.375 2.675 2.1200e-03
-7.375 2.725 3.9877e-03
-7.375 2.775 7.3730e-03
-7.375 2.825 1.3356e-02
-7.375 2.875 2.3620e-02
-7.375 2.925 4.0651e-02
-7.375 2.975 6.7878e-02
-7.375 3.025 1.0971e-01
-7.375 3.075 1.7136e-01
-7.375 3.125 2.5854e-01
-7.375 3.175 3.7696e-01
-7.375 3.225 5.3190e-01
-7.375 3.275 7.2822e-01
-7.375 3.325 9.7110e-01
-7.375 3.375 1.2687e+00
-7.375 3.425 1.6382e+00
-7.375 3.475 2.1179e+00
-7.375 3.525 2.7887e+00
-7.375 3.575 3.8050e+00
-7.375 3.625 5.4297e+00
-7.375 3.675 8.0518e+00
-7.375 3.725 1.2141e+01
-7.375 3.775 1.8036e+01
-7.375 3.825 2.4270e+01
-7.375 3.875 0.0000e+00
-7.375 3.925 0.0000e+00
-7.375 3.975 0.0000e+00
-7.325 -1.975 0.0000e+00
-7.325 -1.925 0.0000e+00
-7.325 -1.875 0.0000e+00
-7.325 -1.825 0.0000e+00
-7.325 -1.775 0.0000e+00
-7.325 -1.725 0.0000e+00
-7.325 -1.675 0.0000e+00
-7.325 -1.625 0.0000e+00
-7.325 -1.575 0.0000e+00
-7.325 -1.525 0.0000e+00
-7.325 -1.475 0.0000e+00
-7.325 -1.425 0.0000e+00
-7.325 -1.375 0.0000e+00
-7.325 -1.325 0.0000e+00
-7.325 -1.275 0.0000e+00
-7.325 -1.225 0.0000e+00
-7.325 -1.175 0.0000e+00
-7.325 -1.125 0.0000e+00
-7.325 -1.075 0.0000e+00
-7.325 -1.025 0.0000e+00
-7.325 -0.975 0.0000e+00
-7.325 -0.925 0.0000e+00
-7.325 -0.875 0.0000e+00
-7.325 -0.825 0.0000e+00
-7.325 -0.775 0.0000e+00
-7.325 -0.725 0.0000e+00
-7.325 -0.675 0.0000e+00
-7.325 -0.625 0.0000e+00
-7.325 -0.575 0.0000e+00
-7.325 -0.525 0.0000e+00
-7.325 -0.475 0.0000e+00
-7.325 -0.425 0.0000e+00
-7.325 -0.375 0.0000e+00
-7.325 -0.325 0.0000e+00
-7.325 -0.275 0.0000e+00
-7.325 -0.225 0.0000e+00
-7.325 -0.175 0.0000e+00
-7.325 -0.125 0.0000e+00
-7.325 -0.075 0.0000e+00
-7.325 -0.025 0.0000e+00
-7.325 0.025 0.0000e+00
-7.325 0.075 0.0000e+00
-7.325 0.125 0.0000e+00
-7.325 0.175 0.0000e+00
-7.325 0.225 0.0000e+00
-7.325 0.275 0.0000e+00
-7.325 0.325 0.0000e+00
-7.325 0.375 0.0000e+00
-7.325 0.425 0.0000e+00
-7.325 0.475 0.0000e+00
-7.325 0.525 0.0000e+00
-7.325 0.575 0.0000e+00
-7.325 0.625 0.0000e+00
-7.325 0.675 2.9383e-15
-7.325 0.725 5.8647e-15
-7.325 0.775 1.1706e-14
-7.325 0.825 2.3366e-14
-7.325 0.875 4.6642e-14
-7.325 0.925 9.3110e-14
-7.325 0.975 1.8588e-13
-7.325 1.025 3.7112e-13
-7.325 1.075 7.4101e-13
-7.325 1.125 1.4797e-12
-7.325 1.175 2.9549e-12
-7.325 1.225 5.9015e-12
-7.325 1.275 1.1788e-11
-7.325 1.325 2.3548e-11
-7.325 1.375 4.7045e-11
-7.325 1.425 9.4003e-11
-7.325 1.475 1.8786e-10
-7.325 1.525 3.7549e-10
-7.325 1.575 7.5062e-10
-7.325 1.625 1.5008e-09
-7.325 1.675 3.0012e-09
-7.325 1.725 6.0028e-09
-7.325 1.775 1.2008e-08
-7.325 1.825 2.4025e-08
-7.325 1.875 4.8074e-08
-7.325 1.925 9.6205e-08
-7.325 1.975 1.9253e-07
-7.325 2.025 3.8527e-07
-7.325 2.075 7.7084e-07
-7.325 2.125 1.5418e-06
-7.325 2.175 3.0820e-06
-7.325 2.225 6.1559e-06
-7.325 2.275 1.2281e-05
-7.325 2.325 2.4457e-05
-7.325 2.375 4.8592e-05
-7.325 2.425 9.6237e-05
-7.325 2.475 1.8980e-04
-7.325 2.525 3.7226e-04
-7.325 2.575 7.2492e-04
-7.325 2.625 1.3989e-03
-7.325 2.675 2.6689e-03
-7.325 2.725 5.0202e-03
-7.325 2.775 9.2821e-03
-7.325 2.825 1.6814e-02
-7.325 2.875 2.9736e-02
-7.325 2.925 5.1176e-02
-7.325 2.975 8.5453e-02
-7.325 3.025 1.3811e-01
-7.325 3.075 2.1573e-01
-7.325 3.125 3.2549e-01
-7.325 3.175 4.7456e-01
-7.325 3.225 6.6963e-01
-7.325 3.275 9.1678e-01
-7.325 3.325 1.2225e+00
-7.325 3.375 1.5972e+00
-7.325 3.425 2.0623e+00
-7.325 3.475 2.6663e+00
-7.325 3.525 3.5108e+00
-7.325 3.575 4.7902e+00
-7.325 3.625 6.8356e+00
-7.325 3.675 1.0137e+01
-7.325 3.725 1.5284e+01
-7.325 3.775 2.2706e+01
-7.325 3.825 3.0554e+01
-7.325 3.875 0.0000e+00
-7.325 3.925 0.0000e+00
-7.325 3.975 0.0000e+00
-7.275 -1.975 0.0000e+00
-7.275 -1.925 0.0000e+00
-7.275 -1.875 0.0000e+00
-7.275 -1.825 0.0000e+00
-7.275 -1.775 0.0000e+00
-7.275 -1.725 0.0000e+00
-7.275 -1.675 0.0000e+00
-7.275 -1.625 0.0000e+00
-7.275 -1.575 0.0000e+00
-7.275 -1.525 0.0000e+00
-7.275 -1.475 0.0000e+00
-7.275 -1.425 0.0000e+00
-7.275 -1.375 0.0000e+00
-7.275 -1.325 0.0000e+00
-7.275 -1.275 0.0000e+00
-7.275 -1.225 0.0000e+00
-7.275 -1.175 0.0000e+00
-7.275 -1.125 0.0000e+00
-7.275 -1.075 0.0000e+00
-7.275 -1.025 0.0000e+00
-7.275 -0.975 0.0000e+00
-7.275 -0.925 0.0000e+00
-7.275 -0.875 0.0000e+00
-7.275 -0.825 0.0000e+00
-7.275 -0.775 0.0000e+00
-7.275 -0.725 0.0000e+00
-7.275 -0.675 0.0000e+00
-7.275 -0.625 0.0000e+00
-7.275 -0.575 0.0000e+00
-7.275 -0.525 0.0000e+00
-7.275 -0.475 0.0000e+00
-7.275 -0.425 0.0000e+00
-7.275 -0.375 0.0000e+00
-7.275 -0.325 0.0000e+00
-7.275 -0.275 0.0000e+00
-7.275 -0.225 0.0000e+00
-7.275 -0.175 0.0000e+00
-7.275 -0.125 0.0000e+00
-7.275 -0.075 0.0000e+00
-7.275 -0.025 0.0000e+00
-7.275 0.025 0.0000e+00
-7.275 0.075 0.0000e+00
-7.275 0.125 0.0000e+00
-7.275 0.175 0.0000e+00
-7.275 0.225 0.0000e+00
-7.275 0.275 0.0000e+00
-7.275 0.325 0.0000e+00
-7.275 0.375 0.0000e+00
-7.275 0.425 0.0000e+00
-7.275 0.475 0.0000e+00
-7.275 0.525 0.0000e+00
-7.275 0.575 0.0000e+00
-7.275 0.625 0.0000e+00
-7.275 0.675 3.6992e-15
-7.275 0.725 7.3832e-15
-7.275 0.775 1.4737e-14
-7.275 0.825 2.9416e-14
-7.275 0.875 5.8719e-14
-7.275 0.925 1.1722e-13
-7.275 0.975 2.3402e-13
-7.275 1.025 4.6722e-13
-7.275 1.075 9.3288e-13
-7.275 1.125 1.8628e-12
-7.275 1.175 3.7200e-12
-7.275 1.225 7.4296e-12
-7.275 1.275 1.4840e-11
-7.275 1.325 2.9645e-11
-7.275 1.375 5.9226e-11
-7.275 1.425 1.1834e-10
-7.275 1.475 2.3650e-10
-7.275 1.525 4.7271e-10
-7.275 1.575 9.4498e-10
-7.275 1.625 1.8894e-09
-7.275 1.675 3.7783e-09
-7.275 1.725 7.5571e-09
-7.275 1.775 1.5117e-08
-7.275 1.825 3.0246e-08
-7.275 1.875 6.0522e-08
-7.275 1.925 1.2111e-07
-7.275 1.975 2.4238e-07
-7.275 2.025 4.8503e-07
-7.275 2.075 9.7043e-07
-7.275 2.125 1.9410e-06
-7.275 2.175 3.8801e-06
-7.275 2.225 7.7499e-06
-7.275 2.275 1.5460e-05
-7.275 2.325 3.0790e-05
-7.275 2.375 6.1174e-05
-7.275 2.425 1.2116e-04
-7.275 2.475 2.3894e-04
-7.275 2.525 4.6864e-04
-7.275 2.575 9.1262e-04
-7.275 2.625 1.7611e-03
-7.275 2.675 3.3599e-03
-7.275 2.725 6.3201e-03
-7.275 2.775 1.1685e-02
-7.275 2.825 2.1167e-02
-7.275 2.875 3.7436e-02
-7.275 2.925 6.4427e-02
-7.275 2.975 1.0758e-01
-7.275 3.025 1.7387e-01
-7.275 3.075 2.7159e-01
-7.275 3.125 4.0976e-01
-7.275 3.175 5.9744e-01
-7.275 3.225 8.4301e-01
-7.275 3.275 1.1542e+00
-7.275 3.325 1.5391e+00
-7.275 3.375 2.0107e+00
-7.275 3.425 2.5963e+00
-7.275 3.475 3.3567e+00
-7.275 3.525 4.4198e+00
-7.275 3.575 6.0305e+00
-7.275 3.625 8.6055e+00
-7.275 3.675 1.2761e+01
-7.275 3.725 1.9242e+01
-7.275 3.775 2.8585e+01
-7.275 3.825 3.8466e+01
-7.275 3.875 0.0000e+00
-7.275 3.925 0.0000e+00
-7.275 3.975 0.0000e+00
-7.225 -1.975 0.0000e+00
-7.225 -1.925 0.0000e+00
-7.225 -1.875 0.0000e+00
-7.225 -1.825 0.0000e+00
-7.225 -1.775 0.0000e+00
-7.225 -1.725 0.0000e+00
-7.225 -1.675 0.0000e+00
-7.225 -1.625 0.0000e+00
-7.225 -1.575 0.0000e+00
-7.225 -1.525 0.0000e+00
-7.225 -1.475 0.0000e+00
-7.225 -1.425 0.0000e+00
-7.225 -1.375 0.0000e+00
-7.225 -1.325 0.0000e+00
-7.225 -1.275 0.0000e+00
-7.225 -1.225 0.0000e+00
-7.225 -1.175 0.0000e+00
-7.225 -1.125 0.0000e+00
-7.225 -1.075 0.0000e+00
-7.225 -1.025 0.0000e+00
-7.225 -0.975 0.0000e+00
-7.225 -0.925 0.0000e+00
-7.225 -0.875 0.0000e+00
-7.225 -0.825 0.0000e+00
-7.225 -0.775 0.0000e+00
-7.225 -0.725 0.0000e+00
-7.225 -0.675 0.0000e+00
-7.225 -0.625 0.0000e+00
-7.225 -0.575 0.0000e+00
-7.225 -0.525 0.0000e+00
-7.225 -0.475 0.0000e+00
-7.225 -0.425 0.0000e+00
-7.225 -0.375 0.0000e+00
-7.225 -0.325 0.0000e+00
-7.225 -0.275 0.0000e+00
-7.225 -0.225 0.0000e+00
-7.225 -0.175 0.0000e+00
-7.225 -0.125 0.0000e+00
-7.225 -0.075 0.0000e+00
-7.225 -0.025 0.0000e+00
-7.225 0.025 0.0000e+00
-7.225 0.075 0.0000e+00
-7.225 0.125 0.0000e+00
-7.225 0.175 0.0000e+00
-7.225 0.225 0.0000e+00
-7.225 0.275 0.0000e+00
-7.225 0.325 0.0000e+00
-7.225 0.375 0.0000e+00
-7.225 0.425 0.0000e+00
-7.225 0.475 0.0000e+00
-7.225 0.525 0.0000e+00
-7.225 0.575 0.0000e+00
-7.225 0.625 0.0000e+00
-7.225 0.675 4.6570e-15
-7.225 0.725 9.2949e-15
-7.225 0.775 1.8553e-14
-7.225 0.825 3.7032e-14
-7.225 0.875 7.3923e-14
-7.225 0.925 1.4757e-13
-7.225 0.975 2.9461e-13
-7.225 1.025 5.8819e-13
-7.225 1.075 1.1744e-12
-7.225 1.125 2.3451e-12
-7.225 1.175 4.6832e-12
-7.225 1.225 9.3533e-12
-7.225 1.275 1.8682e-11
-7.225 1.325 3.7320e-11
-7.225 1.375 7.4562e-11
-7.225 1.425 1.4899e-10
-7.225 1.475 2.9774e-10
-7.225 1.525 5.9511e-10
-7.225 1.575 1.1897e-09
-7.225 1.625 2.3786e-09
-7.225 1.675 4.7567e-09
-7.225 1.725 9.5138e-09
-7.225 1.775 1.9032e-08
-7.225 1.825 3.8077e-08
-7.225 1.875 7.6193e-08
-7.225 1.925 1.5247e-07
-7.225 1.975 3.0514e-07
-7.225 2.025 6.1061e-07
-7.225 2.075 1.2217e-06
-7.225 2.125 2.4436e-06
-7.225 2.175 4.8847e-06
-7.225 2.225 9.7565e-06
-7.225 2.275 1.9463e-05
-7.225 2.325 3.8762e-05
-7.225 2.375 7.7013e-05
-7.225 2.425 1.5253e-04
-7.225 2.475 3.0081e-04
-7.225 2.525 5.8999e-04
-7.225 2.575 1.1489e-03
-7.225 2.625 2.2171e-03
-7.225 2.675 4.2299e-03
-7.225 2.725 7.9565e-03
-7.225 2.775 1.4711e-02
-7.225 2.825 2.6648e-02
-7.225 2.875 4.7129e-02
-7.225 2.925 8.1109e-02
-7.225 2.975 1.3543e-01
-7.225 3.025 2.1889e-01
-7.225 3.075 3.4191e-01
-7.225 3.125 5.1586e-01
-7.225 3.175 7.5213e-01
-7.225 3.225 1.0613e+00
-7.225 3.275 1.4530e+00
-7.225 3.325 1.9376e+00
-7.225 3.375 2.5314e+00
-7.225 3.425 3.2686e+00
-7.225 3.475 4.2258e+00
-7.225 3.525 5.5642e+00
-7.225 3.575 7.5919e+00
-7.225 3.625 1.0834e+01
-7.225 3.675 1.6065e+01
-7.225 3.725 2.4224e+01
-7.225 3.775 3.5987e+01
-7.225 3.825 4.8425e+01
-7.225 3.875 0.0000e+00
-7.225 3.925 0.0000e+00
-7.225 3.975 0.0000e+00
-7.175 -1.975 0.0000e+00
-7.175 -1.925 0.0000e+00
-7.175 -1.875 0.0000e+00
-7.175 -1.825 0.0000e+00
-7.175 -1.775 0.0000e+00
-7.175 -1.725 0.0000e+00
-7.175 -1.675 0.0000e+00
-7.175 -1.625 0.0000e+00
-7.175 -1.575 0.0000e+00
-7.175 -1.525 0.0000e+00
-7.175 -1.475 0.0000e+00
-7.175 -1.425 0.0000e+00
-7.175 -1.375 0.0000e+00
-7.175 -1.325 0.0000e+00
-7.175 -1.275 0.0000e+00
-7.175 -1.225 0.0000e+00
-7.175 -1.175 0.0000e+00
-7.175 -1.125 0.0000e+00
-7.175 -1.075 0.0000e+00
-7.175 -1.025 0.0000e+00
-7.175 -0.975 0.0000e+00
-7.175 -0.925 0.0000e+00
-7.175 -0.875 0.0000e+00
-7.175 -0.825 0.0000e+00
-7.175 -0.775 0.0000e+00
-7.175 -0.725 0.0000e+00
-7.175 -0.675 0.0000e+00
-7.175 -0.625 0.0000e+00
-7.175 -0.575 0.0000e+00
-7.175 -0.525 0.0000e+00
-7.175 -0.475 0.0000e+00
-7.175 -0.425 0.0000e+00
-7.175 -0.375 0.0000e+00
-7.175 -0.325 0.0000e+00
-7.175 -0.275 0.0000e+00
-7.175 -0.225 0.0000e+00
-7.175 -0.175 0.0000e+00
-7.175 -0.125 0.0000e+00
-7.175 -0.075 0.0000e+00
-7.175 -0.025 0.0000e+00
-7.175 0.025 0.0000e+00
-7.175 0.075 0.0000e+00
-7.175 0.125 0.0000e+00
-7.175 0.175 0.0000e+00
-7.175 0.225 0.0000e+00
-7.175 0.275 0.0000e+00
-7.175 0.325 0.0000e+00
-7.175 0.375 0.0000e+00
-7.175 0.425 0.0000e+00
-7.175 0.475 0.0000e+00
-7.175 0.525 0.0000e+00
-7.175 0.575 0.0000e+00
-7.175 0.625 0.0000e+00
-7.175 0.675 5.8628e-15
-7.175 0.725 1.1702e-14
-7.175 0.775 2.3356e-14
-7.175 0.825 4.6621e-14
-7.175 0.875 9.3063e-14
-7.175 0.925 1.8578e-13
-7.175 0.975 3.7089e-13
-7.175 1.025 7.4049e-13
-7.175 1.075 1.4785e-12
-7.175 1.125 2.9523e-12
-7.175 1.175 5.8958e-12
-7.175 1.225 1.1775e-11
-7.175 1.275 2.3520e-11
-7.175 1.325 4.6983e-11
-7.175 1.375 9.3867e-11
-7.175 1.425 1.8756e-10
-7.175 1.475 3.7483e-10
-7.175 1.525 7.4919e-10
-7.175 1.575 1.4977e-09
-7.175 1.625 2.9945e-09
-7.175 1.675 5.9883e-09
-7.175 1.725 1.1977e-08
-7.175 1.775 2.3959e-08
-7.175 1.825 4.7937e-08
-7.175 1.875 9.5921e-08
-7.175 1.925 1.9195e-07
-7.175 1.975 3.8414e-07
-7.175 2.025 7.6872e-07
-7.175 2.075 1.5380e-06
-7.175 2.125 3.0763e-06
-7.175 2.175 6.1495e-06
-7.175 2.225 1.2283e-05
-7.175 2.275 2.4503e-05
-7.175 2.325 4.8798e-05
-7.175 2.375 9.6953e-05
-7.175 2.425 1.9202e-04
-7.175 2.475 3.7870e-04
-7.175 2.525 7.4275e-04
-7.175 2.575 1.4464e-03
-7.175 2.625 2.7912e-03
-7.175 2.675 5.3251e-03
-7.175 2.725 1.0017e-02
-7.175 2.775 1.8520e-02
-7.175 2.825 3.3548e-02
-7.175 2.875 5.9332e-02
-7.175 2.925 1.0211e-01
-7.175 2.975 1.7050e-01
-7.175 3.025 2.7557e-01
-7.175 3.075 4.3044e-01
-7.175 3.125 6.4943e-01
-7.175 3.175 9.4687e-01
-7.175 3.225 1.3361e+00
-7.175 3.275 1.8292e+00
-7.175 3.325 2.4393e+00
-7.175 3.375 3.1868e+00
-7.175 3.425 4.1149e+00
-7.175 3.475 5.3199e+00
-7.175 3.525 7.0049e+00
-7.175 3.575 9.5577e+00
-7.175 3.625 1.3639e+01
-7.175 3.675 2.0225e+01
-7.175 3.725 3.0496e+01
-7.175 3.775 4.5304e+01
-7.175 3.825 6.0964e+01
-7.175 3.875 0.0000e+00
-7.175 3.925 0.0000e+00
-7.175 3.975 0.0000e+00
-7.125 -1.975 0.0000e+00
-7.125 -1.925 0.0000e+00
-7.125 -1.875 0.0000e+00
-7.125 -1.825 0.0000e+00
-7.125 -1.775 0.0000e+00
-7.125 -1.725 0.0000e+00
-7.125 -1.675 0.0000e+00
-7.125 -1.625 0.0000e+00
-7.125 -1.575 0.0000e+00
-7.125 -1.525 0.0000e+00
-7.125 -1.475 0.0000e+00
-7.125 -1.425 0.0000e+00
-7.125 -1.375 0.0000e+00
-7.125 -1.325 0.0000e+00
-7.125 -1.275 0.0000e+00
-7.125 -1.225 0.0000e+00
-7.125 -1.175 0.0000e+00
-7.125 -1.125 0.0000e+00
-7.125 -1.075 0.0000e+00
-7.125 -1.025 0.0000e+00
-7.125 -0.975 0.0000e+00
-7.125 -0.925 0.0000e+00
-7.125 -0.875 0.0000e+00
-7.125 -0.825 0.0000e+00
-7.125 -0.775 0.0000e+00
-7.125 -0.725 0.0000e+00
-7.125 -0.675 0.0000e+00
-7.125 -0.625 0.0000e+00
-7.125 -0.575 0.0000e+00
-7.125 -0.525 0.0000e+00
-7.125 -0.475 0.0000e+00
-7.125 -0.425 0.0000e+00
-7.125 -0.375 0.0000e+00
-7.125 -0.325 0.0000e+00
-7.125 -0.275 0.0000e+00
-7.125 -0.225 0.0000e+00
-7.125 -0.175 0.0000e+00
-7.125 -0.125 0.0000e+00
-7.125 -0.075 0.0000e+00
-7.125 -0.025 0.0000e+00
-7.125 0.025 0.0000e+00
-7.125 0.075 0.0000e+00
-7.125 0.125 0.0000e+00
-7.125 0.175 0.0000e+00
-7.125 0.225 0.0000e+00
-7.125 0.275 0.0000e+00
-7.125 0.325 0.0000e+00
-7.125 0.375 0.0000e+00
-7.125 0.425 0.0000e+00
-7.125 0.475 0.0000e+00
-7.125 0.525 0.0000e+00
-7.125 0.575 0.0000e+00
-7.125 0.625 0.0000e+00
-7.125 0.675 7.3808e-15
-7.125 0.725 1.4731e-14
-7.125 0.775 2.9404e-14
-7.125 0.825 5.8692e-14
-7.125 0.875 1.1716e-13
-7.125 0.925 2.3388e-13
-7.125 0.975 4.6692e-13
-7.125 1.025 9.3222e-13
-7.125 1.075 1.8613e-12
-7.125 1.125 3.7168e-12
-7.125 1.175 7.4224e-12
-7.125 1.225 1.4824e-11
-7.125 1.275 2.9609e-11
-7.125 1.325 5.9149e-11
-7.125 1.375 1.1817e-10
-7.125 1.425 2.3613e-10
-7.125 1.475 4.7188e-10
-7.125 1.525 9.4318e-10
-7.125 1.575 1.8855e-09
-7.125 1.625 3.7699e-09
-7.125 1.675 7.5388e-09
-7.125 1.725 1.5078e-08
-7.125 1.775 3.0163e-08
-7.125 1.825 6.0349e-08
-7.125 1.875 1.2076e-07
-7.125 1.925 2.4166e-07
-7.125 1.975 4.8361e-07
-7.125 2.025 9.6776e-07
-7.125 2.075 1.9363e-06
-7.125 2.125 3.8728e-06
-7.125 2.175 7.7418e-06
-7.125 2.225 1.5463e-05
-7.125 2.275 3.0848e-05
-7.125 2.325 6.1433e-05
-7.125 2.375 1.2206e-04
-7.125 2.425 2.4174e-04
-7.125 2.475 4.7675e-04
-7.125 2.525 9.3506e-04
-7.125 2.575 1.8209e-03
-7.125 2.625 3.5139e-03
-7.125 2.675 6.7039e-03
-7.125 2.725 1.2610e-02
-7.125 2.775 2.3316e-02
-7.125 2.825 4.2234e-02
-7.125 2.875 7.4694e-02
-7.125 2.925 1.2855e-01
-7.125 2.975 2.1465e-01
-7.125 3.025 3.4692e-01
-7.125 3.075 5.4189e-01
-7.125 3.125 8.1758e-01
-7.125 3.175 1.1920e+00
-7.125 3.225 1.6820e+00
-7.125 3.275 2.3028e+00
-7.125 3.325 3.0709e+00
-7.125 3.375 4.0119e+00
-7.125 3.425 5.1803e+00
-7.125 3.475 6.6974e+00
-7.125 3.525 8.8187e+00
-7.125 3.575 1.2032e+01
-7.125 3.625 1.7170e+01
-7.125 3.675 2.5462e+01
-7.125 3.725 3.8393e+01
-7.125 3.775 5.7035e+01
-7.125 3.825 7.6749e+01
-7.125 3.875 0.0000e+00
-7.125 3.925 0.0000e+00
-7.125 3.975 0.0000e+00
-7.075 -1.975 0.0000e+00
-7.075 -1.925 0.0000e+00
-7.075 -1.875 0.0000e+00
-7.075 -1.825 0.0000e+00
-7.075 -1.775 0.0000e+00
-7.075 -1.725 0.0000e+00
-7.075 -1.675 0.0000e+00
-7.075 -1.625 0.0000e+00
-7.075 -1.575 0.0000e+00
-7.075 -1.525 0.0000e+00
-7.075 -1.475 0.0000e+00
-7.075 -1.425 0.0000e+00
-7.075 -1.375 0.0000e+00
-7.075 -1.325 0.0000e+00
-7.075 -1.275 0.0000e+00
-7.075 -1.225 0.0000e+00
-7.075 -1.175 0.0000e+00
-7.075 -1.125 0.0000e+00
-7.075 -1.075 0.0000e+00
-7.075 -1.025 0.0000e+00
-7.075 -0.975 0.0000e+00
-7.075 -0.925 0.0000e+00
-7.075 -0.875 0.0000e+00
-7.075 -0.825 0.0000e+00
-7.075 -0.775 0.0000e+00
-7.075 -0.725 0.0000e+00
-7.075 -0.675 0.0000e+00
-7.075 -0.625 0.0000e+00
-7.075 -0.575 0.0000e+00
-7.075 -0.525 0.0000e+00
-7.075 -0.475 0.0000e+00
-7.075 -0.425 0.0000e+00
-7.075 -0.375 0.0000e+00
-7.075 -0.325 0.0000e+00
-7.075 -0.275 0.0000e+00
-7.075 -0.225 0.0000e+00
-7.075 -0.175 0.0000e+00
-7.075 -0.125 0.0000e+00
-7.075 -0.075 0.0000e+00
-7.075 -0.025 0.0000e+00
-7.075 0.025 0.0000e+00
-7.075 0.075 0.0000e+00
-7.075 0.125 0.0000e+00
-7.075 0.175 0.0000e+00
-7.075 0.225 0.0000e+00
-7.075 0.275 0.0000e+00
-7.075 0.325 0.0000e+00
-7.075 0.375 0.0000e+00
-7.075 0.425 0.0000e+00
-7.075 0.475 0.0000e+00
-7.075 0.525 0.0000e+00
-7.075 0.575 0.0000e+00
-7.075 0.625 0.0000e+00
-7.075 0.675 9.2919e-15
-7.075 0.725 1.8546e-14
-7.075 0.775 3.7017e-14
-7.075 0.825 7.3889e-14
-7.075 0.875 1.4749e-13
-7.075 0.925 2.9444e-13
-7.075 0.975 5.8782e-13
-7.075 1.025 1.1736e-12
-7.075 1.075 2.3433e-12
-7.075 1.125 4.6791e-12
-7.075 1.175 9.3442e-12
-7.075 1.225 1.8662e-11
-7.075 1.275 3.7276e-11
-7.075 1.325 7.4464e-11
-7.075 1.375 1.4877e-10
-7.075 1.425 2.9726e-10
-7.075 1.475 5.9407e-10
-7.075 1.525 1.1874e-09
-7.075 1.575 2.3737e-09
-7.075 1.625 4.7460e-09
-7.075 1.675 9.4908e-09
-7.075 1.725 1.8983e-08
-7.075 1.775 3.7973e-08
-7.075 1.825 7.5974e-08
-7.075 1.875 1.5202e-07
-7.075 1.925 3.0423e-07
-7.075 1.975 6.0883e-07
-7.075 2.025 1.2183e-06
-7.075 2.075 2.4376e-06
-7.075 2.125 4.8755e-06
-7.075 2.175 9.7463e-06
-7.075 2.225 1.9467e-05
-7.075 2.275 3.8835e-05
-7.075 2.325 7.7340e-05
-7.075 2.375 1.5366e-04
-7.075 2.425 3.0433e-04
-7.075 2.475 6.0019e-04
-7.075 2.525 1.1772e-03
-7.075 2.575 2.2924e-03
-7.075 2.625 4.4238e-03
-7.075 2.675 8.4397e-03
-7.075 2.725 1.5875e-02
-7.075 2.775 2.9353e-02
-7.075 2.825 5.3170e-02
-7.075 2.875 9.4034e-02
-7.075 2.925 1.6183e-01
-7.075 2.975 2.7023e-01
-7.075 3.025 4.3675e-01
-7.075 3.075 6.8220e-01
-7.075 3.125 1.0293e+00
-7.075 3.175 1.5007e+00
-7.075 3.225 2.1175e+00
-7.075 3.275 2.8991e+00
-7.075 3.325 3.8660e+00
-7.075 3.375 5.0507e+00
-7.075 3.425 6.5216e+00
-7.075 3.475 8.4315e+00
-7.075 3.525 1.1102e+01
-7.075 3.575 1.5148e+01
-7.075 3.625 2.1616e+01
-7.075 3.675 3.2055e+01
-7.075 3.725 4.8333e+01
-7.075 3.775 7.1803e+01
-7.075 3.825 9.6621e+01
-7.075 3.875 0.0000e+00
-7.075 3.925 0.0000e+00
-7.075 3.975 0.0000e+00
-7.025 -1.975 0.0000e+00
-7.025 -1.925 0.0000e+00
-7.025 -1.875 0.0000e+00
-7.025 -1.825 0.0000e+00
-7.025 -1.775 0.0000e+00
-7.025 -1.725 0.0000e+00
-7.025 -1.675 0.0000e+00
-7.025 -1.625 0.0000e+00
-7.025 -1.575 0.0000e+00
-7.025 -1.525 0.0000e+00
-7.025 -1.475 0.0000e+00
-7.025 -1.425 0.0000e+00
-7.025 -1.375 0.0000e+00
-7.025 -1.325 0.0000e+00
-7.025 -1.275 0.0000e+00
-7.025 -1.225 0.0000e+00
-7.025 -1.175 0.0000e+00
-7.025 -1.125 0.0000e+00
-7.025 -1.075 0.0000e+00
-7.025 -1.025 0.0000e+00
-7.025 -0.975 0.0000e+00
-7.025 -0.925 0.0000e+00
-7.025 -0.875 0.0000e+00
-7.025 -0.825 0.0000e+00
-7.025 -0.775 0.0000e+00
-7.025 -0.725 0.0000e+00
-7.025 -0.675 0.0000e+00
-7.025 -0.625 0.0000e+00
-7.025 -0.575 0.0000e+00
-7.025 -0.525 0.0000e+00
-7.025 -0.475 0.0000e+00
-7.025 -0.425 0.0000e+00
-7.025 -0.375 0.0000e+00
-7.025 -0.325 0.0000e+00
-7.025 -0.275 0.0000e+00
-7.025 -0.225 0.0000e+00
-7.025 -0.175 0.0000e+00
-7.025 -0.125 0.0000e+00
-7.025 -0.075 0.0000e+00
-7.025 -0.025 0.0000e+00
-7.025 0.025 0.0000e+00
-7.025 0.075 0.0000e+00
-7.025 0.125 0.0000e+00
-7.025 0.175 0.0000e+00
-7.025 0.225 0.0000e+00
-7.025 0.275 0.0000e+00
-7.025 0.325 0.0000e+00
-7.025 0.375 0.0000e+00
-7.025 0.425 0.0000e+00
-7.025 0.475 0.0000e+00
-7.025 0.525 0.0000e+00
-7.025 0.575 0.0000e+00
-7.025 0.625 0.0000e+00
-7.025 0.675 1.1698e-14
-7.025 0.725 2.3348e-14
-7.025 0.775 4.6602e-14
-7.025 0.825 9.3021e-14
-7.025 0.875 1.8569e-13
-7.025 0.925 3.7068e-13
-7.025 0.975 7.4002e-13
-7.025 1.025 1.4775e-12
-7.025 1.075 2.9500e-12
-7.025 1.125 5.8907e-12
-7.025 1.175 1.1764e-11
-7.025 1.225 2.3494e-11
-7.025 1.275 4.6928e-11
-7.025 1.325 9.3744e-11
-7.025 1.375 1.8729e-10
-7.025 1.425 3.7423e-10
-7.025 1.475 7.4789e-10
-7.025 1.525 1.4948e-09
-7.025 1.575 2.9883e-09
-7.025 1.625 5.9748e-09
-7.025 1.675 1.1948e-08
-7.025 1.725 2.3898e-08
-7.025 1.775 4.7805e-08
-7.025 1.825 9.5646e-08
-7.025 1.875 1.9139e-07
-7.025 1.925 3.8300e-07
-7.025 1.975 7.6647e-07
-7.025 2.025 1.5338e-06
-7.025 2.075 3.0688e-06
-7.025 2.125 6.1379e-06
-7.025 2.175 1.2270e-05
-7.025 2.225 2.4507e-05
-7.025 2.275 4.8890e-05
-7.025 2.325 9.7365e-05
-7.025 2.375 1.9345e-04
-7.025 2.425 3.8313e-04
-7.025 2.475 7.5560e-04
-7.025 2.525 1.4820e-03
-7.025 2.575 2.8860e-03
-7.025 2.625 5.5692e-03
-7.025 2.675 1.0625e-02
-7.025 2.725 1.9986e-02
-7.025 2.775 3.6953e-02
-7.025 2.825 6.6937e-02
-7.025 2.875 1.1838e-01
-7.025 2.925 2.0374e-01
-7.025 2.975 3.4019e-01
-7.025 3.025 5.4983e-01
-7.025 3.075 8.5884e-01
-7.025 3.125 1.2958e+00
-7.025 3.175 1.8893e+00
-7.025 3.225 2.6658e+00
-7.025 3.275 3.6498e+00
-7.025 3.325 4.8670e+00
-7.025 3.375 6.3585e+00
-7.025 3.425 8.2103e+00
-7.025 3.475 1.0615e+01
-7.025 3.525 1.3977e+01
-7.025 3.575 1.9070e+01
-7.025 3.625 2.7213e+01
-7.025 3.675 4.0354e+01
-7.025 3.725 6.0848e+01
-7.025 3.775 9.0394e+01
-7.025 3.825 1.2164e+02
-7.025 3.875 0.0000e+00
-7.025 3.925 0.0000e+00
-7.025 3.975 0.0000e+00
-6.975 -1.975 0.0000e+00
-6.975 -1.925 0.0000e+00
-6.975 -1.875 0.0000e+00
-6.975 -1.825 0.0000e+00
-6.975 -1.775 0.0000e+00
-6.975 -1.725 0.0000e+00
-6.975 -1.675 0.0000e+00
-6.975 -1.625 0.0000e+00
-6.975 -1.575 0.0000e+00
-6.975 -1.525 0.0000e+00
-6.975 -1.475 0.0000e+00
-6.975 -1.425 0.0000e+00
-6.975 -1.375 0.0000e+00
-6.975 -1.325 0.0000e+00
-6.975 -1.275 0.0000e+00
-6.975 -1.225 0.0000e+00
-6.975 -1.175 0.0000e+00
-6.975 -1.125 0.0000e+00
-6.975 -1.075 0.0000e+00
-6.975 -1.025 0.0000e+00
-6.975 -0.975 0.0000e+00
-6.975 -0.925 0.0000e+00
-6.975 -0.875 0.0000e+00
-6.975 -0.825 0.0000e+00
-6.975 -0.775 0.0000e+00
-6.975 -0.725 0.0000e+00
-6.975 -0.675 0.0000e+00
-6.975 -0.625 0.0000e+00
-6.975 -0.575 0.0000e+00
-6.975 -0.525 0.0000e+00
-6.975 -0.475 0.0000e+00
-6.975 -0.425 0.0000e+00
-6.975 -0.375 0.0000e+00
-6.975 -0.325 0.0000e+00
-6.975 -0.275 0.0000e+00
-6.975 -0.225 0.0000e+00
-6.975 -0.175 0.0000e+00
-6.975 -0.125 0.0000e+00
-6.975 -0.075 0.0000e+00
-6.975 -0.025 0.0000e+00
-6.975 0.025 0.0000e+00
-6.975 0.075 0.0000e+00
-6.975 0.125 0.0000e+00
-6.975 0.175 0.0000e+00
-6.975 0.225 0.0000e+00
-6.975 0.275 0.0000e+00
-6.975 0.325 0.0000e+00
-6.975 0.375 0.0000e+00
-6.975 0.425 0.0000e+00
-6.975 0.475 0.0000e+00
-6.975 0.525 0.0000e+00
-6.975 0.575 0.0000e+00
-6.975 0.625 0.0000e+00
-6.975 0.675 1.4727e-14
-6.975 0.725 2.9393e-14
-6.975 0.775 5.8668e-14
-6.975 0.825 1.1711e-13
-6.975 0.875 2.3376e-13
-6.975 0.925 4.6666e-13
-6.975 0.975 9.3163e-13
-6.975 1.025 1.8600e-12
-6.975 1.075 3.7138e-12
-6.975 1.125 7.4159e-12
-6.975 1.175 1.4810e-11
-6.975 1.225 2.9578e-11
-6.975 1.275 5.9078e-11
-6.975 1.325 1.1802e-10
-6.975 1.375 2.3578e-10
-6.975 1.425 4.7113e-10
-6.975 1.475 9.4153e-10
-6.975 1.525 1.8819e-09
-6.975 1.575 3.7620e-09
-6.975 1.625 7.5219e-09
-6.975 1.675 1.5042e-08
-6.975 1.725 3.0085e-08
-6.975 1.775 6.0183e-08
-6.975 1.825 1.2041e-07
-6.975 1.875 2.4094e-07
-6.975 1.925 4.8217e-07
-6.975 1.975 9.6492e-07
-6.975 2.025 1.9309e-06
-6.975 2.075 3.8634e-06
-6.975 2.125 7.7272e-06
-6.975 2.175 1.5447e-05
-6.975 2.225 3.0853e-05
-6.975 2.275 6.1549e-05
-6.975 2.325 1.2258e-04
-6.975 2.375 2.4354e-04
-6.975 2.425 4.8233e-04
-6.975 2.475 9.5124e-04
-6.975 2.525 1.8657e-03
-6.975 2.575 3.6332e-03
-6.975 2.625 7.0112e-03
-6.975 2.675 1.3376e-02
-6.975 2.725 2.5161e-02
-6.975 2.775 4.6521e-02
-6.975 2.825 8.4268e-02
-6.975 2.875 1.4903e-01
-6.975 2.925 2.5649e-01
-6.975 2.975 4.2828e-01
-6.975 3.025 6.9219e-01
-6.975 3.075 1.0812e+00
-6.975 3.125 1.6313e+00
-6.975 3.175 2.3784e+00
-6.975 3.225 3.3561e+00
-6.975 3.275 4.5948e+00
-6.975 3.325 6.1272e+00
-6.975 3.375 8.0049e+00
-6.975 3.425 1.0336e+01
-6.975 3.475 1.3363e+01
-6.975 3.525 1.7596e+01
-6.975 3.575 2.4008e+01
-6.975 3.625 3.4259e+01
-6.975 3.675 5.0803e+01
-6.975 3.725 7.6603e+01
-6.975 3.775 1.1380e+02
-6.975 3.825 1.5313e+02
-6.975 3.875 0.0000e+00
-6.975 3.925 0.0000e+00
-6.975 3.975 0.0000e+00
-6.925 -1.975 0.0000e+00
-6.925 -1.925 0.0000e+00
-6.925 -1.875 0.0000e+00
-6.925 -1.825 0.0000e+00
-6.925 -1.775 0.0000e+00
-6.925 -1.725 0.0000e+00
-6.925 -1.675 0.0000e+00
-6.925 -1.625 0.0000e+00
-6.925 -1.575 0.0000e+00
-6.925 -1.525 0.0000e+00
-6.925 -1.475 0.0000e+00
-6.925 -1.425 0.0000e+00
-6.925 -1.375 0.0000e+00
-6.925 -1.325 0.0000e+00
-6.925 -1.275 0.0000e+00
-6.925 -1.225 0.0000e+00
-6.925 -1.175 0.0000e+00
-6.925 -1.125 0.0000e+00
-6.925 -1.075 0.0000e+00
-6.925 -1.025 0.0000e+00
-6.925 -0.975 0.0000e+00
-6.925 -0.925 0.0000e+00
-6.925 -0.875 0.0000e+00
-6.925 -0.825 0.0000e+00
-6.925 -0.775 0.0000e+00
-6.925 -0.725 0.0000e+00
-6.925 -0.675 0.0000e+00
-6.925 -0.625 0.0000e+00
-6.925 -0.575 0.0000e+00
-6.925 -0.525 0.0000e+00
-6.925 -0.475 0.0000e+00
-6.925 -0.425 0.0000e+00
-6.925 -0.375 0.0000e+00
-6.925 -0.325 0.0000e+00
-6.925 -0.275 0.0000e+00
-6.925 -0.225 0.0000e+00
-6.925 -0.175 0.0000e+00
-6.925 -0.125 0.0000e+00
-6.925 -0.075 0.0000e+00
-6.925 -0.025 0.0000e+00
-6.925 0.025 0.0000e+00
-6.925 0.075 0.0000e+00
-6.925 0.125 0.0000e+00
-6.925 0.175 0.0000e+00
-6.925 0.225 0.0000e+00
-6.925 0.275 0.0000e+00
-6.925 0.325 0.0000e+00
-6.925 0.375 0.0000e+00
-6.925 0.425 0.0000e+00
-6.925 0.475 0.0000e+00
-6.925 0.525 0.0000e+00
-6.925 0.575 0.0000e+00
-6.925 0.625 0.0000e+00
-6.925 0.675 1.8540e-14
-6.925 0.725 3.7004e-14
-6.925 0.775 7.3859e-14
-6.925 0.825 1.4743e-13
-6.925 0.875 2.9429e-13
-6.925 0.925 5.8749e-13
-6.925 0.975 1.1729e-12
-6.925 1.025 2.3416e-12
-6.925 1.075 4.6755e-12
-6.925 1.125 9.3361e-12
-6.925 1.175 1.8644e-11
-6.925 1.225 3.7236e-11
-6.925 1.275 7.4375e-11
-6.925 1.325 1.4857e-10
-6.925 1.375 2.9683e-10
-6.925 1.425 5.9312e-10
-6.925 1.475 1.1853e-09
-6.925 1.525 2.3692e-09
-6.925 1.575 4.7361e-09
-6.925 1.625 9.4695e-09
-6.925 1.675 1.8937e-08
-6.925 1.725 3.7875e-08
-6.925 1.775 7.5767e-08
-6.925 1.825 1.5159e-07
-6.925 1.875 3.0333e-07
-6.925 1.925 6.0701e-07
-6.925 1.975 1.2148e-06
-6.925 2.025 2.4309e-06
-6.925 2.075 4.8637e-06
-6.925 2.125 9.7280e-06
-6.925 2.175 1.9446e-05
-6.925 2.225 3.8841e-05
-6.925 2.275 7.7486e-05
-6.925 2.325 1.5431e-04
-6.925 2.375 3.0659e-04
-6.925 2.425 6.0722e-04
-6.925 2.475 1.1975e-03
-6.925 2.525 2.3488e-03
-6.925 2.575 4.5740e-03
-6.925 2.625 8.8266e-03
-6.925 2.675 1.6839e-02
-6.925 2.725 3.1675e-02
-6.925 2.775 5.8566e-02
-6.925 2.825 1.0609e-01
-6.925 2.875 1.8762e-01
-6.925 2.925 3.2290e-01
-6.925 2.975 5.3917e-01
-6.925 3.025 8.7142e-01
-6.925 3.075 1.3612e+00
-6.925 3.125 2.0537e+00
-6.925 3.175 2.9943e+00
-6.925 3.225 4.2251e+00
-6.925 3.275 5.7845e+00
-6.925 3.325 7.7137e+00
-6.925 3.375 1.0078e+01
-6.925 3.425 1.3012e+01
-6.925 3.475 1.6823e+01
-6.925 3.525 2.2151e+01
-6.925 3.575 3.0224e+01
-6.925 3.625 4.3130e+01
-6.925 3.675 6.3957e+01
-6.925 3.725 9.6438e+01
-6.925 3.775 1.4326e+02
-6.925 3.825 1.9278e+02
-6.925 3.875 0.0000e+00
-6.925 3.925 0.0000e+00
-6.925 3.975 0.0000e+00
-6.875 -1.975 0.0000e+00
-6.875 -1.925 0.0000e+00
-6.875 -1.875 0.0000e+00
-6.875 -1.825 0.0000e+00
-6.875 -1.775 0.0000e+00
-6.875 -1.725 0.0000e+00
-6.875 -1.675 0.0000e+00
-6.875 -1.625 0.0000e+00
-6.875 -1.575 0.0000e+00
-6.875 -1.525 0.0000e+00
-6.875 -1.475 0.0000e+00
-6.875 -1.425 0.0000e+00
-6.875 -1.375 0.0000e+00
-6.875 -1.325 0.0000e+00
-6.875 -1.275 0.0000e+00
-6.875 -1.225 0.0000e+00
-6.875 -1.175 0.0000e+00
-6.875 -1.125 0.0000e+00
-6.875 -1.075 0.0000e+00
-6.875 -1.025 0.0000e+00
-6.875 -0.975 0.0000e+00
-6.875 -0.925 0.0000e+00
-6.875 -0.875 0.0000e+00
-6.875 -0.825 0.0000e+00
-6.875 -0.775 0.0000e+00
-6.875 -0.725 0.0000e+00
-6.875 -0.675 0.0000e+00
-6.875 -0.625 0.0000e+00
-6.875 -0.575 0.0000e+00
-6.875 -0.525 0.0000e+00
-6.875 -0.475 0.0000e+00
-6.875 -0.425 0.0000e+00
-6.875 -0.375 0.0000e+00
-6.875 -0.325 0.0000e+00
-6.875 -0.275 0.0000e+00
-6.875 -0.225 0.0000e+00
-6.875 -0.175 0.0000e+00
-6.875 -0.125 0.0000e+00
-6.875 -0.075 0.0000e+00
-6.875 -0.025 0.0000e+00
-6.875 0.025 0.0000e+00
-6.875 0.075 0.0000e+00
-6.875 0.125 0.0000e+00
-6.875 0.175 0.0000e+00
-6.875 0.225 0.0000e+00
-6.875 0.275 0.0000e+00
-6.875 0.325 0.0000e+00
-6.875 0.375 0.0000e+00
-6.875 0.425 0.0000e+00
-6.875 0.475 0.0000e+00
-6.875 0.525 0.0000e+00
-6.875 0.575 0.0000e+00
-6.875 0.625 0.0000e+00
-6.875 0.675 2.3340e-14
-6.875 0.725 4.6585e-14
-6.875 0.775 9.2983e-14
-6.875 0.825 1.8560e-13
-6.875 0.875 3.7049e-13
-6.875 0.925 7.3960e-13
-6.875 0.975 1.4765e-12
-6.875 1.025 2.9479e-12
-6.875 1.075 5.8861e-12
-6.875 1.125 1.1753e-11
-6.875 1.175 2.3472e-11
-6.875 1.225 4.6877e-11
-6.875 1.275 9.3633e-11
-6.875 1.325 1.8704e-10
-6.875 1.375 3.7369e-10
-6.875 1.425 7.4670e-10
-6.875 1.475 1.4922e-09
-6.875 1.525 2.9826e-09
-6.875 1.575 5.9624e-09
-6.875 1.625 1.1921e-08
-6.875 1.675 2.3840e-08
-6.875 1.725 4.7682e-08
-6.875 1.775 9.5384e-08
-6.875 1.825 1.9084e-07
-6.875 1.875 3.8187e-07
-6.875 1.925 7.6418e-07
-6.875 1.975 1.5293e-06
-6.875 2.025 3.0603e-06
-6.875 2.075 6.1230e-06
-6.875 2.125 1.2247e-05
-6.875 2.175 2.4482e-05
-6.875 2.225 4.8898e-05
-6.875 2.275 9.7549e-05
-6.875 2.325 1.9427e-04
-6.875 2.375 3.8598e-04
-6.875 2.425 7.6444e-04
-6.875 2.475 1.5076e-03
-6.875 2.525 2.9569e-03
-6.875 2.575 5.7583e-03
-6.875 2.625 1.1112e-02
-6.875 2.675 2.1200e-02
-6.875 2.725 3.9877e-02
-6.875 2.775 7.3730e-02
-6.875 2.825 1.3356e-01
-6.875 2.875 2.3620e-01
-6.875 2.925 4.0651e-01
-6.875 2.975 6.7878e-01
-6.875 3.025 1.0971e+00
-6.875 3.075 1.7136e+00
-6.875 3.125 2.5854e+00
-6.875 3.175 3.7696e+00
-6.875 3.225 5.3190e+00
-6.875 3.275 7.2822e+00
-6.875 3.325 9.7110e+00
-6.875 3.375 1.2687e+01
-6.875 3.425 1.6382e+01
-6.875 3.475 2.1179e+01
-6.875 3.525 2.7887e+01
-6.875 3.575 3.8050e+01
-6.875 3.625 5.4297e+01
-6.875 3.675 8.0518e+01
-6.875 3.725 1.2141e+02
-6.875 3.775 1.8036e+02
-6.875 3.825 2.4270e+02
-6.875 3.875 0.0000e+00
-6.875 3.925 0.0000e+00
-6.875 3.975 0.0000e+00
-6.825 -1.975 0.0000e+00
-6.825 -1.925 0.0000e+00
-6.825 -1.875 0.0000e+00
-6.825 -1.825 0.0000e+00
-6.825 -1.775 0.0000e+00
-6.825 -1.725 0.0000e+00
-6.825 -1.675 0.0000e+00
-6.825 -1.625 0.0000e+00
-6.825 -1.575 0.0000e+00
-6.825 -1.525 0.0000e+00
-6.825 -1.475 0.0000e+00
-6.825 -1.425 0.0000e+00
-6.825 -1.375 0.0000e+00
-6.825 -1.325 0.0000e+00
-6.825 -1.275 0.0000e+00
-6.825 -1.225 0.0000e+00
-6.825 -1.175 0.0000e+00
-6.825 -1.125 0.0000e+00
-6.825 -1.075 0.0000e+00
-6.825 -1.025 0.0000e+00
-6.825 -0.975 0.0000e+00
-6.825 -0.925 0.0000e+00
-6.825 -0.875 0.0000e+00
-6.825 -0.825 0.0000e+00
-6.825 -0.775 0.0000e+00
-6.825 -0.725 0.0000e+00
-6.825 -0.675 0.0000e+00
-6.825 -0.625 0.0000e+00
-6.825 -0.575 0.0000e+00
-6.825 -0.525 0.0000e+00
-6.825 -0.475 0.0000e+00
-6.825 -0.425 0.0000e+00
-6.825 -0.375 0.0000e+00
-6.825 -0.325 0.0000e+00
-6.825 -0.275 0.0000e+00
-6.825 -0.225 0.0000e+00
-6.825 -0.175 0.0000e+00
-6.825 -0.125 0.0000e+00
-6.825 -0.075 0.0000e+00
-6.825 -0.025 0.0000e+00
-6.825 0.025 0.0000e+00
-6.825 0.075 0.0000e+00
-6.825 0.125 0.0000e+00
-6.825 0.175 0.0000e+00
-6.825 0.225 0.0000e+00
-6.825 0.275 0.0000e+00
-6.825 0.325 0.0000e+00
-6.825 0.375 0.0000e+00
-6.825 0.425 0.0000e+00
-6.825 0.475 0.0000e+00
-6.825 0.525 0.0000e+00
-6.825 0.575 0.0000e+00
-6.825 0.625 0.0000e+00
-6.825 0.675 2.9383e-14
-6.825 0.725 5.8647e-14
-6.825 0.775 1.1706e-13
-6.825 0.825 2.3366e-13
-6.825 0.875 4.6642e-13
-6.825 0.925 9.3110e-13
-6.825 0.975 1.8588e-12
-6.825 1.025 3.7112e-12
-6.825 1.075 7.4101e-12
-6.825 1.125 1.4797e-11
-6.825 1.175 2.9549e-11
-6.825 1.225 5.9015e-11
-6.825 1.275 1.1788e-10
-6.825 1.325 2.3548e-10
-6.825 1.375 4.7045e-10
-6.825 1.425 9.4003e-10
-6.825 1.475 1.8786e-09
-6.825 1.525 3.7549e-09
-6.825 1.575 7.5062e-09
-6.825 1.625 1.5008e-08
-6.825 1.675 3.0012e-08
-6.825 1.725 6.0028e-08
-6.825 1.775 1.2008e-07
-6.825 1.825 2.4025e-07
-6.825 1.875 4.8074e-07
-6.825 1.925 9.6205e-07
-6.825 1.975 1.9253e-06
-6.825 2.025 3.8527e-06
-6.825 2.075 7.7084e-06
-6.825 2.125 1.5418e-05
-6.825 2.175 3.0820e-05
-6.825 2.225 6.1559e-05
-6.825 2.275 1.2281e-04
-6.825 2.325 2.4457e-04
-6.825 2.375 4.8592e-04
-6.825 2.425 9.6237e-04
-6.825 2.475 1.8980e-03
-6.825 2.525 3.7226e-03
-6.825 2.575 7.2492e-03
-6.825 2.625 1.3989e-02
-6.825 2.675 2.6689e-02
-6.825 2.725 5.0202e-02
-6.825 2.775 9.2821e-02
-6.825 2.825 1.6814e-01
-6.825 2.875 2.9736e-01
-6.825 2.925 5.1176e-01
-6.825 2.975 8.5453e-01
-6.825 3.025 1.3811e+00
-6.825 3.075 2.1573e+00
-6.825 3.125 3.2549e+00
-6.825 3.175 4.7456e+00
-6.825 3.225 6.6963e+00
-6.825 3.275 9.1678e+00
-6.825 3.325 1.2225e+01
-6.825 3.375 1.5972e+01
-6.825 3.425 2.0623e+01
-6.825 3.475 2.6663e+01
-6.825 3.525 3.5108e+01
-6.825 3.575 4.7902e+01
-6.825 3.625 6.8356e+01
-6.825 3.675 1.0137e+02
-6.825 3.725 1.5284e+02
-6.825 3.775 2.2706e+02
-6.825 3.825 3.0554e+02
-6.825 3.875 0.0000e+00
-6.825 3.925 0.0000e+00
-6.825 3.975 0.0000e+00
-6.775 -1.975 0.0000e+00
-6.775 -1.925 0.0000e+00
-6.775 -1.875 0.0000e+00
-6.775 -1.825 0.0000e+00
-6.775 -1.775 0.0000e+00
-6.775 -1.725 0.0000e+00
-6.775 -1.675 0.0000e+00
-6.775 -1.625 0.0000e+00
-6.775 -1.575 0.0000e+00
-6.775 -1.525 0.0000e+00
-6.775 -1.475 0.0000e+00
-6.775 -1.425 0.0000e+00
-6.775 -1.375 0.0000e+00
-6.775 -1.325 0.0000e+00
-6.775 -1.275 0.0000e+00
-6.775 -1.225 0.0000e+00
-6.775 -1.175 0.0000e+00
-6.775 -1.125 0.0000e+00
-6.775 -1.075 0.0000e+00
-6.775 -1.025 0.0000e+00
-6.775 -0.975 0.0000e+00
-6.775 -0.925 0.0000e+00
-6.775 -0.875 0.0000e+00
-6.775 -0.825 0.0000e+00
-6.775 -0.775 0.0000e+00
-6.775 -0.725 0.0000e+00
-6.775 -0.675 0.0000e+00
-6.775 -0.625 0.0000e+00
-6.775 -0.575 0.0000e+00
-6.775 -0.525 0.0000e+00
-6.775 -0.475 0.0000e+00
-6.775 -0.425 0.0000e+00
-6.775 -0.375 0.0000e+00
-6.775 -0.325 0.0000e+00
-6.775 -0.275 0.0000e+00
-6.775 -0.225 0.0000e+00
-6.775 -0.175 0.0000e+00
-6.775 -0.125 0.0000e+00
-6.775 -0.075 0.0000e+00
-6.775 -0.025 0.0000e+00
-6.775 0.025 0.0000e+00
-6.775 0.075 0.0000e+00
-6.775 0.125 0.0000e+00
-6.775 0.175 0.0000e+00
-6.775 0.225 0.0000e+00
-6.775 0.275 0.0000e+00
-6.775 0.325 0.0000e+00
-6.775 0.375 0.0000e+00
-6.775 0.425 0.0000e+00
-6.775 0.475 0.0000e+00
-6.775 0.525 0.0000e+00
-6.775 0.575 0.0000e+00
-6.775 0.625 0.0000e+00
-6.775 0.675 3.6992e-14
-6.775 0.725 7.3832e-14
-6.775 0.775 1.4737e-13
-6.775 0.825 2.9416e-13
-6.775 0.875 5.8719e-13
-6.775 0.925 1.1722e-12
-6.775 0.975 2.3402e-12
-6.775 1.025 4.6722e-12
-6.775 1.075 9.3288e-12
-6.775 1.125 1.8628e-11
-6.775 1.175 3.7200e-11
-6.775 1.225 7.4296e-11
-6.775 1.275 1.4840e-10
-6.775 1.325 2.9645e-10
-6.775 1.375 5.9226e-10
-6.775 1.425 1.1834e-09
-6.775 1.475 2.3650e-09
-6.775 1.525 4.7271e-09
-6.775 1.575 9.4498e-09
-6.775 1.625 1.8894e-08
-6.775 1.675 3.7783e-08
-6.775 1.725 7.5571e-08
-6.775 1.775 1.5117e-07
-6.775 1.825 3.0246e-07
-6.775 1.875 6.0522e-07
-6.775 1.925 1.2111e-06
-6.775 1.975 2.4238e-06
-6.775 2.025 4.8503e-06
-6.775 2.075 9.7043e-06
-6.775 2.125 1.9410e-05
-6.775 2.175 3.8801e-05
-6.775 2.225 7.7499e-05
-6.775 2.275 1.5460e-04
-6.775 2.325 3.0790e-04
-6.775 2.375 6.1174e-04
-6.775 2.425 1.2116e-03
-6.775 2.475 2.3894e-03
-6.775 2.525 4.6864e-03
-6.775 2.575 9.1262e-03
-6.775 2.625 1.7611e-02
-6.775 2.675 3.3599e-02
-6.775 2.725 6.3201e-02
-6.775 2.775 1.1685e-01
-6.775 2.825 2.1167e-01
-6.775 2.875 3.7436e-01
-6.775 2.925 6.4427e-01
-6.775 2.975 1.0758e+00
-6.775 3.025 1.7387e+00
-6.775 3.075 2.7159e+00
-6.775 3.125 4.0976e+00
-6.775 3.175 5.9744e+00
-6.775 3.225 8.4301e+00
-6.775 3.275 1.1542e+01
-6.775 3.325 1.5391e+01
-6.775 3.375 2.0107e+01
-6.775 3.425 2.5963e+01
-6.775 3.475 3.3567e+01
-6.775 3.525 4.4198e+01
-6.775 3.575 6.0305e+01
-6.775 3.625 8.6055e+01
-6.775 3.675 1.2761e+02
-6.775 3.725 1.9242e+02
-6.775 3.775 2.8585e+02
-6.775 3.825 3.8466e+02
-6.775 3.875 0.0000e+00
-6.775 3.925 0.0000e+00
-6.775 3.975 0.0000e+00
-6.725 -1.975 0.0000e+00
-6.725 -1.925 0.0000e+00
-6.725 -1.875 0.0000e+00
-6.725 -1.825 0.0000e+00
-6.725 -1.775 0.0000e+00
-6.725 -1.725 0.0000e+00
-6.725 -1.675 0.0000e+00
-6.725 -1.625 0.0000e+00
-6.725 -1.575 0.0000e+00
-6.725 -1.525 0.0000e+00
-6.725 -1.475 0.0000e+00
-6.725 -1.425 0.0000e+00
-6.725 -1.375 0.0000e+00
-6.725 -1.325 0.0000e+00
-6.725 -1.275 0.0000e+00
-6.725 -1.225 0.0000e+00
-6.725 -1.175 0.0000e+00
-6.725 -1.125 0.0000e+00
-6.725 -1.075 0.0000e+00
-6.725 -1.025 0.0000e+00
-6.725 -0.975 0.0000e+00
-6.725 -0.925 0.0000e+00
-6.725 -0.875 0.0000e+00
-6.725 -0.825 0.0000e+00
-6.725 -0.775 0.0000e+00
-6.725 -0.725 0.0000e+00
-6.725 -0.675 0.0000e+00
-6.725 -0.625 0.0000e+00
-6.725 -0.575 0.0000e+00
-6.725 -0.525 0.0000e+00
-6.725 -0.475 0.0000e+00
-6.725 -0.425 0.0000e+00
-6.725 -0.375 0.0000e+00
-6.725 -0.325 0.0000e+00
-6.725 -0.275 0.0000e+00
-6.725 -0.225 0.0000e+00
-6.725 -0.175 0.0000e+00
-6.725 -0.125 0.0000e+00
-6.725 -0.075 0.0000e+00
-6.725 -0.025 0.0000e+00
-6.725 0.025 0.0000e+00
-6.725 0.075 0.0000e+00
-6.725 0.125 0.0000e+00
-6.725 0.175 0.0000e+00
-6.725 0.225 0.0000e+00
-6.725 0.275 0.0000e+00
-6.725 0.325 0.0000e+00
-6.725 0.375 0.0000e+00
-6.725 0.425 0.0000e+00
-6.725 0.475 0.0000e+00
-6.725 0.525 0.0000e+00
-6.725 0.575 0.0000e+00
-6.725 0.625 0.0000e+00
-6.725 0.675 4.6570e-14
-6.725 0.725 9.2949e-14
-6.725 0.775 1.8553e-13
-6.725 0.825 3.7032e-13
-6.725 0.875 7.3923e-13
-6.725 0.925 1.4757e-12
-6.725 0.975 2.9461e-12
-6.725 1.025 5.8819e-12
-6.725 1.075 1.1744e-11
-6.725 1.125 2.3451e-11
-6.725 1.175 4.6832e-11
-6.725 1.225 9.3533e-11
-6.725 1.275 1.8682e-10
-6.725 1.325 3.7320e-10
-6.725 1.375 7.4562e-10
-6.725 1.425 1.4899e-09
-6.725 1.475 2.9774e-09
-6.725 1.525 5.9511e-09
-6.725 1.575 1.1897e-08
-6.725 1.625 2.3786e-08
-6.725 1.675 4.7567e-08
-6.725 1.725 9.5138e-08
-6.725 1.775 1.9032e-07
-6.725 1.825 3.8077e-07
-6.725 1.875 7.6193e-07
-6.725 1.925 1.5247e-06
-6.725 1.975 3.0514e-06
-6.725 2.025 6.1061e-06
-6.725 2.075 1.2217e-05
-6.725 2.125 2.4436e-05
-6.725 2.175 4.8847e-05
-6.725 2.225 9.7565e-05
-6.725 2.275 1.9463e-04
-6.725 2.325 3.8762e-04
-6.725 2.375 7.7013e-04
-6.725 2.425 1.5253e-03
-6.725 2.475 3.0081e-03
-6.725 2.525 5.8999e-03
-6.725 2.575 1.1489e-02
-6.725 2.625 2.2171e-02
-6.725 2.675 4.2299e-02
-6.725 2.725 7.9565e-02
-6.725 2.775 1.4711e-01
-6.725 2.825 2.6648e-01
-6.725 2.875 4.7129e-01
-6.725 2.925 8.1109e-01
-6.725 2.975 1.3543e+00
-6.725 3.025 2.1889e+00
-6.725 3.075 3.4191e+00
-6.725 3.125 5.1586e+00
-6.725 3.175 7.5213e+00
-6.725 3.225 1.0613e+01
-6.725 3.275 1.4530e+01
-6.725 3.325 1.9376e+01
-6.725 3.375 2.5314e+01
-6.725 3.425 3.2686e+01
-6.725 3.475 4.2258e+01
-6.725 3.525 5.5642e+01
-6.725 3.575 7.5919e+01
-6.725 3.625 1.0834e+02
-6.725 3.675 1.6065e+02
-6.725 3.725 2.4224e+02
-6.725 3.775 3.5986e+02
-6.725 3.825 4.8425e+02
-6.725 3.875 0.0000e+00
-6.725 3.925 0.0000e+00
-6.725 3.975 0.0000e+00
-6.675 -1.975 0.0000e+00
-6.675 -1.925 0.0000e+00
-6.675 -1.875 0.0000e+00
-6.675 -1.825 0.0000e+00
-6.675 -1.775 0.0000e+00
-6.675 -1.725 0.0000e+00
-6.675 -1.675 0.0000e+00
-6.675 -1.625 0.0000e+00
-6.675 -1.575 0.0000e+00
-6.675 -1.525 0.0000e+00
-6.675 -1.475 0.0000e+00
-6.675 -1.425 0.0000e+00
-6.675 -1.375 0.0000e+00
-6.675 -1.325 0.0000e+00
-6.675 -1.275 0.0000e+00
-6.675 -1.225 0.0000e+00
-6.675 -1.175 0.0000e+00
-6.675 -1.125 0.0000e+00
-6.675 -1.075 0.0000e+00
-6.675 -1.025 0.0000e+00
-6.675 -0.975 0.0000e+00
-6.675 -0.925 0.0000e+00
-6.675 -0.875 0.0000e+00
-6.675 -0.825 0.0000e+00
-6.675 -0.775 0.0000e+00
-6.675 -0.725 0.0000e+00
-6.675 -0.675 0.0000e+00
-6.675 -0.625 0.0000e+00
-6.675 -0.575 0.0000e+00
-6.675 -0.525 0.0000e+00
-6.675 -0.475 0.0000e+00
-6.675 -0.425 0.0000e+00
-6.675 -0.375 0.0000e+00
-6.675 -0.325 0.0000e+00
-6.675 -0.275 0.0000e+00
-6.675 -0.225 0.0000e+00
-6.675 -0.175 0.0000e+00
-6.675 -0.125 0.0000e+00
-6.675 -0.075 0.0000e+00
-6.675 -0.025 0.0000e+00
-6.675 0.025 0.0000e+00
-6.675 0.075 0.0000e+00
-6.675 0.125 0.0000e+00
-6.675 0.175 0.0000e+00
-6.675 0.225 0.0000e+00
-6.675 0.275 0.0000e+00
-6.675 0.325 0.0000e+00
-6.675 0.375 0.0000e+00
-6.675 0.425 0.0000e+00
-6.675 0.475 0.0000e+00
-6.675 0.525 0.0000e+00
-6.675 0.575 0.0000e+00
-6.675 0.625 0.0000e+00
-6.675 0.675 5.8628e-14
-6.675 0.725 1.1702e-13
-6.675 0.775 2.3356e-13
-6.675 0.825 4.6621e-13
-6.675 0.875 9.3063e-13
-6.675 0.925 1.8578e-12
-6.675 0.975 3.7089e-12
-6.675 1.025 7.4049e-12
-6.675 1.075 1.4785e-11
-6.675 1.125 2.9523e-11
-6.675 1.175 5.8958e-11
-6.675 1.225 1.1775e-10
-6.675 1.275 2.3520e-10
-6.675 1.325 4.6983e-10
-6.675 1.375 9.3867e-10
-6.675 1.425 1.8756e-09
-6.675 1.475 3.7483e-09
-6.675 1.525 7.4919e-09
-6.675 1.575 1.4977e-08
-6.675 1.625 2.9945e-08
-6.675 1.675 5.9883e-08
-6.675 1.725 1.1977e-07
-6.675 1.775 2.3959e-07
-6.675 1.825 4.7937e-07
-6.675 1.875 9.5921e-07
-6.675 1.925 1.9195e-06
-6.675 1.975 3.8414e-06
-6.675 2.025 7.6872e-06
-6.675 2.075 1.5380e-05
-6.675 2.125 3.0763e-05
-6.675 2.175 6.1495e-05
-6.675 2.225 1.2283e-04
-6.675 2.275 2.4503e-04
-6.675 2.325 4.8798e-04
-6.675 2.375 9.6953e-04
-6.675 2.425 1.9202e-03
-6.675 2.475 3.7870e-03
-6.675 2.525 7.4275e-03
-6.675 2.575 1.4464e-02
-6.675 2.625 2.7912e-02
-6.675 2.675 5.3251e-02
-6.675 2.725 1.0017e-01
-6.675 2.775 1.8520e-01
-6.675 2.825 3.3548e-01
-6.675 2.875 5.9331e-01
-6.675 2.925 1.0211e+00
-6.675 2.975 1.7050e+00
-6.675 3.025 2.7557e+00
-6.675 3.075 4.3044e+00
-6.675 3.125 6.4943e+00
-6.675 3.175 9.4687e+00
-6.675 3.225 1.3361e+01
-6.675 3.275 1.8292e+01
-6.675 3.325 2.4393e+01
-6.675 3.375 3.1868e+01
-6.675 3.425 4.1149e+01
-6.675 3.475 5.3199e+01
-6.675 3.525 7.0049e+01
-6.675 3.575 9.5577e+01
-6.675 3.625 1.3639e+02
-6.675 3.675 2.0225e+02
-6.675 3.725 3.0496e+02
-6.675 3.775 4.5304e+02
-6.675 3.825 6.0964e+02
-6.675 3.875 0.0000e+00
-6.675 3.925 0.0000e+00
-6.675 3.975 0.0000e+00
-6.625 -1.975 0.0000e+00
-6.625 -1.925 0.0000e+00
-6.625 -1.875 0.0000e+00
-6.625 -1.825 0.0000e+00
-6.625 -1.775 0.0000e+00
-6.625 -1.725 0.0000e+00
-6.625 -1.675 0.0000e+00
-6.625 -1.625 0.0000e+00
-6.625 -1.575 0.0000e+00
-6.625 -1.525 0.0000e+00
-6.625 -1.475 0.0000e+00
-6.625 -1.425 0.0000e+00
-6.625 -1.375 0.0000e+00
-6.625 -1.325 0.0000e+00
-6.625 -1.275 0.0000e+00
-6.625 -1.225 0.0000e+00
-6.625 -1.175 0.0000e+00
-6.625 -1.125 0.0000e+00
-6.625 -1.075 0.0000e+00
-6.625 -1.025 0.0000e+00
-6.625 -0.975 0.0000e+00
-6.625 -0.925 0.0000e+00
-6.625 -0.875 0.0000e+00
-6.625 -0.825 0.0000e+00
-6.625 -0.775 0.0000e+00
-6.625 -0.725 0.0000e+00
-6.625 -0.675 0.0000e+00
-6.625 -0.625 0.0000e+00
-6.625 -0.575 0.0000e+00
-6.625 -0.525 0.0000e+00
-6.625 -0.475 0.0000e+00
-6.625 -0.425 0.0000e+00
-6.625 -0.375 0.0000e+00
-6.625 -0.325 0.0000e+00
-6.625 -0.275 0.0000e+00
-6.625 -0.225 0.0000e+00
-6.625 -0.175 0.0000e+00
-6.625 -0.125 0.0000e+00
-6.625 -0.075 0.0000e+00
-6.625 -0.025 0.0000e+00
-6.625 0.025 0.0000e+00
-6.625 0.075 0.0000e+00
-6.625 0.125 0.0000e+00
-6.625 0.175 0.0000e+00
-6.625 0.225 0.0000e+00
-6.625 0.275 0.0000e+00
-6.625 0.325 0.0000e+00
-6.625 0.375 0.0000e+00
-6.625 0.425 0.0000e+00
-6.625 0.475 0.0000e+00
-6.625 0.525 0.0000e+00
-6.625 0.575 0.0000e+00
-6.625 0.625 0.0000e+00
-6.625 0.675 7.3808e-14
-6.625 0.725 1.4731e-13
-6.625 0.775 2.9404e-13
-6.625 0.825 5.8692e-13
-6.625 0.875 1.1716e-12
-6.625 0.925 2.3388e-12
-6.625 0.975 4.6692e-12
-6.625 1.025 9.3222e-12
-6.625 1.075 1.8613e-11
-6.625 1.125 3.7168e-11
-6.625 1.175 7.4224e-11
-6.625 1.225 1.4824e-10
-6.625 1.275 2.9609e-10
-6.625 1.325 5.9149e-10
-6.625 1.375 1.1817e-09
-6.625 1.425 2.3613e-09
-6.625 1.475 4.7188e-09
-6.625 1.525 9.4318e-09
-6.625 1.575 1.8855e-08
-6.625 1.625 3.7699e-08
-6.625 1.675 7.5388e-08
-6.625 1.725 1.5078e-07
-6.625 1.775 3.0163e-07
-6.625 1.825 6.0349e-07
-6.625 1.875 1.2076e-06
-6.625 1.925 2.4166e-06
-6.625 1.975 4.8361e-06
-6.625 2.025 9.6776e-06
-6.625 2.075 1.9363e-05
-6.625 2.125 3.8728e-05
-6.625 2.175 7.7418e-05
-6.625 2.225 1.5463e-04
-6.625 2.275 3.0848e-04
-6.625 2.325 6.1433e-04
-6.625 2.375 1.2206e-03
-6.625 2.425 2.4174e-03
-6.625 2.475 4.7675e-03
-6.625 2.525 9.3506e-03
-6.625 2.575 1.8209e-02
-6.625 2.625 3.5139e-02
-6.625 2.675 6.7039e-02
-6.625 2.725 1.2610e-01
-6.625 2.775 2.3316e-01
-6.625 2.825 4.2234e-01
-6.625 2.875 7.4694e-01
-6.625 2.925 1.2855e+00
-6.625 2.975 2.1465e+00
-6.625 3.025 3.4692e+00
-6.625 3.075 5.4189e+00
-6.625 3.125 8.1758e+00
-6.625 3.175 1.1920e+01
-6.625 3.225 1.6820e+01
-6.625 3.275 2.3028e+01
-6.625 3.325 3.0709e+01
-6.625 3.375 4.0119e+01
-6.625 3.425 5.1803e+01
-6.625 3.475 6.6974e+01
-6.625 3.525 8.8187e+01
-6.625 3.575 1.2032e+02
-6.625 3.625 1.7170e+02
-6.625 3.675 2.5462e+02
-6.625 3.725 3.8393e+02
-6.625 3.775 5.7035e+02
-6.625 3.825 7.6749e+02
-6.625 3.875 0.0000e+00
-6.625 3.925 0.0000e+00
-6.625 3.975 0.0000e+00
-6.575 -1.975 0.0000e+00
-6.575 -1.925 0.0000e+00
-6.575 -1.875 0.0000e+00
-6.575 -1.825 0.0000e+00
-6.575 -1.775 0.0000e+00
-6.575 -1.725 0.0000e+00
-6.575 -1.675 0.0000e+00
-6.575 -1.625 0.0000e+00
-6.575 -1.575 0.0000e+00
-6.575 -1.525 0.0000e+00
-6.575 -1.475 0.0000e+00
-6.575 -1.425 0.0000e+00
-6.575 -1.375 0.0000e+00
-6.575 -1.325 0.0000e+00
-6.575 -1.275 0.0000e+00
-6.575 -1.225 0.0000e+00
-6.575 -1.175 0.0000e+00
-6.575 -1.125 0.0000e+00
-6.575 -1.075 0.0000e+00
-6.575 -1.025 0.0000e+00
-6.575 -0.975 0.0000e+00
-6.575 -0.925 0.0000e+00
-6.575 -0.875 0.0000e+00
-6.575 -0.825 0.0000e+00
-6.575 -0.775 0.0000e+00
-6.575 -0.725 0.0000e+00
-6.575 -0.675 0.0000e+00
-6.575 -0.625 0.0000e+00
-6.575 -0.575 0.0000e+00
-6.575 -0.525 0.0000e+00
-6.575 -0.475 0.0000e+00
-6.575 -0.425 0.0000e+00
-6.575 -0.375 0.0000e+00
-6.575 -0.325 0.0000e+00
-6.575 -0.275 0.0000e+00
-6.575 -0.225 0.0000e+00
-6.575 -0.175 0.0000e+00
-6.575 -0.125 0.0000e+00
-6.575 -0.075 0.0000e+00
-6.575 -0.025 0.0000e+00
-6.575 0.025 0.0000e+00
-6.575 0.075 0.0000e+00
-6.575 0.125 0.0000e+00
-6.575 0.175 0.0000e+00
-6.575 0.225 0.0000e+00
-6.575 0.275 0.0000e+00
-6.575 0.325 0.0000e+00
-6.575 0.375 0.0000e+00
-6.575 0.425 0.0000e+00
-6.575 0.475 0.0000e+00
-6.575 0.525 0.0000e+00
-6.575 0.575 0.0000e+00
-6.575 0.625 0.0000e+00
-6.575 0.675 9.2919e-14
-6.575 0.725 1.8546e-13
-6.575 0.775 3.7017e-13
-6.575 0.825 7.3889e-13
-6.575 0.875 1.4749e-12
-6.575 0.925 2.9444e-12
-6.575 0.975 5.8782e-12
-6.575 1.025 1.1736e-11
-6.575 1.075 2.3433e-11
-6.575 1.125 4.6791e-11
-6.575 1.175 9.3442e-11
-6.575 1.225 1.8662e-10
-6.575 1.275 3.7276e-10
-6.575 1.325 7.4464e-10
-6.575 1.375 1.4877e-09
-6.575 1.425 2.9726e-09
-6.575 1.475 5.9407e-09
-6.575 1.525 1.1874e-08
-6.575 1.575 2.3737e-08
-6.575 1.625 4.7460e-08
-6.575 1.675 9.4908e-08
-6.575 1.725 1.8983e-07
-6.575 1.775 3.7973e-07
-6.575 1.825 7.5974e-07
-6.575 1.875 1.5202e-06
-6.575 1.925 3.0423e-06
-6.575 1.975 6.0883e-06
-6.575 2.025 1.2183e-05
-6.575 2.075 2.4376e-05
-6.575 2.125 4.8755e-05
-6.575 2.175 9.7463e-05
-6.575 2.225 1.9467e-04
-6.575 2.275 3.8835e-04
-6.575 2.325 7.7340e-04
-6.575 2.375 1.5366e-03
-6.575 2.425 3.0433e-03
-6.575 2.475 6.0019e-03
-6.575 2.525 1.1772e-02
-6.575 2.575 2.2924e-02
-6.575 2.625 4.4238e-02
-6.575 2.675 8.4397e-02
-6.575 2.725 1.5875e-01
-6.575 2.775 2.9353e-01
-6.575 2.825 5.3170e-01
-6.575 2.875 9.4034e-01
-6.575 2.925 1.6183e+00
-6.575 2.975 2.7023e+00
-6.575 3.025 4.3675e+00
-6.575 3.075 6.8220e+00
-6.575 3.125 1.0293e+01
-6.575 3.175 1.5007e+01
-6.575 3.225 2.1175e+01
-6.575 3.275 2.8991e+01
-6.575 3.325 3.8660e+01
-6.575 3.375 5.0507e+01
-6.575 3.425 6.5217e+01
-6.575 3.475 8.4316e+01
-6.575 3.525 1.1102e+02
-6.575 3.575 1.5148e+02
-6.575 3.625 2.1616e+02
-6.575 3.675 3.2055e+02
-6.575 3.725 4.8333e+02
-6.575 3.775 7.1802e+02
-6.575 3.825 9.6621e+02
-6.575 3.875 0.0000e+00
-6.575 3.925 0.0000e+00
-6.575 3.975 0.0000e+00
-6.525 -1.975 0.0000e+00
-6.525 -1.925 0.0000e+00
-6.525 -1.875 0.0000e+00
-6.525 -1.825 0.0000e+00
-6.525 -1.775 0.0000e+00
-6.525 -1.725 0.0000e+00
-6.525 -1.675 0.0000e+00
-6.525 -1.625 0.0000e+00
-6.525 -1.575 0.0000e+00
-6.525 -1.525 0.0000e+00
-6.525 -1.475 0.0000e+00
-6.525 -1.425 0.0000e+00
-6.525 -1.375 0.0000e+00
-6.525 -1.325 0.0000e+00
-6.525 -1.275 0.0000e+00
-6.525 -1.225 0.0000e+00
-6.525 -1.175 0.0000e+00
-6.525 -1.125 0.0000e+00
-6.525 -1.075 0.0000e+00
-6.525 -1.025 0.0000e+00
-6.525 -0.975 0.0000e+00
-6.525 -0.925 0.0000e+00
-6.525 -0.875 0.0000e+00
-6.525 -0.825 0.0000e+00
-6.525 -0.775 0.0000e+00
-6.525 -0.725 0.0000e+00
-6.525 -0.675 0.0000e+00
-6.525 -0.625 0.0000e+00
-6.525 -0.575 0.0000e+00
-6.525 -0.525 0.0000e+00
-6.525 -0.475 0.0000e+00
-6.525 -0.425 0.0000e+00
-6.525 -0.375 0.0000e+00
-6.525 -0.325 0.0000e+00
-6.525 -0.275 0.0000e+00
-6.525 -0.225 0.0000e+00
-6.525 -0.175 0.0000e+00
-6.525 -0.125 0.0000e+00
-6.525 -0.075 0.0000e+00
-6.525 -0.025 0.0000e+00
-6.525 0.025 0.0000e+00
-6.525 0.075 0.0000e+00
-6.525 0.125 0.0000e+00
-6.525 0.175 0.0000e+00
-6.525 0.225 0.0000e+00
-6.525 0.275 0.0000e+00
-6.525 0.325 0.0000e+00
-6.525 0.375 0.0000e+00
-6.525 0.425 0.0000e+00
-6.525 0.475 0.0000e+00
-6.525 0.525 0.0000e+00
-6.525 0.575 0.0000e+00
-6.525 0.625 0.0000e+00
-6.525 0.675 1.1698e-13
-6.525 0.725 2.3348e-13
-6.525 0.775 4.6602e-13
-6.525 0.825 9.3021e-13
-6.525 0.875 1.8569e-12
-6.525 0.925 3.7068e-12
-6.525 0.975 7.4002e-12
-6.525 1.025 1.4775e-11
-6.525 1.075 2.9500e-11
-6.525 1.125 5.8907e-11
-6.525 1.175 1.1764e-10
-6.525 1.225 2.3494e-10
-6.525 1.275 4.6928e-10
-6.525 1.325 9.3744e-10
-6.525 1.375 1.8729e-09
-6.525 1.425 3.7423e-09
-6.525 1.475 7.4789e-09
-6.525 1.525 1.4948e-08
-6.525 1.575 2.9883e-08
-6.525 1.625 5.9748e-08
-6.525 1.675 1.1948e-07
-6.525 1.725 2.3898e-07
-6.525 1.775 4.7805e-07
-6.525 1.825 9.5646e-07
-6.525 1.875 1.9139e-06
-6.525 1.925 3.8300e-06
-6.525 1.975 7.6647e-06
-6.525 2.025 1.5338e-05
-6.525 2.075 3.0688e-05
-6.525 2.125 6.1379e-05
-6.525 2.175 1.2270e-04
-6.525 2.225 2.4507e-04
-6.525 2.275 4.8890e-04
-6.525 2.325 9.7365e-04
-6.525 2.375 1.9345e-03
-6.525 2.425 3.8313e-03
-6.525 2.475 7.5560e-03
-6.525 2.525 1.4820e-02
-6.525 2.575 2.8860e-02
-6.525 2.625 5.5692e-02
-6.525 2.675 1.0625e-01
-6.525 2.725 1.9986e-01
-6.525 2.775 3.6953e-01
-6.525 2.825 6.6937e-01
-6.525 2.875 1.1838e+00
-6.525 2.925 2.0374e+00
-6.525 2.975 3.4019e+00
-6.525 3.025 5.4983e+00
-6.525 3.075 8.5884e+00
-6.525 3.125 1.2958e+01
-6.525 3.175 1.8893e+01
-6.525 3.225 2.6658e+01
-6.525 3.275 3.6498e+01
-6.525 3.325 4.8670e+01
-6.525 3.375 6.3585e+01
-6.525 3.425 8.2103e+01
-6.525 3.475 1.0615e+02
-6.525 3.525 1.3977e+02
-6.525 3.575 1.9070e+02
-6.525 3.625 2.7213e+02
-6.525 3.675 4.0354e+02
-6.525 3.725 6.0848e+02
-6.525 3.775 9.0394e+02
-6.525 3.825 1.2164e+03
-6.525 3.875 0.0000e+00
-6.525 3.925 0.0000e+00
-6.525 3.975 0.0000e+00
-6.475 -1.975 0.0000e+00
-6.475 -1.925 0.0000e+00
-6.475 -1.875 0.0000e+00
-6.475 -1.825 0.0000e+00
-6.475 -1.775 0.0000e+00
-6.475 -1.725 0.0000e+00
-6.475 -1.675 0.0000e+00
-6.475 -1.625 0.0000e+00
-6.475 -1.575 0.0000e+00
-6.475 -1.525 0.0000e+00
-6.475 -1.475 0.0000e+00
-6.475 -1.425 0.0000e+00
-6.475 -1.375 0.0000e+00
-6.475 -1.325 0.0000e+00
-6.475 -1.275 0.0000e+00
-6.475 -1.225 0.0000e+00
-6.475 -1.175 0.0000e+00
-6.475 -1.125 0.0000e+00
-6.475 -1.075 0.0000e+00
-6.475 -1.025 0.0000e+00
-6.475 -0.975 0.0000e+00
-6.475 -0.925 0.0000e+00
-6.475 -0.875 0.0000e+00
-6.475 -0.825 0.0000e+00
-6.475 -0.775 0.0000e+00
-6.475 -0.725 0.0000e+00
-6.475 -0.675 0.0000e+00
-6.475 -0.625 0.0000e+00
-6.475 -0.575 0.0000e+00
-6.475 -0.525 0.0000e+00
-6.475 -0.475 0.0000e+00
-6.475 -0.425 0.0000e+00
-6.475 -0.375 0.0000e+00
-6.475 -0.325 0.0000e+00
-6.475 -0.275 0.0000e+00
-6.475 -0.225 0.0000e+00
-6.475 -0.175 0.0000e+00
-6.475 -0.125 0.0000e+00
-6.475 -0.075 0.0000e+00
-6.475 -0.025 0.0000e+00
-6.475 0.025 0.0000e+00
-6.475 0.075 0.0000e+00
-6.475 0.125 0.0000e+00
-6.475 0.175 0.0000e+00
-6.475 0.225 0.0000e+00
-6.475 0.275 0.0000e+00
-6.475 0.325 0.0000e+00
-6.475 0.375 0.0000e+00
-6.475 0.425 0.0000e+00
-6.475 0.475 0.0000e+00
-6.475 0.525 0.0000e+00
-6.475 0.575 0.0000e+00
-6.475 0.625 0.0000e+00
-6.475 0.675 1.4727e-13
-6.475 0.725 2.9393e-13
-6.475 0.775 5.8668e-13
-6.475 0.825 1.1711e-12
-6.475 0.875 2.3376e-12
-6.475 0.925 4.6666e-12
-6.475 0.975 9.3163e-12
-6.475 1.025 1.8600e-11
-6.475 1.075 3.7138e-11
-6.475 1.125 7.4159e-11
-6.475 1.175 1.4810e-10
-6.475 1.225 2.9578e-10
-6.475 1.275 5.9078e-10
-6.475 1.325 1.1802e-09
-6.475 1.375 2.3578e-09
-6.475 1.425 4.7113e-09
-6.475 1.475 9.4153e-09
-6.475 1.525 1.8819e-08
-6.475 1.575 3.7620e-08
-6.475 1.625 7.5219e-08
-6.475 1.675 1.5042e-07
-6.475 1.725 3.0085e-07
-6.475 1.775 6.0183e-07
-6.475 1.825 1.2041e-06
-6.475 1.875 2.4094e-06
-6.475 1.925 4.8217e-06
-6.475 1.975 9.6492e-06
-6.475 2.025 1.9309e-05
-6.475 2.075 3.8634e-05
-6.475 2.125 7.7272e-05
-6.475 2.175 1.5447e-04
-6.475 2.225 3.0853e-04
-6.475 2.275 6.1549e-04
-6.475 2.325 1.2258e-03
-6.475 2.375 2.4354e-03
-6.475 2.425 4.8233e-03
-6.475 2.475 9.5124e-03
-6.475 2.525 1.8657e-02
-6.475 2.575 3.6332e-02
-6.475 2.625 7.0112e-02
-6.475 2.675 1.3376e-01
-6.475 2.725 2.5161e-01
-6.475 2.775 4.6521e-01
-6.475 2.825 8.4268e-01
-6.475 2.875 1.4903e+00
-6.475 2.925 2.5649e+00
-6.475 2.975 4.2828e+00
-6.475 3.025 6.9219e+00
-6.475 3.075 1.0812e+01
-6.475 3.125 1.6313e+01
-6.475 3.175 2.3784e+01
-6.475 3.225 3.3561e+01
-6.475 3.275 4.5948e+01
-6.475 3.325 6.1272e+01
-6.475 3.375 8.0049e+01
-6.475 3.425 1.0336e+02
-6.475 3.475 1.3363e+02
-6.475 3.525 1.7596e+02
-6.475 3.575 2.4008e+02
-6.475 3.625 3.4259e+02
-6.475 3.675 5.0803e+02
-6.475 3.725 7.6603e+02
-6.475 3.775 1.1380e+03
-6.475 3.825 1.5313e+03
-6.475 3.875 0.0000e+00
-6.475 3.925 0.0000e+00
-6.475 3.975 0.0000e+00
-6.425 -1.975 0.0000e+00
-6.425 -1.925 0.0000e+00
-6.425 -1.875 0.0000e+00
-6.425 -1.825 0.0000e+00
-6.425 -1.775 0.0000e+00
-6.425 -1.725 0.0000e+00
-6.425 -1.675 0.0000e+00
-6.425 -1.625 0.0000e+00
-6.425 -1.575 0.0000e+00
-6.425 -1.525 0.0000e+00
-6.425 -1.475 0.0000e+00
-6.425 -1.425 0.0000e+00
-6.425 -1.375 0.0000e+00
-6.425 -1.325 0.0000e+00
-6.425 -1.275 0.0000e+00
-6.425 -1.225 0.0000e+00
-6.425 -1.175 0.0000e+00
-6.425 -1.125 0.0000e+00
-6.425 -1.075 0.0000e+00
-6.425 -1.025 0.0000e+00
-6.425 -0.975 0.0000e+00
-6.425 -0.925 0.0000e+00
-6.425 -0.875 0.0000e+00
-6.425 -0.825 0.0000e+00
-6.425 -0.775 0.0000e+00
-6.425 -0.725 0.0000e+00
-6.425 -0.675 0.0000e+00
-6.425 -0.625 0.0000e+00
-6.425 -0.575 0.0000e+00
-6.425 -0.525 0.0000e+00
-6.425 -0.475 0.0000e+00
-6.425 -0.425 0.0000e+00
-6.425 -0.375 0.0000e+00
-6.425 -0.325 0.0000e+00
-6.425 -0.275 0.0000e+00
-6.425 -0.225 0.0000e+00
-6.425 -0.175 0.0000e+00
-6.425 -0.125 0.0000e+00
-6.425 -0.075 0.0000e+00
-6.425 -0.025 0.0000e+00
-6.425 0.025 0.0000e+00
-6.425 0.075 0.0000e+00
-6.425 0.125 0.0000e+00
-6.425 0.175 0.0000e+00
-6.425 0.225 0.0000e+00
-6.425 0.275 0.0000e+00
-6.425 0.325 0.0000e+00
-6.425 0.375 0.0000e+00
-6.425 0.425 0.0000e+00
-6.425 0.475 0.0000e+00
-6.425 0.525 0.0000e+00
-6.425 0.575 0.0000e+00
-6.425 0.625 0.0000e+00
-6.425 0.675 1.8540e-13
-6.425 0.725 3.7004e-13
-6.425 0.775 7.3859e-13
-6.425 0.825 1.4743e-12
-6.425 0.875 2.9429e-12
-6.425 0.925 5.8749e-12
-6.425 0.975 1.1729e-11
-6.425 1.025 2.3416e-11
-6.425 1.075 4.6755e-11
-6.425 1.125 9.3361e-11
-6.425 1.175 1.8644e-10
-6.425 1.225 3.7236e-10
-6.425 1.275 7.4375e-10
-6.425 1.325 1.4857e-09
-6.425 1.375 2.9683e-09
-6.425 1.425 5.9312e-09
-6.425 1.475 1.1853e-08
-6.425 1.525 2.3692e-08
-6.425 1.575 4.7361e-08
-6.425 1.625 9.4695e-08
-6.425 1.675 1.8937e-07
-6.425 1.725 3.7875e-07
-6.425 1.775 7.5767e-07
-6.425 1.825 1.5159e-06
-6.425 1.875 3.0333e-06
-6.425 1.925 6.0701e-06
-6.425 1.975 1.2148e-05
-6.425 2.025 2.4309e-05
-6.425 2.075 4.8637e-05
-6.425 2.125 9.7280e-05
-6.425 2.175 1.9446e-04
-6.425 2.225 3.8841e-04
-6.425 2.275 7.7486e-04
-6.425 2.325 1.5431e-03
-6.425 2.375 3.0659e-03
-6.425 2.425 6.0722e-03
-6.425 2.475 1.1975e-02
-6.425 2.525 2.3488e-02
-6.425 2.575 4.5740e-02
-6.425 2.625 8.8266e-02
-6.425 2.675 1.6839e-01
-6.425 2.725 3.1675e-01
-6.425 2.775 5.8566e-01
-6.425 2.825 1.0609e+00
-6.425 2.875 1.8762e+00
-6.425 2.925 3.2290e+00
-6.425 2.975 5.3917e+00
-6.425 3.025 8.7142e+00
-6.425 3.075 1.3612e+01
-6.425 3.125 2.0537e+01
-6.425 3.175 2.9943e+01
-6.425 3.225 4.2251e+01
-6.425 3.275 5.7845e+01
-6.425 3.325 7.7137e+01
-6.425 3.375 1.0078e+02
-6.425 3.425 1.3012e+02
-6.425 3.475 1.6823e+02
-6.425 3.525 2.2152e+02
-6.425 3.575 3.0224e+02
-6.425 3.625 4.3130e+02
-6.425 3.675 6.3957e+02
-6.425 3.725 9.6438e+02
-6.425 3.775 1.4326e+03
-6.425 3.825 1.9278e+03
-6.425 3.875 0.0000e+00
-6.425 3.925 0.0000e+00
-6.425 3.975 0.0000e+00
-6.375 -1.975 0.0000e+00
-6.375 -1.925 0.0000e+00
-6.375 -1.875 0.0000e+00
-6.375 -1.825 0.0000e+00
-6.375 -1.775 0.0000e+00
-6.375 -1.725 0.0000e+00
-6.375 -1.675 0.0000e+00
-6.375 -1.625 0.0000e+00
-6.375 -1.575 0.0000e+00
-6.375 -1.525 0.0000e+00
-6.375 -1.475 0.0000e+00
-6.375 -1.425 0.0000e+00
-6.375 -1.375 0.0000e+00
-6.375 -1.325 0.0000e+00
-6.375 -1.275 0.0000e+00
-6.375 -1.225 0.0000e+00
-6.375 -1.175 0.0000e+00
-6.375 -1.125 0.0000e+00
-6.375 -1.075 0.0000e+00
-6.375 -1.025 0.0000e+00
-6.375 -0.975 0.0000e+00
-6.375 -0.925 0.0000e+00
-6.375 -0.875 0.0000e+00
-6.375 -0.825 0.0000e+00
-6.375 -0.775 0.0000e+00
-6.375 -0.725 0.0000e+00
-6.375 -0.675 0.0000e+00
-6.375 -0.625 0.0000e+00
-6.375 -0.575 0.0000e+00
-6.375 -0.525 0.0000e+00
-6.375 -0.475 0.0000e+00
-6.375 -0.425 0.0000e+00
-6.375 -0.375 0.0000e+00
-6.375 -0.325 0.0000e+00
-6.375 -0.275 0.0000e+00
-6.375 -0.225 0.0000e+00
-6.375 -0.175 0.0000e+00
-6.375 -0.125 0.0000e+00
-6.375 -0.075 0.0000e+00
-6.375 -0.025 0.0000e+00
-6.375 0.025 0.0000e+00
-6.375 0.075 0.0000e+00
-6.375 0.125 0.0000e+00
-6.375 0.175 0.0000e+00
-6.375 0.225 0.0000e+00
-6.375 0.275 0.0000e+00
-6.375 0.325 0.0000e+00
-6.375 0.375 0.0000e+00
-6.375 0.425 0.0000e+00
-6.375 0.475 0.0000e+00
-6.375 0.525 0.0000e+00
-6.375 0.575 0.0000e+00
-6.375 0.625 0.0000e+00
-6.375 0.675 2.3340e-13
-6.375 0.725 4.6585e-13
-6.375 0.775 9.2983e-13
-6.375 0.825 1.8560e-12
-6.375 0.875 3.7049e-12
-6.375 0.925 7.3960e-12
-6.375 0.975 1.4765e-11
-6.375 1.025 2.9479e-11
-6.375 1.075 5.8861e-11
-6.375 1.125 1.1753e-10
-6.375 1.175 2.3472e-10
-6.375 1.225 4.6877e-10
-6.375 1.275 9.3633e-10
-6.375 1.325 1.8704e-09
-6.375 1.375 3.7369e-09
-6.375 1.425 7.4670e-09
-6.375 1.475 1.4922e-08
-6.375 1.525 2.9826e-08
-6.375 1.575 5.9624e-08
-6.375 1.625 1.1921e-07
-6.375 1.675 2.3840e-07
-6.375 1.725 4.7682e-07
-6.375 1.775 9.5384e-07
-6.375 1.825 1.9084e-06
-6.375 1.875 3.8187e-06
-6.375 1.925 7.6418e-06
-6.375 1.975 1.5293e-05
-6.375 2.025 3.0603e-05
-6.375 2.075 6.1230e-05
-6.375 2.125 1.2247e-04
-6.375 2.175 2.4482e-04
-6.375 2.225 4.8898e-04
-6.375 2.275 9.7549e-04
-6.375 2.325 1.9427e-03
-6.375 2.375 3.8598e-03
-6.375 2.425 7.6444e-03
-6.375 2.475 1.5076e-02
-6.375 2.525 2.9569e-02
-6.375 2.575 5.7583e-02
-6.375 2.625 1.1112e-01
-6.375 2.675 2.1200e-01
-6.375 2.725 3.9877e-01
-6.375 2.775 7.3730e-01
-6.375 2.825 1.3356e+00
-6.375 2.875 2.3620e+00
-6.375 2.925 4.0651e+00
-6.375 2.975 6.7878e+00
-6.375 3.025 1.0971e+01
-6.375 3.075 1.7136e+01
-6.375 3.125 2.5854e+01
-6.375 3.175 3.7696e+01
-6.375 3.225 5.3190e+01
-6.375 3.275 7.2822e+01
-6.375 3.325 9.7110e+01
-6.375 3.375 1.2687e+02
-6.375 3.425 1.6382e+02
-6.375 3.475 2.1179e+02
-6.375 3.525 2.7887e+02
-6.375 3.575 3.8050e+02
-6.375 3.625 5.4297e+02
-6.375 3.675 8.0518e+02
-6.375 3.725 1.2141e+03
-6.375 3.775 1.8036e+03
-6.375 3.825 2.4270e+03
-6.375 3.875 0.0000e+00
-6.375 3.925 0.0000e+00
-6.375 3.975 0.0000e+00
-6.325 -1.975 0.0000e+00
-6.325 -1.925 0.0000e+00
-6.325 -1.875 0.0000e+00
-6.325 -1.825 0.0000e+00
-6.325 -1.775 0.0000e+00
-6.325 -1.725 0.0000e+00
-6.325 -1.675 0.0000e+00
-6.325 -1.625 0.0000e+00
-6.325 -1.575 0.0000e+00
-6.325 -1.525 0.0000e+00
-6.325 -1.475 0.0000e+00
-6.325 -1.425 0.0000e+00
-6.325 -1.375 0.0000e+00
-6.325 -1.325 0.0000e+00
-6.325 -1.275 0.0000e+00
-6.325 -1.225 0.0000e+00
-6.325 -1.175 0.0000e+00
-6.325 -1.125 0.0000e+00
-6.325 -1.075 0.0000e+00
-6.325 -1.025 0.0000e+00
-6.325 -0.975 0.0000e+00
-6.325 -0.925 0.0000e+00
-6.325 -0.875 0.0000e+00
-6.325 -0.825 0.0000e+00
-6.325 -0.775 0.0000e+00
-6.325 -0.725 0.0000e+00
-6.325 -0.675 0.0000e+00
-6.325 -0.625 0.0000e+00
-6.325 -0.575 0.0000e+00
-6.325 -0.525 0.0000e+00
-6.325 -0.475 0.0000e+00
-6.325 -0.425 0.0000e+00
-6.325 -0.375 0.0000e+00
-6.325 -0.325 0.0000e+00
-6.325 -0.275 0.0000e+00
-6.325 -0.225 0.0000e+00
-6.325 -0.175 0.0000e+00
-6.325 -0.125 0.0000e+00
-6.325 -0.075 0.0000e+00
-6.325 -0.025 0.0000e+00
-6.325 0.025 0.0000e+00
-6.325 0.075 0.0000e+00
-6.325 0.125 0.0000e+00
-6.325 0.175 0.0000e+00
-6.325 0.225 0.0000e+00
-6.325 0.275 0.0000e+00
-6.325 0.325 0.0000e+00
-6.325 0.375 0.0000e+00
-6.325 0.425 0.0000e+00
-6.325 0.475 0.0000e+00
-6.325 0.525 0.0000e+00
-6.325 0.575 0.0000e+00
-6.325 0.625 0.0000e+00
-6.325 0.675 2.9383e-13
-6.325 0.725 5.8647e-13
-6.325 0.775 1.1706e-12
-6.325 0.825 2.3366e-12
-6.325 0.875 4.6642e-12
-6.325 0.925 9.3110e-12
-6.325 0.975 1.8588e-11
-6.325 1.025 3.7112e-11
-6.325 1.075 7.4101e-11
-6.325 1.125 1.4797e-10
-6.325 1.175 2.9549e-10
-6.325 1.225 5.9015e-10
-6.325 1.275 1.1788e-09
-6.325 1.325 2.3548e-09
-6.325 1.375 4.7045e-09
-6.325 1.425 9.4003e-09
-6.325 1.475 1.8786e-08
-6.325 1.525 3.7549e-08
-6.325 1.575 7.5062e-08
-6.325 1.625 1.5008e-07
-6.325 1.675 3.0012e-07
-6.325 1.725 6.0028e-07
-6.325 1.775 1.2008e-06
-6.325 1.825 2.4025e-06
-6.325 1.875 4.8074e-06
-6.325 1.925 9.6205e-06
-6.325 1.975 1.9253e-05
-6.325 2.025 3.8527e-05
-6.325 2.075 7.7084e-05
-6.325 2.125 1.5418e-04
-6.325 2.175 3.0820e-04
-6.325 2.225 6.1559e-04
-6.325 2.275 1.2281e-03
-6.325 2.325 2.4457e-03
-6.325 2.375 4.8592e-03
-6.325 2.425 9.6237e-03
-6.325 2.475 1.8980e-02
-6.325 2.525 3.7226e-02
-6.325 2.575 7.2492e-02
-6.325 2.625 1.3989e-01
-6.325 2.675 2.6689e-01
-6.325 2.725 5.0202e-01
-6.325 2.775 9.2821e-01
-6.325 2.825 1.6814e+00
-6.325 2.875 2.9736e+00
-6.325 2.925 5.1176e+00
-6.325 2.975 8.5453e+00
-6.325 3.025 1.3811e+01
-6.325 3.075 2.1573e+01
-6.325 3.125 3.2549e+01
-6.325 3.175 4.7456e+01
-6.325 3.225 6.6963e+01
-6.325 3.275 9.1678e+01
-6.325 3.325 1.2225e+02
-6.325 3.375 1.5972e+02
-6.325 3.425 2.0623e+02
-6.325 3.475 2.6663e+02
-6.325 3.525 3.5108e+02
-6.325 3.575 4.7902e+02
-6.325 3.625 6.8356e+02
-6.325 3.675 1.0137e+03
-6.325 3.725 1.5284e+03
-6.325 3.775 2.2706e+03
-6.325 3.825 3.0554e+03
-6.325 3.875 0.0000e+00
-6.325 3.925 0.0000e+00
-6.325 3.975 0.0000e+00
-6.275 -1.975 0.0000e+00
-6.275 -1.925 0.0000e+00
-6.275 -1.875 0.0000e+00
-6.275 -1.825 0.0000e+00
-6.275 -1.775 0.0000e+00
-6.275 -1.725 0.0000e+00
-6.275 -1.675 0.0000e+00
-6.275 -1.625 0.0000e+00
-6.275 -1.575 0.0000e+00
-6.275 -1.525 0.0000e+00
-6.275 -1.475 0.0000e+00
-6.275 -1.425 0.0000e+00
-6.275 -1.375 0.0000e+00
-6.275 -1.325 0.0000e+00
-6.275 -1.275 0.0000e+00
-6.275 -1.225 0.0000e+00
-6.275 -1.175 0.0000e+00
-6.275 -1.125 0.0000e+00
-6.275 -1.075 0.0000e+00
-6.275 -1.025 0.0000e+00
-6.275 -0.975 0.0000e+00
-6.275 -0.925 0.0000e+00
-6.275 -0.875 0.0000e+00
-6.275 -0.825 0.0000e+00
-6.275 -0.775 0.0000e+00
-6.275 -0.725 0.0000e+00
-6.275 -0.675 0.0000e+00
-6.275 -0.625 0.0000e+00
-6.275 -0.575 0.0000e+00
-6.275 -0.525 0.0000e+00
-6.275 -0.475 0.0000e+00
-6.275 -0.425 0.0000e+00
-6.275 -0.375 0.0000e+00
-6.275 -0.325 0.0000e+00
-6.275 -0.275 0.0000e+00
-6.275 -0.225 0.0000e+00
-6.275 -0.175 0.0000e+00
-6.275 -0.125 0.0000e+00
-6.275 -0.075 0.0000e+00
-6.275 -0.025 0.0000e+00
-6.275 0.025 0.0000e+00
-6.275 0.075 0.0000e+00
-6.275 0.125 0.0000e+00
-6.275 0.175 0.0000e+00
-6.275 0.225 0.0000e+00
-6.275 0.275 0.0000e+00
-6.275 0.325 0.0000e+00
-6.275 0.375 0.0000e+00
-6.275 0.425 0.0000e+00
-6.275 0.475 0.0000e+00
-6.275 0.525 0.0000e+00
-6.275 0.575 0.0000e+00
-6.275 0.625 0.0000e+00
-6.275 0.675 3.6992e-13
-6.275 0.725 7.3832e-13
-6.275 0.775 1.4737e-12
-6.275 0.825 2.9416e-12
-6.275 0.875 5.8719e-12
-6.275 0.925 1.1722e-11
-6.275 0.975 2.3402e-11
-6.275 1.025 4.6722e-11
-6.275 1.075 9.3288e-11
-6.275 1.125 1.8628e-10
-6.275 1.175 3.7200e-10
-6.275 1.225 7.4296e-10
-6.275 1.275 1.4840e-09
-6.275 1.325 2.9645e-09
-6.275 1.375 5.9226e-09
-6.275 1.425 1.1834e-08
-6.275 1.475 2.3650e-08
-6.275 1.525 4.7271e-08
-6.275 1.575 9.4498e-08
-6.275 1.625 1.8894e-07
-6.275 1.675 3.7783e-07
-6.275 1.725 7.5571e-07
-6.275 1.775 1.5117e-06
-6.275 1.825 3.0246e-06
-6.275 1.875 6.0522e-06
-6.275 1.925 1.2111e-05
-6.275 1.975 2.4238e-05
-6.275 2.025 4.8503e-05
-6.275 2.075 9.7043e-05
-6.275 2.125 1.9410e-04
-6.275 2.175 3.8801e-04
-6.275 2.225 7.7499e-04
-6.275 2.275 1.5460e-03
-6.275 2.325 3.0790e-03
-6.275 2.375 6.1174e-03
-6.275 2.425 1.2116e-02
-6.275 2.475 2.3894e-02
-6.275 2.525 4.6864e-02
-6.275 2.575 9.1262e-02
-6.275 2.625 1.7611e-01
-6.275 2.675 3.3599e-01
-6.275 2.725 6.3201e-01
-6.275 2.775 1.1685e+00
-6.275 2.825 2.1167e+00
-6.275 2.875 3.7436e+00
-6.275 2.925 6.4427e+00
-6.275 2.975 1.0758e+01
-6.275 3.025 1.7387e+01
-6.275 3.075 2.7159e+01
-6.275 3.125 4.0976e+01
-6.275 3.175 5.9744e+01
-6.275 3.225 8.4301e+01
-6.275 3.275 1.1542e+02
-6.275 3.325 1.5391e+02
-6.275 3.375 2.0107e+02
-6.275 3.425 2.5963e+02
-6.275 3.475 3.3567e+02
-6.275 3.525 4.4198e+02
-6.275 3.575 6.0305e+02
-6.275 3.625 8.6056e+02
-6.275 3.675 1.2761e+03
-6.275 3.725 1.9242e+03
-6.275 3.775 2.8585e+03
-6.275 3.825 3.8465e+03
-6.275 3.875 0.0000e+00
-6.275 3.925 0.0000e+00
-6.275 3.975 0.0000e+00
-6.225 -1.975 0.0000e+00
-6.225 -1.925 0.0000e+00
-6.225 -1.875 0.0000e+00
-6.225 -1.825 0.0000e+00
-6.225 -1.775 0.0000e+00
-6.225 -1.725 0.0000e+00
-6.225 -1.675 0.0000e+00
-6.225 -1.625 0.0000e+00
-6.225 -1.575 0.0000e+00
-6.225 -1.525 0.0000e+00
-6.225 -1.475 0.0000e+00
-6.225 -1.425 0.0000e+00
-6.225 -1.375 0.0000e+00
-6.225 -1.325 0.0000e+00
-6.225 -1.275 0.0000e+00
-6.225 -1.225 0.0000e+00
-6.225 -1.175 0.0000e+00
-6.225 -1.125 0.0000e+00
-6.225 -1.075 0.0000e+00
-6.225 -1.025 0.0000e+00
-6.225 -0.975 0.0000e+00
-6.225 -0.925 0.0000e+00
-6.225 -0.875 0.0000e+00
-6.225 -0.825 0.0000e+00
-6.225 -0.775 0.0000e+00
-6.225 -0.725 0.0000e+00
-6.225 -0.675 0.0000e+00
-6.225 -0.625 0.0000e+00
-6.225 -0.575 0.0000e+00
-6.225 -0.525 0.0000e+00
-6.225 -0.475 0.0000e+00
-6.225 -0.425 0.0000e+00
-6.225 -0.375 0.0000e+00
-6.225 -0.325 0.0000e+00
-6.225 -0.275 0.0000e+00
-6.225 -0.225 0.0000e+00
-6.225 -0.175 0.0000e+00
-6.225 -0.125 0.0000e+00
-6.225 -0.075 0.0000e+00
-6.225 -0.025 0.0000e+00
-6.225 0.025 0.0000e+00
-6.225 0.075 0.0000e+00
-6.225 0.125 0.0000e+00
-6.225 0.175 0.0000e+00
-6.225 0.225 0.0000e+00
-6.225 0.275 0.0000e+00
-6.225 0.325 0.0000e+00
-6.225 0.375 0.0000e+00
-6.225 0.425 0.0000e+00
-6.225 0.475 0.0000e+00
-6.225 0.525 0.0000e+00
-6.225 0.575 0.0000e+00
-6.225 0.625 0.0000e+00
-6.225 0.675 4.6570e-13
-6.225 0.725 9.2949e-13
-6.225 0.775 1.8553e-12
-6.225 0.825 3.7032e-12
-6.225 0.875 7.3923e-12
-6.225 0.925 1.4757e-11
-6.225 0.975 2.9461e-11
-6.225 1.025 5.8819e-11
-6.225 1.075 1.1744e-10
-6.225 1.125 2.3451e-10
-6.225 1.175 4.6832e-10
-6.225 1.225 9.3533e-10
-6.225 1.275 1.8682e-09
-6.225 1.325 3.7320e-09
-6.225 1.375 7.4562e-09
-6.225 1.425 1.4899e-08
-6.225 1.475 2.9774e-08
-6.225 1.525 5.9511e-08
-6.225 1.575 1.1897e-07
-6.225 1.625 2.3786e-07
-6.225 1.675 4.7567e-07
-6.225 1.725 9.5138e-07
-6.225 1.775 1.9032e-06
-6.225 1.825 3.8077e-06
-6.225 1.875 7.6193e-06
-6.225 1.925 1.5247e-05
-6.225 1.975 3.0514e-05
-6.225 2.025 6.1061e-05
-6.225 2.075 1.2217e-04
-6.225 2.125 2.4436e-04
-6.225 2.175 4.8847e-04
-6.225 2.225 9.7565e-04
-6.225 2.275 1.9463e-03
-6.225 2.325 3.8762e-03
-6.225 2.375 7.7013e-03
-6.225 2.425 1.5253e-02
-6.225 2.475 3.0081e-02
-6.225 2.525 5.8999e-02
-6.225 2.575 1.1489e-01
-6.225 2.625 2.2171e-01
-6.225 2.675 4.2299e-01
-6.225 2.725 7.9565e-01
-6.225 2.775 1.4711e+00
-6.225 2.825 2.6648e+00
-6.225 2.875 4.7129e+00
-6.225 2.925 8.1109e+00
-6.225 2.975 1.3543e+01
-6.225 3.025 2.1889e+01
-6.225 3.075 3.4191e+01
-6.225 3.125 5.1586e+01
-6.225 3.175 7.5213e+01
-6.225 3.225 1.0613e+02
-6.225 3.275 1.4530e+02
-6.225 3.325 1.9376e+02
-6.225 3.375 2.5314e+02
-6.225 3.425 3.2686e+02
-6.225 3.475 4.2258e+02
-6.225 3.525 5.5642e+02
-6.225 3.575 7.5920e+02
-6.225 3.625 1.0834e+03
-6.225 3.675 1.6065e+03
-6.225 3.725 2.4224e+03
-6.225 3.775 3.5986e+03
-6.225 3.825 4.8425e+03
-6.225 3.875 0.0000e+00
-6.225 3.925 0.0000e+00
-6.225 3.975 0.0000e+00
-6.175 -1.975 0.0000e+00
-6.175 -1.925 0.0000e+00
-6.175 -1.875 0.0000e+00
-6.175 -1.825 0.0000e+00
-6.175 -1.775 0.0000e+00
-6.175 -1.725 0.0000e+00
-6.175 -1.675 0.0000e+00
-6.175 -1.625 0.0000e+00
-6.175 -1.575 0.0000e+00
-6.175 -1.525 0.0000e+00
-6.175 -1.475 0.0000e+00
-6.175 -1.425 0.0000e+00
-6.175 -1.375 0.0000e+00
-6.175 -1.325 0.0000e+00
-6.175 -1.275 0.0000e+00
-6.175 -1.225 0.0000e+00
-6.175 -1.175 0.0000e+00
-6.175 -1.125 0.0000e+00
-6.175 -1.075 0.0000e+00
-6.175 -1.025 0.0000e+00
-6.175 -0.975 0.0000e+00
-6.175 -0.925 0.0000e+00
-6.175 -0.875 0.0000e+00
-6.175 -0.825 0.0000e+00
-6.175 -0.775 0.0000e+00
-6.175 -0.725 0.0000e+00
-6.175 -0.675 0.0000e+00
-6.175 -0.625 0.0000e+00
-6.175 -0.575 0.0000e+00
-6.175 -0.525 0.0000e+00
-6.175 -0.475 0.0000e+00
-6.175 -0.425 0.0000e+00
-6.175 -0.375 0.0000e+00
-6.175 -0.325 0.0000e+00
-6.175 -0.275 0.0000e+00
-6.175 -0.225 0.0000e+00
-6.175 -0.175 0.0000e+00
-6.175 -0.125 0.0000e+00
-6.175 -0.075 0.0000e+00
-6.175 -0.025 0.0000e+00
-6.175 0.025 0.0000e+00
-6.175 0.075 0.0000e+00
-6.175 0.125 0.0000e+00
-6.175 0.175 0.0000e+00
-6.175 0.225 0.0000e+00
-6.175 0.275 0.0000e+00
-6.175 0.325 0.0000e+00
-6.175 0.375 0.0000e+00
-6.175 0.425 0.0000e+00
-6.175 0.475 0.0000e+00
-6.175 0.525 0.0000e+00
-6.175 0.575 0.0000e+00
-6.175 0.625 0.0000e+00
-6.175 0.675 5.8628e-13
-6.175 0.725 1.1702e-12
-6.175 0.775 2.3356e-12
-6.175 0.825 4.6621e-12
-6.175 0.875 9.3063e-12
-6.175 0.925 1.8578e-11
-6.175 0.975 3.7089e-11
-6.175 1.025 7.4049e-11
-6.175 1.075 1.4785e-10
-6.175 1.125 2.9523e-10
-6.175 1.175 5.8958e-10
-6.175 1.225 1.1775e-09
-6.175 1.275 2.3520e-09
-6.175 1.325 4.6983e-09
-6.175 1.375 9.3867e-09
-6.175 1.425 1.8756e-08
-6.175 1.475 3.7483e-08
-6.175 1.525 7.4919e-08
-6.175 1.575 1.4977e-07
-6.175 1.625 2.9945e-07
-6.175 1.675 5.9883e-07
-6.175 1.725 1.1977e-06
-6.175 1.775 2.3959e-06
-6.175 1.825 4.7937e-06
-6.175 1.875 9.5921e-06
-6.175 1.925 1.9195e-05
-6.175 1.975 3.8414e-05
-6.175 2.025 7.6872e-05
-6.175 2.075 1.5380e-04
-6.175 2.125 3.0763e-04
-6.175 2.175 6.1495e-04
-6.175 2.225 1.2283e-03
-6.175 2.275 2.4503e-03
-6.175 2.325 4.8798e-03
-6.175 2.375 9.6953e-03
-6.175 2.425 1.9202e-02
-6.175 2.475 3.7870e-02
-6.175 2.525 7.4275e-02
-6.175 2.575 1.4464e-01
-6.175 2.625 2.7912e-01
-6.175 2.675 5.3251e-01
-6.175 2.725 1.0017e+00
-6.175 2.775 1.8520e+00
-6.175 2.825 3.3548e+00
-6.175 2.875 5.9331e+00
-6.175 2.925 1.0211e+01
-6.175 2.975 1.7050e+01
-6.175 3.025 2.7557e+01
-6.175 3.075 4.3044e+01
-6.175 3.125 6.4943e+01
-6.175 3.175 9.4687e+01
-6.175 3.225 1.3361e+02
-6.175 3.275 1.8292e+02
-6.175 3.325 2.4393e+02
-6.175 3.375 3.1868e+02
-6.175 3.425 4.1149e+02
-6.175 3.475 5.3200e+02
-6.175 3.525 7.0050e+02
-6.175 3.575 9.5578e+02
-6.175 3.625 1.3639e+03
-6.175 3.675 2.0225e+03
-6.175 3.725 3.0496e+03
-6.175 3.775 4.5304e+03
-6.175 3.825 6.0963e+03
-6.175 3.875 0.0000e+00
-6.175 3.925 0.0000e+00
-6.175 3.975 0.0000e+00
-6.125 -1.975 0.0000e+00
-6.125 -1.925 0.0000e+00
-6.125 -1.875 0.0000e+00
-6.125 -1.825 0.0000e+00
-6.125 -1.775 0.0000e+00
-6.125 -1.725 0.0000e+00
-6.125 -1.675 0.0000e+00
-6.125 -1.625 0.0000e+00
-6.125 -1.575 0.0000e+00
-6.125 -1.525 0.0000e+00
-6.125 -1.475 0.0000e+00
-6.125 -1.425 0.0000e+00
-6.125 -1.375 0.0000e+00
-6.125 -1.325 0.0000e+00
-6.125 -1.275 0.0000e+00
-6.125 -1.225 0.0000e+00
-6.125 -1.175 0.0000e+00
-6.125 -1.125 0.0000e+00
-6.125 -1.075 0.0000e+00
-6.125 -1.025 0.0000e+00
-6.125 -0.975 0.0000e+00
-6.125 -0.925 0.0000e+00
-6.125 -0.875 0.0000e+00
-6.125 -0.825 0.0000e+00
-6.125 -0.775 0.0000e+00
-6.125 -0.725 0.0000e+00
-6.125 -0.675 0.0000e+00
-6.125 -0.625 0.0000e+00
-6.125 -0.575 0.0000e+00
-6.125 -0.525 0.0000e+00
-6.125 -0.475 0.0000e+00
-6.125 -0.425 0.0000e+00
-6.125 -0.375 0.0000e+00
-6.125 -0.325 0.0000e+00
-6.125 -0.275 0.0000e+00
-6.125 -0.225 0.0000e+00
-6.125 -0.175 0.0000e+00
-6.125 -0.125 0.0000e+00
-6.125 -0.075 0.0000e+00
-6.125 -0.025 0.0000e+00
-6.125 0.025 0.0000e+00
-6.125 0.075 0.0000e+00
-6.125 0.125 0.0000e+00
-6.125 0.175 0.0000e+00
-6.125 0.225 0.0000e+00
-6.125 0.275 0.0000e+00
-6.125 0.325 0.0000e+00
-6.125 0.375 0.0000e+00
-6.125 0.425 0.0000e+00
-6.125 0.475 0.0000e+00
-6.125 0.525 0.0000e+00
-6.125 0.575 0.0000e+00
-6.125 0.625 0.0000e+00
-6.125 0.675 7.3808e-13
-6.125 0.725 1.4731e-12
-6.125 0.775 2.9404e-12
-6.125 0.825 5.8692e-12
-6.125 0.875 1.1716e-11
-6.125 0.925 2.3388e-11
-6.125 0.975 4.6692e-11
-6.125 1.025 9.3222e-11
-6.125 1.075 1.8613e-10
-6.125 1.125 3.7168e-10
-6.125 1.175 7.4224e-10
-6.125 1.225 1.4824e-09
-6.125 1.275 2.9609e-09
-6.125 1.325 5.9149e-09
-6.125 1.375 1.1817e-08
-6.125 1.425 2.3613e-08
-6.125 1.475 4.7188e-08
-6.125 1.525 9.4318e-08
-6.125 1.575 1.8855e-07
-6.125 1.625 3.7699e-07
-6.125 1.675 7.5388e-07
-6.125 1.725 1.5078e-06
-6.125 1.775 3.0163e-06
-6.125 1.825 6.0349e-06
-6.125 1.875 1.2076e-05
-6.125 1.925 2.4166e-05
-6.125 1.975 4.8361e-05
-6.125 2.025 9.6776e-05
-6.125 2.075 1.9363e-04
-6.125 2.125 3.8728e-04
-6.125 2.175 7.7418e-04
-6.125 2.225 1.5463e-03
-6.125 2.275 3.0848e-03
-6.125 2.325 6.1433e-03
-6.125 2.375 1.2206e-02
-6.125 2.425 2.4174e-02
-6.125 2.475 4.7675e-02
-6.125 2.525 9.3506e-02
-6.125 2.575 1.8209e-01
-6.125 2.625 3.5139e-01
-6.125 2.675 6.7039e-01
-6.125 2.725 1.2610e+00
-6.125 2.775 2.3316e+00
-6.125 2.825 4.2234e+00
-6.125 2.875 7.4694e+00
-6.125 2.925 1.2855e+01
-6.125 2.975 2.1465e+01
-6.125 3.025 3.4692e+01
-6.125 3.075 5.4189e+01
-6.125 3.125 8.1758e+01
-6.125 3.175 1.1920e+02
-6.125 3.225 1.6820e+02
-6.125 3.275 2.3028e+02
-6.125 3.325 3.0709e+02
-6.125 3.375 4.0119e+02
-6.125 3.425 5.1804e+02
-6.125 3.475 6.6975e+02
-6.125 3.525 8.8187e+02
-6.125 3.575 1.2033e+03
-6.125 3.625 1.7170e+03
-6.125 3.675 2.5462e+03
-6.125 3.725 3.8393e+03
-6.125 3.775 5.7034e+03
-6.125 3.825 7.6748e+03
-6.125 3.875 0.0000e+00
-6.125 3.925 0.0000e+00
-6.125 3.975 0.0000e+00
-6.075 -1.975 0.0000e+00
-6.075 -1.925 0.0000e+00
-6.075 -1.875 0.0000e+00
-6.075 -1.825 0.0000e+00
-6.075 -1.775 0.0000e+00
-6.075 -1.725 0.0000e+00
-6.075 -1.675 0.0000e+00
-6.075 -1.625 0.0000e+00
-6.075 -1.575 0.0000e+00
-6.075 -1.525 0.0000e+00
-6.075 -1.475 0.0000e+00
-6.075 -1.425 0.0000e+00
-6.075 -1.375 0.0000e+00
-6.075 -1.325 0.0000e+00
-6.075 -1.275 0.0000e+00
-6.075 -1.225 0.0000e+00
-6.075 -1.175 0.0000e+00
-6.075 -1.125 0.0000e+00
-6.075 -1.075 0.0000e+00
-6.075 -1.025 0.0000e+00
-6.075 -0.975 0.0000e+00
-6.075 -0.925 0.0000e+00
-6.075 -0.875 0.0000e+00
-6.075 -0.825 0.0000e+00
-6.075 -0.775 0.0000e+00
-6.075 -0.725 0.0000e+00
-6.075 -0.675 0.0000e+00
-6.075 -0.625 0.0000e+00
-6.075 -0.575 0.0000e+00
-6.075 -0.525 0.0000e+00
-6.075 -0.475 0.0000e+00
-6.075 -0.425 0.0000e+00
-6.075 -0.375 0.0000e+00
-6.075 -0.325 0.0000e+00
-6.075 -0.275 0.0000e+00
-6.075 -0.225 0.0000e+00
-6.075 -0.175 0.0000e+00
-6.075 -0.125 0.0000e+00
-6.075 -0.075 0.0000e+00
-6.075 -0.025 0.0000e+00
-6.075 0.025 0.0000e+00
-6.075 0.075 0.0000e+00
-6.075 0.125 0.0000e+00
-6.075 0.175 0.0000e+00
-6.075 0.225 0.0000e+00
-6.075 0.275 0.0000e+00
-6.075 0.325 0.0000e+00
-6.075 0.375 0.0000e+00
-6.075 0.425 0.0000e+00
-6.075 0.475 0.0000e+00
-6.075 0.525 0.0000e+00
-6.075 0.575 0.0000e+00
-6.075 0.625 0.0000e+00
-6.075 0.675 9.2919e-13
-6.075 0.725 1.8546e-12
-6.075 0.775 3.7017e-12
-6.075 0.825 7.3889e-12
-6.075 0.875 1.4749e-11
-6.075 0.925 2.9444e-11
-6.075 0.975 5.8782e-11
-6.075 1.025 1.1736e-10
-6.075 1.075 2.3433e-10
-6.075 1.125 4.6791e-10
-6.075 1.175 9.3442e-10
-6.075 1.225 1.8662e-09
-6.075 1.275 3.7276e-09
-6.075 1.325 7.4464e-09
-6.075 1.375 1.4877e-08
-6.075 1.425 2.9726e-08
-6.075 1.475 5.9407e-08
-6.075 1.525 1.1874e-07
-6.075 1.575 2.3737e-07
-6.075 1.625 4.7460e-07
-6.075 1.675 9.4908e-07
-6.075 1.725 1.8983e-06
-6.075 1.775 3.7973e-06
-6.075 1.825 7.5974e-06
-6.075 1.875 1.5202e-05
-6.075 1.925 3.0423e-05
-6.075 1.975 6.0883e-05
-6.075 2.025 1.2183e-04
-6.075 2.075 2.4376e-04
-6.075 2.125 4.8755e-04
-6.075 2.175 9.7463e-04
-6.075 2.225 1.9467e-03
-6.075 2.275 3.8835e-03
-6.075 2.325 7.7340e-03
-6.075 2.375 1.5366e-02
-6.075 2.425 3.0433e-02
-6.075 2.475 6.0019e-02
-6.075 2.525 1.1772e-01
-6.075 2.575 2.2924e-01
-6.075 2.625 4.4238e-01
-6.075 2.675 8.4397e-01
-6.075 2.725 1.5875e+00
-6.075 2.775 2.9353e+00
-6.075 2.825 5.3169e+00
-6.075 2.875 9.4034e+00
-6.075 2.925 1.6183e+01
-6.075 2.975 2.7022e+01
-6.075 3.025 4.3674e+01
-6.075 3.075 6.8220e+01
-6.075 3.125 1.0293e+02
-6.075 3.175 1.5007e+02
-6.075 3.225 2.1175e+02
-6.075 3.275 2.8991e+02
-6.075 3.325 3.8660e+02
-6.075 3.375 5.0507e+02
-6.075 3.425 6.5217e+02
-6.075 3.475 8.4316e+02
-6.075 3.525 1.1102e+03
-6.075 3.575 1.5148e+03
-6.075 3.625 2.1616e+03
-6.075 3.675 3.2055e+03
-6.075 3.725 4.8333e+03
-6.075 3.775 7.1802e+03
-6.075 3.825 9.6619e+03
-6.075 3.875 0.0000e+00
-6.075 3.925 0.0000e+00
-6.075 3.975 0.0000e+00
-6.025 -1.975 0.0000e+00
-6.025 -1.925 0.0000e+00
-6.025 -1.875 0.0000e+00
-6.025 -1.825 0.0000e+00
-6.025 -1.775 0.0000e+00
-6.025 -1.725 0.0000e+00
-6.025 -1.675 0.0000e+00
-6.025 -1.625 0.0000e+00
-6.025 -1.575 0.0000e+00
-6.025 -1.525 0.0000e+00
-6.025 -1.475 0.0000e+00
-6.025 -1.425 0.0000e+00
-6.025 -1.375 0.0000e+00
-6.025 -1.325 0.0000e+00
-6.025 -1.275 0.0000e+00
-6.025 -1.225 0.0000e+00
-6.025 -1.175 0.0000e+00
-6.025 -1.125 0.0000e+00
-6.025 -1.075 0.0000e+00
-6.025 -1.025 0.0000e+00
-6.025 -0.975 0.0000e+00
-6.025 -0.925 0.0000e+00
-6.025 -0.875 0.0000e+00
-6.025 -0.825 0.0000e+00
-6.025 -0.775 0.0000e+00
-6.025 -0.725 0.0000e+00
-6.025 -0.675 0.0000e+00
-6.025 -0.625 0.0000e+00
-6.025 -0.575 0.0000e+00
-6.025 -0.525 0.0000e+00
-6.025 -0.475 0.0000e+00
-6.025 -0.425 0.0000e+00
-6.025 -0.375 0.0000e+00
-6.025 -0.325 0.0000e+00
-6.025 -0.275 0.0000e+00
-6.025 -0.225 0.0000e+00
-6.025 -0.175 0.0000e+00
-6.025 -0.125 0.0000e+00
-6.025 -0.075 0.0000e+00
-6.025 -0.025 0.0000e+00
-6.025 0.025 0.0000e+00
-6.025 0.075 0.0000e+00
-6.025 0.125 0.0000e+00
-6.025 0.175 0.0000e+00
-6.025 0.225 0.0000e+00
-6.025 0.275 0.0000e+00
-6.025 0.325 0.0000e+00
-6.025 0.375 0.0000e+00
-6.025 0.425 0.0000e+00
-6.025 0.475 0.0000e+00
-6.025 0.525 0.0000e+00
-6.025 0.575 0.0000e+00
-6.025 0.625 0.0000e+00
-6.025 0.675 1.1698e-12
-6.025 0.725 2.3348e-12
-6.025 0.775 4.6602e-12
-6.025 0.825 9.3021e-12
-6.025 0.875 1.8569e-11
-6.025 0.925 3.7068e-11
-6.025 0.975 7.4002e-11
-6.025 1.025 1.4775e-10
-6.025 1.075 2.9500e-10
-6.025 1.125 5.8907e-10
-6.025 1.175 1.1764e-09
-6.025 1.225 2.3494e-09
-6.025 1.275 4.6928e-09
-6.025 1.325 9.3744e-09
-6.025 1.375 1.8729e-08
-6.025 1.425 3.7423e-08
-6.025 1.475 7.4789e-08
-6.025 1.525 1.4948e-07
-6.025 1.575 2.9883e-07
-6.025 1.625 5.9748e-07
-6.025 1.675 1.1948e-06
-6.025 1.725 2.3898e-06
-6.025 1.775 4.7805e-06
-6.025 1.825 9.5646e-06
-6.025 1.875 1.9139e-05
-6.025 1.925 3.8300e-05
-6.025 1.975 7.6647e-05
-6.025 2.025 1.5338e-04
-6.025 2.075 3.0688e-04
-6.025 2.125 6.1379e-04
-6.025 2.175 1.2270e-03
-6.025 2.225 2.4507e-03
-6.025 2.275 4.8890e-03
-6.025 2.325 9.7365e-03
-6.025 2.375 1.9345e-02
-6.025 2.425 3.8313e-02
-6.025 2.475 7.5560e-02
-6.025 2.525 1.4820e-01
-6.025 2.575 2.8860e-01
-6.025 2.625 5.5692e-01
-6.025 2.675 1.0625e+00
-6.025 2.725 1.9986e+00
-6.025 2.775 3.6953e+00
-6.025 2.825 6.6936e+00
-6.025 2.875 1.1838e+01
-6.025 2.925 2.0374e+01
-6.025 2.975 3.4019e+01
-6.025 3.025 5.4983e+01
-6.025 3.075 8.5884e+01
-6.025 3.125 1.2958e+02
-6.025 3.175 1.8893e+02
-6.025 3.225 2.6658e+02
-6.025 3.275 3.6497e+02
-6.025 3.325 4.8670e+02
-6.025 3.375 6.3585e+02
-6.025 3.425 8.2103e+02
-6.025 3.475 1.0615e+03
-6.025 3.525 1.3977e+03
-6.025 3.575 1.9070e+03
-6.025 3.625 2.7214e+03
-6.025 3.675 4.0355e+03
-6.025 3.725 6.0848e+03
-6.025 3.775 9.0393e+03
-6.025 3.825 1.2164e+04
-6.025 3.875 0.0000e+00
-6.025 3.925 0.0000e+00
-6.025 3.975 0.0000e+00
-5.975 -1.975 0.0000e+00
-5.975 -1.925 0.0000e+00
-5.975 -1.875 0.0000e+00
-5.975 -1.825 0.0000e+00
-5.975 -1.775 0.0000e+00
-5.975 -1.725 0.0000e+00
-5.975 -1.675 0.0000e+00
-5.975 -1.625 0.0000e+00
-5.975 -1.575 0.0000e+00
-5.975 -1.525 0.0000e+00
-5.975 -1.475 0.0000e+00
-5.975 -1.425 0.0000e+00
-5.975 -1.375 0.0000e+00
-5.975 -1.325 0.0000e+00
-5.975 -1.275 0.0000e+00
-5.975 -1.225 0.0000e+00
-5.975 -1.175 0.0000e+00
-5.975 -1.125 0.0000e+00
-5.975 -1.075 0.0000e+00
-5.975 -1.025 0.0000e+00
-5.975 -0.975 0.0000e+00
-5.975 -0.925 0.0000e+00
-5.975 -0.875 0.0000e+00
-5.975 -0.825 0.0000e+00
-5.975 -0.775 0.0000e+00
-5.975 -0.725 0.0000e+00
-5.975 -0.675 0.0000e+00
-5.975 -0.625 0.0000e+00
-5.975 -0.575 0.0000e+00
-5.975 -0.525 0.0000e+00
-5.975 -0.475 0.0000e+00
-5.975 -0.425 0.0000e+00
-5.975 -0.375 0.0000e+00
-5.975 -0.325 0.0000e+00
-5.975 -0.275 0.0000e+00
-5.975 -0.225 0.0000e+00
-5.975 -0.175 0.0000e+00
-5.975 -0.125 0.0000e+00
-5.975 -0.075 0.0000e+00
-5.975 -0.025 0.0000e+00
-5.975 0.025 0.0000e+00
-5.975 0.075 0.0000e+00
-5.975 0.125 0.0000e+00
-5.975 0.175 0.0000e+00
-5.975 0.225 0.0000e+00
-5.975 0.275 0.0000e+00
-5.975 0.325 0.0000e+00
-5.975 0.375 0.0000e+00
-5.975 0.425 0.0000e+00
-5.975 0.475 0.0000e+00
-5.975 0.525 0.0000e+00
-5.975 0.575 0.0000e+00
-5.975 0.625 0.0000e+00
-5.975 0.675 1.4727e-12
-5.975 0.725 2.9393e-12
-5.975 0.775 5.8668e-12
-5.975 0.825 1.1711e-11
-5.975 0.875 2.3376e-11
-5.975 0.925 4.6666e-11
-5.975 0.975 9.3163e-11
-5.975 1.025 1.8600e-10
-5.975 1.075 3.7138e-10
-5.975 1.125 7.4159e-10
-5.975 1.175 1.4810e-09
-5.975 1.225 2.9578e-09
-5.975 1.275 5.9078e-09
-5.975 1.325 1.1802e-08
-5.975 1.375 2.3578e-08
-5.975 1.425 4.7113e-08
-5.975 1.475 9.4153e-08
-5.975 1.525 1.8819e-07
-5.975 1.575 3.7620e-07
-5.975 1.625 7.5219e-07
-5.975 1.675 1.5042e-06
-5.975 1.725 3.0085e-06
-5.975 1.775 6.0183e-06
-5.975 1.825 1.2041e-05
-5.975 1.875 2.4094e-05
-5.975 1.925 4.8217e-05
-5.975 1.975 9.6492e-05
-5.975 2.025 1.9309e-04
-5.975 2.075 3.8634e-04
-5.975 2.125 7.7272e-04
-5.975 2.175 1.5447e-03
-5.975 2.225 3.0853e-03
-5.975 2.275 6.1549e-03
-5.975 2.325 1.2258e-02
-5.975 2.375 2.4354e-02
-5.975 2.425 4.8233e-02
-5.975 2.475 9.5124e-02
-5.975 2.525 1.8657e-01
-5.975 2.575 3.6332e-01
-5.975 2.625 7.0112e-01
-5.975 2.675 1.3376e+00
-5.975 2.725 2.5161e+00
-5.975 2.775 4.6521e+00
-5.975 2.825 8.4268e+00
-5.975 2.875 1.4903e+01
-5.975 2.925 2.5649e+01
-5.975 2.975 4.2828e+01
-5.975 3.025 6.9219e+01
-5.975 3.075 1.0812e+02
-5.975 3.125 1.6313e+02
-5.975 3.175 2.3784e+02
-5.975 3.225 3.3561e+02
-5.975 3.275 4.5948e+02
-5.975 3.325 6.1272e+02
-5.975 3.375 8.0049e+02
-5.975 3.425 1.0336e+03
-5.975 3.475 1.3363e+03
-5.975 3.525 1.7596e+03
-5.975 3.575 2.4008e+03
-5.975 3.625 3.4260e+03
-5.975 3.675 5.0804e+03
-5.975 3.725 7.6603e+03
-5.975 3.775 1.1380e+04
-5.975 3.825 1.5313e+04
-5.975 3.875 0.0000e+00
-5.975 3.925 0.0000e+00
-5.975 3.975 0.0000e+00
-5.925 -1.975 0.0000e+00
-5.925 -1.925 0.0000e+00
-5.925 -1.875 0.0000e+00
-5.925 -1.825 0.0000e+00
-5.925 -1.775 0.0000e+00
-5.925 -1.725 0.0000e+00
-5.925 -1.675 0.0000e+00
-5.925 -1.625 0.0000e+00
-5.925 -1.575 0.0000e+00
-5.925 -1.525 0.0000e+00
-5.925 -1.475 0.0000e+00
-5.925 -1.425 0.0000e+00
-5.925 -1.375 0.0000e+00
-5.925 -1.325 0.0000e+00
-5.925 -1.275 0.0000e+00
-5.925 -1.225 0.0000e+00
-5.925 -1.175 0.0000e+00
-5.925 -1.125 0.0000e+00
-5.925 -1.075 0.0000e+00
-5.925 -1.025 0.0000e+00
-5.925 -0.975 0.0000e+00
-5.925 -0.925 0.0000e+00
-5.925 -0.875 0.0000e+00
-5.925 -0.825 0.0000e+00
-5.925 -0.775 0.0000e+00
-5.925 -0.725 0.0000e+00
-5.925 -0.675 0.0000e+00
-5.925 -0.625 0.0000e+00
-5.925 -0.575 0.0000e+00
-5.925 -0.525 0.0000e+00
-5.925 -0.475 0.0000e+00
-5.925 -0.425 0.0000e+00
-5.925 -0.375 0.0000e+00
-5.925 -0.325 0.0000e+00
-5.925 -0.275 0.0000e+00
-5.925 -0.225 0.0000e+00
-5.925 -0.175 0.0000e+00
-5.925 -0.125 0.0000e+00
-5.925 -0.075 0.0000e+00
-5.925 -0.025 0.0000e+00
-5.925 0.025 0.0000e+00
-5.925 0.075 0.0000e+00
-5.925 0.125 0.0000e+00
-5.925 0.175 0.0000e+00
-5.925 0.225 0.0000e+00
-5.925 0.275 0.0000e+00
-5.925 0.325 0.0000e+00
-5.925 0.375 0.0000e+00
-5.925 0.425 0.0000e+00
-5.925 0.475 0.0000e+00
-5.925 0.525 0.0000e+00
-5.925 0.575 0.0000e+00
-5.925 0.625 0.0000e+00
-5.925 0.675 1.8540e-12
-5.925 0.725 3.7004e-12
-5.925 0.775 7.3859e-12
-5.925 0.825 1.4743e-11
-5.925 0.875 2.9429e-11
-5.925 0.925 5.8749e-11
-5.925 0.975 1.1729e-10
-5.925 1.025 2.3416e-10
-5.925 1.075 4.6755e-10
-5.925 1.125 9.3361e-10
-5.925 1.175 1.8644e-09
-5.925 1.225 3.7236e-09
-5.925 1.275 7.4375e-09
-5.925 1.325 1.4857e-08
-5.925 1.375 2.9683e-08
-5.925 1.425 5.9312e-08
-5.925 1.475 1.1853e-07
-5.925 1.525 2.3692e-07
-5.925 1.575 4.7361e-07
-5.925 1.625 9.4695e-07
-5.925 1.675 1.8937e-06
-5.925 1.725 3.7875e-06
-5.925 1.775 7.5767e-06
-5.925 1.825 1.5159e-05
-5.925 1.875 3.0333e-05
-5.925 1.925 6.0701e-05
-5.925 1.975 1.2148e-04
-5.925 2.025 2.4309e-04
-5.925 2.075 4.8637e-04
-5.925 2.125 9.7280e-04
-5.925 2.175 1.9446e-03
-5.925 2.225 3.8841e-03
-5.925 2.275 7.7486e-03
-5.925 2.325 1.5431e-02
-5.925 2.375 3.0659e-02
-5.925 2.425 6.0722e-02
-5.925 2.475 1.1975e-01
-5.925 2.525 2.3488e-01
-5.925 2.575 4.5739e-01
-5.925 2.625 8.8266e-01
-5.925 2.675 1.6839e+00
-5.925 2.725 3.1675e+00
-5.925 2.775 5.8566e+00
-5.925 2.825 1.0609e+01
-5.925 2.875 1.8762e+01
-5.925 2.925 3.2290e+01
-5.925 2.975 5.3917e+01
-5.925 3.025 8.7142e+01
-5.925 3.075 1.3612e+02
-5.925 3.125 2.0537e+02
-5.925 3.175 2.9943e+02
-5.925 3.225 4.2250e+02
-5.925 3.275 5.7845e+02
-5.925 3.325 7.7137e+02
-5.925 3.375 1.0078e+03
-5.925 3.425 1.3013e+03
-5.925 3.475 1.6823e+03
-5.925 3.525 2.2152e+03
-5.925 3.575 3.0225e+03
-5.925 3.625 4.3131e+03
-5.925 3.675 6.3958e+03
-5.925 3.725 9.6438e+03
-5.925 3.775 1.4326e+04
-5.925 3.825 1.9278e+04
-5.925 3.875 0.0000e+00
-5.925 3.925 0.0000e+00
-5.925 3.975 0.0000e+00
-5.875 -1.975 0.0000e+00
-5.875 -1.925 0.0000e+00
-5.875 -1.875 0.0000e+00
-5.875 -1.825 0.0000e+00
-5.875 -1.775 0.0000e+00
-5.875 -1.725 0.0000e+00
-5.875 -1.675 0.0000e+00
-5.875 -1.625 0.0000e+00
-5.875 -1.575 0.0000e+00
-5.875 -1.525 0.0000e+00
-5.875 -1.475 0.0000e+00
-5.875 -1.425 0.0000e+00
-5.875 -1.375 0.0000e+00
-5.875 -1.325 0.0000e+00
-5.875 -1.275 0.0000e+00
-5.875 -1.225 0.0000e+00
-5.875 -1.175 0.0000e+00
-5.875 -1.125 0.0000e+00
-5.875 -1.075 0.0000e+00
-5.875 -1.025 0.0000e+00
-5.875 -0.975 0.0000e+00
-5.875 -0.925 0.0000e+00
-5.875 -0.875 0.0000e+00
-5.875 -0.825 0.0000e+00
-5.875 -0.775 0.0000e+00
-5.875 -0.725 0.0000e+00
-5.875 -0.675 0.0000e+00
-5.875 -0.625 0.0000e+00
-5.875 -0.575 0.0000e+00
-5.875 -0.525 0.0000e+00
-5.875 -0.475 0.0000e+00
-5.875 -0.425 0.0000e+00
-5.875 -0.375 0.0000e+00
-5.875 -0.325 0.0000e+00
-5.875 -0.275 0.0000e+00
-5.875 -0.225 0.0000e+00
-5.875 -0.175 0.0000e+00
-5.875 -0.125 0.0000e+00
-5.875 -0.075 0.0000e+00
-5.875 -0.025 0.0000e+00
-5.875 0.025 0.0000e+00
-5.875 0.075 0.0000e+00
-5.875 0.125 0.0000e+00
-5.875 0.175 0.0000e+00
-5.875 0.225 0.0000e+00
-5.875 0.275 0.0000e+00
-5.875 0.325 0.0000e+00
-5.875 0.375 0.0000e+00
-5.875 0.425 0.0000e+00
-5.875 0.475 0.0000e+00
-5.875 0.525 0.0000e+00
-5.875 0.575 0.0000e+00
-5.875 0.625 0.0000e+00
-5.875 0.675 2.3340e-12
-5.875 0.725 4.6585e-12
-5.875 0.775 9.2983e-12
-5.875 0.825 1.8560e-11
-5.875 0.875 3.7049e-11
-5.875 0.925 7.3960e-11
-5.875 0.975 1.4765e-10
-5.875 1.025 2.9479e-10
-5.875 1.075 5.8861e-10
-5.875 1.125 1.1753e-09
-5.875 1.175 2.3472e-09
-5.875 1.225 4.6877e-09
-5.875 1.275 9.3633e-09
-5.875 1.325 1.8704e-08
-5.875 1.375 3.7369e-08
-5.875 1.425 7.4670e-08
-5.875 1.475 1.4922e-07
-5.875 1.525 2.9826e-07
-5.875 1.575 5.9624e-07
-5.875 1.625 1.1921e-06
-5.875 1.675 2.3840e-06
-5.875 1.725 4.7682e-06
-5.875 1.775 9.5384e-06
-5.875 1.825 1.9084e-05
-5.875 1.875 3.8187e-05
-5.875 1.925 7.6418e-05
-5.875 1.975 1.5293e-04
-5.875 2.025 3.0603e-04
-5.875 2.075 6.1230e-04
-5.875 2.125 1.2247e-03
-5.875 2.175 2.4482e-03
-5.875 2.225 4.8898e-03
-5.875 2.275 9.7548e-03
-5.875 2.325 1.9427e-02
-5.875 2.375 3.8598e-02
-5.875 2.425 7.6444e-02
-5.875 2.475 1.5076e-01
-5.875 2.525 2.9569e-01
-5.875 2.575 5.7583e-01
-5.875 2.625 1.1112e+00
-5.875 2.675 2.1200e+00
-5.875 2.725 3.9877e+00
-5.875 2.775 7.3730e+00
-5.875 2.825 1.3356e+01
-5.875 2.875 2.3620e+01
-5.875 2.925 4.0651e+01
-5.875 2.975 6.7877e+01
-5.875 3.025 1.0970e+02
-5.875 3.075 1.7136e+02
-5.875 3.125 2.5854e+02
-5.875 3.175 3.7695e+02
-5.875 3.225 5.3190e+02
-5.875 3.275 7.2822e+02
-5.875 3.325 9.7110e+02
-5.875 3.375 1.2687e+03
-5.875 3.425 1.6382e+03
-5.875 3.475 2.1180e+03
-5.875 3.525 2.7888e+03
-5.875 3.575 3.8051e+03
-5.875 3.625 5.4299e+03
-5.875 3.675 8.0519e+03
-5.875 3.725 1.2141e+04
-5.875 3.775 1.8036e+04
-5.875 3.825 2.4269e+04
-5.875 3.875 0.0000e+00
-5.875 3.925 0.0000e+00
-5.875 3.975 0.0000e+00
-5.825 -1.975 0.0000e+00
-5.825 -1.925 0.0000e+00
-5.825 -1.875 0.0000e+00
-5.825 -1.825 0.0000e+00
-5.825 -1.775 0.0000e+00
-5.825 -1.725 0.0000e+00
-5.825 -1.675 0.0000e+00
-5.825 -1.625 0.0000e+00
-5.825 -1.575 0.0000e+00
-5.825 -1.525 0.0000e+00
-5.825 -1.475 0.0000e+00
-5.825 -1.425 0.0000e+00
-5.825 -1.375 0.0000e+00
-5.825 -1.325 0.0000e+00
-5.825 -1.275 0.0000e+00
-5.825 -1.225 0.0000e+00
-5.825 -1.175 0.0000e+00
-5.825 -1.125 0.0000e+00
-5.825 -1.075 0.0000e+00
-5.825 -1.025 0.0000e+00
-5.825 -0.975 0.0000e+00
-5.825 -0.925 0.0000e+00
-5.825 -0.875 0.0000e+00
-5.825 -0.825 0.0000e+00
-5.825 -0.775 0.0000e+00
-5.825 -0.725 0.0000e+00
-5.825 -0.675 0.0000e+00
-5.825 -0.625 0.0000e+00
-5.825 -0.575 0.0000e+00
-5.825 -0.525 0.0000e+00
-5.825 -0.475 0.0000e+00
-5.825 -0.425 0.0000e+00
-5.825 -0.375 0.0000e+00
-5.825 -0.325 0.0000e+00
-5.825 -0.275 0.0000e+00
-5.825 -0.225 0.0000e+00
-5.825 -0.175 0.0000e+00
-5.825 -0.125 0.0000e+00
-5.825 -0.075 0.0000e+00
-5.825 -0.025 0.0000e+00
-5.825 0.025 0.0000e+00
-5.825 0.075 0.0000e+00
-5.825 0.125 0.0000e+00
-5.825 0.175 0.0000e+00
-5.825 0.225 0.0000e+00
-5.825 0.275 0.0000e+00
-5.825 0.325 0.0000e+00
-5.825 0.375 0.0000e+00
-5.825 0.425 0.0000e+00
-5.825 0.475 0.0000e+00
-5.825 0.525 0.0000e+00
-5.825 0.575 0.0000e+00
-5.825 0.625 0.0000e+00
-5.825 0.675 2.9383e-12
-5.825 0.725 5.8647e-12
-5.825 0.775 1.1706e-11
-5.825 0.825 2.3366e-11
-5.825 0.875 4.6642e-11
-5.825 0.925 9.3110e-11
-5.825 0.975 1.8588e-10
-5.825 1.025 3.7112e-10
-5.825 1.075 7.4101e-10
-5.825 1.125 1.4797e-09
-5.825 1.175 2.9549e-09
-5.825 1.225 5.9015e-09
-5.825 1.275 1.1788e-08
-5.825 1.325 2.3548e-08
-5.825 1.375 4.7045e-08
-5.825 1.425 9.4003e-08
-5.825 1.475 1.8786e-07
-5.825 1.525 3.7549e-07
-5.825 1.575 7.5062e-07
-5.825 1.625 1.5008e-06
-5.825 1.675 3.0012e-06
-5.825 1.725 6.0028e-06
-5.825 1.775 1.2008e-05
-5.825 1.825 2.4025e-05
-5.825 1.875 4.8074e-05
-5.825 1.925 9.6205e-05
-5.825 1.975 1.9253e-04
-5.825 2.025 3.8527e-04
-5.825 2.075 7.7084e-04
-5.825 2.125 1.5418e-03
-5.825 2.175 3.0820e-03
-5.825 2.225 6.1559e-03
-5.825 2.275 1.2281e-02
-5.825 2.325 2.4457e-02
-5.825 2.375 4.8592e-02
-5.825 2.425 9.6237e-02
-5.825 2.475 1.8980e-01
-5.825 2.525 3.7226e-01
-5.825 2.575 7.2492e-01
-5.825 2.625 1.3989e+00
-5.825 2.675 2.6689e+00
-5.825 2.725 5.0202e+00
-5.825 2.775 9.2821e+00
-5.825 2.825 1.6814e+01
-5.825 2.875 2.9736e+01
-5.825 2.925 5.1176e+01
-5.825 2.975 8.5452e+01
-5.825 3.025 1.3811e+02
-5.825 3.075 2.1573e+02
-5.825 3.125 3.2548e+02
-5.825 3.175 4.7456e+02
-5.825 3.225 6.6962e+02
-5.825 3.275 9.1677e+02
-5.825 3.325 1.2225e+03
-5.825 3.375 1.5972e+03
-5.825 3.425 2.0624e+03
-5.825 3.475 2.6664e+03
-5.825 3.525 3.5109e+03
-5.825 3.575 4.7904e+03
-5.825 3.625 6.8359e+03
-5.825 3.675 1.0137e+04
-5.825 3.725 1.5284e+04
-5.825 3.775 2.2705e+04
-5.825 3.825 3.0552e+04
-5.825 3.875 0.0000e+00
-5.825 3.925 0.0000e+00
-5.825 3.975 0.0000e+00
-5.775 -1.975 0.0000e+00
-5.775 -1.925 0.0000e+00
-5.775 -1.875 0.0000e+00
-5.775 -1.825 0.0000e+00
-5.775 -1.775 0.0000e+00
-5.775 -1.725 0.0000e+00
-5.775 -1.675 0.0000e+00
-5.775 -1.625 0.0000e+00
-5.775 -1.575 0.0000e+00
-5.775 -1.525 0.0000e+00
-5.775 -1.475 0.0000e+00
-5.775 -1.425 0.0000e+00
-5.775 -1.375 0.0000e+00
-5.775 -1.325 0.0000e+00
-5.775 -1.275 0.0000e+00
-5.775 -1.225 0.0000e+00
-5.775 -1.175 0.0000e+00
-5.775 -1.125 0.0000e+00
-5.775 -1.075 0.0000e+00
-5.775 -1.025 0.0000e+00
-5.775 -0.975 0.0000e+00
-5.775 -0.925 0.0000e+00
-5.775 -0.875 0.0000e+00
-5.775 -0.825 0.0000e+00
-5.775 -0.775 0.0000e+00
-5.775 -0.725 0.0000e+00
-5.775 -0.675 0.0000e+00
-5.775 -0.625 0.0000e+00
-5.775 -0.575 0.0000e+00
-5.775 -0.525 0.0000e+00
-5.775 -0.475 0.0000e+00
-5.775 -0.425 0.0000e+00
-5.775 -0.375 0.0000e+00
-5.775 -0.325 0.0000e+00
-5.775 -0.275 0.0000e+00
-5.775 -0.225 0.0000e+00
-5.775 -0.175 0.0000e+00
-5.775 -0.125 0.0000e+00
-5.775 -0.075 0.0000e+00
-5.775 -0.025 0.0000e+00
-5.775 0.025 0.0000e+00
-5.775 0.075 0.0000e+00
-5.775 0.125 0.0000e+00
-5.775 0.175 0.0000e+00
-5.775 0.225 0.0000e+00
-5.775 0.275 0.0000e+00
-5.775 0.325 0.0000e+00
-5.775 0.375 0.0000e+00
-5.775 0.425 0.0000e+00
-5.775 0.475 0.0000e+00
-5.775 0.525 0.0000e+00
-5.775 0.575 0.0000e+00
-5.775 0.625 0.0000e+00
-5.775 0.675 3.6992e-12
-5.775 0.725 7.3832e-12
-5.775 0.775 1.4737e-11
-5.775 0.825 2.9416e-11
-5.775 0.875 5.8719e-11
-5.775 0.925 1.1722e-10
-5.775 0.975 2.3402e-10
-5.775 1.025 4.6722e-10
-5.775 1.075 9.3288e-10
-5.775 1.125 1.8628e-09
-5.775 1.175 3.7200e-09
-5.775 1.225 7.4296e-09
-5.775 1.275 1.4840e-08
-5.775 1.325 2.9645e-08
-5.775 1.375 5.9226e-08
-5.775 1.425 1.1834e-07
-5.775 1.475 2.3650e-07
-5.775 1.525 4.7271e-07
-5.775 1.575 9.4498e-07
-5.775 1.625 1.8894e-06
-5.775 1.675 3.7783e-06
-5.775 1.725 7.5571e-06
-5.775 1.775 1.5117e-05
-5.775 1.825 3.0246e-05
-5.775 1.875 6.0522e-05
-5.775 1.925 1.2111e-04
-5.775 1.975 2.4238e-04
-5.775 2.025 4.8503e-04
-5.775 2.075 9.7043e-04
-5.775 2.125 1.9410e-03
-5.775 2.175 3.8801e-03
-5.775 2.225 7.7499e-03
-5.775 2.275 1.5460e-02
-5.775 2.325 3.0790e-02
-5.775 2.375 6.1173e-02
-5.775 2.425 1.2116e-01
-5.775 2.475 2.3894e-01
-5.775 2.525 4.6864e-01
-5.775 2.575 9.1262e-01
-5.775 2.625 1.7611e+00
-5.775 2.675 3.3599e+00
-5.775 2.725 6.3200e+00
-5.775 2.775 1.1685e+01
-5.775 2.825 2.1167e+01
-5.775 2.875 3.7435e+01
-5.775 2.925 6.4427e+01
-5.775 2.975 1.0758e+02
-5.775 3.025 1.7387e+02
-5.775 3.075 2.7159e+02
-5.775 3.125 4.0976e+02
-5.775 3.175 5.9743e+02
-5.775 3.225 8.4300e+02
-5.775 3.275 1.1541e+03
-5.775 3.325 1.5391e+03
-5.775 3.375 2.0108e+03
-5.775 3.425 2.5964e+03
-5.775 3.475 3.3568e+03
-5.775 3.525 4.4200e+03
-5.775 3.575 6.0308e+03
-5.775 3.625 8.6060e+03
-5.775 3.675 1.2762e+04
-5.775 3.725 1.9242e+04
-5.775 3.775 2.8584e+04
-5.775 3.825 3.8462e+04
-5.775 3.875 0.0000e+00
-5.775 3.925 0.0000e+00
-5.775 3.975 0.0000e+00
-5.725 -1.975 0.0000e+00
-5.725 -1.925 0.0000e+00
-5.725 -1.875 0.0000e+00
-5.725 -1.825 0.0000e+00
-5.725 -1.775 0.0000e+00
-5.725 -1.725 0.0000e+00
-5.725 -1.675 0.0000e+00
-5.725 -1.625 0.0000e+00
-5.725 -1.575 0.0000e+00
-5.725 -1.525 0.0000e+00
-5.725 -1.475 0.0000e+00
-5.725 -1.425 0.0000e+00
-5.725 -1.375 0.0000e+00
-5.725 -1.325 0.0000e+00
-5.725 -1.275 0.0000e+00
-5.725 -1.225 0.0000e+00
-5.725 -1.175 0.0000e+00
-5.725 -1.125 0.0000e+00
-5.725 -1.075 0.0000e+00
-5.725 -1.025 0.0000e+00
-5.725 -0.975 0.0000e+00
-5.725 -0.925 0.0000e+00
-5.725 -0.875 0.0000e+00
-5.725 -0.825 0.0000e+00
-5.725 -0.775 0.0000e+00
-5.725 -0.725 0.0000e+00
-5.725 -0.675 0.0000e+00
-5.725 -0.625 0.0000e+00
-5.725 -0.575 0.0000e+00
-5.725 -0.525 0.0000e+00
-5.725 -0.475 0.0000e+00
-5.725 -0.425 0.0000e+00
-5.725 -0.375 0.0000e+00
-5.725 -0.325 0.0000e+00
-5.725 -0.275 0.0000e+00
-5.725 -0.225 0.0000e+00
-5.725 -0.175 0.0000e+00
-5.725 -0.125 0.0000e+00
-5.725 -0.075 0.0000e+00
-5.725 -0.025 0.0000e+00
-5.725 0.025 0.0000e+00
-5.725 0.075 0.0000e+00
-5.725 0.125 0.0000e+00
-5.725 0.175 0.0000e+00
-5.725 0.225 0.0000e+00
-5.725 0.275 0.0000e+00
-5.725 0.325 0.0000e+00
-5.725 0.375 0.0000e+00
-5.725 0.425 0.0000e+00
-5.725 0.475 0.0000e+00
-5.725 0.525 0.0000e+00
-5.725 0.575 0.0000e+00
-5.725 0.625 0.0000e+00
-5.725 0.675 4.6570e-12
-5.725 0.725 9.2949e-12
-5.725 0.775 1.8553e-11
-5.725 0.825 3.7032e-11
-5.725 0.875 7.3923e-11
-5.725 0.925 1.4757e-10
-5.725 0.975 2.9461e-10
-5.725 1.025 5.8819e-10
-5.725 1.075 1.1744e-09
-5.725 1.125 2.3451e-09
-5.725 1.175 4.6832e-09
-5.725 1.225 9.3533e-09
-5.725 1.275 1.8682e-08
-5.725 1.325 3.7320e-08
-5.725 1.375 7.4562e-08
-5.725 1.425 1.4899e-07
-5.725 1.475 2.9774e-07
-5.725 1.525 5.9511e-07
-5.725 1.575 1.1897e-06
-5.725 1.625 2.3786e-06
-5.725 1.675 4.7567e-06
-5.725 1.725 9.5138e-06
-5.725 1.775 1.9032e-05
-5.725 1.825 3.8077e-05
-5.725 1.875 7.6193e-05
-5.725 1.925 1.5247e-04
-5.725 1.975 3.0514e-04
-5.725 2.025 6.1061e-04
-5.725 2.075 1.2217e-03
-5.725 2.125 2.4436e-03
-5.725 2.175 4.8847e-03
-5.725 2.225 9.7565e-03
-5.725 2.275 1.9463e-02
-5.725 2.325 3.8762e-02
-5.725 2.375 7.7013e-02
-5.725 2.425 1.5253e-01
-5.725 2.475 3.0081e-01
-5.725 2.525 5.8998e-01
-5.725 2.575 1.1489e+00
-5.725 2.625 2.2171e+00
-5.725 2.675 4.2299e+00
-5.725 2.725 7.9565e+00
-5.725 2.775 1.4711e+01
-5.725 2.825 2.6648e+01
-5.725 2.875 4.7128e+01
-5.725 2.925 8.1108e+01
-5.725 2.975 1.3543e+02
-5.725 3.025 2.1889e+02
-5.725 3.075 3.4191e+02
-5.725 3.125 5.1585e+02
-5.725 3.175 7.5212e+02
-5.725 3.225 1.0613e+03
-5.725 3.275 1.4530e+03
-5.725 3.325 1.9376e+03
-5.725 3.375 2.5314e+03
-5.725 3.425 3.2687e+03
-5.725 3.475 4.2260e+03
-5.725 3.525 5.5646e+03
-5.725 3.575 7.5925e+03
-5.725 3.625 1.0834e+04
-5.725 3.675 1.6066e+04
-5.725 3.725 2.4224e+04
-5.725 3.775 3.5985e+04
-5.725 3.825 4.8420e+04
-5.725 3.875 0.0000e+00
-5.725 3.925 0.0000e+00
-5.725 3.975 0.0000e+00
-5.675 -1.975 0.0000e+00
-5.675 -1.925 0.0000e+00
-5.675 -1.875 0.0000e+00
-5.675 -1.825 0.0000e+00
-5.675 -1.775 0.0000e+00
-5.675 -1.725 0.0000e+00
-5.675 -1.675 0.0000e+00
-5.675 -1.625 0.0000e+00
-5.675 -1.575 0.0000e+00
-5.675 -1.525 0.0000e+00
-5.675 -1.475 0.0000e+00
-5.675 -1.425 0.0000e+00
-5.675 -1.375 0.0000e+00
-5.675 -1.325 0.0000e+00
-5.675 -1.275 0.0000e+00
-5.675 -1.225 0.0000e+00
-5.675 -1.175 0.0000e+00
-5.675 -1.125 0.0000e+00
-5.675 -1.075 0.0000e+00
-5.675 -1.025 0.0000e+00
-5.675 -0.975 0.0000e+00
-5.675 -0.925 0.0000e+00
-5.675 -0.875 0.0000e+00
-5.675 -0.825 0.0000e+00
-5.675 -0.775 0.0000e+00
-5.675 -0.725 0.0000e+00
-5.675 -0.675 0.0000e+00
-5.675 -0.625 0.0000e+00
-5.675 -0.575 0.0000e+00
-5.675 -0.525 0.0000e+00
-5.675 -0.475 0.0000e+00
-5.675 -0.425 0.0000e+00
-5.675 -0.375 0.0000e+00
-5.675 -0.325 0.0000e+00
-5.675 -0.275 0.0000e+00
-5.675 -0.225 0.0000e+00
-5.675 -0.175 0.0000e+00
-5.675 -0.125 0.0000e+00
-5.675 -0.075 0.0000e+00
-5.675 -0.025 0.0000e+00
-5.675 0.025 0.0000e+00
-5.675 0.075 0.0000e+00
-5.675 0.125 0.0000e+00
-5.675 0.175 0.0000e+00
-5.675 0.225 0.0000e+00
-5.675 0.275 0.0000e+00
-5.675 0.325 0.0000e+00
-5.675 0.375 0.0000e+00
-5.675 0.425 0.0000e+00
-5.675 0.475 0.0000e+00
-5.675 0.525 0.0000e+00
-5.675 0.575 0.0000e+00
-5.675 0.625 0.0000e+00
-5.675 0.675 5.8628e-12
-5.675 0.725 1.1702e-11
-5.675 0.775 2.3356e-11
-5.675 0.825 4.6621e-11
-5.675 0.875 9.3063e-11
-5.675 0.925 1.8578e-10
-5.675 0.975 3.7089e-10
-5.675 1.025 7.4049e-10
-5.675 1.075 1.4785e-09
-5.675 1.125 2.9523e-09
-5.675 1.175 5.8958e-09
-5.675 1.225 1.1775e-08
-5.675 1.275 2.3520e-08
-5.675 1.325 4.6983e-08
-5.675 1.375 9.3867e-08
-5.675 1.425 1.8756e-07
-5.675 1.475 3.7483e-07
-5.675 1.525 7.4919e-07
-5.675 1.575 1.4977e-06
-5.675 1.625 2.9945e-06
-5.675 1.675 5.9883e-06
-5.675 1.725 1.1977e-05
-5.675 1.775 2.3959e-05
-5.675 1.825 4.7937e-05
-5.675 1.875 9.5921e-05
-5.675 1.925 1.9195e-04
-5.675 1.975 3.8414e-04
-5.675 2.025 7.6872e-04
-5.675 2.075 1.5380e-03
-5.675 2.125 3.0762e-03
-5.675 2.175 6.1495e-03
-5.675 2.225 1.2283e-02
-5.675 2.275 2.4503e-02
-5.675 2.325 4.8798e-02
-5.675 2.375 9.6953e-02
-5.675 2.425 1.9202e-01
-5.675 2.475 3.7870e-01
-5.675 2.525 7.4275e-01
-5.675 2.575 1.4464e+00
-5.675 2.625 2.7912e+00
-5.675 2.675 5.3251e+00
-5.675 2.725 1.0017e+01
-5.675 2.775 1.8520e+01
-5.675 2.825 3.3547e+01
-5.675 2.875 5.9331e+01
-5.675 2.925 1.0211e+02
-5.675 2.975 1.7050e+02
-5.675 3.025 2.7556e+02
-5.675 3.075 4.3043e+02
-5.675 3.125 6.4942e+02
-5.675 3.175 9.4686e+02
-5.675 3.225 1.3361e+03
-5.675 3.275 1.8292e+03
-5.675 3.325 2.4393e+03
-5.675 3.375 3.1869e+03
-5.675 3.425 4.1150e+03
-5.675 3.475 5.3203e+03
-5.675 3.525 7.0055e+03
-5.675 3.575 9.5586e+03
-5.675 3.625 1.3640e+04
-5.675 3.675 2.0226e+04
-5.675 3.725 3.0496e+04
-5.675 3.775 4.5301e+04
-5.675 3.825 6.0956e+04
-5.675 3.875 0.0000e+00
-5.675 3.925 0.0000e+00
-5.675 3.975 0.0000e+00
-5.625 -1.975 0.0000e+00
-5.625 -1.925 0.0000e+00
-5.625 -1.875 0.0000e+00
-5.625 -1.825 0.0000e+00
-5.625 -1.775 0.0000e+00
-5.625 -1.725 0.0000e+00
-5.625 -1.675 0.0000e+00
-5.625 -1.625 0.0000e+00
-5.625 -1.575 0.0000e+00
-5.625 -1.525 0.0000e+00
-5.625 -1.475 0.0000e+00
-5.625 -1.425 0.0000e+00
-5.625 -1.375 0.0000e+00
-5.625 -1.325 0.0000e+00
-5.625 -1.275 0.0000e+00
-5.625 -1.225 0.0000e+00
-5.625 -1.175 0.0000e+00
-5.625 -1.125 0.0000e+00
-5.625 -1.075 0.0000e+00
-5.625 -1.025 0.0000e+00
-5.625 -0.975 0.0000e+00
-5.625 -0.925 0.0000e+00
-5.625 -0.875 0.0000e+00
-5.625 -0.825 0.0000e+00
-5.625 -0.775 0.0000e+00
-5.625 -0.725 0.0000e+00
-5.625 -0.675 0.0000e+00
-5.625 -0.625 0.0000e+00
-5.625 -0.575 0.0000e+00
-5.625 -0.525 0.0000e+00
-5.625 -0.475 0.0000e+00
-5.625 -0.425 0.0000e+00
-5.625 -0.375 0.0000e+00
-5.625 -0.325 0.0000e+00
-5.625 -0.275 0.0000e+00
-5.625 -0.225 0.0000e+00
-5.625 -0.175 0.0000e+00
-5.625 -0.125 0.0000e+00
-5.625 -0.075 0.0000e+00
-5.625 -0.025 0.0000e+00
-5.625 0.025 0.0000e+00
-5.625 0.075 0.0000e+00
-5.625 0.125 0.0000e+00
-5.625 0.175 0.0000e+00
-5.625 0.225 0.0000e+00
-5.625 0.275 0.0000e+00
-5.625 0.325 0.0000e+00
-5.625 0.375 0.0000e+00
-5.625 0.425 0.0000e+00
-5.625 0.475 0.0000e+00
-5.625 0.525 0.0000e+00
-5.625 0.575 0.0000e+00
-5.625 0.625 0.0000e+00
-5.625 0.675 7.3808e-12
-5.625 0.725 1.4731e-11
-5.625 0.775 2.9404e-11
-5.625 0.825 5.8692e-11
-5.625 0.875 1.1716e-10
-5.625 0.925 2.3388e-10
-5.625 0.975 4.6692e-10
-5.625 1.025 9.3222e-10
-5.625 1.075 1.8613e-09
-5.625 1.125 3.7168e-09
-5.625 1.175 7.4224e-09
-5.625 1.225 1.4824e-08
-5.625 1.275 2.9609e-08
-5.625 1.325 5.9149e-08
-5.625 1.375 1.1817e-07
-5.625 1.425 2.3613e-07
-5.625 1.475 4.7188e-07
-5.625 1.525 9.4318e-07
-5.625 1.575 1.8855e-06
-5.625 1.625 3.7699e-06
-5.625 1.675 7.5388e-06
-5.625 1.725 1.5078e-05
-5.625 1.775 3.0163e-05
-5.625 1.825 6.0349e-05
-5.625 1.875 1.2076e-04
-5.625 1.925 2.4166e-04
-5.625 1.975 4.8361e-04
-5.625 2.025 9.6776e-04
-5.625 2.075 1.9363e-03
-5.625 2.125 3.8728e-03
-5.625 2.175 7.7418e-03
-5.625 2.225 1.5463e-02
-5.625 2.275 3.0848e-02
-5.625 2.325 6.1433e-02
-5.625 2.375 1.2206e-01
-5.625 2.425 2.4174e-01
-5.625 2.475 4.7675e-01
-5.625 2.525 9.3506e-01
-5.625 2.575 1.8209e+00
-5.625 2.625 3.5139e+00
-5.625 2.675 6.7039e+00
-5.625 2.725 1.2610e+01
-5.625 2.775 2.3315e+01
-5.625 2.825 4.2234e+01
-5.625 2.875 7.4693e+01
-5.625 2.925 1.2855e+02
-5.625 2.975 2.1464e+02
-5.625 3.025 3.4691e+02
-5.625 3.075 5.4188e+02
-5.625 3.125 8.1757e+02
-5.625 3.175 1.1920e+03
-5.625 3.225 1.6820e+03
-5.625 3.275 2.3028e+03
-5.625 3.325 3.0709e+03
-5.625 3.375 4.0120e+03
-5.625 3.425 5.1806e+03
-5.625 3.475 6.6979e+03
-5.625 3.525 8.8196e+03
-5.625 3.575 1.2034e+04
-5.625 3.625 1.7172e+04
-5.625 3.675 2.5464e+04
-5.625 3.725 3.8392e+04
-5.625 3.775 5.7030e+04
-5.625 3.825 7.6736e+04
-5.625 3.875 0.0000e+00
-5.625 3.925 0.0000e+00
-5.625 3.975 0.0000e+00
-5.575 -1.975 0.0000e+00
-5.575 -1.925 0.0000e+00
-5.575 -1.875 0.0000e+00
-5.575 -1.825 0.0000e+00
-5.575 -1.775 0.0000e+00
-5.575 -1.725 0.0000e+00
-5.575 -1.675 0.0000e+00
-5.575 -1.625 0.0000e+00
-5.575 -1.575 0.0000e+00
-5.575 -1.525 0.0000e+00
-5.575 -1.475 0.0000e+00
-5.575 -1.425 0.0000e+00
-5.575 -1.375 0.0000e+00
-5.575 -1.325 0.0000e+00
-5.575 -1.275 0.0000e+00
-5.575 -1.225 0.0000e+00
-5.575 -1.175 0.0000e+00
-5.575 -1.125 0.0000e+00
-5.575 -1.075 0.0000e+00
-5.575 -1.025 0.0000e+00
-5.575 -0.975 0.0000e+00
-5.575 -0.925 0.0000e+00
-5.575 -0.875 0.0000e+00
-5.575 -0.825 0.0000e+00
-5.575 -0.775 0.0000e+00
-5.575 -0.725 0.0000e+00
-5.575 -0.675 0.0000e+00
-5.575 -0.625 0.0000e+00
-5.575 -0.575 0.0000e+00
-5.575 -0.525 0.0000e+00
-5.575 -0.475 0.0000e+00
-5.575 -0.425 0.0000e+00
-5.575 -0.375 0.0000e+00
-5.575 -0.325 0.0000e+00
-5.575 -0.275 0.0000e+00
-5.575 -0.225 0.0000e+00
-5.575 -0.175 0.0000e+00
-5.575 -0.125 0.0000e+00
-5.575 -0.075 0.0000e+00
-5.575 -0.025 0.0000e+00
-5.575 0.025 0.0000e+00
-5.575 0.075 0.0000e+00
-5.575 0.125 0.0000e+00
-5.575 0.175 0.0000e+00
-5.575 0.225 0.0000e+00
-5.575 0.275 0.0000e+00
-5.575 0.325 0.0000e+00
-5.575 0.375 0.0000e+00
-5.575 0.425 0.0000e+00
-5.575 0.475 0.0000e+00
-5.575 0.525 0.0000e+00
-5.575 0.575 0.0000e+00
-5.575 0.625 0.0000e+00
-5.575 0.675 9.2919e-12
-5.575 0.725 1.8546e-11
-5.575 0.775 3.7017e-11
-5.575 0.825 7.3889e-11
-5.575 0.875 1.4749e-10
-5.575 0.925 2.9444e-10
-5.575 0.975 5.8782e-10
-5.575 1.025 1.1736e-09
-5.575 1.075 2.3433e-09
-5.575 1.125 4.6791e-09
-5.575 1.175 9.3442e-09
-5.575 1.225 1.8662e-08
-5.575 1.275 3.7276e-08
-5.575 1.325 7.4464e-08
-5.575 1.375 1.4877e-07
-5.575 1.425 2.9726e-07
-5.575 1.475 5.9407e-07
-5.575 1.525 1.1874e-06
-5.575 1.575 2.3737e-06
-5.575 1.625 4.7460e-06
-5.575 1.675 9.4908e-06
-5.575 1.725 1.8983e-05
-5.575 1.775 3.7973e-05
-5.575 1.825 7.5974e-05
-5.575 1.875 1.5202e-04
-5.575 1.925 3.0423e-04
-5.575 1.975 6.0883e-04
-5.575 2.025 1.2183e-03
-5.575 2.075 2.4376e-03
-5.575 2.125 4.8755e-03
-5.575 2.175 9.7463e-03
-5.575 2.225 1.9467e-02
-5.575 2.275 3.8835e-02
-5.575 2.325 7.7340e-02
-5.575 2.375 1.5366e-01
-5.575 2.425 3.0433e-01
-5.575 2.475 6.0019e-01
-5.575 2.525 1.1772e+00
-5.575 2.575 2.2924e+00
-5.575 2.625 4.4237e+00
-5.575 2.675 8.4396e+00
-5.575 2.725 1.5875e+01
-5.575 2.775 2.9352e+01
-5.575 2.825 5.3169e+01
-5.575 2.875 9.4033e+01
-5.575 2.925 1.6183e+02
-5.575 2.975 2.7022e+02
-5.575 3.025 4.3674e+02
-5.575 3.075 6.8218e+02
-5.575 3.125 1.0293e+03
-5.575 3.175 1.5007e+03
-5.575 3.225 2.1175e+03
-5.575 3.275 2.8991e+03
-5.575 3.325 3.8660e+03
-5.575 3.375 5.0509e+03
-5.575 3.425 6.5220e+03
-5.575 3.475 8.4323e+03
-5.575 3.525 1.1103e+04
-5.575 3.575 1.5150e+04
-5.575 3.625 2.1619e+04
-5.575 3.675 3.2057e+04
-5.575 3.725 4.8333e+04
-5.575 3.775 7.1795e+04
-5.575 3.825 9.6601e+04
-5.575 3.875 0.0000e+00
-5.575 3.925 0.0000e+00
-5.575 3.975 0.0000e+00
-5.525 -1.975 0.0000e+00
-5.525 -1.925 0.0000e+00
-5.525 -1.875 0.0000e+00
-5.525 -1.825 0.0000e+00
-5.525 -1.775 0.0000e+00
-5.525 -1.725 0.0000e+00
-5.525 -1.675 0.0000e+00
-5.525 -1.625 0.0000e+00
-5.525 -1.575 0.0000e+00
-5.525 -1.525 0.0000e+00
-5.525 -1.475 0.0000e+00
-5.525 -1.425 0.0000e+00
-5.525 -1.375 0.0000e+00
-5.525 -1.325 0.0000e+00
-5.525 -1.275 0.0000e+00
-5.525 -1.225 0.0000e+00
-5.525 -1.175 0.0000e+00
-5.525 -1.125 0.0000e+00
-5.525 -1.075 0.0000e+00
-5.525 -1.025 0.0000e+00
-5.525 -0.975 0.0000e+00
-5.525 -0.925 0.0000e+00
-5.525 -0.875 0.0000e+00
-5.525 -0.825 0.0000e+00
-5.525 -0.775 0.0000e+00
-5.525 -0.725 0.0000e+00
-5.525 -0.675 0.0000e+00
-5.525 -0.625 0.0000e+00
-5.525 -0.575 0.0000e+00
-5.525 -0.525 0.0000e+00
-5.525 -0.475 0.0000e+00
-5.525 -0.425 0.0000e+00
-5.525 -0.375 0.0000e+00
-5.525 -0.325 0.0000e+00
-5.525 -0.275 0.0000e+00
-5.525 -0.225 0.0000e+00
-5.525 -0.175 0.0000e+00
-5.525 -0.125 0.0000e+00
-5.525 -0.075 0.0000e+00
-5.525 -0.025 0.0000e+00
-5.525 0.025 0.0000e+00
-5.525 0.075 0.0000e+00
-5.525 0.125 0.0000e+00
-5.525 0.175 0.0000e+00
-5.525 0.225 0.0000e+00
-5.525 0.275 0.0000e+00
-5.525 0.325 0.0000e+00
-5.525 0.375 0.0000e+00
-5.525 0.425 0.0000e+00
-5.525 0.475 0.0000e+00
-5.525 0.525 0.0000e+00
-5.525 0.575 0.0000e+00
-5.525 0.625 0.0000e+00
-5.525 0.675 1.1698e-11
-5.525 0.725 2.3348e-11
-5.525 0.775 4.6602e-11
-5.525 0.825 9.3021e-11
-5.525 0.875 1.8569e-10
-5.525 0.925 3.7068e-10
-5.525 0.975 7.4002e-10
-5.525 1.025 1.4775e-09
-5.525 1.075 2.9500e-09
-5.525 1.125 5.8907e-09
-5.525 1.175 1.1764e-08
-5.525 1.225 2.3494e-08
-5.525 1.275 4.6928e-08
-5.525 1.325 9.3744e-08
-5.525 1.375 1.8729e-07
-5.525 1.425 3.7423e-07
-5.525 1.475 7.4789e-07
-5.525 1.525 1.4948e-06
-5.525 1.575 2.9883e-06
-5.525 1.625 5.9748e-06
-5.525 1.675 1.1948e-05
-5.525 1.725 2.3898e-05
-5.525 1.775 4.7805e-05
-5.525 1.825 9.5646e-05
-5.525 1.875 1.9139e-04
-5.525 1.925 3.8300e-04
-5.525 1.975 7.6647e-04
-5.525 2.025 1.5338e-03
-5.525 2.075 3.0688e-03
-5.525 2.125 6.1379e-03
-5.525 2.175 1.2270e-02
-5.525 2.225 2.4507e-02
-5.525 2.275 4.8890e-02
-5.525 2.325 9.7365e-02
-5.525 2.375 1.9345e-01
-5.525 2.425 3.8313e-01
-5.525 2.475 7.5560e-01
-5.525 2.525 1.4820e+00
-5.525 2.575 2.8860e+00
-5.525 2.625 5.5691e+00
-5.525 2.675 1.0625e+01
-5.525 2.725 1.9986e+01
-5.525 2.775 3.6952e+01
-5.525 2.825 6.6935e+01
-5.525 2.875 1.1838e+02
-5.525 2.925 2.0373e+02
-5.525 2.975 3.4018e+02
-5.525 3.025 5.4981e+02
-5.525 3.075 8.5881e+02
-5.525 3.125 1.2957e+03
-5.525 3.175 1.8892e+03
-5.525 3.225 2.6658e+03
-5.525 3.275 3.6497e+03
-5.525 3.325 4.8671e+03
-5.525 3.375 6.3587e+03
-5.525 3.425 8.2108e+03
-5.525 3.475 1.0616e+04
-5.525 3.525 1.3979e+04
-5.525 3.575 1.9074e+04
-5.525 3.625 2.7218e+04
-5.525 3.675 4.0359e+04
-5.525 3.725 6.0848e+04
-5.525 3.775 9.0382e+04
-5.525 3.825 1.2161e+05
-5.525 3.875 0.0000e+00
-5.525 3.925 0.0000e+00
-5.525 3.975 0.0000e+00
-5.475 -1.975 0.0000e+00
-5.475 -1.925 0.0000e+00
-5.475 -1.875 0.0000e+00
-5.475 -1.825 0.0000e+00
-5.475 -1.775 0.0000e+00
-5.475 -1.725 0.0000e+00
-5.475 -1.675 0.0000e+00
-5.475 -1.625 0.0000e+00
-5.475 -1.575 0.0000e+00
-5.475 -1.525 0.0000e+00
-5.475 -1.475 0.0000e+00
-5.475 -1.425 0.0000e+00
-5.475 -1.375 0.0000e+00
-5.475 -1.325 0.0000e+00
-5.475 -1.275 0.0000e+00
-5.475 -1.225 0.0000e+00
-5.475 -1.175 0.0000e+00
-5.475 -1.125 0.0000e+00
-5.475 -1.075 0.0000e+00
-5.475 -1.025 0.0000e+00
-5.475 -0.975 0.0000e+00
-5.475 -0.925 0.0000e+00
-5.475 -0.875 0.0000e+00
-5.475 -0.825 0.0000e+00
-5.475 -0.775 0.0000e+00
-5.475 -0.725 0.0000e+00
-5.475 -0.675 0.0000e+00
-5.475 -0.625 0.0000e+00
-5.475 -0.575 0.0000e+00
-5.475 -0.525 0.0000e+00
-5.475 -0.475 0.0000e+00
-5.475 -0.425 0.0000e+00
-5.475 -0.375 0.0000e+00
-5.475 -0.325 0.0000e+00
-5.475 -0.275 0.0000e+00
-5.475 -0.225 0.0000e+00
-5.475 -0.175 0.0000e+00
-5.475 -0.125 0.0000e+00
-5.475 -0.075 0.0000e+00
-5.475 -0.025 0.0000e+00
-5.475 0.025 0.0000e+00
-5.475 0.075 0.0000e+00
-5.475 0.125 0.0000e+00
-5.475 0.175 0.0000e+00
-5.475 0.225 0.0000e+00
-5.475 0.275 0.0000e+00
-5.475 0.325 0.0000e+00
-5.475 0.375 0.0000e+00
-5.475 0.425 0.0000e+00
-5.475 0.475 0.0000e+00
-5.475 0.525 0.0000e+00
-5.475 0.575 0.0000e+00
-5.475 0.625 0.0000e+00
-5.475 0.675 1.4727e-11
-5.475 0.725 2.9393e-11
-5.475 0.775 5.8668e-11
-5.475 0.825 1.1711e-10
-5.475 0.875 2.3376e-10
-5.475 0.925 4.6666e-10
-5.475 0.975 9.3163e-10
-5.475 1.025 1.8600e-09
-5.475 1.075 3.7138e-09
-5.475 1.125 7.4159e-09
-5.475 1.175 1.4810e-08
-5.475 1.225 2.9578e-08
-5.475 1.275 5.9078e-08
-5.475 1.325 1.1802e-07
-5.475 1.375 2.3578e-07
-5.475 1.425 4.7113e-07
-5.475 1.475 9.4153e-07
-5.475 1.525 1.8819e-06
-5.475 1.575 3.7620e-06
-5.475 1.625 7.5219e-06
-5.475 1.675 1.5042e-05
-5.475 1.725 3.0085e-05
-5.475 1.775 6.0183e-05
-5.475 1.825 1.2041e-04
-5.475 1.875 2.4094e-04
-5.475 1.925 4.8217e-04
-5.475 1.975 9.6492e-04
-5.475 2.025 1.9309e-03
-5.475 2.075 3.8634e-03
-5.475 2.125 7.7272e-03
-5.475 2.175 1.5447e-02
-5.475 2.225 3.0853e-02
-5.475 2.275 6.1549e-02
-5.475 2.325 1.2258e-01
-5.475 2.375 2.4354e-01
-5.475 2.425 4.8233e-01
-5.475 2.475 9.5124e-01
-5.475 2.525 1.8657e+00
-5.475 2.575 3.6332e+00
-5.475 2.625 7.0111e+00
-5.475 2.675 1.3376e+01
-5.475 2.725 2.5160e+01
-5.475 2.775 4.6520e+01
-5.475 2.825 8.4266e+01
-5.475 2.875 1.4903e+02
-5.475 2.925 2.5648e+02
-5.475 2.975 4.2826e+02
-5.475 3.025 6.9217e+02
-5.475 3.075 1.0812e+03
-5.475 3.125 1.6312e+03
-5.475 3.175 2.3784e+03
-5.475 3.225 3.3560e+03
-5.475 3.275 4.5947e+03
-5.475 3.325 6.1273e+03
-5.475 3.375 8.0052e+03
-5.475 3.425 1.0337e+04
-5.475 3.475 1.3365e+04
-5.475 3.525 1.7599e+04
-5.475 3.575 2.4014e+04
-5.475 3.625 3.4267e+04
-5.475 3.675 5.0810e+04
-5.475 3.725 7.6603e+04
-5.475 3.775 1.1378e+05
-5.475 3.825 1.5308e+05
-5.475 3.875 0.0000e+00
-5.475 3.925 0.0000e+00
-5.475 3.975 0.0000e+00
-5.425 -1.975 0.0000e+00
-5.425 -1.925 0.0000e+00
-5.425 -1.875 0.0000e+00
-5.425 -1.825 0.0000e+00
-5.425 -1.775 0.0000e+00
-5.425 -1.725 0.0000e+00
-5.425 -1.675 0.0000e+00
-5.425 -1.625 0.0000e+00
-5.425 -1.575 0.0000e+00
-5.425 -1.525 0.0000e+00
-5.425 -1.475 0.0000e+00
-5.425 -1.425 0.0000e+00
-5.425 -1.375 0.0000e+00
-5.425 -1.325 0.0000e+00
-5.425 -1.275 0.0000e+00
-5.425 -1.225 0.0000e+00
-5.425 -1.175 0.0000e+00
-5.425 -1.125 0.0000e+00
-5.425 -1.075 0.0000e+00
-5.425 -1.025 0.0000e+00
-5.425 -0.975 0.0000e+00
-5.425 -0.925 0.0000e+00
-5.425 -0.875 0.0000e+00
-5.425 -0.825 0.0000e+00
-5.425 -0.775 0.0000e+00
-5.425 -0.725 0.0000e+00
-5.425 -0.675 0.0000e+00
-5.425 -0.625 0.0000e+00
-5.425 -0.575 0.0000e+00
-5.425 -0.525 0.0000e+00
-5.425 -0.475 0.0000e+00
-5.425 -0.425 0.0000e+00
-5.425 -0.375 0.0000e+00
-5.425 -0.325 0.0000e+00
-5.425 -0.275 0.0000e+00
-5.425 -0.225 0.0000e+00
-5.425 -0.175 0.0000e+00
-5.425 -0.125 0.0000e+00
-5.425 -0.075 0.0000e+00
-5.425 -0.025 0.0000e+00
-5.425 0.025 0.0000e+00
-5.425 0.075 0.0000e+00
-5.425 0.125 0.0000e+00
-5.425 0.175 0.0000e+00
-5.425 0.225 0.0000e+00
-5.425 0.275 0.0000e+00
-5.425 0.325 0.0000e+00
-5.425 0.375 0.0000e+00
-5.425 0.425 0.0000e+00
-5.425 0.475 0.0000e+00
-5.425 0.525 0.0000e+00
-5.425 0.575 0.0000e+00
-5.425 0.625 0.0000e+00
-5.425 0.675 1.8540e-11
-5.425 0.725 3.7004e-11
-5.425 0.775 7.3859e-11
-5.425 0.825 1.4743e-10
-5.425 0.875 2.9429e-10
-5.425 0.925 5.8749e-10
-5.425 0.975 1.1729e-09
-5.425 1.025 2.3416e-09
-5.425 1.075 4.6755e-09
-5.425 1.125 9.3361e-09
-5.425 1.175 1.8644e-08
-5.425 1.225 3.7236e-08
-5.425 1.275 7.4375e-08
-5.425 1.325 1.4857e-07
-5.425 1.375 2.9683e-07
-5.425 1.425 5.9312e-07
-5.425 1.475 1.1853e-06
-5.425 1.525 2.3692e-06
-5.425 1.575 4.7361e-06
-5.425 1.625 9.4695e-06
-5.425 1.675 1.8937e-05
-5.425 1.725 3.7875e-05
-5.425 1.775 7.5767e-05
-5.425 1.825 1.5159e-04
-5.425 1.875 3.0333e-04
-5.425 1.925 6.0701e-04
-5.425 1.975 1.2148e-03
-5.425 2.025 2.4309e-03
-5.425 2.075 4.8637e-03
-5.425 2.125 9.7279e-03
-5.425 2.175 1.9446e-02
-5.425 2.225 3.8841e-02
-5.425 2.275 7.7485e-02
-5.425 2.325 1.5431e-01
-5.425 2.375 3.0659e-01
-5.425 2.425 6.0721e-01
-5.425 2.475 1.1975e+00
-5.425 2.525 2.3488e+00
-5.425 2.575 4.5739e+00
-5.425 2.625 8.8265e+00
-5.425 2.675 1.6839e+01
-5.425 2.725 3.1675e+01
-5.425 2.775 5.8565e+01
-5.425 2.825 1.0608e+02
-5.425 2.875 1.8762e+02
-5.425 2.925 3.2289e+02
-5.425 2.975 5.3915e+02
-5.425 3.025 8.7138e+02
-5.425 3.075 1.3611e+03
-5.425 3.125 2.0536e+03
-5.425 3.175 2.9941e+03
-5.425 3.225 4.2249e+03
-5.425 3.275 5.7844e+03
-5.425 3.325 7.7138e+03
-5.425 3.375 1.0078e+04
-5.425 3.425 1.3014e+04
-5.425 3.475 1.6826e+04
-5.425 3.525 2.2157e+04
-5.425 3.575 3.0233e+04
-5.425 3.625 4.3142e+04
-5.425 3.675 6.3968e+04
-5.425 3.725 9.6437e+04
-5.425 3.775 1.4323e+05
-5.425 3.825 1.9270e+05
-5.425 3.875 0.0000e+00
-5.425 3.925 0.0000e+00
-5.425 3.975 0.0000e+00
-5.375 -1.975 0.0000e+00
-5.375 -1.925 0.0000e+00
-5.375 -1.875 0.0000e+00
-5.375 -1.825 0.0000e+00
-5.375 -1.775 0.0000e+00
-5.375 -1.725 0.0000e+00
-5.375 -1.675 0.0000e+00
-5.375 -1.625 0.0000e+00
-5.375 -1.575 0.0000e+00
-5.375 -1.525 0.0000e+00
-5.375 -1.475 0.0000e+00
-5.375 -1.425 0.0000e+00
-5.375 -1.375 0.0000e+00
-5.375 -1.325 0.0000e+00
-5.375 -1.275 0.0000e+00
-5.375 -1.225 0.0000e+00
-5.375 -1.175 0.0000e+00
-5.375 -1.125 0.0000e+00
-5.375 -1.075 0.0000e+00
-5.375 -1.025 0.0000e+00
-5.375 -0.975 0.0000e+00
-5.375 -0.925 0.0000e+00
-5.375 -0.875 0.0000e+00
-5.375 -0.825 0.0000e+00
-5.375 -0.775 0.0000e+00
-5.375 -0.725 0.0000e+00
-5.375 -0.675 0.0000e+00
-5.375 -0.625 0.0000e+00
-5.375 -0.575 0.0000e+00
-5.375 -0.525 0.0000e+00
-5.375 -0.475 0.0000e+00
-5.375 -0.425 0.0000e+00
-5.375 -0.375 0.0000e+00
-5.375 -0.325 0.0000e+00
-5.375 -0.275 0.0000e+00
-5.375 -0.225 0.0000e+00
-5.375 -0.175 0.0000e+00
-5.375 -0.125 0.0000e+00
-5.375 -0.075 0.0000e+00
-5.375 -0.025 0.0000e+00
-5.375 0.025 0.0000e+00
-5.375 0.075 0.0000e+00
-5.375 0.125 0.0000e+00
-5.375 0.175 0.0000e+00
-5.375 0.225 0.0000e+00
-5.375 0.275 0.0000e+00
-5.375 0.325 0.0000e+00
-5.375 0.375 0.0000e+00
-5.375 0.425 0.0000e+00
-5.375 0.475 0.0000e+00
-5.375 0.525 0.0000e+00
-5.375 0.575 0.0000e+00
-5.375 0.625 0.0000e+00
-5.375 0.675 2.3340e-11
-5.375 0.725 4.6585e-11
-5.375 0.775 9.2983e-11
-5.375 0.825 1.8560e-10
-5.375 0.875 3.7049e-10
-5.375 0.925 7.3960e-10
-5.375 0.975 1.4765e-09
-5.375 1.025 2.9479e-09
-5.375 1.075 5.8861e-09
-5.375 1.125 1.1753e-08
-5.375 1.175 2.3472e-08
-5.375 1.225 4.6877e-08
-5.375 1.275 9.3633e-08
-5.375 1.325 1.8704e-07
-5.375 1.375 3.7369e-07
-5.375 1.425 7.4670e-07
-5.375 1.475 1.4922e-06
-5.375 1.525 2.9826e-06
-5.375 1.575 5.9624e-06
-5.375 1.625 1.1921e-05
-5.375 1.675 2.3840e-05
-5.375 1.725 4.7682e-05
-5.375 1.775 9.5384e-05
-5.375 1.825 1.9084e-04
-5.375 1.875 3.8187e-04
-5.375 1.925 7.6418e-04
-5.375 1.975 1.5293e-03
-5.375 2.025 3.0603e-03
-5.375 2.075 6.1230e-03
-5.375 2.125 1.2247e-02
-5.375 2.175 2.4482e-02
-5.375 2.225 4.8898e-02
-5.375 2.275 9.7548e-02
-5.375 2.325 1.9427e-01
-5.375 2.375 3.8598e-01
-5.375 2.425 7.6444e-01
-5.375 2.475 1.5076e+00
-5.375 2.525 2.9569e+00
-5.375 2.575 5.7582e+00
-5.375 2.625 1.1112e+01
-5.375 2.675 2.1199e+01
-5.375 2.725 3.9876e+01
-5.375 2.775 7.3728e+01
-5.375 2.825 1.3355e+02
-5.375 2.875 2.3619e+02
-5.375 2.925 4.0649e+02
-5.375 2.975 6.7874e+02
-5.375 3.025 1.0970e+03
-5.375 3.075 1.7135e+03
-5.375 3.125 2.5853e+03
-5.375 3.175 3.7694e+03
-5.375 3.225 5.3188e+03
-5.375 3.275 7.2821e+03
-5.375 3.325 9.7111e+03
-5.375 3.375 1.2688e+04
-5.375 3.425 1.6384e+04
-5.375 3.475 2.1184e+04
-5.375 3.525 2.7896e+04
-5.375 3.575 3.8064e+04
-5.375 3.625 5.4316e+04
-5.375 3.675 8.0535e+04
-5.375 3.725 1.2141e+05
-5.375 3.775 1.8031e+05
-5.375 3.825 2.4257e+05
-5.375 3.875 0.0000e+00
-5.375 3.925 0.0000e+00
-5.375 3.975 0.0000e+00
-5.325 -1.975 0.0000e+00
-5.325 -1.925 0.0000e+00
-5.325 -1.875 0.0000e+00
-5.325 -1.825 0.0000e+00
-5.325 -1.775 0.0000e+00
-5.325 -1.725 0.0000e+00
-5.325 -1.675 0.0000e+00
-5.325 -1.625 0.0000e+00
-5.325 -1.575 0.0000e+00
-5.325 -1.525 0.0000e+00
-5.325 -1.475 0.0000e+00
-5.325 -1.425 0.0000e+00
-5.325 -1.375 0.0000e+00
-5.325 -1.325 0.0000e+00
-5.325 -1.275 0.0000e+00
-5.325 -1.225 0.0000e+00
-5.325 -1.175 0.0000e+00
-5.325 -1.125 0.0000e+00
-5.325 -1.075 0.0000e+00
-5.325 -1.025 0.0000e+00
-5.325 -0.975 0.0000e+00
-5.325 -0.925 0.0000e+00
-5.325 -0.875 0.0000e+00
-5.325 -0.825 0.0000e+00
-5.325 -0.775 0.0000e+00
-5.325 -0.725 0.0000e+00
-5.325 -0.675 0.0000e+00
-5.325 -0.625 0.0000e+00
-5.325 -0.575 0.0000e+00
-5.325 -0.525 0.0000e+00
-5.325 -0.475 0.0000e+00
-5.325 -0.425 0.0000e+00
-5.325 -0.375 0.0000e+00
-5.325 -0.325 0.0000e+00
-5.325 -0.275 0.0000e+00
-5.325 -0.225 0.0000e+00
-5.325 -0.175 0.0000e+00
-5.325 -0.125 0.0000e+00
-5.325 -0.075 0.0000e+00
-5.325 -0.025 0.0000e+00
-5.325 0.025 0.0000e+00
-5.325 0.075 0.0000e+00
-5.325 0.125 0.0000e+00
-5.325 0.175 0.0000e+00
-5.325 0.225 0.0000e+00
-5.325 0.275 0.0000e+00
-5.325 0.325 0.0000e+00
-5.325 0.375 0.0000e+00
-5.325 0.425 0.0000e+00
-5.325 0.475 0.0000e+00
-5.325 0.525 0.0000e+00
-5.325 0.575 0.0000e+00
-5.325 0.625 0.0000e+00
-5.325 0.675 2.9383e-11
-5.325 0.725 5.8647e-11
-5.325 0.775 1.1706e-10
-5.325 0.825 2.3366e-10
-5.325 0.875 4.6642e-10
-5.325 0.925 9.3110e-10
-5.325 0.975 1.8588e-09
-5.325 1.025 3.7112e-09
-5.325 1.075 7.4101e-09
-5.325 1.125 1.4797e-08
-5.325 1.175 2.9549e-08
-5.325 1.225 5.9015e-08
-5.325 1.275 1.1788e-07
-5.325 1.325 2.3547e-07
-5.325 1.375 4.7045e-07
-5.325 1.425 9.4003e-07
-5.325 1.475 1.8786e-06
-5.325 1.525 3.7549e-06
-5.325 1.575 7.5062e-06
-5.325 1.625 1.5008e-05
-5.325 1.675 3.0012e-05
-5.325 1.725 6.0028e-05
-5.325 1.775 1.2008e-04
-5.325 1.825 2.4025e-04
-5.325 1.875 4.8074e-04
-5.325 1.925 9.6205e-04
-5.325 1.975 1.9253e-03
-5.325 2.025 3.8527e-03
-5.325 2.075 7.7084e-03
-5.325 2.125 1.5418e-02
-5.325 2.175 3.0820e-02
-5.325 2.225 6.1559e-02
-5.325 2.275 1.2281e-01
-5.325 2.325 2.4457e-01
-5.325 2.375 4.8592e-01
-5.325 2.425 9.6237e-01
-5.325 2.475 1.8980e+00
-5.325 2.525 3.7225e+00
-5.325 2.575 7.2491e+00
-5.325 2.625 1.3989e+01
-5.325 2.675 2.6688e+01
-5.325 2.725 5.0201e+01
-5.325 2.775 9.2818e+01
-5.325 2.825 1.6813e+02
-5.325 2.875 2.9735e+02
-5.325 2.925 5.1174e+02
-5.325 2.975 8.5447e+02
-5.325 3.025 1.3810e+03
-5.325 3.075 2.1571e+03
-5.325 3.125 3.2546e+03
-5.325 3.175 4.7453e+03
-5.325 3.225 6.6959e+03
-5.325 3.275 9.1675e+03
-5.325 3.325 1.2226e+04
-5.325 3.375 1.5973e+04
-5.325 3.425 2.0627e+04
-5.325 3.475 2.6671e+04
-5.325 3.525 3.5122e+04
-5.325 3.575 4.7925e+04
-5.325 3.625 6.8386e+04
-5.325 3.675 1.0139e+05
-5.325 3.725 1.5284e+05
-5.325 3.775 2.2698e+05
-5.325 3.825 3.0534e+05
-5.325 3.875 0.0000e+00
-5.325 3.925 0.0000e+00
-5.325 3.975 0.0000e+00
-5.275 -1.975 0.0000e+00
-5.275 -1.925 0.0000e+00
-5.275 -1.875 0.0000e+00
-5.275 -1.825 0.0000e+00
-5.275 -1.775 0.0000e+00
-5.275 -1.725 0.0000e+00
-5.275 -1.675 0.0000e+00
-5.275 -1.625 0.0000e+00
-5.275 -1.575 0.0000e+00
-5.275 -1.525 0.0000e+00
-5.275 -1.475 0.0000e+00
-5.275 -1.425 0.0000e+00
-5.275 -1.375 0.0000e+00
-5.275 -1.325 0.0000e+00
-5.275 -1.275 0.0000e+00
-5.275 -1.225 0.0000e+00
-5.275 -1.175 0.0000e+00
-5.275 -1.125 0.0000e+00
-5.275 -1.075 0.0000e+00
-5.275 -1.025 0.0000e+00
-5.275 -0.975 0.0000e+00
-5.275 -0.925 0.0000e+00
-5.275 -0.875 0.0000e+00
-5.275 -0.825 0.0000e+00
-5.275 -0.775 0.0000e+00
-5.275 -0.725 0.0000e+00
-5.275 -0.675 0.0000e+00
-5.275 -0.625 0.0000e+00
-5.275 -0.575 0.0000e+00
-5.275 -0.525 0.0000e+00
-5.275 -0.475 0.0000e+00
-5.275 -0.425 0.0000e+00
-5.275 -0.375 0.0000e+00
-5.275 -0.325 0.0000e+00
-5.275 -0.275 0.0000e+00
-5.275 -0.225 0.0000e+00
-5.275 -0.175 0.0000e+00
-5.275 -0.125 0.0000e+00
-5.275 -0.075 0.0000e+00
-5.275 -0.025 0.0000e+00
-5.275 0.025 0.0000e+00
-5.275 0.075 0.0000e+00
-5.275 0.125 0.0000e+00
-5.275 0.175 0.0000e+00
-5.275 0.225 0.0000e+00
-5.275 0.275 0.0000e+00
-5.275 0.325 0.0000e+00
-5.275 0.375 0.0000e+00
-5.275 0.425 0.0000e+00
-5.275 0.475 0.0000e+00
-5.275 0.525 0.0000e+00
-5.275 0.575 0.0000e+00
-5.275 0.625 0.0000e+00
-5.275 0.675 3.6992e-11
-5.275 0.725 7.3832e-11
-5.275 0.775 1.4737e-10
-5.275 0.825 2.9416e-10
-5.275 0.875 5.8719e-10
-5.275 0.925 1.1722e-09
-5.275 0.975 2.3402e-09
-5.275 1.025 4.6722e-09
-5.275 1.075 9.3288e-09
-5.275 1.125 1.8628e-08
-5.275 1.175 3.7200e-08
-5.275 1.225 7.4296e-08
-5.275 1.275 1.4840e-07
-5.275 1.325 2.9645e-07
-5.275 1.375 5.9226e-07
-5.275 1.425 1.1834e-06
-5.275 1.475 2.3650e-06
-5.275 1.525 4.7271e-06
-5.275 1.575 9.4498e-06
-5.275 1.625 1.8894e-05
-5.275 1.675 3.7783e-05
-5.275 1.725 7.5571e-05
-5.275 1.775 1.5117e-04
-5.275 1.825 3.0246e-04
-5.275 1.875 6.0522e-04
-5.275 1.925 1.2111e-03
-5.275 1.975 2.4238e-03
-5.275 2.025 4.8503e-03
-5.275 2.075 9.7043e-03
-5.275 2.125 1.9410e-02
-5.275 2.175 3.8801e-02
-5.275 2.225 7.7498e-02
-5.275 2.275 1.5460e-01
-5.275 2.325 3.0789e-01
-5.275 2.375 6.1173e-01
-5.275 2.425 1.2115e+00
-5.275 2.475 2.3894e+00
-5.275 2.525 4.6863e+00
-5.275 2.575 9.1260e+00
-5.275 2.625 1.7611e+01
-5.275 2.675 3.3598e+01
-5.275 2.725 6.3198e+01
-5.275 2.775 1.1685e+02
-5.275 2.825 2.1166e+02
-5.275 2.875 3.7433e+02
-5.275 2.925 6.4423e+02
-5.275 2.975 1.0757e+03
-5.275 3.025 1.7386e+03
-5.275 3.075 2.7156e+03
-5.275 3.125 4.0973e+03
-5.275 3.175 5.9739e+03
-5.275 3.225 8.4295e+03
-5.275 3.275 1.1541e+04
-5.275 3.325 1.5391e+04
-5.275 3.375 2.0109e+04
-5.275 3.425 2.5969e+04
-5.275 3.475 3.3579e+04
-5.275 3.525 4.4221e+04
-5.275 3.575 6.0341e+04
-5.275 3.625 8.6103e+04
-5.275 3.675 1.2766e+05
-5.275 3.725 1.9242e+05
-5.275 3.775 2.8573e+05
-5.275 3.825 3.8433e+05
-5.275 3.875 0.0000e+00
-5.275 3.925 0.0000e+00
-5.275 3.975 0.0000e+00
-5.225 -1.975 0.0000e+00
-5.225 -1.925 0.0000e+00
-5.225 -1.875 0.0000e+00
-5.225 -1.825 0.0000e+00
-5.225 -1.775 0.0000e+00
-5.225 -1.725 0.0000e+00
-5.225 -1.675 0.0000e+00
-5.225 -1.625 0.0000e+00
-5.225 -1.575 0.0000e+00
-5.225 -1.525 0.0000e+00
-5.225 -1.475 0.0000e+00
-5.225 -1.425 0.0000e+00
-5.225 -1.375 0.0000e+00
-5.225 -1.325 0.0000e+00
-5.225 -1.275 0.0000e+00
-5.225 -1.225 0.0000e+00
-5.225 -1.175 0.0000e+00
-5.225 -1.125 0.0000e+00
-5.225 -1.075 0.0000e+00
-5.225 -1.025 0.0000e+00
-5.225 -0.975 0.0000e+00
-5.225 -0.925 0.0000e+00
-5.225 -0.875 0.0000e+00
-5.225 -0.825 0.0000e+00
-5.225 -0.775 0.0000e+00
-5.225 -0.725 0.0000e+00
-5.225 -0.675 0.0000e+00
-5.225 -0.625 0.0000e+00
-5.225 -0.575 0.0000e+00
-5.225 -0.525 0.0000e+00
-5.225 -0.475 0.0000e+00
-5.225 -0.425 0.0000e+00
-5.225 -0.375 0.0000e+00
-5.225 -0.325 0.0000e+00
-5.225 -0.275 0.0000e+00
-5.225 -0.225 0.0000e+00
-5.225 -0.175 0.0000e+00
-5.225 -0.125 0.0000e+00
-5.225 -0.075 0.0000e+00
-5.225 -0.025 0.0000e+00
-5.225 0.025 0.0000e+00
-5.225 0.075 0.0000e+00
-5.225 0.125 0.0000e+00
-5.225 0.175 0.0000e+00
-5.225 0.225 0.0000e+00
-5.225 0.275 0.0000e+00
-5.225 0.325 0.0000e+00
-5.225 0.375 0.0000e+00
-5.225 0.425 0.0000e+00
-5.225 0.475 0.0000e+00
-5.225 0.525 0.0000e+00
-5.225 0.575 0.0000e+00
-5.225 0.625 0.0000e+00
-5.225 0.675 4.6570e-11
-5.225 0.725 9.2949e-11
-5.225 0.775 1.8553e-10
-5.225 0.825 3.7032e-10
-5.225 0.875 7.3923e-10
-5.225 0.925 1.4757e-09
-5.225 0.975 2.9461e-09
-5.225 1.025 5.8819e-09
-5.225 1.075 1.1744e-08
-5.225 1.125 2.3451e-08
-5.225 1.175 4.6832e-08
-5.225 1.225 9.3533e-08
-5.225 1.275 1.8682e-07
-5.225 1.325 3.7320e-07
-5.225 1.375 7.4562e-07
-5.225 1.425 1.4899e-06
-5.225 1.475 2.9774e-06
-5.225 1.525 5.9511e-06
-5.225 1.575 1.1897e-05
-5.225 1.625 2.3786e-05
-5.225 1.675 4.7567e-05
-5.225 1.725 9.5138e-05
-5.225 1.775 1.9032e-04
-5.225 1.825 3.8077e-04
-5.225 1.875 7.6192e-04
-5.225 1.925 1.5247e-03
-5.225 1.975 3.0514e-03
-5.225 2.025 6.1061e-03
-5.225 2.075 1.2217e-02
-5.225 2.125 2.4435e-02
-5.225 2.175 4.8847e-02
-5.225 2.225 9.7564e-02
-5.225 2.275 1.9463e-01
-5.225 2.325 3.8761e-01
-5.225 2.375 7.7012e-01
-5.225 2.425 1.5252e+00
-5.225 2.475 3.0080e+00
-5.225 2.525 5.8997e+00
-5.225 2.575 1.1489e+01
-5.225 2.625 2.2171e+01
-5.225 2.675 4.2297e+01
-5.225 2.725 7.9561e+01
-5.225 2.775 1.4710e+02
-5.225 2.825 2.6646e+02
-5.225 2.875 4.7125e+02
-5.225 2.925 8.1102e+02
-5.225 2.975 1.3542e+03
-5.225 3.025 2.1887e+03
-5.225 3.075 3.4187e+03
-5.225 3.125 5.1580e+03
-5.225 3.175 7.5205e+03
-5.225 3.225 1.0612e+04
-5.225 3.275 1.4529e+04
-5.225 3.325 1.9376e+04
-5.225 3.375 2.5317e+04
-5.225 3.425 3.2695e+04
-5.225 3.475 4.2277e+04
-5.225 3.525 5.5678e+04
-5.225 3.575 7.5977e+04
-5.225 3.625 1.0841e+05
-5.225 3.675 1.6072e+05
-5.225 3.725 2.4224e+05
-5.225 3.775 3.5967e+05
-5.225 3.825 4.8374e+05
-5.225 3.875 0.0000e+00
-5.225 3.925 0.0000e+00
-5.225 3.975 0.0000e+00
-5.175 -1.975 0.0000e+00
-5.175 -1.925 0.0000e+00
-5.175 -1.875 0.0000e+00
-5.175 -1.825 0.0000e+00
-5.175 -1.775 0.0000e+00
-5.175 -1.725 0.0000e+00
-5.175 -1.675 0.0000e+00
-5.175 -1.625 0.0000e+00
-5.175 -1.575 0.0000e+00
-5.175 -1.525 0.0000e+00
-5.175 -1.475 0.0000e+00
-5.175 -1.425 0.0000e+00
-5.175 -1.375 0.0000e+00
-5.175 -1.325 0.0000e+00
-5.175 -1.275 0.0000e+00
-5.175 -1.225 0.0000e+00
-5.175 -1.175 0.0000e+00
-5.175 -1.125 0.0000e+00
-5.175 -1.075 0.0000e+00
-5.175 -1.025 0.0000e+00
-5.175 -0.975 0.0000e+00
-5.175 -0.925 0.0000e+00
-5.175 -0.875 0.0000e+00
-5.175 -0.825 0.0000e+00
-5.175 -0.775 0.0000e+00
-5.175 -0.725 0.0000e+00
-5.175 -0.675 0.0000e+00
-5.175 -0.625 0.0000e+00
-5.175 -0.575 0.0000e+00
-5.175 -0.525 0.0000e+00
-5.175 -0.475 0.0000e+00
-5.175 -0.425 0.0000e+00
-5.175 -0.375 0.0000e+00
-5.175 -0.325 0.0000e+00
-5.175 -0.275 0.0000e+00
-5.175 -0.225 0.0000e+00
-5.175 -0.175 0.0000e+00
-5.175 -0.125 0.0000e+00
-5.175 -0.075 0.0000e+00
-5.175 -0.025 0.0000e+00
-5.175 0.025 0.0000e+00
-5.175 0.075 0.0000e+00
-5.175 0.125 0.0000e+00
-5.175 0.175 0.0000e+00
-5.175 0.225 0.0000e+00
-5.175 0.275 0.0000e+00
-5.175 0.325 0.0000e+00
-5.175 0.375 0.0000e+00
-5.175 0.425 0.0000e+00
-5.175 0.475 0.0000e+00
-5.175 0.525 0.0000e+00
-5.175 0.575 0.0000e+00
-5.175 0.625 0.0000e+00
-5.175 0.675 5.8628e-11
-5.175 0.725 1.1702e-10
-5.175 0.775 2.3356e-10
-5.175 0.825 4.6621e-10
-5.175 0.875 9.3063e-10
-5.175 0.925 1.8578e-09
-5.175 0.975 3.7089e-09
-5.175 1.025 7.4049e-09
-5.175 1.075 1.4785e-08
-5.175 1.125 2.9523e-08
-5.175 1.175 5.8958e-08
-5.175 1.225 1.1775e-07
-5.175 1.275 2.3520e-07
-5.175 1.325 4.6983e-07
-5.175 1.375 9.3867e-07
-5.175 1.425 1.8756e-06
-5.175 1.475 3.7483e-06
-5.175 1.525 7.4919e-06
-5.175 1.575 1.4977e-05
-5.175 1.625 2.9945e-05
-5.175 1.675 5.9883e-05
-5.175 1.725 1.1977e-04
-5.175 1.775 2.3959e-04
-5.175 1.825 4.7937e-04
-5.175 1.875 9.5921e-04
-5.175 1.925 1.9195e-03
-5.175 1.975 3.8414e-03
-5.175 2.025 7.6872e-03
-5.175 2.075 1.5380e-02
-5.175 2.125 3.0762e-02
-5.175 2.175 6.1495e-02
-5.175 2.225 1.2283e-01
-5.175 2.275 2.4503e-01
-5.175 2.325 4.8798e-01
-5.175 2.375 9.6952e-01
-5.175 2.425 1.9202e+00
-5.175 2.475 3.7869e+00
-5.175 2.525 7.4273e+00
-5.175 2.575 1.4464e+01
-5.175 2.625 2.7911e+01
-5.175 2.675 5.3248e+01
-5.175 2.725 1.0016e+02
-5.175 2.775 1.8519e+02
-5.175 2.825 3.3545e+02
-5.175 2.875 5.9326e+02
-5.175 2.925 1.0210e+03
-5.175 2.975 1.7048e+03
-5.175 3.025 2.7553e+03
-5.175 3.075 4.3038e+03
-5.175 3.125 6.4934e+03
-5.175 3.175 9.4675e+03
-5.175 3.225 1.3359e+04
-5.175 3.275 1.8291e+04
-5.175 3.325 2.4394e+04
-5.175 3.375 3.1873e+04
-5.175 3.425 4.1163e+04
-5.175 3.475 5.3230e+04
-5.175 3.525 7.0106e+04
-5.175 3.575 9.5667e+04
-5.175 3.625 1.3651e+05
-5.175 3.675 2.0236e+05
-5.175 3.725 3.0496e+05
-5.175 3.775 4.5274e+05
-5.175 3.825 6.0882e+05
-5.175 3.875 0.0000e+00
-5.175 3.925 0.0000e+00
-5.175 3.975 0.0000e+00
-5.125 -1.975 0.0000e+00
-5.125 -1.925 0.0000e+00
-5.125 -1.875 0.0000e+00
-5.125 -1.825 0.0000e+00
-5.125 -1.775 0.0000e+00
-5.125 -1.725 0.0000e+00
-5.125 -1.675 0.0000e+00
-5.125 -1.625 0.0000e+00
-5.125 -1.575 0.0000e+00
-5.125 -1.525 0.0000e+00
-5.125 -1.475 0.0000e+00
-5.125 -1.425 0.0000e+00
-5.125 -1.375 0.0000e+00
-5.125 -1.325 0.0000e+00
-5.125 -1.275 0.0000e+00
-5.125 -1.225 0.0000e+00
-5.125 -1.175 0.0000e+00
-5.125 -1.125 0.0000e+00
-5.125 -1.075 0.0000e+00
-5.125 -1.025 0.0000e+00
-5.125 -0.975 0.0000e+00
-5.125 -0.925 0.0000e+00
-5.125 -0.875 0.0000e+00
-5.125 -0.825 0.0000e+00
-5.125 -0.775 0.0000e+00
-5.125 -0.725 0.0000e+00
-5.125 -0.675 0.0000e+00
-5.125 -0.625 0.0000e+00
-5.125 -0.575 0.0000e+00
-5.125 -0.525 0.0000e+00
-5.125 -0.475 0.0000e+00
-5.125 -0.425 0.0000e+00
-5.125 -0.375 0.0000e+00
-5.125 -0.325 0.0000e+00
-5.125 -0.275 0.0000e+00
-5.125 -0.225 0.0000e+00
-5.125 -0.175 0.0000e+00
-5.125 -0.125 0.0000e+00
-5.125 -0.075 0.0000e+00
-5.125 -0.025 0.0000e+00
-5.125 0.025 0.0000e+00
-5.125 0.075 0.0000e+00
-5.125 0.125 0.0000e+00
-5.125 0.175 0.0000e+00
-5.125 0.225 0.0000e+00
-5.125 0.275 0.0000e+00
-5.125 0.325 0.0000e+00
-5.125 0.375 0.0000e+00
-5.125 0.425 0.0000e+00
-5.125 0.475 0.0000e+00
-5.125 0.525 0.0000e+00
-5.125 0.575 0.0000e+00
-5.125 0.625 0.0000e+00
-5.125 0.675 7.3808e-11
-5.125 0.725 1.4731e-10
-5.125 0.775 2.9404e-10
-5.125 0.825 5.8692e-10
-5.125 0.875 1.1716e-09
-5.125 0.925 2.3388e-09
-5.125 0.975 4.6692e-09
-5.125 1.025 9.3222e-09
-5.125 1.075 1.8613e-08
-5.125 1.125 3.7168e-08
-5.125 1.175 7.4224e-08
-5.125 1.225 1.4824e-07
-5.125 1.275 2.9609e-07
-5.125 1.325 5.9149e-07
-5.125 1.375 1.1817e-06
-5.125 1.425 2.3613e-06
-5.125 1.475 4.7188e-06
-5.125 1.525 9.4318e-06
-5.125 1.575 1.8855e-05
-5.125 1.625 3.7699e-05
-5.125 1.675 7.5388e-05
-5.125 1.725 1.5078e-04
-5.125 1.775 3.0163e-04
-5.125 1.825 6.0349e-04
-5.125 1.875 1.2076e-03
-5.125 1.925 2.4165e-03
-5.125 1.975 4.8361e-03
-5.125 2.025 9.6775e-03
-5.125 2.075 1.9363e-02
-5.125 2.125 3.8727e-02
-5.125 2.175 7.7417e-02
-5.125 2.225 1.5463e-01
-5.125 2.275 3.0847e-01
-5.125 2.325 6.1432e-01
-5.125 2.375 1.2206e+00
-5.125 2.425 2.4173e+00
-5.125 2.475 4.7674e+00
-5.125 2.525 9.3503e+00
-5.125 2.575 1.8208e+01
-5.125 2.625 3.5137e+01
-5.125 2.675 6.7035e+01
-5.125 2.725 1.2609e+02
-5.125 2.775 2.3313e+02
-5.125 2.825 4.2230e+02
-5.125 2.875 7.4685e+02
-5.125 2.925 1.2853e+03
-5.125 2.975 2.1461e+03
-5.125 3.025 3.4686e+03
-5.125 3.075 5.4179e+03
-5.125 3.125 8.1744e+03
-5.125 3.175 1.1918e+04
-5.125 3.225 1.6818e+04
-5.125 3.275 2.3027e+04
-5.125 3.325 3.0710e+04
-5.125 3.375 4.0128e+04
-5.125 3.425 5.1826e+04
-5.125 3.475 6.7023e+04
-5.125 3.525 8.8277e+04
-5.125 3.575 1.2047e+05
-5.125 3.625 1.7189e+05
-5.125 3.675 2.5479e+05
-5.125 3.725 3.8392e+05
-5.125 3.775 5.6987e+05
-5.125 3.825 7.6620e+05
-5.125 3.875 0.0000e+00
-5.125 3.925 0.0000e+00
-5.125 3.975 0.0000e+00
-5.075 -1.975 0.0000e+00
-5.075 -1.925 0.0000e+00
-5.075 -1.875 0.0000e+00
-5.075 -1.825 0.0000e+00
-5.075 -1.775 0.0000e+00
-5.075 -1.725 0.0000e+00
-5.075 -1.675 0.0000e+00
-5.075 -1.625 0.0000e+00
-5.075 -1.575 0.0000e+00
-5.075 -1.525 0.0000e+00
-5.075 -1.475 0.0000e+00
-5.075 -1.425 0.0000e+00
-5.075 -1.375 0.0000e+00
-5.075 -1.325 0.0000e+00
-5.075 -1.275 0.0000e+00
-5.075 -1.225 0.0000e+00
-5.075 -1.175 0.0000e+00
-5.075 -1.125 0.0000e+00
-5.075 -1.075 0.0000e+00
-5.075 -1.025 0.0000e+00
-5.075 -0.975 0.0000e+00
-5.075 -0.925 0.0000e+00
-5.075 -0.875 0.0000e+00
-5.075 -0.825 0.0000e+00
-5.075 -0.775 0.0000e+00
-5.075 -0.725 0.0000e+00
-5.075 -0.675 0.0000e+00
-5.075 -0.625 0.0000e+00
-5.075 -0.575 0.0000e+00
-5.075 -0.525 0.0000e+00
-5.075 -0.475 0.0000e+00
-5.075 -0.425 0.0000e+00
-5.075 -0.375 0.0000e+00
-5.075 -0.325 0.0000e+00
-5.075 -0.275 0.0000e+00
-5.075 -0.225 0.0000e+00
-5.075 -0.175 0.0000e+00
-5.075 -0.125 0.0000e+00
-5.075 -0.075 0.0000e+00
-5.075 -0.025 0.0000e+00
-5.075 0.025 0.0000e+00
-5.075 0.075 0.0000e+00
-5.075 0.125 0.0000e+00
-5.075 0.175 0.0000e+00
-5.075 0.225 0.0000e+00
-5.075 0.275 0.0000e+00
-5.075 0.325 0.0000e+00
-5.075 0.375 0.0000e+00
-5.075 0.425 0.0000e+00
-5.075 0.475 0.0000e+00
-5.075 0.525 0.0000e+00
-5.075 0.575 0.0000e+00
-5.075 0.625 0.0000e+00
-5.075 0.675 9.2919e-11
-5.075 0.725 1.8546e-10
-5.075 0.775 3.7017e-10
-5.075 0.825 7.3889e-10
-5.075 0.875 1.4749e-09
-5.075 0.925 2.9444e-09
-5.075 0.975 5.8782e-09
-5.075 1.025 1.1736e-08
-5.075 1.075 2.3433e-08
-5.075 1.125 4.6791e-08
-5.075 1.175 9.3442e-08
-5.075 1.225 1.8662e-07
-5.075 1.275 3.7276e-07
-5.075 1.325 7.4464e-07
-5.075 1.375 1.4877e-06
-5.075 1.425 2.9726e-06
-5.075 1.475 5.9407e-06
-5.075 1.525 1.1874e-05
-5.075 1.575 2.3737e-05
-5.075 1.625 4.7460e-05
-5.075 1.675 9.4908e-05
-5.075 1.725 1.8982e-04
-5.075 1.775 3.7973e-04
-5.075 1.825 7.5974e-04
-5.075 1.875 1.5202e-03
-5.075 1.925 3.0423e-03
-5.075 1.975 6.0882e-03
-5.075 2.025 1.2183e-02
-5.075 2.075 2.4376e-02
-5.075 2.125 4.8755e-02
-5.075 2.175 9.7462e-02
-5.075 2.225 1.9467e-01
-5.075 2.275 3.8834e-01
-5.075 2.325 7.7338e-01
-5.075 2.375 1.5366e+00
-5.075 2.425 3.0432e+00
-5.075 2.475 6.0017e+00
-5.075 2.525 1.1771e+01
-5.075 2.575 2.2923e+01
-5.075 2.625 4.4235e+01
-5.075 2.675 8.4390e+01
-5.075 2.725 1.5874e+02
-5.075 2.775 2.9349e+02
-5.075 2.825 5.3162e+02
-5.075 2.875 9.4019e+02
-5.075 2.925 1.6180e+03
-5.075 2.975 2.7017e+03
-5.075 3.025 4.3665e+03
-5.075 3.075 6.8204e+03
-5.075 3.125 1.0290e+04
-5.075 3.175 1.5004e+04
-5.075 3.225 2.1172e+04
-5.075 3.275 2.8989e+04
-5.075 3.325 3.8662e+04
-5.075 3.375 5.0520e+04
-5.075 3.425 6.5252e+04
-5.075 3.475 8.4393e+04
-5.075 3.525 1.1116e+05
-5.075 3.575 1.5171e+05
-5.075 3.625 2.1646e+05
-5.075 3.675 3.2082e+05
-5.075 3.725 4.8332e+05
-5.075 3.775 7.1726e+05
-5.075 3.825 9.6417e+05
-5.075 3.875 0.0000e+00
-5.075 3.925 0.0000e+00
-5.075 3.975 0.0000e+00
-5.025 -1.975 0.0000e+00
-5.025 -1.925 0.0000e+00
-5.025 -1.875 0.0000e+00
-5.025 -1.825 0.0000e+00
-5.025 -1.775 0.0000e+00
-5.025 -1.725 0.0000e+00
-5.025 -1.675 0.0000e+00
-5.025 -1.625 0.0000e+00
-5.025 -1.575 0.0000e+00
-5.025 -1.525 0.0000e+00
-5.025 -1.475 0.0000e+00
-5.025 -1.425 0.0000e+00
-5.025 -1.375 0.0000e+00
-5.025 -1.325 0.0000e+00
-5.025 -1.275 0.0000e+00
-5.025 -1.225 0.0000e+00
-5.025 -1.175 0.0000e+00
-5.025 -1.125 0.0000e+00
-5.025 -1.075 0.0000e+00
-5.025 -1.025 0.0000e+00
-5.025 -0.975 0.0000e+00
-5.025 -0.925 0.0000e+00
-5.025 -0.875 0.0000e+00
-5.025 -0.825 0.0000e+00
-5.025 -0.775 0.0000e+00
-5.025 -0.725 0.0000e+00
-5.025 -0.675 0.0000e+00
-5.025 -0.625 0.0000e+00
-5.025 -0.575 0.0000e+00
-5.025 -0.525 0.0000e+00
-5.025 -0.475 0.0000e+00
-5.025 -0.425 0.0000e+00
-5.025 -0.375 0.0000e+00
-5.025 -0.325 0.0000e+00
-5.025 -0.275 0.0000e+00
-5.025 -0.225 0.0000e+00
-5.025 -0.175 0.0000e+00
-5.025 -0.125 0.0000e+00
-5.025 -0.075 0.0000e+00
-5.025 -0.025 0.0000e+00
-5.025 0.025 0.0000e+00
-5.025 0.075 0.0000e+00
-5.025 0.125 0.0000e+00
-5.025 0.175 0.0000e+00
-5.025 0.225 0.0000e+00
-5.025 0.275 0.0000e+00
-5.025 0.325 0.0000e+00
-5.025 0.375 0.0000e+00
-5.025 0.425 0.0000e+00
-5.025 0.475 0.0000e+00
-5.025 0.525 0.0000e+00
-5.025 0.575 0.0000e+00
-5.025 0.625 0.0000e+00
-5.025 0.675 1.1698e-10
-5.025 0.725 2.3348e-10
-5.025 0.775 4.6602e-10
-5.025 0.825 9.3021e-10
-5.025 0.875 1.8569e-09
-5.025 0.925 3.7068e-09
-5.025 0.975 7.4002e-09
-5.025 1.025 1.4775e-08
-5.025 1.075 2.9500e-08
-5.025 1.125 5.8907e-08
-5.025 1.175 1.1764e-07
-5.025 1.225 2.3494e-07
-5.025 1.275 4.6928e-07
-5.025 1.325 9.3744e-07
-5.025 1.375 1.8729e-06
-5.025 1.425 3.7423e-06
-5.025 1.475 7.4789e-06
-5.025 1.525 1.4948e-05
-5.025 1.575 2.9883e-05
-5.025 1.625 5.9748e-05
-5.025 1.675 1.1948e-04
-5.025 1.725 2.3898e-04
-5.025 1.775 4.7805e-04
-5.025 1.825 9.5646e-04
-5.025 1.875 1.9139e-03
-5.025 1.925 3.8300e-03
-5.025 1.975 7.6646e-03
-5.025 2.025 1.5338e-02
-5.025 2.075 3.0688e-02
-5.025 2.125 6.1379e-02
-5.025 2.175 1.2270e-01
-5.025 2.225 2.4507e-01
-5.025 2.275 4.8889e-01
-5.025 2.325 9.7363e-01
-5.025 2.375 1.9344e+00
-5.025 2.425 3.8311e+00
-5.025 2.475 7.5557e+00
-5.025 2.525 1.4819e+01
-5.025 2.575 2.8858e+01
-5.025 2.625 5.5687e+01
-5.025 2.675 1.0624e+02
-5.025 2.725 1.9983e+02
-5.025 2.775 3.6947e+02
-5.025 2.825 6.6925e+02
-5.025 2.875 1.1836e+03
-5.025 2.925 2.0369e+03
-5.025 2.975 3.4011e+03
-5.025 3.025 5.4968e+03
-5.025 3.075 8.5859e+03
-5.025 3.125 1.2954e+04
-5.025 3.175 1.8888e+04
-5.025 3.225 2.6653e+04
-5.025 3.275 3.6494e+04
-5.025 3.325 4.8673e+04
-5.025 3.375 6.3606e+04
-5.025 3.425 8.2160e+04
-5.025 3.475 1.0627e+05
-5.025 3.525 1.3999e+05
-5.025 3.575 1.9106e+05
-5.025 3.625 2.7260e+05
-5.025 3.675 4.0397e+05
-5.025 3.725 6.0846e+05
-5.025 3.775 9.0273e+05
-5.025 3.825 1.2132e+06
-5.025 3.875 0.0000e+00
-5.025 3.925 0.0000e+00
-5.025 3.975 0.0000e+00
-4.975 -1.975 0.0000e+00
-4.975 -1.925 0.0000e+00
-4.975 -1.875 0.0000e+00
-4.975 -1.825 0.0000e+00
-4.975 -1.775 0.0000e+00
-4.975 -1.725 0.0000e+00
-4.975 -1.675 0.0000e+00
-4.975 -1.625 0.0000e+00
-4.975 -1.575 0.0000e+00
-4.975 -1.525 0.0000e+00
-4.975 -1.475 0.0000e+00
-4.975 -1.425 0.0000e+00
-4.975 -1.375 0.0000e+00
-4.975 -1.325 0.0000e+00
-4.975 -1.275 0.0000e+00
-4.975 -1.225 0.0000e+00
-4.975 -1.175 0.0000e+00
-4.975 -1.125 0.0000e+00
-4.975 -1.075 0.0000e+00
-4.975 -1.025 0.0000e+00
-4.975 -0.975 0.0000e+00
-4.975 -0.925 0.0000e+00
-4.975 -0.875 0.0000e+00
-4.975 -0.825 0.0000e+00
-4.975 -0.775 0.0000e+00
-4.975 -0.725 0.0000e+00
-4.975 -0.675 0.0000e+00
-4.975 -0.625 0.0000e+00
-4.975 -0.575 0.0000e+00
-4.975 -0.525 0.0000e+00
-4.975 -0.475 0.0000e+00
-4.975 -0.425 0.0000e+00
-4.975 -0.375 0.0000e+00
-4.975 -0.325 0.0000e+00
-4.975 -0.275 0.0000e+00
-4.975 -0.225 0.0000e+00
-4.975 -0.175 0.0000e+00
-4.975 -0.125 0.0000e+00
-4.975 -0.075 0.0000e+00
-4.975 -0.025 0.0000e+00
-4.975 0.025 0.0000e+00
-4.975 0.075 0.0000e+00
-4.975 0.125 0.0000e+00
-4.975 0.175 0.0000e+00
-4.975 0.225 0.0000e+00
-4.975 0.275 0.0000e+00
-4.975 0.325 0.0000e+00
-4.975 0.375 0.0000e+00
-4.975 0.425 0.0000e+00
-4.975 0.475 0.0000e+00
-4.975 0.525 0.0000e+00
-4.975 0.575 0.0000e+00
-4.975 0.625 0.0000e+00
-4.975 0.675 1.4727e-10
-4.975 0.725 2.9393e-10
-4.975 0.775 5.8668e-10
-4.975 0.825 1.1711e-09
-4.975 0.875 2.3376e-09
-4.975 0.925 4.6666e-09
-4.975 0.975 9.3163e-09
-4.975 1.025 1.8600e-08
-4.975 1.075 3.7138e-08
-4.975 1.125 7.4159e-08
-4.975 1.175 1.4810e-07
-4.975 1.225 2.9578e-07
-4.975 1.275 5.9078e-07
-4.975 1.325 1.1802e-06
-4.975 1.375 2.3578e-06
-4.975 1.425 4.7113e-06
-4.975 1.475 9.4153e-06
-4.975 1.525 1.8819e-05
-4.975 1.575 3.7620e-05
-4.975 1.625 7.5218e-05
-4.975 1.675 1.5042e-04
-4.975 1.725 3.0085e-04
-4.975 1.775 6.0183e-04
-4.975 1.825 1.2041e-03
-4.975 1.875 2.4094e-03
-4.975 1.925 4.8216e-03
-4.975 1.975 9.6492e-03
-4.975 2.025 1.9309e-02
-4.975 2.075 3.8633e-02
-4.975 2.125 7.7271e-02
-4.975 2.175 1.5447e-01
-4.975 2.225 3.0852e-01
-4.975 2.275 6.1548e-01
-4.975 2.325 1.2257e+00
-4.975 2.375 2.4353e+00
-4.975 2.425 4.8231e+00
-4.975 2.475 9.5119e+00
-4.975 2.525 1.8656e+01
-4.975 2.575 3.6329e+01
-4.975 2.625 7.0105e+01
-4.975 2.675 1.3374e+02
-4.975 2.725 2.5157e+02
-4.975 2.775 4.6512e+02
-4.975 2.825 8.4250e+02
-4.975 2.875 1.4900e+03
-4.975 2.925 2.5642e+03
-4.975 2.975 4.2814e+03
-4.975 3.025 6.9196e+03
-4.975 3.075 1.0808e+04
-4.975 3.125 1.6307e+04
-4.975 3.175 2.3776e+04
-4.975 3.225 3.3552e+04
-4.975 3.275 4.5941e+04
-4.975 3.325 6.1277e+04
-4.975 3.375 8.0081e+04
-4.975 3.425 1.0345e+05
-4.975 3.475 1.3383e+05
-4.975 3.525 1.7631e+05
-4.975 3.575 2.4065e+05
-4.975 3.625 3.4334e+05
-4.975 3.675 5.0871e+05
-4.975 3.725 7.6600e+05
-4.975 3.775 1.1361e+06
-4.975 3.825 1.5262e+06
-4.975 3.875 0.0000e+00
-4.975 3.925 0.0000e+00
-4.975 3.975 0.0000e+00
-4.925 -1.975 0.0000e+00
-4.925 -1.925 0.0000e+00
-4.925 -1.875 0.0000e+00
-4.925 -1.825 0.0000e+00
-4.925 -1.775 0.0000e+00
-4.925 -1.725 0.0000e+00
-4.925 -1.675 0.0000e+00
-4.925 -1.625 0.0000e+00
-4.925 -1.575 0.0000e+00
-4.925 -1.525 0.0000e+00
-4.925 -1.475 0.0000e+00
-4.925 -1.425 0.0000e+00
-4.925 -1.375 0.0000e+00
-4.925 -1.325 0.0000e+00
-4.925 -1.275 0.0000e+00
-4.925 -1.225 0.0000e+00
-4.925 -1.175 0.0000e+00
-4.925 -1.125 0.0000e+00
-4.925 -1.075 0.0000e+00
-4.925 -1.025 0.0000e+00
-4.925 -0.975 0.0000e+00
-4.925 -0.925 0.0000e+00
-4.925 -0.875 0.0000e+00
-4.925 -0.825 0.0000e+00
-4.925 -0.775 0.0000e+00
-4.925 -0.725 0.0000e+00
-4.925 -0.675 0.0000e+00
-4.925 -0.625 0.0000e+00
-4.925 -0.575 0.0000e+00
-4.925 -0.525 0.0000e+00
-4.925 -0.475 0.0000e+00
-4.925 -0.425 0.0000e+00
-4.925 -0.375 0.0000e+00
-4.925 -0.325 0.0000e+00
-4.925 -0.275 0.0000e+00
-4.925 -0.225 0.0000e+00
-4.925 -0.175 0.0000e+00
-4.925 -0.125 0.0000e+00
-4.925 -0.075 0.0000e+00
-4.925 -0.025 0.0000e+00
-4.925 0.025 0.0000e+00
-4.925 0.075 0.0000e+00
-4.925 0.125 0.0000e+00
-4.925 0.175 0.0000e+00
-4.925 0.225 0.0000e+00
-4.925 0.275 0.0000e+00
-4.925 0.325 0.0000e+00
-4.925 0.375 0.0000e+00
-4.925 0.425 0.0000e+00
-4.925 0.475 0.0000e+00
-4.925 0.525 0.0000e+00
-4.925 0.575 0.0000e+00
-4.925 0.625 0.0000e+00
-4.925 0.675 1.8540e-10
-4.925 0.725 3.7004e-10
-4.925 0.775 7.3859e-10
-4.925 0.825 1.4743e-09
-4.925 0.875 2.9429e-09
-4.925 0.925 5.8749e-09
-4.925 0.975 1.1729e-08
-4.925 1.025 2.3416e-08
-4.925 1.075 4.6755e-08
-4.925 1.125 9.3361e-08
-4.925 1.175 1.8644e-07
-4.925 1.225 3.7236e-07
-4.925 1.275 7.4375e-07
-4.925 1.325 1.4857e-06
-4.925 1.375 2.9683e-06
-4.925 1.425 5.9312e-06
-4.925 1.475 1.1853e-05
-4.925 1.525 2.3692e-05
-4.925 1.575 4.7361e-05
-4.925 1.625 9.4694e-05
-4.925 1.675 1.8937e-04
-4.925 1.725 3.7875e-04
-4.925 1.775 7.5766e-04
-4.925 1.825 1.5159e-03
-4.925 1.875 3.0333e-03
-4.925 1.925 6.0701e-03
-4.925 1.975 1.2148e-02
-4.925 2.025 2.4309e-02
-4.925 2.075 4.8636e-02
-4.925 2.125 9.7278e-02
-4.925 2.175 1.9446e-01
-4.925 2.225 3.8840e-01
-4.925 2.275 7.7483e-01
-4.925 2.325 1.5431e+00
-4.925 2.375 3.0658e+00
-4.925 2.425 6.0718e+00
-4.925 2.475 1.1975e+01
-4.925 2.525 2.3486e+01
-4.925 2.575 4.5735e+01
-4.925 2.625 8.8254e+01
-4.925 2.675 1.6837e+02
-4.925 2.725 3.1669e+02
-4.925 2.775 5.8553e+02
-4.925 2.825 1.0606e+03
-4.925 2.875 1.8756e+03
-4.925 2.925 3.2279e+03
-4.925 2.975 5.3895e+03
-4.925 3.025 8.7104e+03
-4.925 3.075 1.3605e+04
-4.925 3.125 2.0527e+04
-4.925 3.175 2.9930e+04
-4.925 3.225 4.2236e+04
-4.925 3.275 5.7835e+04
-4.925 3.325 7.7145e+04
-4.925 3.375 1.0083e+05
-4.925 3.425 1.3027e+05
-4.925 3.475 1.6854e+05
-4.925 3.525 2.2208e+05
-4.925 3.575 3.0314e+05
-4.925 3.625 4.3248e+05
-4.925 3.675 6.4065e+05
-4.925 3.725 9.6433e+05
-4.925 3.775 1.4296e+06
-4.925 3.825 1.9197e+06
-4.925 3.875 0.0000e+00
-4.925 3.925 0.0000e+00
-4.925 3.975 0.0000e+00
-4.875 -1.975 0.0000e+00
-4.875 -1.925 0.0000e+00
-4.875 -1.875 0.0000e+00
-4.875 -1.825 0.0000e+00
-4.875 -1.775 0.0000e+00
-4.875 -1.725 0.0000e+00
-4.875 -1.675 0.0000e+00
-4.875 -1.625 0.0000e+00
-4.875 -1.575 0.0000e+00
-4.875 -1.525 0.0000e+00
-4.875 -1.475 0.0000e+00
-4.875 -1.425 0.0000e+00
-4.875 -1.375 0.0000e+00
-4.875 -1.325 0.0000e+00
-4.875 -1.275 0.0000e+00
-4.875 -1.225 0.0000e+00
-4.875 -1.175 0.0000e+00
-4.875 -1.125 0.0000e+00
-4.875 -1.075 0.0000e+00
-4.875 -1.025 0.0000e+00
-4.875 -0.975 0.0000e+00
-4.875 -0.925 0.0000e+00
-4.875 -0.875 0.0000e+00
-4.875 -0.825 0.0000e+00
-4.875 -0.775 0.0000e+00
-4.875 -0.725 0.0000e+00
-4.875 -0.675 0.0000e+00
-4.875 -0.625 0.0000e+00
-4.875 -0.575 0.0000e+00
-4.875 -0.525 0.0000e+00
-4.875 -0.475 0.0000e+00
-4.875 -0.425 0.0000e+00
-4.875 -0.375 0.0000e+00
-4.875 -0.325 0.0000e+00
-4.875 -0.275 0.0000e+00
-4.875 -0.225 0.0000e+00
-4.875 -0.175 0.0000e+00
-4.875 -0.125 0.0000e+00
-4.875 -0.075 0.0000e+00
-4.875 -0.025 0.0000e+00
-4.875 0.025 0.0000e+00
-4.875 0.075 0.0000e+00
-4.875 0.125 0.0000e+00
-4.875 0.175 0.0000e+00
-4.875 0.225 0.0000e+00
-4.875 0.275 0.0000e+00
-4.875 0.325 0.0000e+00
-4.875 0.375 0.0000e+00
-4.875 0.425 0.0000e+00
-4.875 0.475 0.0000e+00
-4.875 0.525 0.0000e+00
-4.875 0.575 0.0000e+00
-4.875 0.625 0.0000e+00
-4.875 0.675 2.3340e-10
-4.875 0.725 4.6585e-10
-4.875 0.775 9.2983e-10
-4.875 0.825 1.8560e-09
-4.875 0.875 3.7049e-09
-4.875 0.925 7.3960e-09
-4.875 0.975 1.4765e-08
-4.875 1.025 2.9479e-08
-4.875 1.075 5.8861e-08
-4.875 1.125 1.1753e-07
-4.875 1.175 2.3472e-07
-4.875 1.225 4.6877e-07
-4.875 1.275 9.3633e-07
-4.875 1.325 1.8704e-06
-4.875 1.375 3.7369e-06
-4.875 1.425 7.4670e-06
-4.875 1.475 1.4922e-05
-4.875 1.525 2.9826e-05
-4.875 1.575 5.9624e-05
-4.875 1.625 1.1921e-04
-4.875 1.675 2.3840e-04
-4.875 1.725 4.7682e-04
-4.875 1.775 9.5384e-04
-4.875 1.825 1.9084e-03
-4.875 1.875 3.8187e-03
-4.875 1.925 7.6418e-03
-4.875 1.975 1.5293e-02
-4.875 2.025 3.0603e-02
-4.875 2.075 6.1229e-02
-4.875 2.125 1.2247e-01
-4.875 2.175 2.4481e-01
-4.875 2.225 4.8897e-01
-4.875 2.275 9.7545e-01
-4.875 2.325 1.9426e+00
-4.875 2.375 3.8596e+00
-4.875 2.425 7.6439e+00
-4.875 2.475 1.5075e+01
-4.875 2.525 2.9566e+01
-4.875 2.575 5.7575e+01
-4.875 2.625 1.1110e+02
-4.875 2.675 2.1195e+02
-4.875 2.725 3.9867e+02
-4.875 2.775 7.3709e+02
-4.875 2.825 1.3351e+03
-4.875 2.875 2.3611e+03
-4.875 2.925 4.0633e+03
-4.875 2.975 6.7843e+03
-4.875 3.025 1.0965e+04
-4.875 3.075 1.7126e+04
-4.875 3.125 2.5839e+04
-4.875 3.175 3.7676e+04
-4.875 3.225 5.3168e+04
-4.875 3.275 7.2806e+04
-4.875 3.325 9.7122e+04
-4.875 3.375 1.2695e+05
-4.875 3.425 1.6404e+05
-4.875 3.475 2.1228e+05
-4.875 3.525 2.7977e+05
-4.875 3.575 3.8192e+05
-4.875 3.625 5.4484e+05
-4.875 3.675 8.0687e+05
-4.875 3.725 1.2140e+06
-4.875 3.775 1.7988e+06
-4.875 3.825 2.4142e+06
-4.875 3.875 0.0000e+00
-4.875 3.925 0.0000e+00
-4.875 3.975 0.0000e+00
-4.825 -1.975 0.0000e+00
-4.825 -1.925 0.0000e+00
-4.825 -1.875 0.0000e+00
-4.825 -1.825 0.0000e+00
-4.825 -1.775 0.0000e+00
-4.825 -1.725 0.0000e+00
-4.825 -1.675 0.0000e+00
-4.825 -1.625 0.0000e+00
-4.825 -1.575 0.0000e+00
-4.825 -1.525 0.0000e+00
-4.825 -1.475 0.0000e+00
-4.825 -1.425 0.0000e+00
-4.825 -1.375 0.0000e+00
-4.825 -1.325 0.0000e+00
-4.825 -1.275 0.0000e+00
-4.825 -1.225 0.0000e+00
-4.825 -1.175 0.0000e+00
-4.825 -1.125 0.0000e+00
-4.825 -1.075 0.0000e+00
-4.825 -1.025 0.0000e+00
-4.825 -0.975 0.0000e+00
-4.825 -0.925 0.0000e+00
-4.825 -0.875 0.0000e+00
-4.825 -0.825 0.0000e+00
-4.825 -0.775 0.0000e+00
-4.825 -0.725 0.0000e+00
-4.825 -0.675 0.0000e+00
-4.825 -0.625 0.0000e+00
-4.825 -0.575 0.0000e+00
-4.825 -0.525 0.0000e+00
-4.825 -0.475 0.0000e+00
-4.825 -0.425 0.0000e+00
-4.825 -0.375 0.0000e+00
-4.825 -0.325 0.0000e+00
-4.825 -0.275 0.0000e+00
-4.825 -0.225 0.0000e+00
-4.825 -0.175 0.0000e+00
-4.825 -0.125 0.0000e+00
-4.825 -0.075 0.0000e+00
-4.825 -0.025 0.0000e+00
-4.825 0.025 0.0000e+00
-4.825 0.075 0.0000e+00
-4.825 0.125 0.0000e+00
-4.825 0.175 0.0000e+00
-4.825 0.225 0.0000e+00
-4.825 0.275 0.0000e+00
-4.825 0.325 0.0000e+00
-4.825 0.375 0.0000e+00
-4.825 0.425 0.0000e+00
-4.825 0.475 0.0000e+00
-4.825 0.525 0.0000e+00
-4.825 0.575 0.0000e+00
-4.825 0.625 0.0000e+00
-4.825 0.675 2.9383e-10
-4.825 0.725 5.8647e-10
-4.825 0.775 1.1706e-09
-4.825 0.825 2.3366e-09
-4.825 0.875 4.6642e-09
-4.825 0.925 9.3110e-09
-4.825 0.975 1.8588e-08
-4.825 1.025 3.7112e-08
-4.825 1.075 7.4101e-08
-4.825 1.125 1.4797e-07
-4.825 1.175 2.9549e-07
-4.825 1.225 5.9015e-07
-4.825 1.275 1.1788e-06
-4.825 1.325 2.3547e-06
-4.825 1.375 4.7045e-06
-4.825 1.425 9.4003e-06
-4.825 1.475 1.8786e-05
-4.825 1.525 3.7549e-05
-4.825 1.575 7.5062e-05
-4.825 1.625 1.5008e-04
-4.825 1.675 3.0012e-04
-4.825 1.725 6.0028e-04
-4.825 1.775 1.2008e-03
-4.825 1.825 2.4025e-03
-4.825 1.875 4.8074e-03
-4.825 1.925 9.6204e-03
-4.825 1.975 1.9253e-02
-4.825 2.025 3.8527e-02
-4.825 2.075 7.7083e-02
-4.825 2.125 1.5417e-01
-4.825 2.175 3.0820e-01
-4.825 2.225 6.1557e-01
-4.825 2.275 1.2280e+00
-4.825 2.325 2.4456e+00
-4.825 2.375 4.8588e+00
-4.825 2.425 9.6229e+00
-4.825 2.475 1.8978e+01
-4.825 2.525 3.7221e+01
-4.825 2.575 7.2480e+01
-4.825 2.625 1.3986e+02
-4.825 2.675 2.6682e+02
-4.825 2.725 5.0187e+02
-4.825 2.775 9.2787e+02
-4.825 2.825 1.6807e+03
-4.825 2.875 2.9721e+03
-4.825 2.925 5.1147e+03
-4.825 2.975 8.5398e+03
-4.825 3.025 1.3802e+04
-4.825 3.075 2.1557e+04
-4.825 3.125 3.2525e+04
-4.825 3.175 4.7424e+04
-4.825 3.225 6.6927e+04
-4.825 3.275 9.1653e+04
-4.825 3.325 1.2227e+05
-4.825 3.375 1.5985e+05
-4.825 3.425 2.0659e+05
-4.825 3.475 2.6740e+05
-4.825 3.525 3.5250e+05
-4.825 3.575 4.8127e+05
-4.825 3.625 6.8651e+05
-4.825 3.675 1.0163e+06
-4.825 3.725 1.5283e+06
-4.825 3.775 2.2630e+06
-4.825 3.825 3.0351e+06
-4.825 3.875 0.0000e+00
-4.825 3.925 0.0000e+00
-4.825 3.975 0.0000e+00
-4.775 -1.975 0.0000e+00
-4.775 -1.925 0.0000e+00
-4.775 -1.875 0.0000e+00
-4.775 -1.825 0.0000e+00
-4.775 -1.775 0.0000e+00
-4.775 -1.725 0.0000e+00
-4.775 -1.675 0.0000e+00
-4.775 -1.625 0.0000e+00
-4.775 -1.575 0.0000e+00
-4.775 -1.525 0.0000e+00
-4.775 -1.475 0.0000e+00
-4.775 -1.425 0.0000e+00
-4.775 -1.375 0.0000e+00
-4.775 -1.325 0.0000e+00
-4.775 -1.275 0.0000e+00
-4.775 -1.225 0.0000e+00
-4.775 -1.175 0.0000e+00
-4.775 -1.125 0.0000e+00
-4.775 -1.075 0.0000e+00
-4.775 -1.025 0.0000e+00
-4.775 -0.975 0.0000e+00
-4.775 -0.925 0.0000e+00
-4.775 -0.875 0.0000e+00
-4.775 -0.825 0.0000e+00
-4.775 -0.775 0.0000e+00
-4.775 -0.725 0.0000e+00
-4.775 -0.675 0.0000e+00
-4.775 -0.625 0.0000e+00
-4.775 -0.575 0.0000e+00
-4.775 -0.525 0.0000e+00
-4.775 -0.475 0.0000e+00
-4.775 -0.425 0.0000e+00
-4.775 -0.375 0.0000e+00
-4.775 -0.325 0.0000e+00
-4.775 -0.275 0.0000e+00
-4.775 -0.225 0.0000e+00
-4.775 -0.175 0.0000e+00
-4.775 -0.125 0.0000e+00
-4.775 -0.075 0.0000e+00
-4.775 -0.025 0.0000e+00
-4.775 0.025 0.0000e+00
-4.775 0.075 0.0000e+00
-4.775 0.125 0.0000e+00
-4.775 0.175 0.0000e+00
-4.775 0.225 0.0000e+00
-4.775 0.275 0.0000e+00
-4.775 0.325 0.0000e+00
-4.775 0.375 0.0000e+00
-4.775 0.425 0.0000e+00
-4.775 0.475 0.0000e+00
-4.775 0.525 0.0000e+00
-4.775 0.575 0.0000e+00
-4.775 0.625 0.0000e+00
-4.775 0.675 3.6992e-10
-4.775 0.725 7.3832e-10
-4.775 0.775 1.4737e-09
-4.775 0.825 2.9416e-09
-4.775 0.875 5.8719e-09
-4.775 0.925 1.1722e-08
-4.775 0.975 2.3402e-08
-4.775 1.025 4.6722e-08
-4.775 1.075 9.3288e-08
-4.775 1.125 1.8628e-07
-4.775 1.175 3.7200e-07
-4.775 1.225 7.4296e-07
-4.775 1.275 1.4840e-06
-4.775 1.325 2.9645e-06
-4.775 1.375 5.9226e-06
-4.775 1.425 1.1834e-05
-4.775 1.475 2.3650e-05
-4.775 1.525 4.7271e-05
-4.775 1.575 9.4498e-05
-4.775 1.625 1.8894e-04
-4.775 1.675 3.7783e-04
-4.775 1.725 7.5570e-04
-4.775 1.775 1.5117e-03
-4.775 1.825 3.0246e-03
-4.775 1.875 6.0521e-03
-4.775 1.925 1.2111e-02
-4.775 1.975 2.4237e-02
-4.775 2.025 4.8502e-02
-4.775 2.075 9.7041e-02
-4.775 2.125 1.9409e-01
-4.775 2.175 3.8799e-01
-4.775 2.225 7.7495e-01
-4.775 2.275 1.5460e+00
-4.775 2.325 3.0787e+00
-4.775 2.375 6.1168e+00
-4.775 2.425 1.2114e+01
-4.775 2.475 2.3891e+01
-4.775 2.525 4.6856e+01
-4.775 2.575 9.1243e+01
-4.775 2.625 1.7607e+02
-4.775 2.675 3.3589e+02
-4.775 2.725 6.3177e+02
-4.775 2.775 1.1680e+03
-4.775 2.825 2.1156e+03
-4.775 2.875 3.7412e+03
-4.775 2.925 6.4381e+03
-4.775 2.975 1.0749e+04
-4.775 3.025 1.7372e+04
-4.775 3.075 2.7134e+04
-4.775 3.125 4.0939e+04
-4.775 3.175 5.9694e+04
-4.775 3.225 8.4245e+04
-4.775 3.275 1.1538e+05
-4.775 3.325 1.5394e+05
-4.775 3.375 2.0128e+05
-4.775 3.425 2.6020e+05
-4.775 3.475 3.3688e+05
-4.775 3.525 4.4422e+05
-4.775 3.575 6.0661e+05
-4.775 3.625 8.6521e+05
-4.775 3.675 1.2803e+06
-4.775 3.725 1.9239e+06
-4.775 3.775 2.8464e+06
-4.775 3.825 3.8144e+06
-4.775 3.875 0.0000e+00
-4.775 3.925 0.0000e+00
-4.775 3.975 0.0000e+00
-4.725 -1.975 0.0000e+00
-4.725 -1.925 0.0000e+00
-4.725 -1.875 0.0000e+00
-4.725 -1.825 0.0000e+00
-4.725 -1.775 0.0000e+00
-4.725 -1.725 0.0000e+00
-4.725 -1.675 0.0000e+00
-4.725 -1.625 0.0000e+00
-4.725 -1.575 0.0000e+00
-4.725 -1.525 0.0000e+00
-4.725 -1.475 0.0000e+00
-4.725 -1.425 0.0000e+00
-4.725 -1.375 0.0000e+00
-4.725 -1.325 0.0000e+00
-4.725 -1.275 0.0000e+00
-4.725 -1.225 0.0000e+00
-4.725 -1.175 0.0000e+00
-4.725 -1.125 0.0000e+00
-4.725 -1.075 0.0000e+00
-4.725 -1.025 0.0000e+00
-4.725 -0.975 0.0000e+00
-4.725 -0.925 0.0000e+00
-4.725 -0.875 0.0000e+00
-4.725 -0.825 0.0000e+00
-4.725 -0.775 0.0000e+00
-4.725 -0.725 0.0000e+00
-4.725 -0.675 0.0000e+00
-4.725 -0.625 0.0000e+00
-4.725 -0.575 0.0000e+00
-4.725 -0.525 0.0000e+00
-4.725 -0.475 0.0000e+00
-4.725 -0.425 0.0000e+00
-4.725 -0.375 0.0000e+00
-4.725 -0.325 0.0000e+00
-4.725 -0.275 0.0000e+00
-4.725 -0.225 0.0000e+00
-4.725 -0.175 0.0000e+00
-4.725 -0.125 0.0000e+00
-4.725 -0.075 0.0000e+00
-4.725 -0.025 0.0000e+00
-4.725 0.025 0.0000e+00
-4.725 0.075 0.0000e+00
-4.725 0.125 0.0000e+00
-4.725 0.175 0.0000e+00
-4.725 0.225 0.0000e+00
-4.725 0.275 0.0000e+00
-4.725 0.325 0.0000e+00
-4.725 0.375 0.0000e+00
-4.725 0.425 0.0000e+00
-4.725 0.475 0.0000e+00
-4.725 0.525 0.0000e+00
-4.725 0.575 0.0000e+00
-4.725 0.625 0.0000e+00
-4.725 0.675 4.6570e-10
-4.725 0.725 9.2949e-10
-4.725 0.775 1.8553e-09
-4.725 0.825 3.7032e-09
-4.725 0.875 7.3923e-09
-4.725 0.925 1.4757e-08
-4.725 0.975 2.9461e-08
-4.725 1.025 5.8819e-08
-4.725 1.075 1.1744e-07
-4.725 1.125 2.3451e-07
-4.725 1.175 4.6832e-07
-4.725 1.225 9.3533e-07
-4.725 1.275 1.8682e-06
-4.725 1.325 3.7320e-06
-4.725 1.375 7.4561e-06
-4.725 1.425 1.4899e-05
-4.725 1.475 2.9774e-05
-4.725 1.525 5.9510e-05
-4.725 1.575 1.1897e-04
-4.725 1.625 2.3786e-04
-4.725 1.675 4.7566e-04
-4.725 1.725 9.5137e-04
-4.725 1.775 1.9032e-03
-4.725 1.825 3.8077e-03
-4.725 1.875 7.6192e-03
-4.725 1.925 1.5247e-02
-4.725 1.975 3.0513e-02
-4.725 2.025 6.1060e-02
-4.725 2.075 1.2217e-01
-4.725 2.125 2.4435e-01
-4.725 2.175 4.8845e-01
-4.725 2.225 9.7560e-01
-4.725 2.275 1.9462e+00
-4.725 2.325 3.8758e+00
-4.725 2.375 7.7004e+00
-4.725 2.425 1.5250e+01
-4.725 2.475 3.0076e+01
-4.725 2.525 5.8986e+01
-4.725 2.575 1.1486e+02
-4.725 2.625 2.2164e+02
-4.725 2.675 4.2282e+02
-4.725 2.725 7.9527e+02
-4.725 2.775 1.4703e+03
-4.725 2.825 2.6630e+03
-4.725 2.875 4.7092e+03
-4.725 2.925 8.1036e+03
-4.725 2.975 1.3530e+04
-4.725 3.025 2.1865e+04
-4.725 3.075 3.4152e+04
-4.725 3.125 5.1527e+04
-4.725 3.175 7.5133e+04
-4.725 3.225 1.0604e+05
-4.725 3.275 1.4524e+05
-4.725 3.325 1.9381e+05
-4.725 3.375 2.5346e+05
-4.725 3.425 3.2775e+05
-4.725 3.475 4.2450e+05
-4.725 3.525 5.5996e+05
-4.725 3.575 7.6481e+05
-4.725 3.625 1.0907e+06
-4.725 3.675 1.6131e+06
-4.725 3.725 2.4219e+06
-4.725 3.775 3.5795e+06
-4.725 3.825 4.7917e+06
-4.725 3.875 0.0000e+00
-4.725 3.925 0.0000e+00
-4.725 3.975 0.0000e+00
-4.675 -1.975 0.0000e+00
-4.675 -1.925 0.0000e+00
-4.675 -1.875 0.0000e+00
-4.675 -1.825 0.0000e+00
-4.675 -1.775 0.0000e+00
-4.675 -1.725 0.0000e+00
-4.675 -1.675 0.0000e+00
-4.675 -1.625 0.0000e+00
-4.675 -1.575 0.0000e+00
-4.675 -1.525 0.0000e+00
-4.675 -1.475 0.0000e+00
-4.675 -1.425 0.0000e+00
-4.675 -1.375 0.0000e+00
-4.675 -1.325 0.0000e+00
-4.675 -1.275 0.0000e+00
-4.675 -1.225 0.0000e+00
-4.675 -1.175 0.0000e+00
-4.675 -1.125 0.0000e+00
-4.675 -1.075 0.0000e+00
-4.675 -1.025 0.0000e+00
-4.675 -0.975 0.0000e+00
-4.675 -0.925 0.0000e+00
-4.675 -0.875 0.0000e+00
-4.675 -0.825 0.0000e+00
-4.675 -0.775 0.0000e+00
-4.675 -0.725 0.0000e+00
-4.675 -0.675 0.0000e+00
-4.675 -0.625 0.0000e+00
-4.675 -0.575 0.0000e+00
-4.675 -0.525 0.0000e+00
-4.675 -0.475 0.0000e+00
-4.675 -0.425 0.0000e+00
-4.675 -0.375 0.0000e+00
-4.675 -0.325 0.0000e+00
-4.675 -0.275 0.0000e+00
-4.675 -0.225 0.0000e+00
-4.675 -0.175 0.0000e+00
-4.675 -0.125 0.0000e+00
-4.675 -0.075 0.0000e+00
-4.675 -0.025 0.0000e+00
-4.675 0.025 0.0000e+00
-4.675 0.075 0.0000e+00
-4.675 0.125 0.0000e+00
-4.675 0.175 0.0000e+00
-4.675 0.225 0.0000e+00
-4.675 0.275 0.0000e+00
-4.675 0.325 0.0000e+00
-4.675 0.375 0.0000e+00
-4.675 0.425 0.0000e+00
-4.675 0.475 0.0000e+00
-4.675 0.525 0.0000e+00
-4.675 0.575 0.0000e+00
-4.675 0.625 0.0000e+00
-4.675 0.675 5.8628e-10
-4.675 0.725 1.1702e-09
-4.675 0.775 2.3356e-09
-4.675 0.825 4.6621e-09
-4.675 0.875 9.3063e-09
-4.675 0.925 1.8578e-08
-4.675 0.975 3.7089e-08
-4.675 1.025 7.4049e-08
-4.675 1.075 1.4785e-07
-4.675 1.125 2.9523e-07
-4.675 1.175 5.8958e-07
-4.675 1.225 1.1775e-06
-4.675 1.275 2.3520e-06
-4.675 1.325 4.6983e-06
-4.675 1.375 9.3867e-06
-4.675 1.425 1.8756e-05
-4.675 1.475 3.7483e-05
-4.675 1.525 7.4919e-05
-4.675 1.575 1.4977e-04
-4.675 1.625 2.9945e-04
-4.675 1.675 5.9882e-04
-4.675 1.725 1.1977e-03
-4.675 1.775 2.3959e-03
-4.675 1.825 4.7936e-03
-4.675 1.875 9.5919e-03
-4.675 1.925 1.9195e-02
-4.675 1.975 3.8413e-02
-4.675 2.025 7.6870e-02
-4.675 2.075 1.5380e-01
-4.675 2.125 3.0761e-01
-4.675 2.175 6.1491e-01
-4.675 2.225 1.2282e+00
-4.675 2.275 2.4501e+00
-4.675 2.325 4.8793e+00
-4.675 2.375 9.6940e+00
-4.675 2.425 1.9199e+01
-4.675 2.475 3.7862e+01
-4.675 2.525 7.4255e+01
-4.675 2.575 1.4459e+02
-4.675 2.625 2.7901e+02
-4.675 2.675 5.3224e+02
-4.675 2.725 1.0011e+03
-4.675 2.775 1.8507e+03
-4.675 2.825 3.3519e+03
-4.675 2.875 5.9273e+03
-4.675 2.925 1.0199e+04
-4.675 2.975 1.7028e+04
-4.675 3.025 2.7519e+04
-4.675 3.075 4.2982e+04
-4.675 3.125 6.4850e+04
-4.675 3.175 9.4561e+04
-4.675 3.225 1.3347e+05
-4.675 3.275 1.8282e+05
-4.675 3.325 2.4400e+05
-4.675 3.375 3.1919e+05
-4.675 3.425 4.1290e+05
-4.675 3.475 5.3503e+05
-4.675 3.525 7.0607e+05
-4.675 3.575 9.6462e+05
-4.675 3.625 1.3754e+06
-4.675 3.675 2.0328e+06
-4.675 3.725 3.0487e+06
-4.675 3.775 4.5000e+06
-4.675 3.825 6.0161e+06
-4.675 3.875 0.0000e+00
-4.675 3.925 0.0000e+00
-4.675 3.975 0.0000e+00
-4.625 -1.975 0.0000e+00
-4.625 -1.925 0.0000e+00
-4.625 -1.875 0.0000e+00
-4.625 -1.825 0.0000e+00
-4.625 -1.775 0.0000e+00
-4.625 -1.725 0.0000e+00
-4.625 -1.675 0.0000e+00
-4.625 -1.625 0.0000e+00
-4.625 -1.575 0.0000e+00
-4.625 -1.525 0.0000e+00
-4.625 -1.475 0.0000e+00
-4.625 -1.425 0.0000e+00
-4.625 -1.375 0.0000e+00
-4.625 -1.325 0.0000e+00
-4.625 -1.275 0.0000e+00
-4.625 -1.225 0.0000e+00
-4.625 -1.175 0.0000e+00
-4.625 -1.125 0.0000e+00
-4.625 -1.075 0.0000e+00
-4.625 -1.025 0.0000e+00
-4.625 -0.975 0.0000e+00
-4.625 -0.925 0.0000e+00
-4.625 -0.875 0.0000e+00
-4.625 -0.825 0.0000e+00
-4.625 -0.775 0.0000e+00
-4.625 -0.725 0.0000e+00
-4.625 -0.675 0.0000e+00
-4.625 -0.625 0.0000e+00
-4.625 -0.575 0.0000e+00
-4.625 -0.525 0.0000e+00
-4.625 -0.475 0.0000e+00
-4.625 -0.425 0.0000e+00
-4.625 -0.375 0.0000e+00
-4.625 -0.325 0.0000e+00
-4.625 -0.275 0.0000e+00
-4.625 -0.225 0.0000e+00
-4.625 -0.175 0.0000e+00
-4.625 -0.125 0.0000e+00
-4.625 -0.075 0.0000e+00
-4.625 -0.025 0.0000e+00
-4.625 0.025 0.0000e+00
-4.625 0.075 0.0000e+00
-4.625 0.125 0.0000e+00
-4.625 0.175 0.0000e+00
-4.625 0.225 0.0000e+00
-4.625 0.275 0.0000e+00
-4.625 0.325 0.0000e+00
-4.625 0.375 0.0000e+00
-4.625 0.425 0.0000e+00
-4.625 0.475 0.0000e+00
-4.625 0.525 0.0000e+00
-4.625 0.575 0.0000e+00
-4.625 0.625 0.0000e+00
-4.625 0.675 7.3808e-10
-4.625 0.725 1.4731e-09
-4.625 0.775 2.9404e-09
-4.625 0.825 5.8692e-09
-4.625 0.875 1.1716e-08
-4.625 0.925 2.3388e-08
-4.625 0.975 4.6692e-08
-4.625 1.025 9.3222e-08
-4.625 1.075 1.8613e-07
-4.625 1.125 3.7168e-07
-4.625 1.175 7.4224e-07
-4.625 1.225 1.4824e-06
-4.625 1.275 2.9609e-06
-4.625 1.325 5.9149e-06
-4.625 1.375 1.1817e-05
-4.625 1.425 2.3613e-05
-4.625 1.475 4.7188e-05
-4.625 1.525 9.4317e-05
-4.625 1.575 1.8855e-04
-4.625 1.625 3.7698e-04
-4.625 1.675 7.5387e-04
-4.625 1.725 1.5078e-03
-4.625 1.775 3.0163e-03
-4.625 1.825 6.0348e-03
-4.625 1.875 1.2075e-02
-4.625 1.925 2.4165e-02
-4.625 1.975 4.8359e-02
-4.625 2.025 9.6772e-02
-4.625 2.075 1.9362e-01
-4.625 2.125 3.8726e-01
-4.625 2.175 7.7412e-01
-4.625 2.225 1.5462e+00
-4.625 2.275 3.0844e+00
-4.625 2.325 6.1425e+00
-4.625 2.375 1.2204e+01
-4.625 2.425 2.4168e+01
-4.625 2.475 4.7662e+01
-4.625 2.525 9.3475e+01
-4.625 2.575 1.8202e+02
-4.625 2.625 3.5121e+02
-4.625 2.675 6.6997e+02
-4.625 2.725 1.2601e+03
-4.625 2.775 2.3294e+03
-4.625 2.825 4.2189e+03
-4.625 2.875 7.4601e+03
-4.625 2.925 1.2837e+04
-4.625 2.975 2.1431e+04
-4.625 3.025 3.4632e+04
-4.625 3.075 5.4091e+04
-4.625 3.125 8.1610e+04
-4.625 3.175 1.1900e+05
-4.625 3.225 1.6798e+05
-4.625 3.275 2.3012e+05
-4.625 3.325 3.0720e+05
-4.625 3.375 4.0199e+05
-4.625 3.425 5.2025e+05
-4.625 3.475 6.7453e+05
-4.625 3.525 8.9066e+05
-4.625 3.575 1.2172e+06
-4.625 3.625 1.7352e+06
-4.625 3.675 2.5623e+06
-4.625 3.725 3.8376e+06
-4.625 3.775 5.6552e+06
-4.625 3.825 7.5482e+06
-4.625 3.875 0.0000e+00
-4.625 3.925 0.0000e+00
-4.625 3.975 0.0000e+00
-4.575 -1.975 0.0000e+00
-4.575 -1.925 0.0000e+00
-4.575 -1.875 0.0000e+00
-4.575 -1.825 0.0000e+00
-4.575 -1.775 0.0000e+00
-4.575 -1.725 0.0000e+00
-4.575 -1.675 0.0000e+00
-4.575 -1.625 0.0000e+00
-4.575 -1.575 0.0000e+00
-4.575 -1.525 0.0000e+00
-4.575 -1.475 0.0000e+00
-4.575 -1.425 0.0000e+00
-4.575 -1.375 0.0000e+00
-4.575 -1.325 0.0000e+00
-4.575 -1.275 0.0000e+00
-4.575 -1.225 0.0000e+00
-4.575 -1.175 0.0000e+00
-4.575 -1.125 0.0000e+00
-4.575 -1.075 0.0000e+00
-4.575 -1.025 0.0000e+00
-4.575 -0.975 0.0000e+00
-4.575 -0.925 0.0000e+00
-4.575 -0.875 0.0000e+00
-4.575 -0.825 0.0000e+00
-4.575 -0.775 0.0000e+00
-4.575 -0.725 0.0000e+00
-4.575 -0.675 0.0000e+00
-4.575 -0.625 0.0000e+00
-4.575 -0.575 0.0000e+00
-4.575 -0.525 0.0000e+00
-4.575 -0.475 0.0000e+00
-4.575 -0.425 0.0000e+00
-4.575 -0.375 0.0000e+00
-4.575 -0.325 0.0000e+00
-4.575 -0.275 0.0000e+00
-4.575 -0.225 0.0000e+00
-4.575 -0.175 0.0000e+00
-4.575 -0.125 0.0000e+00
-4.575 -0.075 0.0000e+00
-4.575 -0.025 0.0000e+00
-4.575 0.025 0.0000e+00
-4.575 0.075 0.0000e+00
-4.575 0.125 0.0000e+00
-4.575 0.175 0.0000e+00
-4.575 0.225 0.0000e+00
-4.575 0.275 0.0000e+00
-4.575 0.325 0.0000e+00
-4.575 0.375 0.0000e+00
-4.575 0.425 0.0000e+00
-4.575 0.475 0.0000e+00
-4.575 0.525 0.0000e+00
-4.575 0.575 0.0000e+00
-4.575 0.625 0.0000e+00
-4.575 0.675 9.2919e-10
-4.575 0.725 1.8546e-09
-4.575 0.775 3.7017e-09
-4.575 0.825 7.3889e-09
-4.575 0.875 1.4749e-08
-4.575 0.925 2.9444e-08
-4.575 0.975 5.8782e-08
-4.575 1.025 1.1736e-07
-4.575 1.075 2.3433e-07
-4.575 1.125 4.6791e-07
-4.575 1.175 9.3442e-07
-4.575 1.225 1.8662e-06
-4.575 1.275 3.7276e-06
-4.575 1.325 7.4464e-06
-4.575 1.375 1.4877e-05
-4.575 1.425 2.9726e-05
-4.575 1.475 5.9406e-05
-4.575 1.525 1.1874e-04
-4.575 1.575 2.3737e-04
-4.575 1.625 4.7459e-04
-4.575 1.675 9.4907e-04
-4.575 1.725 1.8982e-03
-4.575 1.775 3.7973e-03
-4.575 1.825 7.5973e-03
-4.575 1.875 1.5202e-02
-4.575 1.925 3.0422e-02
-4.575 1.975 6.0880e-02
-4.575 2.025 1.2183e-01
-4.575 2.075 2.4375e-01
-4.575 2.125 4.8752e-01
-4.575 2.175 9.7454e-01
-4.575 2.225 1.9465e+00
-4.575 2.275 3.8829e+00
-4.575 2.325 7.7326e+00
-4.575 2.375 1.5363e+01
-4.575 2.425 3.0425e+01
-4.575 2.475 5.9999e+01
-4.575 2.525 1.1767e+02
-4.575 2.575 2.2912e+02
-4.575 2.625 4.4209e+02
-4.575 2.675 8.4330e+02
-4.575 2.725 1.5860e+03
-4.575 2.775 2.9319e+03
-4.575 2.825 5.3098e+03
-4.575 2.875 9.3886e+03
-4.575 2.925 1.6154e+04
-4.575 2.975 2.6968e+04
-4.575 3.025 4.3579e+04
-4.575 3.075 6.8064e+04
-4.575 3.125 1.0269e+05
-4.575 3.175 1.4975e+05
-4.575 3.225 2.1140e+05
-4.575 3.275 2.8965e+05
-4.575 3.325 3.8677e+05
-4.575 3.375 5.0633e+05
-4.575 3.425 6.5566e+05
-4.575 3.475 8.5069e+05
-4.575 3.525 1.1240e+06
-4.575 3.575 1.5367e+06
-4.575 3.625 2.1900e+06
-4.575 3.675 3.2306e+06
-4.575 3.725 4.8302e+06
-4.575 3.775 7.1037e+06
-4.575 3.825 9.4623e+06
-4.575 3.875 0.0000e+00
-4.575 3.925 0.0000e+00
-4.575 3.975 0.0000e+00
-4.525 -1.975 0.0000e+00
-4.525 -1.925 0.0000e+00
-4.525 -1.875 0.0000e+00
-4.525 -1.825 0.0000e+00
-4.525 -1.775 0.0000e+00
-4.525 -1.725 0.0000e+00
-4.525 -1.675 0.0000e+00
-4.525 -1.625 0.0000e+00
-4.525 -1.575 0.0000e+00
-4.525 -1.525 0.0000e+00
-4.525 -1.475 0.0000e+00
-4.525 -1.425 0.0000e+00
-4.525 -1.375 0.0000e+00
-4.525 -1.325 0.0000e+00
-4.525 -1.275 0.0000e+00
-4.525 -1.225 0.0000e+00
-4.525 -1.175 0.0000e+00
-4.525 -1.125 0.0000e+00
-4.525 -1.075 0.0000e+00
-4.525 -1.025 0.0000e+00
-4.525 -0.975 0.0000e+00
-4.525 -0.925 0.0000e+00
-4.525 -0.875 0.0000e+00
-4.525 -0.825 0.0000e+00
-4.525 -0.775 0.0000e+00
-4.525 -0.725 0.0000e+00
-4.525 -0.675 0.0000e+00
-4.525 -0.625 0.0000e+00
-4.525 -0.575 0.0000e+00
-4.525 -0.525 0.0000e+00
-4.525 -0.475 0.0000e+00
-4.525 -0.425 0.0000e+00
-4.525 -0.375 0.0000e+00
-4.525 -0.325 0.0000e+00
-4.525 -0.275 0.0000e+00
-4.525 -0.225 0.0000e+00
-4.525 -0.175 0.0000e+00
-4.525 -0.125 0.0000e+00
-4.525 -0.075 0.0000e+00
-4.525 -0.025 0.0000e+00
-4.525 0.025 0.0000e+00
-4.525 0.075 0.0000e+00
-4.525 0.125 0.0000e+00
-4.525 0.175 0.0000e+00
-4.525 0.225 0.0000e+00
-4.525 0.275 0.0000e+00
-4.525 0.325 0.0000e+00
-4.525 0.375 0.0000e+00
-4.525 0.425 0.0000e+00
-4.525 0.475 0.0000e+00
-4.525 0.525 0.0000e+00
-4.525 0.575 0.0000e+00
-4.525 0.625 0.0000e+00
-4.525 0.675 1.1698e-09
-4.525 0.725 2.3348e-09
-4.525 0.775 4.6602e-09
-4.525 0.825 9.3021e-09
-4.525 0.875 1.8569e-08
-4.525 0.925 3.7068e-08
-4.525 0.975 7.4002e-08
-4.525 1.025 1.4775e-07
-4.525 1.075 2.9500e-07
-4.525 1.125 5.8907e-07
-4.525 1.175 1.1764e-06
-4.525 1.225 2.3494e-06
-4.525 1.275 4.6928e-06
-4.525 1.325 9.3744e-06
-4.525 1.375 1.8729e-05
-4.525 1.425 3.7423e-05
-4.525 1.475 7.4788e-05
-4.525 1.525 1.4948e-04
-4.525 1.575 2.9883e-04
-4.525 1.625 5.9748e-04
-4.525 1.675 1.1948e-03
-4.525 1.725 2.3897e-03
-4.525 1.775 4.7805e-03
-4.525 1.825 9.5644e-03
-4.525 1.875 1.9138e-02
-4.525 1.925 3.8298e-02
-4.525 1.975 7.6643e-02
-4.525 2.025 1.5337e-01
-4.525 2.075 3.0686e-01
-4.525 2.125 6.1374e-01
-4.525 2.175 1.2268e+00
-4.525 2.225 2.4504e+00
-4.525 2.275 4.8881e+00
-4.525 2.325 9.7343e+00
-4.525 2.375 1.9339e+01
-4.525 2.425 3.8299e+01
-4.525 2.475 7.5527e+01
-4.525 2.525 1.4812e+02
-4.525 2.575 2.8841e+02
-4.525 2.625 5.5646e+02
-4.525 2.675 1.0614e+03
-4.525 2.725 1.9962e+03
-4.525 2.775 3.6900e+03
-4.525 2.825 6.6823e+03
-4.525 2.875 1.1815e+04
-4.525 2.925 2.0328e+04
-4.525 2.975 3.3933e+04
-4.525 3.025 5.4832e+04
-4.525 3.075 8.5637e+04
-4.525 3.125 1.2921e+05
-4.525 3.175 1.8842e+05
-4.525 3.225 2.6602e+05
-4.525 3.275 3.6457e+05
-4.525 3.325 4.8697e+05
-4.525 3.375 6.3782e+05
-4.525 3.425 8.2652e+05
-4.525 3.475 1.0733e+06
-4.525 3.525 1.4194e+06
-4.525 3.575 1.9413e+06
-4.525 3.625 2.7656e+06
-4.525 3.675 4.0743e+06
-4.525 3.725 6.0789e+06
-4.525 3.775 8.9179e+06
-4.525 3.825 1.1849e+07
-4.525 3.875 0.0000e+00
-4.525 3.925 0.0000e+00
-4.525 3.975 0.0000e+00
-4.475 -1.975 0.0000e+00
-4.475 -1.925 0.0000e+00
-4.475 -1.875 0.0000e+00
-4.475 -1.825 0.0000e+00
-4.475 -1.775 0.0000e+00
-4.475 -1.725 0.0000e+00
-4.475 -1.675 0.0000e+00
-4.475 -1.625 0.0000e+00
-4.475 -1.575 0.0000e+00
-4.475 -1.525 0.0000e+00
-4.475 -1.475 0.0000e+00
-4.475 -1.425 0.0000e+00
-4.475 -1.375 0.0000e+00
-4.475 -1.325 0.0000e+00
-4.475 -1.275 0.0000e+00
-4.475 -1.225 0.0000e+00
-4.475 -1.175 0.0000e+00
-4.475 -1.125 0.0000e+00
-4.475 -1.075 0.0000e+00
-4.475 -1.025 0.0000e+00
-4.475 -0.975 0.0000e+00
-4.475 -0.925 0.0000e+00
-4.475 -0.875 0.0000e+00
-4.475 -0.825 0.0000e+00
-4.475 -0.775 0.0000e+00
-4.475 -0.725 0.0000e+00
-4.475 -0.675 0.0000e+00
-4.475 -0.625 0.0000e+00
-4.475 -0.575 0.0000e+00
-4.475 -0.525 0.0000e+00
-4.475 -0.475 0.0000e+00
-4.475 -0.425 0.0000e+00
-4.475 -0.375 0.0000e+00
-4.475 -0.325 0.0000e+00
-4.475 -0.275 0.0000e+00
-4.475 -0.225 0.0000e+00
-4.475 -0.175 0.0000e+00
-4.475 -0.125 0.0000e+00
-4.475 -0.075 0.0000e+00
-4.475 -0.025 0.0000e+00
-4.475 0.025 0.0000e+00
-4.475 0.075 0.0000e+00
-4.475 0.125 0.0000e+00
-4.475 0.175 0.0000e+00
-4.475 0.225 0.0000e+00
-4.475 0.275 0.0000e+00
-4.475 0.325 0.0000e+00
-4.475 0.375 0.0000e+00
-4.475 0.425 0.0000e+00
-4.475 0.475 0.0000e+00
-4.475 0.525 0.0000e+00
-4.475 0.575 0.0000e+00
-4.475 0.625 0.0000e+00
-4.475 0.675 1.4727e-09
-4.475 0.725 2.9393e-09
-4.475 0.775 5.8668e-09
-4.475 0.825 1.1711e-08
-4.475 0.875 2.3376e-08
-4.475 0.925 4.6666e-08
-4.475 0.975 9.3163e-08
-4.475 1.025 1.8600e-07
-4.475 1.075 3.7138e-07
-4.475 1.125 7.4159e-07
-4.475 1.175 1.4810e-06
-4.475 1.225 2.9578e-06
-4.475 1.275 5.9078e-06
-4.475 1.325 1.1802e-05
-4.475 1.375 2.3578e-05
-4.475 1.425 4.7113e-05
-4.475 1.475 9.4153e-05
-4.475 1.525 1.8819e-04
-4.475 1.575 3.7620e-04
-4.475 1.625 7.5218e-04
-4.475 1.675 1.5042e-03
-4.475 1.725 3.0085e-03
-4.475 1.775 6.0182e-03
-4.475 1.825 1.2041e-02
-4.475 1.875 2.4093e-02
-4.475 1.925 4.8214e-02
-4.475 1.975 9.6487e-02
-4.475 2.025 1.9308e-01
-4.475 2.075 3.8630e-01
-4.475 2.125 7.7263e-01
-4.475 2.175 1.5445e+00
-4.475 2.225 3.0847e+00
-4.475 2.275 6.1535e+00
-4.475 2.325 1.2254e+01
-4.475 2.375 2.4345e+01
-4.475 2.425 4.8212e+01
-4.475 2.475 9.5073e+01
-4.475 2.525 1.8644e+02
-4.475 2.575 3.6302e+02
-4.475 2.625 7.0040e+02
-4.475 2.675 1.3359e+03
-4.475 2.725 2.5123e+03
-4.475 2.775 4.6436e+03
-4.475 2.825 8.4088e+03
-4.475 2.875 1.4866e+04
-4.475 2.925 2.5576e+04
-4.475 2.975 4.2692e+04
-4.475 3.025 6.8980e+04
-4.475 3.075 1.0773e+05
-4.475 3.125 1.6254e+05
-4.475 3.175 2.3705e+05
-4.475 3.225 3.3471e+05
-4.475 3.275 4.5882e+05
-4.475 3.325 6.1312e+05
-4.475 3.375 8.0356e+05
-4.475 3.425 1.0422e+06
-4.475 3.475 1.3549e+06
-4.475 3.525 1.7935e+06
-4.475 3.575 2.4543e+06
-4.475 3.625 3.4949e+06
-4.475 3.675 5.1401e+06
-4.475 3.725 7.6492e+06
-4.475 3.775 1.1187e+07
-4.475 3.825 1.4818e+07
-4.475 3.875 0.0000e+00
-4.475 3.925 0.0000e+00
-4.475 3.975 0.0000e+00
-4.425 -1.975 0.0000e+00
-4.425 -1.925 0.0000e+00
-4.425 -1.875 0.0000e+00
-4.425 -1.825 0.0000e+00
-4.425 -1.775 0.0000e+00
-4.425 -1.725 0.0000e+00
-4.425 -1.675 0.0000e+00
-4.425 -1.625 0.0000e+00
-4.425 -1.575 0.0000e+00
-4.425 -1.525 0.0000e+00
-4.425 -1.475 0.0000e+00
-4.425 -1.425 0.0000e+00
-4.425 -1.375 0.0000e+00
-4.425 -1.325 0.0000e+00
-4.425 -1.275 0.0000e+00
-4.425 -1.225 0.0000e+00
-4.425 -1.175 0.0000e+00
-4.425 -1.125 0.0000e+00
-4.425 -1.075 0.0000e+00
-4.425 -1.025 0.0000e+00
-4.425 -0.975 0.0000e+00
-4.425 -0.925 0.0000e+00
-4.425 -0.875 0.0000e+00
-4.425 -0.825 0.0000e+00
-4.425 -0.775 0.0000e+00
-4.425 -0.725 0.0000e+00
-4.425 -0.675 0.0000e+00
-4.425 -0.625 0.0000e+00
-4.425 -0.575 0.0000e+00
-4.425 -0.525 0.0000e+00
-4.425 -0.475 0.0000e+00
-4.425 -0.425 0.0000e+00
-4.425 -0.375 0.0000e+00
-4.425 -0.325 0.0000e+00
-4.425 -0.275 0.0000e+00
-4.425 -0.225 0.0000e+00
-4.425 -0.175 0.0000e+00
-4.425 -0.125 0.0000e+00
-4.425 -0.075 0.0000e+00
-4.425 -0.025 0.0000e+00
-4.425 0.025 0.0000e+00
-4.425 0.075 0.0000e+00
-4.425 0.125 0.0000e+00
-4.425 0.175 0.0000e+00
-4.425 0.225 0.0000e+00
-4.425 0.275 0.0000e+00
-4.425 0.325 0.0000e+00
-4.425 0.375 0.0000e+00
-4.425 0.425 0.0000e+00
-4.425 0.475 0.0000e+00
-4.425 0.525 0.0000e+00
-4.425 0.575 0.0000e+00
-4.425 0.625 0.0000e+00
-4.425 0.675 1.8540e-09
-4.425 0.725 3.7004e-09
-4.425 0.775 7.3859e-09
-4.425 0.825 1.4743e-08
-4.425 0.875 2.9429e-08
-4.425 0.925 5.8749e-08
-4.425 0.975 1.1729e-07
-4.425 1.025 2.3416e-07
-4.425 1.075 4.6755e-07
-4.425 1.125 9.3361e-07
-4.425 1.175 1.8644e-06
-4.425 1.225 3.7236e-06
-4.425 1.275 7.4375e-06
-4.425 1.325 1.4857e-05
-4.425 1.375 2.9683e-05
-4.425 1.425 5.9312e-05
-4.425 1.475 1.1853e-04
-4.425 1.525 2.3691e-04
-4.425 1.575 4.7361e-04
-4.425 1.625 9.4693e-04
-4.425 1.675 1.8936e-03
-4.425 1.725 3.7874e-03
-4.425 1.775 7.5764e-03
-4.425 1.825 1.5158e-02
-4.425 1.875 3.0331e-02
-4.425 1.925 6.0698e-02
-4.425 1.975 1.2147e-01
-4.425 2.025 2.4307e-01
-4.425 2.075 4.8631e-01
-4.425 2.125 9.7266e-01
-4.425 2.175 1.9443e+00
-4.425 2.225 3.8833e+00
-4.425 2.275 7.7464e+00
-4.425 2.325 1.5426e+01
-4.425 2.375 3.0646e+01
-4.425 2.425 6.0688e+01
-4.425 2.475 1.1967e+02
-4.425 2.525 2.3468e+02
-4.425 2.575 4.5691e+02
-4.425 2.625 8.8152e+02
-4.425 2.675 1.6813e+03
-4.425 2.725 3.1615e+03
-4.425 2.775 5.8433e+03
-4.425 2.825 1.0580e+04
-4.425 2.875 1.8703e+04
-4.425 2.925 3.2174e+04
-4.425 2.975 5.3701e+04
-4.425 3.025 8.6763e+04
-4.425 3.075 1.3550e+05
-4.425 3.125 2.0443e+05
-4.425 3.175 2.9817e+05
-4.425 3.225 4.2108e+05
-4.425 3.275 5.7740e+05
-4.425 3.325 7.7197e+05
-4.425 3.375 1.0125e+06
-4.425 3.425 1.3147e+06
-4.425 3.475 1.7113e+06
-4.425 3.525 2.2682e+06
-4.425 3.575 3.1057e+06
-4.425 3.625 4.4197e+06
-4.425 3.675 6.4870e+06
-4.425 3.725 9.6227e+06
-4.425 3.775 1.4020e+07
-4.425 3.825 1.8501e+07
-4.425 3.875 0.0000e+00
-4.425 3.925 0.0000e+00
-4.425 3.975 0.0000e+00
-4.375 -1.975 0.0000e+00
-4.375 -1.925 0.0000e+00
-4.375 -1.875 0.0000e+00
-4.375 -1.825 0.0000e+00
-4.375 -1.775 0.0000e+00
-4.375 -1.725 0.0000e+00
-4.375 -1.675 0.0000e+00
-4.375 -1.625 0.0000e+00
-4.375 -1.575 0.0000e+00
-4.375 -1.525 0.0000e+00
-4.375 -1.475 0.0000e+00
-4.375 -1.425 0.0000e+00
-4.375 -1.375 0.0000e+00
-4.375 -1.325 0.0000e+00
-4.375 -1.275 0.0000e+00
-4.375 -1.225 0.0000e+00
-4.375 -1.175 0.0000e+00
-4.375 -1.125 0.0000e+00
-4.375 -1.075 0.0000e+00
-4.375 -1.025 0.0000e+00
-4.375 -0.975 0.0000e+00
-4.375 -0.925 0.0000e+00
-4.375 -0.875 0.0000e+00
-4.375 -0.825 0.0000e+00
-4.375 -0.775 0.0000e+00
-4.375 -0.725 0.0000e+00
-4.375 -0.675 0.0000e+00
-4.375 -0.625 0.0000e+00
-4.375 -0.575 0.0000e+00
-4.375 -0.525 0.0000e+00
-4.375 -0.475 0.0000e+00
-4.375 -0.425 0.0000e+00
-4.375 -0.375 0.0000e+00
-4.375 -0.325 0.0000e+00
-4.375 -0.275 0.0000e+00
-4.375 -0.225 0.0000e+00
-4.375 -0.175 0.0000e+00
-4.375 -0.125 0.0000e+00
-4.375 -0.075 0.0000e+00
-4.375 -0.025 0.0000e+00
-4.375 0.025 0.0000e+00
-4.375 0.075 0.0000e+00
-4.375 0.125 0.0000e+00
-4.375 0.175 0.0000e+00
-4.375 0.225 0.0000e+00
-4.375 0.275 0.0000e+00
-4.375 0.325 0.0000e+00
-4.375 0.375 0.0000e+00
-4.375 0.425 0.0000e+00
-4.375 0.475 0.0000e+00
-4.375 0.525 0.0000e+00
-4.375 0.575 0.0000e+00
-4.375 0.625 0.0000e+00
-4.375 0.675 2.3340e-09
-4.375 0.725 4.6585e-09
-4.375 0.775 9.2983e-09
-4.375 0.825 1.8560e-08
-4.375 0.875 3.7049e-08
-4.375 0.925 7.3960e-08
-4.375 0.975 1.4765e-07
-4.375 1.025 2.9479e-07
-4.375 1.075 5.8860e-07
-4.375 1.125 1.1753e-06
-4.375 1.175 2.3472e-06
-4.375 1.225 4.6877e-06
-4.375 1.275 9.3633e-06
-4.375 1.325 1.8704e-05
-4.375 1.375 3.7369e-05
-4.375 1.425 7.4669e-05
-4.375 1.475 1.4922e-04
-4.375 1.525 2.9826e-04
-4.375 1.575 5.9623e-04
-4.375 1.625 1.1921e-03
-4.375 1.675 2.3839e-03
-4.375 1.725 4.7681e-03
-4.375 1.775 9.5381e-03
-4.375 1.825 1.9083e-02
-4.375 1.875 3.8185e-02
-4.375 1.925 7.6413e-02
-4.375 1.975 1.5292e-01
-4.375 2.025 3.0600e-01
-4.375 2.075 6.1222e-01
-4.375 2.125 1.2245e+00
-4.375 2.175 2.4476e+00
-4.375 2.225 4.8885e+00
-4.375 2.275 9.7514e+00
-4.375 2.325 1.9418e+01
-4.375 2.375 3.8576e+01
-4.375 2.425 7.6391e+01
-4.375 2.475 1.5063e+02
-4.375 2.525 2.9538e+02
-4.375 2.575 5.7506e+02
-4.375 2.625 1.1094e+03
-4.375 2.675 2.1158e+03
-4.375 2.725 3.9781e+03
-4.375 2.775 7.3519e+03
-4.375 2.825 1.3310e+04
-4.375 2.875 2.3527e+04
-4.375 2.925 4.0468e+04
-4.375 2.975 6.7536e+04
-4.375 3.025 1.0911e+05
-4.375 3.075 1.7038e+05
-4.375 3.125 2.5706e+05
-4.375 3.175 3.7495e+05
-4.375 3.225 5.2963e+05
-4.375 3.275 7.2653e+05
-4.375 3.325 9.7199e+05
-4.375 3.375 1.2761e+06
-4.375 3.425 1.6591e+06
-4.375 3.475 2.1631e+06
-4.375 3.525 2.8712e+06
-4.375 3.575 3.9339e+06
-4.375 3.625 5.5939e+06
-4.375 3.675 8.1896e+06
-4.375 3.725 1.2101e+07
-4.375 3.775 1.7550e+07
-4.375 3.825 2.3051e+07
-4.375 3.875 0.0000e+00
-4.375 3.925 0.0000e+00
-4.375 3.975 0.0000e+00
-4.325 -1.975 0.0000e+00
-4.325 -1.925 0.0000e+00
-4.325 -1.875 0.0000e+00
-4.325 -1.825 0.0000e+00
-4.325 -1.775 0.0000e+00
-4.325 -1.725 0.0000e+00
-4.325 -1.675 0.0000e+00
-4.325 -1.625 0.0000e+00
-4.325 -1.575 0.0000e+00
-4.325 -1.525 0.0000e+00
-4.325 -1.475 0.0000e+00
-4.325 -1.425 0.0000e+00
-4.325 -1.375 0.0000e+00
-4.325 -1.325 0.0000e+00
-4.325 -1.275 0.0000e+00
-4.325 -1.225 0.0000e+00
-4.325 -1.175 0.0000e+00
-4.325 -1.125 0.0000e+00
-4.325 -1.075 0.0000e+00
-4.325 -1.025 0.0000e+00
-4.325 -0.975 0.0000e+00
-4.325 -0.925 0.0000e+00
-4.325 -0.875 0.0000e+00
-4.325 -0.825 0.0000e+00
-4.325 -0.775 0.0000e+00
-4.325 -0.725 0.0000e+00
-4.325 -0.675 0.0000e+00
-4.325 -0.625 0.0000e+00
-4.325 -0.575 0.0000e+00
-4.325 -0.525 0.0000e+00
-4.325 -0.475 0.0000e+00
-4.325 -0.425 0.0000e+00
-4.325 -0.375 0.0000e+00
-4.325 -0.325 0.0000e+00
-4.325 -0.275 0.0000e+00
-4.325 -0.225 0.0000e+00
-4.325 -0.175 0.0000e+00
-4.325 -0.125 0.0000e+00
-4.325 -0.075 0.0000e+00
-4.325 -0.025 0.0000e+00
-4.325 0.025 0.0000e+00
-4.325 0.075 0.0000e+00
-4.325 0.125 0.0000e+00
-4.325 0.175 0.0000e+00
-4.325 0.225 0.0000e+00
-4.325 0.275 0.0000e+00
-4.325 0.325 0.0000e+00
-4.325 0.375 0.0000e+00
-4.325 0.425 0.0000e+00
-4.325 0.475 0.0000e+00
-4.325 0.525 0.0000e+00
-4.325 0.575 0.0000e+00
-4.325 0.625 0.0000e+00
-4.325 0.675 2.9383e-09
-4.325 0.725 5.8647e-09
-4.325 0.775 1.1706e-08
-4.325 0.825 2.3366e-08
-4.325 0.875 4.6642e-08
-4.325 0.925 9.3110e-08
-4.325 0.975 1.8588e-07
-4.325 1.025 3.7112e-07
-4.325 1.075 7.4101e-07
-4.325 1.125 1.4797e-06
-4.325 1.175 2.9549e-06
-4.325 1.225 5.9015e-06
-4.325 1.275 1.1788e-05
-4.325 1.325 2.3547e-05
-4.325 1.375 4.7045e-05
-4.325 1.425 9.4003e-05
-4.325 1.475 1.8786e-04
-4.325 1.525 3.7548e-04
-4.325 1.575 7.5061e-04
-4.325 1.625 1.5008e-03
-4.325 1.675 3.0012e-03
-4.325 1.725 6.0026e-03
-4.325 1.775 1.2008e-02
-4.325 1.825 2.4024e-02
-4.325 1.875 4.8071e-02
-4.325 1.925 9.6196e-02
-4.325 1.975 1.9251e-01
-4.325 2.025 3.8522e-01
-4.325 2.075 7.7071e-01
-4.325 2.125 1.5414e+00
-4.325 2.175 3.0812e+00
-4.325 2.225 6.1538e+00
-4.325 2.275 1.2275e+01
-4.325 2.325 2.4443e+01
-4.325 2.375 4.8558e+01
-4.325 2.425 9.6153e+01
-4.325 2.475 1.8959e+02
-4.325 2.525 3.7175e+02
-4.325 2.575 7.2372e+02
-4.325 2.625 1.3961e+03
-4.325 2.675 2.6622e+03
-4.325 2.725 5.0051e+03
-4.325 2.775 9.2486e+03
-4.325 2.825 1.6742e+04
-4.325 2.875 2.9589e+04
-4.325 2.925 5.0886e+04
-4.325 2.975 8.4911e+04
-4.325 3.025 1.3716e+05
-4.325 3.075 2.1417e+05
-4.325 3.125 3.2314e+05
-4.325 3.175 4.7138e+05
-4.325 3.225 6.6601e+05
-4.325 3.275 9.1405e+05
-4.325 3.325 1.2238e+06
-4.325 3.375 1.6087e+06
-4.325 3.425 2.0949e+06
-4.325 3.475 2.7363e+06
-4.325 3.525 3.6384e+06
-4.325 3.575 4.9887e+06
-4.325 3.625 7.0863e+06
-4.325 3.675 1.0342e+07
-4.325 3.725 1.5208e+07
-4.325 3.775 2.1935e+07
-4.325 3.825 2.8649e+07
-4.325 3.875 0.0000e+00
-4.325 3.925 0.0000e+00
-4.325 3.975 0.0000e+00
-4.275 -1.975 0.0000e+00
-4.275 -1.925 0.0000e+00
-4.275 -1.875 0.0000e+00
-4.275 -1.825 0.0000e+00
-4.275 -1.775 0.0000e+00
-4.275 -1.725 0.0000e+00
-4.275 -1.675 0.0000e+00
-4.275 -1.625 0.0000e+00
-4.275 -1.575 0.0000e+00
-4.275 -1.525 0.0000e+00
-4.275 -1.475 0.0000e+00
-4.275 -1.425 0.0000e+00
-4.275 -1.375 0.0000e+00
-4.275 -1.325 0.0000e+00
-4.275 -1.275 0.0000e+00
-4.275 -1.225 0.0000e+00
-4.275 -1.175 0.0000e+00
-4.275 -1.125 0.0000e+00
-4.275 -1.075 0.0000e+00
-4.275 -1.025 0.0000e+00
-4.275 -0.975 0.0000e+00
-4.275 -0.925 0.0000e+00
-4.275 -0.875 0.0000e+00
-4.275 -0.825 0.0000e+00
-4.275 -0.775 0.0000e+00
-4.275 -0.725 0.0000e+00
-4.275 -0.675 0.0000e+00
-4.275 -0.625 0.0000e+00
-4.275 -0.575 0.0000e+00
-4.275 -0.525 0.0000e+00
-4.275 -0.475 0.0000e+00
-4.275 -0.425 0.0000e+00
-4.275 -0.375 0.0000e+00
-4.275 -0.325 0.0000e+00
-4.275 -0.275 0.0000e+00
-4.275 -0.225 0.0000e+00
-4.275 -0.175 0.0000e+00
-4.275 -0.125 0.0000e+00
-4.275 -0.075 0.0000e+00
-4.275 -0.025 0.0000e+00
-4.275 0.025 0.0000e+00
-4.275 0.075 0.0000e+00
-4.275 0.125 0.0000e+00
-4.275 0.175 0.0000e+00
-4.275 0.225 0.0000e+00
-4.275 0.275 0.0000e+00
-4.275 0.325 0.0000e+00
-4.275 0.375 0.0000e+00
-4.275 0.425 0.0000e+00
-4.275 0.475 0.0000e+00
-4.275 0.525 0.0000e+00
-4.275 0.575 0.0000e+00
-4.275 0.625 0.0000e+00
-4.275 0.675 3.6992e-09
-4.275 0.725 7.3832e-09
-4.275 0.775 1.4737e-08
-4.275 0.825 2.9416e-08
-4.275 0.875 5.8719e-08
-4.275 0.925 1.1722e-07
-4.275 0.975 2.3401e-07
-4.275 1.025 4.6722e-07
-4.275 1.075 9.3287e-07
-4.275 1.125 1.8628e-06
-4.275 1.175 3.7200e-06
-4.275 1.225 7.4295e-06
-4.275 1.275 1.4840e-05
-4.275 1.325 2.9644e-05
-4.275 1.375 5.9226e-05
-4.275 1.425 1.1834e-04
-4.275 1.475 2.3650e-04
-4.275 1.525 4.7270e-04
-4.275 1.575 9.4496e-04
-4.275 1.625 1.8894e-03
-4.275 1.675 3.7782e-03
-4.275 1.725 7.5567e-03
-4.275 1.775 1.5117e-02
-4.275 1.825 3.0244e-02
-4.275 1.875 6.0516e-02
-4.275 1.925 1.2110e-01
-4.275 1.975 2.4234e-01
-4.275 2.025 4.8494e-01
-4.275 2.075 9.7022e-01
-4.275 2.125 1.9404e+00
-4.275 2.175 3.8787e+00
-4.275 2.225 7.7464e+00
-4.275 2.275 1.5452e+01
-4.275 2.325 3.0768e+01
-4.275 2.375 6.1120e+01
-4.275 2.425 1.2102e+02
-4.275 2.475 2.3862e+02
-4.275 2.525 4.6785e+02
-4.275 2.575 9.1071e+02
-4.275 2.625 1.7566e+03
-4.275 2.675 3.3494e+03
-4.275 2.725 6.2961e+03
-4.275 2.775 1.1632e+04
-4.275 2.825 2.1054e+04
-4.275 2.875 3.7202e+04
-4.275 2.925 6.3968e+04
-4.275 2.975 1.0672e+05
-4.275 3.025 1.7237e+05
-4.275 3.075 2.6912e+05
-4.275 3.125 4.0604e+05
-4.275 3.175 5.9239e+05
-4.275 3.225 8.3724e+05
-4.275 3.275 1.1497e+06
-4.275 3.325 1.5409e+06
-4.275 3.375 2.0283e+06
-4.275 3.425 2.6465e+06
-4.275 3.475 3.4646e+06
-4.275 3.525 4.6159e+06
-4.275 3.575 6.3339e+06
-4.275 3.625 8.9844e+06
-4.275 3.675 1.3062e+07
-4.275 3.725 1.9098e+07
-4.275 3.775 2.7361e+07
-4.275 3.825 3.5496e+07
-4.275 3.875 0.0000e+00
-4.275 3.925 0.0000e+00
-4.275 3.975 0.0000e+00
-4.225 -1.975 0.0000e+00
-4.225 -1.925 0.0000e+00
-4.225 -1.875 0.0000e+00
-4.225 -1.825 0.0000e+00
-4.225 -1.775 0.0000e+00
-4.225 -1.725 0.0000e+00
-4.225 -1.675 0.0000e+00
-4.225 -1.625 0.0000e+00
-4.225 -1.575 0.0000e+00
-4.225 -1.525 0.0000e+00
-4.225 -1.475 0.0000e+00
-4.225 -1.425 0.0000e+00
-4.225 -1.375 0.0000e+00
-4.225 -1.325 0.0000e+00
-4.225 -1.275 0.0000e+00
-4.225 -1.225 0.0000e+00
-4.225 -1.175 0.0000e+00
-4.225 -1.125 0.0000e+00
-4.225 -1.075 0.0000e+00
-4.225 -1.025 0.0000e+00
-4.225 -0.975 0.0000e+00
-4.225 -0.925 0.0000e+00
-4.225 -0.875 0.0000e+00
-4.225 -0.825 0.0000e+00
-4.225 -0.775 0.0000e+00
-4.225 -0.725 0.0000e+00
-4.225 -0.675 0.0000e+00
-4.225 -0.625 0.0000e+00
-4.225 -0.575 0.0000e+00
-4.225 -0.525 0.0000e+00
-4.225 -0.475 0.0000e+00
-4.225 -0.425 0.0000e+00
-4.225 -0.375 0.0000e+00
-4.225 -0.325 0.0000e+00
-4.225 -0.275 0.0000e+00
-4.225 -0.225 0.0000e+00
-4.225 -0.175 0.0000e+00
-4.225 -0.125 0.0000e+00
-4.225 -0.075 0.0000e+00
-4.225 -0.025 0.0000e+00
-4.225 0.025 0.0000e+00
-4.225 0.075 0.0000e+00
-4.225 0.125 0.0000e+00
-4.225 0.175 0.0000e+00
-4.225 0.225 0.0000e+00
-4.225 0.275 0.0000e+00
-4.225 0.325 0.0000e+00
-4.225 0.375 0.0000e+00
-4.225 0.425 0.0000e+00
-4.225 0.475 0.0000e+00
-4.225 0.525 0.0000e+00
-4.225 0.575 0.0000e+00
-4.225 0.625 0.0000e+00
-4.225 0.675 4.6570e-09
-4.225 0.725 9.2949e-09
-4.225 0.775 1.8553e-08
-4.225 0.825 3.7032e-08
-4.225 0.875 7.3923e-08
-4.225 0.925 1.4757e-07
-4.225 0.975 2.9461e-07
-4.225 1.025 5.8819e-07
-4.225 1.075 1.1744e-06
-4.225 1.125 2.3451e-06
-4.225 1.175 4.6832e-06
-4.225 1.225 9.3532e-06
-4.225 1.275 1.8682e-05
-4.225 1.325 3.7320e-05
-4.225 1.375 7.4561e-05
-4.225 1.425 1.4898e-04
-4.225 1.475 2.9773e-04
-4.225 1.525 5.9509e-04
-4.225 1.575 1.1896e-03
-4.225 1.625 2.3785e-03
-4.225 1.675 4.7564e-03
-4.225 1.725 9.5133e-03
-4.225 1.775 1.9030e-02
-4.225 1.825 3.8074e-02
-4.225 1.875 7.6184e-02
-4.225 1.925 1.5245e-01
-4.225 1.975 3.0508e-01
-4.225 2.025 6.1048e-01
-4.225 2.075 1.2214e+00
-4.225 2.125 2.4427e+00
-4.225 2.175 4.8825e+00
-4.225 2.225 9.7510e+00
-4.225 2.275 1.9450e+01
-4.225 2.325 3.8727e+01
-4.225 2.375 7.6928e+01
-4.225 2.425 1.5232e+02
-4.225 2.475 3.0029e+02
-4.225 2.525 5.8873e+02
-4.225 2.575 1.1459e+03
-4.225 2.625 2.2099e+03
-4.225 2.675 4.2132e+03
-4.225 2.725 7.9185e+03
-4.225 2.775 1.4627e+04
-4.225 2.825 2.6468e+04
-4.225 2.875 4.6758e+04
-4.225 2.925 8.0381e+04
-4.225 2.975 1.3408e+05
-4.225 3.025 2.1651e+05
-4.225 3.075 3.3800e+05
-4.225 3.125 5.0995e+05
-4.225 3.175 7.4411e+05
-4.225 3.225 1.0521e+06
-4.225 3.275 1.4458e+06
-4.225 3.325 1.9399e+06
-4.225 3.375 2.5580e+06
-4.225 3.425 3.3453e+06
-4.225 3.475 4.3911e+06
-4.225 3.525 5.8632e+06
-4.225 3.575 8.0512e+06
-4.225 3.625 1.1399e+07
-4.225 3.675 1.6495e+07
-4.225 3.725 2.3952e+07
-4.225 3.775 3.4044e+07
-4.225 3.825 4.3814e+07
-4.225 3.875 0.0000e+00
-4.225 3.925 0.0000e+00
-4.225 3.975 0.0000e+00
-4.175 -1.975 0.0000e+00
-4.175 -1.925 0.0000e+00
-4.175 -1.875 0.0000e+00
-4.175 -1.825 0.0000e+00
-4.175 -1.775 0.0000e+00
-4.175 -1.725 0.0000e+00
-4.175 -1.675 0.0000e+00
-4.175 -1.625 0.0000e+00
-4.175 -1.575 0.0000e+00
-4.175 -1.525 0.0000e+00
-4.175 -1.475 0.0000e+00
-4.175 -1.425 0.0000e+00
-4.175 -1.375 0.0000e+00
-4.175 -1.325 0.0000e+00
-4.175 -1.275 0.0000e+00
-4.175 -1.225 0.0000e+00
-4.175 -1.175 0.0000e+00
-4.175 -1.125 0.0000e+00
-4.175 -1.075 0.0000e+00
-4.175 -1.025 0.0000e+00
-4.175 -0.975 0.0000e+00
-4.175 -0.925 0.0000e+00
-4.175 -0.875 0.0000e+00
-4.175 -0.825 0.0000e+00
-4.175 -0.775 0.0000e+00
-4.175 -0.725 0.0000e+00
-4.175 -0.675 0.0000e+00
-4.175 -0.625 0.0000e+00
-4.175 -0.575 0.0000e+00
-4.175 -0.525 0.0000e+00
-4.175 -0.475 0.0000e+00
-4.175 -0.425 0.0000e+00
-4.175 -0.375 0.0000e+00
-4.175 -0.325 0.0000e+00
-4.175 -0.275 0.0000e+00
-4.175 -0.225 0.0000e+00
-4.175 -0.175 0.0000e+00
-4.175 -0.125 0.0000e+00
-4.175 -0.075 0.0000e+00
-4.175 -0.025 0.0000e+00
-4.175 0.025 0.0000e+00
-4.175 0.075 0.0000e+00
-4.175 0.125 0.0000e+00
-4.175 0.175 0.0000e+00
-4.175 0.225 0.0000e+00
-4.175 0.275 0.0000e+00
-4.175 0.325 0.0000e+00
-4.175 0.375 0.0000e+00
-4.175 0.425 0.0000e+00
-4.175 0.475 0.0000e+00
-4.175 0.525 0.0000e+00
-4.175 0.575 0.0000e+00
-4.175 0.625 0.0000e+00
-4.175 0.675 5.8628e-09
-4.175 0.725 1.1702e-08
-4.175 0.775 2.3356e-08
-4.175 0.825 4.6621e-08
-4.175 0.875 9.3063e-08
-4.175 0.925 1.8578e-07
-4.175 0.975 3.7089e-07
-4.175 1.025 7.4049e-07
-4.175 1.075 1.4785e-06
-4.175 1.125 2.9523e-06
-4.175 1.175 5.8958e-06
-4.175 1.225 1.1775e-05
-4.175 1.275 2.3519e-05
-4.175 1.325 4.6983e-05
-4.175 1.375 9.3866e-05
-4.175 1.425 1.8756e-04
-4.175 1.475 3.7482e-04
-4.175 1.525 7.4917e-04
-4.175 1.575 1.4976e-03
-4.175 1.625 2.9944e-03
-4.175 1.675 5.9879e-03
-4.175 1.725 1.1976e-02
-4.175 1.775 2.3957e-02
-4.175 1.825 4.7931e-02
-4.175 1.875 9.5907e-02
-4.175 1.925 1.9192e-01
-4.175 1.975 3.8406e-01
-4.175 2.025 7.6850e-01
-4.175 2.075 1.5375e+00
-4.175 2.125 3.0749e+00
-4.175 2.175 6.1460e+00
-4.175 2.225 1.2274e+01
-4.175 2.275 2.4481e+01
-4.175 2.325 4.8744e+01
-4.175 2.375 9.6818e+01
-4.175 2.425 1.9168e+02
-4.175 2.475 3.7788e+02
-4.175 2.525 7.4075e+02
-4.175 2.575 1.4416e+03
-4.175 2.625 2.7798e+03
-4.175 2.675 5.2986e+03
-4.175 2.725 9.9564e+03
-4.175 2.775 1.8387e+04
-4.175 2.825 3.3263e+04
-4.175 2.875 5.8745e+04
-4.175 2.925 1.0096e+05
-4.175 2.975 1.6835e+05
-4.175 3.025 2.7179e+05
-4.175 3.075 4.2424e+05
-4.175 3.125 6.4006e+05
-4.175 3.175 9.3413e+05
-4.175 3.225 1.3214e+06
-4.175 3.275 1.8174e+06
-4.175 3.325 2.4420e+06
-4.175 3.375 3.2268e+06
-4.175 3.425 4.2313e+06
-4.175 3.475 5.5706e+06
-4.175 3.525 7.4563e+06
-4.175 3.575 1.0245e+07
-4.175 3.625 1.4470e+07
-4.175 3.675 2.0819e+07
-4.175 3.725 2.9986e+07
-4.175 3.775 4.2223e+07
-4.175 3.825 5.3832e+07
-4.175 3.875 0.0000e+00
-4.175 3.925 0.0000e+00
-4.175 3.975 0.0000e+00
-4.125 -1.975 0.0000e+00
-4.125 -1.925 0.0000e+00
-4.125 -1.875 0.0000e+00
-4.125 -1.825 0.0000e+00
-4.125 -1.775 0.0000e+00
-4.125 -1.725 0.0000e+00
-4.125 -1.675 0.0000e+00
-4.125 -1.625 0.0000e+00
-4.125 -1.575 0.0000e+00
-4.125 -1.525 0.0000e+00
-4.125 -1.475 0.0000e+00
-4.125 -1.425 0.0000e+00
-4.125 -1.375 0.0000e+00
-4.125 -1.325 0.0000e+00
-4.125 -1.275 0.0000e+00
-4.125 -1.225 0.0000e+00
-4.125 -1.175 0.0000e+00
-4.125 -1.125 0.0000e+00
-4.125 -1.075 0.0000e+00
-4.125 -1.025 0.0000e+00
-4.125 -0.975 0.0000e+00
-4.125 -0.925 0.0000e+00
-4.125 -0.875 0.0000e+00
-4.125 -0.825 0.0000e+00
-4.125 -0.775 0.0000e+00
-4.125 -0.725 0.0000e+00
-4.125 -0.675 0.0000e+00
-4.125 -0.625 0.0000e+00
-4.125 -0.575 0.0000e+00
-4.125 -0.525 0.0000e+00
-4.125 -0.475 0.0000e+00
-4.125 -0.425 0.0000e+00
-4.125 -0.375 0.0000e+00
-4.125 -0.325 0.0000e+00
-4.125 -0.275 0.0000e+00
-4.125 -0.225 0.0000e+00
-4.125 -0.175 0.0000e+00
-4.125 -0.125 0.0000e+00
-4.125 -0.075 0.0000e+00
-4.125 -0.025 0.0000e+00
-4.125 0.025 0.0000e+00
-4.125 0.075 0.0000e+00
-4.125 0.125 0.0000e+00
-4.125 0.175 0.0000e+00
-4.125 0.225 0.0000e+00
-4.125 0.275 0.0000e+00
-4.125 0.325 0.0000e+00
-4.125 0.375 0.0000e+00
-4.125 0.425 0.0000e+00
-4.125 0.475 0.0000e+00
-4.125 0.525 0.0000e+00
-4.125 0.575 0.0000e+00
-4.125 0.625 0.0000e+00
-4.125 0.675 7.3808e-09
-4.125 0.725 1.4731e-08
-4.125 0.775 2.9404e-08
-4.125 0.825 5.8692e-08
-4.125 0.875 1.1716e-07
-4.125 0.925 2.3388e-07
-4.125 0.975 4.6692e-07
-4.125 1.025 9.3222e-07
-4.125 1.075 1.8613e-06
-4.125 1.125 3.7167e-06
-4.125 1.175 7.4223e-06
-4.125 1.225 1.4824e-05
-4.125 1.275 2.9609e-05
-4.125 1.325 5.9148e-05
-4.125 1.375 1.1817e-04
-4.125 1.425 2.3612e-04
-4.125 1.475 4.7187e-04
-4.125 1.525 9.4314e-04
-4.125 1.575 1.8854e-03
-4.125 1.625 3.7696e-03
-4.125 1.675 7.5383e-03
-4.125 1.725 1.5077e-02
-4.125 1.775 3.0160e-02
-4.125 1.825 6.0340e-02
-4.125 1.875 1.2074e-01
-4.125 1.925 2.4160e-01
-4.125 1.975 4.8347e-01
-4.125 2.025 9.6741e-01
-4.125 2.075 1.9354e+00
-4.125 2.125 3.8706e+00
-4.125 2.175 7.7363e+00
-4.125 2.225 1.5449e+01
-4.125 2.275 3.0813e+01
-4.125 2.325 6.1347e+01
-4.125 2.375 1.2184e+02
-4.125 2.425 2.4121e+02
-4.125 2.475 4.7545e+02
-4.125 2.525 9.3190e+02
-4.125 2.575 1.8133e+03
-4.125 2.625 3.4959e+03
-4.125 2.675 6.6620e+03
-4.125 2.725 1.2515e+04
-4.125 2.775 2.3105e+04
-4.125 2.825 4.1783e+04
-4.125 2.875 7.3766e+04
-4.125 2.925 1.2673e+05
-4.125 2.975 2.1125e+05
-4.125 3.025 3.4094e+05
-4.125 3.075 5.3208e+05
-4.125 3.125 8.0273e+05
-4.125 3.175 1.1718e+06
-4.125 3.225 1.6585e+06
-4.125 3.275 2.2835e+06
-4.125 3.325 3.0733e+06
-4.125 3.375 4.0708e+06
-4.125 3.425 5.3546e+06
-4.125 3.475 7.0730e+06
-4.125 3.525 9.4913e+06
-4.125 3.575 1.3044e+07
-4.125 3.625 1.8365e+07
-4.125 3.675 2.6245e+07
-4.125 3.725 3.7442e+07
-4.125 3.775 5.2152e+07
-4.125 3.825 6.5769e+07
-4.125 3.875 0.0000e+00
-4.125 3.925 0.0000e+00
-4.125 3.975 0.0000e+00
-4.075 -1.975 0.0000e+00
-4.075 -1.925 0.0000e+00
-4.075 -1.875 0.0000e+00
-4.075 -1.825 0.0000e+00
-4.075 -1.775 0.0000e+00
-4.075 -1.725 0.0000e+00
-4.075 -1.675 0.0000e+00
-4.075 -1.625 0.0000e+00
-4.075 -1.575 0.0000e+00
-4.075 -1.525 0.0000e+00
-4.075 -1.475 0.0000e+00
-4.075 -1.425 0.0000e+00
-4.075 -1.375 0.0000e+00
-4.075 -1.325 0.0000e+00
-4.075 -1.275 0.0000e+00
-4.075 -1.225 0.0000e+00
-4.075 -1.175 0.0000e+00
-4.075 -1.125 0.0000e+00
-4.075 -1.075 0.0000e+00
-4.075 -1.025 0.0000e+00
-4.075 -0.975 0.0000e+00
-4.075 -0.925 0.0000e+00
-4.075 -0.875 0.0000e+00
-4.075 -0.825 0.0000e+00
-4.075 -0.775 0.0000e+00
-4.075 -0.725 0.0000e+00
-4.075 -0.675 0.0000e+00
-4.075 -0.625 0.0000e+00
-4.075 -0.575 0.0000e+00
-4.075 -0.525 0.0000e+00
-4.075 -0.475 0.0000e+00
-4.075 -0.425 0.0000e+00
-4.075 -0.375 0.0000e+00
-4.075 -0.325 0.0000e+00
-4.075 -0.275 0.0000e+00
-4.075 -0.225 0.0000e+00
-4.075 -0.175 0.0000e+00
-4.075 -0.125 0.0000e+00
-4.075 -0.075 0.0000e+00
-4.075 -0.025 0.0000e+00
-4.075 0.025 0.0000e+00
-4.075 0.075 0.0000e+00
-4.075 0.125 0.0000e+00
-4.075 0.175 0.0000e+00
-4.075 0.225 0.0000e+00
-4.075 0.275 0.0000e+00
-4.075 0.325 0.0000e+00
-4.075 0.375 0.0000e+00
-4.075 0.425 0.0000e+00
-4.075 0.475 0.0000e+00
-4.075 0.525 0.0000e+00
-4.075 0.575 0.0000e+00
-4.075 0.625 0.0000e+00
-4.075 0.675 9.2919e-09
-4.075 0.725 1.8546e-08
-4.075 0.775 3.7017e-08
-4.075 0.825 7.3889e-08
-4.075 0.875 1.4749e-07
-4.075 0.925 2.9444e-07
-4.075 0.975 5.8782e-07
-4.075 1.025 1.1736e-06
-4.075 1.075 2.3433e-06
-4.075 1.125 4.6791e-06
-4.075 1.175 9.3441e-06
-4.075 1.225 1.8662e-05
-4.075 1.275 3.7275e-05
-4.075 1.325 7.4462e-05
-4.075 1.375 1.4877e-04
-4.075 1.425 2.9726e-04
-4.075 1.475 5.9405e-04
-4.075 1.525 1.1873e-03
-4.075 1.575 2.3735e-03
-4.075 1.625 4.7456e-03
-4.075 1.675 9.4899e-03
-4.075 1.725 1.8980e-02
-4.075 1.775 3.7968e-02
-4.075 1.825 7.5961e-02
-4.075 1.875 1.5199e-01
-4.075 1.925 3.0414e-01
-4.075 1.975 6.0861e-01
-4.075 2.025 1.2178e+00
-4.075 2.075 2.4362e+00
-4.075 2.125 4.8721e+00
-4.075 2.175 9.7376e+00
-4.075 2.225 1.9445e+01
-4.075 2.275 3.8780e+01
-4.075 2.325 7.7203e+01
-4.075 2.375 1.5332e+02
-4.075 2.425 3.0349e+02
-4.075 2.475 5.9814e+02
-4.075 2.525 1.1722e+03
-4.075 2.575 2.2804e+03
-4.075 2.625 4.3952e+03
-4.075 2.675 8.3733e+03
-4.075 2.725 1.5724e+04
-4.075 2.775 2.9019e+04
-4.075 2.825 5.2456e+04
-4.075 2.875 9.2566e+04
-4.075 2.925 1.5895e+05
-4.075 2.975 2.6484e+05
-4.075 3.025 4.2729e+05
-4.075 3.075 6.6666e+05
-4.075 3.125 1.0057e+06
-4.075 3.175 1.4684e+06
-4.075 3.225 2.0797e+06
-4.075 3.275 2.8670e+06
-4.075 3.325 3.8662e+06
-4.075 3.375 5.1353e+06
-4.075 3.425 6.7783e+06
-4.075 3.475 8.9858e+06
-4.075 3.525 1.2088e+07
-4.075 3.575 1.6609e+07
-4.075 3.625 2.3289e+07
-4.075 3.675 3.3012e+07
-4.075 3.725 4.6579e+07
-4.075 3.775 6.4077e+07
-4.075 3.825 7.9801e+07
-4.075 3.875 0.0000e+00
-4.075 3.925 0.0000e+00
-4.075 3.975 0.0000e+00
-4.025 -1.975 0.0000e+00
-4.025 -1.925 0.0000e+00
-4.025 -1.875 0.0000e+00
-4.025 -1.825 0.0000e+00
-4.025 -1.775 0.0000e+00
-4.025 -1.725 0.0000e+00
-4.025 -1.675 0.0000e+00
-4.025 -1.625 0.0000e+00
-4.025 -1.575 0.0000e+00
-4.025 -1.525 0.0000e+00
-4.025 -1.475 0.0000e+00
-4.025 -1.425 0.0000e+00
-4.025 -1.375 0.0000e+00
-4.025 -1.325 0.0000e+00
-4.025 -1.275 0.0000e+00
-4.025 -1.225 0.0000e+00
-4.025 -1.175 0.0000e+00
-4.025 -1.125 0.0000e+00
-4.025 -1.075 0.0000e+00
-4.025 -1.025 0.0000e+00
-4.025 -0.975 0.0000e+00
-4.025 -0.925 0.0000e+00
-4.025 -0.875 0.0000e+00
-4.025 -0.825 0.0000e+00
-4.025 -0.775 0.0000e+00
-4.025 -0.725 0.0000e+00
-4.025 -0.675 0.0000e+00
-4.025 -0.625 0.0000e+00
-4.025 -0.575 0.0000e+00
-4.025 -0.525 0.0000e+00
-4.025 -0.475 0.0000e+00
-4.025 -0.425 0.0000e+00
-4.025 -0.375 0.0000e+00
-4.025 -0.325 0.0000e+00
-4.025 -0.275 0.0000e+00
-4.025 -0.225 0.0000e+00
-4.025 -0.175 0.0000e+00
-4.025 -0.125 0.0000e+00
-4.025 -0.075 0.0000e+00
-4.025 -0.025 0.0000e+00
-4.025 0.025 0.0000e+00
-4.025 0.075 0.0000e+00
-4.025 0.125 0.0000e+00
-4.025 0.175 0.0000e+00
-4.025 0.225 0.0000e+00
-4.025 0.275 0.0000e+00
-4.025 0.325 0.0000e+00
-4.025 0.375 0.0000e+00
-4.025 0.425 0.0000e+00
-4.025 0.475 0.0000e+00
-4.025 0.525 0.0000e+00
-4.025 0.575 0.0000e+00
-4.025 0.625 0.0000e+00
-4.025 0.675 1.1698e-08
-4.025 0.725 2.3348e-08
-4.025 0.775 4.6602e-08
-4.025 0.825 9.3021e-08
-4.025 0.875 1.8568e-07
-4.025 0.925 3.7068e-07
-4.025 0.975 7.4002e-07
-4.025 1.025 1.4775e-06
-4.025 1.075 2.9500e-06
-4.025 1.125 5.8906e-06
-4.025 1.175 1.1764e-05
-4.025 1.225 2.3494e-05
-4.025 1.275 4.6927e-05
-4.025 1.325 9.3742e-05
-4.025 1.375 1.8728e-04
-4.025 1.425 3.7422e-04
-4.025 1.475 7.4785e-04
-4.025 1.525 1.4948e-03
-4.025 1.575 2.9881e-03
-4.025 1.625 5.9743e-03
-4.025 1.675 1.1947e-02
-4.025 1.725 2.3894e-02
-4.025 1.775 4.7797e-02
-4.025 1.825 9.5625e-02
-4.025 1.875 1.9133e-01
-4.025 1.925 3.8286e-01
-4.025 1.975 7.6612e-01
-4.025 2.025 1.5329e+00
-4.025 2.075 3.0666e+00
-4.025 2.125 6.1324e+00
-4.025 2.175 1.2256e+01
-4.025 2.225 2.4473e+01
-4.025 2.275 4.8803e+01
-4.025 2.325 9.7149e+01
-4.025 2.375 1.9291e+02
-4.025 2.425 3.8180e+02
-4.025 2.475 7.5234e+02
-4.025 2.525 1.4740e+03
-4.025 2.575 2.8669e+03
-4.025 2.625 5.5240e+03
-4.025 2.675 1.0520e+04
-4.025 2.725 1.9747e+04
-4.025 2.775 3.6424e+04
-4.025 2.825 6.5807e+04
-4.025 2.875 1.1606e+05
-4.025 2.925 1.9917e+05
-4.025 2.975 3.3169e+05
-4.025 3.025 5.3487e+05
-4.025 3.075 8.3424e+05
-4.025 3.125 1.2584e+06
-4.025 3.175 1.8379e+06
-4.025 3.225 2.6049e+06
-4.025 3.275 3.5961e+06
-4.025 3.325 4.8604e+06
-4.025 3.375 6.4760e+06
-4.025 3.425 8.5803e+06
-4.025 3.475 1.1416e+07
-4.025 3.525 1.5391e+07
-4.025 3.575 2.1128e+07
-4.025 3.625 2.9469e+07
-4.025 3.675 4.1376e+07
-4.025 3.725 5.7649e+07
-4.025 3.775 7.8196e+07
-4.025 3.825 9.6013e+07
-4.025 3.875 0.0000e+00
-4.025 3.925 0.0000e+00
-4.025 3.975 0.0000e+00
-3.975 -1.975 0.0000e+00
-3.975 -1.925 0.0000e+00
-3.975 -1.875 0.0000e+00
-3.975 -1.825 0.0000e+00
-3.975 -1.775 0.0000e+00
-3.975 -1.725 0.0000e+00
-3.975 -1.675 0.0000e+00
-3.975 -1.625 0.0000e+00
-3.975 -1.575 0.0000e+00
-3.975 -1.525 0.0000e+00
-3.975 -1.475 0.0000e+00
-3.975 -1.425 0.0000e+00
-3.975 -1.375 0.0000e+00
-3.975 -1.325 0.0000e+00
-3.975 -1.275 0.0000e+00
-3.975 -1.225 0.0000e+00
-3.975 -1.175 0.0000e+00
-3.975 -1.125 0.0000e+00
-3.975 -1.075 0.0000e+00
-3.975 -1.025 0.0000e+00
-3.975 -0.975 0.0000e+00
-3.975 -0.925 0.0000e+00
-3.975 -0.875 0.0000e+00
-3.975 -0.825 0.0000e+00
-3.975 -0.775 0.0000e+00
-3.975 -0.725 0.0000e+00
-3.975 -0.675 0.0000e+00
-3.975 -0.625 0.0000e+00
-3.975 -0.575 0.0000e+00
-3.975 -0.525 0.0000e+00
-3.975 -0.475 0.0000e+00
-3.975 -0.425 0.0000e+00
-3.975 -0.375 0.0000e+00
-3.975 -0.325 0.0000e+00
-3.975 -0.275 0.0000e+00
-3.975 -0.225 0.0000e+00
-3.975 -0.175 0.0000e+00
-3.975 -0.125 0.0000e+00
-3.975 -0.075 0.0000e+00
-3.975 -0.025 0.0000e+00
-3.975 0.025 0.0000e+00
-3.975 0.075 0.0000e+00
-3.975 0.125 0.0000e+00
-3.975 0.175 0.0000e+00
-3.975 0.225 0.0000e+00
-3.975 0.275 0.0000e+00
-3.975 0.325 0.0000e+00
-3.975 0.375 0.0000e+00
-3.975 0.425 0.0000e+00
-3.975 0.475 0.0000e+00
-3.975 0.525 0.0000e+00
-3.975 0.575 0.0000e+00
-3.975 0.625 0.0000e+00
-3.975 0.675 1.4727e-08
-3.975 0.725 2.9393e-08
-3.975 0.775 5.8668e-08
-3.975 0.825 1.1711e-07
-3.975 0.875 2.3376e-07
-3.975 0.925 4.6665e-07
-3.975 0.975 9.3163e-07
-3.975 1.025 1.8600e-06
-3.975 1.075 3.7138e-06
-3.975 1.125 7.4158e-06
-3.975 1.175 1.4809e-05
-3.975 1.225 2.9577e-05
-3.975 1.275 5.9077e-05
-3.975 1.325 1.1801e-04
-3.975 1.375 2.3578e-04
-3.975 1.425 4.7111e-04
-3.975 1.475 9.4148e-04
-3.975 1.525 1.8818e-03
-3.975 1.575 3.7617e-03
-3.975 1.625 7.5210e-03
-3.975 1.675 1.5040e-02
-3.975 1.725 3.0080e-02
-3.975 1.775 6.0170e-02
-3.975 1.825 1.2038e-01
-3.975 1.875 2.4086e-01
-3.975 1.925 4.8195e-01
-3.975 1.975 9.6438e-01
-3.975 2.025 1.9296e+00
-3.975 2.075 3.8599e+00
-3.975 2.125 7.7185e+00
-3.975 2.175 1.5425e+01
-3.975 2.225 3.0798e+01
-3.975 2.275 6.1412e+01
-3.975 2.325 1.2223e+02
-3.975 2.375 2.4268e+02
-3.975 2.425 4.8022e+02
-3.975 2.475 9.4608e+02
-3.975 2.525 1.8531e+03
-3.975 2.575 3.6030e+03
-3.975 2.625 6.9396e+03
-3.975 2.675 1.3210e+04
-3.975 2.725 2.4783e+04
-3.975 2.775 4.5685e+04
-3.975 2.825 8.2482e+04
-3.975 2.875 1.4536e+05
-3.975 2.925 2.4928e+05
-3.975 2.975 4.1483e+05
-3.975 3.025 6.6854e+05
-3.975 3.075 1.0423e+06
-3.975 3.125 1.5720e+06
-3.975 3.175 2.2965e+06
-3.975 3.225 3.2578e+06
-3.975 3.275 4.5046e+06
-3.975 3.325 6.1035e+06
-3.975 3.375 8.1598e+06
-3.975 3.425 1.0854e+07
-3.975 3.475 1.4492e+07
-3.975 3.525 1.9570e+07
-3.975 3.575 2.6809e+07
-3.975 3.625 3.7144e+07
-3.975 3.675 5.1578e+07
-3.975 3.725 7.0847e+07
-3.975 3.775 9.4596e+07
-3.975 3.825 1.1431e+08
-3.975 3.875 0.0000e+00
-3.975 3.925 0.0000e+00
-3.975 3.975 0.0000e+00
-3.925 -1.975 0.0000e+00
-3.925 -1.925 0.0000e+00
-3.925 -1.875 0.0000e+00
-3.925 -1.825 0.0000e+00
-3.925 -1.775 0.0000e+00
-3.925 -1.725 0.0000e+00
-3.925 -1.675 0.0000e+00
-3.925 -1.625 0.0000e+00
-3.925 -1.575 0.0000e+00
-3.925 -1.525 0.0000e+00
-3.925 -1.475 0.0000e+00
-3.925 -1.425 0.0000e+00
-3.925 -1.375 0.0000e+00
-3.925 -1.325 0.0000e+00
-3.925 -1.275 0.0000e+00
-3.925 -1.225 0.0000e+00
-3.925 -1.175 0.0000e+00
-3.925 -1.125 0.0000e+00
-3.925 -1.075 0.0000e+00
-3.925 -1.025 0.0000e+00
-3.925 -0.975 0.0000e+00
-3.925 -0.925 0.0000e+00
-3.925 -0.875 0.0000e+00
-3.925 -0.825 0.0000e+00
-3.925 -0.775 0.0000e+00
-3.925 -0.725 0.0000e+00
-3.925 -0.675 0.0000e+00
-3.925 -0.625 0.0000e+00
-3.925 -0.575 0.0000e+00
-3.925 -0.525 0.0000e+00
-3.925 -0.475 0.0000e+00
-3.925 -0.425 0.0000e+00
-3.925 -0.375 0.0000e+00
-3.925 -0.325 0.0000e+00
-3.925 -0.275 0.0000e+00
-3.925 -0.225 0.0000e+00
-3.925 -0.175 0.0000e+00
-3.925 -0.125 0.0000e+00
-3.925 -0.075 0.0000e+00
-3.925 -0.025 0.0000e+00
-3.925 0.025 0.0000e+00
-3.925 0.075 0.0000e+00
-3.925 0.125 0.0000e+00
-3.925 0.175 0.0000e+00
-3.925 0.225 0.0000e+00
-3.925 0.275 0.0000e+00
-3.925 0.325 0.0000e+00
-3.925 0.375 0.0000e+00
-3.925 0.425 0.0000e+00
-3.925 0.475 0.0000e+00
-3.925 0.525 0.0000e+00
-3.925 0.575 0.0000e+00
-3.925 0.625 0.0000e+00
-3.925 0.675 1.8540e-08
-3.925 0.725 3.7004e-08
-3.925 0.775 7.3859e-08
-3.925 0.825 1.4743e-07
-3.925 0.875 2.9429e-07
-3.925 0.925 5.8748e-07
-3.925 0.975 1.1728e-06
-3.925 1.025 2.3416e-06
-3.925 1.075 4.6754e-06
-3.925 1.125 9.3359e-06
-3.925 1.175 1.8644e-05
-3.925 1.225 3.7235e-05
-3.925 1.275 7.4373e-05
-3.925 1.325 1.4857e-04
-3.925 1.375 2.9682e-04
-3.925 1.425 5.9309e-04
-3.925 1.475 1.1852e-03
-3.925 1.525 2.3689e-03
-3.925 1.575 4.7356e-03
-3.925 1.625 9.4681e-03
-3.925 1.675 1.8933e-02
-3.925 1.725 3.7867e-02
-3.925 1.775 7.5745e-02
-3.925 1.825 1.5153e-01
-3.925 1.875 3.0319e-01
-3.925 1.925 6.0667e-01
-3.925 1.975 1.2139e+00
-3.925 2.025 2.4287e+00
-3.925 2.075 4.8582e+00
-3.925 2.125 9.7142e+00
-3.925 2.175 1.9412e+01
-3.925 2.225 3.8754e+01
-3.925 2.275 7.7268e+01
-3.925 2.325 1.5377e+02
-3.925 2.375 3.0524e+02
-3.925 2.425 6.0388e+02
-3.925 2.475 1.1894e+03
-3.925 2.525 2.3289e+03
-3.925 2.575 4.5261e+03
-3.925 2.625 8.7134e+03
-3.925 2.675 1.6576e+04
-3.925 2.725 3.1078e+04
-3.925 2.775 5.7246e+04
-3.925 2.825 1.0327e+05
-3.925 2.875 1.8183e+05
-3.925 2.925 3.1152e+05
-3.925 2.975 5.1794e+05
-3.925 3.025 8.3406e+05
-3.925 3.075 1.2996e+06
-3.925 3.125 1.9597e+06
-3.925 3.175 2.8636e+06
-3.925 3.225 4.0659e+06
-3.925 3.275 5.6318e+06
-3.925 3.325 7.6513e+06
-3.925 3.375 1.0265e+07
-3.925 3.425 1.3706e+07
-3.925 3.475 1.8357e+07
-3.925 3.525 2.4803e+07
-3.925 3.575 3.3862e+07
-3.925 3.625 4.6527e+07
-3.925 3.675 6.3787e+07
-3.925 3.725 8.6234e+07
-3.925 3.775 1.1315e+08
-3.925 3.825 1.3431e+08
-3.925 3.875 0.0000e+00
-3.925 3.925 0.0000e+00
-3.925 3.975 0.0000e+00
-3.875 -1.975 0.0000e+00
-3.875 -1.925 0.0000e+00
-3.875 -1.875 0.0000e+00
-3.875 -1.825 0.0000e+00
-3.875 -1.775 0.0000e+00
-3.875 -1.725 0.0000e+00
-3.875 -1.675 0.0000e+00
-3.875 -1.625 0.0000e+00
-3.875 -1.575 0.0000e+00
-3.875 -1.525 0.0000e+00
-3.875 -1.475 0.0000e+00
-3.875 -1.425 0.0000e+00
-3.875 -1.375 0.0000e+00
-3.875 -1.325 0.0000e+00
-3.875 -1.275 0.0000e+00
-3.875 -1.225 0.0000e+00
-3.875 -1.175 0.0000e+00
-3.875 -1.125 0.0000e+00
-3.875 -1.075 0.0000e+00
-3.875 -1.025 0.0000e+00
-3.875 -0.975 0.0000e+00
-3.875 -0.925 0.0000e+00
-3.875 -0.875 0.0000e+00
-3.875 -0.825 0.0000e+00
-3.875 -0.775 0.0000e+00
-3.875 -0.725 0.0000e+00
-3.875 -0.675 0.0000e+00
-3.875 -0.625 0.0000e+00
-3.875 -0.575 0.0000e+00
-3.875 -0.525 0.0000e+00
-3.875 -0.475 0.0000e+00
-3.875 -0.425 0.0000e+00
-3.875 -0.375 0.0000e+00
-3.875 -0.325 0.0000e+00
-3.875 -0.275 0.0000e+00
-3.875 -0.225 0.0000e+00
-3.875 -0.175 0.0000e+00
-3.875 -0.125 0.0000e+00
-3.875 -0.075 0.0000e+00
-3.875 -0.025 0.0000e+00
-3.875 0.025 0.0000e+00
-3.875 0.075 0.0000e+00
-3.875 0.125 0.0000e+00
-3.875 0.175 0.0000e+00
-3.875 0.225 0.0000e+00
-3.875 0.275 0.0000e+00
-3.875 0.325 0.0000e+00
-3.875 0.375 0.0000e+00
-3.875 0.425 0.0000e+00
-3.875 0.475 0.0000e+00
-3.875 0.525 0.0000e+00
-3.875 0.575 0.0000e+00
-3.875 0.625 0.0000e+00
-3.875 0.675 2.3340e-08
-3.875 0.725 4.6585e-08
-3.875 0.775 9.2983e-08
-3.875 0.825 1.8560e-07
-3.875 0.875 3.7049e-07
-3.875 0.925 7.3960e-07
-3.875 0.975 1.4765e-06
-3.875 1.025 2.9479e-06
-3.875 1.075 5.8860e-06
-3.875 1.125 1.1753e-05
-3.875 1.175 2.3471e-05
-3.875 1.225 4.6876e-05
-3.875 1.275 9.3630e-05
-3.875 1.325 1.8704e-04
-3.875 1.375 3.7367e-04
-3.875 1.425 7.4664e-04
-3.875 1.475 1.4921e-03
-3.875 1.525 2.9823e-03
-3.875 1.575 5.9616e-03
-3.875 1.625 1.1919e-02
-3.875 1.675 2.3834e-02
-3.875 1.725 4.7668e-02
-3.875 1.775 9.5350e-02
-3.875 1.825 1.9075e-01
-3.875 1.875 3.8165e-01
-3.875 1.925 7.6364e-01
-3.875 1.975 1.5279e+00
-3.875 2.025 3.0569e+00
-3.875 2.075 6.1143e+00
-3.875 2.125 1.2225e+01
-3.875 2.175 2.4427e+01
-3.875 2.225 4.8761e+01
-3.875 2.275 9.7204e+01
-3.875 2.325 1.9341e+02
-3.875 2.375 3.8384e+02
-3.875 2.425 7.5916e+02
-3.875 2.475 1.4947e+03
-3.875 2.525 2.9254e+03
-3.875 2.575 5.6826e+03
-3.875 2.625 1.0933e+04
-3.875 2.675 2.0784e+04
-3.875 2.725 3.8932e+04
-3.875 2.775 7.1645e+04
-3.875 2.825 1.2910e+05
-3.875 2.875 2.2705e+05
-3.875 2.925 3.8855e+05
-3.875 2.975 6.4528e+05
-3.875 3.025 1.0381e+06
-3.875 3.075 1.6163e+06
-3.875 3.125 2.4363e+06
-3.875 3.175 3.5608e+06
-3.875 3.225 5.0605e+06
-3.875 3.275 7.0221e+06
-3.875 3.325 9.5660e+06
-3.875 3.375 1.2878e+07
-3.875 3.425 1.7253e+07
-3.875 3.475 2.3156e+07
-3.875 3.525 3.1262e+07
-3.875 3.575 4.2456e+07
-3.875 3.625 5.7742e+07
-3.875 3.675 7.8013e+07
-3.875 3.725 1.0362e+08
-3.875 3.775 1.3335e+08
-3.875 3.825 1.5518e+08
-3.875 3.875 0.0000e+00
-3.875 3.925 0.0000e+00
-3.875 3.975 0.0000e+00
-3.825 -1.975 0.0000e+00
-3.825 -1.925 0.0000e+00
-3.825 -1.875 0.0000e+00
-3.825 -1.825 0.0000e+00
-3.825 -1.775 0.0000e+00
-3.825 -1.725 0.0000e+00
-3.825 -1.675 0.0000e+00
-3.825 -1.625 0.0000e+00
-3.825 -1.575 0.0000e+00
-3.825 -1.525 0.0000e+00
-3.825 -1.475 0.0000e+00
-3.825 -1.425 0.0000e+00
-3.825 -1.375 0.0000e+00
-3.825 -1.325 0.0000e+00
-3.825 -1.275 0.0000e+00
-3.825 -1.225 0.0000e+00
-3.825 -1.175 0.0000e+00
-3.825 -1.125 0.0000e+00
-3.825 -1.075 0.0000e+00
-3.825 -1.025 0.0000e+00
-3.825 -0.975 0.0000e+00
-3.825 -0.925 0.0000e+00
-3.825 -0.875 0.0000e+00
-3.825 -0.825 0.0000e+00
-3.825 -0.775 0.0000e+00
-3.825 -0.725 0.0000e+00
-3.825 -0.675 0.0000e+00
-3.825 -0.625 0.0000e+00
-3.825 -0.575 0.0000e+00
-3.825 -0.525 0.0000e+00
-3.825 -0.475 0.0000e+00
-3.825 -0.425 0.0000e+00
-3.825 -0.375 0.0000e+00
-3.825 -0.325 0.0000e+00
-3.825 -0.275 0.0000e+00
-3.825 -0.225 0.0000e+00
-3.825 -0.175 0.0000e+00
-3.825 -0.125 0.0000e+00
-3.825 -0.075 0.0000e+00
-3.825 -0.025 0.0000e+00
-3.825 0.025 0.0000e+00
-3.825 0.075 0.0000e+00
-3.825 0.125 0.0000e+00
-3.825 0.175 0.0000e+00
-3.825 0.225 0.0000e+00
-3.825 0.275 0.0000e+00
-3.825 0.325 0.0000e+00
-3.825 0.375 0.0000e+00
-3.825 0.425 0.0000e+00
-3.825 0.475 0.0000e+00
-3.825 0.525 0.0000e+00
-3.825 0.575 0.0000e+00
-3.825 0.625 0.0000e+00
-3.825 0.675 2.9383e-08
-3.825 0.725 5.8647e-08
-3.825 0.775 1.1706e-07
-3.825 0.825 2.3366e-07
-3.825 0.875 4.6642e-07
-3.825 0.925 9.3109e-07
-3.825 0.975 1.8588e-06
-3.825 1.025 3.7112e-06
-3.825 1.075 7.4100e-06
-3.825 1.125 1.4796e-05
-3.825 1.175 2.9548e-05
-3.825 1.225 5.9013e-05
-3.825 1.275 1.1787e-04
-3.825 1.325 2.3546e-04
-3.825 1.375 4.7042e-04
-3.825 1.425 9.3995e-04
-3.825 1.475 1.8784e-03
-3.825 1.525 3.7543e-03
-3.825 1.575 7.5049e-03
-3.825 1.625 1.5005e-02
-3.825 1.675 3.0004e-02
-3.825 1.725 6.0007e-02
-3.825 1.775 1.2003e-01
-3.825 1.825 2.4012e-01
-3.825 1.875 4.8040e-01
-3.825 1.925 9.6118e-01
-3.825 1.975 1.9231e+00
-3.825 2.025 3.8472e+00
-3.825 2.075 7.6947e+00
-3.825 2.125 1.5383e+01
-3.825 2.175 3.0733e+01
-3.825 2.225 6.1341e+01
-3.825 2.275 1.2226e+02
-3.825 2.325 2.4321e+02
-3.825 2.375 4.8254e+02
-3.825 2.425 9.5402e+02
-3.825 2.475 1.8775e+03
-3.825 2.525 3.6727e+03
-3.825 2.575 7.1296e+03
-3.825 2.625 1.3706e+04
-3.825 2.675 2.6031e+04
-3.825 2.725 4.8710e+04
-3.825 2.775 8.9529e+04
-3.825 2.825 1.6111e+05
-3.825 2.875 2.8294e+05
-3.825 2.925 4.8346e+05
-3.825 2.975 8.0175e+05
-3.825 3.025 1.2881e+06
-3.825 3.075 2.0036e+06
-3.825 3.125 3.0184e+06
-3.825 3.175 4.4118e+06
-3.825 3.225 6.2751e+06
-3.825 3.275 8.7224e+06
-3.825 3.325 1.1912e+07
-3.825 3.375 1.6083e+07
-3.825 3.425 2.1602e+07
-3.825 3.475 2.9012e+07
-3.825 3.525 3.9058e+07
-3.825 3.575 5.2650e+07
-3.825 3.625 7.0724e+07
-3.825 3.675 9.3971e+07
-3.825 3.725 1.2238e+08
-3.825 3.775 1.5415e+08
-3.825 3.825 1.7540e+08
-3.825 3.875 0.0000e+00
-3.825 3.925 0.0000e+00
-3.825 3.975 0.0000e+00
-3.775 -1.975 0.0000e+00
-3.775 -1.925 0.0000e+00
-3.775 -1.875 0.0000e+00
-3.775 -1.825 0.0000e+00
-3.775 -1.775 0.0000e+00
-3.775 -1.725 0.0000e+00
-3.775 -1.675 0.0000e+00
-3.775 -1.625 0.0000e+00
-3.775 -1.575 0.0000e+00
-3.775 -1.525 0.0000e+00
-3.775 -1.475 0.0000e+00
-3.775 -1.425 0.0000e+00
-3.775 -1.375 0.0000e+00
-3.775 -1.325 0.0000e+00
-3.775 -1.275 0.0000e+00
-3.775 -1.225 0.0000e+00
-3.775 -1.175 0.0000e+00
-3.775 -1.125 0.0000e+00
-3.775 -1.075 0.0000e+00
-3.775 -1.025 0.0000e+00
-3.775 -0.975 0.0000e+00
-3.775 -0.925 0.0000e+00
-3.775 -0.875 0.0000e+00
-3.775 -0.825 0.0000e+00
-3.775 -0.775 0.0000e+00
-3.775 -0.725 0.0000e+00
-3.775 -0.675 0.0000e+00
-3.775 -0.625 0.0000e+00
-3.775 -0.575 0.0000e+00
-3.775 -0.525 0.0000e+00
-3.775 -0.475 0.0000e+00
-3.775 -0.425 0.0000e+00
-3.775 -0.375 0.0000e+00
-3.775 -0.325 0.0000e+00
-3.775 -0.275 0.0000e+00
-3.775 -0.225 0.0000e+00
-3.775 -0.175 0.0000e+00
-3.775 -0.125 0.0000e+00
-3.775 -0.075 0.0000e+00
-3.775 -0.025 0.0000e+00
-3.775 0.025 0.0000e+00
-3.775 0.075 0.0000e+00
-3.775 0.125 0.0000e+00
-3.775 0.175 0.0000e+00
-3.775 0.225 0.0000e+00
-3.775 0.275 0.0000e+00
-3.775 0.325 0.0000e+00
-3.775 0.375 0.0000e+00
-3.775 0.425 0.0000e+00
-3.775 0.475 0.0000e+00
-3.775 0.525 0.0000e+00
-3.775 0.575 0.0000e+00
-3.775 0.625 0.0000e+00
-3.775 0.675 3.6991e-08
-3.775 0.725 7.3832e-08
-3.775 0.775 1.4737e-07
-3.775 0.825 2.9416e-07
-3.775 0.875 5.8718e-07
-3.775 0.925 1.1722e-06
-3.775 0.975 2.3401e-06
-3.775 1.025 4.6721e-06
-3.775 1.075 9.3286e-06
-3.775 1.125 1.8627e-05
-3.775 1.175 3.7199e-05
-3.775 1.225 7.4292e-05
-3.775 1.275 1.4839e-04
-3.775 1.325 2.9642e-04
-3.775 1.375 5.9221e-04
-3.775 1.425 1.1833e-03
-3.775 1.475 2.3647e-03
-3.775 1.525 4.7262e-03
-3.775 1.575 9.4477e-03
-3.775 1.625 1.8889e-02
-3.775 1.675 3.7770e-02
-3.775 1.725 7.5537e-02
-3.775 1.775 1.5109e-01
-3.775 1.825 3.0224e-01
-3.775 1.875 6.0468e-01
-3.775 1.925 1.2098e+00
-3.775 1.975 2.4203e+00
-3.775 2.025 4.8416e+00
-3.775 2.075 9.6825e+00
-3.775 2.125 1.9355e+01
-3.775 2.175 3.8663e+01
-3.775 2.225 7.7153e+01
-3.775 2.275 1.5374e+02
-3.775 2.325 3.0574e+02
-3.775 2.375 6.0638e+02
-3.775 2.425 1.1983e+03
-3.775 2.475 2.3570e+03
-3.775 2.525 4.6076e+03
-3.775 2.575 8.9371e+03
-3.775 2.625 1.7164e+04
-3.775 2.675 3.2561e+04
-3.775 2.725 6.0847e+04
-3.775 2.775 1.1167e+05
-3.775 2.825 2.0060e+05
-3.775 2.875 3.5165e+05
-3.775 2.925 5.9974e+05
-3.775 2.975 9.9275e+05
-3.775 3.025 1.5923e+06
-3.775 3.075 2.4734e+06
-3.775 3.125 3.7229e+06
-3.775 3.175 5.4403e+06
-3.775 3.225 7.7423e+06
-3.775 3.275 1.0777e+07
-3.775 3.325 1.4747e+07
-3.775 3.375 1.9951e+07
-3.775 3.425 2.6825e+07
-3.775 3.475 3.5975e+07
-3.775 3.525 4.8176e+07
-3.775 3.575 6.4288e+07
-3.775 3.625 8.5074e+07
-3.775 3.675 1.1090e+08
-3.775 3.725 1.4126e+08
-3.775 3.775 1.7369e+08
-3.775 3.825 1.9265e+08
-3.775 3.875 0.0000e+00
-3.775 3.925 0.0000e+00
-3.775 3.975 0.0000e+00
-3.725 -1.975 0.0000e+00
-3.725 -1.925 0.0000e+00
-3.725 -1.875 0.0000e+00
-3.725 -1.825 0.0000e+00
-3.725 -1.775 0.0000e+00
-3.725 -1.725 0.0000e+00
-3.725 -1.675 0.0000e+00
-3.725 -1.625 0.0000e+00
-3.725 -1.575 0.0000e+00
-3.725 -1.525 0.0000e+00
-3.725 -1.475 0.0000e+00
-3.725 -1.425 0.0000e+00
-3.725 -1.375 0.0000e+00
-3.725 -1.325 0.0000e+00
-3.725 -1.275 0.0000e+00
-3.725 -1.225 0.0000e+00
-3.725 -1.175 0.0000e+00
-3.725 -1.125 0.0000e+00
-3.725 -1.075 0.0000e+00
-3.725 -1.025 0.0000e+00
-3.725 -0.975 0.0000e+00
-3.725 -0.925 0.0000e+00
-3.725 -0.875 0.0000e+00
-3.725 -0.825 0.0000e+00
-3.725 -0.775 0.0000e+00
-3.725 -0.725 0.0000e+00
-3.725 -0.675 0.0000e+00
-3.725 -0.625 0.0000e+00
-3.725 -0.575 0.0000e+00
-3.725 -0.525 0.0000e+00
-3.725 -0.475 0.0000e+00
-3.725 -0.425 0.0000e+00
-3.725 -0.375 0.0000e+00
-3.725 -0.325 0.0000e+00
-3.725 -0.275 0.0000e+00
-3.725 -0.225 0.0000e+00
-3.725 -0.175 0.0000e+00
-3.725 -0.125 0.0000e+00
-3.725 -0.075 0.0000e+00
-3.725 -0.025 0.0000e+00
-3.725 0.025 0.0000e+00
-3.725 0.075 0.0000e+00
-3.725 0.125 0.0000e+00
-3.725 0.175 0.0000e+00
-3.725 0.225 0.0000e+00
-3.725 0.275 0.0000e+00
-3.725 0.325 0.0000e+00
-3.725 0.375 0.0000e+00
-3.725 0.425 0.0000e+00
-3.725 0.475 0.0000e+00
-3.725 0.525 0.0000e+00
-3.725 0.575 0.0000e+00
-3.725 0.625 0.0000e+00
-3.725 0.675 4.6569e-08
-3.725 0.725 9.2948e-08
-3.725 0.775 1.8552e-07
-3.725 0.825 3.7032e-07
-3.725 0.875 7.3922e-07
-3.725 0.925 1.4757e-06
-3.725 0.975 2.9460e-06
-3.725 1.025 5.8818e-06
-3.725 1.075 1.1744e-05
-3.725 1.125 2.3450e-05
-3.725 1.175 4.6830e-05
-3.725 1.225 9.3527e-05
-3.725 1.275 1.8681e-04
-3.725 1.325 3.7317e-04
-3.725 1.375 7.4553e-04
-3.725 1.425 1.4896e-03
-3.725 1.475 2.9769e-03
-3.725 1.525 5.9497e-03
-3.725 1.575 1.1893e-02
-3.725 1.625 2.3778e-02
-3.725 1.675 4.7545e-02
-3.725 1.725 9.5084e-02
-3.725 1.775 1.9018e-01
-3.725 1.825 3.8043e-01
-3.725 1.875 7.6107e-01
-3.725 1.925 1.5226e+00
-3.725 1.975 3.0459e+00
-3.725 2.025 6.0924e+00
-3.725 2.075 1.2182e+01
-3.725 2.125 2.4349e+01
-3.725 2.175 4.8629e+01
-3.725 2.225 9.7018e+01
-3.725 2.275 1.9327e+02
-3.725 2.325 3.8420e+02
-3.725 2.375 7.6165e+02
-3.725 2.425 1.5043e+03
-3.725 2.475 2.9568e+03
-3.725 2.525 5.7753e+03
-3.725 2.575 1.1190e+04
-3.725 2.625 2.1465e+04
-3.725 2.675 4.0662e+04
-3.725 2.725 7.5856e+04
-3.725 2.775 1.3894e+05
-3.725 2.825 2.4907e+05
-3.725 2.875 4.3561e+05
-3.725 2.925 7.4116e+05
-3.725 2.975 1.2239e+06
-3.725 3.025 1.9589e+06
-3.725 3.075 3.0371e+06
-3.725 3.125 4.5653e+06
-3.725 3.175 6.6668e+06
-3.725 3.225 9.4882e+06
-3.725 3.275 1.3216e+07
-3.725 3.325 1.8102e+07
-3.725 3.375 2.4503e+07
-3.725 3.425 3.2907e+07
-3.725 3.475 4.3949e+07
-3.725 3.525 5.8362e+07
-3.725 3.575 7.6854e+07
-3.725 3.625 9.9888e+07
-3.725 3.675 1.2737e+08
-3.725 3.725 1.5821e+08
-3.725 3.775 1.8924e+08
-3.725 3.825 2.0380e+08
-3.725 3.875 0.0000e+00
-3.725 3.925 0.0000e+00
-3.725 3.975 0.0000e+00
-3.675 -1.975 0.0000e+00
-3.675 -1.925 0.0000e+00
-3.675 -1.875 0.0000e+00
-3.675 -1.825 0.0000e+00
-3.675 -1.775 0.0000e+00
-3.675 -1.725 0.0000e+00
-3.675 -1.675 0.0000e+00
-3.675 -1.625 0.0000e+00
-3.675 -1.575 0.0000e+00
-3.675 -1.525 0.0000e+00
-3.675 -1.475 0.0000e+00
-3.675 -1.425 0.0000e+00
-3.675 -1.375 0.0000e+00
-3.675 -1.325 0.0000e+00
-3.675 -1.275 0.0000e+00
-3.675 -1.225 0.0000e+00
-3.675 -1.175 0.0000e+00
-3.675 -1.125 0.0000e+00
-3.675 -1.075 0.0000e+00
-3.675 -1.025 0.0000e+00
-3.675 -0.975 0.0000e+00
-3.675 -0.925 0.0000e+00
-3.675 -0.875 0.0000e+00
-3.675 -0.825 0.0000e+00
-3.675 -0.775 0.0000e+00
-3.675 -0.725 0.0000e+00
-3.675 -0.675 0.0000e+00
-3.675 -0.625 0.0000e+00
-3.675 -0.575 0.0000e+00
-3.675 -0.525 0.0000e+00
-3.675 -0.475 0.0000e+00
-3.675 -0.425 0.0000e+00
-3.675 -0.375 0.0000e+00
-3.675 -0.325 0.0000e+00
-3.675 -0.275 0.0000e+00
-3.675 -0.225 0.0000e+00
-3.675 -0.175 0.0000e+00
-3.675 -0.125 0.0000e+00
-3.675 -0.075 0.0000e+00
-3.675 -0.025 0.0000e+00
-3.675 0.025 0.0000e+00
-3.675 0.075 0.0000e+00
-3.675 0.125 0.0000e+00
-3.675 0.175 0.0000e+00
-3.675 0.225 0.0000e+00
-3.675 0.275 0.0000e+00
-3.675 0.325 0.0000e+00
-3.675 0.375 0.0000e+00
-3.675 0.425 0.0000e+00
-3.675 0.475 0.0000e+00
-3.675 0.525 0.0000e+00
-3.675 0.575 0.0000e+00
-3.675 0.625 0.0000e+00
-3.675 0.675 5.8627e-08
-3.675 0.725 1.1702e-07
-3.675 0.775 2.3356e-07
-3.675 0.825 4.6620e-07
-3.675 0.875 9.3062e-07
-3.675 0.925 1.8578e-06
-3.675 0.975 3.7088e-06
-3.675 1.025 7.4047e-06
-3.675 1.075 1.4785e-05
-3.675 1.125 2.9522e-05
-3.675 1.175 5.8955e-05
-3.675 1.225 1.1774e-04
-3.675 1.275 2.3517e-04
-3.675 1.325 4.6978e-04
-3.675 1.375 9.3854e-04
-3.675 1.425 1.8753e-03
-3.675 1.475 3.7475e-03
-3.675 1.525 7.4898e-03
-3.675 1.575 1.4972e-02
-3.675 1.625 2.9932e-02
-3.675 1.675 5.9849e-02
-3.675 1.725 1.1969e-01
-3.675 1.775 2.3938e-01
-3.675 1.825 4.7883e-01
-3.675 1.875 9.5785e-01
-3.675 1.925 1.9161e+00
-3.675 1.975 3.8328e+00
-3.675 2.025 7.6654e+00
-3.675 2.075 1.5326e+01
-3.675 2.125 3.0625e+01
-3.675 2.175 6.1149e+01
-3.675 2.225 1.2196e+02
-3.675 2.275 2.4286e+02
-3.675 2.325 4.8258e+02
-3.675 2.375 9.5612e+02
-3.675 2.425 1.8871e+03
-3.675 2.475 3.7059e+03
-3.675 2.525 7.2307e+03
-3.675 2.575 1.3992e+04
-3.675 2.625 2.6799e+04
-3.675 2.675 5.0672e+04
-3.675 2.725 9.4330e+04
-3.675 2.775 1.7236e+05
-3.675 2.825 3.0815e+05
-3.675 2.875 5.3738e+05
-3.675 2.925 9.1155e+05
-3.675 2.975 1.5008e+06
-3.675 3.025 2.3951e+06
-3.675 3.075 3.7041e+06
-3.675 3.125 5.5566e+06
-3.675 3.175 8.1027e+06
-3.675 3.225 1.1522e+07
-3.675 3.275 1.6040e+07
-3.675 3.325 2.1957e+07
-3.675 3.375 2.9667e+07
-3.675 3.425 3.9681e+07
-3.675 3.475 5.2593e+07
-3.675 3.525 6.8997e+07
-3.675 3.575 8.9323e+07
-3.675 3.625 1.1360e+08
-3.675 3.675 1.4118e+08
-3.675 3.725 1.7034e+08
-3.675 3.775 1.9737e+08
-3.675 3.825 2.0540e+08
-3.675 3.875 0.0000e+00
-3.675 3.925 0.0000e+00
-3.675 3.975 0.0000e+00
-3.625 -1.975 0.0000e+00
-3.625 -1.925 0.0000e+00
-3.625 -1.875 0.0000e+00
-3.625 -1.825 0.0000e+00
-3.625 -1.775 0.0000e+00
-3.625 -1.725 0.0000e+00
-3.625 -1.675 0.0000e+00
-3.625 -1.625 0.0000e+00
-3.625 -1.575 0.0000e+00
-3.625 -1.525 0.0000e+00
-3.625 -1.475 0.0000e+00
-3.625 -1.425 0.0000e+00
-3.625 -1.375 0.0000e+00
-3.625 -1.325 0.0000e+00
-3.625 -1.275 0.0000e+00
-3.625 -1.225 0.0000e+00
-3.625 -1.175 0.0000e+00
-3.625 -1.125 0.0000e+00
-3.625 -1.075 0.0000e+00
-3.625 -1.025 0.0000e+00
-3.625 -0.975 0.0000e+00
-3.625 -0.925 0.0000e+00
-3.625 -0.875 0.0000e+00
-3.625 -0.825 0.0000e+00
-3.625 -0.775 0.0000e+00
-3.625 -0.725 0.0000e+00
-3.625 -0.675 0.0000e+00
-3.625 -0.625 0.0000e+00
-3.625 -0.575 0.0000e+00
-3.625 -0.525 0.0000e+00
-3.625 -0.475 0.0000e+00
-3.625 -0.425 0.0000e+00
-3.625 -0.375 0.0000e+00
-3.625 -0.325 0.0000e+00
-3.625 -0.275 0.0000e+00
-3.625 -0.225 0.0000e+00
-3.625 -0.175 0.0000e+00
-3.625 -0.125 0.0000e+00
-3.625 -0.075 0.0000e+00
-3.625 -0.025 0.0000e+00
-3.625 0.025 0.0000e+00
-3.625 0.075 0.0000e+00
-3.625 0.125 0.0000e+00
-3.625 0.175 0.0000e+00
-3.625 0.225 0.0000e+00
-3.625 0.275 0.0000e+00
-3.625 0.325 0.0000e+00
-3.625 0.375 0.0000e+00
-3.625 0.425 0.0000e+00
-3.625 0.475 0.0000e+00
-3.625 0.525 0.0000e+00
-3.625 0.575 0.0000e+00
-3.625 0.625 0.0000e+00
-3.625 0.675 7.3807e-08
-3.625 0.725 1.4731e-07
-3.625 0.775 2.9403e-07
-3.625 0.825 5.8691e-07
-3.625 0.875 1.1716e-06
-3.625 0.925 2.3388e-06
-3.625 0.975 4.6691e-06
-3.625 1.025 9.3219e-06
-3.625 1.075 1.8612e-05
-3.625 1.125 3.7165e-05
-3.625 1.175 7.4218e-05
-3.625 1.225 1.4823e-04
-3.625 1.275 2.9606e-04
-3.625 1.325 5.9140e-04
-3.625 1.375 1.1815e-03
-3.625 1.425 2.3607e-03
-3.625 1.475 4.7175e-03
-3.625 1.525 9.4284e-03
-3.625 1.575 1.8846e-02
-3.625 1.625 3.7677e-02
-3.625 1.675 7.5334e-02
-3.625 1.725 1.5065e-01
-3.625 1.775 3.0129e-01
-3.625 1.825 6.0263e-01
-3.625 1.875 1.2054e+00
-3.625 1.925 2.4111e+00
-3.625 1.975 4.8224e+00
-3.625 2.025 9.6431e+00
-3.625 2.075 1.9276e+01
-3.625 2.125 3.8510e+01
-3.625 2.175 7.6870e+01
-3.625 2.225 1.5326e+02
-3.625 2.275 3.0504e+02
-3.625 2.325 6.0578e+02
-3.625 2.375 1.1994e+03
-3.625 2.425 2.3651e+03
-3.625 2.475 4.6395e+03
-3.625 2.525 9.0402e+03
-3.625 2.575 1.7466e+04
-3.625 2.625 3.3386e+04
-3.625 2.675 6.2982e+04
-3.625 2.725 1.1693e+05
-3.625 2.775 2.1302e+05
-3.625 2.825 3.7955e+05
-3.625 2.875 6.5947e+05
-3.625 2.925 1.1144e+06
-3.625 2.975 1.8276e+06
-3.625 3.025 2.9058e+06
-3.625 3.075 4.4785e+06
-3.625 3.125 6.6979e+06
-3.625 3.175 9.7416e+06
-3.625 3.225 1.3821e+07
-3.625 3.275 1.9196e+07
-3.625 3.325 2.6195e+07
-3.625 3.375 3.5221e+07
-3.625 3.425 4.6741e+07
-3.625 3.475 6.1216e+07
-3.625 3.525 7.8983e+07
-3.625 3.575 1.0007e+08
-3.625 3.625 1.2398e+08
-3.625 3.675 1.4948e+08
-3.625 3.725 1.7436e+08
-3.625 3.775 1.9473e+08
-3.625 3.825 1.9485e+08
-3.625 3.875 0.0000e+00
-3.625 3.925 0.0000e+00
-3.625 3.975 0.0000e+00
-3.575 -1.975 0.0000e+00
-3.575 -1.925 0.0000e+00
-3.575 -1.875 0.0000e+00
-3.575 -1.825 0.0000e+00
-3.575 -1.775 0.0000e+00
-3.575 -1.725 0.0000e+00
-3.575 -1.675 0.0000e+00
-3.575 -1.625 0.0000e+00
-3.575 -1.575 0.0000e+00
-3.575 -1.525 0.0000e+00
-3.575 -1.475 0.0000e+00
-3.575 -1.425 0.0000e+00
-3.575 -1.375 0.0000e+00
-3.575 -1.325 0.0000e+00
-3.575 -1.275 0.0000e+00
-3.575 -1.225 0.0000e+00
-3.575 -1.175 0.0000e+00
-3.575 -1.125 0.0000e+00
-3.575 -1.075 0.0000e+00
-3.575 -1.025 0.0000e+00
-3.575 -0.975 0.0000e+00
-3.575 -0.925 0.0000e+00
-3.575 -0.875 0.0000e+00
-3.575 -0.825 0.0000e+00
-3.575 -0.775 0.0000e+00
-3.575 -0.725 0.0000e+00
-3.575 -0.675 0.0000e+00
-3.575 -0.625 0.0000e+00
-3.575 -0.575 0.0000e+00
-3.575 -0.525 0.0000e+00
-3.575 -0.475 0.0000e+00
-3.575 -0.425 0.0000e+00
-3.575 -0.375 0.0000e+00
-3.575 -0.325 0.0000e+00
-3.575 -0.275 0.0000e+00
-3.575 -0.225 0.0000e+00
-3.575 -0.175 0.0000e+00
-3.575 -0.125 0.0000e+00
-3.575 -0.075 0.0000e+00
-3.575 -0.025 0.0000e+00
-3.575 0.025 0.0000e+00
-3.575 0.075 0.0000e+00
-3.575 0.125 0.0000e+00
-3.575 0.175 0.0000e+00
-3.575 0.225 0.0000e+00
-3.575 0.275 0.0000e+00
-3.575 0.325 0.0000e+00
-3.575 0.375 0.0000e+00
-3.575 0.425 0.0000e+00
-3.575 0.475 0.0000e+00
-3.575 0.525 0.0000e+00
-3.575 0.575 0.0000e+00
-3.575 0.625 0.0000e+00
-3.575 0.675 9.2918e-08
-3.575 0.725 1.8546e-07
-3.575 0.775 3.7017e-07
-3.575 0.825 7.3888e-07
-3.575 0.875 1.4749e-06
-3.575 0.925 2.9443e-06
-3.575 0.975 5.8780e-06
-3.575 1.025 1.1735e-05
-3.575 1.075 2.3431e-05
-3.575 1.125 4.6788e-05
-3.575 1.175 9.3434e-05
-3.575 1.225 1.8660e-04
-3.575 1.275 3.7271e-04
-3.575 1.325 7.4450e-04
-3.575 1.375 1.4874e-03
-3.575 1.425 2.9718e-03
-3.575 1.475 5.9386e-03
-3.575 1.525 1.1869e-02
-3.575 1.575 2.3723e-02
-3.575 1.625 4.7426e-02
-3.575 1.675 9.4823e-02
-3.575 1.725 1.8961e-01
-3.575 1.775 3.7919e-01
-3.575 1.825 7.5839e-01
-3.575 1.875 1.5168e+00
-3.575 1.925 3.0336e+00
-3.575 1.975 6.0666e+00
-3.575 2.025 1.2129e+01
-3.575 2.075 2.4239e+01
-3.575 2.125 4.8410e+01
-3.575 2.175 9.6596e+01
-3.575 2.225 1.9250e+02
-3.575 2.275 3.8292e+02
-3.575 2.325 7.5988e+02
-3.575 2.375 1.5031e+03
-3.575 2.425 2.9607e+03
-3.575 2.475 5.7999e+03
-3.575 2.525 1.1282e+04
-3.575 2.575 2.1753e+04
-3.575 2.625 4.1480e+04
-3.575 2.675 7.8028e+04
-3.575 2.725 1.4439e+05
-3.575 2.775 2.6202e+05
-3.575 2.825 4.6489e+05
-3.575 2.875 8.0404e+05
-3.575 2.925 1.3521e+06
-3.575 2.975 2.2065e+06
-3.575 3.025 3.4909e+06
-3.575 3.075 5.3547e+06
-3.575 3.125 7.9727e+06
-3.575 3.175 1.1546e+07
-3.575 3.225 1.6310e+07
-3.575 3.275 2.2541e+07
-3.575 3.325 3.0560e+07
-3.575 3.375 4.0724e+07
-3.575 3.425 5.3367e+07
-3.575 3.475 6.8714e+07
-3.575 3.525 8.6732e+07
-3.575 3.575 1.0697e+08
-3.575 3.625 1.2842e+08
-3.575 3.675 1.4943e+08
-3.575 3.725 1.6763e+08
-3.575 3.775 1.7956e+08
-3.575 3.825 1.7199e+08
-3.575 3.875 0.0000e+00
-3.575 3.925 0.0000e+00
-3.575 3.975 0.0000e+00
-3.525 -1.975 0.0000e+00
-3.525 -1.925 0.0000e+00
-3.525 -1.875 0.0000e+00
-3.525 -1.825 0.0000e+00
-3.525 -1.775 0.0000e+00
-3.525 -1.725 0.0000e+00
-3.525 -1.675 0.0000e+00
-3.525 -1.625 0.0000e+00
-3.525 -1.575 0.0000e+00
-3.525 -1.525 0.0000e+00
-3.525 -1.475 0.0000e+00
-3.525 -1.425 0.0000e+00
-3.525 -1.375 0.0000e+00
-3.525 -1.325 0.0000e+00
-3.525 -1.275 0.0000e+00
-3.525 -1.225 0.0000e+00
-3.525 -1.175 0.0000e+00
-3.525 -1.125 0.0000e+00
-3.525 -1.075 0.0000e+00
-3.525 -1.025 0.0000e+00
-3.525 -0.975 0.0000e+00
-3.525 -0.925 0.0000e+00
-3.525 -0.875 0.0000e+00
-3.525 -0.825 0.0000e+00
-3.525 -0.775 0.0000e+00
-3.525 -0.725 0.0000e+00
-3.525 -0.675 0.0000e+00
-3.525 -0.625 0.0000e+00
-3.525 -0.575 0.0000e+00
-3.525 -0.525 0.0000e+00
-3.525 -0.475 0.0000e+00
-3.525 -0.425 0.0000e+00
-3.525 -0.375 0.0000e+00
-3.525 -0.325 0.0000e+00
-3.525 -0.275 0.0000e+00
-3.525 -0.225 0.0000e+00
-3.525 -0.175 0.0000e+00
-3.525 -0.125 0.0000e+00
-3.525 -0.075 0.0000e+00
-3.525 -0.025 0.0000e+00
-3.525 0.025 0.0000e+00
-3.525 0.075 0.0000e+00
-3.525 0.125 0.0000e+00
-3.525 0.175 0.0000e+00
-3.525 0.225 0.0000e+00
-3.525 0.275 0.0000e+00
-3.525 0.325 0.0000e+00
-3.525 0.375 0.0000e+00
-3.525 0.425 0.0000e+00
-3.525 0.475 0.0000e+00
-3.525 0.525 0.0000e+00
-3.525 0.575 0.0000e+00
-3.525 0.625 0.0000e+00
-3.525 0.675 1.1698e-07
-3.525 0.725 2.3347e-07
-3.525 0.775 4.6601e-07
-3.525 0.825 9.3019e-07
-3.525 0.875 1.8568e-06
-3.525 0.925 3.7067e-06
-3.525 0.975 7.3999e-06
-3.525 1.025 1.4774e-05
-3.525 1.075 2.9498e-05
-3.525 1.125 5.8901e-05
-3.525 1.175 1.1762e-04
-3.525 1.225 2.3491e-04
-3.525 1.275 4.6919e-04
-3.525 1.325 9.3723e-04
-3.525 1.375 1.8724e-03
-3.525 1.425 3.7410e-03
-3.525 1.475 7.4755e-03
-3.525 1.525 1.4940e-02
-3.525 1.575 2.9862e-02
-3.525 1.625 5.9695e-02
-3.525 1.675 1.1935e-01
-3.525 1.725 2.3864e-01
-3.525 1.775 4.7720e-01
-3.525 1.825 9.5431e-01
-3.525 1.875 1.9085e+00
-3.525 1.925 3.8163e+00
-3.525 1.975 7.6303e+00
-3.525 2.025 1.5251e+01
-3.525 2.075 3.0470e+01
-3.525 2.125 6.0833e+01
-3.525 2.175 1.2133e+02
-3.525 2.225 2.4164e+02
-3.525 2.275 4.8032e+02
-3.525 2.325 9.5229e+02
-3.525 2.375 1.8815e+03
-3.525 2.425 3.7009e+03
-3.525 2.475 7.2374e+03
-3.525 2.525 1.4049e+04
-3.525 2.575 2.7019e+04
-3.525 2.625 5.1364e+04
-3.525 2.675 9.6274e+04
-3.525 2.725 1.7741e+05
-3.525 2.775 3.2042e+05
-3.525 2.825 5.6547e+05
-3.525 2.875 9.7232e+05
-3.525 2.925 1.6250e+06
-3.525 2.975 2.6349e+06
-3.525 3.025 4.1418e+06
-3.525 3.075 6.3122e+06
-3.525 3.125 9.3375e+06
-3.525 3.175 1.3433e+07
-3.525 3.225 1.8837e+07
-3.525 3.275 2.5811e+07
-3.525 3.325 3.4617e+07
-3.525 3.375 4.5485e+07
-3.525 3.425 5.8530e+07
-3.525 3.475 7.3647e+07
-3.525 3.525 9.0391e+07
-3.525 3.575 1.0788e+08
-3.525 3.625 1.2478e+08
-3.525 3.675 1.3937e+08
-3.525 3.725 1.4965e+08
-3.525 3.775 1.5313e+08
-3.525 3.825 1.4003e+08
-3.525 3.875 0.0000e+00
-3.525 3.925 0.0000e+00
-3.525 3.975 0.0000e+00
-3.475 -1.975 0.0000e+00
-3.475 -1.925 0.0000e+00
-3.475 -1.875 0.0000e+00
-3.475 -1.825 0.0000e+00
-3.475 -1.775 0.0000e+00
-3.475 -1.725 0.0000e+00
-3.475 -1.675 0.0000e+00
-3.475 -1.625 0.0000e+00
-3.475 -1.575 0.0000e+00
-3.475 -1.525 0.0000e+00
-3.475 -1.475 0.0000e+00
-3.475 -1.425 0.0000e+00
-3.475 -1.375 0.0000e+00
-3.475 -1.325 0.0000e+00
-3.475 -1.275 0.0000e+00
-3.475 -1.225 0.0000e+00
-3.475 -1.175 0.0000e+00
-3.475 -1.125 0.0000e+00
-3.475 -1.075 0.0000e+00
-3.475 -1.025 0.0000e+00
-3.475 -0.975 0.0000e+00
-3.475 -0.925 0.0000e+00
-3.475 -0.875 0.0000e+00
-3.475 -0.825 0.0000e+00
-3.475 -0.775 0.0000e+00
-3.475 -0.725 0.0000e+00
-3.475 -0.675 0.0000e+00
-3.475 -0.625 0.0000e+00
-3.475 -0.575 0.0000e+00
-3.475 -0.525 0.0000e+00
-3.475 -0.475 0.0000e+00
-3.475 -0.425 0.0000e+00
-3.475 -0.375 0.0000e+00
-3.475 -0.325 0.0000e+00
-3.475 -0.275 0.0000e+00
-3.475 -0.225 0.0000e+00
-3.475 -0.175 0.0000e+00
-3.475 -0.125 0.0000e+00
-3.475 -0.075 0.0000e+00
-3.475 -0.025 0.0000e+00
-3.475 0.025 0.0000e+00
-3.475 0.075 0.0000e+00
-3.475 0.125 0.0000e+00
-3.475 0.175 0.0000e+00
-3.475 0.225 0.0000e+00
-3.475 0.275 0.0000e+00
-3.475 0.325 0.0000e+00
-3.475 0.375 0.0000e+00
-3.475 0.425 0.0000e+00
-3.475 0.475 0.0000e+00
-3.475 0.525 0.0000e+00
-3.475 0.575 0.0000e+00
-3.475 0.625 0.0000e+00
-3.475 0.675 1.4726e-07
-3.475 0.725 2.9393e-07
-3.475 0.775 5.8667e-07
-3.475 0.825 1.1710e-06
-3.475 0.875 2.3376e-06
-3.475 0.925 4.6664e-06
-3.475 0.975 9.3158e-06
-3.475 1.025 1.8599e-05
-3.475 1.075 3.7135e-05
-3.475 1.125 7.4151e-05
-3.475 1.175 1.4807e-04
-3.475 1.225 2.9572e-04
-3.475 1.275 5.9065e-04
-3.475 1.325 1.1798e-03
-3.475 1.375 2.3570e-03
-3.475 1.425 4.7092e-03
-3.475 1.475 9.4100e-03
-3.475 1.525 1.8806e-02
-3.475 1.575 3.7587e-02
-3.475 1.625 7.5134e-02
-3.475 1.675 1.5021e-01
-3.475 1.725 3.0032e-01
-3.475 1.775 6.0048e-01
-3.475 1.825 1.2007e+00
-3.475 1.875 2.4008e+00
-3.475 1.925 4.8000e+00
-3.475 1.975 9.5948e+00
-3.475 2.025 1.9172e+01
-3.475 2.075 3.8289e+01
-3.475 2.125 7.6407e+01
-3.475 2.175 1.5230e+02
-3.475 2.225 3.0309e+02
-3.475 2.275 6.0193e+02
-3.475 2.325 1.1920e+03
-3.475 2.375 2.3518e+03
-3.475 2.425 4.6178e+03
-3.475 2.475 9.0109e+03
-3.475 2.525 1.7446e+04
-3.475 2.575 3.3444e+04
-3.475 2.625 6.3337e+04
-3.475 2.675 1.1818e+05
-3.475 2.725 2.1664e+05
-3.475 2.775 3.8895e+05
-3.475 2.825 6.8186e+05
-3.475 2.875 1.1639e+06
-3.475 2.925 1.9300e+06
-3.475 2.975 3.1038e+06
-3.475 3.025 4.8374e+06
-3.475 3.075 7.3077e+06
-3.475 3.125 1.0711e+07
-3.475 3.175 1.5257e+07
-3.475 3.225 2.1158e+07
-3.475 3.275 2.8608e+07
-3.475 3.325 3.7750e+07
-3.475 3.375 4.8613e+07
-3.475 3.425 6.1030e+07
-3.475 3.475 7.4553e+07
-3.475 3.525 8.8405e+07
-3.475 3.575 1.0149e+08
-3.475 3.625 1.1249e+08
-3.475 3.675 1.2006e+08
-3.475 3.725 1.2299e+08
-3.475 3.775 1.2005e+08
-3.475 3.825 1.0482e+08
-3.475 3.875 0.0000e+00
-3.475 3.925 0.0000e+00
-3.475 3.975 0.0000e+00
-3.425 -1.975 0.0000e+00
-3.425 -1.925 0.0000e+00
-3.425 -1.875 0.0000e+00
-3.425 -1.825 0.0000e+00
-3.425 -1.775 0.0000e+00
-3.425 -1.725 0.0000e+00
-3.425 -1.675 0.0000e+00
-3.425 -1.625 0.0000e+00
-3.425 -1.575 0.0000e+00
-3.425 -1.525 0.0000e+00
-3.425 -1.475 0.0000e+00
-3.425 -1.425 0.0000e+00
-3.425 -1.375 0.0000e+00
-3.425 -1.325 0.0000e+00
-3.425 -1.275 0.0000e+00
-3.425 -1.225 0.0000e+00
-3.425 -1.175 0.0000e+00
-3.425 -1.125 0.0000e+00
-3.425 -1.075 0.0000e+00
-3.425 -1.025 0.0000e+00
-3.425 -0.975 0.0000e+00
-3.425 -0.925 0.0000e+00
-3.425 -0.875 0.0000e+00
-3.425 -0.825 0.0000e+00
-3.425 -0.775 0.0000e+00
-3.425 -0.725 0.0000e+00
-3.425 -0.675 0.0000e+00
-3.425 -0.625 0.0000e+00
-3.425 -0.575 0.0000e+00
-3.425 -0.525 0.0000e+00
-3.425 -0.475 0.0000e+00
-3.425 -0.425 0.0000e+00
-3.425 -0.375 0.0000e+00
-3.425 -0.325 0.0000e+00
-3.425 -0.275 0.0000e+00
-3.425 -0.225 0.0000e+00
-3.425 -0.175 0.0000e+00
-3.425 -0.125 0.0000e+00
-3.425 -0.075 0.0000e+00
-3.425 -0.025 0.0000e+00
-3.425 0.025 0.0000e+00
-3.425 0.075 0.0000e+00
-3.425 0.125 0.0000e+00
-3.425 0.175 0.0000e+00
-3.425 0.225 0.0000e+00
-3.425 0.275 0.0000e+00
-3.425 0.325 0.0000e+00
-3.425 0.375 0.0000e+00
-3.425 0.425 0.0000e+00
-3.425 0.475 0.0000e+00
-3.425 0.525 0.0000e+00
-3.425 0.575 0.0000e+00
-3.425 0.625 0.0000e+00
-3.425 0.675 1.8539e-07
-3.425 0.725 3.7003e-07
-3.425 0.775 7.3857e-07
-3.425 0.825 1.4742e-06
-3.425 0.875 2.9428e-06
-3.425 0.925 5.8745e-06
-3.425 0.975 1.1728e-05
-3.425 1.025 2.3414e-05
-3.425 1.075 4.6749e-05
-3.425 1.125 9.3348e-05
-3.425 1.175 1.8641e-04
-3.425 1.225 3.7228e-04
-3.425 1.275 7.4354e-04
-3.425 1.325 1.4852e-03
-3.425 1.375 2.9670e-03
-3.425 1.425 5.9279e-03
-3.425 1.475 1.1845e-02
-3.425 1.525 2.3670e-02
-3.425 1.575 4.7308e-02
-3.425 1.625 9.4560e-02
-3.425 1.675 1.8903e-01
-3.425 1.725 3.7790e-01
-3.425 1.775 7.5552e-01
-3.425 1.825 1.5105e+00
-3.425 1.875 3.0197e+00
-3.425 1.925 6.0359e+00
-3.425 1.975 1.2061e+01
-3.425 2.025 2.4092e+01
-3.425 2.075 4.8092e+01
-3.425 2.125 9.5911e+01
-3.425 2.175 1.9103e+02
-3.425 2.225 3.7983e+02
-3.425 2.275 7.5343e+02
-3.425 2.325 1.4899e+03
-3.425 2.375 2.9343e+03
-3.425 2.425 5.7487e+03
-3.425 2.475 1.1187e+04
-3.425 2.525 2.1588e+04
-3.425 2.575 4.1220e+04
-3.425 2.625 7.7693e+04
-3.425 2.675 1.4416e+05
-3.425 2.725 2.6254e+05
-3.425 2.775 4.6786e+05
-3.425 2.825 8.1336e+05
-3.425 2.875 1.3757e+06
-3.425 2.925 2.2586e+06
-3.425 2.975 3.5941e+06
-3.425 3.025 5.5394e+06
-3.425 3.075 8.2697e+06
-3.425 3.125 1.1968e+07
-3.425 3.175 1.6808e+07
-3.425 3.225 2.2935e+07
-3.425 3.275 3.0429e+07
-3.425 3.325 3.9257e+07
-3.425 3.375 4.9211e+07
-3.425 3.425 5.9859e+07
-3.425 3.475 7.0520e+07
-3.425 3.525 8.0299e+07
-3.425 3.575 8.8208e+07
-3.425 3.625 9.3325e+07
-3.425 3.675 9.4970e+07
-3.425 3.725 9.2781e+07
-3.425 3.775 8.6496e+07
-3.425 3.825 7.2339e+07
-3.425 3.875 0.0000e+00
-3.425 3.925 0.0000e+00
-3.425 3.975 0.0000e+00
-3.375 -1.975 0.0000e+00
-3.375 -1.925 0.0000e+00
-3.375 -1.875 0.0000e+00
-3.375 -1.825 0.0000e+00
-3.375 -1.775 0.0000e+00
-3.375 -1.725 0.0000e+00
-3.375 -1.675 0.0000e+00
-3.375 -1.625 0.0000e+00
-3.375 -1.575 0.0000e+00
-3.375 -1.525 0.0000e+00
-3.375 -1.475 0.0000e+00
-3.375 -1.425 0.0000e+00
-3.375 -1.375 0.0000e+00
-3.375 -1.325 0.0000e+00
-3.375 -1.275 0.0000e+00
-3.375 -1.225 0.0000e+00
-3.375 -1.175 0.0000e+00
-3.375 -1.125 0.0000e+00
-3.375 -1.075 0.0000e+00
-3.375 -1.025 0.0000e+00
-3.375 -0.975 0.0000e+00
-3.375 -0.925 0.0000e+00
-3.375 -0.875 0.0000e+00
-3.375 -0.825 0.0000e+00
-3.375 -0.775 0.0000e+00
-3.375 -0.725 0.0000e+00
-3.375 -0.675 0.0000e+00
-3.375 -0.625 0.0000e+00
-3.375 -0.575 0.0000e+00
-3.375 -0.525 0.0000e+00
-3.375 -0.475 0.0000e+00
-3.375 -0.425 0.0000e+00
-3.375 -0.375 0.0000e+00
-3.375 -0.325 0.0000e+00
-3.375 -0.275 0.0000e+00
-3.375 -0.225 0.0000e+00
-3.375 -0.175 0.0000e+00
-3.375 -0.125 0.0000e+00
-3.375 -0.075 0.0000e+00
-3.375 -0.025 0.0000e+00
-3.375 0.025 0.0000e+00
-3.375 0.075 0.0000e+00
-3.375 0.125 0.0000e+00
-3.375 0.175 0.0000e+00
-3.375 0.225 0.0000e+00
-3.375 0.275 0.0000e+00
-3.375 0.325 0.0000e+00
-3.375 0.375 0.0000e+00
-3.375 0.425 0.0000e+00
-3.375 0.475 0.0000e+00
-3.375 0.525 0.0000e+00
-3.375 0.575 0.0000e+00
-3.375 0.625 0.0000e+00
-3.375 0.675 2.3340e-07
-3.375 0.725 4.6584e-07
-3.375 0.775 9.2980e-07
-3.375 0.825 1.8559e-06
-3.375 0.875 3.7047e-06
-3.375 0.925 7.3955e-06
-3.375 0.975 1.4764e-05
-3.375 1.025 2.9476e-05
-3.375 1.075 5.8852e-05
-3.375 1.125 1.1751e-04
-3.375 1.175 2.3466e-04
-3.375 1.225 4.6864e-04
-3.375 1.275 9.3600e-04
-3.375 1.325 1.8696e-03
-3.375 1.375 3.7348e-03
-3.375 1.425 7.4617e-03
-3.375 1.475 1.4909e-02
-3.375 1.525 2.9792e-02
-3.375 1.575 5.9540e-02
-3.375 1.625 1.1900e-01
-3.375 1.675 2.3786e-01
-3.375 1.725 4.7547e-01
-3.375 1.775 9.5045e-01
-3.375 1.825 1.8998e+00
-3.375 1.875 3.7971e+00
-3.375 1.925 7.5876e+00
-3.375 1.975 1.5157e+01
-3.375 2.025 3.0260e+01
-3.375 2.075 6.0368e+01
-3.375 2.125 1.2030e+02
-3.375 2.175 2.3939e+02
-3.375 2.225 4.7542e+02
-3.375 2.275 9.4169e+02
-3.375 2.325 1.8588e+03
-3.375 2.375 3.6526e+03
-3.375 2.425 7.1361e+03
-3.375 2.475 1.3840e+04
-3.375 2.525 2.6597e+04
-3.375 2.575 5.0533e+04
-3.375 2.625 9.4682e+04
-3.375 2.675 1.7446e+05
-3.375 2.725 3.1515e+05
-3.375 2.775 5.5643e+05
-3.375 2.825 9.5734e+05
-3.375 2.875 1.6007e+06
-3.375 2.925 2.5953e+06
-3.375 2.975 4.0745e+06
-3.375 3.025 6.1892e+06
-3.375 3.075 9.0959e+06
-3.375 3.125 1.2939e+07
-3.375 3.175 1.7825e+07
-3.375 3.225 2.3793e+07
-3.375 3.275 3.0774e+07
-3.375 3.325 3.8547e+07
-3.375 3.375 4.6712e+07
-3.375 3.425 5.4689e+07
-3.375 3.475 6.1770e+07
-3.375 3.525 6.7226e+07
-3.375 3.575 7.0445e+07
-3.375 3.625 7.1054e+07
-3.375 3.675 6.8987e+07
-3.375 3.725 6.4440e+07
-3.375 3.775 5.7628e+07
-3.375 3.825 4.6421e+07
-3.375 3.875 0.0000e+00
-3.375 3.925 0.0000e+00
-3.375 3.975 0.0000e+00
-3.325 -1.975 0.0000e+00
-3.325 -1.925 0.0000e+00
-3.325 -1.875 0.0000e+00
-3.325 -1.825 0.0000e+00
-3.325 -1.775 0.0000e+00
-3.325 -1.725 0.0000e+00
-3.325 -1.675 0.0000e+00
-3.325 -1.625 0.0000e+00
-3.325 -1.575 0.0000e+00
-3.325 -1.525 0.0000e+00
-3.325 -1.475 0.0000e+00
-3.325 -1.425 0.0000e+00
-3.325 -1.375 0.0000e+00
-3.325 -1.325 0.0000e+00
-3.325 -1.275 0.0000e+00
-3.325 -1.225 0.0000e+00
-3.325 -1.175 0.0000e+00
-3.325 -1.125 0.0000e+00
-3.325 -1.075 0.0000e+00
-3.325 -1.025 0.0000e+00
-3.325 -0.975 0.0000e+00
-3.325 -0.925 0.0000e+00
-3.325 -0.875 0.0000e+00
-3.325 -0.825 0.0000e+00
-3.325 -0.775 0.0000e+00
-3.325 -0.725 0.0000e+00
-3.325 -0.675 0.0000e+00
-3.325 -0.625 0.0000e+00
-3.325 -0.575 0.0000e+00
-3.325 -0.525 0.0000e+00
-3.325 -0.475 0.0000e+00
-3.325 -0.425 0.0000e+00
-3.325 -0.375 0.0000e+00
-3.325 -0.325 0.0000e+00
-3.325 -0.275 0.0000e+00
-3.325 -0.225 0.0000e+00
-3.325 -0.175 0.0000e+00
-3.325 -0.125 0.0000e+00
-3.325 -0.075 0.0000e+00
-3.325 -0.025 0.0000e+00
-3.325 0.025 0.0000e+00
-3.325 0.075 0.0000e+00
-3.325 0.125 0.0000e+00
-3.325 0.175 0.0000e+00
-3.325 0.225 0.0000e+00
-3.325 0.275 0.0000e+00
-3.325 0.325 0.0000e+00
-3.325 0.375 0.0000e+00
-3.325 0.425 0.0000e+00
-3.325 0.475 0.0000e+00
-3.325 0.525 0.0000e+00
-3.325 0.575 0.0000e+00
-3.325 0.625 0.0000e+00
-3.325 0.675 2.9383e-07
-3.325 0.725 5.8645e-07
-3.325 0.775 1.1705e-06
-3.325 0.825 2.3364e-06
-3.325 0.875 4.6639e-06
-3.325 0.925 9.3102e-06
-3.325 0.975 1.8586e-05
-3.325 1.025 3.7107e-05
-3.325 1.075 7.4088e-05
-3.325 1.125 1.4793e-04
-3.325 1.175 2.9541e-04
-3.325 1.225 5.8994e-04
-3.325 1.275 1.1782e-03
-3.325 1.325 2.3534e-03
-3.325 1.375 4.7012e-03
-3.325 1.425 9.3919e-03
-3.325 1.475 1.8765e-02
-3.325 1.525 3.7495e-02
-3.325 1.575 7.4929e-02
-3.325 1.625 1.4974e-01
-3.325 1.675 2.9928e-01
-3.325 1.725 5.9814e-01
-3.325 1.775 1.1954e+00
-3.325 1.825 2.3890e+00
-3.325 1.875 4.7733e+00
-3.325 1.925 9.5346e+00
-3.325 1.975 1.9037e+01
-3.325 2.025 3.7984e+01
-3.325 2.075 7.5721e+01
-3.325 2.125 1.5076e+02
-3.325 2.175 2.9964e+02
-3.325 2.225 5.9420e+02
-3.325 2.275 1.1748e+03
-3.325 2.325 2.3136e+03
-3.325 2.375 4.5336e+03
-3.325 2.425 8.8268e+03
-3.325 2.475 1.7047e+04
-3.325 2.525 3.2591e+04
-3.325 2.575 6.1538e+04
-3.325 2.625 1.1445e+05
-3.325 2.675 2.0907e+05
-3.325 2.725 3.7389e+05
-3.325 2.775 6.5260e+05
-3.325 2.825 1.1084e+06
-3.325 2.875 1.8268e+06
-3.325 2.925 2.9157e+06
-3.325 2.975 4.4999e+06
-3.325 3.025 6.7092e+06
-3.325 3.075 9.6612e+06
-3.325 3.125 1.3436e+07
-3.325 3.175 1.8049e+07
-3.325 3.225 2.3413e+07
-3.325 3.275 2.9320e+07
-3.325 3.325 3.5416e+07
-3.325 3.375 4.1226e+07
-3.325 3.425 4.6207e+07
-3.325 3.475 4.9839e+07
-3.325 3.525 5.1729e+07
-3.325 3.575 5.1696e+07
-3.325 3.625 4.9800e+07
-3.325 3.675 4.6301e+07
-3.325 3.725 4.1566e+07
-3.325 3.775 3.5879e+07
-3.325 3.825 2.8025e+07
-3.325 3.875 0.0000e+00
-3.325 3.925 0.0000e+00
-3.325 3.975 0.0000e+00
-3.275 -1.975 0.0000e+00
-3.275 -1.925 0.0000e+00
-3.275 -1.875 0.0000e+00
-3.275 -1.825 0.0000e+00
-3.275 -1.775 0.0000e+00
-3.275 -1.725 0.0000e+00
-3.275 -1.675 0.0000e+00
-3.275 -1.625 0.0000e+00
-3.275 -1.575 0.0000e+00
-3.275 -1.525 0.0000e+00
-3.275 -1.475 0.0000e+00
-3.275 -1.425 0.0000e+00
-3.275 -1.375 0.0000e+00
-3.275 -1.325 0.0000e+00
-3.275 -1.275 0.0000e+00
-3.275 -1.225 0.0000e+00
-3.275 -1.175 0.0000e+00
-3.275 -1.125 0.0000e+00
-3.275 -1.075 0.0000e+00
-3.275 -1.025 0.0000e+00
-3.275 -0.975 0.0000e+00
-3.275 -0.925 0.0000e+00
-3.275 -0.875 0.0000e+00
-3.275 -0.825 0.0000e+00
-3.275 -0.775 0.0000e+00
-3.275 -0.725 0.0000e+00
-3.275 -0.675 0.0000e+00
-3.275 -0.625 0.0000e+00
-3.275 -0.575 0.0000e+00
-3.275 -0.525 0.0000e+00
-3.275 -0.475 0.0000e+00
-3.275 -0.425 0.0000e+00
-3.275 -0.375 0.0000e+00
-3.275 -0.325 0.0000e+00
-3.275 -0.275 0.0000e+00
-3.275 -0.225 0.0000e+00
-3.275 -0.175 0.0000e+00
-3.275 -0.125 0.0000e+00
-3.275 -0.075 0.0000e+00
-3.275 -0.025 0.0000e+00
-3.275 0.025 0.0000e+00
-3.275 0.075 0.0000e+00
-3.275 0.125 0.0000e+00
-3.275 0.175 0.0000e+00
-3.275 0.225 0.0000e+00
-3.275 0.275 0.0000e+00
-3.275 0.325 0.0000e+00
-3.275 0.375 0.0000e+00
-3.275 0.425 0.0000e+00
-3.275 0.475 0.0000e+00
-3.275 0.525 0.0000e+00
-3.275 0.575 0.0000e+00
-3.275 0.625 0.0000e+00
-3.275 0.675 3.6990e-07
-3.275 0.725 7.3829e-07
-3.275 0.775 1.4736e-06
-3.275 0.825 2.9414e-06
-3.275 0.875 5.8714e-06
-3.275 0.925 1.1721e-05
-3.275 0.975 2.3398e-05
-3.275 1.025 4.6713e-05
-3.275 1.075 9.3267e-05
-3.275 1.125 1.8623e-04
-3.275 1.175 3.7187e-04
-3.275 1.225 7.4262e-04
-3.275 1.275 1.4831e-03
-3.275 1.325 2.9624e-03
-3.275 1.375 5.9173e-03
-3.275 1.425 1.1821e-02
-3.275 1.475 2.3617e-02
-3.275 1.525 4.7187e-02
-3.275 1.575 9.4286e-02
-3.275 1.625 1.8841e-01
-3.275 1.675 3.7649e-01
-3.275 1.725 7.5232e-01
-3.275 1.775 1.5032e+00
-3.275 1.825 3.0031e+00
-3.275 1.875 5.9982e+00
-3.275 1.925 1.1976e+01
-3.275 1.975 2.3896e+01
-3.275 2.025 4.7644e+01
-3.275 2.075 9.4889e+01
-3.275 2.125 1.8870e+02
-3.275 2.175 3.7449e+02
-3.275 2.225 7.4127e+02
-3.275 2.275 1.4622e+03
-3.275 2.325 2.8715e+03
-3.275 2.375 5.6069e+03
-3.275 2.425 1.0869e+04
-3.275 2.475 2.0881e+04
-3.275 2.525 3.9666e+04
-3.275 2.575 7.4323e+04
-3.275 2.625 1.3698e+05
-3.275 2.675 2.4753e+05
-3.275 2.725 4.3722e+05
-3.275 2.775 7.5239e+05
-3.275 2.825 1.2576e+06
-3.275 2.875 2.0363e+06
-3.275 2.925 3.1871e+06
-3.275 2.975 4.8143e+06
-3.275 3.025 7.0114e+06
-3.275 3.075 9.8389e+06
-3.275 3.125 1.3298e+07
-3.275 3.175 1.7305e+07
-3.275 3.225 2.1673e+07
-3.275 3.275 2.6109e+07
-3.275 3.325 3.0236e+07
-3.275 3.375 3.3652e+07
-3.275 3.425 3.5997e+07
-3.275 3.475 3.7032e+07
-3.275 3.525 3.6685e+07
-3.275 3.575 3.5063e+07
-3.275 3.625 3.2403e+07
-3.275 3.675 2.9015e+07
-3.275 3.725 2.5198e+07
-3.275 3.775 2.1138e+07
-3.275 3.825 1.6117e+07
-3.275 3.875 0.0000e+00
-3.275 3.925 0.0000e+00
-3.275 3.975 0.0000e+00
-3.225 -1.975 0.0000e+00
-3.225 -1.925 0.0000e+00
-3.225 -1.875 0.0000e+00
-3.225 -1.825 0.0000e+00
-3.225 -1.775 0.0000e+00
-3.225 -1.725 0.0000e+00
-3.225 -1.675 0.0000e+00
-3.225 -1.625 0.0000e+00
-3.225 -1.575 0.0000e+00
-3.225 -1.525 0.0000e+00
-3.225 -1.475 0.0000e+00
-3.225 -1.425 0.0000e+00
-3.225 -1.375 0.0000e+00
-3.225 -1.325 0.0000e+00
-3.225 -1.275 0.0000e+00
-3.225 -1.225 0.0000e+00
-3.225 -1.175 0.0000e+00
-3.225 -1.125 0.0000e+00
-3.225 -1.075 0.0000e+00
-3.225 -1.025 0.0000e+00
-3.225 -0.975 0.0000e+00
-3.225 -0.925 0.0000e+00
-3.225 -0.875 0.0000e+00
-3.225 -0.825 0.0000e+00
-3.225 -0.775 0.0000e+00
-3.225 -0.725 0.0000e+00
-3.225 -0.675 0.0000e+00
-3.225 -0.625 0.0000e+00
-3.225 -0.575 0.0000e+00
-3.225 -0.525 0.0000e+00
-3.225 -0.475 0.0000e+00
-3.225 -0.425 0.0000e+00
-3.225 -0.375 0.0000e+00
-3.225 -0.325 0.0000e+00
-3.225 -0.275 0.0000e+00
-3.225 -0.225 0.0000e+00
-3.225 -0.175 0.0000e+00
-3.225 -0.125 0.0000e+00
-3.225 -0.075 0.0000e+00
-3.225 -0.025 0.0000e+00
-3.225 0.025 0.0000e+00
-3.225 0.075 0.0000e+00
-3.225 0.125 0.0000e+00
-3.225 0.175 0.0000e+00
-3.225 0.225 0.0000e+00
-3.225 0.275 0.0000e+00
-3.225 0.325 0.0000e+00
-3.225 0.375 0.0000e+00
-3.225 0.425 0.0000e+00
-3.225 0.475 0.0000e+00
-3.225 0.525 0.0000e+00
-3.225 0.575 0.0000e+00
-3.225 0.625 0.0000e+00
-3.225 0.675 4.6568e-07
-3.225 0.725 9.2944e-07
-3.225 0.775 1.8551e-06
-3.225 0.825 3.7029e-06
-3.225 0.875 7.3914e-06
-3.225 0.925 1.4755e-05
-3.225 0.975 2.9456e-05
-3.225 1.025 5.8806e-05
-3.225 1.075 1.1741e-04
-3.225 1.125 2.3443e-04
-3.225 1.175 4.6811e-04
-3.225 1.225 9.3480e-04
-3.225 1.275 1.8669e-03
-3.225 1.325 3.7287e-03
-3.225 1.375 7.4478e-03
-3.225 1.425 1.4877e-02
-3.225 1.475 2.9721e-02
-3.225 1.525 5.9377e-02
-3.225 1.575 1.1863e-01
-3.225 1.625 2.3702e-01
-3.225 1.675 4.7354e-01
-3.225 1.725 9.4602e-01
-3.225 1.775 1.8897e+00
-3.225 1.825 3.7738e+00
-3.225 1.875 7.5338e+00
-3.225 1.925 1.5033e+01
-3.225 1.975 2.9973e+01
-3.225 2.025 5.9705e+01
-3.225 2.075 1.1877e+02
-3.225 2.125 2.3583e+02
-3.225 2.175 4.6717e+02
-3.225 2.225 9.2259e+02
-3.225 2.275 1.8146e+03
-3.225 2.325 3.5509e+03
-3.225 2.375 6.9032e+03
-3.225 2.425 1.3310e+04
-3.225 2.475 2.5403e+04
-3.225 2.525 4.7874e+04
-3.225 2.575 8.8852e+04
-3.225 2.625 1.6191e+05
-3.225 2.675 2.8876e+05
-3.225 2.725 5.0233e+05
-3.225 2.775 8.4952e+05
-3.225 2.825 1.3924e+06
-3.225 2.875 2.2060e+06
-3.225 2.925 3.3707e+06
-3.225 2.975 4.9589e+06
-3.225 3.025 7.0158e+06
-3.225 3.075 9.5373e+06
-3.225 3.125 1.2450e+07
-3.225 3.175 1.5598e+07
-3.225 3.225 1.8748e+07
-3.225 3.275 2.1615e+07
-3.225 3.325 2.3908e+07
-3.225 3.375 2.5386e+07
-3.225 3.425 2.5909e+07
-3.225 3.475 2.5466e+07
-3.225 3.525 2.4165e+07
-3.225 3.575 2.2200e+07
-3.225 3.625 1.9802e+07
-3.225 3.675 1.7191e+07
-3.225 3.725 1.4540e+07
-3.225 3.775 1.1930e+07
-3.225 3.825 8.9324e+06
-3.225 3.875 0.0000e+00
-3.225 3.925 0.0000e+00
-3.225 3.975 0.0000e+00
-3.175 -1.975 0.0000e+00
-3.175 -1.925 0.0000e+00
-3.175 -1.875 0.0000e+00
-3.175 -1.825 0.0000e+00
-3.175 -1.775 0.0000e+00
-3.175 -1.725 0.0000e+00
-3.175 -1.675 0.0000e+00
-3.175 -1.625 0.0000e+00
-3.175 -1.575 0.0000e+00
-3.175 -1.525 0.0000e+00
-3.175 -1.475 0.0000e+00
-3.175 -1.425 0.0000e+00
-3.175 -1.375 0.0000e+00
-3.175 -1.325 0.0000e+00
-3.175 -1.275 0.0000e+00
-3.175 -1.225 0.0000e+00
-3.175 -1.175 0.0000e+00
-3.175 -1.125 0.0000e+00
-3.175 -1.075 0.0000e+00
-3.175 -1.025 0.0000e+00
-3.175 -0.975 0.0000e+00
-3.175 -0.925 0.0000e+00
-3.175 -0.875 0.0000e+00
-3.175 -0.825 0.0000e+00
-3.175 -0.775 0.0000e+00
-3.175 -0.725 0.0000e+00
-3.175 -0.675 0.0000e+00
-3.175 -0.625 0.0000e+00
-3.175 -0.575 0.0000e+00
-3.175 -0.525 0.0000e+00
-3.175 -0.475 0.0000e+00
-3.175 -0.425 0.0000e+00
-3.175 -0.375 0.0000e+00
-3.175 -0.325 0.0000e+00
-3.175 -0.275 0.0000e+00
-3.175 -0.225 0.0000e+00
-3.175 -0.175 0.0000e+00
-3.175 -0.125 0.0000e+00
-3.175 -0.075 0.0000e+00
-3.175 -0.025 0.0000e+00
-3.175 0.025 0.0000e+00
-3.175 0.075 0.0000e+00
-3.175 0.125 0.0000e+00
-3.175 0.175 0.0000e+00
-3.175 0.225 0.0000e+00
-3.175 0.275 0.0000e+00
-3.175 0.325 0.0000e+00
-3.175 0.375 0.0000e+00
-3.175 0.425 0.0000e+00
-3.175 0.475 0.0000e+00
-3.175 0.525 0.0000e+00
-3.175 0.575 0.0000e+00
-3.175 0.625 0.0000e+00
-3.175 0.675 5.8624e-07
-3.175 0.725 1.1701e-06
-3.175 0.775 2.3354e-06
-3.175 0.825 4.6616e-06
-3.175 0.875 9.3050e-06
-3.175 0.925 1.8575e-05
-3.175 0.975 3.7081e-05
-3.175 1.025 7.4028e-05
-3.175 1.075 1.4780e-04
-3.175 1.125 2.9510e-04
-3.175 1.175 5.8925e-04
-3.175 1.225 1.1767e-03
-3.175 1.275 2.3499e-03
-3.175 1.325 4.6931e-03
-3.175 1.375 9.3735e-03
-3.175 1.425 1.8723e-02
-3.175 1.475 3.7399e-02
-3.175 1.525 7.4708e-02
-3.175 1.575 1.4924e-01
-3.175 1.625 2.9811e-01
-3.175 1.675 5.9545e-01
-3.175 1.725 1.1892e+00
-3.175 1.775 2.3746e+00
-3.175 1.825 4.7399e+00
-3.175 1.875 9.4569e+00
-3.175 1.925 1.8856e+01
-3.175 1.975 3.7561e+01
-3.175 2.025 7.4729e+01
-3.175 2.075 1.4843e+02
-3.175 2.125 2.9419e+02
-3.175 2.175 5.8143e+02
-3.175 2.225 1.1449e+03
-3.175 2.275 2.2439e+03
-3.175 2.325 4.3713e+03
-3.175 2.375 8.4517e+03
-3.175 2.425 1.6187e+04
-3.175 2.475 3.0642e+04
-3.175 2.525 5.7184e+04
-3.175 2.575 1.0489e+05
-3.175 2.625 1.8852e+05
-3.175 2.675 3.3083e+05
-3.175 2.725 5.6489e+05
-3.175 2.775 9.3535e+05
-3.175 2.825 1.4971e+06
-3.175 2.875 2.3101e+06
-3.175 2.925 3.4286e+06
-3.175 2.975 4.8859e+06
-3.175 3.025 6.6766e+06
-3.175 3.075 8.7408e+06
-3.175 3.125 1.0956e+07
-3.175 3.175 1.3146e+07
-3.175 3.225 1.5099e+07
-3.175 3.275 1.6611e+07
-3.175 3.325 1.7526e+07
-3.175 3.375 1.7765e+07
-3.175 3.425 1.7343e+07
-3.175 3.475 1.6355e+07
-3.175 3.525 1.4946e+07
-3.175 3.575 1.3280e+07
-3.175 3.625 1.1509e+07
-3.175 3.675 9.7498e+06
-3.175 3.725 8.0800e+06
-3.175 3.775 6.5199e+06
-3.175 3.825 4.8166e+06
-3.175 3.875 0.0000e+00
-3.175 3.925 0.0000e+00
-3.175 3.975 0.0000e+00
-3.125 -1.975 0.0000e+00
-3.125 -1.925 0.0000e+00
-3.125 -1.875 0.0000e+00
-3.125 -1.825 0.0000e+00
-3.125 -1.775 0.0000e+00
-3.125 -1.725 0.0000e+00
-3.125 -1.675 0.0000e+00
-3.125 -1.625 0.0000e+00
-3.125 -1.575 0.0000e+00
-3.125 -1.525 0.0000e+00
-3.125 -1.475 0.0000e+00
-3.125 -1.425 0.0000e+00
-3.125 -1.375 0.0000e+00
-3.125 -1.325 0.0000e+00
-3.125 -1.275 0.0000e+00
-3.125 -1.225 0.0000e+00
-3.125 -1.175 0.0000e+00
-3.125 -1.125 0.0000e+00
-3.125 -1.075 0.0000e+00
-3.125 -1.025 0.0000e+00
-3.125 -0.975 0.0000e+00
-3.125 -0.925 0.0000e+00
-3.125 -0.875 0.0000e+00
-3.125 -0.825 0.0000e+00
-3.125 -0.775 0.0000e+00
-3.125 -0.725 0.0000e+00
-3.125 -0.675 0.0000e+00
-3.125 -0.625 0.0000e+00
-3.125 -0.575 0.0000e+00
-3.125 -0.525 0.0000e+00
-3.125 -0.475 0.0000e+00
-3.125 -0.425 0.0000e+00
-3.125 -0.375 0.0000e+00
-3.125 -0.325 0.0000e+00
-3.125 -0.275 0.0000e+00
-3.125 -0.225 0.0000e+00
-3.125 -0.175 0.0000e+00
-3.125 -0.125 0.0000e+00
-3.125 -0.075 0.0000e+00
-3.125 -0.025 0.0000e+00
-3.125 0.025 0.0000e+00
-3.125 0.075 0.0000e+00
-3.125 0.125 0.0000e+00
-3.125 0.175 0.0000e+00
-3.125 0.225 0.0000e+00
-3.125 0.275 0.0000e+00
-3.125 0.325 0.0000e+00
-3.125 0.375 0.0000e+00
-3.125 0.425 0.0000e+00
-3.125 0.475 0.0000e+00
-3.125 0.525 0.0000e+00
-3.125 0.575 0.0000e+00
-3.125 0.625 0.0000e+00
-3.125 0.675 7.3803e-07
-3.125 0.725 1.4730e-06
-3.125 0.775 2.9400e-06
-3.125 0.825 5.8684e-06
-3.125 0.875 1.1714e-05
-3.125 0.925 2.3383e-05
-3.125 0.975 4.6679e-05
-3.125 1.025 9.3189e-05
-3.125 1.075 1.8605e-04
-3.125 1.125 3.7147e-04
-3.125 1.175 7.4171e-04
-3.125 1.225 1.4811e-03
-3.125 1.275 2.9576e-03
-3.125 1.325 5.9065e-03
-3.125 1.375 1.1796e-02
-3.125 1.425 2.3560e-02
-3.125 1.475 4.7055e-02
-3.125 1.525 9.3983e-02
-3.125 1.575 1.8770e-01
-3.125 1.625 3.7486e-01
-3.125 1.675 7.4854e-01
-3.125 1.725 1.4944e+00
-3.125 1.775 2.9825e+00
-3.125 1.825 5.9498e+00
-3.125 1.875 1.1862e+01
-3.125 1.925 2.3629e+01
-3.125 1.975 4.7013e+01
-3.125 2.025 9.3396e+01
-3.125 2.075 1.8517e+02
-3.125 2.125 3.6614e+02
-3.125 2.175 7.2153e+02
-3.125 2.225 1.4156e+03
-3.125 2.275 2.7620e+03
-3.125 2.325 5.3511e+03
-3.125 2.375 1.0276e+04
-3.125 2.425 1.9518e+04
-3.125 2.475 3.6578e+04
-3.125 2.525 6.7441e+04
-3.125 2.575 1.2194e+05
-3.125 2.625 2.1549e+05
-3.125 2.675 3.7082e+05
-3.125 2.725 6.1911e+05
-3.125 2.775 9.9939e+05
-3.125 2.825 1.5548e+06
-3.125 2.875 2.3249e+06
-3.125 2.925 3.3337e+06
-3.125 2.975 4.5763e+06
-3.125 3.025 6.0068e+06
-3.125 3.075 7.5335e+06
-3.125 3.125 9.0259e+06
-3.125 3.175 1.0334e+07
-3.125 3.225 1.1319e+07
-3.125 3.275 1.1878e+07
-3.125 3.325 1.1972e+07
-3.125 3.375 1.1621e+07
-3.125 3.425 1.0902e+07
-3.125 3.475 9.9186e+06
-3.125 3.525 8.7836e+06
-3.125 3.575 7.5968e+06
-3.125 3.625 6.4352e+06
-3.125 3.675 5.3500e+06
-3.125 3.725 4.3662e+06
-3.125 3.775 3.4801e+06
-3.125 3.825 2.5460e+06
-3.125 3.875 0.0000e+00
-3.125 3.925 0.0000e+00
-3.125 3.975 0.0000e+00
-3.075 -1.975 0.0000e+00
-3.075 -1.925 0.0000e+00
-3.075 -1.875 0.0000e+00
-3.075 -1.825 0.0000e+00
-3.075 -1.775 0.0000e+00
-3.075 -1.725 0.0000e+00
-3.075 -1.675 0.0000e+00
-3.075 -1.625 0.0000e+00
-3.075 -1.575 0.0000e+00
-3.075 -1.525 0.0000e+00
-3.075 -1.475 0.0000e+00
-3.075 -1.425 0.0000e+00
-3.075 -1.375 0.0000e+00
-3.075 -1.325 0.0000e+00
-3.075 -1.275 0.0000e+00
-3.075 -1.225 0.0000e+00
-3.075 -1.175 0.0000e+00
-3.075 -1.125 0.0000e+00
-3.075 -1.075 0.0000e+00
-3.075 -1.025 0.0000e+00
-3.075 -0.975 0.0000e+00
-3.075 -0.925 0.0000e+00
-3.075 -0.875 0.0000e+00
-3.075 -0.825 0.0000e+00
-3.075 -0.775 0.0000e+00
-3.075 -0.725 0.0000e+00
-3.075 -0.675 0.0000e+00
-3.075 -0.625 0.0000e+00
-3.075 -0.575 0.0000e+00
-3.075 -0.525 0.0000e+00
-3.075 -0.475 0.0000e+00
-3.075 -0.425 0.0000e+00
-3.075 -0.375 0.0000e+00
-3.075 -0.325 0.0000e+00
-3.075 -0.275 0.0000e+00
-3.075 -0.225 0.0000e+00
-3.075 -0.175 0.0000e+00
-3.075 -0.125 0.0000e+00
-3.075 -0.075 0.0000e+00
-3.075 -0.025 0.0000e+00
-3.075 0.025 0.0000e+00
-3.075 0.075 0.0000e+00
-3.075 0.125 0.0000e+00
-3.075 0.175 0.0000e+00
-3.075 0.225 0.0000e+00
-3.075 0.275 0.0000e+00
-3.075 0.325 0.0000e+00
-3.075 0.375 0.0000e+00
-3.075 0.425 0.0000e+00
-3.075 0.475 0.0000e+00
-3.075 0.525 0.0000e+00
-3.075 0.575 0.0000e+00
-3.075 0.625 0.0000e+00
-3.075 0.675 9.2910e-07
-3.075 0.725 1.8544e-06
-3.075 0.775 3.7012e-06
-3.075 0.825 7.3876e-06
-3.075 0.875 1.4746e-05
-3.075 0.925 2.9436e-05
-3.075 0.975 5.8761e-05
-3.075 1.025 1.1731e-04
-3.075 1.075 2.3420e-04
-3.075 1.125 4.6758e-04
-3.075 1.175 9.3359e-04
-3.075 1.225 1.8641e-03
-3.075 1.275 3.7223e-03
-3.075 1.325 7.4331e-03
-3.075 1.375 1.4844e-02
-3.075 1.425 2.9643e-02
-3.075 1.475 5.9196e-02
-3.075 1.525 1.1821e-01
-3.075 1.575 2.3603e-01
-3.075 1.625 4.7124e-01
-3.075 1.675 9.4062e-01
-3.075 1.725 1.8770e+00
-3.075 1.775 3.7438e+00
-3.075 1.825 7.4630e+00
-3.075 1.875 1.4865e+01
-3.075 1.925 2.9575e+01
-3.075 1.975 5.8756e+01
-3.075 2.025 1.1651e+02
-3.075 2.075 2.3045e+02
-3.075 2.125 4.5435e+02
-3.075 2.175 8.9211e+02
-3.075 2.225 1.7424e+03
-3.075 2.275 3.3807e+03
-3.075 2.325 6.5048e+03
-3.075 2.375 1.2387e+04
-3.075 2.425 2.3287e+04
-3.075 2.475 4.3105e+04
-3.075 2.525 7.8309e+04
-3.075 2.575 1.3914e+05
-3.075 2.625 2.4091e+05
-3.075 2.675 4.0491e+05
-3.075 2.725 6.5813e+05
-3.075 2.775 1.0308e+06
-3.075 2.825 1.5509e+06
-3.075 2.875 2.2356e+06
-3.075 2.925 3.0808e+06
-3.075 2.975 4.0530e+06
-3.075 3.025 5.0860e+06
-3.075 3.075 6.0869e+06
-3.075 3.125 6.9516e+06
-3.075 3.175 7.5859e+06
-3.075 3.225 7.9261e+06
-3.075 3.275 7.9508e+06
-3.075 3.325 7.6825e+06
-3.075 3.375 7.1764e+06
-3.075 3.425 6.5058e+06
-3.075 3.475 5.7454e+06
-3.075 3.525 4.9603e+06
-3.075 3.575 4.1997e+06
-3.075 3.625 3.4958e+06
-3.075 3.675 2.8652e+06
-3.075 3.725 2.3118e+06
-3.075 3.775 1.8261e+06
-3.075 3.825 1.3266e+06
-3.075 3.875 0.0000e+00
-3.075 3.925 0.0000e+00
-3.075 3.975 0.0000e+00
-3.025 -1.975 0.0000e+00
-3.025 -1.925 0.0000e+00
-3.025 -1.875 0.0000e+00
-3.025 -1.825 0.0000e+00
-3.025 -1.775 0.0000e+00
-3.025 -1.725 0.0000e+00
-3.025 -1.675 0.0000e+00
-3.025 -1.625 0.0000e+00
-3.025 -1.575 0.0000e+00
-3.025 -1.525 0.0000e+00
-3.025 -1.475 0.0000e+00
-3.025 -1.425 0.0000e+00
-3.025 -1.375 0.0000e+00
-3.025 -1.325 0.0000e+00
-3.025 -1.275 0.0000e+00
-3.025 -1.225 0.0000e+00
-3.025 -1.175 0.0000e+00
-3.025 -1.125 0.0000e+00
-3.025 -1.075 0.0000e+00
-3.025 -1.025 0.0000e+00
-3.025 -0.975 0.0000e+00
-3.025 -0.925 0.0000e+00
-3.025 -0.875 0.0000e+00
-3.025 -0.825 0.0000e+00
-3.025 -0.775 0.0000e+00
-3.025 -0.725 0.0000e+00
-3.025 -0.675 0.0000e+00
-3.025 -0.625 0.0000e+00
-3.025 -0.575 0.0000e+00
-3.025 -0.525 0.0000e+00
-3.025 -0.475 0.0000e+00
-3.025 -0.425 0.0000e+00
-3.025 -0.375 0.0000e+00
-3.025 -0.325 0.0000e+00
-3.025 -0.275 0.0000e+00
-3.025 -0.225 0.0000e+00
-3.025 -0.175 0.0000e+00
-3.025 -0.125 0.0000e+00
-3.025 -0.075 0.0000e+00
-3.025 -0.025 0.0000e+00
-3.025 0.025 0.0000e+00
-3.025 0.075 0.0000e+00
-3.025 0.125 0.0000e+00
-3.025 0.175 0.0000e+00
-3.025 0.225 0.0000e+00
-3.025 0.275 0.0000e+00
-3.025 0.325 0.0000e+00
-3.025 0.375 0.0000e+00
-3.025 0.425 0.0000e+00
-3.025 0.475 0.0000e+00
-3.025 0.525 0.0000e+00
-3.025 0.575 0.0000e+00
-3.025 0.625 0.0000e+00
-3.025 0.675 1.1696e-06
-3.025 0.725 2.3344e-06
-3.025 0.775 4.6594e-06
-3.025 0.825 9.3000e-06
-3.025 0.875 1.8563e-05
-3.025 0.925 3.7055e-05
-3.025 0.975 7.3969e-05
-3.025 1.025 1.4766e-04
-3.025 1.075 2.9479e-04
-3.025 1.125 5.8854e-04
-3.025 1.175 1.1750e-03
-3.025 1.225 2.3461e-03
-3.025 1.275 4.6844e-03
-3.025 1.325 9.3534e-03
-3.025 1.375 1.8676e-02
-3.025 1.425 3.7291e-02
-3.025 1.475 7.4454e-02
-3.025 1.525 1.4864e-01
-3.025 1.575 2.9671e-01
-3.025 1.625 5.9216e-01
-3.025 1.675 1.1814e+00
-3.025 1.725 2.3561e+00
-3.025 1.775 4.6960e+00
-3.025 1.825 9.3522e+00
-3.025 1.875 1.8605e+01
-3.025 1.925 3.6962e+01
-3.025 1.975 7.3295e+01
-3.025 2.025 1.4500e+02
-3.025 2.075 2.8596e+02
-3.025 2.125 5.6175e+02
-3.025 2.175 1.0980e+03
-3.025 2.225 2.1326e+03
-3.025 2.275 4.1090e+03
-3.025 2.325 7.8391e+03
-3.025 2.375 1.4773e+04
-3.025 2.425 2.7427e+04
-3.025 2.475 5.0006e+04
-3.025 2.525 8.9230e+04
-3.025 2.575 1.5524e+05
-3.025 2.625 2.6229e+05
-3.025 2.675 4.2867e+05
-3.025 2.725 6.7508e+05
-3.025 2.775 1.0209e+06
-3.025 2.825 1.4778e+06
-3.025 2.875 2.0432e+06
-3.025 2.925 2.6931e+06
-3.025 2.975 3.3813e+06
-3.025 3.025 4.0434e+06
-3.025 3.075 4.6084e+06
-3.025 3.125 5.0142e+06
-3.025 3.175 5.2206e+06
-3.025 3.225 5.2173e+06
-3.025 3.275 5.0227e+06
-3.025 3.325 4.6762e+06
-3.025 3.375 4.2272e+06
-3.025 3.425 3.7251e+06
-3.025 3.475 3.2115e+06
-3.025 3.525 2.7176e+06
-3.025 3.575 2.2634e+06
-3.025 3.625 1.8590e+06
-3.025 3.675 1.5075e+06
-3.025 3.725 1.2062e+06
-3.025 3.775 9.4653e+05
-3.025 3.825 6.8412e+05
-3.025 3.875 0.0000e+00
-3.025 3.925 0.0000e+00
-3.025 3.975 0.0000e+00
-2.975 -1.975 0.0000e+00
-2.975 -1.925 0.0000e+00
-2.975 -1.875 0.0000e+00
-2.975 -1.825 0.0000e+00
-2.975 -1.775 0.0000e+00
-2.975 -1.725 0.0000e+00
-2.975 -1.675 0.0000e+00
-2.975 -1.625 0.0000e+00
-2.975 -1.575 0.0000e+00
-2.975 -1.525 0.0000e+00
-2.975 -1.475 0.0000e+00
-2.975 -1.425 0.0000e+00
-2.975 -1.375 0.0000e+00
-2.975 -1.325 0.0000e+00
-2.975 -1.275 0.0000e+00
-2.975 -1.225 0.0000e+00
-2.975 -1.175 0.0000e+00
-2.975 -1.125 0.0000e+00
-2.975 -1.075 0.0000e+00
-2.975 -1.025 0.0000e+00
-2.975 -0.975 0.0000e+00
-2.975 -0.925 0.0000e+00
-2.975 -0.875 0.0000e+00
-2.975 -0.825 0.0000e+00
-2.975 -0.775 0.0000e+00
-2.975 -0.725 0.0000e+00
-2.975 -0.675 0.0000e+00
-2.975 -0.625 0.0000e+00
-2.975 -0.575 0.0000e+00
-2.975 -0.525 0.0000e+00
-2.975 -0.475 0.0000e+00
-2.975 -0.425 0.0000e+00
-2.975 -0.375 0.0000e+00
-2.975 -0.325 0.0000e+00
-2.975 -0.275 0.0000e+00
-2.975 -0.225 0.0000e+00
-2.975 -0.175 0.0000e+00
-2.975 -0.125 0.0000e+00
-2.975 -0.075 0.0000e+00
-2.975 -0.025 0.0000e+00
-2.975 0.025 0.0000e+00
-2.975 0.075 0.0000e+00
-2.975 0.125 0.0000e+00
-2.975 0.175 0.0000e+00
-2.975 0.225 0.0000e+00
-2.975 0.275 0.0000e+00
-2.975 0.325 0.0000e+00
-2.975 0.375 0.0000e+00
-2.975 0.425 0.0000e+00
-2.975 0.475 0.0000e+00
-2.975 0.525 0.0000e+00
-2.975 0.575 0.0000e+00
-2.975 0.625 0.0000e+00
-2.975 0.675 1.4725e-06
-2.975 0.725 2.9388e-06
-2.975 0.775 5.8655e-06
-2.975 0.825 1.1707e-05
-2.975 0.875 2.3368e-05
-2.975 0.925 4.6645e-05
-2.975 0.975 9.3111e-05
-2.975 1.025 1.8587e-04
-2.975 1.075 3.7105e-04
-2.975 1.125 7.4076e-04
-2.975 1.175 1.4789e-03
-2.975 1.225 2.9525e-03
-2.975 1.275 5.8946e-03
-2.975 1.325 1.1768e-02
-2.975 1.375 2.3495e-02
-2.975 1.425 4.6903e-02
-2.975 1.475 9.3624e-02
-2.975 1.525 1.8686e-01
-2.975 1.575 3.7285e-01
-2.975 1.625 7.4376e-01
-2.975 1.675 1.4830e+00
-2.975 1.725 2.9553e+00
-2.975 1.775 5.8847e+00
-2.975 1.825 1.1706e+01
-2.975 1.875 2.3253e+01
-2.975 1.925 4.6108e+01
-2.975 1.975 9.1218e+01
-2.975 2.025 1.7993e+02
-2.975 2.075 3.5355e+02
-2.975 2.125 6.9138e+02
-2.975 2.175 1.3438e+03
-2.975 2.225 2.5917e+03
-2.975 2.275 4.9511e+03
-2.975 2.325 9.3469e+03
-2.975 2.375 1.7391e+04
-2.975 2.425 3.1796e+04
-2.975 2.475 5.6919e+04
-2.975 2.525 9.9395e+04
-2.975 2.575 1.6863e+05
-2.975 2.625 2.7679e+05
-2.975 2.675 4.3778e+05
-2.975 2.725 6.6470e+05
-2.975 2.775 9.6560e+05
-2.975 2.825 1.3385e+06
-2.975 2.875 1.7672e+06
-2.975 2.925 2.2198e+06
-2.975 2.975 2.6528e+06
-2.975 3.025 3.0188e+06
-2.975 3.075 3.2770e+06
-2.975 3.125 3.4025e+06
-2.975 3.175 3.3904e+06
-2.975 3.225 3.2546e+06
-2.975 3.275 3.0222e+06
-2.975 3.325 2.7262e+06
-2.975 3.375 2.3984e+06
-2.975 3.425 2.0655e+06
-2.975 3.475 1.7472e+06
-2.975 3.525 1.4556e+06
-2.975 3.575 1.1971e+06
-2.975 3.625 9.7343e+05
-2.975 3.675 7.8313e+05
-2.975 3.725 6.2271e+05
-2.975 3.775 4.8631e+05
-2.975 3.825 3.5020e+05
-2.975 3.875 0.0000e+00
-2.975 3.925 0.0000e+00
-2.975 3.975 0.0000e+00
-2.925 -1.975 0.0000e+00
-2.925 -1.925 0.0000e+00
-2.925 -1.875 0.0000e+00
-2.925 -1.825 0.0000e+00
-2.925 -1.775 0.0000e+00
-2.925 -1.725 0.0000e+00
-2.925 -1.675 0.0000e+00
-2.925 -1.625 0.0000e+00
-2.925 -1.575 0.0000e+00
-2.925 -1.525 0.0000e+00
-2.925 -1.475 0.0000e+00
-2.925 -1.425 0.0000e+00
-2.925 -1.375 0.0000e+00
-2.925 -1.325 0.0000e+00
-2.925 -1.275 0.0000e+00
-2.925 -1.225 0.0000e+00
-2.925 -1.175 0.0000e+00
-2.925 -1.125 0.0000e+00
-2.925 -1.075 0.0000e+00
-2.925 -1.025 0.0000e+00
-2.925 -0.975 0.0000e+00
-2.925 -0.925 0.0000e+00
-2.925 -0.875 0.0000e+00
-2.925 -0.825 0.0000e+00
-2.925 -0.775 0.0000e+00
-2.925 -0.725 0.0000e+00
-2.925 -0.675 0.0000e+00
-2.925 -0.625 0.0000e+00
-2.925 -0.575 0.0000e+00
-2.925 -0.525 0.0000e+00
-2.925 -0.475 0.0000e+00
-2.925 -0.425 0.0000e+00
-2.925 -0.375 0.0000e+00
-2.925 -0.325 0.0000e+00
-2.925 -0.275 0.0000e+00
-2.925 -0.225 0.0000e+00
-2.925 -0.175 0.0000e+00
-2.925 -0.125 0.0000e+00
-2.925 -0.075 0.0000e+00
-2.925 -0.025 0.0000e+00
-2.925 0.025 0.0000e+00
-2.925 0.075 0.0000e+00
-2.925 0.125 0.0000e+00
-2.925 0.175 0.0000e+00
-2.925 0.225 0.0000e+00
-2.925 0.275 0.0000e+00
-2.925 0.325 0.0000e+00
-2.925 0.375 0.0000e+00
-2.925 0.425 0.0000e+00
-2.925 0.475 0.0000e+00
-2.925 0.525 0.0000e+00
-2.925 0.575 0.0000e+00
-2.925 0.625 0.0000e+00
-2.925 0.675 1.8536e-06
-2.925 0.725 3.6995e-06
-2.925 0.775 7.3838e-06
-2.925 0.825 1.4738e-05
-2.925 0.875 2.9416e-05
-2.925 0.925 5.8716e-05
-2.925 0.975 1.1720e-04
-2.925 1.025 2.3395e-04
-2.925 1.075 4.6702e-04
-2.925 1.125 9.3229e-04
-2.925 1.175 1.8611e-03
-2.925 1.225 3.7153e-03
-2.925 1.275 7.4166e-03
-2.925 1.325 1.4805e-02
-2.925 1.375 2.9551e-02
-2.925 1.425 5.8979e-02
-2.925 1.475 1.1769e-01
-2.925 1.525 2.3481e-01
-2.925 1.575 4.6831e-01
-2.925 1.625 9.3362e-01
-2.925 1.675 1.8602e+00
-2.925 1.725 3.7034e+00
-2.925 1.775 7.3656e+00
-2.925 1.825 1.4630e+01
-2.925 1.875 2.9007e+01
-2.925 1.925 5.7383e+01
-2.925 1.975 1.1319e+02
-2.925 2.025 2.2245e+02
-2.925 2.075 4.3513e+02
-2.925 2.125 8.4610e+02
-2.925 2.175 1.6330e+03
-2.925 2.225 3.1225e+03
-2.925 2.275 5.9022e+03
-2.925 2.325 1.1000e+04
-2.925 2.375 2.0151e+04
-2.925 2.425 3.6162e+04
-2.925 2.475 6.3327e+04
-2.925 2.525 1.0778e+05
-2.925 2.575 1.7750e+05
-2.925 2.625 2.8170e+05
-2.925 2.675 4.2908e+05
-2.925 2.725 6.2506e+05
-2.925 2.775 8.6830e+05
-2.925 2.825 1.1479e+06
-2.925 2.875 1.4425e+06
-2.925 2.925 1.7231e+06
-2.925 2.975 1.9585e+06
-2.925 3.025 2.1222e+06
-2.925 3.075 2.1988e+06
-2.925 3.125 2.1860e+06
-2.925 3.175 2.0939e+06
-2.925 3.225 1.9406e+06
-2.925 3.275 1.7477e+06
-2.925 3.325 1.5358e+06
-2.925 3.375 1.3217e+06
-2.925 3.425 1.1177e+06
-2.925 3.475 9.3142e+05
-2.925 3.525 7.6672e+05
-2.925 3.575 6.2454e+05
-2.925 3.625 5.0400e+05
-2.925 3.675 4.0307e+05
-2.925 3.725 3.1904e+05
-2.925 3.775 2.4827e+05
-2.925 3.825 1.7831e+05
-2.925 3.875 0.0000e+00
-2.925 3.925 0.0000e+00
-2.925 3.975 0.0000e+00
-2.875 -1.975 0.0000e+00
-2.875 -1.925 0.0000e+00
-2.875 -1.875 0.0000e+00
-2.875 -1.825 0.0000e+00
-2.875 -1.775 0.0000e+00
-2.875 -1.725 0.0000e+00
-2.875 -1.675 0.0000e+00
-2.875 -1.625 0.0000e+00
-2.875 -1.575 0.0000e+00
-2.875 -1.525 0.0000e+00
-2.875 -1.475 0.0000e+00
-2.875 -1.425 0.0000e+00
-2.875 -1.375 0.0000e+00
-2.875 -1.325 0.0000e+00
-2.875 -1.275 0.0000e+00
-2.875 -1.225 0.0000e+00
-2.875 -1.175 0.0000e+00
-2.875 -1.125 0.0000e+00
-2.875 -1.075 0.0000e+00
-2.875 -1.025 0.0000e+00
-2.875 -0.975 0.0000e+00
-2.875 -0.925 0.0000e+00
-2.875 -0.875 0.0000e+00
-2.875 -0.825 0.0000e+00
-2.875 -0.775 0.0000e+00
-2.875 -0.725 0.0000e+00
-2.875 -0.675 0.0000e+00
-2.875 -0.625 0.0000e+00
-2.875 -0.575 0.0000e+00
-2.875 -0.525 0.0000e+00
-2.875 -0.475 0.0000e+00
-2.875 -0.425 0.0000e+00
-2.875 -0.375 0.0000e+00
-2.875 -0.325 0.0000e+00
-2.875 -0.275 0.0000e+00
-2.875 -0.225 0.0000e+00
-2.875 -0.175 0.0000e+00
-2.875 -0.125 0.0000e+00
-2.875 -0.075 0.0000e+00
-2.875 -0.025 0.0000e+00
-2.875 0.025 0.0000e+00
-2.875 0.075 0.0000e+00
-2.875 0.125 0.0000e+00
-2.875 0.175 0.0000e+00
-2.875 0.225 0.0000e+00
-2.875 0.275 0.0000e+00
-2.875 0.325 0.0000e+00
-2.875 0.375 0.0000e+00
-2.875 0.425 0.0000e+00
-2.875 0.475 0.0000e+00
-2.875 0.525 0.0000e+00
-2.875 0.575 0.0000e+00
-2.875 0.625 0.0000e+00
-2.875 0.675 2.3335e-06
-2.875 0.725 4.6572e-06
-2.875 0.775 9.2950e-06
-2.875 0.825 1.8552e-05
-2.875 0.875 3.7028e-05
-2.875 0.925 7.3908e-05
-2.875 0.975 1.4752e-04
-2.875 1.025 2.9446e-04
-2.875 1.075 5.8777e-04
-2.875 1.125 1.1733e-03
-2.875 1.175 2.3419e-03
-2.875 1.225 4.6745e-03
-2.875 1.275 9.3301e-03
-2.875 1.325 1.8621e-02
-2.875 1.375 3.7159e-02
-2.875 1.425 7.4142e-02
-2.875 1.475 1.4790e-01
-2.875 1.525 2.9492e-01
-2.875 1.575 5.8786e-01
-2.875 1.625 1.1711e+00
-2.875 1.675 2.3311e+00
-2.875 1.725 4.6354e+00
-2.875 1.775 9.2055e+00
-2.875 1.825 1.8250e+01
-2.875 1.875 3.6100e+01
-2.875 1.925 7.1206e+01
-2.875 1.975 1.3994e+02
-2.875 2.025 2.7378e+02
-2.875 2.075 5.3249e+02
-2.875 2.125 1.0282e+03
-2.875 2.175 1.9672e+03
-2.875 2.225 3.7218e+03
-2.875 2.275 6.9444e+03
-2.875 2.325 1.2741e+04
-2.875 2.375 2.2905e+04
-2.875 2.425 4.0196e+04
-2.875 2.475 6.8574e+04
-2.875 2.525 1.1323e+05
-2.875 2.575 1.8017e+05
-2.875 2.625 2.7512e+05
-2.875 2.675 4.0164e+05
-2.875 2.725 5.5889e+05
-2.875 2.775 7.3963e+05
-2.875 2.825 9.2982e+05
-2.875 2.875 1.1104e+06
-2.875 2.925 1.2609e+06
-2.875 2.975 1.3645e+06
-2.875 3.025 1.4114e+06
-2.875 3.075 1.4009e+06
-2.875 3.125 1.3397e+06
-2.875 3.175 1.2398e+06
-2.875 3.225 1.1153e+06
-2.875 3.275 9.7923e+05
-2.875 3.325 8.4232e+05
-2.875 3.375 7.1224e+05
-2.875 3.425 5.9373e+05
-2.875 3.475 4.8909e+05
-2.875 3.525 3.9890e+05
-2.875 3.575 3.2256e+05
-2.875 3.625 2.5882e+05
-2.875 3.675 2.0607e+05
-2.875 3.725 1.6255e+05
-2.875 3.775 1.2617e+05
-2.875 3.825 9.0432e+04
-2.875 3.875 0.0000e+00
-2.875 3.925 0.0000e+00
-2.875 3.975 0.0000e+00
-2.825 -1.975 0.0000e+00
-2.825 -1.925 0.0000e+00
-2.825 -1.875 0.0000e+00
-2.825 -1.825 0.0000e+00
-2.825 -1.775 0.0000e+00
-2.825 -1.725 0.0000e+00
-2.825 -1.675 0.0000e+00
-2.825 -1.625 0.0000e+00
-2.825 -1.575 0.0000e+00
-2.825 -1.525 0.0000e+00
-2.825 -1.475 0.0000e+00
-2.825 -1.425 0.0000e+00
-2.825 -1.375 0.0000e+00
-2.825 -1.325 0.0000e+00
-2.825 -1.275 0.0000e+00
-2.825 -1.225 0.0000e+00
-2.825 -1.175 0.0000e+00
-2.825 -1.125 0.0000e+00
-2.825 -1.075 0.0000e+00
-2.825 -1.025 0.0000e+00
-2.825 -0.975 0.0000e+00
-2.825 -0.925 0.0000e+00
-2.825 -0.875 0.0000e+00
-2.825 -0.825 0.0000e+00
-2.825 -0.775 0.0000e+00
-2.825 -0.725 0.0000e+00
-2.825 -0.675 0.0000e+00
-2.825 -0.625 0.0000e+00
-2.825 -0.575 0.0000e+00
-2.825 -0.525 0.0000e+00
-2.825 -0.475 0.0000e+00
-2.825 -0.425 0.0000e+00
-2.825 -0.375 0.0000e+00
-2.825 -0.325 0.0000e+00
-2.825 -0.275 0.0000e+00
-2.825 -0.225 0.0000e+00
-2.825 -0.175 0.0000e+00
-2.825 -0.125 0.0000e+00
-2.825 -0.075 0.0000e+00
-2.825 -0.025 0.0000e+00
-2.825 0.025 0.0000e+00
-2.825 0.075 0.0000e+00
-2.825 0.125 0.0000e+00
-2.825 0.175 0.0000e+00
-2.825 0.225 0.0000e+00
-2.825 0.275 0.0000e+00
-2.825 0.325 0.0000e+00
-2.825 0.375 0.0000e+00
-2.825 0.425 0.0000e+00
-2.825 0.475 0.0000e+00
-2.825 0.525 0.0000e+00
-2.825 0.575 0.0000e+00
-2.825 0.625 0.0000e+00
-2.825 0.675 2.9375e-06
-2.825 0.725 5.8626e-06
-2.825 0.775 1.1701e-05
-2.825 0.825 2.3353e-05
-2.825 0.875 4.6609e-05
-2.825 0.925 9.3027e-05
-2.825 0.975 1.8568e-04
-2.825 1.025 3.7060e-04
-2.825 1.075 7.3969e-04
-2.825 1.125 1.4764e-03
-2.825 1.175 2.9466e-03
-2.825 1.225 5.8806e-03
-2.825 1.275 1.1735e-02
-2.825 1.325 2.3415e-02
-2.825 1.375 4.6713e-02
-2.825 1.425 9.3167e-02
-2.825 1.475 1.8576e-01
-2.825 1.525 3.7021e-01
-2.825 1.575 7.3737e-01
-2.825 1.625 1.4675e+00
-2.825 1.675 2.9177e+00
-2.825 1.725 5.7933e+00
-2.825 1.775 1.1483e+01
-2.825 1.825 2.2712e+01
-2.825 1.875 4.4796e+01
-2.825 1.925 8.8036e+01
-2.825 1.975 1.7223e+02
-2.825 2.025 3.3503e+02
-2.825 2.075 6.4706e+02
-2.825 2.125 1.2386e+03
-2.825 2.175 2.3446e+03
-2.825 2.225 4.3782e+03
-2.825 2.275 8.0411e+03
-2.825 2.325 1.4475e+04
-2.825 2.375 2.5443e+04
-2.825 2.425 4.3483e+04
-2.825 2.475 7.1938e+04
-2.825 2.525 1.1470e+05
-2.825 2.575 1.7548e+05
-2.825 2.625 2.5661e+05
-2.825 2.675 3.5755e+05
-2.825 2.725 4.7358e+05
-2.825 2.775 5.9555e+05
-2.825 2.825 7.1104e+05
-2.825 2.875 8.0690e+05
-2.825 2.925 8.7233e+05
-2.825 2.975 9.0129e+05
-2.825 3.025 8.9343e+05
-2.825 3.075 8.5339e+05
-2.825 3.125 7.8900e+05
-2.825 3.175 7.0919e+05
-2.825 3.225 6.2233e+05
-2.825 3.275 5.3519e+05
-2.825 3.325 4.5255e+05
-2.825 3.375 3.7737e+05
-2.825 3.425 3.1106e+05
-2.825 3.475 2.5395e+05
-2.825 3.525 2.0565e+05
-2.825 3.575 1.6537e+05
-2.825 3.625 1.3212e+05
-2.825 3.675 1.0484e+05
-2.825 3.725 8.2485e+04
-2.825 3.775 6.3899e+04
-2.825 3.825 4.5734e+04
-2.825 3.875 0.0000e+00
-2.825 3.925 0.0000e+00
-2.825 3.975 0.0000e+00
-2.775 -1.975 0.0000e+00
-2.775 -1.925 0.0000e+00
-2.775 -1.875 0.0000e+00
-2.775 -1.825 0.0000e+00
-2.775 -1.775 0.0000e+00
-2.775 -1.725 0.0000e+00
-2.775 -1.675 0.0000e+00
-2.775 -1.625 0.0000e+00
-2.775 -1.575 0.0000e+00
-2.775 -1.525 0.0000e+00
-2.775 -1.475 0.0000e+00
-2.775 -1.425 0.0000e+00
-2.775 -1.375 0.0000e+00
-2.775 -1.325 0.0000e+00
-2.775 -1.275 0.0000e+00
-2.775 -1.225 0.0000e+00
-2.775 -1.175 0.0000e+00
-2.775 -1.125 0.0000e+00
-2.775 -1.075 0.0000e+00
-2.775 -1.025 0.0000e+00
-2.775 -0.975 0.0000e+00
-2.775 -0.925 0.0000e+00
-2.775 -0.875 0.0000e+00
-2.775 -0.825 0.0000e+00
-2.775 -0.775 0.0000e+00
-2.775 -0.725 0.0000e+00
-2.775 -0.675 0.0000e+00
-2.775 -0.625 0.0000e+00
-2.775 -0.575 0.0000e+00
-2.775 -0.525 0.0000e+00
-2.775 -0.475 0.0000e+00
-2.775 -0.425 0.0000e+00
-2.775 -0.375 0.0000e+00
-2.775 -0.325 0.0000e+00
-2.775 -0.275 0.0000e+00
-2.775 -0.225 0.0000e+00
-2.775 -0.175 0.0000e+00
-2.775 -0.125 0.0000e+00
-2.775 -0.075 0.0000e+00
-2.775 -0.025 0.0000e+00
-2.775 0.025 0.0000e+00
-2.775 0.075 0.0000e+00
-2.775 0.125 0.0000e+00
-2.775 0.175 0.0000e+00
-2.775 0.225 0.0000e+00
-2.775 0.275 0.0000e+00
-2.775 0.325 0.0000e+00
-2.775 0.375 0.0000e+00
-2.775 0.425 0.0000e+00
-2.775 0.475 0.0000e+00
-2.775 0.525 0.0000e+00
-2.775 0.575 0.0000e+00
-2.775 0.625 0.0000e+00
-2.775 0.675 3.6978e-06
-2.775 0.725 7.3799e-06
-2.775 0.775 1.4728e-05
-2.775 0.825 2.9395e-05
-2.775 0.875 5.8666e-05
-2.775 0.925 1.1709e-04
-2.775 0.975 2.3368e-04
-2.775 1.025 4.6639e-04
-2.775 1.075 9.3079e-04
-2.775 1.125 1.8575e-03
-2.775 1.175 3.7068e-03
-2.775 1.225 7.3964e-03
-2.775 1.275 1.4756e-02
-2.775 1.325 2.9435e-02
-2.775 1.375 5.8700e-02
-2.775 1.425 1.1702e-01
-2.775 1.475 2.3318e-01
-2.775 1.525 4.6436e-01
-2.775 1.575 9.2403e-01
-2.775 1.625 1.8368e+00
-2.775 1.675 3.6465e+00
-2.775 1.725 7.2270e+00
-2.775 1.775 1.4292e+01
-2.775 1.825 2.8184e+01
-2.775 1.875 5.5384e+01
-2.775 1.925 1.0835e+02
-2.775 1.975 2.1077e+02
-2.775 2.025 4.0711e+02
-2.775 2.075 7.7944e+02
-2.775 2.125 1.4760e+03
-2.775 2.175 2.7578e+03
-2.775 2.225 5.0687e+03
-2.775 2.275 9.1331e+03
-2.775 2.325 1.6071e+04
-2.775 2.375 2.7503e+04
-2.775 2.425 4.5566e+04
-2.775 2.475 7.2759e+04
-2.775 2.525 1.1148e+05
-2.775 2.575 1.6324e+05
-2.775 2.625 2.2768e+05
-2.775 2.675 3.0176e+05
-2.775 2.725 3.7958e+05
-2.775 2.775 4.5313e+05
-2.775 2.825 5.1398e+05
-2.775 2.875 5.5526e+05
-2.775 2.925 5.7320e+05
-2.775 2.975 5.6771e+05
-2.775 3.025 5.4182e+05
-2.775 3.075 5.0059e+05
-2.775 3.125 4.4973e+05
-2.775 3.175 3.9453e+05
-2.775 3.225 3.3925e+05
-2.775 3.275 2.8691e+05
-2.775 3.325 2.3932e+05
-2.775 3.375 1.9738e+05
-2.775 3.425 1.6128e+05
-2.775 3.475 1.3075e+05
-2.775 3.525 1.0531e+05
-2.775 3.575 8.4322e+04
-2.775 3.625 6.7143e+04
-2.775 3.675 5.3145e+04
-2.775 3.725 4.1733e+04
-2.775 3.775 3.2282e+04
-2.775 3.825 2.3080e+04
-2.775 3.875 0.0000e+00
-2.775 3.925 0.0000e+00
-2.775 3.975 0.0000e+00
-2.725 -1.975 0.0000e+00
-2.725 -1.925 0.0000e+00
-2.725 -1.875 0.0000e+00
-2.725 -1.825 0.0000e+00
-2.725 -1.775 0.0000e+00
-2.725 -1.725 0.0000e+00
-2.725 -1.675 0.0000e+00
-2.725 -1.625 0.0000e+00
-2.725 -1.575 0.0000e+00
-2.725 -1.525 0.0000e+00
-2.725 -1.475 0.0000e+00
-2.725 -1.425 0.0000e+00
-2.725 -1.375 0.0000e+00
-2.725 -1.325 0.0000e+00
-2.725 -1.275 0.0000e+00
-2.725 -1.225 0.0000e+00
-2.725 -1.175 0.0000e+00
-2.725 -1.125 0.0000e+00
-2.725 -1.075 0.0000e+00
-2.725 -1.025 0.0000e+00
-2.725 -0.975 0.0000e+00
-2.725 -0.925 0.0000e+00
-2.725 -0.875 0.0000e+00
-2.725 -0.825 0.0000e+00
-2.725 -0.775 0.0000e+00
-2.725 -0.725 0.0000e+00
-2.725 -0.675 0.0000e+00
-2.725 -0.625 0.0000e+00
-2.725 -0.575 0.0000e+00
-2.725 -0.525 0.0000e+00
-2.725 -0.475 0.0000e+00
-2.725 -0.425 0.0000e+00
-2.725 -0.375 0.0000e+00
-2.725 -0.325 0.0000e+00
-2.725 -0.275 0.0000e+00
-2.725 -0.225 0.0000e+00
-2.725 -0.175 0.0000e+00
-2.725 -0.125 0.0000e+00
-2.725 -0.075 0.0000e+00
-2.725 -0.025 0.0000e+00
-2.725 0.025 0.0000e+00
-2.725 0.075 0.0000e+00
-2.725 0.125 0.0000e+00
-2.725 0.175 0.0000e+00
-2.725 0.225 0.0000e+00
-2.725 0.275 0.0000e+00
-2.725 0.325 0.0000e+00
-2.725 0.375 0.0000e+00
-2.725 0.425 0.0000e+00
-2.725 0.475 0.0000e+00
-2.725 0.525 0.0000e+00
-2.725 0.575 0.0000e+00
-2.725 0.625 0.0000e+00
-2.725 0.675 4.6549e-06
-2.725 0.725 9.2897e-06
-2.725 0.775 1.8539e-05
-2.725 0.825 3.6999e-05
-2.725 0.875 7.3840e-05
-2.725 0.925 1.4736e-04
-2.725 0.975 2.9408e-04
-2.725 1.025 5.8687e-04
-2.725 1.075 1.1711e-03
-2.725 1.125 2.3368e-03
-2.725 1.175 4.6623e-03
-2.725 1.225 9.3007e-03
-2.725 1.275 1.8550e-02
-2.725 1.325 3.6989e-02
-2.725 1.375 7.3728e-02
-2.725 1.425 1.4689e-01
-2.725 1.475 2.9248e-01
-2.725 1.525 5.8191e-01
-2.725 1.575 1.1566e+00
-2.725 1.625 2.2957e+00
-2.725 1.675 4.5489e+00
-2.725 1.725 8.9943e+00
-2.725 1.775 1.7735e+01
-2.725 1.825 3.4846e+01
-2.725 1.875 6.8162e+01
-2.725 1.925 1.3259e+02
-2.725 1.975 2.5611e+02
-2.725 2.025 4.9039e+02
-2.725 2.075 9.2886e+02
-2.725 2.125 1.7361e+03
-2.725 2.175 3.1923e+03
-2.725 2.225 5.7558e+03
-2.725 2.275 1.0137e+04
-2.725 2.325 1.7363e+04
-2.725 2.375 2.8797e+04
-2.725 2.425 4.6034e+04
-2.725 2.475 7.0608e+04
-2.725 2.525 1.0349e+05
-2.725 2.575 1.4446e+05
-2.725 2.625 1.9157e+05
-2.725 2.675 2.4102e+05
-2.725 2.725 2.8771e+05
-2.725 2.775 3.2624e+05
-2.725 2.825 3.5226e+05
-2.725 2.875 3.6343e+05
-2.725 2.925 3.5973e+05
-2.725 2.975 3.4314e+05
-2.725 3.025 3.1689e+05
-2.725 3.075 2.8461e+05
-2.725 3.125 2.4964e+05
-2.725 3.175 2.1467e+05
-2.725 3.225 1.8159e+05
-2.725 3.275 1.5152e+05
-2.725 3.325 1.2504e+05
-2.725 3.375 1.0224e+05
-2.725 3.425 8.2966e+04
-2.725 3.475 6.6902e+04
-2.725 3.525 5.3655e+04
-2.725 3.575 4.2821e+04
-2.725 3.625 3.4011e+04
-2.725 3.675 2.6868e+04
-2.725 3.725 2.1068e+04
-2.725 3.775 1.6278e+04
-2.725 3.825 1.1629e+04
-2.725 3.875 0.0000e+00
-2.725 3.925 0.0000e+00
-2.725 3.975 0.0000e+00
-2.675 -1.975 0.0000e+00
-2.675 -1.925 0.0000e+00
-2.675 -1.875 0.0000e+00
-2.675 -1.825 0.0000e+00
-2.675 -1.775 0.0000e+00
-2.675 -1.725 0.0000e+00
-2.675 -1.675 0.0000e+00
-2.675 -1.625 0.0000e+00
-2.675 -1.575 0.0000e+00
-2.675 -1.525 0.0000e+00
-2.675 -1.475 0.0000e+00
-2.675 -1.425 0.0000e+00
-2.675 -1.375 0.0000e+00
-2.675 -1.325 0.0000e+00
-2.675 -1.275 0.0000e+00
-2.675 -1.225 0.0000e+00
-2.675 -1.175 0.0000e+00
-2.675 -1.125 0.0000e+00
-2.675 -1.075 0.0000e+00
-2.675 -1.025 0.0000e+00
-2.675 -0.975 0.0000e+00
-2.675 -0.925 0.0000e+00
-2.675 -0.875 0.0000e+00
-2.675 -0.825 0.0000e+00
-2.675 -0.775 0.0000e+00
-2.675 -0.725 0.0000e+00
-2.675 -0.675 0.0000e+00
-2.675 -0.625 0.0000e+00
-2.675 -0.575 0.0000e+00
-2.675 -0.525 0.0000e+00
-2.675 -0.475 0.0000e+00
-2.675 -0.425 0.0000e+00
-2.675 -0.375 0.0000e+00
-2.675 -0.325 0.0000e+00
-2.675 -0.275 0.0000e+00
-2.675 -0.225 0.0000e+00
-2.675 -0.175 0.0000e+00
-2.675 -0.125 0.0000e+00
-2.675 -0.075 0.0000e+00
-2.675 -0.025 0.0000e+00
-2.675 0.025 0.0000e+00
-2.675 0.075 0.0000e+00
-2.675 0.125 0.0000e+00
-2.675 0.175 0.0000e+00
-2.675 0.225 0.0000e+00
-2.675 0.275 0.0000e+00
-2.675 0.325 0.0000e+00
-2.675 0.375 0.0000e+00
-2.675 0.425 0.0000e+00
-2.675 0.475 0.0000e+00
-2.675 0.525 0.0000e+00
-2.675 0.575 0.0000e+00
-2.675 0.625 0.0000e+00
-2.675 0.675 5.8595e-06
-2.675 0.725 1.1693e-05
-2.675 0.775 2.3335e-05
-2.675 0.825 4.6568e-05
-2.675 0.875 9.2931e-05
-2.675 0.925 1.8545e-04
-2.675 0.975 3.7006e-04
-2.675 1.025 7.3840e-04
-2.675 1.075 1.4733e-03
-2.675 1.125 2.9391e-03
-2.675 1.175 5.8627e-03
-2.675 1.225 1.1692e-02
-2.675 1.275 2.3311e-02
-2.675 1.325 4.6458e-02
-2.675 1.375 9.2549e-02
-2.675 1.425 1.8425e-01
-2.675 1.475 3.6653e-01
-2.675 1.525 7.2836e-01
-2.675 1.575 1.4455e+00
-2.675 1.625 2.8638e+00
-2.675 1.675 5.6614e+00
-2.675 1.725 1.1161e+01
-2.675 1.775 2.1927e+01
-2.675 1.825 4.2885e+01
-2.675 1.875 8.3413e+01
-2.675 1.925 1.6111e+02
-2.675 1.975 3.0850e+02
-2.675 2.025 5.8439e+02
-2.675 2.075 1.0924e+03
-2.675 2.125 2.0094e+03
-2.675 2.175 3.6245e+03
-2.675 2.225 6.3866e+03
-2.675 2.275 1.0947e+04
-2.675 2.325 1.8170e+04
-2.675 2.375 2.9069e+04
-2.675 2.425 4.4622e+04
-2.675 2.475 6.5451e+04
-2.675 2.525 9.1416e+04
-2.675 2.575 1.2128e+05
-2.675 2.625 1.5261e+05
-2.675 2.675 1.8217e+05
-2.675 2.725 2.0652e+05
-2.675 2.775 2.2292e+05
-2.675 2.825 2.2990e+05
-2.675 2.875 2.2747e+05
-2.675 2.925 2.1690e+05
-2.675 2.975 2.0026e+05
-2.675 3.025 1.7984e+05
-2.675 3.075 1.5774e+05
-2.675 3.125 1.3566e+05
-2.675 3.175 1.1478e+05
-2.675 3.225 9.5816e+04
-2.675 3.275 7.9106e+04
-2.675 3.325 6.4723e+04
-2.675 3.375 5.2564e+04
-2.675 3.425 4.2428e+04
-2.675 3.475 3.4069e+04
-2.675 3.525 2.7234e+04
-2.675 3.575 2.1680e+04
-2.675 3.625 1.7186e+04
-2.675 3.675 1.3556e+04
-2.675 3.725 1.0618e+04
-2.675 3.775 8.1972e+03
-2.675 3.825 5.8521e+03
-2.675 3.875 0.0000e+00
-2.675 3.925 0.0000e+00
-2.675 3.975 0.0000e+00
-2.625 -1.975 0.0000e+00
-2.625 -1.925 0.0000e+00
-2.625 -1.875 0.0000e+00
-2.625 -1.825 0.0000e+00
-2.625 -1.775 0.0000e+00
-2.625 -1.725 0.0000e+00
-2.625 -1.675 0.0000e+00
-2.625 -1.625 0.0000e+00
-2.625 -1.575 0.0000e+00
-2.625 -1.525 0.0000e+00
-2.625 -1.475 0.0000e+00
-2.625 -1.425 0.0000e+00
-2.625 -1.375 0.0000e+00
-2.625 -1.325 0.0000e+00
-2.625 -1.275 0.0000e+00
-2.625 -1.225 0.0000e+00
-2.625 -1.175 0.0000e+00
-2.625 -1.125 0.0000e+00
-2.625 -1.075 0.0000e+00
-2.625 -1.025 0.0000e+00
-2.625 -0.975 0.0000e+00
-2.625 -0.925 0.0000e+00
-2.625 -0.875 0.0000e+00
-2.625 -0.825 0.0000e+00
-2.625 -0.775 0.0000e+00
-2.625 -0.725 0.0000e+00
-2.625 -0.675 0.0000e+00
-2.625 -0.625 0.0000e+00
-2.625 -0.575 0.0000e+00
-2.625 -0.525 0.0000e+00
-2.625 -0.475 0.0000e+00
-2.625 -0.425 0.0000e+00
-2.625 -0.375 0.0000e+00
-2.625 -0.325 0.0000e+00
-2.625 -0.275 0.0000e+00
-2.625 -0.225 0.0000e+00
-2.625 -0.175 0.0000e+00
-2.625 -0.125 0.0000e+00
-2.625 -0.075 0.0000e+00
-2.625 -0.025 0.0000e+00
-2.625 0.025 0.0000e+00
-2.625 0.075 0.0000e+00
-2.625 0.125 0.0000e+00
-2.625 0.175 0.0000e+00
-2.625 0.225 0.0000e+00
-2.625 0.275 0.0000e+00
-2.625 0.325 0.0000e+00
-2.625 0.375 0.0000e+00
-2.625 0.425 0.0000e+00
-2.625 0.475 0.0000e+00
-2.625 0.525 0.0000e+00
-2.625 0.575 0.0000e+00
-2.625 0.625 0.0000e+00
-2.625 0.675 7.3756e-06
-2.625 0.725 1.4718e-05
-2.625 0.775 2.9371e-05
-2.625 0.825 5.8609e-05
-2.625 0.875 1.1695e-04
-2.625 0.925 2.3336e-04
-2.625 0.975 4.6561e-04
-2.625 1.025 9.2891e-04
-2.625 1.075 1.8530e-03
-2.625 1.125 3.6959e-03
-2.625 1.175 7.3699e-03
-2.625 1.225 1.4692e-02
-2.625 1.275 2.9279e-02
-2.625 1.325 5.8318e-02
-2.625 1.375 1.1609e-01
-2.625 1.425 2.3090e-01
-2.625 1.475 4.5877e-01
-2.625 1.525 9.1031e-01
-2.625 1.575 1.8032e+00
-2.625 1.625 3.5642e+00
-2.625 1.675 7.0253e+00
-2.625 1.725 1.3799e+01
-2.625 1.775 2.6986e+01
-2.625 1.825 5.2481e+01
-2.625 1.875 1.0136e+02
-2.625 1.925 1.9407e+02
-2.625 1.975 3.6763e+02
-2.625 2.025 6.8729e+02
-2.625 2.075 1.2644e+03
-2.625 2.125 2.2813e+03
-2.625 2.175 4.0211e+03
-2.625 2.225 6.8955e+03
-2.625 2.275 1.1451e+04
-2.625 2.325 1.8331e+04
-2.625 2.375 2.8155e+04
-2.625 2.425 4.1319e+04
-2.625 2.475 5.7736e+04
-2.625 2.525 7.6617e+04
-2.625 2.575 9.6430e+04
-2.625 2.625 1.1511e+05
-2.625 2.675 1.3048e+05
-2.625 2.725 1.4081e+05
-2.625 2.775 1.4518e+05
-2.625 2.825 1.4362e+05
-2.625 2.875 1.3692e+05
-2.625 2.925 1.2640e+05
-2.625 2.975 1.1351e+05
-2.625 3.025 9.9572e+04
-2.625 3.075 8.5650e+04
-2.625 3.125 7.2487e+04
-2.625 3.175 6.0533e+04
-2.625 3.225 5.0000e+04
-2.625 3.275 4.0932e+04
-2.625 3.325 3.3265e+04
-2.625 3.375 2.6872e+04
-2.625 3.425 2.1599e+04
-2.625 3.475 1.7287e+04
-2.625 3.525 1.3784e+04
-2.625 3.575 1.0951e+04
-2.625 3.625 8.6681e+03
-2.625 3.675 6.8296e+03
-2.625 3.725 5.3444e+03
-2.625 3.775 4.1234e+03
-2.625 3.825 2.9423e+03
-2.625 3.875 0.0000e+00
-2.625 3.925 0.0000e+00
-2.625 3.975 0.0000e+00
-2.575 -1.975 0.0000e+00
-2.575 -1.925 0.0000e+00
-2.575 -1.875 0.0000e+00
-2.575 -1.825 0.0000e+00
-2.575 -1.775 0.0000e+00
-2.575 -1.725 0.0000e+00
-2.575 -1.675 0.0000e+00
-2.575 -1.625 0.0000e+00
-2.575 -1.575 0.0000e+00
-2.575 -1.525 0.0000e+00
-2.575 -1.475 0.0000e+00
-2.575 -1.425 0.0000e+00
-2.575 -1.375 0.0000e+00
-2.575 -1.325 0.0000e+00
-2.575 -1.275 0.0000e+00
-2.575 -1.225 0.0000e+00
-2.575 -1.175 0.0000e+00
-2.575 -1.125 0.0000e+00
-2.575 -1.075 0.0000e+00
-2.575 -1.025 0.0000e+00
-2.575 -0.975 0.0000e+00
-2.575 -0.925 0.0000e+00
-2.575 -0.875 0.0000e+00
-2.575 -0.825 0.0000e+00
-2.575 -0.775 0.0000e+00
-2.575 -0.725 0.0000e+00
-2.575 -0.675 0.0000e+00
-2.575 -0.625 0.0000e+00
-2.575 -0.575 0.0000e+00
-2.575 -0.525 0.0000e+00
-2.575 -0.475 0.0000e+00
-2.575 -0.425 0.0000e+00
-2.575 -0.375 0.0000e+00
-2.575 -0.325 0.0000e+00
-2.575 -0.275 0.0000e+00
-2.575 -0.225 0.0000e+00
-2.575 -0.175 0.0000e+00
-2.575 -0.125 0.0000e+00
-2.575 -0.075 0.0000e+00
-2.575 -0.025 0.0000e+00
-2.575 0.025 0.0000e+00
-2.575 0.075 0.0000e+00
-2.575 0.125 0.0000e+00
-2.575 0.175 0.0000e+00
-2.575 0.225 0.0000e+00
-2.575 0.275 0.0000e+00
-2.575 0.325 0.0000e+00
-2.575 0.375 0.0000e+00
-2.575 0.425 0.0000e+00
-2.575 0.475 0.0000e+00
-2.575 0.525 0.0000e+00
-2.575 0.575 0.0000e+00
-2.575 0.625 0.0000e+00
-2.575 0.675 9.2836e-06
-2.575 0.725 1.8525e-05
-2.575 0.775 3.6965e-05
-2.575 0.825 7.3758e-05
-2.575 0.875 1.4716e-04
-2.575 0.925 2.9361e-04
-2.575 0.975 5.8573e-04
-2.575 1.025 1.1684e-03
-2.575 1.075 2.3301e-03
-2.575 1.125 4.6461e-03
-2.575 1.175 9.2612e-03
-2.575 1.225 1.8454e-02
-2.575 1.275 3.6753e-02
-2.575 1.325 7.3151e-02
-2.575 1.375 1.4548e-01
-2.575 1.425 2.8901e-01
-2.575 1.475 5.7337e-01
-2.575 1.525 1.1356e+00
-2.575 1.575 2.2442e+00
-2.575 1.625 4.4229e+00
-2.575 1.675 8.6861e+00
-2.575 1.725 1.6984e+01
-2.575 1.775 3.3024e+01
-2.575 1.825 6.3772e+01
-2.575 1.875 1.2209e+02
-2.575 1.925 2.3127e+02
-2.575 1.975 4.3236e+02
-2.575 2.025 7.9546e+02
-2.575 2.075 1.4354e+03
-2.575 2.125 2.5306e+03
-2.575 2.175 4.3408e+03
-2.575 2.225 7.2112e+03
-2.575 2.275 1.1548e+04
-2.575 2.325 1.7744e+04
-2.575 2.375 2.6051e+04
-2.575 2.425 3.6413e+04
-2.575 2.475 4.8332e+04
-2.575 2.525 6.0839e+04
-2.575 2.575 7.2623e+04
-2.575 2.625 8.2318e+04
-2.575 2.675 8.8827e+04
-2.575 2.725 9.1574e+04
-2.575 2.775 9.0574e+04
-2.575 2.825 8.6345e+04
-2.575 2.875 7.9712e+04
-2.575 2.925 7.1587e+04
-2.575 2.975 6.2806e+04
-2.575 3.025 5.4037e+04
-2.575 3.075 4.5746e+04
-2.575 3.125 3.8216e+04
-2.575 3.175 3.1580e+04
-2.575 3.225 2.5866e+04
-2.575 3.275 2.1033e+04
-2.575 3.325 1.7003e+04
-2.575 3.375 1.3678e+04
-2.575 3.425 1.0958e+04
-2.575 3.475 8.7478e+03
-2.575 3.525 6.9612e+03
-2.575 3.575 5.5222e+03
-2.575 3.625 4.3657e+03
-2.575 3.675 3.4367e+03
-2.575 3.725 2.6876e+03
-2.575 3.775 2.0725e+03
-2.575 3.825 1.4783e+03
-2.575 3.875 0.0000e+00
-2.575 3.925 0.0000e+00
-2.575 3.975 0.0000e+00
-2.525 -1.975 0.0000e+00
-2.525 -1.925 0.0000e+00
-2.525 -1.875 0.0000e+00
-2.525 -1.825 0.0000e+00
-2.525 -1.775 0.0000e+00
-2.525 -1.725 0.0000e+00
-2.525 -1.675 0.0000e+00
-2.525 -1.625 0.0000e+00
-2.525 -1.575 0.0000e+00
-2.525 -1.525 0.0000e+00
-2.525 -1.475 0.0000e+00
-2.525 -1.425 0.0000e+00
-2.525 -1.375 0.0000e+00
-2.525 -1.325 0.0000e+00
-2.525 -1.275 0.0000e+00
-2.525 -1.225 0.0000e+00
-2.525 -1.175 0.0000e+00
-2.525 -1.125 0.0000e+00
-2.525 -1.075 0.0000e+00
-2.525 -1.025 0.0000e+00
-2.525 -0.975 0.0000e+00
-2.525 -0.925 0.0000e+00
-2.525 -0.875 0.0000e+00
-2.525 -0.825 0.0000e+00
-2.525 -0.775 0.0000e+00
-2.525 -0.725 0.0000e+00
-2.525 -0.675 0.0000e+00
-2.525 -0.625 0.0000e+00
-2.525 -0.575 0.0000e+00
-2.525 -0.525 0.0000e+00
-2.525 -0.475 0.0000e+00
-2.525 -0.425 0.0000e+00
-2.525 -0.375 0.0000e+00
-2.525 -0.325 0.0000e+00
-2.525 -0.275 0.0000e+00
-2.525 -0.225 0.0000e+00
-2.525 -0.175 0.0000e+00
-2.525 -0.125 0.0000e+00
-2.525 -0.075 0.0000e+00
-2.525 -0.025 0.0000e+00
-2.525 0.025 0.0000e+00
-2.525 0.075 0.0000e+00
-2.525 0.125 0.0000e+00
-2.525 0.175 0.0000e+00
-2.525 0.225 0.0000e+00
-2.525 0.275 0.0000e+00
-2.525 0.325 0.0000e+00
-2.525 0.375 0.0000e+00
-2.525 0.425 0.0000e+00
-2.525 0.475 0.0000e+00
-2.525 0.525 0.0000e+00
-2.525 0.575 0.0000e+00
-2.525 0.625 0.0000e+00
-2.525 0.675 1.1685e-05
-2.525 0.725 2.3315e-05
-2.525 0.775 4.6519e-05
-2.525 0.825 9.2812e-05
-2.525 0.875 1.8516e-04
-2.525 0.925 3.6936e-04
-2.525 0.975 7.3672e-04
-2.525 1.025 1.4692e-03
-2.525 1.075 2.9292e-03
-2.525 1.125 5.8384e-03
-2.525 1.175 1.1632e-02
-2.525 1.225 2.3165e-02
-2.525 1.275 4.6100e-02
-2.525 1.325 9.1669e-02
-2.525 1.375 1.8209e-01
-2.525 1.425 3.6120e-01
-2.525 1.475 7.1527e-01
-2.525 1.525 1.4133e+00
-2.525 1.575 2.7849e+00
-2.525 1.625 5.4684e+00
-2.525 1.675 1.0690e+01
-2.525 1.725 2.0784e+01
-2.525 1.775 4.0130e+01
-2.525 1.825 7.6820e+01
-2.525 1.875 1.4550e+02
-2.525 1.925 2.7199e+02
-2.525 1.975 5.0041e+02
-2.525 2.025 9.0301e+02
-2.525 2.075 1.5922e+03
-2.525 2.125 2.7316e+03
-2.525 2.175 4.5388e+03
-2.525 2.225 7.2702e+03
-2.525 2.275 1.1174e+04
-2.525 2.325 1.6409e+04
-2.525 2.375 2.2942e+04
-2.525 2.425 3.0457e+04
-2.525 2.475 3.8342e+04
-2.525 2.525 4.5771e+04
-2.525 2.575 5.1881e+04
-2.525 2.625 5.5981e+04
-2.525 2.675 5.7710e+04
-2.525 2.725 5.7078e+04
-2.525 2.775 5.4414e+04
-2.525 2.825 5.0237e+04
-2.525 2.875 4.5122e+04
-2.525 2.925 3.9595e+04
-2.525 2.975 3.4076e+04
-2.525 3.025 2.8856e+04
-2.525 3.075 2.4115e+04
-2.525 3.125 1.9936e+04
-2.525 3.175 1.6336e+04
-2.525 3.225 1.3291e+04
-2.525 3.275 1.0750e+04
-2.525 3.325 8.6537e+03
-2.525 3.375 6.9384e+03
-2.525 3.425 5.5444e+03
-2.525 3.475 4.4173e+03
-2.525 3.525 3.5097e+03
-2.525 3.575 2.7808e+03
-2.525 3.625 2.1965e+03
-2.525 3.675 1.7279e+03
-2.525 3.725 1.3505e+03
-2.525 3.775 1.0410e+03
-2.525 3.825 7.4236e+02
-2.525 3.875 0.0000e+00
-2.525 3.925 0.0000e+00
-2.525 3.975 0.0000e+00
-2.475 -1.975 0.0000e+00
-2.475 -1.925 0.0000e+00
-2.475 -1.875 0.0000e+00
-2.475 -1.825 0.0000e+00
-2.475 -1.775 0.0000e+00
-2.475 -1.725 0.0000e+00
-2.475 -1.675 0.0000e+00
-2.475 -1.625 0.0000e+00
-2.475 -1.575 0.0000e+00
-2.475 -1.525 0.0000e+00
-2.475 -1.475 0.0000e+00
-2.475 -1.425 0.0000e+00
-2.475 -1.375 0.0000e+00
-2.475 -1.325 0.0000e+00
-2.475 -1.275 0.0000e+00
-2.475 -1.225 0.0000e+00
-2.475 -1.175 0.0000e+00
-2.475 -1.125 0.0000e+00
-2.475 -1.075 0.0000e+00
-2.475 -1.025 0.0000e+00
-2.475 -0.975 0.0000e+00
-2.475 -0.925 0.0000e+00
-2.475 -0.875 0.0000e+00
-2.475 -0.825 0.0000e+00
-2.475 -0.775 0.0000e+00
-2.475 -0.725 0.0000e+00
-2.475 -0.675 0.0000e+00
-2.475 -0.625 0.0000e+00
-2.475 -0.575 0.0000e+00
-2.475 -0.525 0.0000e+00
-2.475 -0.475 0.0000e+00
-2.475 -0.425 0.0000e+00
-2.475 -0.375 0.0000e+00
-2.475 -0.325 0.0000e+00
-2.475 -0.275 0.0000e+00
-2.475 -0.225 0.0000e+00
-2.475 -0.175 0.0000e+00
-2.475 -0.125 0.0000e+00
-2.475 -0.075 0.0000e+00
-2.475 -0.025 0.0000e+00
-2.475 0.025 0.0000e+00
-2.475 0.075 0.0000e+00
-2.475 0.125 0.0000e+00
-2.475 0.175 0.0000e+00
-2.475 0.225 0.0000e+00
-2.475 0.275 0.0000e+00
-2.475 0.325 0.0000e+00
-2.475 0.375 0.0000e+00
-2.475 0.425 0.0000e+00
-2.475 0.475 0.0000e+00
-2.475 0.525 0.0000e+00
-2.475 0.575 0.0000e+00
-2.475 0.625 0.0000e+00
-2.475 0.675 1.4706e-05
-2.475 0.725 2.9341e-05
-2.475 0.775 5.8537e-05
-2.475 0.825 1.1678e-04
-2.475 0.875 2.3293e-04
-2.475 0.925 4.6458e-04
-2.475 0.975 9.2640e-04
-2.475 1.025 1.8469e-03
-2.475 1.075 3.6809e-03
-2.475 1.125 7.3331e-03
-2.475 1.175 1.4602e-02
-2.475 1.225 2.9056e-02
-2.475 1.275 5.7771e-02
-2.475 1.325 1.1474e-01
-2.475 1.375 2.2758e-01
-2.475 1.425 4.5060e-01
-2.475 1.475 8.9021e-01
-2.475 1.525 1.7539e+00
-2.475 1.575 3.4433e+00
-2.475 1.625 6.7303e+00
-2.475 1.675 1.3083e+01
-2.475 1.725 2.5256e+01
-2.475 1.775 4.8341e+01
-2.475 1.825 9.1547e+01
-2.475 1.875 1.7112e+02
-2.475 1.925 3.1480e+02
-2.475 1.975 5.6807e+02
-2.475 2.025 1.0017e+03
-2.475 2.075 1.7185e+03
-2.475 2.125 2.8559e+03
-2.475 2.175 4.5752e+03
-2.475 2.225 7.0332e+03
-2.475 2.275 1.0330e+04
-2.475 2.325 1.4445e+04
-2.475 2.375 1.9179e+04
-2.475 2.425 2.4147e+04
-2.475 2.475 2.8827e+04
-2.475 2.525 3.2675e+04
-2.475 2.575 3.5258e+04
-2.475 2.625 3.6347e+04
-2.475 2.675 3.5951e+04
-2.475 2.725 3.4276e+04
-2.475 2.775 3.1649e+04
-2.475 2.825 2.8431e+04
-2.475 2.875 2.4954e+04
-2.475 2.925 2.1481e+04
-2.475 2.975 1.8196e+04
-2.475 3.025 1.5212e+04
-2.475 3.075 1.2580e+04
-2.475 3.125 1.0313e+04
-2.475 3.175 8.3944e+03
-2.475 3.225 6.7932e+03
-2.475 3.275 5.4715e+03
-2.475 3.325 4.3899e+03
-2.475 3.375 3.5106e+03
-2.475 3.425 2.7996e+03
-2.475 3.475 2.2269e+03
-2.475 3.525 1.7672e+03
-2.475 3.575 1.3989e+03
-2.475 3.625 1.1042e+03
-2.475 3.675 8.6812e+02
-2.475 3.725 6.7825e+02
-2.475 3.775 5.2266e+02
-2.475 3.825 3.7263e+02
-2.475 3.875 0.0000e+00
-2.475 3.925 0.0000e+00
-2.475 3.975 0.0000e+00
-2.425 -1.975 0.0000e+00
-2.425 -1.925 0.0000e+00
-2.425 -1.875 0.0000e+00
-2.425 -1.825 0.0000e+00
-2.425 -1.775 0.0000e+00
-2.425 -1.725 0.0000e+00
-2.425 -1.675 0.0000e+00
-2.425 -1.625 0.0000e+00
-2.425 -1.575 0.0000e+00
-2.425 -1.525 0.0000e+00
-2.425 -1.475 0.0000e+00
-2.425 -1.425 0.0000e+00
-2.425 -1.375 0.0000e+00
-2.425 -1.325 0.0000e+00
-2.425 -1.275 0.0000e+00
-2.425 -1.225 0.0000e+00
-2.425 -1.175 0.0000e+00
-2.425 -1.125 0.0000e+00
-2.425 -1.075 0.0000e+00
-2.425 -1.025 0.0000e+00
-2.425 -0.975 0.0000e+00
-2.425 -0.925 0.0000e+00
-2.425 -0.875 0.0000e+00
-2.425 -0.825 0.0000e+00
-2.425 -0.775 0.0000e+00
-2.425 -0.725 0.0000e+00
-2.425 -0.675 0.0000e+00
-2.425 -0.625 0.0000e+00
-2.425 -0.575 0.0000e+00
-2.425 -0.525 0.0000e+00
-2.425 -0.475 0.0000e+00
-2.425 -0.425 0.0000e+00
-2.425 -0.375 0.0000e+00
-2.425 -0.325 0.0000e+00
-2.425 -0.275 0.0000e+00
-2.425 -0.225 0.0000e+00
-2.425 -0.175 0.0000e+00
-2.425 -0.125 0.0000e+00
-2.425 -0.075 0.0000e+00
-2.425 -0.025 0.0000e+00
-2.425 0.025 0.0000e+00
-2.425 0.075 0.0000e+00
-2.425 0.125 0.0000e+00
-2.425 0.175 0.0000e+00
-2.425 0.225 0.0000e+00
-2.425 0.275 0.0000e+00
-2.425 0.325 0.0000e+00
-2.425 0.375 0.0000e+00
-2.425 0.425 0.0000e+00
-2.425 0.475 0.0000e+00
-2.425 0.525 0.0000e+00
-2.425 0.575 0.0000e+00
-2.425 0.625 0.0000e+00
-2.425 0.675 1.8507e-05
-2.425 0.725 3.6921e-05
-2.425 0.775 7.3651e-05
-2.425 0.825 1.4691e-04
-2.425 0.875 2.9298e-04
-2.425 0.925 5.8419e-04
-2.425 0.975 1.1646e-03
-2.425 1.025 2.3208e-03
-2.425 1.075 4.6233e-03
-2.425 1.125 9.2051e-03
-2.425 1.175 1.8316e-02
-2.425 1.225 3.6412e-02
-2.425 1.275 7.2310e-02
-2.425 1.325 1.4340e-01
-2.425 1.375 2.8390e-01
-2.425 1.425 5.6080e-01
-2.425 1.475 1.1047e+00
-2.425 1.525 2.1685e+00
-2.425 1.575 4.2379e+00
-2.425 1.625 8.2366e+00
-2.425 1.675 1.5898e+01
-2.425 1.725 3.0425e+01
-2.425 1.775 5.7609e+01
-2.425 1.825 1.0767e+02
-2.425 1.875 1.9806e+02
-2.425 1.925 3.5737e+02
-2.425 1.975 6.3013e+02
-2.425 2.025 1.0811e+03
-2.425 2.075 1.7967e+03
-2.425 2.125 2.8786e+03
-2.425 2.175 4.4255e+03
-2.425 2.225 6.5008e+03
-2.425 2.275 9.0911e+03
-2.425 2.325 1.2072e+04
-2.425 2.375 1.5200e+04
-2.425 2.425 1.8147e+04
-2.425 2.475 2.0570e+04
-2.425 2.525 2.2197e+04
-2.425 2.575 2.2884e+04
-2.425 2.625 2.2636e+04
-2.425 2.675 2.1584e+04
-2.425 2.725 1.9933e+04
-2.425 2.775 1.7910e+04
-2.425 2.825 1.5723e+04
-2.425 2.875 1.3538e+04
-2.425 2.925 1.1472e+04
-2.425 2.975 9.5931e+03
-2.425 3.025 7.9364e+03
-2.425 3.075 6.5086e+03
-2.425 3.125 5.2999e+03
-2.425 3.175 4.2909e+03
-2.425 3.225 3.4578e+03
-2.425 3.275 2.7758e+03
-2.425 3.325 2.2212e+03
-2.425 3.375 1.7726e+03
-2.425 3.425 1.4114e+03
-2.425 3.475 1.1213e+03
-2.425 3.525 8.8895e+02
-2.425 3.575 7.0317e+02
-2.425 3.625 5.5469e+02
-2.425 3.675 4.3593e+02
-2.425 3.725 3.4048e+02
-2.425 3.775 2.6231e+02
-2.425 3.825 0.0000e+00
-2.425 3.875 0.0000e+00
-2.425 3.925 0.0000e+00
-2.425 3.975 0.0000e+00
-2.375 -1.975 0.0000e+00
-2.375 -1.925 0.0000e+00
-2.375 -1.875 0.0000e+00
-2.375 -1.825 0.0000e+00
-2.375 -1.775 0.0000e+00
-2.375 -1.725 0.0000e+00
-2.375 -1.675 0.0000e+00
-2.375 -1.625 0.0000e+00
-2.375 -1.575 0.0000e+00
-2.375 -1.525 0.0000e+00
-2.375 -1.475 0.0000e+00
-2.375 -1.425 0.0000e+00
-2.375 -1.375 0.0000e+00
-2.375 -1.325 0.0000e+00
-2.375 -1.275 0.0000e+00
-2.375 -1.225 0.0000e+00
-2.375 -1.175 0.0000e+00
-2.375 -1.125 0.0000e+00
-2.375 -1.075 0.0000e+00
-2.375 -1.025 0.0000e+00
-2.375 -0.975 0.0000e+00
-2.375 -0.925 0.0000e+00
-2.375 -0.875 0.0000e+00
-2.375 -0.825 0.0000e+00
-2.375 -0.775 0.0000e+00
-2.375 -0.725 0.0000e+00
-2.375 -0.675 0.0000e+00
-2.375 -0.625 0.0000e+00
-2.375 -0.575 0.0000e+00
-2.375 -0.525 0.0000e+00
-2.375 -0.475 0.0000e+00
-2.375 -0.425 0.0000e+00
-2.375 -0.375 0.0000e+00
-2.375 -0.325 0.0000e+00
-2.375 -0.275 0.0000e+00
-2.375 -0.225 0.0000e+00
-2.375 -0.175 0.0000e+00
-2.375 -0.125 0.0000e+00
-2.375 -0.075 0.0000e+00
-2.375 -0.025 0.0000e+00
-2.375 0.025 0.0000e+00
-2.375 0.075 0.0000e+00
-2.375 0.125 0.0000e+00
-2.375 0.175 0.0000e+00
-2.375 0.225 0.0000e+00
-2.375 0.275 0.0000e+00
-2.375 0.325 0.0000e+00
-2.375 0.375 0.0000e+00
-2.375 0.425 0.0000e+00
-2.375 0.475 0.0000e+00
-2.375 0.525 0.0000e+00
-2.375 0.575 0.0000e+00
-2.375 0.625 0.0000e+00
-2.375 0.675 2.3288e-05
-2.375 0.725 4.6454e-05
-2.375 0.775 9.2653e-05
-2.375 0.825 1.8477e-04
-2.375 0.875 3.6841e-04
-2.375 0.925 7.3438e-04
-2.375 0.975 1.4634e-03
-2.375 1.025 2.9150e-03
-2.375 1.075 5.8035e-03
-2.375 1.125 1.1546e-02
-2.375 1.175 2.2952e-02
-2.375 1.225 4.5576e-02
-2.375 1.275 9.0375e-02
-2.375 1.325 1.7890e-01
-2.375 1.375 3.5334e-01
-2.375 1.425 6.9593e-01
-2.375 1.475 1.3659e+00
-2.375 1.525 2.6690e+00
-2.375 1.575 5.1864e+00
-2.375 1.625 1.0009e+01
-2.375 1.675 1.9152e+01
-2.375 1.725 3.6259e+01
-2.375 1.775 6.7758e+01
-2.375 1.825 1.2462e+02
-2.375 1.875 2.2485e+02
-2.375 1.925 3.9643e+02
-2.375 1.975 6.8013e+02
-2.375 2.025 1.1303e+03
-2.375 2.075 1.8109e+03
-2.375 2.125 2.7842e+03
-2.375 2.175 4.0901e+03
-2.375 2.225 5.7203e+03
-2.375 2.275 7.5963e+03
-2.375 2.325 9.5652e+03
-2.375 2.375 1.1420e+04
-2.375 2.425 1.2946e+04
-2.375 2.475 1.3971e+04
-2.375 2.525 1.4405e+04
-2.375 2.575 1.4250e+04
-2.375 2.625 1.3590e+04
-2.375 2.675 1.2552e+04
-2.375 2.725 1.1281e+04
-2.375 2.775 9.9056e+03
-2.375 2.825 8.5315e+03
-2.375 2.875 7.2311e+03
-2.375 2.925 6.0489e+03
-2.375 2.975 5.0059e+03
-2.375 3.025 4.1067e+03
-2.375 3.075 3.3453e+03
-2.375 3.125 2.7095e+03
-2.375 3.175 2.1843e+03
-2.375 3.225 1.7543e+03
-2.375 3.275 1.4046e+03
-2.375 3.325 1.1216e+03
-2.375 3.375 8.9366e+02
-2.375 3.425 7.1062e+02
-2.375 3.475 5.6402e+02
-2.375 3.525 4.4682e+02
-2.375 3.575 3.5323e+02
-2.375 3.625 2.7852e+02
-2.375 3.675 2.1882e+02
-2.375 3.725 1.7086e+02
-2.375 3.775 1.3161e+02
-2.375 3.825 0.0000e+00
-2.375 3.875 0.0000e+00
-2.375 3.925 0.0000e+00
-2.375 3.975 0.0000e+00
-2.325 -1.975 0.0000e+00
-2.325 -1.925 0.0000e+00
-2.325 -1.875 0.0000e+00
-2.325 -1.825 0.0000e+00
-2.325 -1.775 0.0000e+00
-2.325 -1.725 0.0000e+00
-2.325 -1.675 0.0000e+00
-2.325 -1.625 0.0000e+00
-2.325 -1.575 0.0000e+00
-2.325 -1.525 0.0000e+00
-2.325 -1.475 0.0000e+00
-2.325 -1.425 0.0000e+00
-2.325 -1.375 0.0000e+00
-2.325 -1.325 0.0000e+00
-2.325 -1.275 0.0000e+00
-2.325 -1.225 0.0000e+00
-2.325 -1.175 0.0000e+00
-2.325 -1.125 0.0000e+00
-2.325 -1.075 0.0000e+00
-2.325 -1.025 0.0000e+00
-2.325 -0.975 0.0000e+00
-2.325 -0.925 0.0000e+00
-2.325 -0.875 0.0000e+00
-2.325 -0.825 0.0000e+00
-2.325 -0.775 0.0000e+00
-2.325 -0.725 0.0000e+00
-2.325 -0.675 0.0000e+00
-2.325 -0.625 0.0000e+00
-2.325 -0.575 0.0000e+00
-2.325 -0.525 0.0000e+00
-2.325 -0.475 0.0000e+00
-2.325 -0.425 0.0000e+00
-2.325 -0.375 0.0000e+00
-2.325 -0.325 0.0000e+00
-2.325 -0.275 0.0000e+00
-2.325 -0.225 0.0000e+00
-2.325 -0.175 0.0000e+00
-2.325 -0.125 0.0000e+00
-2.325 -0.075 0.0000e+00
-2.325 -0.025 0.0000e+00
-2.325 0.025 0.0000e+00
-2.325 0.075 0.0000e+00
-2.325 0.125 0.0000e+00
-2.325 0.175 0.0000e+00
-2.325 0.225 0.0000e+00
-2.325 0.275 0.0000e+00
-2.325 0.325 0.0000e+00
-2.325 0.375 0.0000e+00
-2.325 0.425 0.0000e+00
-2.325 0.475 0.0000e+00
-2.325 0.525 0.0000e+00
-2.325 0.575 0.0000e+00
-2.325 0.625 0.0000e+00
-2.325 0.675 2.9301e-05
-2.325 0.725 5.8439e-05
-2.325 0.775 1.1654e-04
-2.325 0.825 2.3235e-04
-2.325 0.875 4.6313e-04
-2.325 0.925 9.2284e-04
-2.325 0.975 1.8381e-03
-2.325 1.025 3.6592e-03
-2.325 1.075 7.2795e-03
-2.325 1.125 1.4469e-02
-2.325 1.175 2.8729e-02
-2.325 1.225 5.6962e-02
-2.325 1.275 1.1274e-01
-2.325 1.325 2.2265e-01
-2.325 1.375 4.3847e-01
-2.325 1.425 8.6046e-01
-2.325 1.475 1.6811e+00
-2.325 1.525 3.2663e+00
-2.325 1.575 6.3027e+00
-2.325 1.625 1.2058e+01
-2.325 1.675 2.2825e+01
-2.325 1.725 4.2647e+01
-2.325 1.775 7.8429e+01
-2.325 1.825 1.4148e+02
-2.325 1.875 2.4943e+02
-2.325 1.925 4.2790e+02
-2.325 1.975 7.1108e+02
-2.325 2.025 1.1393e+03
-2.325 2.075 1.7516e+03
-2.325 2.125 2.5732e+03
-2.325 2.175 3.5989e+03
-2.325 2.225 4.7794e+03
-2.325 2.275 6.0185e+03
-2.325 2.325 7.1861e+03
-2.325 2.375 8.1469e+03
-2.325 2.425 8.7926e+03
-2.325 2.475 9.0665e+03
-2.325 2.525 8.9704e+03
-2.325 2.575 8.5560e+03
-2.325 2.625 7.9042e+03
-2.325 2.675 7.1049e+03
-2.325 2.725 6.2403e+03
-2.325 2.775 5.3760e+03
-2.325 2.825 4.5578e+03
-2.325 2.875 3.8137e+03
-2.325 2.925 3.1570e+03
-2.325 2.975 2.5908e+03
-2.325 3.025 2.1111e+03
-2.325 3.075 1.7105e+03
-2.325 3.125 1.3795e+03
-2.325 3.175 1.1084e+03
-2.325 3.225 8.8778e+02
-2.325 3.275 7.0930e+02
-2.325 3.325 5.6548e+02
-2.325 3.375 4.4998e+02
-2.325 3.425 3.5745e+02
-2.325 3.475 2.8349e+02
-2.325 3.525 2.2445e+02
-2.325 3.575 1.7736e+02
-2.325 3.625 1.3980e+02
-2.325 3.675 1.0980e+02
-2.325 3.725 8.5720e+01
-2.325 3.775 6.6019e+01
-2.325 3.825 0.0000e+00
-2.325 3.875 0.0000e+00
-2.325 3.925 0.0000e+00
-2.325 3.975 0.0000e+00
-2.275 -1.975 0.0000e+00
-2.275 -1.925 0.0000e+00
-2.275 -1.875 0.0000e+00
-2.275 -1.825 0.0000e+00
-2.275 -1.775 0.0000e+00
-2.275 -1.725 0.0000e+00
-2.275 -1.675 0.0000e+00
-2.275 -1.625 0.0000e+00
-2.275 -1.575 0.0000e+00
-2.275 -1.525 0.0000e+00
-2.275 -1.475 0.0000e+00
-2.275 -1.425 0.0000e+00
-2.275 -1.375 0.0000e+00
-2.275 -1.325 0.0000e+00
-2.275 -1.275 0.0000e+00
-2.275 -1.225 0.0000e+00
-2.275 -1.175 0.0000e+00
-2.275 -1.125 0.0000e+00
-2.275 -1.075 0.0000e+00
-2.275 -1.025 0.0000e+00
-2.275 -0.975 0.0000e+00
-2.275 -0.925 0.0000e+00
-2.275 -0.875 0.0000e+00
-2.275 -0.825 0.0000e+00
-2.275 -0.775 0.0000e+00
-2.275 -0.725 0.0000e+00
-2.275 -0.675 0.0000e+00
-2.275 -0.625 0.0000e+00
-2.275 -0.575 0.0000e+00
-2.275 -0.525 0.0000e+00
-2.275 -0.475 0.0000e+00
-2.275 -0.425 0.0000e+00
-2.275 -0.375 0.0000e+00
-2.275 -0.325 0.0000e+00
-2.275 -0.275 0.0000e+00
-2.275 -0.225 0.0000e+00
-2.275 -0.175 0.0000e+00
-2.275 -0.125 0.0000e+00
-2.275 -0.075 0.0000e+00
-2.275 -0.025 0.0000e+00
-2.275 0.025 0.0000e+00
-2.275 0.075 0.0000e+00
-2.275 0.125 0.0000e+00
-2.275 0.175 0.0000e+00
-2.275 0.225 0.0000e+00
-2.275 0.275 0.0000e+00
-2.275 0.325 0.0000e+00
-2.275 0.375 0.0000e+00
-2.275 0.425 0.0000e+00
-2.275 0.475 0.0000e+00
-2.275 0.525 0.0000e+00
-2.275 0.575 0.0000e+00
-2.275 0.625 0.0000e+00
-2.275 0.675 3.6860e-05
-2.275 0.725 7.3503e-05
-2.275 0.775 1.4654e-04
-2.275 0.825 2.9208e-04
-2.275 0.875 5.8198e-04
-2.275 0.925 1.1591e-03
-2.275 0.975 2.3073e-03
-2.275 1.025 4.5899e-03
-2.275 1.075 9.1224e-03
-2.275 1.125 1.8111e-02
-2.275 1.175 3.5906e-02
-2.275 1.225 7.1060e-02
-2.275 1.275 1.4032e-01
-2.275 1.325 2.7630e-01
-2.275 1.375 5.4214e-01
-2.275 1.425 1.0591e+00
-2.275 1.475 2.0574e+00
-2.275 1.525 3.9694e+00
-2.275 1.575 7.5928e+00
-2.275 1.625 1.4371e+01
-2.275 1.675 2.6847e+01
-2.275 1.725 4.9365e+01
-2.275 1.775 8.9043e+01
-2.275 1.825 1.5696e+02
-2.275 1.875 2.6924e+02
-2.275 1.925 4.4739e+02
-2.275 1.975 7.1676e+02
-2.275 2.025 1.1020e+03
-2.275 2.075 1.6189e+03
-2.275 2.125 2.2642e+03
-2.275 2.175 3.0070e+03
-2.275 2.225 3.7867e+03
-2.275 2.275 4.5217e+03
-2.275 2.325 5.1266e+03
-2.275 2.375 5.5334e+03
-2.275 2.425 5.7064e+03
-2.275 2.475 5.6467e+03
-2.275 2.525 5.3867e+03
-2.275 2.575 4.9773e+03
-2.275 2.625 4.4749e+03
-2.275 2.675 3.9312e+03
-2.275 2.725 3.3875e+03
-2.275 2.775 2.8727e+03
-2.275 2.825 2.4044e+03
-2.275 2.875 1.9909e+03
-2.275 2.925 1.6343e+03
-2.275 2.975 1.3321e+03
-2.275 3.025 1.0796e+03
-2.275 3.075 8.7098e+02
-2.275 3.125 7.0005e+02
-2.275 3.175 5.6095e+02
-2.275 3.225 4.4836e+02
-2.275 3.275 3.5763e+02
-2.275 3.325 2.8474e+02
-2.275 3.375 2.2635e+02
-2.275 3.425 1.7967e+02
-2.275 3.475 1.4240e+02
-2.275 3.525 1.1269e+02
-2.275 3.575 8.9016e+01
-2.275 3.625 7.0146e+01
-2.275 3.675 5.5083e+01
-2.275 3.725 4.2996e+01
-2.275 3.775 3.3110e+01
-2.275 3.825 0.0000e+00
-2.275 3.875 0.0000e+00
-2.275 3.925 0.0000e+00
-2.275 3.975 0.0000e+00
-2.225 -1.975 0.0000e+00
-2.225 -1.925 0.0000e+00
-2.225 -1.875 0.0000e+00
-2.225 -1.825 0.0000e+00
-2.225 -1.775 0.0000e+00
-2.225 -1.725 0.0000e+00
-2.225 -1.675 0.0000e+00
-2.225 -1.625 0.0000e+00
-2.225 -1.575 0.0000e+00
-2.225 -1.525 0.0000e+00
-2.225 -1.475 0.0000e+00
-2.225 -1.425 0.0000e+00
-2.225 -1.375 0.0000e+00
-2.225 -1.325 0.0000e+00
-2.225 -1.275 0.0000e+00
-2.225 -1.225 0.0000e+00
-2.225 -1.175 0.0000e+00
-2.225 -1.125 0.0000e+00
-2.225 -1.075 0.0000e+00
-2.225 -1.025 0.0000e+00
-2.225 -0.975 0.0000e+00
-2.225 -0.925 0.0000e+00
-2.225 -0.875 0.0000e+00
-2.225 -0.825 0.0000e+00
-2.225 -0.775 0.0000e+00
-2.225 -0.725 0.0000e+00
-2.225 -0.675 0.0000e+00
-2.225 -0.625 0.0000e+00
-2.225 -0.575 0.0000e+00
-2.225 -0.525 0.0000e+00
-2.225 -0.475 0.0000e+00
-2.225 -0.425 0.0000e+00
-2.225 -0.375 0.0000e+00
-2.225 -0.325 0.0000e+00
-2.225 -0.275 0.0000e+00
-2.225 -0.225 0.0000e+00
-2.225 -0.175 0.0000e+00
-2.225 -0.125 0.0000e+00
-2.225 -0.075 0.0000e+00
-2.225 -0.025 0.0000e+00
-2.225 0.025 0.0000e+00
-2.225 0.075 0.0000e+00
-2.225 0.125 0.0000e+00
-2.225 0.175 0.0000e+00
-2.225 0.225 0.0000e+00
-2.225 0.275 0.0000e+00
-2.225 0.325 0.0000e+00
-2.225 0.375 0.0000e+00
-2.225 0.425 0.0000e+00
-2.225 0.475 0.0000e+00
-2.225 0.525 0.0000e+00
-2.225 0.575 0.0000e+00
-2.225 0.625 0.0000e+00
-2.225 0.675 4.6362e-05
-2.225 0.725 9.2427e-05
-2.225 0.775 1.8422e-04
-2.225 0.825 3.6703e-04
-2.225 0.875 7.3098e-04
-2.225 0.925 1.4550e-03
-2.225 0.975 2.8942e-03
-2.225 1.025 5.7518e-03
-2.225 1.075 1.1418e-02
-2.225 1.125 2.2636e-02
-2.225 1.175 4.4793e-02
-2.225 1.225 8.8441e-02
-2.225 1.275 1.7413e-01
-2.225 1.325 3.4163e-01
-2.225 1.375 6.6728e-01
-2.225 1.425 1.2961e+00
-2.225 1.475 2.5003e+00
-2.225 1.525 4.7820e+00
-2.225 1.575 9.0493e+00
-2.225 1.625 1.6903e+01
-2.225 1.675 3.1077e+01
-2.225 1.725 5.6048e+01
-2.225 1.775 9.8786e+01
-2.225 1.825 1.6944e+02
-2.225 1.875 2.8152e+02
-2.225 1.925 4.5100e+02
-2.225 1.975 6.9335e+02
-2.225 2.025 1.0186e+03
-2.225 2.075 1.4246e+03
-2.225 2.125 1.8920e+03
-2.225 2.175 2.3826e+03
-2.225 2.225 2.8452e+03
-2.225 2.275 3.2261e+03
-2.225 2.325 3.4825e+03
-2.225 2.375 3.5918e+03
-2.225 2.425 3.5547e+03
-2.225 2.475 3.3916e+03
-2.225 2.525 3.1344e+03
-2.225 2.575 2.8186e+03
-2.225 2.625 2.4767e+03
-2.225 2.675 2.1346e+03
-2.225 2.725 1.8106e+03
-2.225 2.775 1.5158e+03
-2.225 2.825 1.2555e+03
-2.225 2.875 1.0308e+03
-2.225 2.925 8.4045e+02
-2.225 2.975 6.8135e+02
-2.225 3.025 5.4983e+02
-2.225 3.075 4.4206e+02
-2.225 3.125 3.5434e+02
-2.225 3.175 2.8333e+02
-2.225 3.225 2.2608e+02
-2.225 3.275 1.8009e+02
-2.225 3.325 1.4324e+02
-2.225 3.375 1.1377e+02
-2.225 3.425 9.0253e+01
-2.225 3.475 7.1500e+01
-2.225 3.525 5.6561e+01
-2.225 3.575 4.4664e+01
-2.225 3.625 3.5189e+01
-2.225 3.675 2.7628e+01
-2.225 3.725 2.1563e+01
-2.225 3.775 1.6603e+01
-2.225 3.825 0.0000e+00
-2.225 3.875 0.0000e+00
-2.225 3.925 0.0000e+00
-2.225 3.975 0.0000e+00
-2.175 -1.975 0.0000e+00
-2.175 -1.925 0.0000e+00
-2.175 -1.875 0.0000e+00
-2.175 -1.825 0.0000e+00
-2.175 -1.775 0.0000e+00
-2.175 -1.725 0.0000e+00
-2.175 -1.675 0.0000e+00
-2.175 -1.625 0.0000e+00
-2.175 -1.575 0.0000e+00
-2.175 -1.525 0.0000e+00
-2.175 -1.475 0.0000e+00
-2.175 -1.425 0.0000e+00
-2.175 -1.375 0.0000e+00
-2.175 -1.325 0.0000e+00
-2.175 -1.275 0.0000e+00
-2.175 -1.225 0.0000e+00
-2.175 -1.175 0.0000e+00
-2.175 -1.125 0.0000e+00
-2.175 -1.075 0.0000e+00
-2.175 -1.025 0.0000e+00
-2.175 -0.975 0.0000e+00
-2.175 -0.925 0.0000e+00
-2.175 -0.875 0.0000e+00
-2.175 -0.825 0.0000e+00
-2.175 -0.775 0.0000e+00
-2.175 -0.725 0.0000e+00
-2.175 -0.675 0.0000e+00
-2.175 -0.625 0.0000e+00
-2.175 -0.575 0.0000e+00
-2.175 -0.525 0.0000e+00
-2.175 -0.475 0.0000e+00
-2.175 -0.425 0.0000e+00
-2.175 -0.375 0.0000e+00
-2.175 -0.325 0.0000e+00
-2.175 -0.275 0.0000e+00
-2.175 -0.225 0.0000e+00
-2.175 -0.175 0.0000e+00
-2.175 -0.125 0.0000e+00
-2.175 -0.075 0.0000e+00
-2.175 -0.025 0.0000e+00
-2.175 0.025 0.0000e+00
-2.175 0.075 0.0000e+00
-2.175 0.125 0.0000e+00
-2.175 0.175 0.0000e+00
-2.175 0.225 0.0000e+00
-2.175 0.275 0.0000e+00
-2.175 0.325 0.0000e+00
-2.175 0.375 0.0000e+00
-2.175 0.425 0.0000e+00
-2.175 0.475 0.0000e+00
-2.175 0.525 0.0000e+00
-2.175 0.575 0.0000e+00
-2.175 0.625 0.0000e+00
-2.175 0.675 5.8299e-05
-2.175 0.725 1.1619e-04
-2.175 0.775 2.3149e-04
-2.175 0.825 4.6101e-04
-2.175 0.875 9.1758e-04
-2.175 0.925 1.8251e-03
-2.175 0.975 3.6269e-03
-2.175 1.025 7.1995e-03
-2.175 1.075 1.4271e-02
-2.175 1.125 2.8238e-02
-2.175 1.175 5.5749e-02
-2.175 1.225 1.0975e-01
-2.175 1.275 2.1530e-01
-2.175 1.325 4.2049e-01
-2.175 1.375 8.1666e-01
-2.175 1.425 1.5752e+00
-2.175 1.475 3.0122e+00
-2.175 1.525 5.6994e+00
-2.175 1.575 1.0645e+01
-2.175 1.625 1.9567e+01
-2.175 1.675 3.5286e+01
-2.175 1.725 6.2184e+01
-2.175 1.775 1.0665e+02
-2.175 1.825 1.7718e+02
-2.175 1.875 2.8381e+02
-2.175 1.925 4.3631e+02
-2.175 1.975 6.4092e+02
-2.175 2.025 8.9640e+02
-2.175 2.075 1.1905e+03
-2.175 2.125 1.4993e+03
-2.175 2.175 1.7905e+03
-2.175 2.225 2.0304e+03
-2.175 2.275 2.1919e+03
-2.175 2.325 2.2610e+03
-2.175 2.375 2.2380e+03
-2.175 2.425 2.1356e+03
-2.175 2.475 1.9740e+03
-2.175 2.525 1.7754e+03
-2.175 2.575 1.5604e+03
-2.175 2.625 1.3452e+03
-2.175 2.675 1.1413e+03
-2.175 2.725 9.5563e+02
-2.175 2.775 7.9168e+02
-2.175 2.825 6.5018e+02
-2.175 2.875 5.3023e+02
-2.175 2.925 4.2996e+02
-2.175 2.975 3.4705e+02
-2.175 3.025 2.7910e+02
-2.175 3.075 2.2378e+02
-2.175 3.125 1.7899e+02
-2.175 3.175 1.4287e+02
-2.175 3.225 1.1385e+02
-2.175 3.275 9.0599e+01
-2.175 3.325 7.2001e+01
-2.175 3.375 5.7154e+01
-2.175 3.425 4.5316e+01
-2.175 3.475 3.5886e+01
-2.175 3.525 2.8380e+01
-2.175 3.575 2.2406e+01
-2.175 3.625 1.7649e+01
-2.175 3.675 1.3855e+01
-2.175 3.725 1.0812e+01
-2.175 3.775 8.3250e+00
-2.175 3.825 0.0000e+00
-2.175 3.875 0.0000e+00
-2.175 3.925 0.0000e+00
-2.175 3.975 0.0000e+00
-2.125 -1.975 0.0000e+00
-2.125 -1.925 0.0000e+00
-2.125 -1.875 0.0000e+00
-2.125 -1.825 0.0000e+00
-2.125 -1.775 0.0000e+00
-2.125 -1.725 0.0000e+00
-2.125 -1.675 0.0000e+00
-2.125 -1.625 0.0000e+00
-2.125 -1.575 0.0000e+00
-2.125 -1.525 0.0000e+00
-2.125 -1.475 0.0000e+00
-2.125 -1.425 0.0000e+00
-2.125 -1.375 0.0000e+00
-2.125 -1.325 0.0000e+00
-2.125 -1.275 0.0000e+00
-2.125 -1.225 0.0000e+00
-2.125 -1.175 0.0000e+00
-2.125 -1.125 0.0000e+00
-2.125 -1.075 0.0000e+00
-2.125 -1.025 0.0000e+00
-2.125 -0.975 0.0000e+00
-2.125 -0.925 0.0000e+00
-2.125 -0.875 0.0000e+00
-2.125 -0.825 0.0000e+00
-2.125 -0.775 0.0000e+00
-2.125 -0.725 0.0000e+00
-2.125 -0.675 0.0000e+00
-2.125 -0.625 0.0000e+00
-2.125 -0.575 0.0000e+00
-2.125 -0.525 0.0000e+00
-2.125 -0.475 0.0000e+00
-2.125 -0.425 0.0000e+00
-2.125 -0.375 0.0000e+00
-2.125 -0.325 0.0000e+00
-2.125 -0.275 0.0000e+00
-2.125 -0.225 0.0000e+00
-2.125 -0.175 0.0000e+00
-2.125 -0.125 0.0000e+00
-2.125 -0.075 0.0000e+00
-2.125 -0.025 0.0000e+00
-2.125 0.025 0.0000e+00
-2.125 0.075 0.0000e+00
-2.125 0.125 0.0000e+00
-2.125 0.175 0.0000e+00
-2.125 0.225 0.0000e+00
-2.125 0.275 0.0000e+00
-2.125 0.325 0.0000e+00
-2.125 0.375 0.0000e+00
-2.125 0.425 0.0000e+00
-2.125 0.475 0.0000e+00
-2.125 0.525 0.0000e+00
-2.125 0.575 0.0000e+00
-2.125 0.625 0.0000e+00
-2.125 0.675 7.3287e-05
-2.125 0.725 1.4601e-04
-2.125 0.775 2.9076e-04
-2.125 0.825 5.7869e-04
-2.125 0.875 1.1510e-03
-2.125 0.925 2.2871e-03
-2.125 0.975 4.5397e-03
-2.125 1.025 8.9981e-03
-2.125 1.075 1.7803e-02
-2.125 1.125 3.5145e-02
-2.125 1.175 6.9183e-02
-2.125 1.225 1.3570e-01
-2.125 1.275 2.6500e-01
-2.125 1.325 5.1462e-01
-2.125 1.375 9.9247e-01
-2.125 1.425 1.8977e+00
-2.125 1.475 3.5901e+00
-2.125 1.525 6.7043e+00
-2.125 1.575 1.2322e+01
-2.125 1.625 2.2218e+01
-2.125 1.675 3.9150e+01
-2.125 1.725 6.7135e+01
-2.125 1.775 1.1153e+02
-2.125 1.825 1.7863e+02
-2.125 1.875 2.7460e+02
-2.125 1.925 4.0336e+02
-2.125 1.975 5.6413e+02
-2.125 2.025 7.4923e+02
-2.125 2.075 9.4359e+02
-2.125 2.125 1.1269e+03
-2.125 2.175 1.2780e+03
-2.125 2.225 1.3798e+03
-2.125 2.275 1.4234e+03
-2.125 2.325 1.4091e+03
-2.125 2.375 1.3449e+03
-2.125 2.425 1.2433e+03
-2.125 2.475 1.1185e+03
-2.125 2.525 9.8317e+02
-2.125 2.575 8.4773e+02
-2.125 2.625 7.1937e+02
-2.125 2.675 6.0249e+02
-2.125 2.725 4.9923e+02
-2.125 2.775 4.1008e+02
-2.125 2.825 3.3450e+02
-2.125 2.875 2.7130e+02
-2.125 2.925 2.1904e+02
-2.125 2.975 1.7619e+02
-2.125 3.025 1.4130e+02
-2.125 3.075 1.1305e+02
-2.125 3.125 9.0267e+01
-2.125 3.175 7.1957e+01
-2.125 3.225 5.7281e+01
-2.125 3.275 4.5543e+01
-2.125 3.325 3.6170e+01
-2.125 3.375 2.8697e+01
-2.125 3.425 2.2744e+01
-2.125 3.475 1.8006e+01
-2.125 3.525 1.4236e+01
-2.125 3.575 1.1237e+01
-2.125 3.625 8.8506e+00
-2.125 3.675 6.9473e+00
-2.125 3.725 5.4212e+00
-2.125 3.775 4.1739e+00
-2.125 3.825 0.0000e+00
-2.125 3.875 0.0000e+00
-2.125 3.925 0.0000e+00
-2.125 3.975 0.0000e+00
-2.075 -1.975 0.0000e+00
-2.075 -1.925 0.0000e+00
-2.075 -1.875 0.0000e+00
-2.075 -1.825 0.0000e+00
-2.075 -1.775 0.0000e+00
-2.075 -1.725 0.0000e+00
-2.075 -1.675 0.0000e+00
-2.075 -1.625 0.0000e+00
-2.075 -1.575 0.0000e+00
-2.075 -1.525 0.0000e+00
-2.075 -1.475 0.0000e+00
-2.075 -1.425 0.0000e+00
-2.075 -1.375 0.0000e+00
-2.075 -1.325 0.0000e+00
-2.075 -1.275 0.0000e+00
-2.075 -1.225 0.0000e+00
-2.075 -1.175 0.0000e+00
-2.075 -1.125 0.0000e+00
-2.075 -1.075 0.0000e+00
-2.075 -1.025 0.0000e+00
-2.075 -0.975 0.0000e+00
-2.075 -0.925 0.0000e+00
-2.075 -0.875 0.0000e+00
-2.075 -0.825 0.0000e+00
-2.075 -0.775 0.0000e+00
-2.075 -0.725 0.0000e+00
-2.075 -0.675 0.0000e+00
-2.075 -0.625 0.0000e+00
-2.075 -0.575 0.0000e+00
-2.075 -0.525 0.0000e+00
-2.075 -0.475 0.0000e+00
-2.075 -0.425 0.0000e+00
-2.075 -0.375 0.0000e+00
-2.075 -0.325 0.0000e+00
-2.075 -0.275 0.0000e+00
-2.075 -0.225 0.0000e+00
-2.075 -0.175 0.0000e+00
-2.075 -0.125 0.0000e+00
-2.075 -0.075 0.0000e+00
-2.075 -0.025 0.0000e+00
-2.075 0.025 0.0000e+00
-2.075 0.075 0.0000e+00
-2.075 0.125 0.0000e+00
-2.075 0.175 0.0000e+00
-2.075 0.225 0.0000e+00
-2.075 0.275 0.0000e+00
-2.075 0.325 0.0000e+00
-2.075 0.375 0.0000e+00
-2.075 0.425 0.0000e+00
-2.075 0.475 0.0000e+00
-2.075 0.525 0.0000e+00
-2.075 0.575 0.0000e+00
-2.075 0.625 0.0000e+00
-2.075 0.675 9.2094e-05
-2.075 0.725 1.8339e-04
-2.075 0.775 3.6498e-04
-2.075 0.825 7.2587e-04
-2.075 0.875 1.4423e-03
-2.075 0.925 2.8627e-03
-2.075 0.975 5.6738e-03
-2.075 1.025 1.1225e-02
-2.075 1.075 2.2158e-02
-2.075 1.125 4.3614e-02
-2.075 1.175 8.5542e-02
-2.075 1.225 1.6703e-01
-2.075 1.275 3.2433e-01
-2.075 1.325 6.2542e-01
-2.075 1.375 1.1957e+00
-2.075 1.425 2.2618e+00
-2.075 1.475 4.2232e+00
-2.075 1.525 7.7613e+00
-2.075 1.575 1.3992e+01
-2.075 1.625 2.4653e+01
-2.075 1.675 4.2270e+01
-2.075 1.725 7.0213e+01
-2.075 1.775 1.1245e+02
-2.075 1.825 1.7285e+02
-2.075 1.875 2.5389e+02
-2.075 1.925 3.5508e+02
-2.075 1.975 4.7158e+02
-2.075 2.025 5.9394e+02
-2.075 2.075 7.0935e+02
-2.075 2.125 8.0449e+02
-2.075 2.175 8.6866e+02
-2.075 2.225 8.9623e+02
-2.075 2.275 8.8735e+02
-2.075 2.325 8.4702e+02
-2.075 2.375 7.8318e+02
-2.075 2.425 7.0466e+02
-2.075 2.475 6.1953e+02
-2.075 2.525 5.3429e+02
-2.075 2.575 4.5347e+02
-2.075 2.625 3.7986e+02
-2.075 2.675 3.1481e+02
-2.075 2.725 2.5865e+02
-2.075 2.775 2.1101e+02
-2.075 2.825 1.7118e+02
-2.075 2.875 1.3823e+02
-2.075 2.925 1.1121e+02
-2.075 2.975 8.9213e+01
-2.075 3.025 7.1392e+01
-2.075 3.075 5.7018e+01
-2.075 3.125 4.5465e+01
-2.075 3.175 3.6204e+01
-2.075 3.225 2.8795e+01
-2.075 3.275 2.2880e+01
-2.075 3.325 1.8162e+01
-2.075 3.375 1.4404e+01
-2.075 3.425 1.1412e+01
-2.075 3.475 9.0325e+00
-2.075 3.525 7.1402e+00
-2.075 3.575 5.6353e+00
-2.075 3.625 4.4379e+00
-2.075 3.675 3.4832e+00
-2.075 3.725 2.7179e+00
-2.075 3.775 2.0925e+00
-2.075 3.825 0.0000e+00
-2.075 3.875 0.0000e+00
-2.075 3.925 0.0000e+00
-2.075 3.975 0.0000e+00
-2.025 -1.975 0.0000e+00
-2.025 -1.925 0.0000e+00
-2.025 -1.875 0.0000e+00
-2.025 -1.825 0.0000e+00
-2.025 -1.775 0.0000e+00
-2.025 -1.725 0.0000e+00
-2.025 -1.675 0.0000e+00
-2.025 -1.625 0.0000e+00
-2.025 -1.575 0.0000e+00
-2.025 -1.525 0.0000e+00
-2.025 -1.475 0.0000e+00
-2.025 -1.425 0.0000e+00
-2.025 -1.375 0.0000e+00
-2.025 -1.325 0.0000e+00
-2.025 -1.275 0.0000e+00
-2.025 -1.225 0.0000e+00
-2.025 -1.175 0.0000e+00
-2.025 -1.125 0.0000e+00
-2.025 -1.075 0.0000e+00
-2.025 -1.025 0.0000e+00
-2.025 -0.975 0.0000e+00
-2.025 -0.925 0.0000e+00
-2.025 -0.875 0.0000e+00
-2.025 -0.825 0.0000e+00
-2.025 -0.775 0.0000e+00
-2.025 -0.725 0.0000e+00
-2.025 -0.675 0.0000e+00
-2.025 -0.625 0.0000e+00
-2.025 -0.575 0.0000e+00
-2.025 -0.525 0.0000e+00
-2.025 -0.475 0.0000e+00
-2.025 -0.425 0.0000e+00
-2.025 -0.375 0.0000e+00
-2.025 -0.325 0.0000e+00
-2.025 -0.275 0.0000e+00
-2.025 -0.225 0.0000e+00
-2.025 -0.175 0.0000e+00
-2.025 -0.125 0.0000e+00
-2.025 -0.075 0.0000e+00
-2.025 -0.025 0.0000e+00
-2.025 0.025 0.0000e+00
-2.025 0.075 0.0000e+00
-2.025 0.125 0.0000e+00
-2.025 0.175 0.0000e+00
-2.025 0.225 0.0000e+00
-2.025 0.275 0.0000e+00
-2.025 0.325 0.0000e+00
-2.025 0.375 0.0000e+00
-2.025 0.425 0.0000e+00
-2.025 0.475 0.0000e+00
-2.025 0.525 0.0000e+00
-2.025 0.575 0.0000e+00
-2.025 0.625 0.0000e+00
-2.025 0.675 1.1567e-04
-2.025 0.725 2.3020e-04
-2.025 0.775 4.5781e-04
-2.025 0.825 9.0964e-04
-2.025 0.875 1.8053e-03
-2.025 0.925 3.5779e-03
-2.025 0.975 7.0782e-03
-2.025 1.025 1.3971e-02
-2.025 1.075 2.7497e-02
-2.025 1.125 5.3927e-02
-2.025 1.175 1.0529e-01
-2.025 1.225 2.0442e-01
-2.025 1.275 3.9416e-01
-2.025 1.325 7.5348e-01
-2.025 1.375 1.4252e+00
-2.025 1.425 2.6607e+00
-2.025 1.475 4.8892e+00
-2.025 1.525 8.8134e+00
-2.025 1.575 1.5526e+01
-2.025 1.625 2.6619e+01
-2.025 1.675 4.4211e+01
-2.025 1.725 7.0802e+01
-2.025 1.775 1.0882e+02
-2.025 1.825 1.5984e+02
-2.025 1.875 2.2353e+02
-2.025 1.925 2.9688e+02
-2.025 1.975 3.7391e+02
-2.025 2.025 4.4658e+02
-2.025 2.075 5.0651e+02
-2.025 2.125 5.4697e+02
-2.025 2.175 5.6439e+02
-2.025 2.225 5.5887e+02
-2.025 2.275 5.3354e+02
-2.025 2.325 4.9340e+02
-2.025 2.375 4.4400e+02
-2.025 2.425 3.9043e+02
-2.025 2.475 3.3676e+02
-2.025 2.525 2.8587e+02
-2.025 2.575 2.3951e+02
-2.025 2.625 1.9853e+02
-2.025 2.675 1.6314e+02
-2.025 2.725 1.3311e+02
-2.025 2.775 1.0800e+02
-2.025 2.825 8.7231e+01
-2.025 2.875 7.0195e+01
-2.025 2.925 5.6319e+01
-2.025 2.975 4.5078e+01
-2.025 3.025 3.6010e+01
-2.025 3.075 2.8721e+01
-2.025 3.125 2.2876e+01
-2.025 3.175 1.8201e+01
-2.025 3.225 1.4467e+01
-2.025 3.275 1.1489e+01
-2.025 3.325 9.1160e+00
-2.025 3.375 7.2273e+00
-2.025 3.425 5.7249e+00
-2.025 3.475 4.5303e+00
-2.025 3.525 3.5806e+00
-2.025 3.575 2.8257e+00
-2.025 3.625 2.2251e+00
-2.025 3.675 1.7463e+00
-2.025 3.725 1.3626e+00
-2.025 3.775 1.0490e+00
-2.025 3.825 0.0000e+00
-2.025 3.875 0.0000e+00
-2.025 3.925 0.0000e+00
-2.025 3.975 0.0000e+00
-1.975 -1.975 0.0000e+00
-1.975 -1.925 0.0000e+00
-1.975 -1.875 0.0000e+00
-1.975 -1.825 0.0000e+00
-1.975 -1.775 0.0000e+00
-1.975 -1.725 0.0000e+00
-1.975 -1.675 0.0000e+00
-1.975 -1.625 0.0000e+00
-1.975 -1.575 0.0000e+00
-1.975 -1.525 0.0000e+00
-1.975 -1.475 0.0000e+00
-1.975 -1.425 0.0000e+00
-1.975 -1.375 0.0000e+00
-1.975 -1.325 0.0000e+00
-1.975 -1.275 0.0000e+00
-1.975 -1.225 0.0000e+00
-1.975 -1.175 0.0000e+00
-1.975 -1.125 0.0000e+00
-1.975 -1.075 0.0000e+00
-1.975 -1.025 0.0000e+00
-1.975 -0.975 0.0000e+00
-1.975 -0.925 0.0000e+00
-1.975 -0.875 0.0000e+00
-1.975 -0.825 0.0000e+00
-1.975 -0.775 0.0000e+00
-1.975 -0.725 0.0000e+00
-1.975 -0.675 0.0000e+00
-1.975 -0.625 0.0000e+00
-1.975 -0.575 0.0000e+00
-1.975 -0.525 0.0000e+00
-1.975 -0.475 0.0000e+00
-1.975 -0.425 0.0000e+00
-1.975 -0.375 0.0000e+00
-1.975 -0.325 0.0000e+00
-1.975 -0.275 0.0000e+00
-1.975 -0.225 0.0000e+00
-1.975 -0.175 0.0000e+00
-1.975 -0.125 0.0000e+00
-1.975 -0.075 0.0000e+00
-1.975 -0.025 0.0000e+00
-1.975 0.025 0.0000e+00
-1.975 0.075 0.0000e+00
-1.975 0.125 0.0000e+00
-1.975 0.175 0.0000e+00
-1.975 0.225 0.0000e+00
-1.975 0.275 0.0000e+00
-1.975 0.325 0.0000e+00
-1.975 0.375 0.0000e+00
-1.975 0.425 0.0000e+00
-1.975 0.475 0.0000e+00
-1.975 0.525 0.0000e+00
-1.975 0.575 0.0000e+00
-1.975 0.625 0.0000e+00
-1.975 0.675 1.4520e-04
-1.975 0.725 2.8875e-04
-1.975 0.775 5.7371e-04
-1.975 0.825 1.1386e-03
-1.975 0.875 2.2564e-03
-1.975 0.925 4.4635e-03
-1.975 0.975 8.8095e-03
-1.975 1.025 1.7338e-02
-1.975 1.075 3.4000e-02
-1.975 1.125 6.6376e-02
-1.975 1.175 1.2886e-01
-1.975 1.225 2.4844e-01
-1.975 1.275 4.7488e-01
-1.975 1.325 8.9810e-01
-1.975 1.375 1.6765e+00
-1.975 1.425 3.0804e+00
-1.975 1.475 5.5522e+00
-1.975 1.525 9.7801e+00
-1.975 1.575 1.6766e+01
-1.975 1.625 2.7843e+01
-1.975 1.675 4.4586e+01
-1.975 1.725 6.8524e+01
-1.975 1.775 1.0064e+02
-1.975 1.825 1.4074e+02
-1.975 1.875 1.8692e+02
-1.975 1.925 2.3543e+02
-1.975 1.975 2.8120e+02
-1.975 2.025 3.1896e+02
-1.975 2.075 3.4446e+02
-1.975 2.125 3.5547e+02
-1.975 2.175 3.5203e+02
-1.975 2.225 3.3612e+02
-1.975 2.275 3.1088e+02
-1.975 2.325 2.7979e+02
-1.975 2.375 2.4607e+02
-1.975 2.425 2.1228e+02
-1.975 2.475 1.8023e+02
-1.975 2.525 1.5102e+02
-1.975 2.575 1.2520e+02
-1.975 2.625 1.0290e+02
-1.975 2.675 8.3973e+01
-1.975 2.725 6.8143e+01
-1.975 2.775 5.5045e+01
-1.975 2.825 4.4302e+01
-1.975 2.875 3.5550e+01
-1.975 2.925 2.8460e+01
-1.975 2.975 2.2739e+01
-1.975 3.025 1.8140e+01
-1.975 3.075 1.4452e+01
-1.975 3.125 1.1501e+01
-1.975 3.175 9.1445e+00
-1.975 3.225 7.2645e+00
-1.975 3.275 5.7667e+00
-1.975 3.325 4.5742e+00
-1.975 3.375 3.6256e+00
-1.975 3.425 2.8713e+00
-1.975 3.475 2.2718e+00
-1.975 3.525 1.7954e+00
-1.975 3.575 1.4167e+00
-1.975 3.625 1.1155e+00
-1.975 3.675 8.7545e-01
-1.975 3.725 6.8305e-01
-1.975 3.775 5.2583e-01
-1.975 3.825 0.0000e+00
-1.975 3.875 0.0000e+00
-1.975 3.925 0.0000e+00
-1.975 3.975 0.0000e+00
-1.925 -1.975 0.0000e+00
-1.925 -1.925 0.0000e+00
-1.925 -1.875 0.0000e+00
-1.925 -1.825 0.0000e+00
-1.925 -1.775 0.0000e+00
-1.925 -1.725 0.0000e+00
-1.925 -1.675 0.0000e+00
-1.925 -1.625 0.0000e+00
-1.925 -1.575 0.0000e+00
-1.925 -1.525 0.0000e+00
-1.925 -1.475 0.0000e+00
-1.925 -1.425 0.0000e+00
-1.925 -1.375 0.0000e+00
-1.925 -1.325 0.0000e+00
-1.925 -1.275 0.0000e+00
-1.925 -1.225 0.0000e+00
-1.925 -1.175 0.0000e+00
-1.925 -1.125 0.0000e+00
-1.925 -1.075 0.0000e+00
-1.925 -1.025 0.0000e+00
-1.925 -0.975 0.0000e+00
-1.925 -0.925 0.0000e+00
-1.925 -0.875 0.0000e+00
-1.925 -0.825 0.0000e+00
-1.925 -0.775 0.0000e+00
-1.925 -0.725 0.0000e+00
-1.925 -0.675 0.0000e+00
-1.925 -0.625 0.0000e+00
-1.925 -0.575 0.0000e+00
-1.925 -0.525 0.0000e+00
-1.925 -0.475 0.0000e+00
-1.925 -0.425 0.0000e+00
-1.925 -0.375 0.0000e+00
-1.925 -0.325 0.0000e+00
-1.925 -0.275 0.0000e+00
-1.925 -0.225 0.0000e+00
-1.925 -0.175 0.0000e+00
-1.925 -0.125 0.0000e+00
-1.925 -0.075 0.0000e+00
-1.925 -0.025 0.0000e+00
-1.925 0.025 0.0000e+00
-1.925 0.075 0.0000e+00
-1.925 0.125 0.0000e+00
-1.925 0.175 0.0000e+00
-1.925 0.225 0.0000e+00
-1.925 0.275 0.0000e+00
-1.925 0.325 0.0000e+00
-1.925 0.375 0.0000e+00
-1.925 0.425 0.0000e+00
-1.925 0.475 0.0000e+00
-1.925 0.525 0.0000e+00
-1.925 0.575 0.0000e+00
-1.925 0.625 0.0000e+00
-1.925 0.675 1.8213e-04
-1.925 0.725 3.6185e-04
-1.925 0.775 7.1810e-04
-1.925 0.825 1.4230e-03
-1.925 0.875 2.8149e-03
-1.925 0.925 5.5553e-03
-1.925 0.975 1.0932e-02
-1.925 1.025 2.1437e-02
-1.925 1.075 4.1848e-02
-1.925 1.125 8.1238e-02
-1.925 1.175 1.5661e-01
-1.925 1.225 2.9932e-01
-1.925 1.275 5.6603e-01
-1.925 1.325 1.0565e+00
-1.925 1.375 1.9410e+00
-1.925 1.425 3.4982e+00
-1.925 1.475 6.1614e+00
-1.925 1.525 1.0561e+01
-1.925 1.575 1.7538e+01
-1.925 1.625 2.8082e+01
-1.925 1.675 4.3156e+01
-1.925 1.725 6.3380e+01
-1.925 1.775 8.8633e+01
-1.925 1.825 1.1771e+02
-1.925 1.875 1.4826e+02
-1.925 1.925 1.7709e+02
-1.925 1.975 2.0088e+02
-1.925 2.025 2.1696e+02
-1.925 2.075 2.2391e+02
-1.925 2.125 2.2177e+02
-1.925 2.175 2.1178e+02
-1.925 2.225 1.9590e+02
-1.925 2.275 1.7633e+02
-1.925 2.325 1.5510e+02
-1.925 2.375 1.3382e+02
-1.925 2.425 1.1363e+02
-1.925 2.475 9.5230e+01
-1.925 2.525 7.8959e+01
-1.925 2.575 6.4902e+01
-1.925 2.625 5.2973e+01
-1.925 2.675 4.2993e+01
-1.925 2.725 3.4734e+01
-1.925 2.775 2.7959e+01
-1.925 2.825 2.2439e+01
-1.925 2.875 1.7966e+01
-1.925 2.925 1.4357e+01
-1.925 2.975 1.1456e+01
-1.925 3.025 9.1285e+00
-1.925 3.075 7.2663e+00
-1.925 3.125 5.7788e+00
-1.925 3.175 4.5921e+00
-1.925 3.225 3.6465e+00
-1.925 3.275 2.8937e+00
-1.925 3.325 2.2947e+00
-1.925 3.375 1.8185e+00
-1.925 3.425 1.4399e+00
-1.925 3.475 1.1392e+00
-1.925 3.525 9.0018e-01
-1.925 3.575 7.1027e-01
-1.925 3.625 5.5923e-01
-1.925 3.675 4.3886e-01
-1.925 3.725 3.4240e-01
-1.925 3.775 2.6358e-01
-1.925 3.825 0.0000e+00
-1.925 3.875 0.0000e+00
-1.925 3.925 0.0000e+00
-1.925 3.975 0.0000e+00
-1.875 -1.975 0.0000e+00
-1.875 -1.925 0.0000e+00
-1.875 -1.875 0.0000e+00
-1.875 -1.825 0.0000e+00
-1.875 -1.775 0.0000e+00
-1.875 -1.725 0.0000e+00
-1.875 -1.675 0.0000e+00
-1.875 -1.625 0.0000e+00
-1.875 -1.575 0.0000e+00
-1.875 -1.525 0.0000e+00
-1.875 -1.475 0.0000e+00
-1.875 -1.425 0.0000e+00
-1.875 -1.375 0.0000e+00
-1.875 -1.325 0.0000e+00
-1.875 -1.275 0.0000e+00
-1.875 -1.225 0.0000e+00
-1.875 -1.175 0.0000e+00
-1.875 -1.125 0.0000e+00
-1.875 -1.075 0.0000e+00
-1.875 -1.025 0.0000e+00
-1.875 -0.975 0.0000e+00
-1.875 -0.925 0.0000e+00
-1.875 -0.875 0.0000e+00
-1.875 -0.825 0.0000e+00
-1.875 -0.775 0.0000e+00
-1.875 -0.725 0.0000e+00
-1.875 -0.675 0.0000e+00
-1.875 -0.625 0.0000e+00
-1.875 -0.575 0.0000e+00
-1.875 -0.525 0.0000e+00
-1.875 -0.475 0.0000e+00
-1.875 -0.425 0.0000e+00
-1.875 -0.375 0.0000e+00
-1.875 -0.325 0.0000e+00
-1.875 -0.275 0.0000e+00
-1.875 -0.225 0.0000e+00
-1.875 -0.175 0.0000e+00
-1.875 -0.125 0.0000e+00
-1.875 -0.075 0.0000e+00
-1.875 -0.025 0.0000e+00
-1.875 0.025 0.0000e+00
-1.875 0.075 0.0000e+00
-1.875 0.125 0.0000e+00
-1.875 0.175 0.0000e+00
-1.875 0.225 0.0000e+00
-1.875 0.275 0.0000e+00
-1.875 0.325 0.0000e+00
-1.875 0.375 0.0000e+00
-1.875 0.425 0.0000e+00
-1.875 0.475 0.0000e+00
-1.875 0.525 0.0000e+00
-1.875 0.575 0.0000e+00
-1.875 0.625 0.0000e+00
-1.875 0.675 2.2824e-04
-1.875 0.725 4.5292e-04
-1.875 0.775 8.9750e-04
-1.875 0.825 1.7752e-03
-1.875 0.875 3.5034e-03
-1.875 0.925 6.8940e-03
-1.875 0.975 1.3518e-02
-1.875 1.025 2.6386e-02
-1.875 1.075 5.1218e-02
-1.875 1.125 9.8731e-02
-1.875 1.175 1.8868e-01
-1.875 1.225 3.5678e-01
-1.875 1.275 6.6589e-01
-1.875 1.325 1.2232e+00
-1.875 1.375 2.2044e+00
-1.875 1.425 3.8822e+00
-1.875 1.475 6.6538e+00
-1.875 1.525 1.1048e+01
-1.875 1.575 1.7689e+01
-1.875 1.625 2.7183e+01
-1.875 1.675 3.9921e+01
-1.875 1.725 5.5825e+01
-1.875 1.775 7.4140e+01
-1.875 1.825 9.3382e+01
-1.875 1.875 1.1155e+02
-1.875 1.925 1.2654e+02
-1.875 1.975 1.3667e+02
-1.875 2.025 1.4107e+02
-1.875 2.075 1.3973e+02
-1.875 2.125 1.3345e+02
-1.875 2.175 1.2346e+02
-1.875 2.225 1.1114e+02
-1.875 2.275 9.7773e+01
-1.875 2.325 8.4368e+01
-1.875 2.375 7.1649e+01
-1.875 2.425 6.0054e+01
-1.875 2.475 4.9799e+01
-1.875 2.525 4.0938e+01
-1.875 2.575 3.3418e+01
-1.875 2.625 2.7125e+01
-1.875 2.675 2.1917e+01
-1.875 2.725 1.7644e+01
-1.875 2.775 1.4163e+01
-1.875 2.825 1.1341e+01
-1.875 2.875 9.0645e+00
-1.875 2.925 7.2335e+00
-1.875 2.975 5.7651e+00
-1.875 3.025 4.5899e+00
-1.875 3.075 3.6511e+00
-1.875 3.125 2.9020e+00
-1.875 3.175 2.3051e+00
-1.875 3.225 1.8298e+00
-1.875 3.275 1.4517e+00
-1.875 3.325 1.1510e+00
-1.875 3.375 9.1195e-01
-1.875 3.425 7.2203e-01
-1.875 3.475 5.7116e-01
-1.875 3.525 4.5130e-01
-1.875 3.575 3.5607e-01
-1.875 3.625 2.8034e-01
-1.875 3.675 2.1999e-01
-1.875 3.725 1.7163e-01
-1.875 3.775 1.3212e-01
-1.875 3.825 0.0000e+00
-1.875 3.875 0.0000e+00
-1.875 3.925 0.0000e+00
-1.875 3.975 0.0000e+00
-1.825 -1.975 0.0000e+00
-1.825 -1.925 0.0000e+00
-1.825 -1.875 0.0000e+00
-1.825 -1.825 0.0000e+00
-1.825 -1.775 0.0000e+00
-1.825 -1.725 0.0000e+00
-1.825 -1.675 0.0000e+00
-1.825 -1.625 0.0000e+00
-1.825 -1.575 0.0000e+00
-1.825 -1.525 0.0000e+00
-1.825 -1.475 0.0000e+00
-1.825 -1.425 0.0000e+00
-1.825 -1.375 0.0000e+00
-1.825 -1.325 0.0000e+00
-1.825 -1.275 0.0000e+00
-1.825 -1.225 0.0000e+00
-1.825 -1.175 0.0000e+00
-1.825 -1.125 0.0000e+00
-1.825 -1.075 0.0000e+00
-1.825 -1.025 0.0000e+00
-1.825 -0.975 0.0000e+00
-1.825 -0.925 0.0000e+00
-1.825 -0.875 0.0000e+00
-1.825 -0.825 0.0000e+00
-1.825 -0.775 0.0000e+00
-1.825 -0.725 0.0000e+00
-1.825 -0.675 0.0000e+00
-1.825 -0.625 0.0000e+00
-1.825 -0.575 0.0000e+00
-1.825 -0.525 0.0000e+00
-1.825 -0.475 0.0000e+00
-1.825 -0.425 0.0000e+00
-1.825 -0.375 0.0000e+00
-1.825 -0.325 0.0000e+00
-1.825 -0.275 0.0000e+00
-1.825 -0.225 0.0000e+00
-1.825 -0.175 0.0000e+00
-1.825 -0.125 0.0000e+00
-1.825 -0.075 0.0000e+00
-1.825 -0.025 0.0000e+00
-1.825 0.025 0.0000e+00
-1.825 0.075 0.0000e+00
-1.825 0.125 0.0000e+00
-1.825 0.175 0.0000e+00
-1.825 0.225 0.0000e+00
-1.825 0.275 0.0000e+00
-1.825 0.325 0.0000e+00
-1.825 0.375 0.0000e+00
-1.825 0.425 0.0000e+00
-1.825 0.475 0.0000e+00
-1.825 0.525 0.0000e+00
-1.825 0.575 0.0000e+00
-1.825 0.625 0.0000e+00
-1.825 0.675 2.8568e-04
-1.825 0.725 5.6608e-04
-1.825 0.775 1.1196e-03
-1.825 0.825 2.2095e-03
-1.825 0.875 4.3476e-03
-1.825 0.925 8.5243e-03
-1.825 0.975 1.6638e-02
-1.825 1.025 3.2294e-02
-1.825 1.075 6.2248e-02
-1.825 1.125 1.1895e-01
-1.825 1.175 2.2491e-01
-1.825 1.225 4.1973e-01
-1.825 1.275 7.7098e-01
-1.825 1.325 1.3892e+00
-1.825 1.375 2.4464e+00
-1.825 1.425 4.1927e+00
-1.825 1.475 6.9612e+00
-1.825 1.525 1.1145e+01
-1.825 1.575 1.7125e+01
-1.825 1.625 2.5149e+01
-1.825 1.675 3.5167e+01
-1.825 1.725 4.6704e+01
-1.825 1.775 5.8826e+01
-1.825 1.825 7.0271e+01
-1.825 1.875 7.9718e+01
-1.825 1.925 8.6111e+01
-1.825 1.975 8.8887e+01
-1.825 2.025 8.8054e+01
-1.825 2.075 8.4103e+01
-1.825 2.125 7.7815e+01
-1.825 2.175 7.0060e+01
-1.825 2.225 6.1639e+01
-1.825 2.275 5.3195e+01
-1.825 2.325 4.5180e+01
-1.825 2.375 3.7873e+01
-1.825 2.425 3.1409e+01
-1.825 2.475 2.5823e+01
-1.825 2.525 2.1082e+01
-1.825 2.575 1.7114e+01
-1.825 2.625 1.3830e+01
-1.825 2.675 1.1135e+01
-1.825 2.725 8.9387e+00
-1.825 2.775 7.1588e+00
-1.825 2.825 5.7224e+00
-1.825 2.875 4.5671e+00
-1.825 2.925 3.6405e+00
-1.825 2.975 2.8989e+00
-1.825 3.025 2.3064e+00
-1.825 3.075 1.8336e+00
-1.825 3.125 1.4568e+00
-1.825 3.175 1.1568e+00
-1.825 3.225 9.1802e-01
-1.825 3.275 7.2815e-01
-1.825 3.325 5.7722e-01
-1.825 3.375 4.5729e-01
-1.825 3.425 3.6202e-01
-1.825 3.475 2.8635e-01
-1.825 3.525 2.2625e-01
-1.825 3.575 1.7850e-01
-1.825 3.625 1.4053e-01
-1.825 3.675 1.1028e-01
-1.825 3.725 8.6034e-02
-1.825 3.775 6.6228e-02
-1.825 3.825 0.0000e+00
-1.825 3.875 0.0000e+00
-1.825 3.925 0.0000e+00
-1.825 3.975 0.0000e+00
-1.775 -1.975 0.0000e+00
-1.775 -1.925 0.0000e+00
-1.775 -1.875 0.0000e+00
-1.775 -1.825 0.0000e+00
-1.775 -1.775 0.0000e+00
-1.775 -1.725 0.0000e+00
-1.775 -1.675 0.0000e+00
-1.775 -1.625 0.0000e+00
-1.775 -1.575 0.0000e+00
-1.775 -1.525 0.0000e+00
-1.775 -1.475 0.0000e+00
-1.775 -1.425 0.0000e+00
-1.775 -1.375 0.0000e+00
-1.775 -1.325 0.0000e+00
-1.775 -1.275 0.0000e+00
-1.775 -1.225 0.0000e+00
-1.775 -1.175 0.0000e+00
-1.775 -1.125 0.0000e+00
-1.775 -1.075 0.0000e+00
-1.775 -1.025 0.0000e+00
-1.775 -0.975 0.0000e+00
-1.775 -0.925 0.0000e+00
-1.775 -0.875 0.0000e+00
-1.775 -0.825 0.0000e+00
-1.775 -0.775 0.0000e+00
-1.775 -0.725 0.0000e+00
-1.775 -0.675 0.0000e+00
-1.775 -0.625 0.0000e+00
-1.775 -0.575 0.0000e+00
-1.775 -0.525 0.0000e+00
-1.775 -0.475 0.0000e+00
-1.775 -0.425 0.0000e+00
-1.775 -0.375 0.0000e+00
-1.775 -0.325 0.0000e+00
-1.775 -0.275 0.0000e+00
-1.775 -0.225 0.0000e+00
-1.775 -0.175 0.0000e+00
-1.775 -0.125 0.0000e+00
-1.775 -0.075 0.0000e+00
-1.775 -0.025 0.0000e+00
-1.775 0.025 0.0000e+00
-1.775 0.075 0.0000e+00
-1.775 0.125 0.0000e+00
-1.775 0.175 0.0000e+00
-1.775 0.225 0.0000e+00
-1.775 0.275 0.0000e+00
-1.775 0.325 0.0000e+00
-1.775 0.375 0.0000e+00
-1.775 0.425 0.0000e+00
-1.775 0.475 0.0000e+00
-1.775 0.525 0.0000e+00
-1.775 0.575 0.0000e+00
-1.775 0.625 0.0000e+00
-1.775 0.675 3.5705e-04
-1.775 0.725 7.0619e-04
-1.775 0.775 1.3935e-03
-1.775 0.825 2.7419e-03
-1.775 0.875 5.3757e-03
-1.775 0.925 1.0492e-02
-1.775 0.975 2.0364e-02
-1.775 1.025 3.9249e-02
-1.775 1.075 7.4998e-02
-1.775 1.125 1.4179e-01
-1.775 1.175 2.6460e-01
-1.775 1.225 4.8598e-01
-1.775 1.275 8.7562e-01
-1.775 1.325 1.5418e+00
-1.775 1.375 2.6422e+00
-1.775 1.425 4.3866e+00
-1.775 1.475 7.0224e+00
-1.775 1.525 1.0790e+01
-1.775 1.575 1.5845e+01
-1.775 1.625 2.2156e+01
-1.775 1.675 2.9425e+01
-1.775 1.725 3.7063e+01
-1.775 1.775 4.4275e+01
-1.775 1.825 5.0230e+01
-1.775 1.875 5.4261e+01
-1.775 1.925 5.6015e+01
-1.775 1.975 5.5495e+01
-1.775 2.025 5.3010e+01
-1.775 2.075 4.9051e+01
-1.775 2.125 4.4167e+01
-1.775 2.175 3.8863e+01
-1.775 2.225 3.3543e+01
-1.775 2.275 2.8492e+01
-1.775 2.325 2.3886e+01
-1.775 2.375 1.9811e+01
-1.775 2.425 1.6290e+01
-1.775 2.475 1.3300e+01
-1.775 2.525 1.0798e+01
-1.775 2.575 8.7265e+00
-1.775 2.625 7.0267e+00
-1.775 2.675 5.6414e+00
-1.775 2.725 4.5185e+00
-1.775 2.775 3.6123e+00
-1.775 2.825 2.8834e+00
-1.775 2.875 2.2987e+00
-1.775 2.925 1.8307e+00
-1.775 2.975 1.4567e+00
-1.775 3.025 1.1583e+00
-1.775 3.075 9.2049e-01
-1.775 3.125 7.3108e-01
-1.775 3.175 5.8036e-01
-1.775 3.225 4.6048e-01
-1.775 3.275 3.6518e-01
-1.775 3.325 2.8945e-01
-1.775 3.375 2.2929e-01
-1.775 3.425 1.8150e-01
-1.775 3.475 1.4356e-01
-1.775 3.525 1.1342e-01
-1.775 3.575 8.9480e-02
-1.775 3.625 7.0445e-02
-1.775 3.675 5.5278e-02
-1.775 3.725 4.3125e-02
-1.775 3.775 3.3197e-02
-1.775 3.825 0.0000e+00
-1.775 3.875 0.0000e+00
-1.775 3.925 0.0000e+00
-1.775 3.975 0.0000e+00
-1.725 -1.975 0.0000e+00
-1.725 -1.925 0.0000e+00
-1.725 -1.875 0.0000e+00
-1.725 -1.825 0.0000e+00
-1.725 -1.775 0.0000e+00
-1.725 -1.725 0.0000e+00
-1.725 -1.675 0.0000e+00
-1.725 -1.625 0.0000e+00
-1.725 -1.575 0.0000e+00
-1.725 -1.525 0.0000e+00
-1.725 -1.475 0.0000e+00
-1.725 -1.425 0.0000e+00
-1.725 -1.375 0.0000e+00
-1.725 -1.325 0.0000e+00
-1.725 -1.275 0.0000e+00
-1.725 -1.225 0.0000e+00
-1.725 -1.175 0.0000e+00
-1.725 -1.125 0.0000e+00
-1.725 -1.075 0.0000e+00
-1.725 -1.025 0.0000e+00
-1.725 -0.975 0.0000e+00
-1.725 -0.925 0.0000e+00
-1.725 -0.875 0.0000e+00
-1.725 -0.825 0.0000e+00
-1.725 -0.775 0.0000e+00
-1.725 -0.725 0.0000e+00
-1.725 -0.675 0.0000e+00
-1.725 -0.625 0.0000e+00
-1.725 -0.575 0.0000e+00
-1.725 -0.525 0.0000e+00
-1.725 -0.475 0.0000e+00
-1.725 -0.425 0.0000e+00
-1.725 -0.375 0.0000e+00
-1.725 -0.325 0.0000e+00
-1.725 -0.275 0.0000e+00
-1.725 -0.225 0.0000e+00
-1.725 -0.175 0.0000e+00
-1.725 -0.125 0.0000e+00
-1.725 -0.075 0.0000e+00
-1.725 -0.025 0.0000e+00
-1.725 0.025 0.0000e+00
-1.725 0.075 0.0000e+00
-1.725 0.125 0.0000e+00
-1.725 0.175 0.0000e+00
-1.725 0.225 0.0000e+00
-1.725 0.275 0.0000e+00
-1.725 0.325 0.0000e+00
-1.725 0.375 0.0000e+00
-1.725 0.425 0.0000e+00
-1.725 0.475 0.0000e+00
-1.725 0.525 0.0000e+00
-1.725 0.575 0.0000e+00
-1.725 0.625 0.0000e+00
-1.725 0.675 4.4543e-04
-1.725 0.725 8.7892e-04
-1.725 0.775 1.7293e-03
-1.725 0.825 3.3903e-03
-1.725 0.875 6.6168e-03
-1.725 0.925 1.2842e-02
-1.725 0.975 2.4749e-02
-1.725 1.025 4.7288e-02
-1.725 1.075 8.9398e-02
-1.725 1.125 1.6681e-01
-1.725 1.175 3.0636e-01
-1.725 1.225 5.5196e-01
-1.725 1.275 9.7184e-01
-1.725 1.325 1.6653e+00
-1.725 1.375 2.7646e+00
-1.725 1.425 4.4255e+00
-1.725 1.475 6.7996e+00
-1.725 1.525 9.9845e+00
-1.725 1.575 1.3961e+01
-1.725 1.625 1.8542e+01
-1.725 1.675 2.3355e+01
-1.725 1.725 2.7900e+01
-1.725 1.775 3.1654e+01
-1.725 1.825 3.4197e+01
-1.725 1.875 3.5304e+01
-1.725 1.925 3.4979e+01
-1.725 1.975 3.3416e+01
-1.725 2.025 3.0923e+01
-1.725 2.075 2.7847e+01
-1.725 2.125 2.4505e+01
-1.725 2.175 2.1152e+01
-1.725 2.225 1.7969e+01
-1.725 2.275 1.5065e+01
-1.725 2.325 1.2497e+01
-1.725 2.375 1.0276e+01
-1.725 2.425 8.3909e+00
-1.725 2.475 6.8129e+00
-1.725 2.525 5.5064e+00
-1.725 2.575 4.4343e+00
-1.725 2.625 3.5604e+00
-1.725 2.675 2.8520e+00
-1.725 2.725 2.2802e+00
-1.725 2.775 1.8203e+00
-1.725 2.825 1.4513e+00
-1.725 2.875 1.1560e+00
-1.725 2.925 9.1998e-01
-1.725 2.975 7.3165e-01
-1.725 3.025 5.8152e-01
-1.725 3.075 4.6196e-01
-1.725 3.125 3.6680e-01
-1.725 3.175 2.9111e-01
-1.725 3.225 2.3094e-01
-1.725 3.275 1.8312e-01
-1.725 3.325 1.4513e-01
-1.725 3.375 1.1496e-01
-1.725 3.425 9.0996e-02
-1.725 3.475 7.1968e-02
-1.725 3.525 5.6858e-02
-1.725 3.575 4.4855e-02
-1.725 3.625 3.5312e-02
-1.725 3.675 2.7709e-02
-1.725 3.725 2.1617e-02
-1.725 3.775 1.6640e-02
-1.725 3.825 0.0000e+00
-1.725 3.875 0.0000e+00
-1.725 3.925 0.0000e+00
-1.725 3.975 0.0000e+00
-1.675 -1.975 0.0000e+00
-1.675 -1.925 0.0000e+00
-1.675 -1.875 0.0000e+00
-1.675 -1.825 0.0000e+00
-1.675 -1.775 0.0000e+00
-1.675 -1.725 0.0000e+00
-1.675 -1.675 0.0000e+00
-1.675 -1.625 0.0000e+00
-1.675 -1.575 0.0000e+00
-1.675 -1.525 0.0000e+00
-1.675 -1.475 0.0000e+00
-1.675 -1.425 0.0000e+00
-1.675 -1.375 0.0000e+00
-1.675 -1.325 0.0000e+00
-1.675 -1.275 0.0000e+00
-1.675 -1.225 0.0000e+00
-1.675 -1.175 0.0000e+00
-1.675 -1.125 0.0000e+00
-1.675 -1.075 0.0000e+00
-1.675 -1.025 0.0000e+00
-1.675 -0.975 0.0000e+00
-1.675 -0.925 0.0000e+00
-1.675 -0.875 0.0000e+00
-1.675 -0.825 0.0000e+00
-1.675 -0.775 0.0000e+00
-1.675 -0.725 0.0000e+00
-1.675 -0.675 0.0000e+00
-1.675 -0.625 0.0000e+00
-1.675 -0.575 0.0000e+00
-1.675 -0.525 0.0000e+00
-1.675 -0.475 0.0000e+00
-1.675 -0.425 0.0000e+00
-1.675 -0.375 0.0000e+00
-1.675 -0.325 0.0000e+00
-1.675 -0.275 0.0000e+00
-1.675 -0.225 0.0000e+00
-1.675 -0.175 0.0000e+00
-1.675 -0.125 0.0000e+00
-1.675 -0.075 0.0000e+00
-1.675 -0.025 0.0000e+00
-1.675 0.025 0.0000e+00
-1.675 0.075 0.0000e+00
-1.675 0.125 0.0000e+00
-1.675 0.175 0.0000e+00
-1.675 0.225 0.0000e+00
-1.675 0.275 0.0000e+00
-1.675 0.325 0.0000e+00
-1.675 0.375 0.0000e+00
-1.675 0.425 0.0000e+00
-1.675 0.475 0.0000e+00
-1.675 0.525 0.0000e+00
-1.675 0.575 0.0000e+00
-1.675 0.625 0.0000e+00
-1.675 0.675 5.5438e-04
-1.675 0.725 1.0907e-03
-1.675 0.775 2.1383e-03
-1.675 0.825 4.1730e-03
-1.675 0.875 8.0984e-03
-1.675 0.925 1.5607e-02
-1.675 0.975 2.9819e-02
-1.675 1.025 5.6369e-02
-1.675 1.075 1.0518e-01
-1.675 1.125 1.9315e-01
-1.675 1.175 3.4796e-01
-1.675 1.225 6.1263e-01
-1.675 1.275 1.0497e+00
-1.675 1.325 1.7425e+00
-1.675 1.375 2.7893e+00
-1.675 1.425 4.2854e+00
-1.675 1.475 6.2925e+00
-1.675 1.525 8.7987e+00
-1.675 1.575 1.1685e+01
-1.675 1.625 1.4719e+01
-1.675 1.675 1.7584e+01
-1.675 1.725 1.9950e+01
-1.675 1.775 2.1554e+01
-1.675 1.825 2.2254e+01
-1.675 1.875 2.2051e+01
-1.675 1.925 2.1067e+01
-1.675 1.975 1.9497e+01
-1.675 2.025 1.7559e+01
-1.675 2.075 1.5453e+01
-1.675 2.125 1.3340e+01
-1.675 2.175 1.1333e+01
-1.675 2.225 9.5027e+00
-1.675 2.275 7.8831e+00
-1.675 2.325 6.4829e+00
-1.675 2.375 5.2940e+00
-1.675 2.425 4.2987e+00
-1.675 2.475 3.4746e+00
-1.675 2.525 2.7983e+00
-1.675 2.575 2.2470e+00
-1.675 2.625 1.8001e+00
-1.675 2.675 1.4393e+00
-1.675 2.725 1.1491e+00
-1.675 2.775 9.1628e-01
-1.675 2.825 7.2990e-01
-1.675 2.875 5.8096e-01
-1.675 2.925 4.6209e-01
-1.675 2.975 3.6733e-01
-1.675 3.025 2.9185e-01
-1.675 3.075 2.3178e-01
-1.675 3.125 1.8400e-01
-1.675 3.175 1.4601e-01
-1.675 3.225 1.1581e-01
-1.675 3.275 9.1823e-02
-1.675 3.325 7.2768e-02
-1.675 3.375 5.7635e-02
-1.675 3.425 4.5619e-02
-1.675 3.475 3.6078e-02
-1.675 3.525 2.8503e-02
-1.675 3.575 2.2485e-02
-1.675 3.625 1.7701e-02
-1.675 3.675 1.3890e-02
-1.675 3.725 1.0836e-02
-1.675 3.775 8.3411e-03
-1.675 3.825 0.0000e+00
-1.675 3.875 0.0000e+00
-1.675 3.925 0.0000e+00
-1.675 3.975 0.0000e+00
-1.625 -1.975 0.0000e+00
-1.625 -1.925 0.0000e+00
-1.625 -1.875 0.0000e+00
-1.625 -1.825 0.0000e+00
-1.625 -1.775 0.0000e+00
-1.625 -1.725 0.0000e+00
-1.625 -1.675 0.0000e+00
-1.625 -1.625 0.0000e+00
-1.625 -1.575 0.0000e+00
-1.625 -1.525 0.0000e+00
-1.625 -1.475 0.0000e+00
-1.625 -1.425 0.0000e+00
-1.625 -1.375 0.0000e+00
-1.625 -1.325 0.0000e+00
-1.625 -1.275 0.0000e+00
-1.625 -1.225 0.0000e+00
-1.625 -1.175 0.0000e+00
-1.625 -1.125 0.0000e+00
-1.625 -1.075 0.0000e+00
-1.625 -1.025 0.0000e+00
-1.625 -0.975 0.0000e+00
-1.625 -0.925 0.0000e+00
-1.625 -0.875 0.0000e+00
-1.625 -0.825 0.0000e+00
-1.625 -0.775 0.0000e+00
-1.625 -0.725 0.0000e+00
-1.625 -0.675 0.0000e+00
-1.625 -0.625 0.0000e+00
-1.625 -0.575 0.0000e+00
-1.625 -0.525 0.0000e+00
-1.625 -0.475 0.0000e+00
-1.625 -0.425 0.0000e+00
-1.625 -0.375 0.0000e+00
-1.625 -0.325 0.0000e+00
-1.625 -0.275 0.0000e+00
-1.625 -0.225 0.0000e+00
-1.625 -0.175 0.0000e+00
-1.625 -0.125 0.0000e+00
-1.625 -0.075 0.0000e+00
-1.625 -0.025 0.0000e+00
-1.625 0.025 0.0000e+00
-1.625 0.075 0.0000e+00
-1.625 0.125 0.0000e+00
-1.625 0.175 0.0000e+00
-1.625 0.225 0.0000e+00
-1.625 0.275 0.0000e+00
-1.625 0.325 0.0000e+00
-1.625 0.375 0.0000e+00
-1.625 0.425 0.0000e+00
-1.625 0.475 0.0000e+00
-1.625 0.525 0.0000e+00
-1.625 0.575 0.0000e+00
-1.625 0.625 0.0000e+00
-1.625 0.675 6.8797e-04
-1.625 0.725 1.3487e-03
-1.625 0.775 2.6319e-03
-1.625 0.825 5.1074e-03
-1.625 0.875 9.8425e-03
-1.625 0.925 1.8804e-02
-1.625 0.975 3.5545e-02
-1.625 1.025 6.6318e-02
-1.625 1.075 1.2178e-01
-1.625 1.125 2.1938e-01
-1.625 1.175 3.8622e-01
-1.625 1.225 6.6173e-01
-1.625 1.275 1.0984e+00
-1.625 1.325 1.7582e+00
-1.625 1.375 2.7012e+00
-1.625 1.425 3.9662e+00
-1.625 1.475 5.5457e+00
-1.625 1.525 7.3650e+00
-1.625 1.575 9.2771e+00
-1.625 1.625 1.1083e+01
-1.625 1.675 1.2576e+01
-1.625 1.725 1.3587e+01
-1.625 1.775 1.4029e+01
-1.625 1.825 1.3902e+01
-1.625 1.875 1.3283e+01
-1.625 1.925 1.2294e+01
-1.625 1.975 1.1073e+01
-1.625 2.025 9.7455e+00
-1.625 2.075 8.4135e+00
-1.625 2.125 7.1484e+00
-1.625 2.175 5.9944e+00
-1.625 2.225 4.9730e+00
-1.625 2.275 4.0900e+00
-1.625 2.325 3.3402e+00
-1.625 2.375 2.7124e+00
-1.625 2.425 2.1926e+00
-1.625 2.475 1.7659e+00
-1.625 2.525 1.4181e+00
-1.625 2.575 1.1361e+00
-1.625 2.625 9.0851e-01
-1.625 2.675 7.2539e-01
-1.625 2.725 5.7847e-01
-1.625 2.775 4.6084e-01
-1.625 2.825 3.6684e-01
-1.625 2.875 2.9182e-01
-1.625 2.925 2.3200e-01
-1.625 2.975 1.8436e-01
-1.625 3.025 1.4644e-01
-1.625 3.075 1.1627e-01
-1.625 3.125 9.2287e-02
-1.625 3.175 7.3222e-02
-1.625 3.225 5.8074e-02
-1.625 3.275 4.6040e-02
-1.625 3.325 3.6483e-02
-1.625 3.375 2.8895e-02
-1.625 3.425 2.2870e-02
-1.625 3.475 1.8086e-02
-1.625 3.525 1.4288e-02
-1.625 3.575 1.1272e-02
-1.625 3.625 8.8733e-03
-1.625 3.675 6.9626e-03
-1.625 3.725 5.4318e-03
-1.625 3.775 4.1812e-03
-1.625 3.825 0.0000e+00
-1.625 3.875 0.0000e+00
-1.625 3.925 0.0000e+00
-1.625 3.975 0.0000e+00
-1.575 -1.975 0.0000e+00
-1.575 -1.925 0.0000e+00
-1.575 -1.875 0.0000e+00
-1.575 -1.825 0.0000e+00
-1.575 -1.775 0.0000e+00
-1.575 -1.725 0.0000e+00
-1.575 -1.675 0.0000e+00
-1.575 -1.625 0.0000e+00
-1.575 -1.575 0.0000e+00
-1.575 -1.525 0.0000e+00
-1.575 -1.475 0.0000e+00
-1.575 -1.425 0.0000e+00
-1.575 -1.375 0.0000e+00
-1.575 -1.325 0.0000e+00
-1.575 -1.275 0.0000e+00
-1.575 -1.225 0.0000e+00
-1.575 -1.175 0.0000e+00
-1.575 -1.125 0.0000e+00
-1.575 -1.075 0.0000e+00
-1.575 -1.025 0.0000e+00
-1.575 -0.975 0.0000e+00
-1.575 -0.925 0.0000e+00
-1.575 -0.875 0.0000e+00
-1.575 -0.825 0.0000e+00
-1.575 -0.775 0.0000e+00
-1.575 -0.725 0.0000e+00
-1.575 -0.675 0.0000e+00
-1.575 -0.625 0.0000e+00
-1.575 -0.575 0.0000e+00
-1.575 -0.525 0.0000e+00
-1.575 -0.475 0.0000e+00
-1.575 -0.425 0.0000e+00
-1.575 -0.375 0.0000e+00
-1.575 -0.325 0.0000e+00
-1.575 -0.275 0.0000e+00
-1.575 -0.225 0.0000e+00
-1.575 -0.175 0.0000e+00
-1.575 -0.125 0.0000e+00
-1.575 -0.075 0.0000e+00
-1.575 -0.025 0.0000e+00
-1.575 0.025 0.0000e+00
-1.575 0.075 0.0000e+00
-1.575 0.125 0.0000e+00
-1.575 0.175 0.0000e+00
-1.575 0.225 0.0000e+00
-1.575 0.275 0.0000e+00
-1.575 0.325 0.0000e+00
-1.575 0.375 0.0000e+00
-1.575 0.425 0.0000e+00
-1.575 0.475 0.0000e+00
-1.575 0.525 0.0000e+00
-1.575 0.575 0.0000e+00
-1.575 0.625 0.0000e+00
-1.575 0.675 8.5065e-04
-1.575 0.725 1.6600e-03
-1.575 0.775 3.2212e-03
-1.575 0.825 6.2074e-03
-1.575 0.875 1.1859e-02
-1.575 0.925 2.2415e-02
-1.575 0.975 4.1819e-02
-1.575 1.025 7.6790e-02
-1.575 1.075 1.3832e-01
-1.575 1.125 2.4351e-01
-1.575 1.175 4.1720e-01
-1.575 1.225 6.9248e-01
-1.575 1.275 1.1084e+00
-1.575 1.325 1.7028e+00
-1.575 1.375 2.5002e+00
-1.575 1.425 3.4959e+00
-1.575 1.475 4.6427e+00
-1.575 1.525 5.8481e+00
-1.575 1.575 6.9869e+00
-1.575 1.625 7.9280e+00
-1.575 1.675 8.5661e+00
-1.575 1.725 8.8452e+00
-1.575 1.775 8.7657e+00
-1.575 1.825 8.3758e+00
-1.575 1.875 7.7529e+00
-1.575 1.925 6.9833e+00
-1.575 1.975 6.1467e+00
-1.575 2.025 5.3069e+00
-1.575 2.075 4.5093e+00
-1.575 2.125 3.7815e+00
-1.575 2.175 3.1374e+00
-1.575 2.225 2.5805e+00
-1.575 2.275 2.1075e+00
-1.575 2.325 1.7115e+00
-1.575 2.375 1.3836e+00
-1.575 2.425 1.1144e+00
-1.575 2.475 8.9501e-01
-1.575 2.525 7.1709e-01
-1.575 2.575 5.7346e-01
-1.575 2.625 4.5790e-01
-1.575 2.675 3.6519e-01
-1.575 2.725 2.9096e-01
-1.575 2.775 2.3163e-01
-1.575 2.825 1.8428e-01
-1.575 2.875 1.4652e-01
-1.575 2.925 1.1645e-01
-1.575 2.975 9.2510e-02
-1.575 3.025 7.3466e-02
-1.575 3.075 5.8322e-02
-1.575 3.125 4.6284e-02
-1.575 3.175 3.6718e-02
-1.575 3.225 2.9119e-02
-1.575 3.275 2.3084e-02
-1.575 3.325 1.8291e-02
-1.575 3.375 1.4486e-02
-1.575 3.425 1.1465e-02
-1.575 3.475 9.0670e-03
-1.575 3.525 7.1629e-03
-1.575 3.575 5.6505e-03
-1.575 3.625 4.4482e-03
-1.575 3.675 3.4903e-03
-1.575 3.725 2.7229e-03
-1.575 3.775 2.0960e-03
-1.575 3.825 0.0000e+00
-1.575 3.875 0.0000e+00
-1.575 3.925 0.0000e+00
-1.575 3.975 0.0000e+00
-1.525 -1.975 0.0000e+00
-1.525 -1.925 0.0000e+00
-1.525 -1.875 0.0000e+00
-1.525 -1.825 0.0000e+00
-1.525 -1.775 0.0000e+00
-1.525 -1.725 0.0000e+00
-1.525 -1.675 0.0000e+00
-1.525 -1.625 0.0000e+00
-1.525 -1.575 0.0000e+00
-1.525 -1.525 0.0000e+00
-1.525 -1.475 0.0000e+00
-1.525 -1.425 0.0000e+00
-1.525 -1.375 0.0000e+00
-1.525 -1.325 0.0000e+00
-1.525 -1.275 0.0000e+00
-1.525 -1.225 0.0000e+00
-1.525 -1.175 0.0000e+00
-1.525 -1.125 0.0000e+00
-1.525 -1.075 0.0000e+00
-1.525 -1.025 0.0000e+00
-1.525 -0.975 0.0000e+00
-1.525 -0.925 0.0000e+00
-1.525 -0.875 0.0000e+00
-1.525 -0.825 0.0000e+00
-1.525 -0.775 0.0000e+00
-1.525 -0.725 0.0000e+00
-1.525 -0.675 0.0000e+00
-1.525 -0.625 0.0000e+00
-1.525 -0.575 0.0000e+00
-1.525 -0.525 0.0000e+00
-1.525 -0.475 0.0000e+00
-1.525 -0.425 0.0000e+00
-1.525 -0.375 0.0000e+00
-1.525 -0.325 0.0000e+00
-1.525 -0.275 0.0000e+00
-1.525 -0.225 0.0000e+00
-1.525 -0.175 0.0000e+00
-1.525 -0.125 0.0000e+00
-1.525 -0.075 0.0000e+00
-1.525 -0.025 0.0000e+00
-1.525 0.025 0.0000e+00
-1.525 0.075 0.0000e+00
-1.525 0.125 0.0000e+00
-1.525 0.175 0.0000e+00
-1.525 0.225 0.0000e+00
-1.525 0.275 0.0000e+00
-1.525 0.325 0.0000e+00
-1.525 0.375 0.0000e+00
-1.525 0.425 0.0000e+00
-1.525 0.475 0.0000e+00
-1.525 0.525 0.0000e+00
-1.525 0.575 0.0000e+00
-1.525 0.625 0.0000e+00
-1.525 0.675 1.0470e-03
-1.525 0.725 2.0317e-03
-1.525 0.775 3.9150e-03
-1.525 0.825 7.4790e-03
-1.525 0.875 1.4136e-02
-1.525 0.925 2.6372e-02
-1.525 0.975 4.8423e-02
-1.525 1.025 8.7222e-02
-1.525 1.075 1.5354e-01
-1.525 1.125 2.6305e-01
-1.525 1.175 4.3660e-01
-1.525 1.225 6.9879e-01
-1.525 1.275 1.0735e+00
-1.525 1.325 1.5762e+00
-1.525 1.375 2.2039e+00
-1.525 1.425 2.9269e+00
-1.525 1.475 3.6870e+00
-1.525 1.525 4.4050e+00
-1.525 1.575 4.9986e+00
-1.525 1.625 5.4012e+00
-1.525 1.675 5.5775e+00
-1.525 1.725 5.5277e+00
-1.525 1.775 5.2822e+00
-1.525 1.825 4.8896e+00
-1.525 1.875 4.4046e+00
-1.525 1.925 3.8771e+00
-1.525 1.975 3.3477e+00
-1.525 2.025 2.8447e+00
-1.525 2.075 2.3857e+00
-1.525 2.125 1.9795e+00
-1.525 2.175 1.6282e+00
-1.525 2.225 1.3299e+00
-1.525 2.275 1.0800e+00
-1.525 2.325 8.7317e-01
-1.525 2.375 7.0334e-01
-1.525 2.425 5.6488e-01
-1.525 2.475 4.5261e-01
-1.525 2.525 3.6198e-01
-1.525 2.575 2.8906e-01
-1.525 2.625 2.3054e-01
-1.525 2.675 1.8369e-01
-1.525 2.725 1.4625e-01
-1.525 2.775 1.1636e-01
-1.525 2.825 9.2531e-02
-1.525 2.875 7.3548e-02
-1.525 2.925 5.8436e-02
-1.525 2.975 4.6413e-02
-1.525 3.025 3.6851e-02
-1.525 3.075 2.9251e-02
-1.525 3.125 2.3211e-02
-1.525 3.175 1.8412e-02
-1.525 3.225 1.4601e-02
-1.525 3.275 1.1574e-02
-1.525 3.325 9.1708e-03
-1.525 3.375 7.2627e-03
-1.525 3.425 5.7480e-03
-1.525 3.475 4.5456e-03
-1.525 3.525 3.5909e-03
-1.525 3.575 2.8327e-03
-1.525 3.625 2.2299e-03
-1.525 3.675 1.7497e-03
-1.525 3.725 1.3650e-03
-1.525 3.775 0.0000e+00
-1.525 3.825 0.0000e+00
-1.525 3.875 0.0000e+00
-1.525 3.925 0.0000e+00
-1.525 3.975 0.0000e+00
-1.475 -1.975 0.0000e+00
-1.475 -1.925 0.0000e+00
-1.475 -1.875 0.0000e+00
-1.475 -1.825 0.0000e+00
-1.475 -1.775 0.0000e+00
-1.475 -1.725 0.0000e+00
-1.475 -1.675 0.0000e+00
-1.475 -1.625 0.0000e+00
-1.475 -1.575 0.0000e+00
-1.475 -1.525 0.0000e+00
-1.475 -1.475 0.0000e+00
-1.475 -1.425 0.0000e+00
-1.475 -1.375 0.0000e+00
-1.475 -1.325 0.0000e+00
-1.475 -1.275 0.0000e+00
-1.475 -1.225 0.0000e+00
-1.475 -1.175 0.0000e+00
-1.475 -1.125 0.0000e+00
-1.475 -1.075 0.0000e+00
-1.475 -1.025 0.0000e+00
-1.475 -0.975 0.0000e+00
-1.475 -0.925 0.0000e+00
-1.475 -0.875 0.0000e+00
-1.475 -0.825 0.0000e+00
-1.475 -0.775 0.0000e+00
-1.475 -0.725 0.0000e+00
-1.475 -0.675 0.0000e+00
-1.475 -0.625 0.0000e+00
-1.475 -0.575 0.0000e+00
-1.475 -0.525 0.0000e+00
-1.475 -0.475 0.0000e+00
-1.475 -0.425 0.0000e+00
-1.475 -0.375 0.0000e+00
-1.475 -0.325 0.0000e+00
-1.475 -0.275 0.0000e+00
-1.475 -0.225 0.0000e+00
-1.475 -0.175 0.0000e+00
-1.475 -0.125 0.0000e+00
-1.475 -0.075 0.0000e+00
-1.475 -0.025 0.0000e+00
-1.475 0.025 0.0000e+00
-1.475 0.075 0.0000e+00
-1.475 0.125 0.0000e+00
-1.475 0.175 0.0000e+00
-1.475 0.225 0.0000e+00
-1.475 0.275 0.0000e+00
-1.475 0.325 0.0000e+00
-1.475 0.375 0.0000e+00
-1.475 0.425 0.0000e+00
-1.475 0.475 0.0000e+00
-1.475 0.525 0.0000e+00
-1.475 0.575 0.0000e+00
-1.475 0.625 0.0000e+00
-1.475 0.675 1.2815e-03
-1.475 0.725 2.4693e-03
-1.475 0.775 4.7170e-03
-1.475 0.825 8.9153e-03
-1.475 0.875 1.6632e-02
-1.475 0.925 3.0537e-02
-1.475 0.975 5.5003e-02
-1.475 1.025 9.6821e-02
-1.475 1.075 1.6587e-01
-1.475 1.125 2.7529e-01
-1.475 1.175 4.4060e-01
-1.475 1.225 6.7686e-01
-1.475 1.275 9.9381e-01
-1.475 1.325 1.3896e+00
-1.475 1.375 1.8455e+00
-1.475 1.425 2.3247e+00
-1.475 1.475 2.7776e+00
-1.475 1.525 3.1520e+00
-1.475 1.575 3.4060e+00
-1.475 1.625 3.5174e+00
-1.475 1.675 3.4862e+00
-1.475 1.725 3.3315e+00
-1.475 1.775 3.0842e+00
-1.475 1.825 2.7784e+00
-1.475 1.875 2.4458e+00
-1.475 1.925 2.1120e+00
-1.475 1.975 1.7947e+00
-1.475 2.025 1.5053e+00
-1.475 2.075 1.2490e+00
-1.475 2.125 1.0274e+00
-1.475 2.175 8.3921e-01
-1.475 2.225 6.8159e-01
-1.475 2.275 5.5106e-01
-1.475 2.325 4.4390e-01
-1.475 2.375 3.5654e-01
-1.475 2.425 2.8569e-01
-1.475 2.475 2.2849e-01
-1.475 2.525 1.8247e-01
-1.475 2.575 1.4554e-01
-1.475 2.625 1.1598e-01
-1.475 2.675 9.2342e-02
-1.475 2.725 7.3476e-02
-1.475 2.775 5.8434e-02
-1.475 2.825 4.6450e-02
-1.475 2.875 3.6910e-02
-1.475 2.925 2.9319e-02
-1.475 2.975 2.3283e-02
-1.475 3.025 1.8484e-02
-1.475 3.075 1.4670e-02
-1.475 3.125 1.1640e-02
-1.475 3.175 9.2328e-03
-1.475 3.225 7.3211e-03
-1.475 3.275 5.8032e-03
-1.475 3.325 4.5980e-03
-1.475 3.375 3.6413e-03
-1.475 3.425 2.8818e-03
-1.475 3.475 2.2789e-03
-1.475 3.525 1.8003e-03
-1.475 3.575 1.4201e-03
-1.475 3.625 1.1179e-03
-1.475 3.675 8.7720e-04
-1.475 3.725 6.8432e-04
-1.475 3.775 0.0000e+00
-1.475 3.825 0.0000e+00
-1.475 3.875 0.0000e+00
-1.475 3.925 0.0000e+00
-1.475 3.975 0.0000e+00
-1.425 -1.975 0.0000e+00
-1.425 -1.925 0.0000e+00
-1.425 -1.875 0.0000e+00
-1.425 -1.825 0.0000e+00
-1.425 -1.775 0.0000e+00
-1.425 -1.725 0.0000e+00
-1.425 -1.675 0.0000e+00
-1.425 -1.625 0.0000e+00
-1.425 -1.575 0.0000e+00
-1.425 -1.525 0.0000e+00
-1.425 -1.475 0.0000e+00
-1.425 -1.425 0.0000e+00
-1.425 -1.375 0.0000e+00
-1.425 -1.325 0.0000e+00
-1.425 -1.275 0.0000e+00
-1.425 -1.225 0.0000e+00
-1.425 -1.175 0.0000e+00
-1.425 -1.125 0.0000e+00
-1.425 -1.075 0.0000e+00
-1.425 -1.025 0.0000e+00
-1.425 -0.975 0.0000e+00
-1.425 -0.925 0.0000e+00
-1.425 -0.875 0.0000e+00
-1.425 -0.825 0.0000e+00
-1.425 -0.775 0.0000e+00
-1.425 -0.725 0.0000e+00
-1.425 -0.675 0.0000e+00
-1.425 -0.625 0.0000e+00
-1.425 -0.575 0.0000e+00
-1.425 -0.525 0.0000e+00
-1.425 -0.475 0.0000e+00
-1.425 -0.425 0.0000e+00
-1.425 -0.375 0.0000e+00
-1.425 -0.325 0.0000e+00
-1.425 -0.275 0.0000e+00
-1.425 -0.225 0.0000e+00
-1.425 -0.175 0.0000e+00
-1.425 -0.125 0.0000e+00
-1.425 -0.075 0.0000e+00
-1.425 -0.025 0.0000e+00
-1.425 0.025 0.0000e+00
-1.425 0.075 0.0000e+00
-1.425 0.125 0.0000e+00
-1.425 0.175 0.0000e+00
-1.425 0.225 0.0000e+00
-1.425 0.275 0.0000e+00
-1.425 0.325 0.0000e+00
-1.425 0.375 0.0000e+00
-1.425 0.425 0.0000e+00
-1.425 0.475 0.0000e+00
-1.425 0.525 0.0000e+00
-1.425 0.575 0.0000e+00
-1.425 0.625 0.0000e+00
-1.425 0.675 1.5575e-03
-1.425 0.725 2.9751e-03
-1.425 0.775 5.6229e-03
-1.425 0.825 1.0489e-02
-1.425 0.875 1.9259e-02
-1.425 0.925 3.4687e-02
-1.425 0.975 6.1057e-02
-1.425 1.025 1.0460e-01
-1.425 1.075 1.7360e-01
-1.425 1.125 2.7783e-01
-1.425 1.175 4.2681e-01
-1.425 1.225 6.2666e-01
-1.425 1.275 8.7623e-01
-1.425 1.325 1.1637e+00
-1.425 1.375 1.4660e+00
-1.425 1.425 1.7516e+00
-1.425 1.475 1.9878e+00
-1.425 1.525 2.1481e+00
-1.425 1.575 2.2185e+00
-1.425 1.625 2.1989e+00
-1.425 1.675 2.1015e+00
-1.425 1.725 1.9456e+00
-1.425 1.775 1.7528e+00
-1.425 1.825 1.5431e+00
-1.425 1.875 1.3325e+00
-1.425 1.925 1.1324e+00
-1.425 1.975 9.4983e-01
-1.425 2.025 7.8818e-01
-1.425 2.075 6.4837e-01
-1.425 2.125 5.2962e-01
-1.425 2.175 4.3017e-01
-1.425 2.225 3.4780e-01
-1.425 2.275 2.8018e-01
-1.425 2.325 2.2505e-01
-1.425 2.375 1.8034e-01
-1.425 2.425 1.4424e-01
-1.425 2.475 1.1519e-01
-1.425 2.525 9.1887e-02
-1.425 2.575 7.3224e-02
-1.425 2.625 5.8305e-02
-1.425 2.675 4.6396e-02
-1.425 2.725 3.6901e-02
-1.425 2.775 2.9336e-02
-1.425 2.825 2.3313e-02
-1.425 2.875 1.8520e-02
-1.425 2.925 1.4709e-02
-1.425 2.975 1.1679e-02
-1.425 3.025 9.2707e-03
-1.425 3.075 7.3572e-03
-1.425 3.125 5.8371e-03
-1.425 3.175 4.6298e-03
-1.425 3.225 3.6711e-03
-1.425 3.275 2.9098e-03
-1.425 3.325 2.3055e-03
-1.425 3.375 1.8257e-03
-1.425 3.425 1.4449e-03
-1.425 3.475 1.1426e-03
-1.425 3.525 9.0261e-04
-1.425 3.575 7.1201e-04
-1.425 3.625 5.6050e-04
-1.425 3.675 4.3980e-04
-1.425 3.725 3.4309e-04
-1.425 3.775 0.0000e+00
-1.425 3.825 0.0000e+00
-1.425 3.875 0.0000e+00
-1.425 3.925 0.0000e+00
-1.425 3.975 0.0000e+00
-1.375 -1.975 0.0000e+00
-1.375 -1.925 0.0000e+00
-1.375 -1.875 0.0000e+00
-1.375 -1.825 0.0000e+00
-1.375 -1.775 0.0000e+00
-1.375 -1.725 0.0000e+00
-1.375 -1.675 0.0000e+00
-1.375 -1.625 0.0000e+00
-1.375 -1.575 0.0000e+00
-1.375 -1.525 0.0000e+00
-1.375 -1.475 0.0000e+00
-1.375 -1.425 0.0000e+00
-1.375 -1.375 0.0000e+00
-1.375 -1.325 0.0000e+00
-1.375 -1.275 0.0000e+00
-1.375 -1.225 0.0000e+00
-1.375 -1.175 0.0000e+00
-1.375 -1.125 0.0000e+00
-1.375 -1.075 0.0000e+00
-1.375 -1.025 0.0000e+00
-1.375 -0.975 0.0000e+00
-1.375 -0.925 0.0000e+00
-1.375 -0.875 0.0000e+00
-1.375 -0.825 0.0000e+00
-1.375 -0.775 0.0000e+00
-1.375 -0.725 0.0000e+00
-1.375 -0.675 0.0000e+00
-1.375 -0.625 0.0000e+00
-1.375 -0.575 0.0000e+00
-1.375 -0.525 0.0000e+00
-1.375 -0.475 0.0000e+00
-1.375 -0.425 0.0000e+00
-1.375 -0.375 0.0000e+00
-1.375 -0.325 0.0000e+00
-1.375 -0.275 0.0000e+00
-1.375 -0.225 0.0000e+00
-1.375 -0.175 0.0000e+00
-1.375 -0.125 0.0000e+00
-1.375 -0.075 0.0000e+00
-1.375 -0.025 0.0000e+00
-1.375 0.025 0.0000e+00
-1.375 0.075 0.0000e+00
-1.375 0.125 0.0000e+00
-1.375 0.175 0.0000e+00
-1.375 0.225 0.0000e+00
-1.375 0.275 0.0000e+00
-1.375 0.325 0.0000e+00
-1.375 0.375 0.0000e+00
-1.375 0.425 0.0000e+00
-1.375 0.475 0.0000e+00
-1.375 0.525 0.0000e+00
-1.375 0.575 0.0000e+00
-1.375 0.625 0.0000e+00
-1.375 0.675 1.8765e-03
-1.375 0.725 3.5465e-03
-1.375 0.775 6.6157e-03
-1.375 0.825 1.2146e-02
-1.375 0.875 2.1876e-02
-1.375 0.925 3.8506e-02
-1.375 0.975 6.5963e-02
-1.375 1.025 1.0948e-01
-1.375 1.075 1.7521e-01
-1.375 1.125 2.6916e-01
-1.375 1.175 3.9519e-01
-1.375 1.225 5.5258e-01
-1.375 1.275 7.3390e-01
-1.375 1.325 9.2454e-01
-1.375 1.375 1.1047e+00
-1.375 1.425 1.2537e+00
-1.375 1.475 1.3549e+00
-1.375 1.525 1.3994e+00
-1.375 1.575 1.3871e+00
-1.375 1.625 1.3258e+00
-1.375 1.675 1.2275e+00
-1.375 1.725 1.1059e+00
-1.375 1.775 9.7364e-01
-1.375 1.825 8.4082e-01
-1.375 1.875 7.1461e-01
-1.375 1.925 5.9941e-01
-1.375 1.975 4.9742e-01
-1.375 2.025 4.0920e-01
-1.375 2.075 3.3427e-01
-1.375 2.125 2.7151e-01
-1.375 2.175 2.1954e-01
-1.375 2.225 1.7686e-01
-1.375 2.275 1.4206e-01
-1.375 2.325 1.1384e-01
-1.375 2.375 9.1061e-02
-1.375 2.425 7.2727e-02
-1.375 2.475 5.8014e-02
-1.375 2.525 4.6233e-02
-1.375 2.575 3.6816e-02
-1.375 2.625 2.9298e-02
-1.375 2.675 2.3303e-02
-1.375 2.725 1.8527e-02
-1.375 2.775 1.4725e-02
-1.375 2.825 1.1699e-02
-1.375 2.875 9.2923e-03
-1.375 2.925 7.3790e-03
-1.375 2.975 5.8582e-03
-1.375 3.025 4.6498e-03
-1.375 3.075 3.6898e-03
-1.375 3.125 2.9273e-03
-1.375 3.175 2.3217e-03
-1.375 3.225 1.8409e-03
-1.375 3.275 1.4591e-03
-1.375 3.325 1.1560e-03
-1.375 3.375 9.1547e-04
-1.375 3.425 7.2450e-04
-1.375 3.475 5.7292e-04
-1.375 3.525 4.5258e-04
-1.375 3.575 3.5701e-04
-1.375 3.625 2.8104e-04
-1.375 3.675 2.2052e-04
-1.375 3.725 1.7203e-04
-1.375 3.775 0.0000e+00
-1.375 3.825 0.0000e+00
-1.375 3.875 0.0000e+00
-1.375 3.925 0.0000e+00
-1.375 3.975 0.0000e+00
-1.325 -1.975 0.0000e+00
-1.325 -1.925 0.0000e+00
-1.325 -1.875 0.0000e+00
-1.325 -1.825 0.0000e+00
-1.325 -1.775 0.0000e+00
-1.325 -1.725 0.0000e+00
-1.325 -1.675 0.0000e+00
-1.325 -1.625 0.0000e+00
-1.325 -1.575 0.0000e+00
-1.325 -1.525 0.0000e+00
-1.325 -1.475 0.0000e+00
-1.325 -1.425 0.0000e+00
-1.325 -1.375 0.0000e+00
-1.325 -1.325 0.0000e+00
-1.325 -1.275 0.0000e+00
-1.325 -1.225 0.0000e+00
-1.325 -1.175 0.0000e+00
-1.325 -1.125 0.0000e+00
-1.325 -1.075 0.0000e+00
-1.325 -1.025 0.0000e+00
-1.325 -0.975 0.0000e+00
-1.325 -0.925 0.0000e+00
-1.325 -0.875 0.0000e+00
-1.325 -0.825 0.0000e+00
-1.325 -0.775 0.0000e+00
-1.325 -0.725 0.0000e+00
-1.325 -0.675 0.0000e+00
-1.325 -0.625 0.0000e+00
-1.325 -0.575 0.0000e+00
-1.325 -0.525 0.0000e+00
-1.325 -0.475 0.0000e+00
-1.325 -0.425 0.0000e+00
-1.325 -0.375 0.0000e+00
-1.325 -0.325 0.0000e+00
-1.325 -0.275 0.0000e+00
-1.325 -0.225 0.0000e+00
-1.325 -0.175 0.0000e+00
-1.325 -0.125 0.0000e+00
-1.325 -0.075 0.0000e+00
-1.325 -0.025 0.0000e+00
-1.325 0.025 0.0000e+00
-1.325 0.075 0.0000e+00
-1.325 0.125 0.0000e+00
-1.325 0.175 0.0000e+00
-1.325 0.225 0.0000e+00
-1.325 0.275 0.0000e+00
-1.325 0.325 0.0000e+00
-1.325 0.375 0.0000e+00
-1.325 0.425 0.0000e+00
-1.325 0.475 0.0000e+00
-1.325 0.525 0.0000e+00
-1.325 0.575 0.0000e+00
-1.325 0.625 0.0000e+00
-1.325 0.675 2.2369e-03
-1.325 0.725 4.1727e-03
-1.325 0.775 7.6608e-03
-1.325 0.825 1.3797e-02
-1.325 0.875 2.4286e-02
-1.325 0.925 4.1602e-02
-1.325 0.975 6.9045e-02
-1.325 1.025 1.1050e-01
-1.325 1.075 1.6975e-01
-1.325 1.125 2.4924e-01
-1.325 1.175 3.4852e-01
-1.325 1.225 4.6289e-01
-1.325 1.275 5.8315e-01
-1.325 1.325 6.9682e-01
-1.325 1.375 7.9086e-01
-1.325 1.425 8.5474e-01
-1.325 1.475 8.8284e-01
-1.325 1.525 8.7516e-01
-1.325 1.575 8.3649e-01
-1.325 1.625 7.7452e-01
-1.325 1.675 6.9785e-01
-1.325 1.725 6.1442e-01
-1.325 1.775 5.3064e-01
-1.325 1.825 4.5100e-01
-1.325 1.875 3.7832e-01
-1.325 1.925 3.1396e-01
-1.325 1.975 2.5829e-01
-1.325 2.025 2.1100e-01
-1.325 2.075 1.7139e-01
-1.325 2.125 1.3859e-01
-1.325 2.175 1.1165e-01
-1.325 2.225 8.9687e-02
-1.325 2.275 7.1875e-02
-1.325 2.325 5.7493e-02
-1.325 2.375 4.5919e-02
-1.325 2.425 3.6631e-02
-1.325 2.475 2.9194e-02
-1.325 2.525 2.3248e-02
-1.325 2.575 1.8502e-02
-1.325 2.625 1.4717e-02
-1.325 2.675 1.1702e-02
-1.325 2.725 9.3006e-03
-1.325 2.775 7.3900e-03
-1.325 2.825 5.8704e-03
-1.325 2.875 4.6621e-03
-1.325 2.925 3.7018e-03
-1.325 2.975 2.9386e-03
-1.325 3.025 2.3323e-03
-1.325 3.075 1.8507e-03
-1.325 3.125 1.4681e-03
-1.325 3.175 1.1644e-03
-1.325 3.225 9.2321e-04
-1.325 3.275 7.3174e-04
-1.325 3.325 5.7974e-04
-1.325 3.375 4.5909e-04
-1.325 3.425 3.6332e-04
-1.325 3.475 2.8730e-04
-1.325 3.525 2.2696e-04
-1.325 3.575 1.7903e-04
-1.325 3.625 1.4093e-04
-1.325 3.675 1.1058e-04
-1.325 3.725 8.6266e-05
-1.325 3.775 0.0000e+00
-1.325 3.825 0.0000e+00
-1.325 3.875 0.0000e+00
-1.325 3.925 0.0000e+00
-1.325 3.975 0.0000e+00
-1.275 -1.975 0.0000e+00
-1.275 -1.925 0.0000e+00
-1.275 -1.875 0.0000e+00
-1.275 -1.825 0.0000e+00
-1.275 -1.775 0.0000e+00
-1.275 -1.725 0.0000e+00
-1.275 -1.675 0.0000e+00
-1.275 -1.625 0.0000e+00
-1.275 -1.575 0.0000e+00
-1.275 -1.525 0.0000e+00
-1.275 -1.475 0.0000e+00
-1.275 -1.425 0.0000e+00
-1.275 -1.375 0.0000e+00
-1.275 -1.325 0.0000e+00
-1.275 -1.275 0.0000e+00
-1.275 -1.225 0.0000e+00
-1.275 -1.175 0.0000e+00
-1.275 -1.125 0.0000e+00
-1.275 -1.075 0.0000e+00
-1.275 -1.025 0.0000e+00
-1.275 -0.975 0.0000e+00
-1.275 -0.925 0.0000e+00
-1.275 -0.875 0.0000e+00
-1.275 -0.825 0.0000e+00
-1.275 -0.775 0.0000e+00
-1.275 -0.725 0.0000e+00
-1.275 -0.675 0.0000e+00
-1.275 -0.625 0.0000e+00
-1.275 -0.575 0.0000e+00
-1.275 -0.525 0.0000e+00
-1.275 -0.475 0.0000e+00
-1.275 -0.425 0.0000e+00
-1.275 -0.375 0.0000e+00
-1.275 -0.325 0.0000e+00
-1.275 -0.275 0.0000e+00
-1.275 -0.225 0.0000e+00
-1.275 -0.175 0.0000e+00
-1.275 -0.125 0.0000e+00
-1.275 -0.075 0.0000e+00
-1.275 -0.025 0.0000e+00
-1.275 0.025 0.0000e+00
-1.275 0.075 0.0000e+00
-1.275 0.125 0.0000e+00
-1.275 0.175 0.0000e+00
-1.275 0.225 0.0000e+00
-1.275 0.275 0.0000e+00
-1.275 0.325 0.0000e+00
-1.275 0.375 0.0000e+00
-1.275 0.425 0.0000e+00
-1.275 0.475 0.0000e+00
-1.275 0.525 0.0000e+00
-1.275 0.575 0.0000e+00
-1.275 0.625 0.0000e+00
-1.275 0.675 2.6319e-03
-1.275 0.725 4.8320e-03
-1.275 0.775 8.7025e-03
-1.275 0.825 1.5318e-02
-1.275 0.875 2.6239e-02
-1.275 0.925 4.3548e-02
-1.275 0.975 6.9696e-02
-1.275 1.025 1.0707e-01
-1.275 1.075 1.5721e-01
-1.275 1.125 2.1983e-01
-1.275 1.175 2.9199e-01
-1.275 1.225 3.6786e-01
-1.275 1.275 4.3960e-01
-1.275 1.325 4.9895e-01
-1.275 1.375 5.3928e-01
-1.275 1.425 5.5704e-01
-1.275 1.475 5.5224e-01
-1.275 1.525 5.2787e-01
-1.275 1.575 4.8879e-01
-1.275 1.625 4.4043e-01
-1.275 1.675 3.8780e-01
-1.275 1.725 3.3493e-01
-1.275 1.775 2.8468e-01
-1.275 1.825 2.3881e-01
-1.275 1.875 1.9819e-01
-1.275 1.925 1.6306e-01
-1.275 1.975 1.3321e-01
-1.275 2.025 1.0821e-01
-1.275 2.075 8.7499e-02
-1.275 2.125 7.0495e-02
-1.275 2.175 5.6629e-02
-1.275 2.225 4.5384e-02
-1.275 2.275 3.6304e-02
-1.275 2.325 2.8997e-02
-1.275 2.375 2.3132e-02
-1.275 2.425 1.8437e-02
-1.275 2.475 1.4682e-02
-1.275 2.525 1.1685e-02
-1.275 2.575 9.2955e-03
-1.275 2.625 7.3912e-03
-1.275 2.675 5.8750e-03
-1.275 2.725 4.6685e-03
-1.275 2.775 3.7088e-03
-1.275 2.825 2.9457e-03
-1.275 2.875 2.3392e-03
-1.275 2.925 1.8571e-03
-1.275 2.975 1.4742e-03
-1.275 3.025 1.1699e-03
-1.275 3.075 9.2830e-04
-1.275 3.125 7.3640e-04
-1.275 3.175 5.8403e-04
-1.275 3.225 4.6305e-04
-1.275 3.275 3.6701e-04
-1.275 3.325 2.9077e-04
-1.275 3.375 2.3025e-04
-1.275 3.425 1.8222e-04
-1.275 3.475 1.4409e-04
-1.275 3.525 1.1383e-04
-1.275 3.575 8.9789e-05
-1.275 3.625 7.0681e-05
-1.275 3.675 5.5460e-05
-1.275 3.725 4.3265e-05
-1.275 3.775 0.0000e+00
-1.275 3.825 0.0000e+00
-1.275 3.875 0.0000e+00
-1.275 3.925 0.0000e+00
-1.275 3.975 0.0000e+00
-1.225 -1.975 0.0000e+00
-1.225 -1.925 0.0000e+00
-1.225 -1.875 0.0000e+00
-1.225 -1.825 0.0000e+00
-1.225 -1.775 0.0000e+00
-1.225 -1.725 0.0000e+00
-1.225 -1.675 0.0000e+00
-1.225 -1.625 0.0000e+00
-1.225 -1.575 0.0000e+00
-1.225 -1.525 0.0000e+00
-1.225 -1.475 0.0000e+00
-1.225 -1.425 0.0000e+00
-1.225 -1.375 0.0000e+00
-1.225 -1.325 0.0000e+00
-1.225 -1.275 0.0000e+00
-1.225 -1.225 0.0000e+00
-1.225 -1.175 0.0000e+00
-1.225 -1.125 0.0000e+00
-1.225 -1.075 0.0000e+00
-1.225 -1.025 0.0000e+00
-1.225 -0.975 0.0000e+00
-1.225 -0.925 0.0000e+00
-1.225 -0.875 0.0000e+00
-1.225 -0.825 0.0000e+00
-1.225 -0.775 0.0000e+00
-1.225 -0.725 0.0000e+00
-1.225 -0.675 0.0000e+00
-1.225 -0.625 0.0000e+00
-1.225 -0.575 0.0000e+00
-1.225 -0.525 0.0000e+00
-1.225 -0.475 0.0000e+00
-1.225 -0.425 0.0000e+00
-1.225 -0.375 0.0000e+00
-1.225 -0.325 0.0000e+00
-1.225 -0.275 0.0000e+00
-1.225 -0.225 0.0000e+00
-1.225 -0.175 0.0000e+00
-1.225 -0.125 0.0000e+00
-1.225 -0.075 0.0000e+00
-1.225 -0.025 0.0000e+00
-1.225 0.025 0.0000e+00
-1.225 0.075 0.0000e+00
-1.225 0.125 0.0000e+00
-1.225 0.175 0.0000e+00
-1.225 0.225 0.0000e+00
-1.225 0.275 0.0000e+00
-1.225 0.325 0.0000e+00
-1.225 0.375 0.0000e+00
-1.225 0.425 0.0000e+00
-1.225 0.475 0.0000e+00
-1.225 0.525 0.0000e+00
-1.225 0.575 0.0000e+00
-1.225 0.625 0.0000e+00
-1.225 0.675 3.0478e-03
-1.225 0.725 5.4891e-03
-1.225 0.775 9.6617e-03
-1.225 0.825 1.6551e-02
-1.225 0.875 2.7469e-02
-1.225 0.925 4.3963e-02
-1.225 0.975 6.7538e-02
-1.225 1.025 9.9170e-02
-1.225 1.075 1.3868e-01
-1.225 1.125 1.8421e-01
-1.225 1.175 2.3209e-01
-1.225 1.225 2.7736e-01
-1.225 1.275 3.1483e-01
-1.225 1.325 3.4031e-01
-1.225 1.375 3.5154e-01
-1.225 1.425 3.4853e-01
-1.225 1.475 3.3317e-01
-1.225 1.525 3.0852e-01
-1.225 1.575 2.7801e-01
-1.225 1.625 2.4481e-01
-1.225 1.675 2.1144e-01
-1.225 1.725 1.7973e-01
-1.225 1.775 1.5078e-01
-1.225 1.825 1.2514e-01
-1.225 1.875 1.0296e-01
-1.225 1.925 8.4112e-02
-1.225 1.975 6.8328e-02
-1.225 2.025 5.5253e-02
-1.225 2.075 4.4517e-02
-1.225 2.125 3.5762e-02
-1.225 2.175 2.8661e-02
-1.225 2.225 2.2928e-02
-1.225 2.275 1.8313e-02
-1.225 2.325 1.4610e-02
-1.225 2.375 1.1645e-02
-1.225 2.425 9.2740e-03
-1.225 2.475 7.3813e-03
-1.225 2.525 5.8719e-03
-1.225 2.575 4.6692e-03
-1.225 2.625 3.7116e-03
-1.225 2.675 2.9495e-03
-1.225 2.725 2.3434e-03
-1.225 2.775 1.8614e-03
-1.225 2.825 1.4782e-03
-1.225 2.875 1.1737e-03
-1.225 2.925 9.3181e-04
-1.225 2.975 7.3961e-04
-1.225 3.025 5.8695e-04
-1.225 3.075 4.6571e-04
-1.225 3.125 3.6943e-04
-1.225 3.175 2.9298e-04
-1.225 3.225 2.3229e-04
-1.225 3.275 1.8411e-04
-1.225 3.325 1.4586e-04
-1.225 3.375 1.1550e-04
-1.225 3.425 9.1406e-05
-1.225 3.475 7.2281e-05
-1.225 3.525 5.7098e-05
-1.225 3.575 4.5040e-05
-1.225 3.625 3.5455e-05
-1.225 3.675 2.7820e-05
-1.225 3.725 0.0000e+00
-1.225 3.775 0.0000e+00
-1.225 3.825 0.0000e+00
-1.225 3.875 0.0000e+00
-1.225 3.925 0.0000e+00
-1.225 3.975 0.0000e+00
-1.175 -1.975 0.0000e+00
-1.175 -1.925 0.0000e+00
-1.175 -1.875 0.0000e+00
-1.175 -1.825 0.0000e+00
-1.175 -1.775 0.0000e+00
-1.175 -1.725 0.0000e+00
-1.175 -1.675 0.0000e+00
-1.175 -1.625 0.0000e+00
-1.175 -1.575 0.0000e+00
-1.175 -1.525 0.0000e+00
-1.175 -1.475 0.0000e+00
-1.175 -1.425 0.0000e+00
-1.175 -1.375 0.0000e+00
-1.175 -1.325 0.0000e+00
-1.175 -1.275 0.0000e+00
-1.175 -1.225 0.0000e+00
-1.175 -1.175 0.0000e+00
-1.175 -1.125 0.0000e+00
-1.175 -1.075 0.0000e+00
-1.175 -1.025 0.0000e+00
-1.175 -0.975 0.0000e+00
-1.175 -0.925 0.0000e+00
-1.175 -0.875 0.0000e+00
-1.175 -0.825 0.0000e+00
-1.175 -0.775 0.0000e+00
-1.175 -0.725 0.0000e+00
-1.175 -0.675 0.0000e+00
-1.175 -0.625 0.0000e+00
-1.175 -0.575 0.0000e+00
-1.175 -0.525 0.0000e+00
-1.175 -0.475 0.0000e+00
-1.175 -0.425 0.0000e+00
-1.175 -0.375 0.0000e+00
-1.175 -0.325 0.0000e+00
-1.175 -0.275 0.0000e+00
-1.175 -0.225 0.0000e+00
-1.175 -0.175 0.0000e+00
-1.175 -0.125 0.0000e+00
-1.175 -0.075 0.0000e+00
-1.175 -0.025 0.0000e+00
-1.175 0.025 0.0000e+00
-1.175 0.075 0.0000e+00
-1.175 0.125 0.0000e+00
-1.175 0.175 0.0000e+00
-1.175 0.225 0.0000e+00
-1.175 0.275 0.0000e+00
-1.175 0.325 0.0000e+00
-1.175 0.375 0.0000e+00
-1.175 0.425 0.0000e+00
-1.175 0.475 0.0000e+00
-1.175 0.525 0.0000e+00
-1.175 0.575 0.0000e+00
-1.175 0.625 0.0000e+00
-1.175 0.675 3.4624e-03
-1.175 0.725 6.0944e-03
-1.175 0.775 1.0440e-02
-1.175 0.825 1.7327e-02
-1.175 0.875 2.7733e-02
-1.175 0.925 4.2606e-02
-1.175 0.975 6.2564e-02
-1.175 1.025 8.7495e-02
-1.175 1.075 1.1623e-01
-1.175 1.125 1.4645e-01
-1.175 1.175 1.7503e-01
-1.175 1.225 1.9869e-01
-1.175 1.275 2.1478e-01
-1.175 1.325 2.2189e-01
-1.175 1.375 2.2001e-01
-1.175 1.425 2.1033e-01
-1.175 1.475 1.9478e-01
-1.175 1.525 1.7553e-01
-1.175 1.575 1.5457e-01
-1.175 1.625 1.3352e-01
-1.175 1.675 1.1349e-01
-1.175 1.725 9.5216e-02
-1.175 1.775 7.9027e-02
-1.175 1.825 6.5022e-02
-1.175 1.875 5.3123e-02
-1.175 1.925 4.3155e-02
-1.175 1.975 3.4898e-02
-1.175 2.025 2.8118e-02
-1.175 2.075 2.2589e-02
-1.175 2.125 1.8104e-02
-1.175 2.175 1.4483e-02
-1.175 2.225 1.1568e-02
-1.175 2.275 9.2295e-03
-1.175 2.325 7.3564e-03
-1.175 2.375 5.8589e-03
-1.175 2.425 4.6634e-03
-1.175 2.475 3.7099e-03
-1.175 2.525 2.9502e-03
-1.175 2.575 2.3452e-03
-1.175 2.625 1.8638e-03
-1.175 2.675 1.4809e-03
-1.175 2.725 1.1764e-03
-1.175 2.775 9.3430e-04
-1.175 2.825 7.4192e-04
-1.175 2.875 5.8905e-04
-1.175 2.925 4.6761e-04
-1.175 2.975 3.7114e-04
-1.175 3.025 2.9452e-04
-1.175 3.075 2.3368e-04
-1.175 3.125 1.8536e-04
-1.175 3.175 1.4700e-04
-1.175 3.225 1.1655e-04
-1.175 3.275 9.2374e-05
-1.175 3.325 7.3183e-05
-1.175 3.375 5.7951e-05
-1.175 3.425 4.5862e-05
-1.175 3.475 3.6266e-05
-1.175 3.525 2.8648e-05
-1.175 3.575 2.2598e-05
-1.175 3.625 1.7789e-05
-1.175 3.675 1.3958e-05
-1.175 3.725 0.0000e+00
-1.175 3.775 0.0000e+00
-1.175 3.825 0.0000e+00
-1.175 3.875 0.0000e+00
-1.175 3.925 0.0000e+00
-1.175 3.975 0.0000e+00
-1.125 -1.975 0.0000e+00
-1.125 -1.925 0.0000e+00
-1.125 -1.875 0.0000e+00
-1.125 -1.825 0.0000e+00
-1.125 -1.775 0.0000e+00
-1.125 -1.725 0.0000e+00
-1.125 -1.675 0.0000e+00
-1.125 -1.625 0.0000e+00
-1.125 -1.575 0.0000e+00
-1.125 -1.525 0.0000e+00
-1.125 -1.475 0.0000e+00
-1.125 -1.425 0.0000e+00
-1.125 -1.375 0.0000e+00
-1.125 -1.325 0.0000e+00
-1.125 -1.275 0.0000e+00
-1.125 -1.225 0.0000e+00
-1.125 -1.175 0.0000e+00
-1.125 -1.125 0.0000e+00
-1.125 -1.075 0.0000e+00
-1.125 -1.025 0.0000e+00
-1.125 -0.975 0.0000e+00
-1.125 -0.925 0.0000e+00
-1.125 -0.875 0.0000e+00
-1.125 -0.825 0.0000e+00
-1.125 -0.775 0.0000e+00
-1.125 -0.725 0.0000e+00
-1.125 -0.675 0.0000e+00
-1.125 -0.625 0.0000e+00
-1.125 -0.575 0.0000e+00
-1.125 -0.525 0.0000e+00
-1.125 -0.475 0.0000e+00
-1.125 -0.425 0.0000e+00
-1.125 -0.375 0.0000e+00
-1.125 -0.325 0.0000e+00
-1.125 -0.275 0.0000e+00
-1.125 -0.225 0.0000e+00
-1.125 -0.175 0.0000e+00
-1.125 -0.125 0.0000e+00
-1.125 -0.075 0.0000e+00
-1.125 -0.025 0.0000e+00
-1.125 0.025 0.0000e+00
-1.125 0.075 0.0000e+00
-1.125 0.125 0.0000e+00
-1.125 0.175 0.0000e+00
-1.125 0.225 0.0000e+00
-1.125 0.275 0.0000e+00
-1.125 0.325 0.0000e+00
-1.125 0.375 0.0000e+00
-1.125 0.425 0.0000e+00
-1.125 0.475 0.0000e+00
-1.125 0.525 0.0000e+00
-1.125 0.575 0.0000e+00
-1.125 0.625 0.0000e+00
-1.125 0.675 3.8444e-03
-1.125 0.725 6.5858e-03
-1.125 0.775 1.0931e-02
-1.125 0.825 1.7496e-02
-1.125 0.875 2.6881e-02
-1.125 0.925 3.9475e-02
-1.125 0.975 5.5209e-02
-1.125 1.025 7.3345e-02
-1.125 1.075 9.2425e-02
-1.125 1.125 1.1047e-01
-1.125 1.175 1.2542e-01
-1.125 1.225 1.3559e-01
-1.125 1.275 1.4009e-01
-1.125 1.325 1.3891e-01
-1.125 1.375 1.3281e-01
-1.125 1.425 1.2301e-01
-1.125 1.475 1.1086e-01
-1.125 1.525 9.7627e-02
-1.125 1.575 8.4331e-02
-1.125 1.625 7.1689e-02
-1.125 1.675 6.0145e-02
-1.125 1.725 4.9922e-02
-1.125 1.775 4.1076e-02
-1.125 1.825 3.3560e-02
-1.125 1.875 2.7264e-02
-1.125 1.925 2.2048e-02
-1.125 1.975 1.7765e-02
-1.125 2.025 1.4272e-02
-1.125 2.075 1.1439e-02
-1.125 2.125 9.1510e-03
-1.125 2.175 7.3097e-03
-1.125 2.225 5.8320e-03
-1.125 2.275 4.6485e-03
-1.125 2.325 3.7024e-03
-1.125 2.375 2.9470e-03
-1.125 2.425 2.3445e-03
-1.125 2.475 1.8645e-03
-1.125 2.525 1.4822e-03
-1.125 2.575 1.1780e-03
-1.125 2.625 9.3603e-04
-1.125 2.675 7.4360e-04
-1.125 2.725 5.9063e-04
-1.125 2.775 4.6905e-04
-1.125 2.825 3.7244e-04
-1.125 2.875 2.9569e-04
-1.125 2.925 2.3471e-04
-1.125 2.975 1.8629e-04
-1.125 3.025 1.4783e-04
-1.125 3.075 1.1728e-04
-1.125 3.125 9.3034e-05
-1.125 3.175 7.3780e-05
-1.125 3.225 5.8494e-05
-1.125 3.275 4.6360e-05
-1.125 3.325 3.6729e-05
-1.125 3.375 2.9084e-05
-1.125 3.425 2.3017e-05
-1.125 3.475 1.8201e-05
-1.125 3.525 1.4377e-05
-1.125 3.575 1.1341e-05
-1.125 3.625 8.9276e-06
-1.125 3.675 7.0050e-06
-1.125 3.725 0.0000e+00
-1.125 3.775 0.0000e+00
-1.125 3.825 0.0000e+00
-1.125 3.875 0.0000e+00
-1.125 3.925 0.0000e+00
-1.125 3.975 0.0000e+00
-1.075 -1.975 0.0000e+00
-1.075 -1.925 0.0000e+00
-1.075 -1.875 0.0000e+00
-1.075 -1.825 0.0000e+00
-1.075 -1.775 0.0000e+00
-1.075 -1.725 0.0000e+00
-1.075 -1.675 0.0000e+00
-1.075 -1.625 0.0000e+00
-1.075 -1.575 0.0000e+00
-1.075 -1.525 0.0000e+00
-1.075 -1.475 0.0000e+00
-1.075 -1.425 0.0000e+00
-1.075 -1.375 0.0000e+00
-1.075 -1.325 0.0000e+00
-1.075 -1.275 0.0000e+00
-1.075 -1.225 0.0000e+00
-1.075 -1.175 0.0000e+00
-1.075 -1.125 0.0000e+00
-1.075 -1.075 0.0000e+00
-1.075 -1.025 0.0000e+00
-1.075 -0.975 0.0000e+00
-1.075 -0.925 0.0000e+00
-1.075 -0.875 0.0000e+00
-1.075 -0.825 0.0000e+00
-1.075 -0.775 0.0000e+00
-1.075 -0.725 0.0000e+00
-1.075 -0.675 0.0000e+00
-1.075 -0.625 0.0000e+00
-1.075 -0.575 0.0000e+00
-1.075 -0.525 0.0000e+00
-1.075 -0.475 0.0000e+00
-1.075 -0.425 0.0000e+00
-1.075 -0.375 0.0000e+00
-1.075 -0.325 0.0000e+00
-1.075 -0.275 0.0000e+00
-1.075 -0.225 0.0000e+00
-1.075 -0.175 0.0000e+00
-1.075 -0.125 0.0000e+00
-1.075 -0.075 0.0000e+00
-1.075 -0.025 0.0000e+00
-1.075 0.025 0.0000e+00
-1.075 0.075 0.0000e+00
-1.075 0.125 0.0000e+00
-1.075 0.175 0.0000e+00
-1.075 0.225 0.0000e+00
-1.075 0.275 0.0000e+00
-1.075 0.325 0.0000e+00
-1.075 0.375 0.0000e+00
-1.075 0.425 0.0000e+00
-1.075 0.475 0.0000e+00
-1.075 0.525 0.0000e+00
-1.075 0.575 0.0000e+00
-1.075 0.625 0.0000e+00
-1.075 0.675 4.1547e-03
-1.075 0.725 6.8962e-03
-1.075 0.775 1.1039e-02
-1.075 0.825 1.6961e-02
-1.075 0.875 2.4910e-02
-1.075 0.925 3.4843e-02
-1.075 0.975 4.6293e-02
-1.075 1.025 5.8342e-02
-1.075 1.075 6.9743e-02
-1.075 1.125 7.9188e-02
-1.075 1.175 8.5620e-02
-1.075 1.225 8.8471e-02
-1.075 1.275 8.7737e-02
-1.075 1.325 8.3891e-02
-1.075 1.375 7.7703e-02
-1.075 1.425 7.0033e-02
-1.075 1.475 6.1680e-02
-1.075 1.525 5.3283e-02
-1.075 1.575 4.5297e-02
-1.075 1.625 3.8005e-02
-1.075 1.675 3.1546e-02
-1.075 1.725 2.5958e-02
-1.075 1.775 2.1209e-02
-1.075 1.825 1.7230e-02
-1.075 1.875 1.3934e-02
-1.075 1.925 1.1228e-02
-1.075 1.975 9.0203e-03
-1.075 2.025 7.2299e-03
-1.075 2.075 5.7840e-03
-1.075 2.125 4.6203e-03
-1.075 2.175 3.6863e-03
-1.075 2.225 2.9384e-03
-1.075 2.275 2.3404e-03
-1.075 2.325 1.8629e-03
-1.075 2.375 1.4821e-03
-1.075 2.425 1.1787e-03
-1.075 2.475 9.3708e-04
-1.075 2.525 7.4479e-04
-1.075 2.575 5.9182e-04
-1.075 2.625 4.7018e-04
-1.075 2.675 3.7348e-04
-1.075 2.725 2.9662e-04
-1.075 2.775 2.3554e-04
-1.075 2.825 1.8702e-04
-1.075 2.875 1.4847e-04
-1.075 2.925 1.1785e-04
-1.075 2.975 9.3533e-05
-1.075 3.025 7.4220e-05
-1.075 3.075 5.8885e-05
-1.075 3.125 4.6709e-05
-1.075 3.175 3.7042e-05
-1.075 3.225 2.9367e-05
-1.075 3.275 2.3275e-05
-1.075 3.325 1.8440e-05
-1.075 3.375 1.4602e-05
-1.075 3.425 1.1555e-05
-1.075 3.475 9.1375e-06
-1.075 3.525 7.2181e-06
-1.075 3.575 5.6937e-06
-1.075 3.625 4.4820e-06
-1.075 3.675 3.5168e-06
-1.075 3.725 0.0000e+00
-1.075 3.775 0.0000e+00
-1.075 3.825 0.0000e+00
-1.075 3.875 0.0000e+00
-1.075 3.925 0.0000e+00
-1.075 3.975 0.0000e+00
-1.025 -1.975 0.0000e+00
-1.025 -1.925 0.0000e+00
-1.025 -1.875 0.0000e+00
-1.025 -1.825 0.0000e+00
-1.025 -1.775 0.0000e+00
-1.025 -1.725 0.0000e+00
-1.025 -1.675 0.0000e+00
-1.025 -1.625 0.0000e+00
-1.025 -1.575 0.0000e+00
-1.025 -1.525 0.0000e+00
-1.025 -1.475 0.0000e+00
-1.025 -1.425 0.0000e+00
-1.025 -1.375 0.0000e+00
-1.025 -1.325 0.0000e+00
-1.025 -1.275 0.0000e+00
-1.025 -1.225 0.0000e+00
-1.025 -1.175 0.0000e+00
-1.025 -1.125 0.0000e+00
-1.025 -1.075 0.0000e+00
-1.025 -1.025 0.0000e+00
-1.025 -0.975 0.0000e+00
-1.025 -0.925 0.0000e+00
-1.025 -0.875 0.0000e+00
-1.025 -0.825 0.0000e+00
-1.025 -0.775 0.0000e+00
-1.025 -0.725 0.0000e+00
-1.025 -0.675 0.0000e+00
-1.025 -0.625 0.0000e+00
-1.025 -0.575 0.0000e+00
-1.025 -0.525 0.0000e+00
-1.025 -0.475 0.0000e+00
-1.025 -0.425 0.0000e+00
-1.025 -0.375 0.0000e+00
-1.025 -0.325 0.0000e+00
-1.025 -0.275 0.0000e+00
-1.025 -0.225 0.0000e+00
-1.025 -0.175 0.0000e+00
-1.025 -0.125 0.0000e+00
-1.025 -0.075 0.0000e+00
-1.025 -0.025 0.0000e+00
-1.025 0.025 0.0000e+00
-1.025 0.075 0.0000e+00
-1.025 0.125 0.0000e+00
-1.025 0.175 0.0000e+00
-1.025 0.225 0.0000e+00
-1.025 0.275 0.0000e+00
-1.025 0.325 0.0000e+00
-1.025 0.375 0.0000e+00
-1.025 0.425 0.0000e+00
-1.025 0.475 0.0000e+00
-1.025 0.525 0.0000e+00
-1.025 0.575 0.0000e+00
-1.025 0.625 0.0000e+00
-1.025 0.675 4.3511e-03
-1.025 0.725 6.9654e-03
-1.025 0.775 1.0704e-02
-1.025 0.825 1.5722e-02
-1.025 0.875 2.1993e-02
-1.025 0.925 2.9225e-02
-1.025 0.975 3.6837e-02
-1.025 1.025 4.4041e-02
-1.025 1.075 5.0013e-02
-1.025 1.125 5.4083e-02
-1.025 1.175 5.5891e-02
-1.025 1.225 5.5433e-02
-1.025 1.275 5.3009e-02
-1.025 1.325 4.9104e-02
-1.025 1.375 4.4261e-02
-1.025 1.425 3.8985e-02
-1.025 1.475 3.3680e-02
-1.025 1.525 2.8634e-02
-1.025 1.575 2.4026e-02
-1.025 1.625 1.9943e-02
-1.025 1.675 1.6411e-02
-1.025 1.725 1.3409e-02
-1.025 1.775 1.0894e-02
-1.025 1.825 8.8103e-03
-1.025 1.875 7.0992e-03
-1.025 1.925 5.7036e-03
-1.025 1.975 4.5716e-03
-1.025 2.025 3.6574e-03
-1.025 2.075 2.9216e-03
-1.025 2.125 2.3311e-03
-1.025 2.175 1.8582e-03
-1.025 2.225 1.4800e-03
-1.025 2.275 1.1781e-03
-1.025 2.325 9.3733e-04
-1.025 2.375 7.4546e-04
-1.025 2.425 5.9268e-04
-1.025 2.475 4.7108e-04
-1.025 2.525 3.7434e-04
-1.025 2.575 2.9741e-04
-1.025 2.625 2.3626e-04
-1.025 2.675 1.8765e-04
-1.025 2.725 1.4902e-04
-1.025 2.775 1.1833e-04
-1.025 2.825 9.3948e-05
-1.025 2.875 7.4581e-05
-1.025 2.925 5.9198e-05
-1.025 2.975 4.6982e-05
-1.025 3.025 3.7280e-05
-1.025 3.075 2.9577e-05
-1.025 3.125 2.3461e-05
-1.025 3.175 1.8605e-05
-1.025 3.225 1.4750e-05
-1.025 3.275 1.1690e-05
-1.025 3.325 9.2617e-06
-1.025 3.375 7.3339e-06
-1.025 3.425 5.8039e-06
-1.025 3.475 4.5894e-06
-1.025 3.525 3.6254e-06
-1.025 3.575 2.8597e-06
-1.025 3.625 2.2512e-06
-1.025 3.675 0.0000e+00
-1.025 3.725 0.0000e+00
-1.025 3.775 0.0000e+00
-1.025 3.825 0.0000e+00
-1.025 3.875 0.0000e+00
-1.025 3.925 0.0000e+00
-1.025 3.975 0.0000e+00
-0.975 -1.975 0.0000e+00
-0.975 -1.925 0.0000e+00
-0.975 -1.875 0.0000e+00
-0.975 -1.825 0.0000e+00
-0.975 -1.775 0.0000e+00
-0.975 -1.725 0.0000e+00
-0.975 -1.675 0.0000e+00
-0.975 -1.625 0.0000e+00
-0.975 -1.575 0.0000e+00
-0.975 -1.525 0.0000e+00
-0.975 -1.475 0.0000e+00
-0.975 -1.425 0.0000e+00
-0.975 -1.375 0.0000e+00
-0.975 -1.325 0.0000e+00
-0.975 -1.275 0.0000e+00
-0.975 -1.225 0.0000e+00
-0.975 -1.175 0.0000e+00
-0.975 -1.125 0.0000e+00
-0.975 -1.075 0.0000e+00
-0.975 -1.025 0.0000e+00
-0.975 -0.975 0.0000e+00
-0.975 -0.925 0.0000e+00
-0.975 -0.875 0.0000e+00
-0.975 -0.825 0.0000e+00
-0.975 -0.775 0.0000e+00
-0.975 -0.725 0.0000e+00
-0.975 -0.675 0.0000e+00
-0.975 -0.625 0.0000e+00
-0.975 -0.575 0.0000e+00
-0.975 -0.525 0.0000e+00
-0.975 -0.475 0.0000e+00
-0.975 -0.425 0.0000e+00
-0.975 -0.375 0.0000e+00
-0.975 -0.325 0.0000e+00
-0.975 -0.275 0.0000e+00
-0.975 -0.225 0.0000e+00
-0.975 -0.175 0.0000e+00
-0.975 -0.125 0.0000e+00
-0.975 -0.075 0.0000e+00
-0.975 -0.025 0.0000e+00
-0.975 0.025 0.0000e+00
-0.975 0.075 0.0000e+00
-0.975 0.125 0.0000e+00
-0.975 0.175 0.0000e+00
-0.975 0.225 0.0000e+00
-0.975 0.275 0.0000e+00
-0.975 0.325 0.0000e+00
-0.975 0.375 0.0000e+00
-0.975 0.425 0.0000e+00
-0.975 0.475 0.0000e+00
-0.975 0.525 0.0000e+00
-0.975 0.575 0.0000e+00
-0.975 0.625 0.0000e+00
-0.975 0.675 4.3956e-03
-0.975 0.725 6.7556e-03
-0.975 0.775 9.9243e-03
-0.975 0.825 1.3885e-02
-0.975 0.875 1.8454e-02
-0.975 0.925 2.3265e-02
-0.975 0.975 2.7820e-02
-0.975 1.025 3.1598e-02
-0.975 1.075 3.4175e-02
-0.975 1.125 3.5323e-02
-0.975 1.175 3.5039e-02
-0.975 1.225 3.3511e-02
-0.975 1.275 3.1046e-02
-0.975 1.325 2.7987e-02
-0.975 1.375 2.4653e-02
-0.975 1.425 2.1300e-02
-0.975 1.475 1.8110e-02
-0.975 1.525 1.5196e-02
-0.975 1.575 1.2615e-02
-0.975 1.625 1.0381e-02
-0.975 1.675 8.4822e-03
-0.975 1.725 6.8915e-03
-0.975 1.775 5.5736e-03
-0.975 1.825 4.4912e-03
-0.975 1.875 3.6084e-03
-0.975 1.925 2.8923e-03
-0.975 1.975 2.3139e-03
-0.975 2.025 1.8485e-03
-0.975 2.075 1.4749e-03
-0.975 2.125 1.1757e-03
-0.975 2.175 9.3646e-04
-0.975 2.225 7.4545e-04
-0.975 2.275 5.9311e-04
-0.975 2.325 4.7172e-04
-0.975 2.375 3.7505e-04
-0.975 2.425 2.9811e-04
-0.975 2.475 2.3690e-04
-0.975 2.525 1.8823e-04
-0.975 2.575 1.4953e-04
-0.975 2.625 1.1877e-04
-0.975 2.675 9.4327e-05
-0.975 2.725 7.4905e-05
-0.975 2.775 5.9476e-05
-0.975 2.825 4.7219e-05
-0.975 2.875 3.7484e-05
-0.975 2.925 2.9752e-05
-0.975 2.975 2.3612e-05
-0.975 3.025 1.8736e-05
-0.975 3.075 1.4864e-05
-0.975 3.125 1.1790e-05
-0.975 3.175 9.3501e-06
-0.975 3.225 7.4128e-06
-0.975 3.275 5.8750e-06
-0.975 3.325 4.6544e-06
-0.975 3.375 3.6856e-06
-0.975 3.425 2.9167e-06
-0.975 3.475 2.3064e-06
-0.975 3.525 1.8219e-06
-0.975 3.575 1.4371e-06
-0.975 3.625 1.1313e-06
-0.975 3.675 0.0000e+00
-0.975 3.725 0.0000e+00
-0.975 3.775 0.0000e+00
-0.975 3.825 0.0000e+00
-0.975 3.875 0.0000e+00
-0.975 3.925 0.0000e+00
-0.975 3.975 0.0000e+00
-0.925 -1.975 0.0000e+00
-0.925 -1.925 0.0000e+00
-0.925 -1.875 0.0000e+00
-0.925 -1.825 0.0000e+00
-0.925 -1.775 0.0000e+00
-0.925 -1.725 0.0000e+00
-0.925 -1.675 0.0000e+00
-0.925 -1.625 0.0000e+00
-0.925 -1.575 0.0000e+00
-0.925 -1.525 0.0000e+00
-0.925 -1.475 0.0000e+00
-0.925 -1.425 0.0000e+00
-0.925 -1.375 0.0000e+00
-0.925 -1.325 0.0000e+00
-0.925 -1.275 0.0000e+00
-0.925 -1.225 0.0000e+00
-0.925 -1.175 0.0000e+00
-0.925 -1.125 0.0000e+00
-0.925 -1.075 0.0000e+00
-0.925 -1.025 0.0000e+00
-0.925 -0.975 0.0000e+00
-0.925 -0.925 0.0000e+00
-0.925 -0.875 0.0000e+00
-0.925 -0.825 0.0000e+00
-0.925 -0.775 0.0000e+00
-0.925 -0.725 0.0000e+00
-0.925 -0.675 0.0000e+00
-0.925 -0.625 0.0000e+00
-0.925 -0.575 0.0000e+00
-0.925 -0.525 0.0000e+00
-0.925 -0.475 0.0000e+00
-0.925 -0.425 0.0000e+00
-0.925 -0.375 0.0000e+00
-0.925 -0.325 0.0000e+00
-0.925 -0.275 0.0000e+00
-0.925 -0.225 0.0000e+00
-0.925 -0.175 0.0000e+00
-0.925 -0.125 0.0000e+00
-0.925 -0.075 0.0000e+00
-0.925 -0.025 0.0000e+00
-0.925 0.025 0.0000e+00
-0.925 0.075 0.0000e+00
-0.925 0.125 0.0000e+00
-0.925 0.175 0.0000e+00
-0.925 0.225 0.0000e+00
-0.925 0.275 0.0000e+00
-0.925 0.325 0.0000e+00
-0.925 0.375 0.0000e+00
-0.925 0.425 0.0000e+00
-0.925 0.475 0.0000e+00
-0.925 0.525 0.0000e+00
-0.925 0.575 0.0000e+00
-0.925 0.625 0.0000e+00
-0.925 0.675 4.2646e-03
-0.925 0.725 6.2660e-03
-0.925 0.775 8.7687e-03
-0.925 0.825 1.1656e-02
-0.925 0.875 1.4698e-02
-0.925 0.925 1.7580e-02
-0.925 0.975 1.9972e-02
-0.925 1.025 2.1605e-02
-0.925 1.075 2.2336e-02
-0.925 1.125 2.2160e-02
-0.925 1.175 2.1197e-02
-0.925 1.225 1.9641e-02
-0.925 1.275 1.7708e-02
-0.925 1.325 1.5600e-02
-0.925 1.375 1.3479e-02
-0.925 1.425 1.1461e-02
-0.925 1.475 9.6179e-03
-0.925 1.525 7.9845e-03
-0.925 1.575 6.5708e-03
-0.925 1.625 5.3693e-03
-0.925 1.675 4.3625e-03
-0.925 1.725 3.5284e-03
-0.925 1.775 2.8432e-03
-0.925 1.825 2.2844e-03
-0.925 1.875 1.8311e-03
-0.925 1.925 1.4650e-03
-0.925 1.975 1.1703e-03
-0.925 2.025 9.3381e-04
-0.925 2.075 7.4439e-04
-0.925 2.125 5.9293e-04
-0.925 2.175 4.7200e-04
-0.925 2.225 3.7555e-04
-0.925 2.275 2.9869e-04
-0.925 2.325 2.3749e-04
-0.925 2.375 1.8877e-04
-0.925 2.425 1.5002e-04
-0.925 2.475 1.1920e-04
-0.925 2.525 9.4698e-05
-0.925 2.575 7.5222e-05
-0.925 2.625 5.9745e-05
-0.925 2.675 4.7446e-05
-0.925 2.725 3.7675e-05
-0.925 2.775 2.9914e-05
-0.925 2.825 2.3748e-05
-0.925 2.875 1.8852e-05
-0.925 2.925 1.4963e-05
-0.925 2.975 1.1875e-05
-0.925 3.025 9.4224e-06
-0.925 3.075 7.4753e-06
-0.925 3.125 5.9294e-06
-0.925 3.175 4.7022e-06
-0.925 3.225 3.7279e-06
-0.925 3.275 2.9545e-06
-0.925 3.325 2.3407e-06
-0.925 3.375 1.8535e-06
-0.925 3.425 1.4668e-06
-0.925 3.475 1.1599e-06
-0.925 3.525 9.1622e-07
-0.925 3.575 7.2273e-07
-0.925 3.625 5.6892e-07
-0.925 3.675 0.0000e+00
-0.925 3.725 0.0000e+00
-0.925 3.775 0.0000e+00
-0.925 3.825 0.0000e+00
-0.925 3.875 0.0000e+00
-0.925 3.925 0.0000e+00
-0.925 3.975 0.0000e+00
-0.875 -1.975 0.0000e+00
-0.875 -1.925 0.0000e+00
-0.875 -1.875 0.0000e+00
-0.875 -1.825 0.0000e+00
-0.875 -1.775 0.0000e+00
-0.875 -1.725 0.0000e+00
-0.875 -1.675 0.0000e+00
-0.875 -1.625 0.0000e+00
-0.875 -1.575 0.0000e+00
-0.875 -1.525 0.0000e+00
-0.875 -1.475 0.0000e+00
-0.875 -1.425 0.0000e+00
-0.875 -1.375 0.0000e+00
-0.875 -1.325 0.0000e+00
-0.875 -1.275 0.0000e+00
-0.875 -1.225 0.0000e+00
-0.875 -1.175 0.0000e+00
-0.875 -1.125 0.0000e+00
-0.875 -1.075 0.0000e+00
-0.875 -1.025 0.0000e+00
-0.875 -0.975 0.0000e+00
-0.875 -0.925 0.0000e+00
-0.875 -0.875 0.0000e+00
-0.875 -0.825 0.0000e+00
-0.875 -0.775 0.0000e+00
-0.875 -0.725 0.0000e+00
-0.875 -0.675 0.0000e+00
-0.875 -0.625 0.0000e+00
-0.875 -0.575 0.0000e+00
-0.875 -0.525 0.0000e+00
-0.875 -0.475 0.0000e+00
-0.875 -0.425 0.0000e+00
-0.875 -0.375 0.0000e+00
-0.875 -0.325 0.0000e+00
-0.875 -0.275 0.0000e+00
-0.875 -0.225 0.0000e+00
-0.875 -0.175 0.0000e+00
-0.875 -0.125 0.0000e+00
-0.875 -0.075 0.0000e+00
-0.875 -0.025 0.0000e+00
-0.875 0.025 0.0000e+00
-0.875 0.075 0.0000e+00
-0.875 0.125 0.0000e+00
-0.875 0.175 0.0000e+00
-0.875 0.225 0.0000e+00
-0.875 0.275 0.0000e+00
-0.875 0.325 0.0000e+00
-0.875 0.375 0.0000e+00
-0.875 0.425 0.0000e+00
-0.875 0.475 0.0000e+00
-0.875 0.525 0.0000e+00
-0.875 0.575 0.0000e+00
-0.875 0.625 0.0000e+00
-0.875 0.675 3.9572e-03
-0.875 0.725 5.5393e-03
-0.875 0.775 7.3655e-03
-0.875 0.825 9.2903e-03
-0.875 0.875 1.1115e-02
-0.875 0.925 1.2631e-02
-0.875 0.975 1.3667e-02
-0.875 1.025 1.4132e-02
-0.875 1.075 1.4024e-02
-0.875 1.125 1.3418e-02
-0.875 1.175 1.2434e-02
-0.875 1.225 1.1212e-02
-0.875 1.275 9.8788e-03
-0.875 1.325 8.5368e-03
-0.875 1.375 7.2595e-03
-0.875 1.425 6.0924e-03
-0.875 1.475 5.0581e-03
-0.875 1.525 4.1628e-03
-0.875 1.575 3.4017e-03
-0.875 1.625 2.7640e-03
-0.875 1.675 2.2356e-03
-0.875 1.725 1.8015e-03
-0.875 1.775 1.4475e-03
-0.875 1.825 1.1603e-03
-0.875 1.875 9.2831e-04
-0.875 1.925 7.4161e-04
-0.875 1.975 5.9174e-04
-0.875 2.025 4.7172e-04
-0.875 2.075 3.7575e-04
-0.875 2.125 2.9912e-04
-0.875 2.175 2.3800e-04
-0.875 2.225 1.8930e-04
-0.875 2.275 1.5051e-04
-0.875 2.325 1.1964e-04
-0.875 2.375 9.5084e-05
-0.875 2.425 7.5553e-05
-0.875 2.475 6.0024e-05
-0.875 2.525 4.7682e-05
-0.875 2.575 3.7872e-05
-0.875 2.625 3.0078e-05
-0.875 2.675 2.3885e-05
-0.875 2.725 1.8966e-05
-0.875 2.775 1.5058e-05
-0.875 2.825 1.1954e-05
-0.875 2.875 9.4893e-06
-0.875 2.925 7.5317e-06
-0.875 2.975 5.9772e-06
-0.875 3.025 4.7428e-06
-0.875 3.075 3.7627e-06
-0.875 3.125 2.9845e-06
-0.875 3.175 2.3668e-06
-0.875 3.225 1.8764e-06
-0.875 3.275 1.4871e-06
-0.875 3.325 1.1781e-06
-0.875 3.375 9.3292e-07
-0.875 3.425 7.3828e-07
-0.875 3.475 5.8380e-07
-0.875 3.525 4.6116e-07
-0.875 3.575 3.6377e-07
-0.875 3.625 0.0000e+00
-0.875 3.675 0.0000e+00
-0.875 3.725 0.0000e+00
-0.875 3.775 0.0000e+00
-0.875 3.825 0.0000e+00
-0.875 3.875 0.0000e+00
-0.875 3.925 0.0000e+00
-0.875 3.975 0.0000e+00
-0.825 -1.975 0.0000e+00
-0.825 -1.925 0.0000e+00
-0.825 -1.875 0.0000e+00
-0.825 -1.825 0.0000e+00
-0.825 -1.775 0.0000e+00
-0.825 -1.725 0.0000e+00
-0.825 -1.675 0.0000e+00
-0.825 -1.625 0.0000e+00
-0.825 -1.575 0.0000e+00
-0.825 -1.525 0.0000e+00
-0.825 -1.475 0.0000e+00
-0.825 -1.425 0.0000e+00
-0.825 -1.375 0.0000e+00
-0.825 -1.325 0.0000e+00
-0.825 -1.275 0.0000e+00
-0.825 -1.225 0.0000e+00
-0.825 -1.175 0.0000e+00
-0.825 -1.125 0.0000e+00
-0.825 -1.075 0.0000e+00
-0.825 -1.025 0.0000e+00
-0.825 -0.975 0.0000e+00
-0.825 -0.925 0.0000e+00
-0.825 -0.875 0.0000e+00
-0.825 -0.825 0.0000e+00
-0.825 -0.775 0.0000e+00
-0.825 -0.725 0.0000e+00
-0.825 -0.675 0.0000e+00
-0.825 -0.625 0.0000e+00
-0.825 -0.575 0.0000e+00
-0.825 -0.525 0.0000e+00
-0.825 -0.475 0.0000e+00
-0.825 -0.425 0.0000e+00
-0.825 -0.375 0.0000e+00
-0.825 -0.325 0.0000e+00
-0.825 -0.275 0.0000e+00
-0.825 -0.225 0.0000e+00
-0.825 -0.175 0.0000e+00
-0.825 -0.125 0.0000e+00
-0.825 -0.075 0.0000e+00
-0.825 -0.025 0.0000e+00
-0.825 0.025 0.0000e+00
-0.825 0.075 0.0000e+00
-0.825 0.125 0.0000e+00
-0.825 0.175 0.0000e+00
-0.825 0.225 0.0000e+00
-0.825 0.275 0.0000e+00
-0.825 0.325 0.0000e+00
-0.825 0.375 0.0000e+00
-0.825 0.425 0.0000e+00
-0.825 0.475 0.0000e+00
-0.825 0.525 0.0000e+00
-0.825 0.575 0.0000e+00
-0.825 0.625 0.0000e+00
-0.825 0.675 3.5006e-03
-0.825 0.725 4.6563e-03
-0.825 0.775 5.8752e-03
-0.825 0.825 7.0316e-03
-0.825 0.875 7.9931e-03
-0.825 0.925 8.6518e-03
-0.825 0.975 8.9490e-03
-0.825 1.025 8.8830e-03
-0.825 1.075 8.5008e-03
-0.825 1.125 7.8795e-03
-0.825 1.175 7.1064e-03
-0.825 1.225 6.2621e-03
-0.825 1.275 5.4122e-03
-0.825 1.325 4.6029e-03
-0.825 1.375 3.8633e-03
-0.825 1.425 3.2076e-03
-0.825 1.475 2.6400e-03
-0.825 1.525 2.1575e-03
-0.825 1.575 1.7531e-03
-0.825 1.625 1.4180e-03
-0.825 1.675 1.1427e-03
-0.825 1.725 9.1816e-04
-0.825 1.775 7.3600e-04
-0.825 1.825 5.8887e-04
-0.825 1.875 4.7045e-04
-0.825 1.925 3.7539e-04
-0.825 1.975 2.9925e-04
-0.825 2.025 2.3838e-04
-0.825 2.075 1.8977e-04
-0.825 2.125 1.5100e-04
-0.825 2.175 1.2010e-04
-0.825 2.225 9.5494e-05
-0.825 2.275 7.5910e-05
-0.825 2.325 6.0330e-05
-0.825 2.375 4.7939e-05
-0.825 2.425 3.8087e-05
-0.825 2.475 3.0256e-05
-0.825 2.525 2.4033e-05
-0.825 2.575 1.9088e-05
-0.825 2.625 1.5159e-05
-0.825 2.675 1.2037e-05
-0.825 2.725 9.5578e-06
-0.825 2.775 7.5883e-06
-0.825 2.825 6.0241e-06
-0.825 2.875 4.7818e-06
-0.825 2.925 3.7953e-06
-0.825 2.975 3.0119e-06
-0.825 3.025 2.3899e-06
-0.825 3.075 1.8960e-06
-0.825 3.125 1.5039e-06
-0.825 3.175 1.1926e-06
-0.825 3.225 9.4550e-07
-0.825 3.275 7.4935e-07
-0.825 3.325 5.9366e-07
-0.825 3.375 4.7009e-07
-0.825 3.425 3.7201e-07
-0.825 3.475 2.9417e-07
-0.825 3.525 2.3238e-07
-0.825 3.575 1.8330e-07
-0.825 3.625 0.0000e+00
-0.825 3.675 0.0000e+00
-0.825 3.725 0.0000e+00
-0.825 3.775 0.0000e+00
-0.825 3.825 0.0000e+00
-0.825 3.875 0.0000e+00
-0.825 3.925 0.0000e+00
-0.825 3.975 0.0000e+00
-0.775 -1.975 0.0000e+00
-0.775 -1.925 0.0000e+00
-0.775 -1.875 0.0000e+00
-0.775 -1.825 0.0000e+00
-0.775 -1.775 0.0000e+00
-0.775 -1.725 0.0000e+00
-0.775 -1.675 0.0000e+00
-0.775 -1.625 0.0000e+00
-0.775 -1.575 0.0000e+00
-0.775 -1.525 0.0000e+00
-0.775 -1.475 0.0000e+00
-0.775 -1.425 0.0000e+00
-0.775 -1.375 0.0000e+00
-0.775 -1.325 0.0000e+00
-0.775 -1.275 0.0000e+00
-0.775 -1.225 0.0000e+00
-0.775 -1.175 0.0000e+00
-0.775 -1.125 0.0000e+00
-0.775 -1.075 0.0000e+00
-0.775 -1.025 0.0000e+00
-0.775 -0.975 0.0000e+00
-0.775 -0.925 0.0000e+00
-0.775 -0.875 0.0000e+00
-0.775 -0.825 0.0000e+00
-0.775 -0.775 0.0000e+00
-0.775 -0.725 0.0000e+00
-0.775 -0.675 0.0000e+00
-0.775 -0.625 0.0000e+00
-0.775 -0.575 0.0000e+00
-0.775 -0.525 0.0000e+00
-0.775 -0.475 0.0000e+00
-0.775 -0.425 0.0000e+00
-0.775 -0.375 0.0000e+00
-0.775 -0.325 0.0000e+00
-0.775 -0.275 0.0000e+00
-0.775 -0.225 0.0000e+00
-0.775 -0.175 0.0000e+00
-0.775 -0.125 0.0000e+00
-0.775 -0.075 0.0000e+00
-0.775 -0.025 0.0000e+00
-0.775 0.025 0.0000e+00
-0.775 0.075 0.0000e+00
-0.775 0.125 0.0000e+00
-0.775 0.175 0.0000e+00
-0.775 0.225 0.0000e+00
-0.775 0.275 0.0000e+00
-0.775 0.325 0.0000e+00
-0.775 0.375 0.0000e+00
-0.775 0.425 0.0000e+00
-0.775 0.475 0.0000e+00
-0.775 0.525 0.0000e+00
-0.775 0.575 0.0000e+00
-0.775 0.625 0.0000e+00
-0.775 0.675 2.9452e-03
-0.775 0.725 3.7179e-03
-0.775 0.775 4.4516e-03
-0.775 0.825 5.0625e-03
-0.775 0.875 5.4820e-03
-0.775 0.925 5.6724e-03
-0.775 0.975 5.6325e-03
-0.775 1.025 5.3917e-03
-0.775 1.075 4.9990e-03
-0.775 1.125 4.5095e-03
-0.775 1.175 3.9745e-03
-0.775 1.225 3.4356e-03
-0.775 1.275 2.9223e-03
-0.775 1.325 2.4530e-03
-0.775 1.375 2.0369e-03
-0.775 1.425 1.6766e-03
-0.775 1.475 1.3702e-03
-0.775 1.525 1.1134e-03
-0.775 1.575 9.0064e-04
-0.775 1.625 7.2582e-04
-0.775 1.675 5.8321e-04
-0.775 1.725 4.6752e-04
-0.775 1.775 3.7407e-04
-0.775 1.825 2.9885e-04
-0.775 1.875 2.3847e-04
-0.775 1.925 1.9011e-04
-0.775 1.975 1.5144e-04
-0.775 2.025 1.2056e-04
-0.775 2.075 9.5928e-05
-0.775 2.125 7.6301e-05
-0.775 2.175 6.0670e-05
-0.775 2.225 4.8229e-05
-0.775 2.275 3.8331e-05
-0.775 2.325 3.0459e-05
-0.775 2.375 2.4200e-05
-0.775 2.425 1.9225e-05
-0.775 2.475 1.5271e-05
-0.775 2.525 1.2130e-05
-0.775 2.575 9.6332e-06
-0.775 2.625 7.6500e-06
-0.775 2.675 6.0746e-06
-0.775 2.725 4.8232e-06
-0.775 2.775 3.8293e-06
-0.775 2.825 3.0399e-06
-0.775 2.875 2.4130e-06
-0.775 2.925 1.9152e-06
-0.775 2.975 1.5198e-06
-0.775 3.025 1.2060e-06
-0.775 3.075 9.5673e-07
-0.775 3.125 7.5887e-07
-0.775 3.175 6.0179e-07
-0.775 3.225 4.7710e-07
-0.775 3.275 3.7812e-07
-0.775 3.325 2.9956e-07
-0.775 3.375 2.3721e-07
-0.775 3.425 1.8772e-07
-0.775 3.475 1.4844e-07
-0.775 3.525 1.1726e-07
-0.775 3.575 0.0000e+00
-0.775 3.625 0.0000e+00
-0.775 3.675 0.0000e+00
-0.775 3.725 0.0000e+00
-0.775 3.775 0.0000e+00
-0.775 3.825 0.0000e+00
-0.775 3.875 0.0000e+00
-0.775 3.925 0.0000e+00
-0.775 3.975 0.0000e+00
-0.725 -1.975 0.0000e+00
-0.725 -1.925 0.0000e+00
-0.725 -1.875 0.0000e+00
-0.725 -1.825 0.0000e+00
-0.725 -1.775 0.0000e+00
-0.725 -1.725 0.0000e+00
-0.725 -1.675 0.0000e+00
-0.725 -1.625 0.0000e+00
-0.725 -1.575 0.0000e+00
-0.725 -1.525 0.0000e+00
-0.725 -1.475 0.0000e+00
-0.725 -1.425 0.0000e+00
-0.725 -1.375 0.0000e+00
-0.725 -1.325 0.0000e+00
-0.725 -1.275 0.0000e+00
-0.725 -1.225 0.0000e+00
-0.725 -1.175 0.0000e+00
-0.725 -1.125 0.0000e+00
-0.725 -1.075 0.0000e+00
-0.725 -1.025 0.0000e+00
-0.725 -0.975 0.0000e+00
-0.725 -0.925 0.0000e+00
-0.725 -0.875 0.0000e+00
-0.725 -0.825 0.0000e+00
-0.725 -0.775 0.0000e+00
-0.725 -0.725 0.0000e+00
-0.725 -0.675 0.0000e+00
-0.725 -0.625 0.0000e+00
-0.725 -0.575 0.0000e+00
-0.725 -0.525 0.0000e+00
-0.725 -0.475 0.0000e+00
-0.725 -0.425 0.0000e+00
-0.725 -0.375 0.0000e+00
-0.725 -0.325 0.0000e+00
-0.725 -0.275 0.0000e+00
-0.725 -0.225 0.0000e+00
-0.725 -0.175 0.0000e+00
-0.725 -0.125 0.0000e+00
-0.725 -0.075 0.0000e+00
-0.725 -0.025 0.0000e+00
-0.725 0.025 0.0000e+00
-0.725 0.075 0.0000e+00
-0.725 0.125 0.0000e+00
-0.725 0.175 0.0000e+00
-0.725 0.225 0.0000e+00
-0.725 0.275 0.0000e+00
-0.725 0.325 0.0000e+00
-0.725 0.375 0.0000e+00
-0.725 0.425 0.0000e+00
-0.725 0.475 0.0000e+00
-0.725 0.525 0.0000e+00
-0.725 0.575 0.0000e+00
-0.725 0.625 0.0000e+00
-0.725 0.675 2.3546e-03
-0.725 0.725 2.8209e-03
-0.725 0.775 3.2098e-03
-0.725 0.825 3.4775e-03
-0.725 0.875 3.6000e-03
-0.725 0.925 3.5761e-03
-0.725 0.975 3.4245e-03
-0.725 1.025 3.1761e-03
-0.725 1.075 2.8659e-03
-0.725 1.125 2.5265e-03
-0.725 1.175 2.1844e-03
-0.725 1.225 1.8583e-03
-0.725 1.275 1.5601e-03
-0.725 1.325 1.2956e-03
-0.725 1.375 1.0665e-03
-0.725 1.425 8.7169e-04
-0.725 1.475 7.0839e-04
-0.725 1.525 5.7303e-04
-0.725 1.575 4.6182e-04
-0.725 1.625 3.7110e-04
-0.725 1.675 2.9749e-04
-0.725 1.725 2.3804e-04
-0.725 1.775 1.9017e-04
-0.725 1.825 1.5175e-04
-0.725 1.875 1.2098e-04
-0.725 1.925 9.6372e-05
-0.725 1.975 7.6723e-05
-0.725 2.025 6.1050e-05
-0.725 2.075 4.8560e-05
-0.725 2.125 3.8613e-05
-0.725 2.175 3.0695e-05
-0.725 2.225 2.4396e-05
-0.725 2.275 1.9387e-05
-0.725 2.325 1.5403e-05
-0.725 2.375 1.2237e-05
-0.725 2.425 9.7208e-06
-0.725 2.475 7.7212e-06
-0.725 2.525 6.1323e-06
-0.725 2.575 4.8701e-06
-0.725 2.625 3.8674e-06
-0.725 2.675 3.0709e-06
-0.725 2.725 2.4382e-06
-0.725 2.775 1.9357e-06
-0.725 2.825 1.5367e-06
-0.725 2.875 1.2198e-06
-0.725 2.925 9.6810e-07
-0.725 2.975 7.6827e-07
-0.725 3.025 6.0960e-07
-0.725 3.075 4.8362e-07
-0.725 3.125 3.8360e-07
-0.725 3.175 3.0420e-07
-0.725 3.225 2.4117e-07
-0.725 3.275 1.9113e-07
-0.725 3.325 1.5142e-07
-0.725 3.375 1.1990e-07
-0.725 3.425 9.4888e-08
-0.725 3.475 7.5033e-08
-0.725 3.525 5.9271e-08
-0.725 3.575 0.0000e+00
-0.725 3.625 0.0000e+00
-0.725 3.675 0.0000e+00
-0.725 3.725 0.0000e+00
-0.725 3.775 0.0000e+00
-0.725 3.825 0.0000e+00
-0.725 3.875 0.0000e+00
-0.725 3.925 0.0000e+00
-0.725 3.975 0.0000e+00
-0.675 -1.975 0.0000e+00
-0.675 -1.925 0.0000e+00
-0.675 -1.875 0.0000e+00
-0.675 -1.825 0.0000e+00
-0.675 -1.775 0.0000e+00
-0.675 -1.725 0.0000e+00
-0.675 -1.675 0.0000e+00
-0.675 -1.625 0.0000e+00
-0.675 -1.575 0.0000e+00
-0.675 -1.525 0.0000e+00
-0.675 -1.475 0.0000e+00
-0.675 -1.425 0.0000e+00
-0.675 -1.375 0.0000e+00
-0.675 -1.325 0.0000e+00
-0.675 -1.275 0.0000e+00
-0.675 -1.225 0.0000e+00
-0.675 -1.175 0.0000e+00
-0.675 -1.125 0.0000e+00
-0.675 -1.075 0.0000e+00
-0.675 -1.025 0.0000e+00
-0.675 -0.975 0.0000e+00
-0.675 -0.925 0.0000e+00
-0.675 -0.875 0.0000e+00
-0.675 -0.825 0.0000e+00
-0.675 -0.775 0.0000e+00
-0.675 -0.725 0.0000e+00
-0.675 -0.675 0.0000e+00
-0.675 -0.625 0.0000e+00
-0.675 -0.575 0.0000e+00
-0.675 -0.525 0.0000e+00
-0.675 -0.475 0.0000e+00
-0.675 -0.425 0.0000e+00
-0.675 -0.375 0.0000e+00
-0.675 -0.325 0.0000e+00
-0.675 -0.275 0.0000e+00
-0.675 -0.225 0.0000e+00
-0.675 -0.175 0.0000e+00
-0.675 -0.125 0.0000e+00
-0.675 -0.075 0.0000e+00
-0.675 -0.025 0.0000e+00
-0.675 0.025 0.0000e+00
-0.675 0.075 0.0000e+00
-0.675 0.125 0.0000e+00
-0.675 0.175 0.0000e+00
-0.675 0.225 0.0000e+00
-0.675 0.275 0.0000e+00
-0.675 0.325 0.0000e+00
-0.675 0.375 0.0000e+00
-0.675 0.425 0.0000e+00
-0.675 0.475 0.0000e+00
-0.675 0.525 0.0000e+00
-0.675 0.575 0.0000e+00
-0.675 0.625 0.0000e+00
-0.675 0.675 0.0000e+00
-0.675 0.725 0.0000e+00
-0.675 0.775 0.0000e+00
-0.675 0.825 0.0000e+00
-0.675 0.875 0.0000e+00
-0.675 0.925 0.0000e+00
-0.675 0.975 0.0000e+00
-0.675 1.025 0.0000e+00
-0.675 1.075 0.0000e+00
-0.675 1.125 0.0000e+00
-0.675 1.175 0.0000e+00
-0.675 1.225 0.0000e+00
-0.675 1.275 0.0000e+00
-0.675 1.325 0.0000e+00
-0.675 1.375 0.0000e+00
-0.675 1.425 0.0000e+00
-0.675 1.475 0.0000e+00
-0.675 1.525 0.0000e+00
-0.675 1.575 0.0000e+00
-0.675 1.625 0.0000e+00
-0.675 1.675 0.0000e+00
-0.675 1.725 0.0000e+00
-0.675 1.775 0.0000e+00
-0.675 1.825 0.0000e+00
-0.675 1.875 0.0000e+00
-0.675 1.925 0.0000e+00
-0.675 1.975 0.0000e+00
-0.675 2.025 0.0000e+00
-0.675 2.075 0.0000e+00
-0.675 2.125 0.0000e+00
-0.675 2.175 0.0000e+00
-0.675 2.225 0.0000e+00
-0.675 2.275 0.0000e+00
-0.675 2.325 0.0000e+00
-0.675 2.375 0.0000e+00
-0.675 2.425 0.0000e+00
-0.675 2.475 0.0000e+00
-0.675 2.525 0.0000e+00
-0.675 2.575 0.0000e+00
-0.675 2.625 0.0000e+00
-0.675 2.675 0.0000e+00
-0.675 2.725 0.0000e+00
-0.675 2.775 0.0000e+00
-0.675 2.825 0.0000e+00
-0.675 2.875 0.0000e+00
-0.675 2.925 0.0000e+00
-0.675 2.975 0.0000e+00
-0.675 3.025 0.0000e+00
-0.675 3.075 0.0000e+00
-0.675 3.125 0.0000e+00
-0.675 3.175 0.0000e+00
-0.675 3.225 0.0000e+00
-0.675 3.275 0.0000e+00
-0.675 3.325 0.0000e+00
-0.675 3.375 0.0000e+00
-0.675 3.425 0.0000e+00
-0.675 3.475 0.0000e+00
-0.675 3.525 0.0000e+00
-0.675 3.575 0.0000e+00
-0.675 3.625 0.0000e+00
-0.675 3.675 0.0000e+00
-0.675 3.725 0.0000e+00
-0.675 3.775 0.0000e+00
-0.675 3.825 0.0000e+00
-0.675 3.875 0.0000e+00
-0.675 3.925 0.0000e+00
-0.675 3.975 0.0000e+00
-0.625 -1.975 0.0000e+00
-0.625 -1.925 0.0000e+00
-0.625 -1.875 0.0000e+00
-0.625 -1.825 0.0000e+00
-0.625 -1.775 0.0000e+00
-0.625 -1.725 0.0000e+00
-0.625 -1.675 0.0000e+00
-0.625 -1.625 0.0000e+00
-0.625 -1.575 0.0000e+00
-0.625 -1.525 0.0000e+00
-0.625 -1.475 0.0000e+00
-0.625 -1.425 0.0000e+00
-0.625 -1.375 0.0000e+00
-0.625 -1.325 0.0000e+00
-0.625 -1.275 0.0000e+00
-0.625 -1.225 0.0000e+00
-0.625 -1.175 0.0000e+00
-0.625 -1.125 0.0000e+00
-0.625 -1.075 0.0000e+00
-0.625 -1.025 0.0000e+00
-0.625 -0.975 0.0000e+00
-0.625 -0.925 0.0000e+00
-0.625 -0.875 0.0000e+00
-0.625 -0.825 0.0000e+00
-0.625 -0.775 0.0000e+00
-0.625 -0.725 0.0000e+00
-0.625 -0.675 0.0000e+00
-0.625 -0.625 0.0000e+00
-0.625 -0.575 0.0000e+00
-0.625 -0.525 0.0000e+00
-0.625 -0.475 0.0000e+00
-0.625 -0.425 0.0000e+00
-0.625 -0.375 0.0000e+00
-0.625 -0.325 0.0000e+00
-0.625 -0.275 0.0000e+00
-0.625 -0.225 0.0000e+00
-0.625 -0.175 0.0000e+00
-0.625 -0.125 0.0000e+00
-0.625 -0.075 0.0000e+00
-0.625 -0.025 0.0000e+00
-0.625 0.025 0.0000e+00
-0.625 0.075 0.0000e+00
-0.625 0.125 0.0000e+00
-0.625 0.175 0.0000e+00
-0.625 0.225 0.0000e+00
-0.625 0.275 0.0000e+00
-0.625 0.325 0.0000e+00
-0.625 0.375 0.0000e+00
-0.625 0.425 0.0000e+00
-0.625 0.475 0.0000e+00
-0.625 0.525 0.0000e+00
-0.625 0.575 0.0000e+00
-0.625 0.625 0.0000e+00
-0.625 0.675 0.0000e+00
-0.625 0.725 0.0000e+00
-0.625 0.775 0.0000e+00
-0.625 0.825 0.0000e+00
-0.625 0.875 0.0000e+00
-0.625 0.925 0.0000e+00
-0.625 0.975 0.0000e+00
-0.625 1.025 0.0000e+00
-0.625 1.075 0.0000e+00
-0.625 1.125 0.0000e+00
-0.625 1.175 0.0000e+00
-0.625 1.225 0.0000e+00
-0.625 1.275 0.0000e+00
-0.625 1.325 0.0000e+00
-0.625 1.375 0.0000e+00
-0.625 1.425 0.0000e+00
-0.625 1.475 0.0000e+00
-0.625 1.525 0.0000e+00
-0.625 1.575 0.0000e+00
-0.625 1.625 0.0000e+00
-0.625 1.675 0.0000e+00
-0.625 1.725 0.0000e+00
-0.625 1.775 0.0000e+00
-0.625 1.825 0.0000e+00
-0.625 1.875 0.0000e+00
-0.625 1.925 0.0000e+00
-0.625 1.975 0.0000e+00
-0.625 2.025 0.0000e+00
-0.625 2.075 0.0000e+00
-0.625 2.125 0.0000e+00
-0.625 2.175 0.0000e+00
-0.625 2.225 0.0000e+00
-0.625 2.275 0.0000e+00
-0.625 2.325 0.0000e+00
-0.625 2.375 0.0000e+00
-0.625 2.425 0.0000e+00
-0.625 2.475 0.0000e+00
-0.625 2.525 0.0000e+00
-0.625 2.575 0.0000e+00
-0.625 2.625 0.0000e+00
-0.625 2.675 0.0000e+00
-0.625 2.725 0.0000e+00
-0.625 2.775 0.0000e+00
-0.625 2.825 0.0000e+00
-0.625 2.875 0.0000e+00
-0.625 2.925 0.0000e+00
-0.625 2.975 0.0000e+00
-0.625 3.025 0.0000e+00
-0.625 3.075 0.0000e+00
-0.625 3.125 0.0000e+00
-0.625 3.175 0.0000e+00
-0.625 3.225 0.0000e+00
-0.625 3.275 0.0000e+00
-0.625 3.325 0.0000e+00
-0.625 3.375 0.0000e+00
-0.625 3.425 0.0000e+00
-0.625 3.475 0.0000e+00
-0.625 3.525 0.0000e+00
-0.625 3.575 0.0000e+00
-0.625 3.625 0.0000e+00
-0.625 3.675 0.0000e+00
-0.625 3.725 0.0000e+00
-0.625 3.775 0.0000e+00
-0.625 3.825 0.0000e+00
-0.625 3.875 0.0000e+00
-0.625 3.925 0.0000e+00
-0.625 3.975 0.0000e+00
-0.575 -1.975 0.0000e+00
-0.575 -1.925 0.0000e+00
-0.575 -1.875 0.0000e+00
-0.575 -1.825 0.0000e+00
-0.575 -1.775 0.0000e+00
-0.575 -1.725 0.0000e+00
-0.575 -1.675 0.0000e+00
-0.575 -1.625 0.0000e+00
-0.575 -1.575 0.0000e+00
-0.575 -1.525 0.0000e+00
-0.575 -1.475 0.0000e+00
-0.575 -1.425 0.0000e+00
-0.575 -1.375 0.0000e+00
-0.575 -1.325 0.0000e+00
-0.575 -1.275 0.0000e+00
-0.575 -1.225 0.0000e+00
-0.575 -1.175 0.0000e+00
-0.575 -1.125 0.0000e+00
-0.575 -1.075 0.0000e+00
-0.575 -1.025 0.0000e+00
-0.575 -0.975 0.0000e+00
-0.575 -0.925 0.0000e+00
-0.575 -0.875 0.0000e+00
-0.575 -0.825 0.0000e+00
-0.575 -0.775 0.0000e+00
-0.575 -0.725 0.0000e+00
-0.575 -0.675 0.0000e+00
-0.575 -0.625 0.0000e+00
-0.575 -0.575 0.0000e+00
-0.575 -0.525 0.0000e+00
-0.575 -0.475 0.0000e+00
-0.575 -0.425 0.0000e+00
-0.575 -0.375 0.0000e+00
-0.575 -0.325 0.0000e+00
-0.575 -0.275 0.0000e+00
-0.575 -0.225 0.0000e+00
-0.575 -0.175 0.0000e+00
-0.575 -0.125 0.0000e+00
-0.575 -0.075 0.0000e+00
-0.575 -0.025 0.0000e+00
-0.575 0.025 0.0000e+00
-0.575 0.075 0.0000e+00
-0.575 0.125 0.0000e+00
-0.575 0.175 0.0000e+00
-0.575 0.225 0.0000e+00
-0.575 0.275 0.0000e+00
-0.575 0.325 0.0000e+00
-0.575 0.375 0.0000e+00
-0.575 0.425 0.0000e+00
-0.575 0.475 0.0000e+00
-0.575 0.525 0.0000e+00
-0.575 0.575 0.0000e+00
-0.575 0.625 0.0000e+00
-0.575 0.675 0.0000e+00
-0.575 0.725 0.0000e+00
-0.575 0.775 0.0000e+00
-0.575 0.825 0.0000e+00
-0.575 0.875 0.0000e+00
-0.575 0.925 0.0000e+00
-0.575 0.975 0.0000e+00
-0.575 1.025 0.0000e+00
-0.575 1.075 0.0000e+00
-0.575 1.125 0.0000e+00
-0.575 1.175 0.0000e+00
-0.575 1.225 0.0000e+00
-0.575 1.275 0.0000e+00
-0.575 1.325 0.0000e+00
-0.575 1.375 0.0000e+00
-0.575 1.425 0.0000e+00
-0.575 1.475 0.0000e+00
-0.575 1.525 0.0000e+00
-0.575 1.575 0.0000e+00
-0.575 1.625 0.0000e+00
-0.575 1.675 0.0000e+00
-0.575 1.725 0.0000e+00
-0.575 1.775 0.0000e+00
-0.575 1.825 0.0000e+00
-0.575 1.875 0.0000e+00
-0.575 1.925 0.0000e+00
-0.575 1.975 0.0000e+00
-0.575 2.025 0.0000e+00
-0.575 2.075 0.0000e+00
-0.575 2.125 0.0000e+00
-0.575 2.175 0.0000e+00
-0.575 2.225 0.0000e+00
-0.575 2.275 0.0000e+00
-0.575 2.325 0.0000e+00
-0.575 2.375 0.0000e+00
-0.575 2.425 0.0000e+00
-0.575 2.475 0.0000e+00
-0.575 2.525 0.0000e+00
-0.575 2.575 0.0000e+00
-0.575 2.625 0.0000e+00
-0.575 2.675 0.0000e+00
-0.575 2.725 0.0000e+00
-0.575 2.775 0.0000e+00
-0.575 2.825 0.0000e+00
-0.575 2.875 0.0000e+00
-0.575 2.925 0.0000e+00
-0.575 2.975 0.0000e+00
-0.575 3.025 0.0000e+00
-0.575 3.075 0.0000e+00
-0.575 3.125 0.0000e+00
-0.575 3.175 0.0000e+00
-0.575 3.225 0.0000e+00
-0.575 3.275 0.0000e+00
-0.575 3.325 0.0000e+00
-0.575 3.375 0.0000e+00
-0.575 3.425 0.0000e+00
-0.575 3.475 0.0000e+00
-0.575 3.525 0.0000e+00
-0.575 3.575 0.0000e+00
-0.575 3.625 0.0000e+00
-0.575 3.675 0.0000e+00
-0.575 3.725 0.0000e+00
-0.575 3.775 0.0000e+00
-0.575 3.825 0.0000e+00
-0.575 3.875 0.0000e+00
-0.575 3.925 0.0000e+00
-0.575 3.975 0.0000e+00
-0.525 -1.975 0.0000e+00
-0.525 -1.925 0.0000e+00
-0.525 -1.875 0.0000e+00
-0.525 -1.825 0.0000e+00
-0.525 -1.775 0.0000e+00
-0.525 -1.725 0.0000e+00
-0.525 -1.675 0.0000e+00
-0.525 -1.625 0.0000e+00
-0.525 -1.575 0.0000e+00
-0.525 -1.525 0.0000e+00
-0.525 -1.475 0.0000e+00
-0.525 -1.425 0.0000e+00
-0.525 -1.375 0.0000e+00
-0.525 -1.325 0.0000e+00
-0.525 -1.275 0.0000e+00
-0.525 -1.225 0.0000e+00
-0.525 -1.175 0.0000e+00
-0.525 -1.125 0.0000e+00
-0.525 -1.075 0.0000e+00
-0.525 -1.025 0.0000e+00
-0.525 -0.975 0.0000e+00
-0.525 -0.925 0.0000e+00
-0.525 -0.875 0.0000e+00
-0.525 -0.825 0.0000e+00
-0.525 -0.775 0.0000e+00
-0.525 -0.725 0.0000e+00
-0.525 -0.675 0.0000e+00
-0.525 -0.625 0.0000e+00
-0.525 -0.575 0.0000e+00
-0.525 -0.525 0.0000e+00
-0.525 -0.475 0.0000e+00
-0.525 -0.425 0.0000e+00
-0.525 -0.375 0.0000e+00
-0.525 -0.325 0.0000e+00
-0.525 -0.275 0.0000e+00
-0.525 -0.225 0.0000e+00
-0.525 -0.175 0.0000e+00
-0.525 -0.125 0.0000e+00
-0.525 -0.075 0.0000e+00
-0.525 -0.025 0.0000e+00
-0.525 0.025 0.0000e+00
-0.525 0.075 0.0000e+00
-0.525 0.125 0.0000e+00
-0.525 0.175 0.0000e+00
-0.525 0.225 0.0000e+00
-0.525 0.275 0.0000e+00
-0.525 0.325 0.0000e+00
-0.525 0.375 0.0000e+00
-0.525 0.425 0.0000e+00
-0.525 0.475 0.0000e+00
-0.525 0.525 0.0000e+00
-0.525 0.575 0.0000e+00
-0.525 0.625 0.0000e+00
-0.525 0.675 0.0000e+00
-0.525 0.725 0.0000e+00
-0.525 0.775 0.0000e+00
-0.525 0.825 0.0000e+00
-0.525 0.875 0.0000e+00
-0.525 0.925 0.0000e+00
-0.525 0.975 0.0000e+00
-0.525 1.025 0.0000e+00
-0.525 1.075 0.0000e+00
-0.525 1.125 0.0000e+00
-0.525 1.175 0.0000e+00
-0.525 1.225 0.0000e+00
-0.525 1.275 0.0000e+00
-0.525 1.325 0.0000e+00
-0.525 1.375 0.0000e+00
-0.525 1.425 0.0000e+00
-0.525 1.475 0.0000e+00
-0.525 1.525 0.0000e+00
-0.525 1.575 0.0000e+00
-0.525 1.625 0.0000e+00
-0.525 1.675 0.0000e+00
-0.525 1.725 0.0000e+00
-0.525 1.775 0.0000e+00
-0.525 1.825 0.0000e+00
-0.525 1.875 0.0000e+00
-0.525 1.925 0.0000e+00
-0.525 1.975 0.0000e+00
-0.525 2.025 0.0000e+00
-0.525 2.075 0.0000e+00
-0.525 2.125 0.0000e+00
-0.525 2.175 0.0000e+00
-0.525 2.225 0.0000e+00
-0.525 2.275 0.0000e+00
-0.525 2.325 0.0000e+00
-0.525 2.375 0.0000e+00
-0.525 2.425 0.0000e+00
-0.525 2.475 0.0000e+00
-0.525 2.525 0.0000e+00
-0.525 2.575 0.0000e+00
-0.525 2.625 0.0000e+00
-0.525 2.675 0.0000e+00
-0.525 2.725 0.0000e+00
-0.525 2.775 0.0000e+00
-0.525 2.825 0.0000e+00
-0.525 2.875 0.0000e+00
-0.525 2.925 0.0000e+00
-0.525 2.975 0.0000e+00
-0.525 3.025 0.0000e+00
-0.525 3.075 0.0000e+00
-0.525 3.125 0.0000e+00
-0.525 3.175 0.0000e+00
-0.525 3.225 0.0000e+00
-0.525 3.275 0.0000e+00
-0.525 3.325 0.0000e+00
-0.525 3.375 0.0000e+00
-0.525 3.425 0.0000e+00
-0.525 3.475 0.0000e+00
-0.525 3.525 0.0000e+00
-0.525 3.575 0.0000e+00
-0.525 3.625 0.0000e+00
-0.525 3.675 0.0000e+00
-0.525 3.725 0.0000e+00
-0.525 3.775 0.0000e+00
-0.525 3.825 0.0000e+00
-0.525 3.875 0.0000e+00
-0.525 3.925 0.0000e+00
-0.525 3.975 0.0000e+00
-0.475 -1.975 0.0000e+00
-0.475 -1.925 0.0000e+00
-0.475 -1.875 0.0000e+00
-0.475 -1.825 0.0000e+00
-0.475 -1.775 0.0000e+00
-0.475 -1.725 0.0000e+00
-0.475 -1.675 0.0000e+00
-0.475 -1.625 0.0000e+00
-0.475 -1.575 0.0000e+00
-0.475 -1.525 0.0000e+00
-0.475 -1.475 0.0000e+00
-0.475 -1.425 0.0000e+00
-0.475 -1.375 0.0000e+00
-0.475 -1.325 0.0000e+00
-0.475 -1.275 0.0000e+00
-0.475 -1.225 0.0000e+00
-0.475 -1.175 0.0000e+00
-0.475 -1.125 0.0000e+00
-0.475 -1.075 0.0000e+00
-0.475 -1.025 0.0000e+00
-0.475 -0.975 0.0000e+00
-0.475 -0.925 0.0000e+00
-0.475 -0.875 0.0000e+00
-0.475 -0.825 0.0000e+00
-0.475 -0.775 0.0000e+00
-0.475 -0.725 0.0000e+00
-0.475 -0.675 0.0000e+00
-0.475 -0.625 0.0000e+00
-0.475 -0.575 0.0000e+00
-0.475 -0.525 0.0000e+00
-0.475 -0.475 0.0000e+00
-0.475 -0.425 0.0000e+00
-0.475 -0.375 0.0000e+00
-0.475 -0.325 0.0000e+00
-0.475 -0.275 0.0000e+00
-0.475 -0.225 0.0000e+00
-0.475 -0.175 0.0000e+00
-0.475 -0.125 0.0000e+00
-0.475 -0.075 0.0000e+00
-0.475 -0.025 0.0000e+00
-0.475 0.025 0.0000e+00
-0.475 0.075 0.0000e+00
-0.475 0.125 0.0000e+00
-0.475 0.175 0.0000e+00
-0.475 0.225 0.0000e+00
-0.475 0.275 0.0000e+00
-0.475 0.325 0.0000e+00
-0.475 0.375 0.0000e+00
-0.475 0.425 0.0000e+00
-0.475 0.475 0.0000e+00
-0.475 0.525 0.0000e+00
-0.475 0.575 0.0000e+00
-0.475 0.625 0.0000e+00
-0.475 0.675 0.0000e+00
-0.475 0.725 0.0000e+00
-0.475 0.775 0.0000e+00
-0.475 0.825 0.0000e+00
-0.475 0.875 0.0000e+00
-0.475 0.925 0.0000e+00
-0.475 0.975 0.0000e+00
-0.475 1.025 0.0000e+00
-0.475 1.075 0.0000e+00
-0.475 1.125 0.0000e+00
-0.475 1.175 0.0000e+00
-0.475 1.225 0.0000e+00
-0.475 1.275 0.0000e+00
-0.475 1.325 0.0000e+00
-0.475 1.375 0.0000e+00
-0.475 1.425 0.0000e+00
-0.475 1.475 0.0000e+00
-0.475 1.525 0.0000e+00
-0.475 1.575 0.0000e+00
-0.475 1.625 0.0000e+00
-0.475 1.675 0.0000e+00
-0.475 1.725 0.0000e+00
-0.475 1.775 0.0000e+00
-0.475 1.825 0.0000e+00
-0.475 1.875 0.0000e+00
-0.475 1.925 0.0000e+00
-0.475 1.975 0.0000e+00
-0.475 2.025 0.0000e+00
-0.475 2.075 0.0000e+00
-0.475 2.125 0.0000e+00
-0.475 2.175 0.0000e+00
-0.475 2.225 0.0000e+00
-0.475 2.275 0.0000e+00
-0.475 2.325 0.0000e+00
-0.475 2.375 0.0000e+00
-0.475 2.425 0.0000e+00
-0.475 2.475 0.0000e+00
-0.475 2.525 0.0000e+00
-0.475 2.575 0.0000e+00
-0.475 2.625 0.0000e+00
-0.475 2.675 0.0000e+00
-0.475 2.725 0.0000e+00
-0.475 2.775 0.0000e+00
-0.475 2.825 0.0000e+00
-0.475 2.875 0.0000e+00
-0.475 2.925 0.0000e+00
-0.475 2.975 0.0000e+00
-0.475 3.025 0.0000e+00
-0.475 3.075 0.0000e+00
-0.475 3.125 0.0000e+00
-0.475 3.175 0.0000e+00
-0.475 3.225 0.0000e+00
-0.475 3.275 0.0000e+00
-0.475 3.325 0.0000e+00
-0.475 3.375 0.0000e+00
-0.475 3.425 0.0000e+00
-0.475 3.475 0.0000e+00
-0.475 3.525 0.0000e+00
-0.475 3.575 0.0000e+00
-0.475 3.625 0.0000e+00
-0.475 3.675 0.0000e+00
-0.475 3.725 0.0000e+00
-0.475 3.775 0.0000e+00
-0.475 3.825 0.0000e+00
-0.475 3.875 0.0000e+00
-0.475 3.925 0.0000e+00
-0.475 3.975 0.0000e+00
-0.425 -1.975 0.0000e+00
-0.425 -1.925 0.0000e+00
-0.425 -1.875 0.0000e+00
-0.425 -1.825 0.0000e+00
-0.425 -1.775 0.0000e+00
-0.425 -1.725 0.0000e+00
-0.425 -1.675 0.0000e+00
-0.425 -1.625 0.0000e+00
-0.425 -1.575 0.0000e+00
-0.425 -1.525 0.0000e+00
-0.425 -1.475 0.0000e+00
-0.425 -1.425 0.0000e+00
-0.425 -1.375 0.0000e+00
-0.425 -1.325 0.0000e+00
-0.425 -1.275 0.0000e+00
-0.425 -1.225 0.0000e+00
-0.425 -1.175 0.0000e+00
-0.425 -1.125 0.0000e+00
-0.425 -1.075 0.0000e+00
-0.425 -1.025 0.0000e+00
-0.425 -0.975 0.0000e+00
-0.425 -0.925 0.0000e+00
-0.425 -0.875 0.0000e+00
-0.425 -0.825 0.0000e+00
-0.425 -0.775 0.0000e+00
-0.425 -0.725 0.0000e+00
-0.425 -0.675 0.0000e+00
-0.425 -0.625 0.0000e+00
-0.425 -0.575 0.0000e+00
-0.425 -0.525 0.0000e+00
-0.425 -0.475 0.0000e+00
-0.425 -0.425 0.0000e+00
-0.425 -0.375 0.0000e+00
-0.425 -0.325 0.0000e+00
-0.425 -0.275 0.0000e+00
-0.425 -0.225 0.0000e+00
-0.425 -0.175 0.0000e+00
-0.425 -0.125 0.0000e+00
-0.425 -0.075 0.0000e+00
-0.425 -0.025 0.0000e+00
-0.425 0.025 0.0000e+00
-0.425 0.075 0.0000e+00
-0.425 0.125 0.0000e+00
-0.425 0.175 0.0000e+00
-0.425 0.225 0.0000e+00
-0.425 0.275 0.0000e+00
-0.425 0.325 0.0000e+00
-0.425 0.375 0.0000e+00
-0.425 0.425 0.0000e+00
-0.425 0.475 0.0000e+00
-0.425 0.525 0.0000e+00
-0.425 0.575 0.0000e+00
-0.425 0.625 0.0000e+00
-0.425 0.675 0.0000e+00
-0.425 0.725 0.0000e+00
-0.425 0.775 0.0000e+00
-0.425 0.825 0.0000e+00
-0.425 0.875 0.0000e+00
-0.425 0.925 0.0000e+00
-0.425 0.975 0.0000e+00
-0.425 1.025 0.0000e+00
-0.425 1.075 0.0000e+00
-0.425 1.125 0.0000e+00
-0.425 1.175 0.0000e+00
-0.425 1.225 0.0000e+00
-0.425 1.275 0.0000e+00
-0.425 1.325 0.0000e+00
-0.425 1.375 0.0000e+00
-0.425 1.425 0.0000e+00
-0.425 1.475 0.0000e+00
-0.425 1.525 0.0000e+00
-0.425 1.575 0.0000e+00
-0.425 1.625 0.0000e+00
-0.425 1.675 0.0000e+00
-0.425 1.725 0.0000e+00
-0.425 1.775 0.0000e+00
-0.425 1.825 0.0000e+00
-0.425 1.875 0.0000e+00
-0.425 1.925 0.0000e+00
-0.425 1.975 0.0000e+00
-0.425 2.025 0.0000e+00
-0.425 2.075 0.0000e+00
-0.425 2.125 0.0000e+00
-0.425 2.175 0.0000e+00
-0.425 2.225 0.0000e+00
-0.425 2.275 0.0000e+00
-0.425 2.325 0.0000e+00
-0.425 2.375 0.0000e+00
-0.425 2.425 0.0000e+00
-0.425 2.475 0.0000e+00
-0.425 2.525 0.0000e+00
-0.425 2.575 0.0000e+00
-0.425 2.625 0.0000e+00
-0.425 2.675 0.0000e+00
-0.425 2.725 0.0000e+00
-0.425 2.775 0.0000e+00
-0.425 2.825 0.0000e+00
-0.425 2.875 0.0000e+00
-0.425 2.925 0.0000e+00
-0.425 2.975 0.0000e+00
-0.425 3.025 0.0000e+00
-0.425 3.075 0.0000e+00
-0.425 3.125 0.0000e+00
-0.425 3.175 0.0000e+00
-0.425 3.225 0.0000e+00
-0.425 3.275 0.0000e+00
-0.425 3.325 0.0000e+00
-0.425 3.375 0.0000e+00
-0.425 3.425 0.0000e+00
-0.425 3.475 0.0000e+00
-0.425 3.525 0.0000e+00
-0.425 3.575 0.0000e+00
-0.425 3.625 0.0000e+00
-0.425 3.675 0.0000e+00
-0.425 3.725 0.0000e+00
-0.425 3.775 0.0000e+00
-0.425 3.825 0.0000e+00
-0.425 3.875 0.0000e+00
-0.425 3.925 0.0000e+00
-0.425 3.975 0.0000e+00
-0.375 -1.975 0.0000e+00
-0.375 -1.925 0.0000e+00
-0.375 -1.875 0.0000e+00
-0.375 -1.825 0.0000e+00
-0.375 -1.775 0.0000e+00
-0.375 -1.725 0.0000e+00
-0.375 -1.675 0.0000e+00
-0.375 -1.625 0.0000e+00
-0.375 -1.575 0.0000e+00
-0.375 -1.525 0.0000e+00
-0.375 -1.475 0.0000e+00
-0.375 -1.425 0.0000e+00
-0.375 -1.375 0.0000e+00
-0.375 -1.325 0.0000e+00
-0.375 -1.275 0.0000e+00
-0.375 -1.225 0.0000e+00
-0.375 -1.175 0.0000e+00
-0.375 -1.125 0.0000e+00
-0.375 -1.075 0.0000e+00
-0.375 -1.025 0.0000e+00
-0.375 -0.975 0.0000e+00
-0.375 -0.925 0.0000e+00
-0.375 -0.875 0.0000e+00
-0.375 -0.825 0.0000e+00
-0.375 -0.775 0.0000e+00
-0.375 -0.725 0.0000e+00
-0.375 -0.675 0.0000e+00
-0.375 -0.625 0.0000e+00
-0.375 -0.575 0.0000e+00
-0.375 -0.525 0.0000e+00
-0.375 -0.475 0.0000e+00
-0.375 -0.425 0.0000e+00
-0.375 -0.375 0.0000e+00
-0.375 -0.325 0.0000e+00
-0.375 -0.275 0.0000e+00
-0.375 -0.225 0.0000e+00
-0.375 -0.175 0.0000e+00
-0.375 -0.125 0.0000e+00
-0.375 -0.075 0.0000e+00
-0.375 -0.025 0.0000e+00
-0.375 0.025 0.0000e+00
-0.375 0.075 0.0000e+00
-0.375 0.125 0.0000e+00
-0.375 0.175 0.0000e+00
-0.375 0.225 0.0000e+00
-0.375 0.275 0.0000e+00
-0.375 0.325 0.0000e+00
-0.375 0.375 0.0000e+00
-0.375 0.425 0.0000e+00
-0.375 0.475 0.0000e+00
-0.375 0.525 0.0000e+00
-0.375 0.575 0.0000e+00
-0.375 0.625 0.0000e+00
-0.375 0.675 0.0000e+00
-0.375 0.725 0.0000e+00
-0.375 0.775 0.0000e+00
-0.375 0.825 0.0000e+00
-0.375 0.875 0.0000e+00
-0.375 0.925 0.0000e+00
-0.375 0.975 0.0000e+00
-0.375 1.025 0.0000e+00
-0.375 1.075 0.0000e+00
-0.375 1.125 0.0000e+00
-0.375 1.175 0.0000e+00
-0.375 1.225 0.0000e+00
-0.375 1.275 0.0000e+00
-0.375 1.325 0.0000e+00
-0.375 1.375 0.0000e+00
-0.375 1.425 0.0000e+00
-0.375 1.475 0.0000e+00
-0.375 1.525 0.0000e+00
-0.375 1.575 0.0000e+00
-0.375 1.625 0.0000e+00
-0.375 1.675 0.0000e+00
-0.375 1.725 0.0000e+00
-0.375 1.775 0.0000e+00
-0.375 1.825 0.0000e+00
-0.375 1.875 0.0000e+00
-0.375 1.925 0.0000e+00
-0.375 1.975 0.0000e+00
-0.375 2.025 0.0000e+00
-0.375 2.075 0.0000e+00
-0.375 2.125 0.0000e+00
-0.375 2.175 0.0000e+00
-0.375 2.225 0.0000e+00
-0.375 2.275 0.0000e+00
-0.375 2.325 0.0000e+00
-0.375 2.375 0.0000e+00
-0.375 2.425 0.0000e+00
-0.375 2.475 0.0000e+00
-0.375 2.525 0.0000e+00
-0.375 2.575 0.0000e+00
-0.375 2.625 0.0000e+00
-0.375 2.675 0.0000e+00
-0.375 2.725 0.0000e+00
-0.375 2.775 0.0000e+00
-0.375 2.825 0.0000e+00
-0.375 2.875 0.0000e+00
-0.375 2.925 0.0000e+00
-0.375 2.975 0.0000e+00
-0.375 3.025 0.0000e+00
-0.375 3.075 0.0000e+00
-0.375 3.125 0.0000e+00
-0.375 3.175 0.0000e+00
-0.375 3.225 0.0000e+00
-0.375 3.275 0.0000e+00
-0.375 3.325 0.0000e+00
-0.375 3.375 0.0000e+00
-0.375 3.425 0.0000e+00
-0.375 3.475 0.0000e+00
-0.375 3.525 0.0000e+00
-0.375 3.575 0.0000e+00
-0.375 3.625 0.0000e+00
-0.375 3.675 0.0000e+00
-0.375 3.725 0.0000e+00
-0.375 3.775 0.0000e+00
-0.375 3.825 0.0000e+00
-0.375 3.875 0.0000e+00
-0.375 3.925 0.0000e+00
-0.375 3.975 0.0000e+00
-0.325 -1.975 0.0000e+00
-0.325 -1.925 0.0000e+00
-0.325 -1.875 0.0000e+00
-0.325 -1.825 0.0000e+00
-0.325 -1.775 0.0000e+00
-0.325 -1.725 0.0000e+00
-0.325 -1.675 0.0000e+00
-0.325 -1.625 0.0000e+00
-0.325 -1.575 0.0000e+00
-0.325 -1.525 0.0000e+00
-0.325 -1.475 0.0000e+00
-0.325 -1.425 0.0000e+00
-0.325 -1.375 0.0000e+00
-0.325 -1.325 0.0000e+00
-0.325 -1.275 0.0000e+00
-0.325 -1.225 0.0000e+00
-0.325 -1.175 0.0000e+00
-0.325 -1.125 0.0000e+00
-0.325 -1.075 0.0000e+00
-0.325 -1.025 0.0000e+00
-0.325 -0.975 0.0000e+00
-0.325 -0.925 0.0000e+00
-0.325 -0.875 0.0000e+00
-0.325 -0.825 0.0000e+00
-0.325 -0.775 0.0000e+00
-0.325 -0.725 0.0000e+00
-0.325 -0.675 0.0000e+00
-0.325 -0.625 0.0000e+00
-0.325 -0.575 0.0000e+00
-0.325 -0.525 0.0000e+00
-0.325 -0.475 0.0000e+00
-0.325 -0.425 0.0000e+00
-0.325 -0.375 0.0000e+00
-0.325 -0.325 0.0000e+00
-0.325 -0.275 0.0000e+00
-0.325 -0.225 0.0000e+00
-0.325 -0.175 0.0000e+00
-0.325 -0.125 0.0000e+00
-0.325 -0.075 0.0000e+00
-0.325 -0.025 0.0000e+00
-0.325 0.025 0.0000e+00
-0.325 0.075 0.0000e+00
-0.325 0.125 0.0000e+00
-0.325 0.175 0.0000e+00
-0.325 0.225 0.0000e+00
-0.325 0.275 0.0000e+00
-0.325 0.325 0.0000e+00
-0.325 0.375 0.0000e+00
-0.325 0.425 0.0000e+00
-0.325 0.475 0.0000e+00
-0.325 0.525 0.0000e+00
-0.325 0.575 0.0000e+00
-0.325 0.625 0.0000e+00
-0.325 0.675 0.0000e+00
-0.325 0.725 0.0000e+00
-0.325 0.775 0.0000e+00
-0.325 0.825 0.0000e+00
-0.325 0.875 0.0000e+00
-0.325 0.925 0.0000e+00
-0.325 0.975 0.0000e+00
-0.325 1.025 0.0000e+00
-0.325 1.075 0.0000e+00
-0.325 1.125 0.0000e+00
-0.325 1.175 0.0000e+00
-0.325 1.225 0.0000e+00
-0.325 1.275 0.0000e+00
-0.325 1.325 0.0000e+00
-0.325 1.375 0.0000e+00
-0.325 1.425 0.0000e+00
-0.325 1.475 0.0000e+00
-0.325 1.525 0.0000e+00
-0.325 1.575 0.0000e+00
-0.325 1.625 0.0000e+00
-0.325 1.675 0.0000e+00
-0.325 1.725 0.0000e+00
-0.325 1.775 0.0000e+00
-0.325 1.825 0.0000e+00
-0.325 1.875 0.0000e+00
-0.325 1.925 0.0000e+00
-0.325 1.975 0.0000e+00
-0.325 2.025 0.0000e+00
-0.325 2.075 0.0000e+00
-0.325 2.125 0.0000e+00
-0.325 2.175 0.0000e+00
-0.325 2.225 0.0000e+00
-0.325 2.275 0.0000e+00
-0.325 2.325 0.0000e+00
-0.325 2.375 0.0000e+00
-0.325 2.425 0.0000e+00
-0.325 2.475 0.0000e+00
-0.325 2.525 0.0000e+00
-0.325 2.575 0.0000e+00
-0.325 2.625 0.0000e+00
-0.325 2.675 0.0000e+00
-0.325 2.725 0.0000e+00
-0.325 2.775 0.0000e+00
-0.325 2.825 0.0000e+00
-0.325 2.875 0.0000e+00
-0.325 2.925 0.0000e+00
-0.325 2.975 0.0000e+00
-0.325 3.025 0.0000e+00
-0.325 3.075 0.0000e+00
-0.325 3.125 0.0000e+00
-0.325 3.175 0.0000e+00
-0.325 3.225 0.0000e+00
-0.325 3.275 0.0000e+00
-0.325 3.325 0.0000e+00
-0.325 3.375 0.0000e+00
-0.325 3.425 0.0000e+00
-0.325 3.475 0.0000e+00
-0.325 3.525 0.0000e+00
-0.325 3.575 0.0000e+00
-0.325 3.625 0.0000e+00
-0.325 3.675 0.0000e+00
-0.325 3.725 0.0000e+00
-0.325 3.775 0.0000e+00
-0.325 3.825 0.0000e+00
-0.325 3.875 0.0000e+00
-0.325 3.925 0.0000e+00
-0.325 3.975 0.0000e+00
-0.275 -1.975 0.0000e+00
-0.275 -1.925 0.0000e+00
-0.275 -1.875 0.0000e+00
-0.275 -1.825 0.0000e+00
-0.275 -1.775 0.0000e+00
-0.275 -1.725 0.0000e+00
-0.275 -1.675 0.0000e+00
-0.275 -1.625 0.0000e+00
-0.275 -1.575 0.0000e+00
-0.275 -1.525 0.0000e+00
-0.275 -1.475 0.0000e+00
-0.275 -1.425 0.0000e+00
-0.275 -1.375 0.0000e+00
-0.275 -1.325 0.0000e+00
-0.275 -1.275 0.0000e+00
-0.275 -1.225 0.0000e+00
-0.275 -1.175 0.0000e+00
-0.275 -1.125 0.0000e+00
-0.275 -1.075 0.0000e+00
-0.275 -1.025 0.0000e+00
-0.275 -0.975 0.0000e+00
-0.275 -0.925 0.0000e+00
-0.275 -0.875 0.0000e+00
-0.275 -0.825 0.0000e+00
-0.275 -0.775 0.0000e+00
-0.275 -0.725 0.0000e+00
-0.275 -0.675 0.0000e+00
-0.275 -0.625 0.0000e+00
-0.275 -0.575 0.0000e+00
-0.275 -0.525 0.0000e+00
-0.275 -0.475 0.0000e+00
-0.275 -0.425 0.0000e+00
-0.275 -0.375 0.0000e+00
-0.275 -0.325 0.0000e+00
-0.275 -0.275 0.0000e+00
-0.275 -0.225 0.0000e+00
-0.275 -0.175 0.0000e+00
-0.275 -0.125 0.0000e+00
-0.275 -0.075 0.0000e+00
-0.275 -0.025 0.0000e+00
-0.275 0.025 0.0000e+00
-0.275 0.075 0.0000e+00
-0.275 0.125 0.0000e+00
-0.275 0.175 0.0000e+00
-0.275 0.225 0.0000e+00
-0.275 0.275 0.0000e+00
-0.275 0.325 0.0000e+00
-0.275 0.375 0.0000e+00
-0.275 0.425 0.0000e+00
-0.275 0.475 0.0000e+00
-0.275 0.525 0.0000e+00
-0.275 0.575 0.0000e+00
-0.275 0.625 0.0000e+00
-0.275 0.675 0.0000e+00
-0.275 0.725 0.0000e+00
-0.275 0.775 0.0000e+00
-0.275 0.825 0.0000e+00
-0.275 0.875 0.0000e+00
-0.275 0.925 0.0000e+00
-0.275 0.975 0.0000e+00
-0.275 1.025 0.0000e+00
-0.275 1.075 0.0000e+00
-0.275 1.125 0.0000e+00
-0.275 1.175 0.0000e+00
-0.275 1.225 0.0000e+00
-0.275 1.275 0.0000e+00
-0.275 1.325 0.0000e+00
-0.275 1.375 0.0000e+00
-0.275 1.425 0.0000e+00
-0.275 1.475 0.0000e+00
-0.275 1.525 0.0000e+00
-0.275 1.575 0.0000e+00
-0.275 1.625 0.0000e+00
-0.275 1.675 0.0000e+00
-0.275 1.725 0.0000e+00
-0.275 1.775 0.0000e+00
-0.275 1.825 0.0000e+00
-0.275 1.875 0.0000e+00
-0.275 1.925 0.0000e+00
-0.275 1.975 0.0000e+00
-0.275 2.025 0.0000e+00
-0.275 2.075 0.0000e+00
-0.275 2.125 0.0000e+00
-0.275 2.175 0.0000e+00
-0.275 2.225 0.0000e+00
-0.275 2.275 0.0000e+00
-0.275 2.325 0.0000e+00
-0.275 2.375 0.0000e+00
-0.275 2.425 0.0000e+00
-0.275 2.475 0.0000e+00
-0.275 2.525 0.0000e+00
-0.275 2.575 0.0000e+00
-0.275 2.625 0.0000e+00
-0.275 2.675 0.0000e+00
-0.275 2.725 0.0000e+00
-0.275 2.775 0.0000e+00
-0.275 2.825 0.0000e+00
-0.275 2.875 0.0000e+00
-0.275 2.925 0.0000e+00
-0.275 2.975 0.0000e+00
-0.275 3.025 0.0000e+00
-0.275 3.075 0.0000e+00
-0.275 3.125 0.0000e+00
-0.275 3.175 0.0000e+00
-0.275 3.225 0.0000e+00
-0.275 3.275 0.0000e+00
-0.275 3.325 0.0000e+00
-0.275 3.375 0.0000e+00
-0.275 3.425 0.0000e+00
-0.275 3.475 0.0000e+00
-0.275 3.525 0.0000e+00
-0.275 3.575 0.0000e+00
-0.275 3.625 0.0000e+00
-0.275 3.675 0.0000e+00
-0.275 3.725 0.0000e+00
-0.275 3.775 0.0000e+00
-0.275 3.825 0.0000e+00
-0.275 3.875 0.0000e+00
-0.275 3.925 0.0000e+00
-0.275 3.975 0.0000e+00
-0.225 -1.975 0.0000e+00
-0.225 -1.925 0.0000e+00
-0.225 -1.875 0.0000e+00
-0.225 -1.825 0.0000e+00
-0.225 -1.775 0.0000e+00
-0.225 -1.725 0.0000e+00
-0.225 -1.675 0.0000e+00
-0.225 -1.625 0.0000e+00
-0.225 -1.575 0.0000e+00
-0.225 -1.525 0.0000e+00
-0.225 -1.475 0.0000e+00
-0.225 -1.425 0.0000e+00
-0.225 -1.375 0.0000e+00
-0.225 -1.325 0.0000e+00
-0.225 -1.275 0.0000e+00
-0.225 -1.225 0.0000e+00
-0.225 -1.175 0.0000e+00
-0.225 -1.125 0.0000e+00
-0.225 -1.075 0.0000e+00
-0.225 -1.025 0.0000e+00
-0.225 -0.975 0.0000e+00
-0.225 -0.925 0.0000e+00
-0.225 -0.875 0.0000e+00
-0.225 -0.825 0.0000e+00
-0.225 -0.775 0.0000e+00
-0.225 -0.725 0.0000e+00
-0.225 -0.675 0.0000e+00
-0.225 -0.625 0.0000e+00
-0.225 -0.575 0.0000e+00
-0.225 -0.525 0.0000e+00
-0.225 -0.475 0.0000e+00
-0.225 -0.425 0.0000e+00
-0.225 -0.375 0.0000e+00
-0.225 -0.325 0.0000e+00
-0.225 -0.275 0.0000e+00
-0.225 -0.225 0.0000e+00
-0.225 -0.175 0.0000e+00
-0.225 -0.125 0.0000e+00
-0.225 -0.075 0.0000e+00
-0.225 -0.025 0.0000e+00
-0.225 0.025 0.0000e+00
-0.225 0.075 0.0000e+00
-0.225 0.125 0.0000e+00
-0.225 0.175 0.0000e+00
-0.225 0.225 0.0000e+00
-0.225 0.275 0.0000e+00
-0.225 0.325 0.0000e+00
-0.225 0.375 0.0000e+00
-0.225 0.425 0.0000e+00
-0.225 0.475 0.0000e+00
-0.225 0.525 0.0000e+00
-0.225 0.575 0.0000e+00
-0.225 0.625 0.0000e+00
-0.225 0.675 0.0000e+00
-0.225 0.725 0.0000e+00
-0.225 0.775 0.0000e+00
-0.225 0.825 0.0000e+00
-0.225 0.875 0.0000e+00
-0.225 0.925 0.0000e+00
-0.225 0.975 0.0000e+00
-0.225 1.025 0.0000e+00
-0.225 1.075 0.0000e+00
-0.225 1.125 0.0000e+00
-0.225 1.175 0.0000e+00
-0.225 1.225 0.0000e+00
-0.225 1.275 0.0000e+00
-0.225 1.325 0.0000e+00
-0.225 1.375 0.0000e+00
-0.225 1.425 0.0000e+00
-0.225 1.475 0.0000e+00
-0.225 1.525 0.0000e+00
-0.225 1.575 0.0000e+00
-0.225 1.625 0.0000e+00
-0.225 1.675 0.0000e+00
-0.225 1.725 0.0000e+00
-0.225 1.775 0.0000e+00
-0.225 1.825 0.0000e+00
-0.225 1.875 0.0000e+00
-0.225 1.925 0.0000e+00
-0.225 1.975 0.0000e+00
-0.225 2.025 0.0000e+00
-0.225 2.075 0.0000e+00
-0.225 2.125 0.0000e+00
-0.225 2.175 0.0000e+00
-0.225 2.225 0.0000e+00
-0.225 2.275 0.0000e+00
-0.225 2.325 0.0000e+00
-0.225 2.375 0.0000e+00
-0.225 2.425 0.0000e+00
-0.225 2.475 0.0000e+00
-0.225 2.525 0.0000e+00
-0.225 2.575 0.0000e+00
-0.225 2.625 0.0000e+00
-0.225 2.675 0.0000e+00
-0.225 2.725 0.0000e+00
-0.225 2.775 0.0000e+00
-0.225 2.825 0.0000e+00
-0.225 2.875 0.0000e+00
-0.225 2.925 0.0000e+00
-0.225 2.975 0.0000e+00
-0.225 3.025 0.0000e+00
-0.225 3.075 0.0000e+00
-0.225 3.125 0.0000e+00
-0.225 3.175 0.0000e+00
-0.225 3.225 0.0000e+00
-0.225 3.275 0.0000e+00
-0.225 3.325 0.0000e+00
-0.225 3.375 0.0000e+00
-0.225 3.425 0.0000e+00
-0.225 3.475 0.0000e+00
-0.225 3.525 0.0000e+00
-0.225 3.575 0.0000e+00
-0.225 3.625 0.0000e+00
-0.225 3.675 0.0000e+00
-0.225 3.725 0.0000e+00
-0.225 3.775 0.0000e+00
-0.225 3.825 0.0000e+00
-0.225 3.875 0.0000e+00
-0.225 3.925 0.0000e+00
-0.225 3.975 0.0000e+00
-0.175 -1.975 0.0000e+00
-0.175 -1.925 0.0000e+00
-0.175 -1.875 0.0000e+00
-0.175 -1.825 0.0000e+00
-0.175 -1.775 0.0000e+00
-0.175 -1.725 0.0000e+00
-0.175 -1.675 0.0000e+00
-0.175 -1.625 0.0000e+00
-0.175 -1.575 0.0000e+00
-0.175 -1.525 0.0000e+00
-0.175 -1.475 0.0000e+00
-0.175 -1.425 0.0000e+00
-0.175 -1.375 0.0000e+00
-0.175 -1.325 0.0000e+00
-0.175 -1.275 0.0000e+00
-0.175 -1.225 0.0000e+00
-0.175 -1.175 0.0000e+00
-0.175 -1.125 0.0000e+00
-0.175 -1.075 0.0000e+00
-0.175 -1.025 0.0000e+00
-0.175 -0.975 0.0000e+00
-0.175 -0.925 0.0000e+00
-0.175 -0.875 0.0000e+00
-0.175 -0.825 0.0000e+00
-0.175 -0.775 0.0000e+00
-0.175 -0.725 0.0000e+00
-0.175 -0.675 0.0000e+00
-0.175 -0.625 0.0000e+00
-0.175 -0.575 0.0000e+00
-0.175 -0.525 0.0000e+00
-0.175 -0.475 0.0000e+00
-0.175 -0.425 0.0000e+00
-0.175 -0.375 0.0000e+00
-0.175 -0.325 0.0000e+00
-0.175 -0.275 0.0000e+00
-0.175 -0.225 0.0000e+00
-0.175 -0.175 0.0000e+00
-0.175 -0.125 0.0000e+00
-0.175 -0.075 0.0000e+00
-0.175 -0.025 0.0000e+00
-0.175 0.025 0.0000e+00
-0.175 0.075 0.0000e+00
-0.175 0.125 0.0000e+00
-0.175 0.175 0.0000e+00
-0.175 0.225 0.0000e+00
-0.175 0.275 0.0000e+00
-0.175 0.325 0.0000e+00
-0.175 0.375 0.0000e+00
-0.175 0.425 0.0000e+00
-0.175 0.475 0.0000e+00
-0.175 0.525 0.0000e+00
-0.175 0.575 0.0000e+00
-0.175 0.625 0.0000e+00
-0.175 0.675 0.0000e+00
-0.175 0.725 0.0000e+00
-0.175 0.775 0.0000e+00
-0.175 0.825 0.0000e+00
-0.175 0.875 0.0000e+00
-0.175 0.925 0.0000e+00
-0.175 0.975 0.0000e+00
-0.175 1.025 0.0000e+00
-0.175 1.075 0.0000e+00
-0.175 1.125 0.0000e+00
-0.175 1.175 0.0000e+00
-0.175 1.225 0.0000e+00
-0.175 1.275 0.0000e+00
-0.175 1.325 0.0000e+00
-0.175 1.375 0.0000e+00
-0.175 1.425 0.0000e+00
-0.175 1.475 0.0000e+00
-0.175 1.525 0.0000e+00
-0.175 1.575 0.0000e+00
-0.175 1.625 0.0000e+00
-0.175 1.675 0.0000e+00
-0.175 1.725 0.0000e+00
-0.175 1.775 0.0000e+00
-0.175 1.825 0.0000e+00
-0.175 1.875 0.0000e+00
-0.175 1.925 0.0000e+00
-0.175 1.975 0.0000e+00
-0.175 2.025 0.0000e+00
-0.175 2.075 0.0000e+00
-0.175 2.125 0.0000e+00
-0.175 2.175 0.0000e+00
-0.175 2.225 0.0000e+00
-0.175 2.275 0.0000e+00
-0.175 2.325 0.0000e+00
-0.175 2.375 0.0000e+00
-0.175 2.425 0.0000e+00
-0.175 2.475 0.0000e+00
-0.175 2.525 0.0000e+00
-0.175 2.575 0.0000e+00
-0.175 2.625 0.0000e+00
-0.175 2.675 0.0000e+00
-0.175 2.725 0.0000e+00
-0.175 2.775 0.0000e+00
-0.175 2.825 0.0000e+00
-0.175 2.875 0.0000e+00
-0.175 2.925 0.0000e+00
-0.175 2.975 0.0000e+00
-0.175 3.025 0.0000e+00
-0.175 3.075 0.0000e+00
-0.175 3.125 0.0000e+00
-0.175 3.175 0.0000e+00
-0.175 3.225 0.0000e+00
-0.175 3.275 0.0000e+00
-0.175 3.325 0.0000e+00
-0.175 3.375 0.0000e+00
-0.175 3.425 0.0000e+00
-0.175 3.475 0.0000e+00
-0.175 3.525 0.0000e+00
-0.175 3.575 0.0000e+00
-0.175 3.625 0.0000e+00
-0.175 3.675 0.0000e+00
-0.175 3.725 0.0000e+00
-0.175 3.775 0.0000e+00
-0.175 3.825 0.0000e+00
-0.175 3.875 0.0000e+00
-0.175 3.925 0.0000e+00
-0.175 3.975 0.0000e+00
-0.125 -1.975 0.0000e+00
-0.125 -1.925 0.0000e+00
-0.125 -1.875 0.0000e+00
-0.125 -1.825 0.0000e+00
-0.125 -1.775 0.0000e+00
-0.125 -1.725 0.0000e+00
-0.125 -1.675 0.0000e+00
-0.125 -1.625 0.0000e+00
-0.125 -1.575 0.0000e+00
-0.125 -1.525 0.0000e+00
-0.125 -1.475 0.0000e+00
-0.125 -1.425 0.0000e+00
-0.125 -1.375 0.0000e+00
-0.125 -1.325 0.0000e+00
-0.125 -1.275 0.0000e+00
-0.125 -1.225 0.0000e+00
-0.125 -1.175 0.0000e+00
-0.125 -1.125 0.0000e+00
-0.125 -1.075 0.0000e+00
-0.125 -1.025 0.0000e+00
-0.125 -0.975 0.0000e+00
-0.125 -0.925 0.0000e+00
-0.125 -0.875 0.0000e+00
-0.125 -0.825 0.0000e+00
-0.125 -0.775 0.0000e+00
-0.125 -0.725 0.0000e+00
-0.125 -0.675 0.0000e+00
-0.125 -0.625 0.0000e+00
-0.125 -0.575 0.0000e+00
-0.125 -0.525 0.0000e+00
-0.125 -0.475 0.0000e+00
-0.125 -0.425 0.0000e+00
-0.125 -0.375 0.0000e+00
-0.125 -0.325 0.0000e+00
-0.125 -0.275 0.0000e+00
-0.125 -0.225 0.0000e+00
-0.125 -0.175 0.0000e+00
-0.125 -0.125 0.0000e+00
-0.125 -0.075 0.0000e+00
-0.125 -0.025 0.0000e+00
-0.125 0.025 0.0000e+00
-0.125 0.075 0.0000e+00
-0.125 0.125 0.0000e+00
-0.125 0.175 0.0000e+00
-0.125 0.225 0.0000e+00
-0.125 0.275 0.0000e+00
-0.125 0.325 0.0000e+00
-0.125 0.375 0.0000e+00
-0.125 0.425 0.0000e+00
-0.125 0.475 0.0000e+00
-0.125 0.525 0.0000e+00
-0.125 0.575 0.0000e+00
-0.125 0.625 0.0000e+00
-0.125 0.675 0.0000e+00
-0.125 0.725 0.0000e+00
-0.125 0.775 0.0000e+00
-0.125 0.825 0.0000e+00
-0.125 0.875 0.0000e+00
-0.125 0.925 0.0000e+00
-0.125 0.975 0.0000e+00
-0.125 1.025 0.0000e+00
-0.125 1.075 0.0000e+00
-0.125 1.125 0.0000e+00
-0.125 1.175 0.0000e+00
-0.125 1.225 0.0000e+00
-0.125 1.275 0.0000e+00
-0.125 1.325 0.0000e+00
-0.125 1.375 0.0000e+00
-0.125 1.425 0.0000e+00
-0.125 1.475 0.0000e+00
-0.125 1.525 0.0000e+00
-0.125 1.575 0.0000e+00
-0.125 1.625 0.0000e+00
-0.125 1.675 0.0000e+00
-0.125 1.725 0.0000e+00
-0.125 1.775 0.0000e+00
-0.125 1.825 0.0000e+00
-0.125 1.875 0.0000e+00
-0.125 1.925 0.0000e+00
-0.125 1.975 0.0000e+00
-0.125 2.025 0.0000e+00
-0.125 2.075 0.0000e+00
-0.125 2.125 0.0000e+00
-0.125 2.175 0.0000e+00
-0.125 2.225 0.0000e+00
-0.125 2.275 0.0000e+00
-0.125 2.325 0.0000e+00
-0.125 2.375 0.0000e+00
-0.125 2.425 0.0000e+00
-0.125 2.475 0.0000e+00
-0.125 2.525 0.0000e+00
-0.125 2.575 0.0000e+00
-0.125 2.625 0.0000e+00
-0.125 2.675 0.0000e+00
-0.125 2.725 0.0000e+00
-0.125 2.775 0.0000e+00
-0.125 2.825 0.0000e+00
-0.125 2.875 0.0000e+00
-0.125 2.925 0.0000e+00
-0.125 2.975 0.0000e+00
-0.125 3.025 0.0000e+00
-0.125 3.075 0.0000e+00
-0.125 3.125 0.0000e+00
-0.125 3.175 0.0000e+00
-0.125 3.225 0.0000e+00
-0.125 3.275 0.0000e+00
-0.125 3.325 0.0000e+00
-0.125 3.375 0.0000e+00
-0.125 3.425 0.0000e+00
-0.125 3.475 0.0000e+00
-0.125 3.525 0.0000e+00
-0.125 3.575 0.0000e+00
-0.125 3.625 0.0000e+00
-0.125 3.675 0.0000e+00
-0.125 3.725 0.0000e+00
-0.125 3.775 0.0000e+00
-0.125 3.825 0.0000e+00
-0.125 3.875 0.0000e+00
-0.125 3.925 0.0000e+00
-0.125 3.975 0.0000e+00
-0.075 -1.975 0.0000e+00
-0.075 -1.925 0.0000e+00
-0.075 -1.875 0.0000e+00
-0.075 -1.825 0.0000e+00
-0.075 -1.775 0.0000e+00
-0.075 -1.725 0.0000e+00
-0.075 -1.675 0.0000e+00
-0.075 -1.625 0.0000e+00
-0.075 -1.575 0.0000e+00
-0.075 -1.525 0.0000e+00
-0.075 -1.475 0.0000e+00
-0.075 -1.425 0.0000e+00
-0.075 -1.375 0.0000e+00
-0.075 -1.325 0.0000e+00
-0.075 -1.275 0.0000e+00
-0.075 -1.225 0.0000e+00
-0.075 -1.175 0.0000e+00
-0.075 -1.125 0.0000e+00
-0.075 -1.075 0.0000e+00
-0.075 -1.025 0.0000e+00
-0.075 -0.975 0.0000e+00
-0.075 -0.925 0.0000e+00
-0.075 -0.875 0.0000e+00
-0.075 -0.825 0.0000e+00
-0.075 -0.775 0.0000e+00
-0.075 -0.725 0.0000e+00
-0.075 -0.675 0.0000e+00
-0.075 -0.625 0.0000e+00
-0.075 -0.575 0.0000e+00
-0.075 -0.525 0.0000e+00
-0.075 -0.475 0.0000e+00
-0.075 -0.425 0.0000e+00
-0.075 -0.375 0.0000e+00
-0.075 -0.325 0.0000e+00
-0.075 -0.275 0.0000e+00
-0.075 -0.225 0.0000e+00
-0.075 -0.175 0.0000e+00
-0.075 -0.125 0.0000e+00
-0.075 -0.075 0.0000e+00
-0.075 -0.025 0.0000e+00
-0.075 0.025 0.0000e+00
-0.075 0.075 0.0000e+00
-0.075 0.125 0.0000e+00
-0.075 0.175 0.0000e+00
-0.075 0.225 0.0000e+00
-0.075 0.275 0.0000e+00
-0.075 0.325 0.0000e+00
-0.075 0.375 0.0000e+00
-0.075 0.425 0.0000e+00
-0.075 0.475 0.0000e+00
-0.075 0.525 0.0000e+00
-0.075 0.575 0.0000e+00
-0.075 0.625 0.0000e+00
-0.075 0.675 0.0000e+00
-0.075 0.725 0.0000e+00
-0.075 0.775 0.0000e+00
-0.075 0.825 0.0000e+00
-0.075 0.875 0.0000e+00
-0.075 0.925 0.0000e+00
-0.075 0.975 0.0000e+00
-0.075 1.025 0.0000e+00
-0.075 1.075 0.0000e+00
-0.075 1.125 0.0000e+00
-0.075 1.175 0.0000e+00
-0.075 1.225 0.0000e+00
-0.075 1.275 0.0000e+00
-0.075 1.325 0.0000e+00
-0.075 1.375 0.0000e+00
-0.075 1.425 0.0000e+00
-0.075 1.475 0.0000e+00
-0.075 1.525 0.0000e+00
-0.075 1.575 0.0000e+00
-0.075 1.625 0.0000e+00
-0.075 1.675 0.0000e+00
-0.075 1.725 0.0000e+00
-0.075 1.775 0.0000e+00
-0.075 1.825 0.0000e+00
-0.075 1.875 0.0000e+00
-0.075 1.925 0.0000e+00
-0.075 1.975 0.0000e+00
-0.075 2.025 0.0000e+00
-0.075 2.075 0.0000e+00
-0.075 2.125 0.0000e+00
-0.075 2.175 0.0000e+00
-0.075 2.225 0.0000e+00
-0.075 2.275 0.0000e+00
-0.075 2.325 0.0000e+00
-0.075 2.375 0.0000e+00
-0.075 2.425 0.0000e+00
-0.075 2.475 0.0000e+00
-0.075 2.525 0.0000e+00
-0.075 2.575 0.0000e+00
-0.075 2.625 0.0000e+00
-0.075 2.675 0.0000e+00
-0.075 2.725 0.0000e+00
-0.075 2.775 0.0000e+00
-0.075 2.825 0.0000e+00
-0.075 2.875 0.0000e+00
-0.075 2.925 0.0000e+00
-0.075 2.975 0.0000e+00
-0.075 3.025 0.0000e+00
-0.075 3.075 0.0000e+00
-0.075 3.125 0.0000e+00
-0.075 3.175 0.0000e+00
-0.075 3.225 0.0000e+00
-0.075 3.275 0.0000e+00
-0.075 3.325 0.0000e+00
-0.075 3.375 0.0000e+00
-0.075 3.425 0.0000e+00
-0.075 3.475 0.0000e+00
-0.075 3.525 0.0000e+00
-0.075 3.575 0.0000e+00
-0.075 3.625 0.0000e+00
-0.075 3.675 0.0000e+00
-0.075 3.725 0.0000e+00
-0.075 3.775 0.0000e+00
-0.075 3.825 0.0000e+00
-0.075 3.875 0.0000e+00
-0.075 3.925 0.0000e+00
-0.075 3.975 0.0000e+00
-0.025 -1.975 0.0000e+00
-0.025 -1.925 0.0000e+00
-0.025 -1.875 0.0000e+00
-0.025 -1.825 0.0000e+00
-0.025 -1.775 0.0000e+00
-0.025 -1.725 0.0000e+00
-0.025 -1.675 0.0000e+00
-0.025 -1.625 0.0000e+00
-0.025 -1.575 0.0000e+00
-0.025 -1.525 0.0000e+00
-0.025 -1.475 0.0000e+00
-0.025 -1.425 0.0000e+00
-0.025 -1.375 0.0000e+00
-0.025 -1.325 0.0000e+00
-0.025 -1.275 0.0000e+00
-0.025 -1.225 0.0000e+00
-0.025 -1.175 0.0000e+00
-0.025 -1.125 0.0000e+00
-0.025 -1.075 0.0000e+00
-0.025 -1.025 0.0000e+00
-0.025 -0.975 0.0000e+00
-0.025 -0.925 0.0000e+00
-0.025 -0.875 0.0000e+00
-0.025 -0.825 0.0000e+00
-0.025 -0.775 0.0000e+00
-0.025 -0.725 0.0000e+00
-0.025 -0.675 0.0000e+00
-0.025 -0.625 0.0000e+00
-0.025 -0.575 0.0000e+00
-0.025 -0.525 0.0000e+00
-0.025 -0.475 0.0000e+00
-0.025 -0.425 0.0000e+00
-0.025 -0.375 0.0000e+00
-0.025 -0.325 0.0000e+00
-0.025 -0.275 0.0000e+00
-0.025 -0.225 0.0000e+00
-0.025 -0.175 0.0000e+00
-0.025 -0.125 0.0000e+00
-0.025 -0.075 0.0000e+00
-0.025 -0.025 0.0000e+00
-0.025 0.025 0.0000e+00
-0.025 0.075 0.0000e+00
-0.025 0.125 0.0000e+00
-0.025 0.175 0.0000e+00
-0.025 0.225 0.0000e+00
-0.025 0.275 0.0000e+00
-0.025 0.325 0.0000e+00
-0.025 0.375 0.0000e+00
-0.025 0.425 0.0000e+00
-0.025 0.475 0.0000e+00
-0.025 0.525 0.0000e+00
-0.025 0.575 0.0000e+00
-0.025 0.625 0.0000e+00
-0.025 0.675 0.0000e+00
-0.025 0.725 0.0000e+00
-0.025 0.775 0.0000e+00
-0.025 0.825 0.0000e+00
-0.025 0.875 0.0000e+00
-0.025 0.925 0.0000e+00
-0.025 0.975 0.0000e+00
-0.025 1.025 0.0000e+00
-0.025 1.075 0.0000e+00
-0.025 1.125 0.0000e+00
-0.025 1.175 0.0000e+00
-0.025 1.225 0.0000e+00
-0.025 1.275 0.0000e+00
-0.025 1.325 0.0000e+00
-0.025 1.375 0.0000e+00
-0.025 1.425 0.0000e+00
-0.025 1.475 0.0000e+00
-0.025 1.525 0.0000e+00
-0.025 1.575 0.0000e+00
-0.025 1.625 0.0000e+00
-0.025 1.675 0.0000e+00
-0.025 1.725 0.0000e+00
-0.025 1.775 0.0000e+00
-0.025 1.825 0.0000e+00
-0.025 1.875 0.0000e+00
-0.025 1.925 0.0000e+00
-0.025 1.975 0.0000e+00
-0.025 2.025 0.0000e+00
-0.025 2.075 0.0000e+00
-0.025 2.125 0.0000e+00
-0.025 2.175 0.0000e+00
-0.025 2.225 0.0000e+00
-0.025 2.275 0.0000e+00
-0.025 2.325 0.0000e+00
-0.025 2.375 0.0000e+00
-0.025 2.425 0.0000e+00
-0.025 2.475 0.0000e+00
-0.025 2.525 0.0000e+00
-0.025 2.575 0.0000e+00
-0.025 2.625 0.0000e+00
-0.025 2.675 0.0000e+00
-0.025 2.725 0.0000e+00
-0.025 2.775 0.0000e+00
-0.025 2.825 0.0000e+00
-0.025 2.875 0.0000e+00
-0.025 2.925 0.0000e+00
-0.025 2.975 0.0000e+00
-0.025 3.025 0.0000e+00
-0.025 3.075 0.0000e+00
-0.025 3.125 0.0000e+00
-0.025 3.175 0.0000e+00
-0.025 3.225 0.0000e+00
-0.025 3.275 0.0000e+00
-0.025 3.325 0.0000e+00
-0.025 3.375 0.0000e+00
-0.025 3.425 0.0000e+00
-0.025 3.475 0.0000e+00
-0.025 3.525 0.0000e+00
-0.025 3.575 0.0000e+00
-0.025 3.625 0.0000e+00
-0.025 3.675 0.0000e+00
-0.025 3.725 0.0000e+00
-0.025 3.775 0.0000e+00
-0.025 3.825 0.0000e+00
-0.025 3.875 0.0000e+00
-0.025 3.925 0.0000e+00
-0.025 3.975 0.0000e+00
0.025 -1.975 0.0000e+00
0.025 -1.925 0.0000e+00
0.025 -1.875 0.0000e+00
0.025 -1.825 0.0000e+00
0.025 -1.775 0.0000e+00
0.025 -1.725 0.0000e+00
0.025 -1.675 0.0000e+00
0.025 -1.625 0.0000e+00
0.025 -1.575 0.0000e+00
0.025 -1.525 0.0000e+00
0.025 -1.475 0.0000e+00
0.025 -1.425 0.0000e+00
0.025 -1.375 0.0000e+00
0.025 -1.325 0.0000e+00
0.025 -1.275 0.0000e+00
0.025 -1.225 0.0000e+00
0.025 -1.175 0.0000e+00
0.025 -1.125 0.0000e+00
0.025 -1.075 0.0000e+00
0.025 -1.025 0.0000e+00
0.025 -0.975 0.0000e+00
0.025 -0.925 0.0000e+00
0.025 -0.875 0.0000e+00
0.025 -0.825 0.0000e+00
0.025 -0.775 0.0000e+00
0.025 -0.725 0.0000e+00
0.025 -0.675 0.0000e+00
0.025 -0.625 0.0000e+00
0.025 -0.575 0.0000e+00
0.025 -0.525 0.0000e+00
0.025 -0.475 0.0000e+00
0.025 -0.425 0.0000e+00
0.025 -0.375 0.0000e+00
0.025 -0.325 0.0000e+00
0.025 -0.275 0.0000e+00
0.025 -0.225 0.0000e+00
0.025 -0.175 0.0000e+00
0.025 -0.125 0.0000e+00
0.025 -0.075 0.0000e+00
0.025 -0.025 0.0000e+00
0.025 0.025 0.0000e+00
0.025 0.075 0.0000e+00
0.025 0.125 0.0000e+00
0.025 0.175 0.0000e+00
0.025 0.225 0.0000e+00
0.025 0.275 0.0000e+00
0.025 0.325 0.0000e+00
0.025 0.375 0.0000e+00
0.025 0.425 0.0000e+00
0.025 0.475 0.0000e+00
0.025 0.525 0.0000e+00
0.025 0.575 0.0000e+00
0.025 0.625 0.0000e+00
0.025 0.675 0.0000e+00
0.025 0.725 0.0000e+00
0.025 0.775 0.0000e+00
0.025 0.825 0.0000e+00
0.025 0.875 0.0000e+00
0.025 0.925 0.0000e+00
0.025 0.975 0.0000e+00
0.025 1.025 0.0000e+00
0.025 1.075 0.0000e+00
0.025 1.125 0.0000e+00
0.025 1.175 0.0000e+00
0.025 1.225 0.0000e+00
0.025 1.275 0.0000e+00
0.025 1.325 0.0000e+00
0.025 1.375 0.0000e+00
0.025 1.425 0.0000e+00
0.025 1.475 0.0000e+00
0.025 1.525 0.0000e+00
0.025 1.575 0.0000e+00
0.025 1.625 0.0000e+00
0.025 1.675 0.0000e+00
0.025 1.725 0.0000e+00
0.025 1.775 0.0000e+00
0.025 1.825 0.0000e+00
0.025 1.875 0.0000e+00
0.025 1.925 0.0000e+00
0.025 1.975 0.0000e+00
0.025 2.025 0.0000e+00
0.025 2.075 0.0000e+00
0.025 2.125 0.0000e+00
0.025 2.175 0.0000e+00
0.025 2.225 0.0000e+00
0.025 2.275 0.0000e+00
0.025 2.325 0.0000e+00
0.025 2.375 0.0000e+00
0.025 2.425 0.0000e+00
0.025 2.475 0.0000e+00
0.025 2.525 0.0000e+00
0.025 2.575 0.0000e+00
0.025 2.625 0.0000e+00
0.025 2.675 0.0000e+00
0.025 2.725 0.0000e+00
0.025 2.775 0.0000e+00
0.025 2.825 0.0000e+00
0.025 2.875 0.0000e+00
0.025 2.925 0.0000e+00
0.025 2.975 0.0000e+00
0.025 3.025 0.0000e+00
0.025 3.075 0.0000e+00
0.025 3.125 0.0000e+00
0.025 3.175 0.0000e+00
0.025 3.225 0.0000e+00
0.025 3.275 0.0000e+00
0.025 3.325 0.0000e+00
0.025 3.375 0.0000e+00
0.025 3.425 0.0000e+00
0.025 3.475 0.0000e+00
0.025 3.525 0.0000e+00
0.025 3.575 0.0000e+00
0.025 3.625 0.0000e+00
0.025 3.675 0.0000e+00
0.025 3.725 0.0000e+00
0.025 3.775 0.0000e+00
0.025 3.825 0.0000e+00
0.025 3.875 0.0000e+00
0.025 3.925 0.0000e+00
0.025 3.975 0.0000e+00
0.075 -1.975 0.0000e+00
0.075 -1.925 0.0000e+00
0.075 -1.875 0.0000e+00
0.075 -1.825 0.0000e+00
0.075 -1.775 0.0000e+00
0.075 -1.725 0.0000e+00
0.075 -1.675 0.0000e+00
0.075 -1.625 0.0000e+00
0.075 -1.575 0.0000e+00
0.075 -1.525 0.0000e+00
0.075 -1.475 0.0000e+00
0.075 -1.425 0.0000e+00
0.075 -1.375 0.0000e+00
0.075 -1.325 0.0000e+00
0.075 -1.275 0.0000e+00
0.075 -1.225 0.0000e+00
0.075 -1.175 0.0000e+00
0.075 -1.125 0.0000e+00
0.075 -1.075 0.0000e+00
0.075 -1.025 0.0000e+00
0.075 -0.975 0.0000e+00
0.075 -0.925 0.0000e+00
0.075 -0.875 0.0000e+00
0.075 -0.825 0.0000e+00
0.075 -0.775 0.0000e+00
0.075 -0.725 0.0000e+00
0.075 -0.675 0.0000e+00
0.075 -0.625 0.0000e+00
0.075 -0.575 0.0000e+00
0.075 -0.525 0.0000e+00
0.075 -0.475 0.0000e+00
0.075 -0.425 0.0000e+00
0.075 -0.375 0.0000e+00
0.075 -0.325 0.0000e+00
0.075 -0.275 0.0000e+00
0.075 -0.225 0.0000e+00
0.075 -0.175 0.0000e+00
0.075 -0.125 0.0000e+00
0.075 -0.075 0.0000e+00
0.075 -0.025 0.0000e+00
0.075 0.025 0.0000e+00
0.075 0.075 0.0000e+00
0.075 0.125 0.0000e+00
0.075 0.175 0.0000e+00
0.075 0.225 0.0000e+00
0.075 0.275 0.0000e+00
0.075 0.325 0.0000e+00
0.075 0.375 0.0000e+00
0.075 0.425 0.0000e+00
0.075 0.475 0.0000e+00
0.075 0.525 0.0000e+00
0.075 0.575 0.0000e+00
0.075 0.625 0.0000e+00
0.075 0.675 0.0000e+00
0.075 0.725 0.0000e+00
0.075 0.775 0.0000e+00
0.075 0.825 0.0000e+00
0.075 0.875 0.0000e+00
0.075 0.925 0.0000e+00
0.075 0.975 0.0000e+00
0.075 1.025 0.0000e+00
0.075 1.075 0.0000e+00
0.075 1.125 0.0000e+00
0.075 1.175 0.0000e+00
0.075 1.225 0.0000e+00
0.075 1.275 0.0000e+00
0.075 1.325 0.0000e+00
0.075 1.375 0.0000e+00
0.075 1.425 0.0000e+00
0.075 1.475 0.0000e+00
0.075 1.525 0.0000e+00
0.075 1.575 0.0000e+00
0.075 1.625 0.0000e+00
0.075 1.675 0.0000e+00
0.075 1.725 0.0000e+00
0.075 1.775 0.0000e+00
0.075 1.825 0.0000e+00
0.075 1.875 0.0000e+00
0.075 1.925 0.0000e+00
0.075 1.975 0.0000e+00
0.075 2.025 0.0000e+00
0.075 2.075 0.0000e+00
0.075 2.125 0.0000e+00
0.075 2.175 0.0000e+00
0.075 2.225 0.0000e+00
0.075 2.275 0.0000e+00
0.075 2.325 0.0000e+00
0.075 2.375 0.0000e+00
0.075 2.425 0.0000e+00
0.075 2.475 0.0000e+00
0.075 2.525 0.0000e+00
0.075 2.575 0.0000e+00
0.075 2.625 0.0000e+00
0.075 2.675 0.0000e+00
0.075 2.725 0.0000e+00
0.075 2.775 0.0000e+00
0.075 2.825 0.0000e+00
0.075 2.875 0.0000e+00
0.075 2.925 0.0000e+00
0.075 2.975 0.0000e+00
0.075 3.025 0.0000e+00
0.075 3.075 0.0000e+00
0.075 3.125 0.0000e+00
0.075 3.175 0.0000e+00
0.075 3.225 0.0000e+00
0.075 3.275 0.0000e+00
0.075 3.325 0.0000e+00
0.075 3.375 0.0000e+00
0.075 3.425 0.0000e+00
0.075 3.475 0.0000e+00
0.075 3.525 0.0000e+00
0.075 3.575 0.0000e+00
0.075 3.625 0.0000e+00
0.075 3.675 0.0000e+00
0.075 3.725 0.0000e+00
0.075 3.775 0.0000e+00
0.075 3.825 0.0000e+00
0.075 3.875 0.0000e+00
0.075 3.925 0.0000e+00
0.075 3.975 0.0000e+00
0.125 -1.975 0.0000e+00
0.125 -1.925 0.0000e+00
0.125 -1.875 0.0000e+00
0.125 -1.825 0.0000e+00
0.125 -1.775 0.0000e+00
0.125 -1.725 0.0000e+00
0.125 -1.675 0.0000e+00
0.125 -1.625 0.0000e+00
0.125 -1.575 0.0000e+00
0.125 -1.525 0.0000e+00
0.125 -1.475 0.0000e+00
0.125 -1.425 0.0000e+00
0.125 -1.375 0.0000e+00
0.125 -1.325 0.0000e+00
0.125 -1.275 0.0000e+00
0.125 -1.225 0.0000e+00
0.125 -1.175 0.0000e+00
0.125 -1.125 0.0000e+00
0.125 -1.075 0.0000e+00
0.125 -1.025 0.0000e+00
0.125 -0.975 0.0000e+00
0.125 -0.925 0.0000e+00
0.125 -0.875 0.0000e+00
0.125 -0.825 0.0000e+00
0.125 -0.775 0.0000e+00
0.125 -0.725 0.0000e+00
0.125 -0.675 0.0000e+00
0.125 -0.625 0.0000e+00
0.125 -0.575 0.0000e+00
0.125 -0.525 0.0000e+00
0.125 -0.475 0.0000e+00
0.125 -0.425 0.0000e+00
0.125 -0.375 0.0000e+00
0.125 -0.325 0.0000e+00
0.125 -0.275 0.0000e+00
0.125 -0.225 0.0000e+00
0.125 -0.175 0.0000e+00
0.125 -0.125 0.0000e+00
0.125 -0.075 0.0000e+00
0.125 -0.025 0.0000e+00
0.125 0.025 0.0000e+00
0.125 0.075 0.0000e+00
0.125 0.125 0.0000e+00
0.125 0.175 0.0000e+00
0.125 0.225 0.0000e+00
0.125 0.275 0.0000e+00
0.125 0.325 0.0000e+00
0.125 0.375 0.0000e+00
0.125 0.425 0.0000e+00
0.125 0.475 0.0000e+00
0.125 0.525 0.0000e+00
0.125 0.575 0.0000e+00
0.125 0.625 0.0000e+00
0.125 0.675 0.0000e+00
0.125 0.725 0.0000e+00
0.125 0.775 0.0000e+00
0.125 0.825 0.0000e+00
0.125 0.875 0.0000e+00
0.125 0.925 0.0000e+00
0.125 0.975 0.0000e+00
0.125 1.025 0.0000e+00
0.125 1.075 0.0000e+00
0.125 1.125 0.0000e+00
0.125 1.175 0.0000e+00
0.125 1.225 0.0000e+00
0.125 1.275 0.0000e+00
0.125 1.325 0.0000e+00
0.125 1.375 0.0000e+00
0.125 1.425 0.0000e+00
0.125 1.475 0.0000e+00
0.125 1.525 0.0000e+00
0.125 1.575 0.0000e+00
0.125 1.625 0.0000e+00
0.125 1.675 0.0000e+00
0.125 1.725 0.0000e+00
0.125 1.775 0.0000e+00
0.125 1.825 0.0000e+00
0.125 1.875 0.0000e+00
0.125 1.925 0.0000e+00
0.125 1.975 0.0000e+00
0.125 2.025 0.0000e+00
0.125 2.075 0.0000e+00
0.125 2.125 0.0000e+00
0.125 2.175 0.0000e+00
0.125 2.225 0.0000e+00
0.125 2.275 0.0000e+00
0.125 2.325 0.0000e+00
0.125 2.375 0.0000e+00
0.125 2.425 0.0000e+00
0.125 2.475 0.0000e+00
0.125 2.525 0.0000e+00
0.125 2.575 0.0000e+00
0.125 2.625 0.0000e+00
0.125 2.675 0.0000e+00
0.125 2.725 0.0000e+00
0.125 2.775 0.0000e+00
0.125 2.825 0.0000e+00
0.125 2.875 0.0000e+00
0.125 2.925 0.0000e+00
0.125 2.975 0.0000e+00
0.125 3.025 0.0000e+00
0.125 3.075 0.0000e+00
0.125 3.125 0.0000e+00
0.125 3.175 0.0000e+00
0.125 3.225 0.0000e+00
0.125 3.275 0.0000e+00
0.125 3.325 0.0000e+00
0.125 3.375 0.0000e+00
0.125 3.425 0.0000e+00
0.125 3.475 0.0000e+00
0.125 3.525 0.0000e+00
0.125 3.575 0.0000e+00
0.125 3.625 0.0000e+00
0.125 3.675 0.0000e+00
0.125 3.725 0.0000e+00
0.125 3.775 0.0000e+00
0.125 3.825 0.0000e+00
0.125 3.875 0.0000e+00
0.125 3.925 0.0000e+00
0.125 3.975 0.0000e+00
0.175 -1.975 0.0000e+00
0.175 -1.925 0.0000e+00
0.175 -1.875 0.0000e+00
0.175 -1.825 0.0000e+00
0.175 -1.775 0.0000e+00
0.175 -1.725 0.0000e+00
0.175 -1.675 0.0000e+00
0.175 -1.625 0.0000e+00
0.175 -1.575 0.0000e+00
0.175 -1.525 0.0000e+00
0.175 -1.475 0.0000e+00
0.175 -1.425 0.0000e+00
0.175 -1.375 0.0000e+00
0.175 -1.325 0.0000e+00
0.175 -1.275 0.0000e+00
0.175 -1.225 0.0000e+00
0.175 -1.175 0.0000e+00
0.175 -1.125 0.0000e+00
0.175 -1.075 0.0000e+00
0.175 -1.025 0.0000e+00
0.175 -0.975 0.0000e+00
0.175 -0.925 0.0000e+00
0.175 -0.875 0.0000e+00
0.175 -0.825 0.0000e+00
0.175 -0.775 0.0000e+00
0.175 -0.725 0.0000e+00
0.175 -0.675 0.0000e+00
0.175 -0.625 0.0000e+00
0.175 -0.575 0.0000e+00
0.175 -0.525 0.0000e+00
0.175 -0.475 0.0000e+00
0.175 -0.425 0.0000e+00
0.175 -0.375 0.0000e+00
0.175 -0.325 0.0000e+00
0.175 -0.275 0.0000e+00
0.175 -0.225 0.0000e+00
0.175 -0.175 0.0000e+00
0.175 -0.125 0.0000e+00
0.175 -0.075 0.0000e+00
0.175 -0.025 0.0000e+00
0.175 0.025 0.0000e+00
0.175 0.075 0.0000e+00
0.175 0.125 0.0000e+00
0.175 0.175 0.0000e+00
0.175 0.225 0.0000e+00
0.175 0.275 0.0000e+00
0.175 0.325 0.0000e+00
0.175 0.375 0.0000e+00
0.175 0.425 0.0000e+00
0.175 0.475 0.0000e+00
0.175 0.525 0.0000e+00
0.175 0.575 0.0000e+00
0.175 0.625 0.0000e+00
0.175 0.675 0.0000e+00
0.175 0.725 0.0000e+00
0.175 0.775 0.0000e+00
0.175 0.825 0.0000e+00
0.175 0.875 0.0000e+00
0.175 0.925 0.0000e+00
0.175 0.975 0.0000e+00
0.175 1.025 0.0000e+00
0.175 1.075 0.0000e+00
0.175 1.125 0.0000e+00
0.175 1.175 0.0000e+00
0.175 1.225 0.0000e+00
0.175 1.275 0.0000e+00
0.175 1.325 0.0000e+00
0.175 1.375 0.0000e+00
0.175 1.425 0.0000e+00
0.175 1.475 0.0000e+00
0.175 1.525 0.0000e+00
0.175 1.575 0.0000e+00
0.175 1.625 0.0000e+00
0.175 1.675 0.0000e+00
0.175 1.725 0.0000e+00
0.175 1.775 0.0000e+00
0.175 1.825 0.0000e+00
0.175 1.875 0.0000e+00
0.175 1.925 0.0000e+00
0.175 1.975 0.0000e+00
0.175 2.025 0.0000e+00
0.175 2.075 0.0000e+00
0.175 2.125 0.0000e+00
0.175 2.175 0.0000e+00
0.175 2.225 0.0000e+00
0.175 2.275 0.0000e+00
0.175 2.325 0.0000e+00
0.175 2.375 0.0000e+00
0.175 2.425 0.0000e+00
0.175 2.475 0.0000e+00
0.175 2.525 0.0000e+00
0.175 2.575 0.0000e+00
0.175 2.625 0.0000e+00
0.175 2.675 0.0000e+00
0.175 2.725 0.0000e+00
0.175 2.775 0.0000e+00
0.175 2.825 0.0000e+00
0.175 2.875 0.0000e+00
0.175 2.925 0.0000e+00
0.175 2.975 0.0000e+00
0.175 3.025 0.0000e+00
0.175 3.075 0.0000e+00
0.175 3.125 0.0000e+00
0.175 3.175 0.0000e+00
0.175 3.225 0.0000e+00
0.175 3.275 0.0000e+00
0.175 3.325 0.0000e+00
0.175 3.375 0.0000e+00
0.175 3.425 0.0000e+00
0.175 3.475 0.0000e+00
0.175 3.525 0.0000e+00
0.175 3.575 0.0000e+00
0.175 3.625 0.0000e+00
0.175 3.675 0.0000e+00
0.175 3.725 0.0000e+00
0.175 3.775 0.0000e+00
0.175 3.825 0.0000e+00
0.175 3.875 0.0000e+00
0.175 3.925 0.0000e+00
0.175 3.975 0.0000e+00
