# log10(theta) log10(p/GeV) cross-section[pb/bin] 
-7.475 -1.975 0.0000e+00
-7.475 -1.925 0.0000e+00
-7.475 -1.875 0.0000e+00
-7.475 -1.825 0.0000e+00
-7.475 -1.775 0.0000e+00
-7.475 -1.725 0.0000e+00
-7.475 -1.675 0.0000e+00
-7.475 -1.625 0.0000e+00
-7.475 -1.575 0.0000e+00
-7.475 -1.525 0.0000e+00
-7.475 -1.475 0.0000e+00
-7.475 -1.425 0.0000e+00
-7.475 -1.375 0.0000e+00
-7.475 -1.325 0.0000e+00
-7.475 -1.275 0.0000e+00
-7.475 -1.225 0.0000e+00
-7.475 -1.175 0.0000e+00
-7.475 -1.125 0.0000e+00
-7.475 -1.075 0.0000e+00
-7.475 -1.025 0.0000e+00
-7.475 -0.975 0.0000e+00
-7.475 -0.925 0.0000e+00
-7.475 -0.875 0.0000e+00
-7.475 -0.825 0.0000e+00
-7.475 -0.775 0.0000e+00
-7.475 -0.725 0.0000e+00
-7.475 -0.675 0.0000e+00
-7.475 -0.625 0.0000e+00
-7.475 -0.575 0.0000e+00
-7.475 -0.525 0.0000e+00
-7.475 -0.475 0.0000e+00
-7.475 -0.425 0.0000e+00
-7.475 -0.375 0.0000e+00
-7.475 -0.325 0.0000e+00
-7.475 -0.275 0.0000e+00
-7.475 -0.225 0.0000e+00
-7.475 -0.175 0.0000e+00
-7.475 -0.125 0.0000e+00
-7.475 -0.075 0.0000e+00
-7.475 -0.025 0.0000e+00
-7.475 0.025 0.0000e+00
-7.475 0.075 0.0000e+00
-7.475 0.125 0.0000e+00
-7.475 0.175 0.0000e+00
-7.475 0.225 0.0000e+00
-7.475 0.275 0.0000e+00
-7.475 0.325 0.0000e+00
-7.475 0.375 0.0000e+00
-7.475 0.425 0.0000e+00
-7.475 0.475 0.0000e+00
-7.475 0.525 0.0000e+00
-7.475 0.575 0.0000e+00
-7.475 0.625 0.0000e+00
-7.475 0.675 0.0000e+00
-7.475 0.725 0.0000e+00
-7.475 0.775 0.0000e+00
-7.475 0.825 0.0000e+00
-7.475 0.875 0.0000e+00
-7.475 0.925 0.0000e+00
-7.475 0.975 0.0000e+00
-7.475 1.025 0.0000e+00
-7.475 1.075 0.0000e+00
-7.475 1.125 0.0000e+00
-7.475 1.175 0.0000e+00
-7.475 1.225 1.9170e-24
-7.475 1.275 3.8295e-24
-7.475 1.325 7.6510e-24
-7.475 1.375 1.5289e-23
-7.475 1.425 3.0556e-23
-7.475 1.475 6.1083e-23
-7.475 1.525 1.2214e-22
-7.475 1.575 2.4427e-22
-7.475 1.625 4.8869e-22
-7.475 1.675 9.7800e-22
-7.475 1.725 1.9580e-21
-7.475 1.775 3.9215e-21
-7.475 1.825 7.8577e-21
-7.475 1.875 1.5753e-20
-7.475 1.925 3.1600e-20
-7.475 1.975 6.3432e-20
-7.475 2.025 1.2742e-19
-7.475 2.075 2.5618e-19
-7.475 2.125 5.1554e-19
-7.475 2.175 1.0386e-18
-7.475 2.225 2.0947e-18
-7.475 2.275 4.2306e-18
-7.475 2.325 8.5572e-18
-7.475 2.375 1.7339e-17
-7.475 2.425 3.5200e-17
-7.475 2.475 7.1616e-17
-7.475 2.525 1.4607e-16
-7.475 2.575 2.9876e-16
-7.475 2.625 6.1301e-16
-7.475 2.675 1.2624e-15
-7.475 2.725 2.6103e-15
-7.475 2.775 5.4227e-15
-7.475 2.825 1.1326e-14
-7.475 2.875 2.3799e-14
-7.475 2.925 5.0363e-14
-7.475 2.975 1.0744e-13
-7.475 3.025 2.3133e-13
-7.475 3.075 5.0350e-13
-7.475 3.125 1.1097e-12
-7.475 3.175 2.4820e-12
-7.475 3.225 5.6482e-12
-7.475 3.275 1.3120e-11
-7.475 3.325 3.1235e-11
-7.475 3.375 7.6606e-11
-7.475 3.425 1.9486e-10
-7.475 3.475 5.1872e-10
-7.475 3.525 1.4630e-09
-7.475 3.575 4.4498e-09
-7.475 3.625 1.4987e-08
-7.475 3.675 5.8285e-08
-7.475 3.725 2.8081e-07
-7.475 3.775 1.8878e-06
-7.475 3.825 2.1712e-05
-7.475 3.875 0.0000e+00
-7.475 3.925 0.0000e+00
-7.475 3.975 0.0000e+00
-7.425 -1.975 0.0000e+00
-7.425 -1.925 0.0000e+00
-7.425 -1.875 0.0000e+00
-7.425 -1.825 0.0000e+00
-7.425 -1.775 0.0000e+00
-7.425 -1.725 0.0000e+00
-7.425 -1.675 0.0000e+00
-7.425 -1.625 0.0000e+00
-7.425 -1.575 0.0000e+00
-7.425 -1.525 0.0000e+00
-7.425 -1.475 0.0000e+00
-7.425 -1.425 0.0000e+00
-7.425 -1.375 0.0000e+00
-7.425 -1.325 0.0000e+00
-7.425 -1.275 0.0000e+00
-7.425 -1.225 0.0000e+00
-7.425 -1.175 0.0000e+00
-7.425 -1.125 0.0000e+00
-7.425 -1.075 0.0000e+00
-7.425 -1.025 0.0000e+00
-7.425 -0.975 0.0000e+00
-7.425 -0.925 0.0000e+00
-7.425 -0.875 0.0000e+00
-7.425 -0.825 0.0000e+00
-7.425 -0.775 0.0000e+00
-7.425 -0.725 0.0000e+00
-7.425 -0.675 0.0000e+00
-7.425 -0.625 0.0000e+00
-7.425 -0.575 0.0000e+00
-7.425 -0.525 0.0000e+00
-7.425 -0.475 0.0000e+00
-7.425 -0.425 0.0000e+00
-7.425 -0.375 0.0000e+00
-7.425 -0.325 0.0000e+00
-7.425 -0.275 0.0000e+00
-7.425 -0.225 0.0000e+00
-7.425 -0.175 0.0000e+00
-7.425 -0.125 0.0000e+00
-7.425 -0.075 0.0000e+00
-7.425 -0.025 0.0000e+00
-7.425 0.025 0.0000e+00
-7.425 0.075 0.0000e+00
-7.425 0.125 0.0000e+00
-7.425 0.175 0.0000e+00
-7.425 0.225 0.0000e+00
-7.425 0.275 0.0000e+00
-7.425 0.325 0.0000e+00
-7.425 0.375 0.0000e+00
-7.425 0.425 0.0000e+00
-7.425 0.475 0.0000e+00
-7.425 0.525 0.0000e+00
-7.425 0.575 0.0000e+00
-7.425 0.625 0.0000e+00
-7.425 0.675 0.0000e+00
-7.425 0.725 0.0000e+00
-7.425 0.775 0.0000e+00
-7.425 0.825 0.0000e+00
-7.425 0.875 0.0000e+00
-7.425 0.925 0.0000e+00
-7.425 0.975 0.0000e+00
-7.425 1.025 0.0000e+00
-7.425 1.075 0.0000e+00
-7.425 1.125 0.0000e+00
-7.425 1.175 0.0000e+00
-7.425 1.225 2.4133e-24
-7.425 1.275 4.8210e-24
-7.425 1.325 9.6320e-24
-7.425 1.375 1.9247e-23
-7.425 1.425 3.8468e-23
-7.425 1.475 7.6899e-23
-7.425 1.525 1.5376e-22
-7.425 1.575 3.0752e-22
-7.425 1.625 6.1523e-22
-7.425 1.675 1.2312e-21
-7.425 1.725 2.4649e-21
-7.425 1.775 4.9368e-21
-7.425 1.825 9.8922e-21
-7.425 1.875 1.9832e-20
-7.425 1.925 3.9783e-20
-7.425 1.975 7.9856e-20
-7.425 2.025 1.6042e-19
-7.425 2.075 3.2251e-19
-7.425 2.125 6.4902e-19
-7.425 2.175 1.3075e-18
-7.425 2.225 2.6371e-18
-7.425 2.275 5.3260e-18
-7.425 2.325 1.0773e-17
-7.425 2.375 2.1828e-17
-7.425 2.425 4.4314e-17
-7.425 2.475 9.0159e-17
-7.425 2.525 1.8389e-16
-7.425 2.575 3.7612e-16
-7.425 2.625 7.7174e-16
-7.425 2.675 1.5892e-15
-7.425 2.725 3.2861e-15
-7.425 2.775 6.8268e-15
-7.425 2.825 1.4258e-14
-7.425 2.875 2.9962e-14
-7.425 2.925 6.3403e-14
-7.425 2.975 1.3525e-13
-7.425 3.025 2.9123e-13
-7.425 3.075 6.3387e-13
-7.425 3.125 1.3971e-12
-7.425 3.175 3.1247e-12
-7.425 3.225 7.1107e-12
-7.425 3.275 1.6517e-11
-7.425 3.325 3.9322e-11
-7.425 3.375 9.6441e-11
-7.425 3.425 2.4532e-10
-7.425 3.475 6.5303e-10
-7.425 3.525 1.8418e-09
-7.425 3.575 5.6020e-09
-7.425 3.625 1.8867e-08
-7.425 3.675 7.3377e-08
-7.425 3.725 3.5351e-07
-7.425 3.775 2.3765e-06
-7.425 3.825 2.7333e-05
-7.425 3.875 0.0000e+00
-7.425 3.925 0.0000e+00
-7.425 3.975 0.0000e+00
-7.375 -1.975 0.0000e+00
-7.375 -1.925 0.0000e+00
-7.375 -1.875 0.0000e+00
-7.375 -1.825 0.0000e+00
-7.375 -1.775 0.0000e+00
-7.375 -1.725 0.0000e+00
-7.375 -1.675 0.0000e+00
-7.375 -1.625 0.0000e+00
-7.375 -1.575 0.0000e+00
-7.375 -1.525 0.0000e+00
-7.375 -1.475 0.0000e+00
-7.375 -1.425 0.0000e+00
-7.375 -1.375 0.0000e+00
-7.375 -1.325 0.0000e+00
-7.375 -1.275 0.0000e+00
-7.375 -1.225 0.0000e+00
-7.375 -1.175 0.0000e+00
-7.375 -1.125 0.0000e+00
-7.375 -1.075 0.0000e+00
-7.375 -1.025 0.0000e+00
-7.375 -0.975 0.0000e+00
-7.375 -0.925 0.0000e+00
-7.375 -0.875 0.0000e+00
-7.375 -0.825 0.0000e+00
-7.375 -0.775 0.0000e+00
-7.375 -0.725 0.0000e+00
-7.375 -0.675 0.0000e+00
-7.375 -0.625 0.0000e+00
-7.375 -0.575 0.0000e+00
-7.375 -0.525 0.0000e+00
-7.375 -0.475 0.0000e+00
-7.375 -0.425 0.0000e+00
-7.375 -0.375 0.0000e+00
-7.375 -0.325 0.0000e+00
-7.375 -0.275 0.0000e+00
-7.375 -0.225 0.0000e+00
-7.375 -0.175 0.0000e+00
-7.375 -0.125 0.0000e+00
-7.375 -0.075 0.0000e+00
-7.375 -0.025 0.0000e+00
-7.375 0.025 0.0000e+00
-7.375 0.075 0.0000e+00
-7.375 0.125 0.0000e+00
-7.375 0.175 0.0000e+00
-7.375 0.225 0.0000e+00
-7.375 0.275 0.0000e+00
-7.375 0.325 0.0000e+00
-7.375 0.375 0.0000e+00
-7.375 0.425 0.0000e+00
-7.375 0.475 0.0000e+00
-7.375 0.525 0.0000e+00
-7.375 0.575 0.0000e+00
-7.375 0.625 0.0000e+00
-7.375 0.675 0.0000e+00
-7.375 0.725 0.0000e+00
-7.375 0.775 0.0000e+00
-7.375 0.825 0.0000e+00
-7.375 0.875 0.0000e+00
-7.375 0.925 0.0000e+00
-7.375 0.975 0.0000e+00
-7.375 1.025 0.0000e+00
-7.375 1.075 0.0000e+00
-7.375 1.125 0.0000e+00
-7.375 1.175 0.0000e+00
-7.375 1.225 3.0382e-24
-7.375 1.275 6.0693e-24
-7.375 1.325 1.2126e-23
-7.375 1.375 2.4231e-23
-7.375 1.425 4.8428e-23
-7.375 1.475 9.6810e-23
-7.375 1.525 1.9357e-22
-7.375 1.575 3.8715e-22
-7.375 1.625 7.7453e-22
-7.375 1.675 1.5500e-21
-7.375 1.725 3.1032e-21
-7.375 1.775 6.2151e-21
-7.375 1.825 1.2454e-20
-7.375 1.875 2.4967e-20
-7.375 1.925 5.0083e-20
-7.375 1.975 1.0053e-19
-7.375 2.025 2.0195e-19
-7.375 2.075 4.0602e-19
-7.375 2.125 8.1707e-19
-7.375 2.175 1.6460e-18
-7.375 2.225 3.3199e-18
-7.375 2.275 6.7050e-18
-7.375 2.325 1.3562e-17
-7.375 2.375 2.7480e-17
-7.375 2.425 5.5787e-17
-7.375 2.475 1.1350e-16
-7.375 2.525 2.3150e-16
-7.375 2.575 4.7350e-16
-7.375 2.625 9.7156e-16
-7.375 2.675 2.0007e-15
-7.375 2.725 4.1370e-15
-7.375 2.775 8.5944e-15
-7.375 2.825 1.7950e-14
-7.375 2.875 3.7719e-14
-7.375 2.925 7.9819e-14
-7.375 2.975 1.7028e-13
-7.375 3.025 3.6664e-13
-7.375 3.075 7.9799e-13
-7.375 3.125 1.7588e-12
-7.375 3.175 3.9337e-12
-7.375 3.225 8.9519e-12
-7.375 3.275 2.0794e-11
-7.375 3.325 4.9504e-11
-7.375 3.375 1.2141e-10
-7.375 3.425 3.0884e-10
-7.375 3.475 8.2212e-10
-7.375 3.525 2.3187e-09
-7.375 3.575 7.0525e-09
-7.375 3.625 2.3752e-08
-7.375 3.675 9.2376e-08
-7.375 3.725 4.4505e-07
-7.375 3.775 2.9919e-06
-7.375 3.825 3.4411e-05
-7.375 3.875 0.0000e+00
-7.375 3.925 0.0000e+00
-7.375 3.975 0.0000e+00
-7.325 -1.975 0.0000e+00
-7.325 -1.925 0.0000e+00
-7.325 -1.875 0.0000e+00
-7.325 -1.825 0.0000e+00
-7.325 -1.775 0.0000e+00
-7.325 -1.725 0.0000e+00
-7.325 -1.675 0.0000e+00
-7.325 -1.625 0.0000e+00
-7.325 -1.575 0.0000e+00
-7.325 -1.525 0.0000e+00
-7.325 -1.475 0.0000e+00
-7.325 -1.425 0.0000e+00
-7.325 -1.375 0.0000e+00
-7.325 -1.325 0.0000e+00
-7.325 -1.275 0.0000e+00
-7.325 -1.225 0.0000e+00
-7.325 -1.175 0.0000e+00
-7.325 -1.125 0.0000e+00
-7.325 -1.075 0.0000e+00
-7.325 -1.025 0.0000e+00
-7.325 -0.975 0.0000e+00
-7.325 -0.925 0.0000e+00
-7.325 -0.875 0.0000e+00
-7.325 -0.825 0.0000e+00
-7.325 -0.775 0.0000e+00
-7.325 -0.725 0.0000e+00
-7.325 -0.675 0.0000e+00
-7.325 -0.625 0.0000e+00
-7.325 -0.575 0.0000e+00
-7.325 -0.525 0.0000e+00
-7.325 -0.475 0.0000e+00
-7.325 -0.425 0.0000e+00
-7.325 -0.375 0.0000e+00
-7.325 -0.325 0.0000e+00
-7.325 -0.275 0.0000e+00
-7.325 -0.225 0.0000e+00
-7.325 -0.175 0.0000e+00
-7.325 -0.125 0.0000e+00
-7.325 -0.075 0.0000e+00
-7.325 -0.025 0.0000e+00
-7.325 0.025 0.0000e+00
-7.325 0.075 0.0000e+00
-7.325 0.125 0.0000e+00
-7.325 0.175 0.0000e+00
-7.325 0.225 0.0000e+00
-7.325 0.275 0.0000e+00
-7.325 0.325 0.0000e+00
-7.325 0.375 0.0000e+00
-7.325 0.425 0.0000e+00
-7.325 0.475 0.0000e+00
-7.325 0.525 0.0000e+00
-7.325 0.575 0.0000e+00
-7.325 0.625 0.0000e+00
-7.325 0.675 0.0000e+00
-7.325 0.725 0.0000e+00
-7.325 0.775 0.0000e+00
-7.325 0.825 0.0000e+00
-7.325 0.875 0.0000e+00
-7.325 0.925 0.0000e+00
-7.325 0.975 0.0000e+00
-7.325 1.025 0.0000e+00
-7.325 1.075 0.0000e+00
-7.325 1.125 0.0000e+00
-7.325 1.175 0.0000e+00
-7.325 1.225 3.8249e-24
-7.325 1.275 7.6408e-24
-7.325 1.325 1.5266e-23
-7.325 1.375 3.0505e-23
-7.325 1.425 6.0968e-23
-7.325 1.475 1.2188e-22
-7.325 1.525 2.4369e-22
-7.325 1.575 4.8739e-22
-7.325 1.625 9.7507e-22
-7.325 1.675 1.9514e-21
-7.325 1.725 3.9067e-21
-7.325 1.775 7.8243e-21
-7.325 1.825 1.5678e-20
-7.325 1.875 3.1432e-20
-7.325 1.925 6.3051e-20
-7.325 1.975 1.2656e-19
-7.325 2.025 2.5424e-19
-7.325 2.075 5.1115e-19
-7.325 2.125 1.0286e-18
-7.325 2.175 2.0722e-18
-7.325 2.225 4.1795e-18
-7.325 2.275 8.4411e-18
-7.325 2.325 1.7074e-17
-7.325 2.375 3.4595e-17
-7.325 2.425 7.0232e-17
-7.325 2.475 1.4289e-16
-7.325 2.525 2.9145e-16
-7.325 2.575 5.9611e-16
-7.325 2.625 1.2231e-15
-7.325 2.675 2.5188e-15
-7.325 2.725 5.2082e-15
-7.325 2.775 1.0820e-14
-7.325 2.825 2.2598e-14
-7.325 2.875 4.7486e-14
-7.325 2.925 1.0049e-13
-7.325 2.975 2.1436e-13
-7.325 3.025 4.6157e-13
-7.325 3.075 1.0046e-12
-7.325 3.125 2.2142e-12
-7.325 3.175 4.9523e-12
-7.325 3.225 1.1270e-11
-7.325 3.275 2.6178e-11
-7.325 3.325 6.2322e-11
-7.325 3.375 1.5285e-10
-7.325 3.425 3.8880e-10
-7.325 3.475 1.0350e-09
-7.325 3.525 2.9191e-09
-7.325 3.575 8.8785e-09
-7.325 3.625 2.9902e-08
-7.325 3.675 1.1629e-07
-7.325 3.725 5.6028e-07
-7.325 3.775 3.7666e-06
-7.325 3.825 4.3320e-05
-7.325 3.875 0.0000e+00
-7.325 3.925 0.0000e+00
-7.325 3.975 0.0000e+00
-7.275 -1.975 0.0000e+00
-7.275 -1.925 0.0000e+00
-7.275 -1.875 0.0000e+00
-7.275 -1.825 0.0000e+00
-7.275 -1.775 0.0000e+00
-7.275 -1.725 0.0000e+00
-7.275 -1.675 0.0000e+00
-7.275 -1.625 0.0000e+00
-7.275 -1.575 0.0000e+00
-7.275 -1.525 0.0000e+00
-7.275 -1.475 0.0000e+00
-7.275 -1.425 0.0000e+00
-7.275 -1.375 0.0000e+00
-7.275 -1.325 0.0000e+00
-7.275 -1.275 0.0000e+00
-7.275 -1.225 0.0000e+00
-7.275 -1.175 0.0000e+00
-7.275 -1.125 0.0000e+00
-7.275 -1.075 0.0000e+00
-7.275 -1.025 0.0000e+00
-7.275 -0.975 0.0000e+00
-7.275 -0.925 0.0000e+00
-7.275 -0.875 0.0000e+00
-7.275 -0.825 0.0000e+00
-7.275 -0.775 0.0000e+00
-7.275 -0.725 0.0000e+00
-7.275 -0.675 0.0000e+00
-7.275 -0.625 0.0000e+00
-7.275 -0.575 0.0000e+00
-7.275 -0.525 0.0000e+00
-7.275 -0.475 0.0000e+00
-7.275 -0.425 0.0000e+00
-7.275 -0.375 0.0000e+00
-7.275 -0.325 0.0000e+00
-7.275 -0.275 0.0000e+00
-7.275 -0.225 0.0000e+00
-7.275 -0.175 0.0000e+00
-7.275 -0.125 0.0000e+00
-7.275 -0.075 0.0000e+00
-7.275 -0.025 0.0000e+00
-7.275 0.025 0.0000e+00
-7.275 0.075 0.0000e+00
-7.275 0.125 0.0000e+00
-7.275 0.175 0.0000e+00
-7.275 0.225 0.0000e+00
-7.275 0.275 0.0000e+00
-7.275 0.325 0.0000e+00
-7.275 0.375 0.0000e+00
-7.275 0.425 0.0000e+00
-7.275 0.475 0.0000e+00
-7.275 0.525 0.0000e+00
-7.275 0.575 0.0000e+00
-7.275 0.625 0.0000e+00
-7.275 0.675 0.0000e+00
-7.275 0.725 0.0000e+00
-7.275 0.775 0.0000e+00
-7.275 0.825 0.0000e+00
-7.275 0.875 0.0000e+00
-7.275 0.925 0.0000e+00
-7.275 0.975 0.0000e+00
-7.275 1.025 0.0000e+00
-7.275 1.075 0.0000e+00
-7.275 1.125 0.0000e+00
-7.275 1.175 0.0000e+00
-7.275 1.225 4.8153e-24
-7.275 1.275 9.6192e-24
-7.275 1.325 1.9218e-23
-7.275 1.375 3.8403e-23
-7.275 1.425 7.6754e-23
-7.275 1.475 1.5343e-22
-7.275 1.525 3.0679e-22
-7.275 1.575 6.1359e-22
-7.275 1.625 1.2275e-21
-7.275 1.675 2.4566e-21
-7.275 1.725 4.9182e-21
-7.275 1.775 9.8503e-21
-7.275 1.825 1.9738e-20
-7.275 1.875 3.9570e-20
-7.275 1.925 7.9377e-20
-7.275 1.975 1.5933e-19
-7.275 2.025 3.2007e-19
-7.275 2.075 6.4350e-19
-7.275 2.125 1.2950e-18
-7.275 2.175 2.6087e-18
-7.275 2.225 5.2617e-18
-7.275 2.275 1.0627e-17
-7.275 2.325 2.1495e-17
-7.275 2.375 4.3553e-17
-7.275 2.425 8.8417e-17
-7.275 2.475 1.7989e-16
-7.275 2.525 3.6691e-16
-7.275 2.575 7.5045e-16
-7.275 2.625 1.5398e-15
-7.275 2.675 3.1709e-15
-7.275 2.725 6.5567e-15
-7.275 2.775 1.3621e-14
-7.275 2.825 2.8449e-14
-7.275 2.875 5.9781e-14
-7.275 2.925 1.2651e-13
-7.275 2.975 2.6987e-13
-7.275 3.025 5.8108e-13
-7.275 3.075 1.2647e-12
-7.275 3.125 2.7875e-12
-7.275 3.175 6.2346e-12
-7.275 3.225 1.4188e-11
-7.275 3.275 3.2956e-11
-7.275 3.325 7.8459e-11
-7.275 3.375 1.9243e-10
-7.275 3.425 4.8947e-10
-7.275 3.475 1.3030e-09
-7.275 3.525 3.6749e-09
-7.275 3.575 1.1177e-08
-7.275 3.625 3.7645e-08
-7.275 3.675 1.4641e-07
-7.275 3.725 7.0535e-07
-7.275 3.775 4.7418e-06
-7.275 3.825 5.4537e-05
-7.275 3.875 0.0000e+00
-7.275 3.925 0.0000e+00
-7.275 3.975 0.0000e+00
-7.225 -1.975 0.0000e+00
-7.225 -1.925 0.0000e+00
-7.225 -1.875 0.0000e+00
-7.225 -1.825 0.0000e+00
-7.225 -1.775 0.0000e+00
-7.225 -1.725 0.0000e+00
-7.225 -1.675 0.0000e+00
-7.225 -1.625 0.0000e+00
-7.225 -1.575 0.0000e+00
-7.225 -1.525 0.0000e+00
-7.225 -1.475 0.0000e+00
-7.225 -1.425 0.0000e+00
-7.225 -1.375 0.0000e+00
-7.225 -1.325 0.0000e+00
-7.225 -1.275 0.0000e+00
-7.225 -1.225 0.0000e+00
-7.225 -1.175 0.0000e+00
-7.225 -1.125 0.0000e+00
-7.225 -1.075 0.0000e+00
-7.225 -1.025 0.0000e+00
-7.225 -0.975 0.0000e+00
-7.225 -0.925 0.0000e+00
-7.225 -0.875 0.0000e+00
-7.225 -0.825 0.0000e+00
-7.225 -0.775 0.0000e+00
-7.225 -0.725 0.0000e+00
-7.225 -0.675 0.0000e+00
-7.225 -0.625 0.0000e+00
-7.225 -0.575 0.0000e+00
-7.225 -0.525 0.0000e+00
-7.225 -0.475 0.0000e+00
-7.225 -0.425 0.0000e+00
-7.225 -0.375 0.0000e+00
-7.225 -0.325 0.0000e+00
-7.225 -0.275 0.0000e+00
-7.225 -0.225 0.0000e+00
-7.225 -0.175 0.0000e+00
-7.225 -0.125 0.0000e+00
-7.225 -0.075 0.0000e+00
-7.225 -0.025 0.0000e+00
-7.225 0.025 0.0000e+00
-7.225 0.075 0.0000e+00
-7.225 0.125 0.0000e+00
-7.225 0.175 0.0000e+00
-7.225 0.225 0.0000e+00
-7.225 0.275 0.0000e+00
-7.225 0.325 0.0000e+00
-7.225 0.375 0.0000e+00
-7.225 0.425 0.0000e+00
-7.225 0.475 0.0000e+00
-7.225 0.525 0.0000e+00
-7.225 0.575 0.0000e+00
-7.225 0.625 0.0000e+00
-7.225 0.675 0.0000e+00
-7.225 0.725 0.0000e+00
-7.225 0.775 0.0000e+00
-7.225 0.825 0.0000e+00
-7.225 0.875 0.0000e+00
-7.225 0.925 0.0000e+00
-7.225 0.975 0.0000e+00
-7.225 1.025 0.0000e+00
-7.225 1.075 0.0000e+00
-7.225 1.125 0.0000e+00
-7.225 1.175 0.0000e+00
-7.225 1.225 6.0621e-24
-7.225 1.275 1.2110e-23
-7.225 1.325 2.4195e-23
-7.225 1.375 4.8347e-23
-7.225 1.425 9.6627e-23
-7.225 1.475 1.9316e-22
-7.225 1.525 3.8623e-22
-7.225 1.575 7.7246e-22
-7.225 1.625 1.5454e-21
-7.225 1.675 3.0927e-21
-7.225 1.725 6.1916e-21
-7.225 1.775 1.2401e-20
-7.225 1.825 2.4848e-20
-7.225 1.875 4.9816e-20
-7.225 1.925 9.9930e-20
-7.225 1.975 2.0059e-19
-7.225 2.025 4.0295e-19
-7.225 2.075 8.1012e-19
-7.225 2.125 1.6303e-18
-7.225 2.175 3.2842e-18
-7.225 2.225 6.6240e-18
-7.225 2.275 1.3378e-17
-7.225 2.325 2.7060e-17
-7.225 2.375 5.4830e-17
-7.225 2.425 1.1131e-16
-7.225 2.475 2.2647e-16
-7.225 2.525 4.6191e-16
-7.225 2.575 9.4476e-16
-7.225 2.625 1.9385e-15
-7.225 2.675 3.9920e-15
-7.225 2.725 8.2544e-15
-7.225 2.775 1.7148e-14
-7.225 2.825 3.5815e-14
-7.225 2.875 7.5260e-14
-7.225 2.925 1.5926e-13
-7.225 2.975 3.3974e-13
-7.225 3.025 7.3153e-13
-7.225 3.075 1.5922e-12
-7.225 3.125 3.5092e-12
-7.225 3.175 7.8488e-12
-7.225 3.225 1.7861e-11
-7.225 3.275 4.1490e-11
-7.225 3.325 9.8774e-11
-7.225 3.375 2.4225e-10
-7.225 3.425 6.1621e-10
-7.225 3.475 1.6403e-09
-7.225 3.525 4.6265e-09
-7.225 3.575 1.4071e-08
-7.225 3.625 4.7392e-08
-7.225 3.675 1.8431e-07
-7.225 3.725 8.8799e-07
-7.225 3.775 5.9696e-06
-7.225 3.825 6.8658e-05
-7.225 3.875 0.0000e+00
-7.225 3.925 0.0000e+00
-7.225 3.975 0.0000e+00
-7.175 -1.975 0.0000e+00
-7.175 -1.925 0.0000e+00
-7.175 -1.875 0.0000e+00
-7.175 -1.825 0.0000e+00
-7.175 -1.775 0.0000e+00
-7.175 -1.725 0.0000e+00
-7.175 -1.675 0.0000e+00
-7.175 -1.625 0.0000e+00
-7.175 -1.575 0.0000e+00
-7.175 -1.525 0.0000e+00
-7.175 -1.475 0.0000e+00
-7.175 -1.425 0.0000e+00
-7.175 -1.375 0.0000e+00
-7.175 -1.325 0.0000e+00
-7.175 -1.275 0.0000e+00
-7.175 -1.225 0.0000e+00
-7.175 -1.175 0.0000e+00
-7.175 -1.125 0.0000e+00
-7.175 -1.075 0.0000e+00
-7.175 -1.025 0.0000e+00
-7.175 -0.975 0.0000e+00
-7.175 -0.925 0.0000e+00
-7.175 -0.875 0.0000e+00
-7.175 -0.825 0.0000e+00
-7.175 -0.775 0.0000e+00
-7.175 -0.725 0.0000e+00
-7.175 -0.675 0.0000e+00
-7.175 -0.625 0.0000e+00
-7.175 -0.575 0.0000e+00
-7.175 -0.525 0.0000e+00
-7.175 -0.475 0.0000e+00
-7.175 -0.425 0.0000e+00
-7.175 -0.375 0.0000e+00
-7.175 -0.325 0.0000e+00
-7.175 -0.275 0.0000e+00
-7.175 -0.225 0.0000e+00
-7.175 -0.175 0.0000e+00
-7.175 -0.125 0.0000e+00
-7.175 -0.075 0.0000e+00
-7.175 -0.025 0.0000e+00
-7.175 0.025 0.0000e+00
-7.175 0.075 0.0000e+00
-7.175 0.125 0.0000e+00
-7.175 0.175 0.0000e+00
-7.175 0.225 0.0000e+00
-7.175 0.275 0.0000e+00
-7.175 0.325 0.0000e+00
-7.175 0.375 0.0000e+00
-7.175 0.425 0.0000e+00
-7.175 0.475 0.0000e+00
-7.175 0.525 0.0000e+00
-7.175 0.575 0.0000e+00
-7.175 0.625 0.0000e+00
-7.175 0.675 0.0000e+00
-7.175 0.725 0.0000e+00
-7.175 0.775 0.0000e+00
-7.175 0.825 0.0000e+00
-7.175 0.875 0.0000e+00
-7.175 0.925 0.0000e+00
-7.175 0.975 0.0000e+00
-7.175 1.025 0.0000e+00
-7.175 1.075 0.0000e+00
-7.175 1.125 0.0000e+00
-7.175 1.175 0.0000e+00
-7.175 1.225 7.6317e-24
-7.175 1.275 1.5245e-23
-7.175 1.325 3.0459e-23
-7.175 1.375 6.0865e-23
-7.175 1.425 1.2165e-22
-7.175 1.475 2.4318e-22
-7.175 1.525 4.8623e-22
-7.175 1.575 9.7247e-22
-7.175 1.625 1.9455e-21
-7.175 1.675 3.8935e-21
-7.175 1.725 7.7948e-21
-7.175 1.775 1.5612e-20
-7.175 1.825 3.1282e-20
-7.175 1.875 6.2714e-20
-7.175 1.925 1.2580e-19
-7.175 1.975 2.5253e-19
-7.175 2.025 5.0728e-19
-7.175 2.075 1.0199e-18
-7.175 2.125 2.0524e-18
-7.175 2.175 4.1346e-18
-7.175 2.225 8.3392e-18
-7.175 2.275 1.6842e-17
-7.175 2.325 3.4067e-17
-7.175 2.375 6.9026e-17
-7.175 2.425 1.4013e-16
-7.175 2.475 2.8511e-16
-7.175 2.525 5.8151e-16
-7.175 2.575 1.1894e-15
-7.175 2.625 2.4405e-15
-7.175 2.675 5.0256e-15
-7.175 2.725 1.0392e-14
-7.175 2.775 2.1588e-14
-7.175 2.825 4.5088e-14
-7.175 2.875 9.4747e-14
-7.175 2.925 2.0050e-13
-7.175 2.975 4.2771e-13
-7.175 3.025 9.2095e-13
-7.175 3.075 2.0045e-12
-7.175 3.125 4.4179e-12
-7.175 3.175 9.8811e-12
-7.175 3.225 2.2486e-11
-7.175 3.275 5.2232e-11
-7.175 3.325 1.2435e-10
-7.175 3.375 3.0497e-10
-7.175 3.425 7.7576e-10
-7.175 3.475 2.0651e-09
-7.175 3.525 5.8244e-09
-7.175 3.575 1.7715e-08
-7.175 3.625 5.9663e-08
-7.175 3.675 2.3204e-07
-7.175 3.725 1.1179e-06
-7.175 3.775 7.5153e-06
-7.175 3.825 8.6436e-05
-7.175 3.875 0.0000e+00
-7.175 3.925 0.0000e+00
-7.175 3.975 0.0000e+00
-7.125 -1.975 0.0000e+00
-7.125 -1.925 0.0000e+00
-7.125 -1.875 0.0000e+00
-7.125 -1.825 0.0000e+00
-7.125 -1.775 0.0000e+00
-7.125 -1.725 0.0000e+00
-7.125 -1.675 0.0000e+00
-7.125 -1.625 0.0000e+00
-7.125 -1.575 0.0000e+00
-7.125 -1.525 0.0000e+00
-7.125 -1.475 0.0000e+00
-7.125 -1.425 0.0000e+00
-7.125 -1.375 0.0000e+00
-7.125 -1.325 0.0000e+00
-7.125 -1.275 0.0000e+00
-7.125 -1.225 0.0000e+00
-7.125 -1.175 0.0000e+00
-7.125 -1.125 0.0000e+00
-7.125 -1.075 0.0000e+00
-7.125 -1.025 0.0000e+00
-7.125 -0.975 0.0000e+00
-7.125 -0.925 0.0000e+00
-7.125 -0.875 0.0000e+00
-7.125 -0.825 0.0000e+00
-7.125 -0.775 0.0000e+00
-7.125 -0.725 0.0000e+00
-7.125 -0.675 0.0000e+00
-7.125 -0.625 0.0000e+00
-7.125 -0.575 0.0000e+00
-7.125 -0.525 0.0000e+00
-7.125 -0.475 0.0000e+00
-7.125 -0.425 0.0000e+00
-7.125 -0.375 0.0000e+00
-7.125 -0.325 0.0000e+00
-7.125 -0.275 0.0000e+00
-7.125 -0.225 0.0000e+00
-7.125 -0.175 0.0000e+00
-7.125 -0.125 0.0000e+00
-7.125 -0.075 0.0000e+00
-7.125 -0.025 0.0000e+00
-7.125 0.025 0.0000e+00
-7.125 0.075 0.0000e+00
-7.125 0.125 0.0000e+00
-7.125 0.175 0.0000e+00
-7.125 0.225 0.0000e+00
-7.125 0.275 0.0000e+00
-7.125 0.325 0.0000e+00
-7.125 0.375 0.0000e+00
-7.125 0.425 0.0000e+00
-7.125 0.475 0.0000e+00
-7.125 0.525 0.0000e+00
-7.125 0.575 0.0000e+00
-7.125 0.625 0.0000e+00
-7.125 0.675 0.0000e+00
-7.125 0.725 0.0000e+00
-7.125 0.775 0.0000e+00
-7.125 0.825 0.0000e+00
-7.125 0.875 0.0000e+00
-7.125 0.925 0.0000e+00
-7.125 0.975 0.0000e+00
-7.125 1.025 0.0000e+00
-7.125 1.075 0.0000e+00
-7.125 1.125 0.0000e+00
-7.125 1.175 0.0000e+00
-7.125 1.225 9.6077e-24
-7.125 1.275 1.9193e-23
-7.125 1.325 3.8346e-23
-7.125 1.375 7.6625e-23
-7.125 1.425 1.5314e-22
-7.125 1.475 3.0614e-22
-7.125 1.525 6.1213e-22
-7.125 1.575 1.2243e-21
-7.125 1.625 2.4493e-21
-7.125 1.675 4.9016e-21
-7.125 1.725 9.8131e-21
-7.125 1.775 1.9654e-20
-7.125 1.825 3.9382e-20
-7.125 1.875 7.8952e-20
-7.125 1.925 1.5838e-19
-7.125 1.975 3.1791e-19
-7.125 2.025 6.3863e-19
-7.125 2.075 1.2840e-18
-7.125 2.125 2.5838e-18
-7.125 2.175 5.2051e-18
-7.125 2.225 1.0498e-17
-7.125 2.275 2.1203e-17
-7.125 2.325 4.2888e-17
-7.125 2.375 8.6899e-17
-7.125 2.425 1.7642e-16
-7.125 2.475 3.5893e-16
-7.125 2.525 7.3208e-16
-7.125 2.575 1.4974e-15
-7.125 2.625 3.0724e-15
-7.125 2.675 6.3268e-15
-7.125 2.725 1.3082e-14
-7.125 2.775 2.7178e-14
-7.125 2.825 5.6763e-14
-7.125 2.875 1.1928e-13
-7.125 2.925 2.5241e-13
-7.125 2.975 5.3846e-13
-7.125 3.025 1.1594e-12
-7.125 3.075 2.5235e-12
-7.125 3.125 5.5618e-12
-7.125 3.175 1.2440e-11
-7.125 3.225 2.8308e-11
-7.125 3.275 6.5757e-11
-7.125 3.325 1.5655e-10
-7.125 3.375 3.8394e-10
-7.125 3.425 9.7663e-10
-7.125 3.475 2.5998e-09
-7.125 3.525 7.3325e-09
-7.125 3.575 2.2302e-08
-7.125 3.625 7.5111e-08
-7.125 3.675 2.9212e-07
-7.125 3.725 1.4074e-06
-7.125 3.775 9.4612e-06
-7.125 3.825 1.0882e-04
-7.125 3.875 0.0000e+00
-7.125 3.925 0.0000e+00
-7.125 3.975 0.0000e+00
-7.075 -1.975 0.0000e+00
-7.075 -1.925 0.0000e+00
-7.075 -1.875 0.0000e+00
-7.075 -1.825 0.0000e+00
-7.075 -1.775 0.0000e+00
-7.075 -1.725 0.0000e+00
-7.075 -1.675 0.0000e+00
-7.075 -1.625 0.0000e+00
-7.075 -1.575 0.0000e+00
-7.075 -1.525 0.0000e+00
-7.075 -1.475 0.0000e+00
-7.075 -1.425 0.0000e+00
-7.075 -1.375 0.0000e+00
-7.075 -1.325 0.0000e+00
-7.075 -1.275 0.0000e+00
-7.075 -1.225 0.0000e+00
-7.075 -1.175 0.0000e+00
-7.075 -1.125 0.0000e+00
-7.075 -1.075 0.0000e+00
-7.075 -1.025 0.0000e+00
-7.075 -0.975 0.0000e+00
-7.075 -0.925 0.0000e+00
-7.075 -0.875 0.0000e+00
-7.075 -0.825 0.0000e+00
-7.075 -0.775 0.0000e+00
-7.075 -0.725 0.0000e+00
-7.075 -0.675 0.0000e+00
-7.075 -0.625 0.0000e+00
-7.075 -0.575 0.0000e+00
-7.075 -0.525 0.0000e+00
-7.075 -0.475 0.0000e+00
-7.075 -0.425 0.0000e+00
-7.075 -0.375 0.0000e+00
-7.075 -0.325 0.0000e+00
-7.075 -0.275 0.0000e+00
-7.075 -0.225 0.0000e+00
-7.075 -0.175 0.0000e+00
-7.075 -0.125 0.0000e+00
-7.075 -0.075 0.0000e+00
-7.075 -0.025 0.0000e+00
-7.075 0.025 0.0000e+00
-7.075 0.075 0.0000e+00
-7.075 0.125 0.0000e+00
-7.075 0.175 0.0000e+00
-7.075 0.225 0.0000e+00
-7.075 0.275 0.0000e+00
-7.075 0.325 0.0000e+00
-7.075 0.375 0.0000e+00
-7.075 0.425 0.0000e+00
-7.075 0.475 0.0000e+00
-7.075 0.525 0.0000e+00
-7.075 0.575 0.0000e+00
-7.075 0.625 0.0000e+00
-7.075 0.675 0.0000e+00
-7.075 0.725 0.0000e+00
-7.075 0.775 0.0000e+00
-7.075 0.825 0.0000e+00
-7.075 0.875 0.0000e+00
-7.075 0.925 0.0000e+00
-7.075 0.975 0.0000e+00
-7.075 1.025 0.0000e+00
-7.075 1.075 0.0000e+00
-7.075 1.125 0.0000e+00
-7.075 1.175 0.0000e+00
-7.075 1.225 1.2095e-23
-7.075 1.275 2.4162e-23
-7.075 1.325 4.8274e-23
-7.075 1.375 9.6465e-23
-7.075 1.425 1.9280e-22
-7.075 1.475 3.8541e-22
-7.075 1.525 7.7062e-22
-7.075 1.575 1.5413e-21
-7.075 1.625 3.0835e-21
-7.075 1.675 6.1708e-21
-7.075 1.725 1.2354e-20
-7.075 1.775 2.4743e-20
-7.075 1.825 4.9578e-20
-7.075 1.875 9.9395e-20
-7.075 1.925 1.9939e-19
-7.075 1.975 4.0023e-19
-7.075 2.025 8.0398e-19
-7.075 2.075 1.6164e-18
-7.075 2.125 3.2528e-18
-7.075 2.175 6.5529e-18
-7.075 2.225 1.3217e-17
-7.075 2.275 2.6693e-17
-7.075 2.325 5.3993e-17
-7.075 2.375 1.0940e-16
-7.075 2.425 2.2209e-16
-7.075 2.475 4.5187e-16
-7.075 2.525 9.2163e-16
-7.075 2.575 1.8851e-15
-7.075 2.625 3.8679e-15
-7.075 2.675 7.9650e-15
-7.075 2.725 1.6470e-14
-7.075 2.775 3.4215e-14
-7.075 2.825 7.1460e-14
-7.075 2.875 1.5016e-13
-7.075 2.925 3.1777e-13
-7.075 2.975 6.7788e-13
-7.075 3.025 1.4596e-12
-7.075 3.075 3.1769e-12
-7.075 3.125 7.0018e-12
-7.075 3.175 1.5660e-11
-7.075 3.225 3.5638e-11
-7.075 3.275 8.2783e-11
-7.075 3.325 1.9708e-10
-7.075 3.375 4.8335e-10
-7.075 3.425 1.2295e-09
-7.075 3.475 3.2729e-09
-7.075 3.525 9.2310e-09
-7.075 3.575 2.8076e-08
-7.075 3.625 9.4559e-08
-7.075 3.675 3.6776e-07
-7.075 3.725 1.7718e-06
-7.075 3.775 1.1911e-05
-7.075 3.825 1.3699e-04
-7.075 3.875 0.0000e+00
-7.075 3.925 0.0000e+00
-7.075 3.975 0.0000e+00
-7.025 -1.975 0.0000e+00
-7.025 -1.925 0.0000e+00
-7.025 -1.875 0.0000e+00
-7.025 -1.825 0.0000e+00
-7.025 -1.775 0.0000e+00
-7.025 -1.725 0.0000e+00
-7.025 -1.675 0.0000e+00
-7.025 -1.625 0.0000e+00
-7.025 -1.575 0.0000e+00
-7.025 -1.525 0.0000e+00
-7.025 -1.475 0.0000e+00
-7.025 -1.425 0.0000e+00
-7.025 -1.375 0.0000e+00
-7.025 -1.325 0.0000e+00
-7.025 -1.275 0.0000e+00
-7.025 -1.225 0.0000e+00
-7.025 -1.175 0.0000e+00
-7.025 -1.125 0.0000e+00
-7.025 -1.075 0.0000e+00
-7.025 -1.025 0.0000e+00
-7.025 -0.975 0.0000e+00
-7.025 -0.925 0.0000e+00
-7.025 -0.875 0.0000e+00
-7.025 -0.825 0.0000e+00
-7.025 -0.775 0.0000e+00
-7.025 -0.725 0.0000e+00
-7.025 -0.675 0.0000e+00
-7.025 -0.625 0.0000e+00
-7.025 -0.575 0.0000e+00
-7.025 -0.525 0.0000e+00
-7.025 -0.475 0.0000e+00
-7.025 -0.425 0.0000e+00
-7.025 -0.375 0.0000e+00
-7.025 -0.325 0.0000e+00
-7.025 -0.275 0.0000e+00
-7.025 -0.225 0.0000e+00
-7.025 -0.175 0.0000e+00
-7.025 -0.125 0.0000e+00
-7.025 -0.075 0.0000e+00
-7.025 -0.025 0.0000e+00
-7.025 0.025 0.0000e+00
-7.025 0.075 0.0000e+00
-7.025 0.125 0.0000e+00
-7.025 0.175 0.0000e+00
-7.025 0.225 0.0000e+00
-7.025 0.275 0.0000e+00
-7.025 0.325 0.0000e+00
-7.025 0.375 0.0000e+00
-7.025 0.425 0.0000e+00
-7.025 0.475 0.0000e+00
-7.025 0.525 0.0000e+00
-7.025 0.575 0.0000e+00
-7.025 0.625 0.0000e+00
-7.025 0.675 0.0000e+00
-7.025 0.725 0.0000e+00
-7.025 0.775 0.0000e+00
-7.025 0.825 0.0000e+00
-7.025 0.875 0.0000e+00
-7.025 0.925 0.0000e+00
-7.025 0.975 0.0000e+00
-7.025 1.025 0.0000e+00
-7.025 1.075 0.0000e+00
-7.025 1.125 0.0000e+00
-7.025 1.175 0.0000e+00
-7.025 1.225 1.5227e-23
-7.025 1.275 3.0418e-23
-7.025 1.325 6.0774e-23
-7.025 1.375 1.2144e-22
-7.025 1.425 2.4272e-22
-7.025 1.475 4.8520e-22
-7.025 1.525 9.7016e-22
-7.025 1.575 1.9403e-21
-7.025 1.625 3.8818e-21
-7.025 1.675 7.7686e-21
-7.025 1.725 1.5553e-20
-7.025 1.775 3.1149e-20
-7.025 1.825 6.2416e-20
-7.025 1.875 1.2513e-19
-7.025 1.925 2.5101e-19
-7.025 1.975 5.0386e-19
-7.025 2.025 1.0122e-18
-7.025 2.075 2.0349e-18
-7.025 2.125 4.0951e-18
-7.025 2.175 8.2496e-18
-7.025 2.225 1.6639e-17
-7.025 2.275 3.3605e-17
-7.025 2.325 6.7973e-17
-7.025 2.375 1.3773e-16
-7.025 2.425 2.7960e-16
-7.025 2.475 5.6886e-16
-7.025 2.525 1.1603e-15
-7.025 2.575 2.3731e-15
-7.025 2.625 4.8693e-15
-7.025 2.675 1.0027e-14
-7.025 2.725 2.0734e-14
-7.025 2.775 4.3074e-14
-7.025 2.825 8.9963e-14
-7.025 2.875 1.8905e-13
-7.025 2.925 4.0004e-13
-7.025 2.975 8.5340e-13
-7.025 3.025 1.8375e-12
-7.025 3.075 3.9994e-12
-7.025 3.125 8.8148e-12
-7.025 3.175 1.9715e-11
-7.025 3.225 4.4866e-11
-7.025 3.275 1.0422e-10
-7.025 3.325 2.4811e-10
-7.025 3.375 6.0850e-10
-7.025 3.425 1.5478e-09
-7.025 3.475 4.1204e-09
-7.025 3.525 1.1621e-08
-7.025 3.575 3.5346e-08
-7.025 3.625 1.1904e-07
-7.025 3.675 4.6298e-07
-7.025 3.725 2.2305e-06
-7.025 3.775 1.4995e-05
-7.025 3.825 1.7246e-04
-7.025 3.875 0.0000e+00
-7.025 3.925 0.0000e+00
-7.025 3.975 0.0000e+00
-6.975 -1.975 0.0000e+00
-6.975 -1.925 0.0000e+00
-6.975 -1.875 0.0000e+00
-6.975 -1.825 0.0000e+00
-6.975 -1.775 0.0000e+00
-6.975 -1.725 0.0000e+00
-6.975 -1.675 0.0000e+00
-6.975 -1.625 0.0000e+00
-6.975 -1.575 0.0000e+00
-6.975 -1.525 0.0000e+00
-6.975 -1.475 0.0000e+00
-6.975 -1.425 0.0000e+00
-6.975 -1.375 0.0000e+00
-6.975 -1.325 0.0000e+00
-6.975 -1.275 0.0000e+00
-6.975 -1.225 0.0000e+00
-6.975 -1.175 0.0000e+00
-6.975 -1.125 0.0000e+00
-6.975 -1.075 0.0000e+00
-6.975 -1.025 0.0000e+00
-6.975 -0.975 0.0000e+00
-6.975 -0.925 0.0000e+00
-6.975 -0.875 0.0000e+00
-6.975 -0.825 0.0000e+00
-6.975 -0.775 0.0000e+00
-6.975 -0.725 0.0000e+00
-6.975 -0.675 0.0000e+00
-6.975 -0.625 0.0000e+00
-6.975 -0.575 0.0000e+00
-6.975 -0.525 0.0000e+00
-6.975 -0.475 0.0000e+00
-6.975 -0.425 0.0000e+00
-6.975 -0.375 0.0000e+00
-6.975 -0.325 0.0000e+00
-6.975 -0.275 0.0000e+00
-6.975 -0.225 0.0000e+00
-6.975 -0.175 0.0000e+00
-6.975 -0.125 0.0000e+00
-6.975 -0.075 0.0000e+00
-6.975 -0.025 0.0000e+00
-6.975 0.025 0.0000e+00
-6.975 0.075 0.0000e+00
-6.975 0.125 0.0000e+00
-6.975 0.175 0.0000e+00
-6.975 0.225 0.0000e+00
-6.975 0.275 0.0000e+00
-6.975 0.325 0.0000e+00
-6.975 0.375 0.0000e+00
-6.975 0.425 0.0000e+00
-6.975 0.475 0.0000e+00
-6.975 0.525 0.0000e+00
-6.975 0.575 0.0000e+00
-6.975 0.625 0.0000e+00
-6.975 0.675 0.0000e+00
-6.975 0.725 0.0000e+00
-6.975 0.775 0.0000e+00
-6.975 0.825 0.0000e+00
-6.975 0.875 0.0000e+00
-6.975 0.925 0.0000e+00
-6.975 0.975 0.0000e+00
-6.975 1.025 0.0000e+00
-6.975 1.075 0.0000e+00
-6.975 1.125 0.0000e+00
-6.975 1.175 0.0000e+00
-6.975 1.225 1.9170e-23
-6.975 1.275 3.8295e-23
-6.975 1.325 7.6510e-23
-6.975 1.375 1.5289e-22
-6.975 1.425 3.0556e-22
-6.975 1.475 6.1083e-22
-6.975 1.525 1.2214e-21
-6.975 1.575 2.4427e-21
-6.975 1.625 4.8869e-21
-6.975 1.675 9.7800e-21
-6.975 1.725 1.9580e-20
-6.975 1.775 3.9215e-20
-6.975 1.825 7.8577e-20
-6.975 1.875 1.5753e-19
-6.975 1.925 3.1600e-19
-6.975 1.975 6.3432e-19
-6.975 2.025 1.2742e-18
-6.975 2.075 2.5618e-18
-6.975 2.125 5.1554e-18
-6.975 2.175 1.0386e-17
-6.975 2.225 2.0947e-17
-6.975 2.275 4.2306e-17
-6.975 2.325 8.5572e-17
-6.975 2.375 1.7339e-16
-6.975 2.425 3.5200e-16
-6.975 2.475 7.1616e-16
-6.975 2.525 1.4607e-15
-6.975 2.575 2.9876e-15
-6.975 2.625 6.1301e-15
-6.975 2.675 1.2624e-14
-6.975 2.725 2.6103e-14
-6.975 2.775 5.4227e-14
-6.975 2.825 1.1326e-13
-6.975 2.875 2.3799e-13
-6.975 2.925 5.0363e-13
-6.975 2.975 1.0744e-12
-6.975 3.025 2.3133e-12
-6.975 3.075 5.0350e-12
-6.975 3.125 1.1097e-11
-6.975 3.175 2.4820e-11
-6.975 3.225 5.6482e-11
-6.975 3.275 1.3120e-10
-6.975 3.325 3.1235e-10
-6.975 3.375 7.6606e-10
-6.975 3.425 1.9486e-09
-6.975 3.475 5.1872e-09
-6.975 3.525 1.4630e-08
-6.975 3.575 4.4498e-08
-6.975 3.625 1.4987e-07
-6.975 3.675 5.8285e-07
-6.975 3.725 2.8081e-06
-6.975 3.775 1.8878e-05
-6.975 3.825 2.1712e-04
-6.975 3.875 0.0000e+00
-6.975 3.925 0.0000e+00
-6.975 3.975 0.0000e+00
-6.925 -1.975 0.0000e+00
-6.925 -1.925 0.0000e+00
-6.925 -1.875 0.0000e+00
-6.925 -1.825 0.0000e+00
-6.925 -1.775 0.0000e+00
-6.925 -1.725 0.0000e+00
-6.925 -1.675 0.0000e+00
-6.925 -1.625 0.0000e+00
-6.925 -1.575 0.0000e+00
-6.925 -1.525 0.0000e+00
-6.925 -1.475 0.0000e+00
-6.925 -1.425 0.0000e+00
-6.925 -1.375 0.0000e+00
-6.925 -1.325 0.0000e+00
-6.925 -1.275 0.0000e+00
-6.925 -1.225 0.0000e+00
-6.925 -1.175 0.0000e+00
-6.925 -1.125 0.0000e+00
-6.925 -1.075 0.0000e+00
-6.925 -1.025 0.0000e+00
-6.925 -0.975 0.0000e+00
-6.925 -0.925 0.0000e+00
-6.925 -0.875 0.0000e+00
-6.925 -0.825 0.0000e+00
-6.925 -0.775 0.0000e+00
-6.925 -0.725 0.0000e+00
-6.925 -0.675 0.0000e+00
-6.925 -0.625 0.0000e+00
-6.925 -0.575 0.0000e+00
-6.925 -0.525 0.0000e+00
-6.925 -0.475 0.0000e+00
-6.925 -0.425 0.0000e+00
-6.925 -0.375 0.0000e+00
-6.925 -0.325 0.0000e+00
-6.925 -0.275 0.0000e+00
-6.925 -0.225 0.0000e+00
-6.925 -0.175 0.0000e+00
-6.925 -0.125 0.0000e+00
-6.925 -0.075 0.0000e+00
-6.925 -0.025 0.0000e+00
-6.925 0.025 0.0000e+00
-6.925 0.075 0.0000e+00
-6.925 0.125 0.0000e+00
-6.925 0.175 0.0000e+00
-6.925 0.225 0.0000e+00
-6.925 0.275 0.0000e+00
-6.925 0.325 0.0000e+00
-6.925 0.375 0.0000e+00
-6.925 0.425 0.0000e+00
-6.925 0.475 0.0000e+00
-6.925 0.525 0.0000e+00
-6.925 0.575 0.0000e+00
-6.925 0.625 0.0000e+00
-6.925 0.675 0.0000e+00
-6.925 0.725 0.0000e+00
-6.925 0.775 0.0000e+00
-6.925 0.825 0.0000e+00
-6.925 0.875 0.0000e+00
-6.925 0.925 0.0000e+00
-6.925 0.975 0.0000e+00
-6.925 1.025 0.0000e+00
-6.925 1.075 0.0000e+00
-6.925 1.125 0.0000e+00
-6.925 1.175 0.0000e+00
-6.925 1.225 2.4133e-23
-6.925 1.275 4.8210e-23
-6.925 1.325 9.6320e-23
-6.925 1.375 1.9247e-22
-6.925 1.425 3.8468e-22
-6.925 1.475 7.6899e-22
-6.925 1.525 1.5376e-21
-6.925 1.575 3.0752e-21
-6.925 1.625 6.1523e-21
-6.925 1.675 1.2312e-20
-6.925 1.725 2.4649e-20
-6.925 1.775 4.9368e-20
-6.925 1.825 9.8922e-20
-6.925 1.875 1.9832e-19
-6.925 1.925 3.9783e-19
-6.925 1.975 7.9856e-19
-6.925 2.025 1.6042e-18
-6.925 2.075 3.2251e-18
-6.925 2.125 6.4902e-18
-6.925 2.175 1.3075e-17
-6.925 2.225 2.6371e-17
-6.925 2.275 5.3260e-17
-6.925 2.325 1.0773e-16
-6.925 2.375 2.1828e-16
-6.925 2.425 4.4314e-16
-6.925 2.475 9.0159e-16
-6.925 2.525 1.8389e-15
-6.925 2.575 3.7612e-15
-6.925 2.625 7.7174e-15
-6.925 2.675 1.5892e-14
-6.925 2.725 3.2861e-14
-6.925 2.775 6.8268e-14
-6.925 2.825 1.4258e-13
-6.925 2.875 2.9962e-13
-6.925 2.925 6.3403e-13
-6.925 2.975 1.3525e-12
-6.925 3.025 2.9123e-12
-6.925 3.075 6.3387e-12
-6.925 3.125 1.3971e-11
-6.925 3.175 3.1247e-11
-6.925 3.225 7.1107e-11
-6.925 3.275 1.6517e-10
-6.925 3.325 3.9322e-10
-6.925 3.375 9.6441e-10
-6.925 3.425 2.4532e-09
-6.925 3.475 6.5303e-09
-6.925 3.525 1.8418e-08
-6.925 3.575 5.6020e-08
-6.925 3.625 1.8867e-07
-6.925 3.675 7.3377e-07
-6.925 3.725 3.5351e-06
-6.925 3.775 2.3765e-05
-6.925 3.825 2.7333e-04
-6.925 3.875 0.0000e+00
-6.925 3.925 0.0000e+00
-6.925 3.975 0.0000e+00
-6.875 -1.975 0.0000e+00
-6.875 -1.925 0.0000e+00
-6.875 -1.875 0.0000e+00
-6.875 -1.825 0.0000e+00
-6.875 -1.775 0.0000e+00
-6.875 -1.725 0.0000e+00
-6.875 -1.675 0.0000e+00
-6.875 -1.625 0.0000e+00
-6.875 -1.575 0.0000e+00
-6.875 -1.525 0.0000e+00
-6.875 -1.475 0.0000e+00
-6.875 -1.425 0.0000e+00
-6.875 -1.375 0.0000e+00
-6.875 -1.325 0.0000e+00
-6.875 -1.275 0.0000e+00
-6.875 -1.225 0.0000e+00
-6.875 -1.175 0.0000e+00
-6.875 -1.125 0.0000e+00
-6.875 -1.075 0.0000e+00
-6.875 -1.025 0.0000e+00
-6.875 -0.975 0.0000e+00
-6.875 -0.925 0.0000e+00
-6.875 -0.875 0.0000e+00
-6.875 -0.825 0.0000e+00
-6.875 -0.775 0.0000e+00
-6.875 -0.725 0.0000e+00
-6.875 -0.675 0.0000e+00
-6.875 -0.625 0.0000e+00
-6.875 -0.575 0.0000e+00
-6.875 -0.525 0.0000e+00
-6.875 -0.475 0.0000e+00
-6.875 -0.425 0.0000e+00
-6.875 -0.375 0.0000e+00
-6.875 -0.325 0.0000e+00
-6.875 -0.275 0.0000e+00
-6.875 -0.225 0.0000e+00
-6.875 -0.175 0.0000e+00
-6.875 -0.125 0.0000e+00
-6.875 -0.075 0.0000e+00
-6.875 -0.025 0.0000e+00
-6.875 0.025 0.0000e+00
-6.875 0.075 0.0000e+00
-6.875 0.125 0.0000e+00
-6.875 0.175 0.0000e+00
-6.875 0.225 0.0000e+00
-6.875 0.275 0.0000e+00
-6.875 0.325 0.0000e+00
-6.875 0.375 0.0000e+00
-6.875 0.425 0.0000e+00
-6.875 0.475 0.0000e+00
-6.875 0.525 0.0000e+00
-6.875 0.575 0.0000e+00
-6.875 0.625 0.0000e+00
-6.875 0.675 0.0000e+00
-6.875 0.725 0.0000e+00
-6.875 0.775 0.0000e+00
-6.875 0.825 0.0000e+00
-6.875 0.875 0.0000e+00
-6.875 0.925 0.0000e+00
-6.875 0.975 0.0000e+00
-6.875 1.025 0.0000e+00
-6.875 1.075 0.0000e+00
-6.875 1.125 0.0000e+00
-6.875 1.175 0.0000e+00
-6.875 1.225 3.0382e-23
-6.875 1.275 6.0693e-23
-6.875 1.325 1.2126e-22
-6.875 1.375 2.4231e-22
-6.875 1.425 4.8428e-22
-6.875 1.475 9.6810e-22
-6.875 1.525 1.9357e-21
-6.875 1.575 3.8715e-21
-6.875 1.625 7.7453e-21
-6.875 1.675 1.5500e-20
-6.875 1.725 3.1032e-20
-6.875 1.775 6.2151e-20
-6.875 1.825 1.2454e-19
-6.875 1.875 2.4967e-19
-6.875 1.925 5.0083e-19
-6.875 1.975 1.0053e-18
-6.875 2.025 2.0195e-18
-6.875 2.075 4.0602e-18
-6.875 2.125 8.1707e-18
-6.875 2.175 1.6460e-17
-6.875 2.225 3.3199e-17
-6.875 2.275 6.7050e-17
-6.875 2.325 1.3562e-16
-6.875 2.375 2.7480e-16
-6.875 2.425 5.5787e-16
-6.875 2.475 1.1350e-15
-6.875 2.525 2.3150e-15
-6.875 2.575 4.7350e-15
-6.875 2.625 9.7156e-15
-6.875 2.675 2.0007e-14
-6.875 2.725 4.1370e-14
-6.875 2.775 8.5944e-14
-6.875 2.825 1.7950e-13
-6.875 2.875 3.7719e-13
-6.875 2.925 7.9819e-13
-6.875 2.975 1.7028e-12
-6.875 3.025 3.6664e-12
-6.875 3.075 7.9799e-12
-6.875 3.125 1.7588e-11
-6.875 3.175 3.9337e-11
-6.875 3.225 8.9519e-11
-6.875 3.275 2.0794e-10
-6.875 3.325 4.9504e-10
-6.875 3.375 1.2141e-09
-6.875 3.425 3.0884e-09
-6.875 3.475 8.2212e-09
-6.875 3.525 2.3187e-08
-6.875 3.575 7.0525e-08
-6.875 3.625 2.3752e-07
-6.875 3.675 9.2376e-07
-6.875 3.725 4.4505e-06
-6.875 3.775 2.9919e-05
-6.875 3.825 3.4411e-04
-6.875 3.875 0.0000e+00
-6.875 3.925 0.0000e+00
-6.875 3.975 0.0000e+00
-6.825 -1.975 0.0000e+00
-6.825 -1.925 0.0000e+00
-6.825 -1.875 0.0000e+00
-6.825 -1.825 0.0000e+00
-6.825 -1.775 0.0000e+00
-6.825 -1.725 0.0000e+00
-6.825 -1.675 0.0000e+00
-6.825 -1.625 0.0000e+00
-6.825 -1.575 0.0000e+00
-6.825 -1.525 0.0000e+00
-6.825 -1.475 0.0000e+00
-6.825 -1.425 0.0000e+00
-6.825 -1.375 0.0000e+00
-6.825 -1.325 0.0000e+00
-6.825 -1.275 0.0000e+00
-6.825 -1.225 0.0000e+00
-6.825 -1.175 0.0000e+00
-6.825 -1.125 0.0000e+00
-6.825 -1.075 0.0000e+00
-6.825 -1.025 0.0000e+00
-6.825 -0.975 0.0000e+00
-6.825 -0.925 0.0000e+00
-6.825 -0.875 0.0000e+00
-6.825 -0.825 0.0000e+00
-6.825 -0.775 0.0000e+00
-6.825 -0.725 0.0000e+00
-6.825 -0.675 0.0000e+00
-6.825 -0.625 0.0000e+00
-6.825 -0.575 0.0000e+00
-6.825 -0.525 0.0000e+00
-6.825 -0.475 0.0000e+00
-6.825 -0.425 0.0000e+00
-6.825 -0.375 0.0000e+00
-6.825 -0.325 0.0000e+00
-6.825 -0.275 0.0000e+00
-6.825 -0.225 0.0000e+00
-6.825 -0.175 0.0000e+00
-6.825 -0.125 0.0000e+00
-6.825 -0.075 0.0000e+00
-6.825 -0.025 0.0000e+00
-6.825 0.025 0.0000e+00
-6.825 0.075 0.0000e+00
-6.825 0.125 0.0000e+00
-6.825 0.175 0.0000e+00
-6.825 0.225 0.0000e+00
-6.825 0.275 0.0000e+00
-6.825 0.325 0.0000e+00
-6.825 0.375 0.0000e+00
-6.825 0.425 0.0000e+00
-6.825 0.475 0.0000e+00
-6.825 0.525 0.0000e+00
-6.825 0.575 0.0000e+00
-6.825 0.625 0.0000e+00
-6.825 0.675 0.0000e+00
-6.825 0.725 0.0000e+00
-6.825 0.775 0.0000e+00
-6.825 0.825 0.0000e+00
-6.825 0.875 0.0000e+00
-6.825 0.925 0.0000e+00
-6.825 0.975 0.0000e+00
-6.825 1.025 0.0000e+00
-6.825 1.075 0.0000e+00
-6.825 1.125 0.0000e+00
-6.825 1.175 0.0000e+00
-6.825 1.225 3.8249e-23
-6.825 1.275 7.6408e-23
-6.825 1.325 1.5266e-22
-6.825 1.375 3.0505e-22
-6.825 1.425 6.0968e-22
-6.825 1.475 1.2188e-21
-6.825 1.525 2.4369e-21
-6.825 1.575 4.8739e-21
-6.825 1.625 9.7507e-21
-6.825 1.675 1.9514e-20
-6.825 1.725 3.9067e-20
-6.825 1.775 7.8243e-20
-6.825 1.825 1.5678e-19
-6.825 1.875 3.1432e-19
-6.825 1.925 6.3051e-19
-6.825 1.975 1.2656e-18
-6.825 2.025 2.5424e-18
-6.825 2.075 5.1115e-18
-6.825 2.125 1.0286e-17
-6.825 2.175 2.0722e-17
-6.825 2.225 4.1795e-17
-6.825 2.275 8.4411e-17
-6.825 2.325 1.7074e-16
-6.825 2.375 3.4595e-16
-6.825 2.425 7.0232e-16
-6.825 2.475 1.4289e-15
-6.825 2.525 2.9145e-15
-6.825 2.575 5.9611e-15
-6.825 2.625 1.2231e-14
-6.825 2.675 2.5188e-14
-6.825 2.725 5.2082e-14
-6.825 2.775 1.0820e-13
-6.825 2.825 2.2598e-13
-6.825 2.875 4.7486e-13
-6.825 2.925 1.0049e-12
-6.825 2.975 2.1436e-12
-6.825 3.025 4.6157e-12
-6.825 3.075 1.0046e-11
-6.825 3.125 2.2142e-11
-6.825 3.175 4.9523e-11
-6.825 3.225 1.1270e-10
-6.825 3.275 2.6178e-10
-6.825 3.325 6.2322e-10
-6.825 3.375 1.5285e-09
-6.825 3.425 3.8880e-09
-6.825 3.475 1.0350e-08
-6.825 3.525 2.9191e-08
-6.825 3.575 8.8785e-08
-6.825 3.625 2.9902e-07
-6.825 3.675 1.1629e-06
-6.825 3.725 5.6028e-06
-6.825 3.775 3.7666e-05
-6.825 3.825 4.3320e-04
-6.825 3.875 0.0000e+00
-6.825 3.925 0.0000e+00
-6.825 3.975 0.0000e+00
-6.775 -1.975 0.0000e+00
-6.775 -1.925 0.0000e+00
-6.775 -1.875 0.0000e+00
-6.775 -1.825 0.0000e+00
-6.775 -1.775 0.0000e+00
-6.775 -1.725 0.0000e+00
-6.775 -1.675 0.0000e+00
-6.775 -1.625 0.0000e+00
-6.775 -1.575 0.0000e+00
-6.775 -1.525 0.0000e+00
-6.775 -1.475 0.0000e+00
-6.775 -1.425 0.0000e+00
-6.775 -1.375 0.0000e+00
-6.775 -1.325 0.0000e+00
-6.775 -1.275 0.0000e+00
-6.775 -1.225 0.0000e+00
-6.775 -1.175 0.0000e+00
-6.775 -1.125 0.0000e+00
-6.775 -1.075 0.0000e+00
-6.775 -1.025 0.0000e+00
-6.775 -0.975 0.0000e+00
-6.775 -0.925 0.0000e+00
-6.775 -0.875 0.0000e+00
-6.775 -0.825 0.0000e+00
-6.775 -0.775 0.0000e+00
-6.775 -0.725 0.0000e+00
-6.775 -0.675 0.0000e+00
-6.775 -0.625 0.0000e+00
-6.775 -0.575 0.0000e+00
-6.775 -0.525 0.0000e+00
-6.775 -0.475 0.0000e+00
-6.775 -0.425 0.0000e+00
-6.775 -0.375 0.0000e+00
-6.775 -0.325 0.0000e+00
-6.775 -0.275 0.0000e+00
-6.775 -0.225 0.0000e+00
-6.775 -0.175 0.0000e+00
-6.775 -0.125 0.0000e+00
-6.775 -0.075 0.0000e+00
-6.775 -0.025 0.0000e+00
-6.775 0.025 0.0000e+00
-6.775 0.075 0.0000e+00
-6.775 0.125 0.0000e+00
-6.775 0.175 0.0000e+00
-6.775 0.225 0.0000e+00
-6.775 0.275 0.0000e+00
-6.775 0.325 0.0000e+00
-6.775 0.375 0.0000e+00
-6.775 0.425 0.0000e+00
-6.775 0.475 0.0000e+00
-6.775 0.525 0.0000e+00
-6.775 0.575 0.0000e+00
-6.775 0.625 0.0000e+00
-6.775 0.675 0.0000e+00
-6.775 0.725 0.0000e+00
-6.775 0.775 0.0000e+00
-6.775 0.825 0.0000e+00
-6.775 0.875 0.0000e+00
-6.775 0.925 0.0000e+00
-6.775 0.975 0.0000e+00
-6.775 1.025 0.0000e+00
-6.775 1.075 0.0000e+00
-6.775 1.125 0.0000e+00
-6.775 1.175 0.0000e+00
-6.775 1.225 4.8153e-23
-6.775 1.275 9.6192e-23
-6.775 1.325 1.9218e-22
-6.775 1.375 3.8403e-22
-6.775 1.425 7.6754e-22
-6.775 1.475 1.5343e-21
-6.775 1.525 3.0679e-21
-6.775 1.575 6.1359e-21
-6.775 1.625 1.2275e-20
-6.775 1.675 2.4566e-20
-6.775 1.725 4.9182e-20
-6.775 1.775 9.8503e-20
-6.775 1.825 1.9738e-19
-6.775 1.875 3.9570e-19
-6.775 1.925 7.9377e-19
-6.775 1.975 1.5933e-18
-6.775 2.025 3.2007e-18
-6.775 2.075 6.4350e-18
-6.775 2.125 1.2950e-17
-6.775 2.175 2.6087e-17
-6.775 2.225 5.2617e-17
-6.775 2.275 1.0627e-16
-6.775 2.325 2.1495e-16
-6.775 2.375 4.3553e-16
-6.775 2.425 8.8417e-16
-6.775 2.475 1.7989e-15
-6.775 2.525 3.6691e-15
-6.775 2.575 7.5045e-15
-6.775 2.625 1.5398e-14
-6.775 2.675 3.1709e-14
-6.775 2.725 6.5567e-14
-6.775 2.775 1.3621e-13
-6.775 2.825 2.8449e-13
-6.775 2.875 5.9781e-13
-6.775 2.925 1.2651e-12
-6.775 2.975 2.6987e-12
-6.775 3.025 5.8108e-12
-6.775 3.075 1.2647e-11
-6.775 3.125 2.7875e-11
-6.775 3.175 6.2346e-11
-6.775 3.225 1.4188e-10
-6.775 3.275 3.2956e-10
-6.775 3.325 7.8459e-10
-6.775 3.375 1.9243e-09
-6.775 3.425 4.8947e-09
-6.775 3.475 1.3030e-08
-6.775 3.525 3.6749e-08
-6.775 3.575 1.1177e-07
-6.775 3.625 3.7645e-07
-6.775 3.675 1.4641e-06
-6.775 3.725 7.0535e-06
-6.775 3.775 4.7418e-05
-6.775 3.825 5.4537e-04
-6.775 3.875 0.0000e+00
-6.775 3.925 0.0000e+00
-6.775 3.975 0.0000e+00
-6.725 -1.975 0.0000e+00
-6.725 -1.925 0.0000e+00
-6.725 -1.875 0.0000e+00
-6.725 -1.825 0.0000e+00
-6.725 -1.775 0.0000e+00
-6.725 -1.725 0.0000e+00
-6.725 -1.675 0.0000e+00
-6.725 -1.625 0.0000e+00
-6.725 -1.575 0.0000e+00
-6.725 -1.525 0.0000e+00
-6.725 -1.475 0.0000e+00
-6.725 -1.425 0.0000e+00
-6.725 -1.375 0.0000e+00
-6.725 -1.325 0.0000e+00
-6.725 -1.275 0.0000e+00
-6.725 -1.225 0.0000e+00
-6.725 -1.175 0.0000e+00
-6.725 -1.125 0.0000e+00
-6.725 -1.075 0.0000e+00
-6.725 -1.025 0.0000e+00
-6.725 -0.975 0.0000e+00
-6.725 -0.925 0.0000e+00
-6.725 -0.875 0.0000e+00
-6.725 -0.825 0.0000e+00
-6.725 -0.775 0.0000e+00
-6.725 -0.725 0.0000e+00
-6.725 -0.675 0.0000e+00
-6.725 -0.625 0.0000e+00
-6.725 -0.575 0.0000e+00
-6.725 -0.525 0.0000e+00
-6.725 -0.475 0.0000e+00
-6.725 -0.425 0.0000e+00
-6.725 -0.375 0.0000e+00
-6.725 -0.325 0.0000e+00
-6.725 -0.275 0.0000e+00
-6.725 -0.225 0.0000e+00
-6.725 -0.175 0.0000e+00
-6.725 -0.125 0.0000e+00
-6.725 -0.075 0.0000e+00
-6.725 -0.025 0.0000e+00
-6.725 0.025 0.0000e+00
-6.725 0.075 0.0000e+00
-6.725 0.125 0.0000e+00
-6.725 0.175 0.0000e+00
-6.725 0.225 0.0000e+00
-6.725 0.275 0.0000e+00
-6.725 0.325 0.0000e+00
-6.725 0.375 0.0000e+00
-6.725 0.425 0.0000e+00
-6.725 0.475 0.0000e+00
-6.725 0.525 0.0000e+00
-6.725 0.575 0.0000e+00
-6.725 0.625 0.0000e+00
-6.725 0.675 0.0000e+00
-6.725 0.725 0.0000e+00
-6.725 0.775 0.0000e+00
-6.725 0.825 0.0000e+00
-6.725 0.875 0.0000e+00
-6.725 0.925 0.0000e+00
-6.725 0.975 0.0000e+00
-6.725 1.025 0.0000e+00
-6.725 1.075 0.0000e+00
-6.725 1.125 0.0000e+00
-6.725 1.175 0.0000e+00
-6.725 1.225 6.0621e-23
-6.725 1.275 1.2110e-22
-6.725 1.325 2.4195e-22
-6.725 1.375 4.8347e-22
-6.725 1.425 9.6627e-22
-6.725 1.475 1.9316e-21
-6.725 1.525 3.8623e-21
-6.725 1.575 7.7246e-21
-6.725 1.625 1.5454e-20
-6.725 1.675 3.0927e-20
-6.725 1.725 6.1916e-20
-6.725 1.775 1.2401e-19
-6.725 1.825 2.4848e-19
-6.725 1.875 4.9816e-19
-6.725 1.925 9.9930e-19
-6.725 1.975 2.0059e-18
-6.725 2.025 4.0295e-18
-6.725 2.075 8.1012e-18
-6.725 2.125 1.6303e-17
-6.725 2.175 3.2842e-17
-6.725 2.225 6.6240e-17
-6.725 2.275 1.3378e-16
-6.725 2.325 2.7060e-16
-6.725 2.375 5.4830e-16
-6.725 2.425 1.1131e-15
-6.725 2.475 2.2647e-15
-6.725 2.525 4.6191e-15
-6.725 2.575 9.4476e-15
-6.725 2.625 1.9385e-14
-6.725 2.675 3.9920e-14
-6.725 2.725 8.2544e-14
-6.725 2.775 1.7148e-13
-6.725 2.825 3.5815e-13
-6.725 2.875 7.5260e-13
-6.725 2.925 1.5926e-12
-6.725 2.975 3.3974e-12
-6.725 3.025 7.3153e-12
-6.725 3.075 1.5922e-11
-6.725 3.125 3.5092e-11
-6.725 3.175 7.8488e-11
-6.725 3.225 1.7861e-10
-6.725 3.275 4.1490e-10
-6.725 3.325 9.8774e-10
-6.725 3.375 2.4225e-09
-6.725 3.425 6.1621e-09
-6.725 3.475 1.6403e-08
-6.725 3.525 4.6265e-08
-6.725 3.575 1.4071e-07
-6.725 3.625 4.7392e-07
-6.725 3.675 1.8431e-06
-6.725 3.725 8.8799e-06
-6.725 3.775 5.9696e-05
-6.725 3.825 6.8658e-04
-6.725 3.875 0.0000e+00
-6.725 3.925 0.0000e+00
-6.725 3.975 0.0000e+00
-6.675 -1.975 0.0000e+00
-6.675 -1.925 0.0000e+00
-6.675 -1.875 0.0000e+00
-6.675 -1.825 0.0000e+00
-6.675 -1.775 0.0000e+00
-6.675 -1.725 0.0000e+00
-6.675 -1.675 0.0000e+00
-6.675 -1.625 0.0000e+00
-6.675 -1.575 0.0000e+00
-6.675 -1.525 0.0000e+00
-6.675 -1.475 0.0000e+00
-6.675 -1.425 0.0000e+00
-6.675 -1.375 0.0000e+00
-6.675 -1.325 0.0000e+00
-6.675 -1.275 0.0000e+00
-6.675 -1.225 0.0000e+00
-6.675 -1.175 0.0000e+00
-6.675 -1.125 0.0000e+00
-6.675 -1.075 0.0000e+00
-6.675 -1.025 0.0000e+00
-6.675 -0.975 0.0000e+00
-6.675 -0.925 0.0000e+00
-6.675 -0.875 0.0000e+00
-6.675 -0.825 0.0000e+00
-6.675 -0.775 0.0000e+00
-6.675 -0.725 0.0000e+00
-6.675 -0.675 0.0000e+00
-6.675 -0.625 0.0000e+00
-6.675 -0.575 0.0000e+00
-6.675 -0.525 0.0000e+00
-6.675 -0.475 0.0000e+00
-6.675 -0.425 0.0000e+00
-6.675 -0.375 0.0000e+00
-6.675 -0.325 0.0000e+00
-6.675 -0.275 0.0000e+00
-6.675 -0.225 0.0000e+00
-6.675 -0.175 0.0000e+00
-6.675 -0.125 0.0000e+00
-6.675 -0.075 0.0000e+00
-6.675 -0.025 0.0000e+00
-6.675 0.025 0.0000e+00
-6.675 0.075 0.0000e+00
-6.675 0.125 0.0000e+00
-6.675 0.175 0.0000e+00
-6.675 0.225 0.0000e+00
-6.675 0.275 0.0000e+00
-6.675 0.325 0.0000e+00
-6.675 0.375 0.0000e+00
-6.675 0.425 0.0000e+00
-6.675 0.475 0.0000e+00
-6.675 0.525 0.0000e+00
-6.675 0.575 0.0000e+00
-6.675 0.625 0.0000e+00
-6.675 0.675 0.0000e+00
-6.675 0.725 0.0000e+00
-6.675 0.775 0.0000e+00
-6.675 0.825 0.0000e+00
-6.675 0.875 0.0000e+00
-6.675 0.925 0.0000e+00
-6.675 0.975 0.0000e+00
-6.675 1.025 0.0000e+00
-6.675 1.075 0.0000e+00
-6.675 1.125 0.0000e+00
-6.675 1.175 0.0000e+00
-6.675 1.225 7.6317e-23
-6.675 1.275 1.5245e-22
-6.675 1.325 3.0459e-22
-6.675 1.375 6.0865e-22
-6.675 1.425 1.2165e-21
-6.675 1.475 2.4318e-21
-6.675 1.525 4.8623e-21
-6.675 1.575 9.7247e-21
-6.675 1.625 1.9455e-20
-6.675 1.675 3.8935e-20
-6.675 1.725 7.7948e-20
-6.675 1.775 1.5612e-19
-6.675 1.825 3.1282e-19
-6.675 1.875 6.2714e-19
-6.675 1.925 1.2580e-18
-6.675 1.975 2.5253e-18
-6.675 2.025 5.0728e-18
-6.675 2.075 1.0199e-17
-6.675 2.125 2.0524e-17
-6.675 2.175 4.1346e-17
-6.675 2.225 8.3392e-17
-6.675 2.275 1.6842e-16
-6.675 2.325 3.4067e-16
-6.675 2.375 6.9026e-16
-6.675 2.425 1.4013e-15
-6.675 2.475 2.8511e-15
-6.675 2.525 5.8151e-15
-6.675 2.575 1.1894e-14
-6.675 2.625 2.4405e-14
-6.675 2.675 5.0256e-14
-6.675 2.725 1.0392e-13
-6.675 2.775 2.1588e-13
-6.675 2.825 4.5088e-13
-6.675 2.875 9.4747e-13
-6.675 2.925 2.0050e-12
-6.675 2.975 4.2771e-12
-6.675 3.025 9.2095e-12
-6.675 3.075 2.0045e-11
-6.675 3.125 4.4179e-11
-6.675 3.175 9.8811e-11
-6.675 3.225 2.2486e-10
-6.675 3.275 5.2232e-10
-6.675 3.325 1.2435e-09
-6.675 3.375 3.0497e-09
-6.675 3.425 7.7576e-09
-6.675 3.475 2.0651e-08
-6.675 3.525 5.8244e-08
-6.675 3.575 1.7715e-07
-6.675 3.625 5.9663e-07
-6.675 3.675 2.3204e-06
-6.675 3.725 1.1179e-05
-6.675 3.775 7.5153e-05
-6.675 3.825 8.6435e-04
-6.675 3.875 0.0000e+00
-6.675 3.925 0.0000e+00
-6.675 3.975 0.0000e+00
-6.625 -1.975 0.0000e+00
-6.625 -1.925 0.0000e+00
-6.625 -1.875 0.0000e+00
-6.625 -1.825 0.0000e+00
-6.625 -1.775 0.0000e+00
-6.625 -1.725 0.0000e+00
-6.625 -1.675 0.0000e+00
-6.625 -1.625 0.0000e+00
-6.625 -1.575 0.0000e+00
-6.625 -1.525 0.0000e+00
-6.625 -1.475 0.0000e+00
-6.625 -1.425 0.0000e+00
-6.625 -1.375 0.0000e+00
-6.625 -1.325 0.0000e+00
-6.625 -1.275 0.0000e+00
-6.625 -1.225 0.0000e+00
-6.625 -1.175 0.0000e+00
-6.625 -1.125 0.0000e+00
-6.625 -1.075 0.0000e+00
-6.625 -1.025 0.0000e+00
-6.625 -0.975 0.0000e+00
-6.625 -0.925 0.0000e+00
-6.625 -0.875 0.0000e+00
-6.625 -0.825 0.0000e+00
-6.625 -0.775 0.0000e+00
-6.625 -0.725 0.0000e+00
-6.625 -0.675 0.0000e+00
-6.625 -0.625 0.0000e+00
-6.625 -0.575 0.0000e+00
-6.625 -0.525 0.0000e+00
-6.625 -0.475 0.0000e+00
-6.625 -0.425 0.0000e+00
-6.625 -0.375 0.0000e+00
-6.625 -0.325 0.0000e+00
-6.625 -0.275 0.0000e+00
-6.625 -0.225 0.0000e+00
-6.625 -0.175 0.0000e+00
-6.625 -0.125 0.0000e+00
-6.625 -0.075 0.0000e+00
-6.625 -0.025 0.0000e+00
-6.625 0.025 0.0000e+00
-6.625 0.075 0.0000e+00
-6.625 0.125 0.0000e+00
-6.625 0.175 0.0000e+00
-6.625 0.225 0.0000e+00
-6.625 0.275 0.0000e+00
-6.625 0.325 0.0000e+00
-6.625 0.375 0.0000e+00
-6.625 0.425 0.0000e+00
-6.625 0.475 0.0000e+00
-6.625 0.525 0.0000e+00
-6.625 0.575 0.0000e+00
-6.625 0.625 0.0000e+00
-6.625 0.675 0.0000e+00
-6.625 0.725 0.0000e+00
-6.625 0.775 0.0000e+00
-6.625 0.825 0.0000e+00
-6.625 0.875 0.0000e+00
-6.625 0.925 0.0000e+00
-6.625 0.975 0.0000e+00
-6.625 1.025 0.0000e+00
-6.625 1.075 0.0000e+00
-6.625 1.125 0.0000e+00
-6.625 1.175 0.0000e+00
-6.625 1.225 9.6077e-23
-6.625 1.275 1.9193e-22
-6.625 1.325 3.8346e-22
-6.625 1.375 7.6625e-22
-6.625 1.425 1.5314e-21
-6.625 1.475 3.0614e-21
-6.625 1.525 6.1213e-21
-6.625 1.575 1.2243e-20
-6.625 1.625 2.4493e-20
-6.625 1.675 4.9016e-20
-6.625 1.725 9.8131e-20
-6.625 1.775 1.9654e-19
-6.625 1.825 3.9382e-19
-6.625 1.875 7.8952e-19
-6.625 1.925 1.5838e-18
-6.625 1.975 3.1791e-18
-6.625 2.025 6.3863e-18
-6.625 2.075 1.2840e-17
-6.625 2.125 2.5838e-17
-6.625 2.175 5.2051e-17
-6.625 2.225 1.0498e-16
-6.625 2.275 2.1203e-16
-6.625 2.325 4.2888e-16
-6.625 2.375 8.6899e-16
-6.625 2.425 1.7642e-15
-6.625 2.475 3.5893e-15
-6.625 2.525 7.3208e-15
-6.625 2.575 1.4974e-14
-6.625 2.625 3.0724e-14
-6.625 2.675 6.3268e-14
-6.625 2.725 1.3082e-13
-6.625 2.775 2.7178e-13
-6.625 2.825 5.6763e-13
-6.625 2.875 1.1928e-12
-6.625 2.925 2.5241e-12
-6.625 2.975 5.3846e-12
-6.625 3.025 1.1594e-11
-6.625 3.075 2.5235e-11
-6.625 3.125 5.5618e-11
-6.625 3.175 1.2440e-10
-6.625 3.225 2.8308e-10
-6.625 3.275 6.5756e-10
-6.625 3.325 1.5655e-09
-6.625 3.375 3.8394e-09
-6.625 3.425 9.7663e-09
-6.625 3.475 2.5998e-08
-6.625 3.525 7.3325e-08
-6.625 3.575 2.2302e-07
-6.625 3.625 7.5111e-07
-6.625 3.675 2.9212e-06
-6.625 3.725 1.4074e-05
-6.625 3.775 9.4612e-05
-6.625 3.825 1.0882e-03
-6.625 3.875 0.0000e+00
-6.625 3.925 0.0000e+00
-6.625 3.975 0.0000e+00
-6.575 -1.975 0.0000e+00
-6.575 -1.925 0.0000e+00
-6.575 -1.875 0.0000e+00
-6.575 -1.825 0.0000e+00
-6.575 -1.775 0.0000e+00
-6.575 -1.725 0.0000e+00
-6.575 -1.675 0.0000e+00
-6.575 -1.625 0.0000e+00
-6.575 -1.575 0.0000e+00
-6.575 -1.525 0.0000e+00
-6.575 -1.475 0.0000e+00
-6.575 -1.425 0.0000e+00
-6.575 -1.375 0.0000e+00
-6.575 -1.325 0.0000e+00
-6.575 -1.275 0.0000e+00
-6.575 -1.225 0.0000e+00
-6.575 -1.175 0.0000e+00
-6.575 -1.125 0.0000e+00
-6.575 -1.075 0.0000e+00
-6.575 -1.025 0.0000e+00
-6.575 -0.975 0.0000e+00
-6.575 -0.925 0.0000e+00
-6.575 -0.875 0.0000e+00
-6.575 -0.825 0.0000e+00
-6.575 -0.775 0.0000e+00
-6.575 -0.725 0.0000e+00
-6.575 -0.675 0.0000e+00
-6.575 -0.625 0.0000e+00
-6.575 -0.575 0.0000e+00
-6.575 -0.525 0.0000e+00
-6.575 -0.475 0.0000e+00
-6.575 -0.425 0.0000e+00
-6.575 -0.375 0.0000e+00
-6.575 -0.325 0.0000e+00
-6.575 -0.275 0.0000e+00
-6.575 -0.225 0.0000e+00
-6.575 -0.175 0.0000e+00
-6.575 -0.125 0.0000e+00
-6.575 -0.075 0.0000e+00
-6.575 -0.025 0.0000e+00
-6.575 0.025 0.0000e+00
-6.575 0.075 0.0000e+00
-6.575 0.125 0.0000e+00
-6.575 0.175 0.0000e+00
-6.575 0.225 0.0000e+00
-6.575 0.275 0.0000e+00
-6.575 0.325 0.0000e+00
-6.575 0.375 0.0000e+00
-6.575 0.425 0.0000e+00
-6.575 0.475 0.0000e+00
-6.575 0.525 0.0000e+00
-6.575 0.575 0.0000e+00
-6.575 0.625 0.0000e+00
-6.575 0.675 0.0000e+00
-6.575 0.725 0.0000e+00
-6.575 0.775 0.0000e+00
-6.575 0.825 0.0000e+00
-6.575 0.875 0.0000e+00
-6.575 0.925 0.0000e+00
-6.575 0.975 0.0000e+00
-6.575 1.025 0.0000e+00
-6.575 1.075 0.0000e+00
-6.575 1.125 0.0000e+00
-6.575 1.175 0.0000e+00
-6.575 1.225 1.2095e-22
-6.575 1.275 2.4162e-22
-6.575 1.325 4.8274e-22
-6.575 1.375 9.6465e-22
-6.575 1.425 1.9280e-21
-6.575 1.475 3.8541e-21
-6.575 1.525 7.7062e-21
-6.575 1.575 1.5413e-20
-6.575 1.625 3.0835e-20
-6.575 1.675 6.1708e-20
-6.575 1.725 1.2354e-19
-6.575 1.775 2.4743e-19
-6.575 1.825 4.9578e-19
-6.575 1.875 9.9395e-19
-6.575 1.925 1.9939e-18
-6.575 1.975 4.0023e-18
-6.575 2.025 8.0398e-18
-6.575 2.075 1.6164e-17
-6.575 2.125 3.2528e-17
-6.575 2.175 6.5529e-17
-6.575 2.225 1.3217e-16
-6.575 2.275 2.6693e-16
-6.575 2.325 5.3993e-16
-6.575 2.375 1.0940e-15
-6.575 2.425 2.2209e-15
-6.575 2.475 4.5187e-15
-6.575 2.525 9.2163e-15
-6.575 2.575 1.8851e-14
-6.575 2.625 3.8679e-14
-6.575 2.675 7.9650e-14
-6.575 2.725 1.6470e-13
-6.575 2.775 3.4215e-13
-6.575 2.825 7.1460e-13
-6.575 2.875 1.5016e-12
-6.575 2.925 3.1777e-12
-6.575 2.975 6.7788e-12
-6.575 3.025 1.4596e-11
-6.575 3.075 3.1769e-11
-6.575 3.125 7.0018e-11
-6.575 3.175 1.5660e-10
-6.575 3.225 3.5638e-10
-6.575 3.275 8.2783e-10
-6.575 3.325 1.9708e-09
-6.575 3.375 4.8335e-09
-6.575 3.425 1.2295e-08
-6.575 3.475 3.2729e-08
-6.575 3.525 9.2310e-08
-6.575 3.575 2.8076e-07
-6.575 3.625 9.4559e-07
-6.575 3.675 3.6776e-06
-6.575 3.725 1.7718e-05
-6.575 3.775 1.1911e-04
-6.575 3.825 1.3699e-03
-6.575 3.875 0.0000e+00
-6.575 3.925 0.0000e+00
-6.575 3.975 0.0000e+00
-6.525 -1.975 0.0000e+00
-6.525 -1.925 0.0000e+00
-6.525 -1.875 0.0000e+00
-6.525 -1.825 0.0000e+00
-6.525 -1.775 0.0000e+00
-6.525 -1.725 0.0000e+00
-6.525 -1.675 0.0000e+00
-6.525 -1.625 0.0000e+00
-6.525 -1.575 0.0000e+00
-6.525 -1.525 0.0000e+00
-6.525 -1.475 0.0000e+00
-6.525 -1.425 0.0000e+00
-6.525 -1.375 0.0000e+00
-6.525 -1.325 0.0000e+00
-6.525 -1.275 0.0000e+00
-6.525 -1.225 0.0000e+00
-6.525 -1.175 0.0000e+00
-6.525 -1.125 0.0000e+00
-6.525 -1.075 0.0000e+00
-6.525 -1.025 0.0000e+00
-6.525 -0.975 0.0000e+00
-6.525 -0.925 0.0000e+00
-6.525 -0.875 0.0000e+00
-6.525 -0.825 0.0000e+00
-6.525 -0.775 0.0000e+00
-6.525 -0.725 0.0000e+00
-6.525 -0.675 0.0000e+00
-6.525 -0.625 0.0000e+00
-6.525 -0.575 0.0000e+00
-6.525 -0.525 0.0000e+00
-6.525 -0.475 0.0000e+00
-6.525 -0.425 0.0000e+00
-6.525 -0.375 0.0000e+00
-6.525 -0.325 0.0000e+00
-6.525 -0.275 0.0000e+00
-6.525 -0.225 0.0000e+00
-6.525 -0.175 0.0000e+00
-6.525 -0.125 0.0000e+00
-6.525 -0.075 0.0000e+00
-6.525 -0.025 0.0000e+00
-6.525 0.025 0.0000e+00
-6.525 0.075 0.0000e+00
-6.525 0.125 0.0000e+00
-6.525 0.175 0.0000e+00
-6.525 0.225 0.0000e+00
-6.525 0.275 0.0000e+00
-6.525 0.325 0.0000e+00
-6.525 0.375 0.0000e+00
-6.525 0.425 0.0000e+00
-6.525 0.475 0.0000e+00
-6.525 0.525 0.0000e+00
-6.525 0.575 0.0000e+00
-6.525 0.625 0.0000e+00
-6.525 0.675 0.0000e+00
-6.525 0.725 0.0000e+00
-6.525 0.775 0.0000e+00
-6.525 0.825 0.0000e+00
-6.525 0.875 0.0000e+00
-6.525 0.925 0.0000e+00
-6.525 0.975 0.0000e+00
-6.525 1.025 0.0000e+00
-6.525 1.075 0.0000e+00
-6.525 1.125 0.0000e+00
-6.525 1.175 0.0000e+00
-6.525 1.225 1.5227e-22
-6.525 1.275 3.0418e-22
-6.525 1.325 6.0774e-22
-6.525 1.375 1.2144e-21
-6.525 1.425 2.4272e-21
-6.525 1.475 4.8520e-21
-6.525 1.525 9.7016e-21
-6.525 1.575 1.9403e-20
-6.525 1.625 3.8818e-20
-6.525 1.675 7.7686e-20
-6.525 1.725 1.5553e-19
-6.525 1.775 3.1149e-19
-6.525 1.825 6.2416e-19
-6.525 1.875 1.2513e-18
-6.525 1.925 2.5101e-18
-6.525 1.975 5.0386e-18
-6.525 2.025 1.0122e-17
-6.525 2.075 2.0349e-17
-6.525 2.125 4.0951e-17
-6.525 2.175 8.2496e-17
-6.525 2.225 1.6639e-16
-6.525 2.275 3.3605e-16
-6.525 2.325 6.7973e-16
-6.525 2.375 1.3773e-15
-6.525 2.425 2.7960e-15
-6.525 2.475 5.6886e-15
-6.525 2.525 1.1603e-14
-6.525 2.575 2.3731e-14
-6.525 2.625 4.8693e-14
-6.525 2.675 1.0027e-13
-6.525 2.725 2.0734e-13
-6.525 2.775 4.3074e-13
-6.525 2.825 8.9963e-13
-6.525 2.875 1.8905e-12
-6.525 2.925 4.0004e-12
-6.525 2.975 8.5340e-12
-6.525 3.025 1.8375e-11
-6.525 3.075 3.9994e-11
-6.525 3.125 8.8148e-11
-6.525 3.175 1.9715e-10
-6.525 3.225 4.4866e-10
-6.525 3.275 1.0422e-09
-6.525 3.325 2.4811e-09
-6.525 3.375 6.0850e-09
-6.525 3.425 1.5478e-08
-6.525 3.475 4.1204e-08
-6.525 3.525 1.1621e-07
-6.525 3.575 3.5346e-07
-6.525 3.625 1.1904e-06
-6.525 3.675 4.6298e-06
-6.525 3.725 2.2305e-05
-6.525 3.775 1.4995e-04
-6.525 3.825 1.7246e-03
-6.525 3.875 0.0000e+00
-6.525 3.925 0.0000e+00
-6.525 3.975 0.0000e+00
-6.475 -1.975 0.0000e+00
-6.475 -1.925 0.0000e+00
-6.475 -1.875 0.0000e+00
-6.475 -1.825 0.0000e+00
-6.475 -1.775 0.0000e+00
-6.475 -1.725 0.0000e+00
-6.475 -1.675 0.0000e+00
-6.475 -1.625 0.0000e+00
-6.475 -1.575 0.0000e+00
-6.475 -1.525 0.0000e+00
-6.475 -1.475 0.0000e+00
-6.475 -1.425 0.0000e+00
-6.475 -1.375 0.0000e+00
-6.475 -1.325 0.0000e+00
-6.475 -1.275 0.0000e+00
-6.475 -1.225 0.0000e+00
-6.475 -1.175 0.0000e+00
-6.475 -1.125 0.0000e+00
-6.475 -1.075 0.0000e+00
-6.475 -1.025 0.0000e+00
-6.475 -0.975 0.0000e+00
-6.475 -0.925 0.0000e+00
-6.475 -0.875 0.0000e+00
-6.475 -0.825 0.0000e+00
-6.475 -0.775 0.0000e+00
-6.475 -0.725 0.0000e+00
-6.475 -0.675 0.0000e+00
-6.475 -0.625 0.0000e+00
-6.475 -0.575 0.0000e+00
-6.475 -0.525 0.0000e+00
-6.475 -0.475 0.0000e+00
-6.475 -0.425 0.0000e+00
-6.475 -0.375 0.0000e+00
-6.475 -0.325 0.0000e+00
-6.475 -0.275 0.0000e+00
-6.475 -0.225 0.0000e+00
-6.475 -0.175 0.0000e+00
-6.475 -0.125 0.0000e+00
-6.475 -0.075 0.0000e+00
-6.475 -0.025 0.0000e+00
-6.475 0.025 0.0000e+00
-6.475 0.075 0.0000e+00
-6.475 0.125 0.0000e+00
-6.475 0.175 0.0000e+00
-6.475 0.225 0.0000e+00
-6.475 0.275 0.0000e+00
-6.475 0.325 0.0000e+00
-6.475 0.375 0.0000e+00
-6.475 0.425 0.0000e+00
-6.475 0.475 0.0000e+00
-6.475 0.525 0.0000e+00
-6.475 0.575 0.0000e+00
-6.475 0.625 0.0000e+00
-6.475 0.675 0.0000e+00
-6.475 0.725 0.0000e+00
-6.475 0.775 0.0000e+00
-6.475 0.825 0.0000e+00
-6.475 0.875 0.0000e+00
-6.475 0.925 0.0000e+00
-6.475 0.975 0.0000e+00
-6.475 1.025 0.0000e+00
-6.475 1.075 0.0000e+00
-6.475 1.125 0.0000e+00
-6.475 1.175 0.0000e+00
-6.475 1.225 1.9170e-22
-6.475 1.275 3.8295e-22
-6.475 1.325 7.6510e-22
-6.475 1.375 1.5289e-21
-6.475 1.425 3.0556e-21
-6.475 1.475 6.1083e-21
-6.475 1.525 1.2214e-20
-6.475 1.575 2.4427e-20
-6.475 1.625 4.8869e-20
-6.475 1.675 9.7800e-20
-6.475 1.725 1.9580e-19
-6.475 1.775 3.9215e-19
-6.475 1.825 7.8577e-19
-6.475 1.875 1.5753e-18
-6.475 1.925 3.1600e-18
-6.475 1.975 6.3432e-18
-6.475 2.025 1.2742e-17
-6.475 2.075 2.5618e-17
-6.475 2.125 5.1554e-17
-6.475 2.175 1.0386e-16
-6.475 2.225 2.0947e-16
-6.475 2.275 4.2306e-16
-6.475 2.325 8.5572e-16
-6.475 2.375 1.7339e-15
-6.475 2.425 3.5200e-15
-6.475 2.475 7.1616e-15
-6.475 2.525 1.4607e-14
-6.475 2.575 2.9876e-14
-6.475 2.625 6.1301e-14
-6.475 2.675 1.2624e-13
-6.475 2.725 2.6103e-13
-6.475 2.775 5.4227e-13
-6.475 2.825 1.1326e-12
-6.475 2.875 2.3799e-12
-6.475 2.925 5.0363e-12
-6.475 2.975 1.0744e-11
-6.475 3.025 2.3133e-11
-6.475 3.075 5.0350e-11
-6.475 3.125 1.1097e-10
-6.475 3.175 2.4820e-10
-6.475 3.225 5.6482e-10
-6.475 3.275 1.3120e-09
-6.475 3.325 3.1235e-09
-6.475 3.375 7.6606e-09
-6.475 3.425 1.9486e-08
-6.475 3.475 5.1872e-08
-6.475 3.525 1.4630e-07
-6.475 3.575 4.4498e-07
-6.475 3.625 1.4987e-06
-6.475 3.675 5.8285e-06
-6.475 3.725 2.8081e-05
-6.475 3.775 1.8877e-04
-6.475 3.825 2.1712e-03
-6.475 3.875 0.0000e+00
-6.475 3.925 0.0000e+00
-6.475 3.975 0.0000e+00
-6.425 -1.975 0.0000e+00
-6.425 -1.925 0.0000e+00
-6.425 -1.875 0.0000e+00
-6.425 -1.825 0.0000e+00
-6.425 -1.775 0.0000e+00
-6.425 -1.725 0.0000e+00
-6.425 -1.675 0.0000e+00
-6.425 -1.625 0.0000e+00
-6.425 -1.575 0.0000e+00
-6.425 -1.525 0.0000e+00
-6.425 -1.475 0.0000e+00
-6.425 -1.425 0.0000e+00
-6.425 -1.375 0.0000e+00
-6.425 -1.325 0.0000e+00
-6.425 -1.275 0.0000e+00
-6.425 -1.225 0.0000e+00
-6.425 -1.175 0.0000e+00
-6.425 -1.125 0.0000e+00
-6.425 -1.075 0.0000e+00
-6.425 -1.025 0.0000e+00
-6.425 -0.975 0.0000e+00
-6.425 -0.925 0.0000e+00
-6.425 -0.875 0.0000e+00
-6.425 -0.825 0.0000e+00
-6.425 -0.775 0.0000e+00
-6.425 -0.725 0.0000e+00
-6.425 -0.675 0.0000e+00
-6.425 -0.625 0.0000e+00
-6.425 -0.575 0.0000e+00
-6.425 -0.525 0.0000e+00
-6.425 -0.475 0.0000e+00
-6.425 -0.425 0.0000e+00
-6.425 -0.375 0.0000e+00
-6.425 -0.325 0.0000e+00
-6.425 -0.275 0.0000e+00
-6.425 -0.225 0.0000e+00
-6.425 -0.175 0.0000e+00
-6.425 -0.125 0.0000e+00
-6.425 -0.075 0.0000e+00
-6.425 -0.025 0.0000e+00
-6.425 0.025 0.0000e+00
-6.425 0.075 0.0000e+00
-6.425 0.125 0.0000e+00
-6.425 0.175 0.0000e+00
-6.425 0.225 0.0000e+00
-6.425 0.275 0.0000e+00
-6.425 0.325 0.0000e+00
-6.425 0.375 0.0000e+00
-6.425 0.425 0.0000e+00
-6.425 0.475 0.0000e+00
-6.425 0.525 0.0000e+00
-6.425 0.575 0.0000e+00
-6.425 0.625 0.0000e+00
-6.425 0.675 0.0000e+00
-6.425 0.725 0.0000e+00
-6.425 0.775 0.0000e+00
-6.425 0.825 0.0000e+00
-6.425 0.875 0.0000e+00
-6.425 0.925 0.0000e+00
-6.425 0.975 0.0000e+00
-6.425 1.025 0.0000e+00
-6.425 1.075 0.0000e+00
-6.425 1.125 0.0000e+00
-6.425 1.175 0.0000e+00
-6.425 1.225 2.4133e-22
-6.425 1.275 4.8210e-22
-6.425 1.325 9.6320e-22
-6.425 1.375 1.9247e-21
-6.425 1.425 3.8468e-21
-6.425 1.475 7.6899e-21
-6.425 1.525 1.5376e-20
-6.425 1.575 3.0752e-20
-6.425 1.625 6.1523e-20
-6.425 1.675 1.2312e-19
-6.425 1.725 2.4649e-19
-6.425 1.775 4.9368e-19
-6.425 1.825 9.8922e-19
-6.425 1.875 1.9832e-18
-6.425 1.925 3.9783e-18
-6.425 1.975 7.9856e-18
-6.425 2.025 1.6042e-17
-6.425 2.075 3.2251e-17
-6.425 2.125 6.4902e-17
-6.425 2.175 1.3075e-16
-6.425 2.225 2.6371e-16
-6.425 2.275 5.3260e-16
-6.425 2.325 1.0773e-15
-6.425 2.375 2.1828e-15
-6.425 2.425 4.4314e-15
-6.425 2.475 9.0159e-15
-6.425 2.525 1.8389e-14
-6.425 2.575 3.7612e-14
-6.425 2.625 7.7174e-14
-6.425 2.675 1.5892e-13
-6.425 2.725 3.2861e-13
-6.425 2.775 6.8268e-13
-6.425 2.825 1.4258e-12
-6.425 2.875 2.9962e-12
-6.425 2.925 6.3403e-12
-6.425 2.975 1.3525e-11
-6.425 3.025 2.9123e-11
-6.425 3.075 6.3387e-11
-6.425 3.125 1.3971e-10
-6.425 3.175 3.1247e-10
-6.425 3.225 7.1107e-10
-6.425 3.275 1.6517e-09
-6.425 3.325 3.9322e-09
-6.425 3.375 9.6441e-09
-6.425 3.425 2.4532e-08
-6.425 3.475 6.5303e-08
-6.425 3.525 1.8418e-07
-6.425 3.575 5.6020e-07
-6.425 3.625 1.8867e-06
-6.425 3.675 7.3377e-06
-6.425 3.725 3.5351e-05
-6.425 3.775 2.3765e-04
-6.425 3.825 2.7333e-03
-6.425 3.875 0.0000e+00
-6.425 3.925 0.0000e+00
-6.425 3.975 0.0000e+00
-6.375 -1.975 0.0000e+00
-6.375 -1.925 0.0000e+00
-6.375 -1.875 0.0000e+00
-6.375 -1.825 0.0000e+00
-6.375 -1.775 0.0000e+00
-6.375 -1.725 0.0000e+00
-6.375 -1.675 0.0000e+00
-6.375 -1.625 0.0000e+00
-6.375 -1.575 0.0000e+00
-6.375 -1.525 0.0000e+00
-6.375 -1.475 0.0000e+00
-6.375 -1.425 0.0000e+00
-6.375 -1.375 0.0000e+00
-6.375 -1.325 0.0000e+00
-6.375 -1.275 0.0000e+00
-6.375 -1.225 0.0000e+00
-6.375 -1.175 0.0000e+00
-6.375 -1.125 0.0000e+00
-6.375 -1.075 0.0000e+00
-6.375 -1.025 0.0000e+00
-6.375 -0.975 0.0000e+00
-6.375 -0.925 0.0000e+00
-6.375 -0.875 0.0000e+00
-6.375 -0.825 0.0000e+00
-6.375 -0.775 0.0000e+00
-6.375 -0.725 0.0000e+00
-6.375 -0.675 0.0000e+00
-6.375 -0.625 0.0000e+00
-6.375 -0.575 0.0000e+00
-6.375 -0.525 0.0000e+00
-6.375 -0.475 0.0000e+00
-6.375 -0.425 0.0000e+00
-6.375 -0.375 0.0000e+00
-6.375 -0.325 0.0000e+00
-6.375 -0.275 0.0000e+00
-6.375 -0.225 0.0000e+00
-6.375 -0.175 0.0000e+00
-6.375 -0.125 0.0000e+00
-6.375 -0.075 0.0000e+00
-6.375 -0.025 0.0000e+00
-6.375 0.025 0.0000e+00
-6.375 0.075 0.0000e+00
-6.375 0.125 0.0000e+00
-6.375 0.175 0.0000e+00
-6.375 0.225 0.0000e+00
-6.375 0.275 0.0000e+00
-6.375 0.325 0.0000e+00
-6.375 0.375 0.0000e+00
-6.375 0.425 0.0000e+00
-6.375 0.475 0.0000e+00
-6.375 0.525 0.0000e+00
-6.375 0.575 0.0000e+00
-6.375 0.625 0.0000e+00
-6.375 0.675 0.0000e+00
-6.375 0.725 0.0000e+00
-6.375 0.775 0.0000e+00
-6.375 0.825 0.0000e+00
-6.375 0.875 0.0000e+00
-6.375 0.925 0.0000e+00
-6.375 0.975 0.0000e+00
-6.375 1.025 0.0000e+00
-6.375 1.075 0.0000e+00
-6.375 1.125 0.0000e+00
-6.375 1.175 0.0000e+00
-6.375 1.225 3.0382e-22
-6.375 1.275 6.0693e-22
-6.375 1.325 1.2126e-21
-6.375 1.375 2.4231e-21
-6.375 1.425 4.8428e-21
-6.375 1.475 9.6810e-21
-6.375 1.525 1.9357e-20
-6.375 1.575 3.8715e-20
-6.375 1.625 7.7453e-20
-6.375 1.675 1.5500e-19
-6.375 1.725 3.1032e-19
-6.375 1.775 6.2151e-19
-6.375 1.825 1.2454e-18
-6.375 1.875 2.4967e-18
-6.375 1.925 5.0083e-18
-6.375 1.975 1.0053e-17
-6.375 2.025 2.0195e-17
-6.375 2.075 4.0602e-17
-6.375 2.125 8.1707e-17
-6.375 2.175 1.6460e-16
-6.375 2.225 3.3199e-16
-6.375 2.275 6.7050e-16
-6.375 2.325 1.3562e-15
-6.375 2.375 2.7480e-15
-6.375 2.425 5.5787e-15
-6.375 2.475 1.1350e-14
-6.375 2.525 2.3150e-14
-6.375 2.575 4.7350e-14
-6.375 2.625 9.7156e-14
-6.375 2.675 2.0007e-13
-6.375 2.725 4.1370e-13
-6.375 2.775 8.5944e-13
-6.375 2.825 1.7950e-12
-6.375 2.875 3.7719e-12
-6.375 2.925 7.9819e-12
-6.375 2.975 1.7028e-11
-6.375 3.025 3.6664e-11
-6.375 3.075 7.9799e-11
-6.375 3.125 1.7588e-10
-6.375 3.175 3.9337e-10
-6.375 3.225 8.9519e-10
-6.375 3.275 2.0794e-09
-6.375 3.325 4.9504e-09
-6.375 3.375 1.2141e-08
-6.375 3.425 3.0884e-08
-6.375 3.475 8.2212e-08
-6.375 3.525 2.3187e-07
-6.375 3.575 7.0524e-07
-6.375 3.625 2.3752e-06
-6.375 3.675 9.2376e-06
-6.375 3.725 4.4505e-05
-6.375 3.775 2.9919e-04
-6.375 3.825 3.4410e-03
-6.375 3.875 0.0000e+00
-6.375 3.925 0.0000e+00
-6.375 3.975 0.0000e+00
-6.325 -1.975 0.0000e+00
-6.325 -1.925 0.0000e+00
-6.325 -1.875 0.0000e+00
-6.325 -1.825 0.0000e+00
-6.325 -1.775 0.0000e+00
-6.325 -1.725 0.0000e+00
-6.325 -1.675 0.0000e+00
-6.325 -1.625 0.0000e+00
-6.325 -1.575 0.0000e+00
-6.325 -1.525 0.0000e+00
-6.325 -1.475 0.0000e+00
-6.325 -1.425 0.0000e+00
-6.325 -1.375 0.0000e+00
-6.325 -1.325 0.0000e+00
-6.325 -1.275 0.0000e+00
-6.325 -1.225 0.0000e+00
-6.325 -1.175 0.0000e+00
-6.325 -1.125 0.0000e+00
-6.325 -1.075 0.0000e+00
-6.325 -1.025 0.0000e+00
-6.325 -0.975 0.0000e+00
-6.325 -0.925 0.0000e+00
-6.325 -0.875 0.0000e+00
-6.325 -0.825 0.0000e+00
-6.325 -0.775 0.0000e+00
-6.325 -0.725 0.0000e+00
-6.325 -0.675 0.0000e+00
-6.325 -0.625 0.0000e+00
-6.325 -0.575 0.0000e+00
-6.325 -0.525 0.0000e+00
-6.325 -0.475 0.0000e+00
-6.325 -0.425 0.0000e+00
-6.325 -0.375 0.0000e+00
-6.325 -0.325 0.0000e+00
-6.325 -0.275 0.0000e+00
-6.325 -0.225 0.0000e+00
-6.325 -0.175 0.0000e+00
-6.325 -0.125 0.0000e+00
-6.325 -0.075 0.0000e+00
-6.325 -0.025 0.0000e+00
-6.325 0.025 0.0000e+00
-6.325 0.075 0.0000e+00
-6.325 0.125 0.0000e+00
-6.325 0.175 0.0000e+00
-6.325 0.225 0.0000e+00
-6.325 0.275 0.0000e+00
-6.325 0.325 0.0000e+00
-6.325 0.375 0.0000e+00
-6.325 0.425 0.0000e+00
-6.325 0.475 0.0000e+00
-6.325 0.525 0.0000e+00
-6.325 0.575 0.0000e+00
-6.325 0.625 0.0000e+00
-6.325 0.675 0.0000e+00
-6.325 0.725 0.0000e+00
-6.325 0.775 0.0000e+00
-6.325 0.825 0.0000e+00
-6.325 0.875 0.0000e+00
-6.325 0.925 0.0000e+00
-6.325 0.975 0.0000e+00
-6.325 1.025 0.0000e+00
-6.325 1.075 0.0000e+00
-6.325 1.125 0.0000e+00
-6.325 1.175 0.0000e+00
-6.325 1.225 3.8249e-22
-6.325 1.275 7.6408e-22
-6.325 1.325 1.5266e-21
-6.325 1.375 3.0505e-21
-6.325 1.425 6.0968e-21
-6.325 1.475 1.2188e-20
-6.325 1.525 2.4369e-20
-6.325 1.575 4.8739e-20
-6.325 1.625 9.7507e-20
-6.325 1.675 1.9514e-19
-6.325 1.725 3.9067e-19
-6.325 1.775 7.8243e-19
-6.325 1.825 1.5678e-18
-6.325 1.875 3.1432e-18
-6.325 1.925 6.3051e-18
-6.325 1.975 1.2656e-17
-6.325 2.025 2.5424e-17
-6.325 2.075 5.1115e-17
-6.325 2.125 1.0286e-16
-6.325 2.175 2.0722e-16
-6.325 2.225 4.1795e-16
-6.325 2.275 8.4411e-16
-6.325 2.325 1.7074e-15
-6.325 2.375 3.4595e-15
-6.325 2.425 7.0232e-15
-6.325 2.475 1.4289e-14
-6.325 2.525 2.9145e-14
-6.325 2.575 5.9611e-14
-6.325 2.625 1.2231e-13
-6.325 2.675 2.5188e-13
-6.325 2.725 5.2082e-13
-6.325 2.775 1.0820e-12
-6.325 2.825 2.2598e-12
-6.325 2.875 4.7486e-12
-6.325 2.925 1.0049e-11
-6.325 2.975 2.1436e-11
-6.325 3.025 4.6157e-11
-6.325 3.075 1.0046e-10
-6.325 3.125 2.2142e-10
-6.325 3.175 4.9523e-10
-6.325 3.225 1.1270e-09
-6.325 3.275 2.6178e-09
-6.325 3.325 6.2322e-09
-6.325 3.375 1.5285e-08
-6.325 3.425 3.8880e-08
-6.325 3.475 1.0350e-07
-6.325 3.525 2.9191e-07
-6.325 3.575 8.8785e-07
-6.325 3.625 2.9902e-06
-6.325 3.675 1.1629e-05
-6.325 3.725 5.6028e-05
-6.325 3.775 3.7665e-04
-6.325 3.825 4.3320e-03
-6.325 3.875 0.0000e+00
-6.325 3.925 0.0000e+00
-6.325 3.975 0.0000e+00
-6.275 -1.975 0.0000e+00
-6.275 -1.925 0.0000e+00
-6.275 -1.875 0.0000e+00
-6.275 -1.825 0.0000e+00
-6.275 -1.775 0.0000e+00
-6.275 -1.725 0.0000e+00
-6.275 -1.675 0.0000e+00
-6.275 -1.625 0.0000e+00
-6.275 -1.575 0.0000e+00
-6.275 -1.525 0.0000e+00
-6.275 -1.475 0.0000e+00
-6.275 -1.425 0.0000e+00
-6.275 -1.375 0.0000e+00
-6.275 -1.325 0.0000e+00
-6.275 -1.275 0.0000e+00
-6.275 -1.225 0.0000e+00
-6.275 -1.175 0.0000e+00
-6.275 -1.125 0.0000e+00
-6.275 -1.075 0.0000e+00
-6.275 -1.025 0.0000e+00
-6.275 -0.975 0.0000e+00
-6.275 -0.925 0.0000e+00
-6.275 -0.875 0.0000e+00
-6.275 -0.825 0.0000e+00
-6.275 -0.775 0.0000e+00
-6.275 -0.725 0.0000e+00
-6.275 -0.675 0.0000e+00
-6.275 -0.625 0.0000e+00
-6.275 -0.575 0.0000e+00
-6.275 -0.525 0.0000e+00
-6.275 -0.475 0.0000e+00
-6.275 -0.425 0.0000e+00
-6.275 -0.375 0.0000e+00
-6.275 -0.325 0.0000e+00
-6.275 -0.275 0.0000e+00
-6.275 -0.225 0.0000e+00
-6.275 -0.175 0.0000e+00
-6.275 -0.125 0.0000e+00
-6.275 -0.075 0.0000e+00
-6.275 -0.025 0.0000e+00
-6.275 0.025 0.0000e+00
-6.275 0.075 0.0000e+00
-6.275 0.125 0.0000e+00
-6.275 0.175 0.0000e+00
-6.275 0.225 0.0000e+00
-6.275 0.275 0.0000e+00
-6.275 0.325 0.0000e+00
-6.275 0.375 0.0000e+00
-6.275 0.425 0.0000e+00
-6.275 0.475 0.0000e+00
-6.275 0.525 0.0000e+00
-6.275 0.575 0.0000e+00
-6.275 0.625 0.0000e+00
-6.275 0.675 0.0000e+00
-6.275 0.725 0.0000e+00
-6.275 0.775 0.0000e+00
-6.275 0.825 0.0000e+00
-6.275 0.875 0.0000e+00
-6.275 0.925 0.0000e+00
-6.275 0.975 0.0000e+00
-6.275 1.025 0.0000e+00
-6.275 1.075 0.0000e+00
-6.275 1.125 0.0000e+00
-6.275 1.175 0.0000e+00
-6.275 1.225 4.8153e-22
-6.275 1.275 9.6192e-22
-6.275 1.325 1.9218e-21
-6.275 1.375 3.8403e-21
-6.275 1.425 7.6754e-21
-6.275 1.475 1.5343e-20
-6.275 1.525 3.0679e-20
-6.275 1.575 6.1359e-20
-6.275 1.625 1.2275e-19
-6.275 1.675 2.4566e-19
-6.275 1.725 4.9182e-19
-6.275 1.775 9.8503e-19
-6.275 1.825 1.9738e-18
-6.275 1.875 3.9570e-18
-6.275 1.925 7.9377e-18
-6.275 1.975 1.5933e-17
-6.275 2.025 3.2007e-17
-6.275 2.075 6.4350e-17
-6.275 2.125 1.2950e-16
-6.275 2.175 2.6087e-16
-6.275 2.225 5.2617e-16
-6.275 2.275 1.0627e-15
-6.275 2.325 2.1495e-15
-6.275 2.375 4.3553e-15
-6.275 2.425 8.8417e-15
-6.275 2.475 1.7989e-14
-6.275 2.525 3.6691e-14
-6.275 2.575 7.5045e-14
-6.275 2.625 1.5398e-13
-6.275 2.675 3.1709e-13
-6.275 2.725 6.5567e-13
-6.275 2.775 1.3621e-12
-6.275 2.825 2.8449e-12
-6.275 2.875 5.9781e-12
-6.275 2.925 1.2651e-11
-6.275 2.975 2.6987e-11
-6.275 3.025 5.8108e-11
-6.275 3.075 1.2647e-10
-6.275 3.125 2.7875e-10
-6.275 3.175 6.2346e-10
-6.275 3.225 1.4188e-09
-6.275 3.275 3.2956e-09
-6.275 3.325 7.8459e-09
-6.275 3.375 1.9243e-08
-6.275 3.425 4.8947e-08
-6.275 3.475 1.3030e-07
-6.275 3.525 3.6749e-07
-6.275 3.575 1.1177e-06
-6.275 3.625 3.7644e-06
-6.275 3.675 1.4641e-05
-6.275 3.725 7.0535e-05
-6.275 3.775 4.7418e-04
-6.275 3.825 5.4536e-03
-6.275 3.875 0.0000e+00
-6.275 3.925 0.0000e+00
-6.275 3.975 0.0000e+00
-6.225 -1.975 0.0000e+00
-6.225 -1.925 0.0000e+00
-6.225 -1.875 0.0000e+00
-6.225 -1.825 0.0000e+00
-6.225 -1.775 0.0000e+00
-6.225 -1.725 0.0000e+00
-6.225 -1.675 0.0000e+00
-6.225 -1.625 0.0000e+00
-6.225 -1.575 0.0000e+00
-6.225 -1.525 0.0000e+00
-6.225 -1.475 0.0000e+00
-6.225 -1.425 0.0000e+00
-6.225 -1.375 0.0000e+00
-6.225 -1.325 0.0000e+00
-6.225 -1.275 0.0000e+00
-6.225 -1.225 0.0000e+00
-6.225 -1.175 0.0000e+00
-6.225 -1.125 0.0000e+00
-6.225 -1.075 0.0000e+00
-6.225 -1.025 0.0000e+00
-6.225 -0.975 0.0000e+00
-6.225 -0.925 0.0000e+00
-6.225 -0.875 0.0000e+00
-6.225 -0.825 0.0000e+00
-6.225 -0.775 0.0000e+00
-6.225 -0.725 0.0000e+00
-6.225 -0.675 0.0000e+00
-6.225 -0.625 0.0000e+00
-6.225 -0.575 0.0000e+00
-6.225 -0.525 0.0000e+00
-6.225 -0.475 0.0000e+00
-6.225 -0.425 0.0000e+00
-6.225 -0.375 0.0000e+00
-6.225 -0.325 0.0000e+00
-6.225 -0.275 0.0000e+00
-6.225 -0.225 0.0000e+00
-6.225 -0.175 0.0000e+00
-6.225 -0.125 0.0000e+00
-6.225 -0.075 0.0000e+00
-6.225 -0.025 0.0000e+00
-6.225 0.025 0.0000e+00
-6.225 0.075 0.0000e+00
-6.225 0.125 0.0000e+00
-6.225 0.175 0.0000e+00
-6.225 0.225 0.0000e+00
-6.225 0.275 0.0000e+00
-6.225 0.325 0.0000e+00
-6.225 0.375 0.0000e+00
-6.225 0.425 0.0000e+00
-6.225 0.475 0.0000e+00
-6.225 0.525 0.0000e+00
-6.225 0.575 0.0000e+00
-6.225 0.625 0.0000e+00
-6.225 0.675 0.0000e+00
-6.225 0.725 0.0000e+00
-6.225 0.775 0.0000e+00
-6.225 0.825 0.0000e+00
-6.225 0.875 0.0000e+00
-6.225 0.925 0.0000e+00
-6.225 0.975 0.0000e+00
-6.225 1.025 0.0000e+00
-6.225 1.075 0.0000e+00
-6.225 1.125 0.0000e+00
-6.225 1.175 0.0000e+00
-6.225 1.225 6.0621e-22
-6.225 1.275 1.2110e-21
-6.225 1.325 2.4195e-21
-6.225 1.375 4.8347e-21
-6.225 1.425 9.6627e-21
-6.225 1.475 1.9316e-20
-6.225 1.525 3.8623e-20
-6.225 1.575 7.7246e-20
-6.225 1.625 1.5454e-19
-6.225 1.675 3.0927e-19
-6.225 1.725 6.1916e-19
-6.225 1.775 1.2401e-18
-6.225 1.825 2.4848e-18
-6.225 1.875 4.9816e-18
-6.225 1.925 9.9930e-18
-6.225 1.975 2.0059e-17
-6.225 2.025 4.0295e-17
-6.225 2.075 8.1012e-17
-6.225 2.125 1.6303e-16
-6.225 2.175 3.2842e-16
-6.225 2.225 6.6240e-16
-6.225 2.275 1.3378e-15
-6.225 2.325 2.7060e-15
-6.225 2.375 5.4830e-15
-6.225 2.425 1.1131e-14
-6.225 2.475 2.2647e-14
-6.225 2.525 4.6191e-14
-6.225 2.575 9.4476e-14
-6.225 2.625 1.9385e-13
-6.225 2.675 3.9920e-13
-6.225 2.725 8.2544e-13
-6.225 2.775 1.7148e-12
-6.225 2.825 3.5815e-12
-6.225 2.875 7.5260e-12
-6.225 2.925 1.5926e-11
-6.225 2.975 3.3974e-11
-6.225 3.025 7.3153e-11
-6.225 3.075 1.5922e-10
-6.225 3.125 3.5092e-10
-6.225 3.175 7.8488e-10
-6.225 3.225 1.7861e-09
-6.225 3.275 4.1490e-09
-6.225 3.325 9.8773e-09
-6.225 3.375 2.4225e-08
-6.225 3.425 6.1621e-08
-6.225 3.475 1.6403e-07
-6.225 3.525 4.6265e-07
-6.225 3.575 1.4071e-06
-6.225 3.625 4.7392e-06
-6.225 3.675 1.8431e-05
-6.225 3.725 8.8798e-05
-6.225 3.775 5.9696e-04
-6.225 3.825 6.8657e-03
-6.225 3.875 0.0000e+00
-6.225 3.925 0.0000e+00
-6.225 3.975 0.0000e+00
-6.175 -1.975 0.0000e+00
-6.175 -1.925 0.0000e+00
-6.175 -1.875 0.0000e+00
-6.175 -1.825 0.0000e+00
-6.175 -1.775 0.0000e+00
-6.175 -1.725 0.0000e+00
-6.175 -1.675 0.0000e+00
-6.175 -1.625 0.0000e+00
-6.175 -1.575 0.0000e+00
-6.175 -1.525 0.0000e+00
-6.175 -1.475 0.0000e+00
-6.175 -1.425 0.0000e+00
-6.175 -1.375 0.0000e+00
-6.175 -1.325 0.0000e+00
-6.175 -1.275 0.0000e+00
-6.175 -1.225 0.0000e+00
-6.175 -1.175 0.0000e+00
-6.175 -1.125 0.0000e+00
-6.175 -1.075 0.0000e+00
-6.175 -1.025 0.0000e+00
-6.175 -0.975 0.0000e+00
-6.175 -0.925 0.0000e+00
-6.175 -0.875 0.0000e+00
-6.175 -0.825 0.0000e+00
-6.175 -0.775 0.0000e+00
-6.175 -0.725 0.0000e+00
-6.175 -0.675 0.0000e+00
-6.175 -0.625 0.0000e+00
-6.175 -0.575 0.0000e+00
-6.175 -0.525 0.0000e+00
-6.175 -0.475 0.0000e+00
-6.175 -0.425 0.0000e+00
-6.175 -0.375 0.0000e+00
-6.175 -0.325 0.0000e+00
-6.175 -0.275 0.0000e+00
-6.175 -0.225 0.0000e+00
-6.175 -0.175 0.0000e+00
-6.175 -0.125 0.0000e+00
-6.175 -0.075 0.0000e+00
-6.175 -0.025 0.0000e+00
-6.175 0.025 0.0000e+00
-6.175 0.075 0.0000e+00
-6.175 0.125 0.0000e+00
-6.175 0.175 0.0000e+00
-6.175 0.225 0.0000e+00
-6.175 0.275 0.0000e+00
-6.175 0.325 0.0000e+00
-6.175 0.375 0.0000e+00
-6.175 0.425 0.0000e+00
-6.175 0.475 0.0000e+00
-6.175 0.525 0.0000e+00
-6.175 0.575 0.0000e+00
-6.175 0.625 0.0000e+00
-6.175 0.675 0.0000e+00
-6.175 0.725 0.0000e+00
-6.175 0.775 0.0000e+00
-6.175 0.825 0.0000e+00
-6.175 0.875 0.0000e+00
-6.175 0.925 0.0000e+00
-6.175 0.975 0.0000e+00
-6.175 1.025 0.0000e+00
-6.175 1.075 0.0000e+00
-6.175 1.125 0.0000e+00
-6.175 1.175 0.0000e+00
-6.175 1.225 7.6317e-22
-6.175 1.275 1.5245e-21
-6.175 1.325 3.0459e-21
-6.175 1.375 6.0865e-21
-6.175 1.425 1.2165e-20
-6.175 1.475 2.4318e-20
-6.175 1.525 4.8623e-20
-6.175 1.575 9.7247e-20
-6.175 1.625 1.9455e-19
-6.175 1.675 3.8935e-19
-6.175 1.725 7.7948e-19
-6.175 1.775 1.5612e-18
-6.175 1.825 3.1282e-18
-6.175 1.875 6.2714e-18
-6.175 1.925 1.2580e-17
-6.175 1.975 2.5253e-17
-6.175 2.025 5.0728e-17
-6.175 2.075 1.0199e-16
-6.175 2.125 2.0524e-16
-6.175 2.175 4.1346e-16
-6.175 2.225 8.3392e-16
-6.175 2.275 1.6842e-15
-6.175 2.325 3.4067e-15
-6.175 2.375 6.9026e-15
-6.175 2.425 1.4013e-14
-6.175 2.475 2.8511e-14
-6.175 2.525 5.8151e-14
-6.175 2.575 1.1894e-13
-6.175 2.625 2.4405e-13
-6.175 2.675 5.0256e-13
-6.175 2.725 1.0392e-12
-6.175 2.775 2.1588e-12
-6.175 2.825 4.5088e-12
-6.175 2.875 9.4747e-12
-6.175 2.925 2.0050e-11
-6.175 2.975 4.2771e-11
-6.175 3.025 9.2095e-11
-6.175 3.075 2.0045e-10
-6.175 3.125 4.4179e-10
-6.175 3.175 9.8811e-10
-6.175 3.225 2.2486e-09
-6.175 3.275 5.2232e-09
-6.175 3.325 1.2435e-08
-6.175 3.375 3.0497e-08
-6.175 3.425 7.7576e-08
-6.175 3.475 2.0651e-07
-6.175 3.525 5.8244e-07
-6.175 3.575 1.7715e-06
-6.175 3.625 5.9662e-06
-6.175 3.675 2.3204e-05
-6.175 3.725 1.1179e-04
-6.175 3.775 7.5152e-04
-6.175 3.825 8.6433e-03
-6.175 3.875 0.0000e+00
-6.175 3.925 0.0000e+00
-6.175 3.975 0.0000e+00
-6.125 -1.975 0.0000e+00
-6.125 -1.925 0.0000e+00
-6.125 -1.875 0.0000e+00
-6.125 -1.825 0.0000e+00
-6.125 -1.775 0.0000e+00
-6.125 -1.725 0.0000e+00
-6.125 -1.675 0.0000e+00
-6.125 -1.625 0.0000e+00
-6.125 -1.575 0.0000e+00
-6.125 -1.525 0.0000e+00
-6.125 -1.475 0.0000e+00
-6.125 -1.425 0.0000e+00
-6.125 -1.375 0.0000e+00
-6.125 -1.325 0.0000e+00
-6.125 -1.275 0.0000e+00
-6.125 -1.225 0.0000e+00
-6.125 -1.175 0.0000e+00
-6.125 -1.125 0.0000e+00
-6.125 -1.075 0.0000e+00
-6.125 -1.025 0.0000e+00
-6.125 -0.975 0.0000e+00
-6.125 -0.925 0.0000e+00
-6.125 -0.875 0.0000e+00
-6.125 -0.825 0.0000e+00
-6.125 -0.775 0.0000e+00
-6.125 -0.725 0.0000e+00
-6.125 -0.675 0.0000e+00
-6.125 -0.625 0.0000e+00
-6.125 -0.575 0.0000e+00
-6.125 -0.525 0.0000e+00
-6.125 -0.475 0.0000e+00
-6.125 -0.425 0.0000e+00
-6.125 -0.375 0.0000e+00
-6.125 -0.325 0.0000e+00
-6.125 -0.275 0.0000e+00
-6.125 -0.225 0.0000e+00
-6.125 -0.175 0.0000e+00
-6.125 -0.125 0.0000e+00
-6.125 -0.075 0.0000e+00
-6.125 -0.025 0.0000e+00
-6.125 0.025 0.0000e+00
-6.125 0.075 0.0000e+00
-6.125 0.125 0.0000e+00
-6.125 0.175 0.0000e+00
-6.125 0.225 0.0000e+00
-6.125 0.275 0.0000e+00
-6.125 0.325 0.0000e+00
-6.125 0.375 0.0000e+00
-6.125 0.425 0.0000e+00
-6.125 0.475 0.0000e+00
-6.125 0.525 0.0000e+00
-6.125 0.575 0.0000e+00
-6.125 0.625 0.0000e+00
-6.125 0.675 0.0000e+00
-6.125 0.725 0.0000e+00
-6.125 0.775 0.0000e+00
-6.125 0.825 0.0000e+00
-6.125 0.875 0.0000e+00
-6.125 0.925 0.0000e+00
-6.125 0.975 0.0000e+00
-6.125 1.025 0.0000e+00
-6.125 1.075 0.0000e+00
-6.125 1.125 0.0000e+00
-6.125 1.175 0.0000e+00
-6.125 1.225 9.6077e-22
-6.125 1.275 1.9193e-21
-6.125 1.325 3.8346e-21
-6.125 1.375 7.6625e-21
-6.125 1.425 1.5314e-20
-6.125 1.475 3.0614e-20
-6.125 1.525 6.1213e-20
-6.125 1.575 1.2243e-19
-6.125 1.625 2.4493e-19
-6.125 1.675 4.9016e-19
-6.125 1.725 9.8131e-19
-6.125 1.775 1.9654e-18
-6.125 1.825 3.9382e-18
-6.125 1.875 7.8952e-18
-6.125 1.925 1.5838e-17
-6.125 1.975 3.1791e-17
-6.125 2.025 6.3863e-17
-6.125 2.075 1.2840e-16
-6.125 2.125 2.5838e-16
-6.125 2.175 5.2051e-16
-6.125 2.225 1.0498e-15
-6.125 2.275 2.1203e-15
-6.125 2.325 4.2888e-15
-6.125 2.375 8.6899e-15
-6.125 2.425 1.7642e-14
-6.125 2.475 3.5893e-14
-6.125 2.525 7.3208e-14
-6.125 2.575 1.4974e-13
-6.125 2.625 3.0724e-13
-6.125 2.675 6.3268e-13
-6.125 2.725 1.3082e-12
-6.125 2.775 2.7178e-12
-6.125 2.825 5.6763e-12
-6.125 2.875 1.1928e-11
-6.125 2.925 2.5241e-11
-6.125 2.975 5.3846e-11
-6.125 3.025 1.1594e-10
-6.125 3.075 2.5235e-10
-6.125 3.125 5.5618e-10
-6.125 3.175 1.2440e-09
-6.125 3.225 2.8308e-09
-6.125 3.275 6.5756e-09
-6.125 3.325 1.5655e-08
-6.125 3.375 3.8394e-08
-6.125 3.425 9.7663e-08
-6.125 3.475 2.5998e-07
-6.125 3.525 7.3324e-07
-6.125 3.575 2.2302e-06
-6.125 3.625 7.5110e-06
-6.125 3.675 2.9212e-05
-6.125 3.725 1.4074e-04
-6.125 3.775 9.4611e-04
-6.125 3.825 1.0881e-02
-6.125 3.875 0.0000e+00
-6.125 3.925 0.0000e+00
-6.125 3.975 0.0000e+00
-6.075 -1.975 0.0000e+00
-6.075 -1.925 0.0000e+00
-6.075 -1.875 0.0000e+00
-6.075 -1.825 0.0000e+00
-6.075 -1.775 0.0000e+00
-6.075 -1.725 0.0000e+00
-6.075 -1.675 0.0000e+00
-6.075 -1.625 0.0000e+00
-6.075 -1.575 0.0000e+00
-6.075 -1.525 0.0000e+00
-6.075 -1.475 0.0000e+00
-6.075 -1.425 0.0000e+00
-6.075 -1.375 0.0000e+00
-6.075 -1.325 0.0000e+00
-6.075 -1.275 0.0000e+00
-6.075 -1.225 0.0000e+00
-6.075 -1.175 0.0000e+00
-6.075 -1.125 0.0000e+00
-6.075 -1.075 0.0000e+00
-6.075 -1.025 0.0000e+00
-6.075 -0.975 0.0000e+00
-6.075 -0.925 0.0000e+00
-6.075 -0.875 0.0000e+00
-6.075 -0.825 0.0000e+00
-6.075 -0.775 0.0000e+00
-6.075 -0.725 0.0000e+00
-6.075 -0.675 0.0000e+00
-6.075 -0.625 0.0000e+00
-6.075 -0.575 0.0000e+00
-6.075 -0.525 0.0000e+00
-6.075 -0.475 0.0000e+00
-6.075 -0.425 0.0000e+00
-6.075 -0.375 0.0000e+00
-6.075 -0.325 0.0000e+00
-6.075 -0.275 0.0000e+00
-6.075 -0.225 0.0000e+00
-6.075 -0.175 0.0000e+00
-6.075 -0.125 0.0000e+00
-6.075 -0.075 0.0000e+00
-6.075 -0.025 0.0000e+00
-6.075 0.025 0.0000e+00
-6.075 0.075 0.0000e+00
-6.075 0.125 0.0000e+00
-6.075 0.175 0.0000e+00
-6.075 0.225 0.0000e+00
-6.075 0.275 0.0000e+00
-6.075 0.325 0.0000e+00
-6.075 0.375 0.0000e+00
-6.075 0.425 0.0000e+00
-6.075 0.475 0.0000e+00
-6.075 0.525 0.0000e+00
-6.075 0.575 0.0000e+00
-6.075 0.625 0.0000e+00
-6.075 0.675 0.0000e+00
-6.075 0.725 0.0000e+00
-6.075 0.775 0.0000e+00
-6.075 0.825 0.0000e+00
-6.075 0.875 0.0000e+00
-6.075 0.925 0.0000e+00
-6.075 0.975 0.0000e+00
-6.075 1.025 0.0000e+00
-6.075 1.075 0.0000e+00
-6.075 1.125 0.0000e+00
-6.075 1.175 0.0000e+00
-6.075 1.225 1.2095e-21
-6.075 1.275 2.4162e-21
-6.075 1.325 4.8274e-21
-6.075 1.375 9.6465e-21
-6.075 1.425 1.9280e-20
-6.075 1.475 3.8541e-20
-6.075 1.525 7.7062e-20
-6.075 1.575 1.5413e-19
-6.075 1.625 3.0835e-19
-6.075 1.675 6.1708e-19
-6.075 1.725 1.2354e-18
-6.075 1.775 2.4743e-18
-6.075 1.825 4.9578e-18
-6.075 1.875 9.9395e-18
-6.075 1.925 1.9939e-17
-6.075 1.975 4.0023e-17
-6.075 2.025 8.0398e-17
-6.075 2.075 1.6164e-16
-6.075 2.125 3.2528e-16
-6.075 2.175 6.5529e-16
-6.075 2.225 1.3217e-15
-6.075 2.275 2.6693e-15
-6.075 2.325 5.3993e-15
-6.075 2.375 1.0940e-14
-6.075 2.425 2.2209e-14
-6.075 2.475 4.5187e-14
-6.075 2.525 9.2163e-14
-6.075 2.575 1.8851e-13
-6.075 2.625 3.8679e-13
-6.075 2.675 7.9650e-13
-6.075 2.725 1.6470e-12
-6.075 2.775 3.4215e-12
-6.075 2.825 7.1460e-12
-6.075 2.875 1.5016e-11
-6.075 2.925 3.1777e-11
-6.075 2.975 6.7788e-11
-6.075 3.025 1.4596e-10
-6.075 3.075 3.1769e-10
-6.075 3.125 7.0018e-10
-6.075 3.175 1.5660e-09
-6.075 3.225 3.5638e-09
-6.075 3.275 8.2782e-09
-6.075 3.325 1.9708e-08
-6.075 3.375 4.8335e-08
-6.075 3.425 1.2295e-07
-6.075 3.475 3.2729e-07
-6.075 3.525 9.2310e-07
-6.075 3.575 2.8076e-06
-6.075 3.625 9.4558e-06
-6.075 3.675 3.6775e-05
-6.075 3.725 1.7718e-04
-6.075 3.775 1.1911e-03
-6.075 3.825 1.3699e-02
-6.075 3.875 0.0000e+00
-6.075 3.925 0.0000e+00
-6.075 3.975 0.0000e+00
-6.025 -1.975 0.0000e+00
-6.025 -1.925 0.0000e+00
-6.025 -1.875 0.0000e+00
-6.025 -1.825 0.0000e+00
-6.025 -1.775 0.0000e+00
-6.025 -1.725 0.0000e+00
-6.025 -1.675 0.0000e+00
-6.025 -1.625 0.0000e+00
-6.025 -1.575 0.0000e+00
-6.025 -1.525 0.0000e+00
-6.025 -1.475 0.0000e+00
-6.025 -1.425 0.0000e+00
-6.025 -1.375 0.0000e+00
-6.025 -1.325 0.0000e+00
-6.025 -1.275 0.0000e+00
-6.025 -1.225 0.0000e+00
-6.025 -1.175 0.0000e+00
-6.025 -1.125 0.0000e+00
-6.025 -1.075 0.0000e+00
-6.025 -1.025 0.0000e+00
-6.025 -0.975 0.0000e+00
-6.025 -0.925 0.0000e+00
-6.025 -0.875 0.0000e+00
-6.025 -0.825 0.0000e+00
-6.025 -0.775 0.0000e+00
-6.025 -0.725 0.0000e+00
-6.025 -0.675 0.0000e+00
-6.025 -0.625 0.0000e+00
-6.025 -0.575 0.0000e+00
-6.025 -0.525 0.0000e+00
-6.025 -0.475 0.0000e+00
-6.025 -0.425 0.0000e+00
-6.025 -0.375 0.0000e+00
-6.025 -0.325 0.0000e+00
-6.025 -0.275 0.0000e+00
-6.025 -0.225 0.0000e+00
-6.025 -0.175 0.0000e+00
-6.025 -0.125 0.0000e+00
-6.025 -0.075 0.0000e+00
-6.025 -0.025 0.0000e+00
-6.025 0.025 0.0000e+00
-6.025 0.075 0.0000e+00
-6.025 0.125 0.0000e+00
-6.025 0.175 0.0000e+00
-6.025 0.225 0.0000e+00
-6.025 0.275 0.0000e+00
-6.025 0.325 0.0000e+00
-6.025 0.375 0.0000e+00
-6.025 0.425 0.0000e+00
-6.025 0.475 0.0000e+00
-6.025 0.525 0.0000e+00
-6.025 0.575 0.0000e+00
-6.025 0.625 0.0000e+00
-6.025 0.675 0.0000e+00
-6.025 0.725 0.0000e+00
-6.025 0.775 0.0000e+00
-6.025 0.825 0.0000e+00
-6.025 0.875 0.0000e+00
-6.025 0.925 0.0000e+00
-6.025 0.975 0.0000e+00
-6.025 1.025 0.0000e+00
-6.025 1.075 0.0000e+00
-6.025 1.125 0.0000e+00
-6.025 1.175 0.0000e+00
-6.025 1.225 1.5227e-21
-6.025 1.275 3.0418e-21
-6.025 1.325 6.0774e-21
-6.025 1.375 1.2144e-20
-6.025 1.425 2.4272e-20
-6.025 1.475 4.8520e-20
-6.025 1.525 9.7016e-20
-6.025 1.575 1.9403e-19
-6.025 1.625 3.8818e-19
-6.025 1.675 7.7686e-19
-6.025 1.725 1.5553e-18
-6.025 1.775 3.1149e-18
-6.025 1.825 6.2416e-18
-6.025 1.875 1.2513e-17
-6.025 1.925 2.5101e-17
-6.025 1.975 5.0386e-17
-6.025 2.025 1.0122e-16
-6.025 2.075 2.0349e-16
-6.025 2.125 4.0951e-16
-6.025 2.175 8.2496e-16
-6.025 2.225 1.6639e-15
-6.025 2.275 3.3605e-15
-6.025 2.325 6.7973e-15
-6.025 2.375 1.3773e-14
-6.025 2.425 2.7960e-14
-6.025 2.475 5.6886e-14
-6.025 2.525 1.1603e-13
-6.025 2.575 2.3731e-13
-6.025 2.625 4.8693e-13
-6.025 2.675 1.0027e-12
-6.025 2.725 2.0734e-12
-6.025 2.775 4.3074e-12
-6.025 2.825 8.9963e-12
-6.025 2.875 1.8905e-11
-6.025 2.925 4.0004e-11
-6.025 2.975 8.5340e-11
-6.025 3.025 1.8375e-10
-6.025 3.075 3.9994e-10
-6.025 3.125 8.8148e-10
-6.025 3.175 1.9715e-09
-6.025 3.225 4.4866e-09
-6.025 3.275 1.0422e-08
-6.025 3.325 2.4811e-08
-6.025 3.375 6.0850e-08
-6.025 3.425 1.5478e-07
-6.025 3.475 4.1204e-07
-6.025 3.525 1.1621e-06
-6.025 3.575 3.5346e-06
-6.025 3.625 1.1904e-05
-6.025 3.675 4.6297e-05
-6.025 3.725 2.2305e-04
-6.025 3.775 1.4995e-03
-6.025 3.825 1.7245e-02
-6.025 3.875 0.0000e+00
-6.025 3.925 0.0000e+00
-6.025 3.975 0.0000e+00
-5.975 -1.975 0.0000e+00
-5.975 -1.925 0.0000e+00
-5.975 -1.875 0.0000e+00
-5.975 -1.825 0.0000e+00
-5.975 -1.775 0.0000e+00
-5.975 -1.725 0.0000e+00
-5.975 -1.675 0.0000e+00
-5.975 -1.625 0.0000e+00
-5.975 -1.575 0.0000e+00
-5.975 -1.525 0.0000e+00
-5.975 -1.475 0.0000e+00
-5.975 -1.425 0.0000e+00
-5.975 -1.375 0.0000e+00
-5.975 -1.325 0.0000e+00
-5.975 -1.275 0.0000e+00
-5.975 -1.225 0.0000e+00
-5.975 -1.175 0.0000e+00
-5.975 -1.125 0.0000e+00
-5.975 -1.075 0.0000e+00
-5.975 -1.025 0.0000e+00
-5.975 -0.975 0.0000e+00
-5.975 -0.925 0.0000e+00
-5.975 -0.875 0.0000e+00
-5.975 -0.825 0.0000e+00
-5.975 -0.775 0.0000e+00
-5.975 -0.725 0.0000e+00
-5.975 -0.675 0.0000e+00
-5.975 -0.625 0.0000e+00
-5.975 -0.575 0.0000e+00
-5.975 -0.525 0.0000e+00
-5.975 -0.475 0.0000e+00
-5.975 -0.425 0.0000e+00
-5.975 -0.375 0.0000e+00
-5.975 -0.325 0.0000e+00
-5.975 -0.275 0.0000e+00
-5.975 -0.225 0.0000e+00
-5.975 -0.175 0.0000e+00
-5.975 -0.125 0.0000e+00
-5.975 -0.075 0.0000e+00
-5.975 -0.025 0.0000e+00
-5.975 0.025 0.0000e+00
-5.975 0.075 0.0000e+00
-5.975 0.125 0.0000e+00
-5.975 0.175 0.0000e+00
-5.975 0.225 0.0000e+00
-5.975 0.275 0.0000e+00
-5.975 0.325 0.0000e+00
-5.975 0.375 0.0000e+00
-5.975 0.425 0.0000e+00
-5.975 0.475 0.0000e+00
-5.975 0.525 0.0000e+00
-5.975 0.575 0.0000e+00
-5.975 0.625 0.0000e+00
-5.975 0.675 0.0000e+00
-5.975 0.725 0.0000e+00
-5.975 0.775 0.0000e+00
-5.975 0.825 0.0000e+00
-5.975 0.875 0.0000e+00
-5.975 0.925 0.0000e+00
-5.975 0.975 0.0000e+00
-5.975 1.025 0.0000e+00
-5.975 1.075 0.0000e+00
-5.975 1.125 0.0000e+00
-5.975 1.175 0.0000e+00
-5.975 1.225 1.9170e-21
-5.975 1.275 3.8295e-21
-5.975 1.325 7.6510e-21
-5.975 1.375 1.5289e-20
-5.975 1.425 3.0556e-20
-5.975 1.475 6.1083e-20
-5.975 1.525 1.2214e-19
-5.975 1.575 2.4427e-19
-5.975 1.625 4.8869e-19
-5.975 1.675 9.7800e-19
-5.975 1.725 1.9580e-18
-5.975 1.775 3.9215e-18
-5.975 1.825 7.8577e-18
-5.975 1.875 1.5753e-17
-5.975 1.925 3.1600e-17
-5.975 1.975 6.3432e-17
-5.975 2.025 1.2742e-16
-5.975 2.075 2.5618e-16
-5.975 2.125 5.1554e-16
-5.975 2.175 1.0386e-15
-5.975 2.225 2.0947e-15
-5.975 2.275 4.2306e-15
-5.975 2.325 8.5572e-15
-5.975 2.375 1.7339e-14
-5.975 2.425 3.5200e-14
-5.975 2.475 7.1616e-14
-5.975 2.525 1.4607e-13
-5.975 2.575 2.9876e-13
-5.975 2.625 6.1301e-13
-5.975 2.675 1.2624e-12
-5.975 2.725 2.6103e-12
-5.975 2.775 5.4227e-12
-5.975 2.825 1.1326e-11
-5.975 2.875 2.3799e-11
-5.975 2.925 5.0363e-11
-5.975 2.975 1.0744e-10
-5.975 3.025 2.3133e-10
-5.975 3.075 5.0350e-10
-5.975 3.125 1.1097e-09
-5.975 3.175 2.4820e-09
-5.975 3.225 5.6482e-09
-5.975 3.275 1.3120e-08
-5.975 3.325 3.1235e-08
-5.975 3.375 7.6606e-08
-5.975 3.425 1.9486e-07
-5.975 3.475 5.1872e-07
-5.975 3.525 1.4630e-06
-5.975 3.575 4.4498e-06
-5.975 3.625 1.4986e-05
-5.975 3.675 5.8285e-05
-5.975 3.725 2.8080e-04
-5.975 3.775 1.8877e-03
-5.975 3.825 2.1710e-02
-5.975 3.875 0.0000e+00
-5.975 3.925 0.0000e+00
-5.975 3.975 0.0000e+00
-5.925 -1.975 0.0000e+00
-5.925 -1.925 0.0000e+00
-5.925 -1.875 0.0000e+00
-5.925 -1.825 0.0000e+00
-5.925 -1.775 0.0000e+00
-5.925 -1.725 0.0000e+00
-5.925 -1.675 0.0000e+00
-5.925 -1.625 0.0000e+00
-5.925 -1.575 0.0000e+00
-5.925 -1.525 0.0000e+00
-5.925 -1.475 0.0000e+00
-5.925 -1.425 0.0000e+00
-5.925 -1.375 0.0000e+00
-5.925 -1.325 0.0000e+00
-5.925 -1.275 0.0000e+00
-5.925 -1.225 0.0000e+00
-5.925 -1.175 0.0000e+00
-5.925 -1.125 0.0000e+00
-5.925 -1.075 0.0000e+00
-5.925 -1.025 0.0000e+00
-5.925 -0.975 0.0000e+00
-5.925 -0.925 0.0000e+00
-5.925 -0.875 0.0000e+00
-5.925 -0.825 0.0000e+00
-5.925 -0.775 0.0000e+00
-5.925 -0.725 0.0000e+00
-5.925 -0.675 0.0000e+00
-5.925 -0.625 0.0000e+00
-5.925 -0.575 0.0000e+00
-5.925 -0.525 0.0000e+00
-5.925 -0.475 0.0000e+00
-5.925 -0.425 0.0000e+00
-5.925 -0.375 0.0000e+00
-5.925 -0.325 0.0000e+00
-5.925 -0.275 0.0000e+00
-5.925 -0.225 0.0000e+00
-5.925 -0.175 0.0000e+00
-5.925 -0.125 0.0000e+00
-5.925 -0.075 0.0000e+00
-5.925 -0.025 0.0000e+00
-5.925 0.025 0.0000e+00
-5.925 0.075 0.0000e+00
-5.925 0.125 0.0000e+00
-5.925 0.175 0.0000e+00
-5.925 0.225 0.0000e+00
-5.925 0.275 0.0000e+00
-5.925 0.325 0.0000e+00
-5.925 0.375 0.0000e+00
-5.925 0.425 0.0000e+00
-5.925 0.475 0.0000e+00
-5.925 0.525 0.0000e+00
-5.925 0.575 0.0000e+00
-5.925 0.625 0.0000e+00
-5.925 0.675 0.0000e+00
-5.925 0.725 0.0000e+00
-5.925 0.775 0.0000e+00
-5.925 0.825 0.0000e+00
-5.925 0.875 0.0000e+00
-5.925 0.925 0.0000e+00
-5.925 0.975 0.0000e+00
-5.925 1.025 0.0000e+00
-5.925 1.075 0.0000e+00
-5.925 1.125 0.0000e+00
-5.925 1.175 0.0000e+00
-5.925 1.225 2.4133e-21
-5.925 1.275 4.8210e-21
-5.925 1.325 9.6320e-21
-5.925 1.375 1.9247e-20
-5.925 1.425 3.8468e-20
-5.925 1.475 7.6899e-20
-5.925 1.525 1.5376e-19
-5.925 1.575 3.0752e-19
-5.925 1.625 6.1523e-19
-5.925 1.675 1.2312e-18
-5.925 1.725 2.4649e-18
-5.925 1.775 4.9368e-18
-5.925 1.825 9.8922e-18
-5.925 1.875 1.9832e-17
-5.925 1.925 3.9783e-17
-5.925 1.975 7.9856e-17
-5.925 2.025 1.6042e-16
-5.925 2.075 3.2251e-16
-5.925 2.125 6.4902e-16
-5.925 2.175 1.3075e-15
-5.925 2.225 2.6371e-15
-5.925 2.275 5.3260e-15
-5.925 2.325 1.0773e-14
-5.925 2.375 2.1828e-14
-5.925 2.425 4.4314e-14
-5.925 2.475 9.0159e-14
-5.925 2.525 1.8389e-13
-5.925 2.575 3.7612e-13
-5.925 2.625 7.7174e-13
-5.925 2.675 1.5892e-12
-5.925 2.725 3.2861e-12
-5.925 2.775 6.8268e-12
-5.925 2.825 1.4258e-11
-5.925 2.875 2.9962e-11
-5.925 2.925 6.3403e-11
-5.925 2.975 1.3525e-10
-5.925 3.025 2.9123e-10
-5.925 3.075 6.3387e-10
-5.925 3.125 1.3970e-09
-5.925 3.175 3.1247e-09
-5.925 3.225 7.1107e-09
-5.925 3.275 1.6517e-08
-5.925 3.325 3.9322e-08
-5.925 3.375 9.6441e-08
-5.925 3.425 2.4532e-07
-5.925 3.475 6.5303e-07
-5.925 3.525 1.8418e-06
-5.925 3.575 5.6019e-06
-5.925 3.625 1.8867e-05
-5.925 3.675 7.3376e-05
-5.925 3.725 3.5351e-04
-5.925 3.775 2.3765e-03
-5.925 3.825 2.7331e-02
-5.925 3.875 0.0000e+00
-5.925 3.925 0.0000e+00
-5.925 3.975 0.0000e+00
-5.875 -1.975 0.0000e+00
-5.875 -1.925 0.0000e+00
-5.875 -1.875 0.0000e+00
-5.875 -1.825 0.0000e+00
-5.875 -1.775 0.0000e+00
-5.875 -1.725 0.0000e+00
-5.875 -1.675 0.0000e+00
-5.875 -1.625 0.0000e+00
-5.875 -1.575 0.0000e+00
-5.875 -1.525 0.0000e+00
-5.875 -1.475 0.0000e+00
-5.875 -1.425 0.0000e+00
-5.875 -1.375 0.0000e+00
-5.875 -1.325 0.0000e+00
-5.875 -1.275 0.0000e+00
-5.875 -1.225 0.0000e+00
-5.875 -1.175 0.0000e+00
-5.875 -1.125 0.0000e+00
-5.875 -1.075 0.0000e+00
-5.875 -1.025 0.0000e+00
-5.875 -0.975 0.0000e+00
-5.875 -0.925 0.0000e+00
-5.875 -0.875 0.0000e+00
-5.875 -0.825 0.0000e+00
-5.875 -0.775 0.0000e+00
-5.875 -0.725 0.0000e+00
-5.875 -0.675 0.0000e+00
-5.875 -0.625 0.0000e+00
-5.875 -0.575 0.0000e+00
-5.875 -0.525 0.0000e+00
-5.875 -0.475 0.0000e+00
-5.875 -0.425 0.0000e+00
-5.875 -0.375 0.0000e+00
-5.875 -0.325 0.0000e+00
-5.875 -0.275 0.0000e+00
-5.875 -0.225 0.0000e+00
-5.875 -0.175 0.0000e+00
-5.875 -0.125 0.0000e+00
-5.875 -0.075 0.0000e+00
-5.875 -0.025 0.0000e+00
-5.875 0.025 0.0000e+00
-5.875 0.075 0.0000e+00
-5.875 0.125 0.0000e+00
-5.875 0.175 0.0000e+00
-5.875 0.225 0.0000e+00
-5.875 0.275 0.0000e+00
-5.875 0.325 0.0000e+00
-5.875 0.375 0.0000e+00
-5.875 0.425 0.0000e+00
-5.875 0.475 0.0000e+00
-5.875 0.525 0.0000e+00
-5.875 0.575 0.0000e+00
-5.875 0.625 0.0000e+00
-5.875 0.675 0.0000e+00
-5.875 0.725 0.0000e+00
-5.875 0.775 0.0000e+00
-5.875 0.825 0.0000e+00
-5.875 0.875 0.0000e+00
-5.875 0.925 0.0000e+00
-5.875 0.975 0.0000e+00
-5.875 1.025 0.0000e+00
-5.875 1.075 0.0000e+00
-5.875 1.125 0.0000e+00
-5.875 1.175 0.0000e+00
-5.875 1.225 3.0382e-21
-5.875 1.275 6.0693e-21
-5.875 1.325 1.2126e-20
-5.875 1.375 2.4231e-20
-5.875 1.425 4.8428e-20
-5.875 1.475 9.6810e-20
-5.875 1.525 1.9357e-19
-5.875 1.575 3.8715e-19
-5.875 1.625 7.7453e-19
-5.875 1.675 1.5500e-18
-5.875 1.725 3.1032e-18
-5.875 1.775 6.2151e-18
-5.875 1.825 1.2454e-17
-5.875 1.875 2.4967e-17
-5.875 1.925 5.0083e-17
-5.875 1.975 1.0053e-16
-5.875 2.025 2.0195e-16
-5.875 2.075 4.0602e-16
-5.875 2.125 8.1707e-16
-5.875 2.175 1.6460e-15
-5.875 2.225 3.3199e-15
-5.875 2.275 6.7050e-15
-5.875 2.325 1.3562e-14
-5.875 2.375 2.7480e-14
-5.875 2.425 5.5787e-14
-5.875 2.475 1.1350e-13
-5.875 2.525 2.3150e-13
-5.875 2.575 4.7350e-13
-5.875 2.625 9.7156e-13
-5.875 2.675 2.0007e-12
-5.875 2.725 4.1370e-12
-5.875 2.775 8.5944e-12
-5.875 2.825 1.7950e-11
-5.875 2.875 3.7719e-11
-5.875 2.925 7.9819e-11
-5.875 2.975 1.7028e-10
-5.875 3.025 3.6663e-10
-5.875 3.075 7.9799e-10
-5.875 3.125 1.7588e-09
-5.875 3.175 3.9337e-09
-5.875 3.225 8.9519e-09
-5.875 3.275 2.0794e-08
-5.875 3.325 4.9504e-08
-5.875 3.375 1.2141e-07
-5.875 3.425 3.0884e-07
-5.875 3.475 8.2212e-07
-5.875 3.525 2.3187e-06
-5.875 3.575 7.0524e-06
-5.875 3.625 2.3752e-05
-5.875 3.675 9.2374e-05
-5.875 3.725 4.4504e-04
-5.875 3.775 2.9918e-03
-5.875 3.825 3.4407e-02
-5.875 3.875 0.0000e+00
-5.875 3.925 0.0000e+00
-5.875 3.975 0.0000e+00
-5.825 -1.975 0.0000e+00
-5.825 -1.925 0.0000e+00
-5.825 -1.875 0.0000e+00
-5.825 -1.825 0.0000e+00
-5.825 -1.775 0.0000e+00
-5.825 -1.725 0.0000e+00
-5.825 -1.675 0.0000e+00
-5.825 -1.625 0.0000e+00
-5.825 -1.575 0.0000e+00
-5.825 -1.525 0.0000e+00
-5.825 -1.475 0.0000e+00
-5.825 -1.425 0.0000e+00
-5.825 -1.375 0.0000e+00
-5.825 -1.325 0.0000e+00
-5.825 -1.275 0.0000e+00
-5.825 -1.225 0.0000e+00
-5.825 -1.175 0.0000e+00
-5.825 -1.125 0.0000e+00
-5.825 -1.075 0.0000e+00
-5.825 -1.025 0.0000e+00
-5.825 -0.975 0.0000e+00
-5.825 -0.925 0.0000e+00
-5.825 -0.875 0.0000e+00
-5.825 -0.825 0.0000e+00
-5.825 -0.775 0.0000e+00
-5.825 -0.725 0.0000e+00
-5.825 -0.675 0.0000e+00
-5.825 -0.625 0.0000e+00
-5.825 -0.575 0.0000e+00
-5.825 -0.525 0.0000e+00
-5.825 -0.475 0.0000e+00
-5.825 -0.425 0.0000e+00
-5.825 -0.375 0.0000e+00
-5.825 -0.325 0.0000e+00
-5.825 -0.275 0.0000e+00
-5.825 -0.225 0.0000e+00
-5.825 -0.175 0.0000e+00
-5.825 -0.125 0.0000e+00
-5.825 -0.075 0.0000e+00
-5.825 -0.025 0.0000e+00
-5.825 0.025 0.0000e+00
-5.825 0.075 0.0000e+00
-5.825 0.125 0.0000e+00
-5.825 0.175 0.0000e+00
-5.825 0.225 0.0000e+00
-5.825 0.275 0.0000e+00
-5.825 0.325 0.0000e+00
-5.825 0.375 0.0000e+00
-5.825 0.425 0.0000e+00
-5.825 0.475 0.0000e+00
-5.825 0.525 0.0000e+00
-5.825 0.575 0.0000e+00
-5.825 0.625 0.0000e+00
-5.825 0.675 0.0000e+00
-5.825 0.725 0.0000e+00
-5.825 0.775 0.0000e+00
-5.825 0.825 0.0000e+00
-5.825 0.875 0.0000e+00
-5.825 0.925 0.0000e+00
-5.825 0.975 0.0000e+00
-5.825 1.025 0.0000e+00
-5.825 1.075 0.0000e+00
-5.825 1.125 0.0000e+00
-5.825 1.175 0.0000e+00
-5.825 1.225 3.8249e-21
-5.825 1.275 7.6408e-21
-5.825 1.325 1.5266e-20
-5.825 1.375 3.0505e-20
-5.825 1.425 6.0968e-20
-5.825 1.475 1.2188e-19
-5.825 1.525 2.4369e-19
-5.825 1.575 4.8739e-19
-5.825 1.625 9.7507e-19
-5.825 1.675 1.9514e-18
-5.825 1.725 3.9067e-18
-5.825 1.775 7.8243e-18
-5.825 1.825 1.5678e-17
-5.825 1.875 3.1432e-17
-5.825 1.925 6.3051e-17
-5.825 1.975 1.2656e-16
-5.825 2.025 2.5424e-16
-5.825 2.075 5.1115e-16
-5.825 2.125 1.0286e-15
-5.825 2.175 2.0722e-15
-5.825 2.225 4.1795e-15
-5.825 2.275 8.4411e-15
-5.825 2.325 1.7074e-14
-5.825 2.375 3.4595e-14
-5.825 2.425 7.0232e-14
-5.825 2.475 1.4289e-13
-5.825 2.525 2.9145e-13
-5.825 2.575 5.9611e-13
-5.825 2.625 1.2231e-12
-5.825 2.675 2.5188e-12
-5.825 2.725 5.2082e-12
-5.825 2.775 1.0820e-11
-5.825 2.825 2.2598e-11
-5.825 2.875 4.7486e-11
-5.825 2.925 1.0049e-10
-5.825 2.975 2.1436e-10
-5.825 3.025 4.6157e-10
-5.825 3.075 1.0046e-09
-5.825 3.125 2.2142e-09
-5.825 3.175 4.9523e-09
-5.825 3.225 1.1270e-08
-5.825 3.275 2.6178e-08
-5.825 3.325 6.2322e-08
-5.825 3.375 1.5285e-07
-5.825 3.425 3.8880e-07
-5.825 3.475 1.0350e-06
-5.825 3.525 2.9191e-06
-5.825 3.575 8.8784e-06
-5.825 3.625 2.9902e-05
-5.825 3.675 1.1629e-04
-5.825 3.725 5.6027e-04
-5.825 3.775 3.7664e-03
-5.825 3.825 4.3315e-02
-5.825 3.875 0.0000e+00
-5.825 3.925 0.0000e+00
-5.825 3.975 0.0000e+00
-5.775 -1.975 0.0000e+00
-5.775 -1.925 0.0000e+00
-5.775 -1.875 0.0000e+00
-5.775 -1.825 0.0000e+00
-5.775 -1.775 0.0000e+00
-5.775 -1.725 0.0000e+00
-5.775 -1.675 0.0000e+00
-5.775 -1.625 0.0000e+00
-5.775 -1.575 0.0000e+00
-5.775 -1.525 0.0000e+00
-5.775 -1.475 0.0000e+00
-5.775 -1.425 0.0000e+00
-5.775 -1.375 0.0000e+00
-5.775 -1.325 0.0000e+00
-5.775 -1.275 0.0000e+00
-5.775 -1.225 0.0000e+00
-5.775 -1.175 0.0000e+00
-5.775 -1.125 0.0000e+00
-5.775 -1.075 0.0000e+00
-5.775 -1.025 0.0000e+00
-5.775 -0.975 0.0000e+00
-5.775 -0.925 0.0000e+00
-5.775 -0.875 0.0000e+00
-5.775 -0.825 0.0000e+00
-5.775 -0.775 0.0000e+00
-5.775 -0.725 0.0000e+00
-5.775 -0.675 0.0000e+00
-5.775 -0.625 0.0000e+00
-5.775 -0.575 0.0000e+00
-5.775 -0.525 0.0000e+00
-5.775 -0.475 0.0000e+00
-5.775 -0.425 0.0000e+00
-5.775 -0.375 0.0000e+00
-5.775 -0.325 0.0000e+00
-5.775 -0.275 0.0000e+00
-5.775 -0.225 0.0000e+00
-5.775 -0.175 0.0000e+00
-5.775 -0.125 0.0000e+00
-5.775 -0.075 0.0000e+00
-5.775 -0.025 0.0000e+00
-5.775 0.025 0.0000e+00
-5.775 0.075 0.0000e+00
-5.775 0.125 0.0000e+00
-5.775 0.175 0.0000e+00
-5.775 0.225 0.0000e+00
-5.775 0.275 0.0000e+00
-5.775 0.325 0.0000e+00
-5.775 0.375 0.0000e+00
-5.775 0.425 0.0000e+00
-5.775 0.475 0.0000e+00
-5.775 0.525 0.0000e+00
-5.775 0.575 0.0000e+00
-5.775 0.625 0.0000e+00
-5.775 0.675 0.0000e+00
-5.775 0.725 0.0000e+00
-5.775 0.775 0.0000e+00
-5.775 0.825 0.0000e+00
-5.775 0.875 0.0000e+00
-5.775 0.925 0.0000e+00
-5.775 0.975 0.0000e+00
-5.775 1.025 0.0000e+00
-5.775 1.075 0.0000e+00
-5.775 1.125 0.0000e+00
-5.775 1.175 0.0000e+00
-5.775 1.225 4.8153e-21
-5.775 1.275 9.6192e-21
-5.775 1.325 1.9218e-20
-5.775 1.375 3.8403e-20
-5.775 1.425 7.6754e-20
-5.775 1.475 1.5343e-19
-5.775 1.525 3.0679e-19
-5.775 1.575 6.1359e-19
-5.775 1.625 1.2275e-18
-5.775 1.675 2.4566e-18
-5.775 1.725 4.9182e-18
-5.775 1.775 9.8503e-18
-5.775 1.825 1.9738e-17
-5.775 1.875 3.9570e-17
-5.775 1.925 7.9377e-17
-5.775 1.975 1.5933e-16
-5.775 2.025 3.2007e-16
-5.775 2.075 6.4350e-16
-5.775 2.125 1.2950e-15
-5.775 2.175 2.6087e-15
-5.775 2.225 5.2617e-15
-5.775 2.275 1.0627e-14
-5.775 2.325 2.1495e-14
-5.775 2.375 4.3553e-14
-5.775 2.425 8.8417e-14
-5.775 2.475 1.7989e-13
-5.775 2.525 3.6691e-13
-5.775 2.575 7.5045e-13
-5.775 2.625 1.5398e-12
-5.775 2.675 3.1709e-12
-5.775 2.725 6.5567e-12
-5.775 2.775 1.3621e-11
-5.775 2.825 2.8449e-11
-5.775 2.875 5.9781e-11
-5.775 2.925 1.2651e-10
-5.775 2.975 2.6987e-10
-5.775 3.025 5.8108e-10
-5.775 3.075 1.2647e-09
-5.775 3.125 2.7875e-09
-5.775 3.175 6.2345e-09
-5.775 3.225 1.4188e-08
-5.775 3.275 3.2956e-08
-5.775 3.325 7.8458e-08
-5.775 3.375 1.9242e-07
-5.775 3.425 4.8947e-07
-5.775 3.475 1.3030e-06
-5.775 3.525 3.6749e-06
-5.775 3.575 1.1177e-05
-5.775 3.625 3.7644e-05
-5.775 3.675 1.4640e-04
-5.775 3.725 7.0533e-04
-5.775 3.775 4.7416e-03
-5.775 3.825 5.4529e-02
-5.775 3.875 0.0000e+00
-5.775 3.925 0.0000e+00
-5.775 3.975 0.0000e+00
-5.725 -1.975 0.0000e+00
-5.725 -1.925 0.0000e+00
-5.725 -1.875 0.0000e+00
-5.725 -1.825 0.0000e+00
-5.725 -1.775 0.0000e+00
-5.725 -1.725 0.0000e+00
-5.725 -1.675 0.0000e+00
-5.725 -1.625 0.0000e+00
-5.725 -1.575 0.0000e+00
-5.725 -1.525 0.0000e+00
-5.725 -1.475 0.0000e+00
-5.725 -1.425 0.0000e+00
-5.725 -1.375 0.0000e+00
-5.725 -1.325 0.0000e+00
-5.725 -1.275 0.0000e+00
-5.725 -1.225 0.0000e+00
-5.725 -1.175 0.0000e+00
-5.725 -1.125 0.0000e+00
-5.725 -1.075 0.0000e+00
-5.725 -1.025 0.0000e+00
-5.725 -0.975 0.0000e+00
-5.725 -0.925 0.0000e+00
-5.725 -0.875 0.0000e+00
-5.725 -0.825 0.0000e+00
-5.725 -0.775 0.0000e+00
-5.725 -0.725 0.0000e+00
-5.725 -0.675 0.0000e+00
-5.725 -0.625 0.0000e+00
-5.725 -0.575 0.0000e+00
-5.725 -0.525 0.0000e+00
-5.725 -0.475 0.0000e+00
-5.725 -0.425 0.0000e+00
-5.725 -0.375 0.0000e+00
-5.725 -0.325 0.0000e+00
-5.725 -0.275 0.0000e+00
-5.725 -0.225 0.0000e+00
-5.725 -0.175 0.0000e+00
-5.725 -0.125 0.0000e+00
-5.725 -0.075 0.0000e+00
-5.725 -0.025 0.0000e+00
-5.725 0.025 0.0000e+00
-5.725 0.075 0.0000e+00
-5.725 0.125 0.0000e+00
-5.725 0.175 0.0000e+00
-5.725 0.225 0.0000e+00
-5.725 0.275 0.0000e+00
-5.725 0.325 0.0000e+00
-5.725 0.375 0.0000e+00
-5.725 0.425 0.0000e+00
-5.725 0.475 0.0000e+00
-5.725 0.525 0.0000e+00
-5.725 0.575 0.0000e+00
-5.725 0.625 0.0000e+00
-5.725 0.675 0.0000e+00
-5.725 0.725 0.0000e+00
-5.725 0.775 0.0000e+00
-5.725 0.825 0.0000e+00
-5.725 0.875 0.0000e+00
-5.725 0.925 0.0000e+00
-5.725 0.975 0.0000e+00
-5.725 1.025 0.0000e+00
-5.725 1.075 0.0000e+00
-5.725 1.125 0.0000e+00
-5.725 1.175 0.0000e+00
-5.725 1.225 6.0621e-21
-5.725 1.275 1.2110e-20
-5.725 1.325 2.4195e-20
-5.725 1.375 4.8347e-20
-5.725 1.425 9.6627e-20
-5.725 1.475 1.9316e-19
-5.725 1.525 3.8623e-19
-5.725 1.575 7.7246e-19
-5.725 1.625 1.5454e-18
-5.725 1.675 3.0927e-18
-5.725 1.725 6.1916e-18
-5.725 1.775 1.2401e-17
-5.725 1.825 2.4848e-17
-5.725 1.875 4.9816e-17
-5.725 1.925 9.9930e-17
-5.725 1.975 2.0059e-16
-5.725 2.025 4.0295e-16
-5.725 2.075 8.1012e-16
-5.725 2.125 1.6303e-15
-5.725 2.175 3.2842e-15
-5.725 2.225 6.6240e-15
-5.725 2.275 1.3378e-14
-5.725 2.325 2.7060e-14
-5.725 2.375 5.4830e-14
-5.725 2.425 1.1131e-13
-5.725 2.475 2.2647e-13
-5.725 2.525 4.6191e-13
-5.725 2.575 9.4476e-13
-5.725 2.625 1.9385e-12
-5.725 2.675 3.9920e-12
-5.725 2.725 8.2544e-12
-5.725 2.775 1.7148e-11
-5.725 2.825 3.5815e-11
-5.725 2.875 7.5260e-11
-5.725 2.925 1.5926e-10
-5.725 2.975 3.3974e-10
-5.725 3.025 7.3153e-10
-5.725 3.075 1.5922e-09
-5.725 3.125 3.5092e-09
-5.725 3.175 7.8488e-09
-5.725 3.225 1.7861e-08
-5.725 3.275 4.1489e-08
-5.725 3.325 9.8773e-08
-5.725 3.375 2.4225e-07
-5.725 3.425 6.1620e-07
-5.725 3.475 1.6403e-06
-5.725 3.525 4.6264e-06
-5.725 3.575 1.4071e-05
-5.725 3.625 4.7390e-05
-5.725 3.675 1.8431e-04
-5.725 3.725 8.8795e-04
-5.725 3.775 5.9692e-03
-5.725 3.825 6.8645e-02
-5.725 3.875 0.0000e+00
-5.725 3.925 0.0000e+00
-5.725 3.975 0.0000e+00
-5.675 -1.975 0.0000e+00
-5.675 -1.925 0.0000e+00
-5.675 -1.875 0.0000e+00
-5.675 -1.825 0.0000e+00
-5.675 -1.775 0.0000e+00
-5.675 -1.725 0.0000e+00
-5.675 -1.675 0.0000e+00
-5.675 -1.625 0.0000e+00
-5.675 -1.575 0.0000e+00
-5.675 -1.525 0.0000e+00
-5.675 -1.475 0.0000e+00
-5.675 -1.425 0.0000e+00
-5.675 -1.375 0.0000e+00
-5.675 -1.325 0.0000e+00
-5.675 -1.275 0.0000e+00
-5.675 -1.225 0.0000e+00
-5.675 -1.175 0.0000e+00
-5.675 -1.125 0.0000e+00
-5.675 -1.075 0.0000e+00
-5.675 -1.025 0.0000e+00
-5.675 -0.975 0.0000e+00
-5.675 -0.925 0.0000e+00
-5.675 -0.875 0.0000e+00
-5.675 -0.825 0.0000e+00
-5.675 -0.775 0.0000e+00
-5.675 -0.725 0.0000e+00
-5.675 -0.675 0.0000e+00
-5.675 -0.625 0.0000e+00
-5.675 -0.575 0.0000e+00
-5.675 -0.525 0.0000e+00
-5.675 -0.475 0.0000e+00
-5.675 -0.425 0.0000e+00
-5.675 -0.375 0.0000e+00
-5.675 -0.325 0.0000e+00
-5.675 -0.275 0.0000e+00
-5.675 -0.225 0.0000e+00
-5.675 -0.175 0.0000e+00
-5.675 -0.125 0.0000e+00
-5.675 -0.075 0.0000e+00
-5.675 -0.025 0.0000e+00
-5.675 0.025 0.0000e+00
-5.675 0.075 0.0000e+00
-5.675 0.125 0.0000e+00
-5.675 0.175 0.0000e+00
-5.675 0.225 0.0000e+00
-5.675 0.275 0.0000e+00
-5.675 0.325 0.0000e+00
-5.675 0.375 0.0000e+00
-5.675 0.425 0.0000e+00
-5.675 0.475 0.0000e+00
-5.675 0.525 0.0000e+00
-5.675 0.575 0.0000e+00
-5.675 0.625 0.0000e+00
-5.675 0.675 0.0000e+00
-5.675 0.725 0.0000e+00
-5.675 0.775 0.0000e+00
-5.675 0.825 0.0000e+00
-5.675 0.875 0.0000e+00
-5.675 0.925 0.0000e+00
-5.675 0.975 0.0000e+00
-5.675 1.025 0.0000e+00
-5.675 1.075 0.0000e+00
-5.675 1.125 0.0000e+00
-5.675 1.175 0.0000e+00
-5.675 1.225 7.6317e-21
-5.675 1.275 1.5245e-20
-5.675 1.325 3.0459e-20
-5.675 1.375 6.0865e-20
-5.675 1.425 1.2165e-19
-5.675 1.475 2.4318e-19
-5.675 1.525 4.8623e-19
-5.675 1.575 9.7247e-19
-5.675 1.625 1.9455e-18
-5.675 1.675 3.8935e-18
-5.675 1.725 7.7948e-18
-5.675 1.775 1.5612e-17
-5.675 1.825 3.1282e-17
-5.675 1.875 6.2714e-17
-5.675 1.925 1.2580e-16
-5.675 1.975 2.5253e-16
-5.675 2.025 5.0728e-16
-5.675 2.075 1.0199e-15
-5.675 2.125 2.0524e-15
-5.675 2.175 4.1346e-15
-5.675 2.225 8.3392e-15
-5.675 2.275 1.6842e-14
-5.675 2.325 3.4067e-14
-5.675 2.375 6.9026e-14
-5.675 2.425 1.4013e-13
-5.675 2.475 2.8511e-13
-5.675 2.525 5.8151e-13
-5.675 2.575 1.1894e-12
-5.675 2.625 2.4405e-12
-5.675 2.675 5.0256e-12
-5.675 2.725 1.0392e-11
-5.675 2.775 2.1588e-11
-5.675 2.825 4.5088e-11
-5.675 2.875 9.4747e-11
-5.675 2.925 2.0050e-10
-5.675 2.975 4.2771e-10
-5.675 3.025 9.2094e-10
-5.675 3.075 2.0045e-09
-5.675 3.125 4.4179e-09
-5.675 3.175 9.8811e-09
-5.675 3.225 2.2486e-08
-5.675 3.275 5.2232e-08
-5.675 3.325 1.2435e-07
-5.675 3.375 3.0497e-07
-5.675 3.425 7.7575e-07
-5.675 3.475 2.0650e-06
-5.675 3.525 5.8243e-06
-5.675 3.575 1.7715e-05
-5.675 3.625 5.9661e-05
-5.675 3.675 2.3203e-04
-5.675 3.725 1.1178e-03
-5.675 3.775 7.5146e-03
-5.675 3.825 8.6414e-02
-5.675 3.875 0.0000e+00
-5.675 3.925 0.0000e+00
-5.675 3.975 0.0000e+00
-5.625 -1.975 0.0000e+00
-5.625 -1.925 0.0000e+00
-5.625 -1.875 0.0000e+00
-5.625 -1.825 0.0000e+00
-5.625 -1.775 0.0000e+00
-5.625 -1.725 0.0000e+00
-5.625 -1.675 0.0000e+00
-5.625 -1.625 0.0000e+00
-5.625 -1.575 0.0000e+00
-5.625 -1.525 0.0000e+00
-5.625 -1.475 0.0000e+00
-5.625 -1.425 0.0000e+00
-5.625 -1.375 0.0000e+00
-5.625 -1.325 0.0000e+00
-5.625 -1.275 0.0000e+00
-5.625 -1.225 0.0000e+00
-5.625 -1.175 0.0000e+00
-5.625 -1.125 0.0000e+00
-5.625 -1.075 0.0000e+00
-5.625 -1.025 0.0000e+00
-5.625 -0.975 0.0000e+00
-5.625 -0.925 0.0000e+00
-5.625 -0.875 0.0000e+00
-5.625 -0.825 0.0000e+00
-5.625 -0.775 0.0000e+00
-5.625 -0.725 0.0000e+00
-5.625 -0.675 0.0000e+00
-5.625 -0.625 0.0000e+00
-5.625 -0.575 0.0000e+00
-5.625 -0.525 0.0000e+00
-5.625 -0.475 0.0000e+00
-5.625 -0.425 0.0000e+00
-5.625 -0.375 0.0000e+00
-5.625 -0.325 0.0000e+00
-5.625 -0.275 0.0000e+00
-5.625 -0.225 0.0000e+00
-5.625 -0.175 0.0000e+00
-5.625 -0.125 0.0000e+00
-5.625 -0.075 0.0000e+00
-5.625 -0.025 0.0000e+00
-5.625 0.025 0.0000e+00
-5.625 0.075 0.0000e+00
-5.625 0.125 0.0000e+00
-5.625 0.175 0.0000e+00
-5.625 0.225 0.0000e+00
-5.625 0.275 0.0000e+00
-5.625 0.325 0.0000e+00
-5.625 0.375 0.0000e+00
-5.625 0.425 0.0000e+00
-5.625 0.475 0.0000e+00
-5.625 0.525 0.0000e+00
-5.625 0.575 0.0000e+00
-5.625 0.625 0.0000e+00
-5.625 0.675 0.0000e+00
-5.625 0.725 0.0000e+00
-5.625 0.775 0.0000e+00
-5.625 0.825 0.0000e+00
-5.625 0.875 0.0000e+00
-5.625 0.925 0.0000e+00
-5.625 0.975 0.0000e+00
-5.625 1.025 0.0000e+00
-5.625 1.075 0.0000e+00
-5.625 1.125 0.0000e+00
-5.625 1.175 0.0000e+00
-5.625 1.225 9.6077e-21
-5.625 1.275 1.9193e-20
-5.625 1.325 3.8346e-20
-5.625 1.375 7.6625e-20
-5.625 1.425 1.5314e-19
-5.625 1.475 3.0614e-19
-5.625 1.525 6.1213e-19
-5.625 1.575 1.2243e-18
-5.625 1.625 2.4493e-18
-5.625 1.675 4.9016e-18
-5.625 1.725 9.8131e-18
-5.625 1.775 1.9654e-17
-5.625 1.825 3.9382e-17
-5.625 1.875 7.8952e-17
-5.625 1.925 1.5838e-16
-5.625 1.975 3.1791e-16
-5.625 2.025 6.3863e-16
-5.625 2.075 1.2840e-15
-5.625 2.125 2.5838e-15
-5.625 2.175 5.2051e-15
-5.625 2.225 1.0498e-14
-5.625 2.275 2.1203e-14
-5.625 2.325 4.2888e-14
-5.625 2.375 8.6899e-14
-5.625 2.425 1.7642e-13
-5.625 2.475 3.5893e-13
-5.625 2.525 7.3208e-13
-5.625 2.575 1.4974e-12
-5.625 2.625 3.0724e-12
-5.625 2.675 6.3268e-12
-5.625 2.725 1.3082e-11
-5.625 2.775 2.7178e-11
-5.625 2.825 5.6763e-11
-5.625 2.875 1.1928e-10
-5.625 2.925 2.5241e-10
-5.625 2.975 5.3846e-10
-5.625 3.025 1.1594e-09
-5.625 3.075 2.5235e-09
-5.625 3.125 5.5617e-09
-5.625 3.175 1.2440e-08
-5.625 3.225 2.8308e-08
-5.625 3.275 6.5756e-08
-5.625 3.325 1.5654e-07
-5.625 3.375 3.8394e-07
-5.625 3.425 9.7661e-07
-5.625 3.475 2.5997e-06
-5.625 3.525 7.3323e-06
-5.625 3.575 2.2301e-05
-5.625 3.625 7.5108e-05
-5.625 3.675 2.9210e-04
-5.625 3.725 1.4073e-03
-5.625 3.775 9.4601e-03
-5.625 3.825 1.0878e-01
-5.625 3.875 0.0000e+00
-5.625 3.925 0.0000e+00
-5.625 3.975 0.0000e+00
-5.575 -1.975 0.0000e+00
-5.575 -1.925 0.0000e+00
-5.575 -1.875 0.0000e+00
-5.575 -1.825 0.0000e+00
-5.575 -1.775 0.0000e+00
-5.575 -1.725 0.0000e+00
-5.575 -1.675 0.0000e+00
-5.575 -1.625 0.0000e+00
-5.575 -1.575 0.0000e+00
-5.575 -1.525 0.0000e+00
-5.575 -1.475 0.0000e+00
-5.575 -1.425 0.0000e+00
-5.575 -1.375 0.0000e+00
-5.575 -1.325 0.0000e+00
-5.575 -1.275 0.0000e+00
-5.575 -1.225 0.0000e+00
-5.575 -1.175 0.0000e+00
-5.575 -1.125 0.0000e+00
-5.575 -1.075 0.0000e+00
-5.575 -1.025 0.0000e+00
-5.575 -0.975 0.0000e+00
-5.575 -0.925 0.0000e+00
-5.575 -0.875 0.0000e+00
-5.575 -0.825 0.0000e+00
-5.575 -0.775 0.0000e+00
-5.575 -0.725 0.0000e+00
-5.575 -0.675 0.0000e+00
-5.575 -0.625 0.0000e+00
-5.575 -0.575 0.0000e+00
-5.575 -0.525 0.0000e+00
-5.575 -0.475 0.0000e+00
-5.575 -0.425 0.0000e+00
-5.575 -0.375 0.0000e+00
-5.575 -0.325 0.0000e+00
-5.575 -0.275 0.0000e+00
-5.575 -0.225 0.0000e+00
-5.575 -0.175 0.0000e+00
-5.575 -0.125 0.0000e+00
-5.575 -0.075 0.0000e+00
-5.575 -0.025 0.0000e+00
-5.575 0.025 0.0000e+00
-5.575 0.075 0.0000e+00
-5.575 0.125 0.0000e+00
-5.575 0.175 0.0000e+00
-5.575 0.225 0.0000e+00
-5.575 0.275 0.0000e+00
-5.575 0.325 0.0000e+00
-5.575 0.375 0.0000e+00
-5.575 0.425 0.0000e+00
-5.575 0.475 0.0000e+00
-5.575 0.525 0.0000e+00
-5.575 0.575 0.0000e+00
-5.575 0.625 0.0000e+00
-5.575 0.675 0.0000e+00
-5.575 0.725 0.0000e+00
-5.575 0.775 0.0000e+00
-5.575 0.825 0.0000e+00
-5.575 0.875 0.0000e+00
-5.575 0.925 0.0000e+00
-5.575 0.975 0.0000e+00
-5.575 1.025 0.0000e+00
-5.575 1.075 0.0000e+00
-5.575 1.125 0.0000e+00
-5.575 1.175 0.0000e+00
-5.575 1.225 1.2095e-20
-5.575 1.275 2.4162e-20
-5.575 1.325 4.8274e-20
-5.575 1.375 9.6465e-20
-5.575 1.425 1.9280e-19
-5.575 1.475 3.8541e-19
-5.575 1.525 7.7062e-19
-5.575 1.575 1.5413e-18
-5.575 1.625 3.0835e-18
-5.575 1.675 6.1708e-18
-5.575 1.725 1.2354e-17
-5.575 1.775 2.4743e-17
-5.575 1.825 4.9578e-17
-5.575 1.875 9.9395e-17
-5.575 1.925 1.9939e-16
-5.575 1.975 4.0023e-16
-5.575 2.025 8.0398e-16
-5.575 2.075 1.6164e-15
-5.575 2.125 3.2528e-15
-5.575 2.175 6.5529e-15
-5.575 2.225 1.3217e-14
-5.575 2.275 2.6693e-14
-5.575 2.325 5.3993e-14
-5.575 2.375 1.0940e-13
-5.575 2.425 2.2209e-13
-5.575 2.475 4.5187e-13
-5.575 2.525 9.2163e-13
-5.575 2.575 1.8851e-12
-5.575 2.625 3.8679e-12
-5.575 2.675 7.9650e-12
-5.575 2.725 1.6470e-11
-5.575 2.775 3.4215e-11
-5.575 2.825 7.1460e-11
-5.575 2.875 1.5016e-10
-5.575 2.925 3.1777e-10
-5.575 2.975 6.7788e-10
-5.575 3.025 1.4596e-09
-5.575 3.075 3.1769e-09
-5.575 3.125 7.0018e-09
-5.575 3.175 1.5660e-08
-5.575 3.225 3.5638e-08
-5.575 3.275 8.2782e-08
-5.575 3.325 1.9708e-07
-5.575 3.375 4.8335e-07
-5.575 3.425 1.2295e-06
-5.575 3.475 3.2728e-06
-5.575 3.525 9.2307e-06
-5.575 3.575 2.8075e-05
-5.575 3.625 9.4554e-05
-5.575 3.675 3.6773e-04
-5.575 3.725 1.7716e-03
-5.575 3.775 1.1909e-02
-5.575 3.825 1.3694e-01
-5.575 3.875 0.0000e+00
-5.575 3.925 0.0000e+00
-5.575 3.975 0.0000e+00
-5.525 -1.975 0.0000e+00
-5.525 -1.925 0.0000e+00
-5.525 -1.875 0.0000e+00
-5.525 -1.825 0.0000e+00
-5.525 -1.775 0.0000e+00
-5.525 -1.725 0.0000e+00
-5.525 -1.675 0.0000e+00
-5.525 -1.625 0.0000e+00
-5.525 -1.575 0.0000e+00
-5.525 -1.525 0.0000e+00
-5.525 -1.475 0.0000e+00
-5.525 -1.425 0.0000e+00
-5.525 -1.375 0.0000e+00
-5.525 -1.325 0.0000e+00
-5.525 -1.275 0.0000e+00
-5.525 -1.225 0.0000e+00
-5.525 -1.175 0.0000e+00
-5.525 -1.125 0.0000e+00
-5.525 -1.075 0.0000e+00
-5.525 -1.025 0.0000e+00
-5.525 -0.975 0.0000e+00
-5.525 -0.925 0.0000e+00
-5.525 -0.875 0.0000e+00
-5.525 -0.825 0.0000e+00
-5.525 -0.775 0.0000e+00
-5.525 -0.725 0.0000e+00
-5.525 -0.675 0.0000e+00
-5.525 -0.625 0.0000e+00
-5.525 -0.575 0.0000e+00
-5.525 -0.525 0.0000e+00
-5.525 -0.475 0.0000e+00
-5.525 -0.425 0.0000e+00
-5.525 -0.375 0.0000e+00
-5.525 -0.325 0.0000e+00
-5.525 -0.275 0.0000e+00
-5.525 -0.225 0.0000e+00
-5.525 -0.175 0.0000e+00
-5.525 -0.125 0.0000e+00
-5.525 -0.075 0.0000e+00
-5.525 -0.025 0.0000e+00
-5.525 0.025 0.0000e+00
-5.525 0.075 0.0000e+00
-5.525 0.125 0.0000e+00
-5.525 0.175 0.0000e+00
-5.525 0.225 0.0000e+00
-5.525 0.275 0.0000e+00
-5.525 0.325 0.0000e+00
-5.525 0.375 0.0000e+00
-5.525 0.425 0.0000e+00
-5.525 0.475 0.0000e+00
-5.525 0.525 0.0000e+00
-5.525 0.575 0.0000e+00
-5.525 0.625 0.0000e+00
-5.525 0.675 0.0000e+00
-5.525 0.725 0.0000e+00
-5.525 0.775 0.0000e+00
-5.525 0.825 0.0000e+00
-5.525 0.875 0.0000e+00
-5.525 0.925 0.0000e+00
-5.525 0.975 0.0000e+00
-5.525 1.025 0.0000e+00
-5.525 1.075 0.0000e+00
-5.525 1.125 0.0000e+00
-5.525 1.175 0.0000e+00
-5.525 1.225 1.5227e-20
-5.525 1.275 3.0418e-20
-5.525 1.325 6.0774e-20
-5.525 1.375 1.2144e-19
-5.525 1.425 2.4272e-19
-5.525 1.475 4.8520e-19
-5.525 1.525 9.7016e-19
-5.525 1.575 1.9403e-18
-5.525 1.625 3.8818e-18
-5.525 1.675 7.7686e-18
-5.525 1.725 1.5553e-17
-5.525 1.775 3.1149e-17
-5.525 1.825 6.2416e-17
-5.525 1.875 1.2513e-16
-5.525 1.925 2.5101e-16
-5.525 1.975 5.0386e-16
-5.525 2.025 1.0122e-15
-5.525 2.075 2.0349e-15
-5.525 2.125 4.0951e-15
-5.525 2.175 8.2496e-15
-5.525 2.225 1.6639e-14
-5.525 2.275 3.3605e-14
-5.525 2.325 6.7973e-14
-5.525 2.375 1.3773e-13
-5.525 2.425 2.7960e-13
-5.525 2.475 5.6886e-13
-5.525 2.525 1.1603e-12
-5.525 2.575 2.3731e-12
-5.525 2.625 4.8693e-12
-5.525 2.675 1.0027e-11
-5.525 2.725 2.0734e-11
-5.525 2.775 4.3074e-11
-5.525 2.825 8.9963e-11
-5.525 2.875 1.8904e-10
-5.525 2.925 4.0004e-10
-5.525 2.975 8.5340e-10
-5.525 3.025 1.8375e-09
-5.525 3.075 3.9994e-09
-5.525 3.125 8.8148e-09
-5.525 3.175 1.9715e-08
-5.525 3.225 4.4865e-08
-5.525 3.275 1.0422e-07
-5.525 3.325 2.4810e-07
-5.525 3.375 6.0849e-07
-5.525 3.425 1.5478e-06
-5.525 3.475 4.1202e-06
-5.525 3.525 1.1621e-05
-5.525 3.575 3.5344e-05
-5.525 3.625 1.1903e-04
-5.525 3.675 4.6294e-04
-5.525 3.725 2.2303e-03
-5.525 3.775 1.4992e-02
-5.525 3.825 1.7238e-01
-5.525 3.875 0.0000e+00
-5.525 3.925 0.0000e+00
-5.525 3.975 0.0000e+00
-5.475 -1.975 0.0000e+00
-5.475 -1.925 0.0000e+00
-5.475 -1.875 0.0000e+00
-5.475 -1.825 0.0000e+00
-5.475 -1.775 0.0000e+00
-5.475 -1.725 0.0000e+00
-5.475 -1.675 0.0000e+00
-5.475 -1.625 0.0000e+00
-5.475 -1.575 0.0000e+00
-5.475 -1.525 0.0000e+00
-5.475 -1.475 0.0000e+00
-5.475 -1.425 0.0000e+00
-5.475 -1.375 0.0000e+00
-5.475 -1.325 0.0000e+00
-5.475 -1.275 0.0000e+00
-5.475 -1.225 0.0000e+00
-5.475 -1.175 0.0000e+00
-5.475 -1.125 0.0000e+00
-5.475 -1.075 0.0000e+00
-5.475 -1.025 0.0000e+00
-5.475 -0.975 0.0000e+00
-5.475 -0.925 0.0000e+00
-5.475 -0.875 0.0000e+00
-5.475 -0.825 0.0000e+00
-5.475 -0.775 0.0000e+00
-5.475 -0.725 0.0000e+00
-5.475 -0.675 0.0000e+00
-5.475 -0.625 0.0000e+00
-5.475 -0.575 0.0000e+00
-5.475 -0.525 0.0000e+00
-5.475 -0.475 0.0000e+00
-5.475 -0.425 0.0000e+00
-5.475 -0.375 0.0000e+00
-5.475 -0.325 0.0000e+00
-5.475 -0.275 0.0000e+00
-5.475 -0.225 0.0000e+00
-5.475 -0.175 0.0000e+00
-5.475 -0.125 0.0000e+00
-5.475 -0.075 0.0000e+00
-5.475 -0.025 0.0000e+00
-5.475 0.025 0.0000e+00
-5.475 0.075 0.0000e+00
-5.475 0.125 0.0000e+00
-5.475 0.175 0.0000e+00
-5.475 0.225 0.0000e+00
-5.475 0.275 0.0000e+00
-5.475 0.325 0.0000e+00
-5.475 0.375 0.0000e+00
-5.475 0.425 0.0000e+00
-5.475 0.475 0.0000e+00
-5.475 0.525 0.0000e+00
-5.475 0.575 0.0000e+00
-5.475 0.625 0.0000e+00
-5.475 0.675 0.0000e+00
-5.475 0.725 0.0000e+00
-5.475 0.775 0.0000e+00
-5.475 0.825 0.0000e+00
-5.475 0.875 0.0000e+00
-5.475 0.925 0.0000e+00
-5.475 0.975 0.0000e+00
-5.475 1.025 0.0000e+00
-5.475 1.075 0.0000e+00
-5.475 1.125 0.0000e+00
-5.475 1.175 0.0000e+00
-5.475 1.225 1.9170e-20
-5.475 1.275 3.8295e-20
-5.475 1.325 7.6510e-20
-5.475 1.375 1.5289e-19
-5.475 1.425 3.0556e-19
-5.475 1.475 6.1083e-19
-5.475 1.525 1.2214e-18
-5.475 1.575 2.4427e-18
-5.475 1.625 4.8869e-18
-5.475 1.675 9.7800e-18
-5.475 1.725 1.9580e-17
-5.475 1.775 3.9215e-17
-5.475 1.825 7.8577e-17
-5.475 1.875 1.5753e-16
-5.475 1.925 3.1600e-16
-5.475 1.975 6.3432e-16
-5.475 2.025 1.2742e-15
-5.475 2.075 2.5618e-15
-5.475 2.125 5.1554e-15
-5.475 2.175 1.0386e-14
-5.475 2.225 2.0947e-14
-5.475 2.275 4.2306e-14
-5.475 2.325 8.5572e-14
-5.475 2.375 1.7339e-13
-5.475 2.425 3.5200e-13
-5.475 2.475 7.1616e-13
-5.475 2.525 1.4607e-12
-5.475 2.575 2.9876e-12
-5.475 2.625 6.1301e-12
-5.475 2.675 1.2624e-11
-5.475 2.725 2.6103e-11
-5.475 2.775 5.4227e-11
-5.475 2.825 1.1326e-10
-5.475 2.875 2.3799e-10
-5.475 2.925 5.0363e-10
-5.475 2.975 1.0744e-09
-5.475 3.025 2.3133e-09
-5.475 3.075 5.0350e-09
-5.475 3.125 1.1097e-08
-5.475 3.175 2.4820e-08
-5.475 3.225 5.6482e-08
-5.475 3.275 1.3120e-07
-5.475 3.325 3.1234e-07
-5.475 3.375 7.6605e-07
-5.475 3.425 1.9486e-06
-5.475 3.475 5.1870e-06
-5.475 3.525 1.4629e-05
-5.475 3.575 4.4495e-05
-5.475 3.625 1.4985e-04
-5.475 3.675 5.8279e-04
-5.475 3.725 2.8077e-03
-5.475 3.775 1.8873e-02
-5.475 3.825 2.1698e-01
-5.475 3.875 0.0000e+00
-5.475 3.925 0.0000e+00
-5.475 3.975 0.0000e+00
-5.425 -1.975 0.0000e+00
-5.425 -1.925 0.0000e+00
-5.425 -1.875 0.0000e+00
-5.425 -1.825 0.0000e+00
-5.425 -1.775 0.0000e+00
-5.425 -1.725 0.0000e+00
-5.425 -1.675 0.0000e+00
-5.425 -1.625 0.0000e+00
-5.425 -1.575 0.0000e+00
-5.425 -1.525 0.0000e+00
-5.425 -1.475 0.0000e+00
-5.425 -1.425 0.0000e+00
-5.425 -1.375 0.0000e+00
-5.425 -1.325 0.0000e+00
-5.425 -1.275 0.0000e+00
-5.425 -1.225 0.0000e+00
-5.425 -1.175 0.0000e+00
-5.425 -1.125 0.0000e+00
-5.425 -1.075 0.0000e+00
-5.425 -1.025 0.0000e+00
-5.425 -0.975 0.0000e+00
-5.425 -0.925 0.0000e+00
-5.425 -0.875 0.0000e+00
-5.425 -0.825 0.0000e+00
-5.425 -0.775 0.0000e+00
-5.425 -0.725 0.0000e+00
-5.425 -0.675 0.0000e+00
-5.425 -0.625 0.0000e+00
-5.425 -0.575 0.0000e+00
-5.425 -0.525 0.0000e+00
-5.425 -0.475 0.0000e+00
-5.425 -0.425 0.0000e+00
-5.425 -0.375 0.0000e+00
-5.425 -0.325 0.0000e+00
-5.425 -0.275 0.0000e+00
-5.425 -0.225 0.0000e+00
-5.425 -0.175 0.0000e+00
-5.425 -0.125 0.0000e+00
-5.425 -0.075 0.0000e+00
-5.425 -0.025 0.0000e+00
-5.425 0.025 0.0000e+00
-5.425 0.075 0.0000e+00
-5.425 0.125 0.0000e+00
-5.425 0.175 0.0000e+00
-5.425 0.225 0.0000e+00
-5.425 0.275 0.0000e+00
-5.425 0.325 0.0000e+00
-5.425 0.375 0.0000e+00
-5.425 0.425 0.0000e+00
-5.425 0.475 0.0000e+00
-5.425 0.525 0.0000e+00
-5.425 0.575 0.0000e+00
-5.425 0.625 0.0000e+00
-5.425 0.675 0.0000e+00
-5.425 0.725 0.0000e+00
-5.425 0.775 0.0000e+00
-5.425 0.825 0.0000e+00
-5.425 0.875 0.0000e+00
-5.425 0.925 0.0000e+00
-5.425 0.975 0.0000e+00
-5.425 1.025 0.0000e+00
-5.425 1.075 0.0000e+00
-5.425 1.125 0.0000e+00
-5.425 1.175 0.0000e+00
-5.425 1.225 2.4133e-20
-5.425 1.275 4.8210e-20
-5.425 1.325 9.6320e-20
-5.425 1.375 1.9247e-19
-5.425 1.425 3.8468e-19
-5.425 1.475 7.6899e-19
-5.425 1.525 1.5376e-18
-5.425 1.575 3.0752e-18
-5.425 1.625 6.1523e-18
-5.425 1.675 1.2312e-17
-5.425 1.725 2.4649e-17
-5.425 1.775 4.9368e-17
-5.425 1.825 9.8922e-17
-5.425 1.875 1.9832e-16
-5.425 1.925 3.9783e-16
-5.425 1.975 7.9856e-16
-5.425 2.025 1.6042e-15
-5.425 2.075 3.2251e-15
-5.425 2.125 6.4902e-15
-5.425 2.175 1.3075e-14
-5.425 2.225 2.6371e-14
-5.425 2.275 5.3260e-14
-5.425 2.325 1.0773e-13
-5.425 2.375 2.1828e-13
-5.425 2.425 4.4314e-13
-5.425 2.475 9.0159e-13
-5.425 2.525 1.8389e-12
-5.425 2.575 3.7612e-12
-5.425 2.625 7.7174e-12
-5.425 2.675 1.5892e-11
-5.425 2.725 3.2861e-11
-5.425 2.775 6.8268e-11
-5.425 2.825 1.4258e-10
-5.425 2.875 2.9962e-10
-5.425 2.925 6.3403e-10
-5.425 2.975 1.3525e-09
-5.425 3.025 2.9123e-09
-5.425 3.075 6.3386e-09
-5.425 3.125 1.3970e-08
-5.425 3.175 3.1247e-08
-5.425 3.225 7.1106e-08
-5.425 3.275 1.6517e-07
-5.425 3.325 3.9322e-07
-5.425 3.375 9.6439e-07
-5.425 3.425 2.4531e-06
-5.425 3.475 6.5300e-06
-5.425 3.525 1.8417e-05
-5.425 3.575 5.6015e-05
-5.425 3.625 1.8865e-04
-5.425 3.675 7.3367e-04
-5.425 3.725 3.5345e-03
-5.425 3.775 2.3759e-02
-5.425 3.825 2.7312e-01
-5.425 3.875 0.0000e+00
-5.425 3.925 0.0000e+00
-5.425 3.975 0.0000e+00
-5.375 -1.975 0.0000e+00
-5.375 -1.925 0.0000e+00
-5.375 -1.875 0.0000e+00
-5.375 -1.825 0.0000e+00
-5.375 -1.775 0.0000e+00
-5.375 -1.725 0.0000e+00
-5.375 -1.675 0.0000e+00
-5.375 -1.625 0.0000e+00
-5.375 -1.575 0.0000e+00
-5.375 -1.525 0.0000e+00
-5.375 -1.475 0.0000e+00
-5.375 -1.425 0.0000e+00
-5.375 -1.375 0.0000e+00
-5.375 -1.325 0.0000e+00
-5.375 -1.275 0.0000e+00
-5.375 -1.225 0.0000e+00
-5.375 -1.175 0.0000e+00
-5.375 -1.125 0.0000e+00
-5.375 -1.075 0.0000e+00
-5.375 -1.025 0.0000e+00
-5.375 -0.975 0.0000e+00
-5.375 -0.925 0.0000e+00
-5.375 -0.875 0.0000e+00
-5.375 -0.825 0.0000e+00
-5.375 -0.775 0.0000e+00
-5.375 -0.725 0.0000e+00
-5.375 -0.675 0.0000e+00
-5.375 -0.625 0.0000e+00
-5.375 -0.575 0.0000e+00
-5.375 -0.525 0.0000e+00
-5.375 -0.475 0.0000e+00
-5.375 -0.425 0.0000e+00
-5.375 -0.375 0.0000e+00
-5.375 -0.325 0.0000e+00
-5.375 -0.275 0.0000e+00
-5.375 -0.225 0.0000e+00
-5.375 -0.175 0.0000e+00
-5.375 -0.125 0.0000e+00
-5.375 -0.075 0.0000e+00
-5.375 -0.025 0.0000e+00
-5.375 0.025 0.0000e+00
-5.375 0.075 0.0000e+00
-5.375 0.125 0.0000e+00
-5.375 0.175 0.0000e+00
-5.375 0.225 0.0000e+00
-5.375 0.275 0.0000e+00
-5.375 0.325 0.0000e+00
-5.375 0.375 0.0000e+00
-5.375 0.425 0.0000e+00
-5.375 0.475 0.0000e+00
-5.375 0.525 0.0000e+00
-5.375 0.575 0.0000e+00
-5.375 0.625 0.0000e+00
-5.375 0.675 0.0000e+00
-5.375 0.725 0.0000e+00
-5.375 0.775 0.0000e+00
-5.375 0.825 0.0000e+00
-5.375 0.875 0.0000e+00
-5.375 0.925 0.0000e+00
-5.375 0.975 0.0000e+00
-5.375 1.025 0.0000e+00
-5.375 1.075 0.0000e+00
-5.375 1.125 0.0000e+00
-5.375 1.175 0.0000e+00
-5.375 1.225 3.0382e-20
-5.375 1.275 6.0693e-20
-5.375 1.325 1.2126e-19
-5.375 1.375 2.4231e-19
-5.375 1.425 4.8428e-19
-5.375 1.475 9.6810e-19
-5.375 1.525 1.9357e-18
-5.375 1.575 3.8715e-18
-5.375 1.625 7.7453e-18
-5.375 1.675 1.5500e-17
-5.375 1.725 3.1032e-17
-5.375 1.775 6.2151e-17
-5.375 1.825 1.2454e-16
-5.375 1.875 2.4967e-16
-5.375 1.925 5.0083e-16
-5.375 1.975 1.0053e-15
-5.375 2.025 2.0195e-15
-5.375 2.075 4.0602e-15
-5.375 2.125 8.1707e-15
-5.375 2.175 1.6460e-14
-5.375 2.225 3.3199e-14
-5.375 2.275 6.7050e-14
-5.375 2.325 1.3562e-13
-5.375 2.375 2.7480e-13
-5.375 2.425 5.5787e-13
-5.375 2.475 1.1350e-12
-5.375 2.525 2.3150e-12
-5.375 2.575 4.7350e-12
-5.375 2.625 9.7156e-12
-5.375 2.675 2.0007e-11
-5.375 2.725 4.1370e-11
-5.375 2.775 8.5944e-11
-5.375 2.825 1.7950e-10
-5.375 2.875 3.7719e-10
-5.375 2.925 7.9819e-10
-5.375 2.975 1.7027e-09
-5.375 3.025 3.6663e-09
-5.375 3.075 7.9799e-09
-5.375 3.125 1.7588e-08
-5.375 3.175 3.9337e-08
-5.375 3.225 8.9517e-08
-5.375 3.275 2.0794e-07
-5.375 3.325 4.9503e-07
-5.375 3.375 1.2141e-06
-5.375 3.425 3.0882e-06
-5.375 3.475 8.2207e-06
-5.375 3.525 2.3186e-05
-5.375 3.575 7.0518e-05
-5.375 3.625 2.3749e-04
-5.375 3.675 9.2361e-04
-5.375 3.725 4.4495e-03
-5.375 3.775 2.9908e-02
-5.375 3.825 3.4377e-01
-5.375 3.875 0.0000e+00
-5.375 3.925 0.0000e+00
-5.375 3.975 0.0000e+00
-5.325 -1.975 0.0000e+00
-5.325 -1.925 0.0000e+00
-5.325 -1.875 0.0000e+00
-5.325 -1.825 0.0000e+00
-5.325 -1.775 0.0000e+00
-5.325 -1.725 0.0000e+00
-5.325 -1.675 0.0000e+00
-5.325 -1.625 0.0000e+00
-5.325 -1.575 0.0000e+00
-5.325 -1.525 0.0000e+00
-5.325 -1.475 0.0000e+00
-5.325 -1.425 0.0000e+00
-5.325 -1.375 0.0000e+00
-5.325 -1.325 0.0000e+00
-5.325 -1.275 0.0000e+00
-5.325 -1.225 0.0000e+00
-5.325 -1.175 0.0000e+00
-5.325 -1.125 0.0000e+00
-5.325 -1.075 0.0000e+00
-5.325 -1.025 0.0000e+00
-5.325 -0.975 0.0000e+00
-5.325 -0.925 0.0000e+00
-5.325 -0.875 0.0000e+00
-5.325 -0.825 0.0000e+00
-5.325 -0.775 0.0000e+00
-5.325 -0.725 0.0000e+00
-5.325 -0.675 0.0000e+00
-5.325 -0.625 0.0000e+00
-5.325 -0.575 0.0000e+00
-5.325 -0.525 0.0000e+00
-5.325 -0.475 0.0000e+00
-5.325 -0.425 0.0000e+00
-5.325 -0.375 0.0000e+00
-5.325 -0.325 0.0000e+00
-5.325 -0.275 0.0000e+00
-5.325 -0.225 0.0000e+00
-5.325 -0.175 0.0000e+00
-5.325 -0.125 0.0000e+00
-5.325 -0.075 0.0000e+00
-5.325 -0.025 0.0000e+00
-5.325 0.025 0.0000e+00
-5.325 0.075 0.0000e+00
-5.325 0.125 0.0000e+00
-5.325 0.175 0.0000e+00
-5.325 0.225 0.0000e+00
-5.325 0.275 0.0000e+00
-5.325 0.325 0.0000e+00
-5.325 0.375 0.0000e+00
-5.325 0.425 0.0000e+00
-5.325 0.475 0.0000e+00
-5.325 0.525 0.0000e+00
-5.325 0.575 0.0000e+00
-5.325 0.625 0.0000e+00
-5.325 0.675 0.0000e+00
-5.325 0.725 0.0000e+00
-5.325 0.775 0.0000e+00
-5.325 0.825 0.0000e+00
-5.325 0.875 0.0000e+00
-5.325 0.925 0.0000e+00
-5.325 0.975 0.0000e+00
-5.325 1.025 0.0000e+00
-5.325 1.075 0.0000e+00
-5.325 1.125 0.0000e+00
-5.325 1.175 0.0000e+00
-5.325 1.225 3.8249e-20
-5.325 1.275 7.6408e-20
-5.325 1.325 1.5266e-19
-5.325 1.375 3.0505e-19
-5.325 1.425 6.0968e-19
-5.325 1.475 1.2188e-18
-5.325 1.525 2.4369e-18
-5.325 1.575 4.8739e-18
-5.325 1.625 9.7507e-18
-5.325 1.675 1.9514e-17
-5.325 1.725 3.9067e-17
-5.325 1.775 7.8243e-17
-5.325 1.825 1.5678e-16
-5.325 1.875 3.1432e-16
-5.325 1.925 6.3051e-16
-5.325 1.975 1.2656e-15
-5.325 2.025 2.5424e-15
-5.325 2.075 5.1115e-15
-5.325 2.125 1.0286e-14
-5.325 2.175 2.0722e-14
-5.325 2.225 4.1795e-14
-5.325 2.275 8.4411e-14
-5.325 2.325 1.7074e-13
-5.325 2.375 3.4595e-13
-5.325 2.425 7.0232e-13
-5.325 2.475 1.4289e-12
-5.325 2.525 2.9145e-12
-5.325 2.575 5.9611e-12
-5.325 2.625 1.2231e-11
-5.325 2.675 2.5188e-11
-5.325 2.725 5.2082e-11
-5.325 2.775 1.0820e-10
-5.325 2.825 2.2598e-10
-5.325 2.875 4.7486e-10
-5.325 2.925 1.0049e-09
-5.325 2.975 2.1436e-09
-5.325 3.025 4.6156e-09
-5.325 3.075 1.0046e-08
-5.325 3.125 2.2142e-08
-5.325 3.175 4.9522e-08
-5.325 3.225 1.1270e-07
-5.325 3.275 2.6178e-07
-5.325 3.325 6.2320e-07
-5.325 3.375 1.5284e-06
-5.325 3.425 3.8878e-06
-5.325 3.475 1.0349e-05
-5.325 3.525 2.9188e-05
-5.325 3.575 8.8774e-05
-5.325 3.625 2.9897e-04
-5.325 3.675 1.1627e-03
-5.325 3.725 5.6013e-03
-5.325 3.775 3.7649e-02
-5.325 3.825 4.3267e-01
-5.325 3.875 0.0000e+00
-5.325 3.925 0.0000e+00
-5.325 3.975 0.0000e+00
-5.275 -1.975 0.0000e+00
-5.275 -1.925 0.0000e+00
-5.275 -1.875 0.0000e+00
-5.275 -1.825 0.0000e+00
-5.275 -1.775 0.0000e+00
-5.275 -1.725 0.0000e+00
-5.275 -1.675 0.0000e+00
-5.275 -1.625 0.0000e+00
-5.275 -1.575 0.0000e+00
-5.275 -1.525 0.0000e+00
-5.275 -1.475 0.0000e+00
-5.275 -1.425 0.0000e+00
-5.275 -1.375 0.0000e+00
-5.275 -1.325 0.0000e+00
-5.275 -1.275 0.0000e+00
-5.275 -1.225 0.0000e+00
-5.275 -1.175 0.0000e+00
-5.275 -1.125 0.0000e+00
-5.275 -1.075 0.0000e+00
-5.275 -1.025 0.0000e+00
-5.275 -0.975 0.0000e+00
-5.275 -0.925 0.0000e+00
-5.275 -0.875 0.0000e+00
-5.275 -0.825 0.0000e+00
-5.275 -0.775 0.0000e+00
-5.275 -0.725 0.0000e+00
-5.275 -0.675 0.0000e+00
-5.275 -0.625 0.0000e+00
-5.275 -0.575 0.0000e+00
-5.275 -0.525 0.0000e+00
-5.275 -0.475 0.0000e+00
-5.275 -0.425 0.0000e+00
-5.275 -0.375 0.0000e+00
-5.275 -0.325 0.0000e+00
-5.275 -0.275 0.0000e+00
-5.275 -0.225 0.0000e+00
-5.275 -0.175 0.0000e+00
-5.275 -0.125 0.0000e+00
-5.275 -0.075 0.0000e+00
-5.275 -0.025 0.0000e+00
-5.275 0.025 0.0000e+00
-5.275 0.075 0.0000e+00
-5.275 0.125 0.0000e+00
-5.275 0.175 0.0000e+00
-5.275 0.225 0.0000e+00
-5.275 0.275 0.0000e+00
-5.275 0.325 0.0000e+00
-5.275 0.375 0.0000e+00
-5.275 0.425 0.0000e+00
-5.275 0.475 0.0000e+00
-5.275 0.525 0.0000e+00
-5.275 0.575 0.0000e+00
-5.275 0.625 0.0000e+00
-5.275 0.675 0.0000e+00
-5.275 0.725 0.0000e+00
-5.275 0.775 0.0000e+00
-5.275 0.825 0.0000e+00
-5.275 0.875 0.0000e+00
-5.275 0.925 0.0000e+00
-5.275 0.975 0.0000e+00
-5.275 1.025 0.0000e+00
-5.275 1.075 0.0000e+00
-5.275 1.125 0.0000e+00
-5.275 1.175 0.0000e+00
-5.275 1.225 4.8153e-20
-5.275 1.275 9.6192e-20
-5.275 1.325 1.9218e-19
-5.275 1.375 3.8403e-19
-5.275 1.425 7.6754e-19
-5.275 1.475 1.5343e-18
-5.275 1.525 3.0679e-18
-5.275 1.575 6.1359e-18
-5.275 1.625 1.2275e-17
-5.275 1.675 2.4566e-17
-5.275 1.725 4.9182e-17
-5.275 1.775 9.8503e-17
-5.275 1.825 1.9738e-16
-5.275 1.875 3.9570e-16
-5.275 1.925 7.9377e-16
-5.275 1.975 1.5933e-15
-5.275 2.025 3.2007e-15
-5.275 2.075 6.4350e-15
-5.275 2.125 1.2950e-14
-5.275 2.175 2.6087e-14
-5.275 2.225 5.2617e-14
-5.275 2.275 1.0627e-13
-5.275 2.325 2.1495e-13
-5.275 2.375 4.3553e-13
-5.275 2.425 8.8417e-13
-5.275 2.475 1.7989e-12
-5.275 2.525 3.6691e-12
-5.275 2.575 7.5045e-12
-5.275 2.625 1.5398e-11
-5.275 2.675 3.1709e-11
-5.275 2.725 6.5567e-11
-5.275 2.775 1.3621e-10
-5.275 2.825 2.8449e-10
-5.275 2.875 5.9781e-10
-5.275 2.925 1.2650e-09
-5.275 2.975 2.6987e-09
-5.275 3.025 5.8107e-09
-5.275 3.075 1.2647e-08
-5.275 3.125 2.7874e-08
-5.275 3.175 6.2344e-08
-5.275 3.225 1.4187e-07
-5.275 3.275 3.2955e-07
-5.275 3.325 7.8455e-07
-5.275 3.375 1.9242e-06
-5.275 3.425 4.8944e-06
-5.275 3.475 1.3029e-05
-5.275 3.525 3.6745e-05
-5.275 3.575 1.1176e-04
-5.275 3.625 3.7637e-04
-5.275 3.675 1.4637e-03
-5.275 3.725 7.0511e-03
-5.275 3.775 4.7392e-02
-5.275 3.825 5.4453e-01
-5.275 3.875 0.0000e+00
-5.275 3.925 0.0000e+00
-5.275 3.975 0.0000e+00
-5.225 -1.975 0.0000e+00
-5.225 -1.925 0.0000e+00
-5.225 -1.875 0.0000e+00
-5.225 -1.825 0.0000e+00
-5.225 -1.775 0.0000e+00
-5.225 -1.725 0.0000e+00
-5.225 -1.675 0.0000e+00
-5.225 -1.625 0.0000e+00
-5.225 -1.575 0.0000e+00
-5.225 -1.525 0.0000e+00
-5.225 -1.475 0.0000e+00
-5.225 -1.425 0.0000e+00
-5.225 -1.375 0.0000e+00
-5.225 -1.325 0.0000e+00
-5.225 -1.275 0.0000e+00
-5.225 -1.225 0.0000e+00
-5.225 -1.175 0.0000e+00
-5.225 -1.125 0.0000e+00
-5.225 -1.075 0.0000e+00
-5.225 -1.025 0.0000e+00
-5.225 -0.975 0.0000e+00
-5.225 -0.925 0.0000e+00
-5.225 -0.875 0.0000e+00
-5.225 -0.825 0.0000e+00
-5.225 -0.775 0.0000e+00
-5.225 -0.725 0.0000e+00
-5.225 -0.675 0.0000e+00
-5.225 -0.625 0.0000e+00
-5.225 -0.575 0.0000e+00
-5.225 -0.525 0.0000e+00
-5.225 -0.475 0.0000e+00
-5.225 -0.425 0.0000e+00
-5.225 -0.375 0.0000e+00
-5.225 -0.325 0.0000e+00
-5.225 -0.275 0.0000e+00
-5.225 -0.225 0.0000e+00
-5.225 -0.175 0.0000e+00
-5.225 -0.125 0.0000e+00
-5.225 -0.075 0.0000e+00
-5.225 -0.025 0.0000e+00
-5.225 0.025 0.0000e+00
-5.225 0.075 0.0000e+00
-5.225 0.125 0.0000e+00
-5.225 0.175 0.0000e+00
-5.225 0.225 0.0000e+00
-5.225 0.275 0.0000e+00
-5.225 0.325 0.0000e+00
-5.225 0.375 0.0000e+00
-5.225 0.425 0.0000e+00
-5.225 0.475 0.0000e+00
-5.225 0.525 0.0000e+00
-5.225 0.575 0.0000e+00
-5.225 0.625 0.0000e+00
-5.225 0.675 0.0000e+00
-5.225 0.725 0.0000e+00
-5.225 0.775 0.0000e+00
-5.225 0.825 0.0000e+00
-5.225 0.875 0.0000e+00
-5.225 0.925 0.0000e+00
-5.225 0.975 0.0000e+00
-5.225 1.025 0.0000e+00
-5.225 1.075 0.0000e+00
-5.225 1.125 0.0000e+00
-5.225 1.175 0.0000e+00
-5.225 1.225 6.0621e-20
-5.225 1.275 1.2110e-19
-5.225 1.325 2.4195e-19
-5.225 1.375 4.8347e-19
-5.225 1.425 9.6627e-19
-5.225 1.475 1.9316e-18
-5.225 1.525 3.8623e-18
-5.225 1.575 7.7246e-18
-5.225 1.625 1.5454e-17
-5.225 1.675 3.0927e-17
-5.225 1.725 6.1916e-17
-5.225 1.775 1.2401e-16
-5.225 1.825 2.4848e-16
-5.225 1.875 4.9816e-16
-5.225 1.925 9.9930e-16
-5.225 1.975 2.0059e-15
-5.225 2.025 4.0295e-15
-5.225 2.075 8.1012e-15
-5.225 2.125 1.6303e-14
-5.225 2.175 3.2842e-14
-5.225 2.225 6.6240e-14
-5.225 2.275 1.3378e-13
-5.225 2.325 2.7060e-13
-5.225 2.375 5.4830e-13
-5.225 2.425 1.1131e-12
-5.225 2.475 2.2647e-12
-5.225 2.525 4.6191e-12
-5.225 2.575 9.4476e-12
-5.225 2.625 1.9385e-11
-5.225 2.675 3.9920e-11
-5.225 2.725 8.2544e-11
-5.225 2.775 1.7148e-10
-5.225 2.825 3.5815e-10
-5.225 2.875 7.5260e-10
-5.225 2.925 1.5926e-09
-5.225 2.975 3.3974e-09
-5.225 3.025 7.3153e-09
-5.225 3.075 1.5922e-08
-5.225 3.125 3.5092e-08
-5.225 3.175 7.8487e-08
-5.225 3.225 1.7861e-07
-5.225 3.275 4.1488e-07
-5.225 3.325 9.8769e-07
-5.225 3.375 2.4223e-06
-5.225 3.425 6.1616e-06
-5.225 3.475 1.6402e-05
-5.225 3.525 4.6258e-05
-5.225 3.575 1.4069e-04
-5.225 3.625 4.7380e-04
-5.225 3.675 1.8425e-03
-5.225 3.725 8.8760e-03
-5.225 3.775 5.9654e-02
-5.225 3.825 6.8525e-01
-5.225 3.875 0.0000e+00
-5.225 3.925 0.0000e+00
-5.225 3.975 0.0000e+00
-5.175 -1.975 0.0000e+00
-5.175 -1.925 0.0000e+00
-5.175 -1.875 0.0000e+00
-5.175 -1.825 0.0000e+00
-5.175 -1.775 0.0000e+00
-5.175 -1.725 0.0000e+00
-5.175 -1.675 0.0000e+00
-5.175 -1.625 0.0000e+00
-5.175 -1.575 0.0000e+00
-5.175 -1.525 0.0000e+00
-5.175 -1.475 0.0000e+00
-5.175 -1.425 0.0000e+00
-5.175 -1.375 0.0000e+00
-5.175 -1.325 0.0000e+00
-5.175 -1.275 0.0000e+00
-5.175 -1.225 0.0000e+00
-5.175 -1.175 0.0000e+00
-5.175 -1.125 0.0000e+00
-5.175 -1.075 0.0000e+00
-5.175 -1.025 0.0000e+00
-5.175 -0.975 0.0000e+00
-5.175 -0.925 0.0000e+00
-5.175 -0.875 0.0000e+00
-5.175 -0.825 0.0000e+00
-5.175 -0.775 0.0000e+00
-5.175 -0.725 0.0000e+00
-5.175 -0.675 0.0000e+00
-5.175 -0.625 0.0000e+00
-5.175 -0.575 0.0000e+00
-5.175 -0.525 0.0000e+00
-5.175 -0.475 0.0000e+00
-5.175 -0.425 0.0000e+00
-5.175 -0.375 0.0000e+00
-5.175 -0.325 0.0000e+00
-5.175 -0.275 0.0000e+00
-5.175 -0.225 0.0000e+00
-5.175 -0.175 0.0000e+00
-5.175 -0.125 0.0000e+00
-5.175 -0.075 0.0000e+00
-5.175 -0.025 0.0000e+00
-5.175 0.025 0.0000e+00
-5.175 0.075 0.0000e+00
-5.175 0.125 0.0000e+00
-5.175 0.175 0.0000e+00
-5.175 0.225 0.0000e+00
-5.175 0.275 0.0000e+00
-5.175 0.325 0.0000e+00
-5.175 0.375 0.0000e+00
-5.175 0.425 0.0000e+00
-5.175 0.475 0.0000e+00
-5.175 0.525 0.0000e+00
-5.175 0.575 0.0000e+00
-5.175 0.625 0.0000e+00
-5.175 0.675 0.0000e+00
-5.175 0.725 0.0000e+00
-5.175 0.775 0.0000e+00
-5.175 0.825 0.0000e+00
-5.175 0.875 0.0000e+00
-5.175 0.925 0.0000e+00
-5.175 0.975 0.0000e+00
-5.175 1.025 0.0000e+00
-5.175 1.075 0.0000e+00
-5.175 1.125 0.0000e+00
-5.175 1.175 0.0000e+00
-5.175 1.225 7.6317e-20
-5.175 1.275 1.5245e-19
-5.175 1.325 3.0459e-19
-5.175 1.375 6.0865e-19
-5.175 1.425 1.2165e-18
-5.175 1.475 2.4318e-18
-5.175 1.525 4.8623e-18
-5.175 1.575 9.7247e-18
-5.175 1.625 1.9455e-17
-5.175 1.675 3.8935e-17
-5.175 1.725 7.7948e-17
-5.175 1.775 1.5612e-16
-5.175 1.825 3.1282e-16
-5.175 1.875 6.2714e-16
-5.175 1.925 1.2580e-15
-5.175 1.975 2.5253e-15
-5.175 2.025 5.0728e-15
-5.175 2.075 1.0199e-14
-5.175 2.125 2.0524e-14
-5.175 2.175 4.1346e-14
-5.175 2.225 8.3392e-14
-5.175 2.275 1.6842e-13
-5.175 2.325 3.4067e-13
-5.175 2.375 6.9026e-13
-5.175 2.425 1.4013e-12
-5.175 2.475 2.8511e-12
-5.175 2.525 5.8151e-12
-5.175 2.575 1.1894e-11
-5.175 2.625 2.4405e-11
-5.175 2.675 5.0256e-11
-5.175 2.725 1.0392e-10
-5.175 2.775 2.1588e-10
-5.175 2.825 4.5088e-10
-5.175 2.875 9.4746e-10
-5.175 2.925 2.0050e-09
-5.175 2.975 4.2771e-09
-5.175 3.025 9.2093e-09
-5.175 3.075 2.0044e-08
-5.175 3.125 4.4178e-08
-5.175 3.175 9.8808e-08
-5.175 3.225 2.2485e-07
-5.175 3.275 5.2230e-07
-5.175 3.325 1.2434e-06
-5.175 3.375 3.0495e-06
-5.175 3.425 7.7568e-06
-5.175 3.475 2.0648e-05
-5.175 3.525 5.8233e-05
-5.175 3.575 1.7711e-04
-5.175 3.625 5.9644e-04
-5.175 3.675 2.3194e-03
-5.175 3.725 1.1173e-02
-5.175 3.775 7.5086e-02
-5.175 3.825 8.6224e-01
-5.175 3.875 0.0000e+00
-5.175 3.925 0.0000e+00
-5.175 3.975 0.0000e+00
-5.125 -1.975 0.0000e+00
-5.125 -1.925 0.0000e+00
-5.125 -1.875 0.0000e+00
-5.125 -1.825 0.0000e+00
-5.125 -1.775 0.0000e+00
-5.125 -1.725 0.0000e+00
-5.125 -1.675 0.0000e+00
-5.125 -1.625 0.0000e+00
-5.125 -1.575 0.0000e+00
-5.125 -1.525 0.0000e+00
-5.125 -1.475 0.0000e+00
-5.125 -1.425 0.0000e+00
-5.125 -1.375 0.0000e+00
-5.125 -1.325 0.0000e+00
-5.125 -1.275 0.0000e+00
-5.125 -1.225 0.0000e+00
-5.125 -1.175 0.0000e+00
-5.125 -1.125 0.0000e+00
-5.125 -1.075 0.0000e+00
-5.125 -1.025 0.0000e+00
-5.125 -0.975 0.0000e+00
-5.125 -0.925 0.0000e+00
-5.125 -0.875 0.0000e+00
-5.125 -0.825 0.0000e+00
-5.125 -0.775 0.0000e+00
-5.125 -0.725 0.0000e+00
-5.125 -0.675 0.0000e+00
-5.125 -0.625 0.0000e+00
-5.125 -0.575 0.0000e+00
-5.125 -0.525 0.0000e+00
-5.125 -0.475 0.0000e+00
-5.125 -0.425 0.0000e+00
-5.125 -0.375 0.0000e+00
-5.125 -0.325 0.0000e+00
-5.125 -0.275 0.0000e+00
-5.125 -0.225 0.0000e+00
-5.125 -0.175 0.0000e+00
-5.125 -0.125 0.0000e+00
-5.125 -0.075 0.0000e+00
-5.125 -0.025 0.0000e+00
-5.125 0.025 0.0000e+00
-5.125 0.075 0.0000e+00
-5.125 0.125 0.0000e+00
-5.125 0.175 0.0000e+00
-5.125 0.225 0.0000e+00
-5.125 0.275 0.0000e+00
-5.125 0.325 0.0000e+00
-5.125 0.375 0.0000e+00
-5.125 0.425 0.0000e+00
-5.125 0.475 0.0000e+00
-5.125 0.525 0.0000e+00
-5.125 0.575 0.0000e+00
-5.125 0.625 0.0000e+00
-5.125 0.675 0.0000e+00
-5.125 0.725 0.0000e+00
-5.125 0.775 0.0000e+00
-5.125 0.825 0.0000e+00
-5.125 0.875 0.0000e+00
-5.125 0.925 0.0000e+00
-5.125 0.975 0.0000e+00
-5.125 1.025 0.0000e+00
-5.125 1.075 0.0000e+00
-5.125 1.125 0.0000e+00
-5.125 1.175 0.0000e+00
-5.125 1.225 9.6077e-20
-5.125 1.275 1.9193e-19
-5.125 1.325 3.8346e-19
-5.125 1.375 7.6625e-19
-5.125 1.425 1.5314e-18
-5.125 1.475 3.0614e-18
-5.125 1.525 6.1213e-18
-5.125 1.575 1.2243e-17
-5.125 1.625 2.4493e-17
-5.125 1.675 4.9016e-17
-5.125 1.725 9.8131e-17
-5.125 1.775 1.9654e-16
-5.125 1.825 3.9382e-16
-5.125 1.875 7.8952e-16
-5.125 1.925 1.5838e-15
-5.125 1.975 3.1791e-15
-5.125 2.025 6.3863e-15
-5.125 2.075 1.2840e-14
-5.125 2.125 2.5838e-14
-5.125 2.175 5.2051e-14
-5.125 2.225 1.0498e-13
-5.125 2.275 2.1203e-13
-5.125 2.325 4.2888e-13
-5.125 2.375 8.6899e-13
-5.125 2.425 1.7642e-12
-5.125 2.475 3.5893e-12
-5.125 2.525 7.3208e-12
-5.125 2.575 1.4973e-11
-5.125 2.625 3.0723e-11
-5.125 2.675 6.3268e-11
-5.125 2.725 1.3082e-10
-5.125 2.775 2.7178e-10
-5.125 2.825 5.6763e-10
-5.125 2.875 1.1928e-09
-5.125 2.925 2.5241e-09
-5.125 2.975 5.3845e-09
-5.125 3.025 1.1594e-08
-5.125 3.075 2.5234e-08
-5.125 3.125 5.5616e-08
-5.125 3.175 1.2439e-07
-5.125 3.225 2.8307e-07
-5.125 3.275 6.5753e-07
-5.125 3.325 1.5653e-06
-5.125 3.375 3.8390e-06
-5.125 3.425 9.7649e-06
-5.125 3.475 2.5993e-05
-5.125 3.525 7.3307e-05
-5.125 3.575 2.2295e-04
-5.125 3.625 7.5081e-04
-5.125 3.675 2.9197e-03
-5.125 3.725 1.4064e-02
-5.125 3.775 9.4506e-02
-5.125 3.825 1.0848e+00
-5.125 3.875 0.0000e+00
-5.125 3.925 0.0000e+00
-5.125 3.975 0.0000e+00
-5.075 -1.975 0.0000e+00
-5.075 -1.925 0.0000e+00
-5.075 -1.875 0.0000e+00
-5.075 -1.825 0.0000e+00
-5.075 -1.775 0.0000e+00
-5.075 -1.725 0.0000e+00
-5.075 -1.675 0.0000e+00
-5.075 -1.625 0.0000e+00
-5.075 -1.575 0.0000e+00
-5.075 -1.525 0.0000e+00
-5.075 -1.475 0.0000e+00
-5.075 -1.425 0.0000e+00
-5.075 -1.375 0.0000e+00
-5.075 -1.325 0.0000e+00
-5.075 -1.275 0.0000e+00
-5.075 -1.225 0.0000e+00
-5.075 -1.175 0.0000e+00
-5.075 -1.125 0.0000e+00
-5.075 -1.075 0.0000e+00
-5.075 -1.025 0.0000e+00
-5.075 -0.975 0.0000e+00
-5.075 -0.925 0.0000e+00
-5.075 -0.875 0.0000e+00
-5.075 -0.825 0.0000e+00
-5.075 -0.775 0.0000e+00
-5.075 -0.725 0.0000e+00
-5.075 -0.675 0.0000e+00
-5.075 -0.625 0.0000e+00
-5.075 -0.575 0.0000e+00
-5.075 -0.525 0.0000e+00
-5.075 -0.475 0.0000e+00
-5.075 -0.425 0.0000e+00
-5.075 -0.375 0.0000e+00
-5.075 -0.325 0.0000e+00
-5.075 -0.275 0.0000e+00
-5.075 -0.225 0.0000e+00
-5.075 -0.175 0.0000e+00
-5.075 -0.125 0.0000e+00
-5.075 -0.075 0.0000e+00
-5.075 -0.025 0.0000e+00
-5.075 0.025 0.0000e+00
-5.075 0.075 0.0000e+00
-5.075 0.125 0.0000e+00
-5.075 0.175 0.0000e+00
-5.075 0.225 0.0000e+00
-5.075 0.275 0.0000e+00
-5.075 0.325 0.0000e+00
-5.075 0.375 0.0000e+00
-5.075 0.425 0.0000e+00
-5.075 0.475 0.0000e+00
-5.075 0.525 0.0000e+00
-5.075 0.575 0.0000e+00
-5.075 0.625 0.0000e+00
-5.075 0.675 0.0000e+00
-5.075 0.725 0.0000e+00
-5.075 0.775 0.0000e+00
-5.075 0.825 0.0000e+00
-5.075 0.875 0.0000e+00
-5.075 0.925 0.0000e+00
-5.075 0.975 0.0000e+00
-5.075 1.025 0.0000e+00
-5.075 1.075 0.0000e+00
-5.075 1.125 0.0000e+00
-5.075 1.175 0.0000e+00
-5.075 1.225 1.2095e-19
-5.075 1.275 2.4162e-19
-5.075 1.325 4.8274e-19
-5.075 1.375 9.6465e-19
-5.075 1.425 1.9280e-18
-5.075 1.475 3.8541e-18
-5.075 1.525 7.7062e-18
-5.075 1.575 1.5413e-17
-5.075 1.625 3.0835e-17
-5.075 1.675 6.1708e-17
-5.075 1.725 1.2354e-16
-5.075 1.775 2.4743e-16
-5.075 1.825 4.9578e-16
-5.075 1.875 9.9395e-16
-5.075 1.925 1.9939e-15
-5.075 1.975 4.0023e-15
-5.075 2.025 8.0398e-15
-5.075 2.075 1.6164e-14
-5.075 2.125 3.2528e-14
-5.075 2.175 6.5529e-14
-5.075 2.225 1.3217e-13
-5.075 2.275 2.6693e-13
-5.075 2.325 5.3993e-13
-5.075 2.375 1.0940e-12
-5.075 2.425 2.2209e-12
-5.075 2.475 4.5186e-12
-5.075 2.525 9.2163e-12
-5.075 2.575 1.8850e-11
-5.075 2.625 3.8678e-11
-5.075 2.675 7.9650e-11
-5.075 2.725 1.6470e-10
-5.075 2.775 3.4215e-10
-5.075 2.825 7.1460e-10
-5.075 2.875 1.5016e-09
-5.075 2.925 3.1776e-09
-5.075 2.975 6.7787e-09
-5.075 3.025 1.4596e-08
-5.075 3.075 3.1768e-08
-5.075 3.125 7.0016e-08
-5.075 3.175 1.5660e-07
-5.075 3.225 3.5636e-07
-5.075 3.275 8.2776e-07
-5.075 3.325 1.9706e-06
-5.075 3.375 4.8329e-06
-5.075 3.425 1.2293e-05
-5.075 3.475 3.2722e-05
-5.075 3.525 9.2283e-05
-5.075 3.575 2.8065e-04
-5.075 3.625 9.4511e-04
-5.075 3.675 3.6751e-03
-5.075 3.725 1.7702e-02
-5.075 3.775 1.1894e-01
-5.075 3.825 1.3646e+00
-5.075 3.875 0.0000e+00
-5.075 3.925 0.0000e+00
-5.075 3.975 0.0000e+00
-5.025 -1.975 0.0000e+00
-5.025 -1.925 0.0000e+00
-5.025 -1.875 0.0000e+00
-5.025 -1.825 0.0000e+00
-5.025 -1.775 0.0000e+00
-5.025 -1.725 0.0000e+00
-5.025 -1.675 0.0000e+00
-5.025 -1.625 0.0000e+00
-5.025 -1.575 0.0000e+00
-5.025 -1.525 0.0000e+00
-5.025 -1.475 0.0000e+00
-5.025 -1.425 0.0000e+00
-5.025 -1.375 0.0000e+00
-5.025 -1.325 0.0000e+00
-5.025 -1.275 0.0000e+00
-5.025 -1.225 0.0000e+00
-5.025 -1.175 0.0000e+00
-5.025 -1.125 0.0000e+00
-5.025 -1.075 0.0000e+00
-5.025 -1.025 0.0000e+00
-5.025 -0.975 0.0000e+00
-5.025 -0.925 0.0000e+00
-5.025 -0.875 0.0000e+00
-5.025 -0.825 0.0000e+00
-5.025 -0.775 0.0000e+00
-5.025 -0.725 0.0000e+00
-5.025 -0.675 0.0000e+00
-5.025 -0.625 0.0000e+00
-5.025 -0.575 0.0000e+00
-5.025 -0.525 0.0000e+00
-5.025 -0.475 0.0000e+00
-5.025 -0.425 0.0000e+00
-5.025 -0.375 0.0000e+00
-5.025 -0.325 0.0000e+00
-5.025 -0.275 0.0000e+00
-5.025 -0.225 0.0000e+00
-5.025 -0.175 0.0000e+00
-5.025 -0.125 0.0000e+00
-5.025 -0.075 0.0000e+00
-5.025 -0.025 0.0000e+00
-5.025 0.025 0.0000e+00
-5.025 0.075 0.0000e+00
-5.025 0.125 0.0000e+00
-5.025 0.175 0.0000e+00
-5.025 0.225 0.0000e+00
-5.025 0.275 0.0000e+00
-5.025 0.325 0.0000e+00
-5.025 0.375 0.0000e+00
-5.025 0.425 0.0000e+00
-5.025 0.475 0.0000e+00
-5.025 0.525 0.0000e+00
-5.025 0.575 0.0000e+00
-5.025 0.625 0.0000e+00
-5.025 0.675 0.0000e+00
-5.025 0.725 0.0000e+00
-5.025 0.775 0.0000e+00
-5.025 0.825 0.0000e+00
-5.025 0.875 0.0000e+00
-5.025 0.925 0.0000e+00
-5.025 0.975 0.0000e+00
-5.025 1.025 0.0000e+00
-5.025 1.075 0.0000e+00
-5.025 1.125 0.0000e+00
-5.025 1.175 0.0000e+00
-5.025 1.225 1.5227e-19
-5.025 1.275 3.0418e-19
-5.025 1.325 6.0774e-19
-5.025 1.375 1.2144e-18
-5.025 1.425 2.4272e-18
-5.025 1.475 4.8520e-18
-5.025 1.525 9.7016e-18
-5.025 1.575 1.9403e-17
-5.025 1.625 3.8818e-17
-5.025 1.675 7.7686e-17
-5.025 1.725 1.5553e-16
-5.025 1.775 3.1149e-16
-5.025 1.825 6.2416e-16
-5.025 1.875 1.2513e-15
-5.025 1.925 2.5101e-15
-5.025 1.975 5.0386e-15
-5.025 2.025 1.0122e-14
-5.025 2.075 2.0349e-14
-5.025 2.125 4.0951e-14
-5.025 2.175 8.2496e-14
-5.025 2.225 1.6639e-13
-5.025 2.275 3.3605e-13
-5.025 2.325 6.7973e-13
-5.025 2.375 1.3773e-12
-5.025 2.425 2.7960e-12
-5.025 2.475 5.6886e-12
-5.025 2.525 1.1603e-11
-5.025 2.575 2.3731e-11
-5.025 2.625 4.8693e-11
-5.025 2.675 1.0027e-10
-5.025 2.725 2.0734e-10
-5.025 2.775 4.3074e-10
-5.025 2.825 8.9962e-10
-5.025 2.875 1.8904e-09
-5.025 2.925 4.0004e-09
-5.025 2.975 8.5338e-09
-5.025 3.025 1.8375e-08
-5.025 3.075 3.9993e-08
-5.025 3.125 8.8144e-08
-5.025 3.175 1.9714e-07
-5.025 3.225 4.4862e-07
-5.025 3.275 1.0421e-06
-5.025 3.325 2.4808e-06
-5.025 3.375 6.0840e-06
-5.025 3.425 1.5475e-05
-5.025 3.475 4.1192e-05
-5.025 3.525 1.1617e-04
-5.025 3.575 3.5329e-04
-5.025 3.625 1.1897e-03
-5.025 3.675 4.6259e-03
-5.025 3.725 2.2280e-02
-5.025 3.775 1.4968e-01
-5.025 3.825 1.7162e+00
-5.025 3.875 0.0000e+00
-5.025 3.925 0.0000e+00
-5.025 3.975 0.0000e+00
-4.975 -1.975 0.0000e+00
-4.975 -1.925 0.0000e+00
-4.975 -1.875 0.0000e+00
-4.975 -1.825 0.0000e+00
-4.975 -1.775 0.0000e+00
-4.975 -1.725 0.0000e+00
-4.975 -1.675 0.0000e+00
-4.975 -1.625 0.0000e+00
-4.975 -1.575 0.0000e+00
-4.975 -1.525 0.0000e+00
-4.975 -1.475 0.0000e+00
-4.975 -1.425 0.0000e+00
-4.975 -1.375 0.0000e+00
-4.975 -1.325 0.0000e+00
-4.975 -1.275 0.0000e+00
-4.975 -1.225 0.0000e+00
-4.975 -1.175 0.0000e+00
-4.975 -1.125 0.0000e+00
-4.975 -1.075 0.0000e+00
-4.975 -1.025 0.0000e+00
-4.975 -0.975 0.0000e+00
-4.975 -0.925 0.0000e+00
-4.975 -0.875 0.0000e+00
-4.975 -0.825 0.0000e+00
-4.975 -0.775 0.0000e+00
-4.975 -0.725 0.0000e+00
-4.975 -0.675 0.0000e+00
-4.975 -0.625 0.0000e+00
-4.975 -0.575 0.0000e+00
-4.975 -0.525 0.0000e+00
-4.975 -0.475 0.0000e+00
-4.975 -0.425 0.0000e+00
-4.975 -0.375 0.0000e+00
-4.975 -0.325 0.0000e+00
-4.975 -0.275 0.0000e+00
-4.975 -0.225 0.0000e+00
-4.975 -0.175 0.0000e+00
-4.975 -0.125 0.0000e+00
-4.975 -0.075 0.0000e+00
-4.975 -0.025 0.0000e+00
-4.975 0.025 0.0000e+00
-4.975 0.075 0.0000e+00
-4.975 0.125 0.0000e+00
-4.975 0.175 0.0000e+00
-4.975 0.225 0.0000e+00
-4.975 0.275 0.0000e+00
-4.975 0.325 0.0000e+00
-4.975 0.375 0.0000e+00
-4.975 0.425 0.0000e+00
-4.975 0.475 0.0000e+00
-4.975 0.525 0.0000e+00
-4.975 0.575 0.0000e+00
-4.975 0.625 0.0000e+00
-4.975 0.675 0.0000e+00
-4.975 0.725 0.0000e+00
-4.975 0.775 0.0000e+00
-4.975 0.825 0.0000e+00
-4.975 0.875 0.0000e+00
-4.975 0.925 0.0000e+00
-4.975 0.975 0.0000e+00
-4.975 1.025 0.0000e+00
-4.975 1.075 0.0000e+00
-4.975 1.125 0.0000e+00
-4.975 1.175 0.0000e+00
-4.975 1.225 1.9170e-19
-4.975 1.275 3.8295e-19
-4.975 1.325 7.6510e-19
-4.975 1.375 1.5289e-18
-4.975 1.425 3.0556e-18
-4.975 1.475 6.1083e-18
-4.975 1.525 1.2214e-17
-4.975 1.575 2.4427e-17
-4.975 1.625 4.8869e-17
-4.975 1.675 9.7800e-17
-4.975 1.725 1.9580e-16
-4.975 1.775 3.9215e-16
-4.975 1.825 7.8577e-16
-4.975 1.875 1.5753e-15
-4.975 1.925 3.1600e-15
-4.975 1.975 6.3432e-15
-4.975 2.025 1.2742e-14
-4.975 2.075 2.5618e-14
-4.975 2.125 5.1554e-14
-4.975 2.175 1.0386e-13
-4.975 2.225 2.0947e-13
-4.975 2.275 4.2306e-13
-4.975 2.325 8.5572e-13
-4.975 2.375 1.7339e-12
-4.975 2.425 3.5199e-12
-4.975 2.475 7.1616e-12
-4.975 2.525 1.4607e-11
-4.975 2.575 2.9876e-11
-4.975 2.625 6.1301e-11
-4.975 2.675 1.2624e-10
-4.975 2.725 2.6102e-10
-4.975 2.775 5.4226e-10
-4.975 2.825 1.1326e-09
-4.975 2.875 2.3799e-09
-4.975 2.925 5.0362e-09
-4.975 2.975 1.0743e-08
-4.975 3.025 2.3132e-08
-4.975 3.075 5.0348e-08
-4.975 3.125 1.1097e-07
-4.975 3.175 2.4818e-07
-4.975 3.225 5.6477e-07
-4.975 3.275 1.3119e-06
-4.975 3.325 3.1230e-06
-4.975 3.375 7.6590e-06
-4.975 3.425 1.9481e-05
-4.975 3.475 5.1854e-05
-4.975 3.525 1.4623e-04
-4.975 3.575 4.4471e-04
-4.975 3.625 1.4975e-03
-4.975 3.675 5.8224e-03
-4.975 3.725 2.8041e-02
-4.975 3.775 1.8836e-01
-4.975 3.825 2.1579e+00
-4.975 3.875 0.0000e+00
-4.975 3.925 0.0000e+00
-4.975 3.975 0.0000e+00
-4.925 -1.975 0.0000e+00
-4.925 -1.925 0.0000e+00
-4.925 -1.875 0.0000e+00
-4.925 -1.825 0.0000e+00
-4.925 -1.775 0.0000e+00
-4.925 -1.725 0.0000e+00
-4.925 -1.675 0.0000e+00
-4.925 -1.625 0.0000e+00
-4.925 -1.575 0.0000e+00
-4.925 -1.525 0.0000e+00
-4.925 -1.475 0.0000e+00
-4.925 -1.425 0.0000e+00
-4.925 -1.375 0.0000e+00
-4.925 -1.325 0.0000e+00
-4.925 -1.275 0.0000e+00
-4.925 -1.225 0.0000e+00
-4.925 -1.175 0.0000e+00
-4.925 -1.125 0.0000e+00
-4.925 -1.075 0.0000e+00
-4.925 -1.025 0.0000e+00
-4.925 -0.975 0.0000e+00
-4.925 -0.925 0.0000e+00
-4.925 -0.875 0.0000e+00
-4.925 -0.825 0.0000e+00
-4.925 -0.775 0.0000e+00
-4.925 -0.725 0.0000e+00
-4.925 -0.675 0.0000e+00
-4.925 -0.625 0.0000e+00
-4.925 -0.575 0.0000e+00
-4.925 -0.525 0.0000e+00
-4.925 -0.475 0.0000e+00
-4.925 -0.425 0.0000e+00
-4.925 -0.375 0.0000e+00
-4.925 -0.325 0.0000e+00
-4.925 -0.275 0.0000e+00
-4.925 -0.225 0.0000e+00
-4.925 -0.175 0.0000e+00
-4.925 -0.125 0.0000e+00
-4.925 -0.075 0.0000e+00
-4.925 -0.025 0.0000e+00
-4.925 0.025 0.0000e+00
-4.925 0.075 0.0000e+00
-4.925 0.125 0.0000e+00
-4.925 0.175 0.0000e+00
-4.925 0.225 0.0000e+00
-4.925 0.275 0.0000e+00
-4.925 0.325 0.0000e+00
-4.925 0.375 0.0000e+00
-4.925 0.425 0.0000e+00
-4.925 0.475 0.0000e+00
-4.925 0.525 0.0000e+00
-4.925 0.575 0.0000e+00
-4.925 0.625 0.0000e+00
-4.925 0.675 0.0000e+00
-4.925 0.725 0.0000e+00
-4.925 0.775 0.0000e+00
-4.925 0.825 0.0000e+00
-4.925 0.875 0.0000e+00
-4.925 0.925 0.0000e+00
-4.925 0.975 0.0000e+00
-4.925 1.025 0.0000e+00
-4.925 1.075 0.0000e+00
-4.925 1.125 0.0000e+00
-4.925 1.175 0.0000e+00
-4.925 1.225 2.4133e-19
-4.925 1.275 4.8210e-19
-4.925 1.325 9.6320e-19
-4.925 1.375 1.9247e-18
-4.925 1.425 3.8468e-18
-4.925 1.475 7.6899e-18
-4.925 1.525 1.5376e-17
-4.925 1.575 3.0752e-17
-4.925 1.625 6.1523e-17
-4.925 1.675 1.2312e-16
-4.925 1.725 2.4649e-16
-4.925 1.775 4.9368e-16
-4.925 1.825 9.8922e-16
-4.925 1.875 1.9832e-15
-4.925 1.925 3.9783e-15
-4.925 1.975 7.9856e-15
-4.925 2.025 1.6042e-14
-4.925 2.075 3.2251e-14
-4.925 2.125 6.4902e-14
-4.925 2.175 1.3075e-13
-4.925 2.225 2.6371e-13
-4.925 2.275 5.3260e-13
-4.925 2.325 1.0773e-12
-4.925 2.375 2.1828e-12
-4.925 2.425 4.4313e-12
-4.925 2.475 9.0159e-12
-4.925 2.525 1.8389e-11
-4.925 2.575 3.7612e-11
-4.925 2.625 7.7174e-11
-4.925 2.675 1.5892e-10
-4.925 2.725 3.2861e-10
-4.925 2.775 6.8267e-10
-4.925 2.825 1.4258e-09
-4.925 2.875 2.9961e-09
-4.925 2.925 6.3401e-09
-4.925 2.975 1.3525e-08
-4.925 3.025 2.9122e-08
-4.925 3.075 6.3383e-08
-4.925 3.125 1.3970e-07
-4.925 3.175 3.1244e-07
-4.925 3.225 7.1099e-07
-4.925 3.275 1.6515e-06
-4.925 3.325 3.9315e-06
-4.925 3.375 9.6416e-06
-4.925 3.425 2.4523e-05
-4.925 3.475 6.5274e-05
-4.925 3.525 1.8407e-04
-4.925 3.575 5.5976e-04
-4.925 3.625 1.8848e-03
-4.925 3.675 7.3280e-03
-4.925 3.725 3.5289e-02
-4.925 3.775 2.3699e-01
-4.925 3.825 2.7123e+00
-4.925 3.875 0.0000e+00
-4.925 3.925 0.0000e+00
-4.925 3.975 0.0000e+00
-4.875 -1.975 0.0000e+00
-4.875 -1.925 0.0000e+00
-4.875 -1.875 0.0000e+00
-4.875 -1.825 0.0000e+00
-4.875 -1.775 0.0000e+00
-4.875 -1.725 0.0000e+00
-4.875 -1.675 0.0000e+00
-4.875 -1.625 0.0000e+00
-4.875 -1.575 0.0000e+00
-4.875 -1.525 0.0000e+00
-4.875 -1.475 0.0000e+00
-4.875 -1.425 0.0000e+00
-4.875 -1.375 0.0000e+00
-4.875 -1.325 0.0000e+00
-4.875 -1.275 0.0000e+00
-4.875 -1.225 0.0000e+00
-4.875 -1.175 0.0000e+00
-4.875 -1.125 0.0000e+00
-4.875 -1.075 0.0000e+00
-4.875 -1.025 0.0000e+00
-4.875 -0.975 0.0000e+00
-4.875 -0.925 0.0000e+00
-4.875 -0.875 0.0000e+00
-4.875 -0.825 0.0000e+00
-4.875 -0.775 0.0000e+00
-4.875 -0.725 0.0000e+00
-4.875 -0.675 0.0000e+00
-4.875 -0.625 0.0000e+00
-4.875 -0.575 0.0000e+00
-4.875 -0.525 0.0000e+00
-4.875 -0.475 0.0000e+00
-4.875 -0.425 0.0000e+00
-4.875 -0.375 0.0000e+00
-4.875 -0.325 0.0000e+00
-4.875 -0.275 0.0000e+00
-4.875 -0.225 0.0000e+00
-4.875 -0.175 0.0000e+00
-4.875 -0.125 0.0000e+00
-4.875 -0.075 0.0000e+00
-4.875 -0.025 0.0000e+00
-4.875 0.025 0.0000e+00
-4.875 0.075 0.0000e+00
-4.875 0.125 0.0000e+00
-4.875 0.175 0.0000e+00
-4.875 0.225 0.0000e+00
-4.875 0.275 0.0000e+00
-4.875 0.325 0.0000e+00
-4.875 0.375 0.0000e+00
-4.875 0.425 0.0000e+00
-4.875 0.475 0.0000e+00
-4.875 0.525 0.0000e+00
-4.875 0.575 0.0000e+00
-4.875 0.625 0.0000e+00
-4.875 0.675 0.0000e+00
-4.875 0.725 0.0000e+00
-4.875 0.775 0.0000e+00
-4.875 0.825 0.0000e+00
-4.875 0.875 0.0000e+00
-4.875 0.925 0.0000e+00
-4.875 0.975 0.0000e+00
-4.875 1.025 0.0000e+00
-4.875 1.075 0.0000e+00
-4.875 1.125 0.0000e+00
-4.875 1.175 0.0000e+00
-4.875 1.225 3.0382e-19
-4.875 1.275 6.0693e-19
-4.875 1.325 1.2126e-18
-4.875 1.375 2.4231e-18
-4.875 1.425 4.8428e-18
-4.875 1.475 9.6810e-18
-4.875 1.525 1.9357e-17
-4.875 1.575 3.8715e-17
-4.875 1.625 7.7453e-17
-4.875 1.675 1.5500e-16
-4.875 1.725 3.1032e-16
-4.875 1.775 6.2151e-16
-4.875 1.825 1.2454e-15
-4.875 1.875 2.4967e-15
-4.875 1.925 5.0083e-15
-4.875 1.975 1.0053e-14
-4.875 2.025 2.0195e-14
-4.875 2.075 4.0602e-14
-4.875 2.125 8.1707e-14
-4.875 2.175 1.6460e-13
-4.875 2.225 3.3199e-13
-4.875 2.275 6.7050e-13
-4.875 2.325 1.3562e-12
-4.875 2.375 2.7480e-12
-4.875 2.425 5.5787e-12
-4.875 2.475 1.1350e-11
-4.875 2.525 2.3150e-11
-4.875 2.575 4.7350e-11
-4.875 2.625 9.7156e-11
-4.875 2.675 2.0007e-10
-4.875 2.725 4.1369e-10
-4.875 2.775 8.5943e-10
-4.875 2.825 1.7950e-09
-4.875 2.875 3.7718e-09
-4.875 2.925 7.9817e-09
-4.875 2.975 1.7027e-08
-4.875 3.025 3.6662e-08
-4.875 3.075 7.9794e-08
-4.875 3.125 1.7586e-07
-4.875 3.175 3.9333e-07
-4.875 3.225 8.9505e-07
-4.875 3.275 2.0790e-06
-4.875 3.325 4.9492e-06
-4.875 3.375 1.2137e-05
-4.875 3.425 3.0870e-05
-4.875 3.475 8.2166e-05
-4.875 3.525 2.3170e-04
-4.875 3.575 7.0456e-04
-4.875 3.625 2.3722e-03
-4.875 3.675 9.2223e-03
-4.875 3.725 4.4406e-02
-4.875 3.775 2.9813e-01
-4.875 3.825 3.4077e+00
-4.875 3.875 0.0000e+00
-4.875 3.925 0.0000e+00
-4.875 3.975 0.0000e+00
-4.825 -1.975 0.0000e+00
-4.825 -1.925 0.0000e+00
-4.825 -1.875 0.0000e+00
-4.825 -1.825 0.0000e+00
-4.825 -1.775 0.0000e+00
-4.825 -1.725 0.0000e+00
-4.825 -1.675 0.0000e+00
-4.825 -1.625 0.0000e+00
-4.825 -1.575 0.0000e+00
-4.825 -1.525 0.0000e+00
-4.825 -1.475 0.0000e+00
-4.825 -1.425 0.0000e+00
-4.825 -1.375 0.0000e+00
-4.825 -1.325 0.0000e+00
-4.825 -1.275 0.0000e+00
-4.825 -1.225 0.0000e+00
-4.825 -1.175 0.0000e+00
-4.825 -1.125 0.0000e+00
-4.825 -1.075 0.0000e+00
-4.825 -1.025 0.0000e+00
-4.825 -0.975 0.0000e+00
-4.825 -0.925 0.0000e+00
-4.825 -0.875 0.0000e+00
-4.825 -0.825 0.0000e+00
-4.825 -0.775 0.0000e+00
-4.825 -0.725 0.0000e+00
-4.825 -0.675 0.0000e+00
-4.825 -0.625 0.0000e+00
-4.825 -0.575 0.0000e+00
-4.825 -0.525 0.0000e+00
-4.825 -0.475 0.0000e+00
-4.825 -0.425 0.0000e+00
-4.825 -0.375 0.0000e+00
-4.825 -0.325 0.0000e+00
-4.825 -0.275 0.0000e+00
-4.825 -0.225 0.0000e+00
-4.825 -0.175 0.0000e+00
-4.825 -0.125 0.0000e+00
-4.825 -0.075 0.0000e+00
-4.825 -0.025 0.0000e+00
-4.825 0.025 0.0000e+00
-4.825 0.075 0.0000e+00
-4.825 0.125 0.0000e+00
-4.825 0.175 0.0000e+00
-4.825 0.225 0.0000e+00
-4.825 0.275 0.0000e+00
-4.825 0.325 0.0000e+00
-4.825 0.375 0.0000e+00
-4.825 0.425 0.0000e+00
-4.825 0.475 0.0000e+00
-4.825 0.525 0.0000e+00
-4.825 0.575 0.0000e+00
-4.825 0.625 0.0000e+00
-4.825 0.675 0.0000e+00
-4.825 0.725 0.0000e+00
-4.825 0.775 0.0000e+00
-4.825 0.825 0.0000e+00
-4.825 0.875 0.0000e+00
-4.825 0.925 0.0000e+00
-4.825 0.975 0.0000e+00
-4.825 1.025 0.0000e+00
-4.825 1.075 0.0000e+00
-4.825 1.125 0.0000e+00
-4.825 1.175 0.0000e+00
-4.825 1.225 3.8249e-19
-4.825 1.275 7.6408e-19
-4.825 1.325 1.5266e-18
-4.825 1.375 3.0505e-18
-4.825 1.425 6.0968e-18
-4.825 1.475 1.2188e-17
-4.825 1.525 2.4369e-17
-4.825 1.575 4.8739e-17
-4.825 1.625 9.7507e-17
-4.825 1.675 1.9514e-16
-4.825 1.725 3.9067e-16
-4.825 1.775 7.8243e-16
-4.825 1.825 1.5678e-15
-4.825 1.875 3.1432e-15
-4.825 1.925 6.3051e-15
-4.825 1.975 1.2656e-14
-4.825 2.025 2.5424e-14
-4.825 2.075 5.1115e-14
-4.825 2.125 1.0286e-13
-4.825 2.175 2.0722e-13
-4.825 2.225 4.1795e-13
-4.825 2.275 8.4411e-13
-4.825 2.325 1.7074e-12
-4.825 2.375 3.4595e-12
-4.825 2.425 7.0232e-12
-4.825 2.475 1.4289e-11
-4.825 2.525 2.9144e-11
-4.825 2.575 5.9610e-11
-4.825 2.625 1.2231e-10
-4.825 2.675 2.5187e-10
-4.825 2.725 5.2081e-10
-4.825 2.775 1.0819e-09
-4.825 2.825 2.2597e-09
-4.825 2.875 4.7484e-09
-4.825 2.925 1.0048e-08
-4.825 2.975 2.1435e-08
-4.825 3.025 4.6154e-08
-4.825 3.075 1.0045e-07
-4.825 3.125 2.2139e-07
-4.825 3.175 4.9516e-07
-4.825 3.225 1.1268e-06
-4.825 3.275 2.6172e-06
-4.825 3.325 6.2302e-06
-4.825 3.375 1.5279e-05
-4.825 3.425 3.8859e-05
-4.825 3.475 1.0343e-04
-4.825 3.525 2.9164e-04
-4.825 3.575 8.8677e-04
-4.825 3.625 2.9854e-03
-4.825 3.675 1.1605e-02
-4.825 3.725 5.5872e-02
-4.825 3.775 3.7498e-01
-4.825 3.825 4.2792e+00
-4.825 3.875 0.0000e+00
-4.825 3.925 0.0000e+00
-4.825 3.975 0.0000e+00
-4.775 -1.975 0.0000e+00
-4.775 -1.925 0.0000e+00
-4.775 -1.875 0.0000e+00
-4.775 -1.825 0.0000e+00
-4.775 -1.775 0.0000e+00
-4.775 -1.725 0.0000e+00
-4.775 -1.675 0.0000e+00
-4.775 -1.625 0.0000e+00
-4.775 -1.575 0.0000e+00
-4.775 -1.525 0.0000e+00
-4.775 -1.475 0.0000e+00
-4.775 -1.425 0.0000e+00
-4.775 -1.375 0.0000e+00
-4.775 -1.325 0.0000e+00
-4.775 -1.275 0.0000e+00
-4.775 -1.225 0.0000e+00
-4.775 -1.175 0.0000e+00
-4.775 -1.125 0.0000e+00
-4.775 -1.075 0.0000e+00
-4.775 -1.025 0.0000e+00
-4.775 -0.975 0.0000e+00
-4.775 -0.925 0.0000e+00
-4.775 -0.875 0.0000e+00
-4.775 -0.825 0.0000e+00
-4.775 -0.775 0.0000e+00
-4.775 -0.725 0.0000e+00
-4.775 -0.675 0.0000e+00
-4.775 -0.625 0.0000e+00
-4.775 -0.575 0.0000e+00
-4.775 -0.525 0.0000e+00
-4.775 -0.475 0.0000e+00
-4.775 -0.425 0.0000e+00
-4.775 -0.375 0.0000e+00
-4.775 -0.325 0.0000e+00
-4.775 -0.275 0.0000e+00
-4.775 -0.225 0.0000e+00
-4.775 -0.175 0.0000e+00
-4.775 -0.125 0.0000e+00
-4.775 -0.075 0.0000e+00
-4.775 -0.025 0.0000e+00
-4.775 0.025 0.0000e+00
-4.775 0.075 0.0000e+00
-4.775 0.125 0.0000e+00
-4.775 0.175 0.0000e+00
-4.775 0.225 0.0000e+00
-4.775 0.275 0.0000e+00
-4.775 0.325 0.0000e+00
-4.775 0.375 0.0000e+00
-4.775 0.425 0.0000e+00
-4.775 0.475 0.0000e+00
-4.775 0.525 0.0000e+00
-4.775 0.575 0.0000e+00
-4.775 0.625 0.0000e+00
-4.775 0.675 0.0000e+00
-4.775 0.725 0.0000e+00
-4.775 0.775 0.0000e+00
-4.775 0.825 0.0000e+00
-4.775 0.875 0.0000e+00
-4.775 0.925 0.0000e+00
-4.775 0.975 0.0000e+00
-4.775 1.025 0.0000e+00
-4.775 1.075 0.0000e+00
-4.775 1.125 0.0000e+00
-4.775 1.175 0.0000e+00
-4.775 1.225 4.8153e-19
-4.775 1.275 9.6192e-19
-4.775 1.325 1.9218e-18
-4.775 1.375 3.8403e-18
-4.775 1.425 7.6754e-18
-4.775 1.475 1.5343e-17
-4.775 1.525 3.0679e-17
-4.775 1.575 6.1359e-17
-4.775 1.625 1.2275e-16
-4.775 1.675 2.4566e-16
-4.775 1.725 4.9182e-16
-4.775 1.775 9.8503e-16
-4.775 1.825 1.9738e-15
-4.775 1.875 3.9570e-15
-4.775 1.925 7.9377e-15
-4.775 1.975 1.5933e-14
-4.775 2.025 3.2007e-14
-4.775 2.075 6.4350e-14
-4.775 2.125 1.2950e-13
-4.775 2.175 2.6087e-13
-4.775 2.225 5.2616e-13
-4.775 2.275 1.0627e-12
-4.775 2.325 2.1495e-12
-4.775 2.375 4.3553e-12
-4.775 2.425 8.8417e-12
-4.775 2.475 1.7989e-11
-4.775 2.525 3.6691e-11
-4.775 2.575 7.5045e-11
-4.775 2.625 1.5398e-10
-4.775 2.675 3.1709e-10
-4.775 2.725 6.5566e-10
-4.775 2.775 1.3621e-09
-4.775 2.825 2.8448e-09
-4.775 2.875 5.9779e-09
-4.775 2.925 1.2650e-08
-4.775 2.975 2.6985e-08
-4.775 3.025 5.8103e-08
-4.775 3.075 1.2646e-07
-4.775 3.125 2.7871e-07
-4.775 3.175 6.2334e-07
-4.775 3.225 1.4184e-06
-4.775 3.275 3.2946e-06
-4.775 3.325 7.8427e-06
-4.775 3.375 1.9233e-05
-4.775 3.425 4.8914e-05
-4.775 3.475 1.3018e-04
-4.775 3.525 3.6706e-04
-4.775 3.575 1.1160e-03
-4.775 3.625 3.7569e-03
-4.775 3.675 1.4602e-02
-4.775 3.725 7.0287e-02
-4.775 3.775 4.7152e-01
-4.775 3.825 5.3701e+00
-4.775 3.875 0.0000e+00
-4.775 3.925 0.0000e+00
-4.775 3.975 0.0000e+00
-4.725 -1.975 0.0000e+00
-4.725 -1.925 0.0000e+00
-4.725 -1.875 0.0000e+00
-4.725 -1.825 0.0000e+00
-4.725 -1.775 0.0000e+00
-4.725 -1.725 0.0000e+00
-4.725 -1.675 0.0000e+00
-4.725 -1.625 0.0000e+00
-4.725 -1.575 0.0000e+00
-4.725 -1.525 0.0000e+00
-4.725 -1.475 0.0000e+00
-4.725 -1.425 0.0000e+00
-4.725 -1.375 0.0000e+00
-4.725 -1.325 0.0000e+00
-4.725 -1.275 0.0000e+00
-4.725 -1.225 0.0000e+00
-4.725 -1.175 0.0000e+00
-4.725 -1.125 0.0000e+00
-4.725 -1.075 0.0000e+00
-4.725 -1.025 0.0000e+00
-4.725 -0.975 0.0000e+00
-4.725 -0.925 0.0000e+00
-4.725 -0.875 0.0000e+00
-4.725 -0.825 0.0000e+00
-4.725 -0.775 0.0000e+00
-4.725 -0.725 0.0000e+00
-4.725 -0.675 0.0000e+00
-4.725 -0.625 0.0000e+00
-4.725 -0.575 0.0000e+00
-4.725 -0.525 0.0000e+00
-4.725 -0.475 0.0000e+00
-4.725 -0.425 0.0000e+00
-4.725 -0.375 0.0000e+00
-4.725 -0.325 0.0000e+00
-4.725 -0.275 0.0000e+00
-4.725 -0.225 0.0000e+00
-4.725 -0.175 0.0000e+00
-4.725 -0.125 0.0000e+00
-4.725 -0.075 0.0000e+00
-4.725 -0.025 0.0000e+00
-4.725 0.025 0.0000e+00
-4.725 0.075 0.0000e+00
-4.725 0.125 0.0000e+00
-4.725 0.175 0.0000e+00
-4.725 0.225 0.0000e+00
-4.725 0.275 0.0000e+00
-4.725 0.325 0.0000e+00
-4.725 0.375 0.0000e+00
-4.725 0.425 0.0000e+00
-4.725 0.475 0.0000e+00
-4.725 0.525 0.0000e+00
-4.725 0.575 0.0000e+00
-4.725 0.625 0.0000e+00
-4.725 0.675 0.0000e+00
-4.725 0.725 0.0000e+00
-4.725 0.775 0.0000e+00
-4.725 0.825 0.0000e+00
-4.725 0.875 0.0000e+00
-4.725 0.925 0.0000e+00
-4.725 0.975 0.0000e+00
-4.725 1.025 0.0000e+00
-4.725 1.075 0.0000e+00
-4.725 1.125 0.0000e+00
-4.725 1.175 0.0000e+00
-4.725 1.225 6.0621e-19
-4.725 1.275 1.2110e-18
-4.725 1.325 2.4195e-18
-4.725 1.375 4.8347e-18
-4.725 1.425 9.6627e-18
-4.725 1.475 1.9316e-17
-4.725 1.525 3.8623e-17
-4.725 1.575 7.7246e-17
-4.725 1.625 1.5454e-16
-4.725 1.675 3.0927e-16
-4.725 1.725 6.1916e-16
-4.725 1.775 1.2401e-15
-4.725 1.825 2.4848e-15
-4.725 1.875 4.9816e-15
-4.725 1.925 9.9929e-15
-4.725 1.975 2.0059e-14
-4.725 2.025 4.0295e-14
-4.725 2.075 8.1012e-14
-4.725 2.125 1.6303e-13
-4.725 2.175 3.2842e-13
-4.725 2.225 6.6240e-13
-4.725 2.275 1.3378e-12
-4.725 2.325 2.7060e-12
-4.725 2.375 5.4829e-12
-4.725 2.425 1.1131e-11
-4.725 2.475 2.2647e-11
-4.725 2.525 4.6191e-11
-4.725 2.575 9.4475e-11
-4.725 2.625 1.9385e-10
-4.725 2.675 3.9919e-10
-4.725 2.725 8.2542e-10
-4.725 2.775 1.7148e-09
-4.725 2.825 3.5814e-09
-4.725 2.875 7.5256e-09
-4.725 2.925 1.5925e-08
-4.725 2.975 3.3972e-08
-4.725 3.025 7.3145e-08
-4.725 3.075 1.5920e-07
-4.725 3.125 3.5086e-07
-4.725 3.175 7.8470e-07
-4.725 3.225 1.7856e-06
-4.725 3.275 4.1474e-06
-4.725 3.325 9.8724e-06
-4.725 3.375 2.4209e-05
-4.725 3.425 6.1568e-05
-4.725 3.475 1.6385e-04
-4.725 3.525 4.6196e-04
-4.725 3.575 1.4044e-03
-4.725 3.625 4.7271e-03
-4.725 3.675 1.8370e-02
-4.725 3.725 8.8404e-02
-4.725 3.775 5.9273e-01
-4.725 3.825 6.7336e+00
-4.725 3.875 0.0000e+00
-4.725 3.925 0.0000e+00
-4.725 3.975 0.0000e+00
-4.675 -1.975 0.0000e+00
-4.675 -1.925 0.0000e+00
-4.675 -1.875 0.0000e+00
-4.675 -1.825 0.0000e+00
-4.675 -1.775 0.0000e+00
-4.675 -1.725 0.0000e+00
-4.675 -1.675 0.0000e+00
-4.675 -1.625 0.0000e+00
-4.675 -1.575 0.0000e+00
-4.675 -1.525 0.0000e+00
-4.675 -1.475 0.0000e+00
-4.675 -1.425 0.0000e+00
-4.675 -1.375 0.0000e+00
-4.675 -1.325 0.0000e+00
-4.675 -1.275 0.0000e+00
-4.675 -1.225 0.0000e+00
-4.675 -1.175 0.0000e+00
-4.675 -1.125 0.0000e+00
-4.675 -1.075 0.0000e+00
-4.675 -1.025 0.0000e+00
-4.675 -0.975 0.0000e+00
-4.675 -0.925 0.0000e+00
-4.675 -0.875 0.0000e+00
-4.675 -0.825 0.0000e+00
-4.675 -0.775 0.0000e+00
-4.675 -0.725 0.0000e+00
-4.675 -0.675 0.0000e+00
-4.675 -0.625 0.0000e+00
-4.675 -0.575 0.0000e+00
-4.675 -0.525 0.0000e+00
-4.675 -0.475 0.0000e+00
-4.675 -0.425 0.0000e+00
-4.675 -0.375 0.0000e+00
-4.675 -0.325 0.0000e+00
-4.675 -0.275 0.0000e+00
-4.675 -0.225 0.0000e+00
-4.675 -0.175 0.0000e+00
-4.675 -0.125 0.0000e+00
-4.675 -0.075 0.0000e+00
-4.675 -0.025 0.0000e+00
-4.675 0.025 0.0000e+00
-4.675 0.075 0.0000e+00
-4.675 0.125 0.0000e+00
-4.675 0.175 0.0000e+00
-4.675 0.225 0.0000e+00
-4.675 0.275 0.0000e+00
-4.675 0.325 0.0000e+00
-4.675 0.375 0.0000e+00
-4.675 0.425 0.0000e+00
-4.675 0.475 0.0000e+00
-4.675 0.525 0.0000e+00
-4.675 0.575 0.0000e+00
-4.675 0.625 0.0000e+00
-4.675 0.675 0.0000e+00
-4.675 0.725 0.0000e+00
-4.675 0.775 0.0000e+00
-4.675 0.825 0.0000e+00
-4.675 0.875 0.0000e+00
-4.675 0.925 0.0000e+00
-4.675 0.975 0.0000e+00
-4.675 1.025 0.0000e+00
-4.675 1.075 0.0000e+00
-4.675 1.125 0.0000e+00
-4.675 1.175 0.0000e+00
-4.675 1.225 7.6317e-19
-4.675 1.275 1.5245e-18
-4.675 1.325 3.0459e-18
-4.675 1.375 6.0865e-18
-4.675 1.425 1.2165e-17
-4.675 1.475 2.4318e-17
-4.675 1.525 4.8623e-17
-4.675 1.575 9.7247e-17
-4.675 1.625 1.9455e-16
-4.675 1.675 3.8935e-16
-4.675 1.725 7.7948e-16
-4.675 1.775 1.5612e-15
-4.675 1.825 3.1282e-15
-4.675 1.875 6.2714e-15
-4.675 1.925 1.2580e-14
-4.675 1.975 2.5253e-14
-4.675 2.025 5.0728e-14
-4.675 2.075 1.0199e-13
-4.675 2.125 2.0524e-13
-4.675 2.175 4.1346e-13
-4.675 2.225 8.3391e-13
-4.675 2.275 1.6842e-12
-4.675 2.325 3.4067e-12
-4.675 2.375 6.9026e-12
-4.675 2.425 1.4013e-11
-4.675 2.475 2.8511e-11
-4.675 2.525 5.8150e-11
-4.675 2.575 1.1894e-10
-4.675 2.625 2.4404e-10
-4.675 2.675 5.0255e-10
-4.675 2.725 1.0391e-09
-4.675 2.775 2.1587e-09
-4.675 2.825 4.5086e-09
-4.675 2.875 9.4741e-09
-4.675 2.925 2.0048e-08
-4.675 2.975 4.2767e-08
-4.675 3.025 9.2082e-08
-4.675 3.075 2.0041e-07
-4.675 3.125 4.4169e-07
-4.675 3.175 9.8783e-07
-4.675 3.225 2.2478e-06
-4.675 3.275 5.2207e-06
-4.675 3.325 1.2427e-05
-4.675 3.375 3.0472e-05
-4.675 3.425 7.7493e-05
-4.675 3.475 2.0622e-04
-4.675 3.525 5.8136e-04
-4.675 3.575 1.7672e-03
-4.675 3.625 5.9472e-03
-4.675 3.675 2.3107e-02
-4.675 3.725 1.1116e-01
-4.675 3.775 7.4481e-01
-4.675 3.825 8.4345e+00
-4.675 3.875 0.0000e+00
-4.675 3.925 0.0000e+00
-4.675 3.975 0.0000e+00
-4.625 -1.975 0.0000e+00
-4.625 -1.925 0.0000e+00
-4.625 -1.875 0.0000e+00
-4.625 -1.825 0.0000e+00
-4.625 -1.775 0.0000e+00
-4.625 -1.725 0.0000e+00
-4.625 -1.675 0.0000e+00
-4.625 -1.625 0.0000e+00
-4.625 -1.575 0.0000e+00
-4.625 -1.525 0.0000e+00
-4.625 -1.475 0.0000e+00
-4.625 -1.425 0.0000e+00
-4.625 -1.375 0.0000e+00
-4.625 -1.325 0.0000e+00
-4.625 -1.275 0.0000e+00
-4.625 -1.225 0.0000e+00
-4.625 -1.175 0.0000e+00
-4.625 -1.125 0.0000e+00
-4.625 -1.075 0.0000e+00
-4.625 -1.025 0.0000e+00
-4.625 -0.975 0.0000e+00
-4.625 -0.925 0.0000e+00
-4.625 -0.875 0.0000e+00
-4.625 -0.825 0.0000e+00
-4.625 -0.775 0.0000e+00
-4.625 -0.725 0.0000e+00
-4.625 -0.675 0.0000e+00
-4.625 -0.625 0.0000e+00
-4.625 -0.575 0.0000e+00
-4.625 -0.525 0.0000e+00
-4.625 -0.475 0.0000e+00
-4.625 -0.425 0.0000e+00
-4.625 -0.375 0.0000e+00
-4.625 -0.325 0.0000e+00
-4.625 -0.275 0.0000e+00
-4.625 -0.225 0.0000e+00
-4.625 -0.175 0.0000e+00
-4.625 -0.125 0.0000e+00
-4.625 -0.075 0.0000e+00
-4.625 -0.025 0.0000e+00
-4.625 0.025 0.0000e+00
-4.625 0.075 0.0000e+00
-4.625 0.125 0.0000e+00
-4.625 0.175 0.0000e+00
-4.625 0.225 0.0000e+00
-4.625 0.275 0.0000e+00
-4.625 0.325 0.0000e+00
-4.625 0.375 0.0000e+00
-4.625 0.425 0.0000e+00
-4.625 0.475 0.0000e+00
-4.625 0.525 0.0000e+00
-4.625 0.575 0.0000e+00
-4.625 0.625 0.0000e+00
-4.625 0.675 0.0000e+00
-4.625 0.725 0.0000e+00
-4.625 0.775 0.0000e+00
-4.625 0.825 0.0000e+00
-4.625 0.875 0.0000e+00
-4.625 0.925 0.0000e+00
-4.625 0.975 0.0000e+00
-4.625 1.025 0.0000e+00
-4.625 1.075 0.0000e+00
-4.625 1.125 0.0000e+00
-4.625 1.175 0.0000e+00
-4.625 1.225 9.6077e-19
-4.625 1.275 1.9193e-18
-4.625 1.325 3.8346e-18
-4.625 1.375 7.6625e-18
-4.625 1.425 1.5314e-17
-4.625 1.475 3.0614e-17
-4.625 1.525 6.1213e-17
-4.625 1.575 1.2243e-16
-4.625 1.625 2.4493e-16
-4.625 1.675 4.9016e-16
-4.625 1.725 9.8131e-16
-4.625 1.775 1.9654e-15
-4.625 1.825 3.9382e-15
-4.625 1.875 7.8952e-15
-4.625 1.925 1.5838e-14
-4.625 1.975 3.1791e-14
-4.625 2.025 6.3863e-14
-4.625 2.075 1.2839e-13
-4.625 2.125 2.5838e-13
-4.625 2.175 5.2051e-13
-4.625 2.225 1.0498e-12
-4.625 2.275 2.1203e-12
-4.625 2.325 4.2888e-12
-4.625 2.375 8.6898e-12
-4.625 2.425 1.7641e-11
-4.625 2.475 3.5893e-11
-4.625 2.525 7.3207e-11
-4.625 2.575 1.4973e-10
-4.625 2.625 3.0723e-10
-4.625 2.675 6.3266e-10
-4.625 2.725 1.3082e-09
-4.625 2.775 2.7177e-09
-4.625 2.825 5.6759e-09
-4.625 2.875 1.1927e-08
-4.625 2.925 2.5239e-08
-4.625 2.975 5.3839e-08
-4.625 3.025 1.1592e-07
-4.625 3.075 2.5229e-07
-4.625 3.125 5.5602e-07
-4.625 3.175 1.2435e-06
-4.625 3.225 2.8295e-06
-4.625 3.275 6.5716e-06
-4.625 3.325 1.5642e-05
-4.625 3.375 3.8354e-05
-4.625 3.425 9.7530e-05
-4.625 3.475 2.5952e-04
-4.625 3.525 7.3153e-04
-4.625 3.575 2.2233e-03
-4.625 3.625 7.4809e-03
-4.625 3.675 2.9058e-02
-4.625 3.725 1.3974e-01
-4.625 3.775 9.3545e-01
-4.625 3.825 1.0551e+01
-4.625 3.875 0.0000e+00
-4.625 3.925 0.0000e+00
-4.625 3.975 0.0000e+00
-4.575 -1.975 0.0000e+00
-4.575 -1.925 0.0000e+00
-4.575 -1.875 0.0000e+00
-4.575 -1.825 0.0000e+00
-4.575 -1.775 0.0000e+00
-4.575 -1.725 0.0000e+00
-4.575 -1.675 0.0000e+00
-4.575 -1.625 0.0000e+00
-4.575 -1.575 0.0000e+00
-4.575 -1.525 0.0000e+00
-4.575 -1.475 0.0000e+00
-4.575 -1.425 0.0000e+00
-4.575 -1.375 0.0000e+00
-4.575 -1.325 0.0000e+00
-4.575 -1.275 0.0000e+00
-4.575 -1.225 0.0000e+00
-4.575 -1.175 0.0000e+00
-4.575 -1.125 0.0000e+00
-4.575 -1.075 0.0000e+00
-4.575 -1.025 0.0000e+00
-4.575 -0.975 0.0000e+00
-4.575 -0.925 0.0000e+00
-4.575 -0.875 0.0000e+00
-4.575 -0.825 0.0000e+00
-4.575 -0.775 0.0000e+00
-4.575 -0.725 0.0000e+00
-4.575 -0.675 0.0000e+00
-4.575 -0.625 0.0000e+00
-4.575 -0.575 0.0000e+00
-4.575 -0.525 0.0000e+00
-4.575 -0.475 0.0000e+00
-4.575 -0.425 0.0000e+00
-4.575 -0.375 0.0000e+00
-4.575 -0.325 0.0000e+00
-4.575 -0.275 0.0000e+00
-4.575 -0.225 0.0000e+00
-4.575 -0.175 0.0000e+00
-4.575 -0.125 0.0000e+00
-4.575 -0.075 0.0000e+00
-4.575 -0.025 0.0000e+00
-4.575 0.025 0.0000e+00
-4.575 0.075 0.0000e+00
-4.575 0.125 0.0000e+00
-4.575 0.175 0.0000e+00
-4.575 0.225 0.0000e+00
-4.575 0.275 0.0000e+00
-4.575 0.325 0.0000e+00
-4.575 0.375 0.0000e+00
-4.575 0.425 0.0000e+00
-4.575 0.475 0.0000e+00
-4.575 0.525 0.0000e+00
-4.575 0.575 0.0000e+00
-4.575 0.625 0.0000e+00
-4.575 0.675 0.0000e+00
-4.575 0.725 0.0000e+00
-4.575 0.775 0.0000e+00
-4.575 0.825 0.0000e+00
-4.575 0.875 0.0000e+00
-4.575 0.925 0.0000e+00
-4.575 0.975 0.0000e+00
-4.575 1.025 0.0000e+00
-4.575 1.075 0.0000e+00
-4.575 1.125 0.0000e+00
-4.575 1.175 0.0000e+00
-4.575 1.225 1.2095e-18
-4.575 1.275 2.4162e-18
-4.575 1.325 4.8274e-18
-4.575 1.375 9.6465e-18
-4.575 1.425 1.9280e-17
-4.575 1.475 3.8541e-17
-4.575 1.525 7.7062e-17
-4.575 1.575 1.5413e-16
-4.575 1.625 3.0835e-16
-4.575 1.675 6.1708e-16
-4.575 1.725 1.2354e-15
-4.575 1.775 2.4743e-15
-4.575 1.825 4.9578e-15
-4.575 1.875 9.9395e-15
-4.575 1.925 1.9939e-14
-4.575 1.975 4.0023e-14
-4.575 2.025 8.0398e-14
-4.575 2.075 1.6164e-13
-4.575 2.125 3.2528e-13
-4.575 2.175 6.5528e-13
-4.575 2.225 1.3217e-12
-4.575 2.275 2.6693e-12
-4.575 2.325 5.3992e-12
-4.575 2.375 1.0940e-11
-4.575 2.425 2.2209e-11
-4.575 2.475 4.5186e-11
-4.575 2.525 9.2161e-11
-4.575 2.575 1.8850e-10
-4.575 2.625 3.8677e-10
-4.575 2.675 7.9647e-10
-4.575 2.725 1.6469e-09
-4.575 2.775 3.4213e-09
-4.575 2.825 7.1454e-09
-4.575 2.875 1.5015e-08
-4.575 2.925 3.1773e-08
-4.575 2.975 6.7776e-08
-4.575 3.025 1.4593e-07
-4.575 3.075 3.1760e-07
-4.575 3.125 6.9994e-07
-4.575 3.175 1.5653e-06
-4.575 3.225 3.5617e-06
-4.575 3.275 8.2719e-06
-4.575 3.325 1.9688e-05
-4.575 3.375 4.8272e-05
-4.575 3.425 1.2274e-04
-4.575 3.475 3.2656e-04
-4.575 3.525 9.2039e-04
-4.575 3.575 2.7968e-03
-4.575 3.625 9.4080e-03
-4.575 3.675 3.6532e-02
-4.575 3.725 1.7560e-01
-4.575 3.775 1.1741e+00
-4.575 3.825 1.3178e+01
-4.575 3.875 0.0000e+00
-4.575 3.925 0.0000e+00
-4.575 3.975 0.0000e+00
-4.525 -1.975 0.0000e+00
-4.525 -1.925 0.0000e+00
-4.525 -1.875 0.0000e+00
-4.525 -1.825 0.0000e+00
-4.525 -1.775 0.0000e+00
-4.525 -1.725 0.0000e+00
-4.525 -1.675 0.0000e+00
-4.525 -1.625 0.0000e+00
-4.525 -1.575 0.0000e+00
-4.525 -1.525 0.0000e+00
-4.525 -1.475 0.0000e+00
-4.525 -1.425 0.0000e+00
-4.525 -1.375 0.0000e+00
-4.525 -1.325 0.0000e+00
-4.525 -1.275 0.0000e+00
-4.525 -1.225 0.0000e+00
-4.525 -1.175 0.0000e+00
-4.525 -1.125 0.0000e+00
-4.525 -1.075 0.0000e+00
-4.525 -1.025 0.0000e+00
-4.525 -0.975 0.0000e+00
-4.525 -0.925 0.0000e+00
-4.525 -0.875 0.0000e+00
-4.525 -0.825 0.0000e+00
-4.525 -0.775 0.0000e+00
-4.525 -0.725 0.0000e+00
-4.525 -0.675 0.0000e+00
-4.525 -0.625 0.0000e+00
-4.525 -0.575 0.0000e+00
-4.525 -0.525 0.0000e+00
-4.525 -0.475 0.0000e+00
-4.525 -0.425 0.0000e+00
-4.525 -0.375 0.0000e+00
-4.525 -0.325 0.0000e+00
-4.525 -0.275 0.0000e+00
-4.525 -0.225 0.0000e+00
-4.525 -0.175 0.0000e+00
-4.525 -0.125 0.0000e+00
-4.525 -0.075 0.0000e+00
-4.525 -0.025 0.0000e+00
-4.525 0.025 0.0000e+00
-4.525 0.075 0.0000e+00
-4.525 0.125 0.0000e+00
-4.525 0.175 0.0000e+00
-4.525 0.225 0.0000e+00
-4.525 0.275 0.0000e+00
-4.525 0.325 0.0000e+00
-4.525 0.375 0.0000e+00
-4.525 0.425 0.0000e+00
-4.525 0.475 0.0000e+00
-4.525 0.525 0.0000e+00
-4.525 0.575 0.0000e+00
-4.525 0.625 0.0000e+00
-4.525 0.675 0.0000e+00
-4.525 0.725 0.0000e+00
-4.525 0.775 0.0000e+00
-4.525 0.825 0.0000e+00
-4.525 0.875 0.0000e+00
-4.525 0.925 0.0000e+00
-4.525 0.975 0.0000e+00
-4.525 1.025 0.0000e+00
-4.525 1.075 0.0000e+00
-4.525 1.125 0.0000e+00
-4.525 1.175 0.0000e+00
-4.525 1.225 1.5227e-18
-4.525 1.275 3.0418e-18
-4.525 1.325 6.0774e-18
-4.525 1.375 1.2144e-17
-4.525 1.425 2.4272e-17
-4.525 1.475 4.8520e-17
-4.525 1.525 9.7016e-17
-4.525 1.575 1.9403e-16
-4.525 1.625 3.8818e-16
-4.525 1.675 7.7686e-16
-4.525 1.725 1.5553e-15
-4.525 1.775 3.1149e-15
-4.525 1.825 6.2416e-15
-4.525 1.875 1.2513e-14
-4.525 1.925 2.5101e-14
-4.525 1.975 5.0386e-14
-4.525 2.025 1.0122e-13
-4.525 2.075 2.0349e-13
-4.525 2.125 4.0950e-13
-4.525 2.175 8.2495e-13
-4.525 2.225 1.6639e-12
-4.525 2.275 3.3604e-12
-4.525 2.325 6.7972e-12
-4.525 2.375 1.3772e-11
-4.525 2.425 2.7960e-11
-4.525 2.475 5.6885e-11
-4.525 2.525 1.1602e-10
-4.525 2.575 2.3731e-10
-4.525 2.625 4.8692e-10
-4.525 2.675 1.0027e-09
-4.525 2.725 2.0733e-09
-4.525 2.775 4.3071e-09
-4.525 2.825 8.9954e-09
-4.525 2.875 1.8902e-08
-4.525 2.925 3.9998e-08
-4.525 2.975 8.5322e-08
-4.525 3.025 1.8370e-07
-4.525 3.075 3.9980e-07
-4.525 3.125 8.8109e-07
-4.525 3.175 1.9704e-06
-4.525 3.225 4.4832e-06
-4.525 3.275 1.0412e-05
-4.525 3.325 2.4780e-05
-4.525 3.375 6.0751e-05
-4.525 3.425 1.5445e-04
-4.525 3.475 4.1088e-04
-4.525 3.525 1.1578e-03
-4.525 3.575 3.5174e-03
-4.525 3.625 1.1828e-02
-4.525 3.675 4.5911e-02
-4.525 3.725 2.2054e-01
-4.525 3.775 1.4725e+00
-4.525 3.825 1.6424e+01
-4.525 3.875 0.0000e+00
-4.525 3.925 0.0000e+00
-4.525 3.975 0.0000e+00
-4.475 -1.975 0.0000e+00
-4.475 -1.925 0.0000e+00
-4.475 -1.875 0.0000e+00
-4.475 -1.825 0.0000e+00
-4.475 -1.775 0.0000e+00
-4.475 -1.725 0.0000e+00
-4.475 -1.675 0.0000e+00
-4.475 -1.625 0.0000e+00
-4.475 -1.575 0.0000e+00
-4.475 -1.525 0.0000e+00
-4.475 -1.475 0.0000e+00
-4.475 -1.425 0.0000e+00
-4.475 -1.375 0.0000e+00
-4.475 -1.325 0.0000e+00
-4.475 -1.275 0.0000e+00
-4.475 -1.225 0.0000e+00
-4.475 -1.175 0.0000e+00
-4.475 -1.125 0.0000e+00
-4.475 -1.075 0.0000e+00
-4.475 -1.025 0.0000e+00
-4.475 -0.975 0.0000e+00
-4.475 -0.925 0.0000e+00
-4.475 -0.875 0.0000e+00
-4.475 -0.825 0.0000e+00
-4.475 -0.775 0.0000e+00
-4.475 -0.725 0.0000e+00
-4.475 -0.675 0.0000e+00
-4.475 -0.625 0.0000e+00
-4.475 -0.575 0.0000e+00
-4.475 -0.525 0.0000e+00
-4.475 -0.475 0.0000e+00
-4.475 -0.425 0.0000e+00
-4.475 -0.375 0.0000e+00
-4.475 -0.325 0.0000e+00
-4.475 -0.275 0.0000e+00
-4.475 -0.225 0.0000e+00
-4.475 -0.175 0.0000e+00
-4.475 -0.125 0.0000e+00
-4.475 -0.075 0.0000e+00
-4.475 -0.025 0.0000e+00
-4.475 0.025 0.0000e+00
-4.475 0.075 0.0000e+00
-4.475 0.125 0.0000e+00
-4.475 0.175 0.0000e+00
-4.475 0.225 0.0000e+00
-4.475 0.275 0.0000e+00
-4.475 0.325 0.0000e+00
-4.475 0.375 0.0000e+00
-4.475 0.425 0.0000e+00
-4.475 0.475 0.0000e+00
-4.475 0.525 0.0000e+00
-4.475 0.575 0.0000e+00
-4.475 0.625 0.0000e+00
-4.475 0.675 0.0000e+00
-4.475 0.725 0.0000e+00
-4.475 0.775 0.0000e+00
-4.475 0.825 0.0000e+00
-4.475 0.875 0.0000e+00
-4.475 0.925 0.0000e+00
-4.475 0.975 0.0000e+00
-4.475 1.025 0.0000e+00
-4.475 1.075 0.0000e+00
-4.475 1.125 0.0000e+00
-4.475 1.175 0.0000e+00
-4.475 1.225 1.9170e-18
-4.475 1.275 3.8295e-18
-4.475 1.325 7.6510e-18
-4.475 1.375 1.5289e-17
-4.475 1.425 3.0556e-17
-4.475 1.475 6.1083e-17
-4.475 1.525 1.2214e-16
-4.475 1.575 2.4427e-16
-4.475 1.625 4.8869e-16
-4.475 1.675 9.7800e-16
-4.475 1.725 1.9580e-15
-4.475 1.775 3.9215e-15
-4.475 1.825 7.8577e-15
-4.475 1.875 1.5753e-14
-4.475 1.925 3.1600e-14
-4.475 1.975 6.3432e-14
-4.475 2.025 1.2742e-13
-4.475 2.075 2.5618e-13
-4.475 2.125 5.1553e-13
-4.475 2.175 1.0386e-12
-4.475 2.225 2.0947e-12
-4.475 2.275 4.2305e-12
-4.475 2.325 8.5571e-12
-4.475 2.375 1.7338e-11
-4.475 2.425 3.5199e-11
-4.475 2.475 7.1614e-11
-4.475 2.525 1.4606e-10
-4.475 2.575 2.9875e-10
-4.475 2.625 6.1298e-10
-4.475 2.675 1.2623e-09
-4.475 2.725 2.6101e-09
-4.475 2.775 5.4222e-09
-4.475 2.825 1.1324e-08
-4.475 2.875 2.3795e-08
-4.475 2.925 5.0352e-08
-4.475 2.975 1.0741e-07
-4.475 3.025 2.3125e-07
-4.475 3.075 5.0328e-07
-4.475 3.125 1.1091e-06
-4.475 3.175 2.4802e-06
-4.475 3.225 5.6430e-06
-4.475 3.275 1.3104e-05
-4.475 3.325 3.1186e-05
-4.475 3.375 7.6448e-05
-4.475 3.425 1.9434e-04
-4.475 3.475 5.1688e-04
-4.475 3.525 1.4562e-03
-4.475 3.575 4.4225e-03
-4.475 3.625 1.4866e-02
-4.475 3.675 5.7672e-02
-4.475 3.725 2.7681e-01
-4.475 3.775 1.8448e+00
-4.475 3.825 2.0416e+01
-4.475 3.875 0.0000e+00
-4.475 3.925 0.0000e+00
-4.475 3.975 0.0000e+00
-4.425 -1.975 0.0000e+00
-4.425 -1.925 0.0000e+00
-4.425 -1.875 0.0000e+00
-4.425 -1.825 0.0000e+00
-4.425 -1.775 0.0000e+00
-4.425 -1.725 0.0000e+00
-4.425 -1.675 0.0000e+00
-4.425 -1.625 0.0000e+00
-4.425 -1.575 0.0000e+00
-4.425 -1.525 0.0000e+00
-4.425 -1.475 0.0000e+00
-4.425 -1.425 0.0000e+00
-4.425 -1.375 0.0000e+00
-4.425 -1.325 0.0000e+00
-4.425 -1.275 0.0000e+00
-4.425 -1.225 0.0000e+00
-4.425 -1.175 0.0000e+00
-4.425 -1.125 0.0000e+00
-4.425 -1.075 0.0000e+00
-4.425 -1.025 0.0000e+00
-4.425 -0.975 0.0000e+00
-4.425 -0.925 0.0000e+00
-4.425 -0.875 0.0000e+00
-4.425 -0.825 0.0000e+00
-4.425 -0.775 0.0000e+00
-4.425 -0.725 0.0000e+00
-4.425 -0.675 0.0000e+00
-4.425 -0.625 0.0000e+00
-4.425 -0.575 0.0000e+00
-4.425 -0.525 0.0000e+00
-4.425 -0.475 0.0000e+00
-4.425 -0.425 0.0000e+00
-4.425 -0.375 0.0000e+00
-4.425 -0.325 0.0000e+00
-4.425 -0.275 0.0000e+00
-4.425 -0.225 0.0000e+00
-4.425 -0.175 0.0000e+00
-4.425 -0.125 0.0000e+00
-4.425 -0.075 0.0000e+00
-4.425 -0.025 0.0000e+00
-4.425 0.025 0.0000e+00
-4.425 0.075 0.0000e+00
-4.425 0.125 0.0000e+00
-4.425 0.175 0.0000e+00
-4.425 0.225 0.0000e+00
-4.425 0.275 0.0000e+00
-4.425 0.325 0.0000e+00
-4.425 0.375 0.0000e+00
-4.425 0.425 0.0000e+00
-4.425 0.475 0.0000e+00
-4.425 0.525 0.0000e+00
-4.425 0.575 0.0000e+00
-4.425 0.625 0.0000e+00
-4.425 0.675 0.0000e+00
-4.425 0.725 0.0000e+00
-4.425 0.775 0.0000e+00
-4.425 0.825 0.0000e+00
-4.425 0.875 0.0000e+00
-4.425 0.925 0.0000e+00
-4.425 0.975 0.0000e+00
-4.425 1.025 0.0000e+00
-4.425 1.075 0.0000e+00
-4.425 1.125 0.0000e+00
-4.425 1.175 0.0000e+00
-4.425 1.225 2.4133e-18
-4.425 1.275 4.8210e-18
-4.425 1.325 9.6320e-18
-4.425 1.375 1.9247e-17
-4.425 1.425 3.8468e-17
-4.425 1.475 7.6899e-17
-4.425 1.525 1.5376e-16
-4.425 1.575 3.0752e-16
-4.425 1.625 6.1523e-16
-4.425 1.675 1.2312e-15
-4.425 1.725 2.4649e-15
-4.425 1.775 4.9368e-15
-4.425 1.825 9.8922e-15
-4.425 1.875 1.9832e-14
-4.425 1.925 3.9783e-14
-4.425 1.975 7.9856e-14
-4.425 2.025 1.6042e-13
-4.425 2.075 3.2251e-13
-4.425 2.125 6.4902e-13
-4.425 2.175 1.3075e-12
-4.425 2.225 2.6370e-12
-4.425 2.275 5.3259e-12
-4.425 2.325 1.0773e-11
-4.425 2.375 2.1828e-11
-4.425 2.425 4.4313e-11
-4.425 2.475 9.0156e-11
-4.425 2.525 1.8388e-10
-4.425 2.575 3.7610e-10
-4.425 2.625 7.7169e-10
-4.425 2.675 1.5891e-09
-4.425 2.725 3.2858e-09
-4.425 2.775 6.8259e-09
-4.425 2.825 1.4256e-08
-4.425 2.875 2.9955e-08
-4.425 2.925 6.3386e-08
-4.425 2.975 1.3521e-07
-4.425 3.025 2.9110e-07
-4.425 3.075 6.3352e-07
-4.425 3.125 1.3961e-06
-4.425 3.175 3.1218e-06
-4.425 3.225 7.1023e-06
-4.425 3.275 1.6492e-05
-4.425 3.325 3.9244e-05
-4.425 3.375 9.6191e-05
-4.425 3.425 2.4448e-04
-4.425 3.475 6.5012e-04
-4.425 3.525 1.8310e-03
-4.425 3.575 5.5587e-03
-4.425 3.625 1.8676e-02
-4.425 3.675 7.2402e-02
-4.425 3.725 3.4715e-01
-4.425 3.775 2.3080e+00
-4.425 3.825 2.5297e+01
-4.425 3.875 0.0000e+00
-4.425 3.925 0.0000e+00
-4.425 3.975 0.0000e+00
-4.375 -1.975 0.0000e+00
-4.375 -1.925 0.0000e+00
-4.375 -1.875 0.0000e+00
-4.375 -1.825 0.0000e+00
-4.375 -1.775 0.0000e+00
-4.375 -1.725 0.0000e+00
-4.375 -1.675 0.0000e+00
-4.375 -1.625 0.0000e+00
-4.375 -1.575 0.0000e+00
-4.375 -1.525 0.0000e+00
-4.375 -1.475 0.0000e+00
-4.375 -1.425 0.0000e+00
-4.375 -1.375 0.0000e+00
-4.375 -1.325 0.0000e+00
-4.375 -1.275 0.0000e+00
-4.375 -1.225 0.0000e+00
-4.375 -1.175 0.0000e+00
-4.375 -1.125 0.0000e+00
-4.375 -1.075 0.0000e+00
-4.375 -1.025 0.0000e+00
-4.375 -0.975 0.0000e+00
-4.375 -0.925 0.0000e+00
-4.375 -0.875 0.0000e+00
-4.375 -0.825 0.0000e+00
-4.375 -0.775 0.0000e+00
-4.375 -0.725 0.0000e+00
-4.375 -0.675 0.0000e+00
-4.375 -0.625 0.0000e+00
-4.375 -0.575 0.0000e+00
-4.375 -0.525 0.0000e+00
-4.375 -0.475 0.0000e+00
-4.375 -0.425 0.0000e+00
-4.375 -0.375 0.0000e+00
-4.375 -0.325 0.0000e+00
-4.375 -0.275 0.0000e+00
-4.375 -0.225 0.0000e+00
-4.375 -0.175 0.0000e+00
-4.375 -0.125 0.0000e+00
-4.375 -0.075 0.0000e+00
-4.375 -0.025 0.0000e+00
-4.375 0.025 0.0000e+00
-4.375 0.075 0.0000e+00
-4.375 0.125 0.0000e+00
-4.375 0.175 0.0000e+00
-4.375 0.225 0.0000e+00
-4.375 0.275 0.0000e+00
-4.375 0.325 0.0000e+00
-4.375 0.375 0.0000e+00
-4.375 0.425 0.0000e+00
-4.375 0.475 0.0000e+00
-4.375 0.525 0.0000e+00
-4.375 0.575 0.0000e+00
-4.375 0.625 0.0000e+00
-4.375 0.675 0.0000e+00
-4.375 0.725 0.0000e+00
-4.375 0.775 0.0000e+00
-4.375 0.825 0.0000e+00
-4.375 0.875 0.0000e+00
-4.375 0.925 0.0000e+00
-4.375 0.975 0.0000e+00
-4.375 1.025 0.0000e+00
-4.375 1.075 0.0000e+00
-4.375 1.125 0.0000e+00
-4.375 1.175 0.0000e+00
-4.375 1.225 3.0382e-18
-4.375 1.275 6.0693e-18
-4.375 1.325 1.2126e-17
-4.375 1.375 2.4231e-17
-4.375 1.425 4.8428e-17
-4.375 1.475 9.6810e-17
-4.375 1.525 1.9357e-16
-4.375 1.575 3.8715e-16
-4.375 1.625 7.7453e-16
-4.375 1.675 1.5500e-15
-4.375 1.725 3.1032e-15
-4.375 1.775 6.2151e-15
-4.375 1.825 1.2454e-14
-4.375 1.875 2.4967e-14
-4.375 1.925 5.0083e-14
-4.375 1.975 1.0053e-13
-4.375 2.025 2.0195e-13
-4.375 2.075 4.0602e-13
-4.375 2.125 8.1706e-13
-4.375 2.175 1.6460e-12
-4.375 2.225 3.3198e-12
-4.375 2.275 6.7049e-12
-4.375 2.325 1.3562e-11
-4.375 2.375 2.7479e-11
-4.375 2.425 5.5786e-11
-4.375 2.475 1.1350e-10
-4.375 2.525 2.3149e-10
-4.375 2.575 4.7347e-10
-4.375 2.625 9.7149e-10
-4.375 2.675 2.0005e-09
-4.375 2.725 4.1365e-09
-4.375 2.775 8.5930e-09
-4.375 2.825 1.7946e-08
-4.375 2.875 3.7710e-08
-4.375 2.925 7.9793e-08
-4.375 2.975 1.7020e-07
-4.375 3.025 3.6644e-07
-4.375 3.075 7.9744e-07
-4.375 3.125 1.7572e-06
-4.375 3.175 3.9292e-06
-4.375 3.225 8.9386e-06
-4.375 3.275 2.0754e-05
-4.375 3.325 4.9380e-05
-4.375 3.375 1.2102e-04
-4.375 3.425 3.0752e-04
-4.375 3.475 8.1750e-04
-4.375 3.525 2.3016e-03
-4.375 3.575 6.9839e-03
-4.375 3.625 2.3449e-02
-4.375 3.675 9.0827e-02
-4.375 3.725 4.3491e-01
-4.375 3.775 2.8825e+00
-4.375 3.825 3.1214e+01
-4.375 3.875 0.0000e+00
-4.375 3.925 0.0000e+00
-4.375 3.975 0.0000e+00
-4.325 -1.975 0.0000e+00
-4.325 -1.925 0.0000e+00
-4.325 -1.875 0.0000e+00
-4.325 -1.825 0.0000e+00
-4.325 -1.775 0.0000e+00
-4.325 -1.725 0.0000e+00
-4.325 -1.675 0.0000e+00
-4.325 -1.625 0.0000e+00
-4.325 -1.575 0.0000e+00
-4.325 -1.525 0.0000e+00
-4.325 -1.475 0.0000e+00
-4.325 -1.425 0.0000e+00
-4.325 -1.375 0.0000e+00
-4.325 -1.325 0.0000e+00
-4.325 -1.275 0.0000e+00
-4.325 -1.225 0.0000e+00
-4.325 -1.175 0.0000e+00
-4.325 -1.125 0.0000e+00
-4.325 -1.075 0.0000e+00
-4.325 -1.025 0.0000e+00
-4.325 -0.975 0.0000e+00
-4.325 -0.925 0.0000e+00
-4.325 -0.875 0.0000e+00
-4.325 -0.825 0.0000e+00
-4.325 -0.775 0.0000e+00
-4.325 -0.725 0.0000e+00
-4.325 -0.675 0.0000e+00
-4.325 -0.625 0.0000e+00
-4.325 -0.575 0.0000e+00
-4.325 -0.525 0.0000e+00
-4.325 -0.475 0.0000e+00
-4.325 -0.425 0.0000e+00
-4.325 -0.375 0.0000e+00
-4.325 -0.325 0.0000e+00
-4.325 -0.275 0.0000e+00
-4.325 -0.225 0.0000e+00
-4.325 -0.175 0.0000e+00
-4.325 -0.125 0.0000e+00
-4.325 -0.075 0.0000e+00
-4.325 -0.025 0.0000e+00
-4.325 0.025 0.0000e+00
-4.325 0.075 0.0000e+00
-4.325 0.125 0.0000e+00
-4.325 0.175 0.0000e+00
-4.325 0.225 0.0000e+00
-4.325 0.275 0.0000e+00
-4.325 0.325 0.0000e+00
-4.325 0.375 0.0000e+00
-4.325 0.425 0.0000e+00
-4.325 0.475 0.0000e+00
-4.325 0.525 0.0000e+00
-4.325 0.575 0.0000e+00
-4.325 0.625 0.0000e+00
-4.325 0.675 0.0000e+00
-4.325 0.725 0.0000e+00
-4.325 0.775 0.0000e+00
-4.325 0.825 0.0000e+00
-4.325 0.875 0.0000e+00
-4.325 0.925 0.0000e+00
-4.325 0.975 0.0000e+00
-4.325 1.025 0.0000e+00
-4.325 1.075 0.0000e+00
-4.325 1.125 0.0000e+00
-4.325 1.175 0.0000e+00
-4.325 1.225 3.8249e-18
-4.325 1.275 7.6408e-18
-4.325 1.325 1.5266e-17
-4.325 1.375 3.0505e-17
-4.325 1.425 6.0968e-17
-4.325 1.475 1.2188e-16
-4.325 1.525 2.4369e-16
-4.325 1.575 4.8739e-16
-4.325 1.625 9.7507e-16
-4.325 1.675 1.9514e-15
-4.325 1.725 3.9066e-15
-4.325 1.775 7.8243e-15
-4.325 1.825 1.5678e-14
-4.325 1.875 3.1431e-14
-4.325 1.925 6.3051e-14
-4.325 1.975 1.2656e-13
-4.325 2.025 2.5424e-13
-4.325 2.075 5.1115e-13
-4.325 2.125 1.0286e-12
-4.325 2.175 2.0722e-12
-4.325 2.225 4.1794e-12
-4.325 2.275 8.4409e-12
-4.325 2.325 1.7074e-11
-4.325 2.375 3.4594e-11
-4.325 2.425 7.0230e-11
-4.325 2.475 1.4289e-10
-4.325 2.525 2.9143e-10
-4.325 2.575 5.9606e-10
-4.325 2.625 1.2230e-09
-4.325 2.675 2.5184e-09
-4.325 2.725 5.2074e-09
-4.325 2.775 1.0818e-08
-4.325 2.825 2.2592e-08
-4.325 2.875 4.7471e-08
-4.325 2.925 1.0045e-07
-4.325 2.975 2.1425e-07
-4.325 3.025 4.6125e-07
-4.325 3.075 1.0037e-06
-4.325 3.125 2.2117e-06
-4.325 3.175 4.9451e-06
-4.325 3.225 1.1249e-05
-4.325 3.275 2.6115e-05
-4.325 3.325 6.2126e-05
-4.325 3.375 1.5222e-04
-4.325 3.425 3.8671e-04
-4.325 3.475 1.0277e-03
-4.325 3.525 2.8920e-03
-4.325 3.575 8.7699e-03
-4.325 3.625 2.9421e-02
-4.325 3.675 1.1383e-01
-4.325 3.725 5.4410e-01
-4.325 3.775 3.5918e+00
-4.325 3.825 3.8317e+01
-4.325 3.875 0.0000e+00
-4.325 3.925 0.0000e+00
-4.325 3.975 0.0000e+00
-4.275 -1.975 0.0000e+00
-4.275 -1.925 0.0000e+00
-4.275 -1.875 0.0000e+00
-4.275 -1.825 0.0000e+00
-4.275 -1.775 0.0000e+00
-4.275 -1.725 0.0000e+00
-4.275 -1.675 0.0000e+00
-4.275 -1.625 0.0000e+00
-4.275 -1.575 0.0000e+00
-4.275 -1.525 0.0000e+00
-4.275 -1.475 0.0000e+00
-4.275 -1.425 0.0000e+00
-4.275 -1.375 0.0000e+00
-4.275 -1.325 0.0000e+00
-4.275 -1.275 0.0000e+00
-4.275 -1.225 0.0000e+00
-4.275 -1.175 0.0000e+00
-4.275 -1.125 0.0000e+00
-4.275 -1.075 0.0000e+00
-4.275 -1.025 0.0000e+00
-4.275 -0.975 0.0000e+00
-4.275 -0.925 0.0000e+00
-4.275 -0.875 0.0000e+00
-4.275 -0.825 0.0000e+00
-4.275 -0.775 0.0000e+00
-4.275 -0.725 0.0000e+00
-4.275 -0.675 0.0000e+00
-4.275 -0.625 0.0000e+00
-4.275 -0.575 0.0000e+00
-4.275 -0.525 0.0000e+00
-4.275 -0.475 0.0000e+00
-4.275 -0.425 0.0000e+00
-4.275 -0.375 0.0000e+00
-4.275 -0.325 0.0000e+00
-4.275 -0.275 0.0000e+00
-4.275 -0.225 0.0000e+00
-4.275 -0.175 0.0000e+00
-4.275 -0.125 0.0000e+00
-4.275 -0.075 0.0000e+00
-4.275 -0.025 0.0000e+00
-4.275 0.025 0.0000e+00
-4.275 0.075 0.0000e+00
-4.275 0.125 0.0000e+00
-4.275 0.175 0.0000e+00
-4.275 0.225 0.0000e+00
-4.275 0.275 0.0000e+00
-4.275 0.325 0.0000e+00
-4.275 0.375 0.0000e+00
-4.275 0.425 0.0000e+00
-4.275 0.475 0.0000e+00
-4.275 0.525 0.0000e+00
-4.275 0.575 0.0000e+00
-4.275 0.625 0.0000e+00
-4.275 0.675 0.0000e+00
-4.275 0.725 0.0000e+00
-4.275 0.775 0.0000e+00
-4.275 0.825 0.0000e+00
-4.275 0.875 0.0000e+00
-4.275 0.925 0.0000e+00
-4.275 0.975 0.0000e+00
-4.275 1.025 0.0000e+00
-4.275 1.075 0.0000e+00
-4.275 1.125 0.0000e+00
-4.275 1.175 0.0000e+00
-4.275 1.225 4.8153e-18
-4.275 1.275 9.6192e-18
-4.275 1.325 1.9218e-17
-4.275 1.375 3.8403e-17
-4.275 1.425 7.6754e-17
-4.275 1.475 1.5343e-16
-4.275 1.525 3.0679e-16
-4.275 1.575 6.1359e-16
-4.275 1.625 1.2275e-15
-4.275 1.675 2.4566e-15
-4.275 1.725 4.9182e-15
-4.275 1.775 9.8502e-15
-4.275 1.825 1.9737e-14
-4.275 1.875 3.9570e-14
-4.275 1.925 7.9376e-14
-4.275 1.975 1.5933e-13
-4.275 2.025 3.2007e-13
-4.275 2.075 6.4349e-13
-4.275 2.125 1.2950e-12
-4.275 2.175 2.6087e-12
-4.275 2.225 5.2616e-12
-4.275 2.275 1.0626e-11
-4.275 2.325 2.1494e-11
-4.275 2.375 4.3551e-11
-4.275 2.425 8.8413e-11
-4.275 2.475 1.7988e-10
-4.275 2.525 3.6688e-10
-4.275 2.575 7.5038e-10
-4.275 2.625 1.5396e-09
-4.275 2.675 3.1704e-09
-4.275 2.725 6.5554e-09
-4.275 2.775 1.3618e-08
-4.275 2.825 2.8440e-08
-4.275 2.875 5.9757e-08
-4.275 2.925 1.2644e-07
-4.275 2.975 2.6969e-07
-4.275 3.025 5.8058e-07
-4.275 3.075 1.2633e-06
-4.275 3.125 2.7836e-06
-4.275 3.175 6.2232e-06
-4.275 3.225 1.4154e-05
-4.275 3.275 3.2856e-05
-4.275 3.325 7.8148e-05
-4.275 3.375 1.9143e-04
-4.275 3.425 4.8616e-04
-4.275 3.475 1.2914e-03
-4.275 3.525 3.6319e-03
-4.275 3.575 1.1005e-02
-4.275 3.625 3.6882e-02
-4.275 3.675 1.4249e-01
-4.275 3.725 6.7950e-01
-4.275 3.775 4.4624e+00
-4.275 3.825 4.6730e+01
-4.275 3.875 0.0000e+00
-4.275 3.925 0.0000e+00
-4.275 3.975 0.0000e+00
-4.225 -1.975 0.0000e+00
-4.225 -1.925 0.0000e+00
-4.225 -1.875 0.0000e+00
-4.225 -1.825 0.0000e+00
-4.225 -1.775 0.0000e+00
-4.225 -1.725 0.0000e+00
-4.225 -1.675 0.0000e+00
-4.225 -1.625 0.0000e+00
-4.225 -1.575 0.0000e+00
-4.225 -1.525 0.0000e+00
-4.225 -1.475 0.0000e+00
-4.225 -1.425 0.0000e+00
-4.225 -1.375 0.0000e+00
-4.225 -1.325 0.0000e+00
-4.225 -1.275 0.0000e+00
-4.225 -1.225 0.0000e+00
-4.225 -1.175 0.0000e+00
-4.225 -1.125 0.0000e+00
-4.225 -1.075 0.0000e+00
-4.225 -1.025 0.0000e+00
-4.225 -0.975 0.0000e+00
-4.225 -0.925 0.0000e+00
-4.225 -0.875 0.0000e+00
-4.225 -0.825 0.0000e+00
-4.225 -0.775 0.0000e+00
-4.225 -0.725 0.0000e+00
-4.225 -0.675 0.0000e+00
-4.225 -0.625 0.0000e+00
-4.225 -0.575 0.0000e+00
-4.225 -0.525 0.0000e+00
-4.225 -0.475 0.0000e+00
-4.225 -0.425 0.0000e+00
-4.225 -0.375 0.0000e+00
-4.225 -0.325 0.0000e+00
-4.225 -0.275 0.0000e+00
-4.225 -0.225 0.0000e+00
-4.225 -0.175 0.0000e+00
-4.225 -0.125 0.0000e+00
-4.225 -0.075 0.0000e+00
-4.225 -0.025 0.0000e+00
-4.225 0.025 0.0000e+00
-4.225 0.075 0.0000e+00
-4.225 0.125 0.0000e+00
-4.225 0.175 0.0000e+00
-4.225 0.225 0.0000e+00
-4.225 0.275 0.0000e+00
-4.225 0.325 0.0000e+00
-4.225 0.375 0.0000e+00
-4.225 0.425 0.0000e+00
-4.225 0.475 0.0000e+00
-4.225 0.525 0.0000e+00
-4.225 0.575 0.0000e+00
-4.225 0.625 0.0000e+00
-4.225 0.675 0.0000e+00
-4.225 0.725 0.0000e+00
-4.225 0.775 0.0000e+00
-4.225 0.825 0.0000e+00
-4.225 0.875 0.0000e+00
-4.225 0.925 0.0000e+00
-4.225 0.975 0.0000e+00
-4.225 1.025 0.0000e+00
-4.225 1.075 0.0000e+00
-4.225 1.125 0.0000e+00
-4.225 1.175 0.0000e+00
-4.225 1.225 6.0621e-18
-4.225 1.275 1.2110e-17
-4.225 1.325 2.4195e-17
-4.225 1.375 4.8347e-17
-4.225 1.425 9.6627e-17
-4.225 1.475 1.9316e-16
-4.225 1.525 3.8623e-16
-4.225 1.575 7.7246e-16
-4.225 1.625 1.5454e-15
-4.225 1.675 3.0927e-15
-4.225 1.725 6.1916e-15
-4.225 1.775 1.2401e-14
-4.225 1.825 2.4848e-14
-4.225 1.875 4.9815e-14
-4.225 1.925 9.9929e-14
-4.225 1.975 2.0059e-13
-4.225 2.025 4.0294e-13
-4.225 2.075 8.1011e-13
-4.225 2.125 1.6302e-12
-4.225 2.175 3.2842e-12
-4.225 2.225 6.6239e-12
-4.225 2.275 1.3378e-11
-4.225 2.325 2.7059e-11
-4.225 2.375 5.4827e-11
-4.225 2.425 1.1130e-10
-4.225 2.475 2.2645e-10
-4.225 2.525 4.6187e-10
-4.225 2.575 9.4465e-10
-4.225 2.625 1.9382e-09
-4.225 2.675 3.9912e-09
-4.225 2.725 8.2523e-09
-4.225 2.775 1.7143e-08
-4.225 2.825 3.5800e-08
-4.225 2.875 7.5221e-08
-4.225 2.925 1.5916e-07
-4.225 2.975 3.3946e-07
-4.225 3.025 7.3075e-07
-4.225 3.075 1.5900e-06
-4.225 3.125 3.5030e-06
-4.225 3.175 7.8309e-06
-4.225 3.225 1.7808e-05
-4.225 3.275 4.1330e-05
-4.225 3.325 9.8281e-05
-4.225 3.375 2.4067e-04
-4.225 3.425 6.1096e-04
-4.225 3.475 1.6220e-03
-4.225 3.525 4.5583e-03
-4.225 3.575 1.3799e-02
-4.225 3.625 4.6182e-02
-4.225 3.675 1.7808e-01
-4.225 3.725 8.4663e-01
-4.225 3.775 5.5224e+00
-4.225 3.825 5.6524e+01
-4.225 3.875 0.0000e+00
-4.225 3.925 0.0000e+00
-4.225 3.975 0.0000e+00
-4.175 -1.975 0.0000e+00
-4.175 -1.925 0.0000e+00
-4.175 -1.875 0.0000e+00
-4.175 -1.825 0.0000e+00
-4.175 -1.775 0.0000e+00
-4.175 -1.725 0.0000e+00
-4.175 -1.675 0.0000e+00
-4.175 -1.625 0.0000e+00
-4.175 -1.575 0.0000e+00
-4.175 -1.525 0.0000e+00
-4.175 -1.475 0.0000e+00
-4.175 -1.425 0.0000e+00
-4.175 -1.375 0.0000e+00
-4.175 -1.325 0.0000e+00
-4.175 -1.275 0.0000e+00
-4.175 -1.225 0.0000e+00
-4.175 -1.175 0.0000e+00
-4.175 -1.125 0.0000e+00
-4.175 -1.075 0.0000e+00
-4.175 -1.025 0.0000e+00
-4.175 -0.975 0.0000e+00
-4.175 -0.925 0.0000e+00
-4.175 -0.875 0.0000e+00
-4.175 -0.825 0.0000e+00
-4.175 -0.775 0.0000e+00
-4.175 -0.725 0.0000e+00
-4.175 -0.675 0.0000e+00
-4.175 -0.625 0.0000e+00
-4.175 -0.575 0.0000e+00
-4.175 -0.525 0.0000e+00
-4.175 -0.475 0.0000e+00
-4.175 -0.425 0.0000e+00
-4.175 -0.375 0.0000e+00
-4.175 -0.325 0.0000e+00
-4.175 -0.275 0.0000e+00
-4.175 -0.225 0.0000e+00
-4.175 -0.175 0.0000e+00
-4.175 -0.125 0.0000e+00
-4.175 -0.075 0.0000e+00
-4.175 -0.025 0.0000e+00
-4.175 0.025 0.0000e+00
-4.175 0.075 0.0000e+00
-4.175 0.125 0.0000e+00
-4.175 0.175 0.0000e+00
-4.175 0.225 0.0000e+00
-4.175 0.275 0.0000e+00
-4.175 0.325 0.0000e+00
-4.175 0.375 0.0000e+00
-4.175 0.425 0.0000e+00
-4.175 0.475 0.0000e+00
-4.175 0.525 0.0000e+00
-4.175 0.575 0.0000e+00
-4.175 0.625 0.0000e+00
-4.175 0.675 0.0000e+00
-4.175 0.725 0.0000e+00
-4.175 0.775 0.0000e+00
-4.175 0.825 0.0000e+00
-4.175 0.875 0.0000e+00
-4.175 0.925 0.0000e+00
-4.175 0.975 0.0000e+00
-4.175 1.025 0.0000e+00
-4.175 1.075 0.0000e+00
-4.175 1.125 0.0000e+00
-4.175 1.175 0.0000e+00
-4.175 1.225 7.6317e-18
-4.175 1.275 1.5245e-17
-4.175 1.325 3.0459e-17
-4.175 1.375 6.0865e-17
-4.175 1.425 1.2165e-16
-4.175 1.475 2.4318e-16
-4.175 1.525 4.8623e-16
-4.175 1.575 9.7247e-16
-4.175 1.625 1.9455e-15
-4.175 1.675 3.8935e-15
-4.175 1.725 7.7948e-15
-4.175 1.775 1.5612e-14
-4.175 1.825 3.1282e-14
-4.175 1.875 6.2714e-14
-4.175 1.925 1.2580e-13
-4.175 1.975 2.5253e-13
-4.175 2.025 5.0727e-13
-4.175 2.075 1.0199e-12
-4.175 2.125 2.0524e-12
-4.175 2.175 4.1345e-12
-4.175 2.225 8.3389e-12
-4.175 2.275 1.6842e-11
-4.175 2.325 3.4065e-11
-4.175 2.375 6.9022e-11
-4.175 2.425 1.4012e-10
-4.175 2.475 2.8508e-10
-4.175 2.525 5.8144e-10
-4.175 2.575 1.1892e-09
-4.175 2.625 2.4400e-09
-4.175 2.675 5.0243e-09
-4.175 2.725 1.0388e-08
-4.175 2.775 2.1580e-08
-4.175 2.825 4.5065e-08
-4.175 2.875 9.4686e-08
-4.175 2.925 2.0033e-07
-4.175 2.975 4.2726e-07
-4.175 3.025 9.1970e-07
-4.175 3.075 2.0010e-06
-4.175 3.125 4.4080e-06
-4.175 3.175 9.8527e-06
-4.175 3.225 2.2402e-05
-4.175 3.275 5.1980e-05
-4.175 3.325 1.2357e-04
-4.175 3.375 3.0248e-04
-4.175 3.425 7.6744e-04
-4.175 3.475 2.0360e-03
-4.175 3.525 5.7164e-03
-4.175 3.575 1.7282e-02
-4.175 3.625 5.7742e-02
-4.175 3.675 2.2212e-01
-4.175 3.725 1.0517e+00
-4.175 3.775 6.7991e+00
-4.175 3.825 6.7668e+01
-4.175 3.875 0.0000e+00
-4.175 3.925 0.0000e+00
-4.175 3.975 0.0000e+00
-4.125 -1.975 0.0000e+00
-4.125 -1.925 0.0000e+00
-4.125 -1.875 0.0000e+00
-4.125 -1.825 0.0000e+00
-4.125 -1.775 0.0000e+00
-4.125 -1.725 0.0000e+00
-4.125 -1.675 0.0000e+00
-4.125 -1.625 0.0000e+00
-4.125 -1.575 0.0000e+00
-4.125 -1.525 0.0000e+00
-4.125 -1.475 0.0000e+00
-4.125 -1.425 0.0000e+00
-4.125 -1.375 0.0000e+00
-4.125 -1.325 0.0000e+00
-4.125 -1.275 0.0000e+00
-4.125 -1.225 0.0000e+00
-4.125 -1.175 0.0000e+00
-4.125 -1.125 0.0000e+00
-4.125 -1.075 0.0000e+00
-4.125 -1.025 0.0000e+00
-4.125 -0.975 0.0000e+00
-4.125 -0.925 0.0000e+00
-4.125 -0.875 0.0000e+00
-4.125 -0.825 0.0000e+00
-4.125 -0.775 0.0000e+00
-4.125 -0.725 0.0000e+00
-4.125 -0.675 0.0000e+00
-4.125 -0.625 0.0000e+00
-4.125 -0.575 0.0000e+00
-4.125 -0.525 0.0000e+00
-4.125 -0.475 0.0000e+00
-4.125 -0.425 0.0000e+00
-4.125 -0.375 0.0000e+00
-4.125 -0.325 0.0000e+00
-4.125 -0.275 0.0000e+00
-4.125 -0.225 0.0000e+00
-4.125 -0.175 0.0000e+00
-4.125 -0.125 0.0000e+00
-4.125 -0.075 0.0000e+00
-4.125 -0.025 0.0000e+00
-4.125 0.025 0.0000e+00
-4.125 0.075 0.0000e+00
-4.125 0.125 0.0000e+00
-4.125 0.175 0.0000e+00
-4.125 0.225 0.0000e+00
-4.125 0.275 0.0000e+00
-4.125 0.325 0.0000e+00
-4.125 0.375 0.0000e+00
-4.125 0.425 0.0000e+00
-4.125 0.475 0.0000e+00
-4.125 0.525 0.0000e+00
-4.125 0.575 0.0000e+00
-4.125 0.625 0.0000e+00
-4.125 0.675 0.0000e+00
-4.125 0.725 0.0000e+00
-4.125 0.775 0.0000e+00
-4.125 0.825 0.0000e+00
-4.125 0.875 0.0000e+00
-4.125 0.925 0.0000e+00
-4.125 0.975 0.0000e+00
-4.125 1.025 0.0000e+00
-4.125 1.075 0.0000e+00
-4.125 1.125 0.0000e+00
-4.125 1.175 0.0000e+00
-4.125 1.225 9.6077e-18
-4.125 1.275 1.9193e-17
-4.125 1.325 3.8346e-17
-4.125 1.375 7.6625e-17
-4.125 1.425 1.5314e-16
-4.125 1.475 3.0614e-16
-4.125 1.525 6.1213e-16
-4.125 1.575 1.2243e-15
-4.125 1.625 2.4493e-15
-4.125 1.675 4.9016e-15
-4.125 1.725 9.8130e-15
-4.125 1.775 1.9654e-14
-4.125 1.825 3.9381e-14
-4.125 1.875 7.8952e-14
-4.125 1.925 1.5838e-13
-4.125 1.975 3.1791e-13
-4.125 2.025 6.3862e-13
-4.125 2.075 1.2839e-12
-4.125 2.125 2.5837e-12
-4.125 2.175 5.2050e-12
-4.125 2.225 1.0498e-11
-4.125 2.275 2.1202e-11
-4.125 2.325 4.2885e-11
-4.125 2.375 8.6892e-11
-4.125 2.425 1.7640e-10
-4.125 2.475 3.5889e-10
-4.125 2.525 7.3197e-10
-4.125 2.575 1.4971e-09
-4.125 2.625 3.0716e-09
-4.125 2.675 6.3249e-09
-4.125 2.725 1.3077e-08
-4.125 2.775 2.7164e-08
-4.125 2.825 5.6727e-08
-4.125 2.875 1.1918e-07
-4.125 2.925 2.5215e-07
-4.125 2.975 5.3774e-07
-4.125 3.025 1.1574e-06
-4.125 3.075 2.5180e-06
-4.125 3.125 5.5461e-06
-4.125 3.175 1.2394e-05
-4.125 3.225 2.8176e-05
-4.125 3.275 6.5357e-05
-4.125 3.325 1.5531e-04
-4.125 3.375 3.7998e-04
-4.125 3.425 9.6345e-04
-4.125 3.475 2.5537e-03
-4.125 3.525 7.1615e-03
-4.125 3.575 2.1616e-02
-4.125 3.625 7.2062e-02
-4.125 3.675 2.7631e-01
-4.125 3.725 1.3012e+00
-4.125 3.775 8.3147e+00
-4.125 3.825 7.9966e+01
-4.125 3.875 0.0000e+00
-4.125 3.925 0.0000e+00
-4.125 3.975 0.0000e+00
-4.075 -1.975 0.0000e+00
-4.075 -1.925 0.0000e+00
-4.075 -1.875 0.0000e+00
-4.075 -1.825 0.0000e+00
-4.075 -1.775 0.0000e+00
-4.075 -1.725 0.0000e+00
-4.075 -1.675 0.0000e+00
-4.075 -1.625 0.0000e+00
-4.075 -1.575 0.0000e+00
-4.075 -1.525 0.0000e+00
-4.075 -1.475 0.0000e+00
-4.075 -1.425 0.0000e+00
-4.075 -1.375 0.0000e+00
-4.075 -1.325 0.0000e+00
-4.075 -1.275 0.0000e+00
-4.075 -1.225 0.0000e+00
-4.075 -1.175 0.0000e+00
-4.075 -1.125 0.0000e+00
-4.075 -1.075 0.0000e+00
-4.075 -1.025 0.0000e+00
-4.075 -0.975 0.0000e+00
-4.075 -0.925 0.0000e+00
-4.075 -0.875 0.0000e+00
-4.075 -0.825 0.0000e+00
-4.075 -0.775 0.0000e+00
-4.075 -0.725 0.0000e+00
-4.075 -0.675 0.0000e+00
-4.075 -0.625 0.0000e+00
-4.075 -0.575 0.0000e+00
-4.075 -0.525 0.0000e+00
-4.075 -0.475 0.0000e+00
-4.075 -0.425 0.0000e+00
-4.075 -0.375 0.0000e+00
-4.075 -0.325 0.0000e+00
-4.075 -0.275 0.0000e+00
-4.075 -0.225 0.0000e+00
-4.075 -0.175 0.0000e+00
-4.075 -0.125 0.0000e+00
-4.075 -0.075 0.0000e+00
-4.075 -0.025 0.0000e+00
-4.075 0.025 0.0000e+00
-4.075 0.075 0.0000e+00
-4.075 0.125 0.0000e+00
-4.075 0.175 0.0000e+00
-4.075 0.225 0.0000e+00
-4.075 0.275 0.0000e+00
-4.075 0.325 0.0000e+00
-4.075 0.375 0.0000e+00
-4.075 0.425 0.0000e+00
-4.075 0.475 0.0000e+00
-4.075 0.525 0.0000e+00
-4.075 0.575 0.0000e+00
-4.075 0.625 0.0000e+00
-4.075 0.675 0.0000e+00
-4.075 0.725 0.0000e+00
-4.075 0.775 0.0000e+00
-4.075 0.825 0.0000e+00
-4.075 0.875 0.0000e+00
-4.075 0.925 0.0000e+00
-4.075 0.975 0.0000e+00
-4.075 1.025 0.0000e+00
-4.075 1.075 0.0000e+00
-4.075 1.125 0.0000e+00
-4.075 1.175 0.0000e+00
-4.075 1.225 1.2095e-17
-4.075 1.275 2.4162e-17
-4.075 1.325 4.8274e-17
-4.075 1.375 9.6465e-17
-4.075 1.425 1.9280e-16
-4.075 1.475 3.8541e-16
-4.075 1.525 7.7062e-16
-4.075 1.575 1.5413e-15
-4.075 1.625 3.0834e-15
-4.075 1.675 6.1708e-15
-4.075 1.725 1.2354e-14
-4.075 1.775 2.4743e-14
-4.075 1.825 4.9578e-14
-4.075 1.875 9.9394e-14
-4.075 1.925 1.9938e-13
-4.075 1.975 4.0022e-13
-4.075 2.025 8.0397e-13
-4.075 2.075 1.6164e-12
-4.075 2.125 3.2527e-12
-4.075 2.175 6.5526e-12
-4.075 2.225 1.3216e-11
-4.075 2.275 2.6691e-11
-4.075 2.325 5.3989e-11
-4.075 2.375 1.0939e-10
-4.075 2.425 2.2207e-10
-4.075 2.475 4.5180e-10
-4.075 2.525 9.2145e-10
-4.075 2.575 1.8846e-09
-4.075 2.625 3.8667e-09
-4.075 2.675 7.9619e-09
-4.075 2.725 1.6461e-08
-4.075 2.775 3.4193e-08
-4.075 2.825 7.1403e-08
-4.075 2.875 1.5001e-07
-4.075 2.925 3.1735e-07
-4.075 2.975 6.7674e-07
-4.075 3.025 1.4565e-06
-4.075 3.075 3.1681e-06
-4.075 3.125 6.9771e-06
-4.075 3.175 1.5589e-05
-4.075 3.225 3.5428e-05
-4.075 3.275 8.2150e-05
-4.075 3.325 1.9512e-04
-4.075 3.375 4.7708e-04
-4.075 3.425 1.2086e-03
-4.075 3.475 3.2000e-03
-4.075 3.525 8.9603e-03
-4.075 3.575 2.6990e-02
-4.075 3.625 8.9719e-02
-4.075 3.675 3.4255e-01
-4.075 3.725 1.6015e+00
-4.075 3.775 1.0078e+01
-4.075 3.825 9.2975e+01
-4.075 3.875 0.0000e+00
-4.075 3.925 0.0000e+00
-4.075 3.975 0.0000e+00
-4.025 -1.975 0.0000e+00
-4.025 -1.925 0.0000e+00
-4.025 -1.875 0.0000e+00
-4.025 -1.825 0.0000e+00
-4.025 -1.775 0.0000e+00
-4.025 -1.725 0.0000e+00
-4.025 -1.675 0.0000e+00
-4.025 -1.625 0.0000e+00
-4.025 -1.575 0.0000e+00
-4.025 -1.525 0.0000e+00
-4.025 -1.475 0.0000e+00
-4.025 -1.425 0.0000e+00
-4.025 -1.375 0.0000e+00
-4.025 -1.325 0.0000e+00
-4.025 -1.275 0.0000e+00
-4.025 -1.225 0.0000e+00
-4.025 -1.175 0.0000e+00
-4.025 -1.125 0.0000e+00
-4.025 -1.075 0.0000e+00
-4.025 -1.025 0.0000e+00
-4.025 -0.975 0.0000e+00
-4.025 -0.925 0.0000e+00
-4.025 -0.875 0.0000e+00
-4.025 -0.825 0.0000e+00
-4.025 -0.775 0.0000e+00
-4.025 -0.725 0.0000e+00
-4.025 -0.675 0.0000e+00
-4.025 -0.625 0.0000e+00
-4.025 -0.575 0.0000e+00
-4.025 -0.525 0.0000e+00
-4.025 -0.475 0.0000e+00
-4.025 -0.425 0.0000e+00
-4.025 -0.375 0.0000e+00
-4.025 -0.325 0.0000e+00
-4.025 -0.275 0.0000e+00
-4.025 -0.225 0.0000e+00
-4.025 -0.175 0.0000e+00
-4.025 -0.125 0.0000e+00
-4.025 -0.075 0.0000e+00
-4.025 -0.025 0.0000e+00
-4.025 0.025 0.0000e+00
-4.025 0.075 0.0000e+00
-4.025 0.125 0.0000e+00
-4.025 0.175 0.0000e+00
-4.025 0.225 0.0000e+00
-4.025 0.275 0.0000e+00
-4.025 0.325 0.0000e+00
-4.025 0.375 0.0000e+00
-4.025 0.425 0.0000e+00
-4.025 0.475 0.0000e+00
-4.025 0.525 0.0000e+00
-4.025 0.575 0.0000e+00
-4.025 0.625 0.0000e+00
-4.025 0.675 0.0000e+00
-4.025 0.725 0.0000e+00
-4.025 0.775 0.0000e+00
-4.025 0.825 0.0000e+00
-4.025 0.875 0.0000e+00
-4.025 0.925 0.0000e+00
-4.025 0.975 0.0000e+00
-4.025 1.025 0.0000e+00
-4.025 1.075 0.0000e+00
-4.025 1.125 0.0000e+00
-4.025 1.175 0.0000e+00
-4.025 1.225 1.5227e-17
-4.025 1.275 3.0418e-17
-4.025 1.325 6.0774e-17
-4.025 1.375 1.2144e-16
-4.025 1.425 2.4272e-16
-4.025 1.475 4.8520e-16
-4.025 1.525 9.7016e-16
-4.025 1.575 1.9403e-15
-4.025 1.625 3.8818e-15
-4.025 1.675 7.7685e-15
-4.025 1.725 1.5553e-14
-4.025 1.775 3.1149e-14
-4.025 1.825 6.2415e-14
-4.025 1.875 1.2513e-13
-4.025 1.925 2.5101e-13
-4.025 1.975 5.0385e-13
-4.025 2.025 1.0121e-12
-4.025 2.075 2.0349e-12
-4.025 2.125 4.0949e-12
-4.025 2.175 8.2492e-12
-4.025 2.225 1.6638e-11
-4.025 2.275 3.3602e-11
-4.025 2.325 6.7966e-11
-4.025 2.375 1.3771e-10
-4.025 2.425 2.7956e-10
-4.025 2.475 5.6876e-10
-4.025 2.525 1.1600e-09
-4.025 2.575 2.3724e-09
-4.025 2.625 4.8675e-09
-4.025 2.675 1.0022e-08
-4.025 2.725 2.0721e-08
-4.025 2.775 4.3040e-08
-4.025 2.825 8.9872e-08
-4.025 2.875 1.8880e-07
-4.025 2.925 3.9939e-07
-4.025 2.975 8.5160e-07
-4.025 3.025 1.8326e-06
-4.025 3.075 3.9856e-06
-4.025 3.125 8.7755e-06
-4.025 3.175 1.9602e-05
-4.025 3.225 4.4533e-05
-4.025 3.275 1.0322e-04
-4.025 3.325 2.4501e-04
-4.025 3.375 5.9858e-04
-4.025 3.425 1.5148e-03
-4.025 3.475 4.0049e-03
-4.025 3.525 1.1193e-02
-4.025 3.575 3.3626e-02
-4.025 3.625 1.1136e-01
-4.025 3.675 4.2280e-01
-4.025 3.725 1.9576e+00
-4.025 3.775 1.2074e+01
-4.025 3.825 1.0592e+02
-4.025 3.875 0.0000e+00
-4.025 3.925 0.0000e+00
-4.025 3.975 0.0000e+00
-3.975 -1.975 0.0000e+00
-3.975 -1.925 0.0000e+00
-3.975 -1.875 0.0000e+00
-3.975 -1.825 0.0000e+00
-3.975 -1.775 0.0000e+00
-3.975 -1.725 0.0000e+00
-3.975 -1.675 0.0000e+00
-3.975 -1.625 0.0000e+00
-3.975 -1.575 0.0000e+00
-3.975 -1.525 0.0000e+00
-3.975 -1.475 0.0000e+00
-3.975 -1.425 0.0000e+00
-3.975 -1.375 0.0000e+00
-3.975 -1.325 0.0000e+00
-3.975 -1.275 0.0000e+00
-3.975 -1.225 0.0000e+00
-3.975 -1.175 0.0000e+00
-3.975 -1.125 0.0000e+00
-3.975 -1.075 0.0000e+00
-3.975 -1.025 0.0000e+00
-3.975 -0.975 0.0000e+00
-3.975 -0.925 0.0000e+00
-3.975 -0.875 0.0000e+00
-3.975 -0.825 0.0000e+00
-3.975 -0.775 0.0000e+00
-3.975 -0.725 0.0000e+00
-3.975 -0.675 0.0000e+00
-3.975 -0.625 0.0000e+00
-3.975 -0.575 0.0000e+00
-3.975 -0.525 0.0000e+00
-3.975 -0.475 0.0000e+00
-3.975 -0.425 0.0000e+00
-3.975 -0.375 0.0000e+00
-3.975 -0.325 0.0000e+00
-3.975 -0.275 0.0000e+00
-3.975 -0.225 0.0000e+00
-3.975 -0.175 0.0000e+00
-3.975 -0.125 0.0000e+00
-3.975 -0.075 0.0000e+00
-3.975 -0.025 0.0000e+00
-3.975 0.025 0.0000e+00
-3.975 0.075 0.0000e+00
-3.975 0.125 0.0000e+00
-3.975 0.175 0.0000e+00
-3.975 0.225 0.0000e+00
-3.975 0.275 0.0000e+00
-3.975 0.325 0.0000e+00
-3.975 0.375 0.0000e+00
-3.975 0.425 0.0000e+00
-3.975 0.475 0.0000e+00
-3.975 0.525 0.0000e+00
-3.975 0.575 0.0000e+00
-3.975 0.625 0.0000e+00
-3.975 0.675 0.0000e+00
-3.975 0.725 0.0000e+00
-3.975 0.775 0.0000e+00
-3.975 0.825 0.0000e+00
-3.975 0.875 0.0000e+00
-3.975 0.925 0.0000e+00
-3.975 0.975 0.0000e+00
-3.975 1.025 0.0000e+00
-3.975 1.075 0.0000e+00
-3.975 1.125 0.0000e+00
-3.975 1.175 0.0000e+00
-3.975 1.225 1.9170e-17
-3.975 1.275 3.8295e-17
-3.975 1.325 7.6510e-17
-3.975 1.375 1.5289e-16
-3.975 1.425 3.0556e-16
-3.975 1.475 6.1083e-16
-3.975 1.525 1.2214e-15
-3.975 1.575 2.4427e-15
-3.975 1.625 4.8869e-15
-3.975 1.675 9.7800e-15
-3.975 1.725 1.9579e-14
-3.975 1.775 3.9214e-14
-3.975 1.825 7.8576e-14
-3.975 1.875 1.5753e-13
-3.975 1.925 3.1600e-13
-3.975 1.975 6.3431e-13
-3.975 2.025 1.2742e-12
-3.975 2.075 2.5617e-12
-3.975 2.125 5.1551e-12
-3.975 2.175 1.0385e-11
-3.975 2.225 2.0945e-11
-3.975 2.275 4.2302e-11
-3.975 2.325 8.5562e-11
-3.975 2.375 1.7336e-10
-3.975 2.425 3.5193e-10
-3.975 2.475 7.1599e-10
-3.975 2.525 1.4602e-09
-3.975 2.575 2.9865e-09
-3.975 2.625 6.1271e-09
-3.975 2.675 1.2616e-08
-3.975 2.725 2.6082e-08
-3.975 2.775 5.4173e-08
-3.975 2.825 1.1311e-07
-3.975 2.875 2.3761e-07
-3.975 2.925 5.0258e-07
-3.975 2.975 1.0715e-06
-3.975 3.025 2.3055e-06
-3.975 3.075 5.0130e-06
-3.975 3.125 1.1035e-05
-3.975 3.175 2.4641e-05
-3.975 3.225 5.5955e-05
-3.975 3.275 1.2961e-04
-3.975 3.325 3.0744e-04
-3.975 3.375 7.5036e-04
-3.975 3.425 1.8964e-03
-3.975 3.475 5.0046e-03
-3.975 3.525 1.3952e-02
-3.975 3.575 4.1774e-02
-3.975 3.625 1.3768e-01
-3.975 3.675 5.1883e-01
-3.975 3.725 2.3711e+00
-3.975 3.775 1.4246e+01
-3.975 3.825 1.1765e+02
-3.975 3.875 0.0000e+00
-3.975 3.925 0.0000e+00
-3.975 3.975 0.0000e+00
-3.925 -1.975 0.0000e+00
-3.925 -1.925 0.0000e+00
-3.925 -1.875 0.0000e+00
-3.925 -1.825 0.0000e+00
-3.925 -1.775 0.0000e+00
-3.925 -1.725 0.0000e+00
-3.925 -1.675 0.0000e+00
-3.925 -1.625 0.0000e+00
-3.925 -1.575 0.0000e+00
-3.925 -1.525 0.0000e+00
-3.925 -1.475 0.0000e+00
-3.925 -1.425 0.0000e+00
-3.925 -1.375 0.0000e+00
-3.925 -1.325 0.0000e+00
-3.925 -1.275 0.0000e+00
-3.925 -1.225 0.0000e+00
-3.925 -1.175 0.0000e+00
-3.925 -1.125 0.0000e+00
-3.925 -1.075 0.0000e+00
-3.925 -1.025 0.0000e+00
-3.925 -0.975 0.0000e+00
-3.925 -0.925 0.0000e+00
-3.925 -0.875 0.0000e+00
-3.925 -0.825 0.0000e+00
-3.925 -0.775 0.0000e+00
-3.925 -0.725 0.0000e+00
-3.925 -0.675 0.0000e+00
-3.925 -0.625 0.0000e+00
-3.925 -0.575 0.0000e+00
-3.925 -0.525 0.0000e+00
-3.925 -0.475 0.0000e+00
-3.925 -0.425 0.0000e+00
-3.925 -0.375 0.0000e+00
-3.925 -0.325 0.0000e+00
-3.925 -0.275 0.0000e+00
-3.925 -0.225 0.0000e+00
-3.925 -0.175 0.0000e+00
-3.925 -0.125 0.0000e+00
-3.925 -0.075 0.0000e+00
-3.925 -0.025 0.0000e+00
-3.925 0.025 0.0000e+00
-3.925 0.075 0.0000e+00
-3.925 0.125 0.0000e+00
-3.925 0.175 0.0000e+00
-3.925 0.225 0.0000e+00
-3.925 0.275 0.0000e+00
-3.925 0.325 0.0000e+00
-3.925 0.375 0.0000e+00
-3.925 0.425 0.0000e+00
-3.925 0.475 0.0000e+00
-3.925 0.525 0.0000e+00
-3.925 0.575 0.0000e+00
-3.925 0.625 0.0000e+00
-3.925 0.675 0.0000e+00
-3.925 0.725 0.0000e+00
-3.925 0.775 0.0000e+00
-3.925 0.825 0.0000e+00
-3.925 0.875 0.0000e+00
-3.925 0.925 0.0000e+00
-3.925 0.975 0.0000e+00
-3.925 1.025 0.0000e+00
-3.925 1.075 0.0000e+00
-3.925 1.125 0.0000e+00
-3.925 1.175 0.0000e+00
-3.925 1.225 2.4133e-17
-3.925 1.275 4.8210e-17
-3.925 1.325 9.6320e-17
-3.925 1.375 1.9247e-16
-3.925 1.425 3.8468e-16
-3.925 1.475 7.6899e-16
-3.925 1.525 1.5376e-15
-3.925 1.575 3.0752e-15
-3.925 1.625 6.1523e-15
-3.925 1.675 1.2312e-14
-3.925 1.725 2.4649e-14
-3.925 1.775 4.9368e-14
-3.925 1.825 9.8921e-14
-3.925 1.875 1.9832e-13
-3.925 1.925 3.9782e-13
-3.925 1.975 7.9854e-13
-3.925 2.025 1.6041e-12
-3.925 2.075 3.2250e-12
-3.925 2.125 6.4898e-12
-3.925 2.175 1.3074e-11
-3.925 2.225 2.6368e-11
-3.925 2.275 5.3253e-11
-3.925 2.325 1.0771e-10
-3.925 2.375 2.1824e-10
-3.925 2.425 4.4303e-10
-3.925 2.475 9.0132e-10
-3.925 2.525 1.8382e-09
-3.925 2.575 3.7593e-09
-3.925 2.625 7.7126e-09
-3.925 2.675 1.5880e-08
-3.925 2.725 3.2829e-08
-3.925 2.775 6.8182e-08
-3.925 2.825 1.4235e-07
-3.925 2.875 2.9900e-07
-3.925 2.925 6.3237e-07
-3.925 2.975 1.3480e-06
-3.925 3.025 2.8998e-06
-3.925 3.075 6.3039e-06
-3.925 3.125 1.3872e-05
-3.925 3.175 3.0963e-05
-3.925 3.225 7.0273e-05
-3.925 3.275 1.6266e-04
-3.925 3.325 3.8545e-04
-3.925 3.375 9.3956e-04
-3.925 3.425 2.3705e-03
-3.925 3.475 6.2416e-03
-3.925 3.525 1.7346e-02
-3.925 3.575 5.1709e-02
-3.925 3.625 1.6934e-01
-3.925 3.675 6.3189e-01
-3.925 3.725 2.8382e+00
-3.925 3.775 1.6482e+01
-3.925 3.825 1.2664e+02
-3.925 3.875 0.0000e+00
-3.925 3.925 0.0000e+00
-3.925 3.975 0.0000e+00
-3.875 -1.975 0.0000e+00
-3.875 -1.925 0.0000e+00
-3.875 -1.875 0.0000e+00
-3.875 -1.825 0.0000e+00
-3.875 -1.775 0.0000e+00
-3.875 -1.725 0.0000e+00
-3.875 -1.675 0.0000e+00
-3.875 -1.625 0.0000e+00
-3.875 -1.575 0.0000e+00
-3.875 -1.525 0.0000e+00
-3.875 -1.475 0.0000e+00
-3.875 -1.425 0.0000e+00
-3.875 -1.375 0.0000e+00
-3.875 -1.325 0.0000e+00
-3.875 -1.275 0.0000e+00
-3.875 -1.225 0.0000e+00
-3.875 -1.175 0.0000e+00
-3.875 -1.125 0.0000e+00
-3.875 -1.075 0.0000e+00
-3.875 -1.025 0.0000e+00
-3.875 -0.975 0.0000e+00
-3.875 -0.925 0.0000e+00
-3.875 -0.875 0.0000e+00
-3.875 -0.825 0.0000e+00
-3.875 -0.775 0.0000e+00
-3.875 -0.725 0.0000e+00
-3.875 -0.675 0.0000e+00
-3.875 -0.625 0.0000e+00
-3.875 -0.575 0.0000e+00
-3.875 -0.525 0.0000e+00
-3.875 -0.475 0.0000e+00
-3.875 -0.425 0.0000e+00
-3.875 -0.375 0.0000e+00
-3.875 -0.325 0.0000e+00
-3.875 -0.275 0.0000e+00
-3.875 -0.225 0.0000e+00
-3.875 -0.175 0.0000e+00
-3.875 -0.125 0.0000e+00
-3.875 -0.075 0.0000e+00
-3.875 -0.025 0.0000e+00
-3.875 0.025 0.0000e+00
-3.875 0.075 0.0000e+00
-3.875 0.125 0.0000e+00
-3.875 0.175 0.0000e+00
-3.875 0.225 0.0000e+00
-3.875 0.275 0.0000e+00
-3.875 0.325 0.0000e+00
-3.875 0.375 0.0000e+00
-3.875 0.425 0.0000e+00
-3.875 0.475 0.0000e+00
-3.875 0.525 0.0000e+00
-3.875 0.575 0.0000e+00
-3.875 0.625 0.0000e+00
-3.875 0.675 0.0000e+00
-3.875 0.725 0.0000e+00
-3.875 0.775 0.0000e+00
-3.875 0.825 0.0000e+00
-3.875 0.875 0.0000e+00
-3.875 0.925 0.0000e+00
-3.875 0.975 0.0000e+00
-3.875 1.025 0.0000e+00
-3.875 1.075 0.0000e+00
-3.875 1.125 0.0000e+00
-3.875 1.175 0.0000e+00
-3.875 1.225 3.0382e-17
-3.875 1.275 6.0693e-17
-3.875 1.325 1.2126e-16
-3.875 1.375 2.4231e-16
-3.875 1.425 4.8428e-16
-3.875 1.475 9.6810e-16
-3.875 1.525 1.9357e-15
-3.875 1.575 3.8715e-15
-3.875 1.625 7.7452e-15
-3.875 1.675 1.5500e-14
-3.875 1.725 3.1031e-14
-3.875 1.775 6.2150e-14
-3.875 1.825 1.2453e-13
-3.875 1.875 2.4966e-13
-3.875 1.925 5.0082e-13
-3.875 1.975 1.0053e-12
-3.875 2.025 2.0194e-12
-3.875 2.075 4.0600e-12
-3.875 2.125 8.1701e-12
-3.875 2.175 1.6459e-11
-3.875 2.225 3.3195e-11
-3.875 2.275 6.7040e-11
-3.875 2.325 1.3560e-10
-3.875 2.375 2.7473e-10
-3.875 2.425 5.5771e-10
-3.875 2.475 1.1346e-09
-3.875 2.525 2.3139e-09
-3.875 2.575 4.7321e-09
-3.875 2.625 9.7081e-09
-3.875 2.675 1.9987e-08
-3.875 2.725 4.1318e-08
-3.875 2.775 8.5807e-08
-3.875 2.825 1.7914e-07
-3.875 2.875 3.7622e-07
-3.875 2.925 7.9557e-07
-3.875 2.975 1.6956e-06
-3.875 3.025 3.6466e-06
-3.875 3.075 7.9249e-06
-3.875 3.125 1.7432e-05
-3.875 3.175 3.8888e-05
-3.875 3.225 8.8197e-05
-3.875 3.275 2.0396e-04
-3.875 3.325 4.8275e-04
-3.875 3.375 1.1748e-03
-3.875 3.425 2.9577e-03
-3.875 3.475 7.7649e-03
-3.875 3.525 2.1493e-02
-3.875 3.575 6.3712e-02
-3.875 3.625 2.0693e-01
-3.875 3.675 7.6207e-01
-3.875 3.725 3.3452e+00
-3.875 3.775 1.8597e+01
-3.875 3.825 1.3115e+02
-3.875 3.875 0.0000e+00
-3.875 3.925 0.0000e+00
-3.875 3.975 0.0000e+00
-3.825 -1.975 0.0000e+00
-3.825 -1.925 0.0000e+00
-3.825 -1.875 0.0000e+00
-3.825 -1.825 0.0000e+00
-3.825 -1.775 0.0000e+00
-3.825 -1.725 0.0000e+00
-3.825 -1.675 0.0000e+00
-3.825 -1.625 0.0000e+00
-3.825 -1.575 0.0000e+00
-3.825 -1.525 0.0000e+00
-3.825 -1.475 0.0000e+00
-3.825 -1.425 0.0000e+00
-3.825 -1.375 0.0000e+00
-3.825 -1.325 0.0000e+00
-3.825 -1.275 0.0000e+00
-3.825 -1.225 0.0000e+00
-3.825 -1.175 0.0000e+00
-3.825 -1.125 0.0000e+00
-3.825 -1.075 0.0000e+00
-3.825 -1.025 0.0000e+00
-3.825 -0.975 0.0000e+00
-3.825 -0.925 0.0000e+00
-3.825 -0.875 0.0000e+00
-3.825 -0.825 0.0000e+00
-3.825 -0.775 0.0000e+00
-3.825 -0.725 0.0000e+00
-3.825 -0.675 0.0000e+00
-3.825 -0.625 0.0000e+00
-3.825 -0.575 0.0000e+00
-3.825 -0.525 0.0000e+00
-3.825 -0.475 0.0000e+00
-3.825 -0.425 0.0000e+00
-3.825 -0.375 0.0000e+00
-3.825 -0.325 0.0000e+00
-3.825 -0.275 0.0000e+00
-3.825 -0.225 0.0000e+00
-3.825 -0.175 0.0000e+00
-3.825 -0.125 0.0000e+00
-3.825 -0.075 0.0000e+00
-3.825 -0.025 0.0000e+00
-3.825 0.025 0.0000e+00
-3.825 0.075 0.0000e+00
-3.825 0.125 0.0000e+00
-3.825 0.175 0.0000e+00
-3.825 0.225 0.0000e+00
-3.825 0.275 0.0000e+00
-3.825 0.325 0.0000e+00
-3.825 0.375 0.0000e+00
-3.825 0.425 0.0000e+00
-3.825 0.475 0.0000e+00
-3.825 0.525 0.0000e+00
-3.825 0.575 0.0000e+00
-3.825 0.625 0.0000e+00
-3.825 0.675 0.0000e+00
-3.825 0.725 0.0000e+00
-3.825 0.775 0.0000e+00
-3.825 0.825 0.0000e+00
-3.825 0.875 0.0000e+00
-3.825 0.925 0.0000e+00
-3.825 0.975 0.0000e+00
-3.825 1.025 0.0000e+00
-3.825 1.075 0.0000e+00
-3.825 1.125 0.0000e+00
-3.825 1.175 0.0000e+00
-3.825 1.225 3.8249e-17
-3.825 1.275 7.6408e-17
-3.825 1.325 1.5266e-16
-3.825 1.375 3.0505e-16
-3.825 1.425 6.0968e-16
-3.825 1.475 1.2188e-15
-3.825 1.525 2.4369e-15
-3.825 1.575 4.8739e-15
-3.825 1.625 9.7507e-15
-3.825 1.675 1.9514e-14
-3.825 1.725 3.9066e-14
-3.825 1.775 7.8242e-14
-3.825 1.825 1.5678e-13
-3.825 1.875 3.1431e-13
-3.825 1.925 6.3049e-13
-3.825 1.975 1.2656e-12
-3.825 2.025 2.5423e-12
-3.825 2.075 5.1111e-12
-3.825 2.125 1.0285e-11
-3.825 2.175 2.0720e-11
-3.825 2.225 4.1789e-11
-3.825 2.275 8.4395e-11
-3.825 2.325 1.7070e-10
-3.825 2.375 3.4585e-10
-3.825 2.425 7.0206e-10
-3.825 2.475 1.4282e-09
-3.825 2.525 2.9127e-09
-3.825 2.575 5.9565e-09
-3.825 2.625 1.2219e-08
-3.825 2.675 2.5156e-08
-3.825 2.725 5.2000e-08
-3.825 2.775 1.0798e-07
-3.825 2.825 2.2540e-07
-3.825 2.875 4.7332e-07
-3.825 2.925 1.0007e-06
-3.825 2.975 2.1323e-06
-3.825 3.025 4.5844e-06
-3.825 3.075 9.9589e-06
-3.825 3.125 2.1895e-05
-3.825 3.175 4.8811e-05
-3.825 3.225 1.1061e-04
-3.825 3.275 2.5549e-04
-3.825 3.325 6.0378e-04
-3.825 3.375 1.4664e-03
-3.825 3.425 3.6816e-03
-3.825 3.475 9.6296e-03
-3.825 3.525 2.6518e-02
-3.825 3.575 7.8035e-02
-3.825 3.625 2.5071e-01
-3.825 3.675 9.0747e-01
-3.825 3.725 3.8655e+00
-3.825 3.775 2.0336e+01
-3.825 3.825 1.2963e+02
-3.825 3.875 0.0000e+00
-3.825 3.925 0.0000e+00
-3.825 3.975 0.0000e+00
-3.775 -1.975 0.0000e+00
-3.775 -1.925 0.0000e+00
-3.775 -1.875 0.0000e+00
-3.775 -1.825 0.0000e+00
-3.775 -1.775 0.0000e+00
-3.775 -1.725 0.0000e+00
-3.775 -1.675 0.0000e+00
-3.775 -1.625 0.0000e+00
-3.775 -1.575 0.0000e+00
-3.775 -1.525 0.0000e+00
-3.775 -1.475 0.0000e+00
-3.775 -1.425 0.0000e+00
-3.775 -1.375 0.0000e+00
-3.775 -1.325 0.0000e+00
-3.775 -1.275 0.0000e+00
-3.775 -1.225 0.0000e+00
-3.775 -1.175 0.0000e+00
-3.775 -1.125 0.0000e+00
-3.775 -1.075 0.0000e+00
-3.775 -1.025 0.0000e+00
-3.775 -0.975 0.0000e+00
-3.775 -0.925 0.0000e+00
-3.775 -0.875 0.0000e+00
-3.775 -0.825 0.0000e+00
-3.775 -0.775 0.0000e+00
-3.775 -0.725 0.0000e+00
-3.775 -0.675 0.0000e+00
-3.775 -0.625 0.0000e+00
-3.775 -0.575 0.0000e+00
-3.775 -0.525 0.0000e+00
-3.775 -0.475 0.0000e+00
-3.775 -0.425 0.0000e+00
-3.775 -0.375 0.0000e+00
-3.775 -0.325 0.0000e+00
-3.775 -0.275 0.0000e+00
-3.775 -0.225 0.0000e+00
-3.775 -0.175 0.0000e+00
-3.775 -0.125 0.0000e+00
-3.775 -0.075 0.0000e+00
-3.775 -0.025 0.0000e+00
-3.775 0.025 0.0000e+00
-3.775 0.075 0.0000e+00
-3.775 0.125 0.0000e+00
-3.775 0.175 0.0000e+00
-3.775 0.225 0.0000e+00
-3.775 0.275 0.0000e+00
-3.775 0.325 0.0000e+00
-3.775 0.375 0.0000e+00
-3.775 0.425 0.0000e+00
-3.775 0.475 0.0000e+00
-3.775 0.525 0.0000e+00
-3.775 0.575 0.0000e+00
-3.775 0.625 0.0000e+00
-3.775 0.675 0.0000e+00
-3.775 0.725 0.0000e+00
-3.775 0.775 0.0000e+00
-3.775 0.825 0.0000e+00
-3.775 0.875 0.0000e+00
-3.775 0.925 0.0000e+00
-3.775 0.975 0.0000e+00
-3.775 1.025 0.0000e+00
-3.775 1.075 0.0000e+00
-3.775 1.125 0.0000e+00
-3.775 1.175 0.0000e+00
-3.775 1.225 4.8153e-17
-3.775 1.275 9.6191e-17
-3.775 1.325 1.9218e-16
-3.775 1.375 3.8403e-16
-3.775 1.425 7.6754e-16
-3.775 1.475 1.5343e-15
-3.775 1.525 3.0679e-15
-3.775 1.575 6.1358e-15
-3.775 1.625 1.2275e-14
-3.775 1.675 2.4566e-14
-3.775 1.725 4.9181e-14
-3.775 1.775 9.8500e-14
-3.775 1.825 1.9737e-13
-3.775 1.875 3.9569e-13
-3.775 1.925 7.9373e-13
-3.775 1.975 1.5932e-12
-3.775 2.025 3.2005e-12
-3.775 2.075 6.4344e-12
-3.775 2.125 1.2948e-11
-3.775 2.175 2.6084e-11
-3.775 2.225 5.2607e-11
-3.775 2.275 1.0624e-10
-3.775 2.325 2.1488e-10
-3.775 2.375 4.3536e-10
-3.775 2.425 8.8375e-10
-3.775 2.475 1.7978e-09
-3.775 2.525 3.6663e-09
-3.775 2.575 7.4972e-09
-3.775 2.625 1.5379e-08
-3.775 2.675 3.1660e-08
-3.775 2.725 6.5437e-08
-3.775 2.775 1.3587e-07
-3.775 2.825 2.8358e-07
-3.775 2.875 5.9537e-07
-3.775 2.925 1.2585e-06
-3.775 2.975 2.6807e-06
-3.775 3.025 5.7613e-06
-3.775 3.075 1.2509e-05
-3.775 3.125 2.7484e-05
-3.775 3.175 6.1219e-05
-3.775 3.225 1.3857e-04
-3.775 3.275 3.1962e-04
-3.775 3.325 7.5386e-04
-3.775 3.375 1.8262e-03
-3.775 3.425 4.5690e-03
-3.775 3.475 1.1894e-02
-3.775 3.525 3.2539e-02
-3.775 3.575 9.4853e-02
-3.775 3.625 3.0046e-01
-3.775 3.675 1.0632e+00
-3.775 3.725 4.3563e+00
-3.775 3.775 2.1399e+01
-3.775 3.825 1.2123e+02
-3.775 3.875 0.0000e+00
-3.775 3.925 0.0000e+00
-3.775 3.975 0.0000e+00
-3.725 -1.975 0.0000e+00
-3.725 -1.925 0.0000e+00
-3.725 -1.875 0.0000e+00
-3.725 -1.825 0.0000e+00
-3.725 -1.775 0.0000e+00
-3.725 -1.725 0.0000e+00
-3.725 -1.675 0.0000e+00
-3.725 -1.625 0.0000e+00
-3.725 -1.575 0.0000e+00
-3.725 -1.525 0.0000e+00
-3.725 -1.475 0.0000e+00
-3.725 -1.425 0.0000e+00
-3.725 -1.375 0.0000e+00
-3.725 -1.325 0.0000e+00
-3.725 -1.275 0.0000e+00
-3.725 -1.225 0.0000e+00
-3.725 -1.175 0.0000e+00
-3.725 -1.125 0.0000e+00
-3.725 -1.075 0.0000e+00
-3.725 -1.025 0.0000e+00
-3.725 -0.975 0.0000e+00
-3.725 -0.925 0.0000e+00
-3.725 -0.875 0.0000e+00
-3.725 -0.825 0.0000e+00
-3.725 -0.775 0.0000e+00
-3.725 -0.725 0.0000e+00
-3.725 -0.675 0.0000e+00
-3.725 -0.625 0.0000e+00
-3.725 -0.575 0.0000e+00
-3.725 -0.525 0.0000e+00
-3.725 -0.475 0.0000e+00
-3.725 -0.425 0.0000e+00
-3.725 -0.375 0.0000e+00
-3.725 -0.325 0.0000e+00
-3.725 -0.275 0.0000e+00
-3.725 -0.225 0.0000e+00
-3.725 -0.175 0.0000e+00
-3.725 -0.125 0.0000e+00
-3.725 -0.075 0.0000e+00
-3.725 -0.025 0.0000e+00
-3.725 0.025 0.0000e+00
-3.725 0.075 0.0000e+00
-3.725 0.125 0.0000e+00
-3.725 0.175 0.0000e+00
-3.725 0.225 0.0000e+00
-3.725 0.275 0.0000e+00
-3.725 0.325 0.0000e+00
-3.725 0.375 0.0000e+00
-3.725 0.425 0.0000e+00
-3.725 0.475 0.0000e+00
-3.725 0.525 0.0000e+00
-3.725 0.575 0.0000e+00
-3.725 0.625 0.0000e+00
-3.725 0.675 0.0000e+00
-3.725 0.725 0.0000e+00
-3.725 0.775 0.0000e+00
-3.725 0.825 0.0000e+00
-3.725 0.875 0.0000e+00
-3.725 0.925 0.0000e+00
-3.725 0.975 0.0000e+00
-3.725 1.025 0.0000e+00
-3.725 1.075 0.0000e+00
-3.725 1.125 0.0000e+00
-3.725 1.175 0.0000e+00
-3.725 1.225 6.0620e-17
-3.725 1.275 1.2110e-16
-3.725 1.325 2.4194e-16
-3.725 1.375 4.8347e-16
-3.725 1.425 9.6627e-16
-3.725 1.475 1.9316e-15
-3.725 1.525 3.8622e-15
-3.725 1.575 7.7245e-15
-3.725 1.625 1.5454e-14
-3.725 1.675 3.0927e-14
-3.725 1.725 6.1915e-14
-3.725 1.775 1.2400e-13
-3.725 1.825 2.4847e-13
-3.725 1.875 4.9813e-13
-3.725 1.925 9.9924e-13
-3.725 1.975 2.0057e-12
-3.725 2.025 4.0291e-12
-3.725 2.075 8.1002e-12
-3.725 2.125 1.6300e-11
-3.725 2.175 3.2836e-11
-3.725 2.225 6.6225e-11
-3.725 2.275 1.3374e-10
-3.725 2.325 2.7050e-10
-3.725 2.375 5.4803e-10
-3.725 2.425 1.1124e-09
-3.725 2.475 2.2630e-09
-3.725 2.525 4.6146e-09
-3.725 2.575 9.4361e-09
-3.725 2.625 1.9355e-08
-3.725 2.675 3.9841e-08
-3.725 2.725 8.2338e-08
-3.725 2.775 1.7094e-07
-3.725 2.825 3.5670e-07
-3.725 2.875 7.4874e-07
-3.725 2.925 1.5822e-06
-3.725 2.975 3.3690e-06
-3.725 3.025 7.2370e-06
-3.725 3.075 1.5703e-05
-3.725 3.125 3.4474e-05
-3.725 3.175 7.6707e-05
-3.725 3.225 1.7338e-04
-3.725 3.275 3.9918e-04
-3.725 3.325 9.3922e-04
-3.725 3.375 2.2678e-03
-3.725 3.425 5.6489e-03
-3.725 3.475 1.4617e-02
-3.725 3.525 3.9650e-02
-3.725 3.575 1.1418e-01
-3.725 3.625 3.5507e-01
-3.725 3.675 1.2201e+00
-3.725 3.725 4.7595e+00
-3.725 3.775 2.1508e+01
-3.725 3.825 1.0639e+02
-3.725 3.875 0.0000e+00
-3.725 3.925 0.0000e+00
-3.725 3.975 0.0000e+00
-3.675 -1.975 0.0000e+00
-3.675 -1.925 0.0000e+00
-3.675 -1.875 0.0000e+00
-3.675 -1.825 0.0000e+00
-3.675 -1.775 0.0000e+00
-3.675 -1.725 0.0000e+00
-3.675 -1.675 0.0000e+00
-3.675 -1.625 0.0000e+00
-3.675 -1.575 0.0000e+00
-3.675 -1.525 0.0000e+00
-3.675 -1.475 0.0000e+00
-3.675 -1.425 0.0000e+00
-3.675 -1.375 0.0000e+00
-3.675 -1.325 0.0000e+00
-3.675 -1.275 0.0000e+00
-3.675 -1.225 0.0000e+00
-3.675 -1.175 0.0000e+00
-3.675 -1.125 0.0000e+00
-3.675 -1.075 0.0000e+00
-3.675 -1.025 0.0000e+00
-3.675 -0.975 0.0000e+00
-3.675 -0.925 0.0000e+00
-3.675 -0.875 0.0000e+00
-3.675 -0.825 0.0000e+00
-3.675 -0.775 0.0000e+00
-3.675 -0.725 0.0000e+00
-3.675 -0.675 0.0000e+00
-3.675 -0.625 0.0000e+00
-3.675 -0.575 0.0000e+00
-3.675 -0.525 0.0000e+00
-3.675 -0.475 0.0000e+00
-3.675 -0.425 0.0000e+00
-3.675 -0.375 0.0000e+00
-3.675 -0.325 0.0000e+00
-3.675 -0.275 0.0000e+00
-3.675 -0.225 0.0000e+00
-3.675 -0.175 0.0000e+00
-3.675 -0.125 0.0000e+00
-3.675 -0.075 0.0000e+00
-3.675 -0.025 0.0000e+00
-3.675 0.025 0.0000e+00
-3.675 0.075 0.0000e+00
-3.675 0.125 0.0000e+00
-3.675 0.175 0.0000e+00
-3.675 0.225 0.0000e+00
-3.675 0.275 0.0000e+00
-3.675 0.325 0.0000e+00
-3.675 0.375 0.0000e+00
-3.675 0.425 0.0000e+00
-3.675 0.475 0.0000e+00
-3.675 0.525 0.0000e+00
-3.675 0.575 0.0000e+00
-3.675 0.625 0.0000e+00
-3.675 0.675 0.0000e+00
-3.675 0.725 0.0000e+00
-3.675 0.775 0.0000e+00
-3.675 0.825 0.0000e+00
-3.675 0.875 0.0000e+00
-3.675 0.925 0.0000e+00
-3.675 0.975 0.0000e+00
-3.675 1.025 0.0000e+00
-3.675 1.075 0.0000e+00
-3.675 1.125 0.0000e+00
-3.675 1.175 0.0000e+00
-3.675 1.225 7.6317e-17
-3.675 1.275 1.5245e-16
-3.675 1.325 3.0459e-16
-3.675 1.375 6.0865e-16
-3.675 1.425 1.2165e-15
-3.675 1.475 2.4317e-15
-3.675 1.525 4.8623e-15
-3.675 1.575 9.7246e-15
-3.675 1.625 1.9455e-14
-3.675 1.675 3.8934e-14
-3.675 1.725 7.7946e-14
-3.675 1.775 1.5611e-13
-3.675 1.825 3.1280e-13
-3.675 1.875 6.2711e-13
-3.675 1.925 1.2579e-12
-3.675 1.975 2.5250e-12
-3.675 2.025 5.0722e-12
-3.675 2.075 1.0197e-11
-3.675 2.125 2.0520e-11
-3.675 2.175 4.1336e-11
-3.675 2.225 8.3367e-11
-3.675 2.275 1.6836e-10
-3.675 2.325 3.4051e-10
-3.675 2.375 6.8985e-10
-3.675 2.425 1.4003e-09
-3.675 2.475 2.8483e-09
-3.675 2.525 5.8080e-09
-3.675 2.575 1.1876e-08
-3.675 2.625 2.4357e-08
-3.675 2.675 5.0132e-08
-3.675 2.725 1.0359e-07
-3.675 2.775 2.1502e-07
-3.675 2.825 4.4860e-07
-3.675 2.875 9.4135e-07
-3.675 2.925 1.9884e-06
-3.675 2.975 4.2321e-06
-3.675 3.025 9.0854e-06
-3.675 3.075 1.9699e-05
-3.675 3.125 4.3200e-05
-3.675 3.175 9.5994e-05
-3.675 3.225 2.1659e-04
-3.675 3.275 4.9751e-04
-3.675 3.325 1.1670e-03
-3.675 3.375 2.8060e-03
-3.675 3.425 6.9505e-03
-3.675 3.475 1.7846e-02
-3.675 3.525 4.7887e-02
-3.675 3.575 1.3574e-01
-3.675 3.625 4.1222e-01
-3.675 3.675 1.3645e+00
-3.675 3.725 5.0082e+00
-3.675 3.775 2.0500e+01
-3.675 3.825 8.7029e+01
-3.675 3.875 0.0000e+00
-3.675 3.925 0.0000e+00
-3.675 3.975 0.0000e+00
-3.625 -1.975 0.0000e+00
-3.625 -1.925 0.0000e+00
-3.625 -1.875 0.0000e+00
-3.625 -1.825 0.0000e+00
-3.625 -1.775 0.0000e+00
-3.625 -1.725 0.0000e+00
-3.625 -1.675 0.0000e+00
-3.625 -1.625 0.0000e+00
-3.625 -1.575 0.0000e+00
-3.625 -1.525 0.0000e+00
-3.625 -1.475 0.0000e+00
-3.625 -1.425 0.0000e+00
-3.625 -1.375 0.0000e+00
-3.625 -1.325 0.0000e+00
-3.625 -1.275 0.0000e+00
-3.625 -1.225 0.0000e+00
-3.625 -1.175 0.0000e+00
-3.625 -1.125 0.0000e+00
-3.625 -1.075 0.0000e+00
-3.625 -1.025 0.0000e+00
-3.625 -0.975 0.0000e+00
-3.625 -0.925 0.0000e+00
-3.625 -0.875 0.0000e+00
-3.625 -0.825 0.0000e+00
-3.625 -0.775 0.0000e+00
-3.625 -0.725 0.0000e+00
-3.625 -0.675 0.0000e+00
-3.625 -0.625 0.0000e+00
-3.625 -0.575 0.0000e+00
-3.625 -0.525 0.0000e+00
-3.625 -0.475 0.0000e+00
-3.625 -0.425 0.0000e+00
-3.625 -0.375 0.0000e+00
-3.625 -0.325 0.0000e+00
-3.625 -0.275 0.0000e+00
-3.625 -0.225 0.0000e+00
-3.625 -0.175 0.0000e+00
-3.625 -0.125 0.0000e+00
-3.625 -0.075 0.0000e+00
-3.625 -0.025 0.0000e+00
-3.625 0.025 0.0000e+00
-3.625 0.075 0.0000e+00
-3.625 0.125 0.0000e+00
-3.625 0.175 0.0000e+00
-3.625 0.225 0.0000e+00
-3.625 0.275 0.0000e+00
-3.625 0.325 0.0000e+00
-3.625 0.375 0.0000e+00
-3.625 0.425 0.0000e+00
-3.625 0.475 0.0000e+00
-3.625 0.525 0.0000e+00
-3.625 0.575 0.0000e+00
-3.625 0.625 0.0000e+00
-3.625 0.675 0.0000e+00
-3.625 0.725 0.0000e+00
-3.625 0.775 0.0000e+00
-3.625 0.825 0.0000e+00
-3.625 0.875 0.0000e+00
-3.625 0.925 0.0000e+00
-3.625 0.975 0.0000e+00
-3.625 1.025 0.0000e+00
-3.625 1.075 0.0000e+00
-3.625 1.125 0.0000e+00
-3.625 1.175 0.0000e+00
-3.625 1.225 9.6077e-17
-3.625 1.275 1.9193e-16
-3.625 1.325 3.8346e-16
-3.625 1.375 7.6624e-16
-3.625 1.425 1.5314e-15
-3.625 1.475 3.0614e-15
-3.625 1.525 6.1212e-15
-3.625 1.575 1.2242e-14
-3.625 1.625 2.4492e-14
-3.625 1.675 4.9015e-14
-3.625 1.725 9.8127e-14
-3.625 1.775 1.9653e-13
-3.625 1.825 3.9379e-13
-3.625 1.875 7.8947e-13
-3.625 1.925 1.5836e-12
-3.625 1.975 3.1788e-12
-3.625 2.025 6.3853e-12
-3.625 2.075 1.2837e-11
-3.625 2.125 2.5832e-11
-3.625 2.175 5.2036e-11
-3.625 2.225 1.0494e-10
-3.625 2.275 2.1193e-10
-3.625 2.325 4.2862e-10
-3.625 2.375 8.6833e-10
-3.625 2.425 1.7625e-09
-3.625 2.475 3.5850e-09
-3.625 2.525 7.3096e-09
-3.625 2.575 1.4945e-08
-3.625 2.625 3.0648e-08
-3.625 2.675 6.3071e-08
-3.625 2.725 1.3031e-07
-3.625 2.775 2.7041e-07
-3.625 2.825 5.6400e-07
-3.625 2.875 1.1831e-06
-3.625 2.925 2.4979e-06
-3.625 2.975 5.3133e-06
-3.625 3.025 1.1398e-05
-3.625 3.075 2.4687e-05
-3.625 3.125 5.4070e-05
-3.625 3.175 1.1994e-04
-3.625 3.225 2.7003e-04
-3.625 3.275 6.1843e-04
-3.625 3.325 1.4449e-03
-3.625 3.375 3.4561e-03
-3.625 3.425 8.4998e-03
-3.625 3.475 2.1610e-02
-3.625 3.525 5.7185e-02
-3.625 3.575 1.5886e-01
-3.625 3.625 4.6806e-01
-3.625 3.675 1.4785e+00
-3.625 3.725 5.0416e+00
-3.625 3.775 1.8411e+01
-3.625 3.825 6.6109e+01
-3.625 3.875 0.0000e+00
-3.625 3.925 0.0000e+00
-3.625 3.975 0.0000e+00
-3.575 -1.975 0.0000e+00
-3.575 -1.925 0.0000e+00
-3.575 -1.875 0.0000e+00
-3.575 -1.825 0.0000e+00
-3.575 -1.775 0.0000e+00
-3.575 -1.725 0.0000e+00
-3.575 -1.675 0.0000e+00
-3.575 -1.625 0.0000e+00
-3.575 -1.575 0.0000e+00
-3.575 -1.525 0.0000e+00
-3.575 -1.475 0.0000e+00
-3.575 -1.425 0.0000e+00
-3.575 -1.375 0.0000e+00
-3.575 -1.325 0.0000e+00
-3.575 -1.275 0.0000e+00
-3.575 -1.225 0.0000e+00
-3.575 -1.175 0.0000e+00
-3.575 -1.125 0.0000e+00
-3.575 -1.075 0.0000e+00
-3.575 -1.025 0.0000e+00
-3.575 -0.975 0.0000e+00
-3.575 -0.925 0.0000e+00
-3.575 -0.875 0.0000e+00
-3.575 -0.825 0.0000e+00
-3.575 -0.775 0.0000e+00
-3.575 -0.725 0.0000e+00
-3.575 -0.675 0.0000e+00
-3.575 -0.625 0.0000e+00
-3.575 -0.575 0.0000e+00
-3.575 -0.525 0.0000e+00
-3.575 -0.475 0.0000e+00
-3.575 -0.425 0.0000e+00
-3.575 -0.375 0.0000e+00
-3.575 -0.325 0.0000e+00
-3.575 -0.275 0.0000e+00
-3.575 -0.225 0.0000e+00
-3.575 -0.175 0.0000e+00
-3.575 -0.125 0.0000e+00
-3.575 -0.075 0.0000e+00
-3.575 -0.025 0.0000e+00
-3.575 0.025 0.0000e+00
-3.575 0.075 0.0000e+00
-3.575 0.125 0.0000e+00
-3.575 0.175 0.0000e+00
-3.575 0.225 0.0000e+00
-3.575 0.275 0.0000e+00
-3.575 0.325 0.0000e+00
-3.575 0.375 0.0000e+00
-3.575 0.425 0.0000e+00
-3.575 0.475 0.0000e+00
-3.575 0.525 0.0000e+00
-3.575 0.575 0.0000e+00
-3.575 0.625 0.0000e+00
-3.575 0.675 0.0000e+00
-3.575 0.725 0.0000e+00
-3.575 0.775 0.0000e+00
-3.575 0.825 0.0000e+00
-3.575 0.875 0.0000e+00
-3.575 0.925 0.0000e+00
-3.575 0.975 0.0000e+00
-3.575 1.025 0.0000e+00
-3.575 1.075 0.0000e+00
-3.575 1.125 0.0000e+00
-3.575 1.175 0.0000e+00
-3.575 1.225 1.2095e-16
-3.575 1.275 2.4162e-16
-3.575 1.325 4.8274e-16
-3.575 1.375 9.6464e-16
-3.575 1.425 1.9279e-15
-3.575 1.475 3.8540e-15
-3.575 1.525 7.7061e-15
-3.575 1.575 1.5412e-14
-3.575 1.625 3.0834e-14
-3.575 1.675 6.1706e-14
-3.575 1.725 1.2353e-13
-3.575 1.775 2.4741e-13
-3.575 1.825 4.9575e-13
-3.575 1.875 9.9386e-13
-3.575 1.925 1.9936e-12
-3.575 1.975 4.0017e-12
-3.575 2.025 8.0383e-12
-3.575 2.075 1.6160e-11
-3.575 2.125 3.2519e-11
-3.575 2.175 6.5504e-11
-3.575 2.225 1.3210e-10
-3.575 2.275 2.6677e-10
-3.575 2.325 5.3952e-10
-3.575 2.375 1.0930e-09
-3.575 2.425 2.2183e-09
-3.575 2.475 4.5118e-09
-3.575 2.525 9.1986e-09
-3.575 2.575 1.8805e-08
-3.575 2.625 3.8559e-08
-3.575 2.675 7.9338e-08
-3.575 2.725 1.6388e-07
-3.575 2.775 3.3999e-07
-3.575 2.825 7.0886e-07
-3.575 2.875 1.4863e-06
-3.575 2.925 3.1362e-06
-3.575 2.975 6.6660e-06
-3.575 3.025 1.4285e-05
-3.575 3.075 3.0903e-05
-3.575 3.125 6.7572e-05
-3.575 3.175 1.4958e-04
-3.575 3.225 3.3579e-04
-3.575 3.275 7.6617e-04
-3.575 3.325 1.7812e-03
-3.575 3.375 4.2323e-03
-3.575 3.425 1.0314e-02
-3.575 3.475 2.5895e-02
-3.575 3.525 6.7321e-02
-3.575 3.575 1.8229e-01
-3.575 3.625 5.1709e-01
-3.575 3.675 1.5425e+00
-3.575 3.725 4.8243e+00
-3.575 3.775 1.5511e+01
-3.575 3.825 4.6640e+01
-3.575 3.875 0.0000e+00
-3.575 3.925 0.0000e+00
-3.575 3.975 0.0000e+00
-3.525 -1.975 0.0000e+00
-3.525 -1.925 0.0000e+00
-3.525 -1.875 0.0000e+00
-3.525 -1.825 0.0000e+00
-3.525 -1.775 0.0000e+00
-3.525 -1.725 0.0000e+00
-3.525 -1.675 0.0000e+00
-3.525 -1.625 0.0000e+00
-3.525 -1.575 0.0000e+00
-3.525 -1.525 0.0000e+00
-3.525 -1.475 0.0000e+00
-3.525 -1.425 0.0000e+00
-3.525 -1.375 0.0000e+00
-3.525 -1.325 0.0000e+00
-3.525 -1.275 0.0000e+00
-3.525 -1.225 0.0000e+00
-3.525 -1.175 0.0000e+00
-3.525 -1.125 0.0000e+00
-3.525 -1.075 0.0000e+00
-3.525 -1.025 0.0000e+00
-3.525 -0.975 0.0000e+00
-3.525 -0.925 0.0000e+00
-3.525 -0.875 0.0000e+00
-3.525 -0.825 0.0000e+00
-3.525 -0.775 0.0000e+00
-3.525 -0.725 0.0000e+00
-3.525 -0.675 0.0000e+00
-3.525 -0.625 0.0000e+00
-3.525 -0.575 0.0000e+00
-3.525 -0.525 0.0000e+00
-3.525 -0.475 0.0000e+00
-3.525 -0.425 0.0000e+00
-3.525 -0.375 0.0000e+00
-3.525 -0.325 0.0000e+00
-3.525 -0.275 0.0000e+00
-3.525 -0.225 0.0000e+00
-3.525 -0.175 0.0000e+00
-3.525 -0.125 0.0000e+00
-3.525 -0.075 0.0000e+00
-3.525 -0.025 0.0000e+00
-3.525 0.025 0.0000e+00
-3.525 0.075 0.0000e+00
-3.525 0.125 0.0000e+00
-3.525 0.175 0.0000e+00
-3.525 0.225 0.0000e+00
-3.525 0.275 0.0000e+00
-3.525 0.325 0.0000e+00
-3.525 0.375 0.0000e+00
-3.525 0.425 0.0000e+00
-3.525 0.475 0.0000e+00
-3.525 0.525 0.0000e+00
-3.525 0.575 0.0000e+00
-3.525 0.625 0.0000e+00
-3.525 0.675 0.0000e+00
-3.525 0.725 0.0000e+00
-3.525 0.775 0.0000e+00
-3.525 0.825 0.0000e+00
-3.525 0.875 0.0000e+00
-3.525 0.925 0.0000e+00
-3.525 0.975 0.0000e+00
-3.525 1.025 0.0000e+00
-3.525 1.075 0.0000e+00
-3.525 1.125 0.0000e+00
-3.525 1.175 0.0000e+00
-3.525 1.225 1.5227e-16
-3.525 1.275 3.0418e-16
-3.525 1.325 6.0773e-16
-3.525 1.375 1.2144e-15
-3.525 1.425 2.4271e-15
-3.525 1.475 4.8519e-15
-3.525 1.525 9.7014e-15
-3.525 1.575 1.9403e-14
-3.525 1.625 3.8817e-14
-3.525 1.675 7.7682e-14
-3.525 1.725 1.5552e-13
-3.525 1.775 3.1147e-13
-3.525 1.825 6.2410e-13
-3.525 1.875 1.2512e-12
-3.525 1.925 2.5097e-12
-3.525 1.975 5.0377e-12
-3.525 2.025 1.0119e-11
-3.525 2.075 2.0343e-11
-3.525 2.125 4.0935e-11
-3.525 2.175 8.2457e-11
-3.525 2.225 1.6629e-10
-3.525 2.275 3.3579e-10
-3.525 2.325 6.7908e-10
-3.525 2.375 1.3756e-09
-3.525 2.425 2.7918e-09
-3.525 2.475 5.6778e-09
-3.525 2.525 1.1575e-08
-3.525 2.575 2.3659e-08
-3.525 2.625 4.8504e-08
-3.525 2.675 9.9779e-08
-3.525 2.725 2.0604e-07
-3.525 2.775 4.2732e-07
-3.525 2.825 8.9054e-07
-3.525 2.875 1.8661e-06
-3.525 2.925 3.9349e-06
-3.525 2.975 8.3555e-06
-3.525 3.025 1.7884e-05
-3.525 3.075 3.8627e-05
-3.525 3.125 8.4285e-05
-3.525 3.175 1.8607e-04
-3.525 3.225 4.1623e-04
-3.525 3.275 9.4523e-04
-3.525 3.325 2.1837e-03
-3.525 3.375 5.1448e-03
-3.525 3.425 1.2394e-02
-3.525 3.475 3.0624e-02
-3.525 3.525 7.7847e-02
-3.525 3.575 2.0412e-01
-3.525 3.625 5.5264e-01
-3.525 3.675 1.5399e+00
-3.525 3.725 4.3646e+00
-3.525 3.775 1.2232e+01
-3.525 3.825 3.0692e+01
-3.525 3.875 0.0000e+00
-3.525 3.925 0.0000e+00
-3.525 3.975 0.0000e+00
-3.475 -1.975 0.0000e+00
-3.475 -1.925 0.0000e+00
-3.475 -1.875 0.0000e+00
-3.475 -1.825 0.0000e+00
-3.475 -1.775 0.0000e+00
-3.475 -1.725 0.0000e+00
-3.475 -1.675 0.0000e+00
-3.475 -1.625 0.0000e+00
-3.475 -1.575 0.0000e+00
-3.475 -1.525 0.0000e+00
-3.475 -1.475 0.0000e+00
-3.475 -1.425 0.0000e+00
-3.475 -1.375 0.0000e+00
-3.475 -1.325 0.0000e+00
-3.475 -1.275 0.0000e+00
-3.475 -1.225 0.0000e+00
-3.475 -1.175 0.0000e+00
-3.475 -1.125 0.0000e+00
-3.475 -1.075 0.0000e+00
-3.475 -1.025 0.0000e+00
-3.475 -0.975 0.0000e+00
-3.475 -0.925 0.0000e+00
-3.475 -0.875 0.0000e+00
-3.475 -0.825 0.0000e+00
-3.475 -0.775 0.0000e+00
-3.475 -0.725 0.0000e+00
-3.475 -0.675 0.0000e+00
-3.475 -0.625 0.0000e+00
-3.475 -0.575 0.0000e+00
-3.475 -0.525 0.0000e+00
-3.475 -0.475 0.0000e+00
-3.475 -0.425 0.0000e+00
-3.475 -0.375 0.0000e+00
-3.475 -0.325 0.0000e+00
-3.475 -0.275 0.0000e+00
-3.475 -0.225 0.0000e+00
-3.475 -0.175 0.0000e+00
-3.475 -0.125 0.0000e+00
-3.475 -0.075 0.0000e+00
-3.475 -0.025 0.0000e+00
-3.475 0.025 0.0000e+00
-3.475 0.075 0.0000e+00
-3.475 0.125 0.0000e+00
-3.475 0.175 0.0000e+00
-3.475 0.225 0.0000e+00
-3.475 0.275 0.0000e+00
-3.475 0.325 0.0000e+00
-3.475 0.375 0.0000e+00
-3.475 0.425 0.0000e+00
-3.475 0.475 0.0000e+00
-3.475 0.525 0.0000e+00
-3.475 0.575 0.0000e+00
-3.475 0.625 0.0000e+00
-3.475 0.675 0.0000e+00
-3.475 0.725 0.0000e+00
-3.475 0.775 0.0000e+00
-3.475 0.825 0.0000e+00
-3.475 0.875 0.0000e+00
-3.475 0.925 0.0000e+00
-3.475 0.975 0.0000e+00
-3.475 1.025 0.0000e+00
-3.475 1.075 0.0000e+00
-3.475 1.125 0.0000e+00
-3.475 1.175 0.0000e+00
-3.475 1.225 1.9170e-16
-3.475 1.275 3.8294e-16
-3.475 1.325 7.6509e-16
-3.475 1.375 1.5288e-15
-3.475 1.425 3.0556e-15
-3.475 1.475 6.1082e-15
-3.475 1.525 1.2213e-14
-3.475 1.575 2.4426e-14
-3.475 1.625 4.8867e-14
-3.475 1.675 9.7795e-14
-3.475 1.725 1.9578e-13
-3.475 1.775 3.9211e-13
-3.475 1.825 7.8567e-13
-3.475 1.875 1.5751e-12
-3.475 1.925 3.1595e-12
-3.475 1.975 6.3417e-12
-3.475 2.025 1.2739e-11
-3.475 2.075 2.5609e-11
-3.475 2.125 5.1529e-11
-3.475 2.175 1.0379e-10
-3.475 2.225 2.0931e-10
-3.475 2.275 4.2266e-10
-3.475 2.325 8.5470e-10
-3.475 2.375 1.7312e-09
-3.475 2.425 3.5132e-09
-3.475 2.475 7.1443e-09
-3.475 2.525 1.4562e-08
-3.475 2.575 2.9761e-08
-3.475 2.625 6.1002e-08
-3.475 2.675 1.2545e-07
-3.475 2.725 2.5897e-07
-3.475 2.775 5.3685e-07
-3.475 2.825 1.1182e-06
-3.475 2.875 2.3414e-06
-3.475 2.925 4.9325e-06
-3.475 2.975 1.0461e-05
-3.475 3.025 2.2357e-05
-3.475 3.075 4.8190e-05
-3.475 3.125 1.0488e-04
-3.475 3.175 2.3074e-04
-3.475 3.225 5.1383e-04
-3.475 3.275 1.1599e-03
-3.475 3.325 2.6585e-03
-3.475 3.375 6.1964e-03
-3.475 3.425 1.4711e-02
-3.475 3.475 3.5623e-02
-3.475 3.525 8.8043e-02
-3.475 3.575 2.2189e-01
-3.475 3.625 5.6794e-01
-3.475 3.675 1.4624e+00
-3.475 3.725 3.7188e+00
-3.475 3.775 9.0339e+00
-3.475 3.825 1.8987e+01
-3.475 3.875 0.0000e+00
-3.475 3.925 0.0000e+00
-3.475 3.975 0.0000e+00
-3.425 -1.975 0.0000e+00
-3.425 -1.925 0.0000e+00
-3.425 -1.875 0.0000e+00
-3.425 -1.825 0.0000e+00
-3.425 -1.775 0.0000e+00
-3.425 -1.725 0.0000e+00
-3.425 -1.675 0.0000e+00
-3.425 -1.625 0.0000e+00
-3.425 -1.575 0.0000e+00
-3.425 -1.525 0.0000e+00
-3.425 -1.475 0.0000e+00
-3.425 -1.425 0.0000e+00
-3.425 -1.375 0.0000e+00
-3.425 -1.325 0.0000e+00
-3.425 -1.275 0.0000e+00
-3.425 -1.225 0.0000e+00
-3.425 -1.175 0.0000e+00
-3.425 -1.125 0.0000e+00
-3.425 -1.075 0.0000e+00
-3.425 -1.025 0.0000e+00
-3.425 -0.975 0.0000e+00
-3.425 -0.925 0.0000e+00
-3.425 -0.875 0.0000e+00
-3.425 -0.825 0.0000e+00
-3.425 -0.775 0.0000e+00
-3.425 -0.725 0.0000e+00
-3.425 -0.675 0.0000e+00
-3.425 -0.625 0.0000e+00
-3.425 -0.575 0.0000e+00
-3.425 -0.525 0.0000e+00
-3.425 -0.475 0.0000e+00
-3.425 -0.425 0.0000e+00
-3.425 -0.375 0.0000e+00
-3.425 -0.325 0.0000e+00
-3.425 -0.275 0.0000e+00
-3.425 -0.225 0.0000e+00
-3.425 -0.175 0.0000e+00
-3.425 -0.125 0.0000e+00
-3.425 -0.075 0.0000e+00
-3.425 -0.025 0.0000e+00
-3.425 0.025 0.0000e+00
-3.425 0.075 0.0000e+00
-3.425 0.125 0.0000e+00
-3.425 0.175 0.0000e+00
-3.425 0.225 0.0000e+00
-3.425 0.275 0.0000e+00
-3.425 0.325 0.0000e+00
-3.425 0.375 0.0000e+00
-3.425 0.425 0.0000e+00
-3.425 0.475 0.0000e+00
-3.425 0.525 0.0000e+00
-3.425 0.575 0.0000e+00
-3.425 0.625 0.0000e+00
-3.425 0.675 0.0000e+00
-3.425 0.725 0.0000e+00
-3.425 0.775 0.0000e+00
-3.425 0.825 0.0000e+00
-3.425 0.875 0.0000e+00
-3.425 0.925 0.0000e+00
-3.425 0.975 0.0000e+00
-3.425 1.025 0.0000e+00
-3.425 1.075 0.0000e+00
-3.425 1.125 0.0000e+00
-3.425 1.175 0.0000e+00
-3.425 1.225 2.4133e-16
-3.425 1.275 4.8209e-16
-3.425 1.325 9.6319e-16
-3.425 1.375 1.9247e-15
-3.425 1.425 3.8467e-15
-3.425 1.475 7.6897e-15
-3.425 1.525 1.5375e-14
-3.425 1.575 3.0751e-14
-3.425 1.625 6.1519e-14
-3.425 1.675 1.2311e-13
-3.425 1.725 2.4647e-13
-3.425 1.775 4.9363e-13
-3.425 1.825 9.8908e-13
-3.425 1.875 1.9828e-12
-3.425 1.925 3.9773e-12
-3.425 1.975 7.9833e-12
-3.425 2.025 1.6036e-11
-3.425 2.075 3.2236e-11
-3.425 2.125 6.4864e-11
-3.425 2.175 1.3065e-10
-3.425 2.225 2.6346e-10
-3.425 2.275 5.3196e-10
-3.425 2.325 1.0757e-09
-3.425 2.375 2.1787e-09
-3.425 2.425 4.4207e-09
-3.425 2.475 8.9886e-09
-3.425 2.525 1.8318e-08
-3.425 2.575 3.7429e-08
-3.425 2.625 7.6699e-08
-3.425 2.675 1.5768e-07
-3.425 2.725 3.2536e-07
-3.425 2.775 6.7409e-07
-3.425 2.825 1.4030e-06
-3.425 2.875 2.9353e-06
-3.425 2.925 6.1762e-06
-3.425 2.975 1.3079e-05
-3.425 3.025 2.7897e-05
-3.425 3.075 5.9979e-05
-3.425 3.125 1.3010e-04
-3.425 3.175 2.8500e-04
-3.425 3.225 6.3106e-04
-3.425 3.275 1.4139e-03
-3.425 3.325 3.2079e-03
-3.425 3.375 7.3762e-03
-3.425 3.425 1.7192e-02
-3.425 3.475 4.0596e-02
-3.425 3.525 9.6908e-02
-3.425 3.575 2.3280e-01
-3.425 3.625 5.5795e-01
-3.425 3.675 1.3149e+00
-3.425 3.725 2.9788e+00
-3.425 3.775 6.2692e+00
-3.425 3.825 1.1149e+01
-3.425 3.875 0.0000e+00
-3.425 3.925 0.0000e+00
-3.425 3.975 0.0000e+00
-3.375 -1.975 0.0000e+00
-3.375 -1.925 0.0000e+00
-3.375 -1.875 0.0000e+00
-3.375 -1.825 0.0000e+00
-3.375 -1.775 0.0000e+00
-3.375 -1.725 0.0000e+00
-3.375 -1.675 0.0000e+00
-3.375 -1.625 0.0000e+00
-3.375 -1.575 0.0000e+00
-3.375 -1.525 0.0000e+00
-3.375 -1.475 0.0000e+00
-3.375 -1.425 0.0000e+00
-3.375 -1.375 0.0000e+00
-3.375 -1.325 0.0000e+00
-3.375 -1.275 0.0000e+00
-3.375 -1.225 0.0000e+00
-3.375 -1.175 0.0000e+00
-3.375 -1.125 0.0000e+00
-3.375 -1.075 0.0000e+00
-3.375 -1.025 0.0000e+00
-3.375 -0.975 0.0000e+00
-3.375 -0.925 0.0000e+00
-3.375 -0.875 0.0000e+00
-3.375 -0.825 0.0000e+00
-3.375 -0.775 0.0000e+00
-3.375 -0.725 0.0000e+00
-3.375 -0.675 0.0000e+00
-3.375 -0.625 0.0000e+00
-3.375 -0.575 0.0000e+00
-3.375 -0.525 0.0000e+00
-3.375 -0.475 0.0000e+00
-3.375 -0.425 0.0000e+00
-3.375 -0.375 0.0000e+00
-3.375 -0.325 0.0000e+00
-3.375 -0.275 0.0000e+00
-3.375 -0.225 0.0000e+00
-3.375 -0.175 0.0000e+00
-3.375 -0.125 0.0000e+00
-3.375 -0.075 0.0000e+00
-3.375 -0.025 0.0000e+00
-3.375 0.025 0.0000e+00
-3.375 0.075 0.0000e+00
-3.375 0.125 0.0000e+00
-3.375 0.175 0.0000e+00
-3.375 0.225 0.0000e+00
-3.375 0.275 0.0000e+00
-3.375 0.325 0.0000e+00
-3.375 0.375 0.0000e+00
-3.375 0.425 0.0000e+00
-3.375 0.475 0.0000e+00
-3.375 0.525 0.0000e+00
-3.375 0.575 0.0000e+00
-3.375 0.625 0.0000e+00
-3.375 0.675 0.0000e+00
-3.375 0.725 0.0000e+00
-3.375 0.775 0.0000e+00
-3.375 0.825 0.0000e+00
-3.375 0.875 0.0000e+00
-3.375 0.925 0.0000e+00
-3.375 0.975 0.0000e+00
-3.375 1.025 0.0000e+00
-3.375 1.075 0.0000e+00
-3.375 1.125 0.0000e+00
-3.375 1.175 0.0000e+00
-3.375 1.225 3.0382e-16
-3.375 1.275 6.0692e-16
-3.375 1.325 1.2126e-15
-3.375 1.375 2.4230e-15
-3.375 1.425 4.8427e-15
-3.375 1.475 9.6807e-15
-3.375 1.525 1.9356e-14
-3.375 1.575 3.8713e-14
-3.375 1.625 7.7447e-14
-3.375 1.675 1.5499e-13
-3.375 1.725 3.1028e-13
-3.375 1.775 6.2142e-13
-3.375 1.825 1.2451e-12
-3.375 1.875 2.4961e-12
-3.375 1.925 5.0069e-12
-3.375 1.975 1.0050e-11
-3.375 2.025 2.0186e-11
-3.375 2.075 4.0578e-11
-3.375 2.125 8.1646e-11
-3.375 2.175 1.6445e-10
-3.375 2.225 3.3159e-10
-3.375 2.275 6.6950e-10
-3.375 2.325 1.3537e-09
-3.375 2.375 2.7414e-09
-3.375 2.425 5.5619e-09
-3.375 2.475 1.1307e-08
-3.375 2.525 2.3039e-08
-3.375 2.575 4.7061e-08
-3.375 2.625 9.6404e-08
-3.375 2.675 1.9811e-07
-3.375 2.725 4.0855e-07
-3.375 2.775 8.4585e-07
-3.375 2.825 1.7590e-06
-3.375 2.875 3.6756e-06
-3.375 2.925 7.7226e-06
-3.375 2.975 1.6323e-05
-3.375 3.025 3.4730e-05
-3.375 3.075 7.4431e-05
-3.375 3.125 1.6078e-04
-3.375 3.175 3.5027e-04
-3.375 3.225 7.7002e-04
-3.375 3.275 1.7088e-03
-3.375 3.325 3.8281e-03
-3.375 3.375 8.6532e-03
-3.375 3.425 1.9710e-02
-3.375 3.475 4.5113e-02
-3.375 3.525 1.0325e-01
-3.375 3.575 2.3437e-01
-3.375 3.625 5.2120e-01
-3.375 3.675 1.1155e+00
-3.375 3.725 2.2438e+00
-3.375 3.775 4.1099e+00
-3.375 3.825 6.2785e+00
-3.375 3.875 0.0000e+00
-3.375 3.925 0.0000e+00
-3.375 3.975 0.0000e+00
-3.325 -1.975 0.0000e+00
-3.325 -1.925 0.0000e+00
-3.325 -1.875 0.0000e+00
-3.325 -1.825 0.0000e+00
-3.325 -1.775 0.0000e+00
-3.325 -1.725 0.0000e+00
-3.325 -1.675 0.0000e+00
-3.325 -1.625 0.0000e+00
-3.325 -1.575 0.0000e+00
-3.325 -1.525 0.0000e+00
-3.325 -1.475 0.0000e+00
-3.325 -1.425 0.0000e+00
-3.325 -1.375 0.0000e+00
-3.325 -1.325 0.0000e+00
-3.325 -1.275 0.0000e+00
-3.325 -1.225 0.0000e+00
-3.325 -1.175 0.0000e+00
-3.325 -1.125 0.0000e+00
-3.325 -1.075 0.0000e+00
-3.325 -1.025 0.0000e+00
-3.325 -0.975 0.0000e+00
-3.325 -0.925 0.0000e+00
-3.325 -0.875 0.0000e+00
-3.325 -0.825 0.0000e+00
-3.325 -0.775 0.0000e+00
-3.325 -0.725 0.0000e+00
-3.325 -0.675 0.0000e+00
-3.325 -0.625 0.0000e+00
-3.325 -0.575 0.0000e+00
-3.325 -0.525 0.0000e+00
-3.325 -0.475 0.0000e+00
-3.325 -0.425 0.0000e+00
-3.325 -0.375 0.0000e+00
-3.325 -0.325 0.0000e+00
-3.325 -0.275 0.0000e+00
-3.325 -0.225 0.0000e+00
-3.325 -0.175 0.0000e+00
-3.325 -0.125 0.0000e+00
-3.325 -0.075 0.0000e+00
-3.325 -0.025 0.0000e+00
-3.325 0.025 0.0000e+00
-3.325 0.075 0.0000e+00
-3.325 0.125 0.0000e+00
-3.325 0.175 0.0000e+00
-3.325 0.225 0.0000e+00
-3.325 0.275 0.0000e+00
-3.325 0.325 0.0000e+00
-3.325 0.375 0.0000e+00
-3.325 0.425 0.0000e+00
-3.325 0.475 0.0000e+00
-3.325 0.525 0.0000e+00
-3.325 0.575 0.0000e+00
-3.325 0.625 0.0000e+00
-3.325 0.675 0.0000e+00
-3.325 0.725 0.0000e+00
-3.325 0.775 0.0000e+00
-3.325 0.825 0.0000e+00
-3.325 0.875 0.0000e+00
-3.325 0.925 0.0000e+00
-3.325 0.975 0.0000e+00
-3.325 1.025 0.0000e+00
-3.325 1.075 0.0000e+00
-3.325 1.125 0.0000e+00
-3.325 1.175 0.0000e+00
-3.325 1.225 3.8248e-16
-3.325 1.275 7.6406e-16
-3.325 1.325 1.5265e-15
-3.325 1.375 3.0504e-15
-3.325 1.425 6.0966e-15
-3.325 1.475 1.2187e-14
-3.325 1.525 2.4368e-14
-3.325 1.575 4.8735e-14
-3.325 1.625 9.7498e-14
-3.325 1.675 1.9511e-13
-3.325 1.725 3.9061e-13
-3.325 1.775 7.8229e-13
-3.325 1.825 1.5674e-12
-3.325 1.875 3.1422e-12
-3.325 1.925 6.3028e-12
-3.325 1.975 1.2650e-11
-3.325 2.025 2.5409e-11
-3.325 2.075 5.1077e-11
-3.325 2.125 1.0277e-10
-3.325 2.175 2.0697e-10
-3.325 2.225 4.1732e-10
-3.325 2.275 8.4252e-10
-3.325 2.325 1.7033e-09
-3.325 2.375 3.4491e-09
-3.325 2.425 6.9965e-09
-3.325 2.475 1.4221e-08
-3.325 2.525 2.8967e-08
-3.325 2.575 5.9152e-08
-3.325 2.625 1.2112e-07
-3.325 2.675 2.4877e-07
-3.325 2.725 5.1266e-07
-3.325 2.775 1.0605e-06
-3.325 2.825 2.2028e-06
-3.325 2.875 4.5964e-06
-3.325 2.925 9.6391e-06
-3.325 2.975 2.0325e-05
-3.325 3.025 4.3110e-05
-3.325 3.075 9.2017e-05
-3.325 3.125 1.9772e-04
-3.325 3.175 4.2778e-04
-3.325 3.225 9.3190e-04
-3.325 3.275 2.0433e-03
-3.325 3.325 4.5048e-03
-3.325 3.375 9.9682e-03
-3.325 3.425 2.2068e-02
-3.325 3.475 4.8633e-02
-3.325 3.525 1.0587e-01
-3.325 3.575 2.2516e-01
-3.325 3.625 4.6098e-01
-3.325 3.675 8.9161e-01
-3.325 3.725 1.5936e+00
-3.325 3.775 2.5625e+00
-3.325 3.825 3.4233e+00
-3.325 3.875 0.0000e+00
-3.325 3.925 0.0000e+00
-3.325 3.975 0.0000e+00
-3.275 -1.975 0.0000e+00
-3.275 -1.925 0.0000e+00
-3.275 -1.875 0.0000e+00
-3.275 -1.825 0.0000e+00
-3.275 -1.775 0.0000e+00
-3.275 -1.725 0.0000e+00
-3.275 -1.675 0.0000e+00
-3.275 -1.625 0.0000e+00
-3.275 -1.575 0.0000e+00
-3.275 -1.525 0.0000e+00
-3.275 -1.475 0.0000e+00
-3.275 -1.425 0.0000e+00
-3.275 -1.375 0.0000e+00
-3.275 -1.325 0.0000e+00
-3.275 -1.275 0.0000e+00
-3.275 -1.225 0.0000e+00
-3.275 -1.175 0.0000e+00
-3.275 -1.125 0.0000e+00
-3.275 -1.075 0.0000e+00
-3.275 -1.025 0.0000e+00
-3.275 -0.975 0.0000e+00
-3.275 -0.925 0.0000e+00
-3.275 -0.875 0.0000e+00
-3.275 -0.825 0.0000e+00
-3.275 -0.775 0.0000e+00
-3.275 -0.725 0.0000e+00
-3.275 -0.675 0.0000e+00
-3.275 -0.625 0.0000e+00
-3.275 -0.575 0.0000e+00
-3.275 -0.525 0.0000e+00
-3.275 -0.475 0.0000e+00
-3.275 -0.425 0.0000e+00
-3.275 -0.375 0.0000e+00
-3.275 -0.325 0.0000e+00
-3.275 -0.275 0.0000e+00
-3.275 -0.225 0.0000e+00
-3.275 -0.175 0.0000e+00
-3.275 -0.125 0.0000e+00
-3.275 -0.075 0.0000e+00
-3.275 -0.025 0.0000e+00
-3.275 0.025 0.0000e+00
-3.275 0.075 0.0000e+00
-3.275 0.125 0.0000e+00
-3.275 0.175 0.0000e+00
-3.275 0.225 0.0000e+00
-3.275 0.275 0.0000e+00
-3.275 0.325 0.0000e+00
-3.275 0.375 0.0000e+00
-3.275 0.425 0.0000e+00
-3.275 0.475 0.0000e+00
-3.275 0.525 0.0000e+00
-3.275 0.575 0.0000e+00
-3.275 0.625 0.0000e+00
-3.275 0.675 0.0000e+00
-3.275 0.725 0.0000e+00
-3.275 0.775 0.0000e+00
-3.275 0.825 0.0000e+00
-3.275 0.875 0.0000e+00
-3.275 0.925 0.0000e+00
-3.275 0.975 0.0000e+00
-3.275 1.025 0.0000e+00
-3.275 1.075 0.0000e+00
-3.275 1.125 0.0000e+00
-3.275 1.175 0.0000e+00
-3.275 1.225 4.8152e-16
-3.275 1.275 9.6189e-16
-3.275 1.325 1.9218e-15
-3.275 1.375 3.8402e-15
-3.275 1.425 7.6750e-15
-3.275 1.475 1.5342e-14
-3.275 1.525 3.0677e-14
-3.275 1.575 6.1353e-14
-3.275 1.625 1.2274e-13
-3.275 1.675 2.4563e-13
-3.275 1.725 4.9173e-13
-3.275 1.775 9.8480e-13
-3.275 1.825 1.9732e-12
-3.275 1.875 3.9555e-12
-3.275 1.925 7.9340e-12
-3.275 1.975 1.5924e-11
-3.275 2.025 3.1983e-11
-3.275 2.075 6.4290e-11
-3.275 2.125 1.2934e-10
-3.275 2.175 2.6049e-10
-3.275 2.225 5.2518e-10
-3.275 2.275 1.0601e-09
-3.275 2.325 2.1430e-09
-3.275 2.375 4.3388e-09
-3.275 2.425 8.7994e-09
-3.275 2.475 1.7880e-08
-3.275 2.525 3.6410e-08
-3.275 2.575 7.4319e-08
-3.275 2.625 1.5210e-07
-3.275 2.675 3.1217e-07
-3.275 2.725 6.4277e-07
-3.275 2.775 1.3281e-06
-3.275 2.825 2.7548e-06
-3.275 2.875 5.7377e-06
-3.275 2.925 1.2004e-05
-3.275 2.975 2.5235e-05
-3.275 3.025 5.3315e-05
-3.275 3.075 1.1322e-04
-3.275 3.125 2.4166e-04
-3.275 3.175 5.1831e-04
-3.275 3.225 1.1162e-03
-3.275 3.275 2.4107e-03
-3.275 3.325 5.2100e-03
-3.275 3.375 1.1229e-02
-3.275 3.425 2.4012e-02
-3.275 3.475 5.0578e-02
-3.275 3.525 1.0389e-01
-3.275 3.575 2.0544e-01
-3.275 3.625 3.8499e-01
-3.275 3.675 6.7179e-01
-3.275 3.725 1.0716e+00
-3.275 3.775 1.5306e+00
-3.275 3.825 1.8220e+00
-3.275 3.875 0.0000e+00
-3.275 3.925 0.0000e+00
-3.275 3.975 0.0000e+00
-3.225 -1.975 0.0000e+00
-3.225 -1.925 0.0000e+00
-3.225 -1.875 0.0000e+00
-3.225 -1.825 0.0000e+00
-3.225 -1.775 0.0000e+00
-3.225 -1.725 0.0000e+00
-3.225 -1.675 0.0000e+00
-3.225 -1.625 0.0000e+00
-3.225 -1.575 0.0000e+00
-3.225 -1.525 0.0000e+00
-3.225 -1.475 0.0000e+00
-3.225 -1.425 0.0000e+00
-3.225 -1.375 0.0000e+00
-3.225 -1.325 0.0000e+00
-3.225 -1.275 0.0000e+00
-3.225 -1.225 0.0000e+00
-3.225 -1.175 0.0000e+00
-3.225 -1.125 0.0000e+00
-3.225 -1.075 0.0000e+00
-3.225 -1.025 0.0000e+00
-3.225 -0.975 0.0000e+00
-3.225 -0.925 0.0000e+00
-3.225 -0.875 0.0000e+00
-3.225 -0.825 0.0000e+00
-3.225 -0.775 0.0000e+00
-3.225 -0.725 0.0000e+00
-3.225 -0.675 0.0000e+00
-3.225 -0.625 0.0000e+00
-3.225 -0.575 0.0000e+00
-3.225 -0.525 0.0000e+00
-3.225 -0.475 0.0000e+00
-3.225 -0.425 0.0000e+00
-3.225 -0.375 0.0000e+00
-3.225 -0.325 0.0000e+00
-3.225 -0.275 0.0000e+00
-3.225 -0.225 0.0000e+00
-3.225 -0.175 0.0000e+00
-3.225 -0.125 0.0000e+00
-3.225 -0.075 0.0000e+00
-3.225 -0.025 0.0000e+00
-3.225 0.025 0.0000e+00
-3.225 0.075 0.0000e+00
-3.225 0.125 0.0000e+00
-3.225 0.175 0.0000e+00
-3.225 0.225 0.0000e+00
-3.225 0.275 0.0000e+00
-3.225 0.325 0.0000e+00
-3.225 0.375 0.0000e+00
-3.225 0.425 0.0000e+00
-3.225 0.475 0.0000e+00
-3.225 0.525 0.0000e+00
-3.225 0.575 0.0000e+00
-3.225 0.625 0.0000e+00
-3.225 0.675 0.0000e+00
-3.225 0.725 0.0000e+00
-3.225 0.775 0.0000e+00
-3.225 0.825 0.0000e+00
-3.225 0.875 0.0000e+00
-3.225 0.925 0.0000e+00
-3.225 0.975 0.0000e+00
-3.225 1.025 0.0000e+00
-3.225 1.075 0.0000e+00
-3.225 1.125 0.0000e+00
-3.225 1.175 0.0000e+00
-3.225 1.225 6.0619e-16
-3.225 1.275 1.2109e-15
-3.225 1.325 2.4194e-15
-3.225 1.375 4.8345e-15
-3.225 1.425 9.6622e-15
-3.225 1.475 1.9315e-14
-3.225 1.525 3.8619e-14
-3.225 1.575 7.7237e-14
-3.225 1.625 1.5452e-13
-3.225 1.675 3.0922e-13
-3.225 1.725 6.1902e-13
-3.225 1.775 1.2397e-12
-3.225 1.825 2.4839e-12
-3.225 1.875 4.9792e-12
-3.225 1.925 9.9871e-12
-3.225 1.975 2.0044e-11
-3.225 2.025 4.0257e-11
-3.225 2.075 8.0917e-11
-3.225 2.125 1.6278e-10
-3.225 2.175 3.2781e-10
-3.225 2.225 6.6084e-10
-3.225 2.275 1.3338e-09
-3.225 2.325 2.6958e-09
-3.225 2.375 5.4569e-09
-3.225 2.425 1.1064e-08
-3.225 2.475 2.2475e-08
-3.225 2.525 4.5747e-08
-3.225 2.575 9.3327e-08
-3.225 2.625 1.9087e-07
-3.225 2.675 3.9141e-07
-3.225 2.725 8.0503e-07
-3.225 2.775 1.6611e-06
-3.225 2.825 3.4392e-06
-3.225 2.875 7.1467e-06
-3.225 2.925 1.4908e-05
-3.225 2.975 3.1219e-05
-3.225 3.025 6.5629e-05
-3.225 3.075 1.3847e-04
-3.225 3.125 2.9309e-04
-3.225 3.175 6.2174e-04
-3.225 3.225 1.3199e-03
-3.225 3.275 2.7973e-03
-3.225 3.325 5.8979e-03
-3.225 3.375 1.2309e-02
-3.225 3.425 2.5253e-02
-3.225 3.475 5.0460e-02
-3.225 3.525 9.7076e-02
-3.225 3.575 1.7738e-01
-3.225 3.625 3.0332e-01
-3.225 3.675 4.7826e-01
-3.225 3.725 6.8596e-01
-3.225 3.775 8.8218e-01
-3.225 3.825 9.5282e-01
-3.225 3.875 0.0000e+00
-3.225 3.925 0.0000e+00
-3.225 3.975 0.0000e+00
-3.175 -1.975 0.0000e+00
-3.175 -1.925 0.0000e+00
-3.175 -1.875 0.0000e+00
-3.175 -1.825 0.0000e+00
-3.175 -1.775 0.0000e+00
-3.175 -1.725 0.0000e+00
-3.175 -1.675 0.0000e+00
-3.175 -1.625 0.0000e+00
-3.175 -1.575 0.0000e+00
-3.175 -1.525 0.0000e+00
-3.175 -1.475 0.0000e+00
-3.175 -1.425 0.0000e+00
-3.175 -1.375 0.0000e+00
-3.175 -1.325 0.0000e+00
-3.175 -1.275 0.0000e+00
-3.175 -1.225 0.0000e+00
-3.175 -1.175 0.0000e+00
-3.175 -1.125 0.0000e+00
-3.175 -1.075 0.0000e+00
-3.175 -1.025 0.0000e+00
-3.175 -0.975 0.0000e+00
-3.175 -0.925 0.0000e+00
-3.175 -0.875 0.0000e+00
-3.175 -0.825 0.0000e+00
-3.175 -0.775 0.0000e+00
-3.175 -0.725 0.0000e+00
-3.175 -0.675 0.0000e+00
-3.175 -0.625 0.0000e+00
-3.175 -0.575 0.0000e+00
-3.175 -0.525 0.0000e+00
-3.175 -0.475 0.0000e+00
-3.175 -0.425 0.0000e+00
-3.175 -0.375 0.0000e+00
-3.175 -0.325 0.0000e+00
-3.175 -0.275 0.0000e+00
-3.175 -0.225 0.0000e+00
-3.175 -0.175 0.0000e+00
-3.175 -0.125 0.0000e+00
-3.175 -0.075 0.0000e+00
-3.175 -0.025 0.0000e+00
-3.175 0.025 0.0000e+00
-3.175 0.075 0.0000e+00
-3.175 0.125 0.0000e+00
-3.175 0.175 0.0000e+00
-3.175 0.225 0.0000e+00
-3.175 0.275 0.0000e+00
-3.175 0.325 0.0000e+00
-3.175 0.375 0.0000e+00
-3.175 0.425 0.0000e+00
-3.175 0.475 0.0000e+00
-3.175 0.525 0.0000e+00
-3.175 0.575 0.0000e+00
-3.175 0.625 0.0000e+00
-3.175 0.675 0.0000e+00
-3.175 0.725 0.0000e+00
-3.175 0.775 0.0000e+00
-3.175 0.825 0.0000e+00
-3.175 0.875 0.0000e+00
-3.175 0.925 0.0000e+00
-3.175 0.975 0.0000e+00
-3.175 1.025 0.0000e+00
-3.175 1.075 0.0000e+00
-3.175 1.125 0.0000e+00
-3.175 1.175 0.0000e+00
-3.175 1.225 7.6315e-16
-3.175 1.275 1.5245e-15
-3.175 1.325 3.0458e-15
-3.175 1.375 6.0862e-15
-3.175 1.425 1.2164e-14
-3.175 1.475 2.4315e-14
-3.175 1.525 4.8617e-14
-3.175 1.575 9.7233e-14
-3.175 1.625 1.9452e-13
-3.175 1.675 3.8926e-13
-3.175 1.725 7.7925e-13
-3.175 1.775 1.5606e-12
-3.175 1.825 3.1267e-12
-3.175 1.875 6.2677e-12
-3.175 1.925 1.2571e-11
-3.175 1.975 2.5229e-11
-3.175 2.025 5.0668e-11
-3.175 2.075 1.0184e-10
-3.175 2.125 2.0486e-10
-3.175 2.175 4.1248e-10
-3.175 2.225 8.3143e-10
-3.175 2.275 1.6779e-09
-3.175 2.325 3.3905e-09
-3.175 2.375 6.8613e-09
-3.175 2.425 1.3907e-08
-3.175 2.475 2.8238e-08
-3.175 2.525 5.7448e-08
-3.175 2.575 1.1712e-07
-3.175 2.625 2.3932e-07
-3.175 2.675 4.9024e-07
-3.175 2.725 1.0069e-06
-3.175 2.775 2.0739e-06
-3.175 2.825 4.2843e-06
-3.175 2.875 8.8769e-06
-3.175 2.925 1.8448e-05
-3.175 2.975 3.8445e-05
-3.175 3.025 8.0315e-05
-3.175 3.075 1.6809e-04
-3.175 3.125 3.5202e-04
-3.175 3.175 7.3653e-04
-3.175 3.225 1.5357e-03
-3.175 3.275 3.1797e-03
-3.175 3.325 6.5051e-03
-3.175 3.375 1.3063e-02
-3.175 3.425 2.5527e-02
-3.175 3.475 4.8040e-02
-3.175 3.525 8.6016e-02
-3.175 3.575 1.4465e-01
-3.175 3.625 2.2564e-01
-3.175 3.675 3.2297e-01
-3.175 3.725 4.2058e-01
-3.175 3.775 4.9385e-01
-3.175 3.825 4.9205e-01
-3.175 3.875 0.0000e+00
-3.175 3.925 0.0000e+00
-3.175 3.975 0.0000e+00
-3.125 -1.975 0.0000e+00
-3.125 -1.925 0.0000e+00
-3.125 -1.875 0.0000e+00
-3.125 -1.825 0.0000e+00
-3.125 -1.775 0.0000e+00
-3.125 -1.725 0.0000e+00
-3.125 -1.675 0.0000e+00
-3.125 -1.625 0.0000e+00
-3.125 -1.575 0.0000e+00
-3.125 -1.525 0.0000e+00
-3.125 -1.475 0.0000e+00
-3.125 -1.425 0.0000e+00
-3.125 -1.375 0.0000e+00
-3.125 -1.325 0.0000e+00
-3.125 -1.275 0.0000e+00
-3.125 -1.225 0.0000e+00
-3.125 -1.175 0.0000e+00
-3.125 -1.125 0.0000e+00
-3.125 -1.075 0.0000e+00
-3.125 -1.025 0.0000e+00
-3.125 -0.975 0.0000e+00
-3.125 -0.925 0.0000e+00
-3.125 -0.875 0.0000e+00
-3.125 -0.825 0.0000e+00
-3.125 -0.775 0.0000e+00
-3.125 -0.725 0.0000e+00
-3.125 -0.675 0.0000e+00
-3.125 -0.625 0.0000e+00
-3.125 -0.575 0.0000e+00
-3.125 -0.525 0.0000e+00
-3.125 -0.475 0.0000e+00
-3.125 -0.425 0.0000e+00
-3.125 -0.375 0.0000e+00
-3.125 -0.325 0.0000e+00
-3.125 -0.275 0.0000e+00
-3.125 -0.225 0.0000e+00
-3.125 -0.175 0.0000e+00
-3.125 -0.125 0.0000e+00
-3.125 -0.075 0.0000e+00
-3.125 -0.025 0.0000e+00
-3.125 0.025 0.0000e+00
-3.125 0.075 0.0000e+00
-3.125 0.125 0.0000e+00
-3.125 0.175 0.0000e+00
-3.125 0.225 0.0000e+00
-3.125 0.275 0.0000e+00
-3.125 0.325 0.0000e+00
-3.125 0.375 0.0000e+00
-3.125 0.425 0.0000e+00
-3.125 0.475 0.0000e+00
-3.125 0.525 0.0000e+00
-3.125 0.575 0.0000e+00
-3.125 0.625 0.0000e+00
-3.125 0.675 0.0000e+00
-3.125 0.725 0.0000e+00
-3.125 0.775 0.0000e+00
-3.125 0.825 0.0000e+00
-3.125 0.875 0.0000e+00
-3.125 0.925 0.0000e+00
-3.125 0.975 0.0000e+00
-3.125 1.025 0.0000e+00
-3.125 1.075 0.0000e+00
-3.125 1.125 0.0000e+00
-3.125 1.175 0.0000e+00
-3.125 1.225 9.6074e-16
-3.125 1.275 1.9192e-15
-3.125 1.325 3.8344e-15
-3.125 1.375 7.6619e-15
-3.125 1.425 1.5313e-14
-3.125 1.475 3.0611e-14
-3.125 1.525 6.1204e-14
-3.125 1.575 1.2240e-13
-3.125 1.625 2.4487e-13
-3.125 1.675 4.9002e-13
-3.125 1.725 9.8094e-13
-3.125 1.775 1.9645e-12
-3.125 1.825 3.9359e-12
-3.125 1.875 7.8894e-12
-3.125 1.925 1.5823e-11
-3.125 1.975 3.1754e-11
-3.125 2.025 6.3768e-11
-3.125 2.075 1.2816e-10
-3.125 2.125 2.5777e-10
-3.125 2.175 5.1897e-10
-3.125 2.225 1.0459e-09
-3.125 2.275 2.1103e-09
-3.125 2.325 4.2632e-09
-3.125 2.375 8.6244e-09
-3.125 2.425 1.7474e-08
-3.125 2.475 3.5461e-08
-3.125 2.525 7.2094e-08
-3.125 2.575 1.4686e-07
-3.125 2.625 2.9976e-07
-3.125 2.675 6.1321e-07
-3.125 2.725 1.2573e-06
-3.125 2.775 2.5839e-06
-3.125 2.825 5.3224e-06
-3.125 2.875 1.0987e-05
-3.125 2.925 2.2725e-05
-3.125 2.975 4.7071e-05
-3.125 3.025 9.7561e-05
-3.125 3.075 2.0210e-04
-3.125 3.125 4.1767e-04
-3.125 3.175 8.5898e-04
-3.125 3.225 1.7517e-03
-3.125 3.275 3.5248e-03
-3.125 3.325 6.9545e-03
-3.125 3.375 1.3346e-02
-3.125 3.425 2.4670e-02
-3.125 3.475 4.3449e-02
-3.125 3.525 7.2076e-02
-3.125 3.575 1.1139e-01
-3.125 3.625 1.5891e-01
-3.125 3.675 2.0791e-01
-3.125 3.725 2.4851e-01
-3.125 3.775 2.7006e-01
-3.125 3.825 2.5186e-01
-3.125 3.875 0.0000e+00
-3.125 3.925 0.0000e+00
-3.125 3.975 0.0000e+00
-3.075 -1.975 0.0000e+00
-3.075 -1.925 0.0000e+00
-3.075 -1.875 0.0000e+00
-3.075 -1.825 0.0000e+00
-3.075 -1.775 0.0000e+00
-3.075 -1.725 0.0000e+00
-3.075 -1.675 0.0000e+00
-3.075 -1.625 0.0000e+00
-3.075 -1.575 0.0000e+00
-3.075 -1.525 0.0000e+00
-3.075 -1.475 0.0000e+00
-3.075 -1.425 0.0000e+00
-3.075 -1.375 0.0000e+00
-3.075 -1.325 0.0000e+00
-3.075 -1.275 0.0000e+00
-3.075 -1.225 0.0000e+00
-3.075 -1.175 0.0000e+00
-3.075 -1.125 0.0000e+00
-3.075 -1.075 0.0000e+00
-3.075 -1.025 0.0000e+00
-3.075 -0.975 0.0000e+00
-3.075 -0.925 0.0000e+00
-3.075 -0.875 0.0000e+00
-3.075 -0.825 0.0000e+00
-3.075 -0.775 0.0000e+00
-3.075 -0.725 0.0000e+00
-3.075 -0.675 0.0000e+00
-3.075 -0.625 0.0000e+00
-3.075 -0.575 0.0000e+00
-3.075 -0.525 0.0000e+00
-3.075 -0.475 0.0000e+00
-3.075 -0.425 0.0000e+00
-3.075 -0.375 0.0000e+00
-3.075 -0.325 0.0000e+00
-3.075 -0.275 0.0000e+00
-3.075 -0.225 0.0000e+00
-3.075 -0.175 0.0000e+00
-3.075 -0.125 0.0000e+00
-3.075 -0.075 0.0000e+00
-3.075 -0.025 0.0000e+00
-3.075 0.025 0.0000e+00
-3.075 0.075 0.0000e+00
-3.075 0.125 0.0000e+00
-3.075 0.175 0.0000e+00
-3.075 0.225 0.0000e+00
-3.075 0.275 0.0000e+00
-3.075 0.325 0.0000e+00
-3.075 0.375 0.0000e+00
-3.075 0.425 0.0000e+00
-3.075 0.475 0.0000e+00
-3.075 0.525 0.0000e+00
-3.075 0.575 0.0000e+00
-3.075 0.625 0.0000e+00
-3.075 0.675 0.0000e+00
-3.075 0.725 0.0000e+00
-3.075 0.775 0.0000e+00
-3.075 0.825 0.0000e+00
-3.075 0.875 0.0000e+00
-3.075 0.925 0.0000e+00
-3.075 0.975 0.0000e+00
-3.075 1.025 0.0000e+00
-3.075 1.075 0.0000e+00
-3.075 1.125 0.0000e+00
-3.075 1.175 0.0000e+00
-3.075 1.225 1.2095e-15
-3.075 1.275 2.4161e-15
-3.075 1.325 4.8271e-15
-3.075 1.375 9.6456e-15
-3.075 1.425 1.9277e-14
-3.075 1.475 3.8535e-14
-3.075 1.525 7.7048e-14
-3.075 1.575 1.5409e-13
-3.075 1.625 3.0826e-13
-3.075 1.675 6.1685e-13
-3.075 1.725 1.2348e-12
-3.075 1.775 2.4728e-12
-3.075 1.825 4.9542e-12
-3.075 1.875 9.9303e-12
-3.075 1.925 1.9915e-11
-3.075 1.975 3.9964e-11
-3.075 2.025 8.0249e-11
-3.075 2.075 1.6126e-10
-3.075 2.125 3.2432e-10
-3.075 2.175 6.5284e-10
-3.075 2.225 1.3154e-09
-3.075 2.275 2.6534e-09
-3.075 2.325 5.3587e-09
-3.075 2.375 1.0836e-08
-3.075 2.425 2.1943e-08
-3.075 2.475 4.4503e-08
-3.075 2.525 9.0401e-08
-3.075 2.575 1.8395e-07
-3.075 2.625 3.7497e-07
-3.075 2.675 7.6575e-07
-3.075 2.725 1.5666e-06
-3.075 2.775 3.2104e-06
-3.075 2.825 6.5891e-06
-3.075 2.875 1.3539e-05
-3.075 2.925 2.7837e-05
-3.075 2.975 5.7215e-05
-3.075 3.025 1.1741e-04
-3.075 3.075 2.4012e-04
-3.075 3.125 4.8809e-04
-3.075 3.175 9.8265e-04
-3.075 3.225 1.9501e-03
-3.075 3.275 3.7915e-03
-3.075 3.325 7.1675e-03
-3.075 3.375 1.3056e-02
-3.075 3.425 2.2685e-02
-3.075 3.475 3.7209e-02
-3.075 3.525 5.7053e-02
-3.075 3.575 8.1116e-02
-3.075 3.625 1.0636e-01
-3.075 3.675 1.2829e-01
-3.075 3.725 1.4233e-01
-3.075 3.775 1.4496e-01
-3.075 3.825 1.2811e-01
-3.075 3.875 0.0000e+00
-3.075 3.925 0.0000e+00
-3.075 3.975 0.0000e+00
-3.025 -1.975 0.0000e+00
-3.025 -1.925 0.0000e+00
-3.025 -1.875 0.0000e+00
-3.025 -1.825 0.0000e+00
-3.025 -1.775 0.0000e+00
-3.025 -1.725 0.0000e+00
-3.025 -1.675 0.0000e+00
-3.025 -1.625 0.0000e+00
-3.025 -1.575 0.0000e+00
-3.025 -1.525 0.0000e+00
-3.025 -1.475 0.0000e+00
-3.025 -1.425 0.0000e+00
-3.025 -1.375 0.0000e+00
-3.025 -1.325 0.0000e+00
-3.025 -1.275 0.0000e+00
-3.025 -1.225 0.0000e+00
-3.025 -1.175 0.0000e+00
-3.025 -1.125 0.0000e+00
-3.025 -1.075 0.0000e+00
-3.025 -1.025 0.0000e+00
-3.025 -0.975 0.0000e+00
-3.025 -0.925 0.0000e+00
-3.025 -0.875 0.0000e+00
-3.025 -0.825 0.0000e+00
-3.025 -0.775 0.0000e+00
-3.025 -0.725 0.0000e+00
-3.025 -0.675 0.0000e+00
-3.025 -0.625 0.0000e+00
-3.025 -0.575 0.0000e+00
-3.025 -0.525 0.0000e+00
-3.025 -0.475 0.0000e+00
-3.025 -0.425 0.0000e+00
-3.025 -0.375 0.0000e+00
-3.025 -0.325 0.0000e+00
-3.025 -0.275 0.0000e+00
-3.025 -0.225 0.0000e+00
-3.025 -0.175 0.0000e+00
-3.025 -0.125 0.0000e+00
-3.025 -0.075 0.0000e+00
-3.025 -0.025 0.0000e+00
-3.025 0.025 0.0000e+00
-3.025 0.075 0.0000e+00
-3.025 0.125 0.0000e+00
-3.025 0.175 0.0000e+00
-3.025 0.225 0.0000e+00
-3.025 0.275 0.0000e+00
-3.025 0.325 0.0000e+00
-3.025 0.375 0.0000e+00
-3.025 0.425 0.0000e+00
-3.025 0.475 0.0000e+00
-3.025 0.525 0.0000e+00
-3.025 0.575 0.0000e+00
-3.025 0.625 0.0000e+00
-3.025 0.675 0.0000e+00
-3.025 0.725 0.0000e+00
-3.025 0.775 0.0000e+00
-3.025 0.825 0.0000e+00
-3.025 0.875 0.0000e+00
-3.025 0.925 0.0000e+00
-3.025 0.975 0.0000e+00
-3.025 1.025 0.0000e+00
-3.025 1.075 0.0000e+00
-3.025 1.125 0.0000e+00
-3.025 1.175 0.0000e+00
-3.025 1.225 1.5226e-15
-3.025 1.275 3.0416e-15
-3.025 1.325 6.0768e-15
-3.025 1.375 1.2143e-14
-3.025 1.425 2.4268e-14
-3.025 1.475 4.8511e-14
-3.025 1.525 9.6993e-14
-3.025 1.575 1.9398e-13
-3.025 1.625 3.8804e-13
-3.025 1.675 7.7650e-13
-3.025 1.725 1.5544e-12
-3.025 1.775 3.1126e-12
-3.025 1.825 6.2358e-12
-3.025 1.875 1.2498e-11
-3.025 1.925 2.5064e-11
-3.025 1.975 5.0292e-11
-3.025 2.025 1.0098e-10
-3.025 2.075 2.0289e-10
-3.025 2.125 4.0798e-10
-3.025 2.175 8.2108e-10
-3.025 2.225 1.6540e-09
-3.025 2.275 3.3353e-09
-3.025 2.325 6.7331e-09
-3.025 2.375 1.3608e-08
-3.025 2.425 2.7539e-08
-3.025 2.475 5.5805e-08
-3.025 2.525 1.1324e-07
-3.025 2.575 2.3011e-07
-3.025 2.625 4.6827e-07
-3.025 2.675 9.5420e-07
-3.025 2.725 1.9467e-06
-3.025 2.775 3.9752e-06
-3.025 2.825 8.1217e-06
-3.025 2.875 1.6591e-05
-3.025 2.925 3.3855e-05
-3.025 2.975 6.8913e-05
-3.025 3.025 1.3966e-04
-3.025 3.075 2.8108e-04
-3.025 3.125 5.5974e-04
-3.025 3.175 1.0979e-03
-3.025 3.225 2.1085e-03
-3.025 3.275 3.9361e-03
-3.025 3.325 7.0825e-03
-3.025 3.375 1.2169e-02
-3.025 3.425 1.9775e-02
-3.025 3.475 3.0120e-02
-3.025 3.525 4.2690e-02
-3.025 3.575 5.6032e-02
-3.025 3.625 6.7981e-02
-3.025 3.675 7.6309e-02
-3.025 3.725 7.9445e-02
-3.025 3.775 7.6677e-02
-3.025 3.825 6.4887e-02
-3.025 3.875 0.0000e+00
-3.025 3.925 0.0000e+00
-3.025 3.975 0.0000e+00
-2.975 -1.975 0.0000e+00
-2.975 -1.925 0.0000e+00
-2.975 -1.875 0.0000e+00
-2.975 -1.825 0.0000e+00
-2.975 -1.775 0.0000e+00
-2.975 -1.725 0.0000e+00
-2.975 -1.675 0.0000e+00
-2.975 -1.625 0.0000e+00
-2.975 -1.575 0.0000e+00
-2.975 -1.525 0.0000e+00
-2.975 -1.475 0.0000e+00
-2.975 -1.425 0.0000e+00
-2.975 -1.375 0.0000e+00
-2.975 -1.325 0.0000e+00
-2.975 -1.275 0.0000e+00
-2.975 -1.225 0.0000e+00
-2.975 -1.175 0.0000e+00
-2.975 -1.125 0.0000e+00
-2.975 -1.075 0.0000e+00
-2.975 -1.025 0.0000e+00
-2.975 -0.975 0.0000e+00
-2.975 -0.925 0.0000e+00
-2.975 -0.875 0.0000e+00
-2.975 -0.825 0.0000e+00
-2.975 -0.775 0.0000e+00
-2.975 -0.725 0.0000e+00
-2.975 -0.675 0.0000e+00
-2.975 -0.625 0.0000e+00
-2.975 -0.575 0.0000e+00
-2.975 -0.525 0.0000e+00
-2.975 -0.475 0.0000e+00
-2.975 -0.425 0.0000e+00
-2.975 -0.375 0.0000e+00
-2.975 -0.325 0.0000e+00
-2.975 -0.275 0.0000e+00
-2.975 -0.225 0.0000e+00
-2.975 -0.175 0.0000e+00
-2.975 -0.125 0.0000e+00
-2.975 -0.075 0.0000e+00
-2.975 -0.025 0.0000e+00
-2.975 0.025 0.0000e+00
-2.975 0.075 0.0000e+00
-2.975 0.125 0.0000e+00
-2.975 0.175 0.0000e+00
-2.975 0.225 0.0000e+00
-2.975 0.275 0.0000e+00
-2.975 0.325 0.0000e+00
-2.975 0.375 0.0000e+00
-2.975 0.425 0.0000e+00
-2.975 0.475 0.0000e+00
-2.975 0.525 0.0000e+00
-2.975 0.575 0.0000e+00
-2.975 0.625 0.0000e+00
-2.975 0.675 0.0000e+00
-2.975 0.725 0.0000e+00
-2.975 0.775 0.0000e+00
-2.975 0.825 0.0000e+00
-2.975 0.875 0.0000e+00
-2.975 0.925 0.0000e+00
-2.975 0.975 0.0000e+00
-2.975 1.025 0.0000e+00
-2.975 1.075 0.0000e+00
-2.975 1.125 0.0000e+00
-2.975 1.175 0.0000e+00
-2.975 1.225 1.9168e-15
-2.975 1.275 3.8291e-15
-2.975 1.325 7.6501e-15
-2.975 1.375 1.5286e-14
-2.975 1.425 3.0551e-14
-2.975 1.475 6.1069e-14
-2.975 1.525 1.2210e-13
-2.975 1.575 2.4418e-13
-2.975 1.625 4.8847e-13
-2.975 1.675 9.7743e-13
-2.975 1.725 1.9565e-12
-2.975 1.775 3.9178e-12
-2.975 1.825 7.8485e-12
-2.975 1.875 1.5730e-11
-2.975 1.925 3.1542e-11
-2.975 1.975 6.3284e-11
-2.975 2.025 1.2705e-10
-2.975 2.075 2.5523e-10
-2.975 2.125 5.1312e-10
-2.975 2.175 1.0324e-09
-2.975 2.225 2.0791e-09
-2.975 2.275 4.1907e-09
-2.975 2.325 8.4556e-09
-2.975 2.375 1.7079e-08
-2.975 2.425 3.4533e-08
-2.975 2.475 6.9905e-08
-2.975 2.525 1.4166e-07
-2.975 2.575 2.8739e-07
-2.975 2.625 5.8357e-07
-2.975 2.675 1.1859e-06
-2.975 2.725 2.4108e-06
-2.975 2.775 4.9010e-06
-2.975 2.825 9.9555e-06
-2.975 2.875 2.0187e-05
-2.975 2.925 4.0805e-05
-2.975 2.975 8.2056e-05
-2.975 3.025 1.6373e-04
-2.975 3.075 3.2303e-04
-2.975 3.125 6.2730e-04
-2.975 3.175 1.1922e-03
-2.975 3.225 2.2023e-03
-2.975 3.275 3.9222e-03
-2.975 3.325 6.6762e-03
-2.975 3.375 1.0764e-02
-2.975 3.425 1.6304e-02
-2.975 3.475 2.3045e-02
-2.975 3.525 3.0263e-02
-2.975 3.575 3.6868e-02
-2.975 3.625 4.1717e-02
-2.975 3.675 4.3994e-02
-2.975 3.725 4.3413e-02
-2.975 3.775 4.0093e-02
-2.975 3.825 3.2765e-02
-2.975 3.875 0.0000e+00
-2.975 3.925 0.0000e+00
-2.975 3.975 0.0000e+00
-2.925 -1.975 0.0000e+00
-2.925 -1.925 0.0000e+00
-2.925 -1.875 0.0000e+00
-2.925 -1.825 0.0000e+00
-2.925 -1.775 0.0000e+00
-2.925 -1.725 0.0000e+00
-2.925 -1.675 0.0000e+00
-2.925 -1.625 0.0000e+00
-2.925 -1.575 0.0000e+00
-2.925 -1.525 0.0000e+00
-2.925 -1.475 0.0000e+00
-2.925 -1.425 0.0000e+00
-2.925 -1.375 0.0000e+00
-2.925 -1.325 0.0000e+00
-2.925 -1.275 0.0000e+00
-2.925 -1.225 0.0000e+00
-2.925 -1.175 0.0000e+00
-2.925 -1.125 0.0000e+00
-2.925 -1.075 0.0000e+00
-2.925 -1.025 0.0000e+00
-2.925 -0.975 0.0000e+00
-2.925 -0.925 0.0000e+00
-2.925 -0.875 0.0000e+00
-2.925 -0.825 0.0000e+00
-2.925 -0.775 0.0000e+00
-2.925 -0.725 0.0000e+00
-2.925 -0.675 0.0000e+00
-2.925 -0.625 0.0000e+00
-2.925 -0.575 0.0000e+00
-2.925 -0.525 0.0000e+00
-2.925 -0.475 0.0000e+00
-2.925 -0.425 0.0000e+00
-2.925 -0.375 0.0000e+00
-2.925 -0.325 0.0000e+00
-2.925 -0.275 0.0000e+00
-2.925 -0.225 0.0000e+00
-2.925 -0.175 0.0000e+00
-2.925 -0.125 0.0000e+00
-2.925 -0.075 0.0000e+00
-2.925 -0.025 0.0000e+00
-2.925 0.025 0.0000e+00
-2.925 0.075 0.0000e+00
-2.925 0.125 0.0000e+00
-2.925 0.175 0.0000e+00
-2.925 0.225 0.0000e+00
-2.925 0.275 0.0000e+00
-2.925 0.325 0.0000e+00
-2.925 0.375 0.0000e+00
-2.925 0.425 0.0000e+00
-2.925 0.475 0.0000e+00
-2.925 0.525 0.0000e+00
-2.925 0.575 0.0000e+00
-2.925 0.625 0.0000e+00
-2.925 0.675 0.0000e+00
-2.925 0.725 0.0000e+00
-2.925 0.775 0.0000e+00
-2.925 0.825 0.0000e+00
-2.925 0.875 0.0000e+00
-2.925 0.925 0.0000e+00
-2.925 0.975 0.0000e+00
-2.925 1.025 0.0000e+00
-2.925 1.075 0.0000e+00
-2.925 1.125 0.0000e+00
-2.925 1.175 0.0000e+00
-2.925 1.225 2.4131e-15
-2.925 1.275 4.8204e-15
-2.925 1.325 9.6306e-15
-2.925 1.375 1.9244e-14
-2.925 1.425 3.8459e-14
-2.925 1.475 7.6877e-14
-2.925 1.525 1.5370e-13
-2.925 1.575 3.0738e-13
-2.925 1.625 6.1487e-13
-2.925 1.675 1.2303e-12
-2.925 1.725 2.4626e-12
-2.925 1.775 4.9311e-12
-2.925 1.825 9.8777e-12
-2.925 1.875 1.9795e-11
-2.925 1.925 3.9690e-11
-2.925 1.975 7.9621e-11
-2.925 2.025 1.5982e-10
-2.925 2.075 3.2101e-10
-2.925 2.125 6.4519e-10
-2.925 2.175 1.2977e-09
-2.925 2.225 2.6123e-09
-2.925 2.275 5.2629e-09
-2.925 2.325 1.0612e-08
-2.925 2.375 2.1417e-08
-2.925 2.425 4.3260e-08
-2.925 2.475 8.7454e-08
-2.925 2.525 1.7693e-07
-2.925 2.575 3.5817e-07
-2.925 2.625 7.2532e-07
-2.925 2.675 1.4688e-06
-2.925 2.725 2.9729e-06
-2.925 2.775 6.0094e-06
-2.925 2.825 1.2119e-05
-2.925 2.875 2.4347e-05
-2.925 2.925 4.8630e-05
-2.925 2.975 9.6318e-05
-2.925 3.025 1.8851e-04
-2.925 3.075 3.6297e-04
-2.925 3.125 6.8373e-04
-2.925 3.175 1.2517e-03
-2.925 3.225 2.2100e-03
-2.925 3.275 3.7322e-03
-2.925 3.325 5.9781e-03
-2.925 3.375 9.0121e-03
-2.925 3.425 1.2707e-02
-2.925 3.475 1.6691e-02
-2.925 3.525 2.0397e-02
-2.925 3.575 2.3220e-02
-2.925 3.625 2.4711e-02
-2.925 3.675 2.4708e-02
-2.925 3.725 2.3318e-02
-2.925 3.775 2.0775e-02
-2.925 3.825 1.6510e-02
-2.925 3.875 0.0000e+00
-2.925 3.925 0.0000e+00
-2.925 3.975 0.0000e+00
-2.875 -1.975 0.0000e+00
-2.875 -1.925 0.0000e+00
-2.875 -1.875 0.0000e+00
-2.875 -1.825 0.0000e+00
-2.875 -1.775 0.0000e+00
-2.875 -1.725 0.0000e+00
-2.875 -1.675 0.0000e+00
-2.875 -1.625 0.0000e+00
-2.875 -1.575 0.0000e+00
-2.875 -1.525 0.0000e+00
-2.875 -1.475 0.0000e+00
-2.875 -1.425 0.0000e+00
-2.875 -1.375 0.0000e+00
-2.875 -1.325 0.0000e+00
-2.875 -1.275 0.0000e+00
-2.875 -1.225 0.0000e+00
-2.875 -1.175 0.0000e+00
-2.875 -1.125 0.0000e+00
-2.875 -1.075 0.0000e+00
-2.875 -1.025 0.0000e+00
-2.875 -0.975 0.0000e+00
-2.875 -0.925 0.0000e+00
-2.875 -0.875 0.0000e+00
-2.875 -0.825 0.0000e+00
-2.875 -0.775 0.0000e+00
-2.875 -0.725 0.0000e+00
-2.875 -0.675 0.0000e+00
-2.875 -0.625 0.0000e+00
-2.875 -0.575 0.0000e+00
-2.875 -0.525 0.0000e+00
-2.875 -0.475 0.0000e+00
-2.875 -0.425 0.0000e+00
-2.875 -0.375 0.0000e+00
-2.875 -0.325 0.0000e+00
-2.875 -0.275 0.0000e+00
-2.875 -0.225 0.0000e+00
-2.875 -0.175 0.0000e+00
-2.875 -0.125 0.0000e+00
-2.875 -0.075 0.0000e+00
-2.875 -0.025 0.0000e+00
-2.875 0.025 0.0000e+00
-2.875 0.075 0.0000e+00
-2.875 0.125 0.0000e+00
-2.875 0.175 0.0000e+00
-2.875 0.225 0.0000e+00
-2.875 0.275 0.0000e+00
-2.875 0.325 0.0000e+00
-2.875 0.375 0.0000e+00
-2.875 0.425 0.0000e+00
-2.875 0.475 0.0000e+00
-2.875 0.525 0.0000e+00
-2.875 0.575 0.0000e+00
-2.875 0.625 0.0000e+00
-2.875 0.675 0.0000e+00
-2.875 0.725 0.0000e+00
-2.875 0.775 0.0000e+00
-2.875 0.825 0.0000e+00
-2.875 0.875 0.0000e+00
-2.875 0.925 0.0000e+00
-2.875 0.975 0.0000e+00
-2.875 1.025 0.0000e+00
-2.875 1.075 0.0000e+00
-2.875 1.125 0.0000e+00
-2.875 1.175 0.0000e+00
-2.875 1.225 3.0379e-15
-2.875 1.275 6.0684e-15
-2.875 1.325 1.2124e-14
-2.875 1.375 2.4225e-14
-2.875 1.425 4.8414e-14
-2.875 1.475 9.6775e-14
-2.875 1.525 1.9348e-13
-2.875 1.575 3.8692e-13
-2.875 1.625 7.7396e-13
-2.875 1.675 1.5486e-12
-2.875 1.725 3.0995e-12
-2.875 1.775 6.2060e-12
-2.875 1.825 1.2431e-11
-2.875 1.875 2.4909e-11
-2.875 1.925 4.9936e-11
-2.875 1.975 1.0016e-10
-2.875 2.025 2.0101e-10
-2.875 2.075 4.0363e-10
-2.875 2.125 8.1101e-10
-2.875 2.175 1.6306e-09
-2.875 2.225 3.2807e-09
-2.875 2.275 6.6052e-09
-2.875 2.325 1.3308e-08
-2.875 2.375 2.6829e-08
-2.875 2.425 5.4122e-08
-2.875 2.475 1.0923e-07
-2.875 2.525 2.2052e-07
-2.875 2.575 4.4521e-07
-2.875 2.625 8.9850e-07
-2.875 2.675 1.8116e-06
-2.875 2.725 3.6462e-06
-2.875 2.775 7.3179e-06
-2.875 2.825 1.4624e-05
-2.875 2.875 2.9038e-05
-2.875 2.925 5.7145e-05
-2.875 2.975 1.1107e-04
-2.875 3.025 2.1230e-04
-2.875 3.075 3.9687e-04
-2.875 3.125 7.2102e-04
-2.875 3.175 1.2637e-03
-2.875 3.225 2.1198e-03
-2.875 3.275 3.3764e-03
-2.875 3.325 5.0696e-03
-2.875 3.375 7.1333e-03
-2.875 3.425 9.3709e-03
-2.875 3.475 1.1479e-02
-2.875 3.525 1.3129e-02
-2.875 3.575 1.4071e-02
-2.875 3.625 1.4203e-02
-2.875 3.675 1.3578e-02
-2.875 3.725 1.2352e-02
-2.875 3.775 1.0689e-02
-2.875 3.825 8.3069e-03
-2.875 3.875 0.0000e+00
-2.875 3.925 0.0000e+00
-2.875 3.975 0.0000e+00
-2.825 -1.975 0.0000e+00
-2.825 -1.925 0.0000e+00
-2.825 -1.875 0.0000e+00
-2.825 -1.825 0.0000e+00
-2.825 -1.775 0.0000e+00
-2.825 -1.725 0.0000e+00
-2.825 -1.675 0.0000e+00
-2.825 -1.625 0.0000e+00
-2.825 -1.575 0.0000e+00
-2.825 -1.525 0.0000e+00
-2.825 -1.475 0.0000e+00
-2.825 -1.425 0.0000e+00
-2.825 -1.375 0.0000e+00
-2.825 -1.325 0.0000e+00
-2.825 -1.275 0.0000e+00
-2.825 -1.225 0.0000e+00
-2.825 -1.175 0.0000e+00
-2.825 -1.125 0.0000e+00
-2.825 -1.075 0.0000e+00
-2.825 -1.025 0.0000e+00
-2.825 -0.975 0.0000e+00
-2.825 -0.925 0.0000e+00
-2.825 -0.875 0.0000e+00
-2.825 -0.825 0.0000e+00
-2.825 -0.775 0.0000e+00
-2.825 -0.725 0.0000e+00
-2.825 -0.675 0.0000e+00
-2.825 -0.625 0.0000e+00
-2.825 -0.575 0.0000e+00
-2.825 -0.525 0.0000e+00
-2.825 -0.475 0.0000e+00
-2.825 -0.425 0.0000e+00
-2.825 -0.375 0.0000e+00
-2.825 -0.325 0.0000e+00
-2.825 -0.275 0.0000e+00
-2.825 -0.225 0.0000e+00
-2.825 -0.175 0.0000e+00
-2.825 -0.125 0.0000e+00
-2.825 -0.075 0.0000e+00
-2.825 -0.025 0.0000e+00
-2.825 0.025 0.0000e+00
-2.825 0.075 0.0000e+00
-2.825 0.125 0.0000e+00
-2.825 0.175 0.0000e+00
-2.825 0.225 0.0000e+00
-2.825 0.275 0.0000e+00
-2.825 0.325 0.0000e+00
-2.825 0.375 0.0000e+00
-2.825 0.425 0.0000e+00
-2.825 0.475 0.0000e+00
-2.825 0.525 0.0000e+00
-2.825 0.575 0.0000e+00
-2.825 0.625 0.0000e+00
-2.825 0.675 0.0000e+00
-2.825 0.725 0.0000e+00
-2.825 0.775 0.0000e+00
-2.825 0.825 0.0000e+00
-2.825 0.875 0.0000e+00
-2.825 0.925 0.0000e+00
-2.825 0.975 0.0000e+00
-2.825 1.025 0.0000e+00
-2.825 1.075 0.0000e+00
-2.825 1.125 0.0000e+00
-2.825 1.175 0.0000e+00
-2.825 1.225 3.8243e-15
-2.825 1.275 7.6394e-15
-2.825 1.325 1.5262e-14
-2.825 1.375 3.0496e-14
-2.825 1.425 6.0945e-14
-2.825 1.475 1.2182e-13
-2.825 1.525 2.4355e-13
-2.825 1.575 4.8703e-13
-2.825 1.625 9.7417e-13
-2.825 1.675 1.9491e-12
-2.825 1.725 3.9009e-12
-2.825 1.775 7.8099e-12
-2.825 1.825 1.5642e-11
-2.825 1.875 3.1339e-11
-2.825 1.925 6.2818e-11
-2.825 1.975 1.2597e-10
-2.825 2.025 2.5275e-10
-2.825 2.075 5.0736e-10
-2.825 2.125 1.0190e-09
-2.825 2.175 2.0478e-09
-2.825 2.225 4.1174e-09
-2.825 2.275 8.2831e-09
-2.825 2.325 1.6671e-08
-2.825 2.375 3.3567e-08
-2.825 2.425 6.7601e-08
-2.825 2.475 1.3615e-07
-2.825 2.525 2.7413e-07
-2.825 2.575 5.5157e-07
-2.825 2.625 1.1083e-06
-2.825 2.675 2.2224e-06
-2.825 2.725 4.4416e-06
-2.825 2.775 8.8345e-06
-2.825 2.825 1.7453e-05
-2.825 2.875 3.4156e-05
-2.825 2.925 6.5990e-05
-2.825 2.975 1.2533e-04
-2.825 3.025 2.3277e-04
-2.825 3.075 4.2010e-04
-2.825 3.125 7.3165e-04
-2.825 3.175 1.2203e-03
-2.825 3.225 1.9345e-03
-2.825 3.275 2.8946e-03
-2.825 3.325 4.0655e-03
-2.825 3.375 5.3410e-03
-2.825 3.425 6.5553e-03
-2.825 3.475 7.5266e-03
-2.825 3.525 8.1119e-03
-2.825 3.575 8.2480e-03
-2.825 3.625 7.9584e-03
-2.825 3.675 7.3291e-03
-2.825 3.725 6.4700e-03
-2.825 3.775 5.4689e-03
-2.825 3.825 4.1753e-03
-2.825 3.875 0.0000e+00
-2.825 3.925 0.0000e+00
-2.825 3.975 0.0000e+00
-2.775 -1.975 0.0000e+00
-2.775 -1.925 0.0000e+00
-2.775 -1.875 0.0000e+00
-2.775 -1.825 0.0000e+00
-2.775 -1.775 0.0000e+00
-2.775 -1.725 0.0000e+00
-2.775 -1.675 0.0000e+00
-2.775 -1.625 0.0000e+00
-2.775 -1.575 0.0000e+00
-2.775 -1.525 0.0000e+00
-2.775 -1.475 0.0000e+00
-2.775 -1.425 0.0000e+00
-2.775 -1.375 0.0000e+00
-2.775 -1.325 0.0000e+00
-2.775 -1.275 0.0000e+00
-2.775 -1.225 0.0000e+00
-2.775 -1.175 0.0000e+00
-2.775 -1.125 0.0000e+00
-2.775 -1.075 0.0000e+00
-2.775 -1.025 0.0000e+00
-2.775 -0.975 0.0000e+00
-2.775 -0.925 0.0000e+00
-2.775 -0.875 0.0000e+00
-2.775 -0.825 0.0000e+00
-2.775 -0.775 0.0000e+00
-2.775 -0.725 0.0000e+00
-2.775 -0.675 0.0000e+00
-2.775 -0.625 0.0000e+00
-2.775 -0.575 0.0000e+00
-2.775 -0.525 0.0000e+00
-2.775 -0.475 0.0000e+00
-2.775 -0.425 0.0000e+00
-2.775 -0.375 0.0000e+00
-2.775 -0.325 0.0000e+00
-2.775 -0.275 0.0000e+00
-2.775 -0.225 0.0000e+00
-2.775 -0.175 0.0000e+00
-2.775 -0.125 0.0000e+00
-2.775 -0.075 0.0000e+00
-2.775 -0.025 0.0000e+00
-2.775 0.025 0.0000e+00
-2.775 0.075 0.0000e+00
-2.775 0.125 0.0000e+00
-2.775 0.175 0.0000e+00
-2.775 0.225 0.0000e+00
-2.775 0.275 0.0000e+00
-2.775 0.325 0.0000e+00
-2.775 0.375 0.0000e+00
-2.775 0.425 0.0000e+00
-2.775 0.475 0.0000e+00
-2.775 0.525 0.0000e+00
-2.775 0.575 0.0000e+00
-2.775 0.625 0.0000e+00
-2.775 0.675 0.0000e+00
-2.775 0.725 0.0000e+00
-2.775 0.775 0.0000e+00
-2.775 0.825 0.0000e+00
-2.775 0.875 0.0000e+00
-2.775 0.925 0.0000e+00
-2.775 0.975 0.0000e+00
-2.775 1.025 0.0000e+00
-2.775 1.075 0.0000e+00
-2.775 1.125 0.0000e+00
-2.775 1.175 0.0000e+00
-2.775 1.225 4.8144e-15
-2.775 1.275 9.6169e-15
-2.775 1.325 1.9213e-14
-2.775 1.375 3.8389e-14
-2.775 1.425 7.6718e-14
-2.775 1.475 1.5334e-13
-2.775 1.525 3.0657e-13
-2.775 1.575 6.1302e-13
-2.775 1.625 1.2261e-12
-2.775 1.675 2.4530e-12
-2.775 1.725 4.9091e-12
-2.775 1.775 9.8273e-12
-2.775 1.825 1.9680e-11
-2.775 1.875 3.9424e-11
-2.775 1.925 7.9007e-11
-2.775 1.975 1.5840e-10
-2.775 2.025 3.1770e-10
-2.775 2.075 6.3750e-10
-2.775 2.125 1.2798e-09
-2.775 2.175 2.5701e-09
-2.775 2.225 5.1635e-09
-2.775 2.275 1.0377e-08
-2.775 2.325 2.0858e-08
-2.775 2.375 4.1928e-08
-2.775 2.425 8.4265e-08
-2.775 2.475 1.6926e-07
-2.775 2.525 3.3966e-07
-2.775 2.575 6.8048e-07
-2.775 2.625 1.3599e-06
-2.775 2.675 2.7079e-06
-2.775 2.725 5.3643e-06
-2.775 2.775 1.0550e-05
-2.775 2.825 2.0546e-05
-2.775 2.875 3.9490e-05
-2.775 2.925 7.4588e-05
-2.775 2.975 1.3774e-04
-2.775 3.025 2.4719e-04
-2.775 3.075 4.2817e-04
-2.775 3.125 7.1064e-04
-2.775 3.175 1.1220e-03
-2.775 3.225 1.6738e-03
-2.775 3.275 2.3473e-03
-2.775 3.325 3.0836e-03
-2.775 3.375 3.7908e-03
-2.775 3.425 4.3662e-03
-2.775 3.475 4.7275e-03
-2.775 3.525 4.8355e-03
-2.775 3.575 4.6995e-03
-2.775 3.625 4.3661e-03
-2.775 3.675 3.8989e-03
-2.775 3.725 3.3588e-03
-2.775 3.775 2.7860e-03
-2.775 3.825 2.0970e-03
-2.775 3.875 0.0000e+00
-2.775 3.925 0.0000e+00
-2.775 3.975 0.0000e+00
-2.725 -1.975 0.0000e+00
-2.725 -1.925 0.0000e+00
-2.725 -1.875 0.0000e+00
-2.725 -1.825 0.0000e+00
-2.725 -1.775 0.0000e+00
-2.725 -1.725 0.0000e+00
-2.725 -1.675 0.0000e+00
-2.725 -1.625 0.0000e+00
-2.725 -1.575 0.0000e+00
-2.725 -1.525 0.0000e+00
-2.725 -1.475 0.0000e+00
-2.725 -1.425 0.0000e+00
-2.725 -1.375 0.0000e+00
-2.725 -1.325 0.0000e+00
-2.725 -1.275 0.0000e+00
-2.725 -1.225 0.0000e+00
-2.725 -1.175 0.0000e+00
-2.725 -1.125 0.0000e+00
-2.725 -1.075 0.0000e+00
-2.725 -1.025 0.0000e+00
-2.725 -0.975 0.0000e+00
-2.725 -0.925 0.0000e+00
-2.725 -0.875 0.0000e+00
-2.725 -0.825 0.0000e+00
-2.725 -0.775 0.0000e+00
-2.725 -0.725 0.0000e+00
-2.725 -0.675 0.0000e+00
-2.725 -0.625 0.0000e+00
-2.725 -0.575 0.0000e+00
-2.725 -0.525 0.0000e+00
-2.725 -0.475 0.0000e+00
-2.725 -0.425 0.0000e+00
-2.725 -0.375 0.0000e+00
-2.725 -0.325 0.0000e+00
-2.725 -0.275 0.0000e+00
-2.725 -0.225 0.0000e+00
-2.725 -0.175 0.0000e+00
-2.725 -0.125 0.0000e+00
-2.725 -0.075 0.0000e+00
-2.725 -0.025 0.0000e+00
-2.725 0.025 0.0000e+00
-2.725 0.075 0.0000e+00
-2.725 0.125 0.0000e+00
-2.725 0.175 0.0000e+00
-2.725 0.225 0.0000e+00
-2.725 0.275 0.0000e+00
-2.725 0.325 0.0000e+00
-2.725 0.375 0.0000e+00
-2.725 0.425 0.0000e+00
-2.725 0.475 0.0000e+00
-2.725 0.525 0.0000e+00
-2.725 0.575 0.0000e+00
-2.725 0.625 0.0000e+00
-2.725 0.675 0.0000e+00
-2.725 0.725 0.0000e+00
-2.725 0.775 0.0000e+00
-2.725 0.825 0.0000e+00
-2.725 0.875 0.0000e+00
-2.725 0.925 0.0000e+00
-2.725 0.975 0.0000e+00
-2.725 1.025 0.0000e+00
-2.725 1.075 0.0000e+00
-2.725 1.125 0.0000e+00
-2.725 1.175 0.0000e+00
-2.725 1.225 6.0606e-15
-2.725 1.275 1.2106e-14
-2.725 1.325 2.4186e-14
-2.725 1.375 4.8325e-14
-2.725 1.425 9.6571e-14
-2.725 1.475 1.9302e-13
-2.725 1.525 3.8587e-13
-2.725 1.575 7.7156e-13
-2.725 1.625 1.5431e-12
-2.725 1.675 3.0870e-12
-2.725 1.725 6.1772e-12
-2.725 1.775 1.2364e-11
-2.725 1.825 2.4756e-11
-2.725 1.875 4.9584e-11
-2.725 1.925 9.9344e-11
-2.725 1.975 1.9911e-10
-2.725 2.025 3.9920e-10
-2.725 2.075 8.0062e-10
-2.725 2.125 1.6062e-09
-2.725 2.175 3.2231e-09
-2.725 2.225 6.4688e-09
-2.725 2.275 1.2983e-08
-2.725 2.325 2.6055e-08
-2.725 2.375 5.2265e-08
-2.725 2.425 1.0476e-07
-2.725 2.475 2.0974e-07
-2.725 2.525 4.1909e-07
-2.725 2.575 8.3510e-07
-2.725 2.625 1.6575e-06
-2.725 2.675 3.2717e-06
-2.725 2.725 6.4094e-06
-2.725 2.775 1.2429e-05
-2.725 2.825 2.3780e-05
-2.725 2.875 4.4701e-05
-2.725 2.925 8.2142e-05
-2.725 2.975 1.4669e-04
-2.725 3.025 2.5290e-04
-2.725 3.075 4.1796e-04
-2.725 3.125 6.5755e-04
-2.725 3.175 9.7850e-04
-2.725 3.225 1.3703e-03
-2.725 3.275 1.8001e-03
-2.725 3.325 2.2159e-03
-2.725 3.375 2.5591e-03
-2.725 3.425 2.7815e-03
-2.725 3.475 2.8591e-03
-2.725 3.525 2.7951e-03
-2.725 3.575 2.6147e-03
-2.725 3.625 2.3540e-03
-2.725 3.675 2.0497e-03
-2.725 3.725 1.7312e-03
-2.725 3.775 1.4144e-03
-2.725 3.825 1.0527e-03
-2.725 3.875 0.0000e+00
-2.725 3.925 0.0000e+00
-2.725 3.975 0.0000e+00
-2.675 -1.975 0.0000e+00
-2.675 -1.925 0.0000e+00
-2.675 -1.875 0.0000e+00
-2.675 -1.825 0.0000e+00
-2.675 -1.775 0.0000e+00
-2.675 -1.725 0.0000e+00
-2.675 -1.675 0.0000e+00
-2.675 -1.625 0.0000e+00
-2.675 -1.575 0.0000e+00
-2.675 -1.525 0.0000e+00
-2.675 -1.475 0.0000e+00
-2.675 -1.425 0.0000e+00
-2.675 -1.375 0.0000e+00
-2.675 -1.325 0.0000e+00
-2.675 -1.275 0.0000e+00
-2.675 -1.225 0.0000e+00
-2.675 -1.175 0.0000e+00
-2.675 -1.125 0.0000e+00
-2.675 -1.075 0.0000e+00
-2.675 -1.025 0.0000e+00
-2.675 -0.975 0.0000e+00
-2.675 -0.925 0.0000e+00
-2.675 -0.875 0.0000e+00
-2.675 -0.825 0.0000e+00
-2.675 -0.775 0.0000e+00
-2.675 -0.725 0.0000e+00
-2.675 -0.675 0.0000e+00
-2.675 -0.625 0.0000e+00
-2.675 -0.575 0.0000e+00
-2.675 -0.525 0.0000e+00
-2.675 -0.475 0.0000e+00
-2.675 -0.425 0.0000e+00
-2.675 -0.375 0.0000e+00
-2.675 -0.325 0.0000e+00
-2.675 -0.275 0.0000e+00
-2.675 -0.225 0.0000e+00
-2.675 -0.175 0.0000e+00
-2.675 -0.125 0.0000e+00
-2.675 -0.075 0.0000e+00
-2.675 -0.025 0.0000e+00
-2.675 0.025 0.0000e+00
-2.675 0.075 0.0000e+00
-2.675 0.125 0.0000e+00
-2.675 0.175 0.0000e+00
-2.675 0.225 0.0000e+00
-2.675 0.275 0.0000e+00
-2.675 0.325 0.0000e+00
-2.675 0.375 0.0000e+00
-2.675 0.425 0.0000e+00
-2.675 0.475 0.0000e+00
-2.675 0.525 0.0000e+00
-2.675 0.575 0.0000e+00
-2.675 0.625 0.0000e+00
-2.675 0.675 0.0000e+00
-2.675 0.725 0.0000e+00
-2.675 0.775 0.0000e+00
-2.675 0.825 0.0000e+00
-2.675 0.875 0.0000e+00
-2.675 0.925 0.0000e+00
-2.675 0.975 0.0000e+00
-2.675 1.025 0.0000e+00
-2.675 1.075 0.0000e+00
-2.675 1.125 0.0000e+00
-2.675 1.175 0.0000e+00
-2.675 1.225 7.6294e-15
-2.675 1.275 1.5240e-14
-2.675 1.325 3.0445e-14
-2.675 1.375 6.0830e-14
-2.675 1.425 1.2156e-13
-2.675 1.475 2.4295e-13
-2.675 1.525 4.8567e-13
-2.675 1.575 9.7105e-13
-2.675 1.625 1.9419e-12
-2.675 1.675 3.8845e-12
-2.675 1.725 7.7720e-12
-2.675 1.775 1.5554e-11
-2.675 1.825 3.1137e-11
-2.675 1.875 6.2347e-11
-2.675 1.925 1.2488e-10
-2.675 1.975 2.5018e-10
-2.675 2.025 5.0135e-10
-2.675 2.075 1.0049e-09
-2.675 2.125 2.0143e-09
-2.675 2.175 4.0379e-09
-2.675 2.225 8.0937e-09
-2.675 2.275 1.6218e-08
-2.675 2.325 3.2480e-08
-2.675 2.375 6.4984e-08
-2.675 2.425 1.2983e-07
-2.675 2.475 2.5882e-07
-2.675 2.525 5.1440e-07
-2.675 2.575 1.0181e-06
-2.675 2.625 2.0032e-06
-2.675 2.675 3.9108e-06
-2.675 2.725 7.5558e-06
-2.675 2.775 1.4399e-05
-2.675 2.825 2.6953e-05
-2.675 2.875 4.9316e-05
-2.675 2.925 8.7694e-05
-2.675 2.975 1.5057e-04
-2.675 3.025 2.4794e-04
-2.675 3.075 3.8887e-04
-2.675 3.125 5.7740e-04
-2.675 3.175 8.0766e-04
-2.675 3.225 1.0609e-03
-2.675 3.275 1.3074e-03
-2.675 3.325 1.5133e-03
-2.675 3.375 1.6503e-03
-2.675 3.425 1.7033e-03
-2.675 3.475 1.6733e-03
-2.675 3.525 1.5741e-03
-2.675 3.575 1.4262e-03
-2.675 3.625 1.2512e-03
-2.675 3.675 1.0673e-03
-2.675 3.725 8.8721e-04
-2.675 3.775 7.1613e-04
-2.675 3.825 5.2822e-04
-2.675 3.875 0.0000e+00
-2.675 3.925 0.0000e+00
-2.675 3.975 0.0000e+00
-2.625 -1.975 0.0000e+00
-2.625 -1.925 0.0000e+00
-2.625 -1.875 0.0000e+00
-2.625 -1.825 0.0000e+00
-2.625 -1.775 0.0000e+00
-2.625 -1.725 0.0000e+00
-2.625 -1.675 0.0000e+00
-2.625 -1.625 0.0000e+00
-2.625 -1.575 0.0000e+00
-2.625 -1.525 0.0000e+00
-2.625 -1.475 0.0000e+00
-2.625 -1.425 0.0000e+00
-2.625 -1.375 0.0000e+00
-2.625 -1.325 0.0000e+00
-2.625 -1.275 0.0000e+00
-2.625 -1.225 0.0000e+00
-2.625 -1.175 0.0000e+00
-2.625 -1.125 0.0000e+00
-2.625 -1.075 0.0000e+00
-2.625 -1.025 0.0000e+00
-2.625 -0.975 0.0000e+00
-2.625 -0.925 0.0000e+00
-2.625 -0.875 0.0000e+00
-2.625 -0.825 0.0000e+00
-2.625 -0.775 0.0000e+00
-2.625 -0.725 0.0000e+00
-2.625 -0.675 0.0000e+00
-2.625 -0.625 0.0000e+00
-2.625 -0.575 0.0000e+00
-2.625 -0.525 0.0000e+00
-2.625 -0.475 0.0000e+00
-2.625 -0.425 0.0000e+00
-2.625 -0.375 0.0000e+00
-2.625 -0.325 0.0000e+00
-2.625 -0.275 0.0000e+00
-2.625 -0.225 0.0000e+00
-2.625 -0.175 0.0000e+00
-2.625 -0.125 0.0000e+00
-2.625 -0.075 0.0000e+00
-2.625 -0.025 0.0000e+00
-2.625 0.025 0.0000e+00
-2.625 0.075 0.0000e+00
-2.625 0.125 0.0000e+00
-2.625 0.175 0.0000e+00
-2.625 0.225 0.0000e+00
-2.625 0.275 0.0000e+00
-2.625 0.325 0.0000e+00
-2.625 0.375 0.0000e+00
-2.625 0.425 0.0000e+00
-2.625 0.475 0.0000e+00
-2.625 0.525 0.0000e+00
-2.625 0.575 0.0000e+00
-2.625 0.625 0.0000e+00
-2.625 0.675 0.0000e+00
-2.625 0.725 0.0000e+00
-2.625 0.775 0.0000e+00
-2.625 0.825 0.0000e+00
-2.625 0.875 0.0000e+00
-2.625 0.925 0.0000e+00
-2.625 0.975 0.0000e+00
-2.625 1.025 0.0000e+00
-2.625 1.075 0.0000e+00
-2.625 1.125 0.0000e+00
-2.625 1.175 0.0000e+00
-2.625 1.225 9.6042e-15
-2.625 1.275 1.9184e-14
-2.625 1.325 3.8323e-14
-2.625 1.375 7.6569e-14
-2.625 1.425 1.5300e-13
-2.625 1.475 3.0578e-13
-2.625 1.525 6.1123e-13
-2.625 1.575 1.2220e-12
-2.625 1.625 2.4436e-12
-2.625 1.675 4.8873e-12
-2.625 1.725 9.7769e-12
-2.625 1.775 1.9563e-11
-2.625 1.825 3.9151e-11
-2.625 1.875 7.8371e-11
-2.625 1.925 1.5691e-10
-2.625 1.975 3.1420e-10
-2.625 2.025 6.2923e-10
-2.625 2.075 1.2602e-09
-2.625 2.125 2.5236e-09
-2.625 2.175 5.0523e-09
-2.625 2.225 1.0111e-08
-2.625 2.275 2.0218e-08
-2.625 2.325 4.0385e-08
-2.625 2.375 8.0535e-08
-2.625 2.425 1.6022e-07
-2.625 2.475 3.1772e-07
-2.625 2.525 6.2722e-07
-2.625 2.575 1.2307e-06
-2.625 2.625 2.3955e-06
-2.625 2.675 4.6130e-06
-2.625 2.725 8.7600e-06
-2.625 2.775 1.6338e-05
-2.625 2.825 2.9782e-05
-2.625 2.875 5.2762e-05
-2.625 2.925 9.0272e-05
-2.625 2.975 1.4817e-04
-2.625 3.025 2.3178e-04
-2.625 3.075 3.4349e-04
-2.625 3.125 4.7998e-04
-2.625 3.175 6.3046e-04
-2.625 3.225 7.7770e-04
-2.625 3.275 9.0188e-04
-2.625 3.325 9.8623e-04
-2.625 3.375 1.0215e-03
-2.625 3.425 1.0077e-03
-2.625 3.475 9.5238e-04
-2.625 3.525 8.6735e-04
-2.625 3.575 7.6534e-04
-2.625 3.625 6.5736e-04
-2.625 3.675 5.5151e-04
-2.625 3.725 4.5261e-04
-2.625 3.775 3.6182e-04
-2.625 3.825 2.6498e-04
-2.625 3.875 0.0000e+00
-2.625 3.925 0.0000e+00
-2.625 3.975 0.0000e+00
-2.575 -1.975 0.0000e+00
-2.575 -1.925 0.0000e+00
-2.575 -1.875 0.0000e+00
-2.575 -1.825 0.0000e+00
-2.575 -1.775 0.0000e+00
-2.575 -1.725 0.0000e+00
-2.575 -1.675 0.0000e+00
-2.575 -1.625 0.0000e+00
-2.575 -1.575 0.0000e+00
-2.575 -1.525 0.0000e+00
-2.575 -1.475 0.0000e+00
-2.575 -1.425 0.0000e+00
-2.575 -1.375 0.0000e+00
-2.575 -1.325 0.0000e+00
-2.575 -1.275 0.0000e+00
-2.575 -1.225 0.0000e+00
-2.575 -1.175 0.0000e+00
-2.575 -1.125 0.0000e+00
-2.575 -1.075 0.0000e+00
-2.575 -1.025 0.0000e+00
-2.575 -0.975 0.0000e+00
-2.575 -0.925 0.0000e+00
-2.575 -0.875 0.0000e+00
-2.575 -0.825 0.0000e+00
-2.575 -0.775 0.0000e+00
-2.575 -0.725 0.0000e+00
-2.575 -0.675 0.0000e+00
-2.575 -0.625 0.0000e+00
-2.575 -0.575 0.0000e+00
-2.575 -0.525 0.0000e+00
-2.575 -0.475 0.0000e+00
-2.575 -0.425 0.0000e+00
-2.575 -0.375 0.0000e+00
-2.575 -0.325 0.0000e+00
-2.575 -0.275 0.0000e+00
-2.575 -0.225 0.0000e+00
-2.575 -0.175 0.0000e+00
-2.575 -0.125 0.0000e+00
-2.575 -0.075 0.0000e+00
-2.575 -0.025 0.0000e+00
-2.575 0.025 0.0000e+00
-2.575 0.075 0.0000e+00
-2.575 0.125 0.0000e+00
-2.575 0.175 0.0000e+00
-2.575 0.225 0.0000e+00
-2.575 0.275 0.0000e+00
-2.575 0.325 0.0000e+00
-2.575 0.375 0.0000e+00
-2.575 0.425 0.0000e+00
-2.575 0.475 0.0000e+00
-2.575 0.525 0.0000e+00
-2.575 0.575 0.0000e+00
-2.575 0.625 0.0000e+00
-2.575 0.675 0.0000e+00
-2.575 0.725 0.0000e+00
-2.575 0.775 0.0000e+00
-2.575 0.825 0.0000e+00
-2.575 0.875 0.0000e+00
-2.575 0.925 0.0000e+00
-2.575 0.975 0.0000e+00
-2.575 1.025 0.0000e+00
-2.575 1.075 0.0000e+00
-2.575 1.125 0.0000e+00
-2.575 1.175 0.0000e+00
-2.575 1.225 1.2090e-14
-2.575 1.275 2.4148e-14
-2.575 1.325 4.8239e-14
-2.575 1.375 9.6376e-14
-2.575 1.425 1.9257e-13
-2.575 1.475 3.8484e-13
-2.575 1.525 7.6920e-13
-2.575 1.575 1.5377e-12
-2.575 1.625 3.0744e-12
-2.575 1.675 6.1481e-12
-2.575 1.725 1.2297e-11
-2.575 1.775 2.4598e-11
-2.575 1.825 4.9214e-11
-2.575 1.875 9.8475e-11
-2.575 1.925 1.9706e-10
-2.575 1.975 3.9435e-10
-2.575 2.025 7.8912e-10
-2.575 2.075 1.5788e-09
-2.575 2.125 3.1576e-09
-2.575 2.175 6.3115e-09
-2.575 2.225 1.2605e-08
-2.575 2.275 2.5141e-08
-2.575 2.325 5.0053e-08
-2.575 2.375 9.9399e-08
-2.575 2.425 1.9671e-07
-2.575 2.475 3.8747e-07
-2.575 2.525 7.5844e-07
-2.575 2.575 1.4723e-06
-2.575 2.625 2.8270e-06
-2.575 2.675 5.3520e-06
-2.575 2.725 9.9498e-06
-2.575 2.775 1.8078e-05
-2.575 2.825 3.1922e-05
-2.575 2.875 5.4448e-05
-2.575 2.925 8.9121e-05
-2.575 2.975 1.3909e-04
-2.575 3.025 2.0579e-04
-2.575 3.075 2.8729e-04
-2.575 3.125 3.7735e-04
-2.575 3.175 4.6585e-04
-2.575 3.225 5.4113e-04
-2.575 3.275 5.9316e-04
-2.575 3.325 6.1626e-04
-2.575 3.375 6.1008e-04
-2.575 3.425 5.7885e-04
-2.575 3.475 5.2944e-04
-2.575 3.525 4.6936e-04
-2.575 3.575 4.0526e-04
-2.575 3.625 3.4214e-04
-2.575 3.675 2.8322e-04
-2.575 3.725 2.3006e-04
-2.575 3.775 1.8250e-04
-2.575 3.825 1.3290e-04
-2.575 3.875 0.0000e+00
-2.575 3.925 0.0000e+00
-2.575 3.975 0.0000e+00
-2.525 -1.975 0.0000e+00
-2.525 -1.925 0.0000e+00
-2.525 -1.875 0.0000e+00
-2.525 -1.825 0.0000e+00
-2.525 -1.775 0.0000e+00
-2.525 -1.725 0.0000e+00
-2.525 -1.675 0.0000e+00
-2.525 -1.625 0.0000e+00
-2.525 -1.575 0.0000e+00
-2.525 -1.525 0.0000e+00
-2.525 -1.475 0.0000e+00
-2.525 -1.425 0.0000e+00
-2.525 -1.375 0.0000e+00
-2.525 -1.325 0.0000e+00
-2.525 -1.275 0.0000e+00
-2.525 -1.225 0.0000e+00
-2.525 -1.175 0.0000e+00
-2.525 -1.125 0.0000e+00
-2.525 -1.075 0.0000e+00
-2.525 -1.025 0.0000e+00
-2.525 -0.975 0.0000e+00
-2.525 -0.925 0.0000e+00
-2.525 -0.875 0.0000e+00
-2.525 -0.825 0.0000e+00
-2.525 -0.775 0.0000e+00
-2.525 -0.725 0.0000e+00
-2.525 -0.675 0.0000e+00
-2.525 -0.625 0.0000e+00
-2.525 -0.575 0.0000e+00
-2.525 -0.525 0.0000e+00
-2.525 -0.475 0.0000e+00
-2.525 -0.425 0.0000e+00
-2.525 -0.375 0.0000e+00
-2.525 -0.325 0.0000e+00
-2.525 -0.275 0.0000e+00
-2.525 -0.225 0.0000e+00
-2.525 -0.175 0.0000e+00
-2.525 -0.125 0.0000e+00
-2.525 -0.075 0.0000e+00
-2.525 -0.025 0.0000e+00
-2.525 0.025 0.0000e+00
-2.525 0.075 0.0000e+00
-2.525 0.125 0.0000e+00
-2.525 0.175 0.0000e+00
-2.525 0.225 0.0000e+00
-2.525 0.275 0.0000e+00
-2.525 0.325 0.0000e+00
-2.525 0.375 0.0000e+00
-2.525 0.425 0.0000e+00
-2.525 0.475 0.0000e+00
-2.525 0.525 0.0000e+00
-2.525 0.575 0.0000e+00
-2.525 0.625 0.0000e+00
-2.525 0.675 0.0000e+00
-2.525 0.725 0.0000e+00
-2.525 0.775 0.0000e+00
-2.525 0.825 0.0000e+00
-2.525 0.875 0.0000e+00
-2.525 0.925 0.0000e+00
-2.525 0.975 0.0000e+00
-2.525 1.025 0.0000e+00
-2.525 1.075 0.0000e+00
-2.525 1.125 0.0000e+00
-2.525 1.175 0.0000e+00
-2.525 1.225 1.5218e-14
-2.525 1.275 3.0396e-14
-2.525 1.325 6.0718e-14
-2.525 1.375 1.2130e-13
-2.525 1.425 2.4236e-13
-2.525 1.475 4.8431e-13
-2.525 1.525 9.6791e-13
-2.525 1.575 1.9347e-12
-2.525 1.625 3.8676e-12
-2.525 1.675 7.7326e-12
-2.525 1.725 1.5462e-11
-2.525 1.775 3.0920e-11
-2.525 1.825 6.1838e-11
-2.525 1.875 1.2367e-10
-2.525 1.925 2.4733e-10
-2.525 1.975 4.9456e-10
-2.525 2.025 9.8865e-10
-2.525 2.075 1.9755e-09
-2.525 2.125 3.9446e-09
-2.525 2.175 7.8686e-09
-2.525 2.225 1.5674e-08
-2.525 2.275 3.1161e-08
-2.525 2.325 6.1782e-08
-2.525 2.375 1.2205e-07
-2.525 2.425 2.3993e-07
-2.525 2.475 4.6863e-07
-2.525 2.525 9.0758e-07
-2.525 2.575 1.7383e-06
-2.525 2.625 3.2819e-06
-2.525 2.675 6.0842e-06
-2.525 2.725 1.1023e-05
-2.525 2.775 1.9409e-05
-2.525 2.825 3.3015e-05
-2.525 2.875 5.3907e-05
-2.525 2.925 8.3964e-05
-2.525 2.975 1.2404e-04
-2.525 3.025 1.7304e-04
-2.525 3.075 2.2727e-04
-2.525 3.125 2.8077e-04
-2.525 3.175 3.2661e-04
-2.525 3.225 3.5875e-04
-2.525 3.275 3.7369e-04
-2.525 3.325 3.7107e-04
-2.525 3.375 3.5327e-04
-2.525 3.425 3.2430e-04
-2.525 3.475 2.8862e-04
-2.525 3.525 2.5025e-04
-2.525 3.575 2.1228e-04
-2.525 3.625 1.7673e-04
-2.525 3.675 1.4473e-04
-2.525 3.725 1.1660e-04
-2.525 3.775 9.1929e-05
-2.525 3.825 6.6641e-05
-2.525 3.875 0.0000e+00
-2.525 3.925 0.0000e+00
-2.525 3.975 0.0000e+00
-2.475 -1.975 0.0000e+00
-2.475 -1.925 0.0000e+00
-2.475 -1.875 0.0000e+00
-2.475 -1.825 0.0000e+00
-2.475 -1.775 0.0000e+00
-2.475 -1.725 0.0000e+00
-2.475 -1.675 0.0000e+00
-2.475 -1.625 0.0000e+00
-2.475 -1.575 0.0000e+00
-2.475 -1.525 0.0000e+00
-2.475 -1.475 0.0000e+00
-2.475 -1.425 0.0000e+00
-2.475 -1.375 0.0000e+00
-2.475 -1.325 0.0000e+00
-2.475 -1.275 0.0000e+00
-2.475 -1.225 0.0000e+00
-2.475 -1.175 0.0000e+00
-2.475 -1.125 0.0000e+00
-2.475 -1.075 0.0000e+00
-2.475 -1.025 0.0000e+00
-2.475 -0.975 0.0000e+00
-2.475 -0.925 0.0000e+00
-2.475 -0.875 0.0000e+00
-2.475 -0.825 0.0000e+00
-2.475 -0.775 0.0000e+00
-2.475 -0.725 0.0000e+00
-2.475 -0.675 0.0000e+00
-2.475 -0.625 0.0000e+00
-2.475 -0.575 0.0000e+00
-2.475 -0.525 0.0000e+00
-2.475 -0.475 0.0000e+00
-2.475 -0.425 0.0000e+00
-2.475 -0.375 0.0000e+00
-2.475 -0.325 0.0000e+00
-2.475 -0.275 0.0000e+00
-2.475 -0.225 0.0000e+00
-2.475 -0.175 0.0000e+00
-2.475 -0.125 0.0000e+00
-2.475 -0.075 0.0000e+00
-2.475 -0.025 0.0000e+00
-2.475 0.025 0.0000e+00
-2.475 0.075 0.0000e+00
-2.475 0.125 0.0000e+00
-2.475 0.175 0.0000e+00
-2.475 0.225 0.0000e+00
-2.475 0.275 0.0000e+00
-2.475 0.325 0.0000e+00
-2.475 0.375 0.0000e+00
-2.475 0.425 0.0000e+00
-2.475 0.475 0.0000e+00
-2.475 0.525 0.0000e+00
-2.475 0.575 0.0000e+00
-2.475 0.625 0.0000e+00
-2.475 0.675 0.0000e+00
-2.475 0.725 0.0000e+00
-2.475 0.775 0.0000e+00
-2.475 0.825 0.0000e+00
-2.475 0.875 0.0000e+00
-2.475 0.925 0.0000e+00
-2.475 0.975 0.0000e+00
-2.475 1.025 0.0000e+00
-2.475 1.075 0.0000e+00
-2.475 1.125 0.0000e+00
-2.475 1.175 0.0000e+00
-2.475 1.225 1.9156e-14
-2.475 1.275 3.8259e-14
-2.475 1.325 7.6421e-14
-2.475 1.375 1.5266e-13
-2.475 1.425 3.0500e-13
-2.475 1.475 6.0941e-13
-2.475 1.525 1.2178e-12
-2.475 1.575 2.4338e-12
-2.475 1.625 4.8643e-12
-2.475 1.675 9.7231e-12
-2.475 1.725 1.9436e-11
-2.475 1.775 3.8852e-11
-2.475 1.825 7.7663e-11
-2.475 1.875 1.5522e-10
-2.475 1.925 3.1018e-10
-2.475 1.975 6.1961e-10
-2.475 2.025 1.2371e-09
-2.475 2.075 2.4679e-09
-2.475 2.125 4.9178e-09
-2.475 2.175 9.7849e-09
-2.475 2.225 1.9428e-08
-2.475 2.275 3.8465e-08
-2.475 2.325 7.5867e-08
-2.475 2.375 1.4889e-07
-2.475 2.425 2.9025e-07
-2.475 2.475 5.6094e-07
-2.475 2.525 1.0720e-06
-2.475 2.575 2.0191e-06
-2.475 2.625 3.7338e-06
-2.475 2.675 6.7473e-06
-2.475 2.725 1.1851e-05
-2.475 2.775 2.0111e-05
-2.475 2.825 3.2768e-05
-2.475 2.875 5.0948e-05
-2.475 2.925 7.5173e-05
-2.475 2.975 1.0479e-04
-2.475 3.025 1.3763e-04
-2.475 3.075 1.7013e-04
-2.475 3.125 1.9815e-04
-2.475 3.175 2.1804e-04
-2.475 3.225 2.2764e-04
-2.475 3.275 2.2664e-04
-2.475 3.325 2.1639e-04
-2.475 3.375 1.9927e-04
-2.475 3.425 1.7793e-04
-2.475 3.475 1.5482e-04
-2.475 3.525 1.3182e-04
-2.475 3.575 1.1022e-04
-2.475 3.625 9.0739e-05
-2.475 3.675 7.3669e-05
-2.475 3.725 5.8963e-05
-2.475 3.775 4.6259e-05
-2.475 3.825 3.3414e-05
-2.475 3.875 0.0000e+00
-2.475 3.925 0.0000e+00
-2.475 3.975 0.0000e+00
-2.425 -1.975 0.0000e+00
-2.425 -1.925 0.0000e+00
-2.425 -1.875 0.0000e+00
-2.425 -1.825 0.0000e+00
-2.425 -1.775 0.0000e+00
-2.425 -1.725 0.0000e+00
-2.425 -1.675 0.0000e+00
-2.425 -1.625 0.0000e+00
-2.425 -1.575 0.0000e+00
-2.425 -1.525 0.0000e+00
-2.425 -1.475 0.0000e+00
-2.425 -1.425 0.0000e+00
-2.425 -1.375 0.0000e+00
-2.425 -1.325 0.0000e+00
-2.425 -1.275 0.0000e+00
-2.425 -1.225 0.0000e+00
-2.425 -1.175 0.0000e+00
-2.425 -1.125 0.0000e+00
-2.425 -1.075 0.0000e+00
-2.425 -1.025 0.0000e+00
-2.425 -0.975 0.0000e+00
-2.425 -0.925 0.0000e+00
-2.425 -0.875 0.0000e+00
-2.425 -0.825 0.0000e+00
-2.425 -0.775 0.0000e+00
-2.425 -0.725 0.0000e+00
-2.425 -0.675 0.0000e+00
-2.425 -0.625 0.0000e+00
-2.425 -0.575 0.0000e+00
-2.425 -0.525 0.0000e+00
-2.425 -0.475 0.0000e+00
-2.425 -0.425 0.0000e+00
-2.425 -0.375 0.0000e+00
-2.425 -0.325 0.0000e+00
-2.425 -0.275 0.0000e+00
-2.425 -0.225 0.0000e+00
-2.425 -0.175 0.0000e+00
-2.425 -0.125 0.0000e+00
-2.425 -0.075 0.0000e+00
-2.425 -0.025 0.0000e+00
-2.425 0.025 0.0000e+00
-2.425 0.075 0.0000e+00
-2.425 0.125 0.0000e+00
-2.425 0.175 0.0000e+00
-2.425 0.225 0.0000e+00
-2.425 0.275 0.0000e+00
-2.425 0.325 0.0000e+00
-2.425 0.375 0.0000e+00
-2.425 0.425 0.0000e+00
-2.425 0.475 0.0000e+00
-2.425 0.525 0.0000e+00
-2.425 0.575 0.0000e+00
-2.425 0.625 0.0000e+00
-2.425 0.675 0.0000e+00
-2.425 0.725 0.0000e+00
-2.425 0.775 0.0000e+00
-2.425 0.825 0.0000e+00
-2.425 0.875 0.0000e+00
-2.425 0.925 0.0000e+00
-2.425 0.975 0.0000e+00
-2.425 1.025 0.0000e+00
-2.425 1.075 0.0000e+00
-2.425 1.125 0.0000e+00
-2.425 1.175 0.0000e+00
-2.425 1.225 2.4111e-14
-2.425 1.275 4.8154e-14
-2.425 1.325 9.6179e-14
-2.425 1.375 1.9212e-13
-2.425 1.425 3.8379e-13
-2.425 1.475 7.6675e-13
-2.425 1.525 1.5319e-12
-2.425 1.575 3.0610e-12
-2.425 1.625 6.1165e-12
-2.425 1.675 1.2222e-11
-2.425 1.725 2.4422e-11
-2.425 1.775 4.8795e-11
-2.425 1.825 9.7475e-11
-2.425 1.875 1.9467e-10
-2.425 1.925 3.8862e-10
-2.425 1.975 7.7531e-10
-2.425 2.025 1.5454e-09
-2.425 2.075 3.0769e-09
-2.425 2.125 6.1157e-09
-2.425 2.175 1.2129e-08
-2.425 2.225 2.3984e-08
-2.425 2.275 4.7238e-08
-2.425 2.325 9.2560e-08
-2.425 2.375 1.8014e-07
-2.425 2.425 3.4750e-07
-2.425 2.475 6.6277e-07
-2.425 2.525 1.2457e-06
-2.425 2.575 2.2986e-06
-2.425 2.625 4.1446e-06
-2.425 2.675 7.2636e-06
-2.425 2.725 1.2301e-05
-2.425 2.775 2.0005e-05
-2.425 2.825 3.1055e-05
-2.425 2.875 4.5770e-05
-2.425 2.925 6.3765e-05
-2.425 2.975 8.3741e-05
-2.425 3.025 1.0357e-04
-2.425 3.075 1.2076e-04
-2.425 3.125 1.3309e-04
-2.425 3.175 1.3922e-04
-2.425 3.225 1.3893e-04
-2.425 3.275 1.3299e-04
-2.425 3.325 1.2279e-04
-2.425 3.375 1.0995e-04
-2.425 3.425 9.5953e-05
-2.425 3.475 8.1953e-05
-2.425 3.525 6.8755e-05
-2.425 3.575 5.6824e-05
-2.425 3.625 4.6361e-05
-2.425 3.675 3.7379e-05
-2.425 3.725 2.9761e-05
-2.425 3.775 2.3258e-05
-2.425 3.825 0.0000e+00
-2.425 3.875 0.0000e+00
-2.425 3.925 0.0000e+00
-2.425 3.975 0.0000e+00
-2.375 -1.975 0.0000e+00
-2.375 -1.925 0.0000e+00
-2.375 -1.875 0.0000e+00
-2.375 -1.825 0.0000e+00
-2.375 -1.775 0.0000e+00
-2.375 -1.725 0.0000e+00
-2.375 -1.675 0.0000e+00
-2.375 -1.625 0.0000e+00
-2.375 -1.575 0.0000e+00
-2.375 -1.525 0.0000e+00
-2.375 -1.475 0.0000e+00
-2.375 -1.425 0.0000e+00
-2.375 -1.375 0.0000e+00
-2.375 -1.325 0.0000e+00
-2.375 -1.275 0.0000e+00
-2.375 -1.225 0.0000e+00
-2.375 -1.175 0.0000e+00
-2.375 -1.125 0.0000e+00
-2.375 -1.075 0.0000e+00
-2.375 -1.025 0.0000e+00
-2.375 -0.975 0.0000e+00
-2.375 -0.925 0.0000e+00
-2.375 -0.875 0.0000e+00
-2.375 -0.825 0.0000e+00
-2.375 -0.775 0.0000e+00
-2.375 -0.725 0.0000e+00
-2.375 -0.675 0.0000e+00
-2.375 -0.625 0.0000e+00
-2.375 -0.575 0.0000e+00
-2.375 -0.525 0.0000e+00
-2.375 -0.475 0.0000e+00
-2.375 -0.425 0.0000e+00
-2.375 -0.375 0.0000e+00
-2.375 -0.325 0.0000e+00
-2.375 -0.275 0.0000e+00
-2.375 -0.225 0.0000e+00
-2.375 -0.175 0.0000e+00
-2.375 -0.125 0.0000e+00
-2.375 -0.075 0.0000e+00
-2.375 -0.025 0.0000e+00
-2.375 0.025 0.0000e+00
-2.375 0.075 0.0000e+00
-2.375 0.125 0.0000e+00
-2.375 0.175 0.0000e+00
-2.375 0.225 0.0000e+00
-2.375 0.275 0.0000e+00
-2.375 0.325 0.0000e+00
-2.375 0.375 0.0000e+00
-2.375 0.425 0.0000e+00
-2.375 0.475 0.0000e+00
-2.375 0.525 0.0000e+00
-2.375 0.575 0.0000e+00
-2.375 0.625 0.0000e+00
-2.375 0.675 0.0000e+00
-2.375 0.725 0.0000e+00
-2.375 0.775 0.0000e+00
-2.375 0.825 0.0000e+00
-2.375 0.875 0.0000e+00
-2.375 0.925 0.0000e+00
-2.375 0.975 0.0000e+00
-2.375 1.025 0.0000e+00
-2.375 1.075 0.0000e+00
-2.375 1.125 0.0000e+00
-2.375 1.175 0.0000e+00
-2.375 1.225 3.0347e-14
-2.375 1.275 6.0604e-14
-2.375 1.325 1.2104e-13
-2.375 1.375 2.4175e-13
-2.375 1.425 4.8287e-13
-2.375 1.475 9.6455e-13
-2.375 1.525 1.9268e-12
-2.375 1.575 3.8489e-12
-2.375 1.625 7.6885e-12
-2.375 1.675 1.5357e-11
-2.375 1.725 3.0671e-11
-2.375 1.775 6.1243e-11
-2.375 1.825 1.2225e-10
-2.375 1.875 2.4390e-10
-2.375 1.925 4.8627e-10
-2.375 1.975 9.6860e-10
-2.375 2.025 1.9268e-09
-2.375 2.075 3.8264e-09
-2.375 2.125 7.5811e-09
-2.375 2.175 1.4974e-08
-2.375 2.225 2.9456e-08
-2.375 2.275 5.7639e-08
-2.375 2.325 1.1201e-07
-2.375 2.375 2.1572e-07
-2.375 2.425 4.1071e-07
-2.375 2.475 7.7055e-07
-2.375 2.525 1.4191e-06
-2.375 2.575 2.5536e-06
-2.375 2.625 4.4667e-06
-2.375 2.675 7.5502e-06
-2.375 2.725 1.2259e-05
-2.375 2.775 1.9005e-05
-2.375 2.825 2.7982e-05
-2.375 2.875 3.8963e-05
-2.375 2.925 5.1167e-05
-2.375 2.975 6.3314e-05
-2.375 3.025 7.3890e-05
-2.375 3.075 8.1548e-05
-2.375 3.125 8.5452e-05
-2.375 3.175 8.5443e-05
-2.375 3.225 8.1967e-05
-2.375 3.275 7.5861e-05
-2.375 3.325 6.8095e-05
-2.375 3.375 5.9574e-05
-2.375 3.425 5.1015e-05
-2.375 3.475 4.2918e-05
-2.375 3.525 3.5578e-05
-2.375 3.575 2.9130e-05
-2.375 3.625 2.3595e-05
-2.375 3.675 1.8919e-05
-2.375 3.725 1.5000e-05
-2.375 3.775 1.1686e-05
-2.375 3.825 0.0000e+00
-2.375 3.875 0.0000e+00
-2.375 3.925 0.0000e+00
-2.375 3.975 0.0000e+00
-2.325 -1.975 0.0000e+00
-2.325 -1.925 0.0000e+00
-2.325 -1.875 0.0000e+00
-2.325 -1.825 0.0000e+00
-2.325 -1.775 0.0000e+00
-2.325 -1.725 0.0000e+00
-2.325 -1.675 0.0000e+00
-2.325 -1.625 0.0000e+00
-2.325 -1.575 0.0000e+00
-2.325 -1.525 0.0000e+00
-2.325 -1.475 0.0000e+00
-2.325 -1.425 0.0000e+00
-2.325 -1.375 0.0000e+00
-2.325 -1.325 0.0000e+00
-2.325 -1.275 0.0000e+00
-2.325 -1.225 0.0000e+00
-2.325 -1.175 0.0000e+00
-2.325 -1.125 0.0000e+00
-2.325 -1.075 0.0000e+00
-2.325 -1.025 0.0000e+00
-2.325 -0.975 0.0000e+00
-2.325 -0.925 0.0000e+00
-2.325 -0.875 0.0000e+00
-2.325 -0.825 0.0000e+00
-2.325 -0.775 0.0000e+00
-2.325 -0.725 0.0000e+00
-2.325 -0.675 0.0000e+00
-2.325 -0.625 0.0000e+00
-2.325 -0.575 0.0000e+00
-2.325 -0.525 0.0000e+00
-2.325 -0.475 0.0000e+00
-2.325 -0.425 0.0000e+00
-2.325 -0.375 0.0000e+00
-2.325 -0.325 0.0000e+00
-2.325 -0.275 0.0000e+00
-2.325 -0.225 0.0000e+00
-2.325 -0.175 0.0000e+00
-2.325 -0.125 0.0000e+00
-2.325 -0.075 0.0000e+00
-2.325 -0.025 0.0000e+00
-2.325 0.025 0.0000e+00
-2.325 0.075 0.0000e+00
-2.325 0.125 0.0000e+00
-2.325 0.175 0.0000e+00
-2.325 0.225 0.0000e+00
-2.325 0.275 0.0000e+00
-2.325 0.325 0.0000e+00
-2.325 0.375 0.0000e+00
-2.325 0.425 0.0000e+00
-2.325 0.475 0.0000e+00
-2.325 0.525 0.0000e+00
-2.325 0.575 0.0000e+00
-2.325 0.625 0.0000e+00
-2.325 0.675 0.0000e+00
-2.325 0.725 0.0000e+00
-2.325 0.775 0.0000e+00
-2.325 0.825 0.0000e+00
-2.325 0.875 0.0000e+00
-2.325 0.925 0.0000e+00
-2.325 0.975 0.0000e+00
-2.325 1.025 0.0000e+00
-2.325 1.075 0.0000e+00
-2.325 1.125 0.0000e+00
-2.325 1.175 0.0000e+00
-2.325 1.225 3.8193e-14
-2.325 1.275 7.6267e-14
-2.325 1.325 1.5230e-13
-2.325 1.375 3.0416e-13
-2.325 1.425 6.0744e-13
-2.325 1.475 1.2131e-12
-2.325 1.525 2.4227e-12
-2.325 1.575 4.8382e-12
-2.325 1.625 9.6609e-12
-2.325 1.675 1.9287e-11
-2.325 1.725 3.8496e-11
-2.325 1.775 7.6807e-11
-2.325 1.825 1.5316e-10
-2.325 1.875 3.0519e-10
-2.325 1.925 6.0751e-10
-2.325 1.975 1.2077e-09
-2.325 2.025 2.3963e-09
-2.325 2.075 4.7434e-09
-2.325 2.125 9.3597e-09
-2.325 2.175 1.8392e-08
-2.325 2.225 3.5945e-08
-2.325 2.275 6.9759e-08
-2.325 2.325 1.3416e-07
-2.325 2.375 2.5503e-07
-2.325 2.425 4.7768e-07
-2.325 2.475 8.7821e-07
-2.325 2.525 1.5776e-06
-2.325 2.575 2.7548e-06
-2.325 2.625 4.6490e-06
-2.325 2.675 7.5373e-06
-2.325 2.725 1.1671e-05
-2.325 2.775 1.7170e-05
-2.325 2.825 2.3896e-05
-2.325 2.875 3.1379e-05
-2.325 2.925 3.8844e-05
-2.325 2.975 4.5371e-05
-2.325 3.025 5.0132e-05
-2.325 3.075 5.2612e-05
-2.325 3.125 5.2698e-05
-2.325 3.175 5.0652e-05
-2.325 3.225 4.6974e-05
-2.325 3.275 4.2255e-05
-2.325 3.325 3.7048e-05
-2.325 3.375 3.1796e-05
-2.325 3.425 2.6811e-05
-2.325 3.475 2.2280e-05
-2.325 3.525 1.8292e-05
-2.325 3.575 1.4865e-05
-2.325 3.625 1.1971e-05
-2.325 3.675 9.5560e-06
-2.325 3.725 7.5516e-06
-2.325 3.775 5.8687e-06
-2.325 3.825 0.0000e+00
-2.325 3.875 0.0000e+00
-2.325 3.925 0.0000e+00
-2.325 3.975 0.0000e+00
-2.275 -1.975 0.0000e+00
-2.275 -1.925 0.0000e+00
-2.275 -1.875 0.0000e+00
-2.275 -1.825 0.0000e+00
-2.275 -1.775 0.0000e+00
-2.275 -1.725 0.0000e+00
-2.275 -1.675 0.0000e+00
-2.275 -1.625 0.0000e+00
-2.275 -1.575 0.0000e+00
-2.275 -1.525 0.0000e+00
-2.275 -1.475 0.0000e+00
-2.275 -1.425 0.0000e+00
-2.275 -1.375 0.0000e+00
-2.275 -1.325 0.0000e+00
-2.275 -1.275 0.0000e+00
-2.275 -1.225 0.0000e+00
-2.275 -1.175 0.0000e+00
-2.275 -1.125 0.0000e+00
-2.275 -1.075 0.0000e+00
-2.275 -1.025 0.0000e+00
-2.275 -0.975 0.0000e+00
-2.275 -0.925 0.0000e+00
-2.275 -0.875 0.0000e+00
-2.275 -0.825 0.0000e+00
-2.275 -0.775 0.0000e+00
-2.275 -0.725 0.0000e+00
-2.275 -0.675 0.0000e+00
-2.275 -0.625 0.0000e+00
-2.275 -0.575 0.0000e+00
-2.275 -0.525 0.0000e+00
-2.275 -0.475 0.0000e+00
-2.275 -0.425 0.0000e+00
-2.275 -0.375 0.0000e+00
-2.275 -0.325 0.0000e+00
-2.275 -0.275 0.0000e+00
-2.275 -0.225 0.0000e+00
-2.275 -0.175 0.0000e+00
-2.275 -0.125 0.0000e+00
-2.275 -0.075 0.0000e+00
-2.275 -0.025 0.0000e+00
-2.275 0.025 0.0000e+00
-2.275 0.075 0.0000e+00
-2.275 0.125 0.0000e+00
-2.275 0.175 0.0000e+00
-2.275 0.225 0.0000e+00
-2.275 0.275 0.0000e+00
-2.275 0.325 0.0000e+00
-2.275 0.375 0.0000e+00
-2.275 0.425 0.0000e+00
-2.275 0.475 0.0000e+00
-2.275 0.525 0.0000e+00
-2.275 0.575 0.0000e+00
-2.275 0.625 0.0000e+00
-2.275 0.675 0.0000e+00
-2.275 0.725 0.0000e+00
-2.275 0.775 0.0000e+00
-2.275 0.825 0.0000e+00
-2.275 0.875 0.0000e+00
-2.275 0.925 0.0000e+00
-2.275 0.975 0.0000e+00
-2.275 1.025 0.0000e+00
-2.275 1.075 0.0000e+00
-2.275 1.125 0.0000e+00
-2.275 1.175 0.0000e+00
-2.275 1.225 4.8064e-14
-2.275 1.275 9.5969e-14
-2.275 1.325 1.9162e-13
-2.275 1.375 3.8262e-13
-2.275 1.425 7.6399e-13
-2.275 1.475 1.5254e-12
-2.275 1.525 3.0455e-12
-2.275 1.575 6.0794e-12
-2.275 1.625 1.2133e-11
-2.275 1.675 2.4208e-11
-2.275 1.725 4.8279e-11
-2.275 1.775 9.6230e-11
-2.275 1.825 1.9165e-10
-2.275 1.875 3.8128e-10
-2.275 1.925 7.5746e-10
-2.275 1.975 1.5019e-09
-2.275 2.025 2.9706e-09
-2.275 2.075 5.8565e-09
-2.275 2.125 1.1497e-08
-2.275 2.175 2.2445e-08
-2.275 2.225 4.3508e-08
-2.275 2.275 8.3568e-08
-2.275 2.325 1.5864e-07
-2.275 2.375 2.9671e-07
-2.275 2.425 5.4468e-07
-2.275 2.475 9.7696e-07
-2.275 2.525 1.7034e-06
-2.275 2.575 2.8705e-06
-2.275 2.625 4.6480e-06
-2.275 2.675 7.1896e-06
-2.275 2.725 1.0569e-05
-2.275 2.775 1.4703e-05
-2.275 2.825 1.9307e-05
-2.275 2.875 2.3908e-05
-2.275 2.925 2.7945e-05
-2.275 2.975 3.0910e-05
-2.275 3.025 3.2482e-05
-2.275 3.075 3.2586e-05
-2.275 3.125 3.1373e-05
-2.275 3.175 2.9147e-05
-2.275 3.225 2.6268e-05
-2.275 3.275 2.3074e-05
-2.275 3.325 1.9841e-05
-2.275 3.375 1.6763e-05
-2.275 3.425 1.3959e-05
-2.275 3.475 1.1485e-05
-2.275 3.525 9.3566e-06
-2.275 3.575 7.5577e-06
-2.275 3.625 6.0581e-06
-2.275 3.675 4.8191e-06
-2.275 3.725 3.7983e-06
-2.275 3.775 2.9460e-06
-2.275 3.825 0.0000e+00
-2.275 3.875 0.0000e+00
-2.275 3.925 0.0000e+00
-2.275 3.975 0.0000e+00
-2.225 -1.975 0.0000e+00
-2.225 -1.925 0.0000e+00
-2.225 -1.875 0.0000e+00
-2.225 -1.825 0.0000e+00
-2.225 -1.775 0.0000e+00
-2.225 -1.725 0.0000e+00
-2.225 -1.675 0.0000e+00
-2.225 -1.625 0.0000e+00
-2.225 -1.575 0.0000e+00
-2.225 -1.525 0.0000e+00
-2.225 -1.475 0.0000e+00
-2.225 -1.425 0.0000e+00
-2.225 -1.375 0.0000e+00
-2.225 -1.325 0.0000e+00
-2.225 -1.275 0.0000e+00
-2.225 -1.225 0.0000e+00
-2.225 -1.175 0.0000e+00
-2.225 -1.125 0.0000e+00
-2.225 -1.075 0.0000e+00
-2.225 -1.025 0.0000e+00
-2.225 -0.975 0.0000e+00
-2.225 -0.925 0.0000e+00
-2.225 -0.875 0.0000e+00
-2.225 -0.825 0.0000e+00
-2.225 -0.775 0.0000e+00
-2.225 -0.725 0.0000e+00
-2.225 -0.675 0.0000e+00
-2.225 -0.625 0.0000e+00
-2.225 -0.575 0.0000e+00
-2.225 -0.525 0.0000e+00
-2.225 -0.475 0.0000e+00
-2.225 -0.425 0.0000e+00
-2.225 -0.375 0.0000e+00
-2.225 -0.325 0.0000e+00
-2.225 -0.275 0.0000e+00
-2.225 -0.225 0.0000e+00
-2.225 -0.175 0.0000e+00
-2.225 -0.125 0.0000e+00
-2.225 -0.075 0.0000e+00
-2.225 -0.025 0.0000e+00
-2.225 0.025 0.0000e+00
-2.225 0.075 0.0000e+00
-2.225 0.125 0.0000e+00
-2.225 0.175 0.0000e+00
-2.225 0.225 0.0000e+00
-2.225 0.275 0.0000e+00
-2.225 0.325 0.0000e+00
-2.225 0.375 0.0000e+00
-2.225 0.425 0.0000e+00
-2.225 0.475 0.0000e+00
-2.225 0.525 0.0000e+00
-2.225 0.575 0.0000e+00
-2.225 0.625 0.0000e+00
-2.225 0.675 0.0000e+00
-2.225 0.725 0.0000e+00
-2.225 0.775 0.0000e+00
-2.225 0.825 0.0000e+00
-2.225 0.875 0.0000e+00
-2.225 0.925 0.0000e+00
-2.225 0.975 0.0000e+00
-2.225 1.025 0.0000e+00
-2.225 1.075 0.0000e+00
-2.225 1.125 0.0000e+00
-2.225 1.175 0.0000e+00
-2.225 1.225 6.0480e-14
-2.225 1.275 1.2074e-13
-2.225 1.325 2.4106e-13
-2.225 1.375 4.8124e-13
-2.225 1.425 9.6066e-13
-2.225 1.475 1.9175e-12
-2.225 1.525 3.8267e-12
-2.225 1.575 7.6351e-12
-2.225 1.625 1.5229e-11
-2.225 1.675 3.0360e-11
-2.225 1.725 6.0489e-11
-2.225 1.775 1.2041e-10
-2.225 1.825 2.3944e-10
-2.225 1.875 4.7540e-10
-2.225 1.925 9.4204e-10
-2.225 1.975 1.8620e-09
-2.225 2.025 3.6679e-09
-2.225 2.075 7.1942e-09
-2.225 2.125 1.4032e-08
-2.225 2.175 2.7171e-08
-2.225 2.225 5.2129e-08
-2.225 2.275 9.8839e-08
-2.225 2.325 1.8463e-07
-2.225 2.375 3.3847e-07
-2.225 2.425 6.0627e-07
-2.225 2.475 1.0556e-06
-2.225 2.525 1.7767e-06
-2.225 2.575 2.8736e-06
-2.225 2.625 4.4409e-06
-2.225 2.675 6.5236e-06
-2.225 2.725 9.0722e-06
-2.225 2.775 1.1913e-05
-2.225 2.825 1.4756e-05
-2.225 2.875 1.7259e-05
-2.225 2.925 1.9108e-05
-2.225 2.975 2.0103e-05
-2.225 3.025 2.0194e-05
-2.225 3.075 1.9472e-05
-2.225 3.125 1.8119e-05
-2.225 3.175 1.6355e-05
-2.225 3.225 1.4390e-05
-2.225 3.275 1.2395e-05
-2.225 3.325 1.0489e-05
-2.225 3.375 8.7497e-06
-2.225 3.425 7.2124e-06
-2.225 3.475 5.8872e-06
-2.225 3.525 4.7663e-06
-2.225 3.575 3.8314e-06
-2.225 3.625 3.0599e-06
-2.225 3.675 2.4272e-06
-2.225 3.725 1.9090e-06
-2.225 3.775 1.4784e-06
-2.225 3.825 0.0000e+00
-2.225 3.875 0.0000e+00
-2.225 3.925 0.0000e+00
-2.225 3.975 0.0000e+00
-2.175 -1.975 0.0000e+00
-2.175 -1.925 0.0000e+00
-2.175 -1.875 0.0000e+00
-2.175 -1.825 0.0000e+00
-2.175 -1.775 0.0000e+00
-2.175 -1.725 0.0000e+00
-2.175 -1.675 0.0000e+00
-2.175 -1.625 0.0000e+00
-2.175 -1.575 0.0000e+00
-2.175 -1.525 0.0000e+00
-2.175 -1.475 0.0000e+00
-2.175 -1.425 0.0000e+00
-2.175 -1.375 0.0000e+00
-2.175 -1.325 0.0000e+00
-2.175 -1.275 0.0000e+00
-2.175 -1.225 0.0000e+00
-2.175 -1.175 0.0000e+00
-2.175 -1.125 0.0000e+00
-2.175 -1.075 0.0000e+00
-2.175 -1.025 0.0000e+00
-2.175 -0.975 0.0000e+00
-2.175 -0.925 0.0000e+00
-2.175 -0.875 0.0000e+00
-2.175 -0.825 0.0000e+00
-2.175 -0.775 0.0000e+00
-2.175 -0.725 0.0000e+00
-2.175 -0.675 0.0000e+00
-2.175 -0.625 0.0000e+00
-2.175 -0.575 0.0000e+00
-2.175 -0.525 0.0000e+00
-2.175 -0.475 0.0000e+00
-2.175 -0.425 0.0000e+00
-2.175 -0.375 0.0000e+00
-2.175 -0.325 0.0000e+00
-2.175 -0.275 0.0000e+00
-2.175 -0.225 0.0000e+00
-2.175 -0.175 0.0000e+00
-2.175 -0.125 0.0000e+00
-2.175 -0.075 0.0000e+00
-2.175 -0.025 0.0000e+00
-2.175 0.025 0.0000e+00
-2.175 0.075 0.0000e+00
-2.175 0.125 0.0000e+00
-2.175 0.175 0.0000e+00
-2.175 0.225 0.0000e+00
-2.175 0.275 0.0000e+00
-2.175 0.325 0.0000e+00
-2.175 0.375 0.0000e+00
-2.175 0.425 0.0000e+00
-2.175 0.475 0.0000e+00
-2.175 0.525 0.0000e+00
-2.175 0.575 0.0000e+00
-2.175 0.625 0.0000e+00
-2.175 0.675 0.0000e+00
-2.175 0.725 0.0000e+00
-2.175 0.775 0.0000e+00
-2.175 0.825 0.0000e+00
-2.175 0.875 0.0000e+00
-2.175 0.925 0.0000e+00
-2.175 0.975 0.0000e+00
-2.175 1.025 0.0000e+00
-2.175 1.075 0.0000e+00
-2.175 1.125 0.0000e+00
-2.175 1.175 0.0000e+00
-2.175 1.225 7.6094e-14
-2.175 1.275 1.5189e-13
-2.175 1.325 3.0318e-13
-2.175 1.375 6.0511e-13
-2.175 1.425 1.2076e-12
-2.175 1.475 2.4094e-12
-2.175 1.525 4.8060e-12
-2.175 1.575 9.5830e-12
-2.175 1.625 1.9099e-11
-2.175 1.675 3.8038e-11
-2.175 1.725 7.5691e-11
-2.175 1.775 1.5044e-10
-2.175 1.825 2.9854e-10
-2.175 1.875 5.9126e-10
-2.175 1.925 1.1679e-09
-2.175 1.975 2.2990e-09
-2.175 2.025 4.5059e-09
-2.175 2.075 8.7809e-09
-2.175 2.125 1.6988e-08
-2.175 2.175 3.2559e-08
-2.175 2.225 6.1667e-08
-2.175 2.275 1.1506e-07
-2.175 2.325 2.1068e-07
-2.175 2.375 3.7693e-07
-2.175 2.425 6.5553e-07
-2.175 2.475 1.1021e-06
-2.175 2.525 1.7807e-06
-2.175 2.575 2.7496e-06
-2.175 2.625 4.0368e-06
-2.175 2.675 5.6120e-06
-2.175 2.725 7.3689e-06
-2.175 2.775 9.1304e-06
-2.175 2.825 1.0685e-05
-2.175 2.875 1.1839e-05
-2.175 2.925 1.2469e-05
-2.175 2.975 1.2540e-05
-2.175 3.025 1.2107e-05
-2.175 3.075 1.1282e-05
-2.175 3.125 1.0198e-05
-2.175 3.175 8.9857e-06
-2.175 3.225 7.7507e-06
-2.175 3.275 6.5689e-06
-2.175 3.325 5.4875e-06
-2.175 3.375 4.5302e-06
-2.175 3.425 3.7039e-06
-2.175 3.475 3.0040e-06
-2.175 3.525 2.4199e-06
-2.175 3.575 1.9378e-06
-2.175 3.625 1.5430e-06
-2.175 3.675 1.2213e-06
-2.175 3.725 9.5894e-07
-2.175 3.775 7.4169e-07
-2.175 3.825 0.0000e+00
-2.175 3.875 0.0000e+00
-2.175 3.925 0.0000e+00
-2.175 3.975 0.0000e+00
-2.125 -1.975 0.0000e+00
-2.125 -1.925 0.0000e+00
-2.125 -1.875 0.0000e+00
-2.125 -1.825 0.0000e+00
-2.125 -1.775 0.0000e+00
-2.125 -1.725 0.0000e+00
-2.125 -1.675 0.0000e+00
-2.125 -1.625 0.0000e+00
-2.125 -1.575 0.0000e+00
-2.125 -1.525 0.0000e+00
-2.125 -1.475 0.0000e+00
-2.125 -1.425 0.0000e+00
-2.125 -1.375 0.0000e+00
-2.125 -1.325 0.0000e+00
-2.125 -1.275 0.0000e+00
-2.125 -1.225 0.0000e+00
-2.125 -1.175 0.0000e+00
-2.125 -1.125 0.0000e+00
-2.125 -1.075 0.0000e+00
-2.125 -1.025 0.0000e+00
-2.125 -0.975 0.0000e+00
-2.125 -0.925 0.0000e+00
-2.125 -0.875 0.0000e+00
-2.125 -0.825 0.0000e+00
-2.125 -0.775 0.0000e+00
-2.125 -0.725 0.0000e+00
-2.125 -0.675 0.0000e+00
-2.125 -0.625 0.0000e+00
-2.125 -0.575 0.0000e+00
-2.125 -0.525 0.0000e+00
-2.125 -0.475 0.0000e+00
-2.125 -0.425 0.0000e+00
-2.125 -0.375 0.0000e+00
-2.125 -0.325 0.0000e+00
-2.125 -0.275 0.0000e+00
-2.125 -0.225 0.0000e+00
-2.125 -0.175 0.0000e+00
-2.125 -0.125 0.0000e+00
-2.125 -0.075 0.0000e+00
-2.125 -0.025 0.0000e+00
-2.125 0.025 0.0000e+00
-2.125 0.075 0.0000e+00
-2.125 0.125 0.0000e+00
-2.125 0.175 0.0000e+00
-2.125 0.225 0.0000e+00
-2.125 0.275 0.0000e+00
-2.125 0.325 0.0000e+00
-2.125 0.375 0.0000e+00
-2.125 0.425 0.0000e+00
-2.125 0.475 0.0000e+00
-2.125 0.525 0.0000e+00
-2.125 0.575 0.0000e+00
-2.125 0.625 0.0000e+00
-2.125 0.675 0.0000e+00
-2.125 0.725 0.0000e+00
-2.125 0.775 0.0000e+00
-2.125 0.825 0.0000e+00
-2.125 0.875 0.0000e+00
-2.125 0.925 0.0000e+00
-2.125 0.975 0.0000e+00
-2.125 1.025 0.0000e+00
-2.125 1.075 0.0000e+00
-2.125 1.125 0.0000e+00
-2.125 1.175 0.0000e+00
-2.125 1.225 9.5724e-14
-2.125 1.275 1.9104e-13
-2.125 1.325 3.8123e-13
-2.125 1.375 7.6064e-13
-2.125 1.425 1.5173e-12
-2.125 1.475 3.0260e-12
-2.125 1.525 6.0321e-12
-2.125 1.575 1.2019e-11
-2.125 1.625 2.3929e-11
-2.125 1.675 4.7599e-11
-2.125 1.725 9.4566e-11
-2.125 1.775 1.8758e-10
-2.125 1.825 3.7131e-10
-2.125 1.875 7.3302e-10
-2.125 1.925 1.4421e-09
-2.125 1.975 2.8244e-09
-2.125 2.025 5.5000e-09
-2.125 2.075 1.0632e-08
-2.125 2.125 2.0359e-08
-2.125 2.175 3.8523e-08
-2.125 2.225 7.1804e-08
-2.125 2.275 1.3134e-07
-2.125 2.325 2.3473e-07
-2.125 2.375 4.0780e-07
-2.125 2.425 6.8492e-07
-2.125 2.475 1.1057e-06
-2.125 2.525 1.7061e-06
-2.125 2.575 2.5034e-06
-2.125 2.625 3.4793e-06
-2.125 2.675 4.5684e-06
-2.125 2.725 5.6619e-06
-2.125 2.775 6.6291e-06
-2.125 2.825 7.3506e-06
-2.125 2.875 7.7484e-06
-2.125 2.925 7.8010e-06
-2.125 2.975 7.5404e-06
-2.125 3.025 7.0347e-06
-2.125 3.075 6.3669e-06
-2.125 3.125 5.6171e-06
-2.125 3.175 4.8512e-06
-2.125 3.225 4.1167e-06
-2.125 3.275 3.4434e-06
-2.125 3.325 2.8464e-06
-2.125 3.375 2.3303e-06
-2.125 3.425 1.8928e-06
-2.125 3.475 1.5273e-06
-2.125 3.525 1.2254e-06
-2.125 3.575 9.7828e-07
-2.125 3.625 7.7715e-07
-2.125 3.675 6.1401e-07
-2.125 3.725 4.8147e-07
-2.125 3.775 3.7202e-07
-2.125 3.825 0.0000e+00
-2.125 3.875 0.0000e+00
-2.125 3.925 0.0000e+00
-2.125 3.975 0.0000e+00
-2.075 -1.975 0.0000e+00
-2.075 -1.925 0.0000e+00
-2.075 -1.875 0.0000e+00
-2.075 -1.825 0.0000e+00
-2.075 -1.775 0.0000e+00
-2.075 -1.725 0.0000e+00
-2.075 -1.675 0.0000e+00
-2.075 -1.625 0.0000e+00
-2.075 -1.575 0.0000e+00
-2.075 -1.525 0.0000e+00
-2.075 -1.475 0.0000e+00
-2.075 -1.425 0.0000e+00
-2.075 -1.375 0.0000e+00
-2.075 -1.325 0.0000e+00
-2.075 -1.275 0.0000e+00
-2.075 -1.225 0.0000e+00
-2.075 -1.175 0.0000e+00
-2.075 -1.125 0.0000e+00
-2.075 -1.075 0.0000e+00
-2.075 -1.025 0.0000e+00
-2.075 -0.975 0.0000e+00
-2.075 -0.925 0.0000e+00
-2.075 -0.875 0.0000e+00
-2.075 -0.825 0.0000e+00
-2.075 -0.775 0.0000e+00
-2.075 -0.725 0.0000e+00
-2.075 -0.675 0.0000e+00
-2.075 -0.625 0.0000e+00
-2.075 -0.575 0.0000e+00
-2.075 -0.525 0.0000e+00
-2.075 -0.475 0.0000e+00
-2.075 -0.425 0.0000e+00
-2.075 -0.375 0.0000e+00
-2.075 -0.325 0.0000e+00
-2.075 -0.275 0.0000e+00
-2.075 -0.225 0.0000e+00
-2.075 -0.175 0.0000e+00
-2.075 -0.125 0.0000e+00
-2.075 -0.075 0.0000e+00
-2.075 -0.025 0.0000e+00
-2.075 0.025 0.0000e+00
-2.075 0.075 0.0000e+00
-2.075 0.125 0.0000e+00
-2.075 0.175 0.0000e+00
-2.075 0.225 0.0000e+00
-2.075 0.275 0.0000e+00
-2.075 0.325 0.0000e+00
-2.075 0.375 0.0000e+00
-2.075 0.425 0.0000e+00
-2.075 0.475 0.0000e+00
-2.075 0.525 0.0000e+00
-2.075 0.575 0.0000e+00
-2.075 0.625 0.0000e+00
-2.075 0.675 0.0000e+00
-2.075 0.725 0.0000e+00
-2.075 0.775 0.0000e+00
-2.075 0.825 0.0000e+00
-2.075 0.875 0.0000e+00
-2.075 0.925 0.0000e+00
-2.075 0.975 0.0000e+00
-2.075 1.025 0.0000e+00
-2.075 1.075 0.0000e+00
-2.075 1.125 0.0000e+00
-2.075 1.175 0.0000e+00
-2.075 1.225 1.2039e-13
-2.075 1.275 2.4022e-13
-2.075 1.325 4.7921e-13
-2.075 1.375 9.5577e-13
-2.075 1.425 1.9057e-12
-2.075 1.475 3.7980e-12
-2.075 1.525 7.5652e-12
-2.075 1.575 1.5058e-11
-2.075 1.625 2.9943e-11
-2.075 1.675 5.9468e-11
-2.075 1.725 1.1791e-10
-2.075 1.775 2.3330e-10
-2.075 1.825 4.6034e-10
-2.075 1.875 9.0515e-10
-2.075 1.925 1.7717e-09
-2.075 1.975 3.4477e-09
-2.075 2.025 6.6597e-09
-2.075 2.075 1.2743e-08
-2.075 2.125 2.4091e-08
-2.075 2.175 4.4864e-08
-2.075 2.225 8.1988e-08
-2.075 2.275 1.4639e-07
-2.075 2.325 2.5409e-07
-2.075 2.375 4.2638e-07
-2.075 2.425 6.8779e-07
-2.075 2.475 1.0606e-06
-2.075 2.525 1.5555e-06
-2.075 2.575 2.1613e-06
-2.075 2.625 2.8378e-06
-2.075 2.675 3.5178e-06
-2.075 2.725 4.1205e-06
-2.075 2.775 4.5720e-06
-2.075 2.825 4.8232e-06
-2.075 2.875 4.8605e-06
-2.075 2.925 4.7029e-06
-2.075 2.975 4.3922e-06
-2.075 3.025 3.9796e-06
-2.075 3.075 3.5149e-06
-2.075 3.125 3.0390e-06
-2.075 3.175 2.5817e-06
-2.075 3.225 2.1618e-06
-2.075 3.275 1.7890e-06
-2.075 3.325 1.4664e-06
-2.075 3.375 1.1925e-06
-2.075 3.425 9.6347e-07
-2.075 3.475 7.7424e-07
-2.075 3.525 6.1924e-07
-2.075 3.575 4.9314e-07
-2.075 3.625 3.9102e-07
-2.075 3.675 3.0850e-07
-2.075 3.725 2.4165e-07
-2.075 3.775 1.8657e-07
-2.075 3.825 0.0000e+00
-2.075 3.875 0.0000e+00
-2.075 3.925 0.0000e+00
-2.075 3.975 0.0000e+00
-2.025 -1.975 0.0000e+00
-2.025 -1.925 0.0000e+00
-2.025 -1.875 0.0000e+00
-2.025 -1.825 0.0000e+00
-2.025 -1.775 0.0000e+00
-2.025 -1.725 0.0000e+00
-2.025 -1.675 0.0000e+00
-2.025 -1.625 0.0000e+00
-2.025 -1.575 0.0000e+00
-2.025 -1.525 0.0000e+00
-2.025 -1.475 0.0000e+00
-2.025 -1.425 0.0000e+00
-2.025 -1.375 0.0000e+00
-2.025 -1.325 0.0000e+00
-2.025 -1.275 0.0000e+00
-2.025 -1.225 0.0000e+00
-2.025 -1.175 0.0000e+00
-2.025 -1.125 0.0000e+00
-2.025 -1.075 0.0000e+00
-2.025 -1.025 0.0000e+00
-2.025 -0.975 0.0000e+00
-2.025 -0.925 0.0000e+00
-2.025 -0.875 0.0000e+00
-2.025 -0.825 0.0000e+00
-2.025 -0.775 0.0000e+00
-2.025 -0.725 0.0000e+00
-2.025 -0.675 0.0000e+00
-2.025 -0.625 0.0000e+00
-2.025 -0.575 0.0000e+00
-2.025 -0.525 0.0000e+00
-2.025 -0.475 0.0000e+00
-2.025 -0.425 0.0000e+00
-2.025 -0.375 0.0000e+00
-2.025 -0.325 0.0000e+00
-2.025 -0.275 0.0000e+00
-2.025 -0.225 0.0000e+00
-2.025 -0.175 0.0000e+00
-2.025 -0.125 0.0000e+00
-2.025 -0.075 0.0000e+00
-2.025 -0.025 0.0000e+00
-2.025 0.025 0.0000e+00
-2.025 0.075 0.0000e+00
-2.025 0.125 0.0000e+00
-2.025 0.175 0.0000e+00
-2.025 0.225 0.0000e+00
-2.025 0.275 0.0000e+00
-2.025 0.325 0.0000e+00
-2.025 0.375 0.0000e+00
-2.025 0.425 0.0000e+00
-2.025 0.475 0.0000e+00
-2.025 0.525 0.0000e+00
-2.025 0.575 0.0000e+00
-2.025 0.625 0.0000e+00
-2.025 0.675 0.0000e+00
-2.025 0.725 0.0000e+00
-2.025 0.775 0.0000e+00
-2.025 0.825 0.0000e+00
-2.025 0.875 0.0000e+00
-2.025 0.925 0.0000e+00
-2.025 0.975 0.0000e+00
-2.025 1.025 0.0000e+00
-2.025 1.075 0.0000e+00
-2.025 1.125 0.0000e+00
-2.025 1.175 0.0000e+00
-2.025 1.225 1.5139e-13
-2.025 1.275 3.0196e-13
-2.025 1.325 6.0215e-13
-2.025 1.375 1.2004e-12
-2.025 1.425 2.3919e-12
-2.025 1.475 4.7632e-12
-2.025 1.525 9.4785e-12
-2.025 1.575 1.8843e-11
-2.025 1.625 3.7410e-11
-2.025 1.675 7.4150e-11
-2.025 1.725 1.4665e-10
-2.025 1.775 2.8925e-10
-2.025 1.825 5.6845e-10
-2.025 1.875 1.1121e-09
-2.025 1.925 2.1628e-09
-2.025 1.975 4.1750e-09
-2.025 2.025 7.9828e-09
-2.025 2.075 1.5081e-08
-2.025 2.125 2.8062e-08
-2.025 2.175 5.1241e-08
-2.025 2.225 9.1413e-08
-2.025 2.275 1.5854e-07
-2.025 2.325 2.6583e-07
-2.025 2.375 4.2851e-07
-2.025 2.425 6.6039e-07
-2.025 2.475 9.6818e-07
-2.025 2.525 1.3450e-06
-2.025 2.575 1.7659e-06
-2.025 2.625 2.1894e-06
-2.025 2.675 2.5656e-06
-2.025 2.725 2.8482e-06
-2.025 2.775 3.0069e-06
-2.025 2.825 3.0326e-06
-2.025 2.875 2.9369e-06
-2.025 2.925 2.7455e-06
-2.025 2.975 2.4900e-06
-2.025 3.025 2.2014e-06
-2.025 3.075 1.9052e-06
-2.025 3.125 1.6201e-06
-2.025 3.175 1.3579e-06
-2.025 3.225 1.1248e-06
-2.025 3.275 9.2285e-07
-2.025 3.325 7.5124e-07
-2.025 3.375 6.0764e-07
-2.025 3.425 4.8889e-07
-2.025 3.475 3.9158e-07
-2.025 3.525 3.1240e-07
-2.025 3.575 2.4830e-07
-2.025 3.625 1.9659e-07
-2.025 3.675 1.5492e-07
-2.025 3.725 1.2125e-07
-2.025 3.775 9.3557e-08
-2.025 3.825 0.0000e+00
-2.025 3.875 0.0000e+00
-2.025 3.925 0.0000e+00
-2.025 3.975 0.0000e+00
-1.975 -1.975 0.0000e+00
-1.975 -1.925 0.0000e+00
-1.975 -1.875 0.0000e+00
-1.975 -1.825 0.0000e+00
-1.975 -1.775 0.0000e+00
-1.975 -1.725 0.0000e+00
-1.975 -1.675 0.0000e+00
-1.975 -1.625 0.0000e+00
-1.975 -1.575 0.0000e+00
-1.975 -1.525 0.0000e+00
-1.975 -1.475 0.0000e+00
-1.975 -1.425 0.0000e+00
-1.975 -1.375 0.0000e+00
-1.975 -1.325 0.0000e+00
-1.975 -1.275 0.0000e+00
-1.975 -1.225 0.0000e+00
-1.975 -1.175 0.0000e+00
-1.975 -1.125 0.0000e+00
-1.975 -1.075 0.0000e+00
-1.975 -1.025 0.0000e+00
-1.975 -0.975 0.0000e+00
-1.975 -0.925 0.0000e+00
-1.975 -0.875 0.0000e+00
-1.975 -0.825 0.0000e+00
-1.975 -0.775 0.0000e+00
-1.975 -0.725 0.0000e+00
-1.975 -0.675 0.0000e+00
-1.975 -0.625 0.0000e+00
-1.975 -0.575 0.0000e+00
-1.975 -0.525 0.0000e+00
-1.975 -0.475 0.0000e+00
-1.975 -0.425 0.0000e+00
-1.975 -0.375 0.0000e+00
-1.975 -0.325 0.0000e+00
-1.975 -0.275 0.0000e+00
-1.975 -0.225 0.0000e+00
-1.975 -0.175 0.0000e+00
-1.975 -0.125 0.0000e+00
-1.975 -0.075 0.0000e+00
-1.975 -0.025 0.0000e+00
-1.975 0.025 0.0000e+00
-1.975 0.075 0.0000e+00
-1.975 0.125 0.0000e+00
-1.975 0.175 0.0000e+00
-1.975 0.225 0.0000e+00
-1.975 0.275 0.0000e+00
-1.975 0.325 0.0000e+00
-1.975 0.375 0.0000e+00
-1.975 0.425 0.0000e+00
-1.975 0.475 0.0000e+00
-1.975 0.525 0.0000e+00
-1.975 0.575 0.0000e+00
-1.975 0.625 0.0000e+00
-1.975 0.675 0.0000e+00
-1.975 0.725 0.0000e+00
-1.975 0.775 0.0000e+00
-1.975 0.825 0.0000e+00
-1.975 0.875 0.0000e+00
-1.975 0.925 0.0000e+00
-1.975 0.975 0.0000e+00
-1.975 1.025 0.0000e+00
-1.975 1.075 0.0000e+00
-1.975 1.125 0.0000e+00
-1.975 1.175 0.0000e+00
-1.975 1.225 1.9030e-13
-1.975 1.275 3.7942e-13
-1.975 1.325 7.5625e-13
-1.975 1.375 1.5066e-12
-1.975 1.425 2.9997e-12
-1.975 1.475 5.9679e-12
-1.975 1.525 1.1861e-11
-1.975 1.575 2.3542e-11
-1.975 1.625 4.6647e-11
-1.975 1.675 9.2225e-11
-1.975 1.725 1.8183e-10
-1.975 1.775 3.5718e-10
-1.975 1.825 6.9842e-10
-1.975 1.875 1.3576e-09
-1.975 1.925 2.6192e-09
-1.975 1.975 5.0049e-09
-1.975 2.025 9.4488e-09
-1.975 2.075 1.7570e-08
-1.975 2.125 3.2058e-08
-1.975 2.175 5.7149e-08
-1.975 2.225 9.9040e-08
-1.975 2.275 1.6595e-07
-1.975 2.325 2.6735e-07
-1.975 2.375 4.1182e-07
-1.975 2.425 6.0353e-07
-1.975 2.475 8.3823e-07
-1.975 2.525 1.1005e-06
-1.975 2.575 1.3647e-06
-1.975 2.625 1.5997e-06
-1.975 2.675 1.7769e-06
-1.975 2.725 1.8771e-06
-1.975 2.775 1.8945e-06
-1.975 2.825 1.8362e-06
-1.975 2.875 1.7179e-06
-1.975 2.925 1.5594e-06
-1.975 2.975 1.3798e-06
-1.975 3.025 1.1952e-06
-1.975 3.075 1.0172e-06
-1.975 3.125 8.5332e-07
-1.975 3.175 7.0744e-07
-1.975 3.225 5.8090e-07
-1.975 3.275 4.7329e-07
-1.975 3.325 3.8318e-07
-1.975 3.375 3.0860e-07
-1.975 3.425 2.4745e-07
-1.975 3.475 1.9768e-07
-1.975 3.525 1.5739e-07
-1.975 3.575 1.2490e-07
-1.975 3.625 9.8772e-08
-1.975 3.675 7.7769e-08
-1.975 3.725 6.0825e-08
-1.975 3.775 4.6910e-08
-1.975 3.825 0.0000e+00
-1.975 3.875 0.0000e+00
-1.975 3.925 0.0000e+00
-1.975 3.975 0.0000e+00
-1.925 -1.975 0.0000e+00
-1.925 -1.925 0.0000e+00
-1.925 -1.875 0.0000e+00
-1.925 -1.825 0.0000e+00
-1.925 -1.775 0.0000e+00
-1.925 -1.725 0.0000e+00
-1.925 -1.675 0.0000e+00
-1.925 -1.625 0.0000e+00
-1.925 -1.575 0.0000e+00
-1.925 -1.525 0.0000e+00
-1.925 -1.475 0.0000e+00
-1.925 -1.425 0.0000e+00
-1.925 -1.375 0.0000e+00
-1.925 -1.325 0.0000e+00
-1.925 -1.275 0.0000e+00
-1.925 -1.225 0.0000e+00
-1.925 -1.175 0.0000e+00
-1.925 -1.125 0.0000e+00
-1.925 -1.075 0.0000e+00
-1.925 -1.025 0.0000e+00
-1.925 -0.975 0.0000e+00
-1.925 -0.925 0.0000e+00
-1.925 -0.875 0.0000e+00
-1.925 -0.825 0.0000e+00
-1.925 -0.775 0.0000e+00
-1.925 -0.725 0.0000e+00
-1.925 -0.675 0.0000e+00
-1.925 -0.625 0.0000e+00
-1.925 -0.575 0.0000e+00
-1.925 -0.525 0.0000e+00
-1.925 -0.475 0.0000e+00
-1.925 -0.425 0.0000e+00
-1.925 -0.375 0.0000e+00
-1.925 -0.325 0.0000e+00
-1.925 -0.275 0.0000e+00
-1.925 -0.225 0.0000e+00
-1.925 -0.175 0.0000e+00
-1.925 -0.125 0.0000e+00
-1.925 -0.075 0.0000e+00
-1.925 -0.025 0.0000e+00
-1.925 0.025 0.0000e+00
-1.925 0.075 0.0000e+00
-1.925 0.125 0.0000e+00
-1.925 0.175 0.0000e+00
-1.925 0.225 0.0000e+00
-1.925 0.275 0.0000e+00
-1.925 0.325 0.0000e+00
-1.925 0.375 0.0000e+00
-1.925 0.425 0.0000e+00
-1.925 0.475 0.0000e+00
-1.925 0.525 0.0000e+00
-1.925 0.575 0.0000e+00
-1.925 0.625 0.0000e+00
-1.925 0.675 0.0000e+00
-1.925 0.725 0.0000e+00
-1.925 0.775 0.0000e+00
-1.925 0.825 0.0000e+00
-1.925 0.875 0.0000e+00
-1.925 0.925 0.0000e+00
-1.925 0.975 0.0000e+00
-1.925 1.025 0.0000e+00
-1.925 1.075 0.0000e+00
-1.925 1.125 0.0000e+00
-1.925 1.175 0.0000e+00
-1.925 1.225 2.3911e-13
-1.925 1.275 4.7652e-13
-1.925 1.325 9.4919e-13
-1.925 1.375 1.8895e-12
-1.925 1.425 3.7584e-12
-1.925 1.475 7.4679e-12
-1.925 1.525 1.4819e-11
-1.925 1.575 2.9354e-11
-1.925 1.625 5.8018e-11
-1.925 1.675 1.1435e-10
-1.925 1.725 2.2454e-10
-1.925 1.775 4.3886e-10
-1.925 1.825 8.5267e-10
-1.925 1.875 1.6442e-09
-1.925 1.925 3.1400e-09
-1.925 1.975 5.9246e-09
-1.925 2.025 1.1010e-08
-1.925 2.075 2.0076e-08
-1.925 2.125 3.5764e-08
-1.925 2.175 6.1940e-08
-1.925 2.225 1.0373e-07
-1.925 2.275 1.6701e-07
-1.925 2.325 2.5714e-07
-1.925 2.375 3.7672e-07
-1.925 2.425 5.2314e-07
-1.925 2.475 6.8683e-07
-1.925 2.525 8.5184e-07
-1.925 2.575 9.9883e-07
-1.925 2.625 1.1099e-06
-1.925 2.675 1.1731e-06
-1.925 2.725 1.1848e-06
-1.925 2.775 1.1491e-06
-1.925 2.825 1.0759e-06
-1.925 2.875 9.7741e-07
-1.925 2.925 8.6552e-07
-1.925 2.975 7.5028e-07
-1.925 3.025 6.3902e-07
-1.925 3.075 5.3645e-07
-1.925 3.125 4.4507e-07
-1.925 3.175 3.6573e-07
-1.925 3.225 2.9820e-07
-1.925 3.275 2.4161e-07
-1.925 3.325 1.9475e-07
-1.925 3.375 1.5631e-07
-1.925 3.425 1.2500e-07
-1.925 3.475 9.9649e-08
-1.925 3.525 7.9210e-08
-1.925 3.575 6.2782e-08
-1.925 3.625 4.9602e-08
-1.925 3.675 3.9027e-08
-1.925 3.725 3.0508e-08
-1.925 3.775 2.3519e-08
-1.925 3.825 0.0000e+00
-1.925 3.875 0.0000e+00
-1.925 3.925 0.0000e+00
-1.925 3.975 0.0000e+00
-1.875 -1.975 0.0000e+00
-1.875 -1.925 0.0000e+00
-1.875 -1.875 0.0000e+00
-1.875 -1.825 0.0000e+00
-1.875 -1.775 0.0000e+00
-1.875 -1.725 0.0000e+00
-1.875 -1.675 0.0000e+00
-1.875 -1.625 0.0000e+00
-1.875 -1.575 0.0000e+00
-1.875 -1.525 0.0000e+00
-1.875 -1.475 0.0000e+00
-1.875 -1.425 0.0000e+00
-1.875 -1.375 0.0000e+00
-1.875 -1.325 0.0000e+00
-1.875 -1.275 0.0000e+00
-1.875 -1.225 0.0000e+00
-1.875 -1.175 0.0000e+00
-1.875 -1.125 0.0000e+00
-1.875 -1.075 0.0000e+00
-1.875 -1.025 0.0000e+00
-1.875 -0.975 0.0000e+00
-1.875 -0.925 0.0000e+00
-1.875 -0.875 0.0000e+00
-1.875 -0.825 0.0000e+00
-1.875 -0.775 0.0000e+00
-1.875 -0.725 0.0000e+00
-1.875 -0.675 0.0000e+00
-1.875 -0.625 0.0000e+00
-1.875 -0.575 0.0000e+00
-1.875 -0.525 0.0000e+00
-1.875 -0.475 0.0000e+00
-1.875 -0.425 0.0000e+00
-1.875 -0.375 0.0000e+00
-1.875 -0.325 0.0000e+00
-1.875 -0.275 0.0000e+00
-1.875 -0.225 0.0000e+00
-1.875 -0.175 0.0000e+00
-1.875 -0.125 0.0000e+00
-1.875 -0.075 0.0000e+00
-1.875 -0.025 0.0000e+00
-1.875 0.025 0.0000e+00
-1.875 0.075 0.0000e+00
-1.875 0.125 0.0000e+00
-1.875 0.175 0.0000e+00
-1.875 0.225 0.0000e+00
-1.875 0.275 0.0000e+00
-1.875 0.325 0.0000e+00
-1.875 0.375 0.0000e+00
-1.875 0.425 0.0000e+00
-1.875 0.475 0.0000e+00
-1.875 0.525 0.0000e+00
-1.875 0.575 0.0000e+00
-1.875 0.625 0.0000e+00
-1.875 0.675 0.0000e+00
-1.875 0.725 0.0000e+00
-1.875 0.775 0.0000e+00
-1.875 0.825 0.0000e+00
-1.875 0.875 0.0000e+00
-1.875 0.925 0.0000e+00
-1.875 0.975 0.0000e+00
-1.875 1.025 0.0000e+00
-1.875 1.075 0.0000e+00
-1.875 1.125 0.0000e+00
-1.875 1.175 0.0000e+00
-1.875 1.225 3.0031e-13
-1.875 1.275 5.9810e-13
-1.875 1.325 1.1904e-12
-1.875 1.375 2.3674e-12
-1.875 1.425 4.7031e-12
-1.875 1.475 9.3303e-12
-1.875 1.525 1.8478e-11
-1.875 1.575 3.6511e-11
-1.875 1.625 7.1934e-11
-1.875 1.675 1.4121e-10
-1.875 1.725 2.7589e-10
-1.875 1.775 5.3580e-10
-1.875 1.825 1.0327e-09
-1.875 1.875 1.9713e-09
-1.875 1.925 3.7174e-09
-1.875 1.975 6.9042e-09
-1.875 2.025 1.2582e-08
-1.875 2.075 2.2402e-08
-1.875 2.125 3.8776e-08
-1.875 2.175 6.4899e-08
-1.875 2.225 1.0444e-07
-1.875 2.275 1.6075e-07
-1.875 2.325 2.3543e-07
-1.875 2.375 3.2688e-07
-1.875 2.425 4.2917e-07
-1.875 2.475 5.3234e-07
-1.875 2.525 6.2437e-07
-1.875 2.575 6.9408e-07
-1.875 2.625 7.3398e-07
-1.875 2.675 7.4170e-07
-1.875 2.725 7.1982e-07
-1.875 2.775 6.7441e-07
-1.875 2.825 6.1307e-07
-1.875 2.875 5.4326e-07
-1.875 2.925 4.7124e-07
-1.875 2.975 4.0163e-07
-1.875 3.025 3.3738e-07
-1.875 3.075 2.8009e-07
-1.875 3.125 2.3030e-07
-1.875 3.175 1.8790e-07
-1.875 3.225 1.5235e-07
-1.875 3.275 1.2288e-07
-1.875 3.325 9.8701e-08
-1.875 3.375 7.9000e-08
-1.875 3.425 6.3042e-08
-1.875 3.475 5.0173e-08
-1.875 3.525 3.9831e-08
-1.875 3.575 3.1539e-08
-1.875 3.625 2.4899e-08
-1.875 3.675 1.9580e-08
-1.875 3.725 1.5299e-08
-1.875 3.775 1.1791e-08
-1.875 3.825 0.0000e+00
-1.875 3.875 0.0000e+00
-1.875 3.925 0.0000e+00
-1.875 3.975 0.0000e+00
-1.825 -1.975 0.0000e+00
-1.825 -1.925 0.0000e+00
-1.825 -1.875 0.0000e+00
-1.825 -1.825 0.0000e+00
-1.825 -1.775 0.0000e+00
-1.825 -1.725 0.0000e+00
-1.825 -1.675 0.0000e+00
-1.825 -1.625 0.0000e+00
-1.825 -1.575 0.0000e+00
-1.825 -1.525 0.0000e+00
-1.825 -1.475 0.0000e+00
-1.825 -1.425 0.0000e+00
-1.825 -1.375 0.0000e+00
-1.825 -1.325 0.0000e+00
-1.825 -1.275 0.0000e+00
-1.825 -1.225 0.0000e+00
-1.825 -1.175 0.0000e+00
-1.825 -1.125 0.0000e+00
-1.825 -1.075 0.0000e+00
-1.825 -1.025 0.0000e+00
-1.825 -0.975 0.0000e+00
-1.825 -0.925 0.0000e+00
-1.825 -0.875 0.0000e+00
-1.825 -0.825 0.0000e+00
-1.825 -0.775 0.0000e+00
-1.825 -0.725 0.0000e+00
-1.825 -0.675 0.0000e+00
-1.825 -0.625 0.0000e+00
-1.825 -0.575 0.0000e+00
-1.825 -0.525 0.0000e+00
-1.825 -0.475 0.0000e+00
-1.825 -0.425 0.0000e+00
-1.825 -0.375 0.0000e+00
-1.825 -0.325 0.0000e+00
-1.825 -0.275 0.0000e+00
-1.825 -0.225 0.0000e+00
-1.825 -0.175 0.0000e+00
-1.825 -0.125 0.0000e+00
-1.825 -0.075 0.0000e+00
-1.825 -0.025 0.0000e+00
-1.825 0.025 0.0000e+00
-1.825 0.075 0.0000e+00
-1.825 0.125 0.0000e+00
-1.825 0.175 0.0000e+00
-1.825 0.225 0.0000e+00
-1.825 0.275 0.0000e+00
-1.825 0.325 0.0000e+00
-1.825 0.375 0.0000e+00
-1.825 0.425 0.0000e+00
-1.825 0.475 0.0000e+00
-1.825 0.525 0.0000e+00
-1.825 0.575 0.0000e+00
-1.825 0.625 0.0000e+00
-1.825 0.675 0.0000e+00
-1.825 0.725 0.0000e+00
-1.825 0.775 0.0000e+00
-1.825 0.825 0.0000e+00
-1.825 0.875 0.0000e+00
-1.825 0.925 0.0000e+00
-1.825 0.975 0.0000e+00
-1.825 1.025 0.0000e+00
-1.825 1.075 0.0000e+00
-1.825 1.125 0.0000e+00
-1.825 1.175 0.0000e+00
-1.825 1.225 3.7692e-13
-1.825 1.275 7.5010e-13
-1.825 1.325 1.4915e-12
-1.825 1.375 2.9625e-12
-1.825 1.425 5.8760e-12
-1.825 1.475 1.1634e-11
-1.825 1.525 2.2982e-11
-1.825 1.575 4.5268e-11
-1.825 1.625 8.8834e-11
-1.825 1.675 1.7350e-10
-1.825 1.725 3.3684e-10
-1.825 1.775 6.4895e-10
-1.825 1.825 1.2382e-09
-1.825 1.875 2.3339e-09
-1.825 1.925 4.3325e-09
-1.825 1.975 7.8916e-09
-1.825 2.025 1.4043e-08
-1.825 2.075 2.4295e-08
-1.825 2.125 4.0643e-08
-1.825 2.175 6.5381e-08
-1.825 2.225 1.0059e-07
-1.825 2.275 1.4729e-07
-1.825 2.325 2.0448e-07
-1.825 2.375 2.6845e-07
-1.825 2.425 3.3303e-07
-1.825 2.475 3.9070e-07
-1.825 2.525 4.3447e-07
-1.825 2.575 4.5965e-07
-1.825 2.625 4.6472e-07
-1.825 2.675 4.5126e-07
-1.825 2.725 4.2304e-07
-1.825 2.775 3.8479e-07
-1.825 2.825 3.4118e-07
-1.825 2.875 2.9613e-07
-1.825 2.925 2.5253e-07
-1.825 2.975 2.1226e-07
-1.825 3.025 1.7631e-07
-1.825 3.075 1.4505e-07
-1.825 3.125 1.1841e-07
-1.825 3.175 9.6061e-08
-1.825 3.225 7.7530e-08
-1.825 3.275 6.2313e-08
-1.825 3.325 4.9910e-08
-1.825 3.375 3.9861e-08
-1.825 3.425 3.1754e-08
-1.825 3.475 2.5239e-08
-1.825 3.525 2.0016e-08
-1.825 3.575 1.5837e-08
-1.825 3.625 1.2495e-08
-1.825 3.675 9.8214e-09
-1.825 3.725 7.6716e-09
-1.825 3.775 5.9109e-09
-1.825 3.825 0.0000e+00
-1.825 3.875 0.0000e+00
-1.825 3.925 0.0000e+00
-1.825 3.975 0.0000e+00
-1.775 -1.975 0.0000e+00
-1.775 -1.925 0.0000e+00
-1.775 -1.875 0.0000e+00
-1.775 -1.825 0.0000e+00
-1.775 -1.775 0.0000e+00
-1.775 -1.725 0.0000e+00
-1.775 -1.675 0.0000e+00
-1.775 -1.625 0.0000e+00
-1.775 -1.575 0.0000e+00
-1.775 -1.525 0.0000e+00
-1.775 -1.475 0.0000e+00
-1.775 -1.425 0.0000e+00
-1.775 -1.375 0.0000e+00
-1.775 -1.325 0.0000e+00
-1.775 -1.275 0.0000e+00
-1.775 -1.225 0.0000e+00
-1.775 -1.175 0.0000e+00
-1.775 -1.125 0.0000e+00
-1.775 -1.075 0.0000e+00
-1.775 -1.025 0.0000e+00
-1.775 -0.975 0.0000e+00
-1.775 -0.925 0.0000e+00
-1.775 -0.875 0.0000e+00
-1.775 -0.825 0.0000e+00
-1.775 -0.775 0.0000e+00
-1.775 -0.725 0.0000e+00
-1.775 -0.675 0.0000e+00
-1.775 -0.625 0.0000e+00
-1.775 -0.575 0.0000e+00
-1.775 -0.525 0.0000e+00
-1.775 -0.475 0.0000e+00
-1.775 -0.425 0.0000e+00
-1.775 -0.375 0.0000e+00
-1.775 -0.325 0.0000e+00
-1.775 -0.275 0.0000e+00
-1.775 -0.225 0.0000e+00
-1.775 -0.175 0.0000e+00
-1.775 -0.125 0.0000e+00
-1.775 -0.075 0.0000e+00
-1.775 -0.025 0.0000e+00
-1.775 0.025 0.0000e+00
-1.775 0.075 0.0000e+00
-1.775 0.125 0.0000e+00
-1.775 0.175 0.0000e+00
-1.775 0.225 0.0000e+00
-1.775 0.275 0.0000e+00
-1.775 0.325 0.0000e+00
-1.775 0.375 0.0000e+00
-1.775 0.425 0.0000e+00
-1.775 0.475 0.0000e+00
-1.775 0.525 0.0000e+00
-1.775 0.575 0.0000e+00
-1.775 0.625 0.0000e+00
-1.775 0.675 0.0000e+00
-1.775 0.725 0.0000e+00
-1.775 0.775 0.0000e+00
-1.775 0.825 0.0000e+00
-1.775 0.875 0.0000e+00
-1.775 0.925 0.0000e+00
-1.775 0.975 0.0000e+00
-1.775 1.025 0.0000e+00
-1.775 1.075 0.0000e+00
-1.775 1.125 0.0000e+00
-1.775 1.175 0.0000e+00
-1.775 1.225 4.7272e-13
-1.775 1.275 9.3981e-13
-1.775 1.325 1.8664e-12
-1.775 1.375 3.7013e-12
-1.775 1.425 7.3269e-12
-1.775 1.475 1.4471e-11
-1.775 1.525 2.8496e-11
-1.775 1.575 5.5904e-11
-1.775 1.625 1.0915e-10
-1.775 1.675 2.1184e-10
-1.775 1.725 4.0798e-10
-1.775 1.775 7.7814e-10
-1.775 1.825 1.4661e-09
-1.775 1.875 2.7204e-09
-1.775 1.925 4.9529e-09
-1.775 1.975 8.8097e-09
-1.775 2.025 1.5234e-08
-1.775 2.075 2.5474e-08
-1.775 2.125 4.0964e-08
-1.775 2.175 6.3004e-08
-1.775 2.225 9.2234e-08
-1.775 2.275 1.2803e-07
-1.775 2.325 1.6808e-07
-1.775 2.375 2.0854e-07
-1.775 2.425 2.4470e-07
-1.775 2.475 2.7221e-07
-1.775 2.525 2.8809e-07
-1.775 2.575 2.9140e-07
-1.775 2.625 2.8310e-07
-1.775 2.675 2.6554e-07
-1.775 2.725 2.4166e-07
-1.775 2.775 2.1438e-07
-1.775 2.825 1.8617e-07
-1.775 2.875 1.5884e-07
-1.775 2.925 1.3358e-07
-1.775 2.975 1.1101e-07
-1.775 3.025 9.1377e-08
-1.775 3.075 7.4632e-08
-1.775 3.125 6.0573e-08
-1.775 3.175 4.8913e-08
-1.775 3.225 3.9334e-08
-1.775 3.275 3.1524e-08
-1.775 3.325 2.5193e-08
-1.775 3.375 2.0085e-08
-1.775 3.425 1.5979e-08
-1.775 3.475 1.2687e-08
-1.775 3.525 1.0053e-08
-1.775 3.575 7.9493e-09
-1.775 3.625 6.2690e-09
-1.775 3.675 4.9257e-09
-1.775 3.725 3.8466e-09
-1.775 3.775 2.9631e-09
-1.775 3.825 0.0000e+00
-1.775 3.875 0.0000e+00
-1.775 3.925 0.0000e+00
-1.775 3.975 0.0000e+00
-1.725 -1.975 0.0000e+00
-1.725 -1.925 0.0000e+00
-1.725 -1.875 0.0000e+00
-1.725 -1.825 0.0000e+00
-1.725 -1.775 0.0000e+00
-1.725 -1.725 0.0000e+00
-1.725 -1.675 0.0000e+00
-1.725 -1.625 0.0000e+00
-1.725 -1.575 0.0000e+00
-1.725 -1.525 0.0000e+00
-1.725 -1.475 0.0000e+00
-1.725 -1.425 0.0000e+00
-1.725 -1.375 0.0000e+00
-1.725 -1.325 0.0000e+00
-1.725 -1.275 0.0000e+00
-1.725 -1.225 0.0000e+00
-1.725 -1.175 0.0000e+00
-1.725 -1.125 0.0000e+00
-1.725 -1.075 0.0000e+00
-1.725 -1.025 0.0000e+00
-1.725 -0.975 0.0000e+00
-1.725 -0.925 0.0000e+00
-1.725 -0.875 0.0000e+00
-1.725 -0.825 0.0000e+00
-1.725 -0.775 0.0000e+00
-1.725 -0.725 0.0000e+00
-1.725 -0.675 0.0000e+00
-1.725 -0.625 0.0000e+00
-1.725 -0.575 0.0000e+00
-1.725 -0.525 0.0000e+00
-1.725 -0.475 0.0000e+00
-1.725 -0.425 0.0000e+00
-1.725 -0.375 0.0000e+00
-1.725 -0.325 0.0000e+00
-1.725 -0.275 0.0000e+00
-1.725 -0.225 0.0000e+00
-1.725 -0.175 0.0000e+00
-1.725 -0.125 0.0000e+00
-1.725 -0.075 0.0000e+00
-1.725 -0.025 0.0000e+00
-1.725 0.025 0.0000e+00
-1.725 0.075 0.0000e+00
-1.725 0.125 0.0000e+00
-1.725 0.175 0.0000e+00
-1.725 0.225 0.0000e+00
-1.725 0.275 0.0000e+00
-1.725 0.325 0.0000e+00
-1.725 0.375 0.0000e+00
-1.725 0.425 0.0000e+00
-1.725 0.475 0.0000e+00
-1.725 0.525 0.0000e+00
-1.725 0.575 0.0000e+00
-1.725 0.625 0.0000e+00
-1.725 0.675 0.0000e+00
-1.725 0.725 0.0000e+00
-1.725 0.775 0.0000e+00
-1.725 0.825 0.0000e+00
-1.725 0.875 0.0000e+00
-1.725 0.925 0.0000e+00
-1.725 0.975 0.0000e+00
-1.725 1.025 0.0000e+00
-1.725 1.075 0.0000e+00
-1.725 1.125 0.0000e+00
-1.725 1.175 0.0000e+00
-1.725 1.225 5.9227e-13
-1.725 1.275 1.1760e-12
-1.725 1.325 2.3319e-12
-1.725 1.375 4.6152e-12
-1.725 1.425 9.1132e-12
-1.725 1.475 1.7942e-11
-1.725 1.525 3.5191e-11
-1.725 1.575 6.8692e-11
-1.725 1.625 1.3328e-10
-1.725 1.675 2.5659e-10
-1.725 1.725 4.8923e-10
-1.725 1.775 9.2142e-10
-1.725 1.825 1.7090e-09
-1.725 1.875 3.1103e-09
-1.725 1.925 5.5300e-09
-1.725 1.975 9.5590e-09
-1.725 2.025 1.5978e-08
-1.725 2.075 2.5686e-08
-1.725 2.125 3.9494e-08
-1.725 2.175 5.7806e-08
-1.725 2.225 8.0231e-08
-1.725 2.275 1.0533e-07
-1.725 2.325 1.3070e-07
-1.725 2.375 1.5339e-07
-1.725 2.425 1.7068e-07
-1.725 2.475 1.8070e-07
-1.725 2.525 1.8285e-07
-1.725 2.575 1.7772e-07
-1.725 2.625 1.6677e-07
-1.725 2.675 1.5185e-07
-1.725 2.725 1.3477e-07
-1.725 2.775 1.1709e-07
-1.725 2.825 9.9950e-08
-1.725 2.875 8.4090e-08
-1.725 2.925 6.9914e-08
-1.725 2.975 5.7573e-08
-1.725 3.025 4.7043e-08
-1.725 3.075 3.8198e-08
-1.725 3.125 3.0858e-08
-1.725 3.175 2.4827e-08
-1.725 3.225 1.9907e-08
-1.725 3.275 1.5918e-08
-1.725 3.325 1.2698e-08
-1.725 3.375 1.0110e-08
-1.725 3.425 8.0342e-09
-1.725 3.475 6.3736e-09
-1.725 3.525 5.0473e-09
-1.725 3.575 3.9890e-09
-1.725 3.625 3.1447e-09
-1.725 3.675 2.4701e-09
-1.725 3.725 1.9286e-09
-1.725 3.775 1.4854e-09
-1.725 3.825 0.0000e+00
-1.725 3.875 0.0000e+00
-1.725 3.925 0.0000e+00
-1.725 3.975 0.0000e+00
-1.675 -1.975 0.0000e+00
-1.675 -1.925 0.0000e+00
-1.675 -1.875 0.0000e+00
-1.675 -1.825 0.0000e+00
-1.675 -1.775 0.0000e+00
-1.675 -1.725 0.0000e+00
-1.675 -1.675 0.0000e+00
-1.675 -1.625 0.0000e+00
-1.675 -1.575 0.0000e+00
-1.675 -1.525 0.0000e+00
-1.675 -1.475 0.0000e+00
-1.675 -1.425 0.0000e+00
-1.675 -1.375 0.0000e+00
-1.675 -1.325 0.0000e+00
-1.675 -1.275 0.0000e+00
-1.675 -1.225 0.0000e+00
-1.675 -1.175 0.0000e+00
-1.675 -1.125 0.0000e+00
-1.675 -1.075 0.0000e+00
-1.675 -1.025 0.0000e+00
-1.675 -0.975 0.0000e+00
-1.675 -0.925 0.0000e+00
-1.675 -0.875 0.0000e+00
-1.675 -0.825 0.0000e+00
-1.675 -0.775 0.0000e+00
-1.675 -0.725 0.0000e+00
-1.675 -0.675 0.0000e+00
-1.675 -0.625 0.0000e+00
-1.675 -0.575 0.0000e+00
-1.675 -0.525 0.0000e+00
-1.675 -0.475 0.0000e+00
-1.675 -0.425 0.0000e+00
-1.675 -0.375 0.0000e+00
-1.675 -0.325 0.0000e+00
-1.675 -0.275 0.0000e+00
-1.675 -0.225 0.0000e+00
-1.675 -0.175 0.0000e+00
-1.675 -0.125 0.0000e+00
-1.675 -0.075 0.0000e+00
-1.675 -0.025 0.0000e+00
-1.675 0.025 0.0000e+00
-1.675 0.075 0.0000e+00
-1.675 0.125 0.0000e+00
-1.675 0.175 0.0000e+00
-1.675 0.225 0.0000e+00
-1.675 0.275 0.0000e+00
-1.675 0.325 0.0000e+00
-1.675 0.375 0.0000e+00
-1.675 0.425 0.0000e+00
-1.675 0.475 0.0000e+00
-1.675 0.525 0.0000e+00
-1.675 0.575 0.0000e+00
-1.675 0.625 0.0000e+00
-1.675 0.675 0.0000e+00
-1.675 0.725 0.0000e+00
-1.675 0.775 0.0000e+00
-1.675 0.825 0.0000e+00
-1.675 0.875 0.0000e+00
-1.675 0.925 0.0000e+00
-1.675 0.975 0.0000e+00
-1.675 1.025 0.0000e+00
-1.675 1.075 0.0000e+00
-1.675 1.125 0.0000e+00
-1.675 1.175 0.0000e+00
-1.675 1.225 7.4114e-13
-1.675 1.275 1.4693e-12
-1.675 1.325 2.9076e-12
-1.675 1.375 5.7405e-12
-1.675 1.425 1.1299e-11
-1.675 1.475 2.2158e-11
-1.675 1.525 4.3241e-11
-1.675 1.575 8.3874e-11
-1.675 1.625 1.6143e-10
-1.675 1.675 3.0770e-10
-1.675 1.725 5.7934e-10
-1.675 1.775 1.0742e-09
-1.675 1.825 1.9542e-09
-1.675 1.875 3.4733e-09
-1.675 1.925 6.0016e-09
-1.675 1.975 1.0029e-08
-1.675 2.025 1.6117e-08
-1.675 2.075 2.4775e-08
-1.675 2.125 3.6256e-08
-1.675 2.175 5.0316e-08
-1.675 2.225 6.6058e-08
-1.675 2.275 8.1973e-08
-1.675 2.325 9.6223e-08
-1.675 2.375 1.0709e-07
-1.675 2.425 1.1342e-07
-1.675 2.475 1.1481e-07
-1.675 2.525 1.1163e-07
-1.675 2.575 1.0480e-07
-1.675 2.625 9.5458e-08
-1.675 2.675 8.4759e-08
-1.675 2.725 7.3671e-08
-1.675 2.775 6.2912e-08
-1.675 2.825 5.2950e-08
-1.675 2.875 4.4041e-08
-1.675 2.925 3.6280e-08
-1.675 2.975 2.9656e-08
-1.675 3.025 2.4089e-08
-1.675 3.075 1.9468e-08
-1.675 3.125 1.5669e-08
-1.675 3.175 1.2569e-08
-1.675 3.225 1.0055e-08
-1.675 3.275 8.0257e-09
-1.675 3.325 6.3934e-09
-1.675 3.375 5.0844e-09
-1.675 3.425 4.0371e-09
-1.675 3.475 3.2006e-09
-1.675 3.525 2.5332e-09
-1.675 3.575 2.0013e-09
-1.675 3.625 1.5772e-09
-1.675 3.675 1.2386e-09
-1.675 3.725 9.6689e-10
-1.675 3.775 7.4461e-10
-1.675 3.825 0.0000e+00
-1.675 3.875 0.0000e+00
-1.675 3.925 0.0000e+00
-1.675 3.975 0.0000e+00
-1.625 -1.975 0.0000e+00
-1.625 -1.925 0.0000e+00
-1.625 -1.875 0.0000e+00
-1.625 -1.825 0.0000e+00
-1.625 -1.775 0.0000e+00
-1.625 -1.725 0.0000e+00
-1.625 -1.675 0.0000e+00
-1.625 -1.625 0.0000e+00
-1.625 -1.575 0.0000e+00
-1.625 -1.525 0.0000e+00
-1.625 -1.475 0.0000e+00
-1.625 -1.425 0.0000e+00
-1.625 -1.375 0.0000e+00
-1.625 -1.325 0.0000e+00
-1.625 -1.275 0.0000e+00
-1.625 -1.225 0.0000e+00
-1.625 -1.175 0.0000e+00
-1.625 -1.125 0.0000e+00
-1.625 -1.075 0.0000e+00
-1.625 -1.025 0.0000e+00
-1.625 -0.975 0.0000e+00
-1.625 -0.925 0.0000e+00
-1.625 -0.875 0.0000e+00
-1.625 -0.825 0.0000e+00
-1.625 -0.775 0.0000e+00
-1.625 -0.725 0.0000e+00
-1.625 -0.675 0.0000e+00
-1.625 -0.625 0.0000e+00
-1.625 -0.575 0.0000e+00
-1.625 -0.525 0.0000e+00
-1.625 -0.475 0.0000e+00
-1.625 -0.425 0.0000e+00
-1.625 -0.375 0.0000e+00
-1.625 -0.325 0.0000e+00
-1.625 -0.275 0.0000e+00
-1.625 -0.225 0.0000e+00
-1.625 -0.175 0.0000e+00
-1.625 -0.125 0.0000e+00
-1.625 -0.075 0.0000e+00
-1.625 -0.025 0.0000e+00
-1.625 0.025 0.0000e+00
-1.625 0.075 0.0000e+00
-1.625 0.125 0.0000e+00
-1.625 0.175 0.0000e+00
-1.625 0.225 0.0000e+00
-1.625 0.275 0.0000e+00
-1.625 0.325 0.0000e+00
-1.625 0.375 0.0000e+00
-1.625 0.425 0.0000e+00
-1.625 0.475 0.0000e+00
-1.625 0.525 0.0000e+00
-1.625 0.575 0.0000e+00
-1.625 0.625 0.0000e+00
-1.625 0.675 0.0000e+00
-1.625 0.725 0.0000e+00
-1.625 0.775 0.0000e+00
-1.625 0.825 0.0000e+00
-1.625 0.875 0.0000e+00
-1.625 0.925 0.0000e+00
-1.625 0.975 0.0000e+00
-1.625 1.025 0.0000e+00
-1.625 1.075 0.0000e+00
-1.625 1.125 0.0000e+00
-1.625 1.175 0.0000e+00
-1.625 1.225 9.2598e-13
-1.625 1.275 1.8321e-12
-1.625 1.325 3.6166e-12
-1.625 1.375 7.1176e-12
-1.625 1.425 1.3955e-11
-1.625 1.475 2.7227e-11
-1.625 1.525 5.2799e-11
-1.625 1.575 1.0160e-10
-1.625 1.625 1.9360e-10
-1.625 1.675 3.6440e-10
-1.625 1.725 6.7544e-10
-1.625 1.775 1.2284e-09
-1.625 1.825 2.1826e-09
-1.625 1.875 3.7702e-09
-1.625 1.925 6.2982e-09
-1.625 1.975 1.0119e-08
-1.625 2.025 1.5552e-08
-1.625 2.075 2.2755e-08
-1.625 2.125 3.1577e-08
-1.625 2.175 4.1456e-08
-1.625 2.225 5.1448e-08
-1.625 2.275 6.0401e-08
-1.625 2.325 6.7240e-08
-1.625 2.375 7.1231e-08
-1.625 2.425 7.2127e-08
-1.625 2.475 7.0156e-08
-1.625 2.525 6.5885e-08
-1.625 2.575 6.0036e-08
-1.625 2.625 5.3327e-08
-1.625 2.675 4.6368e-08
-1.625 2.725 3.9610e-08
-1.625 2.775 3.3350e-08
-1.625 2.825 2.7748e-08
-1.625 2.875 2.2866e-08
-1.625 2.925 1.8697e-08
-1.625 2.975 1.5193e-08
-1.625 3.025 1.2282e-08
-1.625 3.075 9.8890e-09
-1.625 3.125 7.9357e-09
-1.625 3.175 6.3509e-09
-1.625 3.225 5.0712e-09
-1.625 3.275 4.0418e-09
-1.625 3.325 3.2161e-09
-1.625 3.375 2.5554e-09
-1.625 3.425 2.0276e-09
-1.625 3.475 1.6066e-09
-1.625 3.525 1.2711e-09
-1.625 3.575 1.0039e-09
-1.625 3.625 7.9097e-10
-1.625 3.675 6.2106e-10
-1.625 3.725 4.8474e-10
-1.625 3.775 3.7327e-10
-1.625 3.825 0.0000e+00
-1.625 3.875 0.0000e+00
-1.625 3.925 0.0000e+00
-1.625 3.975 0.0000e+00
-1.575 -1.975 0.0000e+00
-1.575 -1.925 0.0000e+00
-1.575 -1.875 0.0000e+00
-1.575 -1.825 0.0000e+00
-1.575 -1.775 0.0000e+00
-1.575 -1.725 0.0000e+00
-1.575 -1.675 0.0000e+00
-1.575 -1.625 0.0000e+00
-1.575 -1.575 0.0000e+00
-1.575 -1.525 0.0000e+00
-1.575 -1.475 0.0000e+00
-1.575 -1.425 0.0000e+00
-1.575 -1.375 0.0000e+00
-1.575 -1.325 0.0000e+00
-1.575 -1.275 0.0000e+00
-1.575 -1.225 0.0000e+00
-1.575 -1.175 0.0000e+00
-1.575 -1.125 0.0000e+00
-1.575 -1.075 0.0000e+00
-1.575 -1.025 0.0000e+00
-1.575 -0.975 0.0000e+00
-1.575 -0.925 0.0000e+00
-1.575 -0.875 0.0000e+00
-1.575 -0.825 0.0000e+00
-1.575 -0.775 0.0000e+00
-1.575 -0.725 0.0000e+00
-1.575 -0.675 0.0000e+00
-1.575 -0.625 0.0000e+00
-1.575 -0.575 0.0000e+00
-1.575 -0.525 0.0000e+00
-1.575 -0.475 0.0000e+00
-1.575 -0.425 0.0000e+00
-1.575 -0.375 0.0000e+00
-1.575 -0.325 0.0000e+00
-1.575 -0.275 0.0000e+00
-1.575 -0.225 0.0000e+00
-1.575 -0.175 0.0000e+00
-1.575 -0.125 0.0000e+00
-1.575 -0.075 0.0000e+00
-1.575 -0.025 0.0000e+00
-1.575 0.025 0.0000e+00
-1.575 0.075 0.0000e+00
-1.575 0.125 0.0000e+00
-1.575 0.175 0.0000e+00
-1.575 0.225 0.0000e+00
-1.575 0.275 0.0000e+00
-1.575 0.325 0.0000e+00
-1.575 0.375 0.0000e+00
-1.575 0.425 0.0000e+00
-1.575 0.475 0.0000e+00
-1.575 0.525 0.0000e+00
-1.575 0.575 0.0000e+00
-1.575 0.625 0.0000e+00
-1.575 0.675 0.0000e+00
-1.575 0.725 0.0000e+00
-1.575 0.775 0.0000e+00
-1.575 0.825 0.0000e+00
-1.575 0.875 0.0000e+00
-1.575 0.925 0.0000e+00
-1.575 0.975 0.0000e+00
-1.575 1.025 0.0000e+00
-1.575 1.075 0.0000e+00
-1.575 1.125 0.0000e+00
-1.575 1.175 0.0000e+00
-1.575 1.225 1.1546e-12
-1.575 1.275 2.2788e-12
-1.575 1.325 4.4842e-12
-1.575 1.375 8.7901e-12
-1.575 1.425 1.7147e-11
-1.575 1.475 3.3245e-11
-1.575 1.525 6.3958e-11
-1.575 1.575 1.2184e-10
-1.575 1.625 2.2928e-10
-1.575 1.675 4.2487e-10
-1.575 1.725 7.7249e-10
-1.575 1.775 1.3721e-09
-1.575 1.825 2.3696e-09
-1.575 1.875 3.9574e-09
-1.575 1.925 6.3565e-09
-1.575 1.975 9.7676e-09
-1.575 2.025 1.4290e-08
-1.575 2.075 1.9829e-08
-1.575 2.125 2.6033e-08
-1.575 2.175 3.2309e-08
-1.575 2.225 3.7937e-08
-1.575 2.275 4.2241e-08
-1.575 2.325 4.4760e-08
-1.575 2.375 4.5336e-08
-1.575 2.425 4.4111e-08
-1.575 2.475 4.1439e-08
-1.575 2.525 3.7773e-08
-1.575 2.575 3.3563e-08
-1.575 2.625 2.9193e-08
-1.575 2.675 2.4946e-08
-1.575 2.725 2.1010e-08
-1.575 2.775 1.7486e-08
-1.575 2.825 1.4414e-08
-1.575 2.875 1.1790e-08
-1.575 2.925 9.5825e-09
-1.575 2.975 7.7492e-09
-1.575 3.025 6.2411e-09
-1.575 3.075 5.0099e-09
-1.575 3.125 4.0107e-09
-1.575 3.175 3.2038e-09
-1.575 3.225 2.5545e-09
-1.575 3.275 2.0336e-09
-1.575 3.325 1.6167e-09
-1.575 3.375 1.2837e-09
-1.575 3.425 1.0180e-09
-1.575 3.475 8.0628e-10
-1.575 3.525 6.3771e-10
-1.575 3.575 5.0351e-10
-1.575 3.625 3.9665e-10
-1.575 3.675 3.1140e-10
-1.575 3.725 2.4302e-10
-1.575 3.775 1.8712e-10
-1.575 3.825 0.0000e+00
-1.575 3.875 0.0000e+00
-1.575 3.925 0.0000e+00
-1.575 3.975 0.0000e+00
-1.525 -1.975 0.0000e+00
-1.525 -1.925 0.0000e+00
-1.525 -1.875 0.0000e+00
-1.525 -1.825 0.0000e+00
-1.525 -1.775 0.0000e+00
-1.525 -1.725 0.0000e+00
-1.525 -1.675 0.0000e+00
-1.525 -1.625 0.0000e+00
-1.525 -1.575 0.0000e+00
-1.525 -1.525 0.0000e+00
-1.525 -1.475 0.0000e+00
-1.525 -1.425 0.0000e+00
-1.525 -1.375 0.0000e+00
-1.525 -1.325 0.0000e+00
-1.525 -1.275 0.0000e+00
-1.525 -1.225 0.0000e+00
-1.525 -1.175 0.0000e+00
-1.525 -1.125 0.0000e+00
-1.525 -1.075 0.0000e+00
-1.525 -1.025 0.0000e+00
-1.525 -0.975 0.0000e+00
-1.525 -0.925 0.0000e+00
-1.525 -0.875 0.0000e+00
-1.525 -0.825 0.0000e+00
-1.525 -0.775 0.0000e+00
-1.525 -0.725 0.0000e+00
-1.525 -0.675 0.0000e+00
-1.525 -0.625 0.0000e+00
-1.525 -0.575 0.0000e+00
-1.525 -0.525 0.0000e+00
-1.525 -0.475 0.0000e+00
-1.525 -0.425 0.0000e+00
-1.525 -0.375 0.0000e+00
-1.525 -0.325 0.0000e+00
-1.525 -0.275 0.0000e+00
-1.525 -0.225 0.0000e+00
-1.525 -0.175 0.0000e+00
-1.525 -0.125 0.0000e+00
-1.525 -0.075 0.0000e+00
-1.525 -0.025 0.0000e+00
-1.525 0.025 0.0000e+00
-1.525 0.075 0.0000e+00
-1.525 0.125 0.0000e+00
-1.525 0.175 0.0000e+00
-1.525 0.225 0.0000e+00
-1.525 0.275 0.0000e+00
-1.525 0.325 0.0000e+00
-1.525 0.375 0.0000e+00
-1.525 0.425 0.0000e+00
-1.525 0.475 0.0000e+00
-1.525 0.525 0.0000e+00
-1.525 0.575 0.0000e+00
-1.525 0.625 0.0000e+00
-1.525 0.675 0.0000e+00
-1.525 0.725 0.0000e+00
-1.525 0.775 0.0000e+00
-1.525 0.825 0.0000e+00
-1.525 0.875 0.0000e+00
-1.525 0.925 0.0000e+00
-1.525 0.975 0.0000e+00
-1.525 1.025 0.0000e+00
-1.525 1.075 0.0000e+00
-1.525 1.125 0.0000e+00
-1.525 1.175 0.0000e+00
-1.525 1.225 1.4361e-12
-1.525 1.275 2.8256e-12
-1.525 1.325 5.5379e-12
-1.525 1.375 1.0801e-11
-1.525 1.425 2.0938e-11
-1.525 1.475 4.0272e-11
-1.525 1.525 7.6705e-11
-1.525 1.575 1.4431e-10
-1.525 1.625 2.6735e-10
-1.525 1.675 4.8596e-10
-1.525 1.725 8.6297e-10
-1.525 1.775 1.4899e-09
-1.525 1.825 2.4877e-09
-1.525 1.875 3.9951e-09
-1.525 1.925 6.1380e-09
-1.525 1.975 8.9788e-09
-1.525 2.025 1.2458e-08
-1.525 2.075 1.6356e-08
-1.525 2.125 2.0301e-08
-1.525 2.175 2.3841e-08
-1.525 2.225 2.6550e-08
-1.525 2.275 2.8140e-08
-1.525 2.325 2.8509e-08
-1.525 2.375 2.7747e-08
-1.525 2.425 2.6074e-08
-1.525 2.475 2.3774e-08
-1.525 2.525 2.1131e-08
-1.525 2.575 1.8385e-08
-1.525 2.625 1.5715e-08
-1.525 2.675 1.3239e-08
-1.525 2.725 1.1022e-08
-1.525 2.775 9.0877e-09
-1.525 2.825 7.4349e-09
-1.525 2.875 6.0445e-09
-1.525 2.925 4.8894e-09
-1.525 2.975 3.9389e-09
-1.525 3.025 3.1627e-09
-1.525 3.075 2.5327e-09
-1.525 3.125 2.0237e-09
-1.525 3.175 1.6141e-09
-1.525 3.225 1.2855e-09
-1.525 3.275 1.0224e-09
-1.525 3.325 8.1226e-10
-1.525 3.375 6.4457e-10
-1.525 3.425 5.1095e-10
-1.525 3.475 4.0455e-10
-1.525 3.525 3.1989e-10
-1.525 3.575 2.5252e-10
-1.525 3.625 1.9890e-10
-1.525 3.675 1.5613e-10
-1.525 3.725 1.2184e-10
-1.525 3.775 0.0000e+00
-1.525 3.825 0.0000e+00
-1.525 3.875 0.0000e+00
-1.525 3.925 0.0000e+00
-1.525 3.975 0.0000e+00
-1.475 -1.975 0.0000e+00
-1.475 -1.925 0.0000e+00
-1.475 -1.875 0.0000e+00
-1.475 -1.825 0.0000e+00
-1.475 -1.775 0.0000e+00
-1.475 -1.725 0.0000e+00
-1.475 -1.675 0.0000e+00
-1.475 -1.625 0.0000e+00
-1.475 -1.575 0.0000e+00
-1.475 -1.525 0.0000e+00
-1.475 -1.475 0.0000e+00
-1.475 -1.425 0.0000e+00
-1.475 -1.375 0.0000e+00
-1.475 -1.325 0.0000e+00
-1.475 -1.275 0.0000e+00
-1.475 -1.225 0.0000e+00
-1.475 -1.175 0.0000e+00
-1.475 -1.125 0.0000e+00
-1.475 -1.075 0.0000e+00
-1.475 -1.025 0.0000e+00
-1.475 -0.975 0.0000e+00
-1.475 -0.925 0.0000e+00
-1.475 -0.875 0.0000e+00
-1.475 -0.825 0.0000e+00
-1.475 -0.775 0.0000e+00
-1.475 -0.725 0.0000e+00
-1.475 -0.675 0.0000e+00
-1.475 -0.625 0.0000e+00
-1.475 -0.575 0.0000e+00
-1.475 -0.525 0.0000e+00
-1.475 -0.475 0.0000e+00
-1.475 -0.425 0.0000e+00
-1.475 -0.375 0.0000e+00
-1.475 -0.325 0.0000e+00
-1.475 -0.275 0.0000e+00
-1.475 -0.225 0.0000e+00
-1.475 -0.175 0.0000e+00
-1.475 -0.125 0.0000e+00
-1.475 -0.075 0.0000e+00
-1.475 -0.025 0.0000e+00
-1.475 0.025 0.0000e+00
-1.475 0.075 0.0000e+00
-1.475 0.125 0.0000e+00
-1.475 0.175 0.0000e+00
-1.475 0.225 0.0000e+00
-1.475 0.275 0.0000e+00
-1.475 0.325 0.0000e+00
-1.475 0.375 0.0000e+00
-1.475 0.425 0.0000e+00
-1.475 0.475 0.0000e+00
-1.475 0.525 0.0000e+00
-1.475 0.575 0.0000e+00
-1.475 0.625 0.0000e+00
-1.475 0.675 0.0000e+00
-1.475 0.725 0.0000e+00
-1.475 0.775 0.0000e+00
-1.475 0.825 0.0000e+00
-1.475 0.875 0.0000e+00
-1.475 0.925 0.0000e+00
-1.475 0.975 0.0000e+00
-1.475 1.025 0.0000e+00
-1.475 1.075 0.0000e+00
-1.475 1.125 0.0000e+00
-1.475 1.175 0.0000e+00
-1.475 1.225 1.7807e-12
-1.475 1.275 3.4895e-12
-1.475 1.325 6.8051e-12
-1.475 1.375 1.3189e-11
-1.475 1.425 2.5364e-11
-1.475 1.475 4.8300e-11
-1.475 1.525 9.0850e-11
-1.475 1.575 1.6828e-10
-1.475 1.625 3.0581e-10
-1.475 1.675 5.4294e-10
-1.475 1.725 9.3718e-10
-1.475 1.775 1.5645e-09
-1.475 1.825 2.5120e-09
-1.475 1.875 3.8589e-09
-1.475 1.925 5.6443e-09
-1.475 1.975 7.8313e-09
-1.475 2.025 1.0282e-08
-1.475 2.075 1.2762e-08
-1.475 2.125 1.4989e-08
-1.475 2.175 1.6696e-08
-1.475 2.225 1.7699e-08
-1.475 2.275 1.7936e-08
-1.475 2.325 1.7460e-08
-1.475 2.375 1.6412e-08
-1.475 2.425 1.4968e-08
-1.475 2.475 1.3308e-08
-1.475 2.525 1.1581e-08
-1.475 2.575 9.9021e-09
-1.475 2.625 8.3440e-09
-1.475 2.675 6.9482e-09
-1.475 2.725 5.7303e-09
-1.475 2.775 4.6892e-09
-1.475 2.825 3.8132e-09
-1.475 2.875 3.0852e-09
-1.475 2.925 2.4860e-09
-1.475 2.975 1.9966e-09
-1.475 3.025 1.5992e-09
-1.475 3.075 1.2782e-09
-1.475 3.125 1.0198e-09
-1.475 3.175 8.1246e-10
-1.475 3.225 6.4644e-10
-1.475 3.275 5.1378e-10
-1.475 3.325 4.0793e-10
-1.475 3.375 3.2357e-10
-1.475 3.425 2.5640e-10
-1.475 3.475 2.0296e-10
-1.475 3.525 1.6045e-10
-1.475 3.575 1.2664e-10
-1.475 3.625 9.9737e-11
-1.475 3.675 7.8285e-11
-1.475 3.725 6.1086e-11
-1.475 3.775 0.0000e+00
-1.475 3.825 0.0000e+00
-1.475 3.875 0.0000e+00
-1.475 3.925 0.0000e+00
-1.475 3.975 0.0000e+00
-1.425 -1.975 0.0000e+00
-1.425 -1.925 0.0000e+00
-1.425 -1.875 0.0000e+00
-1.425 -1.825 0.0000e+00
-1.425 -1.775 0.0000e+00
-1.425 -1.725 0.0000e+00
-1.425 -1.675 0.0000e+00
-1.425 -1.625 0.0000e+00
-1.425 -1.575 0.0000e+00
-1.425 -1.525 0.0000e+00
-1.425 -1.475 0.0000e+00
-1.425 -1.425 0.0000e+00
-1.425 -1.375 0.0000e+00
-1.425 -1.325 0.0000e+00
-1.425 -1.275 0.0000e+00
-1.425 -1.225 0.0000e+00
-1.425 -1.175 0.0000e+00
-1.425 -1.125 0.0000e+00
-1.425 -1.075 0.0000e+00
-1.425 -1.025 0.0000e+00
-1.425 -0.975 0.0000e+00
-1.425 -0.925 0.0000e+00
-1.425 -0.875 0.0000e+00
-1.425 -0.825 0.0000e+00
-1.425 -0.775 0.0000e+00
-1.425 -0.725 0.0000e+00
-1.425 -0.675 0.0000e+00
-1.425 -0.625 0.0000e+00
-1.425 -0.575 0.0000e+00
-1.425 -0.525 0.0000e+00
-1.425 -0.475 0.0000e+00
-1.425 -0.425 0.0000e+00
-1.425 -0.375 0.0000e+00
-1.425 -0.325 0.0000e+00
-1.425 -0.275 0.0000e+00
-1.425 -0.225 0.0000e+00
-1.425 -0.175 0.0000e+00
-1.425 -0.125 0.0000e+00
-1.425 -0.075 0.0000e+00
-1.425 -0.025 0.0000e+00
-1.425 0.025 0.0000e+00
-1.425 0.075 0.0000e+00
-1.425 0.125 0.0000e+00
-1.425 0.175 0.0000e+00
-1.425 0.225 0.0000e+00
-1.425 0.275 0.0000e+00
-1.425 0.325 0.0000e+00
-1.425 0.375 0.0000e+00
-1.425 0.425 0.0000e+00
-1.425 0.475 0.0000e+00
-1.425 0.525 0.0000e+00
-1.425 0.575 0.0000e+00
-1.425 0.625 0.0000e+00
-1.425 0.675 0.0000e+00
-1.425 0.725 0.0000e+00
-1.425 0.775 0.0000e+00
-1.425 0.825 0.0000e+00
-1.425 0.875 0.0000e+00
-1.425 0.925 0.0000e+00
-1.425 0.975 0.0000e+00
-1.425 1.025 0.0000e+00
-1.425 1.075 0.0000e+00
-1.425 1.125 0.0000e+00
-1.425 1.175 0.0000e+00
-1.425 1.225 2.1991e-12
-1.425 1.275 4.2880e-12
-1.425 1.325 8.3095e-12
-1.425 1.375 1.5977e-11
-1.425 1.425 3.0420e-11
-1.425 1.475 5.7209e-11
-1.425 1.525 1.0594e-10
-1.425 1.575 1.9250e-10
-1.425 1.625 3.4170e-10
-1.425 1.675 5.8970e-10
-1.425 1.725 9.8425e-10
-1.425 1.775 1.5801e-09
-1.425 1.825 2.4270e-09
-1.425 1.875 3.5497e-09
-1.425 1.925 4.9249e-09
-1.425 1.975 6.4661e-09
-1.425 2.025 8.0267e-09
-1.425 2.075 9.4284e-09
-1.425 2.125 1.0503e-08
-1.425 2.175 1.1137e-08
-1.425 2.225 1.1288e-08
-1.425 2.275 1.0991e-08
-1.425 2.325 1.0334e-08
-1.425 2.375 9.4272e-09
-1.425 2.425 8.3834e-09
-1.425 2.475 7.2975e-09
-1.425 2.525 6.2408e-09
-1.425 2.575 5.2600e-09
-1.425 2.625 4.3810e-09
-1.425 2.675 3.6139e-09
-1.425 2.725 2.9579e-09
-1.425 2.775 2.4058e-09
-1.425 2.825 1.9469e-09
-1.425 2.875 1.5691e-09
-1.425 2.925 1.2604e-09
-1.425 2.975 1.0098e-09
-1.425 3.025 8.0731e-10
-1.425 3.075 6.4427e-10
-1.425 3.125 5.1341e-10
-1.425 3.175 4.0863e-10
-1.425 3.225 3.2489e-10
-1.425 3.275 2.5807e-10
-1.425 3.325 2.0481e-10
-1.425 3.375 1.6240e-10
-1.425 3.425 1.2865e-10
-1.425 3.475 1.0181e-10
-1.425 3.525 8.0476e-11
-1.425 3.575 6.3511e-11
-1.425 3.625 5.0014e-11
-1.425 3.675 3.9254e-11
-1.425 3.725 3.0628e-11
-1.425 3.775 0.0000e+00
-1.425 3.825 0.0000e+00
-1.425 3.875 0.0000e+00
-1.425 3.925 0.0000e+00
-1.425 3.975 0.0000e+00
-1.375 -1.975 0.0000e+00
-1.375 -1.925 0.0000e+00
-1.375 -1.875 0.0000e+00
-1.375 -1.825 0.0000e+00
-1.375 -1.775 0.0000e+00
-1.375 -1.725 0.0000e+00
-1.375 -1.675 0.0000e+00
-1.375 -1.625 0.0000e+00
-1.375 -1.575 0.0000e+00
-1.375 -1.525 0.0000e+00
-1.375 -1.475 0.0000e+00
-1.375 -1.425 0.0000e+00
-1.375 -1.375 0.0000e+00
-1.375 -1.325 0.0000e+00
-1.375 -1.275 0.0000e+00
-1.375 -1.225 0.0000e+00
-1.375 -1.175 0.0000e+00
-1.375 -1.125 0.0000e+00
-1.375 -1.075 0.0000e+00
-1.375 -1.025 0.0000e+00
-1.375 -0.975 0.0000e+00
-1.375 -0.925 0.0000e+00
-1.375 -0.875 0.0000e+00
-1.375 -0.825 0.0000e+00
-1.375 -0.775 0.0000e+00
-1.375 -0.725 0.0000e+00
-1.375 -0.675 0.0000e+00
-1.375 -0.625 0.0000e+00
-1.375 -0.575 0.0000e+00
-1.375 -0.525 0.0000e+00
-1.375 -0.475 0.0000e+00
-1.375 -0.425 0.0000e+00
-1.375 -0.375 0.0000e+00
-1.375 -0.325 0.0000e+00
-1.375 -0.275 0.0000e+00
-1.375 -0.225 0.0000e+00
-1.375 -0.175 0.0000e+00
-1.375 -0.125 0.0000e+00
-1.375 -0.075 0.0000e+00
-1.375 -0.025 0.0000e+00
-1.375 0.025 0.0000e+00
-1.375 0.075 0.0000e+00
-1.375 0.125 0.0000e+00
-1.375 0.175 0.0000e+00
-1.375 0.225 0.0000e+00
-1.375 0.275 0.0000e+00
-1.375 0.325 0.0000e+00
-1.375 0.375 0.0000e+00
-1.375 0.425 0.0000e+00
-1.375 0.475 0.0000e+00
-1.375 0.525 0.0000e+00
-1.375 0.575 0.0000e+00
-1.375 0.625 0.0000e+00
-1.375 0.675 0.0000e+00
-1.375 0.725 0.0000e+00
-1.375 0.775 0.0000e+00
-1.375 0.825 0.0000e+00
-1.375 0.875 0.0000e+00
-1.375 0.925 0.0000e+00
-1.375 0.975 0.0000e+00
-1.375 1.025 0.0000e+00
-1.375 1.075 0.0000e+00
-1.375 1.125 0.0000e+00
-1.375 1.175 0.0000e+00
-1.375 1.225 2.7023e-12
-1.375 1.275 5.2360e-12
-1.375 1.325 1.0066e-11
-1.375 1.375 1.9163e-11
-1.375 1.425 3.6032e-11
-1.375 1.475 6.6717e-11
-1.375 1.525 1.2120e-10
-1.375 1.575 2.1511e-10
-1.375 1.625 3.7117e-10
-1.375 1.675 6.1942e-10
-1.375 1.725 9.9429e-10
-1.375 1.775 1.5271e-09
-1.375 1.825 2.2333e-09
-1.375 1.875 3.0984e-09
-1.375 1.925 4.0681e-09
-1.375 1.975 5.0504e-09
-1.375 2.025 5.9329e-09
-1.375 2.075 6.6104e-09
-1.375 2.125 7.0101e-09
-1.375 2.175 7.1068e-09
-1.375 2.225 6.9215e-09
-1.375 2.275 6.5089e-09
-1.375 2.325 5.9391e-09
-1.375 2.375 5.2827e-09
-1.375 2.425 4.5994e-09
-1.375 2.475 3.9342e-09
-1.375 2.525 3.3166e-09
-1.375 2.575 2.7629e-09
-1.375 2.625 2.2795e-09
-1.375 2.675 1.8661e-09
-1.375 2.725 1.5181e-09
-1.375 2.775 1.2287e-09
-1.375 2.825 9.9042e-10
-1.375 2.875 7.9575e-10
-1.375 2.925 6.3766e-10
-1.375 2.975 5.0988e-10
-1.375 3.025 4.0700e-10
-1.375 3.075 3.2441e-10
-1.375 3.125 2.5827e-10
-1.375 3.175 2.0541e-10
-1.375 3.225 1.6322e-10
-1.375 3.275 1.2959e-10
-1.375 3.325 1.0281e-10
-1.375 3.375 8.1494e-11
-1.375 3.425 6.4546e-11
-1.375 3.475 5.1073e-11
-1.375 3.525 4.0364e-11
-1.375 3.575 3.1852e-11
-1.375 3.625 2.5081e-11
-1.375 3.675 1.9684e-11
-1.375 3.725 1.5358e-11
-1.375 3.775 0.0000e+00
-1.375 3.825 0.0000e+00
-1.375 3.875 0.0000e+00
-1.375 3.925 0.0000e+00
-1.375 3.975 0.0000e+00
-1.325 -1.975 0.0000e+00
-1.325 -1.925 0.0000e+00
-1.325 -1.875 0.0000e+00
-1.325 -1.825 0.0000e+00
-1.325 -1.775 0.0000e+00
-1.325 -1.725 0.0000e+00
-1.325 -1.675 0.0000e+00
-1.325 -1.625 0.0000e+00
-1.325 -1.575 0.0000e+00
-1.325 -1.525 0.0000e+00
-1.325 -1.475 0.0000e+00
-1.325 -1.425 0.0000e+00
-1.325 -1.375 0.0000e+00
-1.325 -1.325 0.0000e+00
-1.325 -1.275 0.0000e+00
-1.325 -1.225 0.0000e+00
-1.325 -1.175 0.0000e+00
-1.325 -1.125 0.0000e+00
-1.325 -1.075 0.0000e+00
-1.325 -1.025 0.0000e+00
-1.325 -0.975 0.0000e+00
-1.325 -0.925 0.0000e+00
-1.325 -0.875 0.0000e+00
-1.325 -0.825 0.0000e+00
-1.325 -0.775 0.0000e+00
-1.325 -0.725 0.0000e+00
-1.325 -0.675 0.0000e+00
-1.325 -0.625 0.0000e+00
-1.325 -0.575 0.0000e+00
-1.325 -0.525 0.0000e+00
-1.325 -0.475 0.0000e+00
-1.325 -0.425 0.0000e+00
-1.325 -0.375 0.0000e+00
-1.325 -0.325 0.0000e+00
-1.325 -0.275 0.0000e+00
-1.325 -0.225 0.0000e+00
-1.325 -0.175 0.0000e+00
-1.325 -0.125 0.0000e+00
-1.325 -0.075 0.0000e+00
-1.325 -0.025 0.0000e+00
-1.325 0.025 0.0000e+00
-1.325 0.075 0.0000e+00
-1.325 0.125 0.0000e+00
-1.325 0.175 0.0000e+00
-1.325 0.225 0.0000e+00
-1.325 0.275 0.0000e+00
-1.325 0.325 0.0000e+00
-1.325 0.375 0.0000e+00
-1.325 0.425 0.0000e+00
-1.325 0.475 0.0000e+00
-1.325 0.525 0.0000e+00
-1.325 0.575 0.0000e+00
-1.325 0.625 0.0000e+00
-1.325 0.675 0.0000e+00
-1.325 0.725 0.0000e+00
-1.325 0.775 0.0000e+00
-1.325 0.825 0.0000e+00
-1.325 0.875 0.0000e+00
-1.325 0.925 0.0000e+00
-1.325 0.975 0.0000e+00
-1.325 1.025 0.0000e+00
-1.325 1.075 0.0000e+00
-1.325 1.125 0.0000e+00
-1.325 1.175 0.0000e+00
-1.325 1.225 3.2997e-12
-1.325 1.275 6.3430e-12
-1.325 1.325 1.2073e-11
-1.325 1.375 2.2699e-11
-1.325 1.425 4.2023e-11
-1.325 1.475 7.6329e-11
-1.325 1.525 1.3545e-10
-1.325 1.575 2.3369e-10
-1.325 1.625 3.8993e-10
-1.325 1.675 6.2585e-10
-1.325 1.725 9.6113e-10
-1.325 1.775 1.4056e-09
-1.325 1.825 1.9501e-09
-1.325 1.875 2.5604e-09
-1.325 1.925 3.1789e-09
-1.325 1.975 3.7348e-09
-1.325 2.025 4.1618e-09
-1.325 2.075 4.4142e-09
-1.325 2.125 4.4759e-09
-1.325 2.175 4.3601e-09
-1.325 2.225 4.1010e-09
-1.325 2.275 3.7428e-09
-1.325 2.325 3.3297e-09
-1.325 2.375 2.8996e-09
-1.325 2.425 2.4807e-09
-1.325 2.475 2.0917e-09
-1.325 2.525 1.7428e-09
-1.325 2.575 1.4381e-09
-1.325 2.625 1.1775e-09
-1.325 2.675 9.5802e-10
-1.325 2.725 7.7552e-10
-1.325 2.775 6.2524e-10
-1.325 2.825 5.0243e-10
-1.325 2.875 4.0267e-10
-1.325 2.925 3.2204e-10
-1.325 2.975 2.5711e-10
-1.325 3.025 2.0498e-10
-1.325 3.075 1.6323e-10
-1.325 3.125 1.2985e-10
-1.325 3.175 1.0321e-10
-1.325 3.225 8.1973e-11
-1.325 3.275 6.5059e-11
-1.325 3.325 5.1599e-11
-1.325 3.375 4.0893e-11
-1.325 3.425 3.2383e-11
-1.325 3.475 2.5620e-11
-1.325 3.525 2.0246e-11
-1.325 3.575 1.5975e-11
-1.325 3.625 1.2578e-11
-1.325 3.675 9.8713e-12
-1.325 3.725 7.7017e-12
-1.325 3.775 0.0000e+00
-1.325 3.825 0.0000e+00
-1.325 3.875 0.0000e+00
-1.325 3.925 0.0000e+00
-1.325 3.975 0.0000e+00
-1.275 -1.975 0.0000e+00
-1.275 -1.925 0.0000e+00
-1.275 -1.875 0.0000e+00
-1.275 -1.825 0.0000e+00
-1.275 -1.775 0.0000e+00
-1.275 -1.725 0.0000e+00
-1.275 -1.675 0.0000e+00
-1.275 -1.625 0.0000e+00
-1.275 -1.575 0.0000e+00
-1.275 -1.525 0.0000e+00
-1.275 -1.475 0.0000e+00
-1.275 -1.425 0.0000e+00
-1.275 -1.375 0.0000e+00
-1.275 -1.325 0.0000e+00
-1.275 -1.275 0.0000e+00
-1.275 -1.225 0.0000e+00
-1.275 -1.175 0.0000e+00
-1.275 -1.125 0.0000e+00
-1.275 -1.075 0.0000e+00
-1.275 -1.025 0.0000e+00
-1.275 -0.975 0.0000e+00
-1.275 -0.925 0.0000e+00
-1.275 -0.875 0.0000e+00
-1.275 -0.825 0.0000e+00
-1.275 -0.775 0.0000e+00
-1.275 -0.725 0.0000e+00
-1.275 -0.675 0.0000e+00
-1.275 -0.625 0.0000e+00
-1.275 -0.575 0.0000e+00
-1.275 -0.525 0.0000e+00
-1.275 -0.475 0.0000e+00
-1.275 -0.425 0.0000e+00
-1.275 -0.375 0.0000e+00
-1.275 -0.325 0.0000e+00
-1.275 -0.275 0.0000e+00
-1.275 -0.225 0.0000e+00
-1.275 -0.175 0.0000e+00
-1.275 -0.125 0.0000e+00
-1.275 -0.075 0.0000e+00
-1.275 -0.025 0.0000e+00
-1.275 0.025 0.0000e+00
-1.275 0.075 0.0000e+00
-1.275 0.125 0.0000e+00
-1.275 0.175 0.0000e+00
-1.275 0.225 0.0000e+00
-1.275 0.275 0.0000e+00
-1.275 0.325 0.0000e+00
-1.275 0.375 0.0000e+00
-1.275 0.425 0.0000e+00
-1.275 0.475 0.0000e+00
-1.275 0.525 0.0000e+00
-1.275 0.575 0.0000e+00
-1.275 0.625 0.0000e+00
-1.275 0.675 0.0000e+00
-1.275 0.725 0.0000e+00
-1.275 0.775 0.0000e+00
-1.275 0.825 0.0000e+00
-1.275 0.875 0.0000e+00
-1.275 0.925 0.0000e+00
-1.275 0.975 0.0000e+00
-1.275 1.025 0.0000e+00
-1.275 1.075 0.0000e+00
-1.275 1.125 0.0000e+00
-1.275 1.175 0.0000e+00
-1.275 1.225 3.9974e-12
-1.275 1.275 7.6079e-12
-1.275 1.325 1.4302e-11
-1.275 1.375 2.6473e-11
-1.275 1.425 4.8080e-11
-1.275 1.475 8.5308e-11
-1.275 1.525 1.4716e-10
-1.275 1.575 2.4553e-10
-1.275 1.625 3.9406e-10
-1.275 1.675 6.0512e-10
-1.275 1.725 8.8492e-10
-1.275 1.775 1.2277e-09
-1.275 1.825 1.6121e-09
-1.275 1.875 2.0016e-09
-1.275 1.925 2.3519e-09
-1.275 1.975 2.6212e-09
-1.275 2.025 2.7806e-09
-1.275 2.075 2.8199e-09
-1.275 2.125 2.7475e-09
-1.275 2.175 2.5847e-09
-1.275 2.225 2.3594e-09
-1.275 2.275 2.0994e-09
-1.275 2.325 1.8285e-09
-1.275 2.375 1.5646e-09
-1.275 2.425 1.3195e-09
-1.275 2.475 1.0995e-09
-1.275 2.525 9.0746e-10
-1.275 2.575 7.4310e-10
-1.275 2.625 6.0469e-10
-1.275 2.675 4.8957e-10
-1.275 2.725 3.9475e-10
-1.275 2.775 3.1726e-10
-1.275 2.825 2.5431e-10
-1.275 2.875 2.0342e-10
-1.275 2.925 1.6243e-10
-1.275 2.975 1.2952e-10
-1.275 3.025 1.0316e-10
-1.275 3.075 8.2083e-11
-1.275 3.125 6.5259e-11
-1.275 3.175 5.1846e-11
-1.275 3.225 4.1162e-11
-1.275 3.275 3.2659e-11
-1.275 3.325 2.5896e-11
-1.275 3.375 2.0520e-11
-1.275 3.425 1.6247e-11
-1.275 3.475 1.2853e-11
-1.275 3.525 1.0156e-11
-1.275 3.575 8.0132e-12
-1.275 3.625 6.3091e-12
-1.275 3.675 4.9510e-12
-1.275 3.725 3.8627e-12
-1.275 3.775 0.0000e+00
-1.275 3.825 0.0000e+00
-1.275 3.875 0.0000e+00
-1.275 3.925 0.0000e+00
-1.275 3.975 0.0000e+00
-1.225 -1.975 0.0000e+00
-1.225 -1.925 0.0000e+00
-1.225 -1.875 0.0000e+00
-1.225 -1.825 0.0000e+00
-1.225 -1.775 0.0000e+00
-1.225 -1.725 0.0000e+00
-1.225 -1.675 0.0000e+00
-1.225 -1.625 0.0000e+00
-1.225 -1.575 0.0000e+00
-1.225 -1.525 0.0000e+00
-1.225 -1.475 0.0000e+00
-1.225 -1.425 0.0000e+00
-1.225 -1.375 0.0000e+00
-1.225 -1.325 0.0000e+00
-1.225 -1.275 0.0000e+00
-1.225 -1.225 0.0000e+00
-1.225 -1.175 0.0000e+00
-1.225 -1.125 0.0000e+00
-1.225 -1.075 0.0000e+00
-1.225 -1.025 0.0000e+00
-1.225 -0.975 0.0000e+00
-1.225 -0.925 0.0000e+00
-1.225 -0.875 0.0000e+00
-1.225 -0.825 0.0000e+00
-1.225 -0.775 0.0000e+00
-1.225 -0.725 0.0000e+00
-1.225 -0.675 0.0000e+00
-1.225 -0.625 0.0000e+00
-1.225 -0.575 0.0000e+00
-1.225 -0.525 0.0000e+00
-1.225 -0.475 0.0000e+00
-1.225 -0.425 0.0000e+00
-1.225 -0.375 0.0000e+00
-1.225 -0.325 0.0000e+00
-1.225 -0.275 0.0000e+00
-1.225 -0.225 0.0000e+00
-1.225 -0.175 0.0000e+00
-1.225 -0.125 0.0000e+00
-1.225 -0.075 0.0000e+00
-1.225 -0.025 0.0000e+00
-1.225 0.025 0.0000e+00
-1.225 0.075 0.0000e+00
-1.225 0.125 0.0000e+00
-1.225 0.175 0.0000e+00
-1.225 0.225 0.0000e+00
-1.225 0.275 0.0000e+00
-1.225 0.325 0.0000e+00
-1.225 0.375 0.0000e+00
-1.225 0.425 0.0000e+00
-1.225 0.475 0.0000e+00
-1.225 0.525 0.0000e+00
-1.225 0.575 0.0000e+00
-1.225 0.625 0.0000e+00
-1.225 0.675 0.0000e+00
-1.225 0.725 0.0000e+00
-1.225 0.775 0.0000e+00
-1.225 0.825 0.0000e+00
-1.225 0.875 0.0000e+00
-1.225 0.925 0.0000e+00
-1.225 0.975 0.0000e+00
-1.225 1.025 0.0000e+00
-1.225 1.075 0.0000e+00
-1.225 1.125 0.0000e+00
-1.225 1.175 0.0000e+00
-1.225 1.225 4.7946e-12
-1.225 1.275 9.0121e-12
-1.225 1.325 1.6680e-11
-1.225 1.375 3.0291e-11
-1.225 1.425 5.3740e-11
-1.225 1.475 9.2697e-11
-1.225 1.525 1.5465e-10
-1.225 1.575 2.4818e-10
-1.225 1.625 3.8109e-10
-1.225 1.675 5.5730e-10
-1.225 1.725 7.7321e-10
-1.225 1.775 1.0153e-09
-1.225 1.825 1.2608e-09
-1.225 1.875 1.4816e-09
-1.225 1.925 1.6514e-09
-1.225 1.975 1.7521e-09
-1.225 2.025 1.7772e-09
-1.225 2.075 1.7319e-09
-1.225 2.125 1.6295e-09
-1.225 2.175 1.4877e-09
-1.225 2.225 1.3240e-09
-1.225 2.275 1.1534e-09
-1.225 2.325 9.8709e-10
-1.225 2.375 8.3254e-10
-1.225 2.425 6.9388e-10
-1.225 2.475 5.7274e-10
-1.225 2.525 4.6907e-10
-1.225 2.575 3.8175e-10
-1.225 2.625 3.0911e-10
-1.225 2.675 2.4928e-10
-1.225 2.725 2.0037e-10
-1.225 2.775 1.6063e-10
-1.225 2.825 1.2850e-10
-1.225 2.875 1.0262e-10
-1.225 2.925 8.1844e-11
-1.225 2.975 6.5198e-11
-1.225 3.025 5.1888e-11
-1.225 3.075 4.1262e-11
-1.225 3.125 3.2789e-11
-1.225 3.175 2.6040e-11
-1.225 3.225 2.0668e-11
-1.225 3.275 1.6395e-11
-1.225 3.325 1.2997e-11
-1.225 3.375 1.0297e-11
-1.225 3.425 8.1525e-12
-1.225 3.475 6.4487e-12
-1.225 3.525 5.0953e-12
-1.225 3.575 4.0200e-12
-1.225 3.625 3.1650e-12
-1.225 3.675 2.4836e-12
-1.225 3.725 0.0000e+00
-1.225 3.775 0.0000e+00
-1.225 3.825 0.0000e+00
-1.225 3.875 0.0000e+00
-1.225 3.925 0.0000e+00
-1.225 3.975 0.0000e+00
-1.175 -1.975 0.0000e+00
-1.175 -1.925 0.0000e+00
-1.175 -1.875 0.0000e+00
-1.175 -1.825 0.0000e+00
-1.175 -1.775 0.0000e+00
-1.175 -1.725 0.0000e+00
-1.175 -1.675 0.0000e+00
-1.175 -1.625 0.0000e+00
-1.175 -1.575 0.0000e+00
-1.175 -1.525 0.0000e+00
-1.175 -1.475 0.0000e+00
-1.175 -1.425 0.0000e+00
-1.175 -1.375 0.0000e+00
-1.175 -1.325 0.0000e+00
-1.175 -1.275 0.0000e+00
-1.175 -1.225 0.0000e+00
-1.175 -1.175 0.0000e+00
-1.175 -1.125 0.0000e+00
-1.175 -1.075 0.0000e+00
-1.175 -1.025 0.0000e+00
-1.175 -0.975 0.0000e+00
-1.175 -0.925 0.0000e+00
-1.175 -0.875 0.0000e+00
-1.175 -0.825 0.0000e+00
-1.175 -0.775 0.0000e+00
-1.175 -0.725 0.0000e+00
-1.175 -0.675 0.0000e+00
-1.175 -0.625 0.0000e+00
-1.175 -0.575 0.0000e+00
-1.175 -0.525 0.0000e+00
-1.175 -0.475 0.0000e+00
-1.175 -0.425 0.0000e+00
-1.175 -0.375 0.0000e+00
-1.175 -0.325 0.0000e+00
-1.175 -0.275 0.0000e+00
-1.175 -0.225 0.0000e+00
-1.175 -0.175 0.0000e+00
-1.175 -0.125 0.0000e+00
-1.175 -0.075 0.0000e+00
-1.175 -0.025 0.0000e+00
-1.175 0.025 0.0000e+00
-1.175 0.075 0.0000e+00
-1.175 0.125 0.0000e+00
-1.175 0.175 0.0000e+00
-1.175 0.225 0.0000e+00
-1.175 0.275 0.0000e+00
-1.175 0.325 0.0000e+00
-1.175 0.375 0.0000e+00
-1.175 0.425 0.0000e+00
-1.175 0.475 0.0000e+00
-1.175 0.525 0.0000e+00
-1.175 0.575 0.0000e+00
-1.175 0.625 0.0000e+00
-1.175 0.675 0.0000e+00
-1.175 0.725 0.0000e+00
-1.175 0.775 0.0000e+00
-1.175 0.825 0.0000e+00
-1.175 0.875 0.0000e+00
-1.175 0.925 0.0000e+00
-1.175 0.975 0.0000e+00
-1.175 1.025 0.0000e+00
-1.175 1.075 0.0000e+00
-1.175 1.125 0.0000e+00
-1.175 1.175 0.0000e+00
-1.175 1.225 5.6796e-12
-1.175 1.275 1.0511e-11
-1.175 1.325 1.9087e-11
-1.175 1.375 3.3860e-11
-1.175 1.425 5.8401e-11
-1.175 1.475 9.7426e-11
-1.175 1.525 1.5634e-10
-1.175 1.575 2.4007e-10
-1.175 1.625 3.5107e-10
-1.175 1.675 4.8711e-10
-1.175 1.725 6.3968e-10
-1.175 1.775 7.9439e-10
-1.175 1.825 9.3364e-10
-1.175 1.875 1.0408e-09
-1.175 1.925 1.1045e-09
-1.175 1.975 1.1205e-09
-1.175 2.025 1.0921e-09
-1.175 2.075 1.0277e-09
-1.175 2.125 9.3844e-10
-1.175 2.175 8.3530e-10
-1.175 2.225 7.2777e-10
-1.175 2.275 6.2292e-10
-1.175 2.325 5.2546e-10
-1.175 2.375 4.3800e-10
-1.175 2.425 3.6158e-10
-1.175 2.475 2.9617e-10
-1.175 2.525 2.4106e-10
-1.175 2.575 1.9521e-10
-1.175 2.625 1.5744e-10
-1.175 2.675 1.2657e-10
-1.175 2.725 1.0148e-10
-1.175 2.775 8.1191e-11
-1.175 2.825 6.4849e-11
-1.175 2.875 5.1725e-11
-1.175 2.925 4.1211e-11
-1.175 2.975 3.2803e-11
-1.175 3.025 2.6090e-11
-1.175 3.075 2.0737e-11
-1.175 3.125 1.6473e-11
-1.175 3.175 1.3078e-11
-1.175 3.225 1.0378e-11
-1.175 3.275 8.2304e-12
-1.175 3.325 6.5240e-12
-1.175 3.375 5.1682e-12
-1.175 3.425 4.0913e-12
-1.175 3.475 3.2361e-12
-1.175 3.525 2.5568e-12
-1.175 3.575 2.0171e-12
-1.175 3.625 1.5880e-12
-1.175 3.675 1.2461e-12
-1.175 3.725 0.0000e+00
-1.175 3.775 0.0000e+00
-1.175 3.825 0.0000e+00
-1.175 3.875 0.0000e+00
-1.175 3.925 0.0000e+00
-1.175 3.975 0.0000e+00
-1.125 -1.975 0.0000e+00
-1.125 -1.925 0.0000e+00
-1.125 -1.875 0.0000e+00
-1.125 -1.825 0.0000e+00
-1.125 -1.775 0.0000e+00
-1.125 -1.725 0.0000e+00
-1.125 -1.675 0.0000e+00
-1.125 -1.625 0.0000e+00
-1.125 -1.575 0.0000e+00
-1.125 -1.525 0.0000e+00
-1.125 -1.475 0.0000e+00
-1.125 -1.425 0.0000e+00
-1.125 -1.375 0.0000e+00
-1.125 -1.325 0.0000e+00
-1.125 -1.275 0.0000e+00
-1.125 -1.225 0.0000e+00
-1.125 -1.175 0.0000e+00
-1.125 -1.125 0.0000e+00
-1.125 -1.075 0.0000e+00
-1.125 -1.025 0.0000e+00
-1.125 -0.975 0.0000e+00
-1.125 -0.925 0.0000e+00
-1.125 -0.875 0.0000e+00
-1.125 -0.825 0.0000e+00
-1.125 -0.775 0.0000e+00
-1.125 -0.725 0.0000e+00
-1.125 -0.675 0.0000e+00
-1.125 -0.625 0.0000e+00
-1.125 -0.575 0.0000e+00
-1.125 -0.525 0.0000e+00
-1.125 -0.475 0.0000e+00
-1.125 -0.425 0.0000e+00
-1.125 -0.375 0.0000e+00
-1.125 -0.325 0.0000e+00
-1.125 -0.275 0.0000e+00
-1.125 -0.225 0.0000e+00
-1.125 -0.175 0.0000e+00
-1.125 -0.125 0.0000e+00
-1.125 -0.075 0.0000e+00
-1.125 -0.025 0.0000e+00
-1.125 0.025 0.0000e+00
-1.125 0.075 0.0000e+00
-1.125 0.125 0.0000e+00
-1.125 0.175 0.0000e+00
-1.125 0.225 0.0000e+00
-1.125 0.275 0.0000e+00
-1.125 0.325 0.0000e+00
-1.125 0.375 0.0000e+00
-1.125 0.425 0.0000e+00
-1.125 0.475 0.0000e+00
-1.125 0.525 0.0000e+00
-1.125 0.575 0.0000e+00
-1.125 0.625 0.0000e+00
-1.125 0.675 0.0000e+00
-1.125 0.725 0.0000e+00
-1.125 0.775 0.0000e+00
-1.125 0.825 0.0000e+00
-1.125 0.875 0.0000e+00
-1.125 0.925 0.0000e+00
-1.125 0.975 0.0000e+00
-1.125 1.025 0.0000e+00
-1.125 1.075 0.0000e+00
-1.125 1.125 0.0000e+00
-1.125 1.175 0.0000e+00
-1.125 1.225 6.6248e-12
-1.125 1.275 1.2029e-11
-1.125 1.325 2.1337e-11
-1.125 1.375 3.6801e-11
-1.125 1.425 6.1389e-11
-1.125 1.475 9.8512e-11
-1.125 1.525 1.5127e-10
-1.125 1.575 2.2122e-10
-1.125 1.625 3.0696e-10
-1.125 1.675 4.0314e-10
-1.125 1.725 5.0071e-10
-1.125 1.775 5.8856e-10
-1.125 1.825 6.5623e-10
-1.125 1.875 6.9647e-10
-1.125 1.925 7.0668e-10
-1.125 1.975 6.8888e-10
-1.125 2.025 6.4839e-10
-1.125 2.075 5.9216e-10
-1.125 2.125 5.2717e-10
-1.125 2.175 4.5936e-10
-1.125 2.225 3.9324e-10
-1.125 2.275 3.3176e-10
-1.125 2.325 2.7657e-10
-1.125 2.375 2.2834e-10
-1.125 2.425 1.8706e-10
-1.125 2.475 1.5227e-10
-1.125 2.525 1.2332e-10
-1.125 2.575 9.9470e-11
-1.125 2.625 7.9971e-11
-1.125 2.675 6.4125e-11
-1.125 2.725 5.1311e-11
-1.125 2.775 4.0988e-11
-1.125 2.825 3.2697e-11
-1.125 2.875 2.6054e-11
-1.125 2.925 2.0741e-11
-1.125 2.975 1.6499e-11
-1.125 3.025 1.3116e-11
-1.125 3.075 1.0421e-11
-1.125 3.125 8.2756e-12
-1.125 3.175 6.5686e-12
-1.125 3.225 5.2113e-12
-1.125 3.275 4.1325e-12
-1.125 3.325 3.2753e-12
-1.125 3.375 2.5944e-12
-1.125 3.425 2.0537e-12
-1.125 3.475 1.6243e-12
-1.125 3.525 1.2833e-12
-1.125 3.575 1.0124e-12
-1.125 3.625 7.9702e-13
-1.125 3.675 6.2542e-13
-1.125 3.725 0.0000e+00
-1.125 3.775 0.0000e+00
-1.125 3.825 0.0000e+00
-1.125 3.875 0.0000e+00
-1.125 3.925 0.0000e+00
-1.125 3.975 0.0000e+00
-1.075 -1.975 0.0000e+00
-1.075 -1.925 0.0000e+00
-1.075 -1.875 0.0000e+00
-1.075 -1.825 0.0000e+00
-1.075 -1.775 0.0000e+00
-1.075 -1.725 0.0000e+00
-1.075 -1.675 0.0000e+00
-1.075 -1.625 0.0000e+00
-1.075 -1.575 0.0000e+00
-1.075 -1.525 0.0000e+00
-1.075 -1.475 0.0000e+00
-1.075 -1.425 0.0000e+00
-1.075 -1.375 0.0000e+00
-1.075 -1.325 0.0000e+00
-1.075 -1.275 0.0000e+00
-1.075 -1.225 0.0000e+00
-1.075 -1.175 0.0000e+00
-1.075 -1.125 0.0000e+00
-1.075 -1.075 0.0000e+00
-1.075 -1.025 0.0000e+00
-1.075 -0.975 0.0000e+00
-1.075 -0.925 0.0000e+00
-1.075 -0.875 0.0000e+00
-1.075 -0.825 0.0000e+00
-1.075 -0.775 0.0000e+00
-1.075 -0.725 0.0000e+00
-1.075 -0.675 0.0000e+00
-1.075 -0.625 0.0000e+00
-1.075 -0.575 0.0000e+00
-1.075 -0.525 0.0000e+00
-1.075 -0.475 0.0000e+00
-1.075 -0.425 0.0000e+00
-1.075 -0.375 0.0000e+00
-1.075 -0.325 0.0000e+00
-1.075 -0.275 0.0000e+00
-1.075 -0.225 0.0000e+00
-1.075 -0.175 0.0000e+00
-1.075 -0.125 0.0000e+00
-1.075 -0.075 0.0000e+00
-1.075 -0.025 0.0000e+00
-1.075 0.025 0.0000e+00
-1.075 0.075 0.0000e+00
-1.075 0.125 0.0000e+00
-1.075 0.175 0.0000e+00
-1.075 0.225 0.0000e+00
-1.075 0.275 0.0000e+00
-1.075 0.325 0.0000e+00
-1.075 0.375 0.0000e+00
-1.075 0.425 0.0000e+00
-1.075 0.475 0.0000e+00
-1.075 0.525 0.0000e+00
-1.075 0.575 0.0000e+00
-1.075 0.625 0.0000e+00
-1.075 0.675 0.0000e+00
-1.075 0.725 0.0000e+00
-1.075 0.775 0.0000e+00
-1.075 0.825 0.0000e+00
-1.075 0.875 0.0000e+00
-1.075 0.925 0.0000e+00
-1.075 0.975 0.0000e+00
-1.075 1.025 0.0000e+00
-1.075 1.075 0.0000e+00
-1.075 1.125 0.0000e+00
-1.075 1.175 0.0000e+00
-1.075 1.225 7.5814e-12
-1.075 1.275 1.3448e-11
-1.075 1.325 2.3193e-11
-1.075 1.375 3.8690e-11
-1.075 1.425 6.2087e-11
-1.075 1.475 9.5342e-11
-1.075 1.525 1.3944e-10
-1.075 1.575 1.9350e-10
-1.075 1.625 2.5416e-10
-1.075 1.675 3.1571e-10
-1.075 1.725 3.7116e-10
-1.075 1.775 4.1390e-10
-1.075 1.825 4.3936e-10
-1.075 1.875 4.4588e-10
-1.075 1.925 4.3472e-10
-1.075 1.975 4.0924e-10
-1.075 2.025 3.7381e-10
-1.075 2.075 3.3283e-10
-1.075 2.125 2.9007e-10
-1.075 2.175 2.4835e-10
-1.075 2.225 2.0954e-10
-1.075 2.275 1.7471e-10
-1.075 2.325 1.4426e-10
-1.075 2.375 1.1818e-10
-1.075 2.425 9.6214e-11
-1.075 2.475 7.7931e-11
-1.075 2.525 6.2865e-11
-1.075 2.575 5.0546e-11
-1.075 2.625 4.0534e-11
-1.075 2.675 3.2437e-11
-1.075 2.725 2.5914e-11
-1.075 2.775 2.0674e-11
-1.075 2.825 1.6476e-11
-1.075 2.875 1.3118e-11
-1.075 2.925 1.0436e-11
-1.075 2.975 8.2979e-12
-1.075 3.025 6.5940e-12
-1.075 3.075 5.2374e-12
-1.075 3.125 4.1581e-12
-1.075 3.175 3.2998e-12
-1.075 3.225 2.6176e-12
-1.075 3.275 2.0754e-12
-1.075 3.325 1.6448e-12
-1.075 3.375 1.3028e-12
-1.075 3.425 1.0312e-12
-1.075 3.475 8.1555e-13
-1.075 3.525 6.4431e-13
-1.075 3.575 5.0829e-13
-1.075 3.625 4.0015e-13
-1.075 3.675 3.1399e-13
-1.075 3.725 0.0000e+00
-1.075 3.775 0.0000e+00
-1.075 3.825 0.0000e+00
-1.075 3.875 0.0000e+00
-1.075 3.925 0.0000e+00
-1.075 3.975 0.0000e+00
-1.025 -1.975 0.0000e+00
-1.025 -1.925 0.0000e+00
-1.025 -1.875 0.0000e+00
-1.025 -1.825 0.0000e+00
-1.025 -1.775 0.0000e+00
-1.025 -1.725 0.0000e+00
-1.025 -1.675 0.0000e+00
-1.025 -1.625 0.0000e+00
-1.025 -1.575 0.0000e+00
-1.025 -1.525 0.0000e+00
-1.025 -1.475 0.0000e+00
-1.025 -1.425 0.0000e+00
-1.025 -1.375 0.0000e+00
-1.025 -1.325 0.0000e+00
-1.025 -1.275 0.0000e+00
-1.025 -1.225 0.0000e+00
-1.025 -1.175 0.0000e+00
-1.025 -1.125 0.0000e+00
-1.025 -1.075 0.0000e+00
-1.025 -1.025 0.0000e+00
-1.025 -0.975 0.0000e+00
-1.025 -0.925 0.0000e+00
-1.025 -0.875 0.0000e+00
-1.025 -0.825 0.0000e+00
-1.025 -0.775 0.0000e+00
-1.025 -0.725 0.0000e+00
-1.025 -0.675 0.0000e+00
-1.025 -0.625 0.0000e+00
-1.025 -0.575 0.0000e+00
-1.025 -0.525 0.0000e+00
-1.025 -0.475 0.0000e+00
-1.025 -0.425 0.0000e+00
-1.025 -0.375 0.0000e+00
-1.025 -0.325 0.0000e+00
-1.025 -0.275 0.0000e+00
-1.025 -0.225 0.0000e+00
-1.025 -0.175 0.0000e+00
-1.025 -0.125 0.0000e+00
-1.025 -0.075 0.0000e+00
-1.025 -0.025 0.0000e+00
-1.025 0.025 0.0000e+00
-1.025 0.075 0.0000e+00
-1.025 0.125 0.0000e+00
-1.025 0.175 0.0000e+00
-1.025 0.225 0.0000e+00
-1.025 0.275 0.0000e+00
-1.025 0.325 0.0000e+00
-1.025 0.375 0.0000e+00
-1.025 0.425 0.0000e+00
-1.025 0.475 0.0000e+00
-1.025 0.525 0.0000e+00
-1.025 0.575 0.0000e+00
-1.025 0.625 0.0000e+00
-1.025 0.675 0.0000e+00
-1.025 0.725 0.0000e+00
-1.025 0.775 0.0000e+00
-1.025 0.825 0.0000e+00
-1.025 0.875 0.0000e+00
-1.025 0.925 0.0000e+00
-1.025 0.975 0.0000e+00
-1.025 1.025 0.0000e+00
-1.025 1.075 0.0000e+00
-1.025 1.125 0.0000e+00
-1.025 1.175 0.0000e+00
-1.025 1.225 8.4768e-12
-1.025 1.275 1.4620e-11
-1.025 1.325 2.4389e-11
-1.025 1.375 3.9139e-11
-1.025 1.425 6.0106e-11
-1.025 1.475 8.7915e-11
-1.025 1.525 1.2201e-10
-1.025 1.575 1.6029e-10
-1.025 1.625 1.9914e-10
-1.025 1.675 2.3415e-10
-1.025 1.725 2.6117e-10
-1.025 1.775 2.7729e-10
-1.025 1.825 2.8146e-10
-1.025 1.875 2.7446e-10
-1.025 1.925 2.5842e-10
-1.025 1.975 2.3609e-10
-1.025 2.025 2.1024e-10
-1.025 2.075 1.8325e-10
-1.025 2.125 1.5691e-10
-1.025 2.175 1.3241e-10
-1.025 2.225 1.1041e-10
-1.025 2.275 9.1178e-11
-1.025 2.325 7.4705e-11
-1.025 2.375 6.0823e-11
-1.025 2.425 4.9269e-11
-1.025 2.475 3.9748e-11
-1.025 2.525 3.1961e-11
-1.025 2.575 2.5633e-11
-1.025 2.625 2.0514e-11
-1.025 2.675 1.6390e-11
-1.025 2.725 1.3077e-11
-1.025 2.775 1.0423e-11
-1.025 2.825 8.2993e-12
-1.025 2.875 6.6037e-12
-1.025 2.925 5.2512e-12
-1.025 2.975 4.1736e-12
-1.025 3.025 3.3155e-12
-1.025 3.075 2.6328e-12
-1.025 3.125 2.0898e-12
-1.025 3.175 1.6582e-12
-1.025 3.225 1.3152e-12
-1.025 3.275 1.0427e-12
-1.025 3.325 8.2631e-13
-1.025 3.375 6.5445e-13
-1.025 3.425 5.1800e-13
-1.025 3.475 4.0966e-13
-1.025 3.525 3.2363e-13
-1.025 3.575 2.5531e-13
-1.025 3.625 2.0099e-13
-1.025 3.675 0.0000e+00
-1.025 3.725 0.0000e+00
-1.025 3.775 0.0000e+00
-1.025 3.825 0.0000e+00
-1.025 3.875 0.0000e+00
-1.025 3.925 0.0000e+00
-1.025 3.975 0.0000e+00
-0.975 -1.975 0.0000e+00
-0.975 -1.925 0.0000e+00
-0.975 -1.875 0.0000e+00
-0.975 -1.825 0.0000e+00
-0.975 -1.775 0.0000e+00
-0.975 -1.725 0.0000e+00
-0.975 -1.675 0.0000e+00
-0.975 -1.625 0.0000e+00
-0.975 -1.575 0.0000e+00
-0.975 -1.525 0.0000e+00
-0.975 -1.475 0.0000e+00
-0.975 -1.425 0.0000e+00
-0.975 -1.375 0.0000e+00
-0.975 -1.325 0.0000e+00
-0.975 -1.275 0.0000e+00
-0.975 -1.225 0.0000e+00
-0.975 -1.175 0.0000e+00
-0.975 -1.125 0.0000e+00
-0.975 -1.075 0.0000e+00
-0.975 -1.025 0.0000e+00
-0.975 -0.975 0.0000e+00
-0.975 -0.925 0.0000e+00
-0.975 -0.875 0.0000e+00
-0.975 -0.825 0.0000e+00
-0.975 -0.775 0.0000e+00
-0.975 -0.725 0.0000e+00
-0.975 -0.675 0.0000e+00
-0.975 -0.625 0.0000e+00
-0.975 -0.575 0.0000e+00
-0.975 -0.525 0.0000e+00
-0.975 -0.475 0.0000e+00
-0.975 -0.425 0.0000e+00
-0.975 -0.375 0.0000e+00
-0.975 -0.325 0.0000e+00
-0.975 -0.275 0.0000e+00
-0.975 -0.225 0.0000e+00
-0.975 -0.175 0.0000e+00
-0.975 -0.125 0.0000e+00
-0.975 -0.075 0.0000e+00
-0.975 -0.025 0.0000e+00
-0.975 0.025 0.0000e+00
-0.975 0.075 0.0000e+00
-0.975 0.125 0.0000e+00
-0.975 0.175 0.0000e+00
-0.975 0.225 0.0000e+00
-0.975 0.275 0.0000e+00
-0.975 0.325 0.0000e+00
-0.975 0.375 0.0000e+00
-0.975 0.425 0.0000e+00
-0.975 0.475 0.0000e+00
-0.975 0.525 0.0000e+00
-0.975 0.575 0.0000e+00
-0.975 0.625 0.0000e+00
-0.975 0.675 0.0000e+00
-0.975 0.725 0.0000e+00
-0.975 0.775 0.0000e+00
-0.975 0.825 0.0000e+00
-0.975 0.875 0.0000e+00
-0.975 0.925 0.0000e+00
-0.975 0.975 0.0000e+00
-0.975 1.025 0.0000e+00
-0.975 1.075 0.0000e+00
-0.975 1.125 0.0000e+00
-0.975 1.175 0.0000e+00
-0.975 1.225 9.2169e-12
-0.975 1.275 1.5376e-11
-0.975 1.325 2.4678e-11
-0.975 1.375 3.7902e-11
-0.975 1.425 5.5446e-11
-0.975 1.475 7.6963e-11
-0.975 1.525 1.0112e-10
-0.975 1.575 1.2566e-10
-0.975 1.625 1.4779e-10
-0.975 1.675 1.6488e-10
-0.975 1.725 1.7509e-10
-0.975 1.775 1.7776e-10
-0.975 1.825 1.7338e-10
-0.975 1.875 1.6327e-10
-0.975 1.925 1.4919e-10
-0.975 1.975 1.3287e-10
-0.975 2.025 1.1584e-10
-0.975 2.075 9.9200e-11
-0.975 2.125 8.3721e-11
-0.975 2.175 6.9818e-11
-0.975 2.225 5.7661e-11
-0.975 2.275 4.7248e-11
-0.975 2.325 3.8472e-11
-0.975 2.375 3.1166e-11
-0.975 2.425 2.5145e-11
-0.975 2.475 2.0221e-11
-0.975 2.525 1.6218e-11
-0.975 2.575 1.2981e-11
-0.975 2.625 1.0372e-11
-0.975 2.675 8.2762e-12
-0.975 2.725 6.5967e-12
-0.975 2.775 5.2533e-12
-0.975 2.825 4.1804e-12
-0.975 2.875 3.3247e-12
-0.975 2.925 2.6427e-12
-0.975 2.975 2.0997e-12
-0.975 3.025 1.6676e-12
-0.975 3.075 1.3240e-12
-0.975 3.125 1.0508e-12
-0.975 3.175 8.3365e-13
-0.975 3.225 6.6115e-13
-0.975 3.275 5.2413e-13
-0.975 3.325 4.1533e-13
-0.975 3.375 3.2893e-13
-0.975 3.425 2.6034e-13
-0.975 3.475 2.0588e-13
-0.975 3.525 1.6265e-13
-0.975 3.575 1.2831e-13
-0.975 3.625 1.0101e-13
-0.975 3.675 0.0000e+00
-0.975 3.725 0.0000e+00
-0.975 3.775 0.0000e+00
-0.975 3.825 0.0000e+00
-0.975 3.875 0.0000e+00
-0.975 3.925 0.0000e+00
-0.975 3.975 0.0000e+00
-0.925 -1.975 0.0000e+00
-0.925 -1.925 0.0000e+00
-0.925 -1.875 0.0000e+00
-0.925 -1.825 0.0000e+00
-0.925 -1.775 0.0000e+00
-0.925 -1.725 0.0000e+00
-0.925 -1.675 0.0000e+00
-0.925 -1.625 0.0000e+00
-0.925 -1.575 0.0000e+00
-0.925 -1.525 0.0000e+00
-0.925 -1.475 0.0000e+00
-0.925 -1.425 0.0000e+00
-0.925 -1.375 0.0000e+00
-0.925 -1.325 0.0000e+00
-0.925 -1.275 0.0000e+00
-0.925 -1.225 0.0000e+00
-0.925 -1.175 0.0000e+00
-0.925 -1.125 0.0000e+00
-0.925 -1.075 0.0000e+00
-0.925 -1.025 0.0000e+00
-0.925 -0.975 0.0000e+00
-0.925 -0.925 0.0000e+00
-0.925 -0.875 0.0000e+00
-0.925 -0.825 0.0000e+00
-0.925 -0.775 0.0000e+00
-0.925 -0.725 0.0000e+00
-0.925 -0.675 0.0000e+00
-0.925 -0.625 0.0000e+00
-0.925 -0.575 0.0000e+00
-0.925 -0.525 0.0000e+00
-0.925 -0.475 0.0000e+00
-0.925 -0.425 0.0000e+00
-0.925 -0.375 0.0000e+00
-0.925 -0.325 0.0000e+00
-0.925 -0.275 0.0000e+00
-0.925 -0.225 0.0000e+00
-0.925 -0.175 0.0000e+00
-0.925 -0.125 0.0000e+00
-0.925 -0.075 0.0000e+00
-0.925 -0.025 0.0000e+00
-0.925 0.025 0.0000e+00
-0.925 0.075 0.0000e+00
-0.925 0.125 0.0000e+00
-0.925 0.175 0.0000e+00
-0.925 0.225 0.0000e+00
-0.925 0.275 0.0000e+00
-0.925 0.325 0.0000e+00
-0.925 0.375 0.0000e+00
-0.925 0.425 0.0000e+00
-0.925 0.475 0.0000e+00
-0.925 0.525 0.0000e+00
-0.925 0.575 0.0000e+00
-0.925 0.625 0.0000e+00
-0.925 0.675 0.0000e+00
-0.925 0.725 0.0000e+00
-0.925 0.775 0.0000e+00
-0.925 0.825 0.0000e+00
-0.925 0.875 0.0000e+00
-0.925 0.925 0.0000e+00
-0.925 0.975 0.0000e+00
-0.925 1.025 0.0000e+00
-0.925 1.075 0.0000e+00
-0.925 1.125 0.0000e+00
-0.925 1.175 0.0000e+00
-0.925 1.225 9.6962e-12
-0.925 1.275 1.5564e-11
-0.925 1.325 2.3907e-11
-0.925 1.375 3.4980e-11
-0.925 1.425 4.8565e-11
-0.925 1.475 6.3825e-11
-0.925 1.525 7.9331e-11
-0.925 1.575 9.3324e-11
-0.925 1.625 1.0414e-10
-0.925 1.675 1.1062e-10
-0.925 1.725 1.1233e-10
-0.925 1.775 1.0959e-10
-0.925 1.825 1.0322e-10
-0.925 1.875 9.4338e-11
-0.925 1.925 8.4037e-11
-0.925 1.975 7.3271e-11
-0.925 2.025 6.2758e-11
-0.925 2.075 5.2971e-11
-0.925 2.125 4.4180e-11
-0.925 2.175 3.6490e-11
-0.925 2.225 2.9904e-11
-0.925 2.275 2.4351e-11
-0.925 2.325 1.9728e-11
-0.925 2.375 1.5918e-11
-0.925 2.425 1.2802e-11
-0.925 2.475 1.0268e-11
-0.925 2.525 8.2192e-12
-0.925 2.575 6.5678e-12
-0.925 2.625 5.2411e-12
-0.925 2.675 4.1779e-12
-0.925 2.725 3.3274e-12
-0.925 2.775 2.6481e-12
-0.925 2.825 2.1062e-12
-0.925 2.875 1.6744e-12
-0.925 2.925 1.3305e-12
-0.925 2.975 1.0569e-12
-0.925 3.025 8.3921e-13
-0.925 3.075 6.6617e-13
-0.925 3.125 5.2864e-13
-0.925 3.175 4.1937e-13
-0.925 3.225 3.3257e-13
-0.925 3.275 2.6363e-13
-0.925 3.325 2.0889e-13
-0.925 3.375 1.6543e-13
-0.925 3.425 1.3093e-13
-0.925 3.475 1.0354e-13
-0.925 3.525 8.1797e-14
-0.925 3.575 6.4526e-14
-0.925 3.625 5.0796e-14
-0.925 3.675 0.0000e+00
-0.925 3.725 0.0000e+00
-0.925 3.775 0.0000e+00
-0.925 3.825 0.0000e+00
-0.925 3.875 0.0000e+00
-0.925 3.925 0.0000e+00
-0.925 3.975 0.0000e+00
-0.875 -1.975 0.0000e+00
-0.875 -1.925 0.0000e+00
-0.875 -1.875 0.0000e+00
-0.875 -1.825 0.0000e+00
-0.875 -1.775 0.0000e+00
-0.875 -1.725 0.0000e+00
-0.875 -1.675 0.0000e+00
-0.875 -1.625 0.0000e+00
-0.875 -1.575 0.0000e+00
-0.875 -1.525 0.0000e+00
-0.875 -1.475 0.0000e+00
-0.875 -1.425 0.0000e+00
-0.875 -1.375 0.0000e+00
-0.875 -1.325 0.0000e+00
-0.875 -1.275 0.0000e+00
-0.875 -1.225 0.0000e+00
-0.875 -1.175 0.0000e+00
-0.875 -1.125 0.0000e+00
-0.875 -1.075 0.0000e+00
-0.875 -1.025 0.0000e+00
-0.875 -0.975 0.0000e+00
-0.875 -0.925 0.0000e+00
-0.875 -0.875 0.0000e+00
-0.875 -0.825 0.0000e+00
-0.875 -0.775 0.0000e+00
-0.875 -0.725 0.0000e+00
-0.875 -0.675 0.0000e+00
-0.875 -0.625 0.0000e+00
-0.875 -0.575 0.0000e+00
-0.875 -0.525 0.0000e+00
-0.875 -0.475 0.0000e+00
-0.875 -0.425 0.0000e+00
-0.875 -0.375 0.0000e+00
-0.875 -0.325 0.0000e+00
-0.875 -0.275 0.0000e+00
-0.875 -0.225 0.0000e+00
-0.875 -0.175 0.0000e+00
-0.875 -0.125 0.0000e+00
-0.875 -0.075 0.0000e+00
-0.875 -0.025 0.0000e+00
-0.875 0.025 0.0000e+00
-0.875 0.075 0.0000e+00
-0.875 0.125 0.0000e+00
-0.875 0.175 0.0000e+00
-0.875 0.225 0.0000e+00
-0.875 0.275 0.0000e+00
-0.875 0.325 0.0000e+00
-0.875 0.375 0.0000e+00
-0.875 0.425 0.0000e+00
-0.875 0.475 0.0000e+00
-0.875 0.525 0.0000e+00
-0.875 0.575 0.0000e+00
-0.875 0.625 0.0000e+00
-0.875 0.675 0.0000e+00
-0.875 0.725 0.0000e+00
-0.875 0.775 0.0000e+00
-0.875 0.825 0.0000e+00
-0.875 0.875 0.0000e+00
-0.875 0.925 0.0000e+00
-0.875 0.975 0.0000e+00
-0.875 1.025 0.0000e+00
-0.875 1.075 0.0000e+00
-0.875 1.125 0.0000e+00
-0.875 1.175 0.0000e+00
-0.875 1.225 9.8178e-12
-0.875 1.275 1.5084e-11
-0.875 1.325 2.2076e-11
-0.875 1.375 3.0658e-11
-0.875 1.425 4.0303e-11
-0.875 1.475 5.0109e-11
-0.875 1.525 5.8967e-11
-0.875 1.575 6.5822e-11
-0.875 1.625 6.9937e-11
-0.875 1.675 7.1041e-11
-0.875 1.725 6.9323e-11
-0.875 1.775 6.5313e-11
-0.875 1.825 5.9703e-11
-0.875 1.875 5.3193e-11
-0.875 1.925 4.6387e-11
-0.875 1.975 3.9737e-11
-0.875 2.025 3.3545e-11
-0.875 2.075 2.7980e-11
-0.875 2.125 2.3113e-11
-0.875 2.175 1.8942e-11
-0.875 2.225 1.5426e-11
-0.875 2.275 1.2499e-11
-0.875 2.325 1.0086e-11
-0.875 2.375 8.1117e-12
-0.875 2.425 6.5070e-12
-0.875 2.475 5.2087e-12
-0.875 2.525 4.1625e-12
-0.875 2.575 3.3219e-12
-0.875 2.625 2.6482e-12
-0.875 2.675 2.1092e-12
-0.875 2.725 1.6788e-12
-0.875 2.775 1.3354e-12
-0.875 2.825 1.0617e-12
-0.875 2.875 8.4374e-13
-0.875 2.925 6.7029e-13
-0.875 2.975 5.3233e-13
-0.875 3.025 4.2264e-13
-0.875 3.075 3.3545e-13
-0.875 3.125 2.6617e-13
-0.875 3.175 2.1114e-13
-0.875 3.225 1.6742e-13
-0.875 3.275 1.3271e-13
-0.875 3.325 1.0515e-13
-0.875 3.375 8.3275e-14
-0.875 3.425 6.5907e-14
-0.875 3.475 5.2119e-14
-0.875 3.525 4.1173e-14
-0.875 3.575 3.2479e-14
-0.875 3.625 0.0000e+00
-0.875 3.675 0.0000e+00
-0.875 3.725 0.0000e+00
-0.875 3.775 0.0000e+00
-0.875 3.825 0.0000e+00
-0.875 3.875 0.0000e+00
-0.875 3.925 0.0000e+00
-0.875 3.975 0.0000e+00
-0.825 -1.975 0.0000e+00
-0.825 -1.925 0.0000e+00
-0.825 -1.875 0.0000e+00
-0.825 -1.825 0.0000e+00
-0.825 -1.775 0.0000e+00
-0.825 -1.725 0.0000e+00
-0.825 -1.675 0.0000e+00
-0.825 -1.625 0.0000e+00
-0.825 -1.575 0.0000e+00
-0.825 -1.525 0.0000e+00
-0.825 -1.475 0.0000e+00
-0.825 -1.425 0.0000e+00
-0.825 -1.375 0.0000e+00
-0.825 -1.325 0.0000e+00
-0.825 -1.275 0.0000e+00
-0.825 -1.225 0.0000e+00
-0.825 -1.175 0.0000e+00
-0.825 -1.125 0.0000e+00
-0.825 -1.075 0.0000e+00
-0.825 -1.025 0.0000e+00
-0.825 -0.975 0.0000e+00
-0.825 -0.925 0.0000e+00
-0.825 -0.875 0.0000e+00
-0.825 -0.825 0.0000e+00
-0.825 -0.775 0.0000e+00
-0.825 -0.725 0.0000e+00
-0.825 -0.675 0.0000e+00
-0.825 -0.625 0.0000e+00
-0.825 -0.575 0.0000e+00
-0.825 -0.525 0.0000e+00
-0.825 -0.475 0.0000e+00
-0.825 -0.425 0.0000e+00
-0.825 -0.375 0.0000e+00
-0.825 -0.325 0.0000e+00
-0.825 -0.275 0.0000e+00
-0.825 -0.225 0.0000e+00
-0.825 -0.175 0.0000e+00
-0.825 -0.125 0.0000e+00
-0.825 -0.075 0.0000e+00
-0.825 -0.025 0.0000e+00
-0.825 0.025 0.0000e+00
-0.825 0.075 0.0000e+00
-0.825 0.125 0.0000e+00
-0.825 0.175 0.0000e+00
-0.825 0.225 0.0000e+00
-0.825 0.275 0.0000e+00
-0.825 0.325 0.0000e+00
-0.825 0.375 0.0000e+00
-0.825 0.425 0.0000e+00
-0.825 0.475 0.0000e+00
-0.825 0.525 0.0000e+00
-0.825 0.575 0.0000e+00
-0.825 0.625 0.0000e+00
-0.825 0.675 0.0000e+00
-0.825 0.725 0.0000e+00
-0.825 0.775 0.0000e+00
-0.825 0.825 0.0000e+00
-0.825 0.875 0.0000e+00
-0.825 0.925 0.0000e+00
-0.825 0.975 0.0000e+00
-0.825 1.025 0.0000e+00
-0.825 1.075 0.0000e+00
-0.825 1.125 0.0000e+00
-0.825 1.175 0.0000e+00
-0.825 1.225 9.5207e-12
-0.825 1.275 1.3938e-11
-0.825 1.325 1.9363e-11
-0.825 1.375 2.5464e-11
-0.825 1.425 3.1672e-11
-0.825 1.475 3.7284e-11
-0.825 1.525 4.1634e-11
-0.825 1.575 4.4253e-11
-0.825 1.625 4.4967e-11
-0.825 1.675 4.3893e-11
-0.825 1.725 4.1365e-11
-0.825 1.775 3.7821e-11
-0.825 1.825 3.3705e-11
-0.825 1.875 2.9397e-11
-0.825 1.925 2.5187e-11
-0.825 1.975 2.1265e-11
-0.825 2.025 1.7740e-11
-0.825 2.075 1.4655e-11
-0.825 2.125 1.2012e-11
-0.825 2.175 9.7833e-12
-0.825 2.225 7.9274e-12
-0.825 2.275 6.3972e-12
-0.825 2.325 5.1455e-12
-0.825 2.375 4.1278e-12
-0.825 2.425 3.3045e-12
-0.825 2.475 2.6409e-12
-0.825 2.525 2.1077e-12
-0.825 2.575 1.6803e-12
-0.825 2.625 1.3385e-12
-0.825 2.675 1.0654e-12
-0.825 2.725 8.4751e-13
-0.825 2.775 6.7387e-13
-0.825 2.825 5.3559e-13
-0.825 2.875 4.2554e-13
-0.825 2.925 3.3800e-13
-0.825 2.975 2.6839e-13
-0.825 3.025 2.1305e-13
-0.825 3.075 1.6909e-13
-0.825 3.125 1.3416e-13
-0.825 3.175 1.0641e-13
-0.825 3.225 8.4377e-14
-0.825 3.275 6.6881e-14
-0.825 3.325 5.2991e-14
-0.825 3.375 4.1964e-14
-0.825 3.425 3.3211e-14
-0.825 3.475 2.6263e-14
-0.825 3.525 2.0747e-14
-0.825 3.575 1.6366e-14
-0.825 3.625 0.0000e+00
-0.825 3.675 0.0000e+00
-0.825 3.725 0.0000e+00
-0.825 3.775 0.0000e+00
-0.825 3.825 0.0000e+00
-0.825 3.875 0.0000e+00
-0.825 3.925 0.0000e+00
-0.825 3.975 0.0000e+00
-0.775 -1.975 0.0000e+00
-0.775 -1.925 0.0000e+00
-0.775 -1.875 0.0000e+00
-0.775 -1.825 0.0000e+00
-0.775 -1.775 0.0000e+00
-0.775 -1.725 0.0000e+00
-0.775 -1.675 0.0000e+00
-0.775 -1.625 0.0000e+00
-0.775 -1.575 0.0000e+00
-0.775 -1.525 0.0000e+00
-0.775 -1.475 0.0000e+00
-0.775 -1.425 0.0000e+00
-0.775 -1.375 0.0000e+00
-0.775 -1.325 0.0000e+00
-0.775 -1.275 0.0000e+00
-0.775 -1.225 0.0000e+00
-0.775 -1.175 0.0000e+00
-0.775 -1.125 0.0000e+00
-0.775 -1.075 0.0000e+00
-0.775 -1.025 0.0000e+00
-0.775 -0.975 0.0000e+00
-0.775 -0.925 0.0000e+00
-0.775 -0.875 0.0000e+00
-0.775 -0.825 0.0000e+00
-0.775 -0.775 0.0000e+00
-0.775 -0.725 0.0000e+00
-0.775 -0.675 0.0000e+00
-0.775 -0.625 0.0000e+00
-0.775 -0.575 0.0000e+00
-0.775 -0.525 0.0000e+00
-0.775 -0.475 0.0000e+00
-0.775 -0.425 0.0000e+00
-0.775 -0.375 0.0000e+00
-0.775 -0.325 0.0000e+00
-0.775 -0.275 0.0000e+00
-0.775 -0.225 0.0000e+00
-0.775 -0.175 0.0000e+00
-0.775 -0.125 0.0000e+00
-0.775 -0.075 0.0000e+00
-0.775 -0.025 0.0000e+00
-0.775 0.025 0.0000e+00
-0.775 0.075 0.0000e+00
-0.775 0.125 0.0000e+00
-0.775 0.175 0.0000e+00
-0.775 0.225 0.0000e+00
-0.775 0.275 0.0000e+00
-0.775 0.325 0.0000e+00
-0.775 0.375 0.0000e+00
-0.775 0.425 0.0000e+00
-0.775 0.475 0.0000e+00
-0.775 0.525 0.0000e+00
-0.775 0.575 0.0000e+00
-0.775 0.625 0.0000e+00
-0.775 0.675 0.0000e+00
-0.775 0.725 0.0000e+00
-0.775 0.775 0.0000e+00
-0.775 0.825 0.0000e+00
-0.775 0.875 0.0000e+00
-0.775 0.925 0.0000e+00
-0.775 0.975 0.0000e+00
-0.775 1.025 0.0000e+00
-0.775 1.075 0.0000e+00
-0.775 1.125 0.0000e+00
-0.775 1.175 0.0000e+00
-0.775 1.225 8.8038e-12
-0.775 1.275 1.2236e-11
-0.775 1.325 1.6099e-11
-0.775 1.375 2.0033e-11
-0.775 1.425 2.3595e-11
-0.775 1.475 2.6360e-11
-0.775 1.525 2.8030e-11
-0.775 1.575 2.8493e-11
-0.775 1.625 2.7823e-11
-0.775 1.675 2.6229e-11
-0.775 1.725 2.3989e-11
-0.775 1.775 2.1383e-11
-0.775 1.825 1.8654e-11
-0.775 1.875 1.5986e-11
-0.775 1.925 1.3499e-11
-0.775 1.975 1.1262e-11
-0.775 2.025 9.3053e-12
-0.775 2.075 7.6278e-12
-0.775 2.125 6.2130e-12
-0.775 2.175 5.0348e-12
-0.775 2.225 4.0633e-12
-0.775 2.275 3.2684e-12
-0.775 2.325 2.6222e-12
-0.775 2.375 2.0993e-12
-0.775 2.425 1.6778e-12
-0.775 2.475 1.3391e-12
-0.775 2.525 1.0677e-12
-0.775 2.575 8.5049e-13
-0.775 2.625 6.7701e-13
-0.775 2.675 5.3861e-13
-0.775 2.725 4.2829e-13
-0.775 2.775 3.4043e-13
-0.775 2.825 2.7051e-13
-0.775 2.875 2.1488e-13
-0.775 2.925 1.7065e-13
-0.775 2.975 1.3549e-13
-0.775 3.025 1.0754e-13
-0.775 3.075 8.5343e-14
-0.775 3.125 6.7708e-14
-0.775 3.175 5.3703e-14
-0.775 3.225 4.2581e-14
-0.775 3.275 3.3751e-14
-0.775 3.325 2.6741e-14
-0.775 3.375 2.1176e-14
-0.775 3.425 1.6759e-14
-0.775 3.475 1.3253e-14
-0.775 3.525 1.0469e-14
-0.775 3.575 0.0000e+00
-0.775 3.625 0.0000e+00
-0.775 3.675 0.0000e+00
-0.775 3.725 0.0000e+00
-0.775 3.775 0.0000e+00
-0.775 3.825 0.0000e+00
-0.775 3.875 0.0000e+00
-0.775 3.925 0.0000e+00
-0.775 3.975 0.0000e+00
-0.725 -1.975 0.0000e+00
-0.725 -1.925 0.0000e+00
-0.725 -1.875 0.0000e+00
-0.725 -1.825 0.0000e+00
-0.725 -1.775 0.0000e+00
-0.725 -1.725 0.0000e+00
-0.725 -1.675 0.0000e+00
-0.725 -1.625 0.0000e+00
-0.725 -1.575 0.0000e+00
-0.725 -1.525 0.0000e+00
-0.725 -1.475 0.0000e+00
-0.725 -1.425 0.0000e+00
-0.725 -1.375 0.0000e+00
-0.725 -1.325 0.0000e+00
-0.725 -1.275 0.0000e+00
-0.725 -1.225 0.0000e+00
-0.725 -1.175 0.0000e+00
-0.725 -1.125 0.0000e+00
-0.725 -1.075 0.0000e+00
-0.725 -1.025 0.0000e+00
-0.725 -0.975 0.0000e+00
-0.725 -0.925 0.0000e+00
-0.725 -0.875 0.0000e+00
-0.725 -0.825 0.0000e+00
-0.725 -0.775 0.0000e+00
-0.725 -0.725 0.0000e+00
-0.725 -0.675 0.0000e+00
-0.725 -0.625 0.0000e+00
-0.725 -0.575 0.0000e+00
-0.725 -0.525 0.0000e+00
-0.725 -0.475 0.0000e+00
-0.725 -0.425 0.0000e+00
-0.725 -0.375 0.0000e+00
-0.725 -0.325 0.0000e+00
-0.725 -0.275 0.0000e+00
-0.725 -0.225 0.0000e+00
-0.725 -0.175 0.0000e+00
-0.725 -0.125 0.0000e+00
-0.725 -0.075 0.0000e+00
-0.725 -0.025 0.0000e+00
-0.725 0.025 0.0000e+00
-0.725 0.075 0.0000e+00
-0.725 0.125 0.0000e+00
-0.725 0.175 0.0000e+00
-0.725 0.225 0.0000e+00
-0.725 0.275 0.0000e+00
-0.725 0.325 0.0000e+00
-0.725 0.375 0.0000e+00
-0.725 0.425 0.0000e+00
-0.725 0.475 0.0000e+00
-0.725 0.525 0.0000e+00
-0.725 0.575 0.0000e+00
-0.725 0.625 0.0000e+00
-0.725 0.675 0.0000e+00
-0.725 0.725 0.0000e+00
-0.725 0.775 0.0000e+00
-0.725 0.825 0.0000e+00
-0.725 0.875 0.0000e+00
-0.725 0.925 0.0000e+00
-0.725 0.975 0.0000e+00
-0.725 1.025 0.0000e+00
-0.725 1.075 0.0000e+00
-0.725 1.125 0.0000e+00
-0.725 1.175 0.0000e+00
-0.725 1.225 7.7374e-12
-0.725 1.275 1.0186e-11
-0.725 1.325 1.2683e-11
-0.725 1.375 1.4947e-11
-0.725 1.425 1.6708e-11
-0.725 1.475 1.7776e-11
-0.725 1.525 1.8079e-11
-0.725 1.575 1.7661e-11
-0.725 1.625 1.6656e-11
-0.725 1.675 1.5238e-11
-0.725 1.725 1.3587e-11
-0.725 1.775 1.1856e-11
-0.725 1.825 1.0162e-11
-0.725 1.875 8.5829e-12
-0.725 1.925 7.1622e-12
-0.725 1.975 5.9184e-12
-0.725 2.025 4.8520e-12
-0.725 2.075 3.9525e-12
-0.725 2.125 3.2032e-12
-0.725 2.175 2.5853e-12
-0.725 2.225 2.0797e-12
-0.725 2.275 1.6686e-12
-0.725 2.325 1.3359e-12
-0.725 2.375 1.0678e-12
-0.725 2.425 8.5229e-13
-0.725 2.475 6.7955e-13
-0.725 2.525 5.4135e-13
-0.725 2.575 4.3096e-13
-0.725 2.625 3.4288e-13
-0.725 2.675 2.7267e-13
-0.725 2.725 2.1675e-13
-0.725 2.775 1.7224e-13
-0.725 2.825 1.3684e-13
-0.725 2.875 1.0868e-13
-0.725 2.925 8.6298e-14
-0.725 2.975 6.8510e-14
-0.725 3.025 5.4376e-14
-0.725 3.075 4.3148e-14
-0.725 3.125 3.4231e-14
-0.725 3.175 2.7149e-14
-0.725 3.225 2.1526e-14
-0.725 3.275 1.7062e-14
-0.725 3.325 1.3518e-14
-0.725 3.375 1.0705e-14
-0.725 3.425 8.4716e-15
-0.725 3.475 6.6991e-15
-0.725 3.525 5.2920e-15
-0.725 3.575 0.0000e+00
-0.725 3.625 0.0000e+00
-0.725 3.675 0.0000e+00
-0.725 3.725 0.0000e+00
-0.725 3.775 0.0000e+00
-0.725 3.825 0.0000e+00
-0.725 3.875 0.0000e+00
-0.725 3.925 0.0000e+00
-0.725 3.975 0.0000e+00
-0.675 -1.975 0.0000e+00
-0.675 -1.925 0.0000e+00
-0.675 -1.875 0.0000e+00
-0.675 -1.825 0.0000e+00
-0.675 -1.775 0.0000e+00
-0.675 -1.725 0.0000e+00
-0.675 -1.675 0.0000e+00
-0.675 -1.625 0.0000e+00
-0.675 -1.575 0.0000e+00
-0.675 -1.525 0.0000e+00
-0.675 -1.475 0.0000e+00
-0.675 -1.425 0.0000e+00
-0.675 -1.375 0.0000e+00
-0.675 -1.325 0.0000e+00
-0.675 -1.275 0.0000e+00
-0.675 -1.225 0.0000e+00
-0.675 -1.175 0.0000e+00
-0.675 -1.125 0.0000e+00
-0.675 -1.075 0.0000e+00
-0.675 -1.025 0.0000e+00
-0.675 -0.975 0.0000e+00
-0.675 -0.925 0.0000e+00
-0.675 -0.875 0.0000e+00
-0.675 -0.825 0.0000e+00
-0.675 -0.775 0.0000e+00
-0.675 -0.725 0.0000e+00
-0.675 -0.675 0.0000e+00
-0.675 -0.625 0.0000e+00
-0.675 -0.575 0.0000e+00
-0.675 -0.525 0.0000e+00
-0.675 -0.475 0.0000e+00
-0.675 -0.425 0.0000e+00
-0.675 -0.375 0.0000e+00
-0.675 -0.325 0.0000e+00
-0.675 -0.275 0.0000e+00
-0.675 -0.225 0.0000e+00
-0.675 -0.175 0.0000e+00
-0.675 -0.125 0.0000e+00
-0.675 -0.075 0.0000e+00
-0.675 -0.025 0.0000e+00
-0.675 0.025 0.0000e+00
-0.675 0.075 0.0000e+00
-0.675 0.125 0.0000e+00
-0.675 0.175 0.0000e+00
-0.675 0.225 0.0000e+00
-0.675 0.275 0.0000e+00
-0.675 0.325 0.0000e+00
-0.675 0.375 0.0000e+00
-0.675 0.425 0.0000e+00
-0.675 0.475 0.0000e+00
-0.675 0.525 0.0000e+00
-0.675 0.575 0.0000e+00
-0.675 0.625 0.0000e+00
-0.675 0.675 0.0000e+00
-0.675 0.725 0.0000e+00
-0.675 0.775 0.0000e+00
-0.675 0.825 0.0000e+00
-0.675 0.875 0.0000e+00
-0.675 0.925 0.0000e+00
-0.675 0.975 0.0000e+00
-0.675 1.025 0.0000e+00
-0.675 1.075 0.0000e+00
-0.675 1.125 0.0000e+00
-0.675 1.175 0.0000e+00
-0.675 1.225 0.0000e+00
-0.675 1.275 0.0000e+00
-0.675 1.325 0.0000e+00
-0.675 1.375 0.0000e+00
-0.675 1.425 0.0000e+00
-0.675 1.475 0.0000e+00
-0.675 1.525 0.0000e+00
-0.675 1.575 0.0000e+00
-0.675 1.625 0.0000e+00
-0.675 1.675 0.0000e+00
-0.675 1.725 0.0000e+00
-0.675 1.775 0.0000e+00
-0.675 1.825 0.0000e+00
-0.675 1.875 0.0000e+00
-0.675 1.925 0.0000e+00
-0.675 1.975 0.0000e+00
-0.675 2.025 0.0000e+00
-0.675 2.075 0.0000e+00
-0.675 2.125 0.0000e+00
-0.675 2.175 0.0000e+00
-0.675 2.225 0.0000e+00
-0.675 2.275 0.0000e+00
-0.675 2.325 0.0000e+00
-0.675 2.375 0.0000e+00
-0.675 2.425 0.0000e+00
-0.675 2.475 0.0000e+00
-0.675 2.525 0.0000e+00
-0.675 2.575 0.0000e+00
-0.675 2.625 0.0000e+00
-0.675 2.675 0.0000e+00
-0.675 2.725 0.0000e+00
-0.675 2.775 0.0000e+00
-0.675 2.825 0.0000e+00
-0.675 2.875 0.0000e+00
-0.675 2.925 0.0000e+00
-0.675 2.975 0.0000e+00
-0.675 3.025 0.0000e+00
-0.675 3.075 0.0000e+00
-0.675 3.125 0.0000e+00
-0.675 3.175 0.0000e+00
-0.675 3.225 0.0000e+00
-0.675 3.275 0.0000e+00
-0.675 3.325 0.0000e+00
-0.675 3.375 0.0000e+00
-0.675 3.425 0.0000e+00
-0.675 3.475 0.0000e+00
-0.675 3.525 0.0000e+00
-0.675 3.575 0.0000e+00
-0.675 3.625 0.0000e+00
-0.675 3.675 0.0000e+00
-0.675 3.725 0.0000e+00
-0.675 3.775 0.0000e+00
-0.675 3.825 0.0000e+00
-0.675 3.875 0.0000e+00
-0.675 3.925 0.0000e+00
-0.675 3.975 0.0000e+00
-0.625 -1.975 0.0000e+00
-0.625 -1.925 0.0000e+00
-0.625 -1.875 0.0000e+00
-0.625 -1.825 0.0000e+00
-0.625 -1.775 0.0000e+00
-0.625 -1.725 0.0000e+00
-0.625 -1.675 0.0000e+00
-0.625 -1.625 0.0000e+00
-0.625 -1.575 0.0000e+00
-0.625 -1.525 0.0000e+00
-0.625 -1.475 0.0000e+00
-0.625 -1.425 0.0000e+00
-0.625 -1.375 0.0000e+00
-0.625 -1.325 0.0000e+00
-0.625 -1.275 0.0000e+00
-0.625 -1.225 0.0000e+00
-0.625 -1.175 0.0000e+00
-0.625 -1.125 0.0000e+00
-0.625 -1.075 0.0000e+00
-0.625 -1.025 0.0000e+00
-0.625 -0.975 0.0000e+00
-0.625 -0.925 0.0000e+00
-0.625 -0.875 0.0000e+00
-0.625 -0.825 0.0000e+00
-0.625 -0.775 0.0000e+00
-0.625 -0.725 0.0000e+00
-0.625 -0.675 0.0000e+00
-0.625 -0.625 0.0000e+00
-0.625 -0.575 0.0000e+00
-0.625 -0.525 0.0000e+00
-0.625 -0.475 0.0000e+00
-0.625 -0.425 0.0000e+00
-0.625 -0.375 0.0000e+00
-0.625 -0.325 0.0000e+00
-0.625 -0.275 0.0000e+00
-0.625 -0.225 0.0000e+00
-0.625 -0.175 0.0000e+00
-0.625 -0.125 0.0000e+00
-0.625 -0.075 0.0000e+00
-0.625 -0.025 0.0000e+00
-0.625 0.025 0.0000e+00
-0.625 0.075 0.0000e+00
-0.625 0.125 0.0000e+00
-0.625 0.175 0.0000e+00
-0.625 0.225 0.0000e+00
-0.625 0.275 0.0000e+00
-0.625 0.325 0.0000e+00
-0.625 0.375 0.0000e+00
-0.625 0.425 0.0000e+00
-0.625 0.475 0.0000e+00
-0.625 0.525 0.0000e+00
-0.625 0.575 0.0000e+00
-0.625 0.625 0.0000e+00
-0.625 0.675 0.0000e+00
-0.625 0.725 0.0000e+00
-0.625 0.775 0.0000e+00
-0.625 0.825 0.0000e+00
-0.625 0.875 0.0000e+00
-0.625 0.925 0.0000e+00
-0.625 0.975 0.0000e+00
-0.625 1.025 0.0000e+00
-0.625 1.075 0.0000e+00
-0.625 1.125 0.0000e+00
-0.625 1.175 0.0000e+00
-0.625 1.225 0.0000e+00
-0.625 1.275 0.0000e+00
-0.625 1.325 0.0000e+00
-0.625 1.375 0.0000e+00
-0.625 1.425 0.0000e+00
-0.625 1.475 0.0000e+00
-0.625 1.525 0.0000e+00
-0.625 1.575 0.0000e+00
-0.625 1.625 0.0000e+00
-0.625 1.675 0.0000e+00
-0.625 1.725 0.0000e+00
-0.625 1.775 0.0000e+00
-0.625 1.825 0.0000e+00
-0.625 1.875 0.0000e+00
-0.625 1.925 0.0000e+00
-0.625 1.975 0.0000e+00
-0.625 2.025 0.0000e+00
-0.625 2.075 0.0000e+00
-0.625 2.125 0.0000e+00
-0.625 2.175 0.0000e+00
-0.625 2.225 0.0000e+00
-0.625 2.275 0.0000e+00
-0.625 2.325 0.0000e+00
-0.625 2.375 0.0000e+00
-0.625 2.425 0.0000e+00
-0.625 2.475 0.0000e+00
-0.625 2.525 0.0000e+00
-0.625 2.575 0.0000e+00
-0.625 2.625 0.0000e+00
-0.625 2.675 0.0000e+00
-0.625 2.725 0.0000e+00
-0.625 2.775 0.0000e+00
-0.625 2.825 0.0000e+00
-0.625 2.875 0.0000e+00
-0.625 2.925 0.0000e+00
-0.625 2.975 0.0000e+00
-0.625 3.025 0.0000e+00
-0.625 3.075 0.0000e+00
-0.625 3.125 0.0000e+00
-0.625 3.175 0.0000e+00
-0.625 3.225 0.0000e+00
-0.625 3.275 0.0000e+00
-0.625 3.325 0.0000e+00
-0.625 3.375 0.0000e+00
-0.625 3.425 0.0000e+00
-0.625 3.475 0.0000e+00
-0.625 3.525 0.0000e+00
-0.625 3.575 0.0000e+00
-0.625 3.625 0.0000e+00
-0.625 3.675 0.0000e+00
-0.625 3.725 0.0000e+00
-0.625 3.775 0.0000e+00
-0.625 3.825 0.0000e+00
-0.625 3.875 0.0000e+00
-0.625 3.925 0.0000e+00
-0.625 3.975 0.0000e+00
-0.575 -1.975 0.0000e+00
-0.575 -1.925 0.0000e+00
-0.575 -1.875 0.0000e+00
-0.575 -1.825 0.0000e+00
-0.575 -1.775 0.0000e+00
-0.575 -1.725 0.0000e+00
-0.575 -1.675 0.0000e+00
-0.575 -1.625 0.0000e+00
-0.575 -1.575 0.0000e+00
-0.575 -1.525 0.0000e+00
-0.575 -1.475 0.0000e+00
-0.575 -1.425 0.0000e+00
-0.575 -1.375 0.0000e+00
-0.575 -1.325 0.0000e+00
-0.575 -1.275 0.0000e+00
-0.575 -1.225 0.0000e+00
-0.575 -1.175 0.0000e+00
-0.575 -1.125 0.0000e+00
-0.575 -1.075 0.0000e+00
-0.575 -1.025 0.0000e+00
-0.575 -0.975 0.0000e+00
-0.575 -0.925 0.0000e+00
-0.575 -0.875 0.0000e+00
-0.575 -0.825 0.0000e+00
-0.575 -0.775 0.0000e+00
-0.575 -0.725 0.0000e+00
-0.575 -0.675 0.0000e+00
-0.575 -0.625 0.0000e+00
-0.575 -0.575 0.0000e+00
-0.575 -0.525 0.0000e+00
-0.575 -0.475 0.0000e+00
-0.575 -0.425 0.0000e+00
-0.575 -0.375 0.0000e+00
-0.575 -0.325 0.0000e+00
-0.575 -0.275 0.0000e+00
-0.575 -0.225 0.0000e+00
-0.575 -0.175 0.0000e+00
-0.575 -0.125 0.0000e+00
-0.575 -0.075 0.0000e+00
-0.575 -0.025 0.0000e+00
-0.575 0.025 0.0000e+00
-0.575 0.075 0.0000e+00
-0.575 0.125 0.0000e+00
-0.575 0.175 0.0000e+00
-0.575 0.225 0.0000e+00
-0.575 0.275 0.0000e+00
-0.575 0.325 0.0000e+00
-0.575 0.375 0.0000e+00
-0.575 0.425 0.0000e+00
-0.575 0.475 0.0000e+00
-0.575 0.525 0.0000e+00
-0.575 0.575 0.0000e+00
-0.575 0.625 0.0000e+00
-0.575 0.675 0.0000e+00
-0.575 0.725 0.0000e+00
-0.575 0.775 0.0000e+00
-0.575 0.825 0.0000e+00
-0.575 0.875 0.0000e+00
-0.575 0.925 0.0000e+00
-0.575 0.975 0.0000e+00
-0.575 1.025 0.0000e+00
-0.575 1.075 0.0000e+00
-0.575 1.125 0.0000e+00
-0.575 1.175 0.0000e+00
-0.575 1.225 0.0000e+00
-0.575 1.275 0.0000e+00
-0.575 1.325 0.0000e+00
-0.575 1.375 0.0000e+00
-0.575 1.425 0.0000e+00
-0.575 1.475 0.0000e+00
-0.575 1.525 0.0000e+00
-0.575 1.575 0.0000e+00
-0.575 1.625 0.0000e+00
-0.575 1.675 0.0000e+00
-0.575 1.725 0.0000e+00
-0.575 1.775 0.0000e+00
-0.575 1.825 0.0000e+00
-0.575 1.875 0.0000e+00
-0.575 1.925 0.0000e+00
-0.575 1.975 0.0000e+00
-0.575 2.025 0.0000e+00
-0.575 2.075 0.0000e+00
-0.575 2.125 0.0000e+00
-0.575 2.175 0.0000e+00
-0.575 2.225 0.0000e+00
-0.575 2.275 0.0000e+00
-0.575 2.325 0.0000e+00
-0.575 2.375 0.0000e+00
-0.575 2.425 0.0000e+00
-0.575 2.475 0.0000e+00
-0.575 2.525 0.0000e+00
-0.575 2.575 0.0000e+00
-0.575 2.625 0.0000e+00
-0.575 2.675 0.0000e+00
-0.575 2.725 0.0000e+00
-0.575 2.775 0.0000e+00
-0.575 2.825 0.0000e+00
-0.575 2.875 0.0000e+00
-0.575 2.925 0.0000e+00
-0.575 2.975 0.0000e+00
-0.575 3.025 0.0000e+00
-0.575 3.075 0.0000e+00
-0.575 3.125 0.0000e+00
-0.575 3.175 0.0000e+00
-0.575 3.225 0.0000e+00
-0.575 3.275 0.0000e+00
-0.575 3.325 0.0000e+00
-0.575 3.375 0.0000e+00
-0.575 3.425 0.0000e+00
-0.575 3.475 0.0000e+00
-0.575 3.525 0.0000e+00
-0.575 3.575 0.0000e+00
-0.575 3.625 0.0000e+00
-0.575 3.675 0.0000e+00
-0.575 3.725 0.0000e+00
-0.575 3.775 0.0000e+00
-0.575 3.825 0.0000e+00
-0.575 3.875 0.0000e+00
-0.575 3.925 0.0000e+00
-0.575 3.975 0.0000e+00
-0.525 -1.975 0.0000e+00
-0.525 -1.925 0.0000e+00
-0.525 -1.875 0.0000e+00
-0.525 -1.825 0.0000e+00
-0.525 -1.775 0.0000e+00
-0.525 -1.725 0.0000e+00
-0.525 -1.675 0.0000e+00
-0.525 -1.625 0.0000e+00
-0.525 -1.575 0.0000e+00
-0.525 -1.525 0.0000e+00
-0.525 -1.475 0.0000e+00
-0.525 -1.425 0.0000e+00
-0.525 -1.375 0.0000e+00
-0.525 -1.325 0.0000e+00
-0.525 -1.275 0.0000e+00
-0.525 -1.225 0.0000e+00
-0.525 -1.175 0.0000e+00
-0.525 -1.125 0.0000e+00
-0.525 -1.075 0.0000e+00
-0.525 -1.025 0.0000e+00
-0.525 -0.975 0.0000e+00
-0.525 -0.925 0.0000e+00
-0.525 -0.875 0.0000e+00
-0.525 -0.825 0.0000e+00
-0.525 -0.775 0.0000e+00
-0.525 -0.725 0.0000e+00
-0.525 -0.675 0.0000e+00
-0.525 -0.625 0.0000e+00
-0.525 -0.575 0.0000e+00
-0.525 -0.525 0.0000e+00
-0.525 -0.475 0.0000e+00
-0.525 -0.425 0.0000e+00
-0.525 -0.375 0.0000e+00
-0.525 -0.325 0.0000e+00
-0.525 -0.275 0.0000e+00
-0.525 -0.225 0.0000e+00
-0.525 -0.175 0.0000e+00
-0.525 -0.125 0.0000e+00
-0.525 -0.075 0.0000e+00
-0.525 -0.025 0.0000e+00
-0.525 0.025 0.0000e+00
-0.525 0.075 0.0000e+00
-0.525 0.125 0.0000e+00
-0.525 0.175 0.0000e+00
-0.525 0.225 0.0000e+00
-0.525 0.275 0.0000e+00
-0.525 0.325 0.0000e+00
-0.525 0.375 0.0000e+00
-0.525 0.425 0.0000e+00
-0.525 0.475 0.0000e+00
-0.525 0.525 0.0000e+00
-0.525 0.575 0.0000e+00
-0.525 0.625 0.0000e+00
-0.525 0.675 0.0000e+00
-0.525 0.725 0.0000e+00
-0.525 0.775 0.0000e+00
-0.525 0.825 0.0000e+00
-0.525 0.875 0.0000e+00
-0.525 0.925 0.0000e+00
-0.525 0.975 0.0000e+00
-0.525 1.025 0.0000e+00
-0.525 1.075 0.0000e+00
-0.525 1.125 0.0000e+00
-0.525 1.175 0.0000e+00
-0.525 1.225 0.0000e+00
-0.525 1.275 0.0000e+00
-0.525 1.325 0.0000e+00
-0.525 1.375 0.0000e+00
-0.525 1.425 0.0000e+00
-0.525 1.475 0.0000e+00
-0.525 1.525 0.0000e+00
-0.525 1.575 0.0000e+00
-0.525 1.625 0.0000e+00
-0.525 1.675 0.0000e+00
-0.525 1.725 0.0000e+00
-0.525 1.775 0.0000e+00
-0.525 1.825 0.0000e+00
-0.525 1.875 0.0000e+00
-0.525 1.925 0.0000e+00
-0.525 1.975 0.0000e+00
-0.525 2.025 0.0000e+00
-0.525 2.075 0.0000e+00
-0.525 2.125 0.0000e+00
-0.525 2.175 0.0000e+00
-0.525 2.225 0.0000e+00
-0.525 2.275 0.0000e+00
-0.525 2.325 0.0000e+00
-0.525 2.375 0.0000e+00
-0.525 2.425 0.0000e+00
-0.525 2.475 0.0000e+00
-0.525 2.525 0.0000e+00
-0.525 2.575 0.0000e+00
-0.525 2.625 0.0000e+00
-0.525 2.675 0.0000e+00
-0.525 2.725 0.0000e+00
-0.525 2.775 0.0000e+00
-0.525 2.825 0.0000e+00
-0.525 2.875 0.0000e+00
-0.525 2.925 0.0000e+00
-0.525 2.975 0.0000e+00
-0.525 3.025 0.0000e+00
-0.525 3.075 0.0000e+00
-0.525 3.125 0.0000e+00
-0.525 3.175 0.0000e+00
-0.525 3.225 0.0000e+00
-0.525 3.275 0.0000e+00
-0.525 3.325 0.0000e+00
-0.525 3.375 0.0000e+00
-0.525 3.425 0.0000e+00
-0.525 3.475 0.0000e+00
-0.525 3.525 0.0000e+00
-0.525 3.575 0.0000e+00
-0.525 3.625 0.0000e+00
-0.525 3.675 0.0000e+00
-0.525 3.725 0.0000e+00
-0.525 3.775 0.0000e+00
-0.525 3.825 0.0000e+00
-0.525 3.875 0.0000e+00
-0.525 3.925 0.0000e+00
-0.525 3.975 0.0000e+00
-0.475 -1.975 0.0000e+00
-0.475 -1.925 0.0000e+00
-0.475 -1.875 0.0000e+00
-0.475 -1.825 0.0000e+00
-0.475 -1.775 0.0000e+00
-0.475 -1.725 0.0000e+00
-0.475 -1.675 0.0000e+00
-0.475 -1.625 0.0000e+00
-0.475 -1.575 0.0000e+00
-0.475 -1.525 0.0000e+00
-0.475 -1.475 0.0000e+00
-0.475 -1.425 0.0000e+00
-0.475 -1.375 0.0000e+00
-0.475 -1.325 0.0000e+00
-0.475 -1.275 0.0000e+00
-0.475 -1.225 0.0000e+00
-0.475 -1.175 0.0000e+00
-0.475 -1.125 0.0000e+00
-0.475 -1.075 0.0000e+00
-0.475 -1.025 0.0000e+00
-0.475 -0.975 0.0000e+00
-0.475 -0.925 0.0000e+00
-0.475 -0.875 0.0000e+00
-0.475 -0.825 0.0000e+00
-0.475 -0.775 0.0000e+00
-0.475 -0.725 0.0000e+00
-0.475 -0.675 0.0000e+00
-0.475 -0.625 0.0000e+00
-0.475 -0.575 0.0000e+00
-0.475 -0.525 0.0000e+00
-0.475 -0.475 0.0000e+00
-0.475 -0.425 0.0000e+00
-0.475 -0.375 0.0000e+00
-0.475 -0.325 0.0000e+00
-0.475 -0.275 0.0000e+00
-0.475 -0.225 0.0000e+00
-0.475 -0.175 0.0000e+00
-0.475 -0.125 0.0000e+00
-0.475 -0.075 0.0000e+00
-0.475 -0.025 0.0000e+00
-0.475 0.025 0.0000e+00
-0.475 0.075 0.0000e+00
-0.475 0.125 0.0000e+00
-0.475 0.175 0.0000e+00
-0.475 0.225 0.0000e+00
-0.475 0.275 0.0000e+00
-0.475 0.325 0.0000e+00
-0.475 0.375 0.0000e+00
-0.475 0.425 0.0000e+00
-0.475 0.475 0.0000e+00
-0.475 0.525 0.0000e+00
-0.475 0.575 0.0000e+00
-0.475 0.625 0.0000e+00
-0.475 0.675 0.0000e+00
-0.475 0.725 0.0000e+00
-0.475 0.775 0.0000e+00
-0.475 0.825 0.0000e+00
-0.475 0.875 0.0000e+00
-0.475 0.925 0.0000e+00
-0.475 0.975 0.0000e+00
-0.475 1.025 0.0000e+00
-0.475 1.075 0.0000e+00
-0.475 1.125 0.0000e+00
-0.475 1.175 0.0000e+00
-0.475 1.225 0.0000e+00
-0.475 1.275 0.0000e+00
-0.475 1.325 0.0000e+00
-0.475 1.375 0.0000e+00
-0.475 1.425 0.0000e+00
-0.475 1.475 0.0000e+00
-0.475 1.525 0.0000e+00
-0.475 1.575 0.0000e+00
-0.475 1.625 0.0000e+00
-0.475 1.675 0.0000e+00
-0.475 1.725 0.0000e+00
-0.475 1.775 0.0000e+00
-0.475 1.825 0.0000e+00
-0.475 1.875 0.0000e+00
-0.475 1.925 0.0000e+00
-0.475 1.975 0.0000e+00
-0.475 2.025 0.0000e+00
-0.475 2.075 0.0000e+00
-0.475 2.125 0.0000e+00
-0.475 2.175 0.0000e+00
-0.475 2.225 0.0000e+00
-0.475 2.275 0.0000e+00
-0.475 2.325 0.0000e+00
-0.475 2.375 0.0000e+00
-0.475 2.425 0.0000e+00
-0.475 2.475 0.0000e+00
-0.475 2.525 0.0000e+00
-0.475 2.575 0.0000e+00
-0.475 2.625 0.0000e+00
-0.475 2.675 0.0000e+00
-0.475 2.725 0.0000e+00
-0.475 2.775 0.0000e+00
-0.475 2.825 0.0000e+00
-0.475 2.875 0.0000e+00
-0.475 2.925 0.0000e+00
-0.475 2.975 0.0000e+00
-0.475 3.025 0.0000e+00
-0.475 3.075 0.0000e+00
-0.475 3.125 0.0000e+00
-0.475 3.175 0.0000e+00
-0.475 3.225 0.0000e+00
-0.475 3.275 0.0000e+00
-0.475 3.325 0.0000e+00
-0.475 3.375 0.0000e+00
-0.475 3.425 0.0000e+00
-0.475 3.475 0.0000e+00
-0.475 3.525 0.0000e+00
-0.475 3.575 0.0000e+00
-0.475 3.625 0.0000e+00
-0.475 3.675 0.0000e+00
-0.475 3.725 0.0000e+00
-0.475 3.775 0.0000e+00
-0.475 3.825 0.0000e+00
-0.475 3.875 0.0000e+00
-0.475 3.925 0.0000e+00
-0.475 3.975 0.0000e+00
-0.425 -1.975 0.0000e+00
-0.425 -1.925 0.0000e+00
-0.425 -1.875 0.0000e+00
-0.425 -1.825 0.0000e+00
-0.425 -1.775 0.0000e+00
-0.425 -1.725 0.0000e+00
-0.425 -1.675 0.0000e+00
-0.425 -1.625 0.0000e+00
-0.425 -1.575 0.0000e+00
-0.425 -1.525 0.0000e+00
-0.425 -1.475 0.0000e+00
-0.425 -1.425 0.0000e+00
-0.425 -1.375 0.0000e+00
-0.425 -1.325 0.0000e+00
-0.425 -1.275 0.0000e+00
-0.425 -1.225 0.0000e+00
-0.425 -1.175 0.0000e+00
-0.425 -1.125 0.0000e+00
-0.425 -1.075 0.0000e+00
-0.425 -1.025 0.0000e+00
-0.425 -0.975 0.0000e+00
-0.425 -0.925 0.0000e+00
-0.425 -0.875 0.0000e+00
-0.425 -0.825 0.0000e+00
-0.425 -0.775 0.0000e+00
-0.425 -0.725 0.0000e+00
-0.425 -0.675 0.0000e+00
-0.425 -0.625 0.0000e+00
-0.425 -0.575 0.0000e+00
-0.425 -0.525 0.0000e+00
-0.425 -0.475 0.0000e+00
-0.425 -0.425 0.0000e+00
-0.425 -0.375 0.0000e+00
-0.425 -0.325 0.0000e+00
-0.425 -0.275 0.0000e+00
-0.425 -0.225 0.0000e+00
-0.425 -0.175 0.0000e+00
-0.425 -0.125 0.0000e+00
-0.425 -0.075 0.0000e+00
-0.425 -0.025 0.0000e+00
-0.425 0.025 0.0000e+00
-0.425 0.075 0.0000e+00
-0.425 0.125 0.0000e+00
-0.425 0.175 0.0000e+00
-0.425 0.225 0.0000e+00
-0.425 0.275 0.0000e+00
-0.425 0.325 0.0000e+00
-0.425 0.375 0.0000e+00
-0.425 0.425 0.0000e+00
-0.425 0.475 0.0000e+00
-0.425 0.525 0.0000e+00
-0.425 0.575 0.0000e+00
-0.425 0.625 0.0000e+00
-0.425 0.675 0.0000e+00
-0.425 0.725 0.0000e+00
-0.425 0.775 0.0000e+00
-0.425 0.825 0.0000e+00
-0.425 0.875 0.0000e+00
-0.425 0.925 0.0000e+00
-0.425 0.975 0.0000e+00
-0.425 1.025 0.0000e+00
-0.425 1.075 0.0000e+00
-0.425 1.125 0.0000e+00
-0.425 1.175 0.0000e+00
-0.425 1.225 0.0000e+00
-0.425 1.275 0.0000e+00
-0.425 1.325 0.0000e+00
-0.425 1.375 0.0000e+00
-0.425 1.425 0.0000e+00
-0.425 1.475 0.0000e+00
-0.425 1.525 0.0000e+00
-0.425 1.575 0.0000e+00
-0.425 1.625 0.0000e+00
-0.425 1.675 0.0000e+00
-0.425 1.725 0.0000e+00
-0.425 1.775 0.0000e+00
-0.425 1.825 0.0000e+00
-0.425 1.875 0.0000e+00
-0.425 1.925 0.0000e+00
-0.425 1.975 0.0000e+00
-0.425 2.025 0.0000e+00
-0.425 2.075 0.0000e+00
-0.425 2.125 0.0000e+00
-0.425 2.175 0.0000e+00
-0.425 2.225 0.0000e+00
-0.425 2.275 0.0000e+00
-0.425 2.325 0.0000e+00
-0.425 2.375 0.0000e+00
-0.425 2.425 0.0000e+00
-0.425 2.475 0.0000e+00
-0.425 2.525 0.0000e+00
-0.425 2.575 0.0000e+00
-0.425 2.625 0.0000e+00
-0.425 2.675 0.0000e+00
-0.425 2.725 0.0000e+00
-0.425 2.775 0.0000e+00
-0.425 2.825 0.0000e+00
-0.425 2.875 0.0000e+00
-0.425 2.925 0.0000e+00
-0.425 2.975 0.0000e+00
-0.425 3.025 0.0000e+00
-0.425 3.075 0.0000e+00
-0.425 3.125 0.0000e+00
-0.425 3.175 0.0000e+00
-0.425 3.225 0.0000e+00
-0.425 3.275 0.0000e+00
-0.425 3.325 0.0000e+00
-0.425 3.375 0.0000e+00
-0.425 3.425 0.0000e+00
-0.425 3.475 0.0000e+00
-0.425 3.525 0.0000e+00
-0.425 3.575 0.0000e+00
-0.425 3.625 0.0000e+00
-0.425 3.675 0.0000e+00
-0.425 3.725 0.0000e+00
-0.425 3.775 0.0000e+00
-0.425 3.825 0.0000e+00
-0.425 3.875 0.0000e+00
-0.425 3.925 0.0000e+00
-0.425 3.975 0.0000e+00
-0.375 -1.975 0.0000e+00
-0.375 -1.925 0.0000e+00
-0.375 -1.875 0.0000e+00
-0.375 -1.825 0.0000e+00
-0.375 -1.775 0.0000e+00
-0.375 -1.725 0.0000e+00
-0.375 -1.675 0.0000e+00
-0.375 -1.625 0.0000e+00
-0.375 -1.575 0.0000e+00
-0.375 -1.525 0.0000e+00
-0.375 -1.475 0.0000e+00
-0.375 -1.425 0.0000e+00
-0.375 -1.375 0.0000e+00
-0.375 -1.325 0.0000e+00
-0.375 -1.275 0.0000e+00
-0.375 -1.225 0.0000e+00
-0.375 -1.175 0.0000e+00
-0.375 -1.125 0.0000e+00
-0.375 -1.075 0.0000e+00
-0.375 -1.025 0.0000e+00
-0.375 -0.975 0.0000e+00
-0.375 -0.925 0.0000e+00
-0.375 -0.875 0.0000e+00
-0.375 -0.825 0.0000e+00
-0.375 -0.775 0.0000e+00
-0.375 -0.725 0.0000e+00
-0.375 -0.675 0.0000e+00
-0.375 -0.625 0.0000e+00
-0.375 -0.575 0.0000e+00
-0.375 -0.525 0.0000e+00
-0.375 -0.475 0.0000e+00
-0.375 -0.425 0.0000e+00
-0.375 -0.375 0.0000e+00
-0.375 -0.325 0.0000e+00
-0.375 -0.275 0.0000e+00
-0.375 -0.225 0.0000e+00
-0.375 -0.175 0.0000e+00
-0.375 -0.125 0.0000e+00
-0.375 -0.075 0.0000e+00
-0.375 -0.025 0.0000e+00
-0.375 0.025 0.0000e+00
-0.375 0.075 0.0000e+00
-0.375 0.125 0.0000e+00
-0.375 0.175 0.0000e+00
-0.375 0.225 0.0000e+00
-0.375 0.275 0.0000e+00
-0.375 0.325 0.0000e+00
-0.375 0.375 0.0000e+00
-0.375 0.425 0.0000e+00
-0.375 0.475 0.0000e+00
-0.375 0.525 0.0000e+00
-0.375 0.575 0.0000e+00
-0.375 0.625 0.0000e+00
-0.375 0.675 0.0000e+00
-0.375 0.725 0.0000e+00
-0.375 0.775 0.0000e+00
-0.375 0.825 0.0000e+00
-0.375 0.875 0.0000e+00
-0.375 0.925 0.0000e+00
-0.375 0.975 0.0000e+00
-0.375 1.025 0.0000e+00
-0.375 1.075 0.0000e+00
-0.375 1.125 0.0000e+00
-0.375 1.175 0.0000e+00
-0.375 1.225 0.0000e+00
-0.375 1.275 0.0000e+00
-0.375 1.325 0.0000e+00
-0.375 1.375 0.0000e+00
-0.375 1.425 0.0000e+00
-0.375 1.475 0.0000e+00
-0.375 1.525 0.0000e+00
-0.375 1.575 0.0000e+00
-0.375 1.625 0.0000e+00
-0.375 1.675 0.0000e+00
-0.375 1.725 0.0000e+00
-0.375 1.775 0.0000e+00
-0.375 1.825 0.0000e+00
-0.375 1.875 0.0000e+00
-0.375 1.925 0.0000e+00
-0.375 1.975 0.0000e+00
-0.375 2.025 0.0000e+00
-0.375 2.075 0.0000e+00
-0.375 2.125 0.0000e+00
-0.375 2.175 0.0000e+00
-0.375 2.225 0.0000e+00
-0.375 2.275 0.0000e+00
-0.375 2.325 0.0000e+00
-0.375 2.375 0.0000e+00
-0.375 2.425 0.0000e+00
-0.375 2.475 0.0000e+00
-0.375 2.525 0.0000e+00
-0.375 2.575 0.0000e+00
-0.375 2.625 0.0000e+00
-0.375 2.675 0.0000e+00
-0.375 2.725 0.0000e+00
-0.375 2.775 0.0000e+00
-0.375 2.825 0.0000e+00
-0.375 2.875 0.0000e+00
-0.375 2.925 0.0000e+00
-0.375 2.975 0.0000e+00
-0.375 3.025 0.0000e+00
-0.375 3.075 0.0000e+00
-0.375 3.125 0.0000e+00
-0.375 3.175 0.0000e+00
-0.375 3.225 0.0000e+00
-0.375 3.275 0.0000e+00
-0.375 3.325 0.0000e+00
-0.375 3.375 0.0000e+00
-0.375 3.425 0.0000e+00
-0.375 3.475 0.0000e+00
-0.375 3.525 0.0000e+00
-0.375 3.575 0.0000e+00
-0.375 3.625 0.0000e+00
-0.375 3.675 0.0000e+00
-0.375 3.725 0.0000e+00
-0.375 3.775 0.0000e+00
-0.375 3.825 0.0000e+00
-0.375 3.875 0.0000e+00
-0.375 3.925 0.0000e+00
-0.375 3.975 0.0000e+00
-0.325 -1.975 0.0000e+00
-0.325 -1.925 0.0000e+00
-0.325 -1.875 0.0000e+00
-0.325 -1.825 0.0000e+00
-0.325 -1.775 0.0000e+00
-0.325 -1.725 0.0000e+00
-0.325 -1.675 0.0000e+00
-0.325 -1.625 0.0000e+00
-0.325 -1.575 0.0000e+00
-0.325 -1.525 0.0000e+00
-0.325 -1.475 0.0000e+00
-0.325 -1.425 0.0000e+00
-0.325 -1.375 0.0000e+00
-0.325 -1.325 0.0000e+00
-0.325 -1.275 0.0000e+00
-0.325 -1.225 0.0000e+00
-0.325 -1.175 0.0000e+00
-0.325 -1.125 0.0000e+00
-0.325 -1.075 0.0000e+00
-0.325 -1.025 0.0000e+00
-0.325 -0.975 0.0000e+00
-0.325 -0.925 0.0000e+00
-0.325 -0.875 0.0000e+00
-0.325 -0.825 0.0000e+00
-0.325 -0.775 0.0000e+00
-0.325 -0.725 0.0000e+00
-0.325 -0.675 0.0000e+00
-0.325 -0.625 0.0000e+00
-0.325 -0.575 0.0000e+00
-0.325 -0.525 0.0000e+00
-0.325 -0.475 0.0000e+00
-0.325 -0.425 0.0000e+00
-0.325 -0.375 0.0000e+00
-0.325 -0.325 0.0000e+00
-0.325 -0.275 0.0000e+00
-0.325 -0.225 0.0000e+00
-0.325 -0.175 0.0000e+00
-0.325 -0.125 0.0000e+00
-0.325 -0.075 0.0000e+00
-0.325 -0.025 0.0000e+00
-0.325 0.025 0.0000e+00
-0.325 0.075 0.0000e+00
-0.325 0.125 0.0000e+00
-0.325 0.175 0.0000e+00
-0.325 0.225 0.0000e+00
-0.325 0.275 0.0000e+00
-0.325 0.325 0.0000e+00
-0.325 0.375 0.0000e+00
-0.325 0.425 0.0000e+00
-0.325 0.475 0.0000e+00
-0.325 0.525 0.0000e+00
-0.325 0.575 0.0000e+00
-0.325 0.625 0.0000e+00
-0.325 0.675 0.0000e+00
-0.325 0.725 0.0000e+00
-0.325 0.775 0.0000e+00
-0.325 0.825 0.0000e+00
-0.325 0.875 0.0000e+00
-0.325 0.925 0.0000e+00
-0.325 0.975 0.0000e+00
-0.325 1.025 0.0000e+00
-0.325 1.075 0.0000e+00
-0.325 1.125 0.0000e+00
-0.325 1.175 0.0000e+00
-0.325 1.225 0.0000e+00
-0.325 1.275 0.0000e+00
-0.325 1.325 0.0000e+00
-0.325 1.375 0.0000e+00
-0.325 1.425 0.0000e+00
-0.325 1.475 0.0000e+00
-0.325 1.525 0.0000e+00
-0.325 1.575 0.0000e+00
-0.325 1.625 0.0000e+00
-0.325 1.675 0.0000e+00
-0.325 1.725 0.0000e+00
-0.325 1.775 0.0000e+00
-0.325 1.825 0.0000e+00
-0.325 1.875 0.0000e+00
-0.325 1.925 0.0000e+00
-0.325 1.975 0.0000e+00
-0.325 2.025 0.0000e+00
-0.325 2.075 0.0000e+00
-0.325 2.125 0.0000e+00
-0.325 2.175 0.0000e+00
-0.325 2.225 0.0000e+00
-0.325 2.275 0.0000e+00
-0.325 2.325 0.0000e+00
-0.325 2.375 0.0000e+00
-0.325 2.425 0.0000e+00
-0.325 2.475 0.0000e+00
-0.325 2.525 0.0000e+00
-0.325 2.575 0.0000e+00
-0.325 2.625 0.0000e+00
-0.325 2.675 0.0000e+00
-0.325 2.725 0.0000e+00
-0.325 2.775 0.0000e+00
-0.325 2.825 0.0000e+00
-0.325 2.875 0.0000e+00
-0.325 2.925 0.0000e+00
-0.325 2.975 0.0000e+00
-0.325 3.025 0.0000e+00
-0.325 3.075 0.0000e+00
-0.325 3.125 0.0000e+00
-0.325 3.175 0.0000e+00
-0.325 3.225 0.0000e+00
-0.325 3.275 0.0000e+00
-0.325 3.325 0.0000e+00
-0.325 3.375 0.0000e+00
-0.325 3.425 0.0000e+00
-0.325 3.475 0.0000e+00
-0.325 3.525 0.0000e+00
-0.325 3.575 0.0000e+00
-0.325 3.625 0.0000e+00
-0.325 3.675 0.0000e+00
-0.325 3.725 0.0000e+00
-0.325 3.775 0.0000e+00
-0.325 3.825 0.0000e+00
-0.325 3.875 0.0000e+00
-0.325 3.925 0.0000e+00
-0.325 3.975 0.0000e+00
-0.275 -1.975 0.0000e+00
-0.275 -1.925 0.0000e+00
-0.275 -1.875 0.0000e+00
-0.275 -1.825 0.0000e+00
-0.275 -1.775 0.0000e+00
-0.275 -1.725 0.0000e+00
-0.275 -1.675 0.0000e+00
-0.275 -1.625 0.0000e+00
-0.275 -1.575 0.0000e+00
-0.275 -1.525 0.0000e+00
-0.275 -1.475 0.0000e+00
-0.275 -1.425 0.0000e+00
-0.275 -1.375 0.0000e+00
-0.275 -1.325 0.0000e+00
-0.275 -1.275 0.0000e+00
-0.275 -1.225 0.0000e+00
-0.275 -1.175 0.0000e+00
-0.275 -1.125 0.0000e+00
-0.275 -1.075 0.0000e+00
-0.275 -1.025 0.0000e+00
-0.275 -0.975 0.0000e+00
-0.275 -0.925 0.0000e+00
-0.275 -0.875 0.0000e+00
-0.275 -0.825 0.0000e+00
-0.275 -0.775 0.0000e+00
-0.275 -0.725 0.0000e+00
-0.275 -0.675 0.0000e+00
-0.275 -0.625 0.0000e+00
-0.275 -0.575 0.0000e+00
-0.275 -0.525 0.0000e+00
-0.275 -0.475 0.0000e+00
-0.275 -0.425 0.0000e+00
-0.275 -0.375 0.0000e+00
-0.275 -0.325 0.0000e+00
-0.275 -0.275 0.0000e+00
-0.275 -0.225 0.0000e+00
-0.275 -0.175 0.0000e+00
-0.275 -0.125 0.0000e+00
-0.275 -0.075 0.0000e+00
-0.275 -0.025 0.0000e+00
-0.275 0.025 0.0000e+00
-0.275 0.075 0.0000e+00
-0.275 0.125 0.0000e+00
-0.275 0.175 0.0000e+00
-0.275 0.225 0.0000e+00
-0.275 0.275 0.0000e+00
-0.275 0.325 0.0000e+00
-0.275 0.375 0.0000e+00
-0.275 0.425 0.0000e+00
-0.275 0.475 0.0000e+00
-0.275 0.525 0.0000e+00
-0.275 0.575 0.0000e+00
-0.275 0.625 0.0000e+00
-0.275 0.675 0.0000e+00
-0.275 0.725 0.0000e+00
-0.275 0.775 0.0000e+00
-0.275 0.825 0.0000e+00
-0.275 0.875 0.0000e+00
-0.275 0.925 0.0000e+00
-0.275 0.975 0.0000e+00
-0.275 1.025 0.0000e+00
-0.275 1.075 0.0000e+00
-0.275 1.125 0.0000e+00
-0.275 1.175 0.0000e+00
-0.275 1.225 0.0000e+00
-0.275 1.275 0.0000e+00
-0.275 1.325 0.0000e+00
-0.275 1.375 0.0000e+00
-0.275 1.425 0.0000e+00
-0.275 1.475 0.0000e+00
-0.275 1.525 0.0000e+00
-0.275 1.575 0.0000e+00
-0.275 1.625 0.0000e+00
-0.275 1.675 0.0000e+00
-0.275 1.725 0.0000e+00
-0.275 1.775 0.0000e+00
-0.275 1.825 0.0000e+00
-0.275 1.875 0.0000e+00
-0.275 1.925 0.0000e+00
-0.275 1.975 0.0000e+00
-0.275 2.025 0.0000e+00
-0.275 2.075 0.0000e+00
-0.275 2.125 0.0000e+00
-0.275 2.175 0.0000e+00
-0.275 2.225 0.0000e+00
-0.275 2.275 0.0000e+00
-0.275 2.325 0.0000e+00
-0.275 2.375 0.0000e+00
-0.275 2.425 0.0000e+00
-0.275 2.475 0.0000e+00
-0.275 2.525 0.0000e+00
-0.275 2.575 0.0000e+00
-0.275 2.625 0.0000e+00
-0.275 2.675 0.0000e+00
-0.275 2.725 0.0000e+00
-0.275 2.775 0.0000e+00
-0.275 2.825 0.0000e+00
-0.275 2.875 0.0000e+00
-0.275 2.925 0.0000e+00
-0.275 2.975 0.0000e+00
-0.275 3.025 0.0000e+00
-0.275 3.075 0.0000e+00
-0.275 3.125 0.0000e+00
-0.275 3.175 0.0000e+00
-0.275 3.225 0.0000e+00
-0.275 3.275 0.0000e+00
-0.275 3.325 0.0000e+00
-0.275 3.375 0.0000e+00
-0.275 3.425 0.0000e+00
-0.275 3.475 0.0000e+00
-0.275 3.525 0.0000e+00
-0.275 3.575 0.0000e+00
-0.275 3.625 0.0000e+00
-0.275 3.675 0.0000e+00
-0.275 3.725 0.0000e+00
-0.275 3.775 0.0000e+00
-0.275 3.825 0.0000e+00
-0.275 3.875 0.0000e+00
-0.275 3.925 0.0000e+00
-0.275 3.975 0.0000e+00
-0.225 -1.975 0.0000e+00
-0.225 -1.925 0.0000e+00
-0.225 -1.875 0.0000e+00
-0.225 -1.825 0.0000e+00
-0.225 -1.775 0.0000e+00
-0.225 -1.725 0.0000e+00
-0.225 -1.675 0.0000e+00
-0.225 -1.625 0.0000e+00
-0.225 -1.575 0.0000e+00
-0.225 -1.525 0.0000e+00
-0.225 -1.475 0.0000e+00
-0.225 -1.425 0.0000e+00
-0.225 -1.375 0.0000e+00
-0.225 -1.325 0.0000e+00
-0.225 -1.275 0.0000e+00
-0.225 -1.225 0.0000e+00
-0.225 -1.175 0.0000e+00
-0.225 -1.125 0.0000e+00
-0.225 -1.075 0.0000e+00
-0.225 -1.025 0.0000e+00
-0.225 -0.975 0.0000e+00
-0.225 -0.925 0.0000e+00
-0.225 -0.875 0.0000e+00
-0.225 -0.825 0.0000e+00
-0.225 -0.775 0.0000e+00
-0.225 -0.725 0.0000e+00
-0.225 -0.675 0.0000e+00
-0.225 -0.625 0.0000e+00
-0.225 -0.575 0.0000e+00
-0.225 -0.525 0.0000e+00
-0.225 -0.475 0.0000e+00
-0.225 -0.425 0.0000e+00
-0.225 -0.375 0.0000e+00
-0.225 -0.325 0.0000e+00
-0.225 -0.275 0.0000e+00
-0.225 -0.225 0.0000e+00
-0.225 -0.175 0.0000e+00
-0.225 -0.125 0.0000e+00
-0.225 -0.075 0.0000e+00
-0.225 -0.025 0.0000e+00
-0.225 0.025 0.0000e+00
-0.225 0.075 0.0000e+00
-0.225 0.125 0.0000e+00
-0.225 0.175 0.0000e+00
-0.225 0.225 0.0000e+00
-0.225 0.275 0.0000e+00
-0.225 0.325 0.0000e+00
-0.225 0.375 0.0000e+00
-0.225 0.425 0.0000e+00
-0.225 0.475 0.0000e+00
-0.225 0.525 0.0000e+00
-0.225 0.575 0.0000e+00
-0.225 0.625 0.0000e+00
-0.225 0.675 0.0000e+00
-0.225 0.725 0.0000e+00
-0.225 0.775 0.0000e+00
-0.225 0.825 0.0000e+00
-0.225 0.875 0.0000e+00
-0.225 0.925 0.0000e+00
-0.225 0.975 0.0000e+00
-0.225 1.025 0.0000e+00
-0.225 1.075 0.0000e+00
-0.225 1.125 0.0000e+00
-0.225 1.175 0.0000e+00
-0.225 1.225 0.0000e+00
-0.225 1.275 0.0000e+00
-0.225 1.325 0.0000e+00
-0.225 1.375 0.0000e+00
-0.225 1.425 0.0000e+00
-0.225 1.475 0.0000e+00
-0.225 1.525 0.0000e+00
-0.225 1.575 0.0000e+00
-0.225 1.625 0.0000e+00
-0.225 1.675 0.0000e+00
-0.225 1.725 0.0000e+00
-0.225 1.775 0.0000e+00
-0.225 1.825 0.0000e+00
-0.225 1.875 0.0000e+00
-0.225 1.925 0.0000e+00
-0.225 1.975 0.0000e+00
-0.225 2.025 0.0000e+00
-0.225 2.075 0.0000e+00
-0.225 2.125 0.0000e+00
-0.225 2.175 0.0000e+00
-0.225 2.225 0.0000e+00
-0.225 2.275 0.0000e+00
-0.225 2.325 0.0000e+00
-0.225 2.375 0.0000e+00
-0.225 2.425 0.0000e+00
-0.225 2.475 0.0000e+00
-0.225 2.525 0.0000e+00
-0.225 2.575 0.0000e+00
-0.225 2.625 0.0000e+00
-0.225 2.675 0.0000e+00
-0.225 2.725 0.0000e+00
-0.225 2.775 0.0000e+00
-0.225 2.825 0.0000e+00
-0.225 2.875 0.0000e+00
-0.225 2.925 0.0000e+00
-0.225 2.975 0.0000e+00
-0.225 3.025 0.0000e+00
-0.225 3.075 0.0000e+00
-0.225 3.125 0.0000e+00
-0.225 3.175 0.0000e+00
-0.225 3.225 0.0000e+00
-0.225 3.275 0.0000e+00
-0.225 3.325 0.0000e+00
-0.225 3.375 0.0000e+00
-0.225 3.425 0.0000e+00
-0.225 3.475 0.0000e+00
-0.225 3.525 0.0000e+00
-0.225 3.575 0.0000e+00
-0.225 3.625 0.0000e+00
-0.225 3.675 0.0000e+00
-0.225 3.725 0.0000e+00
-0.225 3.775 0.0000e+00
-0.225 3.825 0.0000e+00
-0.225 3.875 0.0000e+00
-0.225 3.925 0.0000e+00
-0.225 3.975 0.0000e+00
-0.175 -1.975 0.0000e+00
-0.175 -1.925 0.0000e+00
-0.175 -1.875 0.0000e+00
-0.175 -1.825 0.0000e+00
-0.175 -1.775 0.0000e+00
-0.175 -1.725 0.0000e+00
-0.175 -1.675 0.0000e+00
-0.175 -1.625 0.0000e+00
-0.175 -1.575 0.0000e+00
-0.175 -1.525 0.0000e+00
-0.175 -1.475 0.0000e+00
-0.175 -1.425 0.0000e+00
-0.175 -1.375 0.0000e+00
-0.175 -1.325 0.0000e+00
-0.175 -1.275 0.0000e+00
-0.175 -1.225 0.0000e+00
-0.175 -1.175 0.0000e+00
-0.175 -1.125 0.0000e+00
-0.175 -1.075 0.0000e+00
-0.175 -1.025 0.0000e+00
-0.175 -0.975 0.0000e+00
-0.175 -0.925 0.0000e+00
-0.175 -0.875 0.0000e+00
-0.175 -0.825 0.0000e+00
-0.175 -0.775 0.0000e+00
-0.175 -0.725 0.0000e+00
-0.175 -0.675 0.0000e+00
-0.175 -0.625 0.0000e+00
-0.175 -0.575 0.0000e+00
-0.175 -0.525 0.0000e+00
-0.175 -0.475 0.0000e+00
-0.175 -0.425 0.0000e+00
-0.175 -0.375 0.0000e+00
-0.175 -0.325 0.0000e+00
-0.175 -0.275 0.0000e+00
-0.175 -0.225 0.0000e+00
-0.175 -0.175 0.0000e+00
-0.175 -0.125 0.0000e+00
-0.175 -0.075 0.0000e+00
-0.175 -0.025 0.0000e+00
-0.175 0.025 0.0000e+00
-0.175 0.075 0.0000e+00
-0.175 0.125 0.0000e+00
-0.175 0.175 0.0000e+00
-0.175 0.225 0.0000e+00
-0.175 0.275 0.0000e+00
-0.175 0.325 0.0000e+00
-0.175 0.375 0.0000e+00
-0.175 0.425 0.0000e+00
-0.175 0.475 0.0000e+00
-0.175 0.525 0.0000e+00
-0.175 0.575 0.0000e+00
-0.175 0.625 0.0000e+00
-0.175 0.675 0.0000e+00
-0.175 0.725 0.0000e+00
-0.175 0.775 0.0000e+00
-0.175 0.825 0.0000e+00
-0.175 0.875 0.0000e+00
-0.175 0.925 0.0000e+00
-0.175 0.975 0.0000e+00
-0.175 1.025 0.0000e+00
-0.175 1.075 0.0000e+00
-0.175 1.125 0.0000e+00
-0.175 1.175 0.0000e+00
-0.175 1.225 0.0000e+00
-0.175 1.275 0.0000e+00
-0.175 1.325 0.0000e+00
-0.175 1.375 0.0000e+00
-0.175 1.425 0.0000e+00
-0.175 1.475 0.0000e+00
-0.175 1.525 0.0000e+00
-0.175 1.575 0.0000e+00
-0.175 1.625 0.0000e+00
-0.175 1.675 0.0000e+00
-0.175 1.725 0.0000e+00
-0.175 1.775 0.0000e+00
-0.175 1.825 0.0000e+00
-0.175 1.875 0.0000e+00
-0.175 1.925 0.0000e+00
-0.175 1.975 0.0000e+00
-0.175 2.025 0.0000e+00
-0.175 2.075 0.0000e+00
-0.175 2.125 0.0000e+00
-0.175 2.175 0.0000e+00
-0.175 2.225 0.0000e+00
-0.175 2.275 0.0000e+00
-0.175 2.325 0.0000e+00
-0.175 2.375 0.0000e+00
-0.175 2.425 0.0000e+00
-0.175 2.475 0.0000e+00
-0.175 2.525 0.0000e+00
-0.175 2.575 0.0000e+00
-0.175 2.625 0.0000e+00
-0.175 2.675 0.0000e+00
-0.175 2.725 0.0000e+00
-0.175 2.775 0.0000e+00
-0.175 2.825 0.0000e+00
-0.175 2.875 0.0000e+00
-0.175 2.925 0.0000e+00
-0.175 2.975 0.0000e+00
-0.175 3.025 0.0000e+00
-0.175 3.075 0.0000e+00
-0.175 3.125 0.0000e+00
-0.175 3.175 0.0000e+00
-0.175 3.225 0.0000e+00
-0.175 3.275 0.0000e+00
-0.175 3.325 0.0000e+00
-0.175 3.375 0.0000e+00
-0.175 3.425 0.0000e+00
-0.175 3.475 0.0000e+00
-0.175 3.525 0.0000e+00
-0.175 3.575 0.0000e+00
-0.175 3.625 0.0000e+00
-0.175 3.675 0.0000e+00
-0.175 3.725 0.0000e+00
-0.175 3.775 0.0000e+00
-0.175 3.825 0.0000e+00
-0.175 3.875 0.0000e+00
-0.175 3.925 0.0000e+00
-0.175 3.975 0.0000e+00
-0.125 -1.975 0.0000e+00
-0.125 -1.925 0.0000e+00
-0.125 -1.875 0.0000e+00
-0.125 -1.825 0.0000e+00
-0.125 -1.775 0.0000e+00
-0.125 -1.725 0.0000e+00
-0.125 -1.675 0.0000e+00
-0.125 -1.625 0.0000e+00
-0.125 -1.575 0.0000e+00
-0.125 -1.525 0.0000e+00
-0.125 -1.475 0.0000e+00
-0.125 -1.425 0.0000e+00
-0.125 -1.375 0.0000e+00
-0.125 -1.325 0.0000e+00
-0.125 -1.275 0.0000e+00
-0.125 -1.225 0.0000e+00
-0.125 -1.175 0.0000e+00
-0.125 -1.125 0.0000e+00
-0.125 -1.075 0.0000e+00
-0.125 -1.025 0.0000e+00
-0.125 -0.975 0.0000e+00
-0.125 -0.925 0.0000e+00
-0.125 -0.875 0.0000e+00
-0.125 -0.825 0.0000e+00
-0.125 -0.775 0.0000e+00
-0.125 -0.725 0.0000e+00
-0.125 -0.675 0.0000e+00
-0.125 -0.625 0.0000e+00
-0.125 -0.575 0.0000e+00
-0.125 -0.525 0.0000e+00
-0.125 -0.475 0.0000e+00
-0.125 -0.425 0.0000e+00
-0.125 -0.375 0.0000e+00
-0.125 -0.325 0.0000e+00
-0.125 -0.275 0.0000e+00
-0.125 -0.225 0.0000e+00
-0.125 -0.175 0.0000e+00
-0.125 -0.125 0.0000e+00
-0.125 -0.075 0.0000e+00
-0.125 -0.025 0.0000e+00
-0.125 0.025 0.0000e+00
-0.125 0.075 0.0000e+00
-0.125 0.125 0.0000e+00
-0.125 0.175 0.0000e+00
-0.125 0.225 0.0000e+00
-0.125 0.275 0.0000e+00
-0.125 0.325 0.0000e+00
-0.125 0.375 0.0000e+00
-0.125 0.425 0.0000e+00
-0.125 0.475 0.0000e+00
-0.125 0.525 0.0000e+00
-0.125 0.575 0.0000e+00
-0.125 0.625 0.0000e+00
-0.125 0.675 0.0000e+00
-0.125 0.725 0.0000e+00
-0.125 0.775 0.0000e+00
-0.125 0.825 0.0000e+00
-0.125 0.875 0.0000e+00
-0.125 0.925 0.0000e+00
-0.125 0.975 0.0000e+00
-0.125 1.025 0.0000e+00
-0.125 1.075 0.0000e+00
-0.125 1.125 0.0000e+00
-0.125 1.175 0.0000e+00
-0.125 1.225 0.0000e+00
-0.125 1.275 0.0000e+00
-0.125 1.325 0.0000e+00
-0.125 1.375 0.0000e+00
-0.125 1.425 0.0000e+00
-0.125 1.475 0.0000e+00
-0.125 1.525 0.0000e+00
-0.125 1.575 0.0000e+00
-0.125 1.625 0.0000e+00
-0.125 1.675 0.0000e+00
-0.125 1.725 0.0000e+00
-0.125 1.775 0.0000e+00
-0.125 1.825 0.0000e+00
-0.125 1.875 0.0000e+00
-0.125 1.925 0.0000e+00
-0.125 1.975 0.0000e+00
-0.125 2.025 0.0000e+00
-0.125 2.075 0.0000e+00
-0.125 2.125 0.0000e+00
-0.125 2.175 0.0000e+00
-0.125 2.225 0.0000e+00
-0.125 2.275 0.0000e+00
-0.125 2.325 0.0000e+00
-0.125 2.375 0.0000e+00
-0.125 2.425 0.0000e+00
-0.125 2.475 0.0000e+00
-0.125 2.525 0.0000e+00
-0.125 2.575 0.0000e+00
-0.125 2.625 0.0000e+00
-0.125 2.675 0.0000e+00
-0.125 2.725 0.0000e+00
-0.125 2.775 0.0000e+00
-0.125 2.825 0.0000e+00
-0.125 2.875 0.0000e+00
-0.125 2.925 0.0000e+00
-0.125 2.975 0.0000e+00
-0.125 3.025 0.0000e+00
-0.125 3.075 0.0000e+00
-0.125 3.125 0.0000e+00
-0.125 3.175 0.0000e+00
-0.125 3.225 0.0000e+00
-0.125 3.275 0.0000e+00
-0.125 3.325 0.0000e+00
-0.125 3.375 0.0000e+00
-0.125 3.425 0.0000e+00
-0.125 3.475 0.0000e+00
-0.125 3.525 0.0000e+00
-0.125 3.575 0.0000e+00
-0.125 3.625 0.0000e+00
-0.125 3.675 0.0000e+00
-0.125 3.725 0.0000e+00
-0.125 3.775 0.0000e+00
-0.125 3.825 0.0000e+00
-0.125 3.875 0.0000e+00
-0.125 3.925 0.0000e+00
-0.125 3.975 0.0000e+00
-0.075 -1.975 0.0000e+00
-0.075 -1.925 0.0000e+00
-0.075 -1.875 0.0000e+00
-0.075 -1.825 0.0000e+00
-0.075 -1.775 0.0000e+00
-0.075 -1.725 0.0000e+00
-0.075 -1.675 0.0000e+00
-0.075 -1.625 0.0000e+00
-0.075 -1.575 0.0000e+00
-0.075 -1.525 0.0000e+00
-0.075 -1.475 0.0000e+00
-0.075 -1.425 0.0000e+00
-0.075 -1.375 0.0000e+00
-0.075 -1.325 0.0000e+00
-0.075 -1.275 0.0000e+00
-0.075 -1.225 0.0000e+00
-0.075 -1.175 0.0000e+00
-0.075 -1.125 0.0000e+00
-0.075 -1.075 0.0000e+00
-0.075 -1.025 0.0000e+00
-0.075 -0.975 0.0000e+00
-0.075 -0.925 0.0000e+00
-0.075 -0.875 0.0000e+00
-0.075 -0.825 0.0000e+00
-0.075 -0.775 0.0000e+00
-0.075 -0.725 0.0000e+00
-0.075 -0.675 0.0000e+00
-0.075 -0.625 0.0000e+00
-0.075 -0.575 0.0000e+00
-0.075 -0.525 0.0000e+00
-0.075 -0.475 0.0000e+00
-0.075 -0.425 0.0000e+00
-0.075 -0.375 0.0000e+00
-0.075 -0.325 0.0000e+00
-0.075 -0.275 0.0000e+00
-0.075 -0.225 0.0000e+00
-0.075 -0.175 0.0000e+00
-0.075 -0.125 0.0000e+00
-0.075 -0.075 0.0000e+00
-0.075 -0.025 0.0000e+00
-0.075 0.025 0.0000e+00
-0.075 0.075 0.0000e+00
-0.075 0.125 0.0000e+00
-0.075 0.175 0.0000e+00
-0.075 0.225 0.0000e+00
-0.075 0.275 0.0000e+00
-0.075 0.325 0.0000e+00
-0.075 0.375 0.0000e+00
-0.075 0.425 0.0000e+00
-0.075 0.475 0.0000e+00
-0.075 0.525 0.0000e+00
-0.075 0.575 0.0000e+00
-0.075 0.625 0.0000e+00
-0.075 0.675 0.0000e+00
-0.075 0.725 0.0000e+00
-0.075 0.775 0.0000e+00
-0.075 0.825 0.0000e+00
-0.075 0.875 0.0000e+00
-0.075 0.925 0.0000e+00
-0.075 0.975 0.0000e+00
-0.075 1.025 0.0000e+00
-0.075 1.075 0.0000e+00
-0.075 1.125 0.0000e+00
-0.075 1.175 0.0000e+00
-0.075 1.225 0.0000e+00
-0.075 1.275 0.0000e+00
-0.075 1.325 0.0000e+00
-0.075 1.375 0.0000e+00
-0.075 1.425 0.0000e+00
-0.075 1.475 0.0000e+00
-0.075 1.525 0.0000e+00
-0.075 1.575 0.0000e+00
-0.075 1.625 0.0000e+00
-0.075 1.675 0.0000e+00
-0.075 1.725 0.0000e+00
-0.075 1.775 0.0000e+00
-0.075 1.825 0.0000e+00
-0.075 1.875 0.0000e+00
-0.075 1.925 0.0000e+00
-0.075 1.975 0.0000e+00
-0.075 2.025 0.0000e+00
-0.075 2.075 0.0000e+00
-0.075 2.125 0.0000e+00
-0.075 2.175 0.0000e+00
-0.075 2.225 0.0000e+00
-0.075 2.275 0.0000e+00
-0.075 2.325 0.0000e+00
-0.075 2.375 0.0000e+00
-0.075 2.425 0.0000e+00
-0.075 2.475 0.0000e+00
-0.075 2.525 0.0000e+00
-0.075 2.575 0.0000e+00
-0.075 2.625 0.0000e+00
-0.075 2.675 0.0000e+00
-0.075 2.725 0.0000e+00
-0.075 2.775 0.0000e+00
-0.075 2.825 0.0000e+00
-0.075 2.875 0.0000e+00
-0.075 2.925 0.0000e+00
-0.075 2.975 0.0000e+00
-0.075 3.025 0.0000e+00
-0.075 3.075 0.0000e+00
-0.075 3.125 0.0000e+00
-0.075 3.175 0.0000e+00
-0.075 3.225 0.0000e+00
-0.075 3.275 0.0000e+00
-0.075 3.325 0.0000e+00
-0.075 3.375 0.0000e+00
-0.075 3.425 0.0000e+00
-0.075 3.475 0.0000e+00
-0.075 3.525 0.0000e+00
-0.075 3.575 0.0000e+00
-0.075 3.625 0.0000e+00
-0.075 3.675 0.0000e+00
-0.075 3.725 0.0000e+00
-0.075 3.775 0.0000e+00
-0.075 3.825 0.0000e+00
-0.075 3.875 0.0000e+00
-0.075 3.925 0.0000e+00
-0.075 3.975 0.0000e+00
-0.025 -1.975 0.0000e+00
-0.025 -1.925 0.0000e+00
-0.025 -1.875 0.0000e+00
-0.025 -1.825 0.0000e+00
-0.025 -1.775 0.0000e+00
-0.025 -1.725 0.0000e+00
-0.025 -1.675 0.0000e+00
-0.025 -1.625 0.0000e+00
-0.025 -1.575 0.0000e+00
-0.025 -1.525 0.0000e+00
-0.025 -1.475 0.0000e+00
-0.025 -1.425 0.0000e+00
-0.025 -1.375 0.0000e+00
-0.025 -1.325 0.0000e+00
-0.025 -1.275 0.0000e+00
-0.025 -1.225 0.0000e+00
-0.025 -1.175 0.0000e+00
-0.025 -1.125 0.0000e+00
-0.025 -1.075 0.0000e+00
-0.025 -1.025 0.0000e+00
-0.025 -0.975 0.0000e+00
-0.025 -0.925 0.0000e+00
-0.025 -0.875 0.0000e+00
-0.025 -0.825 0.0000e+00
-0.025 -0.775 0.0000e+00
-0.025 -0.725 0.0000e+00
-0.025 -0.675 0.0000e+00
-0.025 -0.625 0.0000e+00
-0.025 -0.575 0.0000e+00
-0.025 -0.525 0.0000e+00
-0.025 -0.475 0.0000e+00
-0.025 -0.425 0.0000e+00
-0.025 -0.375 0.0000e+00
-0.025 -0.325 0.0000e+00
-0.025 -0.275 0.0000e+00
-0.025 -0.225 0.0000e+00
-0.025 -0.175 0.0000e+00
-0.025 -0.125 0.0000e+00
-0.025 -0.075 0.0000e+00
-0.025 -0.025 0.0000e+00
-0.025 0.025 0.0000e+00
-0.025 0.075 0.0000e+00
-0.025 0.125 0.0000e+00
-0.025 0.175 0.0000e+00
-0.025 0.225 0.0000e+00
-0.025 0.275 0.0000e+00
-0.025 0.325 0.0000e+00
-0.025 0.375 0.0000e+00
-0.025 0.425 0.0000e+00
-0.025 0.475 0.0000e+00
-0.025 0.525 0.0000e+00
-0.025 0.575 0.0000e+00
-0.025 0.625 0.0000e+00
-0.025 0.675 0.0000e+00
-0.025 0.725 0.0000e+00
-0.025 0.775 0.0000e+00
-0.025 0.825 0.0000e+00
-0.025 0.875 0.0000e+00
-0.025 0.925 0.0000e+00
-0.025 0.975 0.0000e+00
-0.025 1.025 0.0000e+00
-0.025 1.075 0.0000e+00
-0.025 1.125 0.0000e+00
-0.025 1.175 0.0000e+00
-0.025 1.225 0.0000e+00
-0.025 1.275 0.0000e+00
-0.025 1.325 0.0000e+00
-0.025 1.375 0.0000e+00
-0.025 1.425 0.0000e+00
-0.025 1.475 0.0000e+00
-0.025 1.525 0.0000e+00
-0.025 1.575 0.0000e+00
-0.025 1.625 0.0000e+00
-0.025 1.675 0.0000e+00
-0.025 1.725 0.0000e+00
-0.025 1.775 0.0000e+00
-0.025 1.825 0.0000e+00
-0.025 1.875 0.0000e+00
-0.025 1.925 0.0000e+00
-0.025 1.975 0.0000e+00
-0.025 2.025 0.0000e+00
-0.025 2.075 0.0000e+00
-0.025 2.125 0.0000e+00
-0.025 2.175 0.0000e+00
-0.025 2.225 0.0000e+00
-0.025 2.275 0.0000e+00
-0.025 2.325 0.0000e+00
-0.025 2.375 0.0000e+00
-0.025 2.425 0.0000e+00
-0.025 2.475 0.0000e+00
-0.025 2.525 0.0000e+00
-0.025 2.575 0.0000e+00
-0.025 2.625 0.0000e+00
-0.025 2.675 0.0000e+00
-0.025 2.725 0.0000e+00
-0.025 2.775 0.0000e+00
-0.025 2.825 0.0000e+00
-0.025 2.875 0.0000e+00
-0.025 2.925 0.0000e+00
-0.025 2.975 0.0000e+00
-0.025 3.025 0.0000e+00
-0.025 3.075 0.0000e+00
-0.025 3.125 0.0000e+00
-0.025 3.175 0.0000e+00
-0.025 3.225 0.0000e+00
-0.025 3.275 0.0000e+00
-0.025 3.325 0.0000e+00
-0.025 3.375 0.0000e+00
-0.025 3.425 0.0000e+00
-0.025 3.475 0.0000e+00
-0.025 3.525 0.0000e+00
-0.025 3.575 0.0000e+00
-0.025 3.625 0.0000e+00
-0.025 3.675 0.0000e+00
-0.025 3.725 0.0000e+00
-0.025 3.775 0.0000e+00
-0.025 3.825 0.0000e+00
-0.025 3.875 0.0000e+00
-0.025 3.925 0.0000e+00
-0.025 3.975 0.0000e+00
0.025 -1.975 0.0000e+00
0.025 -1.925 0.0000e+00
0.025 -1.875 0.0000e+00
0.025 -1.825 0.0000e+00
0.025 -1.775 0.0000e+00
0.025 -1.725 0.0000e+00
0.025 -1.675 0.0000e+00
0.025 -1.625 0.0000e+00
0.025 -1.575 0.0000e+00
0.025 -1.525 0.0000e+00
0.025 -1.475 0.0000e+00
0.025 -1.425 0.0000e+00
0.025 -1.375 0.0000e+00
0.025 -1.325 0.0000e+00
0.025 -1.275 0.0000e+00
0.025 -1.225 0.0000e+00
0.025 -1.175 0.0000e+00
0.025 -1.125 0.0000e+00
0.025 -1.075 0.0000e+00
0.025 -1.025 0.0000e+00
0.025 -0.975 0.0000e+00
0.025 -0.925 0.0000e+00
0.025 -0.875 0.0000e+00
0.025 -0.825 0.0000e+00
0.025 -0.775 0.0000e+00
0.025 -0.725 0.0000e+00
0.025 -0.675 0.0000e+00
0.025 -0.625 0.0000e+00
0.025 -0.575 0.0000e+00
0.025 -0.525 0.0000e+00
0.025 -0.475 0.0000e+00
0.025 -0.425 0.0000e+00
0.025 -0.375 0.0000e+00
0.025 -0.325 0.0000e+00
0.025 -0.275 0.0000e+00
0.025 -0.225 0.0000e+00
0.025 -0.175 0.0000e+00
0.025 -0.125 0.0000e+00
0.025 -0.075 0.0000e+00
0.025 -0.025 0.0000e+00
0.025 0.025 0.0000e+00
0.025 0.075 0.0000e+00
0.025 0.125 0.0000e+00
0.025 0.175 0.0000e+00
0.025 0.225 0.0000e+00
0.025 0.275 0.0000e+00
0.025 0.325 0.0000e+00
0.025 0.375 0.0000e+00
0.025 0.425 0.0000e+00
0.025 0.475 0.0000e+00
0.025 0.525 0.0000e+00
0.025 0.575 0.0000e+00
0.025 0.625 0.0000e+00
0.025 0.675 0.0000e+00
0.025 0.725 0.0000e+00
0.025 0.775 0.0000e+00
0.025 0.825 0.0000e+00
0.025 0.875 0.0000e+00
0.025 0.925 0.0000e+00
0.025 0.975 0.0000e+00
0.025 1.025 0.0000e+00
0.025 1.075 0.0000e+00
0.025 1.125 0.0000e+00
0.025 1.175 0.0000e+00
0.025 1.225 0.0000e+00
0.025 1.275 0.0000e+00
0.025 1.325 0.0000e+00
0.025 1.375 0.0000e+00
0.025 1.425 0.0000e+00
0.025 1.475 0.0000e+00
0.025 1.525 0.0000e+00
0.025 1.575 0.0000e+00
0.025 1.625 0.0000e+00
0.025 1.675 0.0000e+00
0.025 1.725 0.0000e+00
0.025 1.775 0.0000e+00
0.025 1.825 0.0000e+00
0.025 1.875 0.0000e+00
0.025 1.925 0.0000e+00
0.025 1.975 0.0000e+00
0.025 2.025 0.0000e+00
0.025 2.075 0.0000e+00
0.025 2.125 0.0000e+00
0.025 2.175 0.0000e+00
0.025 2.225 0.0000e+00
0.025 2.275 0.0000e+00
0.025 2.325 0.0000e+00
0.025 2.375 0.0000e+00
0.025 2.425 0.0000e+00
0.025 2.475 0.0000e+00
0.025 2.525 0.0000e+00
0.025 2.575 0.0000e+00
0.025 2.625 0.0000e+00
0.025 2.675 0.0000e+00
0.025 2.725 0.0000e+00
0.025 2.775 0.0000e+00
0.025 2.825 0.0000e+00
0.025 2.875 0.0000e+00
0.025 2.925 0.0000e+00
0.025 2.975 0.0000e+00
0.025 3.025 0.0000e+00
0.025 3.075 0.0000e+00
0.025 3.125 0.0000e+00
0.025 3.175 0.0000e+00
0.025 3.225 0.0000e+00
0.025 3.275 0.0000e+00
0.025 3.325 0.0000e+00
0.025 3.375 0.0000e+00
0.025 3.425 0.0000e+00
0.025 3.475 0.0000e+00
0.025 3.525 0.0000e+00
0.025 3.575 0.0000e+00
0.025 3.625 0.0000e+00
0.025 3.675 0.0000e+00
0.025 3.725 0.0000e+00
0.025 3.775 0.0000e+00
0.025 3.825 0.0000e+00
0.025 3.875 0.0000e+00
0.025 3.925 0.0000e+00
0.025 3.975 0.0000e+00
0.075 -1.975 0.0000e+00
0.075 -1.925 0.0000e+00
0.075 -1.875 0.0000e+00
0.075 -1.825 0.0000e+00
0.075 -1.775 0.0000e+00
0.075 -1.725 0.0000e+00
0.075 -1.675 0.0000e+00
0.075 -1.625 0.0000e+00
0.075 -1.575 0.0000e+00
0.075 -1.525 0.0000e+00
0.075 -1.475 0.0000e+00
0.075 -1.425 0.0000e+00
0.075 -1.375 0.0000e+00
0.075 -1.325 0.0000e+00
0.075 -1.275 0.0000e+00
0.075 -1.225 0.0000e+00
0.075 -1.175 0.0000e+00
0.075 -1.125 0.0000e+00
0.075 -1.075 0.0000e+00
0.075 -1.025 0.0000e+00
0.075 -0.975 0.0000e+00
0.075 -0.925 0.0000e+00
0.075 -0.875 0.0000e+00
0.075 -0.825 0.0000e+00
0.075 -0.775 0.0000e+00
0.075 -0.725 0.0000e+00
0.075 -0.675 0.0000e+00
0.075 -0.625 0.0000e+00
0.075 -0.575 0.0000e+00
0.075 -0.525 0.0000e+00
0.075 -0.475 0.0000e+00
0.075 -0.425 0.0000e+00
0.075 -0.375 0.0000e+00
0.075 -0.325 0.0000e+00
0.075 -0.275 0.0000e+00
0.075 -0.225 0.0000e+00
0.075 -0.175 0.0000e+00
0.075 -0.125 0.0000e+00
0.075 -0.075 0.0000e+00
0.075 -0.025 0.0000e+00
0.075 0.025 0.0000e+00
0.075 0.075 0.0000e+00
0.075 0.125 0.0000e+00
0.075 0.175 0.0000e+00
0.075 0.225 0.0000e+00
0.075 0.275 0.0000e+00
0.075 0.325 0.0000e+00
0.075 0.375 0.0000e+00
0.075 0.425 0.0000e+00
0.075 0.475 0.0000e+00
0.075 0.525 0.0000e+00
0.075 0.575 0.0000e+00
0.075 0.625 0.0000e+00
0.075 0.675 0.0000e+00
0.075 0.725 0.0000e+00
0.075 0.775 0.0000e+00
0.075 0.825 0.0000e+00
0.075 0.875 0.0000e+00
0.075 0.925 0.0000e+00
0.075 0.975 0.0000e+00
0.075 1.025 0.0000e+00
0.075 1.075 0.0000e+00
0.075 1.125 0.0000e+00
0.075 1.175 0.0000e+00
0.075 1.225 0.0000e+00
0.075 1.275 0.0000e+00
0.075 1.325 0.0000e+00
0.075 1.375 0.0000e+00
0.075 1.425 0.0000e+00
0.075 1.475 0.0000e+00
0.075 1.525 0.0000e+00
0.075 1.575 0.0000e+00
0.075 1.625 0.0000e+00
0.075 1.675 0.0000e+00
0.075 1.725 0.0000e+00
0.075 1.775 0.0000e+00
0.075 1.825 0.0000e+00
0.075 1.875 0.0000e+00
0.075 1.925 0.0000e+00
0.075 1.975 0.0000e+00
0.075 2.025 0.0000e+00
0.075 2.075 0.0000e+00
0.075 2.125 0.0000e+00
0.075 2.175 0.0000e+00
0.075 2.225 0.0000e+00
0.075 2.275 0.0000e+00
0.075 2.325 0.0000e+00
0.075 2.375 0.0000e+00
0.075 2.425 0.0000e+00
0.075 2.475 0.0000e+00
0.075 2.525 0.0000e+00
0.075 2.575 0.0000e+00
0.075 2.625 0.0000e+00
0.075 2.675 0.0000e+00
0.075 2.725 0.0000e+00
0.075 2.775 0.0000e+00
0.075 2.825 0.0000e+00
0.075 2.875 0.0000e+00
0.075 2.925 0.0000e+00
0.075 2.975 0.0000e+00
0.075 3.025 0.0000e+00
0.075 3.075 0.0000e+00
0.075 3.125 0.0000e+00
0.075 3.175 0.0000e+00
0.075 3.225 0.0000e+00
0.075 3.275 0.0000e+00
0.075 3.325 0.0000e+00
0.075 3.375 0.0000e+00
0.075 3.425 0.0000e+00
0.075 3.475 0.0000e+00
0.075 3.525 0.0000e+00
0.075 3.575 0.0000e+00
0.075 3.625 0.0000e+00
0.075 3.675 0.0000e+00
0.075 3.725 0.0000e+00
0.075 3.775 0.0000e+00
0.075 3.825 0.0000e+00
0.075 3.875 0.0000e+00
0.075 3.925 0.0000e+00
0.075 3.975 0.0000e+00
0.125 -1.975 0.0000e+00
0.125 -1.925 0.0000e+00
0.125 -1.875 0.0000e+00
0.125 -1.825 0.0000e+00
0.125 -1.775 0.0000e+00
0.125 -1.725 0.0000e+00
0.125 -1.675 0.0000e+00
0.125 -1.625 0.0000e+00
0.125 -1.575 0.0000e+00
0.125 -1.525 0.0000e+00
0.125 -1.475 0.0000e+00
0.125 -1.425 0.0000e+00
0.125 -1.375 0.0000e+00
0.125 -1.325 0.0000e+00
0.125 -1.275 0.0000e+00
0.125 -1.225 0.0000e+00
0.125 -1.175 0.0000e+00
0.125 -1.125 0.0000e+00
0.125 -1.075 0.0000e+00
0.125 -1.025 0.0000e+00
0.125 -0.975 0.0000e+00
0.125 -0.925 0.0000e+00
0.125 -0.875 0.0000e+00
0.125 -0.825 0.0000e+00
0.125 -0.775 0.0000e+00
0.125 -0.725 0.0000e+00
0.125 -0.675 0.0000e+00
0.125 -0.625 0.0000e+00
0.125 -0.575 0.0000e+00
0.125 -0.525 0.0000e+00
0.125 -0.475 0.0000e+00
0.125 -0.425 0.0000e+00
0.125 -0.375 0.0000e+00
0.125 -0.325 0.0000e+00
0.125 -0.275 0.0000e+00
0.125 -0.225 0.0000e+00
0.125 -0.175 0.0000e+00
0.125 -0.125 0.0000e+00
0.125 -0.075 0.0000e+00
0.125 -0.025 0.0000e+00
0.125 0.025 0.0000e+00
0.125 0.075 0.0000e+00
0.125 0.125 0.0000e+00
0.125 0.175 0.0000e+00
0.125 0.225 0.0000e+00
0.125 0.275 0.0000e+00
0.125 0.325 0.0000e+00
0.125 0.375 0.0000e+00
0.125 0.425 0.0000e+00
0.125 0.475 0.0000e+00
0.125 0.525 0.0000e+00
0.125 0.575 0.0000e+00
0.125 0.625 0.0000e+00
0.125 0.675 0.0000e+00
0.125 0.725 0.0000e+00
0.125 0.775 0.0000e+00
0.125 0.825 0.0000e+00
0.125 0.875 0.0000e+00
0.125 0.925 0.0000e+00
0.125 0.975 0.0000e+00
0.125 1.025 0.0000e+00
0.125 1.075 0.0000e+00
0.125 1.125 0.0000e+00
0.125 1.175 0.0000e+00
0.125 1.225 0.0000e+00
0.125 1.275 0.0000e+00
0.125 1.325 0.0000e+00
0.125 1.375 0.0000e+00
0.125 1.425 0.0000e+00
0.125 1.475 0.0000e+00
0.125 1.525 0.0000e+00
0.125 1.575 0.0000e+00
0.125 1.625 0.0000e+00
0.125 1.675 0.0000e+00
0.125 1.725 0.0000e+00
0.125 1.775 0.0000e+00
0.125 1.825 0.0000e+00
0.125 1.875 0.0000e+00
0.125 1.925 0.0000e+00
0.125 1.975 0.0000e+00
0.125 2.025 0.0000e+00
0.125 2.075 0.0000e+00
0.125 2.125 0.0000e+00
0.125 2.175 0.0000e+00
0.125 2.225 0.0000e+00
0.125 2.275 0.0000e+00
0.125 2.325 0.0000e+00
0.125 2.375 0.0000e+00
0.125 2.425 0.0000e+00
0.125 2.475 0.0000e+00
0.125 2.525 0.0000e+00
0.125 2.575 0.0000e+00
0.125 2.625 0.0000e+00
0.125 2.675 0.0000e+00
0.125 2.725 0.0000e+00
0.125 2.775 0.0000e+00
0.125 2.825 0.0000e+00
0.125 2.875 0.0000e+00
0.125 2.925 0.0000e+00
0.125 2.975 0.0000e+00
0.125 3.025 0.0000e+00
0.125 3.075 0.0000e+00
0.125 3.125 0.0000e+00
0.125 3.175 0.0000e+00
0.125 3.225 0.0000e+00
0.125 3.275 0.0000e+00
0.125 3.325 0.0000e+00
0.125 3.375 0.0000e+00
0.125 3.425 0.0000e+00
0.125 3.475 0.0000e+00
0.125 3.525 0.0000e+00
0.125 3.575 0.0000e+00
0.125 3.625 0.0000e+00
0.125 3.675 0.0000e+00
0.125 3.725 0.0000e+00
0.125 3.775 0.0000e+00
0.125 3.825 0.0000e+00
0.125 3.875 0.0000e+00
0.125 3.925 0.0000e+00
0.125 3.975 0.0000e+00
0.175 -1.975 0.0000e+00
0.175 -1.925 0.0000e+00
0.175 -1.875 0.0000e+00
0.175 -1.825 0.0000e+00
0.175 -1.775 0.0000e+00
0.175 -1.725 0.0000e+00
0.175 -1.675 0.0000e+00
0.175 -1.625 0.0000e+00
0.175 -1.575 0.0000e+00
0.175 -1.525 0.0000e+00
0.175 -1.475 0.0000e+00
0.175 -1.425 0.0000e+00
0.175 -1.375 0.0000e+00
0.175 -1.325 0.0000e+00
0.175 -1.275 0.0000e+00
0.175 -1.225 0.0000e+00
0.175 -1.175 0.0000e+00
0.175 -1.125 0.0000e+00
0.175 -1.075 0.0000e+00
0.175 -1.025 0.0000e+00
0.175 -0.975 0.0000e+00
0.175 -0.925 0.0000e+00
0.175 -0.875 0.0000e+00
0.175 -0.825 0.0000e+00
0.175 -0.775 0.0000e+00
0.175 -0.725 0.0000e+00
0.175 -0.675 0.0000e+00
0.175 -0.625 0.0000e+00
0.175 -0.575 0.0000e+00
0.175 -0.525 0.0000e+00
0.175 -0.475 0.0000e+00
0.175 -0.425 0.0000e+00
0.175 -0.375 0.0000e+00
0.175 -0.325 0.0000e+00
0.175 -0.275 0.0000e+00
0.175 -0.225 0.0000e+00
0.175 -0.175 0.0000e+00
0.175 -0.125 0.0000e+00
0.175 -0.075 0.0000e+00
0.175 -0.025 0.0000e+00
0.175 0.025 0.0000e+00
0.175 0.075 0.0000e+00
0.175 0.125 0.0000e+00
0.175 0.175 0.0000e+00
0.175 0.225 0.0000e+00
0.175 0.275 0.0000e+00
0.175 0.325 0.0000e+00
0.175 0.375 0.0000e+00
0.175 0.425 0.0000e+00
0.175 0.475 0.0000e+00
0.175 0.525 0.0000e+00
0.175 0.575 0.0000e+00
0.175 0.625 0.0000e+00
0.175 0.675 0.0000e+00
0.175 0.725 0.0000e+00
0.175 0.775 0.0000e+00
0.175 0.825 0.0000e+00
0.175 0.875 0.0000e+00
0.175 0.925 0.0000e+00
0.175 0.975 0.0000e+00
0.175 1.025 0.0000e+00
0.175 1.075 0.0000e+00
0.175 1.125 0.0000e+00
0.175 1.175 0.0000e+00
0.175 1.225 0.0000e+00
0.175 1.275 0.0000e+00
0.175 1.325 0.0000e+00
0.175 1.375 0.0000e+00
0.175 1.425 0.0000e+00
0.175 1.475 0.0000e+00
0.175 1.525 0.0000e+00
0.175 1.575 0.0000e+00
0.175 1.625 0.0000e+00
0.175 1.675 0.0000e+00
0.175 1.725 0.0000e+00
0.175 1.775 0.0000e+00
0.175 1.825 0.0000e+00
0.175 1.875 0.0000e+00
0.175 1.925 0.0000e+00
0.175 1.975 0.0000e+00
0.175 2.025 0.0000e+00
0.175 2.075 0.0000e+00
0.175 2.125 0.0000e+00
0.175 2.175 0.0000e+00
0.175 2.225 0.0000e+00
0.175 2.275 0.0000e+00
0.175 2.325 0.0000e+00
0.175 2.375 0.0000e+00
0.175 2.425 0.0000e+00
0.175 2.475 0.0000e+00
0.175 2.525 0.0000e+00
0.175 2.575 0.0000e+00
0.175 2.625 0.0000e+00
0.175 2.675 0.0000e+00
0.175 2.725 0.0000e+00
0.175 2.775 0.0000e+00
0.175 2.825 0.0000e+00
0.175 2.875 0.0000e+00
0.175 2.925 0.0000e+00
0.175 2.975 0.0000e+00
0.175 3.025 0.0000e+00
0.175 3.075 0.0000e+00
0.175 3.125 0.0000e+00
0.175 3.175 0.0000e+00
0.175 3.225 0.0000e+00
0.175 3.275 0.0000e+00
0.175 3.325 0.0000e+00
0.175 3.375 0.0000e+00
0.175 3.425 0.0000e+00
0.175 3.475 0.0000e+00
0.175 3.525 0.0000e+00
0.175 3.575 0.0000e+00
0.175 3.625 0.0000e+00
0.175 3.675 0.0000e+00
0.175 3.725 0.0000e+00
0.175 3.775 0.0000e+00
0.175 3.825 0.0000e+00
0.175 3.875 0.0000e+00
0.175 3.925 0.0000e+00
0.175 3.975 0.0000e+00
